{
"type": "FeatureCollection",
                                                                                                                                  
"features": [
{ "type": "Feature", "properties": { "pm_icon": "AR_7a", "hzs": "7a" }, "geometry": { "type": "MultiPolygon", "coordinates": [ [ [ [ -68.499, -54.766 ], [ -68.533, -54.766 ], [ -68.533, -54.733 ], [ -68.499, -54.733 ], [ -68.499, -54.766 ] ] ], [ [ [ -67.666, -54.733 ], [ -67.699, -54.733 ], [ -67.699, -54.699 ], [ -67.666, -54.699 ], [ -67.633, -54.699 ], [ -67.633, -54.733 ], [ -67.666, -54.733 ] ] ], [ [ [ -67.133, -54.733 ], [ -67.166, -54.733 ], [ -67.166, -54.699 ], [ -67.133, -54.699 ], [ -67.133, -54.733 ] ] ], [ [ [ -68.099, -54.699 ], [ -68.133, -54.699 ], [ -68.133, -54.666 ], [ -68.099, -54.666 ], [ -68.099, -54.699 ] ] ], [ [ [ -72.066, -51.466 ], [ -72.099, -51.466 ], [ -72.099, -51.433 ], [ -72.066, -51.433 ], [ -72.066, -51.466 ] ] ], [ [ [ -72.199, -50.799 ], [ -72.199, -50.833 ], [ -72.233, -50.833 ], [ -72.233, -50.799 ], [ -72.199, -50.799 ] ] ], [ [ [ -72.266, -50.799 ], [ -72.294, -50.799 ], [ -72.295, -50.798 ], [ -72.296, -50.798 ], [ -72.297, -50.797 ], [ -72.297, -50.797 ], [ -72.298, -50.797 ], [ -72.298, -50.796 ], [ -72.299, -50.796 ], [ -72.299, -50.795 ], [ -72.299, -50.794 ], [ -72.300, -50.794 ], [ -72.300, -50.793 ], [ -72.300, -50.792 ], [ -72.300, -50.792 ], [ -72.301, -50.791 ], [ -72.301, -50.791 ], [ -72.302, -50.790 ], [ -72.302, -50.790 ], [ -72.303, -50.789 ], [ -72.305, -50.788 ], [ -72.306, -50.787 ], [ -72.313, -50.783 ], [ -72.314, -50.783 ], [ -72.314, -50.782 ], [ -72.315, -50.782 ], [ -72.299, -50.766 ], [ -72.266, -50.766 ], [ -72.266, -50.799 ] ] ], [ [ [ -73.166, -50.733 ], [ -73.166, -50.766 ], [ -73.166, -50.803 ], [ -73.169, -50.804 ], [ -73.171, -50.804 ], [ -73.178, -50.807 ], [ -73.182, -50.807 ], [ -73.187, -50.808 ], [ -73.191, -50.810 ], [ -73.194, -50.812 ], [ -73.196, -50.815 ], [ -73.200, -50.819 ], [ -73.203, -50.820 ], [ -73.206, -50.821 ], [ -73.209, -50.822 ], [ -73.214, -50.821 ], [ -73.218, -50.820 ], [ -73.221, -50.818 ], [ -73.222, -50.817 ], [ -73.224, -50.817 ], [ -73.230, -50.818 ], [ -73.236, -50.819 ], [ -73.245, -50.822 ], [ -73.255, -50.824 ], [ -73.257, -50.824 ], [ -73.262, -50.824 ], [ -73.266, -50.824 ], [ -73.267, -50.823 ], [ -73.268, -50.822 ], [ -73.268, -50.817 ], [ -73.268, -50.815 ], [ -73.266, -50.811 ], [ -73.267, -50.809 ], [ -73.268, -50.807 ], [ -73.271, -50.805 ], [ -73.275, -50.803 ], [ -73.279, -50.802 ], [ -73.281, -50.800 ], [ -73.282, -50.797 ], [ -73.283, -50.794 ], [ -73.284, -50.790 ], [ -73.284, -50.787 ], [ -73.284, -50.786 ], [ -73.282, -50.784 ], [ -73.279, -50.781 ], [ -73.276, -50.776 ], [ -73.273, -50.770 ], [ -73.272, -50.769 ], [ -73.269, -50.768 ], [ -73.268, -50.767 ], [ -73.268, -50.766 ], [ -73.233, -50.766 ], [ -73.233, -50.733 ], [ -73.199, -50.733 ], [ -73.166, -50.733 ] ] ], [ [ [ -72.333, -50.733 ], [ -72.333, -50.765 ], [ -72.333, -50.764 ], [ -72.334, -50.764 ], [ -72.334, -50.764 ], [ -72.335, -50.763 ], [ -72.337, -50.763 ], [ -72.339, -50.764 ], [ -72.340, -50.764 ], [ -72.340, -50.764 ], [ -72.342, -50.763 ], [ -72.342, -50.763 ], [ -72.343, -50.762 ], [ -72.343, -50.761 ], [ -72.344, -50.761 ], [ -72.345, -50.760 ], [ -72.346, -50.760 ], [ -72.347, -50.761 ], [ -72.348, -50.761 ], [ -72.349, -50.761 ], [ -72.349, -50.760 ], [ -72.350, -50.759 ], [ -72.350, -50.759 ], [ -72.351, -50.758 ], [ -72.351, -50.758 ], [ -72.352, -50.757 ], [ -72.353, -50.756 ], [ -72.353, -50.756 ], [ -72.353, -50.755 ], [ -72.353, -50.754 ], [ -72.353, -50.753 ], [ -72.353, -50.752 ], [ -72.353, -50.751 ], [ -72.353, -50.748 ], [ -72.353, -50.747 ], [ -72.353, -50.745 ], [ -72.354, -50.742 ], [ -72.354, -50.742 ], [ -72.354, -50.741 ], [ -72.354, -50.741 ], [ -72.354, -50.740 ], [ -72.354, -50.740 ], [ -72.354, -50.740 ], [ -72.354, -50.739 ], [ -72.353, -50.739 ], [ -72.353, -50.739 ], [ -72.353, -50.738 ], [ -72.352, -50.738 ], [ -72.352, -50.738 ], [ -72.352, -50.737 ], [ -72.352, -50.736 ], [ -72.352, -50.735 ], [ -72.352, -50.735 ], [ -72.352, -50.734 ], [ -72.352, -50.734 ], [ -72.352, -50.733 ], [ -72.352, -50.733 ], [ -72.352, -50.732 ], [ -72.351, -50.732 ], [ -72.351, -50.731 ], [ -72.351, -50.731 ], [ -72.350, -50.731 ], [ -72.350, -50.730 ], [ -72.350, -50.730 ], [ -72.349, -50.730 ], [ -72.349, -50.729 ], [ -72.348, -50.729 ], [ -72.348, -50.729 ], [ -72.348, -50.729 ], [ -72.347, -50.728 ], [ -72.347, -50.728 ], [ -72.347, -50.728 ], [ -72.347, -50.727 ], [ -72.346, -50.727 ], [ -72.346, -50.726 ], [ -72.346, -50.726 ], [ -72.346, -50.726 ], [ -72.345, -50.726 ], [ -72.343, -50.725 ], [ -72.343, -50.724 ], [ -72.343, -50.724 ], [ -72.342, -50.724 ], [ -72.342, -50.723 ], [ -72.333, -50.733 ] ] ], [ [ [ -72.933, -50.699 ], [ -72.927, -50.705 ], [ -72.928, -50.705 ], [ -72.929, -50.705 ], [ -72.931, -50.704 ], [ -72.931, -50.703 ], [ -72.932, -50.703 ], [ -72.933, -50.703 ], [ -72.935, -50.704 ], [ -72.935, -50.704 ], [ -72.937, -50.704 ], [ -72.939, -50.705 ], [ -72.940, -50.706 ], [ -72.942, -50.707 ], [ -72.943, -50.707 ], [ -72.945, -50.708 ], [ -72.944, -50.708 ], [ -72.943, -50.709 ], [ -72.943, -50.710 ], [ -72.943, -50.711 ], [ -72.944, -50.711 ], [ -72.945, -50.713 ], [ -72.945, -50.713 ], [ -72.945, -50.714 ], [ -72.946, -50.716 ], [ -72.947, -50.717 ], [ -72.949, -50.717 ], [ -72.951, -50.717 ], [ -72.951, -50.718 ], [ -72.952, -50.718 ], [ -72.952, -50.718 ], [ -72.952, -50.719 ], [ -72.952, -50.719 ], [ -72.952, -50.719 ], [ -72.952, -50.720 ], [ -72.951, -50.720 ], [ -72.951, -50.720 ], [ -72.951, -50.720 ], [ -72.950, -50.720 ], [ -72.950, -50.720 ], [ -72.948, -50.721 ], [ -72.948, -50.721 ], [ -72.947, -50.721 ], [ -72.947, -50.721 ], [ -72.946, -50.721 ], [ -72.946, -50.722 ], [ -72.946, -50.722 ], [ -72.945, -50.722 ], [ -72.945, -50.722 ], [ -72.945, -50.723 ], [ -72.944, -50.723 ], [ -72.944, -50.723 ], [ -72.944, -50.723 ], [ -72.943, -50.724 ], [ -72.943, -50.724 ], [ -72.944, -50.725 ], [ -72.944, -50.725 ], [ -72.944, -50.725 ], [ -72.947, -50.726 ], [ -72.947, -50.726 ], [ -72.948, -50.726 ], [ -72.948, -50.727 ], [ -72.948, -50.727 ], [ -72.949, -50.727 ], [ -72.949, -50.728 ], [ -72.949, -50.728 ], [ -72.949, -50.729 ], [ -72.949, -50.729 ], [ -72.949, -50.730 ], [ -72.949, -50.730 ], [ -72.949, -50.731 ], [ -72.949, -50.731 ], [ -72.949, -50.731 ], [ -72.949, -50.732 ], [ -72.950, -50.732 ], [ -72.950, -50.733 ], [ -72.950, -50.733 ], [ -72.950, -50.733 ], [ -72.951, -50.733 ], [ -72.951, -50.734 ], [ -72.951, -50.734 ], [ -72.952, -50.734 ], [ -72.952, -50.734 ], [ -72.953, -50.735 ], [ -72.953, -50.735 ], [ -72.953, -50.735 ], [ -72.954, -50.735 ], [ -72.954, -50.736 ], [ -72.954, -50.736 ], [ -72.955, -50.737 ], [ -72.955, -50.737 ], [ -72.955, -50.738 ], [ -72.955, -50.738 ], [ -72.954, -50.738 ], [ -72.954, -50.739 ], [ -72.954, -50.739 ], [ -72.954, -50.739 ], [ -72.954, -50.739 ], [ -72.954, -50.740 ], [ -72.954, -50.740 ], [ -72.954, -50.740 ], [ -72.954, -50.741 ], [ -72.955, -50.741 ], [ -72.955, -50.741 ], [ -72.956, -50.741 ], [ -72.958, -50.740 ], [ -72.961, -50.739 ], [ -72.963, -50.739 ], [ -72.964, -50.739 ], [ -72.965, -50.739 ], [ -72.965, -50.740 ], [ -72.966, -50.740 ], [ -72.967, -50.740 ], [ -72.967, -50.740 ], [ -72.968, -50.740 ], [ -72.968, -50.741 ], [ -72.969, -50.741 ], [ -72.971, -50.742 ], [ -72.974, -50.743 ], [ -72.977, -50.743 ], [ -72.979, -50.743 ], [ -72.979, -50.743 ], [ -72.979, -50.743 ], [ -72.979, -50.744 ], [ -72.980, -50.744 ], [ -72.980, -50.744 ], [ -72.980, -50.744 ], [ -72.981, -50.744 ], [ -72.981, -50.744 ], [ -72.981, -50.744 ], [ -72.981, -50.744 ], [ -72.982, -50.745 ], [ -72.982, -50.745 ], [ -72.982, -50.746 ], [ -72.982, -50.746 ], [ -72.982, -50.746 ], [ -72.981, -50.747 ], [ -72.981, -50.747 ], [ -72.981, -50.747 ], [ -72.981, -50.748 ], [ -72.981, -50.748 ], [ -72.982, -50.748 ], [ -72.982, -50.749 ], [ -72.982, -50.749 ], [ -72.982, -50.749 ], [ -72.983, -50.750 ], [ -72.983, -50.750 ], [ -72.983, -50.750 ], [ -72.983, -50.750 ], [ -72.984, -50.751 ], [ -72.984, -50.751 ], [ -72.985, -50.751 ], [ -72.985, -50.751 ], [ -72.985, -50.751 ], [ -72.987, -50.751 ], [ -72.990, -50.751 ], [ -72.992, -50.752 ], [ -72.995, -50.752 ], [ -72.997, -50.754 ], [ -72.998, -50.756 ], [ -72.999, -50.758 ], [ -72.999, -50.733 ], [ -72.966, -50.733 ], [ -72.966, -50.699 ], [ -72.933, -50.699 ] ] ], [ [ [ -73.166, -50.733 ], [ -73.166, -50.699 ], [ -73.174, -50.691 ], [ -73.173, -50.691 ], [ -73.171, -50.689 ], [ -73.169, -50.687 ], [ -73.169, -50.685 ], [ -73.170, -50.683 ], [ -73.171, -50.680 ], [ -73.172, -50.678 ], [ -73.172, -50.676 ], [ -73.174, -50.675 ], [ -73.175, -50.675 ], [ -73.166, -50.666 ], [ -73.133, -50.666 ], [ -73.133, -50.699 ], [ -73.133, -50.733 ], [ -73.166, -50.733 ] ] ], [ [ [ -73.133, -50.666 ], [ -73.133, -50.633 ], [ -73.133, -50.599 ], [ -73.166, -50.599 ], [ -73.166, -50.566 ], [ -73.166, -50.533 ], [ -73.133, -50.533 ], [ -73.099, -50.533 ], [ -73.066, -50.533 ], [ -73.066, -50.566 ], [ -73.099, -50.566 ], [ -73.099, -50.599 ], [ -73.066, -50.599 ], [ -73.033, -50.599 ], [ -72.999, -50.599 ], [ -72.999, -50.633 ], [ -73.033, -50.633 ], [ -73.066, -50.633 ], [ -73.066, -50.666 ], [ -73.099, -50.666 ], [ -73.133, -50.666 ] ] ], [ [ [ -73.166, -50.533 ], [ -73.199, -50.533 ], [ -73.199, -50.499 ], [ -73.233, -50.499 ], [ -73.233, -50.466 ], [ -73.199, -50.466 ], [ -73.166, -50.466 ], [ -73.166, -50.499 ], [ -73.166, -50.533 ] ] ], [ [ [ -73.166, -50.466 ], [ -73.166, -50.433 ], [ -73.133, -50.433 ], [ -73.133, -50.466 ], [ -73.166, -50.466 ] ] ], [ [ [ -73.266, -50.399 ], [ -73.266, -50.433 ], [ -73.266, -50.466 ], [ -73.299, -50.466 ], [ -73.299, -50.433 ], [ -73.333, -50.433 ], [ -73.366, -50.433 ], [ -73.399, -50.433 ], [ -73.412, -50.445 ], [ -73.416, -50.444 ], [ -73.421, -50.443 ], [ -73.422, -50.442 ], [ -73.422, -50.441 ], [ -73.420, -50.438 ], [ -73.419, -50.437 ], [ -73.419, -50.434 ], [ -73.419, -50.429 ], [ -73.420, -50.427 ], [ -73.423, -50.427 ], [ -73.424, -50.426 ], [ -73.430, -50.427 ], [ -73.433, -50.426 ], [ -73.437, -50.424 ], [ -73.439, -50.421 ], [ -73.438, -50.417 ], [ -73.439, -50.414 ], [ -73.443, -50.409 ], [ -73.433, -50.399 ], [ -73.399, -50.399 ], [ -73.366, -50.399 ], [ -73.333, -50.399 ], [ -73.299, -50.399 ], [ -73.266, -50.399 ] ] ], [ [ [ -72.199, -50.799 ], [ -72.199, -50.766 ], [ -72.199, -50.733 ], [ -72.233, -50.733 ], [ -72.233, -50.699 ], [ -72.266, -50.699 ], [ -72.299, -50.699 ], [ -72.304, -50.695 ], [ -72.304, -50.694 ], [ -72.303, -50.691 ], [ -72.303, -50.689 ], [ -72.303, -50.688 ], [ -72.303, -50.687 ], [ -72.302, -50.686 ], [ -72.302, -50.685 ], [ -72.302, -50.684 ], [ -72.302, -50.682 ], [ -72.302, -50.681 ], [ -72.301, -50.680 ], [ -72.301, -50.679 ], [ -72.300, -50.678 ], [ -72.300, -50.678 ], [ -72.300, -50.677 ], [ -72.300, -50.677 ], [ -72.300, -50.677 ], [ -72.300, -50.676 ], [ -72.297, -50.675 ], [ -72.297, -50.675 ], [ -72.297, -50.675 ], [ -72.297, -50.675 ], [ -72.296, -50.675 ], [ -72.296, -50.674 ], [ -72.296, -50.674 ], [ -72.296, -50.674 ], [ -72.295, -50.674 ], [ -72.295, -50.674 ], [ -72.295, -50.674 ], [ -72.295, -50.673 ], [ -72.295, -50.673 ], [ -72.294, -50.673 ], [ -72.294, -50.673 ], [ -72.294, -50.672 ], [ -72.294, -50.672 ], [ -72.294, -50.672 ], [ -72.294, -50.671 ], [ -72.294, -50.668 ], [ -72.293, -50.665 ], [ -72.293, -50.664 ], [ -72.293, -50.664 ], [ -72.292, -50.663 ], [ -72.292, -50.663 ], [ -72.292, -50.662 ], [ -72.291, -50.662 ], [ -72.291, -50.661 ], [ -72.290, -50.661 ], [ -72.290, -50.661 ], [ -72.290, -50.660 ], [ -72.290, -50.660 ], [ -72.290, -50.659 ], [ -72.291, -50.659 ], [ -72.292, -50.659 ], [ -72.292, -50.659 ], [ -72.292, -50.659 ], [ -72.293, -50.658 ], [ -72.293, -50.658 ], [ -72.293, -50.658 ], [ -72.293, -50.658 ], [ -72.295, -50.656 ], [ -72.296, -50.656 ], [ -72.297, -50.655 ], [ -72.297, -50.655 ], [ -72.298, -50.654 ], [ -72.299, -50.654 ], [ -72.300, -50.653 ], [ -72.301, -50.653 ], [ -72.302, -50.653 ], [ -72.307, -50.653 ], [ -72.307, -50.652 ], [ -72.308, -50.652 ], [ -72.308, -50.652 ], [ -72.308, -50.652 ], [ -72.309, -50.652 ], [ -72.309, -50.652 ], [ -72.310, -50.652 ], [ -72.311, -50.652 ], [ -72.311, -50.652 ], [ -72.312, -50.652 ], [ -72.312, -50.653 ], [ -72.313, -50.653 ], [ -72.313, -50.653 ], [ -72.314, -50.653 ], [ -72.314, -50.654 ], [ -72.316, -50.654 ], [ -72.320, -50.654 ], [ -72.321, -50.654 ], [ -72.323, -50.654 ], [ -72.324, -50.654 ], [ -72.325, -50.653 ], [ -72.326, -50.653 ], [ -72.328, -50.652 ], [ -72.331, -50.652 ], [ -72.335, -50.652 ], [ -72.337, -50.651 ], [ -72.339, -50.651 ], [ -72.341, -50.651 ], [ -72.342, -50.651 ], [ -72.342, -50.650 ], [ -72.342, -50.650 ], [ -72.342, -50.649 ], [ -72.343, -50.649 ], [ -72.343, -50.648 ], [ -72.343, -50.647 ], [ -72.344, -50.646 ], [ -72.344, -50.645 ], [ -72.345, -50.644 ], [ -72.345, -50.642 ], [ -72.345, -50.640 ], [ -72.345, -50.640 ], [ -72.345, -50.639 ], [ -72.345, -50.638 ], [ -72.345, -50.637 ], [ -72.345, -50.636 ], [ -72.344, -50.636 ], [ -72.344, -50.635 ], [ -72.343, -50.635 ], [ -72.343, -50.634 ], [ -72.344, -50.634 ], [ -72.344, -50.634 ], [ -72.345, -50.634 ], [ -72.346, -50.633 ], [ -72.346, -50.633 ], [ -72.347, -50.632 ], [ -72.347, -50.632 ], [ -72.348, -50.632 ], [ -72.348, -50.631 ], [ -72.348, -50.631 ], [ -72.348, -50.630 ], [ -72.348, -50.629 ], [ -72.348, -50.629 ], [ -72.349, -50.628 ], [ -72.349, -50.628 ], [ -72.348, -50.627 ], [ -72.348, -50.626 ], [ -72.349, -50.626 ], [ -72.350, -50.625 ], [ -72.351, -50.624 ], [ -72.352, -50.623 ], [ -72.352, -50.623 ], [ -72.352, -50.622 ], [ -72.353, -50.621 ], [ -72.353, -50.621 ], [ -72.353, -50.620 ], [ -72.354, -50.620 ], [ -72.357, -50.619 ], [ -72.360, -50.618 ], [ -72.362, -50.617 ], [ -72.362, -50.617 ], [ -72.363, -50.617 ], [ -72.363, -50.616 ], [ -72.363, -50.616 ], [ -72.363, -50.617 ], [ -72.364, -50.617 ], [ -72.364, -50.618 ], [ -72.365, -50.618 ], [ -72.367, -50.618 ], [ -72.368, -50.619 ], [ -72.368, -50.619 ], [ -72.369, -50.619 ], [ -72.370, -50.620 ], [ -72.373, -50.620 ], [ -72.376, -50.622 ], [ -72.379, -50.623 ], [ -72.380, -50.624 ], [ -72.381, -50.624 ], [ -72.382, -50.624 ], [ -72.383, -50.625 ], [ -72.383, -50.625 ], [ -72.384, -50.625 ], [ -72.385, -50.625 ], [ -72.387, -50.626 ], [ -72.387, -50.626 ], [ -72.388, -50.627 ], [ -72.390, -50.628 ], [ -72.391, -50.629 ], [ -72.393, -50.630 ], [ -72.393, -50.630 ], [ -72.394, -50.631 ], [ -72.395, -50.631 ], [ -72.396, -50.631 ], [ -72.397, -50.631 ], [ -72.400, -50.632 ], [ -72.402, -50.634 ], [ -72.403, -50.634 ], [ -72.404, -50.634 ], [ -72.404, -50.635 ], [ -72.407, -50.636 ], [ -72.410, -50.637 ], [ -72.411, -50.637 ], [ -72.412, -50.637 ], [ -72.413, -50.636 ], [ -72.414, -50.636 ], [ -72.414, -50.635 ], [ -72.415, -50.634 ], [ -72.415, -50.633 ], [ -72.416, -50.633 ], [ -72.416, -50.633 ], [ -72.417, -50.632 ], [ -72.417, -50.631 ], [ -72.418, -50.630 ], [ -72.418, -50.628 ], [ -72.417, -50.627 ], [ -72.418, -50.624 ], [ -72.418, -50.623 ], [ -72.419, -50.622 ], [ -72.420, -50.621 ], [ -72.421, -50.621 ], [ -72.423, -50.620 ], [ -72.424, -50.620 ], [ -72.425, -50.620 ], [ -72.427, -50.619 ], [ -72.427, -50.619 ], [ -72.429, -50.618 ], [ -72.430, -50.618 ], [ -72.431, -50.618 ], [ -72.432, -50.618 ], [ -72.434, -50.618 ], [ -72.436, -50.618 ], [ -72.437, -50.618 ], [ -72.439, -50.618 ], [ -72.441, -50.619 ], [ -72.443, -50.619 ], [ -72.443, -50.619 ], [ -72.445, -50.618 ], [ -72.447, -50.618 ], [ -72.448, -50.618 ], [ -72.449, -50.618 ], [ -72.450, -50.617 ], [ -72.451, -50.618 ], [ -72.452, -50.618 ], [ -72.453, -50.618 ], [ -72.454, -50.618 ], [ -72.455, -50.618 ], [ -72.457, -50.618 ], [ -72.458, -50.618 ], [ -72.460, -50.617 ], [ -72.461, -50.616 ], [ -72.463, -50.616 ], [ -72.466, -50.614 ], [ -72.469, -50.611 ], [ -72.472, -50.610 ], [ -72.476, -50.608 ], [ -72.481, -50.605 ], [ -72.485, -50.603 ], [ -72.486, -50.603 ], [ -72.488, -50.602 ], [ -72.490, -50.602 ], [ -72.492, -50.601 ], [ -72.493, -50.601 ], [ -72.494, -50.601 ], [ -72.495, -50.601 ], [ -72.497, -50.602 ], [ -72.498, -50.603 ], [ -72.499, -50.604 ], [ -72.500, -50.604 ], [ -72.501, -50.605 ], [ -72.502, -50.605 ], [ -72.502, -50.607 ], [ -72.503, -50.608 ], [ -72.503, -50.609 ], [ -72.504, -50.609 ], [ -72.504, -50.610 ], [ -72.506, -50.612 ], [ -72.506, -50.613 ], [ -72.506, -50.613 ], [ -72.507, -50.614 ], [ -72.507, -50.614 ], [ -72.507, -50.615 ], [ -72.508, -50.615 ], [ -72.509, -50.615 ], [ -72.510, -50.615 ], [ -72.511, -50.615 ], [ -72.512, -50.615 ], [ -72.513, -50.616 ], [ -72.513, -50.616 ], [ -72.515, -50.616 ], [ -72.516, -50.616 ], [ -72.517, -50.616 ], [ -72.518, -50.616 ], [ -72.519, -50.616 ], [ -72.520, -50.616 ], [ -72.521, -50.616 ], [ -72.523, -50.617 ], [ -72.523, -50.617 ], [ -72.524, -50.617 ], [ -72.525, -50.618 ], [ -72.526, -50.619 ], [ -72.527, -50.619 ], [ -72.528, -50.620 ], [ -72.529, -50.620 ], [ -72.530, -50.620 ], [ -72.532, -50.620 ], [ -72.534, -50.620 ], [ -72.535, -50.620 ], [ -72.535, -50.620 ], [ -72.536, -50.620 ], [ -72.537, -50.620 ], [ -72.538, -50.620 ], [ -72.540, -50.620 ], [ -72.543, -50.619 ], [ -72.544, -50.619 ], [ -72.545, -50.620 ], [ -72.548, -50.621 ], [ -72.550, -50.622 ], [ -72.552, -50.622 ], [ -72.552, -50.622 ], [ -72.552, -50.622 ], [ -72.552, -50.622 ], [ -72.552, -50.622 ], [ -72.551, -50.623 ], [ -72.551, -50.623 ], [ -72.551, -50.624 ], [ -72.551, -50.624 ], [ -72.551, -50.625 ], [ -72.552, -50.627 ], [ -72.553, -50.628 ], [ -72.553, -50.630 ], [ -72.555, -50.632 ], [ -72.555, -50.633 ], [ -72.556, -50.634 ], [ -72.556, -50.634 ], [ -72.556, -50.635 ], [ -72.556, -50.636 ], [ -72.557, -50.637 ], [ -72.558, -50.639 ], [ -72.559, -50.639 ], [ -72.560, -50.640 ], [ -72.560, -50.641 ], [ -72.560, -50.641 ], [ -72.561, -50.641 ], [ -72.562, -50.642 ], [ -72.563, -50.643 ], [ -72.564, -50.643 ], [ -72.565, -50.644 ], [ -72.566, -50.644 ], [ -72.566, -50.645 ], [ -72.565, -50.645 ], [ -72.565, -50.646 ], [ -72.564, -50.646 ], [ -72.565, -50.647 ], [ -72.565, -50.647 ], [ -72.565, -50.647 ], [ -72.565, -50.648 ], [ -72.566, -50.648 ], [ -72.567, -50.648 ], [ -72.568, -50.648 ], [ -72.569, -50.648 ], [ -72.570, -50.648 ], [ -72.571, -50.648 ], [ -72.571, -50.649 ], [ -72.573, -50.649 ], [ -72.574, -50.649 ], [ -72.575, -50.649 ], [ -72.576, -50.648 ], [ -72.578, -50.648 ], [ -72.579, -50.647 ], [ -72.579, -50.647 ], [ -72.579, -50.648 ], [ -72.578, -50.649 ], [ -72.578, -50.650 ], [ -72.578, -50.651 ], [ -72.578, -50.652 ], [ -72.578, -50.653 ], [ -72.579, -50.654 ], [ -72.580, -50.654 ], [ -72.580, -50.655 ], [ -72.581, -50.656 ], [ -72.583, -50.656 ], [ -72.583, -50.656 ], [ -72.583, -50.657 ], [ -72.583, -50.658 ], [ -72.583, -50.658 ], [ -72.583, -50.659 ], [ -72.583, -50.659 ], [ -72.582, -50.660 ], [ -72.583, -50.661 ], [ -72.583, -50.661 ], [ -72.583, -50.662 ], [ -72.584, -50.662 ], [ -72.585, -50.663 ], [ -72.585, -50.664 ], [ -72.585, -50.666 ], [ -72.585, -50.669 ], [ -72.585, -50.670 ], [ -72.584, -50.671 ], [ -72.584, -50.672 ], [ -72.583, -50.674 ], [ -72.581, -50.677 ], [ -72.579, -50.679 ], [ -72.579, -50.679 ], [ -72.579, -50.680 ], [ -72.579, -50.680 ], [ -72.579, -50.680 ], [ -72.580, -50.680 ], [ -72.581, -50.680 ], [ -72.583, -50.681 ], [ -72.583, -50.681 ], [ -72.584, -50.681 ], [ -72.586, -50.682 ], [ -72.587, -50.682 ], [ -72.587, -50.682 ], [ -72.588, -50.683 ], [ -72.590, -50.682 ], [ -72.591, -50.682 ], [ -72.591, -50.682 ], [ -72.592, -50.682 ], [ -72.592, -50.681 ], [ -72.593, -50.681 ], [ -72.594, -50.682 ], [ -72.595, -50.682 ], [ -72.595, -50.682 ], [ -72.596, -50.683 ], [ -72.598, -50.683 ], [ -72.599, -50.683 ], [ -72.602, -50.682 ], [ -72.605, -50.680 ], [ -72.606, -50.678 ], [ -72.606, -50.677 ], [ -72.607, -50.676 ], [ -72.608, -50.676 ], [ -72.609, -50.676 ], [ -72.611, -50.676 ], [ -72.612, -50.676 ], [ -72.615, -50.676 ], [ -72.616, -50.676 ], [ -72.617, -50.676 ], [ -72.617, -50.675 ], [ -72.618, -50.675 ], [ -72.618, -50.675 ], [ -72.618, -50.674 ], [ -72.618, -50.673 ], [ -72.618, -50.673 ], [ -72.618, -50.672 ], [ -72.618, -50.672 ], [ -72.618, -50.671 ], [ -72.618, -50.671 ], [ -72.618, -50.670 ], [ -72.618, -50.669 ], [ -72.617, -50.668 ], [ -72.617, -50.668 ], [ -72.617, -50.667 ], [ -72.617, -50.666 ], [ -72.617, -50.666 ], [ -72.618, -50.665 ], [ -72.619, -50.665 ], [ -72.620, -50.664 ], [ -72.622, -50.664 ], [ -72.622, -50.663 ], [ -72.623, -50.663 ], [ -72.625, -50.661 ], [ -72.627, -50.660 ], [ -72.627, -50.659 ], [ -72.627, -50.659 ], [ -72.627, -50.658 ], [ -72.628, -50.658 ], [ -72.628, -50.658 ], [ -72.629, -50.657 ], [ -72.631, -50.657 ], [ -72.632, -50.657 ], [ -72.633, -50.658 ], [ -72.634, -50.658 ], [ -72.636, -50.658 ], [ -72.636, -50.658 ], [ -72.637, -50.659 ], [ -72.637, -50.659 ], [ -72.638, -50.658 ], [ -72.640, -50.657 ], [ -72.641, -50.656 ], [ -72.642, -50.657 ], [ -72.643, -50.656 ], [ -72.644, -50.655 ], [ -72.645, -50.655 ], [ -72.646, -50.655 ], [ -72.647, -50.655 ], [ -72.647, -50.655 ], [ -72.648, -50.656 ], [ -72.649, -50.656 ], [ -72.650, -50.657 ], [ -72.650, -50.657 ], [ -72.650, -50.658 ], [ -72.651, -50.658 ], [ -72.652, -50.658 ], [ -72.653, -50.659 ], [ -72.653, -50.659 ], [ -72.654, -50.659 ], [ -72.654, -50.660 ], [ -72.654, -50.661 ], [ -72.654, -50.662 ], [ -72.654, -50.662 ], [ -72.655, -50.663 ], [ -72.655, -50.664 ], [ -72.656, -50.665 ], [ -72.658, -50.665 ], [ -72.659, -50.665 ], [ -72.661, -50.664 ], [ -72.662, -50.664 ], [ -72.663, -50.663 ], [ -72.664, -50.662 ], [ -72.664, -50.662 ], [ -72.665, -50.661 ], [ -72.666, -50.661 ], [ -72.666, -50.661 ], [ -72.667, -50.661 ], [ -72.668, -50.661 ], [ -72.669, -50.661 ], [ -72.669, -50.661 ], [ -72.670, -50.661 ], [ -72.672, -50.661 ], [ -72.672, -50.660 ], [ -72.674, -50.658 ], [ -72.675, -50.658 ], [ -72.677, -50.656 ], [ -72.677, -50.656 ], [ -72.679, -50.654 ], [ -72.679, -50.654 ], [ -72.680, -50.653 ], [ -72.680, -50.652 ], [ -72.681, -50.650 ], [ -72.682, -50.649 ], [ -72.682, -50.648 ], [ -72.682, -50.647 ], [ -72.684, -50.646 ], [ -72.684, -50.644 ], [ -72.684, -50.644 ], [ -72.685, -50.643 ], [ -72.685, -50.643 ], [ -72.686, -50.643 ], [ -72.686, -50.643 ], [ -72.689, -50.643 ], [ -72.691, -50.643 ], [ -72.692, -50.643 ], [ -72.693, -50.644 ], [ -72.695, -50.645 ], [ -72.696, -50.645 ], [ -72.697, -50.646 ], [ -72.697, -50.646 ], [ -72.698, -50.647 ], [ -72.699, -50.647 ], [ -72.699, -50.647 ], [ -72.700, -50.647 ], [ -72.703, -50.646 ], [ -72.706, -50.644 ], [ -72.709, -50.642 ], [ -72.712, -50.640 ], [ -72.714, -50.638 ], [ -72.714, -50.638 ], [ -72.715, -50.637 ], [ -72.717, -50.636 ], [ -72.717, -50.636 ], [ -72.718, -50.635 ], [ -72.718, -50.635 ], [ -72.718, -50.634 ], [ -72.719, -50.633 ], [ -72.719, -50.633 ], [ -72.719, -50.632 ], [ -72.720, -50.632 ], [ -72.720, -50.631 ], [ -72.721, -50.631 ], [ -72.722, -50.629 ], [ -72.723, -50.627 ], [ -72.724, -50.627 ], [ -72.725, -50.625 ], [ -72.726, -50.623 ], [ -72.726, -50.621 ], [ -72.726, -50.621 ], [ -72.726, -50.620 ], [ -72.727, -50.620 ], [ -72.727, -50.619 ], [ -72.728, -50.618 ], [ -72.729, -50.618 ], [ -72.730, -50.617 ], [ -72.731, -50.617 ], [ -72.731, -50.616 ], [ -72.731, -50.616 ], [ -72.732, -50.616 ], [ -72.733, -50.616 ], [ -72.734, -50.616 ], [ -72.737, -50.617 ], [ -72.738, -50.618 ], [ -72.738, -50.619 ], [ -72.739, -50.619 ], [ -72.739, -50.620 ], [ -72.740, -50.620 ], [ -72.740, -50.621 ], [ -72.740, -50.622 ], [ -72.741, -50.622 ], [ -72.741, -50.623 ], [ -72.741, -50.623 ], [ -72.741, -50.624 ], [ -72.741, -50.624 ], [ -72.741, -50.624 ], [ -72.741, -50.625 ], [ -72.741, -50.626 ], [ -72.742, -50.626 ], [ -72.743, -50.626 ], [ -72.743, -50.627 ], [ -72.744, -50.628 ], [ -72.744, -50.628 ], [ -72.745, -50.628 ], [ -72.746, -50.628 ], [ -72.747, -50.628 ], [ -72.747, -50.629 ], [ -72.749, -50.629 ], [ -72.749, -50.628 ], [ -72.750, -50.628 ], [ -72.751, -50.628 ], [ -72.751, -50.628 ], [ -72.752, -50.629 ], [ -72.753, -50.630 ], [ -72.753, -50.630 ], [ -72.754, -50.630 ], [ -72.755, -50.630 ], [ -72.756, -50.630 ], [ -72.757, -50.630 ], [ -72.757, -50.630 ], [ -72.758, -50.631 ], [ -72.758, -50.631 ], [ -72.759, -50.631 ], [ -72.760, -50.631 ], [ -72.761, -50.631 ], [ -72.762, -50.631 ], [ -72.763, -50.631 ], [ -72.764, -50.631 ], [ -72.765, -50.630 ], [ -72.766, -50.630 ], [ -72.766, -50.630 ], [ -72.766, -50.599 ], [ -72.799, -50.599 ], [ -72.799, -50.638 ], [ -72.801, -50.639 ], [ -72.802, -50.639 ], [ -72.803, -50.639 ], [ -72.804, -50.639 ], [ -72.805, -50.639 ], [ -72.807, -50.640 ], [ -72.808, -50.640 ], [ -72.808, -50.642 ], [ -72.809, -50.642 ], [ -72.810, -50.644 ], [ -72.811, -50.644 ], [ -72.812, -50.645 ], [ -72.812, -50.646 ], [ -72.814, -50.646 ], [ -72.815, -50.647 ], [ -72.815, -50.647 ], [ -72.817, -50.647 ], [ -72.818, -50.647 ], [ -72.819, -50.647 ], [ -72.819, -50.647 ], [ -72.820, -50.648 ], [ -72.821, -50.648 ], [ -72.821, -50.649 ], [ -72.822, -50.649 ], [ -72.823, -50.650 ], [ -72.824, -50.650 ], [ -72.827, -50.651 ], [ -72.828, -50.652 ], [ -72.830, -50.652 ], [ -72.832, -50.653 ], [ -72.834, -50.653 ], [ -72.834, -50.653 ], [ -72.835, -50.654 ], [ -72.838, -50.654 ], [ -72.841, -50.654 ], [ -72.843, -50.654 ], [ -72.844, -50.654 ], [ -72.845, -50.654 ], [ -72.846, -50.653 ], [ -72.847, -50.653 ], [ -72.848, -50.653 ], [ -72.849, -50.652 ], [ -72.849, -50.652 ], [ -72.849, -50.652 ], [ -72.850, -50.652 ], [ -72.851, -50.652 ], [ -72.853, -50.653 ], [ -72.854, -50.654 ], [ -72.856, -50.655 ], [ -72.857, -50.656 ], [ -72.858, -50.656 ], [ -72.858, -50.657 ], [ -72.860, -50.657 ], [ -72.861, -50.658 ], [ -72.862, -50.658 ], [ -72.862, -50.658 ], [ -72.863, -50.658 ], [ -72.864, -50.658 ], [ -72.864, -50.659 ], [ -72.864, -50.659 ], [ -72.864, -50.660 ], [ -72.865, -50.661 ], [ -72.865, -50.661 ], [ -72.866, -50.663 ], [ -72.866, -50.633 ], [ -72.833, -50.633 ], [ -72.833, -50.599 ], [ -72.833, -50.566 ], [ -72.799, -50.566 ], [ -72.766, -50.566 ], [ -72.733, -50.566 ], [ -72.733, -50.599 ], [ -72.699, -50.599 ], [ -72.666, -50.599 ], [ -72.666, -50.566 ], [ -72.666, -50.533 ], [ -72.633, -50.533 ], [ -72.599, -50.533 ], [ -72.599, -50.499 ], [ -72.566, -50.499 ], [ -72.533, -50.499 ], [ -72.533, -50.466 ], [ -72.499, -50.466 ], [ -72.466, -50.466 ], [ -72.466, -50.499 ], [ -72.433, -50.499 ], [ -72.399, -50.499 ], [ -72.366, -50.499 ], [ -72.366, -50.533 ], [ -72.333, -50.533 ], [ -72.299, -50.533 ], [ -72.266, -50.533 ], [ -72.266, -50.499 ], [ -72.299, -50.499 ], [ -72.333, -50.499 ], [ -72.333, -50.466 ], [ -72.366, -50.466 ], [ -72.366, -50.433 ], [ -72.366, -50.399 ], [ -72.333, -50.399 ], [ -72.299, -50.399 ], [ -72.266, -50.399 ], [ -72.233, -50.399 ], [ -72.233, -50.433 ], [ -72.233, -50.466 ], [ -72.199, -50.466 ], [ -72.199, -50.433 ], [ -72.199, -50.399 ], [ -72.166, -50.399 ], [ -72.133, -50.399 ], [ -72.099, -50.399 ], [ -72.099, -50.433 ], [ -72.066, -50.433 ], [ -72.033, -50.433 ], [ -72.033, -50.466 ], [ -71.999, -50.466 ], [ -71.999, -50.499 ], [ -72.033, -50.499 ], [ -72.066, -50.499 ], [ -72.066, -50.533 ], [ -72.033, -50.533 ], [ -71.999, -50.533 ], [ -71.999, -50.566 ], [ -71.999, -50.599 ], [ -71.999, -50.633 ], [ -71.966, -50.633 ], [ -71.966, -50.666 ], [ -71.933, -50.666 ], [ -71.899, -50.666 ], [ -71.899, -50.699 ], [ -71.899, -50.733 ], [ -71.933, -50.733 ], [ -71.966, -50.733 ], [ -71.999, -50.733 ], [ -71.999, -50.699 ], [ -71.999, -50.666 ], [ -72.033, -50.666 ], [ -72.033, -50.699 ], [ -72.033, -50.733 ], [ -72.066, -50.733 ], [ -72.099, -50.733 ], [ -72.133, -50.733 ], [ -72.133, -50.766 ], [ -72.099, -50.766 ], [ -72.099, -50.799 ], [ -72.133, -50.799 ], [ -72.166, -50.799 ], [ -72.199, -50.799 ] ] ], [ [ [ -73.266, -50.399 ], [ -73.266, -50.366 ], [ -73.233, -50.366 ], [ -73.233, -50.399 ], [ -73.266, -50.399 ] ] ], [ [ [ -73.166, -50.399 ], [ -73.199, -50.399 ], [ -73.199, -50.366 ], [ -73.166, -50.366 ], [ -73.166, -50.399 ] ] ], [ [ [ -73.466, -50.366 ], [ -73.466, -50.391 ], [ -73.466, -50.391 ], [ -73.471, -50.389 ], [ -73.473, -50.388 ], [ -73.479, -50.386 ], [ -73.485, -50.383 ], [ -73.486, -50.382 ], [ -73.486, -50.380 ], [ -73.485, -50.378 ], [ -73.484, -50.375 ], [ -73.483, -50.372 ], [ -73.481, -50.370 ], [ -73.477, -50.367 ], [ -73.474, -50.365 ], [ -73.474, -50.364 ], [ -73.475, -50.363 ], [ -73.474, -50.361 ], [ -73.473, -50.359 ], [ -73.474, -50.358 ], [ -73.466, -50.366 ] ] ], [ [ [ -73.333, -50.366 ], [ -73.366, -50.366 ], [ -73.366, -50.333 ], [ -73.333, -50.333 ], [ -73.333, -50.366 ] ] ], [ [ [ -72.899, -50.333 ], [ -72.899, -50.366 ], [ -72.866, -50.366 ], [ -72.833, -50.366 ], [ -72.833, -50.399 ], [ -72.833, -50.433 ], [ -72.866, -50.433 ], [ -72.866, -50.466 ], [ -72.899, -50.466 ], [ -72.933, -50.466 ], [ -72.933, -50.433 ], [ -72.966, -50.433 ], [ -72.966, -50.466 ], [ -72.999, -50.466 ], [ -72.999, -50.433 ], [ -72.999, -50.399 ], [ -73.033, -50.399 ], [ -73.033, -50.366 ], [ -72.999, -50.366 ], [ -72.966, -50.366 ], [ -72.933, -50.366 ], [ -72.933, -50.333 ], [ -72.899, -50.333 ] ] ], [ [ [ -73.299, -50.299 ], [ -73.333, -50.299 ], [ -73.333, -50.266 ], [ -73.299, -50.266 ], [ -73.299, -50.299 ] ] ], [ [ [ -73.433, -50.233 ], [ -73.433, -50.266 ], [ -73.433, -50.299 ], [ -73.399, -50.299 ], [ -73.399, -50.333 ], [ -73.433, -50.333 ], [ -73.466, -50.333 ], [ -73.472, -50.339 ], [ -73.475, -50.336 ], [ -73.477, -50.334 ], [ -73.477, -50.333 ], [ -73.478, -50.329 ], [ -73.480, -50.325 ], [ -73.483, -50.322 ], [ -73.486, -50.318 ], [ -73.488, -50.318 ], [ -73.497, -50.318 ], [ -73.498, -50.317 ], [ -73.5, -50.315 ], [ -73.501, -50.314 ], [ -73.503, -50.311 ], [ -73.505, -50.309 ], [ -73.507, -50.307 ], [ -73.499, -50.299 ], [ -73.499, -50.266 ], [ -73.466, -50.266 ], [ -73.466, -50.233 ], [ -73.433, -50.233 ] ] ], [ [ [ -73.233, -50.266 ], [ -73.266, -50.266 ], [ -73.266, -50.233 ], [ -73.233, -50.233 ], [ -73.233, -50.266 ] ] ], [ [ [ -73.166, -50.233 ], [ -73.133, -50.233 ], [ -73.099, -50.233 ], [ -73.066, -50.233 ], [ -73.066, -50.266 ], [ -73.033, -50.266 ], [ -73.033, -50.299 ], [ -73.066, -50.299 ], [ -73.099, -50.299 ], [ -73.099, -50.266 ], [ -73.133, -50.266 ], [ -73.166, -50.266 ], [ -73.166, -50.233 ] ] ], [ [ [ -73.166, -50.233 ], [ -73.199, -50.233 ], [ -73.199, -50.199 ], [ -73.166, -50.199 ], [ -73.166, -50.233 ] ] ], [ [ [ -73.433, -50.233 ], [ -73.433, -50.199 ], [ -73.433, -50.166 ], [ -73.466, -50.166 ], [ -73.466, -50.133 ], [ -73.466, -50.099 ], [ -73.433, -50.099 ], [ -73.433, -50.133 ], [ -73.399, -50.133 ], [ -73.366, -50.133 ], [ -73.366, -50.166 ], [ -73.333, -50.166 ], [ -73.333, -50.199 ], [ -73.366, -50.199 ], [ -73.366, -50.233 ], [ -73.399, -50.233 ], [ -73.433, -50.233 ] ] ], [ [ [ -73.366, -50.033 ], [ -73.333, -50.033 ], [ -73.333, -50.066 ], [ -73.366, -50.066 ], [ -73.366, -50.033 ] ] ], [ [ [ -73.033, -50.066 ], [ -73.066, -50.066 ], [ -73.066, -50.033 ], [ -73.033, -50.033 ], [ -73.033, -50.066 ] ] ], [ [ [ -73.366, -50.033 ], [ -73.399, -50.033 ], [ -73.399, -50.066 ], [ -73.433, -50.066 ], [ -73.433, -50.033 ], [ -73.433, -49.999 ], [ -73.433, -49.966 ], [ -73.399, -49.966 ], [ -73.399, -49.999 ], [ -73.366, -49.999 ], [ -73.366, -50.033 ] ] ], [ [ [ -72.466, -49.999 ], [ -72.499, -49.999 ], [ -72.499, -49.966 ], [ -72.466, -49.966 ], [ -72.466, -49.999 ] ] ], [ [ [ -71.299, -49.999 ], [ -71.333, -49.999 ], [ -71.333, -49.966 ], [ -71.333, -49.933 ], [ -71.333, -49.899 ], [ -71.299, -49.899 ], [ -71.266, -49.899 ], [ -71.233, -49.899 ], [ -71.199, -49.899 ], [ -71.166, -49.899 ], [ -71.166, -49.933 ], [ -71.166, -49.966 ], [ -71.199, -49.966 ], [ -71.233, -49.966 ], [ -71.233, -49.999 ], [ -71.266, -49.999 ], [ -71.299, -49.999 ] ] ], [ [ [ -73.399, -49.966 ], [ -73.399, -49.933 ], [ -73.399, -49.899 ], [ -73.399, -49.866 ], [ -73.399, -49.833 ], [ -73.366, -49.833 ], [ -73.366, -49.866 ], [ -73.366, -49.899 ], [ -73.366, -49.933 ], [ -73.366, -49.966 ], [ -73.399, -49.966 ] ] ], [ [ [ -72.333, -49.833 ], [ -72.366, -49.833 ], [ -72.366, -49.799 ], [ -72.333, -49.799 ], [ -72.333, -49.833 ] ] ], [ [ [ -73.166, -49.833 ], [ -73.199, -49.833 ], [ -73.199, -49.789 ], [ -73.166, -49.789 ], [ -73.166, -49.833 ] ] ], [ [ [ -73.366, -49.833 ], [ -73.366, -49.789 ], [ -73.333, -49.789 ], [ -73.333, -49.833 ], [ -73.366, -49.833 ] ] ], [ [ [ -71.666, -49.766 ], [ -71.666, -49.799 ], [ -71.633, -49.799 ], [ -71.633, -49.833 ], [ -71.599, -49.833 ], [ -71.599, -49.866 ], [ -71.599, -49.899 ], [ -71.599, -49.933 ], [ -71.633, -49.933 ], [ -71.633, -49.966 ], [ -71.633, -49.999 ], [ -71.666, -49.999 ], [ -71.699, -49.999 ], [ -71.733, -49.999 ], [ -71.733, -49.966 ], [ -71.766, -49.966 ], [ -71.766, -49.933 ], [ -71.799, -49.933 ], [ -71.833, -49.933 ], [ -71.833, -49.899 ], [ -71.866, -49.899 ], [ -71.866, -49.866 ], [ -71.899, -49.866 ], [ -71.899, -49.833 ], [ -71.899, -49.799 ], [ -71.866, -49.799 ], [ -71.833, -49.799 ], [ -71.833, -49.766 ], [ -71.799, -49.766 ], [ -71.766, -49.766 ], [ -71.733, -49.766 ], [ -71.699, -49.766 ], [ -71.666, -49.766 ] ] ], [ [ [ -72.466, -49.766 ], [ -72.499, -49.766 ], [ -72.499, -49.733 ], [ -72.466, -49.733 ], [ -72.433, -49.733 ], [ -72.433, -49.766 ], [ -72.466, -49.766 ] ] ], [ [ [ -73.033, -50.066 ], [ -72.999, -50.066 ], [ -72.999, -50.099 ], [ -72.966, -50.099 ], [ -72.966, -50.066 ], [ -72.933, -50.066 ], [ -72.933, -50.033 ], [ -72.899, -50.033 ], [ -72.899, -49.999 ], [ -72.866, -49.999 ], [ -72.866, -49.966 ], [ -72.866, -49.933 ], [ -72.899, -49.933 ], [ -72.899, -49.899 ], [ -72.899, -49.866 ], [ -72.933, -49.866 ], [ -72.966, -49.866 ], [ -72.966, -49.899 ], [ -72.999, -49.899 ], [ -72.999, -49.933 ], [ -73.033, -49.933 ], [ -73.033, -49.966 ], [ -73.066, -49.966 ], [ -73.066, -49.933 ], [ -73.066, -49.899 ], [ -73.099, -49.899 ], [ -73.099, -49.866 ], [ -73.133, -49.866 ], [ -73.166, -49.866 ], [ -73.166, -49.833 ], [ -73.133, -49.833 ], [ -73.099, -49.833 ], [ -73.066, -49.833 ], [ -73.066, -49.866 ], [ -73.033, -49.866 ], [ -72.999, -49.866 ], [ -72.999, -49.833 ], [ -72.999, -49.789 ], [ -72.966, -49.789 ], [ -72.966, -49.699 ], [ -72.933, -49.699 ], [ -72.899, -49.699 ], [ -72.866, -49.699 ], [ -72.866, -49.733 ], [ -72.866, -49.766 ], [ -72.833, -49.766 ], [ -72.799, -49.766 ], [ -72.766, -49.766 ], [ -72.766, -49.799 ], [ -72.733, -49.799 ], [ -72.733, -49.833 ], [ -72.699, -49.833 ], [ -72.666, -49.833 ], [ -72.633, -49.833 ], [ -72.599, -49.833 ], [ -72.566, -49.833 ], [ -72.566, -49.866 ], [ -72.566, -49.899 ], [ -72.599, -49.899 ], [ -72.633, -49.899 ], [ -72.666, -49.899 ], [ -72.699, -49.899 ], [ -72.733, -49.899 ], [ -72.766, -49.899 ], [ -72.766, -49.933 ], [ -72.766, -49.966 ], [ -72.733, -49.966 ], [ -72.699, -49.966 ], [ -72.699, -49.933 ], [ -72.666, -49.933 ], [ -72.633, -49.933 ], [ -72.599, -49.933 ], [ -72.599, -49.966 ], [ -72.566, -49.966 ], [ -72.566, -49.933 ], [ -72.533, -49.933 ], [ -72.533, -49.966 ], [ -72.533, -49.999 ], [ -72.533, -50.033 ], [ -72.499, -50.033 ], [ -72.499, -50.066 ], [ -72.499, -50.099 ], [ -72.533, -50.099 ], [ -72.566, -50.099 ], [ -72.599, -50.099 ], [ -72.633, -50.099 ], [ -72.666, -50.099 ], [ -72.666, -50.066 ], [ -72.699, -50.066 ], [ -72.699, -50.033 ], [ -72.733, -50.033 ], [ -72.733, -50.066 ], [ -72.733, -50.099 ], [ -72.733, -50.133 ], [ -72.766, -50.133 ], [ -72.799, -50.133 ], [ -72.799, -50.099 ], [ -72.833, -50.099 ], [ -72.866, -50.099 ], [ -72.866, -50.133 ], [ -72.866, -50.166 ], [ -72.899, -50.166 ], [ -72.933, -50.166 ], [ -72.966, -50.166 ], [ -72.999, -50.166 ], [ -72.999, -50.133 ], [ -73.033, -50.133 ], [ -73.033, -50.099 ], [ -73.033, -50.066 ] ] ], [ [ [ -72.766, -49.733 ], [ -72.799, -49.733 ], [ -72.799, -49.699 ], [ -72.766, -49.699 ], [ -72.766, -49.733 ] ] ], [ [ [ -72.033, -49.566 ], [ -72.066, -49.566 ], [ -72.066, -49.533 ], [ -72.033, -49.533 ], [ -71.999, -49.533 ], [ -71.966, -49.533 ], [ -71.966, -49.566 ], [ -71.999, -49.566 ], [ -72.033, -49.566 ] ] ], [ [ [ -72.766, -49.333 ], [ -72.799, -49.333 ], [ -72.799, -49.299 ], [ -72.766, -49.299 ], [ -72.766, -49.266 ], [ -72.733, -49.266 ], [ -72.733, -49.299 ], [ -72.733, -49.333 ], [ -72.766, -49.333 ] ] ], [ [ [ -72.833, -49.266 ], [ -72.866, -49.266 ], [ -72.866, -49.233 ], [ -72.833, -49.233 ], [ -72.799, -49.233 ], [ -72.799, -49.266 ], [ -72.833, -49.266 ] ] ], [ [ [ -72.699, -49.166 ], [ -72.733, -49.166 ], [ -72.733, -49.133 ], [ -72.699, -49.133 ], [ -72.699, -49.166 ] ] ], [ [ [ -72.566, -49.366 ], [ -72.533, -49.366 ], [ -72.533, -49.399 ], [ -72.499, -49.399 ], [ -72.499, -49.433 ], [ -72.466, -49.433 ], [ -72.466, -49.399 ], [ -72.433, -49.399 ], [ -72.433, -49.366 ], [ -72.399, -49.366 ], [ -72.399, -49.333 ], [ -72.366, -49.333 ], [ -72.366, -49.299 ], [ -72.399, -49.299 ], [ -72.433, -49.299 ], [ -72.433, -49.266 ], [ -72.466, -49.266 ], [ -72.499, -49.266 ], [ -72.533, -49.266 ], [ -72.566, -49.266 ], [ -72.566, -49.233 ], [ -72.599, -49.233 ], [ -72.599, -49.266 ], [ -72.599, -49.299 ], [ -72.599, -49.333 ], [ -72.566, -49.333 ], [ -72.566, -49.366 ], [ -72.599, -49.366 ], [ -72.633, -49.366 ], [ -72.633, -49.399 ], [ -72.666, -49.399 ], [ -72.666, -49.366 ], [ -72.699, -49.366 ], [ -72.699, -49.333 ], [ -72.699, -49.299 ], [ -72.666, -49.299 ], [ -72.666, -49.266 ], [ -72.699, -49.266 ], [ -72.699, -49.233 ], [ -72.733, -49.233 ], [ -72.733, -49.199 ], [ -72.699, -49.199 ], [ -72.666, -49.199 ], [ -72.666, -49.166 ], [ -72.633, -49.166 ], [ -72.633, -49.133 ], [ -72.599, -49.133 ], [ -72.599, -49.166 ], [ -72.566, -49.166 ], [ -72.566, -49.199 ], [ -72.533, -49.199 ], [ -72.533, -49.233 ], [ -72.499, -49.233 ], [ -72.466, -49.233 ], [ -72.433, -49.233 ], [ -72.399, -49.233 ], [ -72.366, -49.233 ], [ -72.333, -49.233 ], [ -72.299, -49.233 ], [ -72.266, -49.233 ], [ -72.233, -49.233 ], [ -72.199, -49.233 ], [ -72.199, -49.266 ], [ -72.166, -49.266 ], [ -72.133, -49.266 ], [ -72.099, -49.266 ], [ -72.099, -49.299 ], [ -72.133, -49.299 ], [ -72.166, -49.299 ], [ -72.166, -49.333 ], [ -72.199, -49.333 ], [ -72.233, -49.333 ], [ -72.233, -49.366 ], [ -72.233, -49.399 ], [ -72.233, -49.433 ], [ -72.266, -49.433 ], [ -72.266, -49.466 ], [ -72.299, -49.466 ], [ -72.299, -49.433 ], [ -72.333, -49.433 ], [ -72.366, -49.433 ], [ -72.399, -49.433 ], [ -72.399, -49.466 ], [ -72.433, -49.466 ], [ -72.466, -49.466 ], [ -72.499, -49.466 ], [ -72.533, -49.466 ], [ -72.533, -49.433 ], [ -72.566, -49.433 ], [ -72.566, -49.399 ], [ -72.566, -49.366 ] ] ], [ [ [ -73.066, -49.133 ], [ -73.066, -49.158 ], [ -73.098, -49.158 ], [ -73.097, -49.155 ], [ -73.108, -49.153 ], [ -73.108, -49.152 ], [ -73.108, -49.152 ], [ -73.108, -49.152 ], [ -73.108, -49.152 ], [ -73.108, -49.151 ], [ -73.108, -49.151 ], [ -73.107, -49.151 ], [ -73.107, -49.150 ], [ -73.107, -49.150 ], [ -73.107, -49.150 ], [ -73.107, -49.149 ], [ -73.107, -49.149 ], [ -73.107, -49.149 ], [ -73.107, -49.149 ], [ -73.107, -49.148 ], [ -73.107, -49.148 ], [ -73.106, -49.148 ], [ -73.106, -49.148 ], [ -73.106, -49.147 ], [ -73.106, -49.147 ], [ -73.105, -49.147 ], [ -73.105, -49.146 ], [ -73.102, -49.144 ], [ -73.101, -49.144 ], [ -73.101, -49.143 ], [ -73.100, -49.143 ], [ -73.099, -49.143 ], [ -73.099, -49.143 ], [ -73.098, -49.142 ], [ -73.097, -49.142 ], [ -73.096, -49.142 ], [ -73.096, -49.142 ], [ -73.095, -49.142 ], [ -73.094, -49.142 ], [ -73.094, -49.142 ], [ -73.094, -49.142 ], [ -73.093, -49.142 ], [ -73.093, -49.142 ], [ -73.093, -49.142 ], [ -73.092, -49.142 ], [ -73.092, -49.142 ], [ -73.088, -49.142 ], [ -73.085, -49.142 ], [ -73.085, -49.142 ], [ -73.084, -49.142 ], [ -73.083, -49.142 ], [ -73.083, -49.142 ], [ -73.082, -49.142 ], [ -73.082, -49.142 ], [ -73.081, -49.142 ], [ -73.080, -49.142 ], [ -73.080, -49.142 ], [ -73.079, -49.141 ], [ -73.079, -49.141 ], [ -73.078, -49.141 ], [ -73.078, -49.141 ], [ -73.078, -49.141 ], [ -73.078, -49.140 ], [ -73.078, -49.140 ], [ -73.078, -49.138 ], [ -73.078, -49.137 ], [ -73.078, -49.136 ], [ -73.078, -49.135 ], [ -73.078, -49.135 ], [ -73.079, -49.135 ], [ -73.079, -49.134 ], [ -73.079, -49.134 ], [ -73.079, -49.133 ], [ -73.079, -49.133 ], [ -73.079, -49.133 ], [ -73.079, -49.132 ], [ -73.079, -49.132 ], [ -73.079, -49.131 ], [ -73.079, -49.131 ], [ -73.079, -49.131 ], [ -73.079, -49.130 ], [ -73.079, -49.130 ], [ -73.076, -49.129 ], [ -73.073, -49.127 ], [ -73.072, -49.127 ], [ -73.066, -49.133 ] ] ], [ [ [ -72.933, -49.199 ], [ -72.966, -49.199 ], [ -72.966, -49.166 ], [ -72.966, -49.158 ], [ -72.966, -49.133 ], [ -72.933, -49.133 ], [ -72.933, -49.099 ], [ -72.899, -49.099 ], [ -72.899, -49.066 ], [ -72.866, -49.066 ], [ -72.866, -49.099 ], [ -72.866, -49.133 ], [ -72.899, -49.133 ], [ -72.899, -49.166 ], [ -72.933, -49.166 ], [ -72.933, -49.199 ] ] ], [ [ [ -72.166, -48.999 ], [ -72.133, -48.999 ], [ -72.133, -49.033 ], [ -72.166, -49.033 ], [ -72.166, -48.999 ] ] ], [ [ [ -72.633, -48.999 ], [ -72.666, -48.999 ], [ -72.666, -48.966 ], [ -72.633, -48.966 ], [ -72.633, -48.999 ] ] ], [ [ [ -72.166, -48.999 ], [ -72.199, -48.999 ], [ -72.199, -48.966 ], [ -72.166, -48.966 ], [ -72.166, -48.999 ] ] ], [ [ [ -72.399, -48.799 ], [ -72.433, -48.799 ], [ -72.433, -48.766 ], [ -72.399, -48.766 ], [ -72.399, -48.799 ] ] ], [ [ [ -72.408, -48.491 ], [ -72.399, -48.499 ], [ -72.399, -48.533 ], [ -72.433, -48.533 ], [ -72.433, -48.505 ], [ -72.432, -48.505 ], [ -72.432, -48.505 ], [ -72.431, -48.504 ], [ -72.431, -48.503 ], [ -72.430, -48.503 ], [ -72.429, -48.502 ], [ -72.429, -48.501 ], [ -72.427, -48.500 ], [ -72.426, -48.498 ], [ -72.425, -48.497 ], [ -72.425, -48.497 ], [ -72.425, -48.496 ], [ -72.424, -48.496 ], [ -72.423, -48.495 ], [ -72.422, -48.496 ], [ -72.421, -48.496 ], [ -72.421, -48.496 ], [ -72.419, -48.496 ], [ -72.415, -48.496 ], [ -72.415, -48.496 ], [ -72.414, -48.496 ], [ -72.413, -48.496 ], [ -72.413, -48.496 ], [ -72.412, -48.496 ], [ -72.412, -48.495 ], [ -72.411, -48.495 ], [ -72.410, -48.495 ], [ -72.410, -48.494 ], [ -72.409, -48.493 ], [ -72.409, -48.492 ], [ -72.408, -48.491 ], [ -72.408, -48.491 ] ] ], [ [ [ -72.333, -48.466 ], [ -72.299, -48.466 ], [ -72.299, -48.499 ], [ -72.299, -48.533 ], [ -72.333, -48.533 ], [ -72.333, -48.499 ], [ -72.333, -48.466 ] ] ], [ [ [ -72.333, -48.466 ], [ -72.366, -48.466 ], [ -72.378, -48.454 ], [ -72.378, -48.454 ], [ -72.373, -48.451 ], [ -72.372, -48.451 ], [ -72.372, -48.450 ], [ -72.372, -48.450 ], [ -72.373, -48.449 ], [ -72.374, -48.449 ], [ -72.376, -48.448 ], [ -72.378, -48.447 ], [ -72.379, -48.447 ], [ -72.380, -48.446 ], [ -72.366, -48.433 ], [ -72.333, -48.433 ], [ -72.333, -48.466 ] ] ], [ [ [ -71.866, -49.099 ], [ -71.833, -49.099 ], [ -71.833, -49.066 ], [ -71.799, -49.066 ], [ -71.799, -49.033 ], [ -71.833, -49.033 ], [ -71.866, -49.033 ], [ -71.866, -49.066 ], [ -71.866, -49.099 ], [ -71.899, -49.099 ], [ -71.933, -49.099 ], [ -71.966, -49.099 ], [ -71.999, -49.099 ], [ -72.033, -49.099 ], [ -72.033, -49.066 ], [ -72.066, -49.066 ], [ -72.099, -49.066 ], [ -72.099, -49.033 ], [ -72.066, -49.033 ], [ -72.066, -48.999 ], [ -72.033, -48.999 ], [ -71.999, -48.999 ], [ -71.999, -48.966 ], [ -71.966, -48.966 ], [ -71.966, -48.933 ], [ -71.966, -48.899 ], [ -71.966, -48.866 ], [ -71.999, -48.866 ], [ -71.999, -48.833 ], [ -71.999, -48.799 ], [ -71.999, -48.766 ], [ -72.033, -48.766 ], [ -72.066, -48.766 ], [ -72.099, -48.766 ], [ -72.133, -48.766 ], [ -72.133, -48.799 ], [ -72.166, -48.799 ], [ -72.166, -48.833 ], [ -72.199, -48.833 ], [ -72.199, -48.866 ], [ -72.199, -48.899 ], [ -72.199, -48.933 ], [ -72.199, -48.966 ], [ -72.233, -48.966 ], [ -72.233, -48.933 ], [ -72.233, -48.899 ], [ -72.233, -48.866 ], [ -72.233, -48.833 ], [ -72.233, -48.799 ], [ -72.199, -48.799 ], [ -72.199, -48.766 ], [ -72.199, -48.733 ], [ -72.233, -48.733 ], [ -72.266, -48.733 ], [ -72.299, -48.733 ], [ -72.299, -48.699 ], [ -72.299, -48.666 ], [ -72.266, -48.666 ], [ -72.233, -48.666 ], [ -72.199, -48.666 ], [ -72.199, -48.633 ], [ -72.166, -48.633 ], [ -72.133, -48.633 ], [ -72.099, -48.633 ], [ -72.066, -48.633 ], [ -72.066, -48.599 ], [ -72.033, -48.599 ], [ -71.999, -48.599 ], [ -71.966, -48.599 ], [ -71.966, -48.566 ], [ -71.933, -48.566 ], [ -71.899, -48.566 ], [ -71.899, -48.533 ], [ -71.899, -48.499 ], [ -71.899, -48.466 ], [ -71.866, -48.466 ], [ -71.866, -48.433 ], [ -71.833, -48.433 ], [ -71.833, -48.466 ], [ -71.799, -48.466 ], [ -71.799, -48.499 ], [ -71.766, -48.499 ], [ -71.766, -48.533 ], [ -71.799, -48.533 ], [ -71.833, -48.533 ], [ -71.866, -48.533 ], [ -71.866, -48.566 ], [ -71.866, -48.599 ], [ -71.866, -48.633 ], [ -71.866, -48.666 ], [ -71.833, -48.666 ], [ -71.799, -48.666 ], [ -71.766, -48.666 ], [ -71.733, -48.666 ], [ -71.699, -48.666 ], [ -71.666, -48.666 ], [ -71.633, -48.666 ], [ -71.599, -48.666 ], [ -71.599, -48.633 ], [ -71.566, -48.633 ], [ -71.566, -48.599 ], [ -71.566, -48.566 ], [ -71.566, -48.533 ], [ -71.566, -48.499 ], [ -71.599, -48.499 ], [ -71.633, -48.499 ], [ -71.666, -48.499 ], [ -71.699, -48.499 ], [ -71.733, -48.499 ], [ -71.766, -48.499 ], [ -71.766, -48.466 ], [ -71.733, -48.466 ], [ -71.733, -48.433 ], [ -71.699, -48.433 ], [ -71.699, -48.399 ], [ -71.666, -48.399 ], [ -71.633, -48.399 ], [ -71.599, -48.399 ], [ -71.599, -48.366 ], [ -71.566, -48.366 ], [ -71.566, -48.333 ], [ -71.533, -48.333 ], [ -71.533, -48.299 ], [ -71.499, -48.299 ], [ -71.466, -48.299 ], [ -71.433, -48.299 ], [ -71.433, -48.333 ], [ -71.433, -48.366 ], [ -71.466, -48.366 ], [ -71.466, -48.399 ], [ -71.466, -48.433 ], [ -71.433, -48.433 ], [ -71.399, -48.433 ], [ -71.399, -48.466 ], [ -71.399, -48.499 ], [ -71.366, -48.499 ], [ -71.333, -48.499 ], [ -71.299, -48.499 ], [ -71.299, -48.466 ], [ -71.266, -48.466 ], [ -71.233, -48.466 ], [ -71.199, -48.466 ], [ -71.166, -48.466 ], [ -71.133, -48.466 ], [ -71.133, -48.499 ], [ -71.133, -48.533 ], [ -71.166, -48.533 ], [ -71.199, -48.533 ], [ -71.233, -48.533 ], [ -71.266, -48.533 ], [ -71.266, -48.566 ], [ -71.299, -48.566 ], [ -71.299, -48.599 ], [ -71.299, -48.633 ], [ -71.266, -48.633 ], [ -71.266, -48.666 ], [ -71.299, -48.666 ], [ -71.333, -48.666 ], [ -71.333, -48.699 ], [ -71.366, -48.699 ], [ -71.399, -48.699 ], [ -71.433, -48.699 ], [ -71.433, -48.733 ], [ -71.433, -48.766 ], [ -71.433, -48.799 ], [ -71.433, -48.833 ], [ -71.466, -48.833 ], [ -71.466, -48.866 ], [ -71.499, -48.866 ], [ -71.499, -48.833 ], [ -71.499, -48.799 ], [ -71.533, -48.799 ], [ -71.533, -48.766 ], [ -71.533, -48.733 ], [ -71.566, -48.733 ], [ -71.566, -48.766 ], [ -71.599, -48.766 ], [ -71.599, -48.799 ], [ -71.633, -48.799 ], [ -71.633, -48.766 ], [ -71.666, -48.766 ], [ -71.699, -48.766 ], [ -71.699, -48.733 ], [ -71.733, -48.733 ], [ -71.733, -48.699 ], [ -71.766, -48.699 ], [ -71.766, -48.733 ], [ -71.766, -48.766 ], [ -71.799, -48.766 ], [ -71.799, -48.799 ], [ -71.799, -48.833 ], [ -71.799, -48.866 ], [ -71.799, -48.899 ], [ -71.799, -48.933 ], [ -71.766, -48.933 ], [ -71.766, -48.966 ], [ -71.733, -48.966 ], [ -71.699, -48.966 ], [ -71.699, -48.999 ], [ -71.666, -48.999 ], [ -71.666, -49.033 ], [ -71.633, -49.033 ], [ -71.599, -49.033 ], [ -71.599, -49.066 ], [ -71.599, -49.099 ], [ -71.599, -49.133 ], [ -71.633, -49.133 ], [ -71.633, -49.166 ], [ -71.666, -49.166 ], [ -71.699, -49.166 ], [ -71.733, -49.166 ], [ -71.766, -49.166 ], [ -71.799, -49.166 ], [ -71.799, -49.133 ], [ -71.833, -49.133 ], [ -71.866, -49.133 ], [ -71.866, -49.099 ] ] ], [ [ [ -72.133, -48.366 ], [ -72.166, -48.366 ], [ -72.166, -48.333 ], [ -72.166, -48.299 ], [ -72.166, -48.266 ], [ -72.166, -48.233 ], [ -72.133, -48.233 ], [ -72.099, -48.233 ], [ -72.066, -48.233 ], [ -72.066, -48.199 ], [ -72.033, -48.199 ], [ -72.033, -48.233 ], [ -72.033, -48.266 ], [ -72.033, -48.299 ], [ -72.033, -48.333 ], [ -72.066, -48.333 ], [ -72.099, -48.333 ], [ -72.099, -48.366 ], [ -72.133, -48.366 ] ] ], [ [ [ -69.666, -48.499 ], [ -69.666, -48.466 ], [ -69.699, -48.466 ], [ -69.699, -48.499 ], [ -69.666, -48.499 ], [ -69.666, -48.533 ], [ -69.666, -48.566 ], [ -69.699, -48.566 ], [ -69.733, -48.566 ], [ -69.766, -48.566 ], [ -69.799, -48.566 ], [ -69.833, -48.566 ], [ -69.833, -48.533 ], [ -69.866, -48.533 ], [ -69.899, -48.533 ], [ -69.899, -48.499 ], [ -69.933, -48.499 ], [ -69.933, -48.466 ], [ -69.933, -48.433 ], [ -69.933, -48.399 ], [ -69.933, -48.366 ], [ -69.899, -48.366 ], [ -69.899, -48.333 ], [ -69.866, -48.333 ], [ -69.833, -48.333 ], [ -69.833, -48.299 ], [ -69.799, -48.299 ], [ -69.766, -48.299 ], [ -69.766, -48.266 ], [ -69.733, -48.266 ], [ -69.733, -48.233 ], [ -69.699, -48.233 ], [ -69.666, -48.233 ], [ -69.666, -48.199 ], [ -69.633, -48.199 ], [ -69.599, -48.199 ], [ -69.566, -48.199 ], [ -69.566, -48.233 ], [ -69.533, -48.233 ], [ -69.499, -48.233 ], [ -69.499, -48.266 ], [ -69.499, -48.299 ], [ -69.499, -48.333 ], [ -69.533, -48.333 ], [ -69.533, -48.366 ], [ -69.533, -48.399 ], [ -69.533, -48.433 ], [ -69.566, -48.433 ], [ -69.566, -48.466 ], [ -69.599, -48.466 ], [ -69.599, -48.499 ], [ -69.633, -48.499 ], [ -69.666, -48.499 ] ] ], [ [ [ -72.099, -47.999 ], [ -72.099, -48.033 ], [ -72.066, -48.033 ], [ -72.066, -48.066 ], [ -72.066, -48.099 ], [ -72.066, -48.133 ], [ -72.099, -48.133 ], [ -72.099, -48.099 ], [ -72.099, -48.066 ], [ -72.133, -48.066 ], [ -72.166, -48.066 ], [ -72.166, -48.099 ], [ -72.166, -48.133 ], [ -72.199, -48.133 ], [ -72.199, -48.099 ], [ -72.233, -48.099 ], [ -72.233, -48.066 ], [ -72.199, -48.066 ], [ -72.199, -48.033 ], [ -72.166, -48.033 ], [ -72.166, -47.999 ], [ -72.133, -47.999 ], [ -72.099, -47.999 ] ] ], [ [ [ -72.233, -47.999 ], [ -72.266, -47.999 ], [ -72.266, -47.966 ], [ -72.233, -47.966 ], [ -72.233, -47.999 ] ] ], [ [ [ -71.633, -47.933 ], [ -71.633, -47.966 ], [ -71.666, -47.966 ], [ -71.699, -47.966 ], [ -71.699, -47.933 ], [ -71.666, -47.933 ], [ -71.633, -47.933 ] ] ], [ [ [ -69.099, -47.933 ], [ -69.099, -47.966 ], [ -69.133, -47.966 ], [ -69.133, -47.933 ], [ -69.099, -47.933 ] ] ], [ [ [ -69.099, -47.933 ], [ -69.099, -47.899 ], [ -69.066, -47.899 ], [ -69.066, -47.933 ], [ -69.099, -47.933 ] ] ], [ [ [ -72.266, -47.899 ], [ -72.299, -47.899 ], [ -72.299, -47.866 ], [ -72.266, -47.866 ], [ -72.233, -47.866 ], [ -72.233, -47.899 ], [ -72.266, -47.899 ] ] ], [ [ [ -71.866, -47.866 ], [ -71.833, -47.866 ], [ -71.833, -47.899 ], [ -71.799, -47.899 ], [ -71.799, -47.933 ], [ -71.766, -47.933 ], [ -71.766, -47.966 ], [ -71.799, -47.966 ], [ -71.833, -47.966 ], [ -71.833, -47.933 ], [ -71.866, -47.933 ], [ -71.866, -47.899 ], [ -71.866, -47.866 ] ] ], [ [ [ -71.866, -47.866 ], [ -71.899, -47.866 ], [ -71.899, -47.833 ], [ -71.866, -47.833 ], [ -71.866, -47.866 ] ] ], [ [ [ -71.899, -47.833 ], [ -71.933, -47.833 ], [ -71.933, -47.799 ], [ -71.966, -47.799 ], [ -71.999, -47.799 ], [ -71.999, -47.766 ], [ -71.966, -47.766 ], [ -71.966, -47.733 ], [ -71.933, -47.733 ], [ -71.933, -47.766 ], [ -71.899, -47.766 ], [ -71.899, -47.799 ], [ -71.899, -47.833 ] ] ], [ [ [ -72.266, -47.733 ], [ -72.299, -47.733 ], [ -72.299, -47.699 ], [ -72.266, -47.699 ], [ -72.266, -47.733 ] ] ], [ [ [ -72.199, -47.699 ], [ -72.199, -47.733 ], [ -72.233, -47.733 ], [ -72.233, -47.699 ], [ -72.199, -47.699 ] ] ], [ [ [ -68.999, -47.733 ], [ -69.033, -47.733 ], [ -69.033, -47.699 ], [ -68.999, -47.699 ], [ -68.999, -47.733 ] ] ], [ [ [ -71.933, -47.733 ], [ -71.933, -47.699 ], [ -71.933, -47.666 ], [ -71.899, -47.666 ], [ -71.899, -47.699 ], [ -71.899, -47.733 ], [ -71.933, -47.733 ] ] ], [ [ [ -71.633, -47.933 ], [ -71.633, -47.899 ], [ -71.633, -47.866 ], [ -71.633, -47.833 ], [ -71.633, -47.799 ], [ -71.666, -47.799 ], [ -71.666, -47.766 ], [ -71.699, -47.766 ], [ -71.699, -47.733 ], [ -71.733, -47.733 ], [ -71.766, -47.733 ], [ -71.766, -47.699 ], [ -71.799, -47.699 ], [ -71.833, -47.699 ], [ -71.866, -47.699 ], [ -71.866, -47.666 ], [ -71.833, -47.666 ], [ -71.799, -47.666 ], [ -71.766, -47.666 ], [ -71.733, -47.666 ], [ -71.699, -47.666 ], [ -71.699, -47.699 ], [ -71.666, -47.699 ], [ -71.633, -47.699 ], [ -71.599, -47.699 ], [ -71.599, -47.733 ], [ -71.599, -47.766 ], [ -71.566, -47.766 ], [ -71.566, -47.799 ], [ -71.566, -47.833 ], [ -71.533, -47.833 ], [ -71.499, -47.833 ], [ -71.499, -47.866 ], [ -71.499, -47.899 ], [ -71.533, -47.899 ], [ -71.566, -47.899 ], [ -71.566, -47.933 ], [ -71.599, -47.933 ], [ -71.633, -47.933 ] ] ], [ [ [ -72.199, -47.699 ], [ -72.199, -47.666 ], [ -72.199, -47.633 ], [ -72.199, -47.599 ], [ -72.233, -47.599 ], [ -72.233, -47.566 ], [ -72.199, -47.566 ], [ -72.166, -47.566 ], [ -72.133, -47.566 ], [ -72.133, -47.599 ], [ -72.099, -47.599 ], [ -72.099, -47.633 ], [ -72.099, -47.666 ], [ -72.133, -47.666 ], [ -72.133, -47.633 ], [ -72.166, -47.633 ], [ -72.166, -47.666 ], [ -72.166, -47.699 ], [ -72.199, -47.699 ] ] ], [ [ [ -70.066, -47.533 ], [ -70.099, -47.533 ], [ -70.099, -47.499 ], [ -70.066, -47.499 ], [ -70.066, -47.533 ] ] ], [ [ [ -69.033, -47.499 ], [ -68.999, -47.499 ], [ -68.999, -47.533 ], [ -69.033, -47.533 ], [ -69.033, -47.499 ] ] ], [ [ [ -69.933, -47.499 ], [ -69.966, -47.499 ], [ -69.966, -47.466 ], [ -69.933, -47.466 ], [ -69.933, -47.499 ] ] ], [ [ [ -69.033, -47.499 ], [ -69.066, -47.499 ], [ -69.099, -47.499 ], [ -69.099, -47.466 ], [ -69.066, -47.466 ], [ -69.033, -47.466 ], [ -69.033, -47.499 ] ] ], [ [ [ -69.133, -47.466 ], [ -69.166, -47.466 ], [ -69.166, -47.433 ], [ -69.133, -47.433 ], [ -69.133, -47.466 ] ] ], [ [ [ -69.033, -47.466 ], [ -69.033, -47.433 ], [ -68.999, -47.433 ], [ -68.999, -47.466 ], [ -69.033, -47.466 ] ] ], [ [ [ -69.033, -47.433 ], [ -69.066, -47.433 ], [ -69.066, -47.399 ], [ -69.033, -47.399 ], [ -69.033, -47.433 ] ] ], [ [ [ -68.999, -47.433 ], [ -68.999, -47.399 ], [ -68.966, -47.399 ], [ -68.966, -47.433 ], [ -68.999, -47.433 ] ] ], [ [ [ -70.266, -47.299 ], [ -70.266, -47.333 ], [ -70.233, -47.333 ], [ -70.233, -47.366 ], [ -70.233, -47.399 ], [ -70.266, -47.399 ], [ -70.299, -47.399 ], [ -70.299, -47.433 ], [ -70.333, -47.433 ], [ -70.333, -47.399 ], [ -70.366, -47.399 ], [ -70.366, -47.366 ], [ -70.366, -47.333 ], [ -70.366, -47.299 ], [ -70.333, -47.299 ], [ -70.299, -47.299 ], [ -70.266, -47.299 ] ] ], [ [ [ -68.899, -47.333 ], [ -68.899, -47.366 ], [ -68.933, -47.366 ], [ -68.966, -47.366 ], [ -68.966, -47.333 ], [ -68.999, -47.333 ], [ -68.999, -47.299 ], [ -68.966, -47.299 ], [ -68.933, -47.299 ], [ -68.899, -47.299 ], [ -68.866, -47.299 ], [ -68.866, -47.333 ], [ -68.899, -47.333 ] ] ], [ [ [ -68.933, -47.266 ], [ -68.966, -47.266 ], [ -68.966, -47.233 ], [ -68.933, -47.233 ], [ -68.933, -47.266 ] ] ], [ [ [ -71.666, -47.166 ], [ -71.699, -47.166 ], [ -71.699, -47.133 ], [ -71.666, -47.133 ], [ -71.666, -47.166 ] ] ], [ [ [ -71.599, -47.166 ], [ -71.633, -47.166 ], [ -71.633, -47.133 ], [ -71.599, -47.133 ], [ -71.566, -47.133 ], [ -71.533, -47.133 ], [ -71.533, -47.166 ], [ -71.566, -47.166 ], [ -71.599, -47.166 ] ] ], [ [ [ -71.766, -47.099 ], [ -71.733, -47.099 ], [ -71.733, -47.133 ], [ -71.766, -47.133 ], [ -71.766, -47.099 ] ] ], [ [ [ -70.233, -47.066 ], [ -70.233, -47.099 ], [ -70.199, -47.099 ], [ -70.199, -47.133 ], [ -70.233, -47.133 ], [ -70.266, -47.133 ], [ -70.299, -47.133 ], [ -70.299, -47.099 ], [ -70.266, -47.099 ], [ -70.266, -47.066 ], [ -70.233, -47.066 ] ] ], [ [ [ -71.911, -47.055 ], [ -71.899, -47.066 ], [ -71.899, -47.100 ], [ -71.907, -47.098 ], [ -71.910, -47.098 ], [ -71.918, -47.096 ], [ -71.922, -47.094 ], [ -71.927, -47.093 ], [ -71.930, -47.092 ], [ -71.933, -47.091 ], [ -71.933, -47.060 ], [ -71.933, -47.060 ], [ -71.931, -47.059 ], [ -71.929, -47.058 ], [ -71.927, -47.058 ], [ -71.924, -47.058 ], [ -71.917, -47.059 ], [ -71.915, -47.059 ], [ -71.913, -47.058 ], [ -71.912, -47.056 ], [ -71.911, -47.055 ] ] ], [ [ [ -70.966, -47.066 ], [ -70.966, -47.033 ], [ -70.933, -47.033 ], [ -70.933, -47.066 ], [ -70.966, -47.066 ] ] ], [ [ [ -70.233, -47.066 ], [ -70.233, -47.033 ], [ -70.199, -47.033 ], [ -70.199, -47.066 ], [ -70.233, -47.066 ] ] ], [ [ [ -69.233, -47.133 ], [ -69.233, -47.166 ], [ -69.266, -47.166 ], [ -69.299, -47.166 ], [ -69.299, -47.133 ], [ -69.333, -47.133 ], [ -69.333, -47.099 ], [ -69.333, -47.066 ], [ -69.299, -47.066 ], [ -69.299, -47.033 ], [ -69.266, -47.033 ], [ -69.233, -47.033 ], [ -69.233, -47.066 ], [ -69.233, -47.099 ], [ -69.233, -47.133 ] ] ], [ [ [ -71.766, -47.099 ], [ -71.799, -47.099 ], [ -71.799, -47.066 ], [ -71.799, -47.033 ], [ -71.799, -46.999 ], [ -71.766, -46.999 ], [ -71.766, -47.033 ], [ -71.766, -47.066 ], [ -71.766, -47.099 ] ] ], [ [ [ -71.866, -46.966 ], [ -71.833, -46.966 ], [ -71.833, -46.999 ], [ -71.833, -47.033 ], [ -71.866, -47.033 ], [ -71.883, -47.016 ], [ -71.883, -47.016 ], [ -71.866, -46.999 ], [ -71.866, -46.966 ] ] ], [ [ [ -69.433, -46.999 ], [ -69.466, -46.999 ], [ -69.466, -46.966 ], [ -69.433, -46.966 ], [ -69.433, -46.999 ] ] ], [ [ [ -71.866, -46.966 ], [ -71.899, -46.966 ], [ -71.899, -46.933 ], [ -71.866, -46.933 ], [ -71.866, -46.966 ] ] ], [ [ [ -71.899, -46.933 ], [ -71.933, -46.933 ], [ -71.933, -46.899 ], [ -71.899, -46.899 ], [ -71.899, -46.933 ] ] ], [ [ [ -71.833, -46.966 ], [ -71.833, -46.933 ], [ -71.833, -46.899 ], [ -71.833, -46.866 ], [ -71.799, -46.866 ], [ -71.799, -46.899 ], [ -71.799, -46.933 ], [ -71.799, -46.966 ], [ -71.833, -46.966 ] ] ], [ [ [ -69.333, -46.899 ], [ -69.366, -46.899 ], [ -69.366, -46.866 ], [ -69.333, -46.866 ], [ -69.299, -46.866 ], [ -69.299, -46.899 ], [ -69.333, -46.899 ] ] ], [ [ [ -71.899, -46.866 ], [ -71.932, -46.866 ], [ -71.934, -46.854 ], [ -71.936, -46.851 ], [ -71.935, -46.848 ], [ -71.932, -46.845 ], [ -71.932, -46.843 ], [ -71.935, -46.841 ], [ -71.936, -46.836 ], [ -71.936, -46.836 ], [ -71.933, -46.833 ], [ -71.899, -46.833 ], [ -71.899, -46.866 ] ] ], [ [ [ -71.799, -46.866 ], [ -71.799, -46.833 ], [ -71.766, -46.833 ], [ -71.733, -46.833 ], [ -71.733, -46.866 ], [ -71.766, -46.866 ], [ -71.799, -46.866 ] ] ], [ [ [ -70.966, -47.033 ], [ -70.999, -47.033 ], [ -70.999, -46.999 ], [ -71.033, -46.999 ], [ -71.033, -47.033 ], [ -71.033, -47.066 ], [ -70.999, -47.066 ], [ -70.966, -47.066 ], [ -70.966, -47.099 ], [ -70.999, -47.099 ], [ -71.033, -47.099 ], [ -71.066, -47.099 ], [ -71.066, -47.133 ], [ -71.099, -47.133 ], [ -71.133, -47.133 ], [ -71.166, -47.133 ], [ -71.166, -47.166 ], [ -71.166, -47.199 ], [ -71.199, -47.199 ], [ -71.233, -47.199 ], [ -71.266, -47.199 ], [ -71.299, -47.199 ], [ -71.299, -47.233 ], [ -71.333, -47.233 ], [ -71.366, -47.233 ], [ -71.366, -47.199 ], [ -71.399, -47.199 ], [ -71.433, -47.199 ], [ -71.466, -47.199 ], [ -71.466, -47.166 ], [ -71.499, -47.166 ], [ -71.499, -47.133 ], [ -71.466, -47.133 ], [ -71.433, -47.133 ], [ -71.399, -47.133 ], [ -71.399, -47.099 ], [ -71.366, -47.099 ], [ -71.333, -47.099 ], [ -71.333, -47.066 ], [ -71.299, -47.066 ], [ -71.299, -47.033 ], [ -71.266, -47.033 ], [ -71.233, -47.033 ], [ -71.199, -47.033 ], [ -71.166, -47.033 ], [ -71.166, -46.999 ], [ -71.133, -46.999 ], [ -71.099, -46.999 ], [ -71.066, -46.999 ], [ -71.066, -46.966 ], [ -71.066, -46.933 ], [ -71.033, -46.933 ], [ -71.033, -46.899 ], [ -70.999, -46.899 ], [ -70.966, -46.899 ], [ -70.966, -46.866 ], [ -70.966, -46.833 ], [ -70.999, -46.833 ], [ -70.999, -46.799 ], [ -70.999, -46.766 ], [ -70.966, -46.766 ], [ -70.933, -46.766 ], [ -70.933, -46.799 ], [ -70.899, -46.799 ], [ -70.899, -46.833 ], [ -70.899, -46.866 ], [ -70.899, -46.899 ], [ -70.899, -46.933 ], [ -70.899, -46.966 ], [ -70.866, -46.966 ], [ -70.866, -46.999 ], [ -70.899, -46.999 ], [ -70.933, -46.999 ], [ -70.966, -46.999 ], [ -70.966, -47.033 ] ] ], [ [ [ -71.299, -46.766 ], [ -71.299, -46.799 ], [ -71.299, -46.833 ], [ -71.333, -46.833 ], [ -71.366, -46.833 ], [ -71.399, -46.833 ], [ -71.399, -46.866 ], [ -71.433, -46.866 ], [ -71.433, -46.833 ], [ -71.466, -46.833 ], [ -71.466, -46.866 ], [ -71.466, -46.899 ], [ -71.499, -46.899 ], [ -71.533, -46.899 ], [ -71.566, -46.899 ], [ -71.599, -46.899 ], [ -71.599, -46.866 ], [ -71.633, -46.866 ], [ -71.633, -46.833 ], [ -71.666, -46.833 ], [ -71.699, -46.833 ], [ -71.733, -46.833 ], [ -71.733, -46.799 ], [ -71.699, -46.799 ], [ -71.699, -46.766 ], [ -71.666, -46.766 ], [ -71.633, -46.766 ], [ -71.599, -46.766 ], [ -71.599, -46.799 ], [ -71.566, -46.799 ], [ -71.533, -46.799 ], [ -71.533, -46.766 ], [ -71.499, -46.766 ], [ -71.499, -46.733 ], [ -71.466, -46.733 ], [ -71.433, -46.733 ], [ -71.399, -46.733 ], [ -71.366, -46.733 ], [ -71.366, -46.766 ], [ -71.333, -46.766 ], [ -71.299, -46.766 ] ] ], [ [ [ -71.299, -46.766 ], [ -71.299, -46.733 ], [ -71.266, -46.733 ], [ -71.233, -46.733 ], [ -71.233, -46.766 ], [ -71.266, -46.766 ], [ -71.299, -46.766 ] ] ], [ [ [ -71.166, -46.799 ], [ -71.199, -46.799 ], [ -71.199, -46.766 ], [ -71.199, -46.733 ], [ -71.166, -46.733 ], [ -71.133, -46.733 ], [ -71.099, -46.733 ], [ -71.066, -46.733 ], [ -71.033, -46.733 ], [ -71.033, -46.766 ], [ -71.066, -46.766 ], [ -71.099, -46.766 ], [ -71.133, -46.766 ], [ -71.166, -46.766 ], [ -71.166, -46.799 ] ] ], [ [ [ -71.099, -46.266 ], [ -71.099, -46.299 ], [ -71.133, -46.299 ], [ -71.133, -46.266 ], [ -71.099, -46.266 ] ] ], [ [ [ -71.099, -46.266 ], [ -71.099, -46.233 ], [ -71.066, -46.233 ], [ -71.033, -46.233 ], [ -70.999, -46.233 ], [ -70.966, -46.233 ], [ -70.966, -46.266 ], [ -70.933, -46.266 ], [ -70.933, -46.299 ], [ -70.966, -46.299 ], [ -70.999, -46.299 ], [ -70.999, -46.266 ], [ -71.033, -46.266 ], [ -71.066, -46.266 ], [ -71.099, -46.266 ] ] ], [ [ [ -71.733, -46.166 ], [ -71.733, -46.199 ], [ -71.766, -46.199 ], [ -71.774, -46.208 ], [ -71.775, -46.203 ], [ -71.778, -46.199 ], [ -71.781, -46.197 ], [ -71.785, -46.195 ], [ -71.790, -46.192 ], [ -71.795, -46.191 ], [ -71.799, -46.191 ], [ -71.799, -46.191 ], [ -71.799, -46.166 ], [ -71.766, -46.166 ], [ -71.733, -46.166 ] ] ], [ [ [ -71.166, -46.166 ], [ -71.199, -46.166 ], [ -71.199, -46.133 ], [ -71.166, -46.133 ], [ -71.166, -46.166 ] ] ], [ [ [ -71.733, -46.166 ], [ -71.733, -46.133 ], [ -71.699, -46.133 ], [ -71.699, -46.099 ], [ -71.666, -46.099 ], [ -71.666, -46.133 ], [ -71.633, -46.133 ], [ -71.633, -46.166 ], [ -71.666, -46.166 ], [ -71.699, -46.166 ], [ -71.733, -46.166 ] ] ], [ [ [ -71.642, -45.919 ], [ -71.642, -45.919 ], [ -71.642, -45.919 ], [ -71.642, -45.919 ] ] ], [ [ [ -69.433, -45.733 ], [ -69.466, -45.733 ], [ -69.466, -45.699 ], [ -69.433, -45.699 ], [ -69.433, -45.733 ] ] ], [ [ [ -71.737, -45.595 ], [ -71.733, -45.599 ], [ -71.699, -45.599 ], [ -71.666, -45.599 ], [ -71.633, -45.599 ], [ -71.633, -45.633 ], [ -71.633, -45.666 ], [ -71.666, -45.666 ], [ -71.699, -45.666 ], [ -71.733, -45.666 ], [ -71.733, -45.699 ], [ -71.766, -45.699 ], [ -71.767, -45.699 ], [ -71.767, -45.698 ], [ -71.768, -45.696 ], [ -71.769, -45.695 ], [ -71.771, -45.693 ], [ -71.771, -45.691 ], [ -71.771, -45.690 ], [ -71.771, -45.690 ], [ -71.771, -45.689 ], [ -71.771, -45.688 ], [ -71.771, -45.687 ], [ -71.772, -45.686 ], [ -71.771, -45.685 ], [ -71.771, -45.684 ], [ -71.772, -45.683 ], [ -71.772, -45.683 ], [ -71.772, -45.682 ], [ -71.772, -45.681 ], [ -71.772, -45.681 ], [ -71.773, -45.680 ], [ -71.774, -45.679 ], [ -71.774, -45.678 ], [ -71.776, -45.677 ], [ -71.777, -45.676 ], [ -71.778, -45.676 ], [ -71.778, -45.675 ], [ -71.779, -45.674 ], [ -71.779, -45.674 ], [ -71.779, -45.673 ], [ -71.780, -45.672 ], [ -71.781, -45.671 ], [ -71.782, -45.670 ], [ -71.782, -45.669 ], [ -71.782, -45.667 ], [ -71.782, -45.667 ], [ -71.782, -45.666 ], [ -71.782, -45.666 ], [ -71.783, -45.666 ], [ -71.783, -45.666 ], [ -71.783, -45.665 ], [ -71.784, -45.665 ], [ -71.784, -45.665 ], [ -71.784, -45.665 ], [ -71.784, -45.664 ], [ -71.785, -45.664 ], [ -71.785, -45.664 ], [ -71.785, -45.664 ], [ -71.786, -45.663 ], [ -71.785, -45.663 ], [ -71.786, -45.663 ], [ -71.786, -45.662 ], [ -71.786, -45.662 ], [ -71.785, -45.662 ], [ -71.785, -45.661 ], [ -71.785, -45.661 ], [ -71.785, -45.661 ], [ -71.785, -45.660 ], [ -71.784, -45.660 ], [ -71.784, -45.660 ], [ -71.784, -45.659 ], [ -71.784, -45.659 ], [ -71.783, -45.659 ], [ -71.783, -45.659 ], [ -71.782, -45.658 ], [ -71.782, -45.658 ], [ -71.781, -45.658 ], [ -71.781, -45.658 ], [ -71.781, -45.658 ], [ -71.780, -45.658 ], [ -71.780, -45.658 ], [ -71.779, -45.658 ], [ -71.779, -45.658 ], [ -71.779, -45.658 ], [ -71.778, -45.658 ], [ -71.778, -45.658 ], [ -71.777, -45.658 ], [ -71.777, -45.658 ], [ -71.777, -45.659 ], [ -71.776, -45.658 ], [ -71.777, -45.658 ], [ -71.777, -45.658 ], [ -71.777, -45.658 ], [ -71.776, -45.658 ], [ -71.776, -45.658 ], [ -71.775, -45.657 ], [ -71.775, -45.657 ], [ -71.775, -45.657 ], [ -71.774, -45.657 ], [ -71.774, -45.657 ], [ -71.774, -45.656 ], [ -71.773, -45.656 ], [ -71.773, -45.656 ], [ -71.773, -45.656 ], [ -71.773, -45.655 ], [ -71.773, -45.655 ], [ -71.773, -45.654 ], [ -71.773, -45.654 ], [ -71.774, -45.654 ], [ -71.777, -45.651 ], [ -71.778, -45.648 ], [ -71.775, -45.648 ], [ -71.772, -45.649 ], [ -71.767, -45.648 ], [ -71.767, -45.646 ], [ -71.769, -45.644 ], [ -71.770, -45.642 ], [ -71.772, -45.641 ], [ -71.773, -45.640 ], [ -71.772, -45.638 ], [ -71.773, -45.636 ], [ -71.777, -45.635 ], [ -71.779, -45.634 ], [ -71.784, -45.634 ], [ -71.792, -45.634 ], [ -71.797, -45.634 ], [ -71.800, -45.630 ], [ -71.801, -45.628 ], [ -71.799, -45.625 ], [ -71.792, -45.621 ], [ -71.787, -45.619 ], [ -71.781, -45.618 ], [ -71.775, -45.618 ], [ -71.772, -45.618 ], [ -71.764, -45.615 ], [ -71.757, -45.613 ], [ -71.754, -45.610 ], [ -71.744, -45.609 ], [ -71.743, -45.605 ], [ -71.745, -45.602 ], [ -71.743, -45.598 ], [ -71.737, -45.595 ] ] ], [ [ [ -71.299, -46.133 ], [ -71.299, -46.099 ], [ -71.333, -46.099 ], [ -71.333, -46.133 ], [ -71.299, -46.133 ], [ -71.299, -46.166 ], [ -71.333, -46.166 ], [ -71.333, -46.199 ], [ -71.366, -46.199 ], [ -71.399, -46.199 ], [ -71.399, -46.166 ], [ -71.433, -46.166 ], [ -71.466, -46.166 ], [ -71.499, -46.166 ], [ -71.499, -46.133 ], [ -71.533, -46.133 ], [ -71.566, -46.133 ], [ -71.566, -46.099 ], [ -71.533, -46.099 ], [ -71.499, -46.099 ], [ -71.466, -46.099 ], [ -71.466, -46.066 ], [ -71.433, -46.066 ], [ -71.399, -46.066 ], [ -71.366, -46.066 ], [ -71.366, -46.033 ], [ -71.399, -46.033 ], [ -71.433, -46.033 ], [ -71.466, -46.033 ], [ -71.499, -46.033 ], [ -71.533, -46.033 ], [ -71.566, -46.033 ], [ -71.566, -45.999 ], [ -71.599, -45.999 ], [ -71.633, -45.999 ], [ -71.645, -45.987 ], [ -71.645, -45.987 ], [ -71.647, -45.985 ], [ -71.647, -45.984 ], [ -71.647, -45.984 ], [ -71.647, -45.984 ], [ -71.646, -45.984 ], [ -71.646, -45.983 ], [ -71.646, -45.983 ], [ -71.646, -45.983 ], [ -71.646, -45.982 ], [ -71.646, -45.982 ], [ -71.645, -45.982 ], [ -71.645, -45.982 ], [ -71.644, -45.982 ], [ -71.644, -45.982 ], [ -71.643, -45.982 ], [ -71.643, -45.982 ], [ -71.643, -45.982 ], [ -71.643, -45.982 ], [ -71.643, -45.981 ], [ -71.643, -45.981 ], [ -71.643, -45.981 ], [ -71.642, -45.980 ], [ -71.641, -45.980 ], [ -71.641, -45.980 ], [ -71.640, -45.979 ], [ -71.640, -45.979 ], [ -71.639, -45.979 ], [ -71.639, -45.979 ], [ -71.638, -45.979 ], [ -71.637, -45.979 ], [ -71.637, -45.978 ], [ -71.636, -45.978 ], [ -71.636, -45.978 ], [ -71.636, -45.977 ], [ -71.635, -45.977 ], [ -71.635, -45.977 ], [ -71.635, -45.976 ], [ -71.634, -45.976 ], [ -71.634, -45.977 ], [ -71.633, -45.977 ], [ -71.633, -45.977 ], [ -71.632, -45.977 ], [ -71.632, -45.977 ], [ -71.631, -45.977 ], [ -71.631, -45.977 ], [ -71.630, -45.977 ], [ -71.630, -45.977 ], [ -71.630, -45.977 ], [ -71.630, -45.978 ], [ -71.630, -45.978 ], [ -71.630, -45.978 ], [ -71.630, -45.978 ], [ -71.629, -45.979 ], [ -71.629, -45.979 ], [ -71.629, -45.980 ], [ -71.629, -45.980 ], [ -71.628, -45.981 ], [ -71.629, -45.981 ], [ -71.629, -45.981 ], [ -71.629, -45.982 ], [ -71.629, -45.982 ], [ -71.629, -45.983 ], [ -71.628, -45.983 ], [ -71.628, -45.983 ], [ -71.628, -45.983 ], [ -71.627, -45.983 ], [ -71.627, -45.983 ], [ -71.626, -45.983 ], [ -71.626, -45.983 ], [ -71.625, -45.983 ], [ -71.625, -45.982 ], [ -71.625, -45.982 ], [ -71.624, -45.982 ], [ -71.624, -45.982 ], [ -71.623, -45.982 ], [ -71.623, -45.981 ], [ -71.622, -45.981 ], [ -71.622, -45.981 ], [ -71.621, -45.981 ], [ -71.620, -45.980 ], [ -71.620, -45.980 ], [ -71.619, -45.980 ], [ -71.619, -45.979 ], [ -71.619, -45.979 ], [ -71.618, -45.979 ], [ -71.618, -45.979 ], [ -71.617, -45.979 ], [ -71.617, -45.979 ], [ -71.617, -45.979 ], [ -71.616, -45.979 ], [ -71.616, -45.978 ], [ -71.616, -45.978 ], [ -71.616, -45.978 ], [ -71.616, -45.977 ], [ -71.616, -45.977 ], [ -71.616, -45.977 ], [ -71.615, -45.977 ], [ -71.615, -45.976 ], [ -71.615, -45.976 ], [ -71.615, -45.975 ], [ -71.614, -45.975 ], [ -71.614, -45.975 ], [ -71.614, -45.974 ], [ -71.614, -45.974 ], [ -71.615, -45.974 ], [ -71.615, -45.973 ], [ -71.615, -45.973 ], [ -71.615, -45.972 ], [ -71.615, -45.972 ], [ -71.615, -45.972 ], [ -71.615, -45.971 ], [ -71.615, -45.971 ], [ -71.615, -45.970 ], [ -71.615, -45.970 ], [ -71.615, -45.970 ], [ -71.615, -45.969 ], [ -71.615, -45.969 ], [ -71.615, -45.969 ], [ -71.615, -45.968 ], [ -71.614, -45.968 ], [ -71.614, -45.968 ], [ -71.614, -45.967 ], [ -71.614, -45.967 ], [ -71.614, -45.966 ], [ -71.614, -45.966 ], [ -71.614, -45.965 ], [ -71.614, -45.965 ], [ -71.614, -45.965 ], [ -71.614, -45.964 ], [ -71.614, -45.964 ], [ -71.614, -45.964 ], [ -71.614, -45.963 ], [ -71.614, -45.963 ], [ -71.614, -45.963 ], [ -71.614, -45.962 ], [ -71.614, -45.962 ], [ -71.614, -45.962 ], [ -71.615, -45.962 ], [ -71.615, -45.961 ], [ -71.615, -45.961 ], [ -71.615, -45.961 ], [ -71.616, -45.961 ], [ -71.616, -45.961 ], [ -71.617, -45.961 ], [ -71.617, -45.960 ], [ -71.617, -45.960 ], [ -71.616, -45.960 ], [ -71.616, -45.960 ], [ -71.616, -45.959 ], [ -71.616, -45.959 ], [ -71.616, -45.958 ], [ -71.615, -45.958 ], [ -71.615, -45.957 ], [ -71.616, -45.957 ], [ -71.616, -45.957 ], [ -71.616, -45.957 ], [ -71.617, -45.957 ], [ -71.617, -45.957 ], [ -71.617, -45.956 ], [ -71.617, -45.956 ], [ -71.617, -45.956 ], [ -71.617, -45.955 ], [ -71.617, -45.955 ], [ -71.617, -45.954 ], [ -71.618, -45.954 ], [ -71.618, -45.954 ], [ -71.618, -45.954 ], [ -71.617, -45.953 ], [ -71.617, -45.953 ], [ -71.617, -45.953 ], [ -71.617, -45.952 ], [ -71.618, -45.952 ], [ -71.618, -45.951 ], [ -71.618, -45.951 ], [ -71.618, -45.951 ], [ -71.618, -45.951 ], [ -71.618, -45.951 ], [ -71.618, -45.950 ], [ -71.618, -45.950 ], [ -71.618, -45.949 ], [ -71.618, -45.949 ], [ -71.618, -45.949 ], [ -71.618, -45.949 ], [ -71.618, -45.948 ], [ -71.618, -45.948 ], [ -71.619, -45.948 ], [ -71.619, -45.947 ], [ -71.618, -45.947 ], [ -71.618, -45.947 ], [ -71.618, -45.946 ], [ -71.618, -45.946 ], [ -71.618, -45.945 ], [ -71.618, -45.945 ], [ -71.619, -45.945 ], [ -71.619, -45.945 ], [ -71.619, -45.945 ], [ -71.620, -45.945 ], [ -71.619, -45.945 ], [ -71.620, -45.944 ], [ -71.619, -45.944 ], [ -71.619, -45.944 ], [ -71.620, -45.944 ], [ -71.620, -45.944 ], [ -71.620, -45.944 ], [ -71.621, -45.944 ], [ -71.621, -45.943 ], [ -71.622, -45.943 ], [ -71.622, -45.943 ], [ -71.622, -45.943 ], [ -71.622, -45.943 ], [ -71.622, -45.942 ], [ -71.622, -45.942 ], [ -71.623, -45.942 ], [ -71.622, -45.941 ], [ -71.622, -45.941 ], [ -71.622, -45.941 ], [ -71.622, -45.941 ], [ -71.622, -45.941 ], [ -71.622, -45.940 ], [ -71.623, -45.940 ], [ -71.623, -45.940 ], [ -71.624, -45.940 ], [ -71.623, -45.940 ], [ -71.623, -45.939 ], [ -71.623, -45.939 ], [ -71.623, -45.939 ], [ -71.623, -45.939 ], [ -71.623, -45.939 ], [ -71.624, -45.938 ], [ -71.624, -45.938 ], [ -71.624, -45.938 ], [ -71.624, -45.938 ], [ -71.623, -45.938 ], [ -71.623, -45.938 ], [ -71.622, -45.938 ], [ -71.622, -45.938 ], [ -71.622, -45.938 ], [ -71.622, -45.937 ], [ -71.622, -45.937 ], [ -71.622, -45.937 ], [ -71.622, -45.937 ], [ -71.623, -45.937 ], [ -71.623, -45.937 ], [ -71.623, -45.937 ], [ -71.624, -45.937 ], [ -71.624, -45.937 ], [ -71.624, -45.936 ], [ -71.624, -45.936 ], [ -71.624, -45.936 ], [ -71.624, -45.935 ], [ -71.624, -45.935 ], [ -71.624, -45.935 ], [ -71.624, -45.934 ], [ -71.624, -45.934 ], [ -71.625, -45.934 ], [ -71.625, -45.934 ], [ -71.626, -45.934 ], [ -71.626, -45.935 ], [ -71.626, -45.934 ], [ -71.627, -45.934 ], [ -71.627, -45.934 ], [ -71.627, -45.934 ], [ -71.628, -45.934 ], [ -71.628, -45.934 ], [ -71.629, -45.934 ], [ -71.629, -45.934 ], [ -71.629, -45.934 ], [ -71.630, -45.934 ], [ -71.630, -45.934 ], [ -71.630, -45.933 ], [ -71.630, -45.933 ], [ -71.630, -45.933 ], [ -71.629, -45.933 ], [ -71.629, -45.932 ], [ -71.630, -45.932 ], [ -71.630, -45.932 ], [ -71.630, -45.932 ], [ -71.631, -45.932 ], [ -71.631, -45.931 ], [ -71.631, -45.931 ], [ -71.631, -45.931 ], [ -71.631, -45.932 ], [ -71.632, -45.932 ], [ -71.632, -45.932 ], [ -71.632, -45.931 ], [ -71.632, -45.931 ], [ -71.632, -45.930 ], [ -71.632, -45.930 ], [ -71.631, -45.930 ], [ -71.631, -45.929 ], [ -71.631, -45.929 ], [ -71.631, -45.929 ], [ -71.631, -45.929 ], [ -71.631, -45.929 ], [ -71.632, -45.929 ], [ -71.632, -45.929 ], [ -71.633, -45.929 ], [ -71.633, -45.929 ], [ -71.633, -45.928 ], [ -71.633, -45.928 ], [ -71.633, -45.928 ], [ -71.633, -45.928 ], [ -71.632, -45.928 ], [ -71.632, -45.928 ], [ -71.631, -45.928 ], [ -71.631, -45.928 ], [ -71.631, -45.928 ], [ -71.631, -45.928 ], [ -71.632, -45.927 ], [ -71.632, -45.927 ], [ -71.632, -45.927 ], [ -71.633, -45.927 ], [ -71.633, -45.927 ], [ -71.634, -45.927 ], [ -71.633, -45.927 ], [ -71.633, -45.928 ], [ -71.633, -45.928 ], [ -71.634, -45.928 ], [ -71.634, -45.928 ], [ -71.635, -45.928 ], [ -71.635, -45.927 ], [ -71.635, -45.926 ], [ -71.635, -45.926 ], [ -71.635, -45.926 ], [ -71.635, -45.926 ], [ -71.636, -45.927 ], [ -71.636, -45.927 ], [ -71.636, -45.926 ], [ -71.637, -45.926 ], [ -71.637, -45.926 ], [ -71.637, -45.926 ], [ -71.637, -45.926 ], [ -71.638, -45.925 ], [ -71.638, -45.925 ], [ -71.638, -45.925 ], [ -71.638, -45.924 ], [ -71.638, -45.924 ], [ -71.638, -45.924 ], [ -71.639, -45.924 ], [ -71.639, -45.924 ], [ -71.639, -45.924 ], [ -71.640, -45.924 ], [ -71.640, -45.925 ], [ -71.641, -45.924 ], [ -71.641, -45.924 ], [ -71.641, -45.924 ], [ -71.641, -45.924 ], [ -71.641, -45.923 ], [ -71.641, -45.923 ], [ -71.640, -45.923 ], [ -71.641, -45.923 ], [ -71.641, -45.923 ], [ -71.641, -45.922 ], [ -71.641, -45.922 ], [ -71.641, -45.922 ], [ -71.641, -45.922 ], [ -71.641, -45.921 ], [ -71.642, -45.921 ], [ -71.642, -45.921 ], [ -71.642, -45.920 ], [ -71.642, -45.920 ], [ -71.642, -45.920 ], [ -71.642, -45.920 ], [ -71.642, -45.919 ], [ -71.641, -45.919 ], [ -71.641, -45.919 ], [ -71.641, -45.919 ], [ -71.642, -45.918 ], [ -71.642, -45.918 ], [ -71.642, -45.918 ], [ -71.643, -45.918 ], [ -71.643, -45.918 ], [ -71.643, -45.918 ], [ -71.644, -45.918 ], [ -71.645, -45.917 ], [ -71.645, -45.917 ], [ -71.646, -45.917 ], [ -71.646, -45.917 ], [ -71.647, -45.917 ], [ -71.646, -45.917 ], [ -71.646, -45.916 ], [ -71.646, -45.916 ], [ -71.645, -45.916 ], [ -71.645, -45.916 ], [ -71.645, -45.916 ], [ -71.645, -45.916 ], [ -71.645, -45.915 ], [ -71.645, -45.915 ], [ -71.645, -45.915 ], [ -71.646, -45.914 ], [ -71.646, -45.914 ], [ -71.646, -45.913 ], [ -71.645, -45.913 ], [ -71.645, -45.913 ], [ -71.644, -45.913 ], [ -71.644, -45.913 ], [ -71.644, -45.912 ], [ -71.645, -45.912 ], [ -71.645, -45.912 ], [ -71.645, -45.911 ], [ -71.645, -45.911 ], [ -71.645, -45.911 ], [ -71.645, -45.911 ], [ -71.645, -45.910 ], [ -71.645, -45.910 ], [ -71.645, -45.910 ], [ -71.646, -45.910 ], [ -71.645, -45.909 ], [ -71.645, -45.909 ], [ -71.645, -45.909 ], [ -71.644, -45.909 ], [ -71.644, -45.909 ], [ -71.644, -45.908 ], [ -71.645, -45.908 ], [ -71.645, -45.908 ], [ -71.646, -45.907 ], [ -71.646, -45.907 ], [ -71.646, -45.907 ], [ -71.646, -45.907 ], [ -71.647, -45.907 ], [ -71.648, -45.906 ], [ -71.648, -45.906 ], [ -71.647, -45.906 ], [ -71.647, -45.905 ], [ -71.647, -45.905 ], [ -71.647, -45.905 ], [ -71.647, -45.904 ], [ -71.647, -45.904 ], [ -71.647, -45.904 ], [ -71.648, -45.904 ], [ -71.648, -45.904 ], [ -71.649, -45.905 ], [ -71.649, -45.905 ], [ -71.650, -45.905 ], [ -71.650, -45.904 ], [ -71.650, -45.904 ], [ -71.649, -45.904 ], [ -71.649, -45.903 ], [ -71.649, -45.903 ], [ -71.648, -45.903 ], [ -71.648, -45.903 ], [ -71.648, -45.903 ], [ -71.648, -45.902 ], [ -71.649, -45.902 ], [ -71.649, -45.902 ], [ -71.649, -45.902 ], [ -71.650, -45.902 ], [ -71.650, -45.902 ], [ -71.651, -45.902 ], [ -71.651, -45.902 ], [ -71.651, -45.902 ], [ -71.651, -45.902 ], [ -71.652, -45.902 ], [ -71.652, -45.902 ], [ -71.651, -45.901 ], [ -71.651, -45.901 ], [ -71.652, -45.901 ], [ -71.653, -45.900 ], [ -71.653, -45.900 ], [ -71.652, -45.900 ], [ -71.652, -45.900 ], [ -71.652, -45.899 ], [ -71.651, -45.899 ], [ -71.652, -45.899 ], [ -71.652, -45.898 ], [ -71.652, -45.898 ], [ -71.653, -45.898 ], [ -71.653, -45.898 ], [ -71.653, -45.898 ], [ -71.654, -45.897 ], [ -71.654, -45.897 ], [ -71.654, -45.897 ], [ -71.655, -45.897 ], [ -71.655, -45.897 ], [ -71.655, -45.897 ], [ -71.655, -45.896 ], [ -71.655, -45.896 ], [ -71.654, -45.896 ], [ -71.654, -45.896 ], [ -71.653, -45.896 ], [ -71.653, -45.896 ], [ -71.653, -45.895 ], [ -71.653, -45.895 ], [ -71.654, -45.895 ], [ -71.654, -45.894 ], [ -71.654, -45.894 ], [ -71.655, -45.894 ], [ -71.655, -45.894 ], [ -71.655, -45.893 ], [ -71.654, -45.893 ], [ -71.654, -45.893 ], [ -71.654, -45.892 ], [ -71.654, -45.892 ], [ -71.654, -45.891 ], [ -71.653, -45.891 ], [ -71.653, -45.891 ], [ -71.653, -45.891 ], [ -71.653, -45.890 ], [ -71.654, -45.890 ], [ -71.654, -45.890 ], [ -71.654, -45.890 ], [ -71.654, -45.890 ], [ -71.653, -45.890 ], [ -71.653, -45.889 ], [ -71.652, -45.890 ], [ -71.652, -45.890 ], [ -71.652, -45.889 ], [ -71.652, -45.889 ], [ -71.653, -45.889 ], [ -71.653, -45.889 ], [ -71.654, -45.889 ], [ -71.654, -45.889 ], [ -71.654, -45.889 ], [ -71.655, -45.889 ], [ -71.655, -45.889 ], [ -71.655, -45.889 ], [ -71.656, -45.889 ], [ -71.656, -45.889 ], [ -71.656, -45.888 ], [ -71.656, -45.888 ], [ -71.656, -45.888 ], [ -71.657, -45.888 ], [ -71.657, -45.888 ], [ -71.657, -45.888 ], [ -71.657, -45.887 ], [ -71.656, -45.887 ], [ -71.656, -45.886 ], [ -71.656, -45.886 ], [ -71.656, -45.886 ], [ -71.655, -45.886 ], [ -71.655, -45.886 ], [ -71.655, -45.885 ], [ -71.656, -45.885 ], [ -71.656, -45.885 ], [ -71.657, -45.885 ], [ -71.657, -45.885 ], [ -71.658, -45.885 ], [ -71.658, -45.884 ], [ -71.659, -45.884 ], [ -71.659, -45.885 ], [ -71.659, -45.884 ], [ -71.659, -45.884 ], [ -71.659, -45.884 ], [ -71.658, -45.884 ], [ -71.658, -45.884 ], [ -71.658, -45.883 ], [ -71.658, -45.883 ], [ -71.658, -45.883 ], [ -71.658, -45.883 ], [ -71.659, -45.883 ], [ -71.659, -45.883 ], [ -71.660, -45.883 ], [ -71.660, -45.883 ], [ -71.660, -45.883 ], [ -71.661, -45.883 ], [ -71.661, -45.883 ], [ -71.662, -45.882 ], [ -71.662, -45.882 ], [ -71.663, -45.882 ], [ -71.663, -45.881 ], [ -71.664, -45.881 ], [ -71.664, -45.881 ], [ -71.665, -45.881 ], [ -71.665, -45.880 ], [ -71.666, -45.880 ], [ -71.666, -45.880 ], [ -71.667, -45.880 ], [ -71.667, -45.880 ], [ -71.667, -45.879 ], [ -71.666, -45.879 ], [ -71.667, -45.879 ], [ -71.667, -45.878 ], [ -71.667, -45.878 ], [ -71.668, -45.878 ], [ -71.668, -45.878 ], [ -71.669, -45.879 ], [ -71.669, -45.879 ], [ -71.670, -45.879 ], [ -71.670, -45.878 ], [ -71.670, -45.878 ], [ -71.669, -45.878 ], [ -71.669, -45.877 ], [ -71.670, -45.877 ], [ -71.670, -45.877 ], [ -71.670, -45.876 ], [ -71.670, -45.876 ], [ -71.670, -45.876 ], [ -71.670, -45.876 ], [ -71.669, -45.876 ], [ -71.669, -45.876 ], [ -71.668, -45.876 ], [ -71.668, -45.875 ], [ -71.669, -45.875 ], [ -71.669, -45.875 ], [ -71.670, -45.875 ], [ -71.670, -45.875 ], [ -71.671, -45.875 ], [ -71.671, -45.875 ], [ -71.672, -45.874 ], [ -71.672, -45.874 ], [ -71.673, -45.875 ], [ -71.674, -45.875 ], [ -71.674, -45.875 ], [ -71.674, -45.874 ], [ -71.675, -45.874 ], [ -71.675, -45.874 ], [ -71.676, -45.874 ], [ -71.676, -45.874 ], [ -71.677, -45.874 ], [ -71.677, -45.874 ], [ -71.678, -45.874 ], [ -71.679, -45.874 ], [ -71.680, -45.874 ], [ -71.680, -45.874 ], [ -71.681, -45.874 ], [ -71.681, -45.874 ], [ -71.681, -45.873 ], [ -71.681, -45.872 ], [ -71.681, -45.872 ], [ -71.681, -45.871 ], [ -71.682, -45.871 ], [ -71.682, -45.871 ], [ -71.683, -45.871 ], [ -71.684, -45.871 ], [ -71.684, -45.871 ], [ -71.685, -45.871 ], [ -71.685, -45.871 ], [ -71.686, -45.871 ], [ -71.686, -45.870 ], [ -71.686, -45.870 ], [ -71.686, -45.869 ], [ -71.686, -45.869 ], [ -71.687, -45.868 ], [ -71.688, -45.868 ], [ -71.688, -45.868 ], [ -71.689, -45.867 ], [ -71.690, -45.867 ], [ -71.690, -45.867 ], [ -71.691, -45.866 ], [ -71.691, -45.866 ], [ -71.691, -45.865 ], [ -71.692, -45.865 ], [ -71.692, -45.864 ], [ -71.692, -45.864 ], [ -71.693, -45.864 ], [ -71.693, -45.864 ], [ -71.694, -45.865 ], [ -71.694, -45.865 ], [ -71.695, -45.866 ], [ -71.695, -45.866 ], [ -71.696, -45.866 ], [ -71.697, -45.866 ], [ -71.697, -45.866 ], [ -71.698, -45.866 ], [ -71.698, -45.866 ], [ -71.698, -45.865 ], [ -71.698, -45.865 ], [ -71.699, -45.864 ], [ -71.699, -45.864 ], [ -71.700, -45.864 ], [ -71.700, -45.863 ], [ -71.700, -45.863 ], [ -71.700, -45.862 ], [ -71.700, -45.862 ], [ -71.701, -45.863 ], [ -71.701, -45.863 ], [ -71.702, -45.863 ], [ -71.702, -45.863 ], [ -71.703, -45.863 ], [ -71.703, -45.863 ], [ -71.704, -45.863 ], [ -71.704, -45.862 ], [ -71.704, -45.862 ], [ -71.704, -45.862 ], [ -71.703, -45.861 ], [ -71.703, -45.861 ], [ -71.703, -45.861 ], [ -71.704, -45.861 ], [ -71.704, -45.861 ], [ -71.704, -45.861 ], [ -71.705, -45.861 ], [ -71.706, -45.861 ], [ -71.707, -45.861 ], [ -71.707, -45.861 ], [ -71.708, -45.861 ], [ -71.709, -45.861 ], [ -71.709, -45.860 ], [ -71.710, -45.859 ], [ -71.710, -45.859 ], [ -71.710, -45.859 ], [ -71.711, -45.859 ], [ -71.711, -45.858 ], [ -71.711, -45.858 ], [ -71.711, -45.857 ], [ -71.712, -45.857 ], [ -71.713, -45.857 ], [ -71.713, -45.858 ], [ -71.714, -45.858 ], [ -71.714, -45.858 ], [ -71.715, -45.858 ], [ -71.715, -45.858 ], [ -71.716, -45.858 ], [ -71.716, -45.858 ], [ -71.717, -45.858 ], [ -71.717, -45.857 ], [ -71.716, -45.857 ], [ -71.716, -45.856 ], [ -71.716, -45.856 ], [ -71.716, -45.856 ], [ -71.715, -45.855 ], [ -71.715, -45.855 ], [ -71.715, -45.855 ], [ -71.715, -45.854 ], [ -71.715, -45.854 ], [ -71.716, -45.854 ], [ -71.717, -45.854 ], [ -71.718, -45.854 ], [ -71.719, -45.854 ], [ -71.720, -45.855 ], [ -71.720, -45.855 ], [ -71.721, -45.855 ], [ -71.721, -45.856 ], [ -71.721, -45.856 ], [ -71.723, -45.856 ], [ -71.724, -45.856 ], [ -71.724, -45.856 ], [ -71.725, -45.856 ], [ -71.725, -45.856 ], [ -71.726, -45.857 ], [ -71.726, -45.857 ], [ -71.726, -45.857 ], [ -71.727, -45.857 ], [ -71.727, -45.857 ], [ -71.728, -45.856 ], [ -71.728, -45.856 ], [ -71.728, -45.855 ], [ -71.728, -45.855 ], [ -71.728, -45.854 ], [ -71.728, -45.854 ], [ -71.728, -45.854 ], [ -71.727, -45.854 ], [ -71.727, -45.854 ], [ -71.727, -45.854 ], [ -71.726, -45.853 ], [ -71.726, -45.853 ], [ -71.727, -45.853 ], [ -71.727, -45.853 ], [ -71.727, -45.852 ], [ -71.728, -45.852 ], [ -71.728, -45.852 ], [ -71.729, -45.852 ], [ -71.730, -45.853 ], [ -71.730, -45.853 ], [ -71.730, -45.853 ], [ -71.730, -45.854 ], [ -71.730, -45.854 ], [ -71.730, -45.854 ], [ -71.731, -45.855 ], [ -71.731, -45.855 ], [ -71.732, -45.855 ], [ -71.733, -45.855 ], [ -71.733, -45.856 ], [ -71.734, -45.855 ], [ -71.734, -45.855 ], [ -71.734, -45.855 ], [ -71.734, -45.855 ], [ -71.735, -45.854 ], [ -71.735, -45.854 ], [ -71.735, -45.854 ], [ -71.736, -45.854 ], [ -71.736, -45.854 ], [ -71.737, -45.854 ], [ -71.737, -45.855 ], [ -71.737, -45.855 ], [ -71.737, -45.855 ], [ -71.737, -45.856 ], [ -71.737, -45.856 ], [ -71.737, -45.856 ], [ -71.737, -45.857 ], [ -71.737, -45.857 ], [ -71.738, -45.857 ], [ -71.739, -45.857 ], [ -71.740, -45.857 ], [ -71.740, -45.856 ], [ -71.740, -45.856 ], [ -71.741, -45.855 ], [ -71.741, -45.855 ], [ -71.740, -45.854 ], [ -71.740, -45.854 ], [ -71.741, -45.853 ], [ -71.742, -45.853 ], [ -71.743, -45.853 ], [ -71.745, -45.853 ], [ -71.746, -45.852 ], [ -71.747, -45.852 ], [ -71.748, -45.853 ], [ -71.748, -45.853 ], [ -71.748, -45.853 ], [ -71.749, -45.854 ], [ -71.749, -45.854 ], [ -71.749, -45.854 ], [ -71.750, -45.854 ], [ -71.750, -45.853 ], [ -71.750, -45.853 ], [ -71.750, -45.853 ], [ -71.749, -45.852 ], [ -71.748, -45.852 ], [ -71.749, -45.851 ], [ -71.749, -45.851 ], [ -71.749, -45.851 ], [ -71.750, -45.851 ], [ -71.750, -45.851 ], [ -71.751, -45.851 ], [ -71.752, -45.851 ], [ -71.753, -45.851 ], [ -71.753, -45.852 ], [ -71.753, -45.853 ], [ -71.754, -45.853 ], [ -71.755, -45.854 ], [ -71.755, -45.854 ], [ -71.756, -45.854 ], [ -71.757, -45.854 ], [ -71.757, -45.853 ], [ -71.757, -45.853 ], [ -71.757, -45.852 ], [ -71.756, -45.851 ], [ -71.755, -45.850 ], [ -71.755, -45.850 ], [ -71.756, -45.849 ], [ -71.756, -45.849 ], [ -71.757, -45.849 ], [ -71.759, -45.849 ], [ -71.759, -45.849 ], [ -71.760, -45.849 ], [ -71.760, -45.850 ], [ -71.760, -45.850 ], [ -71.759, -45.850 ], [ -71.759, -45.851 ], [ -71.759, -45.852 ], [ -71.759, -45.852 ], [ -71.760, -45.853 ], [ -71.760, -45.853 ], [ -71.761, -45.853 ], [ -71.761, -45.853 ], [ -71.763, -45.852 ], [ -71.763, -45.851 ], [ -71.764, -45.851 ], [ -71.764, -45.850 ], [ -71.763, -45.849 ], [ -71.763, -45.848 ], [ -71.762, -45.847 ], [ -71.762, -45.847 ], [ -71.762, -45.846 ], [ -71.763, -45.846 ], [ -71.763, -45.846 ], [ -71.764, -45.846 ], [ -71.765, -45.847 ], [ -71.766, -45.847 ], [ -71.767, -45.847 ], [ -71.767, -45.846 ], [ -71.768, -45.846 ], [ -71.769, -45.846 ], [ -71.769, -45.846 ], [ -71.769, -45.845 ], [ -71.768, -45.845 ], [ -71.768, -45.845 ], [ -71.768, -45.844 ], [ -71.768, -45.844 ], [ -71.768, -45.844 ], [ -71.768, -45.843 ], [ -71.768, -45.843 ], [ -71.768, -45.843 ], [ -71.768, -45.842 ], [ -71.767, -45.842 ], [ -71.767, -45.842 ], [ -71.767, -45.841 ], [ -71.767, -45.841 ], [ -71.766, -45.841 ], [ -71.766, -45.841 ], [ -71.766, -45.840 ], [ -71.766, -45.840 ], [ -71.766, -45.840 ], [ -71.766, -45.839 ], [ -71.766, -45.839 ], [ -71.766, -45.839 ], [ -71.766, -45.838 ], [ -71.766, -45.838 ], [ -71.766, -45.838 ], [ -71.767, -45.837 ], [ -71.767, -45.837 ], [ -71.767, -45.837 ], [ -71.768, -45.837 ], [ -71.768, -45.836 ], [ -71.768, -45.836 ], [ -71.768, -45.835 ], [ -71.767, -45.835 ], [ -71.767, -45.835 ], [ -71.767, -45.835 ], [ -71.766, -45.835 ], [ -71.766, -45.835 ], [ -71.766, -45.835 ], [ -71.765, -45.835 ], [ -71.765, -45.835 ], [ -71.765, -45.834 ], [ -71.765, -45.834 ], [ -71.764, -45.834 ], [ -71.764, -45.834 ], [ -71.763, -45.834 ], [ -71.763, -45.834 ], [ -71.764, -45.833 ], [ -71.764, -45.833 ], [ -71.763, -45.833 ], [ -71.763, -45.833 ], [ -71.763, -45.832 ], [ -71.763, -45.832 ], [ -71.762, -45.832 ], [ -71.763, -45.832 ], [ -71.763, -45.831 ], [ -71.763, -45.831 ], [ -71.762, -45.831 ], [ -71.762, -45.831 ], [ -71.762, -45.831 ], [ -71.761, -45.831 ], [ -71.761, -45.831 ], [ -71.761, -45.830 ], [ -71.761, -45.830 ], [ -71.761, -45.830 ], [ -71.761, -45.829 ], [ -71.760, -45.829 ], [ -71.760, -45.829 ], [ -71.760, -45.829 ], [ -71.760, -45.828 ], [ -71.759, -45.828 ], [ -71.759, -45.829 ], [ -71.758, -45.828 ], [ -71.758, -45.828 ], [ -71.758, -45.828 ], [ -71.757, -45.828 ], [ -71.757, -45.827 ], [ -71.757, -45.827 ], [ -71.757, -45.827 ], [ -71.757, -45.826 ], [ -71.756, -45.826 ], [ -71.756, -45.826 ], [ -71.756, -45.825 ], [ -71.756, -45.825 ], [ -71.755, -45.825 ], [ -71.755, -45.825 ], [ -71.755, -45.824 ], [ -71.755, -45.824 ], [ -71.755, -45.824 ], [ -71.754, -45.824 ], [ -71.754, -45.823 ], [ -71.754, -45.823 ], [ -71.753, -45.823 ], [ -71.753, -45.823 ], [ -71.753, -45.822 ], [ -71.753, -45.822 ], [ -71.753, -45.822 ], [ -71.753, -45.821 ], [ -71.752, -45.821 ], [ -71.752, -45.820 ], [ -71.753, -45.820 ], [ -71.753, -45.820 ], [ -71.753, -45.820 ], [ -71.753, -45.819 ], [ -71.753, -45.819 ], [ -71.753, -45.819 ], [ -71.753, -45.818 ], [ -71.753, -45.818 ], [ -71.754, -45.817 ], [ -71.753, -45.817 ], [ -71.753, -45.817 ], [ -71.752, -45.817 ], [ -71.752, -45.816 ], [ -71.752, -45.816 ], [ -71.751, -45.816 ], [ -71.751, -45.816 ], [ -71.751, -45.816 ], [ -71.751, -45.815 ], [ -71.750, -45.815 ], [ -71.750, -45.815 ], [ -71.750, -45.814 ], [ -71.750, -45.814 ], [ -71.750, -45.813 ], [ -71.749, -45.813 ], [ -71.750, -45.813 ], [ -71.749, -45.812 ], [ -71.749, -45.812 ], [ -71.749, -45.812 ], [ -71.748, -45.812 ], [ -71.748, -45.812 ], [ -71.748, -45.812 ], [ -71.748, -45.811 ], [ -71.748, -45.811 ], [ -71.747, -45.810 ], [ -71.747, -45.810 ], [ -71.747, -45.810 ], [ -71.746, -45.810 ], [ -71.745, -45.810 ], [ -71.745, -45.809 ], [ -71.744, -45.809 ], [ -71.744, -45.809 ], [ -71.744, -45.808 ], [ -71.743, -45.808 ], [ -71.743, -45.808 ], [ -71.743, -45.808 ], [ -71.742, -45.808 ], [ -71.742, -45.807 ], [ -71.741, -45.807 ], [ -71.740, -45.807 ], [ -71.740, -45.806 ], [ -71.740, -45.806 ], [ -71.741, -45.806 ], [ -71.741, -45.805 ], [ -71.742, -45.805 ], [ -71.742, -45.805 ], [ -71.742, -45.805 ], [ -71.743, -45.804 ], [ -71.743, -45.804 ], [ -71.743, -45.803 ], [ -71.743, -45.803 ], [ -71.743, -45.802 ], [ -71.743, -45.802 ], [ -71.743, -45.801 ], [ -71.743, -45.801 ], [ -71.743, -45.801 ], [ -71.743, -45.800 ], [ -71.743, -45.800 ], [ -71.743, -45.799 ], [ -71.744, -45.799 ], [ -71.744, -45.799 ], [ -71.744, -45.798 ], [ -71.744, -45.798 ], [ -71.745, -45.798 ], [ -71.745, -45.798 ], [ -71.746, -45.798 ], [ -71.746, -45.798 ], [ -71.746, -45.798 ], [ -71.747, -45.798 ], [ -71.747, -45.797 ], [ -71.747, -45.797 ], [ -71.748, -45.796 ], [ -71.748, -45.796 ], [ -71.748, -45.796 ], [ -71.749, -45.796 ], [ -71.749, -45.795 ], [ -71.749, -45.795 ], [ -71.750, -45.795 ], [ -71.750, -45.794 ], [ -71.751, -45.794 ], [ -71.752, -45.794 ], [ -71.752, -45.793 ], [ -71.758, -45.791 ], [ -71.759, -45.790 ], [ -71.759, -45.789 ], [ -71.760, -45.788 ], [ -71.761, -45.788 ], [ -71.761, -45.788 ], [ -71.761, -45.787 ], [ -71.761, -45.787 ], [ -71.761, -45.786 ], [ -71.760, -45.785 ], [ -71.760, -45.785 ], [ -71.760, -45.784 ], [ -71.760, -45.784 ], [ -71.760, -45.783 ], [ -71.759, -45.782 ], [ -71.759, -45.782 ], [ -71.759, -45.781 ], [ -71.758, -45.781 ], [ -71.758, -45.781 ], [ -71.758, -45.780 ], [ -71.757, -45.780 ], [ -71.757, -45.780 ], [ -71.757, -45.779 ], [ -71.756, -45.779 ], [ -71.756, -45.778 ], [ -71.756, -45.778 ], [ -71.756, -45.778 ], [ -71.755, -45.777 ], [ -71.755, -45.777 ], [ -71.755, -45.776 ], [ -71.755, -45.776 ], [ -71.755, -45.775 ], [ -71.754, -45.775 ], [ -71.754, -45.774 ], [ -71.753, -45.774 ], [ -71.753, -45.774 ], [ -71.753, -45.773 ], [ -71.753, -45.773 ], [ -71.753, -45.773 ], [ -71.753, -45.773 ], [ -71.753, -45.772 ], [ -71.753, -45.772 ], [ -71.754, -45.772 ], [ -71.754, -45.771 ], [ -71.754, -45.771 ], [ -71.754, -45.770 ], [ -71.754, -45.770 ], [ -71.754, -45.770 ], [ -71.754, -45.769 ], [ -71.755, -45.769 ], [ -71.755, -45.769 ], [ -71.755, -45.768 ], [ -71.756, -45.768 ], [ -71.756, -45.768 ], [ -71.756, -45.767 ], [ -71.757, -45.767 ], [ -71.757, -45.767 ], [ -71.757, -45.767 ], [ -71.758, -45.767 ], [ -71.758, -45.766 ], [ -71.758, -45.766 ], [ -71.733, -45.766 ], [ -71.699, -45.766 ], [ -71.666, -45.766 ], [ -71.666, -45.799 ], [ -71.633, -45.799 ], [ -71.599, -45.799 ], [ -71.599, -45.833 ], [ -71.566, -45.833 ], [ -71.533, -45.833 ], [ -71.533, -45.866 ], [ -71.499, -45.866 ], [ -71.499, -45.833 ], [ -71.466, -45.833 ], [ -71.433, -45.833 ], [ -71.433, -45.799 ], [ -71.466, -45.799 ], [ -71.466, -45.766 ], [ -71.466, -45.733 ], [ -71.433, -45.733 ], [ -71.433, -45.699 ], [ -71.433, -45.666 ], [ -71.433, -45.633 ], [ -71.466, -45.633 ], [ -71.499, -45.633 ], [ -71.533, -45.633 ], [ -71.566, -45.633 ], [ -71.599, -45.633 ], [ -71.599, -45.599 ], [ -71.566, -45.599 ], [ -71.533, -45.599 ], [ -71.499, -45.599 ], [ -71.466, -45.599 ], [ -71.433, -45.599 ], [ -71.399, -45.599 ], [ -71.366, -45.599 ], [ -71.333, -45.599 ], [ -71.333, -45.566 ], [ -71.299, -45.566 ], [ -71.299, -45.599 ], [ -71.266, -45.599 ], [ -71.233, -45.599 ], [ -71.233, -45.633 ], [ -71.266, -45.633 ], [ -71.299, -45.633 ], [ -71.299, -45.666 ], [ -71.266, -45.666 ], [ -71.266, -45.699 ], [ -71.266, -45.733 ], [ -71.299, -45.733 ], [ -71.299, -45.766 ], [ -71.266, -45.766 ], [ -71.266, -45.799 ], [ -71.266, -45.833 ], [ -71.299, -45.833 ], [ -71.333, -45.833 ], [ -71.366, -45.833 ], [ -71.366, -45.866 ], [ -71.399, -45.866 ], [ -71.433, -45.866 ], [ -71.466, -45.866 ], [ -71.466, -45.899 ], [ -71.499, -45.899 ], [ -71.499, -45.933 ], [ -71.499, -45.966 ], [ -71.499, -45.999 ], [ -71.466, -45.999 ], [ -71.433, -45.999 ], [ -71.399, -45.999 ], [ -71.366, -45.999 ], [ -71.333, -45.999 ], [ -71.333, -46.033 ], [ -71.299, -46.033 ], [ -71.299, -45.999 ], [ -71.266, -45.999 ], [ -71.266, -45.966 ], [ -71.233, -45.966 ], [ -71.199, -45.966 ], [ -71.199, -45.999 ], [ -71.166, -45.999 ], [ -71.166, -45.966 ], [ -71.133, -45.966 ], [ -71.133, -45.933 ], [ -71.099, -45.933 ], [ -71.066, -45.933 ], [ -71.033, -45.933 ], [ -71.033, -45.899 ], [ -70.999, -45.899 ], [ -70.966, -45.899 ], [ -70.966, -45.933 ], [ -70.999, -45.933 ], [ -70.999, -45.966 ], [ -71.033, -45.966 ], [ -71.033, -45.999 ], [ -71.066, -45.999 ], [ -71.066, -46.033 ], [ -71.099, -46.033 ], [ -71.133, -46.033 ], [ -71.133, -46.066 ], [ -71.166, -46.066 ], [ -71.199, -46.066 ], [ -71.233, -46.066 ], [ -71.233, -46.099 ], [ -71.233, -46.133 ], [ -71.266, -46.133 ], [ -71.299, -46.133 ] ] ], [ [ [ -71.333, -45.399 ], [ -71.366, -45.399 ], [ -71.376, -45.389 ], [ -71.373, -45.385 ], [ -71.371, -45.378 ], [ -71.365, -45.367 ], [ -71.365, -45.366 ], [ -71.333, -45.366 ], [ -71.299, -45.366 ], [ -71.266, -45.366 ], [ -71.233, -45.366 ], [ -71.199, -45.366 ], [ -71.199, -45.399 ], [ -71.233, -45.399 ], [ -71.266, -45.399 ], [ -71.299, -45.399 ], [ -71.333, -45.399 ] ] ], [ [ [ -71.033, -45.066 ], [ -71.066, -45.066 ], [ -71.066, -45.033 ], [ -71.033, -45.033 ], [ -70.999, -45.033 ], [ -70.999, -45.066 ], [ -71.033, -45.066 ] ] ], [ [ [ -71.333, -44.966 ], [ -71.333, -44.999 ], [ -71.299, -44.999 ], [ -71.266, -44.999 ], [ -71.233, -44.999 ], [ -71.233, -45.033 ], [ -71.233, -45.066 ], [ -71.266, -45.066 ], [ -71.299, -45.066 ], [ -71.299, -45.099 ], [ -71.266, -45.099 ], [ -71.266, -45.133 ], [ -71.266, -45.166 ], [ -71.299, -45.166 ], [ -71.333, -45.166 ], [ -71.366, -45.166 ], [ -71.399, -45.166 ], [ -71.406, -45.173 ], [ -71.411, -45.171 ], [ -71.420, -45.170 ], [ -71.428, -45.169 ], [ -71.433, -45.168 ], [ -71.433, -45.133 ], [ -71.466, -45.133 ], [ -71.470, -45.130 ], [ -71.475, -45.126 ], [ -71.479, -45.123 ], [ -71.484, -45.119 ], [ -71.488, -45.115 ], [ -71.490, -45.110 ], [ -71.49, -45.103 ], [ -71.490, -45.097 ], [ -71.511, -45.099 ], [ -71.510, -45.095 ], [ -71.508, -45.091 ], [ -71.506, -45.083 ], [ -71.504, -45.075 ], [ -71.505, -45.071 ], [ -71.507, -45.065 ], [ -71.510, -45.060 ], [ -71.515, -45.057 ], [ -71.520, -45.054 ], [ -71.524, -45.048 ], [ -71.533, -45.041 ], [ -71.536, -45.037 ], [ -71.537, -45.033 ], [ -71.499, -45.033 ], [ -71.499, -44.999 ], [ -71.499, -44.966 ], [ -71.466, -44.966 ], [ -71.433, -44.966 ], [ -71.433, -44.999 ], [ -71.399, -44.999 ], [ -71.399, -44.966 ], [ -71.366, -44.966 ], [ -71.333, -44.966 ] ] ], [ [ [ -71.166, -44.966 ], [ -71.199, -44.966 ], [ -71.199, -44.933 ], [ -71.166, -44.933 ], [ -71.166, -44.966 ] ] ], [ [ [ -71.666, -44.933 ], [ -71.633, -44.933 ], [ -71.599, -44.933 ], [ -71.599, -44.899 ], [ -71.566, -44.899 ], [ -71.566, -44.933 ], [ -71.533, -44.933 ], [ -71.533, -44.966 ], [ -71.566, -44.966 ], [ -71.579, -44.979 ], [ -71.584, -44.979 ], [ -71.597, -44.973 ], [ -71.605, -44.972 ], [ -71.612, -44.974 ], [ -71.621, -44.974 ], [ -71.627, -44.973 ], [ -71.632, -44.972 ], [ -71.637, -44.971 ], [ -71.642, -44.972 ], [ -71.654, -44.973 ], [ -71.663, -44.973 ], [ -71.666, -44.972 ], [ -71.666, -44.933 ] ] ], [ [ [ -69.599, -44.966 ], [ -69.599, -44.999 ], [ -69.599, -45.033 ], [ -69.599, -45.066 ], [ -69.633, -45.066 ], [ -69.666, -45.066 ], [ -69.666, -45.033 ], [ -69.666, -44.999 ], [ -69.666, -44.966 ], [ -69.699, -44.966 ], [ -69.699, -44.933 ], [ -69.666, -44.933 ], [ -69.666, -44.899 ], [ -69.633, -44.899 ], [ -69.599, -44.899 ], [ -69.599, -44.933 ], [ -69.599, -44.966 ] ] ], [ [ [ -71.666, -44.933 ], [ -71.699, -44.933 ], [ -71.733, -44.933 ], [ -71.733, -44.899 ], [ -71.766, -44.899 ], [ -71.799, -44.899 ], [ -71.833, -44.899 ], [ -71.833, -44.866 ], [ -71.799, -44.866 ], [ -71.766, -44.866 ], [ -71.733, -44.866 ], [ -71.699, -44.866 ], [ -71.699, -44.899 ], [ -71.666, -44.899 ], [ -71.666, -44.933 ] ] ], [ [ [ -71.833, -44.833 ], [ -71.833, -44.866 ], [ -71.866, -44.866 ], [ -71.899, -44.866 ], [ -71.899, -44.899 ], [ -71.866, -44.899 ], [ -71.866, -44.945 ], [ -71.867, -44.946 ], [ -71.875, -44.949 ], [ -71.883, -44.948 ], [ -71.891, -44.948 ], [ -71.895, -44.947 ], [ -71.901, -44.949 ], [ -71.906, -44.948 ], [ -71.910, -44.947 ], [ -71.912, -44.944 ], [ -71.916, -44.943 ], [ -71.922, -44.943 ], [ -71.926, -44.944 ], [ -71.929, -44.943 ], [ -71.932, -44.942 ], [ -71.933, -44.942 ], [ -71.933, -44.899 ], [ -71.966, -44.899 ], [ -71.977, -44.910 ], [ -71.977, -44.909 ], [ -71.979, -44.907 ], [ -71.979, -44.905 ], [ -71.978, -44.903 ], [ -71.981, -44.902 ], [ -71.984, -44.901 ], [ -71.988, -44.900 ], [ -71.991, -44.901 ], [ -71.995, -44.901 ], [ -71.999, -44.901 ], [ -71.999, -44.900 ], [ -71.999, -44.866 ], [ -72.033, -44.866 ], [ -72.046, -44.866 ], [ -72.043, -44.866 ], [ -72.041, -44.864 ], [ -72.041, -44.862 ], [ -72.043, -44.858 ], [ -72.048, -44.857 ], [ -72.053, -44.856 ], [ -72.058, -44.853 ], [ -72.067, -44.850 ], [ -72.065, -44.847 ], [ -72.065, -44.843 ], [ -72.064, -44.838 ], [ -72.060, -44.837 ], [ -72.057, -44.838 ], [ -72.054, -44.837 ], [ -72.052, -44.836 ], [ -72.050, -44.835 ], [ -72.050, -44.833 ], [ -72.050, -44.832 ], [ -72.050, -44.831 ], [ -72.047, -44.829 ], [ -72.047, -44.827 ], [ -72.046, -44.824 ], [ -72.045, -44.823 ], [ -72.043, -44.822 ], [ -72.041, -44.820 ], [ -72.040, -44.818 ], [ -72.038, -44.816 ], [ -72.036, -44.814 ], [ -72.036, -44.812 ], [ -72.038, -44.809 ], [ -72.038, -44.808 ], [ -72.036, -44.807 ], [ -72.034, -44.805 ], [ -72.034, -44.804 ], [ -72.036, -44.801 ], [ -72.038, -44.798 ], [ -72.041, -44.796 ], [ -72.044, -44.795 ], [ -72.049, -44.795 ], [ -72.052, -44.794 ], [ -72.056, -44.793 ], [ -72.060, -44.790 ], [ -72.065, -44.788 ], [ -72.068, -44.786 ], [ -72.069, -44.783 ], [ -72.072, -44.781 ], [ -72.068, -44.780 ], [ -72.065, -44.778 ], [ -72.064, -44.775 ], [ -72.062, -44.771 ], [ -72.064, -44.768 ], [ -72.064, -44.764 ], [ -72.066, -44.760 ], [ -72.065, -44.758 ], [ -72.064, -44.757 ], [ -72.060, -44.756 ], [ -72.056, -44.756 ], [ -72.049, -44.758 ], [ -72.040, -44.758 ], [ -72.038, -44.761 ], [ -72.035, -44.762 ], [ -72.034, -44.764 ], [ -72.031, -44.765 ], [ -72.028, -44.764 ], [ -72.025, -44.761 ], [ -72.024, -44.758 ], [ -72.021, -44.757 ], [ -72.018, -44.756 ], [ -72.016, -44.757 ], [ -72.014, -44.758 ], [ -72.014, -44.760 ], [ -72.014, -44.762 ], [ -72.013, -44.764 ], [ -72.010, -44.766 ], [ -72.007, -44.767 ], [ -72.007, -44.770 ], [ -72.009, -44.772 ], [ -72.008, -44.774 ], [ -72.006, -44.777 ], [ -72.005, -44.780 ], [ -72.006, -44.782 ], [ -72.004, -44.784 ], [ -72.002, -44.785 ], [ -71.997, -44.786 ], [ -71.996, -44.786 ], [ -71.991, -44.784 ], [ -71.988, -44.781 ], [ -71.985, -44.780 ], [ -71.980, -44.781 ], [ -71.976, -44.783 ], [ -71.967, -44.785 ], [ -71.961, -44.785 ], [ -71.955, -44.785 ], [ -71.951, -44.789 ], [ -71.946, -44.790 ], [ -71.943, -44.790 ], [ -71.933, -44.799 ], [ -71.899, -44.799 ], [ -71.889, -44.789 ], [ -71.889, -44.791 ], [ -71.887, -44.793 ], [ -71.886, -44.795 ], [ -71.885, -44.796 ], [ -71.883, -44.795 ], [ -71.880, -44.794 ], [ -71.877, -44.794 ], [ -71.873, -44.795 ], [ -71.871, -44.796 ], [ -71.866, -44.798 ], [ -71.866, -44.833 ], [ -71.833, -44.833 ] ] ], [ [ [ -71.833, -44.833 ], [ -71.833, -44.792 ], [ -71.830, -44.791 ], [ -71.825, -44.791 ], [ -71.822, -44.792 ], [ -71.818, -44.793 ], [ -71.815, -44.794 ], [ -71.813, -44.791 ], [ -71.811, -44.788 ], [ -71.810, -44.786 ], [ -71.811, -44.784 ], [ -71.815, -44.783 ], [ -71.819, -44.782 ], [ -71.822, -44.781 ], [ -71.824, -44.779 ], [ -71.824, -44.776 ], [ -71.821, -44.773 ], [ -71.817, -44.770 ], [ -71.814, -44.767 ], [ -71.810, -44.763 ], [ -71.805, -44.760 ], [ -71.800, -44.758 ], [ -71.795, -44.756 ], [ -71.792, -44.754 ], [ -71.791, -44.753 ], [ -71.789, -44.752 ], [ -71.786, -44.752 ], [ -71.783, -44.751 ], [ -71.781, -44.752 ], [ -71.777, -44.754 ], [ -71.771, -44.755 ], [ -71.766, -44.758 ], [ -71.765, -44.760 ], [ -71.764, -44.762 ], [ -71.761, -44.762 ], [ -71.755, -44.762 ], [ -71.753, -44.762 ], [ -71.752, -44.761 ], [ -71.750, -44.761 ], [ -71.747, -44.762 ], [ -71.745, -44.763 ], [ -71.742, -44.765 ], [ -71.737, -44.767 ], [ -71.735, -44.768 ], [ -71.727, -44.767 ], [ -71.711, -44.767 ], [ -71.705, -44.768 ], [ -71.699, -44.767 ], [ -71.699, -44.799 ], [ -71.666, -44.799 ], [ -71.650, -44.783 ], [ -71.649, -44.783 ], [ -71.640, -44.782 ], [ -71.631, -44.778 ], [ -71.619, -44.776 ], [ -71.611, -44.777 ], [ -71.606, -44.778 ], [ -71.597, -44.779 ], [ -71.593, -44.780 ], [ -71.591, -44.774 ], [ -71.593, -44.768 ], [ -71.590, -44.763 ], [ -71.586, -44.759 ], [ -71.584, -44.756 ], [ -71.581, -44.754 ], [ -71.578, -44.754 ], [ -71.574, -44.754 ], [ -71.571, -44.756 ], [ -71.569, -44.757 ], [ -71.567, -44.759 ], [ -71.563, -44.756 ], [ -71.558, -44.754 ], [ -71.552, -44.753 ], [ -71.547, -44.752 ], [ -71.533, -44.766 ], [ -71.499, -44.766 ], [ -71.466, -44.766 ], [ -71.452, -44.752 ], [ -71.452, -44.753 ], [ -71.449, -44.752 ], [ -71.446, -44.752 ], [ -71.441, -44.752 ], [ -71.437, -44.754 ], [ -71.434, -44.755 ], [ -71.433, -44.756 ], [ -71.433, -44.799 ], [ -71.433, -44.833 ], [ -71.399, -44.833 ], [ -71.366, -44.833 ], [ -71.333, -44.833 ], [ -71.299, -44.833 ], [ -71.266, -44.833 ], [ -71.266, -44.806 ], [ -71.265, -44.806 ], [ -71.263, -44.805 ], [ -71.260, -44.802 ], [ -71.255, -44.801 ], [ -71.251, -44.800 ], [ -71.245, -44.796 ], [ -71.240, -44.792 ], [ -71.233, -44.799 ], [ -71.199, -44.799 ], [ -71.199, -44.766 ], [ -71.212, -44.754 ], [ -71.210, -44.752 ], [ -71.207, -44.749 ], [ -71.206, -44.747 ], [ -71.208, -44.744 ], [ -71.207, -44.742 ], [ -71.203, -44.738 ], [ -71.201, -44.736 ], [ -71.203, -44.734 ], [ -71.202, -44.731 ], [ -71.202, -44.726 ], [ -71.202, -44.721 ], [ -71.203, -44.718 ], [ -71.204, -44.716 ], [ -71.207, -44.714 ], [ -71.210, -44.714 ], [ -71.214, -44.712 ], [ -71.213, -44.708 ], [ -71.211, -44.704 ], [ -71.210, -44.701 ], [ -71.208, -44.696 ], [ -71.202, -44.692 ], [ -71.198, -44.688 ], [ -71.197, -44.685 ], [ -71.197, -44.681 ], [ -71.199, -44.678 ], [ -71.202, -44.676 ], [ -71.203, -44.673 ], [ -71.208, -44.670 ], [ -71.210, -44.666 ], [ -71.166, -44.666 ], [ -71.133, -44.666 ], [ -71.099, -44.666 ], [ -71.066, -44.666 ], [ -71.066, -44.699 ], [ -71.033, -44.699 ], [ -71.033, -44.666 ], [ -70.999, -44.666 ], [ -70.999, -44.699 ], [ -70.999, -44.733 ], [ -70.966, -44.733 ], [ -70.933, -44.733 ], [ -70.933, -44.766 ], [ -70.899, -44.766 ], [ -70.899, -44.799 ], [ -70.899, -44.833 ], [ -70.933, -44.833 ], [ -70.966, -44.833 ], [ -70.999, -44.833 ], [ -70.999, -44.866 ], [ -71.033, -44.866 ], [ -71.066, -44.866 ], [ -71.099, -44.866 ], [ -71.133, -44.866 ], [ -71.133, -44.899 ], [ -71.166, -44.899 ], [ -71.199, -44.899 ], [ -71.233, -44.899 ], [ -71.266, -44.899 ], [ -71.266, -44.866 ], [ -71.299, -44.866 ], [ -71.299, -44.899 ], [ -71.333, -44.899 ], [ -71.333, -44.933 ], [ -71.366, -44.933 ], [ -71.399, -44.933 ], [ -71.433, -44.933 ], [ -71.466, -44.933 ], [ -71.466, -44.899 ], [ -71.499, -44.899 ], [ -71.499, -44.866 ], [ -71.533, -44.866 ], [ -71.533, -44.833 ], [ -71.566, -44.833 ], [ -71.599, -44.833 ], [ -71.633, -44.833 ], [ -71.666, -44.833 ], [ -71.699, -44.833 ], [ -71.733, -44.833 ], [ -71.766, -44.833 ], [ -71.799, -44.833 ], [ -71.833, -44.833 ] ], [ [ -71.066, -44.799 ], [ -71.033, -44.799 ], [ -71.033, -44.766 ], [ -71.066, -44.766 ], [ -71.066, -44.799 ], [ -71.099, -44.799 ], [ -71.099, -44.833 ], [ -71.066, -44.833 ], [ -71.066, -44.799 ] ] ], [ [ [ -69.533, -44.633 ], [ -69.566, -44.633 ], [ -69.566, -44.666 ], [ -69.533, -44.666 ], [ -69.533, -44.633 ], [ -69.499, -44.633 ], [ -69.499, -44.666 ], [ -69.466, -44.666 ], [ -69.466, -44.699 ], [ -69.466, -44.733 ], [ -69.499, -44.733 ], [ -69.533, -44.733 ], [ -69.533, -44.766 ], [ -69.566, -44.766 ], [ -69.566, -44.799 ], [ -69.599, -44.799 ], [ -69.633, -44.799 ], [ -69.633, -44.766 ], [ -69.666, -44.766 ], [ -69.666, -44.733 ], [ -69.699, -44.733 ], [ -69.699, -44.699 ], [ -69.699, -44.666 ], [ -69.699, -44.633 ], [ -69.666, -44.633 ], [ -69.633, -44.633 ], [ -69.599, -44.633 ], [ -69.599, -44.599 ], [ -69.566, -44.599 ], [ -69.533, -44.599 ], [ -69.533, -44.633 ] ] ], [ [ [ -71.233, -44.099 ], [ -71.266, -44.099 ], [ -71.266, -44.066 ], [ -71.233, -44.066 ], [ -71.233, -44.099 ] ] ], [ [ [ -71.699, -44.066 ], [ -71.736, -44.066 ], [ -71.735, -44.065 ], [ -71.735, -44.064 ], [ -71.731, -44.060 ], [ -71.728, -44.055 ], [ -71.725, -44.051 ], [ -71.722, -44.049 ], [ -71.721, -44.046 ], [ -71.720, -44.043 ], [ -71.718, -44.039 ], [ -71.715, -44.037 ], [ -71.714, -44.034 ], [ -71.716, -44.032 ], [ -71.717, -44.030 ], [ -71.716, -44.025 ], [ -71.713, -44.022 ], [ -71.712, -44.021 ], [ -71.699, -44.033 ], [ -71.699, -44.066 ] ] ], [ [ [ -71.633, -43.999 ], [ -71.633, -44.033 ], [ -71.666, -44.033 ], [ -71.666, -43.999 ], [ -71.633, -43.999 ] ] ], [ [ [ -71.633, -43.999 ], [ -71.633, -43.966 ], [ -71.599, -43.966 ], [ -71.566, -43.966 ], [ -71.566, -43.999 ], [ -71.599, -43.999 ], [ -71.633, -43.999 ] ] ], [ [ [ -69.499, -44.066 ], [ -69.499, -44.099 ], [ -69.466, -44.099 ], [ -69.466, -44.133 ], [ -69.466, -44.166 ], [ -69.499, -44.166 ], [ -69.533, -44.166 ], [ -69.533, -44.133 ], [ -69.566, -44.133 ], [ -69.566, -44.099 ], [ -69.566, -44.066 ], [ -69.566, -44.033 ], [ -69.566, -43.999 ], [ -69.533, -43.999 ], [ -69.533, -43.966 ], [ -69.499, -43.966 ], [ -69.499, -43.999 ], [ -69.499, -44.033 ], [ -69.499, -44.066 ] ] ], [ [ [ -70.199, -43.899 ], [ -70.199, -43.933 ], [ -70.233, -43.933 ], [ -70.233, -43.966 ], [ -70.266, -43.966 ], [ -70.266, -43.933 ], [ -70.266, -43.899 ], [ -70.233, -43.899 ], [ -70.199, -43.899 ] ] ], [ [ [ -70.033, -43.933 ], [ -69.999, -43.933 ], [ -69.966, -43.933 ], [ -69.933, -43.933 ], [ -69.933, -43.899 ], [ -69.899, -43.899 ], [ -69.899, -43.933 ], [ -69.899, -43.966 ], [ -69.933, -43.966 ], [ -69.933, -43.999 ], [ -69.966, -43.999 ], [ -69.999, -43.999 ], [ -69.999, -43.966 ], [ -70.033, -43.966 ], [ -70.033, -43.933 ] ] ], [ [ [ -70.033, -43.933 ], [ -70.066, -43.933 ], [ -70.099, -43.933 ], [ -70.133, -43.933 ], [ -70.166, -43.933 ], [ -70.166, -43.899 ], [ -70.199, -43.899 ], [ -70.199, -43.866 ], [ -70.166, -43.866 ], [ -70.133, -43.866 ], [ -70.133, -43.899 ], [ -70.099, -43.899 ], [ -70.066, -43.899 ], [ -70.033, -43.899 ], [ -70.033, -43.933 ] ] ], [ [ [ -71.599, -43.833 ], [ -71.599, -43.866 ], [ -71.566, -43.866 ], [ -71.566, -43.899 ], [ -71.599, -43.899 ], [ -71.633, -43.899 ], [ -71.666, -43.899 ], [ -71.668, -43.901 ], [ -71.668, -43.901 ], [ -71.671, -43.903 ], [ -71.675, -43.905 ], [ -71.679, -43.904 ], [ -71.684, -43.904 ], [ -71.688, -43.903 ], [ -71.692, -43.903 ], [ -71.695, -43.902 ], [ -71.695, -43.899 ], [ -71.697, -43.897 ], [ -71.702, -43.895 ], [ -71.706, -43.894 ], [ -71.706, -43.890 ], [ -71.706, -43.887 ], [ -71.705, -43.883 ], [ -71.706, -43.881 ], [ -71.705, -43.879 ], [ -71.703, -43.878 ], [ -71.703, -43.875 ], [ -71.704, -43.872 ], [ -71.705, -43.870 ], [ -71.704, -43.868 ], [ -71.705, -43.866 ], [ -71.707, -43.863 ], [ -71.708, -43.861 ], [ -71.708, -43.858 ], [ -71.707, -43.855 ], [ -71.706, -43.853 ], [ -71.701, -43.852 ], [ -71.696, -43.851 ], [ -71.693, -43.851 ], [ -71.688, -43.849 ], [ -71.685, -43.847 ], [ -71.683, -43.843 ], [ -71.682, -43.841 ], [ -71.679, -43.841 ], [ -71.675, -43.842 ], [ -71.671, -43.843 ], [ -71.668, -43.842 ], [ -71.666, -43.840 ], [ -71.665, -43.837 ], [ -71.662, -43.835 ], [ -71.659, -43.833 ], [ -71.657, -43.831 ], [ -71.654, -43.829 ], [ -71.651, -43.826 ], [ -71.652, -43.823 ], [ -71.651, -43.820 ], [ -71.648, -43.817 ], [ -71.633, -43.833 ], [ -71.599, -43.833 ] ] ], [ [ [ -71.599, -43.833 ], [ -71.599, -43.799 ], [ -71.566, -43.799 ], [ -71.566, -43.833 ], [ -71.599, -43.833 ] ] ], [ [ [ -71.499, -43.799 ], [ -71.499, -43.833 ], [ -71.533, -43.833 ], [ -71.533, -43.799 ], [ -71.499, -43.799 ] ] ], [ [ [ -70.833, -43.899 ], [ -70.866, -43.899 ], [ -70.866, -43.866 ], [ -70.833, -43.866 ], [ -70.833, -43.833 ], [ -70.833, -43.799 ], [ -70.799, -43.799 ], [ -70.766, -43.799 ], [ -70.766, -43.833 ], [ -70.766, -43.866 ], [ -70.799, -43.866 ], [ -70.799, -43.899 ], [ -70.833, -43.899 ] ] ], [ [ [ -70.766, -43.766 ], [ -70.799, -43.766 ], [ -70.799, -43.733 ], [ -70.766, -43.733 ], [ -70.733, -43.733 ], [ -70.733, -43.766 ], [ -70.766, -43.766 ] ] ], [ [ [ -71.499, -43.799 ], [ -71.499, -43.766 ], [ -71.466, -43.766 ], [ -71.466, -43.733 ], [ -71.466, -43.699 ], [ -71.433, -43.699 ], [ -71.433, -43.733 ], [ -71.433, -43.766 ], [ -71.433, -43.799 ], [ -71.466, -43.799 ], [ -71.499, -43.799 ] ] ], [ [ [ -69.433, -43.699 ], [ -69.399, -43.699 ], [ -69.399, -43.733 ], [ -69.433, -43.733 ], [ -69.433, -43.699 ] ] ], [ [ [ -71.499, -43.733 ], [ -71.539, -43.733 ], [ -71.538, -43.730 ], [ -71.537, -43.727 ], [ -71.537, -43.725 ], [ -71.537, -43.722 ], [ -71.537, -43.720 ], [ -71.536, -43.718 ], [ -71.538, -43.716 ], [ -71.540, -43.714 ], [ -71.540, -43.713 ], [ -71.540, -43.712 ], [ -71.539, -43.710 ], [ -71.536, -43.708 ], [ -71.535, -43.706 ], [ -71.537, -43.704 ], [ -71.537, -43.702 ], [ -71.536, -43.700 ], [ -71.537, -43.698 ], [ -71.540, -43.696 ], [ -71.541, -43.694 ], [ -71.542, -43.691 ], [ -71.542, -43.688 ], [ -71.541, -43.685 ], [ -71.542, -43.682 ], [ -71.544, -43.680 ], [ -71.547, -43.678 ], [ -71.549, -43.676 ], [ -71.550, -43.672 ], [ -71.551, -43.669 ], [ -71.550, -43.665 ], [ -71.548, -43.663 ], [ -71.544, -43.660 ], [ -71.541, -43.658 ], [ -71.540, -43.653 ], [ -71.541, -43.650 ], [ -71.541, -43.647 ], [ -71.541, -43.642 ], [ -71.539, -43.639 ], [ -71.533, -43.633 ], [ -71.499, -43.633 ], [ -71.499, -43.666 ], [ -71.499, -43.699 ], [ -71.499, -43.733 ] ] ], [ [ [ -70.733, -43.666 ], [ -70.766, -43.666 ], [ -70.766, -43.633 ], [ -70.766, -43.599 ], [ -70.733, -43.599 ], [ -70.699, -43.599 ], [ -70.699, -43.633 ], [ -70.699, -43.666 ], [ -70.733, -43.666 ] ] ], [ [ [ -71.566, -43.599 ], [ -71.582, -43.616 ], [ -71.588, -43.614 ], [ -71.594, -43.611 ], [ -71.595, -43.607 ], [ -71.596, -43.604 ], [ -71.598, -43.600 ], [ -71.599, -43.598 ], [ -71.599, -43.598 ], [ -71.599, -43.566 ], [ -71.566, -43.566 ], [ -71.533, -43.566 ], [ -71.533, -43.599 ], [ -71.566, -43.599 ] ] ], [ [ [ -71.333, -43.533 ], [ -71.333, -43.566 ], [ -71.299, -43.566 ], [ -71.299, -43.599 ], [ -71.333, -43.599 ], [ -71.333, -43.633 ], [ -71.366, -43.633 ], [ -71.366, -43.599 ], [ -71.399, -43.599 ], [ -71.399, -43.566 ], [ -71.366, -43.566 ], [ -71.366, -43.533 ], [ -71.333, -43.533 ] ] ], [ [ [ -71.733, -43.499 ], [ -71.733, -43.533 ], [ -71.766, -43.533 ], [ -71.776, -43.542 ], [ -71.776, -43.542 ], [ -71.778, -43.540 ], [ -71.781, -43.540 ], [ -71.783, -43.541 ], [ -71.786, -43.542 ], [ -71.787, -43.541 ], [ -71.790, -43.540 ], [ -71.793, -43.540 ], [ -71.797, -43.541 ], [ -71.799, -43.542 ], [ -71.799, -43.499 ], [ -71.766, -43.499 ], [ -71.733, -43.499 ] ] ], [ [ [ -71.133, -43.533 ], [ -71.166, -43.533 ], [ -71.166, -43.499 ], [ -71.133, -43.499 ], [ -71.133, -43.533 ] ] ], [ [ [ -71.833, -43.499 ], [ -71.833, -43.549 ], [ -71.836, -43.549 ], [ -71.842, -43.547 ], [ -71.846, -43.547 ], [ -71.848, -43.548 ], [ -71.850, -43.549 ], [ -71.852, -43.550 ], [ -71.855, -43.550 ], [ -71.859, -43.551 ], [ -71.862, -43.551 ], [ -71.865, -43.550 ], [ -71.868, -43.551 ], [ -71.870, -43.553 ], [ -71.872, -43.553 ], [ -71.874, -43.551 ], [ -71.875, -43.549 ], [ -71.876, -43.548 ], [ -71.877, -43.546 ], [ -71.876, -43.540 ], [ -71.877, -43.535 ], [ -71.878, -43.531 ], [ -71.876, -43.526 ], [ -71.870, -43.522 ], [ -71.869, -43.518 ], [ -71.864, -43.512 ], [ -71.862, -43.511 ], [ -71.859, -43.509 ], [ -71.858, -43.507 ], [ -71.855, -43.502 ], [ -71.854, -43.499 ], [ -71.854, -43.496 ], [ -71.851, -43.493 ], [ -71.851, -43.489 ], [ -71.849, -43.486 ], [ -71.848, -43.484 ], [ -71.833, -43.499 ] ] ], [ [ [ -71.733, -43.499 ], [ -71.733, -43.466 ], [ -71.699, -43.466 ], [ -71.699, -43.499 ], [ -71.733, -43.499 ] ] ], [ [ [ -70.133, -43.466 ], [ -70.166, -43.466 ], [ -70.166, -43.433 ], [ -70.133, -43.433 ], [ -70.099, -43.433 ], [ -70.099, -43.466 ], [ -70.133, -43.466 ] ] ], [ [ [ -71.699, -43.399 ], [ -71.699, -43.433 ], [ -71.733, -43.433 ], [ -71.733, -43.399 ], [ -71.699, -43.399 ] ] ], [ [ [ -71.699, -43.399 ], [ -71.699, -43.366 ], [ -71.666, -43.366 ], [ -71.666, -43.399 ], [ -71.699, -43.399 ] ] ], [ [ [ -71.866, -43.366 ], [ -71.866, -43.399 ], [ -71.833, -43.399 ], [ -71.833, -43.433 ], [ -71.799, -43.433 ], [ -71.766, -43.433 ], [ -71.766, -43.466 ], [ -71.799, -43.466 ], [ -71.833, -43.466 ], [ -71.848, -43.482 ], [ -71.850, -43.479 ], [ -71.853, -43.476 ], [ -71.855, -43.475 ], [ -71.859, -43.472 ], [ -71.861, -43.471 ], [ -71.863, -43.470 ], [ -71.864, -43.468 ], [ -71.865, -43.466 ], [ -71.866, -43.465 ], [ -71.868, -43.464 ], [ -71.869, -43.462 ], [ -71.872, -43.462 ], [ -71.876, -43.463 ], [ -71.878, -43.463 ], [ -71.879, -43.461 ], [ -71.879, -43.459 ], [ -71.879, -43.456 ], [ -71.880, -43.454 ], [ -71.880, -43.453 ], [ -71.880, -43.451 ], [ -71.885, -43.450 ], [ -71.888, -43.450 ], [ -71.895, -43.451 ], [ -71.899, -43.452 ], [ -71.899, -43.452 ], [ -71.899, -43.433 ], [ -71.915, -43.418 ], [ -71.914, -43.417 ], [ -71.914, -43.416 ], [ -71.914, -43.414 ], [ -71.915, -43.412 ], [ -71.918, -43.410 ], [ -71.920, -43.410 ], [ -71.922, -43.408 ], [ -71.924, -43.406 ], [ -71.925, -43.404 ], [ -71.926, -43.403 ], [ -71.928, -43.401 ], [ -71.929, -43.399 ], [ -71.930, -43.398 ], [ -71.930, -43.396 ], [ -71.930, -43.392 ], [ -71.931, -43.389 ], [ -71.932, -43.387 ], [ -71.931, -43.386 ], [ -71.929, -43.385 ], [ -71.923, -43.384 ], [ -71.918, -43.384 ], [ -71.912, -43.385 ], [ -71.909, -43.385 ], [ -71.907, -43.384 ], [ -71.906, -43.382 ], [ -71.904, -43.381 ], [ -71.901, -43.380 ], [ -71.898, -43.380 ], [ -71.895, -43.380 ], [ -71.894, -43.379 ], [ -71.893, -43.378 ], [ -71.893, -43.376 ], [ -71.894, -43.374 ], [ -71.895, -43.373 ], [ -71.896, -43.370 ], [ -71.897, -43.368 ], [ -71.897, -43.366 ], [ -71.895, -43.364 ], [ -71.892, -43.362 ], [ -71.891, -43.361 ], [ -71.890, -43.359 ], [ -71.889, -43.358 ], [ -71.889, -43.356 ], [ -71.890, -43.356 ], [ -71.892, -43.355 ], [ -71.893, -43.354 ], [ -71.894, -43.351 ], [ -71.894, -43.349 ], [ -71.895, -43.348 ], [ -71.897, -43.348 ], [ -71.899, -43.347 ], [ -71.899, -43.345 ], [ -71.899, -43.344 ], [ -71.898, -43.340 ], [ -71.897, -43.338 ], [ -71.898, -43.335 ], [ -71.900, -43.333 ], [ -71.902, -43.331 ], [ -71.903, -43.328 ], [ -71.906, -43.324 ], [ -71.904, -43.322 ], [ -71.902, -43.321 ], [ -71.898, -43.320 ], [ -71.896, -43.320 ], [ -71.894, -43.321 ], [ -71.892, -43.323 ], [ -71.890, -43.324 ], [ -71.887, -43.325 ], [ -71.885, -43.326 ], [ -71.881, -43.326 ], [ -71.879, -43.327 ], [ -71.876, -43.328 ], [ -71.872, -43.329 ], [ -71.868, -43.331 ], [ -71.866, -43.332 ], [ -71.866, -43.366 ] ] ], [ [ [ -71.133, -43.433 ], [ -71.133, -43.466 ], [ -71.166, -43.466 ], [ -71.166, -43.433 ], [ -71.199, -43.433 ], [ -71.199, -43.466 ], [ -71.199, -43.499 ], [ -71.233, -43.499 ], [ -71.233, -43.466 ], [ -71.233, -43.433 ], [ -71.266, -43.433 ], [ -71.266, -43.399 ], [ -71.233, -43.399 ], [ -71.233, -43.366 ], [ -71.199, -43.366 ], [ -71.199, -43.333 ], [ -71.166, -43.333 ], [ -71.166, -43.299 ], [ -71.133, -43.299 ], [ -71.099, -43.299 ], [ -71.066, -43.299 ], [ -71.066, -43.333 ], [ -71.066, -43.366 ], [ -71.099, -43.366 ], [ -71.099, -43.399 ], [ -71.099, -43.433 ], [ -71.133, -43.433 ] ] ], [ [ [ -71.633, -43.333 ], [ -71.666, -43.333 ], [ -71.666, -43.299 ], [ -71.633, -43.299 ], [ -71.633, -43.266 ], [ -71.599, -43.266 ], [ -71.599, -43.299 ], [ -71.599, -43.333 ], [ -71.633, -43.333 ] ] ], [ [ [ -70.733, -43.333 ], [ -70.766, -43.333 ], [ -70.766, -43.299 ], [ -70.766, -43.266 ], [ -70.733, -43.266 ], [ -70.733, -43.299 ], [ -70.733, -43.333 ] ] ], [ [ [ -71.633, -43.233 ], [ -71.666, -43.233 ], [ -71.666, -43.199 ], [ -71.633, -43.199 ], [ -71.633, -43.233 ] ] ], [ [ [ -71.266, -43.233 ], [ -71.266, -43.266 ], [ -71.233, -43.266 ], [ -71.233, -43.299 ], [ -71.266, -43.299 ], [ -71.266, -43.333 ], [ -71.266, -43.366 ], [ -71.299, -43.366 ], [ -71.299, -43.399 ], [ -71.333, -43.399 ], [ -71.366, -43.399 ], [ -71.399, -43.399 ], [ -71.399, -43.366 ], [ -71.399, -43.333 ], [ -71.366, -43.333 ], [ -71.366, -43.366 ], [ -71.333, -43.366 ], [ -71.333, -43.333 ], [ -71.366, -43.333 ], [ -71.366, -43.299 ], [ -71.333, -43.299 ], [ -71.299, -43.299 ], [ -71.299, -43.266 ], [ -71.333, -43.266 ], [ -71.333, -43.233 ], [ -71.333, -43.199 ], [ -71.299, -43.199 ], [ -71.299, -43.233 ], [ -71.266, -43.233 ] ] ], [ [ [ -69.733, -43.266 ], [ -69.766, -43.266 ], [ -69.766, -43.233 ], [ -69.766, -43.199 ], [ -69.733, -43.199 ], [ -69.733, -43.233 ], [ -69.733, -43.266 ] ] ], [ [ [ -71.266, -43.233 ], [ -71.266, -43.199 ], [ -71.299, -43.199 ], [ -71.299, -43.166 ], [ -71.266, -43.166 ], [ -71.233, -43.166 ], [ -71.233, -43.199 ], [ -71.233, -43.233 ], [ -71.266, -43.233 ] ] ], [ [ [ -70.999, -43.199 ], [ -71.033, -43.199 ], [ -71.033, -43.166 ], [ -70.999, -43.166 ], [ -70.966, -43.166 ], [ -70.933, -43.166 ], [ -70.933, -43.199 ], [ -70.966, -43.199 ], [ -70.999, -43.199 ] ] ], [ [ [ -70.733, -43.199 ], [ -70.766, -43.199 ], [ -70.766, -43.166 ], [ -70.766, -43.133 ], [ -70.733, -43.133 ], [ -70.733, -43.166 ], [ -70.733, -43.199 ] ] ], [ [ [ -71.766, -43.099 ], [ -71.766, -43.133 ], [ -71.799, -43.133 ], [ -71.799, -43.099 ], [ -71.766, -43.099 ] ] ], [ [ [ -71.733, -43.099 ], [ -71.699, -43.099 ], [ -71.699, -43.133 ], [ -71.733, -43.133 ], [ -71.733, -43.099 ] ] ], [ [ [ -71.866, -43.099 ], [ -71.899, -43.099 ], [ -71.899, -43.066 ], [ -71.866, -43.066 ], [ -71.866, -43.099 ] ] ], [ [ [ -71.733, -43.099 ], [ -71.766, -43.099 ], [ -71.766, -43.066 ], [ -71.733, -43.066 ], [ -71.733, -43.099 ] ] ], [ [ [ -71.166, -43.099 ], [ -71.166, -43.133 ], [ -71.199, -43.133 ], [ -71.199, -43.099 ], [ -71.233, -43.099 ], [ -71.233, -43.066 ], [ -71.199, -43.066 ], [ -71.166, -43.066 ], [ -71.166, -43.099 ] ] ], [ [ [ -69.433, -43.699 ], [ -69.466, -43.699 ], [ -69.499, -43.699 ], [ -69.499, -43.666 ], [ -69.533, -43.666 ], [ -69.533, -43.633 ], [ -69.533, -43.599 ], [ -69.533, -43.566 ], [ -69.566, -43.566 ], [ -69.566, -43.533 ], [ -69.566, -43.499 ], [ -69.533, -43.499 ], [ -69.533, -43.466 ], [ -69.533, -43.433 ], [ -69.566, -43.433 ], [ -69.566, -43.399 ], [ -69.599, -43.399 ], [ -69.599, -43.366 ], [ -69.633, -43.366 ], [ -69.633, -43.333 ], [ -69.599, -43.333 ], [ -69.599, -43.299 ], [ -69.599, -43.266 ], [ -69.599, -43.233 ], [ -69.599, -43.199 ], [ -69.599, -43.166 ], [ -69.599, -43.133 ], [ -69.599, -43.099 ], [ -69.566, -43.099 ], [ -69.566, -43.133 ], [ -69.566, -43.166 ], [ -69.566, -43.199 ], [ -69.533, -43.199 ], [ -69.533, -43.166 ], [ -69.499, -43.166 ], [ -69.499, -43.133 ], [ -69.533, -43.133 ], [ -69.533, -43.099 ], [ -69.566, -43.099 ], [ -69.566, -43.066 ], [ -69.533, -43.066 ], [ -69.499, -43.066 ], [ -69.466, -43.066 ], [ -69.466, -43.099 ], [ -69.433, -43.099 ], [ -69.399, -43.099 ], [ -69.399, -43.133 ], [ -69.433, -43.133 ], [ -69.433, -43.166 ], [ -69.433, -43.199 ], [ -69.466, -43.199 ], [ -69.466, -43.233 ], [ -69.433, -43.233 ], [ -69.433, -43.266 ], [ -69.399, -43.266 ], [ -69.399, -43.299 ], [ -69.433, -43.299 ], [ -69.466, -43.299 ], [ -69.466, -43.333 ], [ -69.499, -43.333 ], [ -69.499, -43.366 ], [ -69.466, -43.366 ], [ -69.433, -43.366 ], [ -69.433, -43.399 ], [ -69.433, -43.433 ], [ -69.466, -43.433 ], [ -69.466, -43.466 ], [ -69.466, -43.499 ], [ -69.466, -43.533 ], [ -69.433, -43.533 ], [ -69.433, -43.566 ], [ -69.433, -43.599 ], [ -69.433, -43.633 ], [ -69.466, -43.633 ], [ -69.466, -43.666 ], [ -69.433, -43.666 ], [ -69.433, -43.699 ] ] ], [ [ [ -69.499, -43.266 ], [ -69.499, -43.233 ], [ -69.533, -43.233 ], [ -69.566, -43.233 ], [ -69.566, -43.266 ], [ -69.533, -43.266 ], [ -69.499, -43.266 ] ] ], [ [ [ -71.633, -43.099 ], [ -71.666, -43.099 ], [ -71.666, -43.066 ], [ -71.633, -43.066 ], [ -71.599, -43.066 ], [ -71.599, -43.033 ], [ -71.566, -43.033 ], [ -71.533, -43.033 ], [ -71.533, -43.066 ], [ -71.566, -43.066 ], [ -71.566, -43.099 ], [ -71.599, -43.099 ], [ -71.633, -43.099 ] ] ], [ [ [ -71.666, -42.999 ], [ -71.666, -43.033 ], [ -71.699, -43.033 ], [ -71.699, -42.999 ], [ -71.666, -42.999 ] ] ], [ [ [ -71.299, -42.999 ], [ -71.299, -43.033 ], [ -71.333, -43.033 ], [ -71.333, -42.999 ], [ -71.299, -42.999 ] ] ], [ [ [ -72.033, -42.999 ], [ -72.040, -43.006 ], [ -72.040, -43.006 ], [ -72.040, -43.003 ], [ -72.039, -43.001 ], [ -72.038, -43.000 ], [ -72.039, -42.997 ], [ -72.038, -42.996 ], [ -72.037, -42.994 ], [ -72.039, -42.992 ], [ -72.040, -42.990 ], [ -72.043, -42.988 ], [ -72.047, -42.987 ], [ -72.049, -42.986 ], [ -72.052, -42.984 ], [ -72.054, -42.984 ], [ -72.057, -42.982 ], [ -72.058, -42.980 ], [ -72.058, -42.978 ], [ -72.056, -42.975 ], [ -72.059, -42.972 ], [ -72.060, -42.970 ], [ -72.060, -42.968 ], [ -72.062, -42.966 ], [ -72.033, -42.966 ], [ -72.033, -42.999 ] ] ], [ [ [ -71.866, -42.966 ], [ -71.833, -42.966 ], [ -71.833, -42.999 ], [ -71.866, -42.999 ], [ -71.866, -42.966 ] ] ], [ [ [ -71.666, -42.999 ], [ -71.666, -42.966 ], [ -71.633, -42.966 ], [ -71.599, -42.966 ], [ -71.599, -42.999 ], [ -71.633, -42.999 ], [ -71.666, -42.999 ] ] ], [ [ [ -71.299, -42.999 ], [ -71.299, -42.966 ], [ -71.266, -42.966 ], [ -71.266, -42.999 ], [ -71.299, -42.999 ] ] ], [ [ [ -71.199, -42.999 ], [ -71.233, -42.999 ], [ -71.233, -42.966 ], [ -71.199, -42.966 ], [ -71.199, -42.999 ] ] ], [ [ [ -71.933, -42.933 ], [ -71.933, -42.966 ], [ -71.966, -42.966 ], [ -71.966, -42.933 ], [ -71.933, -42.933 ] ] ], [ [ [ -71.866, -42.966 ], [ -71.899, -42.966 ], [ -71.899, -42.933 ], [ -71.866, -42.933 ], [ -71.866, -42.966 ] ] ], [ [ [ -70.899, -42.999 ], [ -70.933, -42.999 ], [ -70.933, -42.966 ], [ -70.933, -42.933 ], [ -70.899, -42.933 ], [ -70.899, -42.966 ], [ -70.899, -42.999 ] ] ], [ [ [ -69.633, -42.966 ], [ -69.666, -42.966 ], [ -69.666, -42.933 ], [ -69.633, -42.933 ], [ -69.599, -42.933 ], [ -69.599, -42.966 ], [ -69.633, -42.966 ] ] ], [ [ [ -71.833, -42.966 ], [ -71.833, -42.933 ], [ -71.833, -42.899 ], [ -71.799, -42.899 ], [ -71.766, -42.899 ], [ -71.766, -42.933 ], [ -71.766, -42.966 ], [ -71.766, -42.999 ], [ -71.799, -42.999 ], [ -71.799, -42.966 ], [ -71.833, -42.966 ] ] ], [ [ [ -69.733, -42.899 ], [ -69.733, -42.933 ], [ -69.699, -42.933 ], [ -69.699, -42.966 ], [ -69.699, -42.999 ], [ -69.699, -43.033 ], [ -69.733, -43.033 ], [ -69.766, -43.033 ], [ -69.799, -43.033 ], [ -69.799, -42.999 ], [ -69.799, -42.966 ], [ -69.799, -42.933 ], [ -69.799, -42.899 ], [ -69.766, -42.899 ], [ -69.733, -42.899 ] ], [ [ -69.766, -42.966 ], [ -69.766, -42.999 ], [ -69.733, -42.999 ], [ -69.733, -42.966 ], [ -69.766, -42.966 ] ] ], [ [ [ -71.899, -42.933 ], [ -71.933, -42.933 ], [ -71.933, -42.899 ], [ -71.966, -42.899 ], [ -71.966, -42.866 ], [ -71.933, -42.866 ], [ -71.899, -42.866 ], [ -71.899, -42.899 ], [ -71.899, -42.933 ] ] ], [ [ [ -71.666, -42.866 ], [ -71.666, -42.899 ], [ -71.633, -42.899 ], [ -71.633, -42.933 ], [ -71.666, -42.933 ], [ -71.699, -42.933 ], [ -71.699, -42.899 ], [ -71.699, -42.866 ], [ -71.666, -42.866 ] ] ], [ [ [ -68.866, -42.866 ], [ -68.866, -42.899 ], [ -68.833, -42.899 ], [ -68.833, -42.933 ], [ -68.866, -42.933 ], [ -68.899, -42.933 ], [ -68.899, -42.899 ], [ -68.933, -42.899 ], [ -68.966, -42.899 ], [ -68.966, -42.866 ], [ -68.933, -42.866 ], [ -68.899, -42.866 ], [ -68.866, -42.866 ] ] ], [ [ [ -71.533, -42.833 ], [ -71.499, -42.833 ], [ -71.499, -42.866 ], [ -71.533, -42.866 ], [ -71.533, -42.833 ] ] ], [ [ [ -71.233, -42.866 ], [ -71.266, -42.866 ], [ -71.266, -42.833 ], [ -71.233, -42.833 ], [ -71.233, -42.866 ] ] ], [ [ [ -71.233, -42.866 ], [ -71.199, -42.866 ], [ -71.199, -42.833 ], [ -71.166, -42.833 ], [ -71.166, -42.866 ], [ -71.166, -42.899 ], [ -71.199, -42.899 ], [ -71.233, -42.899 ], [ -71.233, -42.866 ] ] ], [ [ [ -69.999, -42.833 ], [ -69.966, -42.833 ], [ -69.966, -42.866 ], [ -69.966, -42.899 ], [ -69.999, -42.899 ], [ -70.033, -42.899 ], [ -70.033, -42.866 ], [ -69.999, -42.866 ], [ -69.999, -42.833 ] ] ], [ [ [ -70.233, -42.833 ], [ -70.266, -42.833 ], [ -70.266, -42.799 ], [ -70.233, -42.799 ], [ -70.233, -42.833 ] ] ], [ [ [ -69.999, -42.833 ], [ -70.033, -42.833 ], [ -70.066, -42.833 ], [ -70.099, -42.833 ], [ -70.099, -42.799 ], [ -70.066, -42.799 ], [ -70.033, -42.799 ], [ -69.999, -42.799 ], [ -69.999, -42.833 ] ] ], [ [ [ -71.533, -42.833 ], [ -71.566, -42.833 ], [ -71.566, -42.799 ], [ -71.566, -42.766 ], [ -71.533, -42.766 ], [ -71.533, -42.799 ], [ -71.533, -42.833 ] ] ], [ [ [ -71.499, -42.833 ], [ -71.499, -42.799 ], [ -71.499, -42.766 ], [ -71.466, -42.766 ], [ -71.466, -42.799 ], [ -71.466, -42.833 ], [ -71.499, -42.833 ] ] ], [ [ [ -68.733, -42.766 ], [ -68.699, -42.766 ], [ -68.699, -42.799 ], [ -68.733, -42.799 ], [ -68.733, -42.766 ] ] ], [ [ [ -71.666, -42.799 ], [ -71.699, -42.799 ], [ -71.699, -42.766 ], [ -71.699, -42.733 ], [ -71.666, -42.733 ], [ -71.666, -42.766 ], [ -71.666, -42.799 ] ] ], [ [ [ -69.966, -42.833 ], [ -69.966, -42.799 ], [ -69.999, -42.799 ], [ -69.999, -42.766 ], [ -69.966, -42.766 ], [ -69.966, -42.733 ], [ -69.933, -42.733 ], [ -69.899, -42.733 ], [ -69.899, -42.766 ], [ -69.866, -42.766 ], [ -69.866, -42.799 ], [ -69.833, -42.799 ], [ -69.833, -42.833 ], [ -69.866, -42.833 ], [ -69.899, -42.833 ], [ -69.899, -42.866 ], [ -69.933, -42.866 ], [ -69.933, -42.833 ], [ -69.966, -42.833 ] ] ], [ [ [ -68.733, -42.766 ], [ -68.766, -42.766 ], [ -68.766, -42.733 ], [ -68.733, -42.733 ], [ -68.733, -42.766 ] ] ], [ [ [ -71.533, -42.733 ], [ -71.566, -42.733 ], [ -71.566, -42.699 ], [ -71.533, -42.699 ], [ -71.499, -42.699 ], [ -71.499, -42.733 ], [ -71.533, -42.733 ] ] ], [ [ [ -71.733, -42.699 ], [ -71.766, -42.699 ], [ -71.766, -42.666 ], [ -71.733, -42.666 ], [ -71.733, -42.699 ] ] ], [ [ [ -71.199, -42.799 ], [ -71.233, -42.799 ], [ -71.233, -42.766 ], [ -71.233, -42.733 ], [ -71.199, -42.733 ], [ -71.199, -42.699 ], [ -71.199, -42.666 ], [ -71.166, -42.666 ], [ -71.133, -42.666 ], [ -71.133, -42.699 ], [ -71.133, -42.733 ], [ -71.166, -42.733 ], [ -71.166, -42.766 ], [ -71.199, -42.766 ], [ -71.199, -42.799 ] ] ], [ [ [ -69.499, -42.733 ], [ -69.533, -42.733 ], [ -69.533, -42.699 ], [ -69.533, -42.666 ], [ -69.499, -42.666 ], [ -69.466, -42.666 ], [ -69.433, -42.666 ], [ -69.433, -42.699 ], [ -69.433, -42.733 ], [ -69.466, -42.733 ], [ -69.499, -42.733 ] ] ], [ [ [ -72.033, -42.666 ], [ -72.066, -42.666 ], [ -72.066, -42.633 ], [ -72.033, -42.633 ], [ -71.999, -42.633 ], [ -71.999, -42.666 ], [ -72.033, -42.666 ] ] ], [ [ [ -71.933, -42.666 ], [ -71.966, -42.666 ], [ -71.966, -42.633 ], [ -71.933, -42.633 ], [ -71.899, -42.633 ], [ -71.899, -42.666 ], [ -71.933, -42.666 ] ] ], [ [ [ -68.066, -42.733 ], [ -68.099, -42.733 ], [ -68.133, -42.733 ], [ -68.133, -42.699 ], [ -68.166, -42.699 ], [ -68.199, -42.699 ], [ -68.233, -42.699 ], [ -68.233, -42.666 ], [ -68.233, -42.633 ], [ -68.199, -42.633 ], [ -68.166, -42.633 ], [ -68.133, -42.633 ], [ -68.133, -42.666 ], [ -68.099, -42.666 ], [ -68.099, -42.699 ], [ -68.066, -42.699 ], [ -68.066, -42.733 ] ] ], [ [ [ -71.599, -42.633 ], [ -71.633, -42.633 ], [ -71.633, -42.599 ], [ -71.599, -42.599 ], [ -71.566, -42.599 ], [ -71.566, -42.633 ], [ -71.599, -42.633 ] ] ], [ [ [ -71.833, -42.566 ], [ -71.833, -42.599 ], [ -71.866, -42.599 ], [ -71.866, -42.566 ], [ -71.833, -42.566 ] ] ], [ [ [ -71.833, -42.566 ], [ -71.833, -42.533 ], [ -71.799, -42.533 ], [ -71.799, -42.566 ], [ -71.833, -42.566 ] ] ], [ [ [ -71.766, -42.533 ], [ -71.733, -42.533 ], [ -71.699, -42.533 ], [ -71.699, -42.566 ], [ -71.699, -42.599 ], [ -71.733, -42.599 ], [ -71.766, -42.599 ], [ -71.766, -42.566 ], [ -71.766, -42.533 ] ] ], [ [ [ -71.766, -42.533 ], [ -71.799, -42.533 ], [ -71.799, -42.499 ], [ -71.766, -42.499 ], [ -71.766, -42.533 ] ] ], [ [ [ -71.699, -42.533 ], [ -71.699, -42.499 ], [ -71.666, -42.499 ], [ -71.633, -42.499 ], [ -71.633, -42.533 ], [ -71.666, -42.533 ], [ -71.699, -42.533 ] ] ], [ [ [ -71.233, -42.499 ], [ -71.233, -42.533 ], [ -71.233, -42.566 ], [ -71.199, -42.566 ], [ -71.199, -42.533 ], [ -71.166, -42.533 ], [ -71.166, -42.566 ], [ -71.166, -42.599 ], [ -71.199, -42.599 ], [ -71.233, -42.599 ], [ -71.266, -42.599 ], [ -71.266, -42.633 ], [ -71.266, -42.666 ], [ -71.299, -42.666 ], [ -71.299, -42.699 ], [ -71.299, -42.733 ], [ -71.299, -42.766 ], [ -71.299, -42.799 ], [ -71.299, -42.833 ], [ -71.333, -42.833 ], [ -71.333, -42.799 ], [ -71.333, -42.766 ], [ -71.333, -42.733 ], [ -71.333, -42.699 ], [ -71.333, -42.666 ], [ -71.333, -42.633 ], [ -71.366, -42.633 ], [ -71.399, -42.633 ], [ -71.399, -42.599 ], [ -71.366, -42.599 ], [ -71.366, -42.566 ], [ -71.333, -42.566 ], [ -71.299, -42.566 ], [ -71.266, -42.566 ], [ -71.266, -42.533 ], [ -71.266, -42.499 ], [ -71.233, -42.499 ] ] ], [ [ [ -71.133, -42.499 ], [ -71.166, -42.499 ], [ -71.166, -42.466 ], [ -71.133, -42.466 ], [ -71.133, -42.499 ] ] ], [ [ [ -70.933, -42.533 ], [ -70.966, -42.533 ], [ -70.966, -42.499 ], [ -70.966, -42.466 ], [ -70.933, -42.466 ], [ -70.933, -42.499 ], [ -70.933, -42.533 ] ] ], [ [ [ -70.199, -42.466 ], [ -70.199, -42.499 ], [ -70.233, -42.499 ], [ -70.266, -42.499 ], [ -70.299, -42.499 ], [ -70.299, -42.466 ], [ -70.266, -42.466 ], [ -70.233, -42.466 ], [ -70.199, -42.466 ] ] ], [ [ [ -71.999, -42.499 ], [ -72.027, -42.499 ], [ -72.027, -42.498 ], [ -72.027, -42.494 ], [ -72.026, -42.489 ], [ -72.026, -42.484 ], [ -72.028, -42.476 ], [ -72.029, -42.473 ], [ -72.032, -42.468 ], [ -72.037, -42.465 ], [ -72.040, -42.459 ], [ -72.039, -42.453 ], [ -72.037, -42.448 ], [ -72.036, -42.443 ], [ -72.034, -42.437 ], [ -72.031, -42.433 ], [ -71.999, -42.433 ], [ -71.999, -42.466 ], [ -71.999, -42.499 ] ] ], [ [ [ -71.233, -42.499 ], [ -71.233, -42.466 ], [ -71.233, -42.433 ], [ -71.199, -42.433 ], [ -71.199, -42.466 ], [ -71.199, -42.499 ], [ -71.233, -42.499 ] ] ], [ [ [ -71.833, -42.433 ], [ -71.866, -42.433 ], [ -71.866, -42.399 ], [ -71.833, -42.399 ], [ -71.833, -42.433 ] ] ], [ [ [ -71.733, -42.399 ], [ -71.699, -42.399 ], [ -71.699, -42.433 ], [ -71.733, -42.433 ], [ -71.733, -42.399 ] ] ], [ [ [ -71.199, -42.433 ], [ -71.199, -42.399 ], [ -71.166, -42.399 ], [ -71.133, -42.399 ], [ -71.133, -42.433 ], [ -71.166, -42.433 ], [ -71.199, -42.433 ] ] ], [ [ [ -70.899, -42.433 ], [ -70.933, -42.433 ], [ -70.933, -42.399 ], [ -70.899, -42.399 ], [ -70.899, -42.433 ] ] ], [ [ [ -70.199, -42.466 ], [ -70.199, -42.433 ], [ -70.199, -42.399 ], [ -70.166, -42.399 ], [ -70.133, -42.399 ], [ -70.099, -42.399 ], [ -70.066, -42.399 ], [ -70.066, -42.433 ], [ -70.099, -42.433 ], [ -70.099, -42.466 ], [ -70.133, -42.466 ], [ -70.166, -42.466 ], [ -70.199, -42.466 ] ] ], [ [ [ -71.899, -42.433 ], [ -71.899, -42.466 ], [ -71.933, -42.466 ], [ -71.933, -42.433 ], [ -71.966, -42.433 ], [ -71.966, -42.399 ], [ -71.966, -42.366 ], [ -71.933, -42.366 ], [ -71.899, -42.366 ], [ -71.899, -42.399 ], [ -71.899, -42.433 ] ] ], [ [ [ -72.033, -42.399 ], [ -72.034, -42.401 ], [ -72.035, -42.399 ], [ -72.040, -42.397 ], [ -72.045, -42.395 ], [ -72.050, -42.395 ], [ -72.057, -42.394 ], [ -72.062, -42.393 ], [ -72.066, -42.392 ], [ -72.066, -42.366 ], [ -72.033, -42.366 ], [ -72.033, -42.333 ], [ -71.999, -42.333 ], [ -71.999, -42.366 ], [ -71.999, -42.399 ], [ -72.033, -42.399 ] ] ], [ [ [ -71.666, -42.366 ], [ -71.699, -42.366 ], [ -71.733, -42.366 ], [ -71.733, -42.399 ], [ -71.766, -42.399 ], [ -71.799, -42.399 ], [ -71.799, -42.366 ], [ -71.766, -42.366 ], [ -71.766, -42.333 ], [ -71.733, -42.333 ], [ -71.699, -42.333 ], [ -71.666, -42.333 ], [ -71.666, -42.366 ] ] ], [ [ [ -71.666, -42.366 ], [ -71.633, -42.366 ], [ -71.633, -42.333 ], [ -71.599, -42.333 ], [ -71.599, -42.366 ], [ -71.599, -42.399 ], [ -71.633, -42.399 ], [ -71.666, -42.399 ], [ -71.666, -42.366 ] ] ], [ [ [ -72.066, -42.299 ], [ -72.066, -42.333 ], [ -72.099, -42.333 ], [ -72.099, -42.366 ], [ -72.099, -42.397 ], [ -72.105, -42.396 ], [ -72.110, -42.396 ], [ -72.115, -42.396 ], [ -72.117, -42.395 ], [ -72.119, -42.392 ], [ -72.122, -42.389 ], [ -72.126, -42.387 ], [ -72.131, -42.386 ], [ -72.133, -42.384 ], [ -72.133, -42.380 ], [ -72.133, -42.376 ], [ -72.133, -42.371 ], [ -72.134, -42.365 ], [ -72.135, -42.360 ], [ -72.137, -42.355 ], [ -72.138, -42.349 ], [ -72.139, -42.344 ], [ -72.139, -42.338 ], [ -72.138, -42.333 ], [ -72.136, -42.330 ], [ -72.132, -42.328 ], [ -72.125, -42.328 ], [ -72.121, -42.327 ], [ -72.118, -42.321 ], [ -72.118, -42.317 ], [ -72.121, -42.312 ], [ -72.125, -42.307 ], [ -72.128, -42.302 ], [ -72.129, -42.299 ], [ -72.099, -42.299 ], [ -72.066, -42.299 ] ] ], [ [ [ -71.533, -42.299 ], [ -71.533, -42.333 ], [ -71.499, -42.333 ], [ -71.499, -42.366 ], [ -71.533, -42.366 ], [ -71.566, -42.366 ], [ -71.566, -42.333 ], [ -71.566, -42.299 ], [ -71.533, -42.299 ] ] ], [ [ [ -71.433, -42.333 ], [ -71.466, -42.333 ], [ -71.466, -42.299 ], [ -71.433, -42.299 ], [ -71.399, -42.299 ], [ -71.399, -42.333 ], [ -71.433, -42.333 ] ] ], [ [ [ -72.099, -42.233 ], [ -72.066, -42.233 ], [ -72.066, -42.266 ], [ -72.099, -42.266 ], [ -72.099, -42.233 ] ] ], [ [ [ -71.599, -42.299 ], [ -71.633, -42.299 ], [ -71.633, -42.266 ], [ -71.633, -42.233 ], [ -71.599, -42.233 ], [ -71.599, -42.266 ], [ -71.599, -42.299 ] ] ], [ [ [ -72.099, -42.233 ], [ -72.133, -42.233 ], [ -72.133, -42.266 ], [ -72.147, -42.280 ], [ -72.149, -42.276 ], [ -72.151, -42.274 ], [ -72.153, -42.272 ], [ -72.156, -42.270 ], [ -72.163, -42.267 ], [ -72.166, -42.264 ], [ -72.169, -42.260 ], [ -72.169, -42.257 ], [ -72.168, -42.254 ], [ -72.167, -42.252 ], [ -72.165, -42.250 ], [ -72.162, -42.249 ], [ -72.158, -42.247 ], [ -72.155, -42.246 ], [ -72.153, -42.242 ], [ -72.154, -42.238 ], [ -72.155, -42.234 ], [ -72.159, -42.229 ], [ -72.158, -42.226 ], [ -72.161, -42.222 ], [ -72.164, -42.218 ], [ -72.165, -42.215 ], [ -72.165, -42.211 ], [ -72.163, -42.208 ], [ -72.160, -42.206 ], [ -72.156, -42.204 ], [ -72.155, -42.201 ], [ -72.155, -42.199 ], [ -72.133, -42.199 ], [ -72.099, -42.199 ], [ -72.099, -42.233 ] ] ], [ [ [ -72.129, -42.153 ], [ -72.125, -42.154 ], [ -72.121, -42.153 ], [ -72.118, -42.152 ], [ -72.117, -42.149 ], [ -72.115, -42.147 ], [ -72.114, -42.146 ], [ -72.110, -42.149 ], [ -72.105, -42.151 ], [ -72.100, -42.151 ], [ -72.095, -42.153 ], [ -72.092, -42.153 ], [ -72.090, -42.152 ], [ -72.089, -42.148 ], [ -72.088, -42.145 ], [ -72.086, -42.144 ], [ -72.084, -42.143 ], [ -72.079, -42.144 ], [ -72.072, -42.146 ], [ -72.069, -42.146 ], [ -72.066, -42.148 ], [ -72.066, -42.166 ], [ -72.099, -42.166 ], [ -72.133, -42.166 ], [ -72.187, -42.166 ], [ -72.187, -42.165 ], [ -72.187, -42.163 ], [ -72.187, -42.161 ], [ -72.185, -42.159 ], [ -72.184, -42.156 ], [ -72.180, -42.155 ], [ -72.177, -42.153 ], [ -72.176, -42.150 ], [ -72.176, -42.148 ], [ -72.174, -42.146 ], [ -72.173, -42.143 ], [ -72.172, -42.140 ], [ -72.170, -42.138 ], [ -72.168, -42.138 ], [ -72.164, -42.138 ], [ -72.162, -42.139 ], [ -72.161, -42.141 ], [ -72.160, -42.142 ], [ -72.158, -42.144 ], [ -72.155, -42.144 ], [ -72.151, -42.144 ], [ -72.146, -42.145 ], [ -72.139, -42.147 ], [ -72.135, -42.149 ], [ -72.132, -42.151 ], [ -72.129, -42.153 ] ] ], [ [ [ -72.066, -42.133 ], [ -72.066, -42.136 ], [ -72.068, -42.135 ], [ -72.072, -42.134 ], [ -72.076, -42.134 ], [ -72.079, -42.133 ], [ -72.080, -42.132 ], [ -72.079, -42.130 ], [ -72.079, -42.128 ], [ -72.077, -42.126 ], [ -72.074, -42.125 ], [ -72.066, -42.133 ] ] ], [ [ [ -70.299, -42.166 ], [ -70.333, -42.166 ], [ -70.333, -42.133 ], [ -70.333, -42.099 ], [ -70.299, -42.099 ], [ -70.299, -42.133 ], [ -70.299, -42.166 ] ] ], [ [ [ -71.299, -42.099 ], [ -71.333, -42.099 ], [ -71.333, -42.066 ], [ -71.299, -42.066 ], [ -71.266, -42.066 ], [ -71.266, -42.099 ], [ -71.299, -42.099 ] ] ], [ [ [ -68.166, -42.099 ], [ -68.199, -42.099 ], [ -68.199, -42.066 ], [ -68.166, -42.066 ], [ -68.166, -42.099 ] ] ], [ [ [ -71.433, -41.966 ], [ -71.433, -41.999 ], [ -71.399, -41.999 ], [ -71.399, -42.033 ], [ -71.433, -42.033 ], [ -71.466, -42.033 ], [ -71.466, -41.999 ], [ -71.466, -41.966 ], [ -71.433, -41.966 ] ] ], [ [ [ -71.666, -41.966 ], [ -71.699, -41.966 ], [ -71.699, -41.933 ], [ -71.666, -41.933 ], [ -71.666, -41.966 ] ] ], [ [ [ -71.266, -41.933 ], [ -71.299, -41.933 ], [ -71.299, -41.899 ], [ -71.266, -41.899 ], [ -71.266, -41.933 ] ] ], [ [ [ -71.633, -41.899 ], [ -71.666, -41.899 ], [ -71.666, -41.866 ], [ -71.633, -41.866 ], [ -71.633, -41.899 ] ] ], [ [ [ -71.266, -41.833 ], [ -71.299, -41.833 ], [ -71.299, -41.799 ], [ -71.266, -41.799 ], [ -71.266, -41.833 ] ] ], [ [ [ -71.333, -41.833 ], [ -71.366, -41.833 ], [ -71.366, -41.799 ], [ -71.366, -41.766 ], [ -71.333, -41.766 ], [ -71.333, -41.799 ], [ -71.333, -41.833 ] ] ], [ [ [ -68.766, -41.833 ], [ -68.799, -41.833 ], [ -68.799, -41.799 ], [ -68.799, -41.766 ], [ -68.766, -41.766 ], [ -68.766, -41.799 ], [ -68.766, -41.833 ] ] ], [ [ [ -71.633, -41.766 ], [ -71.666, -41.766 ], [ -71.666, -41.733 ], [ -71.633, -41.733 ], [ -71.633, -41.766 ] ] ], [ [ [ -71.233, -41.766 ], [ -71.266, -41.766 ], [ -71.266, -41.733 ], [ -71.233, -41.733 ], [ -71.233, -41.699 ], [ -71.199, -41.699 ], [ -71.199, -41.733 ], [ -71.199, -41.766 ], [ -71.233, -41.766 ] ] ], [ [ [ -69.733, -41.699 ], [ -69.733, -41.733 ], [ -69.699, -41.733 ], [ -69.699, -41.766 ], [ -69.699, -41.799 ], [ -69.733, -41.799 ], [ -69.766, -41.799 ], [ -69.766, -41.766 ], [ -69.799, -41.766 ], [ -69.799, -41.733 ], [ -69.833, -41.733 ], [ -69.866, -41.733 ], [ -69.866, -41.699 ], [ -69.833, -41.699 ], [ -69.799, -41.699 ], [ -69.766, -41.699 ], [ -69.733, -41.699 ] ] ], [ [ [ -71.266, -41.633 ], [ -71.299, -41.633 ], [ -71.299, -41.599 ], [ -71.266, -41.599 ], [ -71.266, -41.633 ] ] ], [ [ [ -70.366, -41.599 ], [ -70.366, -41.633 ], [ -70.333, -41.633 ], [ -70.299, -41.633 ], [ -70.299, -41.666 ], [ -70.266, -41.666 ], [ -70.266, -41.699 ], [ -70.299, -41.699 ], [ -70.333, -41.699 ], [ -70.366, -41.699 ], [ -70.366, -41.733 ], [ -70.399, -41.733 ], [ -70.399, -41.699 ], [ -70.399, -41.666 ], [ -70.399, -41.633 ], [ -70.399, -41.599 ], [ -70.366, -41.599 ] ] ], [ [ [ -70.966, -41.599 ], [ -70.999, -41.599 ], [ -70.999, -41.566 ], [ -70.966, -41.566 ], [ -70.933, -41.566 ], [ -70.899, -41.566 ], [ -70.899, -41.599 ], [ -70.933, -41.599 ], [ -70.966, -41.599 ] ] ], [ [ [ -71.199, -41.499 ], [ -71.199, -41.533 ], [ -71.199, -41.566 ], [ -71.233, -41.566 ], [ -71.266, -41.566 ], [ -71.266, -41.533 ], [ -71.266, -41.499 ], [ -71.266, -41.466 ], [ -71.233, -41.466 ], [ -71.233, -41.499 ], [ -71.199, -41.499 ] ] ], [ [ [ -71.333, -41.433 ], [ -71.366, -41.433 ], [ -71.366, -41.399 ], [ -71.333, -41.399 ], [ -71.333, -41.433 ] ] ], [ [ [ -71.199, -41.499 ], [ -71.199, -41.466 ], [ -71.166, -41.466 ], [ -71.166, -41.433 ], [ -71.166, -41.399 ], [ -71.133, -41.399 ], [ -71.133, -41.433 ], [ -71.133, -41.466 ], [ -71.099, -41.466 ], [ -71.099, -41.499 ], [ -71.099, -41.533 ], [ -71.066, -41.533 ], [ -71.066, -41.566 ], [ -71.033, -41.566 ], [ -71.033, -41.599 ], [ -71.033, -41.633 ], [ -70.999, -41.633 ], [ -70.966, -41.633 ], [ -70.933, -41.633 ], [ -70.899, -41.633 ], [ -70.866, -41.633 ], [ -70.866, -41.666 ], [ -70.899, -41.666 ], [ -70.933, -41.666 ], [ -70.966, -41.666 ], [ -70.966, -41.699 ], [ -70.966, -41.733 ], [ -70.999, -41.733 ], [ -71.033, -41.733 ], [ -71.033, -41.766 ], [ -71.066, -41.766 ], [ -71.066, -41.733 ], [ -71.099, -41.733 ], [ -71.099, -41.699 ], [ -71.066, -41.699 ], [ -71.066, -41.666 ], [ -71.066, -41.633 ], [ -71.099, -41.633 ], [ -71.099, -41.599 ], [ -71.133, -41.599 ], [ -71.133, -41.566 ], [ -71.133, -41.533 ], [ -71.133, -41.499 ], [ -71.166, -41.499 ], [ -71.199, -41.499 ] ] ], [ [ [ -71.266, -41.399 ], [ -71.299, -41.399 ], [ -71.299, -41.366 ], [ -71.266, -41.366 ], [ -71.233, -41.366 ], [ -71.199, -41.366 ], [ -71.199, -41.399 ], [ -71.233, -41.399 ], [ -71.266, -41.399 ] ] ], [ [ [ -70.166, -41.366 ], [ -70.166, -41.399 ], [ -70.133, -41.399 ], [ -70.099, -41.399 ], [ -70.066, -41.399 ], [ -70.066, -41.433 ], [ -70.033, -41.433 ], [ -70.033, -41.466 ], [ -70.066, -41.466 ], [ -70.066, -41.499 ], [ -70.066, -41.533 ], [ -70.066, -41.566 ], [ -70.033, -41.566 ], [ -70.033, -41.599 ], [ -70.066, -41.599 ], [ -70.066, -41.633 ], [ -70.099, -41.633 ], [ -70.133, -41.633 ], [ -70.166, -41.633 ], [ -70.166, -41.599 ], [ -70.199, -41.599 ], [ -70.233, -41.599 ], [ -70.266, -41.599 ], [ -70.299, -41.599 ], [ -70.333, -41.599 ], [ -70.333, -41.566 ], [ -70.366, -41.566 ], [ -70.399, -41.566 ], [ -70.433, -41.566 ], [ -70.433, -41.533 ], [ -70.399, -41.533 ], [ -70.366, -41.533 ], [ -70.366, -41.499 ], [ -70.399, -41.499 ], [ -70.399, -41.466 ], [ -70.366, -41.466 ], [ -70.366, -41.433 ], [ -70.333, -41.433 ], [ -70.333, -41.399 ], [ -70.299, -41.399 ], [ -70.299, -41.433 ], [ -70.266, -41.433 ], [ -70.266, -41.399 ], [ -70.233, -41.399 ], [ -70.199, -41.399 ], [ -70.199, -41.366 ], [ -70.166, -41.366 ] ] ], [ [ [ -68.533, -42.266 ], [ -68.533, -42.233 ], [ -68.499, -42.233 ], [ -68.499, -42.199 ], [ -68.499, -42.166 ], [ -68.466, -42.166 ], [ -68.433, -42.166 ], [ -68.433, -42.199 ], [ -68.399, -42.199 ], [ -68.399, -42.166 ], [ -68.366, -42.166 ], [ -68.366, -42.133 ], [ -68.333, -42.133 ], [ -68.299, -42.133 ], [ -68.299, -42.099 ], [ -68.266, -42.099 ], [ -68.233, -42.099 ], [ -68.233, -42.133 ], [ -68.266, -42.133 ], [ -68.266, -42.166 ], [ -68.299, -42.166 ], [ -68.299, -42.199 ], [ -68.266, -42.199 ], [ -68.266, -42.233 ], [ -68.233, -42.233 ], [ -68.199, -42.233 ], [ -68.199, -42.266 ], [ -68.166, -42.266 ], [ -68.133, -42.266 ], [ -68.099, -42.266 ], [ -68.066, -42.266 ], [ -68.033, -42.266 ], [ -67.999, -42.266 ], [ -67.999, -42.233 ], [ -67.966, -42.233 ], [ -67.966, -42.199 ], [ -67.999, -42.199 ], [ -67.999, -42.166 ], [ -67.999, -42.133 ], [ -67.999, -42.099 ], [ -67.999, -42.066 ], [ -67.999, -42.033 ], [ -68.033, -42.033 ], [ -68.066, -42.033 ], [ -68.099, -42.033 ], [ -68.099, -41.999 ], [ -68.133, -41.999 ], [ -68.133, -41.966 ], [ -68.166, -41.966 ], [ -68.166, -41.933 ], [ -68.166, -41.899 ], [ -68.199, -41.899 ], [ -68.199, -41.866 ], [ -68.233, -41.866 ], [ -68.233, -41.833 ], [ -68.233, -41.799 ], [ -68.233, -41.766 ], [ -68.266, -41.766 ], [ -68.266, -41.733 ], [ -68.299, -41.733 ], [ -68.333, -41.733 ], [ -68.333, -41.699 ], [ -68.333, -41.666 ], [ -68.333, -41.633 ], [ -68.333, -41.599 ], [ -68.366, -41.599 ], [ -68.399, -41.599 ], [ -68.433, -41.599 ], [ -68.433, -41.633 ], [ -68.433, -41.666 ], [ -68.433, -41.699 ], [ -68.433, -41.733 ], [ -68.433, -41.766 ], [ -68.399, -41.766 ], [ -68.366, -41.766 ], [ -68.366, -41.799 ], [ -68.333, -41.799 ], [ -68.333, -41.833 ], [ -68.299, -41.833 ], [ -68.266, -41.833 ], [ -68.266, -41.866 ], [ -68.299, -41.866 ], [ -68.299, -41.899 ], [ -68.333, -41.899 ], [ -68.366, -41.899 ], [ -68.366, -41.933 ], [ -68.399, -41.933 ], [ -68.399, -41.966 ], [ -68.399, -41.999 ], [ -68.433, -41.999 ], [ -68.433, -42.033 ], [ -68.466, -42.033 ], [ -68.499, -42.033 ], [ -68.533, -42.033 ], [ -68.533, -42.066 ], [ -68.566, -42.066 ], [ -68.566, -42.099 ], [ -68.599, -42.099 ], [ -68.599, -42.066 ], [ -68.633, -42.066 ], [ -68.633, -42.033 ], [ -68.666, -42.033 ], [ -68.666, -41.999 ], [ -68.666, -41.966 ], [ -68.699, -41.966 ], [ -68.699, -41.999 ], [ -68.733, -41.999 ], [ -68.766, -41.999 ], [ -68.766, -42.033 ], [ -68.799, -42.033 ], [ -68.833, -42.033 ], [ -68.833, -41.999 ], [ -68.866, -41.999 ], [ -68.899, -41.999 ], [ -68.933, -41.999 ], [ -68.966, -41.999 ], [ -68.999, -41.999 ], [ -69.033, -41.999 ], [ -69.066, -41.999 ], [ -69.066, -42.033 ], [ -69.099, -42.033 ], [ -69.099, -41.999 ], [ -69.133, -41.999 ], [ -69.166, -41.999 ], [ -69.199, -41.999 ], [ -69.233, -41.999 ], [ -69.233, -42.033 ], [ -69.266, -42.033 ], [ -69.266, -41.999 ], [ -69.266, -41.966 ], [ -69.233, -41.966 ], [ -69.199, -41.966 ], [ -69.199, -41.933 ], [ -69.166, -41.933 ], [ -69.133, -41.933 ], [ -69.133, -41.899 ], [ -69.133, -41.866 ], [ -69.099, -41.866 ], [ -69.066, -41.866 ], [ -69.066, -41.833 ], [ -69.033, -41.833 ], [ -68.999, -41.833 ], [ -68.999, -41.799 ], [ -68.966, -41.799 ], [ -68.966, -41.766 ], [ -68.933, -41.766 ], [ -68.933, -41.733 ], [ -68.933, -41.699 ], [ -68.933, -41.666 ], [ -68.966, -41.666 ], [ -68.999, -41.666 ], [ -68.999, -41.633 ], [ -69.033, -41.633 ], [ -69.066, -41.633 ], [ -69.066, -41.599 ], [ -69.099, -41.599 ], [ -69.099, -41.633 ], [ -69.099, -41.666 ], [ -69.099, -41.699 ], [ -69.099, -41.733 ], [ -69.133, -41.733 ], [ -69.133, -41.766 ], [ -69.133, -41.799 ], [ -69.166, -41.799 ], [ -69.166, -41.833 ], [ -69.166, -41.866 ], [ -69.199, -41.866 ], [ -69.199, -41.899 ], [ -69.233, -41.899 ], [ -69.266, -41.899 ], [ -69.299, -41.899 ], [ -69.299, -41.933 ], [ -69.299, -41.966 ], [ -69.299, -41.999 ], [ -69.299, -42.033 ], [ -69.333, -42.033 ], [ -69.333, -42.066 ], [ -69.333, -42.099 ], [ -69.333, -42.133 ], [ -69.299, -42.133 ], [ -69.299, -42.099 ], [ -69.266, -42.099 ], [ -69.266, -42.133 ], [ -69.233, -42.133 ], [ -69.199, -42.133 ], [ -69.166, -42.133 ], [ -69.166, -42.099 ], [ -69.133, -42.099 ], [ -69.133, -42.066 ], [ -69.099, -42.066 ], [ -69.066, -42.066 ], [ -69.033, -42.066 ], [ -68.999, -42.066 ], [ -68.999, -42.099 ], [ -68.999, -42.133 ], [ -68.999, -42.166 ], [ -68.966, -42.166 ], [ -68.933, -42.166 ], [ -68.933, -42.133 ], [ -68.899, -42.133 ], [ -68.866, -42.133 ], [ -68.833, -42.133 ], [ -68.799, -42.133 ], [ -68.766, -42.133 ], [ -68.766, -42.166 ], [ -68.733, -42.166 ], [ -68.699, -42.166 ], [ -68.699, -42.199 ], [ -68.666, -42.199 ], [ -68.633, -42.199 ], [ -68.633, -42.166 ], [ -68.599, -42.166 ], [ -68.599, -42.199 ], [ -68.599, -42.233 ], [ -68.566, -42.233 ], [ -68.566, -42.266 ], [ -68.533, -42.266 ], [ -68.533, -42.299 ], [ -68.566, -42.299 ], [ -68.599, -42.299 ], [ -68.633, -42.299 ], [ -68.666, -42.299 ], [ -68.699, -42.299 ], [ -68.733, -42.299 ], [ -68.766, -42.299 ], [ -68.799, -42.299 ], [ -68.799, -42.266 ], [ -68.833, -42.266 ], [ -68.833, -42.299 ], [ -68.833, -42.333 ], [ -68.799, -42.333 ], [ -68.799, -42.366 ], [ -68.799, -42.399 ], [ -68.799, -42.433 ], [ -68.799, -42.466 ], [ -68.799, -42.499 ], [ -68.799, -42.533 ], [ -68.766, -42.533 ], [ -68.733, -42.533 ], [ -68.733, -42.566 ], [ -68.699, -42.566 ], [ -68.666, -42.566 ], [ -68.666, -42.599 ], [ -68.633, -42.599 ], [ -68.599, -42.599 ], [ -68.599, -42.633 ], [ -68.599, -42.666 ], [ -68.566, -42.666 ], [ -68.533, -42.666 ], [ -68.499, -42.666 ], [ -68.466, -42.666 ], [ -68.433, -42.666 ], [ -68.399, -42.666 ], [ -68.366, -42.666 ], [ -68.333, -42.666 ], [ -68.299, -42.666 ], [ -68.266, -42.666 ], [ -68.266, -42.699 ], [ -68.233, -42.699 ], [ -68.233, -42.733 ], [ -68.233, -42.766 ], [ -68.199, -42.766 ], [ -68.166, -42.766 ], [ -68.133, -42.766 ], [ -68.133, -42.799 ], [ -68.099, -42.799 ], [ -68.099, -42.766 ], [ -68.066, -42.766 ], [ -68.066, -42.733 ], [ -68.033, -42.733 ], [ -67.999, -42.733 ], [ -67.999, -42.699 ], [ -68.033, -42.699 ], [ -68.033, -42.666 ], [ -67.999, -42.666 ], [ -67.966, -42.666 ], [ -67.933, -42.666 ], [ -67.933, -42.633 ], [ -67.899, -42.633 ], [ -67.899, -42.599 ], [ -67.866, -42.599 ], [ -67.833, -42.599 ], [ -67.833, -42.566 ], [ -67.833, -42.533 ], [ -67.833, -42.499 ], [ -67.799, -42.499 ], [ -67.766, -42.499 ], [ -67.766, -42.466 ], [ -67.733, -42.466 ], [ -67.733, -42.433 ], [ -67.699, -42.433 ], [ -67.699, -42.399 ], [ -67.666, -42.399 ], [ -67.633, -42.399 ], [ -67.599, -42.399 ], [ -67.599, -42.433 ], [ -67.599, -42.466 ], [ -67.599, -42.499 ], [ -67.599, -42.533 ], [ -67.599, -42.566 ], [ -67.566, -42.566 ], [ -67.566, -42.599 ], [ -67.599, -42.599 ], [ -67.599, -42.633 ], [ -67.633, -42.633 ], [ -67.666, -42.633 ], [ -67.666, -42.599 ], [ -67.699, -42.599 ], [ -67.699, -42.633 ], [ -67.733, -42.633 ], [ -67.733, -42.666 ], [ -67.699, -42.666 ], [ -67.699, -42.699 ], [ -67.733, -42.699 ], [ -67.766, -42.699 ], [ -67.766, -42.733 ], [ -67.799, -42.733 ], [ -67.833, -42.733 ], [ -67.866, -42.733 ], [ -67.866, -42.766 ], [ -67.899, -42.766 ], [ -67.933, -42.766 ], [ -67.933, -42.799 ], [ -67.966, -42.799 ], [ -67.966, -42.766 ], [ -67.999, -42.766 ], [ -67.999, -42.799 ], [ -68.033, -42.799 ], [ -68.033, -42.833 ], [ -68.033, -42.866 ], [ -68.066, -42.866 ], [ -68.066, -42.899 ], [ -68.099, -42.899 ], [ -68.099, -42.933 ], [ -68.133, -42.933 ], [ -68.133, -42.966 ], [ -68.166, -42.966 ], [ -68.199, -42.966 ], [ -68.199, -42.999 ], [ -68.233, -42.999 ], [ -68.266, -42.999 ], [ -68.299, -42.999 ], [ -68.299, -42.966 ], [ -68.333, -42.966 ], [ -68.366, -42.966 ], [ -68.399, -42.966 ], [ -68.399, -42.999 ], [ -68.399, -43.033 ], [ -68.433, -43.033 ], [ -68.433, -43.066 ], [ -68.466, -43.066 ], [ -68.499, -43.066 ], [ -68.499, -43.033 ], [ -68.499, -42.999 ], [ -68.466, -42.999 ], [ -68.466, -42.966 ], [ -68.499, -42.966 ], [ -68.499, -42.933 ], [ -68.499, -42.899 ], [ -68.533, -42.899 ], [ -68.533, -42.866 ], [ -68.499, -42.866 ], [ -68.499, -42.833 ], [ -68.533, -42.833 ], [ -68.566, -42.833 ], [ -68.566, -42.799 ], [ -68.599, -42.799 ], [ -68.633, -42.799 ], [ -68.666, -42.799 ], [ -68.666, -42.766 ], [ -68.699, -42.766 ], [ -68.699, -42.733 ], [ -68.666, -42.733 ], [ -68.666, -42.699 ], [ -68.699, -42.699 ], [ -68.699, -42.666 ], [ -68.733, -42.666 ], [ -68.766, -42.666 ], [ -68.766, -42.699 ], [ -68.766, -42.733 ], [ -68.799, -42.733 ], [ -68.833, -42.733 ], [ -68.866, -42.733 ], [ -68.899, -42.733 ], [ -68.899, -42.766 ], [ -68.933, -42.766 ], [ -68.966, -42.766 ], [ -68.999, -42.766 ], [ -68.999, -42.799 ], [ -69.033, -42.799 ], [ -69.066, -42.799 ], [ -69.066, -42.766 ], [ -69.099, -42.766 ], [ -69.133, -42.766 ], [ -69.133, -42.799 ], [ -69.133, -42.833 ], [ -69.099, -42.833 ], [ -69.099, -42.866 ], [ -69.099, -42.899 ], [ -69.099, -42.933 ], [ -69.099, -42.966 ], [ -69.133, -42.966 ], [ -69.166, -42.966 ], [ -69.166, -42.999 ], [ -69.199, -42.999 ], [ -69.199, -42.966 ], [ -69.199, -42.933 ], [ -69.199, -42.899 ], [ -69.233, -42.899 ], [ -69.233, -42.866 ], [ -69.266, -42.866 ], [ -69.266, -42.899 ], [ -69.266, -42.933 ], [ -69.266, -42.966 ], [ -69.266, -42.999 ], [ -69.299, -42.999 ], [ -69.299, -42.966 ], [ -69.299, -42.933 ], [ -69.299, -42.899 ], [ -69.299, -42.866 ], [ -69.333, -42.866 ], [ -69.333, -42.833 ], [ -69.333, -42.799 ], [ -69.366, -42.799 ], [ -69.399, -42.799 ], [ -69.399, -42.766 ], [ -69.366, -42.766 ], [ -69.366, -42.733 ], [ -69.366, -42.699 ], [ -69.366, -42.666 ], [ -69.333, -42.666 ], [ -69.299, -42.666 ], [ -69.299, -42.699 ], [ -69.333, -42.699 ], [ -69.333, -42.733 ], [ -69.333, -42.766 ], [ -69.299, -42.766 ], [ -69.266, -42.766 ], [ -69.266, -42.733 ], [ -69.233, -42.733 ], [ -69.233, -42.699 ], [ -69.199, -42.699 ], [ -69.166, -42.699 ], [ -69.133, -42.699 ], [ -69.099, -42.699 ], [ -69.099, -42.666 ], [ -69.066, -42.666 ], [ -69.066, -42.633 ], [ -69.066, -42.599 ], [ -69.099, -42.599 ], [ -69.099, -42.566 ], [ -69.099, -42.533 ], [ -69.133, -42.533 ], [ -69.133, -42.499 ], [ -69.099, -42.499 ], [ -69.099, -42.466 ], [ -69.099, -42.433 ], [ -69.133, -42.433 ], [ -69.133, -42.399 ], [ -69.099, -42.399 ], [ -69.099, -42.366 ], [ -69.099, -42.333 ], [ -69.133, -42.333 ], [ -69.166, -42.333 ], [ -69.166, -42.299 ], [ -69.166, -42.266 ], [ -69.199, -42.266 ], [ -69.199, -42.233 ], [ -69.199, -42.199 ], [ -69.233, -42.199 ], [ -69.266, -42.199 ], [ -69.299, -42.199 ], [ -69.333, -42.199 ], [ -69.333, -42.166 ], [ -69.366, -42.166 ], [ -69.399, -42.166 ], [ -69.399, -42.133 ], [ -69.433, -42.133 ], [ -69.466, -42.133 ], [ -69.466, -42.099 ], [ -69.466, -42.066 ], [ -69.433, -42.066 ], [ -69.433, -42.033 ], [ -69.399, -42.033 ], [ -69.399, -41.999 ], [ -69.433, -41.999 ], [ -69.433, -42.033 ], [ -69.466, -42.033 ], [ -69.466, -41.999 ], [ -69.499, -41.999 ], [ -69.499, -41.966 ], [ -69.499, -41.933 ], [ -69.466, -41.933 ], [ -69.466, -41.899 ], [ -69.433, -41.899 ], [ -69.433, -41.866 ], [ -69.399, -41.866 ], [ -69.399, -41.899 ], [ -69.399, -41.933 ], [ -69.399, -41.966 ], [ -69.366, -41.966 ], [ -69.366, -41.933 ], [ -69.366, -41.899 ], [ -69.366, -41.866 ], [ -69.333, -41.866 ], [ -69.333, -41.833 ], [ -69.366, -41.833 ], [ -69.366, -41.799 ], [ -69.366, -41.766 ], [ -69.333, -41.766 ], [ -69.333, -41.733 ], [ -69.366, -41.733 ], [ -69.366, -41.699 ], [ -69.366, -41.666 ], [ -69.333, -41.666 ], [ -69.299, -41.666 ], [ -69.266, -41.666 ], [ -69.266, -41.633 ], [ -69.266, -41.599 ], [ -69.266, -41.566 ], [ -69.233, -41.566 ], [ -69.199, -41.566 ], [ -69.166, -41.566 ], [ -69.133, -41.566 ], [ -69.099, -41.566 ], [ -69.099, -41.533 ], [ -69.066, -41.533 ], [ -69.033, -41.533 ], [ -69.033, -41.499 ], [ -68.999, -41.499 ], [ -68.999, -41.466 ], [ -68.966, -41.466 ], [ -68.966, -41.499 ], [ -68.933, -41.499 ], [ -68.899, -41.499 ], [ -68.899, -41.533 ], [ -68.899, -41.566 ], [ -68.866, -41.566 ], [ -68.833, -41.566 ], [ -68.799, -41.566 ], [ -68.799, -41.599 ], [ -68.766, -41.599 ], [ -68.766, -41.633 ], [ -68.766, -41.666 ], [ -68.766, -41.699 ], [ -68.799, -41.699 ], [ -68.799, -41.733 ], [ -68.833, -41.733 ], [ -68.833, -41.766 ], [ -68.833, -41.799 ], [ -68.833, -41.833 ], [ -68.833, -41.866 ], [ -68.799, -41.866 ], [ -68.766, -41.866 ], [ -68.766, -41.833 ], [ -68.733, -41.833 ], [ -68.733, -41.799 ], [ -68.699, -41.799 ], [ -68.699, -41.833 ], [ -68.666, -41.833 ], [ -68.633, -41.833 ], [ -68.633, -41.799 ], [ -68.599, -41.799 ], [ -68.599, -41.766 ], [ -68.566, -41.766 ], [ -68.533, -41.766 ], [ -68.533, -41.733 ], [ -68.566, -41.733 ], [ -68.599, -41.733 ], [ -68.599, -41.699 ], [ -68.599, -41.666 ], [ -68.566, -41.666 ], [ -68.566, -41.633 ], [ -68.599, -41.633 ], [ -68.599, -41.599 ], [ -68.599, -41.566 ], [ -68.566, -41.566 ], [ -68.566, -41.533 ], [ -68.533, -41.533 ], [ -68.533, -41.499 ], [ -68.499, -41.499 ], [ -68.466, -41.499 ], [ -68.433, -41.499 ], [ -68.399, -41.499 ], [ -68.366, -41.499 ], [ -68.333, -41.499 ], [ -68.299, -41.499 ], [ -68.266, -41.499 ], [ -68.233, -41.499 ], [ -68.199, -41.499 ], [ -68.199, -41.466 ], [ -68.166, -41.466 ], [ -68.166, -41.433 ], [ -68.133, -41.433 ], [ -68.133, -41.399 ], [ -68.099, -41.399 ], [ -68.066, -41.399 ], [ -68.066, -41.366 ], [ -68.033, -41.366 ], [ -67.999, -41.366 ], [ -67.966, -41.366 ], [ -67.933, -41.366 ], [ -67.899, -41.366 ], [ -67.866, -41.366 ], [ -67.833, -41.366 ], [ -67.833, -41.399 ], [ -67.833, -41.433 ], [ -67.866, -41.433 ], [ -67.866, -41.466 ], [ -67.899, -41.466 ], [ -67.933, -41.466 ], [ -67.933, -41.433 ], [ -67.966, -41.433 ], [ -67.966, -41.466 ], [ -67.966, -41.499 ], [ -67.999, -41.499 ], [ -67.999, -41.533 ], [ -67.999, -41.566 ], [ -67.999, -41.599 ], [ -67.999, -41.633 ], [ -68.033, -41.633 ], [ -68.033, -41.666 ], [ -68.033, -41.699 ], [ -68.033, -41.733 ], [ -68.033, -41.766 ], [ -68.033, -41.799 ], [ -67.999, -41.799 ], [ -67.999, -41.833 ], [ -68.033, -41.833 ], [ -68.033, -41.866 ], [ -68.033, -41.899 ], [ -67.999, -41.899 ], [ -67.999, -41.933 ], [ -67.966, -41.933 ], [ -67.933, -41.933 ], [ -67.933, -41.966 ], [ -67.933, -41.999 ], [ -67.899, -41.999 ], [ -67.866, -41.999 ], [ -67.833, -41.999 ], [ -67.833, -42.033 ], [ -67.799, -42.033 ], [ -67.799, -41.999 ], [ -67.766, -41.999 ], [ -67.733, -41.999 ], [ -67.733, -41.966 ], [ -67.699, -41.966 ], [ -67.666, -41.966 ], [ -67.666, -41.933 ], [ -67.633, -41.933 ], [ -67.599, -41.933 ], [ -67.566, -41.933 ], [ -67.533, -41.933 ], [ -67.533, -41.966 ], [ -67.499, -41.966 ], [ -67.466, -41.966 ], [ -67.466, -41.999 ], [ -67.466, -42.033 ], [ -67.499, -42.033 ], [ -67.533, -42.033 ], [ -67.533, -42.066 ], [ -67.566, -42.066 ], [ -67.566, -42.099 ], [ -67.533, -42.099 ], [ -67.533, -42.133 ], [ -67.566, -42.133 ], [ -67.599, -42.133 ], [ -67.599, -42.166 ], [ -67.633, -42.166 ], [ -67.666, -42.166 ], [ -67.699, -42.166 ], [ -67.699, -42.133 ], [ -67.733, -42.133 ], [ -67.766, -42.133 ], [ -67.766, -42.099 ], [ -67.799, -42.099 ], [ -67.799, -42.133 ], [ -67.833, -42.133 ], [ -67.833, -42.166 ], [ -67.866, -42.166 ], [ -67.866, -42.199 ], [ -67.866, -42.233 ], [ -67.866, -42.266 ], [ -67.866, -42.299 ], [ -67.866, -42.333 ], [ -67.899, -42.333 ], [ -67.899, -42.366 ], [ -67.933, -42.366 ], [ -67.933, -42.399 ], [ -67.966, -42.399 ], [ -67.966, -42.433 ], [ -67.999, -42.433 ], [ -68.033, -42.433 ], [ -68.066, -42.433 ], [ -68.099, -42.433 ], [ -68.099, -42.399 ], [ -68.133, -42.399 ], [ -68.166, -42.399 ], [ -68.199, -42.399 ], [ -68.233, -42.399 ], [ -68.233, -42.366 ], [ -68.233, -42.333 ], [ -68.266, -42.333 ], [ -68.266, -42.299 ], [ -68.299, -42.299 ], [ -68.333, -42.299 ], [ -68.333, -42.266 ], [ -68.366, -42.266 ], [ -68.399, -42.266 ], [ -68.433, -42.266 ], [ -68.466, -42.266 ], [ -68.499, -42.266 ], [ -68.533, -42.266 ] ], [ [ -69.099, -42.166 ], [ -69.099, -42.199 ], [ -69.099, -42.233 ], [ -69.099, -42.266 ], [ -69.066, -42.266 ], [ -69.066, -42.299 ], [ -69.033, -42.299 ], [ -69.033, -42.333 ], [ -68.999, -42.333 ], [ -68.999, -42.366 ], [ -68.966, -42.366 ], [ -68.966, -42.399 ], [ -68.933, -42.399 ], [ -68.933, -42.366 ], [ -68.933, -42.333 ], [ -68.933, -42.299 ], [ -68.966, -42.299 ], [ -68.966, -42.266 ], [ -68.999, -42.266 ], [ -68.999, -42.233 ], [ -69.033, -42.233 ], [ -69.033, -42.199 ], [ -69.033, -42.166 ], [ -69.066, -42.166 ], [ -69.099, -42.166 ] ], [ [ -68.933, -42.599 ], [ -68.933, -42.633 ], [ -68.899, -42.633 ], [ -68.899, -42.599 ], [ -68.933, -42.599 ] ], [ [ -68.933, -42.666 ], [ -68.933, -42.699 ], [ -68.899, -42.699 ], [ -68.866, -42.699 ], [ -68.833, -42.699 ], [ -68.799, -42.699 ], [ -68.799, -42.666 ], [ -68.833, -42.666 ], [ -68.866, -42.666 ], [ -68.899, -42.666 ], [ -68.933, -42.666 ] ], [ [ -68.433, -42.733 ], [ -68.433, -42.766 ], [ -68.399, -42.766 ], [ -68.366, -42.766 ], [ -68.366, -42.733 ], [ -68.399, -42.733 ], [ -68.433, -42.733 ] ], [ [ -68.333, -42.799 ], [ -68.333, -42.833 ], [ -68.333, -42.866 ], [ -68.333, -42.899 ], [ -68.299, -42.899 ], [ -68.299, -42.933 ], [ -68.266, -42.933 ], [ -68.266, -42.899 ], [ -68.266, -42.866 ], [ -68.233, -42.866 ], [ -68.233, -42.833 ], [ -68.233, -42.799 ], [ -68.266, -42.799 ], [ -68.299, -42.799 ], [ -68.333, -42.799 ] ] ], [ [ [ -67.366, -41.366 ], [ -67.399, -41.366 ], [ -67.399, -41.333 ], [ -67.366, -41.333 ], [ -67.366, -41.366 ] ] ], [ [ [ -66.799, -41.199 ], [ -66.799, -41.233 ], [ -66.766, -41.233 ], [ -66.766, -41.266 ], [ -66.733, -41.266 ], [ -66.699, -41.266 ], [ -66.666, -41.266 ], [ -66.666, -41.299 ], [ -66.633, -41.299 ], [ -66.633, -41.333 ], [ -66.599, -41.333 ], [ -66.599, -41.366 ], [ -66.599, -41.399 ], [ -66.633, -41.399 ], [ -66.633, -41.433 ], [ -66.666, -41.433 ], [ -66.666, -41.466 ], [ -66.699, -41.466 ], [ -66.699, -41.499 ], [ -66.699, -41.533 ], [ -66.699, -41.566 ], [ -66.699, -41.599 ], [ -66.733, -41.599 ], [ -66.766, -41.599 ], [ -66.766, -41.633 ], [ -66.799, -41.633 ], [ -66.833, -41.633 ], [ -66.833, -41.666 ], [ -66.833, -41.699 ], [ -66.833, -41.733 ], [ -66.866, -41.733 ], [ -66.866, -41.766 ], [ -66.899, -41.766 ], [ -66.899, -41.733 ], [ -66.933, -41.733 ], [ -66.966, -41.733 ], [ -66.999, -41.733 ], [ -67.033, -41.733 ], [ -67.033, -41.699 ], [ -67.066, -41.699 ], [ -67.066, -41.666 ], [ -67.099, -41.666 ], [ -67.133, -41.666 ], [ -67.166, -41.666 ], [ -67.166, -41.699 ], [ -67.199, -41.699 ], [ -67.199, -41.666 ], [ -67.233, -41.666 ], [ -67.266, -41.666 ], [ -67.266, -41.633 ], [ -67.299, -41.633 ], [ -67.299, -41.599 ], [ -67.333, -41.599 ], [ -67.333, -41.633 ], [ -67.366, -41.633 ], [ -67.399, -41.633 ], [ -67.399, -41.666 ], [ -67.399, -41.699 ], [ -67.433, -41.699 ], [ -67.466, -41.699 ], [ -67.499, -41.699 ], [ -67.533, -41.699 ], [ -67.533, -41.733 ], [ -67.566, -41.733 ], [ -67.566, -41.699 ], [ -67.599, -41.699 ], [ -67.599, -41.666 ], [ -67.633, -41.666 ], [ -67.633, -41.633 ], [ -67.633, -41.599 ], [ -67.633, -41.566 ], [ -67.599, -41.566 ], [ -67.599, -41.533 ], [ -67.599, -41.499 ], [ -67.633, -41.499 ], [ -67.633, -41.466 ], [ -67.599, -41.466 ], [ -67.566, -41.466 ], [ -67.533, -41.466 ], [ -67.533, -41.433 ], [ -67.499, -41.433 ], [ -67.466, -41.433 ], [ -67.433, -41.433 ], [ -67.399, -41.433 ], [ -67.366, -41.433 ], [ -67.366, -41.399 ], [ -67.333, -41.399 ], [ -67.299, -41.399 ], [ -67.266, -41.399 ], [ -67.266, -41.366 ], [ -67.266, -41.333 ], [ -67.233, -41.333 ], [ -67.233, -41.299 ], [ -67.199, -41.299 ], [ -67.166, -41.299 ], [ -67.133, -41.299 ], [ -67.133, -41.266 ], [ -67.133, -41.233 ], [ -67.099, -41.233 ], [ -67.066, -41.233 ], [ -67.033, -41.233 ], [ -66.999, -41.233 ], [ -66.966, -41.233 ], [ -66.933, -41.233 ], [ -66.899, -41.233 ], [ -66.866, -41.233 ], [ -66.866, -41.199 ], [ -66.833, -41.199 ], [ -66.799, -41.199 ] ], [ [ -66.999, -41.433 ], [ -66.999, -41.466 ], [ -66.966, -41.466 ], [ -66.966, -41.499 ], [ -66.933, -41.499 ], [ -66.933, -41.533 ], [ -66.933, -41.566 ], [ -66.899, -41.566 ], [ -66.866, -41.566 ], [ -66.866, -41.533 ], [ -66.866, -41.499 ], [ -66.899, -41.499 ], [ -66.899, -41.466 ], [ -66.866, -41.466 ], [ -66.866, -41.433 ], [ -66.899, -41.433 ], [ -66.899, -41.399 ], [ -66.933, -41.399 ], [ -66.966, -41.399 ], [ -66.999, -41.399 ], [ -66.999, -41.433 ] ] ], [ [ [ -67.833, -41.366 ], [ -67.833, -41.333 ], [ -67.833, -41.299 ], [ -67.799, -41.299 ], [ -67.799, -41.266 ], [ -67.766, -41.266 ], [ -67.766, -41.233 ], [ -67.733, -41.233 ], [ -67.733, -41.199 ], [ -67.733, -41.166 ], [ -67.699, -41.166 ], [ -67.699, -41.199 ], [ -67.699, -41.233 ], [ -67.699, -41.266 ], [ -67.699, -41.299 ], [ -67.699, -41.333 ], [ -67.733, -41.333 ], [ -67.733, -41.366 ], [ -67.766, -41.366 ], [ -67.799, -41.366 ], [ -67.833, -41.366 ] ] ], [ [ [ -71.848, -41.151 ], [ -71.833, -41.166 ], [ -71.833, -41.199 ], [ -71.872, -41.199 ], [ -71.872, -41.197 ], [ -71.872, -41.195 ], [ -71.875, -41.191 ], [ -71.877, -41.189 ], [ -71.879, -41.184 ], [ -71.881, -41.180 ], [ -71.882, -41.177 ], [ -71.881, -41.175 ], [ -71.883, -41.173 ], [ -71.884, -41.172 ], [ -71.885, -41.170 ], [ -71.885, -41.168 ], [ -71.880, -41.166 ], [ -71.880, -41.163 ], [ -71.879, -41.161 ], [ -71.878, -41.159 ], [ -71.872, -41.160 ], [ -71.869, -41.159 ], [ -71.866, -41.156 ], [ -71.860, -41.154 ], [ -71.852, -41.151 ], [ -71.848, -41.151 ] ] ], [ [ [ -69.866, -40.933 ], [ -69.899, -40.933 ], [ -69.899, -40.899 ], [ -69.866, -40.899 ], [ -69.866, -40.933 ] ] ], [ [ [ -71.199, -40.833 ], [ -71.199, -40.866 ], [ -71.166, -40.866 ], [ -71.166, -40.899 ], [ -71.166, -40.933 ], [ -71.199, -40.933 ], [ -71.233, -40.933 ], [ -71.266, -40.933 ], [ -71.299, -40.933 ], [ -71.333, -40.933 ], [ -71.333, -40.899 ], [ -71.299, -40.899 ], [ -71.266, -40.899 ], [ -71.266, -40.866 ], [ -71.266, -40.833 ], [ -71.233, -40.833 ], [ -71.199, -40.833 ] ] ], [ [ [ -71.399, -40.833 ], [ -71.433, -40.833 ], [ -71.433, -40.799 ], [ -71.399, -40.799 ], [ -71.399, -40.833 ] ] ], [ [ [ -71.466, -40.699 ], [ -71.499, -40.699 ], [ -71.499, -40.666 ], [ -71.466, -40.666 ], [ -71.466, -40.699 ] ] ], [ [ [ -71.266, -40.599 ], [ -71.233, -40.599 ], [ -71.233, -40.633 ], [ -71.266, -40.633 ], [ -71.266, -40.599 ] ] ], [ [ [ -71.099, -40.633 ], [ -71.133, -40.633 ], [ -71.133, -40.599 ], [ -71.133, -40.566 ], [ -71.099, -40.566 ], [ -71.099, -40.599 ], [ -71.099, -40.633 ] ] ], [ [ [ -71.599, -40.566 ], [ -71.633, -40.566 ], [ -71.633, -40.533 ], [ -71.599, -40.533 ], [ -71.599, -40.566 ] ] ], [ [ [ -71.433, -40.566 ], [ -71.466, -40.566 ], [ -71.466, -40.533 ], [ -71.433, -40.533 ], [ -71.433, -40.566 ] ] ], [ [ [ -71.266, -40.599 ], [ -71.299, -40.599 ], [ -71.333, -40.599 ], [ -71.366, -40.599 ], [ -71.366, -40.566 ], [ -71.399, -40.566 ], [ -71.399, -40.533 ], [ -71.366, -40.533 ], [ -71.333, -40.533 ], [ -71.299, -40.533 ], [ -71.299, -40.566 ], [ -71.266, -40.566 ], [ -71.266, -40.599 ] ] ], [ [ [ -71.533, -40.499 ], [ -71.499, -40.499 ], [ -71.499, -40.533 ], [ -71.533, -40.533 ], [ -71.533, -40.499 ] ] ], [ [ [ -71.533, -40.499 ], [ -71.566, -40.499 ], [ -71.566, -40.466 ], [ -71.533, -40.466 ], [ -71.533, -40.499 ] ] ], [ [ [ -69.399, -40.466 ], [ -69.433, -40.466 ], [ -69.433, -40.433 ], [ -69.399, -40.433 ], [ -69.366, -40.433 ], [ -69.366, -40.466 ], [ -69.399, -40.466 ] ] ], [ [ [ -71.366, -40.366 ], [ -71.366, -40.399 ], [ -71.333, -40.399 ], [ -71.333, -40.433 ], [ -71.366, -40.433 ], [ -71.399, -40.433 ], [ -71.399, -40.466 ], [ -71.433, -40.466 ], [ -71.466, -40.466 ], [ -71.499, -40.466 ], [ -71.499, -40.433 ], [ -71.466, -40.433 ], [ -71.466, -40.399 ], [ -71.433, -40.399 ], [ -71.433, -40.366 ], [ -71.399, -40.366 ], [ -71.366, -40.366 ] ] ], [ [ [ -71.099, -40.399 ], [ -71.133, -40.399 ], [ -71.133, -40.366 ], [ -71.099, -40.366 ], [ -71.099, -40.399 ] ] ], [ [ [ -68.666, -40.366 ], [ -68.666, -40.399 ], [ -68.633, -40.399 ], [ -68.633, -40.433 ], [ -68.666, -40.433 ], [ -68.666, -40.466 ], [ -68.666, -40.499 ], [ -68.633, -40.499 ], [ -68.599, -40.499 ], [ -68.599, -40.533 ], [ -68.566, -40.533 ], [ -68.566, -40.566 ], [ -68.566, -40.599 ], [ -68.599, -40.599 ], [ -68.599, -40.633 ], [ -68.633, -40.633 ], [ -68.633, -40.666 ], [ -68.633, -40.699 ], [ -68.666, -40.699 ], [ -68.699, -40.699 ], [ -68.699, -40.733 ], [ -68.733, -40.733 ], [ -68.766, -40.733 ], [ -68.766, -40.766 ], [ -68.799, -40.766 ], [ -68.799, -40.799 ], [ -68.799, -40.833 ], [ -68.766, -40.833 ], [ -68.733, -40.833 ], [ -68.699, -40.833 ], [ -68.666, -40.833 ], [ -68.666, -40.866 ], [ -68.633, -40.866 ], [ -68.633, -40.899 ], [ -68.633, -40.933 ], [ -68.666, -40.933 ], [ -68.666, -40.966 ], [ -68.699, -40.966 ], [ -68.733, -40.966 ], [ -68.733, -40.999 ], [ -68.766, -40.999 ], [ -68.766, -41.033 ], [ -68.799, -41.033 ], [ -68.833, -41.033 ], [ -68.833, -40.999 ], [ -68.866, -40.999 ], [ -68.899, -40.999 ], [ -68.899, -40.966 ], [ -68.933, -40.966 ], [ -68.933, -40.933 ], [ -68.933, -40.899 ], [ -68.933, -40.866 ], [ -68.966, -40.866 ], [ -68.999, -40.866 ], [ -69.033, -40.866 ], [ -69.033, -40.833 ], [ -68.999, -40.833 ], [ -68.966, -40.833 ], [ -68.966, -40.799 ], [ -68.966, -40.766 ], [ -68.966, -40.733 ], [ -68.966, -40.699 ], [ -68.999, -40.699 ], [ -68.999, -40.666 ], [ -68.999, -40.633 ], [ -68.999, -40.599 ], [ -68.999, -40.566 ], [ -69.033, -40.566 ], [ -69.033, -40.533 ], [ -69.033, -40.499 ], [ -69.033, -40.466 ], [ -68.999, -40.466 ], [ -68.999, -40.433 ], [ -68.966, -40.433 ], [ -68.966, -40.399 ], [ -68.933, -40.399 ], [ -68.899, -40.399 ], [ -68.866, -40.399 ], [ -68.833, -40.399 ], [ -68.799, -40.399 ], [ -68.766, -40.399 ], [ -68.733, -40.399 ], [ -68.733, -40.366 ], [ -68.699, -40.366 ], [ -68.666, -40.366 ] ] ], [ [ [ -68.266, -40.333 ], [ -68.266, -40.366 ], [ -68.233, -40.366 ], [ -68.199, -40.366 ], [ -68.199, -40.399 ], [ -68.166, -40.399 ], [ -68.166, -40.433 ], [ -68.166, -40.466 ], [ -68.166, -40.499 ], [ -68.199, -40.499 ], [ -68.233, -40.499 ], [ -68.233, -40.466 ], [ -68.266, -40.466 ], [ -68.266, -40.433 ], [ -68.299, -40.433 ], [ -68.333, -40.433 ], [ -68.366, -40.433 ], [ -68.366, -40.399 ], [ -68.366, -40.366 ], [ -68.333, -40.366 ], [ -68.333, -40.333 ], [ -68.299, -40.333 ], [ -68.266, -40.333 ] ] ], [ [ [ -71.266, -40.333 ], [ -71.299, -40.333 ], [ -71.299, -40.299 ], [ -71.266, -40.299 ], [ -71.266, -40.333 ] ] ], [ [ [ -71.199, -40.166 ], [ -71.199, -40.199 ], [ -71.166, -40.199 ], [ -71.133, -40.199 ], [ -71.133, -40.233 ], [ -71.133, -40.266 ], [ -71.133, -40.299 ], [ -71.166, -40.299 ], [ -71.166, -40.333 ], [ -71.166, -40.366 ], [ -71.166, -40.399 ], [ -71.166, -40.433 ], [ -71.199, -40.433 ], [ -71.199, -40.399 ], [ -71.199, -40.366 ], [ -71.233, -40.366 ], [ -71.233, -40.333 ], [ -71.233, -40.299 ], [ -71.233, -40.266 ], [ -71.199, -40.266 ], [ -71.166, -40.266 ], [ -71.166, -40.233 ], [ -71.199, -40.233 ], [ -71.233, -40.233 ], [ -71.266, -40.233 ], [ -71.299, -40.233 ], [ -71.299, -40.266 ], [ -71.333, -40.266 ], [ -71.333, -40.299 ], [ -71.366, -40.299 ], [ -71.366, -40.266 ], [ -71.366, -40.233 ], [ -71.333, -40.233 ], [ -71.333, -40.199 ], [ -71.299, -40.199 ], [ -71.266, -40.199 ], [ -71.266, -40.166 ], [ -71.233, -40.166 ], [ -71.199, -40.166 ] ] ], [ [ [ -68.999, -40.166 ], [ -69.033, -40.166 ], [ -69.033, -40.133 ], [ -68.999, -40.133 ], [ -68.999, -40.166 ] ] ], [ [ [ -68.533, -40.066 ], [ -68.533, -40.099 ], [ -68.499, -40.099 ], [ -68.466, -40.099 ], [ -68.466, -40.133 ], [ -68.499, -40.133 ], [ -68.533, -40.133 ], [ -68.533, -40.166 ], [ -68.566, -40.166 ], [ -68.566, -40.133 ], [ -68.599, -40.133 ], [ -68.599, -40.166 ], [ -68.633, -40.166 ], [ -68.633, -40.133 ], [ -68.633, -40.099 ], [ -68.633, -40.066 ], [ -68.599, -40.066 ], [ -68.599, -40.099 ], [ -68.566, -40.099 ], [ -68.566, -40.066 ], [ -68.533, -40.066 ] ] ], [ [ [ -71.599, -39.966 ], [ -71.620, -39.966 ], [ -71.620, -39.965 ], [ -71.618, -39.961 ], [ -71.616, -39.957 ], [ -71.615, -39.956 ], [ -71.616, -39.952 ], [ -71.618, -39.948 ], [ -71.620, -39.945 ], [ -71.623, -39.942 ], [ -71.625, -39.939 ], [ -71.623, -39.936 ], [ -71.617, -39.933 ], [ -71.611, -39.931 ], [ -71.605, -39.927 ], [ -71.599, -39.933 ], [ -71.599, -39.966 ] ] ], [ [ [ -71.499, -39.899 ], [ -71.466, -39.899 ], [ -71.433, -39.899 ], [ -71.433, -39.933 ], [ -71.399, -39.933 ], [ -71.366, -39.933 ], [ -71.333, -39.933 ], [ -71.333, -39.966 ], [ -71.366, -39.966 ], [ -71.366, -39.999 ], [ -71.399, -39.999 ], [ -71.433, -39.999 ], [ -71.433, -39.966 ], [ -71.466, -39.966 ], [ -71.499, -39.966 ], [ -71.499, -39.933 ], [ -71.499, -39.899 ] ] ], [ [ [ -71.499, -39.899 ], [ -71.533, -39.899 ], [ -71.566, -39.899 ], [ -71.593, -39.899 ], [ -71.594, -39.897 ], [ -71.597, -39.893 ], [ -71.600, -39.888 ], [ -71.603, -39.885 ], [ -71.608, -39.882 ], [ -71.611, -39.878 ], [ -71.611, -39.878 ], [ -71.599, -39.866 ], [ -71.566, -39.866 ], [ -71.533, -39.866 ], [ -71.499, -39.866 ], [ -71.499, -39.899 ] ] ], [ [ [ -71.366, -39.833 ], [ -71.366, -39.866 ], [ -71.399, -39.866 ], [ -71.433, -39.866 ], [ -71.433, -39.833 ], [ -71.466, -39.833 ], [ -71.466, -39.799 ], [ -71.433, -39.799 ], [ -71.399, -39.799 ], [ -71.366, -39.799 ], [ -71.333, -39.799 ], [ -71.333, -39.833 ], [ -71.366, -39.833 ] ] ], [ [ [ -71.499, -39.699 ], [ -71.466, -39.699 ], [ -71.466, -39.733 ], [ -71.499, -39.733 ], [ -71.499, -39.699 ] ] ], [ [ [ -71.680, -39.692 ], [ -71.675, -39.692 ], [ -71.674, -39.692 ], [ -71.666, -39.699 ], [ -71.666, -39.733 ], [ -71.708, -39.733 ], [ -71.709, -39.731 ], [ -71.711, -39.729 ], [ -71.712, -39.727 ], [ -71.712, -39.724 ], [ -71.708, -39.722 ], [ -71.705, -39.720 ], [ -71.703, -39.716 ], [ -71.702, -39.712 ], [ -71.700, -39.710 ], [ -71.697, -39.709 ], [ -71.694, -39.707 ], [ -71.696, -39.704 ], [ -71.698, -39.703 ], [ -71.702, -39.701 ], [ -71.698, -39.699 ], [ -71.694, -39.696 ], [ -71.691, -39.695 ], [ -71.688, -39.693 ], [ -71.684, -39.692 ], [ -71.680, -39.692 ] ] ], [ [ [ -71.499, -39.699 ], [ -71.533, -39.699 ], [ -71.566, -39.699 ], [ -71.566, -39.666 ], [ -71.533, -39.666 ], [ -71.499, -39.666 ], [ -71.499, -39.699 ] ] ], [ [ [ -71.466, -39.699 ], [ -71.466, -39.666 ], [ -71.433, -39.666 ], [ -71.433, -39.633 ], [ -71.399, -39.633 ], [ -71.399, -39.666 ], [ -71.366, -39.666 ], [ -71.366, -39.699 ], [ -71.399, -39.699 ], [ -71.433, -39.699 ], [ -71.466, -39.699 ] ] ], [ [ [ -71.233, -39.566 ], [ -71.199, -39.566 ], [ -71.166, -39.566 ], [ -71.166, -39.599 ], [ -71.133, -39.599 ], [ -71.099, -39.599 ], [ -71.099, -39.633 ], [ -71.099, -39.666 ], [ -71.099, -39.699 ], [ -71.133, -39.699 ], [ -71.133, -39.666 ], [ -71.166, -39.666 ], [ -71.166, -39.633 ], [ -71.199, -39.633 ], [ -71.233, -39.633 ], [ -71.233, -39.599 ], [ -71.233, -39.566 ] ] ], [ [ [ -71.656, -39.585 ], [ -71.655, -39.587 ], [ -71.653, -39.587 ], [ -71.666, -39.599 ], [ -71.696, -39.599 ], [ -71.698, -39.596 ], [ -71.696, -39.592 ], [ -71.697, -39.588 ], [ -71.695, -39.583 ], [ -71.691, -39.581 ], [ -71.689, -39.578 ], [ -71.688, -39.574 ], [ -71.685, -39.569 ], [ -71.680, -39.566 ], [ -71.678, -39.564 ], [ -71.673, -39.566 ], [ -71.671, -39.570 ], [ -71.670, -39.571 ], [ -71.667, -39.572 ], [ -71.664, -39.574 ], [ -71.662, -39.576 ], [ -71.659, -39.579 ], [ -71.657, -39.581 ], [ -71.656, -39.585 ] ] ], [ [ [ -71.166, -39.566 ], [ -71.166, -39.533 ], [ -71.199, -39.533 ], [ -71.199, -39.499 ], [ -71.233, -39.499 ], [ -71.233, -39.533 ], [ -71.233, -39.566 ], [ -71.266, -39.566 ], [ -71.266, -39.599 ], [ -71.299, -39.599 ], [ -71.299, -39.566 ], [ -71.299, -39.533 ], [ -71.333, -39.533 ], [ -71.333, -39.499 ], [ -71.299, -39.499 ], [ -71.299, -39.466 ], [ -71.266, -39.466 ], [ -71.266, -39.433 ], [ -71.233, -39.433 ], [ -71.199, -39.433 ], [ -71.166, -39.433 ], [ -71.166, -39.466 ], [ -71.133, -39.466 ], [ -71.133, -39.499 ], [ -71.099, -39.499 ], [ -71.066, -39.499 ], [ -71.033, -39.499 ], [ -70.999, -39.499 ], [ -70.999, -39.533 ], [ -71.033, -39.533 ], [ -71.033, -39.566 ], [ -71.066, -39.566 ], [ -71.099, -39.566 ], [ -71.099, -39.533 ], [ -71.133, -39.533 ], [ -71.133, -39.566 ], [ -71.166, -39.566 ] ] ], [ [ [ -70.799, -39.433 ], [ -70.799, -39.466 ], [ -70.766, -39.466 ], [ -70.766, -39.499 ], [ -70.733, -39.499 ], [ -70.733, -39.533 ], [ -70.766, -39.533 ], [ -70.766, -39.566 ], [ -70.799, -39.566 ], [ -70.799, -39.599 ], [ -70.833, -39.599 ], [ -70.866, -39.599 ], [ -70.899, -39.599 ], [ -70.899, -39.566 ], [ -70.899, -39.533 ], [ -70.866, -39.533 ], [ -70.866, -39.499 ], [ -70.866, -39.466 ], [ -70.866, -39.433 ], [ -70.833, -39.433 ], [ -70.799, -39.433 ] ], [ [ -70.833, -39.499 ], [ -70.833, -39.533 ], [ -70.799, -39.533 ], [ -70.799, -39.499 ], [ -70.833, -39.499 ] ] ], [ [ [ -71.066, -39.433 ], [ -71.099, -39.433 ], [ -71.099, -39.399 ], [ -71.066, -39.399 ], [ -71.066, -39.433 ] ] ], [ [ [ -70.499, -39.433 ], [ -70.533, -39.433 ], [ -70.533, -39.399 ], [ -70.499, -39.399 ], [ -70.499, -39.433 ] ] ], [ [ [ -70.599, -39.399 ], [ -70.633, -39.399 ], [ -70.633, -39.366 ], [ -70.599, -39.366 ], [ -70.599, -39.333 ], [ -70.566, -39.333 ], [ -70.566, -39.366 ], [ -70.566, -39.399 ], [ -70.599, -39.399 ] ] ], [ [ [ -70.399, -39.333 ], [ -70.399, -39.366 ], [ -70.433, -39.366 ], [ -70.433, -39.333 ], [ -70.399, -39.333 ] ] ], [ [ [ -71.299, -39.299 ], [ -71.299, -39.333 ], [ -71.333, -39.333 ], [ -71.333, -39.299 ], [ -71.299, -39.299 ] ] ], [ [ [ -71.166, -39.333 ], [ -71.199, -39.333 ], [ -71.199, -39.299 ], [ -71.166, -39.299 ], [ -71.166, -39.333 ] ] ], [ [ [ -71.099, -39.299 ], [ -71.099, -39.333 ], [ -71.133, -39.333 ], [ -71.133, -39.299 ], [ -71.099, -39.299 ] ] ], [ [ [ -70.399, -39.333 ], [ -70.399, -39.299 ], [ -70.366, -39.299 ], [ -70.366, -39.333 ], [ -70.399, -39.333 ] ] ], [ [ [ -71.066, -39.299 ], [ -71.099, -39.299 ], [ -71.099, -39.266 ], [ -71.066, -39.266 ], [ -71.066, -39.299 ] ] ], [ [ [ -71.066, -39.299 ], [ -71.033, -39.299 ], [ -71.033, -39.266 ], [ -70.999, -39.266 ], [ -70.999, -39.299 ], [ -70.999, -39.333 ], [ -71.033, -39.333 ], [ -71.066, -39.333 ], [ -71.066, -39.299 ] ] ], [ [ [ -71.133, -39.266 ], [ -71.166, -39.266 ], [ -71.166, -39.233 ], [ -71.133, -39.233 ], [ -71.133, -39.266 ] ] ], [ [ [ -71.033, -39.266 ], [ -71.066, -39.266 ], [ -71.066, -39.233 ], [ -71.033, -39.233 ], [ -71.033, -39.266 ] ] ], [ [ [ -70.799, -39.433 ], [ -70.799, -39.399 ], [ -70.799, -39.366 ], [ -70.833, -39.366 ], [ -70.833, -39.333 ], [ -70.799, -39.333 ], [ -70.799, -39.299 ], [ -70.799, -39.266 ], [ -70.799, -39.233 ], [ -70.799, -39.199 ], [ -70.766, -39.199 ], [ -70.766, -39.233 ], [ -70.766, -39.266 ], [ -70.766, -39.299 ], [ -70.733, -39.299 ], [ -70.699, -39.299 ], [ -70.666, -39.299 ], [ -70.666, -39.333 ], [ -70.699, -39.333 ], [ -70.733, -39.333 ], [ -70.766, -39.333 ], [ -70.766, -39.366 ], [ -70.766, -39.399 ], [ -70.766, -39.433 ], [ -70.799, -39.433 ] ] ], [ [ [ -70.633, -39.233 ], [ -70.633, -39.199 ], [ -70.599, -39.199 ], [ -70.599, -39.233 ], [ -70.633, -39.233 ] ] ], [ [ [ -70.533, -39.199 ], [ -70.499, -39.199 ], [ -70.499, -39.233 ], [ -70.499, -39.266 ], [ -70.533, -39.266 ], [ -70.533, -39.299 ], [ -70.566, -39.299 ], [ -70.566, -39.266 ], [ -70.566, -39.233 ], [ -70.533, -39.233 ], [ -70.533, -39.199 ] ] ], [ [ [ -71.266, -39.233 ], [ -71.266, -39.266 ], [ -71.233, -39.266 ], [ -71.233, -39.299 ], [ -71.266, -39.299 ], [ -71.299, -39.299 ], [ -71.299, -39.266 ], [ -71.333, -39.266 ], [ -71.333, -39.233 ], [ -71.366, -39.233 ], [ -71.366, -39.199 ], [ -71.333, -39.199 ], [ -71.333, -39.166 ], [ -71.299, -39.166 ], [ -71.299, -39.199 ], [ -71.299, -39.233 ], [ -71.266, -39.233 ] ] ], [ [ [ -71.266, -39.233 ], [ -71.266, -39.199 ], [ -71.233, -39.199 ], [ -71.233, -39.166 ], [ -71.199, -39.166 ], [ -71.166, -39.166 ], [ -71.166, -39.199 ], [ -71.199, -39.199 ], [ -71.199, -39.233 ], [ -71.233, -39.233 ], [ -71.266, -39.233 ] ] ], [ [ [ -71.399, -39.166 ], [ -71.400, -39.167 ], [ -71.401, -39.165 ], [ -71.405, -39.164 ], [ -71.408, -39.164 ], [ -71.412, -39.163 ], [ -71.413, -39.161 ], [ -71.415, -39.159 ], [ -71.417, -39.157 ], [ -71.419, -39.154 ], [ -71.419, -39.151 ], [ -71.418, -39.149 ], [ -71.416, -39.146 ], [ -71.412, -39.143 ], [ -71.409, -39.140 ], [ -71.409, -39.136 ], [ -71.410, -39.133 ], [ -71.399, -39.133 ], [ -71.366, -39.133 ], [ -71.366, -39.166 ], [ -71.399, -39.166 ] ] ], [ [ [ -70.366, -39.199 ], [ -70.366, -39.233 ], [ -70.399, -39.233 ], [ -70.399, -39.199 ], [ -70.433, -39.199 ], [ -70.433, -39.166 ], [ -70.399, -39.166 ], [ -70.399, -39.133 ], [ -70.366, -39.133 ], [ -70.366, -39.166 ], [ -70.366, -39.199 ] ] ], [ [ [ -70.799, -39.099 ], [ -70.799, -39.133 ], [ -70.766, -39.133 ], [ -70.766, -39.166 ], [ -70.799, -39.166 ], [ -70.833, -39.166 ], [ -70.866, -39.166 ], [ -70.866, -39.133 ], [ -70.833, -39.133 ], [ -70.833, -39.099 ], [ -70.799, -39.099 ] ] ], [ [ [ -70.633, -39.233 ], [ -70.633, -39.266 ], [ -70.666, -39.266 ], [ -70.699, -39.266 ], [ -70.699, -39.233 ], [ -70.699, -39.199 ], [ -70.699, -39.166 ], [ -70.699, -39.133 ], [ -70.699, -39.099 ], [ -70.666, -39.099 ], [ -70.666, -39.133 ], [ -70.633, -39.133 ], [ -70.633, -39.166 ], [ -70.666, -39.166 ], [ -70.666, -39.199 ], [ -70.666, -39.233 ], [ -70.633, -39.233 ] ] ], [ [ [ -71.299, -39.066 ], [ -71.266, -39.066 ], [ -71.233, -39.066 ], [ -71.199, -39.066 ], [ -71.199, -39.099 ], [ -71.233, -39.099 ], [ -71.266, -39.099 ], [ -71.299, -39.099 ], [ -71.299, -39.066 ] ] ], [ [ [ -71.299, -39.066 ], [ -71.333, -39.066 ], [ -71.333, -39.033 ], [ -71.299, -39.033 ], [ -71.299, -39.066 ] ] ], [ [ [ -71.333, -39.033 ], [ -71.366, -39.033 ], [ -71.366, -38.999 ], [ -71.333, -38.999 ], [ -71.333, -39.033 ] ] ], [ [ [ -70.799, -39.099 ], [ -70.799, -39.066 ], [ -70.799, -39.033 ], [ -70.799, -38.999 ], [ -70.766, -38.999 ], [ -70.733, -38.999 ], [ -70.733, -39.033 ], [ -70.766, -39.033 ], [ -70.766, -39.066 ], [ -70.766, -39.099 ], [ -70.799, -39.099 ] ] ], [ [ [ -71.299, -38.999 ], [ -71.333, -38.999 ], [ -71.333, -38.966 ], [ -71.299, -38.966 ], [ -71.299, -38.999 ] ] ], [ [ [ -70.799, -38.999 ], [ -70.833, -38.999 ], [ -70.833, -38.966 ], [ -70.799, -38.966 ], [ -70.799, -38.999 ] ] ], [ [ [ -71.299, -39.033 ], [ -71.299, -38.999 ], [ -71.266, -38.999 ], [ -71.266, -38.966 ], [ -71.299, -38.966 ], [ -71.299, -38.933 ], [ -71.266, -38.933 ], [ -71.233, -38.933 ], [ -71.233, -38.966 ], [ -71.199, -38.966 ], [ -71.199, -38.933 ], [ -71.166, -38.933 ], [ -71.166, -38.966 ], [ -71.166, -38.999 ], [ -71.133, -38.999 ], [ -71.133, -39.033 ], [ -71.099, -39.033 ], [ -71.099, -39.066 ], [ -71.133, -39.066 ], [ -71.166, -39.066 ], [ -71.166, -39.033 ], [ -71.199, -39.033 ], [ -71.233, -39.033 ], [ -71.266, -39.033 ], [ -71.299, -39.033 ] ] ], [ [ [ -70.433, -38.933 ], [ -70.466, -38.933 ], [ -70.466, -38.899 ], [ -70.433, -38.899 ], [ -70.433, -38.933 ] ] ], [ [ [ -71.366, -38.896 ], [ -71.366, -38.933 ], [ -71.399, -38.933 ], [ -71.399, -38.966 ], [ -71.399, -38.999 ], [ -71.399, -39.033 ], [ -71.399, -39.066 ], [ -71.366, -39.066 ], [ -71.366, -39.099 ], [ -71.399, -39.099 ], [ -71.410, -39.089 ], [ -71.412, -39.087 ], [ -71.412, -39.084 ], [ -71.412, -39.082 ], [ -71.413, -39.079 ], [ -71.413, -39.075 ], [ -71.416, -39.073 ], [ -71.418, -39.069 ], [ -71.416, -39.066 ], [ -71.415, -39.062 ], [ -71.415, -39.058 ], [ -71.416, -39.055 ], [ -71.416, -39.051 ], [ -71.416, -39.048 ], [ -71.417, -39.045 ], [ -71.419, -39.042 ], [ -71.421, -39.040 ], [ -71.423, -39.037 ], [ -71.426, -39.036 ], [ -71.427, -39.032 ], [ -71.427, -39.029 ], [ -71.425, -39.027 ], [ -71.422, -39.025 ], [ -71.422, -39.019 ], [ -71.423, -39.015 ], [ -71.424, -39.010 ], [ -71.425, -39.005 ], [ -71.427, -39.002 ], [ -71.429, -38.997 ], [ -71.430, -38.992 ], [ -71.433, -38.988 ], [ -71.435, -38.986 ], [ -71.437, -38.983 ], [ -71.439, -38.981 ], [ -71.440, -38.980 ], [ -71.440, -38.977 ], [ -71.434, -38.976 ], [ -71.433, -38.971 ], [ -71.432, -38.968 ], [ -71.433, -38.964 ], [ -71.433, -38.962 ], [ -71.434, -38.960 ], [ -71.436, -38.958 ], [ -71.436, -38.956 ], [ -71.437, -38.954 ], [ -71.437, -38.952 ], [ -71.436, -38.949 ], [ -71.436, -38.947 ], [ -71.436, -38.944 ], [ -71.438, -38.942 ], [ -71.438, -38.940 ], [ -71.437, -38.938 ], [ -71.436, -38.936 ], [ -71.433, -38.934 ], [ -71.433, -38.932 ], [ -71.433, -38.930 ], [ -71.435, -38.928 ], [ -71.433, -38.927 ], [ -71.430, -38.925 ], [ -71.428, -38.923 ], [ -71.425, -38.921 ], [ -71.421, -38.922 ], [ -71.416, -38.922 ], [ -71.414, -38.921 ], [ -71.411, -38.919 ], [ -71.407, -38.918 ], [ -71.403, -38.916 ], [ -71.401, -38.916 ], [ -71.396, -38.913 ], [ -71.395, -38.910 ], [ -71.394, -38.909 ], [ -71.392, -38.908 ], [ -71.389, -38.906 ], [ -71.386, -38.907 ], [ -71.383, -38.908 ], [ -71.379, -38.906 ], [ -71.374, -38.907 ], [ -71.372, -38.902 ], [ -71.369, -38.899 ], [ -71.367, -38.897 ], [ -71.366, -38.896 ] ] ], [ [ [ -71.299, -38.872 ], [ -71.299, -38.899 ], [ -71.333, -38.899 ], [ -71.349, -38.883 ], [ -71.348, -38.883 ], [ -71.345, -38.881 ], [ -71.338, -38.877 ], [ -71.334, -38.875 ], [ -71.330, -38.874 ], [ -71.328, -38.874 ], [ -71.325, -38.876 ], [ -71.322, -38.878 ], [ -71.317, -38.878 ], [ -71.311, -38.878 ], [ -71.309, -38.876 ], [ -71.303, -38.873 ], [ -71.299, -38.872 ] ] ], [ [ [ -70.799, -38.833 ], [ -70.799, -38.799 ], [ -70.766, -38.799 ], [ -70.766, -38.833 ], [ -70.799, -38.833 ] ] ], [ [ [ -71.141, -38.791 ], [ -71.133, -38.799 ], [ -71.099, -38.799 ], [ -71.066, -38.799 ], [ -71.066, -38.833 ], [ -71.066, -38.866 ], [ -71.099, -38.866 ], [ -71.133, -38.866 ], [ -71.166, -38.866 ], [ -71.166, -38.833 ], [ -71.199, -38.833 ], [ -71.233, -38.833 ], [ -71.233, -38.803 ], [ -71.231, -38.804 ], [ -71.230, -38.805 ], [ -71.230, -38.806 ], [ -71.229, -38.810 ], [ -71.228, -38.811 ], [ -71.222, -38.811 ], [ -71.219, -38.812 ], [ -71.216, -38.814 ], [ -71.214, -38.815 ], [ -71.211, -38.816 ], [ -71.208, -38.816 ], [ -71.202, -38.815 ], [ -71.195, -38.814 ], [ -71.191, -38.813 ], [ -71.188, -38.813 ], [ -71.185, -38.814 ], [ -71.187, -38.809 ], [ -71.187, -38.806 ], [ -71.185, -38.804 ], [ -71.180, -38.801 ], [ -71.174, -38.800 ], [ -71.166, -38.801 ], [ -71.158, -38.800 ], [ -71.151, -38.798 ], [ -71.146, -38.795 ], [ -71.142, -38.792 ], [ -71.141, -38.791 ] ] ], [ [ [ -70.533, -39.199 ], [ -70.566, -39.199 ], [ -70.599, -39.199 ], [ -70.599, -39.166 ], [ -70.599, -39.133 ], [ -70.566, -39.133 ], [ -70.533, -39.133 ], [ -70.533, -39.099 ], [ -70.533, -39.066 ], [ -70.533, -39.033 ], [ -70.566, -39.033 ], [ -70.566, -38.999 ], [ -70.566, -38.966 ], [ -70.599, -38.966 ], [ -70.599, -38.933 ], [ -70.599, -38.899 ], [ -70.599, -38.866 ], [ -70.599, -38.833 ], [ -70.566, -38.833 ], [ -70.566, -38.799 ], [ -70.566, -38.766 ], [ -70.533, -38.766 ], [ -70.533, -38.799 ], [ -70.533, -38.833 ], [ -70.533, -38.866 ], [ -70.533, -38.899 ], [ -70.566, -38.899 ], [ -70.566, -38.933 ], [ -70.533, -38.933 ], [ -70.533, -38.966 ], [ -70.499, -38.966 ], [ -70.499, -38.999 ], [ -70.466, -38.999 ], [ -70.466, -39.033 ], [ -70.433, -39.033 ], [ -70.433, -39.066 ], [ -70.433, -39.099 ], [ -70.433, -39.133 ], [ -70.466, -39.133 ], [ -70.499, -39.133 ], [ -70.499, -39.166 ], [ -70.533, -39.166 ], [ -70.533, -39.199 ] ] ], [ [ [ -70.799, -38.833 ], [ -70.799, -38.866 ], [ -70.766, -38.866 ], [ -70.733, -38.866 ], [ -70.733, -38.899 ], [ -70.699, -38.899 ], [ -70.699, -38.933 ], [ -70.666, -38.933 ], [ -70.666, -38.966 ], [ -70.699, -38.966 ], [ -70.733, -38.966 ], [ -70.766, -38.966 ], [ -70.799, -38.966 ], [ -70.799, -38.933 ], [ -70.766, -38.933 ], [ -70.766, -38.899 ], [ -70.799, -38.899 ], [ -70.833, -38.899 ], [ -70.866, -38.899 ], [ -70.866, -38.933 ], [ -70.866, -38.966 ], [ -70.899, -38.966 ], [ -70.933, -38.966 ], [ -70.933, -38.999 ], [ -70.966, -38.999 ], [ -70.999, -38.999 ], [ -70.999, -38.966 ], [ -70.999, -38.933 ], [ -71.033, -38.933 ], [ -71.033, -38.899 ], [ -70.999, -38.899 ], [ -70.966, -38.899 ], [ -70.966, -38.866 ], [ -70.966, -38.833 ], [ -70.999, -38.833 ], [ -70.999, -38.799 ], [ -71.033, -38.799 ], [ -71.033, -38.758 ], [ -71.027, -38.758 ], [ -71.020, -38.760 ], [ -71.013, -38.760 ], [ -71.008, -38.762 ], [ -71.005, -38.764 ], [ -71.002, -38.767 ], [ -70.998, -38.765 ], [ -70.992, -38.763 ], [ -70.988, -38.763 ], [ -70.984, -38.762 ], [ -70.979, -38.760 ], [ -70.975, -38.760 ], [ -70.971, -38.761 ], [ -70.967, -38.762 ], [ -70.962, -38.762 ], [ -70.958, -38.762 ], [ -70.953, -38.761 ], [ -70.948, -38.761 ], [ -70.942, -38.762 ], [ -70.935, -38.762 ], [ -70.929, -38.764 ], [ -70.925, -38.762 ], [ -70.922, -38.759 ], [ -70.918, -38.756 ], [ -70.915, -38.751 ], [ -70.914, -38.746 ], [ -70.911, -38.741 ], [ -70.909, -38.737 ], [ -70.908, -38.733 ], [ -70.866, -38.733 ], [ -70.866, -38.766 ], [ -70.833, -38.766 ], [ -70.833, -38.799 ], [ -70.866, -38.799 ], [ -70.899, -38.799 ], [ -70.899, -38.833 ], [ -70.866, -38.833 ], [ -70.866, -38.866 ], [ -70.833, -38.866 ], [ -70.833, -38.833 ], [ -70.799, -38.833 ] ] ], [ [ [ -70.933, -38.899 ], [ -70.933, -38.933 ], [ -70.899, -38.933 ], [ -70.899, -38.899 ], [ -70.933, -38.899 ] ] ], [ [ [ -70.799, -38.699 ], [ -70.799, -38.733 ], [ -70.833, -38.733 ], [ -70.866, -38.733 ], [ -70.866, -38.699 ], [ -70.866, -38.666 ], [ -70.833, -38.666 ], [ -70.833, -38.699 ], [ -70.799, -38.699 ] ] ], [ [ [ -70.566, -38.766 ], [ -70.599, -38.766 ], [ -70.633, -38.766 ], [ -70.666, -38.766 ], [ -70.666, -38.733 ], [ -70.666, -38.699 ], [ -70.699, -38.699 ], [ -70.733, -38.699 ], [ -70.766, -38.699 ], [ -70.799, -38.699 ], [ -70.799, -38.666 ], [ -70.833, -38.666 ], [ -70.833, -38.633 ], [ -70.799, -38.633 ], [ -70.766, -38.633 ], [ -70.733, -38.633 ], [ -70.733, -38.666 ], [ -70.699, -38.666 ], [ -70.666, -38.666 ], [ -70.633, -38.666 ], [ -70.599, -38.666 ], [ -70.599, -38.699 ], [ -70.599, -38.733 ], [ -70.566, -38.733 ], [ -70.566, -38.766 ] ] ], [ [ [ -70.799, -38.466 ], [ -70.766, -38.466 ], [ -70.733, -38.466 ], [ -70.733, -38.499 ], [ -70.733, -38.533 ], [ -70.733, -38.566 ], [ -70.766, -38.566 ], [ -70.766, -38.599 ], [ -70.799, -38.599 ], [ -70.799, -38.566 ], [ -70.799, -38.533 ], [ -70.766, -38.533 ], [ -70.766, -38.499 ], [ -70.799, -38.499 ], [ -70.799, -38.466 ] ] ], [ [ [ -70.933, -38.433 ], [ -70.982, -38.433 ], [ -70.983, -38.432 ], [ -70.983, -38.430 ], [ -70.983, -38.428 ], [ -70.981, -38.425 ], [ -70.981, -38.422 ], [ -70.981, -38.421 ], [ -70.980, -38.418 ], [ -70.980, -38.414 ], [ -70.980, -38.413 ], [ -70.966, -38.399 ], [ -70.933, -38.399 ], [ -70.933, -38.433 ] ] ], [ [ [ -70.933, -38.366 ], [ -70.966, -38.366 ], [ -70.966, -38.333 ], [ -70.933, -38.333 ], [ -70.933, -38.366 ] ] ], [ [ [ -70.366, -38.299 ], [ -70.333, -38.299 ], [ -70.299, -38.299 ], [ -70.299, -38.333 ], [ -70.333, -38.333 ], [ -70.366, -38.333 ], [ -70.366, -38.299 ] ] ], [ [ [ -70.366, -38.299 ], [ -70.399, -38.299 ], [ -70.399, -38.266 ], [ -70.366, -38.266 ], [ -70.366, -38.299 ] ] ], [ [ [ -70.933, -38.199 ], [ -70.933, -38.233 ], [ -70.933, -38.266 ], [ -70.966, -38.266 ], [ -70.966, -38.233 ], [ -70.966, -38.199 ], [ -70.933, -38.199 ] ] ], [ [ [ -70.799, -38.466 ], [ -70.833, -38.466 ], [ -70.833, -38.433 ], [ -70.866, -38.433 ], [ -70.866, -38.466 ], [ -70.899, -38.466 ], [ -70.899, -38.433 ], [ -70.899, -38.399 ], [ -70.866, -38.399 ], [ -70.833, -38.399 ], [ -70.833, -38.366 ], [ -70.833, -38.333 ], [ -70.833, -38.299 ], [ -70.799, -38.299 ], [ -70.799, -38.266 ], [ -70.799, -38.233 ], [ -70.833, -38.233 ], [ -70.833, -38.199 ], [ -70.799, -38.199 ], [ -70.766, -38.199 ], [ -70.766, -38.233 ], [ -70.766, -38.266 ], [ -70.766, -38.299 ], [ -70.766, -38.333 ], [ -70.799, -38.333 ], [ -70.799, -38.366 ], [ -70.799, -38.399 ], [ -70.799, -38.433 ], [ -70.799, -38.466 ] ] ], [ [ [ -70.499, -38.233 ], [ -70.533, -38.233 ], [ -70.533, -38.199 ], [ -70.499, -38.199 ], [ -70.466, -38.199 ], [ -70.466, -38.166 ], [ -70.433, -38.166 ], [ -70.433, -38.199 ], [ -70.433, -38.233 ], [ -70.466, -38.233 ], [ -70.499, -38.233 ] ] ], [ [ [ -70.933, -38.166 ], [ -70.966, -38.166 ], [ -70.999, -38.166 ], [ -70.999, -38.133 ], [ -70.966, -38.133 ], [ -70.933, -38.133 ], [ -70.933, -38.166 ] ] ], [ [ [ -70.466, -38.099 ], [ -70.499, -38.099 ], [ -70.499, -38.066 ], [ -70.466, -38.066 ], [ -70.466, -38.099 ] ] ], [ [ [ -70.966, -38.066 ], [ -70.999, -38.066 ], [ -70.999, -38.033 ], [ -70.966, -38.033 ], [ -70.966, -38.066 ] ] ], [ [ [ -70.366, -38.033 ], [ -70.399, -38.033 ], [ -70.399, -37.999 ], [ -70.366, -37.999 ], [ -70.366, -38.033 ] ] ], [ [ [ -70.466, -37.999 ], [ -70.499, -37.999 ], [ -70.499, -37.966 ], [ -70.466, -37.966 ], [ -70.466, -37.999 ] ] ], [ [ [ -70.866, -37.933 ], [ -70.866, -37.899 ], [ -70.866, -37.866 ], [ -70.866, -37.833 ], [ -70.833, -37.833 ], [ -70.833, -37.866 ], [ -70.833, -37.899 ], [ -70.833, -37.933 ], [ -70.866, -37.933 ] ] ], [ [ [ -70.166, -37.833 ], [ -70.166, -37.866 ], [ -70.133, -37.866 ], [ -70.133, -37.899 ], [ -70.166, -37.899 ], [ -70.199, -37.899 ], [ -70.199, -37.866 ], [ -70.199, -37.833 ], [ -70.166, -37.833 ] ] ], [ [ [ -70.866, -37.833 ], [ -70.899, -37.833 ], [ -70.899, -37.799 ], [ -70.866, -37.799 ], [ -70.866, -37.833 ] ] ], [ [ [ -70.433, -37.899 ], [ -70.466, -37.899 ], [ -70.466, -37.866 ], [ -70.466, -37.833 ], [ -70.433, -37.833 ], [ -70.433, -37.799 ], [ -70.399, -37.799 ], [ -70.366, -37.799 ], [ -70.333, -37.799 ], [ -70.333, -37.833 ], [ -70.366, -37.833 ], [ -70.366, -37.866 ], [ -70.399, -37.866 ], [ -70.399, -37.899 ], [ -70.433, -37.899 ] ] ], [ [ [ -70.866, -37.933 ], [ -70.866, -37.966 ], [ -70.833, -37.966 ], [ -70.833, -37.999 ], [ -70.833, -38.033 ], [ -70.833, -38.066 ], [ -70.833, -38.099 ], [ -70.833, -38.133 ], [ -70.833, -38.166 ], [ -70.833, -38.199 ], [ -70.866, -38.199 ], [ -70.866, -38.233 ], [ -70.899, -38.233 ], [ -70.899, -38.199 ], [ -70.933, -38.199 ], [ -70.933, -38.166 ], [ -70.899, -38.166 ], [ -70.866, -38.166 ], [ -70.866, -38.133 ], [ -70.866, -38.099 ], [ -70.899, -38.099 ], [ -70.899, -38.066 ], [ -70.899, -38.033 ], [ -70.933, -38.033 ], [ -70.933, -37.999 ], [ -70.899, -37.999 ], [ -70.899, -37.966 ], [ -70.933, -37.966 ], [ -70.966, -37.966 ], [ -70.999, -37.966 ], [ -70.999, -37.999 ], [ -71.033, -37.999 ], [ -71.033, -37.966 ], [ -71.066, -37.966 ], [ -71.066, -37.933 ], [ -71.066, -37.899 ], [ -71.066, -37.866 ], [ -71.066, -37.833 ], [ -71.066, -37.799 ], [ -71.099, -37.799 ], [ -71.099, -37.766 ], [ -71.066, -37.766 ], [ -71.033, -37.766 ], [ -70.999, -37.766 ], [ -70.999, -37.799 ], [ -70.999, -37.833 ], [ -70.966, -37.833 ], [ -70.966, -37.799 ], [ -70.933, -37.799 ], [ -70.933, -37.833 ], [ -70.933, -37.866 ], [ -70.966, -37.866 ], [ -70.966, -37.899 ], [ -70.999, -37.899 ], [ -71.033, -37.899 ], [ -71.033, -37.933 ], [ -70.999, -37.933 ], [ -70.966, -37.933 ], [ -70.933, -37.933 ], [ -70.899, -37.933 ], [ -70.866, -37.933 ] ] ], [ [ [ -70.599, -37.799 ], [ -70.633, -37.799 ], [ -70.633, -37.766 ], [ -70.599, -37.766 ], [ -70.599, -37.799 ] ] ], [ [ [ -68.966, -37.766 ], [ -68.933, -37.766 ], [ -68.899, -37.766 ], [ -68.866, -37.766 ], [ -68.866, -37.799 ], [ -68.899, -37.799 ], [ -68.933, -37.799 ], [ -68.966, -37.799 ], [ -68.966, -37.766 ] ] ], [ [ [ -70.533, -37.766 ], [ -70.566, -37.766 ], [ -70.566, -37.733 ], [ -70.533, -37.733 ], [ -70.533, -37.766 ] ] ], [ [ [ -68.966, -37.766 ], [ -68.999, -37.766 ], [ -68.999, -37.733 ], [ -68.966, -37.733 ], [ -68.966, -37.766 ] ] ], [ [ [ -70.399, -37.699 ], [ -70.366, -37.699 ], [ -70.333, -37.699 ], [ -70.299, -37.699 ], [ -70.299, -37.733 ], [ -70.333, -37.733 ], [ -70.366, -37.733 ], [ -70.399, -37.733 ], [ -70.399, -37.699 ] ] ], [ [ [ -68.866, -37.766 ], [ -68.866, -37.733 ], [ -68.899, -37.733 ], [ -68.933, -37.733 ], [ -68.966, -37.733 ], [ -68.966, -37.699 ], [ -68.933, -37.699 ], [ -68.899, -37.699 ], [ -68.866, -37.699 ], [ -68.833, -37.699 ], [ -68.833, -37.733 ], [ -68.833, -37.766 ], [ -68.866, -37.766 ] ] ], [ [ [ -70.866, -37.699 ], [ -70.899, -37.699 ], [ -70.933, -37.699 ], [ -70.933, -37.666 ], [ -70.899, -37.666 ], [ -70.866, -37.666 ], [ -70.866, -37.699 ] ] ], [ [ [ -70.766, -37.699 ], [ -70.766, -37.733 ], [ -70.799, -37.733 ], [ -70.833, -37.733 ], [ -70.833, -37.766 ], [ -70.833, -37.799 ], [ -70.866, -37.799 ], [ -70.866, -37.766 ], [ -70.866, -37.733 ], [ -70.866, -37.699 ], [ -70.833, -37.699 ], [ -70.833, -37.666 ], [ -70.799, -37.666 ], [ -70.799, -37.699 ], [ -70.766, -37.699 ] ] ], [ [ [ -71.099, -37.766 ], [ -71.133, -37.766 ], [ -71.133, -37.733 ], [ -71.166, -37.733 ], [ -71.176, -37.742 ], [ -71.178, -37.741 ], [ -71.182, -37.738 ], [ -71.184, -37.734 ], [ -71.185, -37.731 ], [ -71.184, -37.727 ], [ -71.187, -37.725 ], [ -71.190, -37.721 ], [ -71.189, -37.717 ], [ -71.187, -37.714 ], [ -71.190, -37.711 ], [ -71.193, -37.710 ], [ -71.196, -37.708 ], [ -71.200, -37.705 ], [ -71.207, -37.701 ], [ -71.208, -37.699 ], [ -71.166, -37.699 ], [ -71.166, -37.666 ], [ -71.166, -37.633 ], [ -71.133, -37.633 ], [ -71.133, -37.666 ], [ -71.099, -37.666 ], [ -71.099, -37.699 ], [ -71.066, -37.699 ], [ -71.033, -37.699 ], [ -70.999, -37.699 ], [ -70.966, -37.699 ], [ -70.966, -37.733 ], [ -70.999, -37.733 ], [ -71.033, -37.733 ], [ -71.066, -37.733 ], [ -71.099, -37.733 ], [ -71.099, -37.766 ] ] ], [ [ [ -71.066, -37.633 ], [ -71.033, -37.633 ], [ -70.999, -37.633 ], [ -70.999, -37.666 ], [ -71.033, -37.666 ], [ -71.066, -37.666 ], [ -71.066, -37.633 ] ] ], [ [ [ -71.066, -37.633 ], [ -71.099, -37.633 ], [ -71.133, -37.633 ], [ -71.133, -37.599 ], [ -71.099, -37.599 ], [ -71.066, -37.599 ], [ -71.066, -37.633 ] ] ], [ [ [ -70.899, -37.566 ], [ -70.899, -37.599 ], [ -70.899, -37.633 ], [ -70.933, -37.633 ], [ -70.933, -37.599 ], [ -70.966, -37.599 ], [ -70.966, -37.566 ], [ -70.933, -37.566 ], [ -70.899, -37.566 ] ] ], [ [ [ -70.233, -37.633 ], [ -70.266, -37.633 ], [ -70.266, -37.599 ], [ -70.233, -37.599 ], [ -70.233, -37.566 ], [ -70.199, -37.566 ], [ -70.199, -37.599 ], [ -70.199, -37.633 ], [ -70.233, -37.633 ] ] ], [ [ [ -69.733, -37.566 ], [ -69.766, -37.566 ], [ -69.766, -37.533 ], [ -69.733, -37.533 ], [ -69.733, -37.566 ] ] ], [ [ [ -71.033, -37.499 ], [ -71.033, -37.533 ], [ -71.033, -37.566 ], [ -71.066, -37.566 ], [ -71.099, -37.566 ], [ -71.132, -37.566 ], [ -71.133, -37.562 ], [ -71.132, -37.557 ], [ -71.132, -37.555 ], [ -71.131, -37.553 ], [ -71.133, -37.552 ], [ -71.136, -37.551 ], [ -71.136, -37.549 ], [ -71.136, -37.546 ], [ -71.138, -37.544 ], [ -71.142, -37.543 ], [ -71.148, -37.540 ], [ -71.150, -37.539 ], [ -71.148, -37.536 ], [ -71.143, -37.534 ], [ -71.141, -37.533 ], [ -71.099, -37.533 ], [ -71.099, -37.499 ], [ -71.066, -37.499 ], [ -71.033, -37.499 ] ] ], [ [ [ -70.933, -37.533 ], [ -70.966, -37.533 ], [ -70.966, -37.499 ], [ -70.933, -37.499 ], [ -70.933, -37.533 ] ] ], [ [ [ -70.599, -37.599 ], [ -70.599, -37.633 ], [ -70.633, -37.633 ], [ -70.633, -37.666 ], [ -70.666, -37.666 ], [ -70.699, -37.666 ], [ -70.699, -37.699 ], [ -70.733, -37.699 ], [ -70.766, -37.699 ], [ -70.766, -37.666 ], [ -70.766, -37.633 ], [ -70.733, -37.633 ], [ -70.733, -37.599 ], [ -70.699, -37.599 ], [ -70.699, -37.566 ], [ -70.733, -37.566 ], [ -70.766, -37.566 ], [ -70.766, -37.533 ], [ -70.766, -37.499 ], [ -70.733, -37.499 ], [ -70.699, -37.499 ], [ -70.699, -37.533 ], [ -70.666, -37.533 ], [ -70.666, -37.566 ], [ -70.666, -37.599 ], [ -70.633, -37.599 ], [ -70.599, -37.599 ] ] ], [ [ [ -70.399, -37.699 ], [ -70.433, -37.699 ], [ -70.466, -37.699 ], [ -70.466, -37.733 ], [ -70.433, -37.733 ], [ -70.433, -37.766 ], [ -70.466, -37.766 ], [ -70.499, -37.766 ], [ -70.499, -37.733 ], [ -70.499, -37.699 ], [ -70.499, -37.666 ], [ -70.466, -37.666 ], [ -70.466, -37.633 ], [ -70.499, -37.633 ], [ -70.499, -37.666 ], [ -70.533, -37.666 ], [ -70.533, -37.633 ], [ -70.533, -37.599 ], [ -70.566, -37.599 ], [ -70.599, -37.599 ], [ -70.599, -37.566 ], [ -70.566, -37.566 ], [ -70.533, -37.566 ], [ -70.533, -37.533 ], [ -70.499, -37.533 ], [ -70.499, -37.566 ], [ -70.499, -37.599 ], [ -70.466, -37.599 ], [ -70.466, -37.566 ], [ -70.466, -37.533 ], [ -70.499, -37.533 ], [ -70.499, -37.499 ], [ -70.466, -37.499 ], [ -70.433, -37.499 ], [ -70.433, -37.533 ], [ -70.433, -37.566 ], [ -70.433, -37.599 ], [ -70.399, -37.599 ], [ -70.399, -37.633 ], [ -70.399, -37.666 ], [ -70.399, -37.699 ] ] ], [ [ [ -71.033, -37.499 ], [ -71.033, -37.466 ], [ -70.999, -37.466 ], [ -70.999, -37.499 ], [ -71.033, -37.499 ] ] ], [ [ [ -70.466, -37.466 ], [ -70.499, -37.466 ], [ -70.499, -37.433 ], [ -70.466, -37.433 ], [ -70.466, -37.466 ] ] ], [ [ [ -69.733, -37.499 ], [ -69.766, -37.499 ], [ -69.766, -37.466 ], [ -69.766, -37.433 ], [ -69.733, -37.433 ], [ -69.733, -37.466 ], [ -69.733, -37.499 ] ] ], [ [ [ -70.899, -37.566 ], [ -70.899, -37.533 ], [ -70.899, -37.499 ], [ -70.899, -37.466 ], [ -70.899, -37.433 ], [ -70.866, -37.433 ], [ -70.866, -37.399 ], [ -70.833, -37.399 ], [ -70.833, -37.433 ], [ -70.833, -37.466 ], [ -70.833, -37.499 ], [ -70.866, -37.499 ], [ -70.866, -37.533 ], [ -70.866, -37.566 ], [ -70.899, -37.566 ] ] ], [ [ [ -69.966, -37.399 ], [ -69.999, -37.399 ], [ -69.999, -37.366 ], [ -69.966, -37.366 ], [ -69.966, -37.399 ] ] ], [ [ [ -70.533, -37.299 ], [ -70.533, -37.333 ], [ -70.566, -37.333 ], [ -70.599, -37.333 ], [ -70.599, -37.299 ], [ -70.566, -37.299 ], [ -70.533, -37.299 ] ] ], [ [ [ -70.133, -37.299 ], [ -70.099, -37.299 ], [ -70.066, -37.299 ], [ -70.033, -37.299 ], [ -69.999, -37.299 ], [ -69.999, -37.333 ], [ -70.033, -37.333 ], [ -70.066, -37.333 ], [ -70.099, -37.333 ], [ -70.133, -37.333 ], [ -70.133, -37.299 ] ] ], [ [ [ -70.533, -37.299 ], [ -70.533, -37.266 ], [ -70.499, -37.266 ], [ -70.499, -37.299 ], [ -70.533, -37.299 ] ] ], [ [ [ -70.566, -37.266 ], [ -70.599, -37.266 ], [ -70.599, -37.233 ], [ -70.566, -37.233 ], [ -70.566, -37.266 ] ] ], [ [ [ -70.133, -37.299 ], [ -70.166, -37.299 ], [ -70.166, -37.266 ], [ -70.166, -37.233 ], [ -70.133, -37.233 ], [ -70.133, -37.266 ], [ -70.133, -37.299 ] ] ], [ [ [ -70.866, -37.399 ], [ -70.899, -37.399 ], [ -70.933, -37.399 ], [ -70.966, -37.399 ], [ -70.999, -37.399 ], [ -71.033, -37.399 ], [ -71.066, -37.399 ], [ -71.066, -37.433 ], [ -71.066, -37.466 ], [ -71.099, -37.466 ], [ -71.118, -37.466 ], [ -71.119, -37.463 ], [ -71.115, -37.457 ], [ -71.121, -37.456 ], [ -71.126, -37.450 ], [ -71.130, -37.446 ], [ -71.137, -37.445 ], [ -71.140, -37.442 ], [ -71.142, -37.437 ], [ -71.143, -37.433 ], [ -71.146, -37.428 ], [ -71.146, -37.424 ], [ -71.148, -37.421 ], [ -71.150, -37.412 ], [ -71.151, -37.406 ], [ -71.149, -37.402 ], [ -71.158, -37.396 ], [ -71.166, -37.397 ], [ -71.166, -37.366 ], [ -71.201, -37.366 ], [ -71.201, -37.363 ], [ -71.197, -37.363 ], [ -71.193, -37.362 ], [ -71.191, -37.362 ], [ -71.190, -37.361 ], [ -71.189, -37.357 ], [ -71.189, -37.355 ], [ -71.194, -37.351 ], [ -71.196, -37.345 ], [ -71.197, -37.342 ], [ -71.200, -37.340 ], [ -71.204, -37.339 ], [ -71.207, -37.338 ], [ -71.207, -37.336 ], [ -71.206, -37.334 ], [ -71.205, -37.333 ], [ -71.166, -37.333 ], [ -71.166, -37.299 ], [ -71.166, -37.266 ], [ -71.173, -37.259 ], [ -71.170, -37.258 ], [ -71.169, -37.255 ], [ -71.167, -37.251 ], [ -71.166, -37.249 ], [ -71.162, -37.247 ], [ -71.160, -37.243 ], [ -71.159, -37.240 ], [ -71.156, -37.236 ], [ -71.156, -37.231 ], [ -71.156, -37.227 ], [ -71.155, -37.224 ], [ -71.151, -37.223 ], [ -71.147, -37.221 ], [ -71.143, -37.219 ], [ -71.139, -37.218 ], [ -71.134, -37.215 ], [ -71.130, -37.214 ], [ -71.126, -37.213 ], [ -71.122, -37.212 ], [ -71.119, -37.210 ], [ -71.117, -37.209 ], [ -71.114, -37.206 ], [ -71.115, -37.203 ], [ -71.116, -37.199 ], [ -71.099, -37.199 ], [ -71.066, -37.199 ], [ -71.033, -37.199 ], [ -70.999, -37.199 ], [ -70.999, -37.233 ], [ -71.033, -37.233 ], [ -71.066, -37.233 ], [ -71.099, -37.233 ], [ -71.133, -37.233 ], [ -71.133, -37.266 ], [ -71.133, -37.299 ], [ -71.133, -37.333 ], [ -71.099, -37.333 ], [ -71.099, -37.299 ], [ -71.066, -37.299 ], [ -71.066, -37.333 ], [ -71.033, -37.333 ], [ -70.999, -37.333 ], [ -70.966, -37.333 ], [ -70.966, -37.366 ], [ -70.933, -37.366 ], [ -70.899, -37.366 ], [ -70.866, -37.366 ], [ -70.866, -37.399 ] ] ], [ [ [ -70.933, -37.199 ], [ -70.899, -37.199 ], [ -70.866, -37.199 ], [ -70.866, -37.233 ], [ -70.866, -37.266 ], [ -70.866, -37.299 ], [ -70.866, -37.333 ], [ -70.899, -37.333 ], [ -70.899, -37.299 ], [ -70.933, -37.299 ], [ -70.933, -37.266 ], [ -70.899, -37.266 ], [ -70.899, -37.233 ], [ -70.933, -37.233 ], [ -70.933, -37.199 ] ] ], [ [ [ -70.166, -37.233 ], [ -70.199, -37.233 ], [ -70.199, -37.199 ], [ -70.166, -37.199 ], [ -70.166, -37.233 ] ] ], [ [ [ -70.933, -37.199 ], [ -70.966, -37.199 ], [ -70.999, -37.199 ], [ -70.999, -37.166 ], [ -70.966, -37.166 ], [ -70.933, -37.166 ], [ -70.933, -37.199 ] ] ], [ [ [ -70.866, -37.199 ], [ -70.866, -37.166 ], [ -70.833, -37.166 ], [ -70.833, -37.199 ], [ -70.866, -37.199 ] ] ], [ [ [ -70.299, -37.133 ], [ -70.299, -37.166 ], [ -70.333, -37.166 ], [ -70.333, -37.133 ], [ -70.299, -37.133 ] ] ], [ [ [ -70.566, -37.199 ], [ -70.599, -37.199 ], [ -70.599, -37.166 ], [ -70.599, -37.133 ], [ -70.599, -37.099 ], [ -70.566, -37.099 ], [ -70.566, -37.133 ], [ -70.566, -37.166 ], [ -70.566, -37.199 ] ] ], [ [ [ -70.466, -37.133 ], [ -70.499, -37.133 ], [ -70.499, -37.099 ], [ -70.466, -37.099 ], [ -70.466, -37.133 ] ] ], [ [ [ -69.933, -37.099 ], [ -69.899, -37.099 ], [ -69.899, -37.133 ], [ -69.899, -37.166 ], [ -69.899, -37.199 ], [ -69.899, -37.233 ], [ -69.899, -37.266 ], [ -69.933, -37.266 ], [ -69.933, -37.299 ], [ -69.966, -37.299 ], [ -69.966, -37.266 ], [ -69.966, -37.233 ], [ -69.933, -37.233 ], [ -69.933, -37.199 ], [ -69.933, -37.166 ], [ -69.933, -37.133 ], [ -69.933, -37.099 ] ] ], [ [ [ -70.866, -37.066 ], [ -70.833, -37.066 ], [ -70.833, -37.099 ], [ -70.866, -37.099 ], [ -70.866, -37.066 ] ] ], [ [ [ -70.866, -37.066 ], [ -70.899, -37.066 ], [ -70.899, -37.033 ], [ -70.866, -37.033 ], [ -70.866, -37.066 ] ] ], [ [ [ -70.199, -37.199 ], [ -70.233, -37.199 ], [ -70.233, -37.166 ], [ -70.233, -37.133 ], [ -70.266, -37.133 ], [ -70.299, -37.133 ], [ -70.299, -37.099 ], [ -70.299, -37.066 ], [ -70.266, -37.066 ], [ -70.266, -37.033 ], [ -70.233, -37.033 ], [ -70.233, -37.066 ], [ -70.233, -37.099 ], [ -70.199, -37.099 ], [ -70.199, -37.133 ], [ -70.199, -37.166 ], [ -70.199, -37.199 ] ] ], [ [ [ -70.999, -36.999 ], [ -70.999, -37.033 ], [ -70.966, -37.033 ], [ -70.966, -37.066 ], [ -70.999, -37.066 ], [ -71.033, -37.066 ], [ -71.033, -37.033 ], [ -71.066, -37.033 ], [ -71.066, -36.999 ], [ -71.033, -36.999 ], [ -70.999, -36.999 ] ] ], [ [ [ -70.266, -37.033 ], [ -70.299, -37.033 ], [ -70.299, -36.999 ], [ -70.266, -36.999 ], [ -70.266, -37.033 ] ] ], [ [ [ -68.933, -37.066 ], [ -68.966, -37.066 ], [ -68.966, -37.033 ], [ -68.933, -37.033 ], [ -68.933, -36.999 ], [ -68.899, -36.999 ], [ -68.899, -37.033 ], [ -68.899, -37.066 ], [ -68.933, -37.066 ] ] ], [ [ [ -70.299, -36.999 ], [ -70.333, -36.999 ], [ -70.333, -36.966 ], [ -70.299, -36.966 ], [ -70.299, -36.999 ] ] ], [ [ [ -71.099, -36.999 ], [ -71.133, -36.999 ], [ -71.133, -36.978 ], [ -71.132, -36.978 ], [ -71.127, -36.976 ], [ -71.124, -36.972 ], [ -71.119, -36.969 ], [ -71.115, -36.968 ], [ -71.108, -36.963 ], [ -71.105, -36.961 ], [ -71.099, -36.966 ], [ -71.099, -36.999 ] ] ], [ [ [ -70.833, -36.966 ], [ -70.866, -36.966 ], [ -70.866, -36.933 ], [ -70.833, -36.933 ], [ -70.799, -36.933 ], [ -70.766, -36.933 ], [ -70.733, -36.933 ], [ -70.733, -36.966 ], [ -70.766, -36.966 ], [ -70.799, -36.966 ], [ -70.833, -36.966 ] ] ], [ [ [ -69.666, -36.933 ], [ -69.666, -36.966 ], [ -69.699, -36.966 ], [ -69.733, -36.966 ], [ -69.733, -36.933 ], [ -69.699, -36.933 ], [ -69.666, -36.933 ] ] ], [ [ [ -71.099, -36.899 ], [ -71.099, -36.926 ], [ -71.102, -36.927 ], [ -71.106, -36.927 ], [ -71.112, -36.925 ], [ -71.115, -36.930 ], [ -71.119, -36.930 ], [ -71.128, -36.928 ], [ -71.136, -36.928 ], [ -71.143, -36.929 ], [ -71.145, -36.926 ], [ -71.144, -36.921 ], [ -71.144, -36.918 ], [ -71.148, -36.916 ], [ -71.148, -36.911 ], [ -71.149, -36.905 ], [ -71.149, -36.900 ], [ -71.148, -36.899 ], [ -71.099, -36.899 ] ] ], [ [ [ -70.999, -36.999 ], [ -70.999, -36.966 ], [ -70.999, -36.933 ], [ -71.033, -36.933 ], [ -71.033, -36.899 ], [ -70.999, -36.899 ], [ -70.966, -36.899 ], [ -70.966, -36.933 ], [ -70.966, -36.966 ], [ -70.966, -36.999 ], [ -70.999, -36.999 ] ] ], [ [ [ -70.599, -37.066 ], [ -70.633, -37.066 ], [ -70.633, -37.033 ], [ -70.633, -36.999 ], [ -70.633, -36.966 ], [ -70.633, -36.933 ], [ -70.633, -36.899 ], [ -70.599, -36.899 ], [ -70.599, -36.933 ], [ -70.599, -36.966 ], [ -70.599, -36.999 ], [ -70.599, -37.033 ], [ -70.599, -37.066 ] ] ], [ [ [ -70.333, -36.966 ], [ -70.366, -36.966 ], [ -70.399, -36.966 ], [ -70.399, -36.933 ], [ -70.399, -36.899 ], [ -70.399, -36.866 ], [ -70.366, -36.866 ], [ -70.366, -36.899 ], [ -70.366, -36.933 ], [ -70.333, -36.933 ], [ -70.333, -36.966 ] ] ], [ [ [ -69.666, -36.933 ], [ -69.666, -36.899 ], [ -69.699, -36.899 ], [ -69.699, -36.866 ], [ -69.666, -36.866 ], [ -69.633, -36.866 ], [ -69.633, -36.899 ], [ -69.633, -36.933 ], [ -69.666, -36.933 ] ] ], [ [ [ -69.933, -37.099 ], [ -69.966, -37.099 ], [ -69.966, -37.066 ], [ -69.999, -37.066 ], [ -69.999, -37.033 ], [ -69.999, -36.999 ], [ -70.033, -36.999 ], [ -70.033, -36.966 ], [ -69.999, -36.966 ], [ -69.999, -36.933 ], [ -69.999, -36.899 ], [ -69.999, -36.866 ], [ -69.999, -36.833 ], [ -69.966, -36.833 ], [ -69.966, -36.866 ], [ -69.933, -36.866 ], [ -69.933, -36.899 ], [ -69.933, -36.933 ], [ -69.966, -36.933 ], [ -69.966, -36.966 ], [ -69.933, -36.966 ], [ -69.933, -36.999 ], [ -69.899, -36.999 ], [ -69.899, -37.033 ], [ -69.933, -37.033 ], [ -69.933, -37.066 ], [ -69.933, -37.099 ] ] ], [ [ [ -69.633, -36.866 ], [ -69.633, -36.833 ], [ -69.599, -36.833 ], [ -69.599, -36.866 ], [ -69.633, -36.866 ] ] ], [ [ [ -70.833, -36.733 ], [ -70.833, -36.766 ], [ -70.833, -36.799 ], [ -70.866, -36.799 ], [ -70.866, -36.833 ], [ -70.866, -36.866 ], [ -70.899, -36.866 ], [ -70.899, -36.899 ], [ -70.933, -36.899 ], [ -70.933, -36.866 ], [ -70.966, -36.866 ], [ -70.966, -36.833 ], [ -70.933, -36.833 ], [ -70.933, -36.799 ], [ -70.933, -36.766 ], [ -70.899, -36.766 ], [ -70.866, -36.766 ], [ -70.866, -36.733 ], [ -70.833, -36.733 ] ] ], [ [ [ -70.733, -36.699 ], [ -70.699, -36.699 ], [ -70.666, -36.699 ], [ -70.666, -36.733 ], [ -70.699, -36.733 ], [ -70.733, -36.733 ], [ -70.733, -36.699 ] ] ], [ [ [ -70.633, -36.699 ], [ -70.599, -36.699 ], [ -70.566, -36.699 ], [ -70.566, -36.733 ], [ -70.599, -36.733 ], [ -70.599, -36.766 ], [ -70.599, -36.799 ], [ -70.599, -36.833 ], [ -70.599, -36.866 ], [ -70.633, -36.866 ], [ -70.633, -36.833 ], [ -70.633, -36.799 ], [ -70.633, -36.766 ], [ -70.633, -36.733 ], [ -70.633, -36.699 ] ] ], [ [ [ -71.033, -36.899 ], [ -71.066, -36.899 ], [ -71.099, -36.899 ], [ -71.099, -36.866 ], [ -71.122, -36.866 ], [ -71.122, -36.865 ], [ -71.123, -36.862 ], [ -71.124, -36.860 ], [ -71.127, -36.858 ], [ -71.130, -36.857 ], [ -71.133, -36.855 ], [ -71.138, -36.853 ], [ -71.142, -36.853 ], [ -71.146, -36.854 ], [ -71.148, -36.856 ], [ -71.151, -36.858 ], [ -71.156, -36.860 ], [ -71.158, -36.861 ], [ -71.162, -36.861 ], [ -71.166, -36.859 ], [ -71.168, -36.856 ], [ -71.171, -36.854 ], [ -71.173, -36.850 ], [ -71.178, -36.844 ], [ -71.179, -36.841 ], [ -71.177, -36.839 ], [ -71.174, -36.837 ], [ -71.174, -36.835 ], [ -71.170, -36.831 ], [ -71.168, -36.829 ], [ -71.168, -36.826 ], [ -71.167, -36.822 ], [ -71.164, -36.820 ], [ -71.161, -36.817 ], [ -71.158, -36.817 ], [ -71.156, -36.818 ], [ -71.155, -36.820 ], [ -71.156, -36.822 ], [ -71.155, -36.825 ], [ -71.152, -36.826 ], [ -71.150, -36.825 ], [ -71.146, -36.824 ], [ -71.144, -36.823 ], [ -71.143, -36.819 ], [ -71.140, -36.817 ], [ -71.136, -36.816 ], [ -71.133, -36.815 ], [ -71.133, -36.812 ], [ -71.133, -36.808 ], [ -71.132, -36.804 ], [ -71.131, -36.801 ], [ -71.131, -36.799 ], [ -71.099, -36.799 ], [ -71.099, -36.766 ], [ -71.066, -36.766 ], [ -71.033, -36.766 ], [ -71.033, -36.733 ], [ -71.033, -36.703 ], [ -71.031, -36.703 ], [ -71.029, -36.702 ], [ -71.026, -36.698 ], [ -71.022, -36.697 ], [ -71.018, -36.698 ], [ -71.014, -36.697 ], [ -71.012, -36.696 ], [ -71.010, -36.693 ], [ -71.009, -36.691 ], [ -71.009, -36.690 ], [ -70.999, -36.699 ], [ -70.966, -36.699 ], [ -70.966, -36.733 ], [ -70.966, -36.766 ], [ -70.999, -36.766 ], [ -70.999, -36.799 ], [ -71.033, -36.799 ], [ -71.066, -36.799 ], [ -71.066, -36.833 ], [ -71.066, -36.866 ], [ -71.033, -36.866 ], [ -71.033, -36.899 ] ] ], [ [ [ -70.733, -36.699 ], [ -70.766, -36.699 ], [ -70.766, -36.666 ], [ -70.733, -36.666 ], [ -70.733, -36.699 ] ] ], [ [ [ -70.833, -36.733 ], [ -70.833, -36.699 ], [ -70.833, -36.666 ], [ -70.866, -36.666 ], [ -70.866, -36.633 ], [ -70.833, -36.633 ], [ -70.799, -36.633 ], [ -70.799, -36.666 ], [ -70.799, -36.699 ], [ -70.799, -36.733 ], [ -70.833, -36.733 ] ] ], [ [ [ -69.999, -36.833 ], [ -70.033, -36.833 ], [ -70.066, -36.833 ], [ -70.066, -36.799 ], [ -70.099, -36.799 ], [ -70.099, -36.766 ], [ -70.099, -36.733 ], [ -70.133, -36.733 ], [ -70.133, -36.699 ], [ -70.133, -36.666 ], [ -70.133, -36.633 ], [ -70.099, -36.633 ], [ -70.099, -36.666 ], [ -70.099, -36.699 ], [ -70.066, -36.699 ], [ -70.066, -36.733 ], [ -70.033, -36.733 ], [ -70.033, -36.766 ], [ -70.033, -36.799 ], [ -69.999, -36.799 ], [ -69.999, -36.833 ] ] ], [ [ [ -69.999, -36.633 ], [ -69.966, -36.633 ], [ -69.933, -36.633 ], [ -69.899, -36.633 ], [ -69.866, -36.633 ], [ -69.866, -36.666 ], [ -69.899, -36.666 ], [ -69.933, -36.666 ], [ -69.966, -36.666 ], [ -69.999, -36.666 ], [ -69.999, -36.633 ] ] ], [ [ [ -69.999, -36.633 ], [ -70.033, -36.633 ], [ -70.033, -36.599 ], [ -69.999, -36.599 ], [ -69.999, -36.633 ] ] ], [ [ [ -70.866, -36.633 ], [ -70.899, -36.633 ], [ -70.899, -36.599 ], [ -70.933, -36.599 ], [ -70.933, -36.566 ], [ -70.899, -36.566 ], [ -70.866, -36.566 ], [ -70.866, -36.599 ], [ -70.866, -36.633 ] ] ], [ [ [ -70.633, -36.699 ], [ -70.666, -36.699 ], [ -70.666, -36.666 ], [ -70.666, -36.633 ], [ -70.666, -36.599 ], [ -70.666, -36.566 ], [ -70.633, -36.566 ], [ -70.633, -36.599 ], [ -70.599, -36.599 ], [ -70.566, -36.599 ], [ -70.566, -36.633 ], [ -70.566, -36.666 ], [ -70.599, -36.666 ], [ -70.599, -36.633 ], [ -70.633, -36.633 ], [ -70.633, -36.666 ], [ -70.633, -36.699 ] ] ], [ [ [ -69.499, -36.599 ], [ -69.533, -36.599 ], [ -69.533, -36.566 ], [ -69.499, -36.566 ], [ -69.499, -36.599 ] ] ], [ [ [ -70.933, -36.599 ], [ -70.933, -36.633 ], [ -70.933, -36.666 ], [ -70.966, -36.666 ], [ -70.966, -36.633 ], [ -70.999, -36.633 ], [ -70.999, -36.666 ], [ -71.010, -36.677 ], [ -71.013, -36.674 ], [ -71.013, -36.672 ], [ -71.011, -36.669 ], [ -71.011, -36.666 ], [ -71.014, -36.664 ], [ -71.018, -36.663 ], [ -71.024, -36.664 ], [ -71.028, -36.662 ], [ -71.028, -36.659 ], [ -71.028, -36.656 ], [ -71.028, -36.653 ], [ -71.028, -36.650 ], [ -71.033, -36.650 ], [ -71.037, -36.649 ], [ -71.041, -36.648 ], [ -71.043, -36.644 ], [ -71.042, -36.642 ], [ -71.042, -36.638 ], [ -71.042, -36.633 ], [ -71.041, -36.631 ], [ -71.043, -36.627 ], [ -71.045, -36.625 ], [ -71.048, -36.622 ], [ -71.051, -36.620 ], [ -71.055, -36.619 ], [ -71.055, -36.617 ], [ -71.055, -36.615 ], [ -71.053, -36.612 ], [ -71.049, -36.610 ], [ -71.048, -36.606 ], [ -71.049, -36.598 ], [ -71.046, -36.594 ], [ -71.047, -36.590 ], [ -71.047, -36.587 ], [ -71.046, -36.585 ], [ -71.049, -36.580 ], [ -71.053, -36.576 ], [ -71.053, -36.572 ], [ -71.054, -36.569 ], [ -71.056, -36.566 ], [ -71.051, -36.564 ], [ -71.048, -36.560 ], [ -71.045, -36.556 ], [ -71.042, -36.552 ], [ -71.041, -36.547 ], [ -71.043, -36.543 ], [ -71.043, -36.540 ], [ -71.044, -36.536 ], [ -71.046, -36.533 ], [ -70.999, -36.533 ], [ -70.999, -36.566 ], [ -70.966, -36.566 ], [ -70.966, -36.599 ], [ -70.933, -36.599 ] ] ], [ [ [ -70.166, -36.533 ], [ -70.133, -36.533 ], [ -70.133, -36.566 ], [ -70.133, -36.599 ], [ -70.166, -36.599 ], [ -70.166, -36.566 ], [ -70.166, -36.533 ] ] ], [ [ [ -70.099, -36.533 ], [ -70.066, -36.533 ], [ -70.066, -36.566 ], [ -70.099, -36.566 ], [ -70.099, -36.533 ] ] ], [ [ [ -69.233, -36.566 ], [ -69.233, -36.599 ], [ -69.233, -36.633 ], [ -69.266, -36.633 ], [ -69.299, -36.633 ], [ -69.299, -36.666 ], [ -69.333, -36.666 ], [ -69.333, -36.699 ], [ -69.299, -36.699 ], [ -69.299, -36.666 ], [ -69.266, -36.666 ], [ -69.266, -36.699 ], [ -69.233, -36.699 ], [ -69.233, -36.733 ], [ -69.199, -36.733 ], [ -69.199, -36.766 ], [ -69.233, -36.766 ], [ -69.233, -36.799 ], [ -69.233, -36.833 ], [ -69.266, -36.833 ], [ -69.299, -36.833 ], [ -69.333, -36.833 ], [ -69.366, -36.833 ], [ -69.399, -36.833 ], [ -69.433, -36.833 ], [ -69.433, -36.799 ], [ -69.466, -36.799 ], [ -69.466, -36.833 ], [ -69.499, -36.833 ], [ -69.499, -36.799 ], [ -69.499, -36.766 ], [ -69.466, -36.766 ], [ -69.466, -36.733 ], [ -69.466, -36.699 ], [ -69.466, -36.666 ], [ -69.433, -36.666 ], [ -69.433, -36.633 ], [ -69.466, -36.633 ], [ -69.466, -36.666 ], [ -69.499, -36.666 ], [ -69.533, -36.666 ], [ -69.566, -36.666 ], [ -69.599, -36.666 ], [ -69.599, -36.633 ], [ -69.599, -36.599 ], [ -69.566, -36.599 ], [ -69.566, -36.633 ], [ -69.533, -36.633 ], [ -69.499, -36.633 ], [ -69.499, -36.599 ], [ -69.466, -36.599 ], [ -69.433, -36.599 ], [ -69.399, -36.599 ], [ -69.399, -36.566 ], [ -69.399, -36.533 ], [ -69.366, -36.533 ], [ -69.333, -36.533 ], [ -69.333, -36.566 ], [ -69.299, -36.566 ], [ -69.266, -36.566 ], [ -69.233, -36.566 ] ] ], [ [ [ -69.233, -36.566 ], [ -69.233, -36.533 ], [ -69.199, -36.533 ], [ -69.199, -36.566 ], [ -69.233, -36.566 ] ] ], [ [ [ -70.599, -36.533 ], [ -70.633, -36.533 ], [ -70.633, -36.499 ], [ -70.599, -36.499 ], [ -70.599, -36.533 ] ] ], [ [ [ -70.166, -36.533 ], [ -70.199, -36.533 ], [ -70.199, -36.499 ], [ -70.166, -36.499 ], [ -70.166, -36.533 ] ] ], [ [ [ -70.099, -36.533 ], [ -70.133, -36.533 ], [ -70.133, -36.499 ], [ -70.099, -36.499 ], [ -70.099, -36.533 ] ] ], [ [ [ -70.833, -36.466 ], [ -70.799, -36.466 ], [ -70.766, -36.466 ], [ -70.766, -36.499 ], [ -70.799, -36.499 ], [ -70.799, -36.533 ], [ -70.799, -36.566 ], [ -70.833, -36.566 ], [ -70.833, -36.533 ], [ -70.866, -36.533 ], [ -70.866, -36.499 ], [ -70.833, -36.499 ], [ -70.833, -36.466 ] ] ], [ [ [ -70.533, -36.499 ], [ -70.566, -36.499 ], [ -70.566, -36.466 ], [ -70.533, -36.466 ], [ -70.533, -36.499 ] ] ], [ [ [ -70.266, -36.466 ], [ -70.266, -36.499 ], [ -70.233, -36.499 ], [ -70.233, -36.533 ], [ -70.266, -36.533 ], [ -70.299, -36.533 ], [ -70.299, -36.499 ], [ -70.299, -36.466 ], [ -70.266, -36.466 ] ] ], [ [ [ -69.466, -36.466 ], [ -69.433, -36.466 ], [ -69.433, -36.499 ], [ -69.466, -36.499 ], [ -69.466, -36.466 ] ] ], [ [ [ -69.133, -36.533 ], [ -69.166, -36.533 ], [ -69.166, -36.499 ], [ -69.133, -36.499 ], [ -69.133, -36.466 ], [ -69.099, -36.466 ], [ -69.066, -36.466 ], [ -69.066, -36.499 ], [ -69.099, -36.499 ], [ -69.099, -36.533 ], [ -69.133, -36.533 ] ] ], [ [ [ -70.833, -36.466 ], [ -70.866, -36.466 ], [ -70.866, -36.433 ], [ -70.833, -36.433 ], [ -70.833, -36.466 ] ] ], [ [ [ -70.266, -36.466 ], [ -70.266, -36.433 ], [ -70.233, -36.433 ], [ -70.233, -36.466 ], [ -70.266, -36.466 ] ] ], [ [ [ -70.199, -36.433 ], [ -70.166, -36.433 ], [ -70.133, -36.433 ], [ -70.133, -36.466 ], [ -70.166, -36.466 ], [ -70.199, -36.466 ], [ -70.199, -36.433 ] ] ], [ [ [ -69.766, -36.433 ], [ -69.766, -36.466 ], [ -69.799, -36.466 ], [ -69.833, -36.466 ], [ -69.833, -36.499 ], [ -69.866, -36.499 ], [ -69.866, -36.533 ], [ -69.833, -36.533 ], [ -69.833, -36.566 ], [ -69.833, -36.599 ], [ -69.866, -36.599 ], [ -69.899, -36.599 ], [ -69.899, -36.566 ], [ -69.899, -36.533 ], [ -69.899, -36.499 ], [ -69.899, -36.466 ], [ -69.866, -36.466 ], [ -69.866, -36.433 ], [ -69.833, -36.433 ], [ -69.799, -36.433 ], [ -69.766, -36.433 ] ] ], [ [ [ -68.999, -36.433 ], [ -68.999, -36.466 ], [ -69.033, -36.466 ], [ -69.033, -36.433 ], [ -68.999, -36.433 ] ] ], [ [ [ -70.199, -36.433 ], [ -70.233, -36.433 ], [ -70.233, -36.399 ], [ -70.199, -36.399 ], [ -70.199, -36.433 ] ] ], [ [ [ -69.466, -36.466 ], [ -69.499, -36.466 ], [ -69.533, -36.466 ], [ -69.533, -36.433 ], [ -69.533, -36.399 ], [ -69.533, -36.366 ], [ -69.499, -36.366 ], [ -69.499, -36.399 ], [ -69.499, -36.433 ], [ -69.466, -36.433 ], [ -69.466, -36.466 ] ] ], [ [ [ -70.199, -36.399 ], [ -70.199, -36.366 ], [ -70.199, -36.333 ], [ -70.166, -36.333 ], [ -70.166, -36.366 ], [ -70.166, -36.399 ], [ -70.199, -36.399 ] ] ], [ [ [ -69.766, -36.433 ], [ -69.766, -36.399 ], [ -69.733, -36.399 ], [ -69.733, -36.366 ], [ -69.733, -36.333 ], [ -69.699, -36.333 ], [ -69.699, -36.366 ], [ -69.699, -36.399 ], [ -69.699, -36.433 ], [ -69.733, -36.433 ], [ -69.766, -36.433 ] ] ], [ [ [ -70.199, -36.333 ], [ -70.233, -36.333 ], [ -70.233, -36.299 ], [ -70.199, -36.299 ], [ -70.199, -36.333 ] ] ], [ [ [ -69.466, -36.299 ], [ -69.466, -36.333 ], [ -69.499, -36.333 ], [ -69.499, -36.299 ], [ -69.466, -36.299 ] ] ], [ [ [ -68.999, -36.433 ], [ -68.999, -36.399 ], [ -68.966, -36.399 ], [ -68.966, -36.366 ], [ -68.966, -36.333 ], [ -68.999, -36.333 ], [ -69.033, -36.333 ], [ -69.066, -36.333 ], [ -69.066, -36.299 ], [ -69.033, -36.299 ], [ -68.999, -36.299 ], [ -68.966, -36.299 ], [ -68.933, -36.299 ], [ -68.933, -36.333 ], [ -68.899, -36.333 ], [ -68.899, -36.366 ], [ -68.899, -36.399 ], [ -68.933, -36.399 ], [ -68.933, -36.433 ], [ -68.966, -36.433 ], [ -68.999, -36.433 ] ] ], [ [ [ -69.733, -36.333 ], [ -69.766, -36.333 ], [ -69.766, -36.299 ], [ -69.799, -36.299 ], [ -69.799, -36.266 ], [ -69.766, -36.266 ], [ -69.733, -36.266 ], [ -69.733, -36.299 ], [ -69.733, -36.333 ] ] ], [ [ [ -70.233, -36.299 ], [ -70.266, -36.299 ], [ -70.266, -36.333 ], [ -70.233, -36.333 ], [ -70.233, -36.366 ], [ -70.266, -36.366 ], [ -70.299, -36.366 ], [ -70.333, -36.366 ], [ -70.366, -36.366 ], [ -70.366, -36.333 ], [ -70.366, -36.299 ], [ -70.399, -36.299 ], [ -70.399, -36.266 ], [ -70.399, -36.233 ], [ -70.366, -36.233 ], [ -70.366, -36.266 ], [ -70.333, -36.266 ], [ -70.299, -36.266 ], [ -70.299, -36.233 ], [ -70.266, -36.233 ], [ -70.266, -36.266 ], [ -70.233, -36.266 ], [ -70.233, -36.299 ] ] ], [ [ [ -69.799, -36.299 ], [ -69.799, -36.333 ], [ -69.833, -36.333 ], [ -69.866, -36.333 ], [ -69.899, -36.333 ], [ -69.933, -36.333 ], [ -69.933, -36.299 ], [ -69.966, -36.299 ], [ -69.966, -36.266 ], [ -69.966, -36.233 ], [ -69.933, -36.233 ], [ -69.933, -36.266 ], [ -69.899, -36.266 ], [ -69.899, -36.299 ], [ -69.866, -36.299 ], [ -69.833, -36.299 ], [ -69.799, -36.299 ] ] ], [ [ [ -68.799, -36.233 ], [ -68.833, -36.233 ], [ -68.833, -36.199 ], [ -68.799, -36.199 ], [ -68.799, -36.233 ] ] ], [ [ [ -69.866, -36.199 ], [ -69.899, -36.199 ], [ -69.899, -36.166 ], [ -69.866, -36.166 ], [ -69.866, -36.199 ] ] ], [ [ [ -68.733, -36.199 ], [ -68.766, -36.199 ], [ -68.766, -36.166 ], [ -68.733, -36.166 ], [ -68.733, -36.199 ] ] ], [ [ [ -68.833, -36.133 ], [ -68.866, -36.133 ], [ -68.866, -36.099 ], [ -68.833, -36.099 ], [ -68.799, -36.099 ], [ -68.799, -36.133 ], [ -68.833, -36.133 ] ] ], [ [ [ -69.833, -36.133 ], [ -69.866, -36.133 ], [ -69.866, -36.099 ], [ -69.866, -36.066 ], [ -69.833, -36.066 ], [ -69.799, -36.066 ], [ -69.799, -36.099 ], [ -69.833, -36.099 ], [ -69.833, -36.133 ] ] ], [ [ [ -69.566, -36.066 ], [ -69.533, -36.066 ], [ -69.533, -36.099 ], [ -69.533, -36.133 ], [ -69.566, -36.133 ], [ -69.566, -36.099 ], [ -69.566, -36.066 ] ] ], [ [ [ -68.533, -36.066 ], [ -68.499, -36.066 ], [ -68.499, -36.099 ], [ -68.533, -36.099 ], [ -68.533, -36.066 ] ] ], [ [ [ -69.566, -36.066 ], [ -69.599, -36.066 ], [ -69.599, -36.033 ], [ -69.566, -36.033 ], [ -69.566, -36.066 ] ] ], [ [ [ -69.799, -35.966 ], [ -69.766, -35.966 ], [ -69.766, -35.999 ], [ -69.766, -36.033 ], [ -69.799, -36.033 ], [ -69.799, -35.999 ], [ -69.799, -35.966 ] ] ], [ [ [ -69.999, -35.899 ], [ -69.999, -35.933 ], [ -69.999, -35.966 ], [ -69.999, -35.999 ], [ -69.999, -36.033 ], [ -69.966, -36.033 ], [ -69.966, -36.066 ], [ -69.966, -36.099 ], [ -69.999, -36.099 ], [ -69.999, -36.133 ], [ -70.033, -36.133 ], [ -70.033, -36.099 ], [ -70.066, -36.099 ], [ -70.066, -36.066 ], [ -70.066, -36.033 ], [ -70.099, -36.033 ], [ -70.099, -35.999 ], [ -70.066, -35.999 ], [ -70.033, -35.999 ], [ -70.033, -35.966 ], [ -70.066, -35.966 ], [ -70.099, -35.966 ], [ -70.099, -35.933 ], [ -70.066, -35.933 ], [ -70.066, -35.899 ], [ -70.033, -35.899 ], [ -69.999, -35.899 ] ] ], [ [ [ -69.799, -35.966 ], [ -69.833, -35.966 ], [ -69.866, -35.966 ], [ -69.866, -35.933 ], [ -69.833, -35.933 ], [ -69.833, -35.899 ], [ -69.799, -35.899 ], [ -69.799, -35.933 ], [ -69.799, -35.966 ] ] ], [ [ [ -69.999, -35.899 ], [ -69.999, -35.866 ], [ -69.966, -35.866 ], [ -69.966, -35.899 ], [ -69.999, -35.899 ] ] ], [ [ [ -70.166, -35.833 ], [ -70.166, -35.866 ], [ -70.199, -35.866 ], [ -70.233, -35.866 ], [ -70.233, -35.833 ], [ -70.199, -35.833 ], [ -70.166, -35.833 ] ] ], [ [ [ -69.999, -35.866 ], [ -70.033, -35.866 ], [ -70.066, -35.866 ], [ -70.099, -35.866 ], [ -70.099, -35.833 ], [ -70.066, -35.833 ], [ -70.033, -35.833 ], [ -69.999, -35.833 ], [ -69.999, -35.866 ] ] ], [ [ [ -69.833, -35.899 ], [ -69.866, -35.899 ], [ -69.899, -35.899 ], [ -69.899, -35.866 ], [ -69.933, -35.866 ], [ -69.933, -35.833 ], [ -69.899, -35.833 ], [ -69.866, -35.833 ], [ -69.833, -35.833 ], [ -69.833, -35.866 ], [ -69.833, -35.899 ] ] ], [ [ [ -69.666, -35.866 ], [ -69.699, -35.866 ], [ -69.699, -35.833 ], [ -69.666, -35.833 ], [ -69.666, -35.866 ] ] ], [ [ [ -69.933, -35.833 ], [ -69.966, -35.833 ], [ -69.999, -35.833 ], [ -69.999, -35.799 ], [ -69.966, -35.799 ], [ -69.933, -35.799 ], [ -69.933, -35.833 ] ] ], [ [ [ -69.699, -35.799 ], [ -69.699, -35.833 ], [ -69.733, -35.833 ], [ -69.766, -35.833 ], [ -69.766, -35.799 ], [ -69.799, -35.799 ], [ -69.799, -35.833 ], [ -69.833, -35.833 ], [ -69.833, -35.799 ], [ -69.833, -35.766 ], [ -69.799, -35.766 ], [ -69.799, -35.733 ], [ -69.799, -35.699 ], [ -69.766, -35.699 ], [ -69.766, -35.733 ], [ -69.733, -35.733 ], [ -69.733, -35.766 ], [ -69.733, -35.799 ], [ -69.699, -35.799 ] ] ], [ [ [ -70.099, -35.833 ], [ -70.133, -35.833 ], [ -70.166, -35.833 ], [ -70.166, -35.799 ], [ -70.166, -35.766 ], [ -70.166, -35.733 ], [ -70.199, -35.733 ], [ -70.199, -35.699 ], [ -70.233, -35.699 ], [ -70.233, -35.666 ], [ -70.199, -35.666 ], [ -70.199, -35.633 ], [ -70.199, -35.599 ], [ -70.166, -35.599 ], [ -70.133, -35.599 ], [ -70.133, -35.633 ], [ -70.166, -35.633 ], [ -70.166, -35.666 ], [ -70.166, -35.699 ], [ -70.133, -35.699 ], [ -70.099, -35.699 ], [ -70.066, -35.699 ], [ -70.033, -35.699 ], [ -70.033, -35.733 ], [ -70.033, -35.766 ], [ -70.033, -35.799 ], [ -70.066, -35.799 ], [ -70.066, -35.766 ], [ -70.066, -35.733 ], [ -70.099, -35.733 ], [ -70.133, -35.733 ], [ -70.133, -35.766 ], [ -70.099, -35.766 ], [ -70.099, -35.799 ], [ -70.099, -35.833 ] ] ], [ [ [ -70.199, -35.599 ], [ -70.233, -35.599 ], [ -70.233, -35.566 ], [ -70.233, -35.533 ], [ -70.199, -35.533 ], [ -70.199, -35.566 ], [ -70.199, -35.599 ] ] ], [ [ [ -70.233, -35.533 ], [ -70.266, -35.533 ], [ -70.266, -35.499 ], [ -70.233, -35.499 ], [ -70.233, -35.533 ] ] ], [ [ [ -68.799, -35.499 ], [ -68.766, -35.499 ], [ -68.766, -35.533 ], [ -68.799, -35.533 ], [ -68.799, -35.499 ] ] ], [ [ [ -68.799, -35.499 ], [ -68.833, -35.499 ], [ -68.833, -35.466 ], [ -68.799, -35.466 ], [ -68.799, -35.499 ] ] ], [ [ [ -68.833, -35.466 ], [ -68.866, -35.466 ], [ -68.866, -35.433 ], [ -68.833, -35.433 ], [ -68.833, -35.466 ] ] ], [ [ [ -68.433, -35.499 ], [ -68.466, -35.499 ], [ -68.499, -35.499 ], [ -68.533, -35.499 ], [ -68.566, -35.499 ], [ -68.599, -35.499 ], [ -68.599, -35.533 ], [ -68.599, -35.566 ], [ -68.633, -35.566 ], [ -68.633, -35.599 ], [ -68.633, -35.633 ], [ -68.666, -35.633 ], [ -68.666, -35.666 ], [ -68.666, -35.699 ], [ -68.633, -35.699 ], [ -68.633, -35.733 ], [ -68.599, -35.733 ], [ -68.599, -35.766 ], [ -68.566, -35.766 ], [ -68.533, -35.766 ], [ -68.499, -35.766 ], [ -68.499, -35.733 ], [ -68.466, -35.733 ], [ -68.433, -35.733 ], [ -68.433, -35.699 ], [ -68.399, -35.699 ], [ -68.399, -35.666 ], [ -68.399, -35.633 ], [ -68.366, -35.633 ], [ -68.366, -35.599 ], [ -68.366, -35.566 ], [ -68.366, -35.533 ], [ -68.399, -35.533 ], [ -68.433, -35.533 ], [ -68.433, -35.499 ], [ -68.399, -35.499 ], [ -68.366, -35.499 ], [ -68.333, -35.499 ], [ -68.333, -35.533 ], [ -68.333, -35.566 ], [ -68.333, -35.599 ], [ -68.333, -35.633 ], [ -68.333, -35.666 ], [ -68.333, -35.699 ], [ -68.366, -35.699 ], [ -68.366, -35.733 ], [ -68.366, -35.766 ], [ -68.399, -35.766 ], [ -68.433, -35.766 ], [ -68.433, -35.799 ], [ -68.433, -35.833 ], [ -68.433, -35.866 ], [ -68.399, -35.866 ], [ -68.399, -35.899 ], [ -68.433, -35.899 ], [ -68.466, -35.899 ], [ -68.499, -35.899 ], [ -68.499, -35.933 ], [ -68.533, -35.933 ], [ -68.533, -35.966 ], [ -68.533, -35.999 ], [ -68.533, -36.033 ], [ -68.533, -36.066 ], [ -68.566, -36.066 ], [ -68.599, -36.066 ], [ -68.633, -36.066 ], [ -68.633, -36.099 ], [ -68.599, -36.099 ], [ -68.599, -36.133 ], [ -68.633, -36.133 ], [ -68.666, -36.133 ], [ -68.699, -36.133 ], [ -68.699, -36.099 ], [ -68.699, -36.066 ], [ -68.733, -36.066 ], [ -68.733, -36.099 ], [ -68.766, -36.099 ], [ -68.766, -36.066 ], [ -68.766, -36.033 ], [ -68.766, -35.999 ], [ -68.799, -35.999 ], [ -68.799, -35.966 ], [ -68.799, -35.933 ], [ -68.799, -35.899 ], [ -68.833, -35.899 ], [ -68.833, -35.866 ], [ -68.866, -35.866 ], [ -68.899, -35.866 ], [ -68.899, -35.833 ], [ -68.899, -35.799 ], [ -68.899, -35.766 ], [ -68.866, -35.766 ], [ -68.833, -35.766 ], [ -68.799, -35.766 ], [ -68.799, -35.799 ], [ -68.799, -35.833 ], [ -68.766, -35.833 ], [ -68.766, -35.799 ], [ -68.766, -35.766 ], [ -68.799, -35.766 ], [ -68.799, -35.733 ], [ -68.799, -35.699 ], [ -68.799, -35.666 ], [ -68.766, -35.666 ], [ -68.766, -35.699 ], [ -68.733, -35.699 ], [ -68.733, -35.666 ], [ -68.766, -35.666 ], [ -68.766, -35.633 ], [ -68.733, -35.633 ], [ -68.733, -35.599 ], [ -68.733, -35.566 ], [ -68.699, -35.566 ], [ -68.699, -35.533 ], [ -68.666, -35.533 ], [ -68.666, -35.499 ], [ -68.666, -35.466 ], [ -68.666, -35.433 ], [ -68.633, -35.433 ], [ -68.633, -35.466 ], [ -68.599, -35.466 ], [ -68.566, -35.466 ], [ -68.533, -35.466 ], [ -68.499, -35.466 ], [ -68.466, -35.466 ], [ -68.433, -35.466 ], [ -68.433, -35.499 ] ], [ [ -68.533, -35.799 ], [ -68.533, -35.833 ], [ -68.499, -35.833 ], [ -68.499, -35.799 ], [ -68.533, -35.799 ] ], [ [ -68.666, -35.999 ], [ -68.666, -36.033 ], [ -68.633, -36.033 ], [ -68.633, -35.999 ], [ -68.599, -35.999 ], [ -68.599, -35.966 ], [ -68.633, -35.966 ], [ -68.666, -35.966 ], [ -68.666, -35.999 ] ] ], [ [ [ -70.266, -35.366 ], [ -70.299, -35.366 ], [ -70.299, -35.333 ], [ -70.266, -35.333 ], [ -70.266, -35.366 ] ] ], [ [ [ -69.466, -36.299 ], [ -69.466, -36.266 ], [ -69.466, -36.233 ], [ -69.466, -36.199 ], [ -69.499, -36.199 ], [ -69.533, -36.199 ], [ -69.533, -36.166 ], [ -69.499, -36.166 ], [ -69.466, -36.166 ], [ -69.433, -36.166 ], [ -69.433, -36.133 ], [ -69.433, -36.099 ], [ -69.399, -36.099 ], [ -69.366, -36.099 ], [ -69.366, -36.066 ], [ -69.333, -36.066 ], [ -69.333, -36.033 ], [ -69.366, -36.033 ], [ -69.399, -36.033 ], [ -69.399, -35.999 ], [ -69.433, -35.999 ], [ -69.433, -35.966 ], [ -69.433, -35.933 ], [ -69.466, -35.933 ], [ -69.466, -35.899 ], [ -69.466, -35.866 ], [ -69.499, -35.866 ], [ -69.533, -35.866 ], [ -69.566, -35.866 ], [ -69.599, -35.866 ], [ -69.599, -35.899 ], [ -69.633, -35.899 ], [ -69.633, -35.933 ], [ -69.599, -35.933 ], [ -69.599, -35.966 ], [ -69.599, -35.999 ], [ -69.599, -36.033 ], [ -69.633, -36.033 ], [ -69.633, -35.999 ], [ -69.633, -35.966 ], [ -69.666, -35.966 ], [ -69.666, -35.933 ], [ -69.666, -35.899 ], [ -69.666, -35.866 ], [ -69.633, -35.866 ], [ -69.633, -35.833 ], [ -69.633, -35.799 ], [ -69.633, -35.766 ], [ -69.666, -35.766 ], [ -69.666, -35.799 ], [ -69.699, -35.799 ], [ -69.699, -35.766 ], [ -69.699, -35.733 ], [ -69.666, -35.733 ], [ -69.633, -35.733 ], [ -69.599, -35.733 ], [ -69.599, -35.699 ], [ -69.633, -35.699 ], [ -69.666, -35.699 ], [ -69.666, -35.666 ], [ -69.699, -35.666 ], [ -69.733, -35.666 ], [ -69.766, -35.666 ], [ -69.799, -35.666 ], [ -69.833, -35.666 ], [ -69.833, -35.633 ], [ -69.799, -35.633 ], [ -69.799, -35.599 ], [ -69.799, -35.566 ], [ -69.833, -35.566 ], [ -69.866, -35.566 ], [ -69.899, -35.566 ], [ -69.899, -35.533 ], [ -69.899, -35.499 ], [ -69.866, -35.499 ], [ -69.833, -35.499 ], [ -69.833, -35.466 ], [ -69.833, -35.433 ], [ -69.799, -35.433 ], [ -69.799, -35.399 ], [ -69.799, -35.366 ], [ -69.799, -35.333 ], [ -69.799, -35.299 ], [ -69.766, -35.299 ], [ -69.766, -35.266 ], [ -69.766, -35.233 ], [ -69.733, -35.233 ], [ -69.733, -35.266 ], [ -69.733, -35.299 ], [ -69.733, -35.333 ], [ -69.699, -35.333 ], [ -69.699, -35.366 ], [ -69.733, -35.366 ], [ -69.733, -35.399 ], [ -69.766, -35.399 ], [ -69.766, -35.433 ], [ -69.766, -35.466 ], [ -69.733, -35.466 ], [ -69.733, -35.499 ], [ -69.766, -35.499 ], [ -69.799, -35.499 ], [ -69.799, -35.533 ], [ -69.766, -35.533 ], [ -69.733, -35.533 ], [ -69.733, -35.566 ], [ -69.766, -35.566 ], [ -69.766, -35.599 ], [ -69.766, -35.633 ], [ -69.733, -35.633 ], [ -69.699, -35.633 ], [ -69.666, -35.633 ], [ -69.633, -35.633 ], [ -69.633, -35.666 ], [ -69.599, -35.666 ], [ -69.566, -35.666 ], [ -69.566, -35.699 ], [ -69.566, -35.733 ], [ -69.566, -35.766 ], [ -69.533, -35.766 ], [ -69.533, -35.799 ], [ -69.499, -35.799 ], [ -69.499, -35.833 ], [ -69.466, -35.833 ], [ -69.433, -35.833 ], [ -69.399, -35.833 ], [ -69.399, -35.866 ], [ -69.399, -35.899 ], [ -69.366, -35.899 ], [ -69.366, -35.933 ], [ -69.333, -35.933 ], [ -69.333, -35.966 ], [ -69.299, -35.966 ], [ -69.299, -35.999 ], [ -69.299, -36.033 ], [ -69.299, -36.066 ], [ -69.299, -36.099 ], [ -69.333, -36.099 ], [ -69.333, -36.133 ], [ -69.366, -36.133 ], [ -69.366, -36.166 ], [ -69.366, -36.199 ], [ -69.399, -36.199 ], [ -69.399, -36.233 ], [ -69.399, -36.266 ], [ -69.366, -36.266 ], [ -69.366, -36.299 ], [ -69.333, -36.299 ], [ -69.299, -36.299 ], [ -69.266, -36.299 ], [ -69.233, -36.299 ], [ -69.199, -36.299 ], [ -69.166, -36.299 ], [ -69.133, -36.299 ], [ -69.099, -36.299 ], [ -69.099, -36.333 ], [ -69.133, -36.333 ], [ -69.166, -36.333 ], [ -69.199, -36.333 ], [ -69.233, -36.333 ], [ -69.266, -36.333 ], [ -69.299, -36.333 ], [ -69.333, -36.333 ], [ -69.366, -36.333 ], [ -69.399, -36.333 ], [ -69.399, -36.299 ], [ -69.433, -36.299 ], [ -69.466, -36.299 ] ] ], [ [ [ -69.966, -35.166 ], [ -69.966, -35.199 ], [ -69.999, -35.199 ], [ -69.999, -35.166 ], [ -69.966, -35.166 ] ] ], [ [ [ -69.866, -35.199 ], [ -69.899, -35.199 ], [ -69.899, -35.166 ], [ -69.866, -35.166 ], [ -69.866, -35.199 ] ] ], [ [ [ -69.966, -35.166 ], [ -69.966, -35.133 ], [ -69.933, -35.133 ], [ -69.933, -35.166 ], [ -69.966, -35.166 ] ] ], [ [ [ -69.766, -35.233 ], [ -69.799, -35.233 ], [ -69.799, -35.199 ], [ -69.833, -35.199 ], [ -69.833, -35.166 ], [ -69.833, -35.133 ], [ -69.799, -35.133 ], [ -69.799, -35.166 ], [ -69.766, -35.166 ], [ -69.766, -35.133 ], [ -69.766, -35.099 ], [ -69.766, -35.066 ], [ -69.766, -35.033 ], [ -69.766, -34.999 ], [ -69.733, -34.999 ], [ -69.733, -35.033 ], [ -69.733, -35.066 ], [ -69.733, -35.099 ], [ -69.733, -35.133 ], [ -69.733, -35.166 ], [ -69.733, -35.199 ], [ -69.766, -35.199 ], [ -69.766, -35.233 ] ] ], [ [ [ -69.633, -34.966 ], [ -69.599, -34.966 ], [ -69.599, -34.933 ], [ -69.566, -34.933 ], [ -69.566, -34.966 ], [ -69.566, -34.999 ], [ -69.599, -34.999 ], [ -69.633, -34.999 ], [ -69.633, -34.966 ] ] ], [ [ [ -69.633, -34.966 ], [ -69.666, -34.966 ], [ -69.699, -34.966 ], [ -69.699, -34.999 ], [ -69.733, -34.999 ], [ -69.733, -34.966 ], [ -69.766, -34.966 ], [ -69.799, -34.966 ], [ -69.799, -34.933 ], [ -69.766, -34.933 ], [ -69.733, -34.933 ], [ -69.699, -34.933 ], [ -69.699, -34.899 ], [ -69.666, -34.899 ], [ -69.633, -34.899 ], [ -69.633, -34.933 ], [ -69.633, -34.966 ] ] ], [ [ [ -69.566, -34.933 ], [ -69.566, -34.899 ], [ -69.566, -34.866 ], [ -69.533, -34.866 ], [ -69.499, -34.866 ], [ -69.499, -34.833 ], [ -69.466, -34.833 ], [ -69.433, -34.833 ], [ -69.433, -34.799 ], [ -69.399, -34.799 ], [ -69.399, -34.766 ], [ -69.399, -34.733 ], [ -69.366, -34.733 ], [ -69.333, -34.733 ], [ -69.333, -34.766 ], [ -69.299, -34.766 ], [ -69.299, -34.799 ], [ -69.299, -34.833 ], [ -69.333, -34.833 ], [ -69.333, -34.866 ], [ -69.366, -34.866 ], [ -69.399, -34.866 ], [ -69.433, -34.866 ], [ -69.433, -34.899 ], [ -69.466, -34.899 ], [ -69.466, -34.933 ], [ -69.499, -34.933 ], [ -69.533, -34.933 ], [ -69.566, -34.933 ] ] ], [ [ [ -69.499, -34.699 ], [ -69.466, -34.699 ], [ -69.466, -34.666 ], [ -69.433, -34.666 ], [ -69.433, -34.699 ], [ -69.433, -34.733 ], [ -69.466, -34.733 ], [ -69.499, -34.733 ], [ -69.499, -34.699 ] ] ], [ [ [ -69.466, -34.666 ], [ -69.499, -34.666 ], [ -69.499, -34.699 ], [ -69.533, -34.699 ], [ -69.533, -34.666 ], [ -69.533, -34.633 ], [ -69.499, -34.633 ], [ -69.466, -34.633 ], [ -69.466, -34.666 ] ] ], [ [ [ -69.433, -34.666 ], [ -69.433, -34.633 ], [ -69.399, -34.633 ], [ -69.399, -34.599 ], [ -69.366, -34.599 ], [ -69.333, -34.599 ], [ -69.333, -34.633 ], [ -69.366, -34.633 ], [ -69.366, -34.666 ], [ -69.399, -34.666 ], [ -69.433, -34.666 ] ] ], [ [ [ -68.966, -34.433 ], [ -68.999, -34.433 ], [ -68.999, -34.399 ], [ -68.966, -34.399 ], [ -68.966, -34.433 ] ] ], [ [ [ -68.966, -34.433 ], [ -68.933, -34.433 ], [ -68.933, -34.399 ], [ -68.899, -34.399 ], [ -68.899, -34.433 ], [ -68.899, -34.466 ], [ -68.933, -34.466 ], [ -68.966, -34.466 ], [ -68.966, -34.433 ] ] ], [ [ [ -69.333, -34.599 ], [ -69.333, -34.566 ], [ -69.333, -34.533 ], [ -69.333, -34.499 ], [ -69.333, -34.466 ], [ -69.333, -34.433 ], [ -69.333, -34.399 ], [ -69.333, -34.366 ], [ -69.333, -34.333 ], [ -69.333, -34.299 ], [ -69.333, -34.266 ], [ -69.333, -34.233 ], [ -69.299, -34.233 ], [ -69.299, -34.199 ], [ -69.299, -34.166 ], [ -69.266, -34.166 ], [ -69.266, -34.133 ], [ -69.266, -34.099 ], [ -69.266, -34.066 ], [ -69.266, -34.033 ], [ -69.233, -34.033 ], [ -69.233, -34.066 ], [ -69.233, -34.099 ], [ -69.233, -34.133 ], [ -69.233, -34.166 ], [ -69.233, -34.199 ], [ -69.266, -34.199 ], [ -69.266, -34.233 ], [ -69.266, -34.266 ], [ -69.266, -34.299 ], [ -69.233, -34.299 ], [ -69.233, -34.333 ], [ -69.233, -34.366 ], [ -69.199, -34.366 ], [ -69.199, -34.399 ], [ -69.166, -34.399 ], [ -69.166, -34.433 ], [ -69.133, -34.433 ], [ -69.133, -34.399 ], [ -69.099, -34.399 ], [ -69.066, -34.399 ], [ -69.066, -34.433 ], [ -69.099, -34.433 ], [ -69.099, -34.466 ], [ -69.133, -34.466 ], [ -69.166, -34.466 ], [ -69.166, -34.499 ], [ -69.199, -34.499 ], [ -69.199, -34.533 ], [ -69.233, -34.533 ], [ -69.266, -34.533 ], [ -69.266, -34.566 ], [ -69.299, -34.566 ], [ -69.299, -34.599 ], [ -69.333, -34.599 ] ] ], [ [ [ -69.266, -33.999 ], [ -69.299, -33.999 ], [ -69.299, -33.966 ], [ -69.299, -33.933 ], [ -69.299, -33.899 ], [ -69.266, -33.899 ], [ -69.266, -33.933 ], [ -69.266, -33.966 ], [ -69.266, -33.999 ] ] ], [ [ [ -69.333, -33.799 ], [ -69.333, -33.833 ], [ -69.299, -33.833 ], [ -69.266, -33.833 ], [ -69.266, -33.866 ], [ -69.299, -33.866 ], [ -69.333, -33.866 ], [ -69.366, -33.866 ], [ -69.366, -33.833 ], [ -69.366, -33.799 ], [ -69.366, -33.766 ], [ -69.333, -33.766 ], [ -69.333, -33.799 ] ] ], [ [ [ -69.333, -33.733 ], [ -69.366, -33.733 ], [ -69.366, -33.699 ], [ -69.366, -33.666 ], [ -69.333, -33.666 ], [ -69.333, -33.699 ], [ -69.333, -33.733 ] ] ], [ [ [ -69.399, -33.533 ], [ -69.399, -33.566 ], [ -69.399, -33.599 ], [ -69.399, -33.633 ], [ -69.433, -33.633 ], [ -69.433, -33.599 ], [ -69.433, -33.566 ], [ -69.433, -33.533 ], [ -69.399, -33.533 ] ] ], [ [ [ -69.399, -33.533 ], [ -69.399, -33.499 ], [ -69.399, -33.466 ], [ -69.366, -33.466 ], [ -69.366, -33.499 ], [ -69.366, -33.533 ], [ -69.399, -33.533 ] ] ], [ [ [ -69.399, -33.466 ], [ -69.433, -33.466 ], [ -69.433, -33.433 ], [ -69.433, -33.399 ], [ -69.466, -33.399 ], [ -69.466, -33.366 ], [ -69.433, -33.366 ], [ -69.433, -33.333 ], [ -69.433, -33.299 ], [ -69.399, -33.299 ], [ -69.399, -33.266 ], [ -69.366, -33.266 ], [ -69.366, -33.233 ], [ -69.333, -33.233 ], [ -69.333, -33.199 ], [ -69.333, -33.166 ], [ -69.333, -33.133 ], [ -69.299, -33.133 ], [ -69.266, -33.133 ], [ -69.233, -33.133 ], [ -69.233, -33.099 ], [ -69.233, -33.066 ], [ -69.199, -33.066 ], [ -69.199, -33.099 ], [ -69.199, -33.133 ], [ -69.199, -33.166 ], [ -69.199, -33.199 ], [ -69.233, -33.199 ], [ -69.233, -33.166 ], [ -69.266, -33.166 ], [ -69.299, -33.166 ], [ -69.299, -33.199 ], [ -69.299, -33.233 ], [ -69.299, -33.266 ], [ -69.333, -33.266 ], [ -69.333, -33.299 ], [ -69.333, -33.333 ], [ -69.366, -33.333 ], [ -69.366, -33.366 ], [ -69.399, -33.366 ], [ -69.399, -33.399 ], [ -69.399, -33.433 ], [ -69.399, -33.466 ] ] ], [ [ [ -69.233, -33.066 ], [ -69.266, -33.066 ], [ -69.299, -33.066 ], [ -69.299, -33.033 ], [ -69.299, -32.999 ], [ -69.266, -32.999 ], [ -69.266, -33.033 ], [ -69.233, -33.033 ], [ -69.233, -33.066 ] ] ], [ [ [ -66.166, -33.066 ], [ -66.199, -33.066 ], [ -66.199, -33.033 ], [ -66.199, -32.999 ], [ -66.166, -32.999 ], [ -66.166, -33.033 ], [ -66.166, -33.066 ] ] ], [ [ [ -69.099, -32.966 ], [ -69.066, -32.966 ], [ -69.066, -32.999 ], [ -69.099, -32.999 ], [ -69.099, -32.966 ] ] ], [ [ [ -69.299, -32.966 ], [ -69.333, -32.966 ], [ -69.333, -32.933 ], [ -69.299, -32.933 ], [ -69.299, -32.966 ] ] ], [ [ [ -69.099, -32.966 ], [ -69.133, -32.966 ], [ -69.133, -32.933 ], [ -69.099, -32.933 ], [ -69.099, -32.966 ] ] ], [ [ [ -69.066, -32.966 ], [ -69.066, -32.933 ], [ -69.033, -32.933 ], [ -69.033, -32.966 ], [ -69.066, -32.966 ] ] ], [ [ [ -69.133, -32.933 ], [ -69.166, -32.933 ], [ -69.199, -32.933 ], [ -69.199, -32.899 ], [ -69.166, -32.899 ], [ -69.133, -32.899 ], [ -69.133, -32.933 ] ] ], [ [ [ -69.133, -32.899 ], [ -69.133, -32.866 ], [ -69.099, -32.866 ], [ -69.099, -32.899 ], [ -69.133, -32.899 ] ] ], [ [ [ -69.033, -32.833 ], [ -69.033, -32.866 ], [ -69.033, -32.899 ], [ -69.066, -32.899 ], [ -69.066, -32.866 ], [ -69.066, -32.833 ], [ -69.033, -32.833 ] ] ], [ [ [ -66.166, -32.866 ], [ -66.199, -32.866 ], [ -66.199, -32.833 ], [ -66.166, -32.833 ], [ -66.166, -32.866 ] ] ], [ [ [ -69.333, -32.833 ], [ -69.366, -32.833 ], [ -69.366, -32.799 ], [ -69.333, -32.799 ], [ -69.333, -32.833 ] ] ], [ [ [ -69.199, -32.899 ], [ -69.233, -32.899 ], [ -69.233, -32.866 ], [ -69.233, -32.833 ], [ -69.266, -32.833 ], [ -69.299, -32.833 ], [ -69.299, -32.799 ], [ -69.266, -32.799 ], [ -69.233, -32.799 ], [ -69.199, -32.799 ], [ -69.199, -32.833 ], [ -69.199, -32.866 ], [ -69.199, -32.899 ] ] ], [ [ [ -69.333, -32.733 ], [ -69.299, -32.733 ], [ -69.299, -32.766 ], [ -69.333, -32.766 ], [ -69.333, -32.733 ] ] ], [ [ [ -69.299, -32.733 ], [ -69.299, -32.699 ], [ -69.266, -32.699 ], [ -69.266, -32.733 ], [ -69.299, -32.733 ] ] ], [ [ [ -64.899, -32.766 ], [ -64.933, -32.766 ], [ -64.933, -32.733 ], [ -64.933, -32.699 ], [ -64.899, -32.699 ], [ -64.899, -32.733 ], [ -64.899, -32.766 ] ] ], [ [ [ -69.399, -32.699 ], [ -69.433, -32.699 ], [ -69.433, -32.666 ], [ -69.399, -32.666 ], [ -69.399, -32.699 ] ] ], [ [ [ -69.033, -32.833 ], [ -69.033, -32.799 ], [ -69.033, -32.766 ], [ -69.033, -32.733 ], [ -69.033, -32.699 ], [ -69.033, -32.666 ], [ -68.999, -32.666 ], [ -68.999, -32.699 ], [ -68.999, -32.733 ], [ -68.999, -32.766 ], [ -68.999, -32.799 ], [ -68.999, -32.833 ], [ -69.033, -32.833 ] ] ], [ [ [ -69.466, -32.599 ], [ -69.466, -32.633 ], [ -69.466, -32.666 ], [ -69.499, -32.666 ], [ -69.533, -32.666 ], [ -69.533, -32.633 ], [ -69.499, -32.633 ], [ -69.499, -32.599 ], [ -69.466, -32.599 ] ] ], [ [ [ -69.033, -32.633 ], [ -69.066, -32.633 ], [ -69.066, -32.599 ], [ -69.033, -32.599 ], [ -69.033, -32.633 ] ] ], [ [ [ -69.033, -32.533 ], [ -69.033, -32.566 ], [ -69.066, -32.566 ], [ -69.066, -32.533 ], [ -69.033, -32.533 ] ] ], [ [ [ -69.033, -32.533 ], [ -69.033, -32.499 ], [ -68.999, -32.499 ], [ -68.999, -32.533 ], [ -69.033, -32.533 ] ] ], [ [ [ -69.333, -32.733 ], [ -69.366, -32.733 ], [ -69.366, -32.699 ], [ -69.366, -32.666 ], [ -69.366, -32.633 ], [ -69.366, -32.599 ], [ -69.333, -32.599 ], [ -69.333, -32.566 ], [ -69.366, -32.566 ], [ -69.366, -32.599 ], [ -69.399, -32.599 ], [ -69.433, -32.599 ], [ -69.466, -32.599 ], [ -69.466, -32.566 ], [ -69.466, -32.533 ], [ -69.433, -32.533 ], [ -69.399, -32.533 ], [ -69.399, -32.499 ], [ -69.433, -32.499 ], [ -69.433, -32.466 ], [ -69.399, -32.466 ], [ -69.366, -32.466 ], [ -69.366, -32.433 ], [ -69.333, -32.433 ], [ -69.299, -32.433 ], [ -69.266, -32.433 ], [ -69.266, -32.466 ], [ -69.266, -32.499 ], [ -69.266, -32.533 ], [ -69.266, -32.566 ], [ -69.299, -32.566 ], [ -69.299, -32.599 ], [ -69.299, -32.633 ], [ -69.333, -32.633 ], [ -69.333, -32.666 ], [ -69.333, -32.699 ], [ -69.333, -32.733 ] ] ], [ [ [ -64.933, -32.333 ], [ -64.966, -32.333 ], [ -64.966, -32.299 ], [ -64.933, -32.299 ], [ -64.933, -32.333 ] ] ], [ [ [ -64.866, -32.399 ], [ -64.866, -32.433 ], [ -64.833, -32.433 ], [ -64.833, -32.466 ], [ -64.833, -32.499 ], [ -64.833, -32.533 ], [ -64.866, -32.533 ], [ -64.866, -32.566 ], [ -64.866, -32.599 ], [ -64.866, -32.633 ], [ -64.899, -32.633 ], [ -64.933, -32.633 ], [ -64.933, -32.599 ], [ -64.899, -32.599 ], [ -64.899, -32.566 ], [ -64.933, -32.566 ], [ -64.933, -32.533 ], [ -64.933, -32.499 ], [ -64.933, -32.466 ], [ -64.899, -32.466 ], [ -64.899, -32.433 ], [ -64.899, -32.399 ], [ -64.933, -32.399 ], [ -64.933, -32.366 ], [ -64.899, -32.366 ], [ -64.899, -32.333 ], [ -64.899, -32.299 ], [ -64.899, -32.266 ], [ -64.866, -32.266 ], [ -64.866, -32.299 ], [ -64.866, -32.333 ], [ -64.866, -32.366 ], [ -64.866, -32.399 ] ] ], [ [ [ -64.899, -32.199 ], [ -64.899, -32.233 ], [ -64.933, -32.233 ], [ -64.933, -32.199 ], [ -64.899, -32.199 ] ] ], [ [ [ -68.966, -32.033 ], [ -68.966, -32.066 ], [ -68.966, -32.099 ], [ -68.966, -32.133 ], [ -68.966, -32.166 ], [ -68.966, -32.199 ], [ -68.966, -32.233 ], [ -68.966, -32.266 ], [ -68.966, -32.299 ], [ -68.966, -32.333 ], [ -68.966, -32.366 ], [ -68.966, -32.399 ], [ -68.966, -32.433 ], [ -68.999, -32.433 ], [ -68.999, -32.399 ], [ -68.999, -32.366 ], [ -68.999, -32.333 ], [ -68.999, -32.299 ], [ -68.999, -32.266 ], [ -68.999, -32.233 ], [ -68.999, -32.199 ], [ -68.999, -32.166 ], [ -68.999, -32.133 ], [ -68.999, -32.099 ], [ -68.999, -32.066 ], [ -68.999, -32.033 ], [ -68.966, -32.033 ] ] ], [ [ [ -68.966, -32.033 ], [ -68.966, -31.999 ], [ -68.933, -31.999 ], [ -68.933, -32.033 ], [ -68.966, -32.033 ] ] ], [ [ [ -64.933, -32.099 ], [ -64.966, -32.099 ], [ -64.966, -32.066 ], [ -64.966, -32.033 ], [ -64.966, -31.999 ], [ -64.966, -31.966 ], [ -64.966, -31.933 ], [ -64.933, -31.933 ], [ -64.933, -31.966 ], [ -64.933, -31.999 ], [ -64.933, -32.033 ], [ -64.933, -32.066 ], [ -64.933, -32.099 ] ] ], [ [ [ -68.933, -31.999 ], [ -68.933, -31.966 ], [ -68.933, -31.933 ], [ -68.933, -31.899 ], [ -68.899, -31.899 ], [ -68.899, -31.933 ], [ -68.866, -31.933 ], [ -68.833, -31.933 ], [ -68.833, -31.966 ], [ -68.866, -31.966 ], [ -68.899, -31.966 ], [ -68.899, -31.999 ], [ -68.933, -31.999 ] ] ], [ [ [ -64.899, -32.199 ], [ -64.899, -32.166 ], [ -64.899, -32.133 ], [ -64.899, -32.099 ], [ -64.899, -32.066 ], [ -64.899, -32.033 ], [ -64.899, -31.999 ], [ -64.899, -31.966 ], [ -64.866, -31.966 ], [ -64.866, -31.933 ], [ -64.866, -31.899 ], [ -64.833, -31.899 ], [ -64.833, -31.933 ], [ -64.833, -31.966 ], [ -64.833, -31.999 ], [ -64.866, -31.999 ], [ -64.866, -32.033 ], [ -64.866, -32.066 ], [ -64.866, -32.099 ], [ -64.866, -32.133 ], [ -64.866, -32.166 ], [ -64.866, -32.199 ], [ -64.899, -32.199 ] ] ], [ [ [ -64.866, -31.866 ], [ -64.899, -31.866 ], [ -64.899, -31.833 ], [ -64.866, -31.833 ], [ -64.866, -31.866 ] ] ], [ [ [ -69.566, -31.799 ], [ -69.566, -31.833 ], [ -69.599, -31.833 ], [ -69.633, -31.833 ], [ -69.633, -31.866 ], [ -69.666, -31.866 ], [ -69.666, -31.899 ], [ -69.699, -31.899 ], [ -69.699, -31.933 ], [ -69.699, -31.966 ], [ -69.733, -31.966 ], [ -69.733, -31.999 ], [ -69.766, -31.999 ], [ -69.766, -31.966 ], [ -69.766, -31.933 ], [ -69.799, -31.933 ], [ -69.799, -31.899 ], [ -69.766, -31.899 ], [ -69.733, -31.899 ], [ -69.733, -31.866 ], [ -69.699, -31.866 ], [ -69.699, -31.833 ], [ -69.699, -31.799 ], [ -69.666, -31.799 ], [ -69.666, -31.766 ], [ -69.633, -31.766 ], [ -69.633, -31.799 ], [ -69.599, -31.799 ], [ -69.566, -31.799 ] ] ], [ [ [ -69.566, -31.799 ], [ -69.566, -31.766 ], [ -69.533, -31.766 ], [ -69.533, -31.799 ], [ -69.566, -31.799 ] ] ], [ [ [ -64.866, -31.799 ], [ -64.899, -31.799 ], [ -64.899, -31.766 ], [ -64.866, -31.766 ], [ -64.866, -31.799 ] ] ], [ [ [ -69.499, -31.766 ], [ -69.533, -31.766 ], [ -69.533, -31.733 ], [ -69.499, -31.733 ], [ -69.499, -31.766 ] ] ], [ [ [ -68.666, -31.733 ], [ -68.633, -31.733 ], [ -68.633, -31.766 ], [ -68.666, -31.766 ], [ -68.666, -31.733 ] ] ], [ [ [ -69.499, -31.766 ], [ -69.466, -31.766 ], [ -69.466, -31.733 ], [ -69.499, -31.733 ], [ -69.499, -31.699 ], [ -69.466, -31.699 ], [ -69.466, -31.666 ], [ -69.433, -31.666 ], [ -69.433, -31.699 ], [ -69.433, -31.733 ], [ -69.433, -31.766 ], [ -69.433, -31.799 ], [ -69.433, -31.833 ], [ -69.433, -31.866 ], [ -69.466, -31.866 ], [ -69.499, -31.866 ], [ -69.499, -31.833 ], [ -69.499, -31.799 ], [ -69.499, -31.766 ] ] ], [ [ [ -68.666, -31.733 ], [ -68.699, -31.733 ], [ -68.699, -31.699 ], [ -68.699, -31.666 ], [ -68.666, -31.666 ], [ -68.666, -31.699 ], [ -68.666, -31.733 ] ] ], [ [ [ -64.899, -31.633 ], [ -64.866, -31.633 ], [ -64.866, -31.666 ], [ -64.866, -31.699 ], [ -64.866, -31.733 ], [ -64.899, -31.733 ], [ -64.899, -31.699 ], [ -64.899, -31.666 ], [ -64.899, -31.633 ] ] ], [ [ [ -68.999, -31.666 ], [ -69.033, -31.666 ], [ -69.033, -31.633 ], [ -69.033, -31.599 ], [ -68.999, -31.599 ], [ -68.966, -31.599 ], [ -68.966, -31.633 ], [ -68.999, -31.633 ], [ -68.999, -31.666 ] ] ], [ [ [ -64.833, -31.899 ], [ -64.833, -31.866 ], [ -64.833, -31.833 ], [ -64.799, -31.833 ], [ -64.799, -31.799 ], [ -64.799, -31.766 ], [ -64.766, -31.766 ], [ -64.766, -31.733 ], [ -64.766, -31.699 ], [ -64.799, -31.699 ], [ -64.833, -31.699 ], [ -64.833, -31.666 ], [ -64.799, -31.666 ], [ -64.766, -31.666 ], [ -64.733, -31.666 ], [ -64.733, -31.633 ], [ -64.733, -31.599 ], [ -64.699, -31.599 ], [ -64.699, -31.633 ], [ -64.699, -31.666 ], [ -64.699, -31.699 ], [ -64.699, -31.733 ], [ -64.699, -31.766 ], [ -64.733, -31.766 ], [ -64.733, -31.799 ], [ -64.766, -31.799 ], [ -64.766, -31.833 ], [ -64.766, -31.866 ], [ -64.799, -31.866 ], [ -64.799, -31.899 ], [ -64.833, -31.899 ] ] ], [ [ [ -68.899, -31.899 ], [ -68.899, -31.866 ], [ -68.899, -31.833 ], [ -68.899, -31.799 ], [ -68.899, -31.766 ], [ -68.899, -31.733 ], [ -68.899, -31.699 ], [ -68.899, -31.666 ], [ -68.899, -31.633 ], [ -68.899, -31.599 ], [ -68.933, -31.599 ], [ -68.933, -31.566 ], [ -68.899, -31.566 ], [ -68.866, -31.566 ], [ -68.866, -31.599 ], [ -68.866, -31.633 ], [ -68.833, -31.633 ], [ -68.833, -31.666 ], [ -68.833, -31.699 ], [ -68.866, -31.699 ], [ -68.866, -31.733 ], [ -68.833, -31.733 ], [ -68.833, -31.766 ], [ -68.833, -31.799 ], [ -68.866, -31.799 ], [ -68.866, -31.833 ], [ -68.866, -31.866 ], [ -68.866, -31.899 ], [ -68.899, -31.899 ] ] ], [ [ [ -68.033, -31.566 ], [ -67.999, -31.566 ], [ -67.999, -31.599 ], [ -68.033, -31.599 ], [ -68.033, -31.566 ] ] ], [ [ [ -69.433, -31.666 ], [ -69.433, -31.633 ], [ -69.433, -31.599 ], [ -69.399, -31.599 ], [ -69.399, -31.566 ], [ -69.399, -31.533 ], [ -69.366, -31.533 ], [ -69.366, -31.566 ], [ -69.366, -31.599 ], [ -69.366, -31.633 ], [ -69.399, -31.633 ], [ -69.399, -31.666 ], [ -69.433, -31.666 ] ] ], [ [ [ -69.366, -31.533 ], [ -69.366, -31.499 ], [ -69.333, -31.499 ], [ -69.333, -31.533 ], [ -69.366, -31.533 ] ] ], [ [ [ -69.066, -31.499 ], [ -69.033, -31.499 ], [ -69.033, -31.533 ], [ -69.033, -31.566 ], [ -69.066, -31.566 ], [ -69.066, -31.533 ], [ -69.066, -31.499 ] ] ], [ [ [ -68.033, -31.566 ], [ -68.066, -31.566 ], [ -68.099, -31.566 ], [ -68.099, -31.533 ], [ -68.133, -31.533 ], [ -68.133, -31.499 ], [ -68.099, -31.499 ], [ -68.066, -31.499 ], [ -68.066, -31.533 ], [ -68.033, -31.533 ], [ -68.033, -31.566 ] ] ], [ [ [ -67.999, -31.566 ], [ -67.999, -31.533 ], [ -67.966, -31.533 ], [ -67.966, -31.499 ], [ -67.933, -31.499 ], [ -67.933, -31.533 ], [ -67.933, -31.566 ], [ -67.966, -31.566 ], [ -67.999, -31.566 ] ] ], [ [ [ -64.733, -31.599 ], [ -64.766, -31.599 ], [ -64.766, -31.566 ], [ -64.766, -31.533 ], [ -64.766, -31.499 ], [ -64.733, -31.499 ], [ -64.733, -31.533 ], [ -64.733, -31.566 ], [ -64.733, -31.599 ] ] ], [ [ [ -67.933, -31.499 ], [ -67.933, -31.466 ], [ -67.899, -31.466 ], [ -67.899, -31.499 ], [ -67.933, -31.499 ] ] ], [ [ [ -69.066, -31.499 ], [ -69.099, -31.499 ], [ -69.099, -31.533 ], [ -69.133, -31.533 ], [ -69.133, -31.499 ], [ -69.166, -31.499 ], [ -69.166, -31.466 ], [ -69.133, -31.466 ], [ -69.099, -31.466 ], [ -69.099, -31.433 ], [ -69.066, -31.433 ], [ -69.066, -31.466 ], [ -69.066, -31.499 ] ] ], [ [ [ -68.066, -31.433 ], [ -68.066, -31.466 ], [ -68.099, -31.466 ], [ -68.099, -31.433 ], [ -68.066, -31.433 ] ] ], [ [ [ -67.899, -31.466 ], [ -67.899, -31.433 ], [ -67.866, -31.433 ], [ -67.866, -31.466 ], [ -67.899, -31.466 ] ] ], [ [ [ -68.933, -31.399 ], [ -68.933, -31.433 ], [ -68.899, -31.433 ], [ -68.899, -31.466 ], [ -68.933, -31.466 ], [ -68.966, -31.466 ], [ -68.966, -31.433 ], [ -68.966, -31.399 ], [ -68.933, -31.399 ] ] ], [ [ [ -69.633, -31.766 ], [ -69.633, -31.733 ], [ -69.633, -31.699 ], [ -69.633, -31.666 ], [ -69.633, -31.633 ], [ -69.633, -31.599 ], [ -69.633, -31.566 ], [ -69.633, -31.533 ], [ -69.633, -31.499 ], [ -69.633, -31.466 ], [ -69.633, -31.433 ], [ -69.666, -31.433 ], [ -69.699, -31.433 ], [ -69.699, -31.399 ], [ -69.666, -31.399 ], [ -69.666, -31.366 ], [ -69.633, -31.366 ], [ -69.633, -31.399 ], [ -69.599, -31.399 ], [ -69.566, -31.399 ], [ -69.566, -31.433 ], [ -69.566, -31.466 ], [ -69.566, -31.499 ], [ -69.566, -31.533 ], [ -69.566, -31.566 ], [ -69.566, -31.599 ], [ -69.599, -31.599 ], [ -69.599, -31.633 ], [ -69.599, -31.666 ], [ -69.599, -31.699 ], [ -69.599, -31.733 ], [ -69.599, -31.766 ], [ -69.633, -31.766 ] ] ], [ [ [ -69.099, -31.399 ], [ -69.133, -31.399 ], [ -69.133, -31.366 ], [ -69.099, -31.366 ], [ -69.099, -31.399 ] ] ], [ [ [ -69.033, -31.399 ], [ -69.066, -31.399 ], [ -69.066, -31.366 ], [ -69.033, -31.366 ], [ -69.033, -31.399 ] ] ], [ [ [ -67.833, -31.399 ], [ -67.866, -31.399 ], [ -67.866, -31.366 ], [ -67.833, -31.366 ], [ -67.833, -31.399 ] ] ], [ [ [ -68.833, -31.433 ], [ -68.866, -31.433 ], [ -68.866, -31.399 ], [ -68.866, -31.366 ], [ -68.866, -31.333 ], [ -68.833, -31.333 ], [ -68.833, -31.366 ], [ -68.833, -31.399 ], [ -68.833, -31.433 ] ] ], [ [ [ -69.366, -31.466 ], [ -69.399, -31.466 ], [ -69.399, -31.433 ], [ -69.399, -31.399 ], [ -69.399, -31.366 ], [ -69.399, -31.333 ], [ -69.399, -31.299 ], [ -69.366, -31.299 ], [ -69.366, -31.333 ], [ -69.366, -31.366 ], [ -69.366, -31.399 ], [ -69.366, -31.433 ], [ -69.366, -31.466 ] ] ], [ [ [ -69.299, -31.299 ], [ -69.299, -31.333 ], [ -69.333, -31.333 ], [ -69.333, -31.299 ], [ -69.299, -31.299 ] ] ], [ [ [ -68.933, -31.366 ], [ -68.966, -31.366 ], [ -68.966, -31.333 ], [ -68.966, -31.299 ], [ -68.933, -31.299 ], [ -68.933, -31.333 ], [ -68.933, -31.366 ] ] ], [ [ [ -68.066, -31.433 ], [ -68.066, -31.399 ], [ -68.066, -31.366 ], [ -68.066, -31.333 ], [ -68.066, -31.299 ], [ -68.033, -31.299 ], [ -68.033, -31.333 ], [ -68.033, -31.366 ], [ -68.033, -31.399 ], [ -68.033, -31.433 ], [ -68.066, -31.433 ] ] ], [ [ [ -69.299, -31.299 ], [ -69.299, -31.266 ], [ -69.266, -31.266 ], [ -69.266, -31.299 ], [ -69.299, -31.299 ] ] ], [ [ [ -69.199, -31.299 ], [ -69.233, -31.299 ], [ -69.233, -31.266 ], [ -69.199, -31.266 ], [ -69.166, -31.266 ], [ -69.166, -31.299 ], [ -69.199, -31.299 ] ] ], [ [ [ -69.033, -31.299 ], [ -69.066, -31.299 ], [ -69.066, -31.266 ], [ -69.033, -31.266 ], [ -69.033, -31.299 ] ] ], [ [ [ -67.799, -31.299 ], [ -67.833, -31.299 ], [ -67.833, -31.266 ], [ -67.799, -31.266 ], [ -67.799, -31.299 ] ] ], [ [ [ -68.033, -31.299 ], [ -68.033, -31.266 ], [ -68.033, -31.233 ], [ -67.999, -31.233 ], [ -67.999, -31.266 ], [ -67.999, -31.299 ], [ -68.033, -31.299 ] ] ], [ [ [ -69.366, -31.199 ], [ -69.366, -31.233 ], [ -69.399, -31.233 ], [ -69.433, -31.233 ], [ -69.433, -31.199 ], [ -69.399, -31.199 ], [ -69.366, -31.199 ] ] ], [ [ [ -69.199, -31.199 ], [ -69.199, -31.233 ], [ -69.233, -31.233 ], [ -69.233, -31.199 ], [ -69.199, -31.199 ] ] ], [ [ [ -67.999, -31.233 ], [ -67.999, -31.199 ], [ -67.966, -31.199 ], [ -67.966, -31.233 ], [ -67.999, -31.233 ] ] ], [ [ [ -69.366, -31.199 ], [ -69.366, -31.166 ], [ -69.333, -31.166 ], [ -69.299, -31.166 ], [ -69.299, -31.199 ], [ -69.333, -31.199 ], [ -69.366, -31.199 ] ] ], [ [ [ -69.199, -31.199 ], [ -69.199, -31.166 ], [ -69.166, -31.166 ], [ -69.166, -31.199 ], [ -69.199, -31.199 ] ] ], [ [ [ -69.066, -31.233 ], [ -69.099, -31.233 ], [ -69.099, -31.199 ], [ -69.066, -31.199 ], [ -69.066, -31.166 ], [ -69.033, -31.166 ], [ -69.033, -31.199 ], [ -69.033, -31.233 ], [ -69.066, -31.233 ] ] ], [ [ [ -67.999, -31.199 ], [ -68.033, -31.199 ], [ -68.033, -31.166 ], [ -67.999, -31.166 ], [ -67.999, -31.199 ] ] ], [ [ [ -67.399, -31.166 ], [ -67.399, -31.199 ], [ -67.399, -31.233 ], [ -67.433, -31.233 ], [ -67.433, -31.199 ], [ -67.466, -31.199 ], [ -67.466, -31.166 ], [ -67.433, -31.166 ], [ -67.399, -31.166 ] ] ], [ [ [ -64.899, -31.633 ], [ -64.933, -31.633 ], [ -64.933, -31.599 ], [ -64.933, -31.566 ], [ -64.933, -31.533 ], [ -64.933, -31.499 ], [ -64.933, -31.466 ], [ -64.899, -31.466 ], [ -64.899, -31.433 ], [ -64.899, -31.399 ], [ -64.866, -31.399 ], [ -64.866, -31.366 ], [ -64.833, -31.366 ], [ -64.833, -31.333 ], [ -64.833, -31.299 ], [ -64.866, -31.299 ], [ -64.866, -31.266 ], [ -64.833, -31.266 ], [ -64.833, -31.233 ], [ -64.833, -31.199 ], [ -64.799, -31.199 ], [ -64.766, -31.199 ], [ -64.766, -31.166 ], [ -64.733, -31.166 ], [ -64.733, -31.199 ], [ -64.733, -31.233 ], [ -64.733, -31.266 ], [ -64.699, -31.266 ], [ -64.699, -31.299 ], [ -64.699, -31.333 ], [ -64.733, -31.333 ], [ -64.733, -31.366 ], [ -64.766, -31.366 ], [ -64.766, -31.399 ], [ -64.766, -31.433 ], [ -64.766, -31.466 ], [ -64.799, -31.466 ], [ -64.799, -31.433 ], [ -64.799, -31.399 ], [ -64.833, -31.399 ], [ -64.833, -31.433 ], [ -64.866, -31.433 ], [ -64.866, -31.466 ], [ -64.866, -31.499 ], [ -64.899, -31.499 ], [ -64.899, -31.533 ], [ -64.899, -31.566 ], [ -64.899, -31.599 ], [ -64.899, -31.633 ] ] ], [ [ [ -67.399, -31.166 ], [ -67.399, -31.133 ], [ -67.366, -31.133 ], [ -67.366, -31.166 ], [ -67.399, -31.166 ] ] ], [ [ [ -67.933, -31.133 ], [ -67.966, -31.133 ], [ -67.966, -31.099 ], [ -67.933, -31.099 ], [ -67.933, -31.133 ] ] ], [ [ [ -67.833, -31.133 ], [ -67.866, -31.133 ], [ -67.866, -31.099 ], [ -67.833, -31.099 ], [ -67.833, -31.133 ] ] ], [ [ [ -67.499, -31.066 ], [ -67.466, -31.066 ], [ -67.466, -31.099 ], [ -67.499, -31.099 ], [ -67.499, -31.066 ] ] ], [ [ [ -69.633, -31.366 ], [ -69.633, -31.333 ], [ -69.633, -31.299 ], [ -69.633, -31.266 ], [ -69.599, -31.266 ], [ -69.599, -31.233 ], [ -69.599, -31.199 ], [ -69.599, -31.166 ], [ -69.599, -31.133 ], [ -69.599, -31.099 ], [ -69.599, -31.066 ], [ -69.599, -31.033 ], [ -69.566, -31.033 ], [ -69.566, -31.066 ], [ -69.566, -31.099 ], [ -69.566, -31.133 ], [ -69.566, -31.166 ], [ -69.566, -31.199 ], [ -69.566, -31.233 ], [ -69.566, -31.266 ], [ -69.566, -31.299 ], [ -69.566, -31.333 ], [ -69.599, -31.333 ], [ -69.599, -31.366 ], [ -69.633, -31.366 ] ] ], [ [ [ -68.833, -31.033 ], [ -68.799, -31.033 ], [ -68.799, -31.066 ], [ -68.766, -31.066 ], [ -68.766, -31.099 ], [ -68.766, -31.133 ], [ -68.766, -31.166 ], [ -68.799, -31.166 ], [ -68.799, -31.199 ], [ -68.799, -31.233 ], [ -68.833, -31.233 ], [ -68.833, -31.199 ], [ -68.866, -31.199 ], [ -68.866, -31.166 ], [ -68.833, -31.166 ], [ -68.833, -31.133 ], [ -68.833, -31.099 ], [ -68.833, -31.066 ], [ -68.833, -31.033 ] ] ], [ [ [ -67.499, -31.066 ], [ -67.533, -31.066 ], [ -67.533, -31.033 ], [ -67.533, -30.999 ], [ -67.499, -30.999 ], [ -67.499, -31.033 ], [ -67.499, -31.066 ] ] ], [ [ [ -69.533, -30.999 ], [ -69.566, -30.999 ], [ -69.566, -30.966 ], [ -69.533, -30.966 ], [ -69.533, -30.999 ] ] ], [ [ [ -69.533, -30.999 ], [ -69.499, -30.999 ], [ -69.499, -30.966 ], [ -69.466, -30.966 ], [ -69.433, -30.966 ], [ -69.399, -30.966 ], [ -69.399, -30.999 ], [ -69.399, -31.033 ], [ -69.399, -31.066 ], [ -69.399, -31.099 ], [ -69.399, -31.133 ], [ -69.433, -31.133 ], [ -69.433, -31.099 ], [ -69.433, -31.066 ], [ -69.433, -31.033 ], [ -69.466, -31.033 ], [ -69.499, -31.033 ], [ -69.533, -31.033 ], [ -69.533, -30.999 ] ] ], [ [ [ -68.766, -30.933 ], [ -68.733, -30.933 ], [ -68.733, -30.966 ], [ -68.766, -30.966 ], [ -68.766, -30.933 ] ] ], [ [ [ -69.599, -30.966 ], [ -69.633, -30.966 ], [ -69.633, -30.933 ], [ -69.633, -30.899 ], [ -69.599, -30.899 ], [ -69.566, -30.899 ], [ -69.566, -30.933 ], [ -69.599, -30.933 ], [ -69.599, -30.966 ] ] ], [ [ [ -67.466, -30.899 ], [ -67.466, -30.933 ], [ -67.433, -30.933 ], [ -67.399, -30.933 ], [ -67.399, -30.966 ], [ -67.399, -30.999 ], [ -67.399, -31.033 ], [ -67.399, -31.066 ], [ -67.399, -31.099 ], [ -67.433, -31.099 ], [ -67.433, -31.066 ], [ -67.433, -31.033 ], [ -67.433, -30.999 ], [ -67.433, -30.966 ], [ -67.466, -30.966 ], [ -67.499, -30.966 ], [ -67.533, -30.966 ], [ -67.533, -30.933 ], [ -67.533, -30.899 ], [ -67.499, -30.899 ], [ -67.466, -30.899 ] ] ], [ [ [ -64.433, -30.866 ], [ -64.466, -30.866 ], [ -64.466, -30.833 ], [ -64.433, -30.833 ], [ -64.433, -30.866 ] ] ], [ [ [ -67.666, -30.766 ], [ -67.633, -30.766 ], [ -67.633, -30.799 ], [ -67.666, -30.799 ], [ -67.666, -30.766 ] ] ], [ [ [ -67.666, -30.766 ], [ -67.699, -30.766 ], [ -67.699, -30.733 ], [ -67.666, -30.733 ], [ -67.666, -30.766 ] ] ], [ [ [ -68.799, -30.799 ], [ -68.799, -30.766 ], [ -68.833, -30.766 ], [ -68.833, -30.733 ], [ -68.866, -30.733 ], [ -68.866, -30.699 ], [ -68.866, -30.666 ], [ -68.899, -30.666 ], [ -68.899, -30.699 ], [ -68.933, -30.699 ], [ -68.933, -30.733 ], [ -68.966, -30.733 ], [ -68.966, -30.766 ], [ -68.966, -30.799 ], [ -68.966, -30.833 ], [ -68.966, -30.866 ], [ -68.966, -30.899 ], [ -68.966, -30.933 ], [ -68.966, -30.966 ], [ -68.933, -30.966 ], [ -68.899, -30.966 ], [ -68.866, -30.966 ], [ -68.866, -30.933 ], [ -68.833, -30.933 ], [ -68.833, -30.899 ], [ -68.799, -30.899 ], [ -68.799, -30.866 ], [ -68.833, -30.866 ], [ -68.833, -30.833 ], [ -68.833, -30.799 ], [ -68.799, -30.799 ], [ -68.799, -30.833 ], [ -68.766, -30.833 ], [ -68.733, -30.833 ], [ -68.733, -30.866 ], [ -68.766, -30.866 ], [ -68.766, -30.899 ], [ -68.766, -30.933 ], [ -68.799, -30.933 ], [ -68.799, -30.966 ], [ -68.833, -30.966 ], [ -68.833, -30.999 ], [ -68.833, -31.033 ], [ -68.866, -31.033 ], [ -68.866, -30.999 ], [ -68.899, -30.999 ], [ -68.899, -31.033 ], [ -68.933, -31.033 ], [ -68.933, -31.066 ], [ -68.966, -31.066 ], [ -68.999, -31.066 ], [ -69.033, -31.066 ], [ -69.033, -31.033 ], [ -68.999, -31.033 ], [ -68.999, -30.999 ], [ -68.999, -30.966 ], [ -68.999, -30.933 ], [ -68.999, -30.899 ], [ -69.033, -30.899 ], [ -69.033, -30.866 ], [ -69.033, -30.833 ], [ -69.033, -30.799 ], [ -68.999, -30.799 ], [ -68.999, -30.766 ], [ -68.999, -30.733 ], [ -68.999, -30.699 ], [ -68.966, -30.699 ], [ -68.966, -30.666 ], [ -68.933, -30.666 ], [ -68.933, -30.633 ], [ -68.899, -30.633 ], [ -68.866, -30.633 ], [ -68.866, -30.599 ], [ -68.833, -30.599 ], [ -68.833, -30.633 ], [ -68.799, -30.633 ], [ -68.799, -30.666 ], [ -68.833, -30.666 ], [ -68.833, -30.699 ], [ -68.799, -30.699 ], [ -68.766, -30.699 ], [ -68.766, -30.733 ], [ -68.766, -30.766 ], [ -68.766, -30.799 ], [ -68.799, -30.799 ] ] ], [ [ [ -68.866, -30.599 ], [ -68.899, -30.599 ], [ -68.899, -30.566 ], [ -68.899, -30.533 ], [ -68.866, -30.533 ], [ -68.866, -30.499 ], [ -68.833, -30.499 ], [ -68.833, -30.533 ], [ -68.833, -30.566 ], [ -68.866, -30.566 ], [ -68.866, -30.599 ] ] ], [ [ [ -68.866, -30.499 ], [ -68.899, -30.499 ], [ -68.899, -30.466 ], [ -68.899, -30.433 ], [ -68.866, -30.433 ], [ -68.866, -30.466 ], [ -68.866, -30.499 ] ] ], [ [ [ -68.866, -30.433 ], [ -68.866, -30.399 ], [ -68.833, -30.399 ], [ -68.833, -30.433 ], [ -68.866, -30.433 ] ] ], [ [ [ -68.833, -30.366 ], [ -68.866, -30.366 ], [ -68.866, -30.333 ], [ -68.833, -30.333 ], [ -68.833, -30.366 ] ] ], [ [ [ -68.833, -30.299 ], [ -68.866, -30.299 ], [ -68.866, -30.266 ], [ -68.833, -30.266 ], [ -68.833, -30.299 ] ] ], [ [ [ -67.833, -30.266 ], [ -67.833, -30.299 ], [ -67.799, -30.299 ], [ -67.799, -30.333 ], [ -67.766, -30.333 ], [ -67.766, -30.366 ], [ -67.766, -30.399 ], [ -67.733, -30.399 ], [ -67.733, -30.433 ], [ -67.733, -30.466 ], [ -67.733, -30.499 ], [ -67.699, -30.499 ], [ -67.699, -30.533 ], [ -67.699, -30.566 ], [ -67.733, -30.566 ], [ -67.766, -30.566 ], [ -67.766, -30.533 ], [ -67.799, -30.533 ], [ -67.799, -30.499 ], [ -67.766, -30.499 ], [ -67.766, -30.466 ], [ -67.766, -30.433 ], [ -67.799, -30.433 ], [ -67.833, -30.433 ], [ -67.833, -30.399 ], [ -67.833, -30.366 ], [ -67.833, -30.333 ], [ -67.866, -30.333 ], [ -67.866, -30.299 ], [ -67.899, -30.299 ], [ -67.899, -30.266 ], [ -67.866, -30.266 ], [ -67.833, -30.266 ] ] ], [ [ [ -69.099, -30.333 ], [ -69.099, -30.299 ], [ -69.099, -30.266 ], [ -69.066, -30.266 ], [ -69.066, -30.233 ], [ -69.033, -30.233 ], [ -69.033, -30.266 ], [ -68.999, -30.266 ], [ -68.999, -30.233 ], [ -68.966, -30.233 ], [ -68.966, -30.266 ], [ -68.966, -30.299 ], [ -68.999, -30.299 ], [ -69.033, -30.299 ], [ -69.066, -30.299 ], [ -69.066, -30.333 ], [ -69.099, -30.333 ] ] ], [ [ [ -68.899, -30.266 ], [ -68.933, -30.266 ], [ -68.933, -30.233 ], [ -68.899, -30.233 ], [ -68.899, -30.266 ] ] ], [ [ [ -68.866, -30.133 ], [ -68.866, -30.166 ], [ -68.899, -30.166 ], [ -68.899, -30.133 ], [ -68.866, -30.133 ] ] ], [ [ [ -69.033, -30.099 ], [ -68.999, -30.099 ], [ -68.999, -30.133 ], [ -68.966, -30.133 ], [ -68.966, -30.166 ], [ -68.933, -30.166 ], [ -68.933, -30.199 ], [ -68.966, -30.199 ], [ -68.999, -30.199 ], [ -68.999, -30.166 ], [ -69.033, -30.166 ], [ -69.033, -30.133 ], [ -69.033, -30.099 ] ] ], [ [ [ -68.866, -30.133 ], [ -68.866, -30.099 ], [ -68.866, -30.066 ], [ -68.833, -30.066 ], [ -68.833, -30.099 ], [ -68.833, -30.133 ], [ -68.866, -30.133 ] ] ], [ [ [ -68.833, -30.066 ], [ -68.833, -30.033 ], [ -68.799, -30.033 ], [ -68.799, -30.066 ], [ -68.833, -30.066 ] ] ], [ [ [ -68.799, -30.033 ], [ -68.799, -29.999 ], [ -68.833, -29.999 ], [ -68.833, -29.966 ], [ -68.799, -29.966 ], [ -68.766, -29.966 ], [ -68.766, -29.999 ], [ -68.766, -30.033 ], [ -68.799, -30.033 ] ] ], [ [ [ -69.099, -30.333 ], [ -69.099, -30.366 ], [ -69.099, -30.399 ], [ -69.133, -30.399 ], [ -69.133, -30.433 ], [ -69.133, -30.466 ], [ -69.166, -30.466 ], [ -69.199, -30.466 ], [ -69.233, -30.466 ], [ -69.233, -30.499 ], [ -69.266, -30.499 ], [ -69.266, -30.533 ], [ -69.299, -30.533 ], [ -69.299, -30.499 ], [ -69.333, -30.499 ], [ -69.333, -30.466 ], [ -69.366, -30.466 ], [ -69.366, -30.433 ], [ -69.366, -30.399 ], [ -69.366, -30.366 ], [ -69.366, -30.333 ], [ -69.366, -30.299 ], [ -69.366, -30.266 ], [ -69.366, -30.233 ], [ -69.366, -30.199 ], [ -69.366, -30.166 ], [ -69.366, -30.133 ], [ -69.366, -30.099 ], [ -69.366, -30.066 ], [ -69.366, -30.033 ], [ -69.366, -29.999 ], [ -69.333, -29.999 ], [ -69.333, -29.966 ], [ -69.299, -29.966 ], [ -69.299, -29.933 ], [ -69.266, -29.933 ], [ -69.233, -29.933 ], [ -69.233, -29.966 ], [ -69.266, -29.966 ], [ -69.266, -29.999 ], [ -69.299, -29.999 ], [ -69.299, -30.033 ], [ -69.299, -30.066 ], [ -69.299, -30.099 ], [ -69.299, -30.133 ], [ -69.299, -30.166 ], [ -69.299, -30.199 ], [ -69.299, -30.233 ], [ -69.299, -30.266 ], [ -69.266, -30.266 ], [ -69.266, -30.299 ], [ -69.266, -30.333 ], [ -69.266, -30.366 ], [ -69.266, -30.399 ], [ -69.233, -30.399 ], [ -69.199, -30.399 ], [ -69.166, -30.399 ], [ -69.166, -30.366 ], [ -69.133, -30.366 ], [ -69.133, -30.333 ], [ -69.099, -30.333 ] ] ], [ [ [ -67.599, -29.933 ], [ -67.566, -29.933 ], [ -67.533, -29.933 ], [ -67.499, -29.933 ], [ -67.466, -29.933 ], [ -67.433, -29.933 ], [ -67.433, -29.966 ], [ -67.433, -29.999 ], [ -67.466, -29.999 ], [ -67.466, -29.966 ], [ -67.499, -29.966 ], [ -67.533, -29.966 ], [ -67.566, -29.966 ], [ -67.566, -29.999 ], [ -67.599, -29.999 ], [ -67.599, -29.966 ], [ -67.599, -29.933 ] ] ], [ [ [ -69.233, -29.933 ], [ -69.233, -29.899 ], [ -69.199, -29.899 ], [ -69.199, -29.933 ], [ -69.233, -29.933 ] ] ], [ [ [ -67.599, -29.933 ], [ -67.633, -29.933 ], [ -67.633, -29.899 ], [ -67.599, -29.899 ], [ -67.599, -29.933 ] ] ], [ [ [ -69.033, -30.099 ], [ -69.066, -30.099 ], [ -69.066, -30.066 ], [ -69.099, -30.066 ], [ -69.099, -30.033 ], [ -69.099, -29.999 ], [ -69.133, -29.999 ], [ -69.133, -29.966 ], [ -69.133, -29.933 ], [ -69.133, -29.899 ], [ -69.133, -29.866 ], [ -69.099, -29.866 ], [ -69.099, -29.899 ], [ -69.099, -29.933 ], [ -69.099, -29.966 ], [ -69.066, -29.966 ], [ -69.066, -29.999 ], [ -69.033, -29.999 ], [ -69.033, -30.033 ], [ -69.033, -30.066 ], [ -69.033, -30.099 ] ] ], [ [ [ -68.766, -29.966 ], [ -68.766, -29.933 ], [ -68.766, -29.899 ], [ -68.766, -29.866 ], [ -68.733, -29.866 ], [ -68.699, -29.866 ], [ -68.666, -29.866 ], [ -68.633, -29.866 ], [ -68.633, -29.899 ], [ -68.599, -29.899 ], [ -68.599, -29.866 ], [ -68.566, -29.866 ], [ -68.566, -29.899 ], [ -68.533, -29.899 ], [ -68.533, -29.933 ], [ -68.566, -29.933 ], [ -68.566, -29.966 ], [ -68.566, -29.999 ], [ -68.599, -29.999 ], [ -68.599, -29.966 ], [ -68.599, -29.933 ], [ -68.633, -29.933 ], [ -68.666, -29.933 ], [ -68.666, -29.899 ], [ -68.699, -29.899 ], [ -68.733, -29.899 ], [ -68.733, -29.933 ], [ -68.733, -29.966 ], [ -68.766, -29.966 ] ] ], [ [ [ -68.533, -29.833 ], [ -68.566, -29.833 ], [ -68.566, -29.799 ], [ -68.533, -29.799 ], [ -68.533, -29.833 ] ] ], [ [ [ -69.133, -29.866 ], [ -69.166, -29.866 ], [ -69.166, -29.899 ], [ -69.199, -29.899 ], [ -69.199, -29.866 ], [ -69.199, -29.833 ], [ -69.166, -29.833 ], [ -69.166, -29.799 ], [ -69.166, -29.766 ], [ -69.133, -29.766 ], [ -69.133, -29.799 ], [ -69.133, -29.833 ], [ -69.133, -29.866 ] ] ], [ [ [ -67.433, -29.833 ], [ -67.466, -29.833 ], [ -67.466, -29.799 ], [ -67.466, -29.766 ], [ -67.466, -29.733 ], [ -67.433, -29.733 ], [ -67.433, -29.766 ], [ -67.433, -29.799 ], [ -67.433, -29.833 ] ] ], [ [ [ -69.166, -29.733 ], [ -69.199, -29.733 ], [ -69.199, -29.699 ], [ -69.166, -29.699 ], [ -69.133, -29.699 ], [ -69.133, -29.733 ], [ -69.166, -29.733 ] ] ], [ [ [ -68.633, -29.799 ], [ -68.666, -29.799 ], [ -68.666, -29.766 ], [ -68.666, -29.733 ], [ -68.633, -29.733 ], [ -68.633, -29.699 ], [ -68.599, -29.699 ], [ -68.599, -29.733 ], [ -68.599, -29.766 ], [ -68.599, -29.799 ], [ -68.633, -29.799 ] ] ], [ [ [ -67.066, -29.699 ], [ -67.033, -29.699 ], [ -67.033, -29.733 ], [ -67.066, -29.733 ], [ -67.066, -29.699 ] ] ], [ [ [ -68.699, -29.666 ], [ -68.666, -29.666 ], [ -68.666, -29.699 ], [ -68.699, -29.699 ], [ -68.699, -29.666 ] ] ], [ [ [ -67.833, -29.733 ], [ -67.866, -29.733 ], [ -67.866, -29.699 ], [ -67.866, -29.666 ], [ -67.833, -29.666 ], [ -67.833, -29.699 ], [ -67.833, -29.733 ] ] ], [ [ [ -67.499, -29.699 ], [ -67.533, -29.699 ], [ -67.533, -29.666 ], [ -67.499, -29.666 ], [ -67.499, -29.699 ] ] ], [ [ [ -69.166, -29.666 ], [ -69.199, -29.666 ], [ -69.199, -29.633 ], [ -69.166, -29.633 ], [ -69.166, -29.666 ] ] ], [ [ [ -67.733, -29.633 ], [ -67.699, -29.633 ], [ -67.699, -29.666 ], [ -67.666, -29.666 ], [ -67.666, -29.699 ], [ -67.633, -29.699 ], [ -67.633, -29.733 ], [ -67.633, -29.766 ], [ -67.599, -29.766 ], [ -67.599, -29.799 ], [ -67.599, -29.833 ], [ -67.633, -29.833 ], [ -67.633, -29.799 ], [ -67.666, -29.799 ], [ -67.666, -29.766 ], [ -67.699, -29.766 ], [ -67.699, -29.733 ], [ -67.699, -29.699 ], [ -67.733, -29.699 ], [ -67.733, -29.666 ], [ -67.733, -29.633 ] ] ], [ [ [ -67.066, -29.699 ], [ -67.099, -29.699 ], [ -67.099, -29.666 ], [ -67.099, -29.633 ], [ -67.066, -29.633 ], [ -67.066, -29.666 ], [ -67.066, -29.699 ] ] ], [ [ [ -67.533, -29.633 ], [ -67.566, -29.633 ], [ -67.566, -29.599 ], [ -67.533, -29.599 ], [ -67.533, -29.633 ] ] ], [ [ [ -68.766, -29.599 ], [ -68.799, -29.599 ], [ -68.799, -29.566 ], [ -68.766, -29.566 ], [ -68.766, -29.599 ] ] ], [ [ [ -68.699, -29.666 ], [ -68.733, -29.666 ], [ -68.733, -29.633 ], [ -68.733, -29.599 ], [ -68.733, -29.566 ], [ -68.733, -29.533 ], [ -68.699, -29.533 ], [ -68.699, -29.566 ], [ -68.699, -29.599 ], [ -68.699, -29.633 ], [ -68.699, -29.666 ] ] ], [ [ [ -67.733, -29.633 ], [ -67.766, -29.633 ], [ -67.766, -29.599 ], [ -67.766, -29.566 ], [ -67.766, -29.533 ], [ -67.733, -29.533 ], [ -67.733, -29.566 ], [ -67.733, -29.599 ], [ -67.733, -29.633 ] ] ], [ [ [ -68.733, -29.533 ], [ -68.766, -29.533 ], [ -68.766, -29.499 ], [ -68.733, -29.499 ], [ -68.733, -29.533 ] ] ], [ [ [ -68.733, -29.499 ], [ -68.733, -29.466 ], [ -68.699, -29.466 ], [ -68.699, -29.499 ], [ -68.733, -29.499 ] ] ], [ [ [ -67.733, -29.499 ], [ -67.766, -29.499 ], [ -67.766, -29.466 ], [ -67.733, -29.466 ], [ -67.733, -29.499 ] ] ], [ [ [ -67.599, -29.499 ], [ -67.633, -29.499 ], [ -67.633, -29.466 ], [ -67.599, -29.466 ], [ -67.599, -29.499 ] ] ], [ [ [ -67.033, -29.499 ], [ -67.033, -29.533 ], [ -66.999, -29.533 ], [ -66.999, -29.566 ], [ -66.999, -29.599 ], [ -67.033, -29.599 ], [ -67.066, -29.599 ], [ -67.066, -29.566 ], [ -67.066, -29.533 ], [ -67.099, -29.533 ], [ -67.099, -29.499 ], [ -67.066, -29.499 ], [ -67.066, -29.466 ], [ -67.033, -29.466 ], [ -67.033, -29.499 ] ] ], [ [ [ -67.066, -29.399 ], [ -67.033, -29.399 ], [ -67.033, -29.433 ], [ -67.066, -29.433 ], [ -67.066, -29.399 ] ] ], [ [ [ -68.399, -29.366 ], [ -68.399, -29.399 ], [ -68.433, -29.399 ], [ -68.433, -29.366 ], [ -68.399, -29.366 ] ] ], [ [ [ -67.066, -29.399 ], [ -67.099, -29.399 ], [ -67.099, -29.366 ], [ -67.066, -29.366 ], [ -67.066, -29.399 ] ] ], [ [ [ -67.766, -29.366 ], [ -67.766, -29.399 ], [ -67.766, -29.433 ], [ -67.799, -29.433 ], [ -67.799, -29.399 ], [ -67.833, -29.399 ], [ -67.866, -29.399 ], [ -67.899, -29.399 ], [ -67.899, -29.366 ], [ -67.899, -29.333 ], [ -67.866, -29.333 ], [ -67.866, -29.366 ], [ -67.833, -29.366 ], [ -67.799, -29.366 ], [ -67.766, -29.366 ] ] ], [ [ [ -67.766, -29.366 ], [ -67.766, -29.333 ], [ -67.733, -29.333 ], [ -67.699, -29.333 ], [ -67.699, -29.366 ], [ -67.733, -29.366 ], [ -67.766, -29.366 ] ] ], [ [ [ -67.166, -29.333 ], [ -67.166, -29.366 ], [ -67.133, -29.366 ], [ -67.133, -29.399 ], [ -67.133, -29.433 ], [ -67.133, -29.466 ], [ -67.133, -29.499 ], [ -67.166, -29.499 ], [ -67.166, -29.466 ], [ -67.166, -29.433 ], [ -67.166, -29.399 ], [ -67.199, -29.399 ], [ -67.199, -29.366 ], [ -67.199, -29.333 ], [ -67.166, -29.333 ] ] ], [ [ [ -67.066, -29.366 ], [ -67.066, -29.333 ], [ -67.033, -29.333 ], [ -67.033, -29.366 ], [ -67.066, -29.366 ] ] ], [ [ [ -68.466, -29.366 ], [ -68.499, -29.366 ], [ -68.499, -29.333 ], [ -68.499, -29.299 ], [ -68.466, -29.299 ], [ -68.466, -29.333 ], [ -68.466, -29.366 ] ] ], [ [ [ -67.699, -29.333 ], [ -67.699, -29.299 ], [ -67.666, -29.299 ], [ -67.666, -29.333 ], [ -67.699, -29.333 ] ] ], [ [ [ -68.399, -29.366 ], [ -68.399, -29.333 ], [ -68.399, -29.299 ], [ -68.399, -29.266 ], [ -68.366, -29.266 ], [ -68.366, -29.299 ], [ -68.366, -29.333 ], [ -68.366, -29.366 ], [ -68.399, -29.366 ] ] ], [ [ [ -67.066, -29.333 ], [ -67.099, -29.333 ], [ -67.099, -29.299 ], [ -67.099, -29.266 ], [ -67.066, -29.266 ], [ -67.066, -29.299 ], [ -67.066, -29.333 ] ] ], [ [ [ -66.933, -29.366 ], [ -66.966, -29.366 ], [ -66.966, -29.333 ], [ -66.966, -29.299 ], [ -66.966, -29.266 ], [ -66.933, -29.266 ], [ -66.899, -29.266 ], [ -66.899, -29.299 ], [ -66.933, -29.299 ], [ -66.933, -29.333 ], [ -66.933, -29.366 ] ] ], [ [ [ -68.633, -29.233 ], [ -68.599, -29.233 ], [ -68.599, -29.266 ], [ -68.633, -29.266 ], [ -68.633, -29.233 ] ] ], [ [ [ -68.399, -29.266 ], [ -68.433, -29.266 ], [ -68.433, -29.233 ], [ -68.399, -29.233 ], [ -68.399, -29.266 ] ] ], [ [ [ -67.899, -29.333 ], [ -67.933, -29.333 ], [ -67.933, -29.299 ], [ -67.966, -29.299 ], [ -67.966, -29.266 ], [ -67.966, -29.233 ], [ -67.933, -29.233 ], [ -67.933, -29.266 ], [ -67.899, -29.266 ], [ -67.899, -29.299 ], [ -67.899, -29.333 ] ] ], [ [ [ -68.633, -29.233 ], [ -68.666, -29.233 ], [ -68.666, -29.199 ], [ -68.633, -29.199 ], [ -68.633, -29.233 ] ] ], [ [ [ -68.599, -29.233 ], [ -68.599, -29.199 ], [ -68.566, -29.199 ], [ -68.566, -29.233 ], [ -68.599, -29.233 ] ] ], [ [ [ -68.433, -29.233 ], [ -68.466, -29.233 ], [ -68.499, -29.233 ], [ -68.499, -29.199 ], [ -68.466, -29.199 ], [ -68.433, -29.199 ], [ -68.433, -29.233 ] ] ], [ [ [ -67.666, -29.266 ], [ -67.699, -29.266 ], [ -67.699, -29.233 ], [ -67.699, -29.199 ], [ -67.666, -29.199 ], [ -67.666, -29.233 ], [ -67.666, -29.266 ] ] ], [ [ [ -67.233, -29.233 ], [ -67.266, -29.233 ], [ -67.266, -29.199 ], [ -67.233, -29.199 ], [ -67.233, -29.233 ] ] ], [ [ [ -67.133, -29.233 ], [ -67.166, -29.233 ], [ -67.166, -29.199 ], [ -67.133, -29.199 ], [ -67.133, -29.233 ] ] ], [ [ [ -68.666, -29.199 ], [ -68.699, -29.199 ], [ -68.733, -29.199 ], [ -68.733, -29.233 ], [ -68.766, -29.233 ], [ -68.766, -29.266 ], [ -68.766, -29.299 ], [ -68.766, -29.333 ], [ -68.799, -29.333 ], [ -68.799, -29.366 ], [ -68.799, -29.399 ], [ -68.766, -29.399 ], [ -68.733, -29.399 ], [ -68.733, -29.433 ], [ -68.766, -29.433 ], [ -68.799, -29.433 ], [ -68.799, -29.466 ], [ -68.833, -29.466 ], [ -68.833, -29.433 ], [ -68.833, -29.399 ], [ -68.833, -29.366 ], [ -68.833, -29.333 ], [ -68.833, -29.299 ], [ -68.833, -29.266 ], [ -68.799, -29.266 ], [ -68.799, -29.233 ], [ -68.799, -29.199 ], [ -68.766, -29.199 ], [ -68.766, -29.166 ], [ -68.766, -29.133 ], [ -68.733, -29.133 ], [ -68.733, -29.166 ], [ -68.699, -29.166 ], [ -68.666, -29.166 ], [ -68.666, -29.199 ] ] ], [ [ [ -68.533, -29.166 ], [ -68.566, -29.166 ], [ -68.566, -29.133 ], [ -68.533, -29.133 ], [ -68.533, -29.166 ] ] ], [ [ [ -67.966, -29.233 ], [ -67.999, -29.233 ], [ -68.033, -29.233 ], [ -68.033, -29.199 ], [ -68.033, -29.166 ], [ -68.033, -29.133 ], [ -67.999, -29.133 ], [ -67.999, -29.166 ], [ -67.999, -29.199 ], [ -67.966, -29.199 ], [ -67.966, -29.233 ] ] ], [ [ [ -66.899, -29.233 ], [ -66.933, -29.233 ], [ -66.933, -29.199 ], [ -66.933, -29.166 ], [ -66.933, -29.133 ], [ -66.899, -29.133 ], [ -66.899, -29.166 ], [ -66.899, -29.199 ], [ -66.899, -29.233 ] ] ], [ [ [ -68.466, -29.133 ], [ -68.499, -29.133 ], [ -68.499, -29.099 ], [ -68.466, -29.099 ], [ -68.466, -29.133 ] ] ], [ [ [ -67.266, -29.133 ], [ -67.299, -29.133 ], [ -67.299, -29.099 ], [ -67.266, -29.099 ], [ -67.266, -29.133 ] ] ], [ [ [ -67.099, -29.099 ], [ -67.099, -29.133 ], [ -67.133, -29.133 ], [ -67.133, -29.099 ], [ -67.099, -29.099 ] ] ], [ [ [ -67.566, -29.066 ], [ -67.566, -29.099 ], [ -67.599, -29.099 ], [ -67.599, -29.133 ], [ -67.599, -29.166 ], [ -67.633, -29.166 ], [ -67.666, -29.166 ], [ -67.666, -29.133 ], [ -67.633, -29.133 ], [ -67.633, -29.099 ], [ -67.633, -29.066 ], [ -67.599, -29.066 ], [ -67.566, -29.066 ] ] ], [ [ [ -67.099, -29.099 ], [ -67.099, -29.066 ], [ -67.066, -29.066 ], [ -67.066, -29.099 ], [ -67.099, -29.099 ] ] ], [ [ [ -66.799, -29.099 ], [ -66.799, -29.066 ], [ -66.766, -29.066 ], [ -66.766, -29.099 ], [ -66.799, -29.099 ] ] ], [ [ [ -68.399, -29.033 ], [ -68.399, -29.066 ], [ -68.433, -29.066 ], [ -68.433, -29.033 ], [ -68.399, -29.033 ] ] ], [ [ [ -67.566, -29.066 ], [ -67.566, -29.033 ], [ -67.533, -29.033 ], [ -67.533, -29.066 ], [ -67.566, -29.066 ] ] ], [ [ [ -68.033, -29.099 ], [ -68.066, -29.099 ], [ -68.066, -29.066 ], [ -68.066, -29.033 ], [ -68.066, -28.999 ], [ -68.066, -28.966 ], [ -68.066, -28.933 ], [ -68.033, -28.933 ], [ -68.033, -28.966 ], [ -68.033, -28.999 ], [ -68.033, -29.033 ], [ -68.033, -29.066 ], [ -68.033, -29.099 ] ] ], [ [ [ -66.999, -29.033 ], [ -67.033, -29.033 ], [ -67.033, -28.999 ], [ -67.033, -28.966 ], [ -67.033, -28.933 ], [ -66.999, -28.933 ], [ -66.999, -28.966 ], [ -66.999, -28.999 ], [ -66.999, -29.033 ] ] ], [ [ [ -66.799, -29.099 ], [ -66.799, -29.133 ], [ -66.833, -29.133 ], [ -66.833, -29.166 ], [ -66.866, -29.166 ], [ -66.866, -29.133 ], [ -66.866, -29.099 ], [ -66.866, -29.066 ], [ -66.866, -29.033 ], [ -66.866, -28.999 ], [ -66.866, -28.966 ], [ -66.833, -28.966 ], [ -66.799, -28.966 ], [ -66.799, -28.933 ], [ -66.766, -28.933 ], [ -66.766, -28.966 ], [ -66.733, -28.966 ], [ -66.733, -28.999 ], [ -66.766, -28.999 ], [ -66.766, -29.033 ], [ -66.799, -29.033 ], [ -66.799, -28.999 ], [ -66.833, -28.999 ], [ -66.833, -29.033 ], [ -66.833, -29.066 ], [ -66.833, -29.099 ], [ -66.799, -29.099 ] ] ], [ [ [ -66.999, -28.899 ], [ -67.033, -28.899 ], [ -67.033, -28.866 ], [ -66.999, -28.866 ], [ -66.999, -28.899 ] ] ], [ [ [ -67.533, -28.799 ], [ -67.533, -28.833 ], [ -67.499, -28.833 ], [ -67.499, -28.866 ], [ -67.533, -28.866 ], [ -67.566, -28.866 ], [ -67.566, -28.899 ], [ -67.566, -28.933 ], [ -67.566, -28.966 ], [ -67.566, -28.999 ], [ -67.599, -28.999 ], [ -67.599, -28.966 ], [ -67.599, -28.933 ], [ -67.599, -28.899 ], [ -67.599, -28.866 ], [ -67.599, -28.833 ], [ -67.599, -28.799 ], [ -67.566, -28.799 ], [ -67.533, -28.799 ] ] ], [ [ [ -67.266, -28.966 ], [ -67.299, -28.966 ], [ -67.299, -28.933 ], [ -67.299, -28.899 ], [ -67.299, -28.866 ], [ -67.299, -28.833 ], [ -67.299, -28.799 ], [ -67.266, -28.799 ], [ -67.266, -28.833 ], [ -67.266, -28.866 ], [ -67.266, -28.899 ], [ -67.266, -28.933 ], [ -67.266, -28.966 ] ] ], [ [ [ -67.999, -28.866 ], [ -68.033, -28.866 ], [ -68.033, -28.833 ], [ -68.033, -28.799 ], [ -68.033, -28.766 ], [ -67.999, -28.766 ], [ -67.999, -28.799 ], [ -67.999, -28.833 ], [ -67.999, -28.866 ] ] ], [ [ [ -66.966, -28.799 ], [ -66.999, -28.799 ], [ -66.999, -28.766 ], [ -66.966, -28.766 ], [ -66.966, -28.799 ] ] ], [ [ [ -66.266, -28.733 ], [ -66.266, -28.766 ], [ -66.299, -28.766 ], [ -66.299, -28.799 ], [ -66.333, -28.799 ], [ -66.333, -28.766 ], [ -66.333, -28.733 ], [ -66.299, -28.733 ], [ -66.266, -28.733 ] ] ], [ [ [ -67.266, -28.766 ], [ -67.299, -28.766 ], [ -67.299, -28.733 ], [ -67.299, -28.699 ], [ -67.266, -28.699 ], [ -67.266, -28.733 ], [ -67.266, -28.766 ] ] ], [ [ [ -66.266, -28.733 ], [ -66.266, -28.699 ], [ -66.233, -28.699 ], [ -66.233, -28.733 ], [ -66.266, -28.733 ] ] ], [ [ [ -67.533, -28.666 ], [ -67.566, -28.666 ], [ -67.566, -28.633 ], [ -67.533, -28.633 ], [ -67.533, -28.666 ] ] ], [ [ [ -67.233, -28.666 ], [ -67.266, -28.666 ], [ -67.266, -28.633 ], [ -67.233, -28.633 ], [ -67.199, -28.633 ], [ -67.199, -28.666 ], [ -67.233, -28.666 ] ] ], [ [ [ -67.133, -28.666 ], [ -67.166, -28.666 ], [ -67.166, -28.633 ], [ -67.133, -28.633 ], [ -67.133, -28.666 ] ] ], [ [ [ -66.266, -28.666 ], [ -66.299, -28.666 ], [ -66.299, -28.633 ], [ -66.266, -28.633 ], [ -66.266, -28.666 ] ] ], [ [ [ -67.099, -28.566 ], [ -67.099, -28.599 ], [ -67.133, -28.599 ], [ -67.133, -28.566 ], [ -67.099, -28.566 ] ] ], [ [ [ -67.099, -28.566 ], [ -67.099, -28.533 ], [ -67.066, -28.533 ], [ -67.066, -28.566 ], [ -67.099, -28.566 ] ] ], [ [ [ -66.033, -28.566 ], [ -66.066, -28.566 ], [ -66.066, -28.533 ], [ -66.033, -28.533 ], [ -66.033, -28.566 ] ] ], [ [ [ -65.966, -28.566 ], [ -65.999, -28.566 ], [ -65.999, -28.533 ], [ -65.966, -28.533 ], [ -65.966, -28.566 ] ] ], [ [ [ -67.699, -28.499 ], [ -67.666, -28.499 ], [ -67.666, -28.533 ], [ -67.666, -28.566 ], [ -67.666, -28.599 ], [ -67.633, -28.599 ], [ -67.633, -28.633 ], [ -67.599, -28.633 ], [ -67.599, -28.666 ], [ -67.599, -28.699 ], [ -67.599, -28.733 ], [ -67.633, -28.733 ], [ -67.633, -28.699 ], [ -67.666, -28.699 ], [ -67.699, -28.699 ], [ -67.699, -28.666 ], [ -67.699, -28.633 ], [ -67.699, -28.599 ], [ -67.699, -28.566 ], [ -67.699, -28.533 ], [ -67.699, -28.499 ] ] ], [ [ [ -67.033, -28.499 ], [ -67.066, -28.499 ], [ -67.066, -28.466 ], [ -67.033, -28.466 ], [ -67.033, -28.499 ] ] ], [ [ [ -66.166, -28.466 ], [ -66.166, -28.499 ], [ -66.199, -28.499 ], [ -66.199, -28.466 ], [ -66.166, -28.466 ] ] ], [ [ [ -65.933, -28.466 ], [ -65.933, -28.499 ], [ -65.966, -28.499 ], [ -65.966, -28.466 ], [ -65.933, -28.466 ] ] ], [ [ [ -68.399, -29.033 ], [ -68.399, -28.999 ], [ -68.399, -28.966 ], [ -68.399, -28.933 ], [ -68.433, -28.933 ], [ -68.433, -28.899 ], [ -68.433, -28.866 ], [ -68.433, -28.833 ], [ -68.433, -28.799 ], [ -68.466, -28.799 ], [ -68.499, -28.799 ], [ -68.533, -28.799 ], [ -68.566, -28.799 ], [ -68.566, -28.766 ], [ -68.566, -28.733 ], [ -68.599, -28.733 ], [ -68.599, -28.699 ], [ -68.566, -28.699 ], [ -68.566, -28.666 ], [ -68.533, -28.666 ], [ -68.533, -28.633 ], [ -68.533, -28.599 ], [ -68.533, -28.566 ], [ -68.499, -28.566 ], [ -68.499, -28.533 ], [ -68.466, -28.533 ], [ -68.466, -28.499 ], [ -68.433, -28.499 ], [ -68.433, -28.466 ], [ -68.399, -28.466 ], [ -68.366, -28.466 ], [ -68.366, -28.433 ], [ -68.333, -28.433 ], [ -68.299, -28.433 ], [ -68.299, -28.466 ], [ -68.299, -28.499 ], [ -68.266, -28.499 ], [ -68.266, -28.533 ], [ -68.266, -28.566 ], [ -68.233, -28.566 ], [ -68.199, -28.566 ], [ -68.166, -28.566 ], [ -68.166, -28.533 ], [ -68.133, -28.533 ], [ -68.133, -28.499 ], [ -68.099, -28.499 ], [ -68.099, -28.466 ], [ -68.066, -28.466 ], [ -68.066, -28.433 ], [ -68.033, -28.433 ], [ -68.033, -28.399 ], [ -67.999, -28.399 ], [ -67.999, -28.433 ], [ -67.999, -28.466 ], [ -67.999, -28.499 ], [ -67.966, -28.499 ], [ -67.966, -28.533 ], [ -67.966, -28.566 ], [ -67.966, -28.599 ], [ -67.966, -28.633 ], [ -67.999, -28.633 ], [ -67.999, -28.599 ], [ -68.033, -28.599 ], [ -68.033, -28.566 ], [ -68.033, -28.533 ], [ -68.066, -28.533 ], [ -68.066, -28.566 ], [ -68.099, -28.566 ], [ -68.099, -28.599 ], [ -68.133, -28.599 ], [ -68.133, -28.633 ], [ -68.166, -28.633 ], [ -68.166, -28.666 ], [ -68.166, -28.699 ], [ -68.199, -28.699 ], [ -68.233, -28.699 ], [ -68.233, -28.666 ], [ -68.233, -28.633 ], [ -68.266, -28.633 ], [ -68.299, -28.633 ], [ -68.299, -28.599 ], [ -68.333, -28.599 ], [ -68.333, -28.566 ], [ -68.366, -28.566 ], [ -68.366, -28.599 ], [ -68.399, -28.599 ], [ -68.433, -28.599 ], [ -68.466, -28.599 ], [ -68.466, -28.633 ], [ -68.466, -28.666 ], [ -68.466, -28.699 ], [ -68.466, -28.733 ], [ -68.466, -28.766 ], [ -68.433, -28.766 ], [ -68.399, -28.766 ], [ -68.366, -28.766 ], [ -68.366, -28.733 ], [ -68.366, -28.699 ], [ -68.333, -28.699 ], [ -68.333, -28.733 ], [ -68.333, -28.766 ], [ -68.299, -28.766 ], [ -68.299, -28.733 ], [ -68.266, -28.733 ], [ -68.266, -28.766 ], [ -68.266, -28.799 ], [ -68.299, -28.799 ], [ -68.299, -28.833 ], [ -68.333, -28.833 ], [ -68.333, -28.866 ], [ -68.366, -28.866 ], [ -68.366, -28.833 ], [ -68.399, -28.833 ], [ -68.399, -28.866 ], [ -68.399, -28.899 ], [ -68.366, -28.899 ], [ -68.366, -28.933 ], [ -68.366, -28.966 ], [ -68.366, -28.999 ], [ -68.366, -29.033 ], [ -68.399, -29.033 ] ] ], [ [ [ -66.999, -28.433 ], [ -67.033, -28.433 ], [ -67.033, -28.399 ], [ -66.999, -28.399 ], [ -66.999, -28.433 ] ] ], [ [ [ -66.166, -28.466 ], [ -66.166, -28.433 ], [ -66.166, -28.399 ], [ -66.133, -28.399 ], [ -66.133, -28.433 ], [ -66.133, -28.466 ], [ -66.166, -28.466 ] ] ], [ [ [ -65.933, -28.466 ], [ -65.933, -28.433 ], [ -65.933, -28.399 ], [ -65.899, -28.399 ], [ -65.899, -28.433 ], [ -65.899, -28.466 ], [ -65.933, -28.466 ] ] ], [ [ [ -65.533, -28.333 ], [ -65.533, -28.366 ], [ -65.499, -28.366 ], [ -65.499, -28.399 ], [ -65.533, -28.399 ], [ -65.533, -28.433 ], [ -65.533, -28.466 ], [ -65.566, -28.466 ], [ -65.566, -28.433 ], [ -65.566, -28.399 ], [ -65.566, -28.366 ], [ -65.566, -28.333 ], [ -65.566, -28.299 ], [ -65.533, -28.299 ], [ -65.533, -28.333 ] ] ], [ [ [ -66.099, -28.333 ], [ -66.133, -28.333 ], [ -66.133, -28.299 ], [ -66.133, -28.266 ], [ -66.133, -28.233 ], [ -66.133, -28.199 ], [ -66.099, -28.199 ], [ -66.099, -28.233 ], [ -66.099, -28.266 ], [ -66.099, -28.299 ], [ -66.099, -28.333 ] ] ], [ [ [ -67.266, -28.166 ], [ -67.266, -28.199 ], [ -67.266, -28.233 ], [ -67.299, -28.233 ], [ -67.299, -28.199 ], [ -67.299, -28.166 ], [ -67.266, -28.166 ] ] ], [ [ [ -67.699, -28.499 ], [ -67.733, -28.499 ], [ -67.733, -28.466 ], [ -67.733, -28.433 ], [ -67.733, -28.399 ], [ -67.733, -28.366 ], [ -67.733, -28.333 ], [ -67.733, -28.299 ], [ -67.733, -28.266 ], [ -67.733, -28.233 ], [ -67.733, -28.199 ], [ -67.733, -28.166 ], [ -67.733, -28.133 ], [ -67.699, -28.133 ], [ -67.699, -28.166 ], [ -67.699, -28.199 ], [ -67.699, -28.233 ], [ -67.699, -28.266 ], [ -67.699, -28.299 ], [ -67.699, -28.333 ], [ -67.699, -28.366 ], [ -67.699, -28.399 ], [ -67.699, -28.433 ], [ -67.699, -28.466 ], [ -67.699, -28.499 ] ] ], [ [ [ -65.933, -28.099 ], [ -65.899, -28.099 ], [ -65.899, -28.133 ], [ -65.899, -28.166 ], [ -65.899, -28.199 ], [ -65.899, -28.233 ], [ -65.899, -28.266 ], [ -65.899, -28.299 ], [ -65.899, -28.333 ], [ -65.899, -28.366 ], [ -65.933, -28.366 ], [ -65.933, -28.333 ], [ -65.933, -28.299 ], [ -65.933, -28.266 ], [ -65.933, -28.233 ], [ -65.933, -28.199 ], [ -65.933, -28.166 ], [ -65.933, -28.133 ], [ -65.933, -28.099 ] ] ], [ [ [ -67.699, -28.099 ], [ -67.733, -28.099 ], [ -67.733, -28.066 ], [ -67.699, -28.066 ], [ -67.699, -28.099 ] ] ], [ [ [ -67.266, -28.166 ], [ -67.266, -28.133 ], [ -67.266, -28.099 ], [ -67.266, -28.066 ], [ -67.233, -28.066 ], [ -67.233, -28.099 ], [ -67.233, -28.133 ], [ -67.233, -28.166 ], [ -67.266, -28.166 ] ] ], [ [ [ -66.099, -28.066 ], [ -66.133, -28.066 ], [ -66.133, -28.033 ], [ -66.099, -28.033 ], [ -66.099, -28.066 ] ] ], [ [ [ -65.933, -28.099 ], [ -65.966, -28.099 ], [ -65.966, -28.066 ], [ -65.966, -28.033 ], [ -65.966, -27.999 ], [ -65.933, -27.999 ], [ -65.933, -28.033 ], [ -65.933, -28.066 ], [ -65.933, -28.099 ] ] ], [ [ [ -66.099, -27.999 ], [ -66.133, -27.999 ], [ -66.133, -27.966 ], [ -66.133, -27.933 ], [ -66.099, -27.933 ], [ -66.099, -27.966 ], [ -66.099, -27.999 ] ] ], [ [ [ -65.966, -27.933 ], [ -65.933, -27.933 ], [ -65.933, -27.966 ], [ -65.966, -27.966 ], [ -65.966, -27.933 ] ] ], [ [ [ -65.966, -27.933 ], [ -65.999, -27.933 ], [ -65.999, -27.899 ], [ -65.966, -27.899 ], [ -65.966, -27.933 ] ] ], [ [ [ -67.499, -27.899 ], [ -67.533, -27.899 ], [ -67.533, -27.866 ], [ -67.499, -27.866 ], [ -67.466, -27.866 ], [ -67.433, -27.866 ], [ -67.433, -27.899 ], [ -67.466, -27.899 ], [ -67.499, -27.899 ] ] ], [ [ [ -67.266, -28.066 ], [ -67.299, -28.066 ], [ -67.299, -28.099 ], [ -67.333, -28.099 ], [ -67.333, -28.066 ], [ -67.333, -28.033 ], [ -67.333, -27.999 ], [ -67.333, -27.966 ], [ -67.333, -27.933 ], [ -67.366, -27.933 ], [ -67.366, -27.899 ], [ -67.366, -27.866 ], [ -67.333, -27.866 ], [ -67.299, -27.866 ], [ -67.299, -27.899 ], [ -67.299, -27.933 ], [ -67.299, -27.966 ], [ -67.299, -27.999 ], [ -67.266, -27.999 ], [ -67.233, -27.999 ], [ -67.233, -28.033 ], [ -67.266, -28.033 ], [ -67.266, -28.066 ] ] ], [ [ [ -67.299, -27.866 ], [ -67.299, -27.833 ], [ -67.266, -27.833 ], [ -67.266, -27.866 ], [ -67.299, -27.866 ] ] ], [ [ [ -66.066, -27.899 ], [ -66.099, -27.899 ], [ -66.099, -27.866 ], [ -66.099, -27.833 ], [ -66.066, -27.833 ], [ -66.066, -27.866 ], [ -66.066, -27.899 ] ] ], [ [ [ -67.266, -27.833 ], [ -67.266, -27.799 ], [ -67.233, -27.799 ], [ -67.233, -27.833 ], [ -67.266, -27.833 ] ] ], [ [ [ -67.366, -27.766 ], [ -67.366, -27.799 ], [ -67.399, -27.799 ], [ -67.399, -27.833 ], [ -67.433, -27.833 ], [ -67.433, -27.799 ], [ -67.433, -27.766 ], [ -67.399, -27.766 ], [ -67.366, -27.766 ] ] ], [ [ [ -67.533, -27.799 ], [ -67.566, -27.799 ], [ -67.566, -27.766 ], [ -67.566, -27.733 ], [ -67.533, -27.733 ], [ -67.533, -27.766 ], [ -67.533, -27.799 ] ] ], [ [ [ -67.366, -27.766 ], [ -67.366, -27.733 ], [ -67.333, -27.733 ], [ -67.333, -27.766 ], [ -67.366, -27.766 ] ] ], [ [ [ -67.766, -27.699 ], [ -67.733, -27.699 ], [ -67.733, -27.733 ], [ -67.733, -27.766 ], [ -67.733, -27.799 ], [ -67.733, -27.833 ], [ -67.733, -27.866 ], [ -67.733, -27.899 ], [ -67.699, -27.899 ], [ -67.699, -27.933 ], [ -67.733, -27.933 ], [ -67.733, -27.966 ], [ -67.699, -27.966 ], [ -67.666, -27.966 ], [ -67.666, -27.999 ], [ -67.666, -28.033 ], [ -67.699, -28.033 ], [ -67.699, -27.999 ], [ -67.733, -27.999 ], [ -67.766, -27.999 ], [ -67.766, -28.033 ], [ -67.799, -28.033 ], [ -67.799, -27.999 ], [ -67.799, -27.966 ], [ -67.833, -27.966 ], [ -67.833, -27.933 ], [ -67.799, -27.933 ], [ -67.799, -27.899 ], [ -67.799, -27.866 ], [ -67.799, -27.833 ], [ -67.799, -27.799 ], [ -67.799, -27.766 ], [ -67.766, -27.766 ], [ -67.766, -27.733 ], [ -67.766, -27.699 ] ] ], [ [ [ -67.233, -27.733 ], [ -67.266, -27.733 ], [ -67.266, -27.699 ], [ -67.233, -27.699 ], [ -67.233, -27.733 ] ] ], [ [ [ -67.233, -27.633 ], [ -67.233, -27.666 ], [ -67.266, -27.666 ], [ -67.266, -27.633 ], [ -67.233, -27.633 ] ] ], [ [ [ -67.233, -27.633 ], [ -67.233, -27.599 ], [ -67.199, -27.599 ], [ -67.166, -27.599 ], [ -67.166, -27.633 ], [ -67.199, -27.633 ], [ -67.233, -27.633 ] ] ], [ [ [ -65.933, -27.633 ], [ -65.933, -27.666 ], [ -65.899, -27.666 ], [ -65.866, -27.666 ], [ -65.866, -27.699 ], [ -65.866, -27.733 ], [ -65.899, -27.733 ], [ -65.899, -27.699 ], [ -65.933, -27.699 ], [ -65.966, -27.699 ], [ -65.999, -27.699 ], [ -65.999, -27.733 ], [ -66.033, -27.733 ], [ -66.033, -27.699 ], [ -66.066, -27.699 ], [ -66.066, -27.733 ], [ -66.099, -27.733 ], [ -66.099, -27.699 ], [ -66.099, -27.666 ], [ -66.066, -27.666 ], [ -66.033, -27.666 ], [ -65.999, -27.666 ], [ -65.999, -27.633 ], [ -65.999, -27.599 ], [ -65.966, -27.599 ], [ -65.966, -27.633 ], [ -65.933, -27.633 ] ] ], [ [ [ -67.499, -27.666 ], [ -67.533, -27.666 ], [ -67.533, -27.633 ], [ -67.533, -27.599 ], [ -67.533, -27.566 ], [ -67.499, -27.566 ], [ -67.499, -27.599 ], [ -67.499, -27.633 ], [ -67.499, -27.666 ] ] ], [ [ [ -65.933, -27.633 ], [ -65.933, -27.599 ], [ -65.933, -27.566 ], [ -65.899, -27.566 ], [ -65.899, -27.599 ], [ -65.899, -27.633 ], [ -65.933, -27.633 ] ] ], [ [ [ -66.633, -27.566 ], [ -66.666, -27.566 ], [ -66.666, -27.533 ], [ -66.633, -27.533 ], [ -66.599, -27.533 ], [ -66.599, -27.566 ], [ -66.633, -27.566 ] ] ], [ [ [ -67.499, -27.499 ], [ -67.499, -27.533 ], [ -67.533, -27.533 ], [ -67.533, -27.499 ], [ -67.499, -27.499 ] ] ], [ [ [ -67.166, -27.599 ], [ -67.166, -27.566 ], [ -67.166, -27.533 ], [ -67.133, -27.533 ], [ -67.133, -27.499 ], [ -67.099, -27.499 ], [ -67.099, -27.533 ], [ -67.099, -27.566 ], [ -67.133, -27.566 ], [ -67.133, -27.599 ], [ -67.166, -27.599 ] ] ], [ [ [ -66.899, -27.499 ], [ -66.899, -27.533 ], [ -66.866, -27.533 ], [ -66.866, -27.566 ], [ -66.899, -27.566 ], [ -66.899, -27.599 ], [ -66.933, -27.599 ], [ -66.966, -27.599 ], [ -66.966, -27.566 ], [ -66.933, -27.566 ], [ -66.933, -27.533 ], [ -66.933, -27.499 ], [ -66.899, -27.499 ] ] ], [ [ [ -66.799, -27.533 ], [ -66.833, -27.533 ], [ -66.833, -27.499 ], [ -66.799, -27.499 ], [ -66.799, -27.533 ] ] ], [ [ [ -66.699, -27.499 ], [ -66.699, -27.533 ], [ -66.699, -27.566 ], [ -66.733, -27.566 ], [ -66.733, -27.533 ], [ -66.733, -27.499 ], [ -66.699, -27.499 ] ] ], [ [ [ -66.166, -27.533 ], [ -66.199, -27.533 ], [ -66.199, -27.499 ], [ -66.166, -27.499 ], [ -66.166, -27.533 ] ] ], [ [ [ -66.133, -27.633 ], [ -66.166, -27.633 ], [ -66.166, -27.599 ], [ -66.166, -27.566 ], [ -66.133, -27.566 ], [ -66.133, -27.533 ], [ -66.133, -27.499 ], [ -66.099, -27.499 ], [ -66.066, -27.499 ], [ -66.066, -27.533 ], [ -66.099, -27.533 ], [ -66.099, -27.566 ], [ -66.099, -27.599 ], [ -66.133, -27.599 ], [ -66.133, -27.633 ] ] ], [ [ [ -66.899, -27.499 ], [ -66.899, -27.466 ], [ -66.866, -27.466 ], [ -66.866, -27.499 ], [ -66.899, -27.499 ] ] ], [ [ [ -66.466, -27.499 ], [ -66.499, -27.499 ], [ -66.499, -27.466 ], [ -66.466, -27.466 ], [ -66.433, -27.466 ], [ -66.399, -27.466 ], [ -66.399, -27.499 ], [ -66.433, -27.499 ], [ -66.466, -27.499 ] ] ], [ [ [ -66.233, -27.499 ], [ -66.233, -27.533 ], [ -66.266, -27.533 ], [ -66.266, -27.499 ], [ -66.299, -27.499 ], [ -66.299, -27.466 ], [ -66.266, -27.466 ], [ -66.233, -27.466 ], [ -66.233, -27.499 ] ] ], [ [ [ -66.566, -27.433 ], [ -66.566, -27.466 ], [ -66.533, -27.466 ], [ -66.533, -27.499 ], [ -66.533, -27.533 ], [ -66.566, -27.533 ], [ -66.566, -27.499 ], [ -66.599, -27.499 ], [ -66.633, -27.499 ], [ -66.633, -27.466 ], [ -66.599, -27.466 ], [ -66.599, -27.433 ], [ -66.566, -27.433 ] ] ], [ [ [ -65.966, -27.566 ], [ -65.999, -27.566 ], [ -65.999, -27.533 ], [ -65.999, -27.499 ], [ -65.999, -27.466 ], [ -65.966, -27.466 ], [ -65.966, -27.433 ], [ -65.933, -27.433 ], [ -65.899, -27.433 ], [ -65.899, -27.466 ], [ -65.899, -27.499 ], [ -65.933, -27.499 ], [ -65.933, -27.533 ], [ -65.966, -27.533 ], [ -65.966, -27.566 ] ] ], [ [ [ -67.499, -27.499 ], [ -67.499, -27.466 ], [ -67.499, -27.433 ], [ -67.499, -27.399 ], [ -67.466, -27.399 ], [ -67.466, -27.433 ], [ -67.466, -27.466 ], [ -67.466, -27.499 ], [ -67.499, -27.499 ] ] ], [ [ [ -67.099, -27.499 ], [ -67.099, -27.466 ], [ -67.099, -27.433 ], [ -67.099, -27.399 ], [ -67.066, -27.399 ], [ -67.066, -27.433 ], [ -67.066, -27.466 ], [ -67.066, -27.499 ], [ -67.099, -27.499 ] ] ], [ [ [ -66.699, -27.499 ], [ -66.699, -27.466 ], [ -66.733, -27.466 ], [ -66.766, -27.466 ], [ -66.799, -27.466 ], [ -66.799, -27.433 ], [ -66.766, -27.433 ], [ -66.766, -27.399 ], [ -66.733, -27.399 ], [ -66.733, -27.433 ], [ -66.699, -27.433 ], [ -66.666, -27.433 ], [ -66.666, -27.466 ], [ -66.666, -27.499 ], [ -66.699, -27.499 ] ] ], [ [ [ -66.499, -27.433 ], [ -66.533, -27.433 ], [ -66.533, -27.399 ], [ -66.499, -27.399 ], [ -66.499, -27.433 ] ] ], [ [ [ -66.033, -27.399 ], [ -66.033, -27.433 ], [ -66.033, -27.466 ], [ -66.066, -27.466 ], [ -66.066, -27.433 ], [ -66.066, -27.399 ], [ -66.033, -27.399 ] ] ], [ [ [ -67.499, -27.399 ], [ -67.533, -27.399 ], [ -67.533, -27.366 ], [ -67.499, -27.366 ], [ -67.499, -27.399 ] ] ], [ [ [ -66.033, -27.399 ], [ -66.033, -27.366 ], [ -65.999, -27.366 ], [ -65.999, -27.399 ], [ -66.033, -27.399 ] ] ], [ [ [ -67.066, -27.399 ], [ -67.066, -27.366 ], [ -67.066, -27.333 ], [ -67.033, -27.333 ], [ -67.033, -27.366 ], [ -67.033, -27.399 ], [ -67.066, -27.399 ] ] ], [ [ [ -67.499, -27.366 ], [ -67.499, -27.333 ], [ -67.533, -27.333 ], [ -67.533, -27.299 ], [ -67.499, -27.299 ], [ -67.466, -27.299 ], [ -67.466, -27.333 ], [ -67.466, -27.366 ], [ -67.499, -27.366 ] ] ], [ [ [ -67.033, -27.333 ], [ -67.033, -27.299 ], [ -66.999, -27.299 ], [ -66.999, -27.333 ], [ -67.033, -27.333 ] ] ], [ [ [ -65.966, -27.266 ], [ -65.966, -27.299 ], [ -65.999, -27.299 ], [ -65.999, -27.266 ], [ -65.966, -27.266 ] ] ], [ [ [ -65.966, -27.266 ], [ -65.966, -27.233 ], [ -65.933, -27.233 ], [ -65.933, -27.266 ], [ -65.966, -27.266 ] ] ], [ [ [ -67.533, -27.299 ], [ -67.566, -27.299 ], [ -67.599, -27.299 ], [ -67.599, -27.266 ], [ -67.599, -27.233 ], [ -67.599, -27.199 ], [ -67.566, -27.199 ], [ -67.566, -27.233 ], [ -67.566, -27.266 ], [ -67.533, -27.266 ], [ -67.533, -27.299 ] ] ], [ [ [ -67.599, -27.199 ], [ -67.633, -27.199 ], [ -67.633, -27.166 ], [ -67.599, -27.166 ], [ -67.599, -27.199 ] ] ], [ [ [ -67.633, -27.166 ], [ -67.666, -27.166 ], [ -67.666, -27.199 ], [ -67.699, -27.199 ], [ -67.733, -27.199 ], [ -67.733, -27.233 ], [ -67.766, -27.233 ], [ -67.766, -27.266 ], [ -67.766, -27.299 ], [ -67.766, -27.333 ], [ -67.766, -27.366 ], [ -67.766, -27.399 ], [ -67.733, -27.399 ], [ -67.733, -27.433 ], [ -67.733, -27.466 ], [ -67.733, -27.499 ], [ -67.733, -27.533 ], [ -67.733, -27.566 ], [ -67.733, -27.599 ], [ -67.733, -27.633 ], [ -67.699, -27.633 ], [ -67.699, -27.666 ], [ -67.699, -27.699 ], [ -67.733, -27.699 ], [ -67.733, -27.666 ], [ -67.766, -27.666 ], [ -67.766, -27.699 ], [ -67.799, -27.699 ], [ -67.799, -27.666 ], [ -67.799, -27.633 ], [ -67.799, -27.599 ], [ -67.799, -27.566 ], [ -67.799, -27.533 ], [ -67.799, -27.499 ], [ -67.799, -27.466 ], [ -67.799, -27.433 ], [ -67.799, -27.399 ], [ -67.799, -27.366 ], [ -67.833, -27.366 ], [ -67.833, -27.333 ], [ -67.833, -27.299 ], [ -67.799, -27.299 ], [ -67.799, -27.266 ], [ -67.799, -27.233 ], [ -67.799, -27.199 ], [ -67.799, -27.166 ], [ -67.766, -27.166 ], [ -67.733, -27.166 ], [ -67.733, -27.133 ], [ -67.699, -27.133 ], [ -67.699, -27.099 ], [ -67.666, -27.099 ], [ -67.666, -27.133 ], [ -67.633, -27.133 ], [ -67.633, -27.166 ] ] ], [ [ [ -66.833, -27.133 ], [ -66.833, -27.166 ], [ -66.833, -27.199 ], [ -66.799, -27.199 ], [ -66.766, -27.199 ], [ -66.766, -27.166 ], [ -66.733, -27.166 ], [ -66.733, -27.133 ], [ -66.699, -27.133 ], [ -66.666, -27.133 ], [ -66.666, -27.166 ], [ -66.666, -27.199 ], [ -66.699, -27.199 ], [ -66.699, -27.233 ], [ -66.733, -27.233 ], [ -66.766, -27.233 ], [ -66.766, -27.266 ], [ -66.766, -27.299 ], [ -66.799, -27.299 ], [ -66.799, -27.333 ], [ -66.799, -27.366 ], [ -66.799, -27.399 ], [ -66.833, -27.399 ], [ -66.833, -27.366 ], [ -66.866, -27.366 ], [ -66.866, -27.333 ], [ -66.833, -27.333 ], [ -66.833, -27.299 ], [ -66.833, -27.266 ], [ -66.833, -27.233 ], [ -66.866, -27.233 ], [ -66.866, -27.199 ], [ -66.866, -27.166 ], [ -66.899, -27.166 ], [ -66.899, -27.199 ], [ -66.899, -27.233 ], [ -66.933, -27.233 ], [ -66.966, -27.233 ], [ -66.966, -27.266 ], [ -66.999, -27.266 ], [ -67.033, -27.266 ], [ -67.033, -27.233 ], [ -66.999, -27.233 ], [ -66.999, -27.199 ], [ -66.999, -27.166 ], [ -66.966, -27.166 ], [ -66.966, -27.133 ], [ -66.966, -27.099 ], [ -66.933, -27.099 ], [ -66.933, -27.133 ], [ -66.899, -27.133 ], [ -66.866, -27.133 ], [ -66.866, -27.099 ], [ -66.833, -27.099 ], [ -66.833, -27.133 ] ] ], [ [ [ -65.833, -27.099 ], [ -65.833, -27.133 ], [ -65.833, -27.166 ], [ -65.866, -27.166 ], [ -65.866, -27.133 ], [ -65.866, -27.099 ], [ -65.833, -27.099 ] ] ], [ [ [ -65.833, -27.099 ], [ -65.833, -27.066 ], [ -65.833, -27.033 ], [ -65.799, -27.033 ], [ -65.799, -27.066 ], [ -65.799, -27.099 ], [ -65.833, -27.099 ] ] ], [ [ [ -65.799, -27.033 ], [ -65.799, -26.999 ], [ -65.766, -26.999 ], [ -65.733, -26.999 ], [ -65.699, -26.999 ], [ -65.699, -27.033 ], [ -65.699, -27.066 ], [ -65.733, -27.066 ], [ -65.766, -27.066 ], [ -65.766, -27.033 ], [ -65.799, -27.033 ] ] ], [ [ [ -65.566, -26.866 ], [ -65.566, -26.899 ], [ -65.599, -26.899 ], [ -65.599, -26.866 ], [ -65.566, -26.866 ] ] ], [ [ [ -65.699, -26.899 ], [ -65.699, -26.933 ], [ -65.666, -26.933 ], [ -65.666, -26.899 ], [ -65.633, -26.899 ], [ -65.633, -26.933 ], [ -65.633, -26.966 ], [ -65.666, -26.966 ], [ -65.699, -26.966 ], [ -65.733, -26.966 ], [ -65.733, -26.933 ], [ -65.733, -26.899 ], [ -65.733, -26.866 ], [ -65.733, -26.833 ], [ -65.699, -26.833 ], [ -65.666, -26.833 ], [ -65.666, -26.866 ], [ -65.699, -26.866 ], [ -65.699, -26.899 ] ] ], [ [ [ -65.566, -26.866 ], [ -65.566, -26.833 ], [ -65.533, -26.833 ], [ -65.533, -26.866 ], [ -65.566, -26.866 ] ] ], [ [ [ -65.566, -26.799 ], [ -65.599, -26.799 ], [ -65.599, -26.766 ], [ -65.566, -26.766 ], [ -65.566, -26.799 ] ] ], [ [ [ -65.499, -26.633 ], [ -65.499, -26.666 ], [ -65.533, -26.666 ], [ -65.566, -26.666 ], [ -65.566, -26.699 ], [ -65.599, -26.699 ], [ -65.599, -26.666 ], [ -65.599, -26.633 ], [ -65.599, -26.599 ], [ -65.566, -26.599 ], [ -65.533, -26.599 ], [ -65.533, -26.633 ], [ -65.499, -26.633 ] ] ], [ [ [ -65.499, -26.633 ], [ -65.499, -26.599 ], [ -65.466, -26.599 ], [ -65.466, -26.633 ], [ -65.499, -26.633 ] ] ], [ [ [ -65.466, -26.599 ], [ -65.466, -26.566 ], [ -65.433, -26.566 ], [ -65.433, -26.599 ], [ -65.466, -26.599 ] ] ], [ [ [ -65.599, -26.599 ], [ -65.633, -26.599 ], [ -65.633, -26.566 ], [ -65.633, -26.533 ], [ -65.633, -26.499 ], [ -65.599, -26.499 ], [ -65.599, -26.533 ], [ -65.599, -26.566 ], [ -65.599, -26.599 ] ] ], [ [ [ -65.833, -26.433 ], [ -65.833, -26.466 ], [ -65.833, -26.499 ], [ -65.833, -26.533 ], [ -65.866, -26.533 ], [ -65.866, -26.566 ], [ -65.866, -26.599 ], [ -65.866, -26.633 ], [ -65.866, -26.666 ], [ -65.899, -26.666 ], [ -65.899, -26.699 ], [ -65.933, -26.699 ], [ -65.933, -26.733 ], [ -65.966, -26.733 ], [ -65.966, -26.766 ], [ -65.999, -26.766 ], [ -65.999, -26.799 ], [ -65.999, -26.833 ], [ -66.033, -26.833 ], [ -66.033, -26.866 ], [ -66.033, -26.899 ], [ -66.066, -26.899 ], [ -66.066, -26.933 ], [ -66.099, -26.933 ], [ -66.099, -26.966 ], [ -66.133, -26.966 ], [ -66.133, -26.999 ], [ -66.166, -26.999 ], [ -66.166, -26.966 ], [ -66.166, -26.933 ], [ -66.133, -26.933 ], [ -66.133, -26.899 ], [ -66.133, -26.866 ], [ -66.133, -26.833 ], [ -66.099, -26.833 ], [ -66.099, -26.799 ], [ -66.133, -26.799 ], [ -66.133, -26.766 ], [ -66.133, -26.733 ], [ -66.099, -26.733 ], [ -66.099, -26.699 ], [ -66.099, -26.666 ], [ -66.099, -26.633 ], [ -66.099, -26.599 ], [ -66.099, -26.566 ], [ -66.099, -26.533 ], [ -66.066, -26.533 ], [ -66.066, -26.566 ], [ -66.066, -26.599 ], [ -66.066, -26.633 ], [ -66.066, -26.666 ], [ -66.066, -26.699 ], [ -66.066, -26.733 ], [ -66.066, -26.766 ], [ -66.033, -26.766 ], [ -66.033, -26.733 ], [ -65.999, -26.733 ], [ -65.999, -26.699 ], [ -65.999, -26.666 ], [ -65.966, -26.666 ], [ -65.966, -26.633 ], [ -65.933, -26.633 ], [ -65.933, -26.599 ], [ -65.899, -26.599 ], [ -65.899, -26.566 ], [ -65.899, -26.533 ], [ -65.899, -26.499 ], [ -65.866, -26.499 ], [ -65.866, -26.466 ], [ -65.866, -26.433 ], [ -65.833, -26.433 ] ] ], [ [ [ -65.999, -26.333 ], [ -65.999, -26.366 ], [ -65.999, -26.399 ], [ -66.033, -26.399 ], [ -66.033, -26.366 ], [ -66.033, -26.333 ], [ -65.999, -26.333 ] ] ], [ [ [ -65.833, -26.433 ], [ -65.833, -26.399 ], [ -65.833, -26.366 ], [ -65.833, -26.333 ], [ -65.799, -26.333 ], [ -65.799, -26.366 ], [ -65.799, -26.399 ], [ -65.799, -26.433 ], [ -65.833, -26.433 ] ] ], [ [ [ -65.033, -26.333 ], [ -65.066, -26.333 ], [ -65.066, -26.299 ], [ -65.033, -26.299 ], [ -65.033, -26.333 ] ] ], [ [ [ -65.999, -26.333 ], [ -65.999, -26.299 ], [ -65.999, -26.266 ], [ -65.966, -26.266 ], [ -65.966, -26.299 ], [ -65.966, -26.333 ], [ -65.999, -26.333 ] ] ], [ [ [ -65.799, -26.333 ], [ -65.799, -26.299 ], [ -65.799, -26.266 ], [ -65.799, -26.233 ], [ -65.799, -26.199 ], [ -65.799, -26.166 ], [ -65.766, -26.166 ], [ -65.766, -26.199 ], [ -65.766, -26.233 ], [ -65.766, -26.266 ], [ -65.766, -26.299 ], [ -65.766, -26.333 ], [ -65.799, -26.333 ] ] ], [ [ [ -65.999, -26.133 ], [ -65.966, -26.133 ], [ -65.966, -26.166 ], [ -65.999, -26.166 ], [ -65.999, -26.133 ] ] ], [ [ [ -65.599, -26.333 ], [ -65.599, -26.366 ], [ -65.599, -26.399 ], [ -65.599, -26.433 ], [ -65.599, -26.466 ], [ -65.633, -26.466 ], [ -65.633, -26.433 ], [ -65.633, -26.399 ], [ -65.633, -26.366 ], [ -65.633, -26.333 ], [ -65.666, -26.333 ], [ -65.666, -26.299 ], [ -65.633, -26.299 ], [ -65.633, -26.266 ], [ -65.633, -26.233 ], [ -65.633, -26.199 ], [ -65.633, -26.166 ], [ -65.633, -26.133 ], [ -65.633, -26.099 ], [ -65.599, -26.099 ], [ -65.599, -26.133 ], [ -65.599, -26.166 ], [ -65.599, -26.199 ], [ -65.599, -26.233 ], [ -65.599, -26.266 ], [ -65.599, -26.299 ], [ -65.599, -26.333 ] ] ], [ [ [ -65.999, -26.133 ], [ -66.033, -26.133 ], [ -66.033, -26.099 ], [ -66.033, -26.066 ], [ -65.999, -26.066 ], [ -65.999, -26.099 ], [ -65.999, -26.133 ] ] ], [ [ [ -65.766, -26.099 ], [ -65.799, -26.099 ], [ -65.799, -26.066 ], [ -65.766, -26.066 ], [ -65.766, -26.099 ] ] ], [ [ [ -65.699, -26.033 ], [ -65.699, -26.066 ], [ -65.733, -26.066 ], [ -65.733, -26.033 ], [ -65.699, -26.033 ] ] ], [ [ [ -64.866, -26.133 ], [ -64.899, -26.133 ], [ -64.899, -26.099 ], [ -64.899, -26.066 ], [ -64.899, -26.033 ], [ -64.899, -25.999 ], [ -64.866, -25.999 ], [ -64.866, -26.033 ], [ -64.866, -26.066 ], [ -64.866, -26.099 ], [ -64.866, -26.133 ] ] ], [ [ [ -65.699, -26.033 ], [ -65.699, -25.999 ], [ -65.699, -25.966 ], [ -65.666, -25.966 ], [ -65.666, -25.999 ], [ -65.633, -25.999 ], [ -65.633, -25.966 ], [ -65.599, -25.966 ], [ -65.599, -25.999 ], [ -65.599, -26.033 ], [ -65.633, -26.033 ], [ -65.666, -26.033 ], [ -65.699, -26.033 ] ] ], [ [ [ -65.599, -25.966 ], [ -65.599, -25.933 ], [ -65.566, -25.933 ], [ -65.566, -25.966 ], [ -65.599, -25.966 ] ] ], [ [ [ -66.033, -25.899 ], [ -66.033, -25.933 ], [ -66.033, -25.966 ], [ -66.033, -25.999 ], [ -66.066, -25.999 ], [ -66.066, -25.966 ], [ -66.066, -25.933 ], [ -66.066, -25.899 ], [ -66.099, -25.899 ], [ -66.099, -25.866 ], [ -66.066, -25.866 ], [ -66.033, -25.866 ], [ -66.033, -25.899 ] ] ], [ [ [ -65.566, -25.866 ], [ -65.599, -25.866 ], [ -65.599, -25.833 ], [ -65.566, -25.833 ], [ -65.566, -25.866 ] ] ], [ [ [ -66.266, -25.733 ], [ -66.266, -25.766 ], [ -66.233, -25.766 ], [ -66.233, -25.799 ], [ -66.266, -25.799 ], [ -66.266, -25.833 ], [ -66.299, -25.833 ], [ -66.299, -25.799 ], [ -66.299, -25.766 ], [ -66.299, -25.733 ], [ -66.266, -25.733 ] ] ], [ [ [ -66.133, -25.733 ], [ -66.133, -25.766 ], [ -66.099, -25.766 ], [ -66.099, -25.799 ], [ -66.099, -25.833 ], [ -66.133, -25.833 ], [ -66.133, -25.799 ], [ -66.166, -25.799 ], [ -66.166, -25.766 ], [ -66.166, -25.733 ], [ -66.133, -25.733 ] ] ], [ [ [ -65.633, -25.799 ], [ -65.666, -25.799 ], [ -65.666, -25.766 ], [ -65.633, -25.766 ], [ -65.633, -25.733 ], [ -65.599, -25.733 ], [ -65.599, -25.766 ], [ -65.599, -25.799 ], [ -65.633, -25.799 ] ] ], [ [ [ -66.233, -25.699 ], [ -66.199, -25.699 ], [ -66.199, -25.733 ], [ -66.233, -25.733 ], [ -66.233, -25.699 ] ] ], [ [ [ -65.766, -25.699 ], [ -65.766, -25.733 ], [ -65.766, -25.766 ], [ -65.766, -25.799 ], [ -65.766, -25.833 ], [ -65.766, -25.866 ], [ -65.766, -25.899 ], [ -65.766, -25.933 ], [ -65.766, -25.966 ], [ -65.799, -25.966 ], [ -65.833, -25.966 ], [ -65.833, -25.933 ], [ -65.799, -25.933 ], [ -65.799, -25.899 ], [ -65.799, -25.866 ], [ -65.799, -25.833 ], [ -65.799, -25.799 ], [ -65.799, -25.766 ], [ -65.799, -25.733 ], [ -65.799, -25.699 ], [ -65.766, -25.699 ] ] ], [ [ [ -66.233, -25.699 ], [ -66.266, -25.699 ], [ -66.266, -25.666 ], [ -66.299, -25.666 ], [ -66.299, -25.633 ], [ -66.266, -25.633 ], [ -66.233, -25.633 ], [ -66.233, -25.666 ], [ -66.233, -25.699 ] ] ], [ [ [ -65.366, -25.599 ], [ -65.366, -25.633 ], [ -65.399, -25.633 ], [ -65.433, -25.633 ], [ -65.433, -25.599 ], [ -65.399, -25.599 ], [ -65.366, -25.599 ] ] ], [ [ [ -66.266, -25.599 ], [ -66.299, -25.599 ], [ -66.299, -25.566 ], [ -66.266, -25.566 ], [ -66.266, -25.599 ] ] ], [ [ [ -65.766, -25.699 ], [ -65.766, -25.666 ], [ -65.766, -25.633 ], [ -65.766, -25.599 ], [ -65.766, -25.566 ], [ -65.733, -25.566 ], [ -65.733, -25.599 ], [ -65.733, -25.633 ], [ -65.733, -25.666 ], [ -65.733, -25.699 ], [ -65.766, -25.699 ] ] ], [ [ [ -65.366, -25.599 ], [ -65.366, -25.566 ], [ -65.366, -25.533 ], [ -65.333, -25.533 ], [ -65.333, -25.566 ], [ -65.333, -25.599 ], [ -65.366, -25.599 ] ] ], [ [ [ -66.333, -25.499 ], [ -66.333, -25.466 ], [ -66.299, -25.466 ], [ -66.266, -25.466 ], [ -66.266, -25.499 ], [ -66.299, -25.499 ], [ -66.333, -25.499 ] ] ], [ [ [ -65.966, -25.699 ], [ -65.933, -25.699 ], [ -65.899, -25.699 ], [ -65.899, -25.666 ], [ -65.899, -25.633 ], [ -65.899, -25.599 ], [ -65.866, -25.599 ], [ -65.866, -25.566 ], [ -65.866, -25.533 ], [ -65.866, -25.499 ], [ -65.866, -25.466 ], [ -65.833, -25.466 ], [ -65.833, -25.499 ], [ -65.799, -25.499 ], [ -65.799, -25.533 ], [ -65.799, -25.566 ], [ -65.799, -25.599 ], [ -65.833, -25.599 ], [ -65.833, -25.633 ], [ -65.833, -25.666 ], [ -65.833, -25.699 ], [ -65.833, -25.733 ], [ -65.833, -25.766 ], [ -65.833, -25.799 ], [ -65.833, -25.833 ], [ -65.833, -25.866 ], [ -65.866, -25.866 ], [ -65.866, -25.833 ], [ -65.866, -25.799 ], [ -65.866, -25.766 ], [ -65.899, -25.766 ], [ -65.933, -25.766 ], [ -65.933, -25.733 ], [ -65.966, -25.733 ], [ -65.966, -25.699 ] ] ], [ [ [ -65.733, -25.533 ], [ -65.766, -25.533 ], [ -65.766, -25.499 ], [ -65.766, -25.466 ], [ -65.766, -25.433 ], [ -65.733, -25.433 ], [ -65.733, -25.466 ], [ -65.733, -25.499 ], [ -65.733, -25.533 ] ] ], [ [ [ -65.166, -25.433 ], [ -65.166, -25.466 ], [ -65.166, -25.499 ], [ -65.166, -25.533 ], [ -65.199, -25.533 ], [ -65.199, -25.499 ], [ -65.199, -25.466 ], [ -65.199, -25.433 ], [ -65.233, -25.433 ], [ -65.233, -25.399 ], [ -65.199, -25.399 ], [ -65.199, -25.366 ], [ -65.166, -25.366 ], [ -65.166, -25.399 ], [ -65.166, -25.433 ] ] ], [ [ [ -66.299, -25.299 ], [ -66.299, -25.333 ], [ -66.266, -25.333 ], [ -66.266, -25.366 ], [ -66.266, -25.399 ], [ -66.299, -25.399 ], [ -66.333, -25.399 ], [ -66.366, -25.399 ], [ -66.366, -25.433 ], [ -66.366, -25.466 ], [ -66.366, -25.499 ], [ -66.333, -25.499 ], [ -66.333, -25.533 ], [ -66.333, -25.566 ], [ -66.366, -25.566 ], [ -66.366, -25.599 ], [ -66.399, -25.599 ], [ -66.433, -25.599 ], [ -66.433, -25.566 ], [ -66.433, -25.533 ], [ -66.433, -25.499 ], [ -66.399, -25.499 ], [ -66.399, -25.466 ], [ -66.399, -25.433 ], [ -66.399, -25.399 ], [ -66.433, -25.399 ], [ -66.433, -25.366 ], [ -66.466, -25.366 ], [ -66.466, -25.333 ], [ -66.433, -25.333 ], [ -66.399, -25.333 ], [ -66.399, -25.366 ], [ -66.366, -25.366 ], [ -66.333, -25.366 ], [ -66.333, -25.333 ], [ -66.366, -25.333 ], [ -66.366, -25.299 ], [ -66.366, -25.266 ], [ -66.333, -25.266 ], [ -66.333, -25.299 ], [ -66.299, -25.299 ] ] ], [ [ [ -66.299, -25.299 ], [ -66.299, -25.266 ], [ -66.266, -25.266 ], [ -66.266, -25.299 ], [ -66.299, -25.299 ] ] ], [ [ [ -66.266, -25.266 ], [ -66.266, -25.233 ], [ -66.233, -25.233 ], [ -66.233, -25.266 ], [ -66.266, -25.266 ] ] ], [ [ [ -65.699, -25.233 ], [ -65.699, -25.266 ], [ -65.699, -25.299 ], [ -65.733, -25.299 ], [ -65.766, -25.299 ], [ -65.766, -25.333 ], [ -65.733, -25.333 ], [ -65.733, -25.366 ], [ -65.733, -25.399 ], [ -65.766, -25.399 ], [ -65.766, -25.366 ], [ -65.799, -25.366 ], [ -65.799, -25.333 ], [ -65.799, -25.299 ], [ -65.799, -25.266 ], [ -65.799, -25.233 ], [ -65.799, -25.199 ], [ -65.799, -25.166 ], [ -65.766, -25.166 ], [ -65.766, -25.199 ], [ -65.766, -25.233 ], [ -65.733, -25.233 ], [ -65.733, -25.199 ], [ -65.733, -25.166 ], [ -65.699, -25.166 ], [ -65.699, -25.199 ], [ -65.699, -25.233 ] ] ], [ [ [ -66.199, -25.133 ], [ -66.199, -25.166 ], [ -66.233, -25.166 ], [ -66.233, -25.133 ], [ -66.199, -25.133 ] ] ], [ [ [ -65.733, -25.133 ], [ -65.766, -25.133 ], [ -65.766, -25.099 ], [ -65.733, -25.099 ], [ -65.733, -25.133 ] ] ], [ [ [ -65.666, -25.133 ], [ -65.699, -25.133 ], [ -65.699, -25.099 ], [ -65.666, -25.099 ], [ -65.666, -25.133 ] ] ], [ [ [ -65.733, -25.033 ], [ -65.699, -25.033 ], [ -65.699, -25.066 ], [ -65.733, -25.066 ], [ -65.733, -25.033 ] ] ], [ [ [ -65.733, -25.033 ], [ -65.766, -25.033 ], [ -65.766, -24.999 ], [ -65.733, -24.999 ], [ -65.733, -25.033 ] ] ], [ [ [ -65.966, -25.699 ], [ -65.999, -25.699 ], [ -65.999, -25.666 ], [ -65.999, -25.633 ], [ -66.033, -25.633 ], [ -66.066, -25.633 ], [ -66.099, -25.633 ], [ -66.099, -25.666 ], [ -66.133, -25.666 ], [ -66.133, -25.633 ], [ -66.166, -25.633 ], [ -66.166, -25.599 ], [ -66.166, -25.566 ], [ -66.166, -25.533 ], [ -66.166, -25.499 ], [ -66.199, -25.499 ], [ -66.199, -25.466 ], [ -66.199, -25.433 ], [ -66.199, -25.399 ], [ -66.199, -25.366 ], [ -66.199, -25.333 ], [ -66.199, -25.299 ], [ -66.199, -25.266 ], [ -66.199, -25.233 ], [ -66.166, -25.233 ], [ -66.166, -25.199 ], [ -66.166, -25.166 ], [ -66.166, -25.133 ], [ -66.199, -25.133 ], [ -66.199, -25.099 ], [ -66.166, -25.099 ], [ -66.166, -25.066 ], [ -66.133, -25.066 ], [ -66.133, -25.033 ], [ -66.133, -24.999 ], [ -66.166, -24.999 ], [ -66.166, -24.966 ], [ -66.166, -24.933 ], [ -66.133, -24.933 ], [ -66.099, -24.933 ], [ -66.066, -24.933 ], [ -66.066, -24.966 ], [ -66.099, -24.966 ], [ -66.099, -24.999 ], [ -66.066, -24.999 ], [ -66.066, -25.033 ], [ -66.066, -25.066 ], [ -66.066, -25.099 ], [ -66.099, -25.099 ], [ -66.099, -25.133 ], [ -66.133, -25.133 ], [ -66.133, -25.166 ], [ -66.099, -25.166 ], [ -66.099, -25.199 ], [ -66.133, -25.199 ], [ -66.133, -25.233 ], [ -66.133, -25.266 ], [ -66.133, -25.299 ], [ -66.166, -25.299 ], [ -66.166, -25.333 ], [ -66.133, -25.333 ], [ -66.133, -25.366 ], [ -66.166, -25.366 ], [ -66.166, -25.399 ], [ -66.166, -25.433 ], [ -66.133, -25.433 ], [ -66.133, -25.466 ], [ -66.133, -25.499 ], [ -66.099, -25.499 ], [ -66.099, -25.533 ], [ -66.099, -25.566 ], [ -66.066, -25.566 ], [ -66.033, -25.566 ], [ -66.033, -25.599 ], [ -65.999, -25.599 ], [ -65.966, -25.599 ], [ -65.966, -25.566 ], [ -65.933, -25.566 ], [ -65.933, -25.599 ], [ -65.933, -25.633 ], [ -65.933, -25.666 ], [ -65.966, -25.666 ], [ -65.966, -25.699 ] ] ], [ [ [ -65.733, -24.966 ], [ -65.766, -24.966 ], [ -65.766, -24.933 ], [ -65.733, -24.933 ], [ -65.733, -24.966 ] ] ], [ [ [ -65.666, -24.866 ], [ -65.699, -24.866 ], [ -65.699, -24.833 ], [ -65.666, -24.833 ], [ -65.666, -24.866 ] ] ], [ [ [ -65.799, -24.666 ], [ -65.766, -24.666 ], [ -65.766, -24.699 ], [ -65.733, -24.699 ], [ -65.733, -24.733 ], [ -65.733, -24.766 ], [ -65.733, -24.799 ], [ -65.733, -24.833 ], [ -65.766, -24.833 ], [ -65.799, -24.833 ], [ -65.799, -24.866 ], [ -65.833, -24.866 ], [ -65.833, -24.833 ], [ -65.833, -24.799 ], [ -65.833, -24.766 ], [ -65.799, -24.766 ], [ -65.799, -24.799 ], [ -65.766, -24.799 ], [ -65.766, -24.766 ], [ -65.766, -24.733 ], [ -65.799, -24.733 ], [ -65.799, -24.699 ], [ -65.799, -24.666 ] ] ], [ [ [ -65.599, -24.666 ], [ -65.566, -24.666 ], [ -65.566, -24.699 ], [ -65.599, -24.699 ], [ -65.599, -24.666 ] ] ], [ [ [ -65.799, -24.666 ], [ -65.833, -24.666 ], [ -65.833, -24.633 ], [ -65.799, -24.633 ], [ -65.799, -24.666 ] ] ], [ [ [ -65.599, -24.666 ], [ -65.633, -24.666 ], [ -65.633, -24.699 ], [ -65.633, -24.733 ], [ -65.633, -24.766 ], [ -65.666, -24.766 ], [ -65.666, -24.733 ], [ -65.666, -24.699 ], [ -65.666, -24.666 ], [ -65.666, -24.633 ], [ -65.633, -24.633 ], [ -65.599, -24.633 ], [ -65.599, -24.666 ] ] ], [ [ [ -65.566, -24.666 ], [ -65.566, -24.633 ], [ -65.566, -24.599 ], [ -65.533, -24.599 ], [ -65.533, -24.633 ], [ -65.533, -24.666 ], [ -65.566, -24.666 ] ] ], [ [ [ -65.566, -24.533 ], [ -65.566, -24.566 ], [ -65.599, -24.566 ], [ -65.599, -24.533 ], [ -65.566, -24.533 ] ] ], [ [ [ -65.533, -24.533 ], [ -65.499, -24.533 ], [ -65.499, -24.566 ], [ -65.533, -24.566 ], [ -65.533, -24.533 ] ] ], [ [ [ -65.533, -24.533 ], [ -65.566, -24.533 ], [ -65.566, -24.499 ], [ -65.533, -24.499 ], [ -65.533, -24.533 ] ] ], [ [ [ -65.466, -24.499 ], [ -65.499, -24.499 ], [ -65.499, -24.466 ], [ -65.466, -24.466 ], [ -65.466, -24.499 ] ] ], [ [ [ -65.499, -24.399 ], [ -65.533, -24.399 ], [ -65.533, -24.366 ], [ -65.499, -24.366 ], [ -65.466, -24.366 ], [ -65.466, -24.399 ], [ -65.499, -24.399 ] ] ], [ [ [ -65.499, -24.266 ], [ -65.466, -24.266 ], [ -65.466, -24.299 ], [ -65.466, -24.333 ], [ -65.499, -24.333 ], [ -65.499, -24.299 ], [ -65.499, -24.266 ] ] ], [ [ [ -65.499, -24.266 ], [ -65.533, -24.266 ], [ -65.533, -24.233 ], [ -65.499, -24.233 ], [ -65.499, -24.266 ] ] ], [ [ [ -65.533, -24.166 ], [ -65.566, -24.166 ], [ -65.566, -24.133 ], [ -65.533, -24.133 ], [ -65.533, -24.166 ] ] ], [ [ [ -65.533, -23.999 ], [ -65.533, -24.033 ], [ -65.566, -24.033 ], [ -65.599, -24.033 ], [ -65.599, -23.999 ], [ -65.566, -23.999 ], [ -65.533, -23.999 ] ] ], [ [ [ -65.399, -23.966 ], [ -65.433, -23.966 ], [ -65.433, -23.933 ], [ -65.433, -23.899 ], [ -65.399, -23.899 ], [ -65.399, -23.933 ], [ -65.399, -23.966 ] ] ], [ [ [ -65.533, -23.999 ], [ -65.533, -23.966 ], [ -65.533, -23.933 ], [ -65.533, -23.899 ], [ -65.533, -23.866 ], [ -65.499, -23.866 ], [ -65.499, -23.899 ], [ -65.499, -23.933 ], [ -65.499, -23.966 ], [ -65.499, -23.999 ], [ -65.533, -23.999 ] ] ], [ [ [ -65.533, -23.866 ], [ -65.566, -23.866 ], [ -65.566, -23.833 ], [ -65.533, -23.833 ], [ -65.533, -23.866 ] ] ], [ [ [ -65.299, -23.799 ], [ -65.299, -23.833 ], [ -65.333, -23.833 ], [ -65.333, -23.799 ], [ -65.299, -23.799 ] ] ], [ [ [ -65.299, -23.799 ], [ -65.299, -23.766 ], [ -65.266, -23.766 ], [ -65.266, -23.799 ], [ -65.299, -23.799 ] ] ], [ [ [ -65.266, -23.766 ], [ -65.266, -23.733 ], [ -65.233, -23.733 ], [ -65.233, -23.766 ], [ -65.266, -23.766 ] ] ], [ [ [ -65.466, -23.699 ], [ -65.433, -23.699 ], [ -65.433, -23.733 ], [ -65.466, -23.733 ], [ -65.466, -23.699 ] ] ], [ [ [ -65.466, -23.699 ], [ -65.499, -23.699 ], [ -65.499, -23.666 ], [ -65.466, -23.666 ], [ -65.466, -23.699 ] ] ], [ [ [ -65.199, -23.633 ], [ -65.166, -23.633 ], [ -65.166, -23.666 ], [ -65.166, -23.699 ], [ -65.199, -23.699 ], [ -65.199, -23.666 ], [ -65.199, -23.633 ] ] ], [ [ [ -65.199, -23.633 ], [ -65.233, -23.633 ], [ -65.233, -23.599 ], [ -65.199, -23.599 ], [ -65.199, -23.633 ] ] ], [ [ [ -64.866, -23.633 ], [ -64.899, -23.633 ], [ -64.899, -23.599 ], [ -64.866, -23.599 ], [ -64.866, -23.633 ] ] ], [ [ [ -65.133, -23.566 ], [ -65.133, -23.599 ], [ -65.166, -23.599 ], [ -65.166, -23.566 ], [ -65.133, -23.566 ] ] ], [ [ [ -65.133, -23.566 ], [ -65.133, -23.533 ], [ -65.099, -23.533 ], [ -65.066, -23.533 ], [ -65.033, -23.533 ], [ -65.033, -23.566 ], [ -65.066, -23.566 ], [ -65.099, -23.566 ], [ -65.133, -23.566 ] ] ], [ [ [ -64.833, -23.533 ], [ -64.799, -23.533 ], [ -64.799, -23.566 ], [ -64.833, -23.566 ], [ -64.833, -23.533 ] ] ], [ [ [ -65.366, -23.499 ], [ -65.366, -23.533 ], [ -65.366, -23.566 ], [ -65.366, -23.599 ], [ -65.399, -23.599 ], [ -65.399, -23.566 ], [ -65.433, -23.566 ], [ -65.433, -23.533 ], [ -65.399, -23.533 ], [ -65.399, -23.499 ], [ -65.366, -23.499 ] ] ], [ [ [ -64.999, -23.499 ], [ -65.033, -23.499 ], [ -65.033, -23.466 ], [ -64.999, -23.466 ], [ -64.999, -23.499 ] ] ], [ [ [ -64.833, -23.533 ], [ -64.866, -23.533 ], [ -64.866, -23.499 ], [ -64.866, -23.466 ], [ -64.833, -23.466 ], [ -64.833, -23.499 ], [ -64.833, -23.533 ] ] ], [ [ [ -64.866, -23.466 ], [ -64.899, -23.466 ], [ -64.899, -23.433 ], [ -64.866, -23.433 ], [ -64.866, -23.466 ] ] ], [ [ [ -64.999, -23.433 ], [ -65.033, -23.433 ], [ -65.033, -23.399 ], [ -64.999, -23.399 ], [ -64.966, -23.399 ], [ -64.966, -23.366 ], [ -64.933, -23.366 ], [ -64.899, -23.366 ], [ -64.866, -23.366 ], [ -64.866, -23.399 ], [ -64.899, -23.399 ], [ -64.933, -23.399 ], [ -64.933, -23.433 ], [ -64.966, -23.433 ], [ -64.999, -23.433 ] ] ], [ [ [ -65.366, -23.499 ], [ -65.366, -23.466 ], [ -65.366, -23.433 ], [ -65.366, -23.399 ], [ -65.366, -23.366 ], [ -65.366, -23.333 ], [ -65.333, -23.333 ], [ -65.333, -23.366 ], [ -65.333, -23.399 ], [ -65.333, -23.433 ], [ -65.333, -23.466 ], [ -65.333, -23.499 ], [ -65.366, -23.499 ] ] ], [ [ [ -64.866, -23.333 ], [ -64.899, -23.333 ], [ -64.899, -23.299 ], [ -64.866, -23.299 ], [ -64.866, -23.333 ] ] ], [ [ [ -64.899, -23.266 ], [ -64.933, -23.266 ], [ -64.933, -23.233 ], [ -64.933, -23.199 ], [ -64.899, -23.199 ], [ -64.866, -23.199 ], [ -64.833, -23.199 ], [ -64.833, -23.233 ], [ -64.866, -23.233 ], [ -64.899, -23.233 ], [ -64.899, -23.266 ] ] ], [ [ [ -64.899, -22.999 ], [ -64.899, -23.033 ], [ -64.866, -23.033 ], [ -64.866, -23.066 ], [ -64.899, -23.066 ], [ -64.899, -23.099 ], [ -64.899, -23.133 ], [ -64.933, -23.133 ], [ -64.933, -23.099 ], [ -64.966, -23.099 ], [ -64.966, -23.066 ], [ -64.933, -23.066 ], [ -64.933, -23.033 ], [ -64.933, -22.999 ], [ -64.899, -22.999 ] ] ], [ [ [ -65.066, -22.733 ], [ -65.066, -22.766 ], [ -65.033, -22.766 ], [ -65.033, -22.799 ], [ -65.033, -22.833 ], [ -65.066, -22.833 ], [ -65.066, -22.799 ], [ -65.099, -22.799 ], [ -65.099, -22.766 ], [ -65.099, -22.733 ], [ -65.099, -22.699 ], [ -65.066, -22.699 ], [ -65.066, -22.733 ] ] ], [ [ [ -65.199, -22.633 ], [ -65.199, -22.666 ], [ -65.199, -22.699 ], [ -65.166, -22.699 ], [ -65.133, -22.699 ], [ -65.133, -22.733 ], [ -65.133, -22.766 ], [ -65.166, -22.766 ], [ -65.166, -22.799 ], [ -65.166, -22.833 ], [ -65.199, -22.833 ], [ -65.199, -22.799 ], [ -65.233, -22.799 ], [ -65.233, -22.766 ], [ -65.233, -22.733 ], [ -65.233, -22.699 ], [ -65.233, -22.666 ], [ -65.233, -22.633 ], [ -65.199, -22.633 ] ] ], [ [ [ -65.199, -22.633 ], [ -65.199, -22.599 ], [ -65.199, -22.566 ], [ -65.199, -22.533 ], [ -65.166, -22.533 ], [ -65.166, -22.566 ], [ -65.166, -22.599 ], [ -65.166, -22.633 ], [ -65.199, -22.633 ] ] ], [ [ [ -65.099, -22.566 ], [ -65.133, -22.566 ], [ -65.133, -22.533 ], [ -65.099, -22.533 ], [ -65.099, -22.566 ] ] ], [ [ [ -65.099, -22.566 ], [ -65.066, -22.566 ], [ -65.066, -22.533 ], [ -65.033, -22.533 ], [ -65.033, -22.499 ], [ -64.999, -22.499 ], [ -64.966, -22.499 ], [ -64.966, -22.533 ], [ -64.999, -22.533 ], [ -64.999, -22.566 ], [ -64.999, -22.599 ], [ -65.033, -22.599 ], [ -65.066, -22.599 ], [ -65.099, -22.599 ], [ -65.099, -22.566 ] ] ], [ [ [ -64.933, -22.433 ], [ -64.899, -22.433 ], [ -64.899, -22.466 ], [ -64.899, -22.499 ], [ -64.933, -22.499 ], [ -64.933, -22.466 ], [ -64.933, -22.433 ] ] ], [ [ [ -64.933, -22.433 ], [ -64.966, -22.433 ], [ -64.966, -22.399 ], [ -64.933, -22.399 ], [ -64.933, -22.433 ] ] ], [ [ [ -65.099, -22.333 ], [ -65.133, -22.333 ], [ -65.133, -22.299 ], [ -65.099, -22.299 ], [ -65.099, -22.333 ] ] ], [ [ [ -65.033, -22.333 ], [ -65.066, -22.333 ], [ -65.066, -22.299 ], [ -65.033, -22.299 ], [ -65.033, -22.333 ] ] ], [ [ [ -64.833, -22.299 ], [ -64.833, -22.333 ], [ -64.833, -22.366 ], [ -64.866, -22.366 ], [ -64.866, -22.399 ], [ -64.899, -22.399 ], [ -64.899, -22.366 ], [ -64.899, -22.333 ], [ -64.866, -22.333 ], [ -64.866, -22.299 ], [ -64.833, -22.299 ] ] ], [ [ [ -64.933, -22.299 ], [ -64.966, -22.299 ], [ -64.966, -22.266 ], [ -64.933, -22.266 ], [ -64.933, -22.299 ] ] ], [ [ [ -64.833, -22.299 ], [ -64.833, -22.266 ], [ -64.866, -22.266 ], [ -64.899, -22.266 ], [ -64.899, -22.233 ], [ -64.866, -22.233 ], [ -64.833, -22.233 ], [ -64.799, -22.233 ], [ -64.766, -22.233 ], [ -64.766, -22.266 ], [ -64.799, -22.266 ], [ -64.799, -22.299 ], [ -64.833, -22.299 ] ] ], [ [ [ -65.033, -22.166 ], [ -65.033, -22.199 ], [ -65.033, -22.233 ], [ -65.066, -22.233 ], [ -65.066, -22.199 ], [ -65.066, -22.166 ], [ -65.033, -22.166 ] ] ], [ [ [ -65.033, -22.166 ], [ -65.033, -22.133 ], [ -64.999, -22.133 ], [ -64.966, -22.133 ], [ -64.966, -22.166 ], [ -64.999, -22.166 ], [ -65.033, -22.166 ] ] ], [ [ [ -66.266, -22.033 ], [ -66.266, -22.066 ], [ -66.266, -22.099 ], [ -66.299, -22.099 ], [ -66.306, -22.093 ], [ -66.305, -22.093 ], [ -66.303, -22.091 ], [ -66.302, -22.090 ], [ -66.301, -22.090 ], [ -66.301, -22.090 ], [ -66.300, -22.089 ], [ -66.298, -22.089 ], [ -66.298, -22.089 ], [ -66.297, -22.089 ], [ -66.296, -22.090 ], [ -66.295, -22.090 ], [ -66.295, -22.090 ], [ -66.294, -22.089 ], [ -66.294, -22.089 ], [ -66.294, -22.089 ], [ -66.293, -22.089 ], [ -66.292, -22.089 ], [ -66.292, -22.089 ], [ -66.291, -22.089 ], [ -66.290, -22.088 ], [ -66.289, -22.087 ], [ -66.288, -22.087 ], [ -66.288, -22.086 ], [ -66.287, -22.086 ], [ -66.287, -22.085 ], [ -66.287, -22.084 ], [ -66.287, -22.083 ], [ -66.288, -22.082 ], [ -66.288, -22.081 ], [ -66.289, -22.080 ], [ -66.289, -22.079 ], [ -66.290, -22.078 ], [ -66.290, -22.076 ], [ -66.290, -22.075 ], [ -66.290, -22.075 ], [ -66.290, -22.074 ], [ -66.290, -22.074 ], [ -66.289, -22.073 ], [ -66.289, -22.073 ], [ -66.287, -22.072 ], [ -66.286, -22.071 ], [ -66.285, -22.071 ], [ -66.285, -22.070 ], [ -66.284, -22.070 ], [ -66.284, -22.069 ], [ -66.284, -22.068 ], [ -66.284, -22.068 ], [ -66.284, -22.067 ], [ -66.285, -22.067 ], [ -66.285, -22.067 ], [ -66.286, -22.067 ], [ -66.286, -22.068 ], [ -66.287, -22.068 ], [ -66.288, -22.067 ], [ -66.289, -22.067 ], [ -66.290, -22.066 ], [ -66.291, -22.065 ], [ -66.292, -22.064 ], [ -66.292, -22.064 ], [ -66.293, -22.063 ], [ -66.292, -22.062 ], [ -66.292, -22.061 ], [ -66.291, -22.060 ], [ -66.290, -22.060 ], [ -66.289, -22.059 ], [ -66.288, -22.058 ], [ -66.287, -22.056 ], [ -66.286, -22.055 ], [ -66.284, -22.052 ], [ -66.283, -22.051 ], [ -66.283, -22.050 ], [ -66.283, -22.050 ], [ -66.284, -22.049 ], [ -66.284, -22.049 ], [ -66.285, -22.049 ], [ -66.286, -22.049 ], [ -66.287, -22.049 ], [ -66.289, -22.051 ], [ -66.290, -22.052 ], [ -66.291, -22.052 ], [ -66.291, -22.051 ], [ -66.291, -22.051 ], [ -66.291, -22.050 ], [ -66.291, -22.049 ], [ -66.290, -22.047 ], [ -66.287, -22.044 ], [ -66.286, -22.043 ], [ -66.285, -22.041 ], [ -66.286, -22.040 ], [ -66.287, -22.040 ], [ -66.290, -22.039 ], [ -66.291, -22.037 ], [ -66.292, -22.035 ], [ -66.291, -22.033 ], [ -66.290, -22.031 ], [ -66.290, -22.031 ], [ -66.289, -22.031 ], [ -66.286, -22.031 ], [ -66.284, -22.030 ], [ -66.284, -22.028 ], [ -66.283, -22.027 ], [ -66.282, -22.026 ], [ -66.281, -22.026 ], [ -66.279, -22.025 ], [ -66.277, -22.024 ], [ -66.277, -22.023 ], [ -66.277, -22.022 ], [ -66.266, -22.033 ] ] ], [ [ [ -66.199, -21.899 ], [ -66.199, -21.933 ], [ -66.233, -21.933 ], [ -66.233, -21.966 ], [ -66.272, -21.966 ], [ -66.272, -21.966 ], [ -66.272, -21.965 ], [ -66.273, -21.965 ], [ -66.274, -21.964 ], [ -66.274, -21.961 ], [ -66.275, -21.959 ], [ -66.274, -21.959 ], [ -66.274, -21.958 ], [ -66.274, -21.958 ], [ -66.273, -21.957 ], [ -66.273, -21.956 ], [ -66.273, -21.955 ], [ -66.272, -21.955 ], [ -66.272, -21.955 ], [ -66.272, -21.954 ], [ -66.273, -21.953 ], [ -66.274, -21.952 ], [ -66.274, -21.951 ], [ -66.275, -21.950 ], [ -66.274, -21.950 ], [ -66.274, -21.950 ], [ -66.274, -21.950 ], [ -66.273, -21.950 ], [ -66.273, -21.949 ], [ -66.273, -21.949 ], [ -66.272, -21.947 ], [ -66.272, -21.947 ], [ -66.272, -21.946 ], [ -66.274, -21.945 ], [ -66.274, -21.944 ], [ -66.274, -21.944 ], [ -66.274, -21.944 ], [ -66.273, -21.943 ], [ -66.272, -21.943 ], [ -66.270, -21.942 ], [ -66.268, -21.941 ], [ -66.267, -21.939 ], [ -66.267, -21.938 ], [ -66.267, -21.937 ], [ -66.267, -21.936 ], [ -66.267, -21.936 ], [ -66.266, -21.935 ], [ -66.266, -21.935 ], [ -66.266, -21.935 ], [ -66.264, -21.936 ], [ -66.263, -21.936 ], [ -66.262, -21.937 ], [ -66.261, -21.936 ], [ -66.261, -21.934 ], [ -66.261, -21.931 ], [ -66.261, -21.929 ], [ -66.261, -21.926 ], [ -66.260, -21.920 ], [ -66.259, -21.916 ], [ -66.260, -21.908 ], [ -66.260, -21.907 ], [ -66.260, -21.906 ], [ -66.259, -21.905 ], [ -66.259, -21.904 ], [ -66.258, -21.904 ], [ -66.257, -21.903 ], [ -66.256, -21.904 ], [ -66.254, -21.904 ], [ -66.253, -21.903 ], [ -66.252, -21.903 ], [ -66.251, -21.901 ], [ -66.251, -21.900 ], [ -66.250, -21.896 ], [ -66.249, -21.889 ], [ -66.248, -21.885 ], [ -66.248, -21.885 ], [ -66.233, -21.899 ], [ -66.199, -21.899 ] ] ], [ [ [ -65.933, -21.999 ], [ -65.933, -22.033 ], [ -65.933, -22.066 ], [ -65.933, -22.099 ], [ -65.933, -22.133 ], [ -65.933, -22.166 ], [ -65.899, -22.166 ], [ -65.866, -22.166 ], [ -65.866, -22.133 ], [ -65.833, -22.133 ], [ -65.833, -22.166 ], [ -65.799, -22.166 ], [ -65.766, -22.166 ], [ -65.766, -22.199 ], [ -65.733, -22.199 ], [ -65.733, -22.233 ], [ -65.733, -22.266 ], [ -65.733, -22.299 ], [ -65.766, -22.299 ], [ -65.766, -22.333 ], [ -65.766, -22.366 ], [ -65.766, -22.399 ], [ -65.733, -22.399 ], [ -65.733, -22.433 ], [ -65.699, -22.433 ], [ -65.666, -22.433 ], [ -65.633, -22.433 ], [ -65.633, -22.399 ], [ -65.633, -22.366 ], [ -65.599, -22.366 ], [ -65.566, -22.366 ], [ -65.533, -22.366 ], [ -65.533, -22.333 ], [ -65.499, -22.333 ], [ -65.466, -22.333 ], [ -65.466, -22.299 ], [ -65.433, -22.299 ], [ -65.433, -22.266 ], [ -65.433, -22.233 ], [ -65.399, -22.233 ], [ -65.399, -22.199 ], [ -65.366, -22.199 ], [ -65.366, -22.166 ], [ -65.366, -22.133 ], [ -65.366, -22.089 ], [ -65.266, -22.087 ], [ -65.266, -22.133 ], [ -65.299, -22.133 ], [ -65.299, -22.166 ], [ -65.299, -22.199 ], [ -65.333, -22.199 ], [ -65.333, -22.233 ], [ -65.366, -22.233 ], [ -65.366, -22.266 ], [ -65.366, -22.299 ], [ -65.366, -22.333 ], [ -65.399, -22.333 ], [ -65.399, -22.366 ], [ -65.433, -22.366 ], [ -65.433, -22.399 ], [ -65.433, -22.433 ], [ -65.466, -22.433 ], [ -65.466, -22.466 ], [ -65.499, -22.466 ], [ -65.499, -22.499 ], [ -65.533, -22.499 ], [ -65.533, -22.533 ], [ -65.566, -22.533 ], [ -65.566, -22.499 ], [ -65.599, -22.499 ], [ -65.599, -22.533 ], [ -65.633, -22.533 ], [ -65.633, -22.566 ], [ -65.633, -22.599 ], [ -65.633, -22.633 ], [ -65.666, -22.633 ], [ -65.666, -22.666 ], [ -65.699, -22.666 ], [ -65.733, -22.666 ], [ -65.733, -22.633 ], [ -65.766, -22.633 ], [ -65.766, -22.599 ], [ -65.766, -22.566 ], [ -65.766, -22.533 ], [ -65.799, -22.533 ], [ -65.799, -22.499 ], [ -65.799, -22.466 ], [ -65.799, -22.433 ], [ -65.799, -22.399 ], [ -65.833, -22.399 ], [ -65.833, -22.366 ], [ -65.833, -22.333 ], [ -65.799, -22.333 ], [ -65.799, -22.299 ], [ -65.799, -22.266 ], [ -65.833, -22.266 ], [ -65.833, -22.299 ], [ -65.866, -22.299 ], [ -65.866, -22.333 ], [ -65.866, -22.366 ], [ -65.899, -22.366 ], [ -65.899, -22.399 ], [ -65.899, -22.433 ], [ -65.933, -22.433 ], [ -65.933, -22.466 ], [ -65.933, -22.499 ], [ -65.966, -22.499 ], [ -65.999, -22.499 ], [ -66.033, -22.499 ], [ -66.033, -22.466 ], [ -66.066, -22.466 ], [ -66.066, -22.433 ], [ -66.066, -22.399 ], [ -66.099, -22.399 ], [ -66.099, -22.366 ], [ -66.066, -22.366 ], [ -66.066, -22.333 ], [ -66.066, -22.299 ], [ -66.066, -22.266 ], [ -66.033, -22.266 ], [ -66.033, -22.233 ], [ -66.066, -22.233 ], [ -66.066, -22.199 ], [ -66.066, -22.166 ], [ -66.066, -22.133 ], [ -66.066, -22.099 ], [ -66.033, -22.099 ], [ -66.033, -22.066 ], [ -66.066, -22.066 ], [ -66.066, -22.033 ], [ -66.033, -22.033 ], [ -66.033, -21.999 ], [ -66.066, -21.999 ], [ -66.066, -21.966 ], [ -66.066, -21.933 ], [ -66.066, -21.899 ], [ -66.066, -21.866 ], [ -66.057, -21.857 ], [ -66.043, -21.871 ], [ -66.047, -21.918 ], [ -66.041, -21.919 ], [ -65.923, -21.931 ], [ -65.897, -21.964 ], [ -65.899, -21.966 ], [ -65.899, -21.999 ], [ -65.933, -21.999 ] ] ], [ [ [ -66.199, -21.899 ], [ -66.199, -21.866 ], [ -66.242, -21.866 ], [ -66.240, -21.861 ], [ -66.239, -21.859 ], [ -66.238, -21.858 ], [ -66.237, -21.856 ], [ -66.236, -21.853 ], [ -66.235, -21.852 ], [ -66.236, -21.850 ], [ -66.236, -21.849 ], [ -66.236, -21.845 ], [ -66.237, -21.843 ], [ -66.239, -21.841 ], [ -66.240, -21.838 ], [ -66.240, -21.836 ], [ -66.241, -21.833 ], [ -66.240, -21.831 ], [ -66.239, -21.827 ], [ -66.238, -21.823 ], [ -66.237, -21.820 ], [ -66.237, -21.817 ], [ -66.237, -21.815 ], [ -66.237, -21.813 ], [ -66.238, -21.811 ], [ -66.238, -21.808 ], [ -66.239, -21.805 ], [ -66.240, -21.804 ], [ -66.241, -21.803 ], [ -66.242, -21.801 ], [ -66.242, -21.799 ], [ -66.199, -21.799 ], [ -66.195, -21.795 ], [ -66.193, -21.797 ], [ -66.122, -21.822 ], [ -66.133, -21.833 ], [ -66.166, -21.833 ], [ -66.166, -21.866 ], [ -66.166, -21.899 ], [ -66.199, -21.899 ] ] ] ] } }
]
}
