{
"type": "FeatureCollection",
                                                                                                                                  
"features": [
{ "type": "Feature", "properties": { "pm_icon": "AR_9b", "hzs": "9b" }, "geometry": { "type": "MultiPolygon", "coordinates": [ [ [ [ -71.833, -47.533 ], [ -71.866, -47.533 ], [ -71.866, -47.499 ], [ -71.833, -47.499 ], [ -71.833, -47.533 ] ] ], [ [ [ -71.599, -46.366 ], [ -71.599, -46.399 ], [ -71.566, -46.399 ], [ -71.566, -46.433 ], [ -71.533, -46.433 ], [ -71.533, -46.466 ], [ -71.499, -46.466 ], [ -71.499, -46.499 ], [ -71.499, -46.533 ], [ -71.499, -46.566 ], [ -71.533, -46.566 ], [ -71.533, -46.599 ], [ -71.566, -46.599 ], [ -71.566, -46.633 ], [ -71.599, -46.633 ], [ -71.633, -46.633 ], [ -71.649, -46.649 ], [ -71.649, -46.647 ], [ -71.648, -46.646 ], [ -71.647, -46.640 ], [ -71.649, -46.633 ], [ -71.651, -46.630 ], [ -71.654, -46.627 ], [ -71.656, -46.626 ], [ -71.658, -46.626 ], [ -71.658, -46.624 ], [ -71.659, -46.622 ], [ -71.661, -46.621 ], [ -71.665, -46.619 ], [ -71.668, -46.615 ], [ -71.668, -46.612 ], [ -71.667, -46.611 ], [ -71.666, -46.608 ], [ -71.666, -46.603 ], [ -71.665, -46.601 ], [ -71.667, -46.596 ], [ -71.668, -46.590 ], [ -71.668, -46.587 ], [ -71.669, -46.587 ], [ -71.668, -46.584 ], [ -71.668, -46.583 ], [ -71.667, -46.578 ], [ -71.666, -46.571 ], [ -71.665, -46.565 ], [ -71.666, -46.559 ], [ -71.668, -46.553 ], [ -71.671, -46.546 ], [ -71.672, -46.542 ], [ -71.674, -46.536 ], [ -71.671, -46.530 ], [ -71.672, -46.528 ], [ -71.673, -46.523 ], [ -71.708, -46.459 ], [ -71.740, -46.366 ], [ -71.699, -46.366 ], [ -71.666, -46.366 ], [ -71.633, -46.366 ], [ -71.599, -46.366 ] ] ], [ [ [ -71.499, -42.199 ], [ -71.533, -42.199 ], [ -71.533, -42.166 ], [ -71.499, -42.166 ], [ -71.499, -42.199 ] ] ], [ [ [ -71.566, -42.133 ], [ -71.566, -42.099 ], [ -71.533, -42.099 ], [ -71.533, -42.133 ], [ -71.566, -42.133 ] ] ], [ [ [ -71.566, -42.133 ], [ -71.566, -42.166 ], [ -71.599, -42.166 ], [ -71.599, -42.199 ], [ -71.633, -42.199 ], [ -71.633, -42.233 ], [ -71.666, -42.233 ], [ -71.666, -42.266 ], [ -71.699, -42.266 ], [ -71.733, -42.266 ], [ -71.733, -42.233 ], [ -71.699, -42.233 ], [ -71.699, -42.199 ], [ -71.666, -42.199 ], [ -71.666, -42.166 ], [ -71.633, -42.166 ], [ -71.633, -42.133 ], [ -71.666, -42.133 ], [ -71.699, -42.133 ], [ -71.699, -42.099 ], [ -71.666, -42.099 ], [ -71.633, -42.099 ], [ -71.633, -42.066 ], [ -71.599, -42.066 ], [ -71.599, -42.099 ], [ -71.599, -42.133 ], [ -71.566, -42.133 ] ] ], [ [ [ -71.533, -42.099 ], [ -71.533, -42.066 ], [ -71.566, -42.066 ], [ -71.599, -42.066 ], [ -71.599, -42.033 ], [ -71.599, -41.999 ], [ -71.599, -41.966 ], [ -71.566, -41.966 ], [ -71.566, -41.933 ], [ -71.566, -41.899 ], [ -71.566, -41.866 ], [ -71.566, -41.833 ], [ -71.533, -41.833 ], [ -71.499, -41.833 ], [ -71.499, -41.866 ], [ -71.466, -41.866 ], [ -71.466, -41.899 ], [ -71.499, -41.899 ], [ -71.499, -41.933 ], [ -71.499, -41.966 ], [ -71.499, -41.999 ], [ -71.499, -42.033 ], [ -71.499, -42.066 ], [ -71.466, -42.066 ], [ -71.466, -42.099 ], [ -71.499, -42.099 ], [ -71.533, -42.099 ] ] ], [ [ [ -71.533, -41.699 ], [ -71.499, -41.699 ], [ -71.499, -41.733 ], [ -71.533, -41.733 ], [ -71.533, -41.699 ] ] ], [ [ [ -71.533, -41.699 ], [ -71.566, -41.699 ], [ -71.566, -41.666 ], [ -71.533, -41.666 ], [ -71.533, -41.699 ] ] ], [ [ [ -71.566, -41.666 ], [ -71.599, -41.666 ], [ -71.633, -41.666 ], [ -71.633, -41.633 ], [ -71.666, -41.633 ], [ -71.699, -41.633 ], [ -71.699, -41.599 ], [ -71.699, -41.566 ], [ -71.666, -41.566 ], [ -71.633, -41.566 ], [ -71.599, -41.566 ], [ -71.599, -41.599 ], [ -71.566, -41.599 ], [ -71.566, -41.633 ], [ -71.566, -41.666 ] ] ], [ [ [ -71.799, -41.533 ], [ -71.766, -41.533 ], [ -71.766, -41.566 ], [ -71.766, -41.599 ], [ -71.766, -41.633 ], [ -71.799, -41.633 ], [ -71.799, -41.599 ], [ -71.799, -41.566 ], [ -71.799, -41.533 ] ] ], [ [ [ -71.799, -41.533 ], [ -71.846, -41.533 ], [ -71.847, -41.530 ], [ -71.847, -41.527 ], [ -71.847, -41.523 ], [ -71.848, -41.521 ], [ -71.846, -41.517 ], [ -71.845, -41.512 ], [ -71.846, -41.508 ], [ -71.846, -41.506 ], [ -71.845, -41.504 ], [ -71.843, -41.499 ], [ -71.799, -41.499 ], [ -71.799, -41.533 ] ] ], [ [ [ -71.699, -41.499 ], [ -71.666, -41.499 ], [ -71.633, -41.499 ], [ -71.599, -41.499 ], [ -71.566, -41.499 ], [ -71.533, -41.499 ], [ -71.499, -41.499 ], [ -71.499, -41.533 ], [ -71.499, -41.566 ], [ -71.466, -41.566 ], [ -71.466, -41.599 ], [ -71.499, -41.599 ], [ -71.499, -41.633 ], [ -71.533, -41.633 ], [ -71.533, -41.599 ], [ -71.533, -41.566 ], [ -71.533, -41.533 ], [ -71.566, -41.533 ], [ -71.599, -41.533 ], [ -71.633, -41.533 ], [ -71.666, -41.533 ], [ -71.699, -41.533 ], [ -71.699, -41.499 ] ] ], [ [ [ -71.699, -41.499 ], [ -71.733, -41.499 ], [ -71.733, -41.466 ], [ -71.766, -41.466 ], [ -71.766, -41.433 ], [ -71.733, -41.433 ], [ -71.699, -41.433 ], [ -71.699, -41.466 ], [ -71.699, -41.499 ] ] ], [ [ [ -71.466, -41.433 ], [ -71.499, -41.433 ], [ -71.499, -41.399 ], [ -71.499, -41.366 ], [ -71.466, -41.366 ], [ -71.466, -41.399 ], [ -71.466, -41.433 ] ] ], [ [ [ -71.733, -41.333 ], [ -71.733, -41.366 ], [ -71.699, -41.366 ], [ -71.699, -41.399 ], [ -71.733, -41.399 ], [ -71.766, -41.399 ], [ -71.799, -41.399 ], [ -71.799, -41.366 ], [ -71.766, -41.366 ], [ -71.766, -41.333 ], [ -71.733, -41.333 ] ] ], [ [ [ -71.633, -41.266 ], [ -71.666, -41.266 ], [ -71.699, -41.266 ], [ -71.733, -41.266 ], [ -71.733, -41.233 ], [ -71.699, -41.233 ], [ -71.666, -41.233 ], [ -71.633, -41.233 ], [ -71.633, -41.266 ] ] ], [ [ [ -71.633, -41.266 ], [ -71.599, -41.266 ], [ -71.566, -41.266 ], [ -71.566, -41.299 ], [ -71.533, -41.299 ], [ -71.533, -41.266 ], [ -71.499, -41.266 ], [ -71.499, -41.233 ], [ -71.466, -41.233 ], [ -71.466, -41.266 ], [ -71.466, -41.299 ], [ -71.466, -41.333 ], [ -71.499, -41.333 ], [ -71.533, -41.333 ], [ -71.533, -41.366 ], [ -71.566, -41.366 ], [ -71.599, -41.366 ], [ -71.633, -41.366 ], [ -71.666, -41.366 ], [ -71.666, -41.333 ], [ -71.633, -41.333 ], [ -71.599, -41.333 ], [ -71.599, -41.299 ], [ -71.633, -41.299 ], [ -71.633, -41.266 ] ] ], [ [ [ -71.666, -41.133 ], [ -71.666, -41.166 ], [ -71.699, -41.166 ], [ -71.699, -41.133 ], [ -71.666, -41.133 ] ] ], [ [ [ -71.666, -41.133 ], [ -71.666, -41.099 ], [ -71.633, -41.099 ], [ -71.633, -41.133 ], [ -71.666, -41.133 ] ] ], [ [ [ -71.466, -41.133 ], [ -71.433, -41.133 ], [ -71.433, -41.099 ], [ -71.466, -41.099 ], [ -71.466, -41.133 ], [ -71.499, -41.133 ], [ -71.499, -41.099 ], [ -71.533, -41.099 ], [ -71.566, -41.099 ], [ -71.599, -41.099 ], [ -71.599, -41.066 ], [ -71.599, -41.033 ], [ -71.599, -40.999 ], [ -71.599, -40.966 ], [ -71.599, -40.933 ], [ -71.633, -40.933 ], [ -71.633, -40.899 ], [ -71.599, -40.899 ], [ -71.566, -40.899 ], [ -71.566, -40.933 ], [ -71.533, -40.933 ], [ -71.499, -40.933 ], [ -71.499, -40.899 ], [ -71.466, -40.899 ], [ -71.466, -40.933 ], [ -71.466, -40.966 ], [ -71.466, -40.999 ], [ -71.433, -40.999 ], [ -71.433, -41.033 ], [ -71.399, -41.033 ], [ -71.399, -41.066 ], [ -71.366, -41.066 ], [ -71.366, -41.099 ], [ -71.366, -41.133 ], [ -71.399, -41.133 ], [ -71.399, -41.166 ], [ -71.366, -41.166 ], [ -71.366, -41.199 ], [ -71.399, -41.199 ], [ -71.433, -41.199 ], [ -71.433, -41.166 ], [ -71.466, -41.166 ], [ -71.466, -41.133 ] ] ], [ [ [ -67.133, -39.533 ], [ -67.133, -39.566 ], [ -67.099, -39.566 ], [ -67.066, -39.566 ], [ -67.033, -39.566 ], [ -67.033, -39.599 ], [ -66.999, -39.599 ], [ -66.966, -39.599 ], [ -66.933, -39.599 ], [ -66.933, -39.633 ], [ -66.899, -39.633 ], [ -66.866, -39.633 ], [ -66.833, -39.633 ], [ -66.833, -39.666 ], [ -66.799, -39.666 ], [ -66.799, -39.699 ], [ -66.766, -39.699 ], [ -66.766, -39.733 ], [ -66.799, -39.733 ], [ -66.799, -39.766 ], [ -66.833, -39.766 ], [ -66.866, -39.766 ], [ -66.866, -39.733 ], [ -66.899, -39.733 ], [ -66.899, -39.699 ], [ -66.933, -39.699 ], [ -66.966, -39.699 ], [ -66.999, -39.699 ], [ -67.033, -39.699 ], [ -67.033, -39.666 ], [ -67.066, -39.666 ], [ -67.099, -39.666 ], [ -67.099, -39.633 ], [ -67.133, -39.633 ], [ -67.166, -39.633 ], [ -67.166, -39.599 ], [ -67.166, -39.566 ], [ -67.199, -39.566 ], [ -67.233, -39.566 ], [ -67.233, -39.533 ], [ -67.199, -39.533 ], [ -67.166, -39.533 ], [ -67.133, -39.533 ] ] ], [ [ [ -62.999, -39.566 ], [ -63.033, -39.566 ], [ -63.033, -39.533 ], [ -62.999, -39.533 ], [ -62.999, -39.566 ] ] ], [ [ [ -63.266, -39.499 ], [ -63.266, -39.533 ], [ -63.233, -39.533 ], [ -63.199, -39.533 ], [ -63.166, -39.533 ], [ -63.133, -39.533 ], [ -63.099, -39.533 ], [ -63.099, -39.566 ], [ -63.066, -39.566 ], [ -63.066, -39.599 ], [ -63.099, -39.599 ], [ -63.133, -39.599 ], [ -63.166, -39.599 ], [ -63.199, -39.599 ], [ -63.233, -39.599 ], [ -63.233, -39.566 ], [ -63.266, -39.566 ], [ -63.299, -39.566 ], [ -63.333, -39.566 ], [ -63.333, -39.533 ], [ -63.333, -39.499 ], [ -63.299, -39.499 ], [ -63.266, -39.499 ] ] ], [ [ [ -63.866, -39.399 ], [ -63.899, -39.399 ], [ -63.899, -39.366 ], [ -63.866, -39.366 ], [ -63.866, -39.333 ], [ -63.833, -39.333 ], [ -63.833, -39.366 ], [ -63.833, -39.399 ], [ -63.866, -39.399 ] ] ], [ [ [ -63.499, -39.299 ], [ -63.466, -39.299 ], [ -63.466, -39.333 ], [ -63.499, -39.333 ], [ -63.499, -39.299 ] ] ], [ [ [ -63.633, -39.299 ], [ -63.666, -39.299 ], [ -63.666, -39.266 ], [ -63.633, -39.266 ], [ -63.633, -39.299 ] ] ], [ [ [ -63.499, -39.299 ], [ -63.533, -39.299 ], [ -63.566, -39.299 ], [ -63.566, -39.266 ], [ -63.533, -39.266 ], [ -63.499, -39.266 ], [ -63.499, -39.299 ] ] ], [ [ [ -62.271, -39.177 ], [ -62.277, -39.188 ], [ -62.283, -39.183 ], [ -62.283, -39.166 ], [ -62.272, -39.166 ], [ -62.271, -39.177 ] ] ], [ [ [ -63.699, -39.033 ], [ -63.699, -39.066 ], [ -63.733, -39.066 ], [ -63.733, -39.033 ], [ -63.766, -39.033 ], [ -63.799, -39.033 ], [ -63.833, -39.033 ], [ -63.866, -39.033 ], [ -63.899, -39.033 ], [ -63.899, -38.999 ], [ -63.866, -38.999 ], [ -63.833, -38.999 ], [ -63.799, -38.999 ], [ -63.766, -38.999 ], [ -63.733, -38.999 ], [ -63.699, -38.999 ], [ -63.666, -38.999 ], [ -63.666, -39.033 ], [ -63.699, -39.033 ] ] ], [ [ [ -63.599, -38.966 ], [ -63.599, -38.999 ], [ -63.566, -38.999 ], [ -63.533, -38.999 ], [ -63.533, -39.033 ], [ -63.566, -39.033 ], [ -63.599, -39.033 ], [ -63.633, -39.033 ], [ -63.633, -38.999 ], [ -63.633, -38.966 ], [ -63.599, -38.966 ] ] ], [ [ [ -63.966, -38.866 ], [ -63.999, -38.866 ], [ -63.999, -38.833 ], [ -63.966, -38.833 ], [ -63.966, -38.866 ] ] ], [ [ [ -62.633, -38.433 ], [ -62.633, -38.466 ], [ -62.633, -38.499 ], [ -62.633, -38.533 ], [ -62.666, -38.533 ], [ -62.666, -38.499 ], [ -62.666, -38.466 ], [ -62.666, -38.433 ], [ -62.633, -38.433 ] ] ], [ [ [ -58.192, -38.458 ], [ -58.199, -38.461 ], [ -58.199, -38.433 ], [ -58.166, -38.433 ], [ -58.153, -38.446 ], [ -58.192, -38.458 ] ] ], [ [ [ -64.499, -38.099 ], [ -64.533, -38.099 ], [ -64.533, -38.066 ], [ -64.499, -38.066 ], [ -64.499, -38.099 ] ] ], [ [ [ -60.999, -38.533 ], [ -60.999, -38.566 ], [ -60.966, -38.566 ], [ -60.966, -38.533 ], [ -60.999, -38.533 ], [ -60.999, -38.499 ], [ -61.033, -38.499 ], [ -61.033, -38.466 ], [ -60.999, -38.466 ], [ -60.999, -38.433 ], [ -60.999, -38.399 ], [ -60.999, -38.366 ], [ -60.966, -38.366 ], [ -60.966, -38.333 ], [ -60.933, -38.333 ], [ -60.933, -38.299 ], [ -60.899, -38.299 ], [ -60.899, -38.266 ], [ -60.866, -38.266 ], [ -60.866, -38.233 ], [ -60.833, -38.233 ], [ -60.833, -38.199 ], [ -60.833, -38.166 ], [ -60.799, -38.166 ], [ -60.799, -38.133 ], [ -60.766, -38.133 ], [ -60.766, -38.099 ], [ -60.733, -38.099 ], [ -60.733, -38.066 ], [ -60.699, -38.066 ], [ -60.699, -38.033 ], [ -60.666, -38.033 ], [ -60.666, -37.999 ], [ -60.633, -37.999 ], [ -60.599, -37.999 ], [ -60.566, -37.999 ], [ -60.533, -37.999 ], [ -60.499, -37.999 ], [ -60.466, -37.999 ], [ -60.433, -37.999 ], [ -60.433, -37.966 ], [ -60.399, -37.966 ], [ -60.366, -37.966 ], [ -60.333, -37.966 ], [ -60.299, -37.966 ], [ -60.266, -37.966 ], [ -60.233, -37.966 ], [ -60.199, -37.966 ], [ -60.166, -37.966 ], [ -60.133, -37.966 ], [ -60.133, -37.999 ], [ -60.099, -37.999 ], [ -60.066, -37.999 ], [ -60.033, -37.999 ], [ -59.999, -37.999 ], [ -59.966, -37.999 ], [ -59.933, -37.999 ], [ -59.899, -37.999 ], [ -59.866, -37.999 ], [ -59.866, -38.033 ], [ -59.833, -38.033 ], [ -59.799, -38.033 ], [ -59.766, -38.033 ], [ -59.766, -38.066 ], [ -59.733, -38.066 ], [ -59.699, -38.066 ], [ -59.699, -38.099 ], [ -59.666, -38.099 ], [ -59.666, -38.133 ], [ -59.633, -38.133 ], [ -59.599, -38.133 ], [ -59.566, -38.133 ], [ -59.566, -38.166 ], [ -59.533, -38.166 ], [ -59.499, -38.166 ], [ -59.466, -38.166 ], [ -59.466, -38.199 ], [ -59.433, -38.199 ], [ -59.399, -38.199 ], [ -59.366, -38.199 ], [ -59.333, -38.199 ], [ -59.299, -38.199 ], [ -59.299, -38.166 ], [ -59.333, -38.166 ], [ -59.333, -38.133 ], [ -59.299, -38.133 ], [ -59.266, -38.133 ], [ -59.233, -38.133 ], [ -59.233, -38.166 ], [ -59.199, -38.166 ], [ -59.199, -38.133 ], [ -59.166, -38.133 ], [ -59.133, -38.133 ], [ -59.133, -38.166 ], [ -59.099, -38.166 ], [ -59.066, -38.166 ], [ -59.033, -38.166 ], [ -59.033, -38.199 ], [ -58.999, -38.199 ], [ -58.999, -38.233 ], [ -58.999, -38.266 ], [ -58.999, -38.299 ], [ -58.999, -38.333 ], [ -58.966, -38.333 ], [ -58.933, -38.333 ], [ -58.899, -38.333 ], [ -58.866, -38.333 ], [ -58.833, -38.333 ], [ -58.833, -38.299 ], [ -58.799, -38.299 ], [ -58.799, -38.333 ], [ -58.766, -38.333 ], [ -58.733, -38.333 ], [ -58.733, -38.366 ], [ -58.699, -38.366 ], [ -58.666, -38.366 ], [ -58.666, -38.399 ], [ -58.633, -38.399 ], [ -58.633, -38.433 ], [ -58.633, -38.466 ], [ -58.599, -38.466 ], [ -58.566, -38.466 ], [ -58.533, -38.466 ], [ -58.533, -38.499 ], [ -58.499, -38.499 ], [ -58.466, -38.499 ], [ -58.433, -38.499 ], [ -58.399, -38.499 ], [ -58.366, -38.499 ], [ -58.350, -38.516 ], [ -58.385, -38.528 ], [ -58.419, -38.537 ], [ -58.438, -38.547 ], [ -58.459, -38.552 ], [ -58.481, -38.562 ], [ -58.510, -38.570 ], [ -58.551, -38.576 ], [ -58.581, -38.584 ], [ -58.623, -38.590 ], [ -58.648, -38.597 ], [ -58.678, -38.600 ], [ -58.693, -38.607 ], [ -58.710, -38.607 ], [ -58.723, -38.611 ], [ -58.747, -38.622 ], [ -58.775, -38.628 ], [ -58.814, -38.648 ], [ -58.908, -38.670 ], [ -58.931, -38.683 ], [ -58.985, -38.696 ], [ -58.993, -38.701 ], [ -59.002, -38.705 ], [ -59.013, -38.706 ], [ -59.030, -38.711 ], [ -59.061, -38.715 ], [ -59.094, -38.725 ], [ -59.157, -38.735 ], [ -59.173, -38.739 ], [ -59.226, -38.743 ], [ -59.253, -38.748 ], [ -59.268, -38.752 ], [ -59.299, -38.756 ], [ -59.331, -38.765 ], [ -59.367, -38.771 ], [ -59.374, -38.775 ], [ -59.384, -38.778 ], [ -59.429, -38.782 ], [ -59.460, -38.788 ], [ -59.503, -38.793 ], [ -59.534, -38.800 ], [ -59.558, -38.802 ], [ -59.626, -38.814 ], [ -59.641, -38.818 ], [ -59.670, -38.821 ], [ -59.721, -38.834 ], [ -59.772, -38.851 ], [ -59.827, -38.858 ], [ -59.849, -38.864 ], [ -59.863, -38.865 ], [ -59.994, -38.882 ], [ -60.011, -38.882 ], [ -60.056, -38.886 ], [ -60.067, -38.889 ], [ -60.084, -38.889 ], [ -60.098, -38.893 ], [ -60.119, -38.894 ], [ -60.167, -38.904 ], [ -60.191, -38.904 ], [ -60.257, -38.914 ], [ -60.333, -38.929 ], [ -60.361, -38.936 ], [ -60.434, -38.949 ], [ -60.510, -38.958 ], [ -60.542, -38.960 ], [ -60.573, -38.965 ], [ -60.686, -38.976 ], [ -60.791, -38.994 ], [ -60.841, -39.006 ], [ -60.863, -39.008 ], [ -61.011, -39.009 ], [ -61.074, -39.016 ], [ -61.112, -39.025 ], [ -61.130, -39.026 ], [ -61.189, -39.026 ], [ -61.241, -39.020 ], [ -61.260, -39.020 ], [ -61.278, -39.017 ], [ -61.374, -39.015 ], [ -61.419, -39.018 ], [ -61.532, -39.031 ], [ -61.604, -39.031 ], [ -61.633, -39.027 ], [ -61.682, -39.013 ], [ -61.690, -39.009 ], [ -61.714, -38.992 ], [ -61.734, -38.994 ], [ -61.766, -39.006 ], [ -61.782, -39.011 ], [ -61.799, -39.013 ], [ -61.799, -38.966 ], [ -61.766, -38.966 ], [ -61.733, -38.966 ], [ -61.699, -38.966 ], [ -61.666, -38.966 ], [ -61.633, -38.966 ], [ -61.633, -38.933 ], [ -61.633, -38.899 ], [ -61.633, -38.866 ], [ -61.599, -38.866 ], [ -61.599, -38.833 ], [ -61.566, -38.833 ], [ -61.566, -38.799 ], [ -61.533, -38.799 ], [ -61.499, -38.799 ], [ -61.499, -38.766 ], [ -61.466, -38.766 ], [ -61.433, -38.766 ], [ -61.399, -38.766 ], [ -61.399, -38.733 ], [ -61.366, -38.733 ], [ -61.333, -38.733 ], [ -61.299, -38.733 ], [ -61.266, -38.733 ], [ -61.233, -38.733 ], [ -61.233, -38.699 ], [ -61.199, -38.699 ], [ -61.166, -38.699 ], [ -61.133, -38.699 ], [ -61.133, -38.666 ], [ -61.099, -38.666 ], [ -61.066, -38.666 ], [ -61.066, -38.633 ], [ -61.066, -38.599 ], [ -61.033, -38.599 ], [ -61.033, -38.566 ], [ -61.033, -38.533 ], [ -60.999, -38.533 ] ] ], [ [ [ -68.999, -37.933 ], [ -68.999, -37.966 ], [ -68.966, -37.966 ], [ -68.933, -37.966 ], [ -68.933, -37.999 ], [ -68.899, -37.999 ], [ -68.866, -37.999 ], [ -68.833, -37.999 ], [ -68.799, -37.999 ], [ -68.799, -38.033 ], [ -68.766, -38.033 ], [ -68.733, -38.033 ], [ -68.699, -38.033 ], [ -68.699, -38.066 ], [ -68.699, -38.099 ], [ -68.699, -38.133 ], [ -68.733, -38.133 ], [ -68.766, -38.133 ], [ -68.766, -38.166 ], [ -68.799, -38.166 ], [ -68.799, -38.199 ], [ -68.833, -38.199 ], [ -68.866, -38.199 ], [ -68.866, -38.233 ], [ -68.899, -38.233 ], [ -68.933, -38.233 ], [ -68.966, -38.233 ], [ -68.966, -38.266 ], [ -68.999, -38.266 ], [ -69.033, -38.266 ], [ -69.066, -38.266 ], [ -69.066, -38.233 ], [ -69.066, -38.199 ], [ -69.066, -38.166 ], [ -69.099, -38.166 ], [ -69.099, -38.133 ], [ -69.099, -38.099 ], [ -69.133, -38.099 ], [ -69.133, -38.066 ], [ -69.166, -38.066 ], [ -69.166, -38.033 ], [ -69.166, -37.999 ], [ -69.199, -37.999 ], [ -69.199, -37.966 ], [ -69.233, -37.966 ], [ -69.233, -37.933 ], [ -69.199, -37.933 ], [ -69.166, -37.933 ], [ -69.166, -37.966 ], [ -69.133, -37.966 ], [ -69.133, -37.933 ], [ -69.099, -37.933 ], [ -69.066, -37.933 ], [ -69.033, -37.933 ], [ -68.999, -37.933 ] ] ], [ [ [ -63.733, -37.966 ], [ -63.766, -37.966 ], [ -63.766, -37.933 ], [ -63.733, -37.933 ], [ -63.733, -37.966 ] ] ], [ [ [ -67.299, -36.866 ], [ -67.333, -36.866 ], [ -67.333, -36.833 ], [ -67.299, -36.833 ], [ -67.299, -36.866 ] ] ], [ [ [ -62.233, -37.733 ], [ -62.233, -37.699 ], [ -62.266, -37.699 ], [ -62.266, -37.733 ], [ -62.233, -37.733 ], [ -62.233, -37.766 ], [ -62.233, -37.799 ], [ -62.199, -37.799 ], [ -62.199, -37.833 ], [ -62.166, -37.833 ], [ -62.166, -37.866 ], [ -62.199, -37.866 ], [ -62.199, -37.899 ], [ -62.199, -37.933 ], [ -62.199, -37.966 ], [ -62.199, -37.999 ], [ -62.166, -37.999 ], [ -62.166, -38.033 ], [ -62.166, -38.066 ], [ -62.199, -38.066 ], [ -62.199, -38.099 ], [ -62.233, -38.099 ], [ -62.233, -38.133 ], [ -62.266, -38.133 ], [ -62.266, -38.166 ], [ -62.299, -38.166 ], [ -62.333, -38.166 ], [ -62.333, -38.199 ], [ -62.366, -38.199 ], [ -62.399, -38.199 ], [ -62.399, -38.233 ], [ -62.433, -38.233 ], [ -62.433, -38.266 ], [ -62.466, -38.266 ], [ -62.466, -38.299 ], [ -62.499, -38.299 ], [ -62.499, -38.333 ], [ -62.533, -38.333 ], [ -62.566, -38.333 ], [ -62.566, -38.366 ], [ -62.599, -38.366 ], [ -62.599, -38.399 ], [ -62.599, -38.433 ], [ -62.633, -38.433 ], [ -62.633, -38.399 ], [ -62.666, -38.399 ], [ -62.699, -38.399 ], [ -62.699, -38.433 ], [ -62.699, -38.466 ], [ -62.733, -38.466 ], [ -62.733, -38.499 ], [ -62.733, -38.533 ], [ -62.699, -38.533 ], [ -62.699, -38.566 ], [ -62.699, -38.599 ], [ -62.699, -38.633 ], [ -62.699, -38.666 ], [ -62.666, -38.666 ], [ -62.633, -38.666 ], [ -62.633, -38.699 ], [ -62.599, -38.699 ], [ -62.566, -38.699 ], [ -62.566, -38.733 ], [ -62.533, -38.733 ], [ -62.499, -38.733 ], [ -62.499, -38.766 ], [ -62.499, -38.799 ], [ -62.533, -38.799 ], [ -62.566, -38.799 ], [ -62.566, -38.833 ], [ -62.599, -38.833 ], [ -62.633, -38.833 ], [ -62.633, -38.866 ], [ -62.633, -38.899 ], [ -62.599, -38.899 ], [ -62.599, -38.933 ], [ -62.633, -38.933 ], [ -62.633, -38.966 ], [ -62.633, -38.999 ], [ -62.599, -38.999 ], [ -62.599, -39.033 ], [ -62.599, -39.066 ], [ -62.599, -39.099 ], [ -62.566, -39.099 ], [ -62.533, -39.099 ], [ -62.499, -39.099 ], [ -62.499, -39.133 ], [ -62.466, -39.133 ], [ -62.433, -39.133 ], [ -62.399, -39.133 ], [ -62.399, -39.166 ], [ -62.366, -39.166 ], [ -62.366, -39.199 ], [ -62.399, -39.199 ], [ -62.399, -39.233 ], [ -62.366, -39.233 ], [ -62.333, -39.233 ], [ -62.299, -39.233 ], [ -62.266, -39.233 ], [ -62.266, -39.199 ], [ -62.267, -39.198 ], [ -62.265, -39.189 ], [ -62.257, -39.181 ], [ -62.245, -39.175 ], [ -62.233, -39.174 ], [ -62.233, -39.199 ], [ -62.199, -39.199 ], [ -62.166, -39.199 ], [ -62.133, -39.199 ], [ -62.113, -39.180 ], [ -62.085, -39.193 ], [ -62.070, -39.197 ], [ -62.060, -39.204 ], [ -62.039, -39.202 ], [ -62.026, -39.204 ], [ -62.008, -39.210 ], [ -62.000, -39.208 ], [ -62.006, -39.203 ], [ -62.030, -39.196 ], [ -62.039, -39.190 ], [ -62.053, -39.188 ], [ -62.054, -39.187 ], [ -62.033, -39.166 ], [ -61.999, -39.166 ], [ -61.966, -39.166 ], [ -61.966, -39.133 ], [ -61.933, -39.133 ], [ -61.933, -39.099 ], [ -61.899, -39.099 ], [ -61.867, -39.067 ], [ -61.865, -39.068 ], [ -61.855, -39.077 ], [ -61.845, -39.096 ], [ -61.846, -39.116 ], [ -61.845, -39.119 ], [ -61.834, -39.132 ], [ -61.831, -39.145 ], [ -61.819, -39.173 ], [ -61.816, -39.198 ], [ -61.817, -39.221 ], [ -61.825, -39.240 ], [ -61.842, -39.259 ], [ -61.852, -39.266 ], [ -61.863, -39.269 ], [ -61.881, -39.269 ], [ -61.907, -39.258 ], [ -61.916, -39.253 ], [ -61.930, -39.240 ], [ -61.931, -39.247 ], [ -61.935, -39.258 ], [ -61.946, -39.269 ], [ -61.937, -39.277 ], [ -61.933, -39.285 ], [ -61.931, -39.301 ], [ -61.933, -39.313 ], [ -61.939, -39.321 ], [ -61.948, -39.328 ], [ -61.960, -39.333 ], [ -61.974, -39.333 ], [ -61.982, -39.342 ], [ -61.976, -39.353 ], [ -61.974, -39.369 ], [ -61.972, -39.379 ], [ -61.976, -39.410 ], [ -61.986, -39.428 ], [ -61.991, -39.434 ], [ -62.000, -39.440 ], [ -62.011, -39.443 ], [ -62.011, -39.460 ], [ -62.012, -39.467 ], [ -62.033, -39.501 ], [ -62.035, -39.514 ], [ -62.043, -39.524 ], [ -62.046, -39.531 ], [ -62.055, -39.546 ], [ -62.058, -39.558 ], [ -62.058, -39.570 ], [ -62.063, -39.581 ], [ -62.072, -39.624 ], [ -62.079, -39.635 ], [ -62.079, -39.640 ], [ -62.067, -39.650 ], [ -62.061, -39.658 ], [ -62.056, -39.674 ], [ -62.055, -39.685 ], [ -62.062, -39.702 ], [ -62.072, -39.710 ], [ -62.079, -39.726 ], [ -62.090, -39.739 ], [ -62.089, -39.774 ], [ -62.090, -39.783 ], [ -62.086, -39.814 ], [ -62.080, -39.827 ], [ -62.080, -39.839 ], [ -62.082, -39.850 ], [ -62.080, -39.862 ], [ -62.081, -39.876 ], [ -62.087, -39.888 ], [ -62.074, -39.901 ], [ -62.070, -39.913 ], [ -62.071, -39.921 ], [ -62.077, -39.940 ], [ -62.076, -39.947 ], [ -62.078, -39.954 ], [ -62.083, -39.962 ], [ -62.092, -39.969 ], [ -62.076, -39.974 ], [ -62.060, -39.987 ], [ -62.055, -40.000 ], [ -62.057, -40.011 ], [ -62.062, -40.020 ], [ -62.069, -40.027 ], [ -62.077, -40.031 ], [ -62.089, -40.034 ], [ -62.092, -40.040 ], [ -62.099, -40.033 ], [ -62.133, -40.033 ], [ -62.133, -39.999 ], [ -62.099, -39.999 ], [ -62.099, -39.966 ], [ -62.133, -39.966 ], [ -62.149, -39.983 ], [ -62.166, -39.966 ], [ -62.199, -39.966 ], [ -62.199, -39.933 ], [ -62.233, -39.933 ], [ -62.233, -39.899 ], [ -62.266, -39.899 ], [ -62.299, -39.899 ], [ -62.333, -39.899 ], [ -62.333, -39.866 ], [ -62.366, -39.866 ], [ -62.399, -39.866 ], [ -62.433, -39.866 ], [ -62.433, -39.833 ], [ -62.466, -39.833 ], [ -62.499, -39.833 ], [ -62.499, -39.799 ], [ -62.533, -39.799 ], [ -62.533, -39.766 ], [ -62.566, -39.766 ], [ -62.566, -39.733 ], [ -62.599, -39.733 ], [ -62.633, -39.733 ], [ -62.666, -39.733 ], [ -62.699, -39.733 ], [ -62.699, -39.699 ], [ -62.666, -39.699 ], [ -62.633, -39.699 ], [ -62.633, -39.666 ], [ -62.666, -39.666 ], [ -62.666, -39.633 ], [ -62.633, -39.633 ], [ -62.633, -39.599 ], [ -62.666, -39.599 ], [ -62.699, -39.599 ], [ -62.733, -39.599 ], [ -62.733, -39.566 ], [ -62.766, -39.566 ], [ -62.766, -39.599 ], [ -62.733, -39.599 ], [ -62.733, -39.633 ], [ -62.766, -39.633 ], [ -62.799, -39.633 ], [ -62.833, -39.633 ], [ -62.833, -39.599 ], [ -62.799, -39.599 ], [ -62.799, -39.566 ], [ -62.833, -39.566 ], [ -62.833, -39.599 ], [ -62.866, -39.599 ], [ -62.866, -39.566 ], [ -62.899, -39.566 ], [ -62.899, -39.533 ], [ -62.933, -39.533 ], [ -62.933, -39.499 ], [ -62.966, -39.499 ], [ -62.999, -39.499 ], [ -63.033, -39.499 ], [ -63.066, -39.499 ], [ -63.066, -39.466 ], [ -63.099, -39.466 ], [ -63.133, -39.466 ], [ -63.166, -39.466 ], [ -63.166, -39.433 ], [ -63.199, -39.433 ], [ -63.233, -39.433 ], [ -63.266, -39.433 ], [ -63.299, -39.433 ], [ -63.333, -39.433 ], [ -63.366, -39.433 ], [ -63.399, -39.433 ], [ -63.399, -39.399 ], [ -63.366, -39.399 ], [ -63.333, -39.399 ], [ -63.299, -39.399 ], [ -63.299, -39.366 ], [ -63.333, -39.366 ], [ -63.366, -39.366 ], [ -63.399, -39.366 ], [ -63.433, -39.366 ], [ -63.433, -39.333 ], [ -63.399, -39.333 ], [ -63.399, -39.299 ], [ -63.399, -39.266 ], [ -63.366, -39.266 ], [ -63.333, -39.266 ], [ -63.299, -39.266 ], [ -63.266, -39.266 ], [ -63.233, -39.266 ], [ -63.233, -39.233 ], [ -63.266, -39.233 ], [ -63.299, -39.233 ], [ -63.333, -39.233 ], [ -63.333, -39.199 ], [ -63.366, -39.199 ], [ -63.366, -39.166 ], [ -63.399, -39.166 ], [ -63.433, -39.166 ], [ -63.433, -39.199 ], [ -63.466, -39.199 ], [ -63.499, -39.199 ], [ -63.499, -39.166 ], [ -63.466, -39.166 ], [ -63.466, -39.133 ], [ -63.499, -39.133 ], [ -63.533, -39.133 ], [ -63.566, -39.133 ], [ -63.599, -39.133 ], [ -63.633, -39.133 ], [ -63.666, -39.133 ], [ -63.666, -39.099 ], [ -63.666, -39.066 ], [ -63.633, -39.066 ], [ -63.599, -39.066 ], [ -63.566, -39.066 ], [ -63.533, -39.066 ], [ -63.499, -39.066 ], [ -63.466, -39.066 ], [ -63.433, -39.066 ], [ -63.399, -39.066 ], [ -63.366, -39.066 ], [ -63.366, -39.033 ], [ -63.333, -39.033 ], [ -63.299, -39.033 ], [ -63.266, -39.033 ], [ -63.266, -39.066 ], [ -63.233, -39.066 ], [ -63.199, -39.066 ], [ -63.199, -39.099 ], [ -63.166, -39.099 ], [ -63.166, -39.066 ], [ -63.199, -39.066 ], [ -63.199, -39.033 ], [ -63.166, -39.033 ], [ -63.133, -39.033 ], [ -63.099, -39.033 ], [ -63.099, -38.999 ], [ -63.066, -38.999 ], [ -63.066, -38.966 ], [ -63.099, -38.966 ], [ -63.133, -38.966 ], [ -63.166, -38.966 ], [ -63.199, -38.966 ], [ -63.233, -38.966 ], [ -63.266, -38.966 ], [ -63.299, -38.966 ], [ -63.333, -38.966 ], [ -63.366, -38.966 ], [ -63.399, -38.966 ], [ -63.433, -38.966 ], [ -63.433, -38.933 ], [ -63.466, -38.933 ], [ -63.499, -38.933 ], [ -63.533, -38.933 ], [ -63.566, -38.933 ], [ -63.599, -38.933 ], [ -63.599, -38.899 ], [ -63.633, -38.899 ], [ -63.666, -38.899 ], [ -63.699, -38.899 ], [ -63.733, -38.899 ], [ -63.733, -38.933 ], [ -63.766, -38.933 ], [ -63.766, -38.899 ], [ -63.799, -38.899 ], [ -63.833, -38.899 ], [ -63.833, -38.866 ], [ -63.866, -38.866 ], [ -63.899, -38.866 ], [ -63.933, -38.866 ], [ -63.933, -38.833 ], [ -63.899, -38.833 ], [ -63.899, -38.799 ], [ -63.866, -38.799 ], [ -63.833, -38.799 ], [ -63.799, -38.799 ], [ -63.799, -38.833 ], [ -63.766, -38.833 ], [ -63.733, -38.833 ], [ -63.699, -38.833 ], [ -63.666, -38.833 ], [ -63.666, -38.799 ], [ -63.666, -38.766 ], [ -63.699, -38.766 ], [ -63.733, -38.766 ], [ -63.766, -38.766 ], [ -63.799, -38.766 ], [ -63.833, -38.766 ], [ -63.866, -38.766 ], [ -63.899, -38.766 ], [ -63.933, -38.766 ], [ -63.966, -38.766 ], [ -63.999, -38.766 ], [ -63.999, -38.799 ], [ -64.033, -38.799 ], [ -64.066, -38.799 ], [ -64.066, -38.766 ], [ -64.099, -38.766 ], [ -64.133, -38.766 ], [ -64.133, -38.799 ], [ -64.166, -38.799 ], [ -64.199, -38.799 ], [ -64.233, -38.799 ], [ -64.266, -38.799 ], [ -64.266, -38.766 ], [ -64.266, -38.733 ], [ -64.299, -38.733 ], [ -64.333, -38.733 ], [ -64.366, -38.733 ], [ -64.399, -38.733 ], [ -64.399, -38.699 ], [ -64.366, -38.699 ], [ -64.366, -38.666 ], [ -64.399, -38.666 ], [ -64.399, -38.633 ], [ -64.399, -38.599 ], [ -64.366, -38.599 ], [ -64.333, -38.599 ], [ -64.299, -38.599 ], [ -64.299, -38.566 ], [ -64.333, -38.566 ], [ -64.366, -38.566 ], [ -64.366, -38.533 ], [ -64.366, -38.499 ], [ -64.366, -38.466 ], [ -64.333, -38.466 ], [ -64.299, -38.466 ], [ -64.299, -38.499 ], [ -64.266, -38.499 ], [ -64.233, -38.499 ], [ -64.199, -38.499 ], [ -64.166, -38.499 ], [ -64.133, -38.499 ], [ -64.133, -38.466 ], [ -64.133, -38.433 ], [ -64.166, -38.433 ], [ -64.199, -38.433 ], [ -64.199, -38.399 ], [ -64.233, -38.399 ], [ -64.233, -38.366 ], [ -64.266, -38.366 ], [ -64.299, -38.366 ], [ -64.299, -38.333 ], [ -64.266, -38.333 ], [ -64.266, -38.299 ], [ -64.233, -38.299 ], [ -64.199, -38.299 ], [ -64.166, -38.299 ], [ -64.133, -38.299 ], [ -64.099, -38.299 ], [ -64.066, -38.299 ], [ -64.066, -38.333 ], [ -64.033, -38.333 ], [ -63.999, -38.333 ], [ -63.966, -38.333 ], [ -63.933, -38.333 ], [ -63.933, -38.299 ], [ -63.966, -38.299 ], [ -63.999, -38.299 ], [ -64.033, -38.299 ], [ -64.033, -38.266 ], [ -64.066, -38.266 ], [ -64.099, -38.266 ], [ -64.133, -38.266 ], [ -64.166, -38.266 ], [ -64.199, -38.266 ], [ -64.233, -38.266 ], [ -64.266, -38.266 ], [ -64.266, -38.299 ], [ -64.299, -38.299 ], [ -64.299, -38.266 ], [ -64.299, -38.233 ], [ -64.333, -38.233 ], [ -64.333, -38.199 ], [ -64.299, -38.199 ], [ -64.299, -38.166 ], [ -64.333, -38.166 ], [ -64.366, -38.166 ], [ -64.366, -38.133 ], [ -64.399, -38.133 ], [ -64.433, -38.133 ], [ -64.466, -38.133 ], [ -64.466, -38.099 ], [ -64.433, -38.099 ], [ -64.433, -38.066 ], [ -64.433, -38.033 ], [ -64.399, -38.033 ], [ -64.366, -38.033 ], [ -64.333, -38.033 ], [ -64.299, -38.033 ], [ -64.266, -38.033 ], [ -64.233, -38.033 ], [ -64.199, -38.033 ], [ -64.166, -38.033 ], [ -64.133, -38.033 ], [ -64.099, -38.033 ], [ -64.066, -38.033 ], [ -64.033, -38.033 ], [ -63.999, -38.033 ], [ -63.999, -37.999 ], [ -63.966, -37.999 ], [ -63.966, -38.033 ], [ -63.933, -38.033 ], [ -63.933, -38.066 ], [ -63.899, -38.066 ], [ -63.866, -38.066 ], [ -63.833, -38.066 ], [ -63.799, -38.066 ], [ -63.799, -38.033 ], [ -63.833, -38.033 ], [ -63.833, -37.999 ], [ -63.799, -37.999 ], [ -63.766, -37.999 ], [ -63.733, -37.999 ], [ -63.699, -37.999 ], [ -63.699, -37.966 ], [ -63.699, -37.933 ], [ -63.699, -37.899 ], [ -63.733, -37.899 ], [ -63.733, -37.866 ], [ -63.766, -37.866 ], [ -63.799, -37.866 ], [ -63.799, -37.833 ], [ -63.766, -37.833 ], [ -63.766, -37.799 ], [ -63.766, -37.766 ], [ -63.733, -37.766 ], [ -63.733, -37.733 ], [ -63.733, -37.699 ], [ -63.699, -37.699 ], [ -63.666, -37.699 ], [ -63.666, -37.666 ], [ -63.699, -37.666 ], [ -63.733, -37.666 ], [ -63.733, -37.633 ], [ -63.699, -37.633 ], [ -63.699, -37.599 ], [ -63.699, -37.566 ], [ -63.699, -37.533 ], [ -63.733, -37.533 ], [ -63.766, -37.533 ], [ -63.766, -37.499 ], [ -63.766, -37.466 ], [ -63.766, -37.433 ], [ -63.733, -37.433 ], [ -63.733, -37.399 ], [ -63.733, -37.366 ], [ -63.733, -37.333 ], [ -63.699, -37.333 ], [ -63.699, -37.299 ], [ -63.733, -37.299 ], [ -63.766, -37.299 ], [ -63.766, -37.266 ], [ -63.799, -37.266 ], [ -63.799, -37.299 ], [ -63.833, -37.299 ], [ -63.866, -37.299 ], [ -63.866, -37.266 ], [ -63.833, -37.266 ], [ -63.833, -37.233 ], [ -63.799, -37.233 ], [ -63.766, -37.233 ], [ -63.733, -37.233 ], [ -63.733, -37.199 ], [ -63.699, -37.199 ], [ -63.699, -37.166 ], [ -63.666, -37.166 ], [ -63.633, -37.166 ], [ -63.633, -37.133 ], [ -63.633, -37.099 ], [ -63.633, -37.066 ], [ -63.599, -37.066 ], [ -63.599, -37.033 ], [ -63.599, -36.999 ], [ -63.633, -36.999 ], [ -63.666, -36.999 ], [ -63.666, -36.966 ], [ -63.633, -36.966 ], [ -63.599, -36.966 ], [ -63.566, -36.966 ], [ -63.533, -36.966 ], [ -63.533, -36.933 ], [ -63.499, -36.933 ], [ -63.499, -36.899 ], [ -63.499, -36.866 ], [ -63.466, -36.866 ], [ -63.466, -36.833 ], [ -63.433, -36.833 ], [ -63.433, -36.799 ], [ -63.433, -36.766 ], [ -63.399, -36.766 ], [ -63.366, -36.766 ], [ -63.366, -36.733 ], [ -63.333, -36.733 ], [ -63.333, -36.699 ], [ -63.299, -36.699 ], [ -63.266, -36.699 ], [ -63.266, -36.666 ], [ -63.233, -36.666 ], [ -63.233, -36.633 ], [ -63.199, -36.633 ], [ -63.199, -36.599 ], [ -63.166, -36.599 ], [ -63.166, -36.566 ], [ -63.133, -36.566 ], [ -63.133, -36.533 ], [ -63.133, -36.499 ], [ -63.166, -36.499 ], [ -63.166, -36.466 ], [ -63.166, -36.433 ], [ -63.133, -36.433 ], [ -63.133, -36.399 ], [ -63.099, -36.399 ], [ -63.099, -36.366 ], [ -63.066, -36.366 ], [ -63.033, -36.366 ], [ -62.999, -36.366 ], [ -62.966, -36.366 ], [ -62.933, -36.366 ], [ -62.899, -36.366 ], [ -62.866, -36.366 ], [ -62.833, -36.366 ], [ -62.799, -36.366 ], [ -62.766, -36.366 ], [ -62.733, -36.366 ], [ -62.733, -36.399 ], [ -62.766, -36.399 ], [ -62.766, -36.433 ], [ -62.733, -36.433 ], [ -62.699, -36.433 ], [ -62.666, -36.433 ], [ -62.633, -36.433 ], [ -62.633, -36.466 ], [ -62.599, -36.466 ], [ -62.566, -36.466 ], [ -62.566, -36.499 ], [ -62.533, -36.499 ], [ -62.499, -36.499 ], [ -62.466, -36.499 ], [ -62.466, -36.533 ], [ -62.433, -36.533 ], [ -62.399, -36.533 ], [ -62.399, -36.566 ], [ -62.366, -36.566 ], [ -62.333, -36.566 ], [ -62.299, -36.566 ], [ -62.266, -36.566 ], [ -62.233, -36.566 ], [ -62.233, -36.599 ], [ -62.199, -36.599 ], [ -62.166, -36.599 ], [ -62.133, -36.599 ], [ -62.099, -36.599 ], [ -62.066, -36.599 ], [ -62.033, -36.599 ], [ -62.033, -36.633 ], [ -61.999, -36.633 ], [ -61.999, -36.666 ], [ -61.966, -36.666 ], [ -61.966, -36.699 ], [ -61.933, -36.699 ], [ -61.899, -36.699 ], [ -61.899, -36.733 ], [ -61.866, -36.733 ], [ -61.833, -36.733 ], [ -61.833, -36.766 ], [ -61.799, -36.766 ], [ -61.766, -36.766 ], [ -61.766, -36.799 ], [ -61.733, -36.799 ], [ -61.733, -36.833 ], [ -61.699, -36.833 ], [ -61.699, -36.866 ], [ -61.699, -36.899 ], [ -61.699, -36.933 ], [ -61.699, -36.966 ], [ -61.733, -36.966 ], [ -61.733, -36.999 ], [ -61.733, -37.033 ], [ -61.766, -37.033 ], [ -61.766, -37.066 ], [ -61.799, -37.066 ], [ -61.833, -37.066 ], [ -61.833, -37.099 ], [ -61.866, -37.099 ], [ -61.899, -37.099 ], [ -61.899, -37.133 ], [ -61.933, -37.133 ], [ -61.933, -37.166 ], [ -61.966, -37.166 ], [ -61.999, -37.166 ], [ -61.999, -37.199 ], [ -61.999, -37.233 ], [ -62.033, -37.233 ], [ -62.033, -37.266 ], [ -62.066, -37.266 ], [ -62.066, -37.299 ], [ -62.066, -37.333 ], [ -62.066, -37.366 ], [ -62.066, -37.399 ], [ -62.066, -37.433 ], [ -62.066, -37.466 ], [ -62.066, -37.499 ], [ -62.066, -37.533 ], [ -62.066, -37.566 ], [ -62.066, -37.599 ], [ -62.033, -37.599 ], [ -62.033, -37.633 ], [ -62.033, -37.666 ], [ -62.033, -37.699 ], [ -62.066, -37.699 ], [ -62.066, -37.733 ], [ -62.099, -37.733 ], [ -62.133, -37.733 ], [ -62.166, -37.733 ], [ -62.199, -37.733 ], [ -62.233, -37.733 ] ], [ [ -62.199, -37.599 ], [ -62.199, -37.566 ], [ -62.199, -37.533 ], [ -62.199, -37.499 ], [ -62.233, -37.499 ], [ -62.233, -37.466 ], [ -62.233, -37.433 ], [ -62.266, -37.433 ], [ -62.266, -37.399 ], [ -62.266, -37.366 ], [ -62.299, -37.366 ], [ -62.299, -37.333 ], [ -62.333, -37.333 ], [ -62.333, -37.299 ], [ -62.366, -37.299 ], [ -62.366, -37.266 ], [ -62.399, -37.266 ], [ -62.433, -37.266 ], [ -62.433, -37.233 ], [ -62.466, -37.233 ], [ -62.466, -37.199 ], [ -62.499, -37.199 ], [ -62.533, -37.199 ], [ -62.533, -37.166 ], [ -62.566, -37.166 ], [ -62.566, -37.199 ], [ -62.566, -37.233 ], [ -62.599, -37.233 ], [ -62.599, -37.266 ], [ -62.633, -37.266 ], [ -62.633, -37.299 ], [ -62.666, -37.299 ], [ -62.666, -37.333 ], [ -62.699, -37.333 ], [ -62.699, -37.366 ], [ -62.733, -37.366 ], [ -62.733, -37.399 ], [ -62.733, -37.433 ], [ -62.733, -37.466 ], [ -62.733, -37.499 ], [ -62.699, -37.499 ], [ -62.699, -37.533 ], [ -62.699, -37.566 ], [ -62.666, -37.566 ], [ -62.633, -37.566 ], [ -62.633, -37.599 ], [ -62.599, -37.599 ], [ -62.566, -37.599 ], [ -62.533, -37.599 ], [ -62.533, -37.633 ], [ -62.566, -37.633 ], [ -62.566, -37.666 ], [ -62.599, -37.666 ], [ -62.599, -37.699 ], [ -62.599, -37.733 ], [ -62.566, -37.733 ], [ -62.566, -37.766 ], [ -62.533, -37.766 ], [ -62.499, -37.766 ], [ -62.499, -37.799 ], [ -62.466, -37.799 ], [ -62.433, -37.799 ], [ -62.399, -37.799 ], [ -62.366, -37.799 ], [ -62.366, -37.766 ], [ -62.333, -37.766 ], [ -62.333, -37.733 ], [ -62.333, -37.699 ], [ -62.333, -37.666 ], [ -62.299, -37.666 ], [ -62.266, -37.666 ], [ -62.266, -37.633 ], [ -62.233, -37.633 ], [ -62.233, -37.599 ], [ -62.199, -37.599 ] ], [ [ -62.999, -39.066 ], [ -62.999, -39.033 ], [ -63.033, -39.033 ], [ -63.033, -39.066 ], [ -63.066, -39.066 ], [ -63.099, -39.066 ], [ -63.099, -39.099 ], [ -63.066, -39.099 ], [ -63.033, -39.099 ], [ -62.999, -39.099 ], [ -62.999, -39.066 ] ] ], [ [ [ -62.566, -37.799 ], [ -62.566, -37.833 ], [ -62.533, -37.833 ], [ -62.533, -37.799 ], [ -62.566, -37.799 ] ] ], [ [ [ -64.233, -38.199 ], [ -64.233, -38.233 ], [ -64.199, -38.233 ], [ -64.166, -38.233 ], [ -64.133, -38.233 ], [ -64.133, -38.199 ], [ -64.166, -38.199 ], [ -64.199, -38.199 ], [ -64.233, -38.199 ] ] ], [ [ [ -64.333, -38.666 ], [ -64.333, -38.699 ], [ -64.299, -38.699 ], [ -64.299, -38.666 ], [ -64.333, -38.666 ] ] ], [ [ [ -63.599, -38.766 ], [ -63.599, -38.799 ], [ -63.566, -38.799 ], [ -63.533, -38.799 ], [ -63.533, -38.766 ], [ -63.566, -38.766 ], [ -63.599, -38.766 ] ] ], [ [ [ -62.799, -39.033 ], [ -62.799, -39.066 ], [ -62.766, -39.066 ], [ -62.766, -39.033 ], [ -62.799, -39.033 ] ] ], [ [ [ -65.666, -35.799 ], [ -65.699, -35.799 ], [ -65.699, -35.766 ], [ -65.666, -35.766 ], [ -65.666, -35.799 ] ] ], [ [ [ -65.733, -35.033 ], [ -65.733, -34.999 ], [ -65.699, -34.999 ], [ -65.699, -35.033 ], [ -65.733, -35.033 ] ] ], [ [ [ -65.699, -34.999 ], [ -65.699, -34.966 ], [ -65.699, -34.933 ], [ -65.699, -34.899 ], [ -65.666, -34.899 ], [ -65.666, -34.933 ], [ -65.633, -34.933 ], [ -65.599, -34.933 ], [ -65.599, -34.966 ], [ -65.633, -34.966 ], [ -65.633, -34.999 ], [ -65.666, -34.999 ], [ -65.699, -34.999 ] ] ], [ [ [ -64.599, -34.633 ], [ -64.599, -34.666 ], [ -64.566, -34.666 ], [ -64.533, -34.666 ], [ -64.533, -34.699 ], [ -64.499, -34.699 ], [ -64.466, -34.699 ], [ -64.466, -34.733 ], [ -64.433, -34.733 ], [ -64.399, -34.733 ], [ -64.399, -34.766 ], [ -64.366, -34.766 ], [ -64.366, -34.799 ], [ -64.399, -34.799 ], [ -64.399, -34.833 ], [ -64.433, -34.833 ], [ -64.466, -34.833 ], [ -64.466, -34.799 ], [ -64.499, -34.799 ], [ -64.533, -34.799 ], [ -64.533, -34.766 ], [ -64.566, -34.766 ], [ -64.599, -34.766 ], [ -64.599, -34.799 ], [ -64.633, -34.799 ], [ -64.633, -34.766 ], [ -64.666, -34.766 ], [ -64.699, -34.766 ], [ -64.699, -34.733 ], [ -64.666, -34.733 ], [ -64.633, -34.733 ], [ -64.599, -34.733 ], [ -64.566, -34.733 ], [ -64.566, -34.699 ], [ -64.599, -34.699 ], [ -64.633, -34.699 ], [ -64.633, -34.666 ], [ -64.666, -34.666 ], [ -64.666, -34.633 ], [ -64.633, -34.633 ], [ -64.599, -34.633 ] ] ], [ [ [ -66.266, -34.633 ], [ -66.266, -34.599 ], [ -66.233, -34.599 ], [ -66.233, -34.633 ], [ -66.266, -34.633 ] ] ], [ [ [ -64.233, -34.433 ], [ -64.233, -34.466 ], [ -64.199, -34.466 ], [ -64.199, -34.499 ], [ -64.166, -34.499 ], [ -64.166, -34.533 ], [ -64.166, -34.566 ], [ -64.166, -34.599 ], [ -64.199, -34.599 ], [ -64.199, -34.633 ], [ -64.199, -34.666 ], [ -64.233, -34.666 ], [ -64.233, -34.699 ], [ -64.266, -34.699 ], [ -64.266, -34.666 ], [ -64.299, -34.666 ], [ -64.333, -34.666 ], [ -64.333, -34.633 ], [ -64.366, -34.633 ], [ -64.399, -34.633 ], [ -64.433, -34.633 ], [ -64.433, -34.599 ], [ -64.466, -34.599 ], [ -64.466, -34.566 ], [ -64.499, -34.566 ], [ -64.499, -34.533 ], [ -64.466, -34.533 ], [ -64.466, -34.499 ], [ -64.499, -34.499 ], [ -64.533, -34.499 ], [ -64.533, -34.466 ], [ -64.533, -34.433 ], [ -64.499, -34.433 ], [ -64.466, -34.433 ], [ -64.433, -34.433 ], [ -64.399, -34.433 ], [ -64.366, -34.433 ], [ -64.333, -34.433 ], [ -64.299, -34.433 ], [ -64.266, -34.433 ], [ -64.233, -34.433 ] ] ], [ [ [ -58.599, -34.333 ], [ -58.599, -34.366 ], [ -58.566, -34.366 ], [ -58.566, -34.399 ], [ -58.533, -34.399 ], [ -58.533, -34.433 ], [ -58.533, -34.466 ], [ -58.533, -34.499 ], [ -58.566, -34.499 ], [ -58.566, -34.533 ], [ -58.599, -34.533 ], [ -58.633, -34.533 ], [ -58.666, -34.533 ], [ -58.699, -34.533 ], [ -58.699, -34.566 ], [ -58.733, -34.566 ], [ -58.766, -34.566 ], [ -58.799, -34.566 ], [ -58.799, -34.533 ], [ -58.799, -34.499 ], [ -58.799, -34.466 ], [ -58.799, -34.433 ], [ -58.799, -34.399 ], [ -58.833, -34.399 ], [ -58.833, -34.366 ], [ -58.833, -34.333 ], [ -58.799, -34.333 ], [ -58.766, -34.333 ], [ -58.733, -34.333 ], [ -58.699, -34.333 ], [ -58.666, -34.333 ], [ -58.633, -34.333 ], [ -58.599, -34.333 ] ] ], [ [ [ -61.633, -33.333 ], [ -61.633, -33.366 ], [ -61.666, -33.366 ], [ -61.666, -33.333 ], [ -61.633, -33.333 ] ] ], [ [ [ -58.386, -33.253 ], [ -58.386, -33.264 ], [ -58.386, -33.263 ], [ -58.386, -33.252 ], [ -58.388, -33.245 ], [ -58.387, -33.238 ], [ -58.388, -33.240 ], [ -58.387, -33.248 ], [ -58.386, -33.253 ] ] ], [ [ [ -61.733, -33.266 ], [ -61.766, -33.266 ], [ -61.766, -33.233 ], [ -61.733, -33.233 ], [ -61.733, -33.266 ] ] ], [ [ [ -58.387, -33.229 ], [ -58.387, -33.234 ], [ -58.390, -33.212 ], [ -58.389, -33.198 ], [ -58.392, -33.185 ], [ -58.392, -33.173 ], [ -58.391, -33.179 ], [ -58.390, -33.183 ], [ -58.389, -33.191 ], [ -58.388, -33.198 ], [ -58.387, -33.203 ], [ -58.387, -33.209 ], [ -58.386, -33.216 ], [ -58.386, -33.223 ], [ -58.387, -33.229 ] ] ], [ [ [ -61.733, -32.933 ], [ -61.766, -32.933 ], [ -61.766, -32.899 ], [ -61.733, -32.899 ], [ -61.699, -32.899 ], [ -61.699, -32.933 ], [ -61.733, -32.933 ] ] ], [ [ [ -66.299, -31.933 ], [ -66.299, -31.966 ], [ -66.333, -31.966 ], [ -66.333, -31.933 ], [ -66.299, -31.933 ] ] ], [ [ [ -65.266, -31.666 ], [ -65.299, -31.666 ], [ -65.299, -31.633 ], [ -65.266, -31.633 ], [ -65.266, -31.666 ] ] ], [ [ [ -65.299, -31.633 ], [ -65.333, -31.633 ], [ -65.333, -31.599 ], [ -65.299, -31.599 ], [ -65.299, -31.633 ] ] ], [ [ [ -66.299, -31.933 ], [ -66.299, -31.899 ], [ -66.333, -31.899 ], [ -66.333, -31.866 ], [ -66.333, -31.833 ], [ -66.333, -31.799 ], [ -66.333, -31.766 ], [ -66.333, -31.733 ], [ -66.333, -31.699 ], [ -66.333, -31.666 ], [ -66.333, -31.633 ], [ -66.333, -31.599 ], [ -66.333, -31.566 ], [ -66.333, -31.533 ], [ -66.299, -31.533 ], [ -66.266, -31.533 ], [ -66.266, -31.566 ], [ -66.266, -31.599 ], [ -66.233, -31.599 ], [ -66.233, -31.633 ], [ -66.233, -31.666 ], [ -66.233, -31.699 ], [ -66.233, -31.733 ], [ -66.233, -31.766 ], [ -66.233, -31.799 ], [ -66.266, -31.799 ], [ -66.266, -31.833 ], [ -66.266, -31.866 ], [ -66.266, -31.899 ], [ -66.266, -31.933 ], [ -66.299, -31.933 ] ] ], [ [ [ -65.366, -31.533 ], [ -65.399, -31.533 ], [ -65.399, -31.499 ], [ -65.366, -31.499 ], [ -65.366, -31.533 ] ] ], [ [ [ -65.399, -31.466 ], [ -65.433, -31.466 ], [ -65.433, -31.433 ], [ -65.433, -31.399 ], [ -65.433, -31.366 ], [ -65.399, -31.366 ], [ -65.399, -31.399 ], [ -65.399, -31.433 ], [ -65.399, -31.466 ] ] ], [ [ [ -66.699, -31.166 ], [ -66.699, -31.199 ], [ -66.666, -31.199 ], [ -66.666, -31.233 ], [ -66.699, -31.233 ], [ -66.733, -31.233 ], [ -66.733, -31.199 ], [ -66.733, -31.166 ], [ -66.699, -31.166 ] ] ], [ [ [ -59.699, -31.166 ], [ -59.733, -31.166 ], [ -59.733, -31.133 ], [ -59.699, -31.133 ], [ -59.699, -31.166 ] ] ], [ [ [ -65.433, -31.199 ], [ -65.466, -31.199 ], [ -65.466, -31.166 ], [ -65.466, -31.133 ], [ -65.466, -31.099 ], [ -65.466, -31.066 ], [ -65.433, -31.066 ], [ -65.433, -31.099 ], [ -65.433, -31.133 ], [ -65.433, -31.166 ], [ -65.433, -31.199 ] ] ], [ [ [ -59.633, -31.066 ], [ -59.666, -31.066 ], [ -59.666, -31.033 ], [ -59.633, -31.033 ], [ -59.633, -31.066 ] ] ], [ [ [ -65.399, -30.966 ], [ -65.399, -30.999 ], [ -65.433, -30.999 ], [ -65.433, -30.966 ], [ -65.399, -30.966 ] ] ], [ [ [ -63.333, -30.833 ], [ -63.333, -30.866 ], [ -63.366, -30.866 ], [ -63.366, -30.833 ], [ -63.333, -30.833 ] ] ], [ [ [ -63.333, -30.833 ], [ -63.333, -30.799 ], [ -63.299, -30.799 ], [ -63.299, -30.833 ], [ -63.333, -30.833 ] ] ], [ [ [ -66.366, -30.799 ], [ -66.399, -30.799 ], [ -66.399, -30.766 ], [ -66.366, -30.766 ], [ -66.366, -30.799 ] ] ], [ [ [ -63.299, -30.799 ], [ -63.299, -30.766 ], [ -63.266, -30.766 ], [ -63.266, -30.799 ], [ -63.299, -30.799 ] ] ], [ [ [ -63.199, -30.699 ], [ -63.199, -30.733 ], [ -63.233, -30.733 ], [ -63.233, -30.699 ], [ -63.199, -30.699 ] ] ], [ [ [ -59.399, -30.666 ], [ -59.433, -30.666 ], [ -59.433, -30.633 ], [ -59.399, -30.633 ], [ -59.366, -30.633 ], [ -59.333, -30.633 ], [ -59.333, -30.666 ], [ -59.366, -30.666 ], [ -59.399, -30.666 ] ] ], [ [ [ -59.099, -30.633 ], [ -59.099, -30.666 ], [ -59.133, -30.666 ], [ -59.133, -30.699 ], [ -59.166, -30.699 ], [ -59.199, -30.699 ], [ -59.199, -30.733 ], [ -59.233, -30.733 ], [ -59.266, -30.733 ], [ -59.299, -30.733 ], [ -59.299, -30.766 ], [ -59.333, -30.766 ], [ -59.366, -30.766 ], [ -59.366, -30.799 ], [ -59.399, -30.799 ], [ -59.399, -30.833 ], [ -59.433, -30.833 ], [ -59.433, -30.799 ], [ -59.433, -30.766 ], [ -59.466, -30.766 ], [ -59.499, -30.766 ], [ -59.499, -30.799 ], [ -59.499, -30.833 ], [ -59.466, -30.833 ], [ -59.466, -30.866 ], [ -59.499, -30.866 ], [ -59.499, -30.899 ], [ -59.533, -30.899 ], [ -59.566, -30.899 ], [ -59.566, -30.933 ], [ -59.599, -30.933 ], [ -59.633, -30.933 ], [ -59.633, -30.966 ], [ -59.666, -30.966 ], [ -59.666, -30.999 ], [ -59.699, -30.999 ], [ -59.733, -30.999 ], [ -59.766, -30.999 ], [ -59.766, -31.033 ], [ -59.799, -31.033 ], [ -59.833, -31.033 ], [ -59.833, -30.999 ], [ -59.799, -30.999 ], [ -59.799, -30.966 ], [ -59.799, -30.933 ], [ -59.766, -30.933 ], [ -59.766, -30.899 ], [ -59.733, -30.899 ], [ -59.733, -30.866 ], [ -59.699, -30.866 ], [ -59.699, -30.833 ], [ -59.666, -30.833 ], [ -59.666, -30.799 ], [ -59.666, -30.766 ], [ -59.633, -30.766 ], [ -59.633, -30.733 ], [ -59.599, -30.733 ], [ -59.599, -30.699 ], [ -59.566, -30.699 ], [ -59.566, -30.666 ], [ -59.566, -30.633 ], [ -59.533, -30.633 ], [ -59.533, -30.666 ], [ -59.499, -30.666 ], [ -59.466, -30.666 ], [ -59.466, -30.699 ], [ -59.433, -30.699 ], [ -59.433, -30.733 ], [ -59.399, -30.733 ], [ -59.366, -30.733 ], [ -59.366, -30.699 ], [ -59.333, -30.699 ], [ -59.299, -30.699 ], [ -59.266, -30.699 ], [ -59.233, -30.699 ], [ -59.233, -30.666 ], [ -59.199, -30.666 ], [ -59.199, -30.633 ], [ -59.199, -30.599 ], [ -59.166, -30.599 ], [ -59.166, -30.633 ], [ -59.133, -30.633 ], [ -59.133, -30.599 ], [ -59.099, -30.599 ], [ -59.099, -30.633 ] ] ], [ [ [ -58.733, -30.599 ], [ -58.766, -30.599 ], [ -58.766, -30.566 ], [ -58.733, -30.566 ], [ -58.733, -30.599 ] ] ], [ [ [ -58.533, -30.599 ], [ -58.566, -30.599 ], [ -58.599, -30.599 ], [ -58.599, -30.566 ], [ -58.566, -30.566 ], [ -58.533, -30.566 ], [ -58.533, -30.599 ] ] ], [ [ [ -59.133, -30.533 ], [ -59.166, -30.533 ], [ -59.166, -30.499 ], [ -59.133, -30.499 ], [ -59.133, -30.533 ] ] ], [ [ [ -66.299, -29.999 ], [ -66.333, -29.999 ], [ -66.333, -29.966 ], [ -66.299, -29.966 ], [ -66.299, -29.999 ] ] ], [ [ [ -66.533, -29.866 ], [ -66.566, -29.866 ], [ -66.566, -29.833 ], [ -66.566, -29.799 ], [ -66.533, -29.799 ], [ -66.533, -29.833 ], [ -66.533, -29.866 ] ] ], [ [ [ -66.566, -29.733 ], [ -66.599, -29.733 ], [ -66.599, -29.699 ], [ -66.566, -29.699 ], [ -66.566, -29.733 ] ] ], [ [ [ -66.499, -29.566 ], [ -66.499, -29.599 ], [ -66.533, -29.599 ], [ -66.533, -29.566 ], [ -66.499, -29.566 ] ] ], [ [ [ -66.499, -29.566 ], [ -66.499, -29.533 ], [ -66.466, -29.533 ], [ -66.466, -29.566 ], [ -66.499, -29.566 ] ] ], [ [ [ -65.833, -29.466 ], [ -65.833, -29.499 ], [ -65.799, -29.499 ], [ -65.799, -29.533 ], [ -65.766, -29.533 ], [ -65.766, -29.566 ], [ -65.766, -29.599 ], [ -65.766, -29.633 ], [ -65.766, -29.666 ], [ -65.766, -29.699 ], [ -65.766, -29.733 ], [ -65.799, -29.733 ], [ -65.799, -29.766 ], [ -65.799, -29.799 ], [ -65.799, -29.833 ], [ -65.799, -29.866 ], [ -65.799, -29.899 ], [ -65.799, -29.933 ], [ -65.799, -29.966 ], [ -65.833, -29.966 ], [ -65.866, -29.966 ], [ -65.866, -29.999 ], [ -65.899, -29.999 ], [ -65.899, -30.033 ], [ -65.899, -30.066 ], [ -65.933, -30.066 ], [ -65.966, -30.066 ], [ -65.966, -30.033 ], [ -65.966, -29.999 ], [ -65.999, -29.999 ], [ -65.999, -29.966 ], [ -66.033, -29.966 ], [ -66.033, -29.933 ], [ -66.033, -29.899 ], [ -66.033, -29.866 ], [ -66.033, -29.833 ], [ -66.033, -29.799 ], [ -66.033, -29.766 ], [ -66.033, -29.733 ], [ -66.033, -29.699 ], [ -66.033, -29.666 ], [ -66.033, -29.633 ], [ -66.033, -29.599 ], [ -65.999, -29.599 ], [ -65.999, -29.566 ], [ -65.999, -29.533 ], [ -65.999, -29.499 ], [ -65.966, -29.499 ], [ -65.966, -29.466 ], [ -65.933, -29.466 ], [ -65.899, -29.466 ], [ -65.866, -29.466 ], [ -65.833, -29.466 ] ] ], [ [ [ -65.566, -29.366 ], [ -65.599, -29.366 ], [ -65.599, -29.333 ], [ -65.566, -29.333 ], [ -65.566, -29.366 ] ] ], [ [ [ -66.066, -29.299 ], [ -66.033, -29.299 ], [ -66.033, -29.333 ], [ -66.066, -29.333 ], [ -66.066, -29.299 ] ] ], [ [ [ -66.066, -29.299 ], [ -66.099, -29.299 ], [ -66.099, -29.333 ], [ -66.133, -29.333 ], [ -66.133, -29.366 ], [ -66.166, -29.366 ], [ -66.166, -29.333 ], [ -66.199, -29.333 ], [ -66.233, -29.333 ], [ -66.233, -29.299 ], [ -66.233, -29.266 ], [ -66.199, -29.266 ], [ -66.166, -29.266 ], [ -66.133, -29.266 ], [ -66.099, -29.266 ], [ -66.066, -29.266 ], [ -66.066, -29.299 ] ] ], [ [ [ -65.599, -29.299 ], [ -65.633, -29.299 ], [ -65.633, -29.266 ], [ -65.599, -29.266 ], [ -65.599, -29.299 ] ] ], [ [ [ -57.933, -29.233 ], [ -57.933, -29.266 ], [ -57.899, -29.266 ], [ -57.866, -29.266 ], [ -57.866, -29.299 ], [ -57.833, -29.299 ], [ -57.833, -29.333 ], [ -57.833, -29.366 ], [ -57.799, -29.366 ], [ -57.799, -29.399 ], [ -57.799, -29.433 ], [ -57.799, -29.466 ], [ -57.799, -29.499 ], [ -57.766, -29.499 ], [ -57.766, -29.533 ], [ -57.766, -29.566 ], [ -57.766, -29.599 ], [ -57.733, -29.599 ], [ -57.733, -29.633 ], [ -57.733, -29.666 ], [ -57.733, -29.699 ], [ -57.733, -29.733 ], [ -57.733, -29.766 ], [ -57.733, -29.799 ], [ -57.733, -29.833 ], [ -57.766, -29.833 ], [ -57.766, -29.866 ], [ -57.799, -29.866 ], [ -57.799, -29.899 ], [ -57.799, -29.933 ], [ -57.833, -29.933 ], [ -57.833, -29.966 ], [ -57.866, -29.966 ], [ -57.866, -29.999 ], [ -57.899, -29.999 ], [ -57.933, -29.999 ], [ -57.933, -30.033 ], [ -57.966, -30.033 ], [ -57.999, -30.033 ], [ -57.999, -30.066 ], [ -58.033, -30.066 ], [ -58.066, -30.066 ], [ -58.099, -30.066 ], [ -58.133, -30.066 ], [ -58.133, -30.099 ], [ -58.166, -30.099 ], [ -58.199, -30.099 ], [ -58.233, -30.099 ], [ -58.266, -30.099 ], [ -58.266, -30.066 ], [ -58.266, -30.033 ], [ -58.299, -30.033 ], [ -58.333, -30.033 ], [ -58.333, -29.999 ], [ -58.366, -29.999 ], [ -58.399, -29.999 ], [ -58.433, -29.999 ], [ -58.466, -29.999 ], [ -58.466, -29.966 ], [ -58.499, -29.966 ], [ -58.499, -29.933 ], [ -58.499, -29.899 ], [ -58.499, -29.866 ], [ -58.533, -29.866 ], [ -58.533, -29.833 ], [ -58.499, -29.833 ], [ -58.499, -29.799 ], [ -58.533, -29.799 ], [ -58.533, -29.766 ], [ -58.499, -29.766 ], [ -58.499, -29.733 ], [ -58.499, -29.699 ], [ -58.533, -29.699 ], [ -58.533, -29.666 ], [ -58.499, -29.666 ], [ -58.499, -29.633 ], [ -58.466, -29.633 ], [ -58.466, -29.599 ], [ -58.466, -29.566 ], [ -58.466, -29.533 ], [ -58.466, -29.499 ], [ -58.433, -29.499 ], [ -58.433, -29.533 ], [ -58.399, -29.533 ], [ -58.399, -29.499 ], [ -58.399, -29.466 ], [ -58.399, -29.433 ], [ -58.399, -29.399 ], [ -58.366, -29.399 ], [ -58.333, -29.399 ], [ -58.333, -29.366 ], [ -58.333, -29.333 ], [ -58.299, -29.333 ], [ -58.266, -29.333 ], [ -58.233, -29.333 ], [ -58.233, -29.299 ], [ -58.199, -29.299 ], [ -58.166, -29.299 ], [ -58.133, -29.299 ], [ -58.133, -29.266 ], [ -58.099, -29.266 ], [ -58.099, -29.233 ], [ -58.066, -29.233 ], [ -58.033, -29.233 ], [ -57.999, -29.233 ], [ -57.966, -29.233 ], [ -57.933, -29.233 ] ] ], [ [ [ -65.599, -29.199 ], [ -65.633, -29.199 ], [ -65.633, -29.166 ], [ -65.633, -29.133 ], [ -65.633, -29.099 ], [ -65.599, -29.099 ], [ -65.599, -29.133 ], [ -65.599, -29.166 ], [ -65.599, -29.199 ] ] ], [ [ [ -65.666, -29.033 ], [ -65.633, -29.033 ], [ -65.633, -29.066 ], [ -65.666, -29.066 ], [ -65.666, -29.033 ] ] ], [ [ [ -66.566, -28.866 ], [ -66.599, -28.866 ], [ -66.599, -28.833 ], [ -66.566, -28.833 ], [ -66.566, -28.866 ] ] ], [ [ [ -66.533, -28.699 ], [ -66.533, -28.733 ], [ -66.533, -28.766 ], [ -66.566, -28.766 ], [ -66.566, -28.733 ], [ -66.566, -28.699 ], [ -66.533, -28.699 ] ] ], [ [ [ -66.533, -28.699 ], [ -66.533, -28.666 ], [ -66.499, -28.666 ], [ -66.499, -28.699 ], [ -66.533, -28.699 ] ] ], [ [ [ -65.666, -29.033 ], [ -65.699, -29.033 ], [ -65.699, -28.999 ], [ -65.733, -28.999 ], [ -65.733, -28.966 ], [ -65.733, -28.933 ], [ -65.766, -28.933 ], [ -65.799, -28.933 ], [ -65.833, -28.933 ], [ -65.866, -28.933 ], [ -65.899, -28.933 ], [ -65.933, -28.933 ], [ -65.966, -28.933 ], [ -65.999, -28.933 ], [ -65.999, -28.899 ], [ -66.033, -28.899 ], [ -66.033, -28.866 ], [ -66.033, -28.833 ], [ -66.066, -28.833 ], [ -66.066, -28.866 ], [ -66.066, -28.899 ], [ -66.099, -28.899 ], [ -66.133, -28.899 ], [ -66.133, -28.933 ], [ -66.166, -28.933 ], [ -66.166, -28.966 ], [ -66.199, -28.966 ], [ -66.199, -28.999 ], [ -66.233, -28.999 ], [ -66.233, -29.033 ], [ -66.266, -29.033 ], [ -66.299, -29.033 ], [ -66.299, -29.066 ], [ -66.266, -29.066 ], [ -66.266, -29.099 ], [ -66.266, -29.133 ], [ -66.266, -29.166 ], [ -66.266, -29.199 ], [ -66.233, -29.199 ], [ -66.233, -29.233 ], [ -66.233, -29.266 ], [ -66.266, -29.266 ], [ -66.299, -29.266 ], [ -66.333, -29.266 ], [ -66.333, -29.299 ], [ -66.299, -29.299 ], [ -66.299, -29.333 ], [ -66.299, -29.366 ], [ -66.333, -29.366 ], [ -66.333, -29.399 ], [ -66.366, -29.399 ], [ -66.366, -29.433 ], [ -66.399, -29.433 ], [ -66.399, -29.466 ], [ -66.433, -29.466 ], [ -66.466, -29.466 ], [ -66.499, -29.466 ], [ -66.499, -29.499 ], [ -66.533, -29.499 ], [ -66.533, -29.533 ], [ -66.566, -29.533 ], [ -66.566, -29.566 ], [ -66.566, -29.599 ], [ -66.566, -29.633 ], [ -66.599, -29.633 ], [ -66.633, -29.633 ], [ -66.633, -29.666 ], [ -66.666, -29.666 ], [ -66.666, -29.699 ], [ -66.699, -29.699 ], [ -66.699, -29.733 ], [ -66.699, -29.766 ], [ -66.666, -29.766 ], [ -66.666, -29.799 ], [ -66.699, -29.799 ], [ -66.699, -29.833 ], [ -66.666, -29.833 ], [ -66.633, -29.833 ], [ -66.633, -29.799 ], [ -66.599, -29.799 ], [ -66.599, -29.833 ], [ -66.599, -29.866 ], [ -66.566, -29.866 ], [ -66.566, -29.899 ], [ -66.566, -29.933 ], [ -66.533, -29.933 ], [ -66.533, -29.966 ], [ -66.499, -29.966 ], [ -66.499, -29.933 ], [ -66.533, -29.933 ], [ -66.533, -29.899 ], [ -66.533, -29.866 ], [ -66.499, -29.866 ], [ -66.466, -29.866 ], [ -66.466, -29.899 ], [ -66.466, -29.933 ], [ -66.433, -29.933 ], [ -66.399, -29.933 ], [ -66.399, -29.966 ], [ -66.366, -29.966 ], [ -66.366, -29.999 ], [ -66.399, -29.999 ], [ -66.433, -29.999 ], [ -66.466, -29.999 ], [ -66.499, -29.999 ], [ -66.533, -29.999 ], [ -66.566, -29.999 ], [ -66.599, -29.999 ], [ -66.599, -30.033 ], [ -66.566, -30.033 ], [ -66.533, -30.033 ], [ -66.533, -30.066 ], [ -66.533, -30.099 ], [ -66.499, -30.099 ], [ -66.499, -30.133 ], [ -66.466, -30.133 ], [ -66.466, -30.166 ], [ -66.433, -30.166 ], [ -66.399, -30.166 ], [ -66.366, -30.166 ], [ -66.333, -30.166 ], [ -66.299, -30.166 ], [ -66.266, -30.166 ], [ -66.233, -30.166 ], [ -66.199, -30.166 ], [ -66.166, -30.166 ], [ -66.166, -30.199 ], [ -66.166, -30.233 ], [ -66.133, -30.233 ], [ -66.133, -30.266 ], [ -66.099, -30.266 ], [ -66.099, -30.299 ], [ -66.066, -30.299 ], [ -66.066, -30.333 ], [ -66.066, -30.366 ], [ -66.033, -30.366 ], [ -66.033, -30.399 ], [ -66.033, -30.433 ], [ -66.033, -30.466 ], [ -65.999, -30.466 ], [ -65.999, -30.499 ], [ -66.033, -30.499 ], [ -66.033, -30.533 ], [ -66.033, -30.566 ], [ -66.033, -30.599 ], [ -66.033, -30.633 ], [ -66.066, -30.633 ], [ -66.066, -30.666 ], [ -66.099, -30.666 ], [ -66.099, -30.699 ], [ -66.099, -30.733 ], [ -66.066, -30.733 ], [ -66.066, -30.766 ], [ -66.033, -30.766 ], [ -66.033, -30.799 ], [ -66.066, -30.799 ], [ -66.066, -30.833 ], [ -66.066, -30.866 ], [ -66.099, -30.866 ], [ -66.099, -30.899 ], [ -66.133, -30.899 ], [ -66.166, -30.899 ], [ -66.199, -30.899 ], [ -66.199, -30.933 ], [ -66.233, -30.933 ], [ -66.233, -30.966 ], [ -66.266, -30.966 ], [ -66.266, -30.999 ], [ -66.299, -30.999 ], [ -66.299, -31.033 ], [ -66.299, -31.066 ], [ -66.333, -31.066 ], [ -66.333, -31.099 ], [ -66.333, -31.133 ], [ -66.366, -31.133 ], [ -66.366, -31.166 ], [ -66.399, -31.166 ], [ -66.399, -31.199 ], [ -66.433, -31.199 ], [ -66.433, -31.233 ], [ -66.433, -31.266 ], [ -66.466, -31.266 ], [ -66.499, -31.266 ], [ -66.499, -31.233 ], [ -66.533, -31.233 ], [ -66.566, -31.233 ], [ -66.566, -31.266 ], [ -66.599, -31.266 ], [ -66.633, -31.266 ], [ -66.633, -31.233 ], [ -66.599, -31.233 ], [ -66.599, -31.199 ], [ -66.599, -31.166 ], [ -66.566, -31.166 ], [ -66.566, -31.133 ], [ -66.533, -31.133 ], [ -66.533, -31.099 ], [ -66.499, -31.099 ], [ -66.466, -31.099 ], [ -66.433, -31.099 ], [ -66.433, -31.066 ], [ -66.399, -31.066 ], [ -66.399, -31.033 ], [ -66.399, -30.999 ], [ -66.399, -30.966 ], [ -66.399, -30.933 ], [ -66.366, -30.933 ], [ -66.333, -30.933 ], [ -66.299, -30.933 ], [ -66.299, -30.899 ], [ -66.299, -30.866 ], [ -66.333, -30.866 ], [ -66.333, -30.833 ], [ -66.366, -30.833 ], [ -66.366, -30.799 ], [ -66.333, -30.799 ], [ -66.299, -30.799 ], [ -66.266, -30.799 ], [ -66.266, -30.766 ], [ -66.266, -30.733 ], [ -66.266, -30.699 ], [ -66.266, -30.666 ], [ -66.299, -30.666 ], [ -66.299, -30.633 ], [ -66.266, -30.633 ], [ -66.266, -30.599 ], [ -66.266, -30.566 ], [ -66.299, -30.566 ], [ -66.299, -30.533 ], [ -66.299, -30.499 ], [ -66.333, -30.499 ], [ -66.333, -30.466 ], [ -66.366, -30.466 ], [ -66.366, -30.433 ], [ -66.366, -30.399 ], [ -66.399, -30.399 ], [ -66.399, -30.366 ], [ -66.433, -30.366 ], [ -66.433, -30.333 ], [ -66.466, -30.333 ], [ -66.466, -30.299 ], [ -66.466, -30.266 ], [ -66.499, -30.266 ], [ -66.499, -30.233 ], [ -66.533, -30.233 ], [ -66.533, -30.266 ], [ -66.533, -30.299 ], [ -66.533, -30.333 ], [ -66.533, -30.366 ], [ -66.533, -30.399 ], [ -66.533, -30.433 ], [ -66.533, -30.466 ], [ -66.533, -30.499 ], [ -66.566, -30.499 ], [ -66.566, -30.533 ], [ -66.599, -30.533 ], [ -66.599, -30.566 ], [ -66.633, -30.566 ], [ -66.633, -30.599 ], [ -66.633, -30.633 ], [ -66.666, -30.633 ], [ -66.666, -30.666 ], [ -66.666, -30.699 ], [ -66.666, -30.733 ], [ -66.666, -30.766 ], [ -66.666, -30.799 ], [ -66.633, -30.799 ], [ -66.633, -30.833 ], [ -66.666, -30.833 ], [ -66.666, -30.866 ], [ -66.666, -30.899 ], [ -66.666, -30.933 ], [ -66.699, -30.933 ], [ -66.699, -30.899 ], [ -66.733, -30.899 ], [ -66.733, -30.933 ], [ -66.733, -30.966 ], [ -66.733, -30.999 ], [ -66.733, -31.033 ], [ -66.699, -31.033 ], [ -66.699, -31.066 ], [ -66.699, -31.099 ], [ -66.699, -31.133 ], [ -66.733, -31.133 ], [ -66.733, -31.099 ], [ -66.766, -31.099 ], [ -66.766, -31.066 ], [ -66.799, -31.066 ], [ -66.833, -31.066 ], [ -66.866, -31.066 ], [ -66.899, -31.066 ], [ -66.899, -31.033 ], [ -66.933, -31.033 ], [ -66.933, -30.999 ], [ -66.966, -30.999 ], [ -66.999, -30.999 ], [ -66.999, -30.966 ], [ -67.033, -30.966 ], [ -67.033, -30.933 ], [ -67.066, -30.933 ], [ -67.066, -30.966 ], [ -67.099, -30.966 ], [ -67.099, -30.999 ], [ -67.133, -30.999 ], [ -67.133, -31.033 ], [ -67.166, -31.033 ], [ -67.166, -31.066 ], [ -67.166, -31.099 ], [ -67.199, -31.099 ], [ -67.199, -31.133 ], [ -67.199, -31.166 ], [ -67.233, -31.166 ], [ -67.233, -31.199 ], [ -67.233, -31.233 ], [ -67.233, -31.266 ], [ -67.233, -31.299 ], [ -67.233, -31.333 ], [ -67.233, -31.366 ], [ -67.266, -31.366 ], [ -67.266, -31.399 ], [ -67.266, -31.433 ], [ -67.266, -31.466 ], [ -67.266, -31.499 ], [ -67.266, -31.533 ], [ -67.266, -31.566 ], [ -67.266, -31.599 ], [ -67.233, -31.599 ], [ -67.233, -31.633 ], [ -67.233, -31.666 ], [ -67.199, -31.666 ], [ -67.199, -31.699 ], [ -67.199, -31.733 ], [ -67.166, -31.733 ], [ -67.166, -31.766 ], [ -67.133, -31.766 ], [ -67.133, -31.799 ], [ -67.133, -31.833 ], [ -67.099, -31.833 ], [ -67.099, -31.866 ], [ -67.066, -31.866 ], [ -67.066, -31.899 ], [ -67.033, -31.899 ], [ -67.033, -31.933 ], [ -67.033, -31.966 ], [ -66.999, -31.966 ], [ -66.999, -31.999 ], [ -66.999, -32.033 ], [ -66.966, -32.033 ], [ -66.966, -32.066 ], [ -66.933, -32.066 ], [ -66.933, -32.099 ], [ -66.899, -32.099 ], [ -66.899, -32.133 ], [ -66.866, -32.133 ], [ -66.866, -32.166 ], [ -66.866, -32.199 ], [ -66.833, -32.199 ], [ -66.833, -32.233 ], [ -66.833, -32.266 ], [ -66.799, -32.266 ], [ -66.799, -32.299 ], [ -66.799, -32.333 ], [ -66.766, -32.333 ], [ -66.766, -32.366 ], [ -66.766, -32.399 ], [ -66.733, -32.399 ], [ -66.733, -32.433 ], [ -66.699, -32.433 ], [ -66.699, -32.466 ], [ -66.699, -32.499 ], [ -66.666, -32.499 ], [ -66.666, -32.533 ], [ -66.666, -32.566 ], [ -66.666, -32.599 ], [ -66.633, -32.599 ], [ -66.633, -32.566 ], [ -66.599, -32.566 ], [ -66.599, -32.533 ], [ -66.599, -32.499 ], [ -66.566, -32.499 ], [ -66.566, -32.466 ], [ -66.566, -32.433 ], [ -66.533, -32.433 ], [ -66.533, -32.399 ], [ -66.533, -32.366 ], [ -66.533, -32.333 ], [ -66.533, -32.299 ], [ -66.533, -32.266 ], [ -66.499, -32.266 ], [ -66.499, -32.233 ], [ -66.466, -32.233 ], [ -66.466, -32.199 ], [ -66.433, -32.199 ], [ -66.433, -32.166 ], [ -66.399, -32.166 ], [ -66.399, -32.133 ], [ -66.366, -32.133 ], [ -66.366, -32.099 ], [ -66.366, -32.066 ], [ -66.333, -32.066 ], [ -66.333, -32.099 ], [ -66.299, -32.099 ], [ -66.266, -32.099 ], [ -66.266, -32.133 ], [ -66.233, -32.133 ], [ -66.199, -32.133 ], [ -66.166, -32.133 ], [ -66.133, -32.133 ], [ -66.099, -32.133 ], [ -66.066, -32.133 ], [ -66.033, -32.133 ], [ -65.999, -32.133 ], [ -65.966, -32.133 ], [ -65.933, -32.133 ], [ -65.899, -32.133 ], [ -65.866, -32.133 ], [ -65.833, -32.133 ], [ -65.799, -32.133 ], [ -65.799, -32.099 ], [ -65.766, -32.099 ], [ -65.733, -32.099 ], [ -65.699, -32.099 ], [ -65.699, -32.133 ], [ -65.666, -32.133 ], [ -65.633, -32.133 ], [ -65.599, -32.133 ], [ -65.566, -32.133 ], [ -65.533, -32.133 ], [ -65.499, -32.133 ], [ -65.466, -32.133 ], [ -65.433, -32.133 ], [ -65.399, -32.133 ], [ -65.399, -32.099 ], [ -65.433, -32.099 ], [ -65.433, -32.066 ], [ -65.433, -32.033 ], [ -65.433, -31.999 ], [ -65.433, -31.966 ], [ -65.399, -31.966 ], [ -65.399, -31.933 ], [ -65.399, -31.899 ], [ -65.366, -31.899 ], [ -65.366, -31.866 ], [ -65.333, -31.866 ], [ -65.333, -31.833 ], [ -65.333, -31.799 ], [ -65.299, -31.799 ], [ -65.299, -31.766 ], [ -65.299, -31.733 ], [ -65.266, -31.733 ], [ -65.266, -31.699 ], [ -65.266, -31.666 ], [ -65.233, -31.666 ], [ -65.233, -31.699 ], [ -65.233, -31.733 ], [ -65.199, -31.733 ], [ -65.199, -31.766 ], [ -65.166, -31.766 ], [ -65.166, -31.799 ], [ -65.133, -31.799 ], [ -65.133, -31.833 ], [ -65.133, -31.866 ], [ -65.099, -31.866 ], [ -65.099, -31.899 ], [ -65.066, -31.899 ], [ -65.066, -31.933 ], [ -65.066, -31.966 ], [ -65.066, -31.999 ], [ -65.066, -32.033 ], [ -65.066, -32.066 ], [ -65.066, -32.099 ], [ -65.033, -32.099 ], [ -65.033, -32.133 ], [ -65.066, -32.133 ], [ -65.066, -32.166 ], [ -65.066, -32.199 ], [ -65.066, -32.233 ], [ -65.099, -32.233 ], [ -65.099, -32.266 ], [ -65.099, -32.299 ], [ -65.099, -32.333 ], [ -65.133, -32.333 ], [ -65.133, -32.366 ], [ -65.133, -32.399 ], [ -65.166, -32.399 ], [ -65.166, -32.433 ], [ -65.166, -32.466 ], [ -65.199, -32.466 ], [ -65.233, -32.466 ], [ -65.266, -32.466 ], [ -65.266, -32.433 ], [ -65.299, -32.433 ], [ -65.299, -32.399 ], [ -65.266, -32.399 ], [ -65.266, -32.366 ], [ -65.266, -32.333 ], [ -65.299, -32.333 ], [ -65.299, -32.299 ], [ -65.266, -32.299 ], [ -65.266, -32.266 ], [ -65.299, -32.266 ], [ -65.299, -32.233 ], [ -65.333, -32.233 ], [ -65.333, -32.199 ], [ -65.333, -32.166 ], [ -65.333, -32.133 ], [ -65.366, -32.133 ], [ -65.366, -32.166 ], [ -65.366, -32.199 ], [ -65.366, -32.233 ], [ -65.399, -32.233 ], [ -65.399, -32.266 ], [ -65.399, -32.299 ], [ -65.433, -32.299 ], [ -65.433, -32.266 ], [ -65.466, -32.266 ], [ -65.499, -32.266 ], [ -65.533, -32.266 ], [ -65.566, -32.266 ], [ -65.599, -32.266 ], [ -65.633, -32.266 ], [ -65.666, -32.266 ], [ -65.699, -32.266 ], [ -65.733, -32.266 ], [ -65.766, -32.266 ], [ -65.799, -32.266 ], [ -65.799, -32.299 ], [ -65.833, -32.299 ], [ -65.833, -32.333 ], [ -65.866, -32.333 ], [ -65.866, -32.366 ], [ -65.899, -32.366 ], [ -65.899, -32.399 ], [ -65.933, -32.399 ], [ -65.966, -32.399 ], [ -65.966, -32.433 ], [ -65.999, -32.433 ], [ -65.999, -32.466 ], [ -66.033, -32.466 ], [ -66.033, -32.499 ], [ -66.033, -32.533 ], [ -66.066, -32.533 ], [ -66.099, -32.533 ], [ -66.133, -32.533 ], [ -66.166, -32.533 ], [ -66.199, -32.533 ], [ -66.199, -32.566 ], [ -66.233, -32.566 ], [ -66.233, -32.599 ], [ -66.266, -32.599 ], [ -66.266, -32.633 ], [ -66.266, -32.666 ], [ -66.266, -32.699 ], [ -66.299, -32.699 ], [ -66.333, -32.699 ], [ -66.333, -32.733 ], [ -66.333, -32.766 ], [ -66.333, -32.799 ], [ -66.366, -32.799 ], [ -66.366, -32.833 ], [ -66.366, -32.866 ], [ -66.333, -32.866 ], [ -66.333, -32.899 ], [ -66.333, -32.933 ], [ -66.333, -32.966 ], [ -66.299, -32.966 ], [ -66.299, -32.999 ], [ -66.299, -33.033 ], [ -66.299, -33.066 ], [ -66.299, -33.099 ], [ -66.299, -33.133 ], [ -66.299, -33.166 ], [ -66.299, -33.199 ], [ -66.299, -33.233 ], [ -66.299, -33.266 ], [ -66.299, -33.299 ], [ -66.266, -33.299 ], [ -66.233, -33.299 ], [ -66.233, -33.333 ], [ -66.233, -33.366 ], [ -66.233, -33.399 ], [ -66.199, -33.399 ], [ -66.199, -33.433 ], [ -66.199, -33.466 ], [ -66.199, -33.499 ], [ -66.199, -33.533 ], [ -66.199, -33.566 ], [ -66.233, -33.566 ], [ -66.266, -33.566 ], [ -66.266, -33.599 ], [ -66.266, -33.633 ], [ -66.233, -33.633 ], [ -66.199, -33.633 ], [ -66.199, -33.666 ], [ -66.233, -33.666 ], [ -66.266, -33.666 ], [ -66.266, -33.699 ], [ -66.266, -33.733 ], [ -66.266, -33.766 ], [ -66.266, -33.799 ], [ -66.266, -33.833 ], [ -66.299, -33.833 ], [ -66.299, -33.866 ], [ -66.266, -33.866 ], [ -66.266, -33.899 ], [ -66.299, -33.899 ], [ -66.299, -33.933 ], [ -66.333, -33.933 ], [ -66.333, -33.899 ], [ -66.366, -33.899 ], [ -66.366, -33.933 ], [ -66.399, -33.933 ], [ -66.433, -33.933 ], [ -66.433, -33.966 ], [ -66.433, -33.999 ], [ -66.466, -33.999 ], [ -66.499, -33.999 ], [ -66.499, -33.966 ], [ -66.533, -33.966 ], [ -66.533, -33.999 ], [ -66.533, -34.033 ], [ -66.533, -34.066 ], [ -66.533, -34.099 ], [ -66.533, -34.133 ], [ -66.533, -34.166 ], [ -66.533, -34.199 ], [ -66.499, -34.199 ], [ -66.499, -34.233 ], [ -66.533, -34.233 ], [ -66.533, -34.266 ], [ -66.533, -34.299 ], [ -66.566, -34.299 ], [ -66.566, -34.333 ], [ -66.599, -34.333 ], [ -66.599, -34.366 ], [ -66.599, -34.399 ], [ -66.599, -34.433 ], [ -66.599, -34.466 ], [ -66.599, -34.499 ], [ -66.599, -34.533 ], [ -66.599, -34.566 ], [ -66.599, -34.599 ], [ -66.566, -34.599 ], [ -66.566, -34.633 ], [ -66.533, -34.633 ], [ -66.533, -34.666 ], [ -66.499, -34.666 ], [ -66.466, -34.666 ], [ -66.433, -34.666 ], [ -66.399, -34.666 ], [ -66.366, -34.666 ], [ -66.333, -34.666 ], [ -66.333, -34.633 ], [ -66.299, -34.633 ], [ -66.266, -34.633 ], [ -66.266, -34.666 ], [ -66.299, -34.666 ], [ -66.299, -34.699 ], [ -66.299, -34.733 ], [ -66.266, -34.733 ], [ -66.233, -34.733 ], [ -66.199, -34.733 ], [ -66.199, -34.766 ], [ -66.199, -34.799 ], [ -66.166, -34.799 ], [ -66.166, -34.833 ], [ -66.133, -34.833 ], [ -66.099, -34.833 ], [ -66.066, -34.833 ], [ -66.066, -34.799 ], [ -66.033, -34.799 ], [ -66.033, -34.833 ], [ -65.999, -34.833 ], [ -65.999, -34.799 ], [ -65.999, -34.766 ], [ -65.966, -34.766 ], [ -65.933, -34.766 ], [ -65.933, -34.799 ], [ -65.899, -34.799 ], [ -65.899, -34.833 ], [ -65.866, -34.833 ], [ -65.866, -34.866 ], [ -65.866, -34.899 ], [ -65.833, -34.899 ], [ -65.833, -34.933 ], [ -65.799, -34.933 ], [ -65.766, -34.933 ], [ -65.733, -34.933 ], [ -65.733, -34.966 ], [ -65.733, -34.999 ], [ -65.766, -34.999 ], [ -65.766, -35.033 ], [ -65.733, -35.033 ], [ -65.733, -35.066 ], [ -65.733, -35.099 ], [ -65.699, -35.099 ], [ -65.699, -35.133 ], [ -65.733, -35.133 ], [ -65.733, -35.166 ], [ -65.766, -35.166 ], [ -65.766, -35.199 ], [ -65.799, -35.199 ], [ -65.799, -35.233 ], [ -65.833, -35.233 ], [ -65.833, -35.266 ], [ -65.866, -35.266 ], [ -65.866, -35.299 ], [ -65.899, -35.299 ], [ -65.899, -35.333 ], [ -65.933, -35.333 ], [ -65.933, -35.366 ], [ -65.966, -35.366 ], [ -65.966, -35.399 ], [ -65.999, -35.399 ], [ -65.999, -35.433 ], [ -65.999, -35.466 ], [ -65.999, -35.499 ], [ -65.999, -35.533 ], [ -65.999, -35.566 ], [ -65.966, -35.566 ], [ -65.966, -35.599 ], [ -65.999, -35.599 ], [ -66.033, -35.599 ], [ -66.033, -35.633 ], [ -66.033, -35.666 ], [ -65.999, -35.666 ], [ -65.999, -35.699 ], [ -66.033, -35.699 ], [ -66.033, -35.733 ], [ -66.033, -35.766 ], [ -66.066, -35.766 ], [ -66.066, -35.799 ], [ -66.066, -35.833 ], [ -66.066, -35.866 ], [ -66.066, -35.899 ], [ -66.099, -35.899 ], [ -66.099, -35.933 ], [ -66.099, -35.966 ], [ -66.099, -35.999 ], [ -66.099, -36.033 ], [ -66.133, -36.033 ], [ -66.133, -36.066 ], [ -66.099, -36.066 ], [ -66.099, -36.099 ], [ -66.133, -36.099 ], [ -66.133, -36.133 ], [ -66.133, -36.166 ], [ -66.166, -36.166 ], [ -66.166, -36.199 ], [ -66.166, -36.233 ], [ -66.166, -36.266 ], [ -66.199, -36.266 ], [ -66.199, -36.299 ], [ -66.199, -36.333 ], [ -66.233, -36.333 ], [ -66.233, -36.366 ], [ -66.233, -36.399 ], [ -66.266, -36.399 ], [ -66.266, -36.433 ], [ -66.266, -36.466 ], [ -66.266, -36.499 ], [ -66.299, -36.499 ], [ -66.333, -36.499 ], [ -66.333, -36.533 ], [ -66.333, -36.566 ], [ -66.366, -36.566 ], [ -66.366, -36.599 ], [ -66.333, -36.599 ], [ -66.333, -36.633 ], [ -66.366, -36.633 ], [ -66.366, -36.666 ], [ -66.333, -36.666 ], [ -66.333, -36.699 ], [ -66.299, -36.699 ], [ -66.266, -36.699 ], [ -66.266, -36.666 ], [ -66.233, -36.666 ], [ -66.233, -36.699 ], [ -66.199, -36.699 ], [ -66.166, -36.699 ], [ -66.166, -36.733 ], [ -66.166, -36.766 ], [ -66.166, -36.799 ], [ -66.199, -36.799 ], [ -66.199, -36.833 ], [ -66.199, -36.866 ], [ -66.233, -36.866 ], [ -66.233, -36.899 ], [ -66.266, -36.899 ], [ -66.266, -36.933 ], [ -66.266, -36.966 ], [ -66.299, -36.966 ], [ -66.299, -36.999 ], [ -66.333, -36.999 ], [ -66.333, -37.033 ], [ -66.299, -37.033 ], [ -66.266, -37.033 ], [ -66.266, -37.066 ], [ -66.299, -37.066 ], [ -66.333, -37.066 ], [ -66.366, -37.066 ], [ -66.366, -37.099 ], [ -66.399, -37.099 ], [ -66.399, -37.133 ], [ -66.399, -37.166 ], [ -66.433, -37.166 ], [ -66.433, -37.199 ], [ -66.466, -37.199 ], [ -66.466, -37.233 ], [ -66.499, -37.233 ], [ -66.499, -37.266 ], [ -66.533, -37.266 ], [ -66.533, -37.299 ], [ -66.566, -37.299 ], [ -66.566, -37.333 ], [ -66.599, -37.333 ], [ -66.599, -37.366 ], [ -66.633, -37.366 ], [ -66.633, -37.399 ], [ -66.666, -37.399 ], [ -66.666, -37.366 ], [ -66.699, -37.366 ], [ -66.733, -37.366 ], [ -66.766, -37.366 ], [ -66.766, -37.399 ], [ -66.799, -37.399 ], [ -66.799, -37.366 ], [ -66.833, -37.366 ], [ -66.833, -37.399 ], [ -66.866, -37.399 ], [ -66.866, -37.433 ], [ -66.866, -37.466 ], [ -66.833, -37.466 ], [ -66.833, -37.433 ], [ -66.799, -37.433 ], [ -66.766, -37.433 ], [ -66.766, -37.466 ], [ -66.766, -37.499 ], [ -66.799, -37.499 ], [ -66.833, -37.499 ], [ -66.866, -37.499 ], [ -66.866, -37.533 ], [ -66.899, -37.533 ], [ -66.899, -37.499 ], [ -66.933, -37.499 ], [ -66.933, -37.533 ], [ -66.966, -37.533 ], [ -66.999, -37.533 ], [ -67.033, -37.533 ], [ -67.066, -37.533 ], [ -67.066, -37.566 ], [ -67.099, -37.566 ], [ -67.133, -37.566 ], [ -67.133, -37.533 ], [ -67.166, -37.533 ], [ -67.199, -37.533 ], [ -67.199, -37.499 ], [ -67.233, -37.499 ], [ -67.233, -37.466 ], [ -67.233, -37.433 ], [ -67.266, -37.433 ], [ -67.266, -37.399 ], [ -67.266, -37.366 ], [ -67.299, -37.366 ], [ -67.299, -37.333 ], [ -67.299, -37.299 ], [ -67.333, -37.299 ], [ -67.333, -37.266 ], [ -67.333, -37.233 ], [ -67.366, -37.233 ], [ -67.366, -37.199 ], [ -67.333, -37.199 ], [ -67.299, -37.199 ], [ -67.299, -37.166 ], [ -67.266, -37.166 ], [ -67.233, -37.166 ], [ -67.233, -37.133 ], [ -67.233, -37.099 ], [ -67.266, -37.099 ], [ -67.266, -37.066 ], [ -67.299, -37.066 ], [ -67.299, -37.033 ], [ -67.333, -37.033 ], [ -67.333, -36.999 ], [ -67.299, -36.999 ], [ -67.299, -36.966 ], [ -67.299, -36.933 ], [ -67.299, -36.899 ], [ -67.299, -36.866 ], [ -67.266, -36.866 ], [ -67.233, -36.866 ], [ -67.233, -36.833 ], [ -67.233, -36.799 ], [ -67.266, -36.799 ], [ -67.266, -36.766 ], [ -67.299, -36.766 ], [ -67.333, -36.766 ], [ -67.366, -36.766 ], [ -67.366, -36.733 ], [ -67.399, -36.733 ], [ -67.399, -36.766 ], [ -67.433, -36.766 ], [ -67.433, -36.799 ], [ -67.466, -36.799 ], [ -67.499, -36.799 ], [ -67.499, -36.766 ], [ -67.466, -36.766 ], [ -67.466, -36.733 ], [ -67.499, -36.733 ], [ -67.499, -36.699 ], [ -67.466, -36.699 ], [ -67.466, -36.666 ], [ -67.433, -36.666 ], [ -67.433, -36.633 ], [ -67.433, -36.599 ], [ -67.399, -36.599 ], [ -67.366, -36.599 ], [ -67.366, -36.633 ], [ -67.366, -36.666 ], [ -67.366, -36.699 ], [ -67.333, -36.699 ], [ -67.333, -36.666 ], [ -67.299, -36.666 ], [ -67.299, -36.699 ], [ -67.266, -36.699 ], [ -67.233, -36.699 ], [ -67.199, -36.699 ], [ -67.199, -36.666 ], [ -67.233, -36.666 ], [ -67.233, -36.633 ], [ -67.266, -36.633 ], [ -67.299, -36.633 ], [ -67.333, -36.633 ], [ -67.333, -36.599 ], [ -67.366, -36.599 ], [ -67.366, -36.566 ], [ -67.366, -36.533 ], [ -67.366, -36.499 ], [ -67.366, -36.466 ], [ -67.333, -36.466 ], [ -67.333, -36.433 ], [ -67.366, -36.433 ], [ -67.366, -36.399 ], [ -67.366, -36.366 ], [ -67.399, -36.366 ], [ -67.399, -36.333 ], [ -67.399, -36.299 ], [ -67.433, -36.299 ], [ -67.433, -36.266 ], [ -67.466, -36.266 ], [ -67.499, -36.266 ], [ -67.499, -36.233 ], [ -67.466, -36.233 ], [ -67.466, -36.199 ], [ -67.466, -36.166 ], [ -67.499, -36.166 ], [ -67.499, -36.133 ], [ -67.533, -36.133 ], [ -67.533, -36.099 ], [ -67.566, -36.099 ], [ -67.566, -36.066 ], [ -67.566, -36.033 ], [ -67.566, -35.999 ], [ -67.566, -35.966 ], [ -67.599, -35.966 ], [ -67.599, -35.933 ], [ -67.599, -35.899 ], [ -67.633, -35.899 ], [ -67.633, -35.866 ], [ -67.633, -35.833 ], [ -67.666, -35.833 ], [ -67.666, -35.799 ], [ -67.699, -35.799 ], [ -67.699, -35.766 ], [ -67.733, -35.766 ], [ -67.733, -35.733 ], [ -67.733, -35.699 ], [ -67.766, -35.699 ], [ -67.766, -35.666 ], [ -67.766, -35.633 ], [ -67.799, -35.633 ], [ -67.799, -35.599 ], [ -67.833, -35.599 ], [ -67.833, -35.566 ], [ -67.866, -35.566 ], [ -67.866, -35.533 ], [ -67.899, -35.533 ], [ -67.899, -35.499 ], [ -67.933, -35.499 ], [ -67.933, -35.466 ], [ -67.933, -35.433 ], [ -67.966, -35.433 ], [ -67.966, -35.399 ], [ -67.999, -35.399 ], [ -68.033, -35.399 ], [ -68.033, -35.366 ], [ -67.999, -35.366 ], [ -67.999, -35.333 ], [ -68.033, -35.333 ], [ -68.066, -35.333 ], [ -68.066, -35.299 ], [ -68.099, -35.299 ], [ -68.099, -35.266 ], [ -68.099, -35.233 ], [ -68.133, -35.233 ], [ -68.133, -35.199 ], [ -68.166, -35.199 ], [ -68.166, -35.166 ], [ -68.133, -35.166 ], [ -68.133, -35.133 ], [ -68.133, -35.099 ], [ -68.166, -35.099 ], [ -68.199, -35.099 ], [ -68.233, -35.099 ], [ -68.233, -35.066 ], [ -68.199, -35.066 ], [ -68.166, -35.066 ], [ -68.166, -35.033 ], [ -68.199, -35.033 ], [ -68.233, -35.033 ], [ -68.266, -35.033 ], [ -68.266, -34.999 ], [ -68.266, -34.966 ], [ -68.266, -34.933 ], [ -68.266, -34.899 ], [ -68.266, -34.866 ], [ -68.266, -34.833 ], [ -68.266, -34.799 ], [ -68.299, -34.799 ], [ -68.299, -34.766 ], [ -68.299, -34.733 ], [ -68.266, -34.733 ], [ -68.266, -34.699 ], [ -68.233, -34.699 ], [ -68.233, -34.666 ], [ -68.233, -34.633 ], [ -68.233, -34.599 ], [ -68.233, -34.566 ], [ -68.233, -34.533 ], [ -68.233, -34.499 ], [ -68.199, -34.499 ], [ -68.199, -34.466 ], [ -68.166, -34.466 ], [ -68.166, -34.433 ], [ -68.166, -34.399 ], [ -68.133, -34.399 ], [ -68.133, -34.366 ], [ -68.133, -34.333 ], [ -68.133, -34.299 ], [ -68.133, -34.266 ], [ -68.166, -34.266 ], [ -68.166, -34.233 ], [ -68.166, -34.199 ], [ -68.166, -34.166 ], [ -68.166, -34.133 ], [ -68.199, -34.133 ], [ -68.199, -34.099 ], [ -68.199, -34.066 ], [ -68.199, -34.033 ], [ -68.199, -33.999 ], [ -68.166, -33.999 ], [ -68.166, -33.966 ], [ -68.199, -33.966 ], [ -68.199, -33.933 ], [ -68.233, -33.933 ], [ -68.233, -33.899 ], [ -68.233, -33.866 ], [ -68.233, -33.833 ], [ -68.233, -33.799 ], [ -68.233, -33.766 ], [ -68.233, -33.733 ], [ -68.266, -33.733 ], [ -68.266, -33.699 ], [ -68.266, -33.666 ], [ -68.266, -33.633 ], [ -68.266, -33.599 ], [ -68.299, -33.599 ], [ -68.299, -33.566 ], [ -68.333, -33.566 ], [ -68.333, -33.533 ], [ -68.333, -33.499 ], [ -68.333, -33.466 ], [ -68.366, -33.466 ], [ -68.366, -33.433 ], [ -68.399, -33.433 ], [ -68.399, -33.399 ], [ -68.433, -33.399 ], [ -68.433, -33.366 ], [ -68.466, -33.366 ], [ -68.499, -33.366 ], [ -68.499, -33.333 ], [ -68.533, -33.333 ], [ -68.533, -33.299 ], [ -68.566, -33.299 ], [ -68.599, -33.299 ], [ -68.633, -33.299 ], [ -68.666, -33.299 ], [ -68.666, -33.333 ], [ -68.699, -33.333 ], [ -68.699, -33.366 ], [ -68.733, -33.366 ], [ -68.733, -33.399 ], [ -68.766, -33.399 ], [ -68.766, -33.366 ], [ -68.766, -33.333 ], [ -68.733, -33.333 ], [ -68.733, -33.299 ], [ -68.733, -33.266 ], [ -68.733, -33.233 ], [ -68.699, -33.233 ], [ -68.699, -33.199 ], [ -68.733, -33.199 ], [ -68.733, -33.166 ], [ -68.733, -33.133 ], [ -68.733, -33.099 ], [ -68.766, -33.099 ], [ -68.766, -33.066 ], [ -68.766, -33.033 ], [ -68.799, -33.033 ], [ -68.799, -32.999 ], [ -68.799, -32.966 ], [ -68.833, -32.966 ], [ -68.833, -32.933 ], [ -68.833, -32.899 ], [ -68.833, -32.866 ], [ -68.866, -32.866 ], [ -68.866, -32.833 ], [ -68.866, -32.799 ], [ -68.866, -32.766 ], [ -68.833, -32.766 ], [ -68.833, -32.733 ], [ -68.833, -32.699 ], [ -68.866, -32.699 ], [ -68.866, -32.666 ], [ -68.833, -32.666 ], [ -68.833, -32.633 ], [ -68.799, -32.633 ], [ -68.799, -32.599 ], [ -68.766, -32.599 ], [ -68.766, -32.566 ], [ -68.766, -32.533 ], [ -68.766, -32.499 ], [ -68.799, -32.499 ], [ -68.799, -32.466 ], [ -68.799, -32.433 ], [ -68.799, -32.399 ], [ -68.799, -32.366 ], [ -68.799, -32.333 ], [ -68.766, -32.333 ], [ -68.766, -32.299 ], [ -68.766, -32.266 ], [ -68.766, -32.233 ], [ -68.733, -32.233 ], [ -68.733, -32.199 ], [ -68.699, -32.199 ], [ -68.699, -32.166 ], [ -68.699, -32.133 ], [ -68.699, -32.099 ], [ -68.666, -32.099 ], [ -68.666, -32.066 ], [ -68.633, -32.066 ], [ -68.633, -32.033 ], [ -68.599, -32.033 ], [ -68.599, -31.999 ], [ -68.599, -31.966 ], [ -68.566, -31.966 ], [ -68.566, -31.933 ], [ -68.566, -31.899 ], [ -68.533, -31.899 ], [ -68.533, -31.866 ], [ -68.499, -31.866 ], [ -68.499, -31.833 ], [ -68.466, -31.833 ], [ -68.466, -31.799 ], [ -68.433, -31.799 ], [ -68.399, -31.799 ], [ -68.366, -31.799 ], [ -68.333, -31.799 ], [ -68.299, -31.799 ], [ -68.266, -31.799 ], [ -68.233, -31.799 ], [ -68.199, -31.799 ], [ -68.166, -31.799 ], [ -68.166, -31.766 ], [ -68.133, -31.766 ], [ -68.133, -31.799 ], [ -68.099, -31.799 ], [ -68.066, -31.799 ], [ -68.066, -31.833 ], [ -68.033, -31.833 ], [ -68.033, -31.866 ], [ -67.999, -31.866 ], [ -67.999, -31.899 ], [ -67.966, -31.899 ], [ -67.933, -31.899 ], [ -67.899, -31.899 ], [ -67.899, -31.866 ], [ -67.866, -31.866 ], [ -67.833, -31.866 ], [ -67.833, -31.833 ], [ -67.833, -31.799 ], [ -67.833, -31.766 ], [ -67.833, -31.733 ], [ -67.833, -31.699 ], [ -67.833, -31.666 ], [ -67.799, -31.666 ], [ -67.799, -31.633 ], [ -67.799, -31.599 ], [ -67.799, -31.566 ], [ -67.799, -31.533 ], [ -67.799, -31.499 ], [ -67.766, -31.499 ], [ -67.766, -31.466 ], [ -67.766, -31.433 ], [ -67.766, -31.399 ], [ -67.733, -31.399 ], [ -67.733, -31.366 ], [ -67.733, -31.333 ], [ -67.733, -31.299 ], [ -67.699, -31.299 ], [ -67.699, -31.266 ], [ -67.699, -31.233 ], [ -67.699, -31.199 ], [ -67.699, -31.166 ], [ -67.699, -31.133 ], [ -67.733, -31.133 ], [ -67.733, -31.099 ], [ -67.733, -31.066 ], [ -67.766, -31.066 ], [ -67.766, -31.033 ], [ -67.799, -31.033 ], [ -67.833, -31.033 ], [ -67.833, -30.999 ], [ -67.833, -30.966 ], [ -67.833, -30.933 ], [ -67.833, -30.899 ], [ -67.866, -30.899 ], [ -67.866, -30.866 ], [ -67.899, -30.866 ], [ -67.899, -30.833 ], [ -67.899, -30.799 ], [ -67.899, -30.766 ], [ -67.899, -30.733 ], [ -67.899, -30.699 ], [ -67.866, -30.699 ], [ -67.833, -30.699 ], [ -67.833, -30.733 ], [ -67.833, -30.766 ], [ -67.799, -30.766 ], [ -67.799, -30.799 ], [ -67.766, -30.799 ], [ -67.766, -30.833 ], [ -67.766, -30.866 ], [ -67.733, -30.866 ], [ -67.733, -30.899 ], [ -67.733, -30.933 ], [ -67.699, -30.933 ], [ -67.666, -30.933 ], [ -67.666, -30.966 ], [ -67.633, -30.966 ], [ -67.633, -30.999 ], [ -67.633, -31.033 ], [ -67.599, -31.033 ], [ -67.599, -31.066 ], [ -67.599, -31.099 ], [ -67.599, -31.133 ], [ -67.599, -31.166 ], [ -67.566, -31.166 ], [ -67.566, -31.199 ], [ -67.566, -31.233 ], [ -67.566, -31.266 ], [ -67.566, -31.299 ], [ -67.566, -31.333 ], [ -67.533, -31.333 ], [ -67.499, -31.333 ], [ -67.499, -31.366 ], [ -67.533, -31.366 ], [ -67.533, -31.399 ], [ -67.533, -31.433 ], [ -67.499, -31.433 ], [ -67.499, -31.399 ], [ -67.499, -31.366 ], [ -67.466, -31.366 ], [ -67.433, -31.366 ], [ -67.433, -31.399 ], [ -67.399, -31.399 ], [ -67.399, -31.433 ], [ -67.366, -31.433 ], [ -67.333, -31.433 ], [ -67.333, -31.399 ], [ -67.333, -31.366 ], [ -67.333, -31.333 ], [ -67.333, -31.299 ], [ -67.299, -31.299 ], [ -67.299, -31.266 ], [ -67.299, -31.233 ], [ -67.299, -31.199 ], [ -67.299, -31.166 ], [ -67.266, -31.166 ], [ -67.266, -31.133 ], [ -67.266, -31.099 ], [ -67.266, -31.066 ], [ -67.266, -31.033 ], [ -67.266, -30.999 ], [ -67.299, -30.999 ], [ -67.299, -30.966 ], [ -67.299, -30.933 ], [ -67.299, -30.899 ], [ -67.299, -30.866 ], [ -67.333, -30.866 ], [ -67.333, -30.833 ], [ -67.333, -30.799 ], [ -67.333, -30.766 ], [ -67.333, -30.733 ], [ -67.299, -30.733 ], [ -67.299, -30.699 ], [ -67.266, -30.699 ], [ -67.266, -30.666 ], [ -67.266, -30.633 ], [ -67.233, -30.633 ], [ -67.233, -30.599 ], [ -67.199, -30.599 ], [ -67.166, -30.599 ], [ -67.166, -30.566 ], [ -67.133, -30.566 ], [ -67.099, -30.566 ], [ -67.099, -30.533 ], [ -67.099, -30.499 ], [ -67.099, -30.466 ], [ -67.066, -30.466 ], [ -67.066, -30.433 ], [ -67.066, -30.399 ], [ -67.066, -30.366 ], [ -67.066, -30.333 ], [ -67.066, -30.299 ], [ -67.066, -30.266 ], [ -67.066, -30.233 ], [ -67.099, -30.233 ], [ -67.099, -30.199 ], [ -67.099, -30.166 ], [ -67.133, -30.166 ], [ -67.133, -30.133 ], [ -67.133, -30.099 ], [ -67.166, -30.099 ], [ -67.166, -30.066 ], [ -67.166, -30.033 ], [ -67.166, -29.999 ], [ -67.166, -29.966 ], [ -67.133, -29.966 ], [ -67.133, -29.999 ], [ -67.099, -29.999 ], [ -67.099, -29.966 ], [ -67.066, -29.966 ], [ -67.066, -29.933 ], [ -67.066, -29.899 ], [ -67.033, -29.899 ], [ -66.999, -29.899 ], [ -66.966, -29.899 ], [ -66.966, -29.866 ], [ -66.966, -29.833 ], [ -66.966, -29.799 ], [ -66.966, -29.766 ], [ -66.966, -29.733 ], [ -66.966, -29.699 ], [ -66.966, -29.666 ], [ -66.966, -29.633 ], [ -66.933, -29.633 ], [ -66.933, -29.599 ], [ -66.933, -29.566 ], [ -66.933, -29.533 ], [ -66.899, -29.533 ], [ -66.899, -29.499 ], [ -66.899, -29.466 ], [ -66.899, -29.433 ], [ -66.899, -29.399 ], [ -66.866, -29.399 ], [ -66.866, -29.366 ], [ -66.833, -29.366 ], [ -66.833, -29.333 ], [ -66.833, -29.299 ], [ -66.799, -29.299 ], [ -66.799, -29.266 ], [ -66.799, -29.233 ], [ -66.766, -29.233 ], [ -66.766, -29.199 ], [ -66.766, -29.166 ], [ -66.733, -29.166 ], [ -66.733, -29.133 ], [ -66.699, -29.133 ], [ -66.699, -29.099 ], [ -66.666, -29.099 ], [ -66.633, -29.099 ], [ -66.633, -29.066 ], [ -66.633, -29.033 ], [ -66.666, -29.033 ], [ -66.666, -28.999 ], [ -66.666, -28.966 ], [ -66.666, -28.933 ], [ -66.633, -28.933 ], [ -66.633, -28.899 ], [ -66.599, -28.899 ], [ -66.599, -28.933 ], [ -66.599, -28.966 ], [ -66.599, -28.999 ], [ -66.599, -29.033 ], [ -66.566, -29.033 ], [ -66.533, -29.033 ], [ -66.499, -29.033 ], [ -66.499, -28.999 ], [ -66.466, -28.999 ], [ -66.466, -28.966 ], [ -66.466, -28.933 ], [ -66.466, -28.899 ], [ -66.433, -28.899 ], [ -66.433, -28.866 ], [ -66.399, -28.866 ], [ -66.366, -28.866 ], [ -66.333, -28.866 ], [ -66.299, -28.866 ], [ -66.299, -28.833 ], [ -66.266, -28.833 ], [ -66.233, -28.833 ], [ -66.199, -28.833 ], [ -66.199, -28.799 ], [ -66.166, -28.799 ], [ -66.166, -28.766 ], [ -66.133, -28.766 ], [ -66.099, -28.766 ], [ -66.099, -28.733 ], [ -66.066, -28.733 ], [ -66.033, -28.733 ], [ -66.033, -28.699 ], [ -65.999, -28.699 ], [ -65.999, -28.666 ], [ -65.966, -28.666 ], [ -65.966, -28.633 ], [ -65.933, -28.633 ], [ -65.933, -28.599 ], [ -65.899, -28.599 ], [ -65.899, -28.566 ], [ -65.866, -28.566 ], [ -65.866, -28.533 ], [ -65.866, -28.499 ], [ -65.833, -28.499 ], [ -65.799, -28.499 ], [ -65.799, -28.466 ], [ -65.799, -28.433 ], [ -65.766, -28.433 ], [ -65.733, -28.433 ], [ -65.733, -28.399 ], [ -65.733, -28.366 ], [ -65.699, -28.366 ], [ -65.699, -28.399 ], [ -65.666, -28.399 ], [ -65.666, -28.433 ], [ -65.666, -28.466 ], [ -65.633, -28.466 ], [ -65.633, -28.499 ], [ -65.666, -28.499 ], [ -65.666, -28.533 ], [ -65.666, -28.566 ], [ -65.666, -28.599 ], [ -65.666, -28.633 ], [ -65.699, -28.633 ], [ -65.699, -28.666 ], [ -65.699, -28.699 ], [ -65.699, -28.733 ], [ -65.699, -28.766 ], [ -65.733, -28.766 ], [ -65.733, -28.799 ], [ -65.699, -28.799 ], [ -65.699, -28.833 ], [ -65.699, -28.866 ], [ -65.699, -28.899 ], [ -65.699, -28.933 ], [ -65.666, -28.933 ], [ -65.666, -28.966 ], [ -65.666, -28.999 ], [ -65.666, -29.033 ] ], [ [ -67.266, -33.033 ], [ -67.266, -33.066 ], [ -67.266, -33.099 ], [ -67.233, -33.099 ], [ -67.233, -33.066 ], [ -67.233, -33.033 ], [ -67.266, -33.033 ], [ -67.266, -32.999 ], [ -67.266, -32.966 ], [ -67.266, -32.933 ], [ -67.233, -32.933 ], [ -67.233, -32.966 ], [ -67.233, -32.999 ], [ -67.199, -32.999 ], [ -67.166, -32.999 ], [ -67.166, -33.033 ], [ -67.133, -33.033 ], [ -67.133, -32.999 ], [ -67.133, -32.966 ], [ -67.166, -32.966 ], [ -67.166, -32.933 ], [ -67.166, -32.899 ], [ -67.199, -32.899 ], [ -67.199, -32.866 ], [ -67.166, -32.866 ], [ -67.166, -32.833 ], [ -67.133, -32.833 ], [ -67.133, -32.799 ], [ -67.166, -32.799 ], [ -67.166, -32.766 ], [ -67.166, -32.733 ], [ -67.166, -32.699 ], [ -67.199, -32.699 ], [ -67.199, -32.666 ], [ -67.233, -32.666 ], [ -67.233, -32.633 ], [ -67.233, -32.599 ], [ -67.233, -32.566 ], [ -67.266, -32.566 ], [ -67.266, -32.533 ], [ -67.266, -32.499 ], [ -67.299, -32.499 ], [ -67.299, -32.466 ], [ -67.299, -32.433 ], [ -67.299, -32.399 ], [ -67.333, -32.399 ], [ -67.333, -32.366 ], [ -67.333, -32.333 ], [ -67.333, -32.299 ], [ -67.366, -32.299 ], [ -67.366, -32.266 ], [ -67.366, -32.233 ], [ -67.366, -32.199 ], [ -67.366, -32.166 ], [ -67.366, -32.133 ], [ -67.333, -32.133 ], [ -67.333, -32.099 ], [ -67.333, -32.066 ], [ -67.333, -32.033 ], [ -67.366, -32.033 ], [ -67.399, -32.033 ], [ -67.433, -32.033 ], [ -67.466, -32.033 ], [ -67.499, -32.033 ], [ -67.499, -32.066 ], [ -67.499, -32.099 ], [ -67.466, -32.099 ], [ -67.433, -32.099 ], [ -67.433, -32.066 ], [ -67.399, -32.066 ], [ -67.399, -32.099 ], [ -67.399, -32.133 ], [ -67.399, -32.166 ], [ -67.433, -32.166 ], [ -67.466, -32.166 ], [ -67.466, -32.199 ], [ -67.466, -32.233 ], [ -67.466, -32.266 ], [ -67.466, -32.299 ], [ -67.433, -32.299 ], [ -67.433, -32.333 ], [ -67.399, -32.333 ], [ -67.399, -32.366 ], [ -67.399, -32.399 ], [ -67.366, -32.399 ], [ -67.366, -32.433 ], [ -67.399, -32.433 ], [ -67.433, -32.433 ], [ -67.466, -32.433 ], [ -67.466, -32.399 ], [ -67.466, -32.366 ], [ -67.466, -32.333 ], [ -67.499, -32.333 ], [ -67.499, -32.299 ], [ -67.499, -32.266 ], [ -67.499, -32.233 ], [ -67.533, -32.233 ], [ -67.533, -32.199 ], [ -67.566, -32.199 ], [ -67.566, -32.233 ], [ -67.566, -32.266 ], [ -67.566, -32.299 ], [ -67.566, -32.333 ], [ -67.566, -32.366 ], [ -67.566, -32.399 ], [ -67.599, -32.399 ], [ -67.633, -32.399 ], [ -67.633, -32.433 ], [ -67.666, -32.433 ], [ -67.699, -32.433 ], [ -67.699, -32.466 ], [ -67.699, -32.499 ], [ -67.666, -32.499 ], [ -67.666, -32.533 ], [ -67.633, -32.533 ], [ -67.633, -32.566 ], [ -67.633, -32.599 ], [ -67.633, -32.633 ], [ -67.599, -32.633 ], [ -67.566, -32.633 ], [ -67.533, -32.633 ], [ -67.499, -32.633 ], [ -67.466, -32.633 ], [ -67.433, -32.633 ], [ -67.433, -32.666 ], [ -67.433, -32.699 ], [ -67.433, -32.733 ], [ -67.433, -32.766 ], [ -67.399, -32.766 ], [ -67.399, -32.799 ], [ -67.399, -32.833 ], [ -67.399, -32.866 ], [ -67.399, -32.899 ], [ -67.399, -32.933 ], [ -67.399, -32.966 ], [ -67.366, -32.966 ], [ -67.366, -32.999 ], [ -67.333, -32.999 ], [ -67.299, -32.999 ], [ -67.299, -33.033 ], [ -67.266, -33.033 ] ], [ [ -66.899, -32.899 ], [ -66.899, -32.933 ], [ -66.899, -32.966 ], [ -66.899, -32.999 ], [ -66.866, -32.999 ], [ -66.833, -32.999 ], [ -66.833, -32.966 ], [ -66.799, -32.966 ], [ -66.799, -32.933 ], [ -66.833, -32.933 ], [ -66.833, -32.899 ], [ -66.866, -32.899 ], [ -66.866, -32.866 ], [ -66.899, -32.866 ], [ -66.899, -32.899 ] ], [ [ -66.766, -32.933 ], [ -66.766, -32.966 ], [ -66.766, -32.999 ], [ -66.733, -32.999 ], [ -66.733, -32.966 ], [ -66.699, -32.966 ], [ -66.699, -32.933 ], [ -66.733, -32.933 ], [ -66.766, -32.933 ] ], [ [ -67.199, -33.099 ], [ -67.199, -33.133 ], [ -67.233, -33.133 ], [ -67.233, -33.166 ], [ -67.199, -33.166 ], [ -67.166, -33.166 ], [ -67.166, -33.133 ], [ -67.133, -33.133 ], [ -67.133, -33.099 ], [ -67.166, -33.099 ], [ -67.199, -33.099 ] ], [ [ -66.599, -33.166 ], [ -66.599, -33.199 ], [ -66.633, -33.199 ], [ -66.633, -33.233 ], [ -66.666, -33.233 ], [ -66.666, -33.266 ], [ -66.699, -33.266 ], [ -66.699, -33.299 ], [ -66.699, -33.333 ], [ -66.733, -33.333 ], [ -66.733, -33.366 ], [ -66.733, -33.399 ], [ -66.766, -33.399 ], [ -66.766, -33.433 ], [ -66.766, -33.466 ], [ -66.766, -33.499 ], [ -66.799, -33.499 ], [ -66.799, -33.533 ], [ -66.799, -33.566 ], [ -66.833, -33.566 ], [ -66.833, -33.599 ], [ -66.866, -33.599 ], [ -66.866, -33.633 ], [ -66.866, -33.666 ], [ -66.833, -33.666 ], [ -66.833, -33.699 ], [ -66.799, -33.699 ], [ -66.799, -33.733 ], [ -66.766, -33.733 ], [ -66.766, -33.766 ], [ -66.766, -33.799 ], [ -66.733, -33.799 ], [ -66.733, -33.833 ], [ -66.699, -33.833 ], [ -66.666, -33.833 ], [ -66.666, -33.799 ], [ -66.633, -33.799 ], [ -66.599, -33.799 ], [ -66.566, -33.799 ], [ -66.566, -33.766 ], [ -66.533, -33.766 ], [ -66.499, -33.766 ], [ -66.499, -33.733 ], [ -66.499, -33.699 ], [ -66.466, -33.699 ], [ -66.466, -33.666 ], [ -66.466, -33.633 ], [ -66.433, -33.633 ], [ -66.433, -33.599 ], [ -66.433, -33.566 ], [ -66.433, -33.533 ], [ -66.399, -33.533 ], [ -66.399, -33.499 ], [ -66.399, -33.466 ], [ -66.399, -33.433 ], [ -66.433, -33.433 ], [ -66.433, -33.399 ], [ -66.433, -33.366 ], [ -66.466, -33.366 ], [ -66.466, -33.333 ], [ -66.466, -33.299 ], [ -66.466, -33.266 ], [ -66.466, -33.233 ], [ -66.499, -33.233 ], [ -66.499, -33.199 ], [ -66.499, -33.166 ], [ -66.499, -33.133 ], [ -66.533, -33.133 ], [ -66.566, -33.133 ], [ -66.566, -33.166 ], [ -66.599, -33.166 ] ], [ [ -68.233, -34.799 ], [ -68.233, -34.833 ], [ -68.233, -34.866 ], [ -68.233, -34.899 ], [ -68.233, -34.933 ], [ -68.199, -34.933 ], [ -68.199, -34.966 ], [ -68.166, -34.966 ], [ -68.133, -34.966 ], [ -68.133, -34.933 ], [ -68.133, -34.899 ], [ -68.166, -34.899 ], [ -68.166, -34.866 ], [ -68.166, -34.833 ], [ -68.166, -34.799 ], [ -68.199, -34.799 ], [ -68.199, -34.766 ], [ -68.233, -34.766 ], [ -68.233, -34.799 ] ], [ [ -67.266, -36.533 ], [ -67.266, -36.566 ], [ -67.233, -36.566 ], [ -67.233, -36.533 ], [ -67.266, -36.533 ] ] ], [ [ [ -67.099, -32.499 ], [ -67.099, -32.533 ], [ -67.099, -32.566 ], [ -67.099, -32.599 ], [ -67.066, -32.599 ], [ -67.066, -32.633 ], [ -67.033, -32.633 ], [ -67.033, -32.666 ], [ -66.999, -32.666 ], [ -66.966, -32.666 ], [ -66.966, -32.633 ], [ -66.933, -32.633 ], [ -66.933, -32.599 ], [ -66.933, -32.566 ], [ -66.933, -32.533 ], [ -66.966, -32.533 ], [ -66.966, -32.499 ], [ -66.999, -32.499 ], [ -66.999, -32.466 ], [ -67.033, -32.466 ], [ -67.033, -32.433 ], [ -67.066, -32.433 ], [ -67.066, -32.466 ], [ -67.099, -32.466 ], [ -67.099, -32.499 ] ] ], [ [ [ -67.133, -33.366 ], [ -67.133, -33.333 ], [ -67.166, -33.333 ], [ -67.166, -33.366 ], [ -67.133, -33.366 ] ] ], [ [ [ -67.166, -33.233 ], [ -67.166, -33.199 ], [ -67.199, -33.199 ], [ -67.199, -33.233 ], [ -67.166, -33.233 ] ] ], [ [ [ -66.399, -36.766 ], [ -66.399, -36.799 ], [ -66.366, -36.799 ], [ -66.333, -36.799 ], [ -66.333, -36.766 ], [ -66.366, -36.766 ], [ -66.399, -36.766 ] ] ], [ [ [ -67.299, -37.233 ], [ -67.299, -37.266 ], [ -67.266, -37.266 ], [ -67.266, -37.233 ], [ -67.299, -37.233 ] ] ], [ [ [ -65.766, -27.699 ], [ -65.799, -27.699 ], [ -65.799, -27.666 ], [ -65.766, -27.666 ], [ -65.766, -27.699 ] ] ], [ [ [ -58.533, -30.599 ], [ -58.499, -30.599 ], [ -58.499, -30.566 ], [ -58.466, -30.566 ], [ -58.433, -30.566 ], [ -58.399, -30.566 ], [ -58.399, -30.599 ], [ -58.366, -30.599 ], [ -58.333, -30.599 ], [ -58.299, -30.599 ], [ -58.266, -30.599 ], [ -58.266, -30.633 ], [ -58.233, -30.633 ], [ -58.199, -30.633 ], [ -58.199, -30.666 ], [ -58.166, -30.666 ], [ -58.166, -30.699 ], [ -58.133, -30.699 ], [ -58.099, -30.699 ], [ -58.099, -30.733 ], [ -58.066, -30.733 ], [ -58.033, -30.733 ], [ -57.999, -30.733 ], [ -57.999, -30.766 ], [ -57.999, -30.799 ], [ -57.966, -30.799 ], [ -57.933, -30.799 ], [ -57.899, -30.799 ], [ -57.899, -30.833 ], [ -57.866, -30.833 ], [ -57.866, -30.866 ], [ -57.833, -30.866 ], [ -57.833, -30.899 ], [ -57.806, -30.899 ], [ -57.807, -30.902 ], [ -57.808, -30.908 ], [ -57.809, -30.913 ], [ -57.812, -30.917 ], [ -57.815, -30.922 ], [ -57.819, -30.924 ], [ -57.822, -30.925 ], [ -57.832, -30.925 ], [ -57.839, -30.924 ], [ -57.847, -30.923 ], [ -57.848, -30.923 ], [ -57.858, -30.922 ], [ -57.865, -30.921 ], [ -57.871, -30.921 ], [ -57.874, -30.920 ], [ -57.879, -30.921 ], [ -57.883, -30.922 ], [ -57.888, -30.923 ], [ -57.892, -30.926 ], [ -57.897, -30.929 ], [ -57.901, -30.932 ], [ -57.905, -30.941 ], [ -57.907, -30.945 ], [ -57.907, -30.953 ], [ -57.905, -30.957 ], [ -57.903, -30.962 ], [ -57.895, -30.971 ], [ -57.892, -30.973 ], [ -57.887, -30.977 ], [ -57.885, -30.979 ], [ -57.881, -30.984 ], [ -57.878, -30.988 ], [ -57.875, -30.993 ], [ -57.874, -30.994 ], [ -57.872, -30.998 ], [ -57.871, -31.002 ], [ -57.869, -31.009 ], [ -57.866, -31.019 ], [ -57.865, -31.023 ], [ -57.864, -31.025 ], [ -57.864, -31.031 ], [ -57.864, -31.037 ], [ -57.864, -31.040 ], [ -57.865, -31.042 ], [ -57.866, -31.048 ], [ -57.867, -31.056 ], [ -57.869, -31.063 ], [ -57.871, -31.070 ], [ -57.874, -31.077 ], [ -57.875, -31.081 ], [ -57.877, -31.085 ], [ -57.879, -31.088 ], [ -57.883, -31.093 ], [ -57.888, -31.097 ], [ -57.892, -31.100 ], [ -57.898, -31.104 ], [ -57.902, -31.108 ], [ -57.906, -31.113 ], [ -57.907, -31.116 ], [ -57.908, -31.118 ], [ -57.909, -31.124 ], [ -57.911, -31.131 ], [ -57.912, -31.136 ], [ -57.912, -31.141 ], [ -57.913, -31.146 ], [ -57.913, -31.151 ], [ -57.912, -31.156 ], [ -57.912, -31.162 ], [ -57.912, -31.167 ], [ -57.911, -31.173 ], [ -57.911, -31.178 ], [ -57.911, -31.183 ], [ -57.910, -31.189 ], [ -57.908, -31.195 ], [ -57.907, -31.199 ], [ -57.907, -31.204 ], [ -57.907, -31.208 ], [ -57.907, -31.212 ], [ -57.908, -31.214 ], [ -57.910, -31.218 ], [ -57.912, -31.223 ], [ -57.915, -31.228 ], [ -57.917, -31.232 ], [ -57.919, -31.235 ], [ -57.921, -31.239 ], [ -57.923, -31.242 ], [ -57.926, -31.247 ], [ -57.929, -31.251 ], [ -57.930, -31.255 ], [ -57.932, -31.259 ], [ -57.933, -31.264 ], [ -57.934, -31.267 ], [ -57.937, -31.272 ], [ -57.938, -31.274 ], [ -57.939, -31.276 ], [ -57.941, -31.280 ], [ -57.943, -31.282 ], [ -57.945, -31.284 ], [ -57.949, -31.288 ], [ -57.950, -31.289 ], [ -57.953, -31.292 ], [ -57.956, -31.295 ], [ -57.958, -31.298 ], [ -57.960, -31.301 ], [ -57.964, -31.304 ], [ -57.975, -31.312 ], [ -57.978, -31.315 ], [ -57.981, -31.326 ], [ -57.982, -31.330 ], [ -57.983, -31.335 ], [ -57.983, -31.336 ], [ -57.984, -31.339 ], [ -57.986, -31.344 ], [ -57.987, -31.346 ], [ -57.988, -31.350 ], [ -57.989, -31.353 ], [ -57.990, -31.358 ], [ -57.990, -31.361 ], [ -57.989, -31.365 ], [ -57.989, -31.366 ], [ -57.986, -31.369 ], [ -57.985, -31.370 ], [ -57.984, -31.372 ], [ -57.982, -31.377 ], [ -57.981, -31.378 ], [ -57.979, -31.380 ], [ -57.979, -31.382 ], [ -57.979, -31.384 ], [ -57.980, -31.386 ], [ -57.981, -31.387 ], [ -57.986, -31.393 ], [ -57.987, -31.394 ], [ -57.990, -31.397 ], [ -57.992, -31.398 ], [ -57.995, -31.401 ], [ -57.996, -31.402 ], [ -57.997, -31.403 ], [ -57.999, -31.404 ], [ -58.000, -31.406 ], [ -58.002, -31.407 ], [ -58.008, -31.410 ], [ -58.018, -31.415 ], [ -58.025, -31.418 ], [ -58.028, -31.419 ], [ -58.030, -31.420 ], [ -58.040, -31.425 ], [ -58.042, -31.426 ], [ -58.047, -31.429 ], [ -58.050, -31.431 ], [ -58.057, -31.436 ], [ -58.063, -31.440 ], [ -58.068, -31.444 ], [ -58.072, -31.448 ], [ -58.073, -31.449 ], [ -58.077, -31.452 ], [ -58.078, -31.454 ], [ -58.079, -31.456 ], [ -58.080, -31.458 ], [ -58.081, -31.461 ], [ -58.082, -31.463 ], [ -58.082, -31.465 ], [ -58.082, -31.466 ], [ -58.082, -31.469 ], [ -58.081, -31.473 ], [ -58.081, -31.478 ], [ -58.081, -31.479 ], [ -58.080, -31.481 ], [ -58.077, -31.486 ], [ -58.073, -31.491 ], [ -58.068, -31.495 ], [ -58.064, -31.497 ], [ -58.061, -31.499 ], [ -58.055, -31.500 ], [ -58.051, -31.501 ], [ -58.042, -31.505 ], [ -58.033, -31.508 ], [ -58.029, -31.509 ], [ -58.026, -31.513 ], [ -58.014, -31.522 ], [ -58.012, -31.523 ], [ -58.009, -31.524 ], [ -58.008, -31.525 ], [ -58.006, -31.526 ], [ -58.005, -31.528 ], [ -58.003, -31.531 ], [ -58.002, -31.536 ], [ -58.002, -31.539 ], [ -58.002, -31.541 ], [ -58.001, -31.544 ], [ -57.998, -31.548 ], [ -57.995, -31.552 ], [ -57.991, -31.557 ], [ -57.986, -31.565 ], [ -57.983, -31.570 ], [ -57.981, -31.575 ], [ -57.980, -31.578 ], [ -57.980, -31.579 ], [ -57.979, -31.582 ], [ -57.979, -31.586 ], [ -57.980, -31.591 ], [ -57.981, -31.596 ], [ -57.982, -31.598 ], [ -57.984, -31.603 ], [ -57.986, -31.605 ], [ -57.987, -31.607 ], [ -57.988, -31.612 ], [ -57.989, -31.615 ], [ -57.990, -31.619 ], [ -57.992, -31.623 ], [ -57.993, -31.626 ], [ -57.994, -31.628 ], [ -57.994, -31.628 ], [ -57.994, -31.629 ], [ -57.995, -31.632 ], [ -57.997, -31.637 ], [ -57.999, -31.642 ], [ -58.002, -31.647 ], [ -58.004, -31.653 ], [ -58.004, -31.655 ], [ -58.005, -31.658 ], [ -58.007, -31.663 ], [ -58.011, -31.670 ], [ -58.014, -31.677 ], [ -58.015, -31.680 ], [ -58.016, -31.685 ], [ -58.019, -31.691 ], [ -58.021, -31.695 ], [ -58.022, -31.697 ], [ -58.024, -31.702 ], [ -58.027, -31.707 ], [ -58.029, -31.712 ], [ -58.031, -31.717 ], [ -58.034, -31.722 ], [ -58.037, -31.727 ], [ -58.037, -31.729 ], [ -58.039, -31.732 ], [ -58.039, -31.734 ], [ -58.039, -31.737 ], [ -58.039, -31.740 ], [ -58.039, -31.743 ], [ -58.040, -31.746 ], [ -58.041, -31.750 ], [ -58.043, -31.755 ], [ -58.044, -31.757 ], [ -58.044, -31.759 ], [ -58.046, -31.764 ], [ -58.049, -31.767 ], [ -58.051, -31.771 ], [ -58.054, -31.777 ], [ -58.055, -31.780 ], [ -58.058, -31.784 ], [ -58.059, -31.787 ], [ -58.062, -31.791 ], [ -58.063, -31.794 ], [ -58.064, -31.799 ], [ -58.065, -31.801 ], [ -58.066, -31.804 ], [ -58.067, -31.807 ], [ -58.070, -31.813 ], [ -58.073, -31.817 ], [ -58.075, -31.819 ], [ -58.077, -31.821 ], [ -58.080, -31.822 ], [ -58.082, -31.823 ], [ -58.087, -31.824 ], [ -58.093, -31.824 ], [ -58.097, -31.824 ], [ -58.102, -31.824 ], [ -58.107, -31.824 ], [ -58.114, -31.826 ], [ -58.120, -31.828 ], [ -58.123, -31.828 ], [ -58.132, -31.830 ], [ -58.142, -31.832 ], [ -58.147, -31.832 ], [ -58.151, -31.833 ], [ -58.157, -31.835 ], [ -58.160, -31.837 ], [ -58.161, -31.837 ], [ -58.161, -31.838 ], [ -58.166, -31.833 ], [ -58.199, -31.833 ], [ -58.199, -31.866 ], [ -58.233, -31.866 ], [ -58.266, -31.866 ], [ -58.299, -31.866 ], [ -58.333, -31.866 ], [ -58.333, -31.899 ], [ -58.366, -31.899 ], [ -58.366, -31.933 ], [ -58.399, -31.933 ], [ -58.399, -31.966 ], [ -58.433, -31.966 ], [ -58.433, -31.999 ], [ -58.466, -31.999 ], [ -58.466, -32.033 ], [ -58.466, -32.066 ], [ -58.499, -32.066 ], [ -58.533, -32.066 ], [ -58.533, -32.099 ], [ -58.566, -32.099 ], [ -58.566, -32.133 ], [ -58.566, -32.166 ], [ -58.599, -32.166 ], [ -58.599, -32.199 ], [ -58.599, -32.233 ], [ -58.599, -32.266 ], [ -58.633, -32.266 ], [ -58.633, -32.299 ], [ -58.633, -32.333 ], [ -58.666, -32.333 ], [ -58.666, -32.366 ], [ -58.633, -32.366 ], [ -58.633, -32.399 ], [ -58.666, -32.399 ], [ -58.666, -32.433 ], [ -58.633, -32.433 ], [ -58.633, -32.466 ], [ -58.599, -32.466 ], [ -58.599, -32.499 ], [ -58.566, -32.499 ], [ -58.566, -32.533 ], [ -58.566, -32.566 ], [ -58.533, -32.566 ], [ -58.533, -32.599 ], [ -58.499, -32.599 ], [ -58.499, -32.566 ], [ -58.466, -32.566 ], [ -58.466, -32.599 ], [ -58.433, -32.599 ], [ -58.399, -32.599 ], [ -58.399, -32.633 ], [ -58.366, -32.633 ], [ -58.366, -32.666 ], [ -58.333, -32.666 ], [ -58.333, -32.699 ], [ -58.333, -32.733 ], [ -58.299, -32.733 ], [ -58.299, -32.766 ], [ -58.266, -32.766 ], [ -58.266, -32.799 ], [ -58.233, -32.799 ], [ -58.233, -32.833 ], [ -58.199, -32.833 ], [ -58.199, -32.866 ], [ -58.166, -32.866 ], [ -58.166, -32.899 ], [ -58.133, -32.899 ], [ -58.117, -32.899 ], [ -58.118, -32.902 ], [ -58.115, -32.915 ], [ -58.114, -32.919 ], [ -58.111, -32.927 ], [ -58.110, -32.930 ], [ -58.107, -32.936 ], [ -58.103, -32.942 ], [ -58.098, -32.948 ], [ -58.090, -32.953 ], [ -58.088, -32.956 ], [ -58.087, -32.962 ], [ -58.088, -32.967 ], [ -58.089, -32.971 ], [ -58.088, -32.975 ], [ -58.087, -32.979 ], [ -58.084, -32.986 ], [ -58.081, -32.991 ], [ -58.080, -32.993 ], [ -58.077, -33.000 ], [ -58.080, -33.002 ], [ -58.082, -33.005 ], [ -58.084, -33.007 ], [ -58.086, -33.009 ], [ -58.089, -33.012 ], [ -58.093, -33.018 ], [ -58.100, -33.022 ], [ -58.118, -33.032 ], [ -58.129, -33.035 ], [ -58.134, -33.036 ], [ -58.140, -33.039 ], [ -58.144, -33.042 ], [ -58.145, -33.043 ], [ -58.147, -33.046 ], [ -58.149, -33.050 ], [ -58.156, -33.058 ], [ -58.160, -33.061 ], [ -58.161, -33.062 ], [ -58.160, -33.064 ], [ -58.166, -33.069 ], [ -58.171, -33.075 ], [ -58.174, -33.079 ], [ -58.189, -33.082 ], [ -58.201, -33.082 ], [ -58.209, -33.086 ], [ -58.220, -33.090 ], [ -58.228, -33.094 ], [ -58.238, -33.098 ], [ -58.248, -33.099 ], [ -58.256, -33.101 ], [ -58.266, -33.104 ], [ -58.271, -33.108 ], [ -58.272, -33.107 ], [ -58.284, -33.106 ], [ -58.290, -33.105 ], [ -58.298, -33.103 ], [ -58.310, -33.103 ], [ -58.319, -33.105 ], [ -58.324, -33.108 ], [ -58.329, -33.110 ], [ -58.332, -33.111 ], [ -58.345, -33.115 ], [ -58.346, -33.115 ], [ -58.355, -33.116 ], [ -58.358, -33.117 ], [ -58.363, -33.119 ], [ -58.367, -33.122 ], [ -58.369, -33.123 ], [ -58.370, -33.124 ], [ -58.374, -33.128 ], [ -58.379, -33.134 ], [ -58.383, -33.140 ], [ -58.387, -33.150 ], [ -58.392, -33.160 ], [ -58.392, -33.165 ], [ -58.399, -33.179 ], [ -58.397, -33.190 ], [ -58.392, -33.203 ], [ -58.392, -33.214 ], [ -58.403, -33.240 ], [ -58.403, -33.251 ], [ -58.391, -33.273 ], [ -58.388, -33.284 ], [ -58.388, -33.287 ], [ -58.390, -33.298 ], [ -58.399, -33.313 ], [ -58.414, -33.325 ], [ -58.417, -33.329 ], [ -58.424, -33.335 ], [ -58.432, -33.346 ], [ -58.441, -33.358 ], [ -58.444, -33.366 ], [ -58.448, -33.374 ], [ -58.448, -33.381 ], [ -58.450, -33.385 ], [ -58.451, -33.387 ], [ -58.456, -33.393 ], [ -58.478, -33.437 ], [ -58.486, -33.446 ], [ -58.490, -33.457 ], [ -58.499, -33.468 ], [ -58.504, -33.481 ], [ -58.496, -33.514 ], [ -58.493, -33.534 ], [ -58.493, -33.546 ], [ -58.496, -33.563 ], [ -58.500, -33.572 ], [ -58.508, -33.598 ], [ -58.506, -33.605 ], [ -58.506, -33.614 ], [ -58.507, -33.625 ], [ -58.533, -33.599 ], [ -58.566, -33.599 ], [ -58.599, -33.599 ], [ -58.633, -33.599 ], [ -58.666, -33.599 ], [ -58.666, -33.633 ], [ -58.699, -33.633 ], [ -58.733, -33.633 ], [ -58.766, -33.633 ], [ -58.799, -33.633 ], [ -58.799, -33.666 ], [ -58.833, -33.666 ], [ -58.866, -33.666 ], [ -58.866, -33.633 ], [ -58.899, -33.633 ], [ -58.933, -33.633 ], [ -58.966, -33.633 ], [ -58.999, -33.633 ], [ -59.033, -33.633 ], [ -59.066, -33.633 ], [ -59.099, -33.633 ], [ -59.133, -33.633 ], [ -59.166, -33.633 ], [ -59.199, -33.633 ], [ -59.199, -33.666 ], [ -59.166, -33.666 ], [ -59.166, -33.699 ], [ -59.199, -33.699 ], [ -59.233, -33.699 ], [ -59.233, -33.666 ], [ -59.266, -33.666 ], [ -59.266, -33.699 ], [ -59.266, -33.733 ], [ -59.299, -33.733 ], [ -59.299, -33.766 ], [ -59.299, -33.799 ], [ -59.299, -33.833 ], [ -59.299, -33.866 ], [ -59.299, -33.899 ], [ -59.333, -33.899 ], [ -59.333, -33.933 ], [ -59.299, -33.933 ], [ -59.266, -33.933 ], [ -59.266, -33.966 ], [ -59.233, -33.966 ], [ -59.199, -33.966 ], [ -59.166, -33.966 ], [ -59.166, -33.999 ], [ -59.166, -34.033 ], [ -59.133, -34.033 ], [ -59.099, -34.033 ], [ -59.099, -34.066 ], [ -59.066, -34.066 ], [ -59.066, -34.099 ], [ -59.033, -34.099 ], [ -59.033, -34.133 ], [ -59.066, -34.133 ], [ -59.066, -34.166 ], [ -59.066, -34.199 ], [ -59.099, -34.199 ], [ -59.099, -34.233 ], [ -59.099, -34.266 ], [ -59.099, -34.299 ], [ -59.133, -34.299 ], [ -59.133, -34.333 ], [ -59.166, -34.333 ], [ -59.166, -34.366 ], [ -59.133, -34.366 ], [ -59.099, -34.366 ], [ -59.066, -34.366 ], [ -59.066, -34.399 ], [ -59.033, -34.399 ], [ -59.033, -34.433 ], [ -59.066, -34.433 ], [ -59.066, -34.466 ], [ -59.066, -34.499 ], [ -59.099, -34.499 ], [ -59.133, -34.499 ], [ -59.133, -34.533 ], [ -59.133, -34.566 ], [ -59.166, -34.566 ], [ -59.166, -34.599 ], [ -59.133, -34.599 ], [ -59.099, -34.599 ], [ -59.066, -34.599 ], [ -59.066, -34.633 ], [ -59.099, -34.633 ], [ -59.099, -34.666 ], [ -59.066, -34.666 ], [ -59.066, -34.699 ], [ -59.066, -34.733 ], [ -59.066, -34.766 ], [ -59.033, -34.766 ], [ -59.033, -34.799 ], [ -58.999, -34.799 ], [ -58.966, -34.799 ], [ -58.933, -34.799 ], [ -58.899, -34.799 ], [ -58.899, -34.833 ], [ -58.866, -34.833 ], [ -58.866, -34.866 ], [ -58.833, -34.866 ], [ -58.799, -34.866 ], [ -58.766, -34.866 ], [ -58.766, -34.833 ], [ -58.766, -34.799 ], [ -58.733, -34.799 ], [ -58.699, -34.799 ], [ -58.699, -34.766 ], [ -58.666, -34.766 ], [ -58.666, -34.733 ], [ -58.633, -34.733 ], [ -58.599, -34.733 ], [ -58.566, -34.733 ], [ -58.533, -34.733 ], [ -58.499, -34.733 ], [ -58.466, -34.733 ], [ -58.466, -34.766 ], [ -58.433, -34.766 ], [ -58.399, -34.766 ], [ -58.399, -34.799 ], [ -58.366, -34.799 ], [ -58.366, -34.833 ], [ -58.366, -34.866 ], [ -58.333, -34.866 ], [ -58.333, -34.899 ], [ -58.299, -34.899 ], [ -58.299, -34.933 ], [ -58.266, -34.933 ], [ -58.233, -34.933 ], [ -58.199, -34.933 ], [ -58.199, -34.899 ], [ -58.166, -34.899 ], [ -58.133, -34.899 ], [ -58.133, -34.866 ], [ -58.099, -34.866 ], [ -58.099, -34.833 ], [ -58.066, -34.833 ], [ -58.033, -34.833 ], [ -58.033, -34.799 ], [ -57.999, -34.799 ], [ -57.999, -34.766 ], [ -57.979, -34.766 ], [ -57.972, -34.772 ], [ -57.959, -34.786 ], [ -57.940, -34.802 ], [ -57.931, -34.805 ], [ -57.875, -34.799 ], [ -57.865, -34.800 ], [ -57.857, -34.802 ], [ -57.847, -34.809 ], [ -57.839, -34.821 ], [ -57.795, -34.847 ], [ -57.764, -34.872 ], [ -57.732, -34.891 ], [ -57.704, -34.903 ], [ -57.676, -34.906 ], [ -57.667, -34.909 ], [ -57.666, -34.910 ], [ -57.666, -34.966 ], [ -57.666, -34.999 ], [ -57.666, -35.033 ], [ -57.666, -35.066 ], [ -57.699, -35.066 ], [ -57.699, -35.099 ], [ -57.733, -35.099 ], [ -57.733, -35.133 ], [ -57.733, -35.166 ], [ -57.766, -35.166 ], [ -57.766, -35.199 ], [ -57.799, -35.199 ], [ -57.799, -35.233 ], [ -57.833, -35.233 ], [ -57.866, -35.233 ], [ -57.866, -35.266 ], [ -57.899, -35.266 ], [ -57.933, -35.266 ], [ -57.966, -35.266 ], [ -57.999, -35.266 ], [ -57.999, -35.299 ], [ -58.033, -35.299 ], [ -58.066, -35.299 ], [ -58.099, -35.299 ], [ -58.099, -35.266 ], [ -58.133, -35.266 ], [ -58.166, -35.266 ], [ -58.166, -35.233 ], [ -58.199, -35.233 ], [ -58.233, -35.233 ], [ -58.233, -35.199 ], [ -58.266, -35.199 ], [ -58.299, -35.199 ], [ -58.333, -35.199 ], [ -58.333, -35.233 ], [ -58.299, -35.233 ], [ -58.299, -35.266 ], [ -58.299, -35.299 ], [ -58.266, -35.299 ], [ -58.233, -35.299 ], [ -58.233, -35.333 ], [ -58.199, -35.333 ], [ -58.166, -35.333 ], [ -58.166, -35.366 ], [ -58.133, -35.366 ], [ -58.133, -35.399 ], [ -58.133, -35.433 ], [ -58.166, -35.433 ], [ -58.166, -35.466 ], [ -58.166, -35.499 ], [ -58.166, -35.533 ], [ -58.133, -35.533 ], [ -58.133, -35.566 ], [ -58.133, -35.599 ], [ -58.099, -35.599 ], [ -58.099, -35.633 ], [ -58.099, -35.666 ], [ -58.066, -35.666 ], [ -58.066, -35.699 ], [ -58.066, -35.733 ], [ -58.033, -35.733 ], [ -58.033, -35.766 ], [ -57.999, -35.766 ], [ -57.999, -35.799 ], [ -57.966, -35.799 ], [ -57.933, -35.799 ], [ -57.899, -35.799 ], [ -57.866, -35.799 ], [ -57.866, -35.833 ], [ -57.833, -35.833 ], [ -57.799, -35.833 ], [ -57.799, -35.866 ], [ -57.766, -35.866 ], [ -57.766, -35.899 ], [ -57.733, -35.899 ], [ -57.699, -35.899 ], [ -57.699, -35.933 ], [ -57.666, -35.933 ], [ -57.633, -35.933 ], [ -57.633, -35.966 ], [ -57.599, -35.966 ], [ -57.566, -35.966 ], [ -57.566, -35.999 ], [ -57.533, -35.999 ], [ -57.499, -35.999 ], [ -57.499, -36.033 ], [ -57.466, -36.033 ], [ -57.466, -36.066 ], [ -57.433, -36.066 ], [ -57.433, -36.099 ], [ -57.399, -36.099 ], [ -57.366, -36.099 ], [ -57.366, -36.133 ], [ -57.333, -36.133 ], [ -57.333, -36.166 ], [ -57.299, -36.166 ], [ -57.299, -36.199 ], [ -57.266, -36.199 ], [ -57.266, -36.233 ], [ -57.233, -36.233 ], [ -57.233, -36.266 ], [ -57.233, -36.299 ], [ -57.199, -36.299 ], [ -57.199, -36.333 ], [ -57.166, -36.333 ], [ -57.166, -36.366 ], [ -57.133, -36.366 ], [ -57.099, -36.366 ], [ -57.066, -36.366 ], [ -57.066, -36.399 ], [ -57.033, -36.399 ], [ -57.033, -36.433 ], [ -56.999, -36.433 ], [ -56.999, -36.466 ], [ -56.966, -36.466 ], [ -56.933, -36.466 ], [ -56.899, -36.466 ], [ -56.899, -36.499 ], [ -56.866, -36.499 ], [ -56.833, -36.499 ], [ -56.833, -36.533 ], [ -56.799, -36.533 ], [ -56.766, -36.533 ], [ -56.733, -36.533 ], [ -56.733, -36.566 ], [ -56.699, -36.566 ], [ -56.653, -36.566 ], [ -56.651, -36.614 ], [ -56.644, -36.657 ], [ -56.639, -36.720 ], [ -56.642, -36.826 ], [ -56.634, -36.858 ], [ -56.633, -36.878 ], [ -56.636, -36.890 ], [ -56.657, -36.922 ], [ -56.697, -36.970 ], [ -56.721, -36.995 ], [ -56.753, -37.038 ], [ -56.781, -37.071 ], [ -56.794, -37.094 ], [ -56.836, -37.145 ], [ -56.853, -37.170 ], [ -56.866, -37.183 ], [ -56.872, -37.195 ], [ -56.890, -37.218 ], [ -56.906, -37.235 ], [ -56.948, -37.289 ], [ -56.970, -37.313 ], [ -56.995, -37.351 ], [ -57.003, -37.366 ], [ -57.008, -37.371 ], [ -57.026, -37.407 ], [ -57.059, -37.462 ], [ -57.098, -37.509 ], [ -57.119, -37.529 ], [ -57.139, -37.544 ], [ -57.171, -37.576 ], [ -57.182, -37.583 ], [ -57.199, -37.566 ], [ -57.199, -37.533 ], [ -57.233, -37.533 ], [ -57.266, -37.533 ], [ -57.266, -37.499 ], [ -57.299, -37.499 ], [ -57.333, -37.499 ], [ -57.333, -37.466 ], [ -57.366, -37.466 ], [ -57.399, -37.466 ], [ -57.433, -37.466 ], [ -57.433, -37.433 ], [ -57.466, -37.433 ], [ -57.499, -37.433 ], [ -57.533, -37.433 ], [ -57.566, -37.433 ], [ -57.599, -37.433 ], [ -57.633, -37.433 ], [ -57.666, -37.433 ], [ -57.699, -37.433 ], [ -57.733, -37.433 ], [ -57.766, -37.433 ], [ -57.799, -37.433 ], [ -57.833, -37.433 ], [ -57.866, -37.433 ], [ -57.899, -37.433 ], [ -57.933, -37.433 ], [ -57.966, -37.433 ], [ -57.966, -37.466 ], [ -57.999, -37.466 ], [ -58.033, -37.466 ], [ -58.066, -37.466 ], [ -58.066, -37.499 ], [ -58.099, -37.499 ], [ -58.099, -37.466 ], [ -58.133, -37.466 ], [ -58.166, -37.466 ], [ -58.166, -37.499 ], [ -58.199, -37.499 ], [ -58.233, -37.499 ], [ -58.233, -37.466 ], [ -58.266, -37.466 ], [ -58.299, -37.466 ], [ -58.299, -37.433 ], [ -58.333, -37.433 ], [ -58.333, -37.399 ], [ -58.366, -37.399 ], [ -58.366, -37.366 ], [ -58.399, -37.366 ], [ -58.433, -37.366 ], [ -58.433, -37.333 ], [ -58.466, -37.333 ], [ -58.499, -37.333 ], [ -58.533, -37.333 ], [ -58.533, -37.299 ], [ -58.499, -37.299 ], [ -58.499, -37.266 ], [ -58.533, -37.266 ], [ -58.533, -37.233 ], [ -58.533, -37.199 ], [ -58.533, -37.166 ], [ -58.566, -37.166 ], [ -58.599, -37.166 ], [ -58.599, -37.133 ], [ -58.633, -37.133 ], [ -58.633, -37.099 ], [ -58.666, -37.099 ], [ -58.666, -37.066 ], [ -58.666, -37.033 ], [ -58.699, -37.033 ], [ -58.699, -36.999 ], [ -58.699, -36.966 ], [ -58.699, -36.933 ], [ -58.733, -36.933 ], [ -58.733, -36.899 ], [ -58.766, -36.899 ], [ -58.766, -36.866 ], [ -58.766, -36.833 ], [ -58.799, -36.833 ], [ -58.799, -36.799 ], [ -58.799, -36.766 ], [ -58.799, -36.733 ], [ -58.799, -36.699 ], [ -58.799, -36.666 ], [ -58.833, -36.666 ], [ -58.833, -36.633 ], [ -58.833, -36.599 ], [ -58.833, -36.566 ], [ -58.799, -36.566 ], [ -58.799, -36.533 ], [ -58.799, -36.499 ], [ -58.833, -36.499 ], [ -58.833, -36.466 ], [ -58.833, -36.433 ], [ -58.799, -36.433 ], [ -58.799, -36.399 ], [ -58.799, -36.366 ], [ -58.766, -36.366 ], [ -58.766, -36.333 ], [ -58.766, -36.299 ], [ -58.766, -36.266 ], [ -58.766, -36.233 ], [ -58.733, -36.233 ], [ -58.733, -36.199 ], [ -58.766, -36.199 ], [ -58.766, -36.166 ], [ -58.766, -36.133 ], [ -58.766, -36.099 ], [ -58.766, -36.066 ], [ -58.766, -36.033 ], [ -58.766, -35.999 ], [ -58.799, -35.999 ], [ -58.799, -35.966 ], [ -58.799, -35.933 ], [ -58.833, -35.933 ], [ -58.833, -35.899 ], [ -58.866, -35.899 ], [ -58.866, -35.866 ], [ -58.866, -35.833 ], [ -58.899, -35.833 ], [ -58.899, -35.799 ], [ -58.933, -35.799 ], [ -58.966, -35.799 ], [ -58.966, -35.766 ], [ -58.999, -35.766 ], [ -59.033, -35.766 ], [ -59.066, -35.766 ], [ -59.066, -35.733 ], [ -59.099, -35.733 ], [ -59.133, -35.733 ], [ -59.166, -35.733 ], [ -59.199, -35.733 ], [ -59.199, -35.766 ], [ -59.233, -35.766 ], [ -59.266, -35.766 ], [ -59.266, -35.733 ], [ -59.299, -35.733 ], [ -59.333, -35.733 ], [ -59.333, -35.766 ], [ -59.366, -35.766 ], [ -59.399, -35.766 ], [ -59.433, -35.766 ], [ -59.433, -35.799 ], [ -59.466, -35.799 ], [ -59.499, -35.799 ], [ -59.499, -35.833 ], [ -59.533, -35.833 ], [ -59.533, -35.866 ], [ -59.566, -35.866 ], [ -59.599, -35.866 ], [ -59.633, -35.866 ], [ -59.666, -35.866 ], [ -59.699, -35.866 ], [ -59.699, -35.833 ], [ -59.733, -35.833 ], [ -59.733, -35.866 ], [ -59.766, -35.866 ], [ -59.766, -35.833 ], [ -59.799, -35.833 ], [ -59.799, -35.866 ], [ -59.833, -35.866 ], [ -59.866, -35.866 ], [ -59.866, -35.833 ], [ -59.899, -35.833 ], [ -59.933, -35.833 ], [ -59.966, -35.833 ], [ -59.966, -35.799 ], [ -59.999, -35.799 ], [ -59.999, -35.766 ], [ -60.033, -35.766 ], [ -60.033, -35.733 ], [ -60.066, -35.733 ], [ -60.099, -35.733 ], [ -60.099, -35.699 ], [ -60.099, -35.666 ], [ -60.099, -35.633 ], [ -60.133, -35.633 ], [ -60.133, -35.599 ], [ -60.133, -35.566 ], [ -60.166, -35.566 ], [ -60.199, -35.566 ], [ -60.199, -35.533 ], [ -60.233, -35.533 ], [ -60.266, -35.533 ], [ -60.266, -35.499 ], [ -60.299, -35.499 ], [ -60.333, -35.499 ], [ -60.333, -35.466 ], [ -60.299, -35.466 ], [ -60.266, -35.466 ], [ -60.266, -35.433 ], [ -60.299, -35.433 ], [ -60.333, -35.433 ], [ -60.333, -35.399 ], [ -60.333, -35.366 ], [ -60.333, -35.333 ], [ -60.333, -35.299 ], [ -60.299, -35.299 ], [ -60.299, -35.266 ], [ -60.333, -35.266 ], [ -60.333, -35.233 ], [ -60.333, -35.199 ], [ -60.366, -35.199 ], [ -60.366, -35.166 ], [ -60.399, -35.166 ], [ -60.399, -35.133 ], [ -60.433, -35.133 ], [ -60.433, -35.099 ], [ -60.433, -35.066 ], [ -60.433, -35.033 ], [ -60.466, -35.033 ], [ -60.466, -34.999 ], [ -60.433, -34.999 ], [ -60.433, -34.966 ], [ -60.399, -34.966 ], [ -60.399, -34.933 ], [ -60.399, -34.899 ], [ -60.366, -34.899 ], [ -60.366, -34.866 ], [ -60.366, -34.833 ], [ -60.333, -34.833 ], [ -60.333, -34.799 ], [ -60.299, -34.799 ], [ -60.299, -34.766 ], [ -60.299, -34.733 ], [ -60.333, -34.733 ], [ -60.333, -34.699 ], [ -60.333, -34.666 ], [ -60.299, -34.666 ], [ -60.299, -34.633 ], [ -60.333, -34.633 ], [ -60.333, -34.599 ], [ -60.333, -34.566 ], [ -60.333, -34.533 ], [ -60.333, -34.499 ], [ -60.333, -34.466 ], [ -60.333, -34.433 ], [ -60.366, -34.433 ], [ -60.366, -34.399 ], [ -60.399, -34.399 ], [ -60.399, -34.366 ], [ -60.399, -34.333 ], [ -60.399, -34.299 ], [ -60.433, -34.299 ], [ -60.433, -34.266 ], [ -60.466, -34.266 ], [ -60.499, -34.266 ], [ -60.499, -34.233 ], [ -60.499, -34.199 ], [ -60.533, -34.199 ], [ -60.533, -34.166 ], [ -60.566, -34.166 ], [ -60.566, -34.133 ], [ -60.599, -34.133 ], [ -60.633, -34.133 ], [ -60.633, -34.099 ], [ -60.633, -34.066 ], [ -60.633, -34.033 ], [ -60.666, -34.033 ], [ -60.666, -33.999 ], [ -60.699, -33.999 ], [ -60.733, -33.999 ], [ -60.733, -33.966 ], [ -60.766, -33.966 ], [ -60.799, -33.966 ], [ -60.833, -33.966 ], [ -60.833, -33.933 ], [ -60.866, -33.933 ], [ -60.866, -33.899 ], [ -60.866, -33.866 ], [ -60.833, -33.866 ], [ -60.833, -33.833 ], [ -60.866, -33.833 ], [ -60.899, -33.833 ], [ -60.933, -33.833 ], [ -60.933, -33.799 ], [ -60.966, -33.799 ], [ -60.999, -33.799 ], [ -60.999, -33.766 ], [ -61.033, -33.766 ], [ -61.033, -33.733 ], [ -61.033, -33.699 ], [ -61.066, -33.699 ], [ -61.099, -33.699 ], [ -61.133, -33.699 ], [ -61.133, -33.666 ], [ -61.133, -33.633 ], [ -61.166, -33.633 ], [ -61.199, -33.633 ], [ -61.233, -33.633 ], [ -61.266, -33.633 ], [ -61.299, -33.633 ], [ -61.333, -33.633 ], [ -61.333, -33.666 ], [ -61.366, -33.666 ], [ -61.366, -33.699 ], [ -61.399, -33.699 ], [ -61.399, -33.733 ], [ -61.433, -33.733 ], [ -61.433, -33.766 ], [ -61.466, -33.766 ], [ -61.466, -33.733 ], [ -61.466, -33.699 ], [ -61.499, -33.699 ], [ -61.499, -33.666 ], [ -61.466, -33.666 ], [ -61.466, -33.633 ], [ -61.466, -33.599 ], [ -61.499, -33.599 ], [ -61.533, -33.599 ], [ -61.566, -33.599 ], [ -61.566, -33.566 ], [ -61.599, -33.566 ], [ -61.599, -33.533 ], [ -61.599, -33.499 ], [ -61.599, -33.466 ], [ -61.599, -33.433 ], [ -61.599, -33.399 ], [ -61.566, -33.399 ], [ -61.566, -33.433 ], [ -61.533, -33.433 ], [ -61.533, -33.399 ], [ -61.566, -33.399 ], [ -61.566, -33.366 ], [ -61.566, -33.333 ], [ -61.599, -33.333 ], [ -61.633, -33.333 ], [ -61.633, -33.299 ], [ -61.599, -33.299 ], [ -61.599, -33.266 ], [ -61.633, -33.266 ], [ -61.666, -33.266 ], [ -61.699, -33.266 ], [ -61.699, -33.233 ], [ -61.699, -33.199 ], [ -61.699, -33.166 ], [ -61.733, -33.166 ], [ -61.733, -33.133 ], [ -61.766, -33.133 ], [ -61.766, -33.099 ], [ -61.766, -33.066 ], [ -61.799, -33.066 ], [ -61.833, -33.066 ], [ -61.833, -33.033 ], [ -61.799, -33.033 ], [ -61.799, -32.999 ], [ -61.766, -32.999 ], [ -61.766, -33.033 ], [ -61.733, -33.033 ], [ -61.699, -33.033 ], [ -61.666, -33.033 ], [ -61.633, -33.033 ], [ -61.633, -32.999 ], [ -61.633, -32.966 ], [ -61.599, -32.966 ], [ -61.599, -32.933 ], [ -61.633, -32.933 ], [ -61.633, -32.899 ], [ -61.633, -32.866 ], [ -61.599, -32.866 ], [ -61.599, -32.833 ], [ -61.599, -32.799 ], [ -61.599, -32.766 ], [ -61.599, -32.733 ], [ -61.599, -32.699 ], [ -61.633, -32.699 ], [ -61.633, -32.666 ], [ -61.633, -32.633 ], [ -61.633, -32.599 ], [ -61.633, -32.566 ], [ -61.633, -32.533 ], [ -61.666, -32.533 ], [ -61.666, -32.499 ], [ -61.666, -32.466 ], [ -61.666, -32.433 ], [ -61.699, -32.433 ], [ -61.733, -32.433 ], [ -61.733, -32.399 ], [ -61.733, -32.366 ], [ -61.766, -32.366 ], [ -61.766, -32.333 ], [ -61.799, -32.333 ], [ -61.799, -32.299 ], [ -61.799, -32.266 ], [ -61.833, -32.266 ], [ -61.866, -32.266 ], [ -61.899, -32.266 ], [ -61.933, -32.266 ], [ -61.933, -32.233 ], [ -61.966, -32.233 ], [ -61.966, -32.199 ], [ -61.999, -32.199 ], [ -61.999, -32.166 ], [ -62.033, -32.166 ], [ -62.033, -32.199 ], [ -62.033, -32.233 ], [ -61.999, -32.233 ], [ -61.999, -32.266 ], [ -62.033, -32.266 ], [ -62.066, -32.266 ], [ -62.066, -32.233 ], [ -62.099, -32.233 ], [ -62.133, -32.233 ], [ -62.166, -32.233 ], [ -62.199, -32.233 ], [ -62.233, -32.233 ], [ -62.266, -32.233 ], [ -62.299, -32.233 ], [ -62.299, -32.266 ], [ -62.333, -32.266 ], [ -62.366, -32.266 ], [ -62.399, -32.266 ], [ -62.399, -32.299 ], [ -62.433, -32.299 ], [ -62.466, -32.299 ], [ -62.466, -32.333 ], [ -62.499, -32.333 ], [ -62.499, -32.366 ], [ -62.533, -32.366 ], [ -62.533, -32.399 ], [ -62.566, -32.399 ], [ -62.566, -32.433 ], [ -62.566, -32.466 ], [ -62.599, -32.466 ], [ -62.599, -32.499 ], [ -62.633, -32.499 ], [ -62.633, -32.533 ], [ -62.633, -32.566 ], [ -62.666, -32.566 ], [ -62.666, -32.599 ], [ -62.666, -32.633 ], [ -62.666, -32.666 ], [ -62.666, -32.699 ], [ -62.666, -32.733 ], [ -62.699, -32.733 ], [ -62.699, -32.766 ], [ -62.666, -32.766 ], [ -62.666, -32.799 ], [ -62.666, -32.833 ], [ -62.699, -32.833 ], [ -62.699, -32.866 ], [ -62.666, -32.866 ], [ -62.666, -32.899 ], [ -62.666, -32.933 ], [ -62.633, -32.933 ], [ -62.633, -32.966 ], [ -62.599, -32.966 ], [ -62.599, -32.999 ], [ -62.566, -32.999 ], [ -62.566, -33.033 ], [ -62.566, -33.066 ], [ -62.533, -33.066 ], [ -62.533, -33.099 ], [ -62.566, -33.099 ], [ -62.566, -33.133 ], [ -62.533, -33.133 ], [ -62.533, -33.166 ], [ -62.533, -33.199 ], [ -62.533, -33.233 ], [ -62.566, -33.233 ], [ -62.566, -33.199 ], [ -62.599, -33.199 ], [ -62.599, -33.233 ], [ -62.599, -33.266 ], [ -62.599, -33.299 ], [ -62.599, -33.333 ], [ -62.599, -33.366 ], [ -62.599, -33.399 ], [ -62.599, -33.433 ], [ -62.566, -33.433 ], [ -62.566, -33.466 ], [ -62.599, -33.466 ], [ -62.633, -33.466 ], [ -62.633, -33.499 ], [ -62.633, -33.533 ], [ -62.666, -33.533 ], [ -62.666, -33.566 ], [ -62.699, -33.566 ], [ -62.699, -33.599 ], [ -62.733, -33.599 ], [ -62.733, -33.633 ], [ -62.766, -33.633 ], [ -62.799, -33.633 ], [ -62.833, -33.633 ], [ -62.866, -33.633 ], [ -62.866, -33.666 ], [ -62.899, -33.666 ], [ -62.899, -33.633 ], [ -62.933, -33.633 ], [ -62.966, -33.633 ], [ -62.999, -33.633 ], [ -62.999, -33.599 ], [ -62.999, -33.566 ], [ -63.033, -33.566 ], [ -63.066, -33.566 ], [ -63.099, -33.566 ], [ -63.133, -33.566 ], [ -63.166, -33.566 ], [ -63.166, -33.599 ], [ -63.199, -33.599 ], [ -63.199, -33.566 ], [ -63.233, -33.566 ], [ -63.266, -33.566 ], [ -63.266, -33.599 ], [ -63.266, -33.633 ], [ -63.299, -33.633 ], [ -63.299, -33.599 ], [ -63.333, -33.599 ], [ -63.333, -33.633 ], [ -63.366, -33.633 ], [ -63.399, -33.633 ], [ -63.433, -33.633 ], [ -63.466, -33.633 ], [ -63.466, -33.666 ], [ -63.499, -33.666 ], [ -63.533, -33.666 ], [ -63.566, -33.666 ], [ -63.566, -33.699 ], [ -63.599, -33.699 ], [ -63.633, -33.699 ], [ -63.633, -33.733 ], [ -63.666, -33.733 ], [ -63.699, -33.733 ], [ -63.699, -33.766 ], [ -63.733, -33.766 ], [ -63.733, -33.799 ], [ -63.766, -33.799 ], [ -63.799, -33.799 ], [ -63.799, -33.833 ], [ -63.833, -33.833 ], [ -63.866, -33.833 ], [ -63.866, -33.866 ], [ -63.866, -33.899 ], [ -63.899, -33.899 ], [ -63.899, -33.933 ], [ -63.933, -33.933 ], [ -63.933, -33.966 ], [ -63.966, -33.966 ], [ -63.966, -33.999 ], [ -63.966, -34.033 ], [ -63.966, -34.066 ], [ -63.999, -34.066 ], [ -63.999, -34.099 ], [ -63.999, -34.133 ], [ -63.999, -34.166 ], [ -63.999, -34.199 ], [ -64.033, -34.199 ], [ -64.066, -34.199 ], [ -64.099, -34.199 ], [ -64.099, -34.233 ], [ -64.133, -34.233 ], [ -64.133, -34.266 ], [ -64.166, -34.266 ], [ -64.199, -34.266 ], [ -64.199, -34.299 ], [ -64.166, -34.299 ], [ -64.166, -34.333 ], [ -64.199, -34.333 ], [ -64.233, -34.333 ], [ -64.266, -34.333 ], [ -64.299, -34.333 ], [ -64.299, -34.299 ], [ -64.333, -34.299 ], [ -64.333, -34.266 ], [ -64.366, -34.266 ], [ -64.399, -34.266 ], [ -64.433, -34.266 ], [ -64.466, -34.266 ], [ -64.499, -34.266 ], [ -64.533, -34.266 ], [ -64.533, -34.299 ], [ -64.533, -34.333 ], [ -64.566, -34.333 ], [ -64.566, -34.366 ], [ -64.566, -34.399 ], [ -64.599, -34.399 ], [ -64.599, -34.433 ], [ -64.599, -34.466 ], [ -64.633, -34.466 ], [ -64.633, -34.499 ], [ -64.666, -34.499 ], [ -64.666, -34.533 ], [ -64.666, -34.566 ], [ -64.699, -34.566 ], [ -64.699, -34.533 ], [ -64.699, -34.499 ], [ -64.733, -34.499 ], [ -64.733, -34.466 ], [ -64.766, -34.466 ], [ -64.766, -34.433 ], [ -64.733, -34.433 ], [ -64.733, -34.399 ], [ -64.699, -34.399 ], [ -64.699, -34.366 ], [ -64.666, -34.366 ], [ -64.666, -34.333 ], [ -64.666, -34.299 ], [ -64.633, -34.299 ], [ -64.633, -34.266 ], [ -64.666, -34.266 ], [ -64.666, -34.233 ], [ -64.633, -34.233 ], [ -64.633, -34.199 ], [ -64.666, -34.199 ], [ -64.666, -34.166 ], [ -64.666, -34.133 ], [ -64.633, -34.133 ], [ -64.633, -34.099 ], [ -64.633, -34.066 ], [ -64.633, -34.033 ], [ -64.633, -33.999 ], [ -64.666, -33.999 ], [ -64.666, -33.966 ], [ -64.666, -33.933 ], [ -64.666, -33.899 ], [ -64.666, -33.866 ], [ -64.633, -33.866 ], [ -64.633, -33.833 ], [ -64.666, -33.833 ], [ -64.666, -33.799 ], [ -64.666, -33.766 ], [ -64.633, -33.766 ], [ -64.633, -33.733 ], [ -64.633, -33.699 ], [ -64.633, -33.666 ], [ -64.633, -33.633 ], [ -64.633, -33.599 ], [ -64.633, -33.566 ], [ -64.633, -33.533 ], [ -64.633, -33.499 ], [ -64.633, -33.466 ], [ -64.599, -33.466 ], [ -64.599, -33.433 ], [ -64.633, -33.433 ], [ -64.633, -33.399 ], [ -64.599, -33.399 ], [ -64.599, -33.366 ], [ -64.599, -33.333 ], [ -64.599, -33.299 ], [ -64.566, -33.299 ], [ -64.566, -33.266 ], [ -64.566, -33.233 ], [ -64.566, -33.199 ], [ -64.566, -33.166 ], [ -64.566, -33.133 ], [ -64.566, -33.099 ], [ -64.566, -33.066 ], [ -64.533, -33.066 ], [ -64.533, -33.033 ], [ -64.499, -33.033 ], [ -64.466, -33.033 ], [ -64.466, -32.999 ], [ -64.466, -32.966 ], [ -64.466, -32.933 ], [ -64.433, -32.933 ], [ -64.433, -32.899 ], [ -64.399, -32.899 ], [ -64.399, -32.866 ], [ -64.399, -32.833 ], [ -64.366, -32.833 ], [ -64.333, -32.833 ], [ -64.333, -32.799 ], [ -64.299, -32.799 ], [ -64.299, -32.766 ], [ -64.333, -32.766 ], [ -64.333, -32.733 ], [ -64.333, -32.699 ], [ -64.299, -32.699 ], [ -64.266, -32.699 ], [ -64.233, -32.699 ], [ -64.233, -32.666 ], [ -64.233, -32.633 ], [ -64.199, -32.633 ], [ -64.199, -32.599 ], [ -64.199, -32.566 ], [ -64.199, -32.533 ], [ -64.199, -32.499 ], [ -64.199, -32.466 ], [ -64.199, -32.433 ], [ -64.199, -32.399 ], [ -64.233, -32.399 ], [ -64.233, -32.366 ], [ -64.266, -32.366 ], [ -64.266, -32.333 ], [ -64.299, -32.333 ], [ -64.299, -32.299 ], [ -64.333, -32.299 ], [ -64.333, -32.266 ], [ -64.366, -32.266 ], [ -64.366, -32.233 ], [ -64.399, -32.233 ], [ -64.433, -32.233 ], [ -64.433, -32.266 ], [ -64.466, -32.266 ], [ -64.466, -32.299 ], [ -64.499, -32.299 ], [ -64.533, -32.299 ], [ -64.533, -32.266 ], [ -64.533, -32.233 ], [ -64.566, -32.233 ], [ -64.566, -32.199 ], [ -64.533, -32.199 ], [ -64.533, -32.166 ], [ -64.533, -32.133 ], [ -64.533, -32.099 ], [ -64.499, -32.099 ], [ -64.499, -32.133 ], [ -64.499, -32.166 ], [ -64.466, -32.166 ], [ -64.433, -32.166 ], [ -64.399, -32.166 ], [ -64.399, -32.133 ], [ -64.366, -32.133 ], [ -64.366, -32.099 ], [ -64.366, -32.066 ], [ -64.333, -32.066 ], [ -64.333, -32.033 ], [ -64.299, -32.033 ], [ -64.299, -32.066 ], [ -64.266, -32.066 ], [ -64.266, -32.033 ], [ -64.299, -32.033 ], [ -64.299, -31.999 ], [ -64.333, -31.999 ], [ -64.333, -31.966 ], [ -64.299, -31.966 ], [ -64.266, -31.966 ], [ -64.266, -31.933 ], [ -64.299, -31.933 ], [ -64.333, -31.933 ], [ -64.333, -31.966 ], [ -64.366, -31.966 ], [ -64.366, -31.933 ], [ -64.399, -31.933 ], [ -64.399, -31.899 ], [ -64.433, -31.899 ], [ -64.433, -31.866 ], [ -64.433, -31.833 ], [ -64.433, -31.799 ], [ -64.433, -31.766 ], [ -64.466, -31.766 ], [ -64.466, -31.733 ], [ -64.466, -31.699 ], [ -64.433, -31.699 ], [ -64.433, -31.666 ], [ -64.433, -31.633 ], [ -64.399, -31.633 ], [ -64.399, -31.599 ], [ -64.366, -31.599 ], [ -64.366, -31.566 ], [ -64.366, -31.533 ], [ -64.399, -31.533 ], [ -64.399, -31.499 ], [ -64.366, -31.499 ], [ -64.366, -31.466 ], [ -64.366, -31.433 ], [ -64.366, -31.399 ], [ -64.366, -31.366 ], [ -64.366, -31.333 ], [ -64.366, -31.299 ], [ -64.333, -31.299 ], [ -64.333, -31.266 ], [ -64.333, -31.233 ], [ -64.299, -31.233 ], [ -64.299, -31.199 ], [ -64.266, -31.199 ], [ -64.266, -31.166 ], [ -64.233, -31.166 ], [ -64.233, -31.133 ], [ -64.233, -31.099 ], [ -64.199, -31.099 ], [ -64.199, -31.066 ], [ -64.166, -31.066 ], [ -64.166, -31.033 ], [ -64.166, -30.999 ], [ -64.166, -30.966 ], [ -64.133, -30.966 ], [ -64.133, -30.933 ], [ -64.099, -30.933 ], [ -64.099, -30.899 ], [ -64.066, -30.899 ], [ -64.066, -30.866 ], [ -64.066, -30.833 ], [ -64.033, -30.833 ], [ -64.033, -30.799 ], [ -64.033, -30.766 ], [ -64.033, -30.733 ], [ -64.033, -30.699 ], [ -63.999, -30.699 ], [ -63.999, -30.666 ], [ -63.999, -30.633 ], [ -63.999, -30.599 ], [ -63.999, -30.566 ], [ -63.999, -30.533 ], [ -63.966, -30.533 ], [ -63.966, -30.566 ], [ -63.966, -30.599 ], [ -63.933, -30.599 ], [ -63.933, -30.633 ], [ -63.899, -30.633 ], [ -63.899, -30.599 ], [ -63.899, -30.566 ], [ -63.866, -30.566 ], [ -63.866, -30.533 ], [ -63.866, -30.499 ], [ -63.833, -30.499 ], [ -63.833, -30.466 ], [ -63.799, -30.466 ], [ -63.799, -30.433 ], [ -63.799, -30.399 ], [ -63.766, -30.399 ], [ -63.766, -30.366 ], [ -63.766, -30.333 ], [ -63.733, -30.333 ], [ -63.699, -30.333 ], [ -63.699, -30.299 ], [ -63.666, -30.299 ], [ -63.666, -30.266 ], [ -63.633, -30.266 ], [ -63.633, -30.233 ], [ -63.633, -30.199 ], [ -63.633, -30.166 ], [ -63.633, -30.133 ], [ -63.633, -30.099 ], [ -63.633, -30.066 ], [ -63.633, -30.033 ], [ -63.633, -29.999 ], [ -63.633, -29.966 ], [ -63.633, -29.933 ], [ -63.599, -29.933 ], [ -63.599, -29.899 ], [ -63.599, -29.866 ], [ -63.599, -29.833 ], [ -63.566, -29.833 ], [ -63.566, -29.799 ], [ -63.533, -29.799 ], [ -63.533, -29.766 ], [ -63.533, -29.733 ], [ -63.533, -29.699 ], [ -63.499, -29.699 ], [ -63.499, -29.666 ], [ -63.499, -29.633 ], [ -63.499, -29.599 ], [ -63.499, -29.566 ], [ -63.499, -29.533 ], [ -63.499, -29.499 ], [ -63.499, -29.466 ], [ -63.499, -29.433 ], [ -63.499, -29.399 ], [ -63.533, -29.399 ], [ -63.533, -29.366 ], [ -63.533, -29.333 ], [ -63.566, -29.333 ], [ -63.566, -29.299 ], [ -63.566, -29.266 ], [ -63.599, -29.266 ], [ -63.599, -29.299 ], [ -63.633, -29.299 ], [ -63.633, -29.266 ], [ -63.666, -29.266 ], [ -63.666, -29.299 ], [ -63.699, -29.299 ], [ -63.733, -29.299 ], [ -63.766, -29.299 ], [ -63.799, -29.299 ], [ -63.833, -29.299 ], [ -63.866, -29.299 ], [ -63.866, -29.333 ], [ -63.899, -29.333 ], [ -63.899, -29.299 ], [ -63.933, -29.299 ], [ -63.966, -29.299 ], [ -63.966, -29.333 ], [ -63.999, -29.333 ], [ -63.999, -29.366 ], [ -63.999, -29.399 ], [ -63.999, -29.433 ], [ -64.033, -29.433 ], [ -64.066, -29.433 ], [ -64.066, -29.466 ], [ -64.099, -29.466 ], [ -64.099, -29.499 ], [ -64.099, -29.533 ], [ -64.133, -29.533 ], [ -64.133, -29.566 ], [ -64.166, -29.566 ], [ -64.166, -29.599 ], [ -64.166, -29.633 ], [ -64.199, -29.633 ], [ -64.199, -29.666 ], [ -64.233, -29.666 ], [ -64.233, -29.699 ], [ -64.233, -29.733 ], [ -64.233, -29.766 ], [ -64.266, -29.766 ], [ -64.266, -29.799 ], [ -64.266, -29.833 ], [ -64.299, -29.833 ], [ -64.299, -29.866 ], [ -64.299, -29.899 ], [ -64.333, -29.899 ], [ -64.333, -29.933 ], [ -64.333, -29.966 ], [ -64.366, -29.966 ], [ -64.366, -29.999 ], [ -64.366, -30.033 ], [ -64.399, -30.033 ], [ -64.399, -30.066 ], [ -64.433, -30.066 ], [ -64.433, -30.099 ], [ -64.433, -30.133 ], [ -64.433, -30.166 ], [ -64.433, -30.199 ], [ -64.466, -30.199 ], [ -64.466, -30.233 ], [ -64.466, -30.266 ], [ -64.499, -30.266 ], [ -64.499, -30.299 ], [ -64.499, -30.333 ], [ -64.533, -30.333 ], [ -64.533, -30.366 ], [ -64.566, -30.366 ], [ -64.566, -30.399 ], [ -64.566, -30.433 ], [ -64.599, -30.433 ], [ -64.599, -30.466 ], [ -64.633, -30.466 ], [ -64.633, -30.499 ], [ -64.666, -30.499 ], [ -64.666, -30.533 ], [ -64.666, -30.566 ], [ -64.666, -30.599 ], [ -64.699, -30.599 ], [ -64.699, -30.633 ], [ -64.699, -30.666 ], [ -64.699, -30.699 ], [ -64.699, -30.733 ], [ -64.666, -30.733 ], [ -64.666, -30.766 ], [ -64.666, -30.799 ], [ -64.633, -30.799 ], [ -64.633, -30.833 ], [ -64.666, -30.833 ], [ -64.699, -30.833 ], [ -64.733, -30.833 ], [ -64.733, -30.799 ], [ -64.766, -30.799 ], [ -64.799, -30.799 ], [ -64.833, -30.799 ], [ -64.866, -30.799 ], [ -64.866, -30.833 ], [ -64.899, -30.833 ], [ -64.933, -30.833 ], [ -64.933, -30.866 ], [ -64.933, -30.899 ], [ -64.966, -30.899 ], [ -64.966, -30.933 ], [ -64.999, -30.933 ], [ -64.999, -30.966 ], [ -65.033, -30.966 ], [ -65.066, -30.966 ], [ -65.066, -30.999 ], [ -65.099, -30.999 ], [ -65.099, -31.033 ], [ -65.133, -31.033 ], [ -65.133, -30.999 ], [ -65.166, -30.999 ], [ -65.199, -30.999 ], [ -65.199, -30.966 ], [ -65.233, -30.966 ], [ -65.233, -30.933 ], [ -65.233, -30.899 ], [ -65.266, -30.899 ], [ -65.266, -30.866 ], [ -65.299, -30.866 ], [ -65.299, -30.833 ], [ -65.333, -30.833 ], [ -65.333, -30.866 ], [ -65.333, -30.899 ], [ -65.333, -30.933 ], [ -65.366, -30.933 ], [ -65.366, -30.966 ], [ -65.399, -30.966 ], [ -65.399, -30.933 ], [ -65.399, -30.899 ], [ -65.399, -30.866 ], [ -65.399, -30.833 ], [ -65.366, -30.833 ], [ -65.366, -30.799 ], [ -65.366, -30.766 ], [ -65.366, -30.733 ], [ -65.366, -30.699 ], [ -65.333, -30.699 ], [ -65.299, -30.699 ], [ -65.299, -30.733 ], [ -65.266, -30.733 ], [ -65.266, -30.699 ], [ -65.266, -30.666 ], [ -65.233, -30.666 ], [ -65.199, -30.666 ], [ -65.199, -30.633 ], [ -65.166, -30.633 ], [ -65.166, -30.599 ], [ -65.133, -30.599 ], [ -65.099, -30.599 ], [ -65.099, -30.566 ], [ -65.066, -30.566 ], [ -65.066, -30.533 ], [ -65.033, -30.533 ], [ -65.033, -30.499 ], [ -64.999, -30.499 ], [ -64.999, -30.466 ], [ -64.966, -30.466 ], [ -64.966, -30.433 ], [ -64.933, -30.433 ], [ -64.933, -30.399 ], [ -64.899, -30.399 ], [ -64.899, -30.366 ], [ -64.866, -30.366 ], [ -64.833, -30.366 ], [ -64.833, -30.333 ], [ -64.799, -30.333 ], [ -64.799, -30.299 ], [ -64.766, -30.299 ], [ -64.766, -30.266 ], [ -64.733, -30.266 ], [ -64.699, -30.266 ], [ -64.699, -30.233 ], [ -64.699, -30.199 ], [ -64.666, -30.199 ], [ -64.666, -30.166 ], [ -64.666, -30.133 ], [ -64.633, -30.133 ], [ -64.633, -30.099 ], [ -64.633, -30.066 ], [ -64.633, -30.033 ], [ -64.633, -29.999 ], [ -64.633, -29.966 ], [ -64.633, -29.933 ], [ -64.666, -29.933 ], [ -64.666, -29.899 ], [ -64.666, -29.866 ], [ -64.666, -29.833 ], [ -64.699, -29.833 ], [ -64.699, -29.799 ], [ -64.699, -29.766 ], [ -64.733, -29.766 ], [ -64.733, -29.733 ], [ -64.766, -29.733 ], [ -64.766, -29.699 ], [ -64.766, -29.666 ], [ -64.766, -29.633 ], [ -64.766, -29.599 ], [ -64.799, -29.599 ], [ -64.799, -29.566 ], [ -64.799, -29.533 ], [ -64.799, -29.499 ], [ -64.799, -29.466 ], [ -64.799, -29.433 ], [ -64.799, -29.399 ], [ -64.799, -29.366 ], [ -64.833, -29.366 ], [ -64.833, -29.333 ], [ -64.799, -29.333 ], [ -64.766, -29.333 ], [ -64.766, -29.366 ], [ -64.766, -29.399 ], [ -64.733, -29.399 ], [ -64.733, -29.433 ], [ -64.733, -29.466 ], [ -64.733, -29.499 ], [ -64.733, -29.533 ], [ -64.699, -29.533 ], [ -64.699, -29.566 ], [ -64.699, -29.599 ], [ -64.666, -29.599 ], [ -64.666, -29.633 ], [ -64.666, -29.666 ], [ -64.666, -29.699 ], [ -64.633, -29.699 ], [ -64.633, -29.733 ], [ -64.599, -29.733 ], [ -64.599, -29.766 ], [ -64.566, -29.766 ], [ -64.533, -29.766 ], [ -64.499, -29.766 ], [ -64.466, -29.766 ], [ -64.466, -29.733 ], [ -64.433, -29.733 ], [ -64.433, -29.699 ], [ -64.433, -29.666 ], [ -64.399, -29.666 ], [ -64.399, -29.633 ], [ -64.399, -29.599 ], [ -64.366, -29.599 ], [ -64.366, -29.566 ], [ -64.366, -29.533 ], [ -64.333, -29.533 ], [ -64.333, -29.499 ], [ -64.299, -29.499 ], [ -64.299, -29.466 ], [ -64.299, -29.433 ], [ -64.266, -29.433 ], [ -64.266, -29.399 ], [ -64.233, -29.399 ], [ -64.233, -29.366 ], [ -64.233, -29.333 ], [ -64.233, -29.299 ], [ -64.199, -29.299 ], [ -64.199, -29.266 ], [ -64.166, -29.266 ], [ -64.166, -29.233 ], [ -64.133, -29.233 ], [ -64.133, -29.199 ], [ -64.166, -29.199 ], [ -64.199, -29.199 ], [ -64.199, -29.166 ], [ -64.166, -29.166 ], [ -64.166, -29.133 ], [ -64.166, -29.099 ], [ -64.133, -29.099 ], [ -64.133, -29.066 ], [ -64.133, -29.033 ], [ -64.099, -29.033 ], [ -64.099, -28.999 ], [ -64.066, -28.999 ], [ -64.066, -28.966 ], [ -64.099, -28.966 ], [ -64.099, -28.933 ], [ -64.066, -28.933 ], [ -64.066, -28.899 ], [ -64.066, -28.866 ], [ -64.099, -28.866 ], [ -64.133, -28.866 ], [ -64.133, -28.833 ], [ -64.166, -28.833 ], [ -64.166, -28.799 ], [ -64.199, -28.799 ], [ -64.233, -28.799 ], [ -64.233, -28.766 ], [ -64.266, -28.766 ], [ -64.266, -28.733 ], [ -64.299, -28.733 ], [ -64.333, -28.733 ], [ -64.333, -28.699 ], [ -64.366, -28.699 ], [ -64.399, -28.699 ], [ -64.433, -28.699 ], [ -64.433, -28.733 ], [ -64.466, -28.733 ], [ -64.466, -28.766 ], [ -64.499, -28.766 ], [ -64.533, -28.766 ], [ -64.533, -28.799 ], [ -64.566, -28.799 ], [ -64.599, -28.799 ], [ -64.599, -28.833 ], [ -64.599, -28.866 ], [ -64.633, -28.866 ], [ -64.633, -28.899 ], [ -64.666, -28.899 ], [ -64.666, -28.933 ], [ -64.666, -28.966 ], [ -64.699, -28.966 ], [ -64.699, -28.999 ], [ -64.733, -28.999 ], [ -64.766, -28.999 ], [ -64.799, -28.999 ], [ -64.799, -29.033 ], [ -64.799, -29.066 ], [ -64.799, -29.099 ], [ -64.833, -29.099 ], [ -64.833, -29.066 ], [ -64.833, -29.033 ], [ -64.833, -28.999 ], [ -64.866, -28.999 ], [ -64.899, -28.999 ], [ -64.899, -29.033 ], [ -64.899, -29.066 ], [ -64.933, -29.066 ], [ -64.933, -29.099 ], [ -64.933, -29.133 ], [ -64.933, -29.166 ], [ -64.933, -29.199 ], [ -64.933, -29.233 ], [ -64.933, -29.266 ], [ -64.966, -29.266 ], [ -64.999, -29.266 ], [ -64.999, -29.233 ], [ -65.033, -29.233 ], [ -65.033, -29.199 ], [ -65.033, -29.166 ], [ -65.033, -29.133 ], [ -65.033, -29.099 ], [ -65.033, -29.066 ], [ -65.033, -29.033 ], [ -65.033, -28.999 ], [ -64.999, -28.999 ], [ -64.999, -28.966 ], [ -65.033, -28.966 ], [ -65.033, -28.933 ], [ -65.066, -28.933 ], [ -65.066, -28.899 ], [ -65.099, -28.899 ], [ -65.099, -28.866 ], [ -65.133, -28.866 ], [ -65.166, -28.866 ], [ -65.166, -28.899 ], [ -65.133, -28.899 ], [ -65.133, -28.933 ], [ -65.133, -28.966 ], [ -65.166, -28.966 ], [ -65.199, -28.966 ], [ -65.199, -28.999 ], [ -65.233, -28.999 ], [ -65.233, -29.033 ], [ -65.266, -29.033 ], [ -65.266, -29.066 ], [ -65.266, -29.099 ], [ -65.266, -29.133 ], [ -65.299, -29.133 ], [ -65.299, -29.166 ], [ -65.299, -29.199 ], [ -65.299, -29.233 ], [ -65.333, -29.233 ], [ -65.333, -29.266 ], [ -65.366, -29.266 ], [ -65.366, -29.299 ], [ -65.366, -29.333 ], [ -65.366, -29.366 ], [ -65.399, -29.366 ], [ -65.433, -29.366 ], [ -65.433, -29.399 ], [ -65.466, -29.399 ], [ -65.466, -29.433 ], [ -65.499, -29.433 ], [ -65.499, -29.466 ], [ -65.499, -29.499 ], [ -65.533, -29.499 ], [ -65.533, -29.533 ], [ -65.566, -29.533 ], [ -65.566, -29.499 ], [ -65.566, -29.466 ], [ -65.566, -29.433 ], [ -65.566, -29.399 ], [ -65.533, -29.399 ], [ -65.533, -29.366 ], [ -65.533, -29.333 ], [ -65.533, -29.299 ], [ -65.533, -29.266 ], [ -65.533, -29.233 ], [ -65.499, -29.233 ], [ -65.499, -29.199 ], [ -65.499, -29.166 ], [ -65.466, -29.166 ], [ -65.466, -29.133 ], [ -65.466, -29.099 ], [ -65.433, -29.099 ], [ -65.433, -29.066 ], [ -65.433, -29.033 ], [ -65.433, -28.999 ], [ -65.433, -28.966 ], [ -65.433, -28.933 ], [ -65.433, -28.899 ], [ -65.433, -28.866 ], [ -65.433, -28.833 ], [ -65.433, -28.799 ], [ -65.399, -28.799 ], [ -65.399, -28.766 ], [ -65.399, -28.733 ], [ -65.399, -28.699 ], [ -65.366, -28.699 ], [ -65.366, -28.666 ], [ -65.366, -28.633 ], [ -65.366, -28.599 ], [ -65.333, -28.599 ], [ -65.333, -28.566 ], [ -65.299, -28.566 ], [ -65.299, -28.533 ], [ -65.266, -28.533 ], [ -65.266, -28.499 ], [ -65.266, -28.466 ], [ -65.233, -28.466 ], [ -65.233, -28.433 ], [ -65.233, -28.399 ], [ -65.233, -28.366 ], [ -65.233, -28.333 ], [ -65.199, -28.333 ], [ -65.199, -28.299 ], [ -65.199, -28.266 ], [ -65.199, -28.233 ], [ -65.233, -28.233 ], [ -65.233, -28.199 ], [ -65.266, -28.199 ], [ -65.299, -28.199 ], [ -65.333, -28.199 ], [ -65.366, -28.199 ], [ -65.399, -28.199 ], [ -65.399, -28.166 ], [ -65.433, -28.166 ], [ -65.466, -28.166 ], [ -65.466, -28.199 ], [ -65.499, -28.199 ], [ -65.533, -28.199 ], [ -65.533, -28.166 ], [ -65.533, -28.133 ], [ -65.533, -28.099 ], [ -65.566, -28.099 ], [ -65.599, -28.099 ], [ -65.599, -28.066 ], [ -65.599, -28.033 ], [ -65.599, -27.999 ], [ -65.599, -27.966 ], [ -65.599, -27.933 ], [ -65.599, -27.899 ], [ -65.599, -27.866 ], [ -65.633, -27.866 ], [ -65.633, -27.833 ], [ -65.633, -27.799 ], [ -65.666, -27.799 ], [ -65.666, -27.766 ], [ -65.666, -27.733 ], [ -65.699, -27.733 ], [ -65.699, -27.699 ], [ -65.699, -27.666 ], [ -65.733, -27.666 ], [ -65.733, -27.633 ], [ -65.766, -27.633 ], [ -65.766, -27.599 ], [ -65.766, -27.566 ], [ -65.799, -27.566 ], [ -65.799, -27.533 ], [ -65.799, -27.499 ], [ -65.833, -27.499 ], [ -65.833, -27.466 ], [ -65.833, -27.433 ], [ -65.833, -27.399 ], [ -65.833, -27.366 ], [ -65.833, -27.333 ], [ -65.833, -27.299 ], [ -65.799, -27.299 ], [ -65.799, -27.266 ], [ -65.799, -27.233 ], [ -65.799, -27.199 ], [ -65.766, -27.199 ], [ -65.766, -27.166 ], [ -65.733, -27.166 ], [ -65.699, -27.166 ], [ -65.699, -27.133 ], [ -65.666, -27.133 ], [ -65.666, -27.099 ], [ -65.633, -27.099 ], [ -65.633, -27.066 ], [ -65.599, -27.066 ], [ -65.599, -27.099 ], [ -65.599, -27.133 ], [ -65.633, -27.133 ], [ -65.633, -27.166 ], [ -65.633, -27.199 ], [ -65.666, -27.199 ], [ -65.699, -27.199 ], [ -65.699, -27.233 ], [ -65.699, -27.266 ], [ -65.666, -27.266 ], [ -65.666, -27.299 ], [ -65.699, -27.299 ], [ -65.733, -27.299 ], [ -65.733, -27.333 ], [ -65.733, -27.366 ], [ -65.733, -27.399 ], [ -65.733, -27.433 ], [ -65.733, -27.466 ], [ -65.733, -27.499 ], [ -65.699, -27.499 ], [ -65.699, -27.533 ], [ -65.699, -27.566 ], [ -65.666, -27.566 ], [ -65.666, -27.599 ], [ -65.699, -27.599 ], [ -65.699, -27.633 ], [ -65.666, -27.633 ], [ -65.666, -27.666 ], [ -65.633, -27.666 ], [ -65.599, -27.666 ], [ -65.599, -27.699 ], [ -65.566, -27.699 ], [ -65.566, -27.733 ], [ -65.533, -27.733 ], [ -65.533, -27.766 ], [ -65.533, -27.799 ], [ -65.499, -27.799 ], [ -65.499, -27.833 ], [ -65.466, -27.833 ], [ -65.466, -27.866 ], [ -65.433, -27.866 ], [ -65.399, -27.866 ], [ -65.399, -27.899 ], [ -65.366, -27.899 ], [ -65.366, -27.866 ], [ -65.333, -27.866 ], [ -65.299, -27.866 ], [ -65.299, -27.833 ], [ -65.266, -27.833 ], [ -65.233, -27.833 ], [ -65.199, -27.833 ], [ -65.166, -27.833 ], [ -65.133, -27.833 ], [ -65.133, -27.799 ], [ -65.099, -27.799 ], [ -65.099, -27.766 ], [ -65.066, -27.766 ], [ -65.033, -27.766 ], [ -65.033, -27.733 ], [ -64.999, -27.733 ], [ -64.999, -27.699 ], [ -64.999, -27.666 ], [ -64.966, -27.666 ], [ -64.966, -27.633 ], [ -64.933, -27.633 ], [ -64.933, -27.599 ], [ -64.899, -27.599 ], [ -64.899, -27.566 ], [ -64.866, -27.566 ], [ -64.866, -27.533 ], [ -64.833, -27.533 ], [ -64.833, -27.499 ], [ -64.799, -27.499 ], [ -64.766, -27.499 ], [ -64.766, -27.466 ], [ -64.766, -27.433 ], [ -64.733, -27.433 ], [ -64.733, -27.399 ], [ -64.733, -27.366 ], [ -64.733, -27.333 ], [ -64.733, -27.299 ], [ -64.699, -27.299 ], [ -64.666, -27.299 ], [ -64.633, -27.299 ], [ -64.599, -27.299 ], [ -64.599, -27.266 ], [ -64.566, -27.266 ], [ -64.533, -27.266 ], [ -64.533, -27.233 ], [ -64.499, -27.233 ], [ -64.499, -27.199 ], [ -64.466, -27.199 ], [ -64.466, -27.166 ], [ -64.433, -27.166 ], [ -64.433, -27.133 ], [ -64.399, -27.133 ], [ -64.366, -27.133 ], [ -64.333, -27.133 ], [ -64.299, -27.133 ], [ -64.299, -27.166 ], [ -64.299, -27.199 ], [ -64.266, -27.199 ], [ -64.233, -27.199 ], [ -64.199, -27.199 ], [ -64.199, -27.166 ], [ -64.166, -27.166 ], [ -64.133, -27.166 ], [ -64.099, -27.166 ], [ -64.066, -27.166 ], [ -64.033, -27.166 ], [ -63.999, -27.166 ], [ -63.999, -27.199 ], [ -63.966, -27.199 ], [ -63.933, -27.199 ], [ -63.899, -27.199 ], [ -63.866, -27.199 ], [ -63.866, -27.233 ], [ -63.833, -27.233 ], [ -63.833, -27.199 ], [ -63.799, -27.199 ], [ -63.766, -27.199 ], [ -63.766, -27.233 ], [ -63.733, -27.233 ], [ -63.699, -27.233 ], [ -63.666, -27.233 ], [ -63.666, -27.266 ], [ -63.633, -27.266 ], [ -63.599, -27.266 ], [ -63.599, -27.299 ], [ -63.566, -27.299 ], [ -63.566, -27.333 ], [ -63.533, -27.333 ], [ -63.499, -27.333 ], [ -63.499, -27.366 ], [ -63.466, -27.366 ], [ -63.466, -27.399 ], [ -63.433, -27.399 ], [ -63.433, -27.433 ], [ -63.399, -27.433 ], [ -63.399, -27.466 ], [ -63.366, -27.466 ], [ -63.366, -27.499 ], [ -63.333, -27.499 ], [ -63.333, -27.533 ], [ -63.299, -27.533 ], [ -63.299, -27.566 ], [ -63.266, -27.566 ], [ -63.266, -27.599 ], [ -63.233, -27.599 ], [ -63.233, -27.633 ], [ -63.233, -27.666 ], [ -63.199, -27.666 ], [ -63.199, -27.699 ], [ -63.199, -27.733 ], [ -63.166, -27.733 ], [ -63.166, -27.766 ], [ -63.166, -27.799 ], [ -63.199, -27.799 ], [ -63.199, -27.833 ], [ -63.166, -27.833 ], [ -63.166, -27.866 ], [ -63.133, -27.866 ], [ -63.099, -27.866 ], [ -63.066, -27.866 ], [ -63.066, -27.833 ], [ -63.066, -27.799 ], [ -63.033, -27.799 ], [ -63.033, -27.766 ], [ -62.999, -27.766 ], [ -62.999, -27.733 ], [ -62.999, -27.699 ], [ -62.966, -27.699 ], [ -62.966, -27.666 ], [ -62.933, -27.666 ], [ -62.933, -27.699 ], [ -62.933, -27.733 ], [ -62.899, -27.733 ], [ -62.899, -27.766 ], [ -62.899, -27.799 ], [ -62.866, -27.799 ], [ -62.866, -27.833 ], [ -62.833, -27.833 ], [ -62.799, -27.833 ], [ -62.799, -27.799 ], [ -62.766, -27.799 ], [ -62.766, -27.833 ], [ -62.733, -27.833 ], [ -62.733, -27.866 ], [ -62.699, -27.866 ], [ -62.699, -27.899 ], [ -62.699, -27.933 ], [ -62.699, -27.966 ], [ -62.699, -27.999 ], [ -62.699, -28.033 ], [ -62.733, -28.033 ], [ -62.733, -28.066 ], [ -62.733, -28.099 ], [ -62.766, -28.099 ], [ -62.766, -28.133 ], [ -62.733, -28.133 ], [ -62.733, -28.166 ], [ -62.699, -28.166 ], [ -62.666, -28.166 ], [ -62.666, -28.199 ], [ -62.633, -28.199 ], [ -62.599, -28.199 ], [ -62.599, -28.233 ], [ -62.566, -28.233 ], [ -62.533, -28.233 ], [ -62.499, -28.233 ], [ -62.466, -28.233 ], [ -62.466, -28.266 ], [ -62.466, -28.299 ], [ -62.433, -28.299 ], [ -62.399, -28.299 ], [ -62.399, -28.333 ], [ -62.366, -28.333 ], [ -62.333, -28.333 ], [ -62.299, -28.333 ], [ -62.266, -28.333 ], [ -62.233, -28.333 ], [ -62.233, -28.366 ], [ -62.233, -28.399 ], [ -62.266, -28.399 ], [ -62.266, -28.433 ], [ -62.233, -28.433 ], [ -62.233, -28.466 ], [ -62.199, -28.466 ], [ -62.199, -28.499 ], [ -62.199, -28.533 ], [ -62.166, -28.533 ], [ -62.166, -28.566 ], [ -62.166, -28.599 ], [ -62.133, -28.599 ], [ -62.099, -28.599 ], [ -62.099, -28.566 ], [ -62.066, -28.566 ], [ -62.033, -28.566 ], [ -61.999, -28.566 ], [ -61.999, -28.599 ], [ -61.966, -28.599 ], [ -61.966, -28.633 ], [ -61.933, -28.633 ], [ -61.899, -28.633 ], [ -61.899, -28.666 ], [ -61.866, -28.666 ], [ -61.866, -28.699 ], [ -61.866, -28.733 ], [ -61.833, -28.733 ], [ -61.799, -28.733 ], [ -61.799, -28.766 ], [ -61.766, -28.766 ], [ -61.733, -28.766 ], [ -61.733, -28.733 ], [ -61.699, -28.733 ], [ -61.699, -28.699 ], [ -61.666, -28.699 ], [ -61.633, -28.699 ], [ -61.599, -28.699 ], [ -61.599, -28.733 ], [ -61.566, -28.733 ], [ -61.566, -28.766 ], [ -61.533, -28.766 ], [ -61.533, -28.799 ], [ -61.499, -28.799 ], [ -61.499, -28.833 ], [ -61.466, -28.833 ], [ -61.466, -28.866 ], [ -61.433, -28.866 ], [ -61.433, -28.899 ], [ -61.433, -28.933 ], [ -61.399, -28.933 ], [ -61.399, -28.966 ], [ -61.399, -28.999 ], [ -61.399, -29.033 ], [ -61.366, -29.033 ], [ -61.366, -29.066 ], [ -61.333, -29.066 ], [ -61.333, -29.099 ], [ -61.333, -29.133 ], [ -61.299, -29.133 ], [ -61.299, -29.166 ], [ -61.266, -29.166 ], [ -61.266, -29.133 ], [ -61.266, -29.099 ], [ -61.233, -29.099 ], [ -61.233, -29.133 ], [ -61.199, -29.133 ], [ -61.199, -29.166 ], [ -61.166, -29.166 ], [ -61.133, -29.166 ], [ -61.133, -29.199 ], [ -61.133, -29.233 ], [ -61.099, -29.233 ], [ -61.099, -29.266 ], [ -61.066, -29.266 ], [ -61.066, -29.299 ], [ -61.066, -29.333 ], [ -61.033, -29.333 ], [ -61.033, -29.366 ], [ -60.999, -29.366 ], [ -60.999, -29.399 ], [ -60.999, -29.433 ], [ -60.999, -29.466 ], [ -60.999, -29.499 ], [ -60.999, -29.533 ], [ -60.966, -29.533 ], [ -60.966, -29.566 ], [ -60.966, -29.599 ], [ -60.933, -29.599 ], [ -60.933, -29.633 ], [ -60.933, -29.666 ], [ -60.899, -29.666 ], [ -60.899, -29.699 ], [ -60.866, -29.699 ], [ -60.866, -29.733 ], [ -60.833, -29.733 ], [ -60.833, -29.766 ], [ -60.833, -29.799 ], [ -60.799, -29.799 ], [ -60.799, -29.833 ], [ -60.766, -29.833 ], [ -60.766, -29.866 ], [ -60.766, -29.899 ], [ -60.733, -29.899 ], [ -60.699, -29.899 ], [ -60.666, -29.899 ], [ -60.666, -29.933 ], [ -60.666, -29.966 ], [ -60.633, -29.966 ], [ -60.633, -29.933 ], [ -60.599, -29.933 ], [ -60.599, -29.966 ], [ -60.566, -29.966 ], [ -60.566, -29.999 ], [ -60.533, -29.999 ], [ -60.533, -30.033 ], [ -60.499, -30.033 ], [ -60.499, -30.066 ], [ -60.466, -30.066 ], [ -60.433, -30.066 ], [ -60.433, -30.099 ], [ -60.433, -30.133 ], [ -60.433, -30.166 ], [ -60.433, -30.199 ], [ -60.399, -30.199 ], [ -60.399, -30.233 ], [ -60.399, -30.266 ], [ -60.366, -30.266 ], [ -60.333, -30.266 ], [ -60.333, -30.233 ], [ -60.299, -30.233 ], [ -60.299, -30.266 ], [ -60.299, -30.299 ], [ -60.333, -30.299 ], [ -60.333, -30.333 ], [ -60.299, -30.333 ], [ -60.299, -30.366 ], [ -60.299, -30.399 ], [ -60.333, -30.399 ], [ -60.333, -30.433 ], [ -60.366, -30.433 ], [ -60.366, -30.466 ], [ -60.399, -30.466 ], [ -60.399, -30.499 ], [ -60.399, -30.533 ], [ -60.433, -30.533 ], [ -60.433, -30.566 ], [ -60.433, -30.599 ], [ -60.433, -30.633 ], [ -60.433, -30.666 ], [ -60.433, -30.699 ], [ -60.433, -30.733 ], [ -60.433, -30.766 ], [ -60.433, -30.799 ], [ -60.433, -30.833 ], [ -60.433, -30.866 ], [ -60.433, -30.899 ], [ -60.433, -30.933 ], [ -60.466, -30.933 ], [ -60.466, -30.966 ], [ -60.466, -30.999 ], [ -60.466, -31.033 ], [ -60.499, -31.033 ], [ -60.499, -31.066 ], [ -60.499, -31.099 ], [ -60.533, -31.099 ], [ -60.533, -31.133 ], [ -60.566, -31.133 ], [ -60.566, -31.166 ], [ -60.599, -31.166 ], [ -60.599, -31.199 ], [ -60.566, -31.199 ], [ -60.566, -31.233 ], [ -60.566, -31.266 ], [ -60.566, -31.299 ], [ -60.599, -31.299 ], [ -60.599, -31.333 ], [ -60.633, -31.333 ], [ -60.633, -31.366 ], [ -60.599, -31.366 ], [ -60.599, -31.399 ], [ -60.599, -31.433 ], [ -60.599, -31.466 ], [ -60.633, -31.466 ], [ -60.633, -31.499 ], [ -60.633, -31.533 ], [ -60.633, -31.566 ], [ -60.633, -31.599 ], [ -60.633, -31.633 ], [ -60.633, -31.666 ], [ -60.666, -31.666 ], [ -60.666, -31.699 ], [ -60.666, -31.733 ], [ -60.666, -31.766 ], [ -60.666, -31.799 ], [ -60.699, -31.799 ], [ -60.699, -31.833 ], [ -60.699, -31.866 ], [ -60.699, -31.899 ], [ -60.733, -31.899 ], [ -60.733, -31.933 ], [ -60.733, -31.966 ], [ -60.733, -31.999 ], [ -60.766, -31.999 ], [ -60.766, -32.033 ], [ -60.766, -32.066 ], [ -60.766, -32.099 ], [ -60.733, -32.099 ], [ -60.733, -32.133 ], [ -60.699, -32.133 ], [ -60.699, -32.166 ], [ -60.666, -32.166 ], [ -60.633, -32.166 ], [ -60.633, -32.199 ], [ -60.599, -32.199 ], [ -60.599, -32.233 ], [ -60.566, -32.233 ], [ -60.533, -32.233 ], [ -60.499, -32.233 ], [ -60.466, -32.233 ], [ -60.466, -32.199 ], [ -60.433, -32.199 ], [ -60.399, -32.199 ], [ -60.399, -32.166 ], [ -60.366, -32.166 ], [ -60.366, -32.133 ], [ -60.333, -32.133 ], [ -60.333, -32.099 ], [ -60.299, -32.099 ], [ -60.299, -32.066 ], [ -60.266, -32.066 ], [ -60.266, -32.033 ], [ -60.233, -32.033 ], [ -60.233, -31.999 ], [ -60.199, -31.999 ], [ -60.166, -31.999 ], [ -60.166, -31.966 ], [ -60.166, -31.933 ], [ -60.133, -31.933 ], [ -60.099, -31.933 ], [ -60.066, -31.933 ], [ -60.066, -31.899 ], [ -60.033, -31.899 ], [ -59.999, -31.899 ], [ -59.999, -31.866 ], [ -59.999, -31.833 ], [ -60.033, -31.833 ], [ -60.033, -31.799 ], [ -59.999, -31.799 ], [ -59.999, -31.766 ], [ -59.999, -31.733 ], [ -59.999, -31.699 ], [ -59.966, -31.699 ], [ -59.966, -31.666 ], [ -59.966, -31.633 ], [ -59.999, -31.633 ], [ -60.033, -31.633 ], [ -60.066, -31.633 ], [ -60.066, -31.599 ], [ -60.099, -31.599 ], [ -60.099, -31.566 ], [ -60.066, -31.566 ], [ -60.066, -31.533 ], [ -60.033, -31.533 ], [ -60.033, -31.499 ], [ -60.033, -31.466 ], [ -59.999, -31.466 ], [ -59.966, -31.466 ], [ -59.966, -31.433 ], [ -59.966, -31.399 ], [ -59.999, -31.399 ], [ -60.033, -31.399 ], [ -60.033, -31.366 ], [ -60.066, -31.366 ], [ -60.066, -31.333 ], [ -60.066, -31.299 ], [ -60.033, -31.299 ], [ -60.033, -31.266 ], [ -59.999, -31.266 ], [ -59.966, -31.266 ], [ -59.966, -31.299 ], [ -59.966, -31.333 ], [ -59.933, -31.333 ], [ -59.933, -31.366 ], [ -59.899, -31.366 ], [ -59.899, -31.399 ], [ -59.899, -31.433 ], [ -59.866, -31.433 ], [ -59.833, -31.433 ], [ -59.833, -31.399 ], [ -59.866, -31.399 ], [ -59.866, -31.366 ], [ -59.866, -31.333 ], [ -59.866, -31.299 ], [ -59.899, -31.299 ], [ -59.899, -31.266 ], [ -59.899, -31.233 ], [ -59.899, -31.199 ], [ -59.866, -31.199 ], [ -59.866, -31.166 ], [ -59.833, -31.166 ], [ -59.799, -31.166 ], [ -59.766, -31.166 ], [ -59.766, -31.199 ], [ -59.766, -31.233 ], [ -59.733, -31.233 ], [ -59.733, -31.266 ], [ -59.699, -31.266 ], [ -59.699, -31.233 ], [ -59.666, -31.233 ], [ -59.666, -31.266 ], [ -59.666, -31.299 ], [ -59.699, -31.299 ], [ -59.699, -31.333 ], [ -59.666, -31.333 ], [ -59.633, -31.333 ], [ -59.599, -31.333 ], [ -59.599, -31.299 ], [ -59.599, -31.266 ], [ -59.599, -31.233 ], [ -59.633, -31.233 ], [ -59.633, -31.199 ], [ -59.666, -31.199 ], [ -59.666, -31.166 ], [ -59.666, -31.133 ], [ -59.633, -31.133 ], [ -59.633, -31.099 ], [ -59.599, -31.099 ], [ -59.599, -31.133 ], [ -59.599, -31.166 ], [ -59.566, -31.166 ], [ -59.566, -31.133 ], [ -59.566, -31.099 ], [ -59.533, -31.099 ], [ -59.533, -31.133 ], [ -59.499, -31.133 ], [ -59.499, -31.099 ], [ -59.466, -31.099 ], [ -59.433, -31.099 ], [ -59.399, -31.099 ], [ -59.366, -31.099 ], [ -59.366, -31.066 ], [ -59.399, -31.066 ], [ -59.433, -31.066 ], [ -59.433, -31.033 ], [ -59.466, -31.033 ], [ -59.499, -31.033 ], [ -59.499, -30.999 ], [ -59.466, -30.999 ], [ -59.433, -30.999 ], [ -59.433, -30.966 ], [ -59.466, -30.966 ], [ -59.466, -30.933 ], [ -59.433, -30.933 ], [ -59.433, -30.899 ], [ -59.399, -30.899 ], [ -59.399, -30.866 ], [ -59.366, -30.866 ], [ -59.333, -30.866 ], [ -59.333, -30.899 ], [ -59.299, -30.899 ], [ -59.299, -30.933 ], [ -59.266, -30.933 ], [ -59.266, -30.966 ], [ -59.233, -30.966 ], [ -59.199, -30.966 ], [ -59.199, -30.933 ], [ -59.233, -30.933 ], [ -59.233, -30.899 ], [ -59.266, -30.899 ], [ -59.266, -30.866 ], [ -59.233, -30.866 ], [ -59.233, -30.833 ], [ -59.199, -30.833 ], [ -59.199, -30.866 ], [ -59.166, -30.866 ], [ -59.166, -30.833 ], [ -59.133, -30.833 ], [ -59.099, -30.833 ], [ -59.066, -30.833 ], [ -59.033, -30.833 ], [ -59.033, -30.799 ], [ -59.033, -30.766 ], [ -59.066, -30.766 ], [ -59.066, -30.733 ], [ -59.033, -30.733 ], [ -58.999, -30.733 ], [ -58.999, -30.699 ], [ -58.966, -30.699 ], [ -58.933, -30.699 ], [ -58.933, -30.666 ], [ -58.899, -30.666 ], [ -58.866, -30.666 ], [ -58.866, -30.633 ], [ -58.833, -30.633 ], [ -58.833, -30.666 ], [ -58.833, -30.699 ], [ -58.799, -30.699 ], [ -58.766, -30.699 ], [ -58.766, -30.733 ], [ -58.733, -30.733 ], [ -58.699, -30.733 ], [ -58.666, -30.733 ], [ -58.666, -30.699 ], [ -58.633, -30.699 ], [ -58.633, -30.666 ], [ -58.599, -30.666 ], [ -58.599, -30.633 ], [ -58.566, -30.633 ], [ -58.533, -30.633 ], [ -58.533, -30.599 ] ], [ [ -62.699, -37.266 ], [ -62.699, -37.233 ], [ -62.733, -37.233 ], [ -62.733, -37.266 ], [ -62.699, -37.266 ] ], [ [ -59.366, -30.966 ], [ -59.366, -30.933 ], [ -59.399, -30.933 ], [ -59.399, -30.966 ], [ -59.366, -30.966 ] ], [ [ -63.199, -30.699 ], [ -63.199, -30.666 ], [ -63.199, -30.633 ], [ -63.166, -30.633 ], [ -63.166, -30.599 ], [ -63.133, -30.599 ], [ -63.133, -30.566 ], [ -63.099, -30.566 ], [ -63.099, -30.533 ], [ -63.133, -30.533 ], [ -63.133, -30.499 ], [ -63.166, -30.499 ], [ -63.199, -30.499 ], [ -63.233, -30.499 ], [ -63.233, -30.466 ], [ -63.266, -30.466 ], [ -63.299, -30.466 ], [ -63.299, -30.433 ], [ -63.333, -30.433 ], [ -63.333, -30.466 ], [ -63.333, -30.499 ], [ -63.366, -30.499 ], [ -63.366, -30.533 ], [ -63.366, -30.566 ], [ -63.366, -30.599 ], [ -63.333, -30.599 ], [ -63.299, -30.599 ], [ -63.266, -30.599 ], [ -63.233, -30.599 ], [ -63.233, -30.633 ], [ -63.233, -30.666 ], [ -63.266, -30.666 ], [ -63.266, -30.699 ], [ -63.299, -30.699 ], [ -63.299, -30.733 ], [ -63.299, -30.766 ], [ -63.333, -30.766 ], [ -63.333, -30.799 ], [ -63.366, -30.799 ], [ -63.399, -30.799 ], [ -63.433, -30.799 ], [ -63.466, -30.799 ], [ -63.466, -30.833 ], [ -63.499, -30.833 ], [ -63.533, -30.833 ], [ -63.533, -30.866 ], [ -63.566, -30.866 ], [ -63.566, -30.899 ], [ -63.599, -30.899 ], [ -63.599, -30.933 ], [ -63.633, -30.933 ], [ -63.633, -30.966 ], [ -63.633, -30.999 ], [ -63.666, -30.999 ], [ -63.666, -31.033 ], [ -63.633, -31.033 ], [ -63.633, -31.066 ], [ -63.633, -31.099 ], [ -63.599, -31.099 ], [ -63.599, -31.133 ], [ -63.566, -31.133 ], [ -63.566, -31.166 ], [ -63.566, -31.199 ], [ -63.533, -31.199 ], [ -63.533, -31.233 ], [ -63.533, -31.266 ], [ -63.499, -31.266 ], [ -63.466, -31.266 ], [ -63.466, -31.233 ], [ -63.433, -31.233 ], [ -63.399, -31.233 ], [ -63.366, -31.233 ], [ -63.333, -31.233 ], [ -63.299, -31.233 ], [ -63.266, -31.233 ], [ -63.266, -31.199 ], [ -63.233, -31.199 ], [ -63.199, -31.199 ], [ -63.199, -31.233 ], [ -63.166, -31.233 ], [ -63.166, -31.199 ], [ -63.133, -31.199 ], [ -63.099, -31.199 ], [ -63.066, -31.199 ], [ -63.066, -31.166 ], [ -63.033, -31.166 ], [ -62.999, -31.166 ], [ -62.999, -31.133 ], [ -62.999, -31.099 ], [ -62.999, -31.066 ], [ -62.999, -31.033 ], [ -62.999, -30.999 ], [ -62.966, -30.999 ], [ -62.966, -31.033 ], [ -62.933, -31.033 ], [ -62.933, -30.999 ], [ -62.933, -30.966 ], [ -62.933, -30.933 ], [ -62.899, -30.933 ], [ -62.866, -30.933 ], [ -62.866, -30.899 ], [ -62.899, -30.899 ], [ -62.899, -30.866 ], [ -62.933, -30.866 ], [ -62.933, -30.899 ], [ -62.966, -30.899 ], [ -62.966, -30.933 ], [ -62.999, -30.933 ], [ -62.999, -30.899 ], [ -62.999, -30.866 ], [ -63.033, -30.866 ], [ -63.033, -30.899 ], [ -63.066, -30.899 ], [ -63.099, -30.899 ], [ -63.099, -30.933 ], [ -63.133, -30.933 ], [ -63.166, -30.933 ], [ -63.166, -30.899 ], [ -63.166, -30.866 ], [ -63.133, -30.866 ], [ -63.133, -30.833 ], [ -63.099, -30.833 ], [ -63.099, -30.799 ], [ -63.099, -30.766 ], [ -63.099, -30.733 ], [ -63.099, -30.699 ], [ -63.099, -30.666 ], [ -63.133, -30.666 ], [ -63.166, -30.666 ], [ -63.166, -30.699 ], [ -63.199, -30.699 ] ], [ [ -63.033, -30.666 ], [ -63.033, -30.699 ], [ -62.999, -30.699 ], [ -62.999, -30.666 ], [ -63.033, -30.666 ] ], [ [ -62.933, -30.733 ], [ -62.933, -30.766 ], [ -62.899, -30.766 ], [ -62.899, -30.733 ], [ -62.933, -30.733 ] ], [ [ -60.533, -30.899 ], [ -60.533, -30.933 ], [ -60.499, -30.933 ], [ -60.499, -30.899 ], [ -60.533, -30.899 ] ], [ [ -60.466, -30.133 ], [ -60.466, -30.099 ], [ -60.499, -30.099 ], [ -60.499, -30.133 ], [ -60.466, -30.133 ] ], [ [ -64.799, -28.333 ], [ -64.799, -28.299 ], [ -64.799, -28.266 ], [ -64.766, -28.266 ], [ -64.766, -28.233 ], [ -64.766, -28.199 ], [ -64.733, -28.199 ], [ -64.733, -28.166 ], [ -64.699, -28.166 ], [ -64.666, -28.166 ], [ -64.633, -28.166 ], [ -64.633, -28.133 ], [ -64.599, -28.133 ], [ -64.566, -28.133 ], [ -64.533, -28.133 ], [ -64.499, -28.133 ], [ -64.466, -28.133 ], [ -64.433, -28.133 ], [ -64.433, -28.099 ], [ -64.399, -28.099 ], [ -64.366, -28.099 ], [ -64.333, -28.099 ], [ -64.299, -28.099 ], [ -64.299, -28.066 ], [ -64.266, -28.066 ], [ -64.233, -28.066 ], [ -64.233, -28.033 ], [ -64.199, -28.033 ], [ -64.166, -28.033 ], [ -64.166, -27.999 ], [ -64.133, -27.999 ], [ -64.133, -27.966 ], [ -64.099, -27.966 ], [ -64.099, -27.933 ], [ -64.066, -27.933 ], [ -64.066, -27.899 ], [ -64.033, -27.899 ], [ -64.033, -27.866 ], [ -64.033, -27.833 ], [ -63.999, -27.833 ], [ -63.999, -27.799 ], [ -63.999, -27.766 ], [ -63.999, -27.733 ], [ -63.999, -27.699 ], [ -63.999, -27.666 ], [ -64.033, -27.666 ], [ -64.033, -27.633 ], [ -64.033, -27.599 ], [ -64.066, -27.599 ], [ -64.066, -27.566 ], [ -64.099, -27.566 ], [ -64.099, -27.533 ], [ -64.133, -27.533 ], [ -64.166, -27.533 ], [ -64.199, -27.533 ], [ -64.199, -27.499 ], [ -64.233, -27.499 ], [ -64.266, -27.499 ], [ -64.299, -27.499 ], [ -64.299, -27.466 ], [ -64.333, -27.466 ], [ -64.333, -27.433 ], [ -64.366, -27.433 ], [ -64.366, -27.466 ], [ -64.399, -27.466 ], [ -64.433, -27.466 ], [ -64.466, -27.466 ], [ -64.466, -27.499 ], [ -64.466, -27.533 ], [ -64.499, -27.533 ], [ -64.499, -27.566 ], [ -64.533, -27.566 ], [ -64.566, -27.566 ], [ -64.566, -27.599 ], [ -64.599, -27.599 ], [ -64.633, -27.599 ], [ -64.633, -27.633 ], [ -64.666, -27.633 ], [ -64.699, -27.633 ], [ -64.699, -27.666 ], [ -64.699, -27.699 ], [ -64.699, -27.733 ], [ -64.733, -27.733 ], [ -64.733, -27.766 ], [ -64.766, -27.766 ], [ -64.799, -27.766 ], [ -64.799, -27.733 ], [ -64.799, -27.699 ], [ -64.833, -27.699 ], [ -64.833, -27.733 ], [ -64.833, -27.766 ], [ -64.833, -27.799 ], [ -64.866, -27.799 ], [ -64.866, -27.833 ], [ -64.866, -27.866 ], [ -64.899, -27.866 ], [ -64.899, -27.899 ], [ -64.899, -27.933 ], [ -64.933, -27.933 ], [ -64.933, -27.966 ], [ -64.933, -27.999 ], [ -64.933, -28.033 ], [ -64.966, -28.033 ], [ -64.966, -28.066 ], [ -64.933, -28.066 ], [ -64.933, -28.099 ], [ -64.966, -28.099 ], [ -64.966, -28.133 ], [ -64.966, -28.166 ], [ -64.966, -28.199 ], [ -64.966, -28.233 ], [ -64.933, -28.233 ], [ -64.933, -28.266 ], [ -64.899, -28.266 ], [ -64.899, -28.299 ], [ -64.899, -28.333 ], [ -64.866, -28.333 ], [ -64.866, -28.366 ], [ -64.833, -28.366 ], [ -64.799, -28.366 ], [ -64.799, -28.333 ] ], [ [ -63.166, -27.966 ], [ -63.166, -27.999 ], [ -63.133, -27.999 ], [ -63.099, -27.999 ], [ -63.066, -27.999 ], [ -63.066, -28.033 ], [ -63.033, -28.033 ], [ -62.999, -28.033 ], [ -62.966, -28.033 ], [ -62.933, -28.033 ], [ -62.933, -27.999 ], [ -62.933, -27.966 ], [ -62.933, -27.933 ], [ -62.933, -27.899 ], [ -62.966, -27.899 ], [ -62.966, -27.933 ], [ -62.999, -27.933 ], [ -63.033, -27.933 ], [ -63.066, -27.933 ], [ -63.099, -27.933 ], [ -63.099, -27.966 ], [ -63.133, -27.966 ], [ -63.166, -27.966 ] ], [ [ -64.066, -29.266 ], [ -64.066, -29.299 ], [ -64.033, -29.299 ], [ -64.033, -29.266 ], [ -64.066, -29.266 ] ], [ [ -64.266, -34.266 ], [ -64.266, -34.299 ], [ -64.233, -34.299 ], [ -64.233, -34.266 ], [ -64.266, -34.266 ] ], [ [ -59.233, -33.366 ], [ -59.233, -33.399 ], [ -59.199, -33.399 ], [ -59.199, -33.366 ], [ -59.233, -33.366 ] ], [ [ -59.466, -33.499 ], [ -59.466, -33.533 ], [ -59.433, -33.533 ], [ -59.433, -33.566 ], [ -59.399, -33.566 ], [ -59.399, -33.533 ], [ -59.366, -33.533 ], [ -59.366, -33.499 ], [ -59.333, -33.499 ], [ -59.333, -33.466 ], [ -59.366, -33.466 ], [ -59.399, -33.466 ], [ -59.433, -33.466 ], [ -59.433, -33.499 ], [ -59.466, -33.499 ] ], [ [ -59.533, -33.566 ], [ -59.533, -33.599 ], [ -59.533, -33.633 ], [ -59.499, -33.633 ], [ -59.499, -33.599 ], [ -59.466, -33.599 ], [ -59.466, -33.566 ], [ -59.499, -33.566 ], [ -59.533, -33.566 ] ], [ [ -58.433, -30.633 ], [ -58.433, -30.599 ], [ -58.466, -30.599 ], [ -58.466, -30.633 ], [ -58.433, -30.633 ] ] ], [ [ [ -65.599, -27.066 ], [ -65.599, -27.033 ], [ -65.566, -27.033 ], [ -65.566, -27.066 ], [ -65.599, -27.066 ] ] ], [ [ [ -65.566, -27.033 ], [ -65.566, -26.999 ], [ -65.533, -26.999 ], [ -65.533, -27.033 ], [ -65.566, -27.033 ] ] ], [ [ [ -54.633, -27.033 ], [ -54.666, -27.033 ], [ -54.666, -26.999 ], [ -54.633, -26.999 ], [ -54.633, -27.033 ] ] ], [ [ [ -54.533, -27.033 ], [ -54.566, -27.033 ], [ -54.566, -26.999 ], [ -54.533, -26.999 ], [ -54.533, -27.033 ] ] ], [ [ [ -54.466, -26.999 ], [ -54.499, -26.999 ], [ -54.499, -26.966 ], [ -54.466, -26.966 ], [ -54.466, -26.999 ] ] ], [ [ [ -65.533, -26.999 ], [ -65.533, -26.966 ], [ -65.533, -26.933 ], [ -65.499, -26.933 ], [ -65.499, -26.899 ], [ -65.466, -26.899 ], [ -65.466, -26.866 ], [ -65.466, -26.833 ], [ -65.433, -26.833 ], [ -65.399, -26.833 ], [ -65.399, -26.866 ], [ -65.366, -26.866 ], [ -65.366, -26.833 ], [ -65.333, -26.833 ], [ -65.333, -26.866 ], [ -65.333, -26.899 ], [ -65.366, -26.899 ], [ -65.366, -26.933 ], [ -65.399, -26.933 ], [ -65.433, -26.933 ], [ -65.466, -26.933 ], [ -65.466, -26.966 ], [ -65.499, -26.966 ], [ -65.499, -26.999 ], [ -65.533, -26.999 ] ] ], [ [ [ -54.333, -26.833 ], [ -54.333, -26.866 ], [ -54.366, -26.866 ], [ -54.366, -26.833 ], [ -54.333, -26.833 ] ] ], [ [ [ -65.299, -26.766 ], [ -65.299, -26.799 ], [ -65.333, -26.799 ], [ -65.333, -26.766 ], [ -65.299, -26.766 ] ] ], [ [ [ -54.333, -26.833 ], [ -54.333, -26.799 ], [ -54.366, -26.799 ], [ -54.399, -26.799 ], [ -54.399, -26.766 ], [ -54.366, -26.766 ], [ -54.333, -26.766 ], [ -54.333, -26.733 ], [ -54.299, -26.733 ], [ -54.266, -26.733 ], [ -54.233, -26.733 ], [ -54.233, -26.766 ], [ -54.233, -26.799 ], [ -54.266, -26.799 ], [ -54.266, -26.766 ], [ -54.299, -26.766 ], [ -54.299, -26.799 ], [ -54.299, -26.833 ], [ -54.333, -26.833 ] ] ], [ [ [ -54.466, -26.699 ], [ -54.433, -26.699 ], [ -54.433, -26.733 ], [ -54.466, -26.733 ], [ -54.466, -26.699 ] ] ], [ [ [ -54.466, -26.699 ], [ -54.499, -26.699 ], [ -54.499, -26.666 ], [ -54.466, -26.666 ], [ -54.466, -26.699 ] ] ], [ [ [ -54.133, -26.366 ], [ -54.166, -26.366 ], [ -54.166, -26.333 ], [ -54.133, -26.333 ], [ -54.133, -26.366 ] ] ], [ [ [ -53.766, -26.066 ], [ -53.766, -26.099 ], [ -53.737, -26.099 ], [ -53.742, -26.108 ], [ -53.735, -26.119 ], [ -53.723, -26.129 ], [ -53.716, -26.126 ], [ -53.707, -26.139 ], [ -53.697, -26.154 ], [ -53.679, -26.164 ], [ -53.672, -26.176 ], [ -53.658, -26.192 ], [ -53.651, -26.194 ], [ -53.651, -26.205 ], [ -53.641, -26.214 ], [ -53.653, -26.233 ], [ -53.643, -26.241 ], [ -53.642, -26.243 ], [ -53.642, -26.244 ], [ -53.642, -26.244 ], [ -53.641, -26.245 ], [ -53.641, -26.245 ], [ -53.641, -26.245 ], [ -53.640, -26.245 ], [ -53.640, -26.246 ], [ -53.640, -26.246 ], [ -53.639, -26.247 ], [ -53.638, -26.248 ], [ -53.637, -26.249 ], [ -53.638, -26.250 ], [ -53.639, -26.250 ], [ -53.640, -26.249 ], [ -53.640, -26.249 ], [ -53.641, -26.249 ], [ -53.641, -26.250 ], [ -53.641, -26.249 ], [ -53.642, -26.249 ], [ -53.642, -26.249 ], [ -53.643, -26.248 ], [ -53.643, -26.248 ], [ -53.644, -26.248 ], [ -53.645, -26.248 ], [ -53.645, -26.247 ], [ -53.646, -26.248 ], [ -53.646, -26.249 ], [ -53.645, -26.249 ], [ -53.645, -26.249 ], [ -53.644, -26.250 ], [ -53.643, -26.250 ], [ -53.643, -26.251 ], [ -53.644, -26.252 ], [ -53.644, -26.253 ], [ -53.643, -26.253 ], [ -53.643, -26.254 ], [ -53.643, -26.254 ], [ -53.643, -26.255 ], [ -53.643, -26.256 ], [ -53.641, -26.259 ], [ -53.641, -26.260 ], [ -53.642, -26.260 ], [ -53.642, -26.261 ], [ -53.642, -26.261 ], [ -53.642, -26.262 ], [ -53.642, -26.262 ], [ -53.642, -26.262 ], [ -53.641, -26.263 ], [ -53.642, -26.263 ], [ -53.642, -26.264 ], [ -53.642, -26.264 ], [ -53.642, -26.264 ], [ -53.642, -26.265 ], [ -53.642, -26.265 ], [ -53.642, -26.266 ], [ -53.642, -26.266 ], [ -53.642, -26.267 ], [ -53.642, -26.268 ], [ -53.642, -26.268 ], [ -53.643, -26.268 ], [ -53.644, -26.268 ], [ -53.644, -26.269 ], [ -53.644, -26.269 ], [ -53.643, -26.270 ], [ -53.644, -26.270 ], [ -53.644, -26.270 ], [ -53.644, -26.271 ], [ -53.644, -26.272 ], [ -53.645, -26.272 ], [ -53.645, -26.274 ], [ -53.644, -26.274 ], [ -53.645, -26.274 ], [ -53.644, -26.275 ], [ -53.644, -26.276 ], [ -53.645, -26.276 ], [ -53.645, -26.276 ], [ -53.645, -26.276 ], [ -53.645, -26.276 ], [ -53.645, -26.277 ], [ -53.645, -26.277 ], [ -53.645, -26.277 ], [ -53.645, -26.278 ], [ -53.645, -26.279 ], [ -53.645, -26.279 ], [ -53.645, -26.279 ], [ -53.645, -26.280 ], [ -53.644, -26.280 ], [ -53.644, -26.281 ], [ -53.644, -26.282 ], [ -53.644, -26.282 ], [ -53.644, -26.282 ], [ -53.645, -26.284 ], [ -53.645, -26.284 ], [ -53.645, -26.285 ], [ -53.645, -26.285 ], [ -53.645, -26.286 ], [ -53.645, -26.286 ], [ -53.646, -26.286 ], [ -53.646, -26.287 ], [ -53.647, -26.288 ], [ -53.647, -26.289 ], [ -53.648, -26.288 ], [ -53.649, -26.289 ], [ -53.650, -26.290 ], [ -53.650, -26.290 ], [ -53.650, -26.290 ], [ -53.651, -26.290 ], [ -53.651, -26.290 ], [ -53.652, -26.290 ], [ -53.652, -26.290 ], [ -53.653, -26.293 ], [ -53.652, -26.293 ], [ -53.652, -26.293 ], [ -53.652, -26.294 ], [ -53.653, -26.294 ], [ -53.653, -26.293 ], [ -53.653, -26.293 ], [ -53.654, -26.294 ], [ -53.654, -26.294 ], [ -53.654, -26.294 ], [ -53.654, -26.295 ], [ -53.654, -26.295 ], [ -53.654, -26.296 ], [ -53.655, -26.296 ], [ -53.656, -26.296 ], [ -53.656, -26.296 ], [ -53.656, -26.297 ], [ -53.657, -26.297 ], [ -53.657, -26.298 ], [ -53.657, -26.299 ], [ -53.658, -26.299 ], [ -53.658, -26.300 ], [ -53.657, -26.300 ], [ -53.657, -26.301 ], [ -53.658, -26.301 ], [ -53.658, -26.302 ], [ -53.659, -26.302 ], [ -53.659, -26.303 ], [ -53.659, -26.303 ], [ -53.659, -26.304 ], [ -53.660, -26.305 ], [ -53.660, -26.305 ], [ -53.661, -26.305 ], [ -53.661, -26.306 ], [ -53.660, -26.306 ], [ -53.661, -26.307 ], [ -53.662, -26.306 ], [ -53.662, -26.307 ], [ -53.663, -26.307 ], [ -53.663, -26.308 ], [ -53.662, -26.308 ], [ -53.662, -26.308 ], [ -53.662, -26.308 ], [ -53.661, -26.309 ], [ -53.661, -26.310 ], [ -53.661, -26.311 ], [ -53.661, -26.311 ], [ -53.662, -26.311 ], [ -53.662, -26.310 ], [ -53.663, -26.312 ], [ -53.664, -26.312 ], [ -53.663, -26.313 ], [ -53.664, -26.314 ], [ -53.665, -26.315 ], [ -53.666, -26.316 ], [ -53.665, -26.316 ], [ -53.665, -26.317 ], [ -53.666, -26.317 ], [ -53.667, -26.317 ], [ -53.667, -26.317 ], [ -53.667, -26.318 ], [ -53.666, -26.319 ], [ -53.666, -26.319 ], [ -53.667, -26.319 ], [ -53.669, -26.319 ], [ -53.670, -26.318 ], [ -53.670, -26.319 ], [ -53.670, -26.319 ], [ -53.670, -26.321 ], [ -53.670, -26.322 ], [ -53.670, -26.322 ], [ -53.669, -26.322 ], [ -53.669, -26.322 ], [ -53.669, -26.322 ], [ -53.670, -26.323 ], [ -53.670, -26.323 ], [ -53.669, -26.324 ], [ -53.669, -26.324 ], [ -53.669, -26.325 ], [ -53.672, -26.325 ], [ -53.672, -26.324 ], [ -53.673, -26.323 ], [ -53.673, -26.323 ], [ -53.673, -26.323 ], [ -53.674, -26.325 ], [ -53.674, -26.325 ], [ -53.674, -26.326 ], [ -53.673, -26.327 ], [ -53.673, -26.327 ], [ -53.671, -26.328 ], [ -53.670, -26.329 ], [ -53.671, -26.330 ], [ -53.672, -26.331 ], [ -53.673, -26.332 ], [ -53.674, -26.332 ], [ -53.674, -26.332 ], [ -53.675, -26.330 ], [ -53.675, -26.330 ], [ -53.676, -26.330 ], [ -53.677, -26.330 ], [ -53.677, -26.331 ], [ -53.677, -26.334 ], [ -53.676, -26.335 ], [ -53.676, -26.336 ], [ -53.677, -26.336 ], [ -53.678, -26.335 ], [ -53.678, -26.334 ], [ -53.679, -26.333 ], [ -53.682, -26.335 ], [ -53.684, -26.335 ], [ -53.685, -26.335 ], [ -53.685, -26.335 ], [ -53.685, -26.335 ], [ -53.685, -26.336 ], [ -53.685, -26.336 ], [ -53.685, -26.337 ], [ -53.684, -26.337 ], [ -53.685, -26.338 ], [ -53.687, -26.339 ], [ -53.687, -26.342 ], [ -53.689, -26.345 ], [ -53.689, -26.350 ], [ -53.689, -26.351 ], [ -53.689, -26.351 ], [ -53.689, -26.351 ], [ -53.690, -26.351 ], [ -53.690, -26.352 ], [ -53.690, -26.353 ], [ -53.689, -26.353 ], [ -53.689, -26.354 ], [ -53.690, -26.354 ], [ -53.691, -26.353 ], [ -53.693, -26.352 ], [ -53.694, -26.352 ], [ -53.694, -26.352 ], [ -53.694, -26.353 ], [ -53.696, -26.354 ], [ -53.696, -26.355 ], [ -53.696, -26.355 ], [ -53.695, -26.355 ], [ -53.695, -26.355 ], [ -53.693, -26.355 ], [ -53.693, -26.355 ], [ -53.692, -26.356 ], [ -53.691, -26.357 ], [ -53.691, -26.358 ], [ -53.690, -26.358 ], [ -53.689, -26.359 ], [ -53.690, -26.359 ], [ -53.691, -26.361 ], [ -53.692, -26.360 ], [ -53.692, -26.361 ], [ -53.694, -26.361 ], [ -53.696, -26.361 ], [ -53.696, -26.361 ], [ -53.696, -26.364 ], [ -53.696, -26.364 ], [ -53.698, -26.364 ], [ -53.699, -26.363 ], [ -53.700, -26.362 ], [ -53.700, -26.363 ], [ -53.699, -26.364 ], [ -53.699, -26.365 ], [ -53.700, -26.365 ], [ -53.701, -26.366 ], [ -53.701, -26.367 ], [ -53.701, -26.367 ], [ -53.700, -26.369 ], [ -53.700, -26.370 ], [ -53.701, -26.371 ], [ -53.701, -26.372 ], [ -53.702, -26.372 ], [ -53.702, -26.373 ], [ -53.701, -26.374 ], [ -53.699, -26.375 ], [ -53.699, -26.376 ], [ -53.699, -26.376 ], [ -53.697, -26.376 ], [ -53.697, -26.377 ], [ -53.697, -26.379 ], [ -53.697, -26.380 ], [ -53.698, -26.380 ], [ -53.699, -26.381 ], [ -53.698, -26.382 ], [ -53.698, -26.383 ], [ -53.700, -26.383 ], [ -53.701, -26.384 ], [ -53.700, -26.385 ], [ -53.701, -26.386 ], [ -53.701, -26.387 ], [ -53.701, -26.388 ], [ -53.701, -26.389 ], [ -53.703, -26.388 ], [ -53.704, -26.387 ], [ -53.707, -26.386 ], [ -53.708, -26.386 ], [ -53.708, -26.386 ], [ -53.709, -26.386 ], [ -53.709, -26.387 ], [ -53.709, -26.387 ], [ -53.710, -26.388 ], [ -53.709, -26.388 ], [ -53.709, -26.389 ], [ -53.709, -26.390 ], [ -53.708, -26.392 ], [ -53.708, -26.393 ], [ -53.707, -26.394 ], [ -53.707, -26.394 ], [ -53.707, -26.395 ], [ -53.707, -26.395 ], [ -53.706, -26.395 ], [ -53.706, -26.395 ], [ -53.705, -26.395 ], [ -53.705, -26.396 ], [ -53.704, -26.396 ], [ -53.703, -26.397 ], [ -53.701, -26.397 ], [ -53.700, -26.398 ], [ -53.697, -26.401 ], [ -53.697, -26.401 ], [ -53.696, -26.402 ], [ -53.696, -26.402 ], [ -53.696, -26.403 ], [ -53.696, -26.404 ], [ -53.697, -26.404 ], [ -53.697, -26.405 ], [ -53.697, -26.405 ], [ -53.699, -26.406 ], [ -53.700, -26.408 ], [ -53.700, -26.408 ], [ -53.701, -26.408 ], [ -53.702, -26.407 ], [ -53.702, -26.407 ], [ -53.702, -26.407 ], [ -53.703, -26.407 ], [ -53.703, -26.408 ], [ -53.705, -26.408 ], [ -53.706, -26.408 ], [ -53.706, -26.409 ], [ -53.705, -26.410 ], [ -53.705, -26.411 ], [ -53.704, -26.412 ], [ -53.705, -26.413 ], [ -53.705, -26.414 ], [ -53.705, -26.414 ], [ -53.705, -26.416 ], [ -53.704, -26.416 ], [ -53.703, -26.417 ], [ -53.700, -26.416 ], [ -53.698, -26.415 ], [ -53.697, -26.417 ], [ -53.698, -26.419 ], [ -53.699, -26.421 ], [ -53.698, -26.422 ], [ -53.695, -26.423 ], [ -53.694, -26.424 ], [ -53.693, -26.425 ], [ -53.693, -26.427 ], [ -53.694, -26.429 ], [ -53.693, -26.430 ], [ -53.692, -26.429 ], [ -53.691, -26.428 ], [ -53.690, -26.427 ], [ -53.688, -26.427 ], [ -53.687, -26.430 ], [ -53.687, -26.432 ], [ -53.688, -26.435 ], [ -53.688, -26.437 ], [ -53.687, -26.439 ], [ -53.686, -26.440 ], [ -53.687, -26.441 ], [ -53.687, -26.442 ], [ -53.687, -26.443 ], [ -53.689, -26.443 ], [ -53.689, -26.443 ], [ -53.690, -26.443 ], [ -53.691, -26.443 ], [ -53.692, -26.443 ], [ -53.693, -26.442 ], [ -53.694, -26.443 ], [ -53.694, -26.443 ], [ -53.695, -26.444 ], [ -53.695, -26.444 ], [ -53.696, -26.444 ], [ -53.697, -26.444 ], [ -53.697, -26.444 ], [ -53.697, -26.444 ], [ -53.697, -26.443 ], [ -53.696, -26.442 ], [ -53.696, -26.442 ], [ -53.696, -26.441 ], [ -53.696, -26.441 ], [ -53.696, -26.440 ], [ -53.697, -26.440 ], [ -53.697, -26.440 ], [ -53.699, -26.440 ], [ -53.701, -26.440 ], [ -53.702, -26.440 ], [ -53.703, -26.441 ], [ -53.704, -26.441 ], [ -53.704, -26.442 ], [ -53.704, -26.443 ], [ -53.703, -26.445 ], [ -53.703, -26.447 ], [ -53.702, -26.448 ], [ -53.702, -26.449 ], [ -53.702, -26.450 ], [ -53.697, -26.454 ], [ -53.699, -26.461 ], [ -53.698, -26.466 ], [ -53.702, -26.466 ], [ -53.703, -26.464 ], [ -53.703, -26.463 ], [ -53.704, -26.463 ], [ -53.704, -26.463 ], [ -53.705, -26.463 ], [ -53.706, -26.464 ], [ -53.707, -26.464 ], [ -53.708, -26.465 ], [ -53.709, -26.465 ], [ -53.710, -26.466 ], [ -53.711, -26.466 ], [ -53.733, -26.466 ], [ -53.766, -26.466 ], [ -53.766, -26.499 ], [ -53.766, -26.533 ], [ -53.799, -26.533 ], [ -53.833, -26.533 ], [ -53.833, -26.566 ], [ -53.833, -26.599 ], [ -53.799, -26.599 ], [ -53.799, -26.633 ], [ -53.799, -26.666 ], [ -53.833, -26.666 ], [ -53.833, -26.633 ], [ -53.866, -26.633 ], [ -53.866, -26.599 ], [ -53.899, -26.599 ], [ -53.899, -26.633 ], [ -53.899, -26.666 ], [ -53.899, -26.699 ], [ -53.899, -26.733 ], [ -53.933, -26.733 ], [ -53.933, -26.699 ], [ -53.933, -26.666 ], [ -53.966, -26.666 ], [ -53.966, -26.633 ], [ -53.999, -26.633 ], [ -54.033, -26.633 ], [ -54.066, -26.633 ], [ -54.099, -26.633 ], [ -54.133, -26.633 ], [ -54.133, -26.666 ], [ -54.166, -26.666 ], [ -54.166, -26.699 ], [ -54.166, -26.733 ], [ -54.199, -26.733 ], [ -54.199, -26.699 ], [ -54.199, -26.666 ], [ -54.199, -26.633 ], [ -54.166, -26.633 ], [ -54.166, -26.599 ], [ -54.166, -26.566 ], [ -54.133, -26.566 ], [ -54.133, -26.599 ], [ -54.099, -26.599 ], [ -54.099, -26.566 ], [ -54.099, -26.533 ], [ -54.066, -26.533 ], [ -54.066, -26.566 ], [ -54.033, -26.566 ], [ -53.999, -26.566 ], [ -53.999, -26.533 ], [ -54.033, -26.533 ], [ -54.033, -26.499 ], [ -53.999, -26.499 ], [ -53.966, -26.499 ], [ -53.966, -26.466 ], [ -53.999, -26.466 ], [ -53.999, -26.433 ], [ -53.966, -26.433 ], [ -53.966, -26.399 ], [ -53.999, -26.399 ], [ -53.999, -26.366 ], [ -54.033, -26.366 ], [ -54.066, -26.366 ], [ -54.066, -26.333 ], [ -54.033, -26.333 ], [ -53.999, -26.333 ], [ -53.966, -26.333 ], [ -53.933, -26.333 ], [ -53.899, -26.333 ], [ -53.899, -26.299 ], [ -53.933, -26.299 ], [ -53.966, -26.299 ], [ -53.966, -26.266 ], [ -53.966, -26.233 ], [ -53.999, -26.233 ], [ -53.999, -26.199 ], [ -54.033, -26.199 ], [ -54.033, -26.166 ], [ -53.999, -26.166 ], [ -53.966, -26.166 ], [ -53.933, -26.166 ], [ -53.933, -26.199 ], [ -53.933, -26.233 ], [ -53.899, -26.233 ], [ -53.899, -26.199 ], [ -53.866, -26.199 ], [ -53.866, -26.233 ], [ -53.833, -26.233 ], [ -53.799, -26.233 ], [ -53.799, -26.199 ], [ -53.833, -26.199 ], [ -53.833, -26.166 ], [ -53.833, -26.133 ], [ -53.833, -26.099 ], [ -53.866, -26.099 ], [ -53.866, -26.066 ], [ -53.833, -26.066 ], [ -53.799, -26.066 ], [ -53.766, -26.066 ] ] ], [ [ [ -64.766, -26.133 ], [ -64.766, -26.166 ], [ -64.733, -26.166 ], [ -64.699, -26.166 ], [ -64.699, -26.199 ], [ -64.733, -26.199 ], [ -64.733, -26.233 ], [ -64.733, -26.266 ], [ -64.733, -26.299 ], [ -64.733, -26.333 ], [ -64.733, -26.366 ], [ -64.699, -26.366 ], [ -64.699, -26.399 ], [ -64.733, -26.399 ], [ -64.733, -26.433 ], [ -64.733, -26.466 ], [ -64.766, -26.466 ], [ -64.766, -26.499 ], [ -64.799, -26.499 ], [ -64.799, -26.533 ], [ -64.833, -26.533 ], [ -64.833, -26.566 ], [ -64.833, -26.599 ], [ -64.866, -26.599 ], [ -64.866, -26.633 ], [ -64.899, -26.633 ], [ -64.899, -26.666 ], [ -64.933, -26.666 ], [ -64.966, -26.666 ], [ -64.966, -26.699 ], [ -64.999, -26.699 ], [ -65.033, -26.699 ], [ -65.066, -26.699 ], [ -65.066, -26.666 ], [ -65.099, -26.666 ], [ -65.133, -26.666 ], [ -65.166, -26.666 ], [ -65.166, -26.633 ], [ -65.199, -26.633 ], [ -65.199, -26.666 ], [ -65.199, -26.699 ], [ -65.233, -26.699 ], [ -65.233, -26.733 ], [ -65.233, -26.766 ], [ -65.266, -26.766 ], [ -65.299, -26.766 ], [ -65.299, -26.733 ], [ -65.299, -26.699 ], [ -65.299, -26.666 ], [ -65.299, -26.633 ], [ -65.333, -26.633 ], [ -65.366, -26.633 ], [ -65.366, -26.599 ], [ -65.333, -26.599 ], [ -65.333, -26.566 ], [ -65.366, -26.566 ], [ -65.366, -26.533 ], [ -65.366, -26.499 ], [ -65.399, -26.499 ], [ -65.399, -26.466 ], [ -65.366, -26.466 ], [ -65.366, -26.433 ], [ -65.333, -26.433 ], [ -65.333, -26.399 ], [ -65.366, -26.399 ], [ -65.366, -26.366 ], [ -65.333, -26.366 ], [ -65.333, -26.333 ], [ -65.333, -26.299 ], [ -65.366, -26.299 ], [ -65.366, -26.266 ], [ -65.399, -26.266 ], [ -65.399, -26.233 ], [ -65.399, -26.199 ], [ -65.366, -26.199 ], [ -65.366, -26.166 ], [ -65.366, -26.133 ], [ -65.366, -26.099 ], [ -65.399, -26.099 ], [ -65.399, -26.133 ], [ -65.433, -26.133 ], [ -65.433, -26.099 ], [ -65.433, -26.066 ], [ -65.399, -26.066 ], [ -65.399, -26.033 ], [ -65.366, -26.033 ], [ -65.366, -25.999 ], [ -65.333, -25.999 ], [ -65.333, -26.033 ], [ -65.333, -26.066 ], [ -65.299, -26.066 ], [ -65.299, -26.033 ], [ -65.266, -26.033 ], [ -65.233, -26.033 ], [ -65.233, -25.999 ], [ -65.199, -25.999 ], [ -65.166, -25.999 ], [ -65.133, -25.999 ], [ -65.099, -25.999 ], [ -65.099, -26.033 ], [ -65.133, -26.033 ], [ -65.133, -26.066 ], [ -65.133, -26.099 ], [ -65.133, -26.133 ], [ -65.133, -26.166 ], [ -65.133, -26.199 ], [ -65.133, -26.233 ], [ -65.133, -26.266 ], [ -65.166, -26.266 ], [ -65.166, -26.299 ], [ -65.166, -26.333 ], [ -65.133, -26.333 ], [ -65.133, -26.366 ], [ -65.133, -26.399 ], [ -65.133, -26.433 ], [ -65.133, -26.466 ], [ -65.166, -26.466 ], [ -65.166, -26.499 ], [ -65.199, -26.499 ], [ -65.199, -26.533 ], [ -65.199, -26.566 ], [ -65.199, -26.599 ], [ -65.166, -26.599 ], [ -65.133, -26.599 ], [ -65.099, -26.599 ], [ -65.066, -26.599 ], [ -65.066, -26.566 ], [ -65.033, -26.566 ], [ -65.033, -26.533 ], [ -64.999, -26.533 ], [ -64.999, -26.566 ], [ -64.999, -26.599 ], [ -64.999, -26.633 ], [ -64.966, -26.633 ], [ -64.933, -26.633 ], [ -64.933, -26.599 ], [ -64.933, -26.566 ], [ -64.899, -26.566 ], [ -64.899, -26.533 ], [ -64.933, -26.533 ], [ -64.933, -26.499 ], [ -64.899, -26.499 ], [ -64.866, -26.499 ], [ -64.833, -26.499 ], [ -64.833, -26.466 ], [ -64.833, -26.433 ], [ -64.799, -26.433 ], [ -64.799, -26.399 ], [ -64.799, -26.366 ], [ -64.799, -26.333 ], [ -64.833, -26.333 ], [ -64.833, -26.299 ], [ -64.833, -26.266 ], [ -64.866, -26.266 ], [ -64.866, -26.233 ], [ -64.833, -26.233 ], [ -64.833, -26.199 ], [ -64.833, -26.166 ], [ -64.799, -26.166 ], [ -64.799, -26.133 ], [ -64.766, -26.133 ] ] ], [ [ [ -64.433, -25.566 ], [ -64.433, -25.599 ], [ -64.399, -25.599 ], [ -64.399, -25.633 ], [ -64.433, -25.633 ], [ -64.466, -25.633 ], [ -64.466, -25.666 ], [ -64.499, -25.666 ], [ -64.499, -25.633 ], [ -64.499, -25.599 ], [ -64.466, -25.599 ], [ -64.466, -25.566 ], [ -64.466, -25.533 ], [ -64.433, -25.533 ], [ -64.433, -25.566 ] ] ], [ [ [ -65.233, -25.299 ], [ -65.233, -25.266 ], [ -65.199, -25.266 ], [ -65.199, -25.299 ], [ -65.233, -25.299 ] ] ], [ [ [ -64.833, -25.266 ], [ -64.833, -25.299 ], [ -64.866, -25.299 ], [ -64.866, -25.266 ], [ -64.833, -25.266 ] ] ], [ [ [ -65.233, -25.266 ], [ -65.266, -25.266 ], [ -65.266, -25.233 ], [ -65.233, -25.233 ], [ -65.233, -25.266 ] ] ], [ [ [ -65.199, -25.266 ], [ -65.199, -25.233 ], [ -65.166, -25.233 ], [ -65.166, -25.266 ], [ -65.199, -25.266 ] ] ], [ [ [ -64.833, -25.266 ], [ -64.833, -25.233 ], [ -64.799, -25.233 ], [ -64.799, -25.266 ], [ -64.833, -25.266 ] ] ], [ [ [ -64.833, -25.233 ], [ -64.866, -25.233 ], [ -64.866, -25.199 ], [ -64.833, -25.199 ], [ -64.833, -25.233 ] ] ], [ [ [ -64.766, -25.199 ], [ -64.733, -25.199 ], [ -64.733, -25.233 ], [ -64.766, -25.233 ], [ -64.766, -25.199 ] ] ], [ [ [ -64.699, -26.166 ], [ -64.699, -26.133 ], [ -64.733, -26.133 ], [ -64.766, -26.133 ], [ -64.766, -26.099 ], [ -64.766, -26.066 ], [ -64.766, -26.033 ], [ -64.766, -25.999 ], [ -64.799, -25.999 ], [ -64.799, -25.966 ], [ -64.799, -25.933 ], [ -64.833, -25.933 ], [ -64.866, -25.933 ], [ -64.866, -25.899 ], [ -64.899, -25.899 ], [ -64.933, -25.899 ], [ -64.966, -25.899 ], [ -64.999, -25.899 ], [ -65.033, -25.899 ], [ -65.066, -25.899 ], [ -65.099, -25.899 ], [ -65.133, -25.899 ], [ -65.133, -25.866 ], [ -65.133, -25.833 ], [ -65.133, -25.799 ], [ -65.133, -25.766 ], [ -65.099, -25.766 ], [ -65.099, -25.733 ], [ -65.066, -25.733 ], [ -65.066, -25.699 ], [ -65.066, -25.666 ], [ -65.066, -25.633 ], [ -65.066, -25.599 ], [ -65.066, -25.566 ], [ -65.066, -25.533 ], [ -65.066, -25.499 ], [ -65.066, -25.466 ], [ -65.099, -25.466 ], [ -65.099, -25.433 ], [ -65.066, -25.433 ], [ -65.033, -25.433 ], [ -65.033, -25.399 ], [ -65.066, -25.399 ], [ -65.099, -25.399 ], [ -65.099, -25.366 ], [ -65.066, -25.366 ], [ -65.066, -25.333 ], [ -65.066, -25.299 ], [ -65.066, -25.266 ], [ -65.066, -25.233 ], [ -65.099, -25.233 ], [ -65.099, -25.199 ], [ -65.133, -25.199 ], [ -65.166, -25.199 ], [ -65.166, -25.166 ], [ -65.133, -25.166 ], [ -65.099, -25.166 ], [ -65.066, -25.166 ], [ -65.033, -25.166 ], [ -65.033, -25.199 ], [ -65.033, -25.233 ], [ -64.999, -25.233 ], [ -64.999, -25.266 ], [ -64.999, -25.299 ], [ -64.966, -25.299 ], [ -64.966, -25.333 ], [ -64.999, -25.333 ], [ -65.033, -25.333 ], [ -65.033, -25.366 ], [ -64.999, -25.366 ], [ -64.966, -25.366 ], [ -64.966, -25.399 ], [ -64.966, -25.433 ], [ -64.966, -25.466 ], [ -64.966, -25.499 ], [ -64.999, -25.499 ], [ -64.999, -25.533 ], [ -64.999, -25.566 ], [ -64.999, -25.599 ], [ -64.999, -25.633 ], [ -64.966, -25.633 ], [ -64.966, -25.666 ], [ -64.966, -25.699 ], [ -64.933, -25.699 ], [ -64.933, -25.733 ], [ -64.933, -25.766 ], [ -64.966, -25.766 ], [ -64.966, -25.799 ], [ -64.933, -25.799 ], [ -64.899, -25.799 ], [ -64.899, -25.833 ], [ -64.866, -25.833 ], [ -64.866, -25.866 ], [ -64.833, -25.866 ], [ -64.799, -25.866 ], [ -64.799, -25.899 ], [ -64.766, -25.899 ], [ -64.766, -25.933 ], [ -64.733, -25.933 ], [ -64.733, -25.966 ], [ -64.699, -25.966 ], [ -64.699, -25.999 ], [ -64.699, -26.033 ], [ -64.699, -26.066 ], [ -64.666, -26.066 ], [ -64.666, -26.099 ], [ -64.666, -26.133 ], [ -64.666, -26.166 ], [ -64.699, -26.166 ] ] ], [ [ [ -64.766, -25.199 ], [ -64.799, -25.199 ], [ -64.799, -25.166 ], [ -64.766, -25.166 ], [ -64.766, -25.199 ] ] ], [ [ [ -65.199, -25.233 ], [ -65.233, -25.233 ], [ -65.233, -25.199 ], [ -65.233, -25.166 ], [ -65.233, -25.133 ], [ -65.233, -25.099 ], [ -65.199, -25.099 ], [ -65.199, -25.133 ], [ -65.199, -25.166 ], [ -65.199, -25.199 ], [ -65.199, -25.233 ] ] ], [ [ [ -64.766, -25.066 ], [ -64.733, -25.066 ], [ -64.733, -25.099 ], [ -64.766, -25.099 ], [ -64.766, -25.066 ] ] ], [ [ [ -64.766, -25.066 ], [ -64.799, -25.066 ], [ -64.799, -25.033 ], [ -64.766, -25.033 ], [ -64.766, -25.066 ] ] ], [ [ [ -64.733, -25.066 ], [ -64.733, -25.033 ], [ -64.699, -25.033 ], [ -64.699, -25.066 ], [ -64.733, -25.066 ] ] ], [ [ [ -65.366, -25.066 ], [ -65.399, -25.066 ], [ -65.399, -25.033 ], [ -65.399, -24.999 ], [ -65.366, -24.999 ], [ -65.366, -25.033 ], [ -65.366, -25.066 ] ] ], [ [ [ -64.699, -25.033 ], [ -64.699, -24.999 ], [ -64.666, -24.999 ], [ -64.666, -25.033 ], [ -64.699, -25.033 ] ] ], [ [ [ -64.999, -24.999 ], [ -65.033, -24.999 ], [ -65.033, -24.966 ], [ -64.999, -24.966 ], [ -64.999, -24.999 ] ] ], [ [ [ -64.799, -25.033 ], [ -64.833, -25.033 ], [ -64.833, -25.066 ], [ -64.833, -25.099 ], [ -64.833, -25.133 ], [ -64.866, -25.133 ], [ -64.899, -25.133 ], [ -64.899, -25.166 ], [ -64.933, -25.166 ], [ -64.933, -25.133 ], [ -64.933, -25.099 ], [ -64.933, -25.066 ], [ -64.933, -25.033 ], [ -64.933, -24.999 ], [ -64.966, -24.999 ], [ -64.966, -24.966 ], [ -64.933, -24.966 ], [ -64.899, -24.966 ], [ -64.866, -24.966 ], [ -64.833, -24.966 ], [ -64.833, -24.933 ], [ -64.833, -24.899 ], [ -64.866, -24.899 ], [ -64.899, -24.899 ], [ -64.899, -24.866 ], [ -64.899, -24.833 ], [ -64.866, -24.833 ], [ -64.833, -24.833 ], [ -64.799, -24.833 ], [ -64.799, -24.866 ], [ -64.799, -24.899 ], [ -64.799, -24.933 ], [ -64.766, -24.933 ], [ -64.766, -24.899 ], [ -64.733, -24.899 ], [ -64.733, -24.933 ], [ -64.733, -24.966 ], [ -64.733, -24.999 ], [ -64.766, -24.999 ], [ -64.799, -24.999 ], [ -64.799, -25.033 ] ], [ [ -64.899, -24.999 ], [ -64.899, -25.033 ], [ -64.899, -25.066 ], [ -64.866, -25.066 ], [ -64.866, -25.033 ], [ -64.866, -24.999 ], [ -64.899, -24.999 ] ] ], [ [ [ -64.666, -24.999 ], [ -64.666, -24.966 ], [ -64.666, -24.933 ], [ -64.666, -24.899 ], [ -64.666, -24.866 ], [ -64.633, -24.866 ], [ -64.633, -24.833 ], [ -64.599, -24.833 ], [ -64.599, -24.866 ], [ -64.599, -24.899 ], [ -64.633, -24.899 ], [ -64.633, -24.933 ], [ -64.633, -24.966 ], [ -64.633, -24.999 ], [ -64.666, -24.999 ] ] ], [ [ [ -64.899, -24.833 ], [ -64.933, -24.833 ], [ -64.933, -24.799 ], [ -64.899, -24.799 ], [ -64.899, -24.833 ] ] ], [ [ [ -64.633, -24.833 ], [ -64.666, -24.833 ], [ -64.666, -24.799 ], [ -64.666, -24.766 ], [ -64.633, -24.766 ], [ -64.633, -24.799 ], [ -64.633, -24.833 ] ] ], [ [ [ -64.799, -24.699 ], [ -64.799, -24.733 ], [ -64.833, -24.733 ], [ -64.866, -24.733 ], [ -64.866, -24.766 ], [ -64.899, -24.766 ], [ -64.899, -24.733 ], [ -64.899, -24.699 ], [ -64.866, -24.699 ], [ -64.833, -24.699 ], [ -64.799, -24.699 ] ] ], [ [ [ -64.799, -24.699 ], [ -64.799, -24.666 ], [ -64.766, -24.666 ], [ -64.766, -24.699 ], [ -64.799, -24.699 ] ] ], [ [ [ -64.666, -24.766 ], [ -64.699, -24.766 ], [ -64.699, -24.733 ], [ -64.699, -24.699 ], [ -64.699, -24.666 ], [ -64.666, -24.666 ], [ -64.633, -24.666 ], [ -64.633, -24.699 ], [ -64.666, -24.699 ], [ -64.666, -24.733 ], [ -64.666, -24.766 ] ] ], [ [ [ -64.699, -24.666 ], [ -64.733, -24.666 ], [ -64.733, -24.633 ], [ -64.699, -24.633 ], [ -64.699, -24.666 ] ] ], [ [ [ -64.699, -24.633 ], [ -64.699, -24.599 ], [ -64.666, -24.599 ], [ -64.666, -24.633 ], [ -64.699, -24.633 ] ] ], [ [ [ -64.666, -24.599 ], [ -64.666, -24.566 ], [ -64.633, -24.566 ], [ -64.599, -24.566 ], [ -64.599, -24.599 ], [ -64.633, -24.599 ], [ -64.666, -24.599 ] ] ], [ [ [ -64.499, -24.666 ], [ -64.499, -24.699 ], [ -64.499, -24.733 ], [ -64.533, -24.733 ], [ -64.533, -24.699 ], [ -64.533, -24.666 ], [ -64.566, -24.666 ], [ -64.599, -24.666 ], [ -64.599, -24.633 ], [ -64.566, -24.633 ], [ -64.533, -24.633 ], [ -64.499, -24.633 ], [ -64.499, -24.599 ], [ -64.466, -24.599 ], [ -64.466, -24.566 ], [ -64.433, -24.566 ], [ -64.433, -24.599 ], [ -64.433, -24.633 ], [ -64.466, -24.633 ], [ -64.466, -24.666 ], [ -64.499, -24.666 ] ] ], [ [ [ -64.399, -24.499 ], [ -64.399, -24.533 ], [ -64.433, -24.533 ], [ -64.433, -24.499 ], [ -64.399, -24.499 ] ] ], [ [ [ -64.399, -24.499 ], [ -64.399, -24.466 ], [ -64.366, -24.466 ], [ -64.366, -24.499 ], [ -64.399, -24.499 ] ] ], [ [ [ -64.566, -24.499 ], [ -64.599, -24.499 ], [ -64.599, -24.466 ], [ -64.599, -24.433 ], [ -64.566, -24.433 ], [ -64.566, -24.466 ], [ -64.566, -24.499 ] ] ], [ [ [ -64.333, -24.399 ], [ -64.333, -24.433 ], [ -64.366, -24.433 ], [ -64.366, -24.399 ], [ -64.333, -24.399 ] ] ], [ [ [ -64.533, -24.399 ], [ -64.566, -24.399 ], [ -64.566, -24.366 ], [ -64.566, -24.333 ], [ -64.533, -24.333 ], [ -64.533, -24.299 ], [ -64.499, -24.299 ], [ -64.466, -24.299 ], [ -64.466, -24.333 ], [ -64.499, -24.333 ], [ -64.499, -24.366 ], [ -64.533, -24.366 ], [ -64.533, -24.399 ] ] ], [ [ [ -64.333, -24.399 ], [ -64.333, -24.366 ], [ -64.333, -24.333 ], [ -64.333, -24.299 ], [ -64.299, -24.299 ], [ -64.299, -24.333 ], [ -64.299, -24.366 ], [ -64.299, -24.399 ], [ -64.333, -24.399 ] ] ], [ [ [ -65.099, -24.266 ], [ -65.066, -24.266 ], [ -65.033, -24.266 ], [ -65.033, -24.299 ], [ -65.066, -24.299 ], [ -65.099, -24.299 ], [ -65.099, -24.266 ] ] ], [ [ [ -65.099, -24.266 ], [ -65.133, -24.266 ], [ -65.133, -24.233 ], [ -65.099, -24.233 ], [ -65.099, -24.266 ] ] ], [ [ [ -64.299, -24.266 ], [ -64.333, -24.266 ], [ -64.333, -24.233 ], [ -64.333, -24.199 ], [ -64.333, -24.166 ], [ -64.299, -24.166 ], [ -64.299, -24.199 ], [ -64.299, -24.233 ], [ -64.299, -24.266 ] ] ], [ [ [ -64.533, -24.266 ], [ -64.566, -24.266 ], [ -64.566, -24.233 ], [ -64.566, -24.199 ], [ -64.566, -24.166 ], [ -64.566, -24.133 ], [ -64.533, -24.133 ], [ -64.533, -24.166 ], [ -64.533, -24.199 ], [ -64.533, -24.233 ], [ -64.533, -24.266 ] ] ], [ [ [ -64.199, -24.199 ], [ -64.233, -24.199 ], [ -64.233, -24.166 ], [ -64.233, -24.133 ], [ -64.199, -24.133 ], [ -64.199, -24.166 ], [ -64.199, -24.199 ] ] ], [ [ [ -64.399, -24.199 ], [ -64.433, -24.199 ], [ -64.433, -24.166 ], [ -64.433, -24.133 ], [ -64.433, -24.099 ], [ -64.399, -24.099 ], [ -64.366, -24.099 ], [ -64.333, -24.099 ], [ -64.333, -24.133 ], [ -64.366, -24.133 ], [ -64.366, -24.166 ], [ -64.366, -24.199 ], [ -64.399, -24.199 ] ] ], [ [ [ -64.499, -24.099 ], [ -64.533, -24.099 ], [ -64.533, -24.066 ], [ -64.533, -24.033 ], [ -64.499, -24.033 ], [ -64.499, -24.066 ], [ -64.499, -24.099 ] ] ], [ [ [ -64.366, -24.066 ], [ -64.399, -24.066 ], [ -64.399, -24.033 ], [ -64.366, -24.033 ], [ -64.366, -24.066 ] ] ], [ [ [ -64.466, -23.999 ], [ -64.499, -23.999 ], [ -64.499, -23.966 ], [ -64.466, -23.966 ], [ -64.466, -23.999 ] ] ], [ [ [ -64.433, -23.933 ], [ -64.399, -23.933 ], [ -64.399, -23.966 ], [ -64.399, -23.999 ], [ -64.433, -23.999 ], [ -64.433, -23.966 ], [ -64.433, -23.933 ] ] ], [ [ [ -64.433, -23.933 ], [ -64.466, -23.933 ], [ -64.466, -23.899 ], [ -64.433, -23.899 ], [ -64.433, -23.933 ] ] ], [ [ [ -64.866, -23.866 ], [ -64.899, -23.866 ], [ -64.899, -23.833 ], [ -64.866, -23.833 ], [ -64.866, -23.866 ] ] ], [ [ [ -64.933, -23.699 ], [ -64.899, -23.699 ], [ -64.866, -23.699 ], [ -64.866, -23.733 ], [ -64.899, -23.733 ], [ -64.933, -23.733 ], [ -64.933, -23.699 ] ] ], [ [ [ -64.966, -23.699 ], [ -64.966, -23.733 ], [ -64.966, -23.766 ], [ -64.933, -23.766 ], [ -64.899, -23.766 ], [ -64.899, -23.799 ], [ -64.933, -23.799 ], [ -64.933, -23.833 ], [ -64.933, -23.866 ], [ -64.966, -23.866 ], [ -64.966, -23.899 ], [ -64.966, -23.933 ], [ -64.999, -23.933 ], [ -64.999, -23.899 ], [ -64.999, -23.866 ], [ -64.999, -23.833 ], [ -64.966, -23.833 ], [ -64.966, -23.799 ], [ -64.999, -23.799 ], [ -64.999, -23.833 ], [ -65.033, -23.833 ], [ -65.033, -23.866 ], [ -65.033, -23.899 ], [ -65.066, -23.899 ], [ -65.099, -23.899 ], [ -65.099, -23.866 ], [ -65.133, -23.866 ], [ -65.133, -23.899 ], [ -65.133, -23.933 ], [ -65.133, -23.966 ], [ -65.099, -23.966 ], [ -65.066, -23.966 ], [ -65.066, -23.999 ], [ -65.099, -23.999 ], [ -65.099, -24.033 ], [ -65.066, -24.033 ], [ -65.066, -24.066 ], [ -65.033, -24.066 ], [ -64.999, -24.066 ], [ -64.966, -24.066 ], [ -64.966, -24.099 ], [ -64.966, -24.133 ], [ -64.966, -24.166 ], [ -64.966, -24.199 ], [ -64.999, -24.199 ], [ -64.999, -24.233 ], [ -65.033, -24.233 ], [ -65.033, -24.199 ], [ -65.033, -24.166 ], [ -65.033, -24.133 ], [ -65.033, -24.099 ], [ -65.066, -24.099 ], [ -65.099, -24.099 ], [ -65.133, -24.099 ], [ -65.133, -24.133 ], [ -65.133, -24.166 ], [ -65.133, -24.199 ], [ -65.133, -24.233 ], [ -65.166, -24.233 ], [ -65.199, -24.233 ], [ -65.199, -24.266 ], [ -65.199, -24.299 ], [ -65.199, -24.333 ], [ -65.233, -24.333 ], [ -65.233, -24.366 ], [ -65.233, -24.399 ], [ -65.233, -24.433 ], [ -65.233, -24.466 ], [ -65.199, -24.466 ], [ -65.199, -24.499 ], [ -65.233, -24.499 ], [ -65.233, -24.533 ], [ -65.233, -24.566 ], [ -65.233, -24.599 ], [ -65.233, -24.633 ], [ -65.199, -24.633 ], [ -65.166, -24.633 ], [ -65.166, -24.666 ], [ -65.199, -24.666 ], [ -65.199, -24.699 ], [ -65.199, -24.733 ], [ -65.166, -24.733 ], [ -65.166, -24.766 ], [ -65.199, -24.766 ], [ -65.199, -24.799 ], [ -65.199, -24.833 ], [ -65.166, -24.833 ], [ -65.166, -24.866 ], [ -65.166, -24.899 ], [ -65.166, -24.933 ], [ -65.199, -24.933 ], [ -65.199, -24.966 ], [ -65.199, -24.999 ], [ -65.233, -24.999 ], [ -65.233, -25.033 ], [ -65.233, -25.066 ], [ -65.266, -25.066 ], [ -65.266, -25.033 ], [ -65.266, -24.999 ], [ -65.266, -24.966 ], [ -65.266, -24.933 ], [ -65.233, -24.933 ], [ -65.233, -24.899 ], [ -65.266, -24.899 ], [ -65.266, -24.866 ], [ -65.266, -24.833 ], [ -65.266, -24.799 ], [ -65.299, -24.799 ], [ -65.299, -24.766 ], [ -65.333, -24.766 ], [ -65.333, -24.733 ], [ -65.366, -24.733 ], [ -65.399, -24.733 ], [ -65.399, -24.766 ], [ -65.366, -24.766 ], [ -65.366, -24.799 ], [ -65.366, -24.833 ], [ -65.399, -24.833 ], [ -65.399, -24.799 ], [ -65.433, -24.799 ], [ -65.466, -24.799 ], [ -65.466, -24.833 ], [ -65.466, -24.866 ], [ -65.466, -24.899 ], [ -65.433, -24.899 ], [ -65.433, -24.933 ], [ -65.433, -24.966 ], [ -65.433, -24.999 ], [ -65.433, -25.033 ], [ -65.466, -25.033 ], [ -65.466, -25.066 ], [ -65.433, -25.066 ], [ -65.433, -25.099 ], [ -65.433, -25.133 ], [ -65.433, -25.166 ], [ -65.433, -25.199 ], [ -65.433, -25.233 ], [ -65.399, -25.233 ], [ -65.399, -25.266 ], [ -65.366, -25.266 ], [ -65.366, -25.233 ], [ -65.399, -25.233 ], [ -65.399, -25.199 ], [ -65.399, -25.166 ], [ -65.399, -25.133 ], [ -65.366, -25.133 ], [ -65.333, -25.133 ], [ -65.333, -25.166 ], [ -65.366, -25.166 ], [ -65.366, -25.199 ], [ -65.333, -25.199 ], [ -65.333, -25.233 ], [ -65.333, -25.266 ], [ -65.299, -25.266 ], [ -65.266, -25.266 ], [ -65.266, -25.299 ], [ -65.233, -25.299 ], [ -65.233, -25.333 ], [ -65.266, -25.333 ], [ -65.266, -25.366 ], [ -65.299, -25.366 ], [ -65.299, -25.333 ], [ -65.333, -25.333 ], [ -65.333, -25.299 ], [ -65.366, -25.299 ], [ -65.366, -25.333 ], [ -65.366, -25.366 ], [ -65.366, -25.399 ], [ -65.399, -25.399 ], [ -65.399, -25.433 ], [ -65.399, -25.466 ], [ -65.433, -25.466 ], [ -65.466, -25.466 ], [ -65.466, -25.499 ], [ -65.499, -25.499 ], [ -65.499, -25.533 ], [ -65.533, -25.533 ], [ -65.566, -25.533 ], [ -65.566, -25.499 ], [ -65.566, -25.466 ], [ -65.566, -25.433 ], [ -65.566, -25.399 ], [ -65.533, -25.399 ], [ -65.533, -25.366 ], [ -65.533, -25.333 ], [ -65.499, -25.333 ], [ -65.499, -25.299 ], [ -65.499, -25.266 ], [ -65.466, -25.266 ], [ -65.466, -25.233 ], [ -65.499, -25.233 ], [ -65.499, -25.199 ], [ -65.499, -25.166 ], [ -65.499, -25.133 ], [ -65.499, -25.099 ], [ -65.533, -25.099 ], [ -65.533, -25.066 ], [ -65.566, -25.066 ], [ -65.566, -25.033 ], [ -65.566, -24.999 ], [ -65.566, -24.966 ], [ -65.533, -24.966 ], [ -65.533, -24.933 ], [ -65.533, -24.899 ], [ -65.533, -24.866 ], [ -65.533, -24.833 ], [ -65.533, -24.799 ], [ -65.533, -24.766 ], [ -65.499, -24.766 ], [ -65.499, -24.733 ], [ -65.466, -24.733 ], [ -65.466, -24.699 ], [ -65.433, -24.699 ], [ -65.433, -24.666 ], [ -65.399, -24.666 ], [ -65.366, -24.666 ], [ -65.333, -24.666 ], [ -65.299, -24.666 ], [ -65.299, -24.633 ], [ -65.299, -24.599 ], [ -65.299, -24.566 ], [ -65.299, -24.533 ], [ -65.299, -24.499 ], [ -65.299, -24.466 ], [ -65.299, -24.433 ], [ -65.333, -24.433 ], [ -65.333, -24.399 ], [ -65.333, -24.366 ], [ -65.333, -24.333 ], [ -65.299, -24.333 ], [ -65.299, -24.299 ], [ -65.299, -24.266 ], [ -65.299, -24.233 ], [ -65.299, -24.199 ], [ -65.333, -24.199 ], [ -65.333, -24.166 ], [ -65.299, -24.166 ], [ -65.266, -24.166 ], [ -65.233, -24.166 ], [ -65.199, -24.166 ], [ -65.199, -24.133 ], [ -65.199, -24.099 ], [ -65.233, -24.099 ], [ -65.233, -24.066 ], [ -65.199, -24.066 ], [ -65.166, -24.066 ], [ -65.133, -24.066 ], [ -65.133, -24.033 ], [ -65.133, -23.999 ], [ -65.166, -23.999 ], [ -65.199, -23.999 ], [ -65.199, -23.966 ], [ -65.166, -23.966 ], [ -65.166, -23.933 ], [ -65.199, -23.933 ], [ -65.199, -23.899 ], [ -65.199, -23.866 ], [ -65.199, -23.833 ], [ -65.166, -23.833 ], [ -65.166, -23.799 ], [ -65.133, -23.799 ], [ -65.133, -23.766 ], [ -65.133, -23.733 ], [ -65.133, -23.699 ], [ -65.099, -23.699 ], [ -65.099, -23.666 ], [ -65.066, -23.666 ], [ -65.033, -23.666 ], [ -65.033, -23.699 ], [ -64.999, -23.699 ], [ -64.966, -23.699 ] ], [ [ -65.066, -23.733 ], [ -65.066, -23.766 ], [ -65.033, -23.766 ], [ -65.033, -23.733 ], [ -65.066, -23.733 ] ] ], [ [ [ -65.433, -25.299 ], [ -65.433, -25.333 ], [ -65.399, -25.333 ], [ -65.399, -25.299 ], [ -65.433, -25.299 ] ] ], [ [ [ -64.866, -23.699 ], [ -64.866, -23.666 ], [ -64.833, -23.666 ], [ -64.799, -23.666 ], [ -64.799, -23.699 ], [ -64.833, -23.699 ], [ -64.866, -23.699 ] ] ], [ [ [ -64.933, -23.699 ], [ -64.966, -23.699 ], [ -64.966, -23.666 ], [ -64.966, -23.633 ], [ -64.933, -23.633 ], [ -64.933, -23.666 ], [ -64.933, -23.699 ] ] ], [ [ [ -64.799, -23.666 ], [ -64.799, -23.633 ], [ -64.766, -23.633 ], [ -64.766, -23.666 ], [ -64.799, -23.666 ] ] ], [ [ [ -64.699, -23.599 ], [ -64.699, -23.633 ], [ -64.733, -23.633 ], [ -64.733, -23.599 ], [ -64.699, -23.599 ] ] ], [ [ [ -64.699, -23.599 ], [ -64.699, -23.566 ], [ -64.699, -23.533 ], [ -64.666, -23.533 ], [ -64.633, -23.533 ], [ -64.633, -23.566 ], [ -64.633, -23.599 ], [ -64.666, -23.599 ], [ -64.699, -23.599 ] ] ], [ [ [ -64.733, -23.433 ], [ -64.699, -23.433 ], [ -64.666, -23.433 ], [ -64.666, -23.466 ], [ -64.666, -23.499 ], [ -64.699, -23.499 ], [ -64.699, -23.466 ], [ -64.733, -23.466 ], [ -64.733, -23.433 ] ] ], [ [ [ -64.733, -23.433 ], [ -64.766, -23.433 ], [ -64.766, -23.399 ], [ -64.766, -23.366 ], [ -64.766, -23.333 ], [ -64.733, -23.333 ], [ -64.733, -23.366 ], [ -64.733, -23.399 ], [ -64.733, -23.433 ] ] ], [ [ [ -64.666, -23.266 ], [ -64.633, -23.266 ], [ -64.633, -23.299 ], [ -64.666, -23.299 ], [ -64.666, -23.266 ] ] ], [ [ [ -64.666, -23.266 ], [ -64.699, -23.266 ], [ -64.733, -23.266 ], [ -64.733, -23.233 ], [ -64.699, -23.233 ], [ -64.666, -23.233 ], [ -64.666, -23.266 ] ] ], [ [ [ -64.633, -23.266 ], [ -64.633, -23.233 ], [ -64.599, -23.233 ], [ -64.599, -23.199 ], [ -64.566, -23.199 ], [ -64.566, -23.233 ], [ -64.566, -23.266 ], [ -64.599, -23.266 ], [ -64.633, -23.266 ] ] ], [ [ [ -64.599, -22.866 ], [ -64.633, -22.866 ], [ -64.633, -22.833 ], [ -64.599, -22.833 ], [ -64.599, -22.866 ] ] ], [ [ [ -64.766, -22.766 ], [ -64.799, -22.766 ], [ -64.799, -22.733 ], [ -64.766, -22.733 ], [ -64.766, -22.766 ] ] ], [ [ [ -64.733, -23.233 ], [ -64.766, -23.233 ], [ -64.766, -23.199 ], [ -64.766, -23.166 ], [ -64.766, -23.133 ], [ -64.766, -23.099 ], [ -64.766, -23.066 ], [ -64.766, -23.033 ], [ -64.766, -22.999 ], [ -64.799, -22.999 ], [ -64.833, -22.999 ], [ -64.833, -22.966 ], [ -64.833, -22.933 ], [ -64.833, -22.899 ], [ -64.799, -22.899 ], [ -64.799, -22.866 ], [ -64.833, -22.866 ], [ -64.833, -22.833 ], [ -64.833, -22.799 ], [ -64.799, -22.799 ], [ -64.766, -22.799 ], [ -64.766, -22.766 ], [ -64.733, -22.766 ], [ -64.699, -22.766 ], [ -64.699, -22.733 ], [ -64.666, -22.733 ], [ -64.666, -22.766 ], [ -64.666, -22.799 ], [ -64.699, -22.799 ], [ -64.699, -22.833 ], [ -64.733, -22.833 ], [ -64.766, -22.833 ], [ -64.766, -22.866 ], [ -64.766, -22.899 ], [ -64.766, -22.933 ], [ -64.733, -22.933 ], [ -64.733, -22.966 ], [ -64.699, -22.966 ], [ -64.699, -22.999 ], [ -64.666, -22.999 ], [ -64.666, -22.966 ], [ -64.633, -22.966 ], [ -64.599, -22.966 ], [ -64.599, -22.999 ], [ -64.633, -22.999 ], [ -64.633, -23.033 ], [ -64.666, -23.033 ], [ -64.666, -23.066 ], [ -64.699, -23.066 ], [ -64.733, -23.066 ], [ -64.733, -23.099 ], [ -64.733, -23.133 ], [ -64.733, -23.166 ], [ -64.733, -23.199 ], [ -64.733, -23.233 ] ] ], [ [ [ -64.799, -22.733 ], [ -64.833, -22.733 ], [ -64.866, -22.733 ], [ -64.899, -22.733 ], [ -64.899, -22.699 ], [ -64.866, -22.699 ], [ -64.833, -22.699 ], [ -64.799, -22.699 ], [ -64.799, -22.733 ] ] ], [ [ [ -64.799, -22.699 ], [ -64.799, -22.666 ], [ -64.799, -22.633 ], [ -64.833, -22.633 ], [ -64.833, -22.599 ], [ -64.833, -22.566 ], [ -64.799, -22.566 ], [ -64.766, -22.566 ], [ -64.766, -22.533 ], [ -64.766, -22.499 ], [ -64.733, -22.499 ], [ -64.733, -22.533 ], [ -64.699, -22.533 ], [ -64.666, -22.533 ], [ -64.633, -22.533 ], [ -64.599, -22.533 ], [ -64.566, -22.533 ], [ -64.533, -22.533 ], [ -64.533, -22.566 ], [ -64.499, -22.566 ], [ -64.499, -22.599 ], [ -64.533, -22.599 ], [ -64.533, -22.633 ], [ -64.566, -22.633 ], [ -64.566, -22.599 ], [ -64.599, -22.599 ], [ -64.633, -22.599 ], [ -64.666, -22.599 ], [ -64.699, -22.599 ], [ -64.733, -22.599 ], [ -64.766, -22.599 ], [ -64.766, -22.633 ], [ -64.733, -22.633 ], [ -64.733, -22.666 ], [ -64.733, -22.699 ], [ -64.766, -22.699 ], [ -64.799, -22.699 ] ] ], [ [ [ -64.733, -22.499 ], [ -64.733, -22.466 ], [ -64.733, -22.433 ], [ -64.699, -22.433 ], [ -64.699, -22.399 ], [ -64.666, -22.399 ], [ -64.666, -22.433 ], [ -64.666, -22.466 ], [ -64.699, -22.466 ], [ -64.699, -22.499 ], [ -64.733, -22.499 ] ] ], [ [ [ -64.666, -22.399 ], [ -64.666, -22.366 ], [ -64.666, -22.333 ], [ -64.666, -22.299 ], [ -64.666, -22.266 ], [ -64.666, -22.233 ], [ -64.699, -22.233 ], [ -64.733, -22.233 ], [ -64.733, -22.199 ], [ -64.727, -22.194 ], [ -64.726, -22.194 ], [ -64.726, -22.194 ], [ -64.725, -22.194 ], [ -64.725, -22.195 ], [ -64.724, -22.194 ], [ -64.723, -22.194 ], [ -64.723, -22.194 ], [ -64.722, -22.195 ], [ -64.722, -22.195 ], [ -64.722, -22.196 ], [ -64.722, -22.196 ], [ -64.721, -22.196 ], [ -64.721, -22.196 ], [ -64.720, -22.195 ], [ -64.720, -22.195 ], [ -64.719, -22.194 ], [ -64.718, -22.194 ], [ -64.718, -22.194 ], [ -64.718, -22.194 ], [ -64.717, -22.193 ], [ -64.717, -22.193 ], [ -64.717, -22.193 ], [ -64.717, -22.193 ], [ -64.716, -22.192 ], [ -64.716, -22.192 ], [ -64.715, -22.193 ], [ -64.714, -22.193 ], [ -64.714, -22.192 ], [ -64.713, -22.192 ], [ -64.712, -22.192 ], [ -64.712, -22.192 ], [ -64.712, -22.192 ], [ -64.712, -22.191 ], [ -64.712, -22.191 ], [ -64.712, -22.191 ], [ -64.712, -22.190 ], [ -64.712, -22.190 ], [ -64.712, -22.189 ], [ -64.711, -22.189 ], [ -64.711, -22.189 ], [ -64.711, -22.189 ], [ -64.710, -22.189 ], [ -64.710, -22.189 ], [ -64.709, -22.189 ], [ -64.709, -22.189 ], [ -64.708, -22.189 ], [ -64.708, -22.189 ], [ -64.707, -22.189 ], [ -64.707, -22.190 ], [ -64.707, -22.190 ], [ -64.706, -22.190 ], [ -64.705, -22.190 ], [ -64.705, -22.190 ], [ -64.704, -22.190 ], [ -64.704, -22.189 ], [ -64.704, -22.189 ], [ -64.704, -22.189 ], [ -64.703, -22.189 ], [ -64.703, -22.189 ], [ -64.702, -22.189 ], [ -64.701, -22.189 ], [ -64.701, -22.190 ], [ -64.701, -22.190 ], [ -64.700, -22.190 ], [ -64.699, -22.190 ], [ -64.699, -22.190 ], [ -64.698, -22.189 ], [ -64.698, -22.189 ], [ -64.697, -22.188 ], [ -64.696, -22.188 ], [ -64.696, -22.188 ], [ -64.695, -22.188 ], [ -64.694, -22.188 ], [ -64.694, -22.188 ], [ -64.693, -22.188 ], [ -64.693, -22.187 ], [ -64.692, -22.187 ], [ -64.692, -22.187 ], [ -64.691, -22.187 ], [ -64.690, -22.187 ], [ -64.690, -22.187 ], [ -64.689, -22.187 ], [ -64.688, -22.187 ], [ -64.688, -22.186 ], [ -64.688, -22.186 ], [ -64.687, -22.186 ], [ -64.687, -22.187 ], [ -64.687, -22.187 ], [ -64.686, -22.187 ], [ -64.686, -22.186 ], [ -64.685, -22.186 ], [ -64.684, -22.187 ], [ -64.684, -22.186 ], [ -64.683, -22.186 ], [ -64.683, -22.186 ], [ -64.682, -22.186 ], [ -64.681, -22.186 ], [ -64.681, -22.186 ], [ -64.680, -22.187 ], [ -64.680, -22.187 ], [ -64.680, -22.187 ], [ -64.679, -22.187 ], [ -64.679, -22.188 ], [ -64.678, -22.188 ], [ -64.678, -22.188 ], [ -64.677, -22.188 ], [ -64.676, -22.188 ], [ -64.676, -22.188 ], [ -64.676, -22.188 ], [ -64.675, -22.188 ], [ -64.675, -22.188 ], [ -64.674, -22.189 ], [ -64.673, -22.189 ], [ -64.673, -22.189 ], [ -64.672, -22.188 ], [ -64.672, -22.189 ], [ -64.671, -22.189 ], [ -64.670, -22.189 ], [ -64.670, -22.190 ], [ -64.669, -22.190 ], [ -64.669, -22.191 ], [ -64.668, -22.191 ], [ -64.668, -22.192 ], [ -64.667, -22.192 ], [ -64.667, -22.192 ], [ -64.665, -22.192 ], [ -64.665, -22.193 ], [ -64.664, -22.193 ], [ -64.664, -22.193 ], [ -64.664, -22.194 ], [ -64.664, -22.194 ], [ -64.663, -22.194 ], [ -64.663, -22.195 ], [ -64.662, -22.195 ], [ -64.662, -22.196 ], [ -64.661, -22.195 ], [ -64.660, -22.195 ], [ -64.658, -22.195 ], [ -64.658, -22.195 ], [ -64.657, -22.194 ], [ -64.656, -22.194 ], [ -64.655, -22.194 ], [ -64.655, -22.194 ], [ -64.654, -22.193 ], [ -64.654, -22.192 ], [ -64.653, -22.192 ], [ -64.653, -22.191 ], [ -64.653, -22.190 ], [ -64.652, -22.190 ], [ -64.652, -22.190 ], [ -64.651, -22.189 ], [ -64.650, -22.189 ], [ -64.649, -22.190 ], [ -64.649, -22.190 ], [ -64.648, -22.190 ], [ -64.648, -22.191 ], [ -64.647, -22.191 ], [ -64.646, -22.191 ], [ -64.646, -22.192 ], [ -64.645, -22.192 ], [ -64.645, -22.192 ], [ -64.645, -22.192 ], [ -64.644, -22.192 ], [ -64.643, -22.193 ], [ -64.643, -22.193 ], [ -64.642, -22.193 ], [ -64.641, -22.193 ], [ -64.641, -22.193 ], [ -64.640, -22.193 ], [ -64.639, -22.193 ], [ -64.639, -22.193 ], [ -64.638, -22.194 ], [ -64.638, -22.194 ], [ -64.637, -22.195 ], [ -64.637, -22.196 ], [ -64.637, -22.196 ], [ -64.636, -22.196 ], [ -64.636, -22.197 ], [ -64.636, -22.197 ], [ -64.636, -22.198 ], [ -64.635, -22.198 ], [ -64.635, -22.199 ], [ -64.635, -22.199 ], [ -64.635, -22.200 ], [ -64.635, -22.200 ], [ -64.634, -22.200 ], [ -64.634, -22.200 ], [ -64.633, -22.200 ], [ -64.633, -22.201 ], [ -64.632, -22.201 ], [ -64.631, -22.201 ], [ -64.630, -22.202 ], [ -64.630, -22.202 ], [ -64.629, -22.202 ], [ -64.628, -22.202 ], [ -64.627, -22.202 ], [ -64.626, -22.202 ], [ -64.626, -22.203 ], [ -64.626, -22.203 ], [ -64.625, -22.204 ], [ -64.625, -22.204 ], [ -64.625, -22.204 ], [ -64.624, -22.205 ], [ -64.624, -22.205 ], [ -64.624, -22.206 ], [ -64.624, -22.206 ], [ -64.624, -22.206 ], [ -64.624, -22.207 ], [ -64.624, -22.207 ], [ -64.623, -22.207 ], [ -64.623, -22.208 ], [ -64.622, -22.208 ], [ -64.622, -22.208 ], [ -64.622, -22.207 ], [ -64.621, -22.207 ], [ -64.621, -22.206 ], [ -64.620, -22.206 ], [ -64.620, -22.205 ], [ -64.620, -22.205 ], [ -64.620, -22.204 ], [ -64.619, -22.204 ], [ -64.618, -22.204 ], [ -64.618, -22.204 ], [ -64.617, -22.205 ], [ -64.616, -22.205 ], [ -64.616, -22.205 ], [ -64.616, -22.206 ], [ -64.616, -22.206 ], [ -64.616, -22.207 ], [ -64.616, -22.208 ], [ -64.616, -22.208 ], [ -64.616, -22.209 ], [ -64.616, -22.209 ], [ -64.616, -22.210 ], [ -64.617, -22.210 ], [ -64.617, -22.210 ], [ -64.617, -22.210 ], [ -64.617, -22.211 ], [ -64.617, -22.211 ], [ -64.616, -22.212 ], [ -64.616, -22.212 ], [ -64.616, -22.212 ], [ -64.615, -22.213 ], [ -64.615, -22.213 ], [ -64.614, -22.213 ], [ -64.614, -22.214 ], [ -64.613, -22.215 ], [ -64.613, -22.215 ], [ -64.613, -22.216 ], [ -64.613, -22.216 ], [ -64.613, -22.217 ], [ -64.613, -22.217 ], [ -64.612, -22.217 ], [ -64.612, -22.217 ], [ -64.611, -22.217 ], [ -64.611, -22.217 ], [ -64.611, -22.218 ], [ -64.610, -22.218 ], [ -64.610, -22.218 ], [ -64.610, -22.219 ], [ -64.609, -22.219 ], [ -64.609, -22.220 ], [ -64.608, -22.220 ], [ -64.608, -22.220 ], [ -64.607, -22.220 ], [ -64.607, -22.221 ], [ -64.607, -22.221 ], [ -64.606, -22.222 ], [ -64.606, -22.222 ], [ -64.606, -22.222 ], [ -64.605, -22.223 ], [ -64.605, -22.223 ], [ -64.604, -22.224 ], [ -64.603, -22.225 ], [ -64.602, -22.226 ], [ -64.602, -22.226 ], [ -64.601, -22.226 ], [ -64.601, -22.227 ], [ -64.601, -22.227 ], [ -64.601, -22.228 ], [ -64.601, -22.229 ], [ -64.601, -22.229 ], [ -64.601, -22.230 ], [ -64.601, -22.230 ], [ -64.601, -22.231 ], [ -64.600, -22.231 ], [ -64.600, -22.231 ], [ -64.599, -22.232 ], [ -64.599, -22.232 ], [ -64.599, -22.233 ], [ -64.633, -22.233 ], [ -64.633, -22.266 ], [ -64.633, -22.299 ], [ -64.633, -22.333 ], [ -64.633, -22.366 ], [ -64.633, -22.399 ], [ -64.666, -22.399 ] ] ], [ [ [ -63.705, -22.013 ], [ -63.705, -22.013 ], [ -63.704, -22.013 ], [ -63.704, -22.014 ], [ -63.703, -22.014 ], [ -63.703, -22.014 ], [ -63.702, -22.014 ], [ -63.702, -22.014 ], [ -63.702, -22.015 ], [ -63.702, -22.015 ], [ -63.701, -22.015 ], [ -63.700, -22.015 ], [ -63.700, -22.015 ], [ -63.700, -22.014 ], [ -63.699, -22.013 ], [ -63.699, -22.014 ], [ -63.698, -22.014 ], [ -63.698, -22.014 ], [ -63.698, -22.013 ], [ -63.698, -22.013 ], [ -63.697, -22.012 ], [ -63.696, -22.013 ], [ -63.695, -22.013 ], [ -63.695, -22.012 ], [ -63.694, -22.012 ], [ -63.693, -22.012 ], [ -63.692, -22.012 ], [ -63.691, -22.012 ], [ -63.691, -22.012 ], [ -63.691, -22.011 ], [ -63.690, -22.011 ], [ -63.690, -22.011 ], [ -63.689, -22.011 ], [ -63.689, -22.011 ], [ -63.689, -22.011 ], [ -63.688, -22.011 ], [ -63.688, -22.011 ], [ -63.688, -22.012 ], [ -63.688, -22.013 ], [ -63.688, -22.013 ], [ -63.688, -22.013 ], [ -63.689, -22.014 ], [ -63.689, -22.014 ], [ -63.689, -22.014 ], [ -63.689, -22.015 ], [ -63.688, -22.015 ], [ -63.688, -22.015 ], [ -63.688, -22.016 ], [ -63.689, -22.016 ], [ -63.689, -22.016 ], [ -63.689, -22.017 ], [ -63.688, -22.017 ], [ -63.688, -22.017 ], [ -63.688, -22.017 ], [ -63.687, -22.018 ], [ -63.687, -22.018 ], [ -63.687, -22.018 ], [ -63.687, -22.019 ], [ -63.687, -22.019 ], [ -63.687, -22.020 ], [ -63.687, -22.020 ], [ -63.687, -22.020 ], [ -63.688, -22.021 ], [ -63.688, -22.021 ], [ -63.688, -22.021 ], [ -63.687, -22.021 ], [ -63.687, -22.021 ], [ -63.687, -22.021 ], [ -63.687, -22.022 ], [ -63.687, -22.022 ], [ -63.687, -22.022 ], [ -63.687, -22.023 ], [ -63.687, -22.023 ], [ -63.687, -22.023 ], [ -63.688, -22.023 ], [ -63.687, -22.023 ], [ -63.687, -22.023 ], [ -63.687, -22.023 ], [ -63.686, -22.023 ], [ -63.687, -22.024 ], [ -63.687, -22.024 ], [ -63.687, -22.024 ], [ -63.687, -22.025 ], [ -63.687, -22.025 ], [ -63.687, -22.025 ], [ -63.686, -22.025 ], [ -63.685, -22.026 ], [ -63.685, -22.026 ], [ -63.685, -22.027 ], [ -63.685, -22.027 ], [ -63.685, -22.027 ], [ -63.685, -22.028 ], [ -63.684, -22.028 ], [ -63.684, -22.028 ], [ -63.683, -22.028 ], [ -63.683, -22.029 ], [ -63.683, -22.029 ], [ -63.683, -22.030 ], [ -63.683, -22.033 ], [ -63.683, -22.033 ], [ -63.684, -22.033 ], [ -63.684, -22.034 ], [ -63.684, -22.034 ], [ -63.685, -22.034 ], [ -63.685, -22.034 ], [ -63.685, -22.034 ], [ -63.685, -22.035 ], [ -63.685, -22.035 ], [ -63.685, -22.036 ], [ -63.685, -22.036 ], [ -63.685, -22.036 ], [ -63.685, -22.037 ], [ -63.685, -22.037 ], [ -63.685, -22.038 ], [ -63.685, -22.038 ], [ -63.686, -22.038 ], [ -63.686, -22.038 ], [ -63.686, -22.039 ], [ -63.686, -22.039 ], [ -63.686, -22.039 ], [ -63.686, -22.039 ], [ -63.686, -22.040 ], [ -63.686, -22.040 ], [ -63.686, -22.040 ], [ -63.685, -22.041 ], [ -63.685, -22.042 ], [ -63.685, -22.042 ], [ -63.685, -22.042 ], [ -63.685, -22.043 ], [ -63.685, -22.043 ], [ -63.684, -22.043 ], [ -63.684, -22.043 ], [ -63.684, -22.043 ], [ -63.684, -22.044 ], [ -63.684, -22.044 ], [ -63.684, -22.044 ], [ -63.685, -22.044 ], [ -63.684, -22.045 ], [ -63.684, -22.045 ], [ -63.684, -22.045 ], [ -63.684, -22.045 ], [ -63.684, -22.046 ], [ -63.684, -22.046 ], [ -63.684, -22.046 ], [ -63.684, -22.046 ], [ -63.684, -22.046 ], [ -63.684, -22.047 ], [ -63.684, -22.047 ], [ -63.684, -22.047 ], [ -63.684, -22.047 ], [ -63.683, -22.047 ], [ -63.683, -22.048 ], [ -63.683, -22.048 ], [ -63.684, -22.048 ], [ -63.684, -22.049 ], [ -63.684, -22.049 ], [ -63.684, -22.049 ], [ -63.683, -22.049 ], [ -63.683, -22.049 ], [ -63.683, -22.050 ], [ -63.683, -22.050 ], [ -63.699, -22.066 ], [ -63.733, -22.066 ], [ -63.766, -22.066 ], [ -63.766, -22.033 ], [ -63.799, -22.033 ], [ -63.799, -21.999 ], [ -63.770, -21.999 ], [ -63.748, -22.000 ], [ -63.709, -22.000 ], [ -63.708, -22.000 ], [ -63.708, -22.001 ], [ -63.709, -22.002 ], [ -63.709, -22.003 ], [ -63.709, -22.004 ], [ -63.709, -22.005 ], [ -63.708, -22.005 ], [ -63.708, -22.005 ], [ -63.707, -22.006 ], [ -63.707, -22.006 ], [ -63.707, -22.007 ], [ -63.707, -22.008 ], [ -63.706, -22.008 ], [ -63.706, -22.008 ], [ -63.705, -22.009 ], [ -63.705, -22.010 ], [ -63.705, -22.010 ], [ -63.706, -22.011 ], [ -63.706, -22.011 ], [ -63.706, -22.012 ], [ -63.705, -22.012 ], [ -63.705, -22.012 ], [ -63.705, -22.013 ], [ -63.705, -22.013 ] ] ] ] } }
]
}
