{
"type": "FeatureCollection",
                                                                                                                                  
"features": [
{ "type": "Feature", "properties": { "pm_icon": "AR_5a", "hzs": "5a" }, "geometry": { "type": "MultiPolygon", "coordinates": [ [ [ [ -73.266, -50.599 ], [ -73.277, -50.611 ], [ -73.278, -50.610 ], [ -73.279, -50.602 ], [ -73.281, -50.598 ], [ -73.284, -50.593 ], [ -73.285, -50.591 ], [ -73.287, -50.588 ], [ -73.288, -50.585 ], [ -73.294, -50.581 ], [ -73.296, -50.577 ], [ -73.297, -50.575 ], [ -73.299, -50.574 ], [ -73.303, -50.572 ], [ -73.305, -50.572 ], [ -73.299, -50.566 ], [ -73.299, -50.533 ], [ -73.299, -50.499 ], [ -73.266, -50.499 ], [ -73.266, -50.533 ], [ -73.266, -50.566 ], [ -73.266, -50.599 ] ] ], [ [ [ -73.333, -50.466 ], [ -73.333, -50.499 ], [ -73.365, -50.499 ], [ -73.365, -50.499 ], [ -73.364, -50.496 ], [ -73.363, -50.493 ], [ -73.363, -50.492 ], [ -73.363, -50.489 ], [ -73.364, -50.487 ], [ -73.366, -50.487 ], [ -73.375, -50.486 ], [ -73.382, -50.485 ], [ -73.392, -50.485 ], [ -73.397, -50.484 ], [ -73.399, -50.485 ], [ -73.399, -50.466 ], [ -73.366, -50.466 ], [ -73.333, -50.466 ] ] ], [ [ [ -73.466, -50.033 ], [ -73.499, -50.033 ], [ -73.499, -49.999 ], [ -73.466, -49.999 ], [ -73.466, -50.033 ] ] ], [ [ [ -72.966, -49.999 ], [ -72.999, -49.999 ], [ -72.999, -49.966 ], [ -72.966, -49.966 ], [ -72.933, -49.966 ], [ -72.933, -49.999 ], [ -72.966, -49.999 ] ] ], [ [ [ -73.433, -49.933 ], [ -73.466, -49.933 ], [ -73.466, -49.899 ], [ -73.466, -49.866 ], [ -73.433, -49.866 ], [ -73.433, -49.899 ], [ -73.433, -49.933 ] ] ], [ [ [ -72.266, -47.933 ], [ -72.299, -47.933 ], [ -72.299, -47.899 ], [ -72.266, -47.899 ], [ -72.266, -47.933 ] ] ], [ [ [ -72.333, -47.633 ], [ -72.333, -47.666 ], [ -72.366, -47.666 ], [ -72.366, -47.636 ], [ -72.364, -47.636 ], [ -72.364, -47.636 ], [ -72.362, -47.636 ], [ -72.361, -47.638 ], [ -72.360, -47.638 ], [ -72.359, -47.639 ], [ -72.358, -47.640 ], [ -72.358, -47.640 ], [ -72.357, -47.640 ], [ -72.357, -47.639 ], [ -72.356, -47.639 ], [ -72.355, -47.639 ], [ -72.353, -47.638 ], [ -72.351, -47.637 ], [ -72.350, -47.635 ], [ -72.349, -47.635 ], [ -72.348, -47.634 ], [ -72.348, -47.634 ], [ -72.347, -47.633 ], [ -72.346, -47.633 ], [ -72.345, -47.632 ], [ -72.344, -47.631 ], [ -72.343, -47.631 ], [ -72.342, -47.630 ], [ -72.342, -47.629 ], [ -72.342, -47.628 ], [ -72.341, -47.626 ], [ -72.341, -47.625 ], [ -72.341, -47.625 ], [ -72.333, -47.633 ] ] ], [ [ [ -72.233, -47.633 ], [ -72.266, -47.633 ], [ -72.266, -47.599 ], [ -72.233, -47.599 ], [ -72.233, -47.633 ] ] ], [ [ [ -71.666, -47.066 ], [ -71.699, -47.066 ], [ -71.699, -47.033 ], [ -71.666, -47.033 ], [ -71.666, -47.066 ] ] ], [ [ [ -70.033, -37.233 ], [ -70.066, -37.233 ], [ -70.066, -37.199 ], [ -70.033, -37.199 ], [ -70.033, -37.166 ], [ -69.999, -37.166 ], [ -69.999, -37.199 ], [ -69.999, -37.233 ], [ -70.033, -37.233 ] ] ], [ [ [ -70.066, -37.166 ], [ -70.099, -37.166 ], [ -70.099, -37.133 ], [ -70.066, -37.133 ], [ -70.066, -37.166 ] ] ], [ [ [ -69.999, -37.133 ], [ -70.033, -37.133 ], [ -70.033, -37.099 ], [ -69.999, -37.099 ], [ -69.999, -37.133 ] ] ], [ [ [ -70.099, -37.066 ], [ -70.133, -37.066 ], [ -70.133, -37.033 ], [ -70.099, -37.033 ], [ -70.099, -37.066 ] ] ], [ [ [ -70.233, -36.899 ], [ -70.266, -36.899 ], [ -70.266, -36.866 ], [ -70.233, -36.866 ], [ -70.233, -36.899 ] ] ], [ [ [ -70.266, -36.766 ], [ -70.233, -36.766 ], [ -70.233, -36.799 ], [ -70.266, -36.799 ], [ -70.266, -36.766 ] ] ], [ [ [ -70.233, -36.766 ], [ -70.233, -36.733 ], [ -70.199, -36.733 ], [ -70.199, -36.766 ], [ -70.233, -36.766 ] ] ], [ [ [ -70.399, -36.733 ], [ -70.433, -36.733 ], [ -70.433, -36.699 ], [ -70.399, -36.699 ], [ -70.399, -36.733 ] ] ], [ [ [ -70.266, -36.766 ], [ -70.299, -36.766 ], [ -70.333, -36.766 ], [ -70.333, -36.733 ], [ -70.366, -36.733 ], [ -70.366, -36.699 ], [ -70.333, -36.699 ], [ -70.299, -36.699 ], [ -70.266, -36.699 ], [ -70.266, -36.733 ], [ -70.266, -36.766 ] ] ], [ [ [ -70.466, -36.699 ], [ -70.499, -36.699 ], [ -70.499, -36.666 ], [ -70.466, -36.666 ], [ -70.466, -36.699 ] ] ], [ [ [ -70.366, -36.666 ], [ -70.399, -36.666 ], [ -70.399, -36.633 ], [ -70.366, -36.633 ], [ -70.366, -36.666 ] ] ], [ [ [ -70.266, -36.633 ], [ -70.233, -36.633 ], [ -70.233, -36.666 ], [ -70.266, -36.666 ], [ -70.266, -36.633 ] ] ], [ [ [ -70.266, -36.633 ], [ -70.299, -36.633 ], [ -70.299, -36.666 ], [ -70.333, -36.666 ], [ -70.333, -36.633 ], [ -70.333, -36.599 ], [ -70.366, -36.599 ], [ -70.399, -36.599 ], [ -70.399, -36.566 ], [ -70.366, -36.566 ], [ -70.333, -36.566 ], [ -70.299, -36.566 ], [ -70.299, -36.599 ], [ -70.266, -36.599 ], [ -70.266, -36.633 ] ] ], [ [ [ -70.199, -36.599 ], [ -70.233, -36.599 ], [ -70.233, -36.566 ], [ -70.199, -36.566 ], [ -70.199, -36.599 ] ] ], [ [ [ -70.399, -36.566 ], [ -70.433, -36.566 ], [ -70.433, -36.599 ], [ -70.466, -36.599 ], [ -70.499, -36.599 ], [ -70.533, -36.599 ], [ -70.533, -36.566 ], [ -70.533, -36.533 ], [ -70.499, -36.533 ], [ -70.499, -36.566 ], [ -70.466, -36.566 ], [ -70.466, -36.533 ], [ -70.433, -36.533 ], [ -70.399, -36.533 ], [ -70.399, -36.566 ] ] ], [ [ [ -69.266, -36.433 ], [ -69.233, -36.433 ], [ -69.199, -36.433 ], [ -69.166, -36.433 ], [ -69.166, -36.466 ], [ -69.199, -36.466 ], [ -69.233, -36.466 ], [ -69.266, -36.466 ], [ -69.266, -36.433 ] ] ], [ [ [ -70.366, -36.466 ], [ -70.399, -36.466 ], [ -70.399, -36.433 ], [ -70.399, -36.399 ], [ -70.366, -36.399 ], [ -70.366, -36.433 ], [ -70.366, -36.466 ] ] ], [ [ [ -69.966, -36.466 ], [ -69.966, -36.499 ], [ -69.999, -36.499 ], [ -69.999, -36.466 ], [ -70.033, -36.466 ], [ -70.033, -36.433 ], [ -69.999, -36.433 ], [ -69.966, -36.433 ], [ -69.966, -36.399 ], [ -69.933, -36.399 ], [ -69.933, -36.433 ], [ -69.933, -36.466 ], [ -69.966, -36.466 ] ] ], [ [ [ -69.266, -36.433 ], [ -69.299, -36.433 ], [ -69.299, -36.399 ], [ -69.266, -36.399 ], [ -69.266, -36.433 ] ] ], [ [ [ -70.499, -36.366 ], [ -70.499, -36.399 ], [ -70.533, -36.399 ], [ -70.533, -36.366 ], [ -70.499, -36.366 ] ] ], [ [ [ -69.266, -36.399 ], [ -69.266, -36.366 ], [ -69.233, -36.366 ], [ -69.199, -36.366 ], [ -69.166, -36.366 ], [ -69.133, -36.366 ], [ -69.099, -36.366 ], [ -69.099, -36.399 ], [ -69.133, -36.399 ], [ -69.166, -36.399 ], [ -69.199, -36.399 ], [ -69.233, -36.399 ], [ -69.266, -36.399 ] ] ], [ [ [ -70.499, -36.366 ], [ -70.499, -36.333 ], [ -70.466, -36.333 ], [ -70.433, -36.333 ], [ -70.399, -36.333 ], [ -70.399, -36.366 ], [ -70.433, -36.366 ], [ -70.433, -36.399 ], [ -70.466, -36.399 ], [ -70.466, -36.366 ], [ -70.499, -36.366 ] ] ], [ [ [ -70.133, -36.299 ], [ -70.099, -36.299 ], [ -70.099, -36.333 ], [ -70.133, -36.333 ], [ -70.133, -36.299 ] ] ], [ [ [ -70.433, -36.299 ], [ -70.466, -36.299 ], [ -70.466, -36.266 ], [ -70.433, -36.266 ], [ -70.433, -36.299 ] ] ], [ [ [ -70.133, -36.299 ], [ -70.166, -36.299 ], [ -70.166, -36.266 ], [ -70.133, -36.266 ], [ -70.133, -36.299 ] ] ], [ [ [ -70.066, -36.266 ], [ -70.033, -36.266 ], [ -70.033, -36.299 ], [ -70.066, -36.299 ], [ -70.066, -36.266 ] ] ], [ [ [ -70.499, -36.299 ], [ -70.533, -36.299 ], [ -70.533, -36.266 ], [ -70.533, -36.233 ], [ -70.499, -36.233 ], [ -70.499, -36.266 ], [ -70.499, -36.299 ] ] ], [ [ [ -70.066, -36.266 ], [ -70.099, -36.266 ], [ -70.133, -36.266 ], [ -70.133, -36.233 ], [ -70.099, -36.233 ], [ -70.066, -36.233 ], [ -70.066, -36.266 ] ] ], [ [ [ -70.133, -36.233 ], [ -70.166, -36.233 ], [ -70.199, -36.233 ], [ -70.199, -36.199 ], [ -70.166, -36.199 ], [ -70.133, -36.199 ], [ -70.133, -36.233 ] ] ], [ [ [ -70.133, -36.199 ], [ -70.133, -36.166 ], [ -70.099, -36.166 ], [ -70.099, -36.199 ], [ -70.133, -36.199 ] ] ], [ [ [ -70.199, -36.133 ], [ -70.199, -36.166 ], [ -70.233, -36.166 ], [ -70.233, -36.133 ], [ -70.199, -36.133 ] ] ], [ [ [ -70.133, -36.166 ], [ -70.166, -36.166 ], [ -70.166, -36.133 ], [ -70.133, -36.133 ], [ -70.133, -36.166 ] ] ], [ [ [ -70.166, -36.133 ], [ -70.199, -36.133 ], [ -70.199, -36.099 ], [ -70.199, -36.066 ], [ -70.233, -36.066 ], [ -70.233, -36.033 ], [ -70.199, -36.033 ], [ -70.166, -36.033 ], [ -70.166, -36.066 ], [ -70.133, -36.066 ], [ -70.133, -36.099 ], [ -70.166, -36.099 ], [ -70.166, -36.133 ] ] ], [ [ [ -70.381, -36.018 ], [ -70.366, -36.033 ], [ -70.333, -36.033 ], [ -70.333, -36.066 ], [ -70.366, -36.066 ], [ -70.399, -36.066 ], [ -70.399, -36.099 ], [ -70.416, -36.099 ], [ -70.418, -36.093 ], [ -70.420, -36.088 ], [ -70.419, -36.085 ], [ -70.419, -36.082 ], [ -70.416, -36.080 ], [ -70.417, -36.073 ], [ -70.416, -36.069 ], [ -70.413, -36.064 ], [ -70.412, -36.063 ], [ -70.411, -36.058 ], [ -70.409, -36.055 ], [ -70.406, -36.053 ], [ -70.402, -36.051 ], [ -70.399, -36.051 ], [ -70.398, -36.052 ], [ -70.391, -36.054 ], [ -70.387, -36.052 ], [ -70.385, -36.047 ], [ -70.381, -36.045 ], [ -70.375, -36.044 ], [ -70.373, -36.040 ], [ -70.375, -36.035 ], [ -70.376, -36.028 ], [ -70.381, -36.019 ], [ -70.381, -36.018 ] ] ], [ [ [ -70.366, -35.933 ], [ -70.333, -35.933 ], [ -70.333, -35.966 ], [ -70.366, -35.966 ], [ -70.366, -35.933 ] ] ], [ [ [ -70.133, -35.933 ], [ -70.166, -35.933 ], [ -70.166, -35.899 ], [ -70.133, -35.899 ], [ -70.133, -35.933 ] ] ], [ [ [ -70.366, -35.933 ], [ -70.379, -35.933 ], [ -70.378, -35.932 ], [ -70.372, -35.929 ], [ -70.369, -35.926 ], [ -70.367, -35.923 ], [ -70.373, -35.922 ], [ -70.378, -35.922 ], [ -70.383, -35.922 ], [ -70.386, -35.923 ], [ -70.391, -35.922 ], [ -70.396, -35.922 ], [ -70.400, -35.922 ], [ -70.404, -35.922 ], [ -70.408, -35.922 ], [ -70.410, -35.922 ], [ -70.411, -35.919 ], [ -70.413, -35.917 ], [ -70.419, -35.916 ], [ -70.423, -35.915 ], [ -70.425, -35.911 ], [ -70.425, -35.906 ], [ -70.425, -35.901 ], [ -70.423, -35.898 ], [ -70.423, -35.894 ], [ -70.423, -35.890 ], [ -70.422, -35.887 ], [ -70.420, -35.884 ], [ -70.420, -35.880 ], [ -70.421, -35.876 ], [ -70.420, -35.874 ], [ -70.416, -35.872 ], [ -70.411, -35.870 ], [ -70.406, -35.867 ], [ -70.403, -35.866 ], [ -70.399, -35.866 ], [ -70.399, -35.899 ], [ -70.366, -35.899 ], [ -70.366, -35.933 ] ] ], [ [ [ -70.266, -35.866 ], [ -70.299, -35.866 ], [ -70.299, -35.833 ], [ -70.266, -35.833 ], [ -70.266, -35.866 ] ] ], [ [ [ -69.933, -35.699 ], [ -69.933, -35.733 ], [ -69.966, -35.733 ], [ -69.966, -35.699 ], [ -69.933, -35.699 ] ] ], [ [ [ -69.933, -35.699 ], [ -69.933, -35.666 ], [ -69.899, -35.666 ], [ -69.899, -35.699 ], [ -69.933, -35.699 ] ] ], [ [ [ -70.366, -35.666 ], [ -70.403, -35.666 ], [ -70.403, -35.664 ], [ -70.404, -35.661 ], [ -70.405, -35.659 ], [ -70.407, -35.657 ], [ -70.409, -35.654 ], [ -70.408, -35.651 ], [ -70.408, -35.649 ], [ -70.410, -35.646 ], [ -70.412, -35.645 ], [ -70.413, -35.645 ], [ -70.415, -35.644 ], [ -70.416, -35.644 ], [ -70.418, -35.643 ], [ -70.421, -35.641 ], [ -70.423, -35.640 ], [ -70.423, -35.638 ], [ -70.422, -35.637 ], [ -70.420, -35.634 ], [ -70.420, -35.633 ], [ -70.366, -35.633 ], [ -70.366, -35.666 ] ] ], [ [ [ -70.299, -35.666 ], [ -70.333, -35.666 ], [ -70.333, -35.633 ], [ -70.299, -35.633 ], [ -70.266, -35.633 ], [ -70.266, -35.666 ], [ -70.299, -35.666 ] ] ], [ [ [ -69.999, -35.666 ], [ -70.033, -35.666 ], [ -70.033, -35.633 ], [ -69.999, -35.633 ], [ -69.999, -35.666 ] ] ], [ [ [ -68.499, -35.566 ], [ -68.499, -35.599 ], [ -68.533, -35.599 ], [ -68.533, -35.566 ], [ -68.499, -35.566 ] ] ], [ [ [ -68.466, -35.566 ], [ -68.433, -35.566 ], [ -68.433, -35.599 ], [ -68.466, -35.599 ], [ -68.466, -35.566 ] ] ], [ [ [ -70.403, -35.566 ], [ -70.366, -35.566 ], [ -70.333, -35.566 ], [ -70.333, -35.599 ], [ -70.366, -35.599 ], [ -70.388, -35.599 ], [ -70.388, -35.599 ], [ -70.391, -35.596 ], [ -70.394, -35.593 ], [ -70.396, -35.590 ], [ -70.397, -35.586 ], [ -70.398, -35.583 ], [ -70.398, -35.579 ], [ -70.398, -35.575 ], [ -70.399, -35.572 ], [ -70.401, -35.569 ], [ -70.403, -35.566 ] ] ], [ [ [ -68.466, -35.566 ], [ -68.499, -35.566 ], [ -68.499, -35.533 ], [ -68.466, -35.533 ], [ -68.466, -35.566 ] ] ], [ [ [ -70.366, -35.466 ], [ -70.366, -35.499 ], [ -70.333, -35.499 ], [ -70.333, -35.533 ], [ -70.366, -35.533 ], [ -70.410, -35.533 ], [ -70.411, -35.532 ], [ -70.412, -35.529 ], [ -70.411, -35.527 ], [ -70.409, -35.525 ], [ -70.405, -35.524 ], [ -70.400, -35.524 ], [ -70.397, -35.521 ], [ -70.394, -35.518 ], [ -70.392, -35.516 ], [ -70.392, -35.514 ], [ -70.394, -35.511 ], [ -70.397, -35.509 ], [ -70.398, -35.507 ], [ -70.397, -35.506 ], [ -70.396, -35.503 ], [ -70.396, -35.501 ], [ -70.397, -35.499 ], [ -70.401, -35.496 ], [ -70.406, -35.494 ], [ -70.413, -35.491 ], [ -70.420, -35.486 ], [ -70.424, -35.483 ], [ -70.428, -35.478 ], [ -70.430, -35.473 ], [ -70.433, -35.468 ], [ -70.435, -35.466 ], [ -70.399, -35.466 ], [ -70.366, -35.466 ] ] ], [ [ [ -70.066, -35.499 ], [ -70.099, -35.499 ], [ -70.099, -35.466 ], [ -70.066, -35.466 ], [ -70.066, -35.499 ] ] ], [ [ [ -69.966, -35.466 ], [ -69.933, -35.466 ], [ -69.933, -35.499 ], [ -69.933, -35.533 ], [ -69.966, -35.533 ], [ -69.999, -35.533 ], [ -69.999, -35.499 ], [ -69.966, -35.499 ], [ -69.966, -35.466 ] ] ], [ [ [ -69.966, -35.466 ], [ -69.999, -35.466 ], [ -70.033, -35.466 ], [ -70.033, -35.433 ], [ -69.999, -35.433 ], [ -69.966, -35.433 ], [ -69.966, -35.466 ] ] ], [ [ [ -70.333, -35.399 ], [ -70.299, -35.399 ], [ -70.299, -35.433 ], [ -70.333, -35.433 ], [ -70.333, -35.399 ] ] ], [ [ [ -69.966, -35.433 ], [ -69.966, -35.399 ], [ -69.933, -35.399 ], [ -69.933, -35.433 ], [ -69.966, -35.433 ] ] ], [ [ [ -69.999, -35.399 ], [ -70.033, -35.399 ], [ -70.033, -35.366 ], [ -69.999, -35.366 ], [ -69.999, -35.399 ] ] ], [ [ [ -70.333, -35.399 ], [ -70.366, -35.399 ], [ -70.399, -35.399 ], [ -70.450, -35.399 ], [ -70.453, -35.396 ], [ -70.452, -35.395 ], [ -70.451, -35.394 ], [ -70.450, -35.393 ], [ -70.448, -35.392 ], [ -70.448, -35.390 ], [ -70.448, -35.387 ], [ -70.446, -35.385 ], [ -70.440, -35.382 ], [ -70.436, -35.379 ], [ -70.434, -35.378 ], [ -70.432, -35.378 ], [ -70.430, -35.378 ], [ -70.428, -35.376 ], [ -70.427, -35.373 ], [ -70.425, -35.372 ], [ -70.423, -35.371 ], [ -70.422, -35.369 ], [ -70.423, -35.367 ], [ -70.425, -35.365 ], [ -70.424, -35.362 ], [ -70.422, -35.360 ], [ -70.421, -35.358 ], [ -70.418, -35.354 ], [ -70.419, -35.351 ], [ -70.420, -35.349 ], [ -70.426, -35.348 ], [ -70.428, -35.347 ], [ -70.429, -35.344 ], [ -70.428, -35.342 ], [ -70.429, -35.340 ], [ -70.432, -35.337 ], [ -70.434, -35.334 ], [ -70.434, -35.333 ], [ -70.399, -35.333 ], [ -70.399, -35.366 ], [ -70.366, -35.366 ], [ -70.333, -35.366 ], [ -70.333, -35.399 ] ] ], [ [ [ -70.133, -35.333 ], [ -70.099, -35.333 ], [ -70.099, -35.366 ], [ -70.066, -35.366 ], [ -70.066, -35.399 ], [ -70.066, -35.433 ], [ -70.099, -35.433 ], [ -70.133, -35.433 ], [ -70.133, -35.399 ], [ -70.133, -35.366 ], [ -70.133, -35.333 ] ] ], [ [ [ -69.933, -35.366 ], [ -69.966, -35.366 ], [ -69.966, -35.333 ], [ -69.933, -35.333 ], [ -69.899, -35.333 ], [ -69.866, -35.333 ], [ -69.866, -35.366 ], [ -69.899, -35.366 ], [ -69.933, -35.366 ] ] ], [ [ [ -70.457, -35.319 ], [ -70.459, -35.320 ], [ -70.462, -35.319 ], [ -70.464, -35.317 ], [ -70.465, -35.314 ], [ -70.466, -35.313 ], [ -70.466, -35.266 ], [ -70.433, -35.266 ], [ -70.433, -35.299 ], [ -70.448, -35.315 ], [ -70.450, -35.315 ], [ -70.453, -35.316 ], [ -70.457, -35.319 ] ] ], [ [ [ -70.166, -35.266 ], [ -70.166, -35.299 ], [ -70.133, -35.299 ], [ -70.133, -35.333 ], [ -70.166, -35.333 ], [ -70.199, -35.333 ], [ -70.199, -35.366 ], [ -70.233, -35.366 ], [ -70.233, -35.333 ], [ -70.266, -35.333 ], [ -70.266, -35.299 ], [ -70.266, -35.266 ], [ -70.233, -35.266 ], [ -70.233, -35.233 ], [ -70.199, -35.233 ], [ -70.199, -35.266 ], [ -70.166, -35.266 ] ] ], [ [ [ -70.166, -35.266 ], [ -70.166, -35.233 ], [ -70.133, -35.233 ], [ -70.099, -35.233 ], [ -70.066, -35.233 ], [ -70.033, -35.233 ], [ -70.033, -35.266 ], [ -70.066, -35.266 ], [ -70.066, -35.299 ], [ -70.099, -35.299 ], [ -70.099, -35.266 ], [ -70.133, -35.266 ], [ -70.166, -35.266 ] ] ], [ [ [ -69.866, -35.299 ], [ -69.899, -35.299 ], [ -69.899, -35.266 ], [ -69.899, -35.233 ], [ -69.866, -35.233 ], [ -69.866, -35.266 ], [ -69.866, -35.299 ] ] ], [ [ [ -70.451, -35.194 ], [ -70.449, -35.195 ], [ -70.447, -35.194 ], [ -70.443, -35.194 ], [ -70.442, -35.193 ], [ -70.440, -35.194 ], [ -70.439, -35.193 ], [ -70.433, -35.199 ], [ -70.433, -35.233 ], [ -70.466, -35.233 ], [ -70.499, -35.233 ], [ -70.499, -35.202 ], [ -70.495, -35.203 ], [ -70.489, -35.202 ], [ -70.485, -35.202 ], [ -70.482, -35.203 ], [ -70.478, -35.203 ], [ -70.474, -35.203 ], [ -70.470, -35.202 ], [ -70.467, -35.199 ], [ -70.465, -35.198 ], [ -70.463, -35.198 ], [ -70.461, -35.198 ], [ -70.460, -35.195 ], [ -70.457, -35.192 ], [ -70.455, -35.190 ], [ -70.454, -35.189 ], [ -70.453, -35.191 ], [ -70.452, -35.193 ], [ -70.451, -35.194 ] ] ], [ [ [ -70.166, -35.233 ], [ -70.199, -35.233 ], [ -70.199, -35.199 ], [ -70.199, -35.166 ], [ -70.166, -35.166 ], [ -70.166, -35.199 ], [ -70.166, -35.233 ] ] ], [ [ [ -70.333, -35.099 ], [ -70.333, -35.133 ], [ -70.299, -35.133 ], [ -70.299, -35.166 ], [ -70.333, -35.166 ], [ -70.366, -35.166 ], [ -70.366, -35.199 ], [ -70.399, -35.199 ], [ -70.399, -35.177 ], [ -70.399, -35.176 ], [ -70.394, -35.174 ], [ -70.390, -35.172 ], [ -70.387, -35.170 ], [ -70.384, -35.171 ], [ -70.379, -35.173 ], [ -70.376, -35.172 ], [ -70.375, -35.169 ], [ -70.376, -35.165 ], [ -70.375, -35.162 ], [ -70.374, -35.159 ], [ -70.371, -35.156 ], [ -70.370, -35.153 ], [ -70.371, -35.150 ], [ -70.369, -35.148 ], [ -70.366, -35.144 ], [ -70.363, -35.139 ], [ -70.362, -35.136 ], [ -70.361, -35.133 ], [ -70.364, -35.128 ], [ -70.367, -35.125 ], [ -70.368, -35.120 ], [ -70.369, -35.115 ], [ -70.370, -35.111 ], [ -70.368, -35.108 ], [ -70.364, -35.105 ], [ -70.361, -35.101 ], [ -70.360, -35.099 ], [ -70.333, -35.099 ] ] ], [ [ [ -70.333, -35.099 ], [ -70.333, -35.066 ], [ -70.299, -35.066 ], [ -70.299, -35.099 ], [ -70.333, -35.099 ] ] ], [ [ [ -70.099, -35.133 ], [ -70.099, -35.166 ], [ -70.099, -35.199 ], [ -70.133, -35.199 ], [ -70.133, -35.166 ], [ -70.133, -35.133 ], [ -70.166, -35.133 ], [ -70.166, -35.099 ], [ -70.133, -35.099 ], [ -70.133, -35.066 ], [ -70.099, -35.066 ], [ -70.099, -35.099 ], [ -70.099, -35.133 ] ] ], [ [ [ -69.933, -35.066 ], [ -69.933, -35.099 ], [ -69.966, -35.099 ], [ -69.966, -35.066 ], [ -69.933, -35.066 ] ] ], [ [ [ -69.899, -35.066 ], [ -69.866, -35.066 ], [ -69.866, -35.099 ], [ -69.899, -35.099 ], [ -69.899, -35.066 ] ] ], [ [ [ -69.899, -35.066 ], [ -69.933, -35.066 ], [ -69.933, -35.033 ], [ -69.899, -35.033 ], [ -69.899, -35.066 ] ] ], [ [ [ -70.266, -35.033 ], [ -70.299, -35.033 ], [ -70.299, -34.999 ], [ -70.266, -34.999 ], [ -70.266, -35.033 ] ] ], [ [ [ -69.933, -34.899 ], [ -69.899, -34.899 ], [ -69.899, -34.933 ], [ -69.899, -34.966 ], [ -69.899, -34.999 ], [ -69.933, -34.999 ], [ -69.933, -34.966 ], [ -69.933, -34.933 ], [ -69.933, -34.899 ] ] ], [ [ [ -70.133, -34.866 ], [ -70.133, -34.899 ], [ -70.099, -34.899 ], [ -70.099, -34.933 ], [ -70.133, -34.933 ], [ -70.166, -34.933 ], [ -70.166, -34.966 ], [ -70.199, -34.966 ], [ -70.199, -34.933 ], [ -70.233, -34.933 ], [ -70.266, -34.933 ], [ -70.266, -34.899 ], [ -70.233, -34.899 ], [ -70.199, -34.899 ], [ -70.166, -34.899 ], [ -70.166, -34.866 ], [ -70.133, -34.866 ] ] ], [ [ [ -69.933, -34.899 ], [ -69.966, -34.899 ], [ -69.966, -34.866 ], [ -69.933, -34.866 ], [ -69.933, -34.899 ] ] ], [ [ [ -70.066, -34.833 ], [ -70.033, -34.833 ], [ -70.033, -34.866 ], [ -70.066, -34.866 ], [ -70.066, -34.833 ] ] ], [ [ [ -69.799, -34.866 ], [ -69.833, -34.866 ], [ -69.833, -34.833 ], [ -69.799, -34.833 ], [ -69.766, -34.833 ], [ -69.766, -34.866 ], [ -69.799, -34.866 ] ] ], [ [ [ -70.066, -34.833 ], [ -70.099, -34.833 ], [ -70.099, -34.799 ], [ -70.066, -34.799 ], [ -70.066, -34.833 ] ] ], [ [ [ -69.933, -34.833 ], [ -69.966, -34.833 ], [ -69.966, -34.799 ], [ -69.933, -34.799 ], [ -69.933, -34.833 ] ] ], [ [ [ -69.999, -34.799 ], [ -70.033, -34.799 ], [ -70.033, -34.766 ], [ -69.999, -34.766 ], [ -69.999, -34.799 ] ] ], [ [ [ -70.166, -34.733 ], [ -70.166, -34.766 ], [ -70.133, -34.766 ], [ -70.133, -34.799 ], [ -70.166, -34.799 ], [ -70.199, -34.799 ], [ -70.199, -34.766 ], [ -70.233, -34.766 ], [ -70.233, -34.733 ], [ -70.199, -34.733 ], [ -70.166, -34.733 ] ] ], [ [ [ -70.033, -34.699 ], [ -70.033, -34.733 ], [ -70.066, -34.733 ], [ -70.066, -34.699 ], [ -70.033, -34.699 ] ] ], [ [ [ -70.133, -34.699 ], [ -70.166, -34.699 ], [ -70.166, -34.666 ], [ -70.133, -34.666 ], [ -70.133, -34.699 ] ] ], [ [ [ -70.033, -34.699 ], [ -70.033, -34.666 ], [ -69.999, -34.666 ], [ -69.999, -34.699 ], [ -70.033, -34.699 ] ] ], [ [ [ -70.133, -34.599 ], [ -70.133, -34.633 ], [ -70.166, -34.633 ], [ -70.166, -34.599 ], [ -70.133, -34.599 ] ] ], [ [ [ -70.099, -34.599 ], [ -70.066, -34.599 ], [ -70.066, -34.633 ], [ -70.099, -34.633 ], [ -70.099, -34.599 ] ] ], [ [ [ -69.766, -34.599 ], [ -69.733, -34.599 ], [ -69.733, -34.633 ], [ -69.766, -34.633 ], [ -69.766, -34.599 ] ] ], [ [ [ -69.666, -34.699 ], [ -69.666, -34.733 ], [ -69.699, -34.733 ], [ -69.699, -34.766 ], [ -69.699, -34.799 ], [ -69.733, -34.799 ], [ -69.766, -34.799 ], [ -69.799, -34.799 ], [ -69.799, -34.766 ], [ -69.766, -34.766 ], [ -69.733, -34.766 ], [ -69.733, -34.733 ], [ -69.733, -34.699 ], [ -69.766, -34.699 ], [ -69.766, -34.666 ], [ -69.733, -34.666 ], [ -69.699, -34.666 ], [ -69.699, -34.633 ], [ -69.699, -34.599 ], [ -69.666, -34.599 ], [ -69.633, -34.599 ], [ -69.599, -34.599 ], [ -69.599, -34.633 ], [ -69.633, -34.633 ], [ -69.633, -34.666 ], [ -69.666, -34.666 ], [ -69.666, -34.699 ] ] ], [ [ [ -70.099, -34.599 ], [ -70.133, -34.599 ], [ -70.133, -34.566 ], [ -70.099, -34.566 ], [ -70.099, -34.599 ] ] ], [ [ [ -69.766, -34.599 ], [ -69.799, -34.599 ], [ -69.833, -34.599 ], [ -69.866, -34.599 ], [ -69.866, -34.566 ], [ -69.833, -34.566 ], [ -69.799, -34.566 ], [ -69.766, -34.566 ], [ -69.766, -34.599 ] ] ], [ [ [ -69.799, -34.499 ], [ -69.766, -34.499 ], [ -69.733, -34.499 ], [ -69.733, -34.533 ], [ -69.766, -34.533 ], [ -69.799, -34.533 ], [ -69.799, -34.499 ] ] ], [ [ [ -69.599, -34.533 ], [ -69.633, -34.533 ], [ -69.633, -34.499 ], [ -69.599, -34.499 ], [ -69.599, -34.533 ] ] ], [ [ [ -69.799, -34.499 ], [ -69.833, -34.499 ], [ -69.866, -34.499 ], [ -69.866, -34.466 ], [ -69.833, -34.466 ], [ -69.833, -34.433 ], [ -69.799, -34.433 ], [ -69.799, -34.466 ], [ -69.799, -34.499 ] ] ], [ [ [ -69.966, -34.466 ], [ -69.999, -34.466 ], [ -69.999, -34.433 ], [ -69.999, -34.399 ], [ -69.966, -34.399 ], [ -69.933, -34.399 ], [ -69.933, -34.433 ], [ -69.966, -34.433 ], [ -69.966, -34.466 ] ] ], [ [ [ -69.666, -34.433 ], [ -69.666, -34.399 ], [ -69.633, -34.399 ], [ -69.633, -34.433 ], [ -69.666, -34.433 ] ] ], [ [ [ -69.666, -34.433 ], [ -69.666, -34.466 ], [ -69.699, -34.466 ], [ -69.733, -34.466 ], [ -69.733, -34.433 ], [ -69.733, -34.399 ], [ -69.766, -34.399 ], [ -69.799, -34.399 ], [ -69.799, -34.366 ], [ -69.766, -34.366 ], [ -69.733, -34.366 ], [ -69.699, -34.366 ], [ -69.699, -34.399 ], [ -69.699, -34.433 ], [ -69.666, -34.433 ] ] ], [ [ [ -69.466, -34.533 ], [ -69.499, -34.533 ], [ -69.499, -34.499 ], [ -69.499, -34.466 ], [ -69.499, -34.433 ], [ -69.499, -34.399 ], [ -69.499, -34.366 ], [ -69.466, -34.366 ], [ -69.466, -34.399 ], [ -69.466, -34.433 ], [ -69.466, -34.466 ], [ -69.466, -34.499 ], [ -69.466, -34.533 ] ] ], [ [ [ -69.866, -34.366 ], [ -69.866, -34.399 ], [ -69.899, -34.399 ], [ -69.899, -34.366 ], [ -69.933, -34.366 ], [ -69.933, -34.333 ], [ -69.899, -34.333 ], [ -69.866, -34.333 ], [ -69.833, -34.333 ], [ -69.833, -34.366 ], [ -69.866, -34.366 ] ] ], [ [ [ -69.699, -34.333 ], [ -69.733, -34.333 ], [ -69.733, -34.299 ], [ -69.699, -34.299 ], [ -69.699, -34.333 ] ] ], [ [ [ -69.499, -34.299 ], [ -69.466, -34.299 ], [ -69.466, -34.333 ], [ -69.499, -34.333 ], [ -69.499, -34.299 ] ] ], [ [ [ -69.499, -34.299 ], [ -69.533, -34.299 ], [ -69.533, -34.266 ], [ -69.499, -34.266 ], [ -69.499, -34.299 ] ] ], [ [ [ -69.433, -34.266 ], [ -69.466, -34.266 ], [ -69.466, -34.233 ], [ -69.466, -34.199 ], [ -69.466, -34.166 ], [ -69.433, -34.166 ], [ -69.399, -34.166 ], [ -69.399, -34.199 ], [ -69.433, -34.199 ], [ -69.433, -34.233 ], [ -69.433, -34.266 ] ] ], [ [ [ -69.433, -34.099 ], [ -69.399, -34.099 ], [ -69.399, -34.133 ], [ -69.433, -34.133 ], [ -69.433, -34.099 ] ] ], [ [ [ -69.366, -34.099 ], [ -69.333, -34.099 ], [ -69.333, -34.133 ], [ -69.366, -34.133 ], [ -69.366, -34.099 ] ] ], [ [ [ -69.433, -34.099 ], [ -69.466, -34.099 ], [ -69.466, -34.066 ], [ -69.433, -34.066 ], [ -69.433, -34.099 ] ] ], [ [ [ -69.366, -34.099 ], [ -69.399, -34.099 ], [ -69.399, -34.066 ], [ -69.366, -34.066 ], [ -69.366, -34.099 ] ] ], [ [ [ -69.399, -34.066 ], [ -69.433, -34.066 ], [ -69.433, -34.033 ], [ -69.399, -34.033 ], [ -69.399, -34.066 ] ] ], [ [ [ -69.399, -34.033 ], [ -69.399, -33.999 ], [ -69.399, -33.966 ], [ -69.366, -33.966 ], [ -69.366, -33.999 ], [ -69.366, -34.033 ], [ -69.399, -34.033 ] ] ], [ [ [ -69.666, -33.933 ], [ -69.666, -33.966 ], [ -69.633, -33.966 ], [ -69.633, -33.933 ], [ -69.599, -33.933 ], [ -69.599, -33.966 ], [ -69.566, -33.966 ], [ -69.566, -33.999 ], [ -69.599, -33.999 ], [ -69.633, -33.999 ], [ -69.666, -33.999 ], [ -69.699, -33.999 ], [ -69.699, -33.966 ], [ -69.699, -33.933 ], [ -69.666, -33.933 ] ] ], [ [ [ -69.366, -33.966 ], [ -69.366, -33.933 ], [ -69.366, -33.899 ], [ -69.333, -33.899 ], [ -69.333, -33.933 ], [ -69.333, -33.966 ], [ -69.366, -33.966 ] ] ], [ [ [ -69.633, -33.933 ], [ -69.666, -33.933 ], [ -69.666, -33.899 ], [ -69.666, -33.866 ], [ -69.633, -33.866 ], [ -69.633, -33.899 ], [ -69.633, -33.933 ] ] ], [ [ [ -69.566, -33.899 ], [ -69.599, -33.899 ], [ -69.599, -33.866 ], [ -69.566, -33.866 ], [ -69.566, -33.899 ] ] ], [ [ [ -69.399, -33.899 ], [ -69.433, -33.899 ], [ -69.433, -33.866 ], [ -69.399, -33.866 ], [ -69.399, -33.899 ] ] ], [ [ [ -69.699, -33.866 ], [ -69.699, -33.899 ], [ -69.733, -33.899 ], [ -69.766, -33.899 ], [ -69.799, -33.899 ], [ -69.799, -33.866 ], [ -69.799, -33.833 ], [ -69.766, -33.833 ], [ -69.766, -33.866 ], [ -69.733, -33.866 ], [ -69.699, -33.866 ] ] ], [ [ [ -69.666, -33.866 ], [ -69.699, -33.866 ], [ -69.699, -33.833 ], [ -69.666, -33.833 ], [ -69.666, -33.866 ] ] ], [ [ [ -69.499, -33.866 ], [ -69.533, -33.866 ], [ -69.533, -33.833 ], [ -69.499, -33.833 ], [ -69.499, -33.866 ] ] ], [ [ [ -69.399, -33.766 ], [ -69.433, -33.766 ], [ -69.433, -33.733 ], [ -69.399, -33.733 ], [ -69.399, -33.766 ] ] ], [ [ [ -69.433, -33.666 ], [ -69.399, -33.666 ], [ -69.399, -33.699 ], [ -69.433, -33.699 ], [ -69.433, -33.666 ] ] ], [ [ [ -69.433, -33.666 ], [ -69.466, -33.666 ], [ -69.466, -33.633 ], [ -69.433, -33.633 ], [ -69.433, -33.666 ] ] ], [ [ [ -69.699, -33.599 ], [ -69.699, -33.633 ], [ -69.666, -33.633 ], [ -69.666, -33.666 ], [ -69.633, -33.666 ], [ -69.633, -33.699 ], [ -69.666, -33.699 ], [ -69.699, -33.699 ], [ -69.699, -33.666 ], [ -69.733, -33.666 ], [ -69.733, -33.633 ], [ -69.733, -33.599 ], [ -69.699, -33.599 ] ] ], [ [ [ -69.466, -33.599 ], [ -69.499, -33.599 ], [ -69.499, -33.566 ], [ -69.466, -33.566 ], [ -69.466, -33.599 ] ] ], [ [ [ -69.499, -33.466 ], [ -69.533, -33.466 ], [ -69.533, -33.433 ], [ -69.499, -33.433 ], [ -69.499, -33.466 ] ] ], [ [ [ -69.533, -33.366 ], [ -69.499, -33.366 ], [ -69.499, -33.399 ], [ -69.533, -33.399 ], [ -69.533, -33.366 ] ] ], [ [ [ -69.533, -33.366 ], [ -69.566, -33.366 ], [ -69.566, -33.333 ], [ -69.533, -33.333 ], [ -69.533, -33.366 ] ] ], [ [ [ -69.566, -33.299 ], [ -69.599, -33.299 ], [ -69.599, -33.266 ], [ -69.599, -33.233 ], [ -69.566, -33.233 ], [ -69.566, -33.266 ], [ -69.566, -33.299 ] ] ], [ [ [ -69.466, -33.233 ], [ -69.466, -33.266 ], [ -69.499, -33.266 ], [ -69.499, -33.233 ], [ -69.466, -33.233 ] ] ], [ [ [ -69.466, -33.233 ], [ -69.466, -33.199 ], [ -69.433, -33.199 ], [ -69.433, -33.233 ], [ -69.466, -33.233 ] ] ], [ [ [ -69.899, -33.199 ], [ -69.933, -33.199 ], [ -69.933, -33.166 ], [ -69.899, -33.166 ], [ -69.899, -33.199 ] ] ], [ [ [ -69.433, -33.199 ], [ -69.433, -33.166 ], [ -69.399, -33.166 ], [ -69.399, -33.199 ], [ -69.433, -33.199 ] ] ], [ [ [ -69.833, -33.133 ], [ -69.833, -33.166 ], [ -69.866, -33.166 ], [ -69.866, -33.133 ], [ -69.833, -33.133 ] ] ], [ [ [ -69.366, -33.133 ], [ -69.399, -33.133 ], [ -69.399, -33.099 ], [ -69.366, -33.099 ], [ -69.366, -33.133 ] ] ], [ [ [ -69.833, -33.133 ], [ -69.833, -33.099 ], [ -69.799, -33.099 ], [ -69.799, -33.066 ], [ -69.766, -33.066 ], [ -69.766, -33.099 ], [ -69.766, -33.133 ], [ -69.799, -33.133 ], [ -69.833, -33.133 ] ] ], [ [ [ -69.333, -33.033 ], [ -69.366, -33.033 ], [ -69.366, -32.999 ], [ -69.333, -32.999 ], [ -69.333, -33.033 ] ] ], [ [ [ -69.766, -32.966 ], [ -69.766, -32.999 ], [ -69.766, -33.033 ], [ -69.799, -33.033 ], [ -69.799, -32.999 ], [ -69.799, -32.966 ], [ -69.766, -32.966 ] ] ], [ [ [ -69.833, -32.966 ], [ -69.866, -32.966 ], [ -69.866, -32.933 ], [ -69.833, -32.933 ], [ -69.833, -32.966 ] ] ], [ [ [ -69.766, -32.966 ], [ -69.766, -32.933 ], [ -69.733, -32.933 ], [ -69.733, -32.966 ], [ -69.766, -32.966 ] ] ], [ [ [ -69.366, -32.899 ], [ -69.399, -32.899 ], [ -69.399, -32.866 ], [ -69.366, -32.866 ], [ -69.366, -32.899 ] ] ], [ [ [ -69.666, -32.866 ], [ -69.699, -32.866 ], [ -69.699, -32.833 ], [ -69.666, -32.833 ], [ -69.666, -32.866 ] ] ], [ [ [ -69.766, -32.799 ], [ -69.733, -32.799 ], [ -69.733, -32.833 ], [ -69.766, -32.833 ], [ -69.766, -32.799 ] ] ], [ [ [ -69.533, -32.833 ], [ -69.566, -32.833 ], [ -69.566, -32.799 ], [ -69.533, -32.799 ], [ -69.499, -32.799 ], [ -69.499, -32.833 ], [ -69.533, -32.833 ] ] ], [ [ [ -69.399, -32.833 ], [ -69.433, -32.833 ], [ -69.433, -32.799 ], [ -69.399, -32.799 ], [ -69.399, -32.833 ] ] ], [ [ [ -69.666, -32.766 ], [ -69.666, -32.799 ], [ -69.699, -32.799 ], [ -69.699, -32.766 ], [ -69.666, -32.766 ] ] ], [ [ [ -69.766, -32.799 ], [ -69.799, -32.799 ], [ -69.799, -32.833 ], [ -69.833, -32.833 ], [ -69.833, -32.866 ], [ -69.866, -32.866 ], [ -69.899, -32.866 ], [ -69.899, -32.833 ], [ -69.933, -32.833 ], [ -69.966, -32.833 ], [ -69.999, -32.833 ], [ -69.999, -32.799 ], [ -69.966, -32.799 ], [ -69.933, -32.799 ], [ -69.899, -32.799 ], [ -69.866, -32.799 ], [ -69.833, -32.799 ], [ -69.833, -32.766 ], [ -69.833, -32.733 ], [ -69.799, -32.733 ], [ -69.799, -32.766 ], [ -69.766, -32.766 ], [ -69.766, -32.799 ] ] ], [ [ [ -69.666, -32.766 ], [ -69.666, -32.733 ], [ -69.633, -32.733 ], [ -69.633, -32.766 ], [ -69.666, -32.766 ] ] ], [ [ [ -69.433, -32.733 ], [ -69.399, -32.733 ], [ -69.399, -32.766 ], [ -69.433, -32.766 ], [ -69.433, -32.733 ] ] ], [ [ [ -69.433, -32.733 ], [ -69.466, -32.733 ], [ -69.466, -32.699 ], [ -69.433, -32.699 ], [ -69.433, -32.733 ] ] ], [ [ [ -69.199, -32.733 ], [ -69.233, -32.733 ], [ -69.233, -32.699 ], [ -69.199, -32.699 ], [ -69.199, -32.733 ] ] ], [ [ [ -69.166, -32.666 ], [ -69.199, -32.666 ], [ -69.199, -32.633 ], [ -69.166, -32.633 ], [ -69.166, -32.666 ] ] ], [ [ [ -69.599, -32.666 ], [ -69.599, -32.699 ], [ -69.633, -32.699 ], [ -69.633, -32.666 ], [ -69.666, -32.666 ], [ -69.666, -32.633 ], [ -69.633, -32.633 ], [ -69.599, -32.633 ], [ -69.599, -32.599 ], [ -69.599, -32.566 ], [ -69.566, -32.566 ], [ -69.566, -32.599 ], [ -69.566, -32.633 ], [ -69.566, -32.666 ], [ -69.599, -32.666 ] ] ], [ [ [ -69.133, -32.533 ], [ -69.133, -32.566 ], [ -69.166, -32.566 ], [ -69.166, -32.533 ], [ -69.133, -32.533 ] ] ], [ [ [ -69.499, -32.533 ], [ -69.533, -32.533 ], [ -69.533, -32.499 ], [ -69.499, -32.499 ], [ -69.499, -32.533 ] ] ], [ [ [ -69.133, -32.533 ], [ -69.133, -32.499 ], [ -69.133, -32.466 ], [ -69.133, -32.433 ], [ -69.099, -32.433 ], [ -69.099, -32.466 ], [ -69.099, -32.499 ], [ -69.099, -32.533 ], [ -69.133, -32.533 ] ] ], [ [ [ -69.833, -32.433 ], [ -69.866, -32.433 ], [ -69.866, -32.399 ], [ -69.833, -32.399 ], [ -69.833, -32.433 ] ] ], [ [ [ -69.566, -32.433 ], [ -69.599, -32.433 ], [ -69.599, -32.399 ], [ -69.566, -32.399 ], [ -69.533, -32.399 ], [ -69.533, -32.433 ], [ -69.566, -32.433 ] ] ], [ [ [ -69.833, -32.333 ], [ -69.833, -32.366 ], [ -69.866, -32.366 ], [ -69.866, -32.333 ], [ -69.833, -32.333 ] ] ], [ [ [ -69.533, -32.366 ], [ -69.566, -32.366 ], [ -69.566, -32.333 ], [ -69.533, -32.333 ], [ -69.533, -32.366 ] ] ], [ [ [ -70.133, -32.299 ], [ -70.133, -32.333 ], [ -70.166, -32.333 ], [ -70.166, -32.299 ], [ -70.133, -32.299 ] ] ], [ [ [ -69.899, -32.299 ], [ -69.899, -32.333 ], [ -69.933, -32.333 ], [ -69.933, -32.299 ], [ -69.899, -32.299 ] ] ], [ [ [ -69.833, -32.333 ], [ -69.833, -32.299 ], [ -69.799, -32.299 ], [ -69.799, -32.333 ], [ -69.833, -32.333 ] ] ], [ [ [ -70.033, -32.266 ], [ -69.999, -32.266 ], [ -69.999, -32.299 ], [ -69.999, -32.333 ], [ -69.966, -32.333 ], [ -69.966, -32.366 ], [ -69.966, -32.399 ], [ -69.999, -32.399 ], [ -69.999, -32.366 ], [ -70.033, -32.366 ], [ -70.033, -32.333 ], [ -70.033, -32.299 ], [ -70.033, -32.266 ] ] ], [ [ [ -69.899, -32.299 ], [ -69.899, -32.266 ], [ -69.866, -32.266 ], [ -69.866, -32.299 ], [ -69.899, -32.299 ] ] ], [ [ [ -69.799, -32.299 ], [ -69.799, -32.266 ], [ -69.766, -32.266 ], [ -69.766, -32.299 ], [ -69.799, -32.299 ] ] ], [ [ [ -70.066, -32.266 ], [ -70.066, -32.299 ], [ -70.099, -32.299 ], [ -70.133, -32.299 ], [ -70.133, -32.266 ], [ -70.133, -32.233 ], [ -70.099, -32.233 ], [ -70.099, -32.266 ], [ -70.066, -32.266 ] ] ], [ [ [ -70.033, -32.266 ], [ -70.066, -32.266 ], [ -70.066, -32.233 ], [ -70.033, -32.233 ], [ -70.033, -32.266 ] ] ], [ [ [ -69.866, -32.233 ], [ -69.899, -32.233 ], [ -69.899, -32.199 ], [ -69.866, -32.199 ], [ -69.866, -32.233 ] ] ], [ [ [ -70.133, -32.233 ], [ -70.166, -32.233 ], [ -70.166, -32.199 ], [ -70.166, -32.166 ], [ -70.133, -32.166 ], [ -70.133, -32.199 ], [ -70.133, -32.233 ] ] ], [ [ [ -69.499, -32.266 ], [ -69.533, -32.266 ], [ -69.533, -32.233 ], [ -69.533, -32.199 ], [ -69.533, -32.166 ], [ -69.499, -32.166 ], [ -69.499, -32.199 ], [ -69.499, -32.233 ], [ -69.499, -32.266 ] ] ], [ [ [ -69.699, -32.199 ], [ -69.733, -32.199 ], [ -69.733, -32.166 ], [ -69.733, -32.133 ], [ -69.699, -32.133 ], [ -69.699, -32.166 ], [ -69.699, -32.199 ] ] ], [ [ [ -69.066, -32.166 ], [ -69.099, -32.166 ], [ -69.099, -32.133 ], [ -69.066, -32.133 ], [ -69.066, -32.166 ] ] ], [ [ [ -69.499, -32.099 ], [ -69.466, -32.099 ], [ -69.466, -32.133 ], [ -69.499, -32.133 ], [ -69.499, -32.099 ] ] ], [ [ [ -69.499, -32.099 ], [ -69.533, -32.099 ], [ -69.533, -32.066 ], [ -69.499, -32.066 ], [ -69.499, -32.099 ] ] ], [ [ [ -69.866, -32.133 ], [ -69.899, -32.133 ], [ -69.899, -32.099 ], [ -69.899, -32.066 ], [ -69.899, -32.033 ], [ -69.866, -32.033 ], [ -69.866, -32.066 ], [ -69.866, -32.099 ], [ -69.866, -32.133 ] ] ], [ [ [ -69.666, -32.033 ], [ -69.666, -32.066 ], [ -69.666, -32.099 ], [ -69.699, -32.099 ], [ -69.699, -32.066 ], [ -69.699, -32.033 ], [ -69.666, -32.033 ] ] ], [ [ [ -69.199, -32.033 ], [ -69.166, -32.033 ], [ -69.133, -32.033 ], [ -69.099, -32.033 ], [ -69.066, -32.033 ], [ -69.066, -32.066 ], [ -69.099, -32.066 ], [ -69.133, -32.066 ], [ -69.166, -32.066 ], [ -69.199, -32.066 ], [ -69.199, -32.033 ] ] ], [ [ [ -69.666, -32.033 ], [ -69.666, -31.999 ], [ -69.633, -31.999 ], [ -69.599, -31.999 ], [ -69.599, -32.033 ], [ -69.633, -32.033 ], [ -69.666, -32.033 ] ] ], [ [ [ -69.533, -32.066 ], [ -69.566, -32.066 ], [ -69.566, -32.033 ], [ -69.566, -31.999 ], [ -69.533, -31.999 ], [ -69.533, -32.033 ], [ -69.533, -32.066 ] ] ], [ [ [ -69.199, -32.033 ], [ -69.233, -32.033 ], [ -69.233, -31.999 ], [ -69.199, -31.999 ], [ -69.199, -32.033 ] ] ], [ [ [ -69.899, -31.966 ], [ -69.899, -31.999 ], [ -69.933, -31.999 ], [ -69.933, -31.966 ], [ -69.899, -31.966 ] ] ], [ [ [ -69.566, -31.999 ], [ -69.599, -31.999 ], [ -69.599, -31.966 ], [ -69.566, -31.966 ], [ -69.566, -31.999 ] ] ], [ [ [ -69.233, -31.999 ], [ -69.266, -31.999 ], [ -69.266, -31.966 ], [ -69.233, -31.966 ], [ -69.233, -31.999 ] ] ], [ [ [ -69.899, -31.966 ], [ -69.899, -31.933 ], [ -69.866, -31.933 ], [ -69.866, -31.966 ], [ -69.899, -31.966 ] ] ], [ [ [ -69.066, -31.966 ], [ -69.099, -31.966 ], [ -69.099, -31.933 ], [ -69.066, -31.933 ], [ -69.066, -31.966 ] ] ], [ [ [ -69.933, -31.933 ], [ -69.966, -31.933 ], [ -69.966, -31.899 ], [ -69.933, -31.899 ], [ -69.933, -31.933 ] ] ], [ [ [ -70.033, -31.866 ], [ -70.066, -31.866 ], [ -70.066, -31.833 ], [ -70.033, -31.833 ], [ -69.999, -31.833 ], [ -69.999, -31.866 ], [ -70.033, -31.866 ] ] ], [ [ [ -69.866, -31.866 ], [ -69.899, -31.866 ], [ -69.899, -31.833 ], [ -69.866, -31.833 ], [ -69.866, -31.866 ] ] ], [ [ [ -69.799, -31.799 ], [ -69.799, -31.833 ], [ -69.833, -31.833 ], [ -69.833, -31.799 ], [ -69.799, -31.799 ] ] ], [ [ [ -69.999, -31.766 ], [ -69.966, -31.766 ], [ -69.966, -31.799 ], [ -69.999, -31.799 ], [ -69.999, -31.766 ] ] ], [ [ [ -69.233, -31.766 ], [ -69.199, -31.766 ], [ -69.199, -31.799 ], [ -69.199, -31.833 ], [ -69.199, -31.866 ], [ -69.233, -31.866 ], [ -69.233, -31.899 ], [ -69.233, -31.933 ], [ -69.266, -31.933 ], [ -69.266, -31.899 ], [ -69.266, -31.866 ], [ -69.266, -31.833 ], [ -69.233, -31.833 ], [ -69.233, -31.799 ], [ -69.233, -31.766 ] ] ], [ [ [ -69.033, -31.766 ], [ -69.033, -31.799 ], [ -69.033, -31.833 ], [ -68.999, -31.833 ], [ -68.966, -31.833 ], [ -68.933, -31.833 ], [ -68.933, -31.866 ], [ -68.966, -31.866 ], [ -68.966, -31.899 ], [ -68.966, -31.933 ], [ -68.999, -31.933 ], [ -68.999, -31.899 ], [ -68.999, -31.866 ], [ -69.033, -31.866 ], [ -69.066, -31.866 ], [ -69.066, -31.899 ], [ -69.099, -31.899 ], [ -69.099, -31.866 ], [ -69.099, -31.833 ], [ -69.099, -31.799 ], [ -69.133, -31.799 ], [ -69.133, -31.766 ], [ -69.099, -31.766 ], [ -69.066, -31.766 ], [ -69.033, -31.766 ] ] ], [ [ [ -69.799, -31.799 ], [ -69.799, -31.766 ], [ -69.799, -31.733 ], [ -69.766, -31.733 ], [ -69.766, -31.766 ], [ -69.766, -31.799 ], [ -69.799, -31.799 ] ] ], [ [ [ -70.266, -31.766 ], [ -70.299, -31.766 ], [ -70.299, -31.733 ], [ -70.299, -31.699 ], [ -70.266, -31.699 ], [ -70.266, -31.733 ], [ -70.266, -31.766 ] ] ], [ [ [ -69.033, -31.766 ], [ -69.033, -31.733 ], [ -68.999, -31.733 ], [ -68.999, -31.699 ], [ -68.966, -31.699 ], [ -68.966, -31.733 ], [ -68.966, -31.766 ], [ -68.999, -31.766 ], [ -69.033, -31.766 ] ] ], [ [ [ -70.066, -31.699 ], [ -70.066, -31.733 ], [ -70.066, -31.766 ], [ -70.099, -31.766 ], [ -70.099, -31.733 ], [ -70.133, -31.733 ], [ -70.133, -31.699 ], [ -70.166, -31.699 ], [ -70.166, -31.666 ], [ -70.133, -31.666 ], [ -70.099, -31.666 ], [ -70.099, -31.699 ], [ -70.066, -31.699 ] ] ], [ [ [ -69.999, -31.766 ], [ -70.033, -31.766 ], [ -70.033, -31.733 ], [ -70.033, -31.699 ], [ -70.066, -31.699 ], [ -70.066, -31.666 ], [ -70.066, -31.633 ], [ -70.033, -31.633 ], [ -70.033, -31.666 ], [ -69.999, -31.666 ], [ -69.999, -31.699 ], [ -69.999, -31.733 ], [ -69.999, -31.766 ] ] ], [ [ [ -69.133, -31.633 ], [ -69.099, -31.633 ], [ -69.099, -31.666 ], [ -69.133, -31.666 ], [ -69.133, -31.633 ] ] ], [ [ [ -70.166, -31.666 ], [ -70.199, -31.666 ], [ -70.199, -31.633 ], [ -70.199, -31.599 ], [ -70.166, -31.599 ], [ -70.166, -31.633 ], [ -70.166, -31.666 ] ] ], [ [ [ -70.066, -31.633 ], [ -70.099, -31.633 ], [ -70.099, -31.599 ], [ -70.066, -31.599 ], [ -70.066, -31.633 ] ] ], [ [ [ -70.099, -31.599 ], [ -70.133, -31.599 ], [ -70.133, -31.566 ], [ -70.099, -31.566 ], [ -70.099, -31.599 ] ] ], [ [ [ -69.766, -31.566 ], [ -69.733, -31.566 ], [ -69.733, -31.599 ], [ -69.733, -31.633 ], [ -69.766, -31.633 ], [ -69.766, -31.599 ], [ -69.766, -31.566 ] ] ], [ [ [ -69.233, -31.766 ], [ -69.266, -31.766 ], [ -69.266, -31.733 ], [ -69.266, -31.699 ], [ -69.266, -31.666 ], [ -69.266, -31.633 ], [ -69.266, -31.599 ], [ -69.266, -31.566 ], [ -69.233, -31.566 ], [ -69.233, -31.599 ], [ -69.233, -31.633 ], [ -69.233, -31.666 ], [ -69.233, -31.699 ], [ -69.233, -31.733 ], [ -69.233, -31.766 ] ] ], [ [ [ -69.133, -31.633 ], [ -69.166, -31.633 ], [ -69.166, -31.599 ], [ -69.166, -31.566 ], [ -69.133, -31.566 ], [ -69.133, -31.599 ], [ -69.133, -31.633 ] ] ], [ [ [ -70.466, -31.566 ], [ -70.499, -31.566 ], [ -70.499, -31.533 ], [ -70.466, -31.533 ], [ -70.433, -31.533 ], [ -70.433, -31.566 ], [ -70.466, -31.566 ] ] ], [ [ [ -70.133, -31.566 ], [ -70.166, -31.566 ], [ -70.199, -31.566 ], [ -70.199, -31.533 ], [ -70.166, -31.533 ], [ -70.133, -31.533 ], [ -70.133, -31.566 ] ] ], [ [ [ -69.766, -31.566 ], [ -69.799, -31.566 ], [ -69.799, -31.533 ], [ -69.766, -31.533 ], [ -69.766, -31.566 ] ] ], [ [ [ -69.066, -31.599 ], [ -69.099, -31.599 ], [ -69.099, -31.566 ], [ -69.099, -31.533 ], [ -69.066, -31.533 ], [ -69.066, -31.566 ], [ -69.066, -31.599 ] ] ], [ [ [ -70.133, -31.533 ], [ -70.133, -31.499 ], [ -70.099, -31.499 ], [ -70.099, -31.533 ], [ -70.133, -31.533 ] ] ], [ [ [ -69.166, -31.533 ], [ -69.199, -31.533 ], [ -69.199, -31.499 ], [ -69.166, -31.499 ], [ -69.166, -31.533 ] ] ], [ [ [ -70.299, -31.466 ], [ -70.266, -31.466 ], [ -70.233, -31.466 ], [ -70.233, -31.499 ], [ -70.233, -31.533 ], [ -70.233, -31.566 ], [ -70.266, -31.566 ], [ -70.266, -31.599 ], [ -70.266, -31.633 ], [ -70.299, -31.633 ], [ -70.333, -31.633 ], [ -70.333, -31.599 ], [ -70.299, -31.599 ], [ -70.299, -31.566 ], [ -70.333, -31.566 ], [ -70.366, -31.566 ], [ -70.399, -31.566 ], [ -70.399, -31.533 ], [ -70.366, -31.533 ], [ -70.333, -31.533 ], [ -70.299, -31.533 ], [ -70.266, -31.533 ], [ -70.266, -31.499 ], [ -70.299, -31.499 ], [ -70.299, -31.466 ] ] ], [ [ [ -69.799, -31.533 ], [ -69.833, -31.533 ], [ -69.833, -31.499 ], [ -69.833, -31.466 ], [ -69.799, -31.466 ], [ -69.799, -31.499 ], [ -69.799, -31.533 ] ] ], [ [ [ -69.833, -31.466 ], [ -69.866, -31.466 ], [ -69.866, -31.433 ], [ -69.833, -31.433 ], [ -69.833, -31.466 ] ] ], [ [ [ -70.366, -31.399 ], [ -70.366, -31.433 ], [ -70.399, -31.433 ], [ -70.433, -31.433 ], [ -70.433, -31.399 ], [ -70.399, -31.399 ], [ -70.366, -31.399 ] ] ], [ [ [ -70.299, -31.466 ], [ -70.333, -31.466 ], [ -70.333, -31.433 ], [ -70.333, -31.399 ], [ -70.299, -31.399 ], [ -70.299, -31.433 ], [ -70.299, -31.466 ] ] ], [ [ [ -69.833, -31.433 ], [ -69.833, -31.399 ], [ -69.799, -31.399 ], [ -69.799, -31.433 ], [ -69.833, -31.433 ] ] ], [ [ [ -70.333, -31.399 ], [ -70.366, -31.399 ], [ -70.366, -31.366 ], [ -70.333, -31.366 ], [ -70.333, -31.399 ] ] ], [ [ [ -69.266, -31.566 ], [ -69.299, -31.566 ], [ -69.299, -31.533 ], [ -69.299, -31.499 ], [ -69.333, -31.499 ], [ -69.333, -31.466 ], [ -69.333, -31.433 ], [ -69.299, -31.433 ], [ -69.299, -31.399 ], [ -69.299, -31.366 ], [ -69.266, -31.366 ], [ -69.266, -31.399 ], [ -69.266, -31.433 ], [ -69.266, -31.466 ], [ -69.266, -31.499 ], [ -69.266, -31.533 ], [ -69.266, -31.566 ] ] ], [ [ [ -69.766, -31.333 ], [ -69.766, -31.366 ], [ -69.799, -31.366 ], [ -69.833, -31.366 ], [ -69.866, -31.366 ], [ -69.899, -31.366 ], [ -69.899, -31.333 ], [ -69.866, -31.333 ], [ -69.833, -31.333 ], [ -69.799, -31.333 ], [ -69.766, -31.333 ] ] ], [ [ [ -69.166, -31.399 ], [ -69.199, -31.399 ], [ -69.199, -31.366 ], [ -69.199, -31.333 ], [ -69.166, -31.333 ], [ -69.166, -31.366 ], [ -69.166, -31.399 ] ] ], [ [ [ -69.766, -31.333 ], [ -69.766, -31.299 ], [ -69.733, -31.299 ], [ -69.733, -31.333 ], [ -69.766, -31.333 ] ] ], [ [ [ -69.233, -31.333 ], [ -69.266, -31.333 ], [ -69.266, -31.299 ], [ -69.233, -31.299 ], [ -69.233, -31.333 ] ] ], [ [ [ -70.366, -31.366 ], [ -70.399, -31.366 ], [ -70.399, -31.333 ], [ -70.433, -31.333 ], [ -70.433, -31.299 ], [ -70.399, -31.299 ], [ -70.366, -31.299 ], [ -70.366, -31.266 ], [ -70.333, -31.266 ], [ -70.333, -31.299 ], [ -70.333, -31.333 ], [ -70.366, -31.333 ], [ -70.366, -31.366 ] ] ], [ [ [ -68.966, -31.266 ], [ -68.999, -31.266 ], [ -68.999, -31.233 ], [ -68.999, -31.199 ], [ -68.966, -31.199 ], [ -68.966, -31.233 ], [ -68.966, -31.266 ] ] ], [ [ [ -67.933, -31.366 ], [ -67.966, -31.366 ], [ -67.966, -31.333 ], [ -67.933, -31.333 ], [ -67.933, -31.299 ], [ -67.933, -31.266 ], [ -67.933, -31.233 ], [ -67.899, -31.233 ], [ -67.899, -31.199 ], [ -67.866, -31.199 ], [ -67.866, -31.233 ], [ -67.866, -31.266 ], [ -67.866, -31.299 ], [ -67.899, -31.299 ], [ -67.899, -31.333 ], [ -67.899, -31.366 ], [ -67.933, -31.366 ] ] ], [ [ [ -69.233, -31.199 ], [ -69.266, -31.199 ], [ -69.266, -31.166 ], [ -69.233, -31.166 ], [ -69.233, -31.199 ] ] ], [ [ [ -70.387, -31.154 ], [ -70.394, -31.161 ], [ -70.390, -31.155 ], [ -70.387, -31.154 ] ] ], [ [ [ -69.733, -31.133 ], [ -69.699, -31.133 ], [ -69.699, -31.166 ], [ -69.666, -31.166 ], [ -69.666, -31.199 ], [ -69.699, -31.199 ], [ -69.699, -31.233 ], [ -69.699, -31.266 ], [ -69.733, -31.266 ], [ -69.766, -31.266 ], [ -69.766, -31.233 ], [ -69.733, -31.233 ], [ -69.733, -31.199 ], [ -69.733, -31.166 ], [ -69.733, -31.133 ] ] ], [ [ [ -70.407, -31.165 ], [ -70.402, -31.167 ], [ -70.399, -31.166 ], [ -70.399, -31.166 ], [ -70.399, -31.199 ], [ -70.433, -31.199 ], [ -70.466, -31.199 ], [ -70.466, -31.166 ], [ -70.433, -31.166 ], [ -70.433, -31.133 ], [ -70.424, -31.124 ], [ -70.424, -31.125 ], [ -70.420, -31.130 ], [ -70.415, -31.134 ], [ -70.413, -31.139 ], [ -70.412, -31.142 ], [ -70.412, -31.145 ], [ -70.410, -31.149 ], [ -70.412, -31.154 ], [ -70.412, -31.157 ], [ -70.410, -31.160 ], [ -70.407, -31.165 ] ] ], [ [ [ -70.466, -31.133 ], [ -70.495, -31.133 ], [ -70.495, -31.132 ], [ -70.496, -31.129 ], [ -70.497, -31.125 ], [ -70.498, -31.123 ], [ -70.495, -31.121 ], [ -70.492, -31.118 ], [ -70.488, -31.116 ], [ -70.485, -31.115 ], [ -70.479, -31.115 ], [ -70.476, -31.115 ], [ -70.473, -31.112 ], [ -70.470, -31.107 ], [ -70.467, -31.105 ], [ -70.466, -31.104 ], [ -70.466, -31.133 ] ] ], [ [ [ -69.233, -31.099 ], [ -69.199, -31.099 ], [ -69.199, -31.133 ], [ -69.233, -31.133 ], [ -69.233, -31.099 ] ] ], [ [ [ -69.733, -31.133 ], [ -69.766, -31.133 ], [ -69.766, -31.099 ], [ -69.766, -31.066 ], [ -69.733, -31.066 ], [ -69.733, -31.099 ], [ -69.733, -31.133 ] ] ], [ [ [ -69.233, -31.099 ], [ -69.266, -31.099 ], [ -69.266, -31.066 ], [ -69.233, -31.066 ], [ -69.233, -31.099 ] ] ], [ [ [ -69.099, -31.066 ], [ -69.099, -31.099 ], [ -69.066, -31.099 ], [ -69.066, -31.133 ], [ -69.099, -31.133 ], [ -69.099, -31.166 ], [ -69.099, -31.199 ], [ -69.133, -31.199 ], [ -69.133, -31.166 ], [ -69.133, -31.133 ], [ -69.166, -31.133 ], [ -69.166, -31.099 ], [ -69.133, -31.099 ], [ -69.133, -31.066 ], [ -69.099, -31.066 ] ] ], [ [ [ -69.199, -31.033 ], [ -69.166, -31.033 ], [ -69.166, -31.066 ], [ -69.199, -31.066 ], [ -69.199, -31.033 ] ] ], [ [ [ -70.066, -30.999 ], [ -70.066, -31.033 ], [ -70.066, -31.066 ], [ -70.099, -31.066 ], [ -70.099, -31.099 ], [ -70.133, -31.099 ], [ -70.133, -31.066 ], [ -70.133, -31.033 ], [ -70.099, -31.033 ], [ -70.099, -30.999 ], [ -70.066, -30.999 ] ] ], [ [ [ -70.033, -30.999 ], [ -70.066, -30.999 ], [ -70.066, -30.966 ], [ -70.033, -30.966 ], [ -70.033, -30.999 ] ] ], [ [ [ -70.033, -30.999 ], [ -69.999, -30.999 ], [ -69.999, -30.966 ], [ -69.966, -30.966 ], [ -69.966, -30.999 ], [ -69.966, -31.033 ], [ -69.999, -31.033 ], [ -70.033, -31.033 ], [ -70.033, -30.999 ] ] ], [ [ [ -69.733, -31.066 ], [ -69.733, -31.033 ], [ -69.733, -30.999 ], [ -69.733, -30.966 ], [ -69.699, -30.966 ], [ -69.699, -30.999 ], [ -69.699, -31.033 ], [ -69.699, -31.066 ], [ -69.733, -31.066 ] ] ], [ [ [ -69.999, -30.966 ], [ -70.033, -30.966 ], [ -70.033, -30.933 ], [ -70.066, -30.933 ], [ -70.099, -30.933 ], [ -70.133, -30.933 ], [ -70.133, -30.899 ], [ -70.099, -30.899 ], [ -70.066, -30.899 ], [ -70.033, -30.899 ], [ -69.999, -30.899 ], [ -69.966, -30.899 ], [ -69.933, -30.899 ], [ -69.933, -30.933 ], [ -69.966, -30.933 ], [ -69.999, -30.933 ], [ -69.999, -30.966 ] ] ], [ [ [ -69.866, -30.899 ], [ -69.833, -30.899 ], [ -69.799, -30.899 ], [ -69.766, -30.899 ], [ -69.733, -30.899 ], [ -69.733, -30.933 ], [ -69.766, -30.933 ], [ -69.799, -30.933 ], [ -69.833, -30.933 ], [ -69.866, -30.933 ], [ -69.866, -30.899 ] ] ], [ [ [ -69.666, -30.933 ], [ -69.699, -30.933 ], [ -69.699, -30.899 ], [ -69.666, -30.899 ], [ -69.666, -30.933 ] ] ], [ [ [ -69.199, -31.033 ], [ -69.233, -31.033 ], [ -69.233, -30.999 ], [ -69.233, -30.966 ], [ -69.233, -30.933 ], [ -69.233, -30.899 ], [ -69.199, -30.899 ], [ -69.199, -30.933 ], [ -69.199, -30.966 ], [ -69.199, -30.999 ], [ -69.199, -31.033 ] ] ], [ [ [ -69.166, -31.033 ], [ -69.166, -30.999 ], [ -69.133, -30.999 ], [ -69.133, -30.966 ], [ -69.099, -30.966 ], [ -69.099, -30.933 ], [ -69.099, -30.899 ], [ -69.066, -30.899 ], [ -69.066, -30.933 ], [ -69.066, -30.966 ], [ -69.066, -30.999 ], [ -69.066, -31.033 ], [ -69.099, -31.033 ], [ -69.133, -31.033 ], [ -69.166, -31.033 ] ] ], [ [ [ -69.866, -30.899 ], [ -69.899, -30.899 ], [ -69.899, -30.866 ], [ -69.899, -30.833 ], [ -69.866, -30.833 ], [ -69.833, -30.833 ], [ -69.833, -30.866 ], [ -69.866, -30.866 ], [ -69.866, -30.899 ] ] ], [ [ [ -69.733, -30.833 ], [ -69.699, -30.833 ], [ -69.699, -30.866 ], [ -69.733, -30.866 ], [ -69.733, -30.833 ] ] ], [ [ [ -69.899, -30.833 ], [ -69.933, -30.833 ], [ -69.933, -30.799 ], [ -69.899, -30.799 ], [ -69.899, -30.833 ] ] ], [ [ [ -69.733, -30.833 ], [ -69.766, -30.833 ], [ -69.766, -30.799 ], [ -69.733, -30.799 ], [ -69.733, -30.833 ] ] ], [ [ [ -69.199, -30.899 ], [ -69.199, -30.866 ], [ -69.199, -30.833 ], [ -69.199, -30.799 ], [ -69.166, -30.799 ], [ -69.166, -30.833 ], [ -69.166, -30.866 ], [ -69.166, -30.899 ], [ -69.199, -30.899 ] ] ], [ [ [ -69.766, -30.799 ], [ -69.799, -30.799 ], [ -69.799, -30.766 ], [ -69.766, -30.766 ], [ -69.766, -30.799 ] ] ], [ [ [ -69.699, -30.766 ], [ -69.733, -30.766 ], [ -69.733, -30.733 ], [ -69.699, -30.733 ], [ -69.699, -30.766 ] ] ], [ [ [ -69.166, -30.799 ], [ -69.166, -30.766 ], [ -69.133, -30.766 ], [ -69.133, -30.733 ], [ -69.099, -30.733 ], [ -69.099, -30.766 ], [ -69.099, -30.799 ], [ -69.133, -30.799 ], [ -69.166, -30.799 ] ] ], [ [ [ -69.799, -30.766 ], [ -69.833, -30.766 ], [ -69.833, -30.733 ], [ -69.866, -30.733 ], [ -69.866, -30.699 ], [ -69.899, -30.699 ], [ -69.899, -30.666 ], [ -69.899, -30.633 ], [ -69.866, -30.633 ], [ -69.866, -30.666 ], [ -69.833, -30.666 ], [ -69.833, -30.699 ], [ -69.799, -30.699 ], [ -69.799, -30.733 ], [ -69.799, -30.766 ] ] ], [ [ [ -69.899, -30.633 ], [ -69.933, -30.633 ], [ -69.933, -30.599 ], [ -69.899, -30.599 ], [ -69.899, -30.633 ] ] ], [ [ [ -69.699, -30.766 ], [ -69.666, -30.766 ], [ -69.633, -30.766 ], [ -69.599, -30.766 ], [ -69.599, -30.733 ], [ -69.599, -30.699 ], [ -69.566, -30.699 ], [ -69.566, -30.666 ], [ -69.566, -30.633 ], [ -69.533, -30.633 ], [ -69.533, -30.599 ], [ -69.533, -30.566 ], [ -69.566, -30.566 ], [ -69.566, -30.533 ], [ -69.533, -30.533 ], [ -69.533, -30.499 ], [ -69.533, -30.466 ], [ -69.499, -30.466 ], [ -69.499, -30.499 ], [ -69.499, -30.533 ], [ -69.499, -30.566 ], [ -69.499, -30.599 ], [ -69.499, -30.633 ], [ -69.499, -30.666 ], [ -69.533, -30.666 ], [ -69.533, -30.699 ], [ -69.533, -30.733 ], [ -69.533, -30.766 ], [ -69.566, -30.766 ], [ -69.566, -30.799 ], [ -69.599, -30.799 ], [ -69.599, -30.833 ], [ -69.633, -30.833 ], [ -69.666, -30.833 ], [ -69.666, -30.799 ], [ -69.699, -30.799 ], [ -69.699, -30.766 ] ] ], [ [ [ -68.999, -30.533 ], [ -68.999, -30.566 ], [ -68.966, -30.566 ], [ -68.966, -30.599 ], [ -68.999, -30.599 ], [ -69.033, -30.599 ], [ -69.033, -30.566 ], [ -69.066, -30.566 ], [ -69.066, -30.533 ], [ -69.066, -30.499 ], [ -69.066, -30.466 ], [ -69.033, -30.466 ], [ -69.033, -30.433 ], [ -68.999, -30.433 ], [ -68.966, -30.433 ], [ -68.966, -30.466 ], [ -68.999, -30.466 ], [ -68.999, -30.499 ], [ -68.999, -30.533 ] ] ], [ [ [ -69.533, -30.466 ], [ -69.566, -30.466 ], [ -69.566, -30.433 ], [ -69.566, -30.399 ], [ -69.533, -30.399 ], [ -69.533, -30.433 ], [ -69.533, -30.466 ] ] ], [ [ [ -69.533, -30.366 ], [ -69.566, -30.366 ], [ -69.566, -30.333 ], [ -69.533, -30.333 ], [ -69.533, -30.366 ] ] ], [ [ [ -69.533, -30.266 ], [ -69.533, -30.299 ], [ -69.566, -30.299 ], [ -69.566, -30.266 ], [ -69.599, -30.266 ], [ -69.599, -30.233 ], [ -69.566, -30.233 ], [ -69.566, -30.199 ], [ -69.533, -30.199 ], [ -69.533, -30.233 ], [ -69.533, -30.266 ] ] ], [ [ [ -69.499, -29.999 ], [ -69.499, -30.033 ], [ -69.499, -30.066 ], [ -69.499, -30.099 ], [ -69.533, -30.099 ], [ -69.533, -30.066 ], [ -69.533, -30.033 ], [ -69.533, -29.999 ], [ -69.499, -29.999 ] ] ], [ [ [ -69.499, -29.999 ], [ -69.499, -29.966 ], [ -69.499, -29.933 ], [ -69.466, -29.933 ], [ -69.466, -29.966 ], [ -69.466, -29.999 ], [ -69.499, -29.999 ] ] ], [ [ [ -68.833, -29.933 ], [ -68.833, -29.899 ], [ -68.799, -29.899 ], [ -68.799, -29.933 ], [ -68.833, -29.933 ] ] ], [ [ [ -68.833, -29.933 ], [ -68.833, -29.966 ], [ -68.866, -29.966 ], [ -68.899, -29.966 ], [ -68.899, -29.999 ], [ -68.899, -30.033 ], [ -68.899, -30.066 ], [ -68.933, -30.066 ], [ -68.933, -30.099 ], [ -68.966, -30.099 ], [ -68.966, -30.066 ], [ -68.966, -30.033 ], [ -68.966, -29.999 ], [ -68.966, -29.966 ], [ -68.933, -29.966 ], [ -68.933, -29.933 ], [ -68.966, -29.933 ], [ -68.966, -29.899 ], [ -68.933, -29.899 ], [ -68.933, -29.866 ], [ -68.899, -29.866 ], [ -68.866, -29.866 ], [ -68.866, -29.899 ], [ -68.899, -29.899 ], [ -68.899, -29.933 ], [ -68.866, -29.933 ], [ -68.833, -29.933 ] ] ], [ [ [ -69.466, -29.933 ], [ -69.466, -29.899 ], [ -69.466, -29.866 ], [ -69.433, -29.866 ], [ -69.433, -29.833 ], [ -69.399, -29.833 ], [ -69.399, -29.866 ], [ -69.399, -29.899 ], [ -69.433, -29.899 ], [ -69.433, -29.933 ], [ -69.466, -29.933 ] ] ], [ [ [ -68.866, -29.866 ], [ -68.866, -29.833 ], [ -68.833, -29.833 ], [ -68.833, -29.866 ], [ -68.866, -29.866 ] ] ], [ [ [ -68.933, -29.866 ], [ -68.966, -29.866 ], [ -68.966, -29.899 ], [ -68.999, -29.899 ], [ -69.033, -29.899 ], [ -69.066, -29.899 ], [ -69.066, -29.866 ], [ -69.066, -29.833 ], [ -69.033, -29.833 ], [ -68.999, -29.833 ], [ -68.966, -29.833 ], [ -68.966, -29.799 ], [ -68.933, -29.799 ], [ -68.933, -29.833 ], [ -68.933, -29.866 ] ] ], [ [ [ -68.866, -29.833 ], [ -68.899, -29.833 ], [ -68.899, -29.799 ], [ -68.866, -29.799 ], [ -68.866, -29.833 ] ] ], [ [ [ -69.399, -29.833 ], [ -69.399, -29.799 ], [ -69.366, -29.799 ], [ -69.366, -29.766 ], [ -69.333, -29.766 ], [ -69.333, -29.799 ], [ -69.333, -29.833 ], [ -69.366, -29.833 ], [ -69.399, -29.833 ] ] ], [ [ [ -69.066, -29.766 ], [ -69.099, -29.766 ], [ -69.099, -29.733 ], [ -69.099, -29.699 ], [ -69.066, -29.699 ], [ -69.066, -29.733 ], [ -69.066, -29.766 ] ] ], [ [ [ -68.899, -29.666 ], [ -68.899, -29.699 ], [ -68.899, -29.733 ], [ -68.933, -29.733 ], [ -68.933, -29.699 ], [ -68.933, -29.666 ], [ -68.899, -29.666 ] ] ], [ [ [ -68.899, -29.666 ], [ -68.899, -29.633 ], [ -68.866, -29.633 ], [ -68.866, -29.666 ], [ -68.899, -29.666 ] ] ], [ [ [ -68.799, -29.666 ], [ -68.833, -29.666 ], [ -68.833, -29.633 ], [ -68.799, -29.633 ], [ -68.799, -29.666 ] ] ], [ [ [ -69.333, -29.766 ], [ -69.333, -29.733 ], [ -69.333, -29.699 ], [ -69.299, -29.699 ], [ -69.299, -29.666 ], [ -69.299, -29.633 ], [ -69.299, -29.599 ], [ -69.266, -29.599 ], [ -69.233, -29.599 ], [ -69.233, -29.633 ], [ -69.233, -29.666 ], [ -69.266, -29.666 ], [ -69.266, -29.699 ], [ -69.266, -29.733 ], [ -69.266, -29.766 ], [ -69.299, -29.766 ], [ -69.333, -29.766 ] ] ], [ [ [ -68.899, -29.633 ], [ -68.933, -29.633 ], [ -68.933, -29.599 ], [ -68.899, -29.599 ], [ -68.899, -29.633 ] ] ], [ [ [ -67.599, -29.666 ], [ -67.633, -29.666 ], [ -67.633, -29.633 ], [ -67.633, -29.599 ], [ -67.599, -29.599 ], [ -67.599, -29.633 ], [ -67.599, -29.666 ] ] ], [ [ [ -69.133, -29.566 ], [ -69.099, -29.566 ], [ -69.099, -29.599 ], [ -69.099, -29.633 ], [ -69.133, -29.633 ], [ -69.133, -29.599 ], [ -69.133, -29.566 ] ] ], [ [ [ -68.933, -29.599 ], [ -68.966, -29.599 ], [ -68.966, -29.566 ], [ -68.933, -29.566 ], [ -68.933, -29.599 ] ] ], [ [ [ -68.899, -29.599 ], [ -68.899, -29.566 ], [ -68.866, -29.566 ], [ -68.866, -29.599 ], [ -68.899, -29.599 ] ] ], [ [ [ -69.299, -29.599 ], [ -69.333, -29.599 ], [ -69.333, -29.566 ], [ -69.333, -29.533 ], [ -69.299, -29.533 ], [ -69.299, -29.566 ], [ -69.299, -29.599 ] ] ], [ [ [ -69.133, -29.566 ], [ -69.166, -29.566 ], [ -69.166, -29.533 ], [ -69.166, -29.499 ], [ -69.133, -29.499 ], [ -69.133, -29.533 ], [ -69.133, -29.566 ] ] ], [ [ [ -69.333, -29.533 ], [ -69.366, -29.533 ], [ -69.366, -29.499 ], [ -69.366, -29.466 ], [ -69.333, -29.466 ], [ -69.333, -29.499 ], [ -69.333, -29.533 ] ] ], [ [ [ -69.133, -29.499 ], [ -69.133, -29.466 ], [ -69.099, -29.466 ], [ -69.099, -29.499 ], [ -69.133, -29.499 ] ] ], [ [ [ -69.633, -29.399 ], [ -69.599, -29.399 ], [ -69.599, -29.433 ], [ -69.599, -29.466 ], [ -69.599, -29.499 ], [ -69.633, -29.499 ], [ -69.633, -29.466 ], [ -69.633, -29.433 ], [ -69.633, -29.399 ] ] ], [ [ [ -68.899, -29.399 ], [ -68.899, -29.433 ], [ -68.866, -29.433 ], [ -68.866, -29.466 ], [ -68.866, -29.499 ], [ -68.866, -29.533 ], [ -68.899, -29.533 ], [ -68.933, -29.533 ], [ -68.966, -29.533 ], [ -68.966, -29.499 ], [ -68.933, -29.499 ], [ -68.933, -29.466 ], [ -68.933, -29.433 ], [ -68.933, -29.399 ], [ -68.899, -29.399 ] ] ], [ [ [ -69.633, -29.399 ], [ -69.666, -29.399 ], [ -69.666, -29.366 ], [ -69.633, -29.366 ], [ -69.633, -29.399 ] ] ], [ [ [ -69.066, -29.433 ], [ -69.099, -29.433 ], [ -69.099, -29.399 ], [ -69.099, -29.366 ], [ -69.066, -29.366 ], [ -69.066, -29.399 ], [ -69.066, -29.433 ] ] ], [ [ [ -69.399, -29.399 ], [ -69.433, -29.399 ], [ -69.433, -29.366 ], [ -69.433, -29.333 ], [ -69.399, -29.333 ], [ -69.399, -29.366 ], [ -69.399, -29.399 ] ] ], [ [ [ -69.533, -29.333 ], [ -69.533, -29.366 ], [ -69.566, -29.366 ], [ -69.599, -29.366 ], [ -69.633, -29.366 ], [ -69.633, -29.333 ], [ -69.666, -29.333 ], [ -69.666, -29.299 ], [ -69.633, -29.299 ], [ -69.599, -29.299 ], [ -69.599, -29.333 ], [ -69.566, -29.333 ], [ -69.533, -29.333 ] ] ], [ [ [ -69.533, -29.333 ], [ -69.533, -29.299 ], [ -69.499, -29.299 ], [ -69.466, -29.299 ], [ -69.466, -29.333 ], [ -69.466, -29.366 ], [ -69.499, -29.366 ], [ -69.499, -29.333 ], [ -69.533, -29.333 ] ] ], [ [ [ -69.033, -29.333 ], [ -69.066, -29.333 ], [ -69.066, -29.299 ], [ -69.033, -29.299 ], [ -69.033, -29.333 ] ] ], [ [ [ -67.833, -29.333 ], [ -67.866, -29.333 ], [ -67.866, -29.299 ], [ -67.833, -29.299 ], [ -67.833, -29.333 ] ] ], [ [ [ -69.366, -29.466 ], [ -69.399, -29.466 ], [ -69.399, -29.433 ], [ -69.399, -29.399 ], [ -69.366, -29.399 ], [ -69.366, -29.366 ], [ -69.333, -29.366 ], [ -69.333, -29.399 ], [ -69.299, -29.399 ], [ -69.299, -29.366 ], [ -69.299, -29.333 ], [ -69.266, -29.333 ], [ -69.266, -29.299 ], [ -69.299, -29.299 ], [ -69.333, -29.299 ], [ -69.366, -29.299 ], [ -69.366, -29.266 ], [ -69.333, -29.266 ], [ -69.299, -29.266 ], [ -69.266, -29.266 ], [ -69.233, -29.266 ], [ -69.199, -29.266 ], [ -69.199, -29.299 ], [ -69.199, -29.333 ], [ -69.233, -29.333 ], [ -69.233, -29.366 ], [ -69.233, -29.399 ], [ -69.199, -29.399 ], [ -69.199, -29.433 ], [ -69.233, -29.433 ], [ -69.233, -29.466 ], [ -69.233, -29.499 ], [ -69.266, -29.499 ], [ -69.266, -29.466 ], [ -69.299, -29.466 ], [ -69.299, -29.433 ], [ -69.333, -29.433 ], [ -69.366, -29.433 ], [ -69.366, -29.466 ] ] ], [ [ [ -68.899, -29.333 ], [ -68.933, -29.333 ], [ -68.933, -29.299 ], [ -68.933, -29.266 ], [ -68.899, -29.266 ], [ -68.899, -29.299 ], [ -68.899, -29.333 ] ] ], [ [ [ -67.733, -29.266 ], [ -67.733, -29.299 ], [ -67.766, -29.299 ], [ -67.766, -29.266 ], [ -67.799, -29.266 ], [ -67.799, -29.233 ], [ -67.766, -29.233 ], [ -67.733, -29.233 ], [ -67.733, -29.266 ] ] ], [ [ [ -69.699, -29.199 ], [ -69.666, -29.199 ], [ -69.666, -29.233 ], [ -69.666, -29.266 ], [ -69.699, -29.266 ], [ -69.699, -29.233 ], [ -69.699, -29.199 ] ] ], [ [ [ -67.899, -29.199 ], [ -67.866, -29.199 ], [ -67.866, -29.233 ], [ -67.899, -29.233 ], [ -67.899, -29.199 ] ] ], [ [ [ -67.899, -29.199 ], [ -67.933, -29.199 ], [ -67.933, -29.166 ], [ -67.899, -29.166 ], [ -67.899, -29.199 ] ] ], [ [ [ -67.766, -29.199 ], [ -67.799, -29.199 ], [ -67.799, -29.166 ], [ -67.766, -29.166 ], [ -67.733, -29.166 ], [ -67.733, -29.199 ], [ -67.766, -29.199 ] ] ], [ [ [ -69.699, -29.199 ], [ -69.733, -29.199 ], [ -69.733, -29.166 ], [ -69.733, -29.133 ], [ -69.699, -29.133 ], [ -69.699, -29.166 ], [ -69.699, -29.199 ] ] ], [ [ [ -69.033, -29.266 ], [ -69.066, -29.266 ], [ -69.066, -29.233 ], [ -69.066, -29.199 ], [ -69.066, -29.166 ], [ -69.066, -29.133 ], [ -69.033, -29.133 ], [ -69.033, -29.166 ], [ -69.033, -29.199 ], [ -69.033, -29.233 ], [ -69.033, -29.266 ] ] ], [ [ [ -68.833, -29.133 ], [ -68.833, -29.166 ], [ -68.833, -29.199 ], [ -68.833, -29.233 ], [ -68.866, -29.233 ], [ -68.866, -29.199 ], [ -68.866, -29.166 ], [ -68.866, -29.133 ], [ -68.833, -29.133 ] ] ], [ [ [ -69.133, -29.099 ], [ -69.099, -29.099 ], [ -69.099, -29.133 ], [ -69.133, -29.133 ], [ -69.133, -29.099 ] ] ], [ [ [ -68.599, -29.133 ], [ -68.633, -29.133 ], [ -68.633, -29.099 ], [ -68.599, -29.099 ], [ -68.599, -29.133 ] ] ], [ [ [ -67.699, -29.099 ], [ -67.699, -29.133 ], [ -67.733, -29.133 ], [ -67.733, -29.099 ], [ -67.699, -29.099 ] ] ], [ [ [ -69.133, -29.099 ], [ -69.166, -29.099 ], [ -69.166, -29.066 ], [ -69.133, -29.066 ], [ -69.133, -29.099 ] ] ], [ [ [ -68.833, -29.133 ], [ -68.833, -29.099 ], [ -68.833, -29.066 ], [ -68.799, -29.066 ], [ -68.799, -29.099 ], [ -68.799, -29.133 ], [ -68.833, -29.133 ] ] ], [ [ [ -69.133, -29.066 ], [ -69.133, -29.033 ], [ -69.099, -29.033 ], [ -69.066, -29.033 ], [ -69.066, -29.066 ], [ -69.099, -29.066 ], [ -69.133, -29.066 ] ] ], [ [ [ -67.933, -29.066 ], [ -67.966, -29.066 ], [ -67.966, -29.033 ], [ -67.933, -29.033 ], [ -67.933, -29.066 ] ] ], [ [ [ -67.699, -29.099 ], [ -67.699, -29.066 ], [ -67.699, -29.033 ], [ -67.666, -29.033 ], [ -67.666, -29.066 ], [ -67.666, -29.099 ], [ -67.699, -29.099 ] ] ], [ [ [ -67.233, -29.033 ], [ -67.199, -29.033 ], [ -67.199, -29.066 ], [ -67.199, -29.099 ], [ -67.233, -29.099 ], [ -67.233, -29.066 ], [ -67.233, -29.033 ] ] ], [ [ [ -69.066, -29.033 ], [ -69.066, -28.999 ], [ -69.033, -28.999 ], [ -69.033, -29.033 ], [ -69.066, -29.033 ] ] ], [ [ [ -68.833, -29.066 ], [ -68.866, -29.066 ], [ -68.866, -29.033 ], [ -68.866, -28.999 ], [ -68.833, -28.999 ], [ -68.833, -29.033 ], [ -68.833, -29.066 ] ] ], [ [ [ -68.499, -28.999 ], [ -68.466, -28.999 ], [ -68.466, -29.033 ], [ -68.499, -29.033 ], [ -68.499, -28.999 ] ] ], [ [ [ -67.233, -29.033 ], [ -67.266, -29.033 ], [ -67.266, -28.999 ], [ -67.233, -28.999 ], [ -67.233, -29.033 ] ] ], [ [ [ -67.099, -28.999 ], [ -67.099, -29.033 ], [ -67.133, -29.033 ], [ -67.133, -28.999 ], [ -67.099, -28.999 ] ] ], [ [ [ -68.499, -28.999 ], [ -68.533, -28.999 ], [ -68.533, -28.966 ], [ -68.499, -28.966 ], [ -68.499, -28.999 ] ] ], [ [ [ -67.933, -28.966 ], [ -67.966, -28.966 ], [ -67.966, -28.933 ], [ -67.933, -28.933 ], [ -67.933, -28.966 ] ] ], [ [ [ -67.099, -28.999 ], [ -67.099, -28.966 ], [ -67.099, -28.933 ], [ -67.066, -28.933 ], [ -67.066, -28.966 ], [ -67.066, -28.999 ], [ -67.099, -28.999 ] ] ], [ [ [ -68.966, -29.099 ], [ -68.999, -29.099 ], [ -68.999, -29.066 ], [ -68.999, -29.033 ], [ -68.999, -28.999 ], [ -68.999, -28.966 ], [ -68.999, -28.933 ], [ -68.999, -28.899 ], [ -68.966, -28.899 ], [ -68.966, -28.933 ], [ -68.966, -28.966 ], [ -68.966, -28.999 ], [ -68.966, -29.033 ], [ -68.966, -29.066 ], [ -68.966, -29.099 ] ] ], [ [ [ -67.633, -28.933 ], [ -67.633, -28.966 ], [ -67.666, -28.966 ], [ -67.666, -28.933 ], [ -67.699, -28.933 ], [ -67.699, -28.899 ], [ -67.666, -28.899 ], [ -67.633, -28.899 ], [ -67.633, -28.933 ] ] ], [ [ [ -68.733, -28.933 ], [ -68.699, -28.933 ], [ -68.666, -28.933 ], [ -68.666, -28.899 ], [ -68.633, -28.899 ], [ -68.633, -28.866 ], [ -68.599, -28.866 ], [ -68.599, -28.899 ], [ -68.566, -28.899 ], [ -68.533, -28.899 ], [ -68.533, -28.866 ], [ -68.499, -28.866 ], [ -68.499, -28.899 ], [ -68.499, -28.933 ], [ -68.533, -28.933 ], [ -68.566, -28.933 ], [ -68.566, -28.966 ], [ -68.599, -28.966 ], [ -68.599, -28.999 ], [ -68.633, -28.999 ], [ -68.633, -29.033 ], [ -68.633, -29.066 ], [ -68.666, -29.066 ], [ -68.666, -29.033 ], [ -68.666, -28.999 ], [ -68.666, -28.966 ], [ -68.699, -28.966 ], [ -68.733, -28.966 ], [ -68.733, -28.933 ] ] ], [ [ [ -67.899, -28.899 ], [ -67.933, -28.899 ], [ -67.933, -28.866 ], [ -67.899, -28.866 ], [ -67.899, -28.899 ] ] ], [ [ [ -67.033, -28.899 ], [ -67.066, -28.899 ], [ -67.066, -28.866 ], [ -67.033, -28.866 ], [ -67.033, -28.899 ] ] ], [ [ [ -68.633, -28.866 ], [ -68.666, -28.866 ], [ -68.666, -28.833 ], [ -68.633, -28.833 ], [ -68.633, -28.866 ] ] ], [ [ [ -67.733, -28.866 ], [ -67.766, -28.866 ], [ -67.766, -28.833 ], [ -67.733, -28.833 ], [ -67.733, -28.866 ] ] ], [ [ [ -67.933, -28.833 ], [ -67.966, -28.833 ], [ -67.966, -28.799 ], [ -67.966, -28.766 ], [ -67.933, -28.766 ], [ -67.933, -28.799 ], [ -67.933, -28.833 ] ] ], [ [ [ -67.199, -28.799 ], [ -67.233, -28.799 ], [ -67.233, -28.766 ], [ -67.199, -28.766 ], [ -67.199, -28.799 ] ] ], [ [ [ -69.133, -29.033 ], [ -69.166, -29.033 ], [ -69.166, -28.999 ], [ -69.199, -28.999 ], [ -69.233, -28.999 ], [ -69.266, -28.999 ], [ -69.266, -29.033 ], [ -69.233, -29.033 ], [ -69.199, -29.033 ], [ -69.166, -29.033 ], [ -69.166, -29.066 ], [ -69.199, -29.066 ], [ -69.233, -29.066 ], [ -69.233, -29.099 ], [ -69.266, -29.099 ], [ -69.266, -29.133 ], [ -69.299, -29.133 ], [ -69.333, -29.133 ], [ -69.333, -29.099 ], [ -69.366, -29.099 ], [ -69.366, -29.066 ], [ -69.399, -29.066 ], [ -69.399, -29.033 ], [ -69.399, -28.999 ], [ -69.366, -28.999 ], [ -69.333, -28.999 ], [ -69.333, -28.966 ], [ -69.299, -28.966 ], [ -69.266, -28.966 ], [ -69.266, -28.933 ], [ -69.266, -28.899 ], [ -69.233, -28.899 ], [ -69.233, -28.866 ], [ -69.233, -28.833 ], [ -69.199, -28.833 ], [ -69.199, -28.799 ], [ -69.166, -28.799 ], [ -69.166, -28.766 ], [ -69.166, -28.733 ], [ -69.133, -28.733 ], [ -69.099, -28.733 ], [ -69.099, -28.766 ], [ -69.099, -28.799 ], [ -69.099, -28.833 ], [ -69.133, -28.833 ], [ -69.133, -28.866 ], [ -69.133, -28.899 ], [ -69.133, -28.933 ], [ -69.133, -28.966 ], [ -69.133, -28.999 ], [ -69.133, -29.033 ] ], [ [ -69.166, -28.966 ], [ -69.166, -28.933 ], [ -69.199, -28.933 ], [ -69.199, -28.966 ], [ -69.166, -28.966 ] ] ], [ [ [ -68.666, -28.833 ], [ -68.699, -28.833 ], [ -68.733, -28.833 ], [ -68.733, -28.866 ], [ -68.733, -28.899 ], [ -68.733, -28.933 ], [ -68.766, -28.933 ], [ -68.766, -28.899 ], [ -68.799, -28.899 ], [ -68.799, -28.933 ], [ -68.799, -28.966 ], [ -68.799, -28.999 ], [ -68.833, -28.999 ], [ -68.833, -28.966 ], [ -68.833, -28.933 ], [ -68.866, -28.933 ], [ -68.866, -28.899 ], [ -68.866, -28.866 ], [ -68.833, -28.866 ], [ -68.833, -28.833 ], [ -68.833, -28.799 ], [ -68.799, -28.799 ], [ -68.799, -28.766 ], [ -68.799, -28.733 ], [ -68.766, -28.733 ], [ -68.766, -28.766 ], [ -68.766, -28.799 ], [ -68.733, -28.799 ], [ -68.699, -28.799 ], [ -68.666, -28.799 ], [ -68.666, -28.833 ] ] ], [ [ [ -68.799, -28.733 ], [ -68.833, -28.733 ], [ -68.833, -28.699 ], [ -68.799, -28.699 ], [ -68.799, -28.733 ] ] ], [ [ [ -67.799, -28.699 ], [ -67.799, -28.733 ], [ -67.766, -28.733 ], [ -67.766, -28.766 ], [ -67.799, -28.766 ], [ -67.833, -28.766 ], [ -67.833, -28.733 ], [ -67.833, -28.699 ], [ -67.799, -28.699 ] ] ], [ [ [ -67.099, -28.699 ], [ -67.099, -28.733 ], [ -67.133, -28.733 ], [ -67.166, -28.733 ], [ -67.199, -28.733 ], [ -67.199, -28.699 ], [ -67.166, -28.699 ], [ -67.133, -28.699 ], [ -67.099, -28.699 ] ] ], [ [ [ -67.933, -28.733 ], [ -67.966, -28.733 ], [ -67.966, -28.699 ], [ -67.966, -28.666 ], [ -67.933, -28.666 ], [ -67.933, -28.699 ], [ -67.933, -28.733 ] ] ], [ [ [ -67.099, -28.699 ], [ -67.099, -28.666 ], [ -67.066, -28.666 ], [ -67.066, -28.699 ], [ -67.099, -28.699 ] ] ], [ [ [ -68.766, -28.633 ], [ -68.766, -28.666 ], [ -68.799, -28.666 ], [ -68.799, -28.633 ], [ -68.766, -28.633 ] ] ], [ [ [ -67.799, -28.666 ], [ -67.833, -28.666 ], [ -67.833, -28.633 ], [ -67.799, -28.633 ], [ -67.799, -28.666 ] ] ], [ [ [ -68.766, -28.633 ], [ -68.766, -28.599 ], [ -68.766, -28.566 ], [ -68.733, -28.566 ], [ -68.733, -28.599 ], [ -68.733, -28.633 ], [ -68.766, -28.633 ] ] ], [ [ [ -67.899, -28.599 ], [ -67.933, -28.599 ], [ -67.933, -28.566 ], [ -67.899, -28.566 ], [ -67.899, -28.599 ] ] ], [ [ [ -66.999, -28.666 ], [ -67.033, -28.666 ], [ -67.033, -28.633 ], [ -67.033, -28.599 ], [ -67.033, -28.566 ], [ -66.999, -28.566 ], [ -66.999, -28.599 ], [ -66.999, -28.633 ], [ -66.999, -28.666 ] ] ], [ [ [ -68.766, -28.566 ], [ -68.799, -28.566 ], [ -68.799, -28.533 ], [ -68.766, -28.533 ], [ -68.766, -28.566 ] ] ], [ [ [ -68.733, -28.566 ], [ -68.733, -28.533 ], [ -68.699, -28.533 ], [ -68.699, -28.566 ], [ -68.733, -28.566 ] ] ], [ [ [ -68.733, -28.533 ], [ -68.766, -28.533 ], [ -68.766, -28.499 ], [ -68.733, -28.499 ], [ -68.733, -28.533 ] ] ], [ [ [ -68.699, -28.533 ], [ -68.699, -28.499 ], [ -68.666, -28.499 ], [ -68.666, -28.533 ], [ -68.699, -28.533 ] ] ], [ [ [ -67.799, -28.499 ], [ -67.766, -28.499 ], [ -67.766, -28.533 ], [ -67.799, -28.533 ], [ -67.799, -28.499 ] ] ], [ [ [ -65.999, -28.533 ], [ -66.033, -28.533 ], [ -66.033, -28.499 ], [ -65.999, -28.499 ], [ -65.999, -28.533 ] ] ], [ [ [ -67.799, -28.499 ], [ -67.833, -28.499 ], [ -67.833, -28.466 ], [ -67.799, -28.466 ], [ -67.799, -28.499 ] ] ], [ [ [ -68.666, -28.499 ], [ -68.666, -28.466 ], [ -68.666, -28.433 ], [ -68.633, -28.433 ], [ -68.633, -28.399 ], [ -68.599, -28.399 ], [ -68.599, -28.433 ], [ -68.599, -28.466 ], [ -68.599, -28.499 ], [ -68.566, -28.499 ], [ -68.566, -28.533 ], [ -68.599, -28.533 ], [ -68.633, -28.533 ], [ -68.633, -28.499 ], [ -68.666, -28.499 ] ] ], [ [ [ -68.133, -28.433 ], [ -68.166, -28.433 ], [ -68.166, -28.399 ], [ -68.133, -28.399 ], [ -68.133, -28.433 ] ] ], [ [ [ -67.899, -28.399 ], [ -67.899, -28.433 ], [ -67.899, -28.466 ], [ -67.933, -28.466 ], [ -67.933, -28.433 ], [ -67.933, -28.399 ], [ -67.899, -28.399 ] ] ], [ [ [ -65.966, -28.433 ], [ -65.999, -28.433 ], [ -65.999, -28.399 ], [ -65.966, -28.399 ], [ -65.966, -28.433 ] ] ], [ [ [ -68.466, -28.366 ], [ -68.433, -28.366 ], [ -68.433, -28.399 ], [ -68.466, -28.399 ], [ -68.466, -28.366 ] ] ], [ [ [ -67.899, -28.399 ], [ -67.899, -28.366 ], [ -67.866, -28.366 ], [ -67.833, -28.366 ], [ -67.833, -28.399 ], [ -67.866, -28.399 ], [ -67.899, -28.399 ] ] ], [ [ [ -66.066, -28.433 ], [ -66.099, -28.433 ], [ -66.099, -28.399 ], [ -66.099, -28.366 ], [ -66.066, -28.366 ], [ -66.066, -28.399 ], [ -66.066, -28.433 ] ] ], [ [ [ -68.599, -28.399 ], [ -68.599, -28.366 ], [ -68.599, -28.333 ], [ -68.566, -28.333 ], [ -68.566, -28.366 ], [ -68.566, -28.399 ], [ -68.599, -28.399 ] ] ], [ [ [ -68.466, -28.366 ], [ -68.499, -28.366 ], [ -68.499, -28.399 ], [ -68.533, -28.399 ], [ -68.533, -28.366 ], [ -68.533, -28.333 ], [ -68.499, -28.333 ], [ -68.466, -28.333 ], [ -68.466, -28.366 ] ] ], [ [ [ -68.433, -28.366 ], [ -68.433, -28.333 ], [ -68.433, -28.299 ], [ -68.399, -28.299 ], [ -68.399, -28.333 ], [ -68.399, -28.366 ], [ -68.433, -28.366 ] ] ], [ [ [ -68.166, -28.333 ], [ -68.199, -28.333 ], [ -68.199, -28.299 ], [ -68.166, -28.299 ], [ -68.166, -28.333 ] ] ], [ [ [ -67.899, -28.299 ], [ -67.866, -28.299 ], [ -67.866, -28.333 ], [ -67.899, -28.333 ], [ -67.899, -28.299 ] ] ], [ [ [ -67.766, -28.333 ], [ -67.799, -28.333 ], [ -67.799, -28.299 ], [ -67.766, -28.299 ], [ -67.766, -28.333 ] ] ], [ [ [ -68.399, -28.299 ], [ -68.399, -28.266 ], [ -68.366, -28.266 ], [ -68.366, -28.299 ], [ -68.399, -28.299 ] ] ], [ [ [ -68.066, -28.266 ], [ -68.066, -28.299 ], [ -68.099, -28.299 ], [ -68.099, -28.266 ], [ -68.066, -28.266 ] ] ], [ [ [ -67.899, -28.299 ], [ -67.933, -28.299 ], [ -67.933, -28.266 ], [ -67.899, -28.266 ], [ -67.899, -28.299 ] ] ], [ [ [ -68.066, -28.266 ], [ -68.066, -28.233 ], [ -68.033, -28.233 ], [ -68.033, -28.266 ], [ -68.066, -28.266 ] ] ], [ [ [ -65.966, -28.266 ], [ -65.999, -28.266 ], [ -65.999, -28.233 ], [ -65.966, -28.233 ], [ -65.966, -28.266 ] ] ], [ [ [ -68.533, -28.299 ], [ -68.566, -28.299 ], [ -68.566, -28.266 ], [ -68.566, -28.233 ], [ -68.566, -28.199 ], [ -68.533, -28.199 ], [ -68.533, -28.233 ], [ -68.533, -28.266 ], [ -68.533, -28.299 ] ] ], [ [ [ -68.266, -28.199 ], [ -68.233, -28.199 ], [ -68.199, -28.199 ], [ -68.166, -28.199 ], [ -68.166, -28.233 ], [ -68.133, -28.233 ], [ -68.133, -28.266 ], [ -68.166, -28.266 ], [ -68.199, -28.266 ], [ -68.199, -28.233 ], [ -68.233, -28.233 ], [ -68.266, -28.233 ], [ -68.266, -28.199 ] ] ], [ [ [ -67.933, -28.266 ], [ -67.966, -28.266 ], [ -67.966, -28.233 ], [ -67.966, -28.199 ], [ -67.933, -28.199 ], [ -67.933, -28.233 ], [ -67.933, -28.266 ] ] ], [ [ [ -66.033, -28.233 ], [ -66.066, -28.233 ], [ -66.066, -28.199 ], [ -66.033, -28.199 ], [ -66.033, -28.233 ] ] ], [ [ [ -68.266, -28.199 ], [ -68.299, -28.199 ], [ -68.299, -28.233 ], [ -68.299, -28.266 ], [ -68.333, -28.266 ], [ -68.366, -28.266 ], [ -68.366, -28.233 ], [ -68.333, -28.233 ], [ -68.333, -28.199 ], [ -68.333, -28.166 ], [ -68.299, -28.166 ], [ -68.266, -28.166 ], [ -68.266, -28.199 ] ] ], [ [ [ -67.966, -28.199 ], [ -67.999, -28.199 ], [ -68.033, -28.199 ], [ -68.033, -28.166 ], [ -67.999, -28.166 ], [ -67.966, -28.166 ], [ -67.966, -28.199 ] ] ], [ [ [ -65.966, -28.166 ], [ -65.999, -28.166 ], [ -65.999, -28.133 ], [ -65.966, -28.133 ], [ -65.966, -28.166 ] ] ], [ [ [ -67.833, -28.099 ], [ -67.799, -28.099 ], [ -67.799, -28.133 ], [ -67.799, -28.166 ], [ -67.766, -28.166 ], [ -67.766, -28.199 ], [ -67.799, -28.199 ], [ -67.799, -28.233 ], [ -67.833, -28.233 ], [ -67.833, -28.199 ], [ -67.833, -28.166 ], [ -67.833, -28.133 ], [ -67.833, -28.099 ] ] ], [ [ [ -66.033, -28.099 ], [ -66.033, -28.133 ], [ -66.066, -28.133 ], [ -66.066, -28.099 ], [ -66.033, -28.099 ] ] ], [ [ [ -66.033, -28.099 ], [ -66.033, -28.066 ], [ -65.999, -28.066 ], [ -65.999, -28.099 ], [ -66.033, -28.099 ] ] ], [ [ [ -67.833, -28.099 ], [ -67.866, -28.099 ], [ -67.866, -28.066 ], [ -67.866, -28.033 ], [ -67.833, -28.033 ], [ -67.833, -28.066 ], [ -67.833, -28.099 ] ] ], [ [ [ -67.866, -28.033 ], [ -67.899, -28.033 ], [ -67.899, -27.999 ], [ -67.866, -27.999 ], [ -67.866, -28.033 ] ] ], [ [ [ -66.066, -28.033 ], [ -66.099, -28.033 ], [ -66.099, -27.999 ], [ -66.066, -27.999 ], [ -66.066, -27.966 ], [ -66.033, -27.966 ], [ -66.033, -27.999 ], [ -66.033, -28.033 ], [ -66.066, -28.033 ] ] ], [ [ [ -67.966, -27.899 ], [ -67.933, -27.899 ], [ -67.933, -27.933 ], [ -67.966, -27.933 ], [ -67.966, -27.899 ] ] ], [ [ [ -67.933, -27.899 ], [ -67.933, -27.866 ], [ -67.899, -27.866 ], [ -67.899, -27.899 ], [ -67.933, -27.899 ] ] ], [ [ [ -67.899, -27.799 ], [ -67.933, -27.799 ], [ -67.933, -27.766 ], [ -67.899, -27.766 ], [ -67.899, -27.799 ] ] ], [ [ [ -67.433, -27.733 ], [ -67.466, -27.733 ], [ -67.466, -27.699 ], [ -67.433, -27.699 ], [ -67.433, -27.733 ] ] ], [ [ [ -67.999, -27.699 ], [ -67.999, -27.666 ], [ -67.966, -27.666 ], [ -67.966, -27.699 ], [ -67.999, -27.699 ] ] ], [ [ [ -67.999, -27.699 ], [ -67.999, -27.733 ], [ -67.966, -27.733 ], [ -67.966, -27.766 ], [ -67.999, -27.766 ], [ -67.999, -27.799 ], [ -67.999, -27.833 ], [ -67.999, -27.866 ], [ -67.966, -27.866 ], [ -67.966, -27.899 ], [ -67.999, -27.899 ], [ -68.033, -27.899 ], [ -68.033, -27.933 ], [ -68.033, -27.966 ], [ -67.999, -27.966 ], [ -67.999, -27.999 ], [ -67.999, -28.033 ], [ -67.999, -28.066 ], [ -67.966, -28.066 ], [ -67.966, -28.099 ], [ -67.999, -28.099 ], [ -68.033, -28.099 ], [ -68.033, -28.066 ], [ -68.033, -28.033 ], [ -68.066, -28.033 ], [ -68.066, -27.999 ], [ -68.099, -27.999 ], [ -68.099, -27.966 ], [ -68.099, -27.933 ], [ -68.099, -27.899 ], [ -68.133, -27.899 ], [ -68.133, -27.866 ], [ -68.133, -27.833 ], [ -68.166, -27.833 ], [ -68.166, -27.799 ], [ -68.166, -27.766 ], [ -68.166, -27.733 ], [ -68.166, -27.699 ], [ -68.166, -27.666 ], [ -68.166, -27.633 ], [ -68.166, -27.599 ], [ -68.133, -27.599 ], [ -68.133, -27.633 ], [ -68.133, -27.666 ], [ -68.133, -27.699 ], [ -68.133, -27.733 ], [ -68.099, -27.733 ], [ -68.099, -27.766 ], [ -68.066, -27.766 ], [ -68.033, -27.766 ], [ -68.033, -27.733 ], [ -68.033, -27.699 ], [ -67.999, -27.699 ] ] ], [ [ [ -67.433, -27.633 ], [ -67.466, -27.633 ], [ -67.466, -27.599 ], [ -67.433, -27.599 ], [ -67.433, -27.633 ] ] ], [ [ [ -67.366, -27.633 ], [ -67.399, -27.633 ], [ -67.399, -27.599 ], [ -67.366, -27.599 ], [ -67.366, -27.633 ] ] ], [ [ [ -67.366, -27.633 ], [ -67.333, -27.633 ], [ -67.333, -27.599 ], [ -67.299, -27.599 ], [ -67.299, -27.633 ], [ -67.299, -27.666 ], [ -67.333, -27.666 ], [ -67.333, -27.699 ], [ -67.366, -27.699 ], [ -67.366, -27.666 ], [ -67.366, -27.633 ] ] ], [ [ [ -67.333, -27.599 ], [ -67.366, -27.599 ], [ -67.366, -27.566 ], [ -67.333, -27.566 ], [ -67.333, -27.599 ] ] ], [ [ [ -67.966, -27.666 ], [ -67.966, -27.633 ], [ -67.933, -27.633 ], [ -67.933, -27.599 ], [ -67.933, -27.566 ], [ -67.933, -27.533 ], [ -67.899, -27.533 ], [ -67.899, -27.566 ], [ -67.899, -27.599 ], [ -67.899, -27.633 ], [ -67.899, -27.666 ], [ -67.933, -27.666 ], [ -67.966, -27.666 ] ] ], [ [ [ -67.233, -27.533 ], [ -67.233, -27.566 ], [ -67.266, -27.566 ], [ -67.266, -27.533 ], [ -67.233, -27.533 ] ] ], [ [ [ -67.233, -27.533 ], [ -67.233, -27.499 ], [ -67.199, -27.499 ], [ -67.199, -27.533 ], [ -67.233, -27.533 ] ] ], [ [ [ -67.899, -27.466 ], [ -67.899, -27.499 ], [ -67.933, -27.499 ], [ -67.933, -27.466 ], [ -67.899, -27.466 ] ] ], [ [ [ -67.899, -27.466 ], [ -67.899, -27.433 ], [ -67.866, -27.433 ], [ -67.866, -27.466 ], [ -67.899, -27.466 ] ] ], [ [ [ -67.133, -27.466 ], [ -67.166, -27.466 ], [ -67.166, -27.433 ], [ -67.133, -27.433 ], [ -67.133, -27.466 ] ] ], [ [ [ -66.166, -27.466 ], [ -66.199, -27.466 ], [ -66.199, -27.433 ], [ -66.199, -27.399 ], [ -66.166, -27.399 ], [ -66.166, -27.433 ], [ -66.166, -27.466 ] ] ], [ [ [ -67.933, -27.399 ], [ -67.966, -27.399 ], [ -67.966, -27.366 ], [ -67.933, -27.366 ], [ -67.933, -27.399 ] ] ], [ [ [ -66.233, -27.399 ], [ -66.266, -27.399 ], [ -66.266, -27.366 ], [ -66.233, -27.366 ], [ -66.233, -27.399 ] ] ], [ [ [ -67.099, -27.333 ], [ -67.099, -27.366 ], [ -67.099, -27.399 ], [ -67.133, -27.399 ], [ -67.133, -27.366 ], [ -67.166, -27.366 ], [ -67.199, -27.366 ], [ -67.199, -27.333 ], [ -67.166, -27.333 ], [ -67.133, -27.333 ], [ -67.099, -27.333 ] ] ], [ [ [ -66.433, -27.366 ], [ -66.466, -27.366 ], [ -66.466, -27.333 ], [ -66.433, -27.333 ], [ -66.433, -27.366 ] ] ], [ [ [ -66.333, -27.333 ], [ -66.333, -27.366 ], [ -66.299, -27.366 ], [ -66.299, -27.399 ], [ -66.333, -27.399 ], [ -66.366, -27.399 ], [ -66.366, -27.366 ], [ -66.399, -27.366 ], [ -66.399, -27.333 ], [ -66.366, -27.333 ], [ -66.333, -27.333 ] ] ], [ [ [ -67.399, -27.299 ], [ -67.366, -27.299 ], [ -67.366, -27.333 ], [ -67.366, -27.366 ], [ -67.366, -27.399 ], [ -67.399, -27.399 ], [ -67.399, -27.366 ], [ -67.399, -27.333 ], [ -67.399, -27.299 ] ] ], [ [ [ -67.099, -27.333 ], [ -67.099, -27.299 ], [ -67.066, -27.299 ], [ -67.066, -27.333 ], [ -67.099, -27.333 ] ] ], [ [ [ -66.333, -27.333 ], [ -66.333, -27.299 ], [ -66.299, -27.299 ], [ -66.299, -27.333 ], [ -66.333, -27.333 ] ] ], [ [ [ -67.899, -27.266 ], [ -67.899, -27.299 ], [ -67.899, -27.333 ], [ -67.933, -27.333 ], [ -67.933, -27.299 ], [ -67.933, -27.266 ], [ -67.899, -27.266 ] ] ], [ [ [ -67.399, -27.299 ], [ -67.433, -27.299 ], [ -67.433, -27.266 ], [ -67.399, -27.266 ], [ -67.399, -27.299 ] ] ], [ [ [ -66.033, -27.299 ], [ -66.066, -27.299 ], [ -66.066, -27.266 ], [ -66.033, -27.266 ], [ -66.033, -27.299 ] ] ], [ [ [ -67.133, -27.233 ], [ -67.133, -27.266 ], [ -67.133, -27.299 ], [ -67.166, -27.299 ], [ -67.166, -27.266 ], [ -67.166, -27.233 ], [ -67.133, -27.233 ] ] ], [ [ [ -66.499, -27.266 ], [ -66.533, -27.266 ], [ -66.533, -27.233 ], [ -66.499, -27.233 ], [ -66.499, -27.266 ] ] ], [ [ [ -66.199, -27.233 ], [ -66.199, -27.266 ], [ -66.233, -27.266 ], [ -66.233, -27.233 ], [ -66.199, -27.233 ] ] ], [ [ [ -67.133, -27.233 ], [ -67.133, -27.199 ], [ -67.099, -27.199 ], [ -67.099, -27.233 ], [ -67.133, -27.233 ] ] ], [ [ [ -66.199, -27.233 ], [ -66.199, -27.199 ], [ -66.166, -27.199 ], [ -66.166, -27.233 ], [ -66.199, -27.233 ] ] ], [ [ [ -67.099, -27.199 ], [ -67.099, -27.166 ], [ -67.066, -27.166 ], [ -67.066, -27.199 ], [ -67.099, -27.199 ] ] ], [ [ [ -67.433, -27.166 ], [ -67.466, -27.166 ], [ -67.499, -27.166 ], [ -67.533, -27.166 ], [ -67.566, -27.166 ], [ -67.566, -27.133 ], [ -67.533, -27.133 ], [ -67.499, -27.133 ], [ -67.466, -27.133 ], [ -67.433, -27.133 ], [ -67.433, -27.166 ] ] ], [ [ [ -67.399, -27.266 ], [ -67.399, -27.233 ], [ -67.366, -27.233 ], [ -67.366, -27.199 ], [ -67.399, -27.199 ], [ -67.433, -27.199 ], [ -67.433, -27.166 ], [ -67.399, -27.166 ], [ -67.366, -27.166 ], [ -67.366, -27.133 ], [ -67.333, -27.133 ], [ -67.333, -27.166 ], [ -67.333, -27.199 ], [ -67.333, -27.233 ], [ -67.333, -27.266 ], [ -67.366, -27.266 ], [ -67.399, -27.266 ] ] ], [ [ [ -67.066, -27.166 ], [ -67.066, -27.133 ], [ -67.033, -27.133 ], [ -67.033, -27.166 ], [ -67.066, -27.166 ] ] ], [ [ [ -67.033, -27.133 ], [ -67.033, -27.099 ], [ -66.999, -27.099 ], [ -66.999, -27.133 ], [ -67.033, -27.133 ] ] ], [ [ [ -66.099, -27.133 ], [ -66.133, -27.133 ], [ -66.133, -27.099 ], [ -66.099, -27.099 ], [ -66.099, -27.133 ] ] ], [ [ [ -67.899, -27.266 ], [ -67.899, -27.233 ], [ -67.899, -27.199 ], [ -67.899, -27.166 ], [ -67.899, -27.133 ], [ -67.899, -27.099 ], [ -67.899, -27.066 ], [ -67.866, -27.066 ], [ -67.866, -27.099 ], [ -67.866, -27.133 ], [ -67.866, -27.166 ], [ -67.866, -27.199 ], [ -67.866, -27.233 ], [ -67.866, -27.266 ], [ -67.899, -27.266 ] ] ], [ [ [ -67.566, -27.133 ], [ -67.599, -27.133 ], [ -67.599, -27.099 ], [ -67.599, -27.066 ], [ -67.566, -27.066 ], [ -67.566, -27.099 ], [ -67.566, -27.133 ] ] ], [ [ [ -66.699, -27.099 ], [ -66.733, -27.099 ], [ -66.733, -27.066 ], [ -66.699, -27.066 ], [ -66.699, -27.099 ] ] ], [ [ [ -65.866, -27.099 ], [ -65.899, -27.099 ], [ -65.899, -27.066 ], [ -65.866, -27.066 ], [ -65.866, -27.099 ] ] ], [ [ [ -67.599, -27.066 ], [ -67.633, -27.066 ], [ -67.633, -27.033 ], [ -67.599, -27.033 ], [ -67.599, -27.066 ] ] ], [ [ [ -66.999, -27.033 ], [ -66.999, -27.066 ], [ -67.033, -27.066 ], [ -67.033, -27.033 ], [ -66.999, -27.033 ] ] ], [ [ [ -66.066, -27.033 ], [ -66.066, -27.066 ], [ -66.099, -27.066 ], [ -66.099, -27.033 ], [ -66.066, -27.033 ] ] ], [ [ [ -67.866, -26.999 ], [ -67.866, -27.033 ], [ -67.899, -27.033 ], [ -67.899, -26.999 ], [ -67.866, -26.999 ] ] ], [ [ [ -66.999, -27.033 ], [ -66.999, -26.999 ], [ -66.966, -26.999 ], [ -66.966, -27.033 ], [ -66.999, -27.033 ] ] ], [ [ [ -66.066, -27.033 ], [ -66.066, -26.999 ], [ -66.033, -26.999 ], [ -65.999, -26.999 ], [ -65.999, -27.033 ], [ -66.033, -27.033 ], [ -66.066, -27.033 ] ] ], [ [ [ -67.866, -26.999 ], [ -67.866, -26.966 ], [ -67.833, -26.966 ], [ -67.833, -26.999 ], [ -67.866, -26.999 ] ] ], [ [ [ -67.833, -26.966 ], [ -67.833, -26.933 ], [ -67.799, -26.933 ], [ -67.799, -26.966 ], [ -67.833, -26.966 ] ] ], [ [ [ -67.766, -26.933 ], [ -67.733, -26.933 ], [ -67.699, -26.933 ], [ -67.666, -26.933 ], [ -67.666, -26.966 ], [ -67.666, -26.999 ], [ -67.699, -26.999 ], [ -67.699, -27.033 ], [ -67.699, -27.066 ], [ -67.733, -27.066 ], [ -67.733, -27.033 ], [ -67.733, -26.999 ], [ -67.733, -26.966 ], [ -67.766, -26.966 ], [ -67.766, -26.933 ] ] ], [ [ [ -66.966, -26.999 ], [ -66.966, -26.966 ], [ -66.966, -26.933 ], [ -66.933, -26.933 ], [ -66.933, -26.966 ], [ -66.933, -26.999 ], [ -66.966, -26.999 ] ] ], [ [ [ -66.799, -26.966 ], [ -66.799, -26.933 ], [ -66.766, -26.933 ], [ -66.766, -26.966 ], [ -66.799, -26.966 ] ] ], [ [ [ -67.766, -26.933 ], [ -67.799, -26.933 ], [ -67.799, -26.899 ], [ -67.766, -26.899 ], [ -67.766, -26.933 ] ] ], [ [ [ -66.699, -26.899 ], [ -66.666, -26.899 ], [ -66.633, -26.899 ], [ -66.599, -26.899 ], [ -66.599, -26.933 ], [ -66.599, -26.966 ], [ -66.566, -26.966 ], [ -66.566, -26.999 ], [ -66.566, -27.033 ], [ -66.599, -27.033 ], [ -66.633, -27.033 ], [ -66.633, -26.999 ], [ -66.633, -26.966 ], [ -66.633, -26.933 ], [ -66.666, -26.933 ], [ -66.699, -26.933 ], [ -66.699, -26.899 ] ] ], [ [ [ -65.966, -26.933 ], [ -65.999, -26.933 ], [ -65.999, -26.899 ], [ -65.966, -26.899 ], [ -65.966, -26.933 ] ] ], [ [ [ -66.799, -26.966 ], [ -66.799, -26.999 ], [ -66.833, -26.999 ], [ -66.866, -26.999 ], [ -66.899, -26.999 ], [ -66.899, -26.966 ], [ -66.899, -26.933 ], [ -66.933, -26.933 ], [ -66.933, -26.899 ], [ -66.966, -26.899 ], [ -66.999, -26.899 ], [ -66.999, -26.866 ], [ -66.966, -26.866 ], [ -66.933, -26.866 ], [ -66.899, -26.866 ], [ -66.899, -26.899 ], [ -66.866, -26.899 ], [ -66.866, -26.933 ], [ -66.866, -26.966 ], [ -66.833, -26.966 ], [ -66.799, -26.966 ] ] ], [ [ [ -66.533, -26.933 ], [ -66.566, -26.933 ], [ -66.566, -26.899 ], [ -66.566, -26.866 ], [ -66.533, -26.866 ], [ -66.533, -26.899 ], [ -66.533, -26.933 ] ] ], [ [ [ -66.699, -26.899 ], [ -66.733, -26.899 ], [ -66.766, -26.899 ], [ -66.766, -26.866 ], [ -66.766, -26.833 ], [ -66.733, -26.833 ], [ -66.733, -26.866 ], [ -66.699, -26.866 ], [ -66.699, -26.899 ] ] ], [ [ [ -66.766, -26.833 ], [ -66.799, -26.833 ], [ -66.799, -26.799 ], [ -66.766, -26.799 ], [ -66.766, -26.833 ] ] ], [ [ [ -65.933, -26.799 ], [ -65.933, -26.833 ], [ -65.966, -26.833 ], [ -65.966, -26.799 ], [ -65.933, -26.799 ] ] ], [ [ [ -65.766, -26.833 ], [ -65.799, -26.833 ], [ -65.799, -26.799 ], [ -65.766, -26.799 ], [ -65.766, -26.833 ] ] ], [ [ [ -66.499, -26.799 ], [ -66.533, -26.799 ], [ -66.533, -26.766 ], [ -66.499, -26.766 ], [ -66.499, -26.799 ] ] ], [ [ [ -65.933, -26.799 ], [ -65.933, -26.766 ], [ -65.899, -26.766 ], [ -65.899, -26.799 ], [ -65.933, -26.799 ] ] ], [ [ [ -66.199, -26.733 ], [ -66.166, -26.733 ], [ -66.166, -26.766 ], [ -66.166, -26.799 ], [ -66.199, -26.799 ], [ -66.199, -26.833 ], [ -66.166, -26.833 ], [ -66.166, -26.866 ], [ -66.166, -26.899 ], [ -66.199, -26.899 ], [ -66.233, -26.899 ], [ -66.233, -26.866 ], [ -66.233, -26.833 ], [ -66.233, -26.799 ], [ -66.233, -26.766 ], [ -66.199, -26.766 ], [ -66.199, -26.733 ] ] ], [ [ [ -65.899, -26.766 ], [ -65.899, -26.733 ], [ -65.866, -26.733 ], [ -65.866, -26.766 ], [ -65.899, -26.766 ] ] ], [ [ [ -66.466, -26.733 ], [ -66.499, -26.733 ], [ -66.499, -26.699 ], [ -66.466, -26.699 ], [ -66.466, -26.733 ] ] ], [ [ [ -66.199, -26.733 ], [ -66.233, -26.733 ], [ -66.233, -26.699 ], [ -66.199, -26.699 ], [ -66.199, -26.733 ] ] ], [ [ [ -65.866, -26.733 ], [ -65.866, -26.699 ], [ -65.833, -26.699 ], [ -65.799, -26.699 ], [ -65.799, -26.666 ], [ -65.766, -26.666 ], [ -65.766, -26.699 ], [ -65.766, -26.733 ], [ -65.766, -26.766 ], [ -65.799, -26.766 ], [ -65.833, -26.766 ], [ -65.833, -26.733 ], [ -65.866, -26.733 ] ] ], [ [ [ -66.399, -26.633 ], [ -66.433, -26.633 ], [ -66.433, -26.599 ], [ -66.399, -26.599 ], [ -66.399, -26.633 ] ] ], [ [ [ -66.166, -26.633 ], [ -66.166, -26.599 ], [ -66.133, -26.599 ], [ -66.133, -26.633 ], [ -66.166, -26.633 ] ] ], [ [ [ -67.433, -26.633 ], [ -67.433, -26.666 ], [ -67.466, -26.666 ], [ -67.499, -26.666 ], [ -67.533, -26.666 ], [ -67.566, -26.666 ], [ -67.566, -26.633 ], [ -67.599, -26.633 ], [ -67.599, -26.599 ], [ -67.633, -26.599 ], [ -67.633, -26.566 ], [ -67.633, -26.533 ], [ -67.599, -26.533 ], [ -67.566, -26.533 ], [ -67.566, -26.566 ], [ -67.533, -26.566 ], [ -67.499, -26.566 ], [ -67.499, -26.599 ], [ -67.466, -26.599 ], [ -67.466, -26.633 ], [ -67.433, -26.633 ] ] ], [ [ [ -66.366, -26.533 ], [ -66.366, -26.566 ], [ -66.399, -26.566 ], [ -66.399, -26.533 ], [ -66.366, -26.533 ] ] ], [ [ [ -66.166, -26.633 ], [ -66.166, -26.666 ], [ -66.166, -26.699 ], [ -66.199, -26.699 ], [ -66.199, -26.666 ], [ -66.233, -26.666 ], [ -66.233, -26.633 ], [ -66.233, -26.599 ], [ -66.233, -26.566 ], [ -66.233, -26.533 ], [ -66.199, -26.533 ], [ -66.199, -26.566 ], [ -66.199, -26.599 ], [ -66.199, -26.633 ], [ -66.166, -26.633 ] ] ], [ [ [ -66.366, -26.533 ], [ -66.366, -26.499 ], [ -66.333, -26.499 ], [ -66.299, -26.499 ], [ -66.266, -26.499 ], [ -66.266, -26.533 ], [ -66.299, -26.533 ], [ -66.333, -26.533 ], [ -66.366, -26.533 ] ] ], [ [ [ -65.766, -26.533 ], [ -65.799, -26.533 ], [ -65.799, -26.499 ], [ -65.766, -26.499 ], [ -65.766, -26.533 ] ] ], [ [ [ -65.666, -26.566 ], [ -65.699, -26.566 ], [ -65.699, -26.533 ], [ -65.699, -26.499 ], [ -65.666, -26.499 ], [ -65.666, -26.533 ], [ -65.666, -26.566 ] ] ], [ [ [ -66.799, -26.733 ], [ -66.799, -26.699 ], [ -66.833, -26.699 ], [ -66.833, -26.733 ], [ -66.799, -26.733 ], [ -66.799, -26.766 ], [ -66.799, -26.799 ], [ -66.833, -26.799 ], [ -66.833, -26.766 ], [ -66.866, -26.766 ], [ -66.899, -26.766 ], [ -66.899, -26.733 ], [ -66.933, -26.733 ], [ -66.933, -26.699 ], [ -66.966, -26.699 ], [ -66.966, -26.666 ], [ -66.966, -26.633 ], [ -66.966, -26.599 ], [ -66.966, -26.566 ], [ -66.966, -26.533 ], [ -66.966, -26.499 ], [ -66.933, -26.499 ], [ -66.933, -26.466 ], [ -66.899, -26.466 ], [ -66.866, -26.466 ], [ -66.833, -26.466 ], [ -66.799, -26.466 ], [ -66.766, -26.466 ], [ -66.766, -26.499 ], [ -66.733, -26.499 ], [ -66.733, -26.533 ], [ -66.733, -26.566 ], [ -66.766, -26.566 ], [ -66.766, -26.599 ], [ -66.733, -26.599 ], [ -66.733, -26.633 ], [ -66.733, -26.666 ], [ -66.733, -26.699 ], [ -66.733, -26.733 ], [ -66.766, -26.733 ], [ -66.799, -26.733 ] ] ], [ [ [ -67.566, -26.466 ], [ -67.599, -26.466 ], [ -67.599, -26.433 ], [ -67.566, -26.433 ], [ -67.566, -26.466 ] ] ], [ [ [ -67.433, -26.633 ], [ -67.433, -26.599 ], [ -67.399, -26.599 ], [ -67.366, -26.599 ], [ -67.366, -26.566 ], [ -67.366, -26.533 ], [ -67.333, -26.533 ], [ -67.333, -26.499 ], [ -67.333, -26.466 ], [ -67.333, -26.433 ], [ -67.299, -26.433 ], [ -67.299, -26.466 ], [ -67.266, -26.466 ], [ -67.233, -26.466 ], [ -67.233, -26.499 ], [ -67.233, -26.533 ], [ -67.266, -26.533 ], [ -67.266, -26.566 ], [ -67.266, -26.599 ], [ -67.299, -26.599 ], [ -67.333, -26.599 ], [ -67.333, -26.633 ], [ -67.366, -26.633 ], [ -67.399, -26.633 ], [ -67.433, -26.633 ] ] ], [ [ [ -66.199, -26.466 ], [ -66.233, -26.466 ], [ -66.233, -26.433 ], [ -66.199, -26.433 ], [ -66.199, -26.466 ] ] ], [ [ [ -66.099, -26.433 ], [ -66.099, -26.466 ], [ -66.133, -26.466 ], [ -66.133, -26.433 ], [ -66.099, -26.433 ] ] ], [ [ [ -66.266, -26.399 ], [ -66.266, -26.433 ], [ -66.299, -26.433 ], [ -66.299, -26.399 ], [ -66.266, -26.399 ] ] ], [ [ [ -66.099, -26.433 ], [ -66.099, -26.399 ], [ -66.066, -26.399 ], [ -66.066, -26.433 ], [ -66.099, -26.433 ] ] ], [ [ [ -68.066, -26.366 ], [ -68.033, -26.366 ], [ -68.033, -26.399 ], [ -68.066, -26.399 ], [ -68.066, -26.366 ] ] ], [ [ [ -67.566, -26.399 ], [ -67.599, -26.399 ], [ -67.599, -26.366 ], [ -67.566, -26.366 ], [ -67.566, -26.399 ] ] ], [ [ [ -65.733, -26.366 ], [ -65.733, -26.399 ], [ -65.733, -26.433 ], [ -65.766, -26.433 ], [ -65.766, -26.399 ], [ -65.766, -26.366 ], [ -65.733, -26.366 ] ] ], [ [ [ -65.699, -26.366 ], [ -65.666, -26.366 ], [ -65.666, -26.399 ], [ -65.699, -26.399 ], [ -65.699, -26.366 ] ] ], [ [ [ -68.066, -26.366 ], [ -68.099, -26.366 ], [ -68.099, -26.333 ], [ -68.066, -26.333 ], [ -68.066, -26.366 ] ] ], [ [ [ -66.266, -26.399 ], [ -66.266, -26.366 ], [ -66.233, -26.366 ], [ -66.233, -26.333 ], [ -66.233, -26.299 ], [ -66.199, -26.299 ], [ -66.199, -26.333 ], [ -66.199, -26.366 ], [ -66.199, -26.399 ], [ -66.233, -26.399 ], [ -66.266, -26.399 ] ] ], [ [ [ -66.066, -26.299 ], [ -66.066, -26.333 ], [ -66.099, -26.333 ], [ -66.099, -26.299 ], [ -66.066, -26.299 ] ] ], [ [ [ -67.533, -26.266 ], [ -67.533, -26.299 ], [ -67.533, -26.333 ], [ -67.566, -26.333 ], [ -67.566, -26.299 ], [ -67.566, -26.266 ], [ -67.533, -26.266 ] ] ], [ [ [ -66.199, -26.299 ], [ -66.199, -26.266 ], [ -66.166, -26.266 ], [ -66.166, -26.299 ], [ -66.199, -26.299 ] ] ], [ [ [ -65.699, -26.366 ], [ -65.733, -26.366 ], [ -65.733, -26.333 ], [ -65.733, -26.299 ], [ -65.733, -26.266 ], [ -65.699, -26.266 ], [ -65.699, -26.299 ], [ -65.699, -26.333 ], [ -65.699, -26.366 ] ] ], [ [ [ -66.066, -26.299 ], [ -66.066, -26.266 ], [ -66.066, -26.233 ], [ -66.033, -26.233 ], [ -66.033, -26.266 ], [ -66.033, -26.299 ], [ -66.066, -26.299 ] ] ], [ [ [ -68.033, -26.199 ], [ -68.033, -26.233 ], [ -68.033, -26.266 ], [ -68.066, -26.266 ], [ -68.066, -26.233 ], [ -68.066, -26.199 ], [ -68.033, -26.199 ] ] ], [ [ [ -67.299, -26.433 ], [ -67.299, -26.399 ], [ -67.299, -26.366 ], [ -67.333, -26.366 ], [ -67.333, -26.333 ], [ -67.366, -26.333 ], [ -67.366, -26.299 ], [ -67.333, -26.299 ], [ -67.333, -26.266 ], [ -67.333, -26.233 ], [ -67.333, -26.199 ], [ -67.299, -26.199 ], [ -67.299, -26.233 ], [ -67.266, -26.233 ], [ -67.266, -26.266 ], [ -67.266, -26.299 ], [ -67.266, -26.333 ], [ -67.266, -26.366 ], [ -67.266, -26.399 ], [ -67.266, -26.433 ], [ -67.299, -26.433 ] ] ], [ [ [ -66.033, -26.199 ], [ -66.066, -26.199 ], [ -66.066, -26.166 ], [ -66.033, -26.166 ], [ -66.033, -26.199 ] ] ], [ [ [ -65.699, -26.133 ], [ -65.699, -26.166 ], [ -65.699, -26.199 ], [ -65.733, -26.199 ], [ -65.733, -26.166 ], [ -65.733, -26.133 ], [ -65.699, -26.133 ] ] ], [ [ [ -67.666, -26.533 ], [ -67.699, -26.533 ], [ -67.699, -26.499 ], [ -67.699, -26.466 ], [ -67.699, -26.433 ], [ -67.699, -26.399 ], [ -67.699, -26.366 ], [ -67.699, -26.333 ], [ -67.699, -26.299 ], [ -67.666, -26.299 ], [ -67.666, -26.266 ], [ -67.666, -26.233 ], [ -67.633, -26.233 ], [ -67.633, -26.199 ], [ -67.633, -26.166 ], [ -67.633, -26.133 ], [ -67.599, -26.133 ], [ -67.599, -26.099 ], [ -67.566, -26.099 ], [ -67.566, -26.133 ], [ -67.566, -26.166 ], [ -67.599, -26.166 ], [ -67.599, -26.199 ], [ -67.599, -26.233 ], [ -67.599, -26.266 ], [ -67.599, -26.299 ], [ -67.599, -26.333 ], [ -67.633, -26.333 ], [ -67.633, -26.366 ], [ -67.633, -26.399 ], [ -67.633, -26.433 ], [ -67.633, -26.466 ], [ -67.666, -26.466 ], [ -67.666, -26.499 ], [ -67.666, -26.533 ] ] ], [ [ [ -65.699, -26.133 ], [ -65.699, -26.099 ], [ -65.666, -26.099 ], [ -65.666, -26.133 ], [ -65.699, -26.133 ] ] ], [ [ [ -66.266, -26.033 ], [ -66.266, -26.066 ], [ -66.266, -26.099 ], [ -66.299, -26.099 ], [ -66.299, -26.066 ], [ -66.333, -26.066 ], [ -66.333, -26.033 ], [ -66.299, -26.033 ], [ -66.266, -26.033 ] ] ], [ [ [ -66.266, -26.033 ], [ -66.266, -25.999 ], [ -66.233, -25.999 ], [ -66.199, -25.999 ], [ -66.199, -26.033 ], [ -66.233, -26.033 ], [ -66.266, -26.033 ] ] ], [ [ [ -66.099, -26.033 ], [ -66.133, -26.033 ], [ -66.133, -25.999 ], [ -66.099, -25.999 ], [ -66.099, -26.033 ] ] ], [ [ [ -68.033, -26.033 ], [ -68.066, -26.033 ], [ -68.066, -25.999 ], [ -68.066, -25.966 ], [ -68.033, -25.966 ], [ -68.033, -25.999 ], [ -68.033, -26.033 ] ] ], [ [ [ -67.333, -26.199 ], [ -67.366, -26.199 ], [ -67.399, -26.199 ], [ -67.399, -26.233 ], [ -67.433, -26.233 ], [ -67.466, -26.233 ], [ -67.499, -26.233 ], [ -67.499, -26.266 ], [ -67.533, -26.266 ], [ -67.533, -26.233 ], [ -67.533, -26.199 ], [ -67.533, -26.166 ], [ -67.533, -26.133 ], [ -67.499, -26.133 ], [ -67.499, -26.099 ], [ -67.499, -26.066 ], [ -67.499, -26.033 ], [ -67.499, -25.999 ], [ -67.466, -25.999 ], [ -67.466, -25.966 ], [ -67.466, -25.933 ], [ -67.433, -25.933 ], [ -67.433, -25.966 ], [ -67.433, -25.999 ], [ -67.399, -25.999 ], [ -67.399, -25.966 ], [ -67.366, -25.966 ], [ -67.366, -25.999 ], [ -67.366, -26.033 ], [ -67.333, -26.033 ], [ -67.333, -26.066 ], [ -67.366, -26.066 ], [ -67.366, -26.099 ], [ -67.333, -26.099 ], [ -67.333, -26.133 ], [ -67.333, -26.166 ], [ -67.333, -26.199 ] ] ], [ [ [ -66.399, -25.933 ], [ -66.366, -25.933 ], [ -66.366, -25.966 ], [ -66.333, -25.966 ], [ -66.333, -25.999 ], [ -66.366, -25.999 ], [ -66.366, -26.033 ], [ -66.366, -26.066 ], [ -66.399, -26.066 ], [ -66.433, -26.066 ], [ -66.433, -26.033 ], [ -66.433, -25.999 ], [ -66.433, -25.966 ], [ -66.399, -25.966 ], [ -66.399, -25.933 ] ] ], [ [ [ -66.133, -25.933 ], [ -66.099, -25.933 ], [ -66.099, -25.966 ], [ -66.133, -25.966 ], [ -66.133, -25.933 ] ] ], [ [ [ -67.666, -25.933 ], [ -67.699, -25.933 ], [ -67.699, -25.899 ], [ -67.666, -25.899 ], [ -67.666, -25.933 ] ] ], [ [ [ -66.133, -25.933 ], [ -66.166, -25.933 ], [ -66.166, -25.899 ], [ -66.133, -25.899 ], [ -66.133, -25.933 ] ] ], [ [ [ -67.799, -25.899 ], [ -67.799, -25.933 ], [ -67.833, -25.933 ], [ -67.833, -25.966 ], [ -67.833, -25.999 ], [ -67.866, -25.999 ], [ -67.866, -26.033 ], [ -67.899, -26.033 ], [ -67.899, -26.066 ], [ -67.899, -26.099 ], [ -67.899, -26.133 ], [ -67.899, -26.166 ], [ -67.933, -26.166 ], [ -67.933, -26.199 ], [ -67.933, -26.233 ], [ -67.933, -26.266 ], [ -67.933, -26.299 ], [ -67.966, -26.299 ], [ -67.966, -26.333 ], [ -67.999, -26.333 ], [ -67.999, -26.366 ], [ -68.033, -26.366 ], [ -68.033, -26.333 ], [ -68.033, -26.299 ], [ -67.999, -26.299 ], [ -67.999, -26.266 ], [ -67.999, -26.233 ], [ -67.999, -26.199 ], [ -68.033, -26.199 ], [ -68.033, -26.166 ], [ -68.033, -26.133 ], [ -67.999, -26.133 ], [ -67.999, -26.166 ], [ -67.966, -26.166 ], [ -67.966, -26.133 ], [ -67.966, -26.099 ], [ -67.933, -26.099 ], [ -67.933, -26.066 ], [ -67.966, -26.066 ], [ -67.966, -26.099 ], [ -67.999, -26.099 ], [ -68.033, -26.099 ], [ -68.033, -26.066 ], [ -67.999, -26.066 ], [ -67.999, -26.033 ], [ -67.966, -26.033 ], [ -67.966, -25.999 ], [ -67.966, -25.966 ], [ -67.966, -25.933 ], [ -67.933, -25.933 ], [ -67.933, -25.899 ], [ -67.933, -25.866 ], [ -67.899, -25.866 ], [ -67.899, -25.899 ], [ -67.899, -25.933 ], [ -67.866, -25.933 ], [ -67.866, -25.899 ], [ -67.833, -25.899 ], [ -67.799, -25.899 ] ], [ [ -67.933, -25.966 ], [ -67.933, -25.999 ], [ -67.899, -25.999 ], [ -67.899, -25.966 ], [ -67.933, -25.966 ] ] ], [ [ [ -67.799, -25.899 ], [ -67.799, -25.866 ], [ -67.766, -25.866 ], [ -67.766, -25.899 ], [ -67.799, -25.899 ] ] ], [ [ [ -66.399, -25.933 ], [ -66.433, -25.933 ], [ -66.433, -25.899 ], [ -66.433, -25.866 ], [ -66.433, -25.833 ], [ -66.399, -25.833 ], [ -66.399, -25.866 ], [ -66.399, -25.899 ], [ -66.399, -25.933 ] ] ], [ [ [ -66.199, -25.866 ], [ -66.233, -25.866 ], [ -66.233, -25.833 ], [ -66.199, -25.833 ], [ -66.166, -25.833 ], [ -66.166, -25.866 ], [ -66.199, -25.866 ] ] ], [ [ [ -67.766, -25.866 ], [ -67.766, -25.833 ], [ -67.766, -25.799 ], [ -67.733, -25.799 ], [ -67.733, -25.833 ], [ -67.699, -25.833 ], [ -67.699, -25.866 ], [ -67.733, -25.866 ], [ -67.766, -25.866 ] ] ], [ [ [ -68.066, -25.766 ], [ -68.066, -25.799 ], [ -68.033, -25.799 ], [ -68.033, -25.833 ], [ -68.033, -25.866 ], [ -68.033, -25.899 ], [ -68.033, -25.933 ], [ -68.066, -25.933 ], [ -68.066, -25.899 ], [ -68.066, -25.866 ], [ -68.099, -25.866 ], [ -68.099, -25.833 ], [ -68.099, -25.799 ], [ -68.099, -25.766 ], [ -68.066, -25.766 ] ] ], [ [ [ -66.466, -25.799 ], [ -66.499, -25.799 ], [ -66.499, -25.766 ], [ -66.466, -25.766 ], [ -66.466, -25.799 ] ] ], [ [ [ -67.666, -25.766 ], [ -67.699, -25.766 ], [ -67.699, -25.733 ], [ -67.666, -25.733 ], [ -67.666, -25.766 ] ] ], [ [ [ -67.599, -25.733 ], [ -67.633, -25.733 ], [ -67.633, -25.699 ], [ -67.599, -25.699 ], [ -67.599, -25.733 ] ] ], [ [ [ -66.533, -25.733 ], [ -66.566, -25.733 ], [ -66.566, -25.699 ], [ -66.533, -25.699 ], [ -66.499, -25.699 ], [ -66.466, -25.699 ], [ -66.466, -25.733 ], [ -66.499, -25.733 ], [ -66.533, -25.733 ] ] ], [ [ [ -67.733, -25.666 ], [ -67.733, -25.699 ], [ -67.733, -25.733 ], [ -67.766, -25.733 ], [ -67.766, -25.766 ], [ -67.799, -25.766 ], [ -67.799, -25.799 ], [ -67.833, -25.799 ], [ -67.833, -25.833 ], [ -67.866, -25.833 ], [ -67.899, -25.833 ], [ -67.899, -25.799 ], [ -67.866, -25.799 ], [ -67.866, -25.766 ], [ -67.833, -25.766 ], [ -67.833, -25.733 ], [ -67.799, -25.733 ], [ -67.799, -25.699 ], [ -67.766, -25.699 ], [ -67.766, -25.666 ], [ -67.733, -25.666 ] ] ], [ [ [ -67.733, -25.666 ], [ -67.733, -25.633 ], [ -67.699, -25.633 ], [ -67.699, -25.666 ], [ -67.733, -25.666 ] ] ], [ [ [ -67.566, -25.666 ], [ -67.599, -25.666 ], [ -67.599, -25.633 ], [ -67.566, -25.633 ], [ -67.566, -25.666 ] ] ], [ [ [ -67.699, -25.633 ], [ -67.699, -25.599 ], [ -67.666, -25.599 ], [ -67.666, -25.633 ], [ -67.699, -25.633 ] ] ], [ [ [ -68.366, -25.599 ], [ -68.366, -25.633 ], [ -68.399, -25.633 ], [ -68.399, -25.599 ], [ -68.433, -25.599 ], [ -68.433, -25.566 ], [ -68.399, -25.566 ], [ -68.366, -25.566 ], [ -68.366, -25.599 ] ] ], [ [ [ -67.533, -25.566 ], [ -67.533, -25.599 ], [ -67.566, -25.599 ], [ -67.566, -25.566 ], [ -67.533, -25.566 ] ] ], [ [ [ -67.633, -25.533 ], [ -67.633, -25.566 ], [ -67.666, -25.566 ], [ -67.666, -25.533 ], [ -67.633, -25.533 ] ] ], [ [ [ -67.533, -25.566 ], [ -67.533, -25.533 ], [ -67.533, -25.499 ], [ -67.499, -25.499 ], [ -67.499, -25.533 ], [ -67.499, -25.566 ], [ -67.533, -25.566 ] ] ], [ [ [ -66.599, -25.499 ], [ -66.599, -25.533 ], [ -66.566, -25.533 ], [ -66.566, -25.566 ], [ -66.599, -25.566 ], [ -66.599, -25.599 ], [ -66.633, -25.599 ], [ -66.633, -25.566 ], [ -66.633, -25.533 ], [ -66.633, -25.499 ], [ -66.599, -25.499 ] ] ], [ [ [ -66.499, -25.533 ], [ -66.533, -25.533 ], [ -66.533, -25.499 ], [ -66.499, -25.499 ], [ -66.466, -25.499 ], [ -66.466, -25.533 ], [ -66.499, -25.533 ] ] ], [ [ [ -67.499, -25.499 ], [ -67.499, -25.466 ], [ -67.466, -25.466 ], [ -67.466, -25.499 ], [ -67.499, -25.499 ] ] ], [ [ [ -67.633, -25.533 ], [ -67.633, -25.499 ], [ -67.633, -25.466 ], [ -67.599, -25.466 ], [ -67.599, -25.433 ], [ -67.566, -25.433 ], [ -67.566, -25.466 ], [ -67.566, -25.499 ], [ -67.599, -25.499 ], [ -67.599, -25.533 ], [ -67.633, -25.533 ] ] ], [ [ [ -67.566, -25.433 ], [ -67.566, -25.399 ], [ -67.533, -25.399 ], [ -67.499, -25.399 ], [ -67.499, -25.433 ], [ -67.533, -25.433 ], [ -67.566, -25.433 ] ] ], [ [ [ -66.466, -25.399 ], [ -66.499, -25.399 ], [ -66.499, -25.366 ], [ -66.466, -25.366 ], [ -66.466, -25.399 ] ] ], [ [ [ -67.499, -25.299 ], [ -67.466, -25.299 ], [ -67.466, -25.333 ], [ -67.466, -25.366 ], [ -67.499, -25.366 ], [ -67.499, -25.333 ], [ -67.499, -25.299 ] ] ], [ [ [ -65.999, -25.299 ], [ -65.999, -25.333 ], [ -65.966, -25.333 ], [ -65.966, -25.366 ], [ -65.999, -25.366 ], [ -65.999, -25.399 ], [ -66.033, -25.399 ], [ -66.033, -25.366 ], [ -66.033, -25.333 ], [ -66.033, -25.299 ], [ -65.999, -25.299 ] ] ], [ [ [ -66.499, -25.299 ], [ -66.533, -25.299 ], [ -66.533, -25.266 ], [ -66.499, -25.266 ], [ -66.499, -25.299 ] ] ], [ [ [ -67.499, -25.299 ], [ -67.533, -25.299 ], [ -67.533, -25.266 ], [ -67.533, -25.233 ], [ -67.499, -25.233 ], [ -67.499, -25.266 ], [ -67.499, -25.299 ] ] ], [ [ [ -67.399, -25.399 ], [ -67.433, -25.399 ], [ -67.433, -25.366 ], [ -67.433, -25.333 ], [ -67.433, -25.299 ], [ -67.433, -25.266 ], [ -67.433, -25.233 ], [ -67.433, -25.199 ], [ -67.399, -25.199 ], [ -67.399, -25.233 ], [ -67.399, -25.266 ], [ -67.399, -25.299 ], [ -67.399, -25.333 ], [ -67.399, -25.366 ], [ -67.399, -25.399 ] ] ], [ [ [ -66.466, -25.233 ], [ -66.499, -25.233 ], [ -66.499, -25.199 ], [ -66.466, -25.199 ], [ -66.466, -25.233 ] ] ], [ [ [ -66.399, -25.199 ], [ -66.399, -25.233 ], [ -66.433, -25.233 ], [ -66.433, -25.199 ], [ -66.399, -25.199 ] ] ], [ [ [ -66.399, -25.199 ], [ -66.399, -25.166 ], [ -66.366, -25.166 ], [ -66.366, -25.199 ], [ -66.399, -25.199 ] ] ], [ [ [ -66.299, -25.199 ], [ -66.333, -25.199 ], [ -66.333, -25.166 ], [ -66.299, -25.166 ], [ -66.299, -25.199 ] ] ], [ [ [ -67.366, -25.166 ], [ -67.399, -25.166 ], [ -67.399, -25.133 ], [ -67.366, -25.133 ], [ -67.366, -25.166 ] ] ], [ [ [ -67.599, -25.133 ], [ -67.599, -25.099 ], [ -67.566, -25.099 ], [ -67.566, -25.133 ], [ -67.599, -25.133 ] ] ], [ [ [ -67.466, -25.199 ], [ -67.499, -25.199 ], [ -67.499, -25.166 ], [ -67.499, -25.133 ], [ -67.499, -25.099 ], [ -67.466, -25.099 ], [ -67.466, -25.133 ], [ -67.466, -25.166 ], [ -67.466, -25.199 ] ] ], [ [ [ -65.866, -25.099 ], [ -65.866, -25.133 ], [ -65.833, -25.133 ], [ -65.833, -25.166 ], [ -65.866, -25.166 ], [ -65.899, -25.166 ], [ -65.899, -25.133 ], [ -65.899, -25.099 ], [ -65.866, -25.099 ] ] ], [ [ [ -66.299, -25.066 ], [ -66.299, -25.099 ], [ -66.333, -25.099 ], [ -66.366, -25.099 ], [ -66.366, -25.066 ], [ -66.333, -25.066 ], [ -66.299, -25.066 ] ] ], [ [ [ -65.799, -25.099 ], [ -65.833, -25.099 ], [ -65.833, -25.066 ], [ -65.799, -25.066 ], [ -65.799, -25.099 ] ] ], [ [ [ -66.466, -25.099 ], [ -66.466, -25.133 ], [ -66.433, -25.133 ], [ -66.433, -25.166 ], [ -66.466, -25.166 ], [ -66.499, -25.166 ], [ -66.499, -25.133 ], [ -66.499, -25.099 ], [ -66.499, -25.066 ], [ -66.499, -25.033 ], [ -66.466, -25.033 ], [ -66.466, -25.066 ], [ -66.466, -25.099 ] ] ], [ [ [ -66.299, -25.066 ], [ -66.299, -25.033 ], [ -66.299, -24.999 ], [ -66.266, -24.999 ], [ -66.266, -25.033 ], [ -66.266, -25.066 ], [ -66.299, -25.066 ] ] ], [ [ [ -65.933, -25.066 ], [ -65.966, -25.066 ], [ -65.966, -25.033 ], [ -65.966, -24.999 ], [ -65.933, -24.999 ], [ -65.933, -25.033 ], [ -65.933, -25.066 ] ] ], [ [ [ -68.099, -25.099 ], [ -68.099, -25.133 ], [ -68.066, -25.133 ], [ -68.066, -25.166 ], [ -68.099, -25.166 ], [ -68.099, -25.199 ], [ -68.099, -25.233 ], [ -68.066, -25.233 ], [ -68.066, -25.266 ], [ -68.066, -25.299 ], [ -68.033, -25.299 ], [ -68.033, -25.333 ], [ -68.066, -25.333 ], [ -68.099, -25.333 ], [ -68.099, -25.299 ], [ -68.099, -25.266 ], [ -68.133, -25.266 ], [ -68.133, -25.233 ], [ -68.133, -25.199 ], [ -68.166, -25.199 ], [ -68.199, -25.199 ], [ -68.199, -25.166 ], [ -68.233, -25.166 ], [ -68.233, -25.133 ], [ -68.233, -25.099 ], [ -68.233, -25.066 ], [ -68.199, -25.066 ], [ -68.199, -25.033 ], [ -68.199, -24.999 ], [ -68.166, -24.999 ], [ -68.166, -24.966 ], [ -68.133, -24.966 ], [ -68.099, -24.966 ], [ -68.099, -24.999 ], [ -68.099, -25.033 ], [ -68.099, -25.066 ], [ -68.099, -25.099 ] ] ], [ [ [ -67.933, -24.966 ], [ -67.933, -24.999 ], [ -67.966, -24.999 ], [ -67.966, -25.033 ], [ -67.999, -25.033 ], [ -67.999, -24.999 ], [ -67.999, -24.966 ], [ -68.033, -24.966 ], [ -68.033, -24.933 ], [ -67.999, -24.933 ], [ -67.966, -24.933 ], [ -67.966, -24.966 ], [ -67.933, -24.966 ] ] ], [ [ [ -66.266, -24.999 ], [ -66.266, -24.966 ], [ -66.266, -24.933 ], [ -66.233, -24.933 ], [ -66.233, -24.966 ], [ -66.233, -24.999 ], [ -66.266, -24.999 ] ] ], [ [ [ -65.933, -24.966 ], [ -65.966, -24.966 ], [ -65.966, -24.933 ], [ -65.933, -24.933 ], [ -65.933, -24.966 ] ] ], [ [ [ -67.599, -25.133 ], [ -67.599, -25.166 ], [ -67.599, -25.199 ], [ -67.633, -25.199 ], [ -67.633, -25.233 ], [ -67.666, -25.233 ], [ -67.699, -25.233 ], [ -67.699, -25.199 ], [ -67.733, -25.199 ], [ -67.733, -25.166 ], [ -67.733, -25.133 ], [ -67.733, -25.099 ], [ -67.766, -25.099 ], [ -67.799, -25.099 ], [ -67.833, -25.099 ], [ -67.833, -25.066 ], [ -67.833, -25.033 ], [ -67.833, -24.999 ], [ -67.833, -24.966 ], [ -67.866, -24.966 ], [ -67.866, -24.933 ], [ -67.899, -24.933 ], [ -67.899, -24.966 ], [ -67.933, -24.966 ], [ -67.933, -24.933 ], [ -67.933, -24.899 ], [ -67.899, -24.899 ], [ -67.866, -24.899 ], [ -67.833, -24.899 ], [ -67.833, -24.933 ], [ -67.799, -24.933 ], [ -67.799, -24.966 ], [ -67.799, -24.999 ], [ -67.799, -25.033 ], [ -67.766, -25.033 ], [ -67.766, -25.066 ], [ -67.733, -25.066 ], [ -67.699, -25.066 ], [ -67.699, -25.099 ], [ -67.699, -25.133 ], [ -67.666, -25.133 ], [ -67.666, -25.166 ], [ -67.633, -25.166 ], [ -67.633, -25.133 ], [ -67.599, -25.133 ] ] ], [ [ [ -68.033, -24.933 ], [ -68.066, -24.933 ], [ -68.066, -24.899 ], [ -68.066, -24.866 ], [ -68.033, -24.866 ], [ -68.033, -24.899 ], [ -68.033, -24.933 ] ] ], [ [ [ -67.133, -24.899 ], [ -67.166, -24.899 ], [ -67.166, -24.866 ], [ -67.133, -24.866 ], [ -67.133, -24.899 ] ] ], [ [ [ -65.933, -24.866 ], [ -65.933, -24.899 ], [ -65.966, -24.899 ], [ -65.966, -24.866 ], [ -65.933, -24.866 ] ] ], [ [ [ -65.933, -24.866 ], [ -65.933, -24.833 ], [ -65.899, -24.833 ], [ -65.899, -24.866 ], [ -65.933, -24.866 ] ] ], [ [ [ -68.033, -24.799 ], [ -68.033, -24.833 ], [ -68.066, -24.833 ], [ -68.066, -24.799 ], [ -68.033, -24.799 ] ] ], [ [ [ -66.266, -24.899 ], [ -66.299, -24.899 ], [ -66.299, -24.866 ], [ -66.266, -24.866 ], [ -66.266, -24.833 ], [ -66.266, -24.799 ], [ -66.233, -24.799 ], [ -66.233, -24.833 ], [ -66.233, -24.866 ], [ -66.233, -24.899 ], [ -66.266, -24.899 ] ] ], [ [ [ -66.099, -24.799 ], [ -66.099, -24.833 ], [ -66.133, -24.833 ], [ -66.133, -24.799 ], [ -66.099, -24.799 ] ] ], [ [ [ -68.033, -24.799 ], [ -68.033, -24.766 ], [ -67.999, -24.766 ], [ -67.999, -24.799 ], [ -68.033, -24.799 ] ] ], [ [ [ -67.566, -25.099 ], [ -67.566, -25.066 ], [ -67.566, -25.033 ], [ -67.533, -25.033 ], [ -67.499, -25.033 ], [ -67.499, -24.999 ], [ -67.499, -24.966 ], [ -67.499, -24.933 ], [ -67.466, -24.933 ], [ -67.466, -24.899 ], [ -67.466, -24.866 ], [ -67.466, -24.833 ], [ -67.433, -24.833 ], [ -67.433, -24.799 ], [ -67.399, -24.799 ], [ -67.399, -24.766 ], [ -67.399, -24.733 ], [ -67.366, -24.733 ], [ -67.366, -24.766 ], [ -67.366, -24.799 ], [ -67.366, -24.833 ], [ -67.366, -24.866 ], [ -67.333, -24.866 ], [ -67.333, -24.899 ], [ -67.299, -24.899 ], [ -67.299, -24.933 ], [ -67.299, -24.966 ], [ -67.266, -24.966 ], [ -67.266, -24.933 ], [ -67.233, -24.933 ], [ -67.233, -24.966 ], [ -67.199, -24.966 ], [ -67.199, -24.933 ], [ -67.166, -24.933 ], [ -67.166, -24.966 ], [ -67.166, -24.999 ], [ -67.166, -25.033 ], [ -67.133, -25.033 ], [ -67.133, -24.999 ], [ -67.099, -24.999 ], [ -67.099, -25.033 ], [ -67.066, -25.033 ], [ -67.066, -25.066 ], [ -67.066, -25.099 ], [ -67.066, -25.133 ], [ -67.099, -25.133 ], [ -67.099, -25.166 ], [ -67.133, -25.166 ], [ -67.133, -25.199 ], [ -67.166, -25.199 ], [ -67.166, -25.233 ], [ -67.199, -25.233 ], [ -67.199, -25.266 ], [ -67.233, -25.266 ], [ -67.233, -25.233 ], [ -67.233, -25.199 ], [ -67.199, -25.199 ], [ -67.199, -25.166 ], [ -67.166, -25.166 ], [ -67.166, -25.133 ], [ -67.166, -25.099 ], [ -67.199, -25.099 ], [ -67.199, -25.066 ], [ -67.233, -25.066 ], [ -67.266, -25.066 ], [ -67.299, -25.066 ], [ -67.333, -25.066 ], [ -67.333, -25.033 ], [ -67.299, -25.033 ], [ -67.266, -25.033 ], [ -67.266, -24.999 ], [ -67.299, -24.999 ], [ -67.333, -24.999 ], [ -67.333, -24.966 ], [ -67.366, -24.966 ], [ -67.399, -24.966 ], [ -67.399, -24.933 ], [ -67.433, -24.933 ], [ -67.433, -24.966 ], [ -67.433, -24.999 ], [ -67.433, -25.033 ], [ -67.399, -25.033 ], [ -67.399, -24.999 ], [ -67.366, -24.999 ], [ -67.366, -25.033 ], [ -67.366, -25.066 ], [ -67.399, -25.066 ], [ -67.433, -25.066 ], [ -67.466, -25.066 ], [ -67.499, -25.066 ], [ -67.533, -25.066 ], [ -67.533, -25.099 ], [ -67.566, -25.099 ] ] ], [ [ [ -68.266, -24.699 ], [ -68.266, -24.733 ], [ -68.233, -24.733 ], [ -68.233, -24.766 ], [ -68.199, -24.766 ], [ -68.199, -24.799 ], [ -68.233, -24.799 ], [ -68.233, -24.833 ], [ -68.233, -24.866 ], [ -68.266, -24.866 ], [ -68.266, -24.899 ], [ -68.299, -24.899 ], [ -68.299, -24.933 ], [ -68.333, -24.933 ], [ -68.333, -24.899 ], [ -68.333, -24.866 ], [ -68.366, -24.866 ], [ -68.366, -24.833 ], [ -68.366, -24.799 ], [ -68.333, -24.799 ], [ -68.333, -24.766 ], [ -68.366, -24.766 ], [ -68.366, -24.733 ], [ -68.333, -24.733 ], [ -68.333, -24.699 ], [ -68.299, -24.699 ], [ -68.266, -24.699 ] ] ], [ [ [ -67.966, -24.733 ], [ -67.999, -24.733 ], [ -67.999, -24.699 ], [ -67.966, -24.699 ], [ -67.966, -24.733 ] ] ], [ [ [ -65.899, -24.699 ], [ -65.866, -24.699 ], [ -65.833, -24.699 ], [ -65.799, -24.699 ], [ -65.799, -24.733 ], [ -65.833, -24.733 ], [ -65.866, -24.733 ], [ -65.899, -24.733 ], [ -65.899, -24.699 ] ] ], [ [ [ -66.799, -24.699 ], [ -66.833, -24.699 ], [ -66.833, -24.666 ], [ -66.799, -24.666 ], [ -66.799, -24.699 ] ] ], [ [ [ -66.099, -24.799 ], [ -66.099, -24.766 ], [ -66.099, -24.733 ], [ -66.099, -24.699 ], [ -66.099, -24.666 ], [ -66.066, -24.666 ], [ -66.066, -24.699 ], [ -66.066, -24.733 ], [ -66.066, -24.766 ], [ -66.066, -24.799 ], [ -66.099, -24.799 ] ] ], [ [ [ -67.333, -24.699 ], [ -67.366, -24.699 ], [ -67.366, -24.666 ], [ -67.366, -24.633 ], [ -67.333, -24.633 ], [ -67.333, -24.666 ], [ -67.333, -24.699 ] ] ], [ [ [ -66.233, -24.733 ], [ -66.266, -24.733 ], [ -66.266, -24.699 ], [ -66.266, -24.666 ], [ -66.266, -24.633 ], [ -66.233, -24.633 ], [ -66.233, -24.666 ], [ -66.233, -24.699 ], [ -66.233, -24.733 ] ] ], [ [ [ -65.966, -24.633 ], [ -65.966, -24.666 ], [ -65.999, -24.666 ], [ -65.999, -24.633 ], [ -65.966, -24.633 ] ] ], [ [ [ -67.966, -24.599 ], [ -67.933, -24.599 ], [ -67.933, -24.633 ], [ -67.933, -24.666 ], [ -67.966, -24.666 ], [ -67.966, -24.633 ], [ -67.966, -24.599 ] ] ], [ [ [ -66.199, -24.599 ], [ -66.166, -24.599 ], [ -66.166, -24.633 ], [ -66.166, -24.666 ], [ -66.199, -24.666 ], [ -66.199, -24.633 ], [ -66.199, -24.599 ] ] ], [ [ [ -66.199, -24.599 ], [ -66.233, -24.599 ], [ -66.233, -24.566 ], [ -66.199, -24.566 ], [ -66.199, -24.599 ] ] ], [ [ [ -66.033, -24.599 ], [ -66.066, -24.599 ], [ -66.066, -24.566 ], [ -66.033, -24.566 ], [ -66.033, -24.599 ] ] ], [ [ [ -67.966, -24.599 ], [ -67.999, -24.599 ], [ -67.999, -24.566 ], [ -67.999, -24.533 ], [ -67.966, -24.533 ], [ -67.966, -24.566 ], [ -67.966, -24.599 ] ] ], [ [ [ -67.799, -24.599 ], [ -67.799, -24.633 ], [ -67.833, -24.633 ], [ -67.833, -24.666 ], [ -67.866, -24.666 ], [ -67.866, -24.633 ], [ -67.866, -24.599 ], [ -67.866, -24.566 ], [ -67.866, -24.533 ], [ -67.833, -24.533 ], [ -67.833, -24.566 ], [ -67.833, -24.599 ], [ -67.799, -24.599 ] ] ], [ [ [ -65.899, -24.699 ], [ -65.933, -24.699 ], [ -65.933, -24.666 ], [ -65.933, -24.633 ], [ -65.966, -24.633 ], [ -65.966, -24.599 ], [ -65.966, -24.566 ], [ -65.966, -24.533 ], [ -65.933, -24.533 ], [ -65.933, -24.566 ], [ -65.933, -24.599 ], [ -65.899, -24.599 ], [ -65.866, -24.599 ], [ -65.866, -24.633 ], [ -65.899, -24.633 ], [ -65.899, -24.666 ], [ -65.899, -24.699 ] ] ], [ [ [ -65.699, -24.533 ], [ -65.699, -24.566 ], [ -65.666, -24.566 ], [ -65.666, -24.599 ], [ -65.699, -24.599 ], [ -65.699, -24.633 ], [ -65.699, -24.666 ], [ -65.699, -24.699 ], [ -65.733, -24.699 ], [ -65.733, -24.666 ], [ -65.733, -24.633 ], [ -65.733, -24.599 ], [ -65.733, -24.566 ], [ -65.733, -24.533 ], [ -65.699, -24.533 ] ] ], [ [ [ -67.799, -24.599 ], [ -67.799, -24.566 ], [ -67.799, -24.533 ], [ -67.833, -24.533 ], [ -67.833, -24.499 ], [ -67.799, -24.499 ], [ -67.766, -24.499 ], [ -67.766, -24.533 ], [ -67.766, -24.566 ], [ -67.766, -24.599 ], [ -67.799, -24.599 ] ] ], [ [ [ -67.333, -24.566 ], [ -67.366, -24.566 ], [ -67.366, -24.533 ], [ -67.366, -24.499 ], [ -67.333, -24.499 ], [ -67.333, -24.533 ], [ -67.333, -24.566 ] ] ], [ [ [ -68.199, -24.499 ], [ -68.199, -24.533 ], [ -68.199, -24.566 ], [ -68.166, -24.566 ], [ -68.166, -24.599 ], [ -68.166, -24.633 ], [ -68.166, -24.666 ], [ -68.199, -24.666 ], [ -68.233, -24.666 ], [ -68.233, -24.633 ], [ -68.233, -24.599 ], [ -68.233, -24.566 ], [ -68.233, -24.533 ], [ -68.266, -24.533 ], [ -68.266, -24.499 ], [ -68.266, -24.466 ], [ -68.233, -24.466 ], [ -68.233, -24.499 ], [ -68.199, -24.499 ] ] ], [ [ [ -67.966, -24.499 ], [ -67.999, -24.499 ], [ -67.999, -24.466 ], [ -67.966, -24.466 ], [ -67.933, -24.466 ], [ -67.933, -24.499 ], [ -67.966, -24.499 ] ] ], [ [ [ -68.199, -24.499 ], [ -68.199, -24.466 ], [ -68.233, -24.466 ], [ -68.233, -24.433 ], [ -68.199, -24.433 ], [ -68.166, -24.433 ], [ -68.166, -24.466 ], [ -68.166, -24.499 ], [ -68.199, -24.499 ] ] ], [ [ [ -67.866, -24.466 ], [ -67.899, -24.466 ], [ -67.899, -24.433 ], [ -67.866, -24.433 ], [ -67.866, -24.466 ] ] ], [ [ [ -67.299, -24.433 ], [ -67.299, -24.466 ], [ -67.333, -24.466 ], [ -67.333, -24.433 ], [ -67.299, -24.433 ] ] ], [ [ [ -65.966, -24.533 ], [ -65.999, -24.533 ], [ -65.999, -24.499 ], [ -66.033, -24.499 ], [ -66.033, -24.466 ], [ -66.033, -24.433 ], [ -65.999, -24.433 ], [ -65.999, -24.466 ], [ -65.966, -24.466 ], [ -65.966, -24.499 ], [ -65.966, -24.533 ] ] ], [ [ [ -68.266, -24.466 ], [ -68.297, -24.466 ], [ -68.297, -24.463 ], [ -68.296, -24.460 ], [ -68.294, -24.457 ], [ -68.291, -24.453 ], [ -68.286, -24.450 ], [ -68.280, -24.447 ], [ -68.274, -24.442 ], [ -68.271, -24.438 ], [ -68.268, -24.434 ], [ -68.267, -24.432 ], [ -68.266, -24.433 ], [ -68.266, -24.466 ] ] ], [ [ [ -67.299, -24.433 ], [ -67.299, -24.399 ], [ -67.266, -24.399 ], [ -67.266, -24.433 ], [ -67.299, -24.433 ] ] ], [ [ [ -67.833, -24.366 ], [ -67.833, -24.399 ], [ -67.866, -24.399 ], [ -67.866, -24.366 ], [ -67.833, -24.366 ] ] ], [ [ [ -65.566, -24.399 ], [ -65.599, -24.399 ], [ -65.599, -24.366 ], [ -65.566, -24.366 ], [ -65.566, -24.399 ] ] ], [ [ [ -67.833, -24.366 ], [ -67.833, -24.333 ], [ -67.799, -24.333 ], [ -67.766, -24.333 ], [ -67.733, -24.333 ], [ -67.733, -24.366 ], [ -67.766, -24.366 ], [ -67.799, -24.366 ], [ -67.833, -24.366 ] ] ], [ [ [ -67.333, -24.366 ], [ -67.366, -24.366 ], [ -67.366, -24.333 ], [ -67.333, -24.333 ], [ -67.333, -24.366 ] ] ], [ [ [ -67.899, -24.333 ], [ -67.899, -24.299 ], [ -67.866, -24.299 ], [ -67.866, -24.333 ], [ -67.899, -24.333 ] ] ], [ [ [ -67.399, -24.299 ], [ -67.399, -24.333 ], [ -67.433, -24.333 ], [ -67.433, -24.299 ], [ -67.399, -24.299 ] ] ], [ [ [ -66.066, -24.333 ], [ -66.066, -24.366 ], [ -66.033, -24.366 ], [ -66.033, -24.399 ], [ -66.066, -24.399 ], [ -66.099, -24.399 ], [ -66.099, -24.366 ], [ -66.099, -24.333 ], [ -66.099, -24.299 ], [ -66.066, -24.299 ], [ -66.033, -24.299 ], [ -66.033, -24.333 ], [ -66.066, -24.333 ] ] ], [ [ [ -67.899, -24.333 ], [ -67.899, -24.366 ], [ -67.933, -24.366 ], [ -67.966, -24.366 ], [ -67.999, -24.366 ], [ -67.999, -24.333 ], [ -67.999, -24.300 ], [ -67.975, -24.291 ], [ -67.966, -24.299 ], [ -67.966, -24.333 ], [ -67.933, -24.333 ], [ -67.899, -24.333 ] ] ], [ [ [ -67.733, -24.333 ], [ -67.733, -24.299 ], [ -67.699, -24.299 ], [ -67.666, -24.299 ], [ -67.666, -24.266 ], [ -67.633, -24.266 ], [ -67.633, -24.299 ], [ -67.633, -24.333 ], [ -67.633, -24.366 ], [ -67.633, -24.399 ], [ -67.599, -24.399 ], [ -67.599, -24.433 ], [ -67.599, -24.466 ], [ -67.633, -24.466 ], [ -67.633, -24.433 ], [ -67.666, -24.433 ], [ -67.666, -24.399 ], [ -67.666, -24.366 ], [ -67.699, -24.366 ], [ -67.699, -24.333 ], [ -67.733, -24.333 ] ] ], [ [ [ -67.233, -24.366 ], [ -67.266, -24.366 ], [ -67.266, -24.333 ], [ -67.266, -24.299 ], [ -67.266, -24.266 ], [ -67.233, -24.266 ], [ -67.233, -24.299 ], [ -67.233, -24.333 ], [ -67.233, -24.366 ] ] ], [ [ [ -66.999, -24.299 ], [ -67.033, -24.299 ], [ -67.033, -24.266 ], [ -66.999, -24.266 ], [ -66.999, -24.299 ] ] ], [ [ [ -67.833, -24.266 ], [ -67.866, -24.266 ], [ -67.879, -24.253 ], [ -67.851, -24.242 ], [ -67.833, -24.235 ], [ -67.833, -24.266 ] ] ], [ [ [ -67.466, -24.333 ], [ -67.499, -24.333 ], [ -67.499, -24.299 ], [ -67.499, -24.266 ], [ -67.499, -24.233 ], [ -67.466, -24.233 ], [ -67.466, -24.266 ], [ -67.466, -24.299 ], [ -67.466, -24.333 ] ] ], [ [ [ -67.399, -24.299 ], [ -67.399, -24.266 ], [ -67.366, -24.266 ], [ -67.333, -24.266 ], [ -67.333, -24.233 ], [ -67.299, -24.233 ], [ -67.299, -24.266 ], [ -67.299, -24.299 ], [ -67.333, -24.299 ], [ -67.366, -24.299 ], [ -67.399, -24.299 ] ] ], [ [ [ -67.699, -24.266 ], [ -67.733, -24.266 ], [ -67.733, -24.233 ], [ -67.733, -24.195 ], [ -67.712, -24.187 ], [ -67.699, -24.199 ], [ -67.699, -24.233 ], [ -67.699, -24.266 ] ] ], [ [ [ -67.433, -24.199 ], [ -67.466, -24.199 ], [ -67.466, -24.166 ], [ -67.433, -24.166 ], [ -67.433, -24.199 ] ] ], [ [ [ -66.999, -24.299 ], [ -66.966, -24.299 ], [ -66.966, -24.266 ], [ -66.933, -24.266 ], [ -66.933, -24.299 ], [ -66.933, -24.333 ], [ -66.933, -24.366 ], [ -66.933, -24.399 ], [ -66.966, -24.399 ], [ -66.966, -24.433 ], [ -66.966, -24.466 ], [ -66.966, -24.499 ], [ -66.966, -24.533 ], [ -66.966, -24.566 ], [ -66.966, -24.599 ], [ -66.933, -24.599 ], [ -66.933, -24.633 ], [ -66.933, -24.666 ], [ -66.933, -24.699 ], [ -66.933, -24.733 ], [ -66.933, -24.766 ], [ -66.933, -24.799 ], [ -66.966, -24.799 ], [ -66.966, -24.833 ], [ -66.999, -24.833 ], [ -66.999, -24.866 ], [ -66.999, -24.899 ], [ -66.999, -24.933 ], [ -67.033, -24.933 ], [ -67.033, -24.966 ], [ -67.033, -24.999 ], [ -67.066, -24.999 ], [ -67.066, -24.966 ], [ -67.066, -24.933 ], [ -67.066, -24.899 ], [ -67.033, -24.899 ], [ -67.033, -24.866 ], [ -67.033, -24.833 ], [ -67.033, -24.799 ], [ -67.066, -24.799 ], [ -67.066, -24.766 ], [ -67.066, -24.733 ], [ -67.099, -24.733 ], [ -67.133, -24.733 ], [ -67.133, -24.766 ], [ -67.166, -24.766 ], [ -67.199, -24.766 ], [ -67.233, -24.766 ], [ -67.233, -24.733 ], [ -67.233, -24.699 ], [ -67.266, -24.699 ], [ -67.266, -24.666 ], [ -67.299, -24.666 ], [ -67.299, -24.633 ], [ -67.299, -24.599 ], [ -67.266, -24.599 ], [ -67.266, -24.566 ], [ -67.233, -24.566 ], [ -67.233, -24.533 ], [ -67.199, -24.533 ], [ -67.199, -24.499 ], [ -67.199, -24.466 ], [ -67.199, -24.433 ], [ -67.166, -24.433 ], [ -67.166, -24.466 ], [ -67.133, -24.466 ], [ -67.133, -24.433 ], [ -67.166, -24.433 ], [ -67.166, -24.399 ], [ -67.166, -24.366 ], [ -67.133, -24.366 ], [ -67.133, -24.333 ], [ -67.133, -24.299 ], [ -67.133, -24.266 ], [ -67.166, -24.266 ], [ -67.166, -24.233 ], [ -67.166, -24.199 ], [ -67.166, -24.166 ], [ -67.133, -24.166 ], [ -67.133, -24.199 ], [ -67.133, -24.233 ], [ -67.099, -24.233 ], [ -67.066, -24.233 ], [ -67.066, -24.266 ], [ -67.099, -24.266 ], [ -67.099, -24.299 ], [ -67.099, -24.333 ], [ -67.099, -24.366 ], [ -67.099, -24.399 ], [ -67.099, -24.433 ], [ -67.099, -24.466 ], [ -67.066, -24.466 ], [ -67.066, -24.499 ], [ -67.066, -24.533 ], [ -67.066, -24.566 ], [ -67.066, -24.599 ], [ -67.066, -24.633 ], [ -67.033, -24.633 ], [ -67.033, -24.666 ], [ -67.033, -24.699 ], [ -67.033, -24.733 ], [ -66.999, -24.733 ], [ -66.999, -24.699 ], [ -66.966, -24.699 ], [ -66.966, -24.666 ], [ -66.999, -24.666 ], [ -66.999, -24.633 ], [ -66.999, -24.599 ], [ -66.999, -24.566 ], [ -66.999, -24.533 ], [ -66.999, -24.499 ], [ -66.999, -24.466 ], [ -66.999, -24.433 ], [ -66.999, -24.399 ], [ -66.999, -24.366 ], [ -66.999, -24.333 ], [ -66.999, -24.299 ] ] ], [ [ [ -65.833, -24.266 ], [ -65.833, -24.299 ], [ -65.833, -24.333 ], [ -65.833, -24.366 ], [ -65.866, -24.366 ], [ -65.866, -24.399 ], [ -65.866, -24.433 ], [ -65.899, -24.433 ], [ -65.899, -24.399 ], [ -65.933, -24.399 ], [ -65.966, -24.399 ], [ -65.999, -24.399 ], [ -65.999, -24.366 ], [ -65.999, -24.333 ], [ -65.966, -24.333 ], [ -65.966, -24.299 ], [ -65.966, -24.266 ], [ -65.933, -24.266 ], [ -65.933, -24.233 ], [ -65.966, -24.233 ], [ -65.999, -24.233 ], [ -66.033, -24.233 ], [ -66.033, -24.266 ], [ -66.066, -24.266 ], [ -66.066, -24.233 ], [ -66.066, -24.199 ], [ -66.099, -24.199 ], [ -66.099, -24.166 ], [ -66.066, -24.166 ], [ -66.066, -24.133 ], [ -66.033, -24.133 ], [ -66.033, -24.166 ], [ -66.033, -24.199 ], [ -65.999, -24.199 ], [ -65.966, -24.199 ], [ -65.933, -24.199 ], [ -65.899, -24.199 ], [ -65.899, -24.233 ], [ -65.899, -24.266 ], [ -65.866, -24.266 ], [ -65.833, -24.266 ] ], [ [ -65.933, -24.299 ], [ -65.933, -24.333 ], [ -65.899, -24.333 ], [ -65.866, -24.333 ], [ -65.866, -24.299 ], [ -65.899, -24.299 ], [ -65.933, -24.299 ] ] ], [ [ [ -65.833, -24.266 ], [ -65.833, -24.233 ], [ -65.833, -24.199 ], [ -65.833, -24.166 ], [ -65.833, -24.133 ], [ -65.799, -24.133 ], [ -65.766, -24.133 ], [ -65.766, -24.166 ], [ -65.766, -24.199 ], [ -65.766, -24.233 ], [ -65.733, -24.233 ], [ -65.733, -24.266 ], [ -65.733, -24.299 ], [ -65.733, -24.333 ], [ -65.733, -24.366 ], [ -65.733, -24.399 ], [ -65.733, -24.433 ], [ -65.733, -24.466 ], [ -65.733, -24.499 ], [ -65.766, -24.499 ], [ -65.766, -24.466 ], [ -65.766, -24.433 ], [ -65.766, -24.399 ], [ -65.766, -24.366 ], [ -65.766, -24.333 ], [ -65.766, -24.299 ], [ -65.766, -24.266 ], [ -65.799, -24.266 ], [ -65.833, -24.266 ] ] ], [ [ [ -65.633, -24.199 ], [ -65.666, -24.199 ], [ -65.666, -24.166 ], [ -65.666, -24.133 ], [ -65.633, -24.133 ], [ -65.633, -24.166 ], [ -65.633, -24.199 ] ] ], [ [ [ -65.833, -24.133 ], [ -65.866, -24.133 ], [ -65.866, -24.099 ], [ -65.833, -24.099 ], [ -65.833, -24.133 ] ] ], [ [ [ -65.566, -24.099 ], [ -65.566, -24.133 ], [ -65.599, -24.133 ], [ -65.599, -24.099 ], [ -65.566, -24.099 ] ] ], [ [ [ -66.966, -24.199 ], [ -66.966, -24.233 ], [ -66.999, -24.233 ], [ -66.999, -24.199 ], [ -67.033, -24.199 ], [ -67.066, -24.199 ], [ -67.066, -24.166 ], [ -67.033, -24.166 ], [ -66.999, -24.166 ], [ -66.999, -24.133 ], [ -66.999, -24.099 ], [ -66.999, -24.066 ], [ -66.966, -24.066 ], [ -66.966, -24.099 ], [ -66.966, -24.133 ], [ -66.966, -24.166 ], [ -66.966, -24.199 ] ] ], [ [ [ -65.566, -24.099 ], [ -65.566, -24.066 ], [ -65.533, -24.066 ], [ -65.533, -24.099 ], [ -65.566, -24.099 ] ] ], [ [ [ -67.233, -24.033 ], [ -67.233, -24.066 ], [ -67.199, -24.066 ], [ -67.199, -24.099 ], [ -67.166, -24.099 ], [ -67.166, -24.133 ], [ -67.199, -24.133 ], [ -67.233, -24.133 ], [ -67.233, -24.099 ], [ -67.266, -24.099 ], [ -67.266, -24.066 ], [ -67.266, -24.033 ], [ -67.233, -24.033 ] ] ], [ [ [ -66.299, -23.999 ], [ -66.299, -24.033 ], [ -66.299, -24.066 ], [ -66.266, -24.066 ], [ -66.233, -24.066 ], [ -66.233, -24.033 ], [ -66.199, -24.033 ], [ -66.199, -23.999 ], [ -66.166, -23.999 ], [ -66.166, -24.033 ], [ -66.166, -24.066 ], [ -66.133, -24.066 ], [ -66.133, -24.099 ], [ -66.166, -24.099 ], [ -66.166, -24.133 ], [ -66.166, -24.166 ], [ -66.199, -24.166 ], [ -66.233, -24.166 ], [ -66.266, -24.166 ], [ -66.266, -24.199 ], [ -66.299, -24.199 ], [ -66.333, -24.199 ], [ -66.333, -24.166 ], [ -66.366, -24.166 ], [ -66.366, -24.133 ], [ -66.333, -24.133 ], [ -66.333, -24.099 ], [ -66.333, -24.066 ], [ -66.333, -24.033 ], [ -66.333, -23.999 ], [ -66.299, -23.999 ] ] ], [ [ [ -65.633, -24.033 ], [ -65.666, -24.033 ], [ -65.666, -23.999 ], [ -65.633, -23.999 ], [ -65.633, -24.033 ] ] ], [ [ [ -66.166, -23.999 ], [ -66.166, -23.966 ], [ -66.133, -23.966 ], [ -66.133, -23.999 ], [ -66.166, -23.999 ] ] ], [ [ [ -65.566, -23.933 ], [ -65.566, -23.966 ], [ -65.599, -23.966 ], [ -65.633, -23.966 ], [ -65.633, -23.933 ], [ -65.633, -23.899 ], [ -65.599, -23.899 ], [ -65.599, -23.933 ], [ -65.566, -23.933 ] ] ], [ [ [ -65.566, -23.933 ], [ -65.566, -23.899 ], [ -65.533, -23.899 ], [ -65.533, -23.933 ], [ -65.566, -23.933 ] ] ], [ [ [ -66.299, -23.999 ], [ -66.299, -23.966 ], [ -66.299, -23.933 ], [ -66.333, -23.933 ], [ -66.333, -23.899 ], [ -66.333, -23.866 ], [ -66.299, -23.866 ], [ -66.266, -23.866 ], [ -66.266, -23.899 ], [ -66.266, -23.933 ], [ -66.266, -23.966 ], [ -66.266, -23.999 ], [ -66.299, -23.999 ] ] ], [ [ [ -66.133, -23.966 ], [ -66.133, -23.933 ], [ -66.099, -23.933 ], [ -66.066, -23.933 ], [ -66.066, -23.899 ], [ -66.033, -23.899 ], [ -65.999, -23.899 ], [ -65.999, -23.866 ], [ -65.966, -23.866 ], [ -65.966, -23.899 ], [ -65.966, -23.933 ], [ -65.999, -23.933 ], [ -65.999, -23.966 ], [ -65.999, -23.999 ], [ -66.033, -23.999 ], [ -66.066, -23.999 ], [ -66.066, -23.966 ], [ -66.099, -23.966 ], [ -66.133, -23.966 ] ] ], [ [ [ -65.566, -23.899 ], [ -65.599, -23.899 ], [ -65.599, -23.866 ], [ -65.566, -23.866 ], [ -65.566, -23.899 ] ] ], [ [ [ -67.066, -23.799 ], [ -67.066, -23.833 ], [ -67.033, -23.833 ], [ -66.999, -23.833 ], [ -66.999, -23.866 ], [ -66.966, -23.866 ], [ -66.966, -23.899 ], [ -66.999, -23.899 ], [ -66.999, -23.933 ], [ -66.999, -23.966 ], [ -67.033, -23.966 ], [ -67.066, -23.966 ], [ -67.066, -23.933 ], [ -67.066, -23.899 ], [ -67.099, -23.899 ], [ -67.133, -23.899 ], [ -67.133, -23.866 ], [ -67.166, -23.866 ], [ -67.166, -23.899 ], [ -67.199, -23.899 ], [ -67.199, -23.933 ], [ -67.199, -23.966 ], [ -67.199, -23.999 ], [ -67.233, -23.999 ], [ -67.233, -23.966 ], [ -67.266, -23.966 ], [ -67.266, -23.933 ], [ -67.290, -23.933 ], [ -67.270, -23.872 ], [ -67.261, -23.844 ], [ -67.258, -23.833 ], [ -67.233, -23.833 ], [ -67.233, -23.799 ], [ -67.199, -23.799 ], [ -67.166, -23.799 ], [ -67.133, -23.799 ], [ -67.099, -23.799 ], [ -67.066, -23.799 ] ] ], [ [ [ -65.366, -23.833 ], [ -65.399, -23.833 ], [ -65.399, -23.799 ], [ -65.366, -23.799 ], [ -65.366, -23.833 ] ] ], [ [ [ -65.799, -23.866 ], [ -65.766, -23.866 ], [ -65.733, -23.866 ], [ -65.733, -23.899 ], [ -65.733, -23.933 ], [ -65.766, -23.933 ], [ -65.766, -23.966 ], [ -65.799, -23.966 ], [ -65.799, -23.999 ], [ -65.833, -23.999 ], [ -65.866, -23.999 ], [ -65.866, -24.033 ], [ -65.866, -24.066 ], [ -65.866, -24.099 ], [ -65.899, -24.099 ], [ -65.899, -24.066 ], [ -65.933, -24.066 ], [ -65.933, -24.099 ], [ -65.899, -24.099 ], [ -65.899, -24.133 ], [ -65.933, -24.133 ], [ -65.966, -24.133 ], [ -65.999, -24.133 ], [ -66.033, -24.133 ], [ -66.033, -24.099 ], [ -65.999, -24.099 ], [ -65.999, -24.066 ], [ -65.999, -24.033 ], [ -65.966, -24.033 ], [ -65.933, -24.033 ], [ -65.933, -23.999 ], [ -65.899, -23.999 ], [ -65.899, -23.966 ], [ -65.899, -23.933 ], [ -65.899, -23.899 ], [ -65.933, -23.899 ], [ -65.933, -23.866 ], [ -65.966, -23.866 ], [ -65.966, -23.833 ], [ -65.966, -23.799 ], [ -65.933, -23.799 ], [ -65.933, -23.766 ], [ -65.899, -23.766 ], [ -65.899, -23.799 ], [ -65.899, -23.833 ], [ -65.866, -23.833 ], [ -65.866, -23.866 ], [ -65.866, -23.899 ], [ -65.866, -23.933 ], [ -65.833, -23.933 ], [ -65.799, -23.933 ], [ -65.799, -23.899 ], [ -65.799, -23.866 ] ] ], [ [ [ -65.633, -23.766 ], [ -65.599, -23.766 ], [ -65.599, -23.799 ], [ -65.633, -23.799 ], [ -65.633, -23.766 ] ] ], [ [ [ -65.366, -23.699 ], [ -65.399, -23.699 ], [ -65.399, -23.666 ], [ -65.366, -23.666 ], [ -65.366, -23.699 ] ] ], [ [ [ -65.266, -23.699 ], [ -65.299, -23.699 ], [ -65.299, -23.666 ], [ -65.266, -23.666 ], [ -65.266, -23.699 ] ] ], [ [ [ -65.633, -23.766 ], [ -65.666, -23.766 ], [ -65.666, -23.733 ], [ -65.666, -23.699 ], [ -65.666, -23.666 ], [ -65.666, -23.633 ], [ -65.633, -23.633 ], [ -65.599, -23.633 ], [ -65.599, -23.666 ], [ -65.633, -23.666 ], [ -65.633, -23.699 ], [ -65.633, -23.733 ], [ -65.633, -23.766 ] ] ], [ [ [ -66.266, -23.599 ], [ -66.266, -23.566 ], [ -66.233, -23.566 ], [ -66.233, -23.599 ], [ -66.266, -23.599 ] ] ], [ [ [ -65.533, -23.633 ], [ -65.566, -23.633 ], [ -65.566, -23.599 ], [ -65.533, -23.599 ], [ -65.533, -23.566 ], [ -65.533, -23.533 ], [ -65.499, -23.533 ], [ -65.499, -23.566 ], [ -65.499, -23.599 ], [ -65.499, -23.633 ], [ -65.533, -23.633 ] ] ], [ [ [ -65.266, -23.499 ], [ -65.266, -23.533 ], [ -65.299, -23.533 ], [ -65.299, -23.566 ], [ -65.333, -23.566 ], [ -65.333, -23.533 ], [ -65.333, -23.499 ], [ -65.299, -23.499 ], [ -65.266, -23.499 ] ] ], [ [ [ -65.199, -23.499 ], [ -65.166, -23.499 ], [ -65.166, -23.533 ], [ -65.166, -23.566 ], [ -65.199, -23.566 ], [ -65.233, -23.566 ], [ -65.233, -23.533 ], [ -65.199, -23.533 ], [ -65.199, -23.499 ] ] ], [ [ [ -66.266, -23.566 ], [ -66.299, -23.566 ], [ -66.299, -23.599 ], [ -66.266, -23.599 ], [ -66.266, -23.633 ], [ -66.299, -23.633 ], [ -66.299, -23.666 ], [ -66.333, -23.666 ], [ -66.333, -23.699 ], [ -66.333, -23.733 ], [ -66.333, -23.766 ], [ -66.333, -23.799 ], [ -66.333, -23.833 ], [ -66.333, -23.866 ], [ -66.366, -23.866 ], [ -66.366, -23.899 ], [ -66.399, -23.899 ], [ -66.399, -23.933 ], [ -66.399, -23.966 ], [ -66.433, -23.966 ], [ -66.466, -23.966 ], [ -66.466, -23.933 ], [ -66.499, -23.933 ], [ -66.533, -23.933 ], [ -66.533, -23.899 ], [ -66.533, -23.866 ], [ -66.566, -23.866 ], [ -66.566, -23.833 ], [ -66.566, -23.799 ], [ -66.533, -23.799 ], [ -66.533, -23.766 ], [ -66.533, -23.733 ], [ -66.566, -23.733 ], [ -66.566, -23.699 ], [ -66.533, -23.699 ], [ -66.499, -23.699 ], [ -66.499, -23.666 ], [ -66.499, -23.633 ], [ -66.499, -23.599 ], [ -66.533, -23.599 ], [ -66.533, -23.566 ], [ -66.533, -23.533 ], [ -66.499, -23.533 ], [ -66.499, -23.499 ], [ -66.466, -23.499 ], [ -66.466, -23.533 ], [ -66.466, -23.566 ], [ -66.466, -23.599 ], [ -66.433, -23.599 ], [ -66.433, -23.633 ], [ -66.433, -23.666 ], [ -66.399, -23.666 ], [ -66.399, -23.633 ], [ -66.366, -23.633 ], [ -66.366, -23.599 ], [ -66.399, -23.599 ], [ -66.399, -23.566 ], [ -66.399, -23.533 ], [ -66.366, -23.533 ], [ -66.366, -23.499 ], [ -66.333, -23.499 ], [ -66.299, -23.499 ], [ -66.299, -23.466 ], [ -66.299, -23.433 ], [ -66.266, -23.433 ], [ -66.266, -23.466 ], [ -66.233, -23.466 ], [ -66.199, -23.466 ], [ -66.199, -23.499 ], [ -66.233, -23.499 ], [ -66.233, -23.533 ], [ -66.266, -23.533 ], [ -66.266, -23.566 ] ] ], [ [ [ -65.466, -23.499 ], [ -65.499, -23.499 ], [ -65.499, -23.466 ], [ -65.499, -23.433 ], [ -65.466, -23.433 ], [ -65.466, -23.466 ], [ -65.466, -23.499 ] ] ], [ [ [ -65.199, -23.433 ], [ -65.199, -23.466 ], [ -65.199, -23.499 ], [ -65.233, -23.499 ], [ -65.266, -23.499 ], [ -65.266, -23.466 ], [ -65.299, -23.466 ], [ -65.299, -23.433 ], [ -65.299, -23.399 ], [ -65.266, -23.399 ], [ -65.266, -23.433 ], [ -65.233, -23.433 ], [ -65.199, -23.433 ] ] ], [ [ [ -65.199, -23.433 ], [ -65.199, -23.399 ], [ -65.166, -23.399 ], [ -65.133, -23.399 ], [ -65.133, -23.433 ], [ -65.166, -23.433 ], [ -65.199, -23.433 ] ] ], [ [ [ -65.499, -23.366 ], [ -65.466, -23.366 ], [ -65.433, -23.366 ], [ -65.433, -23.399 ], [ -65.466, -23.399 ], [ -65.499, -23.399 ], [ -65.499, -23.366 ] ] ], [ [ [ -65.133, -23.399 ], [ -65.133, -23.366 ], [ -65.099, -23.366 ], [ -65.099, -23.399 ], [ -65.133, -23.399 ] ] ], [ [ [ -66.233, -23.366 ], [ -66.266, -23.366 ], [ -66.266, -23.333 ], [ -66.233, -23.333 ], [ -66.233, -23.366 ] ] ], [ [ [ -65.266, -23.333 ], [ -65.266, -23.366 ], [ -65.299, -23.366 ], [ -65.299, -23.333 ], [ -65.266, -23.333 ] ] ], [ [ [ -65.099, -23.366 ], [ -65.099, -23.333 ], [ -65.066, -23.333 ], [ -65.066, -23.366 ], [ -65.099, -23.366 ] ] ], [ [ [ -65.033, -23.333 ], [ -64.999, -23.333 ], [ -64.999, -23.366 ], [ -65.033, -23.366 ], [ -65.033, -23.333 ] ] ], [ [ [ -65.266, -23.333 ], [ -65.266, -23.299 ], [ -65.233, -23.299 ], [ -65.233, -23.333 ], [ -65.266, -23.333 ] ] ], [ [ [ -64.999, -23.333 ], [ -64.999, -23.299 ], [ -64.966, -23.299 ], [ -64.966, -23.333 ], [ -64.999, -23.333 ] ] ], [ [ [ -65.033, -23.333 ], [ -65.066, -23.333 ], [ -65.066, -23.299 ], [ -65.066, -23.266 ], [ -65.033, -23.266 ], [ -65.033, -23.299 ], [ -65.033, -23.333 ] ] ], [ [ [ -66.466, -23.399 ], [ -66.466, -23.366 ], [ -66.466, -23.333 ], [ -66.466, -23.299 ], [ -66.466, -23.266 ], [ -66.466, -23.233 ], [ -66.433, -23.233 ], [ -66.433, -23.199 ], [ -66.433, -23.166 ], [ -66.399, -23.166 ], [ -66.399, -23.199 ], [ -66.399, -23.233 ], [ -66.399, -23.266 ], [ -66.433, -23.266 ], [ -66.433, -23.299 ], [ -66.399, -23.299 ], [ -66.399, -23.333 ], [ -66.433, -23.333 ], [ -66.433, -23.366 ], [ -66.433, -23.399 ], [ -66.466, -23.399 ] ] ], [ [ [ -66.066, -23.233 ], [ -66.099, -23.233 ], [ -66.099, -23.266 ], [ -66.099, -23.299 ], [ -66.133, -23.299 ], [ -66.133, -23.333 ], [ -66.166, -23.333 ], [ -66.166, -23.299 ], [ -66.166, -23.266 ], [ -66.133, -23.266 ], [ -66.133, -23.233 ], [ -66.133, -23.199 ], [ -66.133, -23.166 ], [ -66.099, -23.166 ], [ -66.066, -23.166 ], [ -66.066, -23.199 ], [ -66.066, -23.233 ] ] ], [ [ [ -66.399, -23.166 ], [ -66.399, -23.133 ], [ -66.399, -23.099 ], [ -66.399, -23.066 ], [ -66.366, -23.066 ], [ -66.333, -23.066 ], [ -66.333, -23.099 ], [ -66.333, -23.133 ], [ -66.366, -23.133 ], [ -66.366, -23.166 ], [ -66.399, -23.166 ] ] ], [ [ [ -65.499, -23.366 ], [ -65.533, -23.366 ], [ -65.566, -23.366 ], [ -65.566, -23.399 ], [ -65.566, -23.433 ], [ -65.566, -23.466 ], [ -65.599, -23.466 ], [ -65.599, -23.499 ], [ -65.633, -23.499 ], [ -65.633, -23.533 ], [ -65.633, -23.566 ], [ -65.666, -23.566 ], [ -65.699, -23.566 ], [ -65.733, -23.566 ], [ -65.733, -23.599 ], [ -65.766, -23.599 ], [ -65.766, -23.633 ], [ -65.733, -23.633 ], [ -65.733, -23.666 ], [ -65.733, -23.699 ], [ -65.766, -23.699 ], [ -65.766, -23.733 ], [ -65.766, -23.766 ], [ -65.766, -23.799 ], [ -65.766, -23.833 ], [ -65.799, -23.833 ], [ -65.799, -23.866 ], [ -65.833, -23.866 ], [ -65.833, -23.833 ], [ -65.833, -23.799 ], [ -65.833, -23.766 ], [ -65.833, -23.733 ], [ -65.833, -23.699 ], [ -65.833, -23.666 ], [ -65.866, -23.666 ], [ -65.866, -23.633 ], [ -65.866, -23.599 ], [ -65.899, -23.599 ], [ -65.933, -23.599 ], [ -65.966, -23.599 ], [ -65.966, -23.633 ], [ -65.999, -23.633 ], [ -65.999, -23.599 ], [ -65.999, -23.566 ], [ -65.999, -23.533 ], [ -65.999, -23.499 ], [ -65.999, -23.466 ], [ -65.966, -23.466 ], [ -65.966, -23.499 ], [ -65.933, -23.499 ], [ -65.933, -23.466 ], [ -65.899, -23.466 ], [ -65.899, -23.433 ], [ -65.899, -23.399 ], [ -65.933, -23.399 ], [ -65.933, -23.366 ], [ -65.966, -23.366 ], [ -65.966, -23.399 ], [ -65.966, -23.433 ], [ -65.999, -23.433 ], [ -65.999, -23.399 ], [ -65.999, -23.366 ], [ -66.033, -23.366 ], [ -66.066, -23.366 ], [ -66.066, -23.333 ], [ -66.066, -23.299 ], [ -66.066, -23.266 ], [ -66.066, -23.233 ], [ -66.033, -23.233 ], [ -66.033, -23.266 ], [ -66.033, -23.299 ], [ -66.033, -23.333 ], [ -65.999, -23.333 ], [ -65.999, -23.299 ], [ -65.999, -23.266 ], [ -65.999, -23.233 ], [ -65.999, -23.199 ], [ -65.999, -23.166 ], [ -65.966, -23.166 ], [ -65.933, -23.166 ], [ -65.933, -23.199 ], [ -65.899, -23.199 ], [ -65.866, -23.199 ], [ -65.866, -23.233 ], [ -65.833, -23.233 ], [ -65.833, -23.199 ], [ -65.799, -23.199 ], [ -65.799, -23.166 ], [ -65.799, -23.133 ], [ -65.799, -23.099 ], [ -65.766, -23.099 ], [ -65.733, -23.099 ], [ -65.733, -23.133 ], [ -65.766, -23.133 ], [ -65.766, -23.166 ], [ -65.766, -23.199 ], [ -65.766, -23.233 ], [ -65.766, -23.266 ], [ -65.733, -23.266 ], [ -65.733, -23.299 ], [ -65.699, -23.299 ], [ -65.699, -23.266 ], [ -65.666, -23.266 ], [ -65.666, -23.233 ], [ -65.666, -23.199 ], [ -65.666, -23.166 ], [ -65.666, -23.133 ], [ -65.666, -23.099 ], [ -65.699, -23.099 ], [ -65.733, -23.099 ], [ -65.733, -23.066 ], [ -65.699, -23.066 ], [ -65.666, -23.066 ], [ -65.633, -23.066 ], [ -65.599, -23.066 ], [ -65.566, -23.066 ], [ -65.566, -23.099 ], [ -65.566, -23.133 ], [ -65.533, -23.133 ], [ -65.533, -23.099 ], [ -65.499, -23.099 ], [ -65.499, -23.066 ], [ -65.499, -23.033 ], [ -65.466, -23.033 ], [ -65.466, -23.066 ], [ -65.466, -23.099 ], [ -65.433, -23.099 ], [ -65.433, -23.133 ], [ -65.466, -23.133 ], [ -65.466, -23.166 ], [ -65.466, -23.199 ], [ -65.466, -23.233 ], [ -65.466, -23.266 ], [ -65.466, -23.299 ], [ -65.499, -23.299 ], [ -65.533, -23.299 ], [ -65.533, -23.266 ], [ -65.533, -23.233 ], [ -65.533, -23.199 ], [ -65.533, -23.166 ], [ -65.566, -23.166 ], [ -65.599, -23.166 ], [ -65.599, -23.199 ], [ -65.599, -23.233 ], [ -65.599, -23.266 ], [ -65.599, -23.299 ], [ -65.566, -23.299 ], [ -65.566, -23.333 ], [ -65.533, -23.333 ], [ -65.499, -23.333 ], [ -65.499, -23.366 ] ] ], [ [ [ -65.033, -23.266 ], [ -65.033, -23.233 ], [ -65.033, -23.199 ], [ -65.033, -23.166 ], [ -65.033, -23.133 ], [ -65.033, -23.099 ], [ -65.033, -23.066 ], [ -65.033, -23.033 ], [ -65.033, -22.999 ], [ -64.999, -22.999 ], [ -64.966, -22.999 ], [ -64.966, -23.033 ], [ -64.999, -23.033 ], [ -64.999, -23.066 ], [ -64.999, -23.099 ], [ -64.999, -23.133 ], [ -64.999, -23.166 ], [ -64.999, -23.199 ], [ -64.999, -23.233 ], [ -64.999, -23.266 ], [ -65.033, -23.266 ] ] ], [ [ [ -66.466, -22.999 ], [ -66.466, -22.966 ], [ -66.433, -22.966 ], [ -66.399, -22.966 ], [ -66.399, -22.999 ], [ -66.399, -23.033 ], [ -66.433, -23.033 ], [ -66.433, -22.999 ], [ -66.466, -22.999 ] ] ], [ [ [ -66.133, -22.999 ], [ -66.133, -22.966 ], [ -66.099, -22.966 ], [ -66.099, -22.999 ], [ -66.133, -22.999 ] ] ], [ [ [ -66.499, -22.966 ], [ -66.499, -22.999 ], [ -66.466, -22.999 ], [ -66.466, -23.033 ], [ -66.466, -23.066 ], [ -66.433, -23.066 ], [ -66.433, -23.099 ], [ -66.466, -23.099 ], [ -66.466, -23.133 ], [ -66.499, -23.133 ], [ -66.499, -23.166 ], [ -66.466, -23.166 ], [ -66.466, -23.199 ], [ -66.499, -23.199 ], [ -66.499, -23.233 ], [ -66.499, -23.266 ], [ -66.499, -23.299 ], [ -66.533, -23.299 ], [ -66.533, -23.333 ], [ -66.499, -23.333 ], [ -66.499, -23.366 ], [ -66.533, -23.366 ], [ -66.533, -23.399 ], [ -66.499, -23.399 ], [ -66.466, -23.399 ], [ -66.466, -23.433 ], [ -66.466, -23.466 ], [ -66.499, -23.466 ], [ -66.499, -23.433 ], [ -66.533, -23.433 ], [ -66.533, -23.466 ], [ -66.566, -23.466 ], [ -66.566, -23.499 ], [ -66.566, -23.533 ], [ -66.599, -23.533 ], [ -66.599, -23.566 ], [ -66.633, -23.566 ], [ -66.633, -23.599 ], [ -66.633, -23.633 ], [ -66.633, -23.666 ], [ -66.633, -23.699 ], [ -66.633, -23.733 ], [ -66.666, -23.733 ], [ -66.666, -23.766 ], [ -66.666, -23.799 ], [ -66.666, -23.833 ], [ -66.699, -23.833 ], [ -66.699, -23.866 ], [ -66.699, -23.899 ], [ -66.699, -23.933 ], [ -66.699, -23.966 ], [ -66.733, -23.966 ], [ -66.733, -23.999 ], [ -66.733, -24.033 ], [ -66.766, -24.033 ], [ -66.766, -24.066 ], [ -66.799, -24.066 ], [ -66.833, -24.066 ], [ -66.833, -24.033 ], [ -66.866, -24.033 ], [ -66.866, -23.999 ], [ -66.866, -23.966 ], [ -66.833, -23.966 ], [ -66.833, -23.933 ], [ -66.833, -23.899 ], [ -66.833, -23.866 ], [ -66.833, -23.833 ], [ -66.799, -23.833 ], [ -66.799, -23.799 ], [ -66.799, -23.766 ], [ -66.799, -23.733 ], [ -66.799, -23.699 ], [ -66.799, -23.666 ], [ -66.833, -23.666 ], [ -66.866, -23.666 ], [ -66.866, -23.633 ], [ -66.899, -23.633 ], [ -66.899, -23.599 ], [ -66.933, -23.599 ], [ -66.933, -23.566 ], [ -66.933, -23.533 ], [ -66.966, -23.533 ], [ -66.966, -23.499 ], [ -66.999, -23.499 ], [ -66.999, -23.466 ], [ -67.033, -23.466 ], [ -67.033, -23.433 ], [ -67.066, -23.433 ], [ -67.099, -23.433 ], [ -67.099, -23.399 ], [ -67.114, -23.385 ], [ -67.064, -23.233 ], [ -67.033, -23.233 ], [ -67.033, -23.199 ], [ -66.999, -23.199 ], [ -66.999, -23.166 ], [ -67.043, -23.166 ], [ -67.022, -23.099 ], [ -66.999, -23.099 ], [ -66.966, -23.099 ], [ -66.966, -23.066 ], [ -66.933, -23.066 ], [ -66.899, -23.066 ], [ -66.899, -23.099 ], [ -66.866, -23.099 ], [ -66.866, -23.133 ], [ -66.899, -23.133 ], [ -66.899, -23.166 ], [ -66.899, -23.199 ], [ -66.899, -23.233 ], [ -66.899, -23.266 ], [ -66.899, -23.299 ], [ -66.899, -23.333 ], [ -66.933, -23.333 ], [ -66.933, -23.366 ], [ -66.933, -23.399 ], [ -66.933, -23.433 ], [ -66.899, -23.433 ], [ -66.899, -23.466 ], [ -66.899, -23.499 ], [ -66.899, -23.533 ], [ -66.899, -23.566 ], [ -66.866, -23.566 ], [ -66.866, -23.599 ], [ -66.833, -23.599 ], [ -66.799, -23.599 ], [ -66.799, -23.566 ], [ -66.799, -23.533 ], [ -66.799, -23.499 ], [ -66.799, -23.466 ], [ -66.799, -23.433 ], [ -66.799, -23.399 ], [ -66.799, -23.366 ], [ -66.799, -23.333 ], [ -66.799, -23.299 ], [ -66.799, -23.266 ], [ -66.799, -23.233 ], [ -66.799, -23.199 ], [ -66.799, -23.166 ], [ -66.833, -23.166 ], [ -66.833, -23.133 ], [ -66.833, -23.099 ], [ -66.833, -23.066 ], [ -66.799, -23.066 ], [ -66.799, -23.033 ], [ -66.766, -23.033 ], [ -66.766, -23.066 ], [ -66.733, -23.066 ], [ -66.733, -23.033 ], [ -66.733, -22.999 ], [ -66.766, -22.999 ], [ -66.766, -22.966 ], [ -66.766, -22.933 ], [ -66.733, -22.933 ], [ -66.699, -22.933 ], [ -66.699, -22.966 ], [ -66.666, -22.966 ], [ -66.666, -22.999 ], [ -66.633, -22.999 ], [ -66.599, -22.999 ], [ -66.566, -22.999 ], [ -66.566, -22.966 ], [ -66.533, -22.966 ], [ -66.499, -22.966 ] ], [ [ -66.633, -23.066 ], [ -66.633, -23.099 ], [ -66.666, -23.099 ], [ -66.699, -23.099 ], [ -66.699, -23.133 ], [ -66.699, -23.166 ], [ -66.699, -23.199 ], [ -66.666, -23.199 ], [ -66.666, -23.233 ], [ -66.699, -23.233 ], [ -66.699, -23.266 ], [ -66.666, -23.266 ], [ -66.666, -23.299 ], [ -66.699, -23.299 ], [ -66.699, -23.333 ], [ -66.733, -23.333 ], [ -66.733, -23.366 ], [ -66.733, -23.399 ], [ -66.733, -23.433 ], [ -66.733, -23.466 ], [ -66.699, -23.466 ], [ -66.666, -23.466 ], [ -66.666, -23.433 ], [ -66.633, -23.433 ], [ -66.633, -23.399 ], [ -66.633, -23.366 ], [ -66.633, -23.333 ], [ -66.599, -23.333 ], [ -66.599, -23.299 ], [ -66.566, -23.299 ], [ -66.566, -23.266 ], [ -66.566, -23.233 ], [ -66.566, -23.199 ], [ -66.533, -23.199 ], [ -66.533, -23.166 ], [ -66.533, -23.133 ], [ -66.533, -23.099 ], [ -66.566, -23.099 ], [ -66.566, -23.066 ], [ -66.599, -23.066 ], [ -66.633, -23.066 ] ], [ [ -66.733, -23.299 ], [ -66.733, -23.266 ], [ -66.766, -23.266 ], [ -66.766, -23.299 ], [ -66.733, -23.299 ] ] ], [ [ [ -66.466, -22.966 ], [ -66.499, -22.966 ], [ -66.499, -22.933 ], [ -66.466, -22.933 ], [ -66.466, -22.966 ] ] ], [ [ [ -66.833, -22.933 ], [ -66.866, -22.933 ], [ -66.866, -22.899 ], [ -66.833, -22.899 ], [ -66.833, -22.933 ] ] ], [ [ [ -66.766, -22.933 ], [ -66.799, -22.933 ], [ -66.799, -22.899 ], [ -66.766, -22.899 ], [ -66.766, -22.933 ] ] ], [ [ [ -66.066, -22.933 ], [ -66.099, -22.933 ], [ -66.099, -22.899 ], [ -66.066, -22.899 ], [ -66.066, -22.933 ] ] ], [ [ [ -65.033, -22.999 ], [ -65.066, -22.999 ], [ -65.066, -23.033 ], [ -65.099, -23.033 ], [ -65.099, -23.066 ], [ -65.133, -23.066 ], [ -65.133, -23.099 ], [ -65.133, -23.133 ], [ -65.133, -23.166 ], [ -65.133, -23.199 ], [ -65.166, -23.199 ], [ -65.166, -23.233 ], [ -65.166, -23.266 ], [ -65.199, -23.266 ], [ -65.199, -23.299 ], [ -65.233, -23.299 ], [ -65.233, -23.266 ], [ -65.233, -23.233 ], [ -65.233, -23.199 ], [ -65.233, -23.166 ], [ -65.233, -23.133 ], [ -65.266, -23.133 ], [ -65.266, -23.099 ], [ -65.233, -23.099 ], [ -65.233, -23.066 ], [ -65.266, -23.066 ], [ -65.266, -23.033 ], [ -65.266, -22.999 ], [ -65.266, -22.966 ], [ -65.266, -22.933 ], [ -65.266, -22.899 ], [ -65.266, -22.866 ], [ -65.266, -22.833 ], [ -65.299, -22.833 ], [ -65.299, -22.799 ], [ -65.266, -22.799 ], [ -65.233, -22.799 ], [ -65.233, -22.833 ], [ -65.233, -22.866 ], [ -65.199, -22.866 ], [ -65.166, -22.866 ], [ -65.133, -22.866 ], [ -65.099, -22.866 ], [ -65.066, -22.866 ], [ -65.066, -22.899 ], [ -65.033, -22.899 ], [ -65.033, -22.933 ], [ -65.066, -22.933 ], [ -65.099, -22.933 ], [ -65.099, -22.966 ], [ -65.066, -22.966 ], [ -65.033, -22.966 ], [ -65.033, -22.999 ] ] ], [ [ [ -65.166, -22.966 ], [ -65.166, -22.933 ], [ -65.199, -22.933 ], [ -65.233, -22.933 ], [ -65.233, -22.966 ], [ -65.233, -22.999 ], [ -65.233, -23.033 ], [ -65.199, -23.033 ], [ -65.199, -22.999 ], [ -65.166, -22.999 ], [ -65.166, -22.966 ] ] ], [ [ [ -66.133, -22.999 ], [ -66.133, -23.033 ], [ -66.133, -23.066 ], [ -66.166, -23.066 ], [ -66.166, -23.099 ], [ -66.199, -23.099 ], [ -66.199, -23.066 ], [ -66.199, -23.033 ], [ -66.199, -22.999 ], [ -66.233, -22.999 ], [ -66.233, -23.033 ], [ -66.266, -23.033 ], [ -66.266, -22.999 ], [ -66.266, -22.966 ], [ -66.299, -22.966 ], [ -66.333, -22.966 ], [ -66.333, -22.999 ], [ -66.333, -23.033 ], [ -66.366, -23.033 ], [ -66.366, -22.999 ], [ -66.366, -22.966 ], [ -66.366, -22.933 ], [ -66.333, -22.933 ], [ -66.333, -22.899 ], [ -66.333, -22.866 ], [ -66.299, -22.866 ], [ -66.299, -22.833 ], [ -66.299, -22.799 ], [ -66.299, -22.766 ], [ -66.266, -22.766 ], [ -66.266, -22.799 ], [ -66.233, -22.799 ], [ -66.233, -22.833 ], [ -66.199, -22.833 ], [ -66.199, -22.866 ], [ -66.199, -22.899 ], [ -66.166, -22.899 ], [ -66.166, -22.933 ], [ -66.166, -22.966 ], [ -66.166, -22.999 ], [ -66.133, -22.999 ] ] ], [ [ [ -66.766, -22.699 ], [ -66.799, -22.699 ], [ -66.799, -22.666 ], [ -66.766, -22.666 ], [ -66.766, -22.699 ] ] ], [ [ [ -66.466, -22.533 ], [ -66.466, -22.566 ], [ -66.433, -22.566 ], [ -66.433, -22.599 ], [ -66.466, -22.599 ], [ -66.466, -22.633 ], [ -66.433, -22.633 ], [ -66.433, -22.666 ], [ -66.466, -22.666 ], [ -66.499, -22.666 ], [ -66.499, -22.699 ], [ -66.533, -22.699 ], [ -66.566, -22.699 ], [ -66.566, -22.666 ], [ -66.533, -22.666 ], [ -66.533, -22.633 ], [ -66.499, -22.633 ], [ -66.499, -22.599 ], [ -66.499, -22.566 ], [ -66.499, -22.533 ], [ -66.466, -22.533 ] ] ], [ [ [ -66.266, -22.633 ], [ -66.266, -22.666 ], [ -66.266, -22.699 ], [ -66.299, -22.699 ], [ -66.333, -22.699 ], [ -66.333, -22.733 ], [ -66.366, -22.733 ], [ -66.366, -22.766 ], [ -66.366, -22.799 ], [ -66.366, -22.833 ], [ -66.366, -22.866 ], [ -66.399, -22.866 ], [ -66.433, -22.866 ], [ -66.433, -22.833 ], [ -66.466, -22.833 ], [ -66.466, -22.799 ], [ -66.499, -22.799 ], [ -66.533, -22.799 ], [ -66.566, -22.799 ], [ -66.566, -22.766 ], [ -66.533, -22.766 ], [ -66.533, -22.733 ], [ -66.499, -22.733 ], [ -66.466, -22.733 ], [ -66.466, -22.766 ], [ -66.433, -22.766 ], [ -66.433, -22.799 ], [ -66.399, -22.799 ], [ -66.399, -22.766 ], [ -66.399, -22.733 ], [ -66.399, -22.699 ], [ -66.366, -22.699 ], [ -66.366, -22.666 ], [ -66.333, -22.666 ], [ -66.299, -22.666 ], [ -66.299, -22.633 ], [ -66.333, -22.633 ], [ -66.333, -22.599 ], [ -66.299, -22.599 ], [ -66.299, -22.566 ], [ -66.299, -22.533 ], [ -66.266, -22.533 ], [ -66.266, -22.566 ], [ -66.266, -22.599 ], [ -66.266, -22.633 ] ] ], [ [ [ -65.333, -22.533 ], [ -65.333, -22.566 ], [ -65.366, -22.566 ], [ -65.366, -22.533 ], [ -65.333, -22.533 ] ] ], [ [ [ -66.566, -22.533 ], [ -66.599, -22.533 ], [ -66.599, -22.499 ], [ -66.566, -22.499 ], [ -66.533, -22.499 ], [ -66.533, -22.533 ], [ -66.566, -22.533 ] ] ], [ [ [ -66.366, -22.533 ], [ -66.399, -22.533 ], [ -66.399, -22.499 ], [ -66.366, -22.499 ], [ -66.366, -22.533 ] ] ], [ [ [ -65.333, -22.533 ], [ -65.333, -22.499 ], [ -65.299, -22.499 ], [ -65.299, -22.533 ], [ -65.333, -22.533 ] ] ], [ [ [ -65.199, -22.499 ], [ -65.199, -22.533 ], [ -65.233, -22.533 ], [ -65.266, -22.533 ], [ -65.266, -22.499 ], [ -65.233, -22.499 ], [ -65.199, -22.499 ] ] ], [ [ [ -65.333, -22.499 ], [ -65.366, -22.499 ], [ -65.366, -22.466 ], [ -65.333, -22.466 ], [ -65.333, -22.499 ] ] ], [ [ [ -65.199, -22.499 ], [ -65.199, -22.466 ], [ -65.166, -22.466 ], [ -65.166, -22.499 ], [ -65.199, -22.499 ] ] ], [ [ [ -65.133, -22.466 ], [ -65.099, -22.466 ], [ -65.099, -22.433 ], [ -65.066, -22.433 ], [ -65.066, -22.466 ], [ -65.066, -22.499 ], [ -65.099, -22.499 ], [ -65.099, -22.533 ], [ -65.133, -22.533 ], [ -65.133, -22.499 ], [ -65.133, -22.466 ] ] ], [ [ [ -64.999, -22.466 ], [ -65.033, -22.466 ], [ -65.033, -22.433 ], [ -64.999, -22.433 ], [ -64.999, -22.466 ] ] ], [ [ [ -66.233, -22.466 ], [ -66.266, -22.466 ], [ -66.266, -22.433 ], [ -66.266, -22.399 ], [ -66.233, -22.399 ], [ -66.199, -22.399 ], [ -66.199, -22.433 ], [ -66.199, -22.466 ], [ -66.233, -22.466 ] ] ], [ [ [ -64.966, -22.366 ], [ -64.999, -22.366 ], [ -64.999, -22.333 ], [ -64.966, -22.333 ], [ -64.966, -22.366 ] ] ], [ [ [ -65.133, -22.466 ], [ -65.166, -22.466 ], [ -65.166, -22.433 ], [ -65.199, -22.433 ], [ -65.233, -22.433 ], [ -65.233, -22.466 ], [ -65.266, -22.466 ], [ -65.299, -22.466 ], [ -65.333, -22.466 ], [ -65.333, -22.433 ], [ -65.299, -22.433 ], [ -65.299, -22.399 ], [ -65.299, -22.366 ], [ -65.266, -22.366 ], [ -65.233, -22.366 ], [ -65.233, -22.333 ], [ -65.266, -22.333 ], [ -65.266, -22.299 ], [ -65.233, -22.299 ], [ -65.199, -22.299 ], [ -65.199, -22.333 ], [ -65.199, -22.366 ], [ -65.199, -22.399 ], [ -65.166, -22.399 ], [ -65.133, -22.399 ], [ -65.133, -22.433 ], [ -65.133, -22.466 ] ] ], [ [ [ -66.533, -22.175 ], [ -66.533, -22.199 ], [ -66.499, -22.199 ], [ -66.499, -22.233 ], [ -66.533, -22.233 ], [ -66.533, -22.266 ], [ -66.566, -22.266 ], [ -66.599, -22.266 ], [ -66.599, -22.299 ], [ -66.633, -22.299 ], [ -66.633, -22.333 ], [ -66.666, -22.333 ], [ -66.666, -22.366 ], [ -66.666, -22.399 ], [ -66.633, -22.399 ], [ -66.633, -22.433 ], [ -66.633, -22.466 ], [ -66.633, -22.499 ], [ -66.633, -22.533 ], [ -66.666, -22.533 ], [ -66.699, -22.533 ], [ -66.699, -22.499 ], [ -66.699, -22.466 ], [ -66.699, -22.433 ], [ -66.733, -22.433 ], [ -66.766, -22.433 ], [ -66.766, -22.399 ], [ -66.779, -22.387 ], [ -66.766, -22.357 ], [ -66.764, -22.354 ], [ -66.761, -22.333 ], [ -66.733, -22.333 ], [ -66.699, -22.333 ], [ -66.699, -22.299 ], [ -66.699, -22.266 ], [ -66.666, -22.266 ], [ -66.633, -22.266 ], [ -66.633, -22.233 ], [ -66.599, -22.233 ], [ -66.599, -22.191 ], [ -66.533, -22.175 ] ] ], [ [ [ -65.099, -22.233 ], [ -65.133, -22.233 ], [ -65.133, -22.199 ], [ -65.133, -22.166 ], [ -65.099, -22.166 ], [ -65.099, -22.199 ], [ -65.099, -22.233 ] ] ], [ [ [ -65.166, -22.199 ], [ -65.166, -22.233 ], [ -65.199, -22.233 ], [ -65.199, -22.199 ], [ -65.233, -22.199 ], [ -65.233, -22.166 ], [ -65.199, -22.166 ], [ -65.199, -22.133 ], [ -65.166, -22.133 ], [ -65.166, -22.166 ], [ -65.166, -22.199 ] ] ] ] } }
]
}
