{
"type": "FeatureCollection",
                                                                                                                                  
"features": [
{ "type": "Feature", "properties": { "pm_icon": "AR_4a", "hzs": "4a" }, "geometry": { "type": "MultiPolygon", "coordinates": [ [ [ [ -73.333, -50.499 ], [ -73.333, -50.533 ], [ -73.299, -50.533 ], [ -73.299, -50.566 ], [ -73.305, -50.572 ], [ -73.308, -50.571 ], [ -73.312, -50.571 ], [ -73.318, -50.571 ], [ -73.321, -50.571 ], [ -73.324, -50.570 ], [ -73.326, -50.570 ], [ -73.330, -50.569 ], [ -73.331, -50.568 ], [ -73.332, -50.565 ], [ -73.331, -50.563 ], [ -73.330, -50.562 ], [ -73.333, -50.558 ], [ -73.337, -50.556 ], [ -73.340, -50.553 ], [ -73.343, -50.551 ], [ -73.345, -50.549 ], [ -73.348, -50.548 ], [ -73.350, -50.548 ], [ -73.353, -50.547 ], [ -73.355, -50.544 ], [ -73.356, -50.543 ], [ -73.357, -50.541 ], [ -73.358, -50.538 ], [ -73.359, -50.536 ], [ -73.363, -50.534 ], [ -73.367, -50.531 ], [ -73.370, -50.530 ], [ -73.372, -50.528 ], [ -73.373, -50.526 ], [ -73.375, -50.525 ], [ -73.376, -50.523 ], [ -73.381, -50.520 ], [ -73.385, -50.517 ], [ -73.386, -50.516 ], [ -73.386, -50.515 ], [ -73.384, -50.513 ], [ -73.381, -50.513 ], [ -73.378, -50.512 ], [ -73.372, -50.511 ], [ -73.367, -50.508 ], [ -73.365, -50.507 ], [ -73.364, -50.506 ], [ -73.364, -50.504 ], [ -73.365, -50.499 ], [ -73.333, -50.499 ] ] ], [ [ [ -73.499, -50.033 ], [ -73.510, -50.043 ], [ -73.511, -50.043 ], [ -73.515, -50.043 ], [ -73.519, -50.042 ], [ -73.523, -50.042 ], [ -73.530, -50.043 ], [ -73.533, -50.042 ], [ -73.533, -49.999 ], [ -73.499, -49.999 ], [ -73.499, -50.033 ] ] ], [ [ [ -73.466, -49.933 ], [ -73.499, -49.933 ], [ -73.499, -49.899 ], [ -73.514, -49.885 ], [ -73.512, -49.882 ], [ -73.509, -49.879 ], [ -73.506, -49.875 ], [ -73.503, -49.871 ], [ -73.501, -49.868 ], [ -73.500, -49.866 ], [ -73.466, -49.866 ], [ -73.466, -49.899 ], [ -73.466, -49.933 ] ] ], [ [ [ -72.299, -47.666 ], [ -72.333, -47.666 ], [ -72.333, -47.633 ], [ -72.299, -47.633 ], [ -72.266, -47.633 ], [ -72.266, -47.666 ], [ -72.299, -47.666 ] ] ], [ [ [ -70.033, -37.166 ], [ -70.066, -37.166 ], [ -70.066, -37.133 ], [ -70.033, -37.133 ], [ -70.033, -37.166 ] ] ], [ [ [ -70.433, -36.599 ], [ -70.433, -36.633 ], [ -70.466, -36.633 ], [ -70.466, -36.599 ], [ -70.433, -36.599 ] ] ], [ [ [ -70.399, -36.599 ], [ -70.366, -36.599 ], [ -70.366, -36.633 ], [ -70.399, -36.633 ], [ -70.399, -36.599 ] ] ], [ [ [ -70.399, -36.599 ], [ -70.433, -36.599 ], [ -70.433, -36.566 ], [ -70.399, -36.566 ], [ -70.399, -36.599 ] ] ], [ [ [ -70.066, -36.299 ], [ -70.099, -36.299 ], [ -70.099, -36.266 ], [ -70.066, -36.266 ], [ -70.066, -36.299 ] ] ], [ [ [ -70.033, -35.399 ], [ -69.999, -35.399 ], [ -69.999, -35.433 ], [ -70.033, -35.433 ], [ -70.033, -35.399 ] ] ], [ [ [ -70.033, -35.399 ], [ -70.066, -35.399 ], [ -70.066, -35.366 ], [ -70.066, -35.333 ], [ -70.033, -35.333 ], [ -70.033, -35.366 ], [ -70.033, -35.399 ] ] ], [ [ [ -69.966, -35.366 ], [ -69.999, -35.366 ], [ -69.999, -35.333 ], [ -69.966, -35.333 ], [ -69.966, -35.366 ] ] ], [ [ [ -69.966, -35.299 ], [ -69.999, -35.299 ], [ -69.999, -35.266 ], [ -69.966, -35.266 ], [ -69.966, -35.299 ] ] ], [ [ [ -69.999, -35.066 ], [ -70.033, -35.066 ], [ -70.033, -35.033 ], [ -69.999, -35.033 ], [ -69.999, -35.066 ] ] ], [ [ [ -70.166, -34.999 ], [ -70.199, -34.999 ], [ -70.199, -34.966 ], [ -70.166, -34.966 ], [ -70.166, -34.999 ] ] ], [ [ [ -70.233, -34.966 ], [ -70.266, -34.966 ], [ -70.266, -34.933 ], [ -70.233, -34.933 ], [ -70.233, -34.966 ] ] ], [ [ [ -70.066, -34.933 ], [ -70.066, -34.966 ], [ -70.066, -34.999 ], [ -70.099, -34.999 ], [ -70.099, -34.966 ], [ -70.099, -34.933 ], [ -70.066, -34.933 ] ] ], [ [ [ -70.299, -34.999 ], [ -70.333, -34.999 ], [ -70.340, -34.993 ], [ -70.338, -34.992 ], [ -70.334, -34.991 ], [ -70.333, -34.988 ], [ -70.331, -34.985 ], [ -70.330, -34.982 ], [ -70.330, -34.979 ], [ -70.329, -34.977 ], [ -70.329, -34.975 ], [ -70.330, -34.972 ], [ -70.330, -34.969 ], [ -70.330, -34.966 ], [ -70.329, -34.962 ], [ -70.329, -34.958 ], [ -70.330, -34.955 ], [ -70.330, -34.953 ], [ -70.330, -34.950 ], [ -70.330, -34.947 ], [ -70.330, -34.945 ], [ -70.330, -34.942 ], [ -70.332, -34.940 ], [ -70.331, -34.937 ], [ -70.329, -34.935 ], [ -70.326, -34.932 ], [ -70.323, -34.931 ], [ -70.319, -34.931 ], [ -70.317, -34.928 ], [ -70.316, -34.924 ], [ -70.315, -34.922 ], [ -70.313, -34.921 ], [ -70.313, -34.920 ], [ -70.299, -34.933 ], [ -70.299, -34.966 ], [ -70.299, -34.999 ] ] ], [ [ [ -70.066, -34.933 ], [ -70.066, -34.899 ], [ -70.033, -34.899 ], [ -70.033, -34.933 ], [ -70.066, -34.933 ] ] ], [ [ [ -69.966, -34.899 ], [ -69.933, -34.899 ], [ -69.933, -34.933 ], [ -69.933, -34.966 ], [ -69.966, -34.966 ], [ -69.966, -34.999 ], [ -69.999, -34.999 ], [ -69.999, -34.966 ], [ -69.999, -34.933 ], [ -69.966, -34.933 ], [ -69.966, -34.899 ] ] ], [ [ [ -69.966, -34.899 ], [ -69.999, -34.899 ], [ -70.033, -34.899 ], [ -70.033, -34.866 ], [ -69.999, -34.866 ], [ -69.966, -34.866 ], [ -69.966, -34.899 ] ] ], [ [ [ -70.066, -34.899 ], [ -70.099, -34.899 ], [ -70.099, -34.866 ], [ -70.099, -34.833 ], [ -70.066, -34.833 ], [ -70.066, -34.866 ], [ -70.066, -34.899 ] ] ], [ [ [ -70.233, -34.799 ], [ -70.199, -34.799 ], [ -70.199, -34.833 ], [ -70.199, -34.866 ], [ -70.233, -34.866 ], [ -70.266, -34.866 ], [ -70.279, -34.854 ], [ -70.279, -34.852 ], [ -70.276, -34.849 ], [ -70.273, -34.845 ], [ -70.272, -34.842 ], [ -70.270, -34.840 ], [ -70.269, -34.837 ], [ -70.265, -34.835 ], [ -70.263, -34.833 ], [ -70.263, -34.833 ], [ -70.233, -34.833 ], [ -70.233, -34.799 ] ] ], [ [ [ -70.099, -34.833 ], [ -70.133, -34.833 ], [ -70.133, -34.866 ], [ -70.166, -34.866 ], [ -70.166, -34.833 ], [ -70.166, -34.799 ], [ -70.133, -34.799 ], [ -70.099, -34.799 ], [ -70.099, -34.833 ] ] ], [ [ [ -69.999, -34.766 ], [ -69.966, -34.766 ], [ -69.933, -34.766 ], [ -69.933, -34.799 ], [ -69.966, -34.799 ], [ -69.999, -34.799 ], [ -69.999, -34.766 ] ] ], [ [ [ -69.866, -34.766 ], [ -69.899, -34.766 ], [ -69.899, -34.733 ], [ -69.866, -34.733 ], [ -69.866, -34.766 ] ] ], [ [ [ -69.799, -34.733 ], [ -69.799, -34.766 ], [ -69.833, -34.766 ], [ -69.833, -34.733 ], [ -69.799, -34.733 ] ] ], [ [ [ -70.199, -34.699 ], [ -70.166, -34.699 ], [ -70.166, -34.733 ], [ -70.199, -34.733 ], [ -70.199, -34.699 ] ] ], [ [ [ -69.999, -34.766 ], [ -70.033, -34.766 ], [ -70.033, -34.733 ], [ -70.033, -34.699 ], [ -69.999, -34.699 ], [ -69.966, -34.699 ], [ -69.933, -34.699 ], [ -69.933, -34.733 ], [ -69.966, -34.733 ], [ -69.999, -34.733 ], [ -69.999, -34.766 ] ] ], [ [ [ -69.799, -34.733 ], [ -69.799, -34.699 ], [ -69.766, -34.699 ], [ -69.733, -34.699 ], [ -69.733, -34.733 ], [ -69.766, -34.733 ], [ -69.799, -34.733 ] ] ], [ [ [ -70.199, -34.699 ], [ -70.233, -34.699 ], [ -70.233, -34.733 ], [ -70.233, -34.766 ], [ -70.233, -34.799 ], [ -70.249, -34.799 ], [ -70.248, -34.798 ], [ -70.249, -34.795 ], [ -70.251, -34.793 ], [ -70.256, -34.792 ], [ -70.262, -34.792 ], [ -70.269, -34.791 ], [ -70.273, -34.789 ], [ -70.276, -34.788 ], [ -70.279, -34.785 ], [ -70.280, -34.782 ], [ -70.281, -34.781 ], [ -70.266, -34.766 ], [ -70.266, -34.734 ], [ -70.266, -34.734 ], [ -70.262, -34.731 ], [ -70.261, -34.729 ], [ -70.262, -34.726 ], [ -70.264, -34.723 ], [ -70.263, -34.721 ], [ -70.261, -34.720 ], [ -70.256, -34.719 ], [ -70.252, -34.710 ], [ -70.254, -34.706 ], [ -70.252, -34.704 ], [ -70.251, -34.702 ], [ -70.248, -34.700 ], [ -70.247, -34.696 ], [ -70.247, -34.693 ], [ -70.244, -34.691 ], [ -70.242, -34.690 ], [ -70.240, -34.689 ], [ -70.237, -34.688 ], [ -70.234, -34.688 ], [ -70.231, -34.686 ], [ -70.229, -34.684 ], [ -70.226, -34.683 ], [ -70.223, -34.681 ], [ -70.221, -34.681 ], [ -70.218, -34.683 ], [ -70.215, -34.683 ], [ -70.214, -34.680 ], [ -70.214, -34.677 ], [ -70.214, -34.673 ], [ -70.213, -34.669 ], [ -70.214, -34.667 ], [ -70.214, -34.666 ], [ -70.199, -34.666 ], [ -70.199, -34.699 ] ] ], [ [ [ -69.933, -34.699 ], [ -69.933, -34.666 ], [ -69.899, -34.666 ], [ -69.899, -34.699 ], [ -69.933, -34.699 ] ] ], [ [ [ -69.833, -34.699 ], [ -69.866, -34.699 ], [ -69.866, -34.666 ], [ -69.833, -34.666 ], [ -69.833, -34.699 ] ] ], [ [ [ -69.933, -34.666 ], [ -69.966, -34.666 ], [ -69.966, -34.633 ], [ -69.933, -34.633 ], [ -69.933, -34.666 ] ] ], [ [ [ -70.033, -34.633 ], [ -70.066, -34.633 ], [ -70.066, -34.599 ], [ -70.033, -34.599 ], [ -70.033, -34.633 ] ] ], [ [ [ -69.933, -34.633 ], [ -69.933, -34.599 ], [ -69.899, -34.599 ], [ -69.866, -34.599 ], [ -69.833, -34.599 ], [ -69.833, -34.633 ], [ -69.866, -34.633 ], [ -69.899, -34.633 ], [ -69.933, -34.633 ] ] ], [ [ [ -70.066, -34.533 ], [ -70.033, -34.533 ], [ -70.033, -34.566 ], [ -70.066, -34.566 ], [ -70.066, -34.533 ] ] ], [ [ [ -70.066, -34.533 ], [ -70.099, -34.533 ], [ -70.099, -34.566 ], [ -70.133, -34.566 ], [ -70.133, -34.599 ], [ -70.166, -34.599 ], [ -70.166, -34.633 ], [ -70.166, -34.666 ], [ -70.199, -34.666 ], [ -70.199, -34.633 ], [ -70.199, -34.601 ], [ -70.198, -34.595 ], [ -70.196, -34.591 ], [ -70.190, -34.588 ], [ -70.192, -34.585 ], [ -70.191, -34.583 ], [ -70.188, -34.584 ], [ -70.183, -34.584 ], [ -70.176, -34.579 ], [ -70.173, -34.578 ], [ -70.173, -34.575 ], [ -70.175, -34.571 ], [ -70.173, -34.566 ], [ -70.171, -34.564 ], [ -70.169, -34.562 ], [ -70.168, -34.557 ], [ -70.165, -34.553 ], [ -70.161, -34.549 ], [ -70.156, -34.547 ], [ -70.152, -34.540 ], [ -70.149, -34.536 ], [ -70.146, -34.532 ], [ -70.145, -34.529 ], [ -70.146, -34.525 ], [ -70.145, -34.523 ], [ -70.142, -34.520 ], [ -70.140, -34.516 ], [ -70.136, -34.513 ], [ -70.134, -34.511 ], [ -70.134, -34.507 ], [ -70.131, -34.502 ], [ -70.130, -34.499 ], [ -70.099, -34.499 ], [ -70.066, -34.499 ], [ -70.066, -34.533 ] ] ], [ [ [ -69.933, -34.599 ], [ -69.966, -34.599 ], [ -69.966, -34.566 ], [ -69.966, -34.533 ], [ -69.966, -34.499 ], [ -69.933, -34.499 ], [ -69.933, -34.533 ], [ -69.933, -34.566 ], [ -69.933, -34.599 ] ] ], [ [ [ -69.833, -34.566 ], [ -69.866, -34.566 ], [ -69.866, -34.533 ], [ -69.866, -34.499 ], [ -69.833, -34.499 ], [ -69.833, -34.533 ], [ -69.833, -34.566 ] ] ], [ [ [ -69.566, -34.533 ], [ -69.599, -34.533 ], [ -69.599, -34.499 ], [ -69.566, -34.499 ], [ -69.566, -34.533 ] ] ], [ [ [ -69.933, -34.466 ], [ -69.966, -34.466 ], [ -69.966, -34.433 ], [ -69.933, -34.433 ], [ -69.933, -34.466 ] ] ], [ [ [ -69.833, -34.466 ], [ -69.866, -34.466 ], [ -69.866, -34.433 ], [ -69.833, -34.433 ], [ -69.833, -34.466 ] ] ], [ [ [ -69.599, -34.433 ], [ -69.566, -34.433 ], [ -69.566, -34.466 ], [ -69.599, -34.466 ], [ -69.599, -34.433 ] ] ], [ [ [ -69.599, -34.433 ], [ -69.633, -34.433 ], [ -69.633, -34.399 ], [ -69.599, -34.399 ], [ -69.599, -34.433 ] ] ], [ [ [ -70.033, -34.533 ], [ -70.033, -34.499 ], [ -70.033, -34.466 ], [ -70.033, -34.433 ], [ -70.041, -34.425 ], [ -70.038, -34.423 ], [ -70.035, -34.423 ], [ -70.030, -34.423 ], [ -70.025, -34.420 ], [ -70.022, -34.416 ], [ -70.018, -34.413 ], [ -70.015, -34.413 ], [ -70.010, -34.413 ], [ -70.011, -34.410 ], [ -70.013, -34.406 ], [ -70.010, -34.399 ], [ -70.009, -34.393 ], [ -70.012, -34.389 ], [ -70.014, -34.385 ], [ -69.999, -34.399 ], [ -69.999, -34.433 ], [ -69.999, -34.466 ], [ -69.999, -34.499 ], [ -69.999, -34.533 ], [ -70.033, -34.533 ] ] ], [ [ [ -69.933, -34.399 ], [ -69.966, -34.399 ], [ -69.966, -34.366 ], [ -69.933, -34.366 ], [ -69.899, -34.366 ], [ -69.899, -34.399 ], [ -69.933, -34.399 ] ] ], [ [ [ -69.666, -34.366 ], [ -69.666, -34.399 ], [ -69.699, -34.399 ], [ -69.699, -34.366 ], [ -69.666, -34.366 ] ] ], [ [ [ -69.499, -34.533 ], [ -69.533, -34.533 ], [ -69.533, -34.499 ], [ -69.533, -34.466 ], [ -69.533, -34.433 ], [ -69.533, -34.399 ], [ -69.533, -34.366 ], [ -69.499, -34.366 ], [ -69.499, -34.399 ], [ -69.499, -34.433 ], [ -69.499, -34.466 ], [ -69.499, -34.499 ], [ -69.499, -34.533 ] ] ], [ [ [ -69.733, -34.366 ], [ -69.766, -34.366 ], [ -69.766, -34.333 ], [ -69.733, -34.333 ], [ -69.733, -34.366 ] ] ], [ [ [ -69.666, -34.366 ], [ -69.666, -34.333 ], [ -69.633, -34.333 ], [ -69.633, -34.366 ], [ -69.666, -34.366 ] ] ], [ [ [ -69.999, -34.366 ], [ -70.015, -34.382 ], [ -70.016, -34.380 ], [ -70.020, -34.377 ], [ -70.020, -34.372 ], [ -70.020, -34.366 ], [ -70.018, -34.362 ], [ -70.017, -34.356 ], [ -70.016, -34.352 ], [ -70.018, -34.347 ], [ -70.016, -34.342 ], [ -70.014, -34.338 ], [ -70.015, -34.334 ], [ -70.016, -34.330 ], [ -70.017, -34.324 ], [ -70.019, -34.319 ], [ -70.020, -34.315 ], [ -70.022, -34.308 ], [ -70.024, -34.305 ], [ -70.024, -34.303 ], [ -70.027, -34.299 ], [ -69.999, -34.299 ], [ -69.966, -34.299 ], [ -69.966, -34.333 ], [ -69.999, -34.333 ], [ -69.999, -34.366 ] ] ], [ [ [ -69.666, -34.333 ], [ -69.699, -34.333 ], [ -69.699, -34.299 ], [ -69.666, -34.299 ], [ -69.666, -34.333 ] ] ], [ [ [ -69.533, -34.333 ], [ -69.566, -34.333 ], [ -69.566, -34.299 ], [ -69.533, -34.299 ], [ -69.499, -34.299 ], [ -69.499, -34.333 ], [ -69.533, -34.333 ] ] ], [ [ [ -69.599, -34.299 ], [ -69.633, -34.299 ], [ -69.633, -34.266 ], [ -69.599, -34.266 ], [ -69.599, -34.299 ] ] ], [ [ [ -69.766, -34.233 ], [ -69.766, -34.266 ], [ -69.799, -34.266 ], [ -69.833, -34.266 ], [ -69.833, -34.299 ], [ -69.799, -34.299 ], [ -69.799, -34.333 ], [ -69.833, -34.333 ], [ -69.866, -34.333 ], [ -69.866, -34.299 ], [ -69.866, -34.264 ], [ -69.863, -34.263 ], [ -69.858, -34.260 ], [ -69.853, -34.256 ], [ -69.851, -34.255 ], [ -69.845, -34.257 ], [ -69.840, -34.256 ], [ -69.835, -34.256 ], [ -69.829, -34.255 ], [ -69.825, -34.253 ], [ -69.823, -34.250 ], [ -69.819, -34.247 ], [ -69.815, -34.247 ], [ -69.809, -34.247 ], [ -69.805, -34.247 ], [ -69.800, -34.244 ], [ -69.795, -34.243 ], [ -69.794, -34.238 ], [ -69.796, -34.233 ], [ -69.766, -34.233 ] ] ], [ [ [ -69.699, -34.233 ], [ -69.699, -34.266 ], [ -69.733, -34.266 ], [ -69.733, -34.233 ], [ -69.699, -34.233 ] ] ], [ [ [ -69.699, -34.233 ], [ -69.699, -34.199 ], [ -69.666, -34.199 ], [ -69.666, -34.233 ], [ -69.699, -34.233 ] ] ], [ [ [ -69.566, -34.199 ], [ -69.533, -34.199 ], [ -69.499, -34.199 ], [ -69.499, -34.233 ], [ -69.499, -34.266 ], [ -69.533, -34.266 ], [ -69.533, -34.233 ], [ -69.566, -34.233 ], [ -69.566, -34.199 ] ] ], [ [ [ -69.799, -34.133 ], [ -69.766, -34.133 ], [ -69.766, -34.166 ], [ -69.766, -34.199 ], [ -69.792, -34.199 ], [ -69.795, -34.196 ], [ -69.801, -34.192 ], [ -69.805, -34.190 ], [ -69.809, -34.186 ], [ -69.812, -34.182 ], [ -69.813, -34.180 ], [ -69.799, -34.166 ], [ -69.799, -34.133 ] ] ], [ [ [ -69.566, -34.166 ], [ -69.566, -34.199 ], [ -69.599, -34.199 ], [ -69.633, -34.199 ], [ -69.666, -34.199 ], [ -69.666, -34.166 ], [ -69.666, -34.133 ], [ -69.633, -34.133 ], [ -69.633, -34.166 ], [ -69.599, -34.166 ], [ -69.566, -34.166 ] ] ], [ [ [ -69.566, -34.166 ], [ -69.566, -34.133 ], [ -69.533, -34.133 ], [ -69.533, -34.166 ], [ -69.566, -34.166 ] ] ], [ [ [ -69.399, -34.166 ], [ -69.433, -34.166 ], [ -69.433, -34.133 ], [ -69.399, -34.133 ], [ -69.366, -34.133 ], [ -69.366, -34.166 ], [ -69.399, -34.166 ] ] ], [ [ [ -69.799, -34.133 ], [ -69.833, -34.133 ], [ -69.833, -34.099 ], [ -69.799, -34.099 ], [ -69.799, -34.133 ] ] ], [ [ [ -69.666, -34.133 ], [ -69.699, -34.133 ], [ -69.699, -34.099 ], [ -69.666, -34.099 ], [ -69.666, -34.133 ] ] ], [ [ [ -69.766, -34.033 ], [ -69.733, -34.033 ], [ -69.733, -34.066 ], [ -69.766, -34.066 ], [ -69.766, -34.033 ] ] ], [ [ [ -69.666, -34.033 ], [ -69.633, -34.033 ], [ -69.633, -34.066 ], [ -69.666, -34.066 ], [ -69.666, -34.033 ] ] ], [ [ [ -69.466, -34.033 ], [ -69.466, -34.066 ], [ -69.466, -34.099 ], [ -69.466, -34.133 ], [ -69.499, -34.133 ], [ -69.499, -34.099 ], [ -69.499, -34.066 ], [ -69.533, -34.066 ], [ -69.566, -34.066 ], [ -69.566, -34.033 ], [ -69.533, -34.033 ], [ -69.499, -34.033 ], [ -69.466, -34.033 ] ] ], [ [ [ -69.666, -34.033 ], [ -69.699, -34.033 ], [ -69.699, -33.999 ], [ -69.666, -33.999 ], [ -69.666, -34.033 ] ] ], [ [ [ -69.633, -34.033 ], [ -69.633, -33.999 ], [ -69.599, -33.999 ], [ -69.599, -34.033 ], [ -69.633, -34.033 ] ] ], [ [ [ -69.466, -34.033 ], [ -69.466, -33.999 ], [ -69.433, -33.999 ], [ -69.433, -34.033 ], [ -69.466, -34.033 ] ] ], [ [ [ -69.433, -33.966 ], [ -69.466, -33.966 ], [ -69.466, -33.933 ], [ -69.433, -33.933 ], [ -69.399, -33.933 ], [ -69.399, -33.966 ], [ -69.433, -33.966 ] ] ], [ [ [ -69.866, -33.933 ], [ -69.893, -33.933 ], [ -69.892, -33.931 ], [ -69.891, -33.927 ], [ -69.891, -33.923 ], [ -69.890, -33.920 ], [ -69.886, -33.917 ], [ -69.881, -33.915 ], [ -69.877, -33.914 ], [ -69.875, -33.914 ], [ -69.874, -33.911 ], [ -69.873, -33.907 ], [ -69.869, -33.904 ], [ -69.864, -33.900 ], [ -69.863, -33.899 ], [ -69.833, -33.899 ], [ -69.833, -33.933 ], [ -69.866, -33.933 ] ] ], [ [ [ -69.766, -34.033 ], [ -69.799, -34.033 ], [ -69.799, -33.999 ], [ -69.799, -33.966 ], [ -69.799, -33.933 ], [ -69.799, -33.899 ], [ -69.766, -33.899 ], [ -69.733, -33.899 ], [ -69.733, -33.933 ], [ -69.733, -33.966 ], [ -69.766, -33.966 ], [ -69.766, -33.999 ], [ -69.766, -34.033 ] ] ], [ [ [ -69.499, -33.933 ], [ -69.533, -33.933 ], [ -69.533, -33.899 ], [ -69.499, -33.899 ], [ -69.499, -33.933 ] ] ], [ [ [ -69.799, -33.799 ], [ -69.799, -33.833 ], [ -69.833, -33.833 ], [ -69.833, -33.799 ], [ -69.799, -33.799 ] ] ], [ [ [ -69.466, -33.833 ], [ -69.499, -33.833 ], [ -69.499, -33.799 ], [ -69.466, -33.799 ], [ -69.466, -33.833 ] ] ], [ [ [ -69.433, -33.766 ], [ -69.399, -33.766 ], [ -69.399, -33.799 ], [ -69.433, -33.799 ], [ -69.433, -33.766 ] ] ], [ [ [ -69.799, -33.799 ], [ -69.799, -33.766 ], [ -69.766, -33.766 ], [ -69.733, -33.766 ], [ -69.733, -33.733 ], [ -69.699, -33.733 ], [ -69.699, -33.766 ], [ -69.699, -33.799 ], [ -69.733, -33.799 ], [ -69.766, -33.799 ], [ -69.799, -33.799 ] ] ], [ [ [ -69.433, -33.766 ], [ -69.466, -33.766 ], [ -69.466, -33.733 ], [ -69.433, -33.733 ], [ -69.433, -33.766 ] ] ], [ [ [ -69.599, -33.833 ], [ -69.633, -33.833 ], [ -69.633, -33.799 ], [ -69.633, -33.766 ], [ -69.633, -33.733 ], [ -69.633, -33.699 ], [ -69.599, -33.699 ], [ -69.599, -33.733 ], [ -69.599, -33.766 ], [ -69.599, -33.799 ], [ -69.599, -33.833 ] ] ], [ [ [ -69.766, -33.666 ], [ -69.733, -33.666 ], [ -69.699, -33.666 ], [ -69.699, -33.699 ], [ -69.733, -33.699 ], [ -69.766, -33.699 ], [ -69.766, -33.666 ] ] ], [ [ [ -69.466, -33.666 ], [ -69.433, -33.666 ], [ -69.433, -33.699 ], [ -69.466, -33.699 ], [ -69.466, -33.666 ] ] ], [ [ [ -69.633, -33.666 ], [ -69.666, -33.666 ], [ -69.666, -33.633 ], [ -69.633, -33.633 ], [ -69.633, -33.666 ] ] ], [ [ [ -69.466, -33.666 ], [ -69.499, -33.666 ], [ -69.533, -33.666 ], [ -69.533, -33.633 ], [ -69.499, -33.633 ], [ -69.466, -33.633 ], [ -69.466, -33.666 ] ] ], [ [ [ -69.766, -33.666 ], [ -69.799, -33.666 ], [ -69.833, -33.666 ], [ -69.866, -33.666 ], [ -69.876, -33.656 ], [ -69.874, -33.655 ], [ -69.871, -33.653 ], [ -69.872, -33.651 ], [ -69.875, -33.648 ], [ -69.878, -33.646 ], [ -69.875, -33.641 ], [ -69.874, -33.637 ], [ -69.874, -33.634 ], [ -69.874, -33.633 ], [ -69.875, -33.632 ], [ -69.876, -33.630 ], [ -69.875, -33.627 ], [ -69.874, -33.623 ], [ -69.877, -33.621 ], [ -69.880, -33.618 ], [ -69.880, -33.615 ], [ -69.878, -33.612 ], [ -69.875, -33.608 ], [ -69.875, -33.603 ], [ -69.873, -33.599 ], [ -69.833, -33.599 ], [ -69.833, -33.633 ], [ -69.799, -33.633 ], [ -69.766, -33.633 ], [ -69.766, -33.666 ] ] ], [ [ [ -69.533, -33.633 ], [ -69.566, -33.633 ], [ -69.566, -33.599 ], [ -69.533, -33.599 ], [ -69.533, -33.633 ] ] ], [ [ [ -69.766, -33.599 ], [ -69.799, -33.599 ], [ -69.799, -33.566 ], [ -69.766, -33.566 ], [ -69.766, -33.599 ] ] ], [ [ [ -69.666, -33.599 ], [ -69.699, -33.599 ], [ -69.699, -33.566 ], [ -69.666, -33.566 ], [ -69.666, -33.599 ] ] ], [ [ [ -69.499, -33.533 ], [ -69.533, -33.533 ], [ -69.533, -33.499 ], [ -69.499, -33.499 ], [ -69.499, -33.533 ] ] ], [ [ [ -69.599, -33.399 ], [ -69.566, -33.399 ], [ -69.566, -33.433 ], [ -69.599, -33.433 ], [ -69.599, -33.399 ] ] ], [ [ [ -69.599, -33.399 ], [ -69.633, -33.399 ], [ -69.633, -33.366 ], [ -69.599, -33.366 ], [ -69.599, -33.399 ] ] ], [ [ [ -69.599, -33.333 ], [ -69.633, -33.333 ], [ -69.633, -33.299 ], [ -69.599, -33.299 ], [ -69.566, -33.299 ], [ -69.566, -33.333 ], [ -69.599, -33.333 ] ] ], [ [ [ -69.933, -33.233 ], [ -69.966, -33.233 ], [ -69.966, -33.199 ], [ -69.933, -33.199 ], [ -69.933, -33.233 ] ] ], [ [ [ -69.833, -33.199 ], [ -69.799, -33.199 ], [ -69.799, -33.233 ], [ -69.833, -33.233 ], [ -69.833, -33.199 ] ] ], [ [ [ -69.499, -33.199 ], [ -69.499, -33.233 ], [ -69.533, -33.233 ], [ -69.566, -33.233 ], [ -69.599, -33.233 ], [ -69.599, -33.266 ], [ -69.633, -33.266 ], [ -69.633, -33.233 ], [ -69.633, -33.199 ], [ -69.599, -33.199 ], [ -69.566, -33.199 ], [ -69.533, -33.199 ], [ -69.499, -33.199 ] ] ], [ [ [ -69.833, -33.199 ], [ -69.866, -33.199 ], [ -69.866, -33.166 ], [ -69.833, -33.166 ], [ -69.833, -33.199 ] ] ], [ [ [ -69.499, -33.199 ], [ -69.499, -33.166 ], [ -69.466, -33.166 ], [ -69.433, -33.166 ], [ -69.433, -33.199 ], [ -69.466, -33.199 ], [ -69.499, -33.199 ] ] ], [ [ [ -69.866, -33.166 ], [ -69.899, -33.166 ], [ -69.933, -33.166 ], [ -69.933, -33.133 ], [ -69.899, -33.133 ], [ -69.866, -33.133 ], [ -69.866, -33.166 ] ] ], [ [ [ -69.733, -33.166 ], [ -69.733, -33.199 ], [ -69.733, -33.233 ], [ -69.766, -33.233 ], [ -69.766, -33.199 ], [ -69.766, -33.166 ], [ -69.799, -33.166 ], [ -69.799, -33.133 ], [ -69.766, -33.133 ], [ -69.733, -33.133 ], [ -69.733, -33.166 ] ] ], [ [ [ -69.399, -33.099 ], [ -69.399, -33.133 ], [ -69.433, -33.133 ], [ -69.433, -33.099 ], [ -69.399, -33.099 ] ] ], [ [ [ -69.966, -33.166 ], [ -69.999, -33.166 ], [ -69.999, -33.133 ], [ -69.999, -33.099 ], [ -69.999, -33.066 ], [ -69.966, -33.066 ], [ -69.966, -33.099 ], [ -69.966, -33.133 ], [ -69.966, -33.166 ] ] ], [ [ [ -69.399, -33.099 ], [ -69.399, -33.066 ], [ -69.366, -33.066 ], [ -69.366, -33.099 ], [ -69.399, -33.099 ] ] ], [ [ [ -69.699, -33.033 ], [ -69.733, -33.033 ], [ -69.733, -32.999 ], [ -69.699, -32.999 ], [ -69.699, -33.033 ] ] ], [ [ [ -69.866, -32.966 ], [ -69.833, -32.966 ], [ -69.833, -32.999 ], [ -69.866, -32.999 ], [ -69.866, -32.966 ] ] ], [ [ [ -69.866, -32.966 ], [ -69.899, -32.966 ], [ -69.899, -32.933 ], [ -69.866, -32.933 ], [ -69.866, -32.966 ] ] ], [ [ [ -69.699, -32.966 ], [ -69.733, -32.966 ], [ -69.733, -32.933 ], [ -69.699, -32.933 ], [ -69.699, -32.966 ] ] ], [ [ [ -69.366, -32.999 ], [ -69.399, -32.999 ], [ -69.399, -32.966 ], [ -69.399, -32.933 ], [ -69.366, -32.933 ], [ -69.366, -32.966 ], [ -69.366, -32.999 ] ] ], [ [ [ -69.866, -32.933 ], [ -69.866, -32.899 ], [ -69.833, -32.899 ], [ -69.833, -32.933 ], [ -69.866, -32.933 ] ] ], [ [ [ -69.466, -32.933 ], [ -69.499, -32.933 ], [ -69.499, -32.899 ], [ -69.466, -32.899 ], [ -69.466, -32.933 ] ] ], [ [ [ -69.833, -32.899 ], [ -69.833, -32.866 ], [ -69.799, -32.866 ], [ -69.799, -32.899 ], [ -69.833, -32.899 ] ] ], [ [ [ -69.899, -32.933 ], [ -69.933, -32.933 ], [ -69.966, -32.933 ], [ -69.966, -32.899 ], [ -69.933, -32.899 ], [ -69.933, -32.866 ], [ -69.966, -32.866 ], [ -69.999, -32.866 ], [ -70.013, -32.880 ], [ -70.016, -32.879 ], [ -70.027, -32.875 ], [ -70.033, -32.874 ], [ -70.033, -32.833 ], [ -69.999, -32.833 ], [ -69.966, -32.833 ], [ -69.933, -32.833 ], [ -69.899, -32.833 ], [ -69.899, -32.866 ], [ -69.899, -32.899 ], [ -69.899, -32.933 ] ] ], [ [ [ -69.499, -32.866 ], [ -69.533, -32.866 ], [ -69.533, -32.833 ], [ -69.499, -32.833 ], [ -69.499, -32.866 ] ] ], [ [ [ -69.566, -32.833 ], [ -69.599, -32.833 ], [ -69.599, -32.799 ], [ -69.566, -32.799 ], [ -69.566, -32.833 ] ] ], [ [ [ -69.899, -32.799 ], [ -69.933, -32.799 ], [ -69.933, -32.766 ], [ -69.899, -32.766 ], [ -69.866, -32.766 ], [ -69.866, -32.799 ], [ -69.899, -32.799 ] ] ], [ [ [ -69.433, -32.799 ], [ -69.466, -32.799 ], [ -69.466, -32.766 ], [ -69.433, -32.766 ], [ -69.433, -32.799 ] ] ], [ [ [ -70.066, -32.799 ], [ -70.082, -32.815 ], [ -70.082, -32.814 ], [ -70.083, -32.812 ], [ -70.084, -32.810 ], [ -70.085, -32.808 ], [ -70.086, -32.806 ], [ -70.087, -32.805 ], [ -70.088, -32.804 ], [ -70.090, -32.803 ], [ -70.091, -32.801 ], [ -70.092, -32.801 ], [ -70.095, -32.801 ], [ -70.098, -32.800 ], [ -70.101, -32.800 ], [ -70.103, -32.800 ], [ -70.105, -32.800 ], [ -70.107, -32.800 ], [ -70.108, -32.799 ], [ -70.107, -32.798 ], [ -70.107, -32.796 ], [ -70.106, -32.794 ], [ -70.106, -32.793 ], [ -70.107, -32.791 ], [ -70.108, -32.790 ], [ -70.108, -32.788 ], [ -70.108, -32.786 ], [ -70.108, -32.785 ], [ -70.109, -32.784 ], [ -70.110, -32.782 ], [ -70.111, -32.781 ], [ -70.111, -32.778 ], [ -70.111, -32.778 ], [ -70.099, -32.766 ], [ -70.099, -32.733 ], [ -70.066, -32.733 ], [ -70.066, -32.766 ], [ -70.066, -32.799 ] ] ], [ [ [ -69.966, -32.799 ], [ -69.999, -32.799 ], [ -69.999, -32.766 ], [ -69.999, -32.733 ], [ -69.966, -32.733 ], [ -69.966, -32.766 ], [ -69.966, -32.799 ] ] ], [ [ [ -69.766, -32.766 ], [ -69.799, -32.766 ], [ -69.799, -32.733 ], [ -69.766, -32.733 ], [ -69.766, -32.766 ] ] ], [ [ [ -69.666, -32.733 ], [ -69.666, -32.766 ], [ -69.699, -32.766 ], [ -69.699, -32.733 ], [ -69.666, -32.733 ] ] ], [ [ [ -69.499, -32.733 ], [ -69.499, -32.766 ], [ -69.499, -32.799 ], [ -69.533, -32.799 ], [ -69.533, -32.766 ], [ -69.533, -32.733 ], [ -69.499, -32.733 ] ] ], [ [ [ -69.833, -32.733 ], [ -69.866, -32.733 ], [ -69.866, -32.699 ], [ -69.833, -32.699 ], [ -69.833, -32.733 ] ] ], [ [ [ -69.666, -32.733 ], [ -69.666, -32.699 ], [ -69.633, -32.699 ], [ -69.633, -32.733 ], [ -69.666, -32.733 ] ] ], [ [ [ -69.499, -32.733 ], [ -69.499, -32.699 ], [ -69.466, -32.699 ], [ -69.466, -32.733 ], [ -69.499, -32.733 ] ] ], [ [ [ -69.699, -32.633 ], [ -69.666, -32.633 ], [ -69.666, -32.666 ], [ -69.699, -32.666 ], [ -69.699, -32.633 ] ] ], [ [ [ -69.899, -32.599 ], [ -69.866, -32.599 ], [ -69.866, -32.633 ], [ -69.899, -32.633 ], [ -69.899, -32.599 ] ] ], [ [ [ -69.699, -32.633 ], [ -69.733, -32.633 ], [ -69.733, -32.599 ], [ -69.699, -32.599 ], [ -69.699, -32.633 ] ] ], [ [ [ -69.599, -32.633 ], [ -69.633, -32.633 ], [ -69.633, -32.599 ], [ -69.599, -32.599 ], [ -69.599, -32.633 ] ] ], [ [ [ -69.899, -32.599 ], [ -69.933, -32.599 ], [ -69.966, -32.599 ], [ -69.966, -32.566 ], [ -69.933, -32.566 ], [ -69.899, -32.566 ], [ -69.899, -32.599 ] ] ], [ [ [ -69.733, -32.599 ], [ -69.766, -32.599 ], [ -69.766, -32.566 ], [ -69.733, -32.566 ], [ -69.733, -32.599 ] ] ], [ [ [ -69.566, -32.533 ], [ -69.566, -32.566 ], [ -69.599, -32.566 ], [ -69.599, -32.533 ], [ -69.566, -32.533 ] ] ], [ [ [ -70.066, -32.533 ], [ -70.099, -32.533 ], [ -70.099, -32.499 ], [ -70.066, -32.499 ], [ -70.066, -32.533 ] ] ], [ [ [ -69.566, -32.533 ], [ -69.566, -32.499 ], [ -69.533, -32.499 ], [ -69.533, -32.533 ], [ -69.566, -32.533 ] ] ], [ [ [ -69.866, -32.466 ], [ -69.833, -32.466 ], [ -69.833, -32.499 ], [ -69.799, -32.499 ], [ -69.799, -32.533 ], [ -69.833, -32.533 ], [ -69.866, -32.533 ], [ -69.866, -32.499 ], [ -69.866, -32.466 ] ] ], [ [ [ -69.933, -32.499 ], [ -69.933, -32.533 ], [ -69.966, -32.533 ], [ -69.966, -32.499 ], [ -69.999, -32.499 ], [ -69.999, -32.466 ], [ -69.966, -32.466 ], [ -69.966, -32.433 ], [ -69.933, -32.433 ], [ -69.933, -32.466 ], [ -69.933, -32.499 ] ] ], [ [ [ -69.866, -32.466 ], [ -69.899, -32.466 ], [ -69.899, -32.433 ], [ -69.866, -32.433 ], [ -69.866, -32.466 ] ] ], [ [ [ -70.099, -32.466 ], [ -70.133, -32.466 ], [ -70.133, -32.433 ], [ -70.133, -32.399 ], [ -70.099, -32.399 ], [ -70.099, -32.433 ], [ -70.099, -32.466 ] ] ], [ [ [ -70.033, -32.433 ], [ -70.066, -32.433 ], [ -70.066, -32.399 ], [ -70.033, -32.399 ], [ -70.033, -32.433 ] ] ], [ [ [ -69.633, -32.399 ], [ -69.633, -32.433 ], [ -69.633, -32.466 ], [ -69.666, -32.466 ], [ -69.666, -32.433 ], [ -69.666, -32.399 ], [ -69.633, -32.399 ] ] ], [ [ [ -70.166, -32.399 ], [ -70.199, -32.399 ], [ -70.199, -32.366 ], [ -70.166, -32.366 ], [ -70.166, -32.399 ] ] ], [ [ [ -69.933, -32.399 ], [ -69.966, -32.399 ], [ -69.966, -32.366 ], [ -69.933, -32.366 ], [ -69.899, -32.366 ], [ -69.899, -32.399 ], [ -69.933, -32.399 ] ] ], [ [ [ -69.633, -32.399 ], [ -69.633, -32.366 ], [ -69.599, -32.366 ], [ -69.599, -32.333 ], [ -69.566, -32.333 ], [ -69.566, -32.366 ], [ -69.566, -32.399 ], [ -69.599, -32.399 ], [ -69.633, -32.399 ] ] ], [ [ [ -70.199, -32.299 ], [ -70.166, -32.299 ], [ -70.166, -32.333 ], [ -70.199, -32.333 ], [ -70.199, -32.299 ] ] ], [ [ [ -70.066, -32.333 ], [ -70.099, -32.333 ], [ -70.099, -32.299 ], [ -70.066, -32.299 ], [ -70.066, -32.333 ] ] ], [ [ [ -69.766, -32.299 ], [ -69.766, -32.333 ], [ -69.799, -32.333 ], [ -69.799, -32.299 ], [ -69.766, -32.299 ] ] ], [ [ [ -70.199, -32.299 ], [ -70.233, -32.299 ], [ -70.233, -32.266 ], [ -70.199, -32.266 ], [ -70.199, -32.299 ] ] ], [ [ [ -70.166, -32.299 ], [ -70.166, -32.266 ], [ -70.133, -32.266 ], [ -70.133, -32.299 ], [ -70.166, -32.299 ] ] ], [ [ [ -69.933, -32.299 ], [ -69.966, -32.299 ], [ -69.966, -32.266 ], [ -69.933, -32.266 ], [ -69.933, -32.299 ] ] ], [ [ [ -69.766, -32.299 ], [ -69.766, -32.266 ], [ -69.733, -32.266 ], [ -69.733, -32.299 ], [ -69.766, -32.299 ] ] ], [ [ [ -70.166, -32.266 ], [ -70.199, -32.266 ], [ -70.199, -32.233 ], [ -70.166, -32.233 ], [ -70.166, -32.266 ] ] ], [ [ [ -69.533, -32.266 ], [ -69.566, -32.266 ], [ -69.566, -32.233 ], [ -69.533, -32.233 ], [ -69.533, -32.266 ] ] ], [ [ [ -69.899, -32.233 ], [ -69.933, -32.233 ], [ -69.933, -32.199 ], [ -69.899, -32.199 ], [ -69.899, -32.233 ] ] ], [ [ [ -69.733, -32.266 ], [ -69.733, -32.233 ], [ -69.733, -32.199 ], [ -69.699, -32.199 ], [ -69.699, -32.233 ], [ -69.699, -32.266 ], [ -69.733, -32.266 ] ] ], [ [ [ -70.266, -32.166 ], [ -70.266, -32.199 ], [ -70.306, -32.199 ], [ -70.307, -32.199 ], [ -70.308, -32.199 ], [ -70.309, -32.196 ], [ -70.309, -32.194 ], [ -70.309, -32.192 ], [ -70.309, -32.190 ], [ -70.309, -32.189 ], [ -70.308, -32.187 ], [ -70.308, -32.185 ], [ -70.309, -32.183 ], [ -70.312, -32.182 ], [ -70.314, -32.180 ], [ -70.316, -32.178 ], [ -70.317, -32.176 ], [ -70.319, -32.175 ], [ -70.314, -32.175 ], [ -70.313, -32.172 ], [ -70.314, -32.170 ], [ -70.315, -32.167 ], [ -70.315, -32.166 ], [ -70.266, -32.166 ] ] ], [ [ [ -70.233, -32.166 ], [ -70.199, -32.166 ], [ -70.166, -32.166 ], [ -70.166, -32.199 ], [ -70.199, -32.199 ], [ -70.233, -32.199 ], [ -70.233, -32.166 ] ] ], [ [ [ -70.099, -32.199 ], [ -70.133, -32.199 ], [ -70.133, -32.166 ], [ -70.099, -32.166 ], [ -70.066, -32.166 ], [ -70.033, -32.166 ], [ -69.999, -32.166 ], [ -69.999, -32.199 ], [ -70.033, -32.199 ], [ -70.066, -32.199 ], [ -70.099, -32.199 ] ] ], [ [ [ -70.233, -32.166 ], [ -70.266, -32.166 ], [ -70.266, -32.133 ], [ -70.233, -32.133 ], [ -70.233, -32.166 ] ] ], [ [ [ -69.533, -32.133 ], [ -69.533, -32.166 ], [ -69.566, -32.166 ], [ -69.566, -32.133 ], [ -69.533, -32.133 ] ] ], [ [ [ -69.633, -32.099 ], [ -69.633, -32.133 ], [ -69.666, -32.133 ], [ -69.666, -32.099 ], [ -69.633, -32.099 ] ] ], [ [ [ -69.533, -32.133 ], [ -69.533, -32.099 ], [ -69.499, -32.099 ], [ -69.499, -32.133 ], [ -69.533, -32.133 ] ] ], [ [ [ -69.633, -32.099 ], [ -69.633, -32.066 ], [ -69.599, -32.066 ], [ -69.566, -32.066 ], [ -69.566, -32.099 ], [ -69.599, -32.099 ], [ -69.633, -32.099 ] ] ], [ [ [ -69.899, -32.166 ], [ -69.933, -32.166 ], [ -69.933, -32.133 ], [ -69.933, -32.099 ], [ -69.933, -32.066 ], [ -69.933, -32.033 ], [ -69.899, -32.033 ], [ -69.899, -32.066 ], [ -69.899, -32.099 ], [ -69.899, -32.133 ], [ -69.899, -32.166 ] ] ], [ [ [ -70.233, -32.066 ], [ -70.233, -32.099 ], [ -70.266, -32.099 ], [ -70.266, -32.133 ], [ -70.299, -32.133 ], [ -70.303, -32.137 ], [ -70.304, -32.135 ], [ -70.306, -32.133 ], [ -70.308, -32.132 ], [ -70.311, -32.131 ], [ -70.314, -32.131 ], [ -70.316, -32.130 ], [ -70.318, -32.131 ], [ -70.320, -32.128 ], [ -70.322, -32.127 ], [ -70.323, -32.126 ], [ -70.326, -32.127 ], [ -70.327, -32.126 ], [ -70.327, -32.124 ], [ -70.329, -32.122 ], [ -70.333, -32.118 ], [ -70.334, -32.115 ], [ -70.336, -32.114 ], [ -70.338, -32.112 ], [ -70.340, -32.110 ], [ -70.341, -32.108 ], [ -70.340, -32.106 ], [ -70.339, -32.104 ], [ -70.338, -32.103 ], [ -70.338, -32.102 ], [ -70.342, -32.098 ], [ -70.344, -32.094 ], [ -70.348, -32.091 ], [ -70.349, -32.089 ], [ -70.345, -32.087 ], [ -70.341, -32.084 ], [ -70.339, -32.081 ], [ -70.337, -32.079 ], [ -70.336, -32.078 ], [ -70.335, -32.077 ], [ -70.334, -32.075 ], [ -70.334, -32.072 ], [ -70.335, -32.070 ], [ -70.336, -32.069 ], [ -70.339, -32.068 ], [ -70.342, -32.066 ], [ -70.344, -32.065 ], [ -70.346, -32.063 ], [ -70.348, -32.062 ], [ -70.351, -32.061 ], [ -70.353, -32.061 ], [ -70.356, -32.059 ], [ -70.358, -32.057 ], [ -70.360, -32.057 ], [ -70.362, -32.057 ], [ -70.365, -32.056 ], [ -70.367, -32.055 ], [ -70.371, -32.054 ], [ -70.375, -32.053 ], [ -70.38, -32.051 ], [ -70.382, -32.049 ], [ -70.384, -32.047 ], [ -70.388, -32.045 ], [ -70.388, -32.043 ], [ -70.385, -32.041 ], [ -70.385, -32.037 ], [ -70.381, -32.034 ], [ -70.379, -32.032 ], [ -70.380, -32.030 ], [ -70.381, -32.028 ], [ -70.380, -32.026 ], [ -70.378, -32.025 ], [ -70.372, -32.025 ], [ -70.369, -32.024 ], [ -70.365, -32.024 ], [ -70.362, -32.025 ], [ -70.357, -32.025 ], [ -70.353, -32.025 ], [ -70.349, -32.026 ], [ -70.349, -32.029 ], [ -70.347, -32.032 ], [ -70.347, -32.036 ], [ -70.347, -32.038 ], [ -70.344, -32.042 ], [ -70.339, -32.043 ], [ -70.338, -32.044 ], [ -70.336, -32.044 ], [ -70.333, -32.044 ], [ -70.333, -32.066 ], [ -70.299, -32.066 ], [ -70.299, -32.049 ], [ -70.298, -32.049 ], [ -70.293, -32.051 ], [ -70.290, -32.051 ], [ -70.287, -32.051 ], [ -70.286, -32.049 ], [ -70.285, -32.045 ], [ -70.284, -32.044 ], [ -70.283, -32.040 ], [ -70.283, -32.038 ], [ -70.279, -32.037 ], [ -70.275, -32.036 ], [ -70.270, -32.034 ], [ -70.266, -32.036 ], [ -70.266, -32.066 ], [ -70.233, -32.066 ] ] ], [ [ [ -70.233, -32.066 ], [ -70.233, -32.033 ], [ -70.249, -32.016 ], [ -70.250, -32.015 ], [ -70.249, -32.013 ], [ -70.249, -32.011 ], [ -70.247, -32.010 ], [ -70.247, -32.009 ], [ -70.248, -32.007 ], [ -70.249, -32.006 ], [ -70.248, -32.004 ], [ -70.247, -32.003 ], [ -70.247, -32.001 ], [ -70.247, -31.999 ], [ -70.199, -31.999 ], [ -70.199, -32.033 ], [ -70.166, -32.033 ], [ -70.166, -32.066 ], [ -70.199, -32.066 ], [ -70.233, -32.066 ] ] ], [ [ [ -69.199, -31.999 ], [ -69.233, -31.999 ], [ -69.233, -31.966 ], [ -69.199, -31.966 ], [ -69.166, -31.966 ], [ -69.166, -31.999 ], [ -69.199, -31.999 ] ] ], [ [ [ -69.099, -31.999 ], [ -69.133, -31.999 ], [ -69.133, -31.966 ], [ -69.099, -31.966 ], [ -69.099, -31.999 ] ] ], [ [ [ -69.899, -31.966 ], [ -69.933, -31.966 ], [ -69.933, -31.933 ], [ -69.899, -31.933 ], [ -69.899, -31.966 ] ] ], [ [ [ -69.099, -31.933 ], [ -69.133, -31.933 ], [ -69.133, -31.899 ], [ -69.099, -31.899 ], [ -69.099, -31.933 ] ] ], [ [ [ -69.999, -31.899 ], [ -69.999, -31.933 ], [ -70.033, -31.933 ], [ -70.033, -31.899 ], [ -70.066, -31.899 ], [ -70.099, -31.899 ], [ -70.099, -31.866 ], [ -70.066, -31.866 ], [ -70.033, -31.866 ], [ -69.999, -31.866 ], [ -69.999, -31.899 ] ] ], [ [ [ -70.399, -31.833 ], [ -70.366, -31.833 ], [ -70.333, -31.833 ], [ -70.333, -31.866 ], [ -70.366, -31.866 ], [ -70.380, -31.880 ], [ -70.380, -31.879 ], [ -70.384, -31.879 ], [ -70.388, -31.879 ], [ -70.392, -31.878 ], [ -70.396, -31.876 ], [ -70.399, -31.874 ], [ -70.399, -31.833 ] ] ], [ [ [ -70.399, -31.833 ], [ -70.433, -31.833 ], [ -70.433, -31.799 ], [ -70.399, -31.799 ], [ -70.399, -31.833 ] ] ], [ [ [ -70.333, -31.833 ], [ -70.333, -31.799 ], [ -70.299, -31.799 ], [ -70.266, -31.799 ], [ -70.266, -31.833 ], [ -70.299, -31.833 ], [ -70.333, -31.833 ] ] ], [ [ [ -70.233, -31.799 ], [ -70.199, -31.799 ], [ -70.199, -31.833 ], [ -70.199, -31.866 ], [ -70.233, -31.866 ], [ -70.233, -31.833 ], [ -70.233, -31.799 ] ] ], [ [ [ -69.866, -31.833 ], [ -69.899, -31.833 ], [ -69.899, -31.799 ], [ -69.866, -31.799 ], [ -69.866, -31.833 ] ] ], [ [ [ -69.133, -31.799 ], [ -69.133, -31.833 ], [ -69.099, -31.833 ], [ -69.099, -31.866 ], [ -69.133, -31.866 ], [ -69.166, -31.866 ], [ -69.166, -31.833 ], [ -69.166, -31.799 ], [ -69.133, -31.799 ] ] ], [ [ [ -70.333, -31.799 ], [ -70.366, -31.799 ], [ -70.366, -31.766 ], [ -70.333, -31.766 ], [ -70.333, -31.799 ] ] ], [ [ [ -70.233, -31.799 ], [ -70.266, -31.799 ], [ -70.266, -31.766 ], [ -70.266, -31.733 ], [ -70.233, -31.733 ], [ -70.233, -31.766 ], [ -70.233, -31.799 ] ] ], [ [ [ -70.133, -31.766 ], [ -70.166, -31.766 ], [ -70.166, -31.733 ], [ -70.166, -31.699 ], [ -70.133, -31.699 ], [ -70.133, -31.733 ], [ -70.133, -31.766 ] ] ], [ [ [ -69.966, -31.733 ], [ -69.999, -31.733 ], [ -69.999, -31.699 ], [ -69.966, -31.699 ], [ -69.966, -31.733 ] ] ], [ [ [ -69.799, -31.799 ], [ -69.833, -31.799 ], [ -69.833, -31.766 ], [ -69.833, -31.733 ], [ -69.833, -31.699 ], [ -69.799, -31.699 ], [ -69.799, -31.733 ], [ -69.799, -31.766 ], [ -69.799, -31.799 ] ] ], [ [ [ -69.099, -31.699 ], [ -69.099, -31.733 ], [ -69.133, -31.733 ], [ -69.133, -31.766 ], [ -69.166, -31.766 ], [ -69.199, -31.766 ], [ -69.199, -31.733 ], [ -69.166, -31.733 ], [ -69.166, -31.699 ], [ -69.133, -31.699 ], [ -69.099, -31.699 ] ] ], [ [ [ -70.399, -31.666 ], [ -70.399, -31.699 ], [ -70.366, -31.699 ], [ -70.333, -31.699 ], [ -70.333, -31.733 ], [ -70.366, -31.733 ], [ -70.399, -31.733 ], [ -70.433, -31.733 ], [ -70.433, -31.699 ], [ -70.466, -31.699 ], [ -70.468, -31.702 ], [ -70.469, -31.700 ], [ -70.472, -31.696 ], [ -70.475, -31.692 ], [ -70.477, -31.689 ], [ -70.481, -31.686 ], [ -70.487, -31.682 ], [ -70.497, -31.680 ], [ -70.502, -31.678 ], [ -70.508, -31.677 ], [ -70.512, -31.678 ], [ -70.512, -31.674 ], [ -70.510, -31.669 ], [ -70.510, -31.666 ], [ -70.466, -31.666 ], [ -70.433, -31.666 ], [ -70.399, -31.666 ] ] ], [ [ [ -70.399, -31.666 ], [ -70.399, -31.633 ], [ -70.366, -31.633 ], [ -70.366, -31.666 ], [ -70.399, -31.666 ] ] ], [ [ [ -70.199, -31.666 ], [ -70.233, -31.666 ], [ -70.233, -31.633 ], [ -70.199, -31.633 ], [ -70.199, -31.666 ] ] ], [ [ [ -69.933, -31.666 ], [ -69.966, -31.666 ], [ -69.966, -31.633 ], [ -69.933, -31.633 ], [ -69.933, -31.666 ] ] ], [ [ [ -69.099, -31.699 ], [ -69.099, -31.666 ], [ -69.099, -31.633 ], [ -69.066, -31.633 ], [ -69.066, -31.666 ], [ -69.066, -31.699 ], [ -69.099, -31.699 ] ] ], [ [ [ -69.766, -31.666 ], [ -69.799, -31.666 ], [ -69.799, -31.633 ], [ -69.799, -31.599 ], [ -69.766, -31.599 ], [ -69.766, -31.633 ], [ -69.766, -31.666 ] ] ], [ [ [ -70.533, -31.566 ], [ -70.499, -31.566 ], [ -70.499, -31.599 ], [ -70.466, -31.599 ], [ -70.466, -31.566 ], [ -70.433, -31.566 ], [ -70.433, -31.599 ], [ -70.433, -31.633 ], [ -70.466, -31.633 ], [ -70.499, -31.633 ], [ -70.513, -31.647 ], [ -70.515, -31.646 ], [ -70.521, -31.643 ], [ -70.525, -31.641 ], [ -70.531, -31.638 ], [ -70.532, -31.634 ], [ -70.532, -31.631 ], [ -70.535, -31.629 ], [ -70.536, -31.627 ], [ -70.539, -31.624 ], [ -70.541, -31.621 ], [ -70.542, -31.618 ], [ -70.544, -31.614 ], [ -70.544, -31.611 ], [ -70.533, -31.599 ], [ -70.533, -31.566 ] ] ], [ [ [ -70.366, -31.633 ], [ -70.366, -31.599 ], [ -70.366, -31.566 ], [ -70.333, -31.566 ], [ -70.333, -31.599 ], [ -70.333, -31.633 ], [ -70.366, -31.633 ] ] ], [ [ [ -70.233, -31.599 ], [ -70.266, -31.599 ], [ -70.266, -31.566 ], [ -70.233, -31.566 ], [ -70.233, -31.599 ] ] ], [ [ [ -70.066, -31.599 ], [ -70.099, -31.599 ], [ -70.099, -31.566 ], [ -70.066, -31.566 ], [ -70.066, -31.599 ] ] ], [ [ [ -69.999, -31.599 ], [ -70.033, -31.599 ], [ -70.033, -31.566 ], [ -69.999, -31.566 ], [ -69.999, -31.599 ] ] ], [ [ [ -69.866, -31.566 ], [ -69.899, -31.566 ], [ -69.899, -31.533 ], [ -69.866, -31.533 ], [ -69.866, -31.566 ] ] ], [ [ [ -70.333, -31.499 ], [ -70.299, -31.499 ], [ -70.266, -31.499 ], [ -70.266, -31.533 ], [ -70.299, -31.533 ], [ -70.333, -31.533 ], [ -70.333, -31.499 ] ] ], [ [ [ -69.199, -31.499 ], [ -69.199, -31.533 ], [ -69.166, -31.533 ], [ -69.166, -31.566 ], [ -69.166, -31.599 ], [ -69.166, -31.633 ], [ -69.199, -31.633 ], [ -69.199, -31.599 ], [ -69.199, -31.566 ], [ -69.233, -31.566 ], [ -69.233, -31.533 ], [ -69.233, -31.499 ], [ -69.199, -31.499 ] ] ], [ [ [ -70.466, -31.533 ], [ -70.499, -31.533 ], [ -70.499, -31.499 ], [ -70.466, -31.499 ], [ -70.433, -31.499 ], [ -70.433, -31.466 ], [ -70.399, -31.466 ], [ -70.399, -31.499 ], [ -70.399, -31.533 ], [ -70.433, -31.533 ], [ -70.466, -31.533 ] ] ], [ [ [ -70.133, -31.499 ], [ -70.166, -31.499 ], [ -70.166, -31.466 ], [ -70.133, -31.466 ], [ -70.133, -31.499 ] ] ], [ [ [ -70.066, -31.499 ], [ -70.099, -31.499 ], [ -70.099, -31.466 ], [ -70.066, -31.466 ], [ -70.066, -31.499 ] ] ], [ [ [ -69.866, -31.466 ], [ -69.833, -31.466 ], [ -69.833, -31.499 ], [ -69.866, -31.499 ], [ -69.866, -31.466 ] ] ], [ [ [ -70.333, -31.499 ], [ -70.366, -31.499 ], [ -70.366, -31.466 ], [ -70.366, -31.433 ], [ -70.333, -31.433 ], [ -70.333, -31.466 ], [ -70.333, -31.499 ] ] ], [ [ [ -69.866, -31.466 ], [ -69.899, -31.466 ], [ -69.899, -31.433 ], [ -69.866, -31.433 ], [ -69.866, -31.466 ] ] ], [ [ [ -69.866, -31.433 ], [ -69.866, -31.399 ], [ -69.833, -31.399 ], [ -69.833, -31.433 ], [ -69.866, -31.433 ] ] ], [ [ [ -70.533, -31.566 ], [ -70.560, -31.566 ], [ -70.561, -31.565 ], [ -70.561, -31.563 ], [ -70.562, -31.561 ], [ -70.561, -31.557 ], [ -70.560, -31.554 ], [ -70.560, -31.552 ], [ -70.558, -31.549 ], [ -70.557, -31.546 ], [ -70.559, -31.542 ], [ -70.558, -31.539 ], [ -70.557, -31.534 ], [ -70.556, -31.530 ], [ -70.557, -31.526 ], [ -70.557, -31.523 ], [ -70.558, -31.520 ], [ -70.555, -31.516 ], [ -70.554, -31.514 ], [ -70.552, -31.512 ], [ -70.551, -31.510 ], [ -70.554, -31.508 ], [ -70.559, -31.507 ], [ -70.562, -31.504 ], [ -70.565, -31.502 ], [ -70.566, -31.499 ], [ -70.566, -31.497 ], [ -70.564, -31.493 ], [ -70.564, -31.489 ], [ -70.563, -31.486 ], [ -70.562, -31.483 ], [ -70.562, -31.481 ], [ -70.564, -31.479 ], [ -70.567, -31.478 ], [ -70.569, -31.475 ], [ -70.569, -31.472 ], [ -70.568, -31.470 ], [ -70.566, -31.467 ], [ -70.563, -31.462 ], [ -70.561, -31.459 ], [ -70.558, -31.457 ], [ -70.554, -31.455 ], [ -70.551, -31.453 ], [ -70.549, -31.451 ], [ -70.548, -31.448 ], [ -70.533, -31.433 ], [ -70.533, -31.407 ], [ -70.533, -31.406 ], [ -70.533, -31.403 ], [ -70.533, -31.399 ], [ -70.499, -31.399 ], [ -70.499, -31.366 ], [ -70.466, -31.366 ], [ -70.466, -31.399 ], [ -70.433, -31.399 ], [ -70.433, -31.433 ], [ -70.466, -31.433 ], [ -70.466, -31.466 ], [ -70.499, -31.466 ], [ -70.533, -31.466 ], [ -70.533, -31.499 ], [ -70.533, -31.533 ], [ -70.533, -31.566 ] ] ], [ [ [ -70.333, -31.366 ], [ -70.299, -31.366 ], [ -70.299, -31.399 ], [ -70.333, -31.399 ], [ -70.333, -31.366 ] ] ], [ [ [ -70.266, -31.366 ], [ -70.233, -31.366 ], [ -70.233, -31.399 ], [ -70.233, -31.433 ], [ -70.266, -31.433 ], [ -70.266, -31.399 ], [ -70.266, -31.366 ] ] ], [ [ [ -70.133, -31.366 ], [ -70.133, -31.399 ], [ -70.099, -31.399 ], [ -70.099, -31.433 ], [ -70.133, -31.433 ], [ -70.166, -31.433 ], [ -70.166, -31.399 ], [ -70.199, -31.399 ], [ -70.199, -31.366 ], [ -70.166, -31.366 ], [ -70.133, -31.366 ] ] ], [ [ [ -69.866, -31.399 ], [ -69.899, -31.399 ], [ -69.899, -31.366 ], [ -69.866, -31.366 ], [ -69.866, -31.399 ] ] ], [ [ [ -70.499, -31.366 ], [ -70.527, -31.366 ], [ -70.527, -31.364 ], [ -70.530, -31.362 ], [ -70.532, -31.360 ], [ -70.531, -31.357 ], [ -70.532, -31.353 ], [ -70.532, -31.350 ], [ -70.538, -31.347 ], [ -70.541, -31.344 ], [ -70.541, -31.340 ], [ -70.540, -31.337 ], [ -70.542, -31.334 ], [ -70.542, -31.333 ], [ -70.499, -31.333 ], [ -70.499, -31.366 ] ] ], [ [ [ -70.466, -31.366 ], [ -70.466, -31.333 ], [ -70.433, -31.333 ], [ -70.433, -31.366 ], [ -70.466, -31.366 ] ] ], [ [ [ -70.333, -31.366 ], [ -70.366, -31.366 ], [ -70.366, -31.333 ], [ -70.333, -31.333 ], [ -70.333, -31.366 ] ] ], [ [ [ -70.266, -31.366 ], [ -70.299, -31.366 ], [ -70.299, -31.333 ], [ -70.266, -31.333 ], [ -70.266, -31.366 ] ] ], [ [ [ -69.233, -31.466 ], [ -69.266, -31.466 ], [ -69.266, -31.433 ], [ -69.266, -31.399 ], [ -69.266, -31.366 ], [ -69.266, -31.333 ], [ -69.233, -31.333 ], [ -69.199, -31.333 ], [ -69.199, -31.366 ], [ -69.199, -31.399 ], [ -69.199, -31.433 ], [ -69.233, -31.433 ], [ -69.233, -31.466 ] ] ], [ [ [ -70.466, -31.333 ], [ -70.499, -31.333 ], [ -70.499, -31.299 ], [ -70.466, -31.299 ], [ -70.466, -31.333 ] ] ], [ [ [ -70.266, -31.333 ], [ -70.266, -31.299 ], [ -70.233, -31.299 ], [ -70.233, -31.333 ], [ -70.266, -31.333 ] ] ], [ [ [ -70.033, -31.299 ], [ -69.999, -31.299 ], [ -69.966, -31.299 ], [ -69.933, -31.299 ], [ -69.899, -31.299 ], [ -69.866, -31.299 ], [ -69.833, -31.299 ], [ -69.799, -31.299 ], [ -69.799, -31.333 ], [ -69.833, -31.333 ], [ -69.866, -31.333 ], [ -69.899, -31.333 ], [ -69.933, -31.333 ], [ -69.966, -31.333 ], [ -69.999, -31.333 ], [ -70.033, -31.333 ], [ -70.033, -31.299 ] ] ], [ [ [ -70.266, -31.299 ], [ -70.299, -31.299 ], [ -70.299, -31.266 ], [ -70.266, -31.266 ], [ -70.266, -31.299 ] ] ], [ [ [ -70.033, -31.299 ], [ -70.066, -31.299 ], [ -70.066, -31.266 ], [ -70.033, -31.266 ], [ -70.033, -31.299 ] ] ], [ [ [ -69.799, -31.299 ], [ -69.799, -31.266 ], [ -69.766, -31.266 ], [ -69.766, -31.299 ], [ -69.799, -31.299 ] ] ], [ [ [ -70.466, -31.299 ], [ -70.466, -31.266 ], [ -70.466, -31.233 ], [ -70.433, -31.233 ], [ -70.399, -31.233 ], [ -70.399, -31.266 ], [ -70.433, -31.266 ], [ -70.433, -31.299 ], [ -70.466, -31.299 ] ] ], [ [ [ -70.333, -31.166 ], [ -70.299, -31.166 ], [ -70.299, -31.199 ], [ -70.266, -31.199 ], [ -70.233, -31.199 ], [ -70.233, -31.233 ], [ -70.266, -31.233 ], [ -70.299, -31.233 ], [ -70.333, -31.233 ], [ -70.333, -31.199 ], [ -70.333, -31.166 ] ] ], [ [ [ -69.766, -31.233 ], [ -69.799, -31.233 ], [ -69.799, -31.199 ], [ -69.799, -31.166 ], [ -69.766, -31.166 ], [ -69.733, -31.166 ], [ -69.733, -31.199 ], [ -69.766, -31.199 ], [ -69.766, -31.233 ] ] ], [ [ [ -69.999, -31.133 ], [ -69.999, -31.166 ], [ -70.033, -31.166 ], [ -70.033, -31.133 ], [ -69.999, -31.133 ] ] ], [ [ [ -69.999, -31.133 ], [ -69.999, -31.099 ], [ -69.966, -31.099 ], [ -69.966, -31.133 ], [ -69.999, -31.133 ] ] ], [ [ [ -69.766, -31.133 ], [ -69.799, -31.133 ], [ -69.799, -31.099 ], [ -69.766, -31.099 ], [ -69.766, -31.133 ] ] ], [ [ [ -70.133, -31.099 ], [ -70.133, -31.133 ], [ -70.099, -31.133 ], [ -70.099, -31.166 ], [ -70.133, -31.166 ], [ -70.166, -31.166 ], [ -70.166, -31.133 ], [ -70.166, -31.099 ], [ -70.166, -31.066 ], [ -70.133, -31.066 ], [ -70.133, -31.099 ] ] ], [ [ [ -69.999, -31.066 ], [ -70.033, -31.066 ], [ -70.033, -31.033 ], [ -69.999, -31.033 ], [ -69.966, -31.033 ], [ -69.966, -31.066 ], [ -69.999, -31.066 ] ] ], [ [ [ -70.099, -30.966 ], [ -70.066, -30.966 ], [ -70.066, -30.999 ], [ -70.099, -30.999 ], [ -70.099, -30.966 ] ] ], [ [ [ -69.899, -30.999 ], [ -69.933, -30.999 ], [ -69.933, -30.966 ], [ -69.899, -30.966 ], [ -69.899, -30.999 ] ] ], [ [ [ -69.799, -30.966 ], [ -69.766, -30.966 ], [ -69.766, -30.999 ], [ -69.799, -30.999 ], [ -69.799, -30.966 ] ] ], [ [ [ -70.099, -30.966 ], [ -70.133, -30.966 ], [ -70.133, -30.933 ], [ -70.099, -30.933 ], [ -70.099, -30.966 ] ] ], [ [ [ -69.799, -30.966 ], [ -69.833, -30.966 ], [ -69.866, -30.966 ], [ -69.866, -30.933 ], [ -69.833, -30.933 ], [ -69.799, -30.933 ], [ -69.799, -30.966 ] ] ], [ [ [ -69.133, -30.966 ], [ -69.166, -30.966 ], [ -69.166, -30.933 ], [ -69.133, -30.933 ], [ -69.133, -30.966 ] ] ], [ [ [ -69.933, -30.866 ], [ -69.933, -30.899 ], [ -69.966, -30.899 ], [ -69.966, -30.866 ], [ -69.999, -30.866 ], [ -69.999, -30.899 ], [ -70.033, -30.899 ], [ -70.033, -30.866 ], [ -70.066, -30.866 ], [ -70.099, -30.866 ], [ -70.099, -30.899 ], [ -70.133, -30.899 ], [ -70.133, -30.866 ], [ -70.133, -30.833 ], [ -70.099, -30.833 ], [ -70.066, -30.833 ], [ -70.033, -30.833 ], [ -69.999, -30.833 ], [ -69.966, -30.833 ], [ -69.933, -30.833 ], [ -69.899, -30.833 ], [ -69.899, -30.866 ], [ -69.933, -30.866 ] ] ], [ [ [ -69.833, -30.799 ], [ -69.833, -30.833 ], [ -69.866, -30.833 ], [ -69.866, -30.799 ], [ -69.833, -30.799 ] ] ], [ [ [ -70.033, -30.766 ], [ -70.033, -30.799 ], [ -70.066, -30.799 ], [ -70.066, -30.766 ], [ -70.033, -30.766 ] ] ], [ [ [ -69.933, -30.799 ], [ -69.966, -30.799 ], [ -69.966, -30.766 ], [ -69.933, -30.766 ], [ -69.899, -30.766 ], [ -69.899, -30.799 ], [ -69.933, -30.799 ] ] ], [ [ [ -69.833, -30.799 ], [ -69.833, -30.766 ], [ -69.799, -30.766 ], [ -69.799, -30.799 ], [ -69.833, -30.799 ] ] ], [ [ [ -70.099, -30.733 ], [ -70.099, -30.766 ], [ -70.133, -30.766 ], [ -70.133, -30.733 ], [ -70.099, -30.733 ] ] ], [ [ [ -70.033, -30.766 ], [ -70.033, -30.733 ], [ -69.999, -30.733 ], [ -69.999, -30.766 ], [ -70.033, -30.766 ] ] ], [ [ [ -69.833, -30.766 ], [ -69.866, -30.766 ], [ -69.866, -30.733 ], [ -69.833, -30.733 ], [ -69.833, -30.766 ] ] ], [ [ [ -70.233, -31.033 ], [ -70.266, -31.033 ], [ -70.266, -31.066 ], [ -70.233, -31.066 ], [ -70.233, -31.033 ], [ -70.199, -31.033 ], [ -70.199, -31.066 ], [ -70.199, -31.099 ], [ -70.233, -31.099 ], [ -70.233, -31.133 ], [ -70.266, -31.133 ], [ -70.299, -31.133 ], [ -70.299, -31.099 ], [ -70.333, -31.099 ], [ -70.333, -31.133 ], [ -70.333, -31.166 ], [ -70.366, -31.166 ], [ -70.380, -31.152 ], [ -70.380, -31.152 ], [ -70.376, -31.151 ], [ -70.373, -31.147 ], [ -70.368, -31.142 ], [ -70.364, -31.139 ], [ -70.362, -31.136 ], [ -70.360, -31.133 ], [ -70.364, -31.131 ], [ -70.364, -31.129 ], [ -70.363, -31.125 ], [ -70.361, -31.121 ], [ -70.364, -31.118 ], [ -70.367, -31.114 ], [ -70.368, -31.111 ], [ -70.366, -31.105 ], [ -70.362, -31.100 ], [ -70.358, -31.096 ], [ -70.355, -31.091 ], [ -70.350, -31.087 ], [ -70.347, -31.081 ], [ -70.344, -31.077 ], [ -70.342, -31.074 ], [ -70.340, -31.069 ], [ -70.336, -31.067 ], [ -70.332, -31.065 ], [ -70.328, -31.063 ], [ -70.324, -31.063 ], [ -70.327, -31.060 ], [ -70.327, -31.056 ], [ -70.325, -31.052 ], [ -70.324, -31.046 ], [ -70.321, -31.042 ], [ -70.316, -31.042 ], [ -70.310, -31.043 ], [ -70.301, -31.045 ], [ -70.293, -31.046 ], [ -70.289, -31.046 ], [ -70.285, -31.043 ], [ -70.282, -31.044 ], [ -70.278, -31.046 ], [ -70.274, -31.045 ], [ -70.271, -31.043 ], [ -70.269, -31.041 ], [ -70.269, -31.036 ], [ -70.270, -31.032 ], [ -70.270, -31.028 ], [ -70.274, -31.024 ], [ -70.276, -31.021 ], [ -70.282, -31.020 ], [ -70.285, -31.021 ], [ -70.288, -31.022 ], [ -70.293, -31.021 ], [ -70.296, -31.020 ], [ -70.296, -31.018 ], [ -70.295, -31.014 ], [ -70.293, -31.010 ], [ -70.294, -31.006 ], [ -70.296, -31.001 ], [ -70.298, -30.997 ], [ -70.301, -30.995 ], [ -70.300, -30.991 ], [ -70.297, -30.986 ], [ -70.295, -30.980 ], [ -70.292, -30.976 ], [ -70.292, -30.972 ], [ -70.293, -30.969 ], [ -70.296, -30.965 ], [ -70.298, -30.962 ], [ -70.304, -30.959 ], [ -70.310, -30.957 ], [ -70.313, -30.954 ], [ -70.314, -30.951 ], [ -70.314, -30.947 ], [ -70.316, -30.943 ], [ -70.316, -30.939 ], [ -70.318, -30.936 ], [ -70.322, -30.933 ], [ -70.322, -30.933 ], [ -70.266, -30.933 ], [ -70.266, -30.899 ], [ -70.308, -30.899 ], [ -70.306, -30.897 ], [ -70.306, -30.891 ], [ -70.306, -30.886 ], [ -70.304, -30.882 ], [ -70.304, -30.875 ], [ -70.301, -30.869 ], [ -70.300, -30.866 ], [ -70.266, -30.866 ], [ -70.266, -30.833 ], [ -70.278, -30.821 ], [ -70.280, -30.817 ], [ -70.278, -30.815 ], [ -70.277, -30.813 ], [ -70.277, -30.810 ], [ -70.279, -30.807 ], [ -70.281, -30.804 ], [ -70.285, -30.802 ], [ -70.289, -30.800 ], [ -70.290, -30.797 ], [ -70.290, -30.794 ], [ -70.289, -30.791 ], [ -70.287, -30.785 ], [ -70.283, -30.783 ], [ -70.277, -30.783 ], [ -70.274, -30.782 ], [ -70.273, -30.779 ], [ -70.273, -30.776 ], [ -70.274, -30.773 ], [ -70.273, -30.768 ], [ -70.272, -30.766 ], [ -70.233, -30.766 ], [ -70.233, -30.733 ], [ -70.199, -30.733 ], [ -70.199, -30.699 ], [ -70.166, -30.699 ], [ -70.166, -30.733 ], [ -70.166, -30.766 ], [ -70.199, -30.766 ], [ -70.199, -30.799 ], [ -70.199, -30.833 ], [ -70.199, -30.866 ], [ -70.166, -30.866 ], [ -70.166, -30.899 ], [ -70.166, -30.933 ], [ -70.199, -30.933 ], [ -70.199, -30.899 ], [ -70.233, -30.899 ], [ -70.233, -30.933 ], [ -70.233, -30.966 ], [ -70.199, -30.966 ], [ -70.199, -30.999 ], [ -70.233, -30.999 ], [ -70.233, -31.033 ] ] ], [ [ [ -70.099, -30.733 ], [ -70.099, -30.699 ], [ -70.066, -30.699 ], [ -70.066, -30.733 ], [ -70.099, -30.733 ] ] ], [ [ [ -69.766, -30.733 ], [ -69.799, -30.733 ], [ -69.799, -30.699 ], [ -69.766, -30.699 ], [ -69.766, -30.733 ] ] ], [ [ [ -69.699, -30.699 ], [ -69.699, -30.733 ], [ -69.733, -30.733 ], [ -69.733, -30.699 ], [ -69.699, -30.699 ] ] ], [ [ [ -70.099, -30.699 ], [ -70.133, -30.699 ], [ -70.133, -30.666 ], [ -70.099, -30.666 ], [ -70.099, -30.699 ] ] ], [ [ [ -69.699, -30.699 ], [ -69.699, -30.666 ], [ -69.666, -30.666 ], [ -69.633, -30.666 ], [ -69.599, -30.666 ], [ -69.599, -30.699 ], [ -69.633, -30.699 ], [ -69.633, -30.733 ], [ -69.633, -30.766 ], [ -69.666, -30.766 ], [ -69.666, -30.733 ], [ -69.666, -30.699 ], [ -69.699, -30.699 ] ] ], [ [ [ -69.999, -30.699 ], [ -70.033, -30.699 ], [ -70.033, -30.666 ], [ -70.033, -30.633 ], [ -69.999, -30.633 ], [ -69.999, -30.666 ], [ -69.999, -30.699 ] ] ], [ [ [ -69.899, -30.666 ], [ -69.933, -30.666 ], [ -69.933, -30.633 ], [ -69.899, -30.633 ], [ -69.899, -30.666 ] ] ], [ [ [ -70.199, -30.699 ], [ -70.233, -30.699 ], [ -70.233, -30.666 ], [ -70.233, -30.633 ], [ -70.240, -30.626 ], [ -70.239, -30.622 ], [ -70.240, -30.616 ], [ -70.238, -30.613 ], [ -70.233, -30.610 ], [ -70.227, -30.607 ], [ -70.225, -30.601 ], [ -70.223, -30.599 ], [ -70.199, -30.599 ], [ -70.199, -30.633 ], [ -70.199, -30.666 ], [ -70.199, -30.699 ] ] ], [ [ [ -70.199, -30.599 ], [ -70.199, -30.566 ], [ -70.166, -30.566 ], [ -70.166, -30.599 ], [ -70.199, -30.599 ] ] ], [ [ [ -70.099, -30.566 ], [ -70.066, -30.566 ], [ -70.066, -30.599 ], [ -70.099, -30.599 ], [ -70.099, -30.566 ] ] ], [ [ [ -69.599, -30.566 ], [ -69.566, -30.566 ], [ -69.566, -30.599 ], [ -69.566, -30.633 ], [ -69.599, -30.633 ], [ -69.633, -30.633 ], [ -69.633, -30.599 ], [ -69.599, -30.599 ], [ -69.599, -30.566 ] ] ], [ [ [ -70.099, -30.566 ], [ -70.133, -30.566 ], [ -70.166, -30.566 ], [ -70.166, -30.533 ], [ -70.133, -30.533 ], [ -70.099, -30.533 ], [ -70.099, -30.566 ] ] ], [ [ [ -69.599, -30.566 ], [ -69.633, -30.566 ], [ -69.633, -30.533 ], [ -69.599, -30.533 ], [ -69.599, -30.566 ] ] ], [ [ [ -69.999, -30.499 ], [ -70.033, -30.499 ], [ -70.033, -30.533 ], [ -70.066, -30.533 ], [ -70.066, -30.499 ], [ -70.099, -30.499 ], [ -70.099, -30.466 ], [ -70.066, -30.466 ], [ -70.033, -30.466 ], [ -69.999, -30.466 ], [ -69.999, -30.499 ] ] ], [ [ [ -69.999, -30.499 ], [ -69.966, -30.499 ], [ -69.966, -30.466 ], [ -69.933, -30.466 ], [ -69.933, -30.499 ], [ -69.899, -30.499 ], [ -69.899, -30.533 ], [ -69.933, -30.533 ], [ -69.966, -30.533 ], [ -69.966, -30.566 ], [ -69.999, -30.566 ], [ -69.999, -30.533 ], [ -69.999, -30.499 ] ] ], [ [ [ -69.566, -30.466 ], [ -69.599, -30.466 ], [ -69.599, -30.433 ], [ -69.566, -30.433 ], [ -69.566, -30.466 ] ] ], [ [ [ -69.933, -30.466 ], [ -69.933, -30.433 ], [ -69.933, -30.399 ], [ -69.899, -30.399 ], [ -69.899, -30.433 ], [ -69.899, -30.466 ], [ -69.933, -30.466 ] ] ], [ [ [ -69.666, -30.399 ], [ -69.633, -30.399 ], [ -69.633, -30.433 ], [ -69.666, -30.433 ], [ -69.666, -30.399 ] ] ], [ [ [ -69.666, -30.399 ], [ -69.699, -30.399 ], [ -69.699, -30.366 ], [ -69.666, -30.366 ], [ -69.666, -30.399 ] ] ], [ [ [ -69.599, -30.366 ], [ -69.633, -30.366 ], [ -69.633, -30.333 ], [ -69.633, -30.299 ], [ -69.599, -30.299 ], [ -69.566, -30.299 ], [ -69.566, -30.333 ], [ -69.599, -30.333 ], [ -69.599, -30.366 ] ] ], [ [ [ -69.666, -30.233 ], [ -69.699, -30.233 ], [ -69.699, -30.199 ], [ -69.666, -30.199 ], [ -69.633, -30.199 ], [ -69.599, -30.199 ], [ -69.599, -30.233 ], [ -69.633, -30.233 ], [ -69.666, -30.233 ] ] ], [ [ [ -69.566, -30.166 ], [ -69.599, -30.166 ], [ -69.599, -30.133 ], [ -69.566, -30.133 ], [ -69.566, -30.166 ] ] ], [ [ [ -69.799, -30.033 ], [ -69.799, -30.066 ], [ -69.833, -30.066 ], [ -69.833, -30.033 ], [ -69.799, -30.033 ] ] ], [ [ [ -69.566, -30.066 ], [ -69.599, -30.066 ], [ -69.599, -30.033 ], [ -69.566, -30.033 ], [ -69.566, -29.999 ], [ -69.566, -29.966 ], [ -69.533, -29.966 ], [ -69.499, -29.966 ], [ -69.499, -29.999 ], [ -69.533, -29.999 ], [ -69.533, -30.033 ], [ -69.533, -30.066 ], [ -69.566, -30.066 ] ] ], [ [ [ -69.499, -29.933 ], [ -69.533, -29.933 ], [ -69.533, -29.899 ], [ -69.499, -29.899 ], [ -69.499, -29.933 ] ] ], [ [ [ -69.733, -29.933 ], [ -69.733, -29.966 ], [ -69.766, -29.966 ], [ -69.766, -29.999 ], [ -69.766, -30.033 ], [ -69.799, -30.033 ], [ -69.799, -29.999 ], [ -69.799, -29.966 ], [ -69.799, -29.933 ], [ -69.799, -29.899 ], [ -69.799, -29.866 ], [ -69.766, -29.866 ], [ -69.766, -29.899 ], [ -69.766, -29.933 ], [ -69.733, -29.933 ] ] ], [ [ [ -69.733, -29.933 ], [ -69.733, -29.899 ], [ -69.733, -29.866 ], [ -69.699, -29.866 ], [ -69.699, -29.899 ], [ -69.699, -29.933 ], [ -69.733, -29.933 ] ] ], [ [ [ -69.733, -29.866 ], [ -69.766, -29.866 ], [ -69.766, -29.833 ], [ -69.733, -29.833 ], [ -69.733, -29.866 ] ] ], [ [ [ -69.466, -29.833 ], [ -69.466, -29.866 ], [ -69.499, -29.866 ], [ -69.533, -29.866 ], [ -69.533, -29.833 ], [ -69.499, -29.833 ], [ -69.466, -29.833 ] ] ], [ [ [ -69.466, -29.833 ], [ -69.466, -29.799 ], [ -69.433, -29.799 ], [ -69.433, -29.833 ], [ -69.466, -29.833 ] ] ], [ [ [ -69.766, -29.833 ], [ -69.799, -29.833 ], [ -69.799, -29.799 ], [ -69.833, -29.799 ], [ -69.833, -29.766 ], [ -69.799, -29.766 ], [ -69.766, -29.766 ], [ -69.766, -29.799 ], [ -69.766, -29.833 ] ] ], [ [ [ -68.933, -29.766 ], [ -68.899, -29.766 ], [ -68.899, -29.799 ], [ -68.933, -29.799 ], [ -68.933, -29.766 ] ] ], [ [ [ -69.699, -29.866 ], [ -69.699, -29.833 ], [ -69.699, -29.799 ], [ -69.733, -29.799 ], [ -69.733, -29.766 ], [ -69.699, -29.766 ], [ -69.666, -29.766 ], [ -69.666, -29.733 ], [ -69.633, -29.733 ], [ -69.633, -29.766 ], [ -69.633, -29.799 ], [ -69.666, -29.799 ], [ -69.666, -29.833 ], [ -69.666, -29.866 ], [ -69.699, -29.866 ] ] ], [ [ [ -69.633, -29.733 ], [ -69.633, -29.699 ], [ -69.599, -29.699 ], [ -69.599, -29.733 ], [ -69.633, -29.733 ] ] ], [ [ [ -69.599, -29.699 ], [ -69.599, -29.666 ], [ -69.566, -29.666 ], [ -69.566, -29.699 ], [ -69.599, -29.699 ] ] ], [ [ [ -68.933, -29.766 ], [ -68.966, -29.766 ], [ -68.999, -29.766 ], [ -68.999, -29.799 ], [ -69.033, -29.799 ], [ -69.066, -29.799 ], [ -69.066, -29.766 ], [ -69.066, -29.733 ], [ -69.033, -29.733 ], [ -68.999, -29.733 ], [ -68.999, -29.699 ], [ -68.999, -29.666 ], [ -68.966, -29.666 ], [ -68.966, -29.699 ], [ -68.933, -29.699 ], [ -68.933, -29.733 ], [ -68.933, -29.766 ] ] ], [ [ [ -68.966, -29.666 ], [ -68.966, -29.633 ], [ -68.933, -29.633 ], [ -68.933, -29.666 ], [ -68.966, -29.666 ] ] ], [ [ [ -69.333, -29.733 ], [ -69.366, -29.733 ], [ -69.366, -29.699 ], [ -69.366, -29.666 ], [ -69.366, -29.633 ], [ -69.366, -29.599 ], [ -69.333, -29.599 ], [ -69.333, -29.633 ], [ -69.333, -29.666 ], [ -69.333, -29.699 ], [ -69.333, -29.733 ] ] ], [ [ [ -68.966, -29.633 ], [ -68.999, -29.633 ], [ -68.999, -29.599 ], [ -68.966, -29.599 ], [ -68.966, -29.633 ] ] ], [ [ [ -69.699, -29.633 ], [ -69.699, -29.666 ], [ -69.699, -29.699 ], [ -69.733, -29.699 ], [ -69.733, -29.733 ], [ -69.733, -29.766 ], [ -69.766, -29.766 ], [ -69.766, -29.733 ], [ -69.766, -29.699 ], [ -69.799, -29.699 ], [ -69.799, -29.666 ], [ -69.766, -29.666 ], [ -69.766, -29.633 ], [ -69.799, -29.633 ], [ -69.799, -29.599 ], [ -69.766, -29.599 ], [ -69.766, -29.566 ], [ -69.733, -29.566 ], [ -69.733, -29.599 ], [ -69.733, -29.633 ], [ -69.699, -29.633 ] ] ], [ [ [ -69.533, -29.633 ], [ -69.566, -29.633 ], [ -69.566, -29.599 ], [ -69.566, -29.566 ], [ -69.533, -29.566 ], [ -69.533, -29.599 ], [ -69.533, -29.633 ] ] ], [ [ [ -69.633, -29.699 ], [ -69.666, -29.699 ], [ -69.666, -29.666 ], [ -69.666, -29.633 ], [ -69.699, -29.633 ], [ -69.699, -29.599 ], [ -69.666, -29.599 ], [ -69.666, -29.566 ], [ -69.666, -29.533 ], [ -69.633, -29.533 ], [ -69.633, -29.566 ], [ -69.633, -29.599 ], [ -69.633, -29.633 ], [ -69.633, -29.666 ], [ -69.633, -29.699 ] ] ], [ [ [ -69.399, -29.533 ], [ -69.366, -29.533 ], [ -69.366, -29.566 ], [ -69.399, -29.566 ], [ -69.399, -29.533 ] ] ], [ [ [ -68.999, -29.533 ], [ -68.999, -29.566 ], [ -69.033, -29.566 ], [ -69.033, -29.533 ], [ -68.999, -29.533 ] ] ], [ [ [ -69.066, -29.633 ], [ -69.099, -29.633 ], [ -69.099, -29.599 ], [ -69.099, -29.566 ], [ -69.099, -29.533 ], [ -69.099, -29.499 ], [ -69.066, -29.499 ], [ -69.066, -29.533 ], [ -69.066, -29.566 ], [ -69.066, -29.599 ], [ -69.066, -29.633 ] ] ], [ [ [ -68.999, -29.533 ], [ -68.999, -29.499 ], [ -68.966, -29.499 ], [ -68.966, -29.533 ], [ -68.999, -29.533 ] ] ], [ [ [ -69.566, -29.499 ], [ -69.599, -29.499 ], [ -69.599, -29.466 ], [ -69.566, -29.466 ], [ -69.566, -29.499 ] ] ], [ [ [ -69.399, -29.533 ], [ -69.433, -29.533 ], [ -69.433, -29.499 ], [ -69.433, -29.466 ], [ -69.399, -29.466 ], [ -69.399, -29.499 ], [ -69.399, -29.533 ] ] ], [ [ [ -68.966, -29.499 ], [ -68.966, -29.466 ], [ -68.933, -29.466 ], [ -68.933, -29.499 ], [ -68.966, -29.499 ] ] ], [ [ [ -68.966, -29.399 ], [ -68.933, -29.399 ], [ -68.933, -29.433 ], [ -68.966, -29.433 ], [ -68.966, -29.399 ] ] ], [ [ [ -69.599, -29.399 ], [ -69.633, -29.399 ], [ -69.633, -29.366 ], [ -69.599, -29.366 ], [ -69.566, -29.366 ], [ -69.533, -29.366 ], [ -69.533, -29.399 ], [ -69.566, -29.399 ], [ -69.599, -29.399 ] ] ], [ [ [ -69.466, -29.399 ], [ -69.499, -29.399 ], [ -69.499, -29.366 ], [ -69.466, -29.366 ], [ -69.466, -29.399 ] ] ], [ [ [ -69.033, -29.366 ], [ -69.033, -29.399 ], [ -69.066, -29.399 ], [ -69.066, -29.366 ], [ -69.033, -29.366 ] ] ], [ [ [ -69.933, -29.333 ], [ -69.933, -29.366 ], [ -69.899, -29.366 ], [ -69.899, -29.399 ], [ -69.866, -29.399 ], [ -69.866, -29.366 ], [ -69.833, -29.366 ], [ -69.833, -29.399 ], [ -69.799, -29.399 ], [ -69.799, -29.433 ], [ -69.799, -29.466 ], [ -69.833, -29.466 ], [ -69.866, -29.466 ], [ -69.866, -29.433 ], [ -69.899, -29.433 ], [ -69.899, -29.466 ], [ -69.899, -29.499 ], [ -69.899, -29.533 ], [ -69.954, -29.533 ], [ -69.953, -29.528 ], [ -69.948, -29.524 ], [ -69.948, -29.521 ], [ -69.947, -29.514 ], [ -69.933, -29.499 ], [ -69.933, -29.466 ], [ -69.933, -29.433 ], [ -69.972, -29.433 ], [ -69.967, -29.429 ], [ -69.967, -29.427 ], [ -69.968, -29.421 ], [ -69.966, -29.416 ], [ -69.967, -29.412 ], [ -69.970, -29.409 ], [ -69.974, -29.408 ], [ -69.975, -29.408 ], [ -69.966, -29.399 ], [ -69.966, -29.366 ], [ -69.999, -29.366 ], [ -70.011, -29.355 ], [ -70.010, -29.354 ], [ -70.012, -29.348 ], [ -70.012, -29.344 ], [ -70.011, -29.340 ], [ -70.014, -29.338 ], [ -70.016, -29.336 ], [ -70.017, -29.333 ], [ -70.017, -29.333 ], [ -69.966, -29.333 ], [ -69.933, -29.333 ] ] ], [ [ [ -69.699, -29.299 ], [ -69.666, -29.299 ], [ -69.666, -29.333 ], [ -69.666, -29.366 ], [ -69.666, -29.399 ], [ -69.666, -29.433 ], [ -69.666, -29.466 ], [ -69.666, -29.499 ], [ -69.699, -29.499 ], [ -69.699, -29.466 ], [ -69.699, -29.433 ], [ -69.699, -29.399 ], [ -69.699, -29.366 ], [ -69.699, -29.333 ], [ -69.699, -29.299 ] ] ], [ [ [ -69.533, -29.299 ], [ -69.566, -29.299 ], [ -69.566, -29.266 ], [ -69.533, -29.266 ], [ -69.499, -29.266 ], [ -69.499, -29.299 ], [ -69.533, -29.299 ] ] ], [ [ [ -69.433, -29.333 ], [ -69.466, -29.333 ], [ -69.466, -29.299 ], [ -69.466, -29.266 ], [ -69.433, -29.266 ], [ -69.433, -29.299 ], [ -69.433, -29.333 ] ] ], [ [ [ -69.133, -29.299 ], [ -69.166, -29.299 ], [ -69.166, -29.266 ], [ -69.133, -29.266 ], [ -69.133, -29.299 ] ] ], [ [ [ -68.966, -29.399 ], [ -68.999, -29.399 ], [ -68.999, -29.366 ], [ -69.033, -29.366 ], [ -69.033, -29.333 ], [ -69.033, -29.299 ], [ -69.033, -29.266 ], [ -68.999, -29.266 ], [ -68.999, -29.299 ], [ -68.966, -29.299 ], [ -68.966, -29.333 ], [ -68.966, -29.366 ], [ -68.966, -29.399 ] ] ], [ [ [ -69.699, -29.299 ], [ -69.733, -29.299 ], [ -69.733, -29.333 ], [ -69.766, -29.333 ], [ -69.766, -29.299 ], [ -69.766, -29.266 ], [ -69.766, -29.233 ], [ -69.766, -29.199 ], [ -69.733, -29.199 ], [ -69.733, -29.233 ], [ -69.733, -29.266 ], [ -69.699, -29.266 ], [ -69.699, -29.299 ] ] ], [ [ [ -69.399, -29.233 ], [ -69.433, -29.233 ], [ -69.433, -29.199 ], [ -69.399, -29.199 ], [ -69.399, -29.233 ] ] ], [ [ [ -69.199, -29.199 ], [ -69.199, -29.233 ], [ -69.233, -29.233 ], [ -69.266, -29.233 ], [ -69.266, -29.199 ], [ -69.233, -29.199 ], [ -69.199, -29.199 ] ] ], [ [ [ -68.999, -29.266 ], [ -68.999, -29.233 ], [ -69.033, -29.233 ], [ -69.033, -29.199 ], [ -68.999, -29.199 ], [ -68.966, -29.199 ], [ -68.933, -29.199 ], [ -68.899, -29.199 ], [ -68.866, -29.199 ], [ -68.866, -29.233 ], [ -68.899, -29.233 ], [ -68.933, -29.233 ], [ -68.933, -29.266 ], [ -68.966, -29.266 ], [ -68.999, -29.266 ] ] ], [ [ [ -69.866, -29.166 ], [ -69.866, -29.199 ], [ -69.899, -29.199 ], [ -69.899, -29.166 ], [ -69.866, -29.166 ] ] ], [ [ [ -69.833, -29.166 ], [ -69.799, -29.166 ], [ -69.799, -29.199 ], [ -69.799, -29.233 ], [ -69.833, -29.233 ], [ -69.833, -29.199 ], [ -69.833, -29.166 ] ] ], [ [ [ -67.866, -29.199 ], [ -67.899, -29.199 ], [ -67.899, -29.166 ], [ -67.866, -29.166 ], [ -67.833, -29.166 ], [ -67.833, -29.199 ], [ -67.866, -29.199 ] ] ], [ [ [ -68.999, -29.133 ], [ -68.999, -29.166 ], [ -69.033, -29.166 ], [ -69.033, -29.133 ], [ -68.999, -29.133 ] ] ], [ [ [ -68.866, -29.133 ], [ -68.866, -29.166 ], [ -68.899, -29.166 ], [ -68.899, -29.133 ], [ -68.866, -29.133 ] ] ], [ [ [ -67.733, -29.166 ], [ -67.766, -29.166 ], [ -67.766, -29.133 ], [ -67.733, -29.133 ], [ -67.733, -29.166 ] ] ], [ [ [ -69.833, -29.166 ], [ -69.866, -29.166 ], [ -69.866, -29.137 ], [ -69.866, -29.137 ], [ -69.863, -29.135 ], [ -69.860, -29.134 ], [ -69.858, -29.133 ], [ -69.855, -29.133 ], [ -69.850, -29.133 ], [ -69.846, -29.134 ], [ -69.844, -29.132 ], [ -69.842, -29.130 ], [ -69.839, -29.129 ], [ -69.834, -29.129 ], [ -69.833, -29.129 ], [ -69.833, -29.166 ] ] ], [ [ [ -69.199, -29.199 ], [ -69.199, -29.166 ], [ -69.233, -29.166 ], [ -69.233, -29.133 ], [ -69.233, -29.099 ], [ -69.199, -29.099 ], [ -69.166, -29.099 ], [ -69.133, -29.099 ], [ -69.133, -29.133 ], [ -69.166, -29.133 ], [ -69.166, -29.166 ], [ -69.133, -29.166 ], [ -69.133, -29.199 ], [ -69.166, -29.199 ], [ -69.199, -29.199 ] ] ], [ [ [ -68.999, -29.133 ], [ -68.999, -29.099 ], [ -68.966, -29.099 ], [ -68.966, -29.133 ], [ -68.999, -29.133 ] ] ], [ [ [ -69.633, -29.199 ], [ -69.666, -29.199 ], [ -69.666, -29.166 ], [ -69.666, -29.133 ], [ -69.666, -29.099 ], [ -69.666, -29.066 ], [ -69.633, -29.066 ], [ -69.633, -29.099 ], [ -69.633, -29.133 ], [ -69.633, -29.166 ], [ -69.633, -29.199 ] ] ], [ [ [ -68.866, -29.133 ], [ -68.866, -29.099 ], [ -68.866, -29.066 ], [ -68.833, -29.066 ], [ -68.833, -29.099 ], [ -68.833, -29.133 ], [ -68.866, -29.133 ] ] ], [ [ [ -69.433, -29.066 ], [ -69.466, -29.066 ], [ -69.466, -29.033 ], [ -69.433, -29.033 ], [ -69.433, -29.066 ] ] ], [ [ [ -68.599, -29.099 ], [ -68.633, -29.099 ], [ -68.633, -29.066 ], [ -68.633, -29.033 ], [ -68.599, -29.033 ], [ -68.566, -29.033 ], [ -68.566, -29.066 ], [ -68.599, -29.066 ], [ -68.599, -29.099 ] ] ], [ [ [ -69.733, -29.099 ], [ -69.766, -29.099 ], [ -69.766, -29.066 ], [ -69.766, -29.033 ], [ -69.766, -28.999 ], [ -69.733, -28.999 ], [ -69.733, -29.033 ], [ -69.733, -29.066 ], [ -69.733, -29.099 ] ] ], [ [ [ -69.499, -29.066 ], [ -69.499, -29.099 ], [ -69.466, -29.099 ], [ -69.433, -29.099 ], [ -69.433, -29.133 ], [ -69.433, -29.166 ], [ -69.466, -29.166 ], [ -69.499, -29.166 ], [ -69.499, -29.199 ], [ -69.533, -29.199 ], [ -69.533, -29.166 ], [ -69.533, -29.133 ], [ -69.533, -29.099 ], [ -69.533, -29.066 ], [ -69.566, -29.066 ], [ -69.566, -29.033 ], [ -69.533, -29.033 ], [ -69.533, -28.999 ], [ -69.499, -28.999 ], [ -69.499, -29.033 ], [ -69.499, -29.066 ] ] ], [ [ [ -67.899, -29.066 ], [ -67.933, -29.066 ], [ -67.933, -29.033 ], [ -67.933, -28.999 ], [ -67.899, -28.999 ], [ -67.899, -29.033 ], [ -67.899, -29.066 ] ] ], [ [ [ -67.166, -28.999 ], [ -67.133, -28.999 ], [ -67.133, -29.033 ], [ -67.166, -29.033 ], [ -67.166, -28.999 ] ] ], [ [ [ -69.433, -28.966 ], [ -69.399, -28.966 ], [ -69.399, -28.999 ], [ -69.433, -28.999 ], [ -69.433, -28.966 ] ] ], [ [ [ -68.866, -29.066 ], [ -68.899, -29.066 ], [ -68.899, -29.033 ], [ -68.899, -28.999 ], [ -68.899, -28.966 ], [ -68.866, -28.966 ], [ -68.866, -28.999 ], [ -68.866, -29.033 ], [ -68.866, -29.066 ] ] ], [ [ [ -68.566, -28.999 ], [ -68.599, -28.999 ], [ -68.599, -28.966 ], [ -68.566, -28.966 ], [ -68.566, -28.999 ] ] ], [ [ [ -67.666, -29.033 ], [ -67.699, -29.033 ], [ -67.699, -28.999 ], [ -67.699, -28.966 ], [ -67.666, -28.966 ], [ -67.666, -28.999 ], [ -67.666, -29.033 ] ] ], [ [ [ -67.166, -28.999 ], [ -67.199, -28.999 ], [ -67.199, -28.966 ], [ -67.166, -28.966 ], [ -67.166, -28.999 ] ] ], [ [ [ -67.133, -28.999 ], [ -67.133, -28.966 ], [ -67.099, -28.966 ], [ -67.099, -28.999 ], [ -67.133, -28.999 ] ] ], [ [ [ -69.399, -28.966 ], [ -69.399, -28.933 ], [ -69.366, -28.933 ], [ -69.366, -28.966 ], [ -69.399, -28.966 ] ] ], [ [ [ -68.899, -28.966 ], [ -68.933, -28.966 ], [ -68.933, -28.999 ], [ -68.933, -29.033 ], [ -68.933, -29.066 ], [ -68.933, -29.099 ], [ -68.966, -29.099 ], [ -68.966, -29.066 ], [ -68.966, -29.033 ], [ -68.966, -28.999 ], [ -68.966, -28.966 ], [ -68.966, -28.933 ], [ -68.933, -28.933 ], [ -68.899, -28.933 ], [ -68.899, -28.966 ] ] ], [ [ [ -67.899, -28.966 ], [ -67.933, -28.966 ], [ -67.933, -28.933 ], [ -67.899, -28.933 ], [ -67.899, -28.966 ] ] ], [ [ [ -69.366, -28.933 ], [ -69.366, -28.899 ], [ -69.333, -28.899 ], [ -69.333, -28.933 ], [ -69.366, -28.933 ] ] ], [ [ [ -68.666, -28.933 ], [ -68.699, -28.933 ], [ -68.699, -28.899 ], [ -68.666, -28.899 ], [ -68.666, -28.933 ] ] ], [ [ [ -67.766, -28.899 ], [ -67.733, -28.899 ], [ -67.733, -28.933 ], [ -67.766, -28.933 ], [ -67.766, -28.899 ] ] ], [ [ [ -69.333, -28.899 ], [ -69.333, -28.866 ], [ -69.299, -28.866 ], [ -69.299, -28.899 ], [ -69.333, -28.899 ] ] ], [ [ [ -67.899, -28.866 ], [ -67.866, -28.866 ], [ -67.866, -28.899 ], [ -67.899, -28.899 ], [ -67.899, -28.866 ] ] ], [ [ [ -67.766, -28.899 ], [ -67.799, -28.899 ], [ -67.799, -28.866 ], [ -67.766, -28.866 ], [ -67.766, -28.899 ] ] ], [ [ [ -67.199, -28.966 ], [ -67.233, -28.966 ], [ -67.233, -28.933 ], [ -67.233, -28.899 ], [ -67.233, -28.866 ], [ -67.199, -28.866 ], [ -67.199, -28.899 ], [ -67.199, -28.933 ], [ -67.199, -28.966 ] ] ], [ [ [ -67.066, -28.899 ], [ -67.099, -28.899 ], [ -67.099, -28.866 ], [ -67.099, -28.833 ], [ -67.066, -28.833 ], [ -67.066, -28.866 ], [ -67.066, -28.899 ] ] ], [ [ [ -69.599, -28.966 ], [ -69.599, -28.999 ], [ -69.599, -29.033 ], [ -69.633, -29.033 ], [ -69.633, -28.999 ], [ -69.633, -28.966 ], [ -69.666, -28.966 ], [ -69.666, -28.999 ], [ -69.699, -28.999 ], [ -69.699, -28.966 ], [ -69.699, -28.933 ], [ -69.666, -28.933 ], [ -69.666, -28.899 ], [ -69.633, -28.899 ], [ -69.633, -28.866 ], [ -69.633, -28.833 ], [ -69.599, -28.833 ], [ -69.599, -28.799 ], [ -69.566, -28.799 ], [ -69.566, -28.833 ], [ -69.566, -28.866 ], [ -69.566, -28.899 ], [ -69.599, -28.899 ], [ -69.599, -28.933 ], [ -69.599, -28.966 ] ] ], [ [ [ -69.399, -28.933 ], [ -69.433, -28.933 ], [ -69.433, -28.966 ], [ -69.466, -28.966 ], [ -69.466, -28.933 ], [ -69.466, -28.899 ], [ -69.466, -28.866 ], [ -69.499, -28.866 ], [ -69.499, -28.833 ], [ -69.499, -28.799 ], [ -69.466, -28.799 ], [ -69.433, -28.799 ], [ -69.433, -28.833 ], [ -69.433, -28.866 ], [ -69.433, -28.899 ], [ -69.399, -28.899 ], [ -69.399, -28.933 ] ] ], [ [ [ -67.833, -28.833 ], [ -67.866, -28.833 ], [ -67.866, -28.799 ], [ -67.833, -28.799 ], [ -67.833, -28.833 ] ] ], [ [ [ -67.899, -28.866 ], [ -67.933, -28.866 ], [ -67.933, -28.833 ], [ -67.933, -28.799 ], [ -67.933, -28.766 ], [ -67.899, -28.766 ], [ -67.899, -28.799 ], [ -67.899, -28.833 ], [ -67.899, -28.866 ] ] ], [ [ [ -67.166, -28.766 ], [ -67.166, -28.799 ], [ -67.166, -28.833 ], [ -67.199, -28.833 ], [ -67.199, -28.799 ], [ -67.199, -28.766 ], [ -67.166, -28.766 ] ] ], [ [ [ -67.133, -28.766 ], [ -67.099, -28.766 ], [ -67.099, -28.799 ], [ -67.133, -28.799 ], [ -67.133, -28.766 ] ] ], [ [ [ -67.133, -28.766 ], [ -67.166, -28.766 ], [ -67.166, -28.733 ], [ -67.133, -28.733 ], [ -67.133, -28.766 ] ] ], [ [ [ -67.899, -28.733 ], [ -67.933, -28.733 ], [ -67.933, -28.699 ], [ -67.899, -28.699 ], [ -67.899, -28.733 ] ] ], [ [ [ -67.033, -28.733 ], [ -67.033, -28.766 ], [ -67.066, -28.766 ], [ -67.066, -28.733 ], [ -67.099, -28.733 ], [ -67.099, -28.699 ], [ -67.066, -28.699 ], [ -67.033, -28.699 ], [ -67.033, -28.733 ] ] ], [ [ [ -69.533, -28.699 ], [ -69.566, -28.699 ], [ -69.566, -28.666 ], [ -69.533, -28.666 ], [ -69.499, -28.666 ], [ -69.466, -28.666 ], [ -69.466, -28.699 ], [ -69.499, -28.699 ], [ -69.533, -28.699 ] ] ], [ [ [ -69.299, -28.866 ], [ -69.299, -28.833 ], [ -69.299, -28.799 ], [ -69.333, -28.799 ], [ -69.333, -28.766 ], [ -69.333, -28.733 ], [ -69.333, -28.699 ], [ -69.333, -28.666 ], [ -69.299, -28.666 ], [ -69.299, -28.699 ], [ -69.266, -28.699 ], [ -69.266, -28.733 ], [ -69.266, -28.766 ], [ -69.266, -28.799 ], [ -69.266, -28.833 ], [ -69.266, -28.866 ], [ -69.299, -28.866 ] ] ], [ [ [ -68.866, -28.699 ], [ -68.866, -28.666 ], [ -68.833, -28.666 ], [ -68.833, -28.699 ], [ -68.866, -28.699 ] ] ], [ [ [ -67.833, -28.699 ], [ -67.866, -28.699 ], [ -67.866, -28.666 ], [ -67.833, -28.666 ], [ -67.833, -28.699 ] ] ], [ [ [ -69.299, -28.666 ], [ -69.299, -28.633 ], [ -69.266, -28.633 ], [ -69.266, -28.666 ], [ -69.299, -28.666 ] ] ], [ [ [ -68.866, -28.699 ], [ -68.866, -28.733 ], [ -68.833, -28.733 ], [ -68.833, -28.766 ], [ -68.866, -28.766 ], [ -68.866, -28.799 ], [ -68.866, -28.833 ], [ -68.866, -28.866 ], [ -68.899, -28.866 ], [ -68.899, -28.899 ], [ -68.933, -28.899 ], [ -68.933, -28.866 ], [ -68.966, -28.866 ], [ -68.999, -28.866 ], [ -68.999, -28.899 ], [ -69.033, -28.899 ], [ -69.033, -28.866 ], [ -69.066, -28.866 ], [ -69.066, -28.899 ], [ -69.066, -28.933 ], [ -69.033, -28.933 ], [ -69.033, -28.966 ], [ -69.066, -28.966 ], [ -69.066, -28.999 ], [ -69.099, -28.999 ], [ -69.099, -28.966 ], [ -69.099, -28.933 ], [ -69.099, -28.899 ], [ -69.099, -28.866 ], [ -69.099, -28.833 ], [ -69.066, -28.833 ], [ -69.033, -28.833 ], [ -69.033, -28.799 ], [ -69.033, -28.766 ], [ -69.033, -28.733 ], [ -68.999, -28.733 ], [ -68.999, -28.766 ], [ -68.966, -28.766 ], [ -68.966, -28.799 ], [ -68.933, -28.799 ], [ -68.933, -28.766 ], [ -68.966, -28.766 ], [ -68.966, -28.733 ], [ -68.966, -28.699 ], [ -68.966, -28.666 ], [ -68.999, -28.666 ], [ -68.999, -28.699 ], [ -69.033, -28.699 ], [ -69.033, -28.733 ], [ -69.066, -28.733 ], [ -69.066, -28.699 ], [ -69.099, -28.699 ], [ -69.133, -28.699 ], [ -69.133, -28.666 ], [ -69.133, -28.633 ], [ -69.099, -28.633 ], [ -69.099, -28.666 ], [ -69.066, -28.666 ], [ -69.033, -28.666 ], [ -69.033, -28.633 ], [ -68.999, -28.633 ], [ -68.966, -28.633 ], [ -68.933, -28.633 ], [ -68.933, -28.666 ], [ -68.933, -28.699 ], [ -68.899, -28.699 ], [ -68.866, -28.699 ] ] ], [ [ [ -67.899, -28.666 ], [ -67.933, -28.666 ], [ -67.933, -28.633 ], [ -67.899, -28.633 ], [ -67.899, -28.666 ] ] ], [ [ [ -69.166, -28.633 ], [ -69.199, -28.633 ], [ -69.199, -28.599 ], [ -69.166, -28.599 ], [ -69.166, -28.633 ] ] ], [ [ [ -68.833, -28.666 ], [ -68.833, -28.633 ], [ -68.833, -28.599 ], [ -68.799, -28.599 ], [ -68.799, -28.633 ], [ -68.799, -28.666 ], [ -68.833, -28.666 ] ] ], [ [ [ -69.233, -28.566 ], [ -69.233, -28.599 ], [ -69.266, -28.599 ], [ -69.266, -28.566 ], [ -69.233, -28.566 ] ] ], [ [ [ -69.066, -28.566 ], [ -69.066, -28.599 ], [ -69.099, -28.599 ], [ -69.099, -28.566 ], [ -69.066, -28.566 ] ] ], [ [ [ -68.966, -28.599 ], [ -68.999, -28.599 ], [ -68.999, -28.566 ], [ -68.966, -28.566 ], [ -68.966, -28.599 ] ] ], [ [ [ -69.233, -28.566 ], [ -69.233, -28.533 ], [ -69.199, -28.533 ], [ -69.199, -28.566 ], [ -69.233, -28.566 ] ] ], [ [ [ -68.833, -28.533 ], [ -68.799, -28.533 ], [ -68.799, -28.566 ], [ -68.833, -28.566 ], [ -68.833, -28.533 ] ] ], [ [ [ -67.799, -28.566 ], [ -67.833, -28.566 ], [ -67.833, -28.533 ], [ -67.833, -28.499 ], [ -67.799, -28.499 ], [ -67.799, -28.533 ], [ -67.799, -28.566 ] ] ], [ [ [ -68.833, -28.533 ], [ -68.866, -28.533 ], [ -68.866, -28.499 ], [ -68.866, -28.466 ], [ -68.833, -28.466 ], [ -68.799, -28.466 ], [ -68.766, -28.466 ], [ -68.733, -28.466 ], [ -68.733, -28.499 ], [ -68.766, -28.499 ], [ -68.799, -28.499 ], [ -68.833, -28.499 ], [ -68.833, -28.533 ] ] ], [ [ [ -65.999, -28.466 ], [ -66.033, -28.466 ], [ -66.033, -28.433 ], [ -65.999, -28.433 ], [ -65.999, -28.466 ] ] ], [ [ [ -69.466, -28.433 ], [ -69.499, -28.433 ], [ -69.499, -28.399 ], [ -69.466, -28.399 ], [ -69.466, -28.433 ] ] ], [ [ [ -67.866, -28.566 ], [ -67.899, -28.566 ], [ -67.899, -28.533 ], [ -67.899, -28.499 ], [ -67.899, -28.466 ], [ -67.899, -28.433 ], [ -67.899, -28.399 ], [ -67.866, -28.399 ], [ -67.833, -28.399 ], [ -67.833, -28.433 ], [ -67.866, -28.433 ], [ -67.866, -28.466 ], [ -67.866, -28.499 ], [ -67.866, -28.533 ], [ -67.866, -28.566 ] ] ], [ [ [ -68.733, -28.466 ], [ -68.733, -28.433 ], [ -68.699, -28.433 ], [ -68.699, -28.399 ], [ -68.699, -28.366 ], [ -68.666, -28.366 ], [ -68.633, -28.366 ], [ -68.633, -28.399 ], [ -68.666, -28.399 ], [ -68.666, -28.433 ], [ -68.666, -28.466 ], [ -68.666, -28.499 ], [ -68.699, -28.499 ], [ -68.699, -28.466 ], [ -68.733, -28.466 ] ] ], [ [ [ -69.399, -28.333 ], [ -69.433, -28.333 ], [ -69.433, -28.299 ], [ -69.399, -28.299 ], [ -69.399, -28.333 ] ] ], [ [ [ -68.133, -28.299 ], [ -68.133, -28.333 ], [ -68.166, -28.333 ], [ -68.166, -28.299 ], [ -68.133, -28.299 ] ] ], [ [ [ -67.833, -28.333 ], [ -67.866, -28.333 ], [ -67.866, -28.299 ], [ -67.833, -28.299 ], [ -67.833, -28.333 ] ] ], [ [ [ -66.033, -28.299 ], [ -65.999, -28.299 ], [ -65.999, -28.333 ], [ -65.999, -28.366 ], [ -65.999, -28.399 ], [ -66.033, -28.399 ], [ -66.033, -28.366 ], [ -66.066, -28.366 ], [ -66.066, -28.333 ], [ -66.033, -28.333 ], [ -66.033, -28.299 ] ] ], [ [ [ -66.033, -28.299 ], [ -66.066, -28.299 ], [ -66.066, -28.266 ], [ -66.033, -28.266 ], [ -66.033, -28.299 ] ] ], [ [ [ -68.599, -28.333 ], [ -68.633, -28.333 ], [ -68.633, -28.299 ], [ -68.633, -28.266 ], [ -68.633, -28.233 ], [ -68.599, -28.233 ], [ -68.599, -28.266 ], [ -68.599, -28.299 ], [ -68.599, -28.333 ] ] ], [ [ [ -68.433, -28.233 ], [ -68.433, -28.266 ], [ -68.433, -28.299 ], [ -68.433, -28.333 ], [ -68.466, -28.333 ], [ -68.499, -28.333 ], [ -68.499, -28.299 ], [ -68.466, -28.299 ], [ -68.466, -28.266 ], [ -68.466, -28.233 ], [ -68.433, -28.233 ] ] ], [ [ [ -68.433, -28.233 ], [ -68.433, -28.199 ], [ -68.399, -28.199 ], [ -68.399, -28.233 ], [ -68.433, -28.233 ] ] ], [ [ [ -68.133, -28.299 ], [ -68.133, -28.266 ], [ -68.133, -28.233 ], [ -68.133, -28.199 ], [ -68.099, -28.199 ], [ -68.066, -28.199 ], [ -68.066, -28.233 ], [ -68.099, -28.233 ], [ -68.099, -28.266 ], [ -68.099, -28.299 ], [ -68.133, -28.299 ] ] ], [ [ [ -69.133, -28.366 ], [ -69.166, -28.366 ], [ -69.166, -28.399 ], [ -69.133, -28.399 ], [ -69.133, -28.366 ], [ -69.099, -28.366 ], [ -69.099, -28.399 ], [ -69.066, -28.399 ], [ -69.033, -28.399 ], [ -69.033, -28.433 ], [ -68.999, -28.433 ], [ -68.999, -28.466 ], [ -69.033, -28.466 ], [ -69.033, -28.499 ], [ -69.033, -28.533 ], [ -69.033, -28.566 ], [ -69.066, -28.566 ], [ -69.066, -28.533 ], [ -69.066, -28.499 ], [ -69.066, -28.466 ], [ -69.066, -28.433 ], [ -69.099, -28.433 ], [ -69.133, -28.433 ], [ -69.133, -28.466 ], [ -69.166, -28.466 ], [ -69.166, -28.499 ], [ -69.166, -28.533 ], [ -69.199, -28.533 ], [ -69.199, -28.499 ], [ -69.199, -28.466 ], [ -69.233, -28.466 ], [ -69.233, -28.433 ], [ -69.266, -28.433 ], [ -69.299, -28.433 ], [ -69.299, -28.466 ], [ -69.299, -28.499 ], [ -69.333, -28.499 ], [ -69.333, -28.533 ], [ -69.366, -28.533 ], [ -69.366, -28.566 ], [ -69.366, -28.599 ], [ -69.399, -28.599 ], [ -69.399, -28.633 ], [ -69.433, -28.633 ], [ -69.433, -28.599 ], [ -69.433, -28.566 ], [ -69.466, -28.566 ], [ -69.466, -28.533 ], [ -69.499, -28.533 ], [ -69.499, -28.499 ], [ -69.466, -28.499 ], [ -69.466, -28.466 ], [ -69.466, -28.433 ], [ -69.433, -28.433 ], [ -69.433, -28.399 ], [ -69.399, -28.399 ], [ -69.366, -28.399 ], [ -69.366, -28.366 ], [ -69.399, -28.366 ], [ -69.399, -28.333 ], [ -69.366, -28.333 ], [ -69.333, -28.333 ], [ -69.299, -28.333 ], [ -69.299, -28.299 ], [ -69.266, -28.299 ], [ -69.266, -28.266 ], [ -69.233, -28.266 ], [ -69.233, -28.233 ], [ -69.266, -28.233 ], [ -69.266, -28.199 ], [ -69.233, -28.199 ], [ -69.199, -28.199 ], [ -69.199, -28.166 ], [ -69.166, -28.166 ], [ -69.166, -28.199 ], [ -69.166, -28.233 ], [ -69.166, -28.266 ], [ -69.166, -28.299 ], [ -69.166, -28.333 ], [ -69.133, -28.333 ], [ -69.133, -28.366 ] ] ], [ [ [ -69.233, -28.333 ], [ -69.233, -28.366 ], [ -69.199, -28.366 ], [ -69.199, -28.333 ], [ -69.233, -28.333 ] ] ], [ [ [ -68.066, -28.199 ], [ -68.066, -28.166 ], [ -68.033, -28.166 ], [ -68.033, -28.199 ], [ -68.066, -28.199 ] ] ], [ [ [ -68.599, -28.166 ], [ -68.633, -28.166 ], [ -68.633, -28.133 ], [ -68.599, -28.133 ], [ -68.566, -28.133 ], [ -68.566, -28.166 ], [ -68.599, -28.166 ] ] ], [ [ [ -68.266, -28.133 ], [ -68.233, -28.133 ], [ -68.233, -28.166 ], [ -68.266, -28.166 ], [ -68.266, -28.133 ] ] ], [ [ [ -68.166, -28.133 ], [ -68.133, -28.133 ], [ -68.133, -28.166 ], [ -68.166, -28.166 ], [ -68.166, -28.133 ] ] ], [ [ [ -67.933, -28.199 ], [ -67.899, -28.199 ], [ -67.899, -28.166 ], [ -67.866, -28.166 ], [ -67.866, -28.133 ], [ -67.833, -28.133 ], [ -67.833, -28.166 ], [ -67.833, -28.199 ], [ -67.866, -28.199 ], [ -67.866, -28.233 ], [ -67.866, -28.266 ], [ -67.899, -28.266 ], [ -67.899, -28.233 ], [ -67.933, -28.233 ], [ -67.933, -28.199 ] ] ], [ [ [ -65.999, -28.166 ], [ -66.033, -28.166 ], [ -66.033, -28.133 ], [ -65.999, -28.133 ], [ -65.999, -28.166 ] ] ], [ [ [ -68.166, -28.133 ], [ -68.199, -28.133 ], [ -68.233, -28.133 ], [ -68.233, -28.099 ], [ -68.199, -28.099 ], [ -68.166, -28.099 ], [ -68.166, -28.133 ] ] ], [ [ [ -67.866, -28.133 ], [ -67.899, -28.133 ], [ -67.899, -28.099 ], [ -67.866, -28.099 ], [ -67.866, -28.133 ] ] ], [ [ [ -67.933, -28.199 ], [ -67.966, -28.199 ], [ -67.966, -28.166 ], [ -67.966, -28.133 ], [ -67.966, -28.099 ], [ -67.966, -28.066 ], [ -67.933, -28.066 ], [ -67.933, -28.099 ], [ -67.933, -28.133 ], [ -67.933, -28.166 ], [ -67.933, -28.199 ] ] ], [ [ [ -68.266, -28.133 ], [ -68.299, -28.133 ], [ -68.333, -28.133 ], [ -68.333, -28.166 ], [ -68.333, -28.199 ], [ -68.366, -28.199 ], [ -68.366, -28.166 ], [ -68.366, -28.133 ], [ -68.366, -28.099 ], [ -68.366, -28.066 ], [ -68.366, -28.033 ], [ -68.333, -28.033 ], [ -68.333, -28.066 ], [ -68.299, -28.066 ], [ -68.299, -28.099 ], [ -68.266, -28.099 ], [ -68.266, -28.133 ] ] ], [ [ [ -67.866, -28.066 ], [ -67.899, -28.066 ], [ -67.899, -28.033 ], [ -67.866, -28.033 ], [ -67.866, -28.066 ] ] ], [ [ [ -68.166, -27.999 ], [ -68.166, -28.033 ], [ -68.133, -28.033 ], [ -68.099, -28.033 ], [ -68.099, -28.066 ], [ -68.066, -28.066 ], [ -68.066, -28.099 ], [ -68.033, -28.099 ], [ -68.033, -28.133 ], [ -68.066, -28.133 ], [ -68.099, -28.133 ], [ -68.099, -28.099 ], [ -68.133, -28.099 ], [ -68.133, -28.066 ], [ -68.166, -28.066 ], [ -68.199, -28.066 ], [ -68.199, -28.033 ], [ -68.199, -27.999 ], [ -68.166, -27.999 ] ] ], [ [ [ -68.499, -27.933 ], [ -68.499, -27.966 ], [ -68.466, -27.966 ], [ -68.466, -27.999 ], [ -68.499, -27.999 ], [ -68.499, -28.033 ], [ -68.466, -28.033 ], [ -68.466, -28.066 ], [ -68.466, -28.099 ], [ -68.466, -28.133 ], [ -68.466, -28.166 ], [ -68.466, -28.199 ], [ -68.499, -28.199 ], [ -68.499, -28.233 ], [ -68.499, -28.266 ], [ -68.533, -28.266 ], [ -68.533, -28.233 ], [ -68.533, -28.199 ], [ -68.533, -28.166 ], [ -68.499, -28.166 ], [ -68.499, -28.133 ], [ -68.533, -28.133 ], [ -68.533, -28.099 ], [ -68.566, -28.099 ], [ -68.566, -28.066 ], [ -68.566, -28.033 ], [ -68.533, -28.033 ], [ -68.533, -27.999 ], [ -68.533, -27.966 ], [ -68.533, -27.933 ], [ -68.499, -27.933 ] ] ], [ [ [ -68.233, -27.966 ], [ -68.233, -27.999 ], [ -68.266, -27.999 ], [ -68.266, -27.966 ], [ -68.299, -27.966 ], [ -68.299, -27.933 ], [ -68.266, -27.933 ], [ -68.233, -27.933 ], [ -68.199, -27.933 ], [ -68.166, -27.933 ], [ -68.166, -27.899 ], [ -68.133, -27.899 ], [ -68.133, -27.933 ], [ -68.133, -27.966 ], [ -68.166, -27.966 ], [ -68.199, -27.966 ], [ -68.233, -27.966 ] ] ], [ [ [ -67.933, -27.899 ], [ -67.966, -27.899 ], [ -67.966, -27.866 ], [ -67.933, -27.866 ], [ -67.933, -27.899 ] ] ], [ [ [ -68.199, -27.833 ], [ -68.166, -27.833 ], [ -68.166, -27.866 ], [ -68.199, -27.866 ], [ -68.199, -27.833 ] ] ], [ [ [ -67.966, -27.766 ], [ -67.966, -27.799 ], [ -67.966, -27.833 ], [ -67.999, -27.833 ], [ -67.999, -27.799 ], [ -67.999, -27.766 ], [ -67.966, -27.766 ] ] ], [ [ [ -67.966, -27.766 ], [ -67.966, -27.733 ], [ -67.933, -27.733 ], [ -67.933, -27.766 ], [ -67.966, -27.766 ] ] ], [ [ [ -68.199, -27.833 ], [ -68.233, -27.833 ], [ -68.266, -27.833 ], [ -68.299, -27.833 ], [ -68.299, -27.799 ], [ -68.299, -27.766 ], [ -68.266, -27.766 ], [ -68.266, -27.799 ], [ -68.233, -27.799 ], [ -68.233, -27.766 ], [ -68.233, -27.733 ], [ -68.233, -27.699 ], [ -68.199, -27.699 ], [ -68.199, -27.733 ], [ -68.199, -27.766 ], [ -68.199, -27.799 ], [ -68.199, -27.833 ] ] ], [ [ [ -68.066, -27.699 ], [ -68.066, -27.733 ], [ -68.099, -27.733 ], [ -68.099, -27.699 ], [ -68.066, -27.699 ] ] ], [ [ [ -68.199, -27.599 ], [ -68.199, -27.633 ], [ -68.233, -27.633 ], [ -68.233, -27.599 ], [ -68.199, -27.599 ] ] ], [ [ [ -67.399, -27.633 ], [ -67.433, -27.633 ], [ -67.433, -27.599 ], [ -67.399, -27.599 ], [ -67.399, -27.633 ] ] ], [ [ [ -68.099, -27.633 ], [ -68.133, -27.633 ], [ -68.133, -27.599 ], [ -68.133, -27.566 ], [ -68.099, -27.566 ], [ -68.099, -27.599 ], [ -68.099, -27.633 ] ] ], [ [ [ -68.066, -27.699 ], [ -68.066, -27.666 ], [ -68.099, -27.666 ], [ -68.099, -27.633 ], [ -68.066, -27.633 ], [ -68.066, -27.599 ], [ -68.033, -27.599 ], [ -67.999, -27.599 ], [ -67.966, -27.599 ], [ -67.966, -27.566 ], [ -67.966, -27.533 ], [ -67.933, -27.533 ], [ -67.933, -27.566 ], [ -67.933, -27.599 ], [ -67.933, -27.633 ], [ -67.966, -27.633 ], [ -67.999, -27.633 ], [ -68.033, -27.633 ], [ -68.033, -27.666 ], [ -68.033, -27.699 ], [ -68.066, -27.699 ] ] ], [ [ [ -67.399, -27.566 ], [ -67.433, -27.566 ], [ -67.433, -27.533 ], [ -67.399, -27.533 ], [ -67.399, -27.566 ] ] ], [ [ [ -67.333, -27.533 ], [ -67.333, -27.566 ], [ -67.366, -27.566 ], [ -67.366, -27.533 ], [ -67.333, -27.533 ] ] ], [ [ [ -67.333, -27.533 ], [ -67.333, -27.499 ], [ -67.299, -27.499 ], [ -67.299, -27.466 ], [ -67.266, -27.466 ], [ -67.266, -27.499 ], [ -67.233, -27.499 ], [ -67.233, -27.533 ], [ -67.266, -27.533 ], [ -67.299, -27.533 ], [ -67.333, -27.533 ] ] ], [ [ [ -67.199, -27.433 ], [ -67.233, -27.433 ], [ -67.233, -27.399 ], [ -67.199, -27.399 ], [ -67.166, -27.399 ], [ -67.166, -27.433 ], [ -67.199, -27.433 ] ] ], [ [ [ -68.199, -27.599 ], [ -68.199, -27.566 ], [ -68.199, -27.533 ], [ -68.199, -27.499 ], [ -68.199, -27.466 ], [ -68.233, -27.466 ], [ -68.233, -27.433 ], [ -68.233, -27.399 ], [ -68.233, -27.366 ], [ -68.199, -27.366 ], [ -68.199, -27.399 ], [ -68.199, -27.433 ], [ -68.166, -27.433 ], [ -68.166, -27.466 ], [ -68.166, -27.499 ], [ -68.166, -27.533 ], [ -68.166, -27.566 ], [ -68.166, -27.599 ], [ -68.199, -27.599 ] ] ], [ [ [ -67.333, -27.399 ], [ -67.366, -27.399 ], [ -67.366, -27.366 ], [ -67.333, -27.366 ], [ -67.333, -27.399 ] ] ], [ [ [ -66.199, -27.399 ], [ -66.233, -27.399 ], [ -66.233, -27.366 ], [ -66.199, -27.366 ], [ -66.166, -27.366 ], [ -66.166, -27.399 ], [ -66.199, -27.399 ] ] ], [ [ [ -66.299, -27.366 ], [ -66.333, -27.366 ], [ -66.333, -27.333 ], [ -66.299, -27.333 ], [ -66.299, -27.366 ] ] ], [ [ [ -66.099, -27.399 ], [ -66.133, -27.399 ], [ -66.133, -27.366 ], [ -66.133, -27.333 ], [ -66.099, -27.333 ], [ -66.099, -27.366 ], [ -66.099, -27.399 ] ] ], [ [ [ -67.199, -27.299 ], [ -67.199, -27.333 ], [ -67.199, -27.366 ], [ -67.233, -27.366 ], [ -67.233, -27.333 ], [ -67.233, -27.299 ], [ -67.199, -27.299 ] ] ], [ [ [ -68.133, -27.266 ], [ -68.133, -27.299 ], [ -68.166, -27.299 ], [ -68.166, -27.266 ], [ -68.133, -27.266 ] ] ], [ [ [ -67.299, -27.333 ], [ -67.333, -27.333 ], [ -67.333, -27.299 ], [ -67.333, -27.266 ], [ -67.299, -27.266 ], [ -67.299, -27.299 ], [ -67.299, -27.333 ] ] ], [ [ [ -66.199, -27.266 ], [ -66.199, -27.299 ], [ -66.233, -27.299 ], [ -66.233, -27.266 ], [ -66.199, -27.266 ] ] ], [ [ [ -66.066, -27.299 ], [ -66.099, -27.299 ], [ -66.099, -27.266 ], [ -66.066, -27.266 ], [ -66.066, -27.299 ] ] ], [ [ [ -66.199, -27.266 ], [ -66.199, -27.233 ], [ -66.166, -27.233 ], [ -66.166, -27.266 ], [ -66.199, -27.266 ] ] ], [ [ [ -65.999, -27.233 ], [ -66.033, -27.233 ], [ -66.033, -27.199 ], [ -65.999, -27.199 ], [ -65.999, -27.233 ] ] ], [ [ [ -65.933, -27.133 ], [ -65.933, -27.166 ], [ -65.966, -27.166 ], [ -65.966, -27.133 ], [ -65.933, -27.133 ] ] ], [ [ [ -67.933, -27.099 ], [ -67.899, -27.099 ], [ -67.899, -27.133 ], [ -67.899, -27.166 ], [ -67.899, -27.199 ], [ -67.899, -27.233 ], [ -67.933, -27.233 ], [ -67.933, -27.199 ], [ -67.933, -27.166 ], [ -67.933, -27.133 ], [ -67.933, -27.099 ] ] ], [ [ [ -67.533, -27.099 ], [ -67.499, -27.099 ], [ -67.499, -27.133 ], [ -67.533, -27.133 ], [ -67.533, -27.099 ] ] ], [ [ [ -66.066, -27.099 ], [ -66.066, -27.133 ], [ -66.099, -27.133 ], [ -66.099, -27.099 ], [ -66.066, -27.099 ] ] ], [ [ [ -65.933, -27.133 ], [ -65.933, -27.099 ], [ -65.899, -27.099 ], [ -65.899, -27.133 ], [ -65.933, -27.133 ] ] ], [ [ [ -67.933, -27.099 ], [ -67.966, -27.099 ], [ -67.966, -27.066 ], [ -67.933, -27.066 ], [ -67.933, -27.099 ] ] ], [ [ [ -67.533, -27.099 ], [ -67.566, -27.099 ], [ -67.566, -27.066 ], [ -67.533, -27.066 ], [ -67.533, -27.099 ] ] ], [ [ [ -67.299, -27.133 ], [ -67.333, -27.133 ], [ -67.366, -27.133 ], [ -67.399, -27.133 ], [ -67.433, -27.133 ], [ -67.466, -27.133 ], [ -67.466, -27.099 ], [ -67.433, -27.099 ], [ -67.399, -27.099 ], [ -67.366, -27.099 ], [ -67.366, -27.066 ], [ -67.333, -27.066 ], [ -67.333, -27.099 ], [ -67.299, -27.099 ], [ -67.299, -27.133 ] ] ], [ [ [ -66.066, -27.099 ], [ -66.066, -27.066 ], [ -66.033, -27.066 ], [ -66.033, -27.099 ], [ -66.066, -27.099 ] ] ], [ [ [ -68.133, -27.266 ], [ -68.133, -27.233 ], [ -68.133, -27.199 ], [ -68.133, -27.166 ], [ -68.099, -27.166 ], [ -68.099, -27.133 ], [ -68.133, -27.133 ], [ -68.133, -27.099 ], [ -68.099, -27.099 ], [ -68.099, -27.066 ], [ -68.099, -27.033 ], [ -68.066, -27.033 ], [ -68.066, -27.066 ], [ -68.066, -27.099 ], [ -68.066, -27.133 ], [ -68.066, -27.166 ], [ -68.066, -27.199 ], [ -68.066, -27.233 ], [ -68.066, -27.266 ], [ -68.066, -27.299 ], [ -68.066, -27.333 ], [ -68.066, -27.366 ], [ -68.066, -27.399 ], [ -68.066, -27.433 ], [ -68.066, -27.466 ], [ -68.066, -27.499 ], [ -68.066, -27.533 ], [ -68.099, -27.533 ], [ -68.099, -27.499 ], [ -68.099, -27.466 ], [ -68.099, -27.433 ], [ -68.099, -27.399 ], [ -68.133, -27.399 ], [ -68.133, -27.366 ], [ -68.099, -27.366 ], [ -68.099, -27.333 ], [ -68.099, -27.299 ], [ -68.099, -27.266 ], [ -68.133, -27.266 ] ] ], [ [ [ -67.566, -27.066 ], [ -67.599, -27.066 ], [ -67.599, -27.033 ], [ -67.566, -27.033 ], [ -67.566, -27.066 ] ] ], [ [ [ -67.366, -27.066 ], [ -67.399, -27.066 ], [ -67.433, -27.066 ], [ -67.433, -27.033 ], [ -67.399, -27.033 ], [ -67.366, -27.033 ], [ -67.366, -27.066 ] ] ], [ [ [ -66.033, -27.066 ], [ -66.033, -27.033 ], [ -65.999, -27.033 ], [ -65.999, -27.066 ], [ -66.033, -27.066 ] ] ], [ [ [ -65.866, -27.066 ], [ -65.899, -27.066 ], [ -65.899, -27.033 ], [ -65.866, -27.033 ], [ -65.866, -27.066 ] ] ], [ [ [ -65.999, -27.033 ], [ -65.999, -26.999 ], [ -65.966, -26.999 ], [ -65.966, -27.033 ], [ -65.999, -27.033 ] ] ], [ [ [ -66.999, -26.966 ], [ -66.999, -26.999 ], [ -67.033, -26.999 ], [ -67.033, -26.966 ], [ -66.999, -26.966 ] ] ], [ [ [ -68.133, -26.999 ], [ -68.166, -26.999 ], [ -68.166, -26.966 ], [ -68.166, -26.933 ], [ -68.133, -26.933 ], [ -68.133, -26.966 ], [ -68.133, -26.999 ] ] ], [ [ [ -66.999, -26.966 ], [ -66.999, -26.933 ], [ -66.966, -26.933 ], [ -66.966, -26.966 ], [ -66.999, -26.966 ] ] ], [ [ [ -67.833, -26.899 ], [ -67.833, -26.933 ], [ -67.866, -26.933 ], [ -67.899, -26.933 ], [ -67.899, -26.966 ], [ -67.899, -26.999 ], [ -67.933, -26.999 ], [ -67.933, -26.966 ], [ -67.933, -26.933 ], [ -67.933, -26.899 ], [ -67.899, -26.899 ], [ -67.866, -26.899 ], [ -67.833, -26.899 ] ] ], [ [ [ -66.866, -26.899 ], [ -66.833, -26.899 ], [ -66.799, -26.899 ], [ -66.799, -26.933 ], [ -66.799, -26.966 ], [ -66.833, -26.966 ], [ -66.866, -26.966 ], [ -66.866, -26.933 ], [ -66.866, -26.899 ] ] ], [ [ [ -67.833, -26.899 ], [ -67.833, -26.866 ], [ -67.799, -26.866 ], [ -67.799, -26.899 ], [ -67.833, -26.899 ] ] ], [ [ [ -66.999, -26.899 ], [ -67.033, -26.899 ], [ -67.033, -26.866 ], [ -66.999, -26.866 ], [ -66.999, -26.899 ] ] ], [ [ [ -66.866, -26.899 ], [ -66.899, -26.899 ], [ -66.899, -26.866 ], [ -66.866, -26.866 ], [ -66.866, -26.899 ] ] ], [ [ [ -66.799, -26.899 ], [ -66.799, -26.866 ], [ -66.766, -26.866 ], [ -66.766, -26.899 ], [ -66.799, -26.899 ] ] ], [ [ [ -66.666, -26.899 ], [ -66.699, -26.899 ], [ -66.699, -26.866 ], [ -66.666, -26.866 ], [ -66.633, -26.866 ], [ -66.633, -26.899 ], [ -66.666, -26.899 ] ] ], [ [ [ -67.799, -26.866 ], [ -67.799, -26.833 ], [ -67.766, -26.833 ], [ -67.766, -26.866 ], [ -67.799, -26.866 ] ] ], [ [ [ -67.599, -26.866 ], [ -67.599, -26.899 ], [ -67.599, -26.933 ], [ -67.633, -26.933 ], [ -67.633, -26.899 ], [ -67.666, -26.899 ], [ -67.699, -26.899 ], [ -67.733, -26.899 ], [ -67.733, -26.866 ], [ -67.733, -26.833 ], [ -67.699, -26.833 ], [ -67.699, -26.866 ], [ -67.666, -26.866 ], [ -67.633, -26.866 ], [ -67.633, -26.833 ], [ -67.599, -26.833 ], [ -67.599, -26.866 ] ] ], [ [ [ -66.899, -26.866 ], [ -66.933, -26.866 ], [ -66.933, -26.833 ], [ -66.899, -26.833 ], [ -66.899, -26.866 ] ] ], [ [ [ -66.899, -26.833 ], [ -66.899, -26.799 ], [ -66.866, -26.799 ], [ -66.833, -26.799 ], [ -66.833, -26.833 ], [ -66.866, -26.833 ], [ -66.899, -26.833 ] ] ], [ [ [ -66.566, -26.833 ], [ -66.599, -26.833 ], [ -66.599, -26.799 ], [ -66.566, -26.799 ], [ -66.566, -26.833 ] ] ], [ [ [ -65.899, -26.799 ], [ -65.899, -26.833 ], [ -65.899, -26.866 ], [ -65.899, -26.899 ], [ -65.933, -26.899 ], [ -65.966, -26.899 ], [ -65.966, -26.866 ], [ -65.933, -26.866 ], [ -65.933, -26.833 ], [ -65.933, -26.799 ], [ -65.899, -26.799 ] ] ], [ [ [ -65.833, -26.799 ], [ -65.799, -26.799 ], [ -65.799, -26.833 ], [ -65.799, -26.866 ], [ -65.799, -26.899 ], [ -65.799, -26.933 ], [ -65.799, -26.966 ], [ -65.833, -26.966 ], [ -65.833, -26.933 ], [ -65.833, -26.899 ], [ -65.833, -26.866 ], [ -65.833, -26.833 ], [ -65.833, -26.799 ] ] ], [ [ [ -66.733, -26.799 ], [ -66.766, -26.799 ], [ -66.766, -26.766 ], [ -66.733, -26.766 ], [ -66.733, -26.799 ] ] ], [ [ [ -66.733, -26.799 ], [ -66.699, -26.799 ], [ -66.699, -26.766 ], [ -66.666, -26.766 ], [ -66.666, -26.799 ], [ -66.666, -26.833 ], [ -66.699, -26.833 ], [ -66.733, -26.833 ], [ -66.733, -26.799 ] ] ], [ [ [ -65.833, -26.799 ], [ -65.866, -26.799 ], [ -65.899, -26.799 ], [ -65.899, -26.766 ], [ -65.866, -26.766 ], [ -65.833, -26.766 ], [ -65.833, -26.799 ] ] ], [ [ [ -66.533, -26.733 ], [ -66.533, -26.766 ], [ -66.566, -26.766 ], [ -66.566, -26.733 ], [ -66.533, -26.733 ] ] ], [ [ [ -65.699, -26.733 ], [ -65.699, -26.766 ], [ -65.733, -26.766 ], [ -65.733, -26.733 ], [ -65.699, -26.733 ] ] ], [ [ [ -66.533, -26.733 ], [ -66.533, -26.699 ], [ -66.499, -26.699 ], [ -66.499, -26.733 ], [ -66.533, -26.733 ] ] ], [ [ [ -65.699, -26.733 ], [ -65.699, -26.699 ], [ -65.666, -26.699 ], [ -65.666, -26.733 ], [ -65.699, -26.733 ] ] ], [ [ [ -68.166, -26.666 ], [ -68.199, -26.666 ], [ -68.199, -26.633 ], [ -68.166, -26.633 ], [ -68.166, -26.666 ] ] ], [ [ [ -66.699, -26.699 ], [ -66.733, -26.699 ], [ -66.733, -26.666 ], [ -66.733, -26.633 ], [ -66.699, -26.633 ], [ -66.699, -26.666 ], [ -66.699, -26.699 ] ] ], [ [ [ -66.899, -26.799 ], [ -66.933, -26.799 ], [ -66.933, -26.833 ], [ -66.966, -26.833 ], [ -66.966, -26.799 ], [ -66.999, -26.799 ], [ -67.033, -26.799 ], [ -67.066, -26.799 ], [ -67.066, -26.766 ], [ -67.099, -26.766 ], [ -67.099, -26.799 ], [ -67.099, -26.833 ], [ -67.066, -26.833 ], [ -67.066, -26.866 ], [ -67.099, -26.866 ], [ -67.099, -26.899 ], [ -67.066, -26.899 ], [ -67.066, -26.933 ], [ -67.066, -26.966 ], [ -67.066, -26.999 ], [ -67.066, -27.033 ], [ -67.033, -27.033 ], [ -67.033, -27.066 ], [ -67.066, -27.066 ], [ -67.066, -27.099 ], [ -67.099, -27.099 ], [ -67.099, -27.133 ], [ -67.133, -27.133 ], [ -67.133, -27.166 ], [ -67.166, -27.166 ], [ -67.166, -27.199 ], [ -67.166, -27.233 ], [ -67.166, -27.266 ], [ -67.166, -27.299 ], [ -67.199, -27.299 ], [ -67.199, -27.266 ], [ -67.199, -27.233 ], [ -67.233, -27.233 ], [ -67.266, -27.233 ], [ -67.299, -27.233 ], [ -67.299, -27.199 ], [ -67.299, -27.166 ], [ -67.299, -27.133 ], [ -67.266, -27.133 ], [ -67.266, -27.099 ], [ -67.266, -27.066 ], [ -67.233, -27.066 ], [ -67.199, -27.066 ], [ -67.199, -27.033 ], [ -67.233, -27.033 ], [ -67.233, -26.999 ], [ -67.199, -26.999 ], [ -67.166, -26.999 ], [ -67.166, -26.966 ], [ -67.166, -26.933 ], [ -67.166, -26.899 ], [ -67.166, -26.866 ], [ -67.166, -26.833 ], [ -67.199, -26.833 ], [ -67.233, -26.833 ], [ -67.233, -26.866 ], [ -67.266, -26.866 ], [ -67.299, -26.866 ], [ -67.299, -26.833 ], [ -67.299, -26.799 ], [ -67.333, -26.799 ], [ -67.366, -26.799 ], [ -67.399, -26.799 ], [ -67.399, -26.833 ], [ -67.433, -26.833 ], [ -67.433, -26.799 ], [ -67.466, -26.799 ], [ -67.466, -26.766 ], [ -67.433, -26.766 ], [ -67.399, -26.766 ], [ -67.399, -26.733 ], [ -67.399, -26.699 ], [ -67.433, -26.699 ], [ -67.433, -26.666 ], [ -67.399, -26.666 ], [ -67.366, -26.666 ], [ -67.333, -26.666 ], [ -67.299, -26.666 ], [ -67.266, -26.666 ], [ -67.266, -26.633 ], [ -67.233, -26.633 ], [ -67.233, -26.599 ], [ -67.199, -26.599 ], [ -67.199, -26.633 ], [ -67.199, -26.666 ], [ -67.199, -26.699 ], [ -67.166, -26.699 ], [ -67.133, -26.699 ], [ -67.099, -26.699 ], [ -67.099, -26.733 ], [ -67.066, -26.733 ], [ -67.066, -26.699 ], [ -67.033, -26.699 ], [ -66.999, -26.699 ], [ -66.999, -26.733 ], [ -66.966, -26.733 ], [ -66.966, -26.766 ], [ -66.933, -26.766 ], [ -66.899, -26.766 ], [ -66.899, -26.799 ] ], [ [ -67.133, -26.766 ], [ -67.133, -26.733 ], [ -67.166, -26.733 ], [ -67.199, -26.733 ], [ -67.233, -26.733 ], [ -67.233, -26.766 ], [ -67.199, -26.766 ], [ -67.166, -26.766 ], [ -67.166, -26.799 ], [ -67.133, -26.799 ], [ -67.133, -26.766 ] ], [ [ -67.299, -26.733 ], [ -67.299, -26.699 ], [ -67.333, -26.699 ], [ -67.366, -26.699 ], [ -67.366, -26.733 ], [ -67.333, -26.733 ], [ -67.299, -26.733 ] ] ], [ [ [ -66.433, -26.633 ], [ -66.466, -26.633 ], [ -66.466, -26.599 ], [ -66.433, -26.599 ], [ -66.433, -26.633 ] ] ], [ [ [ -65.666, -26.633 ], [ -65.699, -26.633 ], [ -65.699, -26.599 ], [ -65.666, -26.599 ], [ -65.666, -26.633 ] ] ], [ [ [ -65.766, -26.633 ], [ -65.799, -26.633 ], [ -65.799, -26.599 ], [ -65.799, -26.566 ], [ -65.766, -26.566 ], [ -65.766, -26.599 ], [ -65.766, -26.633 ] ] ], [ [ [ -68.099, -26.533 ], [ -68.066, -26.533 ], [ -68.066, -26.566 ], [ -68.066, -26.599 ], [ -68.099, -26.599 ], [ -68.099, -26.566 ], [ -68.099, -26.533 ] ] ], [ [ [ -66.966, -26.633 ], [ -66.999, -26.633 ], [ -66.999, -26.599 ], [ -66.999, -26.566 ], [ -66.999, -26.533 ], [ -66.966, -26.533 ], [ -66.966, -26.566 ], [ -66.966, -26.599 ], [ -66.966, -26.633 ] ] ], [ [ [ -68.099, -26.533 ], [ -68.133, -26.533 ], [ -68.133, -26.499 ], [ -68.133, -26.466 ], [ -68.099, -26.466 ], [ -68.066, -26.466 ], [ -68.066, -26.499 ], [ -68.099, -26.499 ], [ -68.099, -26.533 ] ] ], [ [ [ -67.199, -26.599 ], [ -67.199, -26.566 ], [ -67.199, -26.533 ], [ -67.199, -26.499 ], [ -67.199, -26.466 ], [ -67.166, -26.466 ], [ -67.166, -26.499 ], [ -67.166, -26.533 ], [ -67.166, -26.566 ], [ -67.166, -26.599 ], [ -67.199, -26.599 ] ] ], [ [ [ -66.399, -26.566 ], [ -66.433, -26.566 ], [ -66.433, -26.533 ], [ -66.433, -26.499 ], [ -66.433, -26.466 ], [ -66.399, -26.466 ], [ -66.399, -26.499 ], [ -66.399, -26.533 ], [ -66.399, -26.566 ] ] ], [ [ [ -65.733, -26.533 ], [ -65.766, -26.533 ], [ -65.766, -26.499 ], [ -65.733, -26.499 ], [ -65.733, -26.466 ], [ -65.699, -26.466 ], [ -65.699, -26.499 ], [ -65.699, -26.533 ], [ -65.733, -26.533 ] ] ], [ [ [ -68.166, -26.499 ], [ -68.199, -26.499 ], [ -68.199, -26.466 ], [ -68.199, -26.433 ], [ -68.166, -26.433 ], [ -68.166, -26.466 ], [ -68.166, -26.499 ] ] ], [ [ [ -68.066, -26.466 ], [ -68.066, -26.433 ], [ -68.033, -26.433 ], [ -68.033, -26.466 ], [ -68.066, -26.466 ] ] ], [ [ [ -67.433, -26.699 ], [ -67.433, -26.733 ], [ -67.466, -26.733 ], [ -67.466, -26.766 ], [ -67.499, -26.766 ], [ -67.533, -26.766 ], [ -67.566, -26.766 ], [ -67.599, -26.766 ], [ -67.633, -26.766 ], [ -67.666, -26.766 ], [ -67.699, -26.766 ], [ -67.699, -26.733 ], [ -67.733, -26.733 ], [ -67.733, -26.699 ], [ -67.699, -26.699 ], [ -67.699, -26.666 ], [ -67.699, -26.633 ], [ -67.699, -26.599 ], [ -67.733, -26.599 ], [ -67.733, -26.633 ], [ -67.766, -26.633 ], [ -67.766, -26.666 ], [ -67.766, -26.699 ], [ -67.799, -26.699 ], [ -67.833, -26.699 ], [ -67.833, -26.733 ], [ -67.866, -26.733 ], [ -67.899, -26.733 ], [ -67.899, -26.699 ], [ -67.899, -26.666 ], [ -67.899, -26.633 ], [ -67.866, -26.633 ], [ -67.833, -26.633 ], [ -67.799, -26.633 ], [ -67.799, -26.599 ], [ -67.799, -26.566 ], [ -67.766, -26.566 ], [ -67.766, -26.533 ], [ -67.766, -26.499 ], [ -67.766, -26.466 ], [ -67.766, -26.433 ], [ -67.733, -26.433 ], [ -67.733, -26.466 ], [ -67.733, -26.499 ], [ -67.733, -26.533 ], [ -67.733, -26.566 ], [ -67.699, -26.566 ], [ -67.666, -26.566 ], [ -67.666, -26.533 ], [ -67.633, -26.533 ], [ -67.633, -26.566 ], [ -67.633, -26.599 ], [ -67.633, -26.633 ], [ -67.666, -26.633 ], [ -67.666, -26.666 ], [ -67.633, -26.666 ], [ -67.633, -26.699 ], [ -67.599, -26.699 ], [ -67.566, -26.699 ], [ -67.533, -26.699 ], [ -67.499, -26.699 ], [ -67.466, -26.699 ], [ -67.433, -26.699 ] ] ], [ [ [ -67.599, -26.466 ], [ -67.633, -26.466 ], [ -67.633, -26.433 ], [ -67.599, -26.433 ], [ -67.599, -26.466 ] ] ], [ [ [ -66.299, -26.466 ], [ -66.333, -26.466 ], [ -66.333, -26.433 ], [ -66.299, -26.433 ], [ -66.299, -26.466 ] ] ], [ [ [ -67.233, -26.399 ], [ -67.233, -26.433 ], [ -67.266, -26.433 ], [ -67.266, -26.399 ], [ -67.233, -26.399 ] ] ], [ [ [ -66.099, -26.433 ], [ -66.133, -26.433 ], [ -66.133, -26.399 ], [ -66.099, -26.399 ], [ -66.099, -26.433 ] ] ], [ [ [ -67.966, -26.366 ], [ -67.966, -26.399 ], [ -67.999, -26.399 ], [ -67.999, -26.366 ], [ -67.966, -26.366 ] ] ], [ [ [ -66.299, -26.366 ], [ -66.299, -26.399 ], [ -66.333, -26.399 ], [ -66.333, -26.366 ], [ -66.299, -26.366 ] ] ], [ [ [ -66.166, -26.366 ], [ -66.166, -26.399 ], [ -66.166, -26.433 ], [ -66.166, -26.466 ], [ -66.166, -26.499 ], [ -66.133, -26.499 ], [ -66.133, -26.533 ], [ -66.166, -26.533 ], [ -66.166, -26.566 ], [ -66.199, -26.566 ], [ -66.199, -26.533 ], [ -66.199, -26.499 ], [ -66.199, -26.466 ], [ -66.199, -26.433 ], [ -66.199, -26.399 ], [ -66.199, -26.366 ], [ -66.166, -26.366 ] ] ], [ [ [ -67.966, -26.366 ], [ -67.966, -26.333 ], [ -67.933, -26.333 ], [ -67.933, -26.366 ], [ -67.966, -26.366 ] ] ], [ [ [ -67.166, -26.466 ], [ -67.166, -26.433 ], [ -67.166, -26.399 ], [ -67.199, -26.399 ], [ -67.233, -26.399 ], [ -67.233, -26.366 ], [ -67.199, -26.366 ], [ -67.166, -26.366 ], [ -67.166, -26.333 ], [ -67.133, -26.333 ], [ -67.133, -26.366 ], [ -67.133, -26.399 ], [ -67.133, -26.433 ], [ -67.133, -26.466 ], [ -67.166, -26.466 ] ] ], [ [ [ -66.833, -26.433 ], [ -66.866, -26.433 ], [ -66.866, -26.466 ], [ -66.899, -26.466 ], [ -66.899, -26.433 ], [ -66.933, -26.433 ], [ -66.966, -26.433 ], [ -66.966, -26.399 ], [ -66.933, -26.399 ], [ -66.933, -26.366 ], [ -66.933, -26.333 ], [ -66.899, -26.333 ], [ -66.899, -26.366 ], [ -66.899, -26.399 ], [ -66.866, -26.399 ], [ -66.833, -26.399 ], [ -66.833, -26.433 ] ] ], [ [ [ -66.733, -26.366 ], [ -66.766, -26.366 ], [ -66.799, -26.366 ], [ -66.799, -26.333 ], [ -66.766, -26.333 ], [ -66.733, -26.333 ], [ -66.733, -26.366 ] ] ], [ [ [ -66.833, -26.433 ], [ -66.799, -26.433 ], [ -66.766, -26.433 ], [ -66.733, -26.433 ], [ -66.733, -26.399 ], [ -66.733, -26.366 ], [ -66.699, -26.366 ], [ -66.699, -26.333 ], [ -66.666, -26.333 ], [ -66.633, -26.333 ], [ -66.633, -26.366 ], [ -66.633, -26.399 ], [ -66.599, -26.399 ], [ -66.566, -26.399 ], [ -66.533, -26.399 ], [ -66.533, -26.433 ], [ -66.566, -26.433 ], [ -66.566, -26.466 ], [ -66.566, -26.499 ], [ -66.566, -26.533 ], [ -66.566, -26.566 ], [ -66.599, -26.566 ], [ -66.633, -26.566 ], [ -66.633, -26.599 ], [ -66.666, -26.599 ], [ -66.699, -26.599 ], [ -66.733, -26.599 ], [ -66.733, -26.566 ], [ -66.733, -26.533 ], [ -66.699, -26.533 ], [ -66.699, -26.566 ], [ -66.666, -26.566 ], [ -66.666, -26.533 ], [ -66.633, -26.533 ], [ -66.633, -26.499 ], [ -66.599, -26.499 ], [ -66.599, -26.466 ], [ -66.633, -26.466 ], [ -66.633, -26.433 ], [ -66.666, -26.433 ], [ -66.666, -26.466 ], [ -66.699, -26.466 ], [ -66.733, -26.466 ], [ -66.766, -26.466 ], [ -66.799, -26.466 ], [ -66.833, -26.466 ], [ -66.833, -26.433 ] ] ], [ [ [ -66.299, -26.366 ], [ -66.299, -26.333 ], [ -66.266, -26.333 ], [ -66.266, -26.366 ], [ -66.299, -26.366 ] ] ], [ [ [ -66.266, -26.333 ], [ -66.266, -26.299 ], [ -66.233, -26.299 ], [ -66.233, -26.333 ], [ -66.266, -26.333 ] ] ], [ [ [ -66.166, -26.366 ], [ -66.166, -26.333 ], [ -66.166, -26.299 ], [ -66.133, -26.299 ], [ -66.133, -26.333 ], [ -66.133, -26.366 ], [ -66.166, -26.366 ] ] ], [ [ [ -67.199, -26.266 ], [ -67.199, -26.299 ], [ -67.233, -26.299 ], [ -67.233, -26.266 ], [ -67.199, -26.266 ] ] ], [ [ [ -67.699, -26.233 ], [ -67.699, -26.266 ], [ -67.699, -26.299 ], [ -67.699, -26.333 ], [ -67.733, -26.333 ], [ -67.733, -26.299 ], [ -67.733, -26.266 ], [ -67.733, -26.233 ], [ -67.699, -26.233 ] ] ], [ [ [ -66.199, -26.266 ], [ -66.233, -26.266 ], [ -66.233, -26.233 ], [ -66.199, -26.233 ], [ -66.199, -26.266 ] ] ], [ [ [ -68.099, -26.199 ], [ -68.099, -26.233 ], [ -68.099, -26.266 ], [ -68.099, -26.299 ], [ -68.099, -26.333 ], [ -68.099, -26.366 ], [ -68.099, -26.399 ], [ -68.099, -26.433 ], [ -68.133, -26.433 ], [ -68.133, -26.399 ], [ -68.133, -26.366 ], [ -68.133, -26.333 ], [ -68.133, -26.299 ], [ -68.133, -26.266 ], [ -68.133, -26.233 ], [ -68.133, -26.199 ], [ -68.099, -26.199 ] ] ], [ [ [ -67.199, -26.266 ], [ -67.199, -26.233 ], [ -67.199, -26.199 ], [ -67.166, -26.199 ], [ -67.166, -26.233 ], [ -67.166, -26.266 ], [ -67.199, -26.266 ] ] ], [ [ [ -67.699, -26.233 ], [ -67.699, -26.199 ], [ -67.699, -26.166 ], [ -67.666, -26.166 ], [ -67.666, -26.199 ], [ -67.666, -26.233 ], [ -67.699, -26.233 ] ] ], [ [ [ -66.133, -26.299 ], [ -66.133, -26.266 ], [ -66.133, -26.233 ], [ -66.099, -26.233 ], [ -66.099, -26.199 ], [ -66.099, -26.166 ], [ -66.066, -26.166 ], [ -66.066, -26.199 ], [ -66.066, -26.233 ], [ -66.066, -26.266 ], [ -66.099, -26.266 ], [ -66.099, -26.299 ], [ -66.133, -26.299 ] ] ], [ [ [ -68.099, -26.199 ], [ -68.099, -26.166 ], [ -68.099, -26.133 ], [ -68.066, -26.133 ], [ -68.066, -26.166 ], [ -68.066, -26.199 ], [ -68.099, -26.199 ] ] ], [ [ [ -67.799, -26.233 ], [ -67.799, -26.199 ], [ -67.833, -26.199 ], [ -67.866, -26.199 ], [ -67.866, -26.233 ], [ -67.833, -26.233 ], [ -67.799, -26.233 ], [ -67.799, -26.266 ], [ -67.799, -26.299 ], [ -67.833, -26.299 ], [ -67.833, -26.333 ], [ -67.866, -26.333 ], [ -67.899, -26.333 ], [ -67.933, -26.333 ], [ -67.933, -26.299 ], [ -67.933, -26.266 ], [ -67.933, -26.233 ], [ -67.899, -26.233 ], [ -67.899, -26.199 ], [ -67.899, -26.166 ], [ -67.899, -26.133 ], [ -67.866, -26.133 ], [ -67.866, -26.166 ], [ -67.833, -26.166 ], [ -67.799, -26.166 ], [ -67.799, -26.133 ], [ -67.766, -26.133 ], [ -67.766, -26.166 ], [ -67.766, -26.199 ], [ -67.766, -26.233 ], [ -67.799, -26.233 ] ] ], [ [ [ -67.666, -26.166 ], [ -67.666, -26.133 ], [ -67.633, -26.133 ], [ -67.633, -26.166 ], [ -67.666, -26.166 ] ] ], [ [ [ -66.533, -26.133 ], [ -66.499, -26.133 ], [ -66.499, -26.166 ], [ -66.533, -26.166 ], [ -66.533, -26.133 ] ] ], [ [ [ -66.299, -26.166 ], [ -66.299, -26.199 ], [ -66.333, -26.199 ], [ -66.333, -26.233 ], [ -66.366, -26.233 ], [ -66.399, -26.233 ], [ -66.399, -26.199 ], [ -66.366, -26.199 ], [ -66.366, -26.166 ], [ -66.399, -26.166 ], [ -66.399, -26.133 ], [ -66.366, -26.133 ], [ -66.333, -26.133 ], [ -66.333, -26.166 ], [ -66.299, -26.166 ] ] ], [ [ [ -66.299, -26.166 ], [ -66.299, -26.133 ], [ -66.266, -26.133 ], [ -66.266, -26.166 ], [ -66.299, -26.166 ] ] ], [ [ [ -66.533, -26.133 ], [ -66.566, -26.133 ], [ -66.566, -26.099 ], [ -66.533, -26.099 ], [ -66.533, -26.133 ] ] ], [ [ [ -66.499, -26.133 ], [ -66.499, -26.099 ], [ -66.466, -26.099 ], [ -66.466, -26.133 ], [ -66.499, -26.133 ] ] ], [ [ [ -66.099, -26.133 ], [ -66.133, -26.133 ], [ -66.133, -26.099 ], [ -66.099, -26.099 ], [ -66.099, -26.133 ] ] ], [ [ [ -67.633, -26.066 ], [ -67.599, -26.066 ], [ -67.599, -26.099 ], [ -67.633, -26.099 ], [ -67.633, -26.066 ] ] ], [ [ [ -66.499, -26.099 ], [ -66.533, -26.099 ], [ -66.533, -26.066 ], [ -66.499, -26.066 ], [ -66.499, -26.099 ] ] ], [ [ [ -68.066, -26.133 ], [ -68.066, -26.099 ], [ -68.066, -26.066 ], [ -68.066, -26.033 ], [ -68.033, -26.033 ], [ -68.033, -26.066 ], [ -68.033, -26.099 ], [ -68.033, -26.133 ], [ -68.066, -26.133 ] ] ], [ [ [ -67.766, -26.033 ], [ -67.733, -26.033 ], [ -67.733, -26.066 ], [ -67.766, -26.066 ], [ -67.766, -26.033 ] ] ], [ [ [ -67.566, -25.999 ], [ -67.566, -26.033 ], [ -67.599, -26.033 ], [ -67.599, -25.999 ], [ -67.566, -25.999 ] ] ], [ [ [ -66.533, -26.066 ], [ -66.566, -26.066 ], [ -66.566, -26.033 ], [ -66.566, -25.999 ], [ -66.533, -25.999 ], [ -66.499, -25.999 ], [ -66.466, -25.999 ], [ -66.466, -26.033 ], [ -66.499, -26.033 ], [ -66.533, -26.033 ], [ -66.533, -26.066 ] ] ], [ [ [ -68.333, -25.966 ], [ -68.333, -25.999 ], [ -68.333, -26.033 ], [ -68.333, -26.066 ], [ -68.366, -26.066 ], [ -68.366, -26.033 ], [ -68.410, -26.033 ], [ -68.414, -26.014 ], [ -68.399, -25.999 ], [ -68.366, -25.999 ], [ -68.366, -25.966 ], [ -68.333, -25.966 ] ] ], [ [ [ -67.299, -25.966 ], [ -67.266, -25.966 ], [ -67.266, -25.999 ], [ -67.266, -26.033 ], [ -67.266, -26.066 ], [ -67.266, -26.099 ], [ -67.233, -26.099 ], [ -67.233, -26.133 ], [ -67.233, -26.166 ], [ -67.266, -26.166 ], [ -67.299, -26.166 ], [ -67.299, -26.133 ], [ -67.299, -26.099 ], [ -67.299, -26.066 ], [ -67.299, -26.033 ], [ -67.299, -25.999 ], [ -67.299, -25.966 ] ] ], [ [ [ -66.166, -26.066 ], [ -66.199, -26.066 ], [ -66.199, -26.033 ], [ -66.199, -25.999 ], [ -66.166, -25.999 ], [ -66.166, -25.966 ], [ -66.133, -25.966 ], [ -66.133, -25.999 ], [ -66.133, -26.033 ], [ -66.166, -26.033 ], [ -66.166, -26.066 ] ] ], [ [ [ -67.966, -25.966 ], [ -67.999, -25.966 ], [ -67.999, -25.933 ], [ -67.966, -25.933 ], [ -67.966, -25.966 ] ] ], [ [ [ -67.766, -26.033 ], [ -67.799, -26.033 ], [ -67.799, -25.999 ], [ -67.833, -25.999 ], [ -67.833, -25.966 ], [ -67.799, -25.966 ], [ -67.799, -25.933 ], [ -67.766, -25.933 ], [ -67.766, -25.966 ], [ -67.766, -25.999 ], [ -67.766, -26.033 ] ] ], [ [ [ -67.633, -26.066 ], [ -67.666, -26.066 ], [ -67.699, -26.066 ], [ -67.699, -26.033 ], [ -67.733, -26.033 ], [ -67.733, -25.999 ], [ -67.699, -25.999 ], [ -67.666, -25.999 ], [ -67.666, -25.966 ], [ -67.666, -25.933 ], [ -67.633, -25.933 ], [ -67.633, -25.966 ], [ -67.633, -25.999 ], [ -67.633, -26.033 ], [ -67.633, -26.066 ] ] ], [ [ [ -66.466, -25.999 ], [ -66.466, -25.966 ], [ -66.499, -25.966 ], [ -66.533, -25.966 ], [ -66.566, -25.966 ], [ -66.566, -25.933 ], [ -66.533, -25.933 ], [ -66.533, -25.899 ], [ -66.499, -25.899 ], [ -66.499, -25.933 ], [ -66.466, -25.933 ], [ -66.433, -25.933 ], [ -66.433, -25.966 ], [ -66.433, -25.999 ], [ -66.466, -25.999 ] ] ], [ [ [ -67.999, -25.866 ], [ -67.966, -25.866 ], [ -67.966, -25.899 ], [ -67.999, -25.899 ], [ -67.999, -25.866 ] ] ], [ [ [ -67.633, -25.933 ], [ -67.633, -25.899 ], [ -67.633, -25.866 ], [ -67.599, -25.866 ], [ -67.599, -25.899 ], [ -67.599, -25.933 ], [ -67.633, -25.933 ] ] ], [ [ [ -67.566, -25.999 ], [ -67.566, -25.966 ], [ -67.566, -25.933 ], [ -67.533, -25.933 ], [ -67.533, -25.899 ], [ -67.533, -25.866 ], [ -67.499, -25.866 ], [ -67.499, -25.899 ], [ -67.499, -25.933 ], [ -67.499, -25.966 ], [ -67.533, -25.966 ], [ -67.533, -25.999 ], [ -67.566, -25.999 ] ] ], [ [ [ -68.333, -25.966 ], [ -68.333, -25.933 ], [ -68.333, -25.899 ], [ -68.333, -25.866 ], [ -68.299, -25.866 ], [ -68.299, -25.833 ], [ -68.266, -25.833 ], [ -68.266, -25.866 ], [ -68.266, -25.899 ], [ -68.299, -25.899 ], [ -68.299, -25.933 ], [ -68.299, -25.966 ], [ -68.333, -25.966 ] ] ], [ [ [ -67.999, -25.866 ], [ -68.033, -25.866 ], [ -68.033, -25.833 ], [ -67.999, -25.833 ], [ -67.999, -25.866 ] ] ], [ [ [ -67.966, -25.866 ], [ -67.966, -25.833 ], [ -67.933, -25.833 ], [ -67.933, -25.866 ], [ -67.966, -25.866 ] ] ], [ [ [ -66.499, -25.899 ], [ -66.499, -25.866 ], [ -66.499, -25.833 ], [ -66.466, -25.833 ], [ -66.433, -25.833 ], [ -66.433, -25.866 ], [ -66.466, -25.866 ], [ -66.466, -25.899 ], [ -66.499, -25.899 ] ] ], [ [ [ -68.433, -25.833 ], [ -68.449, -25.849 ], [ -68.459, -25.799 ], [ -68.433, -25.799 ], [ -68.433, -25.833 ] ] ], [ [ [ -67.933, -25.833 ], [ -67.933, -25.799 ], [ -67.933, -25.766 ], [ -67.899, -25.766 ], [ -67.899, -25.799 ], [ -67.899, -25.833 ], [ -67.933, -25.833 ] ] ], [ [ [ -67.633, -25.766 ], [ -67.633, -25.799 ], [ -67.633, -25.833 ], [ -67.666, -25.833 ], [ -67.666, -25.799 ], [ -67.666, -25.766 ], [ -67.633, -25.766 ] ] ], [ [ [ -67.299, -25.966 ], [ -67.333, -25.966 ], [ -67.333, -25.933 ], [ -67.333, -25.899 ], [ -67.366, -25.899 ], [ -67.366, -25.866 ], [ -67.366, -25.833 ], [ -67.399, -25.833 ], [ -67.433, -25.833 ], [ -67.433, -25.866 ], [ -67.466, -25.866 ], [ -67.499, -25.866 ], [ -67.499, -25.833 ], [ -67.499, -25.799 ], [ -67.466, -25.799 ], [ -67.433, -25.799 ], [ -67.433, -25.766 ], [ -67.399, -25.766 ], [ -67.366, -25.766 ], [ -67.333, -25.766 ], [ -67.333, -25.799 ], [ -67.333, -25.833 ], [ -67.299, -25.833 ], [ -67.266, -25.833 ], [ -67.266, -25.866 ], [ -67.299, -25.866 ], [ -67.299, -25.899 ], [ -67.266, -25.899 ], [ -67.266, -25.933 ], [ -67.299, -25.933 ], [ -67.299, -25.966 ] ] ], [ [ [ -68.066, -25.733 ], [ -68.033, -25.733 ], [ -68.033, -25.766 ], [ -68.033, -25.799 ], [ -68.066, -25.799 ], [ -68.066, -25.766 ], [ -68.066, -25.733 ] ] ], [ [ [ -67.899, -25.766 ], [ -67.899, -25.733 ], [ -67.866, -25.733 ], [ -67.866, -25.766 ], [ -67.899, -25.766 ] ] ], [ [ [ -67.633, -25.766 ], [ -67.633, -25.733 ], [ -67.599, -25.733 ], [ -67.599, -25.766 ], [ -67.633, -25.766 ] ] ], [ [ [ -67.866, -25.733 ], [ -67.866, -25.699 ], [ -67.833, -25.699 ], [ -67.833, -25.733 ], [ -67.866, -25.733 ] ] ], [ [ [ -67.599, -25.733 ], [ -67.599, -25.699 ], [ -67.566, -25.699 ], [ -67.566, -25.733 ], [ -67.599, -25.733 ] ] ], [ [ [ -68.299, -25.633 ], [ -68.299, -25.666 ], [ -68.299, -25.699 ], [ -68.299, -25.733 ], [ -68.333, -25.733 ], [ -68.333, -25.699 ], [ -68.366, -25.699 ], [ -68.366, -25.733 ], [ -68.399, -25.733 ], [ -68.399, -25.699 ], [ -68.433, -25.699 ], [ -68.433, -25.666 ], [ -68.433, -25.633 ], [ -68.399, -25.633 ], [ -68.399, -25.666 ], [ -68.366, -25.666 ], [ -68.333, -25.666 ], [ -68.333, -25.633 ], [ -68.299, -25.633 ] ] ], [ [ [ -67.533, -25.633 ], [ -67.533, -25.666 ], [ -67.566, -25.666 ], [ -67.566, -25.633 ], [ -67.533, -25.633 ] ] ], [ [ [ -68.299, -25.633 ], [ -68.299, -25.599 ], [ -68.266, -25.599 ], [ -68.266, -25.633 ], [ -68.299, -25.633 ] ] ], [ [ [ -67.733, -25.599 ], [ -67.733, -25.633 ], [ -67.766, -25.633 ], [ -67.766, -25.599 ], [ -67.733, -25.599 ] ] ], [ [ [ -67.533, -25.633 ], [ -67.533, -25.599 ], [ -67.499, -25.599 ], [ -67.466, -25.599 ], [ -67.466, -25.633 ], [ -67.499, -25.633 ], [ -67.533, -25.633 ] ] ], [ [ [ -68.466, -25.599 ], [ -68.499, -25.599 ], [ -68.499, -25.566 ], [ -68.466, -25.566 ], [ -68.466, -25.599 ] ] ], [ [ [ -67.733, -25.599 ], [ -67.733, -25.566 ], [ -67.699, -25.566 ], [ -67.699, -25.599 ], [ -67.733, -25.599 ] ] ], [ [ [ -67.433, -25.533 ], [ -67.466, -25.533 ], [ -67.466, -25.499 ], [ -67.433, -25.499 ], [ -67.433, -25.533 ] ] ], [ [ [ -66.499, -25.833 ], [ -66.533, -25.833 ], [ -66.533, -25.799 ], [ -66.566, -25.799 ], [ -66.566, -25.833 ], [ -66.599, -25.833 ], [ -66.599, -25.799 ], [ -66.599, -25.766 ], [ -66.599, -25.733 ], [ -66.599, -25.699 ], [ -66.599, -25.666 ], [ -66.599, -25.633 ], [ -66.633, -25.633 ], [ -66.666, -25.633 ], [ -66.666, -25.666 ], [ -66.699, -25.666 ], [ -66.699, -25.633 ], [ -66.699, -25.599 ], [ -66.699, -25.566 ], [ -66.699, -25.533 ], [ -66.699, -25.499 ], [ -66.666, -25.499 ], [ -66.666, -25.533 ], [ -66.666, -25.566 ], [ -66.666, -25.599 ], [ -66.633, -25.599 ], [ -66.599, -25.599 ], [ -66.566, -25.599 ], [ -66.566, -25.633 ], [ -66.566, -25.666 ], [ -66.566, -25.699 ], [ -66.566, -25.733 ], [ -66.566, -25.766 ], [ -66.533, -25.766 ], [ -66.533, -25.733 ], [ -66.499, -25.733 ], [ -66.499, -25.766 ], [ -66.499, -25.799 ], [ -66.499, -25.833 ] ] ], [ [ [ -68.066, -25.733 ], [ -68.099, -25.733 ], [ -68.133, -25.733 ], [ -68.133, -25.766 ], [ -68.166, -25.766 ], [ -68.166, -25.799 ], [ -68.166, -25.833 ], [ -68.166, -25.866 ], [ -68.166, -25.899 ], [ -68.133, -25.899 ], [ -68.133, -25.866 ], [ -68.099, -25.866 ], [ -68.099, -25.899 ], [ -68.066, -25.899 ], [ -68.066, -25.933 ], [ -68.066, -25.966 ], [ -68.066, -25.999 ], [ -68.066, -26.033 ], [ -68.099, -26.033 ], [ -68.099, -25.999 ], [ -68.099, -25.966 ], [ -68.133, -25.966 ], [ -68.166, -25.966 ], [ -68.199, -25.966 ], [ -68.199, -25.933 ], [ -68.199, -25.899 ], [ -68.199, -25.866 ], [ -68.199, -25.833 ], [ -68.233, -25.833 ], [ -68.266, -25.833 ], [ -68.266, -25.799 ], [ -68.233, -25.799 ], [ -68.199, -25.799 ], [ -68.199, -25.766 ], [ -68.199, -25.733 ], [ -68.166, -25.733 ], [ -68.166, -25.699 ], [ -68.166, -25.666 ], [ -68.166, -25.633 ], [ -68.166, -25.599 ], [ -68.166, -25.566 ], [ -68.166, -25.533 ], [ -68.199, -25.533 ], [ -68.233, -25.533 ], [ -68.266, -25.533 ], [ -68.299, -25.533 ], [ -68.299, -25.499 ], [ -68.266, -25.499 ], [ -68.266, -25.466 ], [ -68.233, -25.466 ], [ -68.199, -25.466 ], [ -68.166, -25.466 ], [ -68.133, -25.466 ], [ -68.133, -25.499 ], [ -68.099, -25.499 ], [ -68.099, -25.533 ], [ -68.099, -25.566 ], [ -68.133, -25.566 ], [ -68.133, -25.599 ], [ -68.133, -25.633 ], [ -68.133, -25.666 ], [ -68.133, -25.699 ], [ -68.099, -25.699 ], [ -68.099, -25.666 ], [ -68.099, -25.633 ], [ -68.066, -25.633 ], [ -68.066, -25.666 ], [ -68.066, -25.699 ], [ -68.066, -25.733 ] ] ], [ [ [ -66.499, -25.466 ], [ -66.499, -25.499 ], [ -66.533, -25.499 ], [ -66.533, -25.466 ], [ -66.499, -25.466 ] ] ], [ [ [ -68.433, -25.466 ], [ -68.466, -25.466 ], [ -68.466, -25.433 ], [ -68.433, -25.433 ], [ -68.433, -25.466 ] ] ], [ [ [ -67.366, -25.499 ], [ -67.399, -25.499 ], [ -67.399, -25.466 ], [ -67.433, -25.466 ], [ -67.433, -25.433 ], [ -67.399, -25.433 ], [ -67.366, -25.433 ], [ -67.366, -25.466 ], [ -67.366, -25.499 ] ] ], [ [ [ -67.199, -25.499 ], [ -67.199, -25.533 ], [ -67.233, -25.533 ], [ -67.233, -25.566 ], [ -67.233, -25.599 ], [ -67.266, -25.599 ], [ -67.299, -25.599 ], [ -67.333, -25.599 ], [ -67.333, -25.566 ], [ -67.333, -25.533 ], [ -67.366, -25.533 ], [ -67.366, -25.499 ], [ -67.333, -25.499 ], [ -67.333, -25.466 ], [ -67.333, -25.433 ], [ -67.299, -25.433 ], [ -67.299, -25.466 ], [ -67.299, -25.499 ], [ -67.266, -25.499 ], [ -67.233, -25.499 ], [ -67.199, -25.499 ] ], [ [ -67.299, -25.533 ], [ -67.299, -25.566 ], [ -67.266, -25.566 ], [ -67.266, -25.533 ], [ -67.299, -25.533 ] ] ], [ [ [ -66.999, -25.499 ], [ -66.999, -25.533 ], [ -67.033, -25.533 ], [ -67.066, -25.533 ], [ -67.066, -25.566 ], [ -67.099, -25.566 ], [ -67.133, -25.566 ], [ -67.133, -25.533 ], [ -67.133, -25.499 ], [ -67.166, -25.499 ], [ -67.199, -25.499 ], [ -67.199, -25.466 ], [ -67.199, -25.433 ], [ -67.166, -25.433 ], [ -67.166, -25.466 ], [ -67.133, -25.466 ], [ -67.099, -25.466 ], [ -67.099, -25.499 ], [ -67.066, -25.499 ], [ -67.033, -25.499 ], [ -66.999, -25.499 ] ] ], [ [ [ -66.566, -25.433 ], [ -66.566, -25.466 ], [ -66.566, -25.499 ], [ -66.566, -25.533 ], [ -66.599, -25.533 ], [ -66.599, -25.499 ], [ -66.599, -25.466 ], [ -66.633, -25.466 ], [ -66.666, -25.466 ], [ -66.666, -25.433 ], [ -66.633, -25.433 ], [ -66.599, -25.433 ], [ -66.566, -25.433 ] ] ], [ [ [ -66.499, -25.466 ], [ -66.499, -25.433 ], [ -66.466, -25.433 ], [ -66.466, -25.466 ], [ -66.499, -25.466 ] ] ], [ [ [ -68.366, -25.499 ], [ -68.399, -25.499 ], [ -68.399, -25.466 ], [ -68.399, -25.433 ], [ -68.399, -25.399 ], [ -68.366, -25.399 ], [ -68.333, -25.399 ], [ -68.333, -25.433 ], [ -68.366, -25.433 ], [ -68.366, -25.466 ], [ -68.366, -25.499 ] ] ], [ [ [ -68.133, -25.399 ], [ -68.099, -25.399 ], [ -68.099, -25.433 ], [ -68.133, -25.433 ], [ -68.133, -25.399 ] ] ], [ [ [ -67.199, -25.433 ], [ -67.233, -25.433 ], [ -67.233, -25.399 ], [ -67.199, -25.399 ], [ -67.199, -25.433 ] ] ], [ [ [ -66.566, -25.433 ], [ -66.566, -25.399 ], [ -66.533, -25.399 ], [ -66.533, -25.433 ], [ -66.566, -25.433 ] ] ], [ [ [ -68.033, -25.366 ], [ -68.033, -25.399 ], [ -68.066, -25.399 ], [ -68.066, -25.366 ], [ -68.033, -25.366 ] ] ], [ [ [ -67.566, -25.399 ], [ -67.566, -25.366 ], [ -67.533, -25.366 ], [ -67.499, -25.366 ], [ -67.499, -25.399 ], [ -67.533, -25.399 ], [ -67.566, -25.399 ] ] ], [ [ [ -66.533, -25.399 ], [ -66.533, -25.366 ], [ -66.499, -25.366 ], [ -66.499, -25.399 ], [ -66.533, -25.399 ] ] ], [ [ [ -68.133, -25.399 ], [ -68.166, -25.399 ], [ -68.166, -25.366 ], [ -68.166, -25.333 ], [ -68.133, -25.333 ], [ -68.133, -25.366 ], [ -68.133, -25.399 ] ] ], [ [ [ -67.933, -25.366 ], [ -67.966, -25.366 ], [ -67.999, -25.366 ], [ -68.033, -25.366 ], [ -68.033, -25.333 ], [ -67.999, -25.333 ], [ -67.966, -25.333 ], [ -67.933, -25.333 ], [ -67.933, -25.366 ] ] ], [ [ [ -67.533, -25.299 ], [ -67.499, -25.299 ], [ -67.499, -25.333 ], [ -67.533, -25.333 ], [ -67.533, -25.299 ] ] ], [ [ [ -67.199, -25.299 ], [ -67.199, -25.333 ], [ -67.233, -25.333 ], [ -67.233, -25.299 ], [ -67.199, -25.299 ] ] ], [ [ [ -68.366, -25.299 ], [ -68.399, -25.299 ], [ -68.399, -25.266 ], [ -68.366, -25.266 ], [ -68.333, -25.266 ], [ -68.333, -25.299 ], [ -68.366, -25.299 ] ] ], [ [ [ -67.699, -25.299 ], [ -67.699, -25.266 ], [ -67.666, -25.266 ], [ -67.666, -25.299 ], [ -67.699, -25.299 ] ] ], [ [ [ -67.533, -25.299 ], [ -67.566, -25.299 ], [ -67.566, -25.266 ], [ -67.533, -25.266 ], [ -67.533, -25.299 ] ] ], [ [ [ -68.199, -25.266 ], [ -68.199, -25.299 ], [ -68.166, -25.299 ], [ -68.166, -25.333 ], [ -68.199, -25.333 ], [ -68.233, -25.333 ], [ -68.233, -25.299 ], [ -68.266, -25.299 ], [ -68.299, -25.299 ], [ -68.299, -25.266 ], [ -68.266, -25.266 ], [ -68.266, -25.233 ], [ -68.233, -25.233 ], [ -68.233, -25.266 ], [ -68.199, -25.266 ] ] ], [ [ [ -68.199, -25.266 ], [ -68.199, -25.233 ], [ -68.166, -25.233 ], [ -68.166, -25.266 ], [ -68.199, -25.266 ] ] ], [ [ [ -67.566, -25.266 ], [ -67.599, -25.266 ], [ -67.633, -25.266 ], [ -67.666, -25.266 ], [ -67.666, -25.233 ], [ -67.633, -25.233 ], [ -67.599, -25.233 ], [ -67.566, -25.233 ], [ -67.566, -25.266 ] ] ], [ [ [ -67.366, -25.233 ], [ -67.333, -25.233 ], [ -67.299, -25.233 ], [ -67.299, -25.266 ], [ -67.299, -25.299 ], [ -67.299, -25.333 ], [ -67.299, -25.366 ], [ -67.333, -25.366 ], [ -67.333, -25.399 ], [ -67.366, -25.399 ], [ -67.366, -25.366 ], [ -67.399, -25.366 ], [ -67.399, -25.333 ], [ -67.399, -25.299 ], [ -67.366, -25.299 ], [ -67.366, -25.266 ], [ -67.366, -25.233 ] ] ], [ [ [ -66.533, -25.333 ], [ -66.566, -25.333 ], [ -66.566, -25.299 ], [ -66.566, -25.266 ], [ -66.566, -25.233 ], [ -66.533, -25.233 ], [ -66.499, -25.233 ], [ -66.499, -25.266 ], [ -66.533, -25.266 ], [ -66.533, -25.299 ], [ -66.533, -25.333 ] ] ], [ [ [ -67.299, -25.233 ], [ -67.299, -25.199 ], [ -67.266, -25.199 ], [ -67.266, -25.233 ], [ -67.299, -25.233 ] ] ], [ [ [ -67.366, -25.233 ], [ -67.399, -25.233 ], [ -67.399, -25.199 ], [ -67.399, -25.166 ], [ -67.366, -25.166 ], [ -67.366, -25.199 ], [ -67.366, -25.233 ] ] ], [ [ [ -67.199, -25.299 ], [ -67.199, -25.266 ], [ -67.166, -25.266 ], [ -67.166, -25.233 ], [ -67.133, -25.233 ], [ -67.133, -25.199 ], [ -67.099, -25.199 ], [ -67.066, -25.199 ], [ -67.066, -25.166 ], [ -67.033, -25.166 ], [ -67.033, -25.199 ], [ -67.033, -25.233 ], [ -67.066, -25.233 ], [ -67.066, -25.266 ], [ -67.099, -25.266 ], [ -67.099, -25.299 ], [ -67.133, -25.299 ], [ -67.166, -25.299 ], [ -67.199, -25.299 ] ] ], [ [ [ -68.233, -25.199 ], [ -68.266, -25.199 ], [ -68.266, -25.166 ], [ -68.266, -25.133 ], [ -68.233, -25.133 ], [ -68.233, -25.166 ], [ -68.233, -25.199 ] ] ], [ [ [ -67.533, -25.199 ], [ -67.566, -25.199 ], [ -67.566, -25.166 ], [ -67.566, -25.133 ], [ -67.533, -25.133 ], [ -67.499, -25.133 ], [ -67.499, -25.166 ], [ -67.533, -25.166 ], [ -67.533, -25.199 ] ] ], [ [ [ -66.999, -25.166 ], [ -67.033, -25.166 ], [ -67.033, -25.133 ], [ -66.999, -25.133 ], [ -66.999, -25.166 ] ] ], [ [ [ -66.499, -25.166 ], [ -66.533, -25.166 ], [ -66.533, -25.133 ], [ -66.499, -25.133 ], [ -66.499, -25.166 ] ] ], [ [ [ -66.399, -25.133 ], [ -66.399, -25.166 ], [ -66.433, -25.166 ], [ -66.433, -25.133 ], [ -66.399, -25.133 ] ] ], [ [ [ -66.299, -25.166 ], [ -66.333, -25.166 ], [ -66.333, -25.133 ], [ -66.299, -25.133 ], [ -66.299, -25.166 ] ] ], [ [ [ -67.299, -25.133 ], [ -67.333, -25.133 ], [ -67.333, -25.099 ], [ -67.299, -25.099 ], [ -67.299, -25.133 ] ] ], [ [ [ -67.266, -25.199 ], [ -67.266, -25.166 ], [ -67.299, -25.166 ], [ -67.299, -25.133 ], [ -67.266, -25.133 ], [ -67.266, -25.099 ], [ -67.233, -25.099 ], [ -67.199, -25.099 ], [ -67.199, -25.133 ], [ -67.199, -25.166 ], [ -67.233, -25.166 ], [ -67.233, -25.199 ], [ -67.266, -25.199 ] ] ], [ [ [ -65.866, -25.099 ], [ -65.833, -25.099 ], [ -65.833, -25.133 ], [ -65.866, -25.133 ], [ -65.866, -25.099 ] ] ], [ [ [ -68.233, -25.099 ], [ -68.266, -25.099 ], [ -68.266, -25.066 ], [ -68.233, -25.066 ], [ -68.233, -25.099 ] ] ], [ [ [ -67.699, -25.299 ], [ -67.699, -25.333 ], [ -67.699, -25.366 ], [ -67.699, -25.399 ], [ -67.666, -25.399 ], [ -67.633, -25.399 ], [ -67.599, -25.399 ], [ -67.566, -25.399 ], [ -67.566, -25.433 ], [ -67.599, -25.433 ], [ -67.633, -25.433 ], [ -67.666, -25.433 ], [ -67.666, -25.466 ], [ -67.666, -25.499 ], [ -67.666, -25.533 ], [ -67.666, -25.566 ], [ -67.699, -25.566 ], [ -67.699, -25.533 ], [ -67.699, -25.499 ], [ -67.699, -25.466 ], [ -67.733, -25.466 ], [ -67.733, -25.433 ], [ -67.733, -25.399 ], [ -67.733, -25.366 ], [ -67.766, -25.366 ], [ -67.766, -25.333 ], [ -67.799, -25.333 ], [ -67.833, -25.333 ], [ -67.833, -25.366 ], [ -67.866, -25.366 ], [ -67.866, -25.399 ], [ -67.866, -25.433 ], [ -67.899, -25.433 ], [ -67.899, -25.399 ], [ -67.933, -25.399 ], [ -67.933, -25.366 ], [ -67.899, -25.366 ], [ -67.899, -25.333 ], [ -67.899, -25.299 ], [ -67.866, -25.299 ], [ -67.833, -25.299 ], [ -67.799, -25.299 ], [ -67.766, -25.299 ], [ -67.766, -25.266 ], [ -67.766, -25.233 ], [ -67.799, -25.233 ], [ -67.799, -25.199 ], [ -67.833, -25.199 ], [ -67.833, -25.166 ], [ -67.866, -25.166 ], [ -67.866, -25.133 ], [ -67.899, -25.133 ], [ -67.933, -25.133 ], [ -67.966, -25.133 ], [ -67.966, -25.166 ], [ -67.999, -25.166 ], [ -68.033, -25.166 ], [ -68.033, -25.199 ], [ -68.033, -25.233 ], [ -67.999, -25.233 ], [ -67.966, -25.233 ], [ -67.933, -25.233 ], [ -67.933, -25.266 ], [ -67.899, -25.266 ], [ -67.899, -25.299 ], [ -67.933, -25.299 ], [ -67.966, -25.299 ], [ -67.999, -25.299 ], [ -68.033, -25.299 ], [ -68.033, -25.266 ], [ -68.066, -25.266 ], [ -68.066, -25.233 ], [ -68.066, -25.199 ], [ -68.066, -25.166 ], [ -68.066, -25.133 ], [ -68.066, -25.099 ], [ -68.066, -25.066 ], [ -68.033, -25.066 ], [ -67.999, -25.066 ], [ -67.999, -25.099 ], [ -67.966, -25.099 ], [ -67.933, -25.099 ], [ -67.899, -25.099 ], [ -67.866, -25.099 ], [ -67.833, -25.099 ], [ -67.833, -25.133 ], [ -67.799, -25.133 ], [ -67.799, -25.166 ], [ -67.766, -25.166 ], [ -67.766, -25.199 ], [ -67.733, -25.199 ], [ -67.733, -25.233 ], [ -67.733, -25.266 ], [ -67.733, -25.299 ], [ -67.699, -25.299 ] ] ], [ [ [ -66.699, -25.033 ], [ -66.699, -25.066 ], [ -66.699, -25.099 ], [ -66.733, -25.099 ], [ -66.766, -25.099 ], [ -66.766, -25.066 ], [ -66.733, -25.066 ], [ -66.733, -25.033 ], [ -66.699, -25.033 ] ] ], [ [ [ -66.433, -25.066 ], [ -66.466, -25.066 ], [ -66.466, -25.033 ], [ -66.433, -25.033 ], [ -66.433, -25.066 ] ] ], [ [ [ -66.399, -25.133 ], [ -66.399, -25.099 ], [ -66.399, -25.066 ], [ -66.399, -25.033 ], [ -66.366, -25.033 ], [ -66.333, -25.033 ], [ -66.299, -25.033 ], [ -66.299, -25.066 ], [ -66.333, -25.066 ], [ -66.366, -25.066 ], [ -66.366, -25.099 ], [ -66.366, -25.133 ], [ -66.399, -25.133 ] ] ], [ [ [ -67.833, -25.033 ], [ -67.833, -25.066 ], [ -67.866, -25.066 ], [ -67.866, -25.033 ], [ -67.899, -25.033 ], [ -67.899, -24.999 ], [ -67.866, -24.999 ], [ -67.833, -24.999 ], [ -67.833, -25.033 ] ] ], [ [ [ -66.999, -25.499 ], [ -66.999, -25.466 ], [ -67.033, -25.466 ], [ -67.033, -25.433 ], [ -66.999, -25.433 ], [ -66.966, -25.433 ], [ -66.966, -25.399 ], [ -66.999, -25.399 ], [ -66.999, -25.366 ], [ -67.033, -25.366 ], [ -67.066, -25.366 ], [ -67.066, -25.333 ], [ -67.033, -25.333 ], [ -66.999, -25.333 ], [ -66.999, -25.299 ], [ -66.999, -25.266 ], [ -66.999, -25.233 ], [ -66.999, -25.199 ], [ -66.999, -25.166 ], [ -66.966, -25.166 ], [ -66.933, -25.166 ], [ -66.933, -25.133 ], [ -66.899, -25.133 ], [ -66.899, -25.099 ], [ -66.899, -25.066 ], [ -66.866, -25.066 ], [ -66.866, -25.033 ], [ -66.866, -24.999 ], [ -66.833, -24.999 ], [ -66.833, -25.033 ], [ -66.833, -25.066 ], [ -66.833, -25.099 ], [ -66.866, -25.099 ], [ -66.866, -25.133 ], [ -66.866, -25.166 ], [ -66.833, -25.166 ], [ -66.799, -25.166 ], [ -66.799, -25.133 ], [ -66.766, -25.133 ], [ -66.766, -25.166 ], [ -66.766, -25.199 ], [ -66.733, -25.199 ], [ -66.733, -25.233 ], [ -66.733, -25.266 ], [ -66.699, -25.266 ], [ -66.699, -25.299 ], [ -66.733, -25.299 ], [ -66.766, -25.299 ], [ -66.799, -25.299 ], [ -66.799, -25.333 ], [ -66.833, -25.333 ], [ -66.833, -25.366 ], [ -66.866, -25.366 ], [ -66.866, -25.399 ], [ -66.866, -25.433 ], [ -66.866, -25.466 ], [ -66.866, -25.499 ], [ -66.866, -25.533 ], [ -66.866, -25.566 ], [ -66.866, -25.599 ], [ -66.833, -25.599 ], [ -66.833, -25.633 ], [ -66.833, -25.666 ], [ -66.866, -25.666 ], [ -66.866, -25.633 ], [ -66.899, -25.633 ], [ -66.899, -25.599 ], [ -66.899, -25.566 ], [ -66.933, -25.566 ], [ -66.933, -25.533 ], [ -66.933, -25.499 ], [ -66.933, -25.466 ], [ -66.966, -25.466 ], [ -66.966, -25.499 ], [ -66.999, -25.499 ] ], [ [ -66.833, -25.266 ], [ -66.833, -25.233 ], [ -66.866, -25.233 ], [ -66.866, -25.199 ], [ -66.899, -25.199 ], [ -66.899, -25.233 ], [ -66.933, -25.233 ], [ -66.933, -25.266 ], [ -66.933, -25.299 ], [ -66.899, -25.299 ], [ -66.866, -25.299 ], [ -66.866, -25.266 ], [ -66.833, -25.266 ] ] ], [ [ [ -65.866, -25.099 ], [ -65.899, -25.099 ], [ -65.899, -25.066 ], [ -65.933, -25.066 ], [ -65.933, -25.033 ], [ -65.933, -24.999 ], [ -65.899, -24.999 ], [ -65.899, -25.033 ], [ -65.866, -25.033 ], [ -65.866, -25.066 ], [ -65.866, -25.099 ] ] ], [ [ [ -66.266, -24.966 ], [ -66.299, -24.966 ], [ -66.299, -24.933 ], [ -66.266, -24.933 ], [ -66.266, -24.966 ] ] ], [ [ [ -68.366, -24.966 ], [ -68.333, -24.966 ], [ -68.299, -24.966 ], [ -68.266, -24.966 ], [ -68.266, -24.933 ], [ -68.233, -24.933 ], [ -68.233, -24.899 ], [ -68.199, -24.899 ], [ -68.199, -24.933 ], [ -68.166, -24.933 ], [ -68.166, -24.966 ], [ -68.199, -24.966 ], [ -68.199, -24.999 ], [ -68.199, -25.033 ], [ -68.233, -25.033 ], [ -68.233, -24.999 ], [ -68.266, -24.999 ], [ -68.299, -24.999 ], [ -68.299, -25.033 ], [ -68.333, -25.033 ], [ -68.333, -24.999 ], [ -68.366, -24.999 ], [ -68.366, -24.966 ] ] ], [ [ [ -68.066, -24.966 ], [ -68.066, -24.999 ], [ -68.033, -24.999 ], [ -68.033, -25.033 ], [ -68.066, -25.033 ], [ -68.099, -25.033 ], [ -68.099, -24.999 ], [ -68.099, -24.966 ], [ -68.133, -24.966 ], [ -68.133, -24.933 ], [ -68.099, -24.933 ], [ -68.099, -24.899 ], [ -68.066, -24.899 ], [ -68.066, -24.933 ], [ -68.066, -24.966 ] ] ], [ [ [ -66.933, -24.899 ], [ -66.933, -24.933 ], [ -66.966, -24.933 ], [ -66.966, -24.899 ], [ -66.933, -24.899 ] ] ], [ [ [ -66.499, -25.066 ], [ -66.533, -25.066 ], [ -66.533, -25.033 ], [ -66.533, -24.999 ], [ -66.533, -24.966 ], [ -66.533, -24.933 ], [ -66.533, -24.899 ], [ -66.499, -24.899 ], [ -66.466, -24.899 ], [ -66.466, -24.933 ], [ -66.466, -24.966 ], [ -66.499, -24.966 ], [ -66.499, -24.999 ], [ -66.499, -25.033 ], [ -66.499, -25.066 ] ] ], [ [ [ -65.899, -24.999 ], [ -65.899, -24.966 ], [ -65.933, -24.966 ], [ -65.933, -24.933 ], [ -65.933, -24.899 ], [ -65.899, -24.899 ], [ -65.899, -24.933 ], [ -65.866, -24.933 ], [ -65.866, -24.966 ], [ -65.866, -24.999 ], [ -65.899, -24.999 ] ] ], [ [ [ -68.366, -24.966 ], [ -68.399, -24.966 ], [ -68.399, -24.933 ], [ -68.399, -24.899 ], [ -68.399, -24.866 ], [ -68.366, -24.866 ], [ -68.366, -24.899 ], [ -68.366, -24.933 ], [ -68.366, -24.966 ] ] ], [ [ [ -66.333, -24.866 ], [ -66.299, -24.866 ], [ -66.299, -24.899 ], [ -66.333, -24.899 ], [ -66.333, -24.866 ] ] ], [ [ [ -67.233, -24.833 ], [ -67.199, -24.833 ], [ -67.199, -24.866 ], [ -67.199, -24.899 ], [ -67.199, -24.933 ], [ -67.233, -24.933 ], [ -67.266, -24.933 ], [ -67.299, -24.933 ], [ -67.299, -24.899 ], [ -67.266, -24.899 ], [ -67.233, -24.899 ], [ -67.233, -24.866 ], [ -67.233, -24.833 ] ] ], [ [ [ -67.099, -24.833 ], [ -67.099, -24.866 ], [ -67.099, -24.899 ], [ -67.133, -24.899 ], [ -67.133, -24.866 ], [ -67.133, -24.833 ], [ -67.099, -24.833 ] ] ], [ [ [ -66.933, -24.899 ], [ -66.933, -24.866 ], [ -66.933, -24.833 ], [ -66.899, -24.833 ], [ -66.899, -24.866 ], [ -66.899, -24.899 ], [ -66.933, -24.899 ] ] ], [ [ [ -67.099, -24.833 ], [ -67.099, -24.799 ], [ -67.066, -24.799 ], [ -67.066, -24.833 ], [ -67.099, -24.833 ] ] ], [ [ [ -66.333, -24.866 ], [ -66.366, -24.866 ], [ -66.366, -24.833 ], [ -66.366, -24.799 ], [ -66.333, -24.799 ], [ -66.333, -24.833 ], [ -66.333, -24.866 ] ] ], [ [ [ -68.433, -24.766 ], [ -68.433, -24.799 ], [ -68.399, -24.799 ], [ -68.399, -24.833 ], [ -68.433, -24.833 ], [ -68.433, -24.866 ], [ -68.466, -24.866 ], [ -68.466, -24.833 ], [ -68.466, -24.799 ], [ -68.466, -24.766 ], [ -68.433, -24.766 ] ] ], [ [ [ -66.833, -24.999 ], [ -66.833, -24.966 ], [ -66.833, -24.933 ], [ -66.833, -24.899 ], [ -66.833, -24.866 ], [ -66.866, -24.866 ], [ -66.866, -24.833 ], [ -66.899, -24.833 ], [ -66.899, -24.799 ], [ -66.866, -24.799 ], [ -66.833, -24.799 ], [ -66.799, -24.799 ], [ -66.799, -24.766 ], [ -66.766, -24.766 ], [ -66.733, -24.766 ], [ -66.733, -24.799 ], [ -66.766, -24.799 ], [ -66.766, -24.833 ], [ -66.799, -24.833 ], [ -66.799, -24.866 ], [ -66.799, -24.899 ], [ -66.799, -24.933 ], [ -66.799, -24.966 ], [ -66.799, -24.999 ], [ -66.833, -24.999 ] ] ], [ [ [ -66.333, -24.799 ], [ -66.333, -24.766 ], [ -66.299, -24.766 ], [ -66.299, -24.799 ], [ -66.333, -24.799 ] ] ], [ [ [ -67.333, -24.799 ], [ -67.366, -24.799 ], [ -67.366, -24.766 ], [ -67.366, -24.733 ], [ -67.333, -24.733 ], [ -67.333, -24.766 ], [ -67.333, -24.799 ] ] ], [ [ [ -67.233, -24.833 ], [ -67.266, -24.833 ], [ -67.299, -24.833 ], [ -67.299, -24.866 ], [ -67.333, -24.866 ], [ -67.333, -24.833 ], [ -67.333, -24.799 ], [ -67.299, -24.799 ], [ -67.266, -24.799 ], [ -67.266, -24.766 ], [ -67.266, -24.733 ], [ -67.233, -24.733 ], [ -67.233, -24.766 ], [ -67.233, -24.799 ], [ -67.233, -24.833 ] ] ], [ [ [ -68.266, -24.699 ], [ -68.233, -24.699 ], [ -68.233, -24.733 ], [ -68.266, -24.733 ], [ -68.266, -24.699 ] ] ], [ [ [ -66.299, -24.766 ], [ -66.299, -24.733 ], [ -66.299, -24.699 ], [ -66.266, -24.699 ], [ -66.266, -24.733 ], [ -66.266, -24.766 ], [ -66.299, -24.766 ] ] ], [ [ [ -68.433, -24.766 ], [ -68.433, -24.733 ], [ -68.433, -24.699 ], [ -68.433, -24.666 ], [ -68.399, -24.666 ], [ -68.399, -24.699 ], [ -68.399, -24.733 ], [ -68.366, -24.733 ], [ -68.366, -24.766 ], [ -68.399, -24.766 ], [ -68.433, -24.766 ] ] ], [ [ [ -68.266, -24.699 ], [ -68.299, -24.699 ], [ -68.299, -24.666 ], [ -68.266, -24.666 ], [ -68.266, -24.699 ] ] ], [ [ [ -68.166, -24.733 ], [ -68.199, -24.733 ], [ -68.199, -24.699 ], [ -68.199, -24.666 ], [ -68.166, -24.666 ], [ -68.166, -24.699 ], [ -68.166, -24.733 ] ] ], [ [ [ -68.099, -24.699 ], [ -68.133, -24.699 ], [ -68.133, -24.666 ], [ -68.099, -24.666 ], [ -68.099, -24.699 ] ] ], [ [ [ -68.199, -24.899 ], [ -68.199, -24.866 ], [ -68.199, -24.833 ], [ -68.166, -24.833 ], [ -68.166, -24.799 ], [ -68.166, -24.766 ], [ -68.133, -24.766 ], [ -68.133, -24.733 ], [ -68.099, -24.733 ], [ -68.099, -24.699 ], [ -68.066, -24.699 ], [ -68.033, -24.699 ], [ -68.033, -24.666 ], [ -67.999, -24.666 ], [ -67.999, -24.699 ], [ -67.999, -24.733 ], [ -68.033, -24.733 ], [ -68.033, -24.766 ], [ -68.066, -24.766 ], [ -68.066, -24.799 ], [ -68.099, -24.799 ], [ -68.133, -24.799 ], [ -68.133, -24.833 ], [ -68.133, -24.866 ], [ -68.166, -24.866 ], [ -68.166, -24.899 ], [ -68.199, -24.899 ] ] ], [ [ [ -66.133, -24.666 ], [ -66.133, -24.699 ], [ -66.099, -24.699 ], [ -66.099, -24.733 ], [ -66.099, -24.766 ], [ -66.099, -24.799 ], [ -66.133, -24.799 ], [ -66.133, -24.766 ], [ -66.166, -24.766 ], [ -66.166, -24.733 ], [ -66.166, -24.699 ], [ -66.166, -24.666 ], [ -66.133, -24.666 ] ] ], [ [ [ -68.299, -24.666 ], [ -68.333, -24.666 ], [ -68.333, -24.699 ], [ -68.366, -24.699 ], [ -68.366, -24.666 ], [ -68.366, -24.633 ], [ -68.333, -24.633 ], [ -68.299, -24.633 ], [ -68.299, -24.666 ] ] ], [ [ [ -66.899, -24.633 ], [ -66.866, -24.633 ], [ -66.833, -24.633 ], [ -66.833, -24.666 ], [ -66.866, -24.666 ], [ -66.899, -24.666 ], [ -66.899, -24.633 ] ] ], [ [ [ -66.299, -24.699 ], [ -66.333, -24.699 ], [ -66.333, -24.666 ], [ -66.333, -24.633 ], [ -66.299, -24.633 ], [ -66.299, -24.666 ], [ -66.299, -24.699 ] ] ], [ [ [ -68.366, -24.633 ], [ -68.399, -24.633 ], [ -68.399, -24.599 ], [ -68.366, -24.599 ], [ -68.366, -24.633 ] ] ], [ [ [ -68.299, -24.633 ], [ -68.299, -24.599 ], [ -68.266, -24.599 ], [ -68.233, -24.599 ], [ -68.233, -24.633 ], [ -68.266, -24.633 ], [ -68.299, -24.633 ] ] ], [ [ [ -66.899, -24.633 ], [ -66.933, -24.633 ], [ -66.933, -24.599 ], [ -66.899, -24.599 ], [ -66.899, -24.633 ] ] ], [ [ [ -66.299, -24.633 ], [ -66.299, -24.599 ], [ -66.266, -24.599 ], [ -66.266, -24.633 ], [ -66.299, -24.633 ] ] ], [ [ [ -68.366, -24.599 ], [ -68.366, -24.566 ], [ -68.333, -24.566 ], [ -68.333, -24.599 ], [ -68.366, -24.599 ] ] ], [ [ [ -67.999, -24.599 ], [ -68.033, -24.599 ], [ -68.033, -24.566 ], [ -67.999, -24.566 ], [ -67.999, -24.599 ] ] ], [ [ [ -67.299, -24.566 ], [ -67.299, -24.599 ], [ -67.299, -24.633 ], [ -67.333, -24.633 ], [ -67.333, -24.599 ], [ -67.333, -24.566 ], [ -67.299, -24.566 ] ] ], [ [ [ -67.299, -24.566 ], [ -67.299, -24.533 ], [ -67.266, -24.533 ], [ -67.266, -24.566 ], [ -67.299, -24.566 ] ] ], [ [ [ -68.099, -24.666 ], [ -68.099, -24.633 ], [ -68.099, -24.599 ], [ -68.099, -24.566 ], [ -68.133, -24.566 ], [ -68.133, -24.533 ], [ -68.133, -24.499 ], [ -68.099, -24.499 ], [ -68.066, -24.499 ], [ -68.033, -24.499 ], [ -68.033, -24.533 ], [ -68.066, -24.533 ], [ -68.066, -24.566 ], [ -68.066, -24.599 ], [ -68.066, -24.633 ], [ -68.066, -24.666 ], [ -68.099, -24.666 ] ] ], [ [ [ -67.266, -24.533 ], [ -67.266, -24.499 ], [ -67.233, -24.499 ], [ -67.233, -24.533 ], [ -67.266, -24.533 ] ] ], [ [ [ -65.999, -24.566 ], [ -65.999, -24.599 ], [ -66.033, -24.599 ], [ -66.033, -24.566 ], [ -66.066, -24.566 ], [ -66.066, -24.533 ], [ -66.033, -24.533 ], [ -66.033, -24.499 ], [ -65.999, -24.499 ], [ -65.999, -24.533 ], [ -65.999, -24.566 ] ] ], [ [ [ -68.333, -24.566 ], [ -68.333, -24.533 ], [ -68.366, -24.533 ], [ -68.366, -24.490 ], [ -68.366, -24.490 ], [ -68.362, -24.490 ], [ -68.355, -24.490 ], [ -68.341, -24.491 ], [ -68.336, -24.491 ], [ -68.327, -24.490 ], [ -68.320, -24.490 ], [ -68.315, -24.490 ], [ -68.308, -24.491 ], [ -68.299, -24.499 ], [ -68.299, -24.533 ], [ -68.266, -24.533 ], [ -68.266, -24.566 ], [ -68.299, -24.566 ], [ -68.333, -24.566 ] ] ], [ [ [ -66.166, -24.533 ], [ -66.166, -24.566 ], [ -66.199, -24.566 ], [ -66.199, -24.533 ], [ -66.233, -24.533 ], [ -66.233, -24.499 ], [ -66.233, -24.466 ], [ -66.199, -24.466 ], [ -66.166, -24.466 ], [ -66.166, -24.499 ], [ -66.166, -24.533 ] ] ], [ [ [ -65.666, -24.499 ], [ -65.666, -24.466 ], [ -65.633, -24.466 ], [ -65.633, -24.499 ], [ -65.666, -24.499 ] ] ], [ [ [ -67.933, -24.433 ], [ -67.933, -24.466 ], [ -67.966, -24.466 ], [ -67.999, -24.466 ], [ -68.033, -24.466 ], [ -68.033, -24.433 ], [ -67.999, -24.433 ], [ -67.966, -24.433 ], [ -67.933, -24.433 ] ] ], [ [ [ -67.199, -24.466 ], [ -67.233, -24.466 ], [ -67.233, -24.433 ], [ -67.199, -24.433 ], [ -67.199, -24.466 ] ] ], [ [ [ -66.733, -24.433 ], [ -66.733, -24.466 ], [ -66.766, -24.466 ], [ -66.766, -24.433 ], [ -66.733, -24.433 ] ] ], [ [ [ -66.066, -24.433 ], [ -66.033, -24.433 ], [ -66.033, -24.466 ], [ -66.066, -24.466 ], [ -66.066, -24.433 ] ] ], [ [ [ -67.933, -24.433 ], [ -67.933, -24.399 ], [ -67.899, -24.399 ], [ -67.899, -24.433 ], [ -67.933, -24.433 ] ] ], [ [ [ -66.066, -24.433 ], [ -66.099, -24.433 ], [ -66.099, -24.399 ], [ -66.066, -24.399 ], [ -66.066, -24.433 ] ] ], [ [ [ -67.933, -24.399 ], [ -67.966, -24.399 ], [ -67.999, -24.399 ], [ -67.999, -24.366 ], [ -67.966, -24.366 ], [ -67.933, -24.366 ], [ -67.933, -24.399 ] ] ], [ [ [ -66.899, -24.366 ], [ -66.899, -24.399 ], [ -66.866, -24.399 ], [ -66.833, -24.399 ], [ -66.833, -24.433 ], [ -66.799, -24.433 ], [ -66.799, -24.466 ], [ -66.833, -24.466 ], [ -66.833, -24.499 ], [ -66.833, -24.533 ], [ -66.866, -24.533 ], [ -66.899, -24.533 ], [ -66.899, -24.499 ], [ -66.899, -24.466 ], [ -66.933, -24.466 ], [ -66.933, -24.499 ], [ -66.933, -24.533 ], [ -66.966, -24.533 ], [ -66.966, -24.499 ], [ -66.966, -24.466 ], [ -66.966, -24.433 ], [ -66.933, -24.433 ], [ -66.933, -24.399 ], [ -66.933, -24.366 ], [ -66.899, -24.366 ] ] ], [ [ [ -66.699, -25.033 ], [ -66.699, -24.999 ], [ -66.733, -24.999 ], [ -66.733, -24.966 ], [ -66.733, -24.933 ], [ -66.699, -24.933 ], [ -66.699, -24.899 ], [ -66.699, -24.866 ], [ -66.666, -24.866 ], [ -66.666, -24.833 ], [ -66.633, -24.833 ], [ -66.633, -24.799 ], [ -66.599, -24.799 ], [ -66.599, -24.766 ], [ -66.566, -24.766 ], [ -66.566, -24.733 ], [ -66.599, -24.733 ], [ -66.599, -24.699 ], [ -66.566, -24.699 ], [ -66.566, -24.666 ], [ -66.533, -24.666 ], [ -66.533, -24.633 ], [ -66.533, -24.599 ], [ -66.499, -24.599 ], [ -66.499, -24.566 ], [ -66.499, -24.533 ], [ -66.499, -24.499 ], [ -66.533, -24.499 ], [ -66.533, -24.533 ], [ -66.566, -24.533 ], [ -66.599, -24.533 ], [ -66.633, -24.533 ], [ -66.633, -24.499 ], [ -66.633, -24.466 ], [ -66.599, -24.466 ], [ -66.599, -24.433 ], [ -66.633, -24.433 ], [ -66.666, -24.433 ], [ -66.699, -24.433 ], [ -66.733, -24.433 ], [ -66.733, -24.399 ], [ -66.699, -24.399 ], [ -66.666, -24.399 ], [ -66.633, -24.399 ], [ -66.599, -24.399 ], [ -66.599, -24.366 ], [ -66.566, -24.366 ], [ -66.533, -24.366 ], [ -66.533, -24.399 ], [ -66.533, -24.433 ], [ -66.533, -24.466 ], [ -66.499, -24.466 ], [ -66.466, -24.466 ], [ -66.466, -24.499 ], [ -66.433, -24.499 ], [ -66.433, -24.533 ], [ -66.433, -24.566 ], [ -66.433, -24.599 ], [ -66.466, -24.599 ], [ -66.466, -24.633 ], [ -66.466, -24.666 ], [ -66.466, -24.699 ], [ -66.499, -24.699 ], [ -66.533, -24.699 ], [ -66.533, -24.733 ], [ -66.499, -24.733 ], [ -66.499, -24.766 ], [ -66.533, -24.766 ], [ -66.533, -24.799 ], [ -66.566, -24.799 ], [ -66.566, -24.833 ], [ -66.599, -24.833 ], [ -66.599, -24.866 ], [ -66.633, -24.866 ], [ -66.633, -24.899 ], [ -66.633, -24.933 ], [ -66.666, -24.933 ], [ -66.666, -24.966 ], [ -66.666, -24.999 ], [ -66.666, -25.033 ], [ -66.699, -25.033 ] ] ], [ [ [ -65.666, -24.499 ], [ -65.666, -24.533 ], [ -65.699, -24.533 ], [ -65.733, -24.533 ], [ -65.733, -24.499 ], [ -65.733, -24.466 ], [ -65.733, -24.433 ], [ -65.733, -24.399 ], [ -65.733, -24.366 ], [ -65.699, -24.366 ], [ -65.699, -24.399 ], [ -65.699, -24.433 ], [ -65.699, -24.466 ], [ -65.699, -24.499 ], [ -65.666, -24.499 ] ] ], [ [ [ -68.133, -24.499 ], [ -68.166, -24.499 ], [ -68.166, -24.466 ], [ -68.166, -24.433 ], [ -68.133, -24.433 ], [ -68.133, -24.399 ], [ -68.133, -24.366 ], [ -68.143, -24.356 ], [ -68.113, -24.344 ], [ -68.099, -24.339 ], [ -68.099, -24.366 ], [ -68.099, -24.399 ], [ -68.099, -24.433 ], [ -68.099, -24.466 ], [ -68.133, -24.466 ], [ -68.133, -24.499 ] ] ], [ [ [ -66.899, -24.366 ], [ -66.899, -24.333 ], [ -66.866, -24.333 ], [ -66.833, -24.333 ], [ -66.833, -24.366 ], [ -66.866, -24.366 ], [ -66.899, -24.366 ] ] ], [ [ [ -65.599, -24.333 ], [ -65.599, -24.366 ], [ -65.599, -24.399 ], [ -65.633, -24.399 ], [ -65.633, -24.366 ], [ -65.633, -24.333 ], [ -65.599, -24.333 ] ] ], [ [ [ -67.999, -24.366 ], [ -68.033, -24.366 ], [ -68.033, -24.333 ], [ -68.047, -24.319 ], [ -68.026, -24.311 ], [ -67.999, -24.300 ], [ -67.999, -24.333 ], [ -67.999, -24.366 ] ] ], [ [ [ -67.799, -24.333 ], [ -67.833, -24.333 ], [ -67.833, -24.299 ], [ -67.799, -24.299 ], [ -67.799, -24.333 ] ] ], [ [ [ -66.433, -24.266 ], [ -66.399, -24.266 ], [ -66.399, -24.299 ], [ -66.366, -24.299 ], [ -66.366, -24.333 ], [ -66.333, -24.333 ], [ -66.333, -24.299 ], [ -66.299, -24.299 ], [ -66.266, -24.299 ], [ -66.266, -24.333 ], [ -66.233, -24.333 ], [ -66.199, -24.333 ], [ -66.166, -24.333 ], [ -66.133, -24.333 ], [ -66.133, -24.366 ], [ -66.166, -24.366 ], [ -66.199, -24.366 ], [ -66.233, -24.366 ], [ -66.233, -24.399 ], [ -66.266, -24.399 ], [ -66.299, -24.399 ], [ -66.299, -24.433 ], [ -66.333, -24.433 ], [ -66.333, -24.466 ], [ -66.366, -24.466 ], [ -66.366, -24.433 ], [ -66.366, -24.399 ], [ -66.399, -24.399 ], [ -66.399, -24.366 ], [ -66.399, -24.333 ], [ -66.433, -24.333 ], [ -66.433, -24.299 ], [ -66.433, -24.266 ] ] ], [ [ [ -65.966, -24.299 ], [ -65.999, -24.299 ], [ -65.999, -24.266 ], [ -65.966, -24.266 ], [ -65.966, -24.299 ] ] ], [ [ [ -65.699, -24.333 ], [ -65.733, -24.333 ], [ -65.733, -24.299 ], [ -65.733, -24.266 ], [ -65.699, -24.266 ], [ -65.699, -24.299 ], [ -65.699, -24.333 ] ] ], [ [ [ -65.599, -24.333 ], [ -65.599, -24.299 ], [ -65.599, -24.266 ], [ -65.566, -24.266 ], [ -65.566, -24.299 ], [ -65.566, -24.333 ], [ -65.599, -24.333 ] ] ], [ [ [ -67.433, -24.266 ], [ -67.466, -24.266 ], [ -67.466, -24.233 ], [ -67.433, -24.233 ], [ -67.433, -24.266 ] ] ], [ [ [ -67.199, -24.233 ], [ -67.166, -24.233 ], [ -67.166, -24.266 ], [ -67.166, -24.299 ], [ -67.166, -24.333 ], [ -67.166, -24.366 ], [ -67.166, -24.399 ], [ -67.199, -24.399 ], [ -67.233, -24.399 ], [ -67.233, -24.366 ], [ -67.233, -24.333 ], [ -67.199, -24.333 ], [ -67.199, -24.299 ], [ -67.199, -24.266 ], [ -67.199, -24.233 ] ] ], [ [ [ -66.966, -24.266 ], [ -66.966, -24.299 ], [ -66.999, -24.299 ], [ -66.999, -24.266 ], [ -67.033, -24.266 ], [ -67.033, -24.233 ], [ -66.999, -24.233 ], [ -66.966, -24.233 ], [ -66.966, -24.266 ] ] ], [ [ [ -66.099, -24.266 ], [ -66.133, -24.266 ], [ -66.133, -24.233 ], [ -66.133, -24.199 ], [ -66.099, -24.199 ], [ -66.099, -24.233 ], [ -66.099, -24.266 ] ] ], [ [ [ -65.633, -24.233 ], [ -65.666, -24.233 ], [ -65.666, -24.199 ], [ -65.633, -24.199 ], [ -65.633, -24.233 ] ] ], [ [ [ -67.066, -24.199 ], [ -67.066, -24.233 ], [ -67.099, -24.233 ], [ -67.099, -24.199 ], [ -67.133, -24.199 ], [ -67.133, -24.166 ], [ -67.099, -24.166 ], [ -67.066, -24.166 ], [ -67.066, -24.199 ] ] ], [ [ [ -66.666, -24.199 ], [ -66.699, -24.199 ], [ -66.733, -24.199 ], [ -66.733, -24.166 ], [ -66.699, -24.166 ], [ -66.666, -24.166 ], [ -66.666, -24.199 ] ] ], [ [ [ -66.666, -24.199 ], [ -66.633, -24.199 ], [ -66.633, -24.166 ], [ -66.599, -24.166 ], [ -66.566, -24.166 ], [ -66.566, -24.199 ], [ -66.599, -24.199 ], [ -66.599, -24.233 ], [ -66.633, -24.233 ], [ -66.633, -24.266 ], [ -66.666, -24.266 ], [ -66.666, -24.233 ], [ -66.666, -24.199 ] ] ], [ [ [ -65.699, -24.199 ], [ -65.733, -24.199 ], [ -65.733, -24.166 ], [ -65.699, -24.166 ], [ -65.699, -24.199 ] ] ], [ [ [ -66.733, -24.166 ], [ -66.766, -24.166 ], [ -66.799, -24.166 ], [ -66.833, -24.166 ], [ -66.833, -24.199 ], [ -66.866, -24.199 ], [ -66.866, -24.233 ], [ -66.866, -24.266 ], [ -66.866, -24.299 ], [ -66.899, -24.299 ], [ -66.899, -24.266 ], [ -66.899, -24.233 ], [ -66.899, -24.199 ], [ -66.899, -24.166 ], [ -66.866, -24.166 ], [ -66.866, -24.133 ], [ -66.833, -24.133 ], [ -66.799, -24.133 ], [ -66.766, -24.133 ], [ -66.733, -24.133 ], [ -66.733, -24.166 ] ] ], [ [ [ -66.433, -24.266 ], [ -66.466, -24.266 ], [ -66.466, -24.233 ], [ -66.466, -24.199 ], [ -66.433, -24.199 ], [ -66.433, -24.166 ], [ -66.399, -24.166 ], [ -66.399, -24.133 ], [ -66.366, -24.133 ], [ -66.366, -24.166 ], [ -66.366, -24.199 ], [ -66.399, -24.199 ], [ -66.399, -24.233 ], [ -66.433, -24.233 ], [ -66.433, -24.266 ] ] ], [ [ [ -66.066, -24.099 ], [ -66.066, -24.133 ], [ -66.099, -24.133 ], [ -66.133, -24.133 ], [ -66.133, -24.099 ], [ -66.099, -24.099 ], [ -66.066, -24.099 ] ] ], [ [ [ -65.766, -24.133 ], [ -65.799, -24.133 ], [ -65.799, -24.099 ], [ -65.766, -24.099 ], [ -65.733, -24.099 ], [ -65.699, -24.099 ], [ -65.699, -24.133 ], [ -65.733, -24.133 ], [ -65.766, -24.133 ] ] ], [ [ [ -65.633, -24.133 ], [ -65.666, -24.133 ], [ -65.666, -24.099 ], [ -65.633, -24.099 ], [ -65.633, -24.133 ] ] ], [ [ [ -67.333, -24.099 ], [ -67.366, -24.099 ], [ -67.366, -24.066 ], [ -67.333, -24.066 ], [ -67.333, -24.099 ] ] ], [ [ [ -66.066, -24.099 ], [ -66.066, -24.066 ], [ -66.033, -24.066 ], [ -66.033, -24.099 ], [ -66.066, -24.099 ] ] ], [ [ [ -67.199, -24.233 ], [ -67.233, -24.233 ], [ -67.266, -24.233 ], [ -67.299, -24.233 ], [ -67.299, -24.199 ], [ -67.266, -24.199 ], [ -67.266, -24.166 ], [ -67.299, -24.166 ], [ -67.333, -24.166 ], [ -67.333, -24.199 ], [ -67.366, -24.199 ], [ -67.366, -24.233 ], [ -67.399, -24.233 ], [ -67.399, -24.199 ], [ -67.433, -24.199 ], [ -67.433, -24.166 ], [ -67.433, -24.133 ], [ -67.466, -24.133 ], [ -67.466, -24.090 ], [ -67.405, -24.066 ], [ -67.399, -24.064 ], [ -67.399, -24.099 ], [ -67.399, -24.133 ], [ -67.366, -24.133 ], [ -67.333, -24.133 ], [ -67.299, -24.133 ], [ -67.299, -24.099 ], [ -67.299, -24.066 ], [ -67.299, -24.033 ], [ -67.266, -24.033 ], [ -67.266, -24.066 ], [ -67.266, -24.099 ], [ -67.266, -24.133 ], [ -67.233, -24.133 ], [ -67.199, -24.133 ], [ -67.199, -24.166 ], [ -67.199, -24.199 ], [ -67.199, -24.233 ] ] ], [ [ [ -65.799, -24.033 ], [ -65.799, -24.066 ], [ -65.833, -24.066 ], [ -65.866, -24.066 ], [ -65.866, -24.033 ], [ -65.833, -24.033 ], [ -65.799, -24.033 ] ] ], [ [ [ -67.266, -24.033 ], [ -67.266, -23.999 ], [ -67.233, -23.999 ], [ -67.233, -24.033 ], [ -67.266, -24.033 ] ] ], [ [ [ -66.966, -23.999 ], [ -66.966, -24.033 ], [ -66.999, -24.033 ], [ -66.999, -23.999 ], [ -66.966, -23.999 ] ] ], [ [ [ -66.933, -23.999 ], [ -66.899, -23.999 ], [ -66.899, -24.033 ], [ -66.899, -24.066 ], [ -66.899, -24.099 ], [ -66.933, -24.099 ], [ -66.966, -24.099 ], [ -66.966, -24.066 ], [ -66.933, -24.066 ], [ -66.933, -24.033 ], [ -66.933, -23.999 ] ] ], [ [ [ -66.633, -24.166 ], [ -66.666, -24.166 ], [ -66.666, -24.133 ], [ -66.666, -24.099 ], [ -66.699, -24.099 ], [ -66.699, -24.066 ], [ -66.699, -24.033 ], [ -66.699, -23.999 ], [ -66.666, -23.999 ], [ -66.666, -24.033 ], [ -66.666, -24.066 ], [ -66.633, -24.066 ], [ -66.633, -24.099 ], [ -66.633, -24.133 ], [ -66.633, -24.166 ] ] ], [ [ [ -66.566, -23.999 ], [ -66.533, -23.999 ], [ -66.499, -23.999 ], [ -66.466, -23.999 ], [ -66.433, -23.999 ], [ -66.399, -23.999 ], [ -66.366, -23.999 ], [ -66.333, -23.999 ], [ -66.333, -24.033 ], [ -66.366, -24.033 ], [ -66.366, -24.066 ], [ -66.399, -24.066 ], [ -66.399, -24.099 ], [ -66.433, -24.099 ], [ -66.433, -24.133 ], [ -66.466, -24.133 ], [ -66.499, -24.133 ], [ -66.499, -24.099 ], [ -66.466, -24.099 ], [ -66.466, -24.066 ], [ -66.466, -24.033 ], [ -66.499, -24.033 ], [ -66.533, -24.033 ], [ -66.533, -24.066 ], [ -66.566, -24.066 ], [ -66.566, -24.033 ], [ -66.566, -23.999 ] ] ], [ [ [ -66.099, -24.033 ], [ -66.133, -24.033 ], [ -66.133, -23.999 ], [ -66.099, -23.999 ], [ -66.099, -24.033 ] ] ], [ [ [ -65.799, -24.033 ], [ -65.799, -23.999 ], [ -65.766, -23.999 ], [ -65.766, -24.033 ], [ -65.799, -24.033 ] ] ], [ [ [ -66.933, -23.999 ], [ -66.966, -23.999 ], [ -66.966, -23.966 ], [ -66.933, -23.966 ], [ -66.933, -23.999 ] ] ], [ [ [ -65.966, -23.966 ], [ -65.966, -23.999 ], [ -65.999, -23.999 ], [ -65.999, -23.966 ], [ -65.966, -23.966 ] ] ], [ [ [ -65.766, -23.999 ], [ -65.766, -23.966 ], [ -65.733, -23.966 ], [ -65.733, -23.999 ], [ -65.766, -23.999 ] ] ], [ [ [ -66.633, -23.933 ], [ -66.633, -23.966 ], [ -66.666, -23.966 ], [ -66.666, -23.933 ], [ -66.633, -23.933 ] ] ], [ [ [ -66.566, -23.999 ], [ -66.599, -23.999 ], [ -66.599, -23.966 ], [ -66.599, -23.933 ], [ -66.566, -23.933 ], [ -66.566, -23.966 ], [ -66.566, -23.999 ] ] ], [ [ [ -65.966, -23.966 ], [ -65.966, -23.933 ], [ -65.933, -23.933 ], [ -65.933, -23.966 ], [ -65.966, -23.966 ] ] ], [ [ [ -66.599, -23.933 ], [ -66.633, -23.933 ], [ -66.633, -23.899 ], [ -66.633, -23.866 ], [ -66.599, -23.866 ], [ -66.599, -23.899 ], [ -66.599, -23.933 ] ] ], [ [ [ -65.733, -23.966 ], [ -65.733, -23.933 ], [ -65.733, -23.899 ], [ -65.699, -23.899 ], [ -65.699, -23.866 ], [ -65.699, -23.833 ], [ -65.666, -23.833 ], [ -65.633, -23.833 ], [ -65.633, -23.866 ], [ -65.633, -23.899 ], [ -65.666, -23.899 ], [ -65.666, -23.933 ], [ -65.666, -23.966 ], [ -65.699, -23.966 ], [ -65.733, -23.966 ] ] ], [ [ [ -66.599, -23.799 ], [ -66.633, -23.799 ], [ -66.633, -23.766 ], [ -66.599, -23.766 ], [ -66.599, -23.799 ] ] ], [ [ [ -65.333, -23.733 ], [ -65.366, -23.733 ], [ -65.366, -23.699 ], [ -65.366, -23.666 ], [ -65.333, -23.666 ], [ -65.333, -23.699 ], [ -65.333, -23.733 ] ] ], [ [ [ -65.266, -23.633 ], [ -65.266, -23.666 ], [ -65.299, -23.666 ], [ -65.299, -23.633 ], [ -65.333, -23.633 ], [ -65.333, -23.599 ], [ -65.299, -23.599 ], [ -65.266, -23.599 ], [ -65.266, -23.633 ] ] ], [ [ [ -67.033, -23.533 ], [ -67.033, -23.566 ], [ -66.999, -23.566 ], [ -66.999, -23.599 ], [ -67.033, -23.599 ], [ -67.033, -23.633 ], [ -66.999, -23.633 ], [ -66.966, -23.633 ], [ -66.966, -23.666 ], [ -66.966, -23.699 ], [ -66.933, -23.699 ], [ -66.933, -23.666 ], [ -66.899, -23.666 ], [ -66.899, -23.699 ], [ -66.866, -23.699 ], [ -66.866, -23.733 ], [ -66.833, -23.733 ], [ -66.833, -23.766 ], [ -66.866, -23.766 ], [ -66.866, -23.799 ], [ -66.833, -23.799 ], [ -66.833, -23.833 ], [ -66.833, -23.866 ], [ -66.866, -23.866 ], [ -66.866, -23.833 ], [ -66.899, -23.833 ], [ -66.933, -23.833 ], [ -66.933, -23.866 ], [ -66.966, -23.866 ], [ -66.966, -23.833 ], [ -66.966, -23.799 ], [ -66.933, -23.799 ], [ -66.933, -23.766 ], [ -66.933, -23.733 ], [ -66.966, -23.733 ], [ -66.966, -23.766 ], [ -66.999, -23.766 ], [ -67.033, -23.766 ], [ -67.066, -23.766 ], [ -67.066, -23.733 ], [ -67.066, -23.699 ], [ -67.099, -23.699 ], [ -67.099, -23.666 ], [ -67.099, -23.633 ], [ -67.066, -23.633 ], [ -67.066, -23.599 ], [ -67.066, -23.566 ], [ -67.066, -23.533 ], [ -67.033, -23.533 ] ] ], [ [ [ -66.833, -23.333 ], [ -66.833, -23.366 ], [ -66.799, -23.366 ], [ -66.799, -23.399 ], [ -66.799, -23.433 ], [ -66.799, -23.466 ], [ -66.799, -23.499 ], [ -66.833, -23.499 ], [ -66.833, -23.466 ], [ -66.833, -23.433 ], [ -66.866, -23.433 ], [ -66.866, -23.399 ], [ -66.866, -23.366 ], [ -66.866, -23.333 ], [ -66.866, -23.299 ], [ -66.833, -23.299 ], [ -66.833, -23.333 ] ] ], [ [ [ -65.733, -23.233 ], [ -65.766, -23.233 ], [ -65.766, -23.199 ], [ -65.766, -23.166 ], [ -65.733, -23.166 ], [ -65.733, -23.199 ], [ -65.733, -23.233 ] ] ], [ [ [ -66.433, -23.166 ], [ -66.466, -23.166 ], [ -66.466, -23.133 ], [ -66.433, -23.133 ], [ -66.433, -23.166 ] ] ], [ [ [ -65.666, -23.133 ], [ -65.666, -23.166 ], [ -65.666, -23.199 ], [ -65.666, -23.233 ], [ -65.699, -23.233 ], [ -65.699, -23.199 ], [ -65.699, -23.166 ], [ -65.699, -23.133 ], [ -65.733, -23.133 ], [ -65.733, -23.099 ], [ -65.699, -23.099 ], [ -65.666, -23.099 ], [ -65.666, -23.133 ] ] ], [ [ [ -66.866, -22.999 ], [ -66.833, -22.999 ], [ -66.833, -23.033 ], [ -66.833, -23.066 ], [ -66.866, -23.066 ], [ -66.866, -23.033 ], [ -66.866, -22.999 ] ] ], [ [ [ -65.199, -22.999 ], [ -65.233, -22.999 ], [ -65.233, -22.966 ], [ -65.199, -22.966 ], [ -65.199, -22.999 ] ] ], [ [ [ -66.999, -22.933 ], [ -66.999, -22.966 ], [ -66.966, -22.966 ], [ -66.966, -22.999 ], [ -66.966, -23.033 ], [ -66.966, -23.066 ], [ -66.999, -23.066 ], [ -67.009, -23.057 ], [ -66.991, -23.000 ], [ -67.046, -22.946 ], [ -67.033, -22.933 ], [ -66.999, -22.933 ] ] ], [ [ [ -66.866, -22.999 ], [ -66.899, -22.999 ], [ -66.899, -23.033 ], [ -66.933, -23.033 ], [ -66.933, -22.999 ], [ -66.933, -22.966 ], [ -66.933, -22.933 ], [ -66.899, -22.933 ], [ -66.899, -22.966 ], [ -66.866, -22.966 ], [ -66.866, -22.999 ] ] ], [ [ [ -66.599, -22.933 ], [ -66.566, -22.933 ], [ -66.566, -22.966 ], [ -66.599, -22.966 ], [ -66.599, -22.933 ] ] ], [ [ [ -66.566, -22.933 ], [ -66.566, -22.899 ], [ -66.566, -22.866 ], [ -66.566, -22.833 ], [ -66.533, -22.833 ], [ -66.533, -22.866 ], [ -66.533, -22.899 ], [ -66.533, -22.933 ], [ -66.566, -22.933 ] ] ], [ [ [ -67.133, -22.833 ], [ -67.147, -22.847 ], [ -67.180, -22.813 ], [ -67.172, -22.799 ], [ -67.133, -22.799 ], [ -67.133, -22.833 ] ] ], [ [ [ -66.599, -22.933 ], [ -66.633, -22.933 ], [ -66.633, -22.966 ], [ -66.666, -22.966 ], [ -66.666, -22.933 ], [ -66.666, -22.899 ], [ -66.666, -22.866 ], [ -66.699, -22.866 ], [ -66.699, -22.833 ], [ -66.699, -22.799 ], [ -66.666, -22.799 ], [ -66.633, -22.799 ], [ -66.633, -22.833 ], [ -66.633, -22.866 ], [ -66.599, -22.866 ], [ -66.599, -22.899 ], [ -66.599, -22.933 ] ] ], [ [ [ -66.566, -22.833 ], [ -66.599, -22.833 ], [ -66.599, -22.799 ], [ -66.566, -22.799 ], [ -66.566, -22.833 ] ] ], [ [ [ -66.333, -22.833 ], [ -66.366, -22.833 ], [ -66.366, -22.799 ], [ -66.366, -22.766 ], [ -66.333, -22.766 ], [ -66.333, -22.799 ], [ -66.333, -22.833 ] ] ], [ [ [ -67.099, -22.766 ], [ -67.133, -22.766 ], [ -67.146, -22.753 ], [ -67.128, -22.722 ], [ -67.099, -22.705 ], [ -67.099, -22.733 ], [ -67.099, -22.766 ] ] ], [ [ [ -66.933, -22.733 ], [ -66.933, -22.766 ], [ -66.899, -22.766 ], [ -66.866, -22.766 ], [ -66.866, -22.799 ], [ -66.899, -22.799 ], [ -66.899, -22.833 ], [ -66.899, -22.866 ], [ -66.933, -22.866 ], [ -66.933, -22.899 ], [ -66.966, -22.899 ], [ -66.966, -22.866 ], [ -66.999, -22.866 ], [ -67.033, -22.866 ], [ -67.033, -22.899 ], [ -67.066, -22.899 ], [ -67.079, -22.913 ], [ -67.113, -22.880 ], [ -67.099, -22.866 ], [ -67.099, -22.833 ], [ -67.066, -22.833 ], [ -67.066, -22.799 ], [ -67.033, -22.799 ], [ -66.999, -22.799 ], [ -66.999, -22.766 ], [ -66.999, -22.733 ], [ -67.033, -22.733 ], [ -67.033, -22.699 ], [ -66.999, -22.699 ], [ -66.966, -22.699 ], [ -66.933, -22.699 ], [ -66.933, -22.733 ] ] ], [ [ [ -66.999, -22.633 ], [ -67.014, -22.647 ], [ -67.020, -22.599 ], [ -66.999, -22.599 ], [ -66.999, -22.633 ] ] ], [ [ [ -66.799, -22.633 ], [ -66.833, -22.633 ], [ -66.833, -22.599 ], [ -66.799, -22.599 ], [ -66.766, -22.599 ], [ -66.766, -22.633 ], [ -66.799, -22.633 ] ] ], [ [ [ -66.599, -22.599 ], [ -66.633, -22.599 ], [ -66.633, -22.566 ], [ -66.599, -22.566 ], [ -66.599, -22.599 ] ] ], [ [ [ -66.533, -22.599 ], [ -66.566, -22.599 ], [ -66.566, -22.566 ], [ -66.566, -22.533 ], [ -66.533, -22.533 ], [ -66.533, -22.566 ], [ -66.533, -22.599 ] ] ], [ [ [ -66.933, -22.533 ], [ -66.965, -22.533 ], [ -66.927, -22.492 ], [ -66.866, -22.470 ], [ -66.866, -22.499 ], [ -66.899, -22.499 ], [ -66.899, -22.533 ], [ -66.933, -22.533 ] ] ], [ [ [ -66.733, -22.466 ], [ -66.699, -22.466 ], [ -66.699, -22.499 ], [ -66.733, -22.499 ], [ -66.733, -22.466 ] ] ], [ [ [ -66.733, -22.466 ], [ -66.766, -22.466 ], [ -66.766, -22.499 ], [ -66.766, -22.533 ], [ -66.799, -22.533 ], [ -66.799, -22.499 ], [ -66.799, -22.466 ], [ -66.815, -22.451 ], [ -66.802, -22.446 ], [ -66.782, -22.437 ], [ -66.783, -22.433 ], [ -66.766, -22.433 ], [ -66.733, -22.433 ], [ -66.733, -22.466 ] ] ], [ [ [ -66.699, -22.266 ], [ -66.733, -22.266 ], [ -66.743, -22.256 ], [ -66.738, -22.238 ], [ -66.685, -22.209 ], [ -66.652, -22.217 ], [ -66.651, -22.217 ], [ -66.666, -22.233 ], [ -66.699, -22.233 ], [ -66.699, -22.266 ] ] ], [ [ [ -66.599, -22.191 ], [ -66.599, -22.233 ], [ -66.633, -22.233 ], [ -66.644, -22.221 ], [ -66.638, -22.226 ], [ -66.623, -22.197 ], [ -66.599, -22.191 ] ] ] ] } }
]
}
