{
"type": "FeatureCollection",
                                                                                                                                  
"features": [
{ "type": "Feature", "properties": { "pm_icon": "AR_7b", "hzs": "7b" }, "geometry": { "type": "MultiPolygon", "coordinates": [ [ [ [ -66.333, -54.766 ], [ -66.333, -54.799 ], [ -66.366, -54.799 ], [ -66.366, -54.766 ], [ -66.333, -54.766 ] ] ], [ [ [ -67.166, -54.733 ], [ -67.133, -54.733 ], [ -67.133, -54.766 ], [ -67.166, -54.766 ], [ -67.166, -54.733 ] ] ], [ [ [ -66.333, -54.766 ], [ -66.333, -54.733 ], [ -66.299, -54.733 ], [ -66.299, -54.766 ], [ -66.333, -54.766 ] ] ], [ [ [ -68.466, -54.733 ], [ -68.466, -54.766 ], [ -68.499, -54.766 ], [ -68.499, -54.733 ], [ -68.533, -54.733 ], [ -68.533, -54.699 ], [ -68.499, -54.699 ], [ -68.466, -54.699 ], [ -68.466, -54.733 ] ] ], [ [ [ -68.366, -54.733 ], [ -68.399, -54.733 ], [ -68.399, -54.699 ], [ -68.366, -54.699 ], [ -68.333, -54.699 ], [ -68.333, -54.733 ], [ -68.366, -54.733 ] ] ], [ [ [ -67.599, -54.733 ], [ -67.599, -54.766 ], [ -67.633, -54.766 ], [ -67.666, -54.766 ], [ -67.699, -54.766 ], [ -67.733, -54.766 ], [ -67.766, -54.766 ], [ -67.766, -54.733 ], [ -67.799, -54.733 ], [ -67.799, -54.699 ], [ -67.766, -54.699 ], [ -67.733, -54.699 ], [ -67.699, -54.699 ], [ -67.699, -54.733 ], [ -67.666, -54.733 ], [ -67.633, -54.733 ], [ -67.633, -54.699 ], [ -67.599, -54.699 ], [ -67.566, -54.699 ], [ -67.566, -54.733 ], [ -67.599, -54.733 ] ] ], [ [ [ -68.133, -54.699 ], [ -68.166, -54.699 ], [ -68.166, -54.666 ], [ -68.133, -54.666 ], [ -68.133, -54.699 ] ] ], [ [ [ -68.133, -54.699 ], [ -68.099, -54.699 ], [ -68.099, -54.666 ], [ -68.066, -54.666 ], [ -68.066, -54.699 ], [ -68.066, -54.733 ], [ -68.099, -54.733 ], [ -68.133, -54.733 ], [ -68.133, -54.699 ] ] ], [ [ [ -68.133, -54.533 ], [ -68.166, -54.533 ], [ -68.166, -54.499 ], [ -68.133, -54.499 ], [ -68.133, -54.533 ] ] ], [ [ [ -67.666, -54.499 ], [ -67.699, -54.499 ], [ -67.699, -54.466 ], [ -67.666, -54.466 ], [ -67.633, -54.466 ], [ -67.633, -54.433 ], [ -67.599, -54.433 ], [ -67.566, -54.433 ], [ -67.533, -54.433 ], [ -67.499, -54.433 ], [ -67.499, -54.466 ], [ -67.533, -54.466 ], [ -67.566, -54.466 ], [ -67.566, -54.499 ], [ -67.599, -54.499 ], [ -67.633, -54.499 ], [ -67.666, -54.499 ] ] ], [ [ [ -66.866, -54.533 ], [ -66.899, -54.533 ], [ -66.899, -54.566 ], [ -66.866, -54.566 ], [ -66.866, -54.533 ], [ -66.833, -54.533 ], [ -66.799, -54.533 ], [ -66.799, -54.566 ], [ -66.766, -54.566 ], [ -66.733, -54.566 ], [ -66.733, -54.599 ], [ -66.699, -54.599 ], [ -66.666, -54.599 ], [ -66.633, -54.599 ], [ -66.633, -54.633 ], [ -66.599, -54.633 ], [ -66.566, -54.633 ], [ -66.566, -54.666 ], [ -66.533, -54.666 ], [ -66.533, -54.699 ], [ -66.566, -54.699 ], [ -66.599, -54.699 ], [ -66.633, -54.699 ], [ -66.666, -54.699 ], [ -66.666, -54.733 ], [ -66.699, -54.733 ], [ -66.733, -54.733 ], [ -66.766, -54.733 ], [ -66.799, -54.733 ], [ -66.799, -54.699 ], [ -66.833, -54.699 ], [ -66.833, -54.733 ], [ -66.833, -54.766 ], [ -66.866, -54.766 ], [ -66.899, -54.766 ], [ -66.933, -54.766 ], [ -66.966, -54.766 ], [ -66.999, -54.766 ], [ -67.033, -54.766 ], [ -67.033, -54.733 ], [ -67.066, -54.733 ], [ -67.099, -54.733 ], [ -67.133, -54.733 ], [ -67.133, -54.699 ], [ -67.166, -54.699 ], [ -67.166, -54.733 ], [ -67.199, -54.733 ], [ -67.199, -54.699 ], [ -67.233, -54.699 ], [ -67.233, -54.733 ], [ -67.233, -54.766 ], [ -67.266, -54.766 ], [ -67.299, -54.766 ], [ -67.333, -54.766 ], [ -67.366, -54.766 ], [ -67.366, -54.733 ], [ -67.399, -54.733 ], [ -67.433, -54.733 ], [ -67.466, -54.733 ], [ -67.466, -54.699 ], [ -67.433, -54.699 ], [ -67.433, -54.666 ], [ -67.399, -54.666 ], [ -67.399, -54.633 ], [ -67.366, -54.633 ], [ -67.333, -54.633 ], [ -67.299, -54.633 ], [ -67.266, -54.633 ], [ -67.233, -54.633 ], [ -67.233, -54.599 ], [ -67.199, -54.599 ], [ -67.166, -54.599 ], [ -67.166, -54.566 ], [ -67.133, -54.566 ], [ -67.133, -54.533 ], [ -67.133, -54.499 ], [ -67.099, -54.499 ], [ -67.066, -54.499 ], [ -67.066, -54.533 ], [ -67.033, -54.533 ], [ -67.033, -54.499 ], [ -67.033, -54.466 ], [ -67.066, -54.466 ], [ -67.066, -54.433 ], [ -67.066, -54.399 ], [ -67.033, -54.399 ], [ -66.999, -54.399 ], [ -66.966, -54.399 ], [ -66.966, -54.433 ], [ -66.966, -54.466 ], [ -66.933, -54.466 ], [ -66.899, -54.466 ], [ -66.866, -54.466 ], [ -66.866, -54.499 ], [ -66.866, -54.533 ] ], [ [ -66.999, -54.566 ], [ -66.999, -54.599 ], [ -66.966, -54.599 ], [ -66.966, -54.566 ], [ -66.999, -54.566 ] ] ], [ [ [ -67.733, -54.399 ], [ -67.733, -54.433 ], [ -67.766, -54.433 ], [ -67.799, -54.433 ], [ -67.799, -54.399 ], [ -67.833, -54.399 ], [ -67.866, -54.399 ], [ -67.866, -54.366 ], [ -67.866, -54.333 ], [ -67.833, -54.333 ], [ -67.799, -54.333 ], [ -67.799, -54.299 ], [ -67.766, -54.299 ], [ -67.733, -54.299 ], [ -67.699, -54.299 ], [ -67.699, -54.333 ], [ -67.699, -54.366 ], [ -67.733, -54.366 ], [ -67.733, -54.399 ] ] ], [ [ [ -67.766, -54.033 ], [ -67.799, -54.033 ], [ -67.799, -53.999 ], [ -67.766, -53.999 ], [ -67.766, -54.033 ] ] ], [ [ [ -72.099, -51.499 ], [ -72.099, -51.533 ], [ -72.133, -51.533 ], [ -72.166, -51.533 ], [ -72.166, -51.499 ], [ -72.133, -51.499 ], [ -72.099, -51.499 ] ] ], [ [ [ -72.099, -51.499 ], [ -72.099, -51.466 ], [ -72.066, -51.466 ], [ -72.066, -51.433 ], [ -72.099, -51.433 ], [ -72.099, -51.466 ], [ -72.133, -51.466 ], [ -72.133, -51.433 ], [ -72.133, -51.399 ], [ -72.099, -51.399 ], [ -72.099, -51.366 ], [ -72.066, -51.366 ], [ -72.033, -51.366 ], [ -71.999, -51.366 ], [ -71.999, -51.399 ], [ -71.999, -51.433 ], [ -71.999, -51.466 ], [ -71.999, -51.499 ], [ -71.966, -51.499 ], [ -71.966, -51.533 ], [ -71.999, -51.533 ], [ -72.033, -51.533 ], [ -72.033, -51.499 ], [ -72.066, -51.499 ], [ -72.099, -51.499 ] ] ], [ [ [ -72.266, -50.833 ], [ -72.268, -50.835 ], [ -72.268, -50.834 ], [ -72.269, -50.834 ], [ -72.269, -50.834 ], [ -72.270, -50.833 ], [ -72.271, -50.833 ], [ -72.272, -50.832 ], [ -72.272, -50.832 ], [ -72.272, -50.831 ], [ -72.272, -50.831 ], [ -72.272, -50.830 ], [ -72.272, -50.830 ], [ -72.272, -50.829 ], [ -72.272, -50.828 ], [ -72.272, -50.828 ], [ -72.272, -50.828 ], [ -72.272, -50.827 ], [ -72.272, -50.826 ], [ -72.273, -50.826 ], [ -72.274, -50.826 ], [ -72.274, -50.825 ], [ -72.274, -50.824 ], [ -72.275, -50.824 ], [ -72.276, -50.823 ], [ -72.276, -50.823 ], [ -72.277, -50.822 ], [ -72.278, -50.822 ], [ -72.278, -50.821 ], [ -72.279, -50.820 ], [ -72.279, -50.820 ], [ -72.279, -50.819 ], [ -72.280, -50.819 ], [ -72.281, -50.818 ], [ -72.282, -50.817 ], [ -72.282, -50.817 ], [ -72.283, -50.816 ], [ -72.283, -50.815 ], [ -72.284, -50.814 ], [ -72.284, -50.814 ], [ -72.285, -50.813 ], [ -72.285, -50.812 ], [ -72.285, -50.811 ], [ -72.285, -50.810 ], [ -72.286, -50.809 ], [ -72.289, -50.808 ], [ -72.290, -50.806 ], [ -72.291, -50.805 ], [ -72.292, -50.803 ], [ -72.292, -50.803 ], [ -72.293, -50.802 ], [ -72.294, -50.801 ], [ -72.294, -50.800 ], [ -72.294, -50.799 ], [ -72.266, -50.799 ], [ -72.233, -50.799 ], [ -72.233, -50.833 ], [ -72.266, -50.833 ] ] ], [ [ [ -73.118, -50.782 ], [ -73.124, -50.784 ], [ -73.125, -50.784 ], [ -73.127, -50.783 ], [ -73.130, -50.783 ], [ -73.131, -50.783 ], [ -73.137, -50.785 ], [ -73.142, -50.789 ], [ -73.146, -50.791 ], [ -73.153, -50.793 ], [ -73.156, -50.794 ], [ -73.158, -50.795 ], [ -73.159, -50.798 ], [ -73.162, -50.801 ], [ -73.165, -50.803 ], [ -73.166, -50.803 ], [ -73.166, -50.766 ], [ -73.166, -50.733 ], [ -73.133, -50.733 ], [ -73.133, -50.766 ], [ -73.118, -50.781 ], [ -73.118, -50.782 ] ] ], [ [ [ -72.999, -50.733 ], [ -72.999, -50.758 ], [ -73.000, -50.758 ], [ -73.001, -50.760 ], [ -73.004, -50.761 ], [ -73.006, -50.762 ], [ -73.009, -50.761 ], [ -73.010, -50.761 ], [ -73.011, -50.761 ], [ -73.011, -50.761 ], [ -73.012, -50.761 ], [ -73.014, -50.761 ], [ -73.016, -50.761 ], [ -73.023, -50.761 ], [ -73.030, -50.759 ], [ -73.032, -50.759 ], [ -73.033, -50.759 ], [ -73.033, -50.733 ], [ -72.999, -50.733 ] ] ], [ [ [ -72.999, -50.733 ], [ -72.999, -50.699 ], [ -72.966, -50.699 ], [ -72.966, -50.733 ], [ -72.999, -50.733 ] ] ], [ [ [ -73.099, -50.699 ], [ -73.133, -50.699 ], [ -73.133, -50.666 ], [ -73.099, -50.666 ], [ -73.099, -50.699 ] ] ], [ [ [ -73.033, -50.666 ], [ -73.066, -50.666 ], [ -73.066, -50.633 ], [ -73.033, -50.633 ], [ -73.033, -50.666 ] ] ], [ [ [ -72.866, -50.633 ], [ -72.866, -50.663 ], [ -72.867, -50.663 ], [ -72.868, -50.664 ], [ -72.869, -50.664 ], [ -72.871, -50.665 ], [ -72.872, -50.665 ], [ -72.872, -50.666 ], [ -72.873, -50.667 ], [ -72.874, -50.668 ], [ -72.875, -50.668 ], [ -72.876, -50.670 ], [ -72.877, -50.671 ], [ -72.878, -50.671 ], [ -72.880, -50.671 ], [ -72.881, -50.671 ], [ -72.883, -50.671 ], [ -72.885, -50.671 ], [ -72.886, -50.671 ], [ -72.887, -50.670 ], [ -72.889, -50.670 ], [ -72.890, -50.669 ], [ -72.891, -50.670 ], [ -72.892, -50.670 ], [ -72.894, -50.670 ], [ -72.895, -50.671 ], [ -72.896, -50.672 ], [ -72.896, -50.672 ], [ -72.896, -50.672 ], [ -72.897, -50.673 ], [ -72.897, -50.673 ], [ -72.897, -50.674 ], [ -72.898, -50.675 ], [ -72.898, -50.675 ], [ -72.900, -50.677 ], [ -72.900, -50.677 ], [ -72.900, -50.678 ], [ -72.901, -50.679 ], [ -72.901, -50.679 ], [ -72.902, -50.682 ], [ -72.904, -50.683 ], [ -72.904, -50.683 ], [ -72.905, -50.685 ], [ -72.906, -50.685 ], [ -72.906, -50.686 ], [ -72.905, -50.687 ], [ -72.906, -50.687 ], [ -72.907, -50.689 ], [ -72.907, -50.690 ], [ -72.908, -50.690 ], [ -72.908, -50.691 ], [ -72.908, -50.691 ], [ -72.908, -50.692 ], [ -72.908, -50.692 ], [ -72.907, -50.693 ], [ -72.907, -50.694 ], [ -72.908, -50.695 ], [ -72.908, -50.695 ], [ -72.908, -50.696 ], [ -72.908, -50.696 ], [ -72.910, -50.698 ], [ -72.910, -50.698 ], [ -72.911, -50.699 ], [ -72.913, -50.699 ], [ -72.917, -50.701 ], [ -72.918, -50.703 ], [ -72.919, -50.703 ], [ -72.921, -50.704 ], [ -72.922, -50.704 ], [ -72.922, -50.704 ], [ -72.923, -50.704 ], [ -72.923, -50.704 ], [ -72.926, -50.705 ], [ -72.927, -50.705 ], [ -72.927, -50.705 ], [ -72.933, -50.699 ], [ -72.933, -50.666 ], [ -72.899, -50.666 ], [ -72.899, -50.633 ], [ -72.866, -50.633 ] ] ], [ [ [ -72.766, -50.599 ], [ -72.766, -50.630 ], [ -72.767, -50.629 ], [ -72.768, -50.629 ], [ -72.770, -50.628 ], [ -72.770, -50.627 ], [ -72.771, -50.627 ], [ -72.772, -50.627 ], [ -72.773, -50.628 ], [ -72.773, -50.628 ], [ -72.774, -50.628 ], [ -72.775, -50.628 ], [ -72.775, -50.628 ], [ -72.776, -50.628 ], [ -72.777, -50.628 ], [ -72.778, -50.629 ], [ -72.779, -50.629 ], [ -72.780, -50.630 ], [ -72.780, -50.630 ], [ -72.781, -50.631 ], [ -72.782, -50.631 ], [ -72.783, -50.631 ], [ -72.784, -50.631 ], [ -72.786, -50.631 ], [ -72.787, -50.631 ], [ -72.788, -50.632 ], [ -72.789, -50.632 ], [ -72.790, -50.632 ], [ -72.791, -50.633 ], [ -72.792, -50.633 ], [ -72.793, -50.633 ], [ -72.794, -50.634 ], [ -72.794, -50.635 ], [ -72.795, -50.636 ], [ -72.795, -50.637 ], [ -72.796, -50.637 ], [ -72.796, -50.638 ], [ -72.798, -50.638 ], [ -72.799, -50.638 ], [ -72.799, -50.599 ], [ -72.766, -50.599 ] ] ], [ [ [ -73.066, -50.566 ], [ -73.066, -50.599 ], [ -73.099, -50.599 ], [ -73.099, -50.566 ], [ -73.066, -50.566 ] ] ], [ [ [ -72.866, -50.633 ], [ -72.866, -50.599 ], [ -72.866, -50.566 ], [ -72.833, -50.566 ], [ -72.833, -50.599 ], [ -72.833, -50.633 ], [ -72.866, -50.633 ] ] ], [ [ [ -73.066, -50.566 ], [ -73.066, -50.533 ], [ -73.033, -50.533 ], [ -72.999, -50.533 ], [ -72.966, -50.533 ], [ -72.966, -50.566 ], [ -72.966, -50.599 ], [ -72.999, -50.599 ], [ -73.033, -50.599 ], [ -73.033, -50.566 ], [ -73.066, -50.566 ] ] ], [ [ [ -72.733, -50.566 ], [ -72.766, -50.566 ], [ -72.799, -50.566 ], [ -72.799, -50.533 ], [ -72.766, -50.533 ], [ -72.733, -50.533 ], [ -72.733, -50.566 ] ] ], [ [ [ -72.733, -50.566 ], [ -72.699, -50.566 ], [ -72.699, -50.533 ], [ -72.666, -50.533 ], [ -72.666, -50.566 ], [ -72.666, -50.599 ], [ -72.699, -50.599 ], [ -72.733, -50.599 ], [ -72.733, -50.566 ] ] ], [ [ [ -72.666, -50.533 ], [ -72.666, -50.499 ], [ -72.633, -50.499 ], [ -72.599, -50.499 ], [ -72.599, -50.533 ], [ -72.633, -50.533 ], [ -72.666, -50.533 ] ] ], [ [ [ -73.166, -50.466 ], [ -73.133, -50.466 ], [ -73.133, -50.499 ], [ -73.099, -50.499 ], [ -73.099, -50.533 ], [ -73.133, -50.533 ], [ -73.166, -50.533 ], [ -73.166, -50.499 ], [ -73.166, -50.466 ] ] ], [ [ [ -72.533, -50.499 ], [ -72.566, -50.499 ], [ -72.566, -50.466 ], [ -72.533, -50.466 ], [ -72.533, -50.499 ] ] ], [ [ [ -73.133, -50.466 ], [ -73.133, -50.433 ], [ -73.099, -50.433 ], [ -73.099, -50.466 ], [ -73.133, -50.466 ] ] ], [ [ [ -72.933, -50.466 ], [ -72.966, -50.466 ], [ -72.966, -50.433 ], [ -72.933, -50.433 ], [ -72.933, -50.466 ] ] ], [ [ [ -72.833, -50.433 ], [ -72.833, -50.466 ], [ -72.866, -50.466 ], [ -72.866, -50.433 ], [ -72.833, -50.433 ] ] ], [ [ [ -72.466, -50.466 ], [ -72.499, -50.466 ], [ -72.499, -50.433 ], [ -72.466, -50.433 ], [ -72.466, -50.466 ] ] ], [ [ [ -72.033, -50.433 ], [ -71.999, -50.433 ], [ -71.966, -50.433 ], [ -71.933, -50.433 ], [ -71.933, -50.466 ], [ -71.933, -50.499 ], [ -71.899, -50.499 ], [ -71.866, -50.499 ], [ -71.833, -50.499 ], [ -71.833, -50.533 ], [ -71.799, -50.533 ], [ -71.766, -50.533 ], [ -71.766, -50.566 ], [ -71.766, -50.599 ], [ -71.766, -50.633 ], [ -71.766, -50.666 ], [ -71.766, -50.699 ], [ -71.799, -50.699 ], [ -71.799, -50.733 ], [ -71.799, -50.766 ], [ -71.799, -50.799 ], [ -71.833, -50.799 ], [ -71.866, -50.799 ], [ -71.899, -50.799 ], [ -71.899, -50.766 ], [ -71.933, -50.766 ], [ -71.966, -50.766 ], [ -71.999, -50.766 ], [ -72.033, -50.766 ], [ -72.066, -50.766 ], [ -72.066, -50.799 ], [ -72.066, -50.833 ], [ -72.099, -50.833 ], [ -72.133, -50.833 ], [ -72.166, -50.833 ], [ -72.199, -50.833 ], [ -72.199, -50.799 ], [ -72.166, -50.799 ], [ -72.133, -50.799 ], [ -72.099, -50.799 ], [ -72.099, -50.766 ], [ -72.133, -50.766 ], [ -72.133, -50.733 ], [ -72.099, -50.733 ], [ -72.066, -50.733 ], [ -72.033, -50.733 ], [ -71.999, -50.733 ], [ -71.966, -50.733 ], [ -71.933, -50.733 ], [ -71.899, -50.733 ], [ -71.899, -50.699 ], [ -71.899, -50.666 ], [ -71.933, -50.666 ], [ -71.966, -50.666 ], [ -71.966, -50.633 ], [ -71.999, -50.633 ], [ -71.999, -50.599 ], [ -71.999, -50.566 ], [ -71.999, -50.533 ], [ -72.033, -50.533 ], [ -72.066, -50.533 ], [ -72.066, -50.499 ], [ -72.033, -50.499 ], [ -71.999, -50.499 ], [ -71.999, -50.466 ], [ -72.033, -50.466 ], [ -72.033, -50.433 ] ] ], [ [ [ -73.166, -50.466 ], [ -73.199, -50.466 ], [ -73.233, -50.466 ], [ -73.266, -50.466 ], [ -73.266, -50.433 ], [ -73.266, -50.399 ], [ -73.233, -50.399 ], [ -73.199, -50.399 ], [ -73.199, -50.433 ], [ -73.166, -50.433 ], [ -73.166, -50.466 ] ] ], [ [ [ -72.999, -50.433 ], [ -73.033, -50.433 ], [ -73.033, -50.399 ], [ -72.999, -50.399 ], [ -72.999, -50.433 ] ] ], [ [ [ -72.466, -50.466 ], [ -72.433, -50.466 ], [ -72.399, -50.466 ], [ -72.399, -50.433 ], [ -72.399, -50.399 ], [ -72.366, -50.399 ], [ -72.366, -50.433 ], [ -72.366, -50.466 ], [ -72.333, -50.466 ], [ -72.333, -50.499 ], [ -72.299, -50.499 ], [ -72.266, -50.499 ], [ -72.266, -50.533 ], [ -72.299, -50.533 ], [ -72.333, -50.533 ], [ -72.366, -50.533 ], [ -72.366, -50.499 ], [ -72.399, -50.499 ], [ -72.433, -50.499 ], [ -72.466, -50.499 ], [ -72.466, -50.466 ] ] ], [ [ [ -72.199, -50.399 ], [ -72.199, -50.433 ], [ -72.199, -50.466 ], [ -72.233, -50.466 ], [ -72.233, -50.433 ], [ -72.233, -50.399 ], [ -72.199, -50.399 ] ] ], [ [ [ -71.699, -50.433 ], [ -71.699, -50.466 ], [ -71.733, -50.466 ], [ -71.766, -50.466 ], [ -71.766, -50.433 ], [ -71.799, -50.433 ], [ -71.799, -50.399 ], [ -71.766, -50.399 ], [ -71.733, -50.399 ], [ -71.699, -50.399 ], [ -71.699, -50.433 ] ] ], [ [ [ -73.433, -50.399 ], [ -73.443, -50.409 ], [ -73.444, -50.408 ], [ -73.447, -50.406 ], [ -73.449, -50.403 ], [ -73.455, -50.401 ], [ -73.456, -50.400 ], [ -73.454, -50.398 ], [ -73.453, -50.396 ], [ -73.453, -50.395 ], [ -73.453, -50.394 ], [ -73.455, -50.392 ], [ -73.457, -50.391 ], [ -73.459, -50.391 ], [ -73.465, -50.391 ], [ -73.466, -50.391 ], [ -73.466, -50.366 ], [ -73.433, -50.366 ], [ -73.433, -50.399 ] ] ], [ [ [ -73.266, -50.399 ], [ -73.299, -50.399 ], [ -73.299, -50.366 ], [ -73.266, -50.366 ], [ -73.266, -50.399 ] ] ], [ [ [ -72.299, -50.399 ], [ -72.333, -50.399 ], [ -72.333, -50.366 ], [ -72.299, -50.366 ], [ -72.266, -50.366 ], [ -72.266, -50.399 ], [ -72.299, -50.399 ] ] ], [ [ [ -72.033, -50.433 ], [ -72.066, -50.433 ], [ -72.099, -50.433 ], [ -72.099, -50.399 ], [ -72.133, -50.399 ], [ -72.166, -50.399 ], [ -72.199, -50.399 ], [ -72.199, -50.366 ], [ -72.166, -50.366 ], [ -72.133, -50.366 ], [ -72.099, -50.366 ], [ -72.066, -50.366 ], [ -72.066, -50.399 ], [ -72.033, -50.399 ], [ -72.033, -50.433 ] ] ], [ [ [ -73.366, -50.366 ], [ -73.399, -50.366 ], [ -73.399, -50.333 ], [ -73.366, -50.333 ], [ -73.366, -50.366 ] ] ], [ [ [ -73.299, -50.366 ], [ -73.333, -50.366 ], [ -73.333, -50.333 ], [ -73.299, -50.333 ], [ -73.299, -50.366 ] ] ], [ [ [ -73.199, -50.366 ], [ -73.233, -50.366 ], [ -73.233, -50.333 ], [ -73.199, -50.333 ], [ -73.166, -50.333 ], [ -73.166, -50.366 ], [ -73.199, -50.366 ] ] ], [ [ [ -72.933, -50.366 ], [ -72.966, -50.366 ], [ -72.966, -50.333 ], [ -72.933, -50.333 ], [ -72.933, -50.366 ] ] ], [ [ [ -72.833, -50.433 ], [ -72.833, -50.399 ], [ -72.833, -50.366 ], [ -72.866, -50.366 ], [ -72.899, -50.366 ], [ -72.899, -50.333 ], [ -72.866, -50.333 ], [ -72.833, -50.333 ], [ -72.799, -50.333 ], [ -72.799, -50.366 ], [ -72.799, -50.399 ], [ -72.799, -50.433 ], [ -72.833, -50.433 ] ] ], [ [ [ -71.166, -50.333 ], [ -71.199, -50.333 ], [ -71.199, -50.299 ], [ -71.166, -50.299 ], [ -71.166, -50.333 ] ] ], [ [ [ -73.333, -50.299 ], [ -73.366, -50.299 ], [ -73.366, -50.266 ], [ -73.333, -50.266 ], [ -73.333, -50.299 ] ] ], [ [ [ -73.099, -50.299 ], [ -73.133, -50.299 ], [ -73.133, -50.266 ], [ -73.099, -50.266 ], [ -73.099, -50.299 ] ] ], [ [ [ -72.999, -50.266 ], [ -72.999, -50.299 ], [ -73.033, -50.299 ], [ -73.033, -50.266 ], [ -72.999, -50.266 ] ] ], [ [ [ -73.399, -50.266 ], [ -73.433, -50.266 ], [ -73.433, -50.233 ], [ -73.399, -50.233 ], [ -73.399, -50.266 ] ] ], [ [ [ -72.999, -50.266 ], [ -72.999, -50.233 ], [ -72.966, -50.233 ], [ -72.933, -50.233 ], [ -72.933, -50.266 ], [ -72.966, -50.266 ], [ -72.999, -50.266 ] ] ], [ [ [ -73.333, -50.199 ], [ -73.333, -50.233 ], [ -73.366, -50.233 ], [ -73.366, -50.199 ], [ -73.333, -50.199 ] ] ], [ [ [ -73.199, -50.233 ], [ -73.233, -50.233 ], [ -73.233, -50.199 ], [ -73.199, -50.199 ], [ -73.199, -50.233 ] ] ], [ [ [ -73.133, -50.233 ], [ -73.166, -50.233 ], [ -73.166, -50.199 ], [ -73.133, -50.199 ], [ -73.133, -50.233 ] ] ], [ [ [ -73.333, -50.199 ], [ -73.333, -50.166 ], [ -73.299, -50.166 ], [ -73.299, -50.199 ], [ -73.333, -50.199 ] ] ], [ [ [ -73.333, -50.166 ], [ -73.366, -50.166 ], [ -73.366, -50.133 ], [ -73.333, -50.133 ], [ -73.333, -50.166 ] ] ], [ [ [ -72.999, -50.166 ], [ -73.033, -50.166 ], [ -73.033, -50.133 ], [ -72.999, -50.133 ], [ -72.999, -50.166 ] ] ], [ [ [ -72.799, -50.099 ], [ -72.799, -50.133 ], [ -72.766, -50.133 ], [ -72.766, -50.166 ], [ -72.799, -50.166 ], [ -72.833, -50.166 ], [ -72.866, -50.166 ], [ -72.866, -50.133 ], [ -72.866, -50.099 ], [ -72.833, -50.099 ], [ -72.799, -50.099 ] ] ], [ [ [ -73.399, -50.066 ], [ -73.399, -50.099 ], [ -73.433, -50.099 ], [ -73.433, -50.066 ], [ -73.399, -50.066 ] ] ], [ [ [ -73.033, -50.099 ], [ -73.066, -50.099 ], [ -73.066, -50.066 ], [ -73.033, -50.066 ], [ -73.033, -50.099 ] ] ], [ [ [ -73.399, -50.066 ], [ -73.399, -50.033 ], [ -73.366, -50.033 ], [ -73.366, -50.066 ], [ -73.399, -50.066 ] ] ], [ [ [ -72.699, -50.033 ], [ -72.699, -50.066 ], [ -72.666, -50.066 ], [ -72.666, -50.099 ], [ -72.699, -50.099 ], [ -72.733, -50.099 ], [ -72.733, -50.066 ], [ -72.733, -50.033 ], [ -72.699, -50.033 ] ] ], [ [ [ -73.366, -50.033 ], [ -73.366, -49.999 ], [ -73.333, -49.999 ], [ -73.333, -50.033 ], [ -73.366, -50.033 ] ] ], [ [ [ -73.366, -49.999 ], [ -73.399, -49.999 ], [ -73.399, -49.966 ], [ -73.366, -49.966 ], [ -73.366, -49.999 ] ] ], [ [ [ -73.099, -49.866 ], [ -73.099, -49.899 ], [ -73.066, -49.899 ], [ -73.066, -49.933 ], [ -73.066, -49.966 ], [ -73.066, -49.999 ], [ -73.066, -50.033 ], [ -73.099, -50.033 ], [ -73.099, -49.999 ], [ -73.099, -49.966 ], [ -73.099, -49.933 ], [ -73.133, -49.933 ], [ -73.133, -49.899 ], [ -73.166, -49.899 ], [ -73.166, -49.866 ], [ -73.133, -49.866 ], [ -73.099, -49.866 ] ] ], [ [ [ -72.366, -49.833 ], [ -72.333, -49.833 ], [ -72.333, -49.799 ], [ -72.299, -49.799 ], [ -72.299, -49.833 ], [ -72.299, -49.866 ], [ -72.333, -49.866 ], [ -72.366, -49.866 ], [ -72.366, -49.833 ] ] ], [ [ [ -73.199, -49.833 ], [ -73.233, -49.833 ], [ -73.233, -49.789 ], [ -73.199, -49.789 ], [ -73.199, -49.833 ] ] ], [ [ [ -73.366, -49.966 ], [ -73.366, -49.933 ], [ -73.366, -49.899 ], [ -73.366, -49.866 ], [ -73.366, -49.833 ], [ -73.333, -49.833 ], [ -73.333, -49.789 ], [ -73.275, -49.789 ], [ -73.266, -49.789 ], [ -73.266, -49.833 ], [ -73.299, -49.833 ], [ -73.299, -49.866 ], [ -73.299, -49.899 ], [ -73.333, -49.899 ], [ -73.333, -49.933 ], [ -73.333, -49.966 ], [ -73.366, -49.966 ] ] ], [ [ [ -72.866, -49.699 ], [ -72.899, -49.699 ], [ -72.933, -49.699 ], [ -72.966, -49.699 ], [ -72.966, -49.666 ], [ -72.933, -49.666 ], [ -72.899, -49.666 ], [ -72.866, -49.666 ], [ -72.866, -49.699 ] ] ], [ [ [ -72.333, -49.799 ], [ -72.366, -49.799 ], [ -72.366, -49.833 ], [ -72.399, -49.833 ], [ -72.433, -49.833 ], [ -72.466, -49.833 ], [ -72.466, -49.866 ], [ -72.499, -49.866 ], [ -72.499, -49.899 ], [ -72.466, -49.899 ], [ -72.466, -49.933 ], [ -72.433, -49.933 ], [ -72.433, -49.966 ], [ -72.399, -49.966 ], [ -72.399, -49.999 ], [ -72.399, -50.033 ], [ -72.433, -50.033 ], [ -72.433, -50.066 ], [ -72.433, -50.099 ], [ -72.433, -50.133 ], [ -72.466, -50.133 ], [ -72.499, -50.133 ], [ -72.533, -50.133 ], [ -72.566, -50.133 ], [ -72.599, -50.133 ], [ -72.633, -50.133 ], [ -72.633, -50.099 ], [ -72.599, -50.099 ], [ -72.566, -50.099 ], [ -72.533, -50.099 ], [ -72.499, -50.099 ], [ -72.499, -50.066 ], [ -72.499, -50.033 ], [ -72.533, -50.033 ], [ -72.533, -49.999 ], [ -72.533, -49.966 ], [ -72.533, -49.933 ], [ -72.566, -49.933 ], [ -72.566, -49.966 ], [ -72.599, -49.966 ], [ -72.599, -49.933 ], [ -72.633, -49.933 ], [ -72.666, -49.933 ], [ -72.699, -49.933 ], [ -72.699, -49.966 ], [ -72.733, -49.966 ], [ -72.766, -49.966 ], [ -72.766, -49.933 ], [ -72.766, -49.899 ], [ -72.733, -49.899 ], [ -72.699, -49.899 ], [ -72.666, -49.899 ], [ -72.633, -49.899 ], [ -72.599, -49.899 ], [ -72.566, -49.899 ], [ -72.566, -49.866 ], [ -72.566, -49.833 ], [ -72.599, -49.833 ], [ -72.633, -49.833 ], [ -72.666, -49.833 ], [ -72.699, -49.833 ], [ -72.733, -49.833 ], [ -72.733, -49.799 ], [ -72.766, -49.799 ], [ -72.766, -49.766 ], [ -72.799, -49.766 ], [ -72.833, -49.766 ], [ -72.866, -49.766 ], [ -72.866, -49.733 ], [ -72.866, -49.699 ], [ -72.833, -49.699 ], [ -72.799, -49.699 ], [ -72.799, -49.733 ], [ -72.766, -49.733 ], [ -72.766, -49.699 ], [ -72.733, -49.699 ], [ -72.733, -49.666 ], [ -72.699, -49.666 ], [ -72.666, -49.666 ], [ -72.633, -49.666 ], [ -72.633, -49.699 ], [ -72.633, -49.733 ], [ -72.666, -49.733 ], [ -72.699, -49.733 ], [ -72.699, -49.766 ], [ -72.699, -49.799 ], [ -72.666, -49.799 ], [ -72.633, -49.799 ], [ -72.599, -49.799 ], [ -72.566, -49.799 ], [ -72.533, -49.799 ], [ -72.533, -49.766 ], [ -72.533, -49.733 ], [ -72.499, -49.733 ], [ -72.499, -49.766 ], [ -72.466, -49.766 ], [ -72.433, -49.766 ], [ -72.433, -49.733 ], [ -72.399, -49.733 ], [ -72.399, -49.766 ], [ -72.366, -49.766 ], [ -72.333, -49.766 ], [ -72.333, -49.799 ] ], [ [ -72.499, -49.966 ], [ -72.499, -49.999 ], [ -72.466, -49.999 ], [ -72.466, -49.966 ], [ -72.499, -49.966 ] ] ], [ [ [ -72.466, -49.499 ], [ -72.499, -49.499 ], [ -72.499, -49.466 ], [ -72.466, -49.466 ], [ -72.433, -49.466 ], [ -72.433, -49.499 ], [ -72.466, -49.499 ] ] ], [ [ [ -72.533, -49.466 ], [ -72.566, -49.466 ], [ -72.566, -49.433 ], [ -72.533, -49.433 ], [ -72.533, -49.466 ] ] ], [ [ [ -72.266, -49.466 ], [ -72.266, -49.499 ], [ -72.299, -49.499 ], [ -72.299, -49.533 ], [ -72.333, -49.533 ], [ -72.333, -49.499 ], [ -72.366, -49.499 ], [ -72.399, -49.499 ], [ -72.399, -49.466 ], [ -72.399, -49.433 ], [ -72.366, -49.433 ], [ -72.333, -49.433 ], [ -72.299, -49.433 ], [ -72.299, -49.466 ], [ -72.266, -49.466 ] ] ], [ [ [ -70.833, -49.999 ], [ -70.833, -49.966 ], [ -70.866, -49.966 ], [ -70.899, -49.966 ], [ -70.899, -49.999 ], [ -70.866, -49.999 ], [ -70.833, -49.999 ], [ -70.833, -50.033 ], [ -70.866, -50.033 ], [ -70.899, -50.033 ], [ -70.933, -50.033 ], [ -70.933, -50.066 ], [ -70.966, -50.066 ], [ -70.966, -50.099 ], [ -70.999, -50.099 ], [ -70.999, -50.066 ], [ -71.033, -50.066 ], [ -71.033, -50.033 ], [ -71.033, -49.999 ], [ -71.066, -49.999 ], [ -71.099, -49.999 ], [ -71.133, -49.999 ], [ -71.166, -49.999 ], [ -71.199, -49.999 ], [ -71.199, -50.033 ], [ -71.233, -50.033 ], [ -71.266, -50.033 ], [ -71.266, -50.066 ], [ -71.299, -50.066 ], [ -71.333, -50.066 ], [ -71.366, -50.066 ], [ -71.399, -50.066 ], [ -71.433, -50.066 ], [ -71.466, -50.066 ], [ -71.499, -50.066 ], [ -71.499, -50.033 ], [ -71.533, -50.033 ], [ -71.533, -49.999 ], [ -71.566, -49.999 ], [ -71.566, -50.033 ], [ -71.566, -50.066 ], [ -71.599, -50.066 ], [ -71.599, -50.033 ], [ -71.633, -50.033 ], [ -71.666, -50.033 ], [ -71.666, -50.066 ], [ -71.699, -50.066 ], [ -71.733, -50.066 ], [ -71.733, -50.033 ], [ -71.766, -50.033 ], [ -71.766, -49.999 ], [ -71.799, -49.999 ], [ -71.799, -50.033 ], [ -71.833, -50.033 ], [ -71.866, -50.033 ], [ -71.866, -49.999 ], [ -71.899, -49.999 ], [ -71.899, -49.966 ], [ -71.933, -49.966 ], [ -71.966, -49.966 ], [ -71.966, -49.933 ], [ -71.999, -49.933 ], [ -71.999, -49.899 ], [ -71.999, -49.866 ], [ -71.999, -49.833 ], [ -71.999, -49.799 ], [ -71.999, -49.766 ], [ -71.966, -49.766 ], [ -71.966, -49.733 ], [ -71.933, -49.733 ], [ -71.933, -49.699 ], [ -71.933, -49.666 ], [ -71.966, -49.666 ], [ -71.966, -49.633 ], [ -71.999, -49.633 ], [ -72.033, -49.633 ], [ -72.033, -49.599 ], [ -72.066, -49.599 ], [ -72.066, -49.566 ], [ -72.033, -49.566 ], [ -71.999, -49.566 ], [ -71.966, -49.566 ], [ -71.966, -49.533 ], [ -71.999, -49.533 ], [ -72.033, -49.533 ], [ -72.066, -49.533 ], [ -72.066, -49.566 ], [ -72.099, -49.566 ], [ -72.099, -49.533 ], [ -72.099, -49.499 ], [ -72.066, -49.499 ], [ -72.066, -49.466 ], [ -72.033, -49.466 ], [ -71.999, -49.466 ], [ -71.999, -49.433 ], [ -71.966, -49.433 ], [ -71.966, -49.466 ], [ -71.933, -49.466 ], [ -71.899, -49.466 ], [ -71.866, -49.466 ], [ -71.866, -49.499 ], [ -71.833, -49.499 ], [ -71.799, -49.499 ], [ -71.799, -49.533 ], [ -71.766, -49.533 ], [ -71.766, -49.566 ], [ -71.733, -49.566 ], [ -71.733, -49.599 ], [ -71.733, -49.633 ], [ -71.699, -49.633 ], [ -71.699, -49.666 ], [ -71.666, -49.666 ], [ -71.633, -49.666 ], [ -71.633, -49.699 ], [ -71.599, -49.699 ], [ -71.599, -49.733 ], [ -71.566, -49.733 ], [ -71.533, -49.733 ], [ -71.533, -49.766 ], [ -71.533, -49.799 ], [ -71.499, -49.799 ], [ -71.499, -49.833 ], [ -71.499, -49.866 ], [ -71.466, -49.866 ], [ -71.466, -49.899 ], [ -71.433, -49.899 ], [ -71.399, -49.899 ], [ -71.399, -49.866 ], [ -71.366, -49.866 ], [ -71.366, -49.833 ], [ -71.333, -49.833 ], [ -71.299, -49.833 ], [ -71.299, -49.799 ], [ -71.266, -49.799 ], [ -71.266, -49.833 ], [ -71.233, -49.833 ], [ -71.199, -49.833 ], [ -71.166, -49.833 ], [ -71.133, -49.833 ], [ -71.099, -49.833 ], [ -71.066, -49.833 ], [ -71.033, -49.833 ], [ -70.999, -49.833 ], [ -70.966, -49.833 ], [ -70.933, -49.833 ], [ -70.899, -49.833 ], [ -70.866, -49.833 ], [ -70.866, -49.799 ], [ -70.833, -49.799 ], [ -70.799, -49.799 ], [ -70.799, -49.766 ], [ -70.766, -49.766 ], [ -70.733, -49.766 ], [ -70.733, -49.733 ], [ -70.699, -49.733 ], [ -70.666, -49.733 ], [ -70.666, -49.766 ], [ -70.633, -49.766 ], [ -70.599, -49.766 ], [ -70.599, -49.733 ], [ -70.566, -49.733 ], [ -70.533, -49.733 ], [ -70.533, -49.766 ], [ -70.566, -49.766 ], [ -70.566, -49.799 ], [ -70.566, -49.833 ], [ -70.566, -49.866 ], [ -70.566, -49.899 ], [ -70.599, -49.899 ], [ -70.599, -49.933 ], [ -70.633, -49.933 ], [ -70.633, -49.966 ], [ -70.666, -49.966 ], [ -70.666, -49.999 ], [ -70.699, -49.999 ], [ -70.733, -49.999 ], [ -70.766, -49.999 ], [ -70.799, -49.999 ], [ -70.833, -49.999 ] ], [ [ -71.166, -49.933 ], [ -71.166, -49.899 ], [ -71.199, -49.899 ], [ -71.233, -49.899 ], [ -71.266, -49.899 ], [ -71.299, -49.899 ], [ -71.333, -49.899 ], [ -71.333, -49.933 ], [ -71.333, -49.966 ], [ -71.333, -49.999 ], [ -71.299, -49.999 ], [ -71.266, -49.999 ], [ -71.233, -49.999 ], [ -71.233, -49.966 ], [ -71.199, -49.966 ], [ -71.166, -49.966 ], [ -71.166, -49.933 ] ], [ [ -71.599, -49.899 ], [ -71.599, -49.866 ], [ -71.599, -49.833 ], [ -71.633, -49.833 ], [ -71.633, -49.799 ], [ -71.666, -49.799 ], [ -71.666, -49.766 ], [ -71.699, -49.766 ], [ -71.733, -49.766 ], [ -71.766, -49.766 ], [ -71.799, -49.766 ], [ -71.833, -49.766 ], [ -71.833, -49.799 ], [ -71.866, -49.799 ], [ -71.899, -49.799 ], [ -71.899, -49.833 ], [ -71.899, -49.866 ], [ -71.866, -49.866 ], [ -71.866, -49.899 ], [ -71.833, -49.899 ], [ -71.833, -49.933 ], [ -71.799, -49.933 ], [ -71.766, -49.933 ], [ -71.766, -49.966 ], [ -71.733, -49.966 ], [ -71.733, -49.999 ], [ -71.699, -49.999 ], [ -71.666, -49.999 ], [ -71.633, -49.999 ], [ -71.633, -49.966 ], [ -71.633, -49.933 ], [ -71.599, -49.933 ], [ -71.599, -49.899 ] ] ], [ [ [ -72.666, -49.399 ], [ -72.633, -49.399 ], [ -72.633, -49.433 ], [ -72.666, -49.433 ], [ -72.666, -49.399 ] ] ], [ [ [ -72.666, -49.399 ], [ -72.699, -49.399 ], [ -72.699, -49.366 ], [ -72.666, -49.366 ], [ -72.666, -49.399 ] ] ], [ [ [ -72.633, -49.399 ], [ -72.633, -49.366 ], [ -72.599, -49.366 ], [ -72.566, -49.366 ], [ -72.566, -49.399 ], [ -72.599, -49.399 ], [ -72.633, -49.399 ] ] ], [ [ [ -72.266, -49.466 ], [ -72.266, -49.433 ], [ -72.233, -49.433 ], [ -72.233, -49.399 ], [ -72.233, -49.366 ], [ -72.233, -49.333 ], [ -72.199, -49.333 ], [ -72.166, -49.333 ], [ -72.166, -49.299 ], [ -72.133, -49.299 ], [ -72.099, -49.299 ], [ -72.099, -49.333 ], [ -72.133, -49.333 ], [ -72.133, -49.366 ], [ -72.166, -49.366 ], [ -72.166, -49.399 ], [ -72.166, -49.433 ], [ -72.199, -49.433 ], [ -72.199, -49.466 ], [ -72.233, -49.466 ], [ -72.266, -49.466 ] ] ], [ [ [ -72.099, -49.299 ], [ -72.099, -49.266 ], [ -72.066, -49.266 ], [ -72.066, -49.299 ], [ -72.099, -49.299 ] ] ], [ [ [ -72.166, -49.266 ], [ -72.199, -49.266 ], [ -72.199, -49.233 ], [ -72.166, -49.233 ], [ -72.133, -49.233 ], [ -72.133, -49.266 ], [ -72.166, -49.266 ] ] ], [ [ [ -72.333, -49.233 ], [ -72.366, -49.233 ], [ -72.366, -49.199 ], [ -72.333, -49.199 ], [ -72.299, -49.199 ], [ -72.299, -49.233 ], [ -72.333, -49.233 ] ] ], [ [ [ -72.566, -49.166 ], [ -72.533, -49.166 ], [ -72.499, -49.166 ], [ -72.499, -49.199 ], [ -72.466, -49.199 ], [ -72.466, -49.233 ], [ -72.499, -49.233 ], [ -72.533, -49.233 ], [ -72.533, -49.199 ], [ -72.566, -49.199 ], [ -72.566, -49.166 ] ] ], [ [ [ -72.566, -49.166 ], [ -72.599, -49.166 ], [ -72.599, -49.133 ], [ -72.566, -49.133 ], [ -72.566, -49.166 ] ] ], [ [ [ -72.933, -49.066 ], [ -72.899, -49.066 ], [ -72.899, -49.099 ], [ -72.933, -49.099 ], [ -72.933, -49.066 ] ] ], [ [ [ -72.099, -49.066 ], [ -72.133, -49.066 ], [ -72.166, -49.066 ], [ -72.166, -49.033 ], [ -72.133, -49.033 ], [ -72.099, -49.033 ], [ -72.099, -49.066 ] ] ], [ [ [ -72.499, -49.066 ], [ -72.533, -49.066 ], [ -72.533, -49.033 ], [ -72.533, -48.999 ], [ -72.499, -48.999 ], [ -72.499, -49.033 ], [ -72.499, -49.066 ] ] ], [ [ [ -72.166, -49.033 ], [ -72.199, -49.033 ], [ -72.199, -48.999 ], [ -72.166, -48.999 ], [ -72.166, -49.033 ] ] ], [ [ [ -72.633, -48.966 ], [ -72.599, -48.966 ], [ -72.599, -48.999 ], [ -72.633, -48.999 ], [ -72.633, -48.966 ] ] ], [ [ [ -72.199, -48.999 ], [ -72.233, -48.999 ], [ -72.233, -48.966 ], [ -72.199, -48.966 ], [ -72.199, -48.999 ] ] ], [ [ [ -70.866, -48.966 ], [ -70.866, -48.999 ], [ -70.833, -48.999 ], [ -70.799, -48.999 ], [ -70.799, -49.033 ], [ -70.766, -49.033 ], [ -70.766, -49.066 ], [ -70.799, -49.066 ], [ -70.833, -49.066 ], [ -70.866, -49.066 ], [ -70.899, -49.066 ], [ -70.933, -49.066 ], [ -70.933, -49.033 ], [ -70.899, -49.033 ], [ -70.899, -48.999 ], [ -70.899, -48.966 ], [ -70.866, -48.966 ] ] ], [ [ [ -72.633, -48.966 ], [ -72.666, -48.966 ], [ -72.666, -48.999 ], [ -72.699, -48.999 ], [ -72.699, -48.966 ], [ -72.699, -48.933 ], [ -72.666, -48.933 ], [ -72.633, -48.933 ], [ -72.633, -48.966 ] ] ], [ [ [ -72.933, -49.066 ], [ -72.966, -49.066 ], [ -72.966, -49.099 ], [ -72.999, -49.099 ], [ -72.999, -49.133 ], [ -73.033, -49.133 ], [ -73.033, -49.158 ], [ -73.066, -49.158 ], [ -73.066, -49.133 ], [ -73.072, -49.127 ], [ -73.071, -49.127 ], [ -73.071, -49.127 ], [ -73.070, -49.126 ], [ -73.070, -49.126 ], [ -73.069, -49.126 ], [ -73.069, -49.125 ], [ -73.069, -49.125 ], [ -73.068, -49.125 ], [ -73.068, -49.125 ], [ -73.068, -49.125 ], [ -73.067, -49.125 ], [ -73.067, -49.124 ], [ -73.067, -49.124 ], [ -73.067, -49.124 ], [ -73.066, -49.124 ], [ -73.066, -49.124 ], [ -73.066, -49.124 ], [ -73.065, -49.124 ], [ -73.065, -49.125 ], [ -73.064, -49.124 ], [ -73.062, -49.124 ], [ -73.061, -49.124 ], [ -73.061, -49.124 ], [ -73.060, -49.124 ], [ -73.060, -49.124 ], [ -73.059, -49.124 ], [ -73.059, -49.123 ], [ -73.058, -49.123 ], [ -73.058, -49.123 ], [ -73.058, -49.123 ], [ -73.057, -49.122 ], [ -73.057, -49.122 ], [ -73.057, -49.122 ], [ -73.057, -49.121 ], [ -73.056, -49.120 ], [ -73.055, -49.118 ], [ -73.055, -49.117 ], [ -73.055, -49.117 ], [ -73.055, -49.116 ], [ -73.055, -49.115 ], [ -73.055, -49.115 ], [ -73.055, -49.114 ], [ -73.055, -49.114 ], [ -73.055, -49.114 ], [ -73.055, -49.113 ], [ -73.055, -49.113 ], [ -73.056, -49.113 ], [ -73.056, -49.113 ], [ -73.056, -49.112 ], [ -73.056, -49.112 ], [ -73.057, -49.112 ], [ -73.057, -49.112 ], [ -73.058, -49.111 ], [ -73.058, -49.111 ], [ -73.059, -49.110 ], [ -73.059, -49.110 ], [ -73.059, -49.109 ], [ -73.059, -49.109 ], [ -73.058, -49.109 ], [ -73.058, -49.109 ], [ -73.058, -49.108 ], [ -73.057, -49.108 ], [ -73.057, -49.108 ], [ -73.057, -49.108 ], [ -73.057, -49.108 ], [ -73.056, -49.108 ], [ -73.056, -49.108 ], [ -73.055, -49.107 ], [ -73.055, -49.107 ], [ -73.055, -49.107 ], [ -73.054, -49.107 ], [ -73.054, -49.107 ], [ -73.054, -49.106 ], [ -73.054, -49.106 ], [ -73.053, -49.106 ], [ -73.053, -49.105 ], [ -73.053, -49.105 ], [ -73.052, -49.104 ], [ -73.052, -49.104 ], [ -73.052, -49.104 ], [ -73.051, -49.103 ], [ -73.051, -49.103 ], [ -73.051, -49.103 ], [ -73.051, -49.103 ], [ -73.051, -49.102 ], [ -73.051, -49.102 ], [ -73.051, -49.102 ], [ -73.050, -49.101 ], [ -73.050, -49.101 ], [ -73.050, -49.101 ], [ -73.051, -49.099 ], [ -73.051, -49.098 ], [ -73.051, -49.098 ], [ -73.051, -49.098 ], [ -73.051, -49.097 ], [ -73.051, -49.097 ], [ -73.051, -49.096 ], [ -73.051, -49.096 ], [ -73.052, -49.096 ], [ -73.052, -49.095 ], [ -73.052, -49.095 ], [ -73.051, -49.095 ], [ -73.051, -49.094 ], [ -73.051, -49.094 ], [ -73.051, -49.094 ], [ -73.050, -49.093 ], [ -73.048, -49.092 ], [ -73.048, -49.092 ], [ -73.048, -49.092 ], [ -73.048, -49.092 ], [ -73.047, -49.092 ], [ -73.047, -49.091 ], [ -73.047, -49.091 ], [ -73.047, -49.090 ], [ -73.047, -49.090 ], [ -73.047, -49.089 ], [ -73.047, -49.089 ], [ -73.047, -49.088 ], [ -73.046, -49.087 ], [ -73.046, -49.087 ], [ -73.046, -49.086 ], [ -73.046, -49.086 ], [ -73.045, -49.086 ], [ -73.045, -49.085 ], [ -73.044, -49.085 ], [ -73.044, -49.084 ], [ -73.043, -49.084 ], [ -73.043, -49.083 ], [ -73.043, -49.083 ], [ -73.042, -49.083 ], [ -73.042, -49.082 ], [ -73.042, -49.082 ], [ -73.042, -49.081 ], [ -73.042, -49.081 ], [ -73.043, -49.081 ], [ -73.043, -49.080 ], [ -73.043, -49.080 ], [ -73.043, -49.080 ], [ -73.043, -49.080 ], [ -73.042, -49.079 ], [ -73.042, -49.079 ], [ -73.042, -49.078 ], [ -73.042, -49.078 ], [ -73.041, -49.077 ], [ -73.039, -49.076 ], [ -73.037, -49.075 ], [ -73.035, -49.075 ], [ -73.035, -49.074 ], [ -73.034, -49.074 ], [ -73.034, -49.074 ], [ -73.034, -49.074 ], [ -73.032, -49.073 ], [ -73.032, -49.073 ], [ -73.031, -49.072 ], [ -73.031, -49.072 ], [ -73.030, -49.072 ], [ -73.030, -49.072 ], [ -73.029, -49.072 ], [ -73.029, -49.072 ], [ -73.027, -49.071 ], [ -73.027, -49.071 ], [ -73.027, -49.071 ], [ -73.027, -49.070 ], [ -73.026, -49.070 ], [ -73.026, -49.070 ], [ -73.026, -49.069 ], [ -73.026, -49.069 ], [ -73.026, -49.069 ], [ -73.026, -49.068 ], [ -73.026, -49.068 ], [ -73.026, -49.067 ], [ -73.026, -49.067 ], [ -73.026, -49.066 ], [ -73.026, -49.066 ], [ -73.026, -49.065 ], [ -73.026, -49.065 ], [ -73.026, -49.064 ], [ -73.025, -49.064 ], [ -73.025, -49.063 ], [ -73.025, -49.063 ], [ -73.024, -49.063 ], [ -73.024, -49.062 ], [ -73.023, -49.062 ], [ -73.023, -49.062 ], [ -73.020, -49.061 ], [ -73.017, -49.061 ], [ -73.016, -49.061 ], [ -73.013, -49.059 ], [ -73.011, -49.059 ], [ -73.009, -49.059 ], [ -73.008, -49.059 ], [ -73.008, -49.059 ], [ -73.008, -49.059 ], [ -73.007, -49.059 ], [ -73.007, -49.059 ], [ -73.006, -49.059 ], [ -73.006, -49.059 ], [ -73.005, -49.059 ], [ -73.005, -49.059 ], [ -73.001, -49.060 ], [ -73.001, -49.060 ], [ -73.001, -49.060 ], [ -73.000, -49.059 ], [ -73.000, -49.059 ], [ -73.000, -49.058 ], [ -73.001, -49.058 ], [ -73.001, -49.058 ], [ -73.001, -49.057 ], [ -73.001, -49.057 ], [ -73.001, -49.056 ], [ -73.002, -49.056 ], [ -73.002, -49.055 ], [ -73.002, -49.055 ], [ -73.002, -49.055 ], [ -73.002, -49.054 ], [ -73.002, -49.054 ], [ -73.002, -49.054 ], [ -73.002, -49.053 ], [ -73.002, -49.053 ], [ -73.001, -49.053 ], [ -73.001, -49.052 ], [ -73.001, -49.052 ], [ -73.000, -49.052 ], [ -73.000, -49.051 ], [ -72.999, -49.051 ], [ -72.999, -49.050 ], [ -72.999, -49.050 ], [ -72.999, -49.049 ], [ -72.999, -49.049 ], [ -72.999, -49.049 ], [ -72.999, -49.048 ], [ -72.999, -49.048 ], [ -73.000, -49.045 ], [ -73.001, -49.045 ], [ -73.001, -49.044 ], [ -73.001, -49.044 ], [ -73.002, -49.044 ], [ -73.002, -49.043 ], [ -73.002, -49.043 ], [ -73.004, -49.042 ], [ -73.005, -49.041 ], [ -73.005, -49.040 ], [ -73.006, -49.040 ], [ -73.006, -49.039 ], [ -73.007, -49.039 ], [ -73.007, -49.038 ], [ -73.008, -49.037 ], [ -73.008, -49.036 ], [ -73.008, -49.036 ], [ -73.008, -49.036 ], [ -73.008, -49.035 ], [ -73.008, -49.035 ], [ -73.008, -49.035 ], [ -73.009, -49.034 ], [ -73.009, -49.034 ], [ -73.010, -49.033 ], [ -73.010, -49.033 ], [ -73.010, -49.033 ], [ -73.009, -49.032 ], [ -73.009, -49.032 ], [ -73.009, -49.032 ], [ -73.008, -49.031 ], [ -73.008, -49.031 ], [ -73.008, -49.031 ], [ -73.007, -49.031 ], [ -73.007, -49.031 ], [ -73.007, -49.030 ], [ -73.006, -49.030 ], [ -73.005, -49.029 ], [ -73.004, -49.028 ], [ -73.004, -49.026 ], [ -73.003, -49.026 ], [ -73.003, -49.026 ], [ -73.002, -49.026 ], [ -73.002, -49.026 ], [ -73.001, -49.026 ], [ -73.001, -49.026 ], [ -73.000, -49.025 ], [ -72.998, -49.025 ], [ -72.995, -49.025 ], [ -72.992, -49.025 ], [ -72.989, -49.025 ], [ -72.987, -49.025 ], [ -72.986, -49.025 ], [ -72.984, -49.025 ], [ -72.983, -49.025 ], [ -72.982, -49.025 ], [ -72.982, -49.025 ], [ -72.981, -49.025 ], [ -72.981, -49.025 ], [ -72.980, -49.025 ], [ -72.979, -49.025 ], [ -72.979, -49.025 ], [ -72.978, -49.025 ], [ -72.978, -49.025 ], [ -72.977, -49.026 ], [ -72.979, -49.023 ], [ -72.980, -49.019 ], [ -72.981, -49.017 ], [ -72.981, -49.017 ], [ -72.981, -49.017 ], [ -72.982, -49.016 ], [ -72.982, -49.016 ], [ -72.982, -49.016 ], [ -72.982, -49.016 ], [ -72.983, -49.015 ], [ -72.983, -49.015 ], [ -72.983, -49.015 ], [ -72.983, -49.015 ], [ -72.984, -49.015 ], [ -72.984, -49.015 ], [ -72.984, -49.014 ], [ -72.985, -49.014 ], [ -72.985, -49.014 ], [ -72.985, -49.014 ], [ -72.985, -49.013 ], [ -72.985, -49.013 ], [ -72.986, -49.012 ], [ -72.986, -49.012 ], [ -72.985, -49.012 ], [ -72.985, -49.011 ], [ -72.985, -49.011 ], [ -72.985, -49.010 ], [ -72.985, -49.010 ], [ -72.985, -49.010 ], [ -72.985, -49.009 ], [ -72.985, -49.009 ], [ -72.984, -49.009 ], [ -72.984, -49.009 ], [ -72.984, -49.008 ], [ -72.983, -49.008 ], [ -72.983, -49.007 ], [ -72.983, -49.007 ], [ -72.983, -49.006 ], [ -72.983, -49.006 ], [ -72.983, -49.006 ], [ -72.983, -49.005 ], [ -72.983, -49.005 ], [ -72.984, -49.005 ], [ -72.984, -49.004 ], [ -72.984, -49.004 ], [ -72.984, -49.004 ], [ -72.984, -49.003 ], [ -72.985, -49.003 ], [ -72.985, -49.002 ], [ -72.984, -49.002 ], [ -72.984, -49.001 ], [ -72.984, -49.001 ], [ -72.985, -49.000 ], [ -72.985, -49.000 ], [ -72.985, -49.000 ], [ -72.986, -49.000 ], [ -72.988, -48.999 ], [ -72.989, -48.998 ], [ -72.989, -48.998 ], [ -72.989, -48.998 ], [ -72.989, -48.997 ], [ -72.989, -48.997 ], [ -72.989, -48.997 ], [ -72.989, -48.996 ], [ -72.989, -48.995 ], [ -72.988, -48.994 ], [ -72.988, -48.994 ], [ -72.988, -48.994 ], [ -72.987, -48.993 ], [ -72.987, -48.993 ], [ -72.987, -48.993 ], [ -72.987, -48.992 ], [ -72.987, -48.992 ], [ -72.987, -48.992 ], [ -72.986, -48.992 ], [ -72.986, -48.991 ], [ -72.986, -48.991 ], [ -72.986, -48.991 ], [ -72.985, -48.991 ], [ -72.985, -48.990 ], [ -72.985, -48.990 ], [ -72.985, -48.990 ], [ -72.986, -48.989 ], [ -72.986, -48.989 ], [ -72.986, -48.989 ], [ -72.985, -48.988 ], [ -72.985, -48.988 ], [ -72.985, -48.988 ], [ -72.985, -48.988 ], [ -72.984, -48.987 ], [ -72.984, -48.987 ], [ -72.983, -48.987 ], [ -72.983, -48.986 ], [ -72.982, -48.986 ], [ -72.981, -48.986 ], [ -72.981, -48.986 ], [ -72.980, -48.986 ], [ -72.979, -48.985 ], [ -72.978, -48.985 ], [ -72.977, -48.985 ], [ -72.976, -48.985 ], [ -72.975, -48.984 ], [ -72.975, -48.984 ], [ -72.975, -48.984 ], [ -72.974, -48.984 ], [ -72.974, -48.984 ], [ -72.973, -48.984 ], [ -72.973, -48.983 ], [ -72.972, -48.983 ], [ -72.972, -48.983 ], [ -72.971, -48.983 ], [ -72.970, -48.983 ], [ -72.969, -48.983 ], [ -72.968, -48.983 ], [ -72.966, -48.983 ], [ -72.965, -48.983 ], [ -72.965, -48.983 ], [ -72.964, -48.983 ], [ -72.963, -48.983 ], [ -72.962, -48.982 ], [ -72.961, -48.982 ], [ -72.960, -48.982 ], [ -72.960, -48.981 ], [ -72.959, -48.981 ], [ -72.959, -48.981 ], [ -72.959, -48.980 ], [ -72.958, -48.980 ], [ -72.958, -48.979 ], [ -72.957, -48.979 ], [ -72.956, -48.979 ], [ -72.955, -48.978 ], [ -72.955, -48.978 ], [ -72.954, -48.977 ], [ -72.953, -48.976 ], [ -72.953, -48.975 ], [ -72.953, -48.974 ], [ -72.953, -48.973 ], [ -72.953, -48.973 ], [ -72.953, -48.973 ], [ -72.953, -48.972 ], [ -72.953, -48.972 ], [ -72.953, -48.971 ], [ -72.953, -48.971 ], [ -72.952, -48.970 ], [ -72.952, -48.969 ], [ -72.951, -48.968 ], [ -72.952, -48.967 ], [ -72.951, -48.967 ], [ -72.951, -48.967 ], [ -72.951, -48.966 ], [ -72.950, -48.965 ], [ -72.949, -48.965 ], [ -72.948, -48.965 ], [ -72.948, -48.964 ], [ -72.948, -48.964 ], [ -72.948, -48.964 ], [ -72.947, -48.963 ], [ -72.948, -48.961 ], [ -72.949, -48.959 ], [ -72.949, -48.958 ], [ -72.950, -48.958 ], [ -72.950, -48.957 ], [ -72.950, -48.957 ], [ -72.950, -48.956 ], [ -72.950, -48.956 ], [ -72.950, -48.955 ], [ -72.949, -48.955 ], [ -72.949, -48.955 ], [ -72.949, -48.955 ], [ -72.948, -48.954 ], [ -72.948, -48.954 ], [ -72.948, -48.954 ], [ -72.948, -48.953 ], [ -72.948, -48.952 ], [ -72.948, -48.951 ], [ -72.948, -48.950 ], [ -72.948, -48.950 ], [ -72.948, -48.949 ], [ -72.948, -48.949 ], [ -72.947, -48.948 ], [ -72.947, -48.948 ], [ -72.947, -48.948 ], [ -72.947, -48.947 ], [ -72.947, -48.947 ], [ -72.945, -48.945 ], [ -72.945, -48.945 ], [ -72.944, -48.945 ], [ -72.944, -48.944 ], [ -72.943, -48.944 ], [ -72.943, -48.943 ], [ -72.943, -48.943 ], [ -72.942, -48.943 ], [ -72.942, -48.942 ], [ -72.941, -48.942 ], [ -72.941, -48.942 ], [ -72.939, -48.941 ], [ -72.938, -48.941 ], [ -72.937, -48.940 ], [ -72.935, -48.940 ], [ -72.934, -48.939 ], [ -72.932, -48.939 ], [ -72.931, -48.938 ], [ -72.930, -48.938 ], [ -72.929, -48.937 ], [ -72.928, -48.937 ], [ -72.928, -48.937 ], [ -72.927, -48.937 ], [ -72.927, -48.937 ], [ -72.926, -48.937 ], [ -72.926, -48.936 ], [ -72.925, -48.936 ], [ -72.925, -48.936 ], [ -72.924, -48.936 ], [ -72.924, -48.935 ], [ -72.924, -48.935 ], [ -72.923, -48.934 ], [ -72.921, -48.933 ], [ -72.920, -48.933 ], [ -72.919, -48.932 ], [ -72.918, -48.932 ], [ -72.917, -48.932 ], [ -72.917, -48.932 ], [ -72.916, -48.932 ], [ -72.915, -48.932 ], [ -72.914, -48.933 ], [ -72.913, -48.933 ], [ -72.912, -48.934 ], [ -72.911, -48.935 ], [ -72.911, -48.935 ], [ -72.910, -48.936 ], [ -72.909, -48.937 ], [ -72.909, -48.938 ], [ -72.908, -48.938 ], [ -72.908, -48.938 ], [ -72.907, -48.938 ], [ -72.906, -48.938 ], [ -72.906, -48.938 ], [ -72.905, -48.938 ], [ -72.904, -48.938 ], [ -72.903, -48.938 ], [ -72.902, -48.938 ], [ -72.901, -48.939 ], [ -72.900, -48.939 ], [ -72.899, -48.939 ], [ -72.898, -48.940 ], [ -72.897, -48.940 ], [ -72.896, -48.940 ], [ -72.896, -48.940 ], [ -72.896, -48.940 ], [ -72.895, -48.940 ], [ -72.895, -48.941 ], [ -72.894, -48.941 ], [ -72.894, -48.941 ], [ -72.893, -48.941 ], [ -72.892, -48.941 ], [ -72.892, -48.941 ], [ -72.891, -48.941 ], [ -72.891, -48.942 ], [ -72.890, -48.942 ], [ -72.890, -48.942 ], [ -72.889, -48.942 ], [ -72.889, -48.942 ], [ -72.888, -48.943 ], [ -72.888, -48.943 ], [ -72.888, -48.943 ], [ -72.887, -48.943 ], [ -72.886, -48.943 ], [ -72.884, -48.943 ], [ -72.882, -48.943 ], [ -72.881, -48.943 ], [ -72.879, -48.943 ], [ -72.878, -48.943 ], [ -72.877, -48.943 ], [ -72.876, -48.943 ], [ -72.875, -48.943 ], [ -72.874, -48.943 ], [ -72.873, -48.944 ], [ -72.872, -48.944 ], [ -72.870, -48.944 ], [ -72.870, -48.944 ], [ -72.868, -48.944 ], [ -72.866, -48.944 ], [ -72.864, -48.943 ], [ -72.862, -48.943 ], [ -72.862, -48.943 ], [ -72.860, -48.943 ], [ -72.859, -48.943 ], [ -72.859, -48.944 ], [ -72.859, -48.945 ], [ -72.858, -48.946 ], [ -72.858, -48.946 ], [ -72.857, -48.947 ], [ -72.857, -48.947 ], [ -72.857, -48.948 ], [ -72.857, -48.950 ], [ -72.857, -48.951 ], [ -72.857, -48.951 ], [ -72.857, -48.951 ], [ -72.857, -48.952 ], [ -72.857, -48.952 ], [ -72.857, -48.953 ], [ -72.857, -48.953 ], [ -72.856, -48.953 ], [ -72.856, -48.954 ], [ -72.856, -48.954 ], [ -72.856, -48.954 ], [ -72.855, -48.955 ], [ -72.866, -48.966 ], [ -72.899, -48.966 ], [ -72.899, -48.999 ], [ -72.933, -48.999 ], [ -72.933, -49.033 ], [ -72.933, -49.066 ] ] ], [ [ [ -72.699, -49.366 ], [ -72.733, -49.366 ], [ -72.766, -49.366 ], [ -72.799, -49.366 ], [ -72.833, -49.366 ], [ -72.833, -49.333 ], [ -72.833, -49.299 ], [ -72.866, -49.299 ], [ -72.866, -49.266 ], [ -72.833, -49.266 ], [ -72.799, -49.266 ], [ -72.799, -49.233 ], [ -72.833, -49.233 ], [ -72.866, -49.233 ], [ -72.866, -49.266 ], [ -72.899, -49.266 ], [ -72.899, -49.233 ], [ -72.899, -49.199 ], [ -72.933, -49.199 ], [ -72.933, -49.166 ], [ -72.899, -49.166 ], [ -72.899, -49.133 ], [ -72.866, -49.133 ], [ -72.866, -49.099 ], [ -72.866, -49.066 ], [ -72.899, -49.066 ], [ -72.899, -49.033 ], [ -72.866, -49.033 ], [ -72.866, -48.999 ], [ -72.833, -48.999 ], [ -72.833, -48.962 ], [ -72.831, -48.962 ], [ -72.830, -48.962 ], [ -72.828, -48.962 ], [ -72.827, -48.963 ], [ -72.825, -48.963 ], [ -72.824, -48.963 ], [ -72.823, -48.963 ], [ -72.822, -48.963 ], [ -72.820, -48.962 ], [ -72.818, -48.961 ], [ -72.817, -48.960 ], [ -72.816, -48.958 ], [ -72.815, -48.957 ], [ -72.814, -48.957 ], [ -72.814, -48.957 ], [ -72.812, -48.957 ], [ -72.811, -48.957 ], [ -72.809, -48.957 ], [ -72.808, -48.957 ], [ -72.807, -48.957 ], [ -72.806, -48.957 ], [ -72.805, -48.957 ], [ -72.800, -48.960 ], [ -72.799, -48.961 ], [ -72.797, -48.962 ], [ -72.794, -48.964 ], [ -72.792, -48.965 ], [ -72.791, -48.965 ], [ -72.791, -48.965 ], [ -72.790, -48.965 ], [ -72.790, -48.965 ], [ -72.790, -48.964 ], [ -72.790, -48.964 ], [ -72.790, -48.963 ], [ -72.790, -48.963 ], [ -72.789, -48.963 ], [ -72.789, -48.962 ], [ -72.789, -48.962 ], [ -72.789, -48.962 ], [ -72.789, -48.961 ], [ -72.789, -48.961 ], [ -72.789, -48.960 ], [ -72.789, -48.960 ], [ -72.789, -48.960 ], [ -72.789, -48.959 ], [ -72.788, -48.959 ], [ -72.788, -48.959 ], [ -72.787, -48.959 ], [ -72.787, -48.959 ], [ -72.787, -48.959 ], [ -72.786, -48.958 ], [ -72.786, -48.958 ], [ -72.784, -48.957 ], [ -72.779, -48.956 ], [ -72.779, -48.956 ], [ -72.779, -48.956 ], [ -72.779, -48.956 ], [ -72.778, -48.955 ], [ -72.779, -48.955 ], [ -72.779, -48.955 ], [ -72.779, -48.954 ], [ -72.779, -48.954 ], [ -72.778, -48.954 ], [ -72.778, -48.953 ], [ -72.778, -48.952 ], [ -72.777, -48.952 ], [ -72.776, -48.951 ], [ -72.776, -48.951 ], [ -72.775, -48.950 ], [ -72.775, -48.950 ], [ -72.774, -48.950 ], [ -72.773, -48.949 ], [ -72.772, -48.949 ], [ -72.771, -48.948 ], [ -72.769, -48.947 ], [ -72.769, -48.947 ], [ -72.768, -48.946 ], [ -72.767, -48.945 ], [ -72.766, -48.945 ], [ -72.764, -48.944 ], [ -72.763, -48.943 ], [ -72.762, -48.942 ], [ -72.762, -48.942 ], [ -72.762, -48.942 ], [ -72.762, -48.942 ], [ -72.761, -48.942 ], [ -72.761, -48.941 ], [ -72.761, -48.941 ], [ -72.761, -48.941 ], [ -72.761, -48.940 ], [ -72.761, -48.940 ], [ -72.761, -48.940 ], [ -72.761, -48.939 ], [ -72.761, -48.938 ], [ -72.761, -48.937 ], [ -72.760, -48.936 ], [ -72.761, -48.935 ], [ -72.761, -48.935 ], [ -72.761, -48.935 ], [ -72.761, -48.934 ], [ -72.761, -48.934 ], [ -72.761, -48.934 ], [ -72.761, -48.933 ], [ -72.761, -48.933 ], [ -72.761, -48.932 ], [ -72.761, -48.932 ], [ -72.760, -48.932 ], [ -72.760, -48.931 ], [ -72.760, -48.931 ], [ -72.760, -48.931 ], [ -72.760, -48.930 ], [ -72.759, -48.929 ], [ -72.758, -48.928 ], [ -72.757, -48.927 ], [ -72.755, -48.926 ], [ -72.755, -48.926 ], [ -72.754, -48.925 ], [ -72.754, -48.925 ], [ -72.754, -48.924 ], [ -72.753, -48.924 ], [ -72.753, -48.923 ], [ -72.753, -48.922 ], [ -72.753, -48.922 ], [ -72.753, -48.922 ], [ -72.753, -48.921 ], [ -72.753, -48.921 ], [ -72.753, -48.920 ], [ -72.753, -48.920 ], [ -72.753, -48.920 ], [ -72.753, -48.920 ], [ -72.754, -48.919 ], [ -72.754, -48.919 ], [ -72.754, -48.919 ], [ -72.754, -48.918 ], [ -72.754, -48.918 ], [ -72.754, -48.918 ], [ -72.754, -48.917 ], [ -72.754, -48.917 ], [ -72.754, -48.917 ], [ -72.754, -48.916 ], [ -72.753, -48.916 ], [ -72.753, -48.916 ], [ -72.753, -48.915 ], [ -72.752, -48.915 ], [ -72.752, -48.915 ], [ -72.752, -48.914 ], [ -72.751, -48.914 ], [ -72.751, -48.914 ], [ -72.751, -48.914 ], [ -72.751, -48.913 ], [ -72.751, -48.913 ], [ -72.751, -48.913 ], [ -72.750, -48.912 ], [ -72.750, -48.912 ], [ -72.750, -48.912 ], [ -72.749, -48.911 ], [ -72.749, -48.911 ], [ -72.749, -48.911 ], [ -72.748, -48.911 ], [ -72.747, -48.910 ], [ -72.746, -48.910 ], [ -72.746, -48.910 ], [ -72.745, -48.909 ], [ -72.744, -48.909 ], [ -72.744, -48.909 ], [ -72.744, -48.908 ], [ -72.744, -48.908 ], [ -72.744, -48.907 ], [ -72.744, -48.907 ], [ -72.744, -48.907 ], [ -72.743, -48.906 ], [ -72.742, -48.906 ], [ -72.741, -48.905 ], [ -72.741, -48.905 ], [ -72.740, -48.905 ], [ -72.740, -48.905 ], [ -72.739, -48.905 ], [ -72.737, -48.904 ], [ -72.736, -48.903 ], [ -72.734, -48.903 ], [ -72.734, -48.903 ], [ -72.733, -48.903 ], [ -72.733, -48.933 ], [ -72.733, -48.966 ], [ -72.766, -48.966 ], [ -72.766, -48.999 ], [ -72.733, -48.999 ], [ -72.733, -49.033 ], [ -72.733, -49.066 ], [ -72.699, -49.066 ], [ -72.699, -49.033 ], [ -72.666, -49.033 ], [ -72.666, -49.066 ], [ -72.633, -49.066 ], [ -72.633, -49.099 ], [ -72.666, -49.099 ], [ -72.666, -49.133 ], [ -72.666, -49.166 ], [ -72.666, -49.199 ], [ -72.699, -49.199 ], [ -72.733, -49.199 ], [ -72.733, -49.233 ], [ -72.699, -49.233 ], [ -72.699, -49.266 ], [ -72.666, -49.266 ], [ -72.666, -49.299 ], [ -72.699, -49.299 ], [ -72.699, -49.333 ], [ -72.699, -49.366 ] ], [ [ -72.733, -49.299 ], [ -72.733, -49.266 ], [ -72.766, -49.266 ], [ -72.766, -49.299 ], [ -72.799, -49.299 ], [ -72.799, -49.333 ], [ -72.766, -49.333 ], [ -72.733, -49.333 ], [ -72.733, -49.299 ] ] ], [ [ [ -72.699, -49.166 ], [ -72.699, -49.133 ], [ -72.733, -49.133 ], [ -72.733, -49.166 ], [ -72.699, -49.166 ] ] ], [ [ [ -71.466, -48.866 ], [ -71.466, -48.833 ], [ -71.433, -48.833 ], [ -71.433, -48.866 ], [ -71.466, -48.866 ] ] ], [ [ [ -72.399, -48.799 ], [ -72.399, -48.833 ], [ -72.433, -48.833 ], [ -72.433, -48.799 ], [ -72.399, -48.799 ] ] ], [ [ [ -71.466, -48.866 ], [ -71.466, -48.899 ], [ -71.499, -48.899 ], [ -71.533, -48.899 ], [ -71.533, -48.866 ], [ -71.566, -48.866 ], [ -71.566, -48.833 ], [ -71.599, -48.833 ], [ -71.599, -48.866 ], [ -71.633, -48.866 ], [ -71.633, -48.899 ], [ -71.633, -48.933 ], [ -71.599, -48.933 ], [ -71.599, -48.966 ], [ -71.566, -48.966 ], [ -71.566, -48.999 ], [ -71.533, -48.999 ], [ -71.533, -49.033 ], [ -71.499, -49.033 ], [ -71.499, -49.066 ], [ -71.466, -49.066 ], [ -71.466, -49.099 ], [ -71.466, -49.133 ], [ -71.466, -49.166 ], [ -71.466, -49.199 ], [ -71.466, -49.233 ], [ -71.499, -49.233 ], [ -71.499, -49.266 ], [ -71.533, -49.266 ], [ -71.566, -49.266 ], [ -71.599, -49.266 ], [ -71.633, -49.266 ], [ -71.666, -49.266 ], [ -71.699, -49.266 ], [ -71.733, -49.266 ], [ -71.733, -49.233 ], [ -71.766, -49.233 ], [ -71.766, -49.199 ], [ -71.799, -49.199 ], [ -71.833, -49.199 ], [ -71.833, -49.166 ], [ -71.866, -49.166 ], [ -71.899, -49.166 ], [ -71.899, -49.133 ], [ -71.933, -49.133 ], [ -71.966, -49.133 ], [ -71.999, -49.133 ], [ -72.033, -49.133 ], [ -72.066, -49.133 ], [ -72.066, -49.099 ], [ -72.099, -49.099 ], [ -72.099, -49.066 ], [ -72.066, -49.066 ], [ -72.033, -49.066 ], [ -72.033, -49.099 ], [ -71.999, -49.099 ], [ -71.966, -49.099 ], [ -71.933, -49.099 ], [ -71.899, -49.099 ], [ -71.866, -49.099 ], [ -71.866, -49.133 ], [ -71.833, -49.133 ], [ -71.799, -49.133 ], [ -71.799, -49.166 ], [ -71.766, -49.166 ], [ -71.733, -49.166 ], [ -71.699, -49.166 ], [ -71.666, -49.166 ], [ -71.633, -49.166 ], [ -71.633, -49.133 ], [ -71.599, -49.133 ], [ -71.599, -49.099 ], [ -71.599, -49.066 ], [ -71.599, -49.033 ], [ -71.633, -49.033 ], [ -71.666, -49.033 ], [ -71.666, -48.999 ], [ -71.699, -48.999 ], [ -71.699, -48.966 ], [ -71.733, -48.966 ], [ -71.766, -48.966 ], [ -71.766, -48.933 ], [ -71.799, -48.933 ], [ -71.799, -48.899 ], [ -71.799, -48.866 ], [ -71.799, -48.833 ], [ -71.799, -48.799 ], [ -71.799, -48.766 ], [ -71.766, -48.766 ], [ -71.766, -48.733 ], [ -71.766, -48.699 ], [ -71.733, -48.699 ], [ -71.733, -48.733 ], [ -71.699, -48.733 ], [ -71.699, -48.766 ], [ -71.666, -48.766 ], [ -71.633, -48.766 ], [ -71.633, -48.799 ], [ -71.599, -48.799 ], [ -71.599, -48.766 ], [ -71.566, -48.766 ], [ -71.566, -48.733 ], [ -71.533, -48.733 ], [ -71.533, -48.766 ], [ -71.533, -48.799 ], [ -71.499, -48.799 ], [ -71.499, -48.833 ], [ -71.499, -48.866 ], [ -71.466, -48.866 ] ] ], [ [ [ -69.666, -48.499 ], [ -69.699, -48.499 ], [ -69.699, -48.466 ], [ -69.666, -48.466 ], [ -69.666, -48.499 ] ] ], [ [ [ -72.199, -48.199 ], [ -72.166, -48.199 ], [ -72.166, -48.233 ], [ -72.166, -48.266 ], [ -72.199, -48.266 ], [ -72.199, -48.233 ], [ -72.199, -48.199 ] ] ], [ [ [ -71.866, -47.633 ], [ -71.866, -47.599 ], [ -71.833, -47.599 ], [ -71.833, -47.633 ], [ -71.866, -47.633 ] ] ], [ [ [ -71.466, -47.199 ], [ -71.433, -47.199 ], [ -71.399, -47.199 ], [ -71.366, -47.199 ], [ -71.366, -47.233 ], [ -71.399, -47.233 ], [ -71.433, -47.233 ], [ -71.466, -47.233 ], [ -71.466, -47.199 ] ] ], [ [ [ -71.466, -47.199 ], [ -71.499, -47.199 ], [ -71.533, -47.199 ], [ -71.533, -47.166 ], [ -71.499, -47.166 ], [ -71.466, -47.166 ], [ -71.466, -47.199 ] ] ], [ [ [ -70.733, -47.233 ], [ -70.766, -47.233 ], [ -70.766, -47.199 ], [ -70.733, -47.199 ], [ -70.733, -47.166 ], [ -70.699, -47.166 ], [ -70.666, -47.166 ], [ -70.666, -47.199 ], [ -70.666, -47.233 ], [ -70.699, -47.233 ], [ -70.733, -47.233 ] ] ], [ [ [ -71.766, -47.133 ], [ -71.733, -47.133 ], [ -71.699, -47.133 ], [ -71.699, -47.166 ], [ -71.733, -47.166 ], [ -71.766, -47.166 ], [ -71.766, -47.133 ] ] ], [ [ [ -71.766, -47.133 ], [ -71.799, -47.133 ], [ -71.833, -47.133 ], [ -71.833, -47.099 ], [ -71.799, -47.099 ], [ -71.766, -47.099 ], [ -71.766, -47.133 ] ] ], [ [ [ -68.733, -47.133 ], [ -68.766, -47.133 ], [ -68.766, -47.099 ], [ -68.733, -47.099 ], [ -68.733, -47.133 ] ] ], [ [ [ -71.866, -47.066 ], [ -71.866, -47.099 ], [ -71.877, -47.111 ], [ -71.881, -47.106 ], [ -71.884, -47.106 ], [ -71.888, -47.104 ], [ -71.894, -47.102 ], [ -71.899, -47.100 ], [ -71.899, -47.066 ], [ -71.866, -47.066 ] ] ], [ [ [ -69.699, -47.099 ], [ -69.733, -47.099 ], [ -69.733, -47.066 ], [ -69.699, -47.066 ], [ -69.699, -47.099 ] ] ], [ [ [ -68.999, -47.099 ], [ -68.999, -47.066 ], [ -68.966, -47.066 ], [ -68.933, -47.066 ], [ -68.933, -47.099 ], [ -68.966, -47.099 ], [ -68.999, -47.099 ] ] ], [ [ [ -71.866, -47.066 ], [ -71.866, -47.033 ], [ -71.833, -47.033 ], [ -71.833, -47.066 ], [ -71.866, -47.066 ] ] ], [ [ [ -68.999, -47.066 ], [ -69.033, -47.066 ], [ -69.033, -47.033 ], [ -68.999, -47.033 ], [ -68.999, -47.066 ] ] ], [ [ [ -70.566, -46.999 ], [ -70.566, -47.033 ], [ -70.533, -47.033 ], [ -70.533, -47.066 ], [ -70.566, -47.066 ], [ -70.566, -47.099 ], [ -70.566, -47.133 ], [ -70.566, -47.166 ], [ -70.599, -47.166 ], [ -70.633, -47.166 ], [ -70.633, -47.133 ], [ -70.666, -47.133 ], [ -70.699, -47.133 ], [ -70.699, -47.099 ], [ -70.699, -47.066 ], [ -70.699, -47.033 ], [ -70.666, -47.033 ], [ -70.633, -47.033 ], [ -70.633, -46.999 ], [ -70.599, -46.999 ], [ -70.566, -46.999 ] ] ], [ [ [ -69.866, -47.033 ], [ -69.866, -46.999 ], [ -69.833, -46.999 ], [ -69.833, -47.033 ], [ -69.866, -47.033 ] ] ], [ [ [ -71.833, -47.033 ], [ -71.833, -46.999 ], [ -71.833, -46.966 ], [ -71.799, -46.966 ], [ -71.799, -46.999 ], [ -71.799, -47.033 ], [ -71.833, -47.033 ] ] ], [ [ [ -71.866, -46.933 ], [ -71.899, -46.933 ], [ -71.899, -46.899 ], [ -71.866, -46.899 ], [ -71.866, -46.933 ] ] ], [ [ [ -71.799, -46.866 ], [ -71.833, -46.866 ], [ -71.833, -46.833 ], [ -71.799, -46.833 ], [ -71.799, -46.866 ] ] ], [ [ [ -68.999, -47.099 ], [ -68.999, -47.133 ], [ -68.966, -47.133 ], [ -68.966, -47.166 ], [ -68.933, -47.166 ], [ -68.933, -47.199 ], [ -68.899, -47.199 ], [ -68.866, -47.199 ], [ -68.866, -47.233 ], [ -68.833, -47.233 ], [ -68.833, -47.266 ], [ -68.799, -47.266 ], [ -68.799, -47.299 ], [ -68.833, -47.299 ], [ -68.833, -47.333 ], [ -68.833, -47.366 ], [ -68.799, -47.366 ], [ -68.766, -47.366 ], [ -68.733, -47.366 ], [ -68.699, -47.366 ], [ -68.666, -47.366 ], [ -68.633, -47.366 ], [ -68.599, -47.366 ], [ -68.599, -47.399 ], [ -68.633, -47.399 ], [ -68.633, -47.433 ], [ -68.666, -47.433 ], [ -68.699, -47.433 ], [ -68.699, -47.466 ], [ -68.733, -47.466 ], [ -68.766, -47.466 ], [ -68.799, -47.466 ], [ -68.799, -47.433 ], [ -68.833, -47.433 ], [ -68.866, -47.433 ], [ -68.866, -47.466 ], [ -68.899, -47.466 ], [ -68.899, -47.499 ], [ -68.933, -47.499 ], [ -68.933, -47.533 ], [ -68.966, -47.533 ], [ -68.966, -47.566 ], [ -68.966, -47.599 ], [ -68.933, -47.599 ], [ -68.933, -47.633 ], [ -68.899, -47.633 ], [ -68.899, -47.666 ], [ -68.866, -47.666 ], [ -68.833, -47.666 ], [ -68.799, -47.666 ], [ -68.799, -47.699 ], [ -68.799, -47.733 ], [ -68.766, -47.733 ], [ -68.766, -47.699 ], [ -68.733, -47.699 ], [ -68.733, -47.733 ], [ -68.733, -47.766 ], [ -68.766, -47.766 ], [ -68.799, -47.766 ], [ -68.833, -47.766 ], [ -68.866, -47.766 ], [ -68.899, -47.766 ], [ -68.933, -47.766 ], [ -68.966, -47.766 ], [ -68.999, -47.766 ], [ -68.999, -47.799 ], [ -69.033, -47.799 ], [ -69.033, -47.833 ], [ -68.999, -47.833 ], [ -68.966, -47.833 ], [ -68.933, -47.833 ], [ -68.933, -47.866 ], [ -68.899, -47.866 ], [ -68.866, -47.866 ], [ -68.866, -47.899 ], [ -68.899, -47.899 ], [ -68.899, -47.933 ], [ -68.933, -47.933 ], [ -68.966, -47.933 ], [ -68.966, -47.899 ], [ -68.999, -47.899 ], [ -68.999, -47.933 ], [ -68.966, -47.933 ], [ -68.966, -47.966 ], [ -68.999, -47.966 ], [ -69.033, -47.966 ], [ -69.033, -47.999 ], [ -69.066, -47.999 ], [ -69.066, -48.033 ], [ -69.066, -48.066 ], [ -69.033, -48.066 ], [ -69.033, -48.099 ], [ -69.033, -48.133 ], [ -69.033, -48.166 ], [ -69.033, -48.199 ], [ -69.033, -48.233 ], [ -69.066, -48.233 ], [ -69.066, -48.266 ], [ -69.099, -48.266 ], [ -69.099, -48.299 ], [ -69.133, -48.299 ], [ -69.133, -48.333 ], [ -69.133, -48.366 ], [ -69.166, -48.366 ], [ -69.166, -48.399 ], [ -69.199, -48.399 ], [ -69.233, -48.399 ], [ -69.233, -48.433 ], [ -69.266, -48.433 ], [ -69.299, -48.433 ], [ -69.299, -48.466 ], [ -69.333, -48.466 ], [ -69.333, -48.499 ], [ -69.366, -48.499 ], [ -69.366, -48.533 ], [ -69.399, -48.533 ], [ -69.399, -48.566 ], [ -69.433, -48.566 ], [ -69.433, -48.599 ], [ -69.466, -48.599 ], [ -69.466, -48.633 ], [ -69.499, -48.633 ], [ -69.533, -48.633 ], [ -69.533, -48.666 ], [ -69.566, -48.666 ], [ -69.599, -48.666 ], [ -69.633, -48.666 ], [ -69.666, -48.666 ], [ -69.666, -48.699 ], [ -69.699, -48.699 ], [ -69.733, -48.699 ], [ -69.766, -48.699 ], [ -69.799, -48.699 ], [ -69.833, -48.699 ], [ -69.866, -48.699 ], [ -69.899, -48.699 ], [ -69.899, -48.733 ], [ -69.933, -48.733 ], [ -69.966, -48.733 ], [ -69.999, -48.733 ], [ -69.999, -48.699 ], [ -70.033, -48.699 ], [ -70.066, -48.699 ], [ -70.099, -48.699 ], [ -70.099, -48.666 ], [ -70.133, -48.666 ], [ -70.133, -48.633 ], [ -70.166, -48.633 ], [ -70.199, -48.633 ], [ -70.199, -48.599 ], [ -70.233, -48.599 ], [ -70.233, -48.566 ], [ -70.266, -48.566 ], [ -70.266, -48.533 ], [ -70.299, -48.533 ], [ -70.299, -48.499 ], [ -70.333, -48.499 ], [ -70.333, -48.466 ], [ -70.333, -48.433 ], [ -70.333, -48.399 ], [ -70.366, -48.399 ], [ -70.366, -48.366 ], [ -70.366, -48.333 ], [ -70.366, -48.299 ], [ -70.366, -48.266 ], [ -70.366, -48.233 ], [ -70.366, -48.199 ], [ -70.366, -48.166 ], [ -70.366, -48.133 ], [ -70.366, -48.099 ], [ -70.399, -48.099 ], [ -70.433, -48.099 ], [ -70.466, -48.099 ], [ -70.466, -48.133 ], [ -70.499, -48.133 ], [ -70.533, -48.133 ], [ -70.566, -48.133 ], [ -70.566, -48.099 ], [ -70.566, -48.066 ], [ -70.566, -48.033 ], [ -70.566, -47.999 ], [ -70.566, -47.966 ], [ -70.599, -47.966 ], [ -70.599, -47.933 ], [ -70.599, -47.899 ], [ -70.633, -47.899 ], [ -70.633, -47.866 ], [ -70.666, -47.866 ], [ -70.666, -47.833 ], [ -70.699, -47.833 ], [ -70.733, -47.833 ], [ -70.766, -47.833 ], [ -70.766, -47.799 ], [ -70.799, -47.799 ], [ -70.833, -47.799 ], [ -70.866, -47.799 ], [ -70.866, -47.833 ], [ -70.899, -47.833 ], [ -70.933, -47.833 ], [ -70.966, -47.833 ], [ -70.966, -47.866 ], [ -70.999, -47.866 ], [ -71.033, -47.866 ], [ -71.033, -47.899 ], [ -71.066, -47.899 ], [ -71.099, -47.899 ], [ -71.133, -47.899 ], [ -71.133, -47.933 ], [ -71.166, -47.933 ], [ -71.166, -47.966 ], [ -71.199, -47.966 ], [ -71.199, -47.999 ], [ -71.233, -47.999 ], [ -71.233, -48.033 ], [ -71.233, -48.066 ], [ -71.233, -48.099 ], [ -71.233, -48.133 ], [ -71.266, -48.133 ], [ -71.266, -48.166 ], [ -71.299, -48.166 ], [ -71.333, -48.166 ], [ -71.366, -48.166 ], [ -71.366, -48.133 ], [ -71.399, -48.133 ], [ -71.433, -48.133 ], [ -71.466, -48.133 ], [ -71.466, -48.166 ], [ -71.499, -48.166 ], [ -71.533, -48.166 ], [ -71.566, -48.166 ], [ -71.566, -48.199 ], [ -71.599, -48.199 ], [ -71.599, -48.233 ], [ -71.633, -48.233 ], [ -71.633, -48.266 ], [ -71.599, -48.266 ], [ -71.566, -48.266 ], [ -71.533, -48.266 ], [ -71.499, -48.266 ], [ -71.466, -48.266 ], [ -71.433, -48.266 ], [ -71.399, -48.266 ], [ -71.399, -48.233 ], [ -71.366, -48.233 ], [ -71.333, -48.233 ], [ -71.333, -48.266 ], [ -71.299, -48.266 ], [ -71.266, -48.266 ], [ -71.266, -48.299 ], [ -71.266, -48.333 ], [ -71.299, -48.333 ], [ -71.299, -48.366 ], [ -71.333, -48.366 ], [ -71.333, -48.399 ], [ -71.299, -48.399 ], [ -71.266, -48.399 ], [ -71.266, -48.433 ], [ -71.233, -48.433 ], [ -71.199, -48.433 ], [ -71.199, -48.399 ], [ -71.166, -48.399 ], [ -71.133, -48.399 ], [ -71.099, -48.399 ], [ -71.066, -48.399 ], [ -71.033, -48.399 ], [ -71.033, -48.433 ], [ -70.999, -48.433 ], [ -70.999, -48.466 ], [ -70.966, -48.466 ], [ -70.966, -48.499 ], [ -70.933, -48.499 ], [ -70.933, -48.533 ], [ -70.933, -48.566 ], [ -70.966, -48.566 ], [ -70.999, -48.566 ], [ -70.999, -48.599 ], [ -71.033, -48.599 ], [ -71.066, -48.599 ], [ -71.066, -48.633 ], [ -71.099, -48.633 ], [ -71.133, -48.633 ], [ -71.133, -48.666 ], [ -71.166, -48.666 ], [ -71.199, -48.666 ], [ -71.199, -48.699 ], [ -71.233, -48.699 ], [ -71.266, -48.699 ], [ -71.266, -48.733 ], [ -71.299, -48.733 ], [ -71.333, -48.733 ], [ -71.366, -48.733 ], [ -71.399, -48.733 ], [ -71.399, -48.766 ], [ -71.399, -48.799 ], [ -71.433, -48.799 ], [ -71.433, -48.766 ], [ -71.433, -48.733 ], [ -71.433, -48.699 ], [ -71.399, -48.699 ], [ -71.366, -48.699 ], [ -71.333, -48.699 ], [ -71.333, -48.666 ], [ -71.299, -48.666 ], [ -71.266, -48.666 ], [ -71.266, -48.633 ], [ -71.299, -48.633 ], [ -71.299, -48.599 ], [ -71.299, -48.566 ], [ -71.266, -48.566 ], [ -71.266, -48.533 ], [ -71.233, -48.533 ], [ -71.199, -48.533 ], [ -71.166, -48.533 ], [ -71.133, -48.533 ], [ -71.133, -48.499 ], [ -71.133, -48.466 ], [ -71.166, -48.466 ], [ -71.199, -48.466 ], [ -71.233, -48.466 ], [ -71.266, -48.466 ], [ -71.299, -48.466 ], [ -71.299, -48.499 ], [ -71.333, -48.499 ], [ -71.366, -48.499 ], [ -71.399, -48.499 ], [ -71.399, -48.466 ], [ -71.399, -48.433 ], [ -71.433, -48.433 ], [ -71.466, -48.433 ], [ -71.466, -48.399 ], [ -71.466, -48.366 ], [ -71.433, -48.366 ], [ -71.433, -48.333 ], [ -71.433, -48.299 ], [ -71.466, -48.299 ], [ -71.499, -48.299 ], [ -71.533, -48.299 ], [ -71.533, -48.333 ], [ -71.566, -48.333 ], [ -71.566, -48.366 ], [ -71.599, -48.366 ], [ -71.599, -48.399 ], [ -71.633, -48.399 ], [ -71.666, -48.399 ], [ -71.699, -48.399 ], [ -71.699, -48.433 ], [ -71.733, -48.433 ], [ -71.733, -48.466 ], [ -71.766, -48.466 ], [ -71.766, -48.499 ], [ -71.799, -48.499 ], [ -71.799, -48.466 ], [ -71.833, -48.466 ], [ -71.833, -48.433 ], [ -71.866, -48.433 ], [ -71.866, -48.466 ], [ -71.899, -48.466 ], [ -71.899, -48.499 ], [ -71.899, -48.533 ], [ -71.899, -48.566 ], [ -71.933, -48.566 ], [ -71.966, -48.566 ], [ -71.966, -48.599 ], [ -71.999, -48.599 ], [ -72.033, -48.599 ], [ -72.066, -48.599 ], [ -72.066, -48.633 ], [ -72.099, -48.633 ], [ -72.133, -48.633 ], [ -72.166, -48.633 ], [ -72.199, -48.633 ], [ -72.199, -48.666 ], [ -72.233, -48.666 ], [ -72.266, -48.666 ], [ -72.299, -48.666 ], [ -72.299, -48.699 ], [ -72.299, -48.733 ], [ -72.266, -48.733 ], [ -72.233, -48.733 ], [ -72.199, -48.733 ], [ -72.199, -48.766 ], [ -72.199, -48.799 ], [ -72.233, -48.799 ], [ -72.233, -48.833 ], [ -72.233, -48.866 ], [ -72.233, -48.899 ], [ -72.233, -48.933 ], [ -72.266, -48.933 ], [ -72.266, -48.899 ], [ -72.266, -48.866 ], [ -72.266, -48.833 ], [ -72.266, -48.799 ], [ -72.299, -48.799 ], [ -72.333, -48.799 ], [ -72.333, -48.833 ], [ -72.333, -48.866 ], [ -72.366, -48.866 ], [ -72.366, -48.833 ], [ -72.366, -48.799 ], [ -72.399, -48.799 ], [ -72.399, -48.766 ], [ -72.433, -48.766 ], [ -72.466, -48.766 ], [ -72.466, -48.733 ], [ -72.499, -48.733 ], [ -72.499, -48.699 ], [ -72.466, -48.699 ], [ -72.433, -48.699 ], [ -72.433, -48.666 ], [ -72.466, -48.666 ], [ -72.466, -48.633 ], [ -72.466, -48.599 ], [ -72.466, -48.566 ], [ -72.499, -48.566 ], [ -72.499, -48.533 ], [ -72.533, -48.533 ], [ -72.533, -48.484 ], [ -72.532, -48.484 ], [ -72.531, -48.485 ], [ -72.530, -48.486 ], [ -72.529, -48.487 ], [ -72.528, -48.489 ], [ -72.527, -48.489 ], [ -72.526, -48.490 ], [ -72.526, -48.491 ], [ -72.526, -48.492 ], [ -72.526, -48.495 ], [ -72.526, -48.497 ], [ -72.526, -48.497 ], [ -72.526, -48.499 ], [ -72.526, -48.499 ], [ -72.526, -48.500 ], [ -72.526, -48.500 ], [ -72.525, -48.501 ], [ -72.525, -48.502 ], [ -72.524, -48.502 ], [ -72.523, -48.503 ], [ -72.522, -48.504 ], [ -72.521, -48.505 ], [ -72.520, -48.506 ], [ -72.519, -48.507 ], [ -72.518, -48.508 ], [ -72.517, -48.508 ], [ -72.516, -48.509 ], [ -72.516, -48.510 ], [ -72.515, -48.511 ], [ -72.513, -48.511 ], [ -72.510, -48.512 ], [ -72.509, -48.513 ], [ -72.508, -48.514 ], [ -72.502, -48.517 ], [ -72.502, -48.517 ], [ -72.501, -48.518 ], [ -72.501, -48.519 ], [ -72.501, -48.519 ], [ -72.501, -48.519 ], [ -72.500, -48.519 ], [ -72.500, -48.519 ], [ -72.500, -48.518 ], [ -72.499, -48.518 ], [ -72.499, -48.518 ], [ -72.499, -48.517 ], [ -72.498, -48.516 ], [ -72.497, -48.516 ], [ -72.495, -48.515 ], [ -72.494, -48.514 ], [ -72.492, -48.514 ], [ -72.492, -48.513 ], [ -72.490, -48.514 ], [ -72.487, -48.514 ], [ -72.486, -48.515 ], [ -72.485, -48.515 ], [ -72.483, -48.515 ], [ -72.481, -48.515 ], [ -72.480, -48.514 ], [ -72.479, -48.515 ], [ -72.478, -48.515 ], [ -72.477, -48.515 ], [ -72.476, -48.516 ], [ -72.476, -48.517 ], [ -72.475, -48.517 ], [ -72.474, -48.517 ], [ -72.473, -48.517 ], [ -72.473, -48.517 ], [ -72.472, -48.517 ], [ -72.471, -48.517 ], [ -72.469, -48.517 ], [ -72.468, -48.517 ], [ -72.466, -48.517 ], [ -72.465, -48.516 ], [ -72.464, -48.516 ], [ -72.462, -48.516 ], [ -72.461, -48.516 ], [ -72.460, -48.515 ], [ -72.459, -48.515 ], [ -72.456, -48.515 ], [ -72.456, -48.515 ], [ -72.454, -48.515 ], [ -72.453, -48.515 ], [ -72.452, -48.514 ], [ -72.452, -48.514 ], [ -72.452, -48.514 ], [ -72.450, -48.514 ], [ -72.448, -48.513 ], [ -72.446, -48.514 ], [ -72.444, -48.514 ], [ -72.443, -48.514 ], [ -72.442, -48.515 ], [ -72.441, -48.515 ], [ -72.440, -48.514 ], [ -72.440, -48.514 ], [ -72.439, -48.514 ], [ -72.439, -48.513 ], [ -72.439, -48.512 ], [ -72.438, -48.511 ], [ -72.437, -48.510 ], [ -72.437, -48.509 ], [ -72.437, -48.508 ], [ -72.437, -48.507 ], [ -72.437, -48.507 ], [ -72.435, -48.506 ], [ -72.435, -48.506 ], [ -72.433, -48.506 ], [ -72.433, -48.505 ], [ -72.433, -48.533 ], [ -72.399, -48.533 ], [ -72.366, -48.533 ], [ -72.333, -48.533 ], [ -72.299, -48.533 ], [ -72.299, -48.499 ], [ -72.299, -48.466 ], [ -72.333, -48.466 ], [ -72.333, -48.433 ], [ -72.366, -48.433 ], [ -72.380, -48.446 ], [ -72.380, -48.446 ], [ -72.381, -48.445 ], [ -72.382, -48.444 ], [ -72.382, -48.443 ], [ -72.384, -48.443 ], [ -72.384, -48.443 ], [ -72.386, -48.442 ], [ -72.388, -48.440 ], [ -72.389, -48.440 ], [ -72.389, -48.439 ], [ -72.391, -48.439 ], [ -72.392, -48.439 ], [ -72.393, -48.438 ], [ -72.393, -48.438 ], [ -72.394, -48.437 ], [ -72.395, -48.436 ], [ -72.396, -48.436 ], [ -72.397, -48.436 ], [ -72.399, -48.436 ], [ -72.401, -48.435 ], [ -72.402, -48.435 ], [ -72.403, -48.435 ], [ -72.404, -48.434 ], [ -72.406, -48.434 ], [ -72.407, -48.433 ], [ -72.407, -48.433 ], [ -72.408, -48.432 ], [ -72.408, -48.431 ], [ -72.407, -48.430 ], [ -72.407, -48.429 ], [ -72.407, -48.428 ], [ -72.406, -48.427 ], [ -72.404, -48.425 ], [ -72.403, -48.424 ], [ -72.402, -48.423 ], [ -72.402, -48.422 ], [ -72.402, -48.422 ], [ -72.404, -48.420 ], [ -72.405, -48.419 ], [ -72.405, -48.419 ], [ -72.405, -48.418 ], [ -72.405, -48.417 ], [ -72.405, -48.416 ], [ -72.404, -48.415 ], [ -72.402, -48.414 ], [ -72.401, -48.414 ], [ -72.400, -48.413 ], [ -72.399, -48.413 ], [ -72.398, -48.413 ], [ -72.397, -48.413 ], [ -72.394, -48.412 ], [ -72.393, -48.411 ], [ -72.392, -48.411 ], [ -72.391, -48.411 ], [ -72.391, -48.411 ], [ -72.390, -48.409 ], [ -72.389, -48.408 ], [ -72.388, -48.408 ], [ -72.387, -48.407 ], [ -72.386, -48.406 ], [ -72.385, -48.405 ], [ -72.383, -48.403 ], [ -72.381, -48.401 ], [ -72.379, -48.400 ], [ -72.378, -48.399 ], [ -72.375, -48.399 ], [ -72.372, -48.399 ], [ -72.371, -48.399 ], [ -72.371, -48.399 ], [ -72.369, -48.399 ], [ -72.366, -48.399 ], [ -72.364, -48.399 ], [ -72.361, -48.399 ], [ -72.361, -48.399 ], [ -72.359, -48.399 ], [ -72.359, -48.399 ], [ -72.358, -48.398 ], [ -72.358, -48.396 ], [ -72.357, -48.396 ], [ -72.357, -48.395 ], [ -72.357, -48.394 ], [ -72.357, -48.393 ], [ -72.357, -48.393 ], [ -72.356, -48.393 ], [ -72.355, -48.392 ], [ -72.354, -48.392 ], [ -72.352, -48.392 ], [ -72.349, -48.392 ], [ -72.347, -48.392 ], [ -72.347, -48.391 ], [ -72.346, -48.391 ], [ -72.346, -48.390 ], [ -72.346, -48.389 ], [ -72.346, -48.388 ], [ -72.345, -48.387 ], [ -72.345, -48.385 ], [ -72.345, -48.385 ], [ -72.345, -48.384 ], [ -72.346, -48.384 ], [ -72.347, -48.384 ], [ -72.347, -48.383 ], [ -72.348, -48.383 ], [ -72.352, -48.381 ], [ -72.354, -48.380 ], [ -72.355, -48.379 ], [ -72.357, -48.378 ], [ -72.358, -48.378 ], [ -72.359, -48.377 ], [ -72.361, -48.377 ], [ -72.363, -48.376 ], [ -72.364, -48.376 ], [ -72.366, -48.376 ], [ -72.367, -48.376 ], [ -72.367, -48.375 ], [ -72.369, -48.375 ], [ -72.370, -48.374 ], [ -72.371, -48.374 ], [ -72.373, -48.374 ], [ -72.374, -48.373 ], [ -72.374, -48.372 ], [ -72.375, -48.372 ], [ -72.376, -48.371 ], [ -72.376, -48.371 ], [ -72.376, -48.370 ], [ -72.377, -48.368 ], [ -72.378, -48.367 ], [ -72.379, -48.366 ], [ -72.378, -48.364 ], [ -72.378, -48.363 ], [ -72.379, -48.362 ], [ -72.379, -48.362 ], [ -72.379, -48.361 ], [ -72.378, -48.360 ], [ -72.378, -48.359 ], [ -72.379, -48.358 ], [ -72.379, -48.357 ], [ -72.379, -48.357 ], [ -72.379, -48.356 ], [ -72.379, -48.355 ], [ -72.379, -48.354 ], [ -72.380, -48.352 ], [ -72.380, -48.351 ], [ -72.379, -48.350 ], [ -72.378, -48.350 ], [ -72.377, -48.349 ], [ -72.376, -48.349 ], [ -72.375, -48.349 ], [ -72.373, -48.350 ], [ -72.368, -48.352 ], [ -72.366, -48.352 ], [ -72.365, -48.352 ], [ -72.362, -48.352 ], [ -72.357, -48.350 ], [ -72.351, -48.349 ], [ -72.349, -48.349 ], [ -72.348, -48.348 ], [ -72.346, -48.346 ], [ -72.343, -48.346 ], [ -72.341, -48.346 ], [ -72.339, -48.348 ], [ -72.339, -48.350 ], [ -72.337, -48.351 ], [ -72.335, -48.351 ], [ -72.332, -48.351 ], [ -72.330, -48.351 ], [ -72.329, -48.352 ], [ -72.327, -48.353 ], [ -72.325, -48.355 ], [ -72.324, -48.355 ], [ -72.324, -48.356 ], [ -72.321, -48.359 ], [ -72.320, -48.359 ], [ -72.319, -48.359 ], [ -72.318, -48.358 ], [ -72.316, -48.356 ], [ -72.314, -48.355 ], [ -72.312, -48.355 ], [ -72.310, -48.354 ], [ -72.308, -48.354 ], [ -72.307, -48.354 ], [ -72.306, -48.354 ], [ -72.304, -48.354 ], [ -72.303, -48.354 ], [ -72.302, -48.355 ], [ -72.299, -48.356 ], [ -72.299, -48.399 ], [ -72.266, -48.399 ], [ -72.266, -48.433 ], [ -72.233, -48.433 ], [ -72.233, -48.466 ], [ -72.199, -48.466 ], [ -72.199, -48.499 ], [ -72.199, -48.533 ], [ -72.166, -48.533 ], [ -72.133, -48.533 ], [ -72.099, -48.533 ], [ -72.099, -48.499 ], [ -72.066, -48.499 ], [ -72.066, -48.466 ], [ -72.066, -48.433 ], [ -72.066, -48.399 ], [ -72.033, -48.399 ], [ -72.033, -48.366 ], [ -72.066, -48.366 ], [ -72.099, -48.366 ], [ -72.099, -48.333 ], [ -72.066, -48.333 ], [ -72.033, -48.333 ], [ -72.033, -48.299 ], [ -72.033, -48.266 ], [ -72.033, -48.233 ], [ -72.033, -48.199 ], [ -72.066, -48.199 ], [ -72.066, -48.166 ], [ -72.066, -48.133 ], [ -72.066, -48.099 ], [ -72.066, -48.066 ], [ -72.066, -48.033 ], [ -72.099, -48.033 ], [ -72.099, -47.999 ], [ -72.133, -47.999 ], [ -72.166, -47.999 ], [ -72.166, -48.033 ], [ -72.199, -48.033 ], [ -72.199, -48.066 ], [ -72.233, -48.066 ], [ -72.233, -48.099 ], [ -72.199, -48.099 ], [ -72.199, -48.133 ], [ -72.199, -48.166 ], [ -72.199, -48.199 ], [ -72.233, -48.199 ], [ -72.233, -48.166 ], [ -72.233, -48.133 ], [ -72.266, -48.133 ], [ -72.266, -48.166 ], [ -72.303, -48.166 ], [ -72.303, -48.166 ], [ -72.303, -48.164 ], [ -72.303, -48.164 ], [ -72.303, -48.163 ], [ -72.302, -48.163 ], [ -72.302, -48.163 ], [ -72.301, -48.162 ], [ -72.301, -48.162 ], [ -72.300, -48.161 ], [ -72.300, -48.161 ], [ -72.299, -48.160 ], [ -72.298, -48.160 ], [ -72.298, -48.160 ], [ -72.298, -48.159 ], [ -72.298, -48.158 ], [ -72.299, -48.156 ], [ -72.300, -48.155 ], [ -72.301, -48.154 ], [ -72.301, -48.153 ], [ -72.302, -48.153 ], [ -72.302, -48.152 ], [ -72.303, -48.151 ], [ -72.303, -48.150 ], [ -72.303, -48.150 ], [ -72.303, -48.149 ], [ -72.303, -48.149 ], [ -72.303, -48.148 ], [ -72.303, -48.148 ], [ -72.304, -48.147 ], [ -72.304, -48.147 ], [ -72.305, -48.146 ], [ -72.305, -48.145 ], [ -72.305, -48.144 ], [ -72.305, -48.143 ], [ -72.305, -48.143 ], [ -72.304, -48.142 ], [ -72.304, -48.142 ], [ -72.304, -48.141 ], [ -72.305, -48.141 ], [ -72.305, -48.140 ], [ -72.306, -48.140 ], [ -72.307, -48.139 ], [ -72.308, -48.138 ], [ -72.309, -48.138 ], [ -72.309, -48.138 ], [ -72.310, -48.137 ], [ -72.311, -48.137 ], [ -72.311, -48.137 ], [ -72.312, -48.136 ], [ -72.316, -48.136 ], [ -72.320, -48.135 ], [ -72.320, -48.134 ], [ -72.321, -48.134 ], [ -72.321, -48.134 ], [ -72.321, -48.133 ], [ -72.321, -48.131 ], [ -72.321, -48.130 ], [ -72.321, -48.128 ], [ -72.322, -48.127 ], [ -72.322, -48.126 ], [ -72.322, -48.126 ], [ -72.323, -48.125 ], [ -72.323, -48.124 ], [ -72.322, -48.123 ], [ -72.322, -48.122 ], [ -72.323, -48.121 ], [ -72.323, -48.121 ], [ -72.324, -48.120 ], [ -72.324, -48.119 ], [ -72.325, -48.118 ], [ -72.326, -48.116 ], [ -72.327, -48.116 ], [ -72.327, -48.116 ], [ -72.328, -48.116 ], [ -72.329, -48.116 ], [ -72.330, -48.115 ], [ -72.331, -48.115 ], [ -72.332, -48.114 ], [ -72.333, -48.114 ], [ -72.333, -48.113 ], [ -72.334, -48.113 ], [ -72.337, -48.112 ], [ -72.338, -48.112 ], [ -72.338, -48.112 ], [ -72.339, -48.111 ], [ -72.339, -48.111 ], [ -72.340, -48.110 ], [ -72.340, -48.110 ], [ -72.341, -48.109 ], [ -72.341, -48.109 ], [ -72.341, -48.108 ], [ -72.342, -48.108 ], [ -72.343, -48.107 ], [ -72.344, -48.107 ], [ -72.345, -48.106 ], [ -72.346, -48.106 ], [ -72.346, -48.106 ], [ -72.347, -48.106 ], [ -72.348, -48.105 ], [ -72.349, -48.105 ], [ -72.349, -48.105 ], [ -72.350, -48.104 ], [ -72.351, -48.104 ], [ -72.352, -48.103 ], [ -72.354, -48.101 ], [ -72.354, -48.101 ], [ -72.355, -48.100 ], [ -72.355, -48.099 ], [ -72.355, -48.097 ], [ -72.356, -48.097 ], [ -72.356, -48.096 ], [ -72.357, -48.094 ], [ -72.358, -48.093 ], [ -72.359, -48.092 ], [ -72.359, -48.091 ], [ -72.360, -48.090 ], [ -72.360, -48.089 ], [ -72.360, -48.089 ], [ -72.360, -48.088 ], [ -72.360, -48.087 ], [ -72.359, -48.086 ], [ -72.359, -48.084 ], [ -72.359, -48.083 ], [ -72.359, -48.082 ], [ -72.360, -48.081 ], [ -72.360, -48.081 ], [ -72.360, -48.080 ], [ -72.361, -48.079 ], [ -72.361, -48.079 ], [ -72.360, -48.078 ], [ -72.360, -48.078 ], [ -72.360, -48.076 ], [ -72.359, -48.075 ], [ -72.359, -48.075 ], [ -72.359, -48.074 ], [ -72.360, -48.074 ], [ -72.361, -48.074 ], [ -72.362, -48.074 ], [ -72.363, -48.074 ], [ -72.363, -48.075 ], [ -72.364, -48.075 ], [ -72.367, -48.076 ], [ -72.368, -48.076 ], [ -72.368, -48.076 ], [ -72.370, -48.076 ], [ -72.371, -48.075 ], [ -72.373, -48.075 ], [ -72.373, -48.075 ], [ -72.374, -48.075 ], [ -72.375, -48.075 ], [ -72.375, -48.075 ], [ -72.376, -48.075 ], [ -72.377, -48.074 ], [ -72.378, -48.074 ], [ -72.378, -48.073 ], [ -72.379, -48.073 ], [ -72.380, -48.073 ], [ -72.380, -48.073 ], [ -72.382, -48.072 ], [ -72.382, -48.072 ], [ -72.383, -48.072 ], [ -72.384, -48.072 ], [ -72.384, -48.072 ], [ -72.384, -48.072 ], [ -72.387, -48.073 ], [ -72.387, -48.074 ], [ -72.388, -48.074 ], [ -72.389, -48.075 ], [ -72.390, -48.075 ], [ -72.391, -48.076 ], [ -72.392, -48.076 ], [ -72.393, -48.077 ], [ -72.393, -48.077 ], [ -72.394, -48.077 ], [ -72.394, -48.077 ], [ -72.394, -48.077 ], [ -72.395, -48.077 ], [ -72.395, -48.077 ], [ -72.395, -48.076 ], [ -72.396, -48.076 ], [ -72.396, -48.076 ], [ -72.397, -48.075 ], [ -72.398, -48.075 ], [ -72.399, -48.075 ], [ -72.400, -48.075 ], [ -72.401, -48.075 ], [ -72.401, -48.076 ], [ -72.403, -48.076 ], [ -72.404, -48.076 ], [ -72.404, -48.076 ], [ -72.405, -48.077 ], [ -72.406, -48.077 ], [ -72.406, -48.078 ], [ -72.407, -48.078 ], [ -72.407, -48.078 ], [ -72.408, -48.078 ], [ -72.408, -48.078 ], [ -72.410, -48.078 ], [ -72.411, -48.078 ], [ -72.412, -48.078 ], [ -72.412, -48.078 ], [ -72.413, -48.078 ], [ -72.414, -48.078 ], [ -72.415, -48.078 ], [ -72.415, -48.078 ], [ -72.417, -48.078 ], [ -72.418, -48.078 ], [ -72.419, -48.078 ], [ -72.419, -48.078 ], [ -72.420, -48.077 ], [ -72.420, -48.077 ], [ -72.421, -48.077 ], [ -72.421, -48.077 ], [ -72.421, -48.076 ], [ -72.421, -48.076 ], [ -72.421, -48.076 ], [ -72.421, -48.075 ], [ -72.420, -48.075 ], [ -72.420, -48.074 ], [ -72.420, -48.074 ], [ -72.420, -48.074 ], [ -72.421, -48.073 ], [ -72.421, -48.073 ], [ -72.421, -48.072 ], [ -72.421, -48.072 ], [ -72.421, -48.072 ], [ -72.422, -48.072 ], [ -72.422, -48.072 ], [ -72.423, -48.072 ], [ -72.424, -48.072 ], [ -72.425, -48.072 ], [ -72.426, -48.072 ], [ -72.427, -48.072 ], [ -72.428, -48.072 ], [ -72.428, -48.072 ], [ -72.429, -48.072 ], [ -72.429, -48.071 ], [ -72.429, -48.071 ], [ -72.429, -48.071 ], [ -72.431, -48.070 ], [ -72.432, -48.070 ], [ -72.433, -48.069 ], [ -72.434, -48.069 ], [ -72.435, -48.069 ], [ -72.435, -48.068 ], [ -72.436, -48.068 ], [ -72.437, -48.067 ], [ -72.438, -48.067 ], [ -72.439, -48.066 ], [ -72.440, -48.066 ], [ -72.441, -48.066 ], [ -72.442, -48.066 ], [ -72.442, -48.065 ], [ -72.442, -48.065 ], [ -72.443, -48.065 ], [ -72.443, -48.064 ], [ -72.443, -48.064 ], [ -72.443, -48.064 ], [ -72.443, -48.063 ], [ -72.442, -48.063 ], [ -72.442, -48.063 ], [ -72.442, -48.062 ], [ -72.442, -48.062 ], [ -72.442, -48.062 ], [ -72.442, -48.061 ], [ -72.441, -48.061 ], [ -72.441, -48.061 ], [ -72.441, -48.061 ], [ -72.441, -48.060 ], [ -72.441, -48.060 ], [ -72.440, -48.060 ], [ -72.440, -48.060 ], [ -72.440, -48.060 ], [ -72.439, -48.060 ], [ -72.439, -48.060 ], [ -72.439, -48.059 ], [ -72.439, -48.059 ], [ -72.438, -48.059 ], [ -72.438, -48.058 ], [ -72.438, -48.058 ], [ -72.438, -48.057 ], [ -72.438, -48.057 ], [ -72.439, -48.057 ], [ -72.439, -48.056 ], [ -72.439, -48.055 ], [ -72.438, -48.055 ], [ -72.439, -48.054 ], [ -72.439, -48.054 ], [ -72.439, -48.054 ], [ -72.439, -48.053 ], [ -72.440, -48.053 ], [ -72.440, -48.053 ], [ -72.440, -48.052 ], [ -72.440, -48.052 ], [ -72.440, -48.052 ], [ -72.440, -48.051 ], [ -72.440, -48.051 ], [ -72.440, -48.050 ], [ -72.440, -48.050 ], [ -72.440, -48.050 ], [ -72.440, -48.049 ], [ -72.440, -48.049 ], [ -72.439, -48.049 ], [ -72.439, -48.049 ], [ -72.439, -48.048 ], [ -72.438, -48.048 ], [ -72.438, -48.048 ], [ -72.437, -48.048 ], [ -72.436, -48.048 ], [ -72.435, -48.048 ], [ -72.434, -48.047 ], [ -72.433, -48.047 ], [ -72.433, -48.046 ], [ -72.432, -48.046 ], [ -72.431, -48.045 ], [ -72.431, -48.044 ], [ -72.430, -48.044 ], [ -72.429, -48.044 ], [ -72.429, -48.044 ], [ -72.429, -48.043 ], [ -72.428, -48.043 ], [ -72.428, -48.043 ], [ -72.428, -48.042 ], [ -72.428, -48.042 ], [ -72.428, -48.041 ], [ -72.427, -48.041 ], [ -72.427, -48.041 ], [ -72.427, -48.040 ], [ -72.427, -48.040 ], [ -72.427, -48.039 ], [ -72.427, -48.039 ], [ -72.428, -48.038 ], [ -72.428, -48.038 ], [ -72.428, -48.038 ], [ -72.429, -48.037 ], [ -72.429, -48.037 ], [ -72.429, -48.037 ], [ -72.429, -48.037 ], [ -72.430, -48.036 ], [ -72.430, -48.036 ], [ -72.430, -48.036 ], [ -72.430, -48.035 ], [ -72.430, -48.035 ], [ -72.430, -48.035 ], [ -72.430, -48.034 ], [ -72.430, -48.034 ], [ -72.430, -48.034 ], [ -72.430, -48.033 ], [ -72.430, -48.033 ], [ -72.430, -48.033 ], [ -72.430, -48.033 ], [ -72.430, -48.032 ], [ -72.430, -48.032 ], [ -72.430, -48.032 ], [ -72.430, -48.032 ], [ -72.430, -48.031 ], [ -72.430, -48.031 ], [ -72.430, -48.031 ], [ -72.430, -48.030 ], [ -72.430, -48.030 ], [ -72.430, -48.030 ], [ -72.430, -48.030 ], [ -72.430, -48.029 ], [ -72.430, -48.029 ], [ -72.430, -48.028 ], [ -72.430, -48.028 ], [ -72.430, -48.028 ], [ -72.430, -48.027 ], [ -72.430, -48.027 ], [ -72.430, -48.027 ], [ -72.430, -48.026 ], [ -72.430, -48.026 ], [ -72.429, -48.025 ], [ -72.429, -48.024 ], [ -72.429, -48.024 ], [ -72.428, -48.023 ], [ -72.428, -48.023 ], [ -72.428, -48.023 ], [ -72.428, -48.022 ], [ -72.428, -48.021 ], [ -72.428, -48.021 ], [ -72.428, -48.020 ], [ -72.427, -48.020 ], [ -72.427, -48.019 ], [ -72.427, -48.018 ], [ -72.427, -48.018 ], [ -72.427, -48.017 ], [ -72.427, -48.017 ], [ -72.428, -48.016 ], [ -72.428, -48.015 ], [ -72.428, -48.014 ], [ -72.428, -48.013 ], [ -72.428, -48.012 ], [ -72.427, -48.011 ], [ -72.427, -48.010 ], [ -72.426, -48.010 ], [ -72.426, -48.009 ], [ -72.426, -48.009 ], [ -72.425, -48.009 ], [ -72.425, -48.009 ], [ -72.423, -48.008 ], [ -72.422, -48.008 ], [ -72.421, -48.007 ], [ -72.421, -48.007 ], [ -72.420, -48.007 ], [ -72.420, -48.006 ], [ -72.420, -48.006 ], [ -72.420, -48.006 ], [ -72.420, -48.005 ], [ -72.420, -48.005 ], [ -72.420, -48.005 ], [ -72.420, -48.004 ], [ -72.419, -48.004 ], [ -72.419, -48.004 ], [ -72.419, -48.004 ], [ -72.418, -48.004 ], [ -72.418, -48.003 ], [ -72.418, -48.003 ], [ -72.418, -48.003 ], [ -72.418, -48.002 ], [ -72.418, -48.002 ], [ -72.418, -48.002 ], [ -72.418, -48.001 ], [ -72.419, -48.001 ], [ -72.419, -48.001 ], [ -72.419, -48.001 ], [ -72.420, -48.000 ], [ -72.420, -48.000 ], [ -72.420, -48.000 ], [ -72.421, -48.000 ], [ -72.421, -48.000 ], [ -72.421, -48.000 ], [ -72.422, -47.999 ], [ -72.422, -47.999 ], [ -72.422, -47.999 ], [ -72.423, -47.999 ], [ -72.423, -47.998 ], [ -72.423, -47.998 ], [ -72.424, -47.997 ], [ -72.425, -47.996 ], [ -72.425, -47.996 ], [ -72.425, -47.995 ], [ -72.424, -47.995 ], [ -72.424, -47.994 ], [ -72.424, -47.994 ], [ -72.424, -47.993 ], [ -72.424, -47.993 ], [ -72.423, -47.993 ], [ -72.423, -47.992 ], [ -72.423, -47.992 ], [ -72.423, -47.992 ], [ -72.422, -47.992 ], [ -72.422, -47.991 ], [ -72.422, -47.991 ], [ -72.421, -47.990 ], [ -72.421, -47.990 ], [ -72.421, -47.990 ], [ -72.421, -47.989 ], [ -72.421, -47.989 ], [ -72.420, -47.988 ], [ -72.420, -47.988 ], [ -72.420, -47.988 ], [ -72.420, -47.987 ], [ -72.420, -47.987 ], [ -72.420, -47.987 ], [ -72.420, -47.986 ], [ -72.421, -47.986 ], [ -72.421, -47.986 ], [ -72.421, -47.986 ], [ -72.421, -47.986 ], [ -72.422, -47.985 ], [ -72.422, -47.985 ], [ -72.422, -47.985 ], [ -72.422, -47.985 ], [ -72.422, -47.984 ], [ -72.423, -47.984 ], [ -72.422, -47.983 ], [ -72.422, -47.983 ], [ -72.422, -47.982 ], [ -72.422, -47.982 ], [ -72.422, -47.981 ], [ -72.422, -47.981 ], [ -72.422, -47.981 ], [ -72.422, -47.980 ], [ -72.422, -47.980 ], [ -72.422, -47.980 ], [ -72.422, -47.979 ], [ -72.422, -47.979 ], [ -72.422, -47.978 ], [ -72.423, -47.978 ], [ -72.424, -47.977 ], [ -72.424, -47.977 ], [ -72.425, -47.977 ], [ -72.425, -47.976 ], [ -72.425, -47.976 ], [ -72.425, -47.976 ], [ -72.425, -47.976 ], [ -72.426, -47.975 ], [ -72.426, -47.975 ], [ -72.426, -47.975 ], [ -72.426, -47.974 ], [ -72.426, -47.974 ], [ -72.427, -47.974 ], [ -72.427, -47.973 ], [ -72.427, -47.973 ], [ -72.427, -47.973 ], [ -72.427, -47.972 ], [ -72.427, -47.972 ], [ -72.427, -47.971 ], [ -72.427, -47.971 ], [ -72.426, -47.971 ], [ -72.426, -47.970 ], [ -72.426, -47.970 ], [ -72.425, -47.970 ], [ -72.425, -47.970 ], [ -72.424, -47.970 ], [ -72.424, -47.969 ], [ -72.424, -47.969 ], [ -72.424, -47.968 ], [ -72.425, -47.968 ], [ -72.425, -47.968 ], [ -72.425, -47.968 ], [ -72.425, -47.967 ], [ -72.425, -47.967 ], [ -72.426, -47.967 ], [ -72.426, -47.966 ], [ -72.426, -47.966 ], [ -72.426, -47.966 ], [ -72.426, -47.966 ], [ -72.427, -47.966 ], [ -72.427, -47.965 ], [ -72.428, -47.966 ], [ -72.428, -47.965 ], [ -72.429, -47.965 ], [ -72.430, -47.965 ], [ -72.431, -47.965 ], [ -72.431, -47.965 ], [ -72.433, -47.965 ], [ -72.434, -47.965 ], [ -72.435, -47.966 ], [ -72.436, -47.966 ], [ -72.438, -47.966 ], [ -72.439, -47.966 ], [ -72.440, -47.965 ], [ -72.442, -47.965 ], [ -72.443, -47.965 ], [ -72.445, -47.964 ], [ -72.446, -47.964 ], [ -72.447, -47.964 ], [ -72.449, -47.964 ], [ -72.450, -47.964 ], [ -72.450, -47.964 ], [ -72.451, -47.964 ], [ -72.452, -47.964 ], [ -72.452, -47.964 ], [ -72.453, -47.964 ], [ -72.453, -47.964 ], [ -72.453, -47.964 ], [ -72.454, -47.964 ], [ -72.454, -47.964 ], [ -72.454, -47.963 ], [ -72.454, -47.963 ], [ -72.454, -47.963 ], [ -72.454, -47.962 ], [ -72.454, -47.962 ], [ -72.454, -47.961 ], [ -72.454, -47.961 ], [ -72.455, -47.961 ], [ -72.455, -47.961 ], [ -72.455, -47.960 ], [ -72.456, -47.960 ], [ -72.456, -47.959 ], [ -72.456, -47.959 ], [ -72.456, -47.959 ], [ -72.456, -47.958 ], [ -72.456, -47.958 ], [ -72.457, -47.958 ], [ -72.457, -47.957 ], [ -72.457, -47.957 ], [ -72.458, -47.957 ], [ -72.458, -47.957 ], [ -72.458, -47.957 ], [ -72.459, -47.956 ], [ -72.459, -47.956 ], [ -72.459, -47.956 ], [ -72.460, -47.956 ], [ -72.461, -47.957 ], [ -72.462, -47.957 ], [ -72.463, -47.957 ], [ -72.464, -47.957 ], [ -72.465, -47.957 ], [ -72.466, -47.957 ], [ -72.467, -47.957 ], [ -72.467, -47.957 ], [ -72.467, -47.958 ], [ -72.467, -47.958 ], [ -72.467, -47.959 ], [ -72.467, -47.959 ], [ -72.467, -47.960 ], [ -72.467, -47.960 ], [ -72.468, -47.960 ], [ -72.469, -47.960 ], [ -72.471, -47.960 ], [ -72.472, -47.960 ], [ -72.473, -47.960 ], [ -72.473, -47.960 ], [ -72.474, -47.960 ], [ -72.474, -47.961 ], [ -72.475, -47.961 ], [ -72.477, -47.961 ], [ -72.478, -47.961 ], [ -72.479, -47.961 ], [ -72.479, -47.961 ], [ -72.480, -47.960 ], [ -72.481, -47.960 ], [ -72.481, -47.960 ], [ -72.482, -47.960 ], [ -72.483, -47.959 ], [ -72.484, -47.959 ], [ -72.485, -47.959 ], [ -72.486, -47.959 ], [ -72.488, -47.959 ], [ -72.490, -47.959 ], [ -72.490, -47.958 ], [ -72.491, -47.958 ], [ -72.492, -47.958 ], [ -72.492, -47.959 ], [ -72.493, -47.959 ], [ -72.493, -47.959 ], [ -72.493, -47.959 ], [ -72.494, -47.960 ], [ -72.494, -47.960 ], [ -72.494, -47.960 ], [ -72.495, -47.961 ], [ -72.495, -47.961 ], [ -72.495, -47.961 ], [ -72.496, -47.961 ], [ -72.496, -47.961 ], [ -72.497, -47.961 ], [ -72.497, -47.961 ], [ -72.497, -47.961 ], [ -72.498, -47.961 ], [ -72.498, -47.961 ], [ -72.499, -47.960 ], [ -72.499, -47.960 ], [ -72.499, -47.960 ], [ -72.500, -47.959 ], [ -72.501, -47.959 ], [ -72.502, -47.958 ], [ -72.502, -47.958 ], [ -72.503, -47.958 ], [ -72.503, -47.958 ], [ -72.503, -47.957 ], [ -72.503, -47.957 ], [ -72.503, -47.957 ], [ -72.504, -47.957 ], [ -72.504, -47.956 ], [ -72.504, -47.956 ], [ -72.504, -47.955 ], [ -72.504, -47.955 ], [ -72.505, -47.954 ], [ -72.505, -47.954 ], [ -72.505, -47.953 ], [ -72.505, -47.952 ], [ -72.504, -47.952 ], [ -72.505, -47.951 ], [ -72.505, -47.951 ], [ -72.506, -47.951 ], [ -72.506, -47.950 ], [ -72.509, -47.949 ], [ -72.512, -47.947 ], [ -72.515, -47.947 ], [ -72.516, -47.946 ], [ -72.517, -47.946 ], [ -72.518, -47.946 ], [ -72.518, -47.946 ], [ -72.519, -47.946 ], [ -72.520, -47.947 ], [ -72.521, -47.947 ], [ -72.521, -47.947 ], [ -72.522, -47.946 ], [ -72.522, -47.945 ], [ -72.522, -47.945 ], [ -72.523, -47.945 ], [ -72.523, -47.944 ], [ -72.523, -47.943 ], [ -72.523, -47.942 ], [ -72.524, -47.941 ], [ -72.524, -47.940 ], [ -72.525, -47.939 ], [ -72.526, -47.939 ], [ -72.527, -47.938 ], [ -72.527, -47.937 ], [ -72.527, -47.936 ], [ -72.527, -47.935 ], [ -72.527, -47.934 ], [ -72.527, -47.933 ], [ -72.527, -47.932 ], [ -72.526, -47.931 ], [ -72.526, -47.930 ], [ -72.526, -47.929 ], [ -72.526, -47.928 ], [ -72.526, -47.927 ], [ -72.526, -47.926 ], [ -72.526, -47.925 ], [ -72.526, -47.924 ], [ -72.525, -47.924 ], [ -72.525, -47.923 ], [ -72.524, -47.923 ], [ -72.523, -47.923 ], [ -72.522, -47.924 ], [ -72.522, -47.924 ], [ -72.522, -47.923 ], [ -72.522, -47.923 ], [ -72.522, -47.922 ], [ -72.522, -47.919 ], [ -72.523, -47.918 ], [ -72.523, -47.917 ], [ -72.523, -47.916 ], [ -72.522, -47.915 ], [ -72.522, -47.914 ], [ -72.522, -47.913 ], [ -72.522, -47.912 ], [ -72.521, -47.911 ], [ -72.521, -47.910 ], [ -72.519, -47.908 ], [ -72.518, -47.907 ], [ -72.517, -47.906 ], [ -72.516, -47.905 ], [ -72.515, -47.904 ], [ -72.514, -47.903 ], [ -72.514, -47.902 ], [ -72.514, -47.901 ], [ -72.514, -47.900 ], [ -72.513, -47.899 ], [ -72.513, -47.899 ], [ -72.512, -47.898 ], [ -72.511, -47.896 ], [ -72.510, -47.895 ], [ -72.510, -47.894 ], [ -72.509, -47.894 ], [ -72.508, -47.893 ], [ -72.506, -47.893 ], [ -72.505, -47.892 ], [ -72.504, -47.892 ], [ -72.504, -47.892 ], [ -72.503, -47.891 ], [ -72.502, -47.890 ], [ -72.501, -47.888 ], [ -72.500, -47.886 ], [ -72.499, -47.886 ], [ -72.499, -47.885 ], [ -72.499, -47.885 ], [ -72.499, -47.885 ], [ -72.500, -47.884 ], [ -72.500, -47.884 ], [ -72.500, -47.883 ], [ -72.500, -47.882 ], [ -72.500, -47.881 ], [ -72.500, -47.881 ], [ -72.499, -47.880 ], [ -72.498, -47.879 ], [ -72.497, -47.879 ], [ -72.497, -47.878 ], [ -72.497, -47.877 ], [ -72.498, -47.877 ], [ -72.498, -47.876 ], [ -72.497, -47.875 ], [ -72.496, -47.875 ], [ -72.495, -47.874 ], [ -72.494, -47.873 ], [ -72.492, -47.873 ], [ -72.490, -47.873 ], [ -72.488, -47.872 ], [ -72.486, -47.872 ], [ -72.485, -47.872 ], [ -72.484, -47.872 ], [ -72.483, -47.872 ], [ -72.482, -47.871 ], [ -72.481, -47.871 ], [ -72.480, -47.871 ], [ -72.479, -47.871 ], [ -72.479, -47.871 ], [ -72.478, -47.871 ], [ -72.477, -47.871 ], [ -72.477, -47.871 ], [ -72.476, -47.870 ], [ -72.476, -47.870 ], [ -72.476, -47.869 ], [ -72.477, -47.868 ], [ -72.477, -47.867 ], [ -72.476, -47.867 ], [ -72.475, -47.866 ], [ -72.475, -47.865 ], [ -72.474, -47.864 ], [ -72.474, -47.863 ], [ -72.474, -47.862 ], [ -72.474, -47.862 ], [ -72.473, -47.861 ], [ -72.473, -47.860 ], [ -72.473, -47.860 ], [ -72.473, -47.859 ], [ -72.473, -47.859 ], [ -72.473, -47.857 ], [ -72.473, -47.856 ], [ -72.473, -47.855 ], [ -72.474, -47.852 ], [ -72.474, -47.851 ], [ -72.473, -47.850 ], [ -72.473, -47.849 ], [ -72.473, -47.847 ], [ -72.473, -47.846 ], [ -72.473, -47.845 ], [ -72.473, -47.844 ], [ -72.472, -47.843 ], [ -72.472, -47.842 ], [ -72.473, -47.841 ], [ -72.473, -47.840 ], [ -72.473, -47.839 ], [ -72.472, -47.839 ], [ -72.472, -47.838 ], [ -72.472, -47.838 ], [ -72.472, -47.837 ], [ -72.473, -47.837 ], [ -72.473, -47.837 ], [ -72.474, -47.836 ], [ -72.474, -47.836 ], [ -72.474, -47.835 ], [ -72.473, -47.835 ], [ -72.472, -47.833 ], [ -72.471, -47.833 ], [ -72.471, -47.832 ], [ -72.471, -47.831 ], [ -72.470, -47.830 ], [ -72.470, -47.828 ], [ -72.470, -47.826 ], [ -72.470, -47.825 ], [ -72.469, -47.823 ], [ -72.469, -47.822 ], [ -72.468, -47.821 ], [ -72.468, -47.820 ], [ -72.469, -47.819 ], [ -72.469, -47.819 ], [ -72.469, -47.819 ], [ -72.469, -47.818 ], [ -72.469, -47.818 ], [ -72.469, -47.817 ], [ -72.469, -47.817 ], [ -72.469, -47.816 ], [ -72.468, -47.816 ], [ -72.467, -47.815 ], [ -72.467, -47.814 ], [ -72.466, -47.813 ], [ -72.467, -47.813 ], [ -72.467, -47.813 ], [ -72.468, -47.812 ], [ -72.468, -47.812 ], [ -72.469, -47.812 ], [ -72.469, -47.813 ], [ -72.470, -47.813 ], [ -72.471, -47.812 ], [ -72.473, -47.812 ], [ -72.475, -47.811 ], [ -72.480, -47.809 ], [ -72.481, -47.808 ], [ -72.482, -47.807 ], [ -72.483, -47.807 ], [ -72.483, -47.807 ], [ -72.484, -47.807 ], [ -72.484, -47.806 ], [ -72.484, -47.805 ], [ -72.484, -47.805 ], [ -72.484, -47.804 ], [ -72.485, -47.804 ], [ -72.485, -47.804 ], [ -72.486, -47.803 ], [ -72.486, -47.803 ], [ -72.487, -47.802 ], [ -72.487, -47.802 ], [ -72.488, -47.802 ], [ -72.489, -47.801 ], [ -72.490, -47.800 ], [ -72.491, -47.800 ], [ -72.492, -47.800 ], [ -72.492, -47.799 ], [ -72.493, -47.798 ], [ -72.494, -47.798 ], [ -72.495, -47.796 ], [ -72.495, -47.795 ], [ -72.495, -47.795 ], [ -72.494, -47.794 ], [ -72.493, -47.794 ], [ -72.493, -47.793 ], [ -72.493, -47.792 ], [ -72.493, -47.792 ], [ -72.494, -47.791 ], [ -72.494, -47.790 ], [ -72.494, -47.790 ], [ -72.495, -47.790 ], [ -72.496, -47.790 ], [ -72.497, -47.789 ], [ -72.497, -47.789 ], [ -72.498, -47.788 ], [ -72.498, -47.788 ], [ -72.498, -47.787 ], [ -72.498, -47.785 ], [ -72.498, -47.785 ], [ -72.499, -47.784 ], [ -72.499, -47.784 ], [ -72.499, -47.783 ], [ -72.498, -47.783 ], [ -72.498, -47.782 ], [ -72.498, -47.782 ], [ -72.498, -47.781 ], [ -72.498, -47.781 ], [ -72.498, -47.780 ], [ -72.498, -47.780 ], [ -72.498, -47.779 ], [ -72.498, -47.779 ], [ -72.498, -47.778 ], [ -72.498, -47.777 ], [ -72.498, -47.776 ], [ -72.498, -47.776 ], [ -72.498, -47.775 ], [ -72.498, -47.775 ], [ -72.499, -47.774 ], [ -72.499, -47.774 ], [ -72.499, -47.774 ], [ -72.499, -47.773 ], [ -72.499, -47.773 ], [ -72.500, -47.772 ], [ -72.501, -47.772 ], [ -72.501, -47.772 ], [ -72.502, -47.771 ], [ -72.503, -47.771 ], [ -72.503, -47.770 ], [ -72.503, -47.769 ], [ -72.502, -47.769 ], [ -72.501, -47.769 ], [ -72.501, -47.768 ], [ -72.501, -47.768 ], [ -72.501, -47.767 ], [ -72.501, -47.767 ], [ -72.502, -47.767 ], [ -72.502, -47.766 ], [ -72.502, -47.765 ], [ -72.502, -47.765 ], [ -72.503, -47.765 ], [ -72.503, -47.764 ], [ -72.503, -47.764 ], [ -72.503, -47.763 ], [ -72.504, -47.763 ], [ -72.505, -47.762 ], [ -72.506, -47.762 ], [ -72.507, -47.762 ], [ -72.508, -47.762 ], [ -72.509, -47.762 ], [ -72.510, -47.761 ], [ -72.511, -47.761 ], [ -72.512, -47.761 ], [ -72.512, -47.761 ], [ -72.512, -47.760 ], [ -72.512, -47.760 ], [ -72.513, -47.759 ], [ -72.514, -47.758 ], [ -72.515, -47.757 ], [ -72.515, -47.757 ], [ -72.516, -47.756 ], [ -72.517, -47.756 ], [ -72.518, -47.756 ], [ -72.519, -47.755 ], [ -72.520, -47.755 ], [ -72.520, -47.755 ], [ -72.521, -47.754 ], [ -72.521, -47.754 ], [ -72.521, -47.753 ], [ -72.521, -47.752 ], [ -72.521, -47.751 ], [ -72.521, -47.751 ], [ -72.522, -47.751 ], [ -72.522, -47.750 ], [ -72.522, -47.750 ], [ -72.522, -47.749 ], [ -72.523, -47.748 ], [ -72.522, -47.747 ], [ -72.522, -47.747 ], [ -72.522, -47.746 ], [ -72.522, -47.745 ], [ -72.522, -47.744 ], [ -72.522, -47.743 ], [ -72.522, -47.743 ], [ -72.522, -47.742 ], [ -72.522, -47.741 ], [ -72.521, -47.741 ], [ -72.520, -47.741 ], [ -72.520, -47.741 ], [ -72.519, -47.742 ], [ -72.519, -47.742 ], [ -72.519, -47.743 ], [ -72.519, -47.744 ], [ -72.519, -47.744 ], [ -72.518, -47.745 ], [ -72.517, -47.745 ], [ -72.515, -47.745 ], [ -72.512, -47.746 ], [ -72.511, -47.746 ], [ -72.510, -47.746 ], [ -72.509, -47.746 ], [ -72.507, -47.746 ], [ -72.506, -47.746 ], [ -72.506, -47.747 ], [ -72.506, -47.747 ], [ -72.505, -47.748 ], [ -72.505, -47.748 ], [ -72.505, -47.748 ], [ -72.504, -47.749 ], [ -72.504, -47.750 ], [ -72.503, -47.750 ], [ -72.503, -47.750 ], [ -72.502, -47.751 ], [ -72.502, -47.751 ], [ -72.501, -47.751 ], [ -72.501, -47.751 ], [ -72.500, -47.752 ], [ -72.499, -47.753 ], [ -72.499, -47.753 ], [ -72.498, -47.754 ], [ -72.498, -47.754 ], [ -72.498, -47.754 ], [ -72.497, -47.755 ], [ -72.497, -47.755 ], [ -72.496, -47.756 ], [ -72.495, -47.757 ], [ -72.495, -47.756 ], [ -72.495, -47.755 ], [ -72.494, -47.754 ], [ -72.493, -47.754 ], [ -72.491, -47.754 ], [ -72.489, -47.754 ], [ -72.487, -47.754 ], [ -72.486, -47.754 ], [ -72.485, -47.754 ], [ -72.485, -47.755 ], [ -72.485, -47.756 ], [ -72.485, -47.756 ], [ -72.485, -47.757 ], [ -72.484, -47.758 ], [ -72.483, -47.758 ], [ -72.483, -47.759 ], [ -72.483, -47.759 ], [ -72.483, -47.760 ], [ -72.482, -47.760 ], [ -72.481, -47.759 ], [ -72.480, -47.759 ], [ -72.479, -47.759 ], [ -72.477, -47.759 ], [ -72.477, -47.759 ], [ -72.475, -47.759 ], [ -72.474, -47.759 ], [ -72.474, -47.759 ], [ -72.473, -47.759 ], [ -72.473, -47.759 ], [ -72.472, -47.759 ], [ -72.471, -47.759 ], [ -72.472, -47.758 ], [ -72.471, -47.758 ], [ -72.471, -47.757 ], [ -72.471, -47.756 ], [ -72.471, -47.756 ], [ -72.471, -47.756 ], [ -72.470, -47.755 ], [ -72.470, -47.754 ], [ -72.470, -47.754 ], [ -72.470, -47.753 ], [ -72.469, -47.752 ], [ -72.470, -47.751 ], [ -72.470, -47.751 ], [ -72.470, -47.749 ], [ -72.470, -47.749 ], [ -72.470, -47.748 ], [ -72.470, -47.747 ], [ -72.469, -47.747 ], [ -72.469, -47.746 ], [ -72.467, -47.746 ], [ -72.467, -47.746 ], [ -72.466, -47.745 ], [ -72.466, -47.744 ], [ -72.465, -47.743 ], [ -72.465, -47.741 ], [ -72.465, -47.740 ], [ -72.465, -47.739 ], [ -72.465, -47.739 ], [ -72.464, -47.738 ], [ -72.463, -47.739 ], [ -72.462, -47.739 ], [ -72.461, -47.739 ], [ -72.459, -47.740 ], [ -72.458, -47.741 ], [ -72.457, -47.741 ], [ -72.456, -47.741 ], [ -72.455, -47.741 ], [ -72.454, -47.741 ], [ -72.453, -47.742 ], [ -72.452, -47.742 ], [ -72.450, -47.742 ], [ -72.449, -47.743 ], [ -72.446, -47.744 ], [ -72.445, -47.745 ], [ -72.443, -47.746 ], [ -72.442, -47.747 ], [ -72.441, -47.747 ], [ -72.441, -47.746 ], [ -72.440, -47.746 ], [ -72.440, -47.745 ], [ -72.440, -47.744 ], [ -72.440, -47.744 ], [ -72.440, -47.743 ], [ -72.441, -47.742 ], [ -72.441, -47.742 ], [ -72.441, -47.742 ], [ -72.441, -47.741 ], [ -72.440, -47.740 ], [ -72.439, -47.740 ], [ -72.437, -47.739 ], [ -72.436, -47.737 ], [ -72.436, -47.736 ], [ -72.436, -47.736 ], [ -72.435, -47.735 ], [ -72.435, -47.735 ], [ -72.434, -47.734 ], [ -72.434, -47.734 ], [ -72.434, -47.734 ], [ -72.434, -47.733 ], [ -72.435, -47.733 ], [ -72.436, -47.732 ], [ -72.437, -47.731 ], [ -72.437, -47.731 ], [ -72.438, -47.730 ], [ -72.439, -47.729 ], [ -72.439, -47.728 ], [ -72.440, -47.727 ], [ -72.440, -47.727 ], [ -72.441, -47.726 ], [ -72.442, -47.725 ], [ -72.443, -47.724 ], [ -72.443, -47.724 ], [ -72.444, -47.723 ], [ -72.445, -47.723 ], [ -72.445, -47.722 ], [ -72.445, -47.721 ], [ -72.446, -47.721 ], [ -72.446, -47.720 ], [ -72.446, -47.720 ], [ -72.446, -47.720 ], [ -72.446, -47.719 ], [ -72.447, -47.719 ], [ -72.448, -47.718 ], [ -72.449, -47.718 ], [ -72.449, -47.718 ], [ -72.450, -47.717 ], [ -72.450, -47.716 ], [ -72.451, -47.716 ], [ -72.451, -47.715 ], [ -72.450, -47.714 ], [ -72.449, -47.713 ], [ -72.448, -47.713 ], [ -72.448, -47.712 ], [ -72.448, -47.711 ], [ -72.448, -47.710 ], [ -72.448, -47.710 ], [ -72.448, -47.709 ], [ -72.448, -47.708 ], [ -72.448, -47.707 ], [ -72.448, -47.707 ], [ -72.449, -47.707 ], [ -72.449, -47.706 ], [ -72.449, -47.705 ], [ -72.447, -47.705 ], [ -72.446, -47.705 ], [ -72.445, -47.705 ], [ -72.443, -47.705 ], [ -72.441, -47.705 ], [ -72.440, -47.704 ], [ -72.439, -47.704 ], [ -72.439, -47.704 ], [ -72.438, -47.703 ], [ -72.437, -47.703 ], [ -72.436, -47.702 ], [ -72.434, -47.702 ], [ -72.432, -47.701 ], [ -72.431, -47.701 ], [ -72.430, -47.701 ], [ -72.429, -47.700 ], [ -72.428, -47.699 ], [ -72.427, -47.699 ], [ -72.426, -47.698 ], [ -72.425, -47.698 ], [ -72.423, -47.698 ], [ -72.422, -47.697 ], [ -72.421, -47.697 ], [ -72.420, -47.697 ], [ -72.419, -47.696 ], [ -72.418, -47.696 ], [ -72.417, -47.695 ], [ -72.416, -47.695 ], [ -72.416, -47.694 ], [ -72.415, -47.693 ], [ -72.415, -47.692 ], [ -72.413, -47.691 ], [ -72.413, -47.690 ], [ -72.414, -47.688 ], [ -72.413, -47.687 ], [ -72.413, -47.686 ], [ -72.413, -47.686 ], [ -72.399, -47.699 ], [ -72.366, -47.699 ], [ -72.333, -47.699 ], [ -72.299, -47.699 ], [ -72.299, -47.733 ], [ -72.266, -47.733 ], [ -72.233, -47.733 ], [ -72.199, -47.733 ], [ -72.199, -47.699 ], [ -72.166, -47.699 ], [ -72.166, -47.666 ], [ -72.166, -47.633 ], [ -72.133, -47.633 ], [ -72.133, -47.666 ], [ -72.099, -47.666 ], [ -72.099, -47.633 ], [ -72.099, -47.599 ], [ -72.133, -47.599 ], [ -72.133, -47.566 ], [ -72.166, -47.566 ], [ -72.199, -47.566 ], [ -72.233, -47.566 ], [ -72.266, -47.566 ], [ -72.299, -47.566 ], [ -72.310, -47.555 ], [ -72.310, -47.555 ], [ -72.309, -47.554 ], [ -72.308, -47.553 ], [ -72.308, -47.553 ], [ -72.308, -47.551 ], [ -72.308, -47.551 ], [ -72.308, -47.550 ], [ -72.307, -47.549 ], [ -72.307, -47.548 ], [ -72.307, -47.548 ], [ -72.307, -47.547 ], [ -72.307, -47.546 ], [ -72.306, -47.545 ], [ -72.305, -47.544 ], [ -72.304, -47.544 ], [ -72.303, -47.543 ], [ -72.303, -47.542 ], [ -72.303, -47.541 ], [ -72.302, -47.540 ], [ -72.301, -47.539 ], [ -72.301, -47.538 ], [ -72.301, -47.537 ], [ -72.301, -47.536 ], [ -72.301, -47.534 ], [ -72.300, -47.533 ], [ -72.299, -47.532 ], [ -72.299, -47.532 ], [ -72.299, -47.531 ], [ -72.299, -47.529 ], [ -72.299, -47.528 ], [ -72.298, -47.528 ], [ -72.297, -47.527 ], [ -72.297, -47.526 ], [ -72.296, -47.526 ], [ -72.295, -47.525 ], [ -72.294, -47.524 ], [ -72.294, -47.524 ], [ -72.294, -47.523 ], [ -72.294, -47.522 ], [ -72.294, -47.521 ], [ -72.293, -47.520 ], [ -72.292, -47.520 ], [ -72.292, -47.518 ], [ -72.292, -47.517 ], [ -72.292, -47.517 ], [ -72.292, -47.517 ], [ -72.306, -47.513 ], [ -72.305, -47.507 ], [ -72.306, -47.506 ], [ -72.299, -47.499 ], [ -72.299, -47.466 ], [ -72.299, -47.422 ], [ -72.299, -47.422 ], [ -72.293, -47.42 ], [ -72.285, -47.418 ], [ -72.278, -47.416 ], [ -72.271, -47.414 ], [ -72.263, -47.413 ], [ -72.256, -47.411 ], [ -72.248, -47.41 ], [ -72.238, -47.409 ], [ -72.229, -47.410 ], [ -72.220, -47.411 ], [ -72.213, -47.414 ], [ -72.206, -47.416 ], [ -72.198, -47.418 ], [ -72.190, -47.419 ], [ -72.180, -47.420 ], [ -72.174, -47.417 ], [ -72.168, -47.415 ], [ -72.161, -47.412 ], [ -72.156, -47.409 ], [ -72.151, -47.405 ], [ -72.149, -47.4 ], [ -72.146, -47.394 ], [ -72.144, -47.389 ], [ -72.141, -47.384 ], [ -72.136, -47.380 ], [ -72.131, -47.377 ], [ -72.126, -47.373 ], [ -72.120, -47.370 ], [ -72.114, -47.368 ], [ -72.107, -47.365 ], [ -72.100, -47.363 ], [ -72.095, -47.360 ], [ -72.089, -47.357 ], [ -72.083, -47.354 ], [ -72.079, -47.350 ], [ -72.076, -47.345 ], [ -72.074, -47.34 ], [ -72.073, -47.340 ], [ -72.072, -47.340 ], [ -72.071, -47.341 ], [ -72.069, -47.341 ], [ -72.066, -47.341 ], [ -72.063, -47.340 ], [ -72.044, -47.340 ], [ -72.043, -47.332 ], [ -72.037, -47.328 ], [ -72.033, -47.333 ], [ -72.033, -47.366 ], [ -72.033, -47.399 ], [ -71.999, -47.399 ], [ -71.999, -47.433 ], [ -72.033, -47.433 ], [ -72.066, -47.433 ], [ -72.099, -47.433 ], [ -72.099, -47.466 ], [ -72.133, -47.466 ], [ -72.166, -47.466 ], [ -72.166, -47.499 ], [ -72.133, -47.499 ], [ -72.099, -47.499 ], [ -72.099, -47.466 ], [ -72.066, -47.466 ], [ -72.033, -47.466 ], [ -71.999, -47.466 ], [ -71.966, -47.466 ], [ -71.966, -47.499 ], [ -71.966, -47.533 ], [ -71.966, -47.566 ], [ -71.933, -47.566 ], [ -71.933, -47.533 ], [ -71.899, -47.533 ], [ -71.899, -47.566 ], [ -71.866, -47.566 ], [ -71.866, -47.599 ], [ -71.899, -47.599 ], [ -71.933, -47.599 ], [ -71.933, -47.633 ], [ -71.899, -47.633 ], [ -71.866, -47.633 ], [ -71.866, -47.666 ], [ -71.899, -47.666 ], [ -71.933, -47.666 ], [ -71.933, -47.699 ], [ -71.933, -47.733 ], [ -71.966, -47.733 ], [ -71.966, -47.699 ], [ -71.966, -47.666 ], [ -71.966, -47.633 ], [ -71.999, -47.633 ], [ -72.033, -47.633 ], [ -72.033, -47.666 ], [ -72.033, -47.699 ], [ -72.066, -47.699 ], [ -72.066, -47.733 ], [ -72.066, -47.766 ], [ -72.033, -47.766 ], [ -72.033, -47.733 ], [ -71.999, -47.733 ], [ -71.966, -47.733 ], [ -71.966, -47.766 ], [ -71.999, -47.766 ], [ -71.999, -47.799 ], [ -72.033, -47.799 ], [ -72.033, -47.833 ], [ -72.033, -47.866 ], [ -71.999, -47.866 ], [ -71.966, -47.866 ], [ -71.966, -47.833 ], [ -71.999, -47.833 ], [ -71.999, -47.799 ], [ -71.966, -47.799 ], [ -71.933, -47.799 ], [ -71.933, -47.833 ], [ -71.899, -47.833 ], [ -71.899, -47.866 ], [ -71.866, -47.866 ], [ -71.866, -47.899 ], [ -71.866, -47.933 ], [ -71.833, -47.933 ], [ -71.833, -47.966 ], [ -71.799, -47.966 ], [ -71.766, -47.966 ], [ -71.733, -47.966 ], [ -71.699, -47.966 ], [ -71.666, -47.966 ], [ -71.633, -47.966 ], [ -71.633, -47.933 ], [ -71.599, -47.933 ], [ -71.566, -47.933 ], [ -71.566, -47.899 ], [ -71.533, -47.899 ], [ -71.499, -47.899 ], [ -71.499, -47.866 ], [ -71.499, -47.833 ], [ -71.533, -47.833 ], [ -71.566, -47.833 ], [ -71.566, -47.799 ], [ -71.566, -47.766 ], [ -71.599, -47.766 ], [ -71.599, -47.733 ], [ -71.599, -47.699 ], [ -71.633, -47.699 ], [ -71.666, -47.699 ], [ -71.699, -47.699 ], [ -71.699, -47.666 ], [ -71.699, -47.633 ], [ -71.666, -47.633 ], [ -71.633, -47.633 ], [ -71.599, -47.633 ], [ -71.599, -47.599 ], [ -71.566, -47.599 ], [ -71.533, -47.599 ], [ -71.533, -47.633 ], [ -71.499, -47.633 ], [ -71.466, -47.633 ], [ -71.433, -47.633 ], [ -71.399, -47.633 ], [ -71.366, -47.633 ], [ -71.366, -47.599 ], [ -71.333, -47.599 ], [ -71.333, -47.633 ], [ -71.299, -47.633 ], [ -71.266, -47.633 ], [ -71.233, -47.633 ], [ -71.199, -47.633 ], [ -71.199, -47.666 ], [ -71.166, -47.666 ], [ -71.133, -47.666 ], [ -71.099, -47.666 ], [ -71.066, -47.666 ], [ -71.033, -47.666 ], [ -71.033, -47.633 ], [ -70.999, -47.633 ], [ -70.966, -47.633 ], [ -70.933, -47.633 ], [ -70.933, -47.599 ], [ -70.899, -47.599 ], [ -70.899, -47.566 ], [ -70.866, -47.566 ], [ -70.833, -47.566 ], [ -70.833, -47.533 ], [ -70.833, -47.499 ], [ -70.833, -47.466 ], [ -70.833, -47.433 ], [ -70.833, -47.399 ], [ -70.833, -47.366 ], [ -70.833, -47.333 ], [ -70.866, -47.333 ], [ -70.866, -47.299 ], [ -70.833, -47.299 ], [ -70.833, -47.266 ], [ -70.799, -47.266 ], [ -70.766, -47.266 ], [ -70.766, -47.299 ], [ -70.733, -47.299 ], [ -70.733, -47.333 ], [ -70.699, -47.333 ], [ -70.666, -47.333 ], [ -70.633, -47.333 ], [ -70.599, -47.333 ], [ -70.566, -47.333 ], [ -70.533, -47.333 ], [ -70.533, -47.299 ], [ -70.499, -47.299 ], [ -70.466, -47.299 ], [ -70.433, -47.299 ], [ -70.433, -47.266 ], [ -70.433, -47.233 ], [ -70.399, -47.233 ], [ -70.399, -47.199 ], [ -70.399, -47.166 ], [ -70.399, -47.133 ], [ -70.433, -47.133 ], [ -70.433, -47.099 ], [ -70.399, -47.099 ], [ -70.399, -47.066 ], [ -70.433, -47.066 ], [ -70.433, -47.033 ], [ -70.466, -47.033 ], [ -70.466, -46.999 ], [ -70.433, -46.999 ], [ -70.433, -46.966 ], [ -70.399, -46.966 ], [ -70.366, -46.966 ], [ -70.333, -46.966 ], [ -70.333, -46.933 ], [ -70.333, -46.899 ], [ -70.299, -46.899 ], [ -70.299, -46.866 ], [ -70.266, -46.866 ], [ -70.233, -46.866 ], [ -70.233, -46.833 ], [ -70.199, -46.833 ], [ -70.166, -46.833 ], [ -70.133, -46.833 ], [ -70.133, -46.866 ], [ -70.099, -46.866 ], [ -70.099, -46.899 ], [ -70.066, -46.899 ], [ -70.066, -46.933 ], [ -70.033, -46.933 ], [ -70.033, -46.966 ], [ -69.999, -46.966 ], [ -69.966, -46.966 ], [ -69.966, -46.999 ], [ -69.933, -46.999 ], [ -69.933, -47.033 ], [ -69.899, -47.033 ], [ -69.866, -47.033 ], [ -69.866, -47.066 ], [ -69.833, -47.066 ], [ -69.833, -47.099 ], [ -69.833, -47.133 ], [ -69.799, -47.133 ], [ -69.799, -47.166 ], [ -69.799, -47.199 ], [ -69.766, -47.199 ], [ -69.733, -47.199 ], [ -69.733, -47.233 ], [ -69.766, -47.233 ], [ -69.799, -47.233 ], [ -69.833, -47.233 ], [ -69.866, -47.233 ], [ -69.899, -47.233 ], [ -69.899, -47.266 ], [ -69.866, -47.266 ], [ -69.833, -47.266 ], [ -69.833, -47.299 ], [ -69.866, -47.299 ], [ -69.866, -47.333 ], [ -69.833, -47.333 ], [ -69.833, -47.299 ], [ -69.799, -47.299 ], [ -69.766, -47.299 ], [ -69.733, -47.299 ], [ -69.699, -47.299 ], [ -69.666, -47.299 ], [ -69.666, -47.333 ], [ -69.666, -47.366 ], [ -69.633, -47.366 ], [ -69.633, -47.333 ], [ -69.599, -47.333 ], [ -69.566, -47.333 ], [ -69.566, -47.299 ], [ -69.566, -47.266 ], [ -69.533, -47.266 ], [ -69.499, -47.266 ], [ -69.499, -47.233 ], [ -69.499, -47.199 ], [ -69.466, -47.199 ], [ -69.466, -47.166 ], [ -69.466, -47.133 ], [ -69.499, -47.133 ], [ -69.533, -47.133 ], [ -69.566, -47.133 ], [ -69.566, -47.099 ], [ -69.566, -47.066 ], [ -69.533, -47.066 ], [ -69.533, -47.033 ], [ -69.533, -46.999 ], [ -69.533, -46.966 ], [ -69.533, -46.933 ], [ -69.499, -46.933 ], [ -69.466, -46.933 ], [ -69.433, -46.933 ], [ -69.399, -46.933 ], [ -69.399, -46.899 ], [ -69.433, -46.899 ], [ -69.433, -46.866 ], [ -69.433, -46.833 ], [ -69.399, -46.833 ], [ -69.366, -46.833 ], [ -69.333, -46.833 ], [ -69.299, -46.833 ], [ -69.299, -46.866 ], [ -69.333, -46.866 ], [ -69.366, -46.866 ], [ -69.366, -46.899 ], [ -69.333, -46.899 ], [ -69.299, -46.899 ], [ -69.299, -46.866 ], [ -69.266, -46.866 ], [ -69.233, -46.866 ], [ -69.233, -46.833 ], [ -69.199, -46.833 ], [ -69.166, -46.833 ], [ -69.166, -46.866 ], [ -69.133, -46.866 ], [ -69.133, -46.899 ], [ -69.099, -46.899 ], [ -69.066, -46.899 ], [ -69.033, -46.899 ], [ -69.033, -46.933 ], [ -69.066, -46.933 ], [ -69.099, -46.933 ], [ -69.133, -46.933 ], [ -69.166, -46.933 ], [ -69.199, -46.933 ], [ -69.233, -46.933 ], [ -69.266, -46.933 ], [ -69.299, -46.933 ], [ -69.333, -46.933 ], [ -69.333, -46.966 ], [ -69.333, -46.999 ], [ -69.299, -46.999 ], [ -69.266, -46.999 ], [ -69.233, -46.999 ], [ -69.199, -46.999 ], [ -69.166, -46.999 ], [ -69.133, -46.999 ], [ -69.133, -47.033 ], [ -69.133, -47.066 ], [ -69.133, -47.099 ], [ -69.099, -47.099 ], [ -69.066, -47.099 ], [ -69.033, -47.099 ], [ -68.999, -47.099 ] ], [ [ -69.199, -47.233 ], [ -69.233, -47.233 ], [ -69.233, -47.199 ], [ -69.266, -47.199 ], [ -69.266, -47.233 ], [ -69.266, -47.266 ], [ -69.299, -47.266 ], [ -69.299, -47.299 ], [ -69.266, -47.299 ], [ -69.233, -47.299 ], [ -69.199, -47.299 ], [ -69.166, -47.299 ], [ -69.166, -47.266 ], [ -69.199, -47.266 ], [ -69.199, -47.233 ], [ -69.166, -47.233 ], [ -69.166, -47.199 ], [ -69.199, -47.199 ], [ -69.199, -47.233 ] ], [ [ -69.433, -47.499 ], [ -69.433, -47.466 ], [ -69.466, -47.466 ], [ -69.466, -47.499 ], [ -69.433, -47.499 ], [ -69.433, -47.533 ], [ -69.399, -47.533 ], [ -69.399, -47.566 ], [ -69.366, -47.566 ], [ -69.366, -47.599 ], [ -69.366, -47.633 ], [ -69.333, -47.633 ], [ -69.333, -47.599 ], [ -69.299, -47.599 ], [ -69.266, -47.599 ], [ -69.266, -47.566 ], [ -69.299, -47.566 ], [ -69.299, -47.533 ], [ -69.333, -47.533 ], [ -69.366, -47.533 ], [ -69.399, -47.533 ], [ -69.399, -47.499 ], [ -69.433, -47.499 ] ], [ [ -69.633, -47.566 ], [ -69.633, -47.533 ], [ -69.666, -47.533 ], [ -69.699, -47.533 ], [ -69.699, -47.566 ], [ -69.666, -47.566 ], [ -69.633, -47.566 ] ], [ [ -70.166, -47.766 ], [ -70.166, -47.799 ], [ -70.166, -47.833 ], [ -70.166, -47.866 ], [ -70.166, -47.899 ], [ -70.166, -47.933 ], [ -70.133, -47.933 ], [ -70.133, -47.966 ], [ -70.099, -47.966 ], [ -70.099, -47.933 ], [ -70.066, -47.933 ], [ -70.066, -47.899 ], [ -70.033, -47.899 ], [ -70.033, -47.866 ], [ -70.033, -47.833 ], [ -70.033, -47.799 ], [ -69.999, -47.799 ], [ -69.999, -47.766 ], [ -70.033, -47.766 ], [ -70.033, -47.733 ], [ -70.066, -47.733 ], [ -70.099, -47.733 ], [ -70.099, -47.766 ], [ -70.133, -47.766 ], [ -70.166, -47.766 ] ], [ [ -69.666, -48.499 ], [ -69.633, -48.499 ], [ -69.599, -48.499 ], [ -69.599, -48.466 ], [ -69.566, -48.466 ], [ -69.566, -48.433 ], [ -69.533, -48.433 ], [ -69.533, -48.399 ], [ -69.533, -48.366 ], [ -69.533, -48.333 ], [ -69.499, -48.333 ], [ -69.499, -48.299 ], [ -69.499, -48.266 ], [ -69.499, -48.233 ], [ -69.533, -48.233 ], [ -69.566, -48.233 ], [ -69.566, -48.199 ], [ -69.599, -48.199 ], [ -69.633, -48.199 ], [ -69.666, -48.199 ], [ -69.666, -48.233 ], [ -69.699, -48.233 ], [ -69.733, -48.233 ], [ -69.733, -48.266 ], [ -69.766, -48.266 ], [ -69.766, -48.299 ], [ -69.799, -48.299 ], [ -69.833, -48.299 ], [ -69.833, -48.333 ], [ -69.866, -48.333 ], [ -69.899, -48.333 ], [ -69.899, -48.366 ], [ -69.933, -48.366 ], [ -69.933, -48.399 ], [ -69.933, -48.433 ], [ -69.933, -48.466 ], [ -69.933, -48.499 ], [ -69.899, -48.499 ], [ -69.899, -48.533 ], [ -69.866, -48.533 ], [ -69.833, -48.533 ], [ -69.833, -48.566 ], [ -69.799, -48.566 ], [ -69.766, -48.566 ], [ -69.733, -48.566 ], [ -69.699, -48.566 ], [ -69.666, -48.566 ], [ -69.666, -48.533 ], [ -69.666, -48.499 ] ] ], [ [ [ -69.233, -47.066 ], [ -69.233, -47.033 ], [ -69.266, -47.033 ], [ -69.299, -47.033 ], [ -69.299, -47.066 ], [ -69.333, -47.066 ], [ -69.333, -47.099 ], [ -69.333, -47.133 ], [ -69.299, -47.133 ], [ -69.299, -47.166 ], [ -69.266, -47.166 ], [ -69.233, -47.166 ], [ -69.233, -47.133 ], [ -69.233, -47.099 ], [ -69.233, -47.066 ] ] ], [ [ [ -69.433, -46.999 ], [ -69.433, -46.966 ], [ -69.466, -46.966 ], [ -69.466, -46.999 ], [ -69.433, -46.999 ] ] ], [ [ [ -68.966, -47.233 ], [ -68.966, -47.266 ], [ -68.933, -47.266 ], [ -68.933, -47.233 ], [ -68.966, -47.233 ] ] ], [ [ [ -68.999, -47.299 ], [ -68.999, -47.333 ], [ -68.966, -47.333 ], [ -68.966, -47.366 ], [ -68.933, -47.366 ], [ -68.899, -47.366 ], [ -68.899, -47.333 ], [ -68.866, -47.333 ], [ -68.866, -47.299 ], [ -68.899, -47.299 ], [ -68.933, -47.299 ], [ -68.966, -47.299 ], [ -68.999, -47.299 ] ] ], [ [ [ -70.233, -47.366 ], [ -70.233, -47.333 ], [ -70.266, -47.333 ], [ -70.266, -47.299 ], [ -70.299, -47.299 ], [ -70.333, -47.299 ], [ -70.366, -47.299 ], [ -70.366, -47.333 ], [ -70.366, -47.366 ], [ -70.366, -47.399 ], [ -70.333, -47.399 ], [ -70.333, -47.433 ], [ -70.299, -47.433 ], [ -70.299, -47.399 ], [ -70.266, -47.399 ], [ -70.233, -47.399 ], [ -70.233, -47.366 ] ] ], [ [ [ -68.999, -47.433 ], [ -69.033, -47.433 ], [ -69.033, -47.399 ], [ -69.066, -47.399 ], [ -69.066, -47.433 ], [ -69.033, -47.433 ], [ -69.033, -47.466 ], [ -69.066, -47.466 ], [ -69.099, -47.466 ], [ -69.099, -47.499 ], [ -69.066, -47.499 ], [ -69.033, -47.499 ], [ -69.033, -47.533 ], [ -68.999, -47.533 ], [ -68.999, -47.499 ], [ -69.033, -47.499 ], [ -69.033, -47.466 ], [ -68.999, -47.466 ], [ -68.999, -47.433 ], [ -68.966, -47.433 ], [ -68.966, -47.399 ], [ -68.999, -47.399 ], [ -68.999, -47.433 ] ] ], [ [ [ -70.066, -47.533 ], [ -70.066, -47.499 ], [ -70.099, -47.499 ], [ -70.099, -47.533 ], [ -70.066, -47.533 ] ] ], [ [ [ -69.566, -47.499 ], [ -69.566, -47.533 ], [ -69.533, -47.533 ], [ -69.533, -47.499 ], [ -69.566, -47.499 ] ] ], [ [ [ -69.499, -47.533 ], [ -69.499, -47.566 ], [ -69.466, -47.566 ], [ -69.466, -47.533 ], [ -69.499, -47.533 ] ] ], [ [ [ -69.933, -47.499 ], [ -69.933, -47.466 ], [ -69.966, -47.466 ], [ -69.966, -47.499 ], [ -69.933, -47.499 ] ] ], [ [ [ -69.133, -47.466 ], [ -69.133, -47.433 ], [ -69.166, -47.433 ], [ -69.166, -47.466 ], [ -69.133, -47.466 ] ] ], [ [ [ -70.233, -47.066 ], [ -70.199, -47.066 ], [ -70.199, -47.033 ], [ -70.233, -47.033 ], [ -70.233, -47.066 ], [ -70.266, -47.066 ], [ -70.266, -47.099 ], [ -70.299, -47.099 ], [ -70.299, -47.133 ], [ -70.266, -47.133 ], [ -70.233, -47.133 ], [ -70.199, -47.133 ], [ -70.199, -47.099 ], [ -70.233, -47.099 ], [ -70.233, -47.066 ] ] ], [ [ [ -69.033, -47.699 ], [ -69.033, -47.733 ], [ -68.999, -47.733 ], [ -68.999, -47.699 ], [ -69.033, -47.699 ] ] ], [ [ [ -69.099, -47.933 ], [ -69.133, -47.933 ], [ -69.133, -47.966 ], [ -69.099, -47.966 ], [ -69.099, -47.933 ], [ -69.066, -47.933 ], [ -69.066, -47.899 ], [ -69.099, -47.899 ], [ -69.099, -47.933 ] ] ], [ [ [ -69.799, -47.966 ], [ -69.799, -47.933 ], [ -69.833, -47.933 ], [ -69.833, -47.966 ], [ -69.866, -47.966 ], [ -69.866, -47.999 ], [ -69.899, -47.999 ], [ -69.933, -47.999 ], [ -69.933, -47.966 ], [ -69.933, -47.933 ], [ -69.933, -47.899 ], [ -69.966, -47.899 ], [ -69.966, -47.933 ], [ -69.966, -47.966 ], [ -69.966, -47.999 ], [ -69.999, -47.999 ], [ -70.033, -47.999 ], [ -70.033, -48.033 ], [ -70.033, -48.066 ], [ -69.999, -48.066 ], [ -69.966, -48.066 ], [ -69.933, -48.066 ], [ -69.899, -48.066 ], [ -69.866, -48.066 ], [ -69.866, -48.033 ], [ -69.833, -48.033 ], [ -69.833, -47.999 ], [ -69.799, -47.999 ], [ -69.799, -47.966 ] ] ], [ [ [ -72.233, -47.933 ], [ -72.233, -47.899 ], [ -72.233, -47.866 ], [ -72.266, -47.866 ], [ -72.299, -47.866 ], [ -72.299, -47.899 ], [ -72.299, -47.933 ], [ -72.299, -47.966 ], [ -72.266, -47.966 ], [ -72.266, -47.999 ], [ -72.233, -47.999 ], [ -72.233, -47.966 ], [ -72.233, -47.933 ] ] ], [ [ [ -72.166, -47.866 ], [ -72.166, -47.833 ], [ -72.166, -47.799 ], [ -72.199, -47.799 ], [ -72.233, -47.799 ], [ -72.233, -47.833 ], [ -72.199, -47.833 ], [ -72.199, -47.866 ], [ -72.166, -47.866 ] ] ], [ [ [ -71.733, -46.799 ], [ -71.733, -46.833 ], [ -71.766, -46.833 ], [ -71.766, -46.799 ], [ -71.733, -46.799 ] ] ], [ [ [ -71.733, -46.799 ], [ -71.733, -46.766 ], [ -71.699, -46.766 ], [ -71.699, -46.799 ], [ -71.733, -46.799 ] ] ], [ [ [ -71.699, -46.766 ], [ -71.699, -46.733 ], [ -71.666, -46.733 ], [ -71.633, -46.733 ], [ -71.633, -46.766 ], [ -71.666, -46.766 ], [ -71.699, -46.766 ] ] ], [ [ [ -71.366, -46.733 ], [ -71.333, -46.733 ], [ -71.299, -46.733 ], [ -71.299, -46.766 ], [ -71.333, -46.766 ], [ -71.366, -46.766 ], [ -71.366, -46.733 ] ] ], [ [ [ -71.233, -46.733 ], [ -71.199, -46.733 ], [ -71.199, -46.766 ], [ -71.233, -46.766 ], [ -71.233, -46.733 ] ] ], [ [ [ -70.533, -46.733 ], [ -70.533, -46.766 ], [ -70.499, -46.766 ], [ -70.499, -46.799 ], [ -70.533, -46.799 ], [ -70.566, -46.799 ], [ -70.566, -46.766 ], [ -70.599, -46.766 ], [ -70.599, -46.733 ], [ -70.566, -46.733 ], [ -70.533, -46.733 ] ] ], [ [ [ -71.366, -46.733 ], [ -71.399, -46.733 ], [ -71.433, -46.733 ], [ -71.466, -46.733 ], [ -71.499, -46.733 ], [ -71.499, -46.766 ], [ -71.533, -46.766 ], [ -71.533, -46.799 ], [ -71.566, -46.799 ], [ -71.599, -46.799 ], [ -71.599, -46.766 ], [ -71.566, -46.766 ], [ -71.566, -46.733 ], [ -71.566, -46.699 ], [ -71.533, -46.699 ], [ -71.499, -46.699 ], [ -71.466, -46.699 ], [ -71.433, -46.699 ], [ -71.399, -46.699 ], [ -71.366, -46.699 ], [ -71.366, -46.733 ] ] ], [ [ [ -71.233, -46.733 ], [ -71.266, -46.733 ], [ -71.266, -46.699 ], [ -71.233, -46.699 ], [ -71.233, -46.733 ] ] ], [ [ [ -71.199, -46.733 ], [ -71.199, -46.699 ], [ -71.166, -46.699 ], [ -71.133, -46.699 ], [ -71.099, -46.699 ], [ -71.099, -46.733 ], [ -71.133, -46.733 ], [ -71.166, -46.733 ], [ -71.199, -46.733 ] ] ], [ [ [ -70.933, -46.699 ], [ -70.933, -46.733 ], [ -70.899, -46.733 ], [ -70.899, -46.766 ], [ -70.866, -46.766 ], [ -70.866, -46.799 ], [ -70.833, -46.799 ], [ -70.833, -46.833 ], [ -70.799, -46.833 ], [ -70.799, -46.866 ], [ -70.799, -46.899 ], [ -70.799, -46.933 ], [ -70.766, -46.933 ], [ -70.766, -46.966 ], [ -70.733, -46.966 ], [ -70.733, -46.999 ], [ -70.766, -46.999 ], [ -70.766, -47.033 ], [ -70.799, -47.033 ], [ -70.799, -47.066 ], [ -70.833, -47.066 ], [ -70.833, -47.099 ], [ -70.866, -47.099 ], [ -70.866, -47.133 ], [ -70.833, -47.133 ], [ -70.833, -47.166 ], [ -70.866, -47.166 ], [ -70.866, -47.199 ], [ -70.899, -47.199 ], [ -70.899, -47.233 ], [ -70.933, -47.233 ], [ -70.966, -47.233 ], [ -70.966, -47.199 ], [ -70.999, -47.199 ], [ -71.033, -47.199 ], [ -71.033, -47.233 ], [ -71.066, -47.233 ], [ -71.099, -47.233 ], [ -71.133, -47.233 ], [ -71.166, -47.233 ], [ -71.199, -47.233 ], [ -71.233, -47.233 ], [ -71.266, -47.233 ], [ -71.299, -47.233 ], [ -71.299, -47.199 ], [ -71.266, -47.199 ], [ -71.233, -47.199 ], [ -71.199, -47.199 ], [ -71.166, -47.199 ], [ -71.166, -47.166 ], [ -71.166, -47.133 ], [ -71.133, -47.133 ], [ -71.099, -47.133 ], [ -71.066, -47.133 ], [ -71.066, -47.099 ], [ -71.033, -47.099 ], [ -70.999, -47.099 ], [ -70.966, -47.099 ], [ -70.966, -47.066 ], [ -70.933, -47.066 ], [ -70.933, -47.033 ], [ -70.966, -47.033 ], [ -70.966, -46.999 ], [ -70.933, -46.999 ], [ -70.899, -46.999 ], [ -70.866, -46.999 ], [ -70.866, -46.966 ], [ -70.899, -46.966 ], [ -70.899, -46.933 ], [ -70.899, -46.899 ], [ -70.899, -46.866 ], [ -70.899, -46.833 ], [ -70.899, -46.799 ], [ -70.933, -46.799 ], [ -70.933, -46.766 ], [ -70.966, -46.766 ], [ -70.999, -46.766 ], [ -71.033, -46.766 ], [ -71.033, -46.733 ], [ -70.999, -46.733 ], [ -70.966, -46.733 ], [ -70.966, -46.699 ], [ -70.933, -46.699 ] ] ], [ [ [ -70.866, -46.699 ], [ -70.899, -46.699 ], [ -70.899, -46.666 ], [ -70.866, -46.666 ], [ -70.866, -46.699 ] ] ], [ [ [ -71.733, -46.199 ], [ -71.733, -46.233 ], [ -71.746, -46.246 ], [ -71.748, -46.243 ], [ -71.749, -46.241 ], [ -71.751, -46.237 ], [ -71.752, -46.234 ], [ -71.751, -46.231 ], [ -71.751, -46.228 ], [ -71.755, -46.225 ], [ -71.757, -46.222 ], [ -71.758, -46.220 ], [ -71.760, -46.219 ], [ -71.763, -46.217 ], [ -71.766, -46.216 ], [ -71.772, -46.216 ], [ -71.773, -46.213 ], [ -71.773, -46.210 ], [ -71.774, -46.208 ], [ -71.766, -46.199 ], [ -71.733, -46.199 ] ] ], [ [ [ -71.733, -46.199 ], [ -71.733, -46.166 ], [ -71.699, -46.166 ], [ -71.666, -46.166 ], [ -71.666, -46.199 ], [ -71.699, -46.199 ], [ -71.733, -46.199 ] ] ], [ [ [ -71.566, -46.199 ], [ -71.599, -46.199 ], [ -71.599, -46.166 ], [ -71.566, -46.166 ], [ -71.533, -46.166 ], [ -71.499, -46.166 ], [ -71.466, -46.166 ], [ -71.433, -46.166 ], [ -71.399, -46.166 ], [ -71.399, -46.199 ], [ -71.433, -46.199 ], [ -71.466, -46.199 ], [ -71.499, -46.199 ], [ -71.533, -46.199 ], [ -71.566, -46.199 ] ] ], [ [ [ -71.299, -46.133 ], [ -71.333, -46.133 ], [ -71.333, -46.099 ], [ -71.299, -46.099 ], [ -71.299, -46.133 ] ] ], [ [ [ -69.533, -45.899 ], [ -69.566, -45.899 ], [ -69.566, -45.866 ], [ -69.533, -45.866 ], [ -69.533, -45.899 ] ] ], [ [ [ -69.566, -45.799 ], [ -69.566, -45.833 ], [ -69.599, -45.833 ], [ -69.633, -45.833 ], [ -69.666, -45.833 ], [ -69.666, -45.799 ], [ -69.633, -45.799 ], [ -69.599, -45.799 ], [ -69.566, -45.799 ] ] ], [ [ [ -69.566, -45.799 ], [ -69.566, -45.766 ], [ -69.533, -45.766 ], [ -69.533, -45.733 ], [ -69.533, -45.699 ], [ -69.566, -45.699 ], [ -69.566, -45.666 ], [ -69.599, -45.666 ], [ -69.633, -45.666 ], [ -69.666, -45.666 ], [ -69.666, -45.633 ], [ -69.666, -45.599 ], [ -69.633, -45.599 ], [ -69.633, -45.566 ], [ -69.633, -45.533 ], [ -69.633, -45.499 ], [ -69.599, -45.499 ], [ -69.566, -45.499 ], [ -69.533, -45.499 ], [ -69.499, -45.499 ], [ -69.499, -45.533 ], [ -69.466, -45.533 ], [ -69.433, -45.533 ], [ -69.433, -45.566 ], [ -69.399, -45.566 ], [ -69.399, -45.599 ], [ -69.366, -45.599 ], [ -69.366, -45.633 ], [ -69.366, -45.666 ], [ -69.366, -45.699 ], [ -69.399, -45.699 ], [ -69.399, -45.733 ], [ -69.399, -45.766 ], [ -69.399, -45.799 ], [ -69.433, -45.799 ], [ -69.433, -45.766 ], [ -69.466, -45.766 ], [ -69.466, -45.799 ], [ -69.499, -45.799 ], [ -69.533, -45.799 ], [ -69.566, -45.799 ] ], [ [ -69.433, -45.733 ], [ -69.433, -45.699 ], [ -69.466, -45.699 ], [ -69.466, -45.733 ], [ -69.433, -45.733 ] ] ], [ [ [ -69.399, -45.466 ], [ -69.433, -45.466 ], [ -69.433, -45.433 ], [ -69.399, -45.433 ], [ -69.366, -45.433 ], [ -69.333, -45.433 ], [ -69.333, -45.466 ], [ -69.366, -45.466 ], [ -69.399, -45.466 ] ] ], [ [ [ -71.433, -45.133 ], [ -71.433, -45.168 ], [ -71.436, -45.167 ], [ -71.443, -45.165 ], [ -71.448, -45.162 ], [ -71.453, -45.159 ], [ -71.456, -45.154 ], [ -71.458, -45.148 ], [ -71.459, -45.143 ], [ -71.462, -45.138 ], [ -71.465, -45.133 ], [ -71.466, -45.133 ], [ -71.433, -45.133 ] ] ], [ [ [ -69.233, -45.133 ], [ -69.266, -45.133 ], [ -69.266, -45.099 ], [ -69.233, -45.099 ], [ -69.233, -45.133 ] ] ], [ [ [ -68.666, -45.066 ], [ -68.666, -45.099 ], [ -68.633, -45.099 ], [ -68.633, -45.133 ], [ -68.599, -45.133 ], [ -68.599, -45.166 ], [ -68.633, -45.166 ], [ -68.666, -45.166 ], [ -68.666, -45.133 ], [ -68.699, -45.133 ], [ -68.699, -45.099 ], [ -68.733, -45.099 ], [ -68.733, -45.066 ], [ -68.699, -45.066 ], [ -68.666, -45.066 ] ] ], [ [ [ -71.833, -44.866 ], [ -71.833, -44.899 ], [ -71.866, -44.899 ], [ -71.899, -44.899 ], [ -71.899, -44.866 ], [ -71.866, -44.866 ], [ -71.833, -44.866 ] ] ], [ [ [ -69.399, -44.899 ], [ -69.399, -44.866 ], [ -69.366, -44.866 ], [ -69.333, -44.866 ], [ -69.299, -44.866 ], [ -69.299, -44.899 ], [ -69.299, -44.933 ], [ -69.299, -44.966 ], [ -69.333, -44.966 ], [ -69.366, -44.966 ], [ -69.366, -44.933 ], [ -69.366, -44.899 ], [ -69.399, -44.899 ] ] ], [ [ [ -68.233, -44.599 ], [ -68.233, -44.633 ], [ -68.199, -44.633 ], [ -68.199, -44.666 ], [ -68.233, -44.666 ], [ -68.266, -44.666 ], [ -68.299, -44.666 ], [ -68.333, -44.666 ], [ -68.333, -44.633 ], [ -68.333, -44.599 ], [ -68.299, -44.599 ], [ -68.266, -44.599 ], [ -68.233, -44.599 ] ] ], [ [ [ -68.566, -44.299 ], [ -68.533, -44.299 ], [ -68.499, -44.299 ], [ -68.466, -44.299 ], [ -68.466, -44.333 ], [ -68.499, -44.333 ], [ -68.499, -44.366 ], [ -68.533, -44.366 ], [ -68.533, -44.399 ], [ -68.499, -44.399 ], [ -68.499, -44.433 ], [ -68.499, -44.466 ], [ -68.533, -44.466 ], [ -68.533, -44.499 ], [ -68.499, -44.499 ], [ -68.499, -44.533 ], [ -68.466, -44.533 ], [ -68.466, -44.566 ], [ -68.433, -44.566 ], [ -68.433, -44.599 ], [ -68.433, -44.633 ], [ -68.433, -44.666 ], [ -68.466, -44.666 ], [ -68.466, -44.633 ], [ -68.499, -44.633 ], [ -68.499, -44.666 ], [ -68.533, -44.666 ], [ -68.566, -44.666 ], [ -68.599, -44.666 ], [ -68.633, -44.666 ], [ -68.666, -44.666 ], [ -68.666, -44.633 ], [ -68.666, -44.599 ], [ -68.633, -44.599 ], [ -68.633, -44.566 ], [ -68.666, -44.566 ], [ -68.699, -44.566 ], [ -68.699, -44.533 ], [ -68.733, -44.533 ], [ -68.733, -44.499 ], [ -68.766, -44.499 ], [ -68.766, -44.466 ], [ -68.733, -44.466 ], [ -68.699, -44.466 ], [ -68.699, -44.433 ], [ -68.699, -44.399 ], [ -68.699, -44.366 ], [ -68.666, -44.366 ], [ -68.633, -44.366 ], [ -68.599, -44.366 ], [ -68.566, -44.366 ], [ -68.566, -44.333 ], [ -68.566, -44.299 ] ] ], [ [ [ -68.566, -44.299 ], [ -68.599, -44.299 ], [ -68.633, -44.299 ], [ -68.633, -44.266 ], [ -68.599, -44.266 ], [ -68.566, -44.266 ], [ -68.566, -44.299 ] ] ], [ [ [ -68.466, -44.299 ], [ -68.466, -44.266 ], [ -68.433, -44.266 ], [ -68.399, -44.266 ], [ -68.399, -44.299 ], [ -68.433, -44.299 ], [ -68.466, -44.299 ] ] ], [ [ [ -71.699, -44.133 ], [ -71.699, -44.166 ], [ -71.733, -44.166 ], [ -71.738, -44.171 ], [ -71.744, -44.171 ], [ -71.759, -44.171 ], [ -71.767, -44.169 ], [ -71.775, -44.166 ], [ -71.781, -44.165 ], [ -71.786, -44.164 ], [ -71.789, -44.162 ], [ -71.792, -44.161 ], [ -71.797, -44.161 ], [ -71.800, -44.160 ], [ -71.802, -44.159 ], [ -71.804, -44.156 ], [ -71.808, -44.155 ], [ -71.812, -44.155 ], [ -71.818, -44.155 ], [ -71.821, -44.154 ], [ -71.822, -44.152 ], [ -71.822, -44.149 ], [ -71.824, -44.147 ], [ -71.826, -44.145 ], [ -71.831, -44.145 ], [ -71.835, -44.146 ], [ -71.840, -44.145 ], [ -71.842, -44.141 ], [ -71.842, -44.139 ], [ -71.845, -44.137 ], [ -71.848, -44.133 ], [ -71.851, -44.130 ], [ -71.851, -44.127 ], [ -71.849, -44.124 ], [ -71.849, -44.122 ], [ -71.849, -44.118 ], [ -71.849, -44.114 ], [ -71.848, -44.111 ], [ -71.843, -44.109 ], [ -71.839, -44.107 ], [ -71.834, -44.106 ], [ -71.832, -44.108 ], [ -71.830, -44.110 ], [ -71.827, -44.112 ], [ -71.823, -44.113 ], [ -71.817, -44.114 ], [ -71.811, -44.117 ], [ -71.805, -44.119 ], [ -71.799, -44.120 ], [ -71.795, -44.119 ], [ -71.789, -44.119 ], [ -71.784, -44.117 ], [ -71.782, -44.117 ], [ -71.766, -44.133 ], [ -71.733, -44.133 ], [ -71.699, -44.133 ] ] ], [ [ [ -71.066, -46.333 ], [ -71.033, -46.333 ], [ -71.033, -46.299 ], [ -71.066, -46.299 ], [ -71.066, -46.333 ], [ -71.099, -46.333 ], [ -71.133, -46.333 ], [ -71.166, -46.333 ], [ -71.166, -46.299 ], [ -71.199, -46.299 ], [ -71.199, -46.266 ], [ -71.233, -46.266 ], [ -71.266, -46.266 ], [ -71.266, -46.233 ], [ -71.299, -46.233 ], [ -71.333, -46.233 ], [ -71.366, -46.233 ], [ -71.366, -46.199 ], [ -71.333, -46.199 ], [ -71.333, -46.166 ], [ -71.299, -46.166 ], [ -71.299, -46.133 ], [ -71.266, -46.133 ], [ -71.233, -46.133 ], [ -71.233, -46.099 ], [ -71.233, -46.066 ], [ -71.199, -46.066 ], [ -71.166, -46.066 ], [ -71.133, -46.066 ], [ -71.133, -46.033 ], [ -71.099, -46.033 ], [ -71.066, -46.033 ], [ -71.066, -45.999 ], [ -71.033, -45.999 ], [ -71.033, -45.966 ], [ -70.999, -45.966 ], [ -70.999, -45.933 ], [ -70.966, -45.933 ], [ -70.966, -45.899 ], [ -70.999, -45.899 ], [ -71.033, -45.899 ], [ -71.033, -45.933 ], [ -71.066, -45.933 ], [ -71.099, -45.933 ], [ -71.133, -45.933 ], [ -71.133, -45.966 ], [ -71.166, -45.966 ], [ -71.166, -45.999 ], [ -71.199, -45.999 ], [ -71.199, -45.966 ], [ -71.233, -45.966 ], [ -71.266, -45.966 ], [ -71.266, -45.999 ], [ -71.299, -45.999 ], [ -71.299, -46.033 ], [ -71.333, -46.033 ], [ -71.333, -45.999 ], [ -71.366, -45.999 ], [ -71.399, -45.999 ], [ -71.433, -45.999 ], [ -71.466, -45.999 ], [ -71.499, -45.999 ], [ -71.499, -45.966 ], [ -71.499, -45.933 ], [ -71.499, -45.899 ], [ -71.466, -45.899 ], [ -71.466, -45.866 ], [ -71.433, -45.866 ], [ -71.399, -45.866 ], [ -71.366, -45.866 ], [ -71.366, -45.833 ], [ -71.333, -45.833 ], [ -71.299, -45.833 ], [ -71.266, -45.833 ], [ -71.266, -45.799 ], [ -71.266, -45.766 ], [ -71.299, -45.766 ], [ -71.299, -45.733 ], [ -71.266, -45.733 ], [ -71.266, -45.699 ], [ -71.266, -45.666 ], [ -71.299, -45.666 ], [ -71.299, -45.633 ], [ -71.266, -45.633 ], [ -71.233, -45.633 ], [ -71.233, -45.599 ], [ -71.266, -45.599 ], [ -71.299, -45.599 ], [ -71.299, -45.566 ], [ -71.333, -45.566 ], [ -71.333, -45.599 ], [ -71.366, -45.599 ], [ -71.399, -45.599 ], [ -71.433, -45.599 ], [ -71.466, -45.599 ], [ -71.499, -45.599 ], [ -71.533, -45.599 ], [ -71.566, -45.599 ], [ -71.599, -45.599 ], [ -71.599, -45.633 ], [ -71.633, -45.633 ], [ -71.633, -45.599 ], [ -71.666, -45.599 ], [ -71.699, -45.599 ], [ -71.733, -45.599 ], [ -71.737, -45.595 ], [ -71.736, -45.595 ], [ -71.734, -45.593 ], [ -71.732, -45.590 ], [ -71.731, -45.590 ], [ -71.731, -45.589 ], [ -71.731, -45.588 ], [ -71.731, -45.586 ], [ -71.731, -45.585 ], [ -71.731, -45.584 ], [ -71.731, -45.584 ], [ -71.733, -45.583 ], [ -71.734, -45.582 ], [ -71.732, -45.574 ], [ -71.735, -45.575 ], [ -71.737, -45.576 ], [ -71.740, -45.577 ], [ -71.742, -45.578 ], [ -71.744, -45.579 ], [ -71.746, -45.578 ], [ -71.749, -45.578 ], [ -71.753, -45.578 ], [ -71.755, -45.577 ], [ -71.757, -45.576 ], [ -71.759, -45.572 ], [ -71.764, -45.571 ], [ -71.762, -45.563 ], [ -71.755, -45.557 ], [ -71.753, -45.552 ], [ -71.750, -45.549 ], [ -71.742, -45.549 ], [ -71.732, -45.549 ], [ -71.724, -45.547 ], [ -71.711, -45.542 ], [ -71.699, -45.543 ], [ -71.683, -45.538 ], [ -71.679, -45.531 ], [ -71.670, -45.526 ], [ -71.665, -45.528 ], [ -71.655, -45.530 ], [ -71.654, -45.527 ], [ -71.649, -45.522 ], [ -71.648, -45.517 ], [ -71.631, -45.511 ], [ -71.621, -45.508 ], [ -71.614, -45.511 ], [ -71.605, -45.512 ], [ -71.594, -45.510 ], [ -71.578, -45.518 ], [ -71.566, -45.521 ], [ -71.555, -45.524 ], [ -71.548, -45.525 ], [ -71.539, -45.525 ], [ -71.532, -45.524 ], [ -71.529, -45.521 ], [ -71.524, -45.515 ], [ -71.516, -45.512 ], [ -71.508, -45.508 ], [ -71.505, -45.505 ], [ -71.502, -45.502 ], [ -71.493, -45.501 ], [ -71.485, -45.499 ], [ -71.478, -45.496 ], [ -71.469, -45.494 ], [ -71.466, -45.491 ], [ -71.458, -45.493 ], [ -71.463, -45.487 ], [ -71.469, -45.481 ], [ -71.477, -45.477 ], [ -71.488, -45.477 ], [ -71.492, -45.478 ], [ -71.496, -45.478 ], [ -71.499, -45.476 ], [ -71.508, -45.472 ], [ -71.504, -45.469 ], [ -71.502, -45.467 ], [ -71.503, -45.463 ], [ -71.509, -45.460 ], [ -71.501, -45.455 ], [ -71.498, -45.446 ], [ -71.494, -45.440 ], [ -71.495, -45.436 ], [ -71.497, -45.431 ], [ -71.501, -45.426 ], [ -71.505, -45.422 ], [ -71.507, -45.417 ], [ -71.506, -45.411 ], [ -71.500, -45.409 ], [ -71.495, -45.403 ], [ -71.496, -45.395 ], [ -71.491, -45.388 ], [ -71.480, -45.386 ], [ -71.473, -45.386 ], [ -71.466, -45.388 ], [ -71.455, -45.389 ], [ -71.445, -45.393 ], [ -71.438, -45.395 ], [ -71.431, -45.395 ], [ -71.426, -45.400 ], [ -71.423, -45.404 ], [ -71.416, -45.405 ], [ -71.399, -45.402 ], [ -71.398, -45.393 ], [ -71.394, -45.392 ], [ -71.386, -45.393 ], [ -71.381, -45.391 ], [ -71.377, -45.390 ], [ -71.376, -45.389 ], [ -71.366, -45.399 ], [ -71.333, -45.399 ], [ -71.299, -45.399 ], [ -71.266, -45.399 ], [ -71.233, -45.399 ], [ -71.199, -45.399 ], [ -71.199, -45.366 ], [ -71.233, -45.366 ], [ -71.266, -45.366 ], [ -71.299, -45.366 ], [ -71.333, -45.366 ], [ -71.365, -45.366 ], [ -71.356, -45.353 ], [ -71.353, -45.348 ], [ -71.351, -45.342 ], [ -71.348, -45.338 ], [ -71.343, -45.334 ], [ -71.338, -45.331 ], [ -71.333, -45.328 ], [ -71.327, -45.325 ], [ -71.321, -45.323 ], [ -71.315, -45.320 ], [ -71.31, -45.317 ], [ -71.305, -45.313 ], [ -71.3, -45.310 ], [ -71.296, -45.305 ], [ -71.297, -45.299 ], [ -71.297, -45.293 ], [ -71.300, -45.288 ], [ -71.303, -45.283 ], [ -71.305, -45.278 ], [ -71.308, -45.273 ], [ -71.311, -45.268 ], [ -71.313, -45.263 ], [ -71.315, -45.258 ], [ -71.317, -45.253 ], [ -71.320, -45.248 ], [ -71.323, -45.243 ], [ -71.324, -45.238 ], [ -71.327, -45.233 ], [ -71.337, -45.236 ], [ -71.340, -45.235 ], [ -71.342, -45.235 ], [ -71.342, -45.234 ], [ -71.343, -45.233 ], [ -71.346, -45.232 ], [ -71.344, -45.226 ], [ -71.347, -45.219 ], [ -71.343, -45.216 ], [ -71.347, -45.213 ], [ -71.353, -45.210 ], [ -71.358, -45.206 ], [ -71.362, -45.203 ], [ -71.367, -45.199 ], [ -71.371, -45.196 ], [ -71.376, -45.192 ], [ -71.380, -45.189 ], [ -71.380, -45.188 ], [ -71.384, -45.186 ], [ -71.387, -45.182 ], [ -71.393, -45.179 ], [ -71.398, -45.176 ], [ -71.404, -45.173 ], [ -71.406, -45.173 ], [ -71.399, -45.166 ], [ -71.366, -45.166 ], [ -71.333, -45.166 ], [ -71.299, -45.166 ], [ -71.266, -45.166 ], [ -71.266, -45.133 ], [ -71.266, -45.099 ], [ -71.299, -45.099 ], [ -71.299, -45.066 ], [ -71.266, -45.066 ], [ -71.233, -45.066 ], [ -71.233, -45.033 ], [ -71.233, -44.999 ], [ -71.266, -44.999 ], [ -71.299, -44.999 ], [ -71.333, -44.999 ], [ -71.333, -44.966 ], [ -71.366, -44.966 ], [ -71.399, -44.966 ], [ -71.399, -44.999 ], [ -71.433, -44.999 ], [ -71.433, -44.966 ], [ -71.466, -44.966 ], [ -71.499, -44.966 ], [ -71.533, -44.966 ], [ -71.533, -44.933 ], [ -71.566, -44.933 ], [ -71.566, -44.899 ], [ -71.599, -44.899 ], [ -71.599, -44.933 ], [ -71.633, -44.933 ], [ -71.666, -44.933 ], [ -71.666, -44.899 ], [ -71.699, -44.899 ], [ -71.699, -44.866 ], [ -71.733, -44.866 ], [ -71.766, -44.866 ], [ -71.799, -44.866 ], [ -71.833, -44.866 ], [ -71.833, -44.833 ], [ -71.799, -44.833 ], [ -71.766, -44.833 ], [ -71.733, -44.833 ], [ -71.699, -44.833 ], [ -71.666, -44.833 ], [ -71.633, -44.833 ], [ -71.599, -44.833 ], [ -71.566, -44.833 ], [ -71.533, -44.833 ], [ -71.533, -44.866 ], [ -71.499, -44.866 ], [ -71.499, -44.899 ], [ -71.466, -44.899 ], [ -71.466, -44.933 ], [ -71.433, -44.933 ], [ -71.399, -44.933 ], [ -71.366, -44.933 ], [ -71.333, -44.933 ], [ -71.333, -44.899 ], [ -71.299, -44.899 ], [ -71.299, -44.866 ], [ -71.266, -44.866 ], [ -71.266, -44.899 ], [ -71.233, -44.899 ], [ -71.199, -44.899 ], [ -71.166, -44.899 ], [ -71.133, -44.899 ], [ -71.133, -44.866 ], [ -71.099, -44.866 ], [ -71.066, -44.866 ], [ -71.033, -44.866 ], [ -70.999, -44.866 ], [ -70.999, -44.833 ], [ -70.966, -44.833 ], [ -70.933, -44.833 ], [ -70.899, -44.833 ], [ -70.899, -44.799 ], [ -70.899, -44.766 ], [ -70.933, -44.766 ], [ -70.933, -44.733 ], [ -70.966, -44.733 ], [ -70.999, -44.733 ], [ -70.999, -44.699 ], [ -70.999, -44.666 ], [ -71.033, -44.666 ], [ -71.033, -44.699 ], [ -71.066, -44.699 ], [ -71.066, -44.666 ], [ -71.099, -44.666 ], [ -71.133, -44.666 ], [ -71.166, -44.666 ], [ -71.210, -44.666 ], [ -71.210, -44.664 ], [ -71.211, -44.659 ], [ -71.211, -44.654 ], [ -71.208, -44.648 ], [ -71.205, -44.644 ], [ -71.200, -44.642 ], [ -71.194, -44.640 ], [ -71.186, -44.637 ], [ -71.178, -44.631 ], [ -71.175, -44.628 ], [ -71.174, -44.625 ], [ -71.177, -44.624 ], [ -71.185, -44.622 ], [ -71.189, -44.620 ], [ -71.194, -44.617 ], [ -71.198, -44.613 ], [ -71.200, -44.610 ], [ -71.200, -44.605 ], [ -71.199, -44.599 ], [ -71.197, -44.596 ], [ -71.191, -44.593 ], [ -71.185, -44.592 ], [ -71.163, -44.592 ], [ -71.154, -44.592 ], [ -71.143, -44.593 ], [ -71.133, -44.597 ], [ -71.126, -44.597 ], [ -71.120, -44.596 ], [ -71.106, -44.591 ], [ -71.100, -44.589 ], [ -71.097, -44.586 ], [ -71.095, -44.582 ], [ -71.095, -44.578 ], [ -71.096, -44.571 ], [ -71.097, -44.560 ], [ -71.096, -44.551 ], [ -71.092, -44.534 ], [ -71.095, -44.530 ], [ -71.100, -44.527 ], [ -71.107, -44.521 ], [ -71.113, -44.516 ], [ -71.122, -44.512 ], [ -71.127, -44.509 ], [ -71.132, -44.506 ], [ -71.136, -44.504 ], [ -71.143, -44.504 ], [ -71.150, -44.502 ], [ -71.158, -44.500 ], [ -71.160, -44.497 ], [ -71.158, -44.494 ], [ -71.153, -44.488 ], [ -71.148, -44.480 ], [ -71.146, -44.472 ], [ -71.146, -44.464 ], [ -71.149, -44.459 ], [ -71.153, -44.455 ], [ -71.157, -44.451 ], [ -71.161, -44.448 ], [ -71.166, -44.445 ], [ -71.170, -44.442 ], [ -71.176, -44.439 ], [ -71.182, -44.436 ], [ -71.187, -44.433 ], [ -71.194, -44.431 ], [ -71.2, -44.428 ], [ -71.203, -44.426 ], [ -71.212, -44.426 ], [ -71.22, -44.425 ], [ -71.229, -44.425 ], [ -71.238, -44.425 ], [ -71.248, -44.425 ], [ -71.257, -44.425 ], [ -71.267, -44.425 ], [ -71.276, -44.424 ], [ -71.286, -44.424 ], [ -71.295, -44.423 ], [ -71.304, -44.423 ], [ -71.313, -44.422 ], [ -71.321, -44.421 ], [ -71.329, -44.419 ], [ -71.337, -44.418 ], [ -71.343, -44.415 ], [ -71.351, -44.414 ], [ -71.357, -44.411 ], [ -71.364, -44.409 ], [ -71.371, -44.407 ], [ -71.377, -44.405 ], [ -71.384, -44.402 ], [ -71.391, -44.401 ], [ -71.400, -44.400 ], [ -71.410, -44.399 ], [ -71.418, -44.400 ], [ -71.428, -44.4 ], [ -71.436, -44.400 ], [ -71.445, -44.400 ], [ -71.454, -44.401 ], [ -71.463, -44.401 ], [ -71.471, -44.401 ], [ -71.480, -44.402 ], [ -71.488, -44.403 ], [ -71.496, -44.404 ], [ -71.503, -44.405 ], [ -71.512, -44.406 ], [ -71.521, -44.407 ], [ -71.529, -44.408 ], [ -71.536, -44.409 ], [ -71.545, -44.409 ], [ -71.554, -44.410 ], [ -71.563, -44.41 ], [ -71.572, -44.408 ], [ -71.581, -44.409 ], [ -71.588, -44.410 ], [ -71.597, -44.412 ], [ -71.605, -44.412 ], [ -71.616, -44.413 ], [ -71.621, -44.413 ], [ -71.626, -44.411 ], [ -71.629, -44.410 ], [ -71.632, -44.408 ], [ -71.635, -44.407 ], [ -71.638, -44.404 ], [ -71.642, -44.403 ], [ -71.645, -44.403 ], [ -71.647, -44.404 ], [ -71.650, -44.407 ], [ -71.654, -44.409 ], [ -71.658, -44.408 ], [ -71.662, -44.407 ], [ -71.665, -44.408 ], [ -71.669, -44.409 ], [ -71.671, -44.406 ], [ -71.676, -44.405 ], [ -71.679, -44.403 ], [ -71.681, -44.401 ], [ -71.685, -44.400 ], [ -71.691, -44.398 ], [ -71.693, -44.396 ], [ -71.695, -44.394 ], [ -71.696, -44.392 ], [ -71.697, -44.390 ], [ -71.697, -44.388 ], [ -71.695, -44.386 ], [ -71.694, -44.383 ], [ -71.696, -44.382 ], [ -71.700, -44.382 ], [ -71.703, -44.383 ], [ -71.706, -44.381 ], [ -71.708, -44.380 ], [ -71.711, -44.379 ], [ -71.714, -44.379 ], [ -71.717, -44.380 ], [ -71.717, -44.383 ], [ -71.718, -44.387 ], [ -71.719, -44.390 ], [ -71.722, -44.392 ], [ -71.729, -44.394 ], [ -71.731, -44.396 ], [ -71.736, -44.399 ], [ -71.739, -44.401 ], [ -71.741, -44.401 ], [ -71.744, -44.400 ], [ -71.747, -44.398 ], [ -71.750, -44.399 ], [ -71.754, -44.400 ], [ -71.757, -44.402 ], [ -71.762, -44.403 ], [ -71.765, -44.405 ], [ -71.765, -44.408 ], [ -71.767, -44.410 ], [ -71.772, -44.408 ], [ -71.779, -44.410 ], [ -71.785, -44.412 ], [ -71.788, -44.415 ], [ -71.792, -44.415 ], [ -71.795, -44.415 ], [ -71.801, -44.420 ], [ -71.807, -44.420 ], [ -71.811, -44.418 ], [ -71.814, -44.416 ], [ -71.814, -44.413 ], [ -71.813, -44.409 ], [ -71.808, -44.407 ], [ -71.806, -44.403 ], [ -71.807, -44.399 ], [ -71.812, -44.396 ], [ -71.819, -44.390 ], [ -71.822, -44.385 ], [ -71.820, -44.381 ], [ -71.818, -44.379 ], [ -71.818, -44.376 ], [ -71.822, -44.373 ], [ -71.825, -44.372 ], [ -71.830, -44.371 ], [ -71.832, -44.370 ], [ -71.833, -44.368 ], [ -71.834, -44.367 ], [ -71.833, -44.364 ], [ -71.833, -44.361 ], [ -71.837, -44.358 ], [ -71.839, -44.354 ], [ -71.840, -44.349 ], [ -71.838, -44.348 ], [ -71.833, -44.347 ], [ -71.829, -44.348 ], [ -71.824, -44.346 ], [ -71.818, -44.346 ], [ -71.816, -44.343 ], [ -71.814, -44.339 ], [ -71.809, -44.338 ], [ -71.805, -44.339 ], [ -71.801, -44.340 ], [ -71.798, -44.339 ], [ -71.795, -44.336 ], [ -71.793, -44.333 ], [ -71.792, -44.327 ], [ -71.790, -44.322 ], [ -71.788, -44.316 ], [ -71.789, -44.310 ], [ -71.793, -44.306 ], [ -71.797, -44.303 ], [ -71.799, -44.299 ], [ -71.802, -44.294 ], [ -71.804, -44.290 ], [ -71.807, -44.287 ], [ -71.807, -44.283 ], [ -71.806, -44.278 ], [ -71.803, -44.272 ], [ -71.809, -44.267 ], [ -71.809, -44.266 ], [ -71.766, -44.266 ], [ -71.766, -44.299 ], [ -71.733, -44.299 ], [ -71.733, -44.266 ], [ -71.699, -44.266 ], [ -71.699, -44.299 ], [ -71.666, -44.299 ], [ -71.666, -44.333 ], [ -71.633, -44.333 ], [ -71.633, -44.366 ], [ -71.599, -44.366 ], [ -71.566, -44.366 ], [ -71.566, -44.333 ], [ -71.566, -44.299 ], [ -71.533, -44.299 ], [ -71.499, -44.299 ], [ -71.466, -44.299 ], [ -71.433, -44.299 ], [ -71.433, -44.333 ], [ -71.399, -44.333 ], [ -71.399, -44.299 ], [ -71.366, -44.299 ], [ -71.333, -44.299 ], [ -71.333, -44.266 ], [ -71.299, -44.266 ], [ -71.266, -44.266 ], [ -71.266, -44.299 ], [ -71.233, -44.299 ], [ -71.199, -44.299 ], [ -71.166, -44.299 ], [ -71.133, -44.299 ], [ -71.133, -44.266 ], [ -71.099, -44.266 ], [ -71.066, -44.266 ], [ -71.033, -44.266 ], [ -70.999, -44.266 ], [ -70.966, -44.266 ], [ -70.933, -44.266 ], [ -70.899, -44.266 ], [ -70.866, -44.266 ], [ -70.866, -44.233 ], [ -70.833, -44.233 ], [ -70.833, -44.199 ], [ -70.833, -44.166 ], [ -70.799, -44.166 ], [ -70.799, -44.133 ], [ -70.799, -44.099 ], [ -70.799, -44.066 ], [ -70.766, -44.066 ], [ -70.733, -44.066 ], [ -70.699, -44.066 ], [ -70.666, -44.066 ], [ -70.666, -44.099 ], [ -70.666, -44.133 ], [ -70.633, -44.133 ], [ -70.633, -44.166 ], [ -70.633, -44.199 ], [ -70.599, -44.199 ], [ -70.599, -44.233 ], [ -70.599, -44.266 ], [ -70.599, -44.299 ], [ -70.633, -44.299 ], [ -70.633, -44.333 ], [ -70.666, -44.333 ], [ -70.666, -44.366 ], [ -70.699, -44.366 ], [ -70.699, -44.399 ], [ -70.733, -44.399 ], [ -70.733, -44.433 ], [ -70.766, -44.433 ], [ -70.799, -44.433 ], [ -70.833, -44.433 ], [ -70.833, -44.466 ], [ -70.833, -44.499 ], [ -70.799, -44.499 ], [ -70.766, -44.499 ], [ -70.733, -44.499 ], [ -70.699, -44.499 ], [ -70.666, -44.499 ], [ -70.633, -44.499 ], [ -70.599, -44.499 ], [ -70.599, -44.533 ], [ -70.599, -44.566 ], [ -70.599, -44.599 ], [ -70.633, -44.599 ], [ -70.633, -44.633 ], [ -70.666, -44.633 ], [ -70.699, -44.633 ], [ -70.733, -44.633 ], [ -70.733, -44.666 ], [ -70.766, -44.666 ], [ -70.799, -44.666 ], [ -70.833, -44.666 ], [ -70.866, -44.666 ], [ -70.866, -44.699 ], [ -70.833, -44.699 ], [ -70.833, -44.733 ], [ -70.799, -44.733 ], [ -70.799, -44.766 ], [ -70.799, -44.799 ], [ -70.799, -44.833 ], [ -70.799, -44.866 ], [ -70.799, -44.899 ], [ -70.833, -44.899 ], [ -70.833, -44.933 ], [ -70.866, -44.933 ], [ -70.866, -44.966 ], [ -70.899, -44.966 ], [ -70.899, -44.999 ], [ -70.866, -44.999 ], [ -70.866, -45.033 ], [ -70.866, -45.066 ], [ -70.866, -45.099 ], [ -70.866, -45.133 ], [ -70.833, -45.133 ], [ -70.833, -45.166 ], [ -70.799, -45.166 ], [ -70.799, -45.199 ], [ -70.766, -45.199 ], [ -70.766, -45.233 ], [ -70.766, -45.266 ], [ -70.766, -45.299 ], [ -70.766, -45.333 ], [ -70.799, -45.333 ], [ -70.833, -45.333 ], [ -70.866, -45.333 ], [ -70.866, -45.366 ], [ -70.866, -45.399 ], [ -70.833, -45.399 ], [ -70.833, -45.433 ], [ -70.833, -45.466 ], [ -70.833, -45.499 ], [ -70.866, -45.499 ], [ -70.866, -45.533 ], [ -70.866, -45.566 ], [ -70.899, -45.566 ], [ -70.933, -45.566 ], [ -70.966, -45.566 ], [ -70.999, -45.566 ], [ -71.033, -45.566 ], [ -71.033, -45.533 ], [ -71.066, -45.533 ], [ -71.099, -45.533 ], [ -71.099, -45.499 ], [ -71.133, -45.499 ], [ -71.166, -45.499 ], [ -71.199, -45.499 ], [ -71.233, -45.499 ], [ -71.233, -45.533 ], [ -71.233, -45.566 ], [ -71.199, -45.566 ], [ -71.166, -45.566 ], [ -71.133, -45.566 ], [ -71.099, -45.566 ], [ -71.066, -45.566 ], [ -71.066, -45.599 ], [ -71.033, -45.599 ], [ -70.999, -45.599 ], [ -70.999, -45.633 ], [ -71.033, -45.633 ], [ -71.066, -45.633 ], [ -71.099, -45.633 ], [ -71.099, -45.666 ], [ -71.066, -45.666 ], [ -71.066, -45.699 ], [ -71.099, -45.699 ], [ -71.099, -45.733 ], [ -71.066, -45.733 ], [ -71.066, -45.766 ], [ -71.099, -45.766 ], [ -71.099, -45.799 ], [ -71.066, -45.799 ], [ -71.033, -45.799 ], [ -70.999, -45.799 ], [ -70.966, -45.799 ], [ -70.933, -45.799 ], [ -70.933, -45.833 ], [ -70.899, -45.833 ], [ -70.866, -45.833 ], [ -70.866, -45.866 ], [ -70.833, -45.866 ], [ -70.799, -45.866 ], [ -70.799, -45.899 ], [ -70.766, -45.899 ], [ -70.766, -45.933 ], [ -70.733, -45.933 ], [ -70.733, -45.966 ], [ -70.733, -45.999 ], [ -70.699, -45.999 ], [ -70.699, -46.033 ], [ -70.666, -46.033 ], [ -70.666, -46.066 ], [ -70.633, -46.066 ], [ -70.633, -46.099 ], [ -70.599, -46.099 ], [ -70.599, -46.066 ], [ -70.566, -46.066 ], [ -70.533, -46.066 ], [ -70.533, -46.033 ], [ -70.499, -46.033 ], [ -70.466, -46.033 ], [ -70.466, -46.066 ], [ -70.433, -46.066 ], [ -70.399, -46.066 ], [ -70.399, -46.099 ], [ -70.366, -46.099 ], [ -70.366, -46.133 ], [ -70.366, -46.166 ], [ -70.366, -46.199 ], [ -70.399, -46.199 ], [ -70.433, -46.199 ], [ -70.433, -46.233 ], [ -70.433, -46.266 ], [ -70.466, -46.266 ], [ -70.499, -46.266 ], [ -70.499, -46.299 ], [ -70.499, -46.333 ], [ -70.466, -46.333 ], [ -70.433, -46.333 ], [ -70.433, -46.366 ], [ -70.466, -46.366 ], [ -70.466, -46.399 ], [ -70.499, -46.399 ], [ -70.533, -46.399 ], [ -70.566, -46.399 ], [ -70.566, -46.366 ], [ -70.599, -46.366 ], [ -70.599, -46.333 ], [ -70.633, -46.333 ], [ -70.633, -46.366 ], [ -70.666, -46.366 ], [ -70.666, -46.399 ], [ -70.633, -46.399 ], [ -70.633, -46.433 ], [ -70.633, -46.466 ], [ -70.666, -46.466 ], [ -70.666, -46.433 ], [ -70.699, -46.433 ], [ -70.733, -46.433 ], [ -70.766, -46.433 ], [ -70.766, -46.399 ], [ -70.799, -46.399 ], [ -70.799, -46.433 ], [ -70.833, -46.433 ], [ -70.833, -46.466 ], [ -70.866, -46.466 ], [ -70.899, -46.466 ], [ -70.933, -46.466 ], [ -70.966, -46.466 ], [ -70.999, -46.466 ], [ -70.999, -46.433 ], [ -70.999, -46.399 ], [ -71.033, -46.399 ], [ -71.033, -46.366 ], [ -71.066, -46.366 ], [ -71.066, -46.333 ] ], [ [ -70.999, -45.066 ], [ -70.999, -45.033 ], [ -71.033, -45.033 ], [ -71.066, -45.033 ], [ -71.066, -45.066 ], [ -71.033, -45.066 ], [ -70.999, -45.066 ] ] ], [ [ [ -71.099, -46.266 ], [ -71.066, -46.266 ], [ -71.033, -46.266 ], [ -70.999, -46.266 ], [ -70.999, -46.299 ], [ -70.966, -46.299 ], [ -70.933, -46.299 ], [ -70.933, -46.266 ], [ -70.966, -46.266 ], [ -70.966, -46.233 ], [ -70.999, -46.233 ], [ -71.033, -46.233 ], [ -71.066, -46.233 ], [ -71.099, -46.233 ], [ -71.099, -46.266 ], [ -71.133, -46.266 ], [ -71.133, -46.299 ], [ -71.099, -46.299 ], [ -71.099, -46.266 ] ] ], [ [ [ -71.166, -46.166 ], [ -71.166, -46.133 ], [ -71.199, -46.133 ], [ -71.199, -46.166 ], [ -71.166, -46.166 ] ] ], [ [ [ -71.166, -44.966 ], [ -71.166, -44.933 ], [ -71.199, -44.933 ], [ -71.199, -44.966 ], [ -71.166, -44.966 ] ] ], [ [ [ -70.033, -43.966 ], [ -70.066, -43.966 ], [ -70.066, -43.933 ], [ -70.033, -43.933 ], [ -70.033, -43.966 ] ] ], [ [ [ -71.566, -43.899 ], [ -71.566, -43.933 ], [ -71.599, -43.933 ], [ -71.633, -43.933 ], [ -71.647, -43.933 ], [ -71.648, -43.929 ], [ -71.650, -43.923 ], [ -71.652, -43.917 ], [ -71.656, -43.912 ], [ -71.659, -43.908 ], [ -71.663, -43.905 ], [ -71.664, -43.903 ], [ -71.666, -43.901 ], [ -71.668, -43.901 ], [ -71.666, -43.899 ], [ -71.633, -43.899 ], [ -71.599, -43.899 ], [ -71.566, -43.899 ] ] ], [ [ [ -71.699, -44.133 ], [ -71.699, -44.099 ], [ -71.699, -44.066 ], [ -71.699, -44.033 ], [ -71.666, -44.033 ], [ -71.633, -44.033 ], [ -71.633, -43.999 ], [ -71.599, -43.999 ], [ -71.566, -43.999 ], [ -71.566, -43.966 ], [ -71.533, -43.966 ], [ -71.533, -43.999 ], [ -71.499, -43.999 ], [ -71.466, -43.999 ], [ -71.433, -43.999 ], [ -71.399, -43.999 ], [ -71.366, -43.999 ], [ -71.333, -43.999 ], [ -71.299, -43.999 ], [ -71.266, -43.999 ], [ -71.266, -43.966 ], [ -71.266, -43.933 ], [ -71.266, -43.899 ], [ -71.233, -43.899 ], [ -71.233, -43.866 ], [ -71.199, -43.866 ], [ -71.166, -43.866 ], [ -71.133, -43.866 ], [ -71.133, -43.899 ], [ -71.133, -43.933 ], [ -71.133, -43.966 ], [ -71.166, -43.966 ], [ -71.166, -43.999 ], [ -71.166, -44.033 ], [ -71.133, -44.033 ], [ -71.133, -44.066 ], [ -71.099, -44.066 ], [ -71.066, -44.066 ], [ -71.066, -44.099 ], [ -71.099, -44.099 ], [ -71.133, -44.099 ], [ -71.166, -44.099 ], [ -71.166, -44.133 ], [ -71.199, -44.133 ], [ -71.233, -44.133 ], [ -71.266, -44.133 ], [ -71.299, -44.133 ], [ -71.299, -44.099 ], [ -71.333, -44.099 ], [ -71.333, -44.133 ], [ -71.366, -44.133 ], [ -71.399, -44.133 ], [ -71.433, -44.133 ], [ -71.433, -44.099 ], [ -71.466, -44.099 ], [ -71.466, -44.066 ], [ -71.499, -44.066 ], [ -71.499, -44.033 ], [ -71.533, -44.033 ], [ -71.533, -44.066 ], [ -71.566, -44.066 ], [ -71.566, -44.033 ], [ -71.599, -44.033 ], [ -71.599, -44.066 ], [ -71.633, -44.066 ], [ -71.633, -44.099 ], [ -71.633, -44.133 ], [ -71.666, -44.133 ], [ -71.699, -44.133 ] ] ], [ [ [ -71.266, -44.066 ], [ -71.266, -44.099 ], [ -71.233, -44.099 ], [ -71.233, -44.066 ], [ -71.266, -44.066 ] ] ], [ [ [ -70.866, -43.899 ], [ -70.899, -43.899 ], [ -70.899, -43.866 ], [ -70.866, -43.866 ], [ -70.866, -43.899 ] ] ], [ [ [ -69.399, -44.899 ], [ -69.399, -44.933 ], [ -69.399, -44.966 ], [ -69.399, -44.999 ], [ -69.366, -44.999 ], [ -69.366, -45.033 ], [ -69.366, -45.066 ], [ -69.333, -45.066 ], [ -69.333, -45.099 ], [ -69.333, -45.133 ], [ -69.366, -45.133 ], [ -69.399, -45.133 ], [ -69.399, -45.166 ], [ -69.433, -45.166 ], [ -69.466, -45.166 ], [ -69.499, -45.166 ], [ -69.499, -45.199 ], [ -69.533, -45.199 ], [ -69.533, -45.166 ], [ -69.566, -45.166 ], [ -69.566, -45.199 ], [ -69.599, -45.199 ], [ -69.599, -45.233 ], [ -69.599, -45.266 ], [ -69.599, -45.299 ], [ -69.566, -45.299 ], [ -69.533, -45.299 ], [ -69.533, -45.333 ], [ -69.499, -45.333 ], [ -69.499, -45.366 ], [ -69.533, -45.366 ], [ -69.533, -45.399 ], [ -69.566, -45.399 ], [ -69.566, -45.366 ], [ -69.599, -45.366 ], [ -69.633, -45.366 ], [ -69.666, -45.366 ], [ -69.666, -45.399 ], [ -69.699, -45.399 ], [ -69.699, -45.366 ], [ -69.733, -45.366 ], [ -69.766, -45.366 ], [ -69.766, -45.333 ], [ -69.766, -45.299 ], [ -69.766, -45.266 ], [ -69.766, -45.233 ], [ -69.766, -45.199 ], [ -69.766, -45.166 ], [ -69.766, -45.133 ], [ -69.766, -45.099 ], [ -69.766, -45.066 ], [ -69.766, -45.033 ], [ -69.766, -44.999 ], [ -69.799, -44.999 ], [ -69.833, -44.999 ], [ -69.866, -44.999 ], [ -69.899, -44.999 ], [ -69.899, -44.966 ], [ -69.899, -44.933 ], [ -69.866, -44.933 ], [ -69.866, -44.899 ], [ -69.866, -44.866 ], [ -69.833, -44.866 ], [ -69.833, -44.833 ], [ -69.866, -44.833 ], [ -69.866, -44.799 ], [ -69.866, -44.766 ], [ -69.866, -44.733 ], [ -69.833, -44.733 ], [ -69.833, -44.699 ], [ -69.799, -44.699 ], [ -69.799, -44.666 ], [ -69.799, -44.633 ], [ -69.833, -44.633 ], [ -69.833, -44.599 ], [ -69.799, -44.599 ], [ -69.799, -44.566 ], [ -69.799, -44.533 ], [ -69.799, -44.499 ], [ -69.799, -44.466 ], [ -69.799, -44.433 ], [ -69.799, -44.399 ], [ -69.833, -44.399 ], [ -69.833, -44.366 ], [ -69.833, -44.333 ], [ -69.866, -44.333 ], [ -69.866, -44.299 ], [ -69.866, -44.266 ], [ -69.866, -44.233 ], [ -69.866, -44.199 ], [ -69.866, -44.166 ], [ -69.833, -44.166 ], [ -69.833, -44.133 ], [ -69.833, -44.099 ], [ -69.833, -44.066 ], [ -69.866, -44.066 ], [ -69.899, -44.066 ], [ -69.933, -44.066 ], [ -69.933, -44.099 ], [ -69.966, -44.099 ], [ -69.999, -44.099 ], [ -69.999, -44.133 ], [ -70.033, -44.133 ], [ -70.066, -44.133 ], [ -70.099, -44.133 ], [ -70.133, -44.133 ], [ -70.166, -44.133 ], [ -70.199, -44.133 ], [ -70.199, -44.099 ], [ -70.199, -44.066 ], [ -70.233, -44.066 ], [ -70.266, -44.066 ], [ -70.299, -44.066 ], [ -70.333, -44.066 ], [ -70.366, -44.066 ], [ -70.366, -44.033 ], [ -70.399, -44.033 ], [ -70.399, -43.999 ], [ -70.366, -43.999 ], [ -70.366, -43.966 ], [ -70.333, -43.966 ], [ -70.333, -43.933 ], [ -70.366, -43.933 ], [ -70.399, -43.933 ], [ -70.399, -43.966 ], [ -70.433, -43.966 ], [ -70.466, -43.966 ], [ -70.466, -43.933 ], [ -70.466, -43.899 ], [ -70.466, -43.866 ], [ -70.466, -43.833 ], [ -70.433, -43.833 ], [ -70.399, -43.833 ], [ -70.366, -43.833 ], [ -70.366, -43.866 ], [ -70.333, -43.866 ], [ -70.299, -43.866 ], [ -70.299, -43.899 ], [ -70.266, -43.899 ], [ -70.266, -43.933 ], [ -70.266, -43.966 ], [ -70.233, -43.966 ], [ -70.233, -43.933 ], [ -70.199, -43.933 ], [ -70.199, -43.899 ], [ -70.166, -43.899 ], [ -70.166, -43.933 ], [ -70.166, -43.966 ], [ -70.166, -43.999 ], [ -70.166, -44.033 ], [ -70.166, -44.066 ], [ -70.133, -44.066 ], [ -70.133, -44.033 ], [ -70.099, -44.033 ], [ -70.066, -44.033 ], [ -70.033, -44.033 ], [ -70.033, -43.999 ], [ -70.033, -43.966 ], [ -69.999, -43.966 ], [ -69.999, -43.999 ], [ -69.966, -43.999 ], [ -69.933, -43.999 ], [ -69.933, -43.966 ], [ -69.899, -43.966 ], [ -69.899, -43.933 ], [ -69.899, -43.899 ], [ -69.933, -43.899 ], [ -69.933, -43.933 ], [ -69.966, -43.933 ], [ -69.999, -43.933 ], [ -70.033, -43.933 ], [ -70.033, -43.899 ], [ -70.066, -43.899 ], [ -70.099, -43.899 ], [ -70.133, -43.899 ], [ -70.133, -43.866 ], [ -70.166, -43.866 ], [ -70.199, -43.866 ], [ -70.199, -43.899 ], [ -70.233, -43.899 ], [ -70.266, -43.899 ], [ -70.266, -43.866 ], [ -70.233, -43.866 ], [ -70.233, -43.833 ], [ -70.199, -43.833 ], [ -70.166, -43.833 ], [ -70.133, -43.833 ], [ -70.099, -43.833 ], [ -70.066, -43.833 ], [ -70.066, -43.866 ], [ -70.033, -43.866 ], [ -70.033, -43.833 ], [ -69.999, -43.833 ], [ -69.999, -43.866 ], [ -69.966, -43.866 ], [ -69.933, -43.866 ], [ -69.933, -43.833 ], [ -69.899, -43.833 ], [ -69.866, -43.833 ], [ -69.866, -43.866 ], [ -69.833, -43.866 ], [ -69.833, -43.899 ], [ -69.833, -43.933 ], [ -69.833, -43.966 ], [ -69.833, -43.999 ], [ -69.799, -43.999 ], [ -69.766, -43.999 ], [ -69.733, -43.999 ], [ -69.699, -43.999 ], [ -69.666, -43.999 ], [ -69.633, -43.999 ], [ -69.599, -43.999 ], [ -69.599, -43.966 ], [ -69.599, -43.933 ], [ -69.566, -43.933 ], [ -69.566, -43.899 ], [ -69.566, -43.866 ], [ -69.533, -43.866 ], [ -69.499, -43.866 ], [ -69.466, -43.866 ], [ -69.433, -43.866 ], [ -69.433, -43.899 ], [ -69.466, -43.899 ], [ -69.466, -43.933 ], [ -69.466, -43.966 ], [ -69.466, -43.999 ], [ -69.433, -43.999 ], [ -69.433, -44.033 ], [ -69.399, -44.033 ], [ -69.366, -44.033 ], [ -69.366, -44.066 ], [ -69.366, -44.099 ], [ -69.366, -44.133 ], [ -69.366, -44.166 ], [ -69.366, -44.199 ], [ -69.366, -44.233 ], [ -69.366, -44.266 ], [ -69.366, -44.299 ], [ -69.366, -44.333 ], [ -69.366, -44.366 ], [ -69.399, -44.366 ], [ -69.399, -44.399 ], [ -69.433, -44.399 ], [ -69.433, -44.433 ], [ -69.466, -44.433 ], [ -69.466, -44.466 ], [ -69.466, -44.499 ], [ -69.466, -44.533 ], [ -69.466, -44.566 ], [ -69.466, -44.599 ], [ -69.433, -44.599 ], [ -69.433, -44.633 ], [ -69.433, -44.666 ], [ -69.399, -44.666 ], [ -69.399, -44.699 ], [ -69.399, -44.733 ], [ -69.366, -44.733 ], [ -69.366, -44.766 ], [ -69.399, -44.766 ], [ -69.399, -44.799 ], [ -69.399, -44.833 ], [ -69.433, -44.833 ], [ -69.433, -44.866 ], [ -69.433, -44.899 ], [ -69.399, -44.899 ] ], [ [ -69.466, -44.733 ], [ -69.466, -44.699 ], [ -69.466, -44.666 ], [ -69.499, -44.666 ], [ -69.499, -44.633 ], [ -69.533, -44.633 ], [ -69.533, -44.599 ], [ -69.566, -44.599 ], [ -69.599, -44.599 ], [ -69.599, -44.633 ], [ -69.633, -44.633 ], [ -69.666, -44.633 ], [ -69.699, -44.633 ], [ -69.699, -44.666 ], [ -69.699, -44.699 ], [ -69.699, -44.733 ], [ -69.666, -44.733 ], [ -69.666, -44.766 ], [ -69.633, -44.766 ], [ -69.633, -44.799 ], [ -69.599, -44.799 ], [ -69.566, -44.799 ], [ -69.566, -44.766 ], [ -69.533, -44.766 ], [ -69.533, -44.733 ], [ -69.499, -44.733 ], [ -69.466, -44.733 ] ], [ [ -69.699, -44.933 ], [ -69.699, -44.966 ], [ -69.666, -44.966 ], [ -69.666, -44.999 ], [ -69.666, -45.033 ], [ -69.666, -45.066 ], [ -69.633, -45.066 ], [ -69.599, -45.066 ], [ -69.599, -45.033 ], [ -69.599, -44.999 ], [ -69.599, -44.966 ], [ -69.599, -44.933 ], [ -69.599, -44.899 ], [ -69.633, -44.899 ], [ -69.666, -44.899 ], [ -69.666, -44.933 ], [ -69.699, -44.933 ] ] ], [ [ [ -69.466, -44.133 ], [ -69.466, -44.099 ], [ -69.499, -44.099 ], [ -69.499, -44.066 ], [ -69.499, -44.033 ], [ -69.499, -43.999 ], [ -69.499, -43.966 ], [ -69.533, -43.966 ], [ -69.533, -43.999 ], [ -69.566, -43.999 ], [ -69.566, -44.033 ], [ -69.566, -44.066 ], [ -69.566, -44.099 ], [ -69.566, -44.133 ], [ -69.533, -44.133 ], [ -69.533, -44.166 ], [ -69.499, -44.166 ], [ -69.466, -44.166 ], [ -69.466, -44.133 ] ] ], [ [ [ -70.999, -43.799 ], [ -70.999, -43.833 ], [ -70.966, -43.833 ], [ -70.966, -43.866 ], [ -70.933, -43.866 ], [ -70.933, -43.899 ], [ -70.933, -43.933 ], [ -70.966, -43.933 ], [ -70.966, -43.966 ], [ -70.999, -43.966 ], [ -71.033, -43.966 ], [ -71.033, -43.933 ], [ -71.066, -43.933 ], [ -71.066, -43.899 ], [ -71.066, -43.866 ], [ -71.066, -43.833 ], [ -71.066, -43.799 ], [ -71.033, -43.799 ], [ -70.999, -43.799 ] ] ], [ [ [ -71.599, -43.833 ], [ -71.633, -43.833 ], [ -71.648, -43.817 ], [ -71.645, -43.816 ], [ -71.637, -43.817 ], [ -71.645, -43.813 ], [ -71.649, -43.812 ], [ -71.651, -43.810 ], [ -71.652, -43.806 ], [ -71.651, -43.804 ], [ -71.649, -43.803 ], [ -71.648, -43.802 ], [ -71.644, -43.802 ], [ -71.639, -43.800 ], [ -71.632, -43.801 ], [ -71.624, -43.800 ], [ -71.619, -43.797 ], [ -71.615, -43.794 ], [ -71.615, -43.791 ], [ -71.611, -43.789 ], [ -71.610, -43.789 ], [ -71.599, -43.799 ], [ -71.599, -43.833 ] ] ], [ [ [ -69.933, -43.799 ], [ -69.966, -43.799 ], [ -69.966, -43.766 ], [ -69.933, -43.766 ], [ -69.899, -43.766 ], [ -69.899, -43.799 ], [ -69.933, -43.799 ] ] ], [ [ [ -71.566, -43.899 ], [ -71.566, -43.866 ], [ -71.599, -43.866 ], [ -71.599, -43.833 ], [ -71.566, -43.833 ], [ -71.533, -43.833 ], [ -71.499, -43.833 ], [ -71.499, -43.799 ], [ -71.466, -43.799 ], [ -71.433, -43.799 ], [ -71.433, -43.766 ], [ -71.433, -43.733 ], [ -71.399, -43.733 ], [ -71.399, -43.766 ], [ -71.399, -43.799 ], [ -71.366, -43.799 ], [ -71.366, -43.833 ], [ -71.366, -43.866 ], [ -71.399, -43.866 ], [ -71.433, -43.866 ], [ -71.466, -43.866 ], [ -71.466, -43.899 ], [ -71.499, -43.899 ], [ -71.533, -43.899 ], [ -71.566, -43.899 ] ] ], [ [ [ -71.266, -43.766 ], [ -71.299, -43.766 ], [ -71.299, -43.733 ], [ -71.266, -43.733 ], [ -71.266, -43.766 ] ] ], [ [ [ -71.066, -43.733 ], [ -71.066, -43.766 ], [ -71.099, -43.766 ], [ -71.133, -43.766 ], [ -71.133, -43.733 ], [ -71.166, -43.733 ], [ -71.166, -43.699 ], [ -71.133, -43.699 ], [ -71.099, -43.699 ], [ -71.066, -43.699 ], [ -71.066, -43.733 ] ] ], [ [ [ -70.466, -43.733 ], [ -70.499, -43.733 ], [ -70.499, -43.699 ], [ -70.499, -43.666 ], [ -70.466, -43.666 ], [ -70.433, -43.666 ], [ -70.399, -43.666 ], [ -70.399, -43.699 ], [ -70.433, -43.699 ], [ -70.433, -43.733 ], [ -70.466, -43.733 ] ] ], [ [ [ -71.499, -43.599 ], [ -71.466, -43.599 ], [ -71.466, -43.633 ], [ -71.466, -43.666 ], [ -71.433, -43.666 ], [ -71.433, -43.699 ], [ -71.466, -43.699 ], [ -71.499, -43.699 ], [ -71.499, -43.666 ], [ -71.499, -43.633 ], [ -71.499, -43.599 ] ] ], [ [ [ -71.599, -43.566 ], [ -71.599, -43.598 ], [ -71.602, -43.597 ], [ -71.605, -43.599 ], [ -71.608, -43.601 ], [ -71.614, -43.601 ], [ -71.626, -43.600 ], [ -71.636, -43.597 ], [ -71.641, -43.593 ], [ -71.645, -43.590 ], [ -71.653, -43.591 ], [ -71.659, -43.592 ], [ -71.664, -43.593 ], [ -71.666, -43.594 ], [ -71.666, -43.594 ], [ -71.666, -43.566 ], [ -71.633, -43.566 ], [ -71.599, -43.566 ] ] ], [ [ [ -71.499, -43.599 ], [ -71.533, -43.599 ], [ -71.533, -43.566 ], [ -71.499, -43.566 ], [ -71.499, -43.599 ] ] ], [ [ [ -71.366, -43.533 ], [ -71.366, -43.566 ], [ -71.399, -43.566 ], [ -71.399, -43.533 ], [ -71.366, -43.533 ] ] ], [ [ [ -71.733, -43.499 ], [ -71.699, -43.499 ], [ -71.699, -43.533 ], [ -71.733, -43.533 ], [ -71.733, -43.499 ] ] ], [ [ [ -71.366, -43.533 ], [ -71.366, -43.499 ], [ -71.333, -43.499 ], [ -71.299, -43.499 ], [ -71.299, -43.533 ], [ -71.266, -43.533 ], [ -71.266, -43.566 ], [ -71.266, -43.599 ], [ -71.233, -43.599 ], [ -71.233, -43.633 ], [ -71.266, -43.633 ], [ -71.266, -43.666 ], [ -71.299, -43.666 ], [ -71.333, -43.666 ], [ -71.366, -43.666 ], [ -71.399, -43.666 ], [ -71.399, -43.633 ], [ -71.399, -43.599 ], [ -71.366, -43.599 ], [ -71.366, -43.633 ], [ -71.333, -43.633 ], [ -71.333, -43.599 ], [ -71.299, -43.599 ], [ -71.299, -43.566 ], [ -71.333, -43.566 ], [ -71.333, -43.533 ], [ -71.366, -43.533 ] ] ], [ [ [ -71.166, -43.533 ], [ -71.199, -43.533 ], [ -71.199, -43.499 ], [ -71.166, -43.499 ], [ -71.166, -43.533 ] ] ], [ [ [ -71.099, -43.433 ], [ -71.099, -43.466 ], [ -71.066, -43.466 ], [ -71.066, -43.499 ], [ -71.099, -43.499 ], [ -71.099, -43.533 ], [ -71.099, -43.566 ], [ -71.133, -43.566 ], [ -71.133, -43.533 ], [ -71.133, -43.499 ], [ -71.133, -43.466 ], [ -71.133, -43.433 ], [ -71.099, -43.433 ] ] ], [ [ [ -71.699, -43.499 ], [ -71.699, -43.466 ], [ -71.733, -43.466 ], [ -71.733, -43.499 ], [ -71.766, -43.499 ], [ -71.799, -43.499 ], [ -71.799, -43.542 ], [ -71.801, -43.542 ], [ -71.805, -43.543 ], [ -71.813, -43.545 ], [ -71.817, -43.546 ], [ -71.821, -43.547 ], [ -71.825, -43.549 ], [ -71.828, -43.550 ], [ -71.831, -43.550 ], [ -71.833, -43.549 ], [ -71.833, -43.499 ], [ -71.848, -43.484 ], [ -71.848, -43.483 ], [ -71.848, -43.482 ], [ -71.833, -43.466 ], [ -71.799, -43.466 ], [ -71.766, -43.466 ], [ -71.766, -43.433 ], [ -71.766, -43.399 ], [ -71.733, -43.399 ], [ -71.733, -43.433 ], [ -71.699, -43.433 ], [ -71.699, -43.399 ], [ -71.666, -43.399 ], [ -71.666, -43.433 ], [ -71.666, -43.466 ], [ -71.666, -43.499 ], [ -71.699, -43.499 ] ] ], [ [ [ -71.099, -43.433 ], [ -71.099, -43.399 ], [ -71.099, -43.366 ], [ -71.066, -43.366 ], [ -71.066, -43.399 ], [ -71.066, -43.433 ], [ -71.099, -43.433 ] ] ], [ [ [ -71.199, -43.333 ], [ -71.199, -43.299 ], [ -71.166, -43.299 ], [ -71.166, -43.333 ], [ -71.199, -43.333 ] ] ], [ [ [ -71.066, -43.366 ], [ -71.066, -43.333 ], [ -71.066, -43.299 ], [ -71.099, -43.299 ], [ -71.133, -43.299 ], [ -71.166, -43.299 ], [ -71.166, -43.266 ], [ -71.133, -43.266 ], [ -71.099, -43.266 ], [ -71.066, -43.266 ], [ -71.033, -43.266 ], [ -71.033, -43.299 ], [ -71.033, -43.333 ], [ -71.033, -43.366 ], [ -71.066, -43.366 ] ] ], [ [ [ -68.933, -43.433 ], [ -68.933, -43.466 ], [ -68.966, -43.466 ], [ -68.999, -43.466 ], [ -68.999, -43.499 ], [ -69.033, -43.499 ], [ -69.033, -43.466 ], [ -69.033, -43.433 ], [ -69.033, -43.399 ], [ -68.999, -43.399 ], [ -68.999, -43.433 ], [ -68.966, -43.433 ], [ -68.966, -43.399 ], [ -68.966, -43.366 ], [ -68.966, -43.333 ], [ -68.933, -43.333 ], [ -68.899, -43.333 ], [ -68.899, -43.299 ], [ -68.899, -43.266 ], [ -68.866, -43.266 ], [ -68.833, -43.266 ], [ -68.833, -43.299 ], [ -68.833, -43.333 ], [ -68.866, -43.333 ], [ -68.866, -43.366 ], [ -68.899, -43.366 ], [ -68.899, -43.399 ], [ -68.899, -43.433 ], [ -68.933, -43.433 ] ] ], [ [ [ -68.499, -43.199 ], [ -68.466, -43.199 ], [ -68.466, -43.233 ], [ -68.466, -43.266 ], [ -68.499, -43.266 ], [ -68.499, -43.233 ], [ -68.499, -43.199 ] ] ], [ [ [ -71.699, -43.166 ], [ -71.699, -43.199 ], [ -71.728, -43.199 ], [ -71.727, -43.199 ], [ -71.722, -43.197 ], [ -71.720, -43.195 ], [ -71.719, -43.190 ], [ -71.720, -43.186 ], [ -71.724, -43.183 ], [ -71.727, -43.182 ], [ -71.729, -43.180 ], [ -71.732, -43.178 ], [ -71.737, -43.177 ], [ -71.742, -43.177 ], [ -71.744, -43.177 ], [ -71.733, -43.166 ], [ -71.699, -43.166 ] ] ], [ [ [ -71.199, -43.299 ], [ -71.233, -43.299 ], [ -71.233, -43.266 ], [ -71.266, -43.266 ], [ -71.266, -43.233 ], [ -71.233, -43.233 ], [ -71.233, -43.199 ], [ -71.233, -43.166 ], [ -71.199, -43.166 ], [ -71.199, -43.199 ], [ -71.166, -43.199 ], [ -71.166, -43.233 ], [ -71.199, -43.233 ], [ -71.199, -43.266 ], [ -71.199, -43.299 ] ] ], [ [ [ -71.033, -43.166 ], [ -71.033, -43.199 ], [ -70.999, -43.199 ], [ -70.999, -43.233 ], [ -71.033, -43.233 ], [ -71.066, -43.233 ], [ -71.099, -43.233 ], [ -71.099, -43.199 ], [ -71.066, -43.199 ], [ -71.066, -43.166 ], [ -71.033, -43.166 ] ] ], [ [ [ -70.499, -43.199 ], [ -70.533, -43.199 ], [ -70.533, -43.166 ], [ -70.499, -43.166 ], [ -70.499, -43.199 ] ] ], [ [ [ -69.966, -43.433 ], [ -69.966, -43.399 ], [ -69.999, -43.399 ], [ -69.999, -43.433 ], [ -69.966, -43.433 ], [ -69.966, -43.466 ], [ -69.966, -43.499 ], [ -69.999, -43.499 ], [ -70.033, -43.499 ], [ -70.066, -43.499 ], [ -70.066, -43.533 ], [ -70.033, -43.533 ], [ -70.033, -43.566 ], [ -70.033, -43.599 ], [ -70.066, -43.599 ], [ -70.099, -43.599 ], [ -70.099, -43.566 ], [ -70.133, -43.566 ], [ -70.166, -43.566 ], [ -70.166, -43.533 ], [ -70.166, -43.499 ], [ -70.199, -43.499 ], [ -70.199, -43.466 ], [ -70.233, -43.466 ], [ -70.266, -43.466 ], [ -70.299, -43.466 ], [ -70.299, -43.499 ], [ -70.333, -43.499 ], [ -70.333, -43.533 ], [ -70.366, -43.533 ], [ -70.399, -43.533 ], [ -70.399, -43.499 ], [ -70.399, -43.466 ], [ -70.366, -43.466 ], [ -70.333, -43.466 ], [ -70.333, -43.433 ], [ -70.299, -43.433 ], [ -70.299, -43.399 ], [ -70.299, -43.366 ], [ -70.266, -43.366 ], [ -70.233, -43.366 ], [ -70.233, -43.333 ], [ -70.233, -43.299 ], [ -70.199, -43.299 ], [ -70.199, -43.266 ], [ -70.199, -43.233 ], [ -70.166, -43.233 ], [ -70.133, -43.233 ], [ -70.133, -43.199 ], [ -70.099, -43.199 ], [ -70.066, -43.199 ], [ -70.066, -43.166 ], [ -70.033, -43.166 ], [ -70.033, -43.199 ], [ -69.999, -43.199 ], [ -69.999, -43.233 ], [ -69.966, -43.233 ], [ -69.966, -43.266 ], [ -69.999, -43.266 ], [ -70.033, -43.266 ], [ -70.033, -43.299 ], [ -70.033, -43.333 ], [ -70.033, -43.366 ], [ -69.999, -43.366 ], [ -69.966, -43.366 ], [ -69.933, -43.366 ], [ -69.899, -43.366 ], [ -69.899, -43.399 ], [ -69.866, -43.399 ], [ -69.866, -43.433 ], [ -69.899, -43.433 ], [ -69.933, -43.433 ], [ -69.966, -43.433 ] ] ], [ [ [ -70.166, -43.433 ], [ -70.166, -43.466 ], [ -70.133, -43.466 ], [ -70.099, -43.466 ], [ -70.099, -43.433 ], [ -70.133, -43.433 ], [ -70.166, -43.433 ] ] ], [ [ [ -68.499, -43.199 ], [ -68.533, -43.199 ], [ -68.533, -43.166 ], [ -68.499, -43.166 ], [ -68.499, -43.199 ] ] ], [ [ [ -71.766, -43.133 ], [ -71.766, -43.168 ], [ -71.772, -43.167 ], [ -71.777, -43.165 ], [ -71.783, -43.163 ], [ -71.791, -43.159 ], [ -71.794, -43.158 ], [ -71.798, -43.156 ], [ -71.803, -43.154 ], [ -71.805, -43.152 ], [ -71.807, -43.150 ], [ -71.811, -43.147 ], [ -71.813, -43.147 ], [ -71.799, -43.133 ], [ -71.766, -43.133 ] ] ], [ [ [ -71.866, -43.099 ], [ -71.866, -43.134 ], [ -71.871, -43.131 ], [ -71.876, -43.128 ], [ -71.886, -43.122 ], [ -71.889, -43.119 ], [ -71.891, -43.114 ], [ -71.891, -43.111 ], [ -71.892, -43.108 ], [ -71.894, -43.106 ], [ -71.896, -43.106 ], [ -71.900, -43.105 ], [ -71.904, -43.104 ], [ -71.899, -43.099 ], [ -71.866, -43.099 ] ] ], [ [ [ -71.599, -43.133 ], [ -71.633, -43.133 ], [ -71.633, -43.099 ], [ -71.599, -43.099 ], [ -71.599, -43.133 ] ] ], [ [ [ -71.233, -43.299 ], [ -71.233, -43.333 ], [ -71.199, -43.333 ], [ -71.199, -43.366 ], [ -71.233, -43.366 ], [ -71.233, -43.399 ], [ -71.266, -43.399 ], [ -71.266, -43.433 ], [ -71.233, -43.433 ], [ -71.233, -43.466 ], [ -71.233, -43.499 ], [ -71.266, -43.499 ], [ -71.266, -43.466 ], [ -71.299, -43.466 ], [ -71.333, -43.466 ], [ -71.366, -43.466 ], [ -71.399, -43.466 ], [ -71.433, -43.466 ], [ -71.466, -43.466 ], [ -71.499, -43.466 ], [ -71.533, -43.466 ], [ -71.533, -43.433 ], [ -71.566, -43.433 ], [ -71.566, -43.399 ], [ -71.599, -43.399 ], [ -71.633, -43.399 ], [ -71.666, -43.399 ], [ -71.666, -43.366 ], [ -71.666, -43.333 ], [ -71.633, -43.333 ], [ -71.599, -43.333 ], [ -71.599, -43.299 ], [ -71.599, -43.266 ], [ -71.633, -43.266 ], [ -71.633, -43.233 ], [ -71.599, -43.233 ], [ -71.566, -43.233 ], [ -71.533, -43.233 ], [ -71.499, -43.233 ], [ -71.466, -43.233 ], [ -71.433, -43.233 ], [ -71.433, -43.199 ], [ -71.399, -43.199 ], [ -71.399, -43.166 ], [ -71.399, -43.133 ], [ -71.366, -43.133 ], [ -71.366, -43.099 ], [ -71.333, -43.099 ], [ -71.333, -43.133 ], [ -71.299, -43.133 ], [ -71.299, -43.166 ], [ -71.299, -43.199 ], [ -71.333, -43.199 ], [ -71.333, -43.233 ], [ -71.333, -43.266 ], [ -71.299, -43.266 ], [ -71.299, -43.299 ], [ -71.333, -43.299 ], [ -71.366, -43.299 ], [ -71.366, -43.333 ], [ -71.399, -43.333 ], [ -71.399, -43.366 ], [ -71.399, -43.399 ], [ -71.366, -43.399 ], [ -71.333, -43.399 ], [ -71.299, -43.399 ], [ -71.299, -43.366 ], [ -71.266, -43.366 ], [ -71.266, -43.333 ], [ -71.266, -43.299 ], [ -71.233, -43.299 ] ] ], [ [ [ -71.033, -43.166 ], [ -71.033, -43.133 ], [ -70.999, -43.133 ], [ -70.999, -43.099 ], [ -70.966, -43.099 ], [ -70.966, -43.133 ], [ -70.966, -43.166 ], [ -70.999, -43.166 ], [ -71.033, -43.166 ] ] ], [ [ [ -68.899, -43.133 ], [ -68.933, -43.133 ], [ -68.933, -43.099 ], [ -68.899, -43.099 ], [ -68.899, -43.133 ] ] ], [ [ [ -68.733, -43.133 ], [ -68.766, -43.133 ], [ -68.766, -43.099 ], [ -68.733, -43.099 ], [ -68.733, -43.133 ] ] ], [ [ [ -71.866, -43.099 ], [ -71.866, -43.066 ], [ -71.833, -43.066 ], [ -71.833, -43.099 ], [ -71.866, -43.099 ] ] ], [ [ [ -71.533, -43.066 ], [ -71.533, -43.099 ], [ -71.566, -43.099 ], [ -71.566, -43.066 ], [ -71.533, -43.066 ] ] ], [ [ [ -70.866, -43.899 ], [ -70.833, -43.899 ], [ -70.799, -43.899 ], [ -70.799, -43.866 ], [ -70.766, -43.866 ], [ -70.766, -43.833 ], [ -70.766, -43.799 ], [ -70.799, -43.799 ], [ -70.833, -43.799 ], [ -70.833, -43.833 ], [ -70.833, -43.866 ], [ -70.866, -43.866 ], [ -70.866, -43.833 ], [ -70.866, -43.799 ], [ -70.866, -43.766 ], [ -70.866, -43.733 ], [ -70.833, -43.733 ], [ -70.833, -43.699 ], [ -70.833, -43.666 ], [ -70.799, -43.666 ], [ -70.799, -43.633 ], [ -70.799, -43.599 ], [ -70.799, -43.566 ], [ -70.766, -43.566 ], [ -70.733, -43.566 ], [ -70.733, -43.533 ], [ -70.733, -43.499 ], [ -70.733, -43.466 ], [ -70.766, -43.466 ], [ -70.766, -43.433 ], [ -70.766, -43.399 ], [ -70.799, -43.399 ], [ -70.799, -43.366 ], [ -70.833, -43.366 ], [ -70.833, -43.333 ], [ -70.833, -43.299 ], [ -70.833, -43.266 ], [ -70.799, -43.266 ], [ -70.799, -43.233 ], [ -70.799, -43.199 ], [ -70.799, -43.166 ], [ -70.799, -43.133 ], [ -70.766, -43.133 ], [ -70.766, -43.166 ], [ -70.766, -43.199 ], [ -70.733, -43.199 ], [ -70.733, -43.166 ], [ -70.733, -43.133 ], [ -70.766, -43.133 ], [ -70.766, -43.099 ], [ -70.766, -43.066 ], [ -70.733, -43.066 ], [ -70.699, -43.066 ], [ -70.699, -43.099 ], [ -70.699, -43.133 ], [ -70.699, -43.166 ], [ -70.699, -43.199 ], [ -70.666, -43.199 ], [ -70.666, -43.233 ], [ -70.633, -43.233 ], [ -70.633, -43.266 ], [ -70.633, -43.299 ], [ -70.633, -43.333 ], [ -70.666, -43.333 ], [ -70.666, -43.366 ], [ -70.666, -43.399 ], [ -70.633, -43.399 ], [ -70.633, -43.433 ], [ -70.599, -43.433 ], [ -70.599, -43.466 ], [ -70.599, -43.499 ], [ -70.633, -43.499 ], [ -70.666, -43.499 ], [ -70.666, -43.533 ], [ -70.666, -43.566 ], [ -70.666, -43.599 ], [ -70.666, -43.633 ], [ -70.666, -43.666 ], [ -70.633, -43.666 ], [ -70.599, -43.666 ], [ -70.599, -43.699 ], [ -70.633, -43.699 ], [ -70.633, -43.733 ], [ -70.666, -43.733 ], [ -70.666, -43.766 ], [ -70.633, -43.766 ], [ -70.633, -43.799 ], [ -70.633, -43.833 ], [ -70.633, -43.866 ], [ -70.666, -43.866 ], [ -70.699, -43.866 ], [ -70.733, -43.866 ], [ -70.733, -43.899 ], [ -70.733, -43.933 ], [ -70.766, -43.933 ], [ -70.799, -43.933 ], [ -70.833, -43.933 ], [ -70.866, -43.933 ], [ -70.866, -43.899 ] ], [ [ -70.699, -43.666 ], [ -70.699, -43.633 ], [ -70.699, -43.599 ], [ -70.733, -43.599 ], [ -70.766, -43.599 ], [ -70.766, -43.633 ], [ -70.766, -43.666 ], [ -70.733, -43.666 ], [ -70.699, -43.666 ] ] ], [ [ [ -70.733, -43.766 ], [ -70.733, -43.733 ], [ -70.766, -43.733 ], [ -70.799, -43.733 ], [ -70.799, -43.766 ], [ -70.766, -43.766 ], [ -70.733, -43.766 ] ] ], [ [ [ -70.733, -43.299 ], [ -70.733, -43.266 ], [ -70.766, -43.266 ], [ -70.766, -43.299 ], [ -70.766, -43.333 ], [ -70.733, -43.333 ], [ -70.733, -43.299 ] ] ], [ [ [ -71.866, -43.066 ], [ -71.899, -43.066 ], [ -71.899, -43.033 ], [ -71.866, -43.033 ], [ -71.866, -43.066 ] ] ], [ [ [ -71.833, -43.066 ], [ -71.833, -43.033 ], [ -71.799, -43.033 ], [ -71.766, -43.033 ], [ -71.766, -43.066 ], [ -71.799, -43.066 ], [ -71.833, -43.066 ] ] ], [ [ [ -71.666, -43.066 ], [ -71.699, -43.066 ], [ -71.699, -43.033 ], [ -71.666, -43.033 ], [ -71.666, -43.066 ] ] ], [ [ [ -71.399, -43.066 ], [ -71.433, -43.066 ], [ -71.433, -43.033 ], [ -71.399, -43.033 ], [ -71.399, -43.066 ] ] ], [ [ [ -71.233, -43.033 ], [ -71.233, -43.066 ], [ -71.233, -43.099 ], [ -71.199, -43.099 ], [ -71.199, -43.133 ], [ -71.233, -43.133 ], [ -71.266, -43.133 ], [ -71.266, -43.099 ], [ -71.266, -43.066 ], [ -71.299, -43.066 ], [ -71.333, -43.066 ], [ -71.366, -43.066 ], [ -71.366, -43.033 ], [ -71.333, -43.033 ], [ -71.299, -43.033 ], [ -71.266, -43.033 ], [ -71.233, -43.033 ] ] ], [ [ [ -71.199, -43.033 ], [ -71.166, -43.033 ], [ -71.133, -43.033 ], [ -71.133, -43.066 ], [ -71.133, -43.099 ], [ -71.133, -43.133 ], [ -71.166, -43.133 ], [ -71.166, -43.099 ], [ -71.166, -43.066 ], [ -71.199, -43.066 ], [ -71.199, -43.033 ] ] ], [ [ [ -71.966, -42.999 ], [ -71.966, -43.041 ], [ -71.968, -43.042 ], [ -71.971, -43.044 ], [ -71.973, -43.045 ], [ -71.976, -43.045 ], [ -71.978, -43.043 ], [ -71.979, -43.041 ], [ -71.980, -43.039 ], [ -71.980, -43.037 ], [ -71.983, -43.036 ], [ -71.986, -43.034 ], [ -71.989, -43.034 ], [ -71.993, -43.035 ], [ -71.996, -43.038 ], [ -71.999, -43.038 ], [ -71.999, -42.999 ], [ -71.966, -42.999 ] ] ], [ [ [ -71.533, -43.066 ], [ -71.533, -43.033 ], [ -71.566, -43.033 ], [ -71.599, -43.033 ], [ -71.599, -42.999 ], [ -71.566, -42.999 ], [ -71.533, -42.999 ], [ -71.499, -42.999 ], [ -71.499, -43.033 ], [ -71.499, -43.066 ], [ -71.533, -43.066 ] ] ], [ [ [ -71.199, -43.033 ], [ -71.233, -43.033 ], [ -71.233, -42.999 ], [ -71.199, -42.999 ], [ -71.199, -43.033 ] ] ], [ [ [ -69.299, -42.999 ], [ -69.266, -42.999 ], [ -69.266, -43.033 ], [ -69.299, -43.033 ], [ -69.299, -42.999 ] ] ], [ [ [ -68.566, -43.033 ], [ -68.566, -43.066 ], [ -68.566, -43.099 ], [ -68.599, -43.099 ], [ -68.599, -43.066 ], [ -68.633, -43.066 ], [ -68.666, -43.066 ], [ -68.666, -43.033 ], [ -68.633, -43.033 ], [ -68.633, -42.999 ], [ -68.599, -42.999 ], [ -68.599, -43.033 ], [ -68.566, -43.033 ] ] ], [ [ [ -71.799, -42.999 ], [ -71.833, -42.999 ], [ -71.833, -42.966 ], [ -71.799, -42.966 ], [ -71.799, -42.999 ] ] ], [ [ [ -71.966, -42.999 ], [ -71.966, -42.966 ], [ -71.933, -42.966 ], [ -71.933, -42.933 ], [ -71.899, -42.933 ], [ -71.899, -42.966 ], [ -71.899, -42.999 ], [ -71.933, -42.999 ], [ -71.966, -42.999 ] ] ], [ [ [ -71.666, -42.999 ], [ -71.699, -42.999 ], [ -71.699, -42.966 ], [ -71.699, -42.933 ], [ -71.666, -42.933 ], [ -71.666, -42.966 ], [ -71.666, -42.999 ] ] ], [ [ [ -71.933, -42.933 ], [ -71.966, -42.933 ], [ -71.966, -42.899 ], [ -71.933, -42.899 ], [ -71.933, -42.933 ] ] ], [ [ [ -71.833, -42.933 ], [ -71.866, -42.933 ], [ -71.866, -42.899 ], [ -71.833, -42.899 ], [ -71.833, -42.933 ] ] ], [ [ [ -71.733, -42.966 ], [ -71.766, -42.966 ], [ -71.766, -42.933 ], [ -71.766, -42.899 ], [ -71.733, -42.899 ], [ -71.733, -42.933 ], [ -71.733, -42.966 ] ] ], [ [ [ -68.899, -42.933 ], [ -68.866, -42.933 ], [ -68.833, -42.933 ], [ -68.833, -42.899 ], [ -68.799, -42.899 ], [ -68.799, -42.933 ], [ -68.799, -42.966 ], [ -68.833, -42.966 ], [ -68.866, -42.966 ], [ -68.899, -42.966 ], [ -68.899, -42.933 ] ] ], [ [ [ -72.099, -42.899 ], [ -72.099, -42.940 ], [ -72.100, -42.940 ], [ -72.104, -42.937 ], [ -72.107, -42.938 ], [ -72.110, -42.938 ], [ -72.116, -42.936 ], [ -72.117, -42.935 ], [ -72.117, -42.929 ], [ -72.114, -42.923 ], [ -72.116, -42.922 ], [ -72.120, -42.918 ], [ -72.126, -42.915 ], [ -72.131, -42.913 ], [ -72.131, -42.910 ], [ -72.132, -42.908 ], [ -72.135, -42.905 ], [ -72.140, -42.902 ], [ -72.142, -42.900 ], [ -72.142, -42.897 ], [ -72.140, -42.895 ], [ -72.139, -42.894 ], [ -72.136, -42.891 ], [ -72.133, -42.886 ], [ -72.129, -42.884 ], [ -72.123, -42.883 ], [ -72.119, -42.881 ], [ -72.118, -42.878 ], [ -72.122, -42.874 ], [ -72.128, -42.872 ], [ -72.133, -42.869 ], [ -72.135, -42.866 ], [ -72.099, -42.866 ], [ -72.099, -42.899 ] ] ], [ [ [ -71.633, -42.899 ], [ -71.666, -42.899 ], [ -71.666, -42.866 ], [ -71.633, -42.866 ], [ -71.633, -42.899 ] ] ], [ [ [ -71.266, -42.866 ], [ -71.233, -42.866 ], [ -71.233, -42.899 ], [ -71.266, -42.899 ], [ -71.266, -42.866 ] ] ], [ [ [ -69.266, -42.999 ], [ -69.266, -42.966 ], [ -69.266, -42.933 ], [ -69.266, -42.899 ], [ -69.266, -42.866 ], [ -69.233, -42.866 ], [ -69.233, -42.899 ], [ -69.199, -42.899 ], [ -69.199, -42.933 ], [ -69.199, -42.966 ], [ -69.233, -42.966 ], [ -69.233, -42.999 ], [ -69.266, -42.999 ] ] ], [ [ [ -71.533, -42.866 ], [ -71.566, -42.866 ], [ -71.566, -42.833 ], [ -71.533, -42.833 ], [ -71.533, -42.866 ] ] ], [ [ [ -71.533, -42.866 ], [ -71.499, -42.866 ], [ -71.499, -42.833 ], [ -71.466, -42.833 ], [ -71.466, -42.866 ], [ -71.466, -42.899 ], [ -71.499, -42.899 ], [ -71.499, -42.933 ], [ -71.533, -42.933 ], [ -71.533, -42.899 ], [ -71.533, -42.866 ] ] ], [ [ [ -71.266, -42.866 ], [ -71.299, -42.866 ], [ -71.299, -42.833 ], [ -71.266, -42.833 ], [ -71.266, -42.866 ] ] ], [ [ [ -69.999, -42.833 ], [ -69.999, -42.799 ], [ -69.966, -42.799 ], [ -69.966, -42.833 ], [ -69.999, -42.833 ] ] ], [ [ [ -72.099, -42.799 ], [ -72.066, -42.799 ], [ -72.066, -42.766 ], [ -72.033, -42.766 ], [ -72.033, -42.799 ], [ -71.999, -42.799 ], [ -71.999, -42.833 ], [ -71.966, -42.833 ], [ -71.933, -42.833 ], [ -71.899, -42.833 ], [ -71.866, -42.833 ], [ -71.866, -42.866 ], [ -71.899, -42.866 ], [ -71.933, -42.866 ], [ -71.966, -42.866 ], [ -71.999, -42.866 ], [ -71.999, -42.899 ], [ -71.999, -42.933 ], [ -72.033, -42.933 ], [ -72.033, -42.899 ], [ -72.033, -42.866 ], [ -72.033, -42.833 ], [ -72.066, -42.833 ], [ -72.099, -42.833 ], [ -72.099, -42.799 ] ] ], [ [ [ -71.933, -42.766 ], [ -71.933, -42.799 ], [ -71.966, -42.799 ], [ -71.966, -42.766 ], [ -71.933, -42.766 ] ] ], [ [ [ -67.533, -42.799 ], [ -67.566, -42.799 ], [ -67.566, -42.766 ], [ -67.533, -42.766 ], [ -67.533, -42.799 ] ] ], [ [ [ -72.099, -42.799 ], [ -72.133, -42.799 ], [ -72.140, -42.792 ], [ -72.138, -42.790 ], [ -72.139, -42.785 ], [ -72.141, -42.781 ], [ -72.134, -42.779 ], [ -72.130, -42.777 ], [ -72.132, -42.772 ], [ -72.133, -42.766 ], [ -72.135, -42.760 ], [ -72.134, -42.758 ], [ -72.135, -42.755 ], [ -72.141, -42.750 ], [ -72.144, -42.745 ], [ -72.144, -42.742 ], [ -72.138, -42.739 ], [ -72.132, -42.733 ], [ -72.132, -42.733 ], [ -72.099, -42.733 ], [ -72.099, -42.766 ], [ -72.099, -42.799 ] ] ], [ [ [ -71.666, -42.733 ], [ -71.633, -42.733 ], [ -71.633, -42.766 ], [ -71.633, -42.799 ], [ -71.666, -42.799 ], [ -71.666, -42.766 ], [ -71.666, -42.733 ] ] ], [ [ [ -70.766, -42.766 ], [ -70.766, -42.799 ], [ -70.733, -42.799 ], [ -70.733, -42.833 ], [ -70.766, -42.833 ], [ -70.766, -42.866 ], [ -70.766, -42.899 ], [ -70.799, -42.899 ], [ -70.799, -42.933 ], [ -70.799, -42.966 ], [ -70.833, -42.966 ], [ -70.833, -42.999 ], [ -70.833, -43.033 ], [ -70.866, -43.033 ], [ -70.899, -43.033 ], [ -70.933, -43.033 ], [ -70.966, -43.033 ], [ -70.999, -43.033 ], [ -70.999, -42.999 ], [ -70.999, -42.966 ], [ -71.033, -42.966 ], [ -71.066, -42.966 ], [ -71.066, -42.933 ], [ -71.033, -42.933 ], [ -70.999, -42.933 ], [ -70.999, -42.899 ], [ -70.999, -42.866 ], [ -70.966, -42.866 ], [ -70.933, -42.866 ], [ -70.933, -42.833 ], [ -70.899, -42.833 ], [ -70.899, -42.799 ], [ -70.866, -42.799 ], [ -70.866, -42.766 ], [ -70.833, -42.766 ], [ -70.833, -42.733 ], [ -70.799, -42.733 ], [ -70.766, -42.733 ], [ -70.733, -42.733 ], [ -70.733, -42.766 ], [ -70.766, -42.766 ] ], [ [ -70.933, -42.966 ], [ -70.933, -42.999 ], [ -70.899, -42.999 ], [ -70.899, -42.966 ], [ -70.899, -42.933 ], [ -70.933, -42.933 ], [ -70.933, -42.966 ] ] ], [ [ [ -68.499, -43.066 ], [ -68.533, -43.066 ], [ -68.533, -43.033 ], [ -68.566, -43.033 ], [ -68.566, -42.999 ], [ -68.566, -42.966 ], [ -68.599, -42.966 ], [ -68.599, -42.933 ], [ -68.599, -42.899 ], [ -68.633, -42.899 ], [ -68.666, -42.899 ], [ -68.666, -42.866 ], [ -68.699, -42.866 ], [ -68.699, -42.833 ], [ -68.733, -42.833 ], [ -68.766, -42.833 ], [ -68.799, -42.833 ], [ -68.833, -42.833 ], [ -68.833, -42.866 ], [ -68.833, -42.899 ], [ -68.866, -42.899 ], [ -68.866, -42.866 ], [ -68.899, -42.866 ], [ -68.933, -42.866 ], [ -68.966, -42.866 ], [ -68.966, -42.899 ], [ -68.933, -42.899 ], [ -68.899, -42.899 ], [ -68.899, -42.933 ], [ -68.933, -42.933 ], [ -68.966, -42.933 ], [ -68.999, -42.933 ], [ -68.999, -42.899 ], [ -68.999, -42.866 ], [ -69.033, -42.866 ], [ -69.033, -42.899 ], [ -69.033, -42.933 ], [ -68.999, -42.933 ], [ -68.999, -42.966 ], [ -68.966, -42.966 ], [ -68.966, -42.999 ], [ -68.933, -42.999 ], [ -68.933, -43.033 ], [ -68.899, -43.033 ], [ -68.899, -43.066 ], [ -68.933, -43.066 ], [ -68.966, -43.066 ], [ -68.999, -43.066 ], [ -69.033, -43.066 ], [ -69.066, -43.066 ], [ -69.066, -43.033 ], [ -69.066, -42.999 ], [ -69.099, -42.999 ], [ -69.133, -42.999 ], [ -69.166, -42.999 ], [ -69.166, -42.966 ], [ -69.133, -42.966 ], [ -69.099, -42.966 ], [ -69.099, -42.933 ], [ -69.099, -42.899 ], [ -69.099, -42.866 ], [ -69.099, -42.833 ], [ -69.133, -42.833 ], [ -69.133, -42.799 ], [ -69.133, -42.766 ], [ -69.099, -42.766 ], [ -69.066, -42.766 ], [ -69.066, -42.799 ], [ -69.033, -42.799 ], [ -68.999, -42.799 ], [ -68.999, -42.766 ], [ -68.966, -42.766 ], [ -68.933, -42.766 ], [ -68.899, -42.766 ], [ -68.899, -42.733 ], [ -68.866, -42.733 ], [ -68.833, -42.733 ], [ -68.799, -42.733 ], [ -68.766, -42.733 ], [ -68.766, -42.766 ], [ -68.733, -42.766 ], [ -68.733, -42.799 ], [ -68.699, -42.799 ], [ -68.699, -42.766 ], [ -68.666, -42.766 ], [ -68.666, -42.799 ], [ -68.633, -42.799 ], [ -68.599, -42.799 ], [ -68.566, -42.799 ], [ -68.566, -42.833 ], [ -68.533, -42.833 ], [ -68.499, -42.833 ], [ -68.499, -42.866 ], [ -68.533, -42.866 ], [ -68.533, -42.899 ], [ -68.499, -42.899 ], [ -68.499, -42.933 ], [ -68.499, -42.966 ], [ -68.466, -42.966 ], [ -68.466, -42.999 ], [ -68.499, -42.999 ], [ -68.499, -43.033 ], [ -68.499, -43.066 ] ] ], [ [ [ -71.933, -42.766 ], [ -71.933, -42.733 ], [ -71.899, -42.733 ], [ -71.899, -42.699 ], [ -71.866, -42.699 ], [ -71.833, -42.699 ], [ -71.833, -42.733 ], [ -71.799, -42.733 ], [ -71.799, -42.766 ], [ -71.766, -42.766 ], [ -71.766, -42.799 ], [ -71.766, -42.833 ], [ -71.799, -42.833 ], [ -71.833, -42.833 ], [ -71.833, -42.799 ], [ -71.866, -42.799 ], [ -71.866, -42.766 ], [ -71.899, -42.766 ], [ -71.933, -42.766 ] ] ], [ [ [ -71.666, -42.733 ], [ -71.699, -42.733 ], [ -71.699, -42.699 ], [ -71.666, -42.699 ], [ -71.666, -42.733 ] ] ], [ [ [ -71.566, -42.699 ], [ -71.566, -42.733 ], [ -71.566, -42.766 ], [ -71.566, -42.799 ], [ -71.599, -42.799 ], [ -71.599, -42.766 ], [ -71.599, -42.733 ], [ -71.599, -42.699 ], [ -71.566, -42.699 ] ] ], [ [ [ -72.160, -42.674 ], [ -72.149, -42.683 ], [ -72.139, -42.682 ], [ -72.133, -42.680 ], [ -72.133, -42.699 ], [ -72.144, -42.711 ], [ -72.145, -42.711 ], [ -72.152, -42.707 ], [ -72.158, -42.706 ], [ -72.165, -42.704 ], [ -72.169, -42.700 ], [ -72.174, -42.696 ], [ -72.175, -42.693 ], [ -72.173, -42.687 ], [ -72.172, -42.684 ], [ -72.167, -42.670 ], [ -72.165, -42.671 ], [ -72.165, -42.671 ], [ -72.165, -42.671 ], [ -72.160, -42.674 ] ] ], [ [ [ -72.066, -42.699 ], [ -72.099, -42.699 ], [ -72.099, -42.666 ], [ -72.066, -42.666 ], [ -72.066, -42.699 ] ] ], [ [ [ -69.833, -42.833 ], [ -69.833, -42.799 ], [ -69.866, -42.799 ], [ -69.866, -42.766 ], [ -69.899, -42.766 ], [ -69.899, -42.733 ], [ -69.933, -42.733 ], [ -69.966, -42.733 ], [ -69.966, -42.766 ], [ -69.999, -42.766 ], [ -69.999, -42.799 ], [ -70.033, -42.799 ], [ -70.066, -42.799 ], [ -70.099, -42.799 ], [ -70.099, -42.833 ], [ -70.066, -42.833 ], [ -70.033, -42.833 ], [ -69.999, -42.833 ], [ -69.999, -42.866 ], [ -70.033, -42.866 ], [ -70.033, -42.899 ], [ -69.999, -42.899 ], [ -69.966, -42.899 ], [ -69.966, -42.866 ], [ -69.933, -42.866 ], [ -69.899, -42.866 ], [ -69.899, -42.833 ], [ -69.866, -42.833 ], [ -69.833, -42.833 ], [ -69.833, -42.866 ], [ -69.799, -42.866 ], [ -69.766, -42.866 ], [ -69.733, -42.866 ], [ -69.699, -42.866 ], [ -69.699, -42.899 ], [ -69.666, -42.899 ], [ -69.633, -42.899 ], [ -69.633, -42.866 ], [ -69.599, -42.866 ], [ -69.599, -42.899 ], [ -69.566, -42.899 ], [ -69.533, -42.899 ], [ -69.533, -42.933 ], [ -69.533, -42.966 ], [ -69.566, -42.966 ], [ -69.566, -42.999 ], [ -69.566, -43.033 ], [ -69.533, -43.033 ], [ -69.499, -43.033 ], [ -69.466, -43.033 ], [ -69.433, -43.033 ], [ -69.399, -43.033 ], [ -69.399, -43.066 ], [ -69.366, -43.066 ], [ -69.366, -43.099 ], [ -69.366, -43.133 ], [ -69.399, -43.133 ], [ -69.399, -43.099 ], [ -69.433, -43.099 ], [ -69.466, -43.099 ], [ -69.466, -43.066 ], [ -69.499, -43.066 ], [ -69.533, -43.066 ], [ -69.566, -43.066 ], [ -69.566, -43.099 ], [ -69.599, -43.099 ], [ -69.599, -43.133 ], [ -69.599, -43.166 ], [ -69.599, -43.199 ], [ -69.599, -43.233 ], [ -69.599, -43.266 ], [ -69.599, -43.299 ], [ -69.599, -43.333 ], [ -69.633, -43.333 ], [ -69.633, -43.366 ], [ -69.599, -43.366 ], [ -69.599, -43.399 ], [ -69.566, -43.399 ], [ -69.566, -43.433 ], [ -69.533, -43.433 ], [ -69.533, -43.466 ], [ -69.533, -43.499 ], [ -69.566, -43.499 ], [ -69.566, -43.533 ], [ -69.566, -43.566 ], [ -69.533, -43.566 ], [ -69.533, -43.599 ], [ -69.533, -43.633 ], [ -69.533, -43.666 ], [ -69.499, -43.666 ], [ -69.499, -43.699 ], [ -69.466, -43.699 ], [ -69.433, -43.699 ], [ -69.433, -43.733 ], [ -69.399, -43.733 ], [ -69.399, -43.699 ], [ -69.433, -43.699 ], [ -69.433, -43.666 ], [ -69.466, -43.666 ], [ -69.466, -43.633 ], [ -69.433, -43.633 ], [ -69.433, -43.599 ], [ -69.433, -43.566 ], [ -69.433, -43.533 ], [ -69.466, -43.533 ], [ -69.466, -43.499 ], [ -69.466, -43.466 ], [ -69.466, -43.433 ], [ -69.433, -43.433 ], [ -69.433, -43.399 ], [ -69.433, -43.366 ], [ -69.466, -43.366 ], [ -69.499, -43.366 ], [ -69.499, -43.333 ], [ -69.466, -43.333 ], [ -69.466, -43.299 ], [ -69.433, -43.299 ], [ -69.399, -43.299 ], [ -69.399, -43.266 ], [ -69.433, -43.266 ], [ -69.433, -43.233 ], [ -69.466, -43.233 ], [ -69.466, -43.199 ], [ -69.433, -43.199 ], [ -69.433, -43.166 ], [ -69.433, -43.133 ], [ -69.399, -43.133 ], [ -69.399, -43.166 ], [ -69.366, -43.166 ], [ -69.366, -43.199 ], [ -69.366, -43.233 ], [ -69.366, -43.266 ], [ -69.333, -43.266 ], [ -69.333, -43.299 ], [ -69.299, -43.299 ], [ -69.299, -43.333 ], [ -69.333, -43.333 ], [ -69.366, -43.333 ], [ -69.399, -43.333 ], [ -69.399, -43.366 ], [ -69.366, -43.366 ], [ -69.333, -43.366 ], [ -69.333, -43.399 ], [ -69.366, -43.399 ], [ -69.366, -43.433 ], [ -69.333, -43.433 ], [ -69.299, -43.433 ], [ -69.299, -43.466 ], [ -69.333, -43.466 ], [ -69.333, -43.499 ], [ -69.366, -43.499 ], [ -69.399, -43.499 ], [ -69.399, -43.533 ], [ -69.366, -43.533 ], [ -69.333, -43.533 ], [ -69.333, -43.566 ], [ -69.299, -43.566 ], [ -69.266, -43.566 ], [ -69.266, -43.599 ], [ -69.233, -43.599 ], [ -69.233, -43.633 ], [ -69.199, -43.633 ], [ -69.199, -43.666 ], [ -69.233, -43.666 ], [ -69.233, -43.699 ], [ -69.266, -43.699 ], [ -69.299, -43.699 ], [ -69.299, -43.733 ], [ -69.266, -43.733 ], [ -69.266, -43.766 ], [ -69.299, -43.766 ], [ -69.333, -43.766 ], [ -69.366, -43.766 ], [ -69.399, -43.766 ], [ -69.433, -43.766 ], [ -69.466, -43.766 ], [ -69.466, -43.799 ], [ -69.499, -43.799 ], [ -69.499, -43.766 ], [ -69.499, -43.733 ], [ -69.533, -43.733 ], [ -69.533, -43.699 ], [ -69.566, -43.699 ], [ -69.566, -43.666 ], [ -69.599, -43.666 ], [ -69.633, -43.666 ], [ -69.633, -43.633 ], [ -69.633, -43.599 ], [ -69.666, -43.599 ], [ -69.666, -43.566 ], [ -69.699, -43.566 ], [ -69.699, -43.533 ], [ -69.699, -43.499 ], [ -69.666, -43.499 ], [ -69.633, -43.499 ], [ -69.633, -43.466 ], [ -69.666, -43.466 ], [ -69.666, -43.433 ], [ -69.666, -43.399 ], [ -69.699, -43.399 ], [ -69.699, -43.366 ], [ -69.699, -43.333 ], [ -69.733, -43.333 ], [ -69.766, -43.333 ], [ -69.766, -43.299 ], [ -69.799, -43.299 ], [ -69.799, -43.266 ], [ -69.833, -43.266 ], [ -69.833, -43.233 ], [ -69.799, -43.233 ], [ -69.799, -43.199 ], [ -69.833, -43.199 ], [ -69.866, -43.199 ], [ -69.899, -43.199 ], [ -69.899, -43.166 ], [ -69.866, -43.166 ], [ -69.866, -43.133 ], [ -69.899, -43.133 ], [ -69.933, -43.133 ], [ -69.966, -43.133 ], [ -69.966, -43.166 ], [ -69.999, -43.166 ], [ -70.033, -43.166 ], [ -70.033, -43.133 ], [ -70.066, -43.133 ], [ -70.066, -43.099 ], [ -70.099, -43.099 ], [ -70.099, -43.066 ], [ -70.099, -43.033 ], [ -70.066, -43.033 ], [ -70.066, -42.999 ], [ -70.066, -42.966 ], [ -70.066, -42.933 ], [ -70.066, -42.899 ], [ -70.066, -42.866 ], [ -70.099, -42.866 ], [ -70.133, -42.866 ], [ -70.133, -42.899 ], [ -70.166, -42.899 ], [ -70.199, -42.899 ], [ -70.233, -42.899 ], [ -70.233, -42.866 ], [ -70.266, -42.866 ], [ -70.299, -42.866 ], [ -70.299, -42.833 ], [ -70.333, -42.833 ], [ -70.366, -42.833 ], [ -70.366, -42.866 ], [ -70.399, -42.866 ], [ -70.433, -42.866 ], [ -70.466, -42.866 ], [ -70.466, -42.833 ], [ -70.499, -42.833 ], [ -70.499, -42.799 ], [ -70.466, -42.799 ], [ -70.433, -42.799 ], [ -70.399, -42.799 ], [ -70.366, -42.799 ], [ -70.366, -42.766 ], [ -70.333, -42.766 ], [ -70.333, -42.733 ], [ -70.299, -42.733 ], [ -70.266, -42.733 ], [ -70.266, -42.699 ], [ -70.233, -42.699 ], [ -70.233, -42.733 ], [ -70.233, -42.766 ], [ -70.199, -42.766 ], [ -70.166, -42.766 ], [ -70.133, -42.766 ], [ -70.099, -42.766 ], [ -70.099, -42.733 ], [ -70.066, -42.733 ], [ -70.033, -42.733 ], [ -69.999, -42.733 ], [ -69.999, -42.699 ], [ -69.966, -42.699 ], [ -69.933, -42.699 ], [ -69.933, -42.666 ], [ -69.899, -42.666 ], [ -69.899, -42.699 ], [ -69.866, -42.699 ], [ -69.833, -42.699 ], [ -69.833, -42.733 ], [ -69.833, -42.766 ], [ -69.799, -42.766 ], [ -69.799, -42.799 ], [ -69.799, -42.833 ], [ -69.833, -42.833 ] ], [ [ -69.799, -42.999 ], [ -69.799, -43.033 ], [ -69.766, -43.033 ], [ -69.733, -43.033 ], [ -69.699, -43.033 ], [ -69.699, -42.999 ], [ -69.699, -42.966 ], [ -69.699, -42.933 ], [ -69.733, -42.933 ], [ -69.733, -42.899 ], [ -69.766, -42.899 ], [ -69.799, -42.899 ], [ -69.799, -42.933 ], [ -69.799, -42.966 ], [ -69.799, -42.999 ] ], [ [ -69.666, -42.933 ], [ -69.666, -42.966 ], [ -69.633, -42.966 ], [ -69.599, -42.966 ], [ -69.599, -42.933 ], [ -69.633, -42.933 ], [ -69.666, -42.933 ] ], [ [ -69.766, -43.199 ], [ -69.766, -43.233 ], [ -69.766, -43.266 ], [ -69.733, -43.266 ], [ -69.733, -43.233 ], [ -69.733, -43.199 ], [ -69.766, -43.199 ] ] ], [ [ [ -71.966, -42.633 ], [ -71.966, -42.666 ], [ -71.933, -42.666 ], [ -71.933, -42.699 ], [ -71.966, -42.699 ], [ -71.999, -42.699 ], [ -72.033, -42.699 ], [ -72.033, -42.666 ], [ -71.999, -42.666 ], [ -71.999, -42.633 ], [ -71.966, -42.633 ] ] ], [ [ [ -71.833, -42.633 ], [ -71.799, -42.633 ], [ -71.799, -42.666 ], [ -71.833, -42.666 ], [ -71.833, -42.633 ] ] ], [ [ [ -71.733, -42.666 ], [ -71.766, -42.666 ], [ -71.766, -42.633 ], [ -71.733, -42.633 ], [ -71.699, -42.633 ], [ -71.699, -42.666 ], [ -71.733, -42.666 ] ] ], [ [ [ -71.566, -42.666 ], [ -71.599, -42.666 ], [ -71.633, -42.666 ], [ -71.633, -42.633 ], [ -71.599, -42.633 ], [ -71.566, -42.633 ], [ -71.566, -42.666 ] ] ], [ [ [ -71.833, -42.633 ], [ -71.866, -42.633 ], [ -71.866, -42.599 ], [ -71.833, -42.599 ], [ -71.833, -42.633 ] ] ], [ [ [ -68.899, -42.633 ], [ -68.933, -42.633 ], [ -68.933, -42.599 ], [ -68.899, -42.599 ], [ -68.899, -42.633 ] ] ], [ [ [ -72.033, -42.599 ], [ -72.033, -42.633 ], [ -72.066, -42.633 ], [ -72.107, -42.633 ], [ -72.108, -42.630 ], [ -72.109, -42.621 ], [ -72.108, -42.615 ], [ -72.104, -42.609 ], [ -72.100, -42.604 ], [ -72.096, -42.600 ], [ -72.093, -42.595 ], [ -72.090, -42.589 ], [ -72.089, -42.583 ], [ -72.086, -42.580 ], [ -72.081, -42.576 ], [ -72.074, -42.574 ], [ -72.067, -42.573 ], [ -72.066, -42.573 ], [ -72.066, -42.599 ], [ -72.033, -42.599 ] ] ], [ [ [ -71.399, -42.733 ], [ -71.399, -42.699 ], [ -71.433, -42.699 ], [ -71.433, -42.666 ], [ -71.466, -42.666 ], [ -71.466, -42.699 ], [ -71.466, -42.733 ], [ -71.433, -42.733 ], [ -71.399, -42.733 ], [ -71.399, -42.766 ], [ -71.433, -42.766 ], [ -71.433, -42.799 ], [ -71.433, -42.833 ], [ -71.466, -42.833 ], [ -71.466, -42.799 ], [ -71.466, -42.766 ], [ -71.499, -42.766 ], [ -71.499, -42.733 ], [ -71.499, -42.699 ], [ -71.533, -42.699 ], [ -71.566, -42.699 ], [ -71.566, -42.666 ], [ -71.533, -42.666 ], [ -71.533, -42.633 ], [ -71.566, -42.633 ], [ -71.566, -42.599 ], [ -71.533, -42.599 ], [ -71.499, -42.599 ], [ -71.499, -42.633 ], [ -71.466, -42.633 ], [ -71.466, -42.599 ], [ -71.433, -42.599 ], [ -71.433, -42.566 ], [ -71.399, -42.566 ], [ -71.366, -42.566 ], [ -71.366, -42.599 ], [ -71.399, -42.599 ], [ -71.399, -42.633 ], [ -71.366, -42.633 ], [ -71.333, -42.633 ], [ -71.333, -42.666 ], [ -71.333, -42.699 ], [ -71.333, -42.733 ], [ -71.333, -42.766 ], [ -71.333, -42.799 ], [ -71.333, -42.833 ], [ -71.366, -42.833 ], [ -71.366, -42.799 ], [ -71.366, -42.766 ], [ -71.366, -42.733 ], [ -71.399, -42.733 ] ] ], [ [ [ -71.133, -42.599 ], [ -71.133, -42.633 ], [ -71.099, -42.633 ], [ -71.099, -42.666 ], [ -71.066, -42.666 ], [ -71.033, -42.666 ], [ -71.033, -42.699 ], [ -71.066, -42.699 ], [ -71.066, -42.733 ], [ -71.099, -42.733 ], [ -71.099, -42.766 ], [ -71.066, -42.766 ], [ -71.066, -42.799 ], [ -71.099, -42.799 ], [ -71.133, -42.799 ], [ -71.133, -42.833 ], [ -71.133, -42.866 ], [ -71.133, -42.899 ], [ -71.166, -42.899 ], [ -71.166, -42.866 ], [ -71.166, -42.833 ], [ -71.199, -42.833 ], [ -71.199, -42.799 ], [ -71.199, -42.766 ], [ -71.166, -42.766 ], [ -71.166, -42.733 ], [ -71.133, -42.733 ], [ -71.133, -42.699 ], [ -71.133, -42.666 ], [ -71.166, -42.666 ], [ -71.199, -42.666 ], [ -71.233, -42.666 ], [ -71.266, -42.666 ], [ -71.266, -42.633 ], [ -71.266, -42.599 ], [ -71.233, -42.599 ], [ -71.199, -42.599 ], [ -71.166, -42.599 ], [ -71.166, -42.566 ], [ -71.133, -42.566 ], [ -71.133, -42.599 ] ] ], [ [ [ -70.866, -42.566 ], [ -70.833, -42.566 ], [ -70.799, -42.566 ], [ -70.799, -42.599 ], [ -70.833, -42.599 ], [ -70.866, -42.599 ], [ -70.866, -42.566 ] ] ], [ [ [ -70.199, -42.566 ], [ -70.166, -42.566 ], [ -70.133, -42.566 ], [ -70.133, -42.599 ], [ -70.166, -42.599 ], [ -70.199, -42.599 ], [ -70.199, -42.566 ] ] ], [ [ [ -71.833, -42.566 ], [ -71.866, -42.566 ], [ -71.899, -42.566 ], [ -71.899, -42.599 ], [ -71.933, -42.599 ], [ -71.933, -42.566 ], [ -71.966, -42.566 ], [ -71.966, -42.533 ], [ -71.933, -42.533 ], [ -71.899, -42.533 ], [ -71.866, -42.533 ], [ -71.833, -42.533 ], [ -71.833, -42.566 ] ] ], [ [ [ -71.833, -42.599 ], [ -71.833, -42.566 ], [ -71.799, -42.566 ], [ -71.799, -42.533 ], [ -71.766, -42.533 ], [ -71.766, -42.566 ], [ -71.766, -42.599 ], [ -71.799, -42.599 ], [ -71.833, -42.599 ] ] ], [ [ [ -71.666, -42.599 ], [ -71.699, -42.599 ], [ -71.699, -42.566 ], [ -71.699, -42.533 ], [ -71.666, -42.533 ], [ -71.666, -42.566 ], [ -71.666, -42.599 ] ] ], [ [ [ -71.799, -42.533 ], [ -71.833, -42.533 ], [ -71.833, -42.499 ], [ -71.799, -42.499 ], [ -71.799, -42.533 ] ] ], [ [ [ -71.766, -42.533 ], [ -71.766, -42.499 ], [ -71.733, -42.499 ], [ -71.733, -42.533 ], [ -71.766, -42.533 ] ] ], [ [ [ -71.633, -42.499 ], [ -71.599, -42.499 ], [ -71.599, -42.533 ], [ -71.633, -42.533 ], [ -71.633, -42.499 ] ] ], [ [ [ -71.133, -42.533 ], [ -71.166, -42.533 ], [ -71.166, -42.499 ], [ -71.133, -42.499 ], [ -71.133, -42.533 ] ] ], [ [ [ -71.633, -42.499 ], [ -71.666, -42.499 ], [ -71.666, -42.466 ], [ -71.633, -42.466 ], [ -71.633, -42.499 ] ] ], [ [ [ -71.966, -42.533 ], [ -71.999, -42.533 ], [ -71.999, -42.566 ], [ -71.999, -42.599 ], [ -72.033, -42.599 ], [ -72.033, -42.566 ], [ -72.033, -42.533 ], [ -72.035, -42.531 ], [ -72.031, -42.525 ], [ -72.029, -42.520 ], [ -72.027, -42.514 ], [ -72.028, -42.508 ], [ -72.027, -42.500 ], [ -72.027, -42.499 ], [ -71.999, -42.499 ], [ -71.999, -42.466 ], [ -71.999, -42.433 ], [ -71.966, -42.433 ], [ -71.966, -42.466 ], [ -71.933, -42.466 ], [ -71.933, -42.499 ], [ -71.966, -42.499 ], [ -71.966, -42.533 ] ] ], [ [ [ -71.866, -42.466 ], [ -71.899, -42.466 ], [ -71.899, -42.433 ], [ -71.866, -42.433 ], [ -71.833, -42.433 ], [ -71.833, -42.466 ], [ -71.866, -42.466 ] ] ], [ [ [ -71.366, -42.566 ], [ -71.366, -42.533 ], [ -71.333, -42.533 ], [ -71.333, -42.499 ], [ -71.299, -42.499 ], [ -71.299, -42.466 ], [ -71.266, -42.466 ], [ -71.266, -42.433 ], [ -71.233, -42.433 ], [ -71.233, -42.466 ], [ -71.233, -42.499 ], [ -71.266, -42.499 ], [ -71.266, -42.533 ], [ -71.266, -42.566 ], [ -71.299, -42.566 ], [ -71.333, -42.566 ], [ -71.366, -42.566 ] ] ], [ [ [ -71.133, -42.466 ], [ -71.166, -42.466 ], [ -71.166, -42.433 ], [ -71.133, -42.433 ], [ -71.133, -42.466 ] ] ], [ [ [ -70.433, -42.433 ], [ -70.433, -42.466 ], [ -70.399, -42.466 ], [ -70.399, -42.499 ], [ -70.433, -42.499 ], [ -70.466, -42.499 ], [ -70.466, -42.466 ], [ -70.466, -42.433 ], [ -70.433, -42.433 ] ] ], [ [ [ -71.233, -42.433 ], [ -71.233, -42.399 ], [ -71.199, -42.399 ], [ -71.199, -42.433 ], [ -71.233, -42.433 ] ] ], [ [ [ -71.866, -42.366 ], [ -71.866, -42.399 ], [ -71.899, -42.399 ], [ -71.899, -42.366 ], [ -71.866, -42.366 ] ] ], [ [ [ -71.666, -42.366 ], [ -71.666, -42.399 ], [ -71.666, -42.433 ], [ -71.699, -42.433 ], [ -71.699, -42.399 ], [ -71.699, -42.366 ], [ -71.666, -42.366 ] ] ], [ [ [ -71.599, -42.433 ], [ -71.633, -42.433 ], [ -71.633, -42.399 ], [ -71.599, -42.399 ], [ -71.566, -42.399 ], [ -71.566, -42.366 ], [ -71.533, -42.366 ], [ -71.533, -42.399 ], [ -71.533, -42.433 ], [ -71.566, -42.433 ], [ -71.599, -42.433 ] ] ], [ [ [ -71.199, -42.399 ], [ -71.199, -42.366 ], [ -71.166, -42.366 ], [ -71.166, -42.399 ], [ -71.199, -42.399 ] ] ], [ [ [ -70.899, -42.399 ], [ -70.933, -42.399 ], [ -70.933, -42.433 ], [ -70.899, -42.433 ], [ -70.899, -42.399 ], [ -70.866, -42.399 ], [ -70.866, -42.433 ], [ -70.866, -42.466 ], [ -70.899, -42.466 ], [ -70.899, -42.499 ], [ -70.899, -42.533 ], [ -70.866, -42.533 ], [ -70.866, -42.566 ], [ -70.899, -42.566 ], [ -70.933, -42.566 ], [ -70.966, -42.566 ], [ -70.999, -42.566 ], [ -70.999, -42.533 ], [ -70.999, -42.499 ], [ -70.999, -42.466 ], [ -70.999, -42.433 ], [ -70.966, -42.433 ], [ -70.966, -42.399 ], [ -70.966, -42.366 ], [ -70.933, -42.366 ], [ -70.899, -42.366 ], [ -70.899, -42.399 ] ] ], [ [ [ -70.966, -42.499 ], [ -70.966, -42.533 ], [ -70.933, -42.533 ], [ -70.933, -42.499 ], [ -70.933, -42.466 ], [ -70.966, -42.466 ], [ -70.966, -42.499 ] ] ], [ [ [ -72.066, -42.366 ], [ -72.066, -42.392 ], [ -72.067, -42.391 ], [ -72.070, -42.389 ], [ -72.073, -42.386 ], [ -72.076, -42.385 ], [ -72.079, -42.386 ], [ -72.081, -42.390 ], [ -72.086, -42.394 ], [ -72.093, -42.396 ], [ -72.099, -42.397 ], [ -72.099, -42.366 ], [ -72.099, -42.333 ], [ -72.066, -42.333 ], [ -72.066, -42.366 ] ] ], [ [ [ -71.866, -42.366 ], [ -71.866, -42.333 ], [ -71.833, -42.333 ], [ -71.799, -42.333 ], [ -71.766, -42.333 ], [ -71.766, -42.366 ], [ -71.799, -42.366 ], [ -71.799, -42.399 ], [ -71.833, -42.399 ], [ -71.833, -42.366 ], [ -71.866, -42.366 ] ] ], [ [ [ -71.433, -42.366 ], [ -71.466, -42.366 ], [ -71.466, -42.333 ], [ -71.433, -42.333 ], [ -71.433, -42.366 ] ] ], [ [ [ -71.966, -42.399 ], [ -71.999, -42.399 ], [ -71.999, -42.366 ], [ -71.999, -42.333 ], [ -71.999, -42.299 ], [ -71.966, -42.299 ], [ -71.933, -42.299 ], [ -71.933, -42.333 ], [ -71.966, -42.333 ], [ -71.966, -42.366 ], [ -71.966, -42.399 ] ] ], [ [ [ -71.699, -42.333 ], [ -71.733, -42.333 ], [ -71.733, -42.299 ], [ -71.699, -42.299 ], [ -71.699, -42.333 ] ] ], [ [ [ -71.533, -42.299 ], [ -71.499, -42.299 ], [ -71.499, -42.333 ], [ -71.533, -42.333 ], [ -71.533, -42.299 ] ] ], [ [ [ -70.799, -42.333 ], [ -70.833, -42.333 ], [ -70.833, -42.299 ], [ -70.799, -42.299 ], [ -70.799, -42.333 ] ] ], [ [ [ -71.499, -42.299 ], [ -71.499, -42.266 ], [ -71.466, -42.266 ], [ -71.433, -42.266 ], [ -71.433, -42.299 ], [ -71.466, -42.299 ], [ -71.499, -42.299 ] ] ], [ [ [ -71.033, -42.299 ], [ -71.066, -42.299 ], [ -71.066, -42.266 ], [ -71.033, -42.266 ], [ -71.033, -42.299 ] ] ], [ [ [ -66.766, -42.266 ], [ -66.766, -42.299 ], [ -66.733, -42.299 ], [ -66.733, -42.333 ], [ -66.766, -42.333 ], [ -66.799, -42.333 ], [ -66.833, -42.333 ], [ -66.833, -42.299 ], [ -66.799, -42.299 ], [ -66.799, -42.266 ], [ -66.766, -42.266 ] ] ], [ [ [ -72.099, -42.299 ], [ -72.129, -42.299 ], [ -72.132, -42.296 ], [ -72.137, -42.290 ], [ -72.143, -42.284 ], [ -72.147, -42.280 ], [ -72.133, -42.266 ], [ -72.133, -42.233 ], [ -72.099, -42.233 ], [ -72.099, -42.266 ], [ -72.099, -42.299 ] ] ], [ [ [ -72.033, -42.266 ], [ -72.066, -42.266 ], [ -72.066, -42.233 ], [ -72.033, -42.233 ], [ -72.033, -42.266 ] ] ], [ [ [ -71.933, -42.266 ], [ -71.966, -42.266 ], [ -71.966, -42.233 ], [ -71.933, -42.233 ], [ -71.899, -42.233 ], [ -71.866, -42.233 ], [ -71.833, -42.233 ], [ -71.799, -42.233 ], [ -71.766, -42.233 ], [ -71.766, -42.266 ], [ -71.799, -42.266 ], [ -71.833, -42.266 ], [ -71.866, -42.266 ], [ -71.899, -42.266 ], [ -71.933, -42.266 ] ] ], [ [ [ -71.499, -42.266 ], [ -71.533, -42.266 ], [ -71.533, -42.233 ], [ -71.499, -42.233 ], [ -71.499, -42.266 ] ] ], [ [ [ -71.533, -42.266 ], [ -71.533, -42.299 ], [ -71.566, -42.299 ], [ -71.566, -42.333 ], [ -71.599, -42.333 ], [ -71.633, -42.333 ], [ -71.633, -42.366 ], [ -71.666, -42.366 ], [ -71.666, -42.333 ], [ -71.666, -42.299 ], [ -71.633, -42.299 ], [ -71.599, -42.299 ], [ -71.599, -42.266 ], [ -71.599, -42.233 ], [ -71.599, -42.199 ], [ -71.566, -42.199 ], [ -71.566, -42.233 ], [ -71.566, -42.266 ], [ -71.533, -42.266 ] ] ], [ [ [ -71.033, -42.199 ], [ -71.033, -42.233 ], [ -71.066, -42.233 ], [ -71.066, -42.199 ], [ -71.033, -42.199 ] ] ], [ [ [ -72.133, -42.199 ], [ -72.155, -42.199 ], [ -72.155, -42.199 ], [ -72.156, -42.196 ], [ -72.158, -42.193 ], [ -72.162, -42.191 ], [ -72.166, -42.189 ], [ -72.172, -42.186 ], [ -72.178, -42.182 ], [ -72.182, -42.179 ], [ -72.185, -42.176 ], [ -72.186, -42.172 ], [ -72.187, -42.169 ], [ -72.187, -42.166 ], [ -72.133, -42.166 ], [ -72.099, -42.166 ], [ -72.099, -42.199 ], [ -72.133, -42.199 ] ] ], [ [ [ -71.466, -42.166 ], [ -71.433, -42.166 ], [ -71.433, -42.199 ], [ -71.466, -42.199 ], [ -71.466, -42.166 ] ] ], [ [ [ -71.033, -42.199 ], [ -71.033, -42.166 ], [ -70.999, -42.166 ], [ -70.999, -42.199 ], [ -71.033, -42.199 ] ] ], [ [ [ -71.466, -42.166 ], [ -71.499, -42.166 ], [ -71.499, -42.133 ], [ -71.466, -42.133 ], [ -71.466, -42.166 ] ] ], [ [ [ -71.766, -42.129 ], [ -71.766, -42.166 ], [ -71.799, -42.166 ], [ -71.799, -42.199 ], [ -71.833, -42.199 ], [ -71.866, -42.199 ], [ -71.899, -42.199 ], [ -71.912, -42.187 ], [ -71.908, -42.185 ], [ -71.904, -42.182 ], [ -71.899, -42.181 ], [ -71.895, -42.180 ], [ -71.893, -42.177 ], [ -71.888, -42.174 ], [ -71.883, -42.170 ], [ -71.879, -42.166 ], [ -71.880, -42.163 ], [ -71.879, -42.160 ], [ -71.877, -42.157 ], [ -71.874, -42.154 ], [ -71.869, -42.155 ], [ -71.864, -42.156 ], [ -71.860, -42.159 ], [ -71.858, -42.158 ], [ -71.853, -42.156 ], [ -71.848, -42.154 ], [ -71.844, -42.154 ], [ -71.842, -42.156 ], [ -71.841, -42.159 ], [ -71.839, -42.161 ], [ -71.835, -42.162 ], [ -71.830, -42.161 ], [ -71.827, -42.159 ], [ -71.822, -42.158 ], [ -71.816, -42.156 ], [ -71.812, -42.153 ], [ -71.809, -42.150 ], [ -71.806, -42.146 ], [ -71.803, -42.145 ], [ -71.799, -42.145 ], [ -71.795, -42.146 ], [ -71.791, -42.148 ], [ -71.788, -42.149 ], [ -71.783, -42.148 ], [ -71.780, -42.147 ], [ -71.778, -42.144 ], [ -71.776, -42.142 ], [ -71.778, -42.139 ], [ -71.775, -42.136 ], [ -71.774, -42.134 ], [ -71.775, -42.131 ], [ -71.776, -42.130 ], [ -71.769, -42.128 ], [ -71.766, -42.129 ] ] ], [ [ [ -72.008, -42.137 ], [ -72.000, -42.140 ], [ -71.993, -42.140 ], [ -71.990, -42.140 ], [ -71.986, -42.138 ], [ -71.983, -42.139 ], [ -71.978, -42.142 ], [ -71.973, -42.143 ], [ -71.970, -42.144 ], [ -71.967, -42.142 ], [ -71.964, -42.139 ], [ -71.962, -42.139 ], [ -71.957, -42.141 ], [ -71.955, -42.143 ], [ -71.954, -42.146 ], [ -71.955, -42.149 ], [ -71.957, -42.151 ], [ -71.956, -42.153 ], [ -71.955, -42.155 ], [ -71.966, -42.166 ], [ -71.999, -42.166 ], [ -71.999, -42.199 ], [ -72.033, -42.199 ], [ -72.066, -42.199 ], [ -72.066, -42.166 ], [ -72.033, -42.166 ], [ -72.033, -42.133 ], [ -72.024, -42.124 ], [ -72.023, -42.124 ], [ -72.022, -42.128 ], [ -72.017, -42.130 ], [ -72.013, -42.131 ], [ -72.010, -42.132 ], [ -72.010, -42.135 ], [ -72.008, -42.137 ] ] ], [ [ [ -71.299, -42.133 ], [ -71.299, -42.166 ], [ -71.333, -42.166 ], [ -71.333, -42.133 ], [ -71.366, -42.133 ], [ -71.366, -42.099 ], [ -71.333, -42.099 ], [ -71.299, -42.099 ], [ -71.266, -42.099 ], [ -71.266, -42.133 ], [ -71.299, -42.133 ] ] ], [ [ [ -69.799, -42.066 ], [ -69.799, -42.099 ], [ -69.766, -42.099 ], [ -69.733, -42.099 ], [ -69.733, -42.133 ], [ -69.733, -42.166 ], [ -69.766, -42.166 ], [ -69.799, -42.166 ], [ -69.799, -42.133 ], [ -69.833, -42.133 ], [ -69.833, -42.099 ], [ -69.866, -42.099 ], [ -69.866, -42.066 ], [ -69.833, -42.066 ], [ -69.799, -42.066 ] ] ], [ [ [ -71.399, -42.033 ], [ -71.399, -42.066 ], [ -71.433, -42.066 ], [ -71.433, -42.033 ], [ -71.399, -42.033 ] ] ], [ [ [ -71.299, -42.066 ], [ -71.333, -42.066 ], [ -71.333, -42.033 ], [ -71.299, -42.033 ], [ -71.266, -42.033 ], [ -71.266, -42.066 ], [ -71.299, -42.066 ] ] ], [ [ [ -71.399, -42.033 ], [ -71.399, -41.999 ], [ -71.366, -41.999 ], [ -71.366, -42.033 ], [ -71.399, -42.033 ] ] ], [ [ [ -71.033, -41.999 ], [ -71.033, -42.033 ], [ -71.033, -42.066 ], [ -71.066, -42.066 ], [ -71.066, -42.099 ], [ -71.066, -42.133 ], [ -71.099, -42.133 ], [ -71.133, -42.133 ], [ -71.133, -42.099 ], [ -71.133, -42.066 ], [ -71.099, -42.066 ], [ -71.099, -42.033 ], [ -71.066, -42.033 ], [ -71.066, -41.999 ], [ -71.033, -41.999 ] ] ], [ [ [ -69.433, -42.033 ], [ -69.433, -41.999 ], [ -69.399, -41.999 ], [ -69.399, -42.033 ], [ -69.433, -42.033 ] ] ], [ [ [ -71.399, -41.999 ], [ -71.433, -41.999 ], [ -71.433, -41.966 ], [ -71.399, -41.966 ], [ -71.399, -41.999 ] ] ], [ [ [ -71.633, -41.999 ], [ -71.666, -41.999 ], [ -71.666, -41.966 ], [ -71.666, -41.933 ], [ -71.633, -41.933 ], [ -71.633, -41.966 ], [ -71.633, -41.999 ] ] ], [ [ [ -71.433, -41.966 ], [ -71.466, -41.966 ], [ -71.466, -41.933 ], [ -71.433, -41.933 ], [ -71.433, -41.966 ] ] ], [ [ [ -71.033, -41.999 ], [ -71.033, -41.966 ], [ -71.033, -41.933 ], [ -70.999, -41.933 ], [ -70.999, -41.966 ], [ -70.999, -41.999 ], [ -71.033, -41.999 ] ] ], [ [ [ -71.599, -41.899 ], [ -71.633, -41.899 ], [ -71.633, -41.866 ], [ -71.599, -41.866 ], [ -71.599, -41.899 ] ] ], [ [ [ -71.366, -41.833 ], [ -71.333, -41.833 ], [ -71.333, -41.866 ], [ -71.333, -41.899 ], [ -71.366, -41.899 ], [ -71.366, -41.866 ], [ -71.366, -41.833 ] ] ], [ [ [ -71.766, -41.866 ], [ -71.766, -41.899 ], [ -71.733, -41.899 ], [ -71.733, -41.866 ], [ -71.699, -41.866 ], [ -71.666, -41.866 ], [ -71.666, -41.899 ], [ -71.699, -41.899 ], [ -71.699, -41.933 ], [ -71.733, -41.933 ], [ -71.733, -41.966 ], [ -71.733, -41.999 ], [ -71.699, -41.999 ], [ -71.699, -42.033 ], [ -71.666, -42.033 ], [ -71.666, -42.066 ], [ -71.699, -42.066 ], [ -71.723, -42.066 ], [ -71.722, -42.066 ], [ -71.722, -42.063 ], [ -71.724, -42.061 ], [ -71.725, -42.058 ], [ -71.725, -42.055 ], [ -71.726, -42.051 ], [ -71.727, -42.049 ], [ -71.728, -42.046 ], [ -71.731, -42.044 ], [ -71.734, -42.043 ], [ -71.738, -42.041 ], [ -71.741, -42.039 ], [ -71.744, -42.038 ], [ -71.748, -42.037 ], [ -71.753, -42.035 ], [ -71.754, -42.032 ], [ -71.755, -42.029 ], [ -71.754, -42.025 ], [ -71.756, -42.021 ], [ -71.758, -42.017 ], [ -71.760, -42.014 ], [ -71.763, -42.012 ], [ -71.766, -42.011 ], [ -71.771, -42.008 ], [ -71.773, -42.006 ], [ -71.774, -42.003 ], [ -71.773, -42.000 ], [ -71.776, -41.997 ], [ -71.777, -41.993 ], [ -71.778, -41.990 ], [ -71.778, -41.986 ], [ -71.779, -41.982 ], [ -71.782, -41.979 ], [ -71.784, -41.976 ], [ -71.787, -41.972 ], [ -71.789, -41.970 ], [ -71.789, -41.967 ], [ -71.791, -41.965 ], [ -71.793, -41.962 ], [ -71.793, -41.959 ], [ -71.793, -41.957 ], [ -71.792, -41.954 ], [ -71.793, -41.949 ], [ -71.793, -41.948 ], [ -71.792, -41.945 ], [ -71.789, -41.944 ], [ -71.786, -41.943 ], [ -71.784, -41.944 ], [ -71.781, -41.945 ], [ -71.779, -41.946 ], [ -71.776, -41.948 ], [ -71.774, -41.948 ], [ -71.772, -41.947 ], [ -71.771, -41.944 ], [ -71.772, -41.942 ], [ -71.773, -41.940 ], [ -71.773, -41.937 ], [ -71.773, -41.934 ], [ -71.773, -41.932 ], [ -71.772, -41.928 ], [ -71.773, -41.924 ], [ -71.775, -41.921 ], [ -71.775, -41.918 ], [ -71.774, -41.915 ], [ -71.773, -41.911 ], [ -71.774, -41.907 ], [ -71.777, -41.904 ], [ -71.781, -41.900 ], [ -71.782, -41.897 ], [ -71.783, -41.895 ], [ -71.787, -41.892 ], [ -71.789, -41.889 ], [ -71.787, -41.885 ], [ -71.789, -41.879 ], [ -71.790, -41.877 ], [ -71.791, -41.872 ], [ -71.791, -41.867 ], [ -71.790, -41.863 ], [ -71.790, -41.859 ], [ -71.791, -41.854 ], [ -71.791, -41.851 ], [ -71.793, -41.849 ], [ -71.794, -41.846 ], [ -71.796, -41.843 ], [ -71.796, -41.841 ], [ -71.794, -41.838 ], [ -71.794, -41.835 ], [ -71.792, -41.832 ], [ -71.789, -41.831 ], [ -71.782, -41.830 ], [ -71.770, -41.829 ], [ -71.766, -41.833 ], [ -71.766, -41.866 ] ] ], [ [ [ -71.366, -41.833 ], [ -71.399, -41.833 ], [ -71.399, -41.799 ], [ -71.366, -41.799 ], [ -71.366, -41.833 ] ] ], [ [ [ -71.299, -41.833 ], [ -71.266, -41.833 ], [ -71.266, -41.799 ], [ -71.233, -41.799 ], [ -71.233, -41.833 ], [ -71.233, -41.866 ], [ -71.233, -41.899 ], [ -71.233, -41.933 ], [ -71.266, -41.933 ], [ -71.266, -41.899 ], [ -71.299, -41.899 ], [ -71.299, -41.866 ], [ -71.299, -41.833 ] ] ], [ [ [ -70.533, -41.766 ], [ -70.533, -41.799 ], [ -70.499, -41.799 ], [ -70.499, -41.833 ], [ -70.466, -41.833 ], [ -70.466, -41.866 ], [ -70.466, -41.899 ], [ -70.466, -41.933 ], [ -70.499, -41.933 ], [ -70.499, -41.966 ], [ -70.499, -41.999 ], [ -70.533, -41.999 ], [ -70.566, -41.999 ], [ -70.566, -41.966 ], [ -70.566, -41.933 ], [ -70.566, -41.899 ], [ -70.599, -41.899 ], [ -70.633, -41.899 ], [ -70.633, -41.866 ], [ -70.599, -41.866 ], [ -70.599, -41.833 ], [ -70.599, -41.799 ], [ -70.566, -41.799 ], [ -70.566, -41.766 ], [ -70.533, -41.766 ] ] ], [ [ [ -71.766, -41.733 ], [ -71.766, -41.766 ], [ -71.733, -41.766 ], [ -71.733, -41.799 ], [ -71.770, -41.799 ], [ -71.772, -41.797 ], [ -71.774, -41.794 ], [ -71.772, -41.791 ], [ -71.769, -41.788 ], [ -71.766, -41.787 ], [ -71.763, -41.786 ], [ -71.761, -41.785 ], [ -71.762, -41.784 ], [ -71.763, -41.782 ], [ -71.765, -41.781 ], [ -71.765, -41.778 ], [ -71.768, -41.773 ], [ -71.771, -41.772 ], [ -71.775, -41.768 ], [ -71.776, -41.766 ], [ -71.776, -41.763 ], [ -71.775, -41.761 ], [ -71.775, -41.759 ], [ -71.777, -41.756 ], [ -71.780, -41.754 ], [ -71.783, -41.752 ], [ -71.784, -41.750 ], [ -71.783, -41.747 ], [ -71.784, -41.742 ], [ -71.785, -41.740 ], [ -71.785, -41.737 ], [ -71.784, -41.735 ], [ -71.788, -41.733 ], [ -71.788, -41.733 ], [ -71.766, -41.733 ] ] ], [ [ [ -71.666, -41.799 ], [ -71.699, -41.799 ], [ -71.699, -41.766 ], [ -71.699, -41.733 ], [ -71.666, -41.733 ], [ -71.666, -41.766 ], [ -71.666, -41.799 ] ] ], [ [ [ -71.599, -41.799 ], [ -71.633, -41.799 ], [ -71.633, -41.766 ], [ -71.633, -41.733 ], [ -71.599, -41.733 ], [ -71.599, -41.766 ], [ -71.599, -41.799 ] ] ], [ [ [ -71.233, -41.799 ], [ -71.233, -41.766 ], [ -71.199, -41.766 ], [ -71.199, -41.733 ], [ -71.199, -41.699 ], [ -71.166, -41.699 ], [ -71.166, -41.733 ], [ -71.166, -41.766 ], [ -71.166, -41.799 ], [ -71.199, -41.799 ], [ -71.233, -41.799 ] ] ], [ [ [ -66.399, -41.733 ], [ -66.433, -41.733 ], [ -66.433, -41.699 ], [ -66.399, -41.699 ], [ -66.399, -41.733 ] ] ], [ [ [ -71.266, -41.799 ], [ -71.299, -41.799 ], [ -71.299, -41.833 ], [ -71.333, -41.833 ], [ -71.333, -41.799 ], [ -71.333, -41.766 ], [ -71.366, -41.766 ], [ -71.399, -41.766 ], [ -71.399, -41.733 ], [ -71.399, -41.699 ], [ -71.366, -41.699 ], [ -71.366, -41.733 ], [ -71.333, -41.733 ], [ -71.333, -41.699 ], [ -71.333, -41.666 ], [ -71.299, -41.666 ], [ -71.299, -41.699 ], [ -71.266, -41.699 ], [ -71.233, -41.699 ], [ -71.233, -41.733 ], [ -71.266, -41.733 ], [ -71.266, -41.766 ], [ -71.266, -41.799 ] ] ], [ [ [ -71.699, -41.666 ], [ -71.733, -41.666 ], [ -71.733, -41.633 ], [ -71.699, -41.633 ], [ -71.699, -41.666 ] ] ], [ [ [ -71.299, -41.666 ], [ -71.299, -41.633 ], [ -71.266, -41.633 ], [ -71.266, -41.666 ], [ -71.299, -41.666 ] ] ], [ [ [ -71.099, -41.633 ], [ -71.066, -41.633 ], [ -71.066, -41.666 ], [ -71.066, -41.699 ], [ -71.099, -41.699 ], [ -71.099, -41.666 ], [ -71.099, -41.633 ] ] ], [ [ [ -71.099, -41.633 ], [ -71.133, -41.633 ], [ -71.133, -41.666 ], [ -71.166, -41.666 ], [ -71.199, -41.666 ], [ -71.199, -41.633 ], [ -71.166, -41.633 ], [ -71.166, -41.599 ], [ -71.199, -41.599 ], [ -71.199, -41.633 ], [ -71.233, -41.633 ], [ -71.266, -41.633 ], [ -71.266, -41.599 ], [ -71.233, -41.599 ], [ -71.233, -41.566 ], [ -71.199, -41.566 ], [ -71.199, -41.533 ], [ -71.199, -41.499 ], [ -71.166, -41.499 ], [ -71.133, -41.499 ], [ -71.133, -41.533 ], [ -71.133, -41.566 ], [ -71.133, -41.599 ], [ -71.099, -41.599 ], [ -71.099, -41.633 ] ] ], [ [ [ -70.899, -41.566 ], [ -70.933, -41.566 ], [ -70.966, -41.566 ], [ -70.999, -41.566 ], [ -70.999, -41.599 ], [ -70.966, -41.599 ], [ -70.933, -41.599 ], [ -70.899, -41.599 ], [ -70.899, -41.566 ], [ -70.866, -41.566 ], [ -70.866, -41.599 ], [ -70.833, -41.599 ], [ -70.833, -41.633 ], [ -70.799, -41.633 ], [ -70.799, -41.666 ], [ -70.799, -41.699 ], [ -70.766, -41.699 ], [ -70.766, -41.733 ], [ -70.733, -41.733 ], [ -70.733, -41.766 ], [ -70.766, -41.766 ], [ -70.799, -41.766 ], [ -70.799, -41.733 ], [ -70.833, -41.733 ], [ -70.866, -41.733 ], [ -70.899, -41.733 ], [ -70.899, -41.699 ], [ -70.933, -41.699 ], [ -70.933, -41.733 ], [ -70.933, -41.766 ], [ -70.966, -41.766 ], [ -70.966, -41.799 ], [ -70.999, -41.799 ], [ -70.999, -41.833 ], [ -71.033, -41.833 ], [ -71.066, -41.833 ], [ -71.066, -41.799 ], [ -71.099, -41.799 ], [ -71.099, -41.766 ], [ -71.099, -41.733 ], [ -71.066, -41.733 ], [ -71.066, -41.766 ], [ -71.033, -41.766 ], [ -71.033, -41.733 ], [ -70.999, -41.733 ], [ -70.966, -41.733 ], [ -70.966, -41.699 ], [ -70.966, -41.666 ], [ -70.933, -41.666 ], [ -70.899, -41.666 ], [ -70.866, -41.666 ], [ -70.866, -41.633 ], [ -70.899, -41.633 ], [ -70.933, -41.633 ], [ -70.966, -41.633 ], [ -70.999, -41.633 ], [ -71.033, -41.633 ], [ -71.033, -41.599 ], [ -71.033, -41.566 ], [ -71.066, -41.566 ], [ -71.066, -41.533 ], [ -71.033, -41.533 ], [ -70.999, -41.533 ], [ -70.999, -41.499 ], [ -70.966, -41.499 ], [ -70.933, -41.499 ], [ -70.933, -41.533 ], [ -70.899, -41.533 ], [ -70.899, -41.566 ] ] ], [ [ [ -70.633, -41.566 ], [ -70.666, -41.566 ], [ -70.666, -41.533 ], [ -70.666, -41.499 ], [ -70.633, -41.499 ], [ -70.599, -41.499 ], [ -70.599, -41.533 ], [ -70.599, -41.566 ], [ -70.633, -41.566 ] ] ], [ [ [ -71.266, -41.466 ], [ -71.266, -41.499 ], [ -71.266, -41.533 ], [ -71.299, -41.533 ], [ -71.299, -41.566 ], [ -71.333, -41.566 ], [ -71.333, -41.533 ], [ -71.333, -41.499 ], [ -71.333, -41.466 ], [ -71.299, -41.466 ], [ -71.266, -41.466 ] ] ], [ [ [ -70.999, -41.466 ], [ -71.033, -41.466 ], [ -71.033, -41.433 ], [ -70.999, -41.433 ], [ -70.999, -41.466 ] ] ], [ [ [ -70.599, -41.433 ], [ -70.633, -41.433 ], [ -70.633, -41.399 ], [ -70.599, -41.399 ], [ -70.599, -41.366 ], [ -70.566, -41.366 ], [ -70.566, -41.333 ], [ -70.533, -41.333 ], [ -70.533, -41.366 ], [ -70.533, -41.399 ], [ -70.533, -41.433 ], [ -70.566, -41.433 ], [ -70.599, -41.433 ] ] ], [ [ [ -71.299, -41.233 ], [ -71.299, -41.266 ], [ -71.299, -41.299 ], [ -71.299, -41.333 ], [ -71.333, -41.333 ], [ -71.333, -41.299 ], [ -71.366, -41.299 ], [ -71.366, -41.266 ], [ -71.366, -41.233 ], [ -71.333, -41.233 ], [ -71.299, -41.233 ] ] ], [ [ [ -71.266, -41.233 ], [ -71.233, -41.233 ], [ -71.233, -41.266 ], [ -71.266, -41.266 ], [ -71.266, -41.233 ] ] ], [ [ [ -71.266, -41.233 ], [ -71.299, -41.233 ], [ -71.299, -41.199 ], [ -71.266, -41.199 ], [ -71.266, -41.233 ] ] ], [ [ [ -71.166, -41.233 ], [ -71.199, -41.233 ], [ -71.199, -41.199 ], [ -71.166, -41.199 ], [ -71.166, -41.233 ] ] ], [ [ [ -70.899, -41.366 ], [ -70.899, -41.399 ], [ -70.899, -41.433 ], [ -70.933, -41.433 ], [ -70.933, -41.399 ], [ -70.933, -41.366 ], [ -70.966, -41.366 ], [ -70.999, -41.366 ], [ -70.999, -41.333 ], [ -70.966, -41.333 ], [ -70.933, -41.333 ], [ -70.933, -41.299 ], [ -70.899, -41.299 ], [ -70.899, -41.266 ], [ -70.899, -41.233 ], [ -70.866, -41.233 ], [ -70.833, -41.233 ], [ -70.833, -41.199 ], [ -70.799, -41.199 ], [ -70.766, -41.199 ], [ -70.766, -41.233 ], [ -70.766, -41.266 ], [ -70.766, -41.299 ], [ -70.799, -41.299 ], [ -70.833, -41.299 ], [ -70.833, -41.333 ], [ -70.866, -41.333 ], [ -70.866, -41.366 ], [ -70.899, -41.366 ] ] ], [ [ [ -70.566, -41.166 ], [ -70.599, -41.166 ], [ -70.599, -41.133 ], [ -70.566, -41.133 ], [ -70.566, -41.166 ] ] ], [ [ [ -71.066, -41.533 ], [ -71.099, -41.533 ], [ -71.099, -41.499 ], [ -71.099, -41.466 ], [ -71.133, -41.466 ], [ -71.133, -41.433 ], [ -71.133, -41.399 ], [ -71.166, -41.399 ], [ -71.166, -41.433 ], [ -71.166, -41.466 ], [ -71.199, -41.466 ], [ -71.199, -41.499 ], [ -71.233, -41.499 ], [ -71.233, -41.466 ], [ -71.266, -41.466 ], [ -71.266, -41.433 ], [ -71.299, -41.433 ], [ -71.333, -41.433 ], [ -71.333, -41.399 ], [ -71.366, -41.399 ], [ -71.366, -41.366 ], [ -71.333, -41.366 ], [ -71.299, -41.366 ], [ -71.299, -41.399 ], [ -71.266, -41.399 ], [ -71.233, -41.399 ], [ -71.199, -41.399 ], [ -71.199, -41.366 ], [ -71.233, -41.366 ], [ -71.266, -41.366 ], [ -71.266, -41.333 ], [ -71.233, -41.333 ], [ -71.233, -41.299 ], [ -71.199, -41.299 ], [ -71.199, -41.333 ], [ -71.166, -41.333 ], [ -71.166, -41.299 ], [ -71.166, -41.266 ], [ -71.166, -41.233 ], [ -71.133, -41.233 ], [ -71.099, -41.233 ], [ -71.066, -41.233 ], [ -71.033, -41.233 ], [ -71.033, -41.266 ], [ -70.999, -41.266 ], [ -70.999, -41.233 ], [ -70.999, -41.199 ], [ -70.999, -41.166 ], [ -70.999, -41.133 ], [ -70.999, -41.099 ], [ -70.966, -41.099 ], [ -70.966, -41.133 ], [ -70.933, -41.133 ], [ -70.933, -41.166 ], [ -70.933, -41.199 ], [ -70.933, -41.233 ], [ -70.966, -41.233 ], [ -70.966, -41.266 ], [ -70.966, -41.299 ], [ -70.999, -41.299 ], [ -71.033, -41.299 ], [ -71.066, -41.299 ], [ -71.066, -41.333 ], [ -71.033, -41.333 ], [ -71.033, -41.366 ], [ -71.066, -41.366 ], [ -71.066, -41.399 ], [ -71.066, -41.433 ], [ -71.066, -41.466 ], [ -71.066, -41.499 ], [ -71.066, -41.533 ] ] ], [ [ [ -70.933, -41.066 ], [ -70.899, -41.066 ], [ -70.899, -41.099 ], [ -70.933, -41.099 ], [ -70.933, -41.066 ] ] ], [ [ [ -71.066, -41.033 ], [ -71.066, -41.066 ], [ -71.033, -41.066 ], [ -71.033, -41.099 ], [ -71.066, -41.099 ], [ -71.099, -41.099 ], [ -71.099, -41.066 ], [ -71.099, -41.033 ], [ -71.066, -41.033 ] ] ], [ [ [ -71.066, -41.033 ], [ -71.066, -40.999 ], [ -71.033, -40.999 ], [ -71.033, -41.033 ], [ -71.066, -41.033 ] ] ], [ [ [ -70.799, -40.966 ], [ -70.799, -40.999 ], [ -70.766, -40.999 ], [ -70.733, -40.999 ], [ -70.733, -41.033 ], [ -70.766, -41.033 ], [ -70.766, -41.066 ], [ -70.799, -41.066 ], [ -70.799, -41.033 ], [ -70.833, -41.033 ], [ -70.833, -40.999 ], [ -70.833, -40.966 ], [ -70.799, -40.966 ] ] ], [ [ [ -71.333, -40.933 ], [ -71.299, -40.933 ], [ -71.266, -40.933 ], [ -71.233, -40.933 ], [ -71.199, -40.933 ], [ -71.166, -40.933 ], [ -71.166, -40.966 ], [ -71.199, -40.966 ], [ -71.233, -40.966 ], [ -71.266, -40.966 ], [ -71.299, -40.966 ], [ -71.333, -40.966 ], [ -71.333, -40.933 ] ] ], [ [ [ -71.166, -40.933 ], [ -71.166, -40.899 ], [ -71.133, -40.899 ], [ -71.133, -40.933 ], [ -71.166, -40.933 ] ] ], [ [ [ -71.133, -40.899 ], [ -71.133, -40.866 ], [ -71.099, -40.866 ], [ -71.099, -40.899 ], [ -71.133, -40.899 ] ] ], [ [ [ -67.933, -40.966 ], [ -67.933, -40.933 ], [ -67.933, -40.899 ], [ -67.899, -40.899 ], [ -67.899, -40.866 ], [ -67.866, -40.866 ], [ -67.833, -40.866 ], [ -67.833, -40.899 ], [ -67.833, -40.933 ], [ -67.866, -40.933 ], [ -67.899, -40.933 ], [ -67.899, -40.966 ], [ -67.933, -40.966 ] ] ], [ [ [ -71.866, -40.866 ], [ -71.880, -40.880 ], [ -71.881, -40.880 ], [ -71.883, -40.877 ], [ -71.886, -40.875 ], [ -71.887, -40.874 ], [ -71.890, -40.873 ], [ -71.892, -40.870 ], [ -71.894, -40.868 ], [ -71.897, -40.865 ], [ -71.900, -40.863 ], [ -71.901, -40.861 ], [ -71.904, -40.860 ], [ -71.905, -40.860 ], [ -71.908, -40.857 ], [ -71.909, -40.855 ], [ -71.910, -40.852 ], [ -71.910, -40.851 ], [ -71.908, -40.846 ], [ -71.910, -40.845 ], [ -71.911, -40.844 ], [ -71.899, -40.833 ], [ -71.866, -40.833 ], [ -71.866, -40.866 ] ] ], [ [ [ -70.999, -40.866 ], [ -71.033, -40.866 ], [ -71.033, -40.833 ], [ -70.999, -40.833 ], [ -70.999, -40.866 ] ] ], [ [ [ -70.433, -40.933 ], [ -70.433, -40.966 ], [ -70.399, -40.966 ], [ -70.399, -40.999 ], [ -70.366, -40.999 ], [ -70.333, -40.999 ], [ -70.333, -41.033 ], [ -70.366, -41.033 ], [ -70.399, -41.033 ], [ -70.433, -41.033 ], [ -70.466, -41.033 ], [ -70.466, -40.999 ], [ -70.466, -40.966 ], [ -70.499, -40.966 ], [ -70.533, -40.966 ], [ -70.566, -40.966 ], [ -70.566, -40.933 ], [ -70.533, -40.933 ], [ -70.499, -40.933 ], [ -70.499, -40.899 ], [ -70.466, -40.899 ], [ -70.433, -40.899 ], [ -70.433, -40.866 ], [ -70.399, -40.866 ], [ -70.399, -40.833 ], [ -70.366, -40.833 ], [ -70.366, -40.866 ], [ -70.366, -40.899 ], [ -70.399, -40.899 ], [ -70.399, -40.933 ], [ -70.433, -40.933 ] ] ], [ [ [ -71.233, -40.799 ], [ -71.199, -40.799 ], [ -71.166, -40.799 ], [ -71.166, -40.833 ], [ -71.166, -40.866 ], [ -71.199, -40.866 ], [ -71.199, -40.833 ], [ -71.233, -40.833 ], [ -71.233, -40.799 ] ] ], [ [ [ -67.899, -40.866 ], [ -67.933, -40.866 ], [ -67.933, -40.833 ], [ -67.966, -40.833 ], [ -67.999, -40.833 ], [ -68.033, -40.833 ], [ -68.033, -40.799 ], [ -67.999, -40.799 ], [ -67.966, -40.799 ], [ -67.933, -40.799 ], [ -67.899, -40.799 ], [ -67.899, -40.833 ], [ -67.899, -40.866 ] ] ], [ [ [ -70.933, -41.066 ], [ -70.966, -41.066 ], [ -70.966, -41.033 ], [ -70.999, -41.033 ], [ -70.999, -40.999 ], [ -70.999, -40.966 ], [ -70.966, -40.966 ], [ -70.966, -40.933 ], [ -70.966, -40.899 ], [ -70.999, -40.899 ], [ -70.999, -40.866 ], [ -70.966, -40.866 ], [ -70.966, -40.833 ], [ -70.966, -40.799 ], [ -70.999, -40.799 ], [ -70.999, -40.766 ], [ -70.966, -40.766 ], [ -70.933, -40.766 ], [ -70.933, -40.799 ], [ -70.899, -40.799 ], [ -70.899, -40.833 ], [ -70.866, -40.833 ], [ -70.833, -40.833 ], [ -70.799, -40.833 ], [ -70.766, -40.833 ], [ -70.733, -40.833 ], [ -70.733, -40.866 ], [ -70.766, -40.866 ], [ -70.766, -40.899 ], [ -70.799, -40.899 ], [ -70.833, -40.899 ], [ -70.833, -40.866 ], [ -70.866, -40.866 ], [ -70.899, -40.866 ], [ -70.899, -40.899 ], [ -70.933, -40.899 ], [ -70.933, -40.933 ], [ -70.899, -40.933 ], [ -70.899, -40.966 ], [ -70.899, -40.999 ], [ -70.933, -40.999 ], [ -70.933, -41.033 ], [ -70.933, -41.066 ] ] ], [ [ [ -70.066, -40.799 ], [ -70.099, -40.799 ], [ -70.099, -40.766 ], [ -70.066, -40.766 ], [ -70.066, -40.799 ] ] ], [ [ [ -71.948, -40.718 ], [ -71.933, -40.733 ], [ -71.933, -40.766 ], [ -71.938, -40.772 ], [ -71.939, -40.771 ], [ -71.943, -40.768 ], [ -71.948, -40.766 ], [ -71.953, -40.764 ], [ -71.956, -40.761 ], [ -71.957, -40.758 ], [ -71.956, -40.756 ], [ -71.955, -40.752 ], [ -71.956, -40.749 ], [ -71.960, -40.747 ], [ -71.963, -40.746 ], [ -71.963, -40.742 ], [ -71.963, -40.740 ], [ -71.964, -40.738 ], [ -71.965, -40.736 ], [ -71.963, -40.733 ], [ -71.963, -40.730 ], [ -71.964, -40.727 ], [ -71.963, -40.723 ], [ -71.962, -40.720 ], [ -71.959, -40.719 ], [ -71.954, -40.718 ], [ -71.949, -40.719 ], [ -71.948, -40.718 ] ] ], [ [ [ -71.466, -40.699 ], [ -71.466, -40.666 ], [ -71.433, -40.666 ], [ -71.433, -40.699 ], [ -71.466, -40.699 ] ] ], [ [ [ -71.466, -40.699 ], [ -71.466, -40.733 ], [ -71.433, -40.733 ], [ -71.399, -40.733 ], [ -71.399, -40.766 ], [ -71.366, -40.766 ], [ -71.366, -40.733 ], [ -71.333, -40.733 ], [ -71.299, -40.733 ], [ -71.266, -40.733 ], [ -71.233, -40.733 ], [ -71.199, -40.733 ], [ -71.199, -40.766 ], [ -71.233, -40.766 ], [ -71.233, -40.799 ], [ -71.266, -40.799 ], [ -71.299, -40.799 ], [ -71.333, -40.799 ], [ -71.333, -40.833 ], [ -71.299, -40.833 ], [ -71.299, -40.866 ], [ -71.266, -40.866 ], [ -71.266, -40.899 ], [ -71.299, -40.899 ], [ -71.333, -40.899 ], [ -71.333, -40.933 ], [ -71.366, -40.933 ], [ -71.366, -40.899 ], [ -71.399, -40.899 ], [ -71.433, -40.899 ], [ -71.433, -40.866 ], [ -71.433, -40.833 ], [ -71.399, -40.833 ], [ -71.399, -40.799 ], [ -71.433, -40.799 ], [ -71.433, -40.833 ], [ -71.466, -40.833 ], [ -71.466, -40.799 ], [ -71.499, -40.799 ], [ -71.533, -40.799 ], [ -71.533, -40.766 ], [ -71.566, -40.766 ], [ -71.566, -40.733 ], [ -71.599, -40.733 ], [ -71.633, -40.733 ], [ -71.633, -40.699 ], [ -71.633, -40.666 ], [ -71.633, -40.633 ], [ -71.599, -40.633 ], [ -71.566, -40.633 ], [ -71.566, -40.666 ], [ -71.533, -40.666 ], [ -71.499, -40.666 ], [ -71.499, -40.699 ], [ -71.466, -40.699 ] ] ], [ [ [ -71.266, -40.599 ], [ -71.266, -40.633 ], [ -71.299, -40.633 ], [ -71.299, -40.599 ], [ -71.266, -40.599 ] ] ], [ [ [ -71.133, -40.633 ], [ -71.166, -40.633 ], [ -71.166, -40.599 ], [ -71.199, -40.599 ], [ -71.199, -40.633 ], [ -71.233, -40.633 ], [ -71.233, -40.599 ], [ -71.266, -40.599 ], [ -71.266, -40.566 ], [ -71.233, -40.566 ], [ -71.199, -40.566 ], [ -71.166, -40.566 ], [ -71.133, -40.566 ], [ -71.133, -40.599 ], [ -71.133, -40.633 ] ] ], [ [ [ -71.633, -40.566 ], [ -71.666, -40.566 ], [ -71.666, -40.533 ], [ -71.633, -40.533 ], [ -71.633, -40.566 ] ] ], [ [ [ -71.633, -40.566 ], [ -71.599, -40.566 ], [ -71.599, -40.533 ], [ -71.566, -40.533 ], [ -71.566, -40.566 ], [ -71.566, -40.599 ], [ -71.599, -40.599 ], [ -71.633, -40.599 ], [ -71.633, -40.566 ] ] ], [ [ [ -71.266, -40.566 ], [ -71.299, -40.566 ], [ -71.299, -40.533 ], [ -71.266, -40.533 ], [ -71.266, -40.566 ] ] ], [ [ [ -67.966, -40.566 ], [ -67.999, -40.566 ], [ -67.999, -40.533 ], [ -67.966, -40.533 ], [ -67.966, -40.566 ] ] ], [ [ [ -71.566, -40.533 ], [ -71.566, -40.499 ], [ -71.533, -40.499 ], [ -71.533, -40.533 ], [ -71.566, -40.533 ] ] ], [ [ [ -71.466, -40.566 ], [ -71.433, -40.566 ], [ -71.433, -40.533 ], [ -71.466, -40.533 ], [ -71.466, -40.566 ], [ -71.499, -40.566 ], [ -71.499, -40.533 ], [ -71.499, -40.499 ], [ -71.466, -40.499 ], [ -71.433, -40.499 ], [ -71.399, -40.499 ], [ -71.366, -40.499 ], [ -71.333, -40.499 ], [ -71.333, -40.533 ], [ -71.366, -40.533 ], [ -71.399, -40.533 ], [ -71.399, -40.566 ], [ -71.366, -40.566 ], [ -71.366, -40.599 ], [ -71.399, -40.599 ], [ -71.433, -40.599 ], [ -71.466, -40.599 ], [ -71.466, -40.566 ] ] ], [ [ [ -71.133, -40.633 ], [ -71.099, -40.633 ], [ -71.099, -40.599 ], [ -71.099, -40.566 ], [ -71.133, -40.566 ], [ -71.133, -40.533 ], [ -71.099, -40.533 ], [ -71.099, -40.499 ], [ -71.066, -40.499 ], [ -71.066, -40.466 ], [ -71.033, -40.466 ], [ -71.033, -40.499 ], [ -71.033, -40.533 ], [ -71.066, -40.533 ], [ -71.066, -40.566 ], [ -71.066, -40.599 ], [ -71.066, -40.633 ], [ -71.066, -40.666 ], [ -71.066, -40.699 ], [ -71.099, -40.699 ], [ -71.133, -40.699 ], [ -71.133, -40.666 ], [ -71.133, -40.633 ] ] ], [ [ [ -71.199, -40.433 ], [ -71.166, -40.433 ], [ -71.166, -40.466 ], [ -71.199, -40.466 ], [ -71.199, -40.433 ] ] ], [ [ [ -71.797, -40.407 ], [ -71.796, -40.407 ], [ -71.791, -40.407 ], [ -71.788, -40.408 ], [ -71.786, -40.409 ], [ -71.782, -40.410 ], [ -71.781, -40.412 ], [ -71.780, -40.415 ], [ -71.779, -40.417 ], [ -71.778, -40.419 ], [ -71.776, -40.422 ], [ -71.773, -40.423 ], [ -71.770, -40.421 ], [ -71.769, -40.419 ], [ -71.763, -40.416 ], [ -71.759, -40.415 ], [ -71.756, -40.417 ], [ -71.755, -40.418 ], [ -71.754, -40.422 ], [ -71.754, -40.425 ], [ -71.755, -40.428 ], [ -71.753, -40.430 ], [ -71.751, -40.432 ], [ -71.748, -40.435 ], [ -71.746, -40.435 ], [ -71.741, -40.436 ], [ -71.735, -40.434 ], [ -71.733, -40.433 ], [ -71.733, -40.466 ], [ -71.733, -40.499 ], [ -71.699, -40.499 ], [ -71.699, -40.533 ], [ -71.699, -40.566 ], [ -71.733, -40.566 ], [ -71.733, -40.533 ], [ -71.766, -40.533 ], [ -71.766, -40.499 ], [ -71.766, -40.466 ], [ -71.799, -40.466 ], [ -71.799, -40.433 ], [ -71.820, -40.433 ], [ -71.820, -40.432 ], [ -71.820, -40.430 ], [ -71.822, -40.427 ], [ -71.824, -40.424 ], [ -71.824, -40.422 ], [ -71.824, -40.420 ], [ -71.822, -40.419 ], [ -71.819, -40.417 ], [ -71.817, -40.415 ], [ -71.815, -40.413 ], [ -71.812, -40.411 ], [ -71.810, -40.409 ], [ -71.808, -40.407 ], [ -71.806, -40.406 ], [ -71.803, -40.405 ], [ -71.800, -40.407 ], [ -71.797, -40.407 ] ] ], [ [ [ -71.466, -40.399 ], [ -71.466, -40.433 ], [ -71.499, -40.433 ], [ -71.499, -40.399 ], [ -71.466, -40.399 ] ] ], [ [ [ -71.333, -40.399 ], [ -71.299, -40.399 ], [ -71.266, -40.399 ], [ -71.266, -40.433 ], [ -71.266, -40.466 ], [ -71.299, -40.466 ], [ -71.333, -40.466 ], [ -71.366, -40.466 ], [ -71.399, -40.466 ], [ -71.399, -40.433 ], [ -71.366, -40.433 ], [ -71.333, -40.433 ], [ -71.333, -40.399 ] ] ], [ [ [ -71.166, -40.433 ], [ -71.166, -40.399 ], [ -71.133, -40.399 ], [ -71.133, -40.433 ], [ -71.166, -40.433 ] ] ], [ [ [ -71.666, -40.366 ], [ -71.666, -40.399 ], [ -71.666, -40.433 ], [ -71.699, -40.433 ], [ -71.709, -40.423 ], [ -71.708, -40.422 ], [ -71.707, -40.420 ], [ -71.706, -40.417 ], [ -71.706, -40.415 ], [ -71.704, -40.414 ], [ -71.700, -40.411 ], [ -71.699, -40.409 ], [ -71.695, -40.405 ], [ -71.693, -40.403 ], [ -71.691, -40.400 ], [ -71.687, -40.397 ], [ -71.686, -40.394 ], [ -71.689, -40.392 ], [ -71.691, -40.391 ], [ -71.691, -40.388 ], [ -71.690, -40.386 ], [ -71.687, -40.384 ], [ -71.688, -40.382 ], [ -71.692, -40.381 ], [ -71.692, -40.379 ], [ -71.692, -40.377 ], [ -71.693, -40.376 ], [ -71.693, -40.373 ], [ -71.689, -40.373 ], [ -71.686, -40.373 ], [ -71.683, -40.371 ], [ -71.680, -40.370 ], [ -71.675, -40.369 ], [ -71.670, -40.368 ], [ -71.666, -40.366 ] ] ], [ [ [ -71.599, -40.433 ], [ -71.633, -40.433 ], [ -71.633, -40.399 ], [ -71.633, -40.366 ], [ -71.599, -40.366 ], [ -71.566, -40.366 ], [ -71.566, -40.399 ], [ -71.566, -40.433 ], [ -71.599, -40.433 ] ] ], [ [ [ -71.466, -40.399 ], [ -71.466, -40.366 ], [ -71.433, -40.366 ], [ -71.433, -40.399 ], [ -71.466, -40.399 ] ] ], [ [ [ -71.333, -40.399 ], [ -71.366, -40.399 ], [ -71.366, -40.366 ], [ -71.333, -40.366 ], [ -71.333, -40.399 ] ] ], [ [ [ -71.199, -40.433 ], [ -71.233, -40.433 ], [ -71.233, -40.399 ], [ -71.233, -40.366 ], [ -71.199, -40.366 ], [ -71.199, -40.399 ], [ -71.199, -40.433 ] ] ], [ [ [ -71.366, -40.366 ], [ -71.399, -40.366 ], [ -71.433, -40.366 ], [ -71.433, -40.333 ], [ -71.399, -40.333 ], [ -71.366, -40.333 ], [ -71.366, -40.366 ] ] ], [ [ [ -71.233, -40.366 ], [ -71.266, -40.366 ], [ -71.299, -40.366 ], [ -71.299, -40.333 ], [ -71.266, -40.333 ], [ -71.233, -40.333 ], [ -71.233, -40.366 ] ] ], [ [ [ -71.133, -40.299 ], [ -71.133, -40.333 ], [ -71.099, -40.333 ], [ -71.066, -40.333 ], [ -71.066, -40.366 ], [ -71.066, -40.399 ], [ -71.099, -40.399 ], [ -71.099, -40.366 ], [ -71.133, -40.366 ], [ -71.166, -40.366 ], [ -71.166, -40.333 ], [ -71.166, -40.299 ], [ -71.133, -40.299 ] ] ], [ [ [ -71.299, -40.299 ], [ -71.333, -40.299 ], [ -71.333, -40.266 ], [ -71.299, -40.266 ], [ -71.299, -40.299 ] ] ], [ [ [ -71.599, -40.299 ], [ -71.599, -40.266 ], [ -71.566, -40.266 ], [ -71.566, -40.233 ], [ -71.533, -40.233 ], [ -71.533, -40.266 ], [ -71.533, -40.299 ], [ -71.566, -40.299 ], [ -71.599, -40.299 ] ] ], [ [ [ -71.366, -40.233 ], [ -71.366, -40.266 ], [ -71.366, -40.299 ], [ -71.399, -40.299 ], [ -71.399, -40.266 ], [ -71.433, -40.266 ], [ -71.433, -40.299 ], [ -71.466, -40.299 ], [ -71.466, -40.333 ], [ -71.499, -40.333 ], [ -71.499, -40.299 ], [ -71.499, -40.266 ], [ -71.466, -40.266 ], [ -71.466, -40.233 ], [ -71.433, -40.233 ], [ -71.399, -40.233 ], [ -71.366, -40.233 ] ] ], [ [ [ -71.566, -40.233 ], [ -71.599, -40.233 ], [ -71.633, -40.233 ], [ -71.633, -40.199 ], [ -71.599, -40.199 ], [ -71.566, -40.199 ], [ -71.566, -40.233 ] ] ], [ [ [ -71.366, -40.233 ], [ -71.366, -40.199 ], [ -71.333, -40.199 ], [ -71.333, -40.233 ], [ -71.366, -40.233 ] ] ], [ [ [ -71.133, -40.299 ], [ -71.133, -40.266 ], [ -71.133, -40.233 ], [ -71.133, -40.199 ], [ -71.099, -40.199 ], [ -71.099, -40.233 ], [ -71.099, -40.266 ], [ -71.066, -40.266 ], [ -71.066, -40.299 ], [ -71.099, -40.299 ], [ -71.133, -40.299 ] ] ], [ [ [ -71.266, -40.199 ], [ -71.299, -40.199 ], [ -71.299, -40.166 ], [ -71.266, -40.166 ], [ -71.266, -40.199 ] ] ], [ [ [ -71.166, -40.199 ], [ -71.199, -40.199 ], [ -71.199, -40.166 ], [ -71.166, -40.166 ], [ -71.166, -40.199 ] ] ], [ [ [ -71.599, -40.299 ], [ -71.599, -40.333 ], [ -71.633, -40.333 ], [ -71.670, -40.333 ], [ -71.670, -40.331 ], [ -71.671, -40.328 ], [ -71.670, -40.326 ], [ -71.668, -40.323 ], [ -71.670, -40.321 ], [ -71.671, -40.319 ], [ -71.671, -40.316 ], [ -71.671, -40.312 ], [ -71.673, -40.309 ], [ -71.675, -40.307 ], [ -71.678, -40.304 ], [ -71.679, -40.301 ], [ -71.680, -40.298 ], [ -71.683, -40.297 ], [ -71.685, -40.294 ], [ -71.687, -40.293 ], [ -71.689, -40.292 ], [ -71.692, -40.289 ], [ -71.694, -40.289 ], [ -71.697, -40.289 ], [ -71.699, -40.288 ], [ -71.699, -40.285 ], [ -71.700, -40.281 ], [ -71.704, -40.283 ], [ -71.707, -40.284 ], [ -71.710, -40.283 ], [ -71.713, -40.281 ], [ -71.717, -40.276 ], [ -71.716, -40.283 ], [ -71.718, -40.286 ], [ -71.722, -40.289 ], [ -71.725, -40.290 ], [ -71.727, -40.293 ], [ -71.729, -40.296 ], [ -71.730, -40.298 ], [ -71.733, -40.300 ], [ -71.734, -40.303 ], [ -71.736, -40.305 ], [ -71.739, -40.306 ], [ -71.743, -40.306 ], [ -71.746, -40.306 ], [ -71.751, -40.303 ], [ -71.753, -40.303 ], [ -71.757, -40.300 ], [ -71.758, -40.298 ], [ -71.758, -40.295 ], [ -71.755, -40.292 ], [ -71.755, -40.289 ], [ -71.755, -40.286 ], [ -71.757, -40.283 ], [ -71.759, -40.280 ], [ -71.763, -40.277 ], [ -71.765, -40.275 ], [ -71.766, -40.273 ], [ -71.772, -40.273 ], [ -71.775, -40.271 ], [ -71.779, -40.269 ], [ -71.781, -40.267 ], [ -71.780, -40.265 ], [ -71.778, -40.262 ], [ -71.778, -40.260 ], [ -71.781, -40.259 ], [ -71.785, -40.259 ], [ -71.789, -40.258 ], [ -71.793, -40.257 ], [ -71.796, -40.256 ], [ -71.799, -40.254 ], [ -71.798, -40.251 ], [ -71.797, -40.250 ], [ -71.797, -40.248 ], [ -71.798, -40.246 ], [ -71.800, -40.245 ], [ -71.801, -40.243 ], [ -71.803, -40.242 ], [ -71.804, -40.240 ], [ -71.804, -40.237 ], [ -71.804, -40.235 ], [ -71.806, -40.233 ], [ -71.807, -40.231 ], [ -71.809, -40.229 ], [ -71.813, -40.231 ], [ -71.815, -40.232 ], [ -71.818, -40.233 ], [ -71.822, -40.232 ], [ -71.823, -40.230 ], [ -71.824, -40.228 ], [ -71.825, -40.226 ], [ -71.825, -40.224 ], [ -71.825, -40.222 ], [ -71.827, -40.220 ], [ -71.828, -40.215 ], [ -71.829, -40.213 ], [ -71.829, -40.210 ], [ -71.828, -40.207 ], [ -71.826, -40.206 ], [ -71.824, -40.204 ], [ -71.821, -40.204 ], [ -71.818, -40.204 ], [ -71.816, -40.203 ], [ -71.812, -40.201 ], [ -71.809, -40.198 ], [ -71.808, -40.196 ], [ -71.806, -40.193 ], [ -71.803, -40.190 ], [ -71.799, -40.189 ], [ -71.798, -40.187 ], [ -71.799, -40.185 ], [ -71.801, -40.184 ], [ -71.806, -40.183 ], [ -71.811, -40.182 ], [ -71.816, -40.180 ], [ -71.820, -40.179 ], [ -71.822, -40.176 ], [ -71.824, -40.174 ], [ -71.826, -40.173 ], [ -71.826, -40.171 ], [ -71.825, -40.169 ], [ -71.822, -40.167 ], [ -71.820, -40.164 ], [ -71.818, -40.162 ], [ -71.815, -40.159 ], [ -71.813, -40.157 ], [ -71.812, -40.155 ], [ -71.810, -40.153 ], [ -71.810, -40.151 ], [ -71.811, -40.149 ], [ -71.813, -40.146 ], [ -71.813, -40.144 ], [ -71.813, -40.142 ], [ -71.811, -40.139 ], [ -71.808, -40.137 ], [ -71.805, -40.136 ], [ -71.799, -40.135 ], [ -71.800, -40.132 ], [ -71.801, -40.129 ], [ -71.802, -40.127 ], [ -71.804, -40.125 ], [ -71.805, -40.123 ], [ -71.804, -40.120 ], [ -71.802, -40.118 ], [ -71.801, -40.116 ], [ -71.801, -40.112 ], [ -71.803, -40.110 ], [ -71.803, -40.108 ], [ -71.806, -40.107 ], [ -71.809, -40.107 ], [ -71.811, -40.105 ], [ -71.810, -40.103 ], [ -71.814, -40.104 ], [ -71.817, -40.105 ], [ -71.820, -40.108 ], [ -71.824, -40.109 ], [ -71.826, -40.111 ], [ -71.828, -40.110 ], [ -71.829, -40.108 ], [ -71.830, -40.106 ], [ -71.829, -40.104 ], [ -71.828, -40.101 ], [ -71.827, -40.098 ], [ -71.826, -40.094 ], [ -71.827, -40.092 ], [ -71.826, -40.090 ], [ -71.825, -40.088 ], [ -71.822, -40.087 ], [ -71.819, -40.085 ], [ -71.817, -40.083 ], [ -71.815, -40.081 ], [ -71.813, -40.080 ], [ -71.810, -40.080 ], [ -71.806, -40.080 ], [ -71.803, -40.082 ], [ -71.799, -40.084 ], [ -71.796, -40.085 ], [ -71.791, -40.086 ], [ -71.789, -40.088 ], [ -71.785, -40.088 ], [ -71.780, -40.088 ], [ -71.777, -40.089 ], [ -71.773, -40.089 ], [ -71.769, -40.090 ], [ -71.766, -40.090 ], [ -71.766, -40.133 ], [ -71.766, -40.166 ], [ -71.766, -40.199 ], [ -71.766, -40.233 ], [ -71.766, -40.266 ], [ -71.733, -40.266 ], [ -71.733, -40.233 ], [ -71.699, -40.233 ], [ -71.699, -40.266 ], [ -71.666, -40.266 ], [ -71.666, -40.299 ], [ -71.633, -40.299 ], [ -71.599, -40.299 ] ] ], [ [ [ -71.599, -40.033 ], [ -71.599, -40.066 ], [ -71.566, -40.066 ], [ -71.533, -40.066 ], [ -71.499, -40.066 ], [ -71.499, -40.033 ], [ -71.466, -40.033 ], [ -71.466, -40.066 ], [ -71.433, -40.066 ], [ -71.399, -40.066 ], [ -71.366, -40.066 ], [ -71.366, -40.099 ], [ -71.399, -40.099 ], [ -71.433, -40.099 ], [ -71.466, -40.099 ], [ -71.499, -40.099 ], [ -71.499, -40.133 ], [ -71.533, -40.133 ], [ -71.533, -40.099 ], [ -71.566, -40.099 ], [ -71.599, -40.099 ], [ -71.599, -40.133 ], [ -71.633, -40.133 ], [ -71.633, -40.099 ], [ -71.666, -40.099 ], [ -71.667, -40.099 ], [ -71.665, -40.098 ], [ -71.665, -40.094 ], [ -71.667, -40.092 ], [ -71.667, -40.089 ], [ -71.669, -40.087 ], [ -71.670, -40.085 ], [ -71.670, -40.081 ], [ -71.667, -40.079 ], [ -71.666, -40.076 ], [ -71.666, -40.073 ], [ -71.668, -40.070 ], [ -71.669, -40.067 ], [ -71.670, -40.064 ], [ -71.672, -40.061 ], [ -71.675, -40.058 ], [ -71.676, -40.056 ], [ -71.679, -40.053 ], [ -71.682, -40.049 ], [ -71.683, -40.046 ], [ -71.685, -40.043 ], [ -71.686, -40.041 ], [ -71.688, -40.037 ], [ -71.688, -40.034 ], [ -71.688, -40.033 ], [ -71.633, -40.033 ], [ -71.599, -40.033 ] ] ], [ [ [ -71.433, -39.999 ], [ -71.466, -39.999 ], [ -71.466, -39.966 ], [ -71.433, -39.966 ], [ -71.433, -39.999 ] ] ], [ [ [ -71.333, -39.999 ], [ -71.366, -39.999 ], [ -71.366, -39.966 ], [ -71.333, -39.966 ], [ -71.333, -39.933 ], [ -71.299, -39.933 ], [ -71.299, -39.966 ], [ -71.299, -39.999 ], [ -71.333, -39.999 ] ] ], [ [ [ -71.533, -39.933 ], [ -71.533, -39.966 ], [ -71.533, -39.999 ], [ -71.533, -40.033 ], [ -71.566, -40.033 ], [ -71.599, -40.033 ], [ -71.599, -39.999 ], [ -71.633, -39.999 ], [ -71.665, -39.999 ], [ -71.665, -39.997 ], [ -71.665, -39.995 ], [ -71.665, -39.992 ], [ -71.662, -39.989 ], [ -71.660, -39.987 ], [ -71.658, -39.985 ], [ -71.657, -39.983 ], [ -71.654, -39.980 ], [ -71.652, -39.977 ], [ -71.648, -39.974 ], [ -71.645, -39.970 ], [ -71.642, -39.968 ], [ -71.638, -39.968 ], [ -71.633, -39.969 ], [ -71.628, -39.971 ], [ -71.626, -39.974 ], [ -71.625, -39.976 ], [ -71.622, -39.974 ], [ -71.620, -39.973 ], [ -71.619, -39.970 ], [ -71.619, -39.968 ], [ -71.620, -39.966 ], [ -71.599, -39.966 ], [ -71.599, -39.933 ], [ -71.605, -39.927 ], [ -71.604, -39.926 ], [ -71.599, -39.924 ], [ -71.599, -39.922 ], [ -71.599, -39.919 ], [ -71.598, -39.915 ], [ -71.597, -39.912 ], [ -71.594, -39.910 ], [ -71.596, -39.908 ], [ -71.595, -39.905 ], [ -71.594, -39.903 ], [ -71.592, -39.901 ], [ -71.593, -39.899 ], [ -71.566, -39.899 ], [ -71.566, -39.933 ], [ -71.533, -39.933 ] ] ], [ [ [ -71.533, -39.933 ], [ -71.533, -39.899 ], [ -71.499, -39.899 ], [ -71.499, -39.933 ], [ -71.533, -39.933 ] ] ], [ [ [ -70.599, -39.933 ], [ -70.633, -39.933 ], [ -70.633, -39.899 ], [ -70.599, -39.899 ], [ -70.566, -39.899 ], [ -70.566, -39.933 ], [ -70.599, -39.933 ] ] ], [ [ [ -67.933, -40.966 ], [ -67.933, -40.999 ], [ -67.899, -40.999 ], [ -67.899, -41.033 ], [ -67.899, -41.066 ], [ -67.899, -41.099 ], [ -67.899, -41.133 ], [ -67.899, -41.166 ], [ -67.899, -41.199 ], [ -67.899, -41.233 ], [ -67.899, -41.266 ], [ -67.866, -41.266 ], [ -67.833, -41.266 ], [ -67.833, -41.233 ], [ -67.799, -41.233 ], [ -67.799, -41.199 ], [ -67.766, -41.199 ], [ -67.766, -41.166 ], [ -67.766, -41.133 ], [ -67.733, -41.133 ], [ -67.699, -41.133 ], [ -67.666, -41.133 ], [ -67.666, -41.099 ], [ -67.633, -41.099 ], [ -67.599, -41.099 ], [ -67.599, -41.133 ], [ -67.566, -41.133 ], [ -67.566, -41.099 ], [ -67.533, -41.099 ], [ -67.499, -41.099 ], [ -67.466, -41.099 ], [ -67.466, -41.133 ], [ -67.433, -41.133 ], [ -67.433, -41.099 ], [ -67.399, -41.099 ], [ -67.366, -41.099 ], [ -67.366, -41.066 ], [ -67.366, -41.033 ], [ -67.333, -41.033 ], [ -67.333, -41.066 ], [ -67.299, -41.066 ], [ -67.266, -41.066 ], [ -67.266, -41.033 ], [ -67.266, -40.999 ], [ -67.233, -40.999 ], [ -67.233, -41.033 ], [ -67.199, -41.033 ], [ -67.166, -41.033 ], [ -67.166, -40.999 ], [ -67.133, -40.999 ], [ -67.099, -40.999 ], [ -67.066, -40.999 ], [ -67.033, -40.999 ], [ -66.999, -40.999 ], [ -66.999, -41.033 ], [ -66.966, -41.033 ], [ -66.966, -41.066 ], [ -66.933, -41.066 ], [ -66.899, -41.066 ], [ -66.866, -41.066 ], [ -66.833, -41.066 ], [ -66.799, -41.066 ], [ -66.799, -41.099 ], [ -66.766, -41.099 ], [ -66.733, -41.099 ], [ -66.699, -41.099 ], [ -66.699, -41.133 ], [ -66.666, -41.133 ], [ -66.633, -41.133 ], [ -66.599, -41.133 ], [ -66.566, -41.133 ], [ -66.566, -41.166 ], [ -66.533, -41.166 ], [ -66.499, -41.166 ], [ -66.466, -41.166 ], [ -66.466, -41.199 ], [ -66.433, -41.199 ], [ -66.433, -41.233 ], [ -66.399, -41.233 ], [ -66.399, -41.266 ], [ -66.366, -41.266 ], [ -66.366, -41.299 ], [ -66.366, -41.333 ], [ -66.333, -41.333 ], [ -66.333, -41.366 ], [ -66.366, -41.366 ], [ -66.366, -41.399 ], [ -66.399, -41.399 ], [ -66.399, -41.433 ], [ -66.366, -41.433 ], [ -66.366, -41.466 ], [ -66.366, -41.499 ], [ -66.366, -41.533 ], [ -66.399, -41.533 ], [ -66.399, -41.566 ], [ -66.433, -41.566 ], [ -66.466, -41.566 ], [ -66.466, -41.599 ], [ -66.466, -41.633 ], [ -66.466, -41.666 ], [ -66.466, -41.699 ], [ -66.499, -41.699 ], [ -66.499, -41.733 ], [ -66.533, -41.733 ], [ -66.533, -41.699 ], [ -66.566, -41.699 ], [ -66.599, -41.699 ], [ -66.599, -41.733 ], [ -66.633, -41.733 ], [ -66.633, -41.766 ], [ -66.633, -41.799 ], [ -66.666, -41.799 ], [ -66.666, -41.766 ], [ -66.699, -41.766 ], [ -66.733, -41.766 ], [ -66.766, -41.766 ], [ -66.799, -41.766 ], [ -66.799, -41.799 ], [ -66.833, -41.799 ], [ -66.833, -41.833 ], [ -66.866, -41.833 ], [ -66.866, -41.799 ], [ -66.899, -41.799 ], [ -66.933, -41.799 ], [ -66.966, -41.799 ], [ -66.966, -41.766 ], [ -66.999, -41.766 ], [ -67.033, -41.766 ], [ -67.066, -41.766 ], [ -67.066, -41.733 ], [ -67.099, -41.733 ], [ -67.133, -41.733 ], [ -67.166, -41.733 ], [ -67.199, -41.733 ], [ -67.233, -41.733 ], [ -67.266, -41.733 ], [ -67.299, -41.733 ], [ -67.299, -41.766 ], [ -67.299, -41.799 ], [ -67.299, -41.833 ], [ -67.299, -41.866 ], [ -67.266, -41.866 ], [ -67.233, -41.866 ], [ -67.199, -41.866 ], [ -67.166, -41.866 ], [ -67.166, -41.899 ], [ -67.133, -41.899 ], [ -67.133, -41.933 ], [ -67.099, -41.933 ], [ -67.099, -41.966 ], [ -67.133, -41.966 ], [ -67.133, -41.999 ], [ -67.133, -42.033 ], [ -67.133, -42.066 ], [ -67.166, -42.066 ], [ -67.199, -42.066 ], [ -67.233, -42.066 ], [ -67.266, -42.066 ], [ -67.266, -42.033 ], [ -67.299, -42.033 ], [ -67.333, -42.033 ], [ -67.366, -42.033 ], [ -67.399, -42.033 ], [ -67.399, -42.066 ], [ -67.399, -42.099 ], [ -67.433, -42.099 ], [ -67.433, -42.133 ], [ -67.466, -42.133 ], [ -67.466, -42.166 ], [ -67.466, -42.199 ], [ -67.466, -42.233 ], [ -67.499, -42.233 ], [ -67.533, -42.233 ], [ -67.533, -42.266 ], [ -67.499, -42.266 ], [ -67.499, -42.299 ], [ -67.466, -42.299 ], [ -67.466, -42.333 ], [ -67.499, -42.333 ], [ -67.499, -42.366 ], [ -67.499, -42.399 ], [ -67.466, -42.399 ], [ -67.466, -42.433 ], [ -67.466, -42.466 ], [ -67.466, -42.499 ], [ -67.499, -42.499 ], [ -67.499, -42.533 ], [ -67.466, -42.533 ], [ -67.466, -42.566 ], [ -67.466, -42.599 ], [ -67.433, -42.599 ], [ -67.433, -42.633 ], [ -67.433, -42.666 ], [ -67.466, -42.666 ], [ -67.499, -42.666 ], [ -67.499, -42.633 ], [ -67.533, -42.633 ], [ -67.533, -42.666 ], [ -67.533, -42.699 ], [ -67.566, -42.699 ], [ -67.566, -42.666 ], [ -67.599, -42.666 ], [ -67.633, -42.666 ], [ -67.633, -42.699 ], [ -67.633, -42.733 ], [ -67.599, -42.733 ], [ -67.599, -42.766 ], [ -67.633, -42.766 ], [ -67.666, -42.766 ], [ -67.699, -42.766 ], [ -67.733, -42.766 ], [ -67.766, -42.766 ], [ -67.766, -42.799 ], [ -67.799, -42.799 ], [ -67.799, -42.833 ], [ -67.799, -42.866 ], [ -67.833, -42.866 ], [ -67.866, -42.866 ], [ -67.866, -42.833 ], [ -67.899, -42.833 ], [ -67.899, -42.866 ], [ -67.933, -42.866 ], [ -67.966, -42.866 ], [ -67.999, -42.866 ], [ -67.999, -42.899 ], [ -67.999, -42.933 ], [ -68.033, -42.933 ], [ -68.066, -42.933 ], [ -68.066, -42.966 ], [ -68.066, -42.999 ], [ -68.033, -42.999 ], [ -68.033, -43.033 ], [ -67.999, -43.033 ], [ -67.966, -43.033 ], [ -67.966, -43.066 ], [ -67.999, -43.066 ], [ -68.033, -43.066 ], [ -68.066, -43.066 ], [ -68.099, -43.066 ], [ -68.133, -43.066 ], [ -68.166, -43.066 ], [ -68.199, -43.066 ], [ -68.233, -43.066 ], [ -68.266, -43.066 ], [ -68.299, -43.066 ], [ -68.333, -43.066 ], [ -68.366, -43.066 ], [ -68.399, -43.066 ], [ -68.399, -43.099 ], [ -68.399, -43.133 ], [ -68.399, -43.166 ], [ -68.399, -43.199 ], [ -68.399, -43.233 ], [ -68.433, -43.233 ], [ -68.433, -43.199 ], [ -68.466, -43.199 ], [ -68.466, -43.166 ], [ -68.466, -43.133 ], [ -68.499, -43.133 ], [ -68.499, -43.099 ], [ -68.499, -43.066 ], [ -68.466, -43.066 ], [ -68.433, -43.066 ], [ -68.433, -43.033 ], [ -68.399, -43.033 ], [ -68.399, -42.999 ], [ -68.399, -42.966 ], [ -68.366, -42.966 ], [ -68.333, -42.966 ], [ -68.299, -42.966 ], [ -68.299, -42.999 ], [ -68.266, -42.999 ], [ -68.233, -42.999 ], [ -68.199, -42.999 ], [ -68.199, -42.966 ], [ -68.166, -42.966 ], [ -68.133, -42.966 ], [ -68.133, -42.933 ], [ -68.099, -42.933 ], [ -68.099, -42.899 ], [ -68.066, -42.899 ], [ -68.066, -42.866 ], [ -68.033, -42.866 ], [ -68.033, -42.833 ], [ -68.033, -42.799 ], [ -67.999, -42.799 ], [ -67.999, -42.766 ], [ -67.966, -42.766 ], [ -67.966, -42.799 ], [ -67.933, -42.799 ], [ -67.933, -42.766 ], [ -67.899, -42.766 ], [ -67.866, -42.766 ], [ -67.866, -42.733 ], [ -67.833, -42.733 ], [ -67.799, -42.733 ], [ -67.766, -42.733 ], [ -67.766, -42.699 ], [ -67.733, -42.699 ], [ -67.699, -42.699 ], [ -67.699, -42.666 ], [ -67.733, -42.666 ], [ -67.733, -42.633 ], [ -67.699, -42.633 ], [ -67.699, -42.599 ], [ -67.666, -42.599 ], [ -67.666, -42.633 ], [ -67.633, -42.633 ], [ -67.599, -42.633 ], [ -67.599, -42.599 ], [ -67.566, -42.599 ], [ -67.566, -42.566 ], [ -67.599, -42.566 ], [ -67.599, -42.533 ], [ -67.599, -42.499 ], [ -67.599, -42.466 ], [ -67.599, -42.433 ], [ -67.599, -42.399 ], [ -67.633, -42.399 ], [ -67.666, -42.399 ], [ -67.699, -42.399 ], [ -67.699, -42.433 ], [ -67.733, -42.433 ], [ -67.733, -42.466 ], [ -67.766, -42.466 ], [ -67.766, -42.499 ], [ -67.799, -42.499 ], [ -67.833, -42.499 ], [ -67.833, -42.533 ], [ -67.833, -42.566 ], [ -67.833, -42.599 ], [ -67.866, -42.599 ], [ -67.899, -42.599 ], [ -67.899, -42.633 ], [ -67.933, -42.633 ], [ -67.933, -42.666 ], [ -67.966, -42.666 ], [ -67.999, -42.666 ], [ -68.033, -42.666 ], [ -68.033, -42.699 ], [ -67.999, -42.699 ], [ -67.999, -42.733 ], [ -68.033, -42.733 ], [ -68.066, -42.733 ], [ -68.066, -42.699 ], [ -68.099, -42.699 ], [ -68.099, -42.666 ], [ -68.133, -42.666 ], [ -68.133, -42.633 ], [ -68.166, -42.633 ], [ -68.199, -42.633 ], [ -68.233, -42.633 ], [ -68.233, -42.666 ], [ -68.233, -42.699 ], [ -68.266, -42.699 ], [ -68.266, -42.666 ], [ -68.299, -42.666 ], [ -68.333, -42.666 ], [ -68.366, -42.666 ], [ -68.399, -42.666 ], [ -68.433, -42.666 ], [ -68.466, -42.666 ], [ -68.499, -42.666 ], [ -68.533, -42.666 ], [ -68.566, -42.666 ], [ -68.599, -42.666 ], [ -68.599, -42.633 ], [ -68.599, -42.599 ], [ -68.633, -42.599 ], [ -68.666, -42.599 ], [ -68.666, -42.566 ], [ -68.699, -42.566 ], [ -68.733, -42.566 ], [ -68.733, -42.533 ], [ -68.766, -42.533 ], [ -68.799, -42.533 ], [ -68.799, -42.499 ], [ -68.799, -42.466 ], [ -68.799, -42.433 ], [ -68.799, -42.399 ], [ -68.799, -42.366 ], [ -68.799, -42.333 ], [ -68.833, -42.333 ], [ -68.833, -42.299 ], [ -68.833, -42.266 ], [ -68.799, -42.266 ], [ -68.799, -42.299 ], [ -68.766, -42.299 ], [ -68.733, -42.299 ], [ -68.699, -42.299 ], [ -68.666, -42.299 ], [ -68.633, -42.299 ], [ -68.599, -42.299 ], [ -68.566, -42.299 ], [ -68.533, -42.299 ], [ -68.533, -42.266 ], [ -68.499, -42.266 ], [ -68.466, -42.266 ], [ -68.433, -42.266 ], [ -68.399, -42.266 ], [ -68.366, -42.266 ], [ -68.333, -42.266 ], [ -68.333, -42.299 ], [ -68.299, -42.299 ], [ -68.266, -42.299 ], [ -68.266, -42.333 ], [ -68.233, -42.333 ], [ -68.233, -42.366 ], [ -68.233, -42.399 ], [ -68.199, -42.399 ], [ -68.166, -42.399 ], [ -68.133, -42.399 ], [ -68.099, -42.399 ], [ -68.099, -42.433 ], [ -68.066, -42.433 ], [ -68.033, -42.433 ], [ -67.999, -42.433 ], [ -67.966, -42.433 ], [ -67.966, -42.399 ], [ -67.933, -42.399 ], [ -67.933, -42.366 ], [ -67.899, -42.366 ], [ -67.899, -42.333 ], [ -67.866, -42.333 ], [ -67.866, -42.299 ], [ -67.866, -42.266 ], [ -67.866, -42.233 ], [ -67.866, -42.199 ], [ -67.866, -42.166 ], [ -67.833, -42.166 ], [ -67.833, -42.133 ], [ -67.799, -42.133 ], [ -67.799, -42.099 ], [ -67.766, -42.099 ], [ -67.766, -42.133 ], [ -67.733, -42.133 ], [ -67.699, -42.133 ], [ -67.699, -42.166 ], [ -67.666, -42.166 ], [ -67.633, -42.166 ], [ -67.599, -42.166 ], [ -67.599, -42.133 ], [ -67.566, -42.133 ], [ -67.533, -42.133 ], [ -67.533, -42.099 ], [ -67.566, -42.099 ], [ -67.566, -42.066 ], [ -67.533, -42.066 ], [ -67.533, -42.033 ], [ -67.499, -42.033 ], [ -67.466, -42.033 ], [ -67.466, -41.999 ], [ -67.466, -41.966 ], [ -67.499, -41.966 ], [ -67.533, -41.966 ], [ -67.533, -41.933 ], [ -67.566, -41.933 ], [ -67.599, -41.933 ], [ -67.633, -41.933 ], [ -67.666, -41.933 ], [ -67.666, -41.966 ], [ -67.699, -41.966 ], [ -67.733, -41.966 ], [ -67.733, -41.999 ], [ -67.766, -41.999 ], [ -67.799, -41.999 ], [ -67.799, -42.033 ], [ -67.833, -42.033 ], [ -67.833, -41.999 ], [ -67.866, -41.999 ], [ -67.899, -41.999 ], [ -67.933, -41.999 ], [ -67.933, -41.966 ], [ -67.933, -41.933 ], [ -67.966, -41.933 ], [ -67.999, -41.933 ], [ -67.999, -41.899 ], [ -68.033, -41.899 ], [ -68.033, -41.866 ], [ -68.033, -41.833 ], [ -67.999, -41.833 ], [ -67.999, -41.799 ], [ -68.033, -41.799 ], [ -68.033, -41.766 ], [ -68.033, -41.733 ], [ -68.033, -41.699 ], [ -68.033, -41.666 ], [ -68.033, -41.633 ], [ -67.999, -41.633 ], [ -67.999, -41.599 ], [ -67.999, -41.566 ], [ -67.999, -41.533 ], [ -67.999, -41.499 ], [ -67.966, -41.499 ], [ -67.966, -41.466 ], [ -67.966, -41.433 ], [ -67.933, -41.433 ], [ -67.933, -41.466 ], [ -67.899, -41.466 ], [ -67.866, -41.466 ], [ -67.866, -41.433 ], [ -67.833, -41.433 ], [ -67.833, -41.399 ], [ -67.833, -41.366 ], [ -67.799, -41.366 ], [ -67.766, -41.366 ], [ -67.733, -41.366 ], [ -67.733, -41.333 ], [ -67.699, -41.333 ], [ -67.699, -41.299 ], [ -67.699, -41.266 ], [ -67.699, -41.233 ], [ -67.699, -41.199 ], [ -67.699, -41.166 ], [ -67.733, -41.166 ], [ -67.733, -41.199 ], [ -67.733, -41.233 ], [ -67.766, -41.233 ], [ -67.766, -41.266 ], [ -67.799, -41.266 ], [ -67.799, -41.299 ], [ -67.833, -41.299 ], [ -67.833, -41.333 ], [ -67.833, -41.366 ], [ -67.866, -41.366 ], [ -67.899, -41.366 ], [ -67.933, -41.366 ], [ -67.966, -41.366 ], [ -67.999, -41.366 ], [ -68.033, -41.366 ], [ -68.066, -41.366 ], [ -68.066, -41.399 ], [ -68.099, -41.399 ], [ -68.133, -41.399 ], [ -68.133, -41.433 ], [ -68.166, -41.433 ], [ -68.166, -41.466 ], [ -68.199, -41.466 ], [ -68.199, -41.499 ], [ -68.233, -41.499 ], [ -68.266, -41.499 ], [ -68.299, -41.499 ], [ -68.333, -41.499 ], [ -68.366, -41.499 ], [ -68.399, -41.499 ], [ -68.433, -41.499 ], [ -68.466, -41.499 ], [ -68.499, -41.499 ], [ -68.533, -41.499 ], [ -68.533, -41.533 ], [ -68.566, -41.533 ], [ -68.566, -41.566 ], [ -68.599, -41.566 ], [ -68.599, -41.599 ], [ -68.599, -41.633 ], [ -68.566, -41.633 ], [ -68.566, -41.666 ], [ -68.599, -41.666 ], [ -68.599, -41.699 ], [ -68.599, -41.733 ], [ -68.566, -41.733 ], [ -68.533, -41.733 ], [ -68.533, -41.766 ], [ -68.566, -41.766 ], [ -68.599, -41.766 ], [ -68.599, -41.799 ], [ -68.633, -41.799 ], [ -68.633, -41.833 ], [ -68.666, -41.833 ], [ -68.699, -41.833 ], [ -68.699, -41.799 ], [ -68.733, -41.799 ], [ -68.733, -41.833 ], [ -68.766, -41.833 ], [ -68.766, -41.799 ], [ -68.766, -41.766 ], [ -68.799, -41.766 ], [ -68.799, -41.799 ], [ -68.799, -41.833 ], [ -68.766, -41.833 ], [ -68.766, -41.866 ], [ -68.799, -41.866 ], [ -68.833, -41.866 ], [ -68.833, -41.833 ], [ -68.833, -41.799 ], [ -68.833, -41.766 ], [ -68.833, -41.733 ], [ -68.799, -41.733 ], [ -68.799, -41.699 ], [ -68.766, -41.699 ], [ -68.766, -41.666 ], [ -68.766, -41.633 ], [ -68.766, -41.599 ], [ -68.799, -41.599 ], [ -68.799, -41.566 ], [ -68.833, -41.566 ], [ -68.866, -41.566 ], [ -68.899, -41.566 ], [ -68.899, -41.533 ], [ -68.899, -41.499 ], [ -68.933, -41.499 ], [ -68.966, -41.499 ], [ -68.966, -41.466 ], [ -68.999, -41.466 ], [ -68.999, -41.499 ], [ -69.033, -41.499 ], [ -69.033, -41.533 ], [ -69.066, -41.533 ], [ -69.099, -41.533 ], [ -69.099, -41.566 ], [ -69.133, -41.566 ], [ -69.166, -41.566 ], [ -69.199, -41.566 ], [ -69.233, -41.566 ], [ -69.266, -41.566 ], [ -69.266, -41.599 ], [ -69.266, -41.633 ], [ -69.266, -41.666 ], [ -69.299, -41.666 ], [ -69.333, -41.666 ], [ -69.366, -41.666 ], [ -69.366, -41.699 ], [ -69.366, -41.733 ], [ -69.333, -41.733 ], [ -69.333, -41.766 ], [ -69.366, -41.766 ], [ -69.366, -41.799 ], [ -69.366, -41.833 ], [ -69.333, -41.833 ], [ -69.333, -41.866 ], [ -69.366, -41.866 ], [ -69.366, -41.899 ], [ -69.366, -41.933 ], [ -69.366, -41.966 ], [ -69.399, -41.966 ], [ -69.399, -41.933 ], [ -69.399, -41.899 ], [ -69.399, -41.866 ], [ -69.433, -41.866 ], [ -69.433, -41.899 ], [ -69.466, -41.899 ], [ -69.466, -41.933 ], [ -69.499, -41.933 ], [ -69.499, -41.966 ], [ -69.499, -41.999 ], [ -69.466, -41.999 ], [ -69.466, -42.033 ], [ -69.433, -42.033 ], [ -69.433, -42.066 ], [ -69.466, -42.066 ], [ -69.466, -42.099 ], [ -69.466, -42.133 ], [ -69.433, -42.133 ], [ -69.399, -42.133 ], [ -69.399, -42.166 ], [ -69.366, -42.166 ], [ -69.333, -42.166 ], [ -69.333, -42.199 ], [ -69.299, -42.199 ], [ -69.266, -42.199 ], [ -69.233, -42.199 ], [ -69.199, -42.199 ], [ -69.199, -42.233 ], [ -69.199, -42.266 ], [ -69.166, -42.266 ], [ -69.166, -42.299 ], [ -69.166, -42.333 ], [ -69.133, -42.333 ], [ -69.099, -42.333 ], [ -69.099, -42.366 ], [ -69.099, -42.399 ], [ -69.133, -42.399 ], [ -69.133, -42.433 ], [ -69.099, -42.433 ], [ -69.099, -42.466 ], [ -69.099, -42.499 ], [ -69.133, -42.499 ], [ -69.133, -42.533 ], [ -69.099, -42.533 ], [ -69.099, -42.566 ], [ -69.099, -42.599 ], [ -69.066, -42.599 ], [ -69.066, -42.633 ], [ -69.066, -42.666 ], [ -69.099, -42.666 ], [ -69.099, -42.699 ], [ -69.133, -42.699 ], [ -69.166, -42.699 ], [ -69.199, -42.699 ], [ -69.233, -42.699 ], [ -69.233, -42.733 ], [ -69.266, -42.733 ], [ -69.266, -42.766 ], [ -69.299, -42.766 ], [ -69.333, -42.766 ], [ -69.333, -42.733 ], [ -69.333, -42.699 ], [ -69.299, -42.699 ], [ -69.299, -42.666 ], [ -69.333, -42.666 ], [ -69.366, -42.666 ], [ -69.366, -42.699 ], [ -69.366, -42.733 ], [ -69.366, -42.766 ], [ -69.399, -42.766 ], [ -69.399, -42.799 ], [ -69.366, -42.799 ], [ -69.333, -42.799 ], [ -69.333, -42.833 ], [ -69.333, -42.866 ], [ -69.299, -42.866 ], [ -69.299, -42.899 ], [ -69.299, -42.933 ], [ -69.299, -42.966 ], [ -69.299, -42.999 ], [ -69.333, -42.999 ], [ -69.333, -42.966 ], [ -69.333, -42.933 ], [ -69.333, -42.899 ], [ -69.366, -42.899 ], [ -69.399, -42.899 ], [ -69.399, -42.866 ], [ -69.399, -42.833 ], [ -69.433, -42.833 ], [ -69.433, -42.799 ], [ -69.466, -42.799 ], [ -69.466, -42.766 ], [ -69.499, -42.766 ], [ -69.533, -42.766 ], [ -69.533, -42.733 ], [ -69.499, -42.733 ], [ -69.466, -42.733 ], [ -69.433, -42.733 ], [ -69.433, -42.699 ], [ -69.433, -42.666 ], [ -69.466, -42.666 ], [ -69.499, -42.666 ], [ -69.533, -42.666 ], [ -69.533, -42.699 ], [ -69.533, -42.733 ], [ -69.566, -42.733 ], [ -69.599, -42.733 ], [ -69.599, -42.699 ], [ -69.599, -42.666 ], [ -69.633, -42.666 ], [ -69.633, -42.633 ], [ -69.666, -42.633 ], [ -69.666, -42.599 ], [ -69.666, -42.566 ], [ -69.666, -42.533 ], [ -69.666, -42.499 ], [ -69.666, -42.466 ], [ -69.666, -42.433 ], [ -69.699, -42.433 ], [ -69.733, -42.433 ], [ -69.766, -42.433 ], [ -69.799, -42.433 ], [ -69.833, -42.433 ], [ -69.833, -42.466 ], [ -69.866, -42.466 ], [ -69.866, -42.499 ], [ -69.866, -42.533 ], [ -69.899, -42.533 ], [ -69.933, -42.533 ], [ -69.966, -42.533 ], [ -69.999, -42.533 ], [ -69.999, -42.499 ], [ -70.033, -42.499 ], [ -70.066, -42.499 ], [ -70.066, -42.466 ], [ -70.099, -42.466 ], [ -70.099, -42.433 ], [ -70.066, -42.433 ], [ -70.066, -42.399 ], [ -70.099, -42.399 ], [ -70.133, -42.399 ], [ -70.166, -42.399 ], [ -70.199, -42.399 ], [ -70.199, -42.433 ], [ -70.199, -42.466 ], [ -70.233, -42.466 ], [ -70.266, -42.466 ], [ -70.299, -42.466 ], [ -70.299, -42.499 ], [ -70.266, -42.499 ], [ -70.233, -42.499 ], [ -70.199, -42.499 ], [ -70.199, -42.466 ], [ -70.166, -42.466 ], [ -70.133, -42.466 ], [ -70.099, -42.466 ], [ -70.099, -42.499 ], [ -70.133, -42.499 ], [ -70.133, -42.533 ], [ -70.166, -42.533 ], [ -70.199, -42.533 ], [ -70.199, -42.566 ], [ -70.233, -42.566 ], [ -70.233, -42.599 ], [ -70.266, -42.599 ], [ -70.266, -42.566 ], [ -70.299, -42.566 ], [ -70.299, -42.533 ], [ -70.333, -42.533 ], [ -70.333, -42.499 ], [ -70.366, -42.499 ], [ -70.366, -42.466 ], [ -70.366, -42.433 ], [ -70.366, -42.399 ], [ -70.366, -42.366 ], [ -70.333, -42.366 ], [ -70.299, -42.366 ], [ -70.299, -42.399 ], [ -70.266, -42.399 ], [ -70.266, -42.366 ], [ -70.266, -42.333 ], [ -70.233, -42.333 ], [ -70.233, -42.299 ], [ -70.199, -42.299 ], [ -70.199, -42.266 ], [ -70.199, -42.233 ], [ -70.233, -42.233 ], [ -70.233, -42.266 ], [ -70.266, -42.266 ], [ -70.266, -42.299 ], [ -70.299, -42.299 ], [ -70.299, -42.266 ], [ -70.299, -42.233 ], [ -70.299, -42.199 ], [ -70.333, -42.199 ], [ -70.366, -42.199 ], [ -70.366, -42.166 ], [ -70.399, -42.166 ], [ -70.399, -42.133 ], [ -70.399, -42.099 ], [ -70.366, -42.099 ], [ -70.366, -42.066 ], [ -70.366, -42.033 ], [ -70.333, -42.033 ], [ -70.333, -41.999 ], [ -70.299, -41.999 ], [ -70.266, -41.999 ], [ -70.266, -42.033 ], [ -70.266, -42.066 ], [ -70.233, -42.066 ], [ -70.233, -42.099 ], [ -70.199, -42.099 ], [ -70.166, -42.099 ], [ -70.166, -42.066 ], [ -70.133, -42.066 ], [ -70.133, -42.099 ], [ -70.099, -42.099 ], [ -70.099, -42.133 ], [ -70.099, -42.166 ], [ -70.066, -42.166 ], [ -70.066, -42.199 ], [ -70.033, -42.199 ], [ -70.033, -42.233 ], [ -69.999, -42.233 ], [ -69.966, -42.233 ], [ -69.933, -42.233 ], [ -69.899, -42.233 ], [ -69.899, -42.266 ], [ -69.866, -42.266 ], [ -69.833, -42.266 ], [ -69.799, -42.266 ], [ -69.766, -42.266 ], [ -69.733, -42.266 ], [ -69.733, -42.299 ], [ -69.699, -42.299 ], [ -69.699, -42.333 ], [ -69.699, -42.366 ], [ -69.666, -42.366 ], [ -69.633, -42.366 ], [ -69.599, -42.366 ], [ -69.566, -42.366 ], [ -69.566, -42.333 ], [ -69.533, -42.333 ], [ -69.533, -42.299 ], [ -69.499, -42.299 ], [ -69.466, -42.299 ], [ -69.466, -42.266 ], [ -69.466, -42.233 ], [ -69.466, -42.199 ], [ -69.499, -42.199 ], [ -69.499, -42.166 ], [ -69.533, -42.166 ], [ -69.533, -42.133 ], [ -69.566, -42.133 ], [ -69.566, -42.099 ], [ -69.599, -42.099 ], [ -69.633, -42.099 ], [ -69.633, -42.066 ], [ -69.633, -42.033 ], [ -69.666, -42.033 ], [ -69.666, -41.999 ], [ -69.699, -41.999 ], [ -69.733, -41.999 ], [ -69.766, -41.999 ], [ -69.799, -41.999 ], [ -69.833, -41.999 ], [ -69.833, -41.966 ], [ -69.866, -41.966 ], [ -69.866, -41.933 ], [ -69.866, -41.899 ], [ -69.866, -41.866 ], [ -69.899, -41.866 ], [ -69.899, -41.833 ], [ -69.899, -41.799 ], [ -69.933, -41.799 ], [ -69.933, -41.766 ], [ -69.966, -41.766 ], [ -69.999, -41.766 ], [ -70.033, -41.766 ], [ -70.033, -41.733 ], [ -70.066, -41.733 ], [ -70.066, -41.699 ], [ -70.099, -41.699 ], [ -70.099, -41.666 ], [ -70.133, -41.666 ], [ -70.133, -41.699 ], [ -70.133, -41.733 ], [ -70.166, -41.733 ], [ -70.199, -41.733 ], [ -70.199, -41.766 ], [ -70.166, -41.766 ], [ -70.166, -41.799 ], [ -70.133, -41.799 ], [ -70.099, -41.799 ], [ -70.099, -41.833 ], [ -70.066, -41.833 ], [ -70.033, -41.833 ], [ -70.033, -41.866 ], [ -70.033, -41.899 ], [ -70.066, -41.899 ], [ -70.099, -41.899 ], [ -70.099, -41.866 ], [ -70.133, -41.866 ], [ -70.166, -41.866 ], [ -70.199, -41.866 ], [ -70.233, -41.866 ], [ -70.233, -41.899 ], [ -70.266, -41.899 ], [ -70.299, -41.899 ], [ -70.299, -41.866 ], [ -70.333, -41.866 ], [ -70.333, -41.833 ], [ -70.366, -41.833 ], [ -70.366, -41.799 ], [ -70.366, -41.766 ], [ -70.399, -41.766 ], [ -70.399, -41.733 ], [ -70.366, -41.733 ], [ -70.366, -41.699 ], [ -70.333, -41.699 ], [ -70.299, -41.699 ], [ -70.266, -41.699 ], [ -70.266, -41.666 ], [ -70.299, -41.666 ], [ -70.299, -41.633 ], [ -70.333, -41.633 ], [ -70.366, -41.633 ], [ -70.366, -41.599 ], [ -70.399, -41.599 ], [ -70.399, -41.633 ], [ -70.399, -41.666 ], [ -70.399, -41.699 ], [ -70.399, -41.733 ], [ -70.433, -41.733 ], [ -70.433, -41.699 ], [ -70.466, -41.699 ], [ -70.466, -41.666 ], [ -70.466, -41.633 ], [ -70.466, -41.599 ], [ -70.466, -41.566 ], [ -70.466, -41.533 ], [ -70.466, -41.499 ], [ -70.466, -41.466 ], [ -70.433, -41.466 ], [ -70.433, -41.433 ], [ -70.399, -41.433 ], [ -70.399, -41.399 ], [ -70.399, -41.366 ], [ -70.366, -41.366 ], [ -70.366, -41.333 ], [ -70.333, -41.333 ], [ -70.299, -41.333 ], [ -70.299, -41.299 ], [ -70.266, -41.299 ], [ -70.266, -41.333 ], [ -70.233, -41.333 ], [ -70.199, -41.333 ], [ -70.166, -41.333 ], [ -70.166, -41.299 ], [ -70.166, -41.266 ], [ -70.133, -41.266 ], [ -70.133, -41.233 ], [ -70.099, -41.233 ], [ -70.099, -41.199 ], [ -70.066, -41.199 ], [ -70.066, -41.166 ], [ -70.066, -41.133 ], [ -70.066, -41.099 ], [ -70.099, -41.099 ], [ -70.099, -41.066 ], [ -70.133, -41.066 ], [ -70.133, -41.033 ], [ -70.166, -41.033 ], [ -70.166, -40.999 ], [ -70.133, -40.999 ], [ -70.099, -40.999 ], [ -70.099, -41.033 ], [ -70.066, -41.033 ], [ -70.033, -41.033 ], [ -69.999, -41.033 ], [ -69.966, -41.033 ], [ -69.966, -40.999 ], [ -69.966, -40.966 ], [ -69.966, -40.933 ], [ -69.999, -40.933 ], [ -70.033, -40.933 ], [ -70.033, -40.899 ], [ -70.066, -40.899 ], [ -70.066, -40.866 ], [ -70.099, -40.866 ], [ -70.099, -40.833 ], [ -70.066, -40.833 ], [ -70.066, -40.799 ], [ -70.033, -40.799 ], [ -70.033, -40.833 ], [ -69.999, -40.833 ], [ -69.999, -40.799 ], [ -69.966, -40.799 ], [ -69.966, -40.766 ], [ -69.966, -40.733 ], [ -69.999, -40.733 ], [ -69.999, -40.699 ], [ -69.966, -40.699 ], [ -69.966, -40.666 ], [ -69.999, -40.666 ], [ -69.999, -40.633 ], [ -69.999, -40.599 ], [ -69.999, -40.566 ], [ -69.966, -40.566 ], [ -69.933, -40.566 ], [ -69.933, -40.533 ], [ -69.966, -40.533 ], [ -69.966, -40.499 ], [ -69.999, -40.499 ], [ -69.999, -40.466 ], [ -69.966, -40.466 ], [ -69.933, -40.466 ], [ -69.899, -40.466 ], [ -69.899, -40.499 ], [ -69.899, -40.533 ], [ -69.866, -40.533 ], [ -69.866, -40.499 ], [ -69.833, -40.499 ], [ -69.799, -40.499 ], [ -69.799, -40.466 ], [ -69.833, -40.466 ], [ -69.833, -40.433 ], [ -69.866, -40.433 ], [ -69.866, -40.399 ], [ -69.899, -40.399 ], [ -69.899, -40.366 ], [ -69.899, -40.333 ], [ -69.866, -40.333 ], [ -69.833, -40.333 ], [ -69.799, -40.333 ], [ -69.766, -40.333 ], [ -69.733, -40.333 ], [ -69.733, -40.299 ], [ -69.699, -40.299 ], [ -69.699, -40.266 ], [ -69.666, -40.266 ], [ -69.666, -40.233 ], [ -69.666, -40.199 ], [ -69.699, -40.199 ], [ -69.699, -40.166 ], [ -69.699, -40.133 ], [ -69.666, -40.133 ], [ -69.666, -40.099 ], [ -69.633, -40.099 ], [ -69.633, -40.066 ], [ -69.599, -40.066 ], [ -69.599, -40.033 ], [ -69.566, -40.033 ], [ -69.566, -39.999 ], [ -69.533, -39.999 ], [ -69.533, -40.033 ], [ -69.533, -40.066 ], [ -69.499, -40.066 ], [ -69.499, -40.099 ], [ -69.466, -40.099 ], [ -69.433, -40.099 ], [ -69.433, -40.066 ], [ -69.433, -40.033 ], [ -69.399, -40.033 ], [ -69.366, -40.033 ], [ -69.333, -40.033 ], [ -69.333, -40.066 ], [ -69.299, -40.066 ], [ -69.266, -40.066 ], [ -69.266, -40.099 ], [ -69.233, -40.099 ], [ -69.199, -40.099 ], [ -69.199, -40.133 ], [ -69.199, -40.166 ], [ -69.166, -40.166 ], [ -69.133, -40.166 ], [ -69.133, -40.199 ], [ -69.099, -40.199 ], [ -69.099, -40.166 ], [ -69.099, -40.133 ], [ -69.133, -40.133 ], [ -69.133, -40.099 ], [ -69.133, -40.066 ], [ -69.099, -40.066 ], [ -69.099, -40.033 ], [ -69.066, -40.033 ], [ -69.033, -40.033 ], [ -68.999, -40.033 ], [ -68.966, -40.033 ], [ -68.933, -40.033 ], [ -68.899, -40.033 ], [ -68.866, -40.033 ], [ -68.833, -40.033 ], [ -68.833, -40.066 ], [ -68.799, -40.066 ], [ -68.766, -40.066 ], [ -68.766, -40.099 ], [ -68.733, -40.099 ], [ -68.733, -40.066 ], [ -68.699, -40.066 ], [ -68.699, -40.033 ], [ -68.699, -39.999 ], [ -68.699, -39.966 ], [ -68.666, -39.966 ], [ -68.633, -39.966 ], [ -68.633, -39.933 ], [ -68.633, -39.899 ], [ -68.599, -39.899 ], [ -68.566, -39.899 ], [ -68.533, -39.899 ], [ -68.533, -39.933 ], [ -68.499, -39.933 ], [ -68.499, -39.966 ], [ -68.466, -39.966 ], [ -68.466, -39.999 ], [ -68.433, -39.999 ], [ -68.399, -39.999 ], [ -68.399, -40.033 ], [ -68.366, -40.033 ], [ -68.333, -40.033 ], [ -68.299, -40.033 ], [ -68.299, -40.066 ], [ -68.266, -40.066 ], [ -68.233, -40.066 ], [ -68.199, -40.066 ], [ -68.199, -40.099 ], [ -68.166, -40.099 ], [ -68.166, -40.133 ], [ -68.199, -40.133 ], [ -68.199, -40.166 ], [ -68.233, -40.166 ], [ -68.233, -40.199 ], [ -68.199, -40.199 ], [ -68.166, -40.199 ], [ -68.166, -40.166 ], [ -68.133, -40.166 ], [ -68.133, -40.199 ], [ -68.099, -40.199 ], [ -68.099, -40.233 ], [ -68.099, -40.266 ], [ -68.099, -40.299 ], [ -68.099, -40.333 ], [ -68.066, -40.333 ], [ -68.033, -40.333 ], [ -68.033, -40.366 ], [ -68.033, -40.399 ], [ -68.033, -40.433 ], [ -67.999, -40.433 ], [ -67.999, -40.466 ], [ -67.999, -40.499 ], [ -68.033, -40.499 ], [ -68.033, -40.533 ], [ -68.033, -40.566 ], [ -68.033, -40.599 ], [ -67.999, -40.599 ], [ -67.999, -40.633 ], [ -67.966, -40.633 ], [ -67.966, -40.666 ], [ -67.933, -40.666 ], [ -67.899, -40.666 ], [ -67.899, -40.699 ], [ -67.933, -40.699 ], [ -67.966, -40.699 ], [ -67.999, -40.699 ], [ -68.033, -40.699 ], [ -68.066, -40.699 ], [ -68.066, -40.733 ], [ -68.099, -40.733 ], [ -68.099, -40.766 ], [ -68.133, -40.766 ], [ -68.133, -40.799 ], [ -68.133, -40.833 ], [ -68.133, -40.866 ], [ -68.099, -40.866 ], [ -68.099, -40.899 ], [ -68.066, -40.899 ], [ -68.033, -40.899 ], [ -68.033, -40.933 ], [ -67.999, -40.933 ], [ -67.966, -40.933 ], [ -67.966, -40.966 ], [ -67.933, -40.966 ] ], [ [ -70.266, -42.799 ], [ -70.266, -42.833 ], [ -70.233, -42.833 ], [ -70.233, -42.799 ], [ -70.266, -42.799 ] ], [ [ -68.633, -40.933 ], [ -68.633, -40.899 ], [ -68.633, -40.866 ], [ -68.666, -40.866 ], [ -68.666, -40.833 ], [ -68.699, -40.833 ], [ -68.733, -40.833 ], [ -68.766, -40.833 ], [ -68.799, -40.833 ], [ -68.799, -40.799 ], [ -68.799, -40.766 ], [ -68.766, -40.766 ], [ -68.766, -40.733 ], [ -68.733, -40.733 ], [ -68.699, -40.733 ], [ -68.699, -40.699 ], [ -68.666, -40.699 ], [ -68.633, -40.699 ], [ -68.633, -40.666 ], [ -68.633, -40.633 ], [ -68.599, -40.633 ], [ -68.599, -40.599 ], [ -68.566, -40.599 ], [ -68.566, -40.566 ], [ -68.566, -40.533 ], [ -68.599, -40.533 ], [ -68.599, -40.499 ], [ -68.633, -40.499 ], [ -68.666, -40.499 ], [ -68.666, -40.466 ], [ -68.666, -40.433 ], [ -68.633, -40.433 ], [ -68.633, -40.399 ], [ -68.666, -40.399 ], [ -68.666, -40.366 ], [ -68.699, -40.366 ], [ -68.733, -40.366 ], [ -68.733, -40.399 ], [ -68.766, -40.399 ], [ -68.799, -40.399 ], [ -68.833, -40.399 ], [ -68.866, -40.399 ], [ -68.899, -40.399 ], [ -68.933, -40.399 ], [ -68.966, -40.399 ], [ -68.966, -40.433 ], [ -68.999, -40.433 ], [ -68.999, -40.466 ], [ -69.033, -40.466 ], [ -69.033, -40.499 ], [ -69.033, -40.533 ], [ -69.033, -40.566 ], [ -68.999, -40.566 ], [ -68.999, -40.599 ], [ -68.999, -40.633 ], [ -68.999, -40.666 ], [ -68.999, -40.699 ], [ -68.966, -40.699 ], [ -68.966, -40.733 ], [ -68.966, -40.766 ], [ -68.966, -40.799 ], [ -68.966, -40.833 ], [ -68.999, -40.833 ], [ -69.033, -40.833 ], [ -69.033, -40.866 ], [ -68.999, -40.866 ], [ -68.966, -40.866 ], [ -68.933, -40.866 ], [ -68.933, -40.899 ], [ -68.933, -40.933 ], [ -68.933, -40.966 ], [ -68.899, -40.966 ], [ -68.899, -40.999 ], [ -68.866, -40.999 ], [ -68.833, -40.999 ], [ -68.833, -41.033 ], [ -68.799, -41.033 ], [ -68.766, -41.033 ], [ -68.766, -40.999 ], [ -68.733, -40.999 ], [ -68.733, -40.966 ], [ -68.699, -40.966 ], [ -68.666, -40.966 ], [ -68.666, -40.933 ], [ -68.633, -40.933 ] ], [ [ -69.333, -41.333 ], [ -69.333, -41.366 ], [ -69.299, -41.366 ], [ -69.299, -41.333 ], [ -69.333, -41.333 ], [ -69.333, -41.299 ], [ -69.366, -41.299 ], [ -69.366, -41.266 ], [ -69.366, -41.233 ], [ -69.366, -41.199 ], [ -69.366, -41.166 ], [ -69.366, -41.133 ], [ -69.366, -41.099 ], [ -69.366, -41.066 ], [ -69.366, -41.033 ], [ -69.366, -40.999 ], [ -69.333, -40.999 ], [ -69.333, -40.966 ], [ -69.333, -40.933 ], [ -69.333, -40.899 ], [ -69.333, -40.866 ], [ -69.299, -40.866 ], [ -69.299, -40.833 ], [ -69.266, -40.833 ], [ -69.266, -40.799 ], [ -69.266, -40.766 ], [ -69.233, -40.766 ], [ -69.233, -40.733 ], [ -69.233, -40.699 ], [ -69.199, -40.699 ], [ -69.199, -40.666 ], [ -69.199, -40.633 ], [ -69.233, -40.633 ], [ -69.233, -40.599 ], [ -69.266, -40.599 ], [ -69.266, -40.566 ], [ -69.299, -40.566 ], [ -69.333, -40.566 ], [ -69.366, -40.566 ], [ -69.399, -40.566 ], [ -69.399, -40.599 ], [ -69.433, -40.599 ], [ -69.466, -40.599 ], [ -69.466, -40.633 ], [ -69.499, -40.633 ], [ -69.499, -40.666 ], [ -69.466, -40.666 ], [ -69.466, -40.699 ], [ -69.499, -40.699 ], [ -69.533, -40.699 ], [ -69.533, -40.666 ], [ -69.566, -40.666 ], [ -69.566, -40.699 ], [ -69.599, -40.699 ], [ -69.633, -40.699 ], [ -69.633, -40.733 ], [ -69.666, -40.733 ], [ -69.666, -40.766 ], [ -69.699, -40.766 ], [ -69.699, -40.799 ], [ -69.733, -40.799 ], [ -69.733, -40.833 ], [ -69.733, -40.866 ], [ -69.766, -40.866 ], [ -69.766, -40.899 ], [ -69.733, -40.899 ], [ -69.733, -40.933 ], [ -69.733, -40.966 ], [ -69.699, -40.966 ], [ -69.699, -40.999 ], [ -69.699, -41.033 ], [ -69.666, -41.033 ], [ -69.666, -41.066 ], [ -69.699, -41.066 ], [ -69.699, -41.099 ], [ -69.699, -41.133 ], [ -69.699, -41.166 ], [ -69.699, -41.199 ], [ -69.733, -41.199 ], [ -69.733, -41.233 ], [ -69.733, -41.266 ], [ -69.766, -41.266 ], [ -69.766, -41.233 ], [ -69.799, -41.233 ], [ -69.799, -41.199 ], [ -69.833, -41.199 ], [ -69.833, -41.166 ], [ -69.866, -41.166 ], [ -69.899, -41.166 ], [ -69.933, -41.166 ], [ -69.933, -41.199 ], [ -69.966, -41.199 ], [ -69.999, -41.199 ], [ -69.999, -41.233 ], [ -70.033, -41.233 ], [ -70.033, -41.266 ], [ -70.033, -41.299 ], [ -69.999, -41.299 ], [ -69.966, -41.299 ], [ -69.966, -41.333 ], [ -69.966, -41.366 ], [ -69.966, -41.399 ], [ -69.999, -41.399 ], [ -69.999, -41.433 ], [ -69.966, -41.433 ], [ -69.966, -41.466 ], [ -69.933, -41.466 ], [ -69.899, -41.466 ], [ -69.899, -41.499 ], [ -69.899, -41.533 ], [ -69.866, -41.533 ], [ -69.866, -41.566 ], [ -69.833, -41.566 ], [ -69.833, -41.533 ], [ -69.799, -41.533 ], [ -69.766, -41.533 ], [ -69.733, -41.533 ], [ -69.699, -41.533 ], [ -69.666, -41.533 ], [ -69.666, -41.499 ], [ -69.633, -41.499 ], [ -69.633, -41.466 ], [ -69.599, -41.466 ], [ -69.599, -41.499 ], [ -69.566, -41.499 ], [ -69.566, -41.533 ], [ -69.533, -41.533 ], [ -69.499, -41.533 ], [ -69.466, -41.533 ], [ -69.433, -41.533 ], [ -69.433, -41.566 ], [ -69.399, -41.566 ], [ -69.399, -41.599 ], [ -69.366, -41.599 ], [ -69.366, -41.566 ], [ -69.366, -41.533 ], [ -69.399, -41.533 ], [ -69.399, -41.499 ], [ -69.399, -41.466 ], [ -69.399, -41.433 ], [ -69.399, -41.399 ], [ -69.366, -41.399 ], [ -69.366, -41.366 ], [ -69.366, -41.333 ], [ -69.333, -41.333 ] ], [ [ -70.033, -41.599 ], [ -70.033, -41.566 ], [ -70.066, -41.566 ], [ -70.066, -41.533 ], [ -70.066, -41.499 ], [ -70.066, -41.466 ], [ -70.033, -41.466 ], [ -70.033, -41.433 ], [ -70.066, -41.433 ], [ -70.066, -41.399 ], [ -70.099, -41.399 ], [ -70.133, -41.399 ], [ -70.166, -41.399 ], [ -70.166, -41.366 ], [ -70.199, -41.366 ], [ -70.199, -41.399 ], [ -70.233, -41.399 ], [ -70.266, -41.399 ], [ -70.299, -41.399 ], [ -70.333, -41.399 ], [ -70.333, -41.433 ], [ -70.366, -41.433 ], [ -70.366, -41.466 ], [ -70.399, -41.466 ], [ -70.399, -41.499 ], [ -70.366, -41.499 ], [ -70.366, -41.533 ], [ -70.399, -41.533 ], [ -70.433, -41.533 ], [ -70.433, -41.566 ], [ -70.399, -41.566 ], [ -70.366, -41.566 ], [ -70.333, -41.566 ], [ -70.333, -41.599 ], [ -70.299, -41.599 ], [ -70.266, -41.599 ], [ -70.233, -41.599 ], [ -70.199, -41.599 ], [ -70.166, -41.599 ], [ -70.166, -41.633 ], [ -70.133, -41.633 ], [ -70.099, -41.633 ], [ -70.066, -41.633 ], [ -70.066, -41.599 ], [ -70.033, -41.599 ] ], [ [ -69.866, -40.933 ], [ -69.866, -40.899 ], [ -69.899, -40.899 ], [ -69.899, -40.933 ], [ -69.866, -40.933 ] ], [ [ -68.033, -41.099 ], [ -68.033, -41.133 ], [ -67.999, -41.133 ], [ -67.999, -41.166 ], [ -67.966, -41.166 ], [ -67.933, -41.166 ], [ -67.933, -41.133 ], [ -67.966, -41.133 ], [ -67.966, -41.099 ], [ -67.999, -41.099 ], [ -68.033, -41.099 ] ], [ [ -69.366, -40.466 ], [ -69.366, -40.433 ], [ -69.399, -40.433 ], [ -69.433, -40.433 ], [ -69.433, -40.466 ], [ -69.399, -40.466 ], [ -69.366, -40.466 ] ], [ [ -68.366, -40.399 ], [ -68.366, -40.433 ], [ -68.333, -40.433 ], [ -68.299, -40.433 ], [ -68.266, -40.433 ], [ -68.266, -40.466 ], [ -68.233, -40.466 ], [ -68.233, -40.499 ], [ -68.199, -40.499 ], [ -68.166, -40.499 ], [ -68.166, -40.466 ], [ -68.166, -40.433 ], [ -68.166, -40.399 ], [ -68.199, -40.399 ], [ -68.199, -40.366 ], [ -68.233, -40.366 ], [ -68.266, -40.366 ], [ -68.266, -40.333 ], [ -68.299, -40.333 ], [ -68.333, -40.333 ], [ -68.333, -40.366 ], [ -68.366, -40.366 ], [ -68.366, -40.399 ] ], [ [ -68.999, -40.166 ], [ -68.999, -40.133 ], [ -69.033, -40.133 ], [ -69.033, -40.166 ], [ -68.999, -40.166 ] ], [ [ -68.633, -40.133 ], [ -68.633, -40.166 ], [ -68.599, -40.166 ], [ -68.599, -40.133 ], [ -68.566, -40.133 ], [ -68.566, -40.166 ], [ -68.533, -40.166 ], [ -68.533, -40.133 ], [ -68.499, -40.133 ], [ -68.466, -40.133 ], [ -68.466, -40.099 ], [ -68.499, -40.099 ], [ -68.533, -40.099 ], [ -68.533, -40.066 ], [ -68.566, -40.066 ], [ -68.566, -40.099 ], [ -68.599, -40.099 ], [ -68.599, -40.066 ], [ -68.633, -40.066 ], [ -68.633, -40.099 ], [ -68.633, -40.133 ] ], [ [ -69.866, -41.699 ], [ -69.866, -41.733 ], [ -69.833, -41.733 ], [ -69.799, -41.733 ], [ -69.799, -41.766 ], [ -69.766, -41.766 ], [ -69.766, -41.799 ], [ -69.733, -41.799 ], [ -69.699, -41.799 ], [ -69.699, -41.766 ], [ -69.699, -41.733 ], [ -69.733, -41.733 ], [ -69.733, -41.699 ], [ -69.766, -41.699 ], [ -69.799, -41.699 ], [ -69.833, -41.699 ], [ -69.866, -41.699 ] ], [ [ -70.299, -42.166 ], [ -70.299, -42.133 ], [ -70.299, -42.099 ], [ -70.333, -42.099 ], [ -70.333, -42.133 ], [ -70.333, -42.166 ], [ -70.299, -42.166 ] ], [ [ -67.266, -41.333 ], [ -67.266, -41.366 ], [ -67.266, -41.399 ], [ -67.299, -41.399 ], [ -67.333, -41.399 ], [ -67.366, -41.399 ], [ -67.366, -41.433 ], [ -67.399, -41.433 ], [ -67.433, -41.433 ], [ -67.466, -41.433 ], [ -67.499, -41.433 ], [ -67.533, -41.433 ], [ -67.533, -41.466 ], [ -67.566, -41.466 ], [ -67.599, -41.466 ], [ -67.633, -41.466 ], [ -67.633, -41.499 ], [ -67.599, -41.499 ], [ -67.599, -41.533 ], [ -67.599, -41.566 ], [ -67.633, -41.566 ], [ -67.633, -41.599 ], [ -67.633, -41.633 ], [ -67.633, -41.666 ], [ -67.599, -41.666 ], [ -67.599, -41.699 ], [ -67.566, -41.699 ], [ -67.566, -41.733 ], [ -67.533, -41.733 ], [ -67.533, -41.699 ], [ -67.499, -41.699 ], [ -67.466, -41.699 ], [ -67.433, -41.699 ], [ -67.399, -41.699 ], [ -67.399, -41.666 ], [ -67.399, -41.633 ], [ -67.366, -41.633 ], [ -67.333, -41.633 ], [ -67.333, -41.599 ], [ -67.299, -41.599 ], [ -67.299, -41.633 ], [ -67.266, -41.633 ], [ -67.266, -41.666 ], [ -67.233, -41.666 ], [ -67.199, -41.666 ], [ -67.199, -41.699 ], [ -67.166, -41.699 ], [ -67.166, -41.666 ], [ -67.133, -41.666 ], [ -67.099, -41.666 ], [ -67.066, -41.666 ], [ -67.066, -41.699 ], [ -67.033, -41.699 ], [ -67.033, -41.733 ], [ -66.999, -41.733 ], [ -66.966, -41.733 ], [ -66.933, -41.733 ], [ -66.899, -41.733 ], [ -66.899, -41.766 ], [ -66.866, -41.766 ], [ -66.866, -41.733 ], [ -66.833, -41.733 ], [ -66.833, -41.699 ], [ -66.833, -41.666 ], [ -66.833, -41.633 ], [ -66.799, -41.633 ], [ -66.766, -41.633 ], [ -66.766, -41.599 ], [ -66.733, -41.599 ], [ -66.699, -41.599 ], [ -66.699, -41.566 ], [ -66.699, -41.533 ], [ -66.699, -41.499 ], [ -66.699, -41.466 ], [ -66.666, -41.466 ], [ -66.666, -41.433 ], [ -66.633, -41.433 ], [ -66.633, -41.399 ], [ -66.599, -41.399 ], [ -66.599, -41.366 ], [ -66.599, -41.333 ], [ -66.633, -41.333 ], [ -66.633, -41.299 ], [ -66.666, -41.299 ], [ -66.666, -41.266 ], [ -66.699, -41.266 ], [ -66.733, -41.266 ], [ -66.766, -41.266 ], [ -66.766, -41.233 ], [ -66.799, -41.233 ], [ -66.799, -41.199 ], [ -66.833, -41.199 ], [ -66.866, -41.199 ], [ -66.866, -41.233 ], [ -66.899, -41.233 ], [ -66.933, -41.233 ], [ -66.966, -41.233 ], [ -66.999, -41.233 ], [ -67.033, -41.233 ], [ -67.066, -41.233 ], [ -67.099, -41.233 ], [ -67.133, -41.233 ], [ -67.133, -41.266 ], [ -67.133, -41.299 ], [ -67.166, -41.299 ], [ -67.199, -41.299 ], [ -67.233, -41.299 ], [ -67.233, -41.333 ], [ -67.266, -41.333 ] ], [ [ -67.366, -41.366 ], [ -67.366, -41.333 ], [ -67.399, -41.333 ], [ -67.399, -41.366 ], [ -67.366, -41.366 ] ] ], [ [ [ -71.499, -39.899 ], [ -71.499, -39.866 ], [ -71.466, -39.866 ], [ -71.466, -39.899 ], [ -71.499, -39.899 ] ] ], [ [ [ -71.466, -39.866 ], [ -71.466, -39.833 ], [ -71.433, -39.833 ], [ -71.433, -39.866 ], [ -71.466, -39.866 ] ] ], [ [ [ -71.333, -39.833 ], [ -71.333, -39.866 ], [ -71.299, -39.866 ], [ -71.299, -39.899 ], [ -71.333, -39.899 ], [ -71.366, -39.899 ], [ -71.366, -39.933 ], [ -71.399, -39.933 ], [ -71.433, -39.933 ], [ -71.433, -39.899 ], [ -71.399, -39.899 ], [ -71.399, -39.866 ], [ -71.366, -39.866 ], [ -71.366, -39.833 ], [ -71.333, -39.833 ] ] ], [ [ [ -71.099, -39.866 ], [ -71.133, -39.866 ], [ -71.133, -39.833 ], [ -71.099, -39.833 ], [ -71.099, -39.866 ] ] ], [ [ [ -71.682, -39.817 ], [ -71.666, -39.833 ], [ -71.633, -39.833 ], [ -71.599, -39.833 ], [ -71.599, -39.866 ], [ -71.611, -39.878 ], [ -71.613, -39.872 ], [ -71.613, -39.874 ], [ -71.615, -39.876 ], [ -71.619, -39.879 ], [ -71.622, -39.880 ], [ -71.63, -39.878 ], [ -71.633, -39.875 ], [ -71.635, -39.872 ], [ -71.637, -39.870 ], [ -71.637, -39.867 ], [ -71.636, -39.865 ], [ -71.635, -39.862 ], [ -71.635, -39.859 ], [ -71.637, -39.858 ], [ -71.640, -39.856 ], [ -71.642, -39.854 ], [ -71.646, -39.853 ], [ -71.648, -39.853 ], [ -71.652, -39.853 ], [ -71.656, -39.855 ], [ -71.661, -39.856 ], [ -71.667, -39.858 ], [ -71.672, -39.859 ], [ -71.676, -39.860 ], [ -71.680, -39.858 ], [ -71.682, -39.857 ], [ -71.684, -39.855 ], [ -71.686, -39.852 ], [ -71.687, -39.850 ], [ -71.688, -39.848 ], [ -71.689, -39.845 ], [ -71.690, -39.842 ], [ -71.689, -39.839 ], [ -71.688, -39.836 ], [ -71.686, -39.833 ], [ -71.687, -39.830 ], [ -71.690, -39.827 ], [ -71.693, -39.825 ], [ -71.689, -39.824 ], [ -71.687, -39.823 ], [ -71.685, -39.820 ], [ -71.682, -39.817 ], [ -71.682, -39.817 ] ] ], [ [ [ -71.466, -39.833 ], [ -71.499, -39.833 ], [ -71.533, -39.833 ], [ -71.533, -39.799 ], [ -71.499, -39.799 ], [ -71.466, -39.799 ], [ -71.466, -39.833 ] ] ], [ [ [ -70.433, -39.799 ], [ -70.466, -39.799 ], [ -70.466, -39.766 ], [ -70.433, -39.766 ], [ -70.433, -39.799 ] ] ], [ [ [ -68.299, -39.799 ], [ -68.333, -39.799 ], [ -68.333, -39.766 ], [ -68.299, -39.766 ], [ -68.299, -39.799 ] ] ], [ [ [ -71.666, -39.733 ], [ -71.666, -39.766 ], [ -71.633, -39.766 ], [ -71.633, -39.799 ], [ -71.684, -39.799 ], [ -71.683, -39.793 ], [ -71.683, -39.789 ], [ -71.682, -39.787 ], [ -71.681, -39.783 ], [ -71.684, -39.778 ], [ -71.685, -39.775 ], [ -71.682, -39.772 ], [ -71.681, -39.769 ], [ -71.681, -39.767 ], [ -71.683, -39.764 ], [ -71.684, -39.760 ], [ -71.685, -39.757 ], [ -71.686, -39.756 ], [ -71.690, -39.754 ], [ -71.692, -39.752 ], [ -71.696, -39.750 ], [ -71.698, -39.748 ], [ -71.701, -39.746 ], [ -71.702, -39.744 ], [ -71.704, -39.742 ], [ -71.706, -39.739 ], [ -71.708, -39.737 ], [ -71.708, -39.734 ], [ -71.708, -39.733 ], [ -71.666, -39.733 ] ] ], [ [ [ -71.566, -39.766 ], [ -71.599, -39.766 ], [ -71.599, -39.733 ], [ -71.566, -39.733 ], [ -71.533, -39.733 ], [ -71.533, -39.766 ], [ -71.566, -39.766 ] ] ], [ [ [ -71.433, -39.733 ], [ -71.433, -39.766 ], [ -71.466, -39.766 ], [ -71.466, -39.733 ], [ -71.433, -39.733 ] ] ], [ [ [ -71.233, -39.733 ], [ -71.199, -39.733 ], [ -71.199, -39.766 ], [ -71.233, -39.766 ], [ -71.233, -39.733 ] ] ], [ [ [ -71.133, -39.699 ], [ -71.099, -39.699 ], [ -71.099, -39.733 ], [ -71.133, -39.733 ], [ -71.133, -39.699 ] ] ], [ [ [ -71.033, -39.699 ], [ -70.999, -39.699 ], [ -70.999, -39.733 ], [ -71.033, -39.733 ], [ -71.033, -39.699 ] ] ], [ [ [ -70.833, -39.733 ], [ -70.866, -39.733 ], [ -70.866, -39.699 ], [ -70.833, -39.699 ], [ -70.799, -39.699 ], [ -70.799, -39.733 ], [ -70.833, -39.733 ] ] ], [ [ [ -71.233, -39.733 ], [ -71.266, -39.733 ], [ -71.299, -39.733 ], [ -71.299, -39.699 ], [ -71.333, -39.699 ], [ -71.333, -39.733 ], [ -71.366, -39.733 ], [ -71.399, -39.733 ], [ -71.433, -39.733 ], [ -71.433, -39.699 ], [ -71.399, -39.699 ], [ -71.366, -39.699 ], [ -71.366, -39.666 ], [ -71.333, -39.666 ], [ -71.299, -39.666 ], [ -71.266, -39.666 ], [ -71.266, -39.699 ], [ -71.233, -39.699 ], [ -71.233, -39.733 ] ] ], [ [ [ -71.133, -39.699 ], [ -71.166, -39.699 ], [ -71.166, -39.666 ], [ -71.133, -39.666 ], [ -71.133, -39.699 ] ] ], [ [ [ -71.366, -39.666 ], [ -71.399, -39.666 ], [ -71.399, -39.633 ], [ -71.366, -39.633 ], [ -71.366, -39.666 ] ] ], [ [ [ -71.166, -39.666 ], [ -71.199, -39.666 ], [ -71.199, -39.633 ], [ -71.166, -39.633 ], [ -71.166, -39.666 ] ] ], [ [ [ -71.579, -39.632 ], [ -71.573, -39.633 ], [ -71.569, -39.631 ], [ -71.566, -39.631 ], [ -71.566, -39.666 ], [ -71.566, -39.699 ], [ -71.599, -39.699 ], [ -71.599, -39.666 ], [ -71.599, -39.633 ], [ -71.597, -39.630 ], [ -71.596, -39.631 ], [ -71.592, -39.631 ], [ -71.588, -39.631 ], [ -71.583, -39.631 ], [ -71.579, -39.632 ] ] ], [ [ [ -71.399, -39.633 ], [ -71.433, -39.633 ], [ -71.466, -39.633 ], [ -71.466, -39.599 ], [ -71.433, -39.599 ], [ -71.399, -39.599 ], [ -71.399, -39.633 ] ] ], [ [ [ -71.266, -39.633 ], [ -71.299, -39.633 ], [ -71.299, -39.599 ], [ -71.266, -39.599 ], [ -71.233, -39.599 ], [ -71.233, -39.633 ], [ -71.266, -39.633 ] ] ], [ [ [ -70.799, -39.599 ], [ -70.799, -39.633 ], [ -70.833, -39.633 ], [ -70.866, -39.633 ], [ -70.899, -39.633 ], [ -70.899, -39.599 ], [ -70.866, -39.599 ], [ -70.833, -39.599 ], [ -70.799, -39.599 ] ] ], [ [ [ -70.299, -39.633 ], [ -70.333, -39.633 ], [ -70.333, -39.599 ], [ -70.299, -39.599 ], [ -70.299, -39.633 ] ] ], [ [ [ -71.666, -39.733 ], [ -71.666, -39.699 ], [ -71.674, -39.692 ], [ -71.672, -39.691 ], [ -71.671, -39.689 ], [ -71.670, -39.686 ], [ -71.669, -39.683 ], [ -71.671, -39.681 ], [ -71.674, -39.680 ], [ -71.675, -39.681 ], [ -71.680, -39.680 ], [ -71.683, -39.679 ], [ -71.686, -39.678 ], [ -71.688, -39.676 ], [ -71.690, -39.674 ], [ -71.691, -39.671 ], [ -71.692, -39.667 ], [ -71.692, -39.663 ], [ -71.694, -39.660 ], [ -71.694, -39.658 ], [ -71.697, -39.659 ], [ -71.699, -39.658 ], [ -71.702, -39.655 ], [ -71.704, -39.654 ], [ -71.708, -39.652 ], [ -71.713, -39.650 ], [ -71.716, -39.647 ], [ -71.716, -39.643 ], [ -71.715, -39.639 ], [ -71.716, -39.636 ], [ -71.712, -39.633 ], [ -71.708, -39.632 ], [ -71.703, -39.633 ], [ -71.700, -39.631 ], [ -71.698, -39.627 ], [ -71.696, -39.624 ], [ -71.695, -39.620 ], [ -71.697, -39.615 ], [ -71.697, -39.611 ], [ -71.696, -39.606 ], [ -71.696, -39.601 ], [ -71.696, -39.599 ], [ -71.666, -39.599 ], [ -71.653, -39.587 ], [ -71.652, -39.587 ], [ -71.648, -39.587 ], [ -71.645, -39.587 ], [ -71.643, -39.586 ], [ -71.641, -39.586 ], [ -71.638, -39.586 ], [ -71.635, -39.585 ], [ -71.633, -39.586 ], [ -71.633, -39.586 ], [ -71.633, -39.633 ], [ -71.666, -39.633 ], [ -71.666, -39.666 ], [ -71.633, -39.666 ], [ -71.633, -39.699 ], [ -71.633, -39.733 ], [ -71.666, -39.733 ] ] ], [ [ [ -70.799, -39.599 ], [ -70.799, -39.566 ], [ -70.766, -39.566 ], [ -70.766, -39.599 ], [ -70.799, -39.599 ] ] ], [ [ [ -70.466, -39.666 ], [ -70.499, -39.666 ], [ -70.499, -39.633 ], [ -70.499, -39.599 ], [ -70.499, -39.566 ], [ -70.466, -39.566 ], [ -70.466, -39.599 ], [ -70.466, -39.633 ], [ -70.466, -39.666 ] ] ], [ [ [ -70.399, -39.599 ], [ -70.433, -39.599 ], [ -70.433, -39.566 ], [ -70.399, -39.566 ], [ -70.399, -39.599 ] ] ], [ [ [ -71.333, -39.533 ], [ -71.299, -39.533 ], [ -71.299, -39.566 ], [ -71.333, -39.566 ], [ -71.333, -39.533 ] ] ], [ [ [ -71.033, -39.566 ], [ -71.033, -39.599 ], [ -70.999, -39.599 ], [ -70.999, -39.633 ], [ -71.033, -39.633 ], [ -71.033, -39.666 ], [ -71.033, -39.699 ], [ -71.066, -39.699 ], [ -71.099, -39.699 ], [ -71.099, -39.666 ], [ -71.099, -39.633 ], [ -71.099, -39.599 ], [ -71.133, -39.599 ], [ -71.166, -39.599 ], [ -71.166, -39.566 ], [ -71.133, -39.566 ], [ -71.133, -39.533 ], [ -71.099, -39.533 ], [ -71.099, -39.566 ], [ -71.066, -39.566 ], [ -71.033, -39.566 ] ] ], [ [ [ -71.033, -39.566 ], [ -71.033, -39.533 ], [ -70.999, -39.533 ], [ -70.999, -39.566 ], [ -71.033, -39.566 ] ] ], [ [ [ -71.166, -39.566 ], [ -71.199, -39.566 ], [ -71.233, -39.566 ], [ -71.233, -39.533 ], [ -71.233, -39.499 ], [ -71.199, -39.499 ], [ -71.199, -39.533 ], [ -71.166, -39.533 ], [ -71.166, -39.566 ] ] ], [ [ [ -71.499, -39.533 ], [ -71.513, -39.546 ], [ -71.514, -39.544 ], [ -71.516, -39.543 ], [ -71.521, -39.541 ], [ -71.523, -39.541 ], [ -71.526, -39.538 ], [ -71.530, -39.537 ], [ -71.532, -39.536 ], [ -71.534, -39.533 ], [ -71.533, -39.530 ], [ -71.533, -39.527 ], [ -71.531, -39.525 ], [ -71.530, -39.522 ], [ -71.529, -39.519 ], [ -71.528, -39.518 ], [ -71.525, -39.517 ], [ -71.521, -39.514 ], [ -71.517, -39.512 ], [ -71.517, -39.511 ], [ -71.518, -39.508 ], [ -71.520, -39.506 ], [ -71.519, -39.505 ], [ -71.515, -39.503 ], [ -71.513, -39.501 ], [ -71.508, -39.501 ], [ -71.504, -39.500 ], [ -71.502, -39.500 ], [ -71.499, -39.499 ], [ -71.499, -39.533 ] ] ], [ [ [ -70.333, -39.466 ], [ -70.366, -39.466 ], [ -70.366, -39.433 ], [ -70.333, -39.433 ], [ -70.333, -39.466 ] ] ], [ [ [ -70.799, -39.433 ], [ -70.833, -39.433 ], [ -70.866, -39.433 ], [ -70.866, -39.466 ], [ -70.866, -39.499 ], [ -70.866, -39.533 ], [ -70.899, -39.533 ], [ -70.899, -39.566 ], [ -70.933, -39.566 ], [ -70.933, -39.533 ], [ -70.933, -39.499 ], [ -70.899, -39.499 ], [ -70.899, -39.466 ], [ -70.899, -39.433 ], [ -70.899, -39.399 ], [ -70.866, -39.399 ], [ -70.833, -39.399 ], [ -70.833, -39.366 ], [ -70.799, -39.366 ], [ -70.799, -39.399 ], [ -70.799, -39.433 ] ] ], [ [ [ -71.266, -39.433 ], [ -71.266, -39.399 ], [ -71.233, -39.399 ], [ -71.199, -39.399 ], [ -71.166, -39.399 ], [ -71.133, -39.399 ], [ -71.099, -39.399 ], [ -71.099, -39.433 ], [ -71.066, -39.433 ], [ -71.066, -39.399 ], [ -71.099, -39.399 ], [ -71.099, -39.366 ], [ -71.133, -39.366 ], [ -71.133, -39.333 ], [ -71.099, -39.333 ], [ -71.066, -39.333 ], [ -71.066, -39.366 ], [ -71.033, -39.366 ], [ -71.033, -39.399 ], [ -70.999, -39.399 ], [ -70.999, -39.433 ], [ -71.033, -39.433 ], [ -71.033, -39.466 ], [ -70.999, -39.466 ], [ -70.966, -39.466 ], [ -70.966, -39.499 ], [ -70.999, -39.499 ], [ -71.033, -39.499 ], [ -71.066, -39.499 ], [ -71.099, -39.499 ], [ -71.133, -39.499 ], [ -71.133, -39.466 ], [ -71.166, -39.466 ], [ -71.166, -39.433 ], [ -71.199, -39.433 ], [ -71.233, -39.433 ], [ -71.266, -39.433 ] ] ], [ [ [ -70.766, -39.566 ], [ -70.766, -39.533 ], [ -70.733, -39.533 ], [ -70.733, -39.499 ], [ -70.766, -39.499 ], [ -70.766, -39.466 ], [ -70.799, -39.466 ], [ -70.799, -39.433 ], [ -70.766, -39.433 ], [ -70.766, -39.399 ], [ -70.766, -39.366 ], [ -70.766, -39.333 ], [ -70.733, -39.333 ], [ -70.699, -39.333 ], [ -70.699, -39.366 ], [ -70.733, -39.366 ], [ -70.733, -39.399 ], [ -70.733, -39.433 ], [ -70.699, -39.433 ], [ -70.699, -39.466 ], [ -70.666, -39.466 ], [ -70.633, -39.466 ], [ -70.633, -39.499 ], [ -70.666, -39.499 ], [ -70.666, -39.533 ], [ -70.633, -39.533 ], [ -70.633, -39.566 ], [ -70.666, -39.566 ], [ -70.666, -39.599 ], [ -70.699, -39.599 ], [ -70.699, -39.566 ], [ -70.733, -39.566 ], [ -70.766, -39.566 ] ] ], [ [ [ -71.133, -39.333 ], [ -71.166, -39.333 ], [ -71.166, -39.299 ], [ -71.133, -39.299 ], [ -71.133, -39.333 ] ] ], [ [ [ -71.033, -39.233 ], [ -70.999, -39.233 ], [ -70.966, -39.233 ], [ -70.966, -39.266 ], [ -70.966, -39.299 ], [ -70.933, -39.299 ], [ -70.933, -39.333 ], [ -70.966, -39.333 ], [ -70.966, -39.366 ], [ -70.999, -39.366 ], [ -70.999, -39.333 ], [ -70.999, -39.299 ], [ -70.999, -39.266 ], [ -71.033, -39.266 ], [ -71.033, -39.233 ] ] ], [ [ [ -70.199, -39.266 ], [ -70.199, -39.299 ], [ -70.233, -39.299 ], [ -70.233, -39.266 ], [ -70.266, -39.266 ], [ -70.266, -39.233 ], [ -70.233, -39.233 ], [ -70.199, -39.233 ], [ -70.199, -39.266 ] ] ], [ [ [ -71.266, -39.233 ], [ -71.299, -39.233 ], [ -71.299, -39.199 ], [ -71.266, -39.199 ], [ -71.266, -39.233 ] ] ], [ [ [ -70.833, -39.366 ], [ -70.866, -39.366 ], [ -70.866, -39.333 ], [ -70.866, -39.299 ], [ -70.866, -39.266 ], [ -70.833, -39.266 ], [ -70.833, -39.233 ], [ -70.833, -39.199 ], [ -70.866, -39.199 ], [ -70.899, -39.199 ], [ -70.899, -39.166 ], [ -70.899, -39.133 ], [ -70.866, -39.133 ], [ -70.866, -39.166 ], [ -70.833, -39.166 ], [ -70.799, -39.166 ], [ -70.766, -39.166 ], [ -70.766, -39.199 ], [ -70.799, -39.199 ], [ -70.799, -39.233 ], [ -70.799, -39.266 ], [ -70.799, -39.299 ], [ -70.799, -39.333 ], [ -70.833, -39.333 ], [ -70.833, -39.366 ] ] ], [ [ [ -69.866, -39.199 ], [ -69.866, -39.233 ], [ -69.899, -39.233 ], [ -69.899, -39.199 ], [ -69.933, -39.199 ], [ -69.966, -39.199 ], [ -69.966, -39.233 ], [ -69.999, -39.233 ], [ -69.999, -39.199 ], [ -69.999, -39.166 ], [ -69.966, -39.166 ], [ -69.933, -39.166 ], [ -69.899, -39.166 ], [ -69.866, -39.166 ], [ -69.866, -39.133 ], [ -69.833, -39.133 ], [ -69.799, -39.133 ], [ -69.799, -39.166 ], [ -69.833, -39.166 ], [ -69.833, -39.199 ], [ -69.866, -39.199 ] ] ], [ [ [ -70.866, -39.133 ], [ -70.866, -39.099 ], [ -70.833, -39.099 ], [ -70.833, -39.133 ], [ -70.866, -39.133 ] ] ], [ [ [ -69.699, -39.099 ], [ -69.733, -39.099 ], [ -69.733, -39.066 ], [ -69.699, -39.066 ], [ -69.699, -39.099 ] ] ], [ [ [ -70.999, -38.999 ], [ -71.033, -38.999 ], [ -71.033, -38.966 ], [ -71.033, -38.933 ], [ -70.999, -38.933 ], [ -70.999, -38.966 ], [ -70.999, -38.999 ] ] ], [ [ [ -70.899, -38.933 ], [ -70.933, -38.933 ], [ -70.933, -38.899 ], [ -70.899, -38.899 ], [ -70.899, -38.933 ] ] ], [ [ [ -70.833, -39.099 ], [ -70.833, -39.066 ], [ -70.866, -39.066 ], [ -70.866, -39.033 ], [ -70.866, -38.999 ], [ -70.899, -38.999 ], [ -70.899, -39.033 ], [ -70.899, -39.066 ], [ -70.899, -39.099 ], [ -70.933, -39.099 ], [ -70.933, -39.066 ], [ -70.966, -39.066 ], [ -70.966, -39.033 ], [ -70.999, -39.033 ], [ -70.999, -38.999 ], [ -70.966, -38.999 ], [ -70.933, -38.999 ], [ -70.933, -38.966 ], [ -70.899, -38.966 ], [ -70.866, -38.966 ], [ -70.866, -38.933 ], [ -70.866, -38.899 ], [ -70.833, -38.899 ], [ -70.799, -38.899 ], [ -70.766, -38.899 ], [ -70.766, -38.933 ], [ -70.799, -38.933 ], [ -70.799, -38.966 ], [ -70.833, -38.966 ], [ -70.833, -38.999 ], [ -70.799, -38.999 ], [ -70.799, -39.033 ], [ -70.799, -39.066 ], [ -70.799, -39.099 ], [ -70.833, -39.099 ] ] ], [ [ [ -71.299, -38.899 ], [ -71.299, -38.933 ], [ -71.333, -38.933 ], [ -71.333, -38.966 ], [ -71.333, -38.999 ], [ -71.366, -38.999 ], [ -71.366, -39.033 ], [ -71.333, -39.033 ], [ -71.333, -39.066 ], [ -71.299, -39.066 ], [ -71.299, -39.099 ], [ -71.333, -39.099 ], [ -71.333, -39.133 ], [ -71.299, -39.133 ], [ -71.299, -39.099 ], [ -71.266, -39.099 ], [ -71.233, -39.099 ], [ -71.233, -39.133 ], [ -71.199, -39.133 ], [ -71.199, -39.099 ], [ -71.199, -39.066 ], [ -71.166, -39.066 ], [ -71.133, -39.066 ], [ -71.099, -39.066 ], [ -71.099, -39.033 ], [ -71.133, -39.033 ], [ -71.133, -38.999 ], [ -71.166, -38.999 ], [ -71.166, -38.966 ], [ -71.166, -38.933 ], [ -71.133, -38.933 ], [ -71.133, -38.966 ], [ -71.099, -38.966 ], [ -71.066, -38.966 ], [ -71.066, -38.999 ], [ -71.066, -39.033 ], [ -71.033, -39.033 ], [ -71.033, -39.066 ], [ -71.066, -39.066 ], [ -71.066, -39.099 ], [ -71.099, -39.099 ], [ -71.133, -39.099 ], [ -71.166, -39.099 ], [ -71.166, -39.133 ], [ -71.133, -39.133 ], [ -71.099, -39.133 ], [ -71.066, -39.133 ], [ -71.033, -39.133 ], [ -70.999, -39.133 ], [ -70.966, -39.133 ], [ -70.966, -39.166 ], [ -70.966, -39.199 ], [ -70.999, -39.199 ], [ -71.033, -39.199 ], [ -71.033, -39.166 ], [ -71.066, -39.166 ], [ -71.099, -39.166 ], [ -71.099, -39.199 ], [ -71.066, -39.199 ], [ -71.033, -39.199 ], [ -71.033, -39.233 ], [ -71.066, -39.233 ], [ -71.099, -39.233 ], [ -71.133, -39.233 ], [ -71.166, -39.233 ], [ -71.166, -39.266 ], [ -71.199, -39.266 ], [ -71.233, -39.266 ], [ -71.266, -39.266 ], [ -71.266, -39.233 ], [ -71.233, -39.233 ], [ -71.199, -39.233 ], [ -71.199, -39.199 ], [ -71.166, -39.199 ], [ -71.166, -39.166 ], [ -71.199, -39.166 ], [ -71.233, -39.166 ], [ -71.266, -39.166 ], [ -71.299, -39.166 ], [ -71.333, -39.166 ], [ -71.333, -39.199 ], [ -71.366, -39.199 ], [ -71.366, -39.233 ], [ -71.333, -39.233 ], [ -71.333, -39.266 ], [ -71.299, -39.266 ], [ -71.299, -39.299 ], [ -71.333, -39.299 ], [ -71.333, -39.333 ], [ -71.299, -39.333 ], [ -71.299, -39.299 ], [ -71.266, -39.299 ], [ -71.233, -39.299 ], [ -71.199, -39.299 ], [ -71.199, -39.333 ], [ -71.233, -39.333 ], [ -71.233, -39.366 ], [ -71.266, -39.366 ], [ -71.299, -39.366 ], [ -71.333, -39.366 ], [ -71.333, -39.399 ], [ -71.366, -39.399 ], [ -71.399, -39.399 ], [ -71.433, -39.399 ], [ -71.433, -39.433 ], [ -71.399, -39.433 ], [ -71.366, -39.433 ], [ -71.333, -39.433 ], [ -71.299, -39.433 ], [ -71.266, -39.433 ], [ -71.266, -39.466 ], [ -71.299, -39.466 ], [ -71.299, -39.499 ], [ -71.333, -39.499 ], [ -71.333, -39.533 ], [ -71.366, -39.533 ], [ -71.366, -39.566 ], [ -71.399, -39.566 ], [ -71.433, -39.566 ], [ -71.433, -39.533 ], [ -71.433, -39.499 ], [ -71.466, -39.499 ], [ -71.475, -39.491 ], [ -71.472, -39.490 ], [ -71.470, -39.488 ], [ -71.469, -39.486 ], [ -71.470, -39.483 ], [ -71.469, -39.481 ], [ -71.468, -39.477 ], [ -71.465, -39.474 ], [ -71.463, -39.471 ], [ -71.463, -39.469 ], [ -71.464, -39.465 ], [ -71.464, -39.462 ], [ -71.464, -39.458 ], [ -71.463, -39.455 ], [ -71.460, -39.453 ], [ -71.457, -39.451 ], [ -71.453, -39.450 ], [ -71.450, -39.449 ], [ -71.449, -39.448 ], [ -71.450, -39.445 ], [ -71.450, -39.443 ], [ -71.451, -39.441 ], [ -71.451, -39.438 ], [ -71.450, -39.435 ], [ -71.450, -39.430 ], [ -71.451, -39.427 ], [ -71.450, -39.425 ], [ -71.451, -39.424 ], [ -71.452, -39.421 ], [ -71.451, -39.418 ], [ -71.451, -39.415 ], [ -71.448, -39.411 ], [ -71.446, -39.409 ], [ -71.445, -39.407 ], [ -71.445, -39.405 ], [ -71.444, -39.402 ], [ -71.444, -39.399 ], [ -71.445, -39.396 ], [ -71.447, -39.393 ], [ -71.452, -39.391 ], [ -71.454, -39.387 ], [ -71.454, -39.384 ], [ -71.455, -39.380 ], [ -71.457, -39.376 ], [ -71.457, -39.372 ], [ -71.456, -39.370 ], [ -71.456, -39.369 ], [ -71.453, -39.369 ], [ -71.451, -39.370 ], [ -71.448, -39.371 ], [ -71.446, -39.370 ], [ -71.442, -39.368 ], [ -71.439, -39.369 ], [ -71.435, -39.370 ], [ -71.433, -39.370 ], [ -71.431, -39.368 ], [ -71.431, -39.367 ], [ -71.428, -39.365 ], [ -71.426, -39.365 ], [ -71.423, -39.365 ], [ -71.421, -39.364 ], [ -71.420, -39.361 ], [ -71.418, -39.360 ], [ -71.414, -39.358 ], [ -71.413, -39.355 ], [ -71.411, -39.354 ], [ -71.410, -39.352 ], [ -71.408, -39.352 ], [ -71.405, -39.352 ], [ -71.402, -39.351 ], [ -71.400, -39.350 ], [ -71.398, -39.347 ], [ -71.396, -39.343 ], [ -71.395, -39.340 ], [ -71.395, -39.337 ], [ -71.395, -39.335 ], [ -71.395, -39.330 ], [ -71.395, -39.326 ], [ -71.394, -39.322 ], [ -71.394, -39.317 ], [ -71.393, -39.312 ], [ -71.392, -39.309 ], [ -71.393, -39.306 ], [ -71.394, -39.303 ], [ -71.394, -39.301 ], [ -71.393, -39.298 ], [ -71.392, -39.295 ], [ -71.390, -39.292 ], [ -71.390, -39.290 ], [ -71.388, -39.287 ], [ -71.385, -39.285 ], [ -71.382, -39.283 ], [ -71.379, -39.283 ], [ -71.376, -39.283 ], [ -71.374, -39.281 ], [ -71.374, -39.279 ], [ -71.374, -39.276 ], [ -71.374, -39.274 ], [ -71.375, -39.270 ], [ -71.376, -39.268 ], [ -71.378, -39.268 ], [ -71.382, -39.267 ], [ -71.387, -39.265 ], [ -71.389, -39.264 ], [ -71.389, -39.261 ], [ -71.391, -39.258 ], [ -71.391, -39.257 ], [ -71.390, -39.253 ], [ -71.390, -39.252 ], [ -71.388, -39.248 ], [ -71.386, -39.245 ], [ -71.384, -39.243 ], [ -71.382, -39.239 ], [ -71.382, -39.237 ], [ -71.385, -39.235 ], [ -71.387, -39.233 ], [ -71.387, -39.231 ], [ -71.387, -39.228 ], [ -71.388, -39.226 ], [ -71.389, -39.223 ], [ -71.391, -39.220 ], [ -71.391, -39.217 ], [ -71.391, -39.216 ], [ -71.387, -39.216 ], [ -71.383, -39.215 ], [ -71.382, -39.213 ], [ -71.384, -39.211 ], [ -71.383, -39.208 ], [ -71.384, -39.205 ], [ -71.385, -39.201 ], [ -71.387, -39.200 ], [ -71.389, -39.198 ], [ -71.392, -39.197 ], [ -71.393, -39.196 ], [ -71.394, -39.193 ], [ -71.395, -39.191 ], [ -71.395, -39.190 ], [ -71.394, -39.188 ], [ -71.396, -39.188 ], [ -71.398, -39.186 ], [ -71.399, -39.185 ], [ -71.398, -39.182 ], [ -71.398, -39.180 ], [ -71.397, -39.177 ], [ -71.397, -39.175 ], [ -71.399, -39.172 ], [ -71.400, -39.171 ], [ -71.400, -39.168 ], [ -71.400, -39.167 ], [ -71.399, -39.166 ], [ -71.366, -39.166 ], [ -71.366, -39.133 ], [ -71.399, -39.133 ], [ -71.410, -39.133 ], [ -71.411, -39.130 ], [ -71.410, -39.127 ], [ -71.410, -39.123 ], [ -71.411, -39.122 ], [ -71.413, -39.119 ], [ -71.416, -39.117 ], [ -71.417, -39.114 ], [ -71.416, -39.112 ], [ -71.412, -39.106 ], [ -71.410, -39.100 ], [ -71.409, -39.094 ], [ -71.409, -39.092 ], [ -71.410, -39.089 ], [ -71.399, -39.099 ], [ -71.366, -39.099 ], [ -71.366, -39.066 ], [ -71.399, -39.066 ], [ -71.399, -39.033 ], [ -71.399, -38.999 ], [ -71.399, -38.966 ], [ -71.399, -38.933 ], [ -71.366, -38.933 ], [ -71.366, -38.896 ], [ -71.365, -38.895 ], [ -71.362, -38.891 ], [ -71.359, -38.889 ], [ -71.355, -38.888 ], [ -71.353, -38.885 ], [ -71.349, -38.883 ], [ -71.333, -38.899 ], [ -71.299, -38.899 ] ] ], [ [ [ -71.166, -38.866 ], [ -71.199, -38.866 ], [ -71.233, -38.866 ], [ -71.233, -38.899 ], [ -71.199, -38.899 ], [ -71.199, -38.933 ], [ -71.199, -38.966 ], [ -71.233, -38.966 ], [ -71.233, -38.933 ], [ -71.266, -38.933 ], [ -71.266, -38.899 ], [ -71.299, -38.899 ], [ -71.299, -38.872 ], [ -71.298, -38.871 ], [ -71.295, -38.870 ], [ -71.292, -38.868 ], [ -71.288, -38.866 ], [ -71.286, -38.864 ], [ -71.285, -38.860 ], [ -71.283, -38.857 ], [ -71.279, -38.858 ], [ -71.276, -38.857 ], [ -71.275, -38.855 ], [ -71.273, -38.854 ], [ -71.269, -38.853 ], [ -71.267, -38.851 ], [ -71.265, -38.848 ], [ -71.265, -38.846 ], [ -71.266, -38.845 ], [ -71.266, -38.843 ], [ -71.267, -38.841 ], [ -71.268, -38.840 ], [ -71.268, -38.838 ], [ -71.269, -38.836 ], [ -71.269, -38.834 ], [ -71.268, -38.832 ], [ -71.266, -38.827 ], [ -71.266, -38.825 ], [ -71.264, -38.823 ], [ -71.261, -38.822 ], [ -71.260, -38.821 ], [ -71.260, -38.819 ], [ -71.260, -38.817 ], [ -71.260, -38.815 ], [ -71.258, -38.814 ], [ -71.256, -38.815 ], [ -71.253, -38.814 ], [ -71.251, -38.813 ], [ -71.244, -38.808 ], [ -71.239, -38.806 ], [ -71.237, -38.805 ], [ -71.235, -38.803 ], [ -71.234, -38.803 ], [ -71.233, -38.803 ], [ -71.233, -38.833 ], [ -71.199, -38.833 ], [ -71.166, -38.833 ], [ -71.166, -38.866 ] ] ], [ [ [ -71.166, -38.866 ], [ -71.133, -38.866 ], [ -71.099, -38.866 ], [ -71.066, -38.866 ], [ -71.066, -38.833 ], [ -71.066, -38.799 ], [ -71.099, -38.799 ], [ -71.133, -38.799 ], [ -71.141, -38.791 ], [ -71.136, -38.786 ], [ -71.129, -38.784 ], [ -71.122, -38.782 ], [ -71.121, -38.781 ], [ -71.124, -38.778 ], [ -71.121, -38.776 ], [ -71.111, -38.773 ], [ -71.107, -38.771 ], [ -71.104, -38.769 ], [ -71.101, -38.766 ], [ -71.097, -38.764 ], [ -71.091, -38.763 ], [ -71.087, -38.761 ], [ -71.083, -38.761 ], [ -71.079, -38.764 ], [ -71.076, -38.767 ], [ -71.072, -38.768 ], [ -71.067, -38.766 ], [ -71.060, -38.765 ], [ -71.051, -38.764 ], [ -71.045, -38.762 ], [ -71.040, -38.759 ], [ -71.034, -38.758 ], [ -71.033, -38.758 ], [ -71.033, -38.799 ], [ -70.999, -38.799 ], [ -70.999, -38.833 ], [ -70.966, -38.833 ], [ -70.966, -38.866 ], [ -70.966, -38.899 ], [ -70.999, -38.899 ], [ -71.033, -38.899 ], [ -71.066, -38.899 ], [ -71.099, -38.899 ], [ -71.133, -38.899 ], [ -71.166, -38.899 ], [ -71.166, -38.866 ] ] ], [ [ [ -70.399, -39.366 ], [ -70.399, -39.333 ], [ -70.366, -39.333 ], [ -70.366, -39.299 ], [ -70.399, -39.299 ], [ -70.399, -39.333 ], [ -70.433, -39.333 ], [ -70.433, -39.366 ], [ -70.466, -39.366 ], [ -70.499, -39.366 ], [ -70.499, -39.399 ], [ -70.533, -39.399 ], [ -70.533, -39.433 ], [ -70.499, -39.433 ], [ -70.499, -39.399 ], [ -70.466, -39.399 ], [ -70.433, -39.399 ], [ -70.433, -39.366 ], [ -70.399, -39.366 ], [ -70.399, -39.399 ], [ -70.399, -39.433 ], [ -70.433, -39.433 ], [ -70.433, -39.466 ], [ -70.433, -39.499 ], [ -70.466, -39.499 ], [ -70.466, -39.466 ], [ -70.499, -39.466 ], [ -70.533, -39.466 ], [ -70.533, -39.499 ], [ -70.566, -39.499 ], [ -70.566, -39.466 ], [ -70.566, -39.433 ], [ -70.599, -39.433 ], [ -70.633, -39.433 ], [ -70.633, -39.399 ], [ -70.599, -39.399 ], [ -70.566, -39.399 ], [ -70.566, -39.366 ], [ -70.566, -39.333 ], [ -70.599, -39.333 ], [ -70.599, -39.366 ], [ -70.633, -39.366 ], [ -70.633, -39.399 ], [ -70.666, -39.399 ], [ -70.666, -39.366 ], [ -70.666, -39.333 ], [ -70.666, -39.299 ], [ -70.666, -39.266 ], [ -70.633, -39.266 ], [ -70.599, -39.266 ], [ -70.599, -39.233 ], [ -70.599, -39.199 ], [ -70.566, -39.199 ], [ -70.533, -39.199 ], [ -70.533, -39.233 ], [ -70.566, -39.233 ], [ -70.566, -39.266 ], [ -70.566, -39.299 ], [ -70.533, -39.299 ], [ -70.533, -39.266 ], [ -70.499, -39.266 ], [ -70.499, -39.233 ], [ -70.499, -39.199 ], [ -70.533, -39.199 ], [ -70.533, -39.166 ], [ -70.499, -39.166 ], [ -70.499, -39.133 ], [ -70.466, -39.133 ], [ -70.433, -39.133 ], [ -70.433, -39.099 ], [ -70.433, -39.066 ], [ -70.433, -39.033 ], [ -70.466, -39.033 ], [ -70.466, -38.999 ], [ -70.499, -38.999 ], [ -70.499, -38.966 ], [ -70.533, -38.966 ], [ -70.533, -38.933 ], [ -70.566, -38.933 ], [ -70.566, -38.899 ], [ -70.533, -38.899 ], [ -70.533, -38.866 ], [ -70.533, -38.833 ], [ -70.533, -38.799 ], [ -70.533, -38.766 ], [ -70.566, -38.766 ], [ -70.566, -38.733 ], [ -70.599, -38.733 ], [ -70.599, -38.699 ], [ -70.599, -38.666 ], [ -70.566, -38.666 ], [ -70.533, -38.666 ], [ -70.533, -38.699 ], [ -70.499, -38.699 ], [ -70.466, -38.699 ], [ -70.466, -38.733 ], [ -70.433, -38.733 ], [ -70.399, -38.733 ], [ -70.366, -38.733 ], [ -70.366, -38.766 ], [ -70.366, -38.799 ], [ -70.399, -38.799 ], [ -70.433, -38.799 ], [ -70.433, -38.833 ], [ -70.433, -38.866 ], [ -70.399, -38.866 ], [ -70.366, -38.866 ], [ -70.333, -38.866 ], [ -70.333, -38.899 ], [ -70.299, -38.899 ], [ -70.266, -38.899 ], [ -70.266, -38.933 ], [ -70.233, -38.933 ], [ -70.233, -38.966 ], [ -70.199, -38.966 ], [ -70.199, -38.999 ], [ -70.199, -39.033 ], [ -70.233, -39.033 ], [ -70.233, -39.066 ], [ -70.233, -39.099 ], [ -70.199, -39.099 ], [ -70.166, -39.099 ], [ -70.133, -39.099 ], [ -70.133, -39.133 ], [ -70.099, -39.133 ], [ -70.066, -39.133 ], [ -70.066, -39.166 ], [ -70.099, -39.166 ], [ -70.133, -39.166 ], [ -70.166, -39.166 ], [ -70.199, -39.166 ], [ -70.233, -39.166 ], [ -70.266, -39.166 ], [ -70.299, -39.166 ], [ -70.299, -39.133 ], [ -70.333, -39.133 ], [ -70.333, -39.166 ], [ -70.333, -39.199 ], [ -70.333, -39.233 ], [ -70.333, -39.266 ], [ -70.333, -39.299 ], [ -70.299, -39.299 ], [ -70.266, -39.299 ], [ -70.266, -39.333 ], [ -70.233, -39.333 ], [ -70.233, -39.366 ], [ -70.266, -39.366 ], [ -70.299, -39.366 ], [ -70.299, -39.399 ], [ -70.333, -39.399 ], [ -70.333, -39.366 ], [ -70.366, -39.366 ], [ -70.399, -39.366 ] ] ], [ [ [ -70.366, -39.166 ], [ -70.366, -39.133 ], [ -70.399, -39.133 ], [ -70.399, -39.166 ], [ -70.433, -39.166 ], [ -70.433, -39.199 ], [ -70.399, -39.199 ], [ -70.399, -39.233 ], [ -70.366, -39.233 ], [ -70.366, -39.199 ], [ -70.366, -39.166 ] ] ], [ [ [ -70.433, -38.933 ], [ -70.433, -38.899 ], [ -70.466, -38.899 ], [ -70.466, -38.933 ], [ -70.433, -38.933 ] ] ], [ [ [ -70.233, -38.699 ], [ -70.266, -38.699 ], [ -70.266, -38.666 ], [ -70.266, -38.633 ], [ -70.233, -38.633 ], [ -70.233, -38.599 ], [ -70.199, -38.599 ], [ -70.166, -38.599 ], [ -70.133, -38.599 ], [ -70.133, -38.633 ], [ -70.133, -38.666 ], [ -70.166, -38.666 ], [ -70.199, -38.666 ], [ -70.199, -38.699 ], [ -70.233, -38.699 ] ] ], [ [ [ -70.599, -38.666 ], [ -70.633, -38.666 ], [ -70.666, -38.666 ], [ -70.699, -38.666 ], [ -70.733, -38.666 ], [ -70.733, -38.633 ], [ -70.766, -38.633 ], [ -70.766, -38.599 ], [ -70.766, -38.566 ], [ -70.733, -38.566 ], [ -70.733, -38.533 ], [ -70.733, -38.499 ], [ -70.733, -38.466 ], [ -70.699, -38.466 ], [ -70.699, -38.499 ], [ -70.699, -38.533 ], [ -70.699, -38.566 ], [ -70.699, -38.599 ], [ -70.666, -38.599 ], [ -70.666, -38.566 ], [ -70.633, -38.566 ], [ -70.633, -38.599 ], [ -70.633, -38.633 ], [ -70.599, -38.633 ], [ -70.599, -38.666 ] ] ], [ [ [ -70.833, -38.466 ], [ -70.866, -38.466 ], [ -70.866, -38.433 ], [ -70.833, -38.433 ], [ -70.833, -38.466 ] ] ], [ [ [ -70.333, -38.399 ], [ -70.299, -38.399 ], [ -70.299, -38.433 ], [ -70.333, -38.433 ], [ -70.333, -38.399 ] ] ], [ [ [ -70.133, -38.399 ], [ -70.166, -38.399 ], [ -70.166, -38.366 ], [ -70.166, -38.333 ], [ -70.133, -38.333 ], [ -70.133, -38.366 ], [ -70.133, -38.399 ] ] ], [ [ [ -70.933, -38.199 ], [ -70.899, -38.199 ], [ -70.899, -38.233 ], [ -70.933, -38.233 ], [ -70.933, -38.199 ] ] ], [ [ [ -70.533, -38.233 ], [ -70.566, -38.233 ], [ -70.566, -38.199 ], [ -70.533, -38.199 ], [ -70.533, -38.233 ] ] ], [ [ [ -70.933, -38.199 ], [ -70.966, -38.199 ], [ -70.966, -38.166 ], [ -70.933, -38.166 ], [ -70.933, -38.199 ] ] ], [ [ [ -69.999, -38.199 ], [ -70.033, -38.199 ], [ -70.033, -38.166 ], [ -70.033, -38.133 ], [ -69.999, -38.133 ], [ -69.999, -38.166 ], [ -69.999, -38.199 ] ] ], [ [ [ -69.966, -38.099 ], [ -69.999, -38.099 ], [ -69.999, -38.066 ], [ -69.966, -38.066 ], [ -69.966, -38.099 ] ] ], [ [ [ -70.133, -37.866 ], [ -70.099, -37.866 ], [ -70.099, -37.899 ], [ -70.066, -37.899 ], [ -70.066, -37.933 ], [ -70.099, -37.933 ], [ -70.133, -37.933 ], [ -70.133, -37.966 ], [ -70.166, -37.966 ], [ -70.166, -37.999 ], [ -70.199, -37.999 ], [ -70.199, -37.966 ], [ -70.199, -37.933 ], [ -70.233, -37.933 ], [ -70.233, -37.899 ], [ -70.199, -37.899 ], [ -70.166, -37.899 ], [ -70.133, -37.899 ], [ -70.133, -37.866 ] ] ], [ [ [ -70.966, -37.833 ], [ -70.999, -37.833 ], [ -70.999, -37.799 ], [ -70.966, -37.799 ], [ -70.966, -37.833 ] ] ], [ [ [ -70.899, -37.833 ], [ -70.933, -37.833 ], [ -70.933, -37.799 ], [ -70.899, -37.799 ], [ -70.899, -37.833 ] ] ], [ [ [ -70.133, -37.866 ], [ -70.166, -37.866 ], [ -70.166, -37.833 ], [ -70.199, -37.833 ], [ -70.199, -37.799 ], [ -70.166, -37.799 ], [ -70.133, -37.799 ], [ -70.133, -37.833 ], [ -70.133, -37.866 ] ] ], [ [ [ -70.366, -37.866 ], [ -70.366, -37.899 ], [ -70.333, -37.899 ], [ -70.299, -37.899 ], [ -70.299, -37.933 ], [ -70.266, -37.933 ], [ -70.266, -37.966 ], [ -70.299, -37.966 ], [ -70.333, -37.966 ], [ -70.333, -37.999 ], [ -70.333, -38.033 ], [ -70.299, -38.033 ], [ -70.266, -38.033 ], [ -70.233, -38.033 ], [ -70.233, -38.066 ], [ -70.233, -38.099 ], [ -70.266, -38.099 ], [ -70.299, -38.099 ], [ -70.333, -38.099 ], [ -70.366, -38.099 ], [ -70.366, -38.133 ], [ -70.399, -38.133 ], [ -70.399, -38.166 ], [ -70.399, -38.199 ], [ -70.366, -38.199 ], [ -70.366, -38.233 ], [ -70.366, -38.266 ], [ -70.399, -38.266 ], [ -70.399, -38.299 ], [ -70.366, -38.299 ], [ -70.366, -38.333 ], [ -70.333, -38.333 ], [ -70.299, -38.333 ], [ -70.299, -38.299 ], [ -70.333, -38.299 ], [ -70.366, -38.299 ], [ -70.366, -38.266 ], [ -70.333, -38.266 ], [ -70.333, -38.233 ], [ -70.333, -38.199 ], [ -70.299, -38.199 ], [ -70.266, -38.199 ], [ -70.266, -38.233 ], [ -70.233, -38.233 ], [ -70.233, -38.266 ], [ -70.233, -38.299 ], [ -70.266, -38.299 ], [ -70.266, -38.333 ], [ -70.266, -38.366 ], [ -70.299, -38.366 ], [ -70.333, -38.366 ], [ -70.333, -38.399 ], [ -70.366, -38.399 ], [ -70.366, -38.366 ], [ -70.399, -38.366 ], [ -70.433, -38.366 ], [ -70.433, -38.333 ], [ -70.433, -38.299 ], [ -70.466, -38.299 ], [ -70.466, -38.266 ], [ -70.499, -38.266 ], [ -70.533, -38.266 ], [ -70.533, -38.233 ], [ -70.499, -38.233 ], [ -70.466, -38.233 ], [ -70.433, -38.233 ], [ -70.433, -38.199 ], [ -70.433, -38.166 ], [ -70.466, -38.166 ], [ -70.466, -38.199 ], [ -70.499, -38.199 ], [ -70.533, -38.199 ], [ -70.533, -38.166 ], [ -70.499, -38.166 ], [ -70.499, -38.133 ], [ -70.533, -38.133 ], [ -70.533, -38.099 ], [ -70.533, -38.066 ], [ -70.533, -38.033 ], [ -70.499, -38.033 ], [ -70.499, -37.999 ], [ -70.466, -37.999 ], [ -70.466, -38.033 ], [ -70.433, -38.033 ], [ -70.433, -37.999 ], [ -70.399, -37.999 ], [ -70.399, -38.033 ], [ -70.366, -38.033 ], [ -70.366, -37.999 ], [ -70.399, -37.999 ], [ -70.399, -37.966 ], [ -70.433, -37.966 ], [ -70.433, -37.999 ], [ -70.466, -37.999 ], [ -70.466, -37.966 ], [ -70.499, -37.966 ], [ -70.499, -37.999 ], [ -70.533, -37.999 ], [ -70.533, -37.966 ], [ -70.533, -37.933 ], [ -70.566, -37.933 ], [ -70.566, -37.899 ], [ -70.533, -37.899 ], [ -70.499, -37.899 ], [ -70.499, -37.866 ], [ -70.499, -37.833 ], [ -70.499, -37.799 ], [ -70.499, -37.766 ], [ -70.466, -37.766 ], [ -70.433, -37.766 ], [ -70.433, -37.799 ], [ -70.433, -37.833 ], [ -70.466, -37.833 ], [ -70.466, -37.866 ], [ -70.466, -37.899 ], [ -70.433, -37.899 ], [ -70.399, -37.899 ], [ -70.399, -37.866 ], [ -70.366, -37.866 ] ], [ [ -70.499, -38.066 ], [ -70.499, -38.099 ], [ -70.466, -38.099 ], [ -70.466, -38.066 ], [ -70.499, -38.066 ] ] ], [ [ [ -70.366, -37.866 ], [ -70.366, -37.833 ], [ -70.333, -37.833 ], [ -70.333, -37.799 ], [ -70.299, -37.799 ], [ -70.299, -37.766 ], [ -70.266, -37.766 ], [ -70.266, -37.799 ], [ -70.266, -37.833 ], [ -70.266, -37.866 ], [ -70.299, -37.866 ], [ -70.333, -37.866 ], [ -70.366, -37.866 ] ] ], [ [ [ -69.933, -37.799 ], [ -69.966, -37.799 ], [ -69.966, -37.766 ], [ -69.933, -37.766 ], [ -69.933, -37.799 ] ] ], [ [ [ -68.966, -37.799 ], [ -68.999, -37.799 ], [ -68.999, -37.766 ], [ -68.966, -37.766 ], [ -68.966, -37.799 ] ] ], [ [ [ -70.766, -37.733 ], [ -70.766, -37.766 ], [ -70.766, -37.799 ], [ -70.766, -37.833 ], [ -70.766, -37.866 ], [ -70.766, -37.899 ], [ -70.733, -37.899 ], [ -70.733, -37.933 ], [ -70.766, -37.933 ], [ -70.766, -37.966 ], [ -70.766, -37.999 ], [ -70.766, -38.033 ], [ -70.766, -38.066 ], [ -70.766, -38.099 ], [ -70.766, -38.133 ], [ -70.766, -38.166 ], [ -70.733, -38.166 ], [ -70.733, -38.199 ], [ -70.733, -38.233 ], [ -70.733, -38.266 ], [ -70.733, -38.299 ], [ -70.733, -38.333 ], [ -70.699, -38.333 ], [ -70.666, -38.333 ], [ -70.666, -38.366 ], [ -70.699, -38.366 ], [ -70.733, -38.366 ], [ -70.733, -38.399 ], [ -70.733, -38.433 ], [ -70.766, -38.433 ], [ -70.766, -38.466 ], [ -70.799, -38.466 ], [ -70.799, -38.433 ], [ -70.799, -38.399 ], [ -70.799, -38.366 ], [ -70.799, -38.333 ], [ -70.766, -38.333 ], [ -70.766, -38.299 ], [ -70.766, -38.266 ], [ -70.766, -38.233 ], [ -70.766, -38.199 ], [ -70.799, -38.199 ], [ -70.833, -38.199 ], [ -70.833, -38.166 ], [ -70.833, -38.133 ], [ -70.833, -38.099 ], [ -70.833, -38.066 ], [ -70.833, -38.033 ], [ -70.833, -37.999 ], [ -70.833, -37.966 ], [ -70.866, -37.966 ], [ -70.866, -37.933 ], [ -70.833, -37.933 ], [ -70.833, -37.899 ], [ -70.833, -37.866 ], [ -70.833, -37.833 ], [ -70.866, -37.833 ], [ -70.866, -37.799 ], [ -70.833, -37.799 ], [ -70.833, -37.766 ], [ -70.833, -37.733 ], [ -70.799, -37.733 ], [ -70.766, -37.733 ] ] ], [ [ [ -70.533, -37.766 ], [ -70.533, -37.799 ], [ -70.566, -37.799 ], [ -70.566, -37.833 ], [ -70.599, -37.833 ], [ -70.633, -37.833 ], [ -70.633, -37.799 ], [ -70.599, -37.799 ], [ -70.599, -37.766 ], [ -70.633, -37.766 ], [ -70.633, -37.733 ], [ -70.599, -37.733 ], [ -70.566, -37.733 ], [ -70.566, -37.766 ], [ -70.533, -37.766 ] ] ], [ [ [ -70.433, -37.766 ], [ -70.433, -37.733 ], [ -70.399, -37.733 ], [ -70.366, -37.733 ], [ -70.366, -37.766 ], [ -70.399, -37.766 ], [ -70.433, -37.766 ] ] ], [ [ [ -70.766, -37.733 ], [ -70.766, -37.699 ], [ -70.733, -37.699 ], [ -70.733, -37.733 ], [ -70.766, -37.733 ] ] ], [ [ [ -70.299, -37.699 ], [ -70.266, -37.699 ], [ -70.266, -37.733 ], [ -70.299, -37.733 ], [ -70.299, -37.699 ] ] ], [ [ [ -70.633, -37.666 ], [ -70.633, -37.699 ], [ -70.666, -37.699 ], [ -70.699, -37.699 ], [ -70.699, -37.666 ], [ -70.666, -37.666 ], [ -70.633, -37.666 ] ] ], [ [ [ -70.499, -37.766 ], [ -70.533, -37.766 ], [ -70.533, -37.733 ], [ -70.566, -37.733 ], [ -70.566, -37.699 ], [ -70.533, -37.699 ], [ -70.533, -37.666 ], [ -70.499, -37.666 ], [ -70.499, -37.699 ], [ -70.499, -37.733 ], [ -70.499, -37.766 ] ] ], [ [ [ -69.699, -37.666 ], [ -69.699, -37.699 ], [ -69.666, -37.699 ], [ -69.666, -37.733 ], [ -69.666, -37.766 ], [ -69.666, -37.799 ], [ -69.633, -37.799 ], [ -69.633, -37.833 ], [ -69.633, -37.866 ], [ -69.599, -37.866 ], [ -69.566, -37.866 ], [ -69.566, -37.899 ], [ -69.566, -37.933 ], [ -69.599, -37.933 ], [ -69.599, -37.966 ], [ -69.566, -37.966 ], [ -69.566, -37.999 ], [ -69.533, -37.999 ], [ -69.533, -38.033 ], [ -69.533, -38.066 ], [ -69.499, -38.066 ], [ -69.466, -38.066 ], [ -69.466, -38.099 ], [ -69.466, -38.133 ], [ -69.499, -38.133 ], [ -69.499, -38.166 ], [ -69.533, -38.166 ], [ -69.533, -38.199 ], [ -69.566, -38.199 ], [ -69.566, -38.166 ], [ -69.566, -38.133 ], [ -69.599, -38.133 ], [ -69.599, -38.099 ], [ -69.599, -38.066 ], [ -69.633, -38.066 ], [ -69.633, -38.033 ], [ -69.633, -37.999 ], [ -69.633, -37.966 ], [ -69.666, -37.966 ], [ -69.666, -37.933 ], [ -69.666, -37.899 ], [ -69.699, -37.899 ], [ -69.699, -37.866 ], [ -69.699, -37.833 ], [ -69.733, -37.833 ], [ -69.733, -37.799 ], [ -69.733, -37.766 ], [ -69.766, -37.766 ], [ -69.766, -37.733 ], [ -69.733, -37.733 ], [ -69.733, -37.699 ], [ -69.733, -37.666 ], [ -69.699, -37.666 ] ] ], [ [ [ -68.966, -37.799 ], [ -68.933, -37.799 ], [ -68.899, -37.799 ], [ -68.866, -37.799 ], [ -68.866, -37.766 ], [ -68.833, -37.766 ], [ -68.833, -37.733 ], [ -68.833, -37.699 ], [ -68.866, -37.699 ], [ -68.899, -37.699 ], [ -68.933, -37.699 ], [ -68.966, -37.699 ], [ -68.966, -37.733 ], [ -68.999, -37.733 ], [ -68.999, -37.766 ], [ -69.033, -37.766 ], [ -69.033, -37.733 ], [ -69.033, -37.699 ], [ -68.999, -37.699 ], [ -68.999, -37.666 ], [ -68.966, -37.666 ], [ -68.933, -37.666 ], [ -68.899, -37.666 ], [ -68.866, -37.666 ], [ -68.833, -37.666 ], [ -68.799, -37.666 ], [ -68.799, -37.699 ], [ -68.799, -37.733 ], [ -68.766, -37.733 ], [ -68.766, -37.766 ], [ -68.766, -37.799 ], [ -68.799, -37.799 ], [ -68.833, -37.799 ], [ -68.833, -37.833 ], [ -68.866, -37.833 ], [ -68.899, -37.833 ], [ -68.933, -37.833 ], [ -68.966, -37.833 ], [ -68.966, -37.799 ] ] ], [ [ [ -70.633, -37.666 ], [ -70.633, -37.633 ], [ -70.599, -37.633 ], [ -70.599, -37.666 ], [ -70.633, -37.666 ] ] ], [ [ [ -70.533, -37.666 ], [ -70.566, -37.666 ], [ -70.566, -37.633 ], [ -70.599, -37.633 ], [ -70.599, -37.599 ], [ -70.566, -37.599 ], [ -70.533, -37.599 ], [ -70.533, -37.633 ], [ -70.533, -37.666 ] ] ], [ [ [ -70.233, -37.599 ], [ -70.266, -37.599 ], [ -70.266, -37.566 ], [ -70.233, -37.566 ], [ -70.233, -37.599 ] ] ], [ [ [ -70.899, -37.566 ], [ -70.933, -37.566 ], [ -70.966, -37.566 ], [ -70.999, -37.566 ], [ -71.033, -37.566 ], [ -71.033, -37.533 ], [ -70.999, -37.533 ], [ -70.966, -37.533 ], [ -70.933, -37.533 ], [ -70.899, -37.533 ], [ -70.899, -37.566 ] ] ], [ [ [ -70.099, -37.599 ], [ -70.133, -37.599 ], [ -70.133, -37.566 ], [ -70.133, -37.533 ], [ -70.099, -37.533 ], [ -70.099, -37.566 ], [ -70.099, -37.599 ] ] ], [ [ [ -70.833, -37.566 ], [ -70.866, -37.566 ], [ -70.866, -37.533 ], [ -70.866, -37.499 ], [ -70.833, -37.499 ], [ -70.833, -37.533 ], [ -70.833, -37.566 ] ] ], [ [ [ -70.899, -37.566 ], [ -70.866, -37.566 ], [ -70.866, -37.599 ], [ -70.866, -37.633 ], [ -70.833, -37.633 ], [ -70.833, -37.599 ], [ -70.833, -37.566 ], [ -70.799, -37.566 ], [ -70.799, -37.533 ], [ -70.799, -37.499 ], [ -70.766, -37.499 ], [ -70.766, -37.533 ], [ -70.766, -37.566 ], [ -70.733, -37.566 ], [ -70.699, -37.566 ], [ -70.699, -37.599 ], [ -70.733, -37.599 ], [ -70.733, -37.633 ], [ -70.766, -37.633 ], [ -70.799, -37.633 ], [ -70.799, -37.666 ], [ -70.833, -37.666 ], [ -70.833, -37.699 ], [ -70.866, -37.699 ], [ -70.866, -37.666 ], [ -70.899, -37.666 ], [ -70.933, -37.666 ], [ -70.933, -37.699 ], [ -70.966, -37.699 ], [ -70.999, -37.699 ], [ -71.033, -37.699 ], [ -71.066, -37.699 ], [ -71.099, -37.699 ], [ -71.099, -37.666 ], [ -71.066, -37.666 ], [ -71.033, -37.666 ], [ -70.999, -37.666 ], [ -70.999, -37.633 ], [ -70.966, -37.633 ], [ -70.933, -37.633 ], [ -70.899, -37.633 ], [ -70.899, -37.599 ], [ -70.899, -37.566 ] ] ], [ [ [ -70.366, -37.499 ], [ -70.399, -37.499 ], [ -70.399, -37.533 ], [ -70.366, -37.533 ], [ -70.366, -37.499 ], [ -70.333, -37.499 ], [ -70.333, -37.533 ], [ -70.333, -37.566 ], [ -70.333, -37.599 ], [ -70.366, -37.599 ], [ -70.366, -37.633 ], [ -70.333, -37.633 ], [ -70.299, -37.633 ], [ -70.299, -37.666 ], [ -70.299, -37.699 ], [ -70.333, -37.699 ], [ -70.366, -37.699 ], [ -70.399, -37.699 ], [ -70.399, -37.666 ], [ -70.399, -37.633 ], [ -70.399, -37.599 ], [ -70.433, -37.599 ], [ -70.433, -37.566 ], [ -70.433, -37.533 ], [ -70.433, -37.499 ], [ -70.466, -37.499 ], [ -70.499, -37.499 ], [ -70.499, -37.533 ], [ -70.533, -37.533 ], [ -70.533, -37.566 ], [ -70.566, -37.566 ], [ -70.599, -37.566 ], [ -70.599, -37.599 ], [ -70.633, -37.599 ], [ -70.666, -37.599 ], [ -70.666, -37.566 ], [ -70.666, -37.533 ], [ -70.699, -37.533 ], [ -70.699, -37.499 ], [ -70.733, -37.499 ], [ -70.733, -37.466 ], [ -70.699, -37.466 ], [ -70.699, -37.433 ], [ -70.666, -37.433 ], [ -70.666, -37.466 ], [ -70.633, -37.466 ], [ -70.599, -37.466 ], [ -70.599, -37.499 ], [ -70.599, -37.533 ], [ -70.566, -37.533 ], [ -70.566, -37.499 ], [ -70.533, -37.499 ], [ -70.533, -37.466 ], [ -70.566, -37.466 ], [ -70.566, -37.433 ], [ -70.533, -37.433 ], [ -70.533, -37.399 ], [ -70.499, -37.399 ], [ -70.466, -37.399 ], [ -70.433, -37.399 ], [ -70.433, -37.433 ], [ -70.433, -37.466 ], [ -70.399, -37.466 ], [ -70.366, -37.466 ], [ -70.366, -37.499 ] ], [ [ -70.466, -37.466 ], [ -70.466, -37.433 ], [ -70.499, -37.433 ], [ -70.499, -37.466 ], [ -70.466, -37.466 ] ] ], [ [ [ -69.666, -37.433 ], [ -69.666, -37.466 ], [ -69.666, -37.499 ], [ -69.633, -37.499 ], [ -69.599, -37.499 ], [ -69.599, -37.466 ], [ -69.566, -37.466 ], [ -69.533, -37.466 ], [ -69.533, -37.499 ], [ -69.566, -37.499 ], [ -69.566, -37.533 ], [ -69.599, -37.533 ], [ -69.633, -37.533 ], [ -69.666, -37.533 ], [ -69.666, -37.566 ], [ -69.699, -37.566 ], [ -69.699, -37.599 ], [ -69.733, -37.599 ], [ -69.733, -37.566 ], [ -69.733, -37.533 ], [ -69.766, -37.533 ], [ -69.766, -37.566 ], [ -69.799, -37.566 ], [ -69.799, -37.533 ], [ -69.799, -37.499 ], [ -69.799, -37.466 ], [ -69.799, -37.433 ], [ -69.799, -37.399 ], [ -69.766, -37.399 ], [ -69.733, -37.399 ], [ -69.699, -37.399 ], [ -69.666, -37.399 ], [ -69.666, -37.433 ] ], [ [ -69.766, -37.466 ], [ -69.766, -37.499 ], [ -69.733, -37.499 ], [ -69.733, -37.466 ], [ -69.733, -37.433 ], [ -69.766, -37.433 ], [ -69.766, -37.466 ] ] ], [ [ [ -70.799, -37.499 ], [ -70.833, -37.499 ], [ -70.833, -37.466 ], [ -70.833, -37.433 ], [ -70.833, -37.399 ], [ -70.866, -37.399 ], [ -70.866, -37.366 ], [ -70.833, -37.366 ], [ -70.799, -37.366 ], [ -70.799, -37.399 ], [ -70.766, -37.399 ], [ -70.733, -37.399 ], [ -70.733, -37.433 ], [ -70.766, -37.433 ], [ -70.766, -37.466 ], [ -70.799, -37.466 ], [ -70.799, -37.499 ] ] ], [ [ [ -70.933, -37.366 ], [ -70.966, -37.366 ], [ -70.966, -37.333 ], [ -70.933, -37.333 ], [ -70.899, -37.333 ], [ -70.899, -37.366 ], [ -70.933, -37.366 ] ] ], [ [ [ -69.433, -37.366 ], [ -69.466, -37.366 ], [ -69.466, -37.333 ], [ -69.433, -37.333 ], [ -69.433, -37.366 ] ] ], [ [ [ -70.533, -37.299 ], [ -70.499, -37.299 ], [ -70.499, -37.333 ], [ -70.533, -37.333 ], [ -70.533, -37.299 ] ] ], [ [ [ -70.366, -37.366 ], [ -70.399, -37.366 ], [ -70.399, -37.333 ], [ -70.399, -37.299 ], [ -70.366, -37.299 ], [ -70.366, -37.333 ], [ -70.366, -37.366 ] ] ], [ [ [ -70.499, -37.299 ], [ -70.499, -37.266 ], [ -70.466, -37.266 ], [ -70.466, -37.299 ], [ -70.499, -37.299 ] ] ], [ [ [ -70.499, -37.266 ], [ -70.533, -37.266 ], [ -70.533, -37.233 ], [ -70.499, -37.233 ], [ -70.499, -37.266 ] ] ], [ [ [ -70.833, -37.199 ], [ -70.833, -37.233 ], [ -70.799, -37.233 ], [ -70.799, -37.266 ], [ -70.833, -37.266 ], [ -70.833, -37.299 ], [ -70.799, -37.299 ], [ -70.799, -37.333 ], [ -70.833, -37.333 ], [ -70.866, -37.333 ], [ -70.866, -37.299 ], [ -70.866, -37.266 ], [ -70.866, -37.233 ], [ -70.866, -37.199 ], [ -70.833, -37.199 ] ] ], [ [ [ -70.533, -37.266 ], [ -70.533, -37.299 ], [ -70.566, -37.299 ], [ -70.599, -37.299 ], [ -70.599, -37.333 ], [ -70.633, -37.333 ], [ -70.666, -37.333 ], [ -70.666, -37.299 ], [ -70.633, -37.299 ], [ -70.633, -37.266 ], [ -70.666, -37.266 ], [ -70.666, -37.233 ], [ -70.666, -37.199 ], [ -70.633, -37.199 ], [ -70.599, -37.199 ], [ -70.599, -37.233 ], [ -70.599, -37.266 ], [ -70.566, -37.266 ], [ -70.533, -37.266 ] ] ], [ [ [ -70.499, -37.233 ], [ -70.499, -37.199 ], [ -70.499, -37.166 ], [ -70.466, -37.166 ], [ -70.466, -37.199 ], [ -70.466, -37.233 ], [ -70.499, -37.233 ] ] ], [ [ [ -70.333, -37.166 ], [ -70.299, -37.166 ], [ -70.299, -37.133 ], [ -70.266, -37.133 ], [ -70.233, -37.133 ], [ -70.233, -37.166 ], [ -70.233, -37.199 ], [ -70.199, -37.199 ], [ -70.199, -37.233 ], [ -70.166, -37.233 ], [ -70.166, -37.266 ], [ -70.166, -37.299 ], [ -70.133, -37.299 ], [ -70.133, -37.333 ], [ -70.166, -37.333 ], [ -70.199, -37.333 ], [ -70.199, -37.299 ], [ -70.199, -37.266 ], [ -70.233, -37.266 ], [ -70.233, -37.233 ], [ -70.266, -37.233 ], [ -70.266, -37.199 ], [ -70.299, -37.199 ], [ -70.333, -37.199 ], [ -70.333, -37.166 ] ] ], [ [ [ -70.333, -37.166 ], [ -70.366, -37.166 ], [ -70.366, -37.133 ], [ -70.366, -37.099 ], [ -70.333, -37.099 ], [ -70.333, -37.133 ], [ -70.333, -37.166 ] ] ], [ [ [ -69.999, -37.399 ], [ -69.966, -37.399 ], [ -69.966, -37.366 ], [ -69.999, -37.366 ], [ -69.999, -37.399 ], [ -70.033, -37.399 ], [ -70.066, -37.399 ], [ -70.066, -37.366 ], [ -70.099, -37.366 ], [ -70.099, -37.333 ], [ -70.066, -37.333 ], [ -70.033, -37.333 ], [ -69.999, -37.333 ], [ -69.999, -37.299 ], [ -69.966, -37.299 ], [ -69.933, -37.299 ], [ -69.933, -37.266 ], [ -69.899, -37.266 ], [ -69.899, -37.233 ], [ -69.899, -37.199 ], [ -69.899, -37.166 ], [ -69.899, -37.133 ], [ -69.899, -37.099 ], [ -69.866, -37.099 ], [ -69.866, -37.133 ], [ -69.833, -37.133 ], [ -69.833, -37.166 ], [ -69.833, -37.199 ], [ -69.833, -37.233 ], [ -69.833, -37.266 ], [ -69.866, -37.266 ], [ -69.866, -37.299 ], [ -69.899, -37.299 ], [ -69.899, -37.333 ], [ -69.899, -37.366 ], [ -69.933, -37.366 ], [ -69.933, -37.399 ], [ -69.933, -37.433 ], [ -69.966, -37.433 ], [ -69.966, -37.466 ], [ -69.966, -37.499 ], [ -69.999, -37.499 ], [ -69.999, -37.466 ], [ -69.999, -37.433 ], [ -69.999, -37.399 ] ] ], [ [ [ -70.599, -37.099 ], [ -70.633, -37.099 ], [ -70.633, -37.066 ], [ -70.599, -37.066 ], [ -70.599, -37.099 ] ] ], [ [ [ -69.899, -37.099 ], [ -69.933, -37.099 ], [ -69.933, -37.066 ], [ -69.899, -37.066 ], [ -69.899, -37.099 ] ] ], [ [ [ -69.666, -36.966 ], [ -69.666, -36.999 ], [ -69.699, -36.999 ], [ -69.733, -36.999 ], [ -69.733, -36.966 ], [ -69.699, -36.966 ], [ -69.666, -36.966 ] ] ], [ [ [ -68.866, -36.966 ], [ -68.866, -36.999 ], [ -68.833, -36.999 ], [ -68.833, -37.033 ], [ -68.799, -37.033 ], [ -68.799, -37.066 ], [ -68.799, -37.099 ], [ -68.833, -37.099 ], [ -68.866, -37.099 ], [ -68.899, -37.099 ], [ -68.933, -37.099 ], [ -68.966, -37.099 ], [ -68.999, -37.099 ], [ -68.999, -37.066 ], [ -68.999, -37.033 ], [ -68.999, -36.999 ], [ -68.966, -36.999 ], [ -68.966, -36.966 ], [ -68.933, -36.966 ], [ -68.899, -36.966 ], [ -68.866, -36.966 ] ], [ [ -68.966, -37.033 ], [ -68.966, -37.066 ], [ -68.933, -37.066 ], [ -68.899, -37.066 ], [ -68.899, -37.033 ], [ -68.899, -36.999 ], [ -68.933, -36.999 ], [ -68.933, -37.033 ], [ -68.966, -37.033 ] ] ], [ [ [ -70.333, -37.099 ], [ -70.333, -37.066 ], [ -70.333, -37.033 ], [ -70.366, -37.033 ], [ -70.366, -36.999 ], [ -70.399, -36.999 ], [ -70.433, -36.999 ], [ -70.433, -37.033 ], [ -70.433, -37.066 ], [ -70.433, -37.099 ], [ -70.433, -37.133 ], [ -70.433, -37.166 ], [ -70.466, -37.166 ], [ -70.466, -37.133 ], [ -70.466, -37.099 ], [ -70.466, -37.066 ], [ -70.466, -37.033 ], [ -70.466, -36.999 ], [ -70.466, -36.966 ], [ -70.466, -36.933 ], [ -70.433, -36.933 ], [ -70.399, -36.933 ], [ -70.399, -36.966 ], [ -70.366, -36.966 ], [ -70.333, -36.966 ], [ -70.333, -36.999 ], [ -70.299, -36.999 ], [ -70.299, -37.033 ], [ -70.266, -37.033 ], [ -70.266, -37.066 ], [ -70.299, -37.066 ], [ -70.299, -37.099 ], [ -70.333, -37.099 ] ] ], [ [ [ -69.666, -36.966 ], [ -69.666, -36.933 ], [ -69.633, -36.933 ], [ -69.633, -36.966 ], [ -69.666, -36.966 ] ] ], [ [ [ -69.699, -36.933 ], [ -69.733, -36.933 ], [ -69.733, -36.899 ], [ -69.699, -36.899 ], [ -69.699, -36.933 ] ] ], [ [ [ -69.933, -36.866 ], [ -69.899, -36.866 ], [ -69.866, -36.866 ], [ -69.866, -36.899 ], [ -69.866, -36.933 ], [ -69.866, -36.966 ], [ -69.866, -36.999 ], [ -69.899, -36.999 ], [ -69.933, -36.999 ], [ -69.933, -36.966 ], [ -69.966, -36.966 ], [ -69.966, -36.933 ], [ -69.933, -36.933 ], [ -69.933, -36.899 ], [ -69.933, -36.866 ] ] ], [ [ [ -69.633, -36.866 ], [ -69.666, -36.866 ], [ -69.666, -36.833 ], [ -69.633, -36.833 ], [ -69.633, -36.866 ] ] ], [ [ [ -69.233, -36.833 ], [ -69.233, -36.866 ], [ -69.266, -36.866 ], [ -69.299, -36.866 ], [ -69.333, -36.866 ], [ -69.366, -36.866 ], [ -69.399, -36.866 ], [ -69.399, -36.833 ], [ -69.366, -36.833 ], [ -69.333, -36.833 ], [ -69.299, -36.833 ], [ -69.266, -36.833 ], [ -69.233, -36.833 ] ] ], [ [ [ -69.933, -36.866 ], [ -69.966, -36.866 ], [ -69.966, -36.833 ], [ -69.999, -36.833 ], [ -69.999, -36.799 ], [ -70.033, -36.799 ], [ -70.033, -36.766 ], [ -70.033, -36.733 ], [ -69.999, -36.733 ], [ -69.999, -36.766 ], [ -69.966, -36.766 ], [ -69.966, -36.799 ], [ -69.933, -36.799 ], [ -69.933, -36.833 ], [ -69.933, -36.866 ] ] ], [ [ [ -70.033, -36.733 ], [ -70.066, -36.733 ], [ -70.066, -36.699 ], [ -70.033, -36.699 ], [ -70.033, -36.733 ] ] ], [ [ [ -69.299, -36.666 ], [ -69.299, -36.699 ], [ -69.333, -36.699 ], [ -69.333, -36.666 ], [ -69.299, -36.666 ] ] ], [ [ [ -70.633, -36.699 ], [ -70.633, -36.666 ], [ -70.633, -36.633 ], [ -70.599, -36.633 ], [ -70.599, -36.666 ], [ -70.599, -36.699 ], [ -70.633, -36.699 ] ] ], [ [ [ -69.999, -36.666 ], [ -70.033, -36.666 ], [ -70.033, -36.633 ], [ -69.999, -36.633 ], [ -69.999, -36.666 ] ] ], [ [ [ -70.899, -36.633 ], [ -70.933, -36.633 ], [ -70.933, -36.599 ], [ -70.899, -36.599 ], [ -70.899, -36.633 ] ] ], [ [ [ -69.633, -36.933 ], [ -69.633, -36.899 ], [ -69.633, -36.866 ], [ -69.599, -36.866 ], [ -69.599, -36.833 ], [ -69.633, -36.833 ], [ -69.633, -36.799 ], [ -69.633, -36.766 ], [ -69.633, -36.733 ], [ -69.599, -36.733 ], [ -69.599, -36.699 ], [ -69.633, -36.699 ], [ -69.633, -36.666 ], [ -69.633, -36.633 ], [ -69.633, -36.599 ], [ -69.599, -36.599 ], [ -69.599, -36.633 ], [ -69.599, -36.666 ], [ -69.566, -36.666 ], [ -69.533, -36.666 ], [ -69.499, -36.666 ], [ -69.466, -36.666 ], [ -69.466, -36.699 ], [ -69.466, -36.733 ], [ -69.466, -36.766 ], [ -69.499, -36.766 ], [ -69.499, -36.799 ], [ -69.499, -36.833 ], [ -69.466, -36.833 ], [ -69.466, -36.799 ], [ -69.433, -36.799 ], [ -69.433, -36.833 ], [ -69.433, -36.866 ], [ -69.466, -36.866 ], [ -69.499, -36.866 ], [ -69.499, -36.899 ], [ -69.499, -36.933 ], [ -69.499, -36.966 ], [ -69.533, -36.966 ], [ -69.566, -36.966 ], [ -69.566, -36.933 ], [ -69.566, -36.899 ], [ -69.599, -36.899 ], [ -69.599, -36.933 ], [ -69.633, -36.933 ] ] ], [ [ [ -69.533, -36.566 ], [ -69.533, -36.599 ], [ -69.533, -36.633 ], [ -69.566, -36.633 ], [ -69.566, -36.599 ], [ -69.566, -36.566 ], [ -69.533, -36.566 ] ] ], [ [ [ -70.033, -36.633 ], [ -70.066, -36.633 ], [ -70.066, -36.666 ], [ -70.066, -36.699 ], [ -70.099, -36.699 ], [ -70.099, -36.666 ], [ -70.099, -36.633 ], [ -70.099, -36.599 ], [ -70.133, -36.599 ], [ -70.133, -36.566 ], [ -70.133, -36.533 ], [ -70.099, -36.533 ], [ -70.099, -36.566 ], [ -70.066, -36.566 ], [ -70.066, -36.599 ], [ -70.033, -36.599 ], [ -70.033, -36.633 ] ] ], [ [ [ -70.633, -36.699 ], [ -70.633, -36.733 ], [ -70.633, -36.766 ], [ -70.633, -36.799 ], [ -70.633, -36.833 ], [ -70.633, -36.866 ], [ -70.599, -36.866 ], [ -70.599, -36.899 ], [ -70.633, -36.899 ], [ -70.633, -36.933 ], [ -70.633, -36.966 ], [ -70.633, -36.999 ], [ -70.633, -37.033 ], [ -70.666, -37.033 ], [ -70.666, -36.999 ], [ -70.666, -36.966 ], [ -70.666, -36.933 ], [ -70.666, -36.899 ], [ -70.666, -36.866 ], [ -70.666, -36.833 ], [ -70.666, -36.799 ], [ -70.666, -36.766 ], [ -70.699, -36.766 ], [ -70.699, -36.799 ], [ -70.733, -36.799 ], [ -70.733, -36.766 ], [ -70.766, -36.766 ], [ -70.766, -36.799 ], [ -70.733, -36.799 ], [ -70.733, -36.833 ], [ -70.699, -36.833 ], [ -70.699, -36.866 ], [ -70.699, -36.899 ], [ -70.699, -36.933 ], [ -70.699, -36.966 ], [ -70.699, -36.999 ], [ -70.699, -37.033 ], [ -70.666, -37.033 ], [ -70.666, -37.066 ], [ -70.699, -37.066 ], [ -70.699, -37.099 ], [ -70.666, -37.099 ], [ -70.666, -37.133 ], [ -70.699, -37.133 ], [ -70.733, -37.133 ], [ -70.733, -37.099 ], [ -70.733, -37.066 ], [ -70.733, -37.033 ], [ -70.733, -36.999 ], [ -70.733, -36.966 ], [ -70.733, -36.933 ], [ -70.766, -36.933 ], [ -70.799, -36.933 ], [ -70.833, -36.933 ], [ -70.866, -36.933 ], [ -70.866, -36.966 ], [ -70.833, -36.966 ], [ -70.799, -36.966 ], [ -70.766, -36.966 ], [ -70.766, -36.999 ], [ -70.799, -36.999 ], [ -70.833, -36.999 ], [ -70.833, -37.033 ], [ -70.799, -37.033 ], [ -70.799, -37.066 ], [ -70.799, -37.099 ], [ -70.799, -37.133 ], [ -70.799, -37.166 ], [ -70.799, -37.199 ], [ -70.833, -37.199 ], [ -70.833, -37.166 ], [ -70.833, -37.133 ], [ -70.833, -37.099 ], [ -70.833, -37.066 ], [ -70.866, -37.066 ], [ -70.866, -37.033 ], [ -70.899, -37.033 ], [ -70.933, -37.033 ], [ -70.966, -37.033 ], [ -70.999, -37.033 ], [ -70.999, -36.999 ], [ -70.966, -36.999 ], [ -70.966, -36.966 ], [ -70.966, -36.933 ], [ -70.966, -36.899 ], [ -70.999, -36.899 ], [ -71.033, -36.899 ], [ -71.033, -36.866 ], [ -71.066, -36.866 ], [ -71.066, -36.833 ], [ -71.066, -36.799 ], [ -71.033, -36.799 ], [ -70.999, -36.799 ], [ -70.999, -36.833 ], [ -70.966, -36.833 ], [ -70.966, -36.866 ], [ -70.933, -36.866 ], [ -70.933, -36.899 ], [ -70.899, -36.899 ], [ -70.899, -36.866 ], [ -70.866, -36.866 ], [ -70.866, -36.833 ], [ -70.866, -36.799 ], [ -70.833, -36.799 ], [ -70.833, -36.766 ], [ -70.833, -36.733 ], [ -70.799, -36.733 ], [ -70.799, -36.699 ], [ -70.799, -36.666 ], [ -70.799, -36.633 ], [ -70.833, -36.633 ], [ -70.866, -36.633 ], [ -70.866, -36.599 ], [ -70.833, -36.599 ], [ -70.799, -36.599 ], [ -70.799, -36.566 ], [ -70.799, -36.533 ], [ -70.799, -36.499 ], [ -70.766, -36.499 ], [ -70.766, -36.533 ], [ -70.766, -36.566 ], [ -70.766, -36.599 ], [ -70.766, -36.633 ], [ -70.766, -36.666 ], [ -70.766, -36.699 ], [ -70.733, -36.699 ], [ -70.733, -36.733 ], [ -70.699, -36.733 ], [ -70.666, -36.733 ], [ -70.666, -36.699 ], [ -70.633, -36.699 ] ] ], [ [ [ -69.533, -36.566 ], [ -69.533, -36.533 ], [ -69.499, -36.533 ], [ -69.466, -36.533 ], [ -69.466, -36.499 ], [ -69.433, -36.499 ], [ -69.433, -36.533 ], [ -69.433, -36.566 ], [ -69.433, -36.599 ], [ -69.466, -36.599 ], [ -69.499, -36.599 ], [ -69.499, -36.566 ], [ -69.533, -36.566 ] ] ], [ [ [ -69.999, -36.666 ], [ -69.966, -36.666 ], [ -69.933, -36.666 ], [ -69.899, -36.666 ], [ -69.866, -36.666 ], [ -69.866, -36.633 ], [ -69.866, -36.599 ], [ -69.833, -36.599 ], [ -69.833, -36.566 ], [ -69.833, -36.533 ], [ -69.866, -36.533 ], [ -69.866, -36.499 ], [ -69.833, -36.499 ], [ -69.833, -36.466 ], [ -69.799, -36.466 ], [ -69.766, -36.466 ], [ -69.766, -36.499 ], [ -69.766, -36.533 ], [ -69.766, -36.566 ], [ -69.766, -36.599 ], [ -69.766, -36.633 ], [ -69.799, -36.633 ], [ -69.799, -36.666 ], [ -69.799, -36.699 ], [ -69.833, -36.699 ], [ -69.866, -36.699 ], [ -69.899, -36.699 ], [ -69.933, -36.699 ], [ -69.966, -36.699 ], [ -69.999, -36.699 ], [ -69.999, -36.666 ] ] ], [ [ [ -69.466, -36.499 ], [ -69.499, -36.499 ], [ -69.533, -36.499 ], [ -69.533, -36.466 ], [ -69.499, -36.466 ], [ -69.466, -36.466 ], [ -69.466, -36.499 ] ] ], [ [ [ -70.133, -36.533 ], [ -70.166, -36.533 ], [ -70.166, -36.499 ], [ -70.199, -36.499 ], [ -70.233, -36.499 ], [ -70.266, -36.499 ], [ -70.266, -36.466 ], [ -70.233, -36.466 ], [ -70.233, -36.433 ], [ -70.199, -36.433 ], [ -70.199, -36.466 ], [ -70.166, -36.466 ], [ -70.133, -36.466 ], [ -70.133, -36.499 ], [ -70.133, -36.533 ] ] ], [ [ [ -69.766, -36.466 ], [ -69.766, -36.433 ], [ -69.733, -36.433 ], [ -69.699, -36.433 ], [ -69.699, -36.466 ], [ -69.699, -36.499 ], [ -69.733, -36.499 ], [ -69.733, -36.466 ], [ -69.766, -36.466 ] ] ], [ [ [ -70.199, -36.433 ], [ -70.199, -36.399 ], [ -70.166, -36.399 ], [ -70.166, -36.433 ], [ -70.199, -36.433 ] ] ], [ [ [ -70.199, -36.399 ], [ -70.233, -36.399 ], [ -70.233, -36.366 ], [ -70.233, -36.333 ], [ -70.199, -36.333 ], [ -70.199, -36.366 ], [ -70.199, -36.399 ] ] ], [ [ [ -70.233, -36.333 ], [ -70.266, -36.333 ], [ -70.266, -36.299 ], [ -70.233, -36.299 ], [ -70.233, -36.333 ] ] ], [ [ [ -69.533, -36.466 ], [ -69.566, -36.466 ], [ -69.566, -36.433 ], [ -69.599, -36.433 ], [ -69.599, -36.399 ], [ -69.599, -36.366 ], [ -69.566, -36.366 ], [ -69.566, -36.333 ], [ -69.533, -36.333 ], [ -69.533, -36.299 ], [ -69.499, -36.299 ], [ -69.499, -36.333 ], [ -69.499, -36.366 ], [ -69.533, -36.366 ], [ -69.533, -36.399 ], [ -69.533, -36.433 ], [ -69.533, -36.466 ] ] ], [ [ [ -69.866, -36.199 ], [ -69.866, -36.233 ], [ -69.833, -36.233 ], [ -69.799, -36.233 ], [ -69.766, -36.233 ], [ -69.766, -36.199 ], [ -69.733, -36.199 ], [ -69.733, -36.233 ], [ -69.699, -36.233 ], [ -69.699, -36.266 ], [ -69.699, -36.299 ], [ -69.699, -36.333 ], [ -69.733, -36.333 ], [ -69.733, -36.299 ], [ -69.733, -36.266 ], [ -69.766, -36.266 ], [ -69.799, -36.266 ], [ -69.799, -36.299 ], [ -69.833, -36.299 ], [ -69.866, -36.299 ], [ -69.899, -36.299 ], [ -69.899, -36.266 ], [ -69.933, -36.266 ], [ -69.933, -36.233 ], [ -69.899, -36.233 ], [ -69.899, -36.199 ], [ -69.866, -36.199 ] ] ], [ [ [ -69.499, -36.299 ], [ -69.499, -36.266 ], [ -69.533, -36.266 ], [ -69.533, -36.233 ], [ -69.533, -36.199 ], [ -69.499, -36.199 ], [ -69.466, -36.199 ], [ -69.466, -36.233 ], [ -69.466, -36.266 ], [ -69.466, -36.299 ], [ -69.499, -36.299 ] ] ], [ [ [ -69.733, -36.166 ], [ -69.766, -36.166 ], [ -69.766, -36.133 ], [ -69.733, -36.133 ], [ -69.733, -36.166 ] ] ], [ [ [ -69.866, -36.199 ], [ -69.866, -36.166 ], [ -69.866, -36.133 ], [ -69.833, -36.133 ], [ -69.833, -36.099 ], [ -69.799, -36.099 ], [ -69.799, -36.133 ], [ -69.799, -36.166 ], [ -69.833, -36.166 ], [ -69.833, -36.199 ], [ -69.866, -36.199 ] ] ], [ [ [ -69.799, -36.099 ], [ -69.799, -36.066 ], [ -69.799, -36.033 ], [ -69.766, -36.033 ], [ -69.733, -36.033 ], [ -69.733, -36.066 ], [ -69.766, -36.066 ], [ -69.766, -36.099 ], [ -69.799, -36.099 ] ] ], [ [ [ -69.966, -35.899 ], [ -69.966, -35.933 ], [ -69.966, -35.966 ], [ -69.966, -35.999 ], [ -69.966, -36.033 ], [ -69.999, -36.033 ], [ -69.999, -35.999 ], [ -69.999, -35.966 ], [ -69.999, -35.933 ], [ -69.999, -35.899 ], [ -69.966, -35.899 ] ] ], [ [ [ -69.799, -35.899 ], [ -69.766, -35.899 ], [ -69.766, -35.933 ], [ -69.766, -35.966 ], [ -69.799, -35.966 ], [ -69.799, -35.933 ], [ -69.799, -35.899 ] ] ], [ [ [ -69.966, -35.899 ], [ -69.966, -35.866 ], [ -69.999, -35.866 ], [ -69.999, -35.833 ], [ -69.966, -35.833 ], [ -69.933, -35.833 ], [ -69.933, -35.866 ], [ -69.899, -35.866 ], [ -69.899, -35.899 ], [ -69.933, -35.899 ], [ -69.966, -35.899 ] ] ], [ [ [ -69.799, -35.899 ], [ -69.833, -35.899 ], [ -69.833, -35.866 ], [ -69.833, -35.833 ], [ -69.799, -35.833 ], [ -69.799, -35.866 ], [ -69.799, -35.899 ] ] ], [ [ [ -69.666, -35.866 ], [ -69.666, -35.899 ], [ -69.666, -35.933 ], [ -69.666, -35.966 ], [ -69.633, -35.966 ], [ -69.633, -35.999 ], [ -69.633, -36.033 ], [ -69.599, -36.033 ], [ -69.599, -36.066 ], [ -69.566, -36.066 ], [ -69.566, -36.099 ], [ -69.566, -36.133 ], [ -69.533, -36.133 ], [ -69.533, -36.166 ], [ -69.533, -36.199 ], [ -69.566, -36.199 ], [ -69.566, -36.166 ], [ -69.599, -36.166 ], [ -69.599, -36.133 ], [ -69.633, -36.133 ], [ -69.633, -36.099 ], [ -69.666, -36.099 ], [ -69.666, -36.066 ], [ -69.666, -36.033 ], [ -69.666, -35.999 ], [ -69.699, -35.999 ], [ -69.699, -35.966 ], [ -69.699, -35.933 ], [ -69.699, -35.899 ], [ -69.733, -35.899 ], [ -69.733, -35.866 ], [ -69.766, -35.866 ], [ -69.766, -35.833 ], [ -69.733, -35.833 ], [ -69.699, -35.833 ], [ -69.699, -35.866 ], [ -69.666, -35.866 ] ] ], [ [ [ -69.766, -35.833 ], [ -69.799, -35.833 ], [ -69.799, -35.799 ], [ -69.766, -35.799 ], [ -69.766, -35.833 ] ] ], [ [ [ -69.666, -35.866 ], [ -69.666, -35.833 ], [ -69.699, -35.833 ], [ -69.699, -35.799 ], [ -69.666, -35.799 ], [ -69.666, -35.766 ], [ -69.633, -35.766 ], [ -69.633, -35.799 ], [ -69.633, -35.833 ], [ -69.633, -35.866 ], [ -69.666, -35.866 ] ] ], [ [ [ -68.799, -35.766 ], [ -68.766, -35.766 ], [ -68.766, -35.799 ], [ -68.766, -35.833 ], [ -68.799, -35.833 ], [ -68.799, -35.799 ], [ -68.799, -35.766 ] ] ], [ [ [ -69.999, -35.833 ], [ -70.033, -35.833 ], [ -70.066, -35.833 ], [ -70.099, -35.833 ], [ -70.099, -35.799 ], [ -70.099, -35.766 ], [ -70.133, -35.766 ], [ -70.133, -35.733 ], [ -70.099, -35.733 ], [ -70.066, -35.733 ], [ -70.066, -35.766 ], [ -70.066, -35.799 ], [ -70.033, -35.799 ], [ -69.999, -35.799 ], [ -69.999, -35.833 ] ] ], [ [ [ -68.899, -35.399 ], [ -68.933, -35.399 ], [ -68.933, -35.366 ], [ -68.899, -35.366 ], [ -68.899, -35.399 ] ] ], [ [ [ -68.499, -35.066 ], [ -68.499, -35.099 ], [ -68.466, -35.099 ], [ -68.466, -35.133 ], [ -68.466, -35.166 ], [ -68.499, -35.166 ], [ -68.499, -35.133 ], [ -68.533, -35.133 ], [ -68.533, -35.099 ], [ -68.533, -35.066 ], [ -68.533, -35.033 ], [ -68.499, -35.033 ], [ -68.499, -35.066 ] ] ], [ [ [ -69.466, -34.699 ], [ -69.499, -34.699 ], [ -69.499, -34.666 ], [ -69.466, -34.666 ], [ -69.466, -34.699 ] ] ], [ [ [ -68.733, -34.699 ], [ -68.766, -34.699 ], [ -68.766, -34.666 ], [ -68.733, -34.666 ], [ -68.733, -34.699 ] ] ], [ [ [ -69.066, -34.666 ], [ -69.099, -34.666 ], [ -69.099, -34.633 ], [ -69.099, -34.599 ], [ -69.066, -34.599 ], [ -69.033, -34.599 ], [ -69.033, -34.633 ], [ -69.033, -34.666 ], [ -69.066, -34.666 ] ] ], [ [ [ -68.899, -35.399 ], [ -68.866, -35.399 ], [ -68.833, -35.399 ], [ -68.799, -35.399 ], [ -68.766, -35.399 ], [ -68.766, -35.366 ], [ -68.733, -35.366 ], [ -68.699, -35.366 ], [ -68.666, -35.366 ], [ -68.666, -35.333 ], [ -68.666, -35.299 ], [ -68.666, -35.266 ], [ -68.633, -35.266 ], [ -68.633, -35.299 ], [ -68.599, -35.299 ], [ -68.599, -35.333 ], [ -68.599, -35.366 ], [ -68.566, -35.366 ], [ -68.533, -35.366 ], [ -68.533, -35.399 ], [ -68.499, -35.399 ], [ -68.466, -35.399 ], [ -68.433, -35.399 ], [ -68.433, -35.433 ], [ -68.399, -35.433 ], [ -68.366, -35.433 ], [ -68.366, -35.466 ], [ -68.333, -35.466 ], [ -68.299, -35.466 ], [ -68.299, -35.499 ], [ -68.299, -35.533 ], [ -68.266, -35.533 ], [ -68.233, -35.533 ], [ -68.233, -35.566 ], [ -68.233, -35.599 ], [ -68.233, -35.633 ], [ -68.266, -35.633 ], [ -68.266, -35.666 ], [ -68.266, -35.699 ], [ -68.299, -35.699 ], [ -68.299, -35.733 ], [ -68.333, -35.733 ], [ -68.333, -35.766 ], [ -68.333, -35.799 ], [ -68.366, -35.799 ], [ -68.366, -35.833 ], [ -68.366, -35.866 ], [ -68.366, -35.899 ], [ -68.333, -35.899 ], [ -68.333, -35.933 ], [ -68.366, -35.933 ], [ -68.366, -35.966 ], [ -68.366, -35.999 ], [ -68.399, -35.999 ], [ -68.433, -35.999 ], [ -68.433, -36.033 ], [ -68.433, -36.066 ], [ -68.466, -36.066 ], [ -68.466, -36.099 ], [ -68.499, -36.099 ], [ -68.499, -36.066 ], [ -68.533, -36.066 ], [ -68.533, -36.033 ], [ -68.533, -35.999 ], [ -68.533, -35.966 ], [ -68.533, -35.933 ], [ -68.499, -35.933 ], [ -68.499, -35.899 ], [ -68.466, -35.899 ], [ -68.433, -35.899 ], [ -68.399, -35.899 ], [ -68.399, -35.866 ], [ -68.433, -35.866 ], [ -68.433, -35.833 ], [ -68.433, -35.799 ], [ -68.433, -35.766 ], [ -68.399, -35.766 ], [ -68.366, -35.766 ], [ -68.366, -35.733 ], [ -68.366, -35.699 ], [ -68.333, -35.699 ], [ -68.333, -35.666 ], [ -68.333, -35.633 ], [ -68.333, -35.599 ], [ -68.333, -35.566 ], [ -68.333, -35.533 ], [ -68.333, -35.499 ], [ -68.366, -35.499 ], [ -68.399, -35.499 ], [ -68.433, -35.499 ], [ -68.433, -35.466 ], [ -68.466, -35.466 ], [ -68.499, -35.466 ], [ -68.533, -35.466 ], [ -68.566, -35.466 ], [ -68.599, -35.466 ], [ -68.633, -35.466 ], [ -68.633, -35.433 ], [ -68.666, -35.433 ], [ -68.666, -35.466 ], [ -68.666, -35.499 ], [ -68.666, -35.533 ], [ -68.699, -35.533 ], [ -68.699, -35.566 ], [ -68.733, -35.566 ], [ -68.733, -35.599 ], [ -68.733, -35.633 ], [ -68.766, -35.633 ], [ -68.766, -35.666 ], [ -68.799, -35.666 ], [ -68.799, -35.699 ], [ -68.799, -35.733 ], [ -68.799, -35.766 ], [ -68.833, -35.766 ], [ -68.866, -35.766 ], [ -68.899, -35.766 ], [ -68.899, -35.799 ], [ -68.899, -35.833 ], [ -68.899, -35.866 ], [ -68.866, -35.866 ], [ -68.833, -35.866 ], [ -68.833, -35.899 ], [ -68.799, -35.899 ], [ -68.799, -35.933 ], [ -68.799, -35.966 ], [ -68.799, -35.999 ], [ -68.766, -35.999 ], [ -68.766, -36.033 ], [ -68.766, -36.066 ], [ -68.766, -36.099 ], [ -68.733, -36.099 ], [ -68.733, -36.066 ], [ -68.699, -36.066 ], [ -68.699, -36.099 ], [ -68.699, -36.133 ], [ -68.666, -36.133 ], [ -68.633, -36.133 ], [ -68.599, -36.133 ], [ -68.599, -36.099 ], [ -68.633, -36.099 ], [ -68.633, -36.066 ], [ -68.599, -36.066 ], [ -68.566, -36.066 ], [ -68.533, -36.066 ], [ -68.533, -36.099 ], [ -68.499, -36.099 ], [ -68.499, -36.133 ], [ -68.533, -36.133 ], [ -68.566, -36.133 ], [ -68.566, -36.166 ], [ -68.599, -36.166 ], [ -68.599, -36.199 ], [ -68.633, -36.199 ], [ -68.633, -36.233 ], [ -68.633, -36.266 ], [ -68.666, -36.266 ], [ -68.699, -36.266 ], [ -68.733, -36.266 ], [ -68.766, -36.266 ], [ -68.799, -36.266 ], [ -68.799, -36.299 ], [ -68.799, -36.333 ], [ -68.799, -36.366 ], [ -68.799, -36.399 ], [ -68.799, -36.433 ], [ -68.833, -36.433 ], [ -68.866, -36.433 ], [ -68.899, -36.433 ], [ -68.899, -36.466 ], [ -68.933, -36.466 ], [ -68.933, -36.499 ], [ -68.966, -36.499 ], [ -68.999, -36.499 ], [ -69.033, -36.499 ], [ -69.033, -36.533 ], [ -69.066, -36.533 ], [ -69.066, -36.566 ], [ -69.099, -36.566 ], [ -69.099, -36.599 ], [ -69.099, -36.633 ], [ -69.133, -36.633 ], [ -69.133, -36.666 ], [ -69.133, -36.699 ], [ -69.133, -36.733 ], [ -69.099, -36.733 ], [ -69.099, -36.766 ], [ -69.133, -36.766 ], [ -69.166, -36.766 ], [ -69.166, -36.799 ], [ -69.166, -36.833 ], [ -69.199, -36.833 ], [ -69.233, -36.833 ], [ -69.233, -36.799 ], [ -69.233, -36.766 ], [ -69.199, -36.766 ], [ -69.199, -36.733 ], [ -69.233, -36.733 ], [ -69.233, -36.699 ], [ -69.266, -36.699 ], [ -69.266, -36.666 ], [ -69.299, -36.666 ], [ -69.299, -36.633 ], [ -69.266, -36.633 ], [ -69.233, -36.633 ], [ -69.233, -36.599 ], [ -69.233, -36.566 ], [ -69.199, -36.566 ], [ -69.199, -36.533 ], [ -69.166, -36.533 ], [ -69.133, -36.533 ], [ -69.099, -36.533 ], [ -69.099, -36.499 ], [ -69.066, -36.499 ], [ -69.066, -36.466 ], [ -69.033, -36.466 ], [ -68.999, -36.466 ], [ -68.999, -36.433 ], [ -68.966, -36.433 ], [ -68.933, -36.433 ], [ -68.933, -36.399 ], [ -68.899, -36.399 ], [ -68.899, -36.366 ], [ -68.899, -36.333 ], [ -68.933, -36.333 ], [ -68.933, -36.299 ], [ -68.966, -36.299 ], [ -68.999, -36.299 ], [ -69.033, -36.299 ], [ -69.066, -36.299 ], [ -69.099, -36.299 ], [ -69.133, -36.299 ], [ -69.166, -36.299 ], [ -69.199, -36.299 ], [ -69.233, -36.299 ], [ -69.266, -36.299 ], [ -69.299, -36.299 ], [ -69.333, -36.299 ], [ -69.366, -36.299 ], [ -69.366, -36.266 ], [ -69.399, -36.266 ], [ -69.399, -36.233 ], [ -69.399, -36.199 ], [ -69.366, -36.199 ], [ -69.366, -36.166 ], [ -69.366, -36.133 ], [ -69.333, -36.133 ], [ -69.333, -36.099 ], [ -69.299, -36.099 ], [ -69.299, -36.066 ], [ -69.299, -36.033 ], [ -69.299, -35.999 ], [ -69.299, -35.966 ], [ -69.333, -35.966 ], [ -69.333, -35.933 ], [ -69.366, -35.933 ], [ -69.366, -35.899 ], [ -69.399, -35.899 ], [ -69.399, -35.866 ], [ -69.399, -35.833 ], [ -69.433, -35.833 ], [ -69.466, -35.833 ], [ -69.499, -35.833 ], [ -69.499, -35.799 ], [ -69.533, -35.799 ], [ -69.533, -35.766 ], [ -69.566, -35.766 ], [ -69.566, -35.733 ], [ -69.566, -35.699 ], [ -69.566, -35.666 ], [ -69.599, -35.666 ], [ -69.633, -35.666 ], [ -69.633, -35.633 ], [ -69.666, -35.633 ], [ -69.699, -35.633 ], [ -69.733, -35.633 ], [ -69.766, -35.633 ], [ -69.766, -35.599 ], [ -69.766, -35.566 ], [ -69.733, -35.566 ], [ -69.733, -35.533 ], [ -69.766, -35.533 ], [ -69.799, -35.533 ], [ -69.799, -35.499 ], [ -69.766, -35.499 ], [ -69.733, -35.499 ], [ -69.733, -35.466 ], [ -69.766, -35.466 ], [ -69.766, -35.433 ], [ -69.766, -35.399 ], [ -69.733, -35.399 ], [ -69.733, -35.366 ], [ -69.699, -35.366 ], [ -69.699, -35.333 ], [ -69.733, -35.333 ], [ -69.733, -35.299 ], [ -69.733, -35.266 ], [ -69.733, -35.233 ], [ -69.766, -35.233 ], [ -69.766, -35.199 ], [ -69.733, -35.199 ], [ -69.733, -35.166 ], [ -69.733, -35.133 ], [ -69.733, -35.099 ], [ -69.733, -35.066 ], [ -69.733, -35.033 ], [ -69.733, -34.999 ], [ -69.699, -34.999 ], [ -69.699, -34.966 ], [ -69.666, -34.966 ], [ -69.633, -34.966 ], [ -69.633, -34.999 ], [ -69.599, -34.999 ], [ -69.566, -34.999 ], [ -69.566, -34.966 ], [ -69.566, -34.933 ], [ -69.533, -34.933 ], [ -69.499, -34.933 ], [ -69.466, -34.933 ], [ -69.466, -34.899 ], [ -69.433, -34.899 ], [ -69.433, -34.866 ], [ -69.399, -34.866 ], [ -69.366, -34.866 ], [ -69.333, -34.866 ], [ -69.333, -34.833 ], [ -69.299, -34.833 ], [ -69.299, -34.799 ], [ -69.299, -34.766 ], [ -69.333, -34.766 ], [ -69.333, -34.733 ], [ -69.366, -34.733 ], [ -69.399, -34.733 ], [ -69.433, -34.733 ], [ -69.433, -34.699 ], [ -69.433, -34.666 ], [ -69.399, -34.666 ], [ -69.366, -34.666 ], [ -69.366, -34.633 ], [ -69.333, -34.633 ], [ -69.333, -34.599 ], [ -69.299, -34.599 ], [ -69.299, -34.566 ], [ -69.266, -34.566 ], [ -69.266, -34.533 ], [ -69.233, -34.533 ], [ -69.199, -34.533 ], [ -69.199, -34.499 ], [ -69.166, -34.499 ], [ -69.166, -34.466 ], [ -69.133, -34.466 ], [ -69.099, -34.466 ], [ -69.099, -34.433 ], [ -69.066, -34.433 ], [ -69.066, -34.399 ], [ -69.099, -34.399 ], [ -69.133, -34.399 ], [ -69.133, -34.433 ], [ -69.166, -34.433 ], [ -69.166, -34.399 ], [ -69.199, -34.399 ], [ -69.199, -34.366 ], [ -69.233, -34.366 ], [ -69.233, -34.333 ], [ -69.233, -34.299 ], [ -69.266, -34.299 ], [ -69.266, -34.266 ], [ -69.266, -34.233 ], [ -69.266, -34.199 ], [ -69.233, -34.199 ], [ -69.233, -34.166 ], [ -69.233, -34.133 ], [ -69.233, -34.099 ], [ -69.233, -34.066 ], [ -69.199, -34.066 ], [ -69.199, -34.099 ], [ -69.199, -34.133 ], [ -69.199, -34.166 ], [ -69.166, -34.166 ], [ -69.166, -34.199 ], [ -69.133, -34.199 ], [ -69.099, -34.199 ], [ -69.099, -34.233 ], [ -69.066, -34.233 ], [ -69.066, -34.199 ], [ -69.033, -34.199 ], [ -69.033, -34.233 ], [ -68.999, -34.233 ], [ -68.999, -34.266 ], [ -68.966, -34.266 ], [ -68.933, -34.266 ], [ -68.899, -34.266 ], [ -68.866, -34.266 ], [ -68.833, -34.266 ], [ -68.799, -34.266 ], [ -68.799, -34.299 ], [ -68.799, -34.333 ], [ -68.799, -34.366 ], [ -68.799, -34.399 ], [ -68.799, -34.433 ], [ -68.799, -34.466 ], [ -68.799, -34.499 ], [ -68.799, -34.533 ], [ -68.833, -34.533 ], [ -68.833, -34.566 ], [ -68.799, -34.566 ], [ -68.799, -34.599 ], [ -68.799, -34.633 ], [ -68.799, -34.666 ], [ -68.799, -34.699 ], [ -68.799, -34.733 ], [ -68.766, -34.733 ], [ -68.766, -34.766 ], [ -68.799, -34.766 ], [ -68.799, -34.799 ], [ -68.799, -34.833 ], [ -68.833, -34.833 ], [ -68.833, -34.799 ], [ -68.866, -34.799 ], [ -68.866, -34.766 ], [ -68.899, -34.766 ], [ -68.899, -34.733 ], [ -68.933, -34.733 ], [ -68.966, -34.733 ], [ -68.966, -34.699 ], [ -68.999, -34.699 ], [ -68.999, -34.666 ], [ -68.966, -34.666 ], [ -68.966, -34.633 ], [ -68.933, -34.633 ], [ -68.899, -34.633 ], [ -68.866, -34.633 ], [ -68.866, -34.599 ], [ -68.866, -34.566 ], [ -68.899, -34.566 ], [ -68.899, -34.533 ], [ -68.933, -34.533 ], [ -68.933, -34.566 ], [ -68.966, -34.566 ], [ -68.966, -34.533 ], [ -68.999, -34.533 ], [ -69.033, -34.533 ], [ -69.066, -34.533 ], [ -69.099, -34.533 ], [ -69.099, -34.566 ], [ -69.133, -34.566 ], [ -69.166, -34.566 ], [ -69.166, -34.599 ], [ -69.166, -34.633 ], [ -69.199, -34.633 ], [ -69.233, -34.633 ], [ -69.266, -34.633 ], [ -69.266, -34.666 ], [ -69.233, -34.666 ], [ -69.199, -34.666 ], [ -69.166, -34.666 ], [ -69.166, -34.699 ], [ -69.166, -34.733 ], [ -69.133, -34.733 ], [ -69.133, -34.766 ], [ -69.099, -34.766 ], [ -69.099, -34.799 ], [ -69.099, -34.833 ], [ -69.099, -34.866 ], [ -69.133, -34.866 ], [ -69.166, -34.866 ], [ -69.166, -34.899 ], [ -69.199, -34.899 ], [ -69.233, -34.899 ], [ -69.233, -34.933 ], [ -69.266, -34.933 ], [ -69.299, -34.933 ], [ -69.299, -34.966 ], [ -69.333, -34.966 ], [ -69.366, -34.966 ], [ -69.399, -34.966 ], [ -69.433, -34.966 ], [ -69.466, -34.966 ], [ -69.499, -34.966 ], [ -69.499, -34.999 ], [ -69.533, -34.999 ], [ -69.533, -35.033 ], [ -69.566, -35.033 ], [ -69.566, -35.066 ], [ -69.533, -35.066 ], [ -69.533, -35.099 ], [ -69.566, -35.099 ], [ -69.566, -35.133 ], [ -69.599, -35.133 ], [ -69.599, -35.166 ], [ -69.633, -35.166 ], [ -69.666, -35.166 ], [ -69.666, -35.199 ], [ -69.633, -35.199 ], [ -69.633, -35.233 ], [ -69.666, -35.233 ], [ -69.666, -35.266 ], [ -69.666, -35.299 ], [ -69.666, -35.333 ], [ -69.666, -35.366 ], [ -69.666, -35.399 ], [ -69.666, -35.433 ], [ -69.666, -35.466 ], [ -69.666, -35.499 ], [ -69.633, -35.499 ], [ -69.633, -35.533 ], [ -69.666, -35.533 ], [ -69.666, -35.566 ], [ -69.633, -35.566 ], [ -69.599, -35.566 ], [ -69.599, -35.599 ], [ -69.566, -35.599 ], [ -69.566, -35.633 ], [ -69.533, -35.633 ], [ -69.533, -35.666 ], [ -69.499, -35.666 ], [ -69.499, -35.699 ], [ -69.499, -35.733 ], [ -69.466, -35.733 ], [ -69.466, -35.766 ], [ -69.433, -35.766 ], [ -69.433, -35.799 ], [ -69.399, -35.799 ], [ -69.366, -35.799 ], [ -69.366, -35.766 ], [ -69.366, -35.733 ], [ -69.333, -35.733 ], [ -69.333, -35.766 ], [ -69.299, -35.766 ], [ -69.299, -35.799 ], [ -69.266, -35.799 ], [ -69.266, -35.833 ], [ -69.266, -35.866 ], [ -69.233, -35.866 ], [ -69.233, -35.899 ], [ -69.233, -35.933 ], [ -69.233, -35.966 ], [ -69.266, -35.966 ], [ -69.266, -35.999 ], [ -69.233, -35.999 ], [ -69.233, -36.033 ], [ -69.233, -36.066 ], [ -69.233, -36.099 ], [ -69.233, -36.133 ], [ -69.266, -36.133 ], [ -69.266, -36.166 ], [ -69.299, -36.166 ], [ -69.299, -36.199 ], [ -69.266, -36.199 ], [ -69.233, -36.199 ], [ -69.233, -36.166 ], [ -69.199, -36.166 ], [ -69.199, -36.199 ], [ -69.199, -36.233 ], [ -69.166, -36.233 ], [ -69.133, -36.233 ], [ -69.099, -36.233 ], [ -69.066, -36.233 ], [ -69.033, -36.233 ], [ -69.033, -36.199 ], [ -68.999, -36.199 ], [ -68.999, -36.233 ], [ -68.966, -36.233 ], [ -68.933, -36.233 ], [ -68.899, -36.233 ], [ -68.899, -36.199 ], [ -68.899, -36.166 ], [ -68.933, -36.166 ], [ -68.933, -36.133 ], [ -68.966, -36.133 ], [ -68.966, -36.099 ], [ -68.966, -36.066 ], [ -68.933, -36.066 ], [ -68.899, -36.066 ], [ -68.899, -36.033 ], [ -68.899, -35.999 ], [ -68.899, -35.966 ], [ -68.933, -35.966 ], [ -68.933, -35.933 ], [ -68.933, -35.899 ], [ -68.966, -35.899 ], [ -68.966, -35.866 ], [ -68.966, -35.833 ], [ -68.966, -35.799 ], [ -68.966, -35.766 ], [ -68.966, -35.733 ], [ -68.999, -35.733 ], [ -68.999, -35.699 ], [ -68.966, -35.699 ], [ -68.933, -35.699 ], [ -68.933, -35.666 ], [ -68.933, -35.633 ], [ -68.899, -35.633 ], [ -68.899, -35.599 ], [ -68.866, -35.599 ], [ -68.866, -35.566 ], [ -68.866, -35.533 ], [ -68.899, -35.533 ], [ -68.899, -35.499 ], [ -68.899, -35.466 ], [ -68.899, -35.433 ], [ -68.899, -35.399 ] ] ], [ [ [ -68.833, -35.466 ], [ -68.833, -35.499 ], [ -68.799, -35.499 ], [ -68.799, -35.533 ], [ -68.766, -35.533 ], [ -68.766, -35.499 ], [ -68.799, -35.499 ], [ -68.799, -35.466 ], [ -68.833, -35.466 ], [ -68.833, -35.433 ], [ -68.866, -35.433 ], [ -68.866, -35.466 ], [ -68.833, -35.466 ] ] ], [ [ [ -68.866, -36.099 ], [ -68.866, -36.133 ], [ -68.833, -36.133 ], [ -68.799, -36.133 ], [ -68.799, -36.099 ], [ -68.833, -36.099 ], [ -68.866, -36.099 ] ] ], [ [ [ -68.766, -36.166 ], [ -68.766, -36.199 ], [ -68.733, -36.199 ], [ -68.733, -36.166 ], [ -68.766, -36.166 ] ] ], [ [ [ -68.833, -36.199 ], [ -68.833, -36.233 ], [ -68.799, -36.233 ], [ -68.799, -36.199 ], [ -68.833, -36.199 ] ] ], [ [ [ -68.966, -34.433 ], [ -68.966, -34.399 ], [ -68.999, -34.399 ], [ -68.999, -34.433 ], [ -68.966, -34.433 ], [ -68.966, -34.466 ], [ -68.933, -34.466 ], [ -68.899, -34.466 ], [ -68.899, -34.433 ], [ -68.899, -34.399 ], [ -68.933, -34.399 ], [ -68.933, -34.433 ], [ -68.966, -34.433 ] ] ], [ [ [ -69.233, -34.033 ], [ -69.266, -34.033 ], [ -69.266, -33.999 ], [ -69.233, -33.999 ], [ -69.233, -34.033 ] ] ], [ [ [ -69.233, -33.933 ], [ -69.266, -33.933 ], [ -69.266, -33.899 ], [ -69.233, -33.899 ], [ -69.233, -33.933 ] ] ], [ [ [ -69.299, -33.799 ], [ -69.266, -33.799 ], [ -69.266, -33.833 ], [ -69.299, -33.833 ], [ -69.299, -33.799 ] ] ], [ [ [ -69.299, -33.799 ], [ -69.333, -33.799 ], [ -69.333, -33.766 ], [ -69.333, -33.733 ], [ -69.333, -33.699 ], [ -69.333, -33.666 ], [ -69.299, -33.666 ], [ -69.299, -33.699 ], [ -69.299, -33.733 ], [ -69.299, -33.766 ], [ -69.299, -33.799 ] ] ], [ [ [ -69.333, -33.666 ], [ -69.366, -33.666 ], [ -69.366, -33.633 ], [ -69.399, -33.633 ], [ -69.399, -33.599 ], [ -69.399, -33.566 ], [ -69.399, -33.533 ], [ -69.366, -33.533 ], [ -69.366, -33.566 ], [ -69.366, -33.599 ], [ -69.333, -33.599 ], [ -69.333, -33.633 ], [ -69.333, -33.666 ] ] ], [ [ [ -69.366, -33.533 ], [ -69.366, -33.499 ], [ -69.366, -33.466 ], [ -69.333, -33.466 ], [ -69.333, -33.499 ], [ -69.333, -33.533 ], [ -69.366, -33.533 ] ] ], [ [ [ -69.199, -33.199 ], [ -69.199, -33.233 ], [ -69.233, -33.233 ], [ -69.233, -33.266 ], [ -69.266, -33.266 ], [ -69.266, -33.299 ], [ -69.299, -33.299 ], [ -69.299, -33.333 ], [ -69.299, -33.366 ], [ -69.299, -33.399 ], [ -69.333, -33.399 ], [ -69.333, -33.433 ], [ -69.366, -33.433 ], [ -69.366, -33.466 ], [ -69.399, -33.466 ], [ -69.399, -33.433 ], [ -69.399, -33.399 ], [ -69.399, -33.366 ], [ -69.366, -33.366 ], [ -69.366, -33.333 ], [ -69.333, -33.333 ], [ -69.333, -33.299 ], [ -69.333, -33.266 ], [ -69.299, -33.266 ], [ -69.299, -33.233 ], [ -69.299, -33.199 ], [ -69.299, -33.166 ], [ -69.266, -33.166 ], [ -69.233, -33.166 ], [ -69.233, -33.199 ], [ -69.199, -33.199 ] ] ], [ [ [ -65.399, -33.199 ], [ -65.433, -33.199 ], [ -65.433, -33.166 ], [ -65.433, -33.133 ], [ -65.399, -33.133 ], [ -65.366, -33.133 ], [ -65.366, -33.166 ], [ -65.366, -33.199 ], [ -65.399, -33.199 ] ] ], [ [ [ -69.099, -33.033 ], [ -69.099, -32.999 ], [ -69.066, -32.999 ], [ -69.066, -33.033 ], [ -69.099, -33.033 ] ] ], [ [ [ -66.199, -32.999 ], [ -66.199, -33.033 ], [ -66.199, -33.066 ], [ -66.166, -33.066 ], [ -66.166, -33.099 ], [ -66.166, -33.133 ], [ -66.199, -33.133 ], [ -66.199, -33.166 ], [ -66.233, -33.166 ], [ -66.233, -33.133 ], [ -66.233, -33.099 ], [ -66.233, -33.066 ], [ -66.233, -33.033 ], [ -66.233, -32.999 ], [ -66.199, -32.999 ] ] ], [ [ [ -69.099, -32.999 ], [ -69.133, -32.999 ], [ -69.133, -32.966 ], [ -69.099, -32.966 ], [ -69.099, -32.999 ] ] ], [ [ [ -69.066, -32.999 ], [ -69.066, -32.966 ], [ -69.033, -32.966 ], [ -69.033, -32.999 ], [ -69.066, -32.999 ] ] ], [ [ [ -64.999, -32.966 ], [ -64.999, -32.999 ], [ -65.033, -32.999 ], [ -65.033, -32.966 ], [ -64.999, -32.966 ] ] ], [ [ [ -69.033, -32.966 ], [ -69.033, -32.933 ], [ -68.999, -32.933 ], [ -68.999, -32.966 ], [ -69.033, -32.966 ] ] ], [ [ [ -69.233, -32.933 ], [ -69.233, -32.899 ], [ -69.199, -32.899 ], [ -69.199, -32.933 ], [ -69.233, -32.933 ] ] ], [ [ [ -69.099, -32.933 ], [ -69.133, -32.933 ], [ -69.133, -32.899 ], [ -69.099, -32.899 ], [ -69.099, -32.933 ] ] ], [ [ [ -69.033, -32.933 ], [ -69.066, -32.933 ], [ -69.066, -32.899 ], [ -69.033, -32.899 ], [ -69.033, -32.933 ] ] ], [ [ [ -64.999, -32.966 ], [ -64.999, -32.933 ], [ -64.999, -32.899 ], [ -64.966, -32.899 ], [ -64.966, -32.933 ], [ -64.966, -32.966 ], [ -64.999, -32.966 ] ] ], [ [ [ -69.233, -32.933 ], [ -69.233, -32.966 ], [ -69.199, -32.966 ], [ -69.199, -32.999 ], [ -69.199, -33.033 ], [ -69.166, -33.033 ], [ -69.166, -32.999 ], [ -69.133, -32.999 ], [ -69.133, -33.033 ], [ -69.099, -33.033 ], [ -69.099, -33.066 ], [ -69.133, -33.066 ], [ -69.166, -33.066 ], [ -69.166, -33.099 ], [ -69.166, -33.133 ], [ -69.133, -33.133 ], [ -69.133, -33.166 ], [ -69.099, -33.166 ], [ -69.099, -33.199 ], [ -69.099, -33.233 ], [ -69.133, -33.233 ], [ -69.133, -33.199 ], [ -69.166, -33.199 ], [ -69.199, -33.199 ], [ -69.199, -33.166 ], [ -69.199, -33.133 ], [ -69.199, -33.099 ], [ -69.199, -33.066 ], [ -69.233, -33.066 ], [ -69.233, -33.033 ], [ -69.266, -33.033 ], [ -69.266, -32.999 ], [ -69.299, -32.999 ], [ -69.299, -32.966 ], [ -69.299, -32.933 ], [ -69.299, -32.899 ], [ -69.299, -32.866 ], [ -69.299, -32.833 ], [ -69.266, -32.833 ], [ -69.233, -32.833 ], [ -69.233, -32.866 ], [ -69.266, -32.866 ], [ -69.266, -32.899 ], [ -69.266, -32.933 ], [ -69.233, -32.933 ] ] ], [ [ [ -68.999, -32.866 ], [ -69.033, -32.866 ], [ -69.033, -32.833 ], [ -68.999, -32.833 ], [ -68.999, -32.866 ] ] ], [ [ [ -69.299, -32.833 ], [ -69.333, -32.833 ], [ -69.333, -32.799 ], [ -69.333, -32.766 ], [ -69.299, -32.766 ], [ -69.299, -32.799 ], [ -69.299, -32.833 ] ] ], [ [ [ -68.966, -32.799 ], [ -68.999, -32.799 ], [ -68.999, -32.766 ], [ -68.999, -32.733 ], [ -68.966, -32.733 ], [ -68.966, -32.766 ], [ -68.966, -32.799 ] ] ], [ [ [ -69.033, -32.666 ], [ -69.066, -32.666 ], [ -69.066, -32.633 ], [ -69.033, -32.633 ], [ -68.999, -32.633 ], [ -68.999, -32.666 ], [ -69.033, -32.666 ] ] ], [ [ [ -69.366, -32.599 ], [ -69.366, -32.633 ], [ -69.366, -32.666 ], [ -69.366, -32.699 ], [ -69.399, -32.699 ], [ -69.399, -32.666 ], [ -69.433, -32.666 ], [ -69.466, -32.666 ], [ -69.466, -32.633 ], [ -69.466, -32.599 ], [ -69.433, -32.599 ], [ -69.399, -32.599 ], [ -69.366, -32.599 ] ] ], [ [ [ -66.199, -32.999 ], [ -66.199, -32.966 ], [ -66.233, -32.966 ], [ -66.233, -32.933 ], [ -66.199, -32.933 ], [ -66.166, -32.933 ], [ -66.166, -32.899 ], [ -66.199, -32.899 ], [ -66.199, -32.866 ], [ -66.166, -32.866 ], [ -66.166, -32.833 ], [ -66.199, -32.833 ], [ -66.199, -32.866 ], [ -66.233, -32.866 ], [ -66.233, -32.833 ], [ -66.233, -32.799 ], [ -66.199, -32.799 ], [ -66.199, -32.766 ], [ -66.166, -32.766 ], [ -66.166, -32.733 ], [ -66.133, -32.733 ], [ -66.099, -32.733 ], [ -66.099, -32.699 ], [ -66.066, -32.699 ], [ -66.066, -32.666 ], [ -66.033, -32.666 ], [ -66.033, -32.633 ], [ -66.033, -32.599 ], [ -65.999, -32.599 ], [ -65.999, -32.633 ], [ -65.966, -32.633 ], [ -65.966, -32.599 ], [ -65.933, -32.599 ], [ -65.933, -32.633 ], [ -65.899, -32.633 ], [ -65.899, -32.666 ], [ -65.899, -32.699 ], [ -65.933, -32.699 ], [ -65.933, -32.733 ], [ -65.933, -32.766 ], [ -65.966, -32.766 ], [ -65.966, -32.799 ], [ -65.966, -32.833 ], [ -65.999, -32.833 ], [ -65.999, -32.866 ], [ -66.033, -32.866 ], [ -66.033, -32.899 ], [ -66.066, -32.899 ], [ -66.066, -32.933 ], [ -66.099, -32.933 ], [ -66.099, -32.966 ], [ -66.133, -32.966 ], [ -66.133, -32.999 ], [ -66.133, -33.033 ], [ -66.166, -33.033 ], [ -66.166, -32.999 ], [ -66.199, -32.999 ] ] ], [ [ [ -69.366, -32.599 ], [ -69.366, -32.566 ], [ -69.333, -32.566 ], [ -69.333, -32.599 ], [ -69.366, -32.599 ] ] ], [ [ [ -64.899, -32.599 ], [ -64.933, -32.599 ], [ -64.933, -32.566 ], [ -64.899, -32.566 ], [ -64.899, -32.599 ] ] ], [ [ [ -69.033, -32.599 ], [ -69.066, -32.599 ], [ -69.066, -32.566 ], [ -69.033, -32.566 ], [ -69.033, -32.533 ], [ -68.999, -32.533 ], [ -68.999, -32.566 ], [ -68.999, -32.599 ], [ -69.033, -32.599 ] ] ], [ [ [ -64.966, -32.899 ], [ -64.966, -32.866 ], [ -64.966, -32.833 ], [ -64.966, -32.799 ], [ -64.966, -32.766 ], [ -64.966, -32.733 ], [ -64.966, -32.699 ], [ -64.933, -32.699 ], [ -64.933, -32.733 ], [ -64.933, -32.766 ], [ -64.899, -32.766 ], [ -64.899, -32.733 ], [ -64.899, -32.699 ], [ -64.933, -32.699 ], [ -64.933, -32.666 ], [ -64.933, -32.633 ], [ -64.899, -32.633 ], [ -64.866, -32.633 ], [ -64.866, -32.599 ], [ -64.866, -32.566 ], [ -64.866, -32.533 ], [ -64.833, -32.533 ], [ -64.833, -32.566 ], [ -64.833, -32.599 ], [ -64.833, -32.633 ], [ -64.833, -32.666 ], [ -64.833, -32.699 ], [ -64.866, -32.699 ], [ -64.866, -32.733 ], [ -64.833, -32.733 ], [ -64.833, -32.766 ], [ -64.866, -32.766 ], [ -64.866, -32.799 ], [ -64.899, -32.799 ], [ -64.899, -32.833 ], [ -64.933, -32.833 ], [ -64.933, -32.866 ], [ -64.933, -32.899 ], [ -64.966, -32.899 ] ] ], [ [ [ -65.933, -32.499 ], [ -65.966, -32.499 ], [ -65.966, -32.466 ], [ -65.933, -32.466 ], [ -65.933, -32.499 ] ] ], [ [ [ -68.966, -32.433 ], [ -68.966, -32.466 ], [ -68.966, -32.499 ], [ -68.999, -32.499 ], [ -68.999, -32.466 ], [ -68.999, -32.433 ], [ -68.966, -32.433 ] ] ], [ [ [ -64.933, -32.499 ], [ -64.966, -32.499 ], [ -64.966, -32.466 ], [ -64.966, -32.433 ], [ -64.933, -32.433 ], [ -64.933, -32.466 ], [ -64.933, -32.499 ] ] ], [ [ [ -64.833, -32.533 ], [ -64.833, -32.499 ], [ -64.833, -32.466 ], [ -64.833, -32.433 ], [ -64.866, -32.433 ], [ -64.866, -32.399 ], [ -64.866, -32.366 ], [ -64.866, -32.333 ], [ -64.866, -32.299 ], [ -64.866, -32.266 ], [ -64.833, -32.266 ], [ -64.833, -32.299 ], [ -64.833, -32.333 ], [ -64.799, -32.333 ], [ -64.799, -32.366 ], [ -64.799, -32.399 ], [ -64.799, -32.433 ], [ -64.799, -32.466 ], [ -64.799, -32.499 ], [ -64.799, -32.533 ], [ -64.833, -32.533 ] ] ], [ [ [ -64.866, -32.266 ], [ -64.899, -32.266 ], [ -64.899, -32.233 ], [ -64.899, -32.199 ], [ -64.866, -32.199 ], [ -64.866, -32.233 ], [ -64.866, -32.266 ] ] ], [ [ [ -64.866, -32.199 ], [ -64.866, -32.166 ], [ -64.866, -32.133 ], [ -64.833, -32.133 ], [ -64.833, -32.166 ], [ -64.833, -32.199 ], [ -64.866, -32.199 ] ] ], [ [ [ -68.799, -32.099 ], [ -68.833, -32.099 ], [ -68.833, -32.066 ], [ -68.799, -32.066 ], [ -68.799, -32.099 ] ] ], [ [ [ -68.966, -32.433 ], [ -68.966, -32.399 ], [ -68.966, -32.366 ], [ -68.966, -32.333 ], [ -68.966, -32.299 ], [ -68.966, -32.266 ], [ -68.966, -32.233 ], [ -68.966, -32.199 ], [ -68.966, -32.166 ], [ -68.966, -32.133 ], [ -68.966, -32.099 ], [ -68.966, -32.066 ], [ -68.966, -32.033 ], [ -68.933, -32.033 ], [ -68.933, -32.066 ], [ -68.933, -32.099 ], [ -68.933, -32.133 ], [ -68.933, -32.166 ], [ -68.933, -32.199 ], [ -68.933, -32.233 ], [ -68.933, -32.266 ], [ -68.933, -32.299 ], [ -68.933, -32.333 ], [ -68.933, -32.366 ], [ -68.933, -32.399 ], [ -68.933, -32.433 ], [ -68.966, -32.433 ] ] ], [ [ [ -68.933, -32.033 ], [ -68.933, -31.999 ], [ -68.899, -31.999 ], [ -68.899, -32.033 ], [ -68.933, -32.033 ] ] ], [ [ [ -64.833, -32.066 ], [ -64.866, -32.066 ], [ -64.866, -32.033 ], [ -64.866, -31.999 ], [ -64.833, -31.999 ], [ -64.833, -32.033 ], [ -64.833, -32.066 ] ] ], [ [ [ -68.899, -31.999 ], [ -68.899, -31.966 ], [ -68.866, -31.966 ], [ -68.833, -31.966 ], [ -68.833, -31.999 ], [ -68.866, -31.999 ], [ -68.899, -31.999 ] ] ], [ [ [ -64.933, -31.899 ], [ -64.933, -31.933 ], [ -64.966, -31.933 ], [ -64.966, -31.899 ], [ -64.933, -31.899 ] ] ], [ [ [ -64.799, -31.899 ], [ -64.799, -31.933 ], [ -64.833, -31.933 ], [ -64.833, -31.899 ], [ -64.799, -31.899 ] ] ], [ [ [ -64.933, -31.899 ], [ -64.933, -31.866 ], [ -64.899, -31.866 ], [ -64.899, -31.899 ], [ -64.933, -31.899 ] ] ], [ [ [ -64.799, -31.899 ], [ -64.799, -31.866 ], [ -64.766, -31.866 ], [ -64.766, -31.899 ], [ -64.799, -31.899 ] ] ], [ [ [ -64.866, -31.833 ], [ -64.899, -31.833 ], [ -64.899, -31.799 ], [ -64.866, -31.799 ], [ -64.866, -31.833 ] ] ], [ [ [ -64.766, -31.866 ], [ -64.766, -31.833 ], [ -64.766, -31.799 ], [ -64.733, -31.799 ], [ -64.733, -31.833 ], [ -64.733, -31.866 ], [ -64.766, -31.866 ] ] ], [ [ [ -64.733, -31.799 ], [ -64.733, -31.766 ], [ -64.699, -31.766 ], [ -64.699, -31.799 ], [ -64.733, -31.799 ] ] ], [ [ [ -68.766, -31.833 ], [ -68.766, -31.799 ], [ -68.733, -31.799 ], [ -68.699, -31.799 ], [ -68.699, -31.766 ], [ -68.699, -31.733 ], [ -68.666, -31.733 ], [ -68.666, -31.766 ], [ -68.633, -31.766 ], [ -68.633, -31.799 ], [ -68.666, -31.799 ], [ -68.666, -31.833 ], [ -68.666, -31.866 ], [ -68.699, -31.866 ], [ -68.733, -31.866 ], [ -68.733, -31.833 ], [ -68.766, -31.833 ] ] ], [ [ [ -64.866, -31.766 ], [ -64.899, -31.766 ], [ -64.899, -31.733 ], [ -64.866, -31.733 ], [ -64.866, -31.766 ] ] ], [ [ [ -68.666, -31.733 ], [ -68.666, -31.699 ], [ -68.633, -31.699 ], [ -68.633, -31.733 ], [ -68.666, -31.733 ] ] ], [ [ [ -64.899, -31.699 ], [ -64.933, -31.699 ], [ -64.933, -31.666 ], [ -64.933, -31.633 ], [ -64.899, -31.633 ], [ -64.899, -31.666 ], [ -64.899, -31.699 ] ] ], [ [ [ -64.699, -31.766 ], [ -64.699, -31.733 ], [ -64.699, -31.699 ], [ -64.699, -31.666 ], [ -64.699, -31.633 ], [ -64.699, -31.599 ], [ -64.666, -31.599 ], [ -64.666, -31.633 ], [ -64.666, -31.666 ], [ -64.666, -31.699 ], [ -64.666, -31.733 ], [ -64.666, -31.766 ], [ -64.699, -31.766 ] ] ], [ [ [ -68.766, -31.833 ], [ -68.766, -31.866 ], [ -68.766, -31.899 ], [ -68.799, -31.899 ], [ -68.799, -31.933 ], [ -68.799, -31.966 ], [ -68.833, -31.966 ], [ -68.833, -31.933 ], [ -68.866, -31.933 ], [ -68.899, -31.933 ], [ -68.899, -31.899 ], [ -68.866, -31.899 ], [ -68.866, -31.866 ], [ -68.866, -31.833 ], [ -68.866, -31.799 ], [ -68.833, -31.799 ], [ -68.833, -31.766 ], [ -68.833, -31.733 ], [ -68.833, -31.699 ], [ -68.833, -31.666 ], [ -68.833, -31.633 ], [ -68.866, -31.633 ], [ -68.866, -31.599 ], [ -68.833, -31.599 ], [ -68.799, -31.599 ], [ -68.799, -31.566 ], [ -68.766, -31.566 ], [ -68.766, -31.599 ], [ -68.766, -31.633 ], [ -68.766, -31.666 ], [ -68.799, -31.666 ], [ -68.799, -31.699 ], [ -68.799, -31.733 ], [ -68.766, -31.733 ], [ -68.766, -31.766 ], [ -68.799, -31.766 ], [ -68.799, -31.799 ], [ -68.799, -31.833 ], [ -68.766, -31.833 ] ] ], [ [ [ -67.999, -31.599 ], [ -67.999, -31.633 ], [ -68.033, -31.633 ], [ -68.066, -31.633 ], [ -68.066, -31.599 ], [ -68.099, -31.599 ], [ -68.099, -31.566 ], [ -68.066, -31.566 ], [ -68.033, -31.566 ], [ -68.033, -31.599 ], [ -67.999, -31.599 ] ] ], [ [ [ -67.999, -31.599 ], [ -67.999, -31.566 ], [ -67.966, -31.566 ], [ -67.933, -31.566 ], [ -67.933, -31.599 ], [ -67.966, -31.599 ], [ -67.999, -31.599 ] ] ], [ [ [ -68.999, -31.599 ], [ -69.033, -31.599 ], [ -69.033, -31.566 ], [ -68.999, -31.566 ], [ -68.999, -31.533 ], [ -68.966, -31.533 ], [ -68.933, -31.533 ], [ -68.899, -31.533 ], [ -68.866, -31.533 ], [ -68.866, -31.566 ], [ -68.899, -31.566 ], [ -68.933, -31.566 ], [ -68.966, -31.566 ], [ -68.966, -31.599 ], [ -68.999, -31.599 ] ] ], [ [ [ -64.699, -31.599 ], [ -64.733, -31.599 ], [ -64.733, -31.566 ], [ -64.733, -31.533 ], [ -64.699, -31.533 ], [ -64.699, -31.566 ], [ -64.699, -31.599 ] ] ], [ [ [ -68.099, -31.566 ], [ -68.133, -31.566 ], [ -68.166, -31.566 ], [ -68.166, -31.533 ], [ -68.166, -31.499 ], [ -68.133, -31.499 ], [ -68.133, -31.533 ], [ -68.099, -31.533 ], [ -68.099, -31.566 ] ] ], [ [ [ -67.933, -31.566 ], [ -67.933, -31.533 ], [ -67.933, -31.499 ], [ -67.899, -31.499 ], [ -67.899, -31.533 ], [ -67.899, -31.566 ], [ -67.933, -31.566 ] ] ], [ [ [ -69.399, -31.533 ], [ -69.399, -31.499 ], [ -69.399, -31.466 ], [ -69.366, -31.466 ], [ -69.366, -31.499 ], [ -69.366, -31.533 ], [ -69.399, -31.533 ] ] ], [ [ [ -69.033, -31.499 ], [ -69.066, -31.499 ], [ -69.066, -31.466 ], [ -69.033, -31.466 ], [ -69.033, -31.499 ] ] ], [ [ [ -68.899, -31.466 ], [ -68.899, -31.499 ], [ -68.933, -31.499 ], [ -68.966, -31.499 ], [ -68.966, -31.466 ], [ -68.933, -31.466 ], [ -68.899, -31.466 ] ] ], [ [ [ -67.899, -31.499 ], [ -67.899, -31.466 ], [ -67.866, -31.466 ], [ -67.866, -31.499 ], [ -67.899, -31.499 ] ] ], [ [ [ -68.133, -31.499 ], [ -68.133, -31.466 ], [ -68.133, -31.433 ], [ -68.099, -31.433 ], [ -68.099, -31.466 ], [ -68.099, -31.499 ], [ -68.133, -31.499 ] ] ], [ [ [ -69.033, -31.433 ], [ -69.066, -31.433 ], [ -69.066, -31.399 ], [ -69.033, -31.399 ], [ -69.033, -31.433 ] ] ], [ [ [ -67.833, -31.433 ], [ -67.866, -31.433 ], [ -67.866, -31.399 ], [ -67.833, -31.399 ], [ -67.833, -31.433 ] ] ], [ [ [ -69.399, -31.399 ], [ -69.433, -31.399 ], [ -69.433, -31.366 ], [ -69.399, -31.366 ], [ -69.399, -31.399 ] ] ], [ [ [ -68.966, -31.433 ], [ -68.999, -31.433 ], [ -68.999, -31.399 ], [ -68.999, -31.366 ], [ -68.966, -31.366 ], [ -68.966, -31.399 ], [ -68.966, -31.433 ] ] ], [ [ [ -68.099, -31.433 ], [ -68.099, -31.399 ], [ -68.099, -31.366 ], [ -68.099, -31.333 ], [ -68.066, -31.333 ], [ -68.066, -31.366 ], [ -68.066, -31.399 ], [ -68.066, -31.433 ], [ -68.099, -31.433 ] ] ], [ [ [ -64.699, -31.333 ], [ -64.699, -31.366 ], [ -64.699, -31.399 ], [ -64.699, -31.433 ], [ -64.733, -31.433 ], [ -64.733, -31.466 ], [ -64.733, -31.499 ], [ -64.766, -31.499 ], [ -64.766, -31.466 ], [ -64.766, -31.433 ], [ -64.766, -31.399 ], [ -64.766, -31.366 ], [ -64.733, -31.366 ], [ -64.733, -31.333 ], [ -64.699, -31.333 ] ] ], [ [ [ -69.133, -31.299 ], [ -69.099, -31.299 ], [ -69.099, -31.333 ], [ -69.066, -31.333 ], [ -69.066, -31.366 ], [ -69.099, -31.366 ], [ -69.133, -31.366 ], [ -69.133, -31.333 ], [ -69.133, -31.299 ] ] ], [ [ [ -68.999, -31.333 ], [ -69.033, -31.333 ], [ -69.033, -31.299 ], [ -68.999, -31.299 ], [ -68.966, -31.299 ], [ -68.966, -31.333 ], [ -68.999, -31.333 ] ] ], [ [ [ -67.799, -31.366 ], [ -67.833, -31.366 ], [ -67.833, -31.333 ], [ -67.833, -31.299 ], [ -67.799, -31.299 ], [ -67.799, -31.333 ], [ -67.799, -31.366 ] ] ], [ [ [ -69.399, -31.266 ], [ -69.366, -31.266 ], [ -69.333, -31.266 ], [ -69.299, -31.266 ], [ -69.299, -31.299 ], [ -69.333, -31.299 ], [ -69.366, -31.299 ], [ -69.399, -31.299 ], [ -69.399, -31.266 ] ] ], [ [ [ -64.699, -31.333 ], [ -64.699, -31.299 ], [ -64.699, -31.266 ], [ -64.666, -31.266 ], [ -64.666, -31.299 ], [ -64.666, -31.333 ], [ -64.699, -31.333 ] ] ], [ [ [ -69.399, -31.266 ], [ -69.433, -31.266 ], [ -69.433, -31.233 ], [ -69.399, -31.233 ], [ -69.399, -31.266 ] ] ], [ [ [ -69.133, -31.299 ], [ -69.166, -31.299 ], [ -69.166, -31.266 ], [ -69.166, -31.233 ], [ -69.133, -31.233 ], [ -69.099, -31.233 ], [ -69.066, -31.233 ], [ -69.066, -31.266 ], [ -69.099, -31.266 ], [ -69.133, -31.266 ], [ -69.133, -31.299 ] ] ], [ [ [ -68.533, -31.233 ], [ -68.533, -31.266 ], [ -68.533, -31.299 ], [ -68.533, -31.333 ], [ -68.566, -31.333 ], [ -68.566, -31.299 ], [ -68.566, -31.266 ], [ -68.566, -31.233 ], [ -68.533, -31.233 ] ] ], [ [ [ -69.333, -31.233 ], [ -69.366, -31.233 ], [ -69.366, -31.199 ], [ -69.333, -31.199 ], [ -69.299, -31.199 ], [ -69.299, -31.233 ], [ -69.333, -31.233 ] ] ], [ [ [ -69.166, -31.233 ], [ -69.199, -31.233 ], [ -69.199, -31.199 ], [ -69.166, -31.199 ], [ -69.166, -31.233 ] ] ], [ [ [ -67.399, -31.233 ], [ -67.399, -31.266 ], [ -67.433, -31.266 ], [ -67.466, -31.266 ], [ -67.466, -31.233 ], [ -67.466, -31.199 ], [ -67.433, -31.199 ], [ -67.433, -31.233 ], [ -67.399, -31.233 ] ] ], [ [ [ -68.899, -31.466 ], [ -68.899, -31.433 ], [ -68.866, -31.433 ], [ -68.833, -31.433 ], [ -68.833, -31.399 ], [ -68.833, -31.366 ], [ -68.833, -31.333 ], [ -68.833, -31.299 ], [ -68.833, -31.266 ], [ -68.833, -31.233 ], [ -68.799, -31.233 ], [ -68.799, -31.199 ], [ -68.799, -31.166 ], [ -68.766, -31.166 ], [ -68.766, -31.199 ], [ -68.766, -31.233 ], [ -68.766, -31.266 ], [ -68.766, -31.299 ], [ -68.799, -31.299 ], [ -68.799, -31.333 ], [ -68.799, -31.366 ], [ -68.799, -31.399 ], [ -68.799, -31.433 ], [ -68.799, -31.466 ], [ -68.833, -31.466 ], [ -68.833, -31.499 ], [ -68.866, -31.499 ], [ -68.866, -31.466 ], [ -68.899, -31.466 ] ] ], [ [ [ -68.033, -31.166 ], [ -68.033, -31.199 ], [ -67.999, -31.199 ], [ -67.999, -31.233 ], [ -68.033, -31.233 ], [ -68.033, -31.266 ], [ -68.033, -31.299 ], [ -68.066, -31.299 ], [ -68.066, -31.266 ], [ -68.066, -31.233 ], [ -68.066, -31.199 ], [ -68.066, -31.166 ], [ -68.033, -31.166 ] ] ], [ [ [ -67.399, -31.233 ], [ -67.399, -31.199 ], [ -67.399, -31.166 ], [ -67.366, -31.166 ], [ -67.366, -31.199 ], [ -67.366, -31.233 ], [ -67.399, -31.233 ] ] ], [ [ [ -64.699, -31.266 ], [ -64.733, -31.266 ], [ -64.733, -31.233 ], [ -64.733, -31.199 ], [ -64.733, -31.166 ], [ -64.699, -31.166 ], [ -64.699, -31.199 ], [ -64.699, -31.233 ], [ -64.699, -31.266 ] ] ], [ [ [ -68.533, -31.233 ], [ -68.533, -31.199 ], [ -68.533, -31.166 ], [ -68.533, -31.133 ], [ -68.499, -31.133 ], [ -68.499, -31.166 ], [ -68.499, -31.199 ], [ -68.499, -31.233 ], [ -68.533, -31.233 ] ] ], [ [ [ -68.033, -31.166 ], [ -68.033, -31.133 ], [ -67.999, -31.133 ], [ -67.999, -31.166 ], [ -68.033, -31.166 ] ] ], [ [ [ -67.799, -31.199 ], [ -67.833, -31.199 ], [ -67.833, -31.166 ], [ -67.833, -31.133 ], [ -67.799, -31.133 ], [ -67.799, -31.166 ], [ -67.799, -31.199 ] ] ], [ [ [ -67.999, -31.133 ], [ -67.999, -31.099 ], [ -67.966, -31.099 ], [ -67.966, -31.133 ], [ -67.999, -31.133 ] ] ], [ [ [ -67.466, -31.199 ], [ -67.499, -31.199 ], [ -67.499, -31.166 ], [ -67.499, -31.133 ], [ -67.499, -31.099 ], [ -67.466, -31.099 ], [ -67.466, -31.133 ], [ -67.466, -31.166 ], [ -67.466, -31.199 ] ] ], [ [ [ -64.733, -31.166 ], [ -64.766, -31.166 ], [ -64.766, -31.199 ], [ -64.799, -31.199 ], [ -64.833, -31.199 ], [ -64.833, -31.233 ], [ -64.833, -31.266 ], [ -64.866, -31.266 ], [ -64.866, -31.299 ], [ -64.833, -31.299 ], [ -64.833, -31.333 ], [ -64.833, -31.366 ], [ -64.866, -31.366 ], [ -64.866, -31.399 ], [ -64.899, -31.399 ], [ -64.899, -31.433 ], [ -64.899, -31.466 ], [ -64.933, -31.466 ], [ -64.933, -31.499 ], [ -64.933, -31.533 ], [ -64.933, -31.566 ], [ -64.933, -31.599 ], [ -64.966, -31.599 ], [ -64.966, -31.566 ], [ -64.966, -31.533 ], [ -64.999, -31.533 ], [ -64.999, -31.499 ], [ -64.999, -31.466 ], [ -64.966, -31.466 ], [ -64.966, -31.433 ], [ -64.966, -31.399 ], [ -64.933, -31.399 ], [ -64.933, -31.366 ], [ -64.933, -31.333 ], [ -64.933, -31.299 ], [ -64.933, -31.266 ], [ -64.933, -31.233 ], [ -64.933, -31.199 ], [ -64.899, -31.199 ], [ -64.899, -31.166 ], [ -64.866, -31.166 ], [ -64.866, -31.133 ], [ -64.833, -31.133 ], [ -64.799, -31.133 ], [ -64.799, -31.099 ], [ -64.766, -31.099 ], [ -64.766, -31.133 ], [ -64.733, -31.133 ], [ -64.733, -31.166 ] ] ], [ [ [ -67.966, -31.099 ], [ -67.966, -31.066 ], [ -67.933, -31.066 ], [ -67.899, -31.066 ], [ -67.866, -31.066 ], [ -67.866, -31.099 ], [ -67.899, -31.099 ], [ -67.933, -31.099 ], [ -67.966, -31.099 ] ] ], [ [ [ -69.399, -31.533 ], [ -69.399, -31.566 ], [ -69.399, -31.599 ], [ -69.433, -31.599 ], [ -69.433, -31.633 ], [ -69.433, -31.666 ], [ -69.466, -31.666 ], [ -69.466, -31.699 ], [ -69.499, -31.699 ], [ -69.499, -31.733 ], [ -69.533, -31.733 ], [ -69.533, -31.766 ], [ -69.566, -31.766 ], [ -69.566, -31.799 ], [ -69.599, -31.799 ], [ -69.633, -31.799 ], [ -69.633, -31.766 ], [ -69.599, -31.766 ], [ -69.599, -31.733 ], [ -69.599, -31.699 ], [ -69.599, -31.666 ], [ -69.599, -31.633 ], [ -69.599, -31.599 ], [ -69.566, -31.599 ], [ -69.566, -31.566 ], [ -69.566, -31.533 ], [ -69.566, -31.499 ], [ -69.566, -31.466 ], [ -69.566, -31.433 ], [ -69.566, -31.399 ], [ -69.599, -31.399 ], [ -69.633, -31.399 ], [ -69.633, -31.366 ], [ -69.599, -31.366 ], [ -69.599, -31.333 ], [ -69.566, -31.333 ], [ -69.566, -31.299 ], [ -69.566, -31.266 ], [ -69.566, -31.233 ], [ -69.566, -31.199 ], [ -69.566, -31.166 ], [ -69.566, -31.133 ], [ -69.566, -31.099 ], [ -69.566, -31.066 ], [ -69.566, -31.033 ], [ -69.599, -31.033 ], [ -69.599, -30.999 ], [ -69.599, -30.966 ], [ -69.599, -30.933 ], [ -69.566, -30.933 ], [ -69.566, -30.966 ], [ -69.566, -30.999 ], [ -69.533, -30.999 ], [ -69.533, -31.033 ], [ -69.499, -31.033 ], [ -69.466, -31.033 ], [ -69.433, -31.033 ], [ -69.433, -31.066 ], [ -69.433, -31.099 ], [ -69.433, -31.133 ], [ -69.433, -31.166 ], [ -69.433, -31.199 ], [ -69.466, -31.199 ], [ -69.466, -31.166 ], [ -69.466, -31.133 ], [ -69.466, -31.099 ], [ -69.466, -31.066 ], [ -69.499, -31.066 ], [ -69.499, -31.099 ], [ -69.499, -31.133 ], [ -69.499, -31.166 ], [ -69.499, -31.199 ], [ -69.533, -31.199 ], [ -69.533, -31.233 ], [ -69.499, -31.233 ], [ -69.499, -31.266 ], [ -69.499, -31.299 ], [ -69.499, -31.333 ], [ -69.533, -31.333 ], [ -69.533, -31.366 ], [ -69.533, -31.399 ], [ -69.499, -31.399 ], [ -69.499, -31.433 ], [ -69.499, -31.466 ], [ -69.466, -31.466 ], [ -69.466, -31.499 ], [ -69.499, -31.499 ], [ -69.499, -31.533 ], [ -69.499, -31.566 ], [ -69.499, -31.599 ], [ -69.533, -31.599 ], [ -69.533, -31.633 ], [ -69.533, -31.666 ], [ -69.499, -31.666 ], [ -69.499, -31.633 ], [ -69.466, -31.633 ], [ -69.466, -31.599 ], [ -69.466, -31.566 ], [ -69.433, -31.566 ], [ -69.433, -31.533 ], [ -69.399, -31.533 ] ] ], [ [ [ -68.766, -30.933 ], [ -68.766, -30.966 ], [ -68.733, -30.966 ], [ -68.733, -30.999 ], [ -68.733, -31.033 ], [ -68.766, -31.033 ], [ -68.766, -31.066 ], [ -68.799, -31.066 ], [ -68.799, -31.033 ], [ -68.833, -31.033 ], [ -68.833, -30.999 ], [ -68.833, -30.966 ], [ -68.799, -30.966 ], [ -68.799, -30.933 ], [ -68.766, -30.933 ] ] ], [ [ [ -67.399, -30.933 ], [ -67.366, -30.933 ], [ -67.366, -30.966 ], [ -67.366, -30.999 ], [ -67.366, -31.033 ], [ -67.366, -31.066 ], [ -67.333, -31.066 ], [ -67.333, -31.099 ], [ -67.366, -31.099 ], [ -67.366, -31.133 ], [ -67.399, -31.133 ], [ -67.399, -31.099 ], [ -67.399, -31.066 ], [ -67.399, -31.033 ], [ -67.399, -30.999 ], [ -67.399, -30.966 ], [ -67.399, -30.933 ] ] ], [ [ [ -67.399, -30.933 ], [ -67.433, -30.933 ], [ -67.466, -30.933 ], [ -67.466, -30.899 ], [ -67.433, -30.899 ], [ -67.399, -30.899 ], [ -67.399, -30.933 ] ] ], [ [ [ -67.666, -30.799 ], [ -67.699, -30.799 ], [ -67.699, -30.766 ], [ -67.666, -30.766 ], [ -67.666, -30.799 ] ] ], [ [ [ -64.433, -30.766 ], [ -64.433, -30.799 ], [ -64.399, -30.799 ], [ -64.366, -30.799 ], [ -64.366, -30.833 ], [ -64.366, -30.866 ], [ -64.366, -30.899 ], [ -64.399, -30.899 ], [ -64.399, -30.933 ], [ -64.399, -30.966 ], [ -64.399, -30.999 ], [ -64.399, -31.033 ], [ -64.399, -31.066 ], [ -64.433, -31.066 ], [ -64.433, -31.033 ], [ -64.433, -30.999 ], [ -64.433, -30.966 ], [ -64.466, -30.966 ], [ -64.466, -30.933 ], [ -64.499, -30.933 ], [ -64.499, -30.899 ], [ -64.499, -30.866 ], [ -64.466, -30.866 ], [ -64.433, -30.866 ], [ -64.433, -30.833 ], [ -64.466, -30.833 ], [ -64.466, -30.799 ], [ -64.466, -30.766 ], [ -64.433, -30.766 ] ] ], [ [ [ -66.566, -30.766 ], [ -66.599, -30.766 ], [ -66.599, -30.733 ], [ -66.599, -30.699 ], [ -66.566, -30.699 ], [ -66.566, -30.733 ], [ -66.566, -30.766 ] ] ], [ [ [ -68.866, -30.699 ], [ -68.866, -30.733 ], [ -68.833, -30.733 ], [ -68.833, -30.766 ], [ -68.833, -30.799 ], [ -68.833, -30.833 ], [ -68.833, -30.866 ], [ -68.799, -30.866 ], [ -68.799, -30.899 ], [ -68.833, -30.899 ], [ -68.833, -30.933 ], [ -68.866, -30.933 ], [ -68.866, -30.966 ], [ -68.899, -30.966 ], [ -68.933, -30.966 ], [ -68.966, -30.966 ], [ -68.966, -30.933 ], [ -68.966, -30.899 ], [ -68.966, -30.866 ], [ -68.966, -30.833 ], [ -68.966, -30.799 ], [ -68.966, -30.766 ], [ -68.966, -30.733 ], [ -68.933, -30.733 ], [ -68.933, -30.699 ], [ -68.899, -30.699 ], [ -68.899, -30.666 ], [ -68.866, -30.666 ], [ -68.866, -30.699 ] ] ], [ [ [ -68.799, -30.633 ], [ -68.766, -30.633 ], [ -68.766, -30.666 ], [ -68.733, -30.666 ], [ -68.733, -30.699 ], [ -68.733, -30.733 ], [ -68.733, -30.766 ], [ -68.733, -30.799 ], [ -68.733, -30.833 ], [ -68.766, -30.833 ], [ -68.766, -30.799 ], [ -68.766, -30.766 ], [ -68.766, -30.733 ], [ -68.766, -30.699 ], [ -68.799, -30.699 ], [ -68.799, -30.666 ], [ -68.799, -30.633 ] ] ], [ [ [ -68.799, -30.633 ], [ -68.833, -30.633 ], [ -68.833, -30.599 ], [ -68.866, -30.599 ], [ -68.866, -30.566 ], [ -68.833, -30.566 ], [ -68.799, -30.566 ], [ -68.799, -30.599 ], [ -68.799, -30.633 ] ] ], [ [ [ -67.466, -30.899 ], [ -67.499, -30.899 ], [ -67.533, -30.899 ], [ -67.533, -30.933 ], [ -67.533, -30.966 ], [ -67.533, -30.999 ], [ -67.566, -30.999 ], [ -67.566, -30.966 ], [ -67.566, -30.933 ], [ -67.566, -30.899 ], [ -67.566, -30.866 ], [ -67.599, -30.866 ], [ -67.599, -30.833 ], [ -67.633, -30.833 ], [ -67.666, -30.833 ], [ -67.666, -30.799 ], [ -67.633, -30.799 ], [ -67.633, -30.766 ], [ -67.666, -30.766 ], [ -67.666, -30.733 ], [ -67.699, -30.733 ], [ -67.699, -30.766 ], [ -67.733, -30.766 ], [ -67.733, -30.733 ], [ -67.733, -30.699 ], [ -67.766, -30.699 ], [ -67.766, -30.666 ], [ -67.766, -30.633 ], [ -67.766, -30.599 ], [ -67.766, -30.566 ], [ -67.733, -30.566 ], [ -67.699, -30.566 ], [ -67.666, -30.566 ], [ -67.666, -30.599 ], [ -67.666, -30.633 ], [ -67.666, -30.666 ], [ -67.633, -30.666 ], [ -67.633, -30.699 ], [ -67.633, -30.733 ], [ -67.599, -30.733 ], [ -67.599, -30.766 ], [ -67.599, -30.799 ], [ -67.566, -30.799 ], [ -67.566, -30.766 ], [ -67.533, -30.766 ], [ -67.533, -30.799 ], [ -67.499, -30.799 ], [ -67.499, -30.833 ], [ -67.466, -30.833 ], [ -67.433, -30.833 ], [ -67.433, -30.866 ], [ -67.466, -30.866 ], [ -67.466, -30.899 ] ] ], [ [ [ -67.766, -30.566 ], [ -67.799, -30.566 ], [ -67.799, -30.533 ], [ -67.766, -30.533 ], [ -67.766, -30.566 ] ] ], [ [ [ -68.833, -30.499 ], [ -68.799, -30.499 ], [ -68.799, -30.533 ], [ -68.833, -30.533 ], [ -68.833, -30.499 ] ] ], [ [ [ -67.799, -30.466 ], [ -67.833, -30.466 ], [ -67.833, -30.433 ], [ -67.799, -30.433 ], [ -67.799, -30.466 ] ] ], [ [ [ -68.833, -30.499 ], [ -68.866, -30.499 ], [ -68.866, -30.466 ], [ -68.866, -30.433 ], [ -68.833, -30.433 ], [ -68.833, -30.399 ], [ -68.799, -30.399 ], [ -68.799, -30.433 ], [ -68.799, -30.466 ], [ -68.833, -30.466 ], [ -68.833, -30.499 ] ] ], [ [ [ -67.733, -30.399 ], [ -67.699, -30.399 ], [ -67.699, -30.433 ], [ -67.699, -30.466 ], [ -67.699, -30.499 ], [ -67.733, -30.499 ], [ -67.733, -30.466 ], [ -67.733, -30.433 ], [ -67.733, -30.399 ] ] ], [ [ [ -68.833, -30.399 ], [ -68.866, -30.399 ], [ -68.866, -30.366 ], [ -68.833, -30.366 ], [ -68.833, -30.399 ] ] ], [ [ [ -67.833, -30.366 ], [ -67.866, -30.366 ], [ -67.866, -30.333 ], [ -67.833, -30.333 ], [ -67.833, -30.366 ] ] ], [ [ [ -67.733, -30.399 ], [ -67.766, -30.399 ], [ -67.766, -30.366 ], [ -67.766, -30.333 ], [ -67.733, -30.333 ], [ -67.733, -30.366 ], [ -67.733, -30.399 ] ] ], [ [ [ -68.999, -30.233 ], [ -68.999, -30.266 ], [ -69.033, -30.266 ], [ -69.033, -30.233 ], [ -68.999, -30.233 ] ] ], [ [ [ -68.966, -30.233 ], [ -68.933, -30.233 ], [ -68.933, -30.266 ], [ -68.933, -30.299 ], [ -68.966, -30.299 ], [ -68.966, -30.266 ], [ -68.966, -30.233 ] ] ], [ [ [ -68.833, -30.366 ], [ -68.833, -30.333 ], [ -68.833, -30.299 ], [ -68.833, -30.266 ], [ -68.866, -30.266 ], [ -68.899, -30.266 ], [ -68.899, -30.233 ], [ -68.866, -30.233 ], [ -68.833, -30.233 ], [ -68.799, -30.233 ], [ -68.799, -30.266 ], [ -68.799, -30.299 ], [ -68.799, -30.333 ], [ -68.799, -30.366 ], [ -68.833, -30.366 ] ] ], [ [ [ -67.766, -30.333 ], [ -67.799, -30.333 ], [ -67.799, -30.299 ], [ -67.833, -30.299 ], [ -67.833, -30.266 ], [ -67.866, -30.266 ], [ -67.899, -30.266 ], [ -67.899, -30.233 ], [ -67.866, -30.233 ], [ -67.833, -30.233 ], [ -67.799, -30.233 ], [ -67.799, -30.266 ], [ -67.766, -30.266 ], [ -67.766, -30.299 ], [ -67.766, -30.333 ] ] ], [ [ [ -68.966, -30.233 ], [ -68.999, -30.233 ], [ -68.999, -30.199 ], [ -68.966, -30.199 ], [ -68.966, -30.233 ] ] ], [ [ [ -68.999, -30.199 ], [ -69.033, -30.199 ], [ -69.033, -30.166 ], [ -68.999, -30.166 ], [ -68.999, -30.199 ] ] ], [ [ [ -68.866, -30.166 ], [ -68.866, -30.199 ], [ -68.899, -30.199 ], [ -68.933, -30.199 ], [ -68.933, -30.166 ], [ -68.899, -30.166 ], [ -68.866, -30.166 ] ] ], [ [ [ -67.966, -30.233 ], [ -67.999, -30.233 ], [ -67.999, -30.199 ], [ -67.999, -30.166 ], [ -67.966, -30.166 ], [ -67.966, -30.199 ], [ -67.966, -30.233 ] ] ], [ [ [ -68.866, -30.166 ], [ -68.866, -30.133 ], [ -68.833, -30.133 ], [ -68.833, -30.166 ], [ -68.866, -30.166 ] ] ], [ [ [ -67.233, -30.166 ], [ -67.266, -30.166 ], [ -67.266, -30.133 ], [ -67.266, -30.099 ], [ -67.233, -30.099 ], [ -67.233, -30.133 ], [ -67.233, -30.166 ] ] ], [ [ [ -68.033, -30.066 ], [ -67.999, -30.066 ], [ -67.999, -30.099 ], [ -68.033, -30.099 ], [ -68.033, -30.066 ] ] ], [ [ [ -68.833, -30.133 ], [ -68.833, -30.099 ], [ -68.833, -30.066 ], [ -68.799, -30.066 ], [ -68.799, -30.033 ], [ -68.766, -30.033 ], [ -68.766, -30.066 ], [ -68.766, -30.099 ], [ -68.766, -30.133 ], [ -68.799, -30.133 ], [ -68.833, -30.133 ] ] ], [ [ [ -68.033, -30.066 ], [ -68.066, -30.066 ], [ -68.066, -30.033 ], [ -68.033, -30.033 ], [ -68.033, -30.066 ] ] ], [ [ [ -67.266, -30.066 ], [ -67.299, -30.066 ], [ -67.299, -30.033 ], [ -67.266, -30.033 ], [ -67.266, -30.066 ] ] ], [ [ [ -67.466, -29.999 ], [ -67.433, -29.999 ], [ -67.433, -30.033 ], [ -67.466, -30.033 ], [ -67.466, -29.999 ] ] ], [ [ [ -68.733, -29.966 ], [ -68.733, -29.999 ], [ -68.766, -29.999 ], [ -68.766, -29.966 ], [ -68.733, -29.966 ] ] ], [ [ [ -68.066, -29.999 ], [ -68.099, -29.999 ], [ -68.099, -29.966 ], [ -68.066, -29.966 ], [ -68.066, -29.999 ] ] ], [ [ [ -68.599, -29.966 ], [ -68.633, -29.966 ], [ -68.633, -29.933 ], [ -68.599, -29.933 ], [ -68.599, -29.966 ] ] ], [ [ [ -68.599, -30.066 ], [ -68.633, -30.066 ], [ -68.633, -30.033 ], [ -68.599, -30.033 ], [ -68.599, -29.999 ], [ -68.566, -29.999 ], [ -68.566, -29.966 ], [ -68.566, -29.933 ], [ -68.533, -29.933 ], [ -68.533, -29.966 ], [ -68.533, -29.999 ], [ -68.533, -30.033 ], [ -68.566, -30.033 ], [ -68.566, -30.066 ], [ -68.599, -30.066 ] ] ], [ [ [ -67.999, -29.933 ], [ -67.966, -29.933 ], [ -67.933, -29.933 ], [ -67.933, -29.966 ], [ -67.933, -29.999 ], [ -67.899, -29.999 ], [ -67.899, -30.033 ], [ -67.933, -30.033 ], [ -67.966, -30.033 ], [ -67.966, -29.999 ], [ -67.999, -29.999 ], [ -67.999, -29.966 ], [ -67.999, -29.933 ] ] ], [ [ [ -68.733, -29.966 ], [ -68.733, -29.933 ], [ -68.733, -29.899 ], [ -68.699, -29.899 ], [ -68.666, -29.899 ], [ -68.666, -29.933 ], [ -68.699, -29.933 ], [ -68.699, -29.966 ], [ -68.733, -29.966 ] ] ], [ [ [ -67.999, -29.933 ], [ -68.033, -29.933 ], [ -68.033, -29.899 ], [ -67.999, -29.899 ], [ -67.999, -29.933 ] ] ], [ [ [ -69.033, -30.166 ], [ -69.066, -30.166 ], [ -69.066, -30.133 ], [ -69.099, -30.133 ], [ -69.133, -30.133 ], [ -69.133, -30.099 ], [ -69.133, -30.066 ], [ -69.166, -30.066 ], [ -69.199, -30.066 ], [ -69.199, -30.099 ], [ -69.199, -30.133 ], [ -69.199, -30.166 ], [ -69.199, -30.199 ], [ -69.166, -30.199 ], [ -69.166, -30.233 ], [ -69.166, -30.266 ], [ -69.133, -30.266 ], [ -69.133, -30.233 ], [ -69.099, -30.233 ], [ -69.066, -30.233 ], [ -69.066, -30.266 ], [ -69.099, -30.266 ], [ -69.099, -30.299 ], [ -69.099, -30.333 ], [ -69.133, -30.333 ], [ -69.133, -30.366 ], [ -69.166, -30.366 ], [ -69.166, -30.399 ], [ -69.199, -30.399 ], [ -69.233, -30.399 ], [ -69.266, -30.399 ], [ -69.266, -30.366 ], [ -69.266, -30.333 ], [ -69.266, -30.299 ], [ -69.266, -30.266 ], [ -69.299, -30.266 ], [ -69.299, -30.233 ], [ -69.299, -30.199 ], [ -69.299, -30.166 ], [ -69.299, -30.133 ], [ -69.299, -30.099 ], [ -69.299, -30.066 ], [ -69.299, -30.033 ], [ -69.299, -29.999 ], [ -69.266, -29.999 ], [ -69.266, -29.966 ], [ -69.233, -29.966 ], [ -69.233, -29.933 ], [ -69.199, -29.933 ], [ -69.199, -29.899 ], [ -69.166, -29.899 ], [ -69.166, -29.866 ], [ -69.133, -29.866 ], [ -69.133, -29.899 ], [ -69.133, -29.933 ], [ -69.133, -29.966 ], [ -69.133, -29.999 ], [ -69.099, -29.999 ], [ -69.099, -30.033 ], [ -69.099, -30.066 ], [ -69.066, -30.066 ], [ -69.066, -30.099 ], [ -69.033, -30.099 ], [ -69.033, -30.133 ], [ -69.033, -30.166 ] ] ], [ [ [ -67.433, -29.999 ], [ -67.433, -29.966 ], [ -67.433, -29.933 ], [ -67.433, -29.899 ], [ -67.433, -29.866 ], [ -67.433, -29.833 ], [ -67.399, -29.833 ], [ -67.399, -29.866 ], [ -67.399, -29.899 ], [ -67.399, -29.933 ], [ -67.399, -29.966 ], [ -67.399, -29.999 ], [ -67.433, -29.999 ] ] ], [ [ [ -68.533, -29.799 ], [ -68.499, -29.799 ], [ -68.499, -29.833 ], [ -68.499, -29.866 ], [ -68.533, -29.866 ], [ -68.533, -29.899 ], [ -68.566, -29.899 ], [ -68.566, -29.866 ], [ -68.566, -29.833 ], [ -68.533, -29.833 ], [ -68.533, -29.799 ] ] ], [ [ [ -67.366, -29.799 ], [ -67.333, -29.799 ], [ -67.333, -29.833 ], [ -67.299, -29.833 ], [ -67.299, -29.866 ], [ -67.299, -29.899 ], [ -67.333, -29.899 ], [ -67.333, -29.866 ], [ -67.366, -29.866 ], [ -67.366, -29.833 ], [ -67.366, -29.799 ] ] ], [ [ [ -67.366, -29.799 ], [ -67.399, -29.799 ], [ -67.399, -29.766 ], [ -67.366, -29.766 ], [ -67.366, -29.799 ] ] ], [ [ [ -68.533, -29.799 ], [ -68.566, -29.799 ], [ -68.566, -29.766 ], [ -68.566, -29.733 ], [ -68.533, -29.733 ], [ -68.533, -29.766 ], [ -68.533, -29.799 ] ] ], [ [ [ -67.066, -29.733 ], [ -67.033, -29.733 ], [ -67.033, -29.766 ], [ -67.066, -29.766 ], [ -67.066, -29.733 ] ] ], [ [ [ -67.466, -29.699 ], [ -67.433, -29.699 ], [ -67.433, -29.733 ], [ -67.466, -29.733 ], [ -67.466, -29.699 ] ] ], [ [ [ -67.066, -29.733 ], [ -67.099, -29.733 ], [ -67.099, -29.699 ], [ -67.066, -29.699 ], [ -67.066, -29.733 ] ] ], [ [ [ -68.566, -29.733 ], [ -68.599, -29.733 ], [ -68.599, -29.699 ], [ -68.633, -29.699 ], [ -68.666, -29.699 ], [ -68.666, -29.666 ], [ -68.633, -29.666 ], [ -68.599, -29.666 ], [ -68.566, -29.666 ], [ -68.566, -29.699 ], [ -68.566, -29.733 ] ] ], [ [ [ -67.466, -29.699 ], [ -67.499, -29.699 ], [ -67.499, -29.666 ], [ -67.466, -29.666 ], [ -67.466, -29.699 ] ] ], [ [ [ -67.533, -29.666 ], [ -67.566, -29.666 ], [ -67.566, -29.633 ], [ -67.533, -29.633 ], [ -67.533, -29.666 ] ] ], [ [ [ -68.666, -29.666 ], [ -68.699, -29.666 ], [ -68.699, -29.633 ], [ -68.699, -29.599 ], [ -68.666, -29.599 ], [ -68.666, -29.633 ], [ -68.666, -29.666 ] ] ], [ [ [ -67.066, -29.633 ], [ -67.099, -29.633 ], [ -67.099, -29.599 ], [ -67.066, -29.599 ], [ -67.066, -29.633 ] ] ], [ [ [ -66.999, -29.699 ], [ -67.033, -29.699 ], [ -67.033, -29.666 ], [ -67.033, -29.633 ], [ -67.033, -29.599 ], [ -66.999, -29.599 ], [ -66.999, -29.633 ], [ -66.999, -29.666 ], [ -66.999, -29.699 ] ] ], [ [ [ -67.533, -29.599 ], [ -67.566, -29.599 ], [ -67.566, -29.566 ], [ -67.533, -29.566 ], [ -67.533, -29.599 ] ] ], [ [ [ -68.366, -29.566 ], [ -68.399, -29.566 ], [ -68.399, -29.533 ], [ -68.366, -29.533 ], [ -68.366, -29.566 ] ] ], [ [ [ -67.099, -29.533 ], [ -67.066, -29.533 ], [ -67.066, -29.566 ], [ -67.099, -29.566 ], [ -67.099, -29.533 ] ] ], [ [ [ -67.099, -29.533 ], [ -67.133, -29.533 ], [ -67.166, -29.533 ], [ -67.166, -29.499 ], [ -67.133, -29.499 ], [ -67.099, -29.499 ], [ -67.099, -29.533 ] ] ], [ [ [ -68.666, -29.533 ], [ -68.699, -29.533 ], [ -68.699, -29.499 ], [ -68.699, -29.466 ], [ -68.666, -29.466 ], [ -68.666, -29.499 ], [ -68.666, -29.533 ] ] ], [ [ [ -67.599, -29.466 ], [ -67.566, -29.466 ], [ -67.566, -29.499 ], [ -67.566, -29.533 ], [ -67.599, -29.533 ], [ -67.599, -29.499 ], [ -67.599, -29.466 ] ] ], [ [ [ -68.733, -29.433 ], [ -68.733, -29.466 ], [ -68.733, -29.499 ], [ -68.766, -29.499 ], [ -68.766, -29.466 ], [ -68.766, -29.433 ], [ -68.733, -29.433 ] ] ], [ [ [ -68.433, -29.433 ], [ -68.433, -29.466 ], [ -68.466, -29.466 ], [ -68.466, -29.433 ], [ -68.433, -29.433 ] ] ], [ [ [ -67.033, -29.466 ], [ -67.066, -29.466 ], [ -67.066, -29.433 ], [ -67.033, -29.433 ], [ -67.033, -29.466 ] ] ], [ [ [ -67.033, -29.466 ], [ -66.999, -29.466 ], [ -66.999, -29.433 ], [ -66.966, -29.433 ], [ -66.966, -29.466 ], [ -66.966, -29.499 ], [ -66.966, -29.533 ], [ -66.999, -29.533 ], [ -67.033, -29.533 ], [ -67.033, -29.499 ], [ -67.033, -29.466 ] ] ], [ [ [ -68.433, -29.433 ], [ -68.433, -29.399 ], [ -68.399, -29.399 ], [ -68.399, -29.433 ], [ -68.433, -29.433 ] ] ], [ [ [ -67.466, -29.999 ], [ -67.499, -29.999 ], [ -67.533, -29.999 ], [ -67.533, -30.033 ], [ -67.533, -30.066 ], [ -67.566, -30.066 ], [ -67.599, -30.066 ], [ -67.599, -30.099 ], [ -67.599, -30.133 ], [ -67.599, -30.166 ], [ -67.599, -30.199 ], [ -67.633, -30.199 ], [ -67.633, -30.166 ], [ -67.633, -30.133 ], [ -67.633, -30.099 ], [ -67.633, -30.066 ], [ -67.633, -30.033 ], [ -67.633, -29.999 ], [ -67.666, -29.999 ], [ -67.699, -29.999 ], [ -67.733, -29.999 ], [ -67.733, -29.966 ], [ -67.766, -29.966 ], [ -67.766, -29.933 ], [ -67.733, -29.933 ], [ -67.733, -29.899 ], [ -67.766, -29.899 ], [ -67.766, -29.866 ], [ -67.766, -29.833 ], [ -67.799, -29.833 ], [ -67.799, -29.799 ], [ -67.766, -29.799 ], [ -67.766, -29.766 ], [ -67.799, -29.766 ], [ -67.833, -29.766 ], [ -67.866, -29.766 ], [ -67.866, -29.733 ], [ -67.833, -29.733 ], [ -67.833, -29.699 ], [ -67.833, -29.666 ], [ -67.866, -29.666 ], [ -67.899, -29.666 ], [ -67.899, -29.633 ], [ -67.866, -29.633 ], [ -67.866, -29.599 ], [ -67.833, -29.599 ], [ -67.833, -29.566 ], [ -67.833, -29.533 ], [ -67.833, -29.499 ], [ -67.833, -29.466 ], [ -67.833, -29.433 ], [ -67.866, -29.433 ], [ -67.899, -29.433 ], [ -67.899, -29.399 ], [ -67.866, -29.399 ], [ -67.833, -29.399 ], [ -67.799, -29.399 ], [ -67.799, -29.433 ], [ -67.766, -29.433 ], [ -67.766, -29.466 ], [ -67.766, -29.499 ], [ -67.733, -29.499 ], [ -67.733, -29.533 ], [ -67.766, -29.533 ], [ -67.766, -29.566 ], [ -67.766, -29.599 ], [ -67.766, -29.633 ], [ -67.733, -29.633 ], [ -67.733, -29.666 ], [ -67.733, -29.699 ], [ -67.699, -29.699 ], [ -67.699, -29.733 ], [ -67.699, -29.766 ], [ -67.666, -29.766 ], [ -67.666, -29.799 ], [ -67.633, -29.799 ], [ -67.633, -29.833 ], [ -67.633, -29.866 ], [ -67.633, -29.899 ], [ -67.633, -29.933 ], [ -67.599, -29.933 ], [ -67.599, -29.966 ], [ -67.599, -29.999 ], [ -67.566, -29.999 ], [ -67.566, -29.966 ], [ -67.533, -29.966 ], [ -67.499, -29.966 ], [ -67.466, -29.966 ], [ -67.466, -29.999 ] ] ], [ [ [ -67.599, -29.466 ], [ -67.633, -29.466 ], [ -67.633, -29.433 ], [ -67.633, -29.399 ], [ -67.599, -29.399 ], [ -67.599, -29.433 ], [ -67.599, -29.466 ] ] ], [ [ [ -66.999, -29.433 ], [ -67.033, -29.433 ], [ -67.033, -29.399 ], [ -66.999, -29.399 ], [ -66.999, -29.433 ] ] ], [ [ [ -68.466, -29.399 ], [ -68.499, -29.399 ], [ -68.499, -29.366 ], [ -68.466, -29.366 ], [ -68.466, -29.399 ] ] ], [ [ [ -68.399, -29.399 ], [ -68.399, -29.366 ], [ -68.366, -29.366 ], [ -68.366, -29.399 ], [ -68.399, -29.399 ] ] ], [ [ [ -67.033, -29.399 ], [ -67.066, -29.399 ], [ -67.066, -29.366 ], [ -67.033, -29.366 ], [ -67.033, -29.399 ] ] ], [ [ [ -67.199, -29.333 ], [ -67.233, -29.333 ], [ -67.233, -29.299 ], [ -67.199, -29.299 ], [ -67.199, -29.333 ] ] ], [ [ [ -67.033, -29.333 ], [ -67.066, -29.333 ], [ -67.066, -29.299 ], [ -67.033, -29.299 ], [ -67.033, -29.333 ] ] ], [ [ [ -68.366, -29.266 ], [ -68.333, -29.266 ], [ -68.333, -29.299 ], [ -68.333, -29.333 ], [ -68.366, -29.333 ], [ -68.366, -29.299 ], [ -68.366, -29.266 ] ] ], [ [ [ -68.633, -29.266 ], [ -68.599, -29.266 ], [ -68.599, -29.233 ], [ -68.566, -29.233 ], [ -68.566, -29.266 ], [ -68.566, -29.299 ], [ -68.599, -29.299 ], [ -68.633, -29.299 ], [ -68.633, -29.266 ] ] ], [ [ [ -68.366, -29.266 ], [ -68.399, -29.266 ], [ -68.399, -29.233 ], [ -68.366, -29.233 ], [ -68.366, -29.266 ] ] ], [ [ [ -67.099, -29.266 ], [ -67.133, -29.266 ], [ -67.133, -29.233 ], [ -67.099, -29.233 ], [ -67.099, -29.266 ] ] ], [ [ [ -66.866, -29.299 ], [ -66.899, -29.299 ], [ -66.899, -29.266 ], [ -66.899, -29.233 ], [ -66.866, -29.233 ], [ -66.866, -29.266 ], [ -66.866, -29.299 ] ] ], [ [ [ -68.633, -29.266 ], [ -68.666, -29.266 ], [ -68.666, -29.299 ], [ -68.699, -29.299 ], [ -68.699, -29.333 ], [ -68.733, -29.333 ], [ -68.733, -29.366 ], [ -68.699, -29.366 ], [ -68.699, -29.399 ], [ -68.699, -29.433 ], [ -68.733, -29.433 ], [ -68.733, -29.399 ], [ -68.766, -29.399 ], [ -68.799, -29.399 ], [ -68.799, -29.366 ], [ -68.799, -29.333 ], [ -68.766, -29.333 ], [ -68.766, -29.299 ], [ -68.766, -29.266 ], [ -68.766, -29.233 ], [ -68.733, -29.233 ], [ -68.733, -29.199 ], [ -68.699, -29.199 ], [ -68.666, -29.199 ], [ -68.666, -29.233 ], [ -68.633, -29.233 ], [ -68.633, -29.266 ] ] ], [ [ [ -68.399, -29.233 ], [ -68.433, -29.233 ], [ -68.433, -29.199 ], [ -68.399, -29.199 ], [ -68.399, -29.233 ] ] ], [ [ [ -67.599, -29.166 ], [ -67.599, -29.199 ], [ -67.599, -29.233 ], [ -67.633, -29.233 ], [ -67.633, -29.266 ], [ -67.633, -29.299 ], [ -67.633, -29.333 ], [ -67.633, -29.366 ], [ -67.666, -29.366 ], [ -67.699, -29.366 ], [ -67.699, -29.333 ], [ -67.666, -29.333 ], [ -67.666, -29.299 ], [ -67.666, -29.266 ], [ -67.666, -29.233 ], [ -67.666, -29.199 ], [ -67.666, -29.166 ], [ -67.633, -29.166 ], [ -67.599, -29.166 ] ] ], [ [ [ -66.833, -29.199 ], [ -66.866, -29.199 ], [ -66.866, -29.166 ], [ -66.833, -29.166 ], [ -66.833, -29.199 ] ] ], [ [ [ -68.566, -29.233 ], [ -68.566, -29.199 ], [ -68.566, -29.166 ], [ -68.533, -29.166 ], [ -68.533, -29.133 ], [ -68.499, -29.133 ], [ -68.466, -29.133 ], [ -68.466, -29.166 ], [ -68.466, -29.199 ], [ -68.499, -29.199 ], [ -68.499, -29.233 ], [ -68.499, -29.266 ], [ -68.499, -29.299 ], [ -68.533, -29.299 ], [ -68.533, -29.266 ], [ -68.533, -29.233 ], [ -68.566, -29.233 ] ] ], [ [ [ -67.266, -29.166 ], [ -67.299, -29.166 ], [ -67.299, -29.133 ], [ -67.266, -29.133 ], [ -67.266, -29.166 ] ] ], [ [ [ -67.099, -29.133 ], [ -67.099, -29.166 ], [ -67.133, -29.166 ], [ -67.133, -29.199 ], [ -67.166, -29.199 ], [ -67.166, -29.166 ], [ -67.166, -29.133 ], [ -67.133, -29.133 ], [ -67.099, -29.133 ] ] ], [ [ [ -68.466, -29.133 ], [ -68.466, -29.099 ], [ -68.433, -29.099 ], [ -68.433, -29.133 ], [ -68.466, -29.133 ] ] ], [ [ [ -66.766, -29.133 ], [ -66.799, -29.133 ], [ -66.799, -29.099 ], [ -66.766, -29.099 ], [ -66.766, -29.133 ] ] ], [ [ [ -68.433, -29.099 ], [ -68.433, -29.066 ], [ -68.399, -29.066 ], [ -68.399, -29.099 ], [ -68.433, -29.099 ] ] ], [ [ [ -67.599, -29.166 ], [ -67.599, -29.133 ], [ -67.599, -29.099 ], [ -67.566, -29.099 ], [ -67.566, -29.066 ], [ -67.533, -29.066 ], [ -67.533, -29.099 ], [ -67.533, -29.133 ], [ -67.566, -29.133 ], [ -67.566, -29.166 ], [ -67.599, -29.166 ] ] ], [ [ [ -67.266, -29.099 ], [ -67.299, -29.099 ], [ -67.299, -29.066 ], [ -67.266, -29.066 ], [ -67.266, -29.099 ] ] ], [ [ [ -67.466, -29.066 ], [ -67.499, -29.066 ], [ -67.499, -29.033 ], [ -67.466, -29.033 ], [ -67.466, -29.066 ] ] ], [ [ [ -67.899, -29.399 ], [ -67.933, -29.399 ], [ -67.933, -29.366 ], [ -67.966, -29.366 ], [ -67.966, -29.333 ], [ -67.999, -29.333 ], [ -67.999, -29.299 ], [ -68.033, -29.299 ], [ -68.066, -29.299 ], [ -68.066, -29.266 ], [ -68.066, -29.233 ], [ -68.099, -29.233 ], [ -68.099, -29.199 ], [ -68.099, -29.166 ], [ -68.099, -29.133 ], [ -68.133, -29.133 ], [ -68.133, -29.099 ], [ -68.133, -29.066 ], [ -68.133, -29.033 ], [ -68.099, -29.033 ], [ -68.099, -28.999 ], [ -68.133, -28.999 ], [ -68.133, -29.033 ], [ -68.166, -29.033 ], [ -68.166, -28.999 ], [ -68.166, -28.966 ], [ -68.133, -28.966 ], [ -68.099, -28.966 ], [ -68.099, -28.933 ], [ -68.066, -28.933 ], [ -68.066, -28.966 ], [ -68.066, -28.999 ], [ -68.066, -29.033 ], [ -68.066, -29.066 ], [ -68.066, -29.099 ], [ -68.033, -29.099 ], [ -68.033, -29.133 ], [ -68.033, -29.166 ], [ -68.033, -29.199 ], [ -68.033, -29.233 ], [ -67.999, -29.233 ], [ -67.966, -29.233 ], [ -67.966, -29.266 ], [ -67.966, -29.299 ], [ -67.933, -29.299 ], [ -67.933, -29.333 ], [ -67.899, -29.333 ], [ -67.899, -29.366 ], [ -67.899, -29.399 ] ] ], [ [ [ -68.366, -28.833 ], [ -68.366, -28.866 ], [ -68.333, -28.866 ], [ -68.333, -28.899 ], [ -68.333, -28.933 ], [ -68.366, -28.933 ], [ -68.366, -28.899 ], [ -68.399, -28.899 ], [ -68.399, -28.866 ], [ -68.399, -28.833 ], [ -68.366, -28.833 ] ] ], [ [ [ -67.099, -29.133 ], [ -67.099, -29.099 ], [ -67.066, -29.099 ], [ -67.066, -29.066 ], [ -67.033, -29.066 ], [ -67.033, -29.033 ], [ -66.999, -29.033 ], [ -66.999, -28.999 ], [ -66.999, -28.966 ], [ -66.966, -28.966 ], [ -66.966, -28.999 ], [ -66.966, -29.033 ], [ -66.933, -29.033 ], [ -66.899, -29.033 ], [ -66.899, -28.999 ], [ -66.899, -28.966 ], [ -66.899, -28.933 ], [ -66.866, -28.933 ], [ -66.866, -28.899 ], [ -66.833, -28.899 ], [ -66.833, -28.866 ], [ -66.799, -28.866 ], [ -66.799, -28.833 ], [ -66.766, -28.833 ], [ -66.766, -28.866 ], [ -66.766, -28.899 ], [ -66.766, -28.933 ], [ -66.799, -28.933 ], [ -66.799, -28.966 ], [ -66.833, -28.966 ], [ -66.866, -28.966 ], [ -66.866, -28.999 ], [ -66.866, -29.033 ], [ -66.866, -29.066 ], [ -66.866, -29.099 ], [ -66.866, -29.133 ], [ -66.899, -29.133 ], [ -66.933, -29.133 ], [ -66.933, -29.166 ], [ -66.933, -29.199 ], [ -66.933, -29.233 ], [ -66.933, -29.266 ], [ -66.966, -29.266 ], [ -66.966, -29.233 ], [ -66.999, -29.233 ], [ -66.999, -29.199 ], [ -67.033, -29.199 ], [ -67.033, -29.166 ], [ -67.033, -29.133 ], [ -67.066, -29.133 ], [ -67.099, -29.133 ] ] ], [ [ [ -66.466, -28.833 ], [ -66.466, -28.866 ], [ -66.499, -28.866 ], [ -66.499, -28.833 ], [ -66.466, -28.833 ] ] ], [ [ [ -68.266, -28.799 ], [ -68.266, -28.833 ], [ -68.299, -28.833 ], [ -68.299, -28.799 ], [ -68.266, -28.799 ] ] ], [ [ [ -66.966, -28.933 ], [ -66.999, -28.933 ], [ -66.999, -28.899 ], [ -66.999, -28.866 ], [ -66.999, -28.833 ], [ -66.999, -28.799 ], [ -66.966, -28.799 ], [ -66.966, -28.833 ], [ -66.966, -28.866 ], [ -66.966, -28.899 ], [ -66.966, -28.933 ] ] ], [ [ [ -66.466, -28.833 ], [ -66.466, -28.799 ], [ -66.433, -28.799 ], [ -66.433, -28.833 ], [ -66.466, -28.833 ] ] ], [ [ [ -65.633, -28.899 ], [ -65.666, -28.899 ], [ -65.666, -28.866 ], [ -65.666, -28.833 ], [ -65.666, -28.799 ], [ -65.633, -28.799 ], [ -65.633, -28.833 ], [ -65.633, -28.866 ], [ -65.633, -28.899 ] ] ], [ [ [ -66.266, -28.799 ], [ -66.299, -28.799 ], [ -66.299, -28.766 ], [ -66.266, -28.766 ], [ -66.266, -28.799 ] ] ], [ [ [ -67.299, -28.766 ], [ -67.333, -28.766 ], [ -67.333, -28.733 ], [ -67.299, -28.733 ], [ -67.299, -28.766 ] ] ], [ [ [ -66.299, -28.733 ], [ -66.333, -28.733 ], [ -66.333, -28.699 ], [ -66.299, -28.699 ], [ -66.299, -28.733 ] ] ], [ [ [ -66.199, -28.699 ], [ -66.199, -28.733 ], [ -66.233, -28.733 ], [ -66.233, -28.699 ], [ -66.199, -28.699 ] ] ], [ [ [ -66.199, -28.699 ], [ -66.199, -28.666 ], [ -66.166, -28.666 ], [ -66.133, -28.666 ], [ -66.133, -28.699 ], [ -66.166, -28.699 ], [ -66.199, -28.699 ] ] ], [ [ [ -65.633, -28.733 ], [ -65.666, -28.733 ], [ -65.666, -28.699 ], [ -65.666, -28.666 ], [ -65.633, -28.666 ], [ -65.633, -28.699 ], [ -65.633, -28.733 ] ] ], [ [ [ -67.266, -28.633 ], [ -67.266, -28.666 ], [ -67.266, -28.699 ], [ -67.299, -28.699 ], [ -67.299, -28.666 ], [ -67.299, -28.633 ], [ -67.266, -28.633 ] ] ], [ [ [ -66.133, -28.666 ], [ -66.133, -28.633 ], [ -66.099, -28.633 ], [ -66.099, -28.666 ], [ -66.133, -28.666 ] ] ], [ [ [ -66.266, -28.599 ], [ -66.266, -28.633 ], [ -66.299, -28.633 ], [ -66.299, -28.599 ], [ -66.266, -28.599 ] ] ], [ [ [ -66.099, -28.633 ], [ -66.099, -28.599 ], [ -66.066, -28.599 ], [ -66.066, -28.633 ], [ -66.099, -28.633 ] ] ], [ [ [ -68.166, -28.699 ], [ -68.166, -28.733 ], [ -68.199, -28.733 ], [ -68.233, -28.733 ], [ -68.233, -28.766 ], [ -68.233, -28.799 ], [ -68.266, -28.799 ], [ -68.266, -28.766 ], [ -68.266, -28.733 ], [ -68.299, -28.733 ], [ -68.299, -28.766 ], [ -68.333, -28.766 ], [ -68.333, -28.733 ], [ -68.333, -28.699 ], [ -68.366, -28.699 ], [ -68.366, -28.733 ], [ -68.366, -28.766 ], [ -68.399, -28.766 ], [ -68.433, -28.766 ], [ -68.466, -28.766 ], [ -68.466, -28.733 ], [ -68.466, -28.699 ], [ -68.466, -28.666 ], [ -68.466, -28.633 ], [ -68.466, -28.599 ], [ -68.433, -28.599 ], [ -68.399, -28.599 ], [ -68.366, -28.599 ], [ -68.366, -28.566 ], [ -68.333, -28.566 ], [ -68.333, -28.599 ], [ -68.299, -28.599 ], [ -68.299, -28.633 ], [ -68.266, -28.633 ], [ -68.233, -28.633 ], [ -68.233, -28.666 ], [ -68.233, -28.699 ], [ -68.199, -28.699 ], [ -68.166, -28.699 ] ] ], [ [ [ -66.933, -28.733 ], [ -66.966, -28.733 ], [ -66.966, -28.699 ], [ -66.966, -28.666 ], [ -66.966, -28.633 ], [ -66.966, -28.599 ], [ -66.966, -28.566 ], [ -66.933, -28.566 ], [ -66.933, -28.599 ], [ -66.933, -28.633 ], [ -66.933, -28.666 ], [ -66.933, -28.699 ], [ -66.933, -28.733 ] ] ], [ [ [ -66.266, -28.599 ], [ -66.266, -28.566 ], [ -66.233, -28.566 ], [ -66.233, -28.599 ], [ -66.266, -28.599 ] ] ], [ [ [ -66.066, -28.599 ], [ -66.066, -28.566 ], [ -66.033, -28.566 ], [ -65.999, -28.566 ], [ -65.966, -28.566 ], [ -65.966, -28.599 ], [ -65.999, -28.599 ], [ -66.033, -28.599 ], [ -66.066, -28.599 ] ] ], [ [ [ -68.066, -28.933 ], [ -68.066, -28.899 ], [ -68.099, -28.899 ], [ -68.099, -28.866 ], [ -68.099, -28.833 ], [ -68.066, -28.833 ], [ -68.066, -28.799 ], [ -68.066, -28.766 ], [ -68.066, -28.733 ], [ -68.066, -28.699 ], [ -68.099, -28.699 ], [ -68.133, -28.699 ], [ -68.166, -28.699 ], [ -68.166, -28.666 ], [ -68.166, -28.633 ], [ -68.133, -28.633 ], [ -68.133, -28.599 ], [ -68.099, -28.599 ], [ -68.099, -28.566 ], [ -68.066, -28.566 ], [ -68.066, -28.533 ], [ -68.033, -28.533 ], [ -68.033, -28.566 ], [ -68.033, -28.599 ], [ -67.999, -28.599 ], [ -67.999, -28.633 ], [ -67.999, -28.666 ], [ -67.999, -28.699 ], [ -67.999, -28.733 ], [ -67.999, -28.766 ], [ -68.033, -28.766 ], [ -68.033, -28.799 ], [ -68.033, -28.833 ], [ -68.033, -28.866 ], [ -68.033, -28.899 ], [ -68.033, -28.933 ], [ -68.066, -28.933 ] ] ], [ [ [ -67.266, -28.633 ], [ -67.266, -28.599 ], [ -67.266, -28.566 ], [ -67.266, -28.533 ], [ -67.233, -28.533 ], [ -67.233, -28.566 ], [ -67.233, -28.599 ], [ -67.199, -28.599 ], [ -67.166, -28.599 ], [ -67.133, -28.599 ], [ -67.133, -28.633 ], [ -67.166, -28.633 ], [ -67.199, -28.633 ], [ -67.233, -28.633 ], [ -67.266, -28.633 ] ] ], [ [ [ -67.099, -28.533 ], [ -67.099, -28.566 ], [ -67.133, -28.566 ], [ -67.133, -28.533 ], [ -67.099, -28.533 ] ] ], [ [ [ -67.099, -28.533 ], [ -67.099, -28.499 ], [ -67.066, -28.499 ], [ -67.066, -28.533 ], [ -67.099, -28.533 ] ] ], [ [ [ -66.199, -28.466 ], [ -66.199, -28.499 ], [ -66.199, -28.533 ], [ -66.233, -28.533 ], [ -66.233, -28.499 ], [ -66.233, -28.466 ], [ -66.199, -28.466 ] ] ], [ [ [ -65.933, -28.533 ], [ -65.966, -28.533 ], [ -65.966, -28.499 ], [ -65.933, -28.499 ], [ -65.933, -28.466 ], [ -65.899, -28.466 ], [ -65.899, -28.499 ], [ -65.899, -28.533 ], [ -65.933, -28.533 ] ] ], [ [ [ -65.533, -28.466 ], [ -65.533, -28.499 ], [ -65.533, -28.533 ], [ -65.533, -28.566 ], [ -65.566, -28.566 ], [ -65.566, -28.599 ], [ -65.599, -28.599 ], [ -65.599, -28.633 ], [ -65.633, -28.633 ], [ -65.633, -28.599 ], [ -65.633, -28.566 ], [ -65.633, -28.533 ], [ -65.599, -28.533 ], [ -65.599, -28.499 ], [ -65.599, -28.466 ], [ -65.566, -28.466 ], [ -65.533, -28.466 ] ] ], [ [ [ -66.966, -28.466 ], [ -66.999, -28.466 ], [ -66.999, -28.433 ], [ -66.966, -28.433 ], [ -66.966, -28.466 ] ] ], [ [ [ -67.033, -28.399 ], [ -67.033, -28.433 ], [ -67.033, -28.466 ], [ -67.066, -28.466 ], [ -67.066, -28.433 ], [ -67.066, -28.399 ], [ -67.033, -28.399 ] ] ], [ [ [ -66.199, -28.466 ], [ -66.199, -28.433 ], [ -66.199, -28.399 ], [ -66.166, -28.399 ], [ -66.166, -28.433 ], [ -66.166, -28.466 ], [ -66.199, -28.466 ] ] ], [ [ [ -65.533, -28.466 ], [ -65.533, -28.433 ], [ -65.533, -28.399 ], [ -65.499, -28.399 ], [ -65.499, -28.433 ], [ -65.499, -28.466 ], [ -65.533, -28.466 ] ] ], [ [ [ -67.033, -28.399 ], [ -67.033, -28.366 ], [ -66.999, -28.366 ], [ -66.999, -28.399 ], [ -67.033, -28.399 ] ] ], [ [ [ -65.499, -28.399 ], [ -65.499, -28.366 ], [ -65.466, -28.366 ], [ -65.466, -28.399 ], [ -65.499, -28.399 ] ] ], [ [ [ -67.666, -28.299 ], [ -67.666, -28.333 ], [ -67.633, -28.333 ], [ -67.599, -28.333 ], [ -67.599, -28.366 ], [ -67.633, -28.366 ], [ -67.633, -28.399 ], [ -67.633, -28.433 ], [ -67.633, -28.466 ], [ -67.633, -28.499 ], [ -67.599, -28.499 ], [ -67.599, -28.533 ], [ -67.566, -28.533 ], [ -67.566, -28.566 ], [ -67.566, -28.599 ], [ -67.533, -28.599 ], [ -67.499, -28.599 ], [ -67.499, -28.633 ], [ -67.499, -28.666 ], [ -67.466, -28.666 ], [ -67.466, -28.699 ], [ -67.466, -28.733 ], [ -67.466, -28.766 ], [ -67.466, -28.799 ], [ -67.466, -28.833 ], [ -67.466, -28.866 ], [ -67.466, -28.899 ], [ -67.499, -28.899 ], [ -67.499, -28.933 ], [ -67.499, -28.966 ], [ -67.533, -28.966 ], [ -67.533, -28.999 ], [ -67.533, -29.033 ], [ -67.566, -29.033 ], [ -67.566, -28.999 ], [ -67.566, -28.966 ], [ -67.566, -28.933 ], [ -67.566, -28.899 ], [ -67.566, -28.866 ], [ -67.533, -28.866 ], [ -67.499, -28.866 ], [ -67.499, -28.833 ], [ -67.499, -28.799 ], [ -67.499, -28.766 ], [ -67.499, -28.733 ], [ -67.499, -28.699 ], [ -67.533, -28.699 ], [ -67.533, -28.666 ], [ -67.533, -28.633 ], [ -67.566, -28.633 ], [ -67.599, -28.633 ], [ -67.633, -28.633 ], [ -67.633, -28.599 ], [ -67.666, -28.599 ], [ -67.666, -28.566 ], [ -67.666, -28.533 ], [ -67.666, -28.499 ], [ -67.699, -28.499 ], [ -67.699, -28.466 ], [ -67.699, -28.433 ], [ -67.699, -28.399 ], [ -67.699, -28.366 ], [ -67.699, -28.333 ], [ -67.699, -28.299 ], [ -67.666, -28.299 ] ] ], [ [ [ -65.499, -28.366 ], [ -65.533, -28.366 ], [ -65.533, -28.333 ], [ -65.533, -28.299 ], [ -65.499, -28.299 ], [ -65.499, -28.333 ], [ -65.499, -28.366 ] ] ], [ [ [ -66.166, -28.399 ], [ -66.166, -28.366 ], [ -66.166, -28.333 ], [ -66.166, -28.299 ], [ -66.166, -28.266 ], [ -66.133, -28.266 ], [ -66.133, -28.299 ], [ -66.133, -28.333 ], [ -66.133, -28.366 ], [ -66.133, -28.399 ], [ -66.166, -28.399 ] ] ], [ [ [ -65.533, -28.299 ], [ -65.566, -28.299 ], [ -65.566, -28.266 ], [ -65.533, -28.266 ], [ -65.533, -28.299 ] ] ], [ [ [ -65.866, -28.233 ], [ -65.866, -28.266 ], [ -65.833, -28.266 ], [ -65.833, -28.299 ], [ -65.833, -28.333 ], [ -65.833, -28.366 ], [ -65.866, -28.366 ], [ -65.866, -28.399 ], [ -65.899, -28.399 ], [ -65.899, -28.366 ], [ -65.899, -28.333 ], [ -65.899, -28.299 ], [ -65.899, -28.266 ], [ -65.899, -28.233 ], [ -65.866, -28.233 ] ] ], [ [ [ -67.299, -28.266 ], [ -67.333, -28.266 ], [ -67.333, -28.233 ], [ -67.333, -28.199 ], [ -67.299, -28.199 ], [ -67.299, -28.233 ], [ -67.299, -28.266 ] ] ], [ [ [ -67.233, -28.199 ], [ -67.266, -28.199 ], [ -67.266, -28.166 ], [ -67.233, -28.166 ], [ -67.233, -28.199 ] ] ], [ [ [ -65.733, -28.166 ], [ -65.699, -28.166 ], [ -65.699, -28.199 ], [ -65.699, -28.233 ], [ -65.733, -28.233 ], [ -65.733, -28.199 ], [ -65.733, -28.166 ] ] ], [ [ [ -67.699, -28.099 ], [ -67.699, -28.133 ], [ -67.733, -28.133 ], [ -67.733, -28.099 ], [ -67.699, -28.099 ] ] ], [ [ [ -66.099, -28.199 ], [ -66.133, -28.199 ], [ -66.133, -28.166 ], [ -66.133, -28.133 ], [ -66.133, -28.099 ], [ -66.133, -28.066 ], [ -66.099, -28.066 ], [ -66.099, -28.099 ], [ -66.099, -28.133 ], [ -66.099, -28.166 ], [ -66.099, -28.199 ] ] ], [ [ [ -65.733, -28.166 ], [ -65.766, -28.166 ], [ -65.766, -28.133 ], [ -65.766, -28.099 ], [ -65.766, -28.066 ], [ -65.733, -28.066 ], [ -65.733, -28.099 ], [ -65.733, -28.133 ], [ -65.733, -28.166 ] ] ], [ [ [ -67.699, -28.099 ], [ -67.699, -28.066 ], [ -67.699, -28.033 ], [ -67.666, -28.033 ], [ -67.666, -28.066 ], [ -67.666, -28.099 ], [ -67.699, -28.099 ] ] ], [ [ [ -67.366, -28.033 ], [ -67.366, -28.066 ], [ -67.333, -28.066 ], [ -67.333, -28.099 ], [ -67.333, -28.133 ], [ -67.366, -28.133 ], [ -67.399, -28.133 ], [ -67.399, -28.099 ], [ -67.399, -28.066 ], [ -67.399, -28.033 ], [ -67.399, -27.999 ], [ -67.399, -27.966 ], [ -67.366, -27.966 ], [ -67.366, -27.999 ], [ -67.366, -28.033 ] ] ], [ [ [ -67.266, -27.933 ], [ -67.233, -27.933 ], [ -67.233, -27.966 ], [ -67.233, -27.999 ], [ -67.266, -27.999 ], [ -67.299, -27.999 ], [ -67.299, -27.966 ], [ -67.266, -27.966 ], [ -67.266, -27.933 ] ] ], [ [ [ -67.566, -27.899 ], [ -67.533, -27.899 ], [ -67.499, -27.899 ], [ -67.466, -27.899 ], [ -67.433, -27.899 ], [ -67.433, -27.933 ], [ -67.466, -27.933 ], [ -67.499, -27.933 ], [ -67.533, -27.933 ], [ -67.533, -27.966 ], [ -67.566, -27.966 ], [ -67.566, -27.933 ], [ -67.566, -27.899 ] ] ], [ [ [ -66.099, -27.933 ], [ -66.133, -27.933 ], [ -66.133, -27.899 ], [ -66.099, -27.899 ], [ -66.099, -27.933 ] ] ], [ [ [ -67.566, -27.899 ], [ -67.599, -27.899 ], [ -67.599, -27.866 ], [ -67.599, -27.833 ], [ -67.566, -27.833 ], [ -67.566, -27.866 ], [ -67.566, -27.899 ] ] ], [ [ [ -67.266, -27.933 ], [ -67.299, -27.933 ], [ -67.299, -27.899 ], [ -67.299, -27.866 ], [ -67.266, -27.866 ], [ -67.266, -27.833 ], [ -67.233, -27.833 ], [ -67.233, -27.866 ], [ -67.233, -27.899 ], [ -67.266, -27.899 ], [ -67.266, -27.933 ] ] ], [ [ [ -65.766, -27.899 ], [ -65.766, -27.933 ], [ -65.733, -27.933 ], [ -65.733, -27.966 ], [ -65.733, -27.999 ], [ -65.733, -28.033 ], [ -65.766, -28.033 ], [ -65.766, -27.999 ], [ -65.766, -27.966 ], [ -65.799, -27.966 ], [ -65.799, -27.933 ], [ -65.799, -27.899 ], [ -65.799, -27.866 ], [ -65.799, -27.833 ], [ -65.766, -27.833 ], [ -65.766, -27.866 ], [ -65.766, -27.899 ] ] ], [ [ [ -67.433, -27.899 ], [ -67.433, -27.866 ], [ -67.433, -27.833 ], [ -67.399, -27.833 ], [ -67.399, -27.799 ], [ -67.366, -27.799 ], [ -67.366, -27.833 ], [ -67.366, -27.866 ], [ -67.366, -27.899 ], [ -67.399, -27.899 ], [ -67.433, -27.899 ] ] ], [ [ [ -67.266, -27.833 ], [ -67.299, -27.833 ], [ -67.299, -27.866 ], [ -67.333, -27.866 ], [ -67.333, -27.833 ], [ -67.333, -27.799 ], [ -67.299, -27.799 ], [ -67.299, -27.766 ], [ -67.266, -27.766 ], [ -67.266, -27.733 ], [ -67.233, -27.733 ], [ -67.233, -27.766 ], [ -67.233, -27.799 ], [ -67.266, -27.799 ], [ -67.266, -27.833 ] ] ], [ [ [ -65.733, -27.799 ], [ -65.766, -27.799 ], [ -65.766, -27.766 ], [ -65.766, -27.733 ], [ -65.733, -27.733 ], [ -65.733, -27.766 ], [ -65.733, -27.799 ] ] ], [ [ [ -65.833, -27.733 ], [ -65.833, -27.766 ], [ -65.866, -27.766 ], [ -65.899, -27.766 ], [ -65.899, -27.799 ], [ -65.899, -27.833 ], [ -65.899, -27.866 ], [ -65.899, -27.899 ], [ -65.899, -27.933 ], [ -65.899, -27.966 ], [ -65.899, -27.999 ], [ -65.899, -28.033 ], [ -65.899, -28.066 ], [ -65.866, -28.066 ], [ -65.866, -28.099 ], [ -65.833, -28.099 ], [ -65.833, -28.133 ], [ -65.833, -28.166 ], [ -65.866, -28.166 ], [ -65.866, -28.199 ], [ -65.899, -28.199 ], [ -65.899, -28.166 ], [ -65.899, -28.133 ], [ -65.899, -28.099 ], [ -65.933, -28.099 ], [ -65.933, -28.066 ], [ -65.933, -28.033 ], [ -65.933, -27.999 ], [ -65.966, -27.999 ], [ -65.966, -27.966 ], [ -65.933, -27.966 ], [ -65.933, -27.933 ], [ -65.933, -27.899 ], [ -65.933, -27.866 ], [ -65.933, -27.833 ], [ -65.933, -27.799 ], [ -65.933, -27.766 ], [ -65.933, -27.733 ], [ -65.933, -27.699 ], [ -65.899, -27.699 ], [ -65.899, -27.733 ], [ -65.866, -27.733 ], [ -65.866, -27.699 ], [ -65.833, -27.699 ], [ -65.833, -27.733 ] ] ], [ [ [ -65.866, -27.666 ], [ -65.899, -27.666 ], [ -65.899, -27.633 ], [ -65.866, -27.633 ], [ -65.866, -27.666 ] ] ], [ [ [ -66.166, -27.633 ], [ -66.199, -27.633 ], [ -66.199, -27.599 ], [ -66.166, -27.599 ], [ -66.166, -27.633 ] ] ], [ [ [ -67.033, -27.599 ], [ -67.033, -27.566 ], [ -66.999, -27.566 ], [ -66.966, -27.566 ], [ -66.966, -27.599 ], [ -66.966, -27.633 ], [ -66.999, -27.633 ], [ -66.999, -27.599 ], [ -67.033, -27.599 ] ] ], [ [ [ -66.866, -27.566 ], [ -66.866, -27.599 ], [ -66.899, -27.599 ], [ -66.899, -27.566 ], [ -66.866, -27.566 ] ] ], [ [ [ -66.966, -27.566 ], [ -66.966, -27.533 ], [ -66.933, -27.533 ], [ -66.933, -27.566 ], [ -66.966, -27.566 ] ] ], [ [ [ -66.866, -27.566 ], [ -66.866, -27.533 ], [ -66.833, -27.533 ], [ -66.799, -27.533 ], [ -66.799, -27.566 ], [ -66.833, -27.566 ], [ -66.866, -27.566 ] ] ], [ [ [ -66.599, -27.566 ], [ -66.599, -27.533 ], [ -66.566, -27.533 ], [ -66.566, -27.566 ], [ -66.599, -27.566 ] ] ], [ [ [ -66.199, -27.599 ], [ -66.233, -27.599 ], [ -66.233, -27.566 ], [ -66.266, -27.566 ], [ -66.266, -27.533 ], [ -66.233, -27.533 ], [ -66.199, -27.533 ], [ -66.199, -27.566 ], [ -66.199, -27.599 ] ] ], [ [ [ -67.033, -27.599 ], [ -67.033, -27.633 ], [ -67.066, -27.633 ], [ -67.099, -27.633 ], [ -67.099, -27.666 ], [ -67.133, -27.666 ], [ -67.166, -27.666 ], [ -67.199, -27.666 ], [ -67.199, -27.699 ], [ -67.199, -27.733 ], [ -67.233, -27.733 ], [ -67.233, -27.699 ], [ -67.233, -27.666 ], [ -67.233, -27.633 ], [ -67.199, -27.633 ], [ -67.166, -27.633 ], [ -67.166, -27.599 ], [ -67.133, -27.599 ], [ -67.133, -27.566 ], [ -67.099, -27.566 ], [ -67.099, -27.533 ], [ -67.099, -27.499 ], [ -67.066, -27.499 ], [ -67.066, -27.533 ], [ -67.066, -27.566 ], [ -67.066, -27.599 ], [ -67.033, -27.599 ] ] ], [ [ [ -65.866, -27.533 ], [ -65.899, -27.533 ], [ -65.899, -27.499 ], [ -65.866, -27.499 ], [ -65.866, -27.533 ] ] ], [ [ [ -66.599, -27.566 ], [ -66.599, -27.599 ], [ -66.633, -27.599 ], [ -66.633, -27.633 ], [ -66.666, -27.633 ], [ -66.666, -27.599 ], [ -66.699, -27.599 ], [ -66.699, -27.633 ], [ -66.699, -27.666 ], [ -66.733, -27.666 ], [ -66.733, -27.633 ], [ -66.733, -27.599 ], [ -66.766, -27.599 ], [ -66.766, -27.566 ], [ -66.766, -27.533 ], [ -66.799, -27.533 ], [ -66.799, -27.499 ], [ -66.799, -27.466 ], [ -66.766, -27.466 ], [ -66.733, -27.466 ], [ -66.699, -27.466 ], [ -66.699, -27.499 ], [ -66.733, -27.499 ], [ -66.733, -27.533 ], [ -66.733, -27.566 ], [ -66.699, -27.566 ], [ -66.699, -27.533 ], [ -66.666, -27.533 ], [ -66.666, -27.566 ], [ -66.633, -27.566 ], [ -66.599, -27.566 ] ] ], [ [ [ -66.366, -27.499 ], [ -66.399, -27.499 ], [ -66.399, -27.466 ], [ -66.366, -27.466 ], [ -66.333, -27.466 ], [ -66.299, -27.466 ], [ -66.299, -27.499 ], [ -66.333, -27.499 ], [ -66.366, -27.499 ] ] ], [ [ [ -66.499, -27.466 ], [ -66.499, -27.499 ], [ -66.466, -27.499 ], [ -66.433, -27.499 ], [ -66.433, -27.533 ], [ -66.466, -27.533 ], [ -66.499, -27.533 ], [ -66.533, -27.533 ], [ -66.533, -27.499 ], [ -66.533, -27.466 ], [ -66.566, -27.466 ], [ -66.566, -27.433 ], [ -66.533, -27.433 ], [ -66.499, -27.433 ], [ -66.499, -27.466 ] ] ], [ [ [ -66.166, -27.633 ], [ -66.133, -27.633 ], [ -66.133, -27.599 ], [ -66.099, -27.599 ], [ -66.099, -27.566 ], [ -66.099, -27.533 ], [ -66.066, -27.533 ], [ -66.066, -27.499 ], [ -66.066, -27.466 ], [ -66.033, -27.466 ], [ -66.033, -27.433 ], [ -66.033, -27.399 ], [ -65.999, -27.399 ], [ -65.999, -27.433 ], [ -65.966, -27.433 ], [ -65.966, -27.466 ], [ -65.999, -27.466 ], [ -65.999, -27.499 ], [ -65.999, -27.533 ], [ -65.999, -27.566 ], [ -65.966, -27.566 ], [ -65.966, -27.599 ], [ -65.999, -27.599 ], [ -65.999, -27.633 ], [ -65.999, -27.666 ], [ -66.033, -27.666 ], [ -66.066, -27.666 ], [ -66.099, -27.666 ], [ -66.099, -27.699 ], [ -66.133, -27.699 ], [ -66.133, -27.666 ], [ -66.166, -27.666 ], [ -66.166, -27.633 ] ] ], [ [ [ -65.933, -27.399 ], [ -65.899, -27.399 ], [ -65.899, -27.433 ], [ -65.933, -27.433 ], [ -65.933, -27.399 ] ] ], [ [ [ -65.933, -27.399 ], [ -65.966, -27.399 ], [ -65.999, -27.399 ], [ -65.999, -27.366 ], [ -65.999, -27.333 ], [ -65.999, -27.299 ], [ -65.966, -27.299 ], [ -65.966, -27.266 ], [ -65.933, -27.266 ], [ -65.933, -27.299 ], [ -65.933, -27.333 ], [ -65.933, -27.366 ], [ -65.933, -27.399 ] ] ], [ [ [ -67.633, -27.166 ], [ -67.633, -27.199 ], [ -67.599, -27.199 ], [ -67.599, -27.233 ], [ -67.599, -27.266 ], [ -67.599, -27.299 ], [ -67.566, -27.299 ], [ -67.533, -27.299 ], [ -67.533, -27.333 ], [ -67.499, -27.333 ], [ -67.499, -27.366 ], [ -67.533, -27.366 ], [ -67.533, -27.399 ], [ -67.499, -27.399 ], [ -67.499, -27.433 ], [ -67.499, -27.466 ], [ -67.499, -27.499 ], [ -67.533, -27.499 ], [ -67.533, -27.533 ], [ -67.533, -27.566 ], [ -67.533, -27.599 ], [ -67.533, -27.633 ], [ -67.533, -27.666 ], [ -67.533, -27.699 ], [ -67.533, -27.733 ], [ -67.566, -27.733 ], [ -67.566, -27.699 ], [ -67.566, -27.666 ], [ -67.566, -27.633 ], [ -67.566, -27.599 ], [ -67.566, -27.566 ], [ -67.566, -27.533 ], [ -67.566, -27.499 ], [ -67.566, -27.466 ], [ -67.566, -27.433 ], [ -67.566, -27.399 ], [ -67.599, -27.399 ], [ -67.633, -27.399 ], [ -67.633, -27.433 ], [ -67.666, -27.433 ], [ -67.666, -27.466 ], [ -67.633, -27.466 ], [ -67.599, -27.466 ], [ -67.599, -27.499 ], [ -67.599, -27.533 ], [ -67.599, -27.566 ], [ -67.633, -27.566 ], [ -67.633, -27.599 ], [ -67.633, -27.633 ], [ -67.666, -27.633 ], [ -67.666, -27.666 ], [ -67.666, -27.699 ], [ -67.666, -27.733 ], [ -67.699, -27.733 ], [ -67.699, -27.766 ], [ -67.699, -27.799 ], [ -67.699, -27.833 ], [ -67.666, -27.833 ], [ -67.666, -27.866 ], [ -67.699, -27.866 ], [ -67.699, -27.899 ], [ -67.733, -27.899 ], [ -67.733, -27.866 ], [ -67.733, -27.833 ], [ -67.733, -27.799 ], [ -67.733, -27.766 ], [ -67.733, -27.733 ], [ -67.733, -27.699 ], [ -67.699, -27.699 ], [ -67.699, -27.666 ], [ -67.699, -27.633 ], [ -67.733, -27.633 ], [ -67.733, -27.599 ], [ -67.733, -27.566 ], [ -67.733, -27.533 ], [ -67.733, -27.499 ], [ -67.733, -27.466 ], [ -67.733, -27.433 ], [ -67.733, -27.399 ], [ -67.766, -27.399 ], [ -67.766, -27.366 ], [ -67.766, -27.333 ], [ -67.766, -27.299 ], [ -67.766, -27.266 ], [ -67.766, -27.233 ], [ -67.733, -27.233 ], [ -67.733, -27.199 ], [ -67.699, -27.199 ], [ -67.666, -27.199 ], [ -67.666, -27.166 ], [ -67.633, -27.166 ] ] ], [ [ [ -67.066, -27.499 ], [ -67.066, -27.466 ], [ -67.066, -27.433 ], [ -67.066, -27.399 ], [ -67.033, -27.399 ], [ -67.033, -27.366 ], [ -67.033, -27.333 ], [ -66.999, -27.333 ], [ -66.999, -27.299 ], [ -66.999, -27.266 ], [ -66.966, -27.266 ], [ -66.966, -27.233 ], [ -66.933, -27.233 ], [ -66.899, -27.233 ], [ -66.899, -27.199 ], [ -66.899, -27.166 ], [ -66.866, -27.166 ], [ -66.866, -27.199 ], [ -66.866, -27.233 ], [ -66.833, -27.233 ], [ -66.833, -27.266 ], [ -66.833, -27.299 ], [ -66.833, -27.333 ], [ -66.866, -27.333 ], [ -66.866, -27.366 ], [ -66.833, -27.366 ], [ -66.833, -27.399 ], [ -66.833, -27.433 ], [ -66.866, -27.433 ], [ -66.866, -27.466 ], [ -66.899, -27.466 ], [ -66.899, -27.499 ], [ -66.933, -27.499 ], [ -66.933, -27.466 ], [ -66.933, -27.433 ], [ -66.933, -27.399 ], [ -66.899, -27.399 ], [ -66.899, -27.366 ], [ -66.933, -27.366 ], [ -66.966, -27.366 ], [ -66.966, -27.399 ], [ -66.999, -27.399 ], [ -66.999, -27.433 ], [ -67.033, -27.433 ], [ -67.033, -27.466 ], [ -67.033, -27.499 ], [ -67.066, -27.499 ] ] ], [ [ [ -65.899, -27.233 ], [ -65.933, -27.233 ], [ -65.933, -27.199 ], [ -65.899, -27.199 ], [ -65.899, -27.166 ], [ -65.866, -27.166 ], [ -65.866, -27.199 ], [ -65.866, -27.233 ], [ -65.899, -27.233 ] ] ], [ [ [ -65.799, -27.133 ], [ -65.833, -27.133 ], [ -65.833, -27.099 ], [ -65.799, -27.099 ], [ -65.799, -27.133 ] ] ], [ [ [ -65.766, -27.066 ], [ -65.733, -27.066 ], [ -65.699, -27.066 ], [ -65.699, -27.099 ], [ -65.733, -27.099 ], [ -65.766, -27.099 ], [ -65.766, -27.066 ] ] ], [ [ [ -65.766, -27.066 ], [ -65.799, -27.066 ], [ -65.799, -27.033 ], [ -65.766, -27.033 ], [ -65.766, -27.066 ] ] ], [ [ [ -65.666, -26.999 ], [ -65.666, -27.033 ], [ -65.699, -27.033 ], [ -65.699, -26.999 ], [ -65.666, -26.999 ] ] ], [ [ [ -65.666, -26.999 ], [ -65.666, -26.966 ], [ -65.633, -26.966 ], [ -65.633, -26.999 ], [ -65.666, -26.999 ] ] ], [ [ [ -65.633, -26.966 ], [ -65.633, -26.933 ], [ -65.599, -26.933 ], [ -65.599, -26.966 ], [ -65.633, -26.966 ] ] ], [ [ [ -65.599, -26.933 ], [ -65.599, -26.899 ], [ -65.566, -26.899 ], [ -65.566, -26.933 ], [ -65.599, -26.933 ] ] ], [ [ [ -65.666, -26.933 ], [ -65.699, -26.933 ], [ -65.699, -26.899 ], [ -65.699, -26.866 ], [ -65.666, -26.866 ], [ -65.666, -26.899 ], [ -65.666, -26.933 ] ] ], [ [ [ -65.533, -26.733 ], [ -65.533, -26.766 ], [ -65.499, -26.766 ], [ -65.499, -26.799 ], [ -65.533, -26.799 ], [ -65.533, -26.833 ], [ -65.566, -26.833 ], [ -65.566, -26.799 ], [ -65.566, -26.766 ], [ -65.599, -26.766 ], [ -65.599, -26.733 ], [ -65.599, -26.699 ], [ -65.566, -26.699 ], [ -65.566, -26.666 ], [ -65.533, -26.666 ], [ -65.533, -26.699 ], [ -65.533, -26.733 ] ] ], [ [ [ -65.466, -26.633 ], [ -65.466, -26.666 ], [ -65.466, -26.699 ], [ -65.466, -26.733 ], [ -65.499, -26.733 ], [ -65.499, -26.699 ], [ -65.499, -26.666 ], [ -65.499, -26.633 ], [ -65.466, -26.633 ] ] ], [ [ [ -65.466, -26.633 ], [ -65.466, -26.599 ], [ -65.433, -26.599 ], [ -65.433, -26.633 ], [ -65.466, -26.633 ] ] ], [ [ [ -65.466, -26.599 ], [ -65.499, -26.599 ], [ -65.533, -26.599 ], [ -65.533, -26.566 ], [ -65.499, -26.566 ], [ -65.466, -26.566 ], [ -65.466, -26.599 ] ] ], [ [ [ -65.466, -26.566 ], [ -65.466, -26.533 ], [ -65.433, -26.533 ], [ -65.433, -26.566 ], [ -65.466, -26.566 ] ] ], [ [ [ -65.599, -26.499 ], [ -65.566, -26.499 ], [ -65.533, -26.499 ], [ -65.533, -26.533 ], [ -65.566, -26.533 ], [ -65.566, -26.566 ], [ -65.566, -26.599 ], [ -65.599, -26.599 ], [ -65.599, -26.566 ], [ -65.599, -26.533 ], [ -65.599, -26.499 ] ] ], [ [ [ -65.599, -26.499 ], [ -65.633, -26.499 ], [ -65.633, -26.466 ], [ -65.599, -26.466 ], [ -65.599, -26.499 ] ] ], [ [ [ -65.499, -26.466 ], [ -65.533, -26.466 ], [ -65.533, -26.433 ], [ -65.499, -26.433 ], [ -65.499, -26.466 ] ] ], [ [ [ -65.999, -26.399 ], [ -65.999, -26.366 ], [ -65.999, -26.333 ], [ -65.966, -26.333 ], [ -65.966, -26.366 ], [ -65.966, -26.399 ], [ -65.999, -26.399 ] ] ], [ [ [ -65.599, -26.466 ], [ -65.599, -26.433 ], [ -65.599, -26.399 ], [ -65.599, -26.366 ], [ -65.599, -26.333 ], [ -65.566, -26.333 ], [ -65.566, -26.366 ], [ -65.566, -26.399 ], [ -65.566, -26.433 ], [ -65.566, -26.466 ], [ -65.599, -26.466 ] ] ], [ [ [ -65.033, -26.366 ], [ -65.066, -26.366 ], [ -65.066, -26.333 ], [ -65.033, -26.333 ], [ -64.999, -26.333 ], [ -64.999, -26.366 ], [ -65.033, -26.366 ] ] ], [ [ [ -65.466, -26.366 ], [ -65.499, -26.366 ], [ -65.499, -26.333 ], [ -65.499, -26.299 ], [ -65.466, -26.299 ], [ -65.466, -26.333 ], [ -65.466, -26.366 ] ] ], [ [ [ -65.966, -26.233 ], [ -65.933, -26.233 ], [ -65.933, -26.266 ], [ -65.966, -26.266 ], [ -65.966, -26.233 ] ] ], [ [ [ -65.033, -26.233 ], [ -65.033, -26.266 ], [ -64.999, -26.266 ], [ -64.999, -26.299 ], [ -65.033, -26.299 ], [ -65.066, -26.299 ], [ -65.066, -26.266 ], [ -65.066, -26.233 ], [ -65.033, -26.233 ] ] ], [ [ [ -65.966, -26.233 ], [ -65.999, -26.233 ], [ -65.999, -26.199 ], [ -65.966, -26.199 ], [ -65.966, -26.233 ] ] ], [ [ [ -64.899, -26.133 ], [ -64.866, -26.133 ], [ -64.866, -26.166 ], [ -64.866, -26.199 ], [ -64.899, -26.199 ], [ -64.899, -26.233 ], [ -64.933, -26.233 ], [ -64.933, -26.199 ], [ -64.933, -26.166 ], [ -64.899, -26.166 ], [ -64.899, -26.133 ] ] ], [ [ [ -65.966, -26.133 ], [ -65.999, -26.133 ], [ -65.999, -26.099 ], [ -65.966, -26.099 ], [ -65.966, -26.133 ] ] ], [ [ [ -64.866, -26.133 ], [ -64.866, -26.099 ], [ -64.833, -26.099 ], [ -64.833, -26.133 ], [ -64.866, -26.133 ] ] ], [ [ [ -65.999, -26.399 ], [ -65.999, -26.433 ], [ -65.966, -26.433 ], [ -65.933, -26.433 ], [ -65.933, -26.399 ], [ -65.899, -26.399 ], [ -65.899, -26.366 ], [ -65.899, -26.333 ], [ -65.866, -26.333 ], [ -65.866, -26.299 ], [ -65.833, -26.299 ], [ -65.833, -26.266 ], [ -65.833, -26.233 ], [ -65.833, -26.199 ], [ -65.833, -26.166 ], [ -65.833, -26.133 ], [ -65.833, -26.099 ], [ -65.833, -26.066 ], [ -65.799, -26.066 ], [ -65.799, -26.099 ], [ -65.799, -26.133 ], [ -65.799, -26.166 ], [ -65.799, -26.199 ], [ -65.799, -26.233 ], [ -65.799, -26.266 ], [ -65.799, -26.299 ], [ -65.799, -26.333 ], [ -65.833, -26.333 ], [ -65.833, -26.366 ], [ -65.833, -26.399 ], [ -65.833, -26.433 ], [ -65.866, -26.433 ], [ -65.866, -26.466 ], [ -65.866, -26.499 ], [ -65.899, -26.499 ], [ -65.899, -26.533 ], [ -65.899, -26.566 ], [ -65.899, -26.599 ], [ -65.933, -26.599 ], [ -65.933, -26.633 ], [ -65.966, -26.633 ], [ -65.966, -26.666 ], [ -65.999, -26.666 ], [ -65.999, -26.699 ], [ -65.999, -26.733 ], [ -66.033, -26.733 ], [ -66.033, -26.766 ], [ -66.066, -26.766 ], [ -66.066, -26.733 ], [ -66.066, -26.699 ], [ -66.066, -26.666 ], [ -66.066, -26.633 ], [ -66.066, -26.599 ], [ -66.066, -26.566 ], [ -66.066, -26.533 ], [ -66.066, -26.499 ], [ -66.066, -26.466 ], [ -66.033, -26.466 ], [ -66.033, -26.433 ], [ -66.033, -26.399 ], [ -65.999, -26.399 ] ] ], [ [ [ -64.899, -26.133 ], [ -64.933, -26.133 ], [ -64.933, -26.099 ], [ -64.933, -26.066 ], [ -64.899, -26.066 ], [ -64.899, -26.099 ], [ -64.899, -26.133 ] ] ], [ [ [ -65.799, -26.066 ], [ -65.799, -26.033 ], [ -65.766, -26.033 ], [ -65.766, -26.066 ], [ -65.799, -26.066 ] ] ], [ [ [ -65.699, -25.966 ], [ -65.699, -25.999 ], [ -65.699, -26.033 ], [ -65.733, -26.033 ], [ -65.733, -25.999 ], [ -65.733, -25.966 ], [ -65.699, -25.966 ] ] ], [ [ [ -65.566, -25.966 ], [ -65.566, -25.999 ], [ -65.566, -26.033 ], [ -65.566, -26.066 ], [ -65.566, -26.099 ], [ -65.599, -26.099 ], [ -65.599, -26.066 ], [ -65.599, -26.033 ], [ -65.599, -25.999 ], [ -65.599, -25.966 ], [ -65.566, -25.966 ] ] ], [ [ [ -64.866, -25.999 ], [ -64.899, -25.999 ], [ -64.899, -25.966 ], [ -64.866, -25.966 ], [ -64.866, -25.999 ] ] ], [ [ [ -65.999, -26.066 ], [ -66.033, -26.066 ], [ -66.033, -26.033 ], [ -66.033, -25.999 ], [ -66.033, -25.966 ], [ -66.033, -25.933 ], [ -66.033, -25.899 ], [ -65.999, -25.899 ], [ -65.999, -25.933 ], [ -65.999, -25.966 ], [ -65.999, -25.999 ], [ -65.999, -26.033 ], [ -65.999, -26.066 ] ] ], [ [ [ -65.866, -25.866 ], [ -65.833, -25.866 ], [ -65.833, -25.899 ], [ -65.833, -25.933 ], [ -65.866, -25.933 ], [ -65.866, -25.899 ], [ -65.866, -25.866 ] ] ], [ [ [ -65.699, -25.966 ], [ -65.699, -25.933 ], [ -65.699, -25.899 ], [ -65.699, -25.866 ], [ -65.699, -25.833 ], [ -65.666, -25.833 ], [ -65.666, -25.866 ], [ -65.666, -25.899 ], [ -65.666, -25.933 ], [ -65.666, -25.966 ], [ -65.699, -25.966 ] ] ], [ [ [ -65.299, -25.866 ], [ -65.333, -25.866 ], [ -65.333, -25.833 ], [ -65.333, -25.799 ], [ -65.299, -25.799 ], [ -65.266, -25.799 ], [ -65.266, -25.833 ], [ -65.266, -25.866 ], [ -65.299, -25.866 ] ] ], [ [ [ -65.866, -25.866 ], [ -65.899, -25.866 ], [ -65.899, -25.833 ], [ -65.933, -25.833 ], [ -65.933, -25.799 ], [ -65.966, -25.799 ], [ -65.966, -25.766 ], [ -65.966, -25.733 ], [ -65.933, -25.733 ], [ -65.933, -25.766 ], [ -65.899, -25.766 ], [ -65.866, -25.766 ], [ -65.866, -25.799 ], [ -65.866, -25.833 ], [ -65.866, -25.866 ] ] ], [ [ [ -65.566, -25.966 ], [ -65.566, -25.933 ], [ -65.566, -25.899 ], [ -65.566, -25.866 ], [ -65.566, -25.833 ], [ -65.599, -25.833 ], [ -65.599, -25.799 ], [ -65.599, -25.766 ], [ -65.599, -25.733 ], [ -65.566, -25.733 ], [ -65.566, -25.766 ], [ -65.533, -25.766 ], [ -65.533, -25.733 ], [ -65.499, -25.733 ], [ -65.499, -25.766 ], [ -65.499, -25.799 ], [ -65.499, -25.833 ], [ -65.533, -25.833 ], [ -65.533, -25.866 ], [ -65.533, -25.899 ], [ -65.533, -25.933 ], [ -65.533, -25.966 ], [ -65.566, -25.966 ] ] ], [ [ [ -65.966, -25.733 ], [ -65.999, -25.733 ], [ -65.999, -25.699 ], [ -65.966, -25.699 ], [ -65.966, -25.733 ] ] ], [ [ [ -65.733, -25.866 ], [ -65.766, -25.866 ], [ -65.766, -25.833 ], [ -65.766, -25.799 ], [ -65.766, -25.766 ], [ -65.766, -25.733 ], [ -65.766, -25.699 ], [ -65.733, -25.699 ], [ -65.733, -25.733 ], [ -65.733, -25.766 ], [ -65.733, -25.799 ], [ -65.733, -25.833 ], [ -65.733, -25.866 ] ] ], [ [ [ -65.599, -25.733 ], [ -65.633, -25.733 ], [ -65.633, -25.766 ], [ -65.666, -25.766 ], [ -65.666, -25.733 ], [ -65.666, -25.699 ], [ -65.633, -25.699 ], [ -65.599, -25.699 ], [ -65.599, -25.733 ] ] ], [ [ [ -66.066, -25.666 ], [ -66.099, -25.666 ], [ -66.099, -25.633 ], [ -66.066, -25.633 ], [ -66.033, -25.633 ], [ -65.999, -25.633 ], [ -65.999, -25.666 ], [ -66.033, -25.666 ], [ -66.066, -25.666 ] ] ], [ [ [ -65.499, -25.733 ], [ -65.499, -25.699 ], [ -65.499, -25.666 ], [ -65.466, -25.666 ], [ -65.466, -25.633 ], [ -65.433, -25.633 ], [ -65.399, -25.633 ], [ -65.399, -25.666 ], [ -65.433, -25.666 ], [ -65.433, -25.699 ], [ -65.433, -25.733 ], [ -65.466, -25.733 ], [ -65.499, -25.733 ] ] ], [ [ [ -65.699, -25.599 ], [ -65.666, -25.599 ], [ -65.666, -25.633 ], [ -65.699, -25.633 ], [ -65.699, -25.599 ] ] ], [ [ [ -65.333, -25.599 ], [ -65.333, -25.633 ], [ -65.366, -25.633 ], [ -65.366, -25.599 ], [ -65.333, -25.599 ] ] ], [ [ [ -65.166, -25.599 ], [ -65.133, -25.599 ], [ -65.133, -25.633 ], [ -65.133, -25.666 ], [ -65.166, -25.666 ], [ -65.166, -25.633 ], [ -65.166, -25.599 ] ] ], [ [ [ -65.399, -25.566 ], [ -65.399, -25.599 ], [ -65.433, -25.599 ], [ -65.433, -25.566 ], [ -65.399, -25.566 ] ] ], [ [ [ -65.399, -25.566 ], [ -65.399, -25.533 ], [ -65.366, -25.533 ], [ -65.366, -25.566 ], [ -65.399, -25.566 ] ] ], [ [ [ -65.333, -25.599 ], [ -65.333, -25.566 ], [ -65.333, -25.533 ], [ -65.299, -25.533 ], [ -65.299, -25.566 ], [ -65.299, -25.599 ], [ -65.333, -25.599 ] ] ], [ [ [ -65.699, -25.599 ], [ -65.733, -25.599 ], [ -65.733, -25.566 ], [ -65.733, -25.533 ], [ -65.733, -25.499 ], [ -65.733, -25.466 ], [ -65.733, -25.433 ], [ -65.699, -25.433 ], [ -65.699, -25.466 ], [ -65.699, -25.499 ], [ -65.699, -25.533 ], [ -65.666, -25.533 ], [ -65.666, -25.566 ], [ -65.699, -25.566 ], [ -65.699, -25.599 ] ] ], [ [ [ -65.199, -25.466 ], [ -65.233, -25.466 ], [ -65.233, -25.433 ], [ -65.199, -25.433 ], [ -65.199, -25.466 ] ] ], [ [ [ -65.166, -25.599 ], [ -65.199, -25.599 ], [ -65.199, -25.566 ], [ -65.199, -25.533 ], [ -65.166, -25.533 ], [ -65.166, -25.499 ], [ -65.166, -25.466 ], [ -65.166, -25.433 ], [ -65.133, -25.433 ], [ -65.133, -25.466 ], [ -65.133, -25.499 ], [ -65.133, -25.533 ], [ -65.133, -25.566 ], [ -65.166, -25.566 ], [ -65.166, -25.599 ] ] ], [ [ [ -65.733, -25.433 ], [ -65.766, -25.433 ], [ -65.766, -25.399 ], [ -65.733, -25.399 ], [ -65.733, -25.433 ] ] ], [ [ [ -65.199, -25.366 ], [ -65.199, -25.399 ], [ -65.233, -25.399 ], [ -65.233, -25.366 ], [ -65.199, -25.366 ] ] ], [ [ [ -65.166, -25.366 ], [ -65.133, -25.366 ], [ -65.133, -25.399 ], [ -65.166, -25.399 ], [ -65.166, -25.366 ] ] ], [ [ [ -65.166, -25.366 ], [ -65.199, -25.366 ], [ -65.199, -25.333 ], [ -65.166, -25.333 ], [ -65.166, -25.366 ] ] ], [ [ [ -65.699, -25.299 ], [ -65.699, -25.333 ], [ -65.699, -25.366 ], [ -65.733, -25.366 ], [ -65.733, -25.333 ], [ -65.733, -25.299 ], [ -65.699, -25.299 ] ] ], [ [ [ -65.166, -25.333 ], [ -65.166, -25.299 ], [ -65.133, -25.299 ], [ -65.133, -25.333 ], [ -65.166, -25.333 ] ] ], [ [ [ -65.699, -25.299 ], [ -65.699, -25.266 ], [ -65.699, -25.233 ], [ -65.699, -25.199 ], [ -65.699, -25.166 ], [ -65.666, -25.166 ], [ -65.666, -25.199 ], [ -65.633, -25.199 ], [ -65.633, -25.166 ], [ -65.599, -25.166 ], [ -65.599, -25.199 ], [ -65.599, -25.233 ], [ -65.633, -25.233 ], [ -65.666, -25.233 ], [ -65.666, -25.266 ], [ -65.633, -25.266 ], [ -65.633, -25.299 ], [ -65.666, -25.299 ], [ -65.699, -25.299 ] ] ], [ [ [ -66.166, -25.633 ], [ -66.199, -25.633 ], [ -66.199, -25.666 ], [ -66.166, -25.666 ], [ -66.166, -25.633 ], [ -66.133, -25.633 ], [ -66.133, -25.666 ], [ -66.133, -25.699 ], [ -66.099, -25.699 ], [ -66.066, -25.699 ], [ -66.066, -25.733 ], [ -66.033, -25.733 ], [ -66.033, -25.766 ], [ -66.033, -25.799 ], [ -66.033, -25.833 ], [ -66.033, -25.866 ], [ -66.066, -25.866 ], [ -66.099, -25.866 ], [ -66.099, -25.833 ], [ -66.099, -25.799 ], [ -66.099, -25.766 ], [ -66.133, -25.766 ], [ -66.133, -25.733 ], [ -66.166, -25.733 ], [ -66.199, -25.733 ], [ -66.199, -25.699 ], [ -66.233, -25.699 ], [ -66.233, -25.666 ], [ -66.233, -25.633 ], [ -66.266, -25.633 ], [ -66.266, -25.599 ], [ -66.266, -25.566 ], [ -66.266, -25.533 ], [ -66.266, -25.499 ], [ -66.266, -25.466 ], [ -66.299, -25.466 ], [ -66.333, -25.466 ], [ -66.333, -25.499 ], [ -66.366, -25.499 ], [ -66.366, -25.466 ], [ -66.366, -25.433 ], [ -66.366, -25.399 ], [ -66.333, -25.399 ], [ -66.299, -25.399 ], [ -66.266, -25.399 ], [ -66.266, -25.366 ], [ -66.266, -25.333 ], [ -66.299, -25.333 ], [ -66.299, -25.299 ], [ -66.266, -25.299 ], [ -66.266, -25.266 ], [ -66.233, -25.266 ], [ -66.233, -25.233 ], [ -66.233, -25.199 ], [ -66.233, -25.166 ], [ -66.199, -25.166 ], [ -66.199, -25.133 ], [ -66.166, -25.133 ], [ -66.166, -25.166 ], [ -66.166, -25.199 ], [ -66.166, -25.233 ], [ -66.199, -25.233 ], [ -66.199, -25.266 ], [ -66.199, -25.299 ], [ -66.199, -25.333 ], [ -66.199, -25.366 ], [ -66.199, -25.399 ], [ -66.199, -25.433 ], [ -66.199, -25.466 ], [ -66.199, -25.499 ], [ -66.166, -25.499 ], [ -66.166, -25.533 ], [ -66.166, -25.566 ], [ -66.166, -25.599 ], [ -66.166, -25.633 ] ] ], [ [ [ -65.699, -25.166 ], [ -65.733, -25.166 ], [ -65.733, -25.199 ], [ -65.733, -25.233 ], [ -65.766, -25.233 ], [ -65.766, -25.199 ], [ -65.766, -25.166 ], [ -65.766, -25.133 ], [ -65.733, -25.133 ], [ -65.699, -25.133 ], [ -65.699, -25.166 ] ] ], [ [ [ -65.666, -25.099 ], [ -65.699, -25.099 ], [ -65.699, -25.066 ], [ -65.666, -25.066 ], [ -65.666, -25.099 ] ] ], [ [ [ -65.733, -24.999 ], [ -65.699, -24.999 ], [ -65.699, -25.033 ], [ -65.733, -25.033 ], [ -65.733, -24.999 ] ] ], [ [ [ -65.733, -24.999 ], [ -65.766, -24.999 ], [ -65.766, -24.966 ], [ -65.733, -24.966 ], [ -65.733, -24.999 ] ] ], [ [ [ -65.733, -24.966 ], [ -65.733, -24.933 ], [ -65.733, -24.899 ], [ -65.699, -24.899 ], [ -65.699, -24.933 ], [ -65.699, -24.966 ], [ -65.733, -24.966 ] ] ], [ [ [ -65.733, -24.833 ], [ -65.733, -24.866 ], [ -65.766, -24.866 ], [ -65.766, -24.833 ], [ -65.733, -24.833 ] ] ], [ [ [ -65.733, -24.833 ], [ -65.733, -24.799 ], [ -65.699, -24.799 ], [ -65.699, -24.833 ], [ -65.733, -24.833 ] ] ], [ [ [ -65.633, -24.799 ], [ -65.666, -24.799 ], [ -65.666, -24.766 ], [ -65.633, -24.766 ], [ -65.633, -24.799 ] ] ], [ [ [ -65.599, -24.699 ], [ -65.633, -24.699 ], [ -65.633, -24.666 ], [ -65.599, -24.666 ], [ -65.599, -24.699 ] ] ], [ [ [ -65.533, -24.699 ], [ -65.566, -24.699 ], [ -65.566, -24.666 ], [ -65.533, -24.666 ], [ -65.533, -24.699 ] ] ], [ [ [ -65.533, -24.599 ], [ -65.566, -24.599 ], [ -65.566, -24.566 ], [ -65.566, -24.533 ], [ -65.533, -24.533 ], [ -65.533, -24.566 ], [ -65.533, -24.599 ] ] ], [ [ [ -65.466, -24.533 ], [ -65.499, -24.533 ], [ -65.499, -24.499 ], [ -65.466, -24.499 ], [ -65.466, -24.533 ] ] ], [ [ [ -65.433, -24.366 ], [ -65.433, -24.399 ], [ -65.433, -24.433 ], [ -65.433, -24.466 ], [ -65.466, -24.466 ], [ -65.466, -24.433 ], [ -65.466, -24.399 ], [ -65.466, -24.366 ], [ -65.499, -24.366 ], [ -65.499, -24.333 ], [ -65.466, -24.333 ], [ -65.433, -24.333 ], [ -65.433, -24.366 ] ] ], [ [ [ -64.466, -24.166 ], [ -64.499, -24.166 ], [ -64.499, -24.133 ], [ -64.466, -24.133 ], [ -64.466, -24.166 ] ] ], [ [ [ -65.499, -24.099 ], [ -65.499, -24.133 ], [ -65.499, -24.166 ], [ -65.499, -24.199 ], [ -65.499, -24.233 ], [ -65.533, -24.233 ], [ -65.533, -24.199 ], [ -65.533, -24.166 ], [ -65.533, -24.133 ], [ -65.533, -24.099 ], [ -65.499, -24.099 ] ] ], [ [ [ -65.499, -24.099 ], [ -65.499, -24.066 ], [ -65.499, -24.033 ], [ -65.466, -24.033 ], [ -65.466, -24.066 ], [ -65.466, -24.099 ], [ -65.499, -24.099 ] ] ], [ [ [ -65.466, -23.966 ], [ -65.466, -23.999 ], [ -65.499, -23.999 ], [ -65.499, -23.966 ], [ -65.466, -23.966 ] ] ], [ [ [ -65.433, -23.966 ], [ -65.399, -23.966 ], [ -65.399, -23.999 ], [ -65.433, -23.999 ], [ -65.433, -23.966 ] ] ], [ [ [ -65.433, -23.966 ], [ -65.466, -23.966 ], [ -65.466, -23.933 ], [ -65.466, -23.899 ], [ -65.466, -23.866 ], [ -65.466, -23.833 ], [ -65.433, -23.833 ], [ -65.433, -23.866 ], [ -65.433, -23.899 ], [ -65.433, -23.933 ], [ -65.433, -23.966 ] ] ], [ [ [ -65.333, -23.866 ], [ -65.366, -23.866 ], [ -65.366, -23.833 ], [ -65.333, -23.833 ], [ -65.333, -23.866 ] ] ], [ [ [ -65.266, -23.833 ], [ -65.299, -23.833 ], [ -65.299, -23.799 ], [ -65.266, -23.799 ], [ -65.266, -23.833 ] ] ], [ [ [ -65.466, -23.699 ], [ -65.466, -23.733 ], [ -65.466, -23.766 ], [ -65.499, -23.766 ], [ -65.499, -23.799 ], [ -65.499, -23.833 ], [ -65.499, -23.866 ], [ -65.533, -23.866 ], [ -65.533, -23.833 ], [ -65.533, -23.799 ], [ -65.533, -23.766 ], [ -65.533, -23.733 ], [ -65.499, -23.733 ], [ -65.499, -23.699 ], [ -65.466, -23.699 ] ] ], [ [ [ -65.199, -23.766 ], [ -65.233, -23.766 ], [ -65.233, -23.733 ], [ -65.233, -23.699 ], [ -65.199, -23.699 ], [ -65.199, -23.733 ], [ -65.199, -23.766 ] ] ], [ [ [ -65.166, -23.633 ], [ -65.199, -23.633 ], [ -65.199, -23.599 ], [ -65.166, -23.599 ], [ -65.166, -23.633 ] ] ], [ [ [ -64.833, -23.599 ], [ -64.833, -23.633 ], [ -64.866, -23.633 ], [ -64.866, -23.599 ], [ -64.833, -23.599 ] ] ], [ [ [ -65.466, -23.699 ], [ -65.466, -23.666 ], [ -65.466, -23.633 ], [ -65.433, -23.633 ], [ -65.433, -23.599 ], [ -65.433, -23.566 ], [ -65.399, -23.566 ], [ -65.399, -23.599 ], [ -65.399, -23.633 ], [ -65.399, -23.666 ], [ -65.433, -23.666 ], [ -65.433, -23.699 ], [ -65.466, -23.699 ] ] ], [ [ [ -65.099, -23.599 ], [ -65.133, -23.599 ], [ -65.133, -23.566 ], [ -65.099, -23.566 ], [ -65.099, -23.599 ] ] ], [ [ [ -64.833, -23.599 ], [ -64.833, -23.566 ], [ -64.799, -23.566 ], [ -64.799, -23.599 ], [ -64.833, -23.599 ] ] ], [ [ [ -64.899, -23.533 ], [ -64.899, -23.566 ], [ -64.899, -23.599 ], [ -64.899, -23.633 ], [ -64.933, -23.633 ], [ -64.933, -23.599 ], [ -64.933, -23.566 ], [ -64.933, -23.533 ], [ -64.899, -23.533 ] ] ], [ [ [ -64.799, -23.533 ], [ -64.833, -23.533 ], [ -64.833, -23.499 ], [ -64.833, -23.466 ], [ -64.799, -23.466 ], [ -64.799, -23.499 ], [ -64.799, -23.533 ] ] ], [ [ [ -64.966, -23.466 ], [ -64.999, -23.466 ], [ -64.999, -23.433 ], [ -64.966, -23.433 ], [ -64.966, -23.466 ] ] ], [ [ [ -64.899, -23.533 ], [ -64.899, -23.499 ], [ -64.933, -23.499 ], [ -64.933, -23.466 ], [ -64.933, -23.433 ], [ -64.933, -23.399 ], [ -64.899, -23.399 ], [ -64.866, -23.399 ], [ -64.866, -23.433 ], [ -64.899, -23.433 ], [ -64.899, -23.466 ], [ -64.866, -23.466 ], [ -64.866, -23.499 ], [ -64.866, -23.533 ], [ -64.899, -23.533 ] ] ], [ [ [ -64.866, -23.399 ], [ -64.866, -23.366 ], [ -64.866, -23.333 ], [ -64.866, -23.299 ], [ -64.866, -23.266 ], [ -64.833, -23.266 ], [ -64.833, -23.299 ], [ -64.833, -23.333 ], [ -64.833, -23.366 ], [ -64.833, -23.399 ], [ -64.866, -23.399 ] ] ], [ [ [ -64.866, -23.266 ], [ -64.899, -23.266 ], [ -64.899, -23.233 ], [ -64.866, -23.233 ], [ -64.866, -23.266 ] ] ], [ [ [ -64.833, -23.133 ], [ -64.799, -23.133 ], [ -64.799, -23.166 ], [ -64.799, -23.199 ], [ -64.833, -23.199 ], [ -64.833, -23.166 ], [ -64.833, -23.133 ] ] ], [ [ [ -64.833, -23.133 ], [ -64.866, -23.133 ], [ -64.899, -23.133 ], [ -64.899, -23.099 ], [ -64.866, -23.099 ], [ -64.833, -23.099 ], [ -64.833, -23.133 ] ] ], [ [ [ -64.966, -22.999 ], [ -64.999, -22.999 ], [ -64.999, -22.966 ], [ -64.966, -22.966 ], [ -64.966, -22.999 ] ] ], [ [ [ -64.966, -22.933 ], [ -64.999, -22.933 ], [ -64.999, -22.899 ], [ -64.966, -22.899 ], [ -64.966, -22.933 ] ] ], [ [ [ -64.999, -22.866 ], [ -65.033, -22.866 ], [ -65.033, -22.833 ], [ -64.999, -22.833 ], [ -64.999, -22.866 ] ] ], [ [ [ -64.999, -22.599 ], [ -64.999, -22.633 ], [ -65.033, -22.633 ], [ -65.033, -22.599 ], [ -64.999, -22.599 ] ] ], [ [ [ -65.133, -22.533 ], [ -65.133, -22.566 ], [ -65.099, -22.566 ], [ -65.099, -22.599 ], [ -65.133, -22.599 ], [ -65.133, -22.633 ], [ -65.133, -22.666 ], [ -65.099, -22.666 ], [ -65.099, -22.699 ], [ -65.133, -22.699 ], [ -65.166, -22.699 ], [ -65.199, -22.699 ], [ -65.199, -22.666 ], [ -65.199, -22.633 ], [ -65.166, -22.633 ], [ -65.166, -22.599 ], [ -65.166, -22.566 ], [ -65.166, -22.533 ], [ -65.133, -22.533 ] ] ], [ [ [ -64.999, -22.599 ], [ -64.999, -22.566 ], [ -64.999, -22.533 ], [ -64.966, -22.533 ], [ -64.966, -22.566 ], [ -64.966, -22.599 ], [ -64.999, -22.599 ] ] ], [ [ [ -64.966, -22.533 ], [ -64.966, -22.499 ], [ -64.933, -22.499 ], [ -64.933, -22.533 ], [ -64.966, -22.533 ] ] ], [ [ [ -64.833, -22.366 ], [ -64.833, -22.399 ], [ -64.833, -22.433 ], [ -64.833, -22.466 ], [ -64.866, -22.466 ], [ -64.866, -22.499 ], [ -64.899, -22.499 ], [ -64.899, -22.466 ], [ -64.899, -22.433 ], [ -64.933, -22.433 ], [ -64.933, -22.399 ], [ -64.899, -22.399 ], [ -64.866, -22.399 ], [ -64.866, -22.366 ], [ -64.833, -22.366 ] ] ], [ [ [ -65.066, -22.299 ], [ -65.066, -22.333 ], [ -65.099, -22.333 ], [ -65.099, -22.299 ], [ -65.066, -22.299 ] ] ], [ [ [ -64.833, -22.366 ], [ -64.833, -22.333 ], [ -64.833, -22.299 ], [ -64.799, -22.299 ], [ -64.799, -22.333 ], [ -64.799, -22.366 ], [ -64.833, -22.366 ] ] ], [ [ [ -64.999, -22.266 ], [ -64.966, -22.266 ], [ -64.966, -22.299 ], [ -64.999, -22.299 ], [ -64.999, -22.266 ] ] ], [ [ [ -64.899, -22.266 ], [ -64.933, -22.266 ], [ -64.933, -22.233 ], [ -64.899, -22.233 ], [ -64.899, -22.266 ] ] ], [ [ [ -64.999, -22.266 ], [ -65.033, -22.266 ], [ -65.033, -22.299 ], [ -65.066, -22.299 ], [ -65.066, -22.266 ], [ -65.066, -22.233 ], [ -65.033, -22.233 ], [ -65.033, -22.199 ], [ -65.033, -22.166 ], [ -64.999, -22.166 ], [ -64.999, -22.199 ], [ -64.999, -22.233 ], [ -64.999, -22.266 ] ] ], [ [ [ -64.947, -22.106 ], [ -64.945, -22.108 ], [ -64.939, -22.108 ], [ -64.937, -22.109 ], [ -64.934, -22.114 ], [ -64.931, -22.116 ], [ -64.926, -22.117 ], [ -64.922, -22.120 ], [ -64.920, -22.120 ], [ -64.933, -22.133 ], [ -64.933, -22.166 ], [ -64.966, -22.166 ], [ -64.966, -22.133 ], [ -64.966, -22.102 ], [ -64.963, -22.101 ], [ -64.956, -22.101 ], [ -64.953, -22.104 ], [ -64.952, -22.106 ], [ -64.947, -22.106 ] ] ], [ [ [ -65.808, -22.071 ], [ -65.803, -22.078 ], [ -65.802, -22.076 ], [ -65.800, -22.075 ], [ -65.799, -22.075 ], [ -65.798, -22.075 ], [ -65.797, -22.074 ], [ -65.795, -22.074 ], [ -65.794, -22.075 ], [ -65.792, -22.076 ], [ -65.791, -22.077 ], [ -65.790, -22.079 ], [ -65.789, -22.080 ], [ -65.788, -22.081 ], [ -65.788, -22.081 ], [ -65.787, -22.081 ], [ -65.787, -22.081 ], [ -65.786, -22.081 ], [ -65.786, -22.081 ], [ -65.785, -22.081 ], [ -65.785, -22.082 ], [ -65.784, -22.084 ], [ -65.783, -22.086 ], [ -65.781, -22.087 ], [ -65.779, -22.087 ], [ -65.778, -22.088 ], [ -65.776, -22.090 ], [ -65.775, -22.092 ], [ -65.774, -22.094 ], [ -65.772, -22.095 ], [ -65.770, -22.096 ], [ -65.768, -22.097 ], [ -65.766, -22.099 ], [ -65.763, -22.100 ], [ -65.761, -22.101 ], [ -65.758, -22.101 ], [ -65.757, -22.101 ], [ -65.756, -22.101 ], [ -65.755, -22.102 ], [ -65.755, -22.103 ], [ -65.754, -22.104 ], [ -65.753, -22.104 ], [ -65.753, -22.105 ], [ -65.752, -22.106 ], [ -65.752, -22.106 ], [ -65.751, -22.107 ], [ -65.750, -22.107 ], [ -65.749, -22.107 ], [ -65.749, -22.108 ], [ -65.748, -22.108 ], [ -65.747, -22.109 ], [ -65.746, -22.109 ], [ -65.745, -22.109 ], [ -65.742, -22.108 ], [ -65.738, -22.108 ], [ -65.733, -22.109 ], [ -65.733, -22.109 ], [ -65.733, -22.133 ], [ -65.733, -22.166 ], [ -65.699, -22.166 ], [ -65.699, -22.199 ], [ -65.699, -22.233 ], [ -65.666, -22.233 ], [ -65.633, -22.233 ], [ -65.599, -22.233 ], [ -65.566, -22.233 ], [ -65.533, -22.233 ], [ -65.533, -22.199 ], [ -65.499, -22.199 ], [ -65.499, -22.166 ], [ -65.466, -22.166 ], [ -65.466, -22.133 ], [ -65.433, -22.133 ], [ -65.433, -22.089 ], [ -65.366, -22.089 ], [ -65.366, -22.133 ], [ -65.366, -22.166 ], [ -65.366, -22.199 ], [ -65.399, -22.199 ], [ -65.399, -22.233 ], [ -65.433, -22.233 ], [ -65.433, -22.266 ], [ -65.433, -22.299 ], [ -65.466, -22.299 ], [ -65.466, -22.333 ], [ -65.499, -22.333 ], [ -65.533, -22.333 ], [ -65.533, -22.366 ], [ -65.566, -22.366 ], [ -65.599, -22.366 ], [ -65.633, -22.366 ], [ -65.633, -22.399 ], [ -65.633, -22.433 ], [ -65.666, -22.433 ], [ -65.699, -22.433 ], [ -65.733, -22.433 ], [ -65.733, -22.399 ], [ -65.766, -22.399 ], [ -65.766, -22.366 ], [ -65.766, -22.333 ], [ -65.766, -22.299 ], [ -65.733, -22.299 ], [ -65.733, -22.266 ], [ -65.733, -22.233 ], [ -65.733, -22.199 ], [ -65.766, -22.199 ], [ -65.766, -22.166 ], [ -65.799, -22.166 ], [ -65.833, -22.166 ], [ -65.833, -22.133 ], [ -65.866, -22.133 ], [ -65.866, -22.166 ], [ -65.899, -22.166 ], [ -65.933, -22.166 ], [ -65.933, -22.133 ], [ -65.933, -22.099 ], [ -65.933, -22.066 ], [ -65.933, -22.033 ], [ -65.933, -21.999 ], [ -65.899, -21.999 ], [ -65.899, -21.966 ], [ -65.897, -21.964 ], [ -65.808, -22.071 ] ] ], [ [ [ -66.199, -21.899 ], [ -66.233, -21.899 ], [ -66.248, -21.885 ], [ -66.246, -21.877 ], [ -66.242, -21.869 ], [ -66.242, -21.866 ], [ -66.199, -21.866 ], [ -66.199, -21.899 ] ] ], [ [ [ -66.213, -21.780 ], [ -66.195, -21.795 ], [ -66.199, -21.799 ], [ -66.242, -21.799 ], [ -66.242, -21.797 ], [ -66.242, -21.794 ], [ -66.242, -21.792 ], [ -66.241, -21.791 ], [ -66.241, -21.789 ], [ -66.240, -21.788 ], [ -66.239, -21.788 ], [ -66.237, -21.787 ], [ -66.235, -21.787 ], [ -66.233, -21.788 ], [ -66.231, -21.788 ], [ -66.229, -21.788 ], [ -66.226, -21.788 ], [ -66.225, -21.788 ], [ -66.224, -21.787 ], [ -66.224, -21.785 ], [ -66.223, -21.783 ], [ -66.222, -21.782 ], [ -66.221, -21.781 ], [ -66.219, -21.780 ], [ -66.216, -21.780 ], [ -66.213, -21.780 ] ] ] ] } }
]
}
