{
"type": "FeatureCollection",
                                                                                                                                  
"features": [
{ "type": "Feature", "properties": { "pm_icon": "AR_9a", "hzs": "9a" }, "geometry": { "type": "MultiPolygon", "coordinates": [ [ [ [ -65.399, -54.899 ], [ -65.399, -54.969 ], [ -65.425, -54.967 ], [ -65.451, -54.958 ], [ -65.463, -54.948 ], [ -65.486, -54.958 ], [ -65.514, -54.966 ], [ -65.539, -54.974 ], [ -65.549, -54.976 ], [ -65.549, -54.949 ], [ -65.533, -54.933 ], [ -65.499, -54.933 ], [ -65.499, -54.899 ], [ -65.466, -54.899 ], [ -65.449, -54.916 ], [ -65.433, -54.899 ], [ -65.399, -54.899 ] ] ], [ [ [ -67.766, -54.866 ], [ -67.766, -54.895 ], [ -67.828, -54.890 ], [ -67.848, -54.889 ], [ -67.885, -54.885 ], [ -67.866, -54.866 ], [ -67.833, -54.866 ], [ -67.799, -54.866 ], [ -67.766, -54.866 ] ] ], [ [ [ -67.433, -54.899 ], [ -67.448, -54.915 ], [ -67.457, -54.916 ], [ -67.465, -54.917 ], [ -67.477, -54.922 ], [ -67.483, -54.923 ], [ -67.491, -54.923 ], [ -67.499, -54.922 ], [ -67.499, -54.899 ], [ -67.533, -54.899 ], [ -67.542, -54.909 ], [ -67.546, -54.908 ], [ -67.557, -54.905 ], [ -67.566, -54.903 ], [ -67.566, -54.866 ], [ -67.533, -54.866 ], [ -67.499, -54.866 ], [ -67.466, -54.866 ], [ -67.433, -54.866 ], [ -67.433, -54.899 ] ] ], [ [ [ -68.566, -54.866 ], [ -68.600, -54.866 ], [ -68.600, -54.836 ], [ -68.600, -54.833 ], [ -68.566, -54.833 ], [ -68.566, -54.866 ] ] ], [ [ [ -68.566, -54.866 ], [ -68.533, -54.866 ], [ -68.533, -54.833 ], [ -68.499, -54.833 ], [ -68.466, -54.833 ], [ -68.466, -54.866 ], [ -68.441, -54.891 ], [ -68.485, -54.894 ], [ -68.491, -54.897 ], [ -68.482, -54.898 ], [ -68.483, -54.898 ], [ -68.542, -54.906 ], [ -68.566, -54.911 ], [ -68.566, -54.866 ] ] ], [ [ [ -67.933, -54.833 ], [ -67.933, -54.879 ], [ -67.949, -54.877 ], [ -67.997, -54.876 ], [ -67.999, -54.877 ], [ -67.999, -54.833 ], [ -67.966, -54.833 ], [ -67.933, -54.833 ] ] ], [ [ [ -68.233, -54.766 ], [ -68.233, -54.799 ], [ -68.199, -54.799 ], [ -68.166, -54.799 ], [ -68.133, -54.799 ], [ -68.099, -54.799 ], [ -68.099, -54.833 ], [ -68.066, -54.833 ], [ -68.033, -54.833 ], [ -68.033, -54.877 ], [ -68.102, -54.879 ], [ -68.128, -54.880 ], [ -68.159, -54.882 ], [ -68.183, -54.886 ], [ -68.234, -54.889 ], [ -68.315, -54.891 ], [ -68.371, -54.892 ], [ -68.418, -54.893 ], [ -68.401, -54.887 ], [ -68.387, -54.885 ], [ -68.372, -54.886 ], [ -68.341, -54.880 ], [ -68.310, -54.879 ], [ -68.312, -54.876 ], [ -68.345, -54.870 ], [ -68.363, -54.876 ], [ -68.420, -54.885 ], [ -68.433, -54.889 ], [ -68.433, -54.833 ], [ -68.399, -54.833 ], [ -68.399, -54.799 ], [ -68.366, -54.799 ], [ -68.333, -54.799 ], [ -68.333, -54.766 ], [ -68.299, -54.766 ], [ -68.266, -54.766 ], [ -68.233, -54.766 ] ], [ [ -68.122, -54.868 ], [ -68.121, -54.874 ], [ -68.115, -54.876 ], [ -68.093, -54.872 ], [ -68.060, -54.871 ], [ -68.081, -54.861 ], [ -68.120, -54.854 ], [ -68.119, -54.859 ], [ -68.122, -54.868 ] ] ], [ [ [ -64.065, -54.660 ], [ -64.070, -54.666 ], [ -64.087, -54.679 ], [ -64.099, -54.686 ], [ -64.113, -54.691 ], [ -64.133, -54.694 ], [ -64.152, -54.693 ], [ -64.175, -54.687 ], [ -64.194, -54.675 ], [ -64.202, -54.667 ], [ -64.200, -54.678 ], [ -64.190, -54.687 ], [ -64.186, -54.693 ], [ -64.185, -54.700 ], [ -64.187, -54.712 ], [ -64.185, -54.712 ], [ -64.168, -54.705 ], [ -64.138, -54.700 ], [ -64.115, -54.701 ], [ -64.099, -54.706 ], [ -64.081, -54.701 ], [ -64.063, -54.701 ], [ -64.031, -54.704 ], [ -64.012, -54.712 ], [ -63.994, -54.708 ], [ -63.975, -54.707 ], [ -63.955, -54.699 ], [ -63.895, -54.689 ], [ -63.875, -54.689 ], [ -63.858, -54.692 ], [ -63.847, -54.696 ], [ -63.816, -54.690 ], [ -63.792, -54.691 ], [ -63.774, -54.698 ], [ -63.757, -54.709 ], [ -63.750, -54.717 ], [ -63.748, -54.728 ], [ -63.754, -54.743 ], [ -63.753, -54.749 ], [ -63.754, -54.757 ], [ -63.758, -54.763 ], [ -63.763, -54.768 ], [ -63.784, -54.779 ], [ -63.794, -54.786 ], [ -63.795, -54.797 ], [ -63.802, -54.805 ], [ -63.812, -54.811 ], [ -63.822, -54.815 ], [ -63.841, -54.818 ], [ -63.859, -54.817 ], [ -63.884, -54.820 ], [ -63.894, -54.826 ], [ -63.926, -54.837 ], [ -63.946, -54.840 ], [ -63.960, -54.840 ], [ -63.974, -54.837 ], [ -63.987, -54.832 ], [ -63.996, -54.825 ], [ -64.008, -54.831 ], [ -64.023, -54.834 ], [ -64.039, -54.835 ], [ -64.054, -54.832 ], [ -64.070, -54.850 ], [ -64.079, -54.857 ], [ -64.094, -54.862 ], [ -64.111, -54.864 ], [ -64.119, -54.872 ], [ -64.119, -54.881 ], [ -64.124, -54.890 ], [ -64.137, -54.900 ], [ -64.153, -54.905 ], [ -64.178, -54.907 ], [ -64.200, -54.902 ], [ -64.213, -54.895 ], [ -64.220, -54.885 ], [ -64.240, -54.882 ], [ -64.256, -54.876 ], [ -64.277, -54.856 ], [ -64.292, -54.866 ], [ -64.307, -54.872 ], [ -64.329, -54.875 ], [ -64.351, -54.872 ], [ -64.368, -54.878 ], [ -64.386, -54.880 ], [ -64.406, -54.889 ], [ -64.418, -54.896 ], [ -64.430, -54.900 ], [ -64.442, -54.902 ], [ -64.458, -54.901 ], [ -64.479, -54.906 ], [ -64.500, -54.904 ], [ -64.518, -54.912 ], [ -64.539, -54.915 ], [ -64.554, -54.924 ], [ -64.568, -54.929 ], [ -64.581, -54.938 ], [ -64.604, -54.943 ], [ -64.621, -54.943 ], [ -64.638, -54.939 ], [ -64.667, -54.941 ], [ -64.681, -54.939 ], [ -64.693, -54.942 ], [ -64.707, -54.942 ], [ -64.721, -54.939 ], [ -64.733, -54.935 ], [ -64.747, -54.924 ], [ -64.750, -54.918 ], [ -64.750, -54.917 ], [ -64.733, -54.899 ], [ -64.699, -54.866 ], [ -64.666, -54.866 ], [ -64.633, -54.866 ], [ -64.599, -54.866 ], [ -64.566, -54.866 ], [ -64.566, -54.833 ], [ -64.566, -54.799 ], [ -64.599, -54.799 ], [ -64.633, -54.799 ], [ -64.666, -54.799 ], [ -64.699, -54.799 ], [ -64.733, -54.799 ], [ -64.733, -54.833 ], [ -64.802, -54.833 ], [ -64.800, -54.827 ], [ -64.781, -54.806 ], [ -64.778, -54.798 ], [ -64.773, -54.792 ], [ -64.727, -54.762 ], [ -64.707, -54.755 ], [ -64.691, -54.752 ], [ -64.674, -54.753 ], [ -64.652, -54.750 ], [ -64.632, -54.751 ], [ -64.619, -54.755 ], [ -64.611, -54.760 ], [ -64.595, -54.779 ], [ -64.593, -54.779 ], [ -64.586, -54.776 ], [ -64.590, -54.762 ], [ -64.589, -54.747 ], [ -64.597, -54.734 ], [ -64.596, -54.723 ], [ -64.592, -54.716 ], [ -64.586, -54.711 ], [ -64.574, -54.704 ], [ -64.562, -54.699 ], [ -64.538, -54.698 ], [ -64.511, -54.703 ], [ -64.490, -54.713 ], [ -64.484, -54.719 ], [ -64.480, -54.725 ], [ -64.462, -54.736 ], [ -64.454, -54.735 ], [ -64.426, -54.725 ], [ -64.395, -54.721 ], [ -64.394, -54.714 ], [ -64.387, -54.702 ], [ -64.385, -54.696 ], [ -64.376, -54.686 ], [ -64.363, -54.680 ], [ -64.349, -54.676 ], [ -64.333, -54.676 ], [ -64.318, -54.678 ], [ -64.317, -54.671 ], [ -64.313, -54.666 ], [ -64.266, -54.666 ], [ -64.243, -54.643 ], [ -64.218, -54.652 ], [ -64.207, -54.660 ], [ -64.209, -54.652 ], [ -64.208, -54.645 ], [ -64.204, -54.639 ], [ -64.197, -54.633 ], [ -64.170, -54.622 ], [ -64.137, -54.617 ], [ -64.113, -54.619 ], [ -64.087, -54.626 ], [ -64.075, -54.631 ], [ -64.067, -54.638 ], [ -64.063, -54.644 ], [ -64.062, -54.653 ], [ -64.065, -54.660 ] ], [ [ -64.366, -54.733 ], [ -64.366, -54.766 ], [ -64.366, -54.799 ], [ -64.333, -54.799 ], [ -64.333, -54.766 ], [ -64.333, -54.733 ], [ -64.366, -54.733 ] ] ], [ [ [ -65.402, -54.614 ], [ -65.371, -54.615 ], [ -65.366, -54.614 ], [ -65.366, -54.666 ], [ -65.399, -54.666 ], [ -65.433, -54.666 ], [ -65.433, -54.616 ], [ -65.422, -54.616 ], [ -65.402, -54.614 ] ] ], [ [ [ -65.102, -54.628 ], [ -65.086, -54.635 ], [ -65.077, -54.641 ], [ -65.072, -54.647 ], [ -65.070, -54.656 ], [ -65.071, -54.664 ], [ -65.081, -54.676 ], [ -65.090, -54.682 ], [ -65.107, -54.691 ], [ -65.145, -54.704 ], [ -65.143, -54.711 ], [ -65.144, -54.724 ], [ -65.153, -54.737 ], [ -65.157, -54.747 ], [ -65.153, -54.764 ], [ -65.154, -54.770 ], [ -65.158, -54.775 ], [ -65.159, -54.786 ], [ -65.168, -54.796 ], [ -65.182, -54.803 ], [ -65.176, -54.810 ], [ -65.174, -54.817 ], [ -65.176, -54.825 ], [ -65.181, -54.831 ], [ -65.203, -54.852 ], [ -65.232, -54.864 ], [ -65.235, -54.872 ], [ -65.242, -54.879 ], [ -65.263, -54.889 ], [ -65.264, -54.896 ], [ -65.262, -54.904 ], [ -65.264, -54.911 ], [ -65.279, -54.927 ], [ -65.291, -54.937 ], [ -65.317, -54.951 ], [ -65.333, -54.955 ], [ -65.333, -54.899 ], [ -65.299, -54.899 ], [ -65.299, -54.866 ], [ -65.233, -54.866 ], [ -65.233, -54.799 ], [ -65.233, -54.766 ], [ -65.233, -54.733 ], [ -65.199, -54.733 ], [ -65.199, -54.699 ], [ -65.199, -54.666 ], [ -65.233, -54.666 ], [ -65.266, -54.666 ], [ -65.266, -54.633 ], [ -65.299, -54.633 ], [ -65.325, -54.607 ], [ -65.303, -54.601 ], [ -65.284, -54.601 ], [ -65.254, -54.593 ], [ -65.231, -54.592 ], [ -65.215, -54.594 ], [ -65.199, -54.600 ], [ -65.191, -54.607 ], [ -65.187, -54.612 ], [ -65.185, -54.619 ], [ -65.181, -54.621 ], [ -65.114, -54.626 ], [ -65.102, -54.628 ] ] ], [ [ [ -69.099, -49.999 ], [ -69.133, -49.999 ], [ -69.133, -49.966 ], [ -69.099, -49.966 ], [ -69.099, -49.999 ] ] ], [ [ [ -69.366, -49.799 ], [ -69.399, -49.799 ], [ -69.399, -49.766 ], [ -69.366, -49.766 ], [ -69.366, -49.799 ] ] ], [ [ [ -69.233, -49.799 ], [ -69.266, -49.799 ], [ -69.266, -49.766 ], [ -69.233, -49.766 ], [ -69.233, -49.799 ] ] ], [ [ [ -69.999, -49.499 ], [ -69.999, -49.533 ], [ -69.966, -49.533 ], [ -69.933, -49.533 ], [ -69.899, -49.533 ], [ -69.866, -49.533 ], [ -69.833, -49.533 ], [ -69.799, -49.533 ], [ -69.799, -49.566 ], [ -69.766, -49.566 ], [ -69.766, -49.599 ], [ -69.799, -49.599 ], [ -69.833, -49.599 ], [ -69.866, -49.599 ], [ -69.899, -49.599 ], [ -69.933, -49.599 ], [ -69.966, -49.599 ], [ -69.999, -49.599 ], [ -70.033, -49.599 ], [ -70.066, -49.599 ], [ -70.099, -49.599 ], [ -70.133, -49.599 ], [ -70.166, -49.599 ], [ -70.199, -49.599 ], [ -70.233, -49.599 ], [ -70.266, -49.599 ], [ -70.266, -49.566 ], [ -70.299, -49.566 ], [ -70.333, -49.566 ], [ -70.366, -49.566 ], [ -70.399, -49.566 ], [ -70.433, -49.566 ], [ -70.433, -49.533 ], [ -70.399, -49.533 ], [ -70.366, -49.533 ], [ -70.333, -49.533 ], [ -70.299, -49.533 ], [ -70.299, -49.499 ], [ -70.266, -49.499 ], [ -70.233, -49.499 ], [ -70.199, -49.499 ], [ -70.166, -49.499 ], [ -70.133, -49.499 ], [ -70.099, -49.499 ], [ -70.066, -49.499 ], [ -70.033, -49.499 ], [ -69.999, -49.499 ] ] ], [ [ [ -68.166, -49.466 ], [ -68.166, -49.499 ], [ -68.199, -49.499 ], [ -68.199, -49.533 ], [ -68.199, -49.566 ], [ -68.233, -49.566 ], [ -68.233, -49.599 ], [ -68.233, -49.633 ], [ -68.266, -49.633 ], [ -68.299, -49.633 ], [ -68.333, -49.633 ], [ -68.366, -49.633 ], [ -68.399, -49.633 ], [ -68.433, -49.633 ], [ -68.466, -49.633 ], [ -68.466, -49.599 ], [ -68.499, -49.599 ], [ -68.499, -49.566 ], [ -68.533, -49.566 ], [ -68.533, -49.533 ], [ -68.533, -49.499 ], [ -68.533, -49.466 ], [ -68.499, -49.466 ], [ -68.466, -49.466 ], [ -68.433, -49.466 ], [ -68.399, -49.466 ], [ -68.366, -49.466 ], [ -68.333, -49.466 ], [ -68.299, -49.466 ], [ -68.266, -49.466 ], [ -68.233, -49.466 ], [ -68.199, -49.466 ], [ -68.166, -49.466 ] ] ], [ [ [ -68.166, -49.466 ], [ -68.166, -49.433 ], [ -68.133, -49.433 ], [ -68.133, -49.466 ], [ -68.166, -49.466 ] ] ], [ [ [ -69.666, -49.366 ], [ -69.699, -49.366 ], [ -69.699, -49.333 ], [ -69.666, -49.333 ], [ -69.666, -49.366 ] ] ], [ [ [ -69.266, -49.333 ], [ -69.266, -49.366 ], [ -69.233, -49.366 ], [ -69.233, -49.399 ], [ -69.266, -49.399 ], [ -69.299, -49.399 ], [ -69.333, -49.399 ], [ -69.333, -49.366 ], [ -69.333, -49.333 ], [ -69.299, -49.333 ], [ -69.266, -49.333 ] ] ], [ [ [ -69.733, -49.333 ], [ -69.766, -49.333 ], [ -69.766, -49.299 ], [ -69.733, -49.299 ], [ -69.733, -49.333 ] ] ], [ [ [ -69.833, -49.266 ], [ -69.799, -49.266 ], [ -69.799, -49.299 ], [ -69.833, -49.299 ], [ -69.833, -49.266 ] ] ], [ [ [ -69.833, -49.266 ], [ -69.866, -49.266 ], [ -69.899, -49.266 ], [ -69.933, -49.266 ], [ -69.933, -49.233 ], [ -69.899, -49.233 ], [ -69.866, -49.233 ], [ -69.833, -49.233 ], [ -69.833, -49.266 ] ] ], [ [ [ -69.933, -49.233 ], [ -69.966, -49.233 ], [ -69.999, -49.233 ], [ -70.033, -49.233 ], [ -70.033, -49.199 ], [ -70.066, -49.199 ], [ -70.099, -49.199 ], [ -70.133, -49.199 ], [ -70.166, -49.199 ], [ -70.199, -49.199 ], [ -70.199, -49.166 ], [ -70.233, -49.166 ], [ -70.266, -49.166 ], [ -70.299, -49.166 ], [ -70.333, -49.166 ], [ -70.333, -49.133 ], [ -70.299, -49.133 ], [ -70.299, -49.099 ], [ -70.266, -49.099 ], [ -70.233, -49.099 ], [ -70.199, -49.099 ], [ -70.199, -49.066 ], [ -70.166, -49.066 ], [ -70.166, -49.099 ], [ -70.166, -49.133 ], [ -70.133, -49.133 ], [ -70.133, -49.099 ], [ -70.099, -49.099 ], [ -70.066, -49.099 ], [ -70.066, -49.133 ], [ -70.033, -49.133 ], [ -70.033, -49.166 ], [ -69.999, -49.166 ], [ -69.999, -49.199 ], [ -69.966, -49.199 ], [ -69.933, -49.199 ], [ -69.933, -49.233 ] ] ], [ [ [ -70.199, -49.066 ], [ -70.233, -49.066 ], [ -70.233, -49.033 ], [ -70.199, -49.033 ], [ -70.199, -49.066 ] ] ], [ [ [ -70.233, -49.033 ], [ -70.266, -49.033 ], [ -70.266, -48.999 ], [ -70.233, -48.999 ], [ -70.233, -49.033 ] ] ], [ [ [ -70.299, -48.899 ], [ -70.299, -48.933 ], [ -70.299, -48.966 ], [ -70.333, -48.966 ], [ -70.333, -48.933 ], [ -70.333, -48.899 ], [ -70.299, -48.899 ] ] ], [ [ [ -70.299, -48.899 ], [ -70.299, -48.866 ], [ -70.266, -48.866 ], [ -70.266, -48.899 ], [ -70.299, -48.899 ] ] ], [ [ [ -67.166, -48.166 ], [ -67.166, -48.199 ], [ -67.133, -48.199 ], [ -67.133, -48.233 ], [ -67.099, -48.233 ], [ -67.099, -48.266 ], [ -67.133, -48.266 ], [ -67.166, -48.266 ], [ -67.199, -48.266 ], [ -67.199, -48.233 ], [ -67.199, -48.199 ], [ -67.199, -48.166 ], [ -67.166, -48.166 ] ] ], [ [ [ -67.299, -48.066 ], [ -67.333, -48.066 ], [ -67.333, -48.033 ], [ -67.299, -48.033 ], [ -67.266, -48.033 ], [ -67.266, -48.066 ], [ -67.299, -48.066 ] ] ], [ [ [ -66.833, -47.966 ], [ -66.833, -47.999 ], [ -66.799, -47.999 ], [ -66.799, -48.033 ], [ -66.799, -48.066 ], [ -66.833, -48.066 ], [ -66.866, -48.066 ], [ -66.899, -48.066 ], [ -66.899, -48.099 ], [ -66.899, -48.133 ], [ -66.933, -48.133 ], [ -66.966, -48.133 ], [ -66.966, -48.099 ], [ -66.966, -48.066 ], [ -66.966, -48.033 ], [ -66.966, -47.999 ], [ -66.933, -47.999 ], [ -66.899, -47.999 ], [ -66.866, -47.999 ], [ -66.866, -47.966 ], [ -66.833, -47.966 ] ] ], [ [ [ -66.899, -47.933 ], [ -66.933, -47.933 ], [ -66.933, -47.899 ], [ -66.933, -47.866 ], [ -66.899, -47.866 ], [ -66.899, -47.899 ], [ -66.899, -47.933 ] ] ], [ [ [ -66.833, -47.833 ], [ -66.833, -47.866 ], [ -66.866, -47.866 ], [ -66.866, -47.833 ], [ -66.833, -47.833 ] ] ], [ [ [ -68.066, -47.599 ], [ -68.066, -47.633 ], [ -68.033, -47.633 ], [ -68.033, -47.666 ], [ -67.999, -47.666 ], [ -67.999, -47.699 ], [ -67.966, -47.699 ], [ -67.933, -47.699 ], [ -67.899, -47.699 ], [ -67.899, -47.733 ], [ -67.866, -47.733 ], [ -67.833, -47.733 ], [ -67.799, -47.733 ], [ -67.766, -47.733 ], [ -67.766, -47.766 ], [ -67.766, -47.799 ], [ -67.799, -47.799 ], [ -67.799, -47.833 ], [ -67.833, -47.833 ], [ -67.833, -47.799 ], [ -67.866, -47.799 ], [ -67.899, -47.799 ], [ -67.933, -47.799 ], [ -67.933, -47.766 ], [ -67.966, -47.766 ], [ -67.999, -47.766 ], [ -68.033, -47.766 ], [ -68.066, -47.766 ], [ -68.099, -47.766 ], [ -68.099, -47.733 ], [ -68.066, -47.733 ], [ -68.066, -47.699 ], [ -68.099, -47.699 ], [ -68.099, -47.666 ], [ -68.099, -47.633 ], [ -68.099, -47.599 ], [ -68.066, -47.599 ] ] ], [ [ [ -67.833, -47.633 ], [ -67.833, -47.599 ], [ -67.799, -47.599 ], [ -67.799, -47.566 ], [ -67.766, -47.566 ], [ -67.766, -47.599 ], [ -67.766, -47.633 ], [ -67.799, -47.633 ], [ -67.833, -47.633 ] ] ], [ [ [ -67.833, -47.633 ], [ -67.833, -47.666 ], [ -67.866, -47.666 ], [ -67.899, -47.666 ], [ -67.899, -47.633 ], [ -67.899, -47.599 ], [ -67.899, -47.566 ], [ -67.899, -47.533 ], [ -67.866, -47.533 ], [ -67.866, -47.566 ], [ -67.866, -47.599 ], [ -67.866, -47.633 ], [ -67.833, -47.633 ] ] ], [ [ [ -71.666, -47.366 ], [ -71.699, -47.366 ], [ -71.699, -47.333 ], [ -71.666, -47.333 ], [ -71.666, -47.366 ] ] ], [ [ [ -66.866, -47.299 ], [ -66.866, -47.333 ], [ -66.899, -47.333 ], [ -66.899, -47.299 ], [ -66.866, -47.299 ] ] ], [ [ [ -66.866, -47.299 ], [ -66.866, -47.266 ], [ -66.833, -47.266 ], [ -66.799, -47.266 ], [ -66.799, -47.299 ], [ -66.833, -47.299 ], [ -66.866, -47.299 ] ] ], [ [ [ -71.866, -47.533 ], [ -71.833, -47.533 ], [ -71.833, -47.499 ], [ -71.866, -47.499 ], [ -71.866, -47.533 ], [ -71.899, -47.533 ], [ -71.899, -47.499 ], [ -71.933, -47.499 ], [ -71.933, -47.466 ], [ -71.933, -47.433 ], [ -71.966, -47.433 ], [ -71.966, -47.399 ], [ -71.999, -47.399 ], [ -71.999, -47.366 ], [ -71.999, -47.333 ], [ -72.033, -47.333 ], [ -72.037, -47.328 ], [ -72.037, -47.323 ], [ -72.035, -47.319 ], [ -72.018, -47.308 ], [ -72.016, -47.306 ], [ -71.999, -47.295 ], [ -71.999, -47.295 ], [ -71.997, -47.294 ], [ -71.999, -47.284 ], [ -72.001, -47.278 ], [ -72.003, -47.277 ], [ -72.003, -47.275 ], [ -72.004, -47.274 ], [ -72.004, -47.272 ], [ -72.008, -47.267 ], [ -72.012, -47.262 ], [ -72.012, -47.259 ], [ -72.014, -47.256 ], [ -72.015, -47.253 ], [ -72.015, -47.251 ], [ -72.016, -47.251 ], [ -72.016, -47.249 ], [ -72.015, -47.248 ], [ -72.013, -47.246 ], [ -72.014, -47.244 ], [ -72.014, -47.243 ], [ -72.011, -47.239 ], [ -72.010, -47.238 ], [ -72.008, -47.237 ], [ -72.004, -47.235 ], [ -72.003, -47.233 ], [ -72.003, -47.233 ], [ -71.966, -47.233 ], [ -71.966, -47.266 ], [ -71.933, -47.266 ], [ -71.933, -47.299 ], [ -71.899, -47.299 ], [ -71.899, -47.333 ], [ -71.866, -47.333 ], [ -71.866, -47.366 ], [ -71.866, -47.399 ], [ -71.833, -47.399 ], [ -71.833, -47.433 ], [ -71.799, -47.433 ], [ -71.799, -47.466 ], [ -71.766, -47.466 ], [ -71.766, -47.499 ], [ -71.733, -47.499 ], [ -71.733, -47.533 ], [ -71.733, -47.566 ], [ -71.766, -47.566 ], [ -71.799, -47.566 ], [ -71.833, -47.566 ], [ -71.866, -47.566 ], [ -71.866, -47.533 ] ] ], [ [ [ -66.733, -47.199 ], [ -66.733, -47.233 ], [ -66.699, -47.233 ], [ -66.666, -47.233 ], [ -66.666, -47.266 ], [ -66.699, -47.266 ], [ -66.733, -47.266 ], [ -66.766, -47.266 ], [ -66.766, -47.233 ], [ -66.799, -47.233 ], [ -66.799, -47.199 ], [ -66.766, -47.199 ], [ -66.733, -47.199 ] ] ], [ [ [ -67.633, -47.099 ], [ -67.666, -47.099 ], [ -67.699, -47.099 ], [ -67.733, -47.099 ], [ -67.766, -47.099 ], [ -67.799, -47.099 ], [ -67.833, -47.099 ], [ -67.866, -47.099 ], [ -67.866, -47.066 ], [ -67.899, -47.066 ], [ -67.933, -47.066 ], [ -67.966, -47.066 ], [ -67.999, -47.066 ], [ -67.999, -47.033 ], [ -68.033, -47.033 ], [ -68.066, -47.033 ], [ -68.066, -46.999 ], [ -68.033, -46.999 ], [ -67.999, -46.999 ], [ -67.966, -46.999 ], [ -67.933, -46.999 ], [ -67.933, -47.033 ], [ -67.899, -47.033 ], [ -67.866, -47.033 ], [ -67.833, -47.033 ], [ -67.799, -47.033 ], [ -67.799, -47.066 ], [ -67.766, -47.066 ], [ -67.733, -47.066 ], [ -67.699, -47.066 ], [ -67.666, -47.066 ], [ -67.633, -47.066 ], [ -67.633, -47.099 ] ] ], [ [ [ -68.099, -46.866 ], [ -68.099, -46.899 ], [ -68.066, -46.899 ], [ -68.066, -46.933 ], [ -68.099, -46.933 ], [ -68.133, -46.933 ], [ -68.133, -46.899 ], [ -68.133, -46.866 ], [ -68.099, -46.866 ] ] ], [ [ [ -68.166, -46.833 ], [ -68.199, -46.833 ], [ -68.199, -46.799 ], [ -68.166, -46.799 ], [ -68.166, -46.833 ] ] ], [ [ [ -71.833, -46.796 ], [ -71.833, -46.833 ], [ -71.866, -46.833 ], [ -71.866, -46.803 ], [ -71.861, -46.803 ], [ -71.853, -46.800 ], [ -71.847, -46.799 ], [ -71.836, -46.796 ], [ -71.833, -46.796 ] ] ], [ [ [ -68.266, -46.799 ], [ -68.299, -46.799 ], [ -68.299, -46.766 ], [ -68.266, -46.766 ], [ -68.233, -46.766 ], [ -68.233, -46.799 ], [ -68.266, -46.799 ] ] ], [ [ [ -68.433, -46.733 ], [ -68.433, -46.766 ], [ -68.399, -46.766 ], [ -68.366, -46.766 ], [ -68.333, -46.766 ], [ -68.333, -46.799 ], [ -68.366, -46.799 ], [ -68.366, -46.833 ], [ -68.399, -46.833 ], [ -68.399, -46.799 ], [ -68.433, -46.799 ], [ -68.466, -46.799 ], [ -68.499, -46.799 ], [ -68.499, -46.766 ], [ -68.499, -46.733 ], [ -68.466, -46.733 ], [ -68.433, -46.733 ] ] ], [ [ [ -71.766, -46.766 ], [ -71.766, -46.799 ], [ -71.799, -46.799 ], [ -71.814, -46.785 ], [ -71.811, -46.783 ], [ -71.807, -46.783 ], [ -71.803, -46.780 ], [ -71.798, -46.778 ], [ -71.796, -46.775 ], [ -71.790, -46.773 ], [ -71.786, -46.773 ], [ -71.783, -46.769 ], [ -71.778, -46.767 ], [ -71.769, -46.765 ], [ -71.768, -46.762 ], [ -71.763, -46.758 ], [ -71.758, -46.755 ], [ -71.755, -46.752 ], [ -71.753, -46.748 ], [ -71.747, -46.739 ], [ -71.743, -46.738 ], [ -71.739, -46.734 ], [ -71.739, -46.731 ], [ -71.734, -46.730 ], [ -71.733, -46.730 ], [ -71.733, -46.766 ], [ -71.766, -46.766 ] ] ], [ [ [ -71.566, -46.266 ], [ -71.566, -46.299 ], [ -71.533, -46.299 ], [ -71.533, -46.333 ], [ -71.499, -46.333 ], [ -71.466, -46.333 ], [ -71.466, -46.366 ], [ -71.433, -46.366 ], [ -71.399, -46.366 ], [ -71.399, -46.399 ], [ -71.366, -46.399 ], [ -71.366, -46.433 ], [ -71.333, -46.433 ], [ -71.333, -46.466 ], [ -71.333, -46.499 ], [ -71.333, -46.533 ], [ -71.333, -46.566 ], [ -71.333, -46.599 ], [ -71.333, -46.633 ], [ -71.366, -46.633 ], [ -71.366, -46.666 ], [ -71.399, -46.666 ], [ -71.433, -46.666 ], [ -71.466, -46.666 ], [ -71.466, -46.633 ], [ -71.499, -46.633 ], [ -71.499, -46.666 ], [ -71.533, -46.666 ], [ -71.566, -46.666 ], [ -71.599, -46.666 ], [ -71.599, -46.699 ], [ -71.633, -46.699 ], [ -71.647, -46.686 ], [ -71.645, -46.685 ], [ -71.645, -46.678 ], [ -71.650, -46.657 ], [ -71.649, -46.649 ], [ -71.633, -46.633 ], [ -71.599, -46.633 ], [ -71.566, -46.633 ], [ -71.566, -46.599 ], [ -71.533, -46.599 ], [ -71.533, -46.566 ], [ -71.499, -46.566 ], [ -71.499, -46.533 ], [ -71.499, -46.499 ], [ -71.499, -46.466 ], [ -71.533, -46.466 ], [ -71.533, -46.433 ], [ -71.566, -46.433 ], [ -71.566, -46.399 ], [ -71.599, -46.399 ], [ -71.599, -46.366 ], [ -71.633, -46.366 ], [ -71.666, -46.366 ], [ -71.699, -46.366 ], [ -71.740, -46.366 ], [ -71.748, -46.346 ], [ -71.746, -46.343 ], [ -71.746, -46.340 ], [ -71.746, -46.337 ], [ -71.746, -46.335 ], [ -71.744, -46.333 ], [ -71.745, -46.331 ], [ -71.745, -46.329 ], [ -71.743, -46.327 ], [ -71.742, -46.325 ], [ -71.737, -46.323 ], [ -71.737, -46.322 ], [ -71.738, -46.321 ], [ -71.737, -46.318 ], [ -71.736, -46.316 ], [ -71.736, -46.314 ], [ -71.735, -46.312 ], [ -71.734, -46.309 ], [ -71.735, -46.308 ], [ -71.734, -46.305 ], [ -71.733, -46.303 ], [ -71.733, -46.300 ], [ -71.732, -46.299 ], [ -71.699, -46.299 ], [ -71.699, -46.266 ], [ -71.666, -46.266 ], [ -71.633, -46.266 ], [ -71.599, -46.266 ], [ -71.566, -46.266 ] ] ], [ [ [ -65.371, -45.128 ], [ -65.390, -45.132 ], [ -65.417, -45.127 ], [ -65.426, -45.123 ], [ -65.434, -45.116 ], [ -65.439, -45.107 ], [ -65.440, -45.099 ], [ -65.437, -45.091 ], [ -65.431, -45.084 ], [ -65.415, -45.076 ], [ -65.397, -45.074 ], [ -65.374, -45.079 ], [ -65.361, -45.088 ], [ -65.356, -45.096 ], [ -65.354, -45.102 ], [ -65.354, -45.109 ], [ -65.357, -45.116 ], [ -65.364, -45.123 ], [ -65.371, -45.128 ] ] ], [ [ [ -68.999, -44.499 ], [ -69.033, -44.499 ], [ -69.033, -44.466 ], [ -68.999, -44.466 ], [ -68.999, -44.499 ] ] ], [ [ [ -68.933, -44.499 ], [ -68.966, -44.499 ], [ -68.966, -44.466 ], [ -68.933, -44.466 ], [ -68.933, -44.499 ] ] ], [ [ [ -66.833, -47.833 ], [ -66.833, -47.799 ], [ -66.833, -47.766 ], [ -66.833, -47.733 ], [ -66.833, -47.699 ], [ -66.866, -47.699 ], [ -66.899, -47.699 ], [ -66.933, -47.699 ], [ -66.966, -47.699 ], [ -66.966, -47.666 ], [ -66.999, -47.666 ], [ -67.033, -47.666 ], [ -67.033, -47.633 ], [ -67.066, -47.633 ], [ -67.066, -47.599 ], [ -67.099, -47.599 ], [ -67.099, -47.566 ], [ -67.099, -47.533 ], [ -67.099, -47.499 ], [ -67.099, -47.466 ], [ -67.066, -47.466 ], [ -67.066, -47.433 ], [ -67.066, -47.399 ], [ -67.099, -47.399 ], [ -67.133, -47.399 ], [ -67.133, -47.366 ], [ -67.166, -47.366 ], [ -67.199, -47.366 ], [ -67.199, -47.333 ], [ -67.199, -47.299 ], [ -67.233, -47.299 ], [ -67.233, -47.266 ], [ -67.233, -47.233 ], [ -67.266, -47.233 ], [ -67.266, -47.199 ], [ -67.299, -47.199 ], [ -67.333, -47.199 ], [ -67.333, -47.166 ], [ -67.366, -47.166 ], [ -67.366, -47.133 ], [ -67.399, -47.133 ], [ -67.433, -47.133 ], [ -67.466, -47.133 ], [ -67.499, -47.133 ], [ -67.533, -47.133 ], [ -67.566, -47.133 ], [ -67.599, -47.133 ], [ -67.633, -47.133 ], [ -67.633, -47.099 ], [ -67.599, -47.099 ], [ -67.599, -47.066 ], [ -67.566, -47.066 ], [ -67.533, -47.066 ], [ -67.499, -47.066 ], [ -67.466, -47.066 ], [ -67.433, -47.066 ], [ -67.399, -47.066 ], [ -67.366, -47.066 ], [ -67.366, -47.099 ], [ -67.333, -47.099 ], [ -67.299, -47.099 ], [ -67.266, -47.099 ], [ -67.266, -47.133 ], [ -67.266, -47.166 ], [ -67.233, -47.166 ], [ -67.199, -47.166 ], [ -67.199, -47.199 ], [ -67.166, -47.199 ], [ -67.166, -47.233 ], [ -67.166, -47.266 ], [ -67.133, -47.266 ], [ -67.133, -47.299 ], [ -67.099, -47.299 ], [ -67.066, -47.299 ], [ -67.066, -47.333 ], [ -67.066, -47.366 ], [ -67.033, -47.366 ], [ -67.033, -47.399 ], [ -67.033, -47.433 ], [ -67.033, -47.466 ], [ -67.033, -47.499 ], [ -67.066, -47.499 ], [ -67.066, -47.533 ], [ -67.033, -47.533 ], [ -67.033, -47.566 ], [ -66.999, -47.566 ], [ -66.999, -47.599 ], [ -66.966, -47.599 ], [ -66.966, -47.633 ], [ -66.933, -47.633 ], [ -66.899, -47.633 ], [ -66.866, -47.633 ], [ -66.833, -47.633 ], [ -66.833, -47.599 ], [ -66.799, -47.599 ], [ -66.766, -47.599 ], [ -66.733, -47.599 ], [ -66.699, -47.599 ], [ -66.666, -47.599 ], [ -66.666, -47.633 ], [ -66.633, -47.633 ], [ -66.633, -47.599 ], [ -66.666, -47.599 ], [ -66.666, -47.566 ], [ -66.699, -47.566 ], [ -66.733, -47.566 ], [ -66.733, -47.533 ], [ -66.766, -47.533 ], [ -66.799, -47.533 ], [ -66.799, -47.499 ], [ -66.766, -47.499 ], [ -66.766, -47.466 ], [ -66.733, -47.466 ], [ -66.699, -47.466 ], [ -66.699, -47.433 ], [ -66.666, -47.433 ], [ -66.633, -47.433 ], [ -66.633, -47.399 ], [ -66.666, -47.399 ], [ -66.666, -47.366 ], [ -66.699, -47.366 ], [ -66.699, -47.333 ], [ -66.666, -47.333 ], [ -66.633, -47.333 ], [ -66.633, -47.299 ], [ -66.633, -47.266 ], [ -66.633, -47.233 ], [ -66.599, -47.233 ], [ -66.599, -47.266 ], [ -66.566, -47.266 ], [ -66.566, -47.233 ], [ -66.533, -47.233 ], [ -66.533, -47.199 ], [ -66.533, -47.166 ], [ -66.566, -47.166 ], [ -66.566, -47.133 ], [ -66.533, -47.133 ], [ -66.533, -47.099 ], [ -66.499, -47.099 ], [ -66.466, -47.099 ], [ -66.433, -47.099 ], [ -66.433, -47.066 ], [ -66.466, -47.066 ], [ -66.499, -47.066 ], [ -66.533, -47.066 ], [ -66.566, -47.066 ], [ -66.566, -47.099 ], [ -66.599, -47.099 ], [ -66.599, -47.133 ], [ -66.633, -47.133 ], [ -66.666, -47.133 ], [ -66.666, -47.099 ], [ -66.699, -47.099 ], [ -66.699, -47.133 ], [ -66.733, -47.133 ], [ -66.766, -47.133 ], [ -66.766, -47.099 ], [ -66.799, -47.099 ], [ -66.833, -47.099 ], [ -66.866, -47.099 ], [ -66.866, -47.066 ], [ -66.899, -47.066 ], [ -66.899, -47.033 ], [ -66.899, -46.999 ], [ -66.899, -46.966 ], [ -66.899, -46.933 ], [ -66.933, -46.933 ], [ -66.966, -46.933 ], [ -66.966, -46.899 ], [ -66.933, -46.899 ], [ -66.933, -46.866 ], [ -66.966, -46.866 ], [ -66.999, -46.866 ], [ -66.999, -46.833 ], [ -67.033, -46.833 ], [ -67.066, -46.833 ], [ -67.099, -46.833 ], [ -67.099, -46.799 ], [ -67.133, -46.799 ], [ -67.166, -46.799 ], [ -67.199, -46.799 ], [ -67.199, -46.766 ], [ -67.199, -46.733 ], [ -67.233, -46.733 ], [ -67.266, -46.733 ], [ -67.299, -46.733 ], [ -67.333, -46.733 ], [ -67.366, -46.733 ], [ -67.399, -46.733 ], [ -67.399, -46.699 ], [ -67.366, -46.699 ], [ -67.366, -46.666 ], [ -67.399, -46.666 ], [ -67.433, -46.666 ], [ -67.466, -46.666 ], [ -67.499, -46.666 ], [ -67.499, -46.633 ], [ -67.499, -46.599 ], [ -67.466, -46.599 ], [ -67.466, -46.566 ], [ -67.499, -46.566 ], [ -67.533, -46.566 ], [ -67.566, -46.566 ], [ -67.599, -46.566 ], [ -67.599, -46.533 ], [ -67.599, -46.499 ], [ -67.633, -46.499 ], [ -67.633, -46.466 ], [ -67.633, -46.433 ], [ -67.666, -46.433 ], [ -67.666, -46.399 ], [ -67.699, -46.399 ], [ -67.733, -46.399 ], [ -67.766, -46.399 ], [ -67.799, -46.399 ], [ -67.833, -46.399 ], [ -67.866, -46.399 ], [ -67.899, -46.399 ], [ -67.933, -46.399 ], [ -67.966, -46.399 ], [ -67.999, -46.399 ], [ -68.033, -46.399 ], [ -68.066, -46.399 ], [ -68.066, -46.433 ], [ -68.099, -46.433 ], [ -68.133, -46.433 ], [ -68.166, -46.433 ], [ -68.199, -46.433 ], [ -68.233, -46.433 ], [ -68.266, -46.433 ], [ -68.299, -46.433 ], [ -68.333, -46.433 ], [ -68.366, -46.433 ], [ -68.399, -46.433 ], [ -68.399, -46.466 ], [ -68.433, -46.466 ], [ -68.466, -46.466 ], [ -68.466, -46.433 ], [ -68.466, -46.399 ], [ -68.466, -46.366 ], [ -68.433, -46.366 ], [ -68.433, -46.333 ], [ -68.399, -46.333 ], [ -68.366, -46.333 ], [ -68.366, -46.299 ], [ -68.366, -46.266 ], [ -68.366, -46.233 ], [ -68.333, -46.233 ], [ -68.333, -46.199 ], [ -68.299, -46.199 ], [ -68.299, -46.233 ], [ -68.266, -46.233 ], [ -68.233, -46.233 ], [ -68.233, -46.199 ], [ -68.199, -46.199 ], [ -68.166, -46.199 ], [ -68.133, -46.199 ], [ -68.133, -46.166 ], [ -68.166, -46.166 ], [ -68.166, -46.133 ], [ -68.133, -46.133 ], [ -68.099, -46.133 ], [ -68.066, -46.133 ], [ -68.033, -46.133 ], [ -67.999, -46.133 ], [ -67.999, -46.099 ], [ -67.966, -46.099 ], [ -67.966, -46.133 ], [ -67.933, -46.133 ], [ -67.933, -46.166 ], [ -67.899, -46.166 ], [ -67.866, -46.166 ], [ -67.833, -46.166 ], [ -67.833, -46.199 ], [ -67.833, -46.233 ], [ -67.866, -46.233 ], [ -67.899, -46.233 ], [ -67.933, -46.233 ], [ -67.933, -46.266 ], [ -67.899, -46.266 ], [ -67.866, -46.266 ], [ -67.866, -46.299 ], [ -67.833, -46.299 ], [ -67.833, -46.266 ], [ -67.833, -46.233 ], [ -67.799, -46.233 ], [ -67.766, -46.233 ], [ -67.766, -46.199 ], [ -67.766, -46.166 ], [ -67.766, -46.133 ], [ -67.766, -46.099 ], [ -67.799, -46.099 ], [ -67.799, -46.066 ], [ -67.766, -46.066 ], [ -67.733, -46.066 ], [ -67.699, -46.066 ], [ -67.699, -46.033 ], [ -67.733, -46.033 ], [ -67.733, -45.999 ], [ -67.699, -45.999 ], [ -67.699, -45.966 ], [ -67.666, -45.966 ], [ -67.633, -45.966 ], [ -67.633, -45.933 ], [ -67.666, -45.933 ], [ -67.666, -45.899 ], [ -67.633, -45.899 ], [ -67.633, -45.866 ], [ -67.599, -45.866 ], [ -67.566, -45.866 ], [ -67.533, -45.866 ], [ -67.533, -45.833 ], [ -67.566, -45.833 ], [ -67.566, -45.799 ], [ -67.566, -45.766 ], [ -67.533, -45.766 ], [ -67.533, -45.733 ], [ -67.533, -45.699 ], [ -67.499, -45.699 ], [ -67.466, -45.699 ], [ -67.466, -45.666 ], [ -67.433, -45.666 ], [ -67.433, -45.633 ], [ -67.399, -45.633 ], [ -67.399, -45.599 ], [ -67.366, -45.599 ], [ -67.333, -45.599 ], [ -67.333, -45.566 ], [ -67.333, -45.533 ], [ -67.299, -45.533 ], [ -67.299, -45.499 ], [ -67.266, -45.499 ], [ -67.233, -45.499 ], [ -67.233, -45.466 ], [ -67.233, -45.433 ], [ -67.233, -45.399 ], [ -67.233, -45.366 ], [ -67.199, -45.366 ], [ -67.199, -45.333 ], [ -67.166, -45.333 ], [ -67.166, -45.299 ], [ -67.133, -45.299 ], [ -67.099, -45.299 ], [ -67.099, -45.266 ], [ -67.099, -45.233 ], [ -67.066, -45.233 ], [ -67.033, -45.233 ], [ -67.033, -45.199 ], [ -66.999, -45.199 ], [ -66.999, -45.166 ], [ -66.999, -45.133 ], [ -66.966, -45.133 ], [ -66.966, -45.166 ], [ -66.933, -45.166 ], [ -66.899, -45.166 ], [ -66.899, -45.133 ], [ -66.933, -45.133 ], [ -66.933, -45.099 ], [ -66.899, -45.099 ], [ -66.899, -45.066 ], [ -66.866, -45.066 ], [ -66.833, -45.066 ], [ -66.799, -45.066 ], [ -66.766, -45.066 ], [ -66.766, -45.033 ], [ -66.733, -45.033 ], [ -66.733, -44.999 ], [ -66.733, -44.966 ], [ -66.699, -44.966 ], [ -66.666, -44.966 ], [ -66.633, -44.966 ], [ -66.633, -44.933 ], [ -66.599, -44.933 ], [ -66.599, -44.966 ], [ -66.566, -44.966 ], [ -66.566, -44.933 ], [ -66.533, -44.933 ], [ -66.533, -44.899 ], [ -66.499, -44.899 ], [ -66.466, -44.899 ], [ -66.433, -44.899 ], [ -66.399, -44.899 ], [ -66.399, -44.866 ], [ -66.366, -44.866 ], [ -66.333, -44.866 ], [ -66.333, -44.833 ], [ -66.299, -44.833 ], [ -66.266, -44.833 ], [ -66.233, -44.833 ], [ -66.233, -44.866 ], [ -66.199, -44.866 ], [ -66.199, -44.833 ], [ -66.166, -44.833 ], [ -66.133, -44.833 ], [ -66.133, -44.866 ], [ -66.099, -44.866 ], [ -66.066, -44.866 ], [ -66.033, -44.866 ], [ -65.999, -44.866 ], [ -65.966, -44.866 ], [ -65.966, -44.833 ], [ -65.933, -44.833 ], [ -65.899, -44.833 ], [ -65.866, -44.833 ], [ -65.833, -44.833 ], [ -65.833, -44.799 ], [ -65.833, -44.766 ], [ -65.866, -44.766 ], [ -65.866, -44.733 ], [ -65.833, -44.733 ], [ -65.833, -44.699 ], [ -65.799, -44.699 ], [ -65.766, -44.699 ], [ -65.733, -44.699 ], [ -65.699, -44.699 ], [ -65.699, -44.666 ], [ -65.733, -44.666 ], [ -65.766, -44.666 ], [ -65.766, -44.633 ], [ -65.733, -44.633 ], [ -65.733, -44.599 ], [ -65.699, -44.599 ], [ -65.699, -44.566 ], [ -65.666, -44.566 ], [ -65.666, -44.533 ], [ -65.633, -44.533 ], [ -65.633, -44.566 ], [ -65.599, -44.566 ], [ -65.566, -44.566 ], [ -65.533, -44.566 ], [ -65.499, -44.566 ], [ -65.466, -44.566 ], [ -65.433, -44.566 ], [ -65.399, -44.566 ], [ -65.399, -44.533 ], [ -65.399, -44.499 ], [ -65.366, -44.499 ], [ -65.333, -44.499 ], [ -65.333, -44.466 ], [ -65.333, -44.433 ], [ -65.299, -44.433 ], [ -65.299, -44.399 ], [ -65.299, -44.366 ], [ -65.333, -44.366 ], [ -65.333, -44.333 ], [ -65.299, -44.333 ], [ -65.299, -44.299 ], [ -65.333, -44.299 ], [ -65.333, -44.266 ], [ -65.333, -44.233 ], [ -65.333, -44.199 ], [ -65.333, -44.166 ], [ -65.299, -44.166 ], [ -65.266, -44.166 ], [ -65.257, -44.175 ], [ -65.261, -44.177 ], [ -65.270, -44.190 ], [ -65.273, -44.202 ], [ -65.272, -44.220 ], [ -65.267, -44.232 ], [ -65.255, -44.233 ], [ -65.245, -44.236 ], [ -65.234, -44.243 ], [ -65.227, -44.250 ], [ -65.225, -44.257 ], [ -65.225, -44.264 ], [ -65.233, -44.283 ], [ -65.225, -44.288 ], [ -65.219, -44.294 ], [ -65.215, -44.300 ], [ -65.214, -44.308 ], [ -65.199, -44.314 ], [ -65.189, -44.325 ], [ -65.185, -44.334 ], [ -65.185, -44.344 ], [ -65.176, -44.362 ], [ -65.177, -44.372 ], [ -65.182, -44.381 ], [ -65.207, -44.406 ], [ -65.218, -44.412 ], [ -65.232, -44.415 ], [ -65.237, -44.422 ], [ -65.241, -44.433 ], [ -65.253, -44.448 ], [ -65.262, -44.453 ], [ -65.275, -44.458 ], [ -65.272, -44.466 ], [ -65.259, -44.473 ], [ -65.251, -44.480 ], [ -65.247, -44.487 ], [ -65.246, -44.496 ], [ -65.240, -44.505 ], [ -65.239, -44.513 ], [ -65.240, -44.523 ], [ -65.248, -44.535 ], [ -65.262, -44.543 ], [ -65.280, -44.546 ], [ -65.288, -44.553 ], [ -65.299, -44.558 ], [ -65.312, -44.560 ], [ -65.325, -44.559 ], [ -65.319, -44.571 ], [ -65.319, -44.583 ], [ -65.332, -44.603 ], [ -65.345, -44.612 ], [ -65.362, -44.616 ], [ -65.377, -44.623 ], [ -65.392, -44.625 ], [ -65.409, -44.621 ], [ -65.426, -44.611 ], [ -65.436, -44.622 ], [ -65.449, -44.628 ], [ -65.477, -44.635 ], [ -65.496, -44.634 ], [ -65.504, -44.635 ], [ -65.523, -44.644 ], [ -65.529, -44.649 ], [ -65.531, -44.656 ], [ -65.535, -44.662 ], [ -65.548, -44.670 ], [ -65.574, -44.678 ], [ -65.593, -44.677 ], [ -65.613, -44.687 ], [ -65.632, -44.702 ], [ -65.637, -44.712 ], [ -65.647, -44.720 ], [ -65.653, -44.728 ], [ -65.657, -44.739 ], [ -65.631, -44.742 ], [ -65.621, -44.745 ], [ -65.612, -44.750 ], [ -65.606, -44.756 ], [ -65.601, -44.764 ], [ -65.600, -44.773 ], [ -65.602, -44.779 ], [ -65.609, -44.788 ], [ -65.620, -44.795 ], [ -65.644, -44.802 ], [ -65.660, -44.802 ], [ -65.662, -44.810 ], [ -65.666, -44.818 ], [ -65.674, -44.824 ], [ -65.683, -44.828 ], [ -65.679, -44.837 ], [ -65.680, -44.847 ], [ -65.669, -44.849 ], [ -65.649, -44.858 ], [ -65.634, -44.856 ], [ -65.620, -44.857 ], [ -65.603, -44.861 ], [ -65.588, -44.868 ], [ -65.561, -44.869 ], [ -65.551, -44.872 ], [ -65.541, -44.879 ], [ -65.523, -44.881 ], [ -65.510, -44.888 ], [ -65.502, -44.897 ], [ -65.498, -44.904 ], [ -65.484, -44.918 ], [ -65.481, -44.926 ], [ -65.481, -44.935 ], [ -65.485, -44.942 ], [ -65.492, -44.949 ], [ -65.516, -44.960 ], [ -65.523, -44.968 ], [ -65.526, -44.975 ], [ -65.531, -44.981 ], [ -65.526, -44.986 ], [ -65.519, -44.981 ], [ -65.512, -44.976 ], [ -65.490, -44.971 ], [ -65.476, -44.972 ], [ -65.463, -44.975 ], [ -65.446, -44.986 ], [ -65.438, -44.995 ], [ -65.436, -45.007 ], [ -65.441, -45.018 ], [ -65.448, -45.025 ], [ -65.463, -45.032 ], [ -65.480, -45.037 ], [ -65.493, -45.037 ], [ -65.505, -45.033 ], [ -65.513, -45.029 ], [ -65.528, -45.015 ], [ -65.540, -45.023 ], [ -65.557, -45.027 ], [ -65.550, -45.034 ], [ -65.546, -45.044 ], [ -65.536, -45.056 ], [ -65.534, -45.062 ], [ -65.534, -45.070 ], [ -65.537, -45.079 ], [ -65.544, -45.086 ], [ -65.554, -45.091 ], [ -65.565, -45.094 ], [ -65.582, -45.093 ], [ -65.600, -45.088 ], [ -65.615, -45.091 ], [ -65.633, -45.090 ], [ -65.646, -45.085 ], [ -65.656, -45.078 ], [ -65.663, -45.083 ], [ -65.677, -45.088 ], [ -65.699, -45.090 ], [ -65.734, -45.083 ], [ -65.749, -45.075 ], [ -65.757, -45.067 ], [ -65.767, -45.067 ], [ -65.771, -45.077 ], [ -65.783, -45.088 ], [ -65.793, -45.093 ], [ -65.806, -45.095 ], [ -65.818, -45.095 ], [ -65.830, -45.091 ], [ -65.839, -45.086 ], [ -65.846, -45.077 ], [ -65.864, -45.079 ], [ -65.883, -45.075 ], [ -65.896, -45.075 ], [ -65.913, -45.078 ], [ -65.937, -45.078 ], [ -65.932, -45.082 ], [ -65.922, -45.086 ], [ -65.913, -45.092 ], [ -65.898, -45.112 ], [ -65.897, -45.120 ], [ -65.898, -45.127 ], [ -65.903, -45.135 ], [ -65.909, -45.140 ], [ -65.922, -45.146 ], [ -65.938, -45.148 ], [ -65.964, -45.147 ], [ -65.980, -45.141 ], [ -66.013, -45.143 ], [ -66.020, -45.149 ], [ -66.028, -45.153 ], [ -66.049, -45.159 ], [ -66.060, -45.160 ], [ -66.078, -45.157 ], [ -66.087, -45.153 ], [ -66.095, -45.146 ], [ -66.109, -45.145 ], [ -66.122, -45.140 ], [ -66.128, -45.135 ], [ -66.134, -45.127 ], [ -66.136, -45.120 ], [ -66.136, -45.113 ], [ -66.130, -45.104 ], [ -66.118, -45.094 ], [ -66.105, -45.090 ], [ -66.087, -45.090 ], [ -66.083, -45.078 ], [ -66.077, -45.071 ], [ -66.069, -45.067 ], [ -66.015, -45.053 ], [ -66.022, -45.043 ], [ -66.025, -45.033 ], [ -66.047, -45.034 ], [ -66.071, -45.030 ], [ -66.083, -45.026 ], [ -66.095, -45.025 ], [ -66.105, -45.026 ], [ -66.118, -45.026 ], [ -66.136, -45.020 ], [ -66.142, -45.021 ], [ -66.153, -45.027 ], [ -66.164, -45.030 ], [ -66.175, -45.030 ], [ -66.186, -45.028 ], [ -66.190, -45.039 ], [ -66.196, -45.047 ], [ -66.209, -45.054 ], [ -66.231, -45.058 ], [ -66.237, -45.062 ], [ -66.238, -45.073 ], [ -66.244, -45.081 ], [ -66.252, -45.087 ], [ -66.263, -45.091 ], [ -66.276, -45.094 ], [ -66.299, -45.093 ], [ -66.318, -45.096 ], [ -66.366, -45.090 ], [ -66.368, -45.097 ], [ -66.375, -45.106 ], [ -66.390, -45.116 ], [ -66.400, -45.120 ], [ -66.414, -45.123 ], [ -66.427, -45.122 ], [ -66.443, -45.118 ], [ -66.453, -45.111 ], [ -66.460, -45.116 ], [ -66.443, -45.120 ], [ -66.425, -45.132 ], [ -66.421, -45.138 ], [ -66.420, -45.144 ], [ -66.422, -45.158 ], [ -66.402, -45.158 ], [ -66.403, -45.147 ], [ -66.397, -45.136 ], [ -66.389, -45.129 ], [ -66.376, -45.124 ], [ -66.363, -45.122 ], [ -66.347, -45.125 ], [ -66.334, -45.131 ], [ -66.327, -45.138 ], [ -66.323, -45.146 ], [ -66.322, -45.153 ], [ -66.324, -45.160 ], [ -66.329, -45.167 ], [ -66.341, -45.177 ], [ -66.358, -45.182 ], [ -66.356, -45.192 ], [ -66.360, -45.203 ], [ -66.368, -45.211 ], [ -66.388, -45.223 ], [ -66.399, -45.226 ], [ -66.410, -45.226 ], [ -66.421, -45.225 ], [ -66.431, -45.221 ], [ -66.438, -45.216 ], [ -66.444, -45.208 ], [ -66.449, -45.198 ], [ -66.450, -45.191 ], [ -66.462, -45.203 ], [ -66.478, -45.210 ], [ -66.480, -45.213 ], [ -66.480, -45.228 ], [ -66.486, -45.238 ], [ -66.498, -45.246 ], [ -66.510, -45.250 ], [ -66.545, -45.252 ], [ -66.559, -45.249 ], [ -66.577, -45.241 ], [ -66.588, -45.243 ], [ -66.613, -45.241 ], [ -66.630, -45.243 ], [ -66.660, -45.241 ], [ -66.661, -45.253 ], [ -66.667, -45.262 ], [ -66.678, -45.270 ], [ -66.694, -45.275 ], [ -66.710, -45.275 ], [ -66.724, -45.270 ], [ -66.734, -45.263 ], [ -66.739, -45.256 ], [ -66.740, -45.250 ], [ -66.742, -45.250 ], [ -66.754, -45.252 ], [ -66.772, -45.258 ], [ -66.786, -45.259 ], [ -66.797, -45.257 ], [ -66.815, -45.262 ], [ -66.831, -45.262 ], [ -66.843, -45.259 ], [ -66.872, -45.266 ], [ -66.899, -45.278 ], [ -66.922, -45.286 ], [ -66.942, -45.296 ], [ -66.965, -45.315 ], [ -66.989, -45.328 ], [ -67.031, -45.362 ], [ -67.037, -45.374 ], [ -67.045, -45.384 ], [ -67.059, -45.394 ], [ -67.074, -45.413 ], [ -67.090, -45.424 ], [ -67.103, -45.436 ], [ -67.120, -45.455 ], [ -67.132, -45.473 ], [ -67.150, -45.490 ], [ -67.160, -45.504 ], [ -67.170, -45.514 ], [ -67.189, -45.542 ], [ -67.234, -45.570 ], [ -67.256, -45.588 ], [ -67.270, -45.606 ], [ -67.293, -45.621 ], [ -67.314, -45.641 ], [ -67.319, -45.650 ], [ -67.322, -45.661 ], [ -67.319, -45.677 ], [ -67.321, -45.691 ], [ -67.314, -45.695 ], [ -67.308, -45.703 ], [ -67.303, -45.723 ], [ -67.307, -45.735 ], [ -67.319, -45.744 ], [ -67.299, -45.748 ], [ -67.292, -45.753 ], [ -67.286, -45.758 ], [ -67.282, -45.766 ], [ -67.281, -45.773 ], [ -67.282, -45.780 ], [ -67.287, -45.786 ], [ -67.295, -45.793 ], [ -67.307, -45.798 ], [ -67.319, -45.799 ], [ -67.333, -45.798 ], [ -67.340, -45.806 ], [ -67.355, -45.814 ], [ -67.368, -45.818 ], [ -67.381, -45.818 ], [ -67.391, -45.822 ], [ -67.405, -45.833 ], [ -67.422, -45.840 ], [ -67.423, -45.843 ], [ -67.418, -45.851 ], [ -67.417, -45.862 ], [ -67.418, -45.870 ], [ -67.423, -45.876 ], [ -67.435, -45.884 ], [ -67.461, -45.891 ], [ -67.471, -45.897 ], [ -67.488, -45.917 ], [ -67.511, -45.934 ], [ -67.501, -45.941 ], [ -67.494, -45.950 ], [ -67.492, -45.959 ], [ -67.494, -45.969 ], [ -67.500, -45.976 ], [ -67.507, -45.981 ], [ -67.521, -45.986 ], [ -67.537, -45.988 ], [ -67.545, -45.996 ], [ -67.546, -45.998 ], [ -67.543, -46.004 ], [ -67.541, -46.010 ], [ -67.544, -46.031 ], [ -67.548, -46.037 ], [ -67.555, -46.043 ], [ -67.563, -46.057 ], [ -67.572, -46.064 ], [ -67.577, -46.080 ], [ -67.588, -46.091 ], [ -67.586, -46.110 ], [ -67.588, -46.119 ], [ -67.588, -46.148 ], [ -67.587, -46.168 ], [ -67.581, -46.200 ], [ -67.561, -46.268 ], [ -67.550, -46.297 ], [ -67.532, -46.334 ], [ -67.516, -46.361 ], [ -67.510, -46.368 ], [ -67.503, -46.385 ], [ -67.477, -46.422 ], [ -67.474, -46.429 ], [ -67.456, -46.451 ], [ -67.453, -46.463 ], [ -67.446, -46.473 ], [ -67.432, -46.489 ], [ -67.424, -46.505 ], [ -67.418, -46.513 ], [ -67.404, -46.536 ], [ -67.387, -46.552 ], [ -67.371, -46.563 ], [ -67.361, -46.577 ], [ -67.356, -46.582 ], [ -67.339, -46.589 ], [ -67.330, -46.597 ], [ -67.311, -46.603 ], [ -67.292, -46.605 ], [ -67.235, -46.622 ], [ -67.217, -46.633 ], [ -67.204, -46.652 ], [ -67.184, -46.660 ], [ -67.172, -46.659 ], [ -67.159, -46.661 ], [ -67.132, -46.670 ], [ -67.124, -46.675 ], [ -67.111, -46.677 ], [ -67.101, -46.682 ], [ -67.095, -46.687 ], [ -67.090, -46.693 ], [ -67.086, -46.713 ], [ -67.076, -46.720 ], [ -67.066, -46.732 ], [ -67.056, -46.740 ], [ -67.043, -46.757 ], [ -67.020, -46.772 ], [ -67.008, -46.788 ], [ -66.993, -46.798 ], [ -66.980, -46.802 ], [ -66.964, -46.811 ], [ -66.951, -46.823 ], [ -66.939, -46.827 ], [ -66.925, -46.834 ], [ -66.917, -46.842 ], [ -66.907, -46.849 ], [ -66.901, -46.859 ], [ -66.893, -46.865 ], [ -66.869, -46.892 ], [ -66.859, -46.898 ], [ -66.853, -46.906 ], [ -66.838, -46.910 ], [ -66.827, -46.918 ], [ -66.818, -46.928 ], [ -66.816, -46.939 ], [ -66.775, -46.966 ], [ -66.764, -46.976 ], [ -66.758, -46.983 ], [ -66.738, -46.993 ], [ -66.716, -47.002 ], [ -66.698, -47.008 ], [ -66.679, -47.003 ], [ -66.650, -47.003 ], [ -66.637, -47.008 ], [ -66.621, -47.018 ], [ -66.608, -47.015 ], [ -66.588, -47.014 ], [ -66.551, -47.022 ], [ -66.516, -47.014 ], [ -66.500, -47.014 ], [ -66.450, -47.021 ], [ -66.428, -47.027 ], [ -66.394, -47.031 ], [ -66.340, -47.042 ], [ -66.308, -47.045 ], [ -66.288, -47.044 ], [ -66.264, -47.051 ], [ -66.229, -47.054 ], [ -66.204, -47.060 ], [ -66.188, -47.060 ], [ -66.175, -47.056 ], [ -66.159, -47.054 ], [ -66.105, -47.057 ], [ -66.082, -47.049 ], [ -66.045, -47.044 ], [ -66.015, -47.047 ], [ -65.974, -47.044 ], [ -65.948, -47.049 ], [ -65.933, -47.050 ], [ -65.922, -47.053 ], [ -65.909, -47.061 ], [ -65.888, -47.070 ], [ -65.865, -47.070 ], [ -65.848, -47.076 ], [ -65.838, -47.084 ], [ -65.827, -47.088 ], [ -65.819, -47.095 ], [ -65.812, -47.107 ], [ -65.812, -47.120 ], [ -65.808, -47.124 ], [ -65.789, -47.133 ], [ -65.779, -47.139 ], [ -65.767, -47.151 ], [ -65.747, -47.166 ], [ -65.732, -47.174 ], [ -65.714, -47.179 ], [ -65.703, -47.187 ], [ -65.698, -47.196 ], [ -65.697, -47.213 ], [ -65.702, -47.223 ], [ -65.713, -47.232 ], [ -65.707, -47.241 ], [ -65.705, -47.254 ], [ -65.695, -47.274 ], [ -65.678, -47.328 ], [ -65.681, -47.366 ], [ -65.686, -47.387 ], [ -65.686, -47.419 ], [ -65.692, -47.460 ], [ -65.697, -47.477 ], [ -65.698, -47.506 ], [ -65.700, -47.516 ], [ -65.711, -47.534 ], [ -65.719, -47.567 ], [ -65.727, -47.589 ], [ -65.740, -47.607 ], [ -65.754, -47.645 ], [ -65.781, -47.692 ], [ -65.794, -47.722 ], [ -65.801, -47.733 ], [ -65.797, -47.745 ], [ -65.800, -47.756 ], [ -65.810, -47.766 ], [ -65.820, -47.771 ], [ -65.835, -47.775 ], [ -65.839, -47.780 ], [ -65.830, -47.787 ], [ -65.825, -47.796 ], [ -65.825, -47.807 ], [ -65.829, -47.815 ], [ -65.823, -47.832 ], [ -65.823, -47.847 ], [ -65.820, -47.862 ], [ -65.814, -47.870 ], [ -65.803, -47.875 ], [ -65.783, -47.876 ], [ -65.769, -47.879 ], [ -65.756, -47.881 ], [ -65.744, -47.885 ], [ -65.732, -47.880 ], [ -65.721, -47.878 ], [ -65.708, -47.878 ], [ -65.697, -47.880 ], [ -65.686, -47.886 ], [ -65.677, -47.895 ], [ -65.670, -47.907 ], [ -65.671, -47.919 ], [ -65.676, -47.929 ], [ -65.685, -47.936 ], [ -65.695, -47.940 ], [ -65.710, -47.943 ], [ -65.724, -47.947 ], [ -65.725, -47.956 ], [ -65.730, -47.964 ], [ -65.738, -47.970 ], [ -65.752, -47.977 ], [ -65.763, -47.979 ], [ -65.775, -47.980 ], [ -65.790, -47.986 ], [ -65.808, -47.988 ], [ -65.825, -47.992 ], [ -65.840, -47.991 ], [ -65.859, -47.986 ], [ -65.866, -47.987 ], [ -65.861, -47.993 ], [ -65.858, -48.000 ], [ -65.858, -48.007 ], [ -65.860, -48.013 ], [ -65.869, -48.023 ], [ -65.883, -48.030 ], [ -65.889, -48.040 ], [ -65.898, -48.046 ], [ -65.884, -48.048 ], [ -65.870, -48.053 ], [ -65.854, -48.069 ], [ -65.848, -48.078 ], [ -65.848, -48.087 ], [ -65.852, -48.097 ], [ -65.852, -48.118 ], [ -65.857, -48.128 ], [ -65.865, -48.136 ], [ -65.884, -48.142 ], [ -65.907, -48.142 ], [ -65.921, -48.149 ], [ -65.938, -48.152 ], [ -65.960, -48.150 ], [ -65.981, -48.141 ], [ -66.013, -48.143 ], [ -66.032, -48.139 ], [ -66.042, -48.144 ], [ -66.051, -48.152 ], [ -66.062, -48.158 ], [ -66.078, -48.160 ], [ -66.093, -48.159 ], [ -66.095, -48.160 ], [ -66.096, -48.167 ], [ -66.099, -48.173 ], [ -66.113, -48.185 ], [ -66.114, -48.192 ], [ -66.117, -48.198 ], [ -66.129, -48.210 ], [ -66.141, -48.216 ], [ -66.155, -48.221 ], [ -66.180, -48.222 ], [ -66.194, -48.227 ], [ -66.209, -48.228 ], [ -66.206, -48.235 ], [ -66.207, -48.243 ], [ -66.211, -48.251 ], [ -66.218, -48.258 ], [ -66.236, -48.267 ], [ -66.254, -48.270 ], [ -66.271, -48.276 ], [ -66.276, -48.282 ], [ -66.283, -48.287 ], [ -66.301, -48.293 ], [ -66.302, -48.300 ], [ -66.306, -48.306 ], [ -66.318, -48.318 ], [ -66.317, -48.322 ], [ -66.304, -48.328 ], [ -66.287, -48.342 ], [ -66.282, -48.350 ], [ -66.280, -48.357 ], [ -66.281, -48.364 ], [ -66.284, -48.370 ], [ -66.290, -48.377 ], [ -66.298, -48.382 ], [ -66.314, -48.388 ], [ -66.342, -48.390 ], [ -66.373, -48.387 ], [ -66.386, -48.382 ], [ -66.395, -48.377 ], [ -66.427, -48.377 ], [ -66.425, -48.401 ], [ -66.430, -48.412 ], [ -66.438, -48.420 ], [ -66.454, -48.427 ], [ -66.461, -48.435 ], [ -66.471, -48.441 ], [ -66.488, -48.444 ], [ -66.510, -48.443 ], [ -66.520, -48.448 ], [ -66.532, -48.451 ], [ -66.569, -48.450 ], [ -66.611, -48.454 ], [ -66.642, -48.459 ], [ -66.649, -48.469 ], [ -66.660, -48.476 ], [ -66.673, -48.480 ], [ -66.694, -48.482 ], [ -66.709, -48.486 ], [ -66.730, -48.503 ], [ -66.734, -48.512 ], [ -66.743, -48.519 ], [ -66.755, -48.524 ], [ -66.769, -48.527 ], [ -66.780, -48.534 ], [ -66.798, -48.540 ], [ -66.797, -48.547 ], [ -66.801, -48.557 ], [ -66.809, -48.564 ], [ -66.822, -48.570 ], [ -66.828, -48.579 ], [ -66.827, -48.589 ], [ -66.830, -48.597 ], [ -66.841, -48.609 ], [ -66.848, -48.615 ], [ -66.879, -48.626 ], [ -66.908, -48.632 ], [ -66.950, -48.633 ], [ -66.970, -48.637 ], [ -66.980, -48.641 ], [ -66.987, -48.651 ], [ -66.996, -48.658 ], [ -67.016, -48.668 ], [ -67.042, -48.675 ], [ -67.057, -48.686 ], [ -67.096, -48.702 ], [ -67.098, -48.716 ], [ -67.107, -48.733 ], [ -67.110, -48.752 ], [ -67.113, -48.759 ], [ -67.116, -48.762 ], [ -67.116, -48.733 ], [ -67.116, -48.716 ], [ -67.099, -48.699 ], [ -67.099, -48.666 ], [ -67.066, -48.666 ], [ -67.066, -48.633 ], [ -67.033, -48.633 ], [ -67.033, -48.599 ], [ -67.066, -48.599 ], [ -67.066, -48.566 ], [ -67.099, -48.566 ], [ -67.133, -48.566 ], [ -67.133, -48.533 ], [ -67.099, -48.533 ], [ -67.099, -48.499 ], [ -67.099, -48.466 ], [ -67.066, -48.466 ], [ -67.033, -48.466 ], [ -67.033, -48.433 ], [ -66.999, -48.433 ], [ -66.966, -48.433 ], [ -66.966, -48.399 ], [ -66.966, -48.366 ], [ -66.933, -48.366 ], [ -66.899, -48.366 ], [ -66.899, -48.333 ], [ -66.866, -48.333 ], [ -66.866, -48.299 ], [ -66.866, -48.266 ], [ -66.899, -48.266 ], [ -66.899, -48.233 ], [ -66.866, -48.233 ], [ -66.866, -48.199 ], [ -66.833, -48.199 ], [ -66.799, -48.199 ], [ -66.799, -48.233 ], [ -66.766, -48.233 ], [ -66.766, -48.266 ], [ -66.733, -48.266 ], [ -66.733, -48.233 ], [ -66.733, -48.199 ], [ -66.699, -48.199 ], [ -66.699, -48.166 ], [ -66.699, -48.133 ], [ -66.666, -48.133 ], [ -66.666, -48.099 ], [ -66.699, -48.099 ], [ -66.699, -48.066 ], [ -66.733, -48.066 ], [ -66.733, -48.033 ], [ -66.699, -48.033 ], [ -66.666, -48.033 ], [ -66.666, -47.999 ], [ -66.633, -47.999 ], [ -66.633, -48.033 ], [ -66.599, -48.033 ], [ -66.599, -47.999 ], [ -66.566, -47.999 ], [ -66.566, -47.966 ], [ -66.566, -47.933 ], [ -66.566, -47.899 ], [ -66.599, -47.899 ], [ -66.633, -47.899 ], [ -66.666, -47.899 ], [ -66.699, -47.899 ], [ -66.733, -47.899 ], [ -66.733, -47.933 ], [ -66.733, -47.966 ], [ -66.766, -47.966 ], [ -66.766, -47.933 ], [ -66.799, -47.933 ], [ -66.799, -47.899 ], [ -66.766, -47.899 ], [ -66.766, -47.866 ], [ -66.733, -47.866 ], [ -66.733, -47.833 ], [ -66.766, -47.833 ], [ -66.799, -47.833 ], [ -66.833, -47.833 ] ], [ [ -66.966, -48.533 ], [ -66.966, -48.566 ], [ -66.933, -48.566 ], [ -66.899, -48.566 ], [ -66.866, -48.566 ], [ -66.866, -48.533 ], [ -66.833, -48.533 ], [ -66.833, -48.499 ], [ -66.799, -48.499 ], [ -66.799, -48.466 ], [ -66.799, -48.433 ], [ -66.833, -48.433 ], [ -66.866, -48.433 ], [ -66.899, -48.433 ], [ -66.933, -48.433 ], [ -66.933, -48.466 ], [ -66.933, -48.499 ], [ -66.933, -48.533 ], [ -66.966, -48.533 ] ], [ [ -68.166, -46.299 ], [ -68.166, -46.266 ], [ -68.199, -46.266 ], [ -68.199, -46.299 ], [ -68.166, -46.299 ] ], [ [ -65.799, -44.933 ], [ -65.799, -44.899 ], [ -65.833, -44.899 ], [ -65.833, -44.933 ], [ -65.799, -44.933 ] ] ], [ [ [ -66.533, -47.633 ], [ -66.533, -47.599 ], [ -66.566, -47.599 ], [ -66.599, -47.599 ], [ -66.599, -47.633 ], [ -66.599, -47.666 ], [ -66.566, -47.666 ], [ -66.566, -47.633 ], [ -66.533, -47.633 ] ] ], [ [ [ -65.633, -44.966 ], [ -65.633, -44.933 ], [ -65.666, -44.933 ], [ -65.699, -44.933 ], [ -65.733, -44.933 ], [ -65.733, -44.966 ], [ -65.699, -44.966 ], [ -65.666, -44.966 ], [ -65.633, -44.966 ] ] ], [ [ [ -67.133, -43.866 ], [ -67.166, -43.866 ], [ -67.166, -43.833 ], [ -67.133, -43.833 ], [ -67.133, -43.866 ] ] ], [ [ [ -67.899, -43.833 ], [ -67.899, -43.799 ], [ -67.866, -43.799 ], [ -67.866, -43.833 ], [ -67.899, -43.833 ] ] ], [ [ [ -67.433, -43.633 ], [ -67.433, -43.666 ], [ -67.399, -43.666 ], [ -67.366, -43.666 ], [ -67.333, -43.666 ], [ -67.333, -43.699 ], [ -67.299, -43.699 ], [ -67.299, -43.733 ], [ -67.266, -43.733 ], [ -67.266, -43.766 ], [ -67.233, -43.766 ], [ -67.233, -43.799 ], [ -67.233, -43.833 ], [ -67.266, -43.833 ], [ -67.266, -43.866 ], [ -67.299, -43.866 ], [ -67.299, -43.833 ], [ -67.299, -43.799 ], [ -67.333, -43.799 ], [ -67.333, -43.766 ], [ -67.366, -43.766 ], [ -67.366, -43.733 ], [ -67.399, -43.733 ], [ -67.399, -43.766 ], [ -67.433, -43.766 ], [ -67.433, -43.799 ], [ -67.399, -43.799 ], [ -67.366, -43.799 ], [ -67.366, -43.833 ], [ -67.366, -43.866 ], [ -67.333, -43.866 ], [ -67.333, -43.899 ], [ -67.366, -43.899 ], [ -67.399, -43.899 ], [ -67.433, -43.899 ], [ -67.466, -43.899 ], [ -67.499, -43.899 ], [ -67.499, -43.933 ], [ -67.533, -43.933 ], [ -67.533, -43.899 ], [ -67.533, -43.866 ], [ -67.566, -43.866 ], [ -67.566, -43.833 ], [ -67.599, -43.833 ], [ -67.633, -43.833 ], [ -67.633, -43.866 ], [ -67.666, -43.866 ], [ -67.699, -43.866 ], [ -67.733, -43.866 ], [ -67.766, -43.866 ], [ -67.766, -43.833 ], [ -67.766, -43.799 ], [ -67.733, -43.799 ], [ -67.733, -43.766 ], [ -67.699, -43.766 ], [ -67.666, -43.766 ], [ -67.666, -43.733 ], [ -67.666, -43.699 ], [ -67.633, -43.699 ], [ -67.599, -43.699 ], [ -67.599, -43.666 ], [ -67.566, -43.666 ], [ -67.533, -43.666 ], [ -67.499, -43.666 ], [ -67.499, -43.633 ], [ -67.466, -43.633 ], [ -67.433, -43.633 ] ] ], [ [ [ -68.799, -43.799 ], [ -68.833, -43.799 ], [ -68.833, -43.833 ], [ -68.799, -43.833 ], [ -68.799, -43.799 ], [ -68.766, -43.799 ], [ -68.733, -43.799 ], [ -68.699, -43.799 ], [ -68.666, -43.799 ], [ -68.666, -43.766 ], [ -68.699, -43.766 ], [ -68.699, -43.733 ], [ -68.666, -43.733 ], [ -68.633, -43.733 ], [ -68.599, -43.733 ], [ -68.566, -43.733 ], [ -68.533, -43.733 ], [ -68.499, -43.733 ], [ -68.466, -43.733 ], [ -68.433, -43.733 ], [ -68.433, -43.766 ], [ -68.433, -43.799 ], [ -68.466, -43.799 ], [ -68.499, -43.799 ], [ -68.499, -43.833 ], [ -68.466, -43.833 ], [ -68.433, -43.833 ], [ -68.399, -43.833 ], [ -68.399, -43.866 ], [ -68.366, -43.866 ], [ -68.333, -43.866 ], [ -68.333, -43.833 ], [ -68.299, -43.833 ], [ -68.266, -43.833 ], [ -68.266, -43.799 ], [ -68.233, -43.799 ], [ -68.233, -43.766 ], [ -68.233, -43.733 ], [ -68.199, -43.733 ], [ -68.199, -43.699 ], [ -68.166, -43.699 ], [ -68.166, -43.666 ], [ -68.133, -43.666 ], [ -68.133, -43.699 ], [ -68.099, -43.699 ], [ -68.099, -43.733 ], [ -68.099, -43.766 ], [ -68.066, -43.766 ], [ -68.033, -43.766 ], [ -68.033, -43.799 ], [ -68.033, -43.833 ], [ -67.999, -43.833 ], [ -67.966, -43.833 ], [ -67.933, -43.833 ], [ -67.899, -43.833 ], [ -67.899, -43.866 ], [ -67.933, -43.866 ], [ -67.933, -43.899 ], [ -67.966, -43.899 ], [ -67.966, -43.933 ], [ -67.999, -43.933 ], [ -67.999, -43.899 ], [ -67.999, -43.866 ], [ -68.033, -43.866 ], [ -68.066, -43.866 ], [ -68.066, -43.899 ], [ -68.099, -43.899 ], [ -68.133, -43.899 ], [ -68.133, -43.933 ], [ -68.166, -43.933 ], [ -68.199, -43.933 ], [ -68.199, -43.899 ], [ -68.233, -43.899 ], [ -68.266, -43.899 ], [ -68.299, -43.899 ], [ -68.333, -43.899 ], [ -68.366, -43.899 ], [ -68.399, -43.899 ], [ -68.433, -43.899 ], [ -68.433, -43.866 ], [ -68.466, -43.866 ], [ -68.499, -43.866 ], [ -68.533, -43.866 ], [ -68.566, -43.866 ], [ -68.599, -43.866 ], [ -68.599, -43.899 ], [ -68.633, -43.899 ], [ -68.633, -43.866 ], [ -68.666, -43.866 ], [ -68.699, -43.866 ], [ -68.733, -43.866 ], [ -68.766, -43.866 ], [ -68.799, -43.866 ], [ -68.799, -43.899 ], [ -68.833, -43.899 ], [ -68.833, -43.866 ], [ -68.866, -43.866 ], [ -68.899, -43.866 ], [ -68.899, -43.833 ], [ -68.899, -43.799 ], [ -68.899, -43.766 ], [ -68.899, -43.733 ], [ -68.933, -43.733 ], [ -68.933, -43.699 ], [ -68.933, -43.666 ], [ -68.933, -43.633 ], [ -68.966, -43.633 ], [ -68.999, -43.633 ], [ -68.999, -43.599 ], [ -68.966, -43.599 ], [ -68.933, -43.599 ], [ -68.899, -43.599 ], [ -68.866, -43.599 ], [ -68.833, -43.599 ], [ -68.833, -43.633 ], [ -68.833, -43.666 ], [ -68.833, -43.699 ], [ -68.833, -43.733 ], [ -68.833, -43.766 ], [ -68.799, -43.766 ], [ -68.799, -43.799 ] ] ], [ [ [ -71.733, -43.566 ], [ -71.733, -43.584 ], [ -71.735, -43.584 ], [ -71.740, -43.583 ], [ -71.744, -43.583 ], [ -71.744, -43.583 ], [ -71.747, -43.583 ], [ -71.750, -43.585 ], [ -71.754, -43.585 ], [ -71.758, -43.585 ], [ -71.759, -43.584 ], [ -71.758, -43.582 ], [ -71.758, -43.580 ], [ -71.758, -43.578 ], [ -71.760, -43.576 ], [ -71.759, -43.572 ], [ -71.759, -43.569 ], [ -71.760, -43.568 ], [ -71.763, -43.566 ], [ -71.733, -43.566 ] ] ], [ [ [ -67.933, -43.466 ], [ -67.933, -43.499 ], [ -67.966, -43.499 ], [ -67.966, -43.466 ], [ -67.933, -43.466 ] ] ], [ [ [ -67.933, -43.466 ], [ -67.933, -43.433 ], [ -67.933, -43.399 ], [ -67.899, -43.399 ], [ -67.866, -43.399 ], [ -67.866, -43.366 ], [ -67.833, -43.366 ], [ -67.833, -43.399 ], [ -67.833, -43.433 ], [ -67.866, -43.433 ], [ -67.899, -43.433 ], [ -67.899, -43.466 ], [ -67.933, -43.466 ] ] ], [ [ [ -67.166, -43.399 ], [ -67.199, -43.399 ], [ -67.199, -43.366 ], [ -67.166, -43.366 ], [ -67.166, -43.399 ] ] ], [ [ [ -67.999, -43.333 ], [ -67.999, -43.366 ], [ -67.966, -43.366 ], [ -67.966, -43.399 ], [ -67.966, -43.433 ], [ -67.999, -43.433 ], [ -67.999, -43.466 ], [ -67.999, -43.499 ], [ -68.033, -43.499 ], [ -68.066, -43.499 ], [ -68.066, -43.466 ], [ -68.033, -43.466 ], [ -68.033, -43.433 ], [ -68.033, -43.399 ], [ -68.066, -43.399 ], [ -68.099, -43.399 ], [ -68.099, -43.366 ], [ -68.099, -43.333 ], [ -68.066, -43.333 ], [ -68.033, -43.333 ], [ -67.999, -43.333 ] ] ], [ [ [ -67.133, -43.333 ], [ -67.099, -43.333 ], [ -67.099, -43.366 ], [ -67.066, -43.366 ], [ -67.033, -43.366 ], [ -66.999, -43.366 ], [ -66.966, -43.366 ], [ -66.933, -43.366 ], [ -66.933, -43.399 ], [ -66.933, -43.433 ], [ -66.966, -43.433 ], [ -66.999, -43.433 ], [ -67.033, -43.433 ], [ -67.066, -43.433 ], [ -67.099, -43.433 ], [ -67.099, -43.399 ], [ -67.133, -43.399 ], [ -67.133, -43.366 ], [ -67.133, -43.333 ] ] ], [ [ [ -67.866, -43.199 ], [ -67.899, -43.199 ], [ -67.899, -43.166 ], [ -67.866, -43.166 ], [ -67.866, -43.199 ] ] ], [ [ [ -71.566, -43.166 ], [ -71.599, -43.166 ], [ -71.599, -43.133 ], [ -71.566, -43.133 ], [ -71.566, -43.166 ] ] ], [ [ [ -71.699, -43.066 ], [ -71.666, -43.066 ], [ -71.666, -43.099 ], [ -71.699, -43.099 ], [ -71.699, -43.066 ] ] ], [ [ [ -71.699, -43.066 ], [ -71.733, -43.066 ], [ -71.733, -43.033 ], [ -71.699, -43.033 ], [ -71.699, -43.066 ] ] ], [ [ [ -71.866, -43.033 ], [ -71.899, -43.033 ], [ -71.899, -42.999 ], [ -71.866, -42.999 ], [ -71.866, -43.033 ] ] ], [ [ [ -71.733, -43.033 ], [ -71.766, -43.033 ], [ -71.766, -42.999 ], [ -71.733, -42.999 ], [ -71.733, -43.033 ] ] ], [ [ [ -71.966, -42.999 ], [ -71.999, -42.999 ], [ -71.999, -42.966 ], [ -71.966, -42.966 ], [ -71.966, -42.999 ] ] ], [ [ [ -64.482, -42.915 ], [ -64.473, -42.923 ], [ -64.466, -42.923 ], [ -64.466, -42.966 ], [ -64.499, -42.966 ], [ -64.499, -42.933 ], [ -64.482, -42.915 ] ] ], [ [ [ -64.333, -42.907 ], [ -64.333, -42.966 ], [ -64.366, -42.966 ], [ -64.399, -42.966 ], [ -64.433, -42.966 ], [ -64.433, -42.924 ], [ -64.415, -42.927 ], [ -64.382, -42.922 ], [ -64.359, -42.911 ], [ -64.350, -42.908 ], [ -64.333, -42.907 ] ] ], [ [ [ -71.766, -42.733 ], [ -71.733, -42.733 ], [ -71.733, -42.766 ], [ -71.766, -42.766 ], [ -71.766, -42.733 ] ] ], [ [ [ -71.766, -42.733 ], [ -71.799, -42.733 ], [ -71.799, -42.699 ], [ -71.766, -42.699 ], [ -71.766, -42.733 ] ] ], [ [ [ -71.799, -42.699 ], [ -71.833, -42.699 ], [ -71.866, -42.699 ], [ -71.866, -42.666 ], [ -71.833, -42.666 ], [ -71.799, -42.666 ], [ -71.799, -42.699 ] ] ], [ [ [ -67.133, -43.333 ], [ -67.166, -43.333 ], [ -67.199, -43.333 ], [ -67.233, -43.333 ], [ -67.266, -43.333 ], [ -67.299, -43.333 ], [ -67.299, -43.299 ], [ -67.333, -43.299 ], [ -67.366, -43.299 ], [ -67.399, -43.299 ], [ -67.433, -43.299 ], [ -67.433, -43.333 ], [ -67.466, -43.333 ], [ -67.499, -43.333 ], [ -67.499, -43.366 ], [ -67.533, -43.366 ], [ -67.566, -43.366 ], [ -67.566, -43.333 ], [ -67.599, -43.333 ], [ -67.633, -43.333 ], [ -67.633, -43.366 ], [ -67.666, -43.366 ], [ -67.666, -43.399 ], [ -67.699, -43.399 ], [ -67.733, -43.399 ], [ -67.766, -43.399 ], [ -67.766, -43.366 ], [ -67.733, -43.366 ], [ -67.733, -43.333 ], [ -67.766, -43.333 ], [ -67.799, -43.333 ], [ -67.833, -43.333 ], [ -67.866, -43.333 ], [ -67.866, -43.299 ], [ -67.833, -43.299 ], [ -67.833, -43.266 ], [ -67.833, -43.233 ], [ -67.799, -43.233 ], [ -67.766, -43.233 ], [ -67.733, -43.233 ], [ -67.733, -43.266 ], [ -67.699, -43.266 ], [ -67.666, -43.266 ], [ -67.666, -43.233 ], [ -67.699, -43.233 ], [ -67.699, -43.199 ], [ -67.666, -43.199 ], [ -67.633, -43.199 ], [ -67.599, -43.199 ], [ -67.599, -43.166 ], [ -67.599, -43.133 ], [ -67.599, -43.099 ], [ -67.633, -43.099 ], [ -67.633, -43.066 ], [ -67.599, -43.066 ], [ -67.566, -43.066 ], [ -67.533, -43.066 ], [ -67.533, -43.033 ], [ -67.533, -42.999 ], [ -67.499, -42.999 ], [ -67.466, -42.999 ], [ -67.433, -42.999 ], [ -67.433, -42.966 ], [ -67.399, -42.966 ], [ -67.399, -42.933 ], [ -67.366, -42.933 ], [ -67.366, -42.899 ], [ -67.333, -42.899 ], [ -67.333, -42.866 ], [ -67.299, -42.866 ], [ -67.266, -42.866 ], [ -67.266, -42.833 ], [ -67.299, -42.833 ], [ -67.299, -42.799 ], [ -67.266, -42.799 ], [ -67.266, -42.766 ], [ -67.233, -42.766 ], [ -67.199, -42.766 ], [ -67.199, -42.733 ], [ -67.166, -42.733 ], [ -67.166, -42.699 ], [ -67.133, -42.699 ], [ -67.099, -42.699 ], [ -67.099, -42.666 ], [ -67.066, -42.666 ], [ -67.066, -42.633 ], [ -67.033, -42.633 ], [ -66.999, -42.633 ], [ -66.966, -42.633 ], [ -66.966, -42.599 ], [ -66.933, -42.599 ], [ -66.899, -42.599 ], [ -66.866, -42.599 ], [ -66.833, -42.599 ], [ -66.799, -42.599 ], [ -66.799, -42.633 ], [ -66.766, -42.633 ], [ -66.766, -42.666 ], [ -66.733, -42.666 ], [ -66.699, -42.666 ], [ -66.699, -42.699 ], [ -66.666, -42.699 ], [ -66.633, -42.699 ], [ -66.633, -42.733 ], [ -66.599, -42.733 ], [ -66.566, -42.733 ], [ -66.533, -42.733 ], [ -66.533, -42.766 ], [ -66.499, -42.766 ], [ -66.466, -42.766 ], [ -66.433, -42.766 ], [ -66.433, -42.799 ], [ -66.433, -42.833 ], [ -66.399, -42.833 ], [ -66.399, -42.866 ], [ -66.366, -42.866 ], [ -66.366, -42.899 ], [ -66.366, -42.933 ], [ -66.366, -42.966 ], [ -66.399, -42.966 ], [ -66.433, -42.966 ], [ -66.433, -42.999 ], [ -66.466, -42.999 ], [ -66.466, -43.033 ], [ -66.499, -43.033 ], [ -66.499, -43.066 ], [ -66.533, -43.066 ], [ -66.533, -43.099 ], [ -66.566, -43.099 ], [ -66.599, -43.099 ], [ -66.599, -43.133 ], [ -66.633, -43.133 ], [ -66.666, -43.133 ], [ -66.699, -43.133 ], [ -66.699, -43.166 ], [ -66.699, -43.199 ], [ -66.666, -43.199 ], [ -66.666, -43.233 ], [ -66.699, -43.233 ], [ -66.733, -43.233 ], [ -66.766, -43.233 ], [ -66.799, -43.233 ], [ -66.833, -43.233 ], [ -66.866, -43.233 ], [ -66.899, -43.233 ], [ -66.933, -43.233 ], [ -66.966, -43.233 ], [ -66.966, -43.266 ], [ -66.933, -43.266 ], [ -66.933, -43.299 ], [ -66.966, -43.299 ], [ -66.999, -43.299 ], [ -67.033, -43.299 ], [ -67.033, -43.266 ], [ -67.066, -43.266 ], [ -67.099, -43.266 ], [ -67.099, -43.299 ], [ -67.133, -43.299 ], [ -67.133, -43.333 ] ] ], [ [ [ -64.813, -42.633 ], [ -64.833, -42.641 ], [ -64.833, -42.599 ], [ -64.799, -42.599 ], [ -64.784, -42.615 ], [ -64.785, -42.616 ], [ -64.799, -42.622 ], [ -64.805, -42.628 ], [ -64.813, -42.633 ] ] ], [ [ [ -71.633, -42.599 ], [ -71.666, -42.599 ], [ -71.666, -42.566 ], [ -71.633, -42.566 ], [ -71.633, -42.599 ] ] ], [ [ [ -71.566, -42.566 ], [ -71.599, -42.566 ], [ -71.599, -42.533 ], [ -71.566, -42.533 ], [ -71.566, -42.566 ] ] ], [ [ [ -64.729, -42.568 ], [ -64.733, -42.571 ], [ -64.733, -42.533 ], [ -64.699, -42.533 ], [ -64.685, -42.547 ], [ -64.704, -42.559 ], [ -64.729, -42.568 ] ] ], [ [ [ -71.499, -42.533 ], [ -71.533, -42.533 ], [ -71.533, -42.499 ], [ -71.499, -42.499 ], [ -71.499, -42.533 ] ] ], [ [ [ -71.833, -42.299 ], [ -71.866, -42.299 ], [ -71.866, -42.333 ], [ -71.899, -42.333 ], [ -71.899, -42.299 ], [ -71.933, -42.299 ], [ -71.966, -42.299 ], [ -71.966, -42.266 ], [ -71.933, -42.266 ], [ -71.899, -42.266 ], [ -71.866, -42.266 ], [ -71.833, -42.266 ], [ -71.833, -42.299 ] ] ], [ [ [ -71.833, -42.299 ], [ -71.799, -42.299 ], [ -71.766, -42.299 ], [ -71.766, -42.266 ], [ -71.733, -42.266 ], [ -71.699, -42.266 ], [ -71.699, -42.299 ], [ -71.733, -42.299 ], [ -71.733, -42.333 ], [ -71.766, -42.333 ], [ -71.799, -42.333 ], [ -71.833, -42.333 ], [ -71.833, -42.299 ] ] ], [ [ [ -71.999, -42.299 ], [ -72.033, -42.299 ], [ -72.033, -42.266 ], [ -72.033, -42.233 ], [ -71.999, -42.233 ], [ -71.999, -42.266 ], [ -71.999, -42.299 ] ] ], [ [ [ -71.866, -42.233 ], [ -71.899, -42.233 ], [ -71.899, -42.199 ], [ -71.866, -42.199 ], [ -71.833, -42.199 ], [ -71.799, -42.199 ], [ -71.799, -42.233 ], [ -71.833, -42.233 ], [ -71.866, -42.233 ] ] ], [ [ [ -71.699, -42.233 ], [ -71.733, -42.233 ], [ -71.733, -42.199 ], [ -71.699, -42.199 ], [ -71.699, -42.233 ] ] ], [ [ [ -71.633, -42.166 ], [ -71.666, -42.166 ], [ -71.666, -42.133 ], [ -71.633, -42.133 ], [ -71.633, -42.166 ] ] ], [ [ [ -71.699, -42.099 ], [ -71.699, -42.133 ], [ -71.733, -42.133 ], [ -71.740, -42.126 ], [ -71.739, -42.125 ], [ -71.734, -42.126 ], [ -71.730, -42.124 ], [ -71.728, -42.122 ], [ -71.727, -42.119 ], [ -71.727, -42.116 ], [ -71.727, -42.110 ], [ -71.726, -42.106 ], [ -71.725, -42.103 ], [ -71.724, -42.099 ], [ -71.699, -42.099 ] ] ], [ [ [ -71.533, -42.199 ], [ -71.566, -42.199 ], [ -71.566, -42.166 ], [ -71.566, -42.133 ], [ -71.533, -42.133 ], [ -71.533, -42.099 ], [ -71.499, -42.099 ], [ -71.499, -42.133 ], [ -71.499, -42.166 ], [ -71.533, -42.166 ], [ -71.533, -42.199 ] ] ], [ [ [ -71.699, -42.099 ], [ -71.699, -42.066 ], [ -71.666, -42.066 ], [ -71.633, -42.066 ], [ -71.633, -42.099 ], [ -71.666, -42.099 ], [ -71.699, -42.099 ] ] ], [ [ [ -71.533, -42.099 ], [ -71.566, -42.099 ], [ -71.599, -42.099 ], [ -71.599, -42.066 ], [ -71.566, -42.066 ], [ -71.533, -42.066 ], [ -71.533, -42.099 ] ] ], [ [ [ -71.533, -42.199 ], [ -71.499, -42.199 ], [ -71.466, -42.199 ], [ -71.433, -42.199 ], [ -71.399, -42.199 ], [ -71.399, -42.166 ], [ -71.433, -42.166 ], [ -71.433, -42.133 ], [ -71.466, -42.133 ], [ -71.466, -42.099 ], [ -71.466, -42.066 ], [ -71.433, -42.066 ], [ -71.433, -42.099 ], [ -71.399, -42.099 ], [ -71.399, -42.133 ], [ -71.366, -42.133 ], [ -71.366, -42.166 ], [ -71.333, -42.166 ], [ -71.299, -42.166 ], [ -71.299, -42.199 ], [ -71.299, -42.233 ], [ -71.266, -42.233 ], [ -71.233, -42.233 ], [ -71.233, -42.266 ], [ -71.266, -42.266 ], [ -71.299, -42.266 ], [ -71.333, -42.266 ], [ -71.366, -42.266 ], [ -71.399, -42.266 ], [ -71.399, -42.233 ], [ -71.433, -42.233 ], [ -71.466, -42.233 ], [ -71.499, -42.233 ], [ -71.533, -42.233 ], [ -71.533, -42.199 ] ] ], [ [ [ -71.599, -42.066 ], [ -71.633, -42.066 ], [ -71.633, -42.033 ], [ -71.599, -42.033 ], [ -71.599, -42.066 ] ] ], [ [ [ -71.466, -42.066 ], [ -71.499, -42.066 ], [ -71.499, -42.033 ], [ -71.466, -42.033 ], [ -71.466, -42.066 ] ] ], [ [ [ -71.166, -42.033 ], [ -71.166, -42.066 ], [ -71.166, -42.099 ], [ -71.199, -42.099 ], [ -71.199, -42.066 ], [ -71.199, -42.033 ], [ -71.166, -42.033 ] ] ], [ [ [ -71.566, -41.966 ], [ -71.599, -41.966 ], [ -71.599, -41.933 ], [ -71.566, -41.933 ], [ -71.566, -41.966 ] ] ], [ [ [ -71.399, -41.933 ], [ -71.366, -41.933 ], [ -71.366, -41.966 ], [ -71.399, -41.966 ], [ -71.399, -41.933 ] ] ], [ [ [ -71.166, -42.033 ], [ -71.166, -41.999 ], [ -71.199, -41.999 ], [ -71.199, -41.966 ], [ -71.166, -41.966 ], [ -71.166, -41.933 ], [ -71.133, -41.933 ], [ -71.099, -41.933 ], [ -71.099, -41.966 ], [ -71.099, -41.999 ], [ -71.133, -41.999 ], [ -71.133, -42.033 ], [ -71.166, -42.033 ] ] ], [ [ [ -71.466, -41.899 ], [ -71.466, -41.933 ], [ -71.499, -41.933 ], [ -71.499, -41.899 ], [ -71.466, -41.899 ] ] ], [ [ [ -71.533, -41.699 ], [ -71.533, -41.733 ], [ -71.566, -41.733 ], [ -71.599, -41.733 ], [ -71.599, -41.699 ], [ -71.599, -41.666 ], [ -71.566, -41.666 ], [ -71.566, -41.699 ], [ -71.533, -41.699 ] ] ], [ [ [ -71.733, -41.566 ], [ -71.733, -41.599 ], [ -71.699, -41.599 ], [ -71.699, -41.633 ], [ -71.733, -41.633 ], [ -71.766, -41.633 ], [ -71.766, -41.599 ], [ -71.766, -41.566 ], [ -71.733, -41.566 ] ] ], [ [ [ -71.533, -41.633 ], [ -71.566, -41.633 ], [ -71.566, -41.599 ], [ -71.599, -41.599 ], [ -71.599, -41.566 ], [ -71.566, -41.566 ], [ -71.566, -41.533 ], [ -71.533, -41.533 ], [ -71.533, -41.566 ], [ -71.533, -41.599 ], [ -71.533, -41.633 ] ] ], [ [ [ -71.799, -41.433 ], [ -71.766, -41.433 ], [ -71.766, -41.466 ], [ -71.799, -41.466 ], [ -71.799, -41.433 ] ] ], [ [ [ -71.666, -41.433 ], [ -71.633, -41.433 ], [ -71.633, -41.466 ], [ -71.633, -41.499 ], [ -71.666, -41.499 ], [ -71.699, -41.499 ], [ -71.699, -41.466 ], [ -71.666, -41.466 ], [ -71.666, -41.433 ] ] ], [ [ [ -71.399, -41.933 ], [ -71.433, -41.933 ], [ -71.433, -41.899 ], [ -71.466, -41.899 ], [ -71.466, -41.866 ], [ -71.499, -41.866 ], [ -71.499, -41.833 ], [ -71.533, -41.833 ], [ -71.566, -41.833 ], [ -71.566, -41.799 ], [ -71.533, -41.799 ], [ -71.533, -41.766 ], [ -71.533, -41.733 ], [ -71.499, -41.733 ], [ -71.499, -41.699 ], [ -71.533, -41.699 ], [ -71.533, -41.666 ], [ -71.533, -41.633 ], [ -71.499, -41.633 ], [ -71.499, -41.599 ], [ -71.466, -41.599 ], [ -71.466, -41.566 ], [ -71.499, -41.566 ], [ -71.499, -41.533 ], [ -71.466, -41.533 ], [ -71.466, -41.499 ], [ -71.466, -41.466 ], [ -71.499, -41.466 ], [ -71.499, -41.433 ], [ -71.466, -41.433 ], [ -71.433, -41.433 ], [ -71.433, -41.466 ], [ -71.433, -41.499 ], [ -71.433, -41.533 ], [ -71.433, -41.566 ], [ -71.433, -41.599 ], [ -71.433, -41.633 ], [ -71.433, -41.666 ], [ -71.399, -41.666 ], [ -71.399, -41.699 ], [ -71.433, -41.699 ], [ -71.433, -41.733 ], [ -71.433, -41.766 ], [ -71.433, -41.799 ], [ -71.433, -41.833 ], [ -71.399, -41.833 ], [ -71.399, -41.866 ], [ -71.399, -41.899 ], [ -71.399, -41.933 ] ] ], [ [ [ -71.766, -41.433 ], [ -71.766, -41.399 ], [ -71.733, -41.399 ], [ -71.733, -41.433 ], [ -71.766, -41.433 ] ] ], [ [ [ -71.666, -41.433 ], [ -71.699, -41.433 ], [ -71.699, -41.399 ], [ -71.666, -41.399 ], [ -71.666, -41.433 ] ] ], [ [ [ -71.499, -41.366 ], [ -71.499, -41.399 ], [ -71.533, -41.399 ], [ -71.566, -41.399 ], [ -71.566, -41.433 ], [ -71.566, -41.466 ], [ -71.599, -41.466 ], [ -71.599, -41.433 ], [ -71.599, -41.399 ], [ -71.599, -41.366 ], [ -71.566, -41.366 ], [ -71.533, -41.366 ], [ -71.499, -41.366 ] ] ], [ [ [ -71.499, -41.366 ], [ -71.499, -41.333 ], [ -71.466, -41.333 ], [ -71.466, -41.366 ], [ -71.499, -41.366 ] ] ], [ [ [ -71.799, -41.433 ], [ -71.833, -41.433 ], [ -71.833, -41.399 ], [ -71.833, -41.366 ], [ -71.833, -41.333 ], [ -71.833, -41.299 ], [ -71.799, -41.299 ], [ -71.766, -41.299 ], [ -71.733, -41.299 ], [ -71.699, -41.299 ], [ -71.666, -41.299 ], [ -71.666, -41.333 ], [ -71.666, -41.366 ], [ -71.699, -41.366 ], [ -71.733, -41.366 ], [ -71.733, -41.333 ], [ -71.766, -41.333 ], [ -71.799, -41.333 ], [ -71.799, -41.366 ], [ -71.799, -41.399 ], [ -71.799, -41.433 ] ] ], [ [ [ -71.666, -41.299 ], [ -71.666, -41.266 ], [ -71.633, -41.266 ], [ -71.633, -41.299 ], [ -71.666, -41.299 ] ] ], [ [ [ -71.766, -41.233 ], [ -71.733, -41.233 ], [ -71.733, -41.266 ], [ -71.766, -41.266 ], [ -71.766, -41.233 ] ] ], [ [ [ -71.633, -41.266 ], [ -71.633, -41.233 ], [ -71.599, -41.233 ], [ -71.599, -41.266 ], [ -71.633, -41.266 ] ] ], [ [ [ -71.499, -41.266 ], [ -71.533, -41.266 ], [ -71.533, -41.233 ], [ -71.499, -41.233 ], [ -71.499, -41.266 ] ] ], [ [ [ -71.433, -41.233 ], [ -71.399, -41.233 ], [ -71.399, -41.266 ], [ -71.433, -41.266 ], [ -71.433, -41.233 ] ] ], [ [ [ -71.766, -41.233 ], [ -71.799, -41.233 ], [ -71.833, -41.233 ], [ -71.833, -41.199 ], [ -71.799, -41.199 ], [ -71.799, -41.166 ], [ -71.766, -41.166 ], [ -71.766, -41.199 ], [ -71.766, -41.233 ] ] ], [ [ [ -71.433, -41.233 ], [ -71.466, -41.233 ], [ -71.466, -41.199 ], [ -71.466, -41.166 ], [ -71.433, -41.166 ], [ -71.433, -41.199 ], [ -71.433, -41.233 ] ] ], [ [ [ -71.466, -41.166 ], [ -71.499, -41.166 ], [ -71.533, -41.166 ], [ -71.566, -41.166 ], [ -71.566, -41.133 ], [ -71.533, -41.133 ], [ -71.533, -41.099 ], [ -71.499, -41.099 ], [ -71.499, -41.133 ], [ -71.466, -41.133 ], [ -71.466, -41.166 ] ] ], [ [ [ -71.666, -41.133 ], [ -71.699, -41.133 ], [ -71.699, -41.166 ], [ -71.733, -41.166 ], [ -71.733, -41.133 ], [ -71.733, -41.099 ], [ -71.699, -41.099 ], [ -71.699, -41.066 ], [ -71.666, -41.066 ], [ -71.666, -41.099 ], [ -71.666, -41.133 ] ] ], [ [ [ -71.666, -41.133 ], [ -71.633, -41.133 ], [ -71.633, -41.099 ], [ -71.633, -41.066 ], [ -71.666, -41.066 ], [ -71.666, -41.033 ], [ -71.699, -41.033 ], [ -71.733, -41.033 ], [ -71.733, -41.066 ], [ -71.766, -41.066 ], [ -71.766, -41.033 ], [ -71.799, -41.033 ], [ -71.799, -41.066 ], [ -71.766, -41.066 ], [ -71.766, -41.099 ], [ -71.799, -41.099 ], [ -71.850, -41.099 ], [ -71.851, -41.098 ], [ -71.849, -41.096 ], [ -71.848, -41.091 ], [ -71.847, -41.089 ], [ -71.846, -41.087 ], [ -71.847, -41.083 ], [ -71.845, -41.080 ], [ -71.841, -41.078 ], [ -71.836, -41.077 ], [ -71.831, -41.075 ], [ -71.829, -41.071 ], [ -71.827, -41.069 ], [ -71.827, -41.068 ], [ -71.824, -41.065 ], [ -71.822, -41.062 ], [ -71.820, -41.061 ], [ -71.819, -41.060 ], [ -71.821, -41.058 ], [ -71.823, -41.057 ], [ -71.825, -41.055 ], [ -71.828, -41.056 ], [ -71.830, -41.053 ], [ -71.832, -41.052 ], [ -71.834, -41.050 ], [ -71.835, -41.048 ], [ -71.834, -41.045 ], [ -71.833, -41.043 ], [ -71.833, -41.043 ], [ -71.834, -41.042 ], [ -71.836, -41.040 ], [ -71.838, -41.038 ], [ -71.833, -41.033 ], [ -71.833, -40.999 ], [ -71.799, -40.999 ], [ -71.766, -40.999 ], [ -71.733, -40.999 ], [ -71.699, -40.999 ], [ -71.666, -40.999 ], [ -71.633, -40.999 ], [ -71.633, -40.966 ], [ -71.633, -40.933 ], [ -71.599, -40.933 ], [ -71.599, -40.966 ], [ -71.599, -40.999 ], [ -71.599, -41.033 ], [ -71.599, -41.066 ], [ -71.599, -41.099 ], [ -71.599, -41.133 ], [ -71.599, -41.166 ], [ -71.633, -41.166 ], [ -71.666, -41.166 ], [ -71.666, -41.133 ] ] ], [ [ [ -65.466, -40.966 ], [ -65.499, -40.966 ], [ -65.499, -40.933 ], [ -65.466, -40.933 ], [ -65.466, -40.966 ] ] ], [ [ [ -71.366, -40.966 ], [ -71.399, -40.966 ], [ -71.399, -40.999 ], [ -71.366, -40.999 ], [ -71.366, -40.966 ], [ -71.333, -40.966 ], [ -71.333, -40.999 ], [ -71.333, -41.033 ], [ -71.333, -41.066 ], [ -71.299, -41.066 ], [ -71.299, -41.099 ], [ -71.299, -41.133 ], [ -71.333, -41.133 ], [ -71.333, -41.166 ], [ -71.333, -41.199 ], [ -71.366, -41.199 ], [ -71.366, -41.166 ], [ -71.399, -41.166 ], [ -71.399, -41.133 ], [ -71.366, -41.133 ], [ -71.366, -41.099 ], [ -71.366, -41.066 ], [ -71.399, -41.066 ], [ -71.399, -41.033 ], [ -71.433, -41.033 ], [ -71.433, -40.999 ], [ -71.466, -40.999 ], [ -71.466, -40.966 ], [ -71.466, -40.933 ], [ -71.466, -40.899 ], [ -71.433, -40.899 ], [ -71.433, -40.933 ], [ -71.399, -40.933 ], [ -71.366, -40.933 ], [ -71.366, -40.966 ] ] ], [ [ [ -71.766, -40.799 ], [ -71.766, -40.833 ], [ -71.799, -40.833 ], [ -71.799, -40.799 ], [ -71.766, -40.799 ] ] ], [ [ [ -65.799, -40.733 ], [ -65.799, -40.699 ], [ -65.766, -40.699 ], [ -65.766, -40.733 ], [ -65.799, -40.733 ] ] ], [ [ [ -65.466, -40.699 ], [ -65.433, -40.699 ], [ -65.433, -40.733 ], [ -65.399, -40.733 ], [ -65.399, -40.766 ], [ -65.366, -40.766 ], [ -65.366, -40.799 ], [ -65.366, -40.833 ], [ -65.399, -40.833 ], [ -65.433, -40.833 ], [ -65.433, -40.799 ], [ -65.466, -40.799 ], [ -65.466, -40.766 ], [ -65.466, -40.733 ], [ -65.466, -40.699 ] ] ], [ [ [ -71.766, -40.799 ], [ -71.766, -40.766 ], [ -71.766, -40.733 ], [ -71.799, -40.733 ], [ -71.799, -40.699 ], [ -71.766, -40.699 ], [ -71.766, -40.666 ], [ -71.733, -40.666 ], [ -71.699, -40.666 ], [ -71.666, -40.666 ], [ -71.666, -40.699 ], [ -71.666, -40.733 ], [ -71.666, -40.766 ], [ -71.633, -40.766 ], [ -71.599, -40.766 ], [ -71.599, -40.799 ], [ -71.566, -40.799 ], [ -71.566, -40.833 ], [ -71.533, -40.833 ], [ -71.533, -40.866 ], [ -71.499, -40.866 ], [ -71.499, -40.899 ], [ -71.499, -40.933 ], [ -71.533, -40.933 ], [ -71.566, -40.933 ], [ -71.566, -40.899 ], [ -71.599, -40.899 ], [ -71.633, -40.899 ], [ -71.666, -40.899 ], [ -71.666, -40.866 ], [ -71.699, -40.866 ], [ -71.699, -40.833 ], [ -71.733, -40.833 ], [ -71.733, -40.799 ], [ -71.766, -40.799 ] ] ], [ [ [ -65.633, -40.666 ], [ -65.633, -40.699 ], [ -65.599, -40.699 ], [ -65.599, -40.733 ], [ -65.566, -40.733 ], [ -65.566, -40.766 ], [ -65.599, -40.766 ], [ -65.633, -40.766 ], [ -65.633, -40.733 ], [ -65.666, -40.733 ], [ -65.699, -40.733 ], [ -65.699, -40.699 ], [ -65.699, -40.666 ], [ -65.666, -40.666 ], [ -65.633, -40.666 ] ] ], [ [ [ -65.566, -40.666 ], [ -65.533, -40.666 ], [ -65.533, -40.699 ], [ -65.566, -40.699 ], [ -65.566, -40.666 ] ] ], [ [ [ -65.466, -40.699 ], [ -65.499, -40.699 ], [ -65.499, -40.666 ], [ -65.466, -40.666 ], [ -65.466, -40.699 ] ] ], [ [ [ -71.399, -40.666 ], [ -71.433, -40.666 ], [ -71.433, -40.633 ], [ -71.399, -40.633 ], [ -71.366, -40.633 ], [ -71.333, -40.633 ], [ -71.333, -40.666 ], [ -71.366, -40.666 ], [ -71.399, -40.666 ] ] ], [ [ [ -70.966, -40.666 ], [ -70.999, -40.666 ], [ -70.999, -40.633 ], [ -70.966, -40.633 ], [ -70.966, -40.666 ] ] ], [ [ [ -70.166, -40.666 ], [ -70.199, -40.666 ], [ -70.199, -40.633 ], [ -70.166, -40.633 ], [ -70.166, -40.666 ] ] ], [ [ [ -65.499, -40.666 ], [ -65.533, -40.666 ], [ -65.533, -40.633 ], [ -65.499, -40.633 ], [ -65.499, -40.666 ] ] ], [ [ [ -71.499, -40.633 ], [ -71.533, -40.633 ], [ -71.533, -40.599 ], [ -71.499, -40.599 ], [ -71.466, -40.599 ], [ -71.466, -40.633 ], [ -71.499, -40.633 ] ] ], [ [ [ -70.866, -40.633 ], [ -70.899, -40.633 ], [ -70.899, -40.599 ], [ -70.866, -40.599 ], [ -70.866, -40.566 ], [ -70.833, -40.566 ], [ -70.799, -40.566 ], [ -70.799, -40.599 ], [ -70.833, -40.599 ], [ -70.833, -40.633 ], [ -70.866, -40.633 ] ] ], [ [ [ -65.599, -40.599 ], [ -65.599, -40.566 ], [ -65.566, -40.566 ], [ -65.566, -40.599 ], [ -65.599, -40.599 ] ] ], [ [ [ -70.166, -40.499 ], [ -70.166, -40.466 ], [ -70.133, -40.466 ], [ -70.133, -40.499 ], [ -70.166, -40.499 ] ] ], [ [ [ -70.166, -40.466 ], [ -70.199, -40.466 ], [ -70.199, -40.433 ], [ -70.199, -40.399 ], [ -70.166, -40.399 ], [ -70.133, -40.399 ], [ -70.099, -40.399 ], [ -70.099, -40.433 ], [ -70.133, -40.433 ], [ -70.166, -40.433 ], [ -70.166, -40.466 ] ] ], [ [ [ -70.099, -40.399 ], [ -70.099, -40.366 ], [ -70.099, -40.333 ], [ -70.066, -40.333 ], [ -70.066, -40.299 ], [ -70.066, -40.266 ], [ -70.066, -40.233 ], [ -70.033, -40.233 ], [ -70.033, -40.266 ], [ -70.033, -40.299 ], [ -70.033, -40.333 ], [ -70.033, -40.366 ], [ -70.033, -40.399 ], [ -70.066, -40.399 ], [ -70.099, -40.399 ] ] ], [ [ [ -70.033, -40.233 ], [ -70.033, -40.199 ], [ -69.999, -40.199 ], [ -69.999, -40.233 ], [ -70.033, -40.233 ] ] ], [ [ [ -70.166, -40.499 ], [ -70.166, -40.533 ], [ -70.199, -40.533 ], [ -70.233, -40.533 ], [ -70.266, -40.533 ], [ -70.299, -40.533 ], [ -70.333, -40.533 ], [ -70.366, -40.533 ], [ -70.366, -40.566 ], [ -70.399, -40.566 ], [ -70.433, -40.566 ], [ -70.466, -40.566 ], [ -70.466, -40.533 ], [ -70.499, -40.533 ], [ -70.533, -40.533 ], [ -70.566, -40.533 ], [ -70.566, -40.566 ], [ -70.599, -40.566 ], [ -70.599, -40.599 ], [ -70.599, -40.633 ], [ -70.633, -40.633 ], [ -70.666, -40.633 ], [ -70.699, -40.633 ], [ -70.699, -40.599 ], [ -70.666, -40.599 ], [ -70.666, -40.566 ], [ -70.633, -40.566 ], [ -70.633, -40.533 ], [ -70.599, -40.533 ], [ -70.599, -40.499 ], [ -70.633, -40.499 ], [ -70.633, -40.466 ], [ -70.666, -40.466 ], [ -70.666, -40.433 ], [ -70.699, -40.433 ], [ -70.733, -40.433 ], [ -70.766, -40.433 ], [ -70.799, -40.433 ], [ -70.799, -40.399 ], [ -70.766, -40.399 ], [ -70.733, -40.399 ], [ -70.699, -40.399 ], [ -70.699, -40.366 ], [ -70.699, -40.333 ], [ -70.666, -40.333 ], [ -70.666, -40.299 ], [ -70.699, -40.299 ], [ -70.699, -40.266 ], [ -70.666, -40.266 ], [ -70.666, -40.233 ], [ -70.699, -40.233 ], [ -70.699, -40.199 ], [ -70.733, -40.199 ], [ -70.733, -40.166 ], [ -70.766, -40.166 ], [ -70.766, -40.133 ], [ -70.766, -40.099 ], [ -70.733, -40.099 ], [ -70.733, -40.133 ], [ -70.699, -40.133 ], [ -70.666, -40.133 ], [ -70.666, -40.166 ], [ -70.666, -40.199 ], [ -70.633, -40.199 ], [ -70.633, -40.233 ], [ -70.599, -40.233 ], [ -70.599, -40.266 ], [ -70.599, -40.299 ], [ -70.633, -40.299 ], [ -70.633, -40.333 ], [ -70.633, -40.366 ], [ -70.633, -40.399 ], [ -70.633, -40.433 ], [ -70.599, -40.433 ], [ -70.599, -40.466 ], [ -70.566, -40.466 ], [ -70.533, -40.466 ], [ -70.533, -40.499 ], [ -70.499, -40.499 ], [ -70.466, -40.499 ], [ -70.433, -40.499 ], [ -70.399, -40.499 ], [ -70.366, -40.499 ], [ -70.333, -40.499 ], [ -70.299, -40.499 ], [ -70.299, -40.466 ], [ -70.266, -40.466 ], [ -70.233, -40.466 ], [ -70.233, -40.499 ], [ -70.199, -40.499 ], [ -70.166, -40.499 ] ] ], [ [ [ -62.070, -40.112 ], [ -62.062, -40.112 ], [ -62.054, -40.105 ], [ -62.039, -40.099 ], [ -62.022, -40.098 ], [ -62.011, -40.101 ], [ -62.002, -40.106 ], [ -61.995, -40.113 ], [ -61.991, -40.121 ], [ -61.991, -40.128 ], [ -61.993, -40.135 ], [ -61.997, -40.141 ], [ -62.003, -40.146 ], [ -62.000, -40.156 ], [ -62.002, -40.167 ], [ -61.997, -40.176 ], [ -61.996, -40.184 ], [ -61.997, -40.191 ], [ -62.001, -40.198 ], [ -62.005, -40.222 ], [ -62.001, -40.227 ], [ -61.998, -40.234 ], [ -61.999, -40.246 ], [ -61.998, -40.255 ], [ -62.000, -40.263 ], [ -62.008, -40.276 ], [ -62.002, -40.285 ], [ -62.001, -40.296 ], [ -62.004, -40.305 ], [ -62.010, -40.312 ], [ -62.018, -40.318 ], [ -62.028, -40.321 ], [ -62.043, -40.322 ], [ -62.058, -40.317 ], [ -62.073, -40.307 ], [ -62.079, -40.296 ], [ -62.095, -40.293 ], [ -62.106, -40.286 ], [ -62.112, -40.278 ], [ -62.119, -40.265 ], [ -62.134, -40.255 ], [ -62.141, -40.247 ], [ -62.145, -40.239 ], [ -62.150, -40.219 ], [ -62.161, -40.203 ], [ -62.168, -40.186 ], [ -62.168, -40.174 ], [ -62.163, -40.149 ], [ -62.149, -40.118 ], [ -62.141, -40.109 ], [ -62.124, -40.100 ], [ -62.108, -40.097 ], [ -62.094, -40.100 ], [ -62.080, -40.106 ], [ -62.073, -40.111 ], [ -62.070, -40.112 ] ] ], [ [ [ -70.899, -40.099 ], [ -70.933, -40.099 ], [ -70.933, -40.066 ], [ -70.899, -40.066 ], [ -70.899, -40.099 ] ] ], [ [ [ -70.766, -40.099 ], [ -70.799, -40.099 ], [ -70.799, -40.066 ], [ -70.766, -40.066 ], [ -70.766, -40.099 ] ] ], [ [ [ -70.099, -40.066 ], [ -70.099, -40.099 ], [ -70.133, -40.099 ], [ -70.166, -40.099 ], [ -70.199, -40.099 ], [ -70.199, -40.066 ], [ -70.166, -40.066 ], [ -70.133, -40.066 ], [ -70.099, -40.066 ] ] ], [ [ [ -69.999, -40.199 ], [ -69.999, -40.166 ], [ -69.999, -40.133 ], [ -69.999, -40.099 ], [ -70.033, -40.099 ], [ -70.033, -40.066 ], [ -70.066, -40.066 ], [ -70.099, -40.066 ], [ -70.099, -40.033 ], [ -70.066, -40.033 ], [ -70.033, -40.033 ], [ -69.999, -40.033 ], [ -69.999, -39.999 ], [ -69.966, -39.999 ], [ -69.966, -40.033 ], [ -69.966, -40.066 ], [ -69.966, -40.099 ], [ -69.966, -40.133 ], [ -69.966, -40.166 ], [ -69.966, -40.199 ], [ -69.999, -40.199 ] ] ], [ [ [ -70.066, -39.966 ], [ -70.066, -39.999 ], [ -70.099, -39.999 ], [ -70.099, -39.966 ], [ -70.133, -39.966 ], [ -70.133, -39.933 ], [ -70.099, -39.933 ], [ -70.099, -39.899 ], [ -70.066, -39.899 ], [ -70.033, -39.899 ], [ -69.999, -39.899 ], [ -69.999, -39.933 ], [ -69.999, -39.966 ], [ -70.033, -39.966 ], [ -70.066, -39.966 ] ] ], [ [ [ -69.999, -39.833 ], [ -69.999, -39.866 ], [ -70.033, -39.866 ], [ -70.066, -39.866 ], [ -70.066, -39.833 ], [ -70.099, -39.833 ], [ -70.099, -39.799 ], [ -70.066, -39.799 ], [ -70.033, -39.799 ], [ -69.999, -39.799 ], [ -69.999, -39.833 ] ] ], [ [ [ -62.833, -39.599 ], [ -62.833, -39.566 ], [ -62.799, -39.566 ], [ -62.799, -39.599 ], [ -62.833, -39.599 ] ] ], [ [ [ -62.733, -39.599 ], [ -62.766, -39.599 ], [ -62.766, -39.566 ], [ -62.733, -39.566 ], [ -62.733, -39.599 ] ] ], [ [ [ -69.566, -39.433 ], [ -69.599, -39.433 ], [ -69.599, -39.399 ], [ -69.566, -39.399 ], [ -69.566, -39.433 ] ] ], [ [ [ -68.699, -39.233 ], [ -68.699, -39.266 ], [ -68.733, -39.266 ], [ -68.733, -39.299 ], [ -68.699, -39.299 ], [ -68.699, -39.333 ], [ -68.666, -39.333 ], [ -68.666, -39.366 ], [ -68.699, -39.366 ], [ -68.699, -39.399 ], [ -68.699, -39.433 ], [ -68.733, -39.433 ], [ -68.733, -39.466 ], [ -68.766, -39.466 ], [ -68.799, -39.466 ], [ -68.799, -39.499 ], [ -68.833, -39.499 ], [ -68.833, -39.466 ], [ -68.866, -39.466 ], [ -68.866, -39.499 ], [ -68.899, -39.499 ], [ -68.899, -39.533 ], [ -68.933, -39.533 ], [ -68.966, -39.533 ], [ -68.966, -39.566 ], [ -68.999, -39.566 ], [ -69.033, -39.566 ], [ -69.033, -39.599 ], [ -69.066, -39.599 ], [ -69.066, -39.633 ], [ -69.099, -39.633 ], [ -69.133, -39.633 ], [ -69.166, -39.633 ], [ -69.199, -39.633 ], [ -69.233, -39.633 ], [ -69.233, -39.666 ], [ -69.266, -39.666 ], [ -69.266, -39.699 ], [ -69.266, -39.733 ], [ -69.299, -39.733 ], [ -69.299, -39.766 ], [ -69.299, -39.799 ], [ -69.333, -39.799 ], [ -69.333, -39.766 ], [ -69.366, -39.766 ], [ -69.399, -39.766 ], [ -69.433, -39.766 ], [ -69.433, -39.799 ], [ -69.466, -39.799 ], [ -69.466, -39.833 ], [ -69.499, -39.833 ], [ -69.533, -39.833 ], [ -69.566, -39.833 ], [ -69.566, -39.866 ], [ -69.599, -39.866 ], [ -69.599, -39.833 ], [ -69.599, -39.799 ], [ -69.566, -39.799 ], [ -69.533, -39.799 ], [ -69.499, -39.799 ], [ -69.499, -39.766 ], [ -69.499, -39.733 ], [ -69.466, -39.733 ], [ -69.466, -39.699 ], [ -69.466, -39.666 ], [ -69.466, -39.633 ], [ -69.433, -39.633 ], [ -69.433, -39.599 ], [ -69.399, -39.599 ], [ -69.366, -39.599 ], [ -69.366, -39.566 ], [ -69.366, -39.533 ], [ -69.399, -39.533 ], [ -69.433, -39.533 ], [ -69.433, -39.499 ], [ -69.399, -39.499 ], [ -69.366, -39.499 ], [ -69.333, -39.499 ], [ -69.333, -39.466 ], [ -69.299, -39.466 ], [ -69.299, -39.433 ], [ -69.299, -39.399 ], [ -69.266, -39.399 ], [ -69.266, -39.366 ], [ -69.233, -39.366 ], [ -69.199, -39.366 ], [ -69.166, -39.366 ], [ -69.133, -39.366 ], [ -69.099, -39.366 ], [ -69.066, -39.366 ], [ -69.066, -39.333 ], [ -69.033, -39.333 ], [ -68.999, -39.333 ], [ -68.966, -39.333 ], [ -68.966, -39.299 ], [ -68.933, -39.299 ], [ -68.899, -39.299 ], [ -68.866, -39.299 ], [ -68.866, -39.266 ], [ -68.833, -39.266 ], [ -68.799, -39.266 ], [ -68.799, -39.233 ], [ -68.766, -39.233 ], [ -68.733, -39.233 ], [ -68.699, -39.233 ] ] ], [ [ [ -62.199, -39.199 ], [ -62.233, -39.199 ], [ -62.233, -39.174 ], [ -62.231, -39.174 ], [ -62.227, -39.161 ], [ -62.217, -39.150 ], [ -62.205, -39.145 ], [ -62.186, -39.141 ], [ -62.177, -39.141 ], [ -62.162, -39.144 ], [ -62.152, -39.148 ], [ -62.129, -39.166 ], [ -62.121, -39.176 ], [ -62.113, -39.180 ], [ -62.133, -39.199 ], [ -62.166, -39.199 ], [ -62.199, -39.199 ] ] ], [ [ [ -63.199, -39.066 ], [ -63.166, -39.066 ], [ -63.166, -39.099 ], [ -63.199, -39.099 ], [ -63.199, -39.066 ] ] ], [ [ [ -63.066, -39.099 ], [ -63.099, -39.099 ], [ -63.099, -39.066 ], [ -63.066, -39.066 ], [ -63.033, -39.066 ], [ -63.033, -39.033 ], [ -62.999, -39.033 ], [ -62.999, -39.066 ], [ -62.999, -39.099 ], [ -63.033, -39.099 ], [ -63.066, -39.099 ] ] ], [ [ [ -62.766, -39.066 ], [ -62.799, -39.066 ], [ -62.799, -39.033 ], [ -62.766, -39.033 ], [ -62.766, -39.066 ] ] ], [ [ [ -63.566, -38.799 ], [ -63.599, -38.799 ], [ -63.599, -38.766 ], [ -63.566, -38.766 ], [ -63.533, -38.766 ], [ -63.533, -38.799 ], [ -63.566, -38.799 ] ] ], [ [ [ -69.099, -38.733 ], [ -69.099, -38.766 ], [ -69.133, -38.766 ], [ -69.133, -38.733 ], [ -69.166, -38.733 ], [ -69.199, -38.733 ], [ -69.199, -38.699 ], [ -69.166, -38.699 ], [ -69.133, -38.699 ], [ -69.099, -38.699 ], [ -69.099, -38.733 ] ] ], [ [ [ -69.299, -38.699 ], [ -69.333, -38.699 ], [ -69.333, -38.666 ], [ -69.299, -38.666 ], [ -69.299, -38.699 ] ] ], [ [ [ -64.299, -38.699 ], [ -64.333, -38.699 ], [ -64.333, -38.666 ], [ -64.299, -38.666 ], [ -64.299, -38.699 ] ] ], [ [ [ -60.999, -38.533 ], [ -60.966, -38.533 ], [ -60.966, -38.566 ], [ -60.999, -38.566 ], [ -60.999, -38.533 ] ] ], [ [ [ -69.533, -38.433 ], [ -69.533, -38.466 ], [ -69.499, -38.466 ], [ -69.466, -38.466 ], [ -69.433, -38.466 ], [ -69.433, -38.499 ], [ -69.399, -38.499 ], [ -69.399, -38.533 ], [ -69.366, -38.533 ], [ -69.366, -38.566 ], [ -69.366, -38.599 ], [ -69.399, -38.599 ], [ -69.399, -38.566 ], [ -69.433, -38.566 ], [ -69.433, -38.533 ], [ -69.466, -38.533 ], [ -69.499, -38.533 ], [ -69.499, -38.499 ], [ -69.533, -38.499 ], [ -69.566, -38.499 ], [ -69.599, -38.499 ], [ -69.599, -38.533 ], [ -69.599, -38.566 ], [ -69.633, -38.566 ], [ -69.633, -38.599 ], [ -69.666, -38.599 ], [ -69.666, -38.566 ], [ -69.666, -38.533 ], [ -69.699, -38.533 ], [ -69.733, -38.533 ], [ -69.733, -38.566 ], [ -69.733, -38.599 ], [ -69.766, -38.599 ], [ -69.766, -38.566 ], [ -69.799, -38.566 ], [ -69.799, -38.533 ], [ -69.766, -38.533 ], [ -69.766, -38.499 ], [ -69.733, -38.499 ], [ -69.699, -38.499 ], [ -69.666, -38.499 ], [ -69.633, -38.499 ], [ -69.633, -38.466 ], [ -69.599, -38.466 ], [ -69.599, -38.433 ], [ -69.566, -38.433 ], [ -69.533, -38.433 ] ] ], [ [ [ -69.666, -38.399 ], [ -69.633, -38.399 ], [ -69.633, -38.433 ], [ -69.666, -38.433 ], [ -69.666, -38.399 ] ] ], [ [ [ -69.999, -38.399 ], [ -70.033, -38.399 ], [ -70.033, -38.366 ], [ -69.999, -38.366 ], [ -69.999, -38.399 ] ] ], [ [ [ -64.266, -38.299 ], [ -64.266, -38.266 ], [ -64.233, -38.266 ], [ -64.199, -38.266 ], [ -64.166, -38.266 ], [ -64.133, -38.266 ], [ -64.099, -38.266 ], [ -64.066, -38.266 ], [ -64.033, -38.266 ], [ -64.033, -38.299 ], [ -63.999, -38.299 ], [ -63.966, -38.299 ], [ -63.933, -38.299 ], [ -63.933, -38.333 ], [ -63.966, -38.333 ], [ -63.999, -38.333 ], [ -64.033, -38.333 ], [ -64.066, -38.333 ], [ -64.066, -38.299 ], [ -64.099, -38.299 ], [ -64.133, -38.299 ], [ -64.166, -38.299 ], [ -64.199, -38.299 ], [ -64.233, -38.299 ], [ -64.266, -38.299 ] ] ], [ [ [ -69.666, -38.399 ], [ -69.699, -38.399 ], [ -69.699, -38.366 ], [ -69.733, -38.366 ], [ -69.766, -38.366 ], [ -69.799, -38.366 ], [ -69.833, -38.366 ], [ -69.833, -38.333 ], [ -69.866, -38.333 ], [ -69.899, -38.333 ], [ -69.899, -38.366 ], [ -69.933, -38.366 ], [ -69.933, -38.333 ], [ -69.933, -38.299 ], [ -69.933, -38.266 ], [ -69.899, -38.266 ], [ -69.866, -38.266 ], [ -69.866, -38.299 ], [ -69.833, -38.299 ], [ -69.799, -38.299 ], [ -69.799, -38.333 ], [ -69.766, -38.333 ], [ -69.733, -38.333 ], [ -69.733, -38.299 ], [ -69.733, -38.266 ], [ -69.733, -38.233 ], [ -69.699, -38.233 ], [ -69.699, -38.266 ], [ -69.699, -38.299 ], [ -69.699, -38.333 ], [ -69.666, -38.333 ], [ -69.666, -38.366 ], [ -69.666, -38.399 ] ] ], [ [ [ -64.199, -38.233 ], [ -64.233, -38.233 ], [ -64.233, -38.199 ], [ -64.199, -38.199 ], [ -64.166, -38.199 ], [ -64.133, -38.199 ], [ -64.133, -38.233 ], [ -64.166, -38.233 ], [ -64.199, -38.233 ] ] ], [ [ [ -69.733, -38.233 ], [ -69.766, -38.233 ], [ -69.766, -38.199 ], [ -69.766, -38.166 ], [ -69.766, -38.133 ], [ -69.733, -38.133 ], [ -69.733, -38.166 ], [ -69.733, -38.199 ], [ -69.733, -38.233 ] ] ], [ [ [ -69.766, -38.133 ], [ -69.799, -38.133 ], [ -69.833, -38.133 ], [ -69.833, -38.099 ], [ -69.866, -38.099 ], [ -69.866, -38.066 ], [ -69.866, -38.033 ], [ -69.833, -38.033 ], [ -69.799, -38.033 ], [ -69.799, -38.066 ], [ -69.799, -38.099 ], [ -69.766, -38.099 ], [ -69.766, -38.133 ] ] ], [ [ [ -69.833, -37.899 ], [ -69.866, -37.899 ], [ -69.866, -37.866 ], [ -69.833, -37.866 ], [ -69.833, -37.899 ] ] ], [ [ [ -62.233, -37.733 ], [ -62.266, -37.733 ], [ -62.266, -37.699 ], [ -62.233, -37.699 ], [ -62.233, -37.733 ] ] ], [ [ [ -69.899, -37.699 ], [ -69.933, -37.699 ], [ -69.933, -37.666 ], [ -69.899, -37.666 ], [ -69.866, -37.666 ], [ -69.866, -37.699 ], [ -69.899, -37.699 ] ] ], [ [ [ -68.199, -37.333 ], [ -68.199, -37.366 ], [ -68.233, -37.366 ], [ -68.233, -37.333 ], [ -68.199, -37.333 ] ] ], [ [ [ -67.266, -37.266 ], [ -67.299, -37.266 ], [ -67.299, -37.233 ], [ -67.266, -37.233 ], [ -67.266, -37.266 ] ] ], [ [ [ -69.533, -37.166 ], [ -69.566, -37.166 ], [ -69.599, -37.166 ], [ -69.633, -37.166 ], [ -69.633, -37.133 ], [ -69.599, -37.133 ], [ -69.566, -37.133 ], [ -69.533, -37.133 ], [ -69.533, -37.166 ] ] ], [ [ [ -69.633, -37.133 ], [ -69.666, -37.133 ], [ -69.699, -37.133 ], [ -69.699, -37.099 ], [ -69.666, -37.099 ], [ -69.633, -37.099 ], [ -69.633, -37.133 ] ] ], [ [ [ -66.366, -36.799 ], [ -66.399, -36.799 ], [ -66.399, -36.766 ], [ -66.366, -36.766 ], [ -66.333, -36.766 ], [ -66.333, -36.799 ], [ -66.366, -36.799 ] ] ], [ [ [ -67.366, -36.599 ], [ -67.333, -36.599 ], [ -67.333, -36.633 ], [ -67.299, -36.633 ], [ -67.266, -36.633 ], [ -67.233, -36.633 ], [ -67.233, -36.666 ], [ -67.199, -36.666 ], [ -67.199, -36.699 ], [ -67.233, -36.699 ], [ -67.266, -36.699 ], [ -67.299, -36.699 ], [ -67.299, -36.666 ], [ -67.333, -36.666 ], [ -67.333, -36.699 ], [ -67.366, -36.699 ], [ -67.366, -36.666 ], [ -67.366, -36.633 ], [ -67.366, -36.599 ] ] ], [ [ [ -68.199, -36.599 ], [ -68.233, -36.599 ], [ -68.233, -36.566 ], [ -68.199, -36.566 ], [ -68.199, -36.599 ] ] ], [ [ [ -67.233, -36.566 ], [ -67.266, -36.566 ], [ -67.266, -36.533 ], [ -67.233, -36.533 ], [ -67.233, -36.566 ] ] ], [ [ [ -65.733, -35.033 ], [ -65.766, -35.033 ], [ -65.766, -34.999 ], [ -65.733, -34.999 ], [ -65.733, -35.033 ] ] ], [ [ [ -68.199, -34.766 ], [ -68.199, -34.799 ], [ -68.166, -34.799 ], [ -68.166, -34.833 ], [ -68.166, -34.866 ], [ -68.166, -34.899 ], [ -68.133, -34.899 ], [ -68.133, -34.933 ], [ -68.133, -34.966 ], [ -68.166, -34.966 ], [ -68.199, -34.966 ], [ -68.199, -34.933 ], [ -68.233, -34.933 ], [ -68.233, -34.899 ], [ -68.233, -34.866 ], [ -68.233, -34.833 ], [ -68.233, -34.799 ], [ -68.233, -34.766 ], [ -68.199, -34.766 ] ] ], [ [ [ -64.233, -34.299 ], [ -64.266, -34.299 ], [ -64.266, -34.266 ], [ -64.233, -34.266 ], [ -64.233, -34.299 ] ] ], [ [ [ -61.566, -33.399 ], [ -61.533, -33.399 ], [ -61.533, -33.433 ], [ -61.566, -33.433 ], [ -61.566, -33.399 ] ] ], [ [ [ -66.733, -32.999 ], [ -66.766, -32.999 ], [ -66.766, -32.966 ], [ -66.766, -32.933 ], [ -66.733, -32.933 ], [ -66.699, -32.933 ], [ -66.699, -32.966 ], [ -66.733, -32.966 ], [ -66.733, -32.999 ] ] ], [ [ [ -66.866, -32.866 ], [ -66.866, -32.899 ], [ -66.833, -32.899 ], [ -66.833, -32.933 ], [ -66.799, -32.933 ], [ -66.799, -32.966 ], [ -66.833, -32.966 ], [ -66.833, -32.999 ], [ -66.866, -32.999 ], [ -66.899, -32.999 ], [ -66.899, -32.966 ], [ -66.899, -32.933 ], [ -66.899, -32.899 ], [ -66.899, -32.866 ], [ -66.866, -32.866 ] ] ], [ [ [ -65.466, -32.833 ], [ -65.499, -32.833 ], [ -65.499, -32.799 ], [ -65.466, -32.799 ], [ -65.466, -32.833 ] ] ], [ [ [ -67.033, -32.433 ], [ -67.033, -32.466 ], [ -66.999, -32.466 ], [ -66.999, -32.499 ], [ -66.966, -32.499 ], [ -66.966, -32.533 ], [ -66.933, -32.533 ], [ -66.933, -32.566 ], [ -66.933, -32.599 ], [ -66.933, -32.633 ], [ -66.966, -32.633 ], [ -66.966, -32.666 ], [ -66.999, -32.666 ], [ -67.033, -32.666 ], [ -67.033, -32.633 ], [ -67.066, -32.633 ], [ -67.066, -32.599 ], [ -67.099, -32.599 ], [ -67.099, -32.566 ], [ -67.099, -32.533 ], [ -67.099, -32.499 ], [ -67.099, -32.466 ], [ -67.066, -32.466 ], [ -67.066, -32.433 ], [ -67.033, -32.433 ] ] ], [ [ [ -65.999, -32.466 ], [ -65.999, -32.433 ], [ -65.966, -32.433 ], [ -65.966, -32.466 ], [ -65.999, -32.466 ] ] ], [ [ [ -65.866, -32.366 ], [ -65.866, -32.399 ], [ -65.899, -32.399 ], [ -65.899, -32.366 ], [ -65.866, -32.366 ] ] ], [ [ [ -64.299, -32.033 ], [ -64.266, -32.033 ], [ -64.266, -32.066 ], [ -64.299, -32.066 ], [ -64.299, -32.033 ] ] ], [ [ [ -64.333, -31.966 ], [ -64.333, -31.933 ], [ -64.299, -31.933 ], [ -64.266, -31.933 ], [ -64.266, -31.966 ], [ -64.299, -31.966 ], [ -64.333, -31.966 ] ] ], [ [ [ -65.199, -31.733 ], [ -65.233, -31.733 ], [ -65.233, -31.699 ], [ -65.199, -31.699 ], [ -65.199, -31.733 ] ] ], [ [ [ -65.866, -32.366 ], [ -65.866, -32.333 ], [ -65.833, -32.333 ], [ -65.833, -32.299 ], [ -65.799, -32.299 ], [ -65.799, -32.266 ], [ -65.766, -32.266 ], [ -65.733, -32.266 ], [ -65.699, -32.266 ], [ -65.666, -32.266 ], [ -65.633, -32.266 ], [ -65.599, -32.266 ], [ -65.566, -32.266 ], [ -65.533, -32.266 ], [ -65.499, -32.266 ], [ -65.466, -32.266 ], [ -65.433, -32.266 ], [ -65.433, -32.299 ], [ -65.399, -32.299 ], [ -65.399, -32.266 ], [ -65.399, -32.233 ], [ -65.366, -32.233 ], [ -65.366, -32.199 ], [ -65.366, -32.166 ], [ -65.366, -32.133 ], [ -65.333, -32.133 ], [ -65.333, -32.166 ], [ -65.333, -32.199 ], [ -65.333, -32.233 ], [ -65.299, -32.233 ], [ -65.299, -32.266 ], [ -65.266, -32.266 ], [ -65.266, -32.299 ], [ -65.299, -32.299 ], [ -65.299, -32.333 ], [ -65.266, -32.333 ], [ -65.266, -32.366 ], [ -65.266, -32.399 ], [ -65.299, -32.399 ], [ -65.299, -32.433 ], [ -65.266, -32.433 ], [ -65.266, -32.466 ], [ -65.233, -32.466 ], [ -65.199, -32.466 ], [ -65.166, -32.466 ], [ -65.166, -32.433 ], [ -65.166, -32.399 ], [ -65.133, -32.399 ], [ -65.133, -32.366 ], [ -65.133, -32.333 ], [ -65.099, -32.333 ], [ -65.099, -32.299 ], [ -65.099, -32.266 ], [ -65.099, -32.233 ], [ -65.066, -32.233 ], [ -65.066, -32.199 ], [ -65.066, -32.166 ], [ -65.066, -32.133 ], [ -65.033, -32.133 ], [ -65.033, -32.099 ], [ -65.066, -32.099 ], [ -65.066, -32.066 ], [ -65.066, -32.033 ], [ -65.066, -31.999 ], [ -65.066, -31.966 ], [ -65.066, -31.933 ], [ -65.066, -31.899 ], [ -65.099, -31.899 ], [ -65.099, -31.866 ], [ -65.133, -31.866 ], [ -65.133, -31.833 ], [ -65.133, -31.799 ], [ -65.166, -31.799 ], [ -65.166, -31.766 ], [ -65.199, -31.766 ], [ -65.199, -31.733 ], [ -65.166, -31.733 ], [ -65.133, -31.733 ], [ -65.133, -31.766 ], [ -65.099, -31.766 ], [ -65.066, -31.766 ], [ -65.066, -31.733 ], [ -65.033, -31.733 ], [ -65.033, -31.699 ], [ -65.033, -31.666 ], [ -64.999, -31.666 ], [ -64.999, -31.699 ], [ -64.966, -31.699 ], [ -64.966, -31.733 ], [ -64.966, -31.766 ], [ -64.966, -31.799 ], [ -64.933, -31.799 ], [ -64.933, -31.833 ], [ -64.966, -31.833 ], [ -64.966, -31.866 ], [ -64.966, -31.899 ], [ -64.999, -31.899 ], [ -64.999, -31.933 ], [ -64.999, -31.966 ], [ -64.999, -31.999 ], [ -64.999, -32.033 ], [ -64.999, -32.066 ], [ -64.999, -32.099 ], [ -64.999, -32.133 ], [ -64.999, -32.166 ], [ -64.999, -32.199 ], [ -64.999, -32.233 ], [ -64.999, -32.266 ], [ -64.999, -32.299 ], [ -64.999, -32.333 ], [ -64.999, -32.366 ], [ -64.999, -32.399 ], [ -64.999, -32.433 ], [ -64.999, -32.466 ], [ -64.999, -32.499 ], [ -65.033, -32.499 ], [ -65.033, -32.533 ], [ -65.033, -32.566 ], [ -65.033, -32.599 ], [ -65.066, -32.599 ], [ -65.066, -32.633 ], [ -65.066, -32.666 ], [ -65.066, -32.699 ], [ -65.066, -32.733 ], [ -65.099, -32.733 ], [ -65.099, -32.766 ], [ -65.133, -32.766 ], [ -65.133, -32.733 ], [ -65.166, -32.733 ], [ -65.199, -32.733 ], [ -65.199, -32.766 ], [ -65.199, -32.799 ], [ -65.233, -32.799 ], [ -65.266, -32.799 ], [ -65.299, -32.799 ], [ -65.299, -32.833 ], [ -65.333, -32.833 ], [ -65.333, -32.799 ], [ -65.366, -32.799 ], [ -65.399, -32.799 ], [ -65.433, -32.799 ], [ -65.433, -32.766 ], [ -65.399, -32.766 ], [ -65.399, -32.733 ], [ -65.399, -32.699 ], [ -65.399, -32.666 ], [ -65.433, -32.666 ], [ -65.466, -32.666 ], [ -65.466, -32.633 ], [ -65.466, -32.599 ], [ -65.466, -32.566 ], [ -65.466, -32.533 ], [ -65.499, -32.533 ], [ -65.499, -32.499 ], [ -65.499, -32.466 ], [ -65.533, -32.466 ], [ -65.533, -32.433 ], [ -65.533, -32.399 ], [ -65.533, -32.366 ], [ -65.566, -32.366 ], [ -65.599, -32.366 ], [ -65.633, -32.366 ], [ -65.633, -32.399 ], [ -65.666, -32.399 ], [ -65.666, -32.366 ], [ -65.699, -32.366 ], [ -65.733, -32.366 ], [ -65.766, -32.366 ], [ -65.799, -32.366 ], [ -65.833, -32.366 ], [ -65.866, -32.366 ] ] ], [ [ [ -65.333, -31.566 ], [ -65.299, -31.566 ], [ -65.299, -31.599 ], [ -65.333, -31.599 ], [ -65.333, -31.566 ] ] ], [ [ [ -65.333, -31.566 ], [ -65.366, -31.566 ], [ -65.366, -31.533 ], [ -65.333, -31.533 ], [ -65.333, -31.566 ] ] ], [ [ [ -68.666, -31.499 ], [ -68.699, -31.499 ], [ -68.699, -31.533 ], [ -68.699, -31.566 ], [ -68.733, -31.566 ], [ -68.766, -31.566 ], [ -68.766, -31.533 ], [ -68.766, -31.499 ], [ -68.733, -31.499 ], [ -68.733, -31.466 ], [ -68.699, -31.466 ], [ -68.699, -31.433 ], [ -68.666, -31.433 ], [ -68.666, -31.466 ], [ -68.666, -31.499 ] ] ], [ [ [ -65.366, -31.499 ], [ -65.399, -31.499 ], [ -65.399, -31.466 ], [ -65.399, -31.433 ], [ -65.366, -31.433 ], [ -65.366, -31.466 ], [ -65.366, -31.499 ] ] ], [ [ [ -67.499, -31.366 ], [ -67.499, -31.399 ], [ -67.499, -31.433 ], [ -67.533, -31.433 ], [ -67.533, -31.399 ], [ -67.533, -31.366 ], [ -67.499, -31.366 ] ] ], [ [ [ -67.499, -31.366 ], [ -67.499, -31.333 ], [ -67.533, -31.333 ], [ -67.566, -31.333 ], [ -67.566, -31.299 ], [ -67.566, -31.266 ], [ -67.533, -31.266 ], [ -67.499, -31.266 ], [ -67.466, -31.266 ], [ -67.466, -31.299 ], [ -67.433, -31.299 ], [ -67.433, -31.333 ], [ -67.399, -31.333 ], [ -67.399, -31.366 ], [ -67.366, -31.366 ], [ -67.366, -31.333 ], [ -67.366, -31.299 ], [ -67.366, -31.266 ], [ -67.333, -31.266 ], [ -67.333, -31.233 ], [ -67.333, -31.199 ], [ -67.299, -31.199 ], [ -67.299, -31.233 ], [ -67.299, -31.266 ], [ -67.299, -31.299 ], [ -67.333, -31.299 ], [ -67.333, -31.333 ], [ -67.333, -31.366 ], [ -67.333, -31.399 ], [ -67.333, -31.433 ], [ -67.366, -31.433 ], [ -67.399, -31.433 ], [ -67.399, -31.399 ], [ -67.433, -31.399 ], [ -67.433, -31.366 ], [ -67.466, -31.366 ], [ -67.499, -31.366 ] ] ], [ [ [ -67.599, -31.033 ], [ -67.566, -31.033 ], [ -67.566, -31.066 ], [ -67.566, -31.099 ], [ -67.533, -31.099 ], [ -67.533, -31.133 ], [ -67.533, -31.166 ], [ -67.533, -31.199 ], [ -67.533, -31.233 ], [ -67.566, -31.233 ], [ -67.566, -31.199 ], [ -67.566, -31.166 ], [ -67.599, -31.166 ], [ -67.599, -31.133 ], [ -67.599, -31.099 ], [ -67.599, -31.066 ], [ -67.599, -31.033 ] ] ], [ [ [ -66.699, -31.033 ], [ -66.666, -31.033 ], [ -66.666, -31.066 ], [ -66.699, -31.066 ], [ -66.699, -31.033 ] ] ], [ [ [ -67.299, -30.999 ], [ -67.266, -30.999 ], [ -67.266, -31.033 ], [ -67.266, -31.066 ], [ -67.266, -31.099 ], [ -67.266, -31.133 ], [ -67.266, -31.166 ], [ -67.299, -31.166 ], [ -67.299, -31.133 ], [ -67.299, -31.099 ], [ -67.299, -31.066 ], [ -67.299, -31.033 ], [ -67.299, -30.999 ] ] ], [ [ [ -65.333, -31.033 ], [ -65.333, -31.066 ], [ -65.299, -31.066 ], [ -65.299, -31.099 ], [ -65.299, -31.133 ], [ -65.299, -31.166 ], [ -65.333, -31.166 ], [ -65.366, -31.166 ], [ -65.366, -31.199 ], [ -65.399, -31.199 ], [ -65.399, -31.233 ], [ -65.399, -31.266 ], [ -65.399, -31.299 ], [ -65.399, -31.333 ], [ -65.399, -31.366 ], [ -65.433, -31.366 ], [ -65.433, -31.333 ], [ -65.433, -31.299 ], [ -65.433, -31.266 ], [ -65.433, -31.233 ], [ -65.433, -31.199 ], [ -65.433, -31.166 ], [ -65.433, -31.133 ], [ -65.433, -31.099 ], [ -65.433, -31.066 ], [ -65.433, -31.033 ], [ -65.433, -30.999 ], [ -65.399, -30.999 ], [ -65.399, -30.966 ], [ -65.366, -30.966 ], [ -65.366, -30.933 ], [ -65.333, -30.933 ], [ -65.333, -30.966 ], [ -65.333, -30.999 ], [ -65.333, -31.033 ] ] ], [ [ [ -67.299, -30.999 ], [ -67.333, -30.999 ], [ -67.333, -30.966 ], [ -67.333, -30.933 ], [ -67.333, -30.899 ], [ -67.333, -30.866 ], [ -67.299, -30.866 ], [ -67.299, -30.899 ], [ -67.299, -30.933 ], [ -67.299, -30.966 ], [ -67.299, -30.999 ] ] ], [ [ [ -66.666, -31.033 ], [ -66.666, -30.999 ], [ -66.699, -30.999 ], [ -66.699, -31.033 ], [ -66.733, -31.033 ], [ -66.733, -30.999 ], [ -66.733, -30.966 ], [ -66.733, -30.933 ], [ -66.733, -30.899 ], [ -66.699, -30.899 ], [ -66.699, -30.933 ], [ -66.666, -30.933 ], [ -66.666, -30.899 ], [ -66.666, -30.866 ], [ -66.666, -30.833 ], [ -66.633, -30.833 ], [ -66.633, -30.866 ], [ -66.633, -30.899 ], [ -66.633, -30.933 ], [ -66.633, -30.966 ], [ -66.633, -30.999 ], [ -66.633, -31.033 ], [ -66.666, -31.033 ] ] ], [ [ [ -67.599, -31.033 ], [ -67.633, -31.033 ], [ -67.633, -30.999 ], [ -67.633, -30.966 ], [ -67.666, -30.966 ], [ -67.666, -30.933 ], [ -67.699, -30.933 ], [ -67.733, -30.933 ], [ -67.733, -30.899 ], [ -67.733, -30.866 ], [ -67.766, -30.866 ], [ -67.766, -30.833 ], [ -67.766, -30.799 ], [ -67.733, -30.799 ], [ -67.733, -30.833 ], [ -67.699, -30.833 ], [ -67.699, -30.866 ], [ -67.666, -30.866 ], [ -67.633, -30.866 ], [ -67.633, -30.899 ], [ -67.633, -30.933 ], [ -67.599, -30.933 ], [ -67.599, -30.966 ], [ -67.599, -30.999 ], [ -67.599, -31.033 ] ] ], [ [ [ -66.633, -30.833 ], [ -66.633, -30.799 ], [ -66.599, -30.799 ], [ -66.566, -30.799 ], [ -66.566, -30.833 ], [ -66.599, -30.833 ], [ -66.633, -30.833 ] ] ], [ [ [ -64.633, -30.833 ], [ -64.633, -30.866 ], [ -64.599, -30.866 ], [ -64.599, -30.899 ], [ -64.599, -30.933 ], [ -64.599, -30.966 ], [ -64.599, -30.999 ], [ -64.633, -30.999 ], [ -64.633, -30.966 ], [ -64.666, -30.966 ], [ -64.699, -30.966 ], [ -64.733, -30.966 ], [ -64.733, -30.933 ], [ -64.766, -30.933 ], [ -64.799, -30.933 ], [ -64.799, -30.966 ], [ -64.833, -30.966 ], [ -64.833, -30.933 ], [ -64.833, -30.899 ], [ -64.866, -30.899 ], [ -64.899, -30.899 ], [ -64.899, -30.933 ], [ -64.899, -30.966 ], [ -64.899, -30.999 ], [ -64.933, -30.999 ], [ -64.933, -31.033 ], [ -64.966, -31.033 ], [ -64.966, -31.066 ], [ -64.999, -31.066 ], [ -64.999, -31.099 ], [ -64.999, -31.133 ], [ -64.999, -31.166 ], [ -65.033, -31.166 ], [ -65.033, -31.199 ], [ -65.033, -31.233 ], [ -65.033, -31.266 ], [ -65.066, -31.266 ], [ -65.066, -31.299 ], [ -65.099, -31.299 ], [ -65.099, -31.266 ], [ -65.133, -31.266 ], [ -65.166, -31.266 ], [ -65.199, -31.266 ], [ -65.199, -31.233 ], [ -65.233, -31.233 ], [ -65.233, -31.199 ], [ -65.233, -31.166 ], [ -65.233, -31.133 ], [ -65.266, -31.133 ], [ -65.266, -31.099 ], [ -65.266, -31.066 ], [ -65.266, -31.033 ], [ -65.299, -31.033 ], [ -65.299, -30.999 ], [ -65.299, -30.966 ], [ -65.299, -30.933 ], [ -65.299, -30.899 ], [ -65.333, -30.899 ], [ -65.333, -30.866 ], [ -65.333, -30.833 ], [ -65.299, -30.833 ], [ -65.299, -30.866 ], [ -65.266, -30.866 ], [ -65.266, -30.899 ], [ -65.233, -30.899 ], [ -65.233, -30.933 ], [ -65.233, -30.966 ], [ -65.199, -30.966 ], [ -65.199, -30.999 ], [ -65.166, -30.999 ], [ -65.133, -30.999 ], [ -65.133, -31.033 ], [ -65.099, -31.033 ], [ -65.099, -30.999 ], [ -65.066, -30.999 ], [ -65.066, -30.966 ], [ -65.033, -30.966 ], [ -64.999, -30.966 ], [ -64.999, -30.933 ], [ -64.966, -30.933 ], [ -64.966, -30.899 ], [ -64.933, -30.899 ], [ -64.933, -30.866 ], [ -64.933, -30.833 ], [ -64.899, -30.833 ], [ -64.866, -30.833 ], [ -64.866, -30.799 ], [ -64.833, -30.799 ], [ -64.799, -30.799 ], [ -64.766, -30.799 ], [ -64.733, -30.799 ], [ -64.733, -30.833 ], [ -64.699, -30.833 ], [ -64.666, -30.833 ], [ -64.633, -30.833 ] ] ], [ [ [ -66.366, -30.799 ], [ -66.366, -30.766 ], [ -66.333, -30.766 ], [ -66.299, -30.766 ], [ -66.299, -30.733 ], [ -66.266, -30.733 ], [ -66.266, -30.766 ], [ -66.266, -30.799 ], [ -66.299, -30.799 ], [ -66.333, -30.799 ], [ -66.366, -30.799 ] ] ], [ [ [ -66.266, -30.699 ], [ -66.299, -30.699 ], [ -66.299, -30.666 ], [ -66.266, -30.666 ], [ -66.266, -30.699 ] ] ], [ [ [ -67.533, -30.666 ], [ -67.566, -30.666 ], [ -67.566, -30.633 ], [ -67.533, -30.633 ], [ -67.533, -30.666 ] ] ], [ [ [ -66.633, -30.799 ], [ -66.666, -30.799 ], [ -66.666, -30.766 ], [ -66.666, -30.733 ], [ -66.666, -30.699 ], [ -66.666, -30.666 ], [ -66.666, -30.633 ], [ -66.633, -30.633 ], [ -66.633, -30.666 ], [ -66.633, -30.699 ], [ -66.633, -30.733 ], [ -66.633, -30.766 ], [ -66.633, -30.799 ] ] ], [ [ [ -66.266, -30.633 ], [ -66.299, -30.633 ], [ -66.299, -30.599 ], [ -66.299, -30.566 ], [ -66.266, -30.566 ], [ -66.266, -30.599 ], [ -66.266, -30.633 ] ] ], [ [ [ -66.333, -30.499 ], [ -66.299, -30.499 ], [ -66.299, -30.533 ], [ -66.333, -30.533 ], [ -66.333, -30.499 ] ] ], [ [ [ -68.633, -30.566 ], [ -68.666, -30.566 ], [ -68.666, -30.533 ], [ -68.666, -30.499 ], [ -68.666, -30.466 ], [ -68.633, -30.466 ], [ -68.633, -30.499 ], [ -68.633, -30.533 ], [ -68.633, -30.566 ] ] ], [ [ [ -66.333, -30.499 ], [ -66.366, -30.499 ], [ -66.366, -30.466 ], [ -66.333, -30.466 ], [ -66.333, -30.499 ] ] ], [ [ [ -66.399, -30.399 ], [ -66.366, -30.399 ], [ -66.366, -30.433 ], [ -66.399, -30.433 ], [ -66.399, -30.399 ] ] ], [ [ [ -66.399, -30.399 ], [ -66.433, -30.399 ], [ -66.433, -30.366 ], [ -66.399, -30.366 ], [ -66.399, -30.399 ] ] ], [ [ [ -66.433, -30.366 ], [ -66.466, -30.366 ], [ -66.466, -30.333 ], [ -66.433, -30.333 ], [ -66.433, -30.366 ] ] ], [ [ [ -66.466, -30.333 ], [ -66.499, -30.333 ], [ -66.499, -30.366 ], [ -66.499, -30.399 ], [ -66.499, -30.433 ], [ -66.499, -30.466 ], [ -66.466, -30.466 ], [ -66.466, -30.499 ], [ -66.466, -30.533 ], [ -66.466, -30.566 ], [ -66.466, -30.599 ], [ -66.466, -30.633 ], [ -66.433, -30.633 ], [ -66.433, -30.666 ], [ -66.399, -30.666 ], [ -66.366, -30.666 ], [ -66.366, -30.699 ], [ -66.366, -30.733 ], [ -66.366, -30.766 ], [ -66.399, -30.766 ], [ -66.399, -30.799 ], [ -66.366, -30.799 ], [ -66.366, -30.833 ], [ -66.333, -30.833 ], [ -66.333, -30.866 ], [ -66.299, -30.866 ], [ -66.299, -30.899 ], [ -66.299, -30.933 ], [ -66.333, -30.933 ], [ -66.366, -30.933 ], [ -66.399, -30.933 ], [ -66.399, -30.966 ], [ -66.399, -30.999 ], [ -66.399, -31.033 ], [ -66.399, -31.066 ], [ -66.433, -31.066 ], [ -66.433, -31.099 ], [ -66.466, -31.099 ], [ -66.499, -31.099 ], [ -66.533, -31.099 ], [ -66.533, -31.133 ], [ -66.566, -31.133 ], [ -66.566, -31.166 ], [ -66.599, -31.166 ], [ -66.599, -31.199 ], [ -66.599, -31.233 ], [ -66.633, -31.233 ], [ -66.666, -31.233 ], [ -66.666, -31.199 ], [ -66.699, -31.199 ], [ -66.699, -31.166 ], [ -66.733, -31.166 ], [ -66.733, -31.133 ], [ -66.699, -31.133 ], [ -66.666, -31.133 ], [ -66.666, -31.166 ], [ -66.633, -31.166 ], [ -66.633, -31.133 ], [ -66.599, -31.133 ], [ -66.599, -31.099 ], [ -66.599, -31.066 ], [ -66.599, -31.033 ], [ -66.566, -31.033 ], [ -66.533, -31.033 ], [ -66.533, -30.999 ], [ -66.499, -30.999 ], [ -66.466, -30.999 ], [ -66.466, -30.966 ], [ -66.466, -30.933 ], [ -66.433, -30.933 ], [ -66.433, -30.899 ], [ -66.433, -30.866 ], [ -66.466, -30.866 ], [ -66.466, -30.833 ], [ -66.499, -30.833 ], [ -66.499, -30.799 ], [ -66.533, -30.799 ], [ -66.533, -30.766 ], [ -66.533, -30.733 ], [ -66.533, -30.699 ], [ -66.566, -30.699 ], [ -66.566, -30.666 ], [ -66.566, -30.633 ], [ -66.566, -30.599 ], [ -66.599, -30.599 ], [ -66.599, -30.633 ], [ -66.633, -30.633 ], [ -66.633, -30.599 ], [ -66.633, -30.566 ], [ -66.599, -30.566 ], [ -66.599, -30.533 ], [ -66.566, -30.533 ], [ -66.566, -30.499 ], [ -66.533, -30.499 ], [ -66.533, -30.466 ], [ -66.533, -30.433 ], [ -66.533, -30.399 ], [ -66.533, -30.366 ], [ -66.533, -30.333 ], [ -66.533, -30.299 ], [ -66.533, -30.266 ], [ -66.533, -30.233 ], [ -66.499, -30.233 ], [ -66.499, -30.266 ], [ -66.466, -30.266 ], [ -66.466, -30.299 ], [ -66.466, -30.333 ] ] ], [ [ [ -66.966, -29.799 ], [ -66.999, -29.799 ], [ -66.999, -29.766 ], [ -66.999, -29.733 ], [ -66.999, -29.699 ], [ -66.966, -29.699 ], [ -66.966, -29.733 ], [ -66.966, -29.766 ], [ -66.966, -29.799 ] ] ], [ [ [ -68.299, -29.699 ], [ -68.299, -29.666 ], [ -68.266, -29.666 ], [ -68.266, -29.633 ], [ -68.266, -29.599 ], [ -68.233, -29.599 ], [ -68.233, -29.633 ], [ -68.233, -29.666 ], [ -68.233, -29.699 ], [ -68.266, -29.699 ], [ -68.299, -29.699 ] ] ], [ [ [ -66.933, -29.533 ], [ -66.933, -29.566 ], [ -66.933, -29.599 ], [ -66.933, -29.633 ], [ -66.966, -29.633 ], [ -66.966, -29.599 ], [ -66.966, -29.566 ], [ -66.966, -29.533 ], [ -66.933, -29.533 ] ] ], [ [ [ -66.933, -29.533 ], [ -66.933, -29.499 ], [ -66.933, -29.466 ], [ -66.933, -29.433 ], [ -66.933, -29.399 ], [ -66.899, -29.399 ], [ -66.899, -29.433 ], [ -66.899, -29.466 ], [ -66.899, -29.499 ], [ -66.899, -29.533 ], [ -66.933, -29.533 ] ] ], [ [ [ -66.899, -29.399 ], [ -66.899, -29.366 ], [ -66.899, -29.333 ], [ -66.866, -29.333 ], [ -66.866, -29.299 ], [ -66.833, -29.299 ], [ -66.833, -29.333 ], [ -66.833, -29.366 ], [ -66.866, -29.366 ], [ -66.866, -29.399 ], [ -66.899, -29.399 ] ] ], [ [ [ -64.033, -29.299 ], [ -64.066, -29.299 ], [ -64.066, -29.266 ], [ -64.033, -29.266 ], [ -64.033, -29.299 ] ] ], [ [ [ -64.333, -31.966 ], [ -64.333, -31.999 ], [ -64.299, -31.999 ], [ -64.299, -32.033 ], [ -64.333, -32.033 ], [ -64.333, -32.066 ], [ -64.366, -32.066 ], [ -64.366, -32.099 ], [ -64.366, -32.133 ], [ -64.399, -32.133 ], [ -64.399, -32.166 ], [ -64.433, -32.166 ], [ -64.466, -32.166 ], [ -64.499, -32.166 ], [ -64.499, -32.133 ], [ -64.499, -32.099 ], [ -64.533, -32.099 ], [ -64.533, -32.133 ], [ -64.533, -32.166 ], [ -64.533, -32.199 ], [ -64.566, -32.199 ], [ -64.566, -32.233 ], [ -64.533, -32.233 ], [ -64.533, -32.266 ], [ -64.533, -32.299 ], [ -64.499, -32.299 ], [ -64.466, -32.299 ], [ -64.466, -32.266 ], [ -64.433, -32.266 ], [ -64.433, -32.233 ], [ -64.399, -32.233 ], [ -64.366, -32.233 ], [ -64.366, -32.266 ], [ -64.333, -32.266 ], [ -64.333, -32.299 ], [ -64.299, -32.299 ], [ -64.299, -32.333 ], [ -64.266, -32.333 ], [ -64.266, -32.366 ], [ -64.233, -32.366 ], [ -64.233, -32.399 ], [ -64.199, -32.399 ], [ -64.199, -32.433 ], [ -64.199, -32.466 ], [ -64.199, -32.499 ], [ -64.199, -32.533 ], [ -64.199, -32.566 ], [ -64.199, -32.599 ], [ -64.199, -32.633 ], [ -64.233, -32.633 ], [ -64.233, -32.666 ], [ -64.233, -32.699 ], [ -64.266, -32.699 ], [ -64.299, -32.699 ], [ -64.333, -32.699 ], [ -64.333, -32.733 ], [ -64.333, -32.766 ], [ -64.299, -32.766 ], [ -64.299, -32.799 ], [ -64.333, -32.799 ], [ -64.333, -32.833 ], [ -64.366, -32.833 ], [ -64.399, -32.833 ], [ -64.399, -32.866 ], [ -64.399, -32.899 ], [ -64.433, -32.899 ], [ -64.433, -32.933 ], [ -64.466, -32.933 ], [ -64.466, -32.966 ], [ -64.466, -32.999 ], [ -64.466, -33.033 ], [ -64.499, -33.033 ], [ -64.533, -33.033 ], [ -64.533, -33.066 ], [ -64.566, -33.066 ], [ -64.566, -33.099 ], [ -64.566, -33.133 ], [ -64.566, -33.166 ], [ -64.566, -33.199 ], [ -64.566, -33.233 ], [ -64.566, -33.266 ], [ -64.566, -33.299 ], [ -64.599, -33.299 ], [ -64.599, -33.333 ], [ -64.599, -33.366 ], [ -64.599, -33.399 ], [ -64.633, -33.399 ], [ -64.633, -33.433 ], [ -64.599, -33.433 ], [ -64.599, -33.466 ], [ -64.633, -33.466 ], [ -64.633, -33.499 ], [ -64.633, -33.533 ], [ -64.633, -33.566 ], [ -64.633, -33.599 ], [ -64.633, -33.633 ], [ -64.633, -33.666 ], [ -64.633, -33.699 ], [ -64.633, -33.733 ], [ -64.633, -33.766 ], [ -64.666, -33.766 ], [ -64.666, -33.799 ], [ -64.666, -33.833 ], [ -64.633, -33.833 ], [ -64.633, -33.866 ], [ -64.666, -33.866 ], [ -64.666, -33.899 ], [ -64.666, -33.933 ], [ -64.666, -33.966 ], [ -64.666, -33.999 ], [ -64.633, -33.999 ], [ -64.633, -34.033 ], [ -64.633, -34.066 ], [ -64.633, -34.099 ], [ -64.633, -34.133 ], [ -64.666, -34.133 ], [ -64.666, -34.166 ], [ -64.666, -34.199 ], [ -64.633, -34.199 ], [ -64.633, -34.233 ], [ -64.666, -34.233 ], [ -64.666, -34.266 ], [ -64.633, -34.266 ], [ -64.633, -34.299 ], [ -64.666, -34.299 ], [ -64.666, -34.333 ], [ -64.666, -34.366 ], [ -64.699, -34.366 ], [ -64.699, -34.399 ], [ -64.733, -34.399 ], [ -64.733, -34.433 ], [ -64.766, -34.433 ], [ -64.766, -34.466 ], [ -64.733, -34.466 ], [ -64.733, -34.499 ], [ -64.699, -34.499 ], [ -64.699, -34.533 ], [ -64.699, -34.566 ], [ -64.666, -34.566 ], [ -64.666, -34.533 ], [ -64.666, -34.499 ], [ -64.633, -34.499 ], [ -64.633, -34.466 ], [ -64.599, -34.466 ], [ -64.599, -34.433 ], [ -64.599, -34.399 ], [ -64.566, -34.399 ], [ -64.566, -34.366 ], [ -64.566, -34.333 ], [ -64.533, -34.333 ], [ -64.533, -34.299 ], [ -64.533, -34.266 ], [ -64.499, -34.266 ], [ -64.466, -34.266 ], [ -64.433, -34.266 ], [ -64.399, -34.266 ], [ -64.366, -34.266 ], [ -64.333, -34.266 ], [ -64.333, -34.299 ], [ -64.299, -34.299 ], [ -64.299, -34.333 ], [ -64.266, -34.333 ], [ -64.233, -34.333 ], [ -64.199, -34.333 ], [ -64.166, -34.333 ], [ -64.166, -34.299 ], [ -64.199, -34.299 ], [ -64.199, -34.266 ], [ -64.166, -34.266 ], [ -64.133, -34.266 ], [ -64.133, -34.233 ], [ -64.099, -34.233 ], [ -64.099, -34.199 ], [ -64.066, -34.199 ], [ -64.033, -34.199 ], [ -63.999, -34.199 ], [ -63.999, -34.166 ], [ -63.999, -34.133 ], [ -63.999, -34.099 ], [ -63.999, -34.066 ], [ -63.966, -34.066 ], [ -63.966, -34.033 ], [ -63.966, -33.999 ], [ -63.966, -33.966 ], [ -63.933, -33.966 ], [ -63.933, -33.933 ], [ -63.899, -33.933 ], [ -63.899, -33.899 ], [ -63.866, -33.899 ], [ -63.866, -33.866 ], [ -63.866, -33.833 ], [ -63.833, -33.833 ], [ -63.799, -33.833 ], [ -63.799, -33.799 ], [ -63.766, -33.799 ], [ -63.733, -33.799 ], [ -63.733, -33.766 ], [ -63.699, -33.766 ], [ -63.699, -33.733 ], [ -63.666, -33.733 ], [ -63.633, -33.733 ], [ -63.633, -33.699 ], [ -63.599, -33.699 ], [ -63.566, -33.699 ], [ -63.566, -33.666 ], [ -63.533, -33.666 ], [ -63.499, -33.666 ], [ -63.466, -33.666 ], [ -63.466, -33.633 ], [ -63.433, -33.633 ], [ -63.399, -33.633 ], [ -63.366, -33.633 ], [ -63.333, -33.633 ], [ -63.333, -33.599 ], [ -63.299, -33.599 ], [ -63.299, -33.633 ], [ -63.266, -33.633 ], [ -63.266, -33.599 ], [ -63.266, -33.566 ], [ -63.233, -33.566 ], [ -63.199, -33.566 ], [ -63.199, -33.599 ], [ -63.166, -33.599 ], [ -63.166, -33.566 ], [ -63.133, -33.566 ], [ -63.099, -33.566 ], [ -63.066, -33.566 ], [ -63.033, -33.566 ], [ -62.999, -33.566 ], [ -62.999, -33.599 ], [ -62.999, -33.633 ], [ -62.966, -33.633 ], [ -62.933, -33.633 ], [ -62.899, -33.633 ], [ -62.899, -33.666 ], [ -62.866, -33.666 ], [ -62.866, -33.633 ], [ -62.833, -33.633 ], [ -62.799, -33.633 ], [ -62.766, -33.633 ], [ -62.733, -33.633 ], [ -62.733, -33.599 ], [ -62.699, -33.599 ], [ -62.699, -33.566 ], [ -62.666, -33.566 ], [ -62.666, -33.533 ], [ -62.633, -33.533 ], [ -62.633, -33.499 ], [ -62.633, -33.466 ], [ -62.599, -33.466 ], [ -62.566, -33.466 ], [ -62.566, -33.433 ], [ -62.599, -33.433 ], [ -62.599, -33.399 ], [ -62.599, -33.366 ], [ -62.599, -33.333 ], [ -62.599, -33.299 ], [ -62.599, -33.266 ], [ -62.599, -33.233 ], [ -62.599, -33.199 ], [ -62.566, -33.199 ], [ -62.566, -33.233 ], [ -62.533, -33.233 ], [ -62.533, -33.199 ], [ -62.533, -33.166 ], [ -62.533, -33.133 ], [ -62.566, -33.133 ], [ -62.566, -33.099 ], [ -62.533, -33.099 ], [ -62.533, -33.066 ], [ -62.566, -33.066 ], [ -62.566, -33.033 ], [ -62.566, -32.999 ], [ -62.599, -32.999 ], [ -62.599, -32.966 ], [ -62.633, -32.966 ], [ -62.633, -32.933 ], [ -62.666, -32.933 ], [ -62.666, -32.899 ], [ -62.666, -32.866 ], [ -62.699, -32.866 ], [ -62.699, -32.833 ], [ -62.666, -32.833 ], [ -62.666, -32.799 ], [ -62.666, -32.766 ], [ -62.699, -32.766 ], [ -62.699, -32.733 ], [ -62.666, -32.733 ], [ -62.666, -32.699 ], [ -62.666, -32.666 ], [ -62.666, -32.633 ], [ -62.666, -32.599 ], [ -62.666, -32.566 ], [ -62.633, -32.566 ], [ -62.633, -32.533 ], [ -62.633, -32.499 ], [ -62.599, -32.499 ], [ -62.599, -32.466 ], [ -62.566, -32.466 ], [ -62.566, -32.433 ], [ -62.566, -32.399 ], [ -62.533, -32.399 ], [ -62.533, -32.366 ], [ -62.499, -32.366 ], [ -62.499, -32.333 ], [ -62.466, -32.333 ], [ -62.466, -32.299 ], [ -62.433, -32.299 ], [ -62.399, -32.299 ], [ -62.399, -32.266 ], [ -62.366, -32.266 ], [ -62.333, -32.266 ], [ -62.299, -32.266 ], [ -62.299, -32.233 ], [ -62.266, -32.233 ], [ -62.233, -32.233 ], [ -62.199, -32.233 ], [ -62.166, -32.233 ], [ -62.133, -32.233 ], [ -62.099, -32.233 ], [ -62.066, -32.233 ], [ -62.066, -32.266 ], [ -62.033, -32.266 ], [ -61.999, -32.266 ], [ -61.999, -32.233 ], [ -62.033, -32.233 ], [ -62.033, -32.199 ], [ -62.033, -32.166 ], [ -61.999, -32.166 ], [ -61.999, -32.199 ], [ -61.966, -32.199 ], [ -61.966, -32.233 ], [ -61.933, -32.233 ], [ -61.933, -32.266 ], [ -61.899, -32.266 ], [ -61.866, -32.266 ], [ -61.833, -32.266 ], [ -61.799, -32.266 ], [ -61.799, -32.299 ], [ -61.799, -32.333 ], [ -61.766, -32.333 ], [ -61.766, -32.366 ], [ -61.733, -32.366 ], [ -61.733, -32.399 ], [ -61.733, -32.433 ], [ -61.699, -32.433 ], [ -61.666, -32.433 ], [ -61.666, -32.466 ], [ -61.666, -32.499 ], [ -61.666, -32.533 ], [ -61.633, -32.533 ], [ -61.633, -32.566 ], [ -61.633, -32.599 ], [ -61.633, -32.633 ], [ -61.633, -32.666 ], [ -61.633, -32.699 ], [ -61.599, -32.699 ], [ -61.599, -32.733 ], [ -61.599, -32.766 ], [ -61.599, -32.799 ], [ -61.599, -32.833 ], [ -61.599, -32.866 ], [ -61.633, -32.866 ], [ -61.633, -32.899 ], [ -61.633, -32.933 ], [ -61.599, -32.933 ], [ -61.599, -32.966 ], [ -61.633, -32.966 ], [ -61.633, -32.999 ], [ -61.633, -33.033 ], [ -61.666, -33.033 ], [ -61.699, -33.033 ], [ -61.733, -33.033 ], [ -61.766, -33.033 ], [ -61.766, -32.999 ], [ -61.799, -32.999 ], [ -61.799, -33.033 ], [ -61.833, -33.033 ], [ -61.833, -33.066 ], [ -61.799, -33.066 ], [ -61.766, -33.066 ], [ -61.766, -33.099 ], [ -61.766, -33.133 ], [ -61.733, -33.133 ], [ -61.733, -33.166 ], [ -61.699, -33.166 ], [ -61.699, -33.199 ], [ -61.699, -33.233 ], [ -61.699, -33.266 ], [ -61.666, -33.266 ], [ -61.633, -33.266 ], [ -61.599, -33.266 ], [ -61.599, -33.299 ], [ -61.633, -33.299 ], [ -61.633, -33.333 ], [ -61.666, -33.333 ], [ -61.666, -33.366 ], [ -61.633, -33.366 ], [ -61.633, -33.333 ], [ -61.599, -33.333 ], [ -61.566, -33.333 ], [ -61.566, -33.366 ], [ -61.566, -33.399 ], [ -61.599, -33.399 ], [ -61.599, -33.433 ], [ -61.599, -33.466 ], [ -61.599, -33.499 ], [ -61.599, -33.533 ], [ -61.599, -33.566 ], [ -61.566, -33.566 ], [ -61.566, -33.599 ], [ -61.533, -33.599 ], [ -61.499, -33.599 ], [ -61.466, -33.599 ], [ -61.466, -33.633 ], [ -61.466, -33.666 ], [ -61.499, -33.666 ], [ -61.499, -33.699 ], [ -61.466, -33.699 ], [ -61.466, -33.733 ], [ -61.466, -33.766 ], [ -61.433, -33.766 ], [ -61.433, -33.733 ], [ -61.399, -33.733 ], [ -61.399, -33.699 ], [ -61.366, -33.699 ], [ -61.366, -33.666 ], [ -61.333, -33.666 ], [ -61.333, -33.633 ], [ -61.299, -33.633 ], [ -61.266, -33.633 ], [ -61.233, -33.633 ], [ -61.199, -33.633 ], [ -61.166, -33.633 ], [ -61.133, -33.633 ], [ -61.133, -33.666 ], [ -61.133, -33.699 ], [ -61.099, -33.699 ], [ -61.066, -33.699 ], [ -61.033, -33.699 ], [ -61.033, -33.733 ], [ -61.033, -33.766 ], [ -60.999, -33.766 ], [ -60.999, -33.799 ], [ -60.966, -33.799 ], [ -60.933, -33.799 ], [ -60.933, -33.833 ], [ -60.899, -33.833 ], [ -60.866, -33.833 ], [ -60.833, -33.833 ], [ -60.833, -33.866 ], [ -60.866, -33.866 ], [ -60.866, -33.899 ], [ -60.866, -33.933 ], [ -60.833, -33.933 ], [ -60.833, -33.966 ], [ -60.799, -33.966 ], [ -60.766, -33.966 ], [ -60.733, -33.966 ], [ -60.733, -33.999 ], [ -60.699, -33.999 ], [ -60.666, -33.999 ], [ -60.666, -34.033 ], [ -60.633, -34.033 ], [ -60.633, -34.066 ], [ -60.633, -34.099 ], [ -60.633, -34.133 ], [ -60.599, -34.133 ], [ -60.566, -34.133 ], [ -60.566, -34.166 ], [ -60.533, -34.166 ], [ -60.533, -34.199 ], [ -60.499, -34.199 ], [ -60.499, -34.233 ], [ -60.499, -34.266 ], [ -60.466, -34.266 ], [ -60.433, -34.266 ], [ -60.433, -34.299 ], [ -60.399, -34.299 ], [ -60.399, -34.333 ], [ -60.399, -34.366 ], [ -60.399, -34.399 ], [ -60.366, -34.399 ], [ -60.366, -34.433 ], [ -60.333, -34.433 ], [ -60.333, -34.466 ], [ -60.333, -34.499 ], [ -60.333, -34.533 ], [ -60.333, -34.566 ], [ -60.333, -34.599 ], [ -60.333, -34.633 ], [ -60.299, -34.633 ], [ -60.299, -34.666 ], [ -60.333, -34.666 ], [ -60.333, -34.699 ], [ -60.333, -34.733 ], [ -60.299, -34.733 ], [ -60.299, -34.766 ], [ -60.299, -34.799 ], [ -60.333, -34.799 ], [ -60.333, -34.833 ], [ -60.366, -34.833 ], [ -60.366, -34.866 ], [ -60.366, -34.899 ], [ -60.399, -34.899 ], [ -60.399, -34.933 ], [ -60.399, -34.966 ], [ -60.433, -34.966 ], [ -60.433, -34.999 ], [ -60.466, -34.999 ], [ -60.466, -35.033 ], [ -60.433, -35.033 ], [ -60.433, -35.066 ], [ -60.433, -35.099 ], [ -60.433, -35.133 ], [ -60.399, -35.133 ], [ -60.399, -35.166 ], [ -60.366, -35.166 ], [ -60.366, -35.199 ], [ -60.333, -35.199 ], [ -60.333, -35.233 ], [ -60.333, -35.266 ], [ -60.299, -35.266 ], [ -60.299, -35.299 ], [ -60.333, -35.299 ], [ -60.333, -35.333 ], [ -60.333, -35.366 ], [ -60.333, -35.399 ], [ -60.333, -35.433 ], [ -60.299, -35.433 ], [ -60.266, -35.433 ], [ -60.266, -35.466 ], [ -60.299, -35.466 ], [ -60.333, -35.466 ], [ -60.333, -35.499 ], [ -60.299, -35.499 ], [ -60.266, -35.499 ], [ -60.266, -35.533 ], [ -60.233, -35.533 ], [ -60.199, -35.533 ], [ -60.199, -35.566 ], [ -60.166, -35.566 ], [ -60.133, -35.566 ], [ -60.133, -35.599 ], [ -60.133, -35.633 ], [ -60.099, -35.633 ], [ -60.099, -35.666 ], [ -60.099, -35.699 ], [ -60.099, -35.733 ], [ -60.066, -35.733 ], [ -60.033, -35.733 ], [ -60.033, -35.766 ], [ -59.999, -35.766 ], [ -59.999, -35.799 ], [ -59.966, -35.799 ], [ -59.966, -35.833 ], [ -59.933, -35.833 ], [ -59.899, -35.833 ], [ -59.866, -35.833 ], [ -59.866, -35.866 ], [ -59.833, -35.866 ], [ -59.799, -35.866 ], [ -59.799, -35.833 ], [ -59.766, -35.833 ], [ -59.766, -35.866 ], [ -59.733, -35.866 ], [ -59.733, -35.833 ], [ -59.699, -35.833 ], [ -59.699, -35.866 ], [ -59.666, -35.866 ], [ -59.633, -35.866 ], [ -59.599, -35.866 ], [ -59.566, -35.866 ], [ -59.533, -35.866 ], [ -59.533, -35.833 ], [ -59.499, -35.833 ], [ -59.499, -35.799 ], [ -59.466, -35.799 ], [ -59.433, -35.799 ], [ -59.433, -35.766 ], [ -59.399, -35.766 ], [ -59.366, -35.766 ], [ -59.333, -35.766 ], [ -59.333, -35.733 ], [ -59.299, -35.733 ], [ -59.266, -35.733 ], [ -59.266, -35.766 ], [ -59.233, -35.766 ], [ -59.199, -35.766 ], [ -59.199, -35.733 ], [ -59.166, -35.733 ], [ -59.133, -35.733 ], [ -59.099, -35.733 ], [ -59.066, -35.733 ], [ -59.066, -35.766 ], [ -59.033, -35.766 ], [ -58.999, -35.766 ], [ -58.966, -35.766 ], [ -58.966, -35.799 ], [ -58.933, -35.799 ], [ -58.899, -35.799 ], [ -58.899, -35.833 ], [ -58.866, -35.833 ], [ -58.866, -35.866 ], [ -58.866, -35.899 ], [ -58.833, -35.899 ], [ -58.833, -35.933 ], [ -58.799, -35.933 ], [ -58.799, -35.966 ], [ -58.799, -35.999 ], [ -58.766, -35.999 ], [ -58.766, -36.033 ], [ -58.766, -36.066 ], [ -58.766, -36.099 ], [ -58.766, -36.133 ], [ -58.766, -36.166 ], [ -58.766, -36.199 ], [ -58.733, -36.199 ], [ -58.733, -36.233 ], [ -58.766, -36.233 ], [ -58.766, -36.266 ], [ -58.766, -36.299 ], [ -58.766, -36.333 ], [ -58.766, -36.366 ], [ -58.799, -36.366 ], [ -58.799, -36.399 ], [ -58.799, -36.433 ], [ -58.833, -36.433 ], [ -58.833, -36.466 ], [ -58.833, -36.499 ], [ -58.799, -36.499 ], [ -58.799, -36.533 ], [ -58.799, -36.566 ], [ -58.833, -36.566 ], [ -58.833, -36.599 ], [ -58.833, -36.633 ], [ -58.833, -36.666 ], [ -58.799, -36.666 ], [ -58.799, -36.699 ], [ -58.799, -36.733 ], [ -58.799, -36.766 ], [ -58.799, -36.799 ], [ -58.799, -36.833 ], [ -58.766, -36.833 ], [ -58.766, -36.866 ], [ -58.766, -36.899 ], [ -58.733, -36.899 ], [ -58.733, -36.933 ], [ -58.699, -36.933 ], [ -58.699, -36.966 ], [ -58.699, -36.999 ], [ -58.699, -37.033 ], [ -58.666, -37.033 ], [ -58.666, -37.066 ], [ -58.666, -37.099 ], [ -58.633, -37.099 ], [ -58.633, -37.133 ], [ -58.599, -37.133 ], [ -58.599, -37.166 ], [ -58.566, -37.166 ], [ -58.533, -37.166 ], [ -58.533, -37.199 ], [ -58.533, -37.233 ], [ -58.533, -37.266 ], [ -58.499, -37.266 ], [ -58.499, -37.299 ], [ -58.533, -37.299 ], [ -58.533, -37.333 ], [ -58.499, -37.333 ], [ -58.466, -37.333 ], [ -58.433, -37.333 ], [ -58.433, -37.366 ], [ -58.399, -37.366 ], [ -58.366, -37.366 ], [ -58.366, -37.399 ], [ -58.333, -37.399 ], [ -58.333, -37.433 ], [ -58.299, -37.433 ], [ -58.299, -37.466 ], [ -58.266, -37.466 ], [ -58.233, -37.466 ], [ -58.233, -37.499 ], [ -58.199, -37.499 ], [ -58.166, -37.499 ], [ -58.166, -37.466 ], [ -58.133, -37.466 ], [ -58.099, -37.466 ], [ -58.099, -37.499 ], [ -58.066, -37.499 ], [ -58.066, -37.466 ], [ -58.033, -37.466 ], [ -57.999, -37.466 ], [ -57.966, -37.466 ], [ -57.966, -37.433 ], [ -57.933, -37.433 ], [ -57.899, -37.433 ], [ -57.866, -37.433 ], [ -57.833, -37.433 ], [ -57.799, -37.433 ], [ -57.766, -37.433 ], [ -57.733, -37.433 ], [ -57.699, -37.433 ], [ -57.666, -37.433 ], [ -57.633, -37.433 ], [ -57.599, -37.433 ], [ -57.566, -37.433 ], [ -57.533, -37.433 ], [ -57.499, -37.433 ], [ -57.466, -37.433 ], [ -57.433, -37.433 ], [ -57.433, -37.466 ], [ -57.399, -37.466 ], [ -57.366, -37.466 ], [ -57.333, -37.466 ], [ -57.333, -37.499 ], [ -57.299, -37.499 ], [ -57.266, -37.499 ], [ -57.266, -37.533 ], [ -57.233, -37.533 ], [ -57.199, -37.533 ], [ -57.199, -37.566 ], [ -57.182, -37.583 ], [ -57.185, -37.585 ], [ -57.201, -37.598 ], [ -57.214, -37.613 ], [ -57.239, -37.634 ], [ -57.265, -37.659 ], [ -57.272, -37.663 ], [ -57.283, -37.668 ], [ -57.298, -37.679 ], [ -57.309, -37.689 ], [ -57.320, -37.696 ], [ -57.342, -37.718 ], [ -57.383, -37.751 ], [ -57.390, -37.761 ], [ -57.408, -37.778 ], [ -57.463, -37.844 ], [ -57.472, -37.857 ], [ -57.479, -37.874 ], [ -57.480, -37.882 ], [ -57.487, -37.898 ], [ -57.488, -37.908 ], [ -57.493, -37.930 ], [ -57.497, -37.940 ], [ -57.501, -37.958 ], [ -57.506, -37.968 ], [ -57.509, -37.984 ], [ -57.508, -37.988 ], [ -57.492, -38.004 ], [ -57.488, -38.015 ], [ -57.490, -38.025 ], [ -57.497, -38.037 ], [ -57.497, -38.055 ], [ -57.505, -38.069 ], [ -57.501, -38.079 ], [ -57.502, -38.090 ], [ -57.510, -38.106 ], [ -57.520, -38.117 ], [ -57.541, -38.126 ], [ -57.552, -38.130 ], [ -57.568, -38.139 ], [ -57.572, -38.143 ], [ -57.579, -38.155 ], [ -57.586, -38.166 ], [ -57.602, -38.180 ], [ -57.610, -38.191 ], [ -57.626, -38.200 ], [ -57.644, -38.215 ], [ -57.662, -38.226 ], [ -57.676, -38.232 ], [ -57.686, -38.240 ], [ -57.713, -38.252 ], [ -57.764, -38.271 ], [ -57.800, -38.289 ], [ -57.803, -38.297 ], [ -57.809, -38.304 ], [ -57.836, -38.320 ], [ -57.935, -38.353 ], [ -57.982, -38.376 ], [ -58.004, -38.388 ], [ -58.039, -38.404 ], [ -58.087, -38.421 ], [ -58.142, -38.443 ], [ -58.153, -38.446 ], [ -58.166, -38.433 ], [ -58.199, -38.433 ], [ -58.199, -38.461 ], [ -58.227, -38.472 ], [ -58.262, -38.489 ], [ -58.298, -38.499 ], [ -58.315, -38.507 ], [ -58.337, -38.511 ], [ -58.350, -38.516 ], [ -58.366, -38.499 ], [ -58.399, -38.499 ], [ -58.433, -38.499 ], [ -58.466, -38.499 ], [ -58.499, -38.499 ], [ -58.533, -38.499 ], [ -58.533, -38.466 ], [ -58.566, -38.466 ], [ -58.599, -38.466 ], [ -58.633, -38.466 ], [ -58.633, -38.433 ], [ -58.633, -38.399 ], [ -58.666, -38.399 ], [ -58.666, -38.366 ], [ -58.699, -38.366 ], [ -58.733, -38.366 ], [ -58.733, -38.333 ], [ -58.766, -38.333 ], [ -58.799, -38.333 ], [ -58.799, -38.299 ], [ -58.833, -38.299 ], [ -58.833, -38.333 ], [ -58.866, -38.333 ], [ -58.899, -38.333 ], [ -58.933, -38.333 ], [ -58.966, -38.333 ], [ -58.999, -38.333 ], [ -58.999, -38.299 ], [ -58.999, -38.266 ], [ -58.999, -38.233 ], [ -58.999, -38.199 ], [ -59.033, -38.199 ], [ -59.033, -38.166 ], [ -59.066, -38.166 ], [ -59.099, -38.166 ], [ -59.133, -38.166 ], [ -59.133, -38.133 ], [ -59.166, -38.133 ], [ -59.199, -38.133 ], [ -59.199, -38.166 ], [ -59.233, -38.166 ], [ -59.233, -38.133 ], [ -59.266, -38.133 ], [ -59.299, -38.133 ], [ -59.333, -38.133 ], [ -59.333, -38.166 ], [ -59.299, -38.166 ], [ -59.299, -38.199 ], [ -59.333, -38.199 ], [ -59.366, -38.199 ], [ -59.399, -38.199 ], [ -59.433, -38.199 ], [ -59.466, -38.199 ], [ -59.466, -38.166 ], [ -59.499, -38.166 ], [ -59.533, -38.166 ], [ -59.566, -38.166 ], [ -59.566, -38.133 ], [ -59.599, -38.133 ], [ -59.633, -38.133 ], [ -59.666, -38.133 ], [ -59.666, -38.099 ], [ -59.699, -38.099 ], [ -59.699, -38.066 ], [ -59.733, -38.066 ], [ -59.766, -38.066 ], [ -59.766, -38.033 ], [ -59.799, -38.033 ], [ -59.833, -38.033 ], [ -59.866, -38.033 ], [ -59.866, -37.999 ], [ -59.899, -37.999 ], [ -59.933, -37.999 ], [ -59.966, -37.999 ], [ -59.999, -37.999 ], [ -60.033, -37.999 ], [ -60.066, -37.999 ], [ -60.099, -37.999 ], [ -60.133, -37.999 ], [ -60.133, -37.966 ], [ -60.166, -37.966 ], [ -60.199, -37.966 ], [ -60.233, -37.966 ], [ -60.266, -37.966 ], [ -60.299, -37.966 ], [ -60.333, -37.966 ], [ -60.366, -37.966 ], [ -60.399, -37.966 ], [ -60.433, -37.966 ], [ -60.433, -37.999 ], [ -60.466, -37.999 ], [ -60.499, -37.999 ], [ -60.533, -37.999 ], [ -60.566, -37.999 ], [ -60.599, -37.999 ], [ -60.633, -37.999 ], [ -60.666, -37.999 ], [ -60.666, -38.033 ], [ -60.699, -38.033 ], [ -60.699, -38.066 ], [ -60.733, -38.066 ], [ -60.733, -38.099 ], [ -60.766, -38.099 ], [ -60.766, -38.133 ], [ -60.799, -38.133 ], [ -60.799, -38.166 ], [ -60.833, -38.166 ], [ -60.833, -38.199 ], [ -60.833, -38.233 ], [ -60.866, -38.233 ], [ -60.866, -38.266 ], [ -60.899, -38.266 ], [ -60.899, -38.299 ], [ -60.933, -38.299 ], [ -60.933, -38.333 ], [ -60.966, -38.333 ], [ -60.966, -38.366 ], [ -60.999, -38.366 ], [ -60.999, -38.399 ], [ -60.999, -38.433 ], [ -60.999, -38.466 ], [ -61.033, -38.466 ], [ -61.033, -38.499 ], [ -60.999, -38.499 ], [ -60.999, -38.533 ], [ -61.033, -38.533 ], [ -61.033, -38.566 ], [ -61.033, -38.599 ], [ -61.066, -38.599 ], [ -61.066, -38.633 ], [ -61.066, -38.666 ], [ -61.099, -38.666 ], [ -61.133, -38.666 ], [ -61.133, -38.699 ], [ -61.166, -38.699 ], [ -61.199, -38.699 ], [ -61.233, -38.699 ], [ -61.233, -38.733 ], [ -61.266, -38.733 ], [ -61.299, -38.733 ], [ -61.333, -38.733 ], [ -61.366, -38.733 ], [ -61.399, -38.733 ], [ -61.399, -38.766 ], [ -61.433, -38.766 ], [ -61.466, -38.766 ], [ -61.499, -38.766 ], [ -61.499, -38.799 ], [ -61.533, -38.799 ], [ -61.566, -38.799 ], [ -61.566, -38.833 ], [ -61.599, -38.833 ], [ -61.599, -38.866 ], [ -61.633, -38.866 ], [ -61.633, -38.899 ], [ -61.633, -38.933 ], [ -61.633, -38.966 ], [ -61.666, -38.966 ], [ -61.699, -38.966 ], [ -61.733, -38.966 ], [ -61.766, -38.966 ], [ -61.799, -38.966 ], [ -61.799, -39.013 ], [ -61.809, -39.014 ], [ -61.828, -39.011 ], [ -61.837, -39.007 ], [ -61.855, -39.002 ], [ -61.874, -38.994 ], [ -61.900, -38.995 ], [ -61.923, -38.990 ], [ -61.957, -38.978 ], [ -61.975, -38.975 ], [ -61.987, -38.974 ], [ -61.977, -38.983 ], [ -61.966, -38.988 ], [ -61.937, -39.005 ], [ -61.929, -39.014 ], [ -61.911, -39.015 ], [ -61.897, -39.021 ], [ -61.890, -39.029 ], [ -61.885, -39.040 ], [ -61.885, -39.061 ], [ -61.876, -39.063 ], [ -61.867, -39.067 ], [ -61.899, -39.099 ], [ -61.933, -39.099 ], [ -61.933, -39.133 ], [ -61.966, -39.133 ], [ -61.966, -39.166 ], [ -61.999, -39.166 ], [ -62.033, -39.166 ], [ -62.054, -39.187 ], [ -62.066, -39.183 ], [ -62.066, -39.183 ], [ -62.071, -39.181 ], [ -62.086, -39.178 ], [ -62.106, -39.167 ], [ -62.113, -39.159 ], [ -62.119, -39.148 ], [ -62.119, -39.137 ], [ -62.113, -39.127 ], [ -62.116, -39.124 ], [ -62.134, -39.121 ], [ -62.146, -39.115 ], [ -62.159, -39.112 ], [ -62.167, -39.107 ], [ -62.173, -39.100 ], [ -62.177, -39.090 ], [ -62.175, -39.078 ], [ -62.168, -39.069 ], [ -62.156, -39.063 ], [ -62.173, -39.056 ], [ -62.181, -39.050 ], [ -62.186, -39.043 ], [ -62.202, -39.047 ], [ -62.219, -39.050 ], [ -62.226, -39.054 ], [ -62.260, -39.068 ], [ -62.271, -39.086 ], [ -62.260, -39.092 ], [ -62.254, -39.099 ], [ -62.247, -39.111 ], [ -62.246, -39.120 ], [ -62.248, -39.128 ], [ -62.252, -39.136 ], [ -62.260, -39.142 ], [ -62.269, -39.146 ], [ -62.272, -39.159 ], [ -62.272, -39.166 ], [ -62.283, -39.166 ], [ -62.283, -39.183 ], [ -62.277, -39.188 ], [ -62.278, -39.190 ], [ -62.268, -39.200 ], [ -62.267, -39.198 ], [ -62.266, -39.199 ], [ -62.266, -39.233 ], [ -62.299, -39.233 ], [ -62.333, -39.233 ], [ -62.366, -39.233 ], [ -62.399, -39.233 ], [ -62.399, -39.199 ], [ -62.366, -39.199 ], [ -62.366, -39.166 ], [ -62.399, -39.166 ], [ -62.399, -39.133 ], [ -62.433, -39.133 ], [ -62.466, -39.133 ], [ -62.499, -39.133 ], [ -62.499, -39.099 ], [ -62.533, -39.099 ], [ -62.566, -39.099 ], [ -62.599, -39.099 ], [ -62.599, -39.066 ], [ -62.599, -39.033 ], [ -62.599, -38.999 ], [ -62.633, -38.999 ], [ -62.633, -38.966 ], [ -62.633, -38.933 ], [ -62.599, -38.933 ], [ -62.599, -38.899 ], [ -62.633, -38.899 ], [ -62.633, -38.866 ], [ -62.633, -38.833 ], [ -62.599, -38.833 ], [ -62.566, -38.833 ], [ -62.566, -38.799 ], [ -62.533, -38.799 ], [ -62.499, -38.799 ], [ -62.499, -38.766 ], [ -62.499, -38.733 ], [ -62.533, -38.733 ], [ -62.566, -38.733 ], [ -62.566, -38.699 ], [ -62.599, -38.699 ], [ -62.633, -38.699 ], [ -62.633, -38.666 ], [ -62.666, -38.666 ], [ -62.699, -38.666 ], [ -62.699, -38.633 ], [ -62.699, -38.599 ], [ -62.699, -38.566 ], [ -62.699, -38.533 ], [ -62.733, -38.533 ], [ -62.733, -38.499 ], [ -62.733, -38.466 ], [ -62.699, -38.466 ], [ -62.699, -38.433 ], [ -62.699, -38.399 ], [ -62.666, -38.399 ], [ -62.633, -38.399 ], [ -62.633, -38.433 ], [ -62.666, -38.433 ], [ -62.666, -38.466 ], [ -62.666, -38.499 ], [ -62.666, -38.533 ], [ -62.633, -38.533 ], [ -62.633, -38.499 ], [ -62.633, -38.466 ], [ -62.633, -38.433 ], [ -62.599, -38.433 ], [ -62.599, -38.399 ], [ -62.599, -38.366 ], [ -62.566, -38.366 ], [ -62.566, -38.333 ], [ -62.533, -38.333 ], [ -62.499, -38.333 ], [ -62.499, -38.299 ], [ -62.466, -38.299 ], [ -62.466, -38.266 ], [ -62.433, -38.266 ], [ -62.433, -38.233 ], [ -62.399, -38.233 ], [ -62.399, -38.199 ], [ -62.366, -38.199 ], [ -62.333, -38.199 ], [ -62.333, -38.166 ], [ -62.299, -38.166 ], [ -62.266, -38.166 ], [ -62.266, -38.133 ], [ -62.233, -38.133 ], [ -62.233, -38.099 ], [ -62.199, -38.099 ], [ -62.199, -38.066 ], [ -62.166, -38.066 ], [ -62.166, -38.033 ], [ -62.166, -37.999 ], [ -62.199, -37.999 ], [ -62.199, -37.966 ], [ -62.199, -37.933 ], [ -62.199, -37.899 ], [ -62.199, -37.866 ], [ -62.166, -37.866 ], [ -62.166, -37.833 ], [ -62.199, -37.833 ], [ -62.199, -37.799 ], [ -62.233, -37.799 ], [ -62.233, -37.766 ], [ -62.233, -37.733 ], [ -62.199, -37.733 ], [ -62.166, -37.733 ], [ -62.133, -37.733 ], [ -62.099, -37.733 ], [ -62.066, -37.733 ], [ -62.066, -37.699 ], [ -62.033, -37.699 ], [ -62.033, -37.666 ], [ -62.033, -37.633 ], [ -62.033, -37.599 ], [ -62.066, -37.599 ], [ -62.066, -37.566 ], [ -62.066, -37.533 ], [ -62.066, -37.499 ], [ -62.066, -37.466 ], [ -62.066, -37.433 ], [ -62.066, -37.399 ], [ -62.066, -37.366 ], [ -62.066, -37.333 ], [ -62.066, -37.299 ], [ -62.066, -37.266 ], [ -62.033, -37.266 ], [ -62.033, -37.233 ], [ -61.999, -37.233 ], [ -61.999, -37.199 ], [ -61.999, -37.166 ], [ -61.966, -37.166 ], [ -61.933, -37.166 ], [ -61.933, -37.133 ], [ -61.899, -37.133 ], [ -61.899, -37.099 ], [ -61.866, -37.099 ], [ -61.833, -37.099 ], [ -61.833, -37.066 ], [ -61.799, -37.066 ], [ -61.766, -37.066 ], [ -61.766, -37.033 ], [ -61.733, -37.033 ], [ -61.733, -36.999 ], [ -61.733, -36.966 ], [ -61.699, -36.966 ], [ -61.699, -36.933 ], [ -61.699, -36.899 ], [ -61.699, -36.866 ], [ -61.699, -36.833 ], [ -61.733, -36.833 ], [ -61.733, -36.799 ], [ -61.766, -36.799 ], [ -61.766, -36.766 ], [ -61.799, -36.766 ], [ -61.833, -36.766 ], [ -61.833, -36.733 ], [ -61.866, -36.733 ], [ -61.899, -36.733 ], [ -61.899, -36.699 ], [ -61.933, -36.699 ], [ -61.966, -36.699 ], [ -61.966, -36.666 ], [ -61.999, -36.666 ], [ -61.999, -36.633 ], [ -62.033, -36.633 ], [ -62.033, -36.599 ], [ -62.066, -36.599 ], [ -62.099, -36.599 ], [ -62.133, -36.599 ], [ -62.166, -36.599 ], [ -62.199, -36.599 ], [ -62.233, -36.599 ], [ -62.233, -36.566 ], [ -62.266, -36.566 ], [ -62.299, -36.566 ], [ -62.333, -36.566 ], [ -62.366, -36.566 ], [ -62.399, -36.566 ], [ -62.399, -36.533 ], [ -62.433, -36.533 ], [ -62.466, -36.533 ], [ -62.466, -36.499 ], [ -62.499, -36.499 ], [ -62.533, -36.499 ], [ -62.566, -36.499 ], [ -62.566, -36.466 ], [ -62.599, -36.466 ], [ -62.633, -36.466 ], [ -62.633, -36.433 ], [ -62.666, -36.433 ], [ -62.699, -36.433 ], [ -62.733, -36.433 ], [ -62.766, -36.433 ], [ -62.766, -36.399 ], [ -62.733, -36.399 ], [ -62.733, -36.366 ], [ -62.766, -36.366 ], [ -62.799, -36.366 ], [ -62.833, -36.366 ], [ -62.866, -36.366 ], [ -62.899, -36.366 ], [ -62.933, -36.366 ], [ -62.966, -36.366 ], [ -62.999, -36.366 ], [ -63.033, -36.366 ], [ -63.066, -36.366 ], [ -63.099, -36.366 ], [ -63.099, -36.399 ], [ -63.133, -36.399 ], [ -63.133, -36.433 ], [ -63.166, -36.433 ], [ -63.166, -36.466 ], [ -63.166, -36.499 ], [ -63.133, -36.499 ], [ -63.133, -36.533 ], [ -63.133, -36.566 ], [ -63.166, -36.566 ], [ -63.166, -36.599 ], [ -63.199, -36.599 ], [ -63.199, -36.633 ], [ -63.233, -36.633 ], [ -63.233, -36.666 ], [ -63.266, -36.666 ], [ -63.266, -36.699 ], [ -63.299, -36.699 ], [ -63.333, -36.699 ], [ -63.333, -36.733 ], [ -63.366, -36.733 ], [ -63.366, -36.766 ], [ -63.399, -36.766 ], [ -63.433, -36.766 ], [ -63.433, -36.799 ], [ -63.433, -36.833 ], [ -63.466, -36.833 ], [ -63.466, -36.866 ], [ -63.499, -36.866 ], [ -63.499, -36.899 ], [ -63.499, -36.933 ], [ -63.533, -36.933 ], [ -63.533, -36.966 ], [ -63.566, -36.966 ], [ -63.599, -36.966 ], [ -63.633, -36.966 ], [ -63.666, -36.966 ], [ -63.666, -36.999 ], [ -63.633, -36.999 ], [ -63.599, -36.999 ], [ -63.599, -37.033 ], [ -63.599, -37.066 ], [ -63.633, -37.066 ], [ -63.633, -37.099 ], [ -63.633, -37.133 ], [ -63.633, -37.166 ], [ -63.666, -37.166 ], [ -63.699, -37.166 ], [ -63.699, -37.199 ], [ -63.733, -37.199 ], [ -63.733, -37.233 ], [ -63.766, -37.233 ], [ -63.799, -37.233 ], [ -63.833, -37.233 ], [ -63.833, -37.266 ], [ -63.866, -37.266 ], [ -63.866, -37.299 ], [ -63.833, -37.299 ], [ -63.799, -37.299 ], [ -63.799, -37.266 ], [ -63.766, -37.266 ], [ -63.766, -37.299 ], [ -63.733, -37.299 ], [ -63.699, -37.299 ], [ -63.699, -37.333 ], [ -63.733, -37.333 ], [ -63.733, -37.366 ], [ -63.733, -37.399 ], [ -63.733, -37.433 ], [ -63.766, -37.433 ], [ -63.766, -37.466 ], [ -63.766, -37.499 ], [ -63.766, -37.533 ], [ -63.733, -37.533 ], [ -63.699, -37.533 ], [ -63.699, -37.566 ], [ -63.699, -37.599 ], [ -63.699, -37.633 ], [ -63.733, -37.633 ], [ -63.733, -37.666 ], [ -63.699, -37.666 ], [ -63.666, -37.666 ], [ -63.666, -37.699 ], [ -63.699, -37.699 ], [ -63.733, -37.699 ], [ -63.733, -37.733 ], [ -63.733, -37.766 ], [ -63.766, -37.766 ], [ -63.766, -37.799 ], [ -63.766, -37.833 ], [ -63.799, -37.833 ], [ -63.799, -37.866 ], [ -63.766, -37.866 ], [ -63.733, -37.866 ], [ -63.733, -37.899 ], [ -63.699, -37.899 ], [ -63.699, -37.933 ], [ -63.699, -37.966 ], [ -63.699, -37.999 ], [ -63.733, -37.999 ], [ -63.766, -37.999 ], [ -63.799, -37.999 ], [ -63.833, -37.999 ], [ -63.833, -38.033 ], [ -63.799, -38.033 ], [ -63.799, -38.066 ], [ -63.833, -38.066 ], [ -63.866, -38.066 ], [ -63.899, -38.066 ], [ -63.933, -38.066 ], [ -63.933, -38.033 ], [ -63.966, -38.033 ], [ -63.966, -37.999 ], [ -63.999, -37.999 ], [ -63.999, -38.033 ], [ -64.033, -38.033 ], [ -64.066, -38.033 ], [ -64.099, -38.033 ], [ -64.133, -38.033 ], [ -64.166, -38.033 ], [ -64.199, -38.033 ], [ -64.233, -38.033 ], [ -64.266, -38.033 ], [ -64.299, -38.033 ], [ -64.333, -38.033 ], [ -64.366, -38.033 ], [ -64.399, -38.033 ], [ -64.433, -38.033 ], [ -64.433, -38.066 ], [ -64.433, -38.099 ], [ -64.466, -38.099 ], [ -64.466, -38.133 ], [ -64.433, -38.133 ], [ -64.399, -38.133 ], [ -64.366, -38.133 ], [ -64.366, -38.166 ], [ -64.333, -38.166 ], [ -64.299, -38.166 ], [ -64.299, -38.199 ], [ -64.333, -38.199 ], [ -64.333, -38.233 ], [ -64.299, -38.233 ], [ -64.299, -38.266 ], [ -64.299, -38.299 ], [ -64.266, -38.299 ], [ -64.266, -38.333 ], [ -64.299, -38.333 ], [ -64.299, -38.366 ], [ -64.266, -38.366 ], [ -64.233, -38.366 ], [ -64.233, -38.399 ], [ -64.199, -38.399 ], [ -64.199, -38.433 ], [ -64.166, -38.433 ], [ -64.133, -38.433 ], [ -64.133, -38.466 ], [ -64.133, -38.499 ], [ -64.166, -38.499 ], [ -64.199, -38.499 ], [ -64.233, -38.499 ], [ -64.266, -38.499 ], [ -64.299, -38.499 ], [ -64.299, -38.466 ], [ -64.333, -38.466 ], [ -64.366, -38.466 ], [ -64.366, -38.499 ], [ -64.366, -38.533 ], [ -64.366, -38.566 ], [ -64.333, -38.566 ], [ -64.299, -38.566 ], [ -64.299, -38.599 ], [ -64.333, -38.599 ], [ -64.366, -38.599 ], [ -64.399, -38.599 ], [ -64.399, -38.633 ], [ -64.399, -38.666 ], [ -64.366, -38.666 ], [ -64.366, -38.699 ], [ -64.399, -38.699 ], [ -64.399, -38.733 ], [ -64.366, -38.733 ], [ -64.333, -38.733 ], [ -64.299, -38.733 ], [ -64.266, -38.733 ], [ -64.266, -38.766 ], [ -64.266, -38.799 ], [ -64.233, -38.799 ], [ -64.199, -38.799 ], [ -64.166, -38.799 ], [ -64.133, -38.799 ], [ -64.133, -38.766 ], [ -64.099, -38.766 ], [ -64.066, -38.766 ], [ -64.066, -38.799 ], [ -64.033, -38.799 ], [ -63.999, -38.799 ], [ -63.999, -38.766 ], [ -63.966, -38.766 ], [ -63.933, -38.766 ], [ -63.899, -38.766 ], [ -63.866, -38.766 ], [ -63.833, -38.766 ], [ -63.799, -38.766 ], [ -63.766, -38.766 ], [ -63.733, -38.766 ], [ -63.699, -38.766 ], [ -63.666, -38.766 ], [ -63.666, -38.799 ], [ -63.666, -38.833 ], [ -63.699, -38.833 ], [ -63.733, -38.833 ], [ -63.766, -38.833 ], [ -63.799, -38.833 ], [ -63.799, -38.799 ], [ -63.833, -38.799 ], [ -63.866, -38.799 ], [ -63.899, -38.799 ], [ -63.899, -38.833 ], [ -63.933, -38.833 ], [ -63.933, -38.866 ], [ -63.899, -38.866 ], [ -63.866, -38.866 ], [ -63.833, -38.866 ], [ -63.833, -38.899 ], [ -63.799, -38.899 ], [ -63.766, -38.899 ], [ -63.766, -38.933 ], [ -63.733, -38.933 ], [ -63.733, -38.899 ], [ -63.699, -38.899 ], [ -63.666, -38.899 ], [ -63.633, -38.899 ], [ -63.599, -38.899 ], [ -63.599, -38.933 ], [ -63.566, -38.933 ], [ -63.533, -38.933 ], [ -63.499, -38.933 ], [ -63.466, -38.933 ], [ -63.433, -38.933 ], [ -63.433, -38.966 ], [ -63.399, -38.966 ], [ -63.366, -38.966 ], [ -63.333, -38.966 ], [ -63.299, -38.966 ], [ -63.266, -38.966 ], [ -63.233, -38.966 ], [ -63.199, -38.966 ], [ -63.166, -38.966 ], [ -63.133, -38.966 ], [ -63.099, -38.966 ], [ -63.066, -38.966 ], [ -63.066, -38.999 ], [ -63.099, -38.999 ], [ -63.099, -39.033 ], [ -63.133, -39.033 ], [ -63.166, -39.033 ], [ -63.199, -39.033 ], [ -63.199, -39.066 ], [ -63.233, -39.066 ], [ -63.266, -39.066 ], [ -63.266, -39.033 ], [ -63.299, -39.033 ], [ -63.333, -39.033 ], [ -63.366, -39.033 ], [ -63.366, -39.066 ], [ -63.399, -39.066 ], [ -63.433, -39.066 ], [ -63.466, -39.066 ], [ -63.499, -39.066 ], [ -63.533, -39.066 ], [ -63.566, -39.066 ], [ -63.599, -39.066 ], [ -63.633, -39.066 ], [ -63.666, -39.066 ], [ -63.666, -39.099 ], [ -63.666, -39.133 ], [ -63.633, -39.133 ], [ -63.599, -39.133 ], [ -63.566, -39.133 ], [ -63.533, -39.133 ], [ -63.499, -39.133 ], [ -63.466, -39.133 ], [ -63.466, -39.166 ], [ -63.499, -39.166 ], [ -63.499, -39.199 ], [ -63.466, -39.199 ], [ -63.433, -39.199 ], [ -63.433, -39.166 ], [ -63.399, -39.166 ], [ -63.366, -39.166 ], [ -63.366, -39.199 ], [ -63.333, -39.199 ], [ -63.333, -39.233 ], [ -63.299, -39.233 ], [ -63.266, -39.233 ], [ -63.233, -39.233 ], [ -63.233, -39.266 ], [ -63.266, -39.266 ], [ -63.299, -39.266 ], [ -63.333, -39.266 ], [ -63.366, -39.266 ], [ -63.399, -39.266 ], [ -63.399, -39.299 ], [ -63.399, -39.333 ], [ -63.433, -39.333 ], [ -63.433, -39.366 ], [ -63.399, -39.366 ], [ -63.366, -39.366 ], [ -63.333, -39.366 ], [ -63.299, -39.366 ], [ -63.299, -39.399 ], [ -63.333, -39.399 ], [ -63.366, -39.399 ], [ -63.399, -39.399 ], [ -63.399, -39.433 ], [ -63.366, -39.433 ], [ -63.333, -39.433 ], [ -63.299, -39.433 ], [ -63.266, -39.433 ], [ -63.233, -39.433 ], [ -63.199, -39.433 ], [ -63.166, -39.433 ], [ -63.166, -39.466 ], [ -63.133, -39.466 ], [ -63.099, -39.466 ], [ -63.066, -39.466 ], [ -63.066, -39.499 ], [ -63.033, -39.499 ], [ -62.999, -39.499 ], [ -62.966, -39.499 ], [ -62.933, -39.499 ], [ -62.933, -39.533 ], [ -62.899, -39.533 ], [ -62.899, -39.566 ], [ -62.866, -39.566 ], [ -62.866, -39.599 ], [ -62.833, -39.599 ], [ -62.833, -39.633 ], [ -62.799, -39.633 ], [ -62.766, -39.633 ], [ -62.733, -39.633 ], [ -62.733, -39.599 ], [ -62.699, -39.599 ], [ -62.666, -39.599 ], [ -62.633, -39.599 ], [ -62.633, -39.633 ], [ -62.666, -39.633 ], [ -62.666, -39.666 ], [ -62.633, -39.666 ], [ -62.633, -39.699 ], [ -62.666, -39.699 ], [ -62.699, -39.699 ], [ -62.699, -39.733 ], [ -62.666, -39.733 ], [ -62.633, -39.733 ], [ -62.599, -39.733 ], [ -62.566, -39.733 ], [ -62.566, -39.766 ], [ -62.533, -39.766 ], [ -62.533, -39.799 ], [ -62.499, -39.799 ], [ -62.499, -39.833 ], [ -62.466, -39.833 ], [ -62.433, -39.833 ], [ -62.433, -39.866 ], [ -62.399, -39.866 ], [ -62.366, -39.866 ], [ -62.333, -39.866 ], [ -62.333, -39.899 ], [ -62.299, -39.899 ], [ -62.266, -39.899 ], [ -62.233, -39.899 ], [ -62.233, -39.933 ], [ -62.199, -39.933 ], [ -62.199, -39.966 ], [ -62.166, -39.966 ], [ -62.149, -39.983 ], [ -62.133, -39.966 ], [ -62.099, -39.966 ], [ -62.099, -39.999 ], [ -62.133, -39.999 ], [ -62.133, -40.033 ], [ -62.099, -40.033 ], [ -62.092, -40.040 ], [ -62.096, -40.047 ], [ -62.103, -40.054 ], [ -62.112, -40.059 ], [ -62.127, -40.063 ], [ -62.147, -40.064 ], [ -62.171, -40.061 ], [ -62.179, -40.057 ], [ -62.195, -40.045 ], [ -62.200, -40.038 ], [ -62.203, -40.031 ], [ -62.212, -40.033 ], [ -62.215, -40.044 ], [ -62.224, -40.053 ], [ -62.212, -40.060 ], [ -62.205, -40.069 ], [ -62.203, -40.080 ], [ -62.205, -40.090 ], [ -62.212, -40.098 ], [ -62.220, -40.103 ], [ -62.237, -40.109 ], [ -62.249, -40.110 ], [ -62.255, -40.124 ], [ -62.262, -40.134 ], [ -62.281, -40.147 ], [ -62.283, -40.159 ], [ -62.274, -40.164 ], [ -62.268, -40.158 ], [ -62.259, -40.153 ], [ -62.246, -40.150 ], [ -62.237, -40.150 ], [ -62.220, -40.156 ], [ -62.214, -40.160 ], [ -62.209, -40.167 ], [ -62.206, -40.178 ], [ -62.208, -40.188 ], [ -62.217, -40.199 ], [ -62.233, -40.206 ], [ -62.234, -40.218 ], [ -62.240, -40.229 ], [ -62.238, -40.241 ], [ -62.239, -40.248 ], [ -62.245, -40.258 ], [ -62.254, -40.264 ], [ -62.244, -40.267 ], [ -62.233, -40.273 ], [ -62.220, -40.272 ], [ -62.208, -40.275 ], [ -62.200, -40.279 ], [ -62.192, -40.285 ], [ -62.187, -40.293 ], [ -62.177, -40.302 ], [ -62.173, -40.310 ], [ -62.174, -40.322 ], [ -62.182, -40.337 ], [ -62.170, -40.334 ], [ -62.156, -40.334 ], [ -62.143, -40.338 ], [ -62.134, -40.345 ], [ -62.082, -40.355 ], [ -62.059, -40.365 ], [ -62.052, -40.371 ], [ -62.048, -40.378 ], [ -62.034, -40.385 ], [ -62.024, -40.375 ], [ -62.012, -40.369 ], [ -61.998, -40.367 ], [ -61.983, -40.370 ], [ -61.970, -40.378 ], [ -61.964, -40.388 ], [ -61.963, -40.396 ], [ -61.954, -40.401 ], [ -61.947, -40.409 ], [ -61.943, -40.418 ], [ -61.944, -40.428 ], [ -61.947, -40.434 ], [ -61.953, -40.440 ], [ -61.969, -40.447 ], [ -61.987, -40.448 ], [ -62.003, -40.442 ], [ -62.009, -40.455 ], [ -62.018, -40.469 ], [ -62.030, -40.477 ], [ -62.043, -40.480 ], [ -62.058, -40.480 ], [ -62.071, -40.475 ], [ -62.092, -40.457 ], [ -62.097, -40.448 ], [ -62.098, -40.458 ], [ -62.101, -40.466 ], [ -62.100, -40.475 ], [ -62.102, -40.483 ], [ -62.100, -40.495 ], [ -62.102, -40.505 ], [ -62.098, -40.517 ], [ -62.088, -40.517 ], [ -62.080, -40.519 ], [ -62.072, -40.523 ], [ -62.066, -40.528 ], [ -62.061, -40.534 ], [ -62.059, -40.541 ], [ -62.059, -40.548 ], [ -62.062, -40.557 ], [ -62.067, -40.564 ], [ -62.078, -40.574 ], [ -62.087, -40.579 ], [ -62.098, -40.581 ], [ -62.111, -40.581 ], [ -62.122, -40.578 ], [ -62.132, -40.572 ], [ -62.138, -40.563 ], [ -62.145, -40.567 ], [ -62.138, -40.575 ], [ -62.136, -40.584 ], [ -62.136, -40.607 ], [ -62.140, -40.620 ], [ -62.139, -40.628 ], [ -62.140, -40.635 ], [ -62.149, -40.646 ], [ -62.166, -40.653 ], [ -62.179, -40.668 ], [ -62.188, -40.675 ], [ -62.196, -40.687 ], [ -62.198, -40.700 ], [ -62.198, -40.709 ], [ -62.202, -40.720 ], [ -62.223, -40.749 ], [ -62.227, -40.768 ], [ -62.239, -40.785 ], [ -62.261, -40.835 ], [ -62.270, -40.866 ], [ -62.279, -40.883 ], [ -62.284, -40.888 ], [ -62.303, -40.900 ], [ -62.338, -40.916 ], [ -62.364, -40.931 ], [ -62.394, -40.943 ], [ -62.423, -40.952 ], [ -62.469, -40.961 ], [ -62.504, -40.972 ], [ -62.529, -40.981 ], [ -62.586, -41.006 ], [ -62.628, -41.022 ], [ -62.649, -41.025 ], [ -62.658, -41.030 ], [ -62.673, -41.034 ], [ -62.680, -41.047 ], [ -62.694, -41.055 ], [ -62.707, -41.059 ], [ -62.732, -41.062 ], [ -62.765, -41.059 ], [ -62.785, -41.054 ], [ -62.791, -41.058 ], [ -62.797, -41.065 ], [ -62.811, -41.078 ], [ -62.865, -41.103 ], [ -62.975, -41.133 ], [ -62.984, -41.141 ], [ -63.002, -41.148 ], [ -63.017, -41.158 ], [ -63.036, -41.167 ], [ -63.112, -41.181 ], [ -63.142, -41.184 ], [ -63.208, -41.184 ], [ -63.233, -41.186 ], [ -63.284, -41.184 ], [ -63.314, -41.178 ], [ -63.325, -41.178 ], [ -63.373, -41.181 ], [ -63.439, -41.189 ], [ -63.491, -41.187 ], [ -63.506, -41.189 ], [ -63.550, -41.188 ], [ -63.615, -41.183 ], [ -63.661, -41.186 ], [ -63.741, -41.184 ], [ -63.779, -41.187 ], [ -63.798, -41.185 ], [ -63.849, -41.169 ], [ -63.880, -41.163 ], [ -63.903, -41.155 ], [ -63.926, -41.138 ], [ -63.940, -41.119 ], [ -63.947, -41.111 ], [ -63.965, -41.100 ], [ -63.983, -41.093 ], [ -64.088, -41.064 ], [ -64.116, -41.058 ], [ -64.132, -41.057 ], [ -64.146, -41.055 ], [ -64.160, -41.051 ], [ -64.169, -41.046 ], [ -64.188, -41.044 ], [ -64.223, -41.035 ], [ -64.254, -41.018 ], [ -64.306, -40.995 ], [ -64.319, -40.985 ], [ -64.331, -40.979 ], [ -64.411, -40.953 ], [ -64.424, -40.944 ], [ -64.430, -40.936 ], [ -64.452, -40.930 ], [ -64.483, -40.926 ], [ -64.492, -40.921 ], [ -64.506, -40.917 ], [ -64.555, -40.891 ], [ -64.574, -40.888 ], [ -64.614, -40.877 ], [ -64.647, -40.873 ], [ -64.663, -40.869 ], [ -64.679, -40.869 ], [ -64.726, -40.860 ], [ -64.762, -40.845 ], [ -64.784, -40.846 ], [ -64.816, -40.850 ], [ -64.828, -40.854 ], [ -64.867, -40.858 ], [ -64.881, -40.858 ], [ -64.892, -40.856 ], [ -64.917, -40.841 ], [ -64.928, -40.832 ], [ -64.939, -40.820 ], [ -64.942, -40.813 ], [ -64.942, -40.802 ], [ -64.939, -40.794 ], [ -64.932, -40.787 ], [ -64.937, -40.784 ], [ -64.954, -40.782 ], [ -64.976, -40.783 ], [ -64.991, -40.786 ], [ -65.037, -40.822 ], [ -65.051, -40.829 ], [ -65.059, -40.833 ], [ -65.068, -40.843 ], [ -65.075, -40.848 ], [ -65.082, -40.858 ], [ -65.080, -40.870 ], [ -65.088, -40.894 ], [ -65.095, -40.903 ], [ -65.106, -40.910 ], [ -65.110, -40.917 ], [ -65.110, -40.926 ], [ -65.116, -40.948 ], [ -65.119, -40.955 ], [ -65.121, -40.968 ], [ -65.114, -40.988 ], [ -65.113, -41.006 ], [ -65.116, -41.015 ], [ -65.113, -41.029 ], [ -65.114, -41.038 ], [ -65.114, -41.051 ], [ -65.117, -41.063 ], [ -65.121, -41.069 ], [ -65.110, -41.098 ], [ -65.111, -41.121 ], [ -65.106, -41.148 ], [ -65.105, -41.158 ], [ -65.107, -41.166 ], [ -65.101, -41.179 ], [ -65.084, -41.237 ], [ -65.081, -41.251 ], [ -65.082, -41.265 ], [ -65.081, -41.275 ], [ -65.076, -41.281 ], [ -65.073, -41.288 ], [ -65.072, -41.299 ], [ -65.063, -41.315 ], [ -65.062, -41.330 ], [ -65.058, -41.336 ], [ -65.055, -41.350 ], [ -65.044, -41.362 ], [ -65.037, -41.384 ], [ -65.028, -41.387 ], [ -65.019, -41.392 ], [ -65.013, -41.399 ], [ -65.010, -41.406 ], [ -65.000, -41.416 ], [ -64.989, -41.440 ], [ -64.983, -41.459 ], [ -64.972, -41.467 ], [ -64.961, -41.481 ], [ -64.956, -41.496 ], [ -64.950, -41.521 ], [ -64.954, -41.543 ], [ -64.959, -41.559 ], [ -64.951, -41.569 ], [ -64.950, -41.576 ], [ -64.950, -41.582 ], [ -64.953, -41.589 ], [ -64.958, -41.595 ], [ -64.974, -41.603 ], [ -64.979, -41.619 ], [ -64.986, -41.627 ], [ -64.984, -41.634 ], [ -64.984, -41.646 ], [ -64.987, -41.654 ], [ -64.988, -41.674 ], [ -64.975, -41.683 ], [ -64.971, -41.689 ], [ -64.970, -41.696 ], [ -64.971, -41.703 ], [ -64.973, -41.709 ], [ -64.978, -41.715 ], [ -64.985, -41.719 ], [ -64.977, -41.735 ], [ -64.960, -41.752 ], [ -64.958, -41.759 ], [ -64.958, -41.766 ], [ -64.964, -41.784 ], [ -64.970, -41.791 ], [ -64.978, -41.795 ], [ -64.979, -41.798 ], [ -64.977, -41.820 ], [ -64.982, -41.841 ], [ -64.991, -41.853 ], [ -65.004, -41.860 ], [ -64.999, -41.871 ], [ -65.001, -41.882 ], [ -65.007, -41.891 ], [ -65.019, -41.898 ], [ -65.021, -41.908 ], [ -65.027, -41.923 ], [ -65.028, -41.946 ], [ -65.033, -41.961 ], [ -65.033, -41.968 ], [ -65.029, -41.987 ], [ -65.033, -42.006 ], [ -65.031, -42.012 ], [ -65.015, -42.039 ], [ -65.005, -42.053 ], [ -64.997, -42.064 ], [ -64.973, -42.087 ], [ -64.952, -42.104 ], [ -64.923, -42.124 ], [ -64.882, -42.147 ], [ -64.841, -42.164 ], [ -64.818, -42.170 ], [ -64.800, -42.169 ], [ -64.790, -42.169 ], [ -64.761, -42.180 ], [ -64.736, -42.186 ], [ -64.721, -42.188 ], [ -64.681, -42.190 ], [ -64.657, -42.197 ], [ -64.593, -42.204 ], [ -64.523, -42.209 ], [ -64.470, -42.209 ], [ -64.450, -42.213 ], [ -64.439, -42.218 ], [ -64.431, -42.225 ], [ -64.427, -42.233 ], [ -64.426, -42.242 ], [ -64.429, -42.251 ], [ -64.435, -42.258 ], [ -64.450, -42.268 ], [ -64.483, -42.297 ], [ -64.492, -42.301 ], [ -64.503, -42.310 ], [ -64.519, -42.315 ], [ -64.529, -42.328 ], [ -64.528, -42.338 ], [ -64.533, -42.357 ], [ -64.544, -42.373 ], [ -64.552, -42.379 ], [ -64.552, -42.387 ], [ -64.553, -42.393 ], [ -64.518, -42.391 ], [ -64.506, -42.392 ], [ -64.493, -42.387 ], [ -64.478, -42.387 ], [ -64.468, -42.389 ], [ -64.460, -42.393 ], [ -64.454, -42.399 ], [ -64.447, -42.408 ], [ -64.437, -42.410 ], [ -64.428, -42.405 ], [ -64.420, -42.402 ], [ -64.410, -42.401 ], [ -64.400, -42.402 ], [ -64.377, -42.395 ], [ -64.360, -42.395 ], [ -64.344, -42.386 ], [ -64.329, -42.384 ], [ -64.318, -42.379 ], [ -64.302, -42.376 ], [ -64.285, -42.379 ], [ -64.272, -42.387 ], [ -64.243, -42.388 ], [ -64.210, -42.392 ], [ -64.193, -42.388 ], [ -64.165, -42.390 ], [ -64.147, -42.393 ], [ -64.136, -42.397 ], [ -64.125, -42.384 ], [ -64.109, -42.376 ], [ -64.101, -42.369 ], [ -64.086, -42.362 ], [ -64.086, -42.358 ], [ -64.094, -42.353 ], [ -64.100, -42.347 ], [ -64.105, -42.340 ], [ -64.106, -42.331 ], [ -64.104, -42.324 ], [ -64.099, -42.314 ], [ -64.091, -42.308 ], [ -64.082, -42.304 ], [ -64.087, -42.295 ], [ -64.097, -42.286 ], [ -64.107, -42.281 ], [ -64.119, -42.278 ], [ -64.135, -42.271 ], [ -64.149, -42.270 ], [ -64.172, -42.275 ], [ -64.181, -42.276 ], [ -64.194, -42.275 ], [ -64.208, -42.271 ], [ -64.234, -42.274 ], [ -64.251, -42.269 ], [ -64.266, -42.274 ], [ -64.284, -42.273 ], [ -64.311, -42.279 ], [ -64.336, -42.277 ], [ -64.352, -42.272 ], [ -64.369, -42.271 ], [ -64.398, -42.261 ], [ -64.406, -42.256 ], [ -64.413, -42.248 ], [ -64.415, -42.240 ], [ -64.414, -42.230 ], [ -64.409, -42.222 ], [ -64.400, -42.215 ], [ -64.380, -42.208 ], [ -64.329, -42.198 ], [ -64.247, -42.186 ], [ -64.167, -42.171 ], [ -64.152, -42.170 ], [ -64.134, -42.163 ], [ -64.123, -42.158 ], [ -64.091, -42.149 ], [ -64.077, -42.139 ], [ -64.061, -42.134 ], [ -64.043, -42.122 ], [ -64.027, -42.119 ], [ -64.012, -42.114 ], [ -64.005, -42.106 ], [ -63.983, -42.090 ], [ -63.962, -42.083 ], [ -63.949, -42.077 ], [ -63.937, -42.075 ], [ -63.923, -42.068 ], [ -63.898, -42.061 ], [ -63.861, -42.052 ], [ -63.817, -42.046 ], [ -63.799, -42.045 ], [ -63.766, -42.046 ], [ -63.752, -42.049 ], [ -63.737, -42.054 ], [ -63.729, -42.060 ], [ -63.705, -42.086 ], [ -63.690, -42.112 ], [ -63.680, -42.138 ], [ -63.667, -42.158 ], [ -63.662, -42.175 ], [ -63.650, -42.196 ], [ -63.640, -42.208 ], [ -63.617, -42.232 ], [ -63.602, -42.250 ], [ -63.581, -42.279 ], [ -63.571, -42.296 ], [ -63.561, -42.326 ], [ -63.561, -42.361 ], [ -63.568, -42.386 ], [ -63.571, -42.413 ], [ -63.571, -42.438 ], [ -63.568, -42.462 ], [ -63.568, -42.479 ], [ -63.561, -42.509 ], [ -63.563, -42.520 ], [ -63.566, -42.527 ], [ -63.566, -42.542 ], [ -63.561, -42.553 ], [ -63.554, -42.564 ], [ -63.552, -42.578 ], [ -63.547, -42.589 ], [ -63.548, -42.598 ], [ -63.546, -42.609 ], [ -63.549, -42.621 ], [ -63.553, -42.628 ], [ -63.570, -42.641 ], [ -63.576, -42.658 ], [ -63.580, -42.664 ], [ -63.586, -42.686 ], [ -63.595, -42.696 ], [ -63.601, -42.706 ], [ -63.598, -42.715 ], [ -63.598, -42.725 ], [ -63.594, -42.730 ], [ -63.592, -42.737 ], [ -63.594, -42.748 ], [ -63.592, -42.758 ], [ -63.594, -42.766 ], [ -63.600, -42.777 ], [ -63.605, -42.782 ], [ -63.631, -42.799 ], [ -63.647, -42.806 ], [ -63.660, -42.815 ], [ -63.679, -42.819 ], [ -63.689, -42.826 ], [ -63.720, -42.839 ], [ -63.737, -42.840 ], [ -63.753, -42.838 ], [ -63.779, -42.840 ], [ -63.791, -42.847 ], [ -63.801, -42.850 ], [ -63.824, -42.852 ], [ -63.838, -42.855 ], [ -63.849, -42.855 ], [ -63.864, -42.861 ], [ -63.891, -42.863 ], [ -63.911, -42.869 ], [ -63.937, -42.869 ], [ -63.953, -42.876 ], [ -63.971, -42.877 ], [ -64.001, -42.887 ], [ -64.059, -42.895 ], [ -64.083, -42.903 ], [ -64.100, -42.906 ], [ -64.133, -42.904 ], [ -64.158, -42.900 ], [ -64.173, -42.893 ], [ -64.189, -42.876 ], [ -64.223, -42.850 ], [ -64.240, -42.826 ], [ -64.269, -42.802 ], [ -64.286, -42.780 ], [ -64.294, -42.760 ], [ -64.297, -42.741 ], [ -64.295, -42.734 ], [ -64.282, -42.708 ], [ -64.282, -42.698 ], [ -64.286, -42.683 ], [ -64.285, -42.675 ], [ -64.281, -42.667 ], [ -64.275, -42.661 ], [ -64.269, -42.649 ], [ -64.282, -42.647 ], [ -64.293, -42.642 ], [ -64.302, -42.634 ], [ -64.307, -42.628 ], [ -64.309, -42.621 ], [ -64.310, -42.613 ], [ -64.326, -42.610 ], [ -64.339, -42.602 ], [ -64.347, -42.588 ], [ -64.347, -42.580 ], [ -64.351, -42.571 ], [ -64.350, -42.562 ], [ -64.371, -42.560 ], [ -64.415, -42.542 ], [ -64.435, -42.538 ], [ -64.448, -42.537 ], [ -64.495, -42.527 ], [ -64.510, -42.529 ], [ -64.525, -42.528 ], [ -64.570, -42.518 ], [ -64.591, -42.523 ], [ -64.618, -42.523 ], [ -64.636, -42.531 ], [ -64.658, -42.533 ], [ -64.666, -42.536 ], [ -64.666, -42.499 ], [ -64.633, -42.499 ], [ -64.599, -42.499 ], [ -64.583, -42.516 ], [ -64.566, -42.499 ], [ -64.566, -42.466 ], [ -64.599, -42.466 ], [ -64.633, -42.466 ], [ -64.666, -42.466 ], [ -64.666, -42.433 ], [ -64.699, -42.433 ], [ -64.699, -42.399 ], [ -64.666, -42.399 ], [ -64.666, -42.366 ], [ -64.666, -42.333 ], [ -64.699, -42.333 ], [ -64.733, -42.333 ], [ -64.766, -42.333 ], [ -64.766, -42.299 ], [ -64.799, -42.299 ], [ -64.833, -42.299 ], [ -64.833, -42.266 ], [ -64.866, -42.266 ], [ -64.899, -42.266 ], [ -64.899, -42.233 ], [ -64.933, -42.233 ], [ -64.933, -42.199 ], [ -64.966, -42.199 ], [ -64.999, -42.199 ], [ -65.033, -42.199 ], [ -65.066, -42.199 ], [ -65.099, -42.199 ], [ -65.099, -42.166 ], [ -65.133, -42.166 ], [ -65.133, -42.199 ], [ -65.166, -42.199 ], [ -65.166, -42.233 ], [ -65.166, -42.266 ], [ -65.166, -42.299 ], [ -65.199, -42.299 ], [ -65.199, -42.266 ], [ -65.233, -42.266 ], [ -65.233, -42.233 ], [ -65.233, -42.199 ], [ -65.199, -42.199 ], [ -65.199, -42.166 ], [ -65.166, -42.166 ], [ -65.166, -42.133 ], [ -65.199, -42.133 ], [ -65.199, -42.099 ], [ -65.199, -42.066 ], [ -65.199, -42.033 ], [ -65.233, -42.033 ], [ -65.233, -41.999 ], [ -65.199, -41.999 ], [ -65.199, -41.966 ], [ -65.199, -41.933 ], [ -65.199, -41.899 ], [ -65.199, -41.866 ], [ -65.166, -41.866 ], [ -65.166, -41.833 ], [ -65.166, -41.799 ], [ -65.133, -41.799 ], [ -65.133, -41.766 ], [ -65.166, -41.766 ], [ -65.166, -41.733 ], [ -65.166, -41.699 ], [ -65.199, -41.699 ], [ -65.199, -41.666 ], [ -65.166, -41.666 ], [ -65.166, -41.633 ], [ -65.199, -41.633 ], [ -65.233, -41.633 ], [ -65.233, -41.599 ], [ -65.266, -41.599 ], [ -65.266, -41.566 ], [ -65.299, -41.566 ], [ -65.299, -41.533 ], [ -65.299, -41.499 ], [ -65.333, -41.499 ], [ -65.366, -41.499 ], [ -65.366, -41.466 ], [ -65.366, -41.433 ], [ -65.333, -41.433 ], [ -65.299, -41.433 ], [ -65.266, -41.433 ], [ -65.266, -41.399 ], [ -65.299, -41.399 ], [ -65.299, -41.366 ], [ -65.266, -41.366 ], [ -65.266, -41.333 ], [ -65.299, -41.333 ], [ -65.299, -41.299 ], [ -65.266, -41.299 ], [ -65.266, -41.266 ], [ -65.266, -41.233 ], [ -65.299, -41.233 ], [ -65.299, -41.199 ], [ -65.299, -41.166 ], [ -65.333, -41.166 ], [ -65.366, -41.166 ], [ -65.366, -41.133 ], [ -65.399, -41.133 ], [ -65.433, -41.133 ], [ -65.466, -41.133 ], [ -65.466, -41.166 ], [ -65.499, -41.166 ], [ -65.499, -41.133 ], [ -65.499, -41.099 ], [ -65.499, -41.066 ], [ -65.466, -41.066 ], [ -65.466, -41.033 ], [ -65.466, -40.999 ], [ -65.466, -40.966 ], [ -65.433, -40.966 ], [ -65.433, -40.999 ], [ -65.399, -40.999 ], [ -65.399, -40.966 ], [ -65.366, -40.966 ], [ -65.366, -40.933 ], [ -65.399, -40.933 ], [ -65.399, -40.966 ], [ -65.433, -40.966 ], [ -65.433, -40.933 ], [ -65.466, -40.933 ], [ -65.466, -40.899 ], [ -65.499, -40.899 ], [ -65.533, -40.899 ], [ -65.533, -40.866 ], [ -65.533, -40.833 ], [ -65.499, -40.833 ], [ -65.466, -40.833 ], [ -65.466, -40.866 ], [ -65.433, -40.866 ], [ -65.433, -40.899 ], [ -65.399, -40.899 ], [ -65.366, -40.899 ], [ -65.333, -40.899 ], [ -65.299, -40.899 ], [ -65.299, -40.866 ], [ -65.266, -40.866 ], [ -65.266, -40.833 ], [ -65.299, -40.833 ], [ -65.333, -40.833 ], [ -65.333, -40.799 ], [ -65.299, -40.799 ], [ -65.299, -40.766 ], [ -65.333, -40.766 ], [ -65.333, -40.733 ], [ -65.366, -40.733 ], [ -65.366, -40.699 ], [ -65.366, -40.666 ], [ -65.333, -40.666 ], [ -65.333, -40.633 ], [ -65.366, -40.633 ], [ -65.399, -40.633 ], [ -65.433, -40.633 ], [ -65.433, -40.599 ], [ -65.433, -40.566 ], [ -65.466, -40.566 ], [ -65.499, -40.566 ], [ -65.499, -40.533 ], [ -65.533, -40.533 ], [ -65.566, -40.533 ], [ -65.566, -40.499 ], [ -65.599, -40.499 ], [ -65.633, -40.499 ], [ -65.666, -40.499 ], [ -65.699, -40.499 ], [ -65.733, -40.499 ], [ -65.733, -40.533 ], [ -65.699, -40.533 ], [ -65.699, -40.566 ], [ -65.666, -40.566 ], [ -65.633, -40.566 ], [ -65.633, -40.599 ], [ -65.599, -40.599 ], [ -65.599, -40.633 ], [ -65.566, -40.633 ], [ -65.566, -40.666 ], [ -65.599, -40.666 ], [ -65.633, -40.666 ], [ -65.633, -40.633 ], [ -65.666, -40.633 ], [ -65.699, -40.633 ], [ -65.733, -40.633 ], [ -65.733, -40.599 ], [ -65.766, -40.599 ], [ -65.766, -40.633 ], [ -65.799, -40.633 ], [ -65.799, -40.599 ], [ -65.833, -40.599 ], [ -65.833, -40.633 ], [ -65.833, -40.666 ], [ -65.799, -40.666 ], [ -65.799, -40.699 ], [ -65.833, -40.699 ], [ -65.833, -40.733 ], [ -65.799, -40.733 ], [ -65.799, -40.766 ], [ -65.799, -40.799 ], [ -65.799, -40.833 ], [ -65.833, -40.833 ], [ -65.866, -40.833 ], [ -65.899, -40.833 ], [ -65.933, -40.833 ], [ -65.933, -40.799 ], [ -65.966, -40.799 ], [ -65.966, -40.766 ], [ -65.999, -40.766 ], [ -65.999, -40.799 ], [ -66.033, -40.799 ], [ -66.066, -40.799 ], [ -66.099, -40.799 ], [ -66.133, -40.799 ], [ -66.166, -40.799 ], [ -66.166, -40.766 ], [ -66.199, -40.766 ], [ -66.199, -40.733 ], [ -66.233, -40.733 ], [ -66.266, -40.733 ], [ -66.299, -40.733 ], [ -66.333, -40.733 ], [ -66.333, -40.699 ], [ -66.366, -40.699 ], [ -66.399, -40.699 ], [ -66.433, -40.699 ], [ -66.466, -40.699 ], [ -66.466, -40.666 ], [ -66.499, -40.666 ], [ -66.533, -40.666 ], [ -66.566, -40.666 ], [ -66.599, -40.666 ], [ -66.599, -40.633 ], [ -66.633, -40.633 ], [ -66.633, -40.599 ], [ -66.666, -40.599 ], [ -66.666, -40.566 ], [ -66.699, -40.566 ], [ -66.733, -40.566 ], [ -66.766, -40.566 ], [ -66.766, -40.533 ], [ -66.799, -40.533 ], [ -66.799, -40.499 ], [ -66.833, -40.499 ], [ -66.866, -40.499 ], [ -66.866, -40.466 ], [ -66.833, -40.466 ], [ -66.833, -40.433 ], [ -66.799, -40.433 ], [ -66.766, -40.433 ], [ -66.766, -40.399 ], [ -66.733, -40.399 ], [ -66.699, -40.399 ], [ -66.666, -40.399 ], [ -66.666, -40.366 ], [ -66.699, -40.366 ], [ -66.733, -40.366 ], [ -66.733, -40.333 ], [ -66.766, -40.333 ], [ -66.766, -40.299 ], [ -66.799, -40.299 ], [ -66.799, -40.266 ], [ -66.833, -40.266 ], [ -66.866, -40.266 ], [ -66.866, -40.233 ], [ -66.866, -40.199 ], [ -66.899, -40.199 ], [ -66.899, -40.166 ], [ -66.933, -40.166 ], [ -66.966, -40.166 ], [ -66.966, -40.133 ], [ -66.933, -40.133 ], [ -66.933, -40.099 ], [ -66.966, -40.099 ], [ -66.966, -40.133 ], [ -66.999, -40.133 ], [ -67.033, -40.133 ], [ -67.033, -40.166 ], [ -67.066, -40.166 ], [ -67.099, -40.166 ], [ -67.099, -40.199 ], [ -67.133, -40.199 ], [ -67.166, -40.199 ], [ -67.199, -40.199 ], [ -67.199, -40.166 ], [ -67.233, -40.166 ], [ -67.233, -40.133 ], [ -67.266, -40.133 ], [ -67.266, -40.099 ], [ -67.299, -40.099 ], [ -67.299, -40.066 ], [ -67.333, -40.066 ], [ -67.366, -40.066 ], [ -67.366, -40.033 ], [ -67.399, -40.033 ], [ -67.433, -40.033 ], [ -67.433, -39.999 ], [ -67.433, -39.966 ], [ -67.466, -39.966 ], [ -67.499, -39.966 ], [ -67.499, -39.933 ], [ -67.466, -39.933 ], [ -67.466, -39.899 ], [ -67.499, -39.899 ], [ -67.499, -39.866 ], [ -67.533, -39.866 ], [ -67.533, -39.833 ], [ -67.566, -39.833 ], [ -67.566, -39.799 ], [ -67.599, -39.799 ], [ -67.599, -39.833 ], [ -67.633, -39.833 ], [ -67.666, -39.833 ], [ -67.699, -39.833 ], [ -67.733, -39.833 ], [ -67.733, -39.799 ], [ -67.699, -39.799 ], [ -67.666, -39.799 ], [ -67.666, -39.766 ], [ -67.666, -39.733 ], [ -67.699, -39.733 ], [ -67.733, -39.733 ], [ -67.733, -39.699 ], [ -67.733, -39.666 ], [ -67.699, -39.666 ], [ -67.699, -39.633 ], [ -67.666, -39.633 ], [ -67.666, -39.599 ], [ -67.633, -39.599 ], [ -67.633, -39.566 ], [ -67.666, -39.566 ], [ -67.666, -39.533 ], [ -67.699, -39.533 ], [ -67.699, -39.499 ], [ -67.699, -39.466 ], [ -67.699, -39.433 ], [ -67.699, -39.399 ], [ -67.699, -39.366 ], [ -67.733, -39.366 ], [ -67.733, -39.399 ], [ -67.766, -39.399 ], [ -67.799, -39.399 ], [ -67.799, -39.433 ], [ -67.833, -39.433 ], [ -67.866, -39.433 ], [ -67.866, -39.466 ], [ -67.899, -39.466 ], [ -67.899, -39.433 ], [ -67.899, -39.399 ], [ -67.899, -39.366 ], [ -67.899, -39.333 ], [ -67.899, -39.299 ], [ -67.866, -39.299 ], [ -67.866, -39.266 ], [ -67.866, -39.233 ], [ -67.833, -39.233 ], [ -67.833, -39.199 ], [ -67.799, -39.199 ], [ -67.766, -39.199 ], [ -67.733, -39.199 ], [ -67.699, -39.199 ], [ -67.666, -39.199 ], [ -67.633, -39.199 ], [ -67.599, -39.199 ], [ -67.599, -39.166 ], [ -67.633, -39.166 ], [ -67.666, -39.166 ], [ -67.699, -39.166 ], [ -67.733, -39.166 ], [ -67.766, -39.166 ], [ -67.799, -39.166 ], [ -67.833, -39.166 ], [ -67.833, -39.133 ], [ -67.866, -39.133 ], [ -67.866, -39.166 ], [ -67.899, -39.166 ], [ -67.899, -39.133 ], [ -67.933, -39.133 ], [ -67.966, -39.133 ], [ -67.999, -39.133 ], [ -67.999, -39.099 ], [ -67.999, -39.066 ], [ -67.999, -39.033 ], [ -68.033, -39.033 ], [ -68.066, -39.033 ], [ -68.099, -39.033 ], [ -68.133, -39.033 ], [ -68.166, -39.033 ], [ -68.199, -39.033 ], [ -68.233, -39.033 ], [ -68.266, -39.033 ], [ -68.299, -39.033 ], [ -68.299, -39.066 ], [ -68.299, -39.099 ], [ -68.299, -39.133 ], [ -68.333, -39.133 ], [ -68.333, -39.166 ], [ -68.366, -39.166 ], [ -68.399, -39.166 ], [ -68.399, -39.199 ], [ -68.433, -39.199 ], [ -68.466, -39.199 ], [ -68.466, -39.166 ], [ -68.499, -39.166 ], [ -68.533, -39.166 ], [ -68.566, -39.166 ], [ -68.599, -39.166 ], [ -68.633, -39.166 ], [ -68.633, -39.199 ], [ -68.666, -39.199 ], [ -68.666, -39.233 ], [ -68.699, -39.233 ], [ -68.699, -39.199 ], [ -68.733, -39.199 ], [ -68.733, -39.166 ], [ -68.733, -39.133 ], [ -68.733, -39.099 ], [ -68.699, -39.099 ], [ -68.699, -39.066 ], [ -68.666, -39.066 ], [ -68.633, -39.066 ], [ -68.599, -39.066 ], [ -68.566, -39.066 ], [ -68.566, -39.033 ], [ -68.599, -39.033 ], [ -68.599, -38.999 ], [ -68.633, -38.999 ], [ -68.666, -38.999 ], [ -68.699, -38.999 ], [ -68.733, -38.999 ], [ -68.766, -38.999 ], [ -68.799, -38.999 ], [ -68.833, -38.999 ], [ -68.866, -38.999 ], [ -68.899, -38.999 ], [ -68.933, -38.999 ], [ -68.966, -38.999 ], [ -68.999, -38.999 ], [ -69.033, -38.999 ], [ -69.066, -38.999 ], [ -69.099, -38.999 ], [ -69.099, -38.966 ], [ -69.099, -38.933 ], [ -69.066, -38.933 ], [ -69.033, -38.933 ], [ -68.999, -38.933 ], [ -68.999, -38.899 ], [ -68.966, -38.899 ], [ -68.966, -38.933 ], [ -68.933, -38.933 ], [ -68.899, -38.933 ], [ -68.866, -38.933 ], [ -68.866, -38.899 ], [ -68.833, -38.899 ], [ -68.799, -38.899 ], [ -68.766, -38.899 ], [ -68.766, -38.866 ], [ -68.733, -38.866 ], [ -68.699, -38.866 ], [ -68.699, -38.899 ], [ -68.666, -38.899 ], [ -68.666, -38.933 ], [ -68.633, -38.933 ], [ -68.599, -38.933 ], [ -68.599, -38.966 ], [ -68.566, -38.966 ], [ -68.533, -38.966 ], [ -68.533, -38.933 ], [ -68.499, -38.933 ], [ -68.499, -38.899 ], [ -68.466, -38.899 ], [ -68.433, -38.899 ], [ -68.433, -38.866 ], [ -68.433, -38.833 ], [ -68.466, -38.833 ], [ -68.499, -38.833 ], [ -68.499, -38.799 ], [ -68.533, -38.799 ], [ -68.533, -38.833 ], [ -68.566, -38.833 ], [ -68.599, -38.833 ], [ -68.599, -38.799 ], [ -68.633, -38.799 ], [ -68.666, -38.799 ], [ -68.666, -38.766 ], [ -68.633, -38.766 ], [ -68.633, -38.733 ], [ -68.599, -38.733 ], [ -68.566, -38.733 ], [ -68.566, -38.699 ], [ -68.533, -38.699 ], [ -68.533, -38.666 ], [ -68.566, -38.666 ], [ -68.599, -38.666 ], [ -68.599, -38.633 ], [ -68.633, -38.633 ], [ -68.666, -38.633 ], [ -68.666, -38.599 ], [ -68.699, -38.599 ], [ -68.733, -38.599 ], [ -68.766, -38.599 ], [ -68.766, -38.633 ], [ -68.766, -38.666 ], [ -68.799, -38.666 ], [ -68.833, -38.666 ], [ -68.866, -38.666 ], [ -68.866, -38.699 ], [ -68.899, -38.699 ], [ -68.933, -38.699 ], [ -68.933, -38.733 ], [ -68.966, -38.733 ], [ -68.999, -38.733 ], [ -68.999, -38.699 ], [ -69.033, -38.699 ], [ -69.033, -38.666 ], [ -69.033, -38.633 ], [ -69.033, -38.599 ], [ -69.066, -38.599 ], [ -69.066, -38.633 ], [ -69.099, -38.633 ], [ -69.133, -38.633 ], [ -69.166, -38.633 ], [ -69.199, -38.633 ], [ -69.233, -38.633 ], [ -69.266, -38.633 ], [ -69.299, -38.633 ], [ -69.333, -38.633 ], [ -69.333, -38.599 ], [ -69.299, -38.599 ], [ -69.266, -38.599 ], [ -69.233, -38.599 ], [ -69.199, -38.599 ], [ -69.166, -38.599 ], [ -69.166, -38.566 ], [ -69.133, -38.566 ], [ -69.099, -38.566 ], [ -69.099, -38.533 ], [ -69.066, -38.533 ], [ -69.066, -38.499 ], [ -69.033, -38.499 ], [ -69.033, -38.466 ], [ -69.033, -38.433 ], [ -69.066, -38.433 ], [ -69.099, -38.433 ], [ -69.099, -38.466 ], [ -69.133, -38.466 ], [ -69.133, -38.499 ], [ -69.166, -38.499 ], [ -69.166, -38.466 ], [ -69.199, -38.466 ], [ -69.199, -38.499 ], [ -69.233, -38.499 ], [ -69.266, -38.499 ], [ -69.299, -38.499 ], [ -69.299, -38.466 ], [ -69.299, -38.433 ], [ -69.299, -38.399 ], [ -69.266, -38.399 ], [ -69.266, -38.366 ], [ -69.266, -38.333 ], [ -69.266, -38.299 ], [ -69.266, -38.266 ], [ -69.233, -38.266 ], [ -69.233, -38.233 ], [ -69.233, -38.199 ], [ -69.233, -38.166 ], [ -69.266, -38.166 ], [ -69.266, -38.133 ], [ -69.266, -38.099 ], [ -69.266, -38.066 ], [ -69.299, -38.066 ], [ -69.299, -38.033 ], [ -69.333, -38.033 ], [ -69.333, -37.999 ], [ -69.366, -37.999 ], [ -69.366, -37.966 ], [ -69.399, -37.966 ], [ -69.399, -37.933 ], [ -69.399, -37.899 ], [ -69.399, -37.866 ], [ -69.433, -37.866 ], [ -69.433, -37.833 ], [ -69.433, -37.799 ], [ -69.433, -37.766 ], [ -69.466, -37.766 ], [ -69.466, -37.733 ], [ -69.466, -37.699 ], [ -69.499, -37.699 ], [ -69.533, -37.699 ], [ -69.533, -37.666 ], [ -69.566, -37.666 ], [ -69.566, -37.633 ], [ -69.566, -37.599 ], [ -69.533, -37.599 ], [ -69.499, -37.599 ], [ -69.499, -37.566 ], [ -69.466, -37.566 ], [ -69.466, -37.599 ], [ -69.433, -37.599 ], [ -69.399, -37.599 ], [ -69.366, -37.599 ], [ -69.366, -37.633 ], [ -69.366, -37.666 ], [ -69.333, -37.666 ], [ -69.333, -37.699 ], [ -69.299, -37.699 ], [ -69.299, -37.733 ], [ -69.299, -37.766 ], [ -69.299, -37.799 ], [ -69.266, -37.799 ], [ -69.233, -37.799 ], [ -69.233, -37.833 ], [ -69.199, -37.833 ], [ -69.199, -37.866 ], [ -69.166, -37.866 ], [ -69.133, -37.866 ], [ -69.099, -37.866 ], [ -69.099, -37.833 ], [ -69.066, -37.833 ], [ -69.033, -37.833 ], [ -69.033, -37.866 ], [ -68.999, -37.866 ], [ -68.999, -37.899 ], [ -68.966, -37.899 ], [ -68.966, -37.866 ], [ -68.933, -37.866 ], [ -68.899, -37.866 ], [ -68.899, -37.899 ], [ -68.866, -37.899 ], [ -68.833, -37.899 ], [ -68.799, -37.899 ], [ -68.799, -37.933 ], [ -68.799, -37.966 ], [ -68.766, -37.966 ], [ -68.733, -37.966 ], [ -68.733, -37.933 ], [ -68.699, -37.933 ], [ -68.666, -37.933 ], [ -68.633, -37.933 ], [ -68.633, -37.899 ], [ -68.599, -37.899 ], [ -68.599, -37.866 ], [ -68.566, -37.866 ], [ -68.566, -37.899 ], [ -68.533, -37.899 ], [ -68.533, -37.866 ], [ -68.499, -37.866 ], [ -68.499, -37.833 ], [ -68.466, -37.833 ], [ -68.433, -37.833 ], [ -68.433, -37.799 ], [ -68.466, -37.799 ], [ -68.499, -37.799 ], [ -68.499, -37.766 ], [ -68.499, -37.733 ], [ -68.499, -37.699 ], [ -68.466, -37.699 ], [ -68.466, -37.666 ], [ -68.466, -37.633 ], [ -68.499, -37.633 ], [ -68.533, -37.633 ], [ -68.566, -37.633 ], [ -68.566, -37.599 ], [ -68.566, -37.566 ], [ -68.599, -37.566 ], [ -68.599, -37.533 ], [ -68.599, -37.499 ], [ -68.599, -37.466 ], [ -68.633, -37.466 ], [ -68.666, -37.466 ], [ -68.699, -37.466 ], [ -68.733, -37.466 ], [ -68.766, -37.466 ], [ -68.799, -37.466 ], [ -68.833, -37.466 ], [ -68.866, -37.466 ], [ -68.899, -37.466 ], [ -68.899, -37.433 ], [ -68.933, -37.433 ], [ -68.966, -37.433 ], [ -68.999, -37.433 ], [ -68.999, -37.399 ], [ -69.033, -37.399 ], [ -69.066, -37.399 ], [ -69.099, -37.399 ], [ -69.133, -37.399 ], [ -69.166, -37.399 ], [ -69.166, -37.366 ], [ -69.166, -37.333 ], [ -69.133, -37.333 ], [ -69.133, -37.299 ], [ -69.133, -37.266 ], [ -69.133, -37.233 ], [ -69.166, -37.233 ], [ -69.199, -37.233 ], [ -69.233, -37.233 ], [ -69.233, -37.199 ], [ -69.266, -37.199 ], [ -69.299, -37.199 ], [ -69.333, -37.199 ], [ -69.366, -37.199 ], [ -69.399, -37.199 ], [ -69.433, -37.199 ], [ -69.466, -37.199 ], [ -69.499, -37.199 ], [ -69.533, -37.199 ], [ -69.533, -37.166 ], [ -69.499, -37.166 ], [ -69.499, -37.133 ], [ -69.466, -37.133 ], [ -69.466, -37.099 ], [ -69.433, -37.099 ], [ -69.433, -37.133 ], [ -69.399, -37.133 ], [ -69.366, -37.133 ], [ -69.333, -37.133 ], [ -69.299, -37.133 ], [ -69.299, -37.099 ], [ -69.266, -37.099 ], [ -69.233, -37.099 ], [ -69.199, -37.099 ], [ -69.199, -37.133 ], [ -69.166, -37.133 ], [ -69.133, -37.133 ], [ -69.133, -37.166 ], [ -69.099, -37.166 ], [ -69.099, -37.133 ], [ -69.066, -37.133 ], [ -69.066, -37.166 ], [ -69.066, -37.199 ], [ -69.033, -37.199 ], [ -68.999, -37.199 ], [ -68.999, -37.233 ], [ -68.966, -37.233 ], [ -68.933, -37.233 ], [ -68.933, -37.266 ], [ -68.933, -37.299 ], [ -68.933, -37.333 ], [ -68.899, -37.333 ], [ -68.866, -37.333 ], [ -68.866, -37.299 ], [ -68.833, -37.299 ], [ -68.833, -37.266 ], [ -68.799, -37.266 ], [ -68.799, -37.299 ], [ -68.766, -37.299 ], [ -68.733, -37.299 ], [ -68.699, -37.299 ], [ -68.699, -37.333 ], [ -68.666, -37.333 ], [ -68.633, -37.333 ], [ -68.633, -37.366 ], [ -68.599, -37.366 ], [ -68.599, -37.399 ], [ -68.566, -37.399 ], [ -68.533, -37.399 ], [ -68.499, -37.399 ], [ -68.466, -37.399 ], [ -68.433, -37.399 ], [ -68.433, -37.433 ], [ -68.399, -37.433 ], [ -68.366, -37.433 ], [ -68.333, -37.433 ], [ -68.333, -37.466 ], [ -68.299, -37.466 ], [ -68.299, -37.499 ], [ -68.266, -37.499 ], [ -68.233, -37.499 ], [ -68.233, -37.466 ], [ -68.199, -37.466 ], [ -68.199, -37.499 ], [ -68.166, -37.499 ], [ -68.166, -37.466 ], [ -68.166, -37.433 ], [ -68.133, -37.433 ], [ -68.133, -37.399 ], [ -68.166, -37.399 ], [ -68.166, -37.366 ], [ -68.166, -37.333 ], [ -68.199, -37.333 ], [ -68.199, -37.299 ], [ -68.199, -37.266 ], [ -68.233, -37.266 ], [ -68.233, -37.233 ], [ -68.233, -37.199 ], [ -68.233, -37.166 ], [ -68.199, -37.166 ], [ -68.199, -37.133 ], [ -68.199, -37.099 ], [ -68.166, -37.099 ], [ -68.166, -37.066 ], [ -68.166, -37.033 ], [ -68.133, -37.033 ], [ -68.133, -36.999 ], [ -68.099, -36.999 ], [ -68.099, -36.966 ], [ -68.133, -36.966 ], [ -68.133, -36.933 ], [ -68.133, -36.899 ], [ -68.166, -36.899 ], [ -68.166, -36.866 ], [ -68.166, -36.833 ], [ -68.199, -36.833 ], [ -68.199, -36.799 ], [ -68.199, -36.766 ], [ -68.166, -36.766 ], [ -68.166, -36.733 ], [ -68.199, -36.733 ], [ -68.199, -36.699 ], [ -68.233, -36.699 ], [ -68.233, -36.666 ], [ -68.233, -36.633 ], [ -68.199, -36.633 ], [ -68.166, -36.633 ], [ -68.166, -36.599 ], [ -68.133, -36.599 ], [ -68.133, -36.566 ], [ -68.133, -36.533 ], [ -68.099, -36.533 ], [ -68.099, -36.499 ], [ -68.099, -36.466 ], [ -68.066, -36.466 ], [ -68.066, -36.433 ], [ -68.066, -36.399 ], [ -68.066, -36.366 ], [ -68.066, -36.333 ], [ -68.066, -36.299 ], [ -68.066, -36.266 ], [ -68.066, -36.233 ], [ -68.066, -36.199 ], [ -68.066, -36.166 ], [ -68.066, -36.133 ], [ -68.099, -36.133 ], [ -68.099, -36.099 ], [ -68.066, -36.099 ], [ -68.066, -36.066 ], [ -68.066, -36.033 ], [ -68.066, -35.999 ], [ -68.066, -35.966 ], [ -68.066, -35.933 ], [ -68.066, -35.899 ], [ -68.033, -35.899 ], [ -68.033, -35.866 ], [ -68.033, -35.833 ], [ -68.066, -35.833 ], [ -68.066, -35.799 ], [ -68.066, -35.766 ], [ -68.066, -35.733 ], [ -68.066, -35.699 ], [ -68.066, -35.666 ], [ -68.066, -35.633 ], [ -68.066, -35.599 ], [ -68.099, -35.599 ], [ -68.099, -35.566 ], [ -68.133, -35.566 ], [ -68.133, -35.533 ], [ -68.133, -35.499 ], [ -68.166, -35.499 ], [ -68.166, -35.466 ], [ -68.166, -35.433 ], [ -68.199, -35.433 ], [ -68.199, -35.399 ], [ -68.233, -35.399 ], [ -68.233, -35.366 ], [ -68.233, -35.333 ], [ -68.266, -35.333 ], [ -68.266, -35.299 ], [ -68.266, -35.266 ], [ -68.266, -35.233 ], [ -68.233, -35.233 ], [ -68.233, -35.199 ], [ -68.266, -35.199 ], [ -68.299, -35.199 ], [ -68.299, -35.166 ], [ -68.299, -35.133 ], [ -68.299, -35.099 ], [ -68.299, -35.066 ], [ -68.333, -35.066 ], [ -68.333, -35.033 ], [ -68.333, -34.999 ], [ -68.333, -34.966 ], [ -68.366, -34.966 ], [ -68.366, -34.933 ], [ -68.366, -34.899 ], [ -68.366, -34.866 ], [ -68.366, -34.833 ], [ -68.399, -34.833 ], [ -68.433, -34.833 ], [ -68.466, -34.833 ], [ -68.466, -34.799 ], [ -68.466, -34.766 ], [ -68.466, -34.733 ], [ -68.499, -34.733 ], [ -68.499, -34.699 ], [ -68.499, -34.666 ], [ -68.533, -34.666 ], [ -68.533, -34.633 ], [ -68.566, -34.633 ], [ -68.566, -34.599 ], [ -68.599, -34.599 ], [ -68.599, -34.566 ], [ -68.566, -34.566 ], [ -68.533, -34.566 ], [ -68.533, -34.533 ], [ -68.533, -34.499 ], [ -68.533, -34.466 ], [ -68.499, -34.466 ], [ -68.499, -34.433 ], [ -68.499, -34.399 ], [ -68.499, -34.366 ], [ -68.499, -34.333 ], [ -68.499, -34.299 ], [ -68.499, -34.266 ], [ -68.499, -34.233 ], [ -68.466, -34.233 ], [ -68.466, -34.199 ], [ -68.433, -34.199 ], [ -68.433, -34.166 ], [ -68.433, -34.133 ], [ -68.433, -34.099 ], [ -68.433, -34.066 ], [ -68.433, -34.033 ], [ -68.433, -33.999 ], [ -68.466, -33.999 ], [ -68.466, -33.966 ], [ -68.499, -33.966 ], [ -68.499, -33.933 ], [ -68.533, -33.933 ], [ -68.533, -33.899 ], [ -68.499, -33.899 ], [ -68.499, -33.866 ], [ -68.499, -33.833 ], [ -68.499, -33.799 ], [ -68.466, -33.799 ], [ -68.466, -33.766 ], [ -68.499, -33.766 ], [ -68.499, -33.733 ], [ -68.499, -33.699 ], [ -68.499, -33.666 ], [ -68.499, -33.633 ], [ -68.533, -33.633 ], [ -68.533, -33.599 ], [ -68.533, -33.566 ], [ -68.566, -33.566 ], [ -68.566, -33.533 ], [ -68.566, -33.499 ], [ -68.566, -33.466 ], [ -68.599, -33.466 ], [ -68.633, -33.466 ], [ -68.666, -33.466 ], [ -68.666, -33.499 ], [ -68.699, -33.499 ], [ -68.699, -33.533 ], [ -68.733, -33.533 ], [ -68.733, -33.566 ], [ -68.733, -33.599 ], [ -68.733, -33.633 ], [ -68.766, -33.633 ], [ -68.799, -33.633 ], [ -68.799, -33.666 ], [ -68.833, -33.666 ], [ -68.866, -33.666 ], [ -68.866, -33.699 ], [ -68.899, -33.699 ], [ -68.899, -33.733 ], [ -68.933, -33.733 ], [ -68.933, -33.766 ], [ -68.933, -33.799 ], [ -68.933, -33.833 ], [ -68.966, -33.833 ], [ -68.966, -33.866 ], [ -68.999, -33.866 ], [ -68.999, -33.899 ], [ -69.033, -33.899 ], [ -69.066, -33.899 ], [ -69.099, -33.899 ], [ -69.099, -33.866 ], [ -69.133, -33.866 ], [ -69.133, -33.833 ], [ -69.133, -33.799 ], [ -69.133, -33.766 ], [ -69.133, -33.733 ], [ -69.133, -33.699 ], [ -69.166, -33.699 ], [ -69.199, -33.699 ], [ -69.199, -33.666 ], [ -69.199, -33.633 ], [ -69.199, -33.599 ], [ -69.199, -33.566 ], [ -69.199, -33.533 ], [ -69.199, -33.499 ], [ -69.166, -33.499 ], [ -69.166, -33.466 ], [ -69.166, -33.433 ], [ -69.166, -33.399 ], [ -69.133, -33.399 ], [ -69.133, -33.366 ], [ -69.099, -33.366 ], [ -69.066, -33.366 ], [ -69.066, -33.399 ], [ -69.033, -33.399 ], [ -69.033, -33.366 ], [ -69.033, -33.333 ], [ -68.999, -33.333 ], [ -68.999, -33.299 ], [ -68.999, -33.266 ], [ -68.999, -33.233 ], [ -68.999, -33.199 ], [ -68.999, -33.166 ], [ -68.999, -33.133 ], [ -68.999, -33.099 ], [ -68.999, -33.066 ], [ -68.999, -33.033 ], [ -68.966, -33.033 ], [ -68.966, -32.999 ], [ -68.933, -32.999 ], [ -68.933, -32.966 ], [ -68.933, -32.933 ], [ -68.933, -32.899 ], [ -68.933, -32.866 ], [ -68.899, -32.866 ], [ -68.899, -32.833 ], [ -68.933, -32.833 ], [ -68.933, -32.799 ], [ -68.933, -32.766 ], [ -68.899, -32.766 ], [ -68.899, -32.733 ], [ -68.933, -32.733 ], [ -68.933, -32.699 ], [ -68.933, -32.666 ], [ -68.933, -32.633 ], [ -68.933, -32.599 ], [ -68.899, -32.599 ], [ -68.899, -32.566 ], [ -68.899, -32.533 ], [ -68.899, -32.499 ], [ -68.866, -32.499 ], [ -68.866, -32.466 ], [ -68.866, -32.433 ], [ -68.866, -32.399 ], [ -68.866, -32.366 ], [ -68.866, -32.333 ], [ -68.866, -32.299 ], [ -68.866, -32.266 ], [ -68.866, -32.233 ], [ -68.833, -32.233 ], [ -68.833, -32.199 ], [ -68.833, -32.166 ], [ -68.833, -32.133 ], [ -68.799, -32.133 ], [ -68.799, -32.099 ], [ -68.766, -32.099 ], [ -68.766, -32.066 ], [ -68.733, -32.066 ], [ -68.733, -32.033 ], [ -68.699, -32.033 ], [ -68.699, -31.999 ], [ -68.699, -31.966 ], [ -68.699, -31.933 ], [ -68.666, -31.933 ], [ -68.666, -31.899 ], [ -68.633, -31.899 ], [ -68.633, -31.866 ], [ -68.633, -31.833 ], [ -68.633, -31.799 ], [ -68.633, -31.766 ], [ -68.599, -31.766 ], [ -68.599, -31.733 ], [ -68.633, -31.733 ], [ -68.633, -31.699 ], [ -68.633, -31.666 ], [ -68.633, -31.633 ], [ -68.666, -31.633 ], [ -68.666, -31.599 ], [ -68.666, -31.566 ], [ -68.666, -31.533 ], [ -68.666, -31.499 ], [ -68.633, -31.499 ], [ -68.599, -31.499 ], [ -68.599, -31.466 ], [ -68.566, -31.466 ], [ -68.566, -31.433 ], [ -68.566, -31.399 ], [ -68.533, -31.399 ], [ -68.533, -31.366 ], [ -68.499, -31.366 ], [ -68.499, -31.333 ], [ -68.499, -31.299 ], [ -68.466, -31.299 ], [ -68.466, -31.266 ], [ -68.433, -31.266 ], [ -68.433, -31.233 ], [ -68.433, -31.199 ], [ -68.399, -31.199 ], [ -68.399, -31.166 ], [ -68.399, -31.133 ], [ -68.433, -31.133 ], [ -68.433, -31.099 ], [ -68.433, -31.066 ], [ -68.466, -31.066 ], [ -68.466, -31.033 ], [ -68.466, -30.999 ], [ -68.433, -30.999 ], [ -68.433, -30.966 ], [ -68.433, -30.933 ], [ -68.433, -30.899 ], [ -68.433, -30.866 ], [ -68.399, -30.866 ], [ -68.399, -30.833 ], [ -68.433, -30.833 ], [ -68.433, -30.799 ], [ -68.433, -30.766 ], [ -68.399, -30.766 ], [ -68.399, -30.733 ], [ -68.433, -30.733 ], [ -68.433, -30.699 ], [ -68.466, -30.699 ], [ -68.499, -30.699 ], [ -68.533, -30.699 ], [ -68.533, -30.733 ], [ -68.533, -30.766 ], [ -68.533, -30.799 ], [ -68.566, -30.799 ], [ -68.599, -30.799 ], [ -68.599, -30.766 ], [ -68.633, -30.766 ], [ -68.633, -30.733 ], [ -68.633, -30.699 ], [ -68.633, -30.666 ], [ -68.633, -30.633 ], [ -68.633, -30.599 ], [ -68.633, -30.566 ], [ -68.599, -30.566 ], [ -68.566, -30.566 ], [ -68.566, -30.599 ], [ -68.533, -30.599 ], [ -68.499, -30.599 ], [ -68.499, -30.566 ], [ -68.466, -30.566 ], [ -68.466, -30.533 ], [ -68.466, -30.499 ], [ -68.466, -30.466 ], [ -68.466, -30.433 ], [ -68.433, -30.433 ], [ -68.433, -30.399 ], [ -68.433, -30.366 ], [ -68.399, -30.366 ], [ -68.399, -30.333 ], [ -68.399, -30.299 ], [ -68.366, -30.299 ], [ -68.366, -30.266 ], [ -68.399, -30.266 ], [ -68.433, -30.266 ], [ -68.466, -30.266 ], [ -68.499, -30.266 ], [ -68.499, -30.233 ], [ -68.466, -30.233 ], [ -68.466, -30.199 ], [ -68.499, -30.199 ], [ -68.499, -30.166 ], [ -68.499, -30.133 ], [ -68.499, -30.099 ], [ -68.466, -30.099 ], [ -68.466, -30.066 ], [ -68.433, -30.066 ], [ -68.433, -30.099 ], [ -68.399, -30.099 ], [ -68.366, -30.099 ], [ -68.333, -30.099 ], [ -68.333, -30.066 ], [ -68.333, -30.033 ], [ -68.366, -30.033 ], [ -68.399, -30.033 ], [ -68.399, -29.999 ], [ -68.399, -29.966 ], [ -68.433, -29.966 ], [ -68.433, -29.933 ], [ -68.433, -29.899 ], [ -68.433, -29.866 ], [ -68.433, -29.833 ], [ -68.433, -29.799 ], [ -68.433, -29.766 ], [ -68.466, -29.766 ], [ -68.466, -29.733 ], [ -68.466, -29.699 ], [ -68.499, -29.699 ], [ -68.499, -29.666 ], [ -68.533, -29.666 ], [ -68.533, -29.633 ], [ -68.533, -29.599 ], [ -68.566, -29.599 ], [ -68.566, -29.566 ], [ -68.566, -29.533 ], [ -68.566, -29.499 ], [ -68.533, -29.499 ], [ -68.499, -29.499 ], [ -68.466, -29.499 ], [ -68.466, -29.533 ], [ -68.433, -29.533 ], [ -68.433, -29.566 ], [ -68.433, -29.599 ], [ -68.433, -29.633 ], [ -68.399, -29.633 ], [ -68.399, -29.666 ], [ -68.366, -29.666 ], [ -68.366, -29.699 ], [ -68.333, -29.699 ], [ -68.299, -29.699 ], [ -68.299, -29.733 ], [ -68.299, -29.766 ], [ -68.299, -29.799 ], [ -68.266, -29.799 ], [ -68.266, -29.833 ], [ -68.233, -29.833 ], [ -68.233, -29.866 ], [ -68.233, -29.899 ], [ -68.199, -29.899 ], [ -68.166, -29.899 ], [ -68.166, -29.933 ], [ -68.133, -29.933 ], [ -68.133, -29.966 ], [ -68.133, -29.999 ], [ -68.133, -30.033 ], [ -68.099, -30.033 ], [ -68.099, -30.066 ], [ -68.066, -30.066 ], [ -68.066, -30.099 ], [ -68.066, -30.133 ], [ -68.033, -30.133 ], [ -68.033, -30.166 ], [ -68.033, -30.199 ], [ -68.033, -30.233 ], [ -67.999, -30.233 ], [ -67.999, -30.266 ], [ -67.966, -30.266 ], [ -67.966, -30.299 ], [ -67.966, -30.333 ], [ -67.933, -30.333 ], [ -67.899, -30.333 ], [ -67.899, -30.366 ], [ -67.899, -30.399 ], [ -67.866, -30.399 ], [ -67.866, -30.433 ], [ -67.866, -30.466 ], [ -67.866, -30.499 ], [ -67.833, -30.499 ], [ -67.833, -30.533 ], [ -67.833, -30.566 ], [ -67.833, -30.599 ], [ -67.833, -30.633 ], [ -67.833, -30.666 ], [ -67.799, -30.666 ], [ -67.799, -30.699 ], [ -67.766, -30.699 ], [ -67.766, -30.733 ], [ -67.766, -30.766 ], [ -67.766, -30.799 ], [ -67.799, -30.799 ], [ -67.799, -30.766 ], [ -67.833, -30.766 ], [ -67.833, -30.733 ], [ -67.833, -30.699 ], [ -67.866, -30.699 ], [ -67.899, -30.699 ], [ -67.899, -30.733 ], [ -67.899, -30.766 ], [ -67.899, -30.799 ], [ -67.899, -30.833 ], [ -67.899, -30.866 ], [ -67.866, -30.866 ], [ -67.866, -30.899 ], [ -67.833, -30.899 ], [ -67.833, -30.933 ], [ -67.833, -30.966 ], [ -67.833, -30.999 ], [ -67.833, -31.033 ], [ -67.799, -31.033 ], [ -67.766, -31.033 ], [ -67.766, -31.066 ], [ -67.733, -31.066 ], [ -67.733, -31.099 ], [ -67.733, -31.133 ], [ -67.699, -31.133 ], [ -67.699, -31.166 ], [ -67.699, -31.199 ], [ -67.699, -31.233 ], [ -67.699, -31.266 ], [ -67.699, -31.299 ], [ -67.733, -31.299 ], [ -67.733, -31.333 ], [ -67.733, -31.366 ], [ -67.733, -31.399 ], [ -67.766, -31.399 ], [ -67.766, -31.433 ], [ -67.766, -31.466 ], [ -67.766, -31.499 ], [ -67.799, -31.499 ], [ -67.799, -31.533 ], [ -67.799, -31.566 ], [ -67.799, -31.599 ], [ -67.799, -31.633 ], [ -67.799, -31.666 ], [ -67.833, -31.666 ], [ -67.833, -31.699 ], [ -67.833, -31.733 ], [ -67.833, -31.766 ], [ -67.833, -31.799 ], [ -67.833, -31.833 ], [ -67.833, -31.866 ], [ -67.866, -31.866 ], [ -67.899, -31.866 ], [ -67.899, -31.899 ], [ -67.933, -31.899 ], [ -67.966, -31.899 ], [ -67.999, -31.899 ], [ -67.999, -31.866 ], [ -68.033, -31.866 ], [ -68.033, -31.833 ], [ -68.066, -31.833 ], [ -68.066, -31.799 ], [ -68.099, -31.799 ], [ -68.133, -31.799 ], [ -68.133, -31.766 ], [ -68.166, -31.766 ], [ -68.166, -31.799 ], [ -68.199, -31.799 ], [ -68.233, -31.799 ], [ -68.266, -31.799 ], [ -68.299, -31.799 ], [ -68.333, -31.799 ], [ -68.366, -31.799 ], [ -68.399, -31.799 ], [ -68.433, -31.799 ], [ -68.466, -31.799 ], [ -68.466, -31.833 ], [ -68.499, -31.833 ], [ -68.499, -31.866 ], [ -68.533, -31.866 ], [ -68.533, -31.899 ], [ -68.566, -31.899 ], [ -68.566, -31.933 ], [ -68.566, -31.966 ], [ -68.599, -31.966 ], [ -68.599, -31.999 ], [ -68.599, -32.033 ], [ -68.633, -32.033 ], [ -68.633, -32.066 ], [ -68.666, -32.066 ], [ -68.666, -32.099 ], [ -68.699, -32.099 ], [ -68.699, -32.133 ], [ -68.699, -32.166 ], [ -68.699, -32.199 ], [ -68.733, -32.199 ], [ -68.733, -32.233 ], [ -68.766, -32.233 ], [ -68.766, -32.266 ], [ -68.766, -32.299 ], [ -68.766, -32.333 ], [ -68.799, -32.333 ], [ -68.799, -32.366 ], [ -68.799, -32.399 ], [ -68.799, -32.433 ], [ -68.799, -32.466 ], [ -68.799, -32.499 ], [ -68.766, -32.499 ], [ -68.766, -32.533 ], [ -68.766, -32.566 ], [ -68.766, -32.599 ], [ -68.799, -32.599 ], [ -68.799, -32.633 ], [ -68.833, -32.633 ], [ -68.833, -32.666 ], [ -68.866, -32.666 ], [ -68.866, -32.699 ], [ -68.833, -32.699 ], [ -68.833, -32.733 ], [ -68.833, -32.766 ], [ -68.866, -32.766 ], [ -68.866, -32.799 ], [ -68.866, -32.833 ], [ -68.866, -32.866 ], [ -68.833, -32.866 ], [ -68.833, -32.899 ], [ -68.833, -32.933 ], [ -68.833, -32.966 ], [ -68.799, -32.966 ], [ -68.799, -32.999 ], [ -68.799, -33.033 ], [ -68.766, -33.033 ], [ -68.766, -33.066 ], [ -68.766, -33.099 ], [ -68.733, -33.099 ], [ -68.733, -33.133 ], [ -68.733, -33.166 ], [ -68.733, -33.199 ], [ -68.699, -33.199 ], [ -68.699, -33.233 ], [ -68.733, -33.233 ], [ -68.733, -33.266 ], [ -68.733, -33.299 ], [ -68.733, -33.333 ], [ -68.766, -33.333 ], [ -68.766, -33.366 ], [ -68.766, -33.399 ], [ -68.733, -33.399 ], [ -68.733, -33.366 ], [ -68.699, -33.366 ], [ -68.699, -33.333 ], [ -68.666, -33.333 ], [ -68.666, -33.299 ], [ -68.633, -33.299 ], [ -68.599, -33.299 ], [ -68.566, -33.299 ], [ -68.533, -33.299 ], [ -68.533, -33.333 ], [ -68.499, -33.333 ], [ -68.499, -33.366 ], [ -68.466, -33.366 ], [ -68.433, -33.366 ], [ -68.433, -33.399 ], [ -68.399, -33.399 ], [ -68.399, -33.433 ], [ -68.366, -33.433 ], [ -68.366, -33.466 ], [ -68.333, -33.466 ], [ -68.333, -33.499 ], [ -68.333, -33.533 ], [ -68.333, -33.566 ], [ -68.299, -33.566 ], [ -68.299, -33.599 ], [ -68.266, -33.599 ], [ -68.266, -33.633 ], [ -68.266, -33.666 ], [ -68.266, -33.699 ], [ -68.266, -33.733 ], [ -68.233, -33.733 ], [ -68.233, -33.766 ], [ -68.233, -33.799 ], [ -68.233, -33.833 ], [ -68.233, -33.866 ], [ -68.233, -33.899 ], [ -68.233, -33.933 ], [ -68.199, -33.933 ], [ -68.199, -33.966 ], [ -68.166, -33.966 ], [ -68.166, -33.999 ], [ -68.199, -33.999 ], [ -68.199, -34.033 ], [ -68.199, -34.066 ], [ -68.199, -34.099 ], [ -68.199, -34.133 ], [ -68.166, -34.133 ], [ -68.166, -34.166 ], [ -68.166, -34.199 ], [ -68.166, -34.233 ], [ -68.166, -34.266 ], [ -68.133, -34.266 ], [ -68.133, -34.299 ], [ -68.133, -34.333 ], [ -68.133, -34.366 ], [ -68.133, -34.399 ], [ -68.166, -34.399 ], [ -68.166, -34.433 ], [ -68.166, -34.466 ], [ -68.199, -34.466 ], [ -68.199, -34.499 ], [ -68.233, -34.499 ], [ -68.233, -34.533 ], [ -68.233, -34.566 ], [ -68.233, -34.599 ], [ -68.233, -34.633 ], [ -68.233, -34.666 ], [ -68.233, -34.699 ], [ -68.266, -34.699 ], [ -68.266, -34.733 ], [ -68.299, -34.733 ], [ -68.299, -34.766 ], [ -68.299, -34.799 ], [ -68.266, -34.799 ], [ -68.266, -34.833 ], [ -68.266, -34.866 ], [ -68.266, -34.899 ], [ -68.266, -34.933 ], [ -68.266, -34.966 ], [ -68.266, -34.999 ], [ -68.266, -35.033 ], [ -68.233, -35.033 ], [ -68.199, -35.033 ], [ -68.166, -35.033 ], [ -68.166, -35.066 ], [ -68.199, -35.066 ], [ -68.233, -35.066 ], [ -68.233, -35.099 ], [ -68.199, -35.099 ], [ -68.166, -35.099 ], [ -68.133, -35.099 ], [ -68.133, -35.133 ], [ -68.133, -35.166 ], [ -68.166, -35.166 ], [ -68.166, -35.199 ], [ -68.133, -35.199 ], [ -68.133, -35.233 ], [ -68.099, -35.233 ], [ -68.099, -35.266 ], [ -68.099, -35.299 ], [ -68.066, -35.299 ], [ -68.066, -35.333 ], [ -68.033, -35.333 ], [ -67.999, -35.333 ], [ -67.999, -35.366 ], [ -68.033, -35.366 ], [ -68.033, -35.399 ], [ -67.999, -35.399 ], [ -67.966, -35.399 ], [ -67.966, -35.433 ], [ -67.933, -35.433 ], [ -67.933, -35.466 ], [ -67.933, -35.499 ], [ -67.899, -35.499 ], [ -67.899, -35.533 ], [ -67.866, -35.533 ], [ -67.866, -35.566 ], [ -67.833, -35.566 ], [ -67.833, -35.599 ], [ -67.799, -35.599 ], [ -67.799, -35.633 ], [ -67.766, -35.633 ], [ -67.766, -35.666 ], [ -67.766, -35.699 ], [ -67.733, -35.699 ], [ -67.733, -35.733 ], [ -67.733, -35.766 ], [ -67.699, -35.766 ], [ -67.699, -35.799 ], [ -67.666, -35.799 ], [ -67.666, -35.833 ], [ -67.633, -35.833 ], [ -67.633, -35.866 ], [ -67.633, -35.899 ], [ -67.599, -35.899 ], [ -67.599, -35.933 ], [ -67.599, -35.966 ], [ -67.566, -35.966 ], [ -67.566, -35.999 ], [ -67.566, -36.033 ], [ -67.566, -36.066 ], [ -67.566, -36.099 ], [ -67.533, -36.099 ], [ -67.533, -36.133 ], [ -67.499, -36.133 ], [ -67.499, -36.166 ], [ -67.466, -36.166 ], [ -67.466, -36.199 ], [ -67.466, -36.233 ], [ -67.499, -36.233 ], [ -67.499, -36.266 ], [ -67.466, -36.266 ], [ -67.433, -36.266 ], [ -67.433, -36.299 ], [ -67.399, -36.299 ], [ -67.399, -36.333 ], [ -67.399, -36.366 ], [ -67.366, -36.366 ], [ -67.366, -36.399 ], [ -67.366, -36.433 ], [ -67.333, -36.433 ], [ -67.333, -36.466 ], [ -67.366, -36.466 ], [ -67.366, -36.499 ], [ -67.366, -36.533 ], [ -67.366, -36.566 ], [ -67.366, -36.599 ], [ -67.399, -36.599 ], [ -67.433, -36.599 ], [ -67.433, -36.633 ], [ -67.433, -36.666 ], [ -67.466, -36.666 ], [ -67.466, -36.699 ], [ -67.499, -36.699 ], [ -67.499, -36.733 ], [ -67.466, -36.733 ], [ -67.466, -36.766 ], [ -67.499, -36.766 ], [ -67.499, -36.799 ], [ -67.466, -36.799 ], [ -67.433, -36.799 ], [ -67.433, -36.766 ], [ -67.399, -36.766 ], [ -67.399, -36.733 ], [ -67.366, -36.733 ], [ -67.366, -36.766 ], [ -67.333, -36.766 ], [ -67.299, -36.766 ], [ -67.266, -36.766 ], [ -67.266, -36.799 ], [ -67.233, -36.799 ], [ -67.233, -36.833 ], [ -67.233, -36.866 ], [ -67.266, -36.866 ], [ -67.299, -36.866 ], [ -67.299, -36.833 ], [ -67.333, -36.833 ], [ -67.333, -36.866 ], [ -67.299, -36.866 ], [ -67.299, -36.899 ], [ -67.299, -36.933 ], [ -67.299, -36.966 ], [ -67.299, -36.999 ], [ -67.333, -36.999 ], [ -67.333, -37.033 ], [ -67.299, -37.033 ], [ -67.299, -37.066 ], [ -67.266, -37.066 ], [ -67.266, -37.099 ], [ -67.233, -37.099 ], [ -67.233, -37.133 ], [ -67.233, -37.166 ], [ -67.266, -37.166 ], [ -67.299, -37.166 ], [ -67.299, -37.199 ], [ -67.333, -37.199 ], [ -67.366, -37.199 ], [ -67.366, -37.233 ], [ -67.333, -37.233 ], [ -67.333, -37.266 ], [ -67.333, -37.299 ], [ -67.299, -37.299 ], [ -67.299, -37.333 ], [ -67.299, -37.366 ], [ -67.266, -37.366 ], [ -67.266, -37.399 ], [ -67.266, -37.433 ], [ -67.233, -37.433 ], [ -67.233, -37.466 ], [ -67.233, -37.499 ], [ -67.199, -37.499 ], [ -67.199, -37.533 ], [ -67.166, -37.533 ], [ -67.133, -37.533 ], [ -67.133, -37.566 ], [ -67.099, -37.566 ], [ -67.066, -37.566 ], [ -67.066, -37.533 ], [ -67.033, -37.533 ], [ -66.999, -37.533 ], [ -66.966, -37.533 ], [ -66.933, -37.533 ], [ -66.933, -37.499 ], [ -66.899, -37.499 ], [ -66.899, -37.533 ], [ -66.866, -37.533 ], [ -66.866, -37.499 ], [ -66.833, -37.499 ], [ -66.799, -37.499 ], [ -66.766, -37.499 ], [ -66.766, -37.466 ], [ -66.766, -37.433 ], [ -66.799, -37.433 ], [ -66.833, -37.433 ], [ -66.833, -37.466 ], [ -66.866, -37.466 ], [ -66.866, -37.433 ], [ -66.866, -37.399 ], [ -66.833, -37.399 ], [ -66.833, -37.366 ], [ -66.799, -37.366 ], [ -66.799, -37.399 ], [ -66.766, -37.399 ], [ -66.766, -37.366 ], [ -66.733, -37.366 ], [ -66.699, -37.366 ], [ -66.666, -37.366 ], [ -66.666, -37.399 ], [ -66.633, -37.399 ], [ -66.633, -37.366 ], [ -66.599, -37.366 ], [ -66.599, -37.333 ], [ -66.566, -37.333 ], [ -66.566, -37.299 ], [ -66.533, -37.299 ], [ -66.533, -37.266 ], [ -66.499, -37.266 ], [ -66.499, -37.233 ], [ -66.466, -37.233 ], [ -66.466, -37.199 ], [ -66.433, -37.199 ], [ -66.433, -37.166 ], [ -66.399, -37.166 ], [ -66.399, -37.133 ], [ -66.399, -37.099 ], [ -66.366, -37.099 ], [ -66.366, -37.066 ], [ -66.333, -37.066 ], [ -66.299, -37.066 ], [ -66.266, -37.066 ], [ -66.266, -37.033 ], [ -66.299, -37.033 ], [ -66.333, -37.033 ], [ -66.333, -36.999 ], [ -66.299, -36.999 ], [ -66.299, -36.966 ], [ -66.266, -36.966 ], [ -66.266, -36.933 ], [ -66.266, -36.899 ], [ -66.233, -36.899 ], [ -66.233, -36.866 ], [ -66.199, -36.866 ], [ -66.199, -36.833 ], [ -66.199, -36.799 ], [ -66.166, -36.799 ], [ -66.166, -36.766 ], [ -66.166, -36.733 ], [ -66.166, -36.699 ], [ -66.199, -36.699 ], [ -66.233, -36.699 ], [ -66.233, -36.666 ], [ -66.266, -36.666 ], [ -66.266, -36.699 ], [ -66.299, -36.699 ], [ -66.333, -36.699 ], [ -66.333, -36.666 ], [ -66.366, -36.666 ], [ -66.366, -36.633 ], [ -66.333, -36.633 ], [ -66.333, -36.599 ], [ -66.366, -36.599 ], [ -66.366, -36.566 ], [ -66.333, -36.566 ], [ -66.333, -36.533 ], [ -66.333, -36.499 ], [ -66.299, -36.499 ], [ -66.266, -36.499 ], [ -66.266, -36.466 ], [ -66.266, -36.433 ], [ -66.266, -36.399 ], [ -66.233, -36.399 ], [ -66.233, -36.366 ], [ -66.233, -36.333 ], [ -66.199, -36.333 ], [ -66.199, -36.299 ], [ -66.199, -36.266 ], [ -66.166, -36.266 ], [ -66.166, -36.233 ], [ -66.166, -36.199 ], [ -66.166, -36.166 ], [ -66.133, -36.166 ], [ -66.133, -36.133 ], [ -66.133, -36.099 ], [ -66.099, -36.099 ], [ -66.099, -36.066 ], [ -66.133, -36.066 ], [ -66.133, -36.033 ], [ -66.099, -36.033 ], [ -66.099, -35.999 ], [ -66.099, -35.966 ], [ -66.099, -35.933 ], [ -66.099, -35.899 ], [ -66.066, -35.899 ], [ -66.066, -35.866 ], [ -66.066, -35.833 ], [ -66.066, -35.799 ], [ -66.066, -35.766 ], [ -66.033, -35.766 ], [ -66.033, -35.733 ], [ -66.033, -35.699 ], [ -65.999, -35.699 ], [ -65.999, -35.666 ], [ -66.033, -35.666 ], [ -66.033, -35.633 ], [ -66.033, -35.599 ], [ -65.999, -35.599 ], [ -65.966, -35.599 ], [ -65.966, -35.566 ], [ -65.999, -35.566 ], [ -65.999, -35.533 ], [ -65.999, -35.499 ], [ -65.999, -35.466 ], [ -65.999, -35.433 ], [ -65.999, -35.399 ], [ -65.966, -35.399 ], [ -65.966, -35.366 ], [ -65.933, -35.366 ], [ -65.933, -35.333 ], [ -65.899, -35.333 ], [ -65.899, -35.299 ], [ -65.866, -35.299 ], [ -65.866, -35.266 ], [ -65.833, -35.266 ], [ -65.833, -35.233 ], [ -65.799, -35.233 ], [ -65.799, -35.199 ], [ -65.766, -35.199 ], [ -65.766, -35.166 ], [ -65.733, -35.166 ], [ -65.733, -35.133 ], [ -65.699, -35.133 ], [ -65.699, -35.099 ], [ -65.733, -35.099 ], [ -65.733, -35.066 ], [ -65.733, -35.033 ], [ -65.699, -35.033 ], [ -65.699, -34.999 ], [ -65.666, -34.999 ], [ -65.633, -34.999 ], [ -65.633, -34.966 ], [ -65.599, -34.966 ], [ -65.599, -34.933 ], [ -65.633, -34.933 ], [ -65.666, -34.933 ], [ -65.666, -34.899 ], [ -65.699, -34.899 ], [ -65.699, -34.933 ], [ -65.699, -34.966 ], [ -65.699, -34.999 ], [ -65.733, -34.999 ], [ -65.733, -34.966 ], [ -65.733, -34.933 ], [ -65.766, -34.933 ], [ -65.799, -34.933 ], [ -65.833, -34.933 ], [ -65.833, -34.899 ], [ -65.866, -34.899 ], [ -65.866, -34.866 ], [ -65.866, -34.833 ], [ -65.899, -34.833 ], [ -65.899, -34.799 ], [ -65.933, -34.799 ], [ -65.933, -34.766 ], [ -65.966, -34.766 ], [ -65.999, -34.766 ], [ -65.999, -34.799 ], [ -65.999, -34.833 ], [ -66.033, -34.833 ], [ -66.033, -34.799 ], [ -66.066, -34.799 ], [ -66.066, -34.833 ], [ -66.099, -34.833 ], [ -66.133, -34.833 ], [ -66.166, -34.833 ], [ -66.166, -34.799 ], [ -66.199, -34.799 ], [ -66.199, -34.766 ], [ -66.199, -34.733 ], [ -66.233, -34.733 ], [ -66.266, -34.733 ], [ -66.299, -34.733 ], [ -66.299, -34.699 ], [ -66.299, -34.666 ], [ -66.266, -34.666 ], [ -66.266, -34.633 ], [ -66.233, -34.633 ], [ -66.233, -34.599 ], [ -66.266, -34.599 ], [ -66.266, -34.633 ], [ -66.299, -34.633 ], [ -66.333, -34.633 ], [ -66.333, -34.666 ], [ -66.366, -34.666 ], [ -66.399, -34.666 ], [ -66.433, -34.666 ], [ -66.466, -34.666 ], [ -66.499, -34.666 ], [ -66.533, -34.666 ], [ -66.533, -34.633 ], [ -66.566, -34.633 ], [ -66.566, -34.599 ], [ -66.599, -34.599 ], [ -66.599, -34.566 ], [ -66.599, -34.533 ], [ -66.599, -34.499 ], [ -66.599, -34.466 ], [ -66.599, -34.433 ], [ -66.599, -34.399 ], [ -66.599, -34.366 ], [ -66.599, -34.333 ], [ -66.566, -34.333 ], [ -66.566, -34.299 ], [ -66.533, -34.299 ], [ -66.533, -34.266 ], [ -66.533, -34.233 ], [ -66.499, -34.233 ], [ -66.499, -34.199 ], [ -66.533, -34.199 ], [ -66.533, -34.166 ], [ -66.533, -34.133 ], [ -66.533, -34.099 ], [ -66.533, -34.066 ], [ -66.533, -34.033 ], [ -66.533, -33.999 ], [ -66.533, -33.966 ], [ -66.499, -33.966 ], [ -66.499, -33.999 ], [ -66.466, -33.999 ], [ -66.433, -33.999 ], [ -66.433, -33.966 ], [ -66.433, -33.933 ], [ -66.399, -33.933 ], [ -66.366, -33.933 ], [ -66.366, -33.899 ], [ -66.333, -33.899 ], [ -66.333, -33.933 ], [ -66.299, -33.933 ], [ -66.299, -33.899 ], [ -66.266, -33.899 ], [ -66.266, -33.866 ], [ -66.299, -33.866 ], [ -66.299, -33.833 ], [ -66.266, -33.833 ], [ -66.266, -33.799 ], [ -66.266, -33.766 ], [ -66.266, -33.733 ], [ -66.266, -33.699 ], [ -66.266, -33.666 ], [ -66.233, -33.666 ], [ -66.199, -33.666 ], [ -66.199, -33.633 ], [ -66.233, -33.633 ], [ -66.266, -33.633 ], [ -66.266, -33.599 ], [ -66.266, -33.566 ], [ -66.233, -33.566 ], [ -66.199, -33.566 ], [ -66.199, -33.533 ], [ -66.199, -33.499 ], [ -66.199, -33.466 ], [ -66.199, -33.433 ], [ -66.199, -33.399 ], [ -66.233, -33.399 ], [ -66.233, -33.366 ], [ -66.233, -33.333 ], [ -66.233, -33.299 ], [ -66.266, -33.299 ], [ -66.299, -33.299 ], [ -66.299, -33.266 ], [ -66.299, -33.233 ], [ -66.299, -33.199 ], [ -66.299, -33.166 ], [ -66.299, -33.133 ], [ -66.299, -33.099 ], [ -66.299, -33.066 ], [ -66.299, -33.033 ], [ -66.299, -32.999 ], [ -66.299, -32.966 ], [ -66.333, -32.966 ], [ -66.333, -32.933 ], [ -66.333, -32.899 ], [ -66.333, -32.866 ], [ -66.366, -32.866 ], [ -66.366, -32.833 ], [ -66.366, -32.799 ], [ -66.333, -32.799 ], [ -66.333, -32.766 ], [ -66.333, -32.733 ], [ -66.333, -32.699 ], [ -66.299, -32.699 ], [ -66.266, -32.699 ], [ -66.266, -32.666 ], [ -66.266, -32.633 ], [ -66.266, -32.599 ], [ -66.233, -32.599 ], [ -66.233, -32.566 ], [ -66.199, -32.566 ], [ -66.199, -32.533 ], [ -66.166, -32.533 ], [ -66.133, -32.533 ], [ -66.099, -32.533 ], [ -66.066, -32.533 ], [ -66.033, -32.533 ], [ -66.033, -32.499 ], [ -66.033, -32.466 ], [ -65.999, -32.466 ], [ -65.999, -32.499 ], [ -65.999, -32.533 ], [ -65.999, -32.566 ], [ -66.033, -32.566 ], [ -66.033, -32.599 ], [ -66.066, -32.599 ], [ -66.066, -32.633 ], [ -66.099, -32.633 ], [ -66.099, -32.666 ], [ -66.133, -32.666 ], [ -66.133, -32.699 ], [ -66.166, -32.699 ], [ -66.199, -32.699 ], [ -66.199, -32.666 ], [ -66.199, -32.633 ], [ -66.233, -32.633 ], [ -66.233, -32.666 ], [ -66.233, -32.699 ], [ -66.233, -32.733 ], [ -66.233, -32.766 ], [ -66.233, -32.799 ], [ -66.266, -32.799 ], [ -66.266, -32.833 ], [ -66.266, -32.866 ], [ -66.266, -32.899 ], [ -66.266, -32.933 ], [ -66.266, -32.966 ], [ -66.266, -32.999 ], [ -66.266, -33.033 ], [ -66.266, -33.066 ], [ -66.266, -33.099 ], [ -66.266, -33.133 ], [ -66.266, -33.166 ], [ -66.266, -33.199 ], [ -66.266, -33.233 ], [ -66.233, -33.233 ], [ -66.233, -33.199 ], [ -66.199, -33.199 ], [ -66.166, -33.199 ], [ -66.133, -33.199 ], [ -66.099, -33.199 ], [ -66.099, -33.233 ], [ -66.066, -33.233 ], [ -66.066, -33.199 ], [ -66.066, -33.166 ], [ -66.033, -33.166 ], [ -65.999, -33.166 ], [ -65.999, -33.133 ], [ -65.966, -33.133 ], [ -65.966, -33.166 ], [ -65.933, -33.166 ], [ -65.933, -33.133 ], [ -65.899, -33.133 ], [ -65.899, -33.166 ], [ -65.866, -33.166 ], [ -65.833, -33.166 ], [ -65.833, -33.199 ], [ -65.833, -33.233 ], [ -65.833, -33.266 ], [ -65.799, -33.266 ], [ -65.799, -33.299 ], [ -65.799, -33.333 ], [ -65.799, -33.366 ], [ -65.766, -33.366 ], [ -65.766, -33.399 ], [ -65.766, -33.433 ], [ -65.733, -33.433 ], [ -65.733, -33.466 ], [ -65.733, -33.499 ], [ -65.766, -33.499 ], [ -65.766, -33.533 ], [ -65.766, -33.566 ], [ -65.766, -33.599 ], [ -65.766, -33.633 ], [ -65.766, -33.666 ], [ -65.766, -33.699 ], [ -65.766, -33.733 ], [ -65.766, -33.766 ], [ -65.766, -33.799 ], [ -65.799, -33.799 ], [ -65.799, -33.833 ], [ -65.766, -33.833 ], [ -65.766, -33.866 ], [ -65.766, -33.899 ], [ -65.766, -33.933 ], [ -65.733, -33.933 ], [ -65.699, -33.933 ], [ -65.699, -33.966 ], [ -65.666, -33.966 ], [ -65.666, -33.999 ], [ -65.633, -33.999 ], [ -65.633, -34.033 ], [ -65.599, -34.033 ], [ -65.566, -34.033 ], [ -65.533, -34.033 ], [ -65.499, -34.033 ], [ -65.466, -34.033 ], [ -65.433, -34.033 ], [ -65.399, -34.033 ], [ -65.366, -34.033 ], [ -65.366, -33.999 ], [ -65.333, -33.999 ], [ -65.299, -33.999 ], [ -65.299, -33.966 ], [ -65.266, -33.966 ], [ -65.266, -33.933 ], [ -65.233, -33.933 ], [ -65.233, -33.899 ], [ -65.199, -33.899 ], [ -65.199, -33.866 ], [ -65.166, -33.866 ], [ -65.166, -33.833 ], [ -65.133, -33.833 ], [ -65.133, -33.799 ], [ -65.133, -33.766 ], [ -65.133, -33.733 ], [ -65.133, -33.699 ], [ -65.099, -33.699 ], [ -65.099, -33.666 ], [ -65.099, -33.633 ], [ -65.066, -33.633 ], [ -65.066, -33.599 ], [ -65.033, -33.599 ], [ -65.033, -33.566 ], [ -65.033, -33.533 ], [ -64.999, -33.533 ], [ -64.999, -33.499 ], [ -64.999, -33.466 ], [ -64.966, -33.466 ], [ -64.966, -33.433 ], [ -64.966, -33.399 ], [ -64.966, -33.366 ], [ -64.933, -33.366 ], [ -64.933, -33.333 ], [ -64.899, -33.333 ], [ -64.899, -33.299 ], [ -64.899, -33.266 ], [ -64.866, -33.266 ], [ -64.866, -33.233 ], [ -64.866, -33.199 ], [ -64.833, -33.199 ], [ -64.833, -33.166 ], [ -64.833, -33.133 ], [ -64.866, -33.133 ], [ -64.866, -33.099 ], [ -64.833, -33.099 ], [ -64.833, -33.066 ], [ -64.833, -33.033 ], [ -64.799, -33.033 ], [ -64.799, -32.999 ], [ -64.799, -32.966 ], [ -64.833, -32.966 ], [ -64.833, -32.933 ], [ -64.833, -32.899 ], [ -64.833, -32.866 ], [ -64.799, -32.866 ], [ -64.799, -32.833 ], [ -64.766, -32.833 ], [ -64.766, -32.799 ], [ -64.733, -32.799 ], [ -64.699, -32.799 ], [ -64.699, -32.766 ], [ -64.699, -32.733 ], [ -64.699, -32.699 ], [ -64.666, -32.699 ], [ -64.666, -32.733 ], [ -64.633, -32.733 ], [ -64.599, -32.733 ], [ -64.599, -32.699 ], [ -64.633, -32.699 ], [ -64.633, -32.666 ], [ -64.633, -32.633 ], [ -64.633, -32.599 ], [ -64.599, -32.599 ], [ -64.599, -32.566 ], [ -64.633, -32.566 ], [ -64.666, -32.566 ], [ -64.666, -32.533 ], [ -64.633, -32.533 ], [ -64.633, -32.499 ], [ -64.599, -32.499 ], [ -64.599, -32.466 ], [ -64.633, -32.466 ], [ -64.633, -32.433 ], [ -64.633, -32.399 ], [ -64.666, -32.399 ], [ -64.699, -32.399 ], [ -64.699, -32.366 ], [ -64.666, -32.366 ], [ -64.666, -32.333 ], [ -64.666, -32.299 ], [ -64.666, -32.266 ], [ -64.699, -32.266 ], [ -64.699, -32.233 ], [ -64.733, -32.233 ], [ -64.733, -32.199 ], [ -64.699, -32.199 ], [ -64.666, -32.199 ], [ -64.666, -32.166 ], [ -64.666, -32.133 ], [ -64.666, -32.099 ], [ -64.666, -32.066 ], [ -64.699, -32.066 ], [ -64.699, -32.033 ], [ -64.666, -32.033 ], [ -64.666, -31.999 ], [ -64.633, -31.999 ], [ -64.633, -31.966 ], [ -64.633, -31.933 ], [ -64.599, -31.933 ], [ -64.599, -31.899 ], [ -64.599, -31.866 ], [ -64.599, -31.833 ], [ -64.599, -31.799 ], [ -64.566, -31.799 ], [ -64.566, -31.766 ], [ -64.566, -31.733 ], [ -64.533, -31.733 ], [ -64.533, -31.766 ], [ -64.499, -31.766 ], [ -64.499, -31.733 ], [ -64.533, -31.733 ], [ -64.533, -31.699 ], [ -64.499, -31.699 ], [ -64.499, -31.666 ], [ -64.499, -31.633 ], [ -64.499, -31.599 ], [ -64.499, -31.566 ], [ -64.499, -31.533 ], [ -64.533, -31.533 ], [ -64.566, -31.533 ], [ -64.566, -31.499 ], [ -64.599, -31.499 ], [ -64.599, -31.466 ], [ -64.599, -31.433 ], [ -64.599, -31.399 ], [ -64.599, -31.366 ], [ -64.566, -31.366 ], [ -64.566, -31.333 ], [ -64.566, -31.299 ], [ -64.533, -31.299 ], [ -64.533, -31.266 ], [ -64.533, -31.233 ], [ -64.533, -31.199 ], [ -64.499, -31.199 ], [ -64.499, -31.166 ], [ -64.499, -31.133 ], [ -64.466, -31.133 ], [ -64.466, -31.166 ], [ -64.433, -31.166 ], [ -64.433, -31.199 ], [ -64.433, -31.233 ], [ -64.433, -31.266 ], [ -64.433, -31.299 ], [ -64.433, -31.333 ], [ -64.399, -31.333 ], [ -64.399, -31.299 ], [ -64.399, -31.266 ], [ -64.399, -31.233 ], [ -64.366, -31.233 ], [ -64.366, -31.199 ], [ -64.366, -31.166 ], [ -64.333, -31.166 ], [ -64.333, -31.133 ], [ -64.333, -31.099 ], [ -64.333, -31.066 ], [ -64.299, -31.066 ], [ -64.299, -31.033 ], [ -64.299, -30.999 ], [ -64.299, -30.966 ], [ -64.299, -30.933 ], [ -64.266, -30.933 ], [ -64.266, -30.899 ], [ -64.266, -30.866 ], [ -64.266, -30.833 ], [ -64.233, -30.833 ], [ -64.233, -30.799 ], [ -64.233, -30.766 ], [ -64.233, -30.733 ], [ -64.233, -30.699 ], [ -64.233, -30.666 ], [ -64.233, -30.633 ], [ -64.233, -30.599 ], [ -64.266, -30.599 ], [ -64.266, -30.566 ], [ -64.266, -30.533 ], [ -64.266, -30.499 ], [ -64.233, -30.499 ], [ -64.199, -30.499 ], [ -64.166, -30.499 ], [ -64.166, -30.466 ], [ -64.166, -30.433 ], [ -64.133, -30.433 ], [ -64.133, -30.399 ], [ -64.099, -30.399 ], [ -64.099, -30.366 ], [ -64.099, -30.333 ], [ -64.066, -30.333 ], [ -64.066, -30.299 ], [ -64.033, -30.299 ], [ -64.033, -30.266 ], [ -63.999, -30.266 ], [ -63.966, -30.266 ], [ -63.933, -30.266 ], [ -63.933, -30.233 ], [ -63.933, -30.199 ], [ -63.899, -30.199 ], [ -63.899, -30.166 ], [ -63.899, -30.133 ], [ -63.899, -30.099 ], [ -63.866, -30.099 ], [ -63.866, -30.066 ], [ -63.833, -30.066 ], [ -63.833, -30.033 ], [ -63.833, -29.999 ], [ -63.833, -29.966 ], [ -63.833, -29.933 ], [ -63.833, -29.899 ], [ -63.833, -29.866 ], [ -63.799, -29.866 ], [ -63.766, -29.866 ], [ -63.733, -29.866 ], [ -63.733, -29.833 ], [ -63.699, -29.833 ], [ -63.699, -29.799 ], [ -63.733, -29.799 ], [ -63.733, -29.766 ], [ -63.699, -29.766 ], [ -63.666, -29.766 ], [ -63.666, -29.733 ], [ -63.666, -29.699 ], [ -63.666, -29.666 ], [ -63.666, -29.633 ], [ -63.666, -29.599 ], [ -63.666, -29.566 ], [ -63.699, -29.566 ], [ -63.733, -29.566 ], [ -63.733, -29.533 ], [ -63.733, -29.499 ], [ -63.766, -29.499 ], [ -63.766, -29.466 ], [ -63.799, -29.466 ], [ -63.799, -29.499 ], [ -63.833, -29.499 ], [ -63.866, -29.499 ], [ -63.899, -29.499 ], [ -63.899, -29.533 ], [ -63.933, -29.533 ], [ -63.933, -29.499 ], [ -63.966, -29.499 ], [ -63.966, -29.533 ], [ -63.933, -29.533 ], [ -63.933, -29.566 ], [ -63.966, -29.566 ], [ -63.966, -29.599 ], [ -63.999, -29.599 ], [ -63.999, -29.633 ], [ -63.999, -29.666 ], [ -64.033, -29.666 ], [ -64.033, -29.699 ], [ -64.066, -29.699 ], [ -64.066, -29.733 ], [ -64.066, -29.766 ], [ -64.099, -29.766 ], [ -64.133, -29.766 ], [ -64.166, -29.766 ], [ -64.166, -29.799 ], [ -64.199, -29.799 ], [ -64.199, -29.833 ], [ -64.199, -29.866 ], [ -64.199, -29.899 ], [ -64.233, -29.899 ], [ -64.233, -29.933 ], [ -64.266, -29.933 ], [ -64.266, -29.966 ], [ -64.266, -29.999 ], [ -64.266, -30.033 ], [ -64.299, -30.033 ], [ -64.299, -30.066 ], [ -64.299, -30.099 ], [ -64.333, -30.099 ], [ -64.333, -30.133 ], [ -64.299, -30.133 ], [ -64.299, -30.166 ], [ -64.299, -30.199 ], [ -64.333, -30.199 ], [ -64.333, -30.233 ], [ -64.333, -30.266 ], [ -64.333, -30.299 ], [ -64.299, -30.299 ], [ -64.299, -30.333 ], [ -64.299, -30.366 ], [ -64.299, -30.399 ], [ -64.299, -30.433 ], [ -64.299, -30.466 ], [ -64.333, -30.466 ], [ -64.333, -30.499 ], [ -64.366, -30.499 ], [ -64.399, -30.499 ], [ -64.433, -30.499 ], [ -64.466, -30.499 ], [ -64.499, -30.499 ], [ -64.499, -30.533 ], [ -64.499, -30.566 ], [ -64.499, -30.599 ], [ -64.533, -30.599 ], [ -64.566, -30.599 ], [ -64.566, -30.633 ], [ -64.599, -30.633 ], [ -64.599, -30.666 ], [ -64.599, -30.699 ], [ -64.566, -30.699 ], [ -64.566, -30.733 ], [ -64.566, -30.766 ], [ -64.533, -30.766 ], [ -64.533, -30.799 ], [ -64.566, -30.799 ], [ -64.566, -30.833 ], [ -64.599, -30.833 ], [ -64.633, -30.833 ], [ -64.633, -30.799 ], [ -64.666, -30.799 ], [ -64.666, -30.766 ], [ -64.666, -30.733 ], [ -64.699, -30.733 ], [ -64.699, -30.699 ], [ -64.699, -30.666 ], [ -64.699, -30.633 ], [ -64.699, -30.599 ], [ -64.666, -30.599 ], [ -64.666, -30.566 ], [ -64.666, -30.533 ], [ -64.666, -30.499 ], [ -64.633, -30.499 ], [ -64.633, -30.466 ], [ -64.599, -30.466 ], [ -64.599, -30.433 ], [ -64.566, -30.433 ], [ -64.566, -30.399 ], [ -64.566, -30.366 ], [ -64.533, -30.366 ], [ -64.533, -30.333 ], [ -64.499, -30.333 ], [ -64.499, -30.299 ], [ -64.499, -30.266 ], [ -64.466, -30.266 ], [ -64.466, -30.233 ], [ -64.466, -30.199 ], [ -64.433, -30.199 ], [ -64.433, -30.166 ], [ -64.433, -30.133 ], [ -64.433, -30.099 ], [ -64.433, -30.066 ], [ -64.399, -30.066 ], [ -64.399, -30.033 ], [ -64.366, -30.033 ], [ -64.366, -29.999 ], [ -64.366, -29.966 ], [ -64.333, -29.966 ], [ -64.333, -29.933 ], [ -64.333, -29.899 ], [ -64.299, -29.899 ], [ -64.299, -29.866 ], [ -64.299, -29.833 ], [ -64.266, -29.833 ], [ -64.266, -29.799 ], [ -64.266, -29.766 ], [ -64.233, -29.766 ], [ -64.233, -29.733 ], [ -64.233, -29.699 ], [ -64.233, -29.666 ], [ -64.199, -29.666 ], [ -64.199, -29.633 ], [ -64.166, -29.633 ], [ -64.166, -29.599 ], [ -64.166, -29.566 ], [ -64.133, -29.566 ], [ -64.133, -29.533 ], [ -64.099, -29.533 ], [ -64.099, -29.499 ], [ -64.099, -29.466 ], [ -64.066, -29.466 ], [ -64.066, -29.433 ], [ -64.033, -29.433 ], [ -63.999, -29.433 ], [ -63.999, -29.399 ], [ -63.999, -29.366 ], [ -63.999, -29.333 ], [ -63.966, -29.333 ], [ -63.966, -29.299 ], [ -63.933, -29.299 ], [ -63.899, -29.299 ], [ -63.899, -29.333 ], [ -63.866, -29.333 ], [ -63.866, -29.299 ], [ -63.833, -29.299 ], [ -63.799, -29.299 ], [ -63.766, -29.299 ], [ -63.733, -29.299 ], [ -63.699, -29.299 ], [ -63.666, -29.299 ], [ -63.666, -29.266 ], [ -63.633, -29.266 ], [ -63.633, -29.299 ], [ -63.599, -29.299 ], [ -63.599, -29.266 ], [ -63.566, -29.266 ], [ -63.566, -29.299 ], [ -63.566, -29.333 ], [ -63.533, -29.333 ], [ -63.533, -29.366 ], [ -63.533, -29.399 ], [ -63.499, -29.399 ], [ -63.499, -29.433 ], [ -63.499, -29.466 ], [ -63.499, -29.499 ], [ -63.499, -29.533 ], [ -63.499, -29.566 ], [ -63.499, -29.599 ], [ -63.499, -29.633 ], [ -63.499, -29.666 ], [ -63.499, -29.699 ], [ -63.533, -29.699 ], [ -63.533, -29.733 ], [ -63.533, -29.766 ], [ -63.533, -29.799 ], [ -63.566, -29.799 ], [ -63.566, -29.833 ], [ -63.599, -29.833 ], [ -63.599, -29.866 ], [ -63.599, -29.899 ], [ -63.599, -29.933 ], [ -63.633, -29.933 ], [ -63.633, -29.966 ], [ -63.633, -29.999 ], [ -63.633, -30.033 ], [ -63.633, -30.066 ], [ -63.633, -30.099 ], [ -63.633, -30.133 ], [ -63.633, -30.166 ], [ -63.633, -30.199 ], [ -63.633, -30.233 ], [ -63.633, -30.266 ], [ -63.666, -30.266 ], [ -63.666, -30.299 ], [ -63.699, -30.299 ], [ -63.699, -30.333 ], [ -63.733, -30.333 ], [ -63.766, -30.333 ], [ -63.766, -30.366 ], [ -63.766, -30.399 ], [ -63.799, -30.399 ], [ -63.799, -30.433 ], [ -63.799, -30.466 ], [ -63.833, -30.466 ], [ -63.833, -30.499 ], [ -63.866, -30.499 ], [ -63.866, -30.533 ], [ -63.866, -30.566 ], [ -63.899, -30.566 ], [ -63.899, -30.599 ], [ -63.899, -30.633 ], [ -63.933, -30.633 ], [ -63.933, -30.599 ], [ -63.966, -30.599 ], [ -63.966, -30.566 ], [ -63.966, -30.533 ], [ -63.999, -30.533 ], [ -63.999, -30.566 ], [ -63.999, -30.599 ], [ -63.999, -30.633 ], [ -63.999, -30.666 ], [ -63.999, -30.699 ], [ -64.033, -30.699 ], [ -64.033, -30.733 ], [ -64.033, -30.766 ], [ -64.033, -30.799 ], [ -64.033, -30.833 ], [ -64.066, -30.833 ], [ -64.066, -30.866 ], [ -64.066, -30.899 ], [ -64.099, -30.899 ], [ -64.099, -30.933 ], [ -64.133, -30.933 ], [ -64.133, -30.966 ], [ -64.166, -30.966 ], [ -64.166, -30.999 ], [ -64.166, -31.033 ], [ -64.166, -31.066 ], [ -64.199, -31.066 ], [ -64.199, -31.099 ], [ -64.233, -31.099 ], [ -64.233, -31.133 ], [ -64.233, -31.166 ], [ -64.266, -31.166 ], [ -64.266, -31.199 ], [ -64.299, -31.199 ], [ -64.299, -31.233 ], [ -64.333, -31.233 ], [ -64.333, -31.266 ], [ -64.333, -31.299 ], [ -64.366, -31.299 ], [ -64.366, -31.333 ], [ -64.366, -31.366 ], [ -64.366, -31.399 ], [ -64.366, -31.433 ], [ -64.366, -31.466 ], [ -64.366, -31.499 ], [ -64.399, -31.499 ], [ -64.399, -31.533 ], [ -64.366, -31.533 ], [ -64.366, -31.566 ], [ -64.366, -31.599 ], [ -64.399, -31.599 ], [ -64.399, -31.633 ], [ -64.433, -31.633 ], [ -64.433, -31.666 ], [ -64.433, -31.699 ], [ -64.466, -31.699 ], [ -64.466, -31.733 ], [ -64.466, -31.766 ], [ -64.433, -31.766 ], [ -64.433, -31.799 ], [ -64.433, -31.833 ], [ -64.433, -31.866 ], [ -64.433, -31.899 ], [ -64.399, -31.899 ], [ -64.399, -31.933 ], [ -64.366, -31.933 ], [ -64.366, -31.966 ], [ -64.333, -31.966 ] ], [ [ -64.433, -31.966 ], [ -64.433, -31.933 ], [ -64.466, -31.933 ], [ -64.466, -31.899 ], [ -64.466, -31.866 ], [ -64.499, -31.866 ], [ -64.499, -31.899 ], [ -64.533, -31.899 ], [ -64.533, -31.933 ], [ -64.533, -31.966 ], [ -64.533, -31.999 ], [ -64.533, -32.033 ], [ -64.533, -32.066 ], [ -64.499, -32.066 ], [ -64.466, -32.066 ], [ -64.466, -32.033 ], [ -64.466, -31.999 ], [ -64.466, -31.966 ], [ -64.433, -31.966 ] ], [ [ -64.466, -34.566 ], [ -64.466, -34.599 ], [ -64.433, -34.599 ], [ -64.433, -34.633 ], [ -64.399, -34.633 ], [ -64.366, -34.633 ], [ -64.333, -34.633 ], [ -64.333, -34.666 ], [ -64.299, -34.666 ], [ -64.266, -34.666 ], [ -64.266, -34.699 ], [ -64.233, -34.699 ], [ -64.233, -34.666 ], [ -64.199, -34.666 ], [ -64.199, -34.633 ], [ -64.199, -34.599 ], [ -64.166, -34.599 ], [ -64.166, -34.566 ], [ -64.166, -34.533 ], [ -64.166, -34.499 ], [ -64.199, -34.499 ], [ -64.199, -34.466 ], [ -64.233, -34.466 ], [ -64.233, -34.433 ], [ -64.266, -34.433 ], [ -64.299, -34.433 ], [ -64.333, -34.433 ], [ -64.366, -34.433 ], [ -64.399, -34.433 ], [ -64.433, -34.433 ], [ -64.466, -34.433 ], [ -64.499, -34.433 ], [ -64.533, -34.433 ], [ -64.533, -34.466 ], [ -64.533, -34.499 ], [ -64.499, -34.499 ], [ -64.466, -34.499 ], [ -64.466, -34.533 ], [ -64.499, -34.533 ], [ -64.499, -34.566 ], [ -64.466, -34.566 ] ], [ [ -64.533, -34.699 ], [ -64.533, -34.666 ], [ -64.566, -34.666 ], [ -64.599, -34.666 ], [ -64.599, -34.633 ], [ -64.633, -34.633 ], [ -64.666, -34.633 ], [ -64.666, -34.666 ], [ -64.633, -34.666 ], [ -64.633, -34.699 ], [ -64.599, -34.699 ], [ -64.566, -34.699 ], [ -64.566, -34.733 ], [ -64.599, -34.733 ], [ -64.633, -34.733 ], [ -64.666, -34.733 ], [ -64.699, -34.733 ], [ -64.699, -34.766 ], [ -64.666, -34.766 ], [ -64.633, -34.766 ], [ -64.633, -34.799 ], [ -64.599, -34.799 ], [ -64.599, -34.766 ], [ -64.566, -34.766 ], [ -64.533, -34.766 ], [ -64.533, -34.799 ], [ -64.499, -34.799 ], [ -64.466, -34.799 ], [ -64.466, -34.833 ], [ -64.433, -34.833 ], [ -64.399, -34.833 ], [ -64.399, -34.799 ], [ -64.366, -34.799 ], [ -64.366, -34.766 ], [ -64.399, -34.766 ], [ -64.399, -34.733 ], [ -64.433, -34.733 ], [ -64.466, -34.733 ], [ -64.466, -34.699 ], [ -64.499, -34.699 ], [ -64.533, -34.699 ] ], [ [ -65.699, -35.766 ], [ -65.699, -35.799 ], [ -65.666, -35.799 ], [ -65.666, -35.766 ], [ -65.699, -35.766 ] ], [ [ -65.366, -36.966 ], [ -65.366, -36.999 ], [ -65.333, -36.999 ], [ -65.299, -36.999 ], [ -65.299, -36.966 ], [ -65.333, -36.966 ], [ -65.366, -36.966 ] ], [ [ -65.133, -37.266 ], [ -65.133, -37.233 ], [ -65.166, -37.233 ], [ -65.166, -37.266 ], [ -65.133, -37.266 ], [ -65.133, -37.299 ], [ -65.133, -37.333 ], [ -65.166, -37.333 ], [ -65.166, -37.366 ], [ -65.133, -37.366 ], [ -65.099, -37.366 ], [ -65.099, -37.333 ], [ -65.066, -37.333 ], [ -65.033, -37.333 ], [ -64.999, -37.333 ], [ -64.999, -37.299 ], [ -65.033, -37.299 ], [ -65.033, -37.266 ], [ -64.999, -37.266 ], [ -64.999, -37.233 ], [ -65.033, -37.233 ], [ -65.066, -37.233 ], [ -65.099, -37.233 ], [ -65.099, -37.266 ], [ -65.133, -37.266 ] ], [ [ -64.966, -37.533 ], [ -64.966, -37.566 ], [ -64.933, -37.566 ], [ -64.933, -37.533 ], [ -64.966, -37.533 ] ], [ [ -67.766, -31.133 ], [ -67.766, -31.099 ], [ -67.799, -31.099 ], [ -67.799, -31.066 ], [ -67.833, -31.066 ], [ -67.866, -31.066 ], [ -67.899, -31.066 ], [ -67.933, -31.066 ], [ -67.966, -31.066 ], [ -67.999, -31.066 ], [ -68.033, -31.066 ], [ -68.066, -31.066 ], [ -68.066, -31.099 ], [ -68.099, -31.099 ], [ -68.099, -31.133 ], [ -68.133, -31.133 ], [ -68.133, -31.166 ], [ -68.133, -31.199 ], [ -68.133, -31.233 ], [ -68.166, -31.233 ], [ -68.166, -31.266 ], [ -68.133, -31.266 ], [ -68.133, -31.299 ], [ -68.166, -31.299 ], [ -68.166, -31.333 ], [ -68.166, -31.366 ], [ -68.166, -31.399 ], [ -68.166, -31.433 ], [ -68.199, -31.433 ], [ -68.199, -31.466 ], [ -68.233, -31.466 ], [ -68.233, -31.499 ], [ -68.233, -31.533 ], [ -68.266, -31.533 ], [ -68.266, -31.566 ], [ -68.233, -31.566 ], [ -68.233, -31.599 ], [ -68.199, -31.599 ], [ -68.166, -31.599 ], [ -68.166, -31.633 ], [ -68.133, -31.633 ], [ -68.133, -31.666 ], [ -68.099, -31.666 ], [ -68.099, -31.699 ], [ -68.066, -31.699 ], [ -68.066, -31.733 ], [ -68.033, -31.733 ], [ -67.999, -31.733 ], [ -67.966, -31.733 ], [ -67.966, -31.699 ], [ -67.933, -31.699 ], [ -67.899, -31.699 ], [ -67.899, -31.666 ], [ -67.899, -31.633 ], [ -67.866, -31.633 ], [ -67.866, -31.599 ], [ -67.866, -31.566 ], [ -67.866, -31.533 ], [ -67.833, -31.533 ], [ -67.833, -31.499 ], [ -67.833, -31.466 ], [ -67.833, -31.433 ], [ -67.799, -31.433 ], [ -67.799, -31.399 ], [ -67.799, -31.366 ], [ -67.766, -31.366 ], [ -67.766, -31.333 ], [ -67.766, -31.299 ], [ -67.766, -31.266 ], [ -67.766, -31.233 ], [ -67.766, -31.199 ], [ -67.766, -31.166 ], [ -67.766, -31.133 ] ], [ [ -68.966, -37.333 ], [ -68.966, -37.299 ], [ -68.999, -37.299 ], [ -68.999, -37.333 ], [ -68.966, -37.333 ] ], [ [ -64.999, -37.633 ], [ -64.999, -37.666 ], [ -64.966, -37.666 ], [ -64.933, -37.666 ], [ -64.933, -37.699 ], [ -64.899, -37.699 ], [ -64.866, -37.699 ], [ -64.833, -37.699 ], [ -64.833, -37.666 ], [ -64.833, -37.633 ], [ -64.866, -37.633 ], [ -64.866, -37.599 ], [ -64.899, -37.599 ], [ -64.933, -37.599 ], [ -64.966, -37.599 ], [ -64.966, -37.633 ], [ -64.999, -37.633 ] ], [ [ -63.766, -37.933 ], [ -63.766, -37.966 ], [ -63.733, -37.966 ], [ -63.733, -37.933 ], [ -63.766, -37.933 ] ], [ [ -65.599, -37.999 ], [ -65.633, -37.999 ], [ -65.633, -38.033 ], [ -65.599, -38.033 ], [ -65.599, -37.999 ], [ -65.566, -37.999 ], [ -65.566, -37.966 ], [ -65.599, -37.966 ], [ -65.599, -37.999 ] ], [ [ -68.399, -38.033 ], [ -68.399, -37.999 ], [ -68.433, -37.999 ], [ -68.433, -37.966 ], [ -68.466, -37.966 ], [ -68.466, -37.999 ], [ -68.466, -38.033 ], [ -68.433, -38.033 ], [ -68.399, -38.033 ] ], [ [ -68.799, -38.033 ], [ -68.799, -37.999 ], [ -68.833, -37.999 ], [ -68.866, -37.999 ], [ -68.899, -37.999 ], [ -68.933, -37.999 ], [ -68.933, -37.966 ], [ -68.966, -37.966 ], [ -68.999, -37.966 ], [ -68.999, -37.933 ], [ -69.033, -37.933 ], [ -69.066, -37.933 ], [ -69.099, -37.933 ], [ -69.133, -37.933 ], [ -69.133, -37.966 ], [ -69.166, -37.966 ], [ -69.166, -37.933 ], [ -69.199, -37.933 ], [ -69.233, -37.933 ], [ -69.233, -37.966 ], [ -69.199, -37.966 ], [ -69.199, -37.999 ], [ -69.166, -37.999 ], [ -69.166, -38.033 ], [ -69.166, -38.066 ], [ -69.133, -38.066 ], [ -69.133, -38.099 ], [ -69.099, -38.099 ], [ -69.099, -38.133 ], [ -69.099, -38.166 ], [ -69.066, -38.166 ], [ -69.066, -38.199 ], [ -69.066, -38.233 ], [ -69.066, -38.266 ], [ -69.033, -38.266 ], [ -68.999, -38.266 ], [ -68.966, -38.266 ], [ -68.966, -38.233 ], [ -68.933, -38.233 ], [ -68.899, -38.233 ], [ -68.866, -38.233 ], [ -68.866, -38.199 ], [ -68.833, -38.199 ], [ -68.799, -38.199 ], [ -68.799, -38.166 ], [ -68.766, -38.166 ], [ -68.766, -38.133 ], [ -68.733, -38.133 ], [ -68.699, -38.133 ], [ -68.699, -38.099 ], [ -68.699, -38.066 ], [ -68.699, -38.033 ], [ -68.733, -38.033 ], [ -68.766, -38.033 ], [ -68.799, -38.033 ] ], [ [ -64.533, -38.066 ], [ -64.533, -38.099 ], [ -64.499, -38.099 ], [ -64.499, -38.066 ], [ -64.533, -38.066 ] ], [ [ -68.566, -38.266 ], [ -68.566, -38.299 ], [ -68.566, -38.333 ], [ -68.533, -38.333 ], [ -68.533, -38.366 ], [ -68.533, -38.399 ], [ -68.566, -38.399 ], [ -68.566, -38.366 ], [ -68.599, -38.366 ], [ -68.633, -38.366 ], [ -68.633, -38.399 ], [ -68.599, -38.399 ], [ -68.599, -38.433 ], [ -68.566, -38.433 ], [ -68.533, -38.433 ], [ -68.499, -38.433 ], [ -68.466, -38.433 ], [ -68.433, -38.433 ], [ -68.399, -38.433 ], [ -68.399, -38.466 ], [ -68.366, -38.466 ], [ -68.333, -38.466 ], [ -68.299, -38.466 ], [ -68.299, -38.499 ], [ -68.266, -38.499 ], [ -68.233, -38.499 ], [ -68.199, -38.499 ], [ -68.166, -38.499 ], [ -68.166, -38.466 ], [ -68.133, -38.466 ], [ -68.099, -38.466 ], [ -68.099, -38.433 ], [ -68.066, -38.433 ], [ -68.033, -38.433 ], [ -68.033, -38.466 ], [ -67.999, -38.466 ], [ -67.966, -38.466 ], [ -67.933, -38.466 ], [ -67.899, -38.466 ], [ -67.866, -38.466 ], [ -67.833, -38.466 ], [ -67.799, -38.466 ], [ -67.766, -38.466 ], [ -67.766, -38.499 ], [ -67.733, -38.499 ], [ -67.699, -38.499 ], [ -67.666, -38.499 ], [ -67.666, -38.466 ], [ -67.633, -38.466 ], [ -67.633, -38.499 ], [ -67.599, -38.499 ], [ -67.599, -38.466 ], [ -67.599, -38.433 ], [ -67.633, -38.433 ], [ -67.633, -38.399 ], [ -67.666, -38.399 ], [ -67.699, -38.399 ], [ -67.733, -38.399 ], [ -67.733, -38.366 ], [ -67.766, -38.366 ], [ -67.799, -38.366 ], [ -67.833, -38.366 ], [ -67.833, -38.333 ], [ -67.833, -38.299 ], [ -67.866, -38.299 ], [ -67.866, -38.266 ], [ -67.833, -38.266 ], [ -67.833, -38.233 ], [ -67.866, -38.233 ], [ -67.899, -38.233 ], [ -67.933, -38.233 ], [ -67.933, -38.199 ], [ -67.966, -38.199 ], [ -67.966, -38.166 ], [ -67.999, -38.166 ], [ -68.033, -38.166 ], [ -68.033, -38.133 ], [ -68.066, -38.133 ], [ -68.099, -38.133 ], [ -68.133, -38.133 ], [ -68.166, -38.133 ], [ -68.199, -38.133 ], [ -68.233, -38.133 ], [ -68.266, -38.133 ], [ -68.299, -38.133 ], [ -68.333, -38.133 ], [ -68.366, -38.133 ], [ -68.399, -38.133 ], [ -68.433, -38.133 ], [ -68.433, -38.166 ], [ -68.466, -38.166 ], [ -68.499, -38.166 ], [ -68.499, -38.199 ], [ -68.533, -38.199 ], [ -68.533, -38.233 ], [ -68.533, -38.266 ], [ -68.566, -38.266 ] ], [ [ -68.666, -38.499 ], [ -68.666, -38.466 ], [ -68.699, -38.466 ], [ -68.699, -38.499 ], [ -68.666, -38.499 ] ], [ [ -68.866, -38.433 ], [ -68.833, -38.433 ], [ -68.833, -38.399 ], [ -68.866, -38.399 ], [ -68.866, -38.433 ], [ -68.899, -38.433 ], [ -68.899, -38.466 ], [ -68.866, -38.466 ], [ -68.866, -38.433 ] ], [ [ -63.999, -38.833 ], [ -63.999, -38.866 ], [ -63.966, -38.866 ], [ -63.966, -38.833 ], [ -63.999, -38.833 ] ], [ [ -67.633, -38.866 ], [ -67.633, -38.833 ], [ -67.666, -38.833 ], [ -67.699, -38.833 ], [ -67.733, -38.833 ], [ -67.766, -38.833 ], [ -67.799, -38.833 ], [ -67.833, -38.833 ], [ -67.866, -38.833 ], [ -67.866, -38.866 ], [ -67.833, -38.866 ], [ -67.799, -38.866 ], [ -67.766, -38.866 ], [ -67.733, -38.866 ], [ -67.699, -38.866 ], [ -67.666, -38.866 ], [ -67.666, -38.899 ], [ -67.633, -38.899 ], [ -67.599, -38.899 ], [ -67.599, -38.866 ], [ -67.633, -38.866 ] ], [ [ -67.499, -38.899 ], [ -67.499, -38.933 ], [ -67.466, -38.933 ], [ -67.466, -38.899 ], [ -67.499, -38.899 ] ], [ [ -63.633, -38.966 ], [ -63.633, -38.999 ], [ -63.633, -39.033 ], [ -63.599, -39.033 ], [ -63.566, -39.033 ], [ -63.533, -39.033 ], [ -63.533, -38.999 ], [ -63.566, -38.999 ], [ -63.599, -38.999 ], [ -63.599, -38.966 ], [ -63.633, -38.966 ] ], [ [ -63.666, -39.033 ], [ -63.666, -38.999 ], [ -63.699, -38.999 ], [ -63.733, -38.999 ], [ -63.766, -38.999 ], [ -63.799, -38.999 ], [ -63.833, -38.999 ], [ -63.866, -38.999 ], [ -63.899, -38.999 ], [ -63.899, -39.033 ], [ -63.866, -39.033 ], [ -63.833, -39.033 ], [ -63.799, -39.033 ], [ -63.766, -39.033 ], [ -63.733, -39.033 ], [ -63.733, -39.066 ], [ -63.699, -39.066 ], [ -63.699, -39.033 ], [ -63.666, -39.033 ] ], [ [ -67.533, -39.166 ], [ -67.533, -39.199 ], [ -67.499, -39.199 ], [ -67.499, -39.166 ], [ -67.533, -39.166 ] ], [ [ -63.499, -39.299 ], [ -63.499, -39.333 ], [ -63.466, -39.333 ], [ -63.466, -39.299 ], [ -63.499, -39.299 ], [ -63.499, -39.266 ], [ -63.533, -39.266 ], [ -63.566, -39.266 ], [ -63.566, -39.299 ], [ -63.533, -39.299 ], [ -63.499, -39.299 ] ], [ [ -63.633, -39.299 ], [ -63.633, -39.266 ], [ -63.666, -39.266 ], [ -63.666, -39.299 ], [ -63.633, -39.299 ] ], [ [ -63.899, -39.366 ], [ -63.899, -39.399 ], [ -63.866, -39.399 ], [ -63.833, -39.399 ], [ -63.833, -39.366 ], [ -63.833, -39.333 ], [ -63.866, -39.333 ], [ -63.866, -39.366 ], [ -63.899, -39.366 ] ], [ [ -63.333, -39.533 ], [ -63.333, -39.566 ], [ -63.299, -39.566 ], [ -63.266, -39.566 ], [ -63.233, -39.566 ], [ -63.233, -39.599 ], [ -63.199, -39.599 ], [ -63.166, -39.599 ], [ -63.133, -39.599 ], [ -63.099, -39.599 ], [ -63.066, -39.599 ], [ -63.066, -39.566 ], [ -63.099, -39.566 ], [ -63.099, -39.533 ], [ -63.133, -39.533 ], [ -63.166, -39.533 ], [ -63.199, -39.533 ], [ -63.233, -39.533 ], [ -63.266, -39.533 ], [ -63.266, -39.499 ], [ -63.299, -39.499 ], [ -63.333, -39.499 ], [ -63.333, -39.533 ] ], [ [ -63.033, -39.533 ], [ -63.033, -39.566 ], [ -62.999, -39.566 ], [ -62.999, -39.533 ], [ -63.033, -39.533 ] ], [ [ -67.033, -39.599 ], [ -67.033, -39.566 ], [ -67.066, -39.566 ], [ -67.099, -39.566 ], [ -67.133, -39.566 ], [ -67.133, -39.533 ], [ -67.166, -39.533 ], [ -67.199, -39.533 ], [ -67.233, -39.533 ], [ -67.233, -39.566 ], [ -67.199, -39.566 ], [ -67.166, -39.566 ], [ -67.166, -39.599 ], [ -67.166, -39.633 ], [ -67.133, -39.633 ], [ -67.099, -39.633 ], [ -67.099, -39.666 ], [ -67.066, -39.666 ], [ -67.033, -39.666 ], [ -67.033, -39.699 ], [ -66.999, -39.699 ], [ -66.966, -39.699 ], [ -66.933, -39.699 ], [ -66.899, -39.699 ], [ -66.899, -39.733 ], [ -66.866, -39.733 ], [ -66.866, -39.766 ], [ -66.833, -39.766 ], [ -66.799, -39.766 ], [ -66.799, -39.733 ], [ -66.766, -39.733 ], [ -66.766, -39.699 ], [ -66.799, -39.699 ], [ -66.799, -39.666 ], [ -66.833, -39.666 ], [ -66.833, -39.633 ], [ -66.866, -39.633 ], [ -66.899, -39.633 ], [ -66.933, -39.633 ], [ -66.933, -39.599 ], [ -66.966, -39.599 ], [ -66.999, -39.599 ], [ -67.033, -39.599 ] ], [ [ -66.366, -39.899 ], [ -66.366, -39.933 ], [ -66.333, -39.933 ], [ -66.333, -39.899 ], [ -66.366, -39.899 ], [ -66.366, -39.866 ], [ -66.366, -39.833 ], [ -66.399, -39.833 ], [ -66.399, -39.799 ], [ -66.366, -39.799 ], [ -66.333, -39.799 ], [ -66.333, -39.766 ], [ -66.366, -39.766 ], [ -66.399, -39.766 ], [ -66.433, -39.766 ], [ -66.466, -39.766 ], [ -66.466, -39.799 ], [ -66.433, -39.799 ], [ -66.433, -39.833 ], [ -66.433, -39.866 ], [ -66.399, -39.866 ], [ -66.399, -39.899 ], [ -66.366, -39.899 ] ], [ [ -66.299, -39.933 ], [ -66.299, -39.966 ], [ -66.266, -39.966 ], [ -66.266, -39.933 ], [ -66.299, -39.933 ] ], [ [ -62.172, -39.988 ], [ -62.181, -39.998 ], [ -62.164, -39.996 ], [ -62.144, -40.001 ], [ -62.144, -39.994 ], [ -62.141, -39.987 ], [ -62.166, -39.976 ], [ -62.172, -39.988 ] ], [ [ -65.933, -40.266 ], [ -65.933, -40.299 ], [ -65.899, -40.299 ], [ -65.899, -40.333 ], [ -65.866, -40.333 ], [ -65.866, -40.299 ], [ -65.866, -40.266 ], [ -65.899, -40.266 ], [ -65.933, -40.266 ], [ -65.933, -40.233 ], [ -65.966, -40.233 ], [ -65.966, -40.266 ], [ -65.933, -40.266 ] ], [ [ -62.424, -40.360 ], [ -62.414, -40.374 ], [ -62.406, -40.402 ], [ -62.397, -40.408 ], [ -62.388, -40.420 ], [ -62.384, -40.431 ], [ -62.383, -40.441 ], [ -62.373, -40.447 ], [ -62.353, -40.464 ], [ -62.341, -40.463 ], [ -62.331, -40.465 ], [ -62.300, -40.481 ], [ -62.287, -40.491 ], [ -62.278, -40.507 ], [ -62.272, -40.508 ], [ -62.266, -40.491 ], [ -62.248, -40.473 ], [ -62.244, -40.467 ], [ -62.238, -40.461 ], [ -62.239, -40.454 ], [ -62.239, -40.448 ], [ -62.231, -40.412 ], [ -62.230, -40.398 ], [ -62.247, -40.410 ], [ -62.273, -40.419 ], [ -62.300, -40.419 ], [ -62.316, -40.413 ], [ -62.330, -40.415 ], [ -62.343, -40.413 ], [ -62.367, -40.403 ], [ -62.396, -40.372 ], [ -62.399, -40.365 ], [ -62.401, -40.352 ], [ -62.400, -40.345 ], [ -62.396, -40.337 ], [ -62.412, -40.339 ], [ -62.427, -40.335 ], [ -62.432, -40.338 ], [ -62.426, -40.351 ], [ -62.424, -40.360 ] ], [ [ -65.799, -40.533 ], [ -65.799, -40.566 ], [ -65.766, -40.566 ], [ -65.766, -40.533 ], [ -65.799, -40.533 ] ], [ [ -64.533, -42.466 ], [ -64.533, -42.499 ], [ -64.499, -42.499 ], [ -64.499, -42.466 ], [ -64.533, -42.466 ] ], [ [ -59.099, -37.333 ], [ -59.099, -37.366 ], [ -59.066, -37.366 ], [ -59.066, -37.333 ], [ -59.099, -37.333 ] ], [ [ -59.366, -37.433 ], [ -59.366, -37.466 ], [ -59.333, -37.466 ], [ -59.333, -37.433 ], [ -59.366, -37.433 ] ], [ [ -59.133, -37.499 ], [ -59.133, -37.533 ], [ -59.099, -37.533 ], [ -59.066, -37.533 ], [ -59.066, -37.566 ], [ -59.033, -37.566 ], [ -59.033, -37.533 ], [ -59.033, -37.499 ], [ -59.066, -37.499 ], [ -59.099, -37.499 ], [ -59.133, -37.499 ] ], [ [ -59.333, -37.599 ], [ -59.333, -37.633 ], [ -59.299, -37.633 ], [ -59.299, -37.666 ], [ -59.266, -37.666 ], [ -59.266, -37.633 ], [ -59.233, -37.633 ], [ -59.233, -37.599 ], [ -59.266, -37.599 ], [ -59.299, -37.599 ], [ -59.333, -37.599 ] ], [ [ -59.399, -37.633 ], [ -59.399, -37.599 ], [ -59.433, -37.599 ], [ -59.433, -37.633 ], [ -59.399, -37.633 ] ], [ [ -62.066, -37.999 ], [ -62.066, -38.033 ], [ -62.066, -38.066 ], [ -62.033, -38.066 ], [ -62.033, -38.099 ], [ -61.999, -38.099 ], [ -61.999, -38.133 ], [ -61.999, -38.166 ], [ -61.966, -38.166 ], [ -61.966, -38.199 ], [ -61.933, -38.199 ], [ -61.933, -38.233 ], [ -61.933, -38.266 ], [ -61.899, -38.266 ], [ -61.866, -38.266 ], [ -61.866, -38.233 ], [ -61.899, -38.233 ], [ -61.899, -38.199 ], [ -61.899, -38.166 ], [ -61.899, -38.133 ], [ -61.933, -38.133 ], [ -61.933, -38.099 ], [ -61.966, -38.099 ], [ -61.966, -38.066 ], [ -61.966, -38.033 ], [ -61.999, -38.033 ], [ -61.999, -37.999 ], [ -62.033, -37.999 ], [ -62.033, -37.966 ], [ -62.033, -37.933 ], [ -62.033, -37.899 ], [ -62.033, -37.866 ], [ -62.066, -37.866 ], [ -62.066, -37.899 ], [ -62.066, -37.933 ], [ -62.066, -37.966 ], [ -62.066, -37.999 ] ], [ [ -61.833, -37.999 ], [ -61.833, -38.033 ], [ -61.799, -38.033 ], [ -61.766, -38.033 ], [ -61.766, -37.999 ], [ -61.733, -37.999 ], [ -61.733, -37.966 ], [ -61.766, -37.966 ], [ -61.766, -37.933 ], [ -61.799, -37.933 ], [ -61.799, -37.899 ], [ -61.833, -37.899 ], [ -61.833, -37.933 ], [ -61.833, -37.966 ], [ -61.833, -37.999 ] ], [ [ -61.666, -38.099 ], [ -61.666, -38.133 ], [ -61.699, -38.133 ], [ -61.699, -38.166 ], [ -61.666, -38.166 ], [ -61.633, -38.166 ], [ -61.633, -38.199 ], [ -61.599, -38.199 ], [ -61.566, -38.199 ], [ -61.566, -38.166 ], [ -61.566, -38.133 ], [ -61.599, -38.133 ], [ -61.633, -38.133 ], [ -61.633, -38.099 ], [ -61.666, -38.099 ] ], [ [ -61.466, -38.199 ], [ -61.466, -38.233 ], [ -61.433, -38.233 ], [ -61.399, -38.233 ], [ -61.399, -38.266 ], [ -61.366, -38.266 ], [ -61.366, -38.233 ], [ -61.366, -38.199 ], [ -61.399, -38.199 ], [ -61.433, -38.199 ], [ -61.466, -38.199 ] ], [ [ -61.499, -38.233 ], [ -61.499, -38.199 ], [ -61.533, -38.199 ], [ -61.533, -38.233 ], [ -61.499, -38.233 ] ], [ [ -61.899, -38.299 ], [ -61.899, -38.333 ], [ -61.866, -38.333 ], [ -61.866, -38.299 ], [ -61.899, -38.299 ] ], [ [ -62.148, -38.890 ], [ -62.144, -38.890 ], [ -62.144, -38.889 ], [ -62.144, -38.888 ], [ -62.148, -38.890 ] ], [ [ -62.112, -38.925 ], [ -62.107, -38.926 ], [ -62.108, -38.924 ], [ -62.112, -38.922 ], [ -62.112, -38.925 ] ], [ [ -61.733, -33.266 ], [ -61.733, -33.233 ], [ -61.766, -33.233 ], [ -61.766, -33.266 ], [ -61.733, -33.266 ] ], [ [ -61.699, -32.933 ], [ -61.699, -32.899 ], [ -61.733, -32.899 ], [ -61.766, -32.899 ], [ -61.766, -32.933 ], [ -61.733, -32.933 ], [ -61.699, -32.933 ] ] ], [ [ [ -66.833, -29.299 ], [ -66.833, -29.266 ], [ -66.833, -29.233 ], [ -66.799, -29.233 ], [ -66.799, -29.266 ], [ -66.799, -29.299 ], [ -66.833, -29.299 ] ] ], [ [ [ -65.599, -29.266 ], [ -65.633, -29.266 ], [ -65.633, -29.233 ], [ -65.633, -29.199 ], [ -65.599, -29.199 ], [ -65.599, -29.233 ], [ -65.599, -29.266 ] ] ], [ [ [ -66.799, -29.233 ], [ -66.799, -29.199 ], [ -66.799, -29.166 ], [ -66.766, -29.166 ], [ -66.766, -29.199 ], [ -66.766, -29.233 ], [ -66.799, -29.233 ] ] ], [ [ [ -67.333, -30.866 ], [ -67.366, -30.866 ], [ -67.366, -30.833 ], [ -67.366, -30.799 ], [ -67.399, -30.799 ], [ -67.399, -30.766 ], [ -67.433, -30.766 ], [ -67.433, -30.733 ], [ -67.433, -30.699 ], [ -67.466, -30.699 ], [ -67.466, -30.666 ], [ -67.466, -30.633 ], [ -67.499, -30.633 ], [ -67.499, -30.599 ], [ -67.533, -30.599 ], [ -67.566, -30.599 ], [ -67.599, -30.599 ], [ -67.599, -30.566 ], [ -67.599, -30.533 ], [ -67.633, -30.533 ], [ -67.633, -30.499 ], [ -67.599, -30.499 ], [ -67.599, -30.466 ], [ -67.566, -30.466 ], [ -67.566, -30.433 ], [ -67.533, -30.433 ], [ -67.533, -30.399 ], [ -67.499, -30.399 ], [ -67.499, -30.366 ], [ -67.466, -30.366 ], [ -67.466, -30.333 ], [ -67.433, -30.333 ], [ -67.433, -30.366 ], [ -67.399, -30.366 ], [ -67.399, -30.333 ], [ -67.366, -30.333 ], [ -67.366, -30.299 ], [ -67.366, -30.266 ], [ -67.366, -30.233 ], [ -67.333, -30.233 ], [ -67.333, -30.199 ], [ -67.299, -30.199 ], [ -67.266, -30.199 ], [ -67.233, -30.199 ], [ -67.233, -30.166 ], [ -67.199, -30.166 ], [ -67.199, -30.133 ], [ -67.199, -30.099 ], [ -67.199, -30.066 ], [ -67.233, -30.066 ], [ -67.233, -30.033 ], [ -67.233, -29.999 ], [ -67.266, -29.999 ], [ -67.266, -29.966 ], [ -67.266, -29.933 ], [ -67.266, -29.899 ], [ -67.266, -29.866 ], [ -67.266, -29.833 ], [ -67.299, -29.833 ], [ -67.299, -29.799 ], [ -67.333, -29.799 ], [ -67.333, -29.766 ], [ -67.366, -29.766 ], [ -67.366, -29.733 ], [ -67.399, -29.733 ], [ -67.399, -29.699 ], [ -67.433, -29.699 ], [ -67.433, -29.666 ], [ -67.466, -29.666 ], [ -67.466, -29.633 ], [ -67.466, -29.599 ], [ -67.499, -29.599 ], [ -67.499, -29.566 ], [ -67.499, -29.533 ], [ -67.499, -29.499 ], [ -67.533, -29.499 ], [ -67.533, -29.466 ], [ -67.533, -29.433 ], [ -67.533, -29.399 ], [ -67.499, -29.399 ], [ -67.499, -29.366 ], [ -67.499, -29.333 ], [ -67.499, -29.299 ], [ -67.499, -29.266 ], [ -67.466, -29.266 ], [ -67.433, -29.266 ], [ -67.433, -29.233 ], [ -67.433, -29.199 ], [ -67.399, -29.199 ], [ -67.399, -29.166 ], [ -67.399, -29.133 ], [ -67.366, -29.133 ], [ -67.333, -29.133 ], [ -67.333, -29.166 ], [ -67.299, -29.166 ], [ -67.299, -29.199 ], [ -67.299, -29.233 ], [ -67.299, -29.266 ], [ -67.266, -29.266 ], [ -67.266, -29.299 ], [ -67.266, -29.333 ], [ -67.266, -29.366 ], [ -67.233, -29.366 ], [ -67.233, -29.399 ], [ -67.233, -29.433 ], [ -67.233, -29.466 ], [ -67.199, -29.466 ], [ -67.199, -29.499 ], [ -67.199, -29.533 ], [ -67.199, -29.566 ], [ -67.199, -29.599 ], [ -67.166, -29.599 ], [ -67.166, -29.633 ], [ -67.166, -29.666 ], [ -67.166, -29.699 ], [ -67.133, -29.699 ], [ -67.133, -29.733 ], [ -67.133, -29.766 ], [ -67.133, -29.799 ], [ -67.133, -29.833 ], [ -67.133, -29.866 ], [ -67.099, -29.866 ], [ -67.099, -29.833 ], [ -67.066, -29.833 ], [ -67.033, -29.833 ], [ -67.033, -29.866 ], [ -66.999, -29.866 ], [ -66.966, -29.866 ], [ -66.966, -29.899 ], [ -66.999, -29.899 ], [ -67.033, -29.899 ], [ -67.066, -29.899 ], [ -67.066, -29.933 ], [ -67.066, -29.966 ], [ -67.099, -29.966 ], [ -67.099, -29.999 ], [ -67.133, -29.999 ], [ -67.133, -29.966 ], [ -67.166, -29.966 ], [ -67.166, -29.999 ], [ -67.166, -30.033 ], [ -67.166, -30.066 ], [ -67.166, -30.099 ], [ -67.133, -30.099 ], [ -67.133, -30.133 ], [ -67.133, -30.166 ], [ -67.099, -30.166 ], [ -67.099, -30.199 ], [ -67.099, -30.233 ], [ -67.066, -30.233 ], [ -67.066, -30.266 ], [ -67.066, -30.299 ], [ -67.066, -30.333 ], [ -67.066, -30.366 ], [ -67.066, -30.399 ], [ -67.066, -30.433 ], [ -67.066, -30.466 ], [ -67.099, -30.466 ], [ -67.099, -30.499 ], [ -67.099, -30.533 ], [ -67.099, -30.566 ], [ -67.133, -30.566 ], [ -67.166, -30.566 ], [ -67.166, -30.599 ], [ -67.199, -30.599 ], [ -67.233, -30.599 ], [ -67.233, -30.633 ], [ -67.266, -30.633 ], [ -67.266, -30.666 ], [ -67.266, -30.699 ], [ -67.299, -30.699 ], [ -67.299, -30.733 ], [ -67.333, -30.733 ], [ -67.333, -30.766 ], [ -67.333, -30.799 ], [ -67.333, -30.833 ], [ -67.333, -30.866 ] ] ], [ [ [ -66.766, -29.166 ], [ -66.766, -29.133 ], [ -66.733, -29.133 ], [ -66.733, -29.166 ], [ -66.766, -29.166 ] ] ], [ [ [ -65.599, -29.099 ], [ -65.633, -29.099 ], [ -65.633, -29.066 ], [ -65.599, -29.066 ], [ -65.599, -29.099 ] ] ], [ [ [ -65.633, -29.033 ], [ -65.666, -29.033 ], [ -65.666, -28.999 ], [ -65.666, -28.966 ], [ -65.633, -28.966 ], [ -65.633, -28.999 ], [ -65.633, -29.033 ] ] ], [ [ [ -66.733, -29.133 ], [ -66.733, -29.099 ], [ -66.733, -29.066 ], [ -66.733, -29.033 ], [ -66.733, -28.999 ], [ -66.733, -28.966 ], [ -66.699, -28.966 ], [ -66.699, -28.933 ], [ -66.666, -28.933 ], [ -66.666, -28.966 ], [ -66.666, -28.999 ], [ -66.666, -29.033 ], [ -66.633, -29.033 ], [ -66.633, -29.066 ], [ -66.633, -29.099 ], [ -66.666, -29.099 ], [ -66.699, -29.099 ], [ -66.699, -29.133 ], [ -66.733, -29.133 ] ] ], [ [ [ -66.499, -28.999 ], [ -66.499, -28.966 ], [ -66.499, -28.933 ], [ -66.466, -28.933 ], [ -66.466, -28.966 ], [ -66.466, -28.999 ], [ -66.499, -28.999 ] ] ], [ [ [ -66.666, -28.933 ], [ -66.666, -28.899 ], [ -66.633, -28.899 ], [ -66.633, -28.933 ], [ -66.666, -28.933 ] ] ], [ [ [ -65.666, -28.933 ], [ -65.699, -28.933 ], [ -65.699, -28.899 ], [ -65.666, -28.899 ], [ -65.666, -28.933 ] ] ], [ [ [ -66.566, -28.866 ], [ -66.566, -28.899 ], [ -66.566, -28.933 ], [ -66.566, -28.966 ], [ -66.566, -28.999 ], [ -66.533, -28.999 ], [ -66.499, -28.999 ], [ -66.499, -29.033 ], [ -66.533, -29.033 ], [ -66.566, -29.033 ], [ -66.599, -29.033 ], [ -66.599, -28.999 ], [ -66.599, -28.966 ], [ -66.599, -28.933 ], [ -66.599, -28.899 ], [ -66.633, -28.899 ], [ -66.633, -28.866 ], [ -66.633, -28.833 ], [ -66.599, -28.833 ], [ -66.599, -28.866 ], [ -66.566, -28.866 ] ] ], [ [ [ -66.366, -28.866 ], [ -66.399, -28.866 ], [ -66.399, -28.833 ], [ -66.366, -28.833 ], [ -66.333, -28.833 ], [ -66.299, -28.833 ], [ -66.299, -28.866 ], [ -66.333, -28.866 ], [ -66.366, -28.866 ] ] ], [ [ [ -66.199, -28.799 ], [ -66.199, -28.833 ], [ -66.233, -28.833 ], [ -66.266, -28.833 ], [ -66.266, -28.799 ], [ -66.233, -28.799 ], [ -66.199, -28.799 ] ] ], [ [ [ -65.699, -28.799 ], [ -65.733, -28.799 ], [ -65.733, -28.766 ], [ -65.699, -28.766 ], [ -65.699, -28.799 ] ] ], [ [ [ -66.199, -28.799 ], [ -66.199, -28.766 ], [ -66.199, -28.733 ], [ -66.166, -28.733 ], [ -66.133, -28.733 ], [ -66.133, -28.699 ], [ -66.099, -28.699 ], [ -66.066, -28.699 ], [ -66.066, -28.666 ], [ -66.033, -28.666 ], [ -65.999, -28.666 ], [ -65.999, -28.699 ], [ -66.033, -28.699 ], [ -66.033, -28.733 ], [ -66.066, -28.733 ], [ -66.099, -28.733 ], [ -66.099, -28.766 ], [ -66.133, -28.766 ], [ -66.166, -28.766 ], [ -66.166, -28.799 ], [ -66.199, -28.799 ] ] ], [ [ [ -65.999, -28.666 ], [ -65.999, -28.633 ], [ -65.966, -28.633 ], [ -65.966, -28.666 ], [ -65.999, -28.666 ] ] ], [ [ [ -65.666, -28.666 ], [ -65.699, -28.666 ], [ -65.699, -28.633 ], [ -65.666, -28.633 ], [ -65.666, -28.666 ] ] ], [ [ [ -65.966, -28.633 ], [ -65.966, -28.599 ], [ -65.933, -28.599 ], [ -65.933, -28.633 ], [ -65.966, -28.633 ] ] ], [ [ [ -65.933, -28.599 ], [ -65.933, -28.566 ], [ -65.899, -28.566 ], [ -65.899, -28.599 ], [ -65.933, -28.599 ] ] ], [ [ [ -65.899, -28.566 ], [ -65.899, -28.533 ], [ -65.866, -28.533 ], [ -65.866, -28.566 ], [ -65.899, -28.566 ] ] ], [ [ [ -65.633, -28.599 ], [ -65.666, -28.599 ], [ -65.666, -28.566 ], [ -65.666, -28.533 ], [ -65.666, -28.499 ], [ -65.633, -28.499 ], [ -65.633, -28.533 ], [ -65.633, -28.566 ], [ -65.633, -28.599 ] ] ], [ [ [ -65.799, -28.433 ], [ -65.799, -28.466 ], [ -65.799, -28.499 ], [ -65.833, -28.499 ], [ -65.866, -28.499 ], [ -65.866, -28.466 ], [ -65.833, -28.466 ], [ -65.833, -28.433 ], [ -65.799, -28.433 ] ] ], [ [ [ -65.666, -28.399 ], [ -65.699, -28.399 ], [ -65.699, -28.366 ], [ -65.666, -28.366 ], [ -65.666, -28.399 ] ] ], [ [ [ -65.699, -28.366 ], [ -65.733, -28.366 ], [ -65.733, -28.399 ], [ -65.733, -28.433 ], [ -65.766, -28.433 ], [ -65.799, -28.433 ], [ -65.799, -28.399 ], [ -65.799, -28.366 ], [ -65.799, -28.333 ], [ -65.766, -28.333 ], [ -65.766, -28.299 ], [ -65.766, -28.266 ], [ -65.766, -28.233 ], [ -65.733, -28.233 ], [ -65.733, -28.266 ], [ -65.733, -28.299 ], [ -65.699, -28.299 ], [ -65.699, -28.333 ], [ -65.699, -28.366 ] ] ], [ [ [ -65.533, -28.199 ], [ -65.499, -28.199 ], [ -65.466, -28.199 ], [ -65.466, -28.233 ], [ -65.499, -28.233 ], [ -65.533, -28.233 ], [ -65.533, -28.199 ] ] ], [ [ [ -65.466, -28.199 ], [ -65.466, -28.166 ], [ -65.433, -28.166 ], [ -65.399, -28.166 ], [ -65.399, -28.199 ], [ -65.366, -28.199 ], [ -65.333, -28.199 ], [ -65.299, -28.199 ], [ -65.266, -28.199 ], [ -65.233, -28.199 ], [ -65.233, -28.233 ], [ -65.199, -28.233 ], [ -65.199, -28.266 ], [ -65.199, -28.299 ], [ -65.199, -28.333 ], [ -65.233, -28.333 ], [ -65.233, -28.366 ], [ -65.233, -28.399 ], [ -65.233, -28.433 ], [ -65.233, -28.466 ], [ -65.266, -28.466 ], [ -65.266, -28.499 ], [ -65.266, -28.533 ], [ -65.299, -28.533 ], [ -65.299, -28.566 ], [ -65.333, -28.566 ], [ -65.333, -28.599 ], [ -65.366, -28.599 ], [ -65.366, -28.633 ], [ -65.366, -28.666 ], [ -65.366, -28.699 ], [ -65.399, -28.699 ], [ -65.399, -28.733 ], [ -65.399, -28.766 ], [ -65.399, -28.799 ], [ -65.433, -28.799 ], [ -65.433, -28.833 ], [ -65.433, -28.866 ], [ -65.433, -28.899 ], [ -65.433, -28.933 ], [ -65.433, -28.966 ], [ -65.433, -28.999 ], [ -65.433, -29.033 ], [ -65.433, -29.066 ], [ -65.433, -29.099 ], [ -65.466, -29.099 ], [ -65.466, -29.133 ], [ -65.466, -29.166 ], [ -65.499, -29.166 ], [ -65.499, -29.199 ], [ -65.499, -29.233 ], [ -65.533, -29.233 ], [ -65.533, -29.266 ], [ -65.533, -29.299 ], [ -65.533, -29.333 ], [ -65.533, -29.366 ], [ -65.533, -29.399 ], [ -65.566, -29.399 ], [ -65.566, -29.366 ], [ -65.566, -29.333 ], [ -65.599, -29.333 ], [ -65.599, -29.299 ], [ -65.566, -29.299 ], [ -65.566, -29.266 ], [ -65.566, -29.233 ], [ -65.566, -29.199 ], [ -65.533, -29.199 ], [ -65.533, -29.166 ], [ -65.533, -29.133 ], [ -65.533, -29.099 ], [ -65.499, -29.099 ], [ -65.499, -29.066 ], [ -65.499, -29.033 ], [ -65.499, -28.999 ], [ -65.499, -28.966 ], [ -65.499, -28.933 ], [ -65.499, -28.899 ], [ -65.499, -28.866 ], [ -65.499, -28.833 ], [ -65.499, -28.799 ], [ -65.499, -28.766 ], [ -65.466, -28.766 ], [ -65.466, -28.733 ], [ -65.466, -28.699 ], [ -65.499, -28.699 ], [ -65.499, -28.666 ], [ -65.466, -28.666 ], [ -65.466, -28.633 ], [ -65.466, -28.599 ], [ -65.433, -28.599 ], [ -65.433, -28.566 ], [ -65.433, -28.533 ], [ -65.399, -28.533 ], [ -65.399, -28.499 ], [ -65.399, -28.466 ], [ -65.366, -28.466 ], [ -65.366, -28.433 ], [ -65.333, -28.433 ], [ -65.333, -28.399 ], [ -65.333, -28.366 ], [ -65.333, -28.333 ], [ -65.333, -28.299 ], [ -65.366, -28.299 ], [ -65.366, -28.266 ], [ -65.399, -28.266 ], [ -65.399, -28.233 ], [ -65.433, -28.233 ], [ -65.433, -28.199 ], [ -65.466, -28.199 ] ] ], [ [ [ -65.666, -28.399 ], [ -65.633, -28.399 ], [ -65.633, -28.366 ], [ -65.633, -28.333 ], [ -65.633, -28.299 ], [ -65.666, -28.299 ], [ -65.666, -28.266 ], [ -65.666, -28.233 ], [ -65.666, -28.199 ], [ -65.666, -28.166 ], [ -65.666, -28.133 ], [ -65.633, -28.133 ], [ -65.633, -28.166 ], [ -65.633, -28.199 ], [ -65.633, -28.233 ], [ -65.633, -28.266 ], [ -65.599, -28.266 ], [ -65.599, -28.299 ], [ -65.599, -28.333 ], [ -65.599, -28.366 ], [ -65.599, -28.399 ], [ -65.599, -28.433 ], [ -65.599, -28.466 ], [ -65.633, -28.466 ], [ -65.666, -28.466 ], [ -65.666, -28.433 ], [ -65.666, -28.399 ] ] ], [ [ [ -65.533, -28.199 ], [ -65.566, -28.199 ], [ -65.566, -28.166 ], [ -65.566, -28.133 ], [ -65.599, -28.133 ], [ -65.599, -28.099 ], [ -65.566, -28.099 ], [ -65.533, -28.099 ], [ -65.533, -28.133 ], [ -65.533, -28.166 ], [ -65.533, -28.199 ] ] ], [ [ [ -65.599, -28.099 ], [ -65.633, -28.099 ], [ -65.633, -28.066 ], [ -65.633, -28.033 ], [ -65.633, -27.999 ], [ -65.633, -27.966 ], [ -65.633, -27.933 ], [ -65.633, -27.899 ], [ -65.633, -27.866 ], [ -65.599, -27.866 ], [ -65.599, -27.899 ], [ -65.599, -27.933 ], [ -65.599, -27.966 ], [ -65.599, -27.999 ], [ -65.599, -28.033 ], [ -65.599, -28.066 ], [ -65.599, -28.099 ] ] ], [ [ [ -65.633, -27.833 ], [ -65.666, -27.833 ], [ -65.666, -27.799 ], [ -65.633, -27.799 ], [ -65.633, -27.833 ] ] ], [ [ [ -65.699, -27.733 ], [ -65.666, -27.733 ], [ -65.666, -27.766 ], [ -65.699, -27.766 ], [ -65.699, -27.733 ] ] ], [ [ [ -66.566, -28.866 ], [ -66.566, -28.833 ], [ -66.599, -28.833 ], [ -66.599, -28.799 ], [ -66.599, -28.766 ], [ -66.599, -28.733 ], [ -66.633, -28.733 ], [ -66.666, -28.733 ], [ -66.666, -28.766 ], [ -66.666, -28.799 ], [ -66.666, -28.833 ], [ -66.699, -28.833 ], [ -66.699, -28.866 ], [ -66.733, -28.866 ], [ -66.733, -28.833 ], [ -66.733, -28.799 ], [ -66.733, -28.766 ], [ -66.733, -28.733 ], [ -66.733, -28.699 ], [ -66.766, -28.699 ], [ -66.766, -28.666 ], [ -66.799, -28.666 ], [ -66.799, -28.633 ], [ -66.799, -28.599 ], [ -66.833, -28.599 ], [ -66.833, -28.566 ], [ -66.833, -28.533 ], [ -66.866, -28.533 ], [ -66.866, -28.499 ], [ -66.866, -28.466 ], [ -66.899, -28.466 ], [ -66.899, -28.433 ], [ -66.899, -28.399 ], [ -66.933, -28.399 ], [ -66.933, -28.366 ], [ -66.966, -28.366 ], [ -66.999, -28.366 ], [ -66.999, -28.333 ], [ -67.033, -28.333 ], [ -67.066, -28.333 ], [ -67.066, -28.299 ], [ -67.099, -28.299 ], [ -67.133, -28.299 ], [ -67.166, -28.299 ], [ -67.166, -28.266 ], [ -67.133, -28.266 ], [ -67.099, -28.266 ], [ -67.066, -28.266 ], [ -67.033, -28.266 ], [ -67.033, -28.233 ], [ -66.999, -28.233 ], [ -66.999, -28.199 ], [ -67.033, -28.199 ], [ -67.033, -28.166 ], [ -67.066, -28.166 ], [ -67.066, -28.133 ], [ -67.066, -28.099 ], [ -67.033, -28.099 ], [ -66.999, -28.099 ], [ -66.999, -28.066 ], [ -66.966, -28.066 ], [ -66.966, -28.033 ], [ -66.966, -27.999 ], [ -66.966, -27.966 ], [ -66.933, -27.966 ], [ -66.899, -27.966 ], [ -66.866, -27.966 ], [ -66.833, -27.966 ], [ -66.799, -27.966 ], [ -66.799, -27.999 ], [ -66.766, -27.999 ], [ -66.766, -27.966 ], [ -66.766, -27.933 ], [ -66.733, -27.933 ], [ -66.733, -27.899 ], [ -66.733, -27.866 ], [ -66.766, -27.866 ], [ -66.766, -27.833 ], [ -66.766, -27.799 ], [ -66.733, -27.799 ], [ -66.733, -27.766 ], [ -66.733, -27.733 ], [ -66.699, -27.733 ], [ -66.699, -27.699 ], [ -66.666, -27.699 ], [ -66.633, -27.699 ], [ -66.633, -27.666 ], [ -66.599, -27.666 ], [ -66.599, -27.633 ], [ -66.566, -27.633 ], [ -66.566, -27.599 ], [ -66.533, -27.599 ], [ -66.499, -27.599 ], [ -66.499, -27.566 ], [ -66.466, -27.566 ], [ -66.433, -27.566 ], [ -66.399, -27.566 ], [ -66.366, -27.566 ], [ -66.366, -27.599 ], [ -66.333, -27.599 ], [ -66.299, -27.599 ], [ -66.299, -27.633 ], [ -66.266, -27.633 ], [ -66.233, -27.633 ], [ -66.233, -27.666 ], [ -66.199, -27.666 ], [ -66.199, -27.699 ], [ -66.166, -27.699 ], [ -66.166, -27.733 ], [ -66.133, -27.733 ], [ -66.133, -27.766 ], [ -66.133, -27.799 ], [ -66.133, -27.833 ], [ -66.133, -27.866 ], [ -66.166, -27.866 ], [ -66.166, -27.899 ], [ -66.166, -27.933 ], [ -66.166, -27.966 ], [ -66.166, -27.999 ], [ -66.166, -28.033 ], [ -66.199, -28.033 ], [ -66.199, -28.066 ], [ -66.199, -28.099 ], [ -66.199, -28.133 ], [ -66.199, -28.166 ], [ -66.199, -28.199 ], [ -66.199, -28.233 ], [ -66.233, -28.233 ], [ -66.233, -28.266 ], [ -66.233, -28.299 ], [ -66.233, -28.333 ], [ -66.233, -28.366 ], [ -66.266, -28.366 ], [ -66.266, -28.399 ], [ -66.266, -28.433 ], [ -66.266, -28.466 ], [ -66.266, -28.499 ], [ -66.266, -28.533 ], [ -66.299, -28.533 ], [ -66.299, -28.566 ], [ -66.299, -28.599 ], [ -66.333, -28.599 ], [ -66.333, -28.633 ], [ -66.366, -28.633 ], [ -66.366, -28.666 ], [ -66.366, -28.699 ], [ -66.399, -28.699 ], [ -66.399, -28.733 ], [ -66.433, -28.733 ], [ -66.433, -28.766 ], [ -66.466, -28.766 ], [ -66.499, -28.766 ], [ -66.499, -28.799 ], [ -66.533, -28.799 ], [ -66.533, -28.833 ], [ -66.533, -28.866 ], [ -66.566, -28.866 ] ], [ [ -66.466, -28.633 ], [ -66.466, -28.599 ], [ -66.499, -28.599 ], [ -66.499, -28.633 ], [ -66.466, -28.633 ] ] ], [ [ [ -66.533, -28.699 ], [ -66.499, -28.699 ], [ -66.499, -28.666 ], [ -66.533, -28.666 ], [ -66.533, -28.699 ], [ -66.566, -28.699 ], [ -66.566, -28.733 ], [ -66.566, -28.766 ], [ -66.533, -28.766 ], [ -66.533, -28.733 ], [ -66.533, -28.699 ] ] ], [ [ [ -65.699, -27.733 ], [ -65.733, -27.733 ], [ -65.733, -27.699 ], [ -65.766, -27.699 ], [ -65.766, -27.666 ], [ -65.799, -27.666 ], [ -65.799, -27.699 ], [ -65.766, -27.699 ], [ -65.766, -27.733 ], [ -65.799, -27.733 ], [ -65.833, -27.733 ], [ -65.833, -27.699 ], [ -65.833, -27.666 ], [ -65.833, -27.633 ], [ -65.833, -27.599 ], [ -65.799, -27.599 ], [ -65.799, -27.566 ], [ -65.766, -27.566 ], [ -65.766, -27.599 ], [ -65.766, -27.633 ], [ -65.733, -27.633 ], [ -65.733, -27.666 ], [ -65.699, -27.666 ], [ -65.699, -27.699 ], [ -65.699, -27.733 ] ] ], [ [ [ -65.833, -27.499 ], [ -65.799, -27.499 ], [ -65.799, -27.533 ], [ -65.833, -27.533 ], [ -65.833, -27.499 ] ] ], [ [ [ -64.333, -27.433 ], [ -64.333, -27.466 ], [ -64.299, -27.466 ], [ -64.299, -27.499 ], [ -64.266, -27.499 ], [ -64.233, -27.499 ], [ -64.199, -27.499 ], [ -64.199, -27.533 ], [ -64.166, -27.533 ], [ -64.133, -27.533 ], [ -64.099, -27.533 ], [ -64.099, -27.566 ], [ -64.066, -27.566 ], [ -64.066, -27.599 ], [ -64.033, -27.599 ], [ -64.033, -27.633 ], [ -64.033, -27.666 ], [ -63.999, -27.666 ], [ -63.999, -27.699 ], [ -63.999, -27.733 ], [ -63.999, -27.766 ], [ -63.999, -27.799 ], [ -63.999, -27.833 ], [ -64.033, -27.833 ], [ -64.033, -27.866 ], [ -64.033, -27.899 ], [ -64.066, -27.899 ], [ -64.066, -27.933 ], [ -64.099, -27.933 ], [ -64.099, -27.966 ], [ -64.133, -27.966 ], [ -64.133, -27.999 ], [ -64.166, -27.999 ], [ -64.166, -28.033 ], [ -64.199, -28.033 ], [ -64.233, -28.033 ], [ -64.233, -28.066 ], [ -64.266, -28.066 ], [ -64.299, -28.066 ], [ -64.299, -28.099 ], [ -64.333, -28.099 ], [ -64.366, -28.099 ], [ -64.399, -28.099 ], [ -64.433, -28.099 ], [ -64.433, -28.133 ], [ -64.466, -28.133 ], [ -64.499, -28.133 ], [ -64.533, -28.133 ], [ -64.566, -28.133 ], [ -64.599, -28.133 ], [ -64.633, -28.133 ], [ -64.633, -28.166 ], [ -64.666, -28.166 ], [ -64.699, -28.166 ], [ -64.733, -28.166 ], [ -64.733, -28.199 ], [ -64.766, -28.199 ], [ -64.766, -28.233 ], [ -64.766, -28.266 ], [ -64.799, -28.266 ], [ -64.799, -28.299 ], [ -64.799, -28.333 ], [ -64.799, -28.366 ], [ -64.833, -28.366 ], [ -64.866, -28.366 ], [ -64.866, -28.333 ], [ -64.899, -28.333 ], [ -64.899, -28.299 ], [ -64.899, -28.266 ], [ -64.933, -28.266 ], [ -64.933, -28.233 ], [ -64.966, -28.233 ], [ -64.966, -28.199 ], [ -64.966, -28.166 ], [ -64.966, -28.133 ], [ -64.966, -28.099 ], [ -64.933, -28.099 ], [ -64.933, -28.066 ], [ -64.966, -28.066 ], [ -64.966, -28.033 ], [ -64.933, -28.033 ], [ -64.933, -27.999 ], [ -64.933, -27.966 ], [ -64.933, -27.933 ], [ -64.899, -27.933 ], [ -64.899, -27.899 ], [ -64.899, -27.866 ], [ -64.866, -27.866 ], [ -64.866, -27.833 ], [ -64.866, -27.799 ], [ -64.833, -27.799 ], [ -64.833, -27.766 ], [ -64.833, -27.733 ], [ -64.833, -27.699 ], [ -64.799, -27.699 ], [ -64.799, -27.733 ], [ -64.799, -27.766 ], [ -64.766, -27.766 ], [ -64.733, -27.766 ], [ -64.733, -27.733 ], [ -64.699, -27.733 ], [ -64.699, -27.699 ], [ -64.699, -27.666 ], [ -64.699, -27.633 ], [ -64.666, -27.633 ], [ -64.633, -27.633 ], [ -64.633, -27.599 ], [ -64.599, -27.599 ], [ -64.566, -27.599 ], [ -64.566, -27.566 ], [ -64.533, -27.566 ], [ -64.499, -27.566 ], [ -64.499, -27.533 ], [ -64.466, -27.533 ], [ -64.466, -27.499 ], [ -64.466, -27.466 ], [ -64.433, -27.466 ], [ -64.399, -27.466 ], [ -64.366, -27.466 ], [ -64.366, -27.433 ], [ -64.333, -27.433 ] ] ], [ [ [ -65.833, -27.499 ], [ -65.866, -27.499 ], [ -65.866, -27.466 ], [ -65.866, -27.433 ], [ -65.866, -27.399 ], [ -65.899, -27.399 ], [ -65.899, -27.366 ], [ -65.899, -27.333 ], [ -65.899, -27.299 ], [ -65.866, -27.299 ], [ -65.866, -27.266 ], [ -65.833, -27.266 ], [ -65.833, -27.233 ], [ -65.833, -27.199 ], [ -65.799, -27.199 ], [ -65.799, -27.233 ], [ -65.799, -27.266 ], [ -65.799, -27.299 ], [ -65.833, -27.299 ], [ -65.833, -27.333 ], [ -65.833, -27.366 ], [ -65.833, -27.399 ], [ -65.833, -27.433 ], [ -65.833, -27.466 ], [ -65.833, -27.499 ] ] ], [ [ [ -65.799, -27.199 ], [ -65.799, -27.166 ], [ -65.766, -27.166 ], [ -65.766, -27.199 ], [ -65.799, -27.199 ] ] ], [ [ [ -65.766, -27.166 ], [ -65.766, -27.133 ], [ -65.733, -27.133 ], [ -65.699, -27.133 ], [ -65.699, -27.166 ], [ -65.733, -27.166 ], [ -65.766, -27.166 ] ] ], [ [ [ -65.699, -27.133 ], [ -65.699, -27.099 ], [ -65.666, -27.099 ], [ -65.666, -27.133 ], [ -65.699, -27.133 ] ] ], [ [ [ -65.666, -27.099 ], [ -65.666, -27.066 ], [ -65.633, -27.066 ], [ -65.633, -27.099 ], [ -65.666, -27.099 ] ] ], [ [ [ -65.633, -27.066 ], [ -65.633, -27.033 ], [ -65.599, -27.033 ], [ -65.599, -27.066 ], [ -65.633, -27.066 ] ] ], [ [ [ -65.599, -27.033 ], [ -65.599, -26.999 ], [ -65.566, -26.999 ], [ -65.566, -27.033 ], [ -65.599, -27.033 ] ] ], [ [ [ -65.566, -26.999 ], [ -65.566, -26.966 ], [ -65.533, -26.966 ], [ -65.533, -26.999 ], [ -65.566, -26.999 ] ] ], [ [ [ -65.499, -26.899 ], [ -65.499, -26.933 ], [ -65.533, -26.933 ], [ -65.533, -26.899 ], [ -65.499, -26.899 ] ] ], [ [ [ -65.333, -26.766 ], [ -65.333, -26.799 ], [ -65.333, -26.833 ], [ -65.366, -26.833 ], [ -65.366, -26.799 ], [ -65.399, -26.799 ], [ -65.399, -26.833 ], [ -65.433, -26.833 ], [ -65.466, -26.833 ], [ -65.466, -26.866 ], [ -65.466, -26.899 ], [ -65.499, -26.899 ], [ -65.499, -26.866 ], [ -65.499, -26.833 ], [ -65.499, -26.799 ], [ -65.466, -26.799 ], [ -65.466, -26.766 ], [ -65.466, -26.733 ], [ -65.433, -26.733 ], [ -65.399, -26.733 ], [ -65.366, -26.733 ], [ -65.366, -26.766 ], [ -65.333, -26.766 ] ] ], [ [ [ -65.333, -26.766 ], [ -65.333, -26.733 ], [ -65.299, -26.733 ], [ -65.299, -26.766 ], [ -65.333, -26.766 ] ] ], [ [ [ -65.166, -26.499 ], [ -65.166, -26.533 ], [ -65.199, -26.533 ], [ -65.199, -26.499 ], [ -65.166, -26.499 ] ] ], [ [ [ -65.166, -26.499 ], [ -65.166, -26.466 ], [ -65.133, -26.466 ], [ -65.133, -26.499 ], [ -65.166, -26.499 ] ] ], [ [ [ -64.899, -26.433 ], [ -64.899, -26.466 ], [ -64.866, -26.466 ], [ -64.833, -26.466 ], [ -64.833, -26.499 ], [ -64.866, -26.499 ], [ -64.899, -26.499 ], [ -64.933, -26.499 ], [ -64.933, -26.533 ], [ -64.899, -26.533 ], [ -64.899, -26.566 ], [ -64.933, -26.566 ], [ -64.933, -26.599 ], [ -64.933, -26.633 ], [ -64.966, -26.633 ], [ -64.999, -26.633 ], [ -64.999, -26.599 ], [ -64.999, -26.566 ], [ -64.999, -26.533 ], [ -65.033, -26.533 ], [ -65.033, -26.566 ], [ -65.066, -26.566 ], [ -65.066, -26.599 ], [ -65.099, -26.599 ], [ -65.133, -26.599 ], [ -65.166, -26.599 ], [ -65.199, -26.599 ], [ -65.199, -26.566 ], [ -65.166, -26.566 ], [ -65.133, -26.566 ], [ -65.099, -26.566 ], [ -65.099, -26.533 ], [ -65.066, -26.533 ], [ -65.066, -26.499 ], [ -65.033, -26.499 ], [ -65.033, -26.466 ], [ -65.033, -26.433 ], [ -64.999, -26.433 ], [ -64.999, -26.399 ], [ -64.966, -26.399 ], [ -64.933, -26.399 ], [ -64.933, -26.366 ], [ -64.899, -26.366 ], [ -64.899, -26.399 ], [ -64.899, -26.433 ] ] ], [ [ [ -64.799, -26.433 ], [ -64.833, -26.433 ], [ -64.833, -26.399 ], [ -64.833, -26.366 ], [ -64.833, -26.333 ], [ -64.799, -26.333 ], [ -64.799, -26.366 ], [ -64.799, -26.399 ], [ -64.799, -26.433 ] ] ], [ [ [ -64.866, -26.233 ], [ -64.866, -26.266 ], [ -64.833, -26.266 ], [ -64.833, -26.299 ], [ -64.866, -26.299 ], [ -64.899, -26.299 ], [ -64.899, -26.266 ], [ -64.899, -26.233 ], [ -64.866, -26.233 ] ] ], [ [ [ -64.866, -26.233 ], [ -64.866, -26.199 ], [ -64.866, -26.166 ], [ -64.833, -26.166 ], [ -64.833, -26.199 ], [ -64.833, -26.233 ], [ -64.866, -26.233 ] ] ], [ [ [ -64.766, -26.133 ], [ -64.733, -26.133 ], [ -64.699, -26.133 ], [ -64.699, -26.166 ], [ -64.733, -26.166 ], [ -64.766, -26.166 ], [ -64.766, -26.133 ] ] ], [ [ [ -65.433, -26.066 ], [ -65.433, -26.099 ], [ -65.433, -26.133 ], [ -65.399, -26.133 ], [ -65.399, -26.099 ], [ -65.366, -26.099 ], [ -65.366, -26.133 ], [ -65.366, -26.166 ], [ -65.366, -26.199 ], [ -65.399, -26.199 ], [ -65.399, -26.233 ], [ -65.399, -26.266 ], [ -65.366, -26.266 ], [ -65.366, -26.299 ], [ -65.333, -26.299 ], [ -65.333, -26.333 ], [ -65.333, -26.366 ], [ -65.366, -26.366 ], [ -65.366, -26.399 ], [ -65.333, -26.399 ], [ -65.333, -26.433 ], [ -65.366, -26.433 ], [ -65.366, -26.466 ], [ -65.399, -26.466 ], [ -65.399, -26.499 ], [ -65.366, -26.499 ], [ -65.366, -26.533 ], [ -65.366, -26.566 ], [ -65.333, -26.566 ], [ -65.333, -26.599 ], [ -65.366, -26.599 ], [ -65.366, -26.633 ], [ -65.333, -26.633 ], [ -65.299, -26.633 ], [ -65.299, -26.666 ], [ -65.333, -26.666 ], [ -65.366, -26.666 ], [ -65.399, -26.666 ], [ -65.399, -26.633 ], [ -65.399, -26.599 ], [ -65.399, -26.566 ], [ -65.399, -26.533 ], [ -65.433, -26.533 ], [ -65.433, -26.499 ], [ -65.433, -26.466 ], [ -65.433, -26.433 ], [ -65.433, -26.399 ], [ -65.466, -26.399 ], [ -65.466, -26.366 ], [ -65.433, -26.366 ], [ -65.433, -26.333 ], [ -65.433, -26.299 ], [ -65.433, -26.266 ], [ -65.466, -26.266 ], [ -65.499, -26.266 ], [ -65.533, -26.266 ], [ -65.533, -26.233 ], [ -65.499, -26.233 ], [ -65.499, -26.199 ], [ -65.533, -26.199 ], [ -65.533, -26.166 ], [ -65.533, -26.133 ], [ -65.533, -26.099 ], [ -65.533, -26.066 ], [ -65.533, -26.033 ], [ -65.499, -26.033 ], [ -65.466, -26.033 ], [ -65.466, -26.066 ], [ -65.433, -26.066 ] ] ], [ [ [ -65.433, -26.066 ], [ -65.433, -26.033 ], [ -65.399, -26.033 ], [ -65.399, -26.066 ], [ -65.433, -26.066 ] ] ], [ [ [ -64.766, -26.133 ], [ -64.799, -26.133 ], [ -64.799, -26.166 ], [ -64.833, -26.166 ], [ -64.833, -26.133 ], [ -64.833, -26.099 ], [ -64.799, -26.099 ], [ -64.799, -26.066 ], [ -64.799, -26.033 ], [ -64.833, -26.033 ], [ -64.833, -25.999 ], [ -64.833, -25.966 ], [ -64.866, -25.966 ], [ -64.866, -25.933 ], [ -64.833, -25.933 ], [ -64.799, -25.933 ], [ -64.799, -25.966 ], [ -64.799, -25.999 ], [ -64.766, -25.999 ], [ -64.766, -26.033 ], [ -64.766, -26.066 ], [ -64.766, -26.099 ], [ -64.766, -26.133 ] ] ], [ [ [ -65.666, -25.699 ], [ -65.699, -25.699 ], [ -65.699, -25.666 ], [ -65.666, -25.666 ], [ -65.666, -25.699 ] ] ], [ [ [ -64.866, -25.933 ], [ -64.899, -25.933 ], [ -64.933, -25.933 ], [ -64.933, -25.966 ], [ -64.966, -25.966 ], [ -64.966, -25.999 ], [ -64.966, -26.033 ], [ -64.966, -26.066 ], [ -64.999, -26.066 ], [ -64.999, -26.099 ], [ -64.966, -26.099 ], [ -64.966, -26.133 ], [ -64.966, -26.166 ], [ -64.966, -26.199 ], [ -64.999, -26.199 ], [ -64.999, -26.166 ], [ -65.033, -26.166 ], [ -65.066, -26.166 ], [ -65.066, -26.199 ], [ -65.099, -26.199 ], [ -65.099, -26.233 ], [ -65.099, -26.266 ], [ -65.099, -26.299 ], [ -65.099, -26.333 ], [ -65.099, -26.366 ], [ -65.099, -26.399 ], [ -65.133, -26.399 ], [ -65.133, -26.366 ], [ -65.133, -26.333 ], [ -65.166, -26.333 ], [ -65.166, -26.299 ], [ -65.166, -26.266 ], [ -65.133, -26.266 ], [ -65.133, -26.233 ], [ -65.133, -26.199 ], [ -65.133, -26.166 ], [ -65.133, -26.133 ], [ -65.133, -26.099 ], [ -65.133, -26.066 ], [ -65.133, -26.033 ], [ -65.099, -26.033 ], [ -65.099, -25.999 ], [ -65.133, -25.999 ], [ -65.166, -25.999 ], [ -65.199, -25.999 ], [ -65.233, -25.999 ], [ -65.233, -26.033 ], [ -65.266, -26.033 ], [ -65.299, -26.033 ], [ -65.299, -26.066 ], [ -65.333, -26.066 ], [ -65.333, -26.033 ], [ -65.333, -25.999 ], [ -65.366, -25.999 ], [ -65.366, -26.033 ], [ -65.399, -26.033 ], [ -65.399, -25.999 ], [ -65.399, -25.966 ], [ -65.366, -25.966 ], [ -65.366, -25.933 ], [ -65.333, -25.933 ], [ -65.299, -25.933 ], [ -65.299, -25.899 ], [ -65.266, -25.899 ], [ -65.266, -25.866 ], [ -65.233, -25.866 ], [ -65.233, -25.833 ], [ -65.233, -25.799 ], [ -65.233, -25.766 ], [ -65.233, -25.733 ], [ -65.199, -25.733 ], [ -65.166, -25.733 ], [ -65.133, -25.733 ], [ -65.133, -25.699 ], [ -65.133, -25.666 ], [ -65.099, -25.666 ], [ -65.099, -25.633 ], [ -65.099, -25.599 ], [ -65.099, -25.566 ], [ -65.099, -25.533 ], [ -65.099, -25.499 ], [ -65.099, -25.466 ], [ -65.066, -25.466 ], [ -65.066, -25.499 ], [ -65.066, -25.533 ], [ -65.066, -25.566 ], [ -65.066, -25.599 ], [ -65.066, -25.633 ], [ -65.066, -25.666 ], [ -65.066, -25.699 ], [ -65.066, -25.733 ], [ -65.099, -25.733 ], [ -65.099, -25.766 ], [ -65.133, -25.766 ], [ -65.133, -25.799 ], [ -65.133, -25.833 ], [ -65.133, -25.866 ], [ -65.133, -25.899 ], [ -65.099, -25.899 ], [ -65.066, -25.899 ], [ -65.033, -25.899 ], [ -64.999, -25.899 ], [ -64.966, -25.899 ], [ -64.933, -25.899 ], [ -64.899, -25.899 ], [ -64.866, -25.899 ], [ -64.866, -25.933 ] ] ], [ [ [ -65.099, -25.433 ], [ -65.133, -25.433 ], [ -65.133, -25.399 ], [ -65.099, -25.399 ], [ -65.066, -25.399 ], [ -65.033, -25.399 ], [ -65.033, -25.433 ], [ -65.066, -25.433 ], [ -65.099, -25.433 ] ] ], [ [ [ -65.266, -25.366 ], [ -65.266, -25.333 ], [ -65.233, -25.333 ], [ -65.233, -25.366 ], [ -65.266, -25.366 ] ] ], [ [ [ -65.266, -25.366 ], [ -65.266, -25.399 ], [ -65.266, -25.433 ], [ -65.266, -25.466 ], [ -65.266, -25.499 ], [ -65.299, -25.499 ], [ -65.299, -25.466 ], [ -65.299, -25.433 ], [ -65.333, -25.433 ], [ -65.333, -25.466 ], [ -65.366, -25.466 ], [ -65.399, -25.466 ], [ -65.399, -25.433 ], [ -65.399, -25.399 ], [ -65.366, -25.399 ], [ -65.366, -25.366 ], [ -65.366, -25.333 ], [ -65.366, -25.299 ], [ -65.333, -25.299 ], [ -65.333, -25.333 ], [ -65.299, -25.333 ], [ -65.299, -25.366 ], [ -65.266, -25.366 ] ] ], [ [ [ -65.233, -25.333 ], [ -65.233, -25.299 ], [ -65.199, -25.299 ], [ -65.199, -25.333 ], [ -65.233, -25.333 ] ] ], [ [ [ -65.199, -25.299 ], [ -65.199, -25.266 ], [ -65.166, -25.266 ], [ -65.166, -25.299 ], [ -65.199, -25.299 ] ] ], [ [ [ -65.099, -25.233 ], [ -65.066, -25.233 ], [ -65.066, -25.266 ], [ -65.066, -25.299 ], [ -65.066, -25.333 ], [ -65.066, -25.366 ], [ -65.099, -25.366 ], [ -65.099, -25.333 ], [ -65.099, -25.299 ], [ -65.099, -25.266 ], [ -65.099, -25.233 ] ] ], [ [ [ -64.833, -25.233 ], [ -64.833, -25.266 ], [ -64.866, -25.266 ], [ -64.866, -25.233 ], [ -64.833, -25.233 ] ] ], [ [ [ -65.333, -25.199 ], [ -65.299, -25.199 ], [ -65.299, -25.233 ], [ -65.299, -25.266 ], [ -65.333, -25.266 ], [ -65.333, -25.233 ], [ -65.333, -25.199 ] ] ], [ [ [ -65.233, -25.233 ], [ -65.266, -25.233 ], [ -65.266, -25.199 ], [ -65.233, -25.199 ], [ -65.233, -25.233 ] ] ], [ [ [ -65.099, -25.233 ], [ -65.133, -25.233 ], [ -65.166, -25.233 ], [ -65.166, -25.199 ], [ -65.133, -25.199 ], [ -65.099, -25.199 ], [ -65.099, -25.233 ] ] ], [ [ [ -64.833, -25.233 ], [ -64.833, -25.199 ], [ -64.799, -25.199 ], [ -64.766, -25.199 ], [ -64.766, -25.233 ], [ -64.799, -25.233 ], [ -64.833, -25.233 ] ] ], [ [ [ -65.333, -25.199 ], [ -65.366, -25.199 ], [ -65.366, -25.166 ], [ -65.333, -25.166 ], [ -65.333, -25.199 ] ] ], [ [ [ -64.766, -25.199 ], [ -64.766, -25.166 ], [ -64.733, -25.166 ], [ -64.733, -25.199 ], [ -64.766, -25.199 ] ] ], [ [ [ -65.233, -25.099 ], [ -65.266, -25.099 ], [ -65.266, -25.066 ], [ -65.233, -25.066 ], [ -65.233, -25.099 ] ] ], [ [ [ -64.866, -25.066 ], [ -64.899, -25.066 ], [ -64.899, -25.033 ], [ -64.899, -24.999 ], [ -64.866, -24.999 ], [ -64.866, -25.033 ], [ -64.866, -25.066 ] ] ], [ [ [ -65.399, -25.466 ], [ -65.399, -25.499 ], [ -65.399, -25.533 ], [ -65.433, -25.533 ], [ -65.433, -25.566 ], [ -65.466, -25.566 ], [ -65.466, -25.599 ], [ -65.499, -25.599 ], [ -65.499, -25.633 ], [ -65.533, -25.633 ], [ -65.533, -25.599 ], [ -65.566, -25.599 ], [ -65.566, -25.633 ], [ -65.599, -25.633 ], [ -65.633, -25.633 ], [ -65.633, -25.599 ], [ -65.633, -25.566 ], [ -65.599, -25.566 ], [ -65.599, -25.533 ], [ -65.633, -25.533 ], [ -65.633, -25.499 ], [ -65.633, -25.466 ], [ -65.666, -25.466 ], [ -65.666, -25.433 ], [ -65.633, -25.433 ], [ -65.599, -25.433 ], [ -65.599, -25.399 ], [ -65.599, -25.366 ], [ -65.599, -25.333 ], [ -65.566, -25.333 ], [ -65.566, -25.299 ], [ -65.566, -25.266 ], [ -65.533, -25.266 ], [ -65.533, -25.233 ], [ -65.533, -25.199 ], [ -65.533, -25.166 ], [ -65.533, -25.133 ], [ -65.566, -25.133 ], [ -65.566, -25.099 ], [ -65.599, -25.099 ], [ -65.633, -25.099 ], [ -65.633, -25.066 ], [ -65.633, -25.033 ], [ -65.633, -24.999 ], [ -65.666, -24.999 ], [ -65.666, -24.966 ], [ -65.666, -24.933 ], [ -65.633, -24.933 ], [ -65.633, -24.899 ], [ -65.633, -24.866 ], [ -65.633, -24.833 ], [ -65.599, -24.833 ], [ -65.566, -24.833 ], [ -65.533, -24.833 ], [ -65.533, -24.866 ], [ -65.533, -24.899 ], [ -65.533, -24.933 ], [ -65.533, -24.966 ], [ -65.566, -24.966 ], [ -65.566, -24.999 ], [ -65.566, -25.033 ], [ -65.566, -25.066 ], [ -65.533, -25.066 ], [ -65.533, -25.099 ], [ -65.499, -25.099 ], [ -65.499, -25.133 ], [ -65.499, -25.166 ], [ -65.499, -25.199 ], [ -65.499, -25.233 ], [ -65.466, -25.233 ], [ -65.466, -25.266 ], [ -65.499, -25.266 ], [ -65.499, -25.299 ], [ -65.499, -25.333 ], [ -65.533, -25.333 ], [ -65.533, -25.366 ], [ -65.533, -25.399 ], [ -65.566, -25.399 ], [ -65.566, -25.433 ], [ -65.566, -25.466 ], [ -65.566, -25.499 ], [ -65.566, -25.533 ], [ -65.533, -25.533 ], [ -65.499, -25.533 ], [ -65.499, -25.499 ], [ -65.466, -25.499 ], [ -65.466, -25.466 ], [ -65.433, -25.466 ], [ -65.399, -25.466 ] ] ], [ [ [ -64.633, -24.866 ], [ -64.666, -24.866 ], [ -64.666, -24.833 ], [ -64.633, -24.833 ], [ -64.633, -24.866 ] ] ], [ [ [ -65.533, -24.766 ], [ -65.533, -24.799 ], [ -65.566, -24.799 ], [ -65.566, -24.766 ], [ -65.533, -24.766 ] ] ], [ [ [ -64.799, -24.833 ], [ -64.833, -24.833 ], [ -64.866, -24.833 ], [ -64.899, -24.833 ], [ -64.899, -24.799 ], [ -64.899, -24.766 ], [ -64.866, -24.766 ], [ -64.866, -24.799 ], [ -64.833, -24.799 ], [ -64.799, -24.799 ], [ -64.799, -24.833 ] ] ], [ [ [ -65.533, -24.766 ], [ -65.533, -24.733 ], [ -65.499, -24.733 ], [ -65.499, -24.766 ], [ -65.533, -24.766 ] ] ], [ [ [ -65.333, -24.733 ], [ -65.333, -24.766 ], [ -65.299, -24.766 ], [ -65.299, -24.799 ], [ -65.266, -24.799 ], [ -65.266, -24.833 ], [ -65.266, -24.866 ], [ -65.266, -24.899 ], [ -65.233, -24.899 ], [ -65.233, -24.933 ], [ -65.266, -24.933 ], [ -65.266, -24.966 ], [ -65.266, -24.999 ], [ -65.299, -24.999 ], [ -65.299, -24.966 ], [ -65.333, -24.966 ], [ -65.333, -24.999 ], [ -65.333, -25.033 ], [ -65.333, -25.066 ], [ -65.299, -25.066 ], [ -65.299, -25.099 ], [ -65.333, -25.099 ], [ -65.333, -25.133 ], [ -65.366, -25.133 ], [ -65.366, -25.099 ], [ -65.366, -25.066 ], [ -65.366, -25.033 ], [ -65.366, -24.999 ], [ -65.366, -24.966 ], [ -65.366, -24.933 ], [ -65.333, -24.933 ], [ -65.333, -24.899 ], [ -65.366, -24.899 ], [ -65.366, -24.866 ], [ -65.366, -24.833 ], [ -65.366, -24.799 ], [ -65.366, -24.766 ], [ -65.399, -24.766 ], [ -65.399, -24.733 ], [ -65.366, -24.733 ], [ -65.333, -24.733 ] ] ], [ [ [ -64.866, -24.766 ], [ -64.866, -24.733 ], [ -64.833, -24.733 ], [ -64.799, -24.733 ], [ -64.799, -24.766 ], [ -64.833, -24.766 ], [ -64.866, -24.766 ] ] ], [ [ [ -64.799, -24.833 ], [ -64.766, -24.833 ], [ -64.766, -24.799 ], [ -64.766, -24.766 ], [ -64.733, -24.766 ], [ -64.733, -24.733 ], [ -64.699, -24.733 ], [ -64.699, -24.766 ], [ -64.666, -24.766 ], [ -64.666, -24.799 ], [ -64.699, -24.799 ], [ -64.733, -24.799 ], [ -64.733, -24.833 ], [ -64.699, -24.833 ], [ -64.699, -24.866 ], [ -64.699, -24.899 ], [ -64.666, -24.899 ], [ -64.666, -24.933 ], [ -64.666, -24.966 ], [ -64.666, -24.999 ], [ -64.699, -24.999 ], [ -64.699, -25.033 ], [ -64.733, -25.033 ], [ -64.733, -25.066 ], [ -64.766, -25.066 ], [ -64.766, -25.033 ], [ -64.766, -24.999 ], [ -64.733, -24.999 ], [ -64.733, -24.966 ], [ -64.733, -24.933 ], [ -64.733, -24.899 ], [ -64.766, -24.899 ], [ -64.766, -24.933 ], [ -64.799, -24.933 ], [ -64.799, -24.899 ], [ -64.799, -24.866 ], [ -64.799, -24.833 ] ] ], [ [ [ -64.799, -24.733 ], [ -64.799, -24.699 ], [ -64.766, -24.699 ], [ -64.766, -24.733 ], [ -64.799, -24.733 ] ] ], [ [ [ -64.766, -24.699 ], [ -64.766, -24.666 ], [ -64.733, -24.666 ], [ -64.699, -24.666 ], [ -64.699, -24.699 ], [ -64.733, -24.699 ], [ -64.766, -24.699 ] ] ], [ [ [ -64.699, -24.666 ], [ -64.699, -24.633 ], [ -64.666, -24.633 ], [ -64.666, -24.599 ], [ -64.633, -24.599 ], [ -64.633, -24.633 ], [ -64.599, -24.633 ], [ -64.599, -24.666 ], [ -64.633, -24.666 ], [ -64.666, -24.666 ], [ -64.699, -24.666 ] ] ], [ [ [ -64.566, -24.599 ], [ -64.599, -24.599 ], [ -64.599, -24.566 ], [ -64.599, -24.533 ], [ -64.599, -24.499 ], [ -64.566, -24.499 ], [ -64.566, -24.533 ], [ -64.566, -24.566 ], [ -64.566, -24.599 ] ] ], [ [ [ -64.566, -24.599 ], [ -64.533, -24.599 ], [ -64.533, -24.566 ], [ -64.499, -24.566 ], [ -64.499, -24.533 ], [ -64.499, -24.499 ], [ -64.466, -24.499 ], [ -64.433, -24.499 ], [ -64.433, -24.533 ], [ -64.466, -24.533 ], [ -64.466, -24.566 ], [ -64.466, -24.599 ], [ -64.499, -24.599 ], [ -64.499, -24.633 ], [ -64.533, -24.633 ], [ -64.566, -24.633 ], [ -64.566, -24.599 ] ] ], [ [ [ -64.433, -24.499 ], [ -64.433, -24.466 ], [ -64.399, -24.466 ], [ -64.399, -24.499 ], [ -64.433, -24.499 ] ] ], [ [ [ -64.399, -24.466 ], [ -64.399, -24.433 ], [ -64.366, -24.433 ], [ -64.366, -24.466 ], [ -64.399, -24.466 ] ] ], [ [ [ -64.533, -24.399 ], [ -64.533, -24.433 ], [ -64.533, -24.466 ], [ -64.566, -24.466 ], [ -64.566, -24.433 ], [ -64.566, -24.399 ], [ -64.533, -24.399 ] ] ], [ [ [ -64.533, -24.399 ], [ -64.533, -24.366 ], [ -64.499, -24.366 ], [ -64.499, -24.333 ], [ -64.466, -24.333 ], [ -64.466, -24.366 ], [ -64.433, -24.366 ], [ -64.433, -24.399 ], [ -64.466, -24.399 ], [ -64.466, -24.433 ], [ -64.499, -24.433 ], [ -64.499, -24.399 ], [ -64.533, -24.399 ] ] ], [ [ [ -64.333, -24.399 ], [ -64.366, -24.399 ], [ -64.366, -24.366 ], [ -64.366, -24.333 ], [ -64.366, -24.299 ], [ -64.333, -24.299 ], [ -64.333, -24.333 ], [ -64.333, -24.366 ], [ -64.333, -24.399 ] ] ], [ [ [ -64.499, -24.299 ], [ -64.533, -24.299 ], [ -64.533, -24.266 ], [ -64.499, -24.266 ], [ -64.499, -24.299 ] ] ], [ [ [ -65.099, -24.233 ], [ -65.133, -24.233 ], [ -65.133, -24.199 ], [ -65.099, -24.199 ], [ -65.099, -24.233 ] ] ], [ [ [ -64.466, -24.333 ], [ -64.466, -24.299 ], [ -64.466, -24.266 ], [ -64.466, -24.233 ], [ -64.433, -24.233 ], [ -64.433, -24.199 ], [ -64.399, -24.199 ], [ -64.366, -24.199 ], [ -64.366, -24.233 ], [ -64.366, -24.266 ], [ -64.399, -24.266 ], [ -64.399, -24.299 ], [ -64.399, -24.333 ], [ -64.433, -24.333 ], [ -64.466, -24.333 ] ] ], [ [ [ -65.099, -24.233 ], [ -65.066, -24.233 ], [ -65.066, -24.199 ], [ -65.066, -24.166 ], [ -65.066, -24.133 ], [ -65.099, -24.133 ], [ -65.133, -24.133 ], [ -65.133, -24.099 ], [ -65.099, -24.099 ], [ -65.066, -24.099 ], [ -65.033, -24.099 ], [ -65.033, -24.133 ], [ -65.033, -24.166 ], [ -65.033, -24.199 ], [ -65.033, -24.233 ], [ -65.033, -24.266 ], [ -65.066, -24.266 ], [ -65.099, -24.266 ], [ -65.099, -24.233 ] ] ], [ [ [ -64.499, -24.133 ], [ -64.533, -24.133 ], [ -64.533, -24.099 ], [ -64.499, -24.099 ], [ -64.499, -24.133 ] ] ], [ [ [ -64.333, -24.166 ], [ -64.366, -24.166 ], [ -64.366, -24.133 ], [ -64.333, -24.133 ], [ -64.333, -24.099 ], [ -64.333, -24.066 ], [ -64.299, -24.066 ], [ -64.299, -24.099 ], [ -64.299, -24.133 ], [ -64.299, -24.166 ], [ -64.333, -24.166 ] ] ], [ [ [ -65.499, -24.733 ], [ -65.499, -24.699 ], [ -65.499, -24.666 ], [ -65.499, -24.633 ], [ -65.499, -24.599 ], [ -65.466, -24.599 ], [ -65.433, -24.599 ], [ -65.433, -24.566 ], [ -65.433, -24.533 ], [ -65.433, -24.499 ], [ -65.399, -24.499 ], [ -65.399, -24.466 ], [ -65.399, -24.433 ], [ -65.399, -24.399 ], [ -65.399, -24.366 ], [ -65.399, -24.333 ], [ -65.399, -24.299 ], [ -65.399, -24.266 ], [ -65.399, -24.233 ], [ -65.433, -24.233 ], [ -65.433, -24.199 ], [ -65.466, -24.199 ], [ -65.466, -24.166 ], [ -65.433, -24.166 ], [ -65.433, -24.133 ], [ -65.433, -24.099 ], [ -65.433, -24.066 ], [ -65.399, -24.066 ], [ -65.399, -24.099 ], [ -65.366, -24.099 ], [ -65.366, -24.133 ], [ -65.333, -24.133 ], [ -65.333, -24.099 ], [ -65.333, -24.066 ], [ -65.333, -24.033 ], [ -65.299, -24.033 ], [ -65.266, -24.033 ], [ -65.233, -24.033 ], [ -65.233, -24.066 ], [ -65.233, -24.099 ], [ -65.199, -24.099 ], [ -65.199, -24.133 ], [ -65.199, -24.166 ], [ -65.233, -24.166 ], [ -65.266, -24.166 ], [ -65.299, -24.166 ], [ -65.333, -24.166 ], [ -65.333, -24.199 ], [ -65.299, -24.199 ], [ -65.299, -24.233 ], [ -65.299, -24.266 ], [ -65.299, -24.299 ], [ -65.299, -24.333 ], [ -65.333, -24.333 ], [ -65.333, -24.366 ], [ -65.333, -24.399 ], [ -65.333, -24.433 ], [ -65.299, -24.433 ], [ -65.299, -24.466 ], [ -65.299, -24.499 ], [ -65.299, -24.533 ], [ -65.299, -24.566 ], [ -65.299, -24.599 ], [ -65.299, -24.633 ], [ -65.299, -24.666 ], [ -65.333, -24.666 ], [ -65.366, -24.666 ], [ -65.399, -24.666 ], [ -65.433, -24.666 ], [ -65.433, -24.699 ], [ -65.466, -24.699 ], [ -65.466, -24.733 ], [ -65.499, -24.733 ] ], [ [ -65.266, -24.133 ], [ -65.266, -24.099 ], [ -65.299, -24.099 ], [ -65.299, -24.133 ], [ -65.266, -24.133 ] ] ], [ [ [ -65.133, -24.066 ], [ -65.166, -24.066 ], [ -65.166, -24.033 ], [ -65.166, -23.999 ], [ -65.133, -23.999 ], [ -65.133, -24.033 ], [ -65.133, -24.066 ] ] ], [ [ [ -64.466, -24.066 ], [ -64.499, -24.066 ], [ -64.499, -24.033 ], [ -64.499, -23.999 ], [ -64.466, -23.999 ], [ -64.466, -24.033 ], [ -64.466, -24.066 ] ] ], [ [ [ -64.399, -24.099 ], [ -64.433, -24.099 ], [ -64.433, -24.066 ], [ -64.433, -24.033 ], [ -64.433, -23.999 ], [ -64.399, -23.999 ], [ -64.399, -24.033 ], [ -64.399, -24.066 ], [ -64.399, -24.099 ] ] ], [ [ [ -65.199, -23.966 ], [ -65.199, -23.999 ], [ -65.233, -23.999 ], [ -65.266, -23.999 ], [ -65.299, -23.999 ], [ -65.333, -23.999 ], [ -65.333, -23.966 ], [ -65.299, -23.966 ], [ -65.266, -23.966 ], [ -65.266, -23.933 ], [ -65.233, -23.933 ], [ -65.233, -23.966 ], [ -65.199, -23.966 ] ] ], [ [ [ -65.199, -23.966 ], [ -65.199, -23.933 ], [ -65.166, -23.933 ], [ -65.166, -23.966 ], [ -65.199, -23.966 ] ] ], [ [ [ -64.433, -23.966 ], [ -64.466, -23.966 ], [ -64.466, -23.933 ], [ -64.433, -23.933 ], [ -64.433, -23.966 ] ] ], [ [ [ -65.199, -23.933 ], [ -65.233, -23.933 ], [ -65.233, -23.899 ], [ -65.233, -23.866 ], [ -65.199, -23.866 ], [ -65.199, -23.899 ], [ -65.199, -23.933 ] ] ], [ [ [ -65.166, -23.799 ], [ -65.166, -23.833 ], [ -65.199, -23.833 ], [ -65.199, -23.799 ], [ -65.166, -23.799 ] ] ], [ [ [ -64.966, -23.833 ], [ -64.999, -23.833 ], [ -64.999, -23.799 ], [ -64.966, -23.799 ], [ -64.966, -23.833 ] ] ], [ [ [ -65.166, -23.799 ], [ -65.166, -23.766 ], [ -65.166, -23.733 ], [ -65.133, -23.733 ], [ -65.133, -23.766 ], [ -65.133, -23.799 ], [ -65.166, -23.799 ] ] ], [ [ [ -65.033, -23.766 ], [ -65.066, -23.766 ], [ -65.066, -23.733 ], [ -65.033, -23.733 ], [ -65.033, -23.766 ] ] ], [ [ [ -65.033, -23.666 ], [ -64.999, -23.666 ], [ -64.966, -23.666 ], [ -64.966, -23.699 ], [ -64.999, -23.699 ], [ -65.033, -23.699 ], [ -65.033, -23.666 ] ] ], [ [ [ -64.866, -23.666 ], [ -64.866, -23.699 ], [ -64.899, -23.699 ], [ -64.933, -23.699 ], [ -64.933, -23.666 ], [ -64.899, -23.666 ], [ -64.866, -23.666 ] ] ], [ [ [ -64.866, -23.666 ], [ -64.866, -23.633 ], [ -64.833, -23.633 ], [ -64.799, -23.633 ], [ -64.799, -23.666 ], [ -64.833, -23.666 ], [ -64.866, -23.666 ] ] ], [ [ [ -64.733, -23.599 ], [ -64.733, -23.633 ], [ -64.766, -23.633 ], [ -64.766, -23.599 ], [ -64.733, -23.599 ] ] ], [ [ [ -65.033, -23.666 ], [ -65.066, -23.666 ], [ -65.099, -23.666 ], [ -65.099, -23.699 ], [ -65.133, -23.699 ], [ -65.133, -23.666 ], [ -65.133, -23.633 ], [ -65.099, -23.633 ], [ -65.066, -23.633 ], [ -65.066, -23.599 ], [ -65.066, -23.566 ], [ -65.033, -23.566 ], [ -64.999, -23.566 ], [ -64.999, -23.533 ], [ -64.966, -23.533 ], [ -64.966, -23.566 ], [ -64.966, -23.599 ], [ -64.933, -23.599 ], [ -64.933, -23.633 ], [ -64.966, -23.633 ], [ -64.999, -23.633 ], [ -65.033, -23.633 ], [ -65.033, -23.666 ] ] ], [ [ [ -64.966, -23.533 ], [ -64.966, -23.499 ], [ -64.933, -23.499 ], [ -64.933, -23.533 ], [ -64.966, -23.533 ] ] ], [ [ [ -64.733, -23.599 ], [ -64.733, -23.566 ], [ -64.733, -23.533 ], [ -64.733, -23.499 ], [ -64.733, -23.466 ], [ -64.699, -23.466 ], [ -64.699, -23.499 ], [ -64.699, -23.533 ], [ -64.699, -23.566 ], [ -64.699, -23.599 ], [ -64.733, -23.599 ] ] ], [ [ [ -64.766, -23.333 ], [ -64.766, -23.366 ], [ -64.766, -23.399 ], [ -64.766, -23.433 ], [ -64.799, -23.433 ], [ -64.799, -23.399 ], [ -64.799, -23.366 ], [ -64.799, -23.333 ], [ -64.766, -23.333 ] ] ], [ [ [ -64.766, -23.333 ], [ -64.766, -23.299 ], [ -64.799, -23.299 ], [ -64.799, -23.266 ], [ -64.766, -23.266 ], [ -64.766, -23.233 ], [ -64.733, -23.233 ], [ -64.733, -23.266 ], [ -64.733, -23.299 ], [ -64.733, -23.333 ], [ -64.766, -23.333 ] ] ], [ [ [ -64.766, -23.233 ], [ -64.799, -23.233 ], [ -64.799, -23.199 ], [ -64.766, -23.199 ], [ -64.766, -23.233 ] ] ], [ [ [ -64.766, -23.133 ], [ -64.799, -23.133 ], [ -64.799, -23.099 ], [ -64.799, -23.066 ], [ -64.799, -23.033 ], [ -64.799, -22.999 ], [ -64.766, -22.999 ], [ -64.766, -23.033 ], [ -64.766, -23.066 ], [ -64.766, -23.099 ], [ -64.766, -23.133 ] ] ], [ [ [ -64.833, -22.799 ], [ -64.833, -22.833 ], [ -64.833, -22.866 ], [ -64.799, -22.866 ], [ -64.799, -22.899 ], [ -64.833, -22.899 ], [ -64.833, -22.933 ], [ -64.833, -22.966 ], [ -64.833, -22.999 ], [ -64.866, -22.999 ], [ -64.866, -22.966 ], [ -64.899, -22.966 ], [ -64.933, -22.966 ], [ -64.933, -22.933 ], [ -64.899, -22.933 ], [ -64.899, -22.899 ], [ -64.866, -22.899 ], [ -64.866, -22.866 ], [ -64.899, -22.866 ], [ -64.933, -22.866 ], [ -64.966, -22.866 ], [ -64.966, -22.833 ], [ -64.933, -22.833 ], [ -64.933, -22.799 ], [ -64.899, -22.799 ], [ -64.866, -22.799 ], [ -64.833, -22.799 ] ] ], [ [ [ -64.833, -22.799 ], [ -64.833, -22.766 ], [ -64.866, -22.766 ], [ -64.866, -22.733 ], [ -64.833, -22.733 ], [ -64.799, -22.733 ], [ -64.799, -22.766 ], [ -64.766, -22.766 ], [ -64.766, -22.799 ], [ -64.799, -22.799 ], [ -64.833, -22.799 ] ] ], [ [ [ -64.833, -22.633 ], [ -64.799, -22.633 ], [ -64.799, -22.666 ], [ -64.799, -22.699 ], [ -64.833, -22.699 ], [ -64.866, -22.699 ], [ -64.899, -22.699 ], [ -64.899, -22.733 ], [ -64.933, -22.733 ], [ -64.933, -22.699 ], [ -64.933, -22.666 ], [ -64.899, -22.666 ], [ -64.866, -22.666 ], [ -64.833, -22.666 ], [ -64.833, -22.633 ] ] ], [ [ [ -64.833, -22.633 ], [ -64.866, -22.633 ], [ -64.866, -22.599 ], [ -64.866, -22.566 ], [ -64.866, -22.533 ], [ -64.833, -22.533 ], [ -64.799, -22.533 ], [ -64.799, -22.499 ], [ -64.766, -22.499 ], [ -64.766, -22.533 ], [ -64.766, -22.566 ], [ -64.799, -22.566 ], [ -64.833, -22.566 ], [ -64.833, -22.599 ], [ -64.833, -22.633 ] ] ], [ [ [ -64.766, -22.499 ], [ -64.766, -22.466 ], [ -64.766, -22.433 ], [ -64.733, -22.433 ], [ -64.733, -22.466 ], [ -64.733, -22.499 ], [ -64.766, -22.499 ] ] ], [ [ [ -64.666, -22.333 ], [ -64.666, -22.366 ], [ -64.666, -22.399 ], [ -64.699, -22.399 ], [ -64.699, -22.366 ], [ -64.699, -22.333 ], [ -64.733, -22.333 ], [ -64.733, -22.299 ], [ -64.699, -22.299 ], [ -64.666, -22.299 ], [ -64.666, -22.333 ] ] ], [ [ [ -64.793, -22.161 ], [ -64.793, -22.162 ], [ -64.793, -22.162 ], [ -64.793, -22.162 ], [ -64.794, -22.162 ], [ -64.794, -22.162 ], [ -64.794, -22.163 ], [ -64.794, -22.163 ], [ -64.794, -22.163 ], [ -64.793, -22.163 ], [ -64.793, -22.163 ], [ -64.793, -22.164 ], [ -64.793, -22.164 ], [ -64.792, -22.164 ], [ -64.792, -22.164 ], [ -64.791, -22.164 ], [ -64.791, -22.164 ], [ -64.791, -22.164 ], [ -64.791, -22.164 ], [ -64.790, -22.164 ], [ -64.790, -22.164 ], [ -64.790, -22.165 ], [ -64.790, -22.165 ], [ -64.789, -22.165 ], [ -64.789, -22.165 ], [ -64.789, -22.166 ], [ -64.789, -22.166 ], [ -64.788, -22.166 ], [ -64.788, -22.166 ], [ -64.788, -22.166 ], [ -64.788, -22.165 ], [ -64.788, -22.165 ], [ -64.787, -22.165 ], [ -64.787, -22.166 ], [ -64.787, -22.166 ], [ -64.786, -22.166 ], [ -64.786, -22.166 ], [ -64.786, -22.166 ], [ -64.786, -22.167 ], [ -64.786, -22.167 ], [ -64.786, -22.167 ], [ -64.786, -22.168 ], [ -64.786, -22.168 ], [ -64.786, -22.169 ], [ -64.786, -22.169 ], [ -64.785, -22.169 ], [ -64.785, -22.170 ], [ -64.785, -22.170 ], [ -64.784, -22.170 ], [ -64.784, -22.170 ], [ -64.784, -22.170 ], [ -64.784, -22.171 ], [ -64.784, -22.171 ], [ -64.784, -22.171 ], [ -64.784, -22.172 ], [ -64.784, -22.172 ], [ -64.783, -22.172 ], [ -64.783, -22.173 ], [ -64.783, -22.173 ], [ -64.782, -22.173 ], [ -64.782, -22.173 ], [ -64.782, -22.174 ], [ -64.782, -22.174 ], [ -64.781, -22.174 ], [ -64.781, -22.175 ], [ -64.781, -22.175 ], [ -64.780, -22.175 ], [ -64.780, -22.175 ], [ -64.779, -22.175 ], [ -64.779, -22.175 ], [ -64.779, -22.176 ], [ -64.779, -22.176 ], [ -64.779, -22.176 ], [ -64.778, -22.177 ], [ -64.777, -22.177 ], [ -64.777, -22.177 ], [ -64.777, -22.177 ], [ -64.777, -22.176 ], [ -64.777, -22.176 ], [ -64.776, -22.176 ], [ -64.776, -22.176 ], [ -64.776, -22.176 ], [ -64.775, -22.176 ], [ -64.775, -22.176 ], [ -64.775, -22.177 ], [ -64.774, -22.177 ], [ -64.774, -22.177 ], [ -64.774, -22.177 ], [ -64.773, -22.177 ], [ -64.773, -22.177 ], [ -64.773, -22.177 ], [ -64.772, -22.177 ], [ -64.772, -22.177 ], [ -64.771, -22.177 ], [ -64.771, -22.177 ], [ -64.770, -22.177 ], [ -64.770, -22.177 ], [ -64.769, -22.177 ], [ -64.769, -22.177 ], [ -64.769, -22.177 ], [ -64.769, -22.178 ], [ -64.768, -22.178 ], [ -64.768, -22.178 ], [ -64.768, -22.178 ], [ -64.767, -22.178 ], [ -64.767, -22.178 ], [ -64.767, -22.178 ], [ -64.766, -22.178 ], [ -64.766, -22.178 ], [ -64.766, -22.178 ], [ -64.765, -22.178 ], [ -64.765, -22.177 ], [ -64.765, -22.177 ], [ -64.764, -22.177 ], [ -64.764, -22.177 ], [ -64.764, -22.177 ], [ -64.763, -22.177 ], [ -64.763, -22.177 ], [ -64.763, -22.177 ], [ -64.762, -22.177 ], [ -64.762, -22.177 ], [ -64.761, -22.178 ], [ -64.761, -22.178 ], [ -64.761, -22.179 ], [ -64.761, -22.179 ], [ -64.760, -22.179 ], [ -64.760, -22.179 ], [ -64.760, -22.180 ], [ -64.760, -22.180 ], [ -64.759, -22.180 ], [ -64.759, -22.179 ], [ -64.758, -22.179 ], [ -64.758, -22.180 ], [ -64.758, -22.180 ], [ -64.757, -22.180 ], [ -64.757, -22.180 ], [ -64.756, -22.180 ], [ -64.756, -22.180 ], [ -64.756, -22.179 ], [ -64.756, -22.179 ], [ -64.756, -22.179 ], [ -64.755, -22.179 ], [ -64.755, -22.179 ], [ -64.755, -22.179 ], [ -64.754, -22.179 ], [ -64.754, -22.179 ], [ -64.754, -22.179 ], [ -64.754, -22.178 ], [ -64.753, -22.178 ], [ -64.753, -22.178 ], [ -64.752, -22.178 ], [ -64.752, -22.179 ], [ -64.752, -22.179 ], [ -64.752, -22.179 ], [ -64.751, -22.179 ], [ -64.751, -22.179 ], [ -64.750, -22.180 ], [ -64.750, -22.180 ], [ -64.750, -22.180 ], [ -64.749, -22.180 ], [ -64.749, -22.180 ], [ -64.749, -22.181 ], [ -64.748, -22.181 ], [ -64.748, -22.181 ], [ -64.748, -22.181 ], [ -64.747, -22.181 ], [ -64.747, -22.182 ], [ -64.747, -22.182 ], [ -64.746, -22.182 ], [ -64.746, -22.182 ], [ -64.745, -22.182 ], [ -64.745, -22.183 ], [ -64.745, -22.183 ], [ -64.745, -22.183 ], [ -64.745, -22.184 ], [ -64.745, -22.184 ], [ -64.744, -22.184 ], [ -64.744, -22.185 ], [ -64.744, -22.185 ], [ -64.744, -22.185 ], [ -64.745, -22.186 ], [ -64.745, -22.186 ], [ -64.745, -22.186 ], [ -64.746, -22.186 ], [ -64.746, -22.186 ], [ -64.746, -22.187 ], [ -64.745, -22.187 ], [ -64.745, -22.187 ], [ -64.745, -22.187 ], [ -64.745, -22.188 ], [ -64.745, -22.188 ], [ -64.744, -22.188 ], [ -64.744, -22.189 ], [ -64.744, -22.189 ], [ -64.744, -22.189 ], [ -64.743, -22.190 ], [ -64.742, -22.190 ], [ -64.742, -22.190 ], [ -64.741, -22.190 ], [ -64.741, -22.190 ], [ -64.740, -22.191 ], [ -64.740, -22.191 ], [ -64.739, -22.191 ], [ -64.739, -22.192 ], [ -64.738, -22.192 ], [ -64.737, -22.192 ], [ -64.737, -22.193 ], [ -64.737, -22.193 ], [ -64.736, -22.193 ], [ -64.736, -22.193 ], [ -64.735, -22.193 ], [ -64.735, -22.193 ], [ -64.735, -22.193 ], [ -64.734, -22.193 ], [ -64.734, -22.193 ], [ -64.733, -22.193 ], [ -64.733, -22.193 ], [ -64.732, -22.194 ], [ -64.732, -22.194 ], [ -64.732, -22.194 ], [ -64.731, -22.194 ], [ -64.731, -22.194 ], [ -64.730, -22.194 ], [ -64.730, -22.194 ], [ -64.729, -22.194 ], [ -64.729, -22.193 ], [ -64.728, -22.194 ], [ -64.728, -22.194 ], [ -64.727, -22.194 ], [ -64.733, -22.199 ], [ -64.766, -22.199 ], [ -64.799, -22.199 ], [ -64.799, -22.166 ], [ -64.795, -22.161 ], [ -64.794, -22.161 ], [ -64.794, -22.161 ], [ -64.794, -22.161 ], [ -64.794, -22.161 ], [ -64.793, -22.160 ], [ -64.793, -22.161 ], [ -64.793, -22.161 ], [ -64.792, -22.161 ], [ -64.793, -22.161 ] ] ] ] } }
]
}
