{
"type": "FeatureCollection",
                                                                                                                                  
"features": [
{ "type": "Feature", "properties": { "pm_icon": "AR_8a", "hzs": "8a" }, "geometry": { "type": "MultiPolygon", "coordinates": [ [ [ [ -66.333, -54.966 ], [ -66.333, -55.033 ], [ -66.366, -54.999 ], [ -66.366, -54.966 ], [ -66.366, -54.933 ], [ -66.333, -54.933 ], [ -66.333, -54.966 ] ] ], [ [ [ -68.566, -54.799 ], [ -68.533, -54.799 ], [ -68.533, -54.833 ], [ -68.566, -54.833 ], [ -68.566, -54.799 ] ] ], [ [ [ -68.299, -54.733 ], [ -68.266, -54.733 ], [ -68.266, -54.766 ], [ -68.299, -54.766 ], [ -68.299, -54.733 ] ] ], [ [ [ -65.566, -54.733 ], [ -65.566, -54.766 ], [ -65.533, -54.766 ], [ -65.533, -54.799 ], [ -65.566, -54.799 ], [ -65.566, -54.833 ], [ -65.566, -54.866 ], [ -65.599, -54.866 ], [ -65.599, -54.899 ], [ -65.599, -54.933 ], [ -65.633, -54.933 ], [ -65.666, -54.933 ], [ -65.699, -54.933 ], [ -65.699, -54.899 ], [ -65.733, -54.899 ], [ -65.733, -54.866 ], [ -65.766, -54.866 ], [ -65.799, -54.866 ], [ -65.799, -54.833 ], [ -65.833, -54.833 ], [ -65.866, -54.833 ], [ -65.899, -54.833 ], [ -65.933, -54.833 ], [ -65.966, -54.833 ], [ -65.966, -54.799 ], [ -65.966, -54.766 ], [ -65.933, -54.766 ], [ -65.899, -54.766 ], [ -65.899, -54.799 ], [ -65.866, -54.799 ], [ -65.866, -54.766 ], [ -65.833, -54.766 ], [ -65.833, -54.733 ], [ -65.799, -54.733 ], [ -65.766, -54.733 ], [ -65.766, -54.766 ], [ -65.733, -54.766 ], [ -65.733, -54.733 ], [ -65.699, -54.733 ], [ -65.666, -54.733 ], [ -65.633, -54.733 ], [ -65.599, -54.733 ], [ -65.566, -54.733 ] ] ], [ [ [ -65.333, -54.699 ], [ -65.333, -54.733 ], [ -65.299, -54.733 ], [ -65.299, -54.766 ], [ -65.333, -54.766 ], [ -65.333, -54.799 ], [ -65.366, -54.799 ], [ -65.366, -54.833 ], [ -65.399, -54.833 ], [ -65.399, -54.799 ], [ -65.399, -54.766 ], [ -65.399, -54.733 ], [ -65.366, -54.733 ], [ -65.366, -54.699 ], [ -65.333, -54.699 ] ] ], [ [ [ -66.966, -54.599 ], [ -66.999, -54.599 ], [ -66.999, -54.566 ], [ -66.966, -54.566 ], [ -66.966, -54.599 ] ] ], [ [ [ -66.866, -54.533 ], [ -66.866, -54.566 ], [ -66.899, -54.566 ], [ -66.899, -54.533 ], [ -66.866, -54.533 ] ] ], [ [ [ -68.566, -54.333 ], [ -68.602, -54.333 ], [ -68.602, -54.252 ], [ -68.602, -54.233 ], [ -68.566, -54.233 ], [ -68.566, -54.266 ], [ -68.566, -54.299 ], [ -68.566, -54.333 ] ] ], [ [ [ -68.299, -54.733 ], [ -68.333, -54.733 ], [ -68.333, -54.699 ], [ -68.366, -54.699 ], [ -68.366, -54.666 ], [ -68.399, -54.666 ], [ -68.399, -54.699 ], [ -68.399, -54.733 ], [ -68.399, -54.766 ], [ -68.399, -54.799 ], [ -68.433, -54.799 ], [ -68.466, -54.799 ], [ -68.499, -54.799 ], [ -68.533, -54.799 ], [ -68.533, -54.766 ], [ -68.499, -54.766 ], [ -68.466, -54.766 ], [ -68.466, -54.733 ], [ -68.466, -54.699 ], [ -68.499, -54.699 ], [ -68.533, -54.699 ], [ -68.533, -54.733 ], [ -68.533, -54.766 ], [ -68.566, -54.766 ], [ -68.566, -54.799 ], [ -68.600, -54.799 ], [ -68.601, -54.636 ], [ -68.601, -54.599 ], [ -68.566, -54.599 ], [ -68.566, -54.633 ], [ -68.533, -54.633 ], [ -68.533, -54.666 ], [ -68.499, -54.666 ], [ -68.499, -54.633 ], [ -68.466, -54.633 ], [ -68.433, -54.633 ], [ -68.399, -54.633 ], [ -68.366, -54.633 ], [ -68.333, -54.633 ], [ -68.299, -54.633 ], [ -68.266, -54.633 ], [ -68.233, -54.633 ], [ -68.199, -54.633 ], [ -68.166, -54.633 ], [ -68.133, -54.633 ], [ -68.133, -54.666 ], [ -68.166, -54.666 ], [ -68.166, -54.699 ], [ -68.133, -54.699 ], [ -68.133, -54.733 ], [ -68.099, -54.733 ], [ -68.066, -54.733 ], [ -68.066, -54.699 ], [ -68.066, -54.666 ], [ -68.033, -54.666 ], [ -68.033, -54.633 ], [ -67.999, -54.633 ], [ -67.999, -54.666 ], [ -67.966, -54.666 ], [ -67.966, -54.633 ], [ -67.933, -54.633 ], [ -67.899, -54.633 ], [ -67.866, -54.633 ], [ -67.833, -54.633 ], [ -67.833, -54.666 ], [ -67.799, -54.666 ], [ -67.766, -54.666 ], [ -67.733, -54.666 ], [ -67.699, -54.666 ], [ -67.666, -54.666 ], [ -67.633, -54.666 ], [ -67.599, -54.666 ], [ -67.566, -54.666 ], [ -67.566, -54.633 ], [ -67.533, -54.633 ], [ -67.499, -54.633 ], [ -67.466, -54.633 ], [ -67.433, -54.633 ], [ -67.433, -54.599 ], [ -67.399, -54.599 ], [ -67.366, -54.599 ], [ -67.333, -54.599 ], [ -67.299, -54.599 ], [ -67.299, -54.566 ], [ -67.299, -54.533 ], [ -67.333, -54.533 ], [ -67.366, -54.533 ], [ -67.399, -54.533 ], [ -67.433, -54.533 ], [ -67.466, -54.533 ], [ -67.499, -54.533 ], [ -67.533, -54.533 ], [ -67.566, -54.533 ], [ -67.599, -54.533 ], [ -67.633, -54.533 ], [ -67.666, -54.533 ], [ -67.699, -54.533 ], [ -67.699, -54.499 ], [ -67.666, -54.499 ], [ -67.633, -54.499 ], [ -67.599, -54.499 ], [ -67.566, -54.499 ], [ -67.566, -54.466 ], [ -67.533, -54.466 ], [ -67.499, -54.466 ], [ -67.499, -54.433 ], [ -67.533, -54.433 ], [ -67.566, -54.433 ], [ -67.599, -54.433 ], [ -67.633, -54.433 ], [ -67.633, -54.466 ], [ -67.666, -54.466 ], [ -67.699, -54.466 ], [ -67.699, -54.499 ], [ -67.733, -54.499 ], [ -67.733, -54.466 ], [ -67.766, -54.466 ], [ -67.799, -54.466 ], [ -67.833, -54.466 ], [ -67.833, -54.433 ], [ -67.866, -54.433 ], [ -67.899, -54.433 ], [ -67.899, -54.399 ], [ -67.899, -54.366 ], [ -67.933, -54.366 ], [ -67.933, -54.333 ], [ -67.966, -54.333 ], [ -67.999, -54.333 ], [ -68.033, -54.333 ], [ -68.033, -54.299 ], [ -68.066, -54.299 ], [ -68.099, -54.299 ], [ -68.099, -54.266 ], [ -68.133, -54.266 ], [ -68.166, -54.266 ], [ -68.166, -54.233 ], [ -68.199, -54.233 ], [ -68.199, -54.199 ], [ -68.199, -54.166 ], [ -68.233, -54.166 ], [ -68.266, -54.166 ], [ -68.266, -54.199 ], [ -68.299, -54.199 ], [ -68.299, -54.233 ], [ -68.333, -54.233 ], [ -68.333, -54.266 ], [ -68.333, -54.299 ], [ -68.299, -54.299 ], [ -68.299, -54.333 ], [ -68.266, -54.333 ], [ -68.266, -54.366 ], [ -68.266, -54.399 ], [ -68.233, -54.399 ], [ -68.233, -54.433 ], [ -68.199, -54.433 ], [ -68.199, -54.399 ], [ -68.166, -54.399 ], [ -68.133, -54.399 ], [ -68.099, -54.399 ], [ -68.066, -54.399 ], [ -68.033, -54.399 ], [ -67.999, -54.399 ], [ -67.999, -54.433 ], [ -67.966, -54.433 ], [ -67.933, -54.433 ], [ -67.899, -54.433 ], [ -67.899, -54.466 ], [ -67.866, -54.466 ], [ -67.866, -54.499 ], [ -67.866, -54.533 ], [ -67.899, -54.533 ], [ -67.933, -54.533 ], [ -67.933, -54.499 ], [ -67.966, -54.499 ], [ -67.999, -54.499 ], [ -67.999, -54.533 ], [ -68.033, -54.533 ], [ -68.066, -54.533 ], [ -68.066, -54.499 ], [ -68.099, -54.499 ], [ -68.099, -54.533 ], [ -68.133, -54.533 ], [ -68.133, -54.499 ], [ -68.166, -54.499 ], [ -68.199, -54.499 ], [ -68.233, -54.499 ], [ -68.266, -54.499 ], [ -68.299, -54.499 ], [ -68.299, -54.533 ], [ -68.333, -54.533 ], [ -68.333, -54.499 ], [ -68.366, -54.499 ], [ -68.399, -54.499 ], [ -68.433, -54.499 ], [ -68.466, -54.499 ], [ -68.499, -54.499 ], [ -68.533, -54.499 ], [ -68.566, -54.499 ], [ -68.601, -54.499 ], [ -68.601, -54.426 ], [ -68.601, -54.399 ], [ -68.566, -54.399 ], [ -68.533, -54.399 ], [ -68.533, -54.366 ], [ -68.499, -54.366 ], [ -68.466, -54.366 ], [ -68.466, -54.333 ], [ -68.433, -54.333 ], [ -68.399, -54.333 ], [ -68.399, -54.299 ], [ -68.399, -54.266 ], [ -68.399, -54.233 ], [ -68.399, -54.199 ], [ -68.366, -54.199 ], [ -68.366, -54.166 ], [ -68.333, -54.166 ], [ -68.333, -54.133 ], [ -68.333, -54.099 ], [ -68.333, -54.066 ], [ -68.299, -54.066 ], [ -68.299, -54.033 ], [ -68.299, -53.999 ], [ -68.299, -53.966 ], [ -68.299, -53.933 ], [ -68.266, -53.933 ], [ -68.266, -53.899 ], [ -68.233, -53.899 ], [ -68.199, -53.899 ], [ -68.166, -53.899 ], [ -68.166, -53.866 ], [ -68.166, -53.833 ], [ -68.199, -53.833 ], [ -68.233, -53.833 ], [ -68.266, -53.833 ], [ -68.299, -53.833 ], [ -68.299, -53.799 ], [ -68.333, -53.799 ], [ -68.366, -53.799 ], [ -68.366, -53.766 ], [ -68.399, -53.766 ], [ -68.433, -53.766 ], [ -68.466, -53.766 ], [ -68.499, -53.766 ], [ -68.533, -53.766 ], [ -68.566, -53.766 ], [ -68.603, -53.766 ], [ -68.603, -53.555 ], [ -68.603, -53.319 ], [ -68.603, -53.299 ], [ -68.566, -53.299 ], [ -68.533, -53.299 ], [ -68.499, -53.299 ], [ -68.499, -53.333 ], [ -68.466, -53.333 ], [ -68.466, -53.366 ], [ -68.433, -53.366 ], [ -68.433, -53.399 ], [ -68.399, -53.399 ], [ -68.366, -53.399 ], [ -68.333, -53.399 ], [ -68.299, -53.399 ], [ -68.266, -53.399 ], [ -68.233, -53.399 ], [ -68.233, -53.366 ], [ -68.199, -53.366 ], [ -68.199, -53.399 ], [ -68.166, -53.399 ], [ -68.133, -53.399 ], [ -68.133, -53.366 ], [ -68.099, -53.366 ], [ -68.071, -53.338 ], [ -68.066, -53.342 ], [ -68.041, -53.375 ], [ -68.031, -53.395 ], [ -68.029, -53.413 ], [ -68.018, -53.457 ], [ -68.006, -53.488 ], [ -67.984, -53.529 ], [ -67.957, -53.563 ], [ -67.945, -53.576 ], [ -67.930, -53.587 ], [ -67.916, -53.605 ], [ -67.882, -53.631 ], [ -67.857, -53.646 ], [ -67.804, -53.672 ], [ -67.797, -53.678 ], [ -67.793, -53.684 ], [ -67.767, -53.696 ], [ -67.746, -53.711 ], [ -67.703, -53.728 ], [ -67.683, -53.743 ], [ -67.669, -53.750 ], [ -67.659, -53.762 ], [ -67.646, -53.766 ], [ -67.626, -53.779 ], [ -67.574, -53.803 ], [ -67.566, -53.806 ], [ -67.531, -53.813 ], [ -67.517, -53.819 ], [ -67.506, -53.826 ], [ -67.500, -53.832 ], [ -67.496, -53.838 ], [ -67.496, -53.844 ], [ -67.498, -53.854 ], [ -67.503, -53.862 ], [ -67.510, -53.867 ], [ -67.519, -53.871 ], [ -67.531, -53.874 ], [ -67.527, -53.884 ], [ -67.520, -53.893 ], [ -67.501, -53.908 ], [ -67.490, -53.914 ], [ -67.471, -53.917 ], [ -67.453, -53.925 ], [ -67.433, -53.939 ], [ -67.427, -53.947 ], [ -67.410, -53.961 ], [ -67.353, -53.976 ], [ -67.324, -53.989 ], [ -67.302, -53.996 ], [ -67.294, -54.002 ], [ -67.289, -54.008 ], [ -67.287, -54.018 ], [ -67.289, -54.027 ], [ -67.267, -54.034 ], [ -67.299, -54.066 ], [ -67.299, -54.099 ], [ -67.299, -54.133 ], [ -67.266, -54.133 ], [ -67.266, -54.166 ], [ -67.233, -54.166 ], [ -67.233, -54.199 ], [ -67.266, -54.199 ], [ -67.266, -54.233 ], [ -67.233, -54.233 ], [ -67.199, -54.233 ], [ -67.199, -54.199 ], [ -67.166, -54.199 ], [ -67.133, -54.199 ], [ -67.099, -54.199 ], [ -67.066, -54.199 ], [ -67.066, -54.233 ], [ -67.033, -54.233 ], [ -66.999, -54.233 ], [ -66.999, -54.266 ], [ -66.966, -54.266 ], [ -66.933, -54.266 ], [ -66.933, -54.299 ], [ -66.899, -54.299 ], [ -66.866, -54.299 ], [ -66.833, -54.299 ], [ -66.833, -54.333 ], [ -66.799, -54.333 ], [ -66.799, -54.366 ], [ -66.766, -54.366 ], [ -66.766, -54.399 ], [ -66.733, -54.399 ], [ -66.699, -54.399 ], [ -66.699, -54.433 ], [ -66.699, -54.466 ], [ -66.666, -54.466 ], [ -66.633, -54.466 ], [ -66.633, -54.499 ], [ -66.599, -54.499 ], [ -66.566, -54.499 ], [ -66.533, -54.499 ], [ -66.533, -54.533 ], [ -66.533, -54.566 ], [ -66.499, -54.566 ], [ -66.466, -54.566 ], [ -66.433, -54.566 ], [ -66.399, -54.566 ], [ -66.399, -54.599 ], [ -66.366, -54.599 ], [ -66.366, -54.633 ], [ -66.333, -54.633 ], [ -66.299, -54.633 ], [ -66.266, -54.633 ], [ -66.233, -54.633 ], [ -66.233, -54.666 ], [ -66.199, -54.666 ], [ -66.166, -54.666 ], [ -66.133, -54.666 ], [ -66.133, -54.699 ], [ -66.099, -54.699 ], [ -66.099, -54.733 ], [ -66.066, -54.733 ], [ -66.066, -54.766 ], [ -66.033, -54.766 ], [ -65.999, -54.766 ], [ -65.999, -54.799 ], [ -65.999, -54.833 ], [ -65.999, -54.866 ], [ -66.033, -54.866 ], [ -66.066, -54.866 ], [ -66.099, -54.866 ], [ -66.099, -54.899 ], [ -66.066, -54.899 ], [ -66.033, -54.899 ], [ -66.033, -54.933 ], [ -66.066, -54.933 ], [ -66.066, -54.966 ], [ -66.099, -54.966 ], [ -66.133, -54.966 ], [ -66.133, -54.933 ], [ -66.133, -54.899 ], [ -66.166, -54.899 ], [ -66.166, -54.933 ], [ -66.199, -54.933 ], [ -66.199, -54.966 ], [ -66.233, -54.966 ], [ -66.233, -55.022 ], [ -66.255, -55.021 ], [ -66.263, -55.031 ], [ -66.266, -55.033 ], [ -66.266, -54.966 ], [ -66.299, -54.966 ], [ -66.299, -54.933 ], [ -66.299, -54.899 ], [ -66.299, -54.866 ], [ -66.333, -54.866 ], [ -66.366, -54.866 ], [ -66.399, -54.866 ], [ -66.433, -54.866 ], [ -66.466, -54.866 ], [ -66.466, -54.899 ], [ -66.466, -54.933 ], [ -66.499, -54.933 ], [ -66.533, -54.933 ], [ -66.566, -54.933 ], [ -66.599, -54.933 ], [ -66.633, -54.933 ], [ -66.666, -54.933 ], [ -66.666, -54.899 ], [ -66.699, -54.899 ], [ -66.733, -54.899 ], [ -66.733, -54.866 ], [ -66.766, -54.866 ], [ -66.799, -54.866 ], [ -66.833, -54.866 ], [ -66.833, -54.833 ], [ -66.866, -54.833 ], [ -66.866, -54.799 ], [ -66.899, -54.799 ], [ -66.933, -54.799 ], [ -66.933, -54.833 ], [ -66.966, -54.833 ], [ -66.999, -54.833 ], [ -66.999, -54.866 ], [ -66.966, -54.866 ], [ -66.966, -54.899 ], [ -66.999, -54.899 ], [ -67.033, -54.899 ], [ -67.066, -54.899 ], [ -67.099, -54.899 ], [ -67.133, -54.899 ], [ -67.133, -54.866 ], [ -67.166, -54.866 ], [ -67.199, -54.866 ], [ -67.233, -54.866 ], [ -67.233, -54.833 ], [ -67.266, -54.833 ], [ -67.299, -54.833 ], [ -67.333, -54.833 ], [ -67.366, -54.833 ], [ -67.399, -54.833 ], [ -67.433, -54.833 ], [ -67.466, -54.833 ], [ -67.499, -54.833 ], [ -67.533, -54.833 ], [ -67.533, -54.799 ], [ -67.566, -54.799 ], [ -67.566, -54.833 ], [ -67.599, -54.833 ], [ -67.599, -54.866 ], [ -67.633, -54.866 ], [ -67.633, -54.833 ], [ -67.666, -54.833 ], [ -67.666, -54.866 ], [ -67.699, -54.866 ], [ -67.733, -54.866 ], [ -67.766, -54.866 ], [ -67.799, -54.866 ], [ -67.833, -54.866 ], [ -67.833, -54.833 ], [ -67.866, -54.833 ], [ -67.899, -54.833 ], [ -67.933, -54.833 ], [ -67.966, -54.833 ], [ -67.966, -54.799 ], [ -67.999, -54.799 ], [ -67.999, -54.833 ], [ -68.033, -54.833 ], [ -68.033, -54.799 ], [ -68.066, -54.799 ], [ -68.099, -54.799 ], [ -68.099, -54.766 ], [ -68.133, -54.766 ], [ -68.166, -54.766 ], [ -68.199, -54.766 ], [ -68.233, -54.766 ], [ -68.233, -54.733 ], [ -68.199, -54.733 ], [ -68.199, -54.699 ], [ -68.233, -54.699 ], [ -68.266, -54.699 ], [ -68.299, -54.699 ], [ -68.299, -54.733 ] ], [ [ -67.766, -54.733 ], [ -67.766, -54.766 ], [ -67.733, -54.766 ], [ -67.699, -54.766 ], [ -67.666, -54.766 ], [ -67.633, -54.766 ], [ -67.599, -54.766 ], [ -67.599, -54.733 ], [ -67.566, -54.733 ], [ -67.566, -54.699 ], [ -67.599, -54.699 ], [ -67.633, -54.699 ], [ -67.666, -54.699 ], [ -67.699, -54.699 ], [ -67.733, -54.699 ], [ -67.766, -54.699 ], [ -67.799, -54.699 ], [ -67.799, -54.733 ], [ -67.766, -54.733 ] ], [ [ -66.866, -54.533 ], [ -66.866, -54.499 ], [ -66.866, -54.466 ], [ -66.899, -54.466 ], [ -66.933, -54.466 ], [ -66.966, -54.466 ], [ -66.966, -54.433 ], [ -66.966, -54.399 ], [ -66.999, -54.399 ], [ -67.033, -54.399 ], [ -67.066, -54.399 ], [ -67.066, -54.433 ], [ -67.066, -54.466 ], [ -67.033, -54.466 ], [ -67.033, -54.499 ], [ -67.033, -54.533 ], [ -67.066, -54.533 ], [ -67.066, -54.499 ], [ -67.099, -54.499 ], [ -67.133, -54.499 ], [ -67.133, -54.533 ], [ -67.133, -54.566 ], [ -67.166, -54.566 ], [ -67.166, -54.599 ], [ -67.199, -54.599 ], [ -67.233, -54.599 ], [ -67.233, -54.633 ], [ -67.266, -54.633 ], [ -67.299, -54.633 ], [ -67.333, -54.633 ], [ -67.366, -54.633 ], [ -67.399, -54.633 ], [ -67.399, -54.666 ], [ -67.433, -54.666 ], [ -67.433, -54.699 ], [ -67.466, -54.699 ], [ -67.466, -54.733 ], [ -67.433, -54.733 ], [ -67.399, -54.733 ], [ -67.366, -54.733 ], [ -67.366, -54.766 ], [ -67.333, -54.766 ], [ -67.299, -54.766 ], [ -67.266, -54.766 ], [ -67.233, -54.766 ], [ -67.233, -54.733 ], [ -67.233, -54.699 ], [ -67.199, -54.699 ], [ -67.199, -54.733 ], [ -67.166, -54.733 ], [ -67.166, -54.766 ], [ -67.133, -54.766 ], [ -67.133, -54.733 ], [ -67.099, -54.733 ], [ -67.066, -54.733 ], [ -67.033, -54.733 ], [ -67.033, -54.766 ], [ -66.999, -54.766 ], [ -66.966, -54.766 ], [ -66.933, -54.766 ], [ -66.899, -54.766 ], [ -66.866, -54.766 ], [ -66.833, -54.766 ], [ -66.833, -54.733 ], [ -66.833, -54.699 ], [ -66.799, -54.699 ], [ -66.799, -54.733 ], [ -66.766, -54.733 ], [ -66.733, -54.733 ], [ -66.699, -54.733 ], [ -66.666, -54.733 ], [ -66.666, -54.699 ], [ -66.633, -54.699 ], [ -66.599, -54.699 ], [ -66.566, -54.699 ], [ -66.533, -54.699 ], [ -66.533, -54.666 ], [ -66.566, -54.666 ], [ -66.566, -54.633 ], [ -66.599, -54.633 ], [ -66.633, -54.633 ], [ -66.633, -54.599 ], [ -66.666, -54.599 ], [ -66.699, -54.599 ], [ -66.733, -54.599 ], [ -66.733, -54.566 ], [ -66.766, -54.566 ], [ -66.799, -54.566 ], [ -66.799, -54.533 ], [ -66.833, -54.533 ], [ -66.866, -54.533 ] ], [ [ -66.333, -54.766 ], [ -66.366, -54.766 ], [ -66.366, -54.799 ], [ -66.333, -54.799 ], [ -66.333, -54.766 ], [ -66.299, -54.766 ], [ -66.299, -54.733 ], [ -66.333, -54.733 ], [ -66.333, -54.766 ] ], [ [ -67.733, -54.399 ], [ -67.733, -54.366 ], [ -67.699, -54.366 ], [ -67.699, -54.333 ], [ -67.699, -54.299 ], [ -67.733, -54.299 ], [ -67.766, -54.299 ], [ -67.799, -54.299 ], [ -67.799, -54.333 ], [ -67.833, -54.333 ], [ -67.866, -54.333 ], [ -67.866, -54.366 ], [ -67.866, -54.399 ], [ -67.833, -54.399 ], [ -67.799, -54.399 ], [ -67.799, -54.433 ], [ -67.766, -54.433 ], [ -67.733, -54.433 ], [ -67.733, -54.399 ] ], [ [ -67.766, -54.033 ], [ -67.766, -53.999 ], [ -67.799, -53.999 ], [ -67.799, -54.033 ], [ -67.766, -54.033 ] ] ], [ [ [ -68.533, -52.899 ], [ -68.533, -52.933 ], [ -68.499, -52.933 ], [ -68.499, -52.966 ], [ -68.533, -52.966 ], [ -68.566, -52.966 ], [ -68.566, -52.999 ], [ -68.604, -52.999 ], [ -68.604, -52.899 ], [ -68.566, -52.899 ], [ -68.533, -52.899 ] ] ], [ [ [ -68.566, -52.799 ], [ -68.604, -52.799 ], [ -68.604, -52.766 ], [ -68.566, -52.766 ], [ -68.566, -52.799 ] ] ], [ [ [ -70.433, -52.001 ], [ -70.466, -52.001 ], [ -70.466, -51.966 ], [ -70.433, -51.966 ], [ -70.433, -52.001 ] ] ], [ [ [ -70.666, -51.866 ], [ -70.666, -51.899 ], [ -70.633, -51.899 ], [ -70.633, -51.933 ], [ -70.666, -51.933 ], [ -70.666, -51.966 ], [ -70.666, -52.001 ], [ -70.693, -52.001 ], [ -70.873, -52.001 ], [ -70.999, -52.001 ], [ -70.999, -51.966 ], [ -70.966, -51.966 ], [ -70.933, -51.966 ], [ -70.933, -51.933 ], [ -70.899, -51.933 ], [ -70.866, -51.933 ], [ -70.833, -51.933 ], [ -70.833, -51.899 ], [ -70.799, -51.899 ], [ -70.799, -51.866 ], [ -70.766, -51.866 ], [ -70.733, -51.866 ], [ -70.733, -51.899 ], [ -70.699, -51.899 ], [ -70.699, -51.866 ], [ -70.666, -51.866 ] ] ], [ [ [ -70.533, -51.899 ], [ -70.566, -51.899 ], [ -70.566, -51.866 ], [ -70.533, -51.866 ], [ -70.499, -51.866 ], [ -70.499, -51.899 ], [ -70.533, -51.899 ] ] ], [ [ [ -71.633, -51.666 ], [ -71.633, -51.699 ], [ -71.666, -51.699 ], [ -71.699, -51.699 ], [ -71.699, -51.666 ], [ -71.733, -51.666 ], [ -71.733, -51.633 ], [ -71.733, -51.599 ], [ -71.699, -51.599 ], [ -71.666, -51.599 ], [ -71.633, -51.599 ], [ -71.599, -51.599 ], [ -71.599, -51.633 ], [ -71.599, -51.666 ], [ -71.633, -51.666 ] ] ], [ [ [ -70.833, -51.466 ], [ -70.866, -51.466 ], [ -70.866, -51.433 ], [ -70.833, -51.433 ], [ -70.833, -51.466 ] ] ], [ [ [ -72.166, -51.533 ], [ -72.133, -51.533 ], [ -72.099, -51.533 ], [ -72.099, -51.499 ], [ -72.066, -51.499 ], [ -72.033, -51.499 ], [ -72.033, -51.533 ], [ -71.999, -51.533 ], [ -71.966, -51.533 ], [ -71.966, -51.499 ], [ -71.999, -51.499 ], [ -71.999, -51.466 ], [ -71.999, -51.433 ], [ -71.999, -51.399 ], [ -71.999, -51.366 ], [ -72.033, -51.366 ], [ -72.066, -51.366 ], [ -72.099, -51.366 ], [ -72.099, -51.399 ], [ -72.133, -51.399 ], [ -72.133, -51.433 ], [ -72.133, -51.466 ], [ -72.099, -51.466 ], [ -72.099, -51.499 ], [ -72.133, -51.499 ], [ -72.166, -51.499 ], [ -72.166, -51.533 ], [ -72.199, -51.533 ], [ -72.233, -51.533 ], [ -72.266, -51.533 ], [ -72.266, -51.566 ], [ -72.266, -51.599 ], [ -72.266, -51.633 ], [ -72.283, -51.633 ], [ -72.283, -51.632 ], [ -72.283, -51.632 ], [ -72.283, -51.631 ], [ -72.284, -51.631 ], [ -72.285, -51.630 ], [ -72.288, -51.630 ], [ -72.289, -51.629 ], [ -72.290, -51.629 ], [ -72.292, -51.629 ], [ -72.293, -51.629 ], [ -72.295, -51.630 ], [ -72.296, -51.631 ], [ -72.298, -51.631 ], [ -72.300, -51.631 ], [ -72.300, -51.630 ], [ -72.302, -51.629 ], [ -72.303, -51.628 ], [ -72.305, -51.627 ], [ -72.307, -51.627 ], [ -72.309, -51.626 ], [ -72.311, -51.626 ], [ -72.312, -51.626 ], [ -72.314, -51.625 ], [ -72.315, -51.624 ], [ -72.315, -51.622 ], [ -72.316, -51.621 ], [ -72.316, -51.619 ], [ -72.315, -51.617 ], [ -72.315, -51.616 ], [ -72.314, -51.615 ], [ -72.315, -51.614 ], [ -72.315, -51.613 ], [ -72.316, -51.611 ], [ -72.316, -51.609 ], [ -72.316, -51.608 ], [ -72.317, -51.606 ], [ -72.318, -51.604 ], [ -72.318, -51.602 ], [ -72.318, -51.600 ], [ -72.318, -51.597 ], [ -72.319, -51.596 ], [ -72.319, -51.592 ], [ -72.319, -51.591 ], [ -72.320, -51.589 ], [ -72.321, -51.587 ], [ -72.321, -51.587 ], [ -72.323, -51.586 ], [ -72.324, -51.585 ], [ -72.326, -51.585 ], [ -72.329, -51.584 ], [ -72.335, -51.582 ], [ -72.336, -51.583 ], [ -72.337, -51.583 ], [ -72.338, -51.583 ], [ -72.339, -51.583 ], [ -72.340, -51.583 ], [ -72.342, -51.584 ], [ -72.345, -51.585 ], [ -72.346, -51.584 ], [ -72.348, -51.584 ], [ -72.350, -51.584 ], [ -72.350, -51.584 ], [ -72.351, -51.584 ], [ -72.353, -51.584 ], [ -72.354, -51.585 ], [ -72.356, -51.585 ], [ -72.359, -51.586 ], [ -72.360, -51.586 ], [ -72.363, -51.586 ], [ -72.363, -51.587 ], [ -72.364, -51.587 ], [ -72.366, -51.587 ], [ -72.367, -51.587 ], [ -72.368, -51.587 ], [ -72.368, -51.587 ], [ -72.369, -51.587 ], [ -72.370, -51.586 ], [ -72.370, -51.585 ], [ -72.370, -51.584 ], [ -72.371, -51.583 ], [ -72.371, -51.583 ], [ -72.372, -51.583 ], [ -72.373, -51.583 ], [ -72.374, -51.583 ], [ -72.374, -51.583 ], [ -72.375, -51.583 ], [ -72.376, -51.584 ], [ -72.376, -51.584 ], [ -72.377, -51.584 ], [ -72.378, -51.584 ], [ -72.378, -51.585 ], [ -72.378, -51.585 ], [ -72.377, -51.587 ], [ -72.377, -51.588 ], [ -72.377, -51.589 ], [ -72.377, -51.589 ], [ -72.377, -51.589 ], [ -72.377, -51.590 ], [ -72.378, -51.592 ], [ -72.379, -51.592 ], [ -72.383, -51.593 ], [ -72.385, -51.594 ], [ -72.386, -51.594 ], [ -72.386, -51.593 ], [ -72.386, -51.593 ], [ -72.386, -51.592 ], [ -72.386, -51.591 ], [ -72.386, -51.591 ], [ -72.386, -51.590 ], [ -72.387, -51.590 ], [ -72.388, -51.590 ], [ -72.389, -51.589 ], [ -72.391, -51.589 ], [ -72.393, -51.589 ], [ -72.394, -51.588 ], [ -72.395, -51.587 ], [ -72.396, -51.587 ], [ -72.397, -51.586 ], [ -72.401, -51.586 ], [ -72.404, -51.586 ], [ -72.407, -51.586 ], [ -72.409, -51.585 ], [ -72.410, -51.585 ], [ -72.414, -51.584 ], [ -72.415, -51.584 ], [ -72.418, -51.584 ], [ -72.421, -51.585 ], [ -72.422, -51.586 ], [ -72.425, -51.586 ], [ -72.426, -51.585 ], [ -72.428, -51.585 ], [ -72.429, -51.584 ], [ -72.432, -51.584 ], [ -72.435, -51.584 ], [ -72.437, -51.584 ], [ -72.438, -51.583 ], [ -72.438, -51.582 ], [ -72.437, -51.581 ], [ -72.436, -51.580 ], [ -72.436, -51.578 ], [ -72.436, -51.576 ], [ -72.434, -51.575 ], [ -72.433, -51.573 ], [ -72.432, -51.571 ], [ -72.431, -51.570 ], [ -72.431, -51.568 ], [ -72.431, -51.567 ], [ -72.431, -51.565 ], [ -72.431, -51.564 ], [ -72.430, -51.563 ], [ -72.429, -51.562 ], [ -72.429, -51.562 ], [ -72.428, -51.561 ], [ -72.428, -51.559 ], [ -72.427, -51.557 ], [ -72.427, -51.555 ], [ -72.427, -51.554 ], [ -72.427, -51.553 ], [ -72.426, -51.552 ], [ -72.425, -51.550 ], [ -72.423, -51.547 ], [ -72.423, -51.546 ], [ -72.421, -51.545 ], [ -72.421, -51.545 ], [ -72.420, -51.544 ], [ -72.418, -51.544 ], [ -72.417, -51.543 ], [ -72.415, -51.542 ], [ -72.412, -51.540 ], [ -72.411, -51.539 ], [ -72.409, -51.537 ], [ -72.408, -51.537 ], [ -72.406, -51.534 ], [ -72.404, -51.532 ], [ -72.402, -51.531 ], [ -72.401, -51.530 ], [ -72.400, -51.530 ], [ -72.399, -51.529 ], [ -72.399, -51.529 ], [ -72.397, -51.528 ], [ -72.396, -51.527 ], [ -72.395, -51.527 ], [ -72.394, -51.527 ], [ -72.392, -51.527 ], [ -72.391, -51.527 ], [ -72.390, -51.526 ], [ -72.389, -51.524 ], [ -72.389, -51.524 ], [ -72.389, -51.522 ], [ -72.390, -51.522 ], [ -72.392, -51.521 ], [ -72.395, -51.521 ], [ -72.400, -51.519 ], [ -72.401, -51.518 ], [ -72.402, -51.518 ], [ -72.402, -51.517 ], [ -72.403, -51.515 ], [ -72.402, -51.513 ], [ -72.400, -51.511 ], [ -72.397, -51.511 ], [ -72.392, -51.512 ], [ -72.387, -51.513 ], [ -72.384, -51.514 ], [ -72.380, -51.517 ], [ -72.378, -51.517 ], [ -72.376, -51.518 ], [ -72.375, -51.518 ], [ -72.375, -51.518 ], [ -72.373, -51.519 ], [ -72.372, -51.520 ], [ -72.371, -51.521 ], [ -72.368, -51.521 ], [ -72.365, -51.522 ], [ -72.363, -51.522 ], [ -72.361, -51.522 ], [ -72.359, -51.523 ], [ -72.357, -51.524 ], [ -72.356, -51.524 ], [ -72.356, -51.524 ], [ -72.355, -51.523 ], [ -72.354, -51.523 ], [ -72.353, -51.522 ], [ -72.353, -51.522 ], [ -72.351, -51.521 ], [ -72.350, -51.521 ], [ -72.350, -51.521 ], [ -72.349, -51.520 ], [ -72.348, -51.520 ], [ -72.345, -51.520 ], [ -72.343, -51.519 ], [ -72.342, -51.519 ], [ -72.341, -51.519 ], [ -72.341, -51.519 ], [ -72.341, -51.518 ], [ -72.341, -51.517 ], [ -72.342, -51.514 ], [ -72.343, -51.511 ], [ -72.344, -51.510 ], [ -72.346, -51.506 ], [ -72.347, -51.504 ], [ -72.347, -51.504 ], [ -72.347, -51.503 ], [ -72.347, -51.502 ], [ -72.347, -51.500 ], [ -72.347, -51.499 ], [ -72.348, -51.498 ], [ -72.349, -51.497 ], [ -72.349, -51.496 ], [ -72.349, -51.496 ], [ -72.349, -51.494 ], [ -72.349, -51.493 ], [ -72.349, -51.492 ], [ -72.349, -51.491 ], [ -72.348, -51.490 ], [ -72.347, -51.490 ], [ -72.347, -51.489 ], [ -72.347, -51.488 ], [ -72.347, -51.487 ], [ -72.347, -51.487 ], [ -72.346, -51.486 ], [ -72.346, -51.486 ], [ -72.346, -51.485 ], [ -72.346, -51.484 ], [ -72.346, -51.483 ], [ -72.346, -51.482 ], [ -72.345, -51.482 ], [ -72.344, -51.481 ], [ -72.343, -51.480 ], [ -72.342, -51.479 ], [ -72.342, -51.478 ], [ -72.342, -51.478 ], [ -72.343, -51.477 ], [ -72.342, -51.476 ], [ -72.341, -51.476 ], [ -72.339, -51.475 ], [ -72.338, -51.475 ], [ -72.331, -51.476 ], [ -72.328, -51.476 ], [ -72.326, -51.476 ], [ -72.324, -51.476 ], [ -72.322, -51.475 ], [ -72.321, -51.475 ], [ -72.321, -51.475 ], [ -72.320, -51.474 ], [ -72.320, -51.473 ], [ -72.320, -51.472 ], [ -72.320, -51.471 ], [ -72.321, -51.470 ], [ -72.322, -51.469 ], [ -72.322, -51.468 ], [ -72.322, -51.467 ], [ -72.323, -51.467 ], [ -72.323, -51.465 ], [ -72.324, -51.463 ], [ -72.326, -51.463 ], [ -72.329, -51.461 ], [ -72.331, -51.459 ], [ -72.332, -51.457 ], [ -72.334, -51.454 ], [ -72.334, -51.451 ], [ -72.336, -51.449 ], [ -72.336, -51.446 ], [ -72.336, -51.444 ], [ -72.336, -51.442 ], [ -72.335, -51.439 ], [ -72.335, -51.437 ], [ -72.335, -51.435 ], [ -72.335, -51.435 ], [ -72.334, -51.434 ], [ -72.333, -51.433 ], [ -72.333, -51.432 ], [ -72.334, -51.431 ], [ -72.334, -51.430 ], [ -72.335, -51.429 ], [ -72.334, -51.428 ], [ -72.333, -51.427 ], [ -72.332, -51.426 ], [ -72.332, -51.425 ], [ -72.332, -51.425 ], [ -72.333, -51.424 ], [ -72.333, -51.424 ], [ -72.334, -51.423 ], [ -72.334, -51.422 ], [ -72.333, -51.421 ], [ -72.333, -51.421 ], [ -72.332, -51.420 ], [ -72.332, -51.419 ], [ -72.331, -51.419 ], [ -72.330, -51.418 ], [ -72.330, -51.418 ], [ -72.329, -51.417 ], [ -72.328, -51.416 ], [ -72.327, -51.415 ], [ -72.326, -51.413 ], [ -72.325, -51.412 ], [ -72.323, -51.411 ], [ -72.322, -51.410 ], [ -72.321, -51.409 ], [ -72.320, -51.408 ], [ -72.320, -51.407 ], [ -72.319, -51.406 ], [ -72.317, -51.405 ], [ -72.316, -51.404 ], [ -72.316, -51.404 ], [ -72.314, -51.403 ], [ -72.313, -51.403 ], [ -72.312, -51.403 ], [ -72.310, -51.403 ], [ -72.307, -51.402 ], [ -72.307, -51.402 ], [ -72.306, -51.402 ], [ -72.306, -51.402 ], [ -72.305, -51.401 ], [ -72.305, -51.401 ], [ -72.305, -51.400 ], [ -72.306, -51.399 ], [ -72.306, -51.398 ], [ -72.307, -51.397 ], [ -72.308, -51.396 ], [ -72.308, -51.395 ], [ -72.308, -51.395 ], [ -72.309, -51.394 ], [ -72.308, -51.393 ], [ -72.308, -51.392 ], [ -72.307, -51.391 ], [ -72.306, -51.388 ], [ -72.306, -51.388 ], [ -72.305, -51.387 ], [ -72.305, -51.386 ], [ -72.306, -51.385 ], [ -72.306, -51.384 ], [ -72.306, -51.384 ], [ -72.306, -51.383 ], [ -72.306, -51.382 ], [ -72.305, -51.382 ], [ -72.305, -51.381 ], [ -72.305, -51.380 ], [ -72.305, -51.379 ], [ -72.305, -51.378 ], [ -72.305, -51.378 ], [ -72.304, -51.376 ], [ -72.304, -51.376 ], [ -72.304, -51.375 ], [ -72.304, -51.374 ], [ -72.304, -51.373 ], [ -72.304, -51.372 ], [ -72.304, -51.372 ], [ -72.304, -51.371 ], [ -72.305, -51.370 ], [ -72.305, -51.369 ], [ -72.306, -51.369 ], [ -72.306, -51.369 ], [ -72.306, -51.368 ], [ -72.306, -51.367 ], [ -72.305, -51.367 ], [ -72.305, -51.366 ], [ -72.304, -51.366 ], [ -72.304, -51.365 ], [ -72.305, -51.364 ], [ -72.306, -51.363 ], [ -72.308, -51.362 ], [ -72.310, -51.358 ], [ -72.312, -51.355 ], [ -72.313, -51.353 ], [ -72.314, -51.351 ], [ -72.315, -51.350 ], [ -72.316, -51.349 ], [ -72.317, -51.348 ], [ -72.318, -51.347 ], [ -72.320, -51.345 ], [ -72.321, -51.344 ], [ -72.323, -51.344 ], [ -72.326, -51.343 ], [ -72.327, -51.343 ], [ -72.328, -51.343 ], [ -72.329, -51.344 ], [ -72.329, -51.345 ], [ -72.331, -51.346 ], [ -72.331, -51.346 ], [ -72.332, -51.347 ], [ -72.334, -51.347 ], [ -72.336, -51.348 ], [ -72.337, -51.348 ], [ -72.337, -51.348 ], [ -72.339, -51.348 ], [ -72.341, -51.348 ], [ -72.341, -51.348 ], [ -72.342, -51.348 ], [ -72.343, -51.348 ], [ -72.343, -51.348 ], [ -72.344, -51.348 ], [ -72.345, -51.348 ], [ -72.345, -51.346 ], [ -72.346, -51.344 ], [ -72.346, -51.343 ], [ -72.347, -51.342 ], [ -72.348, -51.342 ], [ -72.350, -51.341 ], [ -72.351, -51.341 ], [ -72.352, -51.342 ], [ -72.353, -51.342 ], [ -72.355, -51.341 ], [ -72.356, -51.341 ], [ -72.358, -51.340 ], [ -72.359, -51.340 ], [ -72.362, -51.341 ], [ -72.363, -51.341 ], [ -72.364, -51.341 ], [ -72.365, -51.341 ], [ -72.365, -51.341 ], [ -72.365, -51.339 ], [ -72.365, -51.339 ], [ -72.365, -51.338 ], [ -72.365, -51.337 ], [ -72.366, -51.336 ], [ -72.367, -51.336 ], [ -72.367, -51.335 ], [ -72.367, -51.334 ], [ -72.366, -51.334 ], [ -72.365, -51.335 ], [ -72.365, -51.334 ], [ -72.364, -51.334 ], [ -72.364, -51.334 ], [ -72.364, -51.333 ], [ -72.363, -51.333 ], [ -72.362, -51.332 ], [ -72.361, -51.332 ], [ -72.361, -51.331 ], [ -72.360, -51.331 ], [ -72.360, -51.330 ], [ -72.360, -51.329 ], [ -72.360, -51.329 ], [ -72.359, -51.328 ], [ -72.359, -51.327 ], [ -72.359, -51.326 ], [ -72.359, -51.326 ], [ -72.358, -51.325 ], [ -72.357, -51.324 ], [ -72.357, -51.324 ], [ -72.357, -51.324 ], [ -72.358, -51.323 ], [ -72.359, -51.323 ], [ -72.359, -51.322 ], [ -72.358, -51.320 ], [ -72.357, -51.319 ], [ -72.356, -51.319 ], [ -72.356, -51.317 ], [ -72.355, -51.317 ], [ -72.354, -51.317 ], [ -72.353, -51.316 ], [ -72.352, -51.316 ], [ -72.351, -51.316 ], [ -72.349, -51.316 ], [ -72.348, -51.316 ], [ -72.345, -51.316 ], [ -72.344, -51.315 ], [ -72.342, -51.314 ], [ -72.340, -51.313 ], [ -72.339, -51.313 ], [ -72.337, -51.313 ], [ -72.336, -51.313 ], [ -72.335, -51.313 ], [ -72.333, -51.313 ], [ -72.330, -51.314 ], [ -72.328, -51.312 ], [ -72.325, -51.312 ], [ -72.324, -51.312 ], [ -72.323, -51.312 ], [ -72.322, -51.312 ], [ -72.322, -51.312 ], [ -72.321, -51.311 ], [ -72.321, -51.310 ], [ -72.321, -51.309 ], [ -72.320, -51.308 ], [ -72.319, -51.308 ], [ -72.317, -51.307 ], [ -72.314, -51.308 ], [ -72.312, -51.307 ], [ -72.310, -51.307 ], [ -72.309, -51.307 ], [ -72.307, -51.307 ], [ -72.306, -51.306 ], [ -72.304, -51.306 ], [ -72.303, -51.305 ], [ -72.303, -51.305 ], [ -72.303, -51.304 ], [ -72.303, -51.303 ], [ -72.303, -51.301 ], [ -72.302, -51.300 ], [ -72.302, -51.300 ], [ -72.302, -51.299 ], [ -72.304, -51.298 ], [ -72.305, -51.298 ], [ -72.306, -51.298 ], [ -72.306, -51.297 ], [ -72.306, -51.296 ], [ -72.306, -51.295 ], [ -72.304, -51.294 ], [ -72.302, -51.292 ], [ -72.301, -51.291 ], [ -72.298, -51.290 ], [ -72.296, -51.289 ], [ -72.294, -51.288 ], [ -72.293, -51.288 ], [ -72.292, -51.287 ], [ -72.291, -51.286 ], [ -72.290, -51.286 ], [ -72.289, -51.286 ], [ -72.286, -51.286 ], [ -72.284, -51.286 ], [ -72.283, -51.285 ], [ -72.281, -51.285 ], [ -72.281, -51.285 ], [ -72.266, -51.299 ], [ -72.233, -51.299 ], [ -72.199, -51.299 ], [ -72.166, -51.299 ], [ -72.166, -51.266 ], [ -72.166, -51.233 ], [ -72.166, -51.199 ], [ -72.133, -51.199 ], [ -72.099, -51.199 ], [ -72.066, -51.199 ], [ -72.033, -51.199 ], [ -72.033, -51.233 ], [ -71.999, -51.233 ], [ -71.999, -51.266 ], [ -71.999, -51.299 ], [ -71.966, -51.299 ], [ -71.933, -51.299 ], [ -71.899, -51.299 ], [ -71.866, -51.299 ], [ -71.833, -51.299 ], [ -71.833, -51.266 ], [ -71.799, -51.266 ], [ -71.766, -51.266 ], [ -71.733, -51.266 ], [ -71.733, -51.299 ], [ -71.733, -51.333 ], [ -71.766, -51.333 ], [ -71.766, -51.366 ], [ -71.799, -51.366 ], [ -71.799, -51.399 ], [ -71.799, -51.433 ], [ -71.766, -51.433 ], [ -71.733, -51.433 ], [ -71.733, -51.466 ], [ -71.733, -51.499 ], [ -71.733, -51.533 ], [ -71.766, -51.533 ], [ -71.799, -51.533 ], [ -71.799, -51.566 ], [ -71.833, -51.566 ], [ -71.866, -51.566 ], [ -71.899, -51.566 ], [ -71.933, -51.566 ], [ -71.933, -51.599 ], [ -71.966, -51.599 ], [ -71.999, -51.599 ], [ -71.999, -51.633 ], [ -72.033, -51.633 ], [ -72.066, -51.633 ], [ -72.066, -51.599 ], [ -72.099, -51.599 ], [ -72.133, -51.599 ], [ -72.133, -51.566 ], [ -72.166, -51.566 ], [ -72.166, -51.533 ] ] ], [ [ [ -71.299, -51.233 ], [ -71.299, -51.266 ], [ -71.266, -51.266 ], [ -71.266, -51.299 ], [ -71.299, -51.299 ], [ -71.333, -51.299 ], [ -71.333, -51.333 ], [ -71.366, -51.333 ], [ -71.399, -51.333 ], [ -71.433, -51.333 ], [ -71.466, -51.333 ], [ -71.499, -51.333 ], [ -71.533, -51.333 ], [ -71.533, -51.299 ], [ -71.566, -51.299 ], [ -71.566, -51.266 ], [ -71.533, -51.266 ], [ -71.533, -51.233 ], [ -71.499, -51.233 ], [ -71.499, -51.199 ], [ -71.466, -51.199 ], [ -71.433, -51.199 ], [ -71.399, -51.199 ], [ -71.366, -51.199 ], [ -71.333, -51.199 ], [ -71.299, -51.199 ], [ -71.299, -51.233 ] ] ], [ [ [ -72.166, -51.199 ], [ -72.199, -51.199 ], [ -72.233, -51.199 ], [ -72.266, -51.199 ], [ -72.266, -51.233 ], [ -72.267, -51.234 ], [ -72.268, -51.234 ], [ -72.269, -51.233 ], [ -72.270, -51.232 ], [ -72.271, -51.231 ], [ -72.273, -51.230 ], [ -72.275, -51.229 ], [ -72.277, -51.227 ], [ -72.278, -51.227 ], [ -72.279, -51.226 ], [ -72.280, -51.225 ], [ -72.282, -51.224 ], [ -72.282, -51.223 ], [ -72.285, -51.219 ], [ -72.286, -51.218 ], [ -72.289, -51.216 ], [ -72.291, -51.214 ], [ -72.291, -51.212 ], [ -72.292, -51.210 ], [ -72.293, -51.209 ], [ -72.293, -51.208 ], [ -72.294, -51.208 ], [ -72.294, -51.208 ], [ -72.294, -51.208 ], [ -72.295, -51.207 ], [ -72.295, -51.207 ], [ -72.295, -51.207 ], [ -72.295, -51.206 ], [ -72.295, -51.206 ], [ -72.295, -51.205 ], [ -72.295, -51.205 ], [ -72.295, -51.204 ], [ -72.295, -51.204 ], [ -72.295, -51.204 ], [ -72.295, -51.203 ], [ -72.296, -51.203 ], [ -72.296, -51.202 ], [ -72.296, -51.202 ], [ -72.297, -51.202 ], [ -72.297, -51.202 ], [ -72.297, -51.202 ], [ -72.297, -51.202 ], [ -72.298, -51.201 ], [ -72.298, -51.201 ], [ -72.298, -51.201 ], [ -72.298, -51.200 ], [ -72.299, -51.200 ], [ -72.299, -51.200 ], [ -72.299, -51.200 ], [ -72.300, -51.200 ], [ -72.300, -51.200 ], [ -72.301, -51.200 ], [ -72.302, -51.202 ], [ -72.304, -51.203 ], [ -72.306, -51.203 ], [ -72.306, -51.204 ], [ -72.307, -51.205 ], [ -72.308, -51.207 ], [ -72.309, -51.208 ], [ -72.310, -51.208 ], [ -72.311, -51.208 ], [ -72.312, -51.208 ], [ -72.314, -51.209 ], [ -72.316, -51.209 ], [ -72.316, -51.209 ], [ -72.318, -51.209 ], [ -72.319, -51.209 ], [ -72.322, -51.208 ], [ -72.323, -51.208 ], [ -72.326, -51.208 ], [ -72.328, -51.208 ], [ -72.332, -51.206 ], [ -72.336, -51.204 ], [ -72.338, -51.203 ], [ -72.341, -51.202 ], [ -72.343, -51.202 ], [ -72.343, -51.202 ], [ -72.343, -51.202 ], [ -72.344, -51.202 ], [ -72.343, -51.201 ], [ -72.343, -51.201 ], [ -72.343, -51.200 ], [ -72.343, -51.200 ], [ -72.343, -51.197 ], [ -72.342, -51.197 ], [ -72.343, -51.195 ], [ -72.344, -51.194 ], [ -72.344, -51.192 ], [ -72.344, -51.192 ], [ -72.345, -51.189 ], [ -72.345, -51.188 ], [ -72.345, -51.186 ], [ -72.346, -51.186 ], [ -72.346, -51.186 ], [ -72.347, -51.185 ], [ -72.348, -51.184 ], [ -72.348, -51.184 ], [ -72.349, -51.183 ], [ -72.349, -51.182 ], [ -72.349, -51.180 ], [ -72.350, -51.180 ], [ -72.350, -51.179 ], [ -72.351, -51.179 ], [ -72.354, -51.179 ], [ -72.355, -51.179 ], [ -72.356, -51.178 ], [ -72.356, -51.177 ], [ -72.356, -51.176 ], [ -72.356, -51.175 ], [ -72.357, -51.174 ], [ -72.357, -51.173 ], [ -72.357, -51.171 ], [ -72.356, -51.169 ], [ -72.356, -51.168 ], [ -72.355, -51.167 ], [ -72.356, -51.167 ], [ -72.356, -51.167 ], [ -72.357, -51.166 ], [ -72.358, -51.166 ], [ -72.357, -51.166 ], [ -72.357, -51.165 ], [ -72.357, -51.165 ], [ -72.358, -51.164 ], [ -72.359, -51.163 ], [ -72.360, -51.163 ], [ -72.362, -51.162 ], [ -72.364, -51.161 ], [ -72.365, -51.161 ], [ -72.367, -51.161 ], [ -72.370, -51.160 ], [ -72.372, -51.159 ], [ -72.374, -51.157 ], [ -72.374, -51.156 ], [ -72.375, -51.156 ], [ -72.375, -51.155 ], [ -72.375, -51.154 ], [ -72.376, -51.153 ], [ -72.376, -51.153 ], [ -72.377, -51.152 ], [ -72.380, -51.151 ], [ -72.383, -51.149 ], [ -72.386, -51.145 ], [ -72.388, -51.144 ], [ -72.391, -51.143 ], [ -72.391, -51.141 ], [ -72.393, -51.137 ], [ -72.395, -51.135 ], [ -72.396, -51.134 ], [ -72.397, -51.133 ], [ -72.397, -51.132 ], [ -72.397, -51.131 ], [ -72.397, -51.130 ], [ -72.397, -51.129 ], [ -72.398, -51.128 ], [ -72.398, -51.127 ], [ -72.398, -51.126 ], [ -72.398, -51.125 ], [ -72.398, -51.124 ], [ -72.398, -51.122 ], [ -72.399, -51.121 ], [ -72.399, -51.121 ], [ -72.400, -51.120 ], [ -72.400, -51.119 ], [ -72.401, -51.119 ], [ -72.401, -51.118 ], [ -72.401, -51.118 ], [ -72.401, -51.117 ], [ -72.401, -51.116 ], [ -72.401, -51.115 ], [ -72.401, -51.114 ], [ -72.401, -51.114 ], [ -72.402, -51.113 ], [ -72.402, -51.112 ], [ -72.403, -51.112 ], [ -72.403, -51.111 ], [ -72.403, -51.109 ], [ -72.403, -51.108 ], [ -72.404, -51.107 ], [ -72.404, -51.106 ], [ -72.404, -51.105 ], [ -72.404, -51.105 ], [ -72.403, -51.103 ], [ -72.402, -51.102 ], [ -72.402, -51.101 ], [ -72.402, -51.099 ], [ -72.366, -51.099 ], [ -72.333, -51.099 ], [ -72.299, -51.099 ], [ -72.299, -51.133 ], [ -72.266, -51.133 ], [ -72.233, -51.133 ], [ -72.199, -51.133 ], [ -72.199, -51.166 ], [ -72.166, -51.166 ], [ -72.166, -51.199 ] ] ], [ [ [ -70.666, -51.099 ], [ -70.666, -51.133 ], [ -70.666, -51.166 ], [ -70.633, -51.166 ], [ -70.633, -51.199 ], [ -70.599, -51.199 ], [ -70.599, -51.233 ], [ -70.633, -51.233 ], [ -70.633, -51.266 ], [ -70.666, -51.266 ], [ -70.666, -51.299 ], [ -70.699, -51.299 ], [ -70.699, -51.266 ], [ -70.733, -51.266 ], [ -70.766, -51.266 ], [ -70.799, -51.266 ], [ -70.833, -51.266 ], [ -70.833, -51.233 ], [ -70.866, -51.233 ], [ -70.899, -51.233 ], [ -70.933, -51.233 ], [ -70.966, -51.233 ], [ -70.966, -51.266 ], [ -70.966, -51.299 ], [ -70.933, -51.299 ], [ -70.899, -51.299 ], [ -70.899, -51.333 ], [ -70.866, -51.333 ], [ -70.833, -51.333 ], [ -70.799, -51.333 ], [ -70.799, -51.366 ], [ -70.766, -51.366 ], [ -70.733, -51.366 ], [ -70.699, -51.366 ], [ -70.666, -51.366 ], [ -70.666, -51.399 ], [ -70.699, -51.399 ], [ -70.733, -51.399 ], [ -70.766, -51.399 ], [ -70.799, -51.399 ], [ -70.833, -51.399 ], [ -70.866, -51.399 ], [ -70.899, -51.399 ], [ -70.933, -51.399 ], [ -70.966, -51.399 ], [ -70.999, -51.399 ], [ -70.999, -51.366 ], [ -70.999, -51.333 ], [ -70.999, -51.299 ], [ -70.999, -51.266 ], [ -70.999, -51.233 ], [ -70.999, -51.199 ], [ -70.999, -51.166 ], [ -70.999, -51.133 ], [ -70.999, -51.099 ], [ -70.999, -51.066 ], [ -70.966, -51.066 ], [ -70.966, -51.099 ], [ -70.933, -51.099 ], [ -70.933, -51.066 ], [ -70.899, -51.066 ], [ -70.866, -51.066 ], [ -70.833, -51.066 ], [ -70.799, -51.066 ], [ -70.766, -51.066 ], [ -70.733, -51.066 ], [ -70.699, -51.066 ], [ -70.666, -51.066 ], [ -70.666, -51.099 ] ] ], [ [ [ -71.133, -50.966 ], [ -71.166, -50.966 ], [ -71.166, -50.933 ], [ -71.133, -50.933 ], [ -71.133, -50.966 ] ] ], [ [ [ -71.766, -50.899 ], [ -71.799, -50.899 ], [ -71.799, -50.866 ], [ -71.766, -50.866 ], [ -71.766, -50.899 ] ] ], [ [ [ -73.065, -50.785 ], [ -73.066, -50.786 ], [ -73.066, -50.733 ], [ -73.033, -50.733 ], [ -73.033, -50.759 ], [ -73.037, -50.760 ], [ -73.039, -50.761 ], [ -73.041, -50.761 ], [ -73.044, -50.763 ], [ -73.049, -50.767 ], [ -73.051, -50.769 ], [ -73.055, -50.771 ], [ -73.056, -50.772 ], [ -73.059, -50.777 ], [ -73.063, -50.782 ], [ -73.065, -50.785 ] ] ], [ [ [ -73.033, -50.666 ], [ -73.033, -50.699 ], [ -73.066, -50.699 ], [ -73.099, -50.699 ], [ -73.099, -50.666 ], [ -73.066, -50.666 ], [ -73.033, -50.666 ] ] ], [ [ [ -73.033, -50.666 ], [ -73.033, -50.633 ], [ -72.999, -50.633 ], [ -72.999, -50.666 ], [ -73.033, -50.666 ] ] ], [ [ [ -72.899, -50.633 ], [ -72.899, -50.666 ], [ -72.933, -50.666 ], [ -72.933, -50.633 ], [ -72.899, -50.633 ] ] ], [ [ [ -72.999, -50.633 ], [ -72.999, -50.599 ], [ -72.966, -50.599 ], [ -72.966, -50.633 ], [ -72.999, -50.633 ] ] ], [ [ [ -73.033, -50.599 ], [ -73.066, -50.599 ], [ -73.066, -50.566 ], [ -73.033, -50.566 ], [ -73.033, -50.599 ] ] ], [ [ [ -72.899, -50.633 ], [ -72.899, -50.599 ], [ -72.899, -50.566 ], [ -72.866, -50.566 ], [ -72.866, -50.599 ], [ -72.866, -50.633 ], [ -72.899, -50.633 ] ] ], [ [ [ -72.799, -50.566 ], [ -72.833, -50.566 ], [ -72.833, -50.533 ], [ -72.799, -50.533 ], [ -72.799, -50.566 ] ] ], [ [ [ -73.099, -50.499 ], [ -73.066, -50.499 ], [ -73.066, -50.533 ], [ -73.099, -50.533 ], [ -73.099, -50.499 ] ] ], [ [ [ -72.966, -50.533 ], [ -72.999, -50.533 ], [ -72.999, -50.499 ], [ -72.966, -50.499 ], [ -72.966, -50.533 ] ] ], [ [ [ -72.699, -50.566 ], [ -72.733, -50.566 ], [ -72.733, -50.533 ], [ -72.733, -50.499 ], [ -72.699, -50.499 ], [ -72.666, -50.499 ], [ -72.666, -50.533 ], [ -72.699, -50.533 ], [ -72.699, -50.566 ] ] ], [ [ [ -73.099, -50.499 ], [ -73.133, -50.499 ], [ -73.133, -50.466 ], [ -73.099, -50.466 ], [ -73.099, -50.499 ] ] ], [ [ [ -72.899, -50.499 ], [ -72.933, -50.499 ], [ -72.933, -50.466 ], [ -72.899, -50.466 ], [ -72.899, -50.499 ] ] ], [ [ [ -72.599, -50.499 ], [ -72.633, -50.499 ], [ -72.633, -50.466 ], [ -72.599, -50.466 ], [ -72.566, -50.466 ], [ -72.566, -50.499 ], [ -72.599, -50.499 ] ] ], [ [ [ -72.999, -50.466 ], [ -73.033, -50.466 ], [ -73.033, -50.433 ], [ -72.999, -50.433 ], [ -72.999, -50.466 ] ] ], [ [ [ -72.499, -50.466 ], [ -72.533, -50.466 ], [ -72.533, -50.433 ], [ -72.499, -50.433 ], [ -72.499, -50.466 ] ] ], [ [ [ -73.166, -50.399 ], [ -73.166, -50.433 ], [ -73.199, -50.433 ], [ -73.199, -50.399 ], [ -73.166, -50.399 ] ] ], [ [ [ -73.433, -50.366 ], [ -73.399, -50.366 ], [ -73.366, -50.366 ], [ -73.366, -50.399 ], [ -73.399, -50.399 ], [ -73.433, -50.399 ], [ -73.433, -50.366 ] ] ], [ [ [ -73.299, -50.399 ], [ -73.333, -50.399 ], [ -73.333, -50.366 ], [ -73.299, -50.366 ], [ -73.299, -50.399 ] ] ], [ [ [ -72.433, -50.466 ], [ -72.466, -50.466 ], [ -72.466, -50.433 ], [ -72.466, -50.399 ], [ -72.433, -50.399 ], [ -72.433, -50.366 ], [ -72.399, -50.366 ], [ -72.366, -50.366 ], [ -72.333, -50.366 ], [ -72.333, -50.399 ], [ -72.366, -50.399 ], [ -72.399, -50.399 ], [ -72.399, -50.433 ], [ -72.399, -50.466 ], [ -72.433, -50.466 ] ] ], [ [ [ -73.433, -50.366 ], [ -73.466, -50.366 ], [ -73.474, -50.358 ], [ -73.475, -50.356 ], [ -73.475, -50.354 ], [ -73.473, -50.351 ], [ -73.471, -50.347 ], [ -73.469, -50.344 ], [ -73.470, -50.342 ], [ -73.471, -50.341 ], [ -73.472, -50.339 ], [ -73.466, -50.333 ], [ -73.433, -50.333 ], [ -73.433, -50.366 ] ] ], [ [ [ -73.266, -50.333 ], [ -73.233, -50.333 ], [ -73.233, -50.366 ], [ -73.266, -50.366 ], [ -73.266, -50.333 ] ] ], [ [ [ -73.166, -50.399 ], [ -73.166, -50.366 ], [ -73.166, -50.333 ], [ -73.133, -50.333 ], [ -73.133, -50.366 ], [ -73.133, -50.399 ], [ -73.166, -50.399 ] ] ], [ [ [ -73.033, -50.333 ], [ -72.999, -50.333 ], [ -72.966, -50.333 ], [ -72.966, -50.366 ], [ -72.999, -50.366 ], [ -73.033, -50.366 ], [ -73.033, -50.333 ] ] ], [ [ [ -72.766, -50.333 ], [ -72.766, -50.366 ], [ -72.733, -50.366 ], [ -72.733, -50.399 ], [ -72.766, -50.399 ], [ -72.766, -50.433 ], [ -72.766, -50.466 ], [ -72.799, -50.466 ], [ -72.833, -50.466 ], [ -72.833, -50.433 ], [ -72.799, -50.433 ], [ -72.799, -50.399 ], [ -72.799, -50.366 ], [ -72.799, -50.333 ], [ -72.766, -50.333 ] ] ], [ [ [ -72.666, -50.366 ], [ -72.699, -50.366 ], [ -72.699, -50.333 ], [ -72.666, -50.333 ], [ -72.633, -50.333 ], [ -72.599, -50.333 ], [ -72.566, -50.333 ], [ -72.566, -50.366 ], [ -72.599, -50.366 ], [ -72.633, -50.366 ], [ -72.666, -50.366 ] ] ], [ [ [ -71.466, -50.399 ], [ -71.466, -50.433 ], [ -71.466, -50.466 ], [ -71.466, -50.499 ], [ -71.433, -50.499 ], [ -71.433, -50.533 ], [ -71.466, -50.533 ], [ -71.499, -50.533 ], [ -71.499, -50.499 ], [ -71.533, -50.499 ], [ -71.566, -50.499 ], [ -71.566, -50.533 ], [ -71.566, -50.566 ], [ -71.566, -50.599 ], [ -71.566, -50.633 ], [ -71.566, -50.666 ], [ -71.599, -50.666 ], [ -71.633, -50.666 ], [ -71.666, -50.666 ], [ -71.699, -50.666 ], [ -71.699, -50.699 ], [ -71.699, -50.733 ], [ -71.699, -50.766 ], [ -71.699, -50.799 ], [ -71.699, -50.833 ], [ -71.733, -50.833 ], [ -71.766, -50.833 ], [ -71.799, -50.833 ], [ -71.833, -50.833 ], [ -71.866, -50.833 ], [ -71.899, -50.833 ], [ -71.933, -50.833 ], [ -71.933, -50.799 ], [ -71.966, -50.799 ], [ -71.966, -50.833 ], [ -71.999, -50.833 ], [ -71.999, -50.866 ], [ -72.033, -50.866 ], [ -72.033, -50.899 ], [ -72.066, -50.899 ], [ -72.066, -50.866 ], [ -72.099, -50.866 ], [ -72.133, -50.866 ], [ -72.166, -50.866 ], [ -72.199, -50.866 ], [ -72.233, -50.866 ], [ -72.270, -50.866 ], [ -72.271, -50.864 ], [ -72.271, -50.864 ], [ -72.271, -50.863 ], [ -72.272, -50.863 ], [ -72.271, -50.862 ], [ -72.271, -50.862 ], [ -72.271, -50.861 ], [ -72.271, -50.859 ], [ -72.272, -50.857 ], [ -72.271, -50.857 ], [ -72.271, -50.856 ], [ -72.271, -50.855 ], [ -72.271, -50.855 ], [ -72.270, -50.854 ], [ -72.270, -50.854 ], [ -72.270, -50.853 ], [ -72.270, -50.853 ], [ -72.269, -50.852 ], [ -72.269, -50.852 ], [ -72.269, -50.852 ], [ -72.269, -50.851 ], [ -72.268, -50.850 ], [ -72.268, -50.850 ], [ -72.268, -50.848 ], [ -72.268, -50.848 ], [ -72.268, -50.847 ], [ -72.268, -50.846 ], [ -72.268, -50.846 ], [ -72.267, -50.846 ], [ -72.267, -50.846 ], [ -72.267, -50.845 ], [ -72.267, -50.845 ], [ -72.267, -50.844 ], [ -72.267, -50.844 ], [ -72.267, -50.844 ], [ -72.266, -50.844 ], [ -72.266, -50.844 ], [ -72.266, -50.843 ], [ -72.266, -50.843 ], [ -72.265, -50.842 ], [ -72.265, -50.842 ], [ -72.265, -50.841 ], [ -72.265, -50.840 ], [ -72.265, -50.840 ], [ -72.265, -50.840 ], [ -72.265, -50.839 ], [ -72.264, -50.839 ], [ -72.264, -50.839 ], [ -72.264, -50.838 ], [ -72.264, -50.838 ], [ -72.264, -50.837 ], [ -72.265, -50.837 ], [ -72.265, -50.836 ], [ -72.265, -50.836 ], [ -72.266, -50.836 ], [ -72.267, -50.835 ], [ -72.268, -50.835 ], [ -72.268, -50.835 ], [ -72.266, -50.833 ], [ -72.233, -50.833 ], [ -72.199, -50.833 ], [ -72.166, -50.833 ], [ -72.133, -50.833 ], [ -72.099, -50.833 ], [ -72.066, -50.833 ], [ -72.066, -50.799 ], [ -72.066, -50.766 ], [ -72.033, -50.766 ], [ -71.999, -50.766 ], [ -71.966, -50.766 ], [ -71.933, -50.766 ], [ -71.899, -50.766 ], [ -71.899, -50.799 ], [ -71.866, -50.799 ], [ -71.833, -50.799 ], [ -71.799, -50.799 ], [ -71.799, -50.766 ], [ -71.799, -50.733 ], [ -71.799, -50.699 ], [ -71.766, -50.699 ], [ -71.766, -50.666 ], [ -71.766, -50.633 ], [ -71.766, -50.599 ], [ -71.766, -50.566 ], [ -71.766, -50.533 ], [ -71.799, -50.533 ], [ -71.833, -50.533 ], [ -71.833, -50.499 ], [ -71.866, -50.499 ], [ -71.899, -50.499 ], [ -71.933, -50.499 ], [ -71.933, -50.466 ], [ -71.933, -50.433 ], [ -71.966, -50.433 ], [ -71.999, -50.433 ], [ -72.033, -50.433 ], [ -72.033, -50.399 ], [ -72.066, -50.399 ], [ -72.066, -50.366 ], [ -72.099, -50.366 ], [ -72.133, -50.366 ], [ -72.166, -50.366 ], [ -72.199, -50.366 ], [ -72.199, -50.399 ], [ -72.233, -50.399 ], [ -72.266, -50.399 ], [ -72.266, -50.366 ], [ -72.233, -50.366 ], [ -72.233, -50.333 ], [ -72.199, -50.333 ], [ -72.166, -50.333 ], [ -72.133, -50.333 ], [ -72.099, -50.333 ], [ -72.066, -50.333 ], [ -72.033, -50.333 ], [ -71.999, -50.333 ], [ -71.999, -50.366 ], [ -71.999, -50.399 ], [ -71.966, -50.399 ], [ -71.933, -50.399 ], [ -71.899, -50.399 ], [ -71.866, -50.399 ], [ -71.833, -50.399 ], [ -71.833, -50.366 ], [ -71.799, -50.366 ], [ -71.766, -50.366 ], [ -71.733, -50.366 ], [ -71.699, -50.366 ], [ -71.666, -50.366 ], [ -71.633, -50.366 ], [ -71.599, -50.366 ], [ -71.566, -50.366 ], [ -71.533, -50.366 ], [ -71.533, -50.333 ], [ -71.499, -50.333 ], [ -71.466, -50.333 ], [ -71.466, -50.366 ], [ -71.466, -50.399 ] ], [ [ -71.799, -50.399 ], [ -71.799, -50.433 ], [ -71.766, -50.433 ], [ -71.766, -50.466 ], [ -71.733, -50.466 ], [ -71.699, -50.466 ], [ -71.699, -50.433 ], [ -71.699, -50.399 ], [ -71.733, -50.399 ], [ -71.766, -50.399 ], [ -71.799, -50.399 ] ] ], [ [ [ -73.033, -50.333 ], [ -73.066, -50.333 ], [ -73.066, -50.299 ], [ -73.033, -50.299 ], [ -73.033, -50.333 ] ] ], [ [ [ -73.199, -50.299 ], [ -73.233, -50.299 ], [ -73.233, -50.266 ], [ -73.199, -50.266 ], [ -73.166, -50.266 ], [ -73.133, -50.266 ], [ -73.133, -50.299 ], [ -73.166, -50.299 ], [ -73.199, -50.299 ] ] ], [ [ [ -72.999, -50.266 ], [ -72.966, -50.266 ], [ -72.933, -50.266 ], [ -72.899, -50.266 ], [ -72.899, -50.299 ], [ -72.933, -50.299 ], [ -72.966, -50.299 ], [ -72.999, -50.299 ], [ -72.999, -50.266 ] ] ], [ [ [ -73.399, -50.299 ], [ -73.433, -50.299 ], [ -73.433, -50.266 ], [ -73.399, -50.266 ], [ -73.399, -50.233 ], [ -73.366, -50.233 ], [ -73.366, -50.266 ], [ -73.366, -50.299 ], [ -73.399, -50.299 ] ] ], [ [ [ -73.266, -50.333 ], [ -73.299, -50.333 ], [ -73.299, -50.299 ], [ -73.299, -50.266 ], [ -73.299, -50.233 ], [ -73.266, -50.233 ], [ -73.266, -50.266 ], [ -73.266, -50.299 ], [ -73.266, -50.333 ] ] ], [ [ [ -72.999, -50.266 ], [ -73.033, -50.266 ], [ -73.066, -50.266 ], [ -73.066, -50.233 ], [ -73.033, -50.233 ], [ -72.999, -50.233 ], [ -72.999, -50.266 ] ] ], [ [ [ -73.266, -50.233 ], [ -73.266, -50.199 ], [ -73.233, -50.199 ], [ -73.233, -50.233 ], [ -73.266, -50.233 ] ] ], [ [ [ -73.099, -50.233 ], [ -73.133, -50.233 ], [ -73.133, -50.199 ], [ -73.099, -50.199 ], [ -73.099, -50.233 ] ] ], [ [ [ -72.966, -50.199 ], [ -72.999, -50.199 ], [ -72.999, -50.166 ], [ -72.966, -50.166 ], [ -72.933, -50.166 ], [ -72.899, -50.166 ], [ -72.866, -50.166 ], [ -72.866, -50.199 ], [ -72.899, -50.199 ], [ -72.933, -50.199 ], [ -72.966, -50.199 ] ] ], [ [ [ -69.399, -51.066 ], [ -69.433, -51.066 ], [ -69.433, -51.099 ], [ -69.399, -51.099 ], [ -69.399, -51.066 ], [ -69.366, -51.066 ], [ -69.366, -51.033 ], [ -69.333, -51.033 ], [ -69.299, -51.033 ], [ -69.266, -51.033 ], [ -69.266, -50.999 ], [ -69.233, -50.999 ], [ -69.199, -50.999 ], [ -69.199, -50.966 ], [ -69.133, -50.966 ], [ -69.129, -50.966 ], [ -69.122, -50.973 ], [ -69.112, -50.989 ], [ -69.108, -51.023 ], [ -69.104, -51.037 ], [ -69.097, -51.049 ], [ -69.095, -51.070 ], [ -69.090, -51.084 ], [ -69.086, -51.091 ], [ -69.082, -51.111 ], [ -69.078, -51.118 ], [ -69.077, -51.128 ], [ -69.066, -51.159 ], [ -69.053, -51.184 ], [ -69.046, -51.192 ], [ -69.040, -51.208 ], [ -69.034, -51.217 ], [ -69.033, -51.228 ], [ -69.025, -51.245 ], [ -69.024, -51.252 ], [ -69.017, -51.273 ], [ -69.007, -51.293 ], [ -69.004, -51.311 ], [ -68.990, -51.338 ], [ -68.986, -51.349 ], [ -68.985, -51.359 ], [ -68.978, -51.379 ], [ -68.976, -51.387 ], [ -68.968, -51.402 ], [ -68.966, -51.412 ], [ -68.959, -51.428 ], [ -68.953, -51.445 ], [ -68.919, -51.503 ], [ -68.915, -51.512 ], [ -68.907, -51.523 ], [ -68.906, -51.534 ], [ -68.902, -51.549 ], [ -68.903, -51.558 ], [ -68.919, -51.585 ], [ -68.939, -51.598 ], [ -68.923, -51.609 ], [ -68.915, -51.617 ], [ -68.908, -51.630 ], [ -68.897, -51.646 ], [ -68.892, -51.661 ], [ -68.880, -51.681 ], [ -68.809, -51.767 ], [ -68.740, -51.870 ], [ -68.709, -51.918 ], [ -68.697, -51.932 ], [ -68.672, -51.964 ], [ -68.668, -51.968 ], [ -68.699, -51.999 ], [ -68.733, -51.999 ], [ -68.733, -52.033 ], [ -68.733, -52.066 ], [ -68.699, -52.066 ], [ -68.699, -52.099 ], [ -68.699, -52.133 ], [ -68.666, -52.133 ], [ -68.633, -52.133 ], [ -68.633, -52.166 ], [ -68.599, -52.166 ], [ -68.566, -52.166 ], [ -68.533, -52.166 ], [ -68.533, -52.199 ], [ -68.499, -52.199 ], [ -68.499, -52.233 ], [ -68.499, -52.266 ], [ -68.466, -52.266 ], [ -68.433, -52.266 ], [ -68.433, -52.299 ], [ -68.466, -52.299 ], [ -68.466, -52.330 ], [ -68.478, -52.330 ], [ -68.501, -52.329 ], [ -68.513, -52.329 ], [ -68.543, -52.327 ], [ -68.554, -52.326 ], [ -68.563, -52.325 ], [ -68.573, -52.325 ], [ -68.575, -52.322 ], [ -68.578, -52.317 ], [ -68.583, -52.310 ], [ -68.586, -52.306 ], [ -68.601, -52.304 ], [ -68.614, -52.301 ], [ -68.622, -52.300 ], [ -68.633, -52.298 ], [ -68.649, -52.295 ], [ -68.662, -52.293 ], [ -68.670, -52.292 ], [ -68.676, -52.291 ], [ -68.688, -52.289 ], [ -68.697, -52.287 ], [ -68.709, -52.285 ], [ -68.724, -52.284 ], [ -68.735, -52.283 ], [ -68.745, -52.283 ], [ -68.752, -52.282 ], [ -68.770, -52.281 ], [ -68.786, -52.280 ], [ -68.797, -52.280 ], [ -68.810, -52.279 ], [ -68.823, -52.278 ], [ -68.838, -52.277 ], [ -68.848, -52.272 ], [ -68.869, -52.261 ], [ -68.882, -52.255 ], [ -68.895, -52.249 ], [ -68.915, -52.239 ], [ -68.921, -52.236 ], [ -68.936, -52.228 ], [ -68.944, -52.224 ], [ -68.952, -52.220 ], [ -68.963, -52.215 ], [ -68.971, -52.211 ], [ -68.984, -52.204 ], [ -68.987, -52.203 ], [ -69.000, -52.200 ], [ -69.011, -52.198 ], [ -69.026, -52.195 ], [ -69.038, -52.193 ], [ -69.051, -52.190 ], [ -69.061, -52.188 ], [ -69.072, -52.186 ], [ -69.078, -52.185 ], [ -69.087, -52.182 ], [ -69.096, -52.179 ], [ -69.107, -52.176 ], [ -69.125, -52.170 ], [ -69.134, -52.167 ], [ -69.139, -52.166 ], [ -69.152, -52.162 ], [ -69.168, -52.157 ], [ -69.176, -52.154 ], [ -69.190, -52.150 ], [ -69.486, -52.151 ], [ -69.999, -52.000 ], [ -70.366, -52.000 ], [ -70.366, -51.966 ], [ -70.366, -51.933 ], [ -70.399, -51.933 ], [ -70.399, -51.899 ], [ -70.366, -51.899 ], [ -70.333, -51.899 ], [ -70.333, -51.866 ], [ -70.299, -51.866 ], [ -70.266, -51.866 ], [ -70.266, -51.833 ], [ -70.233, -51.833 ], [ -70.199, -51.833 ], [ -70.199, -51.799 ], [ -70.166, -51.799 ], [ -70.166, -51.766 ], [ -70.166, -51.733 ], [ -70.133, -51.733 ], [ -70.099, -51.733 ], [ -70.066, -51.733 ], [ -70.033, -51.733 ], [ -69.999, -51.733 ], [ -69.966, -51.733 ], [ -69.933, -51.733 ], [ -69.933, -51.699 ], [ -69.899, -51.699 ], [ -69.899, -51.666 ], [ -69.933, -51.666 ], [ -69.966, -51.666 ], [ -69.999, -51.666 ], [ -69.999, -51.633 ], [ -70.033, -51.633 ], [ -70.066, -51.633 ], [ -70.066, -51.666 ], [ -70.099, -51.666 ], [ -70.133, -51.666 ], [ -70.166, -51.666 ], [ -70.199, -51.666 ], [ -70.233, -51.666 ], [ -70.233, -51.699 ], [ -70.266, -51.699 ], [ -70.299, -51.699 ], [ -70.333, -51.699 ], [ -70.366, -51.699 ], [ -70.399, -51.699 ], [ -70.433, -51.699 ], [ -70.433, -51.666 ], [ -70.399, -51.666 ], [ -70.399, -51.633 ], [ -70.433, -51.633 ], [ -70.466, -51.633 ], [ -70.499, -51.633 ], [ -70.533, -51.633 ], [ -70.566, -51.633 ], [ -70.566, -51.666 ], [ -70.599, -51.666 ], [ -70.599, -51.633 ], [ -70.633, -51.633 ], [ -70.666, -51.633 ], [ -70.699, -51.633 ], [ -70.733, -51.633 ], [ -70.733, -51.666 ], [ -70.699, -51.666 ], [ -70.666, -51.666 ], [ -70.633, -51.666 ], [ -70.599, -51.666 ], [ -70.599, -51.699 ], [ -70.566, -51.699 ], [ -70.566, -51.733 ], [ -70.533, -51.733 ], [ -70.533, -51.766 ], [ -70.533, -51.799 ], [ -70.566, -51.799 ], [ -70.599, -51.799 ], [ -70.599, -51.833 ], [ -70.633, -51.833 ], [ -70.666, -51.833 ], [ -70.666, -51.799 ], [ -70.633, -51.799 ], [ -70.633, -51.766 ], [ -70.666, -51.766 ], [ -70.666, -51.733 ], [ -70.699, -51.733 ], [ -70.733, -51.733 ], [ -70.733, -51.766 ], [ -70.733, -51.799 ], [ -70.766, -51.799 ], [ -70.799, -51.799 ], [ -70.833, -51.799 ], [ -70.833, -51.766 ], [ -70.866, -51.766 ], [ -70.866, -51.733 ], [ -70.899, -51.733 ], [ -70.933, -51.733 ], [ -70.966, -51.733 ], [ -70.999, -51.733 ], [ -71.033, -51.733 ], [ -71.033, -51.699 ], [ -71.033, -51.666 ], [ -70.999, -51.666 ], [ -70.999, -51.633 ], [ -71.033, -51.633 ], [ -71.033, -51.599 ], [ -70.999, -51.599 ], [ -70.999, -51.566 ], [ -70.999, -51.533 ], [ -70.999, -51.499 ], [ -70.966, -51.499 ], [ -70.933, -51.499 ], [ -70.933, -51.466 ], [ -70.899, -51.466 ], [ -70.899, -51.499 ], [ -70.899, -51.533 ], [ -70.866, -51.533 ], [ -70.866, -51.499 ], [ -70.833, -51.499 ], [ -70.833, -51.533 ], [ -70.833, -51.566 ], [ -70.833, -51.599 ], [ -70.833, -51.633 ], [ -70.799, -51.633 ], [ -70.799, -51.599 ], [ -70.766, -51.599 ], [ -70.733, -51.599 ], [ -70.733, -51.566 ], [ -70.699, -51.566 ], [ -70.666, -51.566 ], [ -70.633, -51.566 ], [ -70.599, -51.566 ], [ -70.566, -51.566 ], [ -70.533, -51.566 ], [ -70.533, -51.533 ], [ -70.499, -51.533 ], [ -70.466, -51.533 ], [ -70.433, -51.533 ], [ -70.433, -51.499 ], [ -70.399, -51.499 ], [ -70.366, -51.499 ], [ -70.333, -51.499 ], [ -70.299, -51.499 ], [ -70.299, -51.466 ], [ -70.266, -51.466 ], [ -70.266, -51.433 ], [ -70.233, -51.433 ], [ -70.199, -51.433 ], [ -70.166, -51.433 ], [ -70.133, -51.433 ], [ -70.133, -51.399 ], [ -70.166, -51.399 ], [ -70.199, -51.399 ], [ -70.199, -51.366 ], [ -70.233, -51.366 ], [ -70.233, -51.333 ], [ -70.266, -51.333 ], [ -70.266, -51.299 ], [ -70.299, -51.299 ], [ -70.299, -51.266 ], [ -70.299, -51.233 ], [ -70.333, -51.233 ], [ -70.333, -51.266 ], [ -70.366, -51.266 ], [ -70.366, -51.233 ], [ -70.366, -51.199 ], [ -70.399, -51.199 ], [ -70.399, -51.166 ], [ -70.433, -51.166 ], [ -70.433, -51.133 ], [ -70.466, -51.133 ], [ -70.466, -51.099 ], [ -70.466, -51.066 ], [ -70.499, -51.066 ], [ -70.499, -51.033 ], [ -70.533, -51.033 ], [ -70.533, -50.999 ], [ -70.566, -50.999 ], [ -70.599, -50.999 ], [ -70.633, -50.999 ], [ -70.633, -50.966 ], [ -70.666, -50.966 ], [ -70.699, -50.966 ], [ -70.733, -50.966 ], [ -70.733, -50.933 ], [ -70.766, -50.933 ], [ -70.799, -50.933 ], [ -70.833, -50.933 ], [ -70.866, -50.933 ], [ -70.899, -50.933 ], [ -70.933, -50.933 ], [ -70.966, -50.933 ], [ -70.966, -50.899 ], [ -70.999, -50.899 ], [ -70.999, -50.866 ], [ -70.999, -50.833 ], [ -70.999, -50.799 ], [ -71.033, -50.799 ], [ -71.033, -50.766 ], [ -71.066, -50.766 ], [ -71.066, -50.733 ], [ -71.099, -50.733 ], [ -71.099, -50.699 ], [ -71.133, -50.699 ], [ -71.133, -50.666 ], [ -71.166, -50.666 ], [ -71.166, -50.633 ], [ -71.133, -50.633 ], [ -71.099, -50.633 ], [ -71.066, -50.633 ], [ -71.033, -50.633 ], [ -71.033, -50.599 ], [ -71.033, -50.566 ], [ -71.033, -50.533 ], [ -71.066, -50.533 ], [ -71.066, -50.499 ], [ -71.066, -50.466 ], [ -71.066, -50.433 ], [ -71.099, -50.433 ], [ -71.133, -50.433 ], [ -71.133, -50.399 ], [ -71.166, -50.399 ], [ -71.199, -50.399 ], [ -71.199, -50.366 ], [ -71.233, -50.366 ], [ -71.266, -50.366 ], [ -71.266, -50.333 ], [ -71.299, -50.333 ], [ -71.333, -50.333 ], [ -71.366, -50.333 ], [ -71.366, -50.299 ], [ -71.333, -50.299 ], [ -71.299, -50.299 ], [ -71.266, -50.299 ], [ -71.233, -50.299 ], [ -71.199, -50.299 ], [ -71.199, -50.333 ], [ -71.166, -50.333 ], [ -71.166, -50.299 ], [ -71.133, -50.299 ], [ -71.099, -50.299 ], [ -71.099, -50.333 ], [ -71.066, -50.333 ], [ -71.033, -50.333 ], [ -71.033, -50.299 ], [ -70.999, -50.299 ], [ -70.966, -50.299 ], [ -70.933, -50.299 ], [ -70.899, -50.299 ], [ -70.866, -50.299 ], [ -70.866, -50.266 ], [ -70.866, -50.233 ], [ -70.833, -50.233 ], [ -70.799, -50.233 ], [ -70.766, -50.233 ], [ -70.766, -50.266 ], [ -70.733, -50.266 ], [ -70.699, -50.266 ], [ -70.666, -50.266 ], [ -70.633, -50.266 ], [ -70.599, -50.266 ], [ -70.566, -50.266 ], [ -70.533, -50.266 ], [ -70.499, -50.266 ], [ -70.466, -50.266 ], [ -70.433, -50.266 ], [ -70.399, -50.266 ], [ -70.366, -50.266 ], [ -70.333, -50.266 ], [ -70.333, -50.299 ], [ -70.299, -50.299 ], [ -70.266, -50.299 ], [ -70.233, -50.299 ], [ -70.199, -50.299 ], [ -70.166, -50.299 ], [ -70.133, -50.299 ], [ -70.133, -50.266 ], [ -70.099, -50.266 ], [ -70.066, -50.266 ], [ -70.033, -50.266 ], [ -69.999, -50.266 ], [ -69.999, -50.233 ], [ -69.966, -50.233 ], [ -69.966, -50.266 ], [ -69.933, -50.266 ], [ -69.933, -50.299 ], [ -69.899, -50.299 ], [ -69.866, -50.299 ], [ -69.866, -50.266 ], [ -69.833, -50.266 ], [ -69.799, -50.266 ], [ -69.766, -50.266 ], [ -69.733, -50.266 ], [ -69.699, -50.266 ], [ -69.699, -50.233 ], [ -69.666, -50.233 ], [ -69.666, -50.199 ], [ -69.633, -50.199 ], [ -69.599, -50.199 ], [ -69.566, -50.199 ], [ -69.533, -50.199 ], [ -69.499, -50.199 ], [ -69.466, -50.199 ], [ -69.433, -50.199 ], [ -69.399, -50.199 ], [ -69.366, -50.199 ], [ -69.333, -50.199 ], [ -69.333, -50.233 ], [ -69.299, -50.233 ], [ -69.299, -50.199 ], [ -69.266, -50.199 ], [ -69.233, -50.199 ], [ -69.233, -50.233 ], [ -69.199, -50.233 ], [ -69.199, -50.199 ], [ -69.166, -50.199 ], [ -69.133, -50.199 ], [ -69.099, -50.199 ], [ -69.066, -50.199 ], [ -69.033, -50.199 ], [ -69.033, -50.166 ], [ -68.999, -50.166 ], [ -68.999, -50.199 ], [ -68.966, -50.199 ], [ -68.933, -50.199 ], [ -68.899, -50.199 ], [ -68.866, -50.199 ], [ -68.833, -50.199 ], [ -68.799, -50.199 ], [ -68.799, -50.233 ], [ -68.766, -50.233 ], [ -68.766, -50.266 ], [ -68.799, -50.266 ], [ -68.833, -50.266 ], [ -68.866, -50.266 ], [ -68.899, -50.266 ], [ -68.899, -50.299 ], [ -68.933, -50.299 ], [ -68.966, -50.299 ], [ -68.966, -50.333 ], [ -68.999, -50.333 ], [ -69.033, -50.333 ], [ -69.033, -50.366 ], [ -69.066, -50.366 ], [ -69.066, -50.399 ], [ -69.066, -50.433 ], [ -69.099, -50.433 ], [ -69.099, -50.466 ], [ -69.066, -50.466 ], [ -69.066, -50.499 ], [ -69.099, -50.499 ], [ -69.133, -50.499 ], [ -69.133, -50.533 ], [ -69.166, -50.533 ], [ -69.166, -50.566 ], [ -69.199, -50.566 ], [ -69.233, -50.566 ], [ -69.233, -50.599 ], [ -69.199, -50.599 ], [ -69.199, -50.633 ], [ -69.233, -50.633 ], [ -69.266, -50.633 ], [ -69.266, -50.666 ], [ -69.299, -50.666 ], [ -69.333, -50.666 ], [ -69.333, -50.699 ], [ -69.299, -50.699 ], [ -69.266, -50.699 ], [ -69.266, -50.733 ], [ -69.233, -50.733 ], [ -69.199, -50.733 ], [ -69.199, -50.766 ], [ -69.166, -50.766 ], [ -69.166, -50.799 ], [ -69.166, -50.833 ], [ -69.166, -50.866 ], [ -69.199, -50.866 ], [ -69.199, -50.899 ], [ -69.199, -50.933 ], [ -69.233, -50.933 ], [ -69.266, -50.933 ], [ -69.299, -50.933 ], [ -69.333, -50.933 ], [ -69.366, -50.933 ], [ -69.366, -50.966 ], [ -69.366, -50.999 ], [ -69.399, -50.999 ], [ -69.399, -51.033 ], [ -69.399, -51.066 ] ], [ [ -69.233, -50.799 ], [ -69.233, -50.766 ], [ -69.266, -50.766 ], [ -69.266, -50.799 ], [ -69.266, -50.833 ], [ -69.233, -50.833 ], [ -69.233, -50.799 ] ], [ [ -70.099, -51.433 ], [ -70.099, -51.466 ], [ -70.066, -51.466 ], [ -70.033, -51.466 ], [ -70.033, -51.433 ], [ -70.066, -51.433 ], [ -70.099, -51.433 ] ] ], [ [ [ -70.333, -51.633 ], [ -70.333, -51.666 ], [ -70.299, -51.666 ], [ -70.299, -51.633 ], [ -70.333, -51.633 ] ] ], [ [ [ -73.299, -50.166 ], [ -73.333, -50.166 ], [ -73.333, -50.133 ], [ -73.299, -50.133 ], [ -73.299, -50.166 ] ] ], [ [ [ -72.733, -50.133 ], [ -72.733, -50.166 ], [ -72.766, -50.166 ], [ -72.766, -50.133 ], [ -72.733, -50.133 ] ] ], [ [ [ -73.399, -50.099 ], [ -73.399, -50.133 ], [ -73.433, -50.133 ], [ -73.433, -50.099 ], [ -73.399, -50.099 ] ] ], [ [ [ -72.733, -50.133 ], [ -72.733, -50.099 ], [ -72.699, -50.099 ], [ -72.666, -50.099 ], [ -72.633, -50.099 ], [ -72.633, -50.133 ], [ -72.666, -50.133 ], [ -72.699, -50.133 ], [ -72.733, -50.133 ] ] ], [ [ [ -73.399, -50.099 ], [ -73.399, -50.066 ], [ -73.366, -50.066 ], [ -73.333, -50.066 ], [ -73.333, -50.099 ], [ -73.366, -50.099 ], [ -73.399, -50.099 ] ] ], [ [ [ -73.333, -50.066 ], [ -73.333, -50.033 ], [ -73.299, -50.033 ], [ -73.299, -50.066 ], [ -73.333, -50.066 ] ] ], [ [ [ -73.066, -50.066 ], [ -73.099, -50.066 ], [ -73.099, -50.033 ], [ -73.066, -50.033 ], [ -73.066, -50.066 ] ] ], [ [ [ -73.333, -49.999 ], [ -73.366, -49.999 ], [ -73.366, -49.966 ], [ -73.333, -49.966 ], [ -73.333, -49.999 ] ] ], [ [ [ -70.833, -49.999 ], [ -70.866, -49.999 ], [ -70.899, -49.999 ], [ -70.899, -49.966 ], [ -70.866, -49.966 ], [ -70.833, -49.966 ], [ -70.833, -49.999 ] ] ], [ [ [ -73.133, -49.933 ], [ -73.099, -49.933 ], [ -73.099, -49.966 ], [ -73.099, -49.999 ], [ -73.133, -49.999 ], [ -73.133, -49.966 ], [ -73.133, -49.933 ] ] ], [ [ [ -73.133, -49.933 ], [ -73.166, -49.933 ], [ -73.199, -49.933 ], [ -73.233, -49.933 ], [ -73.266, -49.933 ], [ -73.299, -49.933 ], [ -73.333, -49.933 ], [ -73.333, -49.899 ], [ -73.299, -49.899 ], [ -73.299, -49.866 ], [ -73.299, -49.833 ], [ -73.266, -49.833 ], [ -73.266, -49.789 ], [ -73.233, -49.789 ], [ -73.233, -49.833 ], [ -73.233, -49.866 ], [ -73.199, -49.866 ], [ -73.199, -49.833 ], [ -73.166, -49.833 ], [ -73.166, -49.866 ], [ -73.166, -49.899 ], [ -73.133, -49.899 ], [ -73.133, -49.933 ] ] ], [ [ [ -72.333, -49.766 ], [ -72.299, -49.766 ], [ -72.266, -49.766 ], [ -72.266, -49.799 ], [ -72.266, -49.833 ], [ -72.233, -49.833 ], [ -72.199, -49.833 ], [ -72.166, -49.833 ], [ -72.166, -49.799 ], [ -72.133, -49.799 ], [ -72.099, -49.799 ], [ -72.099, -49.833 ], [ -72.099, -49.866 ], [ -72.133, -49.866 ], [ -72.133, -49.899 ], [ -72.166, -49.899 ], [ -72.166, -49.933 ], [ -72.166, -49.966 ], [ -72.166, -49.999 ], [ -72.166, -50.033 ], [ -72.133, -50.033 ], [ -72.133, -50.066 ], [ -72.133, -50.099 ], [ -72.166, -50.099 ], [ -72.166, -50.133 ], [ -72.199, -50.133 ], [ -72.233, -50.133 ], [ -72.266, -50.133 ], [ -72.266, -50.166 ], [ -72.299, -50.166 ], [ -72.333, -50.166 ], [ -72.366, -50.166 ], [ -72.399, -50.166 ], [ -72.433, -50.166 ], [ -72.466, -50.166 ], [ -72.466, -50.133 ], [ -72.433, -50.133 ], [ -72.433, -50.099 ], [ -72.433, -50.066 ], [ -72.433, -50.033 ], [ -72.399, -50.033 ], [ -72.399, -49.999 ], [ -72.399, -49.966 ], [ -72.433, -49.966 ], [ -72.433, -49.933 ], [ -72.466, -49.933 ], [ -72.466, -49.899 ], [ -72.499, -49.899 ], [ -72.499, -49.866 ], [ -72.466, -49.866 ], [ -72.466, -49.833 ], [ -72.433, -49.833 ], [ -72.399, -49.833 ], [ -72.366, -49.833 ], [ -72.366, -49.866 ], [ -72.333, -49.866 ], [ -72.299, -49.866 ], [ -72.299, -49.833 ], [ -72.299, -49.799 ], [ -72.333, -49.799 ], [ -72.333, -49.766 ] ] ], [ [ [ -72.333, -49.766 ], [ -72.366, -49.766 ], [ -72.399, -49.766 ], [ -72.399, -49.733 ], [ -72.366, -49.733 ], [ -72.333, -49.733 ], [ -72.333, -49.766 ] ] ], [ [ [ -72.533, -49.666 ], [ -72.533, -49.699 ], [ -72.499, -49.699 ], [ -72.466, -49.699 ], [ -72.433, -49.699 ], [ -72.433, -49.733 ], [ -72.466, -49.733 ], [ -72.499, -49.733 ], [ -72.533, -49.733 ], [ -72.533, -49.766 ], [ -72.533, -49.799 ], [ -72.566, -49.799 ], [ -72.599, -49.799 ], [ -72.633, -49.799 ], [ -72.666, -49.799 ], [ -72.699, -49.799 ], [ -72.699, -49.766 ], [ -72.699, -49.733 ], [ -72.666, -49.733 ], [ -72.633, -49.733 ], [ -72.633, -49.699 ], [ -72.633, -49.666 ], [ -72.599, -49.666 ], [ -72.566, -49.666 ], [ -72.533, -49.666 ] ] ], [ [ [ -72.833, -49.699 ], [ -72.866, -49.699 ], [ -72.866, -49.666 ], [ -72.833, -49.666 ], [ -72.799, -49.666 ], [ -72.766, -49.666 ], [ -72.766, -49.633 ], [ -72.733, -49.633 ], [ -72.699, -49.633 ], [ -72.666, -49.633 ], [ -72.666, -49.666 ], [ -72.699, -49.666 ], [ -72.733, -49.666 ], [ -72.733, -49.699 ], [ -72.766, -49.699 ], [ -72.799, -49.699 ], [ -72.833, -49.699 ] ] ], [ [ [ -72.933, -49.633 ], [ -72.966, -49.633 ], [ -72.966, -49.599 ], [ -72.933, -49.599 ], [ -72.933, -49.633 ] ] ], [ [ [ -72.399, -49.499 ], [ -72.366, -49.499 ], [ -72.333, -49.499 ], [ -72.333, -49.533 ], [ -72.366, -49.533 ], [ -72.399, -49.533 ], [ -72.399, -49.499 ] ] ], [ [ [ -72.566, -49.466 ], [ -72.533, -49.466 ], [ -72.499, -49.466 ], [ -72.499, -49.499 ], [ -72.533, -49.499 ], [ -72.566, -49.499 ], [ -72.566, -49.466 ] ] ], [ [ [ -72.399, -49.499 ], [ -72.433, -49.499 ], [ -72.433, -49.466 ], [ -72.399, -49.466 ], [ -72.399, -49.499 ] ] ], [ [ [ -72.699, -49.399 ], [ -72.666, -49.399 ], [ -72.666, -49.433 ], [ -72.699, -49.433 ], [ -72.699, -49.399 ] ] ], [ [ [ -72.566, -49.466 ], [ -72.599, -49.466 ], [ -72.599, -49.433 ], [ -72.633, -49.433 ], [ -72.633, -49.399 ], [ -72.599, -49.399 ], [ -72.566, -49.399 ], [ -72.566, -49.433 ], [ -72.566, -49.466 ] ] ], [ [ [ -72.699, -49.399 ], [ -72.733, -49.399 ], [ -72.733, -49.366 ], [ -72.699, -49.366 ], [ -72.699, -49.399 ] ] ], [ [ [ -67.966, -49.333 ], [ -67.933, -49.333 ], [ -67.933, -49.366 ], [ -67.966, -49.366 ], [ -67.966, -49.333 ] ] ], [ [ [ -69.433, -49.233 ], [ -69.399, -49.233 ], [ -69.366, -49.233 ], [ -69.366, -49.266 ], [ -69.399, -49.266 ], [ -69.433, -49.266 ], [ -69.433, -49.233 ] ] ], [ [ [ -72.899, -49.233 ], [ -72.899, -49.266 ], [ -72.866, -49.266 ], [ -72.866, -49.299 ], [ -72.833, -49.299 ], [ -72.833, -49.333 ], [ -72.833, -49.366 ], [ -72.866, -49.366 ], [ -72.866, -49.333 ], [ -72.899, -49.333 ], [ -72.899, -49.299 ], [ -72.933, -49.299 ], [ -72.933, -49.333 ], [ -72.933, -49.366 ], [ -72.933, -49.399 ], [ -72.933, -49.433 ], [ -72.966, -49.433 ], [ -72.966, -49.236 ], [ -72.966, -49.199 ], [ -72.933, -49.199 ], [ -72.899, -49.199 ], [ -72.899, -49.233 ] ] ], [ [ [ -72.466, -49.199 ], [ -72.433, -49.199 ], [ -72.399, -49.199 ], [ -72.366, -49.199 ], [ -72.366, -49.233 ], [ -72.399, -49.233 ], [ -72.433, -49.233 ], [ -72.466, -49.233 ], [ -72.466, -49.199 ] ] ], [ [ [ -72.266, -49.233 ], [ -72.299, -49.233 ], [ -72.299, -49.199 ], [ -72.266, -49.199 ], [ -72.233, -49.199 ], [ -72.199, -49.199 ], [ -72.166, -49.199 ], [ -72.166, -49.233 ], [ -72.199, -49.233 ], [ -72.233, -49.233 ], [ -72.266, -49.233 ] ] ], [ [ [ -70.933, -49.233 ], [ -70.966, -49.233 ], [ -70.966, -49.199 ], [ -70.933, -49.199 ], [ -70.933, -49.233 ] ] ], [ [ [ -69.433, -49.233 ], [ -69.466, -49.233 ], [ -69.499, -49.233 ], [ -69.499, -49.199 ], [ -69.466, -49.199 ], [ -69.433, -49.199 ], [ -69.433, -49.233 ] ] ], [ [ [ -72.466, -49.199 ], [ -72.499, -49.199 ], [ -72.499, -49.166 ], [ -72.466, -49.166 ], [ -72.466, -49.199 ] ] ], [ [ [ -68.399, -49.199 ], [ -68.433, -49.199 ], [ -68.433, -49.166 ], [ -68.399, -49.166 ], [ -68.366, -49.166 ], [ -68.366, -49.199 ], [ -68.399, -49.199 ] ] ], [ [ [ -67.966, -49.333 ], [ -67.999, -49.333 ], [ -68.033, -49.333 ], [ -68.066, -49.333 ], [ -68.099, -49.333 ], [ -68.133, -49.333 ], [ -68.166, -49.333 ], [ -68.199, -49.333 ], [ -68.233, -49.333 ], [ -68.233, -49.366 ], [ -68.266, -49.366 ], [ -68.299, -49.366 ], [ -68.299, -49.399 ], [ -68.333, -49.399 ], [ -68.333, -49.366 ], [ -68.366, -49.366 ], [ -68.366, -49.399 ], [ -68.399, -49.399 ], [ -68.433, -49.399 ], [ -68.466, -49.399 ], [ -68.499, -49.399 ], [ -68.533, -49.399 ], [ -68.533, -49.433 ], [ -68.566, -49.433 ], [ -68.599, -49.433 ], [ -68.599, -49.399 ], [ -68.633, -49.399 ], [ -68.666, -49.399 ], [ -68.699, -49.399 ], [ -68.733, -49.399 ], [ -68.733, -49.433 ], [ -68.766, -49.433 ], [ -68.799, -49.433 ], [ -68.833, -49.433 ], [ -68.833, -49.399 ], [ -68.866, -49.399 ], [ -68.866, -49.366 ], [ -68.899, -49.366 ], [ -68.933, -49.366 ], [ -68.966, -49.366 ], [ -68.999, -49.366 ], [ -68.999, -49.333 ], [ -69.033, -49.333 ], [ -69.033, -49.366 ], [ -69.066, -49.366 ], [ -69.066, -49.333 ], [ -69.099, -49.333 ], [ -69.133, -49.333 ], [ -69.166, -49.333 ], [ -69.199, -49.333 ], [ -69.199, -49.299 ], [ -69.233, -49.299 ], [ -69.233, -49.266 ], [ -69.266, -49.266 ], [ -69.266, -49.299 ], [ -69.299, -49.299 ], [ -69.299, -49.266 ], [ -69.299, -49.233 ], [ -69.266, -49.233 ], [ -69.233, -49.233 ], [ -69.199, -49.233 ], [ -69.166, -49.233 ], [ -69.133, -49.233 ], [ -69.099, -49.233 ], [ -69.066, -49.233 ], [ -69.033, -49.233 ], [ -68.999, -49.233 ], [ -68.966, -49.233 ], [ -68.933, -49.233 ], [ -68.899, -49.233 ], [ -68.866, -49.233 ], [ -68.866, -49.266 ], [ -68.833, -49.266 ], [ -68.799, -49.266 ], [ -68.766, -49.266 ], [ -68.733, -49.266 ], [ -68.699, -49.266 ], [ -68.699, -49.233 ], [ -68.666, -49.233 ], [ -68.666, -49.199 ], [ -68.699, -49.199 ], [ -68.699, -49.166 ], [ -68.666, -49.166 ], [ -68.633, -49.166 ], [ -68.599, -49.166 ], [ -68.566, -49.166 ], [ -68.533, -49.166 ], [ -68.499, -49.166 ], [ -68.499, -49.199 ], [ -68.533, -49.199 ], [ -68.533, -49.233 ], [ -68.499, -49.233 ], [ -68.466, -49.233 ], [ -68.433, -49.233 ], [ -68.433, -49.266 ], [ -68.399, -49.266 ], [ -68.366, -49.266 ], [ -68.333, -49.266 ], [ -68.299, -49.266 ], [ -68.266, -49.266 ], [ -68.266, -49.299 ], [ -68.299, -49.299 ], [ -68.333, -49.299 ], [ -68.333, -49.333 ], [ -68.299, -49.333 ], [ -68.266, -49.333 ], [ -68.266, -49.299 ], [ -68.233, -49.299 ], [ -68.233, -49.266 ], [ -68.233, -49.233 ], [ -68.199, -49.233 ], [ -68.166, -49.233 ], [ -68.166, -49.199 ], [ -68.133, -49.199 ], [ -68.099, -49.199 ], [ -68.099, -49.166 ], [ -68.066, -49.166 ], [ -68.033, -49.166 ], [ -67.999, -49.166 ], [ -67.966, -49.166 ], [ -67.933, -49.166 ], [ -67.899, -49.166 ], [ -67.899, -49.199 ], [ -67.933, -49.199 ], [ -67.933, -49.233 ], [ -67.899, -49.233 ], [ -67.866, -49.233 ], [ -67.833, -49.233 ], [ -67.833, -49.266 ], [ -67.866, -49.266 ], [ -67.899, -49.266 ], [ -67.933, -49.266 ], [ -67.933, -49.299 ], [ -67.966, -49.299 ], [ -67.966, -49.333 ] ] ], [ [ [ -72.499, -49.166 ], [ -72.533, -49.166 ], [ -72.566, -49.166 ], [ -72.566, -49.133 ], [ -72.533, -49.133 ], [ -72.499, -49.133 ], [ -72.499, -49.166 ] ] ], [ [ [ -69.533, -49.199 ], [ -69.566, -49.199 ], [ -69.566, -49.166 ], [ -69.566, -49.133 ], [ -69.533, -49.133 ], [ -69.533, -49.166 ], [ -69.533, -49.199 ] ] ], [ [ [ -72.566, -49.133 ], [ -72.599, -49.133 ], [ -72.633, -49.133 ], [ -72.633, -49.166 ], [ -72.666, -49.166 ], [ -72.666, -49.133 ], [ -72.666, -49.099 ], [ -72.633, -49.099 ], [ -72.599, -49.099 ], [ -72.566, -49.099 ], [ -72.566, -49.133 ] ] ], [ [ [ -69.966, -49.133 ], [ -69.999, -49.133 ], [ -69.999, -49.099 ], [ -69.966, -49.099 ], [ -69.966, -49.133 ] ] ], [ [ [ -68.566, -49.133 ], [ -68.599, -49.133 ], [ -68.599, -49.099 ], [ -68.566, -49.099 ], [ -68.533, -49.099 ], [ -68.533, -49.133 ], [ -68.566, -49.133 ] ] ], [ [ [ -72.933, -49.066 ], [ -72.933, -49.099 ], [ -72.933, -49.133 ], [ -72.966, -49.133 ], [ -72.966, -49.158 ], [ -73.033, -49.158 ], [ -73.033, -49.133 ], [ -72.999, -49.133 ], [ -72.999, -49.099 ], [ -72.966, -49.099 ], [ -72.966, -49.066 ], [ -72.933, -49.066 ] ] ], [ [ [ -69.699, -49.066 ], [ -69.666, -49.066 ], [ -69.633, -49.066 ], [ -69.599, -49.066 ], [ -69.566, -49.066 ], [ -69.566, -49.099 ], [ -69.599, -49.099 ], [ -69.633, -49.099 ], [ -69.666, -49.099 ], [ -69.699, -49.099 ], [ -69.699, -49.066 ] ] ], [ [ [ -72.199, -49.033 ], [ -72.166, -49.033 ], [ -72.166, -49.066 ], [ -72.199, -49.066 ], [ -72.199, -49.033 ] ] ], [ [ [ -67.966, -49.033 ], [ -67.933, -49.033 ], [ -67.899, -49.033 ], [ -67.866, -49.033 ], [ -67.866, -49.066 ], [ -67.899, -49.066 ], [ -67.933, -49.066 ], [ -67.933, -49.099 ], [ -67.966, -49.099 ], [ -67.999, -49.099 ], [ -68.033, -49.099 ], [ -68.033, -49.066 ], [ -67.999, -49.066 ], [ -67.966, -49.066 ], [ -67.966, -49.033 ] ] ], [ [ [ -72.933, -49.066 ], [ -72.933, -49.033 ], [ -72.933, -48.999 ], [ -72.899, -48.999 ], [ -72.899, -49.033 ], [ -72.899, -49.066 ], [ -72.933, -49.066 ] ] ], [ [ [ -72.533, -48.999 ], [ -72.533, -49.033 ], [ -72.533, -49.066 ], [ -72.566, -49.066 ], [ -72.566, -49.033 ], [ -72.566, -48.999 ], [ -72.533, -48.999 ] ] ], [ [ [ -72.533, -48.999 ], [ -72.533, -48.966 ], [ -72.499, -48.966 ], [ -72.499, -48.999 ], [ -72.533, -48.999 ] ] ], [ [ [ -72.366, -49.033 ], [ -72.399, -49.033 ], [ -72.399, -48.999 ], [ -72.366, -48.999 ], [ -72.366, -48.966 ], [ -72.333, -48.966 ], [ -72.333, -48.999 ], [ -72.333, -49.033 ], [ -72.366, -49.033 ] ] ], [ [ [ -72.899, -48.999 ], [ -72.899, -48.966 ], [ -72.866, -48.966 ], [ -72.855, -48.955 ], [ -72.854, -48.956 ], [ -72.852, -48.958 ], [ -72.851, -48.958 ], [ -72.850, -48.958 ], [ -72.849, -48.959 ], [ -72.848, -48.960 ], [ -72.847, -48.961 ], [ -72.847, -48.962 ], [ -72.846, -48.962 ], [ -72.845, -48.962 ], [ -72.843, -48.962 ], [ -72.840, -48.962 ], [ -72.836, -48.962 ], [ -72.835, -48.963 ], [ -72.833, -48.962 ], [ -72.833, -48.962 ], [ -72.833, -48.999 ], [ -72.866, -48.999 ], [ -72.899, -48.999 ] ] ], [ [ [ -72.699, -48.933 ], [ -72.699, -48.966 ], [ -72.699, -48.999 ], [ -72.666, -48.999 ], [ -72.633, -48.999 ], [ -72.633, -49.033 ], [ -72.633, -49.066 ], [ -72.666, -49.066 ], [ -72.666, -49.033 ], [ -72.699, -49.033 ], [ -72.699, -49.066 ], [ -72.733, -49.066 ], [ -72.733, -49.033 ], [ -72.733, -48.999 ], [ -72.766, -48.999 ], [ -72.766, -48.966 ], [ -72.733, -48.966 ], [ -72.733, -48.933 ], [ -72.699, -48.933 ] ] ], [ [ [ -72.199, -49.033 ], [ -72.233, -49.033 ], [ -72.266, -49.033 ], [ -72.266, -48.999 ], [ -72.266, -48.966 ], [ -72.266, -48.933 ], [ -72.233, -48.933 ], [ -72.233, -48.966 ], [ -72.233, -48.999 ], [ -72.199, -48.999 ], [ -72.199, -49.033 ] ] ], [ [ [ -72.699, -48.933 ], [ -72.699, -48.899 ], [ -72.666, -48.899 ], [ -72.666, -48.933 ], [ -72.699, -48.933 ] ] ], [ [ [ -67.833, -48.866 ], [ -67.866, -48.866 ], [ -67.866, -48.899 ], [ -67.833, -48.899 ], [ -67.833, -48.866 ], [ -67.799, -48.866 ], [ -67.766, -48.866 ], [ -67.733, -48.866 ], [ -67.699, -48.866 ], [ -67.666, -48.866 ], [ -67.633, -48.866 ], [ -67.633, -48.899 ], [ -67.666, -48.899 ], [ -67.666, -48.933 ], [ -67.699, -48.933 ], [ -67.733, -48.933 ], [ -67.733, -48.899 ], [ -67.766, -48.899 ], [ -67.766, -48.933 ], [ -67.766, -48.966 ], [ -67.799, -48.966 ], [ -67.833, -48.966 ], [ -67.833, -48.999 ], [ -67.866, -48.999 ], [ -67.866, -48.966 ], [ -67.899, -48.966 ], [ -67.933, -48.966 ], [ -67.966, -48.966 ], [ -67.966, -48.999 ], [ -67.966, -49.033 ], [ -67.999, -49.033 ], [ -68.033, -49.033 ], [ -68.066, -49.033 ], [ -68.066, -49.066 ], [ -68.099, -49.066 ], [ -68.099, -49.099 ], [ -68.099, -49.133 ], [ -68.133, -49.133 ], [ -68.166, -49.133 ], [ -68.199, -49.133 ], [ -68.233, -49.133 ], [ -68.266, -49.133 ], [ -68.266, -49.099 ], [ -68.233, -49.099 ], [ -68.233, -49.066 ], [ -68.199, -49.066 ], [ -68.199, -49.033 ], [ -68.166, -49.033 ], [ -68.166, -49.066 ], [ -68.133, -49.066 ], [ -68.133, -49.033 ], [ -68.099, -49.033 ], [ -68.099, -48.999 ], [ -68.133, -48.999 ], [ -68.166, -48.999 ], [ -68.166, -48.966 ], [ -68.133, -48.966 ], [ -68.099, -48.966 ], [ -68.066, -48.966 ], [ -68.066, -48.999 ], [ -68.033, -48.999 ], [ -68.033, -48.966 ], [ -67.999, -48.966 ], [ -67.999, -48.933 ], [ -67.999, -48.899 ], [ -67.999, -48.866 ], [ -67.966, -48.866 ], [ -67.966, -48.833 ], [ -67.933, -48.833 ], [ -67.899, -48.833 ], [ -67.866, -48.833 ], [ -67.833, -48.833 ], [ -67.833, -48.866 ] ] ], [ [ [ -72.399, -48.866 ], [ -72.433, -48.866 ], [ -72.433, -48.833 ], [ -72.399, -48.833 ], [ -72.399, -48.799 ], [ -72.366, -48.799 ], [ -72.366, -48.833 ], [ -72.366, -48.866 ], [ -72.399, -48.866 ] ] ], [ [ [ -72.266, -48.933 ], [ -72.299, -48.933 ], [ -72.299, -48.899 ], [ -72.333, -48.899 ], [ -72.333, -48.866 ], [ -72.333, -48.833 ], [ -72.333, -48.799 ], [ -72.299, -48.799 ], [ -72.266, -48.799 ], [ -72.266, -48.833 ], [ -72.266, -48.866 ], [ -72.266, -48.899 ], [ -72.266, -48.933 ] ] ], [ [ [ -71.433, -48.866 ], [ -71.433, -48.833 ], [ -71.433, -48.799 ], [ -71.399, -48.799 ], [ -71.399, -48.833 ], [ -71.399, -48.866 ], [ -71.433, -48.866 ] ] ], [ [ [ -70.233, -48.799 ], [ -70.199, -48.799 ], [ -70.199, -48.833 ], [ -70.233, -48.833 ], [ -70.233, -48.799 ] ] ], [ [ [ -72.466, -48.766 ], [ -72.433, -48.766 ], [ -72.433, -48.799 ], [ -72.466, -48.799 ], [ -72.466, -48.766 ] ] ], [ [ [ -70.233, -48.799 ], [ -70.266, -48.799 ], [ -70.299, -48.799 ], [ -70.299, -48.766 ], [ -70.266, -48.766 ], [ -70.233, -48.766 ], [ -70.233, -48.799 ] ] ], [ [ [ -72.466, -48.766 ], [ -72.499, -48.766 ], [ -72.499, -48.733 ], [ -72.466, -48.733 ], [ -72.466, -48.766 ] ] ], [ [ [ -72.499, -48.733 ], [ -72.540, -48.733 ], [ -72.540, -48.732 ], [ -72.540, -48.731 ], [ -72.540, -48.730 ], [ -72.540, -48.729 ], [ -72.540, -48.728 ], [ -72.539, -48.727 ], [ -72.539, -48.726 ], [ -72.539, -48.726 ], [ -72.539, -48.725 ], [ -72.538, -48.723 ], [ -72.538, -48.723 ], [ -72.537, -48.720 ], [ -72.537, -48.719 ], [ -72.536, -48.718 ], [ -72.536, -48.716 ], [ -72.536, -48.715 ], [ -72.535, -48.714 ], [ -72.535, -48.713 ], [ -72.536, -48.712 ], [ -72.537, -48.710 ], [ -72.537, -48.709 ], [ -72.537, -48.708 ], [ -72.537, -48.707 ], [ -72.537, -48.705 ], [ -72.536, -48.704 ], [ -72.536, -48.702 ], [ -72.535, -48.702 ], [ -72.535, -48.700 ], [ -72.535, -48.700 ], [ -72.535, -48.699 ], [ -72.499, -48.699 ], [ -72.499, -48.733 ] ] ], [ [ [ -72.499, -48.699 ], [ -72.499, -48.666 ], [ -72.499, -48.633 ], [ -72.540, -48.633 ], [ -72.541, -48.632 ], [ -72.541, -48.631 ], [ -72.542, -48.629 ], [ -72.543, -48.627 ], [ -72.543, -48.626 ], [ -72.543, -48.626 ], [ -72.543, -48.625 ], [ -72.543, -48.624 ], [ -72.544, -48.624 ], [ -72.545, -48.622 ], [ -72.546, -48.621 ], [ -72.547, -48.620 ], [ -72.547, -48.619 ], [ -72.548, -48.618 ], [ -72.548, -48.616 ], [ -72.548, -48.615 ], [ -72.533, -48.599 ], [ -72.533, -48.566 ], [ -72.533, -48.533 ], [ -72.499, -48.533 ], [ -72.499, -48.566 ], [ -72.466, -48.566 ], [ -72.466, -48.599 ], [ -72.466, -48.633 ], [ -72.466, -48.666 ], [ -72.433, -48.666 ], [ -72.433, -48.699 ], [ -72.466, -48.699 ], [ -72.499, -48.699 ] ] ], [ [ [ -72.533, -48.533 ], [ -72.566, -48.533 ], [ -72.566, -48.531 ], [ -72.566, -48.530 ], [ -72.566, -48.529 ], [ -72.566, -48.528 ], [ -72.566, -48.527 ], [ -72.566, -48.526 ], [ -72.567, -48.524 ], [ -72.568, -48.522 ], [ -72.569, -48.520 ], [ -72.570, -48.519 ], [ -72.571, -48.518 ], [ -72.571, -48.518 ], [ -72.573, -48.517 ], [ -72.574, -48.516 ], [ -72.575, -48.515 ], [ -72.575, -48.515 ], [ -72.576, -48.513 ], [ -72.576, -48.511 ], [ -72.577, -48.508 ], [ -72.577, -48.507 ], [ -72.578, -48.506 ], [ -72.579, -48.505 ], [ -72.579, -48.503 ], [ -72.579, -48.502 ], [ -72.579, -48.501 ], [ -72.579, -48.500 ], [ -72.580, -48.499 ], [ -72.580, -48.498 ], [ -72.580, -48.497 ], [ -72.581, -48.496 ], [ -72.582, -48.496 ], [ -72.584, -48.495 ], [ -72.586, -48.495 ], [ -72.588, -48.495 ], [ -72.588, -48.494 ], [ -72.588, -48.494 ], [ -72.588, -48.494 ], [ -72.587, -48.493 ], [ -72.587, -48.492 ], [ -72.586, -48.491 ], [ -72.585, -48.489 ], [ -72.584, -48.488 ], [ -72.584, -48.488 ], [ -72.582, -48.488 ], [ -72.581, -48.487 ], [ -72.579, -48.487 ], [ -72.578, -48.487 ], [ -72.576, -48.486 ], [ -72.575, -48.486 ], [ -72.574, -48.486 ], [ -72.573, -48.486 ], [ -72.570, -48.486 ], [ -72.570, -48.486 ], [ -72.568, -48.485 ], [ -72.567, -48.485 ], [ -72.567, -48.485 ], [ -72.564, -48.484 ], [ -72.563, -48.484 ], [ -72.560, -48.484 ], [ -72.557, -48.484 ], [ -72.556, -48.485 ], [ -72.554, -48.485 ], [ -72.553, -48.485 ], [ -72.551, -48.485 ], [ -72.549, -48.485 ], [ -72.545, -48.484 ], [ -72.543, -48.484 ], [ -72.540, -48.483 ], [ -72.539, -48.483 ], [ -72.538, -48.483 ], [ -72.536, -48.483 ], [ -72.534, -48.483 ], [ -72.533, -48.484 ], [ -72.533, -48.484 ], [ -72.533, -48.533 ] ] ], [ [ [ -72.266, -48.399 ], [ -72.299, -48.399 ], [ -72.299, -48.356 ], [ -72.299, -48.356 ], [ -72.297, -48.357 ], [ -72.293, -48.356 ], [ -72.290, -48.356 ], [ -72.289, -48.357 ], [ -72.286, -48.356 ], [ -72.285, -48.356 ], [ -72.283, -48.357 ], [ -72.282, -48.358 ], [ -72.281, -48.359 ], [ -72.281, -48.360 ], [ -72.281, -48.360 ], [ -72.280, -48.361 ], [ -72.280, -48.361 ], [ -72.279, -48.362 ], [ -72.278, -48.363 ], [ -72.277, -48.363 ], [ -72.277, -48.363 ], [ -72.275, -48.362 ], [ -72.273, -48.361 ], [ -72.272, -48.360 ], [ -72.266, -48.366 ], [ -72.266, -48.399 ] ] ], [ [ [ -72.266, -48.399 ], [ -72.233, -48.399 ], [ -72.199, -48.399 ], [ -72.199, -48.366 ], [ -72.199, -48.333 ], [ -72.199, -48.299 ], [ -72.199, -48.266 ], [ -72.166, -48.266 ], [ -72.166, -48.299 ], [ -72.166, -48.333 ], [ -72.166, -48.366 ], [ -72.133, -48.366 ], [ -72.099, -48.366 ], [ -72.066, -48.366 ], [ -72.033, -48.366 ], [ -72.033, -48.399 ], [ -72.066, -48.399 ], [ -72.066, -48.433 ], [ -72.066, -48.466 ], [ -72.066, -48.499 ], [ -72.099, -48.499 ], [ -72.099, -48.533 ], [ -72.133, -48.533 ], [ -72.166, -48.533 ], [ -72.199, -48.533 ], [ -72.199, -48.499 ], [ -72.199, -48.466 ], [ -72.233, -48.466 ], [ -72.233, -48.433 ], [ -72.266, -48.433 ], [ -72.266, -48.399 ] ] ], [ [ [ -72.199, -48.266 ], [ -72.233, -48.266 ], [ -72.233, -48.233 ], [ -72.266, -48.233 ], [ -72.266, -48.199 ], [ -72.299, -48.199 ], [ -72.305, -48.194 ], [ -72.306, -48.193 ], [ -72.306, -48.193 ], [ -72.306, -48.193 ], [ -72.307, -48.192 ], [ -72.307, -48.191 ], [ -72.307, -48.190 ], [ -72.308, -48.189 ], [ -72.309, -48.189 ], [ -72.309, -48.188 ], [ -72.309, -48.187 ], [ -72.309, -48.187 ], [ -72.309, -48.186 ], [ -72.308, -48.185 ], [ -72.307, -48.184 ], [ -72.307, -48.183 ], [ -72.306, -48.183 ], [ -72.306, -48.182 ], [ -72.306, -48.182 ], [ -72.306, -48.178 ], [ -72.305, -48.175 ], [ -72.304, -48.174 ], [ -72.304, -48.173 ], [ -72.304, -48.172 ], [ -72.304, -48.171 ], [ -72.304, -48.171 ], [ -72.305, -48.170 ], [ -72.305, -48.170 ], [ -72.305, -48.169 ], [ -72.305, -48.169 ], [ -72.305, -48.168 ], [ -72.304, -48.168 ], [ -72.304, -48.167 ], [ -72.303, -48.166 ], [ -72.266, -48.166 ], [ -72.266, -48.133 ], [ -72.233, -48.133 ], [ -72.233, -48.166 ], [ -72.233, -48.199 ], [ -72.199, -48.199 ], [ -72.199, -48.233 ], [ -72.199, -48.266 ] ] ], [ [ [ -69.933, -47.966 ], [ -69.933, -47.999 ], [ -69.899, -47.999 ], [ -69.866, -47.999 ], [ -69.866, -47.966 ], [ -69.833, -47.966 ], [ -69.833, -47.933 ], [ -69.799, -47.933 ], [ -69.799, -47.966 ], [ -69.799, -47.999 ], [ -69.833, -47.999 ], [ -69.833, -48.033 ], [ -69.866, -48.033 ], [ -69.866, -48.066 ], [ -69.899, -48.066 ], [ -69.933, -48.066 ], [ -69.966, -48.066 ], [ -69.999, -48.066 ], [ -70.033, -48.066 ], [ -70.033, -48.033 ], [ -70.033, -47.999 ], [ -69.999, -47.999 ], [ -69.966, -47.999 ], [ -69.966, -47.966 ], [ -69.966, -47.933 ], [ -69.966, -47.899 ], [ -69.933, -47.899 ], [ -69.933, -47.933 ], [ -69.933, -47.966 ] ] ], [ [ [ -68.966, -47.933 ], [ -68.999, -47.933 ], [ -68.999, -47.899 ], [ -68.966, -47.899 ], [ -68.966, -47.933 ] ] ], [ [ [ -72.166, -47.833 ], [ -72.166, -47.866 ], [ -72.199, -47.866 ], [ -72.199, -47.833 ], [ -72.233, -47.833 ], [ -72.233, -47.799 ], [ -72.199, -47.799 ], [ -72.166, -47.799 ], [ -72.166, -47.833 ] ] ], [ [ [ -71.999, -47.799 ], [ -71.999, -47.833 ], [ -71.966, -47.833 ], [ -71.966, -47.866 ], [ -71.999, -47.866 ], [ -72.033, -47.866 ], [ -72.033, -47.833 ], [ -72.033, -47.799 ], [ -71.999, -47.799 ] ] ], [ [ [ -70.033, -47.733 ], [ -70.033, -47.766 ], [ -69.999, -47.766 ], [ -69.999, -47.799 ], [ -70.033, -47.799 ], [ -70.033, -47.833 ], [ -70.033, -47.866 ], [ -70.033, -47.899 ], [ -70.066, -47.899 ], [ -70.066, -47.933 ], [ -70.099, -47.933 ], [ -70.099, -47.966 ], [ -70.133, -47.966 ], [ -70.133, -47.933 ], [ -70.166, -47.933 ], [ -70.166, -47.899 ], [ -70.166, -47.866 ], [ -70.166, -47.833 ], [ -70.166, -47.799 ], [ -70.166, -47.766 ], [ -70.133, -47.766 ], [ -70.099, -47.766 ], [ -70.099, -47.733 ], [ -70.066, -47.733 ], [ -70.033, -47.733 ] ] ], [ [ [ -72.033, -47.766 ], [ -72.066, -47.766 ], [ -72.066, -47.733 ], [ -72.066, -47.699 ], [ -72.033, -47.699 ], [ -72.033, -47.666 ], [ -72.033, -47.633 ], [ -71.999, -47.633 ], [ -71.966, -47.633 ], [ -71.966, -47.666 ], [ -71.966, -47.699 ], [ -71.966, -47.733 ], [ -71.999, -47.733 ], [ -72.033, -47.733 ], [ -72.033, -47.766 ] ] ], [ [ [ -71.866, -47.633 ], [ -71.899, -47.633 ], [ -71.933, -47.633 ], [ -71.933, -47.599 ], [ -71.899, -47.599 ], [ -71.866, -47.599 ], [ -71.866, -47.633 ] ] ], [ [ [ -71.699, -47.633 ], [ -71.699, -47.666 ], [ -71.733, -47.666 ], [ -71.766, -47.666 ], [ -71.799, -47.666 ], [ -71.833, -47.666 ], [ -71.866, -47.666 ], [ -71.866, -47.633 ], [ -71.833, -47.633 ], [ -71.833, -47.599 ], [ -71.799, -47.599 ], [ -71.799, -47.633 ], [ -71.766, -47.633 ], [ -71.733, -47.633 ], [ -71.699, -47.633 ] ] ], [ [ [ -71.833, -47.599 ], [ -71.866, -47.599 ], [ -71.866, -47.566 ], [ -71.833, -47.566 ], [ -71.833, -47.599 ] ] ], [ [ [ -71.599, -47.599 ], [ -71.599, -47.633 ], [ -71.633, -47.633 ], [ -71.666, -47.633 ], [ -71.699, -47.633 ], [ -71.699, -47.599 ], [ -71.699, -47.566 ], [ -71.666, -47.566 ], [ -71.666, -47.599 ], [ -71.633, -47.599 ], [ -71.599, -47.599 ] ] ], [ [ [ -71.933, -47.566 ], [ -71.966, -47.566 ], [ -71.966, -47.533 ], [ -71.933, -47.533 ], [ -71.933, -47.566 ] ] ], [ [ [ -69.666, -47.566 ], [ -69.699, -47.566 ], [ -69.699, -47.533 ], [ -69.666, -47.533 ], [ -69.633, -47.533 ], [ -69.633, -47.566 ], [ -69.666, -47.566 ] ] ], [ [ [ -69.466, -47.566 ], [ -69.499, -47.566 ], [ -69.499, -47.533 ], [ -69.466, -47.533 ], [ -69.466, -47.566 ] ] ], [ [ [ -69.399, -47.533 ], [ -69.366, -47.533 ], [ -69.333, -47.533 ], [ -69.299, -47.533 ], [ -69.299, -47.566 ], [ -69.266, -47.566 ], [ -69.266, -47.599 ], [ -69.299, -47.599 ], [ -69.333, -47.599 ], [ -69.333, -47.633 ], [ -69.366, -47.633 ], [ -69.366, -47.599 ], [ -69.366, -47.566 ], [ -69.399, -47.566 ], [ -69.399, -47.533 ] ] ], [ [ [ -69.533, -47.533 ], [ -69.566, -47.533 ], [ -69.566, -47.499 ], [ -69.533, -47.499 ], [ -69.533, -47.533 ] ] ], [ [ [ -69.399, -47.533 ], [ -69.433, -47.533 ], [ -69.433, -47.499 ], [ -69.399, -47.499 ], [ -69.399, -47.533 ] ] ], [ [ [ -72.099, -47.466 ], [ -72.099, -47.499 ], [ -72.133, -47.499 ], [ -72.166, -47.499 ], [ -72.166, -47.466 ], [ -72.133, -47.466 ], [ -72.099, -47.466 ] ] ], [ [ [ -69.433, -47.499 ], [ -69.466, -47.499 ], [ -69.466, -47.466 ], [ -69.433, -47.466 ], [ -69.433, -47.499 ] ] ], [ [ [ -72.099, -47.466 ], [ -72.099, -47.433 ], [ -72.066, -47.433 ], [ -72.033, -47.433 ], [ -71.999, -47.433 ], [ -71.966, -47.433 ], [ -71.966, -47.466 ], [ -71.999, -47.466 ], [ -72.033, -47.466 ], [ -72.066, -47.466 ], [ -72.099, -47.466 ] ] ], [ [ [ -72.299, -47.499 ], [ -72.306, -47.506 ], [ -72.307, -47.502 ], [ -72.312, -47.498 ], [ -72.319, -47.496 ], [ -72.326, -47.494 ], [ -72.333, -47.491 ], [ -72.341, -47.49 ], [ -72.349, -47.488 ], [ -72.355, -47.485 ], [ -72.359, -47.481 ], [ -72.361, -47.476 ], [ -72.360, -47.47 ], [ -72.357, -47.464 ], [ -72.355, -47.460 ], [ -72.353, -47.455 ], [ -72.349, -47.450 ], [ -72.347, -47.445 ], [ -72.342, -47.441 ], [ -72.338, -47.436 ], [ -72.332, -47.433 ], [ -72.326, -47.431 ], [ -72.32, -47.428 ], [ -72.313, -47.426 ], [ -72.306, -47.424 ], [ -72.299, -47.422 ], [ -72.299, -47.466 ], [ -72.299, -47.499 ] ] ], [ [ [ -69.699, -49.066 ], [ -69.733, -49.066 ], [ -69.766, -49.066 ], [ -69.799, -49.066 ], [ -69.833, -49.066 ], [ -69.866, -49.066 ], [ -69.866, -49.033 ], [ -69.899, -49.033 ], [ -69.899, -49.066 ], [ -69.899, -49.099 ], [ -69.933, -49.099 ], [ -69.933, -49.066 ], [ -69.966, -49.066 ], [ -69.999, -49.066 ], [ -70.033, -49.066 ], [ -70.033, -49.033 ], [ -70.066, -49.033 ], [ -70.099, -49.033 ], [ -70.099, -48.999 ], [ -70.133, -48.999 ], [ -70.133, -49.033 ], [ -70.166, -49.033 ], [ -70.166, -48.999 ], [ -70.199, -48.999 ], [ -70.199, -48.966 ], [ -70.233, -48.966 ], [ -70.233, -48.933 ], [ -70.199, -48.933 ], [ -70.166, -48.933 ], [ -70.166, -48.899 ], [ -70.133, -48.899 ], [ -70.133, -48.866 ], [ -70.133, -48.833 ], [ -70.133, -48.799 ], [ -70.133, -48.766 ], [ -70.166, -48.766 ], [ -70.199, -48.766 ], [ -70.199, -48.733 ], [ -70.233, -48.733 ], [ -70.233, -48.699 ], [ -70.266, -48.699 ], [ -70.299, -48.699 ], [ -70.299, -48.666 ], [ -70.333, -48.666 ], [ -70.366, -48.666 ], [ -70.399, -48.666 ], [ -70.399, -48.633 ], [ -70.433, -48.633 ], [ -70.466, -48.633 ], [ -70.499, -48.633 ], [ -70.533, -48.633 ], [ -70.566, -48.633 ], [ -70.599, -48.633 ], [ -70.633, -48.633 ], [ -70.633, -48.666 ], [ -70.633, -48.699 ], [ -70.599, -48.699 ], [ -70.599, -48.733 ], [ -70.566, -48.733 ], [ -70.533, -48.733 ], [ -70.499, -48.733 ], [ -70.466, -48.733 ], [ -70.433, -48.733 ], [ -70.399, -48.733 ], [ -70.366, -48.733 ], [ -70.333, -48.733 ], [ -70.299, -48.733 ], [ -70.299, -48.766 ], [ -70.333, -48.766 ], [ -70.366, -48.766 ], [ -70.399, -48.766 ], [ -70.433, -48.766 ], [ -70.466, -48.766 ], [ -70.499, -48.766 ], [ -70.533, -48.766 ], [ -70.566, -48.766 ], [ -70.599, -48.766 ], [ -70.633, -48.766 ], [ -70.633, -48.799 ], [ -70.599, -48.799 ], [ -70.566, -48.799 ], [ -70.566, -48.833 ], [ -70.533, -48.833 ], [ -70.499, -48.833 ], [ -70.499, -48.866 ], [ -70.466, -48.866 ], [ -70.466, -48.899 ], [ -70.433, -48.899 ], [ -70.433, -48.933 ], [ -70.433, -48.966 ], [ -70.433, -48.999 ], [ -70.466, -48.999 ], [ -70.466, -49.033 ], [ -70.499, -49.033 ], [ -70.533, -49.033 ], [ -70.566, -49.033 ], [ -70.599, -49.033 ], [ -70.599, -49.066 ], [ -70.633, -49.066 ], [ -70.633, -49.099 ], [ -70.666, -49.099 ], [ -70.699, -49.099 ], [ -70.699, -49.133 ], [ -70.733, -49.133 ], [ -70.766, -49.133 ], [ -70.766, -49.166 ], [ -70.799, -49.166 ], [ -70.833, -49.166 ], [ -70.866, -49.166 ], [ -70.866, -49.133 ], [ -70.899, -49.133 ], [ -70.933, -49.133 ], [ -70.933, -49.099 ], [ -70.966, -49.099 ], [ -70.999, -49.099 ], [ -70.999, -49.066 ], [ -71.033, -49.066 ], [ -71.066, -49.066 ], [ -71.099, -49.066 ], [ -71.099, -49.099 ], [ -71.133, -49.099 ], [ -71.133, -49.133 ], [ -71.133, -49.166 ], [ -71.166, -49.166 ], [ -71.166, -49.199 ], [ -71.166, -49.233 ], [ -71.166, -49.266 ], [ -71.166, -49.299 ], [ -71.166, -49.333 ], [ -71.166, -49.366 ], [ -71.133, -49.366 ], [ -71.133, -49.399 ], [ -71.099, -49.399 ], [ -71.066, -49.399 ], [ -71.066, -49.433 ], [ -71.033, -49.433 ], [ -71.033, -49.466 ], [ -70.999, -49.466 ], [ -70.999, -49.499 ], [ -71.033, -49.499 ], [ -71.066, -49.499 ], [ -71.066, -49.533 ], [ -71.099, -49.533 ], [ -71.099, -49.566 ], [ -71.133, -49.566 ], [ -71.166, -49.566 ], [ -71.199, -49.566 ], [ -71.233, -49.566 ], [ -71.266, -49.566 ], [ -71.299, -49.566 ], [ -71.333, -49.566 ], [ -71.366, -49.566 ], [ -71.399, -49.566 ], [ -71.433, -49.566 ], [ -71.466, -49.566 ], [ -71.466, -49.533 ], [ -71.499, -49.533 ], [ -71.499, -49.499 ], [ -71.533, -49.499 ], [ -71.566, -49.499 ], [ -71.566, -49.466 ], [ -71.599, -49.466 ], [ -71.633, -49.466 ], [ -71.666, -49.466 ], [ -71.666, -49.433 ], [ -71.699, -49.433 ], [ -71.733, -49.433 ], [ -71.733, -49.399 ], [ -71.766, -49.399 ], [ -71.766, -49.366 ], [ -71.799, -49.366 ], [ -71.799, -49.333 ], [ -71.833, -49.333 ], [ -71.833, -49.299 ], [ -71.866, -49.299 ], [ -71.866, -49.266 ], [ -71.899, -49.266 ], [ -71.933, -49.266 ], [ -71.933, -49.299 ], [ -71.933, -49.333 ], [ -71.899, -49.333 ], [ -71.866, -49.333 ], [ -71.866, -49.366 ], [ -71.833, -49.366 ], [ -71.833, -49.399 ], [ -71.799, -49.399 ], [ -71.799, -49.433 ], [ -71.766, -49.433 ], [ -71.766, -49.466 ], [ -71.733, -49.466 ], [ -71.699, -49.466 ], [ -71.666, -49.466 ], [ -71.666, -49.499 ], [ -71.633, -49.499 ], [ -71.599, -49.499 ], [ -71.566, -49.499 ], [ -71.566, -49.533 ], [ -71.533, -49.533 ], [ -71.533, -49.566 ], [ -71.533, -49.599 ], [ -71.499, -49.599 ], [ -71.466, -49.599 ], [ -71.433, -49.599 ], [ -71.433, -49.633 ], [ -71.399, -49.633 ], [ -71.399, -49.666 ], [ -71.366, -49.666 ], [ -71.366, -49.699 ], [ -71.333, -49.699 ], [ -71.299, -49.699 ], [ -71.266, -49.699 ], [ -71.233, -49.699 ], [ -71.233, -49.733 ], [ -71.199, -49.733 ], [ -71.166, -49.733 ], [ -71.133, -49.733 ], [ -71.099, -49.733 ], [ -71.066, -49.733 ], [ -71.033, -49.733 ], [ -70.999, -49.733 ], [ -70.966, -49.733 ], [ -70.933, -49.733 ], [ -70.899, -49.733 ], [ -70.866, -49.733 ], [ -70.833, -49.733 ], [ -70.833, -49.699 ], [ -70.799, -49.699 ], [ -70.766, -49.699 ], [ -70.733, -49.699 ], [ -70.699, -49.699 ], [ -70.666, -49.699 ], [ -70.666, -49.666 ], [ -70.633, -49.666 ], [ -70.633, -49.699 ], [ -70.599, -49.699 ], [ -70.566, -49.699 ], [ -70.533, -49.699 ], [ -70.499, -49.699 ], [ -70.466, -49.699 ], [ -70.433, -49.699 ], [ -70.399, -49.699 ], [ -70.399, -49.666 ], [ -70.366, -49.666 ], [ -70.333, -49.666 ], [ -70.299, -49.666 ], [ -70.266, -49.666 ], [ -70.233, -49.666 ], [ -70.199, -49.666 ], [ -70.166, -49.666 ], [ -70.133, -49.666 ], [ -70.099, -49.666 ], [ -70.099, -49.633 ], [ -70.066, -49.633 ], [ -70.066, -49.666 ], [ -70.033, -49.666 ], [ -69.999, -49.666 ], [ -69.966, -49.666 ], [ -69.966, -49.699 ], [ -69.933, -49.699 ], [ -69.933, -49.666 ], [ -69.899, -49.666 ], [ -69.899, -49.699 ], [ -69.866, -49.699 ], [ -69.866, -49.733 ], [ -69.833, -49.733 ], [ -69.799, -49.733 ], [ -69.799, -49.766 ], [ -69.833, -49.766 ], [ -69.833, -49.799 ], [ -69.799, -49.799 ], [ -69.766, -49.799 ], [ -69.766, -49.833 ], [ -69.733, -49.833 ], [ -69.699, -49.833 ], [ -69.666, -49.833 ], [ -69.633, -49.833 ], [ -69.599, -49.833 ], [ -69.599, -49.866 ], [ -69.566, -49.866 ], [ -69.533, -49.866 ], [ -69.533, -49.899 ], [ -69.499, -49.899 ], [ -69.499, -49.933 ], [ -69.533, -49.933 ], [ -69.566, -49.933 ], [ -69.566, -49.966 ], [ -69.533, -49.966 ], [ -69.499, -49.966 ], [ -69.499, -49.999 ], [ -69.533, -49.999 ], [ -69.566, -49.999 ], [ -69.599, -49.999 ], [ -69.633, -49.999 ], [ -69.666, -49.999 ], [ -69.666, -49.966 ], [ -69.699, -49.966 ], [ -69.699, -49.999 ], [ -69.733, -49.999 ], [ -69.766, -49.999 ], [ -69.799, -49.999 ], [ -69.799, -50.033 ], [ -69.799, -50.066 ], [ -69.799, -50.099 ], [ -69.833, -50.099 ], [ -69.833, -50.066 ], [ -69.866, -50.066 ], [ -69.866, -50.099 ], [ -69.899, -50.099 ], [ -69.899, -50.066 ], [ -69.933, -50.066 ], [ -69.966, -50.066 ], [ -69.966, -50.099 ], [ -69.999, -50.099 ], [ -70.033, -50.099 ], [ -70.066, -50.099 ], [ -70.099, -50.099 ], [ -70.099, -50.066 ], [ -70.133, -50.066 ], [ -70.166, -50.066 ], [ -70.166, -50.099 ], [ -70.199, -50.099 ], [ -70.233, -50.099 ], [ -70.266, -50.099 ], [ -70.299, -50.099 ], [ -70.333, -50.099 ], [ -70.366, -50.099 ], [ -70.366, -50.133 ], [ -70.399, -50.133 ], [ -70.433, -50.133 ], [ -70.466, -50.133 ], [ -70.499, -50.133 ], [ -70.533, -50.133 ], [ -70.566, -50.133 ], [ -70.599, -50.133 ], [ -70.599, -50.166 ], [ -70.633, -50.166 ], [ -70.633, -50.133 ], [ -70.666, -50.133 ], [ -70.666, -50.166 ], [ -70.699, -50.166 ], [ -70.733, -50.166 ], [ -70.766, -50.166 ], [ -70.799, -50.166 ], [ -70.833, -50.166 ], [ -70.866, -50.166 ], [ -70.899, -50.166 ], [ -70.899, -50.199 ], [ -70.933, -50.199 ], [ -70.933, -50.166 ], [ -70.966, -50.166 ], [ -70.999, -50.166 ], [ -70.999, -50.133 ], [ -71.033, -50.133 ], [ -71.066, -50.133 ], [ -71.066, -50.099 ], [ -71.099, -50.099 ], [ -71.133, -50.099 ], [ -71.133, -50.133 ], [ -71.166, -50.133 ], [ -71.199, -50.133 ], [ -71.233, -50.133 ], [ -71.266, -50.133 ], [ -71.299, -50.133 ], [ -71.299, -50.099 ], [ -71.333, -50.099 ], [ -71.366, -50.099 ], [ -71.399, -50.099 ], [ -71.433, -50.099 ], [ -71.466, -50.099 ], [ -71.499, -50.099 ], [ -71.533, -50.099 ], [ -71.566, -50.099 ], [ -71.599, -50.099 ], [ -71.633, -50.099 ], [ -71.666, -50.099 ], [ -71.699, -50.099 ], [ -71.733, -50.099 ], [ -71.733, -50.066 ], [ -71.699, -50.066 ], [ -71.666, -50.066 ], [ -71.666, -50.033 ], [ -71.633, -50.033 ], [ -71.599, -50.033 ], [ -71.599, -50.066 ], [ -71.566, -50.066 ], [ -71.566, -50.033 ], [ -71.566, -49.999 ], [ -71.533, -49.999 ], [ -71.533, -50.033 ], [ -71.499, -50.033 ], [ -71.499, -50.066 ], [ -71.466, -50.066 ], [ -71.433, -50.066 ], [ -71.399, -50.066 ], [ -71.366, -50.066 ], [ -71.333, -50.066 ], [ -71.299, -50.066 ], [ -71.266, -50.066 ], [ -71.266, -50.033 ], [ -71.233, -50.033 ], [ -71.199, -50.033 ], [ -71.199, -49.999 ], [ -71.166, -49.999 ], [ -71.133, -49.999 ], [ -71.099, -49.999 ], [ -71.066, -49.999 ], [ -71.033, -49.999 ], [ -71.033, -50.033 ], [ -71.033, -50.066 ], [ -70.999, -50.066 ], [ -70.999, -50.099 ], [ -70.966, -50.099 ], [ -70.966, -50.066 ], [ -70.933, -50.066 ], [ -70.933, -50.033 ], [ -70.899, -50.033 ], [ -70.866, -50.033 ], [ -70.833, -50.033 ], [ -70.833, -49.999 ], [ -70.799, -49.999 ], [ -70.766, -49.999 ], [ -70.733, -49.999 ], [ -70.699, -49.999 ], [ -70.666, -49.999 ], [ -70.666, -49.966 ], [ -70.633, -49.966 ], [ -70.633, -49.933 ], [ -70.599, -49.933 ], [ -70.599, -49.899 ], [ -70.566, -49.899 ], [ -70.566, -49.866 ], [ -70.566, -49.833 ], [ -70.566, -49.799 ], [ -70.566, -49.766 ], [ -70.533, -49.766 ], [ -70.533, -49.733 ], [ -70.566, -49.733 ], [ -70.599, -49.733 ], [ -70.599, -49.766 ], [ -70.633, -49.766 ], [ -70.666, -49.766 ], [ -70.666, -49.733 ], [ -70.699, -49.733 ], [ -70.733, -49.733 ], [ -70.733, -49.766 ], [ -70.766, -49.766 ], [ -70.799, -49.766 ], [ -70.799, -49.799 ], [ -70.833, -49.799 ], [ -70.866, -49.799 ], [ -70.866, -49.833 ], [ -70.899, -49.833 ], [ -70.933, -49.833 ], [ -70.966, -49.833 ], [ -70.999, -49.833 ], [ -71.033, -49.833 ], [ -71.066, -49.833 ], [ -71.099, -49.833 ], [ -71.133, -49.833 ], [ -71.166, -49.833 ], [ -71.199, -49.833 ], [ -71.233, -49.833 ], [ -71.266, -49.833 ], [ -71.266, -49.799 ], [ -71.299, -49.799 ], [ -71.299, -49.833 ], [ -71.333, -49.833 ], [ -71.366, -49.833 ], [ -71.366, -49.866 ], [ -71.399, -49.866 ], [ -71.399, -49.899 ], [ -71.433, -49.899 ], [ -71.466, -49.899 ], [ -71.466, -49.866 ], [ -71.499, -49.866 ], [ -71.499, -49.833 ], [ -71.499, -49.799 ], [ -71.533, -49.799 ], [ -71.533, -49.766 ], [ -71.533, -49.733 ], [ -71.566, -49.733 ], [ -71.599, -49.733 ], [ -71.599, -49.699 ], [ -71.633, -49.699 ], [ -71.633, -49.666 ], [ -71.666, -49.666 ], [ -71.699, -49.666 ], [ -71.699, -49.633 ], [ -71.733, -49.633 ], [ -71.733, -49.599 ], [ -71.733, -49.566 ], [ -71.766, -49.566 ], [ -71.766, -49.533 ], [ -71.799, -49.533 ], [ -71.799, -49.499 ], [ -71.833, -49.499 ], [ -71.866, -49.499 ], [ -71.866, -49.466 ], [ -71.899, -49.466 ], [ -71.933, -49.466 ], [ -71.966, -49.466 ], [ -71.966, -49.433 ], [ -71.999, -49.433 ], [ -71.999, -49.466 ], [ -72.033, -49.466 ], [ -72.066, -49.466 ], [ -72.066, -49.499 ], [ -72.099, -49.499 ], [ -72.099, -49.533 ], [ -72.099, -49.566 ], [ -72.066, -49.566 ], [ -72.066, -49.599 ], [ -72.033, -49.599 ], [ -72.033, -49.633 ], [ -71.999, -49.633 ], [ -71.966, -49.633 ], [ -71.966, -49.666 ], [ -71.933, -49.666 ], [ -71.933, -49.699 ], [ -71.933, -49.733 ], [ -71.966, -49.733 ], [ -71.966, -49.766 ], [ -71.999, -49.766 ], [ -71.999, -49.799 ], [ -71.999, -49.833 ], [ -71.999, -49.866 ], [ -71.999, -49.899 ], [ -71.999, -49.933 ], [ -71.966, -49.933 ], [ -71.966, -49.966 ], [ -71.933, -49.966 ], [ -71.899, -49.966 ], [ -71.899, -49.999 ], [ -71.866, -49.999 ], [ -71.866, -50.033 ], [ -71.833, -50.033 ], [ -71.799, -50.033 ], [ -71.799, -49.999 ], [ -71.766, -49.999 ], [ -71.766, -50.033 ], [ -71.733, -50.033 ], [ -71.733, -50.066 ], [ -71.766, -50.066 ], [ -71.799, -50.066 ], [ -71.833, -50.066 ], [ -71.866, -50.066 ], [ -71.899, -50.066 ], [ -71.933, -50.066 ], [ -71.933, -50.033 ], [ -71.966, -50.033 ], [ -71.999, -50.033 ], [ -71.999, -50.066 ], [ -71.999, -50.099 ], [ -72.033, -50.099 ], [ -72.066, -50.099 ], [ -72.066, -50.066 ], [ -72.066, -50.033 ], [ -72.066, -49.999 ], [ -72.066, -49.966 ], [ -72.066, -49.933 ], [ -72.099, -49.933 ], [ -72.099, -49.899 ], [ -72.066, -49.899 ], [ -72.066, -49.866 ], [ -72.066, -49.833 ], [ -72.066, -49.799 ], [ -72.066, -49.766 ], [ -72.033, -49.766 ], [ -72.033, -49.733 ], [ -72.033, -49.699 ], [ -72.066, -49.699 ], [ -72.066, -49.666 ], [ -72.099, -49.666 ], [ -72.099, -49.633 ], [ -72.133, -49.633 ], [ -72.166, -49.633 ], [ -72.166, -49.599 ], [ -72.199, -49.599 ], [ -72.233, -49.599 ], [ -72.233, -49.566 ], [ -72.266, -49.566 ], [ -72.266, -49.533 ], [ -72.299, -49.533 ], [ -72.299, -49.499 ], [ -72.266, -49.499 ], [ -72.266, -49.466 ], [ -72.233, -49.466 ], [ -72.199, -49.466 ], [ -72.199, -49.433 ], [ -72.166, -49.433 ], [ -72.166, -49.399 ], [ -72.166, -49.366 ], [ -72.133, -49.366 ], [ -72.133, -49.333 ], [ -72.099, -49.333 ], [ -72.099, -49.299 ], [ -72.066, -49.299 ], [ -72.066, -49.266 ], [ -72.099, -49.266 ], [ -72.133, -49.266 ], [ -72.133, -49.233 ], [ -72.099, -49.233 ], [ -72.066, -49.233 ], [ -72.066, -49.199 ], [ -72.099, -49.199 ], [ -72.133, -49.199 ], [ -72.133, -49.166 ], [ -72.133, -49.133 ], [ -72.133, -49.099 ], [ -72.133, -49.066 ], [ -72.099, -49.066 ], [ -72.099, -49.099 ], [ -72.066, -49.099 ], [ -72.066, -49.133 ], [ -72.033, -49.133 ], [ -71.999, -49.133 ], [ -71.966, -49.133 ], [ -71.933, -49.133 ], [ -71.899, -49.133 ], [ -71.899, -49.166 ], [ -71.866, -49.166 ], [ -71.833, -49.166 ], [ -71.833, -49.199 ], [ -71.799, -49.199 ], [ -71.766, -49.199 ], [ -71.766, -49.233 ], [ -71.733, -49.233 ], [ -71.733, -49.266 ], [ -71.699, -49.266 ], [ -71.666, -49.266 ], [ -71.633, -49.266 ], [ -71.599, -49.266 ], [ -71.566, -49.266 ], [ -71.533, -49.266 ], [ -71.499, -49.266 ], [ -71.499, -49.233 ], [ -71.466, -49.233 ], [ -71.466, -49.199 ], [ -71.466, -49.166 ], [ -71.466, -49.133 ], [ -71.466, -49.099 ], [ -71.466, -49.066 ], [ -71.499, -49.066 ], [ -71.499, -49.033 ], [ -71.533, -49.033 ], [ -71.533, -48.999 ], [ -71.566, -48.999 ], [ -71.566, -48.966 ], [ -71.599, -48.966 ], [ -71.599, -48.933 ], [ -71.633, -48.933 ], [ -71.633, -48.899 ], [ -71.633, -48.866 ], [ -71.599, -48.866 ], [ -71.599, -48.833 ], [ -71.566, -48.833 ], [ -71.566, -48.866 ], [ -71.533, -48.866 ], [ -71.533, -48.899 ], [ -71.499, -48.899 ], [ -71.466, -48.899 ], [ -71.466, -48.866 ], [ -71.433, -48.866 ], [ -71.433, -48.899 ], [ -71.433, -48.933 ], [ -71.399, -48.933 ], [ -71.399, -48.966 ], [ -71.399, -48.999 ], [ -71.399, -49.033 ], [ -71.366, -49.033 ], [ -71.366, -49.066 ], [ -71.333, -49.066 ], [ -71.299, -49.066 ], [ -71.266, -49.066 ], [ -71.266, -49.033 ], [ -71.233, -49.033 ], [ -71.199, -49.033 ], [ -71.199, -48.999 ], [ -71.166, -48.999 ], [ -71.133, -48.999 ], [ -71.133, -48.966 ], [ -71.099, -48.966 ], [ -71.099, -48.933 ], [ -71.066, -48.933 ], [ -71.066, -48.899 ], [ -71.066, -48.866 ], [ -71.033, -48.866 ], [ -71.033, -48.833 ], [ -71.066, -48.833 ], [ -71.066, -48.799 ], [ -71.099, -48.799 ], [ -71.099, -48.766 ], [ -71.133, -48.766 ], [ -71.133, -48.733 ], [ -71.166, -48.733 ], [ -71.199, -48.733 ], [ -71.199, -48.766 ], [ -71.233, -48.766 ], [ -71.233, -48.799 ], [ -71.266, -48.799 ], [ -71.299, -48.799 ], [ -71.333, -48.799 ], [ -71.333, -48.766 ], [ -71.366, -48.766 ], [ -71.366, -48.799 ], [ -71.399, -48.799 ], [ -71.399, -48.766 ], [ -71.399, -48.733 ], [ -71.366, -48.733 ], [ -71.333, -48.733 ], [ -71.299, -48.733 ], [ -71.266, -48.733 ], [ -71.266, -48.699 ], [ -71.233, -48.699 ], [ -71.199, -48.699 ], [ -71.199, -48.666 ], [ -71.166, -48.666 ], [ -71.133, -48.666 ], [ -71.133, -48.633 ], [ -71.099, -48.633 ], [ -71.066, -48.633 ], [ -71.066, -48.599 ], [ -71.033, -48.599 ], [ -70.999, -48.599 ], [ -70.999, -48.566 ], [ -70.966, -48.566 ], [ -70.933, -48.566 ], [ -70.933, -48.533 ], [ -70.933, -48.499 ], [ -70.966, -48.499 ], [ -70.966, -48.466 ], [ -70.999, -48.466 ], [ -70.999, -48.433 ], [ -71.033, -48.433 ], [ -71.033, -48.399 ], [ -71.066, -48.399 ], [ -71.099, -48.399 ], [ -71.133, -48.399 ], [ -71.166, -48.399 ], [ -71.199, -48.399 ], [ -71.199, -48.433 ], [ -71.233, -48.433 ], [ -71.266, -48.433 ], [ -71.266, -48.399 ], [ -71.299, -48.399 ], [ -71.333, -48.399 ], [ -71.333, -48.366 ], [ -71.299, -48.366 ], [ -71.299, -48.333 ], [ -71.266, -48.333 ], [ -71.266, -48.299 ], [ -71.266, -48.266 ], [ -71.299, -48.266 ], [ -71.333, -48.266 ], [ -71.333, -48.233 ], [ -71.366, -48.233 ], [ -71.399, -48.233 ], [ -71.399, -48.266 ], [ -71.433, -48.266 ], [ -71.466, -48.266 ], [ -71.499, -48.266 ], [ -71.533, -48.266 ], [ -71.566, -48.266 ], [ -71.599, -48.266 ], [ -71.633, -48.266 ], [ -71.633, -48.233 ], [ -71.599, -48.233 ], [ -71.599, -48.199 ], [ -71.566, -48.199 ], [ -71.566, -48.166 ], [ -71.533, -48.166 ], [ -71.499, -48.166 ], [ -71.466, -48.166 ], [ -71.466, -48.133 ], [ -71.433, -48.133 ], [ -71.399, -48.133 ], [ -71.366, -48.133 ], [ -71.366, -48.166 ], [ -71.333, -48.166 ], [ -71.299, -48.166 ], [ -71.266, -48.166 ], [ -71.266, -48.133 ], [ -71.233, -48.133 ], [ -71.233, -48.099 ], [ -71.233, -48.066 ], [ -71.233, -48.033 ], [ -71.233, -47.999 ], [ -71.199, -47.999 ], [ -71.199, -47.966 ], [ -71.166, -47.966 ], [ -71.166, -47.933 ], [ -71.133, -47.933 ], [ -71.133, -47.899 ], [ -71.099, -47.899 ], [ -71.066, -47.899 ], [ -71.033, -47.899 ], [ -71.033, -47.866 ], [ -70.999, -47.866 ], [ -70.966, -47.866 ], [ -70.966, -47.833 ], [ -70.933, -47.833 ], [ -70.899, -47.833 ], [ -70.866, -47.833 ], [ -70.866, -47.799 ], [ -70.833, -47.799 ], [ -70.799, -47.799 ], [ -70.766, -47.799 ], [ -70.766, -47.833 ], [ -70.733, -47.833 ], [ -70.699, -47.833 ], [ -70.666, -47.833 ], [ -70.666, -47.866 ], [ -70.633, -47.866 ], [ -70.633, -47.899 ], [ -70.599, -47.899 ], [ -70.599, -47.933 ], [ -70.599, -47.966 ], [ -70.566, -47.966 ], [ -70.566, -47.999 ], [ -70.566, -48.033 ], [ -70.566, -48.066 ], [ -70.566, -48.099 ], [ -70.566, -48.133 ], [ -70.533, -48.133 ], [ -70.499, -48.133 ], [ -70.466, -48.133 ], [ -70.466, -48.099 ], [ -70.433, -48.099 ], [ -70.399, -48.099 ], [ -70.366, -48.099 ], [ -70.366, -48.133 ], [ -70.366, -48.166 ], [ -70.366, -48.199 ], [ -70.366, -48.233 ], [ -70.366, -48.266 ], [ -70.366, -48.299 ], [ -70.366, -48.333 ], [ -70.366, -48.366 ], [ -70.366, -48.399 ], [ -70.333, -48.399 ], [ -70.333, -48.433 ], [ -70.333, -48.466 ], [ -70.333, -48.499 ], [ -70.299, -48.499 ], [ -70.299, -48.533 ], [ -70.266, -48.533 ], [ -70.266, -48.566 ], [ -70.233, -48.566 ], [ -70.233, -48.599 ], [ -70.199, -48.599 ], [ -70.199, -48.633 ], [ -70.166, -48.633 ], [ -70.133, -48.633 ], [ -70.133, -48.666 ], [ -70.099, -48.666 ], [ -70.099, -48.699 ], [ -70.066, -48.699 ], [ -70.033, -48.699 ], [ -69.999, -48.699 ], [ -69.999, -48.733 ], [ -69.966, -48.733 ], [ -69.933, -48.733 ], [ -69.899, -48.733 ], [ -69.899, -48.699 ], [ -69.866, -48.699 ], [ -69.833, -48.699 ], [ -69.799, -48.699 ], [ -69.766, -48.699 ], [ -69.733, -48.699 ], [ -69.699, -48.699 ], [ -69.666, -48.699 ], [ -69.666, -48.666 ], [ -69.633, -48.666 ], [ -69.599, -48.666 ], [ -69.566, -48.666 ], [ -69.533, -48.666 ], [ -69.533, -48.633 ], [ -69.499, -48.633 ], [ -69.466, -48.633 ], [ -69.466, -48.599 ], [ -69.433, -48.599 ], [ -69.433, -48.566 ], [ -69.399, -48.566 ], [ -69.399, -48.533 ], [ -69.366, -48.533 ], [ -69.366, -48.499 ], [ -69.333, -48.499 ], [ -69.333, -48.466 ], [ -69.299, -48.466 ], [ -69.299, -48.433 ], [ -69.266, -48.433 ], [ -69.233, -48.433 ], [ -69.233, -48.399 ], [ -69.199, -48.399 ], [ -69.166, -48.399 ], [ -69.166, -48.366 ], [ -69.133, -48.366 ], [ -69.133, -48.333 ], [ -69.133, -48.299 ], [ -69.099, -48.299 ], [ -69.099, -48.266 ], [ -69.066, -48.266 ], [ -69.066, -48.233 ], [ -69.033, -48.233 ], [ -69.033, -48.199 ], [ -69.033, -48.166 ], [ -69.033, -48.133 ], [ -69.033, -48.099 ], [ -69.033, -48.066 ], [ -69.066, -48.066 ], [ -69.066, -48.033 ], [ -69.066, -47.999 ], [ -69.033, -47.999 ], [ -69.033, -47.966 ], [ -68.999, -47.966 ], [ -68.966, -47.966 ], [ -68.966, -47.933 ], [ -68.933, -47.933 ], [ -68.899, -47.933 ], [ -68.899, -47.899 ], [ -68.866, -47.899 ], [ -68.866, -47.866 ], [ -68.899, -47.866 ], [ -68.933, -47.866 ], [ -68.933, -47.833 ], [ -68.966, -47.833 ], [ -68.999, -47.833 ], [ -69.033, -47.833 ], [ -69.033, -47.799 ], [ -68.999, -47.799 ], [ -68.999, -47.766 ], [ -68.966, -47.766 ], [ -68.933, -47.766 ], [ -68.899, -47.766 ], [ -68.866, -47.766 ], [ -68.833, -47.766 ], [ -68.799, -47.766 ], [ -68.766, -47.766 ], [ -68.733, -47.766 ], [ -68.733, -47.733 ], [ -68.733, -47.699 ], [ -68.766, -47.699 ], [ -68.766, -47.733 ], [ -68.799, -47.733 ], [ -68.799, -47.699 ], [ -68.799, -47.666 ], [ -68.833, -47.666 ], [ -68.866, -47.666 ], [ -68.899, -47.666 ], [ -68.899, -47.633 ], [ -68.933, -47.633 ], [ -68.933, -47.599 ], [ -68.966, -47.599 ], [ -68.966, -47.566 ], [ -68.966, -47.533 ], [ -68.933, -47.533 ], [ -68.933, -47.499 ], [ -68.899, -47.499 ], [ -68.899, -47.466 ], [ -68.866, -47.466 ], [ -68.866, -47.433 ], [ -68.833, -47.433 ], [ -68.799, -47.433 ], [ -68.799, -47.466 ], [ -68.766, -47.466 ], [ -68.733, -47.466 ], [ -68.699, -47.466 ], [ -68.699, -47.433 ], [ -68.666, -47.433 ], [ -68.633, -47.433 ], [ -68.633, -47.399 ], [ -68.599, -47.399 ], [ -68.599, -47.433 ], [ -68.599, -47.466 ], [ -68.633, -47.466 ], [ -68.633, -47.499 ], [ -68.633, -47.533 ], [ -68.599, -47.533 ], [ -68.599, -47.566 ], [ -68.566, -47.566 ], [ -68.566, -47.599 ], [ -68.566, -47.633 ], [ -68.533, -47.633 ], [ -68.499, -47.633 ], [ -68.466, -47.633 ], [ -68.466, -47.666 ], [ -68.466, -47.699 ], [ -68.433, -47.699 ], [ -68.433, -47.733 ], [ -68.466, -47.733 ], [ -68.466, -47.766 ], [ -68.499, -47.766 ], [ -68.499, -47.799 ], [ -68.533, -47.799 ], [ -68.566, -47.799 ], [ -68.566, -47.833 ], [ -68.599, -47.833 ], [ -68.633, -47.833 ], [ -68.666, -47.833 ], [ -68.699, -47.833 ], [ -68.699, -47.799 ], [ -68.733, -47.799 ], [ -68.766, -47.799 ], [ -68.799, -47.799 ], [ -68.833, -47.799 ], [ -68.866, -47.799 ], [ -68.866, -47.833 ], [ -68.833, -47.833 ], [ -68.833, -47.866 ], [ -68.799, -47.866 ], [ -68.766, -47.866 ], [ -68.733, -47.866 ], [ -68.733, -47.899 ], [ -68.699, -47.899 ], [ -68.699, -47.933 ], [ -68.666, -47.933 ], [ -68.633, -47.933 ], [ -68.633, -47.966 ], [ -68.599, -47.966 ], [ -68.599, -47.999 ], [ -68.566, -47.999 ], [ -68.566, -48.033 ], [ -68.533, -48.033 ], [ -68.499, -48.033 ], [ -68.466, -48.033 ], [ -68.433, -48.033 ], [ -68.433, -47.999 ], [ -68.399, -47.999 ], [ -68.366, -47.999 ], [ -68.333, -47.999 ], [ -68.333, -48.033 ], [ -68.299, -48.033 ], [ -68.299, -48.066 ], [ -68.299, -48.099 ], [ -68.299, -48.133 ], [ -68.299, -48.166 ], [ -68.266, -48.166 ], [ -68.266, -48.199 ], [ -68.266, -48.233 ], [ -68.266, -48.266 ], [ -68.266, -48.299 ], [ -68.266, -48.333 ], [ -68.299, -48.333 ], [ -68.333, -48.333 ], [ -68.333, -48.366 ], [ -68.366, -48.366 ], [ -68.399, -48.366 ], [ -68.399, -48.399 ], [ -68.433, -48.399 ], [ -68.433, -48.433 ], [ -68.466, -48.433 ], [ -68.466, -48.466 ], [ -68.499, -48.466 ], [ -68.533, -48.466 ], [ -68.533, -48.499 ], [ -68.566, -48.499 ], [ -68.599, -48.499 ], [ -68.599, -48.533 ], [ -68.633, -48.533 ], [ -68.633, -48.566 ], [ -68.666, -48.566 ], [ -68.666, -48.599 ], [ -68.666, -48.633 ], [ -68.699, -48.633 ], [ -68.699, -48.666 ], [ -68.733, -48.666 ], [ -68.733, -48.699 ], [ -68.766, -48.699 ], [ -68.766, -48.733 ], [ -68.799, -48.733 ], [ -68.799, -48.766 ], [ -68.833, -48.766 ], [ -68.833, -48.799 ], [ -68.833, -48.833 ], [ -68.833, -48.866 ], [ -68.866, -48.866 ], [ -68.866, -48.899 ], [ -68.866, -48.933 ], [ -68.899, -48.933 ], [ -68.933, -48.933 ], [ -68.966, -48.933 ], [ -68.966, -48.966 ], [ -68.999, -48.966 ], [ -69.033, -48.966 ], [ -69.066, -48.966 ], [ -69.099, -48.966 ], [ -69.133, -48.966 ], [ -69.166, -48.966 ], [ -69.199, -48.966 ], [ -69.199, -48.999 ], [ -69.233, -48.999 ], [ -69.266, -48.999 ], [ -69.266, -48.966 ], [ -69.299, -48.966 ], [ -69.333, -48.966 ], [ -69.366, -48.966 ], [ -69.399, -48.966 ], [ -69.433, -48.966 ], [ -69.433, -48.999 ], [ -69.466, -48.999 ], [ -69.499, -48.999 ], [ -69.499, -48.966 ], [ -69.533, -48.966 ], [ -69.533, -48.999 ], [ -69.566, -48.999 ], [ -69.599, -48.999 ], [ -69.599, -48.966 ], [ -69.633, -48.966 ], [ -69.633, -48.999 ], [ -69.666, -48.999 ], [ -69.699, -48.999 ], [ -69.733, -48.999 ], [ -69.766, -48.999 ], [ -69.766, -48.966 ], [ -69.799, -48.966 ], [ -69.833, -48.966 ], [ -69.833, -48.999 ], [ -69.799, -48.999 ], [ -69.799, -49.033 ], [ -69.766, -49.033 ], [ -69.733, -49.033 ], [ -69.699, -49.033 ], [ -69.699, -49.066 ] ] ], [ [ [ -68.666, -47.766 ], [ -68.666, -47.733 ], [ -68.699, -47.733 ], [ -68.699, -47.766 ], [ -68.666, -47.766 ] ] ], [ [ [ -70.933, -49.033 ], [ -70.933, -49.066 ], [ -70.899, -49.066 ], [ -70.866, -49.066 ], [ -70.833, -49.066 ], [ -70.799, -49.066 ], [ -70.766, -49.066 ], [ -70.766, -49.033 ], [ -70.799, -49.033 ], [ -70.799, -48.999 ], [ -70.833, -48.999 ], [ -70.866, -48.999 ], [ -70.866, -48.966 ], [ -70.899, -48.966 ], [ -70.899, -48.999 ], [ -70.899, -49.033 ], [ -70.933, -49.033 ] ] ], [ [ [ -71.999, -47.399 ], [ -72.033, -47.399 ], [ -72.033, -47.366 ], [ -71.999, -47.366 ], [ -71.999, -47.399 ] ] ], [ [ [ -68.166, -47.366 ], [ -68.166, -47.399 ], [ -68.133, -47.399 ], [ -68.133, -47.433 ], [ -68.099, -47.433 ], [ -68.066, -47.433 ], [ -68.066, -47.466 ], [ -68.066, -47.499 ], [ -68.099, -47.499 ], [ -68.099, -47.533 ], [ -68.133, -47.533 ], [ -68.166, -47.533 ], [ -68.166, -47.499 ], [ -68.199, -47.499 ], [ -68.199, -47.533 ], [ -68.233, -47.533 ], [ -68.266, -47.533 ], [ -68.266, -47.499 ], [ -68.299, -47.499 ], [ -68.333, -47.499 ], [ -68.366, -47.499 ], [ -68.366, -47.466 ], [ -68.399, -47.466 ], [ -68.399, -47.433 ], [ -68.399, -47.399 ], [ -68.366, -47.399 ], [ -68.333, -47.399 ], [ -68.333, -47.433 ], [ -68.299, -47.433 ], [ -68.266, -47.433 ], [ -68.266, -47.399 ], [ -68.299, -47.399 ], [ -68.299, -47.366 ], [ -68.299, -47.333 ], [ -68.266, -47.333 ], [ -68.266, -47.366 ], [ -68.233, -47.366 ], [ -68.199, -47.366 ], [ -68.166, -47.366 ] ] ], [ [ [ -68.166, -47.366 ], [ -68.166, -47.333 ], [ -68.133, -47.333 ], [ -68.133, -47.366 ], [ -68.166, -47.366 ] ] ], [ [ [ -71.599, -47.599 ], [ -71.599, -47.566 ], [ -71.566, -47.566 ], [ -71.533, -47.566 ], [ -71.499, -47.566 ], [ -71.499, -47.533 ], [ -71.466, -47.533 ], [ -71.466, -47.499 ], [ -71.433, -47.499 ], [ -71.433, -47.466 ], [ -71.399, -47.466 ], [ -71.366, -47.466 ], [ -71.366, -47.433 ], [ -71.333, -47.433 ], [ -71.299, -47.433 ], [ -71.266, -47.433 ], [ -71.233, -47.433 ], [ -71.199, -47.433 ], [ -71.199, -47.399 ], [ -71.166, -47.399 ], [ -71.133, -47.399 ], [ -71.099, -47.399 ], [ -71.066, -47.399 ], [ -71.066, -47.366 ], [ -71.033, -47.366 ], [ -70.999, -47.366 ], [ -70.966, -47.366 ], [ -70.933, -47.366 ], [ -70.899, -47.366 ], [ -70.899, -47.333 ], [ -70.899, -47.299 ], [ -70.866, -47.299 ], [ -70.866, -47.333 ], [ -70.833, -47.333 ], [ -70.833, -47.366 ], [ -70.833, -47.399 ], [ -70.833, -47.433 ], [ -70.833, -47.466 ], [ -70.833, -47.499 ], [ -70.833, -47.533 ], [ -70.833, -47.566 ], [ -70.866, -47.566 ], [ -70.899, -47.566 ], [ -70.899, -47.599 ], [ -70.933, -47.599 ], [ -70.933, -47.633 ], [ -70.966, -47.633 ], [ -70.999, -47.633 ], [ -71.033, -47.633 ], [ -71.033, -47.666 ], [ -71.066, -47.666 ], [ -71.099, -47.666 ], [ -71.133, -47.666 ], [ -71.166, -47.666 ], [ -71.199, -47.666 ], [ -71.199, -47.633 ], [ -71.233, -47.633 ], [ -71.266, -47.633 ], [ -71.299, -47.633 ], [ -71.333, -47.633 ], [ -71.333, -47.599 ], [ -71.366, -47.599 ], [ -71.366, -47.633 ], [ -71.399, -47.633 ], [ -71.433, -47.633 ], [ -71.466, -47.633 ], [ -71.499, -47.633 ], [ -71.533, -47.633 ], [ -71.533, -47.599 ], [ -71.566, -47.599 ], [ -71.599, -47.599 ] ] ], [ [ [ -69.833, -47.299 ], [ -69.833, -47.333 ], [ -69.866, -47.333 ], [ -69.866, -47.299 ], [ -69.833, -47.299 ] ] ], [ [ [ -70.866, -47.299 ], [ -70.866, -47.266 ], [ -70.833, -47.266 ], [ -70.833, -47.299 ], [ -70.866, -47.299 ] ] ], [ [ [ -68.133, -47.266 ], [ -68.166, -47.266 ], [ -68.166, -47.233 ], [ -68.133, -47.233 ], [ -68.133, -47.266 ] ] ], [ [ [ -71.533, -47.199 ], [ -71.499, -47.199 ], [ -71.466, -47.199 ], [ -71.466, -47.233 ], [ -71.433, -47.233 ], [ -71.399, -47.233 ], [ -71.366, -47.233 ], [ -71.333, -47.233 ], [ -71.299, -47.233 ], [ -71.266, -47.233 ], [ -71.233, -47.233 ], [ -71.199, -47.233 ], [ -71.166, -47.233 ], [ -71.133, -47.233 ], [ -71.099, -47.233 ], [ -71.066, -47.233 ], [ -71.033, -47.233 ], [ -71.033, -47.199 ], [ -70.999, -47.199 ], [ -70.966, -47.199 ], [ -70.966, -47.233 ], [ -70.933, -47.233 ], [ -70.933, -47.266 ], [ -70.966, -47.266 ], [ -70.999, -47.266 ], [ -70.999, -47.299 ], [ -71.033, -47.299 ], [ -71.066, -47.299 ], [ -71.099, -47.299 ], [ -71.133, -47.299 ], [ -71.133, -47.266 ], [ -71.166, -47.266 ], [ -71.199, -47.266 ], [ -71.199, -47.299 ], [ -71.233, -47.299 ], [ -71.266, -47.299 ], [ -71.299, -47.299 ], [ -71.299, -47.333 ], [ -71.333, -47.333 ], [ -71.366, -47.333 ], [ -71.366, -47.299 ], [ -71.399, -47.299 ], [ -71.433, -47.299 ], [ -71.433, -47.266 ], [ -71.466, -47.266 ], [ -71.499, -47.266 ], [ -71.499, -47.233 ], [ -71.533, -47.233 ], [ -71.533, -47.199 ] ] ], [ [ [ -69.199, -47.233 ], [ -69.199, -47.266 ], [ -69.166, -47.266 ], [ -69.166, -47.299 ], [ -69.199, -47.299 ], [ -69.233, -47.299 ], [ -69.266, -47.299 ], [ -69.299, -47.299 ], [ -69.299, -47.266 ], [ -69.266, -47.266 ], [ -69.266, -47.233 ], [ -69.266, -47.199 ], [ -69.233, -47.199 ], [ -69.233, -47.233 ], [ -69.199, -47.233 ] ] ], [ [ [ -69.199, -47.233 ], [ -69.199, -47.199 ], [ -69.166, -47.199 ], [ -69.166, -47.233 ], [ -69.199, -47.233 ] ] ], [ [ [ -68.233, -47.233 ], [ -68.266, -47.233 ], [ -68.266, -47.199 ], [ -68.233, -47.199 ], [ -68.199, -47.199 ], [ -68.199, -47.233 ], [ -68.233, -47.233 ] ] ], [ [ [ -68.066, -47.233 ], [ -68.099, -47.233 ], [ -68.099, -47.199 ], [ -68.066, -47.199 ], [ -68.066, -47.233 ] ] ], [ [ [ -71.966, -47.233 ], [ -72.003, -47.233 ], [ -72.004, -47.232 ], [ -72.003, -47.231 ], [ -72.003, -47.231 ], [ -72.001, -47.230 ], [ -72.000, -47.228 ], [ -71.998, -47.225 ], [ -72.000, -47.222 ], [ -72.000, -47.219 ], [ -72.000, -47.215 ], [ -72.002, -47.213 ], [ -72.007, -47.211 ], [ -72.007, -47.210 ], [ -72.007, -47.209 ], [ -72.010, -47.207 ], [ -72.012, -47.205 ], [ -72.016, -47.201 ], [ -72.019, -47.198 ], [ -72.018, -47.198 ], [ -72.015, -47.200 ], [ -72.012, -47.201 ], [ -72.007, -47.202 ], [ -72.001, -47.204 ], [ -71.992, -47.208 ], [ -71.983, -47.210 ], [ -71.977, -47.213 ], [ -71.971, -47.213 ], [ -71.966, -47.214 ], [ -71.953, -47.215 ], [ -71.943, -47.217 ], [ -71.934, -47.219 ], [ -71.923, -47.220 ], [ -71.920, -47.220 ], [ -71.933, -47.233 ], [ -71.966, -47.233 ] ] ], [ [ [ -71.833, -47.166 ], [ -71.833, -47.199 ], [ -71.799, -47.199 ], [ -71.799, -47.233 ], [ -71.833, -47.233 ], [ -71.833, -47.266 ], [ -71.833, -47.299 ], [ -71.866, -47.299 ], [ -71.866, -47.266 ], [ -71.899, -47.266 ], [ -71.899, -47.230 ], [ -71.895, -47.228 ], [ -71.886, -47.228 ], [ -71.879, -47.228 ], [ -71.874, -47.228 ], [ -71.872, -47.229 ], [ -71.869, -47.230 ], [ -71.866, -47.230 ], [ -71.865, -47.230 ], [ -71.863, -47.229 ], [ -71.864, -47.227 ], [ -71.864, -47.225 ], [ -71.864, -47.224 ], [ -71.869, -47.222 ], [ -71.873, -47.220 ], [ -71.877, -47.218 ], [ -71.880, -47.217 ], [ -71.883, -47.215 ], [ -71.885, -47.213 ], [ -71.883, -47.208 ], [ -71.880, -47.206 ], [ -71.880, -47.203 ], [ -71.885, -47.201 ], [ -71.888, -47.200 ], [ -71.890, -47.189 ], [ -71.890, -47.186 ], [ -71.885, -47.181 ], [ -71.880, -47.180 ], [ -71.873, -47.180 ], [ -71.868, -47.178 ], [ -71.865, -47.174 ], [ -71.868, -47.170 ], [ -71.870, -47.168 ], [ -71.863, -47.168 ], [ -71.856, -47.166 ], [ -71.833, -47.166 ] ] ], [ [ [ -71.533, -47.199 ], [ -71.566, -47.199 ], [ -71.599, -47.199 ], [ -71.633, -47.199 ], [ -71.666, -47.199 ], [ -71.699, -47.199 ], [ -71.733, -47.199 ], [ -71.766, -47.199 ], [ -71.766, -47.166 ], [ -71.733, -47.166 ], [ -71.699, -47.166 ], [ -71.666, -47.166 ], [ -71.633, -47.166 ], [ -71.599, -47.166 ], [ -71.566, -47.166 ], [ -71.533, -47.166 ], [ -71.533, -47.199 ] ] ], [ [ [ -71.766, -47.166 ], [ -71.799, -47.166 ], [ -71.833, -47.166 ], [ -71.833, -47.133 ], [ -71.799, -47.133 ], [ -71.766, -47.133 ], [ -71.766, -47.166 ] ] ], [ [ [ -68.199, -47.166 ], [ -68.233, -47.166 ], [ -68.233, -47.133 ], [ -68.233, -47.099 ], [ -68.199, -47.099 ], [ -68.166, -47.099 ], [ -68.166, -47.133 ], [ -68.166, -47.166 ], [ -68.199, -47.166 ] ] ], [ [ [ -71.833, -47.099 ], [ -71.866, -47.099 ], [ -71.866, -47.066 ], [ -71.833, -47.066 ], [ -71.833, -47.033 ], [ -71.799, -47.033 ], [ -71.799, -47.066 ], [ -71.799, -47.099 ], [ -71.833, -47.099 ] ] ], [ [ [ -68.699, -47.066 ], [ -68.733, -47.066 ], [ -68.733, -47.099 ], [ -68.766, -47.099 ], [ -68.766, -47.133 ], [ -68.733, -47.133 ], [ -68.733, -47.099 ], [ -68.699, -47.099 ], [ -68.699, -47.066 ], [ -68.666, -47.066 ], [ -68.633, -47.066 ], [ -68.633, -47.099 ], [ -68.599, -47.099 ], [ -68.599, -47.133 ], [ -68.599, -47.166 ], [ -68.633, -47.166 ], [ -68.666, -47.166 ], [ -68.699, -47.166 ], [ -68.733, -47.166 ], [ -68.766, -47.166 ], [ -68.766, -47.199 ], [ -68.766, -47.233 ], [ -68.766, -47.266 ], [ -68.766, -47.299 ], [ -68.733, -47.299 ], [ -68.699, -47.299 ], [ -68.666, -47.299 ], [ -68.666, -47.333 ], [ -68.633, -47.333 ], [ -68.599, -47.333 ], [ -68.566, -47.333 ], [ -68.533, -47.333 ], [ -68.533, -47.366 ], [ -68.566, -47.366 ], [ -68.566, -47.399 ], [ -68.599, -47.399 ], [ -68.599, -47.366 ], [ -68.633, -47.366 ], [ -68.666, -47.366 ], [ -68.699, -47.366 ], [ -68.733, -47.366 ], [ -68.766, -47.366 ], [ -68.799, -47.366 ], [ -68.833, -47.366 ], [ -68.833, -47.333 ], [ -68.833, -47.299 ], [ -68.799, -47.299 ], [ -68.799, -47.266 ], [ -68.833, -47.266 ], [ -68.833, -47.233 ], [ -68.866, -47.233 ], [ -68.866, -47.199 ], [ -68.899, -47.199 ], [ -68.933, -47.199 ], [ -68.933, -47.166 ], [ -68.966, -47.166 ], [ -68.966, -47.133 ], [ -68.999, -47.133 ], [ -68.999, -47.099 ], [ -68.966, -47.099 ], [ -68.933, -47.099 ], [ -68.933, -47.133 ], [ -68.899, -47.133 ], [ -68.866, -47.133 ], [ -68.833, -47.133 ], [ -68.833, -47.099 ], [ -68.799, -47.099 ], [ -68.799, -47.066 ], [ -68.799, -47.033 ], [ -68.799, -46.999 ], [ -68.766, -46.999 ], [ -68.733, -46.999 ], [ -68.699, -46.999 ], [ -68.699, -47.033 ], [ -68.699, -47.066 ] ] ], [ [ [ -68.933, -47.099 ], [ -68.933, -47.066 ], [ -68.966, -47.066 ], [ -68.999, -47.066 ], [ -68.999, -47.033 ], [ -68.966, -47.033 ], [ -68.933, -47.033 ], [ -68.933, -46.999 ], [ -68.899, -46.999 ], [ -68.899, -46.966 ], [ -68.866, -46.966 ], [ -68.866, -46.999 ], [ -68.833, -46.999 ], [ -68.833, -47.033 ], [ -68.833, -47.066 ], [ -68.866, -47.066 ], [ -68.899, -47.066 ], [ -68.899, -47.099 ], [ -68.933, -47.099 ] ] ], [ [ [ -68.899, -46.966 ], [ -68.933, -46.966 ], [ -68.933, -46.933 ], [ -68.899, -46.933 ], [ -68.899, -46.966 ] ] ], [ [ [ -68.999, -47.033 ], [ -69.033, -47.033 ], [ -69.033, -47.066 ], [ -68.999, -47.066 ], [ -68.999, -47.099 ], [ -69.033, -47.099 ], [ -69.066, -47.099 ], [ -69.099, -47.099 ], [ -69.133, -47.099 ], [ -69.133, -47.066 ], [ -69.133, -47.033 ], [ -69.133, -46.999 ], [ -69.166, -46.999 ], [ -69.199, -46.999 ], [ -69.233, -46.999 ], [ -69.266, -46.999 ], [ -69.299, -46.999 ], [ -69.333, -46.999 ], [ -69.333, -46.966 ], [ -69.333, -46.933 ], [ -69.299, -46.933 ], [ -69.266, -46.933 ], [ -69.233, -46.933 ], [ -69.199, -46.933 ], [ -69.166, -46.933 ], [ -69.133, -46.933 ], [ -69.099, -46.933 ], [ -69.066, -46.933 ], [ -69.033, -46.933 ], [ -69.033, -46.899 ], [ -68.999, -46.899 ], [ -68.999, -46.933 ], [ -68.999, -46.966 ], [ -69.033, -46.966 ], [ -69.066, -46.966 ], [ -69.099, -46.966 ], [ -69.099, -46.999 ], [ -69.066, -46.999 ], [ -69.033, -46.999 ], [ -68.999, -46.999 ], [ -68.999, -47.033 ] ] ], [ [ [ -71.866, -46.833 ], [ -71.866, -46.866 ], [ -71.833, -46.866 ], [ -71.833, -46.899 ], [ -71.833, -46.933 ], [ -71.833, -46.966 ], [ -71.866, -46.966 ], [ -71.866, -46.933 ], [ -71.866, -46.899 ], [ -71.899, -46.899 ], [ -71.899, -46.866 ], [ -71.899, -46.833 ], [ -71.866, -46.833 ] ] ], [ [ [ -69.033, -46.899 ], [ -69.066, -46.899 ], [ -69.099, -46.899 ], [ -69.133, -46.899 ], [ -69.133, -46.866 ], [ -69.166, -46.866 ], [ -69.166, -46.833 ], [ -69.133, -46.833 ], [ -69.099, -46.833 ], [ -69.099, -46.866 ], [ -69.066, -46.866 ], [ -69.033, -46.866 ], [ -69.033, -46.899 ] ] ], [ [ [ -71.766, -46.799 ], [ -71.766, -46.833 ], [ -71.799, -46.833 ], [ -71.799, -46.799 ], [ -71.766, -46.799 ] ] ], [ [ [ -69.166, -46.833 ], [ -69.199, -46.833 ], [ -69.233, -46.833 ], [ -69.233, -46.866 ], [ -69.266, -46.866 ], [ -69.299, -46.866 ], [ -69.299, -46.833 ], [ -69.333, -46.833 ], [ -69.366, -46.833 ], [ -69.399, -46.833 ], [ -69.433, -46.833 ], [ -69.433, -46.799 ], [ -69.399, -46.799 ], [ -69.366, -46.799 ], [ -69.333, -46.799 ], [ -69.299, -46.799 ], [ -69.266, -46.799 ], [ -69.233, -46.799 ], [ -69.199, -46.799 ], [ -69.166, -46.799 ], [ -69.166, -46.833 ] ] ], [ [ [ -71.766, -46.799 ], [ -71.766, -46.766 ], [ -71.733, -46.766 ], [ -71.733, -46.799 ], [ -71.766, -46.799 ] ] ], [ [ [ -71.733, -46.766 ], [ -71.733, -46.730 ], [ -71.728, -46.731 ], [ -71.727, -46.726 ], [ -71.722, -46.725 ], [ -71.716, -46.721 ], [ -71.714, -46.719 ], [ -71.714, -46.718 ], [ -71.699, -46.733 ], [ -71.699, -46.766 ], [ -71.733, -46.766 ] ] ], [ [ [ -71.599, -46.766 ], [ -71.633, -46.766 ], [ -71.633, -46.733 ], [ -71.599, -46.733 ], [ -71.599, -46.699 ], [ -71.566, -46.699 ], [ -71.566, -46.733 ], [ -71.566, -46.766 ], [ -71.599, -46.766 ] ] ], [ [ [ -71.499, -46.699 ], [ -71.533, -46.699 ], [ -71.533, -46.666 ], [ -71.499, -46.666 ], [ -71.499, -46.699 ] ] ], [ [ [ -68.766, -46.399 ], [ -68.733, -46.399 ], [ -68.733, -46.433 ], [ -68.766, -46.433 ], [ -68.766, -46.399 ] ] ], [ [ [ -71.066, -46.333 ], [ -71.066, -46.299 ], [ -71.033, -46.299 ], [ -71.033, -46.333 ], [ -71.066, -46.333 ] ] ], [ [ [ -69.133, -46.299 ], [ -69.133, -46.266 ], [ -69.099, -46.266 ], [ -69.099, -46.299 ], [ -69.133, -46.299 ] ] ], [ [ [ -71.666, -46.199 ], [ -71.666, -46.233 ], [ -71.699, -46.233 ], [ -71.699, -46.266 ], [ -71.734, -46.266 ], [ -71.736, -46.265 ], [ -71.739, -46.264 ], [ -71.742, -46.262 ], [ -71.742, -46.259 ], [ -71.741, -46.256 ], [ -71.741, -46.252 ], [ -71.741, -46.250 ], [ -71.743, -46.248 ], [ -71.746, -46.246 ], [ -71.733, -46.233 ], [ -71.733, -46.199 ], [ -71.699, -46.199 ], [ -71.666, -46.199 ] ] ], [ [ [ -71.666, -46.199 ], [ -71.666, -46.166 ], [ -71.633, -46.166 ], [ -71.599, -46.166 ], [ -71.599, -46.199 ], [ -71.633, -46.199 ], [ -71.666, -46.199 ] ] ], [ [ [ -69.266, -46.066 ], [ -69.266, -46.099 ], [ -69.299, -46.099 ], [ -69.333, -46.099 ], [ -69.333, -46.066 ], [ -69.366, -46.066 ], [ -69.399, -46.066 ], [ -69.399, -46.033 ], [ -69.366, -46.033 ], [ -69.366, -45.999 ], [ -69.333, -45.999 ], [ -69.333, -45.966 ], [ -69.299, -45.966 ], [ -69.299, -45.933 ], [ -69.266, -45.933 ], [ -69.233, -45.933 ], [ -69.199, -45.933 ], [ -69.166, -45.933 ], [ -69.166, -45.966 ], [ -69.166, -45.999 ], [ -69.166, -46.033 ], [ -69.199, -46.033 ], [ -69.199, -46.066 ], [ -69.233, -46.066 ], [ -69.266, -46.066 ] ] ], [ [ [ -67.766, -45.833 ], [ -67.733, -45.833 ], [ -67.733, -45.866 ], [ -67.766, -45.866 ], [ -67.766, -45.833 ] ] ], [ [ [ -68.399, -45.566 ], [ -68.433, -45.566 ], [ -68.433, -45.533 ], [ -68.433, -45.499 ], [ -68.399, -45.499 ], [ -68.366, -45.499 ], [ -68.366, -45.533 ], [ -68.399, -45.533 ], [ -68.399, -45.566 ] ] ], [ [ [ -68.299, -45.533 ], [ -68.333, -45.533 ], [ -68.333, -45.499 ], [ -68.333, -45.466 ], [ -68.299, -45.466 ], [ -68.299, -45.499 ], [ -68.299, -45.533 ] ] ], [ [ [ -69.399, -45.333 ], [ -69.399, -45.299 ], [ -69.366, -45.299 ], [ -69.366, -45.333 ], [ -69.399, -45.333 ] ] ], [ [ [ -68.733, -45.266 ], [ -68.766, -45.266 ], [ -68.766, -45.233 ], [ -68.733, -45.233 ], [ -68.733, -45.266 ] ] ], [ [ [ -68.933, -44.966 ], [ -68.899, -44.966 ], [ -68.899, -44.999 ], [ -68.866, -44.999 ], [ -68.833, -44.999 ], [ -68.833, -45.033 ], [ -68.799, -45.033 ], [ -68.766, -45.033 ], [ -68.733, -45.033 ], [ -68.699, -45.033 ], [ -68.666, -45.033 ], [ -68.633, -45.033 ], [ -68.633, -45.066 ], [ -68.599, -45.066 ], [ -68.599, -45.099 ], [ -68.566, -45.099 ], [ -68.566, -45.133 ], [ -68.566, -45.166 ], [ -68.533, -45.166 ], [ -68.533, -45.199 ], [ -68.533, -45.233 ], [ -68.533, -45.266 ], [ -68.566, -45.266 ], [ -68.599, -45.266 ], [ -68.633, -45.266 ], [ -68.633, -45.233 ], [ -68.633, -45.199 ], [ -68.666, -45.199 ], [ -68.699, -45.199 ], [ -68.699, -45.166 ], [ -68.733, -45.166 ], [ -68.733, -45.133 ], [ -68.766, -45.133 ], [ -68.799, -45.133 ], [ -68.799, -45.166 ], [ -68.833, -45.166 ], [ -68.866, -45.166 ], [ -68.899, -45.166 ], [ -68.933, -45.166 ], [ -68.966, -45.166 ], [ -68.999, -45.166 ], [ -68.999, -45.133 ], [ -69.033, -45.133 ], [ -69.066, -45.133 ], [ -69.066, -45.099 ], [ -69.066, -45.066 ], [ -69.033, -45.066 ], [ -68.999, -45.066 ], [ -68.999, -45.099 ], [ -68.966, -45.099 ], [ -68.966, -45.066 ], [ -68.933, -45.066 ], [ -68.933, -45.033 ], [ -68.933, -44.999 ], [ -68.933, -44.966 ] ], [ [ -68.733, -45.066 ], [ -68.733, -45.099 ], [ -68.699, -45.099 ], [ -68.699, -45.133 ], [ -68.666, -45.133 ], [ -68.666, -45.166 ], [ -68.633, -45.166 ], [ -68.599, -45.166 ], [ -68.599, -45.133 ], [ -68.633, -45.133 ], [ -68.633, -45.099 ], [ -68.666, -45.099 ], [ -68.666, -45.066 ], [ -68.699, -45.066 ], [ -68.733, -45.066 ] ] ], [ [ [ -67.766, -45.033 ], [ -67.766, -45.066 ], [ -67.799, -45.066 ], [ -67.799, -45.099 ], [ -67.799, -45.133 ], [ -67.833, -45.133 ], [ -67.833, -45.166 ], [ -67.866, -45.166 ], [ -67.866, -45.199 ], [ -67.899, -45.199 ], [ -67.899, -45.233 ], [ -67.933, -45.233 ], [ -67.966, -45.233 ], [ -67.999, -45.233 ], [ -68.033, -45.233 ], [ -68.066, -45.233 ], [ -68.099, -45.233 ], [ -68.133, -45.233 ], [ -68.166, -45.233 ], [ -68.166, -45.199 ], [ -68.199, -45.199 ], [ -68.233, -45.199 ], [ -68.233, -45.166 ], [ -68.233, -45.133 ], [ -68.233, -45.099 ], [ -68.199, -45.099 ], [ -68.199, -45.066 ], [ -68.166, -45.066 ], [ -68.133, -45.066 ], [ -68.133, -45.033 ], [ -68.099, -45.033 ], [ -68.066, -45.033 ], [ -68.066, -44.999 ], [ -68.033, -44.999 ], [ -67.999, -44.999 ], [ -67.999, -45.033 ], [ -67.966, -45.033 ], [ -67.933, -45.033 ], [ -67.933, -44.999 ], [ -67.899, -44.999 ], [ -67.899, -44.966 ], [ -67.866, -44.966 ], [ -67.833, -44.966 ], [ -67.799, -44.966 ], [ -67.766, -44.966 ], [ -67.733, -44.966 ], [ -67.699, -44.966 ], [ -67.666, -44.966 ], [ -67.666, -44.999 ], [ -67.699, -44.999 ], [ -67.733, -44.999 ], [ -67.733, -45.033 ], [ -67.766, -45.033 ] ] ], [ [ [ -69.199, -44.999 ], [ -69.199, -44.966 ], [ -69.199, -44.933 ], [ -69.166, -44.933 ], [ -69.133, -44.933 ], [ -69.133, -44.966 ], [ -69.133, -44.999 ], [ -69.166, -44.999 ], [ -69.199, -44.999 ] ] ], [ [ [ -68.933, -44.966 ], [ -68.966, -44.966 ], [ -68.966, -44.933 ], [ -68.933, -44.933 ], [ -68.933, -44.966 ] ] ], [ [ [ -68.966, -44.933 ], [ -68.999, -44.933 ], [ -68.999, -44.899 ], [ -68.966, -44.899 ], [ -68.966, -44.933 ] ] ], [ [ [ -68.366, -44.966 ], [ -68.366, -44.999 ], [ -68.333, -44.999 ], [ -68.333, -45.033 ], [ -68.333, -45.066 ], [ -68.299, -45.066 ], [ -68.299, -45.099 ], [ -68.299, -45.133 ], [ -68.333, -45.133 ], [ -68.366, -45.133 ], [ -68.399, -45.133 ], [ -68.399, -45.099 ], [ -68.399, -45.066 ], [ -68.399, -45.033 ], [ -68.399, -44.999 ], [ -68.433, -44.999 ], [ -68.433, -44.966 ], [ -68.433, -44.933 ], [ -68.399, -44.933 ], [ -68.399, -44.899 ], [ -68.366, -44.899 ], [ -68.366, -44.933 ], [ -68.366, -44.966 ] ] ], [ [ [ -67.566, -44.933 ], [ -67.599, -44.933 ], [ -67.599, -44.899 ], [ -67.566, -44.899 ], [ -67.533, -44.899 ], [ -67.533, -44.933 ], [ -67.566, -44.933 ] ] ], [ [ [ -67.633, -44.899 ], [ -67.666, -44.899 ], [ -67.666, -44.866 ], [ -67.633, -44.866 ], [ -67.633, -44.899 ] ] ], [ [ [ -69.133, -44.866 ], [ -69.166, -44.866 ], [ -69.166, -44.833 ], [ -69.166, -44.799 ], [ -69.133, -44.799 ], [ -69.099, -44.799 ], [ -69.099, -44.833 ], [ -69.099, -44.866 ], [ -69.133, -44.866 ] ] ], [ [ [ -68.866, -44.799 ], [ -68.866, -44.833 ], [ -68.833, -44.833 ], [ -68.833, -44.866 ], [ -68.866, -44.866 ], [ -68.866, -44.899 ], [ -68.899, -44.899 ], [ -68.899, -44.866 ], [ -68.933, -44.866 ], [ -68.933, -44.833 ], [ -68.933, -44.799 ], [ -68.899, -44.799 ], [ -68.866, -44.799 ] ] ], [ [ [ -68.766, -44.833 ], [ -68.799, -44.833 ], [ -68.799, -44.799 ], [ -68.799, -44.766 ], [ -68.766, -44.766 ], [ -68.733, -44.766 ], [ -68.733, -44.799 ], [ -68.733, -44.833 ], [ -68.766, -44.833 ] ] ], [ [ [ -67.766, -44.699 ], [ -67.799, -44.699 ], [ -67.799, -44.666 ], [ -67.766, -44.666 ], [ -67.733, -44.666 ], [ -67.733, -44.699 ], [ -67.766, -44.699 ] ] ], [ [ [ -65.999, -44.699 ], [ -66.033, -44.699 ], [ -66.033, -44.666 ], [ -65.999, -44.666 ], [ -65.999, -44.699 ] ] ], [ [ [ -66.199, -44.499 ], [ -66.199, -44.466 ], [ -66.166, -44.466 ], [ -66.166, -44.499 ], [ -66.199, -44.499 ] ] ], [ [ [ -69.066, -44.466 ], [ -69.099, -44.466 ], [ -69.099, -44.433 ], [ -69.099, -44.399 ], [ -69.066, -44.399 ], [ -69.066, -44.433 ], [ -69.066, -44.466 ] ] ], [ [ [ -66.299, -44.433 ], [ -66.333, -44.433 ], [ -66.333, -44.399 ], [ -66.299, -44.399 ], [ -66.266, -44.399 ], [ -66.266, -44.366 ], [ -66.233, -44.366 ], [ -66.233, -44.399 ], [ -66.233, -44.433 ], [ -66.266, -44.433 ], [ -66.299, -44.433 ] ] ], [ [ [ -68.699, -44.366 ], [ -68.699, -44.333 ], [ -68.666, -44.333 ], [ -68.633, -44.333 ], [ -68.633, -44.299 ], [ -68.599, -44.299 ], [ -68.566, -44.299 ], [ -68.566, -44.333 ], [ -68.566, -44.366 ], [ -68.599, -44.366 ], [ -68.633, -44.366 ], [ -68.666, -44.366 ], [ -68.699, -44.366 ] ] ], [ [ [ -66.466, -44.366 ], [ -66.499, -44.366 ], [ -66.499, -44.333 ], [ -66.499, -44.299 ], [ -66.466, -44.299 ], [ -66.433, -44.299 ], [ -66.399, -44.299 ], [ -66.399, -44.333 ], [ -66.433, -44.333 ], [ -66.466, -44.333 ], [ -66.466, -44.366 ] ] ], [ [ [ -71.766, -44.266 ], [ -71.733, -44.266 ], [ -71.733, -44.299 ], [ -71.766, -44.299 ], [ -71.766, -44.266 ] ] ], [ [ [ -68.633, -44.299 ], [ -68.666, -44.299 ], [ -68.666, -44.266 ], [ -68.633, -44.266 ], [ -68.633, -44.299 ] ] ], [ [ [ -68.566, -44.266 ], [ -68.599, -44.266 ], [ -68.633, -44.266 ], [ -68.633, -44.233 ], [ -68.599, -44.233 ], [ -68.566, -44.233 ], [ -68.566, -44.266 ] ] ], [ [ [ -71.766, -44.266 ], [ -71.809, -44.266 ], [ -71.810, -44.260 ], [ -71.806, -44.254 ], [ -71.803, -44.247 ], [ -71.803, -44.246 ], [ -71.806, -44.240 ], [ -71.807, -44.235 ], [ -71.800, -44.231 ], [ -71.766, -44.226 ], [ -71.766, -44.266 ] ] ], [ [ [ -68.199, -44.633 ], [ -68.233, -44.633 ], [ -68.233, -44.599 ], [ -68.266, -44.599 ], [ -68.299, -44.599 ], [ -68.333, -44.599 ], [ -68.333, -44.633 ], [ -68.333, -44.666 ], [ -68.299, -44.666 ], [ -68.266, -44.666 ], [ -68.233, -44.666 ], [ -68.199, -44.666 ], [ -68.199, -44.633 ], [ -68.166, -44.633 ], [ -68.133, -44.633 ], [ -68.099, -44.633 ], [ -68.066, -44.633 ], [ -68.033, -44.633 ], [ -67.999, -44.633 ], [ -67.966, -44.633 ], [ -67.933, -44.633 ], [ -67.899, -44.633 ], [ -67.866, -44.633 ], [ -67.866, -44.666 ], [ -67.866, -44.699 ], [ -67.899, -44.699 ], [ -67.933, -44.699 ], [ -67.966, -44.699 ], [ -67.999, -44.699 ], [ -68.033, -44.699 ], [ -68.066, -44.699 ], [ -68.099, -44.699 ], [ -68.133, -44.699 ], [ -68.166, -44.699 ], [ -68.199, -44.699 ], [ -68.233, -44.699 ], [ -68.266, -44.699 ], [ -68.299, -44.699 ], [ -68.333, -44.699 ], [ -68.366, -44.699 ], [ -68.399, -44.699 ], [ -68.399, -44.733 ], [ -68.366, -44.733 ], [ -68.366, -44.766 ], [ -68.333, -44.766 ], [ -68.333, -44.799 ], [ -68.366, -44.799 ], [ -68.366, -44.833 ], [ -68.366, -44.866 ], [ -68.399, -44.866 ], [ -68.433, -44.866 ], [ -68.433, -44.833 ], [ -68.433, -44.799 ], [ -68.433, -44.766 ], [ -68.466, -44.766 ], [ -68.499, -44.766 ], [ -68.499, -44.733 ], [ -68.533, -44.733 ], [ -68.566, -44.733 ], [ -68.566, -44.699 ], [ -68.599, -44.699 ], [ -68.633, -44.699 ], [ -68.666, -44.699 ], [ -68.699, -44.699 ], [ -68.699, -44.666 ], [ -68.733, -44.666 ], [ -68.766, -44.666 ], [ -68.799, -44.666 ], [ -68.833, -44.666 ], [ -68.833, -44.633 ], [ -68.866, -44.633 ], [ -68.866, -44.599 ], [ -68.866, -44.566 ], [ -68.899, -44.566 ], [ -68.899, -44.533 ], [ -68.866, -44.533 ], [ -68.833, -44.533 ], [ -68.799, -44.533 ], [ -68.799, -44.499 ], [ -68.799, -44.466 ], [ -68.799, -44.433 ], [ -68.766, -44.433 ], [ -68.766, -44.399 ], [ -68.733, -44.399 ], [ -68.733, -44.366 ], [ -68.699, -44.366 ], [ -68.699, -44.399 ], [ -68.699, -44.433 ], [ -68.699, -44.466 ], [ -68.733, -44.466 ], [ -68.766, -44.466 ], [ -68.766, -44.499 ], [ -68.733, -44.499 ], [ -68.733, -44.533 ], [ -68.699, -44.533 ], [ -68.699, -44.566 ], [ -68.666, -44.566 ], [ -68.633, -44.566 ], [ -68.633, -44.599 ], [ -68.666, -44.599 ], [ -68.666, -44.633 ], [ -68.666, -44.666 ], [ -68.633, -44.666 ], [ -68.599, -44.666 ], [ -68.566, -44.666 ], [ -68.533, -44.666 ], [ -68.499, -44.666 ], [ -68.499, -44.633 ], [ -68.466, -44.633 ], [ -68.466, -44.666 ], [ -68.433, -44.666 ], [ -68.433, -44.633 ], [ -68.433, -44.599 ], [ -68.433, -44.566 ], [ -68.466, -44.566 ], [ -68.466, -44.533 ], [ -68.499, -44.533 ], [ -68.499, -44.499 ], [ -68.533, -44.499 ], [ -68.533, -44.466 ], [ -68.499, -44.466 ], [ -68.499, -44.433 ], [ -68.499, -44.399 ], [ -68.533, -44.399 ], [ -68.533, -44.366 ], [ -68.499, -44.366 ], [ -68.499, -44.333 ], [ -68.466, -44.333 ], [ -68.466, -44.299 ], [ -68.433, -44.299 ], [ -68.399, -44.299 ], [ -68.399, -44.266 ], [ -68.433, -44.266 ], [ -68.466, -44.266 ], [ -68.466, -44.299 ], [ -68.499, -44.299 ], [ -68.533, -44.299 ], [ -68.566, -44.299 ], [ -68.566, -44.266 ], [ -68.533, -44.266 ], [ -68.533, -44.233 ], [ -68.499, -44.233 ], [ -68.499, -44.199 ], [ -68.533, -44.199 ], [ -68.566, -44.199 ], [ -68.566, -44.166 ], [ -68.533, -44.166 ], [ -68.533, -44.133 ], [ -68.566, -44.133 ], [ -68.566, -44.099 ], [ -68.533, -44.099 ], [ -68.533, -44.066 ], [ -68.533, -44.033 ], [ -68.499, -44.033 ], [ -68.466, -44.033 ], [ -68.466, -44.066 ], [ -68.433, -44.066 ], [ -68.433, -44.099 ], [ -68.466, -44.099 ], [ -68.466, -44.133 ], [ -68.466, -44.166 ], [ -68.433, -44.166 ], [ -68.399, -44.166 ], [ -68.366, -44.166 ], [ -68.333, -44.166 ], [ -68.299, -44.166 ], [ -68.266, -44.166 ], [ -68.233, -44.166 ], [ -68.233, -44.199 ], [ -68.266, -44.199 ], [ -68.266, -44.233 ], [ -68.299, -44.233 ], [ -68.299, -44.266 ], [ -68.299, -44.299 ], [ -68.333, -44.299 ], [ -68.366, -44.299 ], [ -68.366, -44.333 ], [ -68.399, -44.333 ], [ -68.433, -44.333 ], [ -68.433, -44.366 ], [ -68.466, -44.366 ], [ -68.466, -44.399 ], [ -68.466, -44.433 ], [ -68.466, -44.466 ], [ -68.433, -44.466 ], [ -68.399, -44.466 ], [ -68.366, -44.466 ], [ -68.333, -44.466 ], [ -68.299, -44.466 ], [ -68.299, -44.499 ], [ -68.333, -44.499 ], [ -68.366, -44.499 ], [ -68.399, -44.499 ], [ -68.433, -44.499 ], [ -68.433, -44.533 ], [ -68.399, -44.533 ], [ -68.399, -44.566 ], [ -68.366, -44.566 ], [ -68.333, -44.566 ], [ -68.299, -44.566 ], [ -68.266, -44.566 ], [ -68.233, -44.566 ], [ -68.233, -44.533 ], [ -68.199, -44.533 ], [ -68.166, -44.533 ], [ -68.166, -44.566 ], [ -68.199, -44.566 ], [ -68.199, -44.599 ], [ -68.199, -44.633 ] ] ], [ [ [ -67.966, -44.099 ], [ -67.966, -44.133 ], [ -67.966, -44.166 ], [ -67.933, -44.166 ], [ -67.933, -44.199 ], [ -67.899, -44.199 ], [ -67.899, -44.233 ], [ -67.866, -44.233 ], [ -67.833, -44.233 ], [ -67.799, -44.233 ], [ -67.799, -44.266 ], [ -67.833, -44.266 ], [ -67.866, -44.266 ], [ -67.899, -44.266 ], [ -67.933, -44.266 ], [ -67.966, -44.266 ], [ -67.999, -44.266 ], [ -67.999, -44.233 ], [ -68.033, -44.233 ], [ -68.066, -44.233 ], [ -68.066, -44.199 ], [ -68.033, -44.199 ], [ -68.033, -44.166 ], [ -68.033, -44.133 ], [ -67.999, -44.133 ], [ -67.999, -44.099 ], [ -68.033, -44.099 ], [ -68.033, -44.066 ], [ -67.999, -44.066 ], [ -67.999, -44.033 ], [ -67.966, -44.033 ], [ -67.966, -43.999 ], [ -67.933, -43.999 ], [ -67.933, -44.033 ], [ -67.933, -44.066 ], [ -67.966, -44.066 ], [ -67.966, -44.099 ] ] ], [ [ [ -70.066, -43.966 ], [ -70.099, -43.966 ], [ -70.099, -43.999 ], [ -70.066, -43.999 ], [ -70.066, -43.966 ], [ -70.033, -43.966 ], [ -70.033, -43.999 ], [ -70.033, -44.033 ], [ -70.066, -44.033 ], [ -70.099, -44.033 ], [ -70.133, -44.033 ], [ -70.133, -44.066 ], [ -70.166, -44.066 ], [ -70.166, -44.033 ], [ -70.166, -43.999 ], [ -70.166, -43.966 ], [ -70.166, -43.933 ], [ -70.133, -43.933 ], [ -70.099, -43.933 ], [ -70.066, -43.933 ], [ -70.066, -43.966 ] ] ], [ [ [ -67.899, -43.933 ], [ -67.933, -43.933 ], [ -67.933, -43.899 ], [ -67.899, -43.899 ], [ -67.899, -43.933 ] ] ], [ [ [ -66.866, -43.833 ], [ -66.899, -43.833 ], [ -66.899, -43.799 ], [ -66.866, -43.799 ], [ -66.866, -43.833 ] ] ], [ [ [ -65.533, -43.833 ], [ -65.566, -43.833 ], [ -65.566, -43.799 ], [ -65.533, -43.799 ], [ -65.499, -43.799 ], [ -65.499, -43.766 ], [ -65.466, -43.766 ], [ -65.433, -43.766 ], [ -65.433, -43.799 ], [ -65.466, -43.799 ], [ -65.466, -43.833 ], [ -65.499, -43.833 ], [ -65.533, -43.833 ] ] ], [ [ [ -68.333, -43.799 ], [ -68.366, -43.799 ], [ -68.366, -43.766 ], [ -68.366, -43.733 ], [ -68.333, -43.733 ], [ -68.299, -43.733 ], [ -68.299, -43.766 ], [ -68.299, -43.799 ], [ -68.333, -43.799 ] ] ], [ [ [ -66.799, -43.799 ], [ -66.833, -43.799 ], [ -66.833, -43.766 ], [ -66.833, -43.733 ], [ -66.799, -43.733 ], [ -66.799, -43.766 ], [ -66.799, -43.799 ] ] ], [ [ [ -67.699, -43.699 ], [ -67.733, -43.699 ], [ -67.733, -43.666 ], [ -67.733, -43.633 ], [ -67.699, -43.633 ], [ -67.666, -43.633 ], [ -67.666, -43.666 ], [ -67.699, -43.666 ], [ -67.699, -43.699 ] ] ], [ [ [ -71.433, -43.666 ], [ -71.466, -43.666 ], [ -71.466, -43.633 ], [ -71.466, -43.599 ], [ -71.433, -43.599 ], [ -71.433, -43.633 ], [ -71.433, -43.666 ] ] ], [ [ [ -71.666, -43.566 ], [ -71.666, -43.594 ], [ -71.677, -43.592 ], [ -71.685, -43.590 ], [ -71.695, -43.589 ], [ -71.699, -43.590 ], [ -71.699, -43.566 ], [ -71.666, -43.566 ] ] ], [ [ [ -71.466, -43.599 ], [ -71.499, -43.599 ], [ -71.499, -43.566 ], [ -71.466, -43.566 ], [ -71.466, -43.599 ] ] ], [ [ [ -71.733, -43.566 ], [ -71.763, -43.566 ], [ -71.765, -43.564 ], [ -71.765, -43.562 ], [ -71.765, -43.558 ], [ -71.765, -43.557 ], [ -71.765, -43.555 ], [ -71.767, -43.553 ], [ -71.768, -43.551 ], [ -71.768, -43.549 ], [ -71.771, -43.547 ], [ -71.775, -43.544 ], [ -71.776, -43.542 ], [ -71.766, -43.533 ], [ -71.733, -43.533 ], [ -71.733, -43.566 ] ] ], [ [ [ -71.666, -43.566 ], [ -71.666, -43.533 ], [ -71.633, -43.533 ], [ -71.599, -43.533 ], [ -71.566, -43.533 ], [ -71.533, -43.533 ], [ -71.533, -43.566 ], [ -71.566, -43.566 ], [ -71.599, -43.566 ], [ -71.633, -43.566 ], [ -71.666, -43.566 ] ] ], [ [ [ -71.666, -43.533 ], [ -71.699, -43.533 ], [ -71.699, -43.499 ], [ -71.666, -43.499 ], [ -71.666, -43.533 ] ] ], [ [ [ -69.966, -43.433 ], [ -69.999, -43.433 ], [ -69.999, -43.399 ], [ -69.966, -43.399 ], [ -69.966, -43.433 ] ] ], [ [ [ -65.299, -43.433 ], [ -65.299, -43.466 ], [ -65.299, -43.499 ], [ -65.266, -43.499 ], [ -65.266, -43.533 ], [ -65.266, -43.566 ], [ -65.299, -43.566 ], [ -65.333, -43.566 ], [ -65.333, -43.599 ], [ -65.366, -43.599 ], [ -65.366, -43.633 ], [ -65.399, -43.633 ], [ -65.399, -43.666 ], [ -65.433, -43.666 ], [ -65.433, -43.699 ], [ -65.433, -43.733 ], [ -65.466, -43.733 ], [ -65.499, -43.733 ], [ -65.533, -43.733 ], [ -65.566, -43.733 ], [ -65.599, -43.733 ], [ -65.599, -43.766 ], [ -65.633, -43.766 ], [ -65.633, -43.733 ], [ -65.666, -43.733 ], [ -65.666, -43.699 ], [ -65.666, -43.666 ], [ -65.633, -43.666 ], [ -65.633, -43.633 ], [ -65.599, -43.633 ], [ -65.566, -43.633 ], [ -65.533, -43.633 ], [ -65.533, -43.599 ], [ -65.566, -43.599 ], [ -65.566, -43.566 ], [ -65.599, -43.566 ], [ -65.599, -43.533 ], [ -65.566, -43.533 ], [ -65.566, -43.499 ], [ -65.566, -43.466 ], [ -65.533, -43.466 ], [ -65.533, -43.433 ], [ -65.499, -43.433 ], [ -65.466, -43.433 ], [ -65.466, -43.399 ], [ -65.433, -43.399 ], [ -65.399, -43.399 ], [ -65.399, -43.433 ], [ -65.366, -43.433 ], [ -65.333, -43.433 ], [ -65.333, -43.399 ], [ -65.299, -43.399 ], [ -65.299, -43.433 ] ] ], [ [ [ -67.899, -43.366 ], [ -67.933, -43.366 ], [ -67.933, -43.333 ], [ -67.899, -43.333 ], [ -67.899, -43.366 ] ] ], [ [ [ -71.199, -43.299 ], [ -71.199, -43.333 ], [ -71.233, -43.333 ], [ -71.233, -43.299 ], [ -71.199, -43.299 ] ] ], [ [ [ -68.233, -43.299 ], [ -68.266, -43.299 ], [ -68.266, -43.266 ], [ -68.233, -43.266 ], [ -68.233, -43.299 ] ] ], [ [ [ -69.066, -43.266 ], [ -69.099, -43.266 ], [ -69.099, -43.233 ], [ -69.066, -43.233 ], [ -69.066, -43.266 ] ] ], [ [ [ -68.166, -43.266 ], [ -68.199, -43.266 ], [ -68.199, -43.233 ], [ -68.166, -43.233 ], [ -68.166, -43.266 ] ] ], [ [ [ -71.666, -43.166 ], [ -71.666, -43.199 ], [ -71.699, -43.199 ], [ -71.699, -43.166 ], [ -71.733, -43.166 ], [ -71.744, -43.177 ], [ -71.747, -43.177 ], [ -71.751, -43.177 ], [ -71.752, -43.176 ], [ -71.753, -43.175 ], [ -71.754, -43.175 ], [ -71.755, -43.174 ], [ -71.757, -43.173 ], [ -71.760, -43.171 ], [ -71.766, -43.168 ], [ -71.766, -43.168 ], [ -71.766, -43.133 ], [ -71.733, -43.133 ], [ -71.699, -43.133 ], [ -71.666, -43.133 ], [ -71.633, -43.133 ], [ -71.633, -43.166 ], [ -71.666, -43.166 ] ] ], [ [ [ -71.399, -43.133 ], [ -71.399, -43.166 ], [ -71.399, -43.199 ], [ -71.433, -43.199 ], [ -71.433, -43.233 ], [ -71.466, -43.233 ], [ -71.499, -43.233 ], [ -71.533, -43.233 ], [ -71.566, -43.233 ], [ -71.599, -43.233 ], [ -71.633, -43.233 ], [ -71.633, -43.199 ], [ -71.599, -43.199 ], [ -71.566, -43.199 ], [ -71.533, -43.199 ], [ -71.499, -43.199 ], [ -71.499, -43.166 ], [ -71.466, -43.166 ], [ -71.433, -43.166 ], [ -71.433, -43.133 ], [ -71.399, -43.133 ] ] ], [ [ [ -71.533, -43.099 ], [ -71.533, -43.133 ], [ -71.566, -43.133 ], [ -71.599, -43.133 ], [ -71.599, -43.099 ], [ -71.566, -43.099 ], [ -71.533, -43.099 ] ] ], [ [ [ -71.533, -43.099 ], [ -71.533, -43.066 ], [ -71.499, -43.066 ], [ -71.499, -43.099 ], [ -71.533, -43.099 ] ] ], [ [ [ -71.899, -43.066 ], [ -71.935, -43.066 ], [ -71.935, -43.066 ], [ -71.934, -43.062 ], [ -71.934, -43.058 ], [ -71.934, -43.054 ], [ -71.937, -43.053 ], [ -71.940, -43.051 ], [ -71.941, -43.048 ], [ -71.943, -43.047 ], [ -71.945, -43.045 ], [ -71.933, -43.033 ], [ -71.899, -43.033 ], [ -71.899, -43.066 ] ] ], [ [ [ -71.833, -43.033 ], [ -71.833, -43.066 ], [ -71.866, -43.066 ], [ -71.866, -43.033 ], [ -71.833, -43.033 ] ] ], [ [ [ -71.733, -43.033 ], [ -71.733, -43.066 ], [ -71.766, -43.066 ], [ -71.766, -43.033 ], [ -71.733, -43.033 ] ] ], [ [ [ -71.199, -43.033 ], [ -71.199, -43.066 ], [ -71.233, -43.066 ], [ -71.233, -43.033 ], [ -71.199, -43.033 ] ] ], [ [ [ -69.399, -43.033 ], [ -69.366, -43.033 ], [ -69.366, -43.066 ], [ -69.399, -43.066 ], [ -69.399, -43.033 ] ] ], [ [ [ -71.833, -43.033 ], [ -71.833, -42.999 ], [ -71.799, -42.999 ], [ -71.799, -43.033 ], [ -71.833, -43.033 ] ] ], [ [ [ -71.733, -43.033 ], [ -71.733, -42.999 ], [ -71.699, -42.999 ], [ -71.699, -43.033 ], [ -71.733, -43.033 ] ] ], [ [ [ -69.299, -43.033 ], [ -69.333, -43.033 ], [ -69.333, -42.999 ], [ -69.299, -42.999 ], [ -69.299, -43.033 ] ] ], [ [ [ -71.866, -42.999 ], [ -71.899, -42.999 ], [ -71.899, -42.966 ], [ -71.866, -42.966 ], [ -71.866, -42.999 ] ] ], [ [ [ -71.733, -42.999 ], [ -71.766, -42.999 ], [ -71.766, -42.966 ], [ -71.733, -42.966 ], [ -71.733, -42.999 ] ] ], [ [ [ -72.066, -42.899 ], [ -72.066, -42.933 ], [ -72.033, -42.933 ], [ -72.033, -42.966 ], [ -72.062, -42.966 ], [ -72.064, -42.964 ], [ -72.066, -42.961 ], [ -72.066, -42.960 ], [ -72.067, -42.959 ], [ -72.069, -42.958 ], [ -72.071, -42.956 ], [ -72.071, -42.954 ], [ -72.072, -42.952 ], [ -72.073, -42.950 ], [ -72.076, -42.949 ], [ -72.079, -42.948 ], [ -72.081, -42.948 ], [ -72.084, -42.949 ], [ -72.085, -42.950 ], [ -72.086, -42.952 ], [ -72.087, -42.953 ], [ -72.090, -42.952 ], [ -72.092, -42.950 ], [ -72.094, -42.947 ], [ -72.095, -42.944 ], [ -72.098, -42.941 ], [ -72.099, -42.940 ], [ -72.099, -42.899 ], [ -72.066, -42.899 ] ] ], [ [ [ -71.599, -42.966 ], [ -71.633, -42.966 ], [ -71.633, -42.933 ], [ -71.633, -42.899 ], [ -71.599, -42.899 ], [ -71.599, -42.933 ], [ -71.599, -42.966 ] ] ], [ [ [ -69.399, -43.033 ], [ -69.433, -43.033 ], [ -69.466, -43.033 ], [ -69.499, -43.033 ], [ -69.533, -43.033 ], [ -69.566, -43.033 ], [ -69.566, -42.999 ], [ -69.566, -42.966 ], [ -69.533, -42.966 ], [ -69.533, -42.933 ], [ -69.533, -42.899 ], [ -69.499, -42.899 ], [ -69.499, -42.933 ], [ -69.499, -42.966 ], [ -69.499, -42.999 ], [ -69.466, -42.999 ], [ -69.433, -42.999 ], [ -69.399, -42.999 ], [ -69.399, -43.033 ] ] ], [ [ [ -71.966, -42.933 ], [ -71.999, -42.933 ], [ -71.999, -42.899 ], [ -71.999, -42.866 ], [ -71.966, -42.866 ], [ -71.966, -42.899 ], [ -71.966, -42.933 ] ] ], [ [ [ -71.533, -42.933 ], [ -71.566, -42.933 ], [ -71.566, -42.899 ], [ -71.566, -42.866 ], [ -71.533, -42.866 ], [ -71.533, -42.899 ], [ -71.533, -42.933 ] ] ], [ [ [ -68.999, -42.933 ], [ -69.033, -42.933 ], [ -69.033, -42.899 ], [ -69.033, -42.866 ], [ -68.999, -42.866 ], [ -68.999, -42.899 ], [ -68.999, -42.933 ] ] ], [ [ [ -72.066, -42.899 ], [ -72.066, -42.866 ], [ -72.099, -42.866 ], [ -72.099, -42.833 ], [ -72.066, -42.833 ], [ -72.033, -42.833 ], [ -72.033, -42.866 ], [ -72.033, -42.899 ], [ -72.066, -42.899 ] ] ], [ [ [ -71.666, -42.866 ], [ -71.699, -42.866 ], [ -71.699, -42.833 ], [ -71.666, -42.833 ], [ -71.633, -42.833 ], [ -71.633, -42.866 ], [ -71.666, -42.866 ] ] ], [ [ [ -68.566, -43.033 ], [ -68.599, -43.033 ], [ -68.599, -42.999 ], [ -68.633, -42.999 ], [ -68.633, -43.033 ], [ -68.666, -43.033 ], [ -68.666, -43.066 ], [ -68.633, -43.066 ], [ -68.599, -43.066 ], [ -68.599, -43.099 ], [ -68.566, -43.099 ], [ -68.566, -43.066 ], [ -68.566, -43.033 ], [ -68.533, -43.033 ], [ -68.533, -43.066 ], [ -68.499, -43.066 ], [ -68.499, -43.099 ], [ -68.499, -43.133 ], [ -68.466, -43.133 ], [ -68.466, -43.166 ], [ -68.466, -43.199 ], [ -68.499, -43.199 ], [ -68.499, -43.166 ], [ -68.533, -43.166 ], [ -68.533, -43.199 ], [ -68.499, -43.199 ], [ -68.499, -43.233 ], [ -68.499, -43.266 ], [ -68.533, -43.266 ], [ -68.533, -43.233 ], [ -68.566, -43.233 ], [ -68.566, -43.199 ], [ -68.566, -43.166 ], [ -68.599, -43.166 ], [ -68.633, -43.166 ], [ -68.633, -43.133 ], [ -68.666, -43.133 ], [ -68.699, -43.133 ], [ -68.699, -43.166 ], [ -68.733, -43.166 ], [ -68.766, -43.166 ], [ -68.799, -43.166 ], [ -68.799, -43.199 ], [ -68.766, -43.199 ], [ -68.733, -43.199 ], [ -68.733, -43.233 ], [ -68.699, -43.233 ], [ -68.699, -43.266 ], [ -68.699, -43.299 ], [ -68.699, -43.333 ], [ -68.699, -43.366 ], [ -68.699, -43.399 ], [ -68.699, -43.433 ], [ -68.666, -43.433 ], [ -68.666, -43.466 ], [ -68.666, -43.499 ], [ -68.633, -43.499 ], [ -68.599, -43.499 ], [ -68.599, -43.533 ], [ -68.566, -43.533 ], [ -68.566, -43.566 ], [ -68.599, -43.566 ], [ -68.633, -43.566 ], [ -68.633, -43.599 ], [ -68.666, -43.599 ], [ -68.666, -43.566 ], [ -68.699, -43.566 ], [ -68.699, -43.533 ], [ -68.733, -43.533 ], [ -68.733, -43.499 ], [ -68.766, -43.499 ], [ -68.799, -43.499 ], [ -68.833, -43.499 ], [ -68.866, -43.499 ], [ -68.899, -43.499 ], [ -68.933, -43.499 ], [ -68.933, -43.533 ], [ -68.966, -43.533 ], [ -68.999, -43.533 ], [ -68.999, -43.566 ], [ -69.033, -43.566 ], [ -69.066, -43.566 ], [ -69.066, -43.533 ], [ -69.066, -43.499 ], [ -69.099, -43.499 ], [ -69.099, -43.466 ], [ -69.099, -43.433 ], [ -69.099, -43.399 ], [ -69.066, -43.399 ], [ -69.033, -43.399 ], [ -69.033, -43.433 ], [ -69.033, -43.466 ], [ -69.033, -43.499 ], [ -68.999, -43.499 ], [ -68.999, -43.466 ], [ -68.966, -43.466 ], [ -68.933, -43.466 ], [ -68.933, -43.433 ], [ -68.899, -43.433 ], [ -68.899, -43.399 ], [ -68.899, -43.366 ], [ -68.866, -43.366 ], [ -68.866, -43.333 ], [ -68.833, -43.333 ], [ -68.833, -43.299 ], [ -68.833, -43.266 ], [ -68.866, -43.266 ], [ -68.899, -43.266 ], [ -68.899, -43.299 ], [ -68.899, -43.333 ], [ -68.933, -43.333 ], [ -68.966, -43.333 ], [ -68.966, -43.366 ], [ -68.966, -43.399 ], [ -68.966, -43.433 ], [ -68.999, -43.433 ], [ -68.999, -43.399 ], [ -69.033, -43.399 ], [ -69.033, -43.366 ], [ -69.033, -43.333 ], [ -69.033, -43.299 ], [ -68.999, -43.299 ], [ -68.966, -43.299 ], [ -68.933, -43.299 ], [ -68.933, -43.266 ], [ -68.966, -43.266 ], [ -68.966, -43.233 ], [ -68.933, -43.233 ], [ -68.933, -43.199 ], [ -68.966, -43.199 ], [ -68.999, -43.199 ], [ -68.999, -43.166 ], [ -68.999, -43.133 ], [ -69.033, -43.133 ], [ -69.033, -43.166 ], [ -69.033, -43.199 ], [ -69.066, -43.199 ], [ -69.099, -43.199 ], [ -69.133, -43.199 ], [ -69.133, -43.233 ], [ -69.166, -43.233 ], [ -69.166, -43.199 ], [ -69.199, -43.199 ], [ -69.199, -43.166 ], [ -69.199, -43.133 ], [ -69.233, -43.133 ], [ -69.233, -43.099 ], [ -69.199, -43.099 ], [ -69.166, -43.099 ], [ -69.166, -43.066 ], [ -69.166, -43.033 ], [ -69.199, -43.033 ], [ -69.199, -43.066 ], [ -69.233, -43.066 ], [ -69.266, -43.066 ], [ -69.299, -43.066 ], [ -69.299, -43.033 ], [ -69.266, -43.033 ], [ -69.266, -42.999 ], [ -69.233, -42.999 ], [ -69.233, -42.966 ], [ -69.199, -42.966 ], [ -69.199, -42.999 ], [ -69.166, -42.999 ], [ -69.133, -42.999 ], [ -69.099, -42.999 ], [ -69.066, -42.999 ], [ -69.066, -43.033 ], [ -69.066, -43.066 ], [ -69.033, -43.066 ], [ -68.999, -43.066 ], [ -68.966, -43.066 ], [ -68.933, -43.066 ], [ -68.899, -43.066 ], [ -68.899, -43.033 ], [ -68.933, -43.033 ], [ -68.933, -42.999 ], [ -68.966, -42.999 ], [ -68.966, -42.966 ], [ -68.999, -42.966 ], [ -68.999, -42.933 ], [ -68.966, -42.933 ], [ -68.933, -42.933 ], [ -68.899, -42.933 ], [ -68.899, -42.966 ], [ -68.866, -42.966 ], [ -68.833, -42.966 ], [ -68.799, -42.966 ], [ -68.799, -42.933 ], [ -68.799, -42.899 ], [ -68.833, -42.899 ], [ -68.833, -42.866 ], [ -68.833, -42.833 ], [ -68.799, -42.833 ], [ -68.766, -42.833 ], [ -68.733, -42.833 ], [ -68.699, -42.833 ], [ -68.699, -42.866 ], [ -68.666, -42.866 ], [ -68.666, -42.899 ], [ -68.633, -42.899 ], [ -68.599, -42.899 ], [ -68.599, -42.933 ], [ -68.599, -42.966 ], [ -68.566, -42.966 ], [ -68.566, -42.999 ], [ -68.566, -43.033 ] ], [ [ -68.766, -43.099 ], [ -68.766, -43.133 ], [ -68.733, -43.133 ], [ -68.733, -43.099 ], [ -68.766, -43.099 ] ] ], [ [ [ -71.866, -42.899 ], [ -71.899, -42.899 ], [ -71.899, -42.866 ], [ -71.866, -42.866 ], [ -71.833, -42.866 ], [ -71.799, -42.866 ], [ -71.799, -42.833 ], [ -71.766, -42.833 ], [ -71.766, -42.799 ], [ -71.733, -42.799 ], [ -71.733, -42.833 ], [ -71.733, -42.866 ], [ -71.766, -42.866 ], [ -71.766, -42.899 ], [ -71.799, -42.899 ], [ -71.833, -42.899 ], [ -71.866, -42.899 ] ] ], [ [ [ -71.566, -42.866 ], [ -71.599, -42.866 ], [ -71.599, -42.833 ], [ -71.599, -42.799 ], [ -71.566, -42.799 ], [ -71.566, -42.833 ], [ -71.566, -42.866 ] ] ], [ [ [ -69.333, -42.999 ], [ -69.366, -42.999 ], [ -69.366, -42.966 ], [ -69.399, -42.966 ], [ -69.399, -42.933 ], [ -69.433, -42.933 ], [ -69.433, -42.899 ], [ -69.466, -42.899 ], [ -69.466, -42.866 ], [ -69.466, -42.833 ], [ -69.466, -42.799 ], [ -69.433, -42.799 ], [ -69.433, -42.833 ], [ -69.399, -42.833 ], [ -69.399, -42.866 ], [ -69.399, -42.899 ], [ -69.366, -42.899 ], [ -69.333, -42.899 ], [ -69.333, -42.933 ], [ -69.333, -42.966 ], [ -69.333, -42.999 ] ] ], [ [ [ -72.099, -42.799 ], [ -72.099, -42.833 ], [ -72.133, -42.833 ], [ -72.146, -42.846 ], [ -72.146, -42.845 ], [ -72.149, -42.839 ], [ -72.151, -42.834 ], [ -72.151, -42.830 ], [ -72.157, -42.828 ], [ -72.159, -42.824 ], [ -72.155, -42.819 ], [ -72.156, -42.815 ], [ -72.160, -42.809 ], [ -72.162, -42.806 ], [ -72.162, -42.803 ], [ -72.164, -42.800 ], [ -72.160, -42.798 ], [ -72.155, -42.798 ], [ -72.147, -42.798 ], [ -72.142, -42.796 ], [ -72.140, -42.792 ], [ -72.133, -42.799 ], [ -72.099, -42.799 ] ] ], [ [ [ -71.966, -42.766 ], [ -71.966, -42.799 ], [ -71.966, -42.833 ], [ -71.999, -42.833 ], [ -71.999, -42.799 ], [ -72.033, -42.799 ], [ -72.033, -42.766 ], [ -71.999, -42.766 ], [ -71.966, -42.766 ] ] ], [ [ [ -71.933, -42.766 ], [ -71.899, -42.766 ], [ -71.899, -42.799 ], [ -71.899, -42.833 ], [ -71.933, -42.833 ], [ -71.933, -42.799 ], [ -71.933, -42.766 ] ] ], [ [ [ -69.466, -42.799 ], [ -69.499, -42.799 ], [ -69.533, -42.799 ], [ -69.533, -42.766 ], [ -69.499, -42.766 ], [ -69.466, -42.766 ], [ -69.466, -42.799 ] ] ], [ [ [ -71.933, -42.766 ], [ -71.966, -42.766 ], [ -71.966, -42.733 ], [ -71.933, -42.733 ], [ -71.933, -42.766 ] ] ], [ [ [ -71.699, -42.766 ], [ -71.733, -42.766 ], [ -71.733, -42.733 ], [ -71.699, -42.733 ], [ -71.699, -42.766 ] ] ], [ [ [ -71.266, -42.899 ], [ -71.299, -42.899 ], [ -71.333, -42.899 ], [ -71.366, -42.899 ], [ -71.366, -42.933 ], [ -71.399, -42.933 ], [ -71.399, -42.966 ], [ -71.433, -42.966 ], [ -71.466, -42.966 ], [ -71.499, -42.966 ], [ -71.533, -42.966 ], [ -71.533, -42.933 ], [ -71.499, -42.933 ], [ -71.499, -42.899 ], [ -71.466, -42.899 ], [ -71.466, -42.933 ], [ -71.433, -42.933 ], [ -71.433, -42.899 ], [ -71.466, -42.899 ], [ -71.466, -42.866 ], [ -71.466, -42.833 ], [ -71.433, -42.833 ], [ -71.433, -42.799 ], [ -71.433, -42.766 ], [ -71.399, -42.766 ], [ -71.399, -42.733 ], [ -71.366, -42.733 ], [ -71.366, -42.766 ], [ -71.366, -42.799 ], [ -71.366, -42.833 ], [ -71.333, -42.833 ], [ -71.299, -42.833 ], [ -71.299, -42.866 ], [ -71.266, -42.866 ], [ -71.266, -42.899 ] ] ], [ [ [ -69.533, -42.766 ], [ -69.566, -42.766 ], [ -69.566, -42.733 ], [ -69.533, -42.733 ], [ -69.533, -42.766 ] ] ], [ [ [ -71.966, -42.733 ], [ -71.999, -42.733 ], [ -72.033, -42.733 ], [ -72.033, -42.699 ], [ -71.999, -42.699 ], [ -71.966, -42.699 ], [ -71.966, -42.733 ] ] ], [ [ [ -71.799, -42.733 ], [ -71.833, -42.733 ], [ -71.833, -42.699 ], [ -71.799, -42.699 ], [ -71.799, -42.733 ] ] ], [ [ [ -69.999, -42.699 ], [ -69.999, -42.733 ], [ -70.033, -42.733 ], [ -70.033, -42.699 ], [ -69.999, -42.699 ] ] ], [ [ [ -72.033, -42.699 ], [ -72.066, -42.699 ], [ -72.066, -42.666 ], [ -72.033, -42.666 ], [ -72.033, -42.699 ] ] ], [ [ [ -71.699, -42.699 ], [ -71.733, -42.699 ], [ -71.733, -42.666 ], [ -71.699, -42.666 ], [ -71.699, -42.699 ] ] ], [ [ [ -71.399, -42.733 ], [ -71.433, -42.733 ], [ -71.466, -42.733 ], [ -71.466, -42.699 ], [ -71.466, -42.666 ], [ -71.433, -42.666 ], [ -71.433, -42.699 ], [ -71.399, -42.699 ], [ -71.399, -42.733 ] ] ], [ [ [ -70.266, -42.699 ], [ -70.266, -42.733 ], [ -70.299, -42.733 ], [ -70.333, -42.733 ], [ -70.333, -42.766 ], [ -70.366, -42.766 ], [ -70.366, -42.799 ], [ -70.399, -42.799 ], [ -70.433, -42.799 ], [ -70.466, -42.799 ], [ -70.499, -42.799 ], [ -70.499, -42.833 ], [ -70.466, -42.833 ], [ -70.466, -42.866 ], [ -70.499, -42.866 ], [ -70.533, -42.866 ], [ -70.533, -42.833 ], [ -70.533, -42.799 ], [ -70.533, -42.766 ], [ -70.499, -42.766 ], [ -70.499, -42.733 ], [ -70.466, -42.733 ], [ -70.466, -42.699 ], [ -70.433, -42.699 ], [ -70.399, -42.699 ], [ -70.399, -42.666 ], [ -70.366, -42.666 ], [ -70.333, -42.666 ], [ -70.299, -42.666 ], [ -70.299, -42.699 ], [ -70.266, -42.699 ] ] ], [ [ [ -70.266, -42.699 ], [ -70.266, -42.666 ], [ -70.233, -42.666 ], [ -70.199, -42.666 ], [ -70.199, -42.699 ], [ -70.166, -42.699 ], [ -70.133, -42.699 ], [ -70.099, -42.699 ], [ -70.066, -42.699 ], [ -70.066, -42.733 ], [ -70.099, -42.733 ], [ -70.099, -42.766 ], [ -70.133, -42.766 ], [ -70.166, -42.766 ], [ -70.199, -42.766 ], [ -70.233, -42.766 ], [ -70.233, -42.733 ], [ -70.233, -42.699 ], [ -70.266, -42.699 ] ] ], [ [ [ -69.999, -42.699 ], [ -69.999, -42.666 ], [ -69.966, -42.666 ], [ -69.933, -42.666 ], [ -69.933, -42.699 ], [ -69.966, -42.699 ], [ -69.999, -42.699 ] ] ], [ [ [ -69.533, -42.899 ], [ -69.566, -42.899 ], [ -69.599, -42.899 ], [ -69.599, -42.866 ], [ -69.633, -42.866 ], [ -69.633, -42.899 ], [ -69.666, -42.899 ], [ -69.699, -42.899 ], [ -69.699, -42.866 ], [ -69.733, -42.866 ], [ -69.766, -42.866 ], [ -69.799, -42.866 ], [ -69.833, -42.866 ], [ -69.833, -42.833 ], [ -69.799, -42.833 ], [ -69.799, -42.799 ], [ -69.799, -42.766 ], [ -69.833, -42.766 ], [ -69.833, -42.733 ], [ -69.833, -42.699 ], [ -69.866, -42.699 ], [ -69.899, -42.699 ], [ -69.899, -42.666 ], [ -69.866, -42.666 ], [ -69.833, -42.666 ], [ -69.799, -42.666 ], [ -69.799, -42.699 ], [ -69.766, -42.699 ], [ -69.766, -42.733 ], [ -69.733, -42.733 ], [ -69.699, -42.733 ], [ -69.666, -42.733 ], [ -69.666, -42.766 ], [ -69.633, -42.766 ], [ -69.633, -42.799 ], [ -69.633, -42.833 ], [ -69.599, -42.833 ], [ -69.566, -42.833 ], [ -69.566, -42.866 ], [ -69.533, -42.866 ], [ -69.533, -42.899 ] ] ], [ [ [ -69.633, -42.666 ], [ -69.599, -42.666 ], [ -69.599, -42.699 ], [ -69.633, -42.699 ], [ -69.633, -42.666 ] ] ], [ [ [ -72.066, -42.666 ], [ -72.099, -42.666 ], [ -72.099, -42.699 ], [ -72.066, -42.699 ], [ -72.066, -42.733 ], [ -72.066, -42.766 ], [ -72.066, -42.799 ], [ -72.099, -42.799 ], [ -72.099, -42.766 ], [ -72.099, -42.733 ], [ -72.132, -42.733 ], [ -72.133, -42.730 ], [ -72.137, -42.726 ], [ -72.140, -42.717 ], [ -72.142, -42.714 ], [ -72.144, -42.711 ], [ -72.133, -42.699 ], [ -72.133, -42.680 ], [ -72.133, -42.680 ], [ -72.129, -42.678 ], [ -72.122, -42.674 ], [ -72.120, -42.668 ], [ -72.117, -42.664 ], [ -72.110, -42.657 ], [ -72.108, -42.653 ], [ -72.107, -42.648 ], [ -72.107, -42.643 ], [ -72.107, -42.637 ], [ -72.107, -42.633 ], [ -72.066, -42.633 ], [ -72.066, -42.666 ] ] ], [ [ [ -71.833, -42.633 ], [ -71.833, -42.666 ], [ -71.866, -42.666 ], [ -71.866, -42.633 ], [ -71.833, -42.633 ] ] ], [ [ [ -71.566, -42.666 ], [ -71.566, -42.699 ], [ -71.599, -42.699 ], [ -71.599, -42.733 ], [ -71.599, -42.766 ], [ -71.599, -42.799 ], [ -71.633, -42.799 ], [ -71.633, -42.766 ], [ -71.633, -42.733 ], [ -71.666, -42.733 ], [ -71.666, -42.699 ], [ -71.666, -42.666 ], [ -71.666, -42.633 ], [ -71.633, -42.633 ], [ -71.633, -42.666 ], [ -71.599, -42.666 ], [ -71.566, -42.666 ] ] ], [ [ [ -71.566, -42.666 ], [ -71.566, -42.633 ], [ -71.533, -42.633 ], [ -71.533, -42.666 ], [ -71.566, -42.666 ] ] ], [ [ [ -69.633, -42.666 ], [ -69.666, -42.666 ], [ -69.666, -42.633 ], [ -69.633, -42.633 ], [ -69.633, -42.666 ] ] ], [ [ [ -67.433, -42.666 ], [ -67.433, -42.699 ], [ -67.466, -42.699 ], [ -67.499, -42.699 ], [ -67.499, -42.733 ], [ -67.466, -42.733 ], [ -67.433, -42.733 ], [ -67.399, -42.733 ], [ -67.366, -42.733 ], [ -67.333, -42.733 ], [ -67.333, -42.766 ], [ -67.299, -42.766 ], [ -67.299, -42.799 ], [ -67.333, -42.799 ], [ -67.366, -42.799 ], [ -67.366, -42.833 ], [ -67.399, -42.833 ], [ -67.433, -42.833 ], [ -67.433, -42.866 ], [ -67.466, -42.866 ], [ -67.499, -42.866 ], [ -67.499, -42.899 ], [ -67.499, -42.933 ], [ -67.533, -42.933 ], [ -67.566, -42.933 ], [ -67.566, -42.899 ], [ -67.533, -42.899 ], [ -67.533, -42.866 ], [ -67.566, -42.866 ], [ -67.566, -42.899 ], [ -67.599, -42.899 ], [ -67.599, -42.933 ], [ -67.599, -42.966 ], [ -67.599, -42.999 ], [ -67.633, -42.999 ], [ -67.633, -43.033 ], [ -67.666, -43.033 ], [ -67.699, -43.033 ], [ -67.699, -42.999 ], [ -67.733, -42.999 ], [ -67.766, -42.999 ], [ -67.799, -42.999 ], [ -67.833, -42.999 ], [ -67.866, -42.999 ], [ -67.899, -42.999 ], [ -67.933, -42.999 ], [ -67.933, -43.033 ], [ -67.899, -43.033 ], [ -67.866, -43.033 ], [ -67.833, -43.033 ], [ -67.799, -43.033 ], [ -67.799, -43.066 ], [ -67.766, -43.066 ], [ -67.733, -43.066 ], [ -67.699, -43.066 ], [ -67.699, -43.099 ], [ -67.699, -43.133 ], [ -67.699, -43.166 ], [ -67.733, -43.166 ], [ -67.766, -43.166 ], [ -67.799, -43.166 ], [ -67.799, -43.133 ], [ -67.799, -43.099 ], [ -67.833, -43.099 ], [ -67.866, -43.099 ], [ -67.866, -43.133 ], [ -67.899, -43.133 ], [ -67.899, -43.099 ], [ -67.933, -43.099 ], [ -67.966, -43.099 ], [ -67.999, -43.099 ], [ -68.033, -43.099 ], [ -68.066, -43.099 ], [ -68.099, -43.099 ], [ -68.099, -43.133 ], [ -68.133, -43.133 ], [ -68.166, -43.133 ], [ -68.199, -43.133 ], [ -68.233, -43.133 ], [ -68.233, -43.099 ], [ -68.266, -43.099 ], [ -68.299, -43.099 ], [ -68.333, -43.099 ], [ -68.333, -43.133 ], [ -68.333, -43.166 ], [ -68.299, -43.166 ], [ -68.299, -43.199 ], [ -68.333, -43.199 ], [ -68.333, -43.233 ], [ -68.299, -43.233 ], [ -68.299, -43.266 ], [ -68.299, -43.299 ], [ -68.299, -43.333 ], [ -68.333, -43.333 ], [ -68.366, -43.333 ], [ -68.366, -43.299 ], [ -68.399, -43.299 ], [ -68.433, -43.299 ], [ -68.466, -43.299 ], [ -68.499, -43.299 ], [ -68.499, -43.266 ], [ -68.466, -43.266 ], [ -68.466, -43.233 ], [ -68.466, -43.199 ], [ -68.433, -43.199 ], [ -68.433, -43.233 ], [ -68.399, -43.233 ], [ -68.399, -43.199 ], [ -68.399, -43.166 ], [ -68.399, -43.133 ], [ -68.399, -43.099 ], [ -68.399, -43.066 ], [ -68.366, -43.066 ], [ -68.333, -43.066 ], [ -68.299, -43.066 ], [ -68.266, -43.066 ], [ -68.233, -43.066 ], [ -68.199, -43.066 ], [ -68.166, -43.066 ], [ -68.133, -43.066 ], [ -68.099, -43.066 ], [ -68.066, -43.066 ], [ -68.033, -43.066 ], [ -67.999, -43.066 ], [ -67.966, -43.066 ], [ -67.966, -43.033 ], [ -67.999, -43.033 ], [ -68.033, -43.033 ], [ -68.033, -42.999 ], [ -68.066, -42.999 ], [ -68.066, -42.966 ], [ -68.066, -42.933 ], [ -68.033, -42.933 ], [ -67.999, -42.933 ], [ -67.999, -42.899 ], [ -67.999, -42.866 ], [ -67.966, -42.866 ], [ -67.933, -42.866 ], [ -67.899, -42.866 ], [ -67.899, -42.833 ], [ -67.866, -42.833 ], [ -67.866, -42.866 ], [ -67.833, -42.866 ], [ -67.799, -42.866 ], [ -67.799, -42.833 ], [ -67.799, -42.799 ], [ -67.766, -42.799 ], [ -67.766, -42.766 ], [ -67.733, -42.766 ], [ -67.699, -42.766 ], [ -67.666, -42.766 ], [ -67.633, -42.766 ], [ -67.599, -42.766 ], [ -67.599, -42.733 ], [ -67.633, -42.733 ], [ -67.633, -42.699 ], [ -67.633, -42.666 ], [ -67.599, -42.666 ], [ -67.566, -42.666 ], [ -67.566, -42.699 ], [ -67.533, -42.699 ], [ -67.533, -42.666 ], [ -67.533, -42.633 ], [ -67.499, -42.633 ], [ -67.499, -42.666 ], [ -67.466, -42.666 ], [ -67.433, -42.666 ] ], [ [ -67.999, -42.966 ], [ -67.999, -42.999 ], [ -67.966, -42.999 ], [ -67.966, -42.966 ], [ -67.999, -42.966 ] ] ], [ [ [ -71.833, -42.633 ], [ -71.833, -42.599 ], [ -71.799, -42.599 ], [ -71.766, -42.599 ], [ -71.766, -42.633 ], [ -71.799, -42.633 ], [ -71.833, -42.633 ] ] ], [ [ [ -71.699, -42.633 ], [ -71.733, -42.633 ], [ -71.733, -42.599 ], [ -71.699, -42.599 ], [ -71.699, -42.633 ] ] ], [ [ [ -70.199, -42.599 ], [ -70.166, -42.599 ], [ -70.133, -42.599 ], [ -70.133, -42.633 ], [ -70.166, -42.633 ], [ -70.199, -42.633 ], [ -70.199, -42.599 ] ] ], [ [ [ -71.866, -42.599 ], [ -71.899, -42.599 ], [ -71.899, -42.566 ], [ -71.866, -42.566 ], [ -71.866, -42.599 ] ] ], [ [ [ -71.633, -42.566 ], [ -71.599, -42.566 ], [ -71.566, -42.566 ], [ -71.533, -42.566 ], [ -71.499, -42.566 ], [ -71.466, -42.566 ], [ -71.433, -42.566 ], [ -71.433, -42.599 ], [ -71.466, -42.599 ], [ -71.466, -42.633 ], [ -71.499, -42.633 ], [ -71.499, -42.599 ], [ -71.533, -42.599 ], [ -71.566, -42.599 ], [ -71.599, -42.599 ], [ -71.633, -42.599 ], [ -71.633, -42.566 ] ] ], [ [ [ -70.199, -42.599 ], [ -70.233, -42.599 ], [ -70.233, -42.566 ], [ -70.199, -42.566 ], [ -70.199, -42.599 ] ] ], [ [ [ -72.033, -42.599 ], [ -71.999, -42.599 ], [ -71.999, -42.566 ], [ -71.999, -42.533 ], [ -71.966, -42.533 ], [ -71.966, -42.566 ], [ -71.933, -42.566 ], [ -71.933, -42.599 ], [ -71.966, -42.599 ], [ -71.966, -42.633 ], [ -71.999, -42.633 ], [ -72.033, -42.633 ], [ -72.033, -42.599 ] ] ], [ [ [ -71.633, -42.566 ], [ -71.666, -42.566 ], [ -71.666, -42.533 ], [ -71.633, -42.533 ], [ -71.633, -42.566 ] ] ], [ [ [ -71.433, -42.566 ], [ -71.433, -42.533 ], [ -71.399, -42.533 ], [ -71.366, -42.533 ], [ -71.366, -42.566 ], [ -71.399, -42.566 ], [ -71.433, -42.566 ] ] ], [ [ [ -72.033, -42.599 ], [ -72.066, -42.599 ], [ -72.066, -42.573 ], [ -72.060, -42.574 ], [ -72.055, -42.572 ], [ -72.053, -42.569 ], [ -72.053, -42.565 ], [ -72.053, -42.560 ], [ -72.053, -42.554 ], [ -72.052, -42.551 ], [ -72.050, -42.548 ], [ -72.047, -42.544 ], [ -72.042, -42.540 ], [ -72.038, -42.536 ], [ -72.035, -42.531 ], [ -72.033, -42.533 ], [ -72.033, -42.566 ], [ -72.033, -42.599 ] ] ], [ [ [ -71.599, -42.499 ], [ -71.566, -42.499 ], [ -71.566, -42.533 ], [ -71.599, -42.533 ], [ -71.599, -42.499 ] ] ], [ [ [ -71.366, -42.533 ], [ -71.366, -42.499 ], [ -71.333, -42.499 ], [ -71.333, -42.533 ], [ -71.366, -42.533 ] ] ], [ [ [ -71.966, -42.533 ], [ -71.966, -42.499 ], [ -71.933, -42.499 ], [ -71.933, -42.466 ], [ -71.899, -42.466 ], [ -71.866, -42.466 ], [ -71.866, -42.499 ], [ -71.833, -42.499 ], [ -71.833, -42.533 ], [ -71.866, -42.533 ], [ -71.899, -42.533 ], [ -71.933, -42.533 ], [ -71.966, -42.533 ] ] ], [ [ [ -71.799, -42.466 ], [ -71.766, -42.466 ], [ -71.733, -42.466 ], [ -71.699, -42.466 ], [ -71.666, -42.466 ], [ -71.666, -42.499 ], [ -71.699, -42.499 ], [ -71.699, -42.533 ], [ -71.733, -42.533 ], [ -71.733, -42.499 ], [ -71.766, -42.499 ], [ -71.799, -42.499 ], [ -71.799, -42.466 ] ] ], [ [ [ -71.599, -42.499 ], [ -71.633, -42.499 ], [ -71.633, -42.466 ], [ -71.599, -42.466 ], [ -71.599, -42.499 ] ] ], [ [ [ -71.333, -42.499 ], [ -71.333, -42.466 ], [ -71.299, -42.466 ], [ -71.299, -42.499 ], [ -71.333, -42.499 ] ] ], [ [ [ -71.933, -42.466 ], [ -71.966, -42.466 ], [ -71.966, -42.433 ], [ -71.933, -42.433 ], [ -71.933, -42.466 ] ] ], [ [ [ -71.299, -42.466 ], [ -71.299, -42.433 ], [ -71.266, -42.433 ], [ -71.266, -42.466 ], [ -71.299, -42.466 ] ] ], [ [ [ -69.666, -42.633 ], [ -69.699, -42.633 ], [ -69.699, -42.599 ], [ -69.733, -42.599 ], [ -69.733, -42.633 ], [ -69.733, -42.666 ], [ -69.766, -42.666 ], [ -69.799, -42.666 ], [ -69.799, -42.633 ], [ -69.833, -42.633 ], [ -69.866, -42.633 ], [ -69.899, -42.633 ], [ -69.933, -42.633 ], [ -69.966, -42.633 ], [ -69.999, -42.633 ], [ -69.999, -42.666 ], [ -70.033, -42.666 ], [ -70.066, -42.666 ], [ -70.066, -42.633 ], [ -70.066, -42.599 ], [ -70.066, -42.566 ], [ -70.099, -42.566 ], [ -70.099, -42.599 ], [ -70.133, -42.599 ], [ -70.133, -42.566 ], [ -70.166, -42.566 ], [ -70.199, -42.566 ], [ -70.199, -42.533 ], [ -70.166, -42.533 ], [ -70.133, -42.533 ], [ -70.133, -42.499 ], [ -70.099, -42.499 ], [ -70.099, -42.466 ], [ -70.066, -42.466 ], [ -70.066, -42.499 ], [ -70.033, -42.499 ], [ -69.999, -42.499 ], [ -69.999, -42.533 ], [ -69.966, -42.533 ], [ -69.933, -42.533 ], [ -69.899, -42.533 ], [ -69.866, -42.533 ], [ -69.866, -42.499 ], [ -69.866, -42.466 ], [ -69.833, -42.466 ], [ -69.833, -42.433 ], [ -69.799, -42.433 ], [ -69.766, -42.433 ], [ -69.733, -42.433 ], [ -69.699, -42.433 ], [ -69.666, -42.433 ], [ -69.666, -42.466 ], [ -69.666, -42.499 ], [ -69.666, -42.533 ], [ -69.666, -42.566 ], [ -69.666, -42.599 ], [ -69.666, -42.633 ] ] ], [ [ [ -71.966, -42.433 ], [ -71.999, -42.433 ], [ -71.999, -42.399 ], [ -71.966, -42.399 ], [ -71.966, -42.433 ] ] ], [ [ [ -71.799, -42.466 ], [ -71.833, -42.466 ], [ -71.833, -42.433 ], [ -71.833, -42.399 ], [ -71.799, -42.399 ], [ -71.766, -42.399 ], [ -71.733, -42.399 ], [ -71.733, -42.433 ], [ -71.766, -42.433 ], [ -71.799, -42.433 ], [ -71.799, -42.466 ] ] ], [ [ [ -71.633, -42.433 ], [ -71.666, -42.433 ], [ -71.666, -42.399 ], [ -71.633, -42.399 ], [ -71.633, -42.433 ] ] ], [ [ [ -70.799, -42.966 ], [ -70.799, -42.933 ], [ -70.799, -42.899 ], [ -70.766, -42.899 ], [ -70.766, -42.866 ], [ -70.766, -42.833 ], [ -70.733, -42.833 ], [ -70.733, -42.799 ], [ -70.766, -42.799 ], [ -70.766, -42.766 ], [ -70.733, -42.766 ], [ -70.733, -42.733 ], [ -70.766, -42.733 ], [ -70.799, -42.733 ], [ -70.833, -42.733 ], [ -70.833, -42.766 ], [ -70.866, -42.766 ], [ -70.866, -42.799 ], [ -70.899, -42.799 ], [ -70.899, -42.833 ], [ -70.933, -42.833 ], [ -70.933, -42.866 ], [ -70.966, -42.866 ], [ -70.999, -42.866 ], [ -70.999, -42.899 ], [ -70.999, -42.933 ], [ -71.033, -42.933 ], [ -71.066, -42.933 ], [ -71.066, -42.966 ], [ -71.033, -42.966 ], [ -70.999, -42.966 ], [ -70.999, -42.999 ], [ -70.999, -43.033 ], [ -70.966, -43.033 ], [ -70.933, -43.033 ], [ -70.899, -43.033 ], [ -70.866, -43.033 ], [ -70.833, -43.033 ], [ -70.833, -42.999 ], [ -70.833, -42.966 ], [ -70.799, -42.966 ], [ -70.799, -42.999 ], [ -70.766, -42.999 ], [ -70.733, -42.999 ], [ -70.699, -42.999 ], [ -70.699, -43.033 ], [ -70.666, -43.033 ], [ -70.666, -43.066 ], [ -70.633, -43.066 ], [ -70.633, -43.099 ], [ -70.599, -43.099 ], [ -70.599, -43.133 ], [ -70.599, -43.166 ], [ -70.566, -43.166 ], [ -70.533, -43.166 ], [ -70.533, -43.199 ], [ -70.499, -43.199 ], [ -70.499, -43.166 ], [ -70.533, -43.166 ], [ -70.533, -43.133 ], [ -70.499, -43.133 ], [ -70.466, -43.133 ], [ -70.466, -43.166 ], [ -70.433, -43.166 ], [ -70.399, -43.166 ], [ -70.399, -43.199 ], [ -70.399, -43.233 ], [ -70.399, -43.266 ], [ -70.433, -43.266 ], [ -70.433, -43.299 ], [ -70.399, -43.299 ], [ -70.399, -43.266 ], [ -70.366, -43.266 ], [ -70.366, -43.233 ], [ -70.366, -43.199 ], [ -70.333, -43.199 ], [ -70.333, -43.166 ], [ -70.333, -43.133 ], [ -70.333, -43.099 ], [ -70.299, -43.099 ], [ -70.299, -43.066 ], [ -70.333, -43.066 ], [ -70.366, -43.066 ], [ -70.366, -43.033 ], [ -70.366, -42.999 ], [ -70.333, -42.999 ], [ -70.299, -42.999 ], [ -70.266, -42.999 ], [ -70.266, -42.966 ], [ -70.299, -42.966 ], [ -70.299, -42.933 ], [ -70.299, -42.899 ], [ -70.333, -42.899 ], [ -70.366, -42.899 ], [ -70.399, -42.899 ], [ -70.433, -42.899 ], [ -70.466, -42.899 ], [ -70.466, -42.866 ], [ -70.433, -42.866 ], [ -70.399, -42.866 ], [ -70.366, -42.866 ], [ -70.366, -42.833 ], [ -70.333, -42.833 ], [ -70.299, -42.833 ], [ -70.299, -42.866 ], [ -70.266, -42.866 ], [ -70.233, -42.866 ], [ -70.233, -42.899 ], [ -70.199, -42.899 ], [ -70.166, -42.899 ], [ -70.133, -42.899 ], [ -70.133, -42.866 ], [ -70.099, -42.866 ], [ -70.066, -42.866 ], [ -70.066, -42.899 ], [ -70.066, -42.933 ], [ -70.066, -42.966 ], [ -70.066, -42.999 ], [ -70.066, -43.033 ], [ -70.099, -43.033 ], [ -70.099, -43.066 ], [ -70.099, -43.099 ], [ -70.066, -43.099 ], [ -70.066, -43.133 ], [ -70.033, -43.133 ], [ -70.033, -43.166 ], [ -70.066, -43.166 ], [ -70.066, -43.199 ], [ -70.099, -43.199 ], [ -70.133, -43.199 ], [ -70.133, -43.233 ], [ -70.166, -43.233 ], [ -70.199, -43.233 ], [ -70.199, -43.266 ], [ -70.199, -43.299 ], [ -70.233, -43.299 ], [ -70.233, -43.333 ], [ -70.233, -43.366 ], [ -70.266, -43.366 ], [ -70.299, -43.366 ], [ -70.299, -43.399 ], [ -70.299, -43.433 ], [ -70.333, -43.433 ], [ -70.333, -43.466 ], [ -70.366, -43.466 ], [ -70.399, -43.466 ], [ -70.399, -43.499 ], [ -70.399, -43.533 ], [ -70.366, -43.533 ], [ -70.333, -43.533 ], [ -70.333, -43.499 ], [ -70.299, -43.499 ], [ -70.299, -43.466 ], [ -70.266, -43.466 ], [ -70.233, -43.466 ], [ -70.199, -43.466 ], [ -70.199, -43.499 ], [ -70.166, -43.499 ], [ -70.166, -43.533 ], [ -70.166, -43.566 ], [ -70.133, -43.566 ], [ -70.099, -43.566 ], [ -70.099, -43.599 ], [ -70.066, -43.599 ], [ -70.033, -43.599 ], [ -70.033, -43.566 ], [ -70.033, -43.533 ], [ -70.066, -43.533 ], [ -70.066, -43.499 ], [ -70.033, -43.499 ], [ -69.999, -43.499 ], [ -69.966, -43.499 ], [ -69.966, -43.466 ], [ -69.966, -43.433 ], [ -69.933, -43.433 ], [ -69.899, -43.433 ], [ -69.866, -43.433 ], [ -69.866, -43.399 ], [ -69.899, -43.399 ], [ -69.899, -43.366 ], [ -69.933, -43.366 ], [ -69.966, -43.366 ], [ -69.999, -43.366 ], [ -70.033, -43.366 ], [ -70.033, -43.333 ], [ -70.033, -43.299 ], [ -70.033, -43.266 ], [ -69.999, -43.266 ], [ -69.966, -43.266 ], [ -69.966, -43.233 ], [ -69.999, -43.233 ], [ -69.999, -43.199 ], [ -70.033, -43.199 ], [ -70.033, -43.166 ], [ -69.999, -43.166 ], [ -69.966, -43.166 ], [ -69.966, -43.133 ], [ -69.933, -43.133 ], [ -69.899, -43.133 ], [ -69.866, -43.133 ], [ -69.866, -43.166 ], [ -69.899, -43.166 ], [ -69.899, -43.199 ], [ -69.866, -43.199 ], [ -69.833, -43.199 ], [ -69.799, -43.199 ], [ -69.799, -43.233 ], [ -69.833, -43.233 ], [ -69.833, -43.266 ], [ -69.799, -43.266 ], [ -69.799, -43.299 ], [ -69.766, -43.299 ], [ -69.766, -43.333 ], [ -69.733, -43.333 ], [ -69.699, -43.333 ], [ -69.699, -43.366 ], [ -69.699, -43.399 ], [ -69.666, -43.399 ], [ -69.666, -43.433 ], [ -69.666, -43.466 ], [ -69.633, -43.466 ], [ -69.633, -43.499 ], [ -69.666, -43.499 ], [ -69.699, -43.499 ], [ -69.699, -43.533 ], [ -69.699, -43.566 ], [ -69.666, -43.566 ], [ -69.666, -43.599 ], [ -69.633, -43.599 ], [ -69.633, -43.633 ], [ -69.633, -43.666 ], [ -69.599, -43.666 ], [ -69.566, -43.666 ], [ -69.566, -43.699 ], [ -69.533, -43.699 ], [ -69.533, -43.733 ], [ -69.499, -43.733 ], [ -69.499, -43.766 ], [ -69.499, -43.799 ], [ -69.466, -43.799 ], [ -69.466, -43.766 ], [ -69.433, -43.766 ], [ -69.399, -43.766 ], [ -69.366, -43.766 ], [ -69.333, -43.766 ], [ -69.299, -43.766 ], [ -69.266, -43.766 ], [ -69.266, -43.733 ], [ -69.299, -43.733 ], [ -69.299, -43.699 ], [ -69.266, -43.699 ], [ -69.233, -43.699 ], [ -69.233, -43.666 ], [ -69.199, -43.666 ], [ -69.199, -43.633 ], [ -69.233, -43.633 ], [ -69.233, -43.599 ], [ -69.266, -43.599 ], [ -69.266, -43.566 ], [ -69.299, -43.566 ], [ -69.333, -43.566 ], [ -69.333, -43.533 ], [ -69.366, -43.533 ], [ -69.399, -43.533 ], [ -69.399, -43.499 ], [ -69.366, -43.499 ], [ -69.333, -43.499 ], [ -69.333, -43.466 ], [ -69.299, -43.466 ], [ -69.299, -43.433 ], [ -69.333, -43.433 ], [ -69.366, -43.433 ], [ -69.366, -43.399 ], [ -69.333, -43.399 ], [ -69.333, -43.366 ], [ -69.366, -43.366 ], [ -69.399, -43.366 ], [ -69.399, -43.333 ], [ -69.366, -43.333 ], [ -69.333, -43.333 ], [ -69.299, -43.333 ], [ -69.299, -43.299 ], [ -69.333, -43.299 ], [ -69.333, -43.266 ], [ -69.366, -43.266 ], [ -69.366, -43.233 ], [ -69.366, -43.199 ], [ -69.366, -43.166 ], [ -69.399, -43.166 ], [ -69.399, -43.133 ], [ -69.366, -43.133 ], [ -69.366, -43.099 ], [ -69.333, -43.099 ], [ -69.333, -43.133 ], [ -69.333, -43.166 ], [ -69.299, -43.166 ], [ -69.299, -43.199 ], [ -69.266, -43.199 ], [ -69.266, -43.233 ], [ -69.266, -43.266 ], [ -69.233, -43.266 ], [ -69.199, -43.266 ], [ -69.199, -43.299 ], [ -69.199, -43.333 ], [ -69.233, -43.333 ], [ -69.233, -43.366 ], [ -69.266, -43.366 ], [ -69.299, -43.366 ], [ -69.299, -43.399 ], [ -69.266, -43.399 ], [ -69.233, -43.399 ], [ -69.199, -43.399 ], [ -69.199, -43.433 ], [ -69.233, -43.433 ], [ -69.233, -43.466 ], [ -69.199, -43.466 ], [ -69.166, -43.466 ], [ -69.166, -43.499 ], [ -69.166, -43.533 ], [ -69.166, -43.566 ], [ -69.166, -43.599 ], [ -69.133, -43.599 ], [ -69.099, -43.599 ], [ -69.099, -43.633 ], [ -69.066, -43.633 ], [ -69.066, -43.666 ], [ -69.066, -43.699 ], [ -69.099, -43.699 ], [ -69.133, -43.699 ], [ -69.133, -43.733 ], [ -69.099, -43.733 ], [ -69.099, -43.766 ], [ -69.066, -43.766 ], [ -69.066, -43.799 ], [ -69.033, -43.799 ], [ -69.033, -43.833 ], [ -69.033, -43.866 ], [ -69.066, -43.866 ], [ -69.099, -43.866 ], [ -69.133, -43.866 ], [ -69.166, -43.866 ], [ -69.166, -43.833 ], [ -69.199, -43.833 ], [ -69.199, -43.799 ], [ -69.233, -43.799 ], [ -69.266, -43.799 ], [ -69.299, -43.799 ], [ -69.333, -43.799 ], [ -69.333, -43.833 ], [ -69.299, -43.833 ], [ -69.299, -43.866 ], [ -69.299, -43.899 ], [ -69.266, -43.899 ], [ -69.233, -43.899 ], [ -69.233, -43.933 ], [ -69.199, -43.933 ], [ -69.166, -43.933 ], [ -69.133, -43.933 ], [ -69.099, -43.933 ], [ -69.066, -43.933 ], [ -69.066, -43.966 ], [ -69.033, -43.966 ], [ -69.033, -43.999 ], [ -69.066, -43.999 ], [ -69.099, -43.999 ], [ -69.099, -43.966 ], [ -69.133, -43.966 ], [ -69.133, -43.999 ], [ -69.166, -43.999 ], [ -69.166, -43.966 ], [ -69.199, -43.966 ], [ -69.233, -43.966 ], [ -69.233, -43.999 ], [ -69.233, -44.033 ], [ -69.199, -44.033 ], [ -69.199, -44.066 ], [ -69.199, -44.099 ], [ -69.166, -44.099 ], [ -69.166, -44.133 ], [ -69.166, -44.166 ], [ -69.166, -44.199 ], [ -69.133, -44.199 ], [ -69.133, -44.233 ], [ -69.099, -44.233 ], [ -69.066, -44.233 ], [ -69.066, -44.199 ], [ -69.033, -44.199 ], [ -68.999, -44.199 ], [ -68.999, -44.233 ], [ -68.966, -44.233 ], [ -68.933, -44.233 ], [ -68.899, -44.233 ], [ -68.866, -44.233 ], [ -68.833, -44.233 ], [ -68.799, -44.233 ], [ -68.799, -44.266 ], [ -68.799, -44.299 ], [ -68.833, -44.299 ], [ -68.866, -44.299 ], [ -68.866, -44.266 ], [ -68.899, -44.266 ], [ -68.899, -44.299 ], [ -68.933, -44.299 ], [ -68.933, -44.333 ], [ -68.933, -44.366 ], [ -68.899, -44.366 ], [ -68.899, -44.399 ], [ -68.933, -44.399 ], [ -68.966, -44.399 ], [ -68.966, -44.366 ], [ -68.966, -44.333 ], [ -68.966, -44.299 ], [ -68.999, -44.299 ], [ -69.033, -44.299 ], [ -69.033, -44.266 ], [ -69.066, -44.266 ], [ -69.099, -44.266 ], [ -69.099, -44.299 ], [ -69.133, -44.299 ], [ -69.133, -44.333 ], [ -69.166, -44.333 ], [ -69.166, -44.366 ], [ -69.166, -44.399 ], [ -69.166, -44.433 ], [ -69.166, -44.466 ], [ -69.199, -44.466 ], [ -69.233, -44.466 ], [ -69.233, -44.499 ], [ -69.266, -44.499 ], [ -69.266, -44.533 ], [ -69.299, -44.533 ], [ -69.299, -44.566 ], [ -69.333, -44.566 ], [ -69.333, -44.599 ], [ -69.333, -44.633 ], [ -69.299, -44.633 ], [ -69.299, -44.666 ], [ -69.266, -44.666 ], [ -69.266, -44.699 ], [ -69.266, -44.733 ], [ -69.266, -44.766 ], [ -69.266, -44.799 ], [ -69.299, -44.799 ], [ -69.299, -44.833 ], [ -69.266, -44.833 ], [ -69.266, -44.866 ], [ -69.233, -44.866 ], [ -69.233, -44.899 ], [ -69.233, -44.933 ], [ -69.233, -44.966 ], [ -69.233, -44.999 ], [ -69.199, -44.999 ], [ -69.199, -45.033 ], [ -69.199, -45.066 ], [ -69.199, -45.099 ], [ -69.166, -45.099 ], [ -69.166, -45.133 ], [ -69.199, -45.133 ], [ -69.199, -45.166 ], [ -69.233, -45.166 ], [ -69.266, -45.166 ], [ -69.299, -45.166 ], [ -69.299, -45.199 ], [ -69.333, -45.199 ], [ -69.366, -45.199 ], [ -69.366, -45.233 ], [ -69.399, -45.233 ], [ -69.433, -45.233 ], [ -69.433, -45.266 ], [ -69.433, -45.299 ], [ -69.433, -45.333 ], [ -69.399, -45.333 ], [ -69.399, -45.366 ], [ -69.399, -45.399 ], [ -69.366, -45.399 ], [ -69.333, -45.399 ], [ -69.333, -45.433 ], [ -69.366, -45.433 ], [ -69.399, -45.433 ], [ -69.433, -45.433 ], [ -69.433, -45.466 ], [ -69.399, -45.466 ], [ -69.366, -45.466 ], [ -69.333, -45.466 ], [ -69.333, -45.433 ], [ -69.299, -45.433 ], [ -69.299, -45.466 ], [ -69.299, -45.499 ], [ -69.333, -45.499 ], [ -69.366, -45.499 ], [ -69.366, -45.533 ], [ -69.366, -45.566 ], [ -69.333, -45.566 ], [ -69.333, -45.599 ], [ -69.333, -45.633 ], [ -69.299, -45.633 ], [ -69.299, -45.666 ], [ -69.299, -45.699 ], [ -69.299, -45.733 ], [ -69.299, -45.766 ], [ -69.333, -45.766 ], [ -69.333, -45.799 ], [ -69.366, -45.799 ], [ -69.366, -45.833 ], [ -69.399, -45.833 ], [ -69.433, -45.833 ], [ -69.433, -45.866 ], [ -69.466, -45.866 ], [ -69.499, -45.866 ], [ -69.499, -45.899 ], [ -69.499, -45.933 ], [ -69.499, -45.966 ], [ -69.533, -45.966 ], [ -69.533, -45.999 ], [ -69.566, -45.999 ], [ -69.566, -45.966 ], [ -69.599, -45.966 ], [ -69.599, -45.933 ], [ -69.599, -45.899 ], [ -69.633, -45.899 ], [ -69.666, -45.899 ], [ -69.666, -45.866 ], [ -69.699, -45.866 ], [ -69.699, -45.833 ], [ -69.733, -45.833 ], [ -69.733, -45.799 ], [ -69.699, -45.799 ], [ -69.699, -45.766 ], [ -69.699, -45.733 ], [ -69.666, -45.733 ], [ -69.666, -45.699 ], [ -69.699, -45.699 ], [ -69.699, -45.666 ], [ -69.699, -45.633 ], [ -69.699, -45.599 ], [ -69.733, -45.599 ], [ -69.733, -45.566 ], [ -69.733, -45.533 ], [ -69.733, -45.499 ], [ -69.766, -45.499 ], [ -69.766, -45.466 ], [ -69.799, -45.466 ], [ -69.833, -45.466 ], [ -69.833, -45.433 ], [ -69.866, -45.433 ], [ -69.866, -45.399 ], [ -69.866, -45.366 ], [ -69.899, -45.366 ], [ -69.899, -45.333 ], [ -69.933, -45.333 ], [ -69.933, -45.299 ], [ -69.933, -45.266 ], [ -69.966, -45.266 ], [ -69.999, -45.266 ], [ -69.999, -45.233 ], [ -70.033, -45.233 ], [ -70.033, -45.199 ], [ -70.033, -45.166 ], [ -70.033, -45.133 ], [ -70.033, -45.099 ], [ -70.033, -45.066 ], [ -70.066, -45.066 ], [ -70.099, -45.066 ], [ -70.099, -45.033 ], [ -70.099, -44.999 ], [ -70.099, -44.966 ], [ -70.133, -44.966 ], [ -70.166, -44.966 ], [ -70.166, -44.933 ], [ -70.166, -44.899 ], [ -70.166, -44.866 ], [ -70.199, -44.866 ], [ -70.199, -44.899 ], [ -70.199, -44.933 ], [ -70.199, -44.966 ], [ -70.166, -44.966 ], [ -70.166, -44.999 ], [ -70.133, -44.999 ], [ -70.133, -45.033 ], [ -70.133, -45.066 ], [ -70.133, -45.099 ], [ -70.099, -45.099 ], [ -70.099, -45.133 ], [ -70.099, -45.166 ], [ -70.099, -45.199 ], [ -70.099, -45.233 ], [ -70.099, -45.266 ], [ -70.066, -45.266 ], [ -70.066, -45.299 ], [ -70.066, -45.333 ], [ -70.066, -45.366 ], [ -70.066, -45.399 ], [ -70.033, -45.399 ], [ -70.033, -45.433 ], [ -69.999, -45.433 ], [ -69.999, -45.466 ], [ -69.966, -45.466 ], [ -69.933, -45.466 ], [ -69.899, -45.466 ], [ -69.899, -45.499 ], [ -69.899, -45.533 ], [ -69.866, -45.533 ], [ -69.866, -45.566 ], [ -69.866, -45.599 ], [ -69.866, -45.633 ], [ -69.899, -45.633 ], [ -69.933, -45.633 ], [ -69.966, -45.633 ], [ -69.966, -45.666 ], [ -69.999, -45.666 ], [ -69.999, -45.699 ], [ -69.966, -45.699 ], [ -69.966, -45.733 ], [ -69.933, -45.733 ], [ -69.899, -45.733 ], [ -69.899, -45.766 ], [ -69.866, -45.766 ], [ -69.866, -45.799 ], [ -69.866, -45.833 ], [ -69.866, -45.866 ], [ -69.833, -45.866 ], [ -69.799, -45.866 ], [ -69.799, -45.899 ], [ -69.799, -45.933 ], [ -69.766, -45.933 ], [ -69.766, -45.966 ], [ -69.733, -45.966 ], [ -69.733, -45.999 ], [ -69.699, -45.999 ], [ -69.666, -45.999 ], [ -69.633, -45.999 ], [ -69.633, -46.033 ], [ -69.633, -46.066 ], [ -69.633, -46.099 ], [ -69.599, -46.099 ], [ -69.599, -46.133 ], [ -69.599, -46.166 ], [ -69.599, -46.199 ], [ -69.566, -46.199 ], [ -69.533, -46.199 ], [ -69.533, -46.233 ], [ -69.499, -46.233 ], [ -69.466, -46.233 ], [ -69.433, -46.233 ], [ -69.399, -46.233 ], [ -69.366, -46.233 ], [ -69.333, -46.233 ], [ -69.299, -46.233 ], [ -69.266, -46.233 ], [ -69.233, -46.233 ], [ -69.233, -46.199 ], [ -69.199, -46.199 ], [ -69.199, -46.233 ], [ -69.199, -46.266 ], [ -69.233, -46.266 ], [ -69.233, -46.299 ], [ -69.199, -46.299 ], [ -69.166, -46.299 ], [ -69.133, -46.299 ], [ -69.133, -46.333 ], [ -69.099, -46.333 ], [ -69.099, -46.366 ], [ -69.066, -46.366 ], [ -69.066, -46.333 ], [ -69.033, -46.333 ], [ -69.033, -46.299 ], [ -69.033, -46.266 ], [ -68.999, -46.266 ], [ -68.999, -46.233 ], [ -68.966, -46.233 ], [ -68.966, -46.199 ], [ -68.966, -46.166 ], [ -68.966, -46.133 ], [ -68.966, -46.099 ], [ -68.933, -46.099 ], [ -68.933, -46.066 ], [ -68.899, -46.066 ], [ -68.866, -46.066 ], [ -68.866, -46.033 ], [ -68.899, -46.033 ], [ -68.899, -45.999 ], [ -68.899, -45.966 ], [ -68.866, -45.966 ], [ -68.866, -45.933 ], [ -68.833, -45.933 ], [ -68.799, -45.933 ], [ -68.766, -45.933 ], [ -68.733, -45.933 ], [ -68.733, -45.899 ], [ -68.699, -45.899 ], [ -68.666, -45.899 ], [ -68.666, -45.866 ], [ -68.633, -45.866 ], [ -68.599, -45.866 ], [ -68.566, -45.866 ], [ -68.566, -45.833 ], [ -68.533, -45.833 ], [ -68.533, -45.866 ], [ -68.499, -45.866 ], [ -68.499, -45.833 ], [ -68.499, -45.799 ], [ -68.466, -45.799 ], [ -68.433, -45.799 ], [ -68.433, -45.766 ], [ -68.399, -45.766 ], [ -68.366, -45.766 ], [ -68.333, -45.766 ], [ -68.333, -45.733 ], [ -68.333, -45.699 ], [ -68.333, -45.666 ], [ -68.299, -45.666 ], [ -68.299, -45.633 ], [ -68.266, -45.633 ], [ -68.266, -45.666 ], [ -68.233, -45.666 ], [ -68.233, -45.699 ], [ -68.199, -45.699 ], [ -68.199, -45.666 ], [ -68.166, -45.666 ], [ -68.166, -45.633 ], [ -68.133, -45.633 ], [ -68.099, -45.633 ], [ -68.099, -45.666 ], [ -68.066, -45.666 ], [ -68.033, -45.666 ], [ -68.033, -45.633 ], [ -67.999, -45.633 ], [ -67.999, -45.599 ], [ -67.999, -45.566 ], [ -67.966, -45.566 ], [ -67.966, -45.533 ], [ -67.933, -45.533 ], [ -67.899, -45.533 ], [ -67.899, -45.499 ], [ -67.866, -45.499 ], [ -67.866, -45.466 ], [ -67.833, -45.466 ], [ -67.833, -45.433 ], [ -67.799, -45.433 ], [ -67.766, -45.433 ], [ -67.733, -45.433 ], [ -67.699, -45.433 ], [ -67.699, -45.466 ], [ -67.666, -45.466 ], [ -67.633, -45.466 ], [ -67.599, -45.466 ], [ -67.599, -45.433 ], [ -67.599, -45.399 ], [ -67.566, -45.399 ], [ -67.533, -45.399 ], [ -67.499, -45.399 ], [ -67.466, -45.399 ], [ -67.433, -45.399 ], [ -67.433, -45.366 ], [ -67.399, -45.366 ], [ -67.399, -45.333 ], [ -67.366, -45.333 ], [ -67.366, -45.299 ], [ -67.366, -45.266 ], [ -67.366, -45.233 ], [ -67.366, -45.199 ], [ -67.366, -45.166 ], [ -67.366, -45.133 ], [ -67.333, -45.133 ], [ -67.333, -45.099 ], [ -67.299, -45.099 ], [ -67.299, -45.066 ], [ -67.266, -45.066 ], [ -67.233, -45.066 ], [ -67.233, -45.033 ], [ -67.199, -45.033 ], [ -67.166, -45.033 ], [ -67.133, -45.033 ], [ -67.133, -44.999 ], [ -67.133, -44.966 ], [ -67.099, -44.966 ], [ -67.066, -44.966 ], [ -67.066, -44.933 ], [ -67.033, -44.933 ], [ -67.033, -44.899 ], [ -66.999, -44.899 ], [ -66.966, -44.899 ], [ -66.966, -44.866 ], [ -66.933, -44.866 ], [ -66.899, -44.866 ], [ -66.899, -44.833 ], [ -66.866, -44.833 ], [ -66.866, -44.799 ], [ -66.833, -44.799 ], [ -66.833, -44.833 ], [ -66.799, -44.833 ], [ -66.799, -44.799 ], [ -66.766, -44.799 ], [ -66.766, -44.766 ], [ -66.733, -44.766 ], [ -66.699, -44.766 ], [ -66.699, -44.733 ], [ -66.666, -44.733 ], [ -66.633, -44.733 ], [ -66.633, -44.699 ], [ -66.599, -44.699 ], [ -66.599, -44.666 ], [ -66.566, -44.666 ], [ -66.566, -44.633 ], [ -66.533, -44.633 ], [ -66.499, -44.633 ], [ -66.499, -44.599 ], [ -66.466, -44.599 ], [ -66.466, -44.566 ], [ -66.466, -44.533 ], [ -66.433, -44.533 ], [ -66.433, -44.499 ], [ -66.399, -44.499 ], [ -66.366, -44.499 ], [ -66.333, -44.499 ], [ -66.299, -44.499 ], [ -66.266, -44.499 ], [ -66.266, -44.466 ], [ -66.233, -44.466 ], [ -66.233, -44.499 ], [ -66.199, -44.499 ], [ -66.199, -44.533 ], [ -66.199, -44.566 ], [ -66.233, -44.566 ], [ -66.233, -44.599 ], [ -66.266, -44.599 ], [ -66.266, -44.633 ], [ -66.233, -44.633 ], [ -66.233, -44.599 ], [ -66.199, -44.599 ], [ -66.199, -44.566 ], [ -66.166, -44.566 ], [ -66.166, -44.533 ], [ -66.133, -44.533 ], [ -66.133, -44.499 ], [ -66.099, -44.499 ], [ -66.066, -44.499 ], [ -66.033, -44.499 ], [ -65.999, -44.499 ], [ -65.999, -44.533 ], [ -65.999, -44.566 ], [ -66.033, -44.566 ], [ -66.033, -44.599 ], [ -66.066, -44.599 ], [ -66.099, -44.599 ], [ -66.133, -44.599 ], [ -66.133, -44.633 ], [ -66.133, -44.666 ], [ -66.099, -44.666 ], [ -66.066, -44.666 ], [ -66.066, -44.699 ], [ -66.099, -44.699 ], [ -66.133, -44.699 ], [ -66.133, -44.733 ], [ -66.166, -44.733 ], [ -66.199, -44.733 ], [ -66.233, -44.733 ], [ -66.233, -44.699 ], [ -66.266, -44.699 ], [ -66.266, -44.733 ], [ -66.299, -44.733 ], [ -66.333, -44.733 ], [ -66.333, -44.766 ], [ -66.366, -44.766 ], [ -66.399, -44.766 ], [ -66.433, -44.766 ], [ -66.466, -44.766 ], [ -66.499, -44.766 ], [ -66.499, -44.733 ], [ -66.533, -44.733 ], [ -66.566, -44.733 ], [ -66.566, -44.766 ], [ -66.599, -44.766 ], [ -66.633, -44.766 ], [ -66.633, -44.799 ], [ -66.633, -44.833 ], [ -66.666, -44.833 ], [ -66.666, -44.866 ], [ -66.699, -44.866 ], [ -66.733, -44.866 ], [ -66.766, -44.866 ], [ -66.766, -44.899 ], [ -66.799, -44.899 ], [ -66.833, -44.899 ], [ -66.833, -44.933 ], [ -66.866, -44.933 ], [ -66.866, -44.966 ], [ -66.899, -44.966 ], [ -66.899, -44.999 ], [ -66.933, -44.999 ], [ -66.966, -44.999 ], [ -66.999, -44.999 ], [ -66.999, -45.033 ], [ -67.033, -45.033 ], [ -67.033, -45.066 ], [ -67.033, -45.099 ], [ -67.033, -45.133 ], [ -67.066, -45.133 ], [ -67.066, -45.166 ], [ -67.099, -45.166 ], [ -67.099, -45.199 ], [ -67.099, -45.233 ], [ -67.133, -45.233 ], [ -67.166, -45.233 ], [ -67.166, -45.266 ], [ -67.199, -45.266 ], [ -67.199, -45.299 ], [ -67.233, -45.299 ], [ -67.266, -45.299 ], [ -67.266, -45.333 ], [ -67.266, -45.366 ], [ -67.299, -45.366 ], [ -67.299, -45.399 ], [ -67.333, -45.399 ], [ -67.333, -45.433 ], [ -67.366, -45.433 ], [ -67.366, -45.466 ], [ -67.333, -45.466 ], [ -67.333, -45.499 ], [ -67.366, -45.499 ], [ -67.399, -45.499 ], [ -67.399, -45.466 ], [ -67.433, -45.466 ], [ -67.433, -45.499 ], [ -67.399, -45.499 ], [ -67.399, -45.533 ], [ -67.399, -45.566 ], [ -67.399, -45.599 ], [ -67.433, -45.599 ], [ -67.466, -45.599 ], [ -67.466, -45.633 ], [ -67.499, -45.633 ], [ -67.533, -45.633 ], [ -67.533, -45.666 ], [ -67.566, -45.666 ], [ -67.566, -45.633 ], [ -67.599, -45.633 ], [ -67.633, -45.633 ], [ -67.633, -45.666 ], [ -67.666, -45.666 ], [ -67.666, -45.699 ], [ -67.699, -45.699 ], [ -67.699, -45.733 ], [ -67.733, -45.733 ], [ -67.766, -45.733 ], [ -67.799, -45.733 ], [ -67.799, -45.766 ], [ -67.799, -45.799 ], [ -67.766, -45.799 ], [ -67.766, -45.833 ], [ -67.799, -45.833 ], [ -67.833, -45.833 ], [ -67.833, -45.866 ], [ -67.833, -45.899 ], [ -67.866, -45.899 ], [ -67.866, -45.866 ], [ -67.899, -45.866 ], [ -67.933, -45.866 ], [ -67.933, -45.899 ], [ -67.899, -45.899 ], [ -67.899, -45.933 ], [ -67.899, -45.966 ], [ -67.866, -45.966 ], [ -67.866, -45.999 ], [ -67.899, -45.999 ], [ -67.933, -45.999 ], [ -67.966, -45.999 ], [ -67.999, -45.999 ], [ -68.033, -45.999 ], [ -68.066, -45.999 ], [ -68.099, -45.999 ], [ -68.133, -45.999 ], [ -68.166, -45.999 ], [ -68.166, -46.033 ], [ -68.166, -46.066 ], [ -68.199, -46.066 ], [ -68.233, -46.066 ], [ -68.266, -46.066 ], [ -68.266, -46.099 ], [ -68.299, -46.099 ], [ -68.299, -46.066 ], [ -68.333, -46.066 ], [ -68.366, -46.066 ], [ -68.366, -46.099 ], [ -68.399, -46.099 ], [ -68.399, -46.133 ], [ -68.433, -46.133 ], [ -68.433, -46.166 ], [ -68.466, -46.166 ], [ -68.499, -46.166 ], [ -68.533, -46.166 ], [ -68.566, -46.166 ], [ -68.599, -46.166 ], [ -68.599, -46.199 ], [ -68.599, -46.233 ], [ -68.633, -46.233 ], [ -68.633, -46.266 ], [ -68.666, -46.266 ], [ -68.666, -46.299 ], [ -68.699, -46.299 ], [ -68.733, -46.299 ], [ -68.733, -46.333 ], [ -68.766, -46.333 ], [ -68.766, -46.366 ], [ -68.766, -46.399 ], [ -68.799, -46.399 ], [ -68.833, -46.399 ], [ -68.866, -46.399 ], [ -68.899, -46.399 ], [ -68.899, -46.433 ], [ -68.933, -46.433 ], [ -68.966, -46.433 ], [ -68.999, -46.433 ], [ -69.033, -46.433 ], [ -69.033, -46.466 ], [ -69.066, -46.466 ], [ -69.066, -46.499 ], [ -69.099, -46.499 ], [ -69.133, -46.499 ], [ -69.133, -46.466 ], [ -69.166, -46.466 ], [ -69.199, -46.466 ], [ -69.199, -46.433 ], [ -69.233, -46.433 ], [ -69.266, -46.433 ], [ -69.299, -46.433 ], [ -69.299, -46.466 ], [ -69.333, -46.466 ], [ -69.366, -46.466 ], [ -69.399, -46.466 ], [ -69.433, -46.466 ], [ -69.433, -46.499 ], [ -69.466, -46.499 ], [ -69.466, -46.533 ], [ -69.499, -46.533 ], [ -69.533, -46.533 ], [ -69.566, -46.533 ], [ -69.566, -46.566 ], [ -69.599, -46.566 ], [ -69.633, -46.566 ], [ -69.633, -46.599 ], [ -69.666, -46.599 ], [ -69.699, -46.599 ], [ -69.733, -46.599 ], [ -69.733, -46.566 ], [ -69.766, -46.566 ], [ -69.766, -46.533 ], [ -69.799, -46.533 ], [ -69.833, -46.533 ], [ -69.833, -46.499 ], [ -69.866, -46.499 ], [ -69.899, -46.499 ], [ -69.933, -46.499 ], [ -69.933, -46.466 ], [ -69.966, -46.466 ], [ -69.999, -46.466 ], [ -70.033, -46.466 ], [ -70.033, -46.433 ], [ -70.033, -46.399 ], [ -70.066, -46.399 ], [ -70.099, -46.399 ], [ -70.099, -46.433 ], [ -70.099, -46.466 ], [ -70.133, -46.466 ], [ -70.166, -46.466 ], [ -70.199, -46.466 ], [ -70.233, -46.466 ], [ -70.266, -46.466 ], [ -70.299, -46.466 ], [ -70.299, -46.499 ], [ -70.333, -46.499 ], [ -70.366, -46.499 ], [ -70.366, -46.533 ], [ -70.366, -46.566 ], [ -70.366, -46.599 ], [ -70.366, -46.633 ], [ -70.399, -46.633 ], [ -70.399, -46.666 ], [ -70.399, -46.699 ], [ -70.433, -46.699 ], [ -70.433, -46.733 ], [ -70.466, -46.733 ], [ -70.466, -46.766 ], [ -70.433, -46.766 ], [ -70.433, -46.733 ], [ -70.399, -46.733 ], [ -70.399, -46.699 ], [ -70.366, -46.699 ], [ -70.333, -46.699 ], [ -70.333, -46.666 ], [ -70.299, -46.666 ], [ -70.266, -46.666 ], [ -70.266, -46.633 ], [ -70.233, -46.633 ], [ -70.233, -46.599 ], [ -70.199, -46.599 ], [ -70.166, -46.599 ], [ -70.133, -46.599 ], [ -70.133, -46.633 ], [ -70.099, -46.633 ], [ -70.066, -46.633 ], [ -70.033, -46.633 ], [ -70.033, -46.666 ], [ -70.033, -46.699 ], [ -70.033, -46.733 ], [ -69.999, -46.733 ], [ -69.999, -46.766 ], [ -69.966, -46.766 ], [ -69.966, -46.799 ], [ -69.933, -46.799 ], [ -69.899, -46.799 ], [ -69.866, -46.799 ], [ -69.866, -46.766 ], [ -69.833, -46.766 ], [ -69.833, -46.799 ], [ -69.799, -46.799 ], [ -69.766, -46.799 ], [ -69.766, -46.833 ], [ -69.733, -46.833 ], [ -69.699, -46.833 ], [ -69.666, -46.833 ], [ -69.666, -46.866 ], [ -69.633, -46.866 ], [ -69.633, -46.833 ], [ -69.599, -46.833 ], [ -69.566, -46.833 ], [ -69.533, -46.833 ], [ -69.533, -46.866 ], [ -69.533, -46.899 ], [ -69.499, -46.899 ], [ -69.466, -46.899 ], [ -69.466, -46.866 ], [ -69.466, -46.833 ], [ -69.433, -46.833 ], [ -69.433, -46.866 ], [ -69.433, -46.899 ], [ -69.399, -46.899 ], [ -69.399, -46.933 ], [ -69.433, -46.933 ], [ -69.466, -46.933 ], [ -69.499, -46.933 ], [ -69.533, -46.933 ], [ -69.533, -46.966 ], [ -69.533, -46.999 ], [ -69.533, -47.033 ], [ -69.533, -47.066 ], [ -69.566, -47.066 ], [ -69.566, -47.099 ], [ -69.566, -47.133 ], [ -69.533, -47.133 ], [ -69.499, -47.133 ], [ -69.466, -47.133 ], [ -69.466, -47.166 ], [ -69.466, -47.199 ], [ -69.499, -47.199 ], [ -69.499, -47.233 ], [ -69.499, -47.266 ], [ -69.533, -47.266 ], [ -69.566, -47.266 ], [ -69.566, -47.299 ], [ -69.566, -47.333 ], [ -69.599, -47.333 ], [ -69.633, -47.333 ], [ -69.633, -47.366 ], [ -69.666, -47.366 ], [ -69.666, -47.333 ], [ -69.666, -47.299 ], [ -69.699, -47.299 ], [ -69.733, -47.299 ], [ -69.766, -47.299 ], [ -69.799, -47.299 ], [ -69.833, -47.299 ], [ -69.833, -47.266 ], [ -69.866, -47.266 ], [ -69.899, -47.266 ], [ -69.899, -47.233 ], [ -69.866, -47.233 ], [ -69.833, -47.233 ], [ -69.799, -47.233 ], [ -69.766, -47.233 ], [ -69.733, -47.233 ], [ -69.733, -47.199 ], [ -69.766, -47.199 ], [ -69.799, -47.199 ], [ -69.799, -47.166 ], [ -69.799, -47.133 ], [ -69.833, -47.133 ], [ -69.833, -47.099 ], [ -69.833, -47.066 ], [ -69.866, -47.066 ], [ -69.866, -47.033 ], [ -69.833, -47.033 ], [ -69.833, -46.999 ], [ -69.866, -46.999 ], [ -69.866, -47.033 ], [ -69.899, -47.033 ], [ -69.933, -47.033 ], [ -69.933, -46.999 ], [ -69.966, -46.999 ], [ -69.966, -46.966 ], [ -69.999, -46.966 ], [ -70.033, -46.966 ], [ -70.033, -46.933 ], [ -70.066, -46.933 ], [ -70.066, -46.899 ], [ -70.099, -46.899 ], [ -70.099, -46.866 ], [ -70.133, -46.866 ], [ -70.133, -46.833 ], [ -70.166, -46.833 ], [ -70.199, -46.833 ], [ -70.233, -46.833 ], [ -70.233, -46.866 ], [ -70.266, -46.866 ], [ -70.299, -46.866 ], [ -70.299, -46.899 ], [ -70.333, -46.899 ], [ -70.333, -46.933 ], [ -70.333, -46.966 ], [ -70.366, -46.966 ], [ -70.399, -46.966 ], [ -70.433, -46.966 ], [ -70.433, -46.999 ], [ -70.466, -46.999 ], [ -70.466, -47.033 ], [ -70.433, -47.033 ], [ -70.433, -47.066 ], [ -70.399, -47.066 ], [ -70.399, -47.099 ], [ -70.433, -47.099 ], [ -70.433, -47.133 ], [ -70.399, -47.133 ], [ -70.399, -47.166 ], [ -70.399, -47.199 ], [ -70.399, -47.233 ], [ -70.433, -47.233 ], [ -70.433, -47.266 ], [ -70.433, -47.299 ], [ -70.466, -47.299 ], [ -70.499, -47.299 ], [ -70.533, -47.299 ], [ -70.533, -47.333 ], [ -70.566, -47.333 ], [ -70.599, -47.333 ], [ -70.633, -47.333 ], [ -70.666, -47.333 ], [ -70.699, -47.333 ], [ -70.733, -47.333 ], [ -70.733, -47.299 ], [ -70.766, -47.299 ], [ -70.766, -47.266 ], [ -70.799, -47.266 ], [ -70.799, -47.233 ], [ -70.766, -47.233 ], [ -70.733, -47.233 ], [ -70.699, -47.233 ], [ -70.666, -47.233 ], [ -70.666, -47.199 ], [ -70.666, -47.166 ], [ -70.699, -47.166 ], [ -70.733, -47.166 ], [ -70.733, -47.199 ], [ -70.766, -47.199 ], [ -70.799, -47.199 ], [ -70.799, -47.233 ], [ -70.833, -47.233 ], [ -70.866, -47.233 ], [ -70.899, -47.233 ], [ -70.899, -47.199 ], [ -70.866, -47.199 ], [ -70.866, -47.166 ], [ -70.833, -47.166 ], [ -70.833, -47.133 ], [ -70.866, -47.133 ], [ -70.866, -47.099 ], [ -70.833, -47.099 ], [ -70.833, -47.066 ], [ -70.799, -47.066 ], [ -70.799, -47.033 ], [ -70.766, -47.033 ], [ -70.766, -46.999 ], [ -70.733, -46.999 ], [ -70.733, -46.966 ], [ -70.766, -46.966 ], [ -70.766, -46.933 ], [ -70.799, -46.933 ], [ -70.799, -46.899 ], [ -70.799, -46.866 ], [ -70.799, -46.833 ], [ -70.833, -46.833 ], [ -70.833, -46.799 ], [ -70.866, -46.799 ], [ -70.866, -46.766 ], [ -70.899, -46.766 ], [ -70.899, -46.733 ], [ -70.933, -46.733 ], [ -70.933, -46.699 ], [ -70.966, -46.699 ], [ -70.966, -46.733 ], [ -70.999, -46.733 ], [ -71.033, -46.733 ], [ -71.066, -46.733 ], [ -71.099, -46.733 ], [ -71.099, -46.699 ], [ -71.133, -46.699 ], [ -71.166, -46.699 ], [ -71.199, -46.699 ], [ -71.199, -46.733 ], [ -71.233, -46.733 ], [ -71.233, -46.699 ], [ -71.266, -46.699 ], [ -71.266, -46.733 ], [ -71.299, -46.733 ], [ -71.333, -46.733 ], [ -71.366, -46.733 ], [ -71.366, -46.699 ], [ -71.333, -46.699 ], [ -71.299, -46.699 ], [ -71.299, -46.666 ], [ -71.266, -46.666 ], [ -71.233, -46.666 ], [ -71.199, -46.666 ], [ -71.166, -46.666 ], [ -71.166, -46.633 ], [ -71.133, -46.633 ], [ -71.133, -46.599 ], [ -71.099, -46.599 ], [ -71.099, -46.566 ], [ -71.099, -46.533 ], [ -71.133, -46.533 ], [ -71.133, -46.499 ], [ -71.166, -46.499 ], [ -71.166, -46.466 ], [ -71.166, -46.433 ], [ -71.199, -46.433 ], [ -71.199, -46.399 ], [ -71.233, -46.399 ], [ -71.266, -46.399 ], [ -71.266, -46.366 ], [ -71.299, -46.366 ], [ -71.333, -46.366 ], [ -71.366, -46.366 ], [ -71.366, -46.333 ], [ -71.399, -46.333 ], [ -71.433, -46.333 ], [ -71.433, -46.299 ], [ -71.466, -46.299 ], [ -71.466, -46.266 ], [ -71.466, -46.233 ], [ -71.499, -46.233 ], [ -71.533, -46.233 ], [ -71.566, -46.233 ], [ -71.566, -46.199 ], [ -71.533, -46.199 ], [ -71.499, -46.199 ], [ -71.466, -46.199 ], [ -71.433, -46.199 ], [ -71.399, -46.199 ], [ -71.366, -46.199 ], [ -71.366, -46.233 ], [ -71.333, -46.233 ], [ -71.299, -46.233 ], [ -71.266, -46.233 ], [ -71.266, -46.266 ], [ -71.233, -46.266 ], [ -71.199, -46.266 ], [ -71.199, -46.299 ], [ -71.166, -46.299 ], [ -71.166, -46.333 ], [ -71.133, -46.333 ], [ -71.099, -46.333 ], [ -71.066, -46.333 ], [ -71.066, -46.366 ], [ -71.033, -46.366 ], [ -71.033, -46.399 ], [ -70.999, -46.399 ], [ -70.999, -46.433 ], [ -70.999, -46.466 ], [ -70.966, -46.466 ], [ -70.933, -46.466 ], [ -70.899, -46.466 ], [ -70.866, -46.466 ], [ -70.833, -46.466 ], [ -70.833, -46.433 ], [ -70.799, -46.433 ], [ -70.799, -46.399 ], [ -70.766, -46.399 ], [ -70.766, -46.433 ], [ -70.733, -46.433 ], [ -70.699, -46.433 ], [ -70.666, -46.433 ], [ -70.666, -46.466 ], [ -70.633, -46.466 ], [ -70.633, -46.433 ], [ -70.633, -46.399 ], [ -70.666, -46.399 ], [ -70.666, -46.366 ], [ -70.633, -46.366 ], [ -70.633, -46.333 ], [ -70.599, -46.333 ], [ -70.599, -46.366 ], [ -70.566, -46.366 ], [ -70.566, -46.399 ], [ -70.533, -46.399 ], [ -70.499, -46.399 ], [ -70.466, -46.399 ], [ -70.466, -46.366 ], [ -70.433, -46.366 ], [ -70.433, -46.333 ], [ -70.466, -46.333 ], [ -70.499, -46.333 ], [ -70.499, -46.299 ], [ -70.499, -46.266 ], [ -70.466, -46.266 ], [ -70.433, -46.266 ], [ -70.433, -46.233 ], [ -70.433, -46.199 ], [ -70.399, -46.199 ], [ -70.366, -46.199 ], [ -70.366, -46.166 ], [ -70.366, -46.133 ], [ -70.366, -46.099 ], [ -70.399, -46.099 ], [ -70.399, -46.066 ], [ -70.433, -46.066 ], [ -70.466, -46.066 ], [ -70.466, -46.033 ], [ -70.499, -46.033 ], [ -70.533, -46.033 ], [ -70.533, -46.066 ], [ -70.566, -46.066 ], [ -70.599, -46.066 ], [ -70.599, -46.099 ], [ -70.633, -46.099 ], [ -70.633, -46.066 ], [ -70.666, -46.066 ], [ -70.666, -46.033 ], [ -70.699, -46.033 ], [ -70.699, -45.999 ], [ -70.733, -45.999 ], [ -70.733, -45.966 ], [ -70.733, -45.933 ], [ -70.766, -45.933 ], [ -70.766, -45.899 ], [ -70.799, -45.899 ], [ -70.799, -45.866 ], [ -70.833, -45.866 ], [ -70.866, -45.866 ], [ -70.866, -45.833 ], [ -70.899, -45.833 ], [ -70.933, -45.833 ], [ -70.933, -45.799 ], [ -70.966, -45.799 ], [ -70.999, -45.799 ], [ -71.033, -45.799 ], [ -71.066, -45.799 ], [ -71.099, -45.799 ], [ -71.099, -45.766 ], [ -71.066, -45.766 ], [ -71.066, -45.733 ], [ -71.099, -45.733 ], [ -71.099, -45.699 ], [ -71.066, -45.699 ], [ -71.066, -45.666 ], [ -71.099, -45.666 ], [ -71.099, -45.633 ], [ -71.066, -45.633 ], [ -71.033, -45.633 ], [ -70.999, -45.633 ], [ -70.999, -45.599 ], [ -71.033, -45.599 ], [ -71.066, -45.599 ], [ -71.066, -45.566 ], [ -71.099, -45.566 ], [ -71.133, -45.566 ], [ -71.166, -45.566 ], [ -71.199, -45.566 ], [ -71.233, -45.566 ], [ -71.233, -45.533 ], [ -71.233, -45.499 ], [ -71.199, -45.499 ], [ -71.166, -45.499 ], [ -71.133, -45.499 ], [ -71.099, -45.499 ], [ -71.099, -45.533 ], [ -71.066, -45.533 ], [ -71.033, -45.533 ], [ -71.033, -45.566 ], [ -70.999, -45.566 ], [ -70.966, -45.566 ], [ -70.933, -45.566 ], [ -70.899, -45.566 ], [ -70.866, -45.566 ], [ -70.866, -45.533 ], [ -70.866, -45.499 ], [ -70.833, -45.499 ], [ -70.833, -45.466 ], [ -70.833, -45.433 ], [ -70.833, -45.399 ], [ -70.866, -45.399 ], [ -70.866, -45.366 ], [ -70.866, -45.333 ], [ -70.833, -45.333 ], [ -70.799, -45.333 ], [ -70.766, -45.333 ], [ -70.766, -45.299 ], [ -70.766, -45.266 ], [ -70.766, -45.233 ], [ -70.766, -45.199 ], [ -70.799, -45.199 ], [ -70.799, -45.166 ], [ -70.833, -45.166 ], [ -70.833, -45.133 ], [ -70.866, -45.133 ], [ -70.866, -45.099 ], [ -70.866, -45.066 ], [ -70.866, -45.033 ], [ -70.866, -44.999 ], [ -70.899, -44.999 ], [ -70.899, -44.966 ], [ -70.866, -44.966 ], [ -70.866, -44.933 ], [ -70.833, -44.933 ], [ -70.833, -44.899 ], [ -70.799, -44.899 ], [ -70.799, -44.866 ], [ -70.799, -44.833 ], [ -70.799, -44.799 ], [ -70.799, -44.766 ], [ -70.799, -44.733 ], [ -70.833, -44.733 ], [ -70.833, -44.699 ], [ -70.866, -44.699 ], [ -70.866, -44.666 ], [ -70.833, -44.666 ], [ -70.799, -44.666 ], [ -70.766, -44.666 ], [ -70.733, -44.666 ], [ -70.733, -44.633 ], [ -70.699, -44.633 ], [ -70.666, -44.633 ], [ -70.633, -44.633 ], [ -70.633, -44.599 ], [ -70.599, -44.599 ], [ -70.599, -44.566 ], [ -70.599, -44.533 ], [ -70.599, -44.499 ], [ -70.633, -44.499 ], [ -70.666, -44.499 ], [ -70.699, -44.499 ], [ -70.733, -44.499 ], [ -70.766, -44.499 ], [ -70.799, -44.499 ], [ -70.833, -44.499 ], [ -70.833, -44.466 ], [ -70.833, -44.433 ], [ -70.799, -44.433 ], [ -70.766, -44.433 ], [ -70.733, -44.433 ], [ -70.733, -44.399 ], [ -70.699, -44.399 ], [ -70.699, -44.366 ], [ -70.666, -44.366 ], [ -70.666, -44.333 ], [ -70.633, -44.333 ], [ -70.633, -44.299 ], [ -70.599, -44.299 ], [ -70.599, -44.266 ], [ -70.599, -44.233 ], [ -70.599, -44.199 ], [ -70.633, -44.199 ], [ -70.633, -44.166 ], [ -70.633, -44.133 ], [ -70.666, -44.133 ], [ -70.666, -44.099 ], [ -70.666, -44.066 ], [ -70.699, -44.066 ], [ -70.733, -44.066 ], [ -70.766, -44.066 ], [ -70.799, -44.066 ], [ -70.799, -44.099 ], [ -70.799, -44.133 ], [ -70.799, -44.166 ], [ -70.833, -44.166 ], [ -70.833, -44.199 ], [ -70.833, -44.233 ], [ -70.866, -44.233 ], [ -70.866, -44.266 ], [ -70.899, -44.266 ], [ -70.933, -44.266 ], [ -70.966, -44.266 ], [ -70.999, -44.266 ], [ -71.033, -44.266 ], [ -71.066, -44.266 ], [ -71.099, -44.266 ], [ -71.133, -44.266 ], [ -71.133, -44.299 ], [ -71.166, -44.299 ], [ -71.199, -44.299 ], [ -71.233, -44.299 ], [ -71.266, -44.299 ], [ -71.266, -44.266 ], [ -71.299, -44.266 ], [ -71.333, -44.266 ], [ -71.333, -44.299 ], [ -71.366, -44.299 ], [ -71.399, -44.299 ], [ -71.399, -44.333 ], [ -71.433, -44.333 ], [ -71.433, -44.299 ], [ -71.466, -44.299 ], [ -71.499, -44.299 ], [ -71.533, -44.299 ], [ -71.566, -44.299 ], [ -71.566, -44.333 ], [ -71.566, -44.366 ], [ -71.599, -44.366 ], [ -71.633, -44.366 ], [ -71.633, -44.333 ], [ -71.666, -44.333 ], [ -71.666, -44.299 ], [ -71.699, -44.299 ], [ -71.699, -44.266 ], [ -71.666, -44.266 ], [ -71.633, -44.266 ], [ -71.633, -44.299 ], [ -71.599, -44.299 ], [ -71.599, -44.266 ], [ -71.599, -44.233 ], [ -71.566, -44.233 ], [ -71.566, -44.199 ], [ -71.566, -44.166 ], [ -71.599, -44.166 ], [ -71.633, -44.166 ], [ -71.666, -44.166 ], [ -71.699, -44.166 ], [ -71.699, -44.133 ], [ -71.666, -44.133 ], [ -71.633, -44.133 ], [ -71.633, -44.099 ], [ -71.633, -44.066 ], [ -71.599, -44.066 ], [ -71.599, -44.033 ], [ -71.566, -44.033 ], [ -71.566, -44.066 ], [ -71.533, -44.066 ], [ -71.533, -44.033 ], [ -71.499, -44.033 ], [ -71.499, -44.066 ], [ -71.466, -44.066 ], [ -71.466, -44.099 ], [ -71.433, -44.099 ], [ -71.433, -44.133 ], [ -71.399, -44.133 ], [ -71.366, -44.133 ], [ -71.333, -44.133 ], [ -71.333, -44.099 ], [ -71.299, -44.099 ], [ -71.299, -44.133 ], [ -71.266, -44.133 ], [ -71.233, -44.133 ], [ -71.199, -44.133 ], [ -71.166, -44.133 ], [ -71.166, -44.099 ], [ -71.133, -44.099 ], [ -71.099, -44.099 ], [ -71.066, -44.099 ], [ -71.066, -44.066 ], [ -71.099, -44.066 ], [ -71.133, -44.066 ], [ -71.133, -44.033 ], [ -71.166, -44.033 ], [ -71.166, -43.999 ], [ -71.166, -43.966 ], [ -71.133, -43.966 ], [ -71.133, -43.933 ], [ -71.133, -43.899 ], [ -71.133, -43.866 ], [ -71.166, -43.866 ], [ -71.199, -43.866 ], [ -71.233, -43.866 ], [ -71.233, -43.899 ], [ -71.266, -43.899 ], [ -71.266, -43.933 ], [ -71.266, -43.966 ], [ -71.266, -43.999 ], [ -71.299, -43.999 ], [ -71.333, -43.999 ], [ -71.366, -43.999 ], [ -71.399, -43.999 ], [ -71.433, -43.999 ], [ -71.466, -43.999 ], [ -71.499, -43.999 ], [ -71.533, -43.999 ], [ -71.533, -43.966 ], [ -71.566, -43.966 ], [ -71.599, -43.966 ], [ -71.633, -43.966 ], [ -71.665, -43.966 ], [ -71.661, -43.961 ], [ -71.659, -43.957 ], [ -71.657, -43.954 ], [ -71.655, -43.951 ], [ -71.652, -43.949 ], [ -71.649, -43.947 ], [ -71.646, -43.942 ], [ -71.646, -43.939 ], [ -71.646, -43.935 ], [ -71.647, -43.933 ], [ -71.633, -43.933 ], [ -71.599, -43.933 ], [ -71.566, -43.933 ], [ -71.566, -43.899 ], [ -71.533, -43.899 ], [ -71.499, -43.899 ], [ -71.466, -43.899 ], [ -71.466, -43.866 ], [ -71.433, -43.866 ], [ -71.399, -43.866 ], [ -71.366, -43.866 ], [ -71.366, -43.833 ], [ -71.366, -43.799 ], [ -71.399, -43.799 ], [ -71.399, -43.766 ], [ -71.399, -43.733 ], [ -71.433, -43.733 ], [ -71.433, -43.699 ], [ -71.433, -43.666 ], [ -71.399, -43.666 ], [ -71.366, -43.666 ], [ -71.333, -43.666 ], [ -71.299, -43.666 ], [ -71.266, -43.666 ], [ -71.266, -43.633 ], [ -71.233, -43.633 ], [ -71.233, -43.599 ], [ -71.266, -43.599 ], [ -71.266, -43.566 ], [ -71.266, -43.533 ], [ -71.299, -43.533 ], [ -71.299, -43.499 ], [ -71.333, -43.499 ], [ -71.366, -43.499 ], [ -71.366, -43.533 ], [ -71.399, -43.533 ], [ -71.399, -43.566 ], [ -71.399, -43.599 ], [ -71.433, -43.599 ], [ -71.433, -43.566 ], [ -71.466, -43.566 ], [ -71.466, -43.533 ], [ -71.499, -43.533 ], [ -71.533, -43.533 ], [ -71.533, -43.499 ], [ -71.566, -43.499 ], [ -71.599, -43.499 ], [ -71.633, -43.499 ], [ -71.666, -43.499 ], [ -71.666, -43.466 ], [ -71.666, -43.433 ], [ -71.666, -43.399 ], [ -71.633, -43.399 ], [ -71.599, -43.399 ], [ -71.566, -43.399 ], [ -71.566, -43.433 ], [ -71.533, -43.433 ], [ -71.533, -43.466 ], [ -71.499, -43.466 ], [ -71.466, -43.466 ], [ -71.433, -43.466 ], [ -71.399, -43.466 ], [ -71.366, -43.466 ], [ -71.333, -43.466 ], [ -71.299, -43.466 ], [ -71.266, -43.466 ], [ -71.266, -43.499 ], [ -71.233, -43.499 ], [ -71.199, -43.499 ], [ -71.199, -43.533 ], [ -71.166, -43.533 ], [ -71.133, -43.533 ], [ -71.133, -43.566 ], [ -71.099, -43.566 ], [ -71.099, -43.533 ], [ -71.099, -43.499 ], [ -71.066, -43.499 ], [ -71.066, -43.466 ], [ -71.099, -43.466 ], [ -71.099, -43.433 ], [ -71.066, -43.433 ], [ -71.066, -43.399 ], [ -71.066, -43.366 ], [ -71.033, -43.366 ], [ -71.033, -43.333 ], [ -71.033, -43.299 ], [ -71.033, -43.266 ], [ -71.066, -43.266 ], [ -71.099, -43.266 ], [ -71.133, -43.266 ], [ -71.166, -43.266 ], [ -71.166, -43.299 ], [ -71.199, -43.299 ], [ -71.199, -43.266 ], [ -71.199, -43.233 ], [ -71.166, -43.233 ], [ -71.166, -43.199 ], [ -71.199, -43.199 ], [ -71.199, -43.166 ], [ -71.233, -43.166 ], [ -71.266, -43.166 ], [ -71.299, -43.166 ], [ -71.299, -43.133 ], [ -71.333, -43.133 ], [ -71.333, -43.099 ], [ -71.366, -43.099 ], [ -71.366, -43.133 ], [ -71.399, -43.133 ], [ -71.399, -43.099 ], [ -71.433, -43.099 ], [ -71.466, -43.099 ], [ -71.466, -43.066 ], [ -71.499, -43.066 ], [ -71.499, -43.033 ], [ -71.499, -42.999 ], [ -71.466, -42.999 ], [ -71.466, -43.033 ], [ -71.433, -43.033 ], [ -71.433, -43.066 ], [ -71.399, -43.066 ], [ -71.399, -43.033 ], [ -71.433, -43.033 ], [ -71.433, -42.999 ], [ -71.399, -42.999 ], [ -71.366, -42.999 ], [ -71.366, -42.966 ], [ -71.333, -42.966 ], [ -71.333, -42.933 ], [ -71.299, -42.933 ], [ -71.266, -42.933 ], [ -71.266, -42.899 ], [ -71.233, -42.899 ], [ -71.199, -42.899 ], [ -71.166, -42.899 ], [ -71.133, -42.899 ], [ -71.133, -42.866 ], [ -71.133, -42.833 ], [ -71.133, -42.799 ], [ -71.099, -42.799 ], [ -71.066, -42.799 ], [ -71.066, -42.766 ], [ -71.099, -42.766 ], [ -71.099, -42.733 ], [ -71.066, -42.733 ], [ -71.066, -42.699 ], [ -71.033, -42.699 ], [ -71.033, -42.666 ], [ -71.066, -42.666 ], [ -71.099, -42.666 ], [ -71.099, -42.633 ], [ -71.133, -42.633 ], [ -71.133, -42.599 ], [ -71.133, -42.566 ], [ -71.166, -42.566 ], [ -71.166, -42.533 ], [ -71.133, -42.533 ], [ -71.133, -42.499 ], [ -71.133, -42.466 ], [ -71.133, -42.433 ], [ -71.133, -42.399 ], [ -71.099, -42.399 ], [ -71.099, -42.433 ], [ -71.099, -42.466 ], [ -71.099, -42.499 ], [ -71.099, -42.533 ], [ -71.066, -42.533 ], [ -71.066, -42.499 ], [ -71.033, -42.499 ], [ -71.033, -42.466 ], [ -71.033, -42.433 ], [ -70.999, -42.433 ], [ -70.999, -42.466 ], [ -70.999, -42.499 ], [ -70.999, -42.533 ], [ -70.999, -42.566 ], [ -70.966, -42.566 ], [ -70.933, -42.566 ], [ -70.899, -42.566 ], [ -70.866, -42.566 ], [ -70.866, -42.599 ], [ -70.833, -42.599 ], [ -70.799, -42.599 ], [ -70.799, -42.566 ], [ -70.833, -42.566 ], [ -70.866, -42.566 ], [ -70.866, -42.533 ], [ -70.899, -42.533 ], [ -70.899, -42.499 ], [ -70.899, -42.466 ], [ -70.866, -42.466 ], [ -70.866, -42.433 ], [ -70.866, -42.399 ], [ -70.833, -42.399 ], [ -70.833, -42.433 ], [ -70.799, -42.433 ], [ -70.766, -42.433 ], [ -70.733, -42.433 ], [ -70.699, -42.433 ], [ -70.666, -42.433 ], [ -70.666, -42.466 ], [ -70.633, -42.466 ], [ -70.633, -42.499 ], [ -70.633, -42.533 ], [ -70.666, -42.533 ], [ -70.699, -42.533 ], [ -70.733, -42.533 ], [ -70.733, -42.566 ], [ -70.699, -42.566 ], [ -70.699, -42.599 ], [ -70.666, -42.599 ], [ -70.666, -42.633 ], [ -70.633, -42.633 ], [ -70.599, -42.633 ], [ -70.599, -42.666 ], [ -70.633, -42.666 ], [ -70.633, -42.699 ], [ -70.666, -42.699 ], [ -70.666, -42.733 ], [ -70.633, -42.733 ], [ -70.599, -42.733 ], [ -70.599, -42.766 ], [ -70.599, -42.799 ], [ -70.633, -42.799 ], [ -70.633, -42.833 ], [ -70.666, -42.833 ], [ -70.666, -42.866 ], [ -70.666, -42.899 ], [ -70.699, -42.899 ], [ -70.699, -42.933 ], [ -70.733, -42.933 ], [ -70.766, -42.933 ], [ -70.766, -42.966 ], [ -70.799, -42.966 ] ], [ [ -68.899, -43.133 ], [ -68.899, -43.099 ], [ -68.933, -43.099 ], [ -68.933, -43.133 ], [ -68.899, -43.133 ] ], [ [ -67.566, -42.766 ], [ -67.566, -42.799 ], [ -67.533, -42.799 ], [ -67.533, -42.766 ], [ -67.566, -42.766 ] ], [ [ -70.899, -42.733 ], [ -70.899, -42.699 ], [ -70.866, -42.699 ], [ -70.833, -42.699 ], [ -70.833, -42.666 ], [ -70.866, -42.666 ], [ -70.866, -42.633 ], [ -70.899, -42.633 ], [ -70.899, -42.599 ], [ -70.933, -42.599 ], [ -70.966, -42.599 ], [ -70.966, -42.633 ], [ -70.933, -42.633 ], [ -70.933, -42.666 ], [ -70.933, -42.699 ], [ -70.933, -42.733 ], [ -70.899, -42.733 ] ], [ [ -71.199, -43.033 ], [ -71.199, -42.999 ], [ -71.199, -42.966 ], [ -71.233, -42.966 ], [ -71.266, -42.966 ], [ -71.299, -42.966 ], [ -71.299, -42.999 ], [ -71.333, -42.999 ], [ -71.333, -43.033 ], [ -71.366, -43.033 ], [ -71.366, -43.066 ], [ -71.333, -43.066 ], [ -71.299, -43.066 ], [ -71.266, -43.066 ], [ -71.266, -43.099 ], [ -71.266, -43.133 ], [ -71.233, -43.133 ], [ -71.199, -43.133 ], [ -71.166, -43.133 ], [ -71.133, -43.133 ], [ -71.133, -43.099 ], [ -71.133, -43.066 ], [ -71.133, -43.033 ], [ -71.166, -43.033 ], [ -71.199, -43.033 ] ], [ [ -70.799, -43.133 ], [ -70.799, -43.099 ], [ -70.799, -43.066 ], [ -70.833, -43.066 ], [ -70.866, -43.066 ], [ -70.899, -43.066 ], [ -70.933, -43.066 ], [ -70.966, -43.066 ], [ -70.966, -43.099 ], [ -70.999, -43.099 ], [ -70.999, -43.133 ], [ -71.033, -43.133 ], [ -71.033, -43.166 ], [ -71.066, -43.166 ], [ -71.066, -43.199 ], [ -71.099, -43.199 ], [ -71.099, -43.233 ], [ -71.066, -43.233 ], [ -71.033, -43.233 ], [ -70.999, -43.233 ], [ -70.999, -43.199 ], [ -70.966, -43.199 ], [ -70.933, -43.199 ], [ -70.933, -43.166 ], [ -70.966, -43.166 ], [ -70.966, -43.133 ], [ -70.966, -43.099 ], [ -70.933, -43.099 ], [ -70.933, -43.133 ], [ -70.899, -43.133 ], [ -70.899, -43.166 ], [ -70.899, -43.199 ], [ -70.899, -43.233 ], [ -70.899, -43.266 ], [ -70.899, -43.299 ], [ -70.866, -43.299 ], [ -70.866, -43.266 ], [ -70.866, -43.233 ], [ -70.833, -43.233 ], [ -70.833, -43.199 ], [ -70.833, -43.166 ], [ -70.833, -43.133 ], [ -70.799, -43.133 ], [ -70.799, -43.166 ], [ -70.799, -43.199 ], [ -70.799, -43.233 ], [ -70.799, -43.266 ], [ -70.833, -43.266 ], [ -70.833, -43.299 ], [ -70.833, -43.333 ], [ -70.833, -43.366 ], [ -70.799, -43.366 ], [ -70.799, -43.399 ], [ -70.766, -43.399 ], [ -70.766, -43.433 ], [ -70.766, -43.466 ], [ -70.733, -43.466 ], [ -70.733, -43.499 ], [ -70.733, -43.533 ], [ -70.733, -43.566 ], [ -70.766, -43.566 ], [ -70.799, -43.566 ], [ -70.799, -43.599 ], [ -70.799, -43.633 ], [ -70.799, -43.666 ], [ -70.833, -43.666 ], [ -70.833, -43.699 ], [ -70.833, -43.733 ], [ -70.866, -43.733 ], [ -70.866, -43.766 ], [ -70.866, -43.799 ], [ -70.866, -43.833 ], [ -70.866, -43.866 ], [ -70.899, -43.866 ], [ -70.899, -43.899 ], [ -70.866, -43.899 ], [ -70.866, -43.933 ], [ -70.833, -43.933 ], [ -70.799, -43.933 ], [ -70.766, -43.933 ], [ -70.733, -43.933 ], [ -70.733, -43.899 ], [ -70.733, -43.866 ], [ -70.699, -43.866 ], [ -70.666, -43.866 ], [ -70.633, -43.866 ], [ -70.633, -43.833 ], [ -70.633, -43.799 ], [ -70.633, -43.766 ], [ -70.666, -43.766 ], [ -70.666, -43.733 ], [ -70.633, -43.733 ], [ -70.633, -43.699 ], [ -70.599, -43.699 ], [ -70.599, -43.666 ], [ -70.633, -43.666 ], [ -70.666, -43.666 ], [ -70.666, -43.633 ], [ -70.666, -43.599 ], [ -70.666, -43.566 ], [ -70.666, -43.533 ], [ -70.666, -43.499 ], [ -70.633, -43.499 ], [ -70.599, -43.499 ], [ -70.599, -43.466 ], [ -70.599, -43.433 ], [ -70.633, -43.433 ], [ -70.633, -43.399 ], [ -70.666, -43.399 ], [ -70.666, -43.366 ], [ -70.666, -43.333 ], [ -70.633, -43.333 ], [ -70.633, -43.299 ], [ -70.633, -43.266 ], [ -70.633, -43.233 ], [ -70.666, -43.233 ], [ -70.666, -43.199 ], [ -70.699, -43.199 ], [ -70.699, -43.166 ], [ -70.699, -43.133 ], [ -70.699, -43.099 ], [ -70.699, -43.066 ], [ -70.733, -43.066 ], [ -70.766, -43.066 ], [ -70.766, -43.099 ], [ -70.766, -43.133 ], [ -70.799, -43.133 ] ], [ [ -69.866, -43.599 ], [ -69.866, -43.633 ], [ -69.833, -43.633 ], [ -69.833, -43.666 ], [ -69.833, -43.699 ], [ -69.833, -43.733 ], [ -69.833, -43.766 ], [ -69.833, -43.799 ], [ -69.799, -43.799 ], [ -69.799, -43.833 ], [ -69.799, -43.866 ], [ -69.766, -43.866 ], [ -69.766, -43.899 ], [ -69.733, -43.899 ], [ -69.699, -43.899 ], [ -69.666, -43.899 ], [ -69.666, -43.866 ], [ -69.633, -43.866 ], [ -69.599, -43.866 ], [ -69.599, -43.833 ], [ -69.599, -43.799 ], [ -69.599, -43.766 ], [ -69.633, -43.766 ], [ -69.633, -43.733 ], [ -69.666, -43.733 ], [ -69.699, -43.733 ], [ -69.699, -43.699 ], [ -69.733, -43.699 ], [ -69.733, -43.666 ], [ -69.766, -43.666 ], [ -69.766, -43.633 ], [ -69.766, -43.599 ], [ -69.799, -43.599 ], [ -69.799, -43.566 ], [ -69.833, -43.566 ], [ -69.833, -43.599 ], [ -69.866, -43.599 ] ], [ [ -69.399, -44.899 ], [ -69.366, -44.899 ], [ -69.366, -44.933 ], [ -69.366, -44.966 ], [ -69.333, -44.966 ], [ -69.299, -44.966 ], [ -69.299, -44.933 ], [ -69.299, -44.899 ], [ -69.299, -44.866 ], [ -69.333, -44.866 ], [ -69.366, -44.866 ], [ -69.399, -44.866 ], [ -69.399, -44.899 ], [ -69.433, -44.899 ], [ -69.433, -44.866 ], [ -69.433, -44.833 ], [ -69.399, -44.833 ], [ -69.399, -44.799 ], [ -69.399, -44.766 ], [ -69.366, -44.766 ], [ -69.366, -44.733 ], [ -69.399, -44.733 ], [ -69.399, -44.699 ], [ -69.399, -44.666 ], [ -69.433, -44.666 ], [ -69.433, -44.633 ], [ -69.433, -44.599 ], [ -69.466, -44.599 ], [ -69.466, -44.566 ], [ -69.466, -44.533 ], [ -69.466, -44.499 ], [ -69.466, -44.466 ], [ -69.466, -44.433 ], [ -69.433, -44.433 ], [ -69.433, -44.399 ], [ -69.399, -44.399 ], [ -69.399, -44.366 ], [ -69.366, -44.366 ], [ -69.366, -44.333 ], [ -69.366, -44.299 ], [ -69.366, -44.266 ], [ -69.366, -44.233 ], [ -69.366, -44.199 ], [ -69.366, -44.166 ], [ -69.366, -44.133 ], [ -69.366, -44.099 ], [ -69.366, -44.066 ], [ -69.366, -44.033 ], [ -69.399, -44.033 ], [ -69.433, -44.033 ], [ -69.433, -43.999 ], [ -69.466, -43.999 ], [ -69.466, -43.966 ], [ -69.466, -43.933 ], [ -69.466, -43.899 ], [ -69.433, -43.899 ], [ -69.433, -43.866 ], [ -69.466, -43.866 ], [ -69.499, -43.866 ], [ -69.533, -43.866 ], [ -69.566, -43.866 ], [ -69.566, -43.899 ], [ -69.566, -43.933 ], [ -69.599, -43.933 ], [ -69.599, -43.966 ], [ -69.599, -43.999 ], [ -69.633, -43.999 ], [ -69.666, -43.999 ], [ -69.699, -43.999 ], [ -69.733, -43.999 ], [ -69.766, -43.999 ], [ -69.799, -43.999 ], [ -69.833, -43.999 ], [ -69.833, -43.966 ], [ -69.833, -43.933 ], [ -69.833, -43.899 ], [ -69.833, -43.866 ], [ -69.866, -43.866 ], [ -69.866, -43.833 ], [ -69.899, -43.833 ], [ -69.933, -43.833 ], [ -69.933, -43.866 ], [ -69.966, -43.866 ], [ -69.999, -43.866 ], [ -69.999, -43.833 ], [ -70.033, -43.833 ], [ -70.033, -43.866 ], [ -70.066, -43.866 ], [ -70.066, -43.833 ], [ -70.099, -43.833 ], [ -70.133, -43.833 ], [ -70.166, -43.833 ], [ -70.199, -43.833 ], [ -70.233, -43.833 ], [ -70.233, -43.866 ], [ -70.266, -43.866 ], [ -70.266, -43.899 ], [ -70.299, -43.899 ], [ -70.299, -43.866 ], [ -70.333, -43.866 ], [ -70.366, -43.866 ], [ -70.366, -43.833 ], [ -70.399, -43.833 ], [ -70.433, -43.833 ], [ -70.466, -43.833 ], [ -70.466, -43.866 ], [ -70.466, -43.899 ], [ -70.466, -43.933 ], [ -70.466, -43.966 ], [ -70.433, -43.966 ], [ -70.399, -43.966 ], [ -70.399, -43.933 ], [ -70.366, -43.933 ], [ -70.333, -43.933 ], [ -70.333, -43.966 ], [ -70.366, -43.966 ], [ -70.366, -43.999 ], [ -70.399, -43.999 ], [ -70.399, -44.033 ], [ -70.366, -44.033 ], [ -70.366, -44.066 ], [ -70.333, -44.066 ], [ -70.299, -44.066 ], [ -70.266, -44.066 ], [ -70.233, -44.066 ], [ -70.199, -44.066 ], [ -70.199, -44.099 ], [ -70.199, -44.133 ], [ -70.166, -44.133 ], [ -70.133, -44.133 ], [ -70.099, -44.133 ], [ -70.066, -44.133 ], [ -70.033, -44.133 ], [ -69.999, -44.133 ], [ -69.999, -44.099 ], [ -69.966, -44.099 ], [ -69.933, -44.099 ], [ -69.933, -44.066 ], [ -69.899, -44.066 ], [ -69.866, -44.066 ], [ -69.833, -44.066 ], [ -69.833, -44.099 ], [ -69.833, -44.133 ], [ -69.833, -44.166 ], [ -69.866, -44.166 ], [ -69.866, -44.199 ], [ -69.866, -44.233 ], [ -69.866, -44.266 ], [ -69.866, -44.299 ], [ -69.866, -44.333 ], [ -69.833, -44.333 ], [ -69.833, -44.366 ], [ -69.833, -44.399 ], [ -69.799, -44.399 ], [ -69.799, -44.433 ], [ -69.799, -44.466 ], [ -69.799, -44.499 ], [ -69.799, -44.533 ], [ -69.799, -44.566 ], [ -69.799, -44.599 ], [ -69.833, -44.599 ], [ -69.833, -44.633 ], [ -69.799, -44.633 ], [ -69.799, -44.666 ], [ -69.799, -44.699 ], [ -69.833, -44.699 ], [ -69.833, -44.733 ], [ -69.866, -44.733 ], [ -69.866, -44.766 ], [ -69.866, -44.799 ], [ -69.866, -44.833 ], [ -69.833, -44.833 ], [ -69.833, -44.866 ], [ -69.866, -44.866 ], [ -69.866, -44.899 ], [ -69.866, -44.933 ], [ -69.899, -44.933 ], [ -69.899, -44.966 ], [ -69.899, -44.999 ], [ -69.866, -44.999 ], [ -69.833, -44.999 ], [ -69.799, -44.999 ], [ -69.766, -44.999 ], [ -69.766, -45.033 ], [ -69.766, -45.066 ], [ -69.766, -45.099 ], [ -69.766, -45.133 ], [ -69.766, -45.166 ], [ -69.766, -45.199 ], [ -69.766, -45.233 ], [ -69.766, -45.266 ], [ -69.766, -45.299 ], [ -69.766, -45.333 ], [ -69.766, -45.366 ], [ -69.733, -45.366 ], [ -69.699, -45.366 ], [ -69.699, -45.399 ], [ -69.666, -45.399 ], [ -69.666, -45.366 ], [ -69.633, -45.366 ], [ -69.599, -45.366 ], [ -69.566, -45.366 ], [ -69.566, -45.399 ], [ -69.533, -45.399 ], [ -69.533, -45.366 ], [ -69.499, -45.366 ], [ -69.499, -45.333 ], [ -69.533, -45.333 ], [ -69.533, -45.299 ], [ -69.566, -45.299 ], [ -69.599, -45.299 ], [ -69.599, -45.266 ], [ -69.599, -45.233 ], [ -69.599, -45.199 ], [ -69.566, -45.199 ], [ -69.566, -45.166 ], [ -69.533, -45.166 ], [ -69.533, -45.199 ], [ -69.499, -45.199 ], [ -69.499, -45.166 ], [ -69.466, -45.166 ], [ -69.433, -45.166 ], [ -69.399, -45.166 ], [ -69.399, -45.133 ], [ -69.366, -45.133 ], [ -69.333, -45.133 ], [ -69.333, -45.099 ], [ -69.333, -45.066 ], [ -69.366, -45.066 ], [ -69.366, -45.033 ], [ -69.366, -44.999 ], [ -69.399, -44.999 ], [ -69.399, -44.966 ], [ -69.399, -44.933 ], [ -69.399, -44.899 ] ], [ [ -69.266, -45.099 ], [ -69.266, -45.133 ], [ -69.233, -45.133 ], [ -69.233, -45.099 ], [ -69.266, -45.099 ] ], [ [ -70.166, -44.733 ], [ -70.166, -44.699 ], [ -70.166, -44.666 ], [ -70.166, -44.633 ], [ -70.166, -44.599 ], [ -70.166, -44.566 ], [ -70.166, -44.533 ], [ -70.133, -44.533 ], [ -70.133, -44.566 ], [ -70.099, -44.566 ], [ -70.099, -44.599 ], [ -70.066, -44.599 ], [ -70.066, -44.633 ], [ -70.033, -44.633 ], [ -70.033, -44.666 ], [ -70.033, -44.699 ], [ -69.999, -44.699 ], [ -69.999, -44.733 ], [ -69.966, -44.733 ], [ -69.933, -44.733 ], [ -69.899, -44.733 ], [ -69.899, -44.699 ], [ -69.899, -44.666 ], [ -69.933, -44.666 ], [ -69.933, -44.633 ], [ -69.966, -44.633 ], [ -69.999, -44.633 ], [ -69.999, -44.599 ], [ -70.033, -44.599 ], [ -70.033, -44.566 ], [ -69.999, -44.566 ], [ -69.999, -44.533 ], [ -70.033, -44.533 ], [ -70.033, -44.499 ], [ -70.033, -44.466 ], [ -70.066, -44.466 ], [ -70.099, -44.466 ], [ -70.133, -44.466 ], [ -70.166, -44.466 ], [ -70.166, -44.433 ], [ -70.199, -44.433 ], [ -70.233, -44.433 ], [ -70.233, -44.399 ], [ -70.266, -44.399 ], [ -70.266, -44.366 ], [ -70.299, -44.366 ], [ -70.299, -44.333 ], [ -70.333, -44.333 ], [ -70.366, -44.333 ], [ -70.366, -44.299 ], [ -70.366, -44.266 ], [ -70.399, -44.266 ], [ -70.399, -44.233 ], [ -70.399, -44.199 ], [ -70.433, -44.199 ], [ -70.433, -44.233 ], [ -70.433, -44.266 ], [ -70.433, -44.299 ], [ -70.433, -44.333 ], [ -70.433, -44.366 ], [ -70.433, -44.399 ], [ -70.433, -44.433 ], [ -70.433, -44.466 ], [ -70.399, -44.466 ], [ -70.399, -44.499 ], [ -70.366, -44.499 ], [ -70.366, -44.533 ], [ -70.333, -44.533 ], [ -70.333, -44.566 ], [ -70.299, -44.566 ], [ -70.299, -44.599 ], [ -70.266, -44.599 ], [ -70.266, -44.633 ], [ -70.233, -44.633 ], [ -70.199, -44.633 ], [ -70.199, -44.666 ], [ -70.199, -44.699 ], [ -70.199, -44.733 ], [ -70.166, -44.733 ] ], [ [ -70.333, -44.233 ], [ -70.333, -44.266 ], [ -70.299, -44.266 ], [ -70.266, -44.266 ], [ -70.233, -44.266 ], [ -70.233, -44.299 ], [ -70.199, -44.299 ], [ -70.199, -44.266 ], [ -70.166, -44.266 ], [ -70.133, -44.266 ], [ -70.099, -44.266 ], [ -70.099, -44.233 ], [ -70.099, -44.199 ], [ -70.133, -44.199 ], [ -70.166, -44.199 ], [ -70.199, -44.199 ], [ -70.199, -44.166 ], [ -70.233, -44.166 ], [ -70.233, -44.133 ], [ -70.266, -44.133 ], [ -70.266, -44.099 ], [ -70.299, -44.099 ], [ -70.333, -44.099 ], [ -70.366, -44.099 ], [ -70.399, -44.099 ], [ -70.399, -44.133 ], [ -70.399, -44.166 ], [ -70.366, -44.166 ], [ -70.366, -44.199 ], [ -70.333, -44.199 ], [ -70.333, -44.233 ] ], [ [ -70.966, -43.966 ], [ -70.966, -43.933 ], [ -70.933, -43.933 ], [ -70.933, -43.899 ], [ -70.933, -43.866 ], [ -70.966, -43.866 ], [ -70.966, -43.833 ], [ -70.999, -43.833 ], [ -70.999, -43.799 ], [ -71.033, -43.799 ], [ -71.066, -43.799 ], [ -71.066, -43.833 ], [ -71.066, -43.866 ], [ -71.066, -43.899 ], [ -71.066, -43.933 ], [ -71.033, -43.933 ], [ -71.033, -43.966 ], [ -70.999, -43.966 ], [ -70.966, -43.966 ] ], [ [ -69.899, -43.799 ], [ -69.899, -43.766 ], [ -69.933, -43.766 ], [ -69.966, -43.766 ], [ -69.966, -43.799 ], [ -69.933, -43.799 ], [ -69.899, -43.799 ] ], [ [ -70.399, -43.699 ], [ -70.399, -43.666 ], [ -70.433, -43.666 ], [ -70.466, -43.666 ], [ -70.499, -43.666 ], [ -70.499, -43.699 ], [ -70.499, -43.733 ], [ -70.466, -43.733 ], [ -70.433, -43.733 ], [ -70.433, -43.699 ], [ -70.399, -43.699 ] ], [ [ -71.266, -43.766 ], [ -71.266, -43.733 ], [ -71.299, -43.733 ], [ -71.299, -43.766 ], [ -71.266, -43.766 ] ], [ [ -71.133, -43.733 ], [ -71.133, -43.766 ], [ -71.099, -43.766 ], [ -71.066, -43.766 ], [ -71.066, -43.733 ], [ -71.066, -43.699 ], [ -71.099, -43.699 ], [ -71.133, -43.699 ], [ -71.166, -43.699 ], [ -71.166, -43.733 ], [ -71.133, -43.733 ] ], [ [ -70.133, -45.633 ], [ -70.133, -45.666 ], [ -70.099, -45.666 ], [ -70.099, -45.633 ], [ -70.133, -45.633 ] ], [ [ -69.899, -46.066 ], [ -69.899, -46.099 ], [ -69.866, -46.099 ], [ -69.866, -46.066 ], [ -69.899, -46.066 ], [ -69.899, -46.033 ], [ -69.933, -46.033 ], [ -69.933, -46.066 ], [ -69.899, -46.066 ] ], [ [ -70.899, -46.666 ], [ -70.899, -46.699 ], [ -70.866, -46.699 ], [ -70.866, -46.666 ], [ -70.899, -46.666 ] ], [ [ -70.499, -46.799 ], [ -70.499, -46.833 ], [ -70.466, -46.833 ], [ -70.466, -46.799 ], [ -70.499, -46.799 ], [ -70.499, -46.766 ], [ -70.533, -46.766 ], [ -70.533, -46.733 ], [ -70.566, -46.733 ], [ -70.599, -46.733 ], [ -70.599, -46.766 ], [ -70.566, -46.766 ], [ -70.566, -46.799 ], [ -70.533, -46.799 ], [ -70.499, -46.799 ] ], [ [ -70.699, -47.099 ], [ -70.699, -47.133 ], [ -70.666, -47.133 ], [ -70.633, -47.133 ], [ -70.633, -47.166 ], [ -70.599, -47.166 ], [ -70.566, -47.166 ], [ -70.566, -47.133 ], [ -70.566, -47.099 ], [ -70.566, -47.066 ], [ -70.533, -47.066 ], [ -70.533, -47.033 ], [ -70.566, -47.033 ], [ -70.566, -46.999 ], [ -70.599, -46.999 ], [ -70.633, -46.999 ], [ -70.633, -47.033 ], [ -70.666, -47.033 ], [ -70.699, -47.033 ], [ -70.699, -47.066 ], [ -70.699, -47.099 ] ], [ [ -70.533, -47.133 ], [ -70.533, -47.166 ], [ -70.499, -47.166 ], [ -70.499, -47.133 ], [ -70.533, -47.133 ] ], [ [ -69.733, -47.066 ], [ -69.733, -47.099 ], [ -69.699, -47.099 ], [ -69.699, -47.066 ], [ -69.733, -47.066 ] ], [ [ -69.566, -45.799 ], [ -69.599, -45.799 ], [ -69.633, -45.799 ], [ -69.666, -45.799 ], [ -69.666, -45.833 ], [ -69.633, -45.833 ], [ -69.599, -45.833 ], [ -69.566, -45.833 ], [ -69.566, -45.799 ], [ -69.533, -45.799 ], [ -69.499, -45.799 ], [ -69.466, -45.799 ], [ -69.466, -45.766 ], [ -69.433, -45.766 ], [ -69.433, -45.799 ], [ -69.399, -45.799 ], [ -69.399, -45.766 ], [ -69.399, -45.733 ], [ -69.399, -45.699 ], [ -69.366, -45.699 ], [ -69.366, -45.666 ], [ -69.366, -45.633 ], [ -69.366, -45.599 ], [ -69.399, -45.599 ], [ -69.399, -45.566 ], [ -69.433, -45.566 ], [ -69.433, -45.533 ], [ -69.466, -45.533 ], [ -69.499, -45.533 ], [ -69.499, -45.499 ], [ -69.533, -45.499 ], [ -69.566, -45.499 ], [ -69.599, -45.499 ], [ -69.633, -45.499 ], [ -69.633, -45.533 ], [ -69.633, -45.566 ], [ -69.633, -45.599 ], [ -69.666, -45.599 ], [ -69.666, -45.633 ], [ -69.666, -45.666 ], [ -69.633, -45.666 ], [ -69.599, -45.666 ], [ -69.566, -45.666 ], [ -69.566, -45.699 ], [ -69.533, -45.699 ], [ -69.533, -45.733 ], [ -69.533, -45.766 ], [ -69.566, -45.766 ], [ -69.566, -45.799 ] ], [ [ -69.566, -45.866 ], [ -69.566, -45.899 ], [ -69.533, -45.899 ], [ -69.533, -45.866 ], [ -69.566, -45.866 ] ] ], [ [ [ -71.833, -42.399 ], [ -71.866, -42.399 ], [ -71.866, -42.366 ], [ -71.833, -42.366 ], [ -71.833, -42.399 ] ] ], [ [ [ -71.499, -42.366 ], [ -71.499, -42.399 ], [ -71.533, -42.399 ], [ -71.533, -42.366 ], [ -71.499, -42.366 ] ] ], [ [ [ -71.133, -42.399 ], [ -71.166, -42.399 ], [ -71.166, -42.366 ], [ -71.133, -42.366 ], [ -71.133, -42.399 ] ] ], [ [ [ -70.999, -42.433 ], [ -70.999, -42.399 ], [ -70.999, -42.366 ], [ -70.966, -42.366 ], [ -70.966, -42.399 ], [ -70.966, -42.433 ], [ -70.999, -42.433 ] ] ], [ [ [ -71.566, -42.399 ], [ -71.599, -42.399 ], [ -71.599, -42.366 ], [ -71.599, -42.333 ], [ -71.566, -42.333 ], [ -71.566, -42.366 ], [ -71.566, -42.399 ] ] ], [ [ [ -71.399, -42.333 ], [ -71.399, -42.366 ], [ -71.433, -42.366 ], [ -71.433, -42.333 ], [ -71.399, -42.333 ] ] ], [ [ [ -71.233, -42.366 ], [ -71.266, -42.366 ], [ -71.266, -42.333 ], [ -71.233, -42.333 ], [ -71.233, -42.366 ] ] ], [ [ [ -72.066, -42.299 ], [ -72.033, -42.299 ], [ -71.999, -42.299 ], [ -71.999, -42.333 ], [ -72.033, -42.333 ], [ -72.033, -42.366 ], [ -72.066, -42.366 ], [ -72.066, -42.333 ], [ -72.066, -42.299 ] ] ], [ [ [ -71.866, -42.366 ], [ -71.899, -42.366 ], [ -71.933, -42.366 ], [ -71.966, -42.366 ], [ -71.966, -42.333 ], [ -71.933, -42.333 ], [ -71.933, -42.299 ], [ -71.899, -42.299 ], [ -71.899, -42.333 ], [ -71.866, -42.333 ], [ -71.866, -42.366 ] ] ], [ [ [ -71.499, -42.366 ], [ -71.499, -42.333 ], [ -71.499, -42.299 ], [ -71.466, -42.299 ], [ -71.466, -42.333 ], [ -71.466, -42.366 ], [ -71.499, -42.366 ] ] ], [ [ [ -72.066, -42.299 ], [ -72.099, -42.299 ], [ -72.099, -42.266 ], [ -72.066, -42.266 ], [ -72.066, -42.299 ] ] ], [ [ [ -71.766, -42.266 ], [ -71.766, -42.299 ], [ -71.799, -42.299 ], [ -71.799, -42.266 ], [ -71.766, -42.266 ] ] ], [ [ [ -71.666, -42.333 ], [ -71.699, -42.333 ], [ -71.699, -42.299 ], [ -71.699, -42.266 ], [ -71.666, -42.266 ], [ -71.633, -42.266 ], [ -71.633, -42.299 ], [ -71.666, -42.299 ], [ -71.666, -42.333 ] ] ], [ [ [ -71.499, -42.299 ], [ -71.533, -42.299 ], [ -71.533, -42.266 ], [ -71.499, -42.266 ], [ -71.499, -42.299 ] ] ], [ [ [ -71.399, -42.333 ], [ -71.399, -42.299 ], [ -71.433, -42.299 ], [ -71.433, -42.266 ], [ -71.399, -42.266 ], [ -71.366, -42.266 ], [ -71.366, -42.299 ], [ -71.366, -42.333 ], [ -71.399, -42.333 ] ] ], [ [ [ -71.766, -42.266 ], [ -71.766, -42.233 ], [ -71.733, -42.233 ], [ -71.733, -42.266 ], [ -71.766, -42.266 ] ] ], [ [ [ -71.533, -42.266 ], [ -71.566, -42.266 ], [ -71.566, -42.233 ], [ -71.533, -42.233 ], [ -71.533, -42.266 ] ] ], [ [ [ -71.433, -42.266 ], [ -71.466, -42.266 ], [ -71.499, -42.266 ], [ -71.499, -42.233 ], [ -71.466, -42.233 ], [ -71.433, -42.233 ], [ -71.433, -42.266 ] ] ], [ [ [ -71.599, -42.199 ], [ -71.599, -42.233 ], [ -71.633, -42.233 ], [ -71.633, -42.199 ], [ -71.599, -42.199 ] ] ], [ [ [ -72.066, -42.199 ], [ -72.099, -42.199 ], [ -72.099, -42.166 ], [ -72.066, -42.166 ], [ -72.066, -42.199 ] ] ], [ [ [ -71.599, -42.199 ], [ -71.599, -42.166 ], [ -71.566, -42.166 ], [ -71.566, -42.199 ], [ -71.599, -42.199 ] ] ], [ [ [ -71.466, -42.166 ], [ -71.466, -42.199 ], [ -71.499, -42.199 ], [ -71.499, -42.166 ], [ -71.466, -42.166 ] ] ], [ [ [ -71.966, -42.266 ], [ -71.999, -42.266 ], [ -71.999, -42.233 ], [ -71.999, -42.199 ], [ -71.966, -42.199 ], [ -71.966, -42.166 ], [ -71.955, -42.155 ], [ -71.954, -42.155 ], [ -71.951, -42.157 ], [ -71.951, -42.159 ], [ -71.953, -42.161 ], [ -71.953, -42.164 ], [ -71.951, -42.165 ], [ -71.947, -42.167 ], [ -71.943, -42.171 ], [ -71.940, -42.175 ], [ -71.937, -42.179 ], [ -71.934, -42.182 ], [ -71.930, -42.186 ], [ -71.927, -42.188 ], [ -71.923, -42.189 ], [ -71.922, -42.189 ], [ -71.933, -42.199 ], [ -71.933, -42.233 ], [ -71.966, -42.233 ], [ -71.966, -42.266 ] ] ], [ [ [ -71.466, -42.166 ], [ -71.466, -42.133 ], [ -71.433, -42.133 ], [ -71.433, -42.166 ], [ -71.466, -42.166 ] ] ], [ [ [ -71.333, -42.166 ], [ -71.366, -42.166 ], [ -71.366, -42.133 ], [ -71.333, -42.133 ], [ -71.333, -42.166 ] ] ], [ [ [ -71.266, -42.133 ], [ -71.266, -42.166 ], [ -71.299, -42.166 ], [ -71.299, -42.133 ], [ -71.266, -42.133 ] ] ], [ [ [ -71.740, -42.126 ], [ -71.733, -42.133 ], [ -71.699, -42.133 ], [ -71.666, -42.133 ], [ -71.666, -42.166 ], [ -71.699, -42.166 ], [ -71.699, -42.199 ], [ -71.733, -42.199 ], [ -71.766, -42.199 ], [ -71.799, -42.199 ], [ -71.799, -42.166 ], [ -71.766, -42.166 ], [ -71.766, -42.129 ], [ -71.765, -42.129 ], [ -71.760, -42.129 ], [ -71.755, -42.129 ], [ -71.749, -42.128 ], [ -71.743, -42.126 ], [ -71.742, -42.126 ], [ -71.740, -42.126 ] ] ], [ [ [ -71.466, -42.133 ], [ -71.499, -42.133 ], [ -71.499, -42.099 ], [ -71.466, -42.099 ], [ -71.466, -42.133 ] ] ], [ [ [ -70.833, -42.333 ], [ -70.799, -42.333 ], [ -70.799, -42.299 ], [ -70.833, -42.299 ], [ -70.833, -42.333 ], [ -70.866, -42.333 ], [ -70.866, -42.299 ], [ -70.899, -42.299 ], [ -70.899, -42.266 ], [ -70.933, -42.266 ], [ -70.933, -42.233 ], [ -70.966, -42.233 ], [ -70.966, -42.266 ], [ -70.999, -42.266 ], [ -70.999, -42.299 ], [ -70.999, -42.333 ], [ -71.033, -42.333 ], [ -71.066, -42.333 ], [ -71.099, -42.333 ], [ -71.099, -42.299 ], [ -71.099, -42.266 ], [ -71.066, -42.266 ], [ -71.066, -42.299 ], [ -71.033, -42.299 ], [ -71.033, -42.266 ], [ -71.066, -42.266 ], [ -71.066, -42.233 ], [ -71.033, -42.233 ], [ -71.033, -42.199 ], [ -70.999, -42.199 ], [ -70.999, -42.166 ], [ -70.966, -42.166 ], [ -70.933, -42.166 ], [ -70.933, -42.133 ], [ -70.899, -42.133 ], [ -70.866, -42.133 ], [ -70.833, -42.133 ], [ -70.833, -42.099 ], [ -70.799, -42.099 ], [ -70.766, -42.099 ], [ -70.766, -42.133 ], [ -70.733, -42.133 ], [ -70.733, -42.166 ], [ -70.733, -42.199 ], [ -70.733, -42.233 ], [ -70.766, -42.233 ], [ -70.766, -42.266 ], [ -70.733, -42.266 ], [ -70.699, -42.266 ], [ -70.699, -42.299 ], [ -70.699, -42.333 ], [ -70.733, -42.333 ], [ -70.766, -42.333 ], [ -70.766, -42.366 ], [ -70.799, -42.366 ], [ -70.833, -42.366 ], [ -70.833, -42.333 ] ] ], [ [ [ -71.699, -42.099 ], [ -71.724, -42.099 ], [ -71.724, -42.099 ], [ -71.726, -42.093 ], [ -71.724, -42.086 ], [ -71.724, -42.085 ], [ -71.724, -42.082 ], [ -71.725, -42.077 ], [ -71.725, -42.073 ], [ -71.723, -42.069 ], [ -71.723, -42.066 ], [ -71.699, -42.066 ], [ -71.699, -42.099 ] ] ], [ [ [ -70.699, -42.099 ], [ -70.733, -42.099 ], [ -70.733, -42.066 ], [ -70.699, -42.066 ], [ -70.699, -42.099 ] ] ], [ [ [ -71.666, -42.033 ], [ -71.633, -42.033 ], [ -71.633, -42.066 ], [ -71.666, -42.066 ], [ -71.666, -42.033 ] ] ], [ [ [ -71.433, -42.066 ], [ -71.466, -42.066 ], [ -71.466, -42.033 ], [ -71.433, -42.033 ], [ -71.433, -42.066 ] ] ], [ [ [ -71.366, -42.033 ], [ -71.366, -42.066 ], [ -71.333, -42.066 ], [ -71.333, -42.099 ], [ -71.366, -42.099 ], [ -71.399, -42.099 ], [ -71.399, -42.066 ], [ -71.399, -42.033 ], [ -71.366, -42.033 ] ] ], [ [ [ -71.266, -42.133 ], [ -71.266, -42.099 ], [ -71.266, -42.066 ], [ -71.266, -42.033 ], [ -71.233, -42.033 ], [ -71.233, -42.066 ], [ -71.233, -42.099 ], [ -71.233, -42.133 ], [ -71.266, -42.133 ] ] ], [ [ [ -71.099, -42.033 ], [ -71.099, -42.066 ], [ -71.133, -42.066 ], [ -71.133, -42.033 ], [ -71.099, -42.033 ] ] ], [ [ [ -71.366, -42.033 ], [ -71.366, -41.999 ], [ -71.333, -41.999 ], [ -71.333, -42.033 ], [ -71.366, -42.033 ] ] ], [ [ [ -71.266, -42.033 ], [ -71.299, -42.033 ], [ -71.299, -41.999 ], [ -71.266, -41.999 ], [ -71.266, -42.033 ] ] ], [ [ [ -71.099, -42.033 ], [ -71.099, -41.999 ], [ -71.066, -41.999 ], [ -71.066, -42.033 ], [ -71.099, -42.033 ] ] ], [ [ [ -71.366, -41.999 ], [ -71.399, -41.999 ], [ -71.399, -41.966 ], [ -71.366, -41.966 ], [ -71.366, -41.999 ] ] ], [ [ [ -71.033, -41.999 ], [ -71.066, -41.999 ], [ -71.066, -41.966 ], [ -71.033, -41.966 ], [ -71.033, -41.999 ] ] ], [ [ [ -71.666, -42.033 ], [ -71.699, -42.033 ], [ -71.699, -41.999 ], [ -71.733, -41.999 ], [ -71.733, -41.966 ], [ -71.733, -41.933 ], [ -71.699, -41.933 ], [ -71.699, -41.966 ], [ -71.666, -41.966 ], [ -71.666, -41.999 ], [ -71.666, -42.033 ] ] ], [ [ [ -71.299, -41.933 ], [ -71.266, -41.933 ], [ -71.266, -41.966 ], [ -71.299, -41.966 ], [ -71.299, -41.933 ] ] ], [ [ [ -71.699, -41.933 ], [ -71.699, -41.899 ], [ -71.666, -41.899 ], [ -71.633, -41.899 ], [ -71.599, -41.899 ], [ -71.599, -41.933 ], [ -71.599, -41.966 ], [ -71.599, -41.999 ], [ -71.633, -41.999 ], [ -71.633, -41.966 ], [ -71.633, -41.933 ], [ -71.666, -41.933 ], [ -71.699, -41.933 ] ] ], [ [ [ -71.366, -41.866 ], [ -71.399, -41.866 ], [ -71.399, -41.833 ], [ -71.366, -41.833 ], [ -71.366, -41.866 ] ] ], [ [ [ -71.299, -41.933 ], [ -71.333, -41.933 ], [ -71.366, -41.933 ], [ -71.366, -41.899 ], [ -71.333, -41.899 ], [ -71.333, -41.866 ], [ -71.333, -41.833 ], [ -71.299, -41.833 ], [ -71.299, -41.866 ], [ -71.299, -41.899 ], [ -71.299, -41.933 ] ] ], [ [ [ -71.066, -41.833 ], [ -71.099, -41.833 ], [ -71.099, -41.799 ], [ -71.066, -41.799 ], [ -71.066, -41.833 ] ] ], [ [ [ -71.599, -41.799 ], [ -71.599, -41.833 ], [ -71.633, -41.833 ], [ -71.666, -41.833 ], [ -71.666, -41.799 ], [ -71.666, -41.766 ], [ -71.633, -41.766 ], [ -71.633, -41.799 ], [ -71.599, -41.799 ] ] ], [ [ [ -71.366, -41.799 ], [ -71.399, -41.799 ], [ -71.399, -41.766 ], [ -71.366, -41.766 ], [ -71.366, -41.799 ] ] ], [ [ [ -71.233, -41.799 ], [ -71.266, -41.799 ], [ -71.266, -41.766 ], [ -71.233, -41.766 ], [ -71.233, -41.799 ] ] ], [ [ [ -71.699, -41.733 ], [ -71.699, -41.766 ], [ -71.699, -41.799 ], [ -71.699, -41.833 ], [ -71.699, -41.866 ], [ -71.733, -41.866 ], [ -71.733, -41.899 ], [ -71.766, -41.899 ], [ -71.766, -41.866 ], [ -71.766, -41.833 ], [ -71.770, -41.829 ], [ -71.770, -41.829 ], [ -71.766, -41.828 ], [ -71.758, -41.825 ], [ -71.754, -41.825 ], [ -71.752, -41.823 ], [ -71.752, -41.821 ], [ -71.753, -41.819 ], [ -71.757, -41.818 ], [ -71.761, -41.817 ], [ -71.765, -41.815 ], [ -71.766, -41.814 ], [ -71.767, -41.813 ], [ -71.768, -41.810 ], [ -71.768, -41.808 ], [ -71.767, -41.805 ], [ -71.767, -41.802 ], [ -71.769, -41.800 ], [ -71.770, -41.799 ], [ -71.733, -41.799 ], [ -71.733, -41.766 ], [ -71.733, -41.733 ], [ -71.699, -41.733 ] ] ], [ [ [ -71.599, -41.799 ], [ -71.599, -41.766 ], [ -71.599, -41.733 ], [ -71.566, -41.733 ], [ -71.566, -41.766 ], [ -71.566, -41.799 ], [ -71.599, -41.799 ] ] ], [ [ [ -71.733, -41.666 ], [ -71.733, -41.699 ], [ -71.766, -41.699 ], [ -71.766, -41.733 ], [ -71.788, -41.733 ], [ -71.791, -41.731 ], [ -71.796, -41.727 ], [ -71.799, -41.725 ], [ -71.803, -41.724 ], [ -71.808, -41.722 ], [ -71.810, -41.720 ], [ -71.810, -41.718 ], [ -71.808, -41.717 ], [ -71.806, -41.714 ], [ -71.801, -41.711 ], [ -71.798, -41.708 ], [ -71.794, -41.703 ], [ -71.792, -41.701 ], [ -71.792, -41.699 ], [ -71.794, -41.694 ], [ -71.796, -41.692 ], [ -71.801, -41.691 ], [ -71.806, -41.692 ], [ -71.810, -41.692 ], [ -71.814, -41.690 ], [ -71.816, -41.687 ], [ -71.816, -41.683 ], [ -71.816, -41.683 ], [ -71.799, -41.666 ], [ -71.766, -41.666 ], [ -71.766, -41.633 ], [ -71.733, -41.633 ], [ -71.733, -41.666 ] ] ], [ [ [ -71.599, -41.733 ], [ -71.633, -41.733 ], [ -71.666, -41.733 ], [ -71.699, -41.733 ], [ -71.699, -41.699 ], [ -71.666, -41.699 ], [ -71.666, -41.666 ], [ -71.699, -41.666 ], [ -71.699, -41.633 ], [ -71.666, -41.633 ], [ -71.633, -41.633 ], [ -71.633, -41.666 ], [ -71.599, -41.666 ], [ -71.599, -41.699 ], [ -71.599, -41.733 ] ] ], [ [ [ -71.399, -41.666 ], [ -71.433, -41.666 ], [ -71.433, -41.633 ], [ -71.399, -41.633 ], [ -71.399, -41.666 ] ] ], [ [ [ -71.333, -41.633 ], [ -71.333, -41.666 ], [ -71.333, -41.699 ], [ -71.333, -41.733 ], [ -71.366, -41.733 ], [ -71.366, -41.699 ], [ -71.366, -41.666 ], [ -71.366, -41.633 ], [ -71.333, -41.633 ] ] ], [ [ [ -71.099, -41.799 ], [ -71.133, -41.799 ], [ -71.133, -41.833 ], [ -71.133, -41.866 ], [ -71.166, -41.866 ], [ -71.166, -41.899 ], [ -71.199, -41.899 ], [ -71.233, -41.899 ], [ -71.233, -41.866 ], [ -71.233, -41.833 ], [ -71.233, -41.799 ], [ -71.199, -41.799 ], [ -71.166, -41.799 ], [ -71.166, -41.766 ], [ -71.166, -41.733 ], [ -71.166, -41.699 ], [ -71.199, -41.699 ], [ -71.233, -41.699 ], [ -71.266, -41.699 ], [ -71.299, -41.699 ], [ -71.299, -41.666 ], [ -71.266, -41.666 ], [ -71.266, -41.633 ], [ -71.233, -41.633 ], [ -71.199, -41.633 ], [ -71.199, -41.666 ], [ -71.166, -41.666 ], [ -71.133, -41.666 ], [ -71.133, -41.633 ], [ -71.099, -41.633 ], [ -71.099, -41.666 ], [ -71.099, -41.699 ], [ -71.099, -41.733 ], [ -71.099, -41.766 ], [ -71.099, -41.799 ] ] ], [ [ [ -71.199, -41.633 ], [ -71.199, -41.599 ], [ -71.166, -41.599 ], [ -71.166, -41.633 ], [ -71.199, -41.633 ] ] ], [ [ [ -71.833, -41.571 ], [ -71.833, -41.599 ], [ -71.876, -41.599 ], [ -71.875, -41.598 ], [ -71.874, -41.594 ], [ -71.873, -41.591 ], [ -71.872, -41.588 ], [ -71.869, -41.586 ], [ -71.864, -41.584 ], [ -71.862, -41.581 ], [ -71.861, -41.577 ], [ -71.859, -41.574 ], [ -71.856, -41.573 ], [ -71.850, -41.573 ], [ -71.844, -41.570 ], [ -71.841, -41.566 ], [ -71.838, -41.566 ], [ -71.836, -41.566 ], [ -71.833, -41.571 ], [ -71.833, -41.571 ] ] ], [ [ [ -71.566, -41.566 ], [ -71.599, -41.566 ], [ -71.599, -41.533 ], [ -71.566, -41.533 ], [ -71.566, -41.566 ] ] ], [ [ [ -71.333, -41.633 ], [ -71.333, -41.599 ], [ -71.333, -41.566 ], [ -71.299, -41.566 ], [ -71.299, -41.533 ], [ -71.266, -41.533 ], [ -71.266, -41.566 ], [ -71.233, -41.566 ], [ -71.233, -41.599 ], [ -71.266, -41.599 ], [ -71.299, -41.599 ], [ -71.299, -41.633 ], [ -71.333, -41.633 ] ] ], [ [ [ -71.333, -41.566 ], [ -71.366, -41.566 ], [ -71.366, -41.599 ], [ -71.399, -41.599 ], [ -71.399, -41.566 ], [ -71.433, -41.566 ], [ -71.433, -41.533 ], [ -71.433, -41.499 ], [ -71.399, -41.499 ], [ -71.366, -41.499 ], [ -71.366, -41.466 ], [ -71.333, -41.466 ], [ -71.333, -41.499 ], [ -71.333, -41.533 ], [ -71.333, -41.566 ] ] ], [ [ [ -71.836, -41.466 ], [ -71.799, -41.466 ], [ -71.766, -41.466 ], [ -71.733, -41.466 ], [ -71.733, -41.499 ], [ -71.733, -41.533 ], [ -71.699, -41.533 ], [ -71.666, -41.533 ], [ -71.633, -41.533 ], [ -71.633, -41.566 ], [ -71.666, -41.566 ], [ -71.699, -41.566 ], [ -71.733, -41.566 ], [ -71.766, -41.566 ], [ -71.766, -41.533 ], [ -71.799, -41.533 ], [ -71.799, -41.499 ], [ -71.843, -41.499 ], [ -71.842, -41.498 ], [ -71.840, -41.494 ], [ -71.837, -41.490 ], [ -71.835, -41.486 ], [ -71.828, -41.479 ], [ -71.834, -41.477 ], [ -71.836, -41.475 ], [ -71.836, -41.471 ], [ -71.836, -41.466 ] ] ], [ [ [ -71.599, -41.499 ], [ -71.633, -41.499 ], [ -71.633, -41.466 ], [ -71.633, -41.433 ], [ -71.599, -41.433 ], [ -71.599, -41.466 ], [ -71.599, -41.499 ] ] ], [ [ [ -71.333, -41.466 ], [ -71.333, -41.433 ], [ -71.299, -41.433 ], [ -71.266, -41.433 ], [ -71.266, -41.466 ], [ -71.299, -41.466 ], [ -71.333, -41.466 ] ] ], [ [ [ -71.833, -41.433 ], [ -71.836, -41.436 ], [ -71.836, -41.433 ], [ -71.838, -41.430 ], [ -71.842, -41.429 ], [ -71.847, -41.428 ], [ -71.853, -41.425 ], [ -71.859, -41.423 ], [ -71.863, -41.422 ], [ -71.866, -41.419 ], [ -71.866, -41.417 ], [ -71.867, -41.414 ], [ -71.871, -41.410 ], [ -71.870, -41.408 ], [ -71.869, -41.405 ], [ -71.867, -41.402 ], [ -71.866, -41.399 ], [ -71.833, -41.399 ], [ -71.833, -41.433 ] ] ], [ [ [ -71.766, -41.433 ], [ -71.799, -41.433 ], [ -71.799, -41.399 ], [ -71.766, -41.399 ], [ -71.766, -41.433 ] ] ], [ [ [ -71.499, -41.466 ], [ -71.533, -41.466 ], [ -71.533, -41.433 ], [ -71.533, -41.399 ], [ -71.499, -41.399 ], [ -71.499, -41.433 ], [ -71.499, -41.466 ] ] ], [ [ [ -71.633, -41.399 ], [ -71.666, -41.399 ], [ -71.666, -41.366 ], [ -71.633, -41.366 ], [ -71.633, -41.399 ] ] ], [ [ [ -65.999, -41.366 ], [ -65.966, -41.366 ], [ -65.933, -41.366 ], [ -65.933, -41.399 ], [ -65.933, -41.433 ], [ -65.966, -41.433 ], [ -65.966, -41.399 ], [ -65.999, -41.399 ], [ -65.999, -41.366 ] ] ], [ [ [ -69.333, -41.333 ], [ -69.299, -41.333 ], [ -69.299, -41.366 ], [ -69.333, -41.366 ], [ -69.333, -41.333 ] ] ], [ [ [ -71.866, -41.333 ], [ -71.901, -41.333 ], [ -71.900, -41.331 ], [ -71.896, -41.329 ], [ -71.889, -41.327 ], [ -71.884, -41.326 ], [ -71.881, -41.325 ], [ -71.880, -41.323 ], [ -71.883, -41.318 ], [ -71.885, -41.316 ], [ -71.885, -41.313 ], [ -71.883, -41.310 ], [ -71.879, -41.309 ], [ -71.875, -41.308 ], [ -71.876, -41.305 ], [ -71.876, -41.301 ], [ -71.876, -41.299 ], [ -71.866, -41.299 ], [ -71.866, -41.333 ] ] ], [ [ [ -71.864, -41.257 ], [ -71.863, -41.257 ], [ -71.861, -41.257 ], [ -71.856, -41.257 ], [ -71.852, -41.258 ], [ -71.849, -41.261 ], [ -71.846, -41.266 ], [ -71.866, -41.266 ], [ -71.874, -41.259 ], [ -71.870, -41.258 ], [ -71.868, -41.256 ], [ -71.865, -41.256 ], [ -71.864, -41.257 ] ] ], [ [ [ -71.666, -41.233 ], [ -71.699, -41.233 ], [ -71.699, -41.199 ], [ -71.666, -41.199 ], [ -71.666, -41.233 ] ] ], [ [ [ -71.499, -41.233 ], [ -71.533, -41.233 ], [ -71.533, -41.199 ], [ -71.499, -41.199 ], [ -71.466, -41.199 ], [ -71.466, -41.233 ], [ -71.499, -41.233 ] ] ], [ [ [ -71.833, -41.199 ], [ -71.833, -41.233 ], [ -71.833, -41.266 ], [ -71.846, -41.266 ], [ -71.851, -41.254 ], [ -71.852, -41.252 ], [ -71.851, -41.250 ], [ -71.855, -41.248 ], [ -71.855, -41.246 ], [ -71.850, -41.243 ], [ -71.847, -41.244 ], [ -71.844, -41.244 ], [ -71.844, -41.243 ], [ -71.847, -41.240 ], [ -71.849, -41.237 ], [ -71.850, -41.235 ], [ -71.854, -41.236 ], [ -71.859, -41.233 ], [ -71.860, -41.232 ], [ -71.856, -41.228 ], [ -71.857, -41.225 ], [ -71.857, -41.222 ], [ -71.855, -41.219 ], [ -71.854, -41.216 ], [ -71.855, -41.213 ], [ -71.857, -41.212 ], [ -71.861, -41.211 ], [ -71.865, -41.210 ], [ -71.868, -41.208 ], [ -71.872, -41.205 ], [ -71.873, -41.204 ], [ -71.873, -41.201 ], [ -71.873, -41.201 ], [ -71.872, -41.199 ], [ -71.833, -41.199 ] ] ], [ [ [ -71.566, -41.199 ], [ -71.599, -41.199 ], [ -71.599, -41.166 ], [ -71.566, -41.166 ], [ -71.566, -41.199 ] ] ], [ [ [ -71.833, -41.199 ], [ -71.833, -41.166 ], [ -71.848, -41.151 ], [ -71.847, -41.150 ], [ -71.842, -41.150 ], [ -71.840, -41.149 ], [ -71.840, -41.149 ], [ -71.839, -41.147 ], [ -71.840, -41.144 ], [ -71.839, -41.140 ], [ -71.839, -41.138 ], [ -71.839, -41.136 ], [ -71.840, -41.133 ], [ -71.799, -41.133 ], [ -71.799, -41.166 ], [ -71.799, -41.199 ], [ -71.833, -41.199 ] ] ], [ [ [ -67.966, -41.099 ], [ -67.966, -41.133 ], [ -67.933, -41.133 ], [ -67.933, -41.166 ], [ -67.966, -41.166 ], [ -67.999, -41.166 ], [ -67.999, -41.133 ], [ -68.033, -41.133 ], [ -68.033, -41.099 ], [ -67.999, -41.099 ], [ -67.966, -41.099 ] ] ], [ [ [ -71.066, -41.033 ], [ -71.099, -41.033 ], [ -71.099, -40.999 ], [ -71.066, -40.999 ], [ -71.066, -41.033 ] ] ], [ [ [ -71.833, -40.999 ], [ -71.866, -40.999 ], [ -71.866, -40.966 ], [ -71.833, -40.966 ], [ -71.833, -40.999 ] ] ], [ [ [ -71.433, -40.899 ], [ -71.399, -40.899 ], [ -71.366, -40.899 ], [ -71.366, -40.933 ], [ -71.399, -40.933 ], [ -71.433, -40.933 ], [ -71.433, -40.899 ] ] ], [ [ [ -71.766, -40.933 ], [ -71.799, -40.933 ], [ -71.833, -40.933 ], [ -71.833, -40.899 ], [ -71.799, -40.899 ], [ -71.799, -40.866 ], [ -71.766, -40.866 ], [ -71.766, -40.899 ], [ -71.766, -40.933 ] ] ], [ [ [ -71.766, -40.933 ], [ -71.733, -40.933 ], [ -71.733, -40.899 ], [ -71.699, -40.899 ], [ -71.699, -40.866 ], [ -71.666, -40.866 ], [ -71.666, -40.899 ], [ -71.666, -40.933 ], [ -71.666, -40.966 ], [ -71.699, -40.966 ], [ -71.733, -40.966 ], [ -71.733, -40.999 ], [ -71.766, -40.999 ], [ -71.766, -40.966 ], [ -71.766, -40.933 ] ] ], [ [ [ -71.766, -40.866 ], [ -71.766, -40.833 ], [ -71.733, -40.833 ], [ -71.733, -40.866 ], [ -71.766, -40.866 ] ] ], [ [ [ -71.433, -40.899 ], [ -71.466, -40.899 ], [ -71.466, -40.866 ], [ -71.499, -40.866 ], [ -71.499, -40.833 ], [ -71.533, -40.833 ], [ -71.533, -40.799 ], [ -71.499, -40.799 ], [ -71.466, -40.799 ], [ -71.466, -40.833 ], [ -71.433, -40.833 ], [ -71.433, -40.866 ], [ -71.433, -40.899 ] ] ], [ [ [ -71.266, -40.833 ], [ -71.266, -40.866 ], [ -71.299, -40.866 ], [ -71.299, -40.833 ], [ -71.333, -40.833 ], [ -71.333, -40.799 ], [ -71.299, -40.799 ], [ -71.266, -40.799 ], [ -71.233, -40.799 ], [ -71.233, -40.833 ], [ -71.266, -40.833 ] ] ], [ [ [ -71.133, -40.899 ], [ -71.166, -40.899 ], [ -71.166, -40.866 ], [ -71.166, -40.833 ], [ -71.166, -40.799 ], [ -71.133, -40.799 ], [ -71.133, -40.833 ], [ -71.133, -40.866 ], [ -71.133, -40.899 ] ] ], [ [ [ -71.166, -40.799 ], [ -71.199, -40.799 ], [ -71.199, -40.766 ], [ -71.166, -40.766 ], [ -71.166, -40.799 ] ] ], [ [ [ -71.533, -40.799 ], [ -71.566, -40.799 ], [ -71.599, -40.799 ], [ -71.599, -40.766 ], [ -71.633, -40.766 ], [ -71.633, -40.733 ], [ -71.599, -40.733 ], [ -71.566, -40.733 ], [ -71.566, -40.766 ], [ -71.533, -40.766 ], [ -71.533, -40.799 ] ] ], [ [ [ -70.299, -40.766 ], [ -70.299, -40.733 ], [ -70.266, -40.733 ], [ -70.266, -40.766 ], [ -70.299, -40.766 ] ] ], [ [ [ -71.633, -40.733 ], [ -71.666, -40.733 ], [ -71.666, -40.699 ], [ -71.633, -40.699 ], [ -71.633, -40.733 ] ] ], [ [ [ -71.266, -40.733 ], [ -71.299, -40.733 ], [ -71.299, -40.699 ], [ -71.266, -40.699 ], [ -71.233, -40.699 ], [ -71.199, -40.699 ], [ -71.166, -40.699 ], [ -71.166, -40.733 ], [ -71.199, -40.733 ], [ -71.233, -40.733 ], [ -71.266, -40.733 ] ] ], [ [ [ -71.366, -40.666 ], [ -71.366, -40.699 ], [ -71.333, -40.699 ], [ -71.333, -40.733 ], [ -71.366, -40.733 ], [ -71.366, -40.766 ], [ -71.399, -40.766 ], [ -71.399, -40.733 ], [ -71.433, -40.733 ], [ -71.466, -40.733 ], [ -71.466, -40.699 ], [ -71.433, -40.699 ], [ -71.433, -40.666 ], [ -71.399, -40.666 ], [ -71.366, -40.666 ] ] ], [ [ [ -71.533, -40.666 ], [ -71.566, -40.666 ], [ -71.566, -40.633 ], [ -71.533, -40.633 ], [ -71.499, -40.633 ], [ -71.466, -40.633 ], [ -71.466, -40.666 ], [ -71.499, -40.666 ], [ -71.533, -40.666 ] ] ], [ [ [ -71.299, -40.633 ], [ -71.333, -40.633 ], [ -71.366, -40.633 ], [ -71.399, -40.633 ], [ -71.433, -40.633 ], [ -71.433, -40.599 ], [ -71.399, -40.599 ], [ -71.366, -40.599 ], [ -71.333, -40.599 ], [ -71.299, -40.599 ], [ -71.299, -40.633 ] ] ], [ [ [ -71.299, -40.633 ], [ -71.266, -40.633 ], [ -71.233, -40.633 ], [ -71.199, -40.633 ], [ -71.199, -40.599 ], [ -71.166, -40.599 ], [ -71.166, -40.633 ], [ -71.133, -40.633 ], [ -71.133, -40.666 ], [ -71.166, -40.666 ], [ -71.199, -40.666 ], [ -71.233, -40.666 ], [ -71.266, -40.666 ], [ -71.299, -40.666 ], [ -71.299, -40.633 ] ] ], [ [ [ -70.433, -40.699 ], [ -70.433, -40.666 ], [ -70.399, -40.666 ], [ -70.399, -40.633 ], [ -70.399, -40.599 ], [ -70.366, -40.599 ], [ -70.333, -40.599 ], [ -70.299, -40.599 ], [ -70.266, -40.599 ], [ -70.266, -40.633 ], [ -70.266, -40.666 ], [ -70.266, -40.699 ], [ -70.299, -40.699 ], [ -70.333, -40.699 ], [ -70.366, -40.699 ], [ -70.399, -40.699 ], [ -70.433, -40.699 ] ] ], [ [ [ -71.833, -40.589 ], [ -71.833, -40.599 ], [ -71.799, -40.599 ], [ -71.799, -40.633 ], [ -71.833, -40.633 ], [ -71.833, -40.666 ], [ -71.833, -40.699 ], [ -71.866, -40.699 ], [ -71.866, -40.733 ], [ -71.866, -40.766 ], [ -71.833, -40.766 ], [ -71.799, -40.766 ], [ -71.766, -40.766 ], [ -71.766, -40.799 ], [ -71.799, -40.799 ], [ -71.833, -40.799 ], [ -71.833, -40.833 ], [ -71.833, -40.866 ], [ -71.866, -40.866 ], [ -71.866, -40.833 ], [ -71.866, -40.799 ], [ -71.899, -40.799 ], [ -71.899, -40.833 ], [ -71.911, -40.844 ], [ -71.912, -40.843 ], [ -71.912, -40.842 ], [ -71.914, -40.839 ], [ -71.914, -40.839 ], [ -71.919, -40.838 ], [ -71.921, -40.836 ], [ -71.924, -40.834 ], [ -71.926, -40.832 ], [ -71.924, -40.831 ], [ -71.923, -40.828 ], [ -71.923, -40.826 ], [ -71.926, -40.825 ], [ -71.929, -40.823 ], [ -71.933, -40.823 ], [ -71.934, -40.821 ], [ -71.931, -40.820 ], [ -71.929, -40.817 ], [ -71.930, -40.814 ], [ -71.929, -40.813 ], [ -71.928, -40.811 ], [ -71.925, -40.810 ], [ -71.927, -40.807 ], [ -71.927, -40.805 ], [ -71.926, -40.802 ], [ -71.927, -40.798 ], [ -71.926, -40.794 ], [ -71.926, -40.791 ], [ -71.924, -40.788 ], [ -71.923, -40.786 ], [ -71.923, -40.783 ], [ -71.925, -40.780 ], [ -71.928, -40.777 ], [ -71.931, -40.775 ], [ -71.936, -40.773 ], [ -71.938, -40.772 ], [ -71.933, -40.766 ], [ -71.933, -40.733 ], [ -71.948, -40.718 ], [ -71.946, -40.715 ], [ -71.945, -40.712 ], [ -71.943, -40.710 ], [ -71.941, -40.707 ], [ -71.934, -40.702 ], [ -71.932, -40.699 ], [ -71.930, -40.697 ], [ -71.926, -40.696 ], [ -71.924, -40.693 ], [ -71.922, -40.690 ], [ -71.920, -40.688 ], [ -71.914, -40.687 ], [ -71.909, -40.683 ], [ -71.903, -40.683 ], [ -71.9, -40.681 ], [ -71.897, -40.679 ], [ -71.894, -40.675 ], [ -71.891, -40.674 ], [ -71.889, -40.671 ], [ -71.887, -40.669 ], [ -71.885, -40.666 ], [ -71.881, -40.666 ], [ -71.876, -40.665 ], [ -71.872, -40.665 ], [ -71.869, -40.663 ], [ -71.867, -40.660 ], [ -71.865, -40.656 ], [ -71.865, -40.652 ], [ -71.866, -40.651 ], [ -71.866, -40.649 ], [ -71.865, -40.647 ], [ -71.864, -40.645 ], [ -71.861, -40.643 ], [ -71.857, -40.644 ], [ -71.854, -40.644 ], [ -71.854, -40.643 ], [ -71.854, -40.641 ], [ -71.853, -40.638 ], [ -71.851, -40.634 ], [ -71.848, -40.632 ], [ -71.846, -40.630 ], [ -71.846, -40.629 ], [ -71.844, -40.626 ], [ -71.843, -40.624 ], [ -71.842, -40.621 ], [ -71.842, -40.619 ], [ -71.840, -40.616 ], [ -71.840, -40.614 ], [ -71.839, -40.610 ], [ -71.840, -40.606 ], [ -71.841, -40.603 ], [ -71.841, -40.599 ], [ -71.839, -40.596 ], [ -71.836, -40.593 ], [ -71.833, -40.589 ], [ -71.833, -40.589 ] ] ], [ [ [ -71.633, -40.666 ], [ -71.666, -40.666 ], [ -71.666, -40.633 ], [ -71.666, -40.599 ], [ -71.666, -40.566 ], [ -71.633, -40.566 ], [ -71.633, -40.599 ], [ -71.633, -40.633 ], [ -71.633, -40.666 ] ] ], [ [ [ -71.533, -40.599 ], [ -71.566, -40.599 ], [ -71.566, -40.566 ], [ -71.533, -40.566 ], [ -71.533, -40.599 ] ] ], [ [ [ -69.333, -41.333 ], [ -69.366, -41.333 ], [ -69.366, -41.366 ], [ -69.366, -41.399 ], [ -69.399, -41.399 ], [ -69.399, -41.433 ], [ -69.399, -41.466 ], [ -69.399, -41.499 ], [ -69.399, -41.533 ], [ -69.366, -41.533 ], [ -69.366, -41.566 ], [ -69.366, -41.599 ], [ -69.399, -41.599 ], [ -69.399, -41.566 ], [ -69.433, -41.566 ], [ -69.433, -41.533 ], [ -69.466, -41.533 ], [ -69.499, -41.533 ], [ -69.533, -41.533 ], [ -69.566, -41.533 ], [ -69.566, -41.499 ], [ -69.599, -41.499 ], [ -69.599, -41.466 ], [ -69.633, -41.466 ], [ -69.633, -41.499 ], [ -69.666, -41.499 ], [ -69.666, -41.533 ], [ -69.699, -41.533 ], [ -69.733, -41.533 ], [ -69.766, -41.533 ], [ -69.799, -41.533 ], [ -69.833, -41.533 ], [ -69.833, -41.566 ], [ -69.866, -41.566 ], [ -69.866, -41.533 ], [ -69.899, -41.533 ], [ -69.899, -41.499 ], [ -69.899, -41.466 ], [ -69.933, -41.466 ], [ -69.966, -41.466 ], [ -69.966, -41.433 ], [ -69.999, -41.433 ], [ -69.999, -41.399 ], [ -69.966, -41.399 ], [ -69.966, -41.366 ], [ -69.966, -41.333 ], [ -69.966, -41.299 ], [ -69.999, -41.299 ], [ -70.033, -41.299 ], [ -70.033, -41.266 ], [ -70.033, -41.233 ], [ -69.999, -41.233 ], [ -69.999, -41.199 ], [ -69.966, -41.199 ], [ -69.933, -41.199 ], [ -69.933, -41.166 ], [ -69.899, -41.166 ], [ -69.866, -41.166 ], [ -69.833, -41.166 ], [ -69.833, -41.199 ], [ -69.799, -41.199 ], [ -69.799, -41.233 ], [ -69.766, -41.233 ], [ -69.766, -41.266 ], [ -69.733, -41.266 ], [ -69.733, -41.233 ], [ -69.733, -41.199 ], [ -69.699, -41.199 ], [ -69.699, -41.166 ], [ -69.699, -41.133 ], [ -69.699, -41.099 ], [ -69.699, -41.066 ], [ -69.666, -41.066 ], [ -69.666, -41.033 ], [ -69.699, -41.033 ], [ -69.699, -40.999 ], [ -69.699, -40.966 ], [ -69.733, -40.966 ], [ -69.733, -40.933 ], [ -69.733, -40.899 ], [ -69.766, -40.899 ], [ -69.766, -40.866 ], [ -69.733, -40.866 ], [ -69.733, -40.833 ], [ -69.733, -40.799 ], [ -69.699, -40.799 ], [ -69.699, -40.766 ], [ -69.666, -40.766 ], [ -69.666, -40.733 ], [ -69.633, -40.733 ], [ -69.633, -40.699 ], [ -69.599, -40.699 ], [ -69.566, -40.699 ], [ -69.566, -40.666 ], [ -69.533, -40.666 ], [ -69.533, -40.699 ], [ -69.499, -40.699 ], [ -69.466, -40.699 ], [ -69.466, -40.666 ], [ -69.499, -40.666 ], [ -69.499, -40.633 ], [ -69.466, -40.633 ], [ -69.466, -40.599 ], [ -69.433, -40.599 ], [ -69.399, -40.599 ], [ -69.399, -40.566 ], [ -69.366, -40.566 ], [ -69.333, -40.566 ], [ -69.299, -40.566 ], [ -69.266, -40.566 ], [ -69.266, -40.599 ], [ -69.233, -40.599 ], [ -69.233, -40.633 ], [ -69.199, -40.633 ], [ -69.199, -40.666 ], [ -69.199, -40.699 ], [ -69.233, -40.699 ], [ -69.233, -40.733 ], [ -69.233, -40.766 ], [ -69.266, -40.766 ], [ -69.266, -40.799 ], [ -69.266, -40.833 ], [ -69.299, -40.833 ], [ -69.299, -40.866 ], [ -69.333, -40.866 ], [ -69.333, -40.899 ], [ -69.333, -40.933 ], [ -69.333, -40.966 ], [ -69.333, -40.999 ], [ -69.366, -40.999 ], [ -69.366, -41.033 ], [ -69.366, -41.066 ], [ -69.366, -41.099 ], [ -69.366, -41.133 ], [ -69.366, -41.166 ], [ -69.366, -41.199 ], [ -69.366, -41.233 ], [ -69.366, -41.266 ], [ -69.366, -41.299 ], [ -69.333, -41.299 ], [ -69.333, -41.333 ] ] ], [ [ [ -70.066, -40.799 ], [ -70.066, -40.766 ], [ -70.099, -40.766 ], [ -70.099, -40.799 ], [ -70.066, -40.799 ], [ -70.066, -40.833 ], [ -70.099, -40.833 ], [ -70.099, -40.866 ], [ -70.066, -40.866 ], [ -70.066, -40.899 ], [ -70.033, -40.899 ], [ -70.033, -40.933 ], [ -69.999, -40.933 ], [ -69.966, -40.933 ], [ -69.966, -40.966 ], [ -69.966, -40.999 ], [ -69.966, -41.033 ], [ -69.999, -41.033 ], [ -70.033, -41.033 ], [ -70.066, -41.033 ], [ -70.099, -41.033 ], [ -70.099, -40.999 ], [ -70.133, -40.999 ], [ -70.166, -40.999 ], [ -70.166, -41.033 ], [ -70.133, -41.033 ], [ -70.133, -41.066 ], [ -70.099, -41.066 ], [ -70.099, -41.099 ], [ -70.066, -41.099 ], [ -70.066, -41.133 ], [ -70.066, -41.166 ], [ -70.066, -41.199 ], [ -70.099, -41.199 ], [ -70.099, -41.233 ], [ -70.133, -41.233 ], [ -70.133, -41.266 ], [ -70.166, -41.266 ], [ -70.166, -41.299 ], [ -70.166, -41.333 ], [ -70.199, -41.333 ], [ -70.233, -41.333 ], [ -70.266, -41.333 ], [ -70.266, -41.299 ], [ -70.299, -41.299 ], [ -70.299, -41.333 ], [ -70.333, -41.333 ], [ -70.366, -41.333 ], [ -70.366, -41.366 ], [ -70.399, -41.366 ], [ -70.399, -41.399 ], [ -70.399, -41.433 ], [ -70.433, -41.433 ], [ -70.433, -41.466 ], [ -70.466, -41.466 ], [ -70.466, -41.499 ], [ -70.466, -41.533 ], [ -70.466, -41.566 ], [ -70.466, -41.599 ], [ -70.466, -41.633 ], [ -70.466, -41.666 ], [ -70.466, -41.699 ], [ -70.433, -41.699 ], [ -70.433, -41.733 ], [ -70.399, -41.733 ], [ -70.399, -41.766 ], [ -70.366, -41.766 ], [ -70.366, -41.799 ], [ -70.366, -41.833 ], [ -70.333, -41.833 ], [ -70.333, -41.866 ], [ -70.299, -41.866 ], [ -70.299, -41.899 ], [ -70.266, -41.899 ], [ -70.233, -41.899 ], [ -70.233, -41.866 ], [ -70.199, -41.866 ], [ -70.166, -41.866 ], [ -70.133, -41.866 ], [ -70.099, -41.866 ], [ -70.099, -41.899 ], [ -70.066, -41.899 ], [ -70.033, -41.899 ], [ -70.033, -41.866 ], [ -70.033, -41.833 ], [ -70.066, -41.833 ], [ -70.099, -41.833 ], [ -70.099, -41.799 ], [ -70.133, -41.799 ], [ -70.166, -41.799 ], [ -70.166, -41.766 ], [ -70.199, -41.766 ], [ -70.199, -41.733 ], [ -70.166, -41.733 ], [ -70.133, -41.733 ], [ -70.133, -41.699 ], [ -70.133, -41.666 ], [ -70.099, -41.666 ], [ -70.099, -41.699 ], [ -70.066, -41.699 ], [ -70.066, -41.733 ], [ -70.033, -41.733 ], [ -70.033, -41.766 ], [ -69.999, -41.766 ], [ -69.966, -41.766 ], [ -69.933, -41.766 ], [ -69.933, -41.799 ], [ -69.899, -41.799 ], [ -69.899, -41.833 ], [ -69.899, -41.866 ], [ -69.866, -41.866 ], [ -69.866, -41.899 ], [ -69.866, -41.933 ], [ -69.866, -41.966 ], [ -69.833, -41.966 ], [ -69.833, -41.999 ], [ -69.799, -41.999 ], [ -69.766, -41.999 ], [ -69.733, -41.999 ], [ -69.699, -41.999 ], [ -69.666, -41.999 ], [ -69.666, -42.033 ], [ -69.633, -42.033 ], [ -69.633, -42.066 ], [ -69.633, -42.099 ], [ -69.599, -42.099 ], [ -69.566, -42.099 ], [ -69.566, -42.133 ], [ -69.533, -42.133 ], [ -69.533, -42.166 ], [ -69.499, -42.166 ], [ -69.499, -42.199 ], [ -69.466, -42.199 ], [ -69.466, -42.233 ], [ -69.466, -42.266 ], [ -69.466, -42.299 ], [ -69.499, -42.299 ], [ -69.533, -42.299 ], [ -69.533, -42.333 ], [ -69.566, -42.333 ], [ -69.566, -42.366 ], [ -69.599, -42.366 ], [ -69.633, -42.366 ], [ -69.666, -42.366 ], [ -69.699, -42.366 ], [ -69.699, -42.333 ], [ -69.699, -42.299 ], [ -69.733, -42.299 ], [ -69.733, -42.266 ], [ -69.766, -42.266 ], [ -69.799, -42.266 ], [ -69.833, -42.266 ], [ -69.866, -42.266 ], [ -69.899, -42.266 ], [ -69.899, -42.233 ], [ -69.933, -42.233 ], [ -69.966, -42.233 ], [ -69.999, -42.233 ], [ -70.033, -42.233 ], [ -70.033, -42.199 ], [ -70.066, -42.199 ], [ -70.066, -42.166 ], [ -70.099, -42.166 ], [ -70.099, -42.133 ], [ -70.099, -42.099 ], [ -70.133, -42.099 ], [ -70.133, -42.066 ], [ -70.166, -42.066 ], [ -70.166, -42.099 ], [ -70.199, -42.099 ], [ -70.233, -42.099 ], [ -70.233, -42.066 ], [ -70.266, -42.066 ], [ -70.266, -42.033 ], [ -70.266, -41.999 ], [ -70.299, -41.999 ], [ -70.333, -41.999 ], [ -70.333, -42.033 ], [ -70.366, -42.033 ], [ -70.366, -42.066 ], [ -70.366, -42.099 ], [ -70.399, -42.099 ], [ -70.399, -42.133 ], [ -70.399, -42.166 ], [ -70.366, -42.166 ], [ -70.366, -42.199 ], [ -70.333, -42.199 ], [ -70.299, -42.199 ], [ -70.299, -42.233 ], [ -70.299, -42.266 ], [ -70.299, -42.299 ], [ -70.266, -42.299 ], [ -70.266, -42.266 ], [ -70.233, -42.266 ], [ -70.233, -42.233 ], [ -70.199, -42.233 ], [ -70.199, -42.266 ], [ -70.199, -42.299 ], [ -70.233, -42.299 ], [ -70.233, -42.333 ], [ -70.266, -42.333 ], [ -70.266, -42.366 ], [ -70.266, -42.399 ], [ -70.299, -42.399 ], [ -70.299, -42.366 ], [ -70.333, -42.366 ], [ -70.366, -42.366 ], [ -70.366, -42.399 ], [ -70.366, -42.433 ], [ -70.366, -42.466 ], [ -70.366, -42.499 ], [ -70.333, -42.499 ], [ -70.333, -42.533 ], [ -70.299, -42.533 ], [ -70.299, -42.566 ], [ -70.266, -42.566 ], [ -70.266, -42.599 ], [ -70.299, -42.599 ], [ -70.333, -42.599 ], [ -70.333, -42.566 ], [ -70.366, -42.566 ], [ -70.399, -42.566 ], [ -70.433, -42.566 ], [ -70.466, -42.566 ], [ -70.466, -42.533 ], [ -70.499, -42.533 ], [ -70.533, -42.533 ], [ -70.533, -42.499 ], [ -70.499, -42.499 ], [ -70.499, -42.466 ], [ -70.466, -42.466 ], [ -70.466, -42.499 ], [ -70.433, -42.499 ], [ -70.399, -42.499 ], [ -70.399, -42.466 ], [ -70.433, -42.466 ], [ -70.433, -42.433 ], [ -70.466, -42.433 ], [ -70.466, -42.399 ], [ -70.466, -42.366 ], [ -70.433, -42.366 ], [ -70.433, -42.333 ], [ -70.399, -42.333 ], [ -70.399, -42.299 ], [ -70.366, -42.299 ], [ -70.366, -42.266 ], [ -70.399, -42.266 ], [ -70.433, -42.266 ], [ -70.433, -42.233 ], [ -70.466, -42.233 ], [ -70.466, -42.199 ], [ -70.499, -42.199 ], [ -70.499, -42.166 ], [ -70.466, -42.166 ], [ -70.466, -42.133 ], [ -70.433, -42.133 ], [ -70.433, -42.099 ], [ -70.466, -42.099 ], [ -70.466, -42.066 ], [ -70.466, -42.033 ], [ -70.433, -42.033 ], [ -70.399, -42.033 ], [ -70.399, -41.999 ], [ -70.399, -41.966 ], [ -70.366, -41.966 ], [ -70.366, -41.933 ], [ -70.399, -41.933 ], [ -70.399, -41.966 ], [ -70.433, -41.966 ], [ -70.433, -41.999 ], [ -70.466, -41.999 ], [ -70.466, -42.033 ], [ -70.499, -42.033 ], [ -70.499, -42.066 ], [ -70.499, -42.099 ], [ -70.533, -42.099 ], [ -70.533, -42.133 ], [ -70.533, -42.166 ], [ -70.566, -42.166 ], [ -70.566, -42.133 ], [ -70.599, -42.133 ], [ -70.599, -42.166 ], [ -70.633, -42.166 ], [ -70.633, -42.133 ], [ -70.666, -42.133 ], [ -70.666, -42.099 ], [ -70.666, -42.066 ], [ -70.666, -42.033 ], [ -70.699, -42.033 ], [ -70.699, -41.999 ], [ -70.699, -41.966 ], [ -70.699, -41.933 ], [ -70.699, -41.899 ], [ -70.733, -41.899 ], [ -70.733, -41.866 ], [ -70.766, -41.866 ], [ -70.766, -41.899 ], [ -70.766, -41.933 ], [ -70.766, -41.966 ], [ -70.766, -41.999 ], [ -70.799, -41.999 ], [ -70.833, -41.999 ], [ -70.833, -42.033 ], [ -70.833, -42.066 ], [ -70.866, -42.066 ], [ -70.899, -42.066 ], [ -70.933, -42.066 ], [ -70.933, -42.033 ], [ -70.966, -42.033 ], [ -70.999, -42.033 ], [ -70.999, -42.066 ], [ -70.999, -42.099 ], [ -71.033, -42.099 ], [ -71.033, -42.133 ], [ -70.999, -42.133 ], [ -70.999, -42.166 ], [ -71.033, -42.166 ], [ -71.033, -42.199 ], [ -71.066, -42.199 ], [ -71.066, -42.166 ], [ -71.099, -42.166 ], [ -71.099, -42.199 ], [ -71.133, -42.199 ], [ -71.133, -42.166 ], [ -71.133, -42.133 ], [ -71.099, -42.133 ], [ -71.066, -42.133 ], [ -71.066, -42.099 ], [ -71.066, -42.066 ], [ -71.033, -42.066 ], [ -71.033, -42.033 ], [ -71.033, -41.999 ], [ -70.999, -41.999 ], [ -70.999, -41.966 ], [ -70.999, -41.933 ], [ -70.999, -41.899 ], [ -70.999, -41.866 ], [ -71.033, -41.866 ], [ -71.066, -41.866 ], [ -71.066, -41.833 ], [ -71.033, -41.833 ], [ -70.999, -41.833 ], [ -70.999, -41.799 ], [ -70.966, -41.799 ], [ -70.966, -41.766 ], [ -70.933, -41.766 ], [ -70.933, -41.733 ], [ -70.933, -41.699 ], [ -70.899, -41.699 ], [ -70.899, -41.733 ], [ -70.866, -41.733 ], [ -70.833, -41.733 ], [ -70.799, -41.733 ], [ -70.799, -41.766 ], [ -70.766, -41.766 ], [ -70.733, -41.766 ], [ -70.733, -41.733 ], [ -70.766, -41.733 ], [ -70.766, -41.699 ], [ -70.799, -41.699 ], [ -70.799, -41.666 ], [ -70.799, -41.633 ], [ -70.833, -41.633 ], [ -70.833, -41.599 ], [ -70.866, -41.599 ], [ -70.866, -41.566 ], [ -70.899, -41.566 ], [ -70.899, -41.533 ], [ -70.933, -41.533 ], [ -70.933, -41.499 ], [ -70.966, -41.499 ], [ -70.999, -41.499 ], [ -70.999, -41.533 ], [ -71.033, -41.533 ], [ -71.066, -41.533 ], [ -71.066, -41.499 ], [ -71.066, -41.466 ], [ -71.066, -41.433 ], [ -71.066, -41.399 ], [ -71.066, -41.366 ], [ -71.033, -41.366 ], [ -71.033, -41.333 ], [ -71.066, -41.333 ], [ -71.066, -41.299 ], [ -71.033, -41.299 ], [ -70.999, -41.299 ], [ -70.966, -41.299 ], [ -70.966, -41.266 ], [ -70.966, -41.233 ], [ -70.933, -41.233 ], [ -70.933, -41.199 ], [ -70.933, -41.166 ], [ -70.933, -41.133 ], [ -70.966, -41.133 ], [ -70.966, -41.099 ], [ -70.999, -41.099 ], [ -70.999, -41.133 ], [ -70.999, -41.166 ], [ -70.999, -41.199 ], [ -70.999, -41.233 ], [ -70.999, -41.266 ], [ -71.033, -41.266 ], [ -71.033, -41.233 ], [ -71.066, -41.233 ], [ -71.099, -41.233 ], [ -71.133, -41.233 ], [ -71.166, -41.233 ], [ -71.166, -41.199 ], [ -71.199, -41.199 ], [ -71.199, -41.233 ], [ -71.166, -41.233 ], [ -71.166, -41.266 ], [ -71.166, -41.299 ], [ -71.166, -41.333 ], [ -71.199, -41.333 ], [ -71.199, -41.299 ], [ -71.233, -41.299 ], [ -71.233, -41.333 ], [ -71.266, -41.333 ], [ -71.266, -41.366 ], [ -71.299, -41.366 ], [ -71.333, -41.366 ], [ -71.366, -41.366 ], [ -71.366, -41.399 ], [ -71.366, -41.433 ], [ -71.399, -41.433 ], [ -71.399, -41.466 ], [ -71.433, -41.466 ], [ -71.433, -41.433 ], [ -71.433, -41.399 ], [ -71.433, -41.366 ], [ -71.466, -41.366 ], [ -71.466, -41.333 ], [ -71.466, -41.299 ], [ -71.433, -41.299 ], [ -71.433, -41.266 ], [ -71.399, -41.266 ], [ -71.399, -41.233 ], [ -71.366, -41.233 ], [ -71.366, -41.266 ], [ -71.366, -41.299 ], [ -71.333, -41.299 ], [ -71.333, -41.333 ], [ -71.299, -41.333 ], [ -71.299, -41.299 ], [ -71.299, -41.266 ], [ -71.299, -41.233 ], [ -71.266, -41.233 ], [ -71.266, -41.266 ], [ -71.233, -41.266 ], [ -71.233, -41.233 ], [ -71.266, -41.233 ], [ -71.266, -41.199 ], [ -71.299, -41.199 ], [ -71.299, -41.166 ], [ -71.266, -41.166 ], [ -71.266, -41.133 ], [ -71.233, -41.133 ], [ -71.233, -41.099 ], [ -71.199, -41.099 ], [ -71.199, -41.066 ], [ -71.233, -41.066 ], [ -71.233, -41.033 ], [ -71.266, -41.033 ], [ -71.266, -40.999 ], [ -71.299, -40.999 ], [ -71.299, -40.966 ], [ -71.266, -40.966 ], [ -71.233, -40.966 ], [ -71.199, -40.966 ], [ -71.166, -40.966 ], [ -71.166, -40.933 ], [ -71.133, -40.933 ], [ -71.133, -40.899 ], [ -71.099, -40.899 ], [ -71.099, -40.866 ], [ -71.066, -40.866 ], [ -71.066, -40.899 ], [ -71.066, -40.933 ], [ -71.066, -40.966 ], [ -71.099, -40.966 ], [ -71.099, -40.999 ], [ -71.133, -40.999 ], [ -71.133, -41.033 ], [ -71.099, -41.033 ], [ -71.099, -41.066 ], [ -71.099, -41.099 ], [ -71.066, -41.099 ], [ -71.033, -41.099 ], [ -71.033, -41.066 ], [ -71.066, -41.066 ], [ -71.066, -41.033 ], [ -71.033, -41.033 ], [ -71.033, -40.999 ], [ -71.066, -40.999 ], [ -71.066, -40.966 ], [ -71.033, -40.966 ], [ -71.033, -40.933 ], [ -71.033, -40.899 ], [ -71.033, -40.866 ], [ -70.999, -40.866 ], [ -70.999, -40.899 ], [ -70.966, -40.899 ], [ -70.966, -40.933 ], [ -70.966, -40.966 ], [ -70.999, -40.966 ], [ -70.999, -40.999 ], [ -70.999, -41.033 ], [ -70.966, -41.033 ], [ -70.966, -41.066 ], [ -70.933, -41.066 ], [ -70.933, -41.099 ], [ -70.899, -41.099 ], [ -70.899, -41.066 ], [ -70.933, -41.066 ], [ -70.933, -41.033 ], [ -70.933, -40.999 ], [ -70.899, -40.999 ], [ -70.899, -40.966 ], [ -70.899, -40.933 ], [ -70.933, -40.933 ], [ -70.933, -40.899 ], [ -70.899, -40.899 ], [ -70.899, -40.866 ], [ -70.866, -40.866 ], [ -70.833, -40.866 ], [ -70.833, -40.899 ], [ -70.799, -40.899 ], [ -70.766, -40.899 ], [ -70.766, -40.866 ], [ -70.733, -40.866 ], [ -70.733, -40.833 ], [ -70.766, -40.833 ], [ -70.799, -40.833 ], [ -70.833, -40.833 ], [ -70.866, -40.833 ], [ -70.899, -40.833 ], [ -70.899, -40.799 ], [ -70.933, -40.799 ], [ -70.933, -40.766 ], [ -70.966, -40.766 ], [ -70.999, -40.766 ], [ -70.999, -40.799 ], [ -70.966, -40.799 ], [ -70.966, -40.833 ], [ -70.966, -40.866 ], [ -70.999, -40.866 ], [ -70.999, -40.833 ], [ -71.033, -40.833 ], [ -71.033, -40.866 ], [ -71.066, -40.866 ], [ -71.066, -40.833 ], [ -71.066, -40.799 ], [ -71.099, -40.799 ], [ -71.099, -40.766 ], [ -71.066, -40.766 ], [ -71.033, -40.766 ], [ -71.033, -40.733 ], [ -70.999, -40.733 ], [ -70.999, -40.699 ], [ -70.966, -40.699 ], [ -70.933, -40.699 ], [ -70.933, -40.666 ], [ -70.899, -40.666 ], [ -70.899, -40.699 ], [ -70.899, -40.733 ], [ -70.866, -40.733 ], [ -70.866, -40.766 ], [ -70.833, -40.766 ], [ -70.833, -40.733 ], [ -70.866, -40.733 ], [ -70.866, -40.699 ], [ -70.833, -40.699 ], [ -70.833, -40.666 ], [ -70.799, -40.666 ], [ -70.799, -40.699 ], [ -70.766, -40.699 ], [ -70.766, -40.733 ], [ -70.766, -40.766 ], [ -70.733, -40.766 ], [ -70.699, -40.766 ], [ -70.699, -40.799 ], [ -70.699, -40.833 ], [ -70.699, -40.866 ], [ -70.699, -40.899 ], [ -70.733, -40.899 ], [ -70.733, -40.933 ], [ -70.766, -40.933 ], [ -70.766, -40.966 ], [ -70.733, -40.966 ], [ -70.733, -40.933 ], [ -70.699, -40.933 ], [ -70.699, -40.966 ], [ -70.666, -40.966 ], [ -70.666, -40.999 ], [ -70.666, -41.033 ], [ -70.633, -41.033 ], [ -70.633, -40.999 ], [ -70.633, -40.966 ], [ -70.633, -40.933 ], [ -70.666, -40.933 ], [ -70.699, -40.933 ], [ -70.699, -40.899 ], [ -70.666, -40.899 ], [ -70.633, -40.899 ], [ -70.633, -40.866 ], [ -70.633, -40.833 ], [ -70.633, -40.799 ], [ -70.633, -40.766 ], [ -70.633, -40.733 ], [ -70.599, -40.733 ], [ -70.566, -40.733 ], [ -70.566, -40.699 ], [ -70.533, -40.699 ], [ -70.533, -40.666 ], [ -70.533, -40.633 ], [ -70.499, -40.633 ], [ -70.466, -40.633 ], [ -70.466, -40.666 ], [ -70.466, -40.699 ], [ -70.433, -40.699 ], [ -70.433, -40.733 ], [ -70.433, -40.766 ], [ -70.433, -40.799 ], [ -70.466, -40.799 ], [ -70.466, -40.833 ], [ -70.433, -40.833 ], [ -70.433, -40.799 ], [ -70.399, -40.799 ], [ -70.399, -40.766 ], [ -70.366, -40.766 ], [ -70.333, -40.766 ], [ -70.299, -40.766 ], [ -70.299, -40.799 ], [ -70.299, -40.833 ], [ -70.299, -40.866 ], [ -70.333, -40.866 ], [ -70.333, -40.899 ], [ -70.299, -40.899 ], [ -70.266, -40.899 ], [ -70.266, -40.933 ], [ -70.266, -40.966 ], [ -70.266, -40.999 ], [ -70.299, -40.999 ], [ -70.299, -41.033 ], [ -70.333, -41.033 ], [ -70.333, -40.999 ], [ -70.366, -40.999 ], [ -70.399, -40.999 ], [ -70.399, -40.966 ], [ -70.433, -40.966 ], [ -70.433, -40.933 ], [ -70.399, -40.933 ], [ -70.399, -40.899 ], [ -70.366, -40.899 ], [ -70.366, -40.866 ], [ -70.366, -40.833 ], [ -70.399, -40.833 ], [ -70.399, -40.866 ], [ -70.433, -40.866 ], [ -70.433, -40.899 ], [ -70.466, -40.899 ], [ -70.499, -40.899 ], [ -70.499, -40.933 ], [ -70.533, -40.933 ], [ -70.566, -40.933 ], [ -70.566, -40.966 ], [ -70.533, -40.966 ], [ -70.499, -40.966 ], [ -70.466, -40.966 ], [ -70.466, -40.999 ], [ -70.466, -41.033 ], [ -70.433, -41.033 ], [ -70.399, -41.033 ], [ -70.366, -41.033 ], [ -70.366, -41.066 ], [ -70.399, -41.066 ], [ -70.433, -41.066 ], [ -70.433, -41.099 ], [ -70.466, -41.099 ], [ -70.466, -41.066 ], [ -70.499, -41.066 ], [ -70.533, -41.066 ], [ -70.533, -41.099 ], [ -70.499, -41.099 ], [ -70.499, -41.133 ], [ -70.499, -41.166 ], [ -70.533, -41.166 ], [ -70.533, -41.199 ], [ -70.533, -41.233 ], [ -70.533, -41.266 ], [ -70.499, -41.266 ], [ -70.466, -41.266 ], [ -70.466, -41.299 ], [ -70.466, -41.333 ], [ -70.433, -41.333 ], [ -70.433, -41.299 ], [ -70.433, -41.266 ], [ -70.399, -41.266 ], [ -70.399, -41.233 ], [ -70.366, -41.233 ], [ -70.366, -41.266 ], [ -70.333, -41.266 ], [ -70.333, -41.233 ], [ -70.299, -41.233 ], [ -70.266, -41.233 ], [ -70.266, -41.199 ], [ -70.299, -41.199 ], [ -70.299, -41.166 ], [ -70.299, -41.133 ], [ -70.299, -41.099 ], [ -70.299, -41.066 ], [ -70.266, -41.066 ], [ -70.233, -41.066 ], [ -70.233, -41.099 ], [ -70.199, -41.099 ], [ -70.199, -41.066 ], [ -70.199, -41.033 ], [ -70.199, -40.999 ], [ -70.199, -40.966 ], [ -70.199, -40.933 ], [ -70.166, -40.933 ], [ -70.133, -40.933 ], [ -70.133, -40.966 ], [ -70.099, -40.966 ], [ -70.099, -40.933 ], [ -70.133, -40.933 ], [ -70.133, -40.899 ], [ -70.166, -40.899 ], [ -70.199, -40.899 ], [ -70.199, -40.866 ], [ -70.199, -40.833 ], [ -70.199, -40.799 ], [ -70.166, -40.799 ], [ -70.166, -40.766 ], [ -70.133, -40.766 ], [ -70.133, -40.733 ], [ -70.133, -40.699 ], [ -70.099, -40.699 ], [ -70.099, -40.666 ], [ -70.066, -40.666 ], [ -70.066, -40.633 ], [ -70.066, -40.599 ], [ -70.099, -40.599 ], [ -70.133, -40.599 ], [ -70.133, -40.566 ], [ -70.133, -40.533 ], [ -70.099, -40.533 ], [ -70.099, -40.499 ], [ -70.066, -40.499 ], [ -70.033, -40.499 ], [ -70.033, -40.533 ], [ -69.999, -40.533 ], [ -69.999, -40.499 ], [ -69.966, -40.499 ], [ -69.966, -40.533 ], [ -69.933, -40.533 ], [ -69.933, -40.566 ], [ -69.966, -40.566 ], [ -69.999, -40.566 ], [ -69.999, -40.599 ], [ -69.999, -40.633 ], [ -69.999, -40.666 ], [ -69.966, -40.666 ], [ -69.966, -40.699 ], [ -69.999, -40.699 ], [ -69.999, -40.733 ], [ -69.966, -40.733 ], [ -69.966, -40.766 ], [ -69.966, -40.799 ], [ -69.999, -40.799 ], [ -69.999, -40.833 ], [ -70.033, -40.833 ], [ -70.033, -40.799 ], [ -70.066, -40.799 ] ], [ [ -70.633, -41.399 ], [ -70.633, -41.433 ], [ -70.599, -41.433 ], [ -70.566, -41.433 ], [ -70.533, -41.433 ], [ -70.533, -41.399 ], [ -70.533, -41.366 ], [ -70.533, -41.333 ], [ -70.566, -41.333 ], [ -70.566, -41.366 ], [ -70.599, -41.366 ], [ -70.599, -41.399 ], [ -70.633, -41.399 ] ], [ [ -69.866, -42.066 ], [ -69.866, -42.099 ], [ -69.833, -42.099 ], [ -69.833, -42.133 ], [ -69.799, -42.133 ], [ -69.799, -42.166 ], [ -69.766, -42.166 ], [ -69.733, -42.166 ], [ -69.733, -42.133 ], [ -69.733, -42.099 ], [ -69.766, -42.099 ], [ -69.799, -42.099 ], [ -69.799, -42.066 ], [ -69.833, -42.066 ], [ -69.866, -42.066 ] ] ], [ [ [ -70.033, -40.733 ], [ -70.033, -40.699 ], [ -70.066, -40.699 ], [ -70.066, -40.733 ], [ -70.033, -40.733 ] ] ], [ [ [ -70.766, -41.266 ], [ -70.766, -41.233 ], [ -70.766, -41.199 ], [ -70.799, -41.199 ], [ -70.833, -41.199 ], [ -70.833, -41.233 ], [ -70.866, -41.233 ], [ -70.899, -41.233 ], [ -70.899, -41.266 ], [ -70.899, -41.299 ], [ -70.933, -41.299 ], [ -70.933, -41.333 ], [ -70.966, -41.333 ], [ -70.999, -41.333 ], [ -70.999, -41.366 ], [ -70.966, -41.366 ], [ -70.933, -41.366 ], [ -70.933, -41.399 ], [ -70.933, -41.433 ], [ -70.899, -41.433 ], [ -70.899, -41.399 ], [ -70.899, -41.366 ], [ -70.866, -41.366 ], [ -70.866, -41.333 ], [ -70.833, -41.333 ], [ -70.833, -41.299 ], [ -70.799, -41.299 ], [ -70.766, -41.299 ], [ -70.766, -41.266 ] ] ], [ [ [ -70.699, -41.233 ], [ -70.699, -41.266 ], [ -70.666, -41.266 ], [ -70.666, -41.233 ], [ -70.666, -41.199 ], [ -70.666, -41.166 ], [ -70.666, -41.133 ], [ -70.666, -41.099 ], [ -70.699, -41.099 ], [ -70.733, -41.099 ], [ -70.766, -41.099 ], [ -70.799, -41.099 ], [ -70.799, -41.133 ], [ -70.799, -41.166 ], [ -70.766, -41.166 ], [ -70.733, -41.166 ], [ -70.733, -41.199 ], [ -70.699, -41.199 ], [ -70.699, -41.233 ] ] ], [ [ [ -70.599, -41.133 ], [ -70.599, -41.166 ], [ -70.566, -41.166 ], [ -70.566, -41.133 ], [ -70.599, -41.133 ] ] ], [ [ [ -70.766, -41.066 ], [ -70.766, -41.033 ], [ -70.733, -41.033 ], [ -70.733, -40.999 ], [ -70.766, -40.999 ], [ -70.799, -40.999 ], [ -70.799, -40.966 ], [ -70.833, -40.966 ], [ -70.833, -40.999 ], [ -70.833, -41.033 ], [ -70.799, -41.033 ], [ -70.799, -41.066 ], [ -70.766, -41.066 ] ] ], [ [ [ -71.033, -41.433 ], [ -71.033, -41.466 ], [ -70.999, -41.466 ], [ -70.999, -41.433 ], [ -71.033, -41.433 ] ] ], [ [ [ -70.666, -41.499 ], [ -70.666, -41.533 ], [ -70.666, -41.566 ], [ -70.633, -41.566 ], [ -70.599, -41.566 ], [ -70.599, -41.533 ], [ -70.599, -41.499 ], [ -70.633, -41.499 ], [ -70.666, -41.499 ] ] ], [ [ [ -70.566, -41.766 ], [ -70.566, -41.799 ], [ -70.599, -41.799 ], [ -70.599, -41.833 ], [ -70.599, -41.866 ], [ -70.633, -41.866 ], [ -70.633, -41.899 ], [ -70.599, -41.899 ], [ -70.566, -41.899 ], [ -70.566, -41.933 ], [ -70.566, -41.966 ], [ -70.566, -41.999 ], [ -70.533, -41.999 ], [ -70.499, -41.999 ], [ -70.499, -41.966 ], [ -70.499, -41.933 ], [ -70.466, -41.933 ], [ -70.466, -41.899 ], [ -70.466, -41.866 ], [ -70.466, -41.833 ], [ -70.499, -41.833 ], [ -70.499, -41.799 ], [ -70.533, -41.799 ], [ -70.533, -41.766 ], [ -70.566, -41.766 ] ] ], [ [ [ -70.333, -41.933 ], [ -70.333, -41.966 ], [ -70.299, -41.966 ], [ -70.266, -41.966 ], [ -70.266, -41.933 ], [ -70.299, -41.933 ], [ -70.333, -41.933 ] ] ], [ [ [ -71.833, -40.533 ], [ -71.833, -40.566 ], [ -71.833, -40.586 ], [ -71.835, -40.586 ], [ -71.840, -40.586 ], [ -71.845, -40.582 ], [ -71.849, -40.587 ], [ -71.852, -40.590 ], [ -71.856, -40.592 ], [ -71.859, -40.590 ], [ -71.861, -40.587 ], [ -71.864, -40.584 ], [ -71.867, -40.580 ], [ -71.868, -40.575 ], [ -71.869, -40.573 ], [ -71.872, -40.569 ], [ -71.874, -40.567 ], [ -71.876, -40.565 ], [ -71.877, -40.564 ], [ -71.878, -40.563 ], [ -71.882, -40.562 ], [ -71.886, -40.561 ], [ -71.887, -40.558 ], [ -71.888, -40.555 ], [ -71.888, -40.551 ], [ -71.886, -40.552 ], [ -71.884, -40.552 ], [ -71.881, -40.553 ], [ -71.876, -40.554 ], [ -71.871, -40.555 ], [ -71.867, -40.556 ], [ -71.864, -40.556 ], [ -71.862, -40.554 ], [ -71.859, -40.554 ], [ -71.859, -40.553 ], [ -71.859, -40.551 ], [ -71.860, -40.548 ], [ -71.860, -40.546 ], [ -71.859, -40.543 ], [ -71.858, -40.539 ], [ -71.856, -40.536 ], [ -71.855, -40.532 ], [ -71.854, -40.530 ], [ -71.852, -40.526 ], [ -71.850, -40.525 ], [ -71.843, -40.525 ], [ -71.843, -40.521 ], [ -71.845, -40.519 ], [ -71.849, -40.518 ], [ -71.852, -40.516 ], [ -71.854, -40.513 ], [ -71.855, -40.510 ], [ -71.854, -40.506 ], [ -71.851, -40.502 ], [ -71.849, -40.499 ], [ -71.846, -40.495 ], [ -71.846, -40.494 ], [ -71.845, -40.492 ], [ -71.842, -40.490 ], [ -71.833, -40.499 ], [ -71.833, -40.533 ] ] ], [ [ [ -71.799, -40.466 ], [ -71.766, -40.466 ], [ -71.766, -40.499 ], [ -71.799, -40.499 ], [ -71.799, -40.466 ] ] ], [ [ [ -71.133, -40.533 ], [ -71.133, -40.499 ], [ -71.133, -40.466 ], [ -71.099, -40.466 ], [ -71.066, -40.466 ], [ -71.066, -40.499 ], [ -71.099, -40.499 ], [ -71.099, -40.533 ], [ -71.133, -40.533 ] ] ], [ [ [ -71.799, -40.466 ], [ -71.840, -40.466 ], [ -71.838, -40.465 ], [ -71.837, -40.462 ], [ -71.838, -40.460 ], [ -71.840, -40.457 ], [ -71.841, -40.455 ], [ -71.841, -40.452 ], [ -71.839, -40.450 ], [ -71.837, -40.447 ], [ -71.835, -40.445 ], [ -71.832, -40.444 ], [ -71.830, -40.442 ], [ -71.829, -40.440 ], [ -71.828, -40.437 ], [ -71.824, -40.436 ], [ -71.821, -40.435 ], [ -71.820, -40.434 ], [ -71.820, -40.433 ], [ -71.799, -40.433 ], [ -71.799, -40.466 ] ] ], [ [ [ -71.133, -40.466 ], [ -71.166, -40.466 ], [ -71.166, -40.433 ], [ -71.133, -40.433 ], [ -71.133, -40.466 ] ] ], [ [ [ -71.066, -40.466 ], [ -71.066, -40.433 ], [ -71.033, -40.433 ], [ -70.999, -40.433 ], [ -70.966, -40.433 ], [ -70.966, -40.466 ], [ -70.966, -40.499 ], [ -70.999, -40.499 ], [ -70.999, -40.533 ], [ -70.966, -40.533 ], [ -70.933, -40.533 ], [ -70.933, -40.566 ], [ -70.966, -40.566 ], [ -70.999, -40.566 ], [ -71.033, -40.566 ], [ -71.033, -40.599 ], [ -71.033, -40.633 ], [ -71.033, -40.666 ], [ -71.066, -40.666 ], [ -71.066, -40.633 ], [ -71.066, -40.599 ], [ -71.066, -40.566 ], [ -71.066, -40.533 ], [ -71.033, -40.533 ], [ -71.033, -40.499 ], [ -71.033, -40.466 ], [ -71.066, -40.466 ] ] ], [ [ [ -71.066, -40.433 ], [ -71.099, -40.433 ], [ -71.133, -40.433 ], [ -71.133, -40.399 ], [ -71.099, -40.399 ], [ -71.066, -40.399 ], [ -71.066, -40.433 ] ] ], [ [ [ -69.999, -40.499 ], [ -70.033, -40.499 ], [ -70.033, -40.466 ], [ -70.033, -40.433 ], [ -69.999, -40.433 ], [ -69.999, -40.399 ], [ -69.966, -40.399 ], [ -69.966, -40.433 ], [ -69.933, -40.433 ], [ -69.899, -40.433 ], [ -69.899, -40.399 ], [ -69.866, -40.399 ], [ -69.866, -40.433 ], [ -69.833, -40.433 ], [ -69.833, -40.466 ], [ -69.799, -40.466 ], [ -69.799, -40.499 ], [ -69.833, -40.499 ], [ -69.866, -40.499 ], [ -69.866, -40.533 ], [ -69.899, -40.533 ], [ -69.899, -40.499 ], [ -69.899, -40.466 ], [ -69.933, -40.466 ], [ -69.966, -40.466 ], [ -69.999, -40.466 ], [ -69.999, -40.499 ] ] ], [ [ [ -71.299, -40.199 ], [ -71.333, -40.199 ], [ -71.333, -40.166 ], [ -71.299, -40.166 ], [ -71.299, -40.199 ] ] ], [ [ [ -71.633, -40.133 ], [ -71.666, -40.133 ], [ -71.666, -40.099 ], [ -71.633, -40.099 ], [ -71.633, -40.133 ] ] ], [ [ [ -71.066, -40.399 ], [ -71.066, -40.366 ], [ -71.066, -40.333 ], [ -71.099, -40.333 ], [ -71.133, -40.333 ], [ -71.133, -40.299 ], [ -71.099, -40.299 ], [ -71.066, -40.299 ], [ -71.066, -40.266 ], [ -71.099, -40.266 ], [ -71.099, -40.233 ], [ -71.099, -40.199 ], [ -71.133, -40.199 ], [ -71.166, -40.199 ], [ -71.166, -40.166 ], [ -71.199, -40.166 ], [ -71.233, -40.166 ], [ -71.266, -40.166 ], [ -71.266, -40.133 ], [ -71.233, -40.133 ], [ -71.199, -40.133 ], [ -71.166, -40.133 ], [ -71.166, -40.099 ], [ -71.133, -40.099 ], [ -71.099, -40.099 ], [ -71.066, -40.099 ], [ -71.066, -40.133 ], [ -71.033, -40.133 ], [ -70.999, -40.133 ], [ -70.966, -40.133 ], [ -70.966, -40.166 ], [ -70.999, -40.166 ], [ -70.999, -40.199 ], [ -71.033, -40.199 ], [ -71.033, -40.233 ], [ -70.999, -40.233 ], [ -70.966, -40.233 ], [ -70.966, -40.266 ], [ -70.966, -40.299 ], [ -70.966, -40.333 ], [ -70.966, -40.366 ], [ -70.999, -40.366 ], [ -70.999, -40.333 ], [ -71.033, -40.333 ], [ -71.033, -40.366 ], [ -71.033, -40.399 ], [ -71.066, -40.399 ] ] ], [ [ [ -71.599, -40.033 ], [ -71.633, -40.033 ], [ -71.688, -40.033 ], [ -71.687, -40.031 ], [ -71.686, -40.029 ], [ -71.685, -40.025 ], [ -71.685, -40.022 ], [ -71.683, -40.020 ], [ -71.680, -40.017 ], [ -71.676, -40.014 ], [ -71.671, -40.008 ], [ -71.669, -40.004 ], [ -71.665, -40.000 ], [ -71.665, -39.999 ], [ -71.633, -39.999 ], [ -71.599, -39.999 ], [ -71.599, -40.033 ] ] ], [ [ [ -70.899, -39.999 ], [ -70.933, -39.999 ], [ -70.933, -39.966 ], [ -70.899, -39.966 ], [ -70.899, -39.999 ] ] ], [ [ [ -71.533, -39.933 ], [ -71.566, -39.933 ], [ -71.566, -39.899 ], [ -71.533, -39.899 ], [ -71.533, -39.933 ] ] ], [ [ [ -71.466, -39.866 ], [ -71.433, -39.866 ], [ -71.399, -39.866 ], [ -71.399, -39.899 ], [ -71.433, -39.899 ], [ -71.466, -39.899 ], [ -71.466, -39.866 ] ] ], [ [ [ -70.166, -39.833 ], [ -70.133, -39.833 ], [ -70.133, -39.866 ], [ -70.166, -39.866 ], [ -70.166, -39.833 ] ] ], [ [ [ -70.933, -39.799 ], [ -70.899, -39.799 ], [ -70.899, -39.833 ], [ -70.899, -39.866 ], [ -70.866, -39.866 ], [ -70.866, -39.899 ], [ -70.866, -39.933 ], [ -70.899, -39.933 ], [ -70.933, -39.933 ], [ -70.933, -39.899 ], [ -70.966, -39.899 ], [ -70.966, -39.933 ], [ -70.966, -39.966 ], [ -70.966, -39.999 ], [ -70.999, -39.999 ], [ -70.999, -39.966 ], [ -70.999, -39.933 ], [ -70.999, -39.899 ], [ -70.999, -39.866 ], [ -70.999, -39.833 ], [ -70.966, -39.833 ], [ -70.933, -39.833 ], [ -70.933, -39.799 ] ] ], [ [ [ -71.299, -39.733 ], [ -71.333, -39.733 ], [ -71.333, -39.699 ], [ -71.299, -39.699 ], [ -71.299, -39.733 ] ] ], [ [ [ -71.333, -39.733 ], [ -71.333, -39.766 ], [ -71.333, -39.799 ], [ -71.366, -39.799 ], [ -71.399, -39.799 ], [ -71.433, -39.799 ], [ -71.466, -39.799 ], [ -71.499, -39.799 ], [ -71.533, -39.799 ], [ -71.533, -39.833 ], [ -71.499, -39.833 ], [ -71.466, -39.833 ], [ -71.466, -39.866 ], [ -71.499, -39.866 ], [ -71.533, -39.866 ], [ -71.566, -39.866 ], [ -71.599, -39.866 ], [ -71.599, -39.833 ], [ -71.633, -39.833 ], [ -71.666, -39.833 ], [ -71.682, -39.817 ], [ -71.681, -39.814 ], [ -71.680, -39.812 ], [ -71.678, -39.810 ], [ -71.673, -39.809 ], [ -71.670, -39.809 ], [ -71.666, -39.808 ], [ -71.668, -39.806 ], [ -71.671, -39.805 ], [ -71.676, -39.803 ], [ -71.680, -39.802 ], [ -71.684, -39.801 ], [ -71.684, -39.799 ], [ -71.633, -39.799 ], [ -71.633, -39.766 ], [ -71.666, -39.766 ], [ -71.666, -39.733 ], [ -71.633, -39.733 ], [ -71.633, -39.699 ], [ -71.633, -39.666 ], [ -71.666, -39.666 ], [ -71.666, -39.633 ], [ -71.633, -39.633 ], [ -71.633, -39.586 ], [ -71.631, -39.588 ], [ -71.627, -39.590 ], [ -71.624, -39.592 ], [ -71.623, -39.594 ], [ -71.620, -39.596 ], [ -71.617, -39.598 ], [ -71.616, -39.601 ], [ -71.616, -39.605 ], [ -71.615, -39.608 ], [ -71.613, -39.611 ], [ -71.611, -39.614 ], [ -71.613, -39.617 ], [ -71.613, -39.620 ], [ -71.614, -39.622 ], [ -71.612, -39.625 ], [ -71.610, -39.627 ], [ -71.606, -39.627 ], [ -71.601, -39.628 ], [ -71.598, -39.629 ], [ -71.597, -39.630 ], [ -71.599, -39.633 ], [ -71.599, -39.666 ], [ -71.599, -39.699 ], [ -71.566, -39.699 ], [ -71.533, -39.699 ], [ -71.499, -39.699 ], [ -71.499, -39.733 ], [ -71.466, -39.733 ], [ -71.466, -39.766 ], [ -71.433, -39.766 ], [ -71.433, -39.733 ], [ -71.399, -39.733 ], [ -71.366, -39.733 ], [ -71.333, -39.733 ] ] ], [ [ [ -71.533, -39.766 ], [ -71.533, -39.733 ], [ -71.566, -39.733 ], [ -71.599, -39.733 ], [ -71.599, -39.766 ], [ -71.566, -39.766 ], [ -71.533, -39.766 ] ] ], [ [ [ -69.966, -39.499 ], [ -69.966, -39.533 ], [ -69.933, -39.533 ], [ -69.899, -39.533 ], [ -69.866, -39.533 ], [ -69.866, -39.566 ], [ -69.899, -39.566 ], [ -69.899, -39.599 ], [ -69.933, -39.599 ], [ -69.933, -39.566 ], [ -69.966, -39.566 ], [ -69.999, -39.566 ], [ -69.999, -39.533 ], [ -69.999, -39.499 ], [ -69.966, -39.499 ] ] ], [ [ [ -71.099, -39.766 ], [ -71.099, -39.799 ], [ -71.066, -39.799 ], [ -71.066, -39.833 ], [ -71.066, -39.866 ], [ -71.099, -39.866 ], [ -71.099, -39.833 ], [ -71.133, -39.833 ], [ -71.133, -39.866 ], [ -71.099, -39.866 ], [ -71.099, -39.899 ], [ -71.133, -39.899 ], [ -71.166, -39.899 ], [ -71.166, -39.866 ], [ -71.166, -39.833 ], [ -71.199, -39.833 ], [ -71.199, -39.799 ], [ -71.233, -39.799 ], [ -71.233, -39.833 ], [ -71.199, -39.833 ], [ -71.199, -39.866 ], [ -71.199, -39.899 ], [ -71.199, -39.933 ], [ -71.199, -39.966 ], [ -71.233, -39.966 ], [ -71.233, -39.999 ], [ -71.199, -39.999 ], [ -71.166, -39.999 ], [ -71.166, -40.033 ], [ -71.199, -40.033 ], [ -71.199, -40.066 ], [ -71.233, -40.066 ], [ -71.266, -40.066 ], [ -71.266, -40.099 ], [ -71.299, -40.099 ], [ -71.299, -40.066 ], [ -71.333, -40.066 ], [ -71.333, -40.099 ], [ -71.333, -40.133 ], [ -71.366, -40.133 ], [ -71.399, -40.133 ], [ -71.433, -40.133 ], [ -71.466, -40.133 ], [ -71.466, -40.166 ], [ -71.433, -40.166 ], [ -71.433, -40.199 ], [ -71.399, -40.199 ], [ -71.366, -40.199 ], [ -71.366, -40.233 ], [ -71.399, -40.233 ], [ -71.433, -40.233 ], [ -71.466, -40.233 ], [ -71.466, -40.266 ], [ -71.499, -40.266 ], [ -71.499, -40.299 ], [ -71.499, -40.333 ], [ -71.466, -40.333 ], [ -71.466, -40.299 ], [ -71.433, -40.299 ], [ -71.433, -40.266 ], [ -71.399, -40.266 ], [ -71.399, -40.299 ], [ -71.366, -40.299 ], [ -71.333, -40.299 ], [ -71.299, -40.299 ], [ -71.299, -40.333 ], [ -71.299, -40.366 ], [ -71.266, -40.366 ], [ -71.233, -40.366 ], [ -71.233, -40.399 ], [ -71.233, -40.433 ], [ -71.199, -40.433 ], [ -71.199, -40.466 ], [ -71.166, -40.466 ], [ -71.166, -40.499 ], [ -71.199, -40.499 ], [ -71.233, -40.499 ], [ -71.233, -40.466 ], [ -71.266, -40.466 ], [ -71.266, -40.433 ], [ -71.266, -40.399 ], [ -71.299, -40.399 ], [ -71.333, -40.399 ], [ -71.333, -40.366 ], [ -71.366, -40.366 ], [ -71.366, -40.333 ], [ -71.399, -40.333 ], [ -71.433, -40.333 ], [ -71.433, -40.366 ], [ -71.466, -40.366 ], [ -71.466, -40.399 ], [ -71.499, -40.399 ], [ -71.499, -40.433 ], [ -71.499, -40.466 ], [ -71.466, -40.466 ], [ -71.433, -40.466 ], [ -71.399, -40.466 ], [ -71.366, -40.466 ], [ -71.333, -40.466 ], [ -71.299, -40.466 ], [ -71.266, -40.466 ], [ -71.266, -40.499 ], [ -71.233, -40.499 ], [ -71.233, -40.533 ], [ -71.199, -40.533 ], [ -71.166, -40.533 ], [ -71.133, -40.533 ], [ -71.133, -40.566 ], [ -71.166, -40.566 ], [ -71.199, -40.566 ], [ -71.233, -40.566 ], [ -71.266, -40.566 ], [ -71.266, -40.533 ], [ -71.299, -40.533 ], [ -71.333, -40.533 ], [ -71.333, -40.499 ], [ -71.366, -40.499 ], [ -71.399, -40.499 ], [ -71.433, -40.499 ], [ -71.466, -40.499 ], [ -71.499, -40.499 ], [ -71.533, -40.499 ], [ -71.533, -40.466 ], [ -71.566, -40.466 ], [ -71.566, -40.499 ], [ -71.599, -40.499 ], [ -71.599, -40.533 ], [ -71.633, -40.533 ], [ -71.666, -40.533 ], [ -71.699, -40.533 ], [ -71.699, -40.499 ], [ -71.733, -40.499 ], [ -71.733, -40.466 ], [ -71.733, -40.433 ], [ -71.730, -40.430 ], [ -71.727, -40.429 ], [ -71.724, -40.427 ], [ -71.721, -40.426 ], [ -71.717, -40.427 ], [ -71.713, -40.425 ], [ -71.709, -40.423 ], [ -71.699, -40.433 ], [ -71.666, -40.433 ], [ -71.666, -40.399 ], [ -71.666, -40.366 ], [ -71.662, -40.365 ], [ -71.657, -40.364 ], [ -71.656, -40.361 ], [ -71.656, -40.358 ], [ -71.655, -40.355 ], [ -71.656, -40.353 ], [ -71.657, -40.351 ], [ -71.658, -40.348 ], [ -71.662, -40.346 ], [ -71.665, -40.345 ], [ -71.669, -40.344 ], [ -71.671, -40.343 ], [ -71.671, -40.341 ], [ -71.669, -40.337 ], [ -71.669, -40.335 ], [ -71.670, -40.333 ], [ -71.633, -40.333 ], [ -71.599, -40.333 ], [ -71.599, -40.299 ], [ -71.566, -40.299 ], [ -71.533, -40.299 ], [ -71.533, -40.266 ], [ -71.533, -40.233 ], [ -71.566, -40.233 ], [ -71.566, -40.199 ], [ -71.599, -40.199 ], [ -71.633, -40.199 ], [ -71.633, -40.233 ], [ -71.599, -40.233 ], [ -71.566, -40.233 ], [ -71.566, -40.266 ], [ -71.599, -40.266 ], [ -71.599, -40.299 ], [ -71.633, -40.299 ], [ -71.666, -40.299 ], [ -71.666, -40.266 ], [ -71.699, -40.266 ], [ -71.699, -40.233 ], [ -71.733, -40.233 ], [ -71.733, -40.266 ], [ -71.766, -40.266 ], [ -71.766, -40.233 ], [ -71.766, -40.199 ], [ -71.766, -40.166 ], [ -71.766, -40.133 ], [ -71.766, -40.090 ], [ -71.765, -40.090 ], [ -71.761, -40.092 ], [ -71.757, -40.093 ], [ -71.753, -40.093 ], [ -71.750, -40.094 ], [ -71.746, -40.097 ], [ -71.741, -40.098 ], [ -71.737, -40.099 ], [ -71.734, -40.100 ], [ -71.733, -40.101 ], [ -71.733, -40.133 ], [ -71.699, -40.133 ], [ -71.666, -40.133 ], [ -71.666, -40.166 ], [ -71.633, -40.166 ], [ -71.633, -40.133 ], [ -71.599, -40.133 ], [ -71.599, -40.099 ], [ -71.566, -40.099 ], [ -71.533, -40.099 ], [ -71.533, -40.133 ], [ -71.499, -40.133 ], [ -71.499, -40.099 ], [ -71.466, -40.099 ], [ -71.433, -40.099 ], [ -71.399, -40.099 ], [ -71.366, -40.099 ], [ -71.366, -40.066 ], [ -71.399, -40.066 ], [ -71.433, -40.066 ], [ -71.466, -40.066 ], [ -71.466, -40.033 ], [ -71.499, -40.033 ], [ -71.499, -40.066 ], [ -71.533, -40.066 ], [ -71.566, -40.066 ], [ -71.599, -40.066 ], [ -71.599, -40.033 ], [ -71.566, -40.033 ], [ -71.533, -40.033 ], [ -71.533, -39.999 ], [ -71.533, -39.966 ], [ -71.533, -39.933 ], [ -71.499, -39.933 ], [ -71.499, -39.966 ], [ -71.466, -39.966 ], [ -71.466, -39.999 ], [ -71.433, -39.999 ], [ -71.399, -39.999 ], [ -71.366, -39.999 ], [ -71.333, -39.999 ], [ -71.299, -39.999 ], [ -71.299, -39.966 ], [ -71.299, -39.933 ], [ -71.333, -39.933 ], [ -71.366, -39.933 ], [ -71.366, -39.899 ], [ -71.333, -39.899 ], [ -71.299, -39.899 ], [ -71.299, -39.866 ], [ -71.333, -39.866 ], [ -71.333, -39.833 ], [ -71.333, -39.799 ], [ -71.299, -39.799 ], [ -71.266, -39.799 ], [ -71.266, -39.766 ], [ -71.299, -39.766 ], [ -71.299, -39.733 ], [ -71.266, -39.733 ], [ -71.233, -39.733 ], [ -71.233, -39.766 ], [ -71.199, -39.766 ], [ -71.199, -39.733 ], [ -71.233, -39.733 ], [ -71.233, -39.699 ], [ -71.266, -39.699 ], [ -71.266, -39.666 ], [ -71.299, -39.666 ], [ -71.333, -39.666 ], [ -71.366, -39.666 ], [ -71.366, -39.633 ], [ -71.399, -39.633 ], [ -71.399, -39.599 ], [ -71.433, -39.599 ], [ -71.466, -39.599 ], [ -71.471, -39.595 ], [ -71.470, -39.595 ], [ -71.467, -39.591 ], [ -71.464, -39.587 ], [ -71.464, -39.583 ], [ -71.463, -39.581 ], [ -71.468, -39.578 ], [ -71.472, -39.576 ], [ -71.474, -39.573 ], [ -71.475, -39.572 ], [ -71.473, -39.570 ], [ -71.472, -39.568 ], [ -71.474, -39.565 ], [ -71.472, -39.563 ], [ -71.470, -39.562 ], [ -71.469, -39.561 ], [ -71.467, -39.559 ], [ -71.468, -39.556 ], [ -71.468, -39.554 ], [ -71.470, -39.552 ], [ -71.473, -39.551 ], [ -71.477, -39.551 ], [ -71.481, -39.551 ], [ -71.486, -39.551 ], [ -71.490, -39.552 ], [ -71.494, -39.555 ], [ -71.496, -39.554 ], [ -71.497, -39.552 ], [ -71.500, -39.549 ], [ -71.505, -39.547 ], [ -71.510, -39.548 ], [ -71.512, -39.546 ], [ -71.513, -39.546 ], [ -71.499, -39.533 ], [ -71.499, -39.499 ], [ -71.497, -39.498 ], [ -71.492, -39.496 ], [ -71.488, -39.495 ], [ -71.484, -39.494 ], [ -71.480, -39.494 ], [ -71.476, -39.494 ], [ -71.475, -39.491 ], [ -71.475, -39.491 ], [ -71.466, -39.499 ], [ -71.433, -39.499 ], [ -71.433, -39.533 ], [ -71.433, -39.566 ], [ -71.399, -39.566 ], [ -71.366, -39.566 ], [ -71.366, -39.533 ], [ -71.333, -39.533 ], [ -71.333, -39.566 ], [ -71.299, -39.566 ], [ -71.299, -39.599 ], [ -71.299, -39.633 ], [ -71.266, -39.633 ], [ -71.233, -39.633 ], [ -71.199, -39.633 ], [ -71.199, -39.666 ], [ -71.166, -39.666 ], [ -71.166, -39.699 ], [ -71.133, -39.699 ], [ -71.133, -39.733 ], [ -71.133, -39.766 ], [ -71.099, -39.766 ] ] ], [ [ [ -71.633, -40.399 ], [ -71.633, -40.433 ], [ -71.599, -40.433 ], [ -71.566, -40.433 ], [ -71.566, -40.399 ], [ -71.566, -40.366 ], [ -71.599, -40.366 ], [ -71.633, -40.366 ], [ -71.633, -40.399 ] ] ], [ [ [ -70.466, -39.399 ], [ -70.499, -39.399 ], [ -70.499, -39.366 ], [ -70.466, -39.366 ], [ -70.433, -39.366 ], [ -70.433, -39.399 ], [ -70.466, -39.399 ] ] ], [ [ [ -71.133, -39.333 ], [ -71.133, -39.366 ], [ -71.099, -39.366 ], [ -71.099, -39.399 ], [ -71.133, -39.399 ], [ -71.166, -39.399 ], [ -71.199, -39.399 ], [ -71.233, -39.399 ], [ -71.266, -39.399 ], [ -71.266, -39.433 ], [ -71.299, -39.433 ], [ -71.333, -39.433 ], [ -71.366, -39.433 ], [ -71.399, -39.433 ], [ -71.433, -39.433 ], [ -71.433, -39.399 ], [ -71.399, -39.399 ], [ -71.366, -39.399 ], [ -71.333, -39.399 ], [ -71.333, -39.366 ], [ -71.299, -39.366 ], [ -71.266, -39.366 ], [ -71.233, -39.366 ], [ -71.233, -39.333 ], [ -71.199, -39.333 ], [ -71.166, -39.333 ], [ -71.133, -39.333 ] ] ], [ [ [ -68.299, -39.766 ], [ -68.333, -39.766 ], [ -68.333, -39.799 ], [ -68.299, -39.799 ], [ -68.299, -39.766 ], [ -68.266, -39.766 ], [ -68.266, -39.799 ], [ -68.233, -39.799 ], [ -68.233, -39.833 ], [ -68.199, -39.833 ], [ -68.166, -39.833 ], [ -68.133, -39.833 ], [ -68.133, -39.866 ], [ -68.133, -39.899 ], [ -68.133, -39.933 ], [ -68.133, -39.966 ], [ -68.099, -39.966 ], [ -68.099, -39.999 ], [ -68.066, -39.999 ], [ -68.033, -39.999 ], [ -67.999, -39.999 ], [ -67.999, -39.966 ], [ -67.966, -39.966 ], [ -67.933, -39.966 ], [ -67.933, -39.999 ], [ -67.933, -40.033 ], [ -67.966, -40.033 ], [ -67.966, -40.066 ], [ -67.933, -40.066 ], [ -67.899, -40.066 ], [ -67.899, -40.099 ], [ -67.866, -40.099 ], [ -67.833, -40.099 ], [ -67.833, -40.133 ], [ -67.833, -40.166 ], [ -67.799, -40.166 ], [ -67.799, -40.199 ], [ -67.766, -40.199 ], [ -67.766, -40.233 ], [ -67.733, -40.233 ], [ -67.733, -40.266 ], [ -67.699, -40.266 ], [ -67.666, -40.266 ], [ -67.666, -40.299 ], [ -67.666, -40.333 ], [ -67.633, -40.333 ], [ -67.633, -40.366 ], [ -67.599, -40.366 ], [ -67.599, -40.399 ], [ -67.566, -40.399 ], [ -67.566, -40.433 ], [ -67.566, -40.466 ], [ -67.566, -40.499 ], [ -67.566, -40.533 ], [ -67.566, -40.566 ], [ -67.533, -40.566 ], [ -67.499, -40.566 ], [ -67.499, -40.599 ], [ -67.533, -40.599 ], [ -67.566, -40.599 ], [ -67.566, -40.633 ], [ -67.533, -40.633 ], [ -67.499, -40.633 ], [ -67.466, -40.633 ], [ -67.466, -40.666 ], [ -67.466, -40.699 ], [ -67.433, -40.699 ], [ -67.433, -40.733 ], [ -67.399, -40.733 ], [ -67.399, -40.766 ], [ -67.366, -40.766 ], [ -67.366, -40.733 ], [ -67.333, -40.733 ], [ -67.333, -40.699 ], [ -67.333, -40.666 ], [ -67.299, -40.666 ], [ -67.266, -40.666 ], [ -67.233, -40.666 ], [ -67.199, -40.666 ], [ -67.166, -40.666 ], [ -67.166, -40.699 ], [ -67.166, -40.733 ], [ -67.199, -40.733 ], [ -67.233, -40.733 ], [ -67.233, -40.766 ], [ -67.266, -40.766 ], [ -67.266, -40.799 ], [ -67.266, -40.833 ], [ -67.266, -40.866 ], [ -67.266, -40.899 ], [ -67.233, -40.899 ], [ -67.199, -40.899 ], [ -67.199, -40.933 ], [ -67.166, -40.933 ], [ -67.133, -40.933 ], [ -67.133, -40.899 ], [ -67.133, -40.866 ], [ -67.099, -40.866 ], [ -67.099, -40.833 ], [ -67.066, -40.833 ], [ -67.066, -40.799 ], [ -67.033, -40.799 ], [ -67.033, -40.833 ], [ -66.999, -40.833 ], [ -66.999, -40.866 ], [ -66.999, -40.899 ], [ -66.966, -40.899 ], [ -66.933, -40.899 ], [ -66.899, -40.899 ], [ -66.899, -40.866 ], [ -66.866, -40.866 ], [ -66.866, -40.833 ], [ -66.833, -40.833 ], [ -66.799, -40.833 ], [ -66.799, -40.799 ], [ -66.766, -40.799 ], [ -66.766, -40.833 ], [ -66.733, -40.833 ], [ -66.699, -40.833 ], [ -66.699, -40.866 ], [ -66.733, -40.866 ], [ -66.733, -40.899 ], [ -66.766, -40.899 ], [ -66.799, -40.899 ], [ -66.799, -40.933 ], [ -66.766, -40.933 ], [ -66.733, -40.933 ], [ -66.699, -40.933 ], [ -66.699, -40.899 ], [ -66.666, -40.899 ], [ -66.666, -40.866 ], [ -66.633, -40.866 ], [ -66.599, -40.866 ], [ -66.599, -40.899 ], [ -66.633, -40.899 ], [ -66.633, -40.933 ], [ -66.666, -40.933 ], [ -66.666, -40.966 ], [ -66.633, -40.966 ], [ -66.599, -40.966 ], [ -66.599, -40.999 ], [ -66.566, -40.999 ], [ -66.566, -40.966 ], [ -66.533, -40.966 ], [ -66.499, -40.966 ], [ -66.499, -40.933 ], [ -66.466, -40.933 ], [ -66.433, -40.933 ], [ -66.399, -40.933 ], [ -66.366, -40.933 ], [ -66.366, -40.966 ], [ -66.366, -40.999 ], [ -66.366, -41.033 ], [ -66.333, -41.033 ], [ -66.299, -41.033 ], [ -66.266, -41.033 ], [ -66.266, -41.066 ], [ -66.233, -41.066 ], [ -66.233, -41.033 ], [ -66.199, -41.033 ], [ -66.166, -41.033 ], [ -66.166, -41.066 ], [ -66.133, -41.066 ], [ -66.133, -41.099 ], [ -66.166, -41.099 ], [ -66.166, -41.133 ], [ -66.166, -41.166 ], [ -66.133, -41.166 ], [ -66.133, -41.199 ], [ -66.099, -41.199 ], [ -66.066, -41.199 ], [ -66.033, -41.199 ], [ -66.033, -41.233 ], [ -66.033, -41.266 ], [ -65.999, -41.266 ], [ -65.999, -41.233 ], [ -65.966, -41.233 ], [ -65.966, -41.266 ], [ -65.933, -41.266 ], [ -65.899, -41.266 ], [ -65.899, -41.299 ], [ -65.899, -41.333 ], [ -65.899, -41.366 ], [ -65.933, -41.366 ], [ -65.933, -41.333 ], [ -65.966, -41.333 ], [ -65.999, -41.333 ], [ -65.999, -41.366 ], [ -66.033, -41.366 ], [ -66.033, -41.399 ], [ -66.066, -41.399 ], [ -66.066, -41.433 ], [ -66.099, -41.433 ], [ -66.099, -41.466 ], [ -66.099, -41.499 ], [ -66.066, -41.499 ], [ -66.066, -41.533 ], [ -66.033, -41.533 ], [ -66.033, -41.566 ], [ -66.066, -41.566 ], [ -66.066, -41.599 ], [ -66.066, -41.633 ], [ -66.066, -41.666 ], [ -66.066, -41.699 ], [ -66.033, -41.699 ], [ -65.999, -41.699 ], [ -65.999, -41.666 ], [ -65.966, -41.666 ], [ -65.966, -41.633 ], [ -65.933, -41.633 ], [ -65.933, -41.666 ], [ -65.899, -41.666 ], [ -65.866, -41.666 ], [ -65.833, -41.666 ], [ -65.833, -41.699 ], [ -65.799, -41.699 ], [ -65.799, -41.733 ], [ -65.833, -41.733 ], [ -65.833, -41.766 ], [ -65.833, -41.799 ], [ -65.866, -41.799 ], [ -65.866, -41.833 ], [ -65.899, -41.833 ], [ -65.899, -41.866 ], [ -65.899, -41.899 ], [ -65.933, -41.899 ], [ -65.966, -41.899 ], [ -65.999, -41.899 ], [ -66.033, -41.899 ], [ -66.066, -41.899 ], [ -66.099, -41.899 ], [ -66.133, -41.899 ], [ -66.166, -41.899 ], [ -66.166, -41.933 ], [ -66.133, -41.933 ], [ -66.099, -41.933 ], [ -66.066, -41.933 ], [ -66.033, -41.933 ], [ -66.033, -41.966 ], [ -65.999, -41.966 ], [ -65.999, -41.999 ], [ -65.999, -42.033 ], [ -66.033, -42.033 ], [ -66.033, -41.999 ], [ -66.066, -41.999 ], [ -66.066, -42.033 ], [ -66.099, -42.033 ], [ -66.099, -42.066 ], [ -66.099, -42.099 ], [ -66.133, -42.099 ], [ -66.133, -42.133 ], [ -66.166, -42.133 ], [ -66.166, -42.166 ], [ -66.166, -42.199 ], [ -66.166, -42.233 ], [ -66.166, -42.266 ], [ -66.166, -42.299 ], [ -66.199, -42.299 ], [ -66.233, -42.299 ], [ -66.266, -42.299 ], [ -66.299, -42.299 ], [ -66.299, -42.266 ], [ -66.333, -42.266 ], [ -66.333, -42.233 ], [ -66.366, -42.233 ], [ -66.366, -42.266 ], [ -66.333, -42.266 ], [ -66.333, -42.299 ], [ -66.299, -42.299 ], [ -66.299, -42.333 ], [ -66.333, -42.333 ], [ -66.366, -42.333 ], [ -66.399, -42.333 ], [ -66.399, -42.366 ], [ -66.399, -42.399 ], [ -66.366, -42.399 ], [ -66.366, -42.433 ], [ -66.333, -42.433 ], [ -66.333, -42.466 ], [ -66.299, -42.466 ], [ -66.266, -42.466 ], [ -66.233, -42.466 ], [ -66.233, -42.499 ], [ -66.266, -42.499 ], [ -66.299, -42.499 ], [ -66.333, -42.499 ], [ -66.366, -42.499 ], [ -66.366, -42.533 ], [ -66.399, -42.533 ], [ -66.433, -42.533 ], [ -66.466, -42.533 ], [ -66.466, -42.499 ], [ -66.499, -42.499 ], [ -66.499, -42.533 ], [ -66.533, -42.533 ], [ -66.533, -42.499 ], [ -66.566, -42.499 ], [ -66.599, -42.499 ], [ -66.633, -42.499 ], [ -66.666, -42.499 ], [ -66.666, -42.466 ], [ -66.699, -42.466 ], [ -66.733, -42.466 ], [ -66.733, -42.433 ], [ -66.766, -42.433 ], [ -66.799, -42.433 ], [ -66.799, -42.399 ], [ -66.833, -42.399 ], [ -66.866, -42.399 ], [ -66.899, -42.399 ], [ -66.899, -42.433 ], [ -66.933, -42.433 ], [ -66.933, -42.399 ], [ -66.966, -42.399 ], [ -66.966, -42.366 ], [ -66.966, -42.333 ], [ -66.999, -42.333 ], [ -66.999, -42.299 ], [ -67.033, -42.299 ], [ -67.033, -42.333 ], [ -67.066, -42.333 ], [ -67.066, -42.299 ], [ -67.099, -42.299 ], [ -67.133, -42.299 ], [ -67.166, -42.299 ], [ -67.166, -42.333 ], [ -67.166, -42.366 ], [ -67.133, -42.366 ], [ -67.099, -42.366 ], [ -67.066, -42.366 ], [ -67.033, -42.366 ], [ -67.033, -42.399 ], [ -66.999, -42.399 ], [ -66.999, -42.433 ], [ -66.966, -42.433 ], [ -66.966, -42.466 ], [ -66.933, -42.466 ], [ -66.933, -42.499 ], [ -66.933, -42.533 ], [ -66.966, -42.533 ], [ -66.966, -42.566 ], [ -66.999, -42.566 ], [ -67.033, -42.566 ], [ -67.033, -42.599 ], [ -67.066, -42.599 ], [ -67.066, -42.566 ], [ -67.099, -42.566 ], [ -67.099, -42.599 ], [ -67.133, -42.599 ], [ -67.133, -42.633 ], [ -67.166, -42.633 ], [ -67.166, -42.666 ], [ -67.199, -42.666 ], [ -67.199, -42.699 ], [ -67.233, -42.699 ], [ -67.266, -42.699 ], [ -67.266, -42.666 ], [ -67.299, -42.666 ], [ -67.333, -42.666 ], [ -67.366, -42.666 ], [ -67.399, -42.666 ], [ -67.433, -42.666 ], [ -67.433, -42.633 ], [ -67.433, -42.599 ], [ -67.466, -42.599 ], [ -67.466, -42.566 ], [ -67.466, -42.533 ], [ -67.499, -42.533 ], [ -67.499, -42.499 ], [ -67.466, -42.499 ], [ -67.466, -42.466 ], [ -67.466, -42.433 ], [ -67.466, -42.399 ], [ -67.499, -42.399 ], [ -67.499, -42.366 ], [ -67.499, -42.333 ], [ -67.466, -42.333 ], [ -67.466, -42.299 ], [ -67.499, -42.299 ], [ -67.499, -42.266 ], [ -67.533, -42.266 ], [ -67.533, -42.233 ], [ -67.499, -42.233 ], [ -67.466, -42.233 ], [ -67.466, -42.199 ], [ -67.466, -42.166 ], [ -67.466, -42.133 ], [ -67.433, -42.133 ], [ -67.433, -42.099 ], [ -67.399, -42.099 ], [ -67.399, -42.066 ], [ -67.399, -42.033 ], [ -67.366, -42.033 ], [ -67.333, -42.033 ], [ -67.299, -42.033 ], [ -67.266, -42.033 ], [ -67.266, -42.066 ], [ -67.233, -42.066 ], [ -67.199, -42.066 ], [ -67.166, -42.066 ], [ -67.133, -42.066 ], [ -67.133, -42.033 ], [ -67.133, -41.999 ], [ -67.133, -41.966 ], [ -67.099, -41.966 ], [ -67.099, -41.933 ], [ -67.133, -41.933 ], [ -67.133, -41.899 ], [ -67.166, -41.899 ], [ -67.166, -41.866 ], [ -67.199, -41.866 ], [ -67.233, -41.866 ], [ -67.266, -41.866 ], [ -67.299, -41.866 ], [ -67.299, -41.833 ], [ -67.299, -41.799 ], [ -67.299, -41.766 ], [ -67.299, -41.733 ], [ -67.266, -41.733 ], [ -67.233, -41.733 ], [ -67.199, -41.733 ], [ -67.166, -41.733 ], [ -67.133, -41.733 ], [ -67.099, -41.733 ], [ -67.066, -41.733 ], [ -67.066, -41.766 ], [ -67.033, -41.766 ], [ -66.999, -41.766 ], [ -66.966, -41.766 ], [ -66.966, -41.799 ], [ -66.933, -41.799 ], [ -66.899, -41.799 ], [ -66.866, -41.799 ], [ -66.866, -41.833 ], [ -66.833, -41.833 ], [ -66.833, -41.799 ], [ -66.799, -41.799 ], [ -66.799, -41.766 ], [ -66.766, -41.766 ], [ -66.733, -41.766 ], [ -66.699, -41.766 ], [ -66.666, -41.766 ], [ -66.666, -41.799 ], [ -66.633, -41.799 ], [ -66.633, -41.766 ], [ -66.633, -41.733 ], [ -66.599, -41.733 ], [ -66.599, -41.699 ], [ -66.566, -41.699 ], [ -66.533, -41.699 ], [ -66.533, -41.733 ], [ -66.499, -41.733 ], [ -66.499, -41.699 ], [ -66.466, -41.699 ], [ -66.466, -41.666 ], [ -66.466, -41.633 ], [ -66.466, -41.599 ], [ -66.466, -41.566 ], [ -66.433, -41.566 ], [ -66.399, -41.566 ], [ -66.399, -41.533 ], [ -66.366, -41.533 ], [ -66.366, -41.499 ], [ -66.366, -41.466 ], [ -66.366, -41.433 ], [ -66.399, -41.433 ], [ -66.399, -41.399 ], [ -66.366, -41.399 ], [ -66.366, -41.366 ], [ -66.333, -41.366 ], [ -66.333, -41.333 ], [ -66.366, -41.333 ], [ -66.366, -41.299 ], [ -66.366, -41.266 ], [ -66.399, -41.266 ], [ -66.399, -41.233 ], [ -66.433, -41.233 ], [ -66.433, -41.199 ], [ -66.466, -41.199 ], [ -66.466, -41.166 ], [ -66.499, -41.166 ], [ -66.533, -41.166 ], [ -66.566, -41.166 ], [ -66.566, -41.133 ], [ -66.599, -41.133 ], [ -66.633, -41.133 ], [ -66.666, -41.133 ], [ -66.699, -41.133 ], [ -66.699, -41.099 ], [ -66.733, -41.099 ], [ -66.766, -41.099 ], [ -66.799, -41.099 ], [ -66.799, -41.066 ], [ -66.833, -41.066 ], [ -66.866, -41.066 ], [ -66.899, -41.066 ], [ -66.933, -41.066 ], [ -66.966, -41.066 ], [ -66.966, -41.033 ], [ -66.999, -41.033 ], [ -66.999, -40.999 ], [ -67.033, -40.999 ], [ -67.066, -40.999 ], [ -67.099, -40.999 ], [ -67.133, -40.999 ], [ -67.166, -40.999 ], [ -67.166, -41.033 ], [ -67.199, -41.033 ], [ -67.233, -41.033 ], [ -67.233, -40.999 ], [ -67.266, -40.999 ], [ -67.266, -41.033 ], [ -67.266, -41.066 ], [ -67.299, -41.066 ], [ -67.333, -41.066 ], [ -67.333, -41.033 ], [ -67.366, -41.033 ], [ -67.366, -41.066 ], [ -67.366, -41.099 ], [ -67.399, -41.099 ], [ -67.433, -41.099 ], [ -67.433, -41.133 ], [ -67.466, -41.133 ], [ -67.466, -41.099 ], [ -67.499, -41.099 ], [ -67.533, -41.099 ], [ -67.566, -41.099 ], [ -67.566, -41.133 ], [ -67.599, -41.133 ], [ -67.599, -41.099 ], [ -67.633, -41.099 ], [ -67.666, -41.099 ], [ -67.666, -41.133 ], [ -67.699, -41.133 ], [ -67.733, -41.133 ], [ -67.766, -41.133 ], [ -67.766, -41.166 ], [ -67.766, -41.199 ], [ -67.799, -41.199 ], [ -67.799, -41.233 ], [ -67.833, -41.233 ], [ -67.833, -41.266 ], [ -67.866, -41.266 ], [ -67.899, -41.266 ], [ -67.899, -41.233 ], [ -67.899, -41.199 ], [ -67.899, -41.166 ], [ -67.899, -41.133 ], [ -67.899, -41.099 ], [ -67.899, -41.066 ], [ -67.899, -41.033 ], [ -67.899, -40.999 ], [ -67.933, -40.999 ], [ -67.933, -40.966 ], [ -67.899, -40.966 ], [ -67.899, -40.933 ], [ -67.866, -40.933 ], [ -67.833, -40.933 ], [ -67.833, -40.899 ], [ -67.833, -40.866 ], [ -67.866, -40.866 ], [ -67.899, -40.866 ], [ -67.899, -40.833 ], [ -67.899, -40.799 ], [ -67.933, -40.799 ], [ -67.966, -40.799 ], [ -67.999, -40.799 ], [ -68.033, -40.799 ], [ -68.033, -40.833 ], [ -67.999, -40.833 ], [ -67.966, -40.833 ], [ -67.933, -40.833 ], [ -67.933, -40.866 ], [ -67.899, -40.866 ], [ -67.899, -40.899 ], [ -67.933, -40.899 ], [ -67.933, -40.933 ], [ -67.933, -40.966 ], [ -67.966, -40.966 ], [ -67.966, -40.933 ], [ -67.999, -40.933 ], [ -68.033, -40.933 ], [ -68.033, -40.899 ], [ -68.066, -40.899 ], [ -68.099, -40.899 ], [ -68.099, -40.866 ], [ -68.133, -40.866 ], [ -68.133, -40.833 ], [ -68.133, -40.799 ], [ -68.133, -40.766 ], [ -68.099, -40.766 ], [ -68.099, -40.733 ], [ -68.066, -40.733 ], [ -68.066, -40.699 ], [ -68.033, -40.699 ], [ -67.999, -40.699 ], [ -67.966, -40.699 ], [ -67.933, -40.699 ], [ -67.899, -40.699 ], [ -67.899, -40.666 ], [ -67.933, -40.666 ], [ -67.966, -40.666 ], [ -67.966, -40.633 ], [ -67.999, -40.633 ], [ -67.999, -40.599 ], [ -68.033, -40.599 ], [ -68.033, -40.566 ], [ -68.033, -40.533 ], [ -68.033, -40.499 ], [ -67.999, -40.499 ], [ -67.999, -40.466 ], [ -67.999, -40.433 ], [ -68.033, -40.433 ], [ -68.033, -40.399 ], [ -68.033, -40.366 ], [ -68.033, -40.333 ], [ -68.066, -40.333 ], [ -68.099, -40.333 ], [ -68.099, -40.299 ], [ -68.099, -40.266 ], [ -68.099, -40.233 ], [ -68.099, -40.199 ], [ -68.133, -40.199 ], [ -68.133, -40.166 ], [ -68.166, -40.166 ], [ -68.166, -40.199 ], [ -68.199, -40.199 ], [ -68.233, -40.199 ], [ -68.233, -40.166 ], [ -68.199, -40.166 ], [ -68.199, -40.133 ], [ -68.166, -40.133 ], [ -68.166, -40.099 ], [ -68.199, -40.099 ], [ -68.199, -40.066 ], [ -68.233, -40.066 ], [ -68.266, -40.066 ], [ -68.299, -40.066 ], [ -68.299, -40.033 ], [ -68.333, -40.033 ], [ -68.366, -40.033 ], [ -68.399, -40.033 ], [ -68.399, -39.999 ], [ -68.433, -39.999 ], [ -68.466, -39.999 ], [ -68.466, -39.966 ], [ -68.499, -39.966 ], [ -68.499, -39.933 ], [ -68.533, -39.933 ], [ -68.533, -39.899 ], [ -68.566, -39.899 ], [ -68.599, -39.899 ], [ -68.633, -39.899 ], [ -68.633, -39.933 ], [ -68.633, -39.966 ], [ -68.666, -39.966 ], [ -68.699, -39.966 ], [ -68.699, -39.999 ], [ -68.699, -40.033 ], [ -68.699, -40.066 ], [ -68.733, -40.066 ], [ -68.733, -40.099 ], [ -68.766, -40.099 ], [ -68.766, -40.066 ], [ -68.799, -40.066 ], [ -68.833, -40.066 ], [ -68.833, -40.033 ], [ -68.866, -40.033 ], [ -68.899, -40.033 ], [ -68.933, -40.033 ], [ -68.966, -40.033 ], [ -68.999, -40.033 ], [ -69.033, -40.033 ], [ -69.066, -40.033 ], [ -69.099, -40.033 ], [ -69.099, -40.066 ], [ -69.133, -40.066 ], [ -69.133, -40.099 ], [ -69.133, -40.133 ], [ -69.099, -40.133 ], [ -69.099, -40.166 ], [ -69.099, -40.199 ], [ -69.133, -40.199 ], [ -69.133, -40.166 ], [ -69.166, -40.166 ], [ -69.199, -40.166 ], [ -69.199, -40.133 ], [ -69.199, -40.099 ], [ -69.233, -40.099 ], [ -69.266, -40.099 ], [ -69.266, -40.066 ], [ -69.299, -40.066 ], [ -69.333, -40.066 ], [ -69.333, -40.033 ], [ -69.366, -40.033 ], [ -69.399, -40.033 ], [ -69.433, -40.033 ], [ -69.433, -40.066 ], [ -69.433, -40.099 ], [ -69.466, -40.099 ], [ -69.499, -40.099 ], [ -69.499, -40.066 ], [ -69.533, -40.066 ], [ -69.533, -40.033 ], [ -69.533, -39.999 ], [ -69.566, -39.999 ], [ -69.566, -40.033 ], [ -69.599, -40.033 ], [ -69.599, -40.066 ], [ -69.633, -40.066 ], [ -69.633, -40.099 ], [ -69.666, -40.099 ], [ -69.666, -40.133 ], [ -69.699, -40.133 ], [ -69.699, -40.166 ], [ -69.699, -40.199 ], [ -69.666, -40.199 ], [ -69.666, -40.233 ], [ -69.666, -40.266 ], [ -69.699, -40.266 ], [ -69.699, -40.299 ], [ -69.733, -40.299 ], [ -69.733, -40.333 ], [ -69.766, -40.333 ], [ -69.799, -40.333 ], [ -69.833, -40.333 ], [ -69.866, -40.333 ], [ -69.899, -40.333 ], [ -69.899, -40.366 ], [ -69.899, -40.399 ], [ -69.933, -40.399 ], [ -69.933, -40.366 ], [ -69.966, -40.366 ], [ -69.966, -40.333 ], [ -69.966, -40.299 ], [ -69.999, -40.299 ], [ -69.999, -40.266 ], [ -69.999, -40.233 ], [ -69.966, -40.233 ], [ -69.933, -40.233 ], [ -69.933, -40.199 ], [ -69.899, -40.199 ], [ -69.866, -40.199 ], [ -69.866, -40.166 ], [ -69.833, -40.166 ], [ -69.799, -40.166 ], [ -69.766, -40.166 ], [ -69.766, -40.133 ], [ -69.799, -40.133 ], [ -69.799, -40.099 ], [ -69.799, -40.066 ], [ -69.799, -40.033 ], [ -69.799, -39.999 ], [ -69.799, -39.966 ], [ -69.766, -39.966 ], [ -69.766, -39.933 ], [ -69.733, -39.933 ], [ -69.733, -39.899 ], [ -69.699, -39.899 ], [ -69.699, -39.933 ], [ -69.666, -39.933 ], [ -69.633, -39.933 ], [ -69.599, -39.933 ], [ -69.566, -39.933 ], [ -69.533, -39.933 ], [ -69.499, -39.933 ], [ -69.499, -39.966 ], [ -69.466, -39.966 ], [ -69.466, -39.933 ], [ -69.433, -39.933 ], [ -69.433, -39.899 ], [ -69.433, -39.866 ], [ -69.399, -39.866 ], [ -69.366, -39.866 ], [ -69.366, -39.833 ], [ -69.333, -39.833 ], [ -69.333, -39.866 ], [ -69.299, -39.866 ], [ -69.266, -39.866 ], [ -69.233, -39.866 ], [ -69.233, -39.899 ], [ -69.199, -39.899 ], [ -69.166, -39.899 ], [ -69.166, -39.866 ], [ -69.133, -39.866 ], [ -69.099, -39.866 ], [ -69.066, -39.866 ], [ -69.066, -39.833 ], [ -69.033, -39.833 ], [ -68.999, -39.833 ], [ -68.966, -39.833 ], [ -68.966, -39.799 ], [ -68.933, -39.799 ], [ -68.899, -39.799 ], [ -68.866, -39.799 ], [ -68.866, -39.766 ], [ -68.833, -39.766 ], [ -68.799, -39.766 ], [ -68.799, -39.799 ], [ -68.799, -39.833 ], [ -68.766, -39.833 ], [ -68.766, -39.866 ], [ -68.766, -39.899 ], [ -68.733, -39.899 ], [ -68.733, -39.866 ], [ -68.699, -39.866 ], [ -68.666, -39.866 ], [ -68.666, -39.833 ], [ -68.666, -39.799 ], [ -68.633, -39.799 ], [ -68.633, -39.766 ], [ -68.599, -39.766 ], [ -68.599, -39.733 ], [ -68.633, -39.733 ], [ -68.633, -39.699 ], [ -68.666, -39.699 ], [ -68.699, -39.699 ], [ -68.699, -39.666 ], [ -68.699, -39.633 ], [ -68.666, -39.633 ], [ -68.666, -39.599 ], [ -68.666, -39.566 ], [ -68.633, -39.566 ], [ -68.633, -39.533 ], [ -68.633, -39.499 ], [ -68.599, -39.499 ], [ -68.599, -39.466 ], [ -68.599, -39.433 ], [ -68.599, -39.399 ], [ -68.566, -39.399 ], [ -68.566, -39.366 ], [ -68.533, -39.366 ], [ -68.533, -39.333 ], [ -68.499, -39.333 ], [ -68.466, -39.333 ], [ -68.433, -39.333 ], [ -68.433, -39.299 ], [ -68.399, -39.299 ], [ -68.366, -39.299 ], [ -68.333, -39.299 ], [ -68.299, -39.299 ], [ -68.266, -39.299 ], [ -68.266, -39.333 ], [ -68.233, -39.333 ], [ -68.199, -39.333 ], [ -68.199, -39.366 ], [ -68.166, -39.366 ], [ -68.133, -39.366 ], [ -68.133, -39.399 ], [ -68.099, -39.399 ], [ -68.099, -39.433 ], [ -68.066, -39.433 ], [ -68.066, -39.466 ], [ -68.066, -39.499 ], [ -68.099, -39.499 ], [ -68.099, -39.533 ], [ -68.099, -39.566 ], [ -68.099, -39.599 ], [ -68.133, -39.599 ], [ -68.133, -39.633 ], [ -68.166, -39.633 ], [ -68.166, -39.599 ], [ -68.199, -39.599 ], [ -68.199, -39.633 ], [ -68.233, -39.633 ], [ -68.233, -39.666 ], [ -68.266, -39.666 ], [ -68.299, -39.666 ], [ -68.299, -39.699 ], [ -68.299, -39.733 ], [ -68.299, -39.766 ] ], [ [ -67.999, -40.533 ], [ -67.999, -40.566 ], [ -67.966, -40.566 ], [ -67.966, -40.533 ], [ -67.999, -40.533 ] ], [ [ -67.066, -41.999 ], [ -67.066, -42.033 ], [ -67.033, -42.033 ], [ -66.999, -42.033 ], [ -66.999, -42.066 ], [ -66.966, -42.066 ], [ -66.966, -42.099 ], [ -66.933, -42.099 ], [ -66.933, -42.133 ], [ -66.966, -42.133 ], [ -66.966, -42.166 ], [ -66.933, -42.166 ], [ -66.933, -42.199 ], [ -66.899, -42.199 ], [ -66.866, -42.199 ], [ -66.833, -42.199 ], [ -66.833, -42.166 ], [ -66.799, -42.166 ], [ -66.799, -42.133 ], [ -66.833, -42.133 ], [ -66.833, -42.099 ], [ -66.866, -42.099 ], [ -66.866, -42.066 ], [ -66.899, -42.066 ], [ -66.933, -42.066 ], [ -66.933, -42.033 ], [ -66.966, -42.033 ], [ -66.966, -41.999 ], [ -66.999, -41.999 ], [ -66.999, -41.966 ], [ -67.033, -41.966 ], [ -67.066, -41.966 ], [ -67.066, -41.999 ] ] ], [ [ [ -66.166, -41.633 ], [ -66.166, -41.666 ], [ -66.133, -41.666 ], [ -66.133, -41.633 ], [ -66.166, -41.633 ] ] ], [ [ [ -66.433, -41.699 ], [ -66.433, -41.733 ], [ -66.399, -41.733 ], [ -66.399, -41.699 ], [ -66.433, -41.699 ] ] ], [ [ [ -66.799, -42.266 ], [ -66.799, -42.299 ], [ -66.833, -42.299 ], [ -66.833, -42.333 ], [ -66.799, -42.333 ], [ -66.766, -42.333 ], [ -66.733, -42.333 ], [ -66.733, -42.299 ], [ -66.766, -42.299 ], [ -66.766, -42.266 ], [ -66.799, -42.266 ] ] ], [ [ [ -69.166, -39.266 ], [ -69.166, -39.299 ], [ -69.199, -39.299 ], [ -69.233, -39.299 ], [ -69.233, -39.266 ], [ -69.266, -39.266 ], [ -69.266, -39.233 ], [ -69.266, -39.199 ], [ -69.233, -39.199 ], [ -69.199, -39.199 ], [ -69.166, -39.199 ], [ -69.133, -39.199 ], [ -69.133, -39.233 ], [ -69.166, -39.233 ], [ -69.166, -39.266 ] ] ], [ [ [ -71.033, -39.199 ], [ -71.066, -39.199 ], [ -71.099, -39.199 ], [ -71.099, -39.166 ], [ -71.066, -39.166 ], [ -71.033, -39.166 ], [ -71.033, -39.199 ] ] ], [ [ [ -68.966, -39.199 ], [ -68.999, -39.199 ], [ -68.999, -39.166 ], [ -68.966, -39.166 ], [ -68.966, -39.199 ] ] ], [ [ [ -71.299, -39.133 ], [ -71.333, -39.133 ], [ -71.333, -39.099 ], [ -71.299, -39.099 ], [ -71.299, -39.133 ] ] ], [ [ [ -71.199, -39.133 ], [ -71.233, -39.133 ], [ -71.233, -39.099 ], [ -71.199, -39.099 ], [ -71.199, -39.133 ] ] ], [ [ [ -71.299, -38.933 ], [ -71.299, -38.966 ], [ -71.333, -38.966 ], [ -71.333, -38.933 ], [ -71.299, -38.933 ] ] ], [ [ [ -71.299, -38.933 ], [ -71.299, -38.899 ], [ -71.266, -38.899 ], [ -71.266, -38.933 ], [ -71.299, -38.933 ] ] ], [ [ [ -70.933, -39.566 ], [ -70.966, -39.566 ], [ -70.966, -39.599 ], [ -70.933, -39.599 ], [ -70.933, -39.566 ], [ -70.899, -39.566 ], [ -70.899, -39.599 ], [ -70.899, -39.633 ], [ -70.866, -39.633 ], [ -70.833, -39.633 ], [ -70.799, -39.633 ], [ -70.799, -39.599 ], [ -70.766, -39.599 ], [ -70.766, -39.566 ], [ -70.733, -39.566 ], [ -70.699, -39.566 ], [ -70.699, -39.599 ], [ -70.666, -39.599 ], [ -70.666, -39.566 ], [ -70.633, -39.566 ], [ -70.633, -39.533 ], [ -70.666, -39.533 ], [ -70.666, -39.499 ], [ -70.633, -39.499 ], [ -70.633, -39.466 ], [ -70.666, -39.466 ], [ -70.699, -39.466 ], [ -70.699, -39.433 ], [ -70.733, -39.433 ], [ -70.733, -39.399 ], [ -70.733, -39.366 ], [ -70.699, -39.366 ], [ -70.699, -39.333 ], [ -70.666, -39.333 ], [ -70.666, -39.366 ], [ -70.666, -39.399 ], [ -70.633, -39.399 ], [ -70.633, -39.433 ], [ -70.599, -39.433 ], [ -70.566, -39.433 ], [ -70.566, -39.466 ], [ -70.566, -39.499 ], [ -70.533, -39.499 ], [ -70.533, -39.466 ], [ -70.499, -39.466 ], [ -70.466, -39.466 ], [ -70.466, -39.499 ], [ -70.433, -39.499 ], [ -70.433, -39.466 ], [ -70.433, -39.433 ], [ -70.399, -39.433 ], [ -70.399, -39.399 ], [ -70.399, -39.366 ], [ -70.366, -39.366 ], [ -70.333, -39.366 ], [ -70.333, -39.399 ], [ -70.299, -39.399 ], [ -70.299, -39.366 ], [ -70.266, -39.366 ], [ -70.233, -39.366 ], [ -70.233, -39.333 ], [ -70.266, -39.333 ], [ -70.266, -39.299 ], [ -70.299, -39.299 ], [ -70.333, -39.299 ], [ -70.333, -39.266 ], [ -70.333, -39.233 ], [ -70.333, -39.199 ], [ -70.333, -39.166 ], [ -70.333, -39.133 ], [ -70.299, -39.133 ], [ -70.299, -39.166 ], [ -70.266, -39.166 ], [ -70.233, -39.166 ], [ -70.199, -39.166 ], [ -70.166, -39.166 ], [ -70.133, -39.166 ], [ -70.099, -39.166 ], [ -70.066, -39.166 ], [ -70.066, -39.199 ], [ -70.099, -39.199 ], [ -70.133, -39.199 ], [ -70.133, -39.233 ], [ -70.099, -39.233 ], [ -70.099, -39.266 ], [ -70.099, -39.299 ], [ -70.133, -39.299 ], [ -70.166, -39.299 ], [ -70.166, -39.333 ], [ -70.133, -39.333 ], [ -70.133, -39.366 ], [ -70.166, -39.366 ], [ -70.166, -39.399 ], [ -70.199, -39.399 ], [ -70.199, -39.433 ], [ -70.199, -39.466 ], [ -70.199, -39.499 ], [ -70.166, -39.499 ], [ -70.133, -39.499 ], [ -70.099, -39.499 ], [ -70.066, -39.499 ], [ -70.066, -39.533 ], [ -70.099, -39.533 ], [ -70.099, -39.566 ], [ -70.133, -39.566 ], [ -70.133, -39.533 ], [ -70.166, -39.533 ], [ -70.199, -39.533 ], [ -70.233, -39.533 ], [ -70.233, -39.499 ], [ -70.266, -39.499 ], [ -70.299, -39.499 ], [ -70.333, -39.499 ], [ -70.333, -39.533 ], [ -70.333, -39.566 ], [ -70.299, -39.566 ], [ -70.266, -39.566 ], [ -70.233, -39.566 ], [ -70.233, -39.599 ], [ -70.199, -39.599 ], [ -70.199, -39.633 ], [ -70.166, -39.633 ], [ -70.133, -39.633 ], [ -70.133, -39.666 ], [ -70.133, -39.699 ], [ -70.133, -39.733 ], [ -70.166, -39.733 ], [ -70.166, -39.766 ], [ -70.199, -39.766 ], [ -70.199, -39.799 ], [ -70.166, -39.799 ], [ -70.166, -39.833 ], [ -70.199, -39.833 ], [ -70.199, -39.866 ], [ -70.233, -39.866 ], [ -70.233, -39.899 ], [ -70.266, -39.899 ], [ -70.266, -39.933 ], [ -70.266, -39.966 ], [ -70.233, -39.966 ], [ -70.233, -39.999 ], [ -70.233, -40.033 ], [ -70.266, -40.033 ], [ -70.299, -40.033 ], [ -70.299, -39.999 ], [ -70.333, -39.999 ], [ -70.333, -39.966 ], [ -70.299, -39.966 ], [ -70.299, -39.933 ], [ -70.333, -39.933 ], [ -70.333, -39.899 ], [ -70.333, -39.866 ], [ -70.333, -39.833 ], [ -70.366, -39.833 ], [ -70.366, -39.866 ], [ -70.399, -39.866 ], [ -70.399, -39.899 ], [ -70.399, -39.933 ], [ -70.433, -39.933 ], [ -70.466, -39.933 ], [ -70.499, -39.933 ], [ -70.499, -39.966 ], [ -70.466, -39.966 ], [ -70.466, -39.999 ], [ -70.433, -39.999 ], [ -70.433, -40.033 ], [ -70.433, -40.066 ], [ -70.433, -40.099 ], [ -70.399, -40.099 ], [ -70.399, -40.066 ], [ -70.366, -40.066 ], [ -70.333, -40.066 ], [ -70.333, -40.099 ], [ -70.333, -40.133 ], [ -70.366, -40.133 ], [ -70.366, -40.166 ], [ -70.333, -40.166 ], [ -70.333, -40.199 ], [ -70.299, -40.199 ], [ -70.299, -40.166 ], [ -70.266, -40.166 ], [ -70.266, -40.199 ], [ -70.266, -40.233 ], [ -70.266, -40.266 ], [ -70.266, -40.299 ], [ -70.299, -40.299 ], [ -70.299, -40.333 ], [ -70.333, -40.333 ], [ -70.333, -40.366 ], [ -70.299, -40.366 ], [ -70.299, -40.333 ], [ -70.266, -40.333 ], [ -70.266, -40.299 ], [ -70.233, -40.299 ], [ -70.199, -40.299 ], [ -70.199, -40.333 ], [ -70.199, -40.366 ], [ -70.233, -40.366 ], [ -70.233, -40.399 ], [ -70.266, -40.399 ], [ -70.266, -40.433 ], [ -70.299, -40.433 ], [ -70.333, -40.433 ], [ -70.333, -40.466 ], [ -70.366, -40.466 ], [ -70.399, -40.466 ], [ -70.433, -40.466 ], [ -70.433, -40.433 ], [ -70.466, -40.433 ], [ -70.499, -40.433 ], [ -70.533, -40.433 ], [ -70.566, -40.433 ], [ -70.566, -40.399 ], [ -70.599, -40.399 ], [ -70.599, -40.366 ], [ -70.599, -40.333 ], [ -70.566, -40.333 ], [ -70.566, -40.366 ], [ -70.533, -40.366 ], [ -70.533, -40.333 ], [ -70.566, -40.333 ], [ -70.566, -40.299 ], [ -70.533, -40.299 ], [ -70.533, -40.266 ], [ -70.499, -40.266 ], [ -70.499, -40.233 ], [ -70.499, -40.199 ], [ -70.499, -40.166 ], [ -70.533, -40.166 ], [ -70.566, -40.166 ], [ -70.599, -40.166 ], [ -70.599, -40.133 ], [ -70.599, -40.099 ], [ -70.633, -40.099 ], [ -70.666, -40.099 ], [ -70.666, -40.066 ], [ -70.666, -40.033 ], [ -70.699, -40.033 ], [ -70.733, -40.033 ], [ -70.733, -39.999 ], [ -70.766, -39.999 ], [ -70.766, -39.966 ], [ -70.766, -39.933 ], [ -70.733, -39.933 ], [ -70.733, -39.899 ], [ -70.766, -39.899 ], [ -70.766, -39.866 ], [ -70.799, -39.866 ], [ -70.799, -39.833 ], [ -70.766, -39.833 ], [ -70.766, -39.799 ], [ -70.733, -39.799 ], [ -70.733, -39.766 ], [ -70.766, -39.766 ], [ -70.766, -39.799 ], [ -70.799, -39.799 ], [ -70.833, -39.799 ], [ -70.833, -39.833 ], [ -70.866, -39.833 ], [ -70.866, -39.799 ], [ -70.866, -39.766 ], [ -70.899, -39.766 ], [ -70.899, -39.733 ], [ -70.933, -39.733 ], [ -70.933, -39.766 ], [ -70.933, -39.799 ], [ -70.966, -39.799 ], [ -70.999, -39.799 ], [ -70.999, -39.766 ], [ -71.033, -39.766 ], [ -71.066, -39.766 ], [ -71.099, -39.766 ], [ -71.099, -39.733 ], [ -71.099, -39.699 ], [ -71.066, -39.699 ], [ -71.033, -39.699 ], [ -71.033, -39.733 ], [ -70.999, -39.733 ], [ -70.999, -39.699 ], [ -71.033, -39.699 ], [ -71.033, -39.666 ], [ -71.033, -39.633 ], [ -70.999, -39.633 ], [ -70.999, -39.599 ], [ -71.033, -39.599 ], [ -71.033, -39.566 ], [ -70.999, -39.566 ], [ -70.999, -39.533 ], [ -70.999, -39.499 ], [ -70.966, -39.499 ], [ -70.966, -39.466 ], [ -70.999, -39.466 ], [ -71.033, -39.466 ], [ -71.033, -39.433 ], [ -70.999, -39.433 ], [ -70.999, -39.399 ], [ -71.033, -39.399 ], [ -71.033, -39.366 ], [ -71.066, -39.366 ], [ -71.066, -39.333 ], [ -71.033, -39.333 ], [ -70.999, -39.333 ], [ -70.999, -39.366 ], [ -70.966, -39.366 ], [ -70.966, -39.333 ], [ -70.933, -39.333 ], [ -70.933, -39.299 ], [ -70.966, -39.299 ], [ -70.966, -39.266 ], [ -70.966, -39.233 ], [ -70.999, -39.233 ], [ -71.033, -39.233 ], [ -71.033, -39.199 ], [ -70.999, -39.199 ], [ -70.966, -39.199 ], [ -70.966, -39.166 ], [ -70.966, -39.133 ], [ -70.999, -39.133 ], [ -71.033, -39.133 ], [ -71.066, -39.133 ], [ -71.099, -39.133 ], [ -71.133, -39.133 ], [ -71.166, -39.133 ], [ -71.166, -39.099 ], [ -71.133, -39.099 ], [ -71.099, -39.099 ], [ -71.066, -39.099 ], [ -71.066, -39.066 ], [ -71.033, -39.066 ], [ -71.033, -39.033 ], [ -71.066, -39.033 ], [ -71.066, -38.999 ], [ -71.066, -38.966 ], [ -71.099, -38.966 ], [ -71.133, -38.966 ], [ -71.133, -38.933 ], [ -71.166, -38.933 ], [ -71.199, -38.933 ], [ -71.199, -38.899 ], [ -71.233, -38.899 ], [ -71.233, -38.866 ], [ -71.199, -38.866 ], [ -71.166, -38.866 ], [ -71.166, -38.899 ], [ -71.133, -38.899 ], [ -71.099, -38.899 ], [ -71.066, -38.899 ], [ -71.033, -38.899 ], [ -71.033, -38.933 ], [ -71.033, -38.966 ], [ -71.033, -38.999 ], [ -70.999, -38.999 ], [ -70.999, -39.033 ], [ -70.966, -39.033 ], [ -70.966, -39.066 ], [ -70.933, -39.066 ], [ -70.933, -39.099 ], [ -70.899, -39.099 ], [ -70.899, -39.066 ], [ -70.899, -39.033 ], [ -70.899, -38.999 ], [ -70.866, -38.999 ], [ -70.866, -39.033 ], [ -70.866, -39.066 ], [ -70.833, -39.066 ], [ -70.833, -39.099 ], [ -70.866, -39.099 ], [ -70.866, -39.133 ], [ -70.899, -39.133 ], [ -70.899, -39.166 ], [ -70.899, -39.199 ], [ -70.866, -39.199 ], [ -70.833, -39.199 ], [ -70.833, -39.233 ], [ -70.833, -39.266 ], [ -70.866, -39.266 ], [ -70.866, -39.299 ], [ -70.866, -39.333 ], [ -70.866, -39.366 ], [ -70.833, -39.366 ], [ -70.833, -39.399 ], [ -70.866, -39.399 ], [ -70.899, -39.399 ], [ -70.899, -39.433 ], [ -70.899, -39.466 ], [ -70.899, -39.499 ], [ -70.933, -39.499 ], [ -70.933, -39.533 ], [ -70.933, -39.566 ] ], [ [ -70.499, -39.633 ], [ -70.499, -39.666 ], [ -70.466, -39.666 ], [ -70.466, -39.633 ], [ -70.466, -39.599 ], [ -70.466, -39.566 ], [ -70.499, -39.566 ], [ -70.499, -39.599 ], [ -70.499, -39.633 ] ], [ [ -70.933, -39.666 ], [ -70.933, -39.633 ], [ -70.966, -39.633 ], [ -70.966, -39.666 ], [ -70.933, -39.666 ] ], [ [ -70.599, -39.666 ], [ -70.599, -39.699 ], [ -70.633, -39.699 ], [ -70.666, -39.699 ], [ -70.699, -39.699 ], [ -70.699, -39.733 ], [ -70.699, -39.766 ], [ -70.666, -39.766 ], [ -70.633, -39.766 ], [ -70.633, -39.799 ], [ -70.599, -39.799 ], [ -70.566, -39.799 ], [ -70.566, -39.766 ], [ -70.533, -39.766 ], [ -70.533, -39.733 ], [ -70.533, -39.699 ], [ -70.566, -39.699 ], [ -70.566, -39.666 ], [ -70.599, -39.666 ] ], [ [ -70.866, -39.699 ], [ -70.866, -39.666 ], [ -70.899, -39.666 ], [ -70.899, -39.699 ], [ -70.866, -39.699 ], [ -70.866, -39.733 ], [ -70.833, -39.733 ], [ -70.799, -39.733 ], [ -70.799, -39.699 ], [ -70.833, -39.699 ], [ -70.866, -39.699 ] ], [ [ -70.366, -40.233 ], [ -70.366, -40.266 ], [ -70.333, -40.266 ], [ -70.333, -40.233 ], [ -70.366, -40.233 ] ] ], [ [ [ -70.899, -39.266 ], [ -70.899, -39.233 ], [ -70.933, -39.233 ], [ -70.933, -39.266 ], [ -70.899, -39.266 ] ] ], [ [ [ -70.433, -39.566 ], [ -70.433, -39.599 ], [ -70.399, -39.599 ], [ -70.399, -39.566 ], [ -70.433, -39.566 ] ] ], [ [ [ -70.333, -39.599 ], [ -70.333, -39.633 ], [ -70.299, -39.633 ], [ -70.299, -39.599 ], [ -70.333, -39.599 ] ] ], [ [ [ -70.466, -39.766 ], [ -70.466, -39.799 ], [ -70.433, -39.799 ], [ -70.433, -39.766 ], [ -70.466, -39.766 ] ] ], [ [ [ -70.566, -39.633 ], [ -70.566, -39.599 ], [ -70.599, -39.599 ], [ -70.599, -39.633 ], [ -70.566, -39.633 ] ] ], [ [ [ -70.633, -39.899 ], [ -70.633, -39.933 ], [ -70.599, -39.933 ], [ -70.566, -39.933 ], [ -70.566, -39.899 ], [ -70.599, -39.899 ], [ -70.633, -39.899 ] ] ], [ [ [ -70.433, -40.166 ], [ -70.433, -40.199 ], [ -70.399, -40.199 ], [ -70.399, -40.166 ], [ -70.433, -40.166 ] ] ], [ [ [ -70.333, -39.466 ], [ -70.333, -39.433 ], [ -70.366, -39.433 ], [ -70.366, -39.466 ], [ -70.333, -39.466 ] ] ], [ [ [ -70.199, -39.266 ], [ -70.199, -39.233 ], [ -70.233, -39.233 ], [ -70.266, -39.233 ], [ -70.266, -39.266 ], [ -70.233, -39.266 ], [ -70.233, -39.299 ], [ -70.199, -39.299 ], [ -70.199, -39.266 ] ] ], [ [ [ -68.866, -38.866 ], [ -68.899, -38.866 ], [ -68.899, -38.833 ], [ -68.899, -38.799 ], [ -68.866, -38.799 ], [ -68.866, -38.766 ], [ -68.866, -38.733 ], [ -68.833, -38.733 ], [ -68.799, -38.733 ], [ -68.799, -38.766 ], [ -68.833, -38.766 ], [ -68.833, -38.799 ], [ -68.833, -38.833 ], [ -68.833, -38.866 ], [ -68.866, -38.866 ] ] ], [ [ [ -70.399, -38.466 ], [ -70.366, -38.466 ], [ -70.366, -38.499 ], [ -70.399, -38.499 ], [ -70.399, -38.466 ] ] ], [ [ [ -69.799, -38.466 ], [ -69.833, -38.466 ], [ -69.833, -38.433 ], [ -69.799, -38.433 ], [ -69.766, -38.433 ], [ -69.766, -38.466 ], [ -69.799, -38.466 ] ] ], [ [ [ -70.333, -38.399 ], [ -70.333, -38.433 ], [ -70.366, -38.433 ], [ -70.399, -38.433 ], [ -70.399, -38.466 ], [ -70.433, -38.466 ], [ -70.466, -38.466 ], [ -70.466, -38.433 ], [ -70.466, -38.399 ], [ -70.466, -38.366 ], [ -70.499, -38.366 ], [ -70.499, -38.333 ], [ -70.499, -38.299 ], [ -70.533, -38.299 ], [ -70.533, -38.266 ], [ -70.499, -38.266 ], [ -70.466, -38.266 ], [ -70.466, -38.299 ], [ -70.433, -38.299 ], [ -70.433, -38.333 ], [ -70.433, -38.366 ], [ -70.399, -38.366 ], [ -70.366, -38.366 ], [ -70.366, -38.399 ], [ -70.333, -38.399 ] ] ], [ [ [ -61.933, -38.166 ], [ -61.899, -38.166 ], [ -61.899, -38.199 ], [ -61.933, -38.199 ], [ -61.933, -38.166 ] ] ], [ [ [ -70.133, -38.399 ], [ -70.133, -38.366 ], [ -70.133, -38.333 ], [ -70.166, -38.333 ], [ -70.166, -38.366 ], [ -70.166, -38.399 ], [ -70.133, -38.399 ], [ -70.133, -38.433 ], [ -70.166, -38.433 ], [ -70.166, -38.466 ], [ -70.199, -38.466 ], [ -70.233, -38.466 ], [ -70.233, -38.433 ], [ -70.266, -38.433 ], [ -70.266, -38.466 ], [ -70.299, -38.466 ], [ -70.299, -38.433 ], [ -70.299, -38.399 ], [ -70.333, -38.399 ], [ -70.333, -38.366 ], [ -70.299, -38.366 ], [ -70.266, -38.366 ], [ -70.266, -38.333 ], [ -70.266, -38.299 ], [ -70.233, -38.299 ], [ -70.233, -38.266 ], [ -70.233, -38.233 ], [ -70.266, -38.233 ], [ -70.266, -38.199 ], [ -70.299, -38.199 ], [ -70.333, -38.199 ], [ -70.333, -38.233 ], [ -70.333, -38.266 ], [ -70.366, -38.266 ], [ -70.366, -38.233 ], [ -70.366, -38.199 ], [ -70.399, -38.199 ], [ -70.399, -38.166 ], [ -70.399, -38.133 ], [ -70.366, -38.133 ], [ -70.366, -38.166 ], [ -70.333, -38.166 ], [ -70.299, -38.166 ], [ -70.266, -38.166 ], [ -70.233, -38.166 ], [ -70.233, -38.199 ], [ -70.199, -38.199 ], [ -70.166, -38.199 ], [ -70.166, -38.233 ], [ -70.133, -38.233 ], [ -70.133, -38.266 ], [ -70.099, -38.266 ], [ -70.099, -38.299 ], [ -70.066, -38.299 ], [ -70.066, -38.333 ], [ -70.066, -38.366 ], [ -70.099, -38.366 ], [ -70.099, -38.399 ], [ -70.133, -38.399 ] ] ], [ [ [ -61.933, -38.166 ], [ -61.966, -38.166 ], [ -61.966, -38.133 ], [ -61.933, -38.133 ], [ -61.933, -38.166 ] ] ], [ [ [ -70.366, -38.133 ], [ -70.366, -38.099 ], [ -70.333, -38.099 ], [ -70.299, -38.099 ], [ -70.266, -38.099 ], [ -70.233, -38.099 ], [ -70.233, -38.133 ], [ -70.266, -38.133 ], [ -70.299, -38.133 ], [ -70.333, -38.133 ], [ -70.366, -38.133 ] ] ], [ [ [ -70.433, -37.999 ], [ -70.433, -38.033 ], [ -70.466, -38.033 ], [ -70.466, -37.999 ], [ -70.433, -37.999 ] ] ], [ [ [ -70.433, -37.999 ], [ -70.433, -37.966 ], [ -70.399, -37.966 ], [ -70.399, -37.999 ], [ -70.433, -37.999 ] ] ], [ [ [ -70.066, -37.899 ], [ -70.099, -37.899 ], [ -70.099, -37.866 ], [ -70.133, -37.866 ], [ -70.133, -37.833 ], [ -70.133, -37.799 ], [ -70.099, -37.799 ], [ -70.099, -37.833 ], [ -70.066, -37.833 ], [ -70.066, -37.866 ], [ -70.066, -37.899 ] ] ], [ [ [ -69.966, -37.799 ], [ -69.933, -37.799 ], [ -69.933, -37.833 ], [ -69.966, -37.833 ], [ -69.966, -37.799 ] ] ], [ [ [ -69.733, -37.833 ], [ -69.766, -37.833 ], [ -69.799, -37.833 ], [ -69.799, -37.799 ], [ -69.833, -37.799 ], [ -69.833, -37.766 ], [ -69.799, -37.766 ], [ -69.799, -37.733 ], [ -69.766, -37.733 ], [ -69.766, -37.766 ], [ -69.733, -37.766 ], [ -69.733, -37.799 ], [ -69.733, -37.833 ] ] ], [ [ [ -70.533, -38.266 ], [ -70.566, -38.266 ], [ -70.599, -38.266 ], [ -70.599, -38.233 ], [ -70.599, -38.199 ], [ -70.633, -38.199 ], [ -70.633, -38.233 ], [ -70.633, -38.266 ], [ -70.633, -38.299 ], [ -70.599, -38.299 ], [ -70.599, -38.333 ], [ -70.566, -38.333 ], [ -70.566, -38.366 ], [ -70.566, -38.399 ], [ -70.566, -38.433 ], [ -70.599, -38.433 ], [ -70.633, -38.433 ], [ -70.633, -38.466 ], [ -70.599, -38.466 ], [ -70.599, -38.499 ], [ -70.566, -38.499 ], [ -70.566, -38.533 ], [ -70.566, -38.566 ], [ -70.533, -38.566 ], [ -70.533, -38.599 ], [ -70.499, -38.599 ], [ -70.466, -38.599 ], [ -70.466, -38.633 ], [ -70.433, -38.633 ], [ -70.399, -38.633 ], [ -70.366, -38.633 ], [ -70.333, -38.633 ], [ -70.333, -38.599 ], [ -70.299, -38.599 ], [ -70.266, -38.599 ], [ -70.233, -38.599 ], [ -70.233, -38.633 ], [ -70.266, -38.633 ], [ -70.266, -38.666 ], [ -70.266, -38.699 ], [ -70.233, -38.699 ], [ -70.199, -38.699 ], [ -70.199, -38.666 ], [ -70.166, -38.666 ], [ -70.133, -38.666 ], [ -70.133, -38.633 ], [ -70.133, -38.599 ], [ -70.166, -38.599 ], [ -70.199, -38.599 ], [ -70.233, -38.599 ], [ -70.233, -38.566 ], [ -70.199, -38.566 ], [ -70.166, -38.566 ], [ -70.133, -38.566 ], [ -70.133, -38.533 ], [ -70.099, -38.533 ], [ -70.099, -38.499 ], [ -70.066, -38.499 ], [ -70.033, -38.499 ], [ -69.999, -38.499 ], [ -69.999, -38.533 ], [ -69.966, -38.533 ], [ -69.966, -38.566 ], [ -69.933, -38.566 ], [ -69.899, -38.566 ], [ -69.899, -38.599 ], [ -69.933, -38.599 ], [ -69.966, -38.599 ], [ -69.999, -38.599 ], [ -69.999, -38.633 ], [ -70.033, -38.633 ], [ -70.033, -38.599 ], [ -70.066, -38.599 ], [ -70.066, -38.633 ], [ -70.066, -38.666 ], [ -70.066, -38.699 ], [ -70.099, -38.699 ], [ -70.099, -38.733 ], [ -70.133, -38.733 ], [ -70.166, -38.733 ], [ -70.166, -38.766 ], [ -70.199, -38.766 ], [ -70.199, -38.799 ], [ -70.166, -38.799 ], [ -70.133, -38.799 ], [ -70.099, -38.799 ], [ -70.099, -38.833 ], [ -70.066, -38.833 ], [ -70.033, -38.833 ], [ -69.999, -38.833 ], [ -69.999, -38.799 ], [ -69.966, -38.799 ], [ -69.966, -38.766 ], [ -69.933, -38.766 ], [ -69.899, -38.766 ], [ -69.866, -38.766 ], [ -69.866, -38.799 ], [ -69.866, -38.833 ], [ -69.899, -38.833 ], [ -69.899, -38.866 ], [ -69.899, -38.899 ], [ -69.933, -38.899 ], [ -69.966, -38.899 ], [ -69.966, -38.933 ], [ -69.933, -38.933 ], [ -69.933, -38.966 ], [ -69.899, -38.966 ], [ -69.899, -38.999 ], [ -69.866, -38.999 ], [ -69.833, -38.999 ], [ -69.799, -38.999 ], [ -69.766, -38.999 ], [ -69.733, -38.999 ], [ -69.699, -38.999 ], [ -69.666, -38.999 ], [ -69.633, -38.999 ], [ -69.599, -38.999 ], [ -69.566, -38.999 ], [ -69.533, -38.999 ], [ -69.499, -38.999 ], [ -69.466, -38.999 ], [ -69.466, -38.966 ], [ -69.499, -38.966 ], [ -69.499, -38.933 ], [ -69.533, -38.933 ], [ -69.566, -38.933 ], [ -69.566, -38.966 ], [ -69.599, -38.966 ], [ -69.599, -38.933 ], [ -69.633, -38.933 ], [ -69.633, -38.899 ], [ -69.599, -38.899 ], [ -69.599, -38.866 ], [ -69.566, -38.866 ], [ -69.566, -38.899 ], [ -69.533, -38.899 ], [ -69.533, -38.866 ], [ -69.499, -38.866 ], [ -69.466, -38.866 ], [ -69.466, -38.899 ], [ -69.466, -38.933 ], [ -69.433, -38.933 ], [ -69.433, -38.966 ], [ -69.399, -38.966 ], [ -69.399, -38.999 ], [ -69.366, -38.999 ], [ -69.333, -38.999 ], [ -69.333, -39.033 ], [ -69.333, -39.066 ], [ -69.333, -39.099 ], [ -69.333, -39.133 ], [ -69.366, -39.133 ], [ -69.366, -39.166 ], [ -69.399, -39.166 ], [ -69.433, -39.166 ], [ -69.466, -39.166 ], [ -69.499, -39.166 ], [ -69.499, -39.133 ], [ -69.533, -39.133 ], [ -69.533, -39.099 ], [ -69.566, -39.099 ], [ -69.566, -39.133 ], [ -69.599, -39.133 ], [ -69.599, -39.166 ], [ -69.633, -39.166 ], [ -69.666, -39.166 ], [ -69.699, -39.166 ], [ -69.733, -39.166 ], [ -69.733, -39.199 ], [ -69.766, -39.199 ], [ -69.799, -39.199 ], [ -69.799, -39.233 ], [ -69.833, -39.233 ], [ -69.833, -39.266 ], [ -69.866, -39.266 ], [ -69.899, -39.266 ], [ -69.933, -39.266 ], [ -69.966, -39.266 ], [ -69.999, -39.266 ], [ -69.999, -39.233 ], [ -69.966, -39.233 ], [ -69.966, -39.199 ], [ -69.933, -39.199 ], [ -69.899, -39.199 ], [ -69.899, -39.233 ], [ -69.866, -39.233 ], [ -69.866, -39.199 ], [ -69.833, -39.199 ], [ -69.833, -39.166 ], [ -69.799, -39.166 ], [ -69.799, -39.133 ], [ -69.833, -39.133 ], [ -69.866, -39.133 ], [ -69.866, -39.166 ], [ -69.899, -39.166 ], [ -69.933, -39.166 ], [ -69.966, -39.166 ], [ -69.999, -39.166 ], [ -69.999, -39.199 ], [ -69.999, -39.233 ], [ -70.033, -39.233 ], [ -70.033, -39.199 ], [ -70.033, -39.166 ], [ -70.066, -39.166 ], [ -70.066, -39.133 ], [ -70.099, -39.133 ], [ -70.133, -39.133 ], [ -70.133, -39.099 ], [ -70.166, -39.099 ], [ -70.199, -39.099 ], [ -70.233, -39.099 ], [ -70.233, -39.066 ], [ -70.233, -39.033 ], [ -70.199, -39.033 ], [ -70.199, -38.999 ], [ -70.199, -38.966 ], [ -70.233, -38.966 ], [ -70.233, -38.933 ], [ -70.266, -38.933 ], [ -70.266, -38.899 ], [ -70.299, -38.899 ], [ -70.333, -38.899 ], [ -70.333, -38.866 ], [ -70.366, -38.866 ], [ -70.399, -38.866 ], [ -70.433, -38.866 ], [ -70.433, -38.833 ], [ -70.433, -38.799 ], [ -70.399, -38.799 ], [ -70.366, -38.799 ], [ -70.366, -38.766 ], [ -70.366, -38.733 ], [ -70.399, -38.733 ], [ -70.433, -38.733 ], [ -70.466, -38.733 ], [ -70.466, -38.699 ], [ -70.499, -38.699 ], [ -70.533, -38.699 ], [ -70.533, -38.666 ], [ -70.566, -38.666 ], [ -70.599, -38.666 ], [ -70.599, -38.633 ], [ -70.633, -38.633 ], [ -70.633, -38.599 ], [ -70.633, -38.566 ], [ -70.666, -38.566 ], [ -70.666, -38.599 ], [ -70.699, -38.599 ], [ -70.699, -38.566 ], [ -70.699, -38.533 ], [ -70.699, -38.499 ], [ -70.699, -38.466 ], [ -70.733, -38.466 ], [ -70.766, -38.466 ], [ -70.766, -38.433 ], [ -70.733, -38.433 ], [ -70.733, -38.399 ], [ -70.733, -38.366 ], [ -70.699, -38.366 ], [ -70.666, -38.366 ], [ -70.666, -38.333 ], [ -70.699, -38.333 ], [ -70.733, -38.333 ], [ -70.733, -38.299 ], [ -70.733, -38.266 ], [ -70.733, -38.233 ], [ -70.733, -38.199 ], [ -70.733, -38.166 ], [ -70.766, -38.166 ], [ -70.766, -38.133 ], [ -70.766, -38.099 ], [ -70.766, -38.066 ], [ -70.766, -38.033 ], [ -70.766, -37.999 ], [ -70.766, -37.966 ], [ -70.766, -37.933 ], [ -70.733, -37.933 ], [ -70.733, -37.899 ], [ -70.766, -37.899 ], [ -70.766, -37.866 ], [ -70.766, -37.833 ], [ -70.766, -37.799 ], [ -70.766, -37.766 ], [ -70.766, -37.733 ], [ -70.733, -37.733 ], [ -70.733, -37.699 ], [ -70.699, -37.699 ], [ -70.666, -37.699 ], [ -70.633, -37.699 ], [ -70.633, -37.666 ], [ -70.599, -37.666 ], [ -70.599, -37.633 ], [ -70.566, -37.633 ], [ -70.566, -37.666 ], [ -70.533, -37.666 ], [ -70.533, -37.699 ], [ -70.566, -37.699 ], [ -70.566, -37.733 ], [ -70.599, -37.733 ], [ -70.633, -37.733 ], [ -70.633, -37.766 ], [ -70.633, -37.799 ], [ -70.633, -37.833 ], [ -70.599, -37.833 ], [ -70.566, -37.833 ], [ -70.566, -37.799 ], [ -70.533, -37.799 ], [ -70.533, -37.766 ], [ -70.499, -37.766 ], [ -70.499, -37.799 ], [ -70.499, -37.833 ], [ -70.499, -37.866 ], [ -70.499, -37.899 ], [ -70.533, -37.899 ], [ -70.566, -37.899 ], [ -70.566, -37.933 ], [ -70.533, -37.933 ], [ -70.533, -37.966 ], [ -70.533, -37.999 ], [ -70.499, -37.999 ], [ -70.499, -38.033 ], [ -70.533, -38.033 ], [ -70.533, -38.066 ], [ -70.533, -38.099 ], [ -70.533, -38.133 ], [ -70.499, -38.133 ], [ -70.499, -38.166 ], [ -70.533, -38.166 ], [ -70.533, -38.199 ], [ -70.566, -38.199 ], [ -70.566, -38.233 ], [ -70.533, -38.233 ], [ -70.533, -38.266 ] ], [ [ -70.566, -38.133 ], [ -70.566, -38.099 ], [ -70.599, -38.099 ], [ -70.599, -38.133 ], [ -70.599, -38.166 ], [ -70.566, -38.166 ], [ -70.566, -38.133 ] ], [ [ -69.733, -39.066 ], [ -69.733, -39.099 ], [ -69.699, -39.099 ], [ -69.699, -39.066 ], [ -69.733, -39.066 ] ] ], [ [ [ -69.966, -37.799 ], [ -69.999, -37.799 ], [ -69.999, -37.766 ], [ -70.033, -37.766 ], [ -70.033, -37.733 ], [ -70.033, -37.699 ], [ -70.066, -37.699 ], [ -70.066, -37.666 ], [ -70.099, -37.666 ], [ -70.099, -37.633 ], [ -70.066, -37.633 ], [ -70.033, -37.633 ], [ -70.033, -37.666 ], [ -69.999, -37.666 ], [ -69.999, -37.699 ], [ -69.999, -37.733 ], [ -69.966, -37.733 ], [ -69.966, -37.699 ], [ -69.933, -37.699 ], [ -69.933, -37.733 ], [ -69.933, -37.766 ], [ -69.966, -37.766 ], [ -69.966, -37.799 ] ] ], [ [ [ -70.833, -37.566 ], [ -70.833, -37.599 ], [ -70.833, -37.633 ], [ -70.866, -37.633 ], [ -70.866, -37.599 ], [ -70.866, -37.566 ], [ -70.833, -37.566 ] ] ], [ [ [ -69.699, -37.599 ], [ -69.699, -37.566 ], [ -69.666, -37.566 ], [ -69.666, -37.599 ], [ -69.699, -37.599 ] ] ], [ [ [ -68.999, -37.799 ], [ -68.966, -37.799 ], [ -68.966, -37.833 ], [ -68.933, -37.833 ], [ -68.899, -37.833 ], [ -68.866, -37.833 ], [ -68.833, -37.833 ], [ -68.833, -37.799 ], [ -68.799, -37.799 ], [ -68.766, -37.799 ], [ -68.766, -37.766 ], [ -68.766, -37.733 ], [ -68.799, -37.733 ], [ -68.799, -37.699 ], [ -68.799, -37.666 ], [ -68.833, -37.666 ], [ -68.866, -37.666 ], [ -68.899, -37.666 ], [ -68.933, -37.666 ], [ -68.966, -37.666 ], [ -68.999, -37.666 ], [ -68.999, -37.699 ], [ -69.033, -37.699 ], [ -69.033, -37.733 ], [ -69.033, -37.766 ], [ -68.999, -37.766 ], [ -68.999, -37.799 ], [ -69.033, -37.799 ], [ -69.066, -37.799 ], [ -69.099, -37.799 ], [ -69.099, -37.766 ], [ -69.133, -37.766 ], [ -69.133, -37.733 ], [ -69.133, -37.699 ], [ -69.133, -37.666 ], [ -69.099, -37.666 ], [ -69.099, -37.633 ], [ -69.066, -37.633 ], [ -69.066, -37.599 ], [ -69.033, -37.599 ], [ -69.033, -37.566 ], [ -68.999, -37.566 ], [ -68.966, -37.566 ], [ -68.933, -37.566 ], [ -68.899, -37.566 ], [ -68.866, -37.566 ], [ -68.866, -37.599 ], [ -68.833, -37.599 ], [ -68.799, -37.599 ], [ -68.766, -37.599 ], [ -68.733, -37.599 ], [ -68.733, -37.633 ], [ -68.699, -37.633 ], [ -68.699, -37.666 ], [ -68.666, -37.666 ], [ -68.666, -37.699 ], [ -68.666, -37.733 ], [ -68.666, -37.766 ], [ -68.666, -37.799 ], [ -68.699, -37.799 ], [ -68.699, -37.833 ], [ -68.699, -37.866 ], [ -68.733, -37.866 ], [ -68.733, -37.899 ], [ -68.766, -37.899 ], [ -68.799, -37.899 ], [ -68.833, -37.899 ], [ -68.833, -37.866 ], [ -68.866, -37.866 ], [ -68.899, -37.866 ], [ -68.933, -37.866 ], [ -68.966, -37.866 ], [ -68.999, -37.866 ], [ -68.999, -37.833 ], [ -68.999, -37.799 ] ] ], [ [ [ -69.666, -37.566 ], [ -69.666, -37.533 ], [ -69.633, -37.533 ], [ -69.599, -37.533 ], [ -69.599, -37.566 ], [ -69.633, -37.566 ], [ -69.666, -37.566 ] ] ], [ [ [ -70.833, -37.566 ], [ -70.833, -37.533 ], [ -70.833, -37.499 ], [ -70.799, -37.499 ], [ -70.799, -37.533 ], [ -70.799, -37.566 ], [ -70.833, -37.566 ] ] ], [ [ [ -70.366, -37.499 ], [ -70.366, -37.533 ], [ -70.399, -37.533 ], [ -70.399, -37.499 ], [ -70.366, -37.499 ] ] ], [ [ [ -69.533, -37.499 ], [ -69.533, -37.533 ], [ -69.566, -37.533 ], [ -69.566, -37.499 ], [ -69.533, -37.499 ] ] ], [ [ [ -70.333, -37.499 ], [ -70.366, -37.499 ], [ -70.366, -37.466 ], [ -70.333, -37.466 ], [ -70.333, -37.499 ] ] ], [ [ [ -70.099, -37.633 ], [ -70.133, -37.633 ], [ -70.166, -37.633 ], [ -70.166, -37.666 ], [ -70.166, -37.699 ], [ -70.166, -37.733 ], [ -70.166, -37.766 ], [ -70.133, -37.766 ], [ -70.133, -37.799 ], [ -70.166, -37.799 ], [ -70.199, -37.799 ], [ -70.199, -37.833 ], [ -70.199, -37.866 ], [ -70.199, -37.899 ], [ -70.233, -37.899 ], [ -70.233, -37.933 ], [ -70.199, -37.933 ], [ -70.199, -37.966 ], [ -70.199, -37.999 ], [ -70.166, -37.999 ], [ -70.166, -37.966 ], [ -70.133, -37.966 ], [ -70.133, -37.933 ], [ -70.099, -37.933 ], [ -70.066, -37.933 ], [ -70.066, -37.899 ], [ -70.033, -37.899 ], [ -70.033, -37.933 ], [ -69.999, -37.933 ], [ -69.999, -37.899 ], [ -69.966, -37.899 ], [ -69.966, -37.933 ], [ -69.933, -37.933 ], [ -69.933, -37.966 ], [ -69.933, -37.999 ], [ -69.933, -38.033 ], [ -69.933, -38.066 ], [ -69.933, -38.099 ], [ -69.933, -38.133 ], [ -69.966, -38.133 ], [ -69.966, -38.166 ], [ -69.999, -38.166 ], [ -69.999, -38.133 ], [ -70.033, -38.133 ], [ -70.033, -38.166 ], [ -70.033, -38.199 ], [ -69.999, -38.199 ], [ -69.999, -38.233 ], [ -69.999, -38.266 ], [ -70.033, -38.266 ], [ -70.033, -38.233 ], [ -70.066, -38.233 ], [ -70.066, -38.199 ], [ -70.066, -38.166 ], [ -70.066, -38.133 ], [ -70.066, -38.099 ], [ -70.033, -38.099 ], [ -70.033, -38.066 ], [ -70.066, -38.066 ], [ -70.066, -38.033 ], [ -70.066, -37.999 ], [ -70.099, -37.999 ], [ -70.133, -37.999 ], [ -70.133, -38.033 ], [ -70.166, -38.033 ], [ -70.166, -38.066 ], [ -70.199, -38.066 ], [ -70.199, -38.099 ], [ -70.233, -38.099 ], [ -70.233, -38.066 ], [ -70.233, -38.033 ], [ -70.266, -38.033 ], [ -70.299, -38.033 ], [ -70.333, -38.033 ], [ -70.333, -37.999 ], [ -70.333, -37.966 ], [ -70.299, -37.966 ], [ -70.266, -37.966 ], [ -70.266, -37.933 ], [ -70.299, -37.933 ], [ -70.299, -37.899 ], [ -70.333, -37.899 ], [ -70.366, -37.899 ], [ -70.366, -37.866 ], [ -70.333, -37.866 ], [ -70.299, -37.866 ], [ -70.266, -37.866 ], [ -70.266, -37.833 ], [ -70.266, -37.799 ], [ -70.266, -37.766 ], [ -70.299, -37.766 ], [ -70.299, -37.799 ], [ -70.333, -37.799 ], [ -70.366, -37.799 ], [ -70.399, -37.799 ], [ -70.433, -37.799 ], [ -70.433, -37.766 ], [ -70.399, -37.766 ], [ -70.366, -37.766 ], [ -70.366, -37.733 ], [ -70.333, -37.733 ], [ -70.299, -37.733 ], [ -70.266, -37.733 ], [ -70.266, -37.699 ], [ -70.299, -37.699 ], [ -70.299, -37.666 ], [ -70.299, -37.633 ], [ -70.333, -37.633 ], [ -70.366, -37.633 ], [ -70.366, -37.599 ], [ -70.333, -37.599 ], [ -70.333, -37.566 ], [ -70.333, -37.533 ], [ -70.333, -37.499 ], [ -70.299, -37.499 ], [ -70.299, -37.466 ], [ -70.266, -37.466 ], [ -70.266, -37.499 ], [ -70.266, -37.533 ], [ -70.299, -37.533 ], [ -70.299, -37.566 ], [ -70.266, -37.566 ], [ -70.266, -37.599 ], [ -70.266, -37.633 ], [ -70.233, -37.633 ], [ -70.199, -37.633 ], [ -70.199, -37.599 ], [ -70.199, -37.566 ], [ -70.233, -37.566 ], [ -70.233, -37.533 ], [ -70.199, -37.533 ], [ -70.166, -37.533 ], [ -70.166, -37.499 ], [ -70.133, -37.499 ], [ -70.099, -37.499 ], [ -70.099, -37.533 ], [ -70.133, -37.533 ], [ -70.133, -37.566 ], [ -70.133, -37.599 ], [ -70.099, -37.599 ], [ -70.099, -37.633 ] ] ], [ [ [ -70.233, -37.733 ], [ -70.233, -37.766 ], [ -70.199, -37.766 ], [ -70.199, -37.733 ], [ -70.233, -37.733 ] ] ], [ [ [ -69.999, -38.066 ], [ -69.999, -38.099 ], [ -69.966, -38.099 ], [ -69.966, -38.066 ], [ -69.999, -38.066 ] ] ], [ [ [ -69.199, -37.433 ], [ -69.199, -37.466 ], [ -69.166, -37.466 ], [ -69.166, -37.499 ], [ -69.166, -37.533 ], [ -69.199, -37.533 ], [ -69.233, -37.533 ], [ -69.233, -37.566 ], [ -69.266, -37.566 ], [ -69.299, -37.566 ], [ -69.299, -37.533 ], [ -69.299, -37.499 ], [ -69.266, -37.499 ], [ -69.266, -37.466 ], [ -69.233, -37.466 ], [ -69.233, -37.433 ], [ -69.199, -37.433 ] ] ], [ [ [ -70.433, -37.399 ], [ -70.399, -37.399 ], [ -70.399, -37.433 ], [ -70.399, -37.466 ], [ -70.433, -37.466 ], [ -70.433, -37.433 ], [ -70.433, -37.399 ] ] ], [ [ [ -70.666, -37.299 ], [ -70.666, -37.266 ], [ -70.633, -37.266 ], [ -70.633, -37.299 ], [ -70.666, -37.299 ] ] ], [ [ [ -69.966, -37.499 ], [ -69.966, -37.533 ], [ -69.999, -37.533 ], [ -70.033, -37.533 ], [ -70.033, -37.499 ], [ -70.033, -37.466 ], [ -70.033, -37.433 ], [ -70.066, -37.433 ], [ -70.066, -37.466 ], [ -70.099, -37.466 ], [ -70.133, -37.466 ], [ -70.166, -37.466 ], [ -70.166, -37.433 ], [ -70.199, -37.433 ], [ -70.199, -37.399 ], [ -70.233, -37.399 ], [ -70.233, -37.366 ], [ -70.233, -37.333 ], [ -70.266, -37.333 ], [ -70.266, -37.299 ], [ -70.266, -37.266 ], [ -70.299, -37.266 ], [ -70.299, -37.233 ], [ -70.333, -37.233 ], [ -70.333, -37.199 ], [ -70.299, -37.199 ], [ -70.266, -37.199 ], [ -70.266, -37.233 ], [ -70.233, -37.233 ], [ -70.233, -37.266 ], [ -70.199, -37.266 ], [ -70.199, -37.299 ], [ -70.199, -37.333 ], [ -70.166, -37.333 ], [ -70.133, -37.333 ], [ -70.099, -37.333 ], [ -70.099, -37.366 ], [ -70.066, -37.366 ], [ -70.066, -37.399 ], [ -70.033, -37.399 ], [ -69.999, -37.399 ], [ -69.999, -37.433 ], [ -69.999, -37.466 ], [ -69.999, -37.499 ], [ -69.966, -37.499 ] ] ], [ [ [ -70.333, -37.199 ], [ -70.366, -37.199 ], [ -70.366, -37.166 ], [ -70.333, -37.166 ], [ -70.333, -37.199 ] ] ], [ [ [ -69.666, -36.999 ], [ -69.666, -37.033 ], [ -69.666, -37.066 ], [ -69.699, -37.066 ], [ -69.699, -37.033 ], [ -69.733, -37.033 ], [ -69.733, -36.999 ], [ -69.699, -36.999 ], [ -69.666, -36.999 ] ] ], [ [ [ -70.666, -37.033 ], [ -70.633, -37.033 ], [ -70.633, -37.066 ], [ -70.633, -37.099 ], [ -70.599, -37.099 ], [ -70.599, -37.133 ], [ -70.599, -37.166 ], [ -70.599, -37.199 ], [ -70.633, -37.199 ], [ -70.666, -37.199 ], [ -70.666, -37.233 ], [ -70.666, -37.266 ], [ -70.699, -37.266 ], [ -70.699, -37.299 ], [ -70.666, -37.299 ], [ -70.666, -37.333 ], [ -70.633, -37.333 ], [ -70.599, -37.333 ], [ -70.566, -37.333 ], [ -70.533, -37.333 ], [ -70.499, -37.333 ], [ -70.499, -37.299 ], [ -70.466, -37.299 ], [ -70.466, -37.266 ], [ -70.499, -37.266 ], [ -70.499, -37.233 ], [ -70.466, -37.233 ], [ -70.466, -37.199 ], [ -70.466, -37.166 ], [ -70.433, -37.166 ], [ -70.433, -37.133 ], [ -70.433, -37.099 ], [ -70.433, -37.066 ], [ -70.433, -37.033 ], [ -70.433, -36.999 ], [ -70.399, -36.999 ], [ -70.366, -36.999 ], [ -70.366, -37.033 ], [ -70.333, -37.033 ], [ -70.333, -37.066 ], [ -70.333, -37.099 ], [ -70.366, -37.099 ], [ -70.366, -37.133 ], [ -70.366, -37.166 ], [ -70.399, -37.166 ], [ -70.399, -37.199 ], [ -70.366, -37.199 ], [ -70.366, -37.233 ], [ -70.399, -37.233 ], [ -70.399, -37.266 ], [ -70.366, -37.266 ], [ -70.333, -37.266 ], [ -70.333, -37.299 ], [ -70.299, -37.299 ], [ -70.299, -37.333 ], [ -70.333, -37.333 ], [ -70.366, -37.333 ], [ -70.366, -37.299 ], [ -70.399, -37.299 ], [ -70.399, -37.333 ], [ -70.399, -37.366 ], [ -70.433, -37.366 ], [ -70.433, -37.333 ], [ -70.466, -37.333 ], [ -70.466, -37.366 ], [ -70.433, -37.366 ], [ -70.433, -37.399 ], [ -70.466, -37.399 ], [ -70.499, -37.399 ], [ -70.499, -37.366 ], [ -70.533, -37.366 ], [ -70.566, -37.366 ], [ -70.599, -37.366 ], [ -70.633, -37.366 ], [ -70.633, -37.399 ], [ -70.599, -37.399 ], [ -70.566, -37.399 ], [ -70.533, -37.399 ], [ -70.533, -37.433 ], [ -70.566, -37.433 ], [ -70.566, -37.466 ], [ -70.533, -37.466 ], [ -70.533, -37.499 ], [ -70.566, -37.499 ], [ -70.566, -37.533 ], [ -70.599, -37.533 ], [ -70.599, -37.499 ], [ -70.599, -37.466 ], [ -70.633, -37.466 ], [ -70.666, -37.466 ], [ -70.666, -37.433 ], [ -70.699, -37.433 ], [ -70.699, -37.466 ], [ -70.733, -37.466 ], [ -70.733, -37.499 ], [ -70.766, -37.499 ], [ -70.799, -37.499 ], [ -70.799, -37.466 ], [ -70.766, -37.466 ], [ -70.766, -37.433 ], [ -70.733, -37.433 ], [ -70.733, -37.399 ], [ -70.766, -37.399 ], [ -70.799, -37.399 ], [ -70.799, -37.366 ], [ -70.833, -37.366 ], [ -70.866, -37.366 ], [ -70.899, -37.366 ], [ -70.899, -37.333 ], [ -70.866, -37.333 ], [ -70.833, -37.333 ], [ -70.799, -37.333 ], [ -70.799, -37.299 ], [ -70.833, -37.299 ], [ -70.833, -37.266 ], [ -70.799, -37.266 ], [ -70.799, -37.233 ], [ -70.833, -37.233 ], [ -70.833, -37.199 ], [ -70.799, -37.199 ], [ -70.799, -37.166 ], [ -70.799, -37.133 ], [ -70.799, -37.099 ], [ -70.799, -37.066 ], [ -70.799, -37.033 ], [ -70.833, -37.033 ], [ -70.833, -36.999 ], [ -70.799, -36.999 ], [ -70.766, -36.999 ], [ -70.766, -36.966 ], [ -70.733, -36.966 ], [ -70.733, -36.999 ], [ -70.733, -37.033 ], [ -70.733, -37.066 ], [ -70.733, -37.099 ], [ -70.733, -37.133 ], [ -70.699, -37.133 ], [ -70.666, -37.133 ], [ -70.666, -37.099 ], [ -70.699, -37.099 ], [ -70.699, -37.066 ], [ -70.666, -37.066 ], [ -70.666, -37.033 ] ] ], [ [ [ -69.499, -36.966 ], [ -69.499, -36.999 ], [ -69.499, -37.033 ], [ -69.499, -37.066 ], [ -69.499, -37.099 ], [ -69.533, -37.099 ], [ -69.533, -37.066 ], [ -69.533, -37.033 ], [ -69.566, -37.033 ], [ -69.566, -36.999 ], [ -69.599, -36.999 ], [ -69.633, -36.999 ], [ -69.666, -36.999 ], [ -69.666, -36.966 ], [ -69.633, -36.966 ], [ -69.633, -36.933 ], [ -69.599, -36.933 ], [ -69.599, -36.899 ], [ -69.566, -36.899 ], [ -69.566, -36.933 ], [ -69.566, -36.966 ], [ -69.533, -36.966 ], [ -69.499, -36.966 ] ] ], [ [ [ -69.533, -37.499 ], [ -69.533, -37.466 ], [ -69.566, -37.466 ], [ -69.599, -37.466 ], [ -69.599, -37.499 ], [ -69.633, -37.499 ], [ -69.666, -37.499 ], [ -69.666, -37.466 ], [ -69.666, -37.433 ], [ -69.666, -37.399 ], [ -69.699, -37.399 ], [ -69.733, -37.399 ], [ -69.766, -37.399 ], [ -69.799, -37.399 ], [ -69.799, -37.433 ], [ -69.799, -37.466 ], [ -69.799, -37.499 ], [ -69.799, -37.533 ], [ -69.799, -37.566 ], [ -69.766, -37.566 ], [ -69.733, -37.566 ], [ -69.733, -37.599 ], [ -69.699, -37.599 ], [ -69.699, -37.633 ], [ -69.666, -37.633 ], [ -69.666, -37.666 ], [ -69.633, -37.666 ], [ -69.633, -37.699 ], [ -69.599, -37.699 ], [ -69.599, -37.733 ], [ -69.599, -37.766 ], [ -69.566, -37.766 ], [ -69.566, -37.799 ], [ -69.533, -37.799 ], [ -69.533, -37.833 ], [ -69.499, -37.833 ], [ -69.499, -37.866 ], [ -69.499, -37.899 ], [ -69.499, -37.933 ], [ -69.499, -37.966 ], [ -69.466, -37.966 ], [ -69.433, -37.966 ], [ -69.433, -37.999 ], [ -69.466, -37.999 ], [ -69.466, -38.033 ], [ -69.433, -38.033 ], [ -69.399, -38.033 ], [ -69.399, -38.066 ], [ -69.399, -38.099 ], [ -69.399, -38.133 ], [ -69.366, -38.133 ], [ -69.366, -38.166 ], [ -69.366, -38.199 ], [ -69.366, -38.233 ], [ -69.333, -38.233 ], [ -69.333, -38.266 ], [ -69.333, -38.299 ], [ -69.366, -38.299 ], [ -69.399, -38.299 ], [ -69.399, -38.333 ], [ -69.399, -38.366 ], [ -69.433, -38.366 ], [ -69.433, -38.399 ], [ -69.433, -38.433 ], [ -69.466, -38.433 ], [ -69.499, -38.433 ], [ -69.533, -38.433 ], [ -69.566, -38.433 ], [ -69.566, -38.399 ], [ -69.566, -38.366 ], [ -69.533, -38.366 ], [ -69.533, -38.333 ], [ -69.566, -38.333 ], [ -69.599, -38.333 ], [ -69.599, -38.299 ], [ -69.599, -38.266 ], [ -69.633, -38.266 ], [ -69.633, -38.233 ], [ -69.633, -38.199 ], [ -69.633, -38.166 ], [ -69.666, -38.166 ], [ -69.666, -38.133 ], [ -69.666, -38.099 ], [ -69.666, -38.066 ], [ -69.666, -38.033 ], [ -69.666, -37.999 ], [ -69.699, -37.999 ], [ -69.699, -37.966 ], [ -69.733, -37.966 ], [ -69.766, -37.966 ], [ -69.766, -37.933 ], [ -69.733, -37.933 ], [ -69.733, -37.899 ], [ -69.766, -37.899 ], [ -69.766, -37.866 ], [ -69.733, -37.866 ], [ -69.733, -37.833 ], [ -69.699, -37.833 ], [ -69.699, -37.866 ], [ -69.699, -37.899 ], [ -69.666, -37.899 ], [ -69.666, -37.933 ], [ -69.666, -37.966 ], [ -69.633, -37.966 ], [ -69.633, -37.999 ], [ -69.633, -38.033 ], [ -69.633, -38.066 ], [ -69.599, -38.066 ], [ -69.599, -38.099 ], [ -69.599, -38.133 ], [ -69.566, -38.133 ], [ -69.566, -38.166 ], [ -69.566, -38.199 ], [ -69.533, -38.199 ], [ -69.533, -38.166 ], [ -69.499, -38.166 ], [ -69.499, -38.133 ], [ -69.466, -38.133 ], [ -69.466, -38.099 ], [ -69.466, -38.066 ], [ -69.499, -38.066 ], [ -69.533, -38.066 ], [ -69.533, -38.033 ], [ -69.533, -37.999 ], [ -69.566, -37.999 ], [ -69.566, -37.966 ], [ -69.599, -37.966 ], [ -69.599, -37.933 ], [ -69.566, -37.933 ], [ -69.566, -37.899 ], [ -69.566, -37.866 ], [ -69.599, -37.866 ], [ -69.633, -37.866 ], [ -69.633, -37.833 ], [ -69.633, -37.799 ], [ -69.666, -37.799 ], [ -69.666, -37.766 ], [ -69.666, -37.733 ], [ -69.666, -37.699 ], [ -69.699, -37.699 ], [ -69.699, -37.666 ], [ -69.733, -37.666 ], [ -69.733, -37.699 ], [ -69.733, -37.733 ], [ -69.766, -37.733 ], [ -69.766, -37.699 ], [ -69.799, -37.699 ], [ -69.799, -37.666 ], [ -69.799, -37.633 ], [ -69.833, -37.633 ], [ -69.833, -37.599 ], [ -69.866, -37.599 ], [ -69.899, -37.599 ], [ -69.899, -37.633 ], [ -69.933, -37.633 ], [ -69.933, -37.599 ], [ -69.933, -37.566 ], [ -69.933, -37.533 ], [ -69.899, -37.533 ], [ -69.866, -37.533 ], [ -69.866, -37.499 ], [ -69.866, -37.466 ], [ -69.899, -37.466 ], [ -69.933, -37.466 ], [ -69.933, -37.499 ], [ -69.966, -37.499 ], [ -69.966, -37.466 ], [ -69.966, -37.433 ], [ -69.933, -37.433 ], [ -69.933, -37.399 ], [ -69.933, -37.366 ], [ -69.899, -37.366 ], [ -69.899, -37.333 ], [ -69.899, -37.299 ], [ -69.866, -37.299 ], [ -69.866, -37.266 ], [ -69.833, -37.266 ], [ -69.833, -37.233 ], [ -69.833, -37.199 ], [ -69.833, -37.166 ], [ -69.833, -37.133 ], [ -69.866, -37.133 ], [ -69.866, -37.099 ], [ -69.899, -37.099 ], [ -69.899, -37.066 ], [ -69.933, -37.066 ], [ -69.933, -37.033 ], [ -69.899, -37.033 ], [ -69.899, -36.999 ], [ -69.866, -36.999 ], [ -69.866, -36.966 ], [ -69.866, -36.933 ], [ -69.866, -36.899 ], [ -69.866, -36.866 ], [ -69.833, -36.866 ], [ -69.833, -36.899 ], [ -69.833, -36.933 ], [ -69.799, -36.933 ], [ -69.799, -36.966 ], [ -69.799, -36.999 ], [ -69.833, -36.999 ], [ -69.833, -37.033 ], [ -69.866, -37.033 ], [ -69.866, -37.066 ], [ -69.833, -37.066 ], [ -69.833, -37.099 ], [ -69.799, -37.099 ], [ -69.799, -37.133 ], [ -69.766, -37.133 ], [ -69.733, -37.133 ], [ -69.733, -37.166 ], [ -69.733, -37.199 ], [ -69.699, -37.199 ], [ -69.699, -37.233 ], [ -69.699, -37.266 ], [ -69.733, -37.266 ], [ -69.766, -37.266 ], [ -69.799, -37.266 ], [ -69.799, -37.299 ], [ -69.799, -37.333 ], [ -69.766, -37.333 ], [ -69.733, -37.333 ], [ -69.699, -37.333 ], [ -69.666, -37.333 ], [ -69.633, -37.333 ], [ -69.633, -37.366 ], [ -69.599, -37.366 ], [ -69.599, -37.399 ], [ -69.566, -37.399 ], [ -69.566, -37.366 ], [ -69.533, -37.366 ], [ -69.533, -37.333 ], [ -69.499, -37.333 ], [ -69.499, -37.299 ], [ -69.499, -37.266 ], [ -69.466, -37.266 ], [ -69.433, -37.266 ], [ -69.433, -37.233 ], [ -69.399, -37.233 ], [ -69.366, -37.233 ], [ -69.333, -37.233 ], [ -69.299, -37.233 ], [ -69.266, -37.233 ], [ -69.266, -37.266 ], [ -69.233, -37.266 ], [ -69.233, -37.299 ], [ -69.266, -37.299 ], [ -69.299, -37.299 ], [ -69.333, -37.299 ], [ -69.366, -37.299 ], [ -69.366, -37.333 ], [ -69.333, -37.333 ], [ -69.333, -37.366 ], [ -69.366, -37.366 ], [ -69.399, -37.366 ], [ -69.399, -37.399 ], [ -69.433, -37.399 ], [ -69.433, -37.433 ], [ -69.466, -37.433 ], [ -69.466, -37.466 ], [ -69.499, -37.466 ], [ -69.499, -37.499 ], [ -69.533, -37.499 ] ] ], [ [ [ -69.433, -37.366 ], [ -69.433, -37.333 ], [ -69.466, -37.333 ], [ -69.466, -37.366 ], [ -69.433, -37.366 ] ] ], [ [ [ -69.866, -36.866 ], [ -69.899, -36.866 ], [ -69.933, -36.866 ], [ -69.933, -36.833 ], [ -69.933, -36.799 ], [ -69.899, -36.799 ], [ -69.899, -36.833 ], [ -69.866, -36.833 ], [ -69.866, -36.866 ] ] ], [ [ [ -70.733, -36.799 ], [ -70.766, -36.799 ], [ -70.766, -36.766 ], [ -70.733, -36.766 ], [ -70.733, -36.799 ] ] ], [ [ [ -70.666, -37.033 ], [ -70.699, -37.033 ], [ -70.699, -36.999 ], [ -70.699, -36.966 ], [ -70.699, -36.933 ], [ -70.699, -36.899 ], [ -70.699, -36.866 ], [ -70.699, -36.833 ], [ -70.733, -36.833 ], [ -70.733, -36.799 ], [ -70.699, -36.799 ], [ -70.699, -36.766 ], [ -70.666, -36.766 ], [ -70.666, -36.799 ], [ -70.666, -36.833 ], [ -70.666, -36.866 ], [ -70.666, -36.899 ], [ -70.666, -36.933 ], [ -70.666, -36.966 ], [ -70.666, -36.999 ], [ -70.666, -37.033 ] ] ], [ [ [ -69.799, -36.699 ], [ -69.799, -36.733 ], [ -69.799, -36.766 ], [ -69.833, -36.766 ], [ -69.866, -36.766 ], [ -69.899, -36.766 ], [ -69.899, -36.733 ], [ -69.933, -36.733 ], [ -69.933, -36.766 ], [ -69.933, -36.799 ], [ -69.966, -36.799 ], [ -69.966, -36.766 ], [ -69.999, -36.766 ], [ -69.999, -36.733 ], [ -70.033, -36.733 ], [ -70.033, -36.699 ], [ -70.066, -36.699 ], [ -70.066, -36.666 ], [ -70.066, -36.633 ], [ -70.033, -36.633 ], [ -70.033, -36.666 ], [ -69.999, -36.666 ], [ -69.999, -36.699 ], [ -69.966, -36.699 ], [ -69.933, -36.699 ], [ -69.899, -36.699 ], [ -69.866, -36.699 ], [ -69.833, -36.699 ], [ -69.799, -36.699 ] ] ], [ [ [ -69.799, -36.699 ], [ -69.799, -36.666 ], [ -69.799, -36.633 ], [ -69.766, -36.633 ], [ -69.766, -36.666 ], [ -69.766, -36.699 ], [ -69.799, -36.699 ] ] ], [ [ [ -69.633, -36.666 ], [ -69.633, -36.699 ], [ -69.599, -36.699 ], [ -69.599, -36.733 ], [ -69.633, -36.733 ], [ -69.633, -36.766 ], [ -69.633, -36.799 ], [ -69.633, -36.833 ], [ -69.666, -36.833 ], [ -69.666, -36.866 ], [ -69.699, -36.866 ], [ -69.699, -36.899 ], [ -69.733, -36.899 ], [ -69.733, -36.866 ], [ -69.733, -36.833 ], [ -69.733, -36.799 ], [ -69.733, -36.766 ], [ -69.699, -36.766 ], [ -69.699, -36.733 ], [ -69.699, -36.699 ], [ -69.666, -36.699 ], [ -69.666, -36.666 ], [ -69.666, -36.633 ], [ -69.633, -36.633 ], [ -69.633, -36.666 ] ] ], [ [ [ -69.699, -36.499 ], [ -69.699, -36.533 ], [ -69.666, -36.533 ], [ -69.666, -36.566 ], [ -69.666, -36.599 ], [ -69.699, -36.599 ], [ -69.733, -36.599 ], [ -69.733, -36.633 ], [ -69.766, -36.633 ], [ -69.766, -36.599 ], [ -69.766, -36.566 ], [ -69.766, -36.533 ], [ -69.766, -36.499 ], [ -69.766, -36.466 ], [ -69.733, -36.466 ], [ -69.733, -36.499 ], [ -69.699, -36.499 ] ] ], [ [ [ -69.699, -36.499 ], [ -69.699, -36.466 ], [ -69.699, -36.433 ], [ -69.699, -36.399 ], [ -69.699, -36.366 ], [ -69.699, -36.333 ], [ -69.699, -36.299 ], [ -69.699, -36.266 ], [ -69.699, -36.233 ], [ -69.733, -36.233 ], [ -69.733, -36.199 ], [ -69.766, -36.199 ], [ -69.766, -36.233 ], [ -69.799, -36.233 ], [ -69.833, -36.233 ], [ -69.866, -36.233 ], [ -69.866, -36.199 ], [ -69.833, -36.199 ], [ -69.833, -36.166 ], [ -69.799, -36.166 ], [ -69.799, -36.133 ], [ -69.799, -36.099 ], [ -69.766, -36.099 ], [ -69.766, -36.066 ], [ -69.733, -36.066 ], [ -69.733, -36.033 ], [ -69.766, -36.033 ], [ -69.766, -35.999 ], [ -69.766, -35.966 ], [ -69.766, -35.933 ], [ -69.766, -35.899 ], [ -69.799, -35.899 ], [ -69.799, -35.866 ], [ -69.799, -35.833 ], [ -69.766, -35.833 ], [ -69.766, -35.866 ], [ -69.733, -35.866 ], [ -69.733, -35.899 ], [ -69.699, -35.899 ], [ -69.699, -35.933 ], [ -69.699, -35.966 ], [ -69.699, -35.999 ], [ -69.666, -35.999 ], [ -69.666, -36.033 ], [ -69.666, -36.066 ], [ -69.666, -36.099 ], [ -69.633, -36.099 ], [ -69.633, -36.133 ], [ -69.599, -36.133 ], [ -69.599, -36.166 ], [ -69.566, -36.166 ], [ -69.566, -36.199 ], [ -69.533, -36.199 ], [ -69.533, -36.233 ], [ -69.533, -36.266 ], [ -69.499, -36.266 ], [ -69.499, -36.299 ], [ -69.533, -36.299 ], [ -69.533, -36.333 ], [ -69.566, -36.333 ], [ -69.566, -36.366 ], [ -69.599, -36.366 ], [ -69.599, -36.399 ], [ -69.599, -36.433 ], [ -69.566, -36.433 ], [ -69.566, -36.466 ], [ -69.533, -36.466 ], [ -69.533, -36.499 ], [ -69.499, -36.499 ], [ -69.466, -36.499 ], [ -69.466, -36.533 ], [ -69.499, -36.533 ], [ -69.533, -36.533 ], [ -69.533, -36.566 ], [ -69.566, -36.566 ], [ -69.566, -36.599 ], [ -69.599, -36.599 ], [ -69.633, -36.599 ], [ -69.633, -36.566 ], [ -69.599, -36.566 ], [ -69.599, -36.533 ], [ -69.599, -36.499 ], [ -69.599, -36.466 ], [ -69.633, -36.466 ], [ -69.633, -36.433 ], [ -69.666, -36.433 ], [ -69.666, -36.466 ], [ -69.666, -36.499 ], [ -69.699, -36.499 ] ] ], [ [ [ -69.733, -36.166 ], [ -69.733, -36.133 ], [ -69.766, -36.133 ], [ -69.766, -36.166 ], [ -69.733, -36.166 ] ] ], [ [ [ -68.999, -37.099 ], [ -68.966, -37.099 ], [ -68.933, -37.099 ], [ -68.899, -37.099 ], [ -68.866, -37.099 ], [ -68.833, -37.099 ], [ -68.799, -37.099 ], [ -68.799, -37.066 ], [ -68.799, -37.033 ], [ -68.833, -37.033 ], [ -68.833, -36.999 ], [ -68.866, -36.999 ], [ -68.866, -36.966 ], [ -68.899, -36.966 ], [ -68.933, -36.966 ], [ -68.966, -36.966 ], [ -68.966, -36.999 ], [ -68.999, -36.999 ], [ -68.999, -37.033 ], [ -68.999, -37.066 ], [ -68.999, -37.099 ], [ -69.033, -37.099 ], [ -69.066, -37.099 ], [ -69.066, -37.066 ], [ -69.099, -37.066 ], [ -69.099, -37.033 ], [ -69.099, -36.999 ], [ -69.133, -36.999 ], [ -69.166, -36.999 ], [ -69.166, -36.966 ], [ -69.199, -36.966 ], [ -69.199, -36.999 ], [ -69.233, -36.999 ], [ -69.266, -36.999 ], [ -69.299, -36.999 ], [ -69.333, -36.999 ], [ -69.333, -36.966 ], [ -69.333, -36.933 ], [ -69.299, -36.933 ], [ -69.299, -36.899 ], [ -69.333, -36.899 ], [ -69.366, -36.899 ], [ -69.399, -36.899 ], [ -69.433, -36.899 ], [ -69.433, -36.933 ], [ -69.466, -36.933 ], [ -69.466, -36.966 ], [ -69.499, -36.966 ], [ -69.499, -36.933 ], [ -69.499, -36.899 ], [ -69.499, -36.866 ], [ -69.466, -36.866 ], [ -69.433, -36.866 ], [ -69.433, -36.833 ], [ -69.399, -36.833 ], [ -69.399, -36.866 ], [ -69.366, -36.866 ], [ -69.333, -36.866 ], [ -69.299, -36.866 ], [ -69.266, -36.866 ], [ -69.233, -36.866 ], [ -69.233, -36.833 ], [ -69.199, -36.833 ], [ -69.166, -36.833 ], [ -69.166, -36.799 ], [ -69.166, -36.766 ], [ -69.133, -36.766 ], [ -69.099, -36.766 ], [ -69.099, -36.733 ], [ -69.133, -36.733 ], [ -69.133, -36.699 ], [ -69.133, -36.666 ], [ -69.133, -36.633 ], [ -69.099, -36.633 ], [ -69.099, -36.599 ], [ -69.099, -36.566 ], [ -69.066, -36.566 ], [ -69.066, -36.533 ], [ -69.033, -36.533 ], [ -69.033, -36.499 ], [ -68.999, -36.499 ], [ -68.966, -36.499 ], [ -68.933, -36.499 ], [ -68.933, -36.466 ], [ -68.899, -36.466 ], [ -68.899, -36.433 ], [ -68.866, -36.433 ], [ -68.833, -36.433 ], [ -68.799, -36.433 ], [ -68.799, -36.399 ], [ -68.799, -36.366 ], [ -68.799, -36.333 ], [ -68.799, -36.299 ], [ -68.799, -36.266 ], [ -68.766, -36.266 ], [ -68.733, -36.266 ], [ -68.699, -36.266 ], [ -68.666, -36.266 ], [ -68.633, -36.266 ], [ -68.633, -36.233 ], [ -68.633, -36.199 ], [ -68.599, -36.199 ], [ -68.599, -36.166 ], [ -68.566, -36.166 ], [ -68.566, -36.133 ], [ -68.533, -36.133 ], [ -68.499, -36.133 ], [ -68.499, -36.099 ], [ -68.466, -36.099 ], [ -68.466, -36.066 ], [ -68.433, -36.066 ], [ -68.433, -36.033 ], [ -68.433, -35.999 ], [ -68.399, -35.999 ], [ -68.366, -35.999 ], [ -68.366, -35.966 ], [ -68.366, -35.933 ], [ -68.333, -35.933 ], [ -68.333, -35.899 ], [ -68.366, -35.899 ], [ -68.366, -35.866 ], [ -68.366, -35.833 ], [ -68.366, -35.799 ], [ -68.333, -35.799 ], [ -68.333, -35.766 ], [ -68.333, -35.733 ], [ -68.299, -35.733 ], [ -68.299, -35.699 ], [ -68.266, -35.699 ], [ -68.266, -35.666 ], [ -68.266, -35.633 ], [ -68.233, -35.633 ], [ -68.233, -35.599 ], [ -68.233, -35.566 ], [ -68.233, -35.533 ], [ -68.199, -35.533 ], [ -68.199, -35.566 ], [ -68.166, -35.566 ], [ -68.166, -35.599 ], [ -68.166, -35.633 ], [ -68.199, -35.633 ], [ -68.199, -35.666 ], [ -68.199, -35.699 ], [ -68.233, -35.699 ], [ -68.233, -35.733 ], [ -68.233, -35.766 ], [ -68.233, -35.799 ], [ -68.199, -35.799 ], [ -68.199, -35.833 ], [ -68.199, -35.866 ], [ -68.233, -35.866 ], [ -68.266, -35.866 ], [ -68.266, -35.899 ], [ -68.266, -35.933 ], [ -68.299, -35.933 ], [ -68.299, -35.966 ], [ -68.299, -35.999 ], [ -68.299, -36.033 ], [ -68.333, -36.033 ], [ -68.333, -36.066 ], [ -68.333, -36.099 ], [ -68.333, -36.133 ], [ -68.333, -36.166 ], [ -68.299, -36.166 ], [ -68.299, -36.199 ], [ -68.333, -36.199 ], [ -68.333, -36.233 ], [ -68.333, -36.266 ], [ -68.366, -36.266 ], [ -68.399, -36.266 ], [ -68.399, -36.299 ], [ -68.433, -36.299 ], [ -68.433, -36.333 ], [ -68.466, -36.333 ], [ -68.466, -36.366 ], [ -68.499, -36.366 ], [ -68.499, -36.399 ], [ -68.533, -36.399 ], [ -68.533, -36.433 ], [ -68.533, -36.466 ], [ -68.499, -36.466 ], [ -68.466, -36.466 ], [ -68.466, -36.499 ], [ -68.499, -36.499 ], [ -68.499, -36.533 ], [ -68.533, -36.533 ], [ -68.566, -36.533 ], [ -68.599, -36.533 ], [ -68.633, -36.533 ], [ -68.633, -36.566 ], [ -68.666, -36.566 ], [ -68.699, -36.566 ], [ -68.699, -36.599 ], [ -68.733, -36.599 ], [ -68.766, -36.599 ], [ -68.799, -36.599 ], [ -68.799, -36.566 ], [ -68.833, -36.566 ], [ -68.833, -36.599 ], [ -68.866, -36.599 ], [ -68.866, -36.633 ], [ -68.899, -36.633 ], [ -68.899, -36.666 ], [ -68.899, -36.699 ], [ -68.899, -36.733 ], [ -68.899, -36.766 ], [ -68.933, -36.766 ], [ -68.933, -36.799 ], [ -68.933, -36.833 ], [ -68.933, -36.866 ], [ -68.899, -36.866 ], [ -68.899, -36.899 ], [ -68.866, -36.899 ], [ -68.866, -36.866 ], [ -68.833, -36.866 ], [ -68.799, -36.866 ], [ -68.766, -36.866 ], [ -68.766, -36.899 ], [ -68.733, -36.899 ], [ -68.733, -36.933 ], [ -68.699, -36.933 ], [ -68.699, -36.966 ], [ -68.699, -36.999 ], [ -68.699, -37.033 ], [ -68.699, -37.066 ], [ -68.699, -37.099 ], [ -68.733, -37.099 ], [ -68.733, -37.133 ], [ -68.766, -37.133 ], [ -68.799, -37.133 ], [ -68.799, -37.166 ], [ -68.833, -37.166 ], [ -68.866, -37.166 ], [ -68.899, -37.166 ], [ -68.933, -37.166 ], [ -68.933, -37.133 ], [ -68.966, -37.133 ], [ -68.999, -37.133 ], [ -68.999, -37.099 ] ] ], [ [ [ -68.233, -35.533 ], [ -68.266, -35.533 ], [ -68.299, -35.533 ], [ -68.299, -35.499 ], [ -68.299, -35.466 ], [ -68.266, -35.466 ], [ -68.266, -35.499 ], [ -68.233, -35.499 ], [ -68.233, -35.533 ] ] ], [ [ [ -69.299, -33.799 ], [ -69.299, -33.833 ], [ -69.333, -33.833 ], [ -69.333, -33.799 ], [ -69.299, -33.799 ] ] ], [ [ [ -69.233, -33.899 ], [ -69.266, -33.899 ], [ -69.266, -33.866 ], [ -69.266, -33.833 ], [ -69.266, -33.799 ], [ -69.233, -33.799 ], [ -69.233, -33.833 ], [ -69.233, -33.866 ], [ -69.233, -33.899 ] ] ], [ [ [ -68.599, -34.899 ], [ -68.633, -34.899 ], [ -68.633, -34.933 ], [ -68.633, -34.966 ], [ -68.599, -34.966 ], [ -68.599, -34.933 ], [ -68.599, -34.899 ], [ -68.566, -34.899 ], [ -68.533, -34.899 ], [ -68.533, -34.933 ], [ -68.499, -34.933 ], [ -68.499, -34.966 ], [ -68.466, -34.966 ], [ -68.466, -34.999 ], [ -68.433, -34.999 ], [ -68.433, -35.033 ], [ -68.399, -35.033 ], [ -68.399, -35.066 ], [ -68.399, -35.099 ], [ -68.366, -35.099 ], [ -68.366, -35.133 ], [ -68.366, -35.166 ], [ -68.366, -35.199 ], [ -68.399, -35.199 ], [ -68.433, -35.199 ], [ -68.433, -35.233 ], [ -68.399, -35.233 ], [ -68.399, -35.266 ], [ -68.366, -35.266 ], [ -68.366, -35.299 ], [ -68.333, -35.299 ], [ -68.333, -35.333 ], [ -68.366, -35.333 ], [ -68.366, -35.366 ], [ -68.333, -35.366 ], [ -68.333, -35.399 ], [ -68.333, -35.433 ], [ -68.299, -35.433 ], [ -68.299, -35.466 ], [ -68.333, -35.466 ], [ -68.366, -35.466 ], [ -68.366, -35.433 ], [ -68.399, -35.433 ], [ -68.433, -35.433 ], [ -68.433, -35.399 ], [ -68.466, -35.399 ], [ -68.499, -35.399 ], [ -68.533, -35.399 ], [ -68.533, -35.366 ], [ -68.566, -35.366 ], [ -68.599, -35.366 ], [ -68.599, -35.333 ], [ -68.599, -35.299 ], [ -68.633, -35.299 ], [ -68.633, -35.266 ], [ -68.666, -35.266 ], [ -68.666, -35.299 ], [ -68.666, -35.333 ], [ -68.666, -35.366 ], [ -68.699, -35.366 ], [ -68.733, -35.366 ], [ -68.766, -35.366 ], [ -68.766, -35.399 ], [ -68.799, -35.399 ], [ -68.833, -35.399 ], [ -68.866, -35.399 ], [ -68.899, -35.399 ], [ -68.899, -35.366 ], [ -68.933, -35.366 ], [ -68.933, -35.399 ], [ -68.899, -35.399 ], [ -68.899, -35.433 ], [ -68.899, -35.466 ], [ -68.899, -35.499 ], [ -68.899, -35.533 ], [ -68.866, -35.533 ], [ -68.866, -35.566 ], [ -68.866, -35.599 ], [ -68.899, -35.599 ], [ -68.899, -35.633 ], [ -68.933, -35.633 ], [ -68.933, -35.666 ], [ -68.933, -35.699 ], [ -68.966, -35.699 ], [ -68.999, -35.699 ], [ -68.999, -35.733 ], [ -68.966, -35.733 ], [ -68.966, -35.766 ], [ -68.966, -35.799 ], [ -68.966, -35.833 ], [ -68.966, -35.866 ], [ -68.966, -35.899 ], [ -68.933, -35.899 ], [ -68.933, -35.933 ], [ -68.933, -35.966 ], [ -68.899, -35.966 ], [ -68.899, -35.999 ], [ -68.899, -36.033 ], [ -68.899, -36.066 ], [ -68.933, -36.066 ], [ -68.966, -36.066 ], [ -68.966, -36.099 ], [ -68.966, -36.133 ], [ -68.933, -36.133 ], [ -68.933, -36.166 ], [ -68.899, -36.166 ], [ -68.899, -36.199 ], [ -68.899, -36.233 ], [ -68.933, -36.233 ], [ -68.966, -36.233 ], [ -68.999, -36.233 ], [ -68.999, -36.199 ], [ -69.033, -36.199 ], [ -69.033, -36.233 ], [ -69.066, -36.233 ], [ -69.099, -36.233 ], [ -69.133, -36.233 ], [ -69.166, -36.233 ], [ -69.199, -36.233 ], [ -69.199, -36.199 ], [ -69.199, -36.166 ], [ -69.233, -36.166 ], [ -69.233, -36.199 ], [ -69.266, -36.199 ], [ -69.299, -36.199 ], [ -69.299, -36.166 ], [ -69.266, -36.166 ], [ -69.266, -36.133 ], [ -69.233, -36.133 ], [ -69.233, -36.099 ], [ -69.233, -36.066 ], [ -69.233, -36.033 ], [ -69.233, -35.999 ], [ -69.266, -35.999 ], [ -69.266, -35.966 ], [ -69.233, -35.966 ], [ -69.233, -35.933 ], [ -69.233, -35.899 ], [ -69.233, -35.866 ], [ -69.266, -35.866 ], [ -69.266, -35.833 ], [ -69.266, -35.799 ], [ -69.299, -35.799 ], [ -69.299, -35.766 ], [ -69.333, -35.766 ], [ -69.333, -35.733 ], [ -69.366, -35.733 ], [ -69.366, -35.766 ], [ -69.366, -35.799 ], [ -69.399, -35.799 ], [ -69.433, -35.799 ], [ -69.433, -35.766 ], [ -69.466, -35.766 ], [ -69.466, -35.733 ], [ -69.499, -35.733 ], [ -69.499, -35.699 ], [ -69.499, -35.666 ], [ -69.533, -35.666 ], [ -69.533, -35.633 ], [ -69.566, -35.633 ], [ -69.566, -35.599 ], [ -69.599, -35.599 ], [ -69.599, -35.566 ], [ -69.633, -35.566 ], [ -69.666, -35.566 ], [ -69.666, -35.533 ], [ -69.633, -35.533 ], [ -69.633, -35.499 ], [ -69.666, -35.499 ], [ -69.666, -35.466 ], [ -69.666, -35.433 ], [ -69.666, -35.399 ], [ -69.666, -35.366 ], [ -69.666, -35.333 ], [ -69.666, -35.299 ], [ -69.666, -35.266 ], [ -69.666, -35.233 ], [ -69.633, -35.233 ], [ -69.633, -35.199 ], [ -69.666, -35.199 ], [ -69.666, -35.166 ], [ -69.633, -35.166 ], [ -69.599, -35.166 ], [ -69.599, -35.133 ], [ -69.566, -35.133 ], [ -69.566, -35.099 ], [ -69.533, -35.099 ], [ -69.533, -35.066 ], [ -69.566, -35.066 ], [ -69.566, -35.033 ], [ -69.533, -35.033 ], [ -69.533, -34.999 ], [ -69.499, -34.999 ], [ -69.499, -34.966 ], [ -69.466, -34.966 ], [ -69.433, -34.966 ], [ -69.399, -34.966 ], [ -69.366, -34.966 ], [ -69.333, -34.966 ], [ -69.299, -34.966 ], [ -69.299, -34.933 ], [ -69.266, -34.933 ], [ -69.233, -34.933 ], [ -69.233, -34.899 ], [ -69.199, -34.899 ], [ -69.166, -34.899 ], [ -69.166, -34.866 ], [ -69.133, -34.866 ], [ -69.099, -34.866 ], [ -69.099, -34.833 ], [ -69.099, -34.799 ], [ -69.099, -34.766 ], [ -69.133, -34.766 ], [ -69.133, -34.733 ], [ -69.166, -34.733 ], [ -69.166, -34.699 ], [ -69.166, -34.666 ], [ -69.199, -34.666 ], [ -69.233, -34.666 ], [ -69.266, -34.666 ], [ -69.266, -34.633 ], [ -69.233, -34.633 ], [ -69.199, -34.633 ], [ -69.166, -34.633 ], [ -69.166, -34.599 ], [ -69.166, -34.566 ], [ -69.133, -34.566 ], [ -69.099, -34.566 ], [ -69.099, -34.533 ], [ -69.066, -34.533 ], [ -69.033, -34.533 ], [ -68.999, -34.533 ], [ -68.966, -34.533 ], [ -68.966, -34.566 ], [ -68.933, -34.566 ], [ -68.933, -34.533 ], [ -68.899, -34.533 ], [ -68.899, -34.566 ], [ -68.866, -34.566 ], [ -68.866, -34.599 ], [ -68.866, -34.633 ], [ -68.899, -34.633 ], [ -68.933, -34.633 ], [ -68.966, -34.633 ], [ -68.966, -34.666 ], [ -68.999, -34.666 ], [ -68.999, -34.699 ], [ -68.966, -34.699 ], [ -68.966, -34.733 ], [ -68.933, -34.733 ], [ -68.899, -34.733 ], [ -68.899, -34.766 ], [ -68.866, -34.766 ], [ -68.866, -34.799 ], [ -68.833, -34.799 ], [ -68.833, -34.833 ], [ -68.799, -34.833 ], [ -68.799, -34.799 ], [ -68.799, -34.766 ], [ -68.766, -34.766 ], [ -68.766, -34.733 ], [ -68.799, -34.733 ], [ -68.799, -34.699 ], [ -68.799, -34.666 ], [ -68.799, -34.633 ], [ -68.799, -34.599 ], [ -68.799, -34.566 ], [ -68.833, -34.566 ], [ -68.833, -34.533 ], [ -68.799, -34.533 ], [ -68.799, -34.499 ], [ -68.799, -34.466 ], [ -68.799, -34.433 ], [ -68.799, -34.399 ], [ -68.799, -34.366 ], [ -68.799, -34.333 ], [ -68.799, -34.299 ], [ -68.799, -34.266 ], [ -68.833, -34.266 ], [ -68.866, -34.266 ], [ -68.899, -34.266 ], [ -68.933, -34.266 ], [ -68.966, -34.266 ], [ -68.999, -34.266 ], [ -68.999, -34.233 ], [ -69.033, -34.233 ], [ -69.033, -34.199 ], [ -69.066, -34.199 ], [ -69.066, -34.233 ], [ -69.099, -34.233 ], [ -69.099, -34.199 ], [ -69.133, -34.199 ], [ -69.166, -34.199 ], [ -69.166, -34.166 ], [ -69.199, -34.166 ], [ -69.199, -34.133 ], [ -69.199, -34.099 ], [ -69.199, -34.066 ], [ -69.233, -34.066 ], [ -69.233, -34.033 ], [ -69.233, -33.999 ], [ -69.266, -33.999 ], [ -69.266, -33.966 ], [ -69.266, -33.933 ], [ -69.233, -33.933 ], [ -69.233, -33.899 ], [ -69.199, -33.899 ], [ -69.199, -33.933 ], [ -69.199, -33.966 ], [ -69.199, -33.999 ], [ -69.199, -34.033 ], [ -69.166, -34.033 ], [ -69.133, -34.033 ], [ -69.099, -34.033 ], [ -69.066, -34.033 ], [ -69.066, -34.066 ], [ -69.033, -34.066 ], [ -68.999, -34.066 ], [ -68.966, -34.066 ], [ -68.933, -34.066 ], [ -68.933, -34.033 ], [ -68.899, -34.033 ], [ -68.899, -33.999 ], [ -68.899, -33.966 ], [ -68.866, -33.966 ], [ -68.866, -33.933 ], [ -68.833, -33.933 ], [ -68.833, -33.899 ], [ -68.799, -33.899 ], [ -68.799, -33.866 ], [ -68.766, -33.866 ], [ -68.766, -33.833 ], [ -68.733, -33.833 ], [ -68.733, -33.799 ], [ -68.699, -33.799 ], [ -68.699, -33.766 ], [ -68.666, -33.766 ], [ -68.666, -33.799 ], [ -68.666, -33.833 ], [ -68.666, -33.866 ], [ -68.666, -33.899 ], [ -68.633, -33.899 ], [ -68.633, -33.933 ], [ -68.633, -33.966 ], [ -68.599, -33.966 ], [ -68.599, -33.999 ], [ -68.599, -34.033 ], [ -68.633, -34.033 ], [ -68.666, -34.033 ], [ -68.699, -34.033 ], [ -68.699, -34.066 ], [ -68.699, -34.099 ], [ -68.699, -34.133 ], [ -68.699, -34.166 ], [ -68.666, -34.166 ], [ -68.666, -34.199 ], [ -68.699, -34.199 ], [ -68.699, -34.233 ], [ -68.733, -34.233 ], [ -68.733, -34.266 ], [ -68.699, -34.266 ], [ -68.699, -34.299 ], [ -68.699, -34.333 ], [ -68.699, -34.366 ], [ -68.699, -34.399 ], [ -68.733, -34.399 ], [ -68.733, -34.433 ], [ -68.699, -34.433 ], [ -68.699, -34.466 ], [ -68.699, -34.499 ], [ -68.699, -34.533 ], [ -68.699, -34.566 ], [ -68.733, -34.566 ], [ -68.766, -34.566 ], [ -68.766, -34.599 ], [ -68.733, -34.599 ], [ -68.699, -34.599 ], [ -68.699, -34.633 ], [ -68.699, -34.666 ], [ -68.666, -34.666 ], [ -68.666, -34.699 ], [ -68.699, -34.699 ], [ -68.699, -34.733 ], [ -68.666, -34.733 ], [ -68.633, -34.733 ], [ -68.633, -34.766 ], [ -68.633, -34.799 ], [ -68.599, -34.799 ], [ -68.599, -34.833 ], [ -68.566, -34.833 ], [ -68.566, -34.866 ], [ -68.599, -34.866 ], [ -68.599, -34.899 ] ] ], [ [ [ -68.733, -34.699 ], [ -68.733, -34.666 ], [ -68.766, -34.666 ], [ -68.766, -34.699 ], [ -68.733, -34.699 ] ] ], [ [ [ -69.033, -34.633 ], [ -69.033, -34.599 ], [ -69.066, -34.599 ], [ -69.099, -34.599 ], [ -69.099, -34.633 ], [ -69.099, -34.666 ], [ -69.066, -34.666 ], [ -69.033, -34.666 ], [ -69.033, -34.633 ] ] ], [ [ [ -68.533, -35.066 ], [ -68.533, -35.099 ], [ -68.533, -35.133 ], [ -68.499, -35.133 ], [ -68.499, -35.166 ], [ -68.466, -35.166 ], [ -68.466, -35.133 ], [ -68.466, -35.099 ], [ -68.499, -35.099 ], [ -68.499, -35.066 ], [ -68.499, -35.033 ], [ -68.533, -35.033 ], [ -68.533, -35.066 ] ] ], [ [ [ -69.266, -33.799 ], [ -69.299, -33.799 ], [ -69.299, -33.766 ], [ -69.299, -33.733 ], [ -69.299, -33.699 ], [ -69.266, -33.699 ], [ -69.266, -33.733 ], [ -69.266, -33.766 ], [ -69.266, -33.799 ] ] ], [ [ [ -66.199, -33.166 ], [ -66.199, -33.199 ], [ -66.233, -33.199 ], [ -66.233, -33.166 ], [ -66.199, -33.166 ] ] ], [ [ [ -66.199, -33.166 ], [ -66.199, -33.133 ], [ -66.166, -33.133 ], [ -66.166, -33.166 ], [ -66.199, -33.166 ] ] ], [ [ [ -69.099, -33.099 ], [ -69.099, -33.133 ], [ -69.066, -33.133 ], [ -69.066, -33.166 ], [ -69.066, -33.199 ], [ -69.066, -33.233 ], [ -69.066, -33.266 ], [ -69.099, -33.266 ], [ -69.133, -33.266 ], [ -69.166, -33.266 ], [ -69.166, -33.299 ], [ -69.199, -33.299 ], [ -69.199, -33.333 ], [ -69.233, -33.333 ], [ -69.233, -33.366 ], [ -69.233, -33.399 ], [ -69.233, -33.433 ], [ -69.266, -33.433 ], [ -69.266, -33.466 ], [ -69.299, -33.466 ], [ -69.299, -33.499 ], [ -69.299, -33.533 ], [ -69.299, -33.566 ], [ -69.299, -33.599 ], [ -69.299, -33.633 ], [ -69.299, -33.666 ], [ -69.333, -33.666 ], [ -69.333, -33.633 ], [ -69.333, -33.599 ], [ -69.366, -33.599 ], [ -69.366, -33.566 ], [ -69.366, -33.533 ], [ -69.333, -33.533 ], [ -69.333, -33.499 ], [ -69.333, -33.466 ], [ -69.366, -33.466 ], [ -69.366, -33.433 ], [ -69.333, -33.433 ], [ -69.333, -33.399 ], [ -69.299, -33.399 ], [ -69.299, -33.366 ], [ -69.299, -33.333 ], [ -69.299, -33.299 ], [ -69.266, -33.299 ], [ -69.266, -33.266 ], [ -69.233, -33.266 ], [ -69.233, -33.233 ], [ -69.199, -33.233 ], [ -69.199, -33.199 ], [ -69.166, -33.199 ], [ -69.133, -33.199 ], [ -69.133, -33.233 ], [ -69.099, -33.233 ], [ -69.099, -33.199 ], [ -69.099, -33.166 ], [ -69.133, -33.166 ], [ -69.133, -33.133 ], [ -69.166, -33.133 ], [ -69.166, -33.099 ], [ -69.166, -33.066 ], [ -69.133, -33.066 ], [ -69.099, -33.066 ], [ -69.099, -33.099 ] ] ], [ [ [ -65.299, -33.066 ], [ -65.299, -33.099 ], [ -65.266, -33.099 ], [ -65.233, -33.099 ], [ -65.199, -33.099 ], [ -65.166, -33.099 ], [ -65.166, -33.133 ], [ -65.166, -33.166 ], [ -65.199, -33.166 ], [ -65.199, -33.199 ], [ -65.233, -33.199 ], [ -65.233, -33.233 ], [ -65.233, -33.266 ], [ -65.266, -33.266 ], [ -65.266, -33.299 ], [ -65.299, -33.299 ], [ -65.299, -33.333 ], [ -65.333, -33.333 ], [ -65.366, -33.333 ], [ -65.366, -33.366 ], [ -65.399, -33.366 ], [ -65.433, -33.366 ], [ -65.466, -33.366 ], [ -65.499, -33.366 ], [ -65.499, -33.333 ], [ -65.533, -33.333 ], [ -65.533, -33.299 ], [ -65.533, -33.266 ], [ -65.499, -33.266 ], [ -65.499, -33.233 ], [ -65.499, -33.199 ], [ -65.499, -33.166 ], [ -65.499, -33.133 ], [ -65.499, -33.099 ], [ -65.466, -33.099 ], [ -65.433, -33.099 ], [ -65.433, -33.066 ], [ -65.399, -33.066 ], [ -65.366, -33.066 ], [ -65.333, -33.066 ], [ -65.299, -33.066 ] ], [ [ -65.433, -33.166 ], [ -65.433, -33.199 ], [ -65.399, -33.199 ], [ -65.366, -33.199 ], [ -65.366, -33.166 ], [ -65.366, -33.133 ], [ -65.399, -33.133 ], [ -65.433, -33.133 ], [ -65.433, -33.166 ] ] ], [ [ [ -69.133, -32.999 ], [ -69.099, -32.999 ], [ -69.099, -33.033 ], [ -69.133, -33.033 ], [ -69.133, -32.999 ] ] ], [ [ [ -69.033, -32.999 ], [ -69.033, -33.033 ], [ -69.066, -33.033 ], [ -69.066, -32.999 ], [ -69.033, -32.999 ] ] ], [ [ [ -69.033, -32.999 ], [ -69.033, -32.966 ], [ -68.999, -32.966 ], [ -68.999, -32.999 ], [ -69.033, -32.999 ] ] ], [ [ [ -66.199, -32.999 ], [ -66.233, -32.999 ], [ -66.233, -32.966 ], [ -66.199, -32.966 ], [ -66.199, -32.999 ] ] ], [ [ [ -69.133, -32.999 ], [ -69.166, -32.999 ], [ -69.166, -33.033 ], [ -69.199, -33.033 ], [ -69.199, -32.999 ], [ -69.199, -32.966 ], [ -69.233, -32.966 ], [ -69.233, -32.933 ], [ -69.199, -32.933 ], [ -69.166, -32.933 ], [ -69.133, -32.933 ], [ -69.133, -32.966 ], [ -69.133, -32.999 ] ] ], [ [ [ -65.666, -32.966 ], [ -65.699, -32.966 ], [ -65.699, -32.933 ], [ -65.666, -32.933 ], [ -65.666, -32.966 ] ] ], [ [ [ -64.999, -32.966 ], [ -65.033, -32.966 ], [ -65.033, -32.933 ], [ -64.999, -32.933 ], [ -64.999, -32.966 ] ] ], [ [ [ -65.033, -32.966 ], [ -65.033, -32.999 ], [ -64.999, -32.999 ], [ -64.999, -32.966 ], [ -64.966, -32.966 ], [ -64.966, -32.933 ], [ -64.966, -32.899 ], [ -64.933, -32.899 ], [ -64.933, -32.933 ], [ -64.933, -32.966 ], [ -64.933, -32.999 ], [ -64.933, -33.033 ], [ -64.933, -33.066 ], [ -64.966, -33.066 ], [ -64.966, -33.099 ], [ -64.999, -33.099 ], [ -65.033, -33.099 ], [ -65.033, -33.133 ], [ -65.033, -33.166 ], [ -65.066, -33.166 ], [ -65.066, -33.133 ], [ -65.066, -33.099 ], [ -65.099, -33.099 ], [ -65.099, -33.066 ], [ -65.099, -33.033 ], [ -65.066, -33.033 ], [ -65.066, -32.999 ], [ -65.066, -32.966 ], [ -65.033, -32.966 ] ] ], [ [ [ -69.233, -32.933 ], [ -69.266, -32.933 ], [ -69.266, -32.899 ], [ -69.266, -32.866 ], [ -69.233, -32.866 ], [ -69.233, -32.899 ], [ -69.233, -32.933 ] ] ], [ [ [ -66.199, -32.866 ], [ -66.199, -32.899 ], [ -66.166, -32.899 ], [ -66.166, -32.933 ], [ -66.199, -32.933 ], [ -66.233, -32.933 ], [ -66.233, -32.899 ], [ -66.233, -32.866 ], [ -66.199, -32.866 ] ] ], [ [ [ -64.966, -32.899 ], [ -64.999, -32.899 ], [ -64.999, -32.866 ], [ -64.999, -32.833 ], [ -64.999, -32.799 ], [ -64.966, -32.799 ], [ -64.966, -32.833 ], [ -64.966, -32.866 ], [ -64.966, -32.899 ] ] ], [ [ [ -64.933, -32.899 ], [ -64.933, -32.866 ], [ -64.933, -32.833 ], [ -64.899, -32.833 ], [ -64.899, -32.799 ], [ -64.866, -32.799 ], [ -64.866, -32.833 ], [ -64.866, -32.866 ], [ -64.899, -32.866 ], [ -64.899, -32.899 ], [ -64.933, -32.899 ] ] ], [ [ [ -66.199, -32.766 ], [ -66.199, -32.799 ], [ -66.233, -32.799 ], [ -66.233, -32.766 ], [ -66.199, -32.766 ] ] ], [ [ [ -64.866, -32.799 ], [ -64.866, -32.766 ], [ -64.833, -32.766 ], [ -64.833, -32.799 ], [ -64.866, -32.799 ] ] ], [ [ [ -68.999, -32.966 ], [ -68.999, -32.933 ], [ -69.033, -32.933 ], [ -69.033, -32.899 ], [ -69.033, -32.866 ], [ -68.999, -32.866 ], [ -68.999, -32.833 ], [ -68.999, -32.799 ], [ -68.966, -32.799 ], [ -68.966, -32.766 ], [ -68.966, -32.733 ], [ -68.933, -32.733 ], [ -68.933, -32.766 ], [ -68.933, -32.799 ], [ -68.933, -32.833 ], [ -68.933, -32.866 ], [ -68.966, -32.866 ], [ -68.966, -32.899 ], [ -68.966, -32.933 ], [ -68.966, -32.966 ], [ -68.999, -32.966 ] ] ], [ [ [ -66.199, -32.766 ], [ -66.199, -32.733 ], [ -66.166, -32.733 ], [ -66.166, -32.766 ], [ -66.199, -32.766 ] ] ], [ [ [ -66.166, -32.733 ], [ -66.166, -32.699 ], [ -66.133, -32.699 ], [ -66.099, -32.699 ], [ -66.099, -32.733 ], [ -66.133, -32.733 ], [ -66.166, -32.733 ] ] ], [ [ [ -68.966, -32.733 ], [ -68.999, -32.733 ], [ -68.999, -32.699 ], [ -68.999, -32.666 ], [ -68.966, -32.666 ], [ -68.966, -32.699 ], [ -68.966, -32.733 ] ] ], [ [ [ -66.099, -32.699 ], [ -66.099, -32.666 ], [ -66.066, -32.666 ], [ -66.066, -32.699 ], [ -66.099, -32.699 ] ] ], [ [ [ -66.066, -32.666 ], [ -66.066, -32.633 ], [ -66.033, -32.633 ], [ -66.033, -32.666 ], [ -66.066, -32.666 ] ] ], [ [ [ -68.999, -32.599 ], [ -68.999, -32.633 ], [ -69.033, -32.633 ], [ -69.033, -32.599 ], [ -68.999, -32.599 ] ] ], [ [ [ -64.933, -32.699 ], [ -64.966, -32.699 ], [ -64.966, -32.666 ], [ -64.966, -32.633 ], [ -64.966, -32.599 ], [ -64.966, -32.566 ], [ -64.966, -32.533 ], [ -64.966, -32.499 ], [ -64.933, -32.499 ], [ -64.933, -32.533 ], [ -64.933, -32.566 ], [ -64.933, -32.599 ], [ -64.933, -32.633 ], [ -64.933, -32.666 ], [ -64.933, -32.699 ] ] ], [ [ [ -66.166, -33.133 ], [ -66.166, -33.099 ], [ -66.166, -33.066 ], [ -66.166, -33.033 ], [ -66.133, -33.033 ], [ -66.133, -32.999 ], [ -66.133, -32.966 ], [ -66.099, -32.966 ], [ -66.099, -32.933 ], [ -66.066, -32.933 ], [ -66.066, -32.899 ], [ -66.033, -32.899 ], [ -66.033, -32.866 ], [ -65.999, -32.866 ], [ -65.999, -32.833 ], [ -65.966, -32.833 ], [ -65.966, -32.799 ], [ -65.966, -32.766 ], [ -65.933, -32.766 ], [ -65.933, -32.733 ], [ -65.933, -32.699 ], [ -65.899, -32.699 ], [ -65.899, -32.666 ], [ -65.899, -32.633 ], [ -65.933, -32.633 ], [ -65.933, -32.599 ], [ -65.966, -32.599 ], [ -65.966, -32.633 ], [ -65.999, -32.633 ], [ -65.999, -32.599 ], [ -66.033, -32.599 ], [ -66.033, -32.566 ], [ -65.999, -32.566 ], [ -65.999, -32.533 ], [ -65.966, -32.533 ], [ -65.966, -32.499 ], [ -65.933, -32.499 ], [ -65.933, -32.466 ], [ -65.966, -32.466 ], [ -65.966, -32.433 ], [ -65.933, -32.433 ], [ -65.899, -32.433 ], [ -65.899, -32.466 ], [ -65.899, -32.499 ], [ -65.866, -32.499 ], [ -65.866, -32.466 ], [ -65.866, -32.433 ], [ -65.866, -32.399 ], [ -65.833, -32.399 ], [ -65.799, -32.399 ], [ -65.766, -32.399 ], [ -65.766, -32.433 ], [ -65.799, -32.433 ], [ -65.799, -32.466 ], [ -65.799, -32.499 ], [ -65.799, -32.533 ], [ -65.833, -32.533 ], [ -65.833, -32.566 ], [ -65.833, -32.599 ], [ -65.799, -32.599 ], [ -65.799, -32.633 ], [ -65.766, -32.633 ], [ -65.766, -32.666 ], [ -65.733, -32.666 ], [ -65.699, -32.666 ], [ -65.699, -32.699 ], [ -65.733, -32.699 ], [ -65.733, -32.733 ], [ -65.733, -32.766 ], [ -65.699, -32.766 ], [ -65.699, -32.799 ], [ -65.699, -32.833 ], [ -65.699, -32.866 ], [ -65.699, -32.899 ], [ -65.733, -32.899 ], [ -65.733, -32.933 ], [ -65.766, -32.933 ], [ -65.766, -32.966 ], [ -65.799, -32.966 ], [ -65.799, -32.999 ], [ -65.833, -32.999 ], [ -65.866, -32.999 ], [ -65.866, -32.966 ], [ -65.899, -32.966 ], [ -65.933, -32.966 ], [ -65.966, -32.966 ], [ -65.966, -32.999 ], [ -65.999, -32.999 ], [ -66.033, -32.999 ], [ -66.066, -32.999 ], [ -66.066, -33.033 ], [ -66.099, -33.033 ], [ -66.099, -33.066 ], [ -66.133, -33.066 ], [ -66.133, -33.099 ], [ -66.133, -33.133 ], [ -66.166, -33.133 ] ] ], [ [ [ -64.933, -32.433 ], [ -64.966, -32.433 ], [ -64.966, -32.399 ], [ -64.966, -32.366 ], [ -64.966, -32.333 ], [ -64.933, -32.333 ], [ -64.933, -32.366 ], [ -64.933, -32.399 ], [ -64.933, -32.433 ] ] ], [ [ [ -68.999, -32.599 ], [ -68.999, -32.566 ], [ -68.999, -32.533 ], [ -68.999, -32.499 ], [ -68.966, -32.499 ], [ -68.966, -32.466 ], [ -68.966, -32.433 ], [ -68.933, -32.433 ], [ -68.933, -32.399 ], [ -68.933, -32.366 ], [ -68.933, -32.333 ], [ -68.933, -32.299 ], [ -68.899, -32.299 ], [ -68.899, -32.333 ], [ -68.899, -32.366 ], [ -68.866, -32.366 ], [ -68.866, -32.399 ], [ -68.866, -32.433 ], [ -68.899, -32.433 ], [ -68.899, -32.466 ], [ -68.933, -32.466 ], [ -68.933, -32.499 ], [ -68.933, -32.533 ], [ -68.966, -32.533 ], [ -68.966, -32.566 ], [ -68.966, -32.599 ], [ -68.999, -32.599 ] ] ], [ [ [ -64.799, -32.233 ], [ -64.799, -32.266 ], [ -64.766, -32.266 ], [ -64.766, -32.299 ], [ -64.766, -32.333 ], [ -64.733, -32.333 ], [ -64.733, -32.366 ], [ -64.766, -32.366 ], [ -64.766, -32.399 ], [ -64.766, -32.433 ], [ -64.766, -32.466 ], [ -64.766, -32.499 ], [ -64.733, -32.499 ], [ -64.733, -32.533 ], [ -64.733, -32.566 ], [ -64.733, -32.599 ], [ -64.766, -32.599 ], [ -64.766, -32.633 ], [ -64.799, -32.633 ], [ -64.799, -32.666 ], [ -64.799, -32.699 ], [ -64.799, -32.733 ], [ -64.833, -32.733 ], [ -64.866, -32.733 ], [ -64.866, -32.699 ], [ -64.833, -32.699 ], [ -64.833, -32.666 ], [ -64.833, -32.633 ], [ -64.833, -32.599 ], [ -64.833, -32.566 ], [ -64.833, -32.533 ], [ -64.799, -32.533 ], [ -64.799, -32.499 ], [ -64.799, -32.466 ], [ -64.799, -32.433 ], [ -64.799, -32.399 ], [ -64.799, -32.366 ], [ -64.799, -32.333 ], [ -64.833, -32.333 ], [ -64.833, -32.299 ], [ -64.833, -32.266 ], [ -64.866, -32.266 ], [ -64.866, -32.233 ], [ -64.866, -32.199 ], [ -64.833, -32.199 ], [ -64.833, -32.166 ], [ -64.799, -32.166 ], [ -64.799, -32.199 ], [ -64.799, -32.233 ] ] ], [ [ [ -64.966, -32.299 ], [ -64.999, -32.299 ], [ -64.999, -32.266 ], [ -64.999, -32.233 ], [ -64.999, -32.199 ], [ -64.999, -32.166 ], [ -64.999, -32.133 ], [ -64.999, -32.099 ], [ -64.966, -32.099 ], [ -64.966, -32.133 ], [ -64.966, -32.166 ], [ -64.966, -32.199 ], [ -64.966, -32.233 ], [ -64.966, -32.266 ], [ -64.966, -32.299 ] ] ], [ [ [ -64.833, -32.133 ], [ -64.866, -32.133 ], [ -64.866, -32.099 ], [ -64.866, -32.066 ], [ -64.833, -32.066 ], [ -64.833, -32.099 ], [ -64.833, -32.133 ] ] ], [ [ [ -68.833, -31.999 ], [ -68.833, -32.033 ], [ -68.866, -32.033 ], [ -68.866, -32.066 ], [ -68.866, -32.099 ], [ -68.899, -32.099 ], [ -68.899, -32.133 ], [ -68.899, -32.166 ], [ -68.899, -32.199 ], [ -68.899, -32.233 ], [ -68.899, -32.266 ], [ -68.933, -32.266 ], [ -68.933, -32.233 ], [ -68.933, -32.199 ], [ -68.933, -32.166 ], [ -68.933, -32.133 ], [ -68.933, -32.099 ], [ -68.933, -32.066 ], [ -68.933, -32.033 ], [ -68.899, -32.033 ], [ -68.899, -31.999 ], [ -68.866, -31.999 ], [ -68.833, -31.999 ] ] ], [ [ [ -68.666, -31.866 ], [ -68.666, -31.899 ], [ -68.699, -31.899 ], [ -68.699, -31.866 ], [ -68.666, -31.866 ] ] ], [ [ [ -68.833, -31.999 ], [ -68.833, -31.966 ], [ -68.799, -31.966 ], [ -68.799, -31.933 ], [ -68.799, -31.899 ], [ -68.766, -31.899 ], [ -68.766, -31.866 ], [ -68.766, -31.833 ], [ -68.733, -31.833 ], [ -68.733, -31.866 ], [ -68.733, -31.899 ], [ -68.733, -31.933 ], [ -68.766, -31.933 ], [ -68.766, -31.966 ], [ -68.766, -31.999 ], [ -68.799, -31.999 ], [ -68.833, -31.999 ] ] ], [ [ [ -64.899, -31.866 ], [ -64.933, -31.866 ], [ -64.933, -31.833 ], [ -64.899, -31.833 ], [ -64.899, -31.866 ] ] ], [ [ [ -68.666, -31.866 ], [ -68.666, -31.833 ], [ -68.666, -31.799 ], [ -68.633, -31.799 ], [ -68.633, -31.833 ], [ -68.633, -31.866 ], [ -68.666, -31.866 ] ] ], [ [ [ -64.699, -31.799 ], [ -64.699, -31.833 ], [ -64.699, -31.866 ], [ -64.699, -31.899 ], [ -64.699, -31.933 ], [ -64.733, -31.933 ], [ -64.766, -31.933 ], [ -64.766, -31.966 ], [ -64.799, -31.966 ], [ -64.799, -31.999 ], [ -64.799, -32.033 ], [ -64.833, -32.033 ], [ -64.833, -31.999 ], [ -64.833, -31.966 ], [ -64.833, -31.933 ], [ -64.799, -31.933 ], [ -64.799, -31.899 ], [ -64.766, -31.899 ], [ -64.766, -31.866 ], [ -64.733, -31.866 ], [ -64.733, -31.833 ], [ -64.733, -31.799 ], [ -64.699, -31.799 ] ] ], [ [ [ -64.699, -31.799 ], [ -64.699, -31.766 ], [ -64.666, -31.766 ], [ -64.666, -31.799 ], [ -64.699, -31.799 ] ] ], [ [ [ -64.899, -31.799 ], [ -64.933, -31.799 ], [ -64.933, -31.766 ], [ -64.933, -31.733 ], [ -64.933, -31.699 ], [ -64.899, -31.699 ], [ -64.899, -31.733 ], [ -64.899, -31.766 ], [ -64.899, -31.799 ] ] ], [ [ [ -64.633, -31.733 ], [ -64.666, -31.733 ], [ -64.666, -31.699 ], [ -64.633, -31.699 ], [ -64.633, -31.733 ] ] ], [ [ [ -68.766, -31.733 ], [ -68.799, -31.733 ], [ -68.799, -31.699 ], [ -68.799, -31.666 ], [ -68.766, -31.666 ], [ -68.766, -31.699 ], [ -68.766, -31.733 ] ] ], [ [ [ -68.066, -31.633 ], [ -68.033, -31.633 ], [ -67.999, -31.633 ], [ -67.999, -31.599 ], [ -67.966, -31.599 ], [ -67.933, -31.599 ], [ -67.933, -31.633 ], [ -67.933, -31.666 ], [ -67.966, -31.666 ], [ -67.999, -31.666 ], [ -68.033, -31.666 ], [ -68.066, -31.666 ], [ -68.066, -31.633 ] ] ], [ [ [ -64.966, -31.599 ], [ -64.933, -31.599 ], [ -64.933, -31.633 ], [ -64.933, -31.666 ], [ -64.966, -31.666 ], [ -64.966, -31.633 ], [ -64.966, -31.599 ] ] ], [ [ [ -68.766, -31.833 ], [ -68.799, -31.833 ], [ -68.799, -31.799 ], [ -68.799, -31.766 ], [ -68.766, -31.766 ], [ -68.766, -31.733 ], [ -68.733, -31.733 ], [ -68.733, -31.699 ], [ -68.733, -31.666 ], [ -68.733, -31.633 ], [ -68.733, -31.599 ], [ -68.699, -31.599 ], [ -68.699, -31.566 ], [ -68.666, -31.566 ], [ -68.666, -31.599 ], [ -68.666, -31.633 ], [ -68.666, -31.666 ], [ -68.699, -31.666 ], [ -68.699, -31.699 ], [ -68.699, -31.733 ], [ -68.699, -31.766 ], [ -68.699, -31.799 ], [ -68.733, -31.799 ], [ -68.766, -31.799 ], [ -68.766, -31.833 ] ] ], [ [ [ -68.066, -31.633 ], [ -68.099, -31.633 ], [ -68.133, -31.633 ], [ -68.133, -31.599 ], [ -68.166, -31.599 ], [ -68.166, -31.566 ], [ -68.133, -31.566 ], [ -68.099, -31.566 ], [ -68.099, -31.599 ], [ -68.066, -31.599 ], [ -68.066, -31.633 ] ] ], [ [ [ -67.933, -31.599 ], [ -67.933, -31.566 ], [ -67.899, -31.566 ], [ -67.899, -31.599 ], [ -67.933, -31.599 ] ] ], [ [ [ -68.833, -31.599 ], [ -68.866, -31.599 ], [ -68.866, -31.566 ], [ -68.866, -31.533 ], [ -68.833, -31.533 ], [ -68.799, -31.533 ], [ -68.799, -31.566 ], [ -68.799, -31.599 ], [ -68.833, -31.599 ] ] ], [ [ [ -67.866, -31.533 ], [ -67.899, -31.533 ], [ -67.899, -31.499 ], [ -67.866, -31.499 ], [ -67.866, -31.533 ] ] ], [ [ [ -68.899, -31.499 ], [ -68.899, -31.466 ], [ -68.866, -31.466 ], [ -68.866, -31.499 ], [ -68.899, -31.499 ] ] ], [ [ [ -68.799, -31.466 ], [ -68.799, -31.499 ], [ -68.833, -31.499 ], [ -68.833, -31.466 ], [ -68.799, -31.466 ] ] ], [ [ [ -69.033, -31.433 ], [ -69.033, -31.466 ], [ -69.066, -31.466 ], [ -69.066, -31.433 ], [ -69.033, -31.433 ] ] ], [ [ [ -68.899, -31.499 ], [ -68.899, -31.533 ], [ -68.933, -31.533 ], [ -68.966, -31.533 ], [ -68.999, -31.533 ], [ -68.999, -31.566 ], [ -69.033, -31.566 ], [ -69.033, -31.533 ], [ -69.033, -31.499 ], [ -68.999, -31.499 ], [ -68.999, -31.466 ], [ -68.999, -31.433 ], [ -68.966, -31.433 ], [ -68.966, -31.466 ], [ -68.966, -31.499 ], [ -68.933, -31.499 ], [ -68.899, -31.499 ] ] ], [ [ [ -68.166, -31.566 ], [ -68.199, -31.566 ], [ -68.199, -31.533 ], [ -68.233, -31.533 ], [ -68.233, -31.499 ], [ -68.199, -31.499 ], [ -68.199, -31.466 ], [ -68.166, -31.466 ], [ -68.166, -31.433 ], [ -68.133, -31.433 ], [ -68.133, -31.466 ], [ -68.133, -31.499 ], [ -68.166, -31.499 ], [ -68.166, -31.533 ], [ -68.166, -31.566 ] ] ], [ [ [ -67.833, -31.466 ], [ -67.866, -31.466 ], [ -67.866, -31.433 ], [ -67.833, -31.433 ], [ -67.833, -31.466 ] ] ], [ [ [ -67.799, -31.399 ], [ -67.833, -31.399 ], [ -67.833, -31.366 ], [ -67.799, -31.366 ], [ -67.799, -31.399 ] ] ], [ [ [ -68.133, -31.433 ], [ -68.133, -31.399 ], [ -68.133, -31.366 ], [ -68.133, -31.333 ], [ -68.099, -31.333 ], [ -68.099, -31.366 ], [ -68.099, -31.399 ], [ -68.099, -31.433 ], [ -68.133, -31.433 ] ] ], [ [ [ -68.599, -31.299 ], [ -68.599, -31.333 ], [ -68.566, -31.333 ], [ -68.533, -31.333 ], [ -68.533, -31.366 ], [ -68.566, -31.366 ], [ -68.599, -31.366 ], [ -68.633, -31.366 ], [ -68.633, -31.333 ], [ -68.633, -31.299 ], [ -68.599, -31.299 ] ] ], [ [ [ -65.233, -31.333 ], [ -65.266, -31.333 ], [ -65.266, -31.299 ], [ -65.233, -31.299 ], [ -65.233, -31.333 ] ] ], [ [ [ -68.999, -31.433 ], [ -69.033, -31.433 ], [ -69.033, -31.399 ], [ -69.033, -31.366 ], [ -69.066, -31.366 ], [ -69.066, -31.333 ], [ -69.099, -31.333 ], [ -69.099, -31.299 ], [ -69.133, -31.299 ], [ -69.133, -31.266 ], [ -69.099, -31.266 ], [ -69.066, -31.266 ], [ -69.066, -31.299 ], [ -69.033, -31.299 ], [ -69.033, -31.333 ], [ -68.999, -31.333 ], [ -68.966, -31.333 ], [ -68.966, -31.366 ], [ -68.999, -31.366 ], [ -68.999, -31.399 ], [ -68.999, -31.433 ] ] ], [ [ [ -67.399, -31.266 ], [ -67.399, -31.299 ], [ -67.433, -31.299 ], [ -67.433, -31.266 ], [ -67.399, -31.266 ] ] ], [ [ [ -69.399, -31.266 ], [ -69.399, -31.233 ], [ -69.366, -31.233 ], [ -69.333, -31.233 ], [ -69.299, -31.233 ], [ -69.266, -31.233 ], [ -69.233, -31.233 ], [ -69.199, -31.233 ], [ -69.166, -31.233 ], [ -69.166, -31.266 ], [ -69.199, -31.266 ], [ -69.233, -31.266 ], [ -69.266, -31.266 ], [ -69.299, -31.266 ], [ -69.333, -31.266 ], [ -69.366, -31.266 ], [ -69.399, -31.266 ] ] ], [ [ [ -68.533, -31.233 ], [ -68.499, -31.233 ], [ -68.499, -31.266 ], [ -68.499, -31.299 ], [ -68.533, -31.299 ], [ -68.533, -31.266 ], [ -68.533, -31.233 ] ] ], [ [ [ -67.399, -31.266 ], [ -67.399, -31.233 ], [ -67.366, -31.233 ], [ -67.366, -31.266 ], [ -67.399, -31.266 ] ] ], [ [ [ -68.099, -31.333 ], [ -68.099, -31.299 ], [ -68.099, -31.266 ], [ -68.099, -31.233 ], [ -68.099, -31.199 ], [ -68.066, -31.199 ], [ -68.066, -31.233 ], [ -68.066, -31.266 ], [ -68.066, -31.299 ], [ -68.066, -31.333 ], [ -68.099, -31.333 ] ] ], [ [ [ -67.766, -31.299 ], [ -67.799, -31.299 ], [ -67.799, -31.266 ], [ -67.799, -31.233 ], [ -67.799, -31.199 ], [ -67.766, -31.199 ], [ -67.766, -31.233 ], [ -67.766, -31.266 ], [ -67.766, -31.299 ] ] ], [ [ [ -67.466, -31.233 ], [ -67.499, -31.233 ], [ -67.499, -31.199 ], [ -67.466, -31.199 ], [ -67.466, -31.233 ] ] ], [ [ [ -68.499, -31.233 ], [ -68.499, -31.199 ], [ -68.499, -31.166 ], [ -68.466, -31.166 ], [ -68.466, -31.199 ], [ -68.466, -31.233 ], [ -68.499, -31.233 ] ] ], [ [ [ -68.533, -31.233 ], [ -68.566, -31.233 ], [ -68.566, -31.266 ], [ -68.566, -31.299 ], [ -68.599, -31.299 ], [ -68.599, -31.266 ], [ -68.599, -31.233 ], [ -68.599, -31.199 ], [ -68.566, -31.199 ], [ -68.566, -31.166 ], [ -68.566, -31.133 ], [ -68.533, -31.133 ], [ -68.533, -31.166 ], [ -68.533, -31.199 ], [ -68.533, -31.233 ] ] ], [ [ [ -68.033, -31.133 ], [ -68.033, -31.166 ], [ -68.066, -31.166 ], [ -68.066, -31.133 ], [ -68.033, -31.133 ] ] ], [ [ [ -68.533, -31.133 ], [ -68.533, -31.099 ], [ -68.499, -31.099 ], [ -68.499, -31.133 ], [ -68.533, -31.133 ] ] ], [ [ [ -68.033, -31.133 ], [ -68.033, -31.099 ], [ -67.999, -31.099 ], [ -67.999, -31.133 ], [ -68.033, -31.133 ] ] ], [ [ [ -67.833, -31.099 ], [ -67.799, -31.099 ], [ -67.799, -31.133 ], [ -67.833, -31.133 ], [ -67.833, -31.099 ] ] ], [ [ [ -67.366, -31.233 ], [ -67.366, -31.199 ], [ -67.366, -31.166 ], [ -67.366, -31.133 ], [ -67.366, -31.099 ], [ -67.333, -31.099 ], [ -67.333, -31.133 ], [ -67.333, -31.166 ], [ -67.333, -31.199 ], [ -67.333, -31.233 ], [ -67.366, -31.233 ] ] ], [ [ [ -69.399, -31.266 ], [ -69.399, -31.299 ], [ -69.399, -31.333 ], [ -69.399, -31.366 ], [ -69.433, -31.366 ], [ -69.433, -31.399 ], [ -69.399, -31.399 ], [ -69.399, -31.433 ], [ -69.399, -31.466 ], [ -69.399, -31.499 ], [ -69.399, -31.533 ], [ -69.433, -31.533 ], [ -69.433, -31.566 ], [ -69.466, -31.566 ], [ -69.466, -31.599 ], [ -69.466, -31.633 ], [ -69.499, -31.633 ], [ -69.499, -31.666 ], [ -69.533, -31.666 ], [ -69.533, -31.633 ], [ -69.533, -31.599 ], [ -69.499, -31.599 ], [ -69.499, -31.566 ], [ -69.499, -31.533 ], [ -69.499, -31.499 ], [ -69.466, -31.499 ], [ -69.466, -31.466 ], [ -69.499, -31.466 ], [ -69.499, -31.433 ], [ -69.499, -31.399 ], [ -69.533, -31.399 ], [ -69.533, -31.366 ], [ -69.533, -31.333 ], [ -69.499, -31.333 ], [ -69.499, -31.299 ], [ -69.499, -31.266 ], [ -69.499, -31.233 ], [ -69.533, -31.233 ], [ -69.533, -31.199 ], [ -69.499, -31.199 ], [ -69.499, -31.166 ], [ -69.499, -31.133 ], [ -69.499, -31.099 ], [ -69.499, -31.066 ], [ -69.466, -31.066 ], [ -69.466, -31.099 ], [ -69.466, -31.133 ], [ -69.466, -31.166 ], [ -69.466, -31.199 ], [ -69.433, -31.199 ], [ -69.433, -31.233 ], [ -69.433, -31.266 ], [ -69.399, -31.266 ] ] ], [ [ [ -67.999, -31.099 ], [ -67.999, -31.066 ], [ -67.966, -31.066 ], [ -67.966, -31.099 ], [ -67.999, -31.099 ] ] ], [ [ [ -67.833, -31.099 ], [ -67.866, -31.099 ], [ -67.866, -31.066 ], [ -67.833, -31.066 ], [ -67.833, -31.099 ] ] ], [ [ [ -67.499, -31.166 ], [ -67.533, -31.166 ], [ -67.533, -31.133 ], [ -67.533, -31.099 ], [ -67.533, -31.066 ], [ -67.499, -31.066 ], [ -67.499, -31.099 ], [ -67.499, -31.133 ], [ -67.499, -31.166 ] ] ], [ [ [ -64.966, -31.599 ], [ -64.999, -31.599 ], [ -64.999, -31.566 ], [ -65.033, -31.566 ], [ -65.033, -31.533 ], [ -65.033, -31.499 ], [ -65.033, -31.466 ], [ -65.033, -31.433 ], [ -65.033, -31.399 ], [ -64.999, -31.399 ], [ -64.999, -31.366 ], [ -64.966, -31.366 ], [ -64.966, -31.333 ], [ -64.966, -31.299 ], [ -64.966, -31.266 ], [ -64.966, -31.233 ], [ -64.966, -31.199 ], [ -64.966, -31.166 ], [ -64.966, -31.133 ], [ -64.966, -31.099 ], [ -64.933, -31.099 ], [ -64.933, -31.133 ], [ -64.899, -31.133 ], [ -64.899, -31.099 ], [ -64.866, -31.099 ], [ -64.866, -31.066 ], [ -64.866, -31.033 ], [ -64.833, -31.033 ], [ -64.833, -31.066 ], [ -64.799, -31.066 ], [ -64.766, -31.066 ], [ -64.733, -31.066 ], [ -64.733, -31.099 ], [ -64.699, -31.099 ], [ -64.666, -31.099 ], [ -64.666, -31.133 ], [ -64.633, -31.133 ], [ -64.633, -31.166 ], [ -64.633, -31.199 ], [ -64.633, -31.233 ], [ -64.633, -31.266 ], [ -64.633, -31.299 ], [ -64.633, -31.333 ], [ -64.633, -31.366 ], [ -64.633, -31.399 ], [ -64.633, -31.433 ], [ -64.633, -31.466 ], [ -64.666, -31.466 ], [ -64.666, -31.499 ], [ -64.633, -31.499 ], [ -64.633, -31.533 ], [ -64.633, -31.566 ], [ -64.633, -31.599 ], [ -64.633, -31.633 ], [ -64.633, -31.666 ], [ -64.666, -31.666 ], [ -64.666, -31.633 ], [ -64.666, -31.599 ], [ -64.699, -31.599 ], [ -64.699, -31.566 ], [ -64.699, -31.533 ], [ -64.733, -31.533 ], [ -64.733, -31.499 ], [ -64.733, -31.466 ], [ -64.733, -31.433 ], [ -64.699, -31.433 ], [ -64.699, -31.399 ], [ -64.699, -31.366 ], [ -64.699, -31.333 ], [ -64.666, -31.333 ], [ -64.666, -31.299 ], [ -64.666, -31.266 ], [ -64.699, -31.266 ], [ -64.699, -31.233 ], [ -64.699, -31.199 ], [ -64.699, -31.166 ], [ -64.733, -31.166 ], [ -64.733, -31.133 ], [ -64.766, -31.133 ], [ -64.766, -31.099 ], [ -64.799, -31.099 ], [ -64.799, -31.133 ], [ -64.833, -31.133 ], [ -64.866, -31.133 ], [ -64.866, -31.166 ], [ -64.899, -31.166 ], [ -64.899, -31.199 ], [ -64.933, -31.199 ], [ -64.933, -31.233 ], [ -64.933, -31.266 ], [ -64.933, -31.299 ], [ -64.933, -31.333 ], [ -64.933, -31.366 ], [ -64.933, -31.399 ], [ -64.966, -31.399 ], [ -64.966, -31.433 ], [ -64.966, -31.466 ], [ -64.999, -31.466 ], [ -64.999, -31.499 ], [ -64.999, -31.533 ], [ -64.966, -31.533 ], [ -64.966, -31.566 ], [ -64.966, -31.599 ] ] ], [ [ [ -64.566, -31.033 ], [ -64.566, -31.066 ], [ -64.566, -31.099 ], [ -64.566, -31.133 ], [ -64.599, -31.133 ], [ -64.599, -31.099 ], [ -64.599, -31.066 ], [ -64.599, -31.033 ], [ -64.566, -31.033 ] ] ], [ [ [ -67.533, -31.033 ], [ -67.566, -31.033 ], [ -67.566, -30.999 ], [ -67.533, -30.999 ], [ -67.533, -31.033 ] ] ], [ [ [ -64.566, -31.033 ], [ -64.566, -30.999 ], [ -64.533, -30.999 ], [ -64.533, -31.033 ], [ -64.566, -31.033 ] ] ], [ [ [ -68.566, -31.033 ], [ -68.599, -31.033 ], [ -68.599, -30.999 ], [ -68.599, -30.966 ], [ -68.566, -30.966 ], [ -68.566, -30.999 ], [ -68.566, -31.033 ] ] ], [ [ [ -67.333, -31.066 ], [ -67.366, -31.066 ], [ -67.366, -31.033 ], [ -67.366, -30.999 ], [ -67.366, -30.966 ], [ -67.333, -30.966 ], [ -67.333, -30.999 ], [ -67.333, -31.033 ], [ -67.333, -31.066 ] ] ], [ [ [ -67.399, -30.899 ], [ -67.366, -30.899 ], [ -67.366, -30.933 ], [ -67.399, -30.933 ], [ -67.399, -30.899 ] ] ], [ [ [ -67.599, -30.866 ], [ -67.566, -30.866 ], [ -67.566, -30.899 ], [ -67.566, -30.933 ], [ -67.599, -30.933 ], [ -67.599, -30.899 ], [ -67.599, -30.866 ] ] ], [ [ [ -67.399, -30.899 ], [ -67.433, -30.899 ], [ -67.466, -30.899 ], [ -67.466, -30.866 ], [ -67.433, -30.866 ], [ -67.399, -30.866 ], [ -67.399, -30.899 ] ] ], [ [ [ -67.599, -30.866 ], [ -67.633, -30.866 ], [ -67.666, -30.866 ], [ -67.666, -30.833 ], [ -67.633, -30.833 ], [ -67.599, -30.833 ], [ -67.599, -30.866 ] ] ], [ [ [ -66.533, -30.966 ], [ -66.566, -30.966 ], [ -66.566, -30.933 ], [ -66.566, -30.899 ], [ -66.566, -30.866 ], [ -66.566, -30.833 ], [ -66.533, -30.833 ], [ -66.499, -30.833 ], [ -66.499, -30.866 ], [ -66.499, -30.899 ], [ -66.499, -30.933 ], [ -66.533, -30.933 ], [ -66.533, -30.966 ] ] ], [ [ [ -68.799, -31.466 ], [ -68.799, -31.433 ], [ -68.799, -31.399 ], [ -68.799, -31.366 ], [ -68.799, -31.333 ], [ -68.799, -31.299 ], [ -68.766, -31.299 ], [ -68.766, -31.266 ], [ -68.766, -31.233 ], [ -68.766, -31.199 ], [ -68.766, -31.166 ], [ -68.766, -31.133 ], [ -68.766, -31.099 ], [ -68.766, -31.066 ], [ -68.766, -31.033 ], [ -68.733, -31.033 ], [ -68.733, -30.999 ], [ -68.733, -30.966 ], [ -68.733, -30.933 ], [ -68.733, -30.899 ], [ -68.733, -30.866 ], [ -68.733, -30.833 ], [ -68.733, -30.799 ], [ -68.699, -30.799 ], [ -68.699, -30.833 ], [ -68.699, -30.866 ], [ -68.699, -30.899 ], [ -68.666, -30.899 ], [ -68.666, -30.933 ], [ -68.699, -30.933 ], [ -68.699, -30.966 ], [ -68.699, -30.999 ], [ -68.699, -31.033 ], [ -68.699, -31.066 ], [ -68.699, -31.099 ], [ -68.666, -31.099 ], [ -68.666, -31.133 ], [ -68.666, -31.166 ], [ -68.699, -31.166 ], [ -68.699, -31.199 ], [ -68.699, -31.233 ], [ -68.699, -31.266 ], [ -68.733, -31.266 ], [ -68.733, -31.299 ], [ -68.733, -31.333 ], [ -68.733, -31.366 ], [ -68.733, -31.399 ], [ -68.766, -31.399 ], [ -68.766, -31.433 ], [ -68.766, -31.466 ], [ -68.799, -31.466 ] ] ], [ [ [ -68.466, -30.933 ], [ -68.499, -30.933 ], [ -68.499, -30.899 ], [ -68.499, -30.866 ], [ -68.499, -30.833 ], [ -68.499, -30.799 ], [ -68.466, -30.799 ], [ -68.466, -30.833 ], [ -68.466, -30.866 ], [ -68.466, -30.899 ], [ -68.466, -30.933 ] ] ], [ [ [ -67.666, -30.833 ], [ -67.699, -30.833 ], [ -67.699, -30.799 ], [ -67.666, -30.799 ], [ -67.666, -30.833 ] ] ], [ [ [ -67.499, -30.799 ], [ -67.466, -30.799 ], [ -67.433, -30.799 ], [ -67.399, -30.799 ], [ -67.399, -30.833 ], [ -67.433, -30.833 ], [ -67.466, -30.833 ], [ -67.499, -30.833 ], [ -67.499, -30.799 ] ] ], [ [ [ -64.466, -30.866 ], [ -64.499, -30.866 ], [ -64.499, -30.833 ], [ -64.499, -30.799 ], [ -64.466, -30.799 ], [ -64.466, -30.833 ], [ -64.466, -30.866 ] ] ], [ [ [ -67.699, -30.799 ], [ -67.733, -30.799 ], [ -67.733, -30.766 ], [ -67.699, -30.766 ], [ -67.699, -30.799 ] ] ], [ [ [ -67.499, -30.799 ], [ -67.533, -30.799 ], [ -67.533, -30.766 ], [ -67.499, -30.766 ], [ -67.499, -30.799 ] ] ], [ [ [ -66.566, -30.799 ], [ -66.599, -30.799 ], [ -66.599, -30.766 ], [ -66.566, -30.766 ], [ -66.566, -30.733 ], [ -66.533, -30.733 ], [ -66.533, -30.766 ], [ -66.533, -30.799 ], [ -66.566, -30.799 ] ] ], [ [ [ -67.733, -30.733 ], [ -67.766, -30.733 ], [ -67.766, -30.699 ], [ -67.733, -30.699 ], [ -67.733, -30.733 ] ] ], [ [ [ -67.533, -30.766 ], [ -67.566, -30.766 ], [ -67.566, -30.799 ], [ -67.599, -30.799 ], [ -67.599, -30.766 ], [ -67.599, -30.733 ], [ -67.633, -30.733 ], [ -67.633, -30.699 ], [ -67.633, -30.666 ], [ -67.599, -30.666 ], [ -67.599, -30.699 ], [ -67.566, -30.699 ], [ -67.566, -30.733 ], [ -67.533, -30.733 ], [ -67.533, -30.766 ] ] ], [ [ [ -66.566, -30.699 ], [ -66.599, -30.699 ], [ -66.599, -30.666 ], [ -66.566, -30.666 ], [ -66.566, -30.699 ] ] ], [ [ [ -66.333, -30.699 ], [ -66.366, -30.699 ], [ -66.366, -30.666 ], [ -66.333, -30.666 ], [ -66.299, -30.666 ], [ -66.299, -30.699 ], [ -66.333, -30.699 ] ] ], [ [ [ -64.533, -30.699 ], [ -64.566, -30.699 ], [ -64.566, -30.666 ], [ -64.533, -30.666 ], [ -64.533, -30.699 ] ] ], [ [ [ -64.533, -30.699 ], [ -64.499, -30.699 ], [ -64.466, -30.699 ], [ -64.433, -30.699 ], [ -64.433, -30.666 ], [ -64.433, -30.633 ], [ -64.399, -30.633 ], [ -64.399, -30.666 ], [ -64.366, -30.666 ], [ -64.333, -30.666 ], [ -64.333, -30.699 ], [ -64.333, -30.733 ], [ -64.333, -30.766 ], [ -64.333, -30.799 ], [ -64.333, -30.833 ], [ -64.333, -30.866 ], [ -64.333, -30.899 ], [ -64.333, -30.933 ], [ -64.333, -30.966 ], [ -64.333, -30.999 ], [ -64.366, -30.999 ], [ -64.366, -31.033 ], [ -64.366, -31.066 ], [ -64.366, -31.099 ], [ -64.399, -31.099 ], [ -64.399, -31.133 ], [ -64.399, -31.166 ], [ -64.433, -31.166 ], [ -64.433, -31.133 ], [ -64.433, -31.099 ], [ -64.466, -31.099 ], [ -64.466, -31.066 ], [ -64.466, -31.033 ], [ -64.466, -30.999 ], [ -64.499, -30.999 ], [ -64.499, -30.966 ], [ -64.499, -30.933 ], [ -64.466, -30.933 ], [ -64.466, -30.966 ], [ -64.433, -30.966 ], [ -64.433, -30.999 ], [ -64.433, -31.033 ], [ -64.433, -31.066 ], [ -64.399, -31.066 ], [ -64.399, -31.033 ], [ -64.399, -30.999 ], [ -64.399, -30.966 ], [ -64.399, -30.933 ], [ -64.399, -30.899 ], [ -64.366, -30.899 ], [ -64.366, -30.866 ], [ -64.366, -30.833 ], [ -64.366, -30.799 ], [ -64.399, -30.799 ], [ -64.433, -30.799 ], [ -64.433, -30.766 ], [ -64.466, -30.766 ], [ -64.499, -30.766 ], [ -64.499, -30.733 ], [ -64.533, -30.733 ], [ -64.533, -30.699 ] ] ], [ [ [ -67.766, -30.666 ], [ -67.799, -30.666 ], [ -67.799, -30.633 ], [ -67.799, -30.599 ], [ -67.799, -30.566 ], [ -67.766, -30.566 ], [ -67.766, -30.599 ], [ -67.766, -30.633 ], [ -67.766, -30.666 ] ] ], [ [ [ -67.633, -30.666 ], [ -67.666, -30.666 ], [ -67.666, -30.633 ], [ -67.666, -30.599 ], [ -67.666, -30.566 ], [ -67.633, -30.566 ], [ -67.633, -30.599 ], [ -67.633, -30.633 ], [ -67.633, -30.666 ] ] ], [ [ [ -67.799, -30.533 ], [ -67.833, -30.533 ], [ -67.833, -30.499 ], [ -67.833, -30.466 ], [ -67.799, -30.466 ], [ -67.799, -30.499 ], [ -67.799, -30.533 ] ] ], [ [ [ -66.399, -30.433 ], [ -66.399, -30.466 ], [ -66.366, -30.466 ], [ -66.366, -30.499 ], [ -66.333, -30.499 ], [ -66.333, -30.533 ], [ -66.333, -30.566 ], [ -66.333, -30.599 ], [ -66.333, -30.633 ], [ -66.366, -30.633 ], [ -66.366, -30.599 ], [ -66.399, -30.599 ], [ -66.433, -30.599 ], [ -66.433, -30.566 ], [ -66.433, -30.533 ], [ -66.433, -30.499 ], [ -66.433, -30.466 ], [ -66.433, -30.433 ], [ -66.399, -30.433 ] ] ], [ [ [ -67.666, -30.566 ], [ -67.699, -30.566 ], [ -67.699, -30.533 ], [ -67.699, -30.499 ], [ -67.699, -30.466 ], [ -67.699, -30.433 ], [ -67.699, -30.399 ], [ -67.666, -30.399 ], [ -67.666, -30.433 ], [ -67.666, -30.466 ], [ -67.666, -30.499 ], [ -67.666, -30.533 ], [ -67.666, -30.566 ] ] ], [ [ [ -67.833, -30.433 ], [ -67.866, -30.433 ], [ -67.866, -30.399 ], [ -67.866, -30.366 ], [ -67.833, -30.366 ], [ -67.833, -30.399 ], [ -67.833, -30.433 ] ] ], [ [ [ -67.899, -30.299 ], [ -67.866, -30.299 ], [ -67.866, -30.333 ], [ -67.899, -30.333 ], [ -67.899, -30.299 ] ] ], [ [ [ -68.799, -30.233 ], [ -68.766, -30.233 ], [ -68.766, -30.266 ], [ -68.766, -30.299 ], [ -68.733, -30.299 ], [ -68.733, -30.333 ], [ -68.733, -30.366 ], [ -68.766, -30.366 ], [ -68.766, -30.399 ], [ -68.766, -30.433 ], [ -68.766, -30.466 ], [ -68.733, -30.466 ], [ -68.733, -30.499 ], [ -68.733, -30.533 ], [ -68.766, -30.533 ], [ -68.766, -30.566 ], [ -68.733, -30.566 ], [ -68.733, -30.599 ], [ -68.733, -30.633 ], [ -68.699, -30.633 ], [ -68.699, -30.666 ], [ -68.699, -30.699 ], [ -68.699, -30.733 ], [ -68.699, -30.766 ], [ -68.733, -30.766 ], [ -68.733, -30.733 ], [ -68.733, -30.699 ], [ -68.733, -30.666 ], [ -68.766, -30.666 ], [ -68.766, -30.633 ], [ -68.799, -30.633 ], [ -68.799, -30.599 ], [ -68.799, -30.566 ], [ -68.833, -30.566 ], [ -68.833, -30.533 ], [ -68.799, -30.533 ], [ -68.799, -30.499 ], [ -68.833, -30.499 ], [ -68.833, -30.466 ], [ -68.799, -30.466 ], [ -68.799, -30.433 ], [ -68.799, -30.399 ], [ -68.833, -30.399 ], [ -68.833, -30.366 ], [ -68.799, -30.366 ], [ -68.799, -30.333 ], [ -68.799, -30.299 ], [ -68.799, -30.266 ], [ -68.799, -30.233 ] ] ], [ [ [ -68.566, -30.199 ], [ -68.566, -30.233 ], [ -68.566, -30.266 ], [ -68.566, -30.299 ], [ -68.599, -30.299 ], [ -68.599, -30.266 ], [ -68.599, -30.233 ], [ -68.599, -30.199 ], [ -68.566, -30.199 ] ] ], [ [ [ -67.633, -30.199 ], [ -67.599, -30.199 ], [ -67.599, -30.233 ], [ -67.633, -30.233 ], [ -67.633, -30.199 ] ] ], [ [ [ -64.199, -30.299 ], [ -64.233, -30.299 ], [ -64.233, -30.266 ], [ -64.233, -30.233 ], [ -64.199, -30.233 ], [ -64.199, -30.199 ], [ -64.166, -30.199 ], [ -64.133, -30.199 ], [ -64.133, -30.233 ], [ -64.166, -30.233 ], [ -64.166, -30.266 ], [ -64.199, -30.266 ], [ -64.199, -30.299 ] ] ], [ [ [ -68.566, -30.199 ], [ -68.566, -30.166 ], [ -68.533, -30.166 ], [ -68.533, -30.199 ], [ -68.566, -30.199 ] ] ], [ [ [ -67.999, -30.166 ], [ -67.999, -30.199 ], [ -68.033, -30.199 ], [ -68.033, -30.166 ], [ -67.999, -30.166 ] ] ], [ [ [ -68.799, -30.233 ], [ -68.833, -30.233 ], [ -68.866, -30.233 ], [ -68.899, -30.233 ], [ -68.933, -30.233 ], [ -68.966, -30.233 ], [ -68.966, -30.199 ], [ -68.933, -30.199 ], [ -68.899, -30.199 ], [ -68.866, -30.199 ], [ -68.866, -30.166 ], [ -68.833, -30.166 ], [ -68.833, -30.133 ], [ -68.799, -30.133 ], [ -68.766, -30.133 ], [ -68.766, -30.166 ], [ -68.799, -30.166 ], [ -68.799, -30.199 ], [ -68.799, -30.233 ] ] ], [ [ [ -69.133, -30.099 ], [ -69.133, -30.133 ], [ -69.099, -30.133 ], [ -69.066, -30.133 ], [ -69.066, -30.166 ], [ -69.033, -30.166 ], [ -69.033, -30.199 ], [ -68.999, -30.199 ], [ -68.999, -30.233 ], [ -69.033, -30.233 ], [ -69.066, -30.233 ], [ -69.099, -30.233 ], [ -69.133, -30.233 ], [ -69.133, -30.266 ], [ -69.166, -30.266 ], [ -69.166, -30.233 ], [ -69.166, -30.199 ], [ -69.199, -30.199 ], [ -69.199, -30.166 ], [ -69.199, -30.133 ], [ -69.199, -30.099 ], [ -69.199, -30.066 ], [ -69.166, -30.066 ], [ -69.133, -30.066 ], [ -69.133, -30.099 ] ] ], [ [ [ -68.566, -30.066 ], [ -68.566, -30.099 ], [ -68.599, -30.099 ], [ -68.599, -30.133 ], [ -68.633, -30.133 ], [ -68.633, -30.099 ], [ -68.633, -30.066 ], [ -68.599, -30.066 ], [ -68.566, -30.066 ] ] ], [ [ [ -68.033, -30.099 ], [ -68.066, -30.099 ], [ -68.066, -30.066 ], [ -68.033, -30.066 ], [ -68.033, -30.099 ] ] ], [ [ [ -67.533, -30.066 ], [ -67.533, -30.099 ], [ -67.566, -30.099 ], [ -67.566, -30.133 ], [ -67.566, -30.166 ], [ -67.599, -30.166 ], [ -67.599, -30.133 ], [ -67.599, -30.099 ], [ -67.599, -30.066 ], [ -67.566, -30.066 ], [ -67.533, -30.066 ] ] ], [ [ [ -68.566, -30.066 ], [ -68.566, -30.033 ], [ -68.533, -30.033 ], [ -68.533, -30.066 ], [ -68.566, -30.066 ] ] ], [ [ [ -64.099, -29.966 ], [ -64.099, -29.999 ], [ -64.099, -30.033 ], [ -64.099, -30.066 ], [ -64.133, -30.066 ], [ -64.166, -30.066 ], [ -64.166, -30.099 ], [ -64.166, -30.133 ], [ -64.199, -30.133 ], [ -64.199, -30.099 ], [ -64.233, -30.099 ], [ -64.233, -30.066 ], [ -64.199, -30.066 ], [ -64.199, -30.033 ], [ -64.166, -30.033 ], [ -64.166, -29.999 ], [ -64.133, -29.999 ], [ -64.133, -29.966 ], [ -64.099, -29.966 ] ] ], [ [ [ -68.766, -30.133 ], [ -68.766, -30.099 ], [ -68.766, -30.066 ], [ -68.766, -30.033 ], [ -68.766, -29.999 ], [ -68.733, -29.999 ], [ -68.733, -29.966 ], [ -68.699, -29.966 ], [ -68.699, -29.933 ], [ -68.666, -29.933 ], [ -68.633, -29.933 ], [ -68.633, -29.966 ], [ -68.599, -29.966 ], [ -68.599, -29.999 ], [ -68.599, -30.033 ], [ -68.633, -30.033 ], [ -68.666, -30.033 ], [ -68.666, -29.999 ], [ -68.699, -29.999 ], [ -68.699, -30.033 ], [ -68.733, -30.033 ], [ -68.733, -30.066 ], [ -68.733, -30.099 ], [ -68.733, -30.133 ], [ -68.766, -30.133 ] ] ], [ [ [ -68.033, -29.966 ], [ -68.033, -29.933 ], [ -67.999, -29.933 ], [ -67.999, -29.966 ], [ -68.033, -29.966 ] ] ], [ [ [ -64.099, -29.966 ], [ -64.099, -29.933 ], [ -64.066, -29.933 ], [ -64.066, -29.966 ], [ -64.099, -29.966 ] ] ], [ [ [ -68.533, -30.033 ], [ -68.533, -29.999 ], [ -68.533, -29.966 ], [ -68.533, -29.933 ], [ -68.533, -29.899 ], [ -68.533, -29.866 ], [ -68.499, -29.866 ], [ -68.499, -29.899 ], [ -68.499, -29.933 ], [ -68.499, -29.966 ], [ -68.499, -29.999 ], [ -68.499, -30.033 ], [ -68.533, -30.033 ] ] ], [ [ [ -68.499, -29.866 ], [ -68.499, -29.833 ], [ -68.466, -29.833 ], [ -68.466, -29.866 ], [ -68.499, -29.866 ] ] ], [ [ [ -67.333, -29.799 ], [ -67.299, -29.799 ], [ -67.299, -29.833 ], [ -67.333, -29.833 ], [ -67.333, -29.799 ] ] ], [ [ [ -67.333, -29.799 ], [ -67.366, -29.799 ], [ -67.366, -29.766 ], [ -67.333, -29.766 ], [ -67.333, -29.799 ] ] ], [ [ [ -68.533, -29.733 ], [ -68.499, -29.733 ], [ -68.499, -29.766 ], [ -68.499, -29.799 ], [ -68.533, -29.799 ], [ -68.533, -29.766 ], [ -68.533, -29.733 ] ] ], [ [ [ -68.233, -29.733 ], [ -68.233, -29.766 ], [ -68.199, -29.766 ], [ -68.166, -29.766 ], [ -68.166, -29.799 ], [ -68.166, -29.833 ], [ -68.199, -29.833 ], [ -68.199, -29.799 ], [ -68.233, -29.799 ], [ -68.266, -29.799 ], [ -68.266, -29.766 ], [ -68.266, -29.733 ], [ -68.233, -29.733 ] ] ], [ [ [ -67.366, -29.799 ], [ -67.366, -29.833 ], [ -67.366, -29.866 ], [ -67.333, -29.866 ], [ -67.333, -29.899 ], [ -67.299, -29.899 ], [ -67.299, -29.933 ], [ -67.299, -29.966 ], [ -67.266, -29.966 ], [ -67.266, -29.999 ], [ -67.233, -29.999 ], [ -67.233, -30.033 ], [ -67.233, -30.066 ], [ -67.233, -30.099 ], [ -67.266, -30.099 ], [ -67.299, -30.099 ], [ -67.299, -30.066 ], [ -67.266, -30.066 ], [ -67.266, -30.033 ], [ -67.299, -30.033 ], [ -67.299, -30.066 ], [ -67.333, -30.066 ], [ -67.333, -30.033 ], [ -67.333, -29.999 ], [ -67.366, -29.999 ], [ -67.366, -30.033 ], [ -67.399, -30.033 ], [ -67.399, -30.066 ], [ -67.399, -30.099 ], [ -67.433, -30.099 ], [ -67.466, -30.099 ], [ -67.466, -30.066 ], [ -67.499, -30.066 ], [ -67.533, -30.066 ], [ -67.533, -30.033 ], [ -67.533, -29.999 ], [ -67.499, -29.999 ], [ -67.466, -29.999 ], [ -67.466, -30.033 ], [ -67.433, -30.033 ], [ -67.433, -29.999 ], [ -67.399, -29.999 ], [ -67.399, -29.966 ], [ -67.399, -29.933 ], [ -67.399, -29.899 ], [ -67.399, -29.866 ], [ -67.399, -29.833 ], [ -67.433, -29.833 ], [ -67.433, -29.799 ], [ -67.433, -29.766 ], [ -67.433, -29.733 ], [ -67.399, -29.733 ], [ -67.399, -29.766 ], [ -67.399, -29.799 ], [ -67.366, -29.799 ] ] ], [ [ [ -68.533, -29.733 ], [ -68.566, -29.733 ], [ -68.566, -29.699 ], [ -68.533, -29.699 ], [ -68.533, -29.733 ] ] ], [ [ [ -66.999, -29.766 ], [ -66.999, -29.799 ], [ -66.999, -29.833 ], [ -67.033, -29.833 ], [ -67.033, -29.799 ], [ -67.066, -29.799 ], [ -67.066, -29.833 ], [ -67.099, -29.833 ], [ -67.099, -29.799 ], [ -67.133, -29.799 ], [ -67.133, -29.766 ], [ -67.133, -29.733 ], [ -67.099, -29.733 ], [ -67.066, -29.733 ], [ -67.066, -29.766 ], [ -67.033, -29.766 ], [ -67.033, -29.733 ], [ -67.033, -29.699 ], [ -66.999, -29.699 ], [ -66.999, -29.733 ], [ -66.999, -29.766 ] ] ], [ [ [ -67.499, -29.666 ], [ -67.533, -29.666 ], [ -67.533, -29.633 ], [ -67.533, -29.599 ], [ -67.499, -29.599 ], [ -67.499, -29.633 ], [ -67.499, -29.666 ] ] ], [ [ [ -67.099, -29.566 ], [ -67.066, -29.566 ], [ -67.066, -29.599 ], [ -67.099, -29.599 ], [ -67.099, -29.566 ] ] ], [ [ [ -68.333, -29.599 ], [ -68.333, -29.633 ], [ -68.366, -29.633 ], [ -68.366, -29.599 ], [ -68.399, -29.599 ], [ -68.399, -29.566 ], [ -68.366, -29.566 ], [ -68.366, -29.533 ], [ -68.333, -29.533 ], [ -68.333, -29.566 ], [ -68.333, -29.599 ] ] ], [ [ [ -67.533, -29.566 ], [ -67.566, -29.566 ], [ -67.566, -29.533 ], [ -67.533, -29.533 ], [ -67.533, -29.566 ] ] ], [ [ [ -67.099, -29.566 ], [ -67.133, -29.566 ], [ -67.166, -29.566 ], [ -67.166, -29.533 ], [ -67.133, -29.533 ], [ -67.099, -29.533 ], [ -67.099, -29.566 ] ] ], [ [ [ -68.466, -29.466 ], [ -68.433, -29.466 ], [ -68.433, -29.499 ], [ -68.466, -29.499 ], [ -68.466, -29.466 ] ] ], [ [ [ -68.433, -29.466 ], [ -68.433, -29.433 ], [ -68.399, -29.433 ], [ -68.399, -29.466 ], [ -68.433, -29.466 ] ] ], [ [ [ -67.566, -29.466 ], [ -67.599, -29.466 ], [ -67.599, -29.433 ], [ -67.566, -29.433 ], [ -67.566, -29.466 ] ] ], [ [ [ -66.999, -29.433 ], [ -66.999, -29.466 ], [ -67.033, -29.466 ], [ -67.033, -29.433 ], [ -66.999, -29.433 ] ] ], [ [ [ -68.466, -29.466 ], [ -68.499, -29.466 ], [ -68.499, -29.433 ], [ -68.499, -29.399 ], [ -68.466, -29.399 ], [ -68.466, -29.433 ], [ -68.466, -29.466 ] ] ], [ [ [ -67.199, -29.399 ], [ -67.166, -29.399 ], [ -67.166, -29.433 ], [ -67.166, -29.466 ], [ -67.166, -29.499 ], [ -67.199, -29.499 ], [ -67.199, -29.466 ], [ -67.199, -29.433 ], [ -67.199, -29.399 ] ] ], [ [ [ -66.999, -29.433 ], [ -66.999, -29.399 ], [ -66.966, -29.399 ], [ -66.966, -29.366 ], [ -66.933, -29.366 ], [ -66.933, -29.399 ], [ -66.933, -29.433 ], [ -66.933, -29.466 ], [ -66.933, -29.499 ], [ -66.966, -29.499 ], [ -66.966, -29.466 ], [ -66.966, -29.433 ], [ -66.999, -29.433 ] ] ], [ [ [ -67.199, -29.399 ], [ -67.233, -29.399 ], [ -67.233, -29.366 ], [ -67.233, -29.333 ], [ -67.199, -29.333 ], [ -67.199, -29.366 ], [ -67.199, -29.399 ] ] ], [ [ [ -66.899, -29.333 ], [ -66.933, -29.333 ], [ -66.933, -29.299 ], [ -66.899, -29.299 ], [ -66.899, -29.333 ] ] ], [ [ [ -68.399, -29.433 ], [ -68.399, -29.399 ], [ -68.366, -29.399 ], [ -68.366, -29.366 ], [ -68.366, -29.333 ], [ -68.333, -29.333 ], [ -68.333, -29.299 ], [ -68.333, -29.266 ], [ -68.299, -29.266 ], [ -68.299, -29.299 ], [ -68.299, -29.333 ], [ -68.299, -29.366 ], [ -68.299, -29.399 ], [ -68.333, -29.399 ], [ -68.333, -29.433 ], [ -68.366, -29.433 ], [ -68.399, -29.433 ] ] ], [ [ [ -68.499, -29.399 ], [ -68.533, -29.399 ], [ -68.533, -29.366 ], [ -68.566, -29.366 ], [ -68.599, -29.366 ], [ -68.599, -29.399 ], [ -68.633, -29.399 ], [ -68.633, -29.433 ], [ -68.633, -29.466 ], [ -68.633, -29.499 ], [ -68.633, -29.533 ], [ -68.633, -29.566 ], [ -68.633, -29.599 ], [ -68.599, -29.599 ], [ -68.599, -29.633 ], [ -68.599, -29.666 ], [ -68.633, -29.666 ], [ -68.666, -29.666 ], [ -68.666, -29.633 ], [ -68.666, -29.599 ], [ -68.699, -29.599 ], [ -68.699, -29.566 ], [ -68.699, -29.533 ], [ -68.666, -29.533 ], [ -68.666, -29.499 ], [ -68.666, -29.466 ], [ -68.699, -29.466 ], [ -68.733, -29.466 ], [ -68.733, -29.433 ], [ -68.699, -29.433 ], [ -68.699, -29.399 ], [ -68.699, -29.366 ], [ -68.733, -29.366 ], [ -68.733, -29.333 ], [ -68.699, -29.333 ], [ -68.699, -29.299 ], [ -68.666, -29.299 ], [ -68.666, -29.266 ], [ -68.633, -29.266 ], [ -68.633, -29.299 ], [ -68.599, -29.299 ], [ -68.566, -29.299 ], [ -68.566, -29.266 ], [ -68.566, -29.233 ], [ -68.533, -29.233 ], [ -68.533, -29.266 ], [ -68.533, -29.299 ], [ -68.499, -29.299 ], [ -68.499, -29.333 ], [ -68.499, -29.366 ], [ -68.499, -29.399 ] ] ], [ [ [ -68.333, -29.266 ], [ -68.366, -29.266 ], [ -68.366, -29.233 ], [ -68.333, -29.233 ], [ -68.333, -29.266 ] ] ], [ [ [ -67.233, -29.299 ], [ -67.266, -29.299 ], [ -67.266, -29.266 ], [ -67.266, -29.233 ], [ -67.233, -29.233 ], [ -67.233, -29.266 ], [ -67.233, -29.299 ] ] ], [ [ [ -68.366, -29.233 ], [ -68.399, -29.233 ], [ -68.399, -29.199 ], [ -68.366, -29.199 ], [ -68.366, -29.233 ] ] ], [ [ [ -66.833, -29.233 ], [ -66.866, -29.233 ], [ -66.866, -29.199 ], [ -66.833, -29.199 ], [ -66.833, -29.233 ] ] ], [ [ [ -67.266, -29.199 ], [ -67.299, -29.199 ], [ -67.299, -29.166 ], [ -67.266, -29.166 ], [ -67.266, -29.199 ] ] ], [ [ [ -66.966, -29.366 ], [ -66.999, -29.366 ], [ -66.999, -29.399 ], [ -67.033, -29.399 ], [ -67.033, -29.366 ], [ -67.033, -29.333 ], [ -66.999, -29.333 ], [ -66.999, -29.299 ], [ -66.999, -29.266 ], [ -67.033, -29.266 ], [ -67.033, -29.299 ], [ -67.066, -29.299 ], [ -67.066, -29.266 ], [ -67.099, -29.266 ], [ -67.099, -29.233 ], [ -67.133, -29.233 ], [ -67.133, -29.199 ], [ -67.133, -29.166 ], [ -67.099, -29.166 ], [ -67.099, -29.133 ], [ -67.066, -29.133 ], [ -67.033, -29.133 ], [ -67.033, -29.166 ], [ -67.033, -29.199 ], [ -66.999, -29.199 ], [ -66.999, -29.233 ], [ -66.966, -29.233 ], [ -66.966, -29.266 ], [ -66.966, -29.299 ], [ -66.966, -29.333 ], [ -66.966, -29.366 ] ] ], [ [ [ -66.799, -29.166 ], [ -66.833, -29.166 ], [ -66.833, -29.133 ], [ -66.799, -29.133 ], [ -66.766, -29.133 ], [ -66.766, -29.166 ], [ -66.799, -29.166 ] ] ], [ [ [ -68.399, -29.199 ], [ -68.433, -29.199 ], [ -68.466, -29.199 ], [ -68.466, -29.166 ], [ -68.466, -29.133 ], [ -68.433, -29.133 ], [ -68.433, -29.099 ], [ -68.399, -29.099 ], [ -68.399, -29.133 ], [ -68.399, -29.166 ], [ -68.399, -29.199 ] ] ], [ [ [ -68.399, -29.099 ], [ -68.399, -29.066 ], [ -68.399, -29.033 ], [ -68.366, -29.033 ], [ -68.366, -29.066 ], [ -68.366, -29.099 ], [ -68.399, -29.099 ] ] ], [ [ [ -68.133, -29.033 ], [ -68.133, -29.066 ], [ -68.133, -29.099 ], [ -68.133, -29.133 ], [ -68.099, -29.133 ], [ -68.099, -29.166 ], [ -68.099, -29.199 ], [ -68.099, -29.233 ], [ -68.066, -29.233 ], [ -68.066, -29.266 ], [ -68.066, -29.299 ], [ -68.033, -29.299 ], [ -67.999, -29.299 ], [ -67.999, -29.333 ], [ -67.966, -29.333 ], [ -67.966, -29.366 ], [ -67.933, -29.366 ], [ -67.933, -29.399 ], [ -67.899, -29.399 ], [ -67.899, -29.433 ], [ -67.866, -29.433 ], [ -67.833, -29.433 ], [ -67.833, -29.466 ], [ -67.833, -29.499 ], [ -67.833, -29.533 ], [ -67.833, -29.566 ], [ -67.833, -29.599 ], [ -67.866, -29.599 ], [ -67.866, -29.633 ], [ -67.899, -29.633 ], [ -67.899, -29.666 ], [ -67.866, -29.666 ], [ -67.866, -29.699 ], [ -67.866, -29.733 ], [ -67.866, -29.766 ], [ -67.833, -29.766 ], [ -67.799, -29.766 ], [ -67.766, -29.766 ], [ -67.766, -29.799 ], [ -67.799, -29.799 ], [ -67.799, -29.833 ], [ -67.766, -29.833 ], [ -67.766, -29.866 ], [ -67.766, -29.899 ], [ -67.733, -29.899 ], [ -67.733, -29.933 ], [ -67.766, -29.933 ], [ -67.766, -29.966 ], [ -67.733, -29.966 ], [ -67.733, -29.999 ], [ -67.699, -29.999 ], [ -67.666, -29.999 ], [ -67.633, -29.999 ], [ -67.633, -30.033 ], [ -67.633, -30.066 ], [ -67.633, -30.099 ], [ -67.633, -30.133 ], [ -67.633, -30.166 ], [ -67.633, -30.199 ], [ -67.666, -30.199 ], [ -67.699, -30.199 ], [ -67.699, -30.233 ], [ -67.733, -30.233 ], [ -67.733, -30.266 ], [ -67.699, -30.266 ], [ -67.699, -30.299 ], [ -67.699, -30.333 ], [ -67.699, -30.366 ], [ -67.699, -30.399 ], [ -67.733, -30.399 ], [ -67.733, -30.366 ], [ -67.733, -30.333 ], [ -67.766, -30.333 ], [ -67.766, -30.299 ], [ -67.766, -30.266 ], [ -67.799, -30.266 ], [ -67.799, -30.233 ], [ -67.833, -30.233 ], [ -67.866, -30.233 ], [ -67.899, -30.233 ], [ -67.899, -30.266 ], [ -67.899, -30.299 ], [ -67.933, -30.299 ], [ -67.933, -30.266 ], [ -67.966, -30.266 ], [ -67.999, -30.266 ], [ -67.999, -30.233 ], [ -67.966, -30.233 ], [ -67.966, -30.199 ], [ -67.966, -30.166 ], [ -67.999, -30.166 ], [ -67.999, -30.133 ], [ -68.033, -30.133 ], [ -68.033, -30.099 ], [ -67.999, -30.099 ], [ -67.999, -30.066 ], [ -68.033, -30.066 ], [ -68.033, -30.033 ], [ -68.066, -30.033 ], [ -68.099, -30.033 ], [ -68.099, -29.999 ], [ -68.066, -29.999 ], [ -68.066, -29.966 ], [ -68.033, -29.966 ], [ -68.033, -29.999 ], [ -67.999, -29.999 ], [ -67.966, -29.999 ], [ -67.966, -30.033 ], [ -67.933, -30.033 ], [ -67.899, -30.033 ], [ -67.899, -29.999 ], [ -67.933, -29.999 ], [ -67.933, -29.966 ], [ -67.933, -29.933 ], [ -67.966, -29.933 ], [ -67.999, -29.933 ], [ -67.999, -29.899 ], [ -68.033, -29.899 ], [ -68.033, -29.933 ], [ -68.066, -29.933 ], [ -68.066, -29.899 ], [ -68.099, -29.899 ], [ -68.133, -29.899 ], [ -68.133, -29.866 ], [ -68.099, -29.866 ], [ -68.099, -29.833 ], [ -68.066, -29.833 ], [ -68.033, -29.833 ], [ -67.999, -29.833 ], [ -67.999, -29.866 ], [ -67.966, -29.866 ], [ -67.933, -29.866 ], [ -67.899, -29.866 ], [ -67.899, -29.833 ], [ -67.899, -29.799 ], [ -67.899, -29.766 ], [ -67.899, -29.733 ], [ -67.933, -29.733 ], [ -67.933, -29.699 ], [ -67.933, -29.666 ], [ -67.933, -29.633 ], [ -67.966, -29.633 ], [ -67.966, -29.599 ], [ -67.966, -29.566 ], [ -67.966, -29.533 ], [ -67.999, -29.533 ], [ -67.999, -29.499 ], [ -67.999, -29.466 ], [ -68.033, -29.466 ], [ -68.033, -29.433 ], [ -68.066, -29.433 ], [ -68.099, -29.433 ], [ -68.133, -29.433 ], [ -68.133, -29.399 ], [ -68.133, -29.366 ], [ -68.133, -29.333 ], [ -68.133, -29.299 ], [ -68.166, -29.299 ], [ -68.166, -29.266 ], [ -68.166, -29.233 ], [ -68.166, -29.199 ], [ -68.199, -29.199 ], [ -68.199, -29.166 ], [ -68.166, -29.166 ], [ -68.166, -29.133 ], [ -68.166, -29.099 ], [ -68.199, -29.099 ], [ -68.199, -29.066 ], [ -68.199, -29.033 ], [ -68.199, -28.999 ], [ -68.166, -28.999 ], [ -68.166, -29.033 ], [ -68.133, -29.033 ] ] ], [ [ [ -67.933, -30.066 ], [ -67.933, -30.099 ], [ -67.899, -30.099 ], [ -67.899, -30.066 ], [ -67.933, -30.066 ] ] ], [ [ [ -68.133, -29.033 ], [ -68.133, -28.999 ], [ -68.099, -28.999 ], [ -68.099, -29.033 ], [ -68.133, -29.033 ] ] ], [ [ [ -66.733, -29.099 ], [ -66.766, -29.099 ], [ -66.766, -29.066 ], [ -66.766, -29.033 ], [ -66.766, -28.999 ], [ -66.733, -28.999 ], [ -66.733, -29.033 ], [ -66.733, -29.066 ], [ -66.733, -29.099 ] ] ], [ [ [ -67.499, -29.033 ], [ -67.499, -29.066 ], [ -67.466, -29.066 ], [ -67.466, -29.099 ], [ -67.499, -29.099 ], [ -67.499, -29.133 ], [ -67.499, -29.166 ], [ -67.533, -29.166 ], [ -67.533, -29.199 ], [ -67.533, -29.233 ], [ -67.566, -29.233 ], [ -67.566, -29.266 ], [ -67.566, -29.299 ], [ -67.599, -29.299 ], [ -67.599, -29.333 ], [ -67.599, -29.366 ], [ -67.599, -29.399 ], [ -67.633, -29.399 ], [ -67.633, -29.366 ], [ -67.633, -29.333 ], [ -67.633, -29.299 ], [ -67.633, -29.266 ], [ -67.633, -29.233 ], [ -67.599, -29.233 ], [ -67.599, -29.199 ], [ -67.599, -29.166 ], [ -67.566, -29.166 ], [ -67.566, -29.133 ], [ -67.533, -29.133 ], [ -67.533, -29.099 ], [ -67.533, -29.066 ], [ -67.533, -29.033 ], [ -67.533, -28.999 ], [ -67.533, -28.966 ], [ -67.499, -28.966 ], [ -67.499, -28.933 ], [ -67.499, -28.899 ], [ -67.466, -28.899 ], [ -67.466, -28.933 ], [ -67.466, -28.966 ], [ -67.466, -28.999 ], [ -67.466, -29.033 ], [ -67.499, -29.033 ] ] ], [ [ [ -66.733, -28.966 ], [ -66.766, -28.966 ], [ -66.766, -28.933 ], [ -66.766, -28.899 ], [ -66.733, -28.899 ], [ -66.733, -28.933 ], [ -66.733, -28.966 ] ] ], [ [ [ -66.499, -28.833 ], [ -66.499, -28.866 ], [ -66.466, -28.866 ], [ -66.466, -28.899 ], [ -66.499, -28.899 ], [ -66.499, -28.933 ], [ -66.533, -28.933 ], [ -66.533, -28.899 ], [ -66.533, -28.866 ], [ -66.533, -28.833 ], [ -66.499, -28.833 ] ] ], [ [ [ -66.499, -28.833 ], [ -66.499, -28.799 ], [ -66.466, -28.799 ], [ -66.466, -28.833 ], [ -66.499, -28.833 ] ] ], [ [ [ -67.299, -29.033 ], [ -67.333, -29.033 ], [ -67.333, -28.999 ], [ -67.333, -28.966 ], [ -67.333, -28.933 ], [ -67.333, -28.899 ], [ -67.333, -28.866 ], [ -67.333, -28.833 ], [ -67.333, -28.799 ], [ -67.333, -28.766 ], [ -67.299, -28.766 ], [ -67.299, -28.799 ], [ -67.299, -28.833 ], [ -67.299, -28.866 ], [ -67.299, -28.899 ], [ -67.299, -28.933 ], [ -67.299, -28.966 ], [ -67.299, -28.999 ], [ -67.299, -29.033 ] ] ], [ [ [ -66.599, -28.799 ], [ -66.633, -28.799 ], [ -66.633, -28.766 ], [ -66.599, -28.766 ], [ -66.599, -28.799 ] ] ], [ [ [ -66.466, -28.799 ], [ -66.466, -28.766 ], [ -66.433, -28.766 ], [ -66.399, -28.766 ], [ -66.399, -28.799 ], [ -66.433, -28.799 ], [ -66.466, -28.799 ] ] ], [ [ [ -66.333, -28.799 ], [ -66.366, -28.799 ], [ -66.366, -28.766 ], [ -66.366, -28.733 ], [ -66.333, -28.733 ], [ -66.333, -28.766 ], [ -66.333, -28.799 ] ] ], [ [ [ -66.199, -28.733 ], [ -66.199, -28.766 ], [ -66.233, -28.766 ], [ -66.266, -28.766 ], [ -66.266, -28.733 ], [ -66.233, -28.733 ], [ -66.199, -28.733 ] ] ], [ [ [ -68.366, -29.033 ], [ -68.366, -28.999 ], [ -68.366, -28.966 ], [ -68.366, -28.933 ], [ -68.333, -28.933 ], [ -68.333, -28.899 ], [ -68.333, -28.866 ], [ -68.333, -28.833 ], [ -68.299, -28.833 ], [ -68.266, -28.833 ], [ -68.266, -28.799 ], [ -68.233, -28.799 ], [ -68.233, -28.766 ], [ -68.233, -28.733 ], [ -68.199, -28.733 ], [ -68.166, -28.733 ], [ -68.166, -28.699 ], [ -68.133, -28.699 ], [ -68.099, -28.699 ], [ -68.066, -28.699 ], [ -68.066, -28.733 ], [ -68.066, -28.766 ], [ -68.066, -28.799 ], [ -68.066, -28.833 ], [ -68.099, -28.833 ], [ -68.099, -28.866 ], [ -68.099, -28.899 ], [ -68.066, -28.899 ], [ -68.066, -28.933 ], [ -68.099, -28.933 ], [ -68.099, -28.966 ], [ -68.133, -28.966 ], [ -68.166, -28.966 ], [ -68.166, -28.933 ], [ -68.199, -28.933 ], [ -68.199, -28.899 ], [ -68.199, -28.866 ], [ -68.233, -28.866 ], [ -68.233, -28.899 ], [ -68.266, -28.899 ], [ -68.266, -28.933 ], [ -68.266, -28.966 ], [ -68.233, -28.966 ], [ -68.233, -28.999 ], [ -68.266, -28.999 ], [ -68.299, -28.999 ], [ -68.333, -28.999 ], [ -68.333, -29.033 ], [ -68.366, -29.033 ] ] ], [ [ [ -66.199, -28.733 ], [ -66.199, -28.699 ], [ -66.166, -28.699 ], [ -66.166, -28.733 ], [ -66.199, -28.733 ] ] ], [ [ [ -66.299, -28.699 ], [ -66.333, -28.699 ], [ -66.333, -28.666 ], [ -66.333, -28.633 ], [ -66.299, -28.633 ], [ -66.299, -28.666 ], [ -66.299, -28.699 ] ] ], [ [ [ -66.066, -28.633 ], [ -66.066, -28.666 ], [ -66.099, -28.666 ], [ -66.099, -28.633 ], [ -66.066, -28.633 ] ] ], [ [ [ -66.066, -28.633 ], [ -66.066, -28.599 ], [ -66.033, -28.599 ], [ -65.999, -28.599 ], [ -65.999, -28.633 ], [ -66.033, -28.633 ], [ -66.066, -28.633 ] ] ], [ [ [ -67.133, -28.599 ], [ -67.166, -28.599 ], [ -67.166, -28.566 ], [ -67.133, -28.566 ], [ -67.133, -28.599 ] ] ], [ [ [ -66.233, -28.566 ], [ -66.266, -28.566 ], [ -66.266, -28.533 ], [ -66.233, -28.533 ], [ -66.233, -28.566 ] ] ], [ [ [ -65.933, -28.566 ], [ -65.966, -28.566 ], [ -65.966, -28.533 ], [ -65.933, -28.533 ], [ -65.933, -28.566 ] ] ], [ [ [ -67.099, -28.499 ], [ -67.099, -28.533 ], [ -67.133, -28.533 ], [ -67.133, -28.499 ], [ -67.099, -28.499 ] ] ], [ [ [ -65.599, -28.533 ], [ -65.633, -28.533 ], [ -65.633, -28.499 ], [ -65.599, -28.499 ], [ -65.599, -28.533 ] ] ], [ [ [ -67.099, -28.499 ], [ -67.099, -28.466 ], [ -67.066, -28.466 ], [ -67.066, -28.499 ], [ -67.099, -28.499 ] ] ], [ [ [ -66.933, -28.499 ], [ -66.933, -28.533 ], [ -66.899, -28.533 ], [ -66.899, -28.566 ], [ -66.899, -28.599 ], [ -66.899, -28.633 ], [ -66.866, -28.633 ], [ -66.866, -28.666 ], [ -66.866, -28.699 ], [ -66.866, -28.733 ], [ -66.866, -28.766 ], [ -66.866, -28.799 ], [ -66.833, -28.799 ], [ -66.799, -28.799 ], [ -66.766, -28.799 ], [ -66.766, -28.833 ], [ -66.799, -28.833 ], [ -66.799, -28.866 ], [ -66.833, -28.866 ], [ -66.833, -28.899 ], [ -66.866, -28.899 ], [ -66.866, -28.933 ], [ -66.899, -28.933 ], [ -66.899, -28.966 ], [ -66.899, -28.999 ], [ -66.899, -29.033 ], [ -66.933, -29.033 ], [ -66.966, -29.033 ], [ -66.966, -28.999 ], [ -66.966, -28.966 ], [ -66.999, -28.966 ], [ -66.999, -28.933 ], [ -66.966, -28.933 ], [ -66.966, -28.899 ], [ -66.966, -28.866 ], [ -66.966, -28.833 ], [ -66.966, -28.799 ], [ -66.966, -28.766 ], [ -66.966, -28.733 ], [ -66.933, -28.733 ], [ -66.933, -28.699 ], [ -66.933, -28.666 ], [ -66.933, -28.633 ], [ -66.933, -28.599 ], [ -66.933, -28.566 ], [ -66.966, -28.566 ], [ -66.966, -28.533 ], [ -66.966, -28.499 ], [ -66.966, -28.466 ], [ -66.933, -28.466 ], [ -66.933, -28.499 ] ] ], [ [ [ -66.199, -28.466 ], [ -66.233, -28.466 ], [ -66.233, -28.433 ], [ -66.199, -28.433 ], [ -66.199, -28.466 ] ] ], [ [ [ -66.966, -28.433 ], [ -66.999, -28.433 ], [ -66.999, -28.399 ], [ -66.966, -28.399 ], [ -66.966, -28.433 ] ] ], [ [ [ -65.566, -28.466 ], [ -65.599, -28.466 ], [ -65.599, -28.433 ], [ -65.599, -28.399 ], [ -65.566, -28.399 ], [ -65.566, -28.433 ], [ -65.566, -28.466 ] ] ], [ [ [ -65.866, -28.499 ], [ -65.899, -28.499 ], [ -65.899, -28.466 ], [ -65.899, -28.433 ], [ -65.899, -28.399 ], [ -65.866, -28.399 ], [ -65.866, -28.366 ], [ -65.833, -28.366 ], [ -65.833, -28.399 ], [ -65.833, -28.433 ], [ -65.866, -28.433 ], [ -65.866, -28.466 ], [ -65.866, -28.499 ] ] ], [ [ [ -66.166, -28.399 ], [ -66.199, -28.399 ], [ -66.199, -28.366 ], [ -66.199, -28.333 ], [ -66.199, -28.299 ], [ -66.166, -28.299 ], [ -66.166, -28.333 ], [ -66.166, -28.366 ], [ -66.166, -28.399 ] ] ], [ [ [ -65.699, -28.266 ], [ -65.666, -28.266 ], [ -65.666, -28.299 ], [ -65.699, -28.299 ], [ -65.699, -28.266 ] ] ], [ [ [ -65.533, -28.266 ], [ -65.499, -28.266 ], [ -65.466, -28.266 ], [ -65.466, -28.299 ], [ -65.433, -28.299 ], [ -65.433, -28.333 ], [ -65.433, -28.366 ], [ -65.433, -28.399 ], [ -65.433, -28.433 ], [ -65.466, -28.433 ], [ -65.466, -28.466 ], [ -65.466, -28.499 ], [ -65.499, -28.499 ], [ -65.499, -28.533 ], [ -65.499, -28.566 ], [ -65.499, -28.599 ], [ -65.533, -28.599 ], [ -65.533, -28.633 ], [ -65.533, -28.666 ], [ -65.566, -28.666 ], [ -65.566, -28.699 ], [ -65.566, -28.733 ], [ -65.599, -28.733 ], [ -65.599, -28.766 ], [ -65.599, -28.799 ], [ -65.599, -28.833 ], [ -65.566, -28.833 ], [ -65.566, -28.866 ], [ -65.566, -28.899 ], [ -65.566, -28.933 ], [ -65.566, -28.966 ], [ -65.533, -28.966 ], [ -65.533, -28.999 ], [ -65.533, -29.033 ], [ -65.566, -29.033 ], [ -65.566, -29.066 ], [ -65.566, -29.099 ], [ -65.533, -29.099 ], [ -65.533, -29.133 ], [ -65.566, -29.133 ], [ -65.599, -29.133 ], [ -65.599, -29.099 ], [ -65.599, -29.066 ], [ -65.599, -29.033 ], [ -65.633, -29.033 ], [ -65.633, -28.999 ], [ -65.633, -28.966 ], [ -65.599, -28.966 ], [ -65.599, -28.933 ], [ -65.633, -28.933 ], [ -65.666, -28.933 ], [ -65.666, -28.899 ], [ -65.633, -28.899 ], [ -65.633, -28.866 ], [ -65.633, -28.833 ], [ -65.633, -28.799 ], [ -65.666, -28.799 ], [ -65.666, -28.833 ], [ -65.666, -28.866 ], [ -65.699, -28.866 ], [ -65.699, -28.833 ], [ -65.699, -28.799 ], [ -65.699, -28.766 ], [ -65.666, -28.766 ], [ -65.666, -28.733 ], [ -65.633, -28.733 ], [ -65.633, -28.699 ], [ -65.633, -28.666 ], [ -65.666, -28.666 ], [ -65.666, -28.633 ], [ -65.633, -28.633 ], [ -65.599, -28.633 ], [ -65.599, -28.599 ], [ -65.566, -28.599 ], [ -65.566, -28.566 ], [ -65.533, -28.566 ], [ -65.533, -28.533 ], [ -65.533, -28.499 ], [ -65.533, -28.466 ], [ -65.499, -28.466 ], [ -65.499, -28.433 ], [ -65.499, -28.399 ], [ -65.466, -28.399 ], [ -65.466, -28.366 ], [ -65.499, -28.366 ], [ -65.499, -28.333 ], [ -65.499, -28.299 ], [ -65.533, -28.299 ], [ -65.533, -28.266 ] ] ], [ [ [ -67.333, -28.266 ], [ -67.366, -28.266 ], [ -67.366, -28.233 ], [ -67.333, -28.233 ], [ -67.333, -28.266 ] ] ], [ [ [ -67.266, -28.233 ], [ -67.266, -28.266 ], [ -67.299, -28.266 ], [ -67.299, -28.233 ], [ -67.266, -28.233 ] ] ], [ [ [ -65.699, -28.266 ], [ -65.733, -28.266 ], [ -65.733, -28.233 ], [ -65.699, -28.233 ], [ -65.699, -28.266 ] ] ], [ [ [ -67.266, -28.233 ], [ -67.266, -28.199 ], [ -67.233, -28.199 ], [ -67.233, -28.233 ], [ -67.266, -28.233 ] ] ], [ [ [ -65.533, -28.266 ], [ -65.566, -28.266 ], [ -65.566, -28.299 ], [ -65.599, -28.299 ], [ -65.599, -28.266 ], [ -65.599, -28.233 ], [ -65.599, -28.199 ], [ -65.566, -28.199 ], [ -65.566, -28.233 ], [ -65.533, -28.233 ], [ -65.533, -28.266 ] ] ], [ [ [ -65.833, -28.199 ], [ -65.833, -28.233 ], [ -65.799, -28.233 ], [ -65.799, -28.266 ], [ -65.799, -28.299 ], [ -65.833, -28.299 ], [ -65.833, -28.266 ], [ -65.866, -28.266 ], [ -65.866, -28.233 ], [ -65.899, -28.233 ], [ -65.899, -28.199 ], [ -65.866, -28.199 ], [ -65.866, -28.166 ], [ -65.833, -28.166 ], [ -65.833, -28.199 ] ] ], [ [ [ -65.733, -28.166 ], [ -65.733, -28.199 ], [ -65.766, -28.199 ], [ -65.766, -28.166 ], [ -65.733, -28.166 ] ] ], [ [ [ -65.733, -28.166 ], [ -65.733, -28.133 ], [ -65.733, -28.099 ], [ -65.699, -28.099 ], [ -65.699, -28.133 ], [ -65.699, -28.166 ], [ -65.733, -28.166 ] ] ], [ [ [ -67.199, -28.166 ], [ -67.233, -28.166 ], [ -67.233, -28.133 ], [ -67.233, -28.099 ], [ -67.233, -28.066 ], [ -67.233, -28.033 ], [ -67.233, -27.999 ], [ -67.199, -27.999 ], [ -67.199, -28.033 ], [ -67.199, -28.066 ], [ -67.199, -28.099 ], [ -67.199, -28.133 ], [ -67.199, -28.166 ] ] ], [ [ [ -66.133, -28.266 ], [ -66.166, -28.266 ], [ -66.166, -28.233 ], [ -66.166, -28.199 ], [ -66.166, -28.166 ], [ -66.166, -28.133 ], [ -66.166, -28.099 ], [ -66.166, -28.066 ], [ -66.166, -28.033 ], [ -66.166, -27.999 ], [ -66.133, -27.999 ], [ -66.133, -28.033 ], [ -66.133, -28.066 ], [ -66.133, -28.099 ], [ -66.133, -28.133 ], [ -66.133, -28.166 ], [ -66.133, -28.199 ], [ -66.133, -28.233 ], [ -66.133, -28.266 ] ] ], [ [ [ -65.633, -28.033 ], [ -65.666, -28.033 ], [ -65.666, -27.999 ], [ -65.633, -27.999 ], [ -65.633, -28.033 ] ] ], [ [ [ -65.766, -27.999 ], [ -65.766, -28.033 ], [ -65.733, -28.033 ], [ -65.733, -28.066 ], [ -65.766, -28.066 ], [ -65.766, -28.099 ], [ -65.799, -28.099 ], [ -65.799, -28.066 ], [ -65.799, -28.033 ], [ -65.799, -27.999 ], [ -65.799, -27.966 ], [ -65.766, -27.966 ], [ -65.766, -27.999 ] ] ], [ [ [ -67.266, -27.933 ], [ -67.266, -27.966 ], [ -67.299, -27.966 ], [ -67.299, -27.933 ], [ -67.266, -27.933 ] ] ], [ [ [ -67.233, -27.933 ], [ -67.199, -27.933 ], [ -67.199, -27.966 ], [ -67.233, -27.966 ], [ -67.233, -27.933 ] ] ], [ [ [ -67.399, -27.966 ], [ -67.399, -27.999 ], [ -67.399, -28.033 ], [ -67.399, -28.066 ], [ -67.399, -28.099 ], [ -67.399, -28.133 ], [ -67.366, -28.133 ], [ -67.333, -28.133 ], [ -67.333, -28.099 ], [ -67.299, -28.099 ], [ -67.299, -28.133 ], [ -67.299, -28.166 ], [ -67.299, -28.199 ], [ -67.333, -28.199 ], [ -67.333, -28.166 ], [ -67.366, -28.166 ], [ -67.399, -28.166 ], [ -67.399, -28.199 ], [ -67.399, -28.233 ], [ -67.433, -28.233 ], [ -67.433, -28.199 ], [ -67.433, -28.166 ], [ -67.433, -28.133 ], [ -67.433, -28.099 ], [ -67.433, -28.066 ], [ -67.433, -28.033 ], [ -67.433, -27.999 ], [ -67.466, -27.999 ], [ -67.466, -27.966 ], [ -67.499, -27.966 ], [ -67.499, -27.999 ], [ -67.533, -27.999 ], [ -67.533, -27.966 ], [ -67.533, -27.933 ], [ -67.499, -27.933 ], [ -67.466, -27.933 ], [ -67.433, -27.933 ], [ -67.433, -27.899 ], [ -67.399, -27.899 ], [ -67.366, -27.899 ], [ -67.366, -27.933 ], [ -67.366, -27.966 ], [ -67.399, -27.966 ] ] ], [ [ [ -67.233, -27.933 ], [ -67.266, -27.933 ], [ -67.266, -27.899 ], [ -67.233, -27.899 ], [ -67.233, -27.933 ] ] ], [ [ [ -65.733, -27.799 ], [ -65.733, -27.833 ], [ -65.733, -27.866 ], [ -65.699, -27.866 ], [ -65.699, -27.833 ], [ -65.699, -27.799 ], [ -65.666, -27.799 ], [ -65.666, -27.833 ], [ -65.666, -27.866 ], [ -65.666, -27.899 ], [ -65.666, -27.933 ], [ -65.666, -27.966 ], [ -65.699, -27.966 ], [ -65.733, -27.966 ], [ -65.733, -27.933 ], [ -65.766, -27.933 ], [ -65.766, -27.899 ], [ -65.766, -27.866 ], [ -65.766, -27.833 ], [ -65.799, -27.833 ], [ -65.799, -27.866 ], [ -65.799, -27.899 ], [ -65.799, -27.933 ], [ -65.833, -27.933 ], [ -65.833, -27.899 ], [ -65.833, -27.866 ], [ -65.833, -27.833 ], [ -65.866, -27.833 ], [ -65.866, -27.866 ], [ -65.866, -27.899 ], [ -65.866, -27.933 ], [ -65.866, -27.966 ], [ -65.866, -27.999 ], [ -65.866, -28.033 ], [ -65.833, -28.033 ], [ -65.833, -28.066 ], [ -65.833, -28.099 ], [ -65.866, -28.099 ], [ -65.866, -28.066 ], [ -65.899, -28.066 ], [ -65.899, -28.033 ], [ -65.899, -27.999 ], [ -65.899, -27.966 ], [ -65.899, -27.933 ], [ -65.899, -27.899 ], [ -65.899, -27.866 ], [ -65.899, -27.833 ], [ -65.899, -27.799 ], [ -65.899, -27.766 ], [ -65.866, -27.766 ], [ -65.833, -27.766 ], [ -65.799, -27.766 ], [ -65.799, -27.799 ], [ -65.766, -27.799 ], [ -65.733, -27.799 ] ] ], [ [ [ -65.699, -27.799 ], [ -65.733, -27.799 ], [ -65.733, -27.766 ], [ -65.699, -27.766 ], [ -65.699, -27.799 ] ] ], [ [ [ -67.233, -27.899 ], [ -67.233, -27.866 ], [ -67.233, -27.833 ], [ -67.233, -27.799 ], [ -67.233, -27.766 ], [ -67.233, -27.733 ], [ -67.199, -27.733 ], [ -67.199, -27.766 ], [ -67.199, -27.799 ], [ -67.199, -27.833 ], [ -67.199, -27.866 ], [ -67.199, -27.899 ], [ -67.233, -27.899 ] ] ], [ [ [ -66.133, -27.699 ], [ -66.099, -27.699 ], [ -66.099, -27.733 ], [ -66.099, -27.766 ], [ -66.099, -27.799 ], [ -66.099, -27.833 ], [ -66.099, -27.866 ], [ -66.099, -27.899 ], [ -66.133, -27.899 ], [ -66.133, -27.866 ], [ -66.133, -27.833 ], [ -66.133, -27.799 ], [ -66.133, -27.766 ], [ -66.133, -27.733 ], [ -66.133, -27.699 ] ] ], [ [ [ -65.733, -27.733 ], [ -65.766, -27.733 ], [ -65.766, -27.699 ], [ -65.733, -27.699 ], [ -65.733, -27.733 ] ] ], [ [ [ -67.199, -27.733 ], [ -67.199, -27.699 ], [ -67.199, -27.666 ], [ -67.166, -27.666 ], [ -67.133, -27.666 ], [ -67.099, -27.666 ], [ -67.099, -27.699 ], [ -67.133, -27.699 ], [ -67.166, -27.699 ], [ -67.166, -27.733 ], [ -67.199, -27.733 ] ] ], [ [ [ -66.133, -27.699 ], [ -66.166, -27.699 ], [ -66.166, -27.666 ], [ -66.133, -27.666 ], [ -66.133, -27.699 ] ] ], [ [ [ -67.099, -27.666 ], [ -67.099, -27.633 ], [ -67.066, -27.633 ], [ -67.033, -27.633 ], [ -67.033, -27.666 ], [ -67.066, -27.666 ], [ -67.099, -27.666 ] ] ], [ [ [ -66.666, -27.633 ], [ -66.633, -27.633 ], [ -66.633, -27.666 ], [ -66.666, -27.666 ], [ -66.666, -27.633 ] ] ], [ [ [ -65.866, -27.633 ], [ -65.833, -27.633 ], [ -65.833, -27.666 ], [ -65.833, -27.699 ], [ -65.866, -27.699 ], [ -65.866, -27.666 ], [ -65.866, -27.633 ] ] ], [ [ [ -66.999, -27.633 ], [ -67.033, -27.633 ], [ -67.033, -27.599 ], [ -66.999, -27.599 ], [ -66.999, -27.633 ] ] ], [ [ [ -66.666, -27.633 ], [ -66.699, -27.633 ], [ -66.699, -27.599 ], [ -66.666, -27.599 ], [ -66.666, -27.633 ] ] ], [ [ [ -66.633, -27.633 ], [ -66.633, -27.599 ], [ -66.599, -27.599 ], [ -66.599, -27.633 ], [ -66.633, -27.633 ] ] ], [ [ [ -66.233, -27.599 ], [ -66.199, -27.599 ], [ -66.199, -27.633 ], [ -66.233, -27.633 ], [ -66.233, -27.599 ] ] ], [ [ [ -65.866, -27.633 ], [ -65.899, -27.633 ], [ -65.899, -27.599 ], [ -65.866, -27.599 ], [ -65.866, -27.633 ] ] ], [ [ [ -66.599, -27.599 ], [ -66.599, -27.566 ], [ -66.566, -27.566 ], [ -66.566, -27.599 ], [ -66.599, -27.599 ] ] ], [ [ [ -66.233, -27.599 ], [ -66.266, -27.599 ], [ -66.266, -27.566 ], [ -66.233, -27.566 ], [ -66.233, -27.599 ] ] ], [ [ [ -66.999, -27.633 ], [ -66.966, -27.633 ], [ -66.966, -27.599 ], [ -66.933, -27.599 ], [ -66.899, -27.599 ], [ -66.866, -27.599 ], [ -66.866, -27.566 ], [ -66.833, -27.566 ], [ -66.799, -27.566 ], [ -66.799, -27.533 ], [ -66.766, -27.533 ], [ -66.766, -27.566 ], [ -66.766, -27.599 ], [ -66.733, -27.599 ], [ -66.733, -27.633 ], [ -66.733, -27.666 ], [ -66.699, -27.666 ], [ -66.699, -27.699 ], [ -66.699, -27.733 ], [ -66.733, -27.733 ], [ -66.766, -27.733 ], [ -66.766, -27.699 ], [ -66.799, -27.699 ], [ -66.799, -27.666 ], [ -66.833, -27.666 ], [ -66.866, -27.666 ], [ -66.866, -27.633 ], [ -66.899, -27.633 ], [ -66.933, -27.633 ], [ -66.933, -27.666 ], [ -66.966, -27.666 ], [ -66.999, -27.666 ], [ -66.999, -27.633 ] ] ], [ [ [ -66.566, -27.566 ], [ -66.566, -27.533 ], [ -66.533, -27.533 ], [ -66.533, -27.566 ], [ -66.566, -27.566 ] ] ], [ [ [ -66.266, -27.566 ], [ -66.299, -27.566 ], [ -66.299, -27.533 ], [ -66.333, -27.533 ], [ -66.366, -27.533 ], [ -66.399, -27.533 ], [ -66.433, -27.533 ], [ -66.433, -27.499 ], [ -66.399, -27.499 ], [ -66.366, -27.499 ], [ -66.333, -27.499 ], [ -66.299, -27.499 ], [ -66.266, -27.499 ], [ -66.266, -27.533 ], [ -66.266, -27.566 ] ] ], [ [ [ -65.899, -27.499 ], [ -65.899, -27.533 ], [ -65.899, -27.566 ], [ -65.933, -27.566 ], [ -65.933, -27.533 ], [ -65.933, -27.499 ], [ -65.899, -27.499 ] ] ], [ [ [ -65.866, -27.499 ], [ -65.833, -27.499 ], [ -65.833, -27.533 ], [ -65.833, -27.566 ], [ -65.866, -27.566 ], [ -65.866, -27.533 ], [ -65.866, -27.499 ] ] ], [ [ [ -65.866, -27.499 ], [ -65.899, -27.499 ], [ -65.899, -27.466 ], [ -65.899, -27.433 ], [ -65.866, -27.433 ], [ -65.866, -27.466 ], [ -65.866, -27.499 ] ] ], [ [ [ -67.566, -27.466 ], [ -67.566, -27.499 ], [ -67.566, -27.533 ], [ -67.566, -27.566 ], [ -67.566, -27.599 ], [ -67.566, -27.633 ], [ -67.566, -27.666 ], [ -67.566, -27.699 ], [ -67.566, -27.733 ], [ -67.566, -27.766 ], [ -67.566, -27.799 ], [ -67.566, -27.833 ], [ -67.599, -27.833 ], [ -67.599, -27.866 ], [ -67.599, -27.899 ], [ -67.566, -27.899 ], [ -67.566, -27.933 ], [ -67.566, -27.966 ], [ -67.599, -27.966 ], [ -67.599, -27.999 ], [ -67.633, -27.999 ], [ -67.633, -28.033 ], [ -67.633, -28.066 ], [ -67.633, -28.099 ], [ -67.633, -28.133 ], [ -67.633, -28.166 ], [ -67.633, -28.199 ], [ -67.599, -28.199 ], [ -67.599, -28.233 ], [ -67.566, -28.233 ], [ -67.566, -28.199 ], [ -67.533, -28.199 ], [ -67.533, -28.166 ], [ -67.533, -28.133 ], [ -67.499, -28.133 ], [ -67.499, -28.166 ], [ -67.499, -28.199 ], [ -67.499, -28.233 ], [ -67.533, -28.233 ], [ -67.533, -28.266 ], [ -67.533, -28.299 ], [ -67.566, -28.299 ], [ -67.566, -28.333 ], [ -67.566, -28.366 ], [ -67.533, -28.366 ], [ -67.499, -28.366 ], [ -67.499, -28.399 ], [ -67.499, -28.433 ], [ -67.466, -28.433 ], [ -67.433, -28.433 ], [ -67.433, -28.466 ], [ -67.399, -28.466 ], [ -67.399, -28.499 ], [ -67.366, -28.499 ], [ -67.333, -28.499 ], [ -67.333, -28.466 ], [ -67.333, -28.433 ], [ -67.299, -28.433 ], [ -67.299, -28.466 ], [ -67.266, -28.466 ], [ -67.233, -28.466 ], [ -67.199, -28.466 ], [ -67.199, -28.433 ], [ -67.166, -28.433 ], [ -67.166, -28.466 ], [ -67.166, -28.499 ], [ -67.166, -28.533 ], [ -67.199, -28.533 ], [ -67.199, -28.566 ], [ -67.199, -28.599 ], [ -67.233, -28.599 ], [ -67.233, -28.566 ], [ -67.233, -28.533 ], [ -67.266, -28.533 ], [ -67.266, -28.566 ], [ -67.266, -28.599 ], [ -67.266, -28.633 ], [ -67.299, -28.633 ], [ -67.299, -28.666 ], [ -67.299, -28.699 ], [ -67.299, -28.733 ], [ -67.333, -28.733 ], [ -67.333, -28.699 ], [ -67.333, -28.666 ], [ -67.366, -28.666 ], [ -67.399, -28.666 ], [ -67.399, -28.699 ], [ -67.433, -28.699 ], [ -67.433, -28.733 ], [ -67.433, -28.766 ], [ -67.433, -28.799 ], [ -67.466, -28.799 ], [ -67.466, -28.766 ], [ -67.466, -28.733 ], [ -67.466, -28.699 ], [ -67.466, -28.666 ], [ -67.499, -28.666 ], [ -67.499, -28.633 ], [ -67.499, -28.599 ], [ -67.533, -28.599 ], [ -67.566, -28.599 ], [ -67.566, -28.566 ], [ -67.566, -28.533 ], [ -67.599, -28.533 ], [ -67.599, -28.499 ], [ -67.633, -28.499 ], [ -67.633, -28.466 ], [ -67.633, -28.433 ], [ -67.633, -28.399 ], [ -67.633, -28.366 ], [ -67.599, -28.366 ], [ -67.599, -28.333 ], [ -67.633, -28.333 ], [ -67.666, -28.333 ], [ -67.666, -28.299 ], [ -67.699, -28.299 ], [ -67.699, -28.266 ], [ -67.699, -28.233 ], [ -67.699, -28.199 ], [ -67.699, -28.166 ], [ -67.699, -28.133 ], [ -67.699, -28.099 ], [ -67.666, -28.099 ], [ -67.666, -28.066 ], [ -67.666, -28.033 ], [ -67.666, -27.999 ], [ -67.666, -27.966 ], [ -67.699, -27.966 ], [ -67.699, -27.933 ], [ -67.699, -27.899 ], [ -67.699, -27.866 ], [ -67.666, -27.866 ], [ -67.666, -27.833 ], [ -67.699, -27.833 ], [ -67.699, -27.799 ], [ -67.699, -27.766 ], [ -67.699, -27.733 ], [ -67.666, -27.733 ], [ -67.666, -27.699 ], [ -67.666, -27.666 ], [ -67.666, -27.633 ], [ -67.633, -27.633 ], [ -67.633, -27.599 ], [ -67.633, -27.566 ], [ -67.599, -27.566 ], [ -67.599, -27.533 ], [ -67.599, -27.499 ], [ -67.599, -27.466 ], [ -67.633, -27.466 ], [ -67.666, -27.466 ], [ -67.666, -27.433 ], [ -67.633, -27.433 ], [ -67.633, -27.399 ], [ -67.599, -27.399 ], [ -67.566, -27.399 ], [ -67.566, -27.433 ], [ -67.566, -27.466 ] ] ], [ [ [ -65.966, -27.433 ], [ -65.999, -27.433 ], [ -65.999, -27.399 ], [ -65.966, -27.399 ], [ -65.933, -27.399 ], [ -65.933, -27.433 ], [ -65.966, -27.433 ] ] ], [ [ [ -67.033, -27.599 ], [ -67.066, -27.599 ], [ -67.066, -27.566 ], [ -67.066, -27.533 ], [ -67.066, -27.499 ], [ -67.033, -27.499 ], [ -67.033, -27.466 ], [ -67.033, -27.433 ], [ -66.999, -27.433 ], [ -66.999, -27.399 ], [ -66.966, -27.399 ], [ -66.966, -27.366 ], [ -66.933, -27.366 ], [ -66.899, -27.366 ], [ -66.899, -27.399 ], [ -66.933, -27.399 ], [ -66.933, -27.433 ], [ -66.933, -27.466 ], [ -66.933, -27.499 ], [ -66.933, -27.533 ], [ -66.966, -27.533 ], [ -66.966, -27.566 ], [ -66.999, -27.566 ], [ -67.033, -27.566 ], [ -67.033, -27.599 ] ] ], [ [ [ -65.899, -27.299 ], [ -65.933, -27.299 ], [ -65.933, -27.266 ], [ -65.933, -27.233 ], [ -65.899, -27.233 ], [ -65.899, -27.266 ], [ -65.899, -27.299 ] ] ], [ [ [ -65.833, -27.166 ], [ -65.833, -27.199 ], [ -65.866, -27.199 ], [ -65.866, -27.166 ], [ -65.833, -27.166 ] ] ], [ [ [ -65.833, -27.166 ], [ -65.833, -27.133 ], [ -65.799, -27.133 ], [ -65.799, -27.166 ], [ -65.833, -27.166 ] ] ], [ [ [ -65.766, -27.099 ], [ -65.733, -27.099 ], [ -65.733, -27.133 ], [ -65.766, -27.133 ], [ -65.766, -27.099 ] ] ], [ [ [ -65.766, -27.099 ], [ -65.799, -27.099 ], [ -65.799, -27.066 ], [ -65.766, -27.066 ], [ -65.766, -27.099 ] ] ], [ [ [ -65.633, -26.999 ], [ -65.633, -27.033 ], [ -65.666, -27.033 ], [ -65.666, -26.999 ], [ -65.633, -26.999 ] ] ], [ [ [ -65.633, -26.999 ], [ -65.633, -26.966 ], [ -65.599, -26.966 ], [ -65.599, -26.999 ], [ -65.633, -26.999 ] ] ], [ [ [ -65.599, -26.966 ], [ -65.599, -26.933 ], [ -65.566, -26.933 ], [ -65.566, -26.966 ], [ -65.599, -26.966 ] ] ], [ [ [ -65.566, -26.933 ], [ -65.566, -26.899 ], [ -65.566, -26.866 ], [ -65.533, -26.866 ], [ -65.533, -26.899 ], [ -65.533, -26.933 ], [ -65.566, -26.933 ] ] ], [ [ [ -65.533, -26.866 ], [ -65.533, -26.833 ], [ -65.533, -26.799 ], [ -65.499, -26.799 ], [ -65.499, -26.833 ], [ -65.499, -26.866 ], [ -65.533, -26.866 ] ] ], [ [ [ -65.499, -26.733 ], [ -65.533, -26.733 ], [ -65.533, -26.699 ], [ -65.533, -26.666 ], [ -65.499, -26.666 ], [ -65.499, -26.699 ], [ -65.499, -26.733 ] ] ], [ [ [ -65.333, -26.733 ], [ -65.366, -26.733 ], [ -65.366, -26.699 ], [ -65.366, -26.666 ], [ -65.333, -26.666 ], [ -65.333, -26.699 ], [ -65.333, -26.733 ] ] ], [ [ [ -65.433, -26.699 ], [ -65.466, -26.699 ], [ -65.466, -26.666 ], [ -65.466, -26.633 ], [ -65.433, -26.633 ], [ -65.433, -26.666 ], [ -65.433, -26.699 ] ] ], [ [ [ -65.399, -26.599 ], [ -65.433, -26.599 ], [ -65.433, -26.566 ], [ -65.399, -26.566 ], [ -65.399, -26.599 ] ] ], [ [ [ -65.099, -26.533 ], [ -65.133, -26.533 ], [ -65.133, -26.499 ], [ -65.099, -26.499 ], [ -65.099, -26.533 ] ] ], [ [ [ -65.533, -26.433 ], [ -65.533, -26.466 ], [ -65.499, -26.466 ], [ -65.499, -26.433 ], [ -65.533, -26.433 ], [ -65.533, -26.399 ], [ -65.499, -26.399 ], [ -65.466, -26.399 ], [ -65.466, -26.433 ], [ -65.466, -26.466 ], [ -65.433, -26.466 ], [ -65.433, -26.499 ], [ -65.466, -26.499 ], [ -65.499, -26.499 ], [ -65.499, -26.533 ], [ -65.499, -26.566 ], [ -65.533, -26.566 ], [ -65.533, -26.599 ], [ -65.566, -26.599 ], [ -65.566, -26.566 ], [ -65.566, -26.533 ], [ -65.533, -26.533 ], [ -65.533, -26.499 ], [ -65.566, -26.499 ], [ -65.599, -26.499 ], [ -65.599, -26.466 ], [ -65.566, -26.466 ], [ -65.566, -26.433 ], [ -65.533, -26.433 ] ] ], [ [ [ -65.066, -26.333 ], [ -65.066, -26.366 ], [ -65.033, -26.366 ], [ -64.999, -26.366 ], [ -64.999, -26.399 ], [ -65.033, -26.399 ], [ -65.033, -26.433 ], [ -65.066, -26.433 ], [ -65.099, -26.433 ], [ -65.099, -26.399 ], [ -65.099, -26.366 ], [ -65.099, -26.333 ], [ -65.066, -26.333 ] ] ], [ [ [ -64.866, -26.433 ], [ -64.899, -26.433 ], [ -64.899, -26.399 ], [ -64.899, -26.366 ], [ -64.899, -26.333 ], [ -64.866, -26.333 ], [ -64.833, -26.333 ], [ -64.833, -26.366 ], [ -64.833, -26.399 ], [ -64.833, -26.433 ], [ -64.866, -26.433 ] ] ], [ [ [ -64.999, -26.333 ], [ -65.033, -26.333 ], [ -65.033, -26.299 ], [ -64.999, -26.299 ], [ -64.999, -26.333 ] ] ], [ [ [ -65.033, -26.233 ], [ -64.999, -26.233 ], [ -64.999, -26.266 ], [ -65.033, -26.266 ], [ -65.033, -26.233 ] ] ], [ [ [ -64.933, -26.299 ], [ -64.966, -26.299 ], [ -64.966, -26.266 ], [ -64.966, -26.233 ], [ -64.933, -26.233 ], [ -64.899, -26.233 ], [ -64.899, -26.266 ], [ -64.933, -26.266 ], [ -64.933, -26.299 ] ] ], [ [ [ -65.033, -26.233 ], [ -65.066, -26.233 ], [ -65.066, -26.199 ], [ -65.033, -26.199 ], [ -65.033, -26.233 ] ] ], [ [ [ -64.899, -26.166 ], [ -64.933, -26.166 ], [ -64.933, -26.133 ], [ -64.899, -26.133 ], [ -64.899, -26.166 ] ] ], [ [ [ -64.833, -26.166 ], [ -64.866, -26.166 ], [ -64.866, -26.133 ], [ -64.833, -26.133 ], [ -64.833, -26.166 ] ] ], [ [ [ -65.533, -26.399 ], [ -65.566, -26.399 ], [ -65.566, -26.366 ], [ -65.566, -26.333 ], [ -65.599, -26.333 ], [ -65.599, -26.299 ], [ -65.599, -26.266 ], [ -65.599, -26.233 ], [ -65.599, -26.199 ], [ -65.599, -26.166 ], [ -65.599, -26.133 ], [ -65.599, -26.099 ], [ -65.566, -26.099 ], [ -65.566, -26.133 ], [ -65.566, -26.166 ], [ -65.566, -26.199 ], [ -65.566, -26.233 ], [ -65.566, -26.266 ], [ -65.566, -26.299 ], [ -65.533, -26.299 ], [ -65.499, -26.299 ], [ -65.499, -26.333 ], [ -65.499, -26.366 ], [ -65.533, -26.366 ], [ -65.533, -26.399 ] ] ], [ [ [ -64.833, -26.099 ], [ -64.866, -26.099 ], [ -64.866, -26.066 ], [ -64.866, -26.033 ], [ -64.866, -25.999 ], [ -64.833, -25.999 ], [ -64.833, -26.033 ], [ -64.833, -26.066 ], [ -64.833, -26.099 ] ] ], [ [ [ -65.533, -25.966 ], [ -65.533, -25.999 ], [ -65.533, -26.033 ], [ -65.566, -26.033 ], [ -65.566, -25.999 ], [ -65.566, -25.966 ], [ -65.533, -25.966 ] ] ], [ [ [ -64.899, -25.966 ], [ -64.899, -25.999 ], [ -64.899, -26.033 ], [ -64.899, -26.066 ], [ -64.933, -26.066 ], [ -64.933, -26.033 ], [ -64.933, -25.999 ], [ -64.933, -25.966 ], [ -64.899, -25.966 ] ] ], [ [ [ -64.899, -25.966 ], [ -64.899, -25.933 ], [ -64.866, -25.933 ], [ -64.866, -25.966 ], [ -64.899, -25.966 ] ] ], [ [ [ -65.333, -25.866 ], [ -65.299, -25.866 ], [ -65.299, -25.899 ], [ -65.333, -25.899 ], [ -65.333, -25.866 ] ] ], [ [ [ -65.666, -25.833 ], [ -65.699, -25.833 ], [ -65.699, -25.799 ], [ -65.666, -25.799 ], [ -65.666, -25.833 ] ] ], [ [ [ -65.266, -25.799 ], [ -65.299, -25.799 ], [ -65.299, -25.766 ], [ -65.266, -25.766 ], [ -65.266, -25.799 ] ] ], [ [ [ -65.699, -25.766 ], [ -65.733, -25.766 ], [ -65.733, -25.733 ], [ -65.699, -25.733 ], [ -65.699, -25.766 ] ] ], [ [ [ -65.999, -25.699 ], [ -65.999, -25.733 ], [ -65.966, -25.733 ], [ -65.966, -25.766 ], [ -65.966, -25.799 ], [ -65.933, -25.799 ], [ -65.933, -25.833 ], [ -65.899, -25.833 ], [ -65.899, -25.866 ], [ -65.866, -25.866 ], [ -65.866, -25.899 ], [ -65.866, -25.933 ], [ -65.833, -25.933 ], [ -65.833, -25.966 ], [ -65.799, -25.966 ], [ -65.799, -25.999 ], [ -65.766, -25.999 ], [ -65.766, -25.966 ], [ -65.766, -25.933 ], [ -65.766, -25.899 ], [ -65.766, -25.866 ], [ -65.733, -25.866 ], [ -65.733, -25.899 ], [ -65.733, -25.933 ], [ -65.699, -25.933 ], [ -65.699, -25.966 ], [ -65.733, -25.966 ], [ -65.733, -25.999 ], [ -65.733, -26.033 ], [ -65.766, -26.033 ], [ -65.799, -26.033 ], [ -65.799, -26.066 ], [ -65.833, -26.066 ], [ -65.833, -26.099 ], [ -65.833, -26.133 ], [ -65.833, -26.166 ], [ -65.833, -26.199 ], [ -65.833, -26.233 ], [ -65.833, -26.266 ], [ -65.833, -26.299 ], [ -65.866, -26.299 ], [ -65.866, -26.333 ], [ -65.899, -26.333 ], [ -65.899, -26.366 ], [ -65.899, -26.399 ], [ -65.933, -26.399 ], [ -65.933, -26.433 ], [ -65.966, -26.433 ], [ -65.999, -26.433 ], [ -65.999, -26.399 ], [ -65.966, -26.399 ], [ -65.966, -26.366 ], [ -65.966, -26.333 ], [ -65.966, -26.299 ], [ -65.966, -26.266 ], [ -65.933, -26.266 ], [ -65.933, -26.233 ], [ -65.966, -26.233 ], [ -65.966, -26.199 ], [ -65.966, -26.166 ], [ -65.966, -26.133 ], [ -65.966, -26.099 ], [ -65.999, -26.099 ], [ -65.999, -26.066 ], [ -65.999, -26.033 ], [ -65.999, -25.999 ], [ -65.999, -25.966 ], [ -65.999, -25.933 ], [ -65.999, -25.899 ], [ -66.033, -25.899 ], [ -66.033, -25.866 ], [ -66.033, -25.833 ], [ -66.033, -25.799 ], [ -66.033, -25.766 ], [ -66.033, -25.733 ], [ -66.066, -25.733 ], [ -66.066, -25.699 ], [ -66.099, -25.699 ], [ -66.133, -25.699 ], [ -66.133, -25.666 ], [ -66.099, -25.666 ], [ -66.066, -25.666 ], [ -66.033, -25.666 ], [ -65.999, -25.666 ], [ -65.999, -25.699 ] ] ], [ [ [ -65.899, -26.033 ], [ -65.899, -26.066 ], [ -65.866, -26.066 ], [ -65.866, -26.033 ], [ -65.833, -26.033 ], [ -65.833, -25.999 ], [ -65.866, -25.999 ], [ -65.866, -25.966 ], [ -65.899, -25.966 ], [ -65.899, -25.999 ], [ -65.899, -26.033 ] ] ], [ [ [ -66.166, -25.666 ], [ -66.199, -25.666 ], [ -66.199, -25.633 ], [ -66.166, -25.633 ], [ -66.166, -25.666 ] ] ], [ [ [ -65.499, -25.666 ], [ -65.499, -25.699 ], [ -65.499, -25.733 ], [ -65.533, -25.733 ], [ -65.533, -25.766 ], [ -65.566, -25.766 ], [ -65.566, -25.733 ], [ -65.599, -25.733 ], [ -65.599, -25.699 ], [ -65.633, -25.699 ], [ -65.666, -25.699 ], [ -65.666, -25.666 ], [ -65.633, -25.666 ], [ -65.599, -25.666 ], [ -65.599, -25.633 ], [ -65.566, -25.633 ], [ -65.533, -25.633 ], [ -65.533, -25.666 ], [ -65.499, -25.666 ] ] ], [ [ [ -65.499, -25.666 ], [ -65.499, -25.633 ], [ -65.466, -25.633 ], [ -65.466, -25.666 ], [ -65.499, -25.666 ] ] ], [ [ [ -65.699, -25.599 ], [ -65.699, -25.633 ], [ -65.699, -25.666 ], [ -65.699, -25.699 ], [ -65.733, -25.699 ], [ -65.733, -25.666 ], [ -65.733, -25.633 ], [ -65.733, -25.599 ], [ -65.699, -25.599 ] ] ], [ [ [ -65.466, -25.633 ], [ -65.466, -25.599 ], [ -65.433, -25.599 ], [ -65.433, -25.633 ], [ -65.466, -25.633 ] ] ], [ [ [ -65.133, -25.599 ], [ -65.099, -25.599 ], [ -65.099, -25.633 ], [ -65.133, -25.633 ], [ -65.133, -25.599 ] ] ], [ [ [ -65.133, -25.599 ], [ -65.166, -25.599 ], [ -65.166, -25.566 ], [ -65.133, -25.566 ], [ -65.133, -25.599 ] ] ], [ [ [ -65.699, -25.599 ], [ -65.699, -25.566 ], [ -65.666, -25.566 ], [ -65.666, -25.533 ], [ -65.633, -25.533 ], [ -65.633, -25.566 ], [ -65.633, -25.599 ], [ -65.666, -25.599 ], [ -65.699, -25.599 ] ] ], [ [ [ -65.399, -25.533 ], [ -65.399, -25.566 ], [ -65.433, -25.566 ], [ -65.433, -25.533 ], [ -65.399, -25.533 ] ] ], [ [ [ -65.666, -25.533 ], [ -65.699, -25.533 ], [ -65.699, -25.499 ], [ -65.666, -25.499 ], [ -65.666, -25.533 ] ] ], [ [ [ -65.299, -25.533 ], [ -65.333, -25.533 ], [ -65.366, -25.533 ], [ -65.399, -25.533 ], [ -65.399, -25.499 ], [ -65.366, -25.499 ], [ -65.333, -25.499 ], [ -65.299, -25.499 ], [ -65.299, -25.533 ] ] ], [ [ [ -65.166, -25.599 ], [ -65.166, -25.633 ], [ -65.166, -25.666 ], [ -65.133, -25.666 ], [ -65.133, -25.699 ], [ -65.166, -25.699 ], [ -65.199, -25.699 ], [ -65.199, -25.666 ], [ -65.233, -25.666 ], [ -65.266, -25.666 ], [ -65.299, -25.666 ], [ -65.333, -25.666 ], [ -65.366, -25.666 ], [ -65.366, -25.699 ], [ -65.366, -25.733 ], [ -65.366, -25.766 ], [ -65.399, -25.766 ], [ -65.399, -25.799 ], [ -65.366, -25.799 ], [ -65.366, -25.833 ], [ -65.333, -25.833 ], [ -65.333, -25.866 ], [ -65.366, -25.866 ], [ -65.366, -25.899 ], [ -65.366, -25.933 ], [ -65.399, -25.933 ], [ -65.399, -25.966 ], [ -65.433, -25.966 ], [ -65.433, -25.999 ], [ -65.433, -26.033 ], [ -65.466, -26.033 ], [ -65.466, -25.999 ], [ -65.466, -25.966 ], [ -65.499, -25.966 ], [ -65.533, -25.966 ], [ -65.533, -25.933 ], [ -65.533, -25.899 ], [ -65.533, -25.866 ], [ -65.533, -25.833 ], [ -65.499, -25.833 ], [ -65.499, -25.799 ], [ -65.499, -25.766 ], [ -65.499, -25.733 ], [ -65.466, -25.733 ], [ -65.433, -25.733 ], [ -65.433, -25.699 ], [ -65.433, -25.666 ], [ -65.399, -25.666 ], [ -65.399, -25.633 ], [ -65.366, -25.633 ], [ -65.333, -25.633 ], [ -65.333, -25.599 ], [ -65.299, -25.599 ], [ -65.299, -25.566 ], [ -65.299, -25.533 ], [ -65.266, -25.533 ], [ -65.266, -25.566 ], [ -65.233, -25.566 ], [ -65.233, -25.533 ], [ -65.233, -25.499 ], [ -65.233, -25.466 ], [ -65.199, -25.466 ], [ -65.199, -25.499 ], [ -65.199, -25.533 ], [ -65.199, -25.566 ], [ -65.199, -25.599 ], [ -65.166, -25.599 ] ], [ [ -65.499, -25.899 ], [ -65.499, -25.933 ], [ -65.466, -25.933 ], [ -65.466, -25.899 ], [ -65.499, -25.899 ] ] ], [ [ [ -65.233, -25.433 ], [ -65.266, -25.433 ], [ -65.266, -25.399 ], [ -65.233, -25.399 ], [ -65.233, -25.433 ] ] ], [ [ [ -65.133, -25.433 ], [ -65.166, -25.433 ], [ -65.166, -25.399 ], [ -65.133, -25.399 ], [ -65.133, -25.433 ] ] ], [ [ [ -65.166, -25.333 ], [ -65.133, -25.333 ], [ -65.133, -25.366 ], [ -65.166, -25.366 ], [ -65.166, -25.333 ] ] ], [ [ [ -65.633, -25.299 ], [ -65.633, -25.333 ], [ -65.666, -25.333 ], [ -65.666, -25.366 ], [ -65.633, -25.366 ], [ -65.633, -25.399 ], [ -65.666, -25.399 ], [ -65.699, -25.399 ], [ -65.699, -25.433 ], [ -65.733, -25.433 ], [ -65.733, -25.399 ], [ -65.733, -25.366 ], [ -65.699, -25.366 ], [ -65.699, -25.333 ], [ -65.699, -25.299 ], [ -65.666, -25.299 ], [ -65.633, -25.299 ] ] ], [ [ [ -65.166, -25.333 ], [ -65.199, -25.333 ], [ -65.199, -25.299 ], [ -65.166, -25.299 ], [ -65.166, -25.333 ] ] ], [ [ [ -65.166, -25.299 ], [ -65.166, -25.266 ], [ -65.133, -25.266 ], [ -65.133, -25.299 ], [ -65.166, -25.299 ] ] ], [ [ [ -65.633, -25.299 ], [ -65.633, -25.266 ], [ -65.666, -25.266 ], [ -65.666, -25.233 ], [ -65.633, -25.233 ], [ -65.599, -25.233 ], [ -65.599, -25.266 ], [ -65.599, -25.299 ], [ -65.633, -25.299 ] ] ], [ [ [ -65.266, -25.233 ], [ -65.299, -25.233 ], [ -65.299, -25.199 ], [ -65.266, -25.199 ], [ -65.266, -25.233 ] ] ], [ [ [ -65.666, -25.166 ], [ -65.633, -25.166 ], [ -65.633, -25.199 ], [ -65.666, -25.199 ], [ -65.666, -25.166 ] ] ], [ [ [ -65.666, -25.166 ], [ -65.699, -25.166 ], [ -65.699, -25.133 ], [ -65.666, -25.133 ], [ -65.666, -25.166 ] ] ], [ [ [ -65.599, -25.233 ], [ -65.599, -25.199 ], [ -65.599, -25.166 ], [ -65.599, -25.133 ], [ -65.566, -25.133 ], [ -65.566, -25.166 ], [ -65.566, -25.199 ], [ -65.566, -25.233 ], [ -65.599, -25.233 ] ] ], [ [ [ -65.666, -25.133 ], [ -65.666, -25.099 ], [ -65.633, -25.099 ], [ -65.633, -25.133 ], [ -65.666, -25.133 ] ] ], [ [ [ -65.233, -25.133 ], [ -65.266, -25.133 ], [ -65.266, -25.099 ], [ -65.233, -25.099 ], [ -65.233, -25.133 ] ] ], [ [ [ -65.666, -25.066 ], [ -65.699, -25.066 ], [ -65.699, -25.033 ], [ -65.666, -25.033 ], [ -65.666, -25.066 ] ] ], [ [ [ -65.699, -24.999 ], [ -65.733, -24.999 ], [ -65.733, -24.966 ], [ -65.699, -24.966 ], [ -65.699, -24.999 ] ] ], [ [ [ -65.666, -24.866 ], [ -65.666, -24.899 ], [ -65.699, -24.899 ], [ -65.733, -24.899 ], [ -65.733, -24.866 ], [ -65.733, -24.833 ], [ -65.699, -24.833 ], [ -65.699, -24.866 ], [ -65.666, -24.866 ] ] ], [ [ [ -65.666, -24.866 ], [ -65.666, -24.833 ], [ -65.666, -24.799 ], [ -65.633, -24.799 ], [ -65.633, -24.833 ], [ -65.633, -24.866 ], [ -65.666, -24.866 ] ] ], [ [ [ -65.599, -24.766 ], [ -65.633, -24.766 ], [ -65.633, -24.733 ], [ -65.633, -24.699 ], [ -65.599, -24.699 ], [ -65.566, -24.699 ], [ -65.533, -24.699 ], [ -65.533, -24.733 ], [ -65.566, -24.733 ], [ -65.599, -24.733 ], [ -65.599, -24.766 ] ] ], [ [ [ -64.733, -24.733 ], [ -64.766, -24.733 ], [ -64.766, -24.699 ], [ -64.733, -24.699 ], [ -64.733, -24.733 ] ] ], [ [ [ -65.499, -24.566 ], [ -65.499, -24.599 ], [ -65.499, -24.633 ], [ -65.533, -24.633 ], [ -65.533, -24.599 ], [ -65.533, -24.566 ], [ -65.499, -24.566 ] ] ], [ [ [ -65.499, -24.566 ], [ -65.499, -24.533 ], [ -65.466, -24.533 ], [ -65.466, -24.566 ], [ -65.499, -24.566 ] ] ], [ [ [ -65.433, -24.466 ], [ -65.433, -24.499 ], [ -65.466, -24.499 ], [ -65.466, -24.466 ], [ -65.433, -24.466 ] ] ], [ [ [ -65.433, -24.466 ], [ -65.433, -24.433 ], [ -65.399, -24.433 ], [ -65.399, -24.466 ], [ -65.433, -24.466 ] ] ], [ [ [ -64.533, -24.533 ], [ -64.566, -24.533 ], [ -64.566, -24.499 ], [ -64.533, -24.499 ], [ -64.533, -24.466 ], [ -64.533, -24.433 ], [ -64.499, -24.433 ], [ -64.499, -24.466 ], [ -64.499, -24.499 ], [ -64.499, -24.533 ], [ -64.533, -24.533 ] ] ], [ [ [ -65.433, -24.333 ], [ -65.399, -24.333 ], [ -65.399, -24.366 ], [ -65.433, -24.366 ], [ -65.433, -24.333 ] ] ], [ [ [ -64.433, -24.499 ], [ -64.466, -24.499 ], [ -64.466, -24.466 ], [ -64.466, -24.433 ], [ -64.433, -24.433 ], [ -64.433, -24.399 ], [ -64.433, -24.366 ], [ -64.399, -24.366 ], [ -64.399, -24.333 ], [ -64.399, -24.299 ], [ -64.366, -24.299 ], [ -64.366, -24.333 ], [ -64.366, -24.366 ], [ -64.366, -24.399 ], [ -64.399, -24.399 ], [ -64.399, -24.433 ], [ -64.399, -24.466 ], [ -64.433, -24.466 ], [ -64.433, -24.499 ] ] ], [ [ [ -65.433, -24.333 ], [ -65.466, -24.333 ], [ -65.466, -24.299 ], [ -65.466, -24.266 ], [ -65.433, -24.266 ], [ -65.433, -24.299 ], [ -65.433, -24.333 ] ] ], [ [ [ -65.466, -24.266 ], [ -65.499, -24.266 ], [ -65.499, -24.233 ], [ -65.499, -24.199 ], [ -65.466, -24.199 ], [ -65.466, -24.233 ], [ -65.466, -24.266 ] ] ], [ [ [ -64.466, -24.233 ], [ -64.466, -24.266 ], [ -64.499, -24.266 ], [ -64.499, -24.233 ], [ -64.533, -24.233 ], [ -64.533, -24.199 ], [ -64.533, -24.166 ], [ -64.499, -24.166 ], [ -64.466, -24.166 ], [ -64.466, -24.199 ], [ -64.466, -24.233 ] ] ], [ [ [ -65.066, -24.199 ], [ -65.099, -24.199 ], [ -65.099, -24.166 ], [ -65.099, -24.133 ], [ -65.066, -24.133 ], [ -65.066, -24.166 ], [ -65.066, -24.199 ] ] ], [ [ [ -65.466, -24.166 ], [ -65.499, -24.166 ], [ -65.499, -24.133 ], [ -65.499, -24.099 ], [ -65.466, -24.099 ], [ -65.466, -24.133 ], [ -65.466, -24.166 ] ] ], [ [ [ -64.466, -24.133 ], [ -64.499, -24.133 ], [ -64.499, -24.099 ], [ -64.466, -24.099 ], [ -64.466, -24.066 ], [ -64.433, -24.066 ], [ -64.433, -24.099 ], [ -64.433, -24.133 ], [ -64.466, -24.133 ] ] ], [ [ [ -65.466, -23.999 ], [ -65.466, -24.033 ], [ -65.499, -24.033 ], [ -65.533, -24.033 ], [ -65.533, -23.999 ], [ -65.499, -23.999 ], [ -65.466, -23.999 ] ] ], [ [ [ -65.433, -23.999 ], [ -65.399, -23.999 ], [ -65.399, -24.033 ], [ -65.433, -24.033 ], [ -65.433, -23.999 ] ] ], [ [ [ -65.199, -24.066 ], [ -65.233, -24.066 ], [ -65.233, -24.033 ], [ -65.233, -23.999 ], [ -65.199, -23.999 ], [ -65.166, -23.999 ], [ -65.166, -24.033 ], [ -65.199, -24.033 ], [ -65.199, -24.066 ] ] ], [ [ [ -65.433, -23.999 ], [ -65.466, -23.999 ], [ -65.466, -23.966 ], [ -65.433, -23.966 ], [ -65.433, -23.999 ] ] ], [ [ [ -65.466, -23.966 ], [ -65.499, -23.966 ], [ -65.499, -23.933 ], [ -65.499, -23.899 ], [ -65.499, -23.866 ], [ -65.499, -23.833 ], [ -65.499, -23.799 ], [ -65.499, -23.766 ], [ -65.466, -23.766 ], [ -65.466, -23.799 ], [ -65.466, -23.833 ], [ -65.466, -23.866 ], [ -65.466, -23.899 ], [ -65.466, -23.933 ], [ -65.466, -23.966 ] ] ], [ [ [ -65.233, -23.766 ], [ -65.233, -23.799 ], [ -65.199, -23.799 ], [ -65.199, -23.833 ], [ -65.233, -23.833 ], [ -65.233, -23.866 ], [ -65.266, -23.866 ], [ -65.299, -23.866 ], [ -65.299, -23.899 ], [ -65.333, -23.899 ], [ -65.366, -23.899 ], [ -65.399, -23.899 ], [ -65.399, -23.866 ], [ -65.366, -23.866 ], [ -65.333, -23.866 ], [ -65.333, -23.833 ], [ -65.299, -23.833 ], [ -65.266, -23.833 ], [ -65.266, -23.799 ], [ -65.266, -23.766 ], [ -65.233, -23.766 ] ] ], [ [ [ -65.166, -23.699 ], [ -65.166, -23.733 ], [ -65.199, -23.733 ], [ -65.199, -23.699 ], [ -65.166, -23.699 ] ] ], [ [ [ -64.899, -23.666 ], [ -64.933, -23.666 ], [ -64.933, -23.633 ], [ -64.899, -23.633 ], [ -64.866, -23.633 ], [ -64.866, -23.666 ], [ -64.899, -23.666 ] ] ], [ [ [ -65.166, -23.699 ], [ -65.166, -23.666 ], [ -65.166, -23.633 ], [ -65.166, -23.599 ], [ -65.133, -23.599 ], [ -65.099, -23.599 ], [ -65.099, -23.633 ], [ -65.133, -23.633 ], [ -65.133, -23.666 ], [ -65.133, -23.699 ], [ -65.166, -23.699 ] ] ], [ [ [ -64.799, -23.599 ], [ -64.799, -23.633 ], [ -64.833, -23.633 ], [ -64.833, -23.599 ], [ -64.799, -23.599 ] ] ], [ [ [ -64.999, -23.499 ], [ -64.999, -23.533 ], [ -65.033, -23.533 ], [ -65.033, -23.499 ], [ -64.999, -23.499 ] ] ], [ [ [ -64.999, -23.499 ], [ -64.999, -23.466 ], [ -64.966, -23.466 ], [ -64.966, -23.499 ], [ -64.999, -23.499 ] ] ], [ [ [ -64.799, -23.599 ], [ -64.799, -23.566 ], [ -64.799, -23.533 ], [ -64.799, -23.499 ], [ -64.799, -23.466 ], [ -64.766, -23.466 ], [ -64.766, -23.499 ], [ -64.733, -23.499 ], [ -64.733, -23.533 ], [ -64.733, -23.566 ], [ -64.733, -23.599 ], [ -64.766, -23.599 ], [ -64.799, -23.599 ] ] ], [ [ [ -64.966, -23.466 ], [ -64.966, -23.433 ], [ -64.933, -23.433 ], [ -64.933, -23.466 ], [ -64.966, -23.466 ] ] ], [ [ [ -64.799, -23.466 ], [ -64.833, -23.466 ], [ -64.866, -23.466 ], [ -64.866, -23.433 ], [ -64.866, -23.399 ], [ -64.833, -23.399 ], [ -64.833, -23.433 ], [ -64.799, -23.433 ], [ -64.799, -23.466 ] ] ], [ [ [ -64.833, -23.399 ], [ -64.833, -23.366 ], [ -64.833, -23.333 ], [ -64.833, -23.299 ], [ -64.799, -23.299 ], [ -64.799, -23.333 ], [ -64.799, -23.366 ], [ -64.799, -23.399 ], [ -64.833, -23.399 ] ] ], [ [ [ -64.833, -23.266 ], [ -64.866, -23.266 ], [ -64.866, -23.233 ], [ -64.833, -23.233 ], [ -64.833, -23.199 ], [ -64.799, -23.199 ], [ -64.799, -23.233 ], [ -64.799, -23.266 ], [ -64.833, -23.266 ] ] ], [ [ [ -64.799, -23.133 ], [ -64.833, -23.133 ], [ -64.833, -23.099 ], [ -64.799, -23.099 ], [ -64.799, -23.133 ] ] ], [ [ [ -64.866, -23.066 ], [ -64.866, -23.099 ], [ -64.899, -23.099 ], [ -64.899, -23.066 ], [ -64.866, -23.066 ] ] ], [ [ [ -64.866, -23.066 ], [ -64.866, -23.033 ], [ -64.899, -23.033 ], [ -64.899, -22.999 ], [ -64.866, -22.999 ], [ -64.833, -22.999 ], [ -64.833, -23.033 ], [ -64.799, -23.033 ], [ -64.799, -23.066 ], [ -64.833, -23.066 ], [ -64.866, -23.066 ] ] ], [ [ [ -64.899, -22.999 ], [ -64.933, -22.999 ], [ -64.966, -22.999 ], [ -64.966, -22.966 ], [ -64.933, -22.966 ], [ -64.899, -22.966 ], [ -64.899, -22.999 ] ] ], [ [ [ -64.966, -22.966 ], [ -64.999, -22.966 ], [ -64.999, -22.933 ], [ -64.966, -22.933 ], [ -64.966, -22.966 ] ] ], [ [ [ -64.966, -22.933 ], [ -64.966, -22.899 ], [ -64.999, -22.899 ], [ -64.999, -22.866 ], [ -64.966, -22.866 ], [ -64.933, -22.866 ], [ -64.933, -22.899 ], [ -64.933, -22.933 ], [ -64.966, -22.933 ] ] ], [ [ [ -64.866, -22.799 ], [ -64.899, -22.799 ], [ -64.899, -22.766 ], [ -64.866, -22.766 ], [ -64.866, -22.799 ] ] ], [ [ [ -65.033, -22.766 ], [ -65.066, -22.766 ], [ -65.066, -22.733 ], [ -65.066, -22.699 ], [ -65.033, -22.699 ], [ -65.033, -22.733 ], [ -65.033, -22.766 ] ] ], [ [ [ -65.033, -22.766 ], [ -64.999, -22.766 ], [ -64.999, -22.733 ], [ -64.999, -22.699 ], [ -64.966, -22.699 ], [ -64.966, -22.733 ], [ -64.966, -22.766 ], [ -64.966, -22.799 ], [ -64.999, -22.799 ], [ -64.999, -22.833 ], [ -65.033, -22.833 ], [ -65.033, -22.799 ], [ -65.033, -22.766 ] ] ], [ [ [ -65.066, -22.699 ], [ -65.099, -22.699 ], [ -65.099, -22.666 ], [ -65.066, -22.666 ], [ -65.066, -22.699 ] ] ], [ [ [ -65.033, -22.633 ], [ -64.999, -22.633 ], [ -64.999, -22.666 ], [ -65.033, -22.666 ], [ -65.033, -22.633 ] ] ], [ [ [ -65.033, -22.633 ], [ -65.066, -22.633 ], [ -65.099, -22.633 ], [ -65.099, -22.666 ], [ -65.133, -22.666 ], [ -65.133, -22.633 ], [ -65.133, -22.599 ], [ -65.099, -22.599 ], [ -65.066, -22.599 ], [ -65.033, -22.599 ], [ -65.033, -22.633 ] ] ], [ [ [ -64.999, -22.633 ], [ -64.999, -22.599 ], [ -64.966, -22.599 ], [ -64.966, -22.566 ], [ -64.966, -22.533 ], [ -64.933, -22.533 ], [ -64.933, -22.499 ], [ -64.899, -22.499 ], [ -64.866, -22.499 ], [ -64.866, -22.533 ], [ -64.899, -22.533 ], [ -64.899, -22.566 ], [ -64.933, -22.566 ], [ -64.933, -22.599 ], [ -64.933, -22.633 ], [ -64.966, -22.633 ], [ -64.999, -22.633 ] ] ], [ [ [ -64.999, -22.266 ], [ -64.999, -22.299 ], [ -65.033, -22.299 ], [ -65.033, -22.266 ], [ -64.999, -22.266 ] ] ], [ [ [ -64.866, -22.499 ], [ -64.866, -22.466 ], [ -64.833, -22.466 ], [ -64.833, -22.433 ], [ -64.833, -22.399 ], [ -64.833, -22.366 ], [ -64.799, -22.366 ], [ -64.799, -22.333 ], [ -64.799, -22.299 ], [ -64.799, -22.266 ], [ -64.766, -22.266 ], [ -64.766, -22.299 ], [ -64.766, -22.333 ], [ -64.733, -22.333 ], [ -64.733, -22.366 ], [ -64.766, -22.366 ], [ -64.766, -22.399 ], [ -64.799, -22.399 ], [ -64.799, -22.433 ], [ -64.799, -22.466 ], [ -64.799, -22.499 ], [ -64.833, -22.499 ], [ -64.866, -22.499 ] ] ], [ [ [ -64.766, -22.266 ], [ -64.766, -22.233 ], [ -64.733, -22.233 ], [ -64.733, -22.266 ], [ -64.766, -22.266 ] ] ], [ [ [ -64.766, -22.233 ], [ -64.799, -22.233 ], [ -64.799, -22.199 ], [ -64.766, -22.199 ], [ -64.766, -22.233 ] ] ], [ [ [ -64.999, -22.266 ], [ -64.999, -22.233 ], [ -64.999, -22.199 ], [ -64.999, -22.166 ], [ -64.966, -22.166 ], [ -64.933, -22.166 ], [ -64.933, -22.133 ], [ -64.920, -22.120 ], [ -64.918, -22.120 ], [ -64.918, -22.120 ], [ -64.917, -22.121 ], [ -64.917, -22.121 ], [ -64.917, -22.121 ], [ -64.916, -22.121 ], [ -64.916, -22.121 ], [ -64.916, -22.121 ], [ -64.915, -22.121 ], [ -64.915, -22.121 ], [ -64.915, -22.121 ], [ -64.914, -22.120 ], [ -64.914, -22.120 ], [ -64.914, -22.120 ], [ -64.913, -22.120 ], [ -64.913, -22.120 ], [ -64.913, -22.120 ], [ -64.912, -22.120 ], [ -64.912, -22.120 ], [ -64.912, -22.120 ], [ -64.912, -22.120 ], [ -64.911, -22.120 ], [ -64.911, -22.120 ], [ -64.911, -22.120 ], [ -64.910, -22.120 ], [ -64.909, -22.119 ], [ -64.909, -22.119 ], [ -64.909, -22.119 ], [ -64.908, -22.119 ], [ -64.908, -22.119 ], [ -64.908, -22.119 ], [ -64.907, -22.119 ], [ -64.907, -22.119 ], [ -64.906, -22.119 ], [ -64.906, -22.119 ], [ -64.905, -22.119 ], [ -64.905, -22.119 ], [ -64.905, -22.119 ], [ -64.904, -22.119 ], [ -64.904, -22.119 ], [ -64.904, -22.119 ], [ -64.903, -22.119 ], [ -64.903, -22.119 ], [ -64.903, -22.119 ], [ -64.902, -22.119 ], [ -64.902, -22.119 ], [ -64.902, -22.119 ], [ -64.901, -22.120 ], [ -64.901, -22.120 ], [ -64.900, -22.120 ], [ -64.900, -22.120 ], [ -64.900, -22.120 ], [ -64.899, -22.121 ], [ -64.899, -22.121 ], [ -64.899, -22.121 ], [ -64.898, -22.121 ], [ -64.898, -22.121 ], [ -64.898, -22.122 ], [ -64.898, -22.122 ], [ -64.897, -22.123 ], [ -64.897, -22.123 ], [ -64.897, -22.123 ], [ -64.896, -22.123 ], [ -64.896, -22.123 ], [ -64.895, -22.123 ], [ -64.895, -22.123 ], [ -64.894, -22.123 ], [ -64.894, -22.123 ], [ -64.893, -22.123 ], [ -64.893, -22.123 ], [ -64.892, -22.123 ], [ -64.892, -22.124 ], [ -64.892, -22.124 ], [ -64.892, -22.125 ], [ -64.891, -22.125 ], [ -64.891, -22.125 ], [ -64.891, -22.125 ], [ -64.891, -22.125 ], [ -64.891, -22.125 ], [ -64.890, -22.126 ], [ -64.890, -22.126 ], [ -64.890, -22.127 ], [ -64.890, -22.127 ], [ -64.889, -22.127 ], [ -64.889, -22.127 ], [ -64.888, -22.127 ], [ -64.888, -22.127 ], [ -64.887, -22.128 ], [ -64.887, -22.128 ], [ -64.887, -22.128 ], [ -64.887, -22.128 ], [ -64.887, -22.129 ], [ -64.886, -22.129 ], [ -64.886, -22.129 ], [ -64.885, -22.129 ], [ -64.885, -22.128 ], [ -64.885, -22.128 ], [ -64.885, -22.127 ], [ -64.884, -22.127 ], [ -64.884, -22.127 ], [ -64.884, -22.127 ], [ -64.883, -22.127 ], [ -64.884, -22.126 ], [ -64.884, -22.126 ], [ -64.884, -22.125 ], [ -64.883, -22.125 ], [ -64.883, -22.125 ], [ -64.883, -22.124 ], [ -64.883, -22.124 ], [ -64.882, -22.123 ], [ -64.882, -22.124 ], [ -64.881, -22.124 ], [ -64.881, -22.123 ], [ -64.881, -22.123 ], [ -64.881, -22.123 ], [ -64.881, -22.122 ], [ -64.881, -22.122 ], [ -64.881, -22.122 ], [ -64.880, -22.122 ], [ -64.880, -22.122 ], [ -64.879, -22.122 ], [ -64.879, -22.122 ], [ -64.880, -22.121 ], [ -64.880, -22.121 ], [ -64.880, -22.120 ], [ -64.880, -22.120 ], [ -64.879, -22.120 ], [ -64.879, -22.120 ], [ -64.879, -22.120 ], [ -64.879, -22.119 ], [ -64.879, -22.119 ], [ -64.879, -22.118 ], [ -64.879, -22.118 ], [ -64.878, -22.117 ], [ -64.878, -22.117 ], [ -64.878, -22.117 ], [ -64.877, -22.117 ], [ -64.877, -22.117 ], [ -64.877, -22.117 ], [ -64.876, -22.117 ], [ -64.876, -22.117 ], [ -64.876, -22.117 ], [ -64.875, -22.117 ], [ -64.875, -22.117 ], [ -64.874, -22.117 ], [ -64.874, -22.117 ], [ -64.873, -22.117 ], [ -64.873, -22.118 ], [ -64.873, -22.118 ], [ -64.872, -22.118 ], [ -64.872, -22.119 ], [ -64.871, -22.119 ], [ -64.872, -22.120 ], [ -64.871, -22.120 ], [ -64.871, -22.121 ], [ -64.871, -22.121 ], [ -64.870, -22.121 ], [ -64.870, -22.121 ], [ -64.869, -22.121 ], [ -64.869, -22.121 ], [ -64.869, -22.122 ], [ -64.869, -22.122 ], [ -64.868, -22.122 ], [ -64.868, -22.122 ], [ -64.867, -22.122 ], [ -64.867, -22.122 ], [ -64.867, -22.122 ], [ -64.867, -22.122 ], [ -64.867, -22.123 ], [ -64.867, -22.123 ], [ -64.866, -22.122 ], [ -64.866, -22.122 ], [ -64.866, -22.122 ], [ -64.865, -22.122 ], [ -64.865, -22.122 ], [ -64.865, -22.122 ], [ -64.864, -22.122 ], [ -64.864, -22.122 ], [ -64.863, -22.122 ], [ -64.863, -22.122 ], [ -64.862, -22.122 ], [ -64.862, -22.122 ], [ -64.862, -22.122 ], [ -64.862, -22.121 ], [ -64.861, -22.121 ], [ -64.861, -22.122 ], [ -64.861, -22.122 ], [ -64.861, -22.122 ], [ -64.861, -22.123 ], [ -64.861, -22.123 ], [ -64.861, -22.123 ], [ -64.862, -22.124 ], [ -64.862, -22.124 ], [ -64.861, -22.124 ], [ -64.861, -22.125 ], [ -64.861, -22.124 ], [ -64.860, -22.124 ], [ -64.860, -22.124 ], [ -64.860, -22.124 ], [ -64.859, -22.125 ], [ -64.859, -22.125 ], [ -64.859, -22.125 ], [ -64.858, -22.125 ], [ -64.858, -22.126 ], [ -64.858, -22.126 ], [ -64.857, -22.126 ], [ -64.857, -22.127 ], [ -64.856, -22.127 ], [ -64.856, -22.128 ], [ -64.856, -22.128 ], [ -64.855, -22.128 ], [ -64.855, -22.128 ], [ -64.855, -22.128 ], [ -64.854, -22.128 ], [ -64.854, -22.128 ], [ -64.854, -22.129 ], [ -64.853, -22.129 ], [ -64.853, -22.129 ], [ -64.853, -22.129 ], [ -64.852, -22.129 ], [ -64.852, -22.129 ], [ -64.851, -22.130 ], [ -64.851, -22.130 ], [ -64.850, -22.131 ], [ -64.850, -22.131 ], [ -64.850, -22.131 ], [ -64.849, -22.131 ], [ -64.849, -22.131 ], [ -64.848, -22.131 ], [ -64.848, -22.131 ], [ -64.848, -22.132 ], [ -64.848, -22.132 ], [ -64.848, -22.133 ], [ -64.847, -22.133 ], [ -64.847, -22.133 ], [ -64.846, -22.133 ], [ -64.846, -22.133 ], [ -64.846, -22.133 ], [ -64.845, -22.134 ], [ -64.845, -22.134 ], [ -64.844, -22.134 ], [ -64.844, -22.134 ], [ -64.844, -22.134 ], [ -64.844, -22.135 ], [ -64.844, -22.135 ], [ -64.843, -22.136 ], [ -64.842, -22.136 ], [ -64.842, -22.136 ], [ -64.842, -22.136 ], [ -64.841, -22.136 ], [ -64.841, -22.136 ], [ -64.841, -22.137 ], [ -64.841, -22.137 ], [ -64.841, -22.137 ], [ -64.841, -22.138 ], [ -64.840, -22.138 ], [ -64.840, -22.138 ], [ -64.840, -22.138 ], [ -64.839, -22.139 ], [ -64.839, -22.139 ], [ -64.839, -22.138 ], [ -64.838, -22.139 ], [ -64.838, -22.139 ], [ -64.838, -22.139 ], [ -64.838, -22.139 ], [ -64.837, -22.139 ], [ -64.837, -22.139 ], [ -64.836, -22.139 ], [ -64.836, -22.139 ], [ -64.836, -22.138 ], [ -64.835, -22.138 ], [ -64.835, -22.139 ], [ -64.835, -22.139 ], [ -64.835, -22.139 ], [ -64.835, -22.140 ], [ -64.835, -22.140 ], [ -64.835, -22.140 ], [ -64.834, -22.140 ], [ -64.834, -22.141 ], [ -64.834, -22.141 ], [ -64.834, -22.141 ], [ -64.834, -22.142 ], [ -64.833, -22.142 ], [ -64.833, -22.142 ], [ -64.833, -22.143 ], [ -64.833, -22.166 ], [ -64.833, -22.199 ], [ -64.833, -22.233 ], [ -64.866, -22.233 ], [ -64.899, -22.233 ], [ -64.899, -22.199 ], [ -64.933, -22.199 ], [ -64.933, -22.233 ], [ -64.933, -22.266 ], [ -64.966, -22.266 ], [ -64.999, -22.266 ] ] ], [ [ [ -65.573, -22.076 ], [ -65.572, -22.077 ], [ -65.569, -22.079 ], [ -65.484, -22.097 ], [ -65.467, -22.090 ], [ -65.433, -22.089 ], [ -65.433, -22.133 ], [ -65.466, -22.133 ], [ -65.466, -22.166 ], [ -65.499, -22.166 ], [ -65.499, -22.199 ], [ -65.533, -22.199 ], [ -65.533, -22.233 ], [ -65.566, -22.233 ], [ -65.599, -22.233 ], [ -65.633, -22.233 ], [ -65.666, -22.233 ], [ -65.699, -22.233 ], [ -65.699, -22.199 ], [ -65.699, -22.166 ], [ -65.733, -22.166 ], [ -65.733, -22.133 ], [ -65.733, -22.109 ], [ -65.731, -22.109 ], [ -65.724, -22.106 ], [ -65.723, -22.105 ], [ -65.720, -22.102 ], [ -65.718, -22.101 ], [ -65.717, -22.100 ], [ -65.716, -22.097 ], [ -65.714, -22.097 ], [ -65.711, -22.099 ], [ -65.707, -22.099 ], [ -65.704, -22.099 ], [ -65.698, -22.101 ], [ -65.694, -22.102 ], [ -65.691, -22.103 ], [ -65.689, -22.107 ], [ -65.685, -22.109 ], [ -65.678, -22.111 ], [ -65.673, -22.111 ], [ -65.667, -22.110 ], [ -65.663, -22.110 ], [ -65.659, -22.110 ], [ -65.658, -22.110 ], [ -65.656, -22.110 ], [ -65.655, -22.110 ], [ -65.654, -22.110 ], [ -65.653, -22.109 ], [ -65.653, -22.108 ], [ -65.653, -22.107 ], [ -65.652, -22.106 ], [ -65.651, -22.105 ], [ -65.650, -22.105 ], [ -65.648, -22.105 ], [ -65.647, -22.106 ], [ -65.645, -22.106 ], [ -65.644, -22.106 ], [ -65.642, -22.105 ], [ -65.641, -22.106 ], [ -65.640, -22.106 ], [ -65.639, -22.106 ], [ -65.639, -22.106 ], [ -65.637, -22.106 ], [ -65.635, -22.104 ], [ -65.633, -22.103 ], [ -65.632, -22.103 ], [ -65.632, -22.103 ], [ -65.630, -22.104 ], [ -65.629, -22.104 ], [ -65.628, -22.104 ], [ -65.627, -22.103 ], [ -65.626, -22.103 ], [ -65.625, -22.102 ], [ -65.624, -22.101 ], [ -65.621, -22.098 ], [ -65.619, -22.096 ], [ -65.618, -22.096 ], [ -65.617, -22.096 ], [ -65.616, -22.097 ], [ -65.615, -22.097 ], [ -65.614, -22.097 ], [ -65.614, -22.097 ], [ -65.613, -22.097 ], [ -65.613, -22.096 ], [ -65.613, -22.096 ], [ -65.613, -22.096 ], [ -65.612, -22.095 ], [ -65.612, -22.095 ], [ -65.612, -22.095 ], [ -65.611, -22.095 ], [ -65.611, -22.095 ], [ -65.610, -22.095 ], [ -65.610, -22.095 ], [ -65.609, -22.095 ], [ -65.608, -22.095 ], [ -65.607, -22.095 ], [ -65.607, -22.094 ], [ -65.607, -22.094 ], [ -65.606, -22.094 ], [ -65.606, -22.094 ], [ -65.606, -22.094 ], [ -65.605, -22.095 ], [ -65.605, -22.095 ], [ -65.604, -22.095 ], [ -65.604, -22.096 ], [ -65.604, -22.096 ], [ -65.604, -22.096 ], [ -65.603, -22.097 ], [ -65.602, -22.097 ], [ -65.602, -22.097 ], [ -65.602, -22.097 ], [ -65.601, -22.097 ], [ -65.601, -22.096 ], [ -65.600, -22.096 ], [ -65.600, -22.096 ], [ -65.599, -22.096 ], [ -65.599, -22.096 ], [ -65.597, -22.097 ], [ -65.597, -22.097 ], [ -65.596, -22.096 ], [ -65.595, -22.096 ], [ -65.595, -22.096 ], [ -65.595, -22.096 ], [ -65.594, -22.096 ], [ -65.594, -22.096 ], [ -65.593, -22.096 ], [ -65.593, -22.095 ], [ -65.592, -22.095 ], [ -65.592, -22.095 ], [ -65.592, -22.096 ], [ -65.592, -22.096 ], [ -65.592, -22.097 ], [ -65.592, -22.097 ], [ -65.592, -22.097 ], [ -65.591, -22.097 ], [ -65.591, -22.097 ], [ -65.591, -22.097 ], [ -65.591, -22.097 ], [ -65.591, -22.098 ], [ -65.591, -22.098 ], [ -65.590, -22.098 ], [ -65.589, -22.098 ], [ -65.589, -22.098 ], [ -65.588, -22.098 ], [ -65.588, -22.098 ], [ -65.588, -22.097 ], [ -65.588, -22.097 ], [ -65.588, -22.097 ], [ -65.587, -22.097 ], [ -65.587, -22.097 ], [ -65.587, -22.097 ], [ -65.586, -22.097 ], [ -65.586, -22.097 ], [ -65.584, -22.096 ], [ -65.584, -22.096 ], [ -65.585, -22.095 ], [ -65.585, -22.094 ], [ -65.584, -22.095 ], [ -65.583, -22.094 ], [ -65.582, -22.094 ], [ -65.582, -22.093 ], [ -65.582, -22.093 ], [ -65.582, -22.092 ], [ -65.582, -22.092 ], [ -65.582, -22.092 ], [ -65.582, -22.091 ], [ -65.582, -22.091 ], [ -65.583, -22.090 ], [ -65.583, -22.090 ], [ -65.583, -22.091 ], [ -65.584, -22.091 ], [ -65.584, -22.091 ], [ -65.584, -22.090 ], [ -65.584, -22.089 ], [ -65.584, -22.089 ], [ -65.583, -22.089 ], [ -65.583, -22.089 ], [ -65.583, -22.089 ], [ -65.583, -22.089 ], [ -65.583, -22.089 ], [ -65.584, -22.088 ], [ -65.583, -22.088 ], [ -65.583, -22.088 ], [ -65.581, -22.088 ], [ -65.581, -22.088 ], [ -65.582, -22.087 ], [ -65.583, -22.086 ], [ -65.583, -22.084 ], [ -65.583, -22.084 ], [ -65.581, -22.084 ], [ -65.581, -22.084 ], [ -65.581, -22.083 ], [ -65.580, -22.081 ], [ -65.580, -22.081 ], [ -65.580, -22.080 ], [ -65.580, -22.080 ], [ -65.579, -22.080 ], [ -65.579, -22.080 ], [ -65.579, -22.080 ], [ -65.579, -22.080 ], [ -65.579, -22.079 ], [ -65.579, -22.079 ], [ -65.579, -22.079 ], [ -65.579, -22.078 ], [ -65.578, -22.078 ], [ -65.578, -22.078 ], [ -65.577, -22.078 ], [ -65.577, -22.078 ], [ -65.577, -22.077 ], [ -65.577, -22.077 ], [ -65.577, -22.077 ], [ -65.576, -22.077 ], [ -65.576, -22.076 ], [ -65.574, -22.076 ], [ -65.574, -22.076 ], [ -65.573, -22.076 ] ] ] ] } }
]
}
