{
"type": "FeatureCollection",
                                                                                                                                  
"features": [
{ "type": "Feature", "properties": { "pm_icon": "AR_8b", "hzs": "8b" }, "geometry": { "type": "MultiPolygon", "coordinates": [ [ [ [ -66.762, -55.033 ], [ -66.761, -55.034 ], [ -66.794, -55.021 ], [ -66.784, -55.022 ], [ -66.772, -55.026 ], [ -66.762, -55.033 ] ] ], [ [ [ -66.836, -55.003 ], [ -66.834, -55.005 ], [ -66.841, -55.002 ], [ -66.836, -55.003 ] ] ], [ [ [ -66.921, -54.980 ], [ -66.903, -54.983 ], [ -66.924, -54.980 ], [ -66.921, -54.980 ] ] ], [ [ [ -67.499, -54.899 ], [ -67.499, -54.922 ], [ -67.502, -54.921 ], [ -67.520, -54.917 ], [ -67.533, -54.912 ], [ -67.542, -54.909 ], [ -67.533, -54.899 ], [ -67.499, -54.899 ] ] ], [ [ [ -68.566, -54.866 ], [ -68.566, -54.911 ], [ -68.589, -54.915 ], [ -68.600, -54.915 ], [ -68.600, -54.894 ], [ -68.600, -54.866 ], [ -68.566, -54.866 ] ] ], [ [ [ -68.566, -54.866 ], [ -68.566, -54.833 ], [ -68.533, -54.833 ], [ -68.533, -54.866 ], [ -68.566, -54.866 ] ] ], [ [ [ -68.033, -54.833 ], [ -67.999, -54.833 ], [ -67.999, -54.877 ], [ -68.033, -54.877 ], [ -68.033, -54.833 ] ] ], [ [ [ -67.866, -54.866 ], [ -67.885, -54.885 ], [ -67.891, -54.884 ], [ -67.933, -54.879 ], [ -67.933, -54.833 ], [ -67.899, -54.833 ], [ -67.866, -54.833 ], [ -67.833, -54.833 ], [ -67.833, -54.866 ], [ -67.866, -54.866 ] ] ], [ [ [ -68.566, -54.833 ], [ -68.600, -54.833 ], [ -68.600, -54.799 ], [ -68.566, -54.799 ], [ -68.566, -54.833 ] ] ], [ [ [ -68.533, -54.833 ], [ -68.533, -54.799 ], [ -68.499, -54.799 ], [ -68.466, -54.799 ], [ -68.433, -54.799 ], [ -68.399, -54.799 ], [ -68.399, -54.833 ], [ -68.433, -54.833 ], [ -68.433, -54.889 ], [ -68.438, -54.891 ], [ -68.441, -54.891 ], [ -68.466, -54.866 ], [ -68.466, -54.833 ], [ -68.499, -54.833 ], [ -68.533, -54.833 ] ] ], [ [ [ -68.033, -54.833 ], [ -68.066, -54.833 ], [ -68.099, -54.833 ], [ -68.099, -54.799 ], [ -68.066, -54.799 ], [ -68.033, -54.799 ], [ -68.033, -54.833 ] ] ], [ [ [ -67.999, -54.833 ], [ -67.999, -54.799 ], [ -67.966, -54.799 ], [ -67.966, -54.833 ], [ -67.999, -54.833 ] ] ], [ [ [ -66.866, -54.799 ], [ -66.866, -54.833 ], [ -66.833, -54.833 ], [ -66.833, -54.866 ], [ -66.799, -54.866 ], [ -66.766, -54.866 ], [ -66.733, -54.866 ], [ -66.733, -54.899 ], [ -66.699, -54.899 ], [ -66.666, -54.899 ], [ -66.666, -54.933 ], [ -66.633, -54.933 ], [ -66.599, -54.933 ], [ -66.566, -54.933 ], [ -66.533, -54.933 ], [ -66.499, -54.933 ], [ -66.466, -54.933 ], [ -66.466, -54.899 ], [ -66.466, -54.866 ], [ -66.433, -54.866 ], [ -66.399, -54.866 ], [ -66.366, -54.866 ], [ -66.333, -54.866 ], [ -66.299, -54.866 ], [ -66.299, -54.899 ], [ -66.299, -54.933 ], [ -66.299, -54.966 ], [ -66.266, -54.966 ], [ -66.266, -55.033 ], [ -66.278, -55.039 ], [ -66.297, -55.043 ], [ -66.315, -55.042 ], [ -66.325, -55.052 ], [ -66.348, -55.063 ], [ -66.378, -55.070 ], [ -66.393, -55.071 ], [ -66.405, -55.076 ], [ -66.439, -55.084 ], [ -66.459, -55.084 ], [ -66.492, -55.081 ], [ -66.520, -55.083 ], [ -66.541, -55.088 ], [ -66.565, -55.086 ], [ -66.579, -55.081 ], [ -66.594, -55.069 ], [ -66.611, -55.062 ], [ -66.630, -55.058 ], [ -66.647, -55.057 ], [ -66.668, -55.052 ], [ -66.679, -55.048 ], [ -66.695, -55.038 ], [ -66.702, -55.036 ], [ -66.717, -55.032 ], [ -66.735, -55.030 ], [ -66.748, -55.026 ], [ -66.760, -55.018 ], [ -66.767, -55.006 ], [ -66.775, -55.000 ], [ -66.792, -54.984 ], [ -66.823, -54.983 ], [ -66.871, -54.970 ], [ -66.932, -54.969 ], [ -66.947, -54.967 ], [ -66.959, -54.964 ], [ -66.969, -54.974 ], [ -66.953, -54.977 ], [ -66.956, -54.977 ], [ -67.004, -54.972 ], [ -67.026, -54.967 ], [ -67.039, -54.963 ], [ -67.080, -54.947 ], [ -67.079, -54.942 ], [ -67.102, -54.937 ], [ -67.100, -54.940 ], [ -67.099, -54.942 ], [ -67.119, -54.937 ], [ -67.165, -54.927 ], [ -67.155, -54.924 ], [ -67.165, -54.921 ], [ -67.172, -54.922 ], [ -67.192, -54.922 ], [ -67.245, -54.910 ], [ -67.264, -54.907 ], [ -67.275, -54.906 ], [ -67.284, -54.906 ], [ -67.292, -54.906 ], [ -67.366, -54.917 ], [ -67.377, -54.919 ], [ -67.396, -54.918 ], [ -67.409, -54.918 ], [ -67.418, -54.917 ], [ -67.427, -54.915 ], [ -67.435, -54.914 ], [ -67.441, -54.914 ], [ -67.447, -54.914 ], [ -67.448, -54.915 ], [ -67.433, -54.899 ], [ -67.433, -54.866 ], [ -67.466, -54.866 ], [ -67.499, -54.866 ], [ -67.533, -54.866 ], [ -67.566, -54.866 ], [ -67.566, -54.903 ], [ -67.569, -54.903 ], [ -67.582, -54.900 ], [ -67.590, -54.899 ], [ -67.600, -54.899 ], [ -67.614, -54.901 ], [ -67.634, -54.904 ], [ -67.651, -54.906 ], [ -67.667, -54.906 ], [ -67.681, -54.904 ], [ -67.718, -54.900 ], [ -67.760, -54.895 ], [ -67.766, -54.895 ], [ -67.766, -54.866 ], [ -67.733, -54.866 ], [ -67.699, -54.866 ], [ -67.666, -54.866 ], [ -67.666, -54.833 ], [ -67.633, -54.833 ], [ -67.633, -54.866 ], [ -67.599, -54.866 ], [ -67.599, -54.833 ], [ -67.566, -54.833 ], [ -67.566, -54.799 ], [ -67.533, -54.799 ], [ -67.533, -54.833 ], [ -67.499, -54.833 ], [ -67.466, -54.833 ], [ -67.433, -54.833 ], [ -67.399, -54.833 ], [ -67.366, -54.833 ], [ -67.333, -54.833 ], [ -67.299, -54.833 ], [ -67.266, -54.833 ], [ -67.233, -54.833 ], [ -67.233, -54.866 ], [ -67.199, -54.866 ], [ -67.166, -54.866 ], [ -67.133, -54.866 ], [ -67.133, -54.899 ], [ -67.099, -54.899 ], [ -67.066, -54.899 ], [ -67.033, -54.899 ], [ -66.999, -54.899 ], [ -66.966, -54.899 ], [ -66.966, -54.866 ], [ -66.999, -54.866 ], [ -66.999, -54.833 ], [ -66.966, -54.833 ], [ -66.933, -54.833 ], [ -66.933, -54.799 ], [ -66.899, -54.799 ], [ -66.866, -54.799 ] ], [ [ -66.366, -54.933 ], [ -66.366, -54.966 ], [ -66.366, -54.999 ], [ -66.333, -55.033 ], [ -66.333, -54.966 ], [ -66.333, -54.933 ], [ -66.366, -54.933 ] ] ], [ [ [ -64.733, -54.899 ], [ -64.750, -54.917 ], [ -64.751, -54.913 ], [ -64.750, -54.904 ], [ -64.747, -54.897 ], [ -64.741, -54.891 ], [ -64.732, -54.886 ], [ -64.755, -54.884 ], [ -64.773, -54.879 ], [ -64.782, -54.875 ], [ -64.792, -54.866 ], [ -64.794, -54.859 ], [ -64.794, -54.852 ], [ -64.800, -54.847 ], [ -64.803, -54.840 ], [ -64.803, -54.834 ], [ -64.802, -54.833 ], [ -64.733, -54.833 ], [ -64.733, -54.799 ], [ -64.699, -54.799 ], [ -64.666, -54.799 ], [ -64.633, -54.799 ], [ -64.599, -54.799 ], [ -64.566, -54.799 ], [ -64.566, -54.833 ], [ -64.566, -54.866 ], [ -64.599, -54.866 ], [ -64.633, -54.866 ], [ -64.666, -54.866 ], [ -64.699, -54.866 ], [ -64.733, -54.899 ] ] ], [ [ [ -68.533, -54.799 ], [ -68.566, -54.799 ], [ -68.566, -54.766 ], [ -68.533, -54.766 ], [ -68.533, -54.799 ] ] ], [ [ [ -68.099, -54.799 ], [ -68.133, -54.799 ], [ -68.166, -54.799 ], [ -68.199, -54.799 ], [ -68.233, -54.799 ], [ -68.233, -54.766 ], [ -68.199, -54.766 ], [ -68.166, -54.766 ], [ -68.133, -54.766 ], [ -68.099, -54.766 ], [ -68.099, -54.799 ] ] ], [ [ [ -68.399, -54.799 ], [ -68.399, -54.766 ], [ -68.399, -54.733 ], [ -68.366, -54.733 ], [ -68.333, -54.733 ], [ -68.299, -54.733 ], [ -68.299, -54.766 ], [ -68.333, -54.766 ], [ -68.333, -54.799 ], [ -68.366, -54.799 ], [ -68.399, -54.799 ] ] ], [ [ [ -64.333, -54.799 ], [ -64.366, -54.799 ], [ -64.366, -54.766 ], [ -64.366, -54.733 ], [ -64.333, -54.733 ], [ -64.333, -54.766 ], [ -64.333, -54.799 ] ] ], [ [ [ -68.233, -54.766 ], [ -68.266, -54.766 ], [ -68.266, -54.733 ], [ -68.299, -54.733 ], [ -68.299, -54.699 ], [ -68.266, -54.699 ], [ -68.233, -54.699 ], [ -68.199, -54.699 ], [ -68.199, -54.733 ], [ -68.233, -54.733 ], [ -68.233, -54.766 ] ] ], [ [ [ -68.366, -54.699 ], [ -68.399, -54.699 ], [ -68.399, -54.666 ], [ -68.366, -54.666 ], [ -68.366, -54.699 ] ] ], [ [ [ -64.266, -54.666 ], [ -64.313, -54.666 ], [ -64.312, -54.665 ], [ -64.299, -54.653 ], [ -64.287, -54.646 ], [ -64.267, -54.642 ], [ -64.245, -54.643 ], [ -64.243, -54.643 ], [ -64.266, -54.666 ] ] ], [ [ [ -67.899, -54.433 ], [ -67.866, -54.433 ], [ -67.833, -54.433 ], [ -67.833, -54.466 ], [ -67.799, -54.466 ], [ -67.766, -54.466 ], [ -67.733, -54.466 ], [ -67.733, -54.499 ], [ -67.699, -54.499 ], [ -67.699, -54.533 ], [ -67.666, -54.533 ], [ -67.633, -54.533 ], [ -67.599, -54.533 ], [ -67.566, -54.533 ], [ -67.533, -54.533 ], [ -67.499, -54.533 ], [ -67.466, -54.533 ], [ -67.433, -54.533 ], [ -67.399, -54.533 ], [ -67.366, -54.533 ], [ -67.333, -54.533 ], [ -67.299, -54.533 ], [ -67.299, -54.566 ], [ -67.299, -54.599 ], [ -67.333, -54.599 ], [ -67.366, -54.599 ], [ -67.399, -54.599 ], [ -67.433, -54.599 ], [ -67.433, -54.633 ], [ -67.466, -54.633 ], [ -67.499, -54.633 ], [ -67.533, -54.633 ], [ -67.566, -54.633 ], [ -67.566, -54.666 ], [ -67.599, -54.666 ], [ -67.633, -54.666 ], [ -67.666, -54.666 ], [ -67.699, -54.666 ], [ -67.733, -54.666 ], [ -67.766, -54.666 ], [ -67.799, -54.666 ], [ -67.833, -54.666 ], [ -67.833, -54.633 ], [ -67.866, -54.633 ], [ -67.899, -54.633 ], [ -67.933, -54.633 ], [ -67.966, -54.633 ], [ -67.966, -54.666 ], [ -67.999, -54.666 ], [ -67.999, -54.633 ], [ -68.033, -54.633 ], [ -68.033, -54.666 ], [ -68.066, -54.666 ], [ -68.099, -54.666 ], [ -68.133, -54.666 ], [ -68.133, -54.633 ], [ -68.166, -54.633 ], [ -68.199, -54.633 ], [ -68.233, -54.633 ], [ -68.266, -54.633 ], [ -68.299, -54.633 ], [ -68.333, -54.633 ], [ -68.366, -54.633 ], [ -68.399, -54.633 ], [ -68.433, -54.633 ], [ -68.466, -54.633 ], [ -68.499, -54.633 ], [ -68.499, -54.666 ], [ -68.533, -54.666 ], [ -68.533, -54.633 ], [ -68.566, -54.633 ], [ -68.566, -54.599 ], [ -68.601, -54.599 ], [ -68.601, -54.593 ], [ -68.601, -54.550 ], [ -68.601, -54.499 ], [ -68.566, -54.499 ], [ -68.533, -54.499 ], [ -68.499, -54.499 ], [ -68.466, -54.499 ], [ -68.433, -54.499 ], [ -68.399, -54.499 ], [ -68.366, -54.499 ], [ -68.333, -54.499 ], [ -68.333, -54.533 ], [ -68.299, -54.533 ], [ -68.299, -54.499 ], [ -68.266, -54.499 ], [ -68.233, -54.499 ], [ -68.199, -54.499 ], [ -68.166, -54.499 ], [ -68.166, -54.533 ], [ -68.133, -54.533 ], [ -68.099, -54.533 ], [ -68.099, -54.499 ], [ -68.066, -54.499 ], [ -68.066, -54.533 ], [ -68.033, -54.533 ], [ -67.999, -54.533 ], [ -67.999, -54.499 ], [ -67.966, -54.499 ], [ -67.933, -54.499 ], [ -67.933, -54.533 ], [ -67.899, -54.533 ], [ -67.866, -54.533 ], [ -67.866, -54.499 ], [ -67.866, -54.466 ], [ -67.899, -54.466 ], [ -67.899, -54.433 ] ] ], [ [ [ -67.899, -54.433 ], [ -67.933, -54.433 ], [ -67.966, -54.433 ], [ -67.999, -54.433 ], [ -67.999, -54.399 ], [ -68.033, -54.399 ], [ -68.066, -54.399 ], [ -68.099, -54.399 ], [ -68.133, -54.399 ], [ -68.166, -54.399 ], [ -68.199, -54.399 ], [ -68.199, -54.433 ], [ -68.233, -54.433 ], [ -68.233, -54.399 ], [ -68.266, -54.399 ], [ -68.266, -54.366 ], [ -68.266, -54.333 ], [ -68.299, -54.333 ], [ -68.299, -54.299 ], [ -68.333, -54.299 ], [ -68.333, -54.266 ], [ -68.333, -54.233 ], [ -68.299, -54.233 ], [ -68.299, -54.199 ], [ -68.266, -54.199 ], [ -68.266, -54.166 ], [ -68.233, -54.166 ], [ -68.199, -54.166 ], [ -68.199, -54.199 ], [ -68.199, -54.233 ], [ -68.166, -54.233 ], [ -68.166, -54.266 ], [ -68.133, -54.266 ], [ -68.099, -54.266 ], [ -68.099, -54.299 ], [ -68.066, -54.299 ], [ -68.033, -54.299 ], [ -68.033, -54.333 ], [ -67.999, -54.333 ], [ -67.966, -54.333 ], [ -67.933, -54.333 ], [ -67.933, -54.366 ], [ -67.899, -54.366 ], [ -67.899, -54.399 ], [ -67.899, -54.433 ] ] ], [ [ [ -67.134, -54.089 ], [ -67.111, -54.103 ], [ -67.085, -54.103 ], [ -67.064, -54.106 ], [ -67.053, -54.110 ], [ -67.042, -54.117 ], [ -67.030, -54.120 ], [ -66.979, -54.138 ], [ -66.967, -54.144 ], [ -66.936, -54.155 ], [ -66.923, -54.161 ], [ -66.912, -54.169 ], [ -66.906, -54.178 ], [ -66.874, -54.194 ], [ -66.834, -54.201 ], [ -66.775, -54.217 ], [ -66.758, -54.220 ], [ -66.706, -54.238 ], [ -66.696, -54.246 ], [ -66.689, -54.255 ], [ -66.667, -54.260 ], [ -66.658, -54.264 ], [ -66.651, -54.270 ], [ -66.647, -54.276 ], [ -66.645, -54.285 ], [ -66.647, -54.292 ], [ -66.651, -54.298 ], [ -66.626, -54.325 ], [ -66.601, -54.338 ], [ -66.588, -54.349 ], [ -66.559, -54.365 ], [ -66.545, -54.371 ], [ -66.516, -54.385 ], [ -66.507, -54.395 ], [ -66.505, -54.402 ], [ -66.507, -54.409 ], [ -66.504, -54.410 ], [ -66.475, -54.423 ], [ -66.459, -54.426 ], [ -66.445, -54.433 ], [ -66.436, -54.442 ], [ -66.434, -54.452 ], [ -66.412, -54.453 ], [ -66.394, -54.458 ], [ -66.364, -54.462 ], [ -66.349, -54.468 ], [ -66.341, -54.476 ], [ -66.279, -54.485 ], [ -66.212, -54.509 ], [ -66.179, -54.514 ], [ -66.163, -54.521 ], [ -66.147, -54.524 ], [ -66.124, -54.533 ], [ -66.023, -54.555 ], [ -66.005, -54.562 ], [ -65.962, -54.571 ], [ -65.930, -54.583 ], [ -65.914, -54.584 ], [ -65.891, -54.589 ], [ -65.874, -54.596 ], [ -65.866, -54.601 ], [ -65.861, -54.607 ], [ -65.847, -54.612 ], [ -65.834, -54.613 ], [ -65.810, -54.617 ], [ -65.792, -54.625 ], [ -65.756, -54.623 ], [ -65.708, -54.631 ], [ -65.688, -54.631 ], [ -65.674, -54.635 ], [ -65.666, -54.635 ], [ -65.646, -54.631 ], [ -65.625, -54.632 ], [ -65.605, -54.630 ], [ -65.587, -54.625 ], [ -65.557, -54.621 ], [ -65.537, -54.623 ], [ -65.520, -54.630 ], [ -65.500, -54.629 ], [ -65.470, -54.620 ], [ -65.444, -54.616 ], [ -65.433, -54.616 ], [ -65.433, -54.666 ], [ -65.399, -54.666 ], [ -65.366, -54.666 ], [ -65.366, -54.614 ], [ -65.332, -54.609 ], [ -65.325, -54.607 ], [ -65.299, -54.633 ], [ -65.266, -54.633 ], [ -65.266, -54.666 ], [ -65.233, -54.666 ], [ -65.199, -54.666 ], [ -65.199, -54.699 ], [ -65.199, -54.733 ], [ -65.233, -54.733 ], [ -65.233, -54.766 ], [ -65.233, -54.799 ], [ -65.233, -54.866 ], [ -65.299, -54.866 ], [ -65.299, -54.899 ], [ -65.333, -54.899 ], [ -65.333, -54.955 ], [ -65.343, -54.957 ], [ -65.353, -54.963 ], [ -65.366, -54.967 ], [ -65.392, -54.970 ], [ -65.399, -54.969 ], [ -65.399, -54.899 ], [ -65.433, -54.899 ], [ -65.449, -54.916 ], [ -65.466, -54.899 ], [ -65.499, -54.899 ], [ -65.499, -54.933 ], [ -65.533, -54.933 ], [ -65.549, -54.949 ], [ -65.549, -54.976 ], [ -65.553, -54.976 ], [ -65.573, -54.974 ], [ -65.583, -54.976 ], [ -65.588, -54.982 ], [ -65.596, -54.988 ], [ -65.616, -54.995 ], [ -65.649, -55.000 ], [ -65.703, -54.999 ], [ -65.735, -54.995 ], [ -65.747, -54.990 ], [ -65.757, -54.984 ], [ -65.764, -54.975 ], [ -65.766, -54.967 ], [ -65.764, -54.958 ], [ -65.757, -54.950 ], [ -65.768, -54.942 ], [ -65.773, -54.936 ], [ -65.792, -54.941 ], [ -65.828, -54.943 ], [ -65.841, -54.941 ], [ -65.872, -54.931 ], [ -65.887, -54.936 ], [ -65.909, -54.939 ], [ -65.911, -54.948 ], [ -65.918, -54.959 ], [ -65.917, -54.967 ], [ -65.922, -54.976 ], [ -65.937, -54.988 ], [ -65.951, -54.994 ], [ -65.964, -54.996 ], [ -65.979, -54.996 ], [ -66.045, -55.013 ], [ -66.068, -55.015 ], [ -66.100, -55.021 ], [ -66.142, -55.021 ], [ -66.163, -55.019 ], [ -66.180, -55.023 ], [ -66.205, -55.024 ], [ -66.233, -55.022 ], [ -66.233, -54.966 ], [ -66.199, -54.966 ], [ -66.199, -54.933 ], [ -66.166, -54.933 ], [ -66.166, -54.899 ], [ -66.133, -54.899 ], [ -66.133, -54.933 ], [ -66.133, -54.966 ], [ -66.099, -54.966 ], [ -66.066, -54.966 ], [ -66.066, -54.933 ], [ -66.033, -54.933 ], [ -66.033, -54.899 ], [ -66.066, -54.899 ], [ -66.099, -54.899 ], [ -66.099, -54.866 ], [ -66.066, -54.866 ], [ -66.033, -54.866 ], [ -65.999, -54.866 ], [ -65.999, -54.833 ], [ -65.999, -54.799 ], [ -65.999, -54.766 ], [ -66.033, -54.766 ], [ -66.066, -54.766 ], [ -66.066, -54.733 ], [ -66.099, -54.733 ], [ -66.099, -54.699 ], [ -66.133, -54.699 ], [ -66.133, -54.666 ], [ -66.166, -54.666 ], [ -66.199, -54.666 ], [ -66.233, -54.666 ], [ -66.233, -54.633 ], [ -66.266, -54.633 ], [ -66.299, -54.633 ], [ -66.333, -54.633 ], [ -66.366, -54.633 ], [ -66.366, -54.599 ], [ -66.399, -54.599 ], [ -66.399, -54.566 ], [ -66.433, -54.566 ], [ -66.466, -54.566 ], [ -66.499, -54.566 ], [ -66.533, -54.566 ], [ -66.533, -54.533 ], [ -66.533, -54.499 ], [ -66.566, -54.499 ], [ -66.599, -54.499 ], [ -66.633, -54.499 ], [ -66.633, -54.466 ], [ -66.666, -54.466 ], [ -66.699, -54.466 ], [ -66.699, -54.433 ], [ -66.699, -54.399 ], [ -66.733, -54.399 ], [ -66.766, -54.399 ], [ -66.766, -54.366 ], [ -66.799, -54.366 ], [ -66.799, -54.333 ], [ -66.833, -54.333 ], [ -66.833, -54.299 ], [ -66.866, -54.299 ], [ -66.899, -54.299 ], [ -66.933, -54.299 ], [ -66.933, -54.266 ], [ -66.966, -54.266 ], [ -66.999, -54.266 ], [ -66.999, -54.233 ], [ -67.033, -54.233 ], [ -67.066, -54.233 ], [ -67.066, -54.199 ], [ -67.099, -54.199 ], [ -67.133, -54.199 ], [ -67.166, -54.199 ], [ -67.199, -54.199 ], [ -67.199, -54.233 ], [ -67.233, -54.233 ], [ -67.266, -54.233 ], [ -67.266, -54.199 ], [ -67.233, -54.199 ], [ -67.233, -54.166 ], [ -67.266, -54.166 ], [ -67.266, -54.133 ], [ -67.299, -54.133 ], [ -67.299, -54.099 ], [ -67.299, -54.066 ], [ -67.267, -54.034 ], [ -67.257, -54.037 ], [ -67.245, -54.046 ], [ -67.224, -54.058 ], [ -67.134, -54.089 ] ], [ [ -65.366, -54.699 ], [ -65.366, -54.733 ], [ -65.399, -54.733 ], [ -65.399, -54.766 ], [ -65.399, -54.799 ], [ -65.399, -54.833 ], [ -65.366, -54.833 ], [ -65.366, -54.799 ], [ -65.333, -54.799 ], [ -65.333, -54.766 ], [ -65.299, -54.766 ], [ -65.299, -54.733 ], [ -65.333, -54.733 ], [ -65.333, -54.699 ], [ -65.366, -54.699 ] ], [ [ -65.533, -54.799 ], [ -65.533, -54.766 ], [ -65.566, -54.766 ], [ -65.566, -54.733 ], [ -65.599, -54.733 ], [ -65.633, -54.733 ], [ -65.666, -54.733 ], [ -65.699, -54.733 ], [ -65.733, -54.733 ], [ -65.733, -54.766 ], [ -65.766, -54.766 ], [ -65.766, -54.733 ], [ -65.799, -54.733 ], [ -65.833, -54.733 ], [ -65.833, -54.766 ], [ -65.866, -54.766 ], [ -65.866, -54.799 ], [ -65.899, -54.799 ], [ -65.899, -54.766 ], [ -65.933, -54.766 ], [ -65.966, -54.766 ], [ -65.966, -54.799 ], [ -65.966, -54.833 ], [ -65.933, -54.833 ], [ -65.899, -54.833 ], [ -65.866, -54.833 ], [ -65.833, -54.833 ], [ -65.799, -54.833 ], [ -65.799, -54.866 ], [ -65.766, -54.866 ], [ -65.733, -54.866 ], [ -65.733, -54.899 ], [ -65.699, -54.899 ], [ -65.699, -54.933 ], [ -65.666, -54.933 ], [ -65.633, -54.933 ], [ -65.599, -54.933 ], [ -65.599, -54.899 ], [ -65.599, -54.866 ], [ -65.566, -54.866 ], [ -65.566, -54.833 ], [ -65.566, -54.799 ], [ -65.533, -54.799 ] ] ], [ [ [ -68.366, -53.766 ], [ -68.366, -53.799 ], [ -68.333, -53.799 ], [ -68.299, -53.799 ], [ -68.299, -53.833 ], [ -68.266, -53.833 ], [ -68.233, -53.833 ], [ -68.199, -53.833 ], [ -68.166, -53.833 ], [ -68.166, -53.866 ], [ -68.166, -53.899 ], [ -68.199, -53.899 ], [ -68.233, -53.899 ], [ -68.266, -53.899 ], [ -68.266, -53.933 ], [ -68.299, -53.933 ], [ -68.299, -53.966 ], [ -68.299, -53.999 ], [ -68.299, -54.033 ], [ -68.299, -54.066 ], [ -68.333, -54.066 ], [ -68.333, -54.099 ], [ -68.333, -54.133 ], [ -68.333, -54.166 ], [ -68.366, -54.166 ], [ -68.366, -54.199 ], [ -68.399, -54.199 ], [ -68.399, -54.233 ], [ -68.399, -54.266 ], [ -68.399, -54.299 ], [ -68.399, -54.333 ], [ -68.433, -54.333 ], [ -68.466, -54.333 ], [ -68.466, -54.366 ], [ -68.499, -54.366 ], [ -68.533, -54.366 ], [ -68.533, -54.399 ], [ -68.566, -54.399 ], [ -68.601, -54.399 ], [ -68.602, -54.333 ], [ -68.566, -54.333 ], [ -68.566, -54.299 ], [ -68.566, -54.266 ], [ -68.566, -54.233 ], [ -68.602, -54.233 ], [ -68.602, -53.816 ], [ -68.603, -53.766 ], [ -68.566, -53.766 ], [ -68.533, -53.766 ], [ -68.499, -53.766 ], [ -68.466, -53.766 ], [ -68.433, -53.766 ], [ -68.399, -53.766 ], [ -68.366, -53.766 ] ] ], [ [ [ -68.505, -52.712 ], [ -68.434, -52.774 ], [ -68.394, -52.812 ], [ -68.299, -52.891 ], [ -68.284, -52.907 ], [ -68.265, -52.921 ], [ -68.248, -52.939 ], [ -68.233, -52.961 ], [ -68.220, -52.992 ], [ -68.215, -53.000 ], [ -68.214, -53.010 ], [ -68.200, -53.057 ], [ -68.157, -53.134 ], [ -68.156, -53.143 ], [ -68.161, -53.155 ], [ -68.182, -53.173 ], [ -68.194, -53.178 ], [ -68.207, -53.180 ], [ -68.220, -53.180 ], [ -68.233, -53.177 ], [ -68.248, -53.170 ], [ -68.257, -53.159 ], [ -68.259, -53.146 ], [ -68.256, -53.130 ], [ -68.277, -53.095 ], [ -68.290, -53.102 ], [ -68.334, -53.122 ], [ -68.399, -53.166 ], [ -68.419, -53.173 ], [ -68.457, -53.180 ], [ -68.466, -53.185 ], [ -68.467, -53.196 ], [ -68.475, -53.218 ], [ -68.473, -53.228 ], [ -68.466, -53.233 ], [ -68.462, -53.239 ], [ -68.460, -53.245 ], [ -68.461, -53.252 ], [ -68.448, -53.258 ], [ -68.435, -53.271 ], [ -68.414, -53.272 ], [ -68.379, -53.282 ], [ -68.360, -53.283 ], [ -68.313, -53.293 ], [ -68.224, -53.280 ], [ -68.195, -53.281 ], [ -68.149, -53.292 ], [ -68.106, -53.310 ], [ -68.071, -53.338 ], [ -68.099, -53.366 ], [ -68.133, -53.366 ], [ -68.133, -53.399 ], [ -68.166, -53.399 ], [ -68.199, -53.399 ], [ -68.199, -53.366 ], [ -68.233, -53.366 ], [ -68.233, -53.399 ], [ -68.266, -53.399 ], [ -68.299, -53.399 ], [ -68.333, -53.399 ], [ -68.366, -53.399 ], [ -68.399, -53.399 ], [ -68.433, -53.399 ], [ -68.433, -53.366 ], [ -68.466, -53.366 ], [ -68.466, -53.333 ], [ -68.499, -53.333 ], [ -68.499, -53.299 ], [ -68.533, -53.299 ], [ -68.566, -53.299 ], [ -68.603, -53.299 ], [ -68.604, -53.066 ], [ -68.604, -53.006 ], [ -68.604, -52.999 ], [ -68.566, -52.999 ], [ -68.566, -52.966 ], [ -68.533, -52.966 ], [ -68.499, -52.966 ], [ -68.499, -52.933 ], [ -68.533, -52.933 ], [ -68.533, -52.899 ], [ -68.566, -52.899 ], [ -68.604, -52.899 ], [ -68.604, -52.799 ], [ -68.566, -52.799 ], [ -68.566, -52.766 ], [ -68.604, -52.766 ], [ -68.604, -52.656 ], [ -68.604, -52.655 ], [ -68.604, -52.654 ], [ -68.586, -52.628 ], [ -68.576, -52.635 ], [ -68.505, -52.712 ] ] ], [ [ [ -68.572, -52.066 ], [ -68.542, -52.097 ], [ -68.401, -52.222 ], [ -68.362, -52.261 ], [ -68.345, -52.275 ], [ -68.334, -52.289 ], [ -68.314, -52.307 ], [ -68.309, -52.316 ], [ -68.308, -52.323 ], [ -68.309, -52.339 ], [ -68.313, -52.348 ], [ -68.321, -52.355 ], [ -68.341, -52.366 ], [ -68.348, -52.372 ], [ -68.369, -52.397 ], [ -68.387, -52.410 ], [ -68.401, -52.418 ], [ -68.412, -52.422 ], [ -68.426, -52.424 ], [ -68.441, -52.424 ], [ -68.449, -52.422 ], [ -68.432, -52.397 ], [ -68.430, -52.394 ], [ -68.429, -52.394 ], [ -68.426, -52.392 ], [ -68.422, -52.389 ], [ -68.418, -52.386 ], [ -68.418, -52.367 ], [ -68.418, -52.353 ], [ -68.418, -52.332 ], [ -68.440, -52.331 ], [ -68.463, -52.331 ], [ -68.466, -52.330 ], [ -68.466, -52.299 ], [ -68.433, -52.299 ], [ -68.433, -52.266 ], [ -68.466, -52.266 ], [ -68.499, -52.266 ], [ -68.499, -52.233 ], [ -68.499, -52.199 ], [ -68.533, -52.199 ], [ -68.533, -52.166 ], [ -68.566, -52.166 ], [ -68.599, -52.166 ], [ -68.633, -52.166 ], [ -68.633, -52.133 ], [ -68.666, -52.133 ], [ -68.699, -52.133 ], [ -68.699, -52.099 ], [ -68.699, -52.066 ], [ -68.733, -52.066 ], [ -68.733, -52.033 ], [ -68.733, -51.999 ], [ -68.699, -51.999 ], [ -68.668, -51.968 ], [ -68.637, -52.002 ], [ -68.603, -52.035 ], [ -68.590, -52.051 ], [ -68.572, -52.066 ] ] ], [ [ [ -70.599, -51.666 ], [ -70.633, -51.666 ], [ -70.666, -51.666 ], [ -70.699, -51.666 ], [ -70.733, -51.666 ], [ -70.733, -51.633 ], [ -70.699, -51.633 ], [ -70.666, -51.633 ], [ -70.633, -51.633 ], [ -70.599, -51.633 ], [ -70.599, -51.666 ] ] ], [ [ [ -70.299, -51.666 ], [ -70.333, -51.666 ], [ -70.333, -51.633 ], [ -70.299, -51.633 ], [ -70.299, -51.666 ] ] ], [ [ [ -70.066, -51.466 ], [ -70.099, -51.466 ], [ -70.099, -51.433 ], [ -70.066, -51.433 ], [ -70.033, -51.433 ], [ -70.033, -51.466 ], [ -70.066, -51.466 ] ] ], [ [ [ -72.166, -51.199 ], [ -72.166, -51.233 ], [ -72.166, -51.266 ], [ -72.166, -51.299 ], [ -72.199, -51.299 ], [ -72.233, -51.299 ], [ -72.266, -51.299 ], [ -72.281, -51.285 ], [ -72.279, -51.285 ], [ -72.276, -51.284 ], [ -72.275, -51.285 ], [ -72.274, -51.284 ], [ -72.273, -51.284 ], [ -72.272, -51.284 ], [ -72.271, -51.284 ], [ -72.270, -51.284 ], [ -72.269, -51.284 ], [ -72.269, -51.283 ], [ -72.268, -51.283 ], [ -72.267, -51.283 ], [ -72.266, -51.282 ], [ -72.265, -51.282 ], [ -72.265, -51.282 ], [ -72.264, -51.280 ], [ -72.263, -51.279 ], [ -72.262, -51.278 ], [ -72.261, -51.277 ], [ -72.260, -51.276 ], [ -72.260, -51.275 ], [ -72.259, -51.273 ], [ -72.259, -51.273 ], [ -72.259, -51.272 ], [ -72.260, -51.271 ], [ -72.261, -51.271 ], [ -72.262, -51.270 ], [ -72.262, -51.269 ], [ -72.262, -51.267 ], [ -72.261, -51.266 ], [ -72.261, -51.265 ], [ -72.261, -51.264 ], [ -72.261, -51.263 ], [ -72.261, -51.262 ], [ -72.261, -51.261 ], [ -72.261, -51.260 ], [ -72.260, -51.259 ], [ -72.260, -51.258 ], [ -72.258, -51.257 ], [ -72.257, -51.256 ], [ -72.255, -51.254 ], [ -72.255, -51.252 ], [ -72.255, -51.249 ], [ -72.255, -51.249 ], [ -72.255, -51.247 ], [ -72.255, -51.245 ], [ -72.254, -51.244 ], [ -72.254, -51.242 ], [ -72.261, -51.238 ], [ -72.263, -51.237 ], [ -72.267, -51.234 ], [ -72.266, -51.233 ], [ -72.266, -51.199 ], [ -72.233, -51.199 ], [ -72.199, -51.199 ], [ -72.166, -51.199 ] ] ], [ [ [ -69.399, -51.066 ], [ -69.399, -51.099 ], [ -69.433, -51.099 ], [ -69.433, -51.066 ], [ -69.399, -51.066 ] ] ], [ [ [ -69.233, -50.833 ], [ -69.266, -50.833 ], [ -69.266, -50.799 ], [ -69.266, -50.766 ], [ -69.233, -50.766 ], [ -69.233, -50.799 ], [ -69.233, -50.833 ] ] ], [ [ [ -73.333, -50.399 ], [ -73.366, -50.399 ], [ -73.366, -50.366 ], [ -73.333, -50.366 ], [ -73.333, -50.399 ] ] ], [ [ [ -73.399, -50.366 ], [ -73.433, -50.366 ], [ -73.433, -50.333 ], [ -73.399, -50.333 ], [ -73.399, -50.366 ] ] ], [ [ [ -73.266, -50.333 ], [ -73.266, -50.366 ], [ -73.299, -50.366 ], [ -73.299, -50.333 ], [ -73.266, -50.333 ] ] ], [ [ [ -73.199, -49.866 ], [ -73.233, -49.866 ], [ -73.233, -49.833 ], [ -73.199, -49.833 ], [ -73.199, -49.866 ] ] ], [ [ [ -71.566, -49.499 ], [ -71.599, -49.499 ], [ -71.633, -49.499 ], [ -71.666, -49.499 ], [ -71.666, -49.466 ], [ -71.633, -49.466 ], [ -71.599, -49.466 ], [ -71.566, -49.466 ], [ -71.566, -49.499 ] ] ], [ [ [ -68.266, -49.299 ], [ -68.266, -49.333 ], [ -68.299, -49.333 ], [ -68.333, -49.333 ], [ -68.333, -49.299 ], [ -68.299, -49.299 ], [ -68.266, -49.299 ] ] ], [ [ [ -71.666, -49.466 ], [ -71.699, -49.466 ], [ -71.733, -49.466 ], [ -71.766, -49.466 ], [ -71.766, -49.433 ], [ -71.799, -49.433 ], [ -71.799, -49.399 ], [ -71.833, -49.399 ], [ -71.833, -49.366 ], [ -71.866, -49.366 ], [ -71.866, -49.333 ], [ -71.899, -49.333 ], [ -71.933, -49.333 ], [ -71.933, -49.299 ], [ -71.933, -49.266 ], [ -71.899, -49.266 ], [ -71.866, -49.266 ], [ -71.866, -49.299 ], [ -71.833, -49.299 ], [ -71.833, -49.333 ], [ -71.799, -49.333 ], [ -71.799, -49.366 ], [ -71.766, -49.366 ], [ -71.766, -49.399 ], [ -71.733, -49.399 ], [ -71.733, -49.433 ], [ -71.699, -49.433 ], [ -71.666, -49.433 ], [ -71.666, -49.466 ] ] ], [ [ [ -72.866, -49.033 ], [ -72.899, -49.033 ], [ -72.899, -48.999 ], [ -72.866, -48.999 ], [ -72.866, -49.033 ] ] ], [ [ [ -67.833, -48.866 ], [ -67.833, -48.899 ], [ -67.866, -48.899 ], [ -67.866, -48.866 ], [ -67.833, -48.866 ] ] ], [ [ [ -72.499, -48.733 ], [ -72.499, -48.766 ], [ -72.466, -48.766 ], [ -72.466, -48.799 ], [ -72.433, -48.799 ], [ -72.433, -48.833 ], [ -72.433, -48.866 ], [ -72.399, -48.866 ], [ -72.366, -48.866 ], [ -72.333, -48.866 ], [ -72.333, -48.899 ], [ -72.299, -48.899 ], [ -72.299, -48.933 ], [ -72.266, -48.933 ], [ -72.266, -48.966 ], [ -72.266, -48.999 ], [ -72.266, -49.033 ], [ -72.233, -49.033 ], [ -72.199, -49.033 ], [ -72.199, -49.066 ], [ -72.166, -49.066 ], [ -72.133, -49.066 ], [ -72.133, -49.099 ], [ -72.133, -49.133 ], [ -72.133, -49.166 ], [ -72.133, -49.199 ], [ -72.099, -49.199 ], [ -72.066, -49.199 ], [ -72.066, -49.233 ], [ -72.099, -49.233 ], [ -72.133, -49.233 ], [ -72.166, -49.233 ], [ -72.166, -49.199 ], [ -72.199, -49.199 ], [ -72.233, -49.199 ], [ -72.266, -49.199 ], [ -72.299, -49.199 ], [ -72.333, -49.199 ], [ -72.366, -49.199 ], [ -72.399, -49.199 ], [ -72.433, -49.199 ], [ -72.466, -49.199 ], [ -72.466, -49.166 ], [ -72.499, -49.166 ], [ -72.499, -49.133 ], [ -72.533, -49.133 ], [ -72.566, -49.133 ], [ -72.566, -49.099 ], [ -72.599, -49.099 ], [ -72.633, -49.099 ], [ -72.633, -49.066 ], [ -72.633, -49.033 ], [ -72.633, -48.999 ], [ -72.599, -48.999 ], [ -72.599, -48.966 ], [ -72.633, -48.966 ], [ -72.633, -48.933 ], [ -72.666, -48.933 ], [ -72.666, -48.899 ], [ -72.699, -48.899 ], [ -72.699, -48.933 ], [ -72.733, -48.933 ], [ -72.733, -48.903 ], [ -72.732, -48.903 ], [ -72.732, -48.903 ], [ -72.731, -48.903 ], [ -72.730, -48.903 ], [ -72.730, -48.903 ], [ -72.729, -48.903 ], [ -72.728, -48.903 ], [ -72.728, -48.903 ], [ -72.726, -48.903 ], [ -72.725, -48.903 ], [ -72.723, -48.902 ], [ -72.722, -48.902 ], [ -72.721, -48.902 ], [ -72.721, -48.902 ], [ -72.720, -48.902 ], [ -72.719, -48.902 ], [ -72.718, -48.902 ], [ -72.717, -48.902 ], [ -72.715, -48.902 ], [ -72.714, -48.902 ], [ -72.712, -48.902 ], [ -72.711, -48.902 ], [ -72.710, -48.901 ], [ -72.709, -48.901 ], [ -72.708, -48.901 ], [ -72.708, -48.901 ], [ -72.708, -48.901 ], [ -72.707, -48.901 ], [ -72.707, -48.901 ], [ -72.706, -48.901 ], [ -72.706, -48.901 ], [ -72.705, -48.901 ], [ -72.704, -48.901 ], [ -72.704, -48.900 ], [ -72.704, -48.900 ], [ -72.703, -48.900 ], [ -72.703, -48.899 ], [ -72.702, -48.899 ], [ -72.701, -48.898 ], [ -72.701, -48.898 ], [ -72.701, -48.898 ], [ -72.700, -48.897 ], [ -72.700, -48.897 ], [ -72.700, -48.897 ], [ -72.700, -48.896 ], [ -72.700, -48.896 ], [ -72.700, -48.896 ], [ -72.700, -48.895 ], [ -72.700, -48.895 ], [ -72.700, -48.895 ], [ -72.700, -48.895 ], [ -72.699, -48.895 ], [ -72.699, -48.894 ], [ -72.698, -48.894 ], [ -72.698, -48.895 ], [ -72.696, -48.894 ], [ -72.695, -48.894 ], [ -72.693, -48.894 ], [ -72.692, -48.894 ], [ -72.692, -48.893 ], [ -72.688, -48.864 ], [ -72.678, -48.863 ], [ -72.666, -48.864 ], [ -72.659, -48.864 ], [ -72.654, -48.865 ], [ -72.639, -48.865 ], [ -72.634, -48.864 ], [ -72.630, -48.861 ], [ -72.626, -48.858 ], [ -72.622, -48.855 ], [ -72.619, -48.852 ], [ -72.616, -48.850 ], [ -72.612, -48.848 ], [ -72.610, -48.845 ], [ -72.607, -48.843 ], [ -72.604, -48.840 ], [ -72.600, -48.837 ], [ -72.597, -48.835 ], [ -72.593, -48.833 ], [ -72.592, -48.832 ], [ -72.588, -48.830 ], [ -72.585, -48.829 ], [ -72.582, -48.828 ], [ -72.579, -48.827 ], [ -72.576, -48.826 ], [ -72.573, -48.825 ], [ -72.571, -48.826 ], [ -72.569, -48.825 ], [ -72.566, -48.825 ], [ -72.565, -48.824 ], [ -72.563, -48.824 ], [ -72.563, -48.823 ], [ -72.560, -48.822 ], [ -72.557, -48.820 ], [ -72.553, -48.817 ], [ -72.551, -48.816 ], [ -72.550, -48.815 ], [ -72.549, -48.815 ], [ -72.548, -48.814 ], [ -72.547, -48.813 ], [ -72.546, -48.813 ], [ -72.542, -48.809 ], [ -72.540, -48.807 ], [ -72.537, -48.804 ], [ -72.536, -48.803 ], [ -72.533, -48.801 ], [ -72.532, -48.800 ], [ -72.531, -48.800 ], [ -72.531, -48.799 ], [ -72.530, -48.798 ], [ -72.529, -48.797 ], [ -72.529, -48.796 ], [ -72.528, -48.794 ], [ -72.528, -48.792 ], [ -72.528, -48.791 ], [ -72.528, -48.790 ], [ -72.528, -48.787 ], [ -72.528, -48.786 ], [ -72.528, -48.784 ], [ -72.528, -48.784 ], [ -72.528, -48.783 ], [ -72.527, -48.782 ], [ -72.527, -48.782 ], [ -72.527, -48.780 ], [ -72.527, -48.780 ], [ -72.527, -48.779 ], [ -72.527, -48.777 ], [ -72.527, -48.775 ], [ -72.528, -48.774 ], [ -72.528, -48.773 ], [ -72.528, -48.772 ], [ -72.528, -48.771 ], [ -72.529, -48.769 ], [ -72.530, -48.769 ], [ -72.530, -48.768 ], [ -72.530, -48.768 ], [ -72.530, -48.767 ], [ -72.531, -48.766 ], [ -72.531, -48.766 ], [ -72.532, -48.765 ], [ -72.532, -48.765 ], [ -72.532, -48.764 ], [ -72.532, -48.764 ], [ -72.532, -48.763 ], [ -72.533, -48.761 ], [ -72.533, -48.761 ], [ -72.534, -48.760 ], [ -72.535, -48.759 ], [ -72.535, -48.758 ], [ -72.535, -48.757 ], [ -72.534, -48.756 ], [ -72.533, -48.755 ], [ -72.533, -48.754 ], [ -72.533, -48.754 ], [ -72.534, -48.753 ], [ -72.534, -48.753 ], [ -72.535, -48.752 ], [ -72.535, -48.752 ], [ -72.536, -48.750 ], [ -72.536, -48.749 ], [ -72.536, -48.747 ], [ -72.537, -48.746 ], [ -72.539, -48.744 ], [ -72.540, -48.739 ], [ -72.540, -48.736 ], [ -72.540, -48.734 ], [ -72.540, -48.733 ], [ -72.499, -48.733 ] ], [ [ -72.366, -48.966 ], [ -72.366, -48.999 ], [ -72.399, -48.999 ], [ -72.399, -49.033 ], [ -72.366, -49.033 ], [ -72.333, -49.033 ], [ -72.333, -48.999 ], [ -72.333, -48.966 ], [ -72.366, -48.966 ] ], [ [ -72.499, -48.999 ], [ -72.499, -48.966 ], [ -72.533, -48.966 ], [ -72.533, -48.999 ], [ -72.566, -48.999 ], [ -72.566, -49.033 ], [ -72.566, -49.066 ], [ -72.533, -49.066 ], [ -72.499, -49.066 ], [ -72.499, -49.033 ], [ -72.499, -48.999 ] ] ], [ [ [ -71.133, -48.733 ], [ -71.133, -48.766 ], [ -71.099, -48.766 ], [ -71.099, -48.799 ], [ -71.066, -48.799 ], [ -71.066, -48.833 ], [ -71.033, -48.833 ], [ -71.033, -48.866 ], [ -71.066, -48.866 ], [ -71.066, -48.899 ], [ -71.066, -48.933 ], [ -71.099, -48.933 ], [ -71.099, -48.966 ], [ -71.133, -48.966 ], [ -71.133, -48.999 ], [ -71.166, -48.999 ], [ -71.199, -48.999 ], [ -71.199, -49.033 ], [ -71.233, -49.033 ], [ -71.266, -49.033 ], [ -71.266, -49.066 ], [ -71.299, -49.066 ], [ -71.333, -49.066 ], [ -71.366, -49.066 ], [ -71.366, -49.033 ], [ -71.399, -49.033 ], [ -71.399, -48.999 ], [ -71.399, -48.966 ], [ -71.399, -48.933 ], [ -71.433, -48.933 ], [ -71.433, -48.899 ], [ -71.433, -48.866 ], [ -71.399, -48.866 ], [ -71.399, -48.833 ], [ -71.399, -48.799 ], [ -71.366, -48.799 ], [ -71.366, -48.766 ], [ -71.333, -48.766 ], [ -71.333, -48.799 ], [ -71.299, -48.799 ], [ -71.266, -48.799 ], [ -71.233, -48.799 ], [ -71.233, -48.766 ], [ -71.199, -48.766 ], [ -71.199, -48.733 ], [ -71.166, -48.733 ], [ -71.133, -48.733 ] ] ], [ [ [ -72.499, -48.699 ], [ -72.535, -48.699 ], [ -72.535, -48.699 ], [ -72.535, -48.698 ], [ -72.535, -48.697 ], [ -72.535, -48.696 ], [ -72.535, -48.696 ], [ -72.535, -48.695 ], [ -72.535, -48.693 ], [ -72.535, -48.692 ], [ -72.535, -48.691 ], [ -72.535, -48.691 ], [ -72.535, -48.690 ], [ -72.535, -48.689 ], [ -72.536, -48.687 ], [ -72.536, -48.686 ], [ -72.537, -48.684 ], [ -72.537, -48.683 ], [ -72.538, -48.681 ], [ -72.538, -48.680 ], [ -72.538, -48.678 ], [ -72.538, -48.677 ], [ -72.537, -48.676 ], [ -72.536, -48.675 ], [ -72.535, -48.674 ], [ -72.535, -48.673 ], [ -72.534, -48.671 ], [ -72.534, -48.670 ], [ -72.534, -48.670 ], [ -72.533, -48.669 ], [ -72.533, -48.667 ], [ -72.534, -48.666 ], [ -72.534, -48.666 ], [ -72.535, -48.665 ], [ -72.536, -48.664 ], [ -72.537, -48.663 ], [ -72.537, -48.662 ], [ -72.538, -48.660 ], [ -72.538, -48.659 ], [ -72.539, -48.658 ], [ -72.540, -48.656 ], [ -72.540, -48.654 ], [ -72.540, -48.652 ], [ -72.540, -48.651 ], [ -72.541, -48.648 ], [ -72.541, -48.647 ], [ -72.541, -48.645 ], [ -72.541, -48.644 ], [ -72.540, -48.643 ], [ -72.540, -48.643 ], [ -72.540, -48.641 ], [ -72.540, -48.640 ], [ -72.540, -48.637 ], [ -72.540, -48.635 ], [ -72.540, -48.633 ], [ -72.540, -48.633 ], [ -72.499, -48.633 ], [ -72.499, -48.666 ], [ -72.499, -48.699 ] ] ], [ [ [ -72.533, -48.599 ], [ -72.548, -48.615 ], [ -72.548, -48.613 ], [ -72.548, -48.611 ], [ -72.547, -48.610 ], [ -72.547, -48.609 ], [ -72.547, -48.608 ], [ -72.548, -48.608 ], [ -72.548, -48.607 ], [ -72.549, -48.606 ], [ -72.550, -48.604 ], [ -72.550, -48.603 ], [ -72.551, -48.602 ], [ -72.552, -48.601 ], [ -72.552, -48.600 ], [ -72.553, -48.599 ], [ -72.554, -48.598 ], [ -72.554, -48.597 ], [ -72.555, -48.596 ], [ -72.556, -48.594 ], [ -72.557, -48.594 ], [ -72.557, -48.592 ], [ -72.558, -48.590 ], [ -72.559, -48.588 ], [ -72.560, -48.587 ], [ -72.561, -48.585 ], [ -72.562, -48.584 ], [ -72.562, -48.583 ], [ -72.562, -48.581 ], [ -72.562, -48.579 ], [ -72.563, -48.577 ], [ -72.562, -48.575 ], [ -72.562, -48.573 ], [ -72.562, -48.572 ], [ -72.561, -48.570 ], [ -72.559, -48.569 ], [ -72.557, -48.566 ], [ -72.557, -48.565 ], [ -72.557, -48.564 ], [ -72.556, -48.563 ], [ -72.557, -48.561 ], [ -72.557, -48.560 ], [ -72.559, -48.556 ], [ -72.560, -48.553 ], [ -72.562, -48.550 ], [ -72.562, -48.548 ], [ -72.563, -48.547 ], [ -72.563, -48.546 ], [ -72.563, -48.544 ], [ -72.563, -48.544 ], [ -72.563, -48.541 ], [ -72.564, -48.540 ], [ -72.564, -48.539 ], [ -72.565, -48.538 ], [ -72.566, -48.537 ], [ -72.566, -48.537 ], [ -72.566, -48.536 ], [ -72.566, -48.534 ], [ -72.566, -48.533 ], [ -72.533, -48.533 ], [ -72.533, -48.566 ], [ -72.533, -48.599 ] ] ], [ [ [ -66.933, -48.566 ], [ -66.966, -48.566 ], [ -66.966, -48.533 ], [ -66.933, -48.533 ], [ -66.933, -48.499 ], [ -66.933, -48.466 ], [ -66.933, -48.433 ], [ -66.899, -48.433 ], [ -66.866, -48.433 ], [ -66.833, -48.433 ], [ -66.799, -48.433 ], [ -66.799, -48.466 ], [ -66.799, -48.499 ], [ -66.833, -48.499 ], [ -66.833, -48.533 ], [ -66.866, -48.533 ], [ -66.866, -48.566 ], [ -66.899, -48.566 ], [ -66.933, -48.566 ] ] ], [ [ [ -72.305, -48.194 ], [ -72.299, -48.199 ], [ -72.266, -48.199 ], [ -72.266, -48.233 ], [ -72.233, -48.233 ], [ -72.233, -48.266 ], [ -72.199, -48.266 ], [ -72.199, -48.299 ], [ -72.199, -48.333 ], [ -72.199, -48.366 ], [ -72.199, -48.399 ], [ -72.233, -48.399 ], [ -72.266, -48.399 ], [ -72.266, -48.366 ], [ -72.272, -48.360 ], [ -72.271, -48.359 ], [ -72.269, -48.358 ], [ -72.266, -48.356 ], [ -72.265, -48.356 ], [ -72.264, -48.355 ], [ -72.263, -48.354 ], [ -72.263, -48.353 ], [ -72.263, -48.353 ], [ -72.262, -48.353 ], [ -72.260, -48.353 ], [ -72.260, -48.353 ], [ -72.259, -48.353 ], [ -72.258, -48.352 ], [ -72.257, -48.352 ], [ -72.254, -48.352 ], [ -72.252, -48.351 ], [ -72.250, -48.350 ], [ -72.249, -48.349 ], [ -72.247, -48.349 ], [ -72.245, -48.349 ], [ -72.244, -48.349 ], [ -72.243, -48.350 ], [ -72.241, -48.349 ], [ -72.240, -48.349 ], [ -72.239, -48.348 ], [ -72.239, -48.348 ], [ -72.239, -48.347 ], [ -72.240, -48.347 ], [ -72.240, -48.346 ], [ -72.239, -48.345 ], [ -72.239, -48.344 ], [ -72.239, -48.342 ], [ -72.239, -48.340 ], [ -72.239, -48.339 ], [ -72.238, -48.338 ], [ -72.237, -48.337 ], [ -72.236, -48.336 ], [ -72.236, -48.334 ], [ -72.236, -48.333 ], [ -72.236, -48.332 ], [ -72.236, -48.332 ], [ -72.237, -48.331 ], [ -72.237, -48.330 ], [ -72.237, -48.330 ], [ -72.237, -48.330 ], [ -72.236, -48.329 ], [ -72.235, -48.328 ], [ -72.235, -48.327 ], [ -72.235, -48.327 ], [ -72.234, -48.326 ], [ -72.233, -48.325 ], [ -72.232, -48.325 ], [ -72.231, -48.325 ], [ -72.229, -48.324 ], [ -72.227, -48.324 ], [ -72.226, -48.323 ], [ -72.225, -48.322 ], [ -72.225, -48.321 ], [ -72.226, -48.319 ], [ -72.226, -48.318 ], [ -72.228, -48.318 ], [ -72.229, -48.317 ], [ -72.231, -48.316 ], [ -72.233, -48.316 ], [ -72.234, -48.315 ], [ -72.235, -48.314 ], [ -72.236, -48.313 ], [ -72.236, -48.312 ], [ -72.239, -48.309 ], [ -72.239, -48.309 ], [ -72.239, -48.308 ], [ -72.240, -48.306 ], [ -72.240, -48.305 ], [ -72.241, -48.304 ], [ -72.240, -48.303 ], [ -72.240, -48.302 ], [ -72.241, -48.302 ], [ -72.242, -48.301 ], [ -72.243, -48.300 ], [ -72.244, -48.300 ], [ -72.245, -48.300 ], [ -72.246, -48.301 ], [ -72.247, -48.301 ], [ -72.249, -48.302 ], [ -72.251, -48.302 ], [ -72.251, -48.301 ], [ -72.252, -48.300 ], [ -72.252, -48.299 ], [ -72.252, -48.298 ], [ -72.252, -48.298 ], [ -72.253, -48.297 ], [ -72.255, -48.295 ], [ -72.256, -48.295 ], [ -72.256, -48.295 ], [ -72.256, -48.294 ], [ -72.257, -48.294 ], [ -72.257, -48.293 ], [ -72.256, -48.293 ], [ -72.254, -48.292 ], [ -72.254, -48.291 ], [ -72.254, -48.291 ], [ -72.254, -48.290 ], [ -72.254, -48.290 ], [ -72.256, -48.286 ], [ -72.257, -48.286 ], [ -72.257, -48.285 ], [ -72.258, -48.285 ], [ -72.260, -48.283 ], [ -72.261, -48.283 ], [ -72.261, -48.283 ], [ -72.261, -48.282 ], [ -72.262, -48.281 ], [ -72.262, -48.281 ], [ -72.263, -48.280 ], [ -72.263, -48.279 ], [ -72.264, -48.279 ], [ -72.264, -48.278 ], [ -72.265, -48.278 ], [ -72.267, -48.277 ], [ -72.268, -48.276 ], [ -72.268, -48.275 ], [ -72.269, -48.275 ], [ -72.272, -48.273 ], [ -72.276, -48.271 ], [ -72.277, -48.271 ], [ -72.278, -48.270 ], [ -72.279, -48.270 ], [ -72.280, -48.269 ], [ -72.284, -48.266 ], [ -72.285, -48.265 ], [ -72.285, -48.264 ], [ -72.286, -48.264 ], [ -72.286, -48.263 ], [ -72.287, -48.261 ], [ -72.287, -48.261 ], [ -72.287, -48.260 ], [ -72.288, -48.259 ], [ -72.288, -48.258 ], [ -72.288, -48.257 ], [ -72.288, -48.257 ], [ -72.289, -48.256 ], [ -72.289, -48.256 ], [ -72.290, -48.255 ], [ -72.291, -48.255 ], [ -72.291, -48.255 ], [ -72.292, -48.255 ], [ -72.292, -48.255 ], [ -72.293, -48.254 ], [ -72.293, -48.254 ], [ -72.294, -48.253 ], [ -72.294, -48.253 ], [ -72.294, -48.252 ], [ -72.294, -48.252 ], [ -72.294, -48.251 ], [ -72.294, -48.251 ], [ -72.295, -48.251 ], [ -72.296, -48.250 ], [ -72.297, -48.249 ], [ -72.298, -48.249 ], [ -72.298, -48.248 ], [ -72.299, -48.248 ], [ -72.299, -48.248 ], [ -72.300, -48.248 ], [ -72.302, -48.248 ], [ -72.302, -48.249 ], [ -72.303, -48.249 ], [ -72.303, -48.249 ], [ -72.304, -48.249 ], [ -72.304, -48.249 ], [ -72.304, -48.248 ], [ -72.305, -48.248 ], [ -72.305, -48.247 ], [ -72.305, -48.247 ], [ -72.305, -48.245 ], [ -72.305, -48.244 ], [ -72.306, -48.243 ], [ -72.306, -48.243 ], [ -72.306, -48.242 ], [ -72.307, -48.242 ], [ -72.309, -48.240 ], [ -72.313, -48.237 ], [ -72.313, -48.237 ], [ -72.314, -48.236 ], [ -72.314, -48.236 ], [ -72.315, -48.235 ], [ -72.315, -48.235 ], [ -72.316, -48.234 ], [ -72.316, -48.234 ], [ -72.316, -48.233 ], [ -72.316, -48.232 ], [ -72.317, -48.231 ], [ -72.317, -48.230 ], [ -72.318, -48.229 ], [ -72.318, -48.229 ], [ -72.319, -48.228 ], [ -72.318, -48.228 ], [ -72.318, -48.226 ], [ -72.318, -48.225 ], [ -72.319, -48.225 ], [ -72.319, -48.224 ], [ -72.319, -48.224 ], [ -72.319, -48.224 ], [ -72.320, -48.224 ], [ -72.320, -48.224 ], [ -72.320, -48.223 ], [ -72.321, -48.221 ], [ -72.321, -48.221 ], [ -72.321, -48.220 ], [ -72.322, -48.219 ], [ -72.322, -48.218 ], [ -72.322, -48.218 ], [ -72.322, -48.217 ], [ -72.322, -48.217 ], [ -72.323, -48.217 ], [ -72.324, -48.216 ], [ -72.323, -48.215 ], [ -72.322, -48.215 ], [ -72.321, -48.214 ], [ -72.320, -48.213 ], [ -72.318, -48.212 ], [ -72.317, -48.211 ], [ -72.316, -48.210 ], [ -72.316, -48.210 ], [ -72.315, -48.209 ], [ -72.314, -48.209 ], [ -72.314, -48.209 ], [ -72.313, -48.209 ], [ -72.313, -48.208 ], [ -72.313, -48.208 ], [ -72.312, -48.208 ], [ -72.311, -48.207 ], [ -72.310, -48.207 ], [ -72.310, -48.207 ], [ -72.310, -48.207 ], [ -72.310, -48.207 ], [ -72.309, -48.207 ], [ -72.309, -48.207 ], [ -72.309, -48.207 ], [ -72.308, -48.206 ], [ -72.308, -48.206 ], [ -72.308, -48.206 ], [ -72.308, -48.206 ], [ -72.308, -48.205 ], [ -72.307, -48.204 ], [ -72.307, -48.203 ], [ -72.306, -48.203 ], [ -72.306, -48.202 ], [ -72.306, -48.201 ], [ -72.306, -48.201 ], [ -72.305, -48.201 ], [ -72.305, -48.200 ], [ -72.305, -48.200 ], [ -72.305, -48.199 ], [ -72.305, -48.198 ], [ -72.305, -48.197 ], [ -72.305, -48.196 ], [ -72.305, -48.196 ], [ -72.305, -48.195 ], [ -72.305, -48.195 ], [ -72.305, -48.195 ], [ -72.305, -48.194 ], [ -72.305, -48.194 ] ] ], [ [ [ -68.666, -47.766 ], [ -68.699, -47.766 ], [ -68.699, -47.733 ], [ -68.666, -47.733 ], [ -68.666, -47.766 ] ] ], [ [ [ -66.666, -47.599 ], [ -66.633, -47.599 ], [ -66.633, -47.633 ], [ -66.666, -47.633 ], [ -66.666, -47.599 ] ] ], [ [ [ -66.566, -47.666 ], [ -66.599, -47.666 ], [ -66.599, -47.633 ], [ -66.599, -47.599 ], [ -66.566, -47.599 ], [ -66.533, -47.599 ], [ -66.533, -47.633 ], [ -66.566, -47.633 ], [ -66.566, -47.666 ] ] ], [ [ [ -71.899, -47.533 ], [ -71.866, -47.533 ], [ -71.866, -47.566 ], [ -71.899, -47.566 ], [ -71.899, -47.533 ] ] ], [ [ [ -71.899, -47.533 ], [ -71.933, -47.533 ], [ -71.966, -47.533 ], [ -71.966, -47.499 ], [ -71.966, -47.466 ], [ -71.966, -47.433 ], [ -71.933, -47.433 ], [ -71.933, -47.466 ], [ -71.933, -47.499 ], [ -71.899, -47.499 ], [ -71.899, -47.533 ] ] ], [ [ [ -71.966, -47.433 ], [ -71.999, -47.433 ], [ -71.999, -47.399 ], [ -71.966, -47.399 ], [ -71.966, -47.433 ] ] ], [ [ [ -71.999, -47.366 ], [ -72.033, -47.366 ], [ -72.033, -47.333 ], [ -71.999, -47.333 ], [ -71.999, -47.366 ] ] ], [ [ [ -70.799, -47.233 ], [ -70.799, -47.199 ], [ -70.766, -47.199 ], [ -70.766, -47.233 ], [ -70.799, -47.233 ] ] ], [ [ [ -70.799, -47.233 ], [ -70.799, -47.266 ], [ -70.833, -47.266 ], [ -70.866, -47.266 ], [ -70.866, -47.299 ], [ -70.899, -47.299 ], [ -70.899, -47.333 ], [ -70.899, -47.366 ], [ -70.933, -47.366 ], [ -70.966, -47.366 ], [ -70.999, -47.366 ], [ -71.033, -47.366 ], [ -71.066, -47.366 ], [ -71.066, -47.399 ], [ -71.099, -47.399 ], [ -71.133, -47.399 ], [ -71.166, -47.399 ], [ -71.199, -47.399 ], [ -71.199, -47.433 ], [ -71.233, -47.433 ], [ -71.266, -47.433 ], [ -71.299, -47.433 ], [ -71.333, -47.433 ], [ -71.366, -47.433 ], [ -71.366, -47.466 ], [ -71.399, -47.466 ], [ -71.433, -47.466 ], [ -71.433, -47.499 ], [ -71.466, -47.499 ], [ -71.466, -47.533 ], [ -71.499, -47.533 ], [ -71.499, -47.566 ], [ -71.533, -47.566 ], [ -71.566, -47.566 ], [ -71.599, -47.566 ], [ -71.599, -47.599 ], [ -71.633, -47.599 ], [ -71.666, -47.599 ], [ -71.666, -47.566 ], [ -71.699, -47.566 ], [ -71.699, -47.599 ], [ -71.699, -47.633 ], [ -71.733, -47.633 ], [ -71.766, -47.633 ], [ -71.799, -47.633 ], [ -71.799, -47.599 ], [ -71.833, -47.599 ], [ -71.833, -47.566 ], [ -71.799, -47.566 ], [ -71.766, -47.566 ], [ -71.733, -47.566 ], [ -71.733, -47.533 ], [ -71.733, -47.499 ], [ -71.766, -47.499 ], [ -71.766, -47.466 ], [ -71.799, -47.466 ], [ -71.799, -47.433 ], [ -71.833, -47.433 ], [ -71.833, -47.399 ], [ -71.866, -47.399 ], [ -71.866, -47.366 ], [ -71.866, -47.333 ], [ -71.899, -47.333 ], [ -71.899, -47.299 ], [ -71.933, -47.299 ], [ -71.933, -47.266 ], [ -71.966, -47.266 ], [ -71.966, -47.233 ], [ -71.933, -47.233 ], [ -71.920, -47.220 ], [ -71.917, -47.221 ], [ -71.913, -47.223 ], [ -71.906, -47.224 ], [ -71.904, -47.225 ], [ -71.903, -47.227 ], [ -71.902, -47.229 ], [ -71.900, -47.230 ], [ -71.899, -47.230 ], [ -71.899, -47.266 ], [ -71.866, -47.266 ], [ -71.866, -47.299 ], [ -71.833, -47.299 ], [ -71.833, -47.266 ], [ -71.833, -47.233 ], [ -71.799, -47.233 ], [ -71.799, -47.199 ], [ -71.833, -47.199 ], [ -71.833, -47.166 ], [ -71.799, -47.166 ], [ -71.766, -47.166 ], [ -71.766, -47.199 ], [ -71.733, -47.199 ], [ -71.699, -47.199 ], [ -71.666, -47.199 ], [ -71.633, -47.199 ], [ -71.599, -47.199 ], [ -71.566, -47.199 ], [ -71.533, -47.199 ], [ -71.533, -47.233 ], [ -71.499, -47.233 ], [ -71.499, -47.266 ], [ -71.466, -47.266 ], [ -71.433, -47.266 ], [ -71.433, -47.299 ], [ -71.399, -47.299 ], [ -71.366, -47.299 ], [ -71.366, -47.333 ], [ -71.333, -47.333 ], [ -71.299, -47.333 ], [ -71.299, -47.299 ], [ -71.266, -47.299 ], [ -71.233, -47.299 ], [ -71.199, -47.299 ], [ -71.199, -47.266 ], [ -71.166, -47.266 ], [ -71.133, -47.266 ], [ -71.133, -47.299 ], [ -71.099, -47.299 ], [ -71.066, -47.299 ], [ -71.033, -47.299 ], [ -70.999, -47.299 ], [ -70.999, -47.266 ], [ -70.966, -47.266 ], [ -70.933, -47.266 ], [ -70.933, -47.233 ], [ -70.899, -47.233 ], [ -70.866, -47.233 ], [ -70.833, -47.233 ], [ -70.799, -47.233 ] ] ], [ [ [ -71.699, -47.333 ], [ -71.699, -47.366 ], [ -71.666, -47.366 ], [ -71.666, -47.333 ], [ -71.699, -47.333 ] ] ], [ [ [ -70.499, -47.166 ], [ -70.533, -47.166 ], [ -70.533, -47.133 ], [ -70.499, -47.133 ], [ -70.499, -47.166 ] ] ], [ [ [ -71.833, -47.166 ], [ -71.856, -47.166 ], [ -71.855, -47.166 ], [ -71.851, -47.164 ], [ -71.850, -47.162 ], [ -71.853, -47.160 ], [ -71.854, -47.158 ], [ -71.855, -47.156 ], [ -71.858, -47.152 ], [ -71.860, -47.147 ], [ -71.861, -47.145 ], [ -71.858, -47.140 ], [ -71.861, -47.137 ], [ -71.861, -47.134 ], [ -71.863, -47.126 ], [ -71.866, -47.121 ], [ -71.876, -47.114 ], [ -71.877, -47.111 ], [ -71.866, -47.099 ], [ -71.833, -47.099 ], [ -71.833, -47.133 ], [ -71.833, -47.166 ] ] ], [ [ [ -68.699, -47.066 ], [ -68.699, -47.099 ], [ -68.733, -47.099 ], [ -68.733, -47.066 ], [ -68.699, -47.066 ] ] ], [ [ [ -71.866, -46.833 ], [ -71.833, -46.833 ], [ -71.833, -46.866 ], [ -71.866, -46.866 ], [ -71.866, -46.833 ] ] ], [ [ [ -70.466, -46.833 ], [ -70.499, -46.833 ], [ -70.499, -46.799 ], [ -70.466, -46.799 ], [ -70.466, -46.833 ] ] ], [ [ [ -71.866, -46.833 ], [ -71.899, -46.833 ], [ -71.933, -46.833 ], [ -71.936, -46.836 ], [ -71.937, -46.832 ], [ -71.941, -46.830 ], [ -71.944, -46.826 ], [ -71.950, -46.824 ], [ -71.952, -46.820 ], [ -71.952, -46.819 ], [ -71.954, -46.818 ], [ -71.956, -46.816 ], [ -71.934, -46.804 ], [ -71.928, -46.804 ], [ -71.918, -46.801 ], [ -71.910, -46.799 ], [ -71.904, -46.799 ], [ -71.895, -46.800 ], [ -71.890, -46.798 ], [ -71.877, -46.801 ], [ -71.866, -46.803 ], [ -71.866, -46.833 ] ] ], [ [ [ -71.833, -46.833 ], [ -71.833, -46.796 ], [ -71.832, -46.796 ], [ -71.823, -46.790 ], [ -71.821, -46.788 ], [ -71.814, -46.785 ], [ -71.799, -46.799 ], [ -71.799, -46.833 ], [ -71.833, -46.833 ] ] ], [ [ [ -70.433, -46.733 ], [ -70.433, -46.766 ], [ -70.466, -46.766 ], [ -70.466, -46.733 ], [ -70.433, -46.733 ] ] ], [ [ [ -70.433, -46.733 ], [ -70.433, -46.699 ], [ -70.399, -46.699 ], [ -70.399, -46.733 ], [ -70.433, -46.733 ] ] ], [ [ [ -71.599, -46.699 ], [ -71.599, -46.733 ], [ -71.633, -46.733 ], [ -71.666, -46.733 ], [ -71.699, -46.733 ], [ -71.714, -46.718 ], [ -71.706, -46.713 ], [ -71.703, -46.713 ], [ -71.697, -46.710 ], [ -71.691, -46.706 ], [ -71.689, -46.700 ], [ -71.682, -46.698 ], [ -71.677, -46.696 ], [ -71.666, -46.695 ], [ -71.663, -46.692 ], [ -71.653, -46.690 ], [ -71.647, -46.686 ], [ -71.633, -46.699 ], [ -71.599, -46.699 ] ] ], [ [ [ -71.599, -46.699 ], [ -71.599, -46.666 ], [ -71.566, -46.666 ], [ -71.533, -46.666 ], [ -71.533, -46.699 ], [ -71.566, -46.699 ], [ -71.599, -46.699 ] ] ], [ [ [ -71.699, -46.266 ], [ -71.699, -46.299 ], [ -71.732, -46.299 ], [ -71.732, -46.299 ], [ -71.730, -46.297 ], [ -71.727, -46.296 ], [ -71.725, -46.293 ], [ -71.725, -46.291 ], [ -71.724, -46.289 ], [ -71.724, -46.287 ], [ -71.723, -46.285 ], [ -71.723, -46.283 ], [ -71.724, -46.281 ], [ -71.726, -46.280 ], [ -71.727, -46.279 ], [ -71.726, -46.277 ], [ -71.726, -46.275 ], [ -71.726, -46.274 ], [ -71.733, -46.266 ], [ -71.734, -46.266 ], [ -71.699, -46.266 ] ] ], [ [ [ -68.166, -46.299 ], [ -68.199, -46.299 ], [ -68.199, -46.266 ], [ -68.166, -46.266 ], [ -68.166, -46.299 ] ] ], [ [ [ -67.833, -46.233 ], [ -67.833, -46.266 ], [ -67.833, -46.299 ], [ -67.866, -46.299 ], [ -67.866, -46.266 ], [ -67.899, -46.266 ], [ -67.933, -46.266 ], [ -67.933, -46.233 ], [ -67.899, -46.233 ], [ -67.866, -46.233 ], [ -67.833, -46.233 ] ] ], [ [ [ -71.699, -46.266 ], [ -71.699, -46.233 ], [ -71.666, -46.233 ], [ -71.666, -46.199 ], [ -71.633, -46.199 ], [ -71.599, -46.199 ], [ -71.566, -46.199 ], [ -71.566, -46.233 ], [ -71.533, -46.233 ], [ -71.499, -46.233 ], [ -71.466, -46.233 ], [ -71.466, -46.266 ], [ -71.466, -46.299 ], [ -71.433, -46.299 ], [ -71.433, -46.333 ], [ -71.399, -46.333 ], [ -71.366, -46.333 ], [ -71.366, -46.366 ], [ -71.333, -46.366 ], [ -71.299, -46.366 ], [ -71.266, -46.366 ], [ -71.266, -46.399 ], [ -71.233, -46.399 ], [ -71.199, -46.399 ], [ -71.199, -46.433 ], [ -71.166, -46.433 ], [ -71.166, -46.466 ], [ -71.166, -46.499 ], [ -71.133, -46.499 ], [ -71.133, -46.533 ], [ -71.099, -46.533 ], [ -71.099, -46.566 ], [ -71.099, -46.599 ], [ -71.133, -46.599 ], [ -71.133, -46.633 ], [ -71.166, -46.633 ], [ -71.166, -46.666 ], [ -71.199, -46.666 ], [ -71.233, -46.666 ], [ -71.266, -46.666 ], [ -71.299, -46.666 ], [ -71.299, -46.699 ], [ -71.333, -46.699 ], [ -71.366, -46.699 ], [ -71.399, -46.699 ], [ -71.433, -46.699 ], [ -71.466, -46.699 ], [ -71.499, -46.699 ], [ -71.499, -46.666 ], [ -71.499, -46.633 ], [ -71.466, -46.633 ], [ -71.466, -46.666 ], [ -71.433, -46.666 ], [ -71.399, -46.666 ], [ -71.366, -46.666 ], [ -71.366, -46.633 ], [ -71.333, -46.633 ], [ -71.333, -46.599 ], [ -71.333, -46.566 ], [ -71.333, -46.533 ], [ -71.333, -46.499 ], [ -71.333, -46.466 ], [ -71.333, -46.433 ], [ -71.366, -46.433 ], [ -71.366, -46.399 ], [ -71.399, -46.399 ], [ -71.399, -46.366 ], [ -71.433, -46.366 ], [ -71.466, -46.366 ], [ -71.466, -46.333 ], [ -71.499, -46.333 ], [ -71.533, -46.333 ], [ -71.533, -46.299 ], [ -71.566, -46.299 ], [ -71.566, -46.266 ], [ -71.599, -46.266 ], [ -71.633, -46.266 ], [ -71.666, -46.266 ], [ -71.699, -46.266 ] ] ], [ [ [ -69.899, -46.066 ], [ -69.866, -46.066 ], [ -69.866, -46.099 ], [ -69.899, -46.099 ], [ -69.899, -46.066 ] ] ], [ [ [ -69.899, -46.066 ], [ -69.933, -46.066 ], [ -69.933, -46.033 ], [ -69.899, -46.033 ], [ -69.899, -46.066 ] ] ], [ [ [ -70.099, -45.666 ], [ -70.133, -45.666 ], [ -70.133, -45.633 ], [ -70.099, -45.633 ], [ -70.099, -45.666 ] ] ], [ [ [ -67.833, -46.233 ], [ -67.833, -46.199 ], [ -67.833, -46.166 ], [ -67.866, -46.166 ], [ -67.899, -46.166 ], [ -67.933, -46.166 ], [ -67.933, -46.133 ], [ -67.966, -46.133 ], [ -67.966, -46.099 ], [ -67.999, -46.099 ], [ -67.999, -46.133 ], [ -68.033, -46.133 ], [ -68.066, -46.133 ], [ -68.099, -46.133 ], [ -68.133, -46.133 ], [ -68.166, -46.133 ], [ -68.166, -46.166 ], [ -68.133, -46.166 ], [ -68.133, -46.199 ], [ -68.166, -46.199 ], [ -68.199, -46.199 ], [ -68.233, -46.199 ], [ -68.233, -46.233 ], [ -68.266, -46.233 ], [ -68.299, -46.233 ], [ -68.299, -46.199 ], [ -68.333, -46.199 ], [ -68.333, -46.233 ], [ -68.366, -46.233 ], [ -68.366, -46.266 ], [ -68.366, -46.299 ], [ -68.366, -46.333 ], [ -68.399, -46.333 ], [ -68.433, -46.333 ], [ -68.433, -46.366 ], [ -68.466, -46.366 ], [ -68.466, -46.399 ], [ -68.466, -46.433 ], [ -68.466, -46.466 ], [ -68.433, -46.466 ], [ -68.399, -46.466 ], [ -68.399, -46.433 ], [ -68.366, -46.433 ], [ -68.333, -46.433 ], [ -68.299, -46.433 ], [ -68.266, -46.433 ], [ -68.233, -46.433 ], [ -68.199, -46.433 ], [ -68.166, -46.433 ], [ -68.133, -46.433 ], [ -68.099, -46.433 ], [ -68.066, -46.433 ], [ -68.066, -46.399 ], [ -68.033, -46.399 ], [ -67.999, -46.399 ], [ -67.966, -46.399 ], [ -67.933, -46.399 ], [ -67.899, -46.399 ], [ -67.866, -46.399 ], [ -67.833, -46.399 ], [ -67.799, -46.399 ], [ -67.766, -46.399 ], [ -67.733, -46.399 ], [ -67.699, -46.399 ], [ -67.666, -46.399 ], [ -67.666, -46.433 ], [ -67.633, -46.433 ], [ -67.633, -46.466 ], [ -67.633, -46.499 ], [ -67.599, -46.499 ], [ -67.599, -46.533 ], [ -67.599, -46.566 ], [ -67.566, -46.566 ], [ -67.533, -46.566 ], [ -67.499, -46.566 ], [ -67.466, -46.566 ], [ -67.466, -46.599 ], [ -67.499, -46.599 ], [ -67.499, -46.633 ], [ -67.499, -46.666 ], [ -67.466, -46.666 ], [ -67.433, -46.666 ], [ -67.399, -46.666 ], [ -67.366, -46.666 ], [ -67.366, -46.699 ], [ -67.399, -46.699 ], [ -67.399, -46.733 ], [ -67.366, -46.733 ], [ -67.333, -46.733 ], [ -67.299, -46.733 ], [ -67.266, -46.733 ], [ -67.233, -46.733 ], [ -67.199, -46.733 ], [ -67.199, -46.766 ], [ -67.199, -46.799 ], [ -67.166, -46.799 ], [ -67.133, -46.799 ], [ -67.099, -46.799 ], [ -67.099, -46.833 ], [ -67.066, -46.833 ], [ -67.033, -46.833 ], [ -66.999, -46.833 ], [ -66.999, -46.866 ], [ -66.966, -46.866 ], [ -66.933, -46.866 ], [ -66.933, -46.899 ], [ -66.966, -46.899 ], [ -66.966, -46.933 ], [ -66.933, -46.933 ], [ -66.899, -46.933 ], [ -66.899, -46.966 ], [ -66.899, -46.999 ], [ -66.899, -47.033 ], [ -66.899, -47.066 ], [ -66.866, -47.066 ], [ -66.866, -47.099 ], [ -66.833, -47.099 ], [ -66.799, -47.099 ], [ -66.766, -47.099 ], [ -66.766, -47.133 ], [ -66.733, -47.133 ], [ -66.699, -47.133 ], [ -66.699, -47.099 ], [ -66.666, -47.099 ], [ -66.666, -47.133 ], [ -66.633, -47.133 ], [ -66.599, -47.133 ], [ -66.599, -47.099 ], [ -66.566, -47.099 ], [ -66.566, -47.066 ], [ -66.533, -47.066 ], [ -66.499, -47.066 ], [ -66.466, -47.066 ], [ -66.433, -47.066 ], [ -66.433, -47.099 ], [ -66.466, -47.099 ], [ -66.499, -47.099 ], [ -66.533, -47.099 ], [ -66.533, -47.133 ], [ -66.566, -47.133 ], [ -66.566, -47.166 ], [ -66.533, -47.166 ], [ -66.533, -47.199 ], [ -66.533, -47.233 ], [ -66.566, -47.233 ], [ -66.566, -47.266 ], [ -66.599, -47.266 ], [ -66.599, -47.233 ], [ -66.633, -47.233 ], [ -66.633, -47.266 ], [ -66.633, -47.299 ], [ -66.633, -47.333 ], [ -66.666, -47.333 ], [ -66.699, -47.333 ], [ -66.699, -47.366 ], [ -66.666, -47.366 ], [ -66.666, -47.399 ], [ -66.633, -47.399 ], [ -66.633, -47.433 ], [ -66.666, -47.433 ], [ -66.699, -47.433 ], [ -66.699, -47.466 ], [ -66.733, -47.466 ], [ -66.766, -47.466 ], [ -66.766, -47.499 ], [ -66.799, -47.499 ], [ -66.799, -47.533 ], [ -66.766, -47.533 ], [ -66.733, -47.533 ], [ -66.733, -47.566 ], [ -66.699, -47.566 ], [ -66.666, -47.566 ], [ -66.666, -47.599 ], [ -66.699, -47.599 ], [ -66.733, -47.599 ], [ -66.766, -47.599 ], [ -66.799, -47.599 ], [ -66.833, -47.599 ], [ -66.833, -47.633 ], [ -66.866, -47.633 ], [ -66.899, -47.633 ], [ -66.933, -47.633 ], [ -66.966, -47.633 ], [ -66.966, -47.599 ], [ -66.999, -47.599 ], [ -66.999, -47.566 ], [ -67.033, -47.566 ], [ -67.033, -47.533 ], [ -67.066, -47.533 ], [ -67.066, -47.499 ], [ -67.033, -47.499 ], [ -67.033, -47.466 ], [ -67.033, -47.433 ], [ -67.033, -47.399 ], [ -67.033, -47.366 ], [ -67.066, -47.366 ], [ -67.066, -47.333 ], [ -67.066, -47.299 ], [ -67.099, -47.299 ], [ -67.133, -47.299 ], [ -67.133, -47.266 ], [ -67.166, -47.266 ], [ -67.166, -47.233 ], [ -67.166, -47.199 ], [ -67.199, -47.199 ], [ -67.199, -47.166 ], [ -67.233, -47.166 ], [ -67.266, -47.166 ], [ -67.266, -47.133 ], [ -67.266, -47.099 ], [ -67.299, -47.099 ], [ -67.333, -47.099 ], [ -67.366, -47.099 ], [ -67.366, -47.066 ], [ -67.399, -47.066 ], [ -67.433, -47.066 ], [ -67.466, -47.066 ], [ -67.499, -47.066 ], [ -67.533, -47.066 ], [ -67.566, -47.066 ], [ -67.599, -47.066 ], [ -67.599, -47.099 ], [ -67.633, -47.099 ], [ -67.633, -47.066 ], [ -67.666, -47.066 ], [ -67.699, -47.066 ], [ -67.733, -47.066 ], [ -67.766, -47.066 ], [ -67.799, -47.066 ], [ -67.799, -47.033 ], [ -67.833, -47.033 ], [ -67.866, -47.033 ], [ -67.899, -47.033 ], [ -67.933, -47.033 ], [ -67.933, -46.999 ], [ -67.966, -46.999 ], [ -67.999, -46.999 ], [ -68.033, -46.999 ], [ -68.066, -46.999 ], [ -68.066, -47.033 ], [ -68.033, -47.033 ], [ -67.999, -47.033 ], [ -67.999, -47.066 ], [ -67.966, -47.066 ], [ -67.933, -47.066 ], [ -67.899, -47.066 ], [ -67.866, -47.066 ], [ -67.866, -47.099 ], [ -67.833, -47.099 ], [ -67.799, -47.099 ], [ -67.766, -47.099 ], [ -67.733, -47.099 ], [ -67.699, -47.099 ], [ -67.666, -47.099 ], [ -67.633, -47.099 ], [ -67.633, -47.133 ], [ -67.599, -47.133 ], [ -67.566, -47.133 ], [ -67.533, -47.133 ], [ -67.499, -47.133 ], [ -67.466, -47.133 ], [ -67.433, -47.133 ], [ -67.399, -47.133 ], [ -67.366, -47.133 ], [ -67.366, -47.166 ], [ -67.333, -47.166 ], [ -67.333, -47.199 ], [ -67.299, -47.199 ], [ -67.266, -47.199 ], [ -67.266, -47.233 ], [ -67.233, -47.233 ], [ -67.233, -47.266 ], [ -67.233, -47.299 ], [ -67.199, -47.299 ], [ -67.199, -47.333 ], [ -67.199, -47.366 ], [ -67.166, -47.366 ], [ -67.133, -47.366 ], [ -67.133, -47.399 ], [ -67.099, -47.399 ], [ -67.066, -47.399 ], [ -67.066, -47.433 ], [ -67.066, -47.466 ], [ -67.099, -47.466 ], [ -67.099, -47.499 ], [ -67.099, -47.533 ], [ -67.099, -47.566 ], [ -67.099, -47.599 ], [ -67.066, -47.599 ], [ -67.066, -47.633 ], [ -67.033, -47.633 ], [ -67.033, -47.666 ], [ -66.999, -47.666 ], [ -66.966, -47.666 ], [ -66.966, -47.699 ], [ -66.933, -47.699 ], [ -66.899, -47.699 ], [ -66.866, -47.699 ], [ -66.833, -47.699 ], [ -66.833, -47.733 ], [ -66.833, -47.766 ], [ -66.833, -47.799 ], [ -66.833, -47.833 ], [ -66.866, -47.833 ], [ -66.866, -47.866 ], [ -66.833, -47.866 ], [ -66.833, -47.833 ], [ -66.799, -47.833 ], [ -66.766, -47.833 ], [ -66.733, -47.833 ], [ -66.733, -47.866 ], [ -66.766, -47.866 ], [ -66.766, -47.899 ], [ -66.799, -47.899 ], [ -66.799, -47.933 ], [ -66.766, -47.933 ], [ -66.766, -47.966 ], [ -66.733, -47.966 ], [ -66.733, -47.933 ], [ -66.733, -47.899 ], [ -66.699, -47.899 ], [ -66.666, -47.899 ], [ -66.633, -47.899 ], [ -66.599, -47.899 ], [ -66.566, -47.899 ], [ -66.566, -47.933 ], [ -66.566, -47.966 ], [ -66.566, -47.999 ], [ -66.599, -47.999 ], [ -66.599, -48.033 ], [ -66.633, -48.033 ], [ -66.633, -47.999 ], [ -66.666, -47.999 ], [ -66.666, -48.033 ], [ -66.699, -48.033 ], [ -66.733, -48.033 ], [ -66.733, -48.066 ], [ -66.699, -48.066 ], [ -66.699, -48.099 ], [ -66.666, -48.099 ], [ -66.666, -48.133 ], [ -66.699, -48.133 ], [ -66.699, -48.166 ], [ -66.699, -48.199 ], [ -66.733, -48.199 ], [ -66.733, -48.233 ], [ -66.733, -48.266 ], [ -66.766, -48.266 ], [ -66.766, -48.233 ], [ -66.799, -48.233 ], [ -66.799, -48.199 ], [ -66.833, -48.199 ], [ -66.866, -48.199 ], [ -66.866, -48.233 ], [ -66.899, -48.233 ], [ -66.899, -48.266 ], [ -66.866, -48.266 ], [ -66.866, -48.299 ], [ -66.866, -48.333 ], [ -66.899, -48.333 ], [ -66.899, -48.366 ], [ -66.933, -48.366 ], [ -66.966, -48.366 ], [ -66.966, -48.399 ], [ -66.966, -48.433 ], [ -66.999, -48.433 ], [ -67.033, -48.433 ], [ -67.033, -48.466 ], [ -67.066, -48.466 ], [ -67.099, -48.466 ], [ -67.099, -48.499 ], [ -67.099, -48.533 ], [ -67.133, -48.533 ], [ -67.133, -48.566 ], [ -67.099, -48.566 ], [ -67.066, -48.566 ], [ -67.066, -48.599 ], [ -67.033, -48.599 ], [ -67.033, -48.633 ], [ -67.066, -48.633 ], [ -67.066, -48.666 ], [ -67.099, -48.666 ], [ -67.099, -48.699 ], [ -67.116, -48.716 ], [ -67.116, -48.733 ], [ -67.116, -48.762 ], [ -67.120, -48.767 ], [ -67.137, -48.777 ], [ -67.150, -48.786 ], [ -67.149, -48.795 ], [ -67.152, -48.804 ], [ -67.151, -48.814 ], [ -67.153, -48.822 ], [ -67.160, -48.830 ], [ -67.175, -48.840 ], [ -67.180, -48.848 ], [ -67.190, -48.857 ], [ -67.206, -48.865 ], [ -67.214, -48.871 ], [ -67.225, -48.877 ], [ -67.237, -48.880 ], [ -67.257, -48.882 ], [ -67.294, -48.892 ], [ -67.336, -48.908 ], [ -67.388, -48.934 ], [ -67.449, -48.971 ], [ -67.453, -48.975 ], [ -67.459, -48.984 ], [ -67.496, -49.016 ], [ -67.512, -49.026 ], [ -67.520, -49.032 ], [ -67.536, -49.052 ], [ -67.540, -49.060 ], [ -67.542, -49.073 ], [ -67.562, -49.117 ], [ -67.570, -49.125 ], [ -67.586, -49.133 ], [ -67.590, -49.137 ], [ -67.579, -49.144 ], [ -67.573, -49.153 ], [ -67.572, -49.165 ], [ -67.568, -49.175 ], [ -67.570, -49.188 ], [ -67.586, -49.207 ], [ -67.617, -49.222 ], [ -67.604, -49.222 ], [ -67.591, -49.226 ], [ -67.582, -49.231 ], [ -67.575, -49.238 ], [ -67.569, -49.252 ], [ -67.567, -49.260 ], [ -67.561, -49.271 ], [ -67.561, -49.298 ], [ -67.568, -49.314 ], [ -67.581, -49.334 ], [ -67.588, -49.357 ], [ -67.594, -49.368 ], [ -67.625, -49.411 ], [ -67.627, -49.425 ], [ -67.632, -49.442 ], [ -67.639, -49.460 ], [ -67.646, -49.485 ], [ -67.646, -49.500 ], [ -67.648, -49.511 ], [ -67.655, -49.530 ], [ -67.661, -49.563 ], [ -67.664, -49.590 ], [ -67.663, -49.603 ], [ -67.667, -49.622 ], [ -67.672, -49.634 ], [ -67.676, -49.640 ], [ -67.674, -49.654 ], [ -67.678, -49.669 ], [ -67.674, -49.679 ], [ -67.673, -49.701 ], [ -67.678, -49.723 ], [ -67.678, -49.739 ], [ -67.688, -49.781 ], [ -67.715, -49.834 ], [ -67.731, -49.855 ], [ -67.744, -49.877 ], [ -67.749, -49.891 ], [ -67.755, -49.900 ], [ -67.784, -49.938 ], [ -67.792, -49.946 ], [ -67.801, -49.960 ], [ -67.819, -49.978 ], [ -67.886, -50.024 ], [ -67.928, -50.044 ], [ -67.939, -50.052 ], [ -67.962, -50.066 ], [ -68.018, -50.092 ], [ -68.041, -50.101 ], [ -68.075, -50.111 ], [ -68.133, -50.131 ], [ -68.183, -50.142 ], [ -68.236, -50.147 ], [ -68.268, -50.146 ], [ -68.312, -50.149 ], [ -68.317, -50.167 ], [ -68.328, -50.180 ], [ -68.361, -50.199 ], [ -68.380, -50.208 ], [ -68.436, -50.223 ], [ -68.449, -50.228 ], [ -68.501, -50.241 ], [ -68.513, -50.246 ], [ -68.606, -50.271 ], [ -68.623, -50.277 ], [ -68.631, -50.283 ], [ -68.641, -50.287 ], [ -68.659, -50.289 ], [ -68.696, -50.298 ], [ -68.705, -50.304 ], [ -68.718, -50.308 ], [ -68.737, -50.312 ], [ -68.754, -50.313 ], [ -68.764, -50.317 ], [ -68.773, -50.325 ], [ -68.785, -50.331 ], [ -68.802, -50.337 ], [ -68.832, -50.344 ], [ -68.833, -50.351 ], [ -68.837, -50.357 ], [ -68.838, -50.367 ], [ -68.844, -50.376 ], [ -68.852, -50.381 ], [ -68.861, -50.385 ], [ -68.882, -50.387 ], [ -68.885, -50.394 ], [ -68.889, -50.399 ], [ -68.912, -50.414 ], [ -68.942, -50.442 ], [ -68.968, -50.482 ], [ -68.996, -50.508 ], [ -69.003, -50.534 ], [ -69.030, -50.564 ], [ -69.032, -50.570 ], [ -69.036, -50.576 ], [ -69.038, -50.593 ], [ -69.052, -50.632 ], [ -69.069, -50.666 ], [ -69.082, -50.681 ], [ -69.086, -50.705 ], [ -69.098, -50.730 ], [ -69.099, -50.742 ], [ -69.088, -50.798 ], [ -69.085, -50.863 ], [ -69.086, -50.880 ], [ -69.089, -50.902 ], [ -69.094, -50.909 ], [ -69.108, -50.923 ], [ -69.131, -50.940 ], [ -69.147, -50.946 ], [ -69.147, -50.954 ], [ -69.134, -50.961 ], [ -69.129, -50.966 ], [ -69.133, -50.966 ], [ -69.199, -50.966 ], [ -69.199, -50.999 ], [ -69.233, -50.999 ], [ -69.266, -50.999 ], [ -69.266, -51.033 ], [ -69.299, -51.033 ], [ -69.333, -51.033 ], [ -69.366, -51.033 ], [ -69.366, -51.066 ], [ -69.399, -51.066 ], [ -69.399, -51.033 ], [ -69.399, -50.999 ], [ -69.366, -50.999 ], [ -69.366, -50.966 ], [ -69.366, -50.933 ], [ -69.333, -50.933 ], [ -69.299, -50.933 ], [ -69.266, -50.933 ], [ -69.233, -50.933 ], [ -69.199, -50.933 ], [ -69.199, -50.899 ], [ -69.199, -50.866 ], [ -69.166, -50.866 ], [ -69.166, -50.833 ], [ -69.166, -50.799 ], [ -69.166, -50.766 ], [ -69.199, -50.766 ], [ -69.199, -50.733 ], [ -69.233, -50.733 ], [ -69.266, -50.733 ], [ -69.266, -50.699 ], [ -69.299, -50.699 ], [ -69.333, -50.699 ], [ -69.333, -50.666 ], [ -69.299, -50.666 ], [ -69.266, -50.666 ], [ -69.266, -50.633 ], [ -69.233, -50.633 ], [ -69.199, -50.633 ], [ -69.199, -50.599 ], [ -69.233, -50.599 ], [ -69.233, -50.566 ], [ -69.199, -50.566 ], [ -69.166, -50.566 ], [ -69.166, -50.533 ], [ -69.133, -50.533 ], [ -69.133, -50.499 ], [ -69.099, -50.499 ], [ -69.066, -50.499 ], [ -69.066, -50.466 ], [ -69.099, -50.466 ], [ -69.099, -50.433 ], [ -69.066, -50.433 ], [ -69.066, -50.399 ], [ -69.066, -50.366 ], [ -69.033, -50.366 ], [ -69.033, -50.333 ], [ -68.999, -50.333 ], [ -68.966, -50.333 ], [ -68.966, -50.299 ], [ -68.933, -50.299 ], [ -68.899, -50.299 ], [ -68.899, -50.266 ], [ -68.866, -50.266 ], [ -68.833, -50.266 ], [ -68.799, -50.266 ], [ -68.766, -50.266 ], [ -68.766, -50.233 ], [ -68.799, -50.233 ], [ -68.799, -50.199 ], [ -68.833, -50.199 ], [ -68.866, -50.199 ], [ -68.899, -50.199 ], [ -68.933, -50.199 ], [ -68.966, -50.199 ], [ -68.999, -50.199 ], [ -68.999, -50.166 ], [ -69.033, -50.166 ], [ -69.033, -50.199 ], [ -69.066, -50.199 ], [ -69.099, -50.199 ], [ -69.133, -50.199 ], [ -69.166, -50.199 ], [ -69.199, -50.199 ], [ -69.199, -50.233 ], [ -69.233, -50.233 ], [ -69.233, -50.199 ], [ -69.266, -50.199 ], [ -69.299, -50.199 ], [ -69.299, -50.233 ], [ -69.333, -50.233 ], [ -69.333, -50.199 ], [ -69.366, -50.199 ], [ -69.399, -50.199 ], [ -69.433, -50.199 ], [ -69.466, -50.199 ], [ -69.499, -50.199 ], [ -69.533, -50.199 ], [ -69.566, -50.199 ], [ -69.599, -50.199 ], [ -69.633, -50.199 ], [ -69.666, -50.199 ], [ -69.666, -50.233 ], [ -69.699, -50.233 ], [ -69.699, -50.266 ], [ -69.733, -50.266 ], [ -69.766, -50.266 ], [ -69.799, -50.266 ], [ -69.833, -50.266 ], [ -69.866, -50.266 ], [ -69.866, -50.299 ], [ -69.899, -50.299 ], [ -69.933, -50.299 ], [ -69.933, -50.266 ], [ -69.966, -50.266 ], [ -69.966, -50.233 ], [ -69.999, -50.233 ], [ -69.999, -50.266 ], [ -70.033, -50.266 ], [ -70.066, -50.266 ], [ -70.099, -50.266 ], [ -70.133, -50.266 ], [ -70.133, -50.299 ], [ -70.166, -50.299 ], [ -70.199, -50.299 ], [ -70.233, -50.299 ], [ -70.266, -50.299 ], [ -70.299, -50.299 ], [ -70.333, -50.299 ], [ -70.333, -50.266 ], [ -70.366, -50.266 ], [ -70.399, -50.266 ], [ -70.433, -50.266 ], [ -70.466, -50.266 ], [ -70.499, -50.266 ], [ -70.533, -50.266 ], [ -70.566, -50.266 ], [ -70.599, -50.266 ], [ -70.633, -50.266 ], [ -70.666, -50.266 ], [ -70.699, -50.266 ], [ -70.733, -50.266 ], [ -70.766, -50.266 ], [ -70.766, -50.233 ], [ -70.799, -50.233 ], [ -70.833, -50.233 ], [ -70.866, -50.233 ], [ -70.866, -50.266 ], [ -70.866, -50.299 ], [ -70.899, -50.299 ], [ -70.933, -50.299 ], [ -70.966, -50.299 ], [ -70.999, -50.299 ], [ -71.033, -50.299 ], [ -71.033, -50.333 ], [ -71.066, -50.333 ], [ -71.099, -50.333 ], [ -71.099, -50.299 ], [ -71.133, -50.299 ], [ -71.166, -50.299 ], [ -71.199, -50.299 ], [ -71.233, -50.299 ], [ -71.266, -50.299 ], [ -71.299, -50.299 ], [ -71.333, -50.299 ], [ -71.366, -50.299 ], [ -71.366, -50.333 ], [ -71.333, -50.333 ], [ -71.299, -50.333 ], [ -71.266, -50.333 ], [ -71.266, -50.366 ], [ -71.233, -50.366 ], [ -71.199, -50.366 ], [ -71.199, -50.399 ], [ -71.166, -50.399 ], [ -71.133, -50.399 ], [ -71.133, -50.433 ], [ -71.099, -50.433 ], [ -71.066, -50.433 ], [ -71.066, -50.466 ], [ -71.066, -50.499 ], [ -71.066, -50.533 ], [ -71.033, -50.533 ], [ -71.033, -50.566 ], [ -71.033, -50.599 ], [ -71.033, -50.633 ], [ -71.066, -50.633 ], [ -71.099, -50.633 ], [ -71.133, -50.633 ], [ -71.166, -50.633 ], [ -71.166, -50.666 ], [ -71.133, -50.666 ], [ -71.133, -50.699 ], [ -71.099, -50.699 ], [ -71.099, -50.733 ], [ -71.066, -50.733 ], [ -71.066, -50.766 ], [ -71.033, -50.766 ], [ -71.033, -50.799 ], [ -70.999, -50.799 ], [ -70.999, -50.833 ], [ -70.999, -50.866 ], [ -70.999, -50.899 ], [ -70.966, -50.899 ], [ -70.966, -50.933 ], [ -70.933, -50.933 ], [ -70.899, -50.933 ], [ -70.866, -50.933 ], [ -70.833, -50.933 ], [ -70.799, -50.933 ], [ -70.766, -50.933 ], [ -70.733, -50.933 ], [ -70.733, -50.966 ], [ -70.699, -50.966 ], [ -70.666, -50.966 ], [ -70.633, -50.966 ], [ -70.633, -50.999 ], [ -70.599, -50.999 ], [ -70.566, -50.999 ], [ -70.533, -50.999 ], [ -70.533, -51.033 ], [ -70.499, -51.033 ], [ -70.499, -51.066 ], [ -70.466, -51.066 ], [ -70.466, -51.099 ], [ -70.466, -51.133 ], [ -70.433, -51.133 ], [ -70.433, -51.166 ], [ -70.399, -51.166 ], [ -70.399, -51.199 ], [ -70.366, -51.199 ], [ -70.366, -51.233 ], [ -70.366, -51.266 ], [ -70.333, -51.266 ], [ -70.333, -51.233 ], [ -70.299, -51.233 ], [ -70.299, -51.266 ], [ -70.299, -51.299 ], [ -70.266, -51.299 ], [ -70.266, -51.333 ], [ -70.233, -51.333 ], [ -70.233, -51.366 ], [ -70.199, -51.366 ], [ -70.199, -51.399 ], [ -70.166, -51.399 ], [ -70.133, -51.399 ], [ -70.133, -51.433 ], [ -70.166, -51.433 ], [ -70.199, -51.433 ], [ -70.233, -51.433 ], [ -70.266, -51.433 ], [ -70.266, -51.466 ], [ -70.299, -51.466 ], [ -70.299, -51.499 ], [ -70.333, -51.499 ], [ -70.366, -51.499 ], [ -70.399, -51.499 ], [ -70.433, -51.499 ], [ -70.433, -51.533 ], [ -70.466, -51.533 ], [ -70.499, -51.533 ], [ -70.533, -51.533 ], [ -70.533, -51.566 ], [ -70.566, -51.566 ], [ -70.599, -51.566 ], [ -70.633, -51.566 ], [ -70.666, -51.566 ], [ -70.699, -51.566 ], [ -70.733, -51.566 ], [ -70.733, -51.599 ], [ -70.766, -51.599 ], [ -70.799, -51.599 ], [ -70.799, -51.633 ], [ -70.833, -51.633 ], [ -70.833, -51.599 ], [ -70.833, -51.566 ], [ -70.833, -51.533 ], [ -70.833, -51.499 ], [ -70.866, -51.499 ], [ -70.866, -51.533 ], [ -70.899, -51.533 ], [ -70.899, -51.499 ], [ -70.899, -51.466 ], [ -70.933, -51.466 ], [ -70.933, -51.499 ], [ -70.966, -51.499 ], [ -70.999, -51.499 ], [ -70.999, -51.533 ], [ -70.999, -51.566 ], [ -70.999, -51.599 ], [ -71.033, -51.599 ], [ -71.033, -51.633 ], [ -70.999, -51.633 ], [ -70.999, -51.666 ], [ -71.033, -51.666 ], [ -71.033, -51.699 ], [ -71.033, -51.733 ], [ -70.999, -51.733 ], [ -70.966, -51.733 ], [ -70.933, -51.733 ], [ -70.899, -51.733 ], [ -70.866, -51.733 ], [ -70.866, -51.766 ], [ -70.833, -51.766 ], [ -70.833, -51.799 ], [ -70.799, -51.799 ], [ -70.766, -51.799 ], [ -70.733, -51.799 ], [ -70.733, -51.766 ], [ -70.733, -51.733 ], [ -70.699, -51.733 ], [ -70.666, -51.733 ], [ -70.666, -51.766 ], [ -70.633, -51.766 ], [ -70.633, -51.799 ], [ -70.666, -51.799 ], [ -70.666, -51.833 ], [ -70.633, -51.833 ], [ -70.599, -51.833 ], [ -70.599, -51.799 ], [ -70.566, -51.799 ], [ -70.533, -51.799 ], [ -70.533, -51.766 ], [ -70.533, -51.733 ], [ -70.566, -51.733 ], [ -70.566, -51.699 ], [ -70.599, -51.699 ], [ -70.599, -51.666 ], [ -70.566, -51.666 ], [ -70.566, -51.633 ], [ -70.533, -51.633 ], [ -70.499, -51.633 ], [ -70.466, -51.633 ], [ -70.433, -51.633 ], [ -70.399, -51.633 ], [ -70.399, -51.666 ], [ -70.433, -51.666 ], [ -70.433, -51.699 ], [ -70.399, -51.699 ], [ -70.366, -51.699 ], [ -70.333, -51.699 ], [ -70.299, -51.699 ], [ -70.266, -51.699 ], [ -70.233, -51.699 ], [ -70.233, -51.666 ], [ -70.199, -51.666 ], [ -70.166, -51.666 ], [ -70.133, -51.666 ], [ -70.099, -51.666 ], [ -70.066, -51.666 ], [ -70.066, -51.633 ], [ -70.033, -51.633 ], [ -69.999, -51.633 ], [ -69.999, -51.666 ], [ -69.966, -51.666 ], [ -69.933, -51.666 ], [ -69.899, -51.666 ], [ -69.899, -51.699 ], [ -69.933, -51.699 ], [ -69.933, -51.733 ], [ -69.966, -51.733 ], [ -69.999, -51.733 ], [ -70.033, -51.733 ], [ -70.066, -51.733 ], [ -70.099, -51.733 ], [ -70.133, -51.733 ], [ -70.166, -51.733 ], [ -70.166, -51.766 ], [ -70.166, -51.799 ], [ -70.199, -51.799 ], [ -70.199, -51.833 ], [ -70.233, -51.833 ], [ -70.266, -51.833 ], [ -70.266, -51.866 ], [ -70.299, -51.866 ], [ -70.333, -51.866 ], [ -70.333, -51.899 ], [ -70.366, -51.899 ], [ -70.399, -51.899 ], [ -70.399, -51.933 ], [ -70.366, -51.933 ], [ -70.366, -51.966 ], [ -70.366, -52.000 ], [ -70.433, -52.001 ], [ -70.433, -51.966 ], [ -70.466, -51.966 ], [ -70.466, -52.001 ], [ -70.666, -52.001 ], [ -70.666, -51.966 ], [ -70.666, -51.933 ], [ -70.633, -51.933 ], [ -70.633, -51.899 ], [ -70.666, -51.899 ], [ -70.666, -51.866 ], [ -70.699, -51.866 ], [ -70.699, -51.899 ], [ -70.733, -51.899 ], [ -70.733, -51.866 ], [ -70.766, -51.866 ], [ -70.799, -51.866 ], [ -70.799, -51.899 ], [ -70.833, -51.899 ], [ -70.833, -51.933 ], [ -70.866, -51.933 ], [ -70.899, -51.933 ], [ -70.933, -51.933 ], [ -70.933, -51.966 ], [ -70.966, -51.966 ], [ -70.999, -51.966 ], [ -70.999, -52.001 ], [ -71.198, -52.000 ], [ -71.438, -52.000 ], [ -71.470, -52.000 ], [ -71.693, -52.000 ], [ -71.918, -52.0 ], [ -71.924, -51.991 ], [ -71.931, -51.988 ], [ -71.936, -51.985 ], [ -71.941, -51.981 ], [ -71.947, -51.978 ], [ -71.951, -51.973 ], [ -71.956, -51.970 ], [ -71.959, -51.965 ], [ -71.962, -51.960 ], [ -71.963, -51.954 ], [ -71.962, -51.947 ], [ -71.959, -51.941 ], [ -71.956, -51.937 ], [ -71.952, -51.932 ], [ -71.948, -51.927 ], [ -71.944, -51.923 ], [ -71.942, -51.917 ], [ -71.940, -51.911 ], [ -71.94, -51.905 ], [ -71.939, -51.898 ], [ -71.94, -51.892 ], [ -71.940, -51.886 ], [ -71.942, -51.881 ], [ -71.944, -51.875 ], [ -71.946, -51.870 ], [ -71.95, -51.865 ], [ -71.952, -51.860 ], [ -71.956, -51.856 ], [ -71.962, -51.852 ], [ -71.966, -51.848 ], [ -71.971, -51.845 ], [ -71.978, -51.841 ], [ -71.983, -51.838 ], [ -71.989, -51.835 ], [ -71.996, -51.832 ], [ -72.001, -51.828 ], [ -72.005, -51.824 ], [ -72.011, -51.820 ], [ -72.015, -51.816 ], [ -72.020, -51.813 ], [ -72.025, -51.809 ], [ -72.030, -51.805 ], [ -72.036, -51.802 ], [ -72.041, -51.798 ], [ -72.045, -51.794 ], [ -72.050, -51.790 ], [ -72.055, -51.786 ], [ -72.061, -51.783 ], [ -72.066, -51.779 ], [ -72.070, -51.782 ], [ -72.071, -51.782 ], [ -72.072, -51.782 ], [ -72.073, -51.781 ], [ -72.074, -51.781 ], [ -72.074, -51.781 ], [ -72.074, -51.780 ], [ -72.074, -51.780 ], [ -72.074, -51.780 ], [ -72.074, -51.779 ], [ -72.074, -51.779 ], [ -72.073, -51.778 ], [ -72.072, -51.777 ], [ -72.071, -51.777 ], [ -72.071, -51.776 ], [ -72.071, -51.776 ], [ -72.071, -51.775 ], [ -72.071, -51.775 ], [ -72.071, -51.775 ], [ -72.071, -51.774 ], [ -72.071, -51.772 ], [ -72.071, -51.772 ], [ -72.072, -51.772 ], [ -72.072, -51.772 ], [ -72.072, -51.771 ], [ -72.073, -51.771 ], [ -72.073, -51.771 ], [ -72.073, -51.771 ], [ -72.074, -51.771 ], [ -72.077, -51.771 ], [ -72.079, -51.770 ], [ -72.081, -51.770 ], [ -72.083, -51.770 ], [ -72.086, -51.770 ], [ -72.088, -51.770 ], [ -72.090, -51.770 ], [ -72.092, -51.770 ], [ -72.093, -51.770 ], [ -72.094, -51.770 ], [ -72.095, -51.769 ], [ -72.096, -51.769 ], [ -72.097, -51.769 ], [ -72.098, -51.769 ], [ -72.099, -51.769 ], [ -72.099, -51.770 ], [ -72.100, -51.770 ], [ -72.100, -51.769 ], [ -72.101, -51.769 ], [ -72.101, -51.769 ], [ -72.103, -51.768 ], [ -72.105, -51.768 ], [ -72.106, -51.767 ], [ -72.109, -51.766 ], [ -72.110, -51.765 ], [ -72.111, -51.763 ], [ -72.112, -51.762 ], [ -72.113, -51.759 ], [ -72.113, -51.756 ], [ -72.114, -51.755 ], [ -72.114, -51.754 ], [ -72.114, -51.754 ], [ -72.114, -51.754 ], [ -72.114, -51.753 ], [ -72.114, -51.753 ], [ -72.115, -51.753 ], [ -72.115, -51.752 ], [ -72.115, -51.752 ], [ -72.115, -51.752 ], [ -72.116, -51.751 ], [ -72.116, -51.751 ], [ -72.117, -51.751 ], [ -72.119, -51.751 ], [ -72.119, -51.750 ], [ -72.120, -51.750 ], [ -72.120, -51.750 ], [ -72.120, -51.749 ], [ -72.120, -51.749 ], [ -72.120, -51.749 ], [ -72.121, -51.748 ], [ -72.121, -51.748 ], [ -72.121, -51.747 ], [ -72.120, -51.747 ], [ -72.120, -51.747 ], [ -72.120, -51.747 ], [ -72.119, -51.745 ], [ -72.118, -51.744 ], [ -72.117, -51.744 ], [ -72.117, -51.743 ], [ -72.117, -51.743 ], [ -72.117, -51.743 ], [ -72.118, -51.742 ], [ -72.118, -51.742 ], [ -72.118, -51.742 ], [ -72.120, -51.742 ], [ -72.123, -51.742 ], [ -72.127, -51.741 ], [ -72.128, -51.741 ], [ -72.129, -51.742 ], [ -72.131, -51.742 ], [ -72.133, -51.742 ], [ -72.134, -51.743 ], [ -72.135, -51.743 ], [ -72.135, -51.744 ], [ -72.135, -51.744 ], [ -72.136, -51.744 ], [ -72.136, -51.744 ], [ -72.137, -51.744 ], [ -72.137, -51.744 ], [ -72.137, -51.744 ], [ -72.138, -51.744 ], [ -72.139, -51.744 ], [ -72.141, -51.744 ], [ -72.142, -51.743 ], [ -72.143, -51.743 ], [ -72.144, -51.743 ], [ -72.145, -51.744 ], [ -72.146, -51.744 ], [ -72.148, -51.744 ], [ -72.149, -51.744 ], [ -72.150, -51.743 ], [ -72.151, -51.742 ], [ -72.153, -51.741 ], [ -72.154, -51.741 ], [ -72.155, -51.740 ], [ -72.158, -51.739 ], [ -72.159, -51.739 ], [ -72.161, -51.739 ], [ -72.162, -51.739 ], [ -72.166, -51.739 ], [ -72.169, -51.738 ], [ -72.174, -51.737 ], [ -72.177, -51.736 ], [ -72.179, -51.735 ], [ -72.180, -51.734 ], [ -72.181, -51.733 ], [ -72.181, -51.733 ], [ -72.180, -51.732 ], [ -72.179, -51.733 ], [ -72.177, -51.732 ], [ -72.176, -51.732 ], [ -72.175, -51.731 ], [ -72.173, -51.731 ], [ -72.172, -51.730 ], [ -72.171, -51.730 ], [ -72.169, -51.730 ], [ -72.166, -51.730 ], [ -72.166, -51.730 ], [ -72.165, -51.730 ], [ -72.163, -51.729 ], [ -72.163, -51.729 ], [ -72.161, -51.728 ], [ -72.159, -51.727 ], [ -72.158, -51.727 ], [ -72.157, -51.726 ], [ -72.157, -51.725 ], [ -72.157, -51.724 ], [ -72.158, -51.723 ], [ -72.160, -51.723 ], [ -72.162, -51.721 ], [ -72.163, -51.721 ], [ -72.164, -51.721 ], [ -72.165, -51.720 ], [ -72.167, -51.721 ], [ -72.170, -51.720 ], [ -72.171, -51.720 ], [ -72.172, -51.719 ], [ -72.173, -51.720 ], [ -72.174, -51.720 ], [ -72.175, -51.720 ], [ -72.177, -51.720 ], [ -72.178, -51.720 ], [ -72.179, -51.720 ], [ -72.181, -51.720 ], [ -72.182, -51.720 ], [ -72.184, -51.720 ], [ -72.186, -51.720 ], [ -72.186, -51.719 ], [ -72.186, -51.719 ], [ -72.187, -51.716 ], [ -72.188, -51.716 ], [ -72.189, -51.715 ], [ -72.190, -51.715 ], [ -72.192, -51.715 ], [ -72.193, -51.714 ], [ -72.194, -51.713 ], [ -72.195, -51.712 ], [ -72.195, -51.712 ], [ -72.196, -51.711 ], [ -72.197, -51.711 ], [ -72.199, -51.711 ], [ -72.201, -51.710 ], [ -72.203, -51.710 ], [ -72.207, -51.709 ], [ -72.212, -51.708 ], [ -72.216, -51.706 ], [ -72.218, -51.706 ], [ -72.221, -51.704 ], [ -72.223, -51.703 ], [ -72.224, -51.702 ], [ -72.226, -51.701 ], [ -72.229, -51.701 ], [ -72.231, -51.701 ], [ -72.233, -51.702 ], [ -72.234, -51.703 ], [ -72.235, -51.704 ], [ -72.238, -51.704 ], [ -72.240, -51.704 ], [ -72.241, -51.704 ], [ -72.242, -51.703 ], [ -72.243, -51.702 ], [ -72.243, -51.700 ], [ -72.242, -51.698 ], [ -72.243, -51.698 ], [ -72.244, -51.697 ], [ -72.246, -51.698 ], [ -72.247, -51.698 ], [ -72.248, -51.699 ], [ -72.250, -51.700 ], [ -72.251, -51.701 ], [ -72.253, -51.701 ], [ -72.255, -51.701 ], [ -72.259, -51.701 ], [ -72.261, -51.702 ], [ -72.262, -51.703 ], [ -72.263, -51.703 ], [ -72.266, -51.704 ], [ -72.269, -51.703 ], [ -72.271, -51.703 ], [ -72.273, -51.703 ], [ -72.275, -51.703 ], [ -72.278, -51.702 ], [ -72.282, -51.701 ], [ -72.284, -51.700 ], [ -72.287, -51.699 ], [ -72.289, -51.699 ], [ -72.291, -51.698 ], [ -72.292, -51.698 ], [ -72.293, -51.698 ], [ -72.294, -51.697 ], [ -72.295, -51.696 ], [ -72.295, -51.695 ], [ -72.295, -51.694 ], [ -72.295, -51.693 ], [ -72.295, -51.692 ], [ -72.295, -51.691 ], [ -72.295, -51.691 ], [ -72.295, -51.690 ], [ -72.295, -51.689 ], [ -72.296, -51.687 ], [ -72.296, -51.686 ], [ -72.296, -51.685 ], [ -72.296, -51.684 ], [ -72.295, -51.683 ], [ -72.292, -51.681 ], [ -72.290, -51.680 ], [ -72.288, -51.678 ], [ -72.287, -51.676 ], [ -72.287, -51.675 ], [ -72.286, -51.673 ], [ -72.286, -51.672 ], [ -72.285, -51.670 ], [ -72.285, -51.670 ], [ -72.284, -51.668 ], [ -72.283, -51.667 ], [ -72.283, -51.667 ], [ -72.284, -51.666 ], [ -72.285, -51.665 ], [ -72.286, -51.662 ], [ -72.286, -51.661 ], [ -72.286, -51.661 ], [ -72.288, -51.660 ], [ -72.288, -51.659 ], [ -72.287, -51.659 ], [ -72.286, -51.658 ], [ -72.285, -51.657 ], [ -72.286, -51.656 ], [ -72.285, -51.654 ], [ -72.285, -51.653 ], [ -72.284, -51.652 ], [ -72.284, -51.651 ], [ -72.285, -51.650 ], [ -72.286, -51.650 ], [ -72.287, -51.649 ], [ -72.289, -51.647 ], [ -72.290, -51.646 ], [ -72.291, -51.646 ], [ -72.292, -51.645 ], [ -72.293, -51.644 ], [ -72.291, -51.644 ], [ -72.290, -51.644 ], [ -72.288, -51.644 ], [ -72.287, -51.644 ], [ -72.286, -51.642 ], [ -72.285, -51.642 ], [ -72.285, -51.641 ], [ -72.285, -51.640 ], [ -72.285, -51.638 ], [ -72.284, -51.638 ], [ -72.283, -51.637 ], [ -72.283, -51.637 ], [ -72.281, -51.637 ], [ -72.280, -51.637 ], [ -72.279, -51.637 ], [ -72.280, -51.636 ], [ -72.280, -51.635 ], [ -72.280, -51.634 ], [ -72.281, -51.634 ], [ -72.282, -51.634 ], [ -72.284, -51.633 ], [ -72.283, -51.633 ], [ -72.266, -51.633 ], [ -72.266, -51.599 ], [ -72.266, -51.566 ], [ -72.266, -51.533 ], [ -72.233, -51.533 ], [ -72.199, -51.533 ], [ -72.166, -51.533 ], [ -72.166, -51.566 ], [ -72.133, -51.566 ], [ -72.133, -51.599 ], [ -72.099, -51.599 ], [ -72.066, -51.599 ], [ -72.066, -51.633 ], [ -72.033, -51.633 ], [ -71.999, -51.633 ], [ -71.999, -51.599 ], [ -71.966, -51.599 ], [ -71.933, -51.599 ], [ -71.933, -51.566 ], [ -71.899, -51.566 ], [ -71.866, -51.566 ], [ -71.833, -51.566 ], [ -71.799, -51.566 ], [ -71.799, -51.533 ], [ -71.766, -51.533 ], [ -71.733, -51.533 ], [ -71.733, -51.499 ], [ -71.733, -51.466 ], [ -71.733, -51.433 ], [ -71.766, -51.433 ], [ -71.799, -51.433 ], [ -71.799, -51.399 ], [ -71.799, -51.366 ], [ -71.766, -51.366 ], [ -71.766, -51.333 ], [ -71.733, -51.333 ], [ -71.733, -51.299 ], [ -71.733, -51.266 ], [ -71.766, -51.266 ], [ -71.799, -51.266 ], [ -71.833, -51.266 ], [ -71.833, -51.299 ], [ -71.866, -51.299 ], [ -71.899, -51.299 ], [ -71.933, -51.299 ], [ -71.966, -51.299 ], [ -71.999, -51.299 ], [ -71.999, -51.266 ], [ -71.999, -51.233 ], [ -72.033, -51.233 ], [ -72.033, -51.199 ], [ -72.066, -51.199 ], [ -72.099, -51.199 ], [ -72.133, -51.199 ], [ -72.166, -51.199 ], [ -72.166, -51.166 ], [ -72.199, -51.166 ], [ -72.199, -51.133 ], [ -72.233, -51.133 ], [ -72.266, -51.133 ], [ -72.299, -51.133 ], [ -72.299, -51.099 ], [ -72.333, -51.099 ], [ -72.366, -51.099 ], [ -72.402, -51.099 ], [ -72.402, -51.099 ], [ -72.403, -51.098 ], [ -72.403, -51.097 ], [ -72.403, -51.096 ], [ -72.402, -51.095 ], [ -72.402, -51.095 ], [ -72.401, -51.095 ], [ -72.401, -51.094 ], [ -72.401, -51.093 ], [ -72.401, -51.092 ], [ -72.400, -51.092 ], [ -72.399, -51.091 ], [ -72.399, -51.090 ], [ -72.398, -51.090 ], [ -72.398, -51.089 ], [ -72.397, -51.089 ], [ -72.396, -51.088 ], [ -72.394, -51.088 ], [ -72.392, -51.085 ], [ -72.391, -51.084 ], [ -72.391, -51.084 ], [ -72.390, -51.083 ], [ -72.389, -51.083 ], [ -72.387, -51.082 ], [ -72.386, -51.082 ], [ -72.383, -51.081 ], [ -72.380, -51.081 ], [ -72.377, -51.080 ], [ -72.376, -51.080 ], [ -72.375, -51.080 ], [ -72.374, -51.080 ], [ -72.373, -51.079 ], [ -72.373, -51.079 ], [ -72.372, -51.078 ], [ -72.372, -51.069 ], [ -72.371, -51.046 ], [ -72.370, -51.028 ], [ -72.370, -51.023 ], [ -72.369, -51.021 ], [ -72.369, -51.021 ], [ -72.368, -51.021 ], [ -72.367, -51.020 ], [ -72.366, -51.021 ], [ -72.365, -51.021 ], [ -72.365, -51.021 ], [ -72.365, -51.020 ], [ -72.364, -51.020 ], [ -72.363, -51.020 ], [ -72.362, -51.020 ], [ -72.361, -51.020 ], [ -72.361, -51.020 ], [ -72.360, -51.020 ], [ -72.361, -51.020 ], [ -72.361, -51.021 ], [ -72.361, -51.021 ], [ -72.360, -51.022 ], [ -72.360, -51.021 ], [ -72.359, -51.021 ], [ -72.358, -51.021 ], [ -72.356, -51.021 ], [ -72.357, -51.022 ], [ -72.356, -51.022 ], [ -72.355, -51.022 ], [ -72.355, -51.024 ], [ -72.354, -51.024 ], [ -72.354, -51.024 ], [ -72.354, -51.025 ], [ -72.354, -51.026 ], [ -72.353, -51.026 ], [ -72.353, -51.026 ], [ -72.352, -51.027 ], [ -72.351, -51.027 ], [ -72.350, -51.027 ], [ -72.350, -51.027 ], [ -72.349, -51.026 ], [ -72.349, -51.026 ], [ -72.348, -51.027 ], [ -72.348, -51.027 ], [ -72.347, -51.027 ], [ -72.346, -51.027 ], [ -72.346, -51.027 ], [ -72.346, -51.027 ], [ -72.345, -51.027 ], [ -72.345, -51.026 ], [ -72.344, -51.027 ], [ -72.344, -51.027 ], [ -72.343, -51.027 ], [ -72.342, -51.027 ], [ -72.342, -51.027 ], [ -72.341, -51.028 ], [ -72.341, -51.028 ], [ -72.339, -51.027 ], [ -72.339, -51.027 ], [ -72.338, -51.026 ], [ -72.338, -51.025 ], [ -72.337, -51.025 ], [ -72.336, -51.025 ], [ -72.335, -51.025 ], [ -72.335, -51.024 ], [ -72.334, -51.025 ], [ -72.334, -51.024 ], [ -72.335, -51.023 ], [ -72.334, -51.023 ], [ -72.333, -51.023 ], [ -72.332, -51.024 ], [ -72.332, -51.024 ], [ -72.331, -51.024 ], [ -72.330, -51.023 ], [ -72.328, -51.023 ], [ -72.327, -51.023 ], [ -72.327, -51.024 ], [ -72.326, -51.024 ], [ -72.325, -51.023 ], [ -72.325, -51.023 ], [ -72.324, -51.023 ], [ -72.323, -51.023 ], [ -72.323, -51.024 ], [ -72.323, -51.024 ], [ -72.322, -51.024 ], [ -72.321, -51.024 ], [ -72.322, -51.025 ], [ -72.322, -51.025 ], [ -72.321, -51.025 ], [ -72.320, -51.025 ], [ -72.320, -51.025 ], [ -72.319, -51.024 ], [ -72.318, -51.024 ], [ -72.318, -51.024 ], [ -72.316, -51.025 ], [ -72.315, -51.025 ], [ -72.314, -51.026 ], [ -72.314, -51.026 ], [ -72.313, -51.027 ], [ -72.313, -51.027 ], [ -72.312, -51.027 ], [ -72.311, -51.027 ], [ -72.310, -51.027 ], [ -72.309, -51.027 ], [ -72.309, -51.027 ], [ -72.308, -51.027 ], [ -72.307, -51.027 ], [ -72.306, -51.027 ], [ -72.306, -51.027 ], [ -72.305, -51.027 ], [ -72.304, -51.028 ], [ -72.303, -51.028 ], [ -72.303, -51.028 ], [ -72.302, -51.028 ], [ -72.301, -51.028 ], [ -72.300, -51.029 ], [ -72.300, -51.029 ], [ -72.299, -51.029 ], [ -72.298, -51.029 ], [ -72.297, -51.029 ], [ -72.297, -51.030 ], [ -72.296, -51.030 ], [ -72.295, -51.030 ], [ -72.294, -51.030 ], [ -72.293, -51.030 ], [ -72.293, -51.030 ], [ -72.292, -51.029 ], [ -72.292, -51.029 ], [ -72.291, -51.029 ], [ -72.290, -51.029 ], [ -72.289, -51.029 ], [ -72.289, -51.030 ], [ -72.287, -51.030 ], [ -72.286, -51.030 ], [ -72.284, -51.030 ], [ -72.283, -51.029 ], [ -72.282, -51.028 ], [ -72.281, -51.028 ], [ -72.279, -51.028 ], [ -72.279, -51.028 ], [ -72.277, -51.028 ], [ -72.276, -51.028 ], [ -72.275, -51.028 ], [ -72.275, -51.028 ], [ -72.274, -51.028 ], [ -72.273, -51.029 ], [ -72.273, -51.030 ], [ -72.273, -51.031 ], [ -72.272, -51.031 ], [ -72.272, -51.032 ], [ -72.272, -51.032 ], [ -72.271, -51.033 ], [ -72.270, -51.033 ], [ -72.270, -51.033 ], [ -72.269, -51.033 ], [ -72.268, -51.033 ], [ -72.267, -51.033 ], [ -72.266, -51.033 ], [ -72.265, -51.033 ], [ -72.264, -51.033 ], [ -72.263, -51.033 ], [ -72.261, -51.033 ], [ -72.261, -51.025 ], [ -72.260, -51.017 ], [ -72.270, -50.991 ], [ -72.270, -50.986 ], [ -72.271, -50.977 ], [ -72.272, -50.964 ], [ -72.271, -50.963 ], [ -72.271, -50.962 ], [ -72.270, -50.962 ], [ -72.270, -50.961 ], [ -72.269, -50.959 ], [ -72.269, -50.958 ], [ -72.268, -50.958 ], [ -72.268, -50.957 ], [ -72.268, -50.955 ], [ -72.267, -50.954 ], [ -72.268, -50.953 ], [ -72.267, -50.953 ], [ -72.267, -50.951 ], [ -72.267, -50.951 ], [ -72.265, -50.951 ], [ -72.265, -50.951 ], [ -72.264, -50.950 ], [ -72.263, -50.949 ], [ -72.263, -50.948 ], [ -72.264, -50.947 ], [ -72.265, -50.947 ], [ -72.267, -50.945 ], [ -72.267, -50.943 ], [ -72.267, -50.942 ], [ -72.266, -50.941 ], [ -72.266, -50.940 ], [ -72.266, -50.939 ], [ -72.266, -50.938 ], [ -72.266, -50.938 ], [ -72.266, -50.938 ], [ -72.265, -50.937 ], [ -72.265, -50.936 ], [ -72.264, -50.935 ], [ -72.264, -50.934 ], [ -72.264, -50.933 ], [ -72.263, -50.933 ], [ -72.263, -50.932 ], [ -72.264, -50.932 ], [ -72.263, -50.932 ], [ -72.263, -50.931 ], [ -72.263, -50.930 ], [ -72.263, -50.930 ], [ -72.262, -50.929 ], [ -72.262, -50.929 ], [ -72.262, -50.928 ], [ -72.262, -50.928 ], [ -72.262, -50.927 ], [ -72.262, -50.926 ], [ -72.262, -50.925 ], [ -72.261, -50.925 ], [ -72.260, -50.924 ], [ -72.260, -50.923 ], [ -72.261, -50.923 ], [ -72.261, -50.922 ], [ -72.262, -50.922 ], [ -72.262, -50.921 ], [ -72.262, -50.920 ], [ -72.262, -50.919 ], [ -72.262, -50.918 ], [ -72.261, -50.917 ], [ -72.260, -50.917 ], [ -72.259, -50.917 ], [ -72.259, -50.917 ], [ -72.259, -50.916 ], [ -72.258, -50.916 ], [ -72.257, -50.916 ], [ -72.257, -50.915 ], [ -72.256, -50.914 ], [ -72.257, -50.913 ], [ -72.256, -50.913 ], [ -72.255, -50.912 ], [ -72.254, -50.912 ], [ -72.252, -50.911 ], [ -72.252, -50.910 ], [ -72.252, -50.908 ], [ -72.252, -50.908 ], [ -72.252, -50.907 ], [ -72.252, -50.906 ], [ -72.251, -50.905 ], [ -72.251, -50.905 ], [ -72.250, -50.904 ], [ -72.251, -50.904 ], [ -72.250, -50.904 ], [ -72.250, -50.903 ], [ -72.251, -50.903 ], [ -72.250, -50.903 ], [ -72.250, -50.902 ], [ -72.250, -50.901 ], [ -72.251, -50.899 ], [ -72.251, -50.898 ], [ -72.252, -50.897 ], [ -72.253, -50.896 ], [ -72.254, -50.895 ], [ -72.255, -50.895 ], [ -72.255, -50.894 ], [ -72.255, -50.893 ], [ -72.255, -50.893 ], [ -72.255, -50.892 ], [ -72.256, -50.892 ], [ -72.256, -50.891 ], [ -72.257, -50.892 ], [ -72.257, -50.892 ], [ -72.257, -50.891 ], [ -72.258, -50.891 ], [ -72.259, -50.890 ], [ -72.259, -50.890 ], [ -72.260, -50.889 ], [ -72.259, -50.889 ], [ -72.258, -50.887 ], [ -72.257, -50.887 ], [ -72.256, -50.885 ], [ -72.256, -50.883 ], [ -72.256, -50.883 ], [ -72.256, -50.882 ], [ -72.255, -50.881 ], [ -72.254, -50.881 ], [ -72.253, -50.881 ], [ -72.253, -50.881 ], [ -72.253, -50.880 ], [ -72.253, -50.880 ], [ -72.252, -50.879 ], [ -72.252, -50.879 ], [ -72.251, -50.879 ], [ -72.251, -50.878 ], [ -72.252, -50.878 ], [ -72.252, -50.877 ], [ -72.252, -50.877 ], [ -72.252, -50.876 ], [ -72.253, -50.876 ], [ -72.253, -50.876 ], [ -72.254, -50.876 ], [ -72.255, -50.876 ], [ -72.256, -50.875 ], [ -72.259, -50.875 ], [ -72.261, -50.874 ], [ -72.262, -50.873 ], [ -72.264, -50.871 ], [ -72.266, -50.869 ], [ -72.268, -50.869 ], [ -72.269, -50.867 ], [ -72.270, -50.866 ], [ -72.233, -50.866 ], [ -72.199, -50.866 ], [ -72.166, -50.866 ], [ -72.133, -50.866 ], [ -72.099, -50.866 ], [ -72.066, -50.866 ], [ -72.066, -50.899 ], [ -72.033, -50.899 ], [ -72.033, -50.866 ], [ -71.999, -50.866 ], [ -71.999, -50.833 ], [ -71.966, -50.833 ], [ -71.966, -50.799 ], [ -71.933, -50.799 ], [ -71.933, -50.833 ], [ -71.899, -50.833 ], [ -71.866, -50.833 ], [ -71.833, -50.833 ], [ -71.799, -50.833 ], [ -71.766, -50.833 ], [ -71.733, -50.833 ], [ -71.699, -50.833 ], [ -71.699, -50.799 ], [ -71.699, -50.766 ], [ -71.699, -50.733 ], [ -71.699, -50.699 ], [ -71.699, -50.666 ], [ -71.666, -50.666 ], [ -71.633, -50.666 ], [ -71.599, -50.666 ], [ -71.566, -50.666 ], [ -71.566, -50.633 ], [ -71.566, -50.599 ], [ -71.566, -50.566 ], [ -71.566, -50.533 ], [ -71.566, -50.499 ], [ -71.533, -50.499 ], [ -71.499, -50.499 ], [ -71.499, -50.533 ], [ -71.466, -50.533 ], [ -71.433, -50.533 ], [ -71.433, -50.499 ], [ -71.466, -50.499 ], [ -71.466, -50.466 ], [ -71.466, -50.433 ], [ -71.466, -50.399 ], [ -71.466, -50.366 ], [ -71.466, -50.333 ], [ -71.499, -50.333 ], [ -71.533, -50.333 ], [ -71.533, -50.366 ], [ -71.566, -50.366 ], [ -71.599, -50.366 ], [ -71.633, -50.366 ], [ -71.666, -50.366 ], [ -71.699, -50.366 ], [ -71.733, -50.366 ], [ -71.766, -50.366 ], [ -71.799, -50.366 ], [ -71.833, -50.366 ], [ -71.833, -50.399 ], [ -71.866, -50.399 ], [ -71.899, -50.399 ], [ -71.933, -50.399 ], [ -71.966, -50.399 ], [ -71.999, -50.399 ], [ -71.999, -50.366 ], [ -71.999, -50.333 ], [ -72.033, -50.333 ], [ -72.066, -50.333 ], [ -72.099, -50.333 ], [ -72.133, -50.333 ], [ -72.166, -50.333 ], [ -72.199, -50.333 ], [ -72.233, -50.333 ], [ -72.233, -50.366 ], [ -72.266, -50.366 ], [ -72.299, -50.366 ], [ -72.333, -50.366 ], [ -72.366, -50.366 ], [ -72.399, -50.366 ], [ -72.433, -50.366 ], [ -72.433, -50.399 ], [ -72.466, -50.399 ], [ -72.466, -50.433 ], [ -72.499, -50.433 ], [ -72.533, -50.433 ], [ -72.533, -50.466 ], [ -72.566, -50.466 ], [ -72.599, -50.466 ], [ -72.633, -50.466 ], [ -72.633, -50.499 ], [ -72.666, -50.499 ], [ -72.699, -50.499 ], [ -72.733, -50.499 ], [ -72.733, -50.533 ], [ -72.766, -50.533 ], [ -72.799, -50.533 ], [ -72.833, -50.533 ], [ -72.833, -50.566 ], [ -72.866, -50.566 ], [ -72.899, -50.566 ], [ -72.899, -50.599 ], [ -72.899, -50.633 ], [ -72.933, -50.633 ], [ -72.933, -50.666 ], [ -72.933, -50.699 ], [ -72.966, -50.699 ], [ -72.999, -50.699 ], [ -72.999, -50.733 ], [ -73.033, -50.733 ], [ -73.066, -50.733 ], [ -73.066, -50.786 ], [ -73.067, -50.787 ], [ -73.069, -50.788 ], [ -73.070, -50.789 ], [ -73.076, -50.786 ], [ -73.080, -50.784 ], [ -73.084, -50.782 ], [ -73.085, -50.781 ], [ -73.086, -50.779 ], [ -73.088, -50.777 ], [ -73.091, -50.775 ], [ -73.093, -50.773 ], [ -73.094, -50.773 ], [ -73.096, -50.773 ], [ -73.102, -50.775 ], [ -73.104, -50.776 ], [ -73.108, -50.778 ], [ -73.109, -50.779 ], [ -73.116, -50.781 ], [ -73.118, -50.781 ], [ -73.133, -50.766 ], [ -73.133, -50.733 ], [ -73.133, -50.699 ], [ -73.099, -50.699 ], [ -73.066, -50.699 ], [ -73.033, -50.699 ], [ -73.033, -50.666 ], [ -72.999, -50.666 ], [ -72.999, -50.633 ], [ -72.966, -50.633 ], [ -72.966, -50.599 ], [ -72.966, -50.566 ], [ -72.966, -50.533 ], [ -72.966, -50.499 ], [ -72.999, -50.499 ], [ -72.999, -50.533 ], [ -73.033, -50.533 ], [ -73.066, -50.533 ], [ -73.066, -50.499 ], [ -73.099, -50.499 ], [ -73.099, -50.466 ], [ -73.099, -50.433 ], [ -73.133, -50.433 ], [ -73.166, -50.433 ], [ -73.166, -50.399 ], [ -73.133, -50.399 ], [ -73.133, -50.366 ], [ -73.133, -50.333 ], [ -73.166, -50.333 ], [ -73.199, -50.333 ], [ -73.233, -50.333 ], [ -73.266, -50.333 ], [ -73.266, -50.299 ], [ -73.266, -50.266 ], [ -73.233, -50.266 ], [ -73.233, -50.299 ], [ -73.199, -50.299 ], [ -73.166, -50.299 ], [ -73.133, -50.299 ], [ -73.099, -50.299 ], [ -73.066, -50.299 ], [ -73.066, -50.333 ], [ -73.033, -50.333 ], [ -73.033, -50.366 ], [ -73.033, -50.399 ], [ -73.033, -50.433 ], [ -73.033, -50.466 ], [ -72.999, -50.466 ], [ -72.966, -50.466 ], [ -72.933, -50.466 ], [ -72.933, -50.499 ], [ -72.899, -50.499 ], [ -72.899, -50.466 ], [ -72.866, -50.466 ], [ -72.833, -50.466 ], [ -72.799, -50.466 ], [ -72.766, -50.466 ], [ -72.766, -50.433 ], [ -72.766, -50.399 ], [ -72.733, -50.399 ], [ -72.733, -50.366 ], [ -72.766, -50.366 ], [ -72.766, -50.333 ], [ -72.799, -50.333 ], [ -72.833, -50.333 ], [ -72.866, -50.333 ], [ -72.899, -50.333 ], [ -72.933, -50.333 ], [ -72.966, -50.333 ], [ -72.999, -50.333 ], [ -73.033, -50.333 ], [ -73.033, -50.299 ], [ -72.999, -50.299 ], [ -72.966, -50.299 ], [ -72.933, -50.299 ], [ -72.899, -50.299 ], [ -72.899, -50.266 ], [ -72.933, -50.266 ], [ -72.933, -50.233 ], [ -72.966, -50.233 ], [ -72.999, -50.233 ], [ -73.033, -50.233 ], [ -73.066, -50.233 ], [ -73.099, -50.233 ], [ -73.099, -50.199 ], [ -73.133, -50.199 ], [ -73.166, -50.199 ], [ -73.199, -50.199 ], [ -73.233, -50.199 ], [ -73.266, -50.199 ], [ -73.266, -50.233 ], [ -73.299, -50.233 ], [ -73.299, -50.266 ], [ -73.333, -50.266 ], [ -73.366, -50.266 ], [ -73.366, -50.233 ], [ -73.333, -50.233 ], [ -73.333, -50.199 ], [ -73.299, -50.199 ], [ -73.299, -50.166 ], [ -73.299, -50.133 ], [ -73.333, -50.133 ], [ -73.366, -50.133 ], [ -73.399, -50.133 ], [ -73.399, -50.099 ], [ -73.366, -50.099 ], [ -73.333, -50.099 ], [ -73.333, -50.066 ], [ -73.299, -50.066 ], [ -73.299, -50.033 ], [ -73.333, -50.033 ], [ -73.333, -49.999 ], [ -73.333, -49.966 ], [ -73.333, -49.933 ], [ -73.299, -49.933 ], [ -73.266, -49.933 ], [ -73.233, -49.933 ], [ -73.199, -49.933 ], [ -73.166, -49.933 ], [ -73.133, -49.933 ], [ -73.133, -49.966 ], [ -73.133, -49.999 ], [ -73.099, -49.999 ], [ -73.099, -50.033 ], [ -73.099, -50.066 ], [ -73.066, -50.066 ], [ -73.066, -50.099 ], [ -73.033, -50.099 ], [ -73.033, -50.133 ], [ -73.033, -50.166 ], [ -72.999, -50.166 ], [ -72.999, -50.199 ], [ -72.966, -50.199 ], [ -72.933, -50.199 ], [ -72.899, -50.199 ], [ -72.866, -50.199 ], [ -72.866, -50.166 ], [ -72.833, -50.166 ], [ -72.799, -50.166 ], [ -72.766, -50.166 ], [ -72.733, -50.166 ], [ -72.733, -50.133 ], [ -72.699, -50.133 ], [ -72.666, -50.133 ], [ -72.633, -50.133 ], [ -72.599, -50.133 ], [ -72.566, -50.133 ], [ -72.533, -50.133 ], [ -72.499, -50.133 ], [ -72.466, -50.133 ], [ -72.466, -50.166 ], [ -72.433, -50.166 ], [ -72.399, -50.166 ], [ -72.366, -50.166 ], [ -72.333, -50.166 ], [ -72.299, -50.166 ], [ -72.266, -50.166 ], [ -72.266, -50.133 ], [ -72.233, -50.133 ], [ -72.199, -50.133 ], [ -72.166, -50.133 ], [ -72.166, -50.099 ], [ -72.133, -50.099 ], [ -72.133, -50.066 ], [ -72.133, -50.033 ], [ -72.166, -50.033 ], [ -72.166, -49.999 ], [ -72.166, -49.966 ], [ -72.166, -49.933 ], [ -72.166, -49.899 ], [ -72.133, -49.899 ], [ -72.133, -49.866 ], [ -72.099, -49.866 ], [ -72.099, -49.833 ], [ -72.099, -49.799 ], [ -72.133, -49.799 ], [ -72.166, -49.799 ], [ -72.166, -49.833 ], [ -72.199, -49.833 ], [ -72.233, -49.833 ], [ -72.266, -49.833 ], [ -72.266, -49.799 ], [ -72.266, -49.766 ], [ -72.299, -49.766 ], [ -72.333, -49.766 ], [ -72.333, -49.733 ], [ -72.366, -49.733 ], [ -72.399, -49.733 ], [ -72.433, -49.733 ], [ -72.433, -49.699 ], [ -72.466, -49.699 ], [ -72.499, -49.699 ], [ -72.533, -49.699 ], [ -72.533, -49.666 ], [ -72.566, -49.666 ], [ -72.599, -49.666 ], [ -72.633, -49.666 ], [ -72.666, -49.666 ], [ -72.666, -49.633 ], [ -72.699, -49.633 ], [ -72.733, -49.633 ], [ -72.766, -49.633 ], [ -72.766, -49.666 ], [ -72.799, -49.666 ], [ -72.833, -49.666 ], [ -72.866, -49.666 ], [ -72.899, -49.666 ], [ -72.933, -49.666 ], [ -72.966, -49.666 ], [ -72.966, -49.633 ], [ -72.933, -49.633 ], [ -72.933, -49.599 ], [ -72.966, -49.599 ], [ -72.966, -49.433 ], [ -72.933, -49.433 ], [ -72.933, -49.399 ], [ -72.933, -49.366 ], [ -72.933, -49.333 ], [ -72.933, -49.299 ], [ -72.899, -49.299 ], [ -72.899, -49.333 ], [ -72.866, -49.333 ], [ -72.866, -49.366 ], [ -72.833, -49.366 ], [ -72.799, -49.366 ], [ -72.766, -49.366 ], [ -72.733, -49.366 ], [ -72.733, -49.399 ], [ -72.699, -49.399 ], [ -72.699, -49.433 ], [ -72.666, -49.433 ], [ -72.633, -49.433 ], [ -72.599, -49.433 ], [ -72.599, -49.466 ], [ -72.566, -49.466 ], [ -72.566, -49.499 ], [ -72.533, -49.499 ], [ -72.499, -49.499 ], [ -72.466, -49.499 ], [ -72.433, -49.499 ], [ -72.399, -49.499 ], [ -72.399, -49.533 ], [ -72.366, -49.533 ], [ -72.333, -49.533 ], [ -72.299, -49.533 ], [ -72.266, -49.533 ], [ -72.266, -49.566 ], [ -72.233, -49.566 ], [ -72.233, -49.599 ], [ -72.199, -49.599 ], [ -72.166, -49.599 ], [ -72.166, -49.633 ], [ -72.133, -49.633 ], [ -72.099, -49.633 ], [ -72.099, -49.666 ], [ -72.066, -49.666 ], [ -72.066, -49.699 ], [ -72.033, -49.699 ], [ -72.033, -49.733 ], [ -72.033, -49.766 ], [ -72.066, -49.766 ], [ -72.066, -49.799 ], [ -72.066, -49.833 ], [ -72.066, -49.866 ], [ -72.066, -49.899 ], [ -72.099, -49.899 ], [ -72.099, -49.933 ], [ -72.066, -49.933 ], [ -72.066, -49.966 ], [ -72.066, -49.999 ], [ -72.066, -50.033 ], [ -72.066, -50.066 ], [ -72.066, -50.099 ], [ -72.033, -50.099 ], [ -71.999, -50.099 ], [ -71.999, -50.066 ], [ -71.999, -50.033 ], [ -71.966, -50.033 ], [ -71.933, -50.033 ], [ -71.933, -50.066 ], [ -71.899, -50.066 ], [ -71.866, -50.066 ], [ -71.833, -50.066 ], [ -71.799, -50.066 ], [ -71.766, -50.066 ], [ -71.733, -50.066 ], [ -71.733, -50.099 ], [ -71.699, -50.099 ], [ -71.666, -50.099 ], [ -71.633, -50.099 ], [ -71.599, -50.099 ], [ -71.566, -50.099 ], [ -71.533, -50.099 ], [ -71.499, -50.099 ], [ -71.466, -50.099 ], [ -71.433, -50.099 ], [ -71.399, -50.099 ], [ -71.366, -50.099 ], [ -71.333, -50.099 ], [ -71.299, -50.099 ], [ -71.299, -50.133 ], [ -71.266, -50.133 ], [ -71.233, -50.133 ], [ -71.199, -50.133 ], [ -71.166, -50.133 ], [ -71.133, -50.133 ], [ -71.133, -50.099 ], [ -71.099, -50.099 ], [ -71.066, -50.099 ], [ -71.066, -50.133 ], [ -71.033, -50.133 ], [ -70.999, -50.133 ], [ -70.999, -50.166 ], [ -70.966, -50.166 ], [ -70.933, -50.166 ], [ -70.933, -50.199 ], [ -70.899, -50.199 ], [ -70.899, -50.166 ], [ -70.866, -50.166 ], [ -70.833, -50.166 ], [ -70.799, -50.166 ], [ -70.766, -50.166 ], [ -70.733, -50.166 ], [ -70.699, -50.166 ], [ -70.666, -50.166 ], [ -70.666, -50.133 ], [ -70.633, -50.133 ], [ -70.633, -50.166 ], [ -70.599, -50.166 ], [ -70.599, -50.133 ], [ -70.566, -50.133 ], [ -70.533, -50.133 ], [ -70.499, -50.133 ], [ -70.466, -50.133 ], [ -70.433, -50.133 ], [ -70.399, -50.133 ], [ -70.366, -50.133 ], [ -70.366, -50.099 ], [ -70.333, -50.099 ], [ -70.299, -50.099 ], [ -70.266, -50.099 ], [ -70.233, -50.099 ], [ -70.199, -50.099 ], [ -70.166, -50.099 ], [ -70.166, -50.066 ], [ -70.133, -50.066 ], [ -70.099, -50.066 ], [ -70.099, -50.099 ], [ -70.066, -50.099 ], [ -70.033, -50.099 ], [ -69.999, -50.099 ], [ -69.966, -50.099 ], [ -69.966, -50.066 ], [ -69.933, -50.066 ], [ -69.899, -50.066 ], [ -69.899, -50.099 ], [ -69.866, -50.099 ], [ -69.866, -50.066 ], [ -69.833, -50.066 ], [ -69.833, -50.099 ], [ -69.799, -50.099 ], [ -69.799, -50.066 ], [ -69.799, -50.033 ], [ -69.799, -49.999 ], [ -69.766, -49.999 ], [ -69.733, -49.999 ], [ -69.699, -49.999 ], [ -69.699, -49.966 ], [ -69.666, -49.966 ], [ -69.666, -49.999 ], [ -69.633, -49.999 ], [ -69.599, -49.999 ], [ -69.566, -49.999 ], [ -69.533, -49.999 ], [ -69.499, -49.999 ], [ -69.499, -49.966 ], [ -69.533, -49.966 ], [ -69.566, -49.966 ], [ -69.566, -49.933 ], [ -69.533, -49.933 ], [ -69.499, -49.933 ], [ -69.499, -49.899 ], [ -69.533, -49.899 ], [ -69.533, -49.866 ], [ -69.566, -49.866 ], [ -69.599, -49.866 ], [ -69.599, -49.833 ], [ -69.633, -49.833 ], [ -69.666, -49.833 ], [ -69.699, -49.833 ], [ -69.733, -49.833 ], [ -69.766, -49.833 ], [ -69.766, -49.799 ], [ -69.799, -49.799 ], [ -69.833, -49.799 ], [ -69.833, -49.766 ], [ -69.799, -49.766 ], [ -69.799, -49.733 ], [ -69.833, -49.733 ], [ -69.866, -49.733 ], [ -69.866, -49.699 ], [ -69.899, -49.699 ], [ -69.899, -49.666 ], [ -69.933, -49.666 ], [ -69.933, -49.699 ], [ -69.966, -49.699 ], [ -69.966, -49.666 ], [ -69.999, -49.666 ], [ -70.033, -49.666 ], [ -70.066, -49.666 ], [ -70.066, -49.633 ], [ -70.099, -49.633 ], [ -70.099, -49.666 ], [ -70.133, -49.666 ], [ -70.166, -49.666 ], [ -70.199, -49.666 ], [ -70.233, -49.666 ], [ -70.266, -49.666 ], [ -70.299, -49.666 ], [ -70.333, -49.666 ], [ -70.366, -49.666 ], [ -70.399, -49.666 ], [ -70.399, -49.699 ], [ -70.433, -49.699 ], [ -70.466, -49.699 ], [ -70.499, -49.699 ], [ -70.533, -49.699 ], [ -70.566, -49.699 ], [ -70.599, -49.699 ], [ -70.633, -49.699 ], [ -70.633, -49.666 ], [ -70.666, -49.666 ], [ -70.666, -49.699 ], [ -70.699, -49.699 ], [ -70.733, -49.699 ], [ -70.766, -49.699 ], [ -70.799, -49.699 ], [ -70.833, -49.699 ], [ -70.833, -49.733 ], [ -70.866, -49.733 ], [ -70.899, -49.733 ], [ -70.933, -49.733 ], [ -70.966, -49.733 ], [ -70.999, -49.733 ], [ -71.033, -49.733 ], [ -71.066, -49.733 ], [ -71.099, -49.733 ], [ -71.133, -49.733 ], [ -71.166, -49.733 ], [ -71.199, -49.733 ], [ -71.233, -49.733 ], [ -71.233, -49.699 ], [ -71.266, -49.699 ], [ -71.299, -49.699 ], [ -71.333, -49.699 ], [ -71.366, -49.699 ], [ -71.366, -49.666 ], [ -71.399, -49.666 ], [ -71.399, -49.633 ], [ -71.433, -49.633 ], [ -71.433, -49.599 ], [ -71.466, -49.599 ], [ -71.499, -49.599 ], [ -71.533, -49.599 ], [ -71.533, -49.566 ], [ -71.533, -49.533 ], [ -71.566, -49.533 ], [ -71.566, -49.499 ], [ -71.533, -49.499 ], [ -71.499, -49.499 ], [ -71.499, -49.533 ], [ -71.466, -49.533 ], [ -71.466, -49.566 ], [ -71.433, -49.566 ], [ -71.399, -49.566 ], [ -71.366, -49.566 ], [ -71.333, -49.566 ], [ -71.299, -49.566 ], [ -71.266, -49.566 ], [ -71.233, -49.566 ], [ -71.199, -49.566 ], [ -71.166, -49.566 ], [ -71.133, -49.566 ], [ -71.099, -49.566 ], [ -71.099, -49.533 ], [ -71.066, -49.533 ], [ -71.066, -49.499 ], [ -71.033, -49.499 ], [ -70.999, -49.499 ], [ -70.999, -49.466 ], [ -71.033, -49.466 ], [ -71.033, -49.433 ], [ -71.066, -49.433 ], [ -71.066, -49.399 ], [ -71.099, -49.399 ], [ -71.133, -49.399 ], [ -71.133, -49.366 ], [ -71.166, -49.366 ], [ -71.166, -49.333 ], [ -71.166, -49.299 ], [ -71.166, -49.266 ], [ -71.166, -49.233 ], [ -71.166, -49.199 ], [ -71.166, -49.166 ], [ -71.133, -49.166 ], [ -71.133, -49.133 ], [ -71.133, -49.099 ], [ -71.099, -49.099 ], [ -71.099, -49.066 ], [ -71.066, -49.066 ], [ -71.033, -49.066 ], [ -70.999, -49.066 ], [ -70.999, -49.099 ], [ -70.966, -49.099 ], [ -70.933, -49.099 ], [ -70.933, -49.133 ], [ -70.899, -49.133 ], [ -70.866, -49.133 ], [ -70.866, -49.166 ], [ -70.833, -49.166 ], [ -70.799, -49.166 ], [ -70.766, -49.166 ], [ -70.766, -49.133 ], [ -70.733, -49.133 ], [ -70.699, -49.133 ], [ -70.699, -49.099 ], [ -70.666, -49.099 ], [ -70.633, -49.099 ], [ -70.633, -49.066 ], [ -70.599, -49.066 ], [ -70.599, -49.033 ], [ -70.566, -49.033 ], [ -70.533, -49.033 ], [ -70.499, -49.033 ], [ -70.466, -49.033 ], [ -70.466, -48.999 ], [ -70.433, -48.999 ], [ -70.433, -48.966 ], [ -70.433, -48.933 ], [ -70.433, -48.899 ], [ -70.466, -48.899 ], [ -70.466, -48.866 ], [ -70.499, -48.866 ], [ -70.499, -48.833 ], [ -70.533, -48.833 ], [ -70.566, -48.833 ], [ -70.566, -48.799 ], [ -70.599, -48.799 ], [ -70.633, -48.799 ], [ -70.633, -48.766 ], [ -70.599, -48.766 ], [ -70.566, -48.766 ], [ -70.533, -48.766 ], [ -70.499, -48.766 ], [ -70.466, -48.766 ], [ -70.433, -48.766 ], [ -70.399, -48.766 ], [ -70.366, -48.766 ], [ -70.333, -48.766 ], [ -70.299, -48.766 ], [ -70.299, -48.799 ], [ -70.266, -48.799 ], [ -70.233, -48.799 ], [ -70.233, -48.833 ], [ -70.199, -48.833 ], [ -70.199, -48.799 ], [ -70.233, -48.799 ], [ -70.233, -48.766 ], [ -70.266, -48.766 ], [ -70.299, -48.766 ], [ -70.299, -48.733 ], [ -70.333, -48.733 ], [ -70.366, -48.733 ], [ -70.399, -48.733 ], [ -70.433, -48.733 ], [ -70.466, -48.733 ], [ -70.499, -48.733 ], [ -70.533, -48.733 ], [ -70.566, -48.733 ], [ -70.599, -48.733 ], [ -70.599, -48.699 ], [ -70.633, -48.699 ], [ -70.633, -48.666 ], [ -70.633, -48.633 ], [ -70.599, -48.633 ], [ -70.566, -48.633 ], [ -70.533, -48.633 ], [ -70.499, -48.633 ], [ -70.466, -48.633 ], [ -70.433, -48.633 ], [ -70.399, -48.633 ], [ -70.399, -48.666 ], [ -70.366, -48.666 ], [ -70.333, -48.666 ], [ -70.299, -48.666 ], [ -70.299, -48.699 ], [ -70.266, -48.699 ], [ -70.233, -48.699 ], [ -70.233, -48.733 ], [ -70.199, -48.733 ], [ -70.199, -48.766 ], [ -70.166, -48.766 ], [ -70.133, -48.766 ], [ -70.133, -48.799 ], [ -70.133, -48.833 ], [ -70.133, -48.866 ], [ -70.133, -48.899 ], [ -70.166, -48.899 ], [ -70.166, -48.933 ], [ -70.199, -48.933 ], [ -70.233, -48.933 ], [ -70.233, -48.966 ], [ -70.199, -48.966 ], [ -70.199, -48.999 ], [ -70.166, -48.999 ], [ -70.166, -49.033 ], [ -70.133, -49.033 ], [ -70.133, -48.999 ], [ -70.099, -48.999 ], [ -70.099, -49.033 ], [ -70.066, -49.033 ], [ -70.033, -49.033 ], [ -70.033, -49.066 ], [ -69.999, -49.066 ], [ -69.966, -49.066 ], [ -69.933, -49.066 ], [ -69.933, -49.099 ], [ -69.899, -49.099 ], [ -69.899, -49.066 ], [ -69.899, -49.033 ], [ -69.866, -49.033 ], [ -69.866, -49.066 ], [ -69.833, -49.066 ], [ -69.799, -49.066 ], [ -69.766, -49.066 ], [ -69.733, -49.066 ], [ -69.699, -49.066 ], [ -69.699, -49.099 ], [ -69.666, -49.099 ], [ -69.633, -49.099 ], [ -69.599, -49.099 ], [ -69.566, -49.099 ], [ -69.566, -49.066 ], [ -69.599, -49.066 ], [ -69.633, -49.066 ], [ -69.666, -49.066 ], [ -69.699, -49.066 ], [ -69.699, -49.033 ], [ -69.733, -49.033 ], [ -69.766, -49.033 ], [ -69.799, -49.033 ], [ -69.799, -48.999 ], [ -69.833, -48.999 ], [ -69.833, -48.966 ], [ -69.799, -48.966 ], [ -69.766, -48.966 ], [ -69.766, -48.999 ], [ -69.733, -48.999 ], [ -69.699, -48.999 ], [ -69.666, -48.999 ], [ -69.633, -48.999 ], [ -69.633, -48.966 ], [ -69.599, -48.966 ], [ -69.599, -48.999 ], [ -69.566, -48.999 ], [ -69.533, -48.999 ], [ -69.533, -48.966 ], [ -69.499, -48.966 ], [ -69.499, -48.999 ], [ -69.466, -48.999 ], [ -69.433, -48.999 ], [ -69.433, -48.966 ], [ -69.399, -48.966 ], [ -69.366, -48.966 ], [ -69.333, -48.966 ], [ -69.299, -48.966 ], [ -69.266, -48.966 ], [ -69.266, -48.999 ], [ -69.233, -48.999 ], [ -69.199, -48.999 ], [ -69.199, -48.966 ], [ -69.166, -48.966 ], [ -69.133, -48.966 ], [ -69.099, -48.966 ], [ -69.066, -48.966 ], [ -69.033, -48.966 ], [ -68.999, -48.966 ], [ -68.966, -48.966 ], [ -68.966, -48.933 ], [ -68.933, -48.933 ], [ -68.899, -48.933 ], [ -68.866, -48.933 ], [ -68.866, -48.899 ], [ -68.866, -48.866 ], [ -68.833, -48.866 ], [ -68.833, -48.833 ], [ -68.833, -48.799 ], [ -68.833, -48.766 ], [ -68.799, -48.766 ], [ -68.799, -48.733 ], [ -68.766, -48.733 ], [ -68.766, -48.699 ], [ -68.733, -48.699 ], [ -68.733, -48.666 ], [ -68.699, -48.666 ], [ -68.699, -48.633 ], [ -68.666, -48.633 ], [ -68.666, -48.599 ], [ -68.666, -48.566 ], [ -68.633, -48.566 ], [ -68.633, -48.533 ], [ -68.599, -48.533 ], [ -68.599, -48.499 ], [ -68.566, -48.499 ], [ -68.533, -48.499 ], [ -68.533, -48.466 ], [ -68.499, -48.466 ], [ -68.466, -48.466 ], [ -68.466, -48.433 ], [ -68.433, -48.433 ], [ -68.433, -48.399 ], [ -68.399, -48.399 ], [ -68.399, -48.366 ], [ -68.366, -48.366 ], [ -68.333, -48.366 ], [ -68.333, -48.333 ], [ -68.299, -48.333 ], [ -68.266, -48.333 ], [ -68.266, -48.299 ], [ -68.266, -48.266 ], [ -68.266, -48.233 ], [ -68.266, -48.199 ], [ -68.266, -48.166 ], [ -68.299, -48.166 ], [ -68.299, -48.133 ], [ -68.299, -48.099 ], [ -68.299, -48.066 ], [ -68.299, -48.033 ], [ -68.333, -48.033 ], [ -68.333, -47.999 ], [ -68.366, -47.999 ], [ -68.399, -47.999 ], [ -68.433, -47.999 ], [ -68.433, -48.033 ], [ -68.466, -48.033 ], [ -68.499, -48.033 ], [ -68.533, -48.033 ], [ -68.566, -48.033 ], [ -68.566, -47.999 ], [ -68.599, -47.999 ], [ -68.599, -47.966 ], [ -68.633, -47.966 ], [ -68.633, -47.933 ], [ -68.666, -47.933 ], [ -68.699, -47.933 ], [ -68.699, -47.899 ], [ -68.733, -47.899 ], [ -68.733, -47.866 ], [ -68.766, -47.866 ], [ -68.799, -47.866 ], [ -68.833, -47.866 ], [ -68.833, -47.833 ], [ -68.866, -47.833 ], [ -68.866, -47.799 ], [ -68.833, -47.799 ], [ -68.799, -47.799 ], [ -68.766, -47.799 ], [ -68.733, -47.799 ], [ -68.699, -47.799 ], [ -68.699, -47.833 ], [ -68.666, -47.833 ], [ -68.633, -47.833 ], [ -68.599, -47.833 ], [ -68.566, -47.833 ], [ -68.566, -47.799 ], [ -68.533, -47.799 ], [ -68.499, -47.799 ], [ -68.499, -47.766 ], [ -68.466, -47.766 ], [ -68.466, -47.733 ], [ -68.433, -47.733 ], [ -68.433, -47.699 ], [ -68.466, -47.699 ], [ -68.466, -47.666 ], [ -68.466, -47.633 ], [ -68.499, -47.633 ], [ -68.533, -47.633 ], [ -68.566, -47.633 ], [ -68.566, -47.599 ], [ -68.566, -47.566 ], [ -68.599, -47.566 ], [ -68.599, -47.533 ], [ -68.633, -47.533 ], [ -68.633, -47.499 ], [ -68.633, -47.466 ], [ -68.599, -47.466 ], [ -68.599, -47.433 ], [ -68.599, -47.399 ], [ -68.566, -47.399 ], [ -68.566, -47.366 ], [ -68.533, -47.366 ], [ -68.533, -47.333 ], [ -68.566, -47.333 ], [ -68.599, -47.333 ], [ -68.633, -47.333 ], [ -68.666, -47.333 ], [ -68.666, -47.299 ], [ -68.699, -47.299 ], [ -68.733, -47.299 ], [ -68.766, -47.299 ], [ -68.766, -47.266 ], [ -68.766, -47.233 ], [ -68.766, -47.199 ], [ -68.766, -47.166 ], [ -68.733, -47.166 ], [ -68.699, -47.166 ], [ -68.666, -47.166 ], [ -68.633, -47.166 ], [ -68.599, -47.166 ], [ -68.599, -47.133 ], [ -68.599, -47.099 ], [ -68.633, -47.099 ], [ -68.633, -47.066 ], [ -68.666, -47.066 ], [ -68.699, -47.066 ], [ -68.699, -47.033 ], [ -68.699, -46.999 ], [ -68.733, -46.999 ], [ -68.766, -46.999 ], [ -68.799, -46.999 ], [ -68.799, -47.033 ], [ -68.799, -47.066 ], [ -68.799, -47.099 ], [ -68.833, -47.099 ], [ -68.833, -47.133 ], [ -68.866, -47.133 ], [ -68.899, -47.133 ], [ -68.933, -47.133 ], [ -68.933, -47.099 ], [ -68.899, -47.099 ], [ -68.899, -47.066 ], [ -68.866, -47.066 ], [ -68.833, -47.066 ], [ -68.833, -47.033 ], [ -68.833, -46.999 ], [ -68.866, -46.999 ], [ -68.866, -46.966 ], [ -68.899, -46.966 ], [ -68.899, -46.933 ], [ -68.933, -46.933 ], [ -68.933, -46.966 ], [ -68.899, -46.966 ], [ -68.899, -46.999 ], [ -68.933, -46.999 ], [ -68.933, -47.033 ], [ -68.966, -47.033 ], [ -68.999, -47.033 ], [ -68.999, -46.999 ], [ -69.033, -46.999 ], [ -69.066, -46.999 ], [ -69.099, -46.999 ], [ -69.099, -46.966 ], [ -69.066, -46.966 ], [ -69.033, -46.966 ], [ -68.999, -46.966 ], [ -68.999, -46.933 ], [ -68.999, -46.899 ], [ -69.033, -46.899 ], [ -69.033, -46.866 ], [ -69.066, -46.866 ], [ -69.099, -46.866 ], [ -69.099, -46.833 ], [ -69.133, -46.833 ], [ -69.166, -46.833 ], [ -69.166, -46.799 ], [ -69.199, -46.799 ], [ -69.233, -46.799 ], [ -69.266, -46.799 ], [ -69.299, -46.799 ], [ -69.333, -46.799 ], [ -69.366, -46.799 ], [ -69.399, -46.799 ], [ -69.433, -46.799 ], [ -69.433, -46.833 ], [ -69.466, -46.833 ], [ -69.466, -46.866 ], [ -69.466, -46.899 ], [ -69.499, -46.899 ], [ -69.533, -46.899 ], [ -69.533, -46.866 ], [ -69.533, -46.833 ], [ -69.566, -46.833 ], [ -69.599, -46.833 ], [ -69.633, -46.833 ], [ -69.633, -46.866 ], [ -69.666, -46.866 ], [ -69.666, -46.833 ], [ -69.699, -46.833 ], [ -69.733, -46.833 ], [ -69.766, -46.833 ], [ -69.766, -46.799 ], [ -69.799, -46.799 ], [ -69.833, -46.799 ], [ -69.833, -46.766 ], [ -69.866, -46.766 ], [ -69.866, -46.799 ], [ -69.899, -46.799 ], [ -69.933, -46.799 ], [ -69.966, -46.799 ], [ -69.966, -46.766 ], [ -69.999, -46.766 ], [ -69.999, -46.733 ], [ -70.033, -46.733 ], [ -70.033, -46.699 ], [ -70.033, -46.666 ], [ -70.033, -46.633 ], [ -70.066, -46.633 ], [ -70.099, -46.633 ], [ -70.133, -46.633 ], [ -70.133, -46.599 ], [ -70.166, -46.599 ], [ -70.199, -46.599 ], [ -70.233, -46.599 ], [ -70.233, -46.633 ], [ -70.266, -46.633 ], [ -70.266, -46.666 ], [ -70.299, -46.666 ], [ -70.333, -46.666 ], [ -70.333, -46.699 ], [ -70.366, -46.699 ], [ -70.399, -46.699 ], [ -70.399, -46.666 ], [ -70.399, -46.633 ], [ -70.366, -46.633 ], [ -70.366, -46.599 ], [ -70.366, -46.566 ], [ -70.366, -46.533 ], [ -70.366, -46.499 ], [ -70.333, -46.499 ], [ -70.299, -46.499 ], [ -70.299, -46.466 ], [ -70.266, -46.466 ], [ -70.233, -46.466 ], [ -70.199, -46.466 ], [ -70.166, -46.466 ], [ -70.133, -46.466 ], [ -70.099, -46.466 ], [ -70.099, -46.433 ], [ -70.099, -46.399 ], [ -70.066, -46.399 ], [ -70.033, -46.399 ], [ -70.033, -46.433 ], [ -70.033, -46.466 ], [ -69.999, -46.466 ], [ -69.966, -46.466 ], [ -69.933, -46.466 ], [ -69.933, -46.499 ], [ -69.899, -46.499 ], [ -69.866, -46.499 ], [ -69.833, -46.499 ], [ -69.833, -46.533 ], [ -69.799, -46.533 ], [ -69.766, -46.533 ], [ -69.766, -46.566 ], [ -69.733, -46.566 ], [ -69.733, -46.599 ], [ -69.699, -46.599 ], [ -69.666, -46.599 ], [ -69.633, -46.599 ], [ -69.633, -46.566 ], [ -69.599, -46.566 ], [ -69.566, -46.566 ], [ -69.566, -46.533 ], [ -69.533, -46.533 ], [ -69.499, -46.533 ], [ -69.466, -46.533 ], [ -69.466, -46.499 ], [ -69.433, -46.499 ], [ -69.433, -46.466 ], [ -69.399, -46.466 ], [ -69.366, -46.466 ], [ -69.333, -46.466 ], [ -69.299, -46.466 ], [ -69.299, -46.433 ], [ -69.266, -46.433 ], [ -69.233, -46.433 ], [ -69.199, -46.433 ], [ -69.199, -46.466 ], [ -69.166, -46.466 ], [ -69.133, -46.466 ], [ -69.133, -46.499 ], [ -69.099, -46.499 ], [ -69.066, -46.499 ], [ -69.066, -46.466 ], [ -69.033, -46.466 ], [ -69.033, -46.433 ], [ -68.999, -46.433 ], [ -68.966, -46.433 ], [ -68.933, -46.433 ], [ -68.899, -46.433 ], [ -68.899, -46.399 ], [ -68.866, -46.399 ], [ -68.833, -46.399 ], [ -68.799, -46.399 ], [ -68.766, -46.399 ], [ -68.766, -46.433 ], [ -68.733, -46.433 ], [ -68.733, -46.399 ], [ -68.766, -46.399 ], [ -68.766, -46.366 ], [ -68.766, -46.333 ], [ -68.733, -46.333 ], [ -68.733, -46.299 ], [ -68.699, -46.299 ], [ -68.666, -46.299 ], [ -68.666, -46.266 ], [ -68.633, -46.266 ], [ -68.633, -46.233 ], [ -68.599, -46.233 ], [ -68.599, -46.199 ], [ -68.599, -46.166 ], [ -68.566, -46.166 ], [ -68.533, -46.166 ], [ -68.499, -46.166 ], [ -68.466, -46.166 ], [ -68.433, -46.166 ], [ -68.433, -46.133 ], [ -68.399, -46.133 ], [ -68.399, -46.099 ], [ -68.366, -46.099 ], [ -68.366, -46.066 ], [ -68.333, -46.066 ], [ -68.299, -46.066 ], [ -68.299, -46.099 ], [ -68.266, -46.099 ], [ -68.266, -46.066 ], [ -68.233, -46.066 ], [ -68.199, -46.066 ], [ -68.166, -46.066 ], [ -68.166, -46.033 ], [ -68.166, -45.999 ], [ -68.133, -45.999 ], [ -68.099, -45.999 ], [ -68.066, -45.999 ], [ -68.033, -45.999 ], [ -67.999, -45.999 ], [ -67.966, -45.999 ], [ -67.933, -45.999 ], [ -67.899, -45.999 ], [ -67.866, -45.999 ], [ -67.866, -45.966 ], [ -67.899, -45.966 ], [ -67.899, -45.933 ], [ -67.899, -45.899 ], [ -67.933, -45.899 ], [ -67.933, -45.866 ], [ -67.899, -45.866 ], [ -67.866, -45.866 ], [ -67.866, -45.899 ], [ -67.833, -45.899 ], [ -67.833, -45.866 ], [ -67.833, -45.833 ], [ -67.799, -45.833 ], [ -67.766, -45.833 ], [ -67.766, -45.866 ], [ -67.733, -45.866 ], [ -67.733, -45.833 ], [ -67.766, -45.833 ], [ -67.766, -45.799 ], [ -67.799, -45.799 ], [ -67.799, -45.766 ], [ -67.799, -45.733 ], [ -67.766, -45.733 ], [ -67.733, -45.733 ], [ -67.699, -45.733 ], [ -67.699, -45.699 ], [ -67.666, -45.699 ], [ -67.666, -45.666 ], [ -67.633, -45.666 ], [ -67.633, -45.633 ], [ -67.599, -45.633 ], [ -67.566, -45.633 ], [ -67.566, -45.666 ], [ -67.533, -45.666 ], [ -67.533, -45.633 ], [ -67.499, -45.633 ], [ -67.466, -45.633 ], [ -67.466, -45.599 ], [ -67.433, -45.599 ], [ -67.399, -45.599 ], [ -67.399, -45.633 ], [ -67.433, -45.633 ], [ -67.433, -45.666 ], [ -67.466, -45.666 ], [ -67.466, -45.699 ], [ -67.499, -45.699 ], [ -67.533, -45.699 ], [ -67.533, -45.733 ], [ -67.533, -45.766 ], [ -67.566, -45.766 ], [ -67.566, -45.799 ], [ -67.566, -45.833 ], [ -67.533, -45.833 ], [ -67.533, -45.866 ], [ -67.566, -45.866 ], [ -67.599, -45.866 ], [ -67.633, -45.866 ], [ -67.633, -45.899 ], [ -67.666, -45.899 ], [ -67.666, -45.933 ], [ -67.633, -45.933 ], [ -67.633, -45.966 ], [ -67.666, -45.966 ], [ -67.699, -45.966 ], [ -67.699, -45.999 ], [ -67.733, -45.999 ], [ -67.733, -46.033 ], [ -67.699, -46.033 ], [ -67.699, -46.066 ], [ -67.733, -46.066 ], [ -67.766, -46.066 ], [ -67.799, -46.066 ], [ -67.799, -46.099 ], [ -67.766, -46.099 ], [ -67.766, -46.133 ], [ -67.766, -46.166 ], [ -67.766, -46.199 ], [ -67.766, -46.233 ], [ -67.799, -46.233 ], [ -67.833, -46.233 ] ], [ [ -68.199, -46.799 ], [ -68.199, -46.833 ], [ -68.166, -46.833 ], [ -68.166, -46.799 ], [ -68.199, -46.799 ] ], [ [ -68.133, -46.866 ], [ -68.133, -46.899 ], [ -68.133, -46.933 ], [ -68.099, -46.933 ], [ -68.066, -46.933 ], [ -68.066, -46.899 ], [ -68.099, -46.899 ], [ -68.099, -46.866 ], [ -68.133, -46.866 ] ], [ [ -68.099, -47.199 ], [ -68.099, -47.233 ], [ -68.066, -47.233 ], [ -68.066, -47.199 ], [ -68.099, -47.199 ] ], [ [ -68.199, -47.233 ], [ -68.199, -47.199 ], [ -68.233, -47.199 ], [ -68.266, -47.199 ], [ -68.266, -47.233 ], [ -68.233, -47.233 ], [ -68.199, -47.233 ] ], [ [ -68.166, -47.366 ], [ -68.199, -47.366 ], [ -68.233, -47.366 ], [ -68.266, -47.366 ], [ -68.266, -47.333 ], [ -68.299, -47.333 ], [ -68.299, -47.366 ], [ -68.299, -47.399 ], [ -68.266, -47.399 ], [ -68.266, -47.433 ], [ -68.299, -47.433 ], [ -68.333, -47.433 ], [ -68.333, -47.399 ], [ -68.366, -47.399 ], [ -68.399, -47.399 ], [ -68.399, -47.433 ], [ -68.399, -47.466 ], [ -68.366, -47.466 ], [ -68.366, -47.499 ], [ -68.333, -47.499 ], [ -68.299, -47.499 ], [ -68.266, -47.499 ], [ -68.266, -47.533 ], [ -68.233, -47.533 ], [ -68.199, -47.533 ], [ -68.199, -47.499 ], [ -68.166, -47.499 ], [ -68.166, -47.533 ], [ -68.133, -47.533 ], [ -68.099, -47.533 ], [ -68.099, -47.499 ], [ -68.066, -47.499 ], [ -68.066, -47.466 ], [ -68.066, -47.433 ], [ -68.099, -47.433 ], [ -68.133, -47.433 ], [ -68.133, -47.399 ], [ -68.166, -47.399 ], [ -68.166, -47.366 ], [ -68.133, -47.366 ], [ -68.133, -47.333 ], [ -68.166, -47.333 ], [ -68.166, -47.366 ] ], [ [ -68.033, -47.666 ], [ -68.033, -47.633 ], [ -68.066, -47.633 ], [ -68.066, -47.599 ], [ -68.099, -47.599 ], [ -68.099, -47.633 ], [ -68.099, -47.666 ], [ -68.099, -47.699 ], [ -68.066, -47.699 ], [ -68.066, -47.733 ], [ -68.099, -47.733 ], [ -68.099, -47.766 ], [ -68.066, -47.766 ], [ -68.033, -47.766 ], [ -67.999, -47.766 ], [ -67.966, -47.766 ], [ -67.933, -47.766 ], [ -67.933, -47.799 ], [ -67.899, -47.799 ], [ -67.866, -47.799 ], [ -67.833, -47.799 ], [ -67.833, -47.833 ], [ -67.799, -47.833 ], [ -67.799, -47.799 ], [ -67.766, -47.799 ], [ -67.766, -47.766 ], [ -67.766, -47.733 ], [ -67.799, -47.733 ], [ -67.833, -47.733 ], [ -67.866, -47.733 ], [ -67.899, -47.733 ], [ -67.899, -47.699 ], [ -67.933, -47.699 ], [ -67.966, -47.699 ], [ -67.999, -47.699 ], [ -67.999, -47.666 ], [ -68.033, -47.666 ] ], [ [ -67.966, -49.033 ], [ -67.966, -49.066 ], [ -67.999, -49.066 ], [ -68.033, -49.066 ], [ -68.033, -49.099 ], [ -67.999, -49.099 ], [ -67.966, -49.099 ], [ -67.933, -49.099 ], [ -67.933, -49.066 ], [ -67.899, -49.066 ], [ -67.866, -49.066 ], [ -67.866, -49.033 ], [ -67.899, -49.033 ], [ -67.933, -49.033 ], [ -67.966, -49.033 ], [ -67.966, -48.999 ], [ -67.966, -48.966 ], [ -67.933, -48.966 ], [ -67.899, -48.966 ], [ -67.866, -48.966 ], [ -67.866, -48.999 ], [ -67.833, -48.999 ], [ -67.833, -48.966 ], [ -67.799, -48.966 ], [ -67.766, -48.966 ], [ -67.766, -48.933 ], [ -67.766, -48.899 ], [ -67.733, -48.899 ], [ -67.733, -48.933 ], [ -67.699, -48.933 ], [ -67.666, -48.933 ], [ -67.666, -48.899 ], [ -67.633, -48.899 ], [ -67.633, -48.866 ], [ -67.666, -48.866 ], [ -67.699, -48.866 ], [ -67.733, -48.866 ], [ -67.766, -48.866 ], [ -67.799, -48.866 ], [ -67.833, -48.866 ], [ -67.833, -48.833 ], [ -67.866, -48.833 ], [ -67.899, -48.833 ], [ -67.933, -48.833 ], [ -67.966, -48.833 ], [ -67.966, -48.866 ], [ -67.999, -48.866 ], [ -67.999, -48.899 ], [ -67.999, -48.933 ], [ -67.999, -48.966 ], [ -68.033, -48.966 ], [ -68.033, -48.999 ], [ -68.066, -48.999 ], [ -68.066, -48.966 ], [ -68.099, -48.966 ], [ -68.133, -48.966 ], [ -68.166, -48.966 ], [ -68.166, -48.999 ], [ -68.133, -48.999 ], [ -68.099, -48.999 ], [ -68.099, -49.033 ], [ -68.133, -49.033 ], [ -68.133, -49.066 ], [ -68.166, -49.066 ], [ -68.166, -49.033 ], [ -68.199, -49.033 ], [ -68.199, -49.066 ], [ -68.233, -49.066 ], [ -68.233, -49.099 ], [ -68.266, -49.099 ], [ -68.266, -49.133 ], [ -68.233, -49.133 ], [ -68.199, -49.133 ], [ -68.166, -49.133 ], [ -68.133, -49.133 ], [ -68.099, -49.133 ], [ -68.099, -49.099 ], [ -68.099, -49.066 ], [ -68.066, -49.066 ], [ -68.066, -49.033 ], [ -68.033, -49.033 ], [ -67.999, -49.033 ], [ -67.966, -49.033 ] ], [ [ -70.199, -49.066 ], [ -70.199, -49.033 ], [ -70.233, -49.033 ], [ -70.233, -48.999 ], [ -70.266, -48.999 ], [ -70.266, -49.033 ], [ -70.233, -49.033 ], [ -70.233, -49.066 ], [ -70.199, -49.066 ], [ -70.199, -49.099 ], [ -70.233, -49.099 ], [ -70.266, -49.099 ], [ -70.299, -49.099 ], [ -70.299, -49.133 ], [ -70.333, -49.133 ], [ -70.333, -49.166 ], [ -70.299, -49.166 ], [ -70.266, -49.166 ], [ -70.233, -49.166 ], [ -70.199, -49.166 ], [ -70.199, -49.199 ], [ -70.166, -49.199 ], [ -70.133, -49.199 ], [ -70.099, -49.199 ], [ -70.066, -49.199 ], [ -70.033, -49.199 ], [ -70.033, -49.233 ], [ -69.999, -49.233 ], [ -69.966, -49.233 ], [ -69.933, -49.233 ], [ -69.933, -49.266 ], [ -69.899, -49.266 ], [ -69.866, -49.266 ], [ -69.833, -49.266 ], [ -69.833, -49.299 ], [ -69.799, -49.299 ], [ -69.799, -49.266 ], [ -69.833, -49.266 ], [ -69.833, -49.233 ], [ -69.866, -49.233 ], [ -69.899, -49.233 ], [ -69.933, -49.233 ], [ -69.933, -49.199 ], [ -69.966, -49.199 ], [ -69.999, -49.199 ], [ -69.999, -49.166 ], [ -70.033, -49.166 ], [ -70.033, -49.133 ], [ -70.066, -49.133 ], [ -70.066, -49.099 ], [ -70.099, -49.099 ], [ -70.133, -49.099 ], [ -70.133, -49.133 ], [ -70.166, -49.133 ], [ -70.166, -49.099 ], [ -70.166, -49.066 ], [ -70.199, -49.066 ] ], [ [ -69.566, -49.133 ], [ -69.566, -49.166 ], [ -69.566, -49.199 ], [ -69.533, -49.199 ], [ -69.533, -49.166 ], [ -69.533, -49.133 ], [ -69.566, -49.133 ] ], [ [ -68.266, -49.299 ], [ -68.266, -49.266 ], [ -68.299, -49.266 ], [ -68.333, -49.266 ], [ -68.366, -49.266 ], [ -68.399, -49.266 ], [ -68.433, -49.266 ], [ -68.433, -49.233 ], [ -68.466, -49.233 ], [ -68.499, -49.233 ], [ -68.533, -49.233 ], [ -68.533, -49.199 ], [ -68.499, -49.199 ], [ -68.499, -49.166 ], [ -68.533, -49.166 ], [ -68.566, -49.166 ], [ -68.599, -49.166 ], [ -68.633, -49.166 ], [ -68.666, -49.166 ], [ -68.699, -49.166 ], [ -68.699, -49.199 ], [ -68.666, -49.199 ], [ -68.666, -49.233 ], [ -68.699, -49.233 ], [ -68.699, -49.266 ], [ -68.733, -49.266 ], [ -68.766, -49.266 ], [ -68.799, -49.266 ], [ -68.833, -49.266 ], [ -68.866, -49.266 ], [ -68.866, -49.233 ], [ -68.899, -49.233 ], [ -68.933, -49.233 ], [ -68.966, -49.233 ], [ -68.999, -49.233 ], [ -69.033, -49.233 ], [ -69.066, -49.233 ], [ -69.099, -49.233 ], [ -69.133, -49.233 ], [ -69.166, -49.233 ], [ -69.199, -49.233 ], [ -69.233, -49.233 ], [ -69.266, -49.233 ], [ -69.299, -49.233 ], [ -69.299, -49.266 ], [ -69.299, -49.299 ], [ -69.266, -49.299 ], [ -69.266, -49.266 ], [ -69.233, -49.266 ], [ -69.233, -49.299 ], [ -69.199, -49.299 ], [ -69.199, -49.333 ], [ -69.166, -49.333 ], [ -69.133, -49.333 ], [ -69.099, -49.333 ], [ -69.066, -49.333 ], [ -69.066, -49.366 ], [ -69.033, -49.366 ], [ -69.033, -49.333 ], [ -68.999, -49.333 ], [ -68.999, -49.366 ], [ -68.966, -49.366 ], [ -68.933, -49.366 ], [ -68.899, -49.366 ], [ -68.866, -49.366 ], [ -68.866, -49.399 ], [ -68.833, -49.399 ], [ -68.833, -49.433 ], [ -68.799, -49.433 ], [ -68.766, -49.433 ], [ -68.733, -49.433 ], [ -68.733, -49.399 ], [ -68.699, -49.399 ], [ -68.666, -49.399 ], [ -68.633, -49.399 ], [ -68.599, -49.399 ], [ -68.599, -49.433 ], [ -68.566, -49.433 ], [ -68.533, -49.433 ], [ -68.533, -49.399 ], [ -68.499, -49.399 ], [ -68.466, -49.399 ], [ -68.433, -49.399 ], [ -68.399, -49.399 ], [ -68.366, -49.399 ], [ -68.366, -49.366 ], [ -68.333, -49.366 ], [ -68.333, -49.399 ], [ -68.299, -49.399 ], [ -68.299, -49.366 ], [ -68.266, -49.366 ], [ -68.233, -49.366 ], [ -68.233, -49.333 ], [ -68.199, -49.333 ], [ -68.166, -49.333 ], [ -68.133, -49.333 ], [ -68.099, -49.333 ], [ -68.066, -49.333 ], [ -68.033, -49.333 ], [ -67.999, -49.333 ], [ -67.966, -49.333 ], [ -67.966, -49.366 ], [ -67.933, -49.366 ], [ -67.933, -49.333 ], [ -67.966, -49.333 ], [ -67.966, -49.299 ], [ -67.933, -49.299 ], [ -67.933, -49.266 ], [ -67.899, -49.266 ], [ -67.866, -49.266 ], [ -67.833, -49.266 ], [ -67.833, -49.233 ], [ -67.866, -49.233 ], [ -67.899, -49.233 ], [ -67.933, -49.233 ], [ -67.933, -49.199 ], [ -67.899, -49.199 ], [ -67.899, -49.166 ], [ -67.933, -49.166 ], [ -67.966, -49.166 ], [ -67.999, -49.166 ], [ -68.033, -49.166 ], [ -68.066, -49.166 ], [ -68.099, -49.166 ], [ -68.099, -49.199 ], [ -68.133, -49.199 ], [ -68.166, -49.199 ], [ -68.166, -49.233 ], [ -68.199, -49.233 ], [ -68.233, -49.233 ], [ -68.233, -49.266 ], [ -68.233, -49.299 ], [ -68.266, -49.299 ] ], [ [ -68.366, -49.199 ], [ -68.366, -49.166 ], [ -68.399, -49.166 ], [ -68.433, -49.166 ], [ -68.433, -49.199 ], [ -68.399, -49.199 ], [ -68.366, -49.199 ] ], [ [ -68.166, -49.466 ], [ -68.199, -49.466 ], [ -68.233, -49.466 ], [ -68.266, -49.466 ], [ -68.299, -49.466 ], [ -68.333, -49.466 ], [ -68.366, -49.466 ], [ -68.399, -49.466 ], [ -68.433, -49.466 ], [ -68.466, -49.466 ], [ -68.499, -49.466 ], [ -68.533, -49.466 ], [ -68.533, -49.499 ], [ -68.533, -49.533 ], [ -68.533, -49.566 ], [ -68.499, -49.566 ], [ -68.499, -49.599 ], [ -68.466, -49.599 ], [ -68.466, -49.633 ], [ -68.433, -49.633 ], [ -68.399, -49.633 ], [ -68.366, -49.633 ], [ -68.333, -49.633 ], [ -68.299, -49.633 ], [ -68.266, -49.633 ], [ -68.233, -49.633 ], [ -68.233, -49.599 ], [ -68.233, -49.566 ], [ -68.199, -49.566 ], [ -68.199, -49.533 ], [ -68.199, -49.499 ], [ -68.166, -49.499 ], [ -68.166, -49.466 ], [ -68.133, -49.466 ], [ -68.133, -49.433 ], [ -68.166, -49.433 ], [ -68.166, -49.466 ] ], [ [ -69.433, -49.233 ], [ -69.433, -49.199 ], [ -69.466, -49.199 ], [ -69.499, -49.199 ], [ -69.499, -49.233 ], [ -69.466, -49.233 ], [ -69.433, -49.233 ], [ -69.433, -49.266 ], [ -69.399, -49.266 ], [ -69.366, -49.266 ], [ -69.366, -49.233 ], [ -69.399, -49.233 ], [ -69.433, -49.233 ] ], [ [ -70.933, -49.233 ], [ -70.933, -49.199 ], [ -70.966, -49.199 ], [ -70.966, -49.233 ], [ -70.933, -49.233 ] ], [ [ -71.266, -51.299 ], [ -71.266, -51.266 ], [ -71.299, -51.266 ], [ -71.299, -51.233 ], [ -71.299, -51.199 ], [ -71.333, -51.199 ], [ -71.366, -51.199 ], [ -71.399, -51.199 ], [ -71.433, -51.199 ], [ -71.466, -51.199 ], [ -71.499, -51.199 ], [ -71.499, -51.233 ], [ -71.533, -51.233 ], [ -71.533, -51.266 ], [ -71.566, -51.266 ], [ -71.566, -51.299 ], [ -71.533, -51.299 ], [ -71.533, -51.333 ], [ -71.499, -51.333 ], [ -71.466, -51.333 ], [ -71.433, -51.333 ], [ -71.399, -51.333 ], [ -71.366, -51.333 ], [ -71.333, -51.333 ], [ -71.333, -51.299 ], [ -71.299, -51.299 ], [ -71.266, -51.299 ] ], [ [ -71.733, -51.633 ], [ -71.733, -51.666 ], [ -71.699, -51.666 ], [ -71.699, -51.699 ], [ -71.666, -51.699 ], [ -71.633, -51.699 ], [ -71.633, -51.666 ], [ -71.599, -51.666 ], [ -71.599, -51.633 ], [ -71.599, -51.599 ], [ -71.633, -51.599 ], [ -71.666, -51.599 ], [ -71.699, -51.599 ], [ -71.733, -51.599 ], [ -71.733, -51.633 ] ] ], [ [ [ -68.499, -46.733 ], [ -68.499, -46.766 ], [ -68.499, -46.799 ], [ -68.466, -46.799 ], [ -68.433, -46.799 ], [ -68.399, -46.799 ], [ -68.399, -46.833 ], [ -68.366, -46.833 ], [ -68.366, -46.799 ], [ -68.333, -46.799 ], [ -68.333, -46.766 ], [ -68.366, -46.766 ], [ -68.399, -46.766 ], [ -68.433, -46.766 ], [ -68.433, -46.733 ], [ -68.466, -46.733 ], [ -68.499, -46.733 ] ] ], [ [ [ -68.299, -46.766 ], [ -68.299, -46.799 ], [ -68.266, -46.799 ], [ -68.233, -46.799 ], [ -68.233, -46.766 ], [ -68.266, -46.766 ], [ -68.299, -46.766 ] ] ], [ [ [ -68.233, -47.099 ], [ -68.233, -47.133 ], [ -68.233, -47.166 ], [ -68.199, -47.166 ], [ -68.166, -47.166 ], [ -68.166, -47.133 ], [ -68.166, -47.099 ], [ -68.199, -47.099 ], [ -68.233, -47.099 ] ] ], [ [ [ -68.166, -47.233 ], [ -68.166, -47.266 ], [ -68.133, -47.266 ], [ -68.133, -47.233 ], [ -68.166, -47.233 ] ] ], [ [ [ -67.833, -47.633 ], [ -67.799, -47.633 ], [ -67.766, -47.633 ], [ -67.766, -47.599 ], [ -67.766, -47.566 ], [ -67.799, -47.566 ], [ -67.799, -47.599 ], [ -67.833, -47.599 ], [ -67.833, -47.633 ], [ -67.866, -47.633 ], [ -67.866, -47.599 ], [ -67.866, -47.566 ], [ -67.866, -47.533 ], [ -67.899, -47.533 ], [ -67.899, -47.566 ], [ -67.899, -47.599 ], [ -67.899, -47.633 ], [ -67.899, -47.666 ], [ -67.866, -47.666 ], [ -67.833, -47.666 ], [ -67.833, -47.633 ] ] ], [ [ [ -66.933, -47.866 ], [ -66.933, -47.899 ], [ -66.933, -47.933 ], [ -66.899, -47.933 ], [ -66.899, -47.899 ], [ -66.899, -47.866 ], [ -66.933, -47.866 ] ] ], [ [ [ -66.866, -47.966 ], [ -66.866, -47.999 ], [ -66.899, -47.999 ], [ -66.933, -47.999 ], [ -66.966, -47.999 ], [ -66.966, -48.033 ], [ -66.966, -48.066 ], [ -66.966, -48.099 ], [ -66.966, -48.133 ], [ -66.933, -48.133 ], [ -66.899, -48.133 ], [ -66.899, -48.099 ], [ -66.899, -48.066 ], [ -66.866, -48.066 ], [ -66.833, -48.066 ], [ -66.799, -48.066 ], [ -66.799, -48.033 ], [ -66.799, -47.999 ], [ -66.833, -47.999 ], [ -66.833, -47.966 ], [ -66.866, -47.966 ] ] ], [ [ [ -67.266, -48.066 ], [ -67.266, -48.033 ], [ -67.299, -48.033 ], [ -67.333, -48.033 ], [ -67.333, -48.066 ], [ -67.299, -48.066 ], [ -67.266, -48.066 ] ] ], [ [ [ -67.199, -48.166 ], [ -67.199, -48.199 ], [ -67.199, -48.233 ], [ -67.199, -48.266 ], [ -67.166, -48.266 ], [ -67.133, -48.266 ], [ -67.099, -48.266 ], [ -67.099, -48.233 ], [ -67.133, -48.233 ], [ -67.133, -48.199 ], [ -67.166, -48.199 ], [ -67.166, -48.166 ], [ -67.199, -48.166 ] ] ], [ [ [ -68.533, -49.133 ], [ -68.533, -49.099 ], [ -68.566, -49.099 ], [ -68.599, -49.099 ], [ -68.599, -49.133 ], [ -68.566, -49.133 ], [ -68.533, -49.133 ] ] ], [ [ [ -69.966, -49.133 ], [ -69.966, -49.099 ], [ -69.999, -49.099 ], [ -69.999, -49.133 ], [ -69.966, -49.133 ] ] ], [ [ [ -69.766, -49.599 ], [ -69.766, -49.566 ], [ -69.799, -49.566 ], [ -69.799, -49.533 ], [ -69.833, -49.533 ], [ -69.866, -49.533 ], [ -69.899, -49.533 ], [ -69.933, -49.533 ], [ -69.966, -49.533 ], [ -69.999, -49.533 ], [ -69.999, -49.499 ], [ -70.033, -49.499 ], [ -70.066, -49.499 ], [ -70.099, -49.499 ], [ -70.133, -49.499 ], [ -70.166, -49.499 ], [ -70.199, -49.499 ], [ -70.233, -49.499 ], [ -70.266, -49.499 ], [ -70.299, -49.499 ], [ -70.299, -49.533 ], [ -70.333, -49.533 ], [ -70.366, -49.533 ], [ -70.399, -49.533 ], [ -70.433, -49.533 ], [ -70.433, -49.566 ], [ -70.399, -49.566 ], [ -70.366, -49.566 ], [ -70.333, -49.566 ], [ -70.299, -49.566 ], [ -70.266, -49.566 ], [ -70.266, -49.599 ], [ -70.233, -49.599 ], [ -70.199, -49.599 ], [ -70.166, -49.599 ], [ -70.133, -49.599 ], [ -70.099, -49.599 ], [ -70.066, -49.599 ], [ -70.033, -49.599 ], [ -69.999, -49.599 ], [ -69.966, -49.599 ], [ -69.933, -49.599 ], [ -69.899, -49.599 ], [ -69.866, -49.599 ], [ -69.833, -49.599 ], [ -69.799, -49.599 ], [ -69.766, -49.599 ] ] ], [ [ [ -69.233, -49.399 ], [ -69.233, -49.366 ], [ -69.266, -49.366 ], [ -69.266, -49.333 ], [ -69.299, -49.333 ], [ -69.333, -49.333 ], [ -69.333, -49.366 ], [ -69.333, -49.399 ], [ -69.299, -49.399 ], [ -69.266, -49.399 ], [ -69.233, -49.399 ] ] ], [ [ [ -69.666, -49.366 ], [ -69.666, -49.333 ], [ -69.699, -49.333 ], [ -69.699, -49.366 ], [ -69.666, -49.366 ] ] ], [ [ [ -69.733, -49.333 ], [ -69.733, -49.299 ], [ -69.766, -49.299 ], [ -69.766, -49.333 ], [ -69.733, -49.333 ] ] ], [ [ [ -70.299, -48.899 ], [ -70.266, -48.899 ], [ -70.266, -48.866 ], [ -70.299, -48.866 ], [ -70.299, -48.899 ], [ -70.333, -48.899 ], [ -70.333, -48.933 ], [ -70.333, -48.966 ], [ -70.299, -48.966 ], [ -70.299, -48.933 ], [ -70.299, -48.899 ] ] ], [ [ [ -69.266, -49.766 ], [ -69.266, -49.799 ], [ -69.233, -49.799 ], [ -69.233, -49.766 ], [ -69.266, -49.766 ] ] ], [ [ [ -69.366, -49.799 ], [ -69.366, -49.766 ], [ -69.399, -49.766 ], [ -69.399, -49.799 ], [ -69.366, -49.799 ] ] ], [ [ [ -69.133, -49.966 ], [ -69.133, -49.999 ], [ -69.099, -49.999 ], [ -69.099, -49.966 ], [ -69.133, -49.966 ] ] ], [ [ [ -72.699, -50.333 ], [ -72.699, -50.366 ], [ -72.666, -50.366 ], [ -72.633, -50.366 ], [ -72.599, -50.366 ], [ -72.566, -50.366 ], [ -72.566, -50.333 ], [ -72.599, -50.333 ], [ -72.633, -50.333 ], [ -72.666, -50.333 ], [ -72.699, -50.333 ] ] ], [ [ [ -71.799, -50.866 ], [ -71.799, -50.899 ], [ -71.766, -50.899 ], [ -71.766, -50.866 ], [ -71.799, -50.866 ] ] ], [ [ [ -71.166, -50.933 ], [ -71.166, -50.966 ], [ -71.133, -50.966 ], [ -71.133, -50.933 ], [ -71.166, -50.933 ] ] ], [ [ [ -70.933, -51.066 ], [ -70.933, -51.099 ], [ -70.966, -51.099 ], [ -70.966, -51.066 ], [ -70.999, -51.066 ], [ -70.999, -51.099 ], [ -70.999, -51.133 ], [ -70.999, -51.166 ], [ -70.999, -51.199 ], [ -70.999, -51.233 ], [ -70.999, -51.266 ], [ -70.999, -51.299 ], [ -70.999, -51.333 ], [ -70.999, -51.366 ], [ -70.999, -51.399 ], [ -70.966, -51.399 ], [ -70.933, -51.399 ], [ -70.899, -51.399 ], [ -70.866, -51.399 ], [ -70.833, -51.399 ], [ -70.799, -51.399 ], [ -70.766, -51.399 ], [ -70.733, -51.399 ], [ -70.699, -51.399 ], [ -70.666, -51.399 ], [ -70.666, -51.366 ], [ -70.699, -51.366 ], [ -70.733, -51.366 ], [ -70.766, -51.366 ], [ -70.799, -51.366 ], [ -70.799, -51.333 ], [ -70.833, -51.333 ], [ -70.866, -51.333 ], [ -70.899, -51.333 ], [ -70.899, -51.299 ], [ -70.933, -51.299 ], [ -70.966, -51.299 ], [ -70.966, -51.266 ], [ -70.966, -51.233 ], [ -70.933, -51.233 ], [ -70.899, -51.233 ], [ -70.866, -51.233 ], [ -70.833, -51.233 ], [ -70.833, -51.266 ], [ -70.799, -51.266 ], [ -70.766, -51.266 ], [ -70.733, -51.266 ], [ -70.699, -51.266 ], [ -70.699, -51.299 ], [ -70.666, -51.299 ], [ -70.666, -51.266 ], [ -70.633, -51.266 ], [ -70.633, -51.233 ], [ -70.599, -51.233 ], [ -70.599, -51.199 ], [ -70.633, -51.199 ], [ -70.633, -51.166 ], [ -70.666, -51.166 ], [ -70.666, -51.133 ], [ -70.666, -51.099 ], [ -70.666, -51.066 ], [ -70.699, -51.066 ], [ -70.733, -51.066 ], [ -70.766, -51.066 ], [ -70.799, -51.066 ], [ -70.833, -51.066 ], [ -70.866, -51.066 ], [ -70.899, -51.066 ], [ -70.933, -51.066 ] ] ], [ [ [ -70.866, -51.433 ], [ -70.866, -51.466 ], [ -70.833, -51.466 ], [ -70.833, -51.433 ], [ -70.866, -51.433 ] ] ], [ [ [ -70.566, -51.866 ], [ -70.566, -51.899 ], [ -70.533, -51.899 ], [ -70.499, -51.899 ], [ -70.499, -51.866 ], [ -70.533, -51.866 ], [ -70.566, -51.866 ] ] ], [ [ [ -66.799, -47.199 ], [ -66.799, -47.233 ], [ -66.766, -47.233 ], [ -66.766, -47.266 ], [ -66.733, -47.266 ], [ -66.699, -47.266 ], [ -66.666, -47.266 ], [ -66.666, -47.233 ], [ -66.699, -47.233 ], [ -66.733, -47.233 ], [ -66.733, -47.199 ], [ -66.766, -47.199 ], [ -66.799, -47.199 ] ] ], [ [ [ -66.866, -47.299 ], [ -66.899, -47.299 ], [ -66.899, -47.333 ], [ -66.866, -47.333 ], [ -66.866, -47.299 ], [ -66.833, -47.299 ], [ -66.799, -47.299 ], [ -66.799, -47.266 ], [ -66.833, -47.266 ], [ -66.866, -47.266 ], [ -66.866, -47.299 ] ] ], [ [ [ -67.399, -45.499 ], [ -67.433, -45.499 ], [ -67.433, -45.466 ], [ -67.399, -45.466 ], [ -67.399, -45.499 ] ] ], [ [ [ -67.399, -45.599 ], [ -67.399, -45.566 ], [ -67.399, -45.533 ], [ -67.399, -45.499 ], [ -67.366, -45.499 ], [ -67.333, -45.499 ], [ -67.333, -45.466 ], [ -67.366, -45.466 ], [ -67.366, -45.433 ], [ -67.333, -45.433 ], [ -67.333, -45.399 ], [ -67.299, -45.399 ], [ -67.299, -45.366 ], [ -67.266, -45.366 ], [ -67.266, -45.333 ], [ -67.266, -45.299 ], [ -67.233, -45.299 ], [ -67.199, -45.299 ], [ -67.199, -45.266 ], [ -67.166, -45.266 ], [ -67.166, -45.233 ], [ -67.133, -45.233 ], [ -67.099, -45.233 ], [ -67.099, -45.266 ], [ -67.099, -45.299 ], [ -67.133, -45.299 ], [ -67.166, -45.299 ], [ -67.166, -45.333 ], [ -67.199, -45.333 ], [ -67.199, -45.366 ], [ -67.233, -45.366 ], [ -67.233, -45.399 ], [ -67.233, -45.433 ], [ -67.233, -45.466 ], [ -67.233, -45.499 ], [ -67.266, -45.499 ], [ -67.299, -45.499 ], [ -67.299, -45.533 ], [ -67.333, -45.533 ], [ -67.333, -45.566 ], [ -67.333, -45.599 ], [ -67.366, -45.599 ], [ -67.399, -45.599 ] ] ], [ [ [ -65.699, -44.966 ], [ -65.733, -44.966 ], [ -65.733, -44.933 ], [ -65.699, -44.933 ], [ -65.666, -44.933 ], [ -65.633, -44.933 ], [ -65.633, -44.966 ], [ -65.666, -44.966 ], [ -65.699, -44.966 ] ] ], [ [ [ -65.799, -44.933 ], [ -65.833, -44.933 ], [ -65.833, -44.899 ], [ -65.799, -44.899 ], [ -65.799, -44.933 ] ] ], [ [ [ -70.166, -44.966 ], [ -70.199, -44.966 ], [ -70.199, -44.933 ], [ -70.199, -44.899 ], [ -70.199, -44.866 ], [ -70.166, -44.866 ], [ -70.166, -44.899 ], [ -70.166, -44.933 ], [ -70.166, -44.966 ] ] ], [ [ [ -66.233, -44.599 ], [ -66.233, -44.633 ], [ -66.266, -44.633 ], [ -66.266, -44.599 ], [ -66.233, -44.599 ] ] ], [ [ [ -66.233, -44.599 ], [ -66.233, -44.566 ], [ -66.199, -44.566 ], [ -66.199, -44.599 ], [ -66.233, -44.599 ] ] ], [ [ [ -70.399, -44.233 ], [ -70.399, -44.266 ], [ -70.366, -44.266 ], [ -70.366, -44.299 ], [ -70.366, -44.333 ], [ -70.333, -44.333 ], [ -70.299, -44.333 ], [ -70.299, -44.366 ], [ -70.266, -44.366 ], [ -70.266, -44.399 ], [ -70.233, -44.399 ], [ -70.233, -44.433 ], [ -70.199, -44.433 ], [ -70.166, -44.433 ], [ -70.166, -44.466 ], [ -70.133, -44.466 ], [ -70.099, -44.466 ], [ -70.066, -44.466 ], [ -70.033, -44.466 ], [ -70.033, -44.499 ], [ -70.033, -44.533 ], [ -69.999, -44.533 ], [ -69.999, -44.566 ], [ -70.033, -44.566 ], [ -70.033, -44.599 ], [ -69.999, -44.599 ], [ -69.999, -44.633 ], [ -69.966, -44.633 ], [ -69.933, -44.633 ], [ -69.933, -44.666 ], [ -69.899, -44.666 ], [ -69.899, -44.699 ], [ -69.899, -44.733 ], [ -69.933, -44.733 ], [ -69.966, -44.733 ], [ -69.999, -44.733 ], [ -69.999, -44.699 ], [ -70.033, -44.699 ], [ -70.033, -44.666 ], [ -70.033, -44.633 ], [ -70.066, -44.633 ], [ -70.066, -44.599 ], [ -70.099, -44.599 ], [ -70.099, -44.566 ], [ -70.133, -44.566 ], [ -70.133, -44.533 ], [ -70.166, -44.533 ], [ -70.166, -44.566 ], [ -70.166, -44.599 ], [ -70.166, -44.633 ], [ -70.166, -44.666 ], [ -70.166, -44.699 ], [ -70.166, -44.733 ], [ -70.199, -44.733 ], [ -70.199, -44.699 ], [ -70.199, -44.666 ], [ -70.199, -44.633 ], [ -70.233, -44.633 ], [ -70.266, -44.633 ], [ -70.266, -44.599 ], [ -70.299, -44.599 ], [ -70.299, -44.566 ], [ -70.333, -44.566 ], [ -70.333, -44.533 ], [ -70.366, -44.533 ], [ -70.366, -44.499 ], [ -70.399, -44.499 ], [ -70.399, -44.466 ], [ -70.433, -44.466 ], [ -70.433, -44.433 ], [ -70.433, -44.399 ], [ -70.433, -44.366 ], [ -70.433, -44.333 ], [ -70.433, -44.299 ], [ -70.433, -44.266 ], [ -70.433, -44.233 ], [ -70.433, -44.199 ], [ -70.399, -44.199 ], [ -70.399, -44.233 ] ] ], [ [ [ -71.599, -44.266 ], [ -71.599, -44.299 ], [ -71.633, -44.299 ], [ -71.633, -44.266 ], [ -71.666, -44.266 ], [ -71.699, -44.266 ], [ -71.733, -44.266 ], [ -71.766, -44.266 ], [ -71.766, -44.226 ], [ -71.758, -44.225 ], [ -71.749, -44.220 ], [ -71.738, -44.215 ], [ -71.737, -44.214 ], [ -71.734, -44.213 ], [ -71.729, -44.209 ], [ -71.726, -44.204 ], [ -71.728, -44.200 ], [ -71.729, -44.197 ], [ -71.729, -44.193 ], [ -71.726, -44.190 ], [ -71.727, -44.187 ], [ -71.730, -44.184 ], [ -71.734, -44.177 ], [ -71.734, -44.172 ], [ -71.738, -44.171 ], [ -71.733, -44.166 ], [ -71.699, -44.166 ], [ -71.666, -44.166 ], [ -71.633, -44.166 ], [ -71.599, -44.166 ], [ -71.566, -44.166 ], [ -71.566, -44.199 ], [ -71.566, -44.233 ], [ -71.599, -44.233 ], [ -71.599, -44.266 ] ] ], [ [ [ -70.266, -44.099 ], [ -70.266, -44.133 ], [ -70.233, -44.133 ], [ -70.233, -44.166 ], [ -70.199, -44.166 ], [ -70.199, -44.199 ], [ -70.166, -44.199 ], [ -70.133, -44.199 ], [ -70.099, -44.199 ], [ -70.099, -44.233 ], [ -70.099, -44.266 ], [ -70.133, -44.266 ], [ -70.166, -44.266 ], [ -70.199, -44.266 ], [ -70.199, -44.299 ], [ -70.233, -44.299 ], [ -70.233, -44.266 ], [ -70.266, -44.266 ], [ -70.299, -44.266 ], [ -70.333, -44.266 ], [ -70.333, -44.233 ], [ -70.333, -44.199 ], [ -70.366, -44.199 ], [ -70.366, -44.166 ], [ -70.399, -44.166 ], [ -70.399, -44.133 ], [ -70.399, -44.099 ], [ -70.366, -44.099 ], [ -70.333, -44.099 ], [ -70.299, -44.099 ], [ -70.266, -44.099 ] ] ], [ [ [ -70.066, -43.999 ], [ -70.099, -43.999 ], [ -70.099, -43.966 ], [ -70.066, -43.966 ], [ -70.066, -43.999 ] ] ], [ [ [ -68.799, -43.799 ], [ -68.799, -43.833 ], [ -68.833, -43.833 ], [ -68.833, -43.799 ], [ -68.799, -43.799 ] ] ], [ [ [ -71.433, -43.599 ], [ -71.399, -43.599 ], [ -71.399, -43.633 ], [ -71.399, -43.666 ], [ -71.433, -43.666 ], [ -71.433, -43.633 ], [ -71.433, -43.599 ] ] ], [ [ [ -71.433, -43.599 ], [ -71.466, -43.599 ], [ -71.466, -43.566 ], [ -71.433, -43.566 ], [ -71.433, -43.599 ] ] ], [ [ [ -69.799, -43.566 ], [ -69.799, -43.599 ], [ -69.766, -43.599 ], [ -69.766, -43.633 ], [ -69.766, -43.666 ], [ -69.733, -43.666 ], [ -69.733, -43.699 ], [ -69.699, -43.699 ], [ -69.699, -43.733 ], [ -69.666, -43.733 ], [ -69.633, -43.733 ], [ -69.633, -43.766 ], [ -69.599, -43.766 ], [ -69.599, -43.799 ], [ -69.599, -43.833 ], [ -69.599, -43.866 ], [ -69.633, -43.866 ], [ -69.666, -43.866 ], [ -69.666, -43.899 ], [ -69.699, -43.899 ], [ -69.733, -43.899 ], [ -69.766, -43.899 ], [ -69.766, -43.866 ], [ -69.799, -43.866 ], [ -69.799, -43.833 ], [ -69.799, -43.799 ], [ -69.833, -43.799 ], [ -69.833, -43.766 ], [ -69.833, -43.733 ], [ -69.833, -43.699 ], [ -69.833, -43.666 ], [ -69.833, -43.633 ], [ -69.866, -43.633 ], [ -69.866, -43.599 ], [ -69.833, -43.599 ], [ -69.833, -43.566 ], [ -69.799, -43.566 ] ] ], [ [ [ -71.666, -43.533 ], [ -71.666, -43.566 ], [ -71.699, -43.566 ], [ -71.699, -43.590 ], [ -71.703, -43.592 ], [ -71.706, -43.592 ], [ -71.707, -43.591 ], [ -71.707, -43.589 ], [ -71.708, -43.589 ], [ -71.718, -43.588 ], [ -71.721, -43.588 ], [ -71.728, -43.586 ], [ -71.730, -43.585 ], [ -71.733, -43.584 ], [ -71.733, -43.566 ], [ -71.733, -43.533 ], [ -71.699, -43.533 ], [ -71.666, -43.533 ] ] ], [ [ [ -71.466, -43.566 ], [ -71.499, -43.566 ], [ -71.533, -43.566 ], [ -71.533, -43.533 ], [ -71.499, -43.533 ], [ -71.466, -43.533 ], [ -71.466, -43.566 ] ] ], [ [ [ -71.533, -43.533 ], [ -71.566, -43.533 ], [ -71.599, -43.533 ], [ -71.633, -43.533 ], [ -71.666, -43.533 ], [ -71.666, -43.499 ], [ -71.633, -43.499 ], [ -71.599, -43.499 ], [ -71.566, -43.499 ], [ -71.533, -43.499 ], [ -71.533, -43.533 ] ] ], [ [ [ -70.399, -43.266 ], [ -70.399, -43.299 ], [ -70.433, -43.299 ], [ -70.433, -43.266 ], [ -70.399, -43.266 ] ] ], [ [ [ -71.633, -43.133 ], [ -71.666, -43.133 ], [ -71.699, -43.133 ], [ -71.699, -43.099 ], [ -71.666, -43.099 ], [ -71.633, -43.099 ], [ -71.633, -43.133 ] ] ], [ [ [ -71.699, -43.099 ], [ -71.733, -43.099 ], [ -71.733, -43.066 ], [ -71.699, -43.066 ], [ -71.699, -43.099 ] ] ], [ [ [ -71.633, -43.133 ], [ -71.599, -43.133 ], [ -71.599, -43.166 ], [ -71.566, -43.166 ], [ -71.566, -43.133 ], [ -71.533, -43.133 ], [ -71.533, -43.099 ], [ -71.499, -43.099 ], [ -71.499, -43.066 ], [ -71.466, -43.066 ], [ -71.466, -43.099 ], [ -71.433, -43.099 ], [ -71.399, -43.099 ], [ -71.399, -43.133 ], [ -71.433, -43.133 ], [ -71.433, -43.166 ], [ -71.466, -43.166 ], [ -71.499, -43.166 ], [ -71.499, -43.199 ], [ -71.533, -43.199 ], [ -71.566, -43.199 ], [ -71.599, -43.199 ], [ -71.633, -43.199 ], [ -71.666, -43.199 ], [ -71.666, -43.166 ], [ -71.633, -43.166 ], [ -71.633, -43.133 ] ] ], [ [ [ -70.799, -43.099 ], [ -70.799, -43.133 ], [ -70.833, -43.133 ], [ -70.833, -43.166 ], [ -70.833, -43.199 ], [ -70.833, -43.233 ], [ -70.866, -43.233 ], [ -70.866, -43.266 ], [ -70.866, -43.299 ], [ -70.899, -43.299 ], [ -70.899, -43.266 ], [ -70.899, -43.233 ], [ -70.899, -43.199 ], [ -70.899, -43.166 ], [ -70.899, -43.133 ], [ -70.933, -43.133 ], [ -70.933, -43.099 ], [ -70.966, -43.099 ], [ -70.966, -43.066 ], [ -70.933, -43.066 ], [ -70.899, -43.066 ], [ -70.866, -43.066 ], [ -70.833, -43.066 ], [ -70.799, -43.066 ], [ -70.799, -43.099 ] ] ], [ [ [ -71.933, -43.033 ], [ -71.945, -43.045 ], [ -71.948, -43.044 ], [ -71.952, -43.043 ], [ -71.956, -43.041 ], [ -71.960, -43.040 ], [ -71.963, -43.039 ], [ -71.966, -43.040 ], [ -71.966, -43.041 ], [ -71.966, -42.999 ], [ -71.933, -42.999 ], [ -71.899, -42.999 ], [ -71.899, -43.033 ], [ -71.933, -43.033 ] ] ], [ [ [ -71.833, -43.033 ], [ -71.866, -43.033 ], [ -71.866, -42.999 ], [ -71.833, -42.999 ], [ -71.833, -43.033 ] ] ], [ [ [ -71.766, -43.033 ], [ -71.799, -43.033 ], [ -71.799, -42.999 ], [ -71.766, -42.999 ], [ -71.766, -43.033 ] ] ], [ [ [ -67.966, -42.999 ], [ -67.999, -42.999 ], [ -67.999, -42.966 ], [ -67.966, -42.966 ], [ -67.966, -42.999 ] ] ], [ [ [ -72.033, -42.933 ], [ -71.999, -42.933 ], [ -71.966, -42.933 ], [ -71.966, -42.966 ], [ -71.999, -42.966 ], [ -71.999, -42.999 ], [ -72.033, -42.999 ], [ -72.033, -42.966 ], [ -72.033, -42.933 ] ] ], [ [ [ -72.033, -42.933 ], [ -72.066, -42.933 ], [ -72.066, -42.899 ], [ -72.033, -42.899 ], [ -72.033, -42.933 ] ] ], [ [ [ -71.433, -42.933 ], [ -71.466, -42.933 ], [ -71.466, -42.899 ], [ -71.433, -42.899 ], [ -71.433, -42.933 ] ] ], [ [ [ -72.066, -42.899 ], [ -72.099, -42.899 ], [ -72.099, -42.866 ], [ -72.066, -42.866 ], [ -72.066, -42.899 ] ] ], [ [ [ -67.566, -42.899 ], [ -67.566, -42.866 ], [ -67.533, -42.866 ], [ -67.533, -42.899 ], [ -67.566, -42.899 ] ] ], [ [ [ -72.099, -42.866 ], [ -72.135, -42.866 ], [ -72.136, -42.866 ], [ -72.134, -42.861 ], [ -72.133, -42.857 ], [ -72.134, -42.853 ], [ -72.147, -42.850 ], [ -72.146, -42.846 ], [ -72.133, -42.833 ], [ -72.099, -42.833 ], [ -72.099, -42.866 ] ] ], [ [ [ -71.933, -42.833 ], [ -71.966, -42.833 ], [ -71.966, -42.799 ], [ -71.933, -42.799 ], [ -71.933, -42.833 ] ] ], [ [ [ -71.866, -42.766 ], [ -71.866, -42.799 ], [ -71.833, -42.799 ], [ -71.833, -42.833 ], [ -71.799, -42.833 ], [ -71.799, -42.866 ], [ -71.833, -42.866 ], [ -71.866, -42.866 ], [ -71.866, -42.833 ], [ -71.899, -42.833 ], [ -71.899, -42.799 ], [ -71.899, -42.766 ], [ -71.866, -42.766 ] ] ], [ [ [ -71.766, -42.766 ], [ -71.733, -42.766 ], [ -71.699, -42.766 ], [ -71.699, -42.799 ], [ -71.666, -42.799 ], [ -71.633, -42.799 ], [ -71.599, -42.799 ], [ -71.599, -42.833 ], [ -71.599, -42.866 ], [ -71.566, -42.866 ], [ -71.566, -42.899 ], [ -71.566, -42.933 ], [ -71.533, -42.933 ], [ -71.533, -42.966 ], [ -71.499, -42.966 ], [ -71.466, -42.966 ], [ -71.433, -42.966 ], [ -71.399, -42.966 ], [ -71.399, -42.933 ], [ -71.366, -42.933 ], [ -71.366, -42.899 ], [ -71.333, -42.899 ], [ -71.299, -42.899 ], [ -71.266, -42.899 ], [ -71.266, -42.933 ], [ -71.299, -42.933 ], [ -71.333, -42.933 ], [ -71.333, -42.966 ], [ -71.366, -42.966 ], [ -71.366, -42.999 ], [ -71.399, -42.999 ], [ -71.433, -42.999 ], [ -71.433, -43.033 ], [ -71.466, -43.033 ], [ -71.466, -42.999 ], [ -71.499, -42.999 ], [ -71.533, -42.999 ], [ -71.566, -42.999 ], [ -71.599, -42.999 ], [ -71.599, -42.966 ], [ -71.599, -42.933 ], [ -71.599, -42.899 ], [ -71.633, -42.899 ], [ -71.633, -42.866 ], [ -71.633, -42.833 ], [ -71.666, -42.833 ], [ -71.699, -42.833 ], [ -71.699, -42.866 ], [ -71.699, -42.899 ], [ -71.699, -42.933 ], [ -71.699, -42.966 ], [ -71.699, -42.999 ], [ -71.733, -42.999 ], [ -71.733, -42.966 ], [ -71.733, -42.933 ], [ -71.733, -42.899 ], [ -71.766, -42.899 ], [ -71.766, -42.866 ], [ -71.733, -42.866 ], [ -71.733, -42.833 ], [ -71.733, -42.799 ], [ -71.766, -42.799 ], [ -71.766, -42.766 ] ] ], [ [ [ -71.766, -42.766 ], [ -71.799, -42.766 ], [ -71.799, -42.733 ], [ -71.766, -42.733 ], [ -71.766, -42.766 ] ] ], [ [ [ -71.966, -42.733 ], [ -71.966, -42.766 ], [ -71.999, -42.766 ], [ -72.033, -42.766 ], [ -72.066, -42.766 ], [ -72.066, -42.733 ], [ -72.066, -42.699 ], [ -72.033, -42.699 ], [ -72.033, -42.733 ], [ -71.999, -42.733 ], [ -71.966, -42.733 ] ] ], [ [ [ -71.766, -42.733 ], [ -71.766, -42.699 ], [ -71.733, -42.699 ], [ -71.699, -42.699 ], [ -71.699, -42.733 ], [ -71.733, -42.733 ], [ -71.766, -42.733 ] ] ], [ [ [ -71.766, -42.699 ], [ -71.799, -42.699 ], [ -71.799, -42.666 ], [ -71.799, -42.633 ], [ -71.766, -42.633 ], [ -71.766, -42.666 ], [ -71.766, -42.699 ] ] ], [ [ [ -69.799, -42.666 ], [ -69.833, -42.666 ], [ -69.866, -42.666 ], [ -69.899, -42.666 ], [ -69.933, -42.666 ], [ -69.966, -42.666 ], [ -69.999, -42.666 ], [ -69.999, -42.633 ], [ -69.966, -42.633 ], [ -69.933, -42.633 ], [ -69.899, -42.633 ], [ -69.866, -42.633 ], [ -69.833, -42.633 ], [ -69.799, -42.633 ], [ -69.799, -42.666 ] ] ], [ [ [ -71.966, -42.733 ], [ -71.966, -42.699 ], [ -71.933, -42.699 ], [ -71.933, -42.666 ], [ -71.899, -42.666 ], [ -71.899, -42.633 ], [ -71.933, -42.633 ], [ -71.966, -42.633 ], [ -71.966, -42.599 ], [ -71.933, -42.599 ], [ -71.899, -42.599 ], [ -71.866, -42.599 ], [ -71.866, -42.633 ], [ -71.866, -42.666 ], [ -71.866, -42.699 ], [ -71.899, -42.699 ], [ -71.899, -42.733 ], [ -71.933, -42.733 ], [ -71.966, -42.733 ] ] ], [ [ [ -71.766, -42.633 ], [ -71.766, -42.599 ], [ -71.733, -42.599 ], [ -71.733, -42.633 ], [ -71.766, -42.633 ] ] ], [ [ [ -71.699, -42.699 ], [ -71.699, -42.666 ], [ -71.699, -42.633 ], [ -71.699, -42.599 ], [ -71.666, -42.599 ], [ -71.633, -42.599 ], [ -71.633, -42.633 ], [ -71.666, -42.633 ], [ -71.666, -42.666 ], [ -71.666, -42.699 ], [ -71.699, -42.699 ] ] ], [ [ [ -70.899, -42.599 ], [ -70.899, -42.633 ], [ -70.866, -42.633 ], [ -70.866, -42.666 ], [ -70.833, -42.666 ], [ -70.833, -42.699 ], [ -70.866, -42.699 ], [ -70.899, -42.699 ], [ -70.899, -42.733 ], [ -70.933, -42.733 ], [ -70.933, -42.699 ], [ -70.933, -42.666 ], [ -70.933, -42.633 ], [ -70.966, -42.633 ], [ -70.966, -42.599 ], [ -70.933, -42.599 ], [ -70.899, -42.599 ] ] ], [ [ [ -71.599, -42.566 ], [ -71.633, -42.566 ], [ -71.633, -42.533 ], [ -71.599, -42.533 ], [ -71.599, -42.566 ] ] ], [ [ [ -71.799, -42.466 ], [ -71.799, -42.499 ], [ -71.833, -42.499 ], [ -71.866, -42.499 ], [ -71.866, -42.466 ], [ -71.833, -42.466 ], [ -71.799, -42.466 ] ] ], [ [ [ -64.499, -42.499 ], [ -64.533, -42.499 ], [ -64.533, -42.466 ], [ -64.499, -42.466 ], [ -64.499, -42.499 ] ] ], [ [ [ -71.833, -42.299 ], [ -71.833, -42.333 ], [ -71.866, -42.333 ], [ -71.866, -42.299 ], [ -71.833, -42.299 ] ] ], [ [ [ -72.033, -42.299 ], [ -72.066, -42.299 ], [ -72.066, -42.266 ], [ -72.033, -42.266 ], [ -72.033, -42.299 ] ] ], [ [ [ -71.966, -42.299 ], [ -71.999, -42.299 ], [ -71.999, -42.266 ], [ -71.966, -42.266 ], [ -71.966, -42.299 ] ] ], [ [ [ -71.833, -42.299 ], [ -71.833, -42.266 ], [ -71.799, -42.266 ], [ -71.799, -42.299 ], [ -71.833, -42.299 ] ] ], [ [ [ -66.299, -42.299 ], [ -66.333, -42.299 ], [ -66.333, -42.266 ], [ -66.299, -42.266 ], [ -66.299, -42.299 ] ] ], [ [ [ -71.633, -42.266 ], [ -71.666, -42.266 ], [ -71.666, -42.233 ], [ -71.633, -42.233 ], [ -71.633, -42.266 ] ] ], [ [ [ -71.399, -42.266 ], [ -71.433, -42.266 ], [ -71.433, -42.233 ], [ -71.399, -42.233 ], [ -71.399, -42.266 ] ] ], [ [ [ -66.333, -42.266 ], [ -66.366, -42.266 ], [ -66.366, -42.233 ], [ -66.333, -42.233 ], [ -66.333, -42.266 ] ] ], [ [ [ -71.999, -42.199 ], [ -71.999, -42.233 ], [ -72.033, -42.233 ], [ -72.066, -42.233 ], [ -72.099, -42.233 ], [ -72.099, -42.199 ], [ -72.066, -42.199 ], [ -72.033, -42.199 ], [ -71.999, -42.199 ] ] ], [ [ [ -71.766, -42.233 ], [ -71.799, -42.233 ], [ -71.799, -42.199 ], [ -71.766, -42.199 ], [ -71.733, -42.199 ], [ -71.733, -42.233 ], [ -71.766, -42.233 ] ] ], [ [ [ -71.533, -42.233 ], [ -71.566, -42.233 ], [ -71.566, -42.199 ], [ -71.533, -42.199 ], [ -71.533, -42.233 ] ] ], [ [ [ -71.912, -42.187 ], [ -71.899, -42.199 ], [ -71.899, -42.233 ], [ -71.933, -42.233 ], [ -71.933, -42.199 ], [ -71.922, -42.189 ], [ -71.918, -42.189 ], [ -71.913, -42.187 ], [ -71.912, -42.187 ] ] ], [ [ [ -71.999, -42.199 ], [ -71.999, -42.166 ], [ -71.966, -42.166 ], [ -71.966, -42.199 ], [ -71.999, -42.199 ] ] ], [ [ [ -71.666, -42.199 ], [ -71.699, -42.199 ], [ -71.699, -42.166 ], [ -71.666, -42.166 ], [ -71.666, -42.199 ] ] ], [ [ [ -71.399, -42.199 ], [ -71.433, -42.199 ], [ -71.433, -42.166 ], [ -71.399, -42.166 ], [ -71.399, -42.199 ] ] ], [ [ [ -71.566, -42.133 ], [ -71.599, -42.133 ], [ -71.599, -42.099 ], [ -71.566, -42.099 ], [ -71.566, -42.133 ] ] ], [ [ [ -71.399, -42.099 ], [ -71.366, -42.099 ], [ -71.366, -42.133 ], [ -71.399, -42.133 ], [ -71.399, -42.099 ] ] ], [ [ [ -71.399, -42.099 ], [ -71.433, -42.099 ], [ -71.433, -42.066 ], [ -71.399, -42.066 ], [ -71.399, -42.099 ] ] ], [ [ [ -71.333, -42.033 ], [ -71.333, -42.066 ], [ -71.366, -42.066 ], [ -71.366, -42.033 ], [ -71.333, -42.033 ] ] ], [ [ [ -71.633, -42.033 ], [ -71.666, -42.033 ], [ -71.666, -41.999 ], [ -71.633, -41.999 ], [ -71.599, -41.999 ], [ -71.599, -42.033 ], [ -71.633, -42.033 ] ] ], [ [ [ -71.133, -42.033 ], [ -71.133, -41.999 ], [ -71.099, -41.999 ], [ -71.099, -42.033 ], [ -71.133, -42.033 ] ] ], [ [ [ -70.466, -42.033 ], [ -70.466, -41.999 ], [ -70.433, -41.999 ], [ -70.433, -41.966 ], [ -70.399, -41.966 ], [ -70.399, -41.999 ], [ -70.399, -42.033 ], [ -70.433, -42.033 ], [ -70.466, -42.033 ] ] ], [ [ [ -66.999, -41.966 ], [ -66.999, -41.999 ], [ -66.966, -41.999 ], [ -66.966, -42.033 ], [ -66.933, -42.033 ], [ -66.933, -42.066 ], [ -66.899, -42.066 ], [ -66.866, -42.066 ], [ -66.866, -42.099 ], [ -66.833, -42.099 ], [ -66.833, -42.133 ], [ -66.799, -42.133 ], [ -66.799, -42.166 ], [ -66.833, -42.166 ], [ -66.833, -42.199 ], [ -66.866, -42.199 ], [ -66.899, -42.199 ], [ -66.933, -42.199 ], [ -66.933, -42.166 ], [ -66.966, -42.166 ], [ -66.966, -42.133 ], [ -66.933, -42.133 ], [ -66.933, -42.099 ], [ -66.966, -42.099 ], [ -66.966, -42.066 ], [ -66.999, -42.066 ], [ -66.999, -42.033 ], [ -67.033, -42.033 ], [ -67.066, -42.033 ], [ -67.066, -41.999 ], [ -67.066, -41.966 ], [ -67.033, -41.966 ], [ -66.999, -41.966 ] ] ], [ [ [ -71.466, -41.933 ], [ -71.466, -41.966 ], [ -71.466, -41.999 ], [ -71.466, -42.033 ], [ -71.499, -42.033 ], [ -71.499, -41.999 ], [ -71.499, -41.966 ], [ -71.499, -41.933 ], [ -71.466, -41.933 ] ] ], [ [ [ -71.433, -41.933 ], [ -71.399, -41.933 ], [ -71.399, -41.966 ], [ -71.433, -41.966 ], [ -71.433, -41.933 ] ] ], [ [ [ -70.399, -41.966 ], [ -70.399, -41.933 ], [ -70.366, -41.933 ], [ -70.366, -41.966 ], [ -70.399, -41.966 ] ] ], [ [ [ -70.299, -41.966 ], [ -70.333, -41.966 ], [ -70.333, -41.933 ], [ -70.299, -41.933 ], [ -70.266, -41.933 ], [ -70.266, -41.966 ], [ -70.299, -41.966 ] ] ], [ [ [ -71.433, -41.933 ], [ -71.466, -41.933 ], [ -71.466, -41.899 ], [ -71.433, -41.899 ], [ -71.433, -41.933 ] ] ], [ [ [ -71.366, -41.933 ], [ -71.399, -41.933 ], [ -71.399, -41.899 ], [ -71.399, -41.866 ], [ -71.366, -41.866 ], [ -71.366, -41.899 ], [ -71.366, -41.933 ] ] ], [ [ [ -71.566, -41.799 ], [ -71.566, -41.833 ], [ -71.566, -41.866 ], [ -71.566, -41.899 ], [ -71.566, -41.933 ], [ -71.599, -41.933 ], [ -71.599, -41.899 ], [ -71.599, -41.866 ], [ -71.633, -41.866 ], [ -71.666, -41.866 ], [ -71.699, -41.866 ], [ -71.699, -41.833 ], [ -71.699, -41.799 ], [ -71.666, -41.799 ], [ -71.666, -41.833 ], [ -71.633, -41.833 ], [ -71.599, -41.833 ], [ -71.599, -41.799 ], [ -71.566, -41.799 ] ] ], [ [ [ -71.099, -41.999 ], [ -71.099, -41.966 ], [ -71.099, -41.933 ], [ -71.133, -41.933 ], [ -71.166, -41.933 ], [ -71.166, -41.966 ], [ -71.199, -41.966 ], [ -71.199, -41.999 ], [ -71.166, -41.999 ], [ -71.166, -42.033 ], [ -71.199, -42.033 ], [ -71.199, -42.066 ], [ -71.199, -42.099 ], [ -71.166, -42.099 ], [ -71.166, -42.066 ], [ -71.166, -42.033 ], [ -71.133, -42.033 ], [ -71.133, -42.066 ], [ -71.133, -42.099 ], [ -71.133, -42.133 ], [ -71.133, -42.166 ], [ -71.133, -42.199 ], [ -71.099, -42.199 ], [ -71.099, -42.166 ], [ -71.066, -42.166 ], [ -71.066, -42.199 ], [ -71.066, -42.233 ], [ -71.066, -42.266 ], [ -71.099, -42.266 ], [ -71.099, -42.299 ], [ -71.099, -42.333 ], [ -71.066, -42.333 ], [ -71.033, -42.333 ], [ -70.999, -42.333 ], [ -70.999, -42.299 ], [ -70.999, -42.266 ], [ -70.966, -42.266 ], [ -70.966, -42.233 ], [ -70.933, -42.233 ], [ -70.933, -42.266 ], [ -70.899, -42.266 ], [ -70.899, -42.299 ], [ -70.866, -42.299 ], [ -70.866, -42.333 ], [ -70.833, -42.333 ], [ -70.833, -42.366 ], [ -70.799, -42.366 ], [ -70.766, -42.366 ], [ -70.766, -42.333 ], [ -70.733, -42.333 ], [ -70.699, -42.333 ], [ -70.699, -42.299 ], [ -70.699, -42.266 ], [ -70.733, -42.266 ], [ -70.766, -42.266 ], [ -70.766, -42.233 ], [ -70.733, -42.233 ], [ -70.733, -42.199 ], [ -70.733, -42.166 ], [ -70.733, -42.133 ], [ -70.766, -42.133 ], [ -70.766, -42.099 ], [ -70.799, -42.099 ], [ -70.833, -42.099 ], [ -70.833, -42.133 ], [ -70.866, -42.133 ], [ -70.899, -42.133 ], [ -70.933, -42.133 ], [ -70.933, -42.166 ], [ -70.966, -42.166 ], [ -70.999, -42.166 ], [ -70.999, -42.133 ], [ -71.033, -42.133 ], [ -71.033, -42.099 ], [ -70.999, -42.099 ], [ -70.999, -42.066 ], [ -70.999, -42.033 ], [ -70.966, -42.033 ], [ -70.933, -42.033 ], [ -70.933, -42.066 ], [ -70.899, -42.066 ], [ -70.866, -42.066 ], [ -70.833, -42.066 ], [ -70.833, -42.033 ], [ -70.833, -41.999 ], [ -70.799, -41.999 ], [ -70.766, -41.999 ], [ -70.766, -41.966 ], [ -70.766, -41.933 ], [ -70.766, -41.899 ], [ -70.766, -41.866 ], [ -70.733, -41.866 ], [ -70.733, -41.899 ], [ -70.699, -41.899 ], [ -70.699, -41.933 ], [ -70.699, -41.966 ], [ -70.699, -41.999 ], [ -70.699, -42.033 ], [ -70.666, -42.033 ], [ -70.666, -42.066 ], [ -70.666, -42.099 ], [ -70.666, -42.133 ], [ -70.633, -42.133 ], [ -70.633, -42.166 ], [ -70.599, -42.166 ], [ -70.599, -42.133 ], [ -70.566, -42.133 ], [ -70.566, -42.166 ], [ -70.533, -42.166 ], [ -70.533, -42.133 ], [ -70.533, -42.099 ], [ -70.499, -42.099 ], [ -70.499, -42.066 ], [ -70.499, -42.033 ], [ -70.466, -42.033 ], [ -70.466, -42.066 ], [ -70.466, -42.099 ], [ -70.433, -42.099 ], [ -70.433, -42.133 ], [ -70.466, -42.133 ], [ -70.466, -42.166 ], [ -70.499, -42.166 ], [ -70.499, -42.199 ], [ -70.466, -42.199 ], [ -70.466, -42.233 ], [ -70.433, -42.233 ], [ -70.433, -42.266 ], [ -70.399, -42.266 ], [ -70.366, -42.266 ], [ -70.366, -42.299 ], [ -70.399, -42.299 ], [ -70.399, -42.333 ], [ -70.433, -42.333 ], [ -70.433, -42.366 ], [ -70.466, -42.366 ], [ -70.466, -42.399 ], [ -70.466, -42.433 ], [ -70.466, -42.466 ], [ -70.499, -42.466 ], [ -70.499, -42.499 ], [ -70.533, -42.499 ], [ -70.533, -42.533 ], [ -70.499, -42.533 ], [ -70.466, -42.533 ], [ -70.466, -42.566 ], [ -70.433, -42.566 ], [ -70.399, -42.566 ], [ -70.366, -42.566 ], [ -70.333, -42.566 ], [ -70.333, -42.599 ], [ -70.299, -42.599 ], [ -70.266, -42.599 ], [ -70.233, -42.599 ], [ -70.199, -42.599 ], [ -70.199, -42.633 ], [ -70.166, -42.633 ], [ -70.133, -42.633 ], [ -70.133, -42.599 ], [ -70.099, -42.599 ], [ -70.099, -42.566 ], [ -70.066, -42.566 ], [ -70.066, -42.599 ], [ -70.066, -42.633 ], [ -70.066, -42.666 ], [ -70.033, -42.666 ], [ -69.999, -42.666 ], [ -69.999, -42.699 ], [ -70.033, -42.699 ], [ -70.033, -42.733 ], [ -70.066, -42.733 ], [ -70.066, -42.699 ], [ -70.099, -42.699 ], [ -70.133, -42.699 ], [ -70.166, -42.699 ], [ -70.199, -42.699 ], [ -70.199, -42.666 ], [ -70.233, -42.666 ], [ -70.266, -42.666 ], [ -70.266, -42.699 ], [ -70.299, -42.699 ], [ -70.299, -42.666 ], [ -70.333, -42.666 ], [ -70.366, -42.666 ], [ -70.399, -42.666 ], [ -70.399, -42.699 ], [ -70.433, -42.699 ], [ -70.466, -42.699 ], [ -70.466, -42.733 ], [ -70.499, -42.733 ], [ -70.499, -42.766 ], [ -70.533, -42.766 ], [ -70.533, -42.799 ], [ -70.533, -42.833 ], [ -70.533, -42.866 ], [ -70.499, -42.866 ], [ -70.466, -42.866 ], [ -70.466, -42.899 ], [ -70.433, -42.899 ], [ -70.399, -42.899 ], [ -70.366, -42.899 ], [ -70.333, -42.899 ], [ -70.299, -42.899 ], [ -70.299, -42.933 ], [ -70.299, -42.966 ], [ -70.266, -42.966 ], [ -70.266, -42.999 ], [ -70.299, -42.999 ], [ -70.333, -42.999 ], [ -70.366, -42.999 ], [ -70.366, -43.033 ], [ -70.366, -43.066 ], [ -70.333, -43.066 ], [ -70.299, -43.066 ], [ -70.299, -43.099 ], [ -70.333, -43.099 ], [ -70.333, -43.133 ], [ -70.333, -43.166 ], [ -70.333, -43.199 ], [ -70.366, -43.199 ], [ -70.366, -43.233 ], [ -70.366, -43.266 ], [ -70.399, -43.266 ], [ -70.399, -43.233 ], [ -70.399, -43.199 ], [ -70.399, -43.166 ], [ -70.433, -43.166 ], [ -70.466, -43.166 ], [ -70.466, -43.133 ], [ -70.499, -43.133 ], [ -70.533, -43.133 ], [ -70.533, -43.166 ], [ -70.566, -43.166 ], [ -70.599, -43.166 ], [ -70.599, -43.133 ], [ -70.599, -43.099 ], [ -70.633, -43.099 ], [ -70.633, -43.066 ], [ -70.666, -43.066 ], [ -70.666, -43.033 ], [ -70.699, -43.033 ], [ -70.699, -42.999 ], [ -70.733, -42.999 ], [ -70.766, -42.999 ], [ -70.799, -42.999 ], [ -70.799, -42.966 ], [ -70.766, -42.966 ], [ -70.766, -42.933 ], [ -70.733, -42.933 ], [ -70.699, -42.933 ], [ -70.699, -42.899 ], [ -70.666, -42.899 ], [ -70.666, -42.866 ], [ -70.666, -42.833 ], [ -70.633, -42.833 ], [ -70.633, -42.799 ], [ -70.599, -42.799 ], [ -70.599, -42.766 ], [ -70.599, -42.733 ], [ -70.633, -42.733 ], [ -70.666, -42.733 ], [ -70.666, -42.699 ], [ -70.633, -42.699 ], [ -70.633, -42.666 ], [ -70.599, -42.666 ], [ -70.599, -42.633 ], [ -70.633, -42.633 ], [ -70.666, -42.633 ], [ -70.666, -42.599 ], [ -70.699, -42.599 ], [ -70.699, -42.566 ], [ -70.733, -42.566 ], [ -70.733, -42.533 ], [ -70.699, -42.533 ], [ -70.666, -42.533 ], [ -70.633, -42.533 ], [ -70.633, -42.499 ], [ -70.633, -42.466 ], [ -70.666, -42.466 ], [ -70.666, -42.433 ], [ -70.699, -42.433 ], [ -70.733, -42.433 ], [ -70.766, -42.433 ], [ -70.799, -42.433 ], [ -70.833, -42.433 ], [ -70.833, -42.399 ], [ -70.866, -42.399 ], [ -70.899, -42.399 ], [ -70.899, -42.366 ], [ -70.933, -42.366 ], [ -70.966, -42.366 ], [ -70.999, -42.366 ], [ -70.999, -42.399 ], [ -70.999, -42.433 ], [ -71.033, -42.433 ], [ -71.033, -42.466 ], [ -71.033, -42.499 ], [ -71.066, -42.499 ], [ -71.066, -42.533 ], [ -71.099, -42.533 ], [ -71.099, -42.499 ], [ -71.099, -42.466 ], [ -71.099, -42.433 ], [ -71.099, -42.399 ], [ -71.133, -42.399 ], [ -71.133, -42.366 ], [ -71.166, -42.366 ], [ -71.199, -42.366 ], [ -71.199, -42.399 ], [ -71.233, -42.399 ], [ -71.233, -42.433 ], [ -71.266, -42.433 ], [ -71.299, -42.433 ], [ -71.299, -42.466 ], [ -71.333, -42.466 ], [ -71.333, -42.499 ], [ -71.366, -42.499 ], [ -71.366, -42.533 ], [ -71.399, -42.533 ], [ -71.433, -42.533 ], [ -71.433, -42.566 ], [ -71.466, -42.566 ], [ -71.499, -42.566 ], [ -71.533, -42.566 ], [ -71.566, -42.566 ], [ -71.566, -42.533 ], [ -71.566, -42.499 ], [ -71.599, -42.499 ], [ -71.599, -42.466 ], [ -71.633, -42.466 ], [ -71.666, -42.466 ], [ -71.699, -42.466 ], [ -71.733, -42.466 ], [ -71.766, -42.466 ], [ -71.799, -42.466 ], [ -71.799, -42.433 ], [ -71.766, -42.433 ], [ -71.733, -42.433 ], [ -71.699, -42.433 ], [ -71.666, -42.433 ], [ -71.633, -42.433 ], [ -71.599, -42.433 ], [ -71.566, -42.433 ], [ -71.533, -42.433 ], [ -71.533, -42.399 ], [ -71.499, -42.399 ], [ -71.499, -42.366 ], [ -71.466, -42.366 ], [ -71.433, -42.366 ], [ -71.399, -42.366 ], [ -71.399, -42.333 ], [ -71.366, -42.333 ], [ -71.366, -42.299 ], [ -71.366, -42.266 ], [ -71.333, -42.266 ], [ -71.299, -42.266 ], [ -71.266, -42.266 ], [ -71.233, -42.266 ], [ -71.233, -42.233 ], [ -71.266, -42.233 ], [ -71.299, -42.233 ], [ -71.299, -42.199 ], [ -71.299, -42.166 ], [ -71.266, -42.166 ], [ -71.266, -42.133 ], [ -71.233, -42.133 ], [ -71.233, -42.099 ], [ -71.233, -42.066 ], [ -71.233, -42.033 ], [ -71.266, -42.033 ], [ -71.266, -41.999 ], [ -71.299, -41.999 ], [ -71.299, -42.033 ], [ -71.333, -42.033 ], [ -71.333, -41.999 ], [ -71.366, -41.999 ], [ -71.366, -41.966 ], [ -71.366, -41.933 ], [ -71.333, -41.933 ], [ -71.299, -41.933 ], [ -71.299, -41.966 ], [ -71.266, -41.966 ], [ -71.266, -41.933 ], [ -71.233, -41.933 ], [ -71.233, -41.899 ], [ -71.199, -41.899 ], [ -71.166, -41.899 ], [ -71.166, -41.866 ], [ -71.133, -41.866 ], [ -71.133, -41.833 ], [ -71.133, -41.799 ], [ -71.099, -41.799 ], [ -71.099, -41.833 ], [ -71.066, -41.833 ], [ -71.066, -41.866 ], [ -71.033, -41.866 ], [ -70.999, -41.866 ], [ -70.999, -41.899 ], [ -70.999, -41.933 ], [ -71.033, -41.933 ], [ -71.033, -41.966 ], [ -71.066, -41.966 ], [ -71.066, -41.999 ], [ -71.099, -41.999 ] ] ], [ [ [ -71.533, -42.499 ], [ -71.533, -42.533 ], [ -71.499, -42.533 ], [ -71.499, -42.499 ], [ -71.533, -42.499 ] ] ], [ [ [ -71.566, -41.799 ], [ -71.566, -41.766 ], [ -71.566, -41.733 ], [ -71.533, -41.733 ], [ -71.533, -41.766 ], [ -71.533, -41.799 ], [ -71.566, -41.799 ] ] ], [ [ [ -71.399, -41.699 ], [ -71.399, -41.733 ], [ -71.399, -41.766 ], [ -71.399, -41.799 ], [ -71.399, -41.833 ], [ -71.433, -41.833 ], [ -71.433, -41.799 ], [ -71.433, -41.766 ], [ -71.433, -41.733 ], [ -71.433, -41.699 ], [ -71.399, -41.699 ] ] ], [ [ [ -71.733, -41.766 ], [ -71.766, -41.766 ], [ -71.766, -41.733 ], [ -71.766, -41.699 ], [ -71.733, -41.699 ], [ -71.733, -41.666 ], [ -71.699, -41.666 ], [ -71.666, -41.666 ], [ -71.666, -41.699 ], [ -71.699, -41.699 ], [ -71.699, -41.733 ], [ -71.733, -41.733 ], [ -71.733, -41.766 ] ] ], [ [ [ -71.533, -41.666 ], [ -71.566, -41.666 ], [ -71.566, -41.633 ], [ -71.533, -41.633 ], [ -71.533, -41.666 ] ] ], [ [ [ -71.333, -41.633 ], [ -71.299, -41.633 ], [ -71.299, -41.666 ], [ -71.333, -41.666 ], [ -71.333, -41.633 ] ] ], [ [ [ -66.133, -41.666 ], [ -66.166, -41.666 ], [ -66.166, -41.633 ], [ -66.133, -41.633 ], [ -66.133, -41.666 ] ] ], [ [ [ -71.699, -41.599 ], [ -71.733, -41.599 ], [ -71.733, -41.566 ], [ -71.699, -41.566 ], [ -71.699, -41.599 ] ] ], [ [ [ -71.333, -41.633 ], [ -71.366, -41.633 ], [ -71.366, -41.666 ], [ -71.366, -41.699 ], [ -71.399, -41.699 ], [ -71.399, -41.666 ], [ -71.399, -41.633 ], [ -71.433, -41.633 ], [ -71.433, -41.599 ], [ -71.433, -41.566 ], [ -71.399, -41.566 ], [ -71.399, -41.599 ], [ -71.366, -41.599 ], [ -71.366, -41.566 ], [ -71.333, -41.566 ], [ -71.333, -41.599 ], [ -71.333, -41.633 ] ] ], [ [ [ -71.799, -41.566 ], [ -71.799, -41.599 ], [ -71.799, -41.633 ], [ -71.766, -41.633 ], [ -71.766, -41.666 ], [ -71.799, -41.666 ], [ -71.816, -41.683 ], [ -71.816, -41.679 ], [ -71.816, -41.674 ], [ -71.817, -41.669 ], [ -71.820, -41.669 ], [ -71.823, -41.672 ], [ -71.827, -41.674 ], [ -71.830, -41.674 ], [ -71.832, -41.672 ], [ -71.833, -41.669 ], [ -71.836, -41.666 ], [ -71.836, -41.664 ], [ -71.834, -41.661 ], [ -71.834, -41.658 ], [ -71.834, -41.655 ], [ -71.834, -41.653 ], [ -71.836, -41.651 ], [ -71.836, -41.649 ], [ -71.835, -41.646 ], [ -71.836, -41.645 ], [ -71.840, -41.644 ], [ -71.847, -41.645 ], [ -71.855, -41.643 ], [ -71.859, -41.641 ], [ -71.859, -41.639 ], [ -71.860, -41.635 ], [ -71.864, -41.631 ], [ -71.866, -41.626 ], [ -71.866, -41.622 ], [ -71.869, -41.620 ], [ -71.871, -41.617 ], [ -71.873, -41.615 ], [ -71.876, -41.615 ], [ -71.880, -41.612 ], [ -71.884, -41.608 ], [ -71.885, -41.605 ], [ -71.881, -41.602 ], [ -71.877, -41.601 ], [ -71.876, -41.599 ], [ -71.833, -41.599 ], [ -71.833, -41.571 ], [ -71.830, -41.573 ], [ -71.827, -41.573 ], [ -71.817, -41.576 ], [ -71.831, -41.565 ], [ -71.832, -41.564 ], [ -71.832, -41.561 ], [ -71.830, -41.555 ], [ -71.828, -41.550 ], [ -71.832, -41.550 ], [ -71.835, -41.549 ], [ -71.839, -41.546 ], [ -71.839, -41.542 ], [ -71.840, -41.539 ], [ -71.844, -41.536 ], [ -71.846, -41.533 ], [ -71.846, -41.533 ], [ -71.799, -41.533 ], [ -71.799, -41.566 ] ] ], [ [ [ -71.599, -41.566 ], [ -71.633, -41.566 ], [ -71.633, -41.533 ], [ -71.599, -41.533 ], [ -71.599, -41.566 ] ] ], [ [ [ -71.699, -41.533 ], [ -71.733, -41.533 ], [ -71.733, -41.499 ], [ -71.699, -41.499 ], [ -71.699, -41.533 ] ] ], [ [ [ -71.799, -41.433 ], [ -71.799, -41.466 ], [ -71.836, -41.466 ], [ -71.842, -41.462 ], [ -71.842, -41.459 ], [ -71.842, -41.455 ], [ -71.841, -41.451 ], [ -71.839, -41.447 ], [ -71.836, -41.445 ], [ -71.833, -41.443 ], [ -71.827, -41.443 ], [ -71.834, -41.441 ], [ -71.836, -41.439 ], [ -71.836, -41.436 ], [ -71.833, -41.433 ], [ -71.799, -41.433 ] ] ], [ [ [ -71.699, -41.433 ], [ -71.666, -41.433 ], [ -71.666, -41.466 ], [ -71.699, -41.466 ], [ -71.699, -41.433 ] ] ], [ [ [ -71.399, -41.499 ], [ -71.433, -41.499 ], [ -71.433, -41.466 ], [ -71.399, -41.466 ], [ -71.399, -41.433 ], [ -71.366, -41.433 ], [ -71.333, -41.433 ], [ -71.333, -41.466 ], [ -71.366, -41.466 ], [ -71.366, -41.499 ], [ -71.399, -41.499 ] ] ], [ [ [ -71.699, -41.433 ], [ -71.733, -41.433 ], [ -71.733, -41.399 ], [ -71.699, -41.399 ], [ -71.699, -41.433 ] ] ], [ [ [ -71.533, -41.433 ], [ -71.533, -41.466 ], [ -71.499, -41.466 ], [ -71.466, -41.466 ], [ -71.466, -41.499 ], [ -71.466, -41.533 ], [ -71.499, -41.533 ], [ -71.499, -41.499 ], [ -71.533, -41.499 ], [ -71.566, -41.499 ], [ -71.599, -41.499 ], [ -71.599, -41.466 ], [ -71.566, -41.466 ], [ -71.566, -41.433 ], [ -71.566, -41.399 ], [ -71.533, -41.399 ], [ -71.533, -41.433 ] ] ], [ [ [ -71.666, -41.399 ], [ -71.699, -41.399 ], [ -71.699, -41.366 ], [ -71.666, -41.366 ], [ -71.666, -41.399 ] ] ], [ [ [ -71.666, -41.433 ], [ -71.666, -41.399 ], [ -71.633, -41.399 ], [ -71.633, -41.366 ], [ -71.599, -41.366 ], [ -71.599, -41.399 ], [ -71.599, -41.433 ], [ -71.633, -41.433 ], [ -71.666, -41.433 ] ] ], [ [ [ -71.433, -41.433 ], [ -71.466, -41.433 ], [ -71.466, -41.399 ], [ -71.466, -41.366 ], [ -71.433, -41.366 ], [ -71.433, -41.399 ], [ -71.433, -41.433 ] ] ], [ [ [ -71.766, -41.366 ], [ -71.799, -41.366 ], [ -71.799, -41.333 ], [ -71.766, -41.333 ], [ -71.766, -41.366 ] ] ], [ [ [ -65.933, -41.366 ], [ -65.966, -41.366 ], [ -65.999, -41.366 ], [ -65.999, -41.333 ], [ -65.966, -41.333 ], [ -65.933, -41.333 ], [ -65.933, -41.366 ] ] ], [ [ [ -71.666, -41.299 ], [ -71.633, -41.299 ], [ -71.599, -41.299 ], [ -71.599, -41.333 ], [ -71.633, -41.333 ], [ -71.666, -41.333 ], [ -71.666, -41.299 ] ] ], [ [ [ -71.433, -41.299 ], [ -71.466, -41.299 ], [ -71.466, -41.266 ], [ -71.433, -41.266 ], [ -71.433, -41.299 ] ] ], [ [ [ -71.666, -41.299 ], [ -71.699, -41.299 ], [ -71.733, -41.299 ], [ -71.766, -41.299 ], [ -71.799, -41.299 ], [ -71.833, -41.299 ], [ -71.833, -41.333 ], [ -71.833, -41.366 ], [ -71.833, -41.399 ], [ -71.866, -41.399 ], [ -71.865, -41.399 ], [ -71.869, -41.396 ], [ -71.872, -41.392 ], [ -71.876, -41.388 ], [ -71.878, -41.384 ], [ -71.879, -41.383 ], [ -71.883, -41.381 ], [ -71.887, -41.379 ], [ -71.888, -41.376 ], [ -71.890, -41.372 ], [ -71.889, -41.370 ], [ -71.889, -41.368 ], [ -71.892, -41.366 ], [ -71.895, -41.365 ], [ -71.899, -41.363 ], [ -71.901, -41.362 ], [ -71.905, -41.362 ], [ -71.908, -41.362 ], [ -71.909, -41.361 ], [ -71.910, -41.358 ], [ -71.907, -41.347 ], [ -71.909, -41.344 ], [ -71.910, -41.341 ], [ -71.906, -41.338 ], [ -71.902, -41.335 ], [ -71.901, -41.333 ], [ -71.866, -41.333 ], [ -71.866, -41.299 ], [ -71.876, -41.299 ], [ -71.876, -41.298 ], [ -71.877, -41.295 ], [ -71.880, -41.294 ], [ -71.886, -41.292 ], [ -71.888, -41.291 ], [ -71.889, -41.289 ], [ -71.889, -41.288 ], [ -71.891, -41.285 ], [ -71.892, -41.282 ], [ -71.890, -41.278 ], [ -71.892, -41.277 ], [ -71.895, -41.278 ], [ -71.897, -41.277 ], [ -71.897, -41.272 ], [ -71.896, -41.270 ], [ -71.889, -41.268 ], [ -71.889, -41.267 ], [ -71.888, -41.265 ], [ -71.889, -41.263 ], [ -71.891, -41.261 ], [ -71.898, -41.255 ], [ -71.887, -41.258 ], [ -71.885, -41.260 ], [ -71.882, -41.260 ], [ -71.878, -41.260 ], [ -71.875, -41.259 ], [ -71.874, -41.259 ], [ -71.866, -41.266 ], [ -71.846, -41.266 ], [ -71.844, -41.269 ], [ -71.846, -41.266 ], [ -71.833, -41.266 ], [ -71.833, -41.233 ], [ -71.799, -41.233 ], [ -71.766, -41.233 ], [ -71.766, -41.266 ], [ -71.733, -41.266 ], [ -71.699, -41.266 ], [ -71.666, -41.266 ], [ -71.666, -41.299 ] ] ], [ [ [ -71.566, -41.166 ], [ -71.599, -41.166 ], [ -71.599, -41.133 ], [ -71.599, -41.099 ], [ -71.566, -41.099 ], [ -71.533, -41.099 ], [ -71.533, -41.133 ], [ -71.566, -41.133 ], [ -71.566, -41.166 ] ] ], [ [ [ -70.666, -41.166 ], [ -70.666, -41.199 ], [ -70.666, -41.233 ], [ -70.666, -41.266 ], [ -70.699, -41.266 ], [ -70.699, -41.233 ], [ -70.699, -41.199 ], [ -70.733, -41.199 ], [ -70.733, -41.166 ], [ -70.766, -41.166 ], [ -70.799, -41.166 ], [ -70.799, -41.133 ], [ -70.799, -41.099 ], [ -70.766, -41.099 ], [ -70.733, -41.099 ], [ -70.699, -41.099 ], [ -70.666, -41.099 ], [ -70.666, -41.133 ], [ -70.666, -41.166 ] ] ], [ [ [ -71.666, -41.066 ], [ -71.633, -41.066 ], [ -71.633, -41.099 ], [ -71.666, -41.099 ], [ -71.666, -41.066 ] ] ], [ [ [ -71.766, -41.066 ], [ -71.799, -41.066 ], [ -71.799, -41.033 ], [ -71.766, -41.033 ], [ -71.766, -41.066 ] ] ], [ [ [ -71.666, -41.066 ], [ -71.699, -41.066 ], [ -71.699, -41.099 ], [ -71.733, -41.099 ], [ -71.733, -41.133 ], [ -71.733, -41.166 ], [ -71.699, -41.166 ], [ -71.666, -41.166 ], [ -71.633, -41.166 ], [ -71.599, -41.166 ], [ -71.599, -41.199 ], [ -71.566, -41.199 ], [ -71.566, -41.166 ], [ -71.533, -41.166 ], [ -71.499, -41.166 ], [ -71.466, -41.166 ], [ -71.466, -41.199 ], [ -71.499, -41.199 ], [ -71.533, -41.199 ], [ -71.533, -41.233 ], [ -71.533, -41.266 ], [ -71.533, -41.299 ], [ -71.566, -41.299 ], [ -71.566, -41.266 ], [ -71.599, -41.266 ], [ -71.599, -41.233 ], [ -71.633, -41.233 ], [ -71.666, -41.233 ], [ -71.666, -41.199 ], [ -71.699, -41.199 ], [ -71.699, -41.233 ], [ -71.733, -41.233 ], [ -71.766, -41.233 ], [ -71.766, -41.199 ], [ -71.766, -41.166 ], [ -71.799, -41.166 ], [ -71.799, -41.133 ], [ -71.840, -41.133 ], [ -71.840, -41.132 ], [ -71.841, -41.128 ], [ -71.839, -41.125 ], [ -71.837, -41.122 ], [ -71.835, -41.120 ], [ -71.836, -41.116 ], [ -71.838, -41.114 ], [ -71.842, -41.113 ], [ -71.844, -41.111 ], [ -71.845, -41.108 ], [ -71.845, -41.105 ], [ -71.842, -41.104 ], [ -71.846, -41.103 ], [ -71.849, -41.100 ], [ -71.850, -41.099 ], [ -71.799, -41.099 ], [ -71.766, -41.099 ], [ -71.766, -41.066 ], [ -71.733, -41.066 ], [ -71.733, -41.033 ], [ -71.699, -41.033 ], [ -71.666, -41.033 ], [ -71.666, -41.066 ] ] ], [ [ [ -71.099, -40.999 ], [ -71.099, -41.033 ], [ -71.133, -41.033 ], [ -71.133, -40.999 ], [ -71.099, -40.999 ] ] ], [ [ [ -71.366, -40.966 ], [ -71.366, -40.999 ], [ -71.399, -40.999 ], [ -71.399, -40.966 ], [ -71.366, -40.966 ] ] ], [ [ [ -71.333, -40.966 ], [ -71.299, -40.966 ], [ -71.299, -40.999 ], [ -71.266, -40.999 ], [ -71.266, -41.033 ], [ -71.233, -41.033 ], [ -71.233, -41.066 ], [ -71.199, -41.066 ], [ -71.199, -41.099 ], [ -71.233, -41.099 ], [ -71.233, -41.133 ], [ -71.266, -41.133 ], [ -71.266, -41.166 ], [ -71.299, -41.166 ], [ -71.299, -41.199 ], [ -71.299, -41.233 ], [ -71.333, -41.233 ], [ -71.366, -41.233 ], [ -71.399, -41.233 ], [ -71.399, -41.199 ], [ -71.366, -41.199 ], [ -71.333, -41.199 ], [ -71.333, -41.166 ], [ -71.333, -41.133 ], [ -71.299, -41.133 ], [ -71.299, -41.099 ], [ -71.299, -41.066 ], [ -71.333, -41.066 ], [ -71.333, -41.033 ], [ -71.333, -40.999 ], [ -71.333, -40.966 ] ] ], [ [ [ -71.099, -40.999 ], [ -71.099, -40.966 ], [ -71.066, -40.966 ], [ -71.066, -40.999 ], [ -71.099, -40.999 ] ] ], [ [ [ -65.433, -40.966 ], [ -65.399, -40.966 ], [ -65.399, -40.999 ], [ -65.433, -40.999 ], [ -65.433, -40.966 ] ] ], [ [ [ -71.333, -40.966 ], [ -71.366, -40.966 ], [ -71.366, -40.933 ], [ -71.333, -40.933 ], [ -71.333, -40.966 ] ] ], [ [ [ -70.733, -40.933 ], [ -70.733, -40.966 ], [ -70.766, -40.966 ], [ -70.766, -40.933 ], [ -70.733, -40.933 ] ] ], [ [ [ -70.699, -40.933 ], [ -70.666, -40.933 ], [ -70.633, -40.933 ], [ -70.633, -40.966 ], [ -70.633, -40.999 ], [ -70.633, -41.033 ], [ -70.666, -41.033 ], [ -70.666, -40.999 ], [ -70.666, -40.966 ], [ -70.699, -40.966 ], [ -70.699, -40.933 ] ] ], [ [ [ -70.133, -40.933 ], [ -70.099, -40.933 ], [ -70.099, -40.966 ], [ -70.133, -40.966 ], [ -70.133, -40.933 ] ] ], [ [ [ -65.433, -40.966 ], [ -65.466, -40.966 ], [ -65.466, -40.933 ], [ -65.433, -40.933 ], [ -65.433, -40.966 ] ] ], [ [ [ -65.399, -40.966 ], [ -65.399, -40.933 ], [ -65.366, -40.933 ], [ -65.366, -40.966 ], [ -65.399, -40.966 ] ] ], [ [ [ -71.699, -40.999 ], [ -71.733, -40.999 ], [ -71.733, -40.966 ], [ -71.699, -40.966 ], [ -71.666, -40.966 ], [ -71.666, -40.933 ], [ -71.666, -40.899 ], [ -71.633, -40.899 ], [ -71.633, -40.933 ], [ -71.633, -40.966 ], [ -71.633, -40.999 ], [ -71.666, -40.999 ], [ -71.699, -40.999 ] ] ], [ [ [ -70.699, -40.933 ], [ -70.733, -40.933 ], [ -70.733, -40.899 ], [ -70.699, -40.899 ], [ -70.699, -40.933 ] ] ], [ [ [ -71.499, -40.866 ], [ -71.466, -40.866 ], [ -71.466, -40.899 ], [ -71.499, -40.899 ], [ -71.499, -40.866 ] ] ], [ [ [ -71.066, -40.966 ], [ -71.066, -40.933 ], [ -71.066, -40.899 ], [ -71.066, -40.866 ], [ -71.033, -40.866 ], [ -71.033, -40.899 ], [ -71.033, -40.933 ], [ -71.033, -40.966 ], [ -71.066, -40.966 ] ] ], [ [ [ -71.766, -40.933 ], [ -71.766, -40.899 ], [ -71.766, -40.866 ], [ -71.733, -40.866 ], [ -71.733, -40.833 ], [ -71.699, -40.833 ], [ -71.699, -40.866 ], [ -71.699, -40.899 ], [ -71.733, -40.899 ], [ -71.733, -40.933 ], [ -71.766, -40.933 ] ] ], [ [ [ -71.499, -40.866 ], [ -71.533, -40.866 ], [ -71.533, -40.833 ], [ -71.499, -40.833 ], [ -71.499, -40.866 ] ] ], [ [ [ -71.866, -40.833 ], [ -71.899, -40.833 ], [ -71.899, -40.799 ], [ -71.866, -40.799 ], [ -71.866, -40.833 ] ] ], [ [ [ -71.766, -40.833 ], [ -71.766, -40.866 ], [ -71.799, -40.866 ], [ -71.799, -40.899 ], [ -71.833, -40.899 ], [ -71.833, -40.933 ], [ -71.799, -40.933 ], [ -71.766, -40.933 ], [ -71.766, -40.966 ], [ -71.766, -40.999 ], [ -71.799, -40.999 ], [ -71.833, -40.999 ], [ -71.833, -40.966 ], [ -71.866, -40.966 ], [ -71.866, -40.999 ], [ -71.833, -40.999 ], [ -71.833, -41.033 ], [ -71.838, -41.038 ], [ -71.838, -41.037 ], [ -71.841, -41.035 ], [ -71.844, -41.035 ], [ -71.845, -41.032 ], [ -71.848, -41.031 ], [ -71.851, -41.030 ], [ -71.855, -41.032 ], [ -71.858, -41.033 ], [ -71.860, -41.030 ], [ -71.862, -41.027 ], [ -71.862, -41.024 ], [ -71.864, -41.020 ], [ -71.865, -41.017 ], [ -71.865, -41.016 ], [ -71.866, -41.015 ], [ -71.867, -41.013 ], [ -71.869, -41.012 ], [ -71.874, -41.011 ], [ -71.874, -41.009 ], [ -71.874, -41.005 ], [ -71.873, -41.001 ], [ -71.873, -41.000 ], [ -71.874, -40.999 ], [ -71.875, -40.998 ], [ -71.876, -40.998 ], [ -71.878, -40.996 ], [ -71.883, -40.994 ], [ -71.885, -40.992 ], [ -71.887, -40.990 ], [ -71.888, -40.988 ], [ -71.890, -40.987 ], [ -71.892, -40.986 ], [ -71.895, -40.984 ], [ -71.898, -40.983 ], [ -71.900, -40.983 ], [ -71.902, -40.984 ], [ -71.905, -40.985 ], [ -71.904, -40.983 ], [ -71.905, -40.979 ], [ -71.905, -40.976 ], [ -71.906, -40.974 ], [ -71.907, -40.973 ], [ -71.908, -40.972 ], [ -71.907, -40.971 ], [ -71.906, -40.969 ], [ -71.906, -40.967 ], [ -71.905, -40.966 ], [ -71.905, -40.964 ], [ -71.905, -40.962 ], [ -71.903, -40.961 ], [ -71.903, -40.961 ], [ -71.902, -40.960 ], [ -71.899, -40.960 ], [ -71.898, -40.958 ], [ -71.898, -40.960 ], [ -71.895, -40.961 ], [ -71.893, -40.962 ], [ -71.892, -40.963 ], [ -71.891, -40.964 ], [ -71.890, -40.965 ], [ -71.887, -40.966 ], [ -71.885, -40.966 ], [ -71.882, -40.965 ], [ -71.880, -40.964 ], [ -71.877, -40.962 ], [ -71.873, -40.961 ], [ -71.870, -40.960 ], [ -71.866, -40.960 ], [ -71.862, -40.960 ], [ -71.860, -40.960 ], [ -71.857, -40.960 ], [ -71.855, -40.960 ], [ -71.856, -40.959 ], [ -71.856, -40.955 ], [ -71.857, -40.953 ], [ -71.855, -40.951 ], [ -71.854, -40.950 ], [ -71.853, -40.946 ], [ -71.854, -40.944 ], [ -71.856, -40.941 ], [ -71.857, -40.940 ], [ -71.857, -40.938 ], [ -71.860, -40.936 ], [ -71.863, -40.934 ], [ -71.863, -40.932 ], [ -71.861, -40.930 ], [ -71.859, -40.927 ], [ -71.856, -40.925 ], [ -71.855, -40.922 ], [ -71.857, -40.919 ], [ -71.859, -40.917 ], [ -71.861, -40.914 ], [ -71.863, -40.912 ], [ -71.864, -40.911 ], [ -71.865, -40.909 ], [ -71.865, -40.907 ], [ -71.864, -40.905 ], [ -71.864, -40.903 ], [ -71.864, -40.900 ], [ -71.866, -40.897 ], [ -71.868, -40.895 ], [ -71.869, -40.893 ], [ -71.868, -40.891 ], [ -71.865, -40.889 ], [ -71.861, -40.888 ], [ -71.861, -40.886 ], [ -71.860, -40.884 ], [ -71.858, -40.882 ], [ -71.864, -40.882 ], [ -71.869, -40.881 ], [ -71.873, -40.881 ], [ -71.878, -40.881 ], [ -71.879, -40.881 ], [ -71.880, -40.880 ], [ -71.866, -40.866 ], [ -71.833, -40.866 ], [ -71.833, -40.833 ], [ -71.833, -40.799 ], [ -71.799, -40.799 ], [ -71.799, -40.833 ], [ -71.766, -40.833 ] ] ], [ [ [ -71.733, -40.833 ], [ -71.766, -40.833 ], [ -71.766, -40.799 ], [ -71.733, -40.799 ], [ -71.733, -40.833 ] ] ], [ [ [ -71.533, -40.833 ], [ -71.566, -40.833 ], [ -71.566, -40.799 ], [ -71.533, -40.799 ], [ -71.533, -40.833 ] ] ], [ [ [ -70.433, -40.799 ], [ -70.433, -40.833 ], [ -70.466, -40.833 ], [ -70.466, -40.799 ], [ -70.433, -40.799 ] ] ], [ [ [ -71.199, -40.766 ], [ -71.199, -40.799 ], [ -71.233, -40.799 ], [ -71.233, -40.766 ], [ -71.199, -40.766 ] ] ], [ [ [ -71.633, -40.766 ], [ -71.666, -40.766 ], [ -71.666, -40.733 ], [ -71.633, -40.733 ], [ -71.633, -40.766 ] ] ], [ [ [ -70.866, -40.733 ], [ -70.833, -40.733 ], [ -70.833, -40.766 ], [ -70.866, -40.766 ], [ -70.866, -40.733 ] ] ], [ [ [ -70.033, -40.733 ], [ -70.066, -40.733 ], [ -70.066, -40.699 ], [ -70.033, -40.699 ], [ -70.033, -40.733 ] ] ], [ [ [ -65.799, -40.733 ], [ -65.833, -40.733 ], [ -65.833, -40.699 ], [ -65.799, -40.699 ], [ -65.799, -40.733 ] ] ], [ [ [ -71.666, -40.666 ], [ -71.633, -40.666 ], [ -71.633, -40.699 ], [ -71.666, -40.699 ], [ -71.666, -40.666 ] ] ], [ [ [ -71.533, -40.599 ], [ -71.533, -40.633 ], [ -71.566, -40.633 ], [ -71.599, -40.633 ], [ -71.633, -40.633 ], [ -71.633, -40.599 ], [ -71.599, -40.599 ], [ -71.566, -40.599 ], [ -71.533, -40.599 ] ] ], [ [ [ -71.466, -40.599 ], [ -71.433, -40.599 ], [ -71.433, -40.633 ], [ -71.433, -40.666 ], [ -71.466, -40.666 ], [ -71.466, -40.633 ], [ -71.466, -40.599 ] ] ], [ [ [ -71.466, -40.599 ], [ -71.499, -40.599 ], [ -71.533, -40.599 ], [ -71.533, -40.566 ], [ -71.566, -40.566 ], [ -71.566, -40.533 ], [ -71.533, -40.533 ], [ -71.499, -40.533 ], [ -71.499, -40.566 ], [ -71.466, -40.566 ], [ -71.466, -40.599 ] ] ], [ [ [ -65.766, -40.566 ], [ -65.799, -40.566 ], [ -65.799, -40.533 ], [ -65.766, -40.533 ], [ -65.766, -40.566 ] ] ], [ [ [ -71.566, -40.533 ], [ -71.599, -40.533 ], [ -71.599, -40.499 ], [ -71.566, -40.499 ], [ -71.566, -40.533 ] ] ], [ [ [ -70.033, -40.499 ], [ -69.999, -40.499 ], [ -69.999, -40.533 ], [ -70.033, -40.533 ], [ -70.033, -40.499 ] ] ], [ [ [ -71.666, -40.666 ], [ -71.699, -40.666 ], [ -71.733, -40.666 ], [ -71.766, -40.666 ], [ -71.766, -40.699 ], [ -71.799, -40.699 ], [ -71.799, -40.733 ], [ -71.766, -40.733 ], [ -71.766, -40.766 ], [ -71.799, -40.766 ], [ -71.833, -40.766 ], [ -71.866, -40.766 ], [ -71.866, -40.733 ], [ -71.866, -40.699 ], [ -71.833, -40.699 ], [ -71.833, -40.666 ], [ -71.833, -40.633 ], [ -71.799, -40.633 ], [ -71.799, -40.599 ], [ -71.833, -40.599 ], [ -71.833, -40.589 ], [ -71.830, -40.585 ], [ -71.828, -40.582 ], [ -71.825, -40.578 ], [ -71.829, -40.582 ], [ -71.832, -40.585 ], [ -71.833, -40.586 ], [ -71.833, -40.566 ], [ -71.833, -40.533 ], [ -71.833, -40.499 ], [ -71.842, -40.490 ], [ -71.840, -40.489 ], [ -71.841, -40.486 ], [ -71.844, -40.483 ], [ -71.846, -40.479 ], [ -71.846, -40.473 ], [ -71.844, -40.470 ], [ -71.843, -40.468 ], [ -71.841, -40.467 ], [ -71.840, -40.466 ], [ -71.799, -40.466 ], [ -71.799, -40.499 ], [ -71.766, -40.499 ], [ -71.766, -40.533 ], [ -71.733, -40.533 ], [ -71.733, -40.566 ], [ -71.699, -40.566 ], [ -71.699, -40.533 ], [ -71.666, -40.533 ], [ -71.666, -40.566 ], [ -71.666, -40.599 ], [ -71.666, -40.633 ], [ -71.666, -40.666 ] ] ], [ [ [ -71.233, -40.499 ], [ -71.266, -40.499 ], [ -71.266, -40.466 ], [ -71.233, -40.466 ], [ -71.233, -40.499 ] ] ], [ [ [ -71.233, -40.499 ], [ -71.199, -40.499 ], [ -71.166, -40.499 ], [ -71.166, -40.466 ], [ -71.133, -40.466 ], [ -71.133, -40.499 ], [ -71.133, -40.533 ], [ -71.166, -40.533 ], [ -71.199, -40.533 ], [ -71.233, -40.533 ], [ -71.233, -40.499 ] ] ], [ [ [ -71.133, -40.466 ], [ -71.133, -40.433 ], [ -71.099, -40.433 ], [ -71.066, -40.433 ], [ -71.066, -40.466 ], [ -71.099, -40.466 ], [ -71.133, -40.466 ] ] ], [ [ [ -70.566, -40.333 ], [ -70.533, -40.333 ], [ -70.533, -40.366 ], [ -70.566, -40.366 ], [ -70.566, -40.333 ] ] ], [ [ [ -70.299, -40.333 ], [ -70.299, -40.366 ], [ -70.333, -40.366 ], [ -70.333, -40.333 ], [ -70.299, -40.333 ] ] ], [ [ [ -70.299, -40.333 ], [ -70.299, -40.299 ], [ -70.266, -40.299 ], [ -70.266, -40.333 ], [ -70.299, -40.333 ] ] ], [ [ [ -65.933, -40.266 ], [ -65.899, -40.266 ], [ -65.866, -40.266 ], [ -65.866, -40.299 ], [ -65.866, -40.333 ], [ -65.899, -40.333 ], [ -65.899, -40.299 ], [ -65.933, -40.299 ], [ -65.933, -40.266 ] ] ], [ [ [ -70.333, -40.266 ], [ -70.366, -40.266 ], [ -70.366, -40.233 ], [ -70.333, -40.233 ], [ -70.333, -40.266 ] ] ], [ [ [ -65.933, -40.266 ], [ -65.966, -40.266 ], [ -65.966, -40.233 ], [ -65.933, -40.233 ], [ -65.933, -40.266 ] ] ], [ [ [ -70.399, -40.199 ], [ -70.433, -40.199 ], [ -70.433, -40.166 ], [ -70.399, -40.166 ], [ -70.399, -40.199 ] ] ], [ [ [ -71.666, -40.133 ], [ -71.633, -40.133 ], [ -71.633, -40.166 ], [ -71.666, -40.166 ], [ -71.666, -40.133 ] ] ], [ [ [ -66.966, -40.133 ], [ -66.966, -40.099 ], [ -66.933, -40.099 ], [ -66.933, -40.133 ], [ -66.966, -40.133 ] ] ], [ [ [ -71.666, -40.133 ], [ -71.699, -40.133 ], [ -71.733, -40.133 ], [ -71.733, -40.101 ], [ -71.731, -40.101 ], [ -71.728, -40.103 ], [ -71.726, -40.104 ], [ -71.723, -40.107 ], [ -71.719, -40.109 ], [ -71.715, -40.109 ], [ -71.710, -40.110 ], [ -71.706, -40.112 ], [ -71.703, -40.114 ], [ -71.700, -40.116 ], [ -71.697, -40.117 ], [ -71.694, -40.115 ], [ -71.691, -40.114 ], [ -71.689, -40.112 ], [ -71.689, -40.109 ], [ -71.689, -40.107 ], [ -71.687, -40.104 ], [ -71.682, -40.103 ], [ -71.677, -40.103 ], [ -71.670, -40.100 ], [ -71.667, -40.099 ], [ -71.666, -40.099 ], [ -71.666, -40.133 ] ] ], [ [ [ -66.266, -39.966 ], [ -66.299, -39.966 ], [ -66.299, -39.933 ], [ -66.266, -39.933 ], [ -66.266, -39.966 ] ] ], [ [ [ -66.366, -39.899 ], [ -66.333, -39.899 ], [ -66.333, -39.933 ], [ -66.366, -39.933 ], [ -66.366, -39.899 ] ] ], [ [ [ -71.199, -39.833 ], [ -71.233, -39.833 ], [ -71.233, -39.799 ], [ -71.199, -39.799 ], [ -71.199, -39.833 ] ] ], [ [ [ -70.766, -39.799 ], [ -70.766, -39.766 ], [ -70.733, -39.766 ], [ -70.733, -39.799 ], [ -70.766, -39.799 ] ] ], [ [ [ -66.366, -39.899 ], [ -66.399, -39.899 ], [ -66.399, -39.866 ], [ -66.433, -39.866 ], [ -66.433, -39.833 ], [ -66.433, -39.799 ], [ -66.466, -39.799 ], [ -66.466, -39.766 ], [ -66.433, -39.766 ], [ -66.399, -39.766 ], [ -66.366, -39.766 ], [ -66.333, -39.766 ], [ -66.333, -39.799 ], [ -66.366, -39.799 ], [ -66.399, -39.799 ], [ -66.399, -39.833 ], [ -66.366, -39.833 ], [ -66.366, -39.866 ], [ -66.366, -39.899 ] ] ], [ [ [ -71.299, -39.733 ], [ -71.299, -39.766 ], [ -71.266, -39.766 ], [ -71.266, -39.799 ], [ -71.299, -39.799 ], [ -71.333, -39.799 ], [ -71.333, -39.766 ], [ -71.333, -39.733 ], [ -71.299, -39.733 ] ] ], [ [ [ -71.099, -39.766 ], [ -71.133, -39.766 ], [ -71.133, -39.733 ], [ -71.099, -39.733 ], [ -71.099, -39.766 ] ] ], [ [ [ -70.866, -39.699 ], [ -70.899, -39.699 ], [ -70.899, -39.666 ], [ -70.866, -39.666 ], [ -70.866, -39.699 ] ] ], [ [ [ -70.566, -39.666 ], [ -70.566, -39.699 ], [ -70.533, -39.699 ], [ -70.533, -39.733 ], [ -70.533, -39.766 ], [ -70.566, -39.766 ], [ -70.566, -39.799 ], [ -70.599, -39.799 ], [ -70.633, -39.799 ], [ -70.633, -39.766 ], [ -70.666, -39.766 ], [ -70.699, -39.766 ], [ -70.699, -39.733 ], [ -70.699, -39.699 ], [ -70.666, -39.699 ], [ -70.633, -39.699 ], [ -70.599, -39.699 ], [ -70.599, -39.666 ], [ -70.566, -39.666 ] ] ], [ [ [ -70.933, -39.666 ], [ -70.966, -39.666 ], [ -70.966, -39.633 ], [ -70.933, -39.633 ], [ -70.933, -39.666 ] ] ], [ [ [ -70.566, -39.633 ], [ -70.599, -39.633 ], [ -70.599, -39.599 ], [ -70.566, -39.599 ], [ -70.566, -39.633 ] ] ], [ [ [ -70.933, -39.599 ], [ -70.966, -39.599 ], [ -70.966, -39.566 ], [ -70.933, -39.566 ], [ -70.933, -39.599 ] ] ], [ [ [ -70.899, -39.266 ], [ -70.933, -39.266 ], [ -70.933, -39.233 ], [ -70.899, -39.233 ], [ -70.899, -39.266 ] ] ], [ [ [ -67.499, -39.199 ], [ -67.533, -39.199 ], [ -67.533, -39.166 ], [ -67.499, -39.166 ], [ -67.499, -39.199 ] ] ], [ [ [ -67.466, -38.933 ], [ -67.499, -38.933 ], [ -67.499, -38.899 ], [ -67.466, -38.899 ], [ -67.466, -38.933 ] ] ], [ [ [ -67.633, -38.833 ], [ -67.633, -38.866 ], [ -67.599, -38.866 ], [ -67.599, -38.899 ], [ -67.633, -38.899 ], [ -67.666, -38.899 ], [ -67.666, -38.866 ], [ -67.699, -38.866 ], [ -67.733, -38.866 ], [ -67.766, -38.866 ], [ -67.799, -38.866 ], [ -67.833, -38.866 ], [ -67.866, -38.866 ], [ -67.866, -38.833 ], [ -67.833, -38.833 ], [ -67.799, -38.833 ], [ -67.766, -38.833 ], [ -67.733, -38.833 ], [ -67.699, -38.833 ], [ -67.666, -38.833 ], [ -67.633, -38.833 ] ] ], [ [ [ -68.666, -38.499 ], [ -68.699, -38.499 ], [ -68.699, -38.466 ], [ -68.666, -38.466 ], [ -68.666, -38.499 ] ] ], [ [ [ -68.866, -38.433 ], [ -68.866, -38.466 ], [ -68.899, -38.466 ], [ -68.899, -38.433 ], [ -68.866, -38.433 ] ] ], [ [ [ -68.866, -38.433 ], [ -68.866, -38.399 ], [ -68.833, -38.399 ], [ -68.833, -38.433 ], [ -68.866, -38.433 ] ] ], [ [ [ -61.866, -38.333 ], [ -61.899, -38.333 ], [ -61.899, -38.299 ], [ -61.866, -38.299 ], [ -61.866, -38.333 ] ] ], [ [ [ -61.933, -38.199 ], [ -61.899, -38.199 ], [ -61.899, -38.233 ], [ -61.866, -38.233 ], [ -61.866, -38.266 ], [ -61.899, -38.266 ], [ -61.933, -38.266 ], [ -61.933, -38.233 ], [ -61.933, -38.199 ] ] ], [ [ [ -61.499, -38.233 ], [ -61.533, -38.233 ], [ -61.533, -38.199 ], [ -61.499, -38.199 ], [ -61.499, -38.233 ] ] ], [ [ [ -61.366, -38.233 ], [ -61.366, -38.266 ], [ -61.399, -38.266 ], [ -61.399, -38.233 ], [ -61.433, -38.233 ], [ -61.466, -38.233 ], [ -61.466, -38.199 ], [ -61.433, -38.199 ], [ -61.399, -38.199 ], [ -61.366, -38.199 ], [ -61.366, -38.233 ] ] ], [ [ [ -61.933, -38.199 ], [ -61.966, -38.199 ], [ -61.966, -38.166 ], [ -61.933, -38.166 ], [ -61.933, -38.199 ] ] ], [ [ [ -68.033, -38.133 ], [ -68.033, -38.166 ], [ -67.999, -38.166 ], [ -67.966, -38.166 ], [ -67.966, -38.199 ], [ -67.933, -38.199 ], [ -67.933, -38.233 ], [ -67.899, -38.233 ], [ -67.866, -38.233 ], [ -67.833, -38.233 ], [ -67.833, -38.266 ], [ -67.866, -38.266 ], [ -67.866, -38.299 ], [ -67.833, -38.299 ], [ -67.833, -38.333 ], [ -67.833, -38.366 ], [ -67.799, -38.366 ], [ -67.766, -38.366 ], [ -67.733, -38.366 ], [ -67.733, -38.399 ], [ -67.699, -38.399 ], [ -67.666, -38.399 ], [ -67.633, -38.399 ], [ -67.633, -38.433 ], [ -67.599, -38.433 ], [ -67.599, -38.466 ], [ -67.599, -38.499 ], [ -67.633, -38.499 ], [ -67.633, -38.466 ], [ -67.666, -38.466 ], [ -67.666, -38.499 ], [ -67.699, -38.499 ], [ -67.733, -38.499 ], [ -67.766, -38.499 ], [ -67.766, -38.466 ], [ -67.799, -38.466 ], [ -67.833, -38.466 ], [ -67.866, -38.466 ], [ -67.899, -38.466 ], [ -67.933, -38.466 ], [ -67.966, -38.466 ], [ -67.999, -38.466 ], [ -68.033, -38.466 ], [ -68.033, -38.433 ], [ -68.066, -38.433 ], [ -68.099, -38.433 ], [ -68.099, -38.466 ], [ -68.133, -38.466 ], [ -68.166, -38.466 ], [ -68.166, -38.499 ], [ -68.199, -38.499 ], [ -68.233, -38.499 ], [ -68.266, -38.499 ], [ -68.299, -38.499 ], [ -68.299, -38.466 ], [ -68.333, -38.466 ], [ -68.366, -38.466 ], [ -68.399, -38.466 ], [ -68.399, -38.433 ], [ -68.433, -38.433 ], [ -68.466, -38.433 ], [ -68.499, -38.433 ], [ -68.533, -38.433 ], [ -68.566, -38.433 ], [ -68.599, -38.433 ], [ -68.599, -38.399 ], [ -68.633, -38.399 ], [ -68.633, -38.366 ], [ -68.599, -38.366 ], [ -68.566, -38.366 ], [ -68.566, -38.399 ], [ -68.533, -38.399 ], [ -68.533, -38.366 ], [ -68.533, -38.333 ], [ -68.566, -38.333 ], [ -68.566, -38.299 ], [ -68.566, -38.266 ], [ -68.533, -38.266 ], [ -68.533, -38.233 ], [ -68.533, -38.199 ], [ -68.499, -38.199 ], [ -68.499, -38.166 ], [ -68.466, -38.166 ], [ -68.433, -38.166 ], [ -68.433, -38.133 ], [ -68.399, -38.133 ], [ -68.366, -38.133 ], [ -68.333, -38.133 ], [ -68.299, -38.133 ], [ -68.266, -38.133 ], [ -68.233, -38.133 ], [ -68.199, -38.133 ], [ -68.166, -38.133 ], [ -68.133, -38.133 ], [ -68.099, -38.133 ], [ -68.066, -38.133 ], [ -68.033, -38.133 ] ] ], [ [ [ -61.933, -38.166 ], [ -61.933, -38.133 ], [ -61.899, -38.133 ], [ -61.899, -38.166 ], [ -61.933, -38.166 ] ] ], [ [ [ -70.566, -38.166 ], [ -70.599, -38.166 ], [ -70.599, -38.133 ], [ -70.599, -38.099 ], [ -70.566, -38.099 ], [ -70.566, -38.133 ], [ -70.566, -38.166 ] ] ], [ [ [ -61.633, -38.099 ], [ -61.633, -38.133 ], [ -61.599, -38.133 ], [ -61.566, -38.133 ], [ -61.566, -38.166 ], [ -61.566, -38.199 ], [ -61.599, -38.199 ], [ -61.633, -38.199 ], [ -61.633, -38.166 ], [ -61.666, -38.166 ], [ -61.699, -38.166 ], [ -61.699, -38.133 ], [ -61.666, -38.133 ], [ -61.666, -38.099 ], [ -61.633, -38.099 ] ] ], [ [ [ -65.599, -37.999 ], [ -65.599, -38.033 ], [ -65.633, -38.033 ], [ -65.633, -37.999 ], [ -65.599, -37.999 ] ] ], [ [ [ -68.433, -37.966 ], [ -68.433, -37.999 ], [ -68.399, -37.999 ], [ -68.399, -38.033 ], [ -68.433, -38.033 ], [ -68.466, -38.033 ], [ -68.466, -37.999 ], [ -68.466, -37.966 ], [ -68.433, -37.966 ] ] ], [ [ [ -65.599, -37.999 ], [ -65.599, -37.966 ], [ -65.566, -37.966 ], [ -65.566, -37.999 ], [ -65.599, -37.999 ] ] ], [ [ [ -61.799, -37.899 ], [ -61.799, -37.933 ], [ -61.766, -37.933 ], [ -61.766, -37.966 ], [ -61.733, -37.966 ], [ -61.733, -37.999 ], [ -61.766, -37.999 ], [ -61.766, -38.033 ], [ -61.799, -38.033 ], [ -61.833, -38.033 ], [ -61.833, -37.999 ], [ -61.833, -37.966 ], [ -61.833, -37.933 ], [ -61.833, -37.899 ], [ -61.799, -37.899 ] ] ], [ [ [ -68.999, -37.866 ], [ -68.966, -37.866 ], [ -68.966, -37.899 ], [ -68.999, -37.899 ], [ -68.999, -37.866 ] ] ], [ [ [ -68.866, -37.899 ], [ -68.899, -37.899 ], [ -68.899, -37.866 ], [ -68.866, -37.866 ], [ -68.833, -37.866 ], [ -68.833, -37.899 ], [ -68.866, -37.899 ] ] ], [ [ [ -61.933, -38.133 ], [ -61.966, -38.133 ], [ -61.966, -38.166 ], [ -61.999, -38.166 ], [ -61.999, -38.133 ], [ -61.999, -38.099 ], [ -62.033, -38.099 ], [ -62.033, -38.066 ], [ -62.066, -38.066 ], [ -62.066, -38.033 ], [ -62.066, -37.999 ], [ -62.066, -37.966 ], [ -62.066, -37.933 ], [ -62.066, -37.899 ], [ -62.066, -37.866 ], [ -62.033, -37.866 ], [ -62.033, -37.899 ], [ -62.033, -37.933 ], [ -62.033, -37.966 ], [ -62.033, -37.999 ], [ -61.999, -37.999 ], [ -61.999, -38.033 ], [ -61.966, -38.033 ], [ -61.966, -38.066 ], [ -61.966, -38.099 ], [ -61.933, -38.099 ], [ -61.933, -38.133 ] ] ], [ [ [ -70.199, -37.766 ], [ -70.233, -37.766 ], [ -70.233, -37.733 ], [ -70.199, -37.733 ], [ -70.199, -37.766 ] ] ], [ [ [ -64.866, -37.599 ], [ -64.866, -37.633 ], [ -64.833, -37.633 ], [ -64.833, -37.666 ], [ -64.833, -37.699 ], [ -64.866, -37.699 ], [ -64.899, -37.699 ], [ -64.933, -37.699 ], [ -64.933, -37.666 ], [ -64.966, -37.666 ], [ -64.999, -37.666 ], [ -64.999, -37.633 ], [ -64.966, -37.633 ], [ -64.966, -37.599 ], [ -64.933, -37.599 ], [ -64.899, -37.599 ], [ -64.866, -37.599 ] ] ], [ [ [ -59.399, -37.633 ], [ -59.433, -37.633 ], [ -59.433, -37.599 ], [ -59.399, -37.599 ], [ -59.399, -37.633 ] ] ], [ [ [ -59.266, -37.633 ], [ -59.266, -37.666 ], [ -59.299, -37.666 ], [ -59.299, -37.633 ], [ -59.333, -37.633 ], [ -59.333, -37.599 ], [ -59.299, -37.599 ], [ -59.266, -37.599 ], [ -59.233, -37.599 ], [ -59.233, -37.633 ], [ -59.266, -37.633 ] ] ], [ [ [ -64.933, -37.566 ], [ -64.966, -37.566 ], [ -64.966, -37.533 ], [ -64.933, -37.533 ], [ -64.933, -37.566 ] ] ], [ [ [ -59.033, -37.533 ], [ -59.033, -37.566 ], [ -59.066, -37.566 ], [ -59.066, -37.533 ], [ -59.099, -37.533 ], [ -59.133, -37.533 ], [ -59.133, -37.499 ], [ -59.099, -37.499 ], [ -59.066, -37.499 ], [ -59.033, -37.499 ], [ -59.033, -37.533 ] ] ], [ [ [ -59.333, -37.466 ], [ -59.366, -37.466 ], [ -59.366, -37.433 ], [ -59.333, -37.433 ], [ -59.333, -37.466 ] ] ], [ [ [ -70.599, -37.399 ], [ -70.633, -37.399 ], [ -70.633, -37.366 ], [ -70.599, -37.366 ], [ -70.566, -37.366 ], [ -70.533, -37.366 ], [ -70.499, -37.366 ], [ -70.499, -37.399 ], [ -70.533, -37.399 ], [ -70.566, -37.399 ], [ -70.599, -37.399 ] ] ], [ [ [ -70.433, -37.366 ], [ -70.466, -37.366 ], [ -70.466, -37.333 ], [ -70.433, -37.333 ], [ -70.433, -37.366 ] ] ], [ [ [ -59.066, -37.366 ], [ -59.099, -37.366 ], [ -59.099, -37.333 ], [ -59.066, -37.333 ], [ -59.066, -37.366 ] ] ], [ [ [ -68.966, -37.333 ], [ -68.999, -37.333 ], [ -68.999, -37.299 ], [ -68.966, -37.299 ], [ -68.966, -37.333 ] ] ], [ [ [ -70.666, -37.299 ], [ -70.699, -37.299 ], [ -70.699, -37.266 ], [ -70.666, -37.266 ], [ -70.666, -37.299 ] ] ], [ [ [ -65.133, -37.266 ], [ -65.166, -37.266 ], [ -65.166, -37.233 ], [ -65.133, -37.233 ], [ -65.133, -37.266 ] ] ], [ [ [ -65.133, -37.266 ], [ -65.099, -37.266 ], [ -65.099, -37.233 ], [ -65.066, -37.233 ], [ -65.033, -37.233 ], [ -64.999, -37.233 ], [ -64.999, -37.266 ], [ -65.033, -37.266 ], [ -65.033, -37.299 ], [ -64.999, -37.299 ], [ -64.999, -37.333 ], [ -65.033, -37.333 ], [ -65.066, -37.333 ], [ -65.099, -37.333 ], [ -65.099, -37.366 ], [ -65.133, -37.366 ], [ -65.166, -37.366 ], [ -65.166, -37.333 ], [ -65.133, -37.333 ], [ -65.133, -37.299 ], [ -65.133, -37.266 ] ] ], [ [ [ -70.366, -37.199 ], [ -70.399, -37.199 ], [ -70.399, -37.166 ], [ -70.366, -37.166 ], [ -70.366, -37.199 ] ] ], [ [ [ -65.333, -36.999 ], [ -65.366, -36.999 ], [ -65.366, -36.966 ], [ -65.333, -36.966 ], [ -65.299, -36.966 ], [ -65.299, -36.999 ], [ -65.333, -36.999 ] ] ], [ [ [ -68.599, -34.899 ], [ -68.599, -34.933 ], [ -68.599, -34.966 ], [ -68.633, -34.966 ], [ -68.633, -34.933 ], [ -68.633, -34.899 ], [ -68.599, -34.899 ] ] ], [ [ [ -68.199, -37.333 ], [ -68.233, -37.333 ], [ -68.233, -37.366 ], [ -68.199, -37.366 ], [ -68.199, -37.333 ], [ -68.166, -37.333 ], [ -68.166, -37.366 ], [ -68.166, -37.399 ], [ -68.133, -37.399 ], [ -68.133, -37.433 ], [ -68.166, -37.433 ], [ -68.166, -37.466 ], [ -68.166, -37.499 ], [ -68.199, -37.499 ], [ -68.199, -37.466 ], [ -68.233, -37.466 ], [ -68.233, -37.499 ], [ -68.266, -37.499 ], [ -68.299, -37.499 ], [ -68.299, -37.466 ], [ -68.333, -37.466 ], [ -68.333, -37.433 ], [ -68.366, -37.433 ], [ -68.399, -37.433 ], [ -68.433, -37.433 ], [ -68.433, -37.399 ], [ -68.466, -37.399 ], [ -68.499, -37.399 ], [ -68.533, -37.399 ], [ -68.566, -37.399 ], [ -68.599, -37.399 ], [ -68.599, -37.366 ], [ -68.633, -37.366 ], [ -68.633, -37.333 ], [ -68.666, -37.333 ], [ -68.699, -37.333 ], [ -68.699, -37.299 ], [ -68.733, -37.299 ], [ -68.766, -37.299 ], [ -68.799, -37.299 ], [ -68.799, -37.266 ], [ -68.833, -37.266 ], [ -68.833, -37.299 ], [ -68.866, -37.299 ], [ -68.866, -37.333 ], [ -68.899, -37.333 ], [ -68.933, -37.333 ], [ -68.933, -37.299 ], [ -68.933, -37.266 ], [ -68.933, -37.233 ], [ -68.966, -37.233 ], [ -68.999, -37.233 ], [ -68.999, -37.199 ], [ -69.033, -37.199 ], [ -69.066, -37.199 ], [ -69.066, -37.166 ], [ -69.066, -37.133 ], [ -69.099, -37.133 ], [ -69.099, -37.166 ], [ -69.133, -37.166 ], [ -69.133, -37.133 ], [ -69.166, -37.133 ], [ -69.199, -37.133 ], [ -69.199, -37.099 ], [ -69.233, -37.099 ], [ -69.266, -37.099 ], [ -69.299, -37.099 ], [ -69.299, -37.133 ], [ -69.333, -37.133 ], [ -69.366, -37.133 ], [ -69.399, -37.133 ], [ -69.433, -37.133 ], [ -69.433, -37.099 ], [ -69.466, -37.099 ], [ -69.466, -37.133 ], [ -69.499, -37.133 ], [ -69.499, -37.166 ], [ -69.533, -37.166 ], [ -69.533, -37.133 ], [ -69.566, -37.133 ], [ -69.599, -37.133 ], [ -69.633, -37.133 ], [ -69.633, -37.099 ], [ -69.666, -37.099 ], [ -69.699, -37.099 ], [ -69.699, -37.133 ], [ -69.666, -37.133 ], [ -69.633, -37.133 ], [ -69.633, -37.166 ], [ -69.599, -37.166 ], [ -69.566, -37.166 ], [ -69.533, -37.166 ], [ -69.533, -37.199 ], [ -69.499, -37.199 ], [ -69.466, -37.199 ], [ -69.433, -37.199 ], [ -69.399, -37.199 ], [ -69.366, -37.199 ], [ -69.333, -37.199 ], [ -69.299, -37.199 ], [ -69.266, -37.199 ], [ -69.233, -37.199 ], [ -69.233, -37.233 ], [ -69.199, -37.233 ], [ -69.166, -37.233 ], [ -69.133, -37.233 ], [ -69.133, -37.266 ], [ -69.133, -37.299 ], [ -69.133, -37.333 ], [ -69.166, -37.333 ], [ -69.166, -37.366 ], [ -69.166, -37.399 ], [ -69.133, -37.399 ], [ -69.099, -37.399 ], [ -69.066, -37.399 ], [ -69.033, -37.399 ], [ -68.999, -37.399 ], [ -68.999, -37.433 ], [ -68.966, -37.433 ], [ -68.933, -37.433 ], [ -68.899, -37.433 ], [ -68.899, -37.466 ], [ -68.866, -37.466 ], [ -68.833, -37.466 ], [ -68.799, -37.466 ], [ -68.766, -37.466 ], [ -68.733, -37.466 ], [ -68.699, -37.466 ], [ -68.666, -37.466 ], [ -68.633, -37.466 ], [ -68.599, -37.466 ], [ -68.599, -37.499 ], [ -68.599, -37.533 ], [ -68.599, -37.566 ], [ -68.566, -37.566 ], [ -68.566, -37.599 ], [ -68.566, -37.633 ], [ -68.533, -37.633 ], [ -68.499, -37.633 ], [ -68.466, -37.633 ], [ -68.466, -37.666 ], [ -68.466, -37.699 ], [ -68.499, -37.699 ], [ -68.499, -37.733 ], [ -68.499, -37.766 ], [ -68.499, -37.799 ], [ -68.466, -37.799 ], [ -68.433, -37.799 ], [ -68.433, -37.833 ], [ -68.466, -37.833 ], [ -68.499, -37.833 ], [ -68.499, -37.866 ], [ -68.533, -37.866 ], [ -68.533, -37.899 ], [ -68.566, -37.899 ], [ -68.566, -37.866 ], [ -68.599, -37.866 ], [ -68.599, -37.899 ], [ -68.633, -37.899 ], [ -68.633, -37.933 ], [ -68.666, -37.933 ], [ -68.699, -37.933 ], [ -68.733, -37.933 ], [ -68.733, -37.966 ], [ -68.766, -37.966 ], [ -68.799, -37.966 ], [ -68.799, -37.933 ], [ -68.799, -37.899 ], [ -68.766, -37.899 ], [ -68.733, -37.899 ], [ -68.733, -37.866 ], [ -68.699, -37.866 ], [ -68.699, -37.833 ], [ -68.699, -37.799 ], [ -68.666, -37.799 ], [ -68.666, -37.766 ], [ -68.666, -37.733 ], [ -68.666, -37.699 ], [ -68.666, -37.666 ], [ -68.699, -37.666 ], [ -68.699, -37.633 ], [ -68.733, -37.633 ], [ -68.733, -37.599 ], [ -68.766, -37.599 ], [ -68.799, -37.599 ], [ -68.833, -37.599 ], [ -68.866, -37.599 ], [ -68.866, -37.566 ], [ -68.899, -37.566 ], [ -68.933, -37.566 ], [ -68.966, -37.566 ], [ -68.999, -37.566 ], [ -69.033, -37.566 ], [ -69.033, -37.599 ], [ -69.066, -37.599 ], [ -69.066, -37.633 ], [ -69.099, -37.633 ], [ -69.099, -37.666 ], [ -69.133, -37.666 ], [ -69.133, -37.699 ], [ -69.133, -37.733 ], [ -69.133, -37.766 ], [ -69.099, -37.766 ], [ -69.099, -37.799 ], [ -69.066, -37.799 ], [ -69.033, -37.799 ], [ -68.999, -37.799 ], [ -68.999, -37.833 ], [ -68.999, -37.866 ], [ -69.033, -37.866 ], [ -69.033, -37.833 ], [ -69.066, -37.833 ], [ -69.099, -37.833 ], [ -69.099, -37.866 ], [ -69.133, -37.866 ], [ -69.166, -37.866 ], [ -69.199, -37.866 ], [ -69.199, -37.833 ], [ -69.233, -37.833 ], [ -69.233, -37.799 ], [ -69.266, -37.799 ], [ -69.299, -37.799 ], [ -69.299, -37.766 ], [ -69.299, -37.733 ], [ -69.299, -37.699 ], [ -69.333, -37.699 ], [ -69.333, -37.666 ], [ -69.366, -37.666 ], [ -69.366, -37.633 ], [ -69.366, -37.599 ], [ -69.399, -37.599 ], [ -69.433, -37.599 ], [ -69.466, -37.599 ], [ -69.466, -37.566 ], [ -69.499, -37.566 ], [ -69.499, -37.599 ], [ -69.533, -37.599 ], [ -69.566, -37.599 ], [ -69.566, -37.633 ], [ -69.566, -37.666 ], [ -69.533, -37.666 ], [ -69.533, -37.699 ], [ -69.499, -37.699 ], [ -69.466, -37.699 ], [ -69.466, -37.733 ], [ -69.466, -37.766 ], [ -69.433, -37.766 ], [ -69.433, -37.799 ], [ -69.433, -37.833 ], [ -69.433, -37.866 ], [ -69.399, -37.866 ], [ -69.399, -37.899 ], [ -69.399, -37.933 ], [ -69.399, -37.966 ], [ -69.366, -37.966 ], [ -69.366, -37.999 ], [ -69.333, -37.999 ], [ -69.333, -38.033 ], [ -69.299, -38.033 ], [ -69.299, -38.066 ], [ -69.266, -38.066 ], [ -69.266, -38.099 ], [ -69.266, -38.133 ], [ -69.266, -38.166 ], [ -69.233, -38.166 ], [ -69.233, -38.199 ], [ -69.233, -38.233 ], [ -69.233, -38.266 ], [ -69.266, -38.266 ], [ -69.266, -38.299 ], [ -69.266, -38.333 ], [ -69.266, -38.366 ], [ -69.266, -38.399 ], [ -69.299, -38.399 ], [ -69.299, -38.433 ], [ -69.299, -38.466 ], [ -69.299, -38.499 ], [ -69.266, -38.499 ], [ -69.233, -38.499 ], [ -69.199, -38.499 ], [ -69.199, -38.466 ], [ -69.166, -38.466 ], [ -69.166, -38.499 ], [ -69.133, -38.499 ], [ -69.133, -38.466 ], [ -69.099, -38.466 ], [ -69.099, -38.433 ], [ -69.066, -38.433 ], [ -69.033, -38.433 ], [ -69.033, -38.466 ], [ -69.033, -38.499 ], [ -69.066, -38.499 ], [ -69.066, -38.533 ], [ -69.099, -38.533 ], [ -69.099, -38.566 ], [ -69.133, -38.566 ], [ -69.166, -38.566 ], [ -69.166, -38.599 ], [ -69.199, -38.599 ], [ -69.233, -38.599 ], [ -69.266, -38.599 ], [ -69.299, -38.599 ], [ -69.333, -38.599 ], [ -69.333, -38.633 ], [ -69.299, -38.633 ], [ -69.266, -38.633 ], [ -69.233, -38.633 ], [ -69.199, -38.633 ], [ -69.166, -38.633 ], [ -69.133, -38.633 ], [ -69.099, -38.633 ], [ -69.066, -38.633 ], [ -69.066, -38.599 ], [ -69.033, -38.599 ], [ -69.033, -38.633 ], [ -69.033, -38.666 ], [ -69.033, -38.699 ], [ -68.999, -38.699 ], [ -68.999, -38.733 ], [ -68.966, -38.733 ], [ -68.933, -38.733 ], [ -68.933, -38.699 ], [ -68.899, -38.699 ], [ -68.866, -38.699 ], [ -68.866, -38.666 ], [ -68.833, -38.666 ], [ -68.799, -38.666 ], [ -68.766, -38.666 ], [ -68.766, -38.633 ], [ -68.766, -38.599 ], [ -68.733, -38.599 ], [ -68.699, -38.599 ], [ -68.666, -38.599 ], [ -68.666, -38.633 ], [ -68.633, -38.633 ], [ -68.599, -38.633 ], [ -68.599, -38.666 ], [ -68.566, -38.666 ], [ -68.533, -38.666 ], [ -68.533, -38.699 ], [ -68.566, -38.699 ], [ -68.566, -38.733 ], [ -68.599, -38.733 ], [ -68.633, -38.733 ], [ -68.633, -38.766 ], [ -68.666, -38.766 ], [ -68.666, -38.799 ], [ -68.633, -38.799 ], [ -68.599, -38.799 ], [ -68.599, -38.833 ], [ -68.566, -38.833 ], [ -68.533, -38.833 ], [ -68.533, -38.799 ], [ -68.499, -38.799 ], [ -68.499, -38.833 ], [ -68.466, -38.833 ], [ -68.433, -38.833 ], [ -68.433, -38.866 ], [ -68.433, -38.899 ], [ -68.466, -38.899 ], [ -68.499, -38.899 ], [ -68.499, -38.933 ], [ -68.533, -38.933 ], [ -68.533, -38.966 ], [ -68.566, -38.966 ], [ -68.599, -38.966 ], [ -68.599, -38.933 ], [ -68.633, -38.933 ], [ -68.666, -38.933 ], [ -68.666, -38.899 ], [ -68.699, -38.899 ], [ -68.699, -38.866 ], [ -68.733, -38.866 ], [ -68.766, -38.866 ], [ -68.766, -38.899 ], [ -68.799, -38.899 ], [ -68.833, -38.899 ], [ -68.866, -38.899 ], [ -68.866, -38.933 ], [ -68.899, -38.933 ], [ -68.933, -38.933 ], [ -68.966, -38.933 ], [ -68.966, -38.899 ], [ -68.999, -38.899 ], [ -68.999, -38.933 ], [ -69.033, -38.933 ], [ -69.066, -38.933 ], [ -69.099, -38.933 ], [ -69.099, -38.966 ], [ -69.099, -38.999 ], [ -69.066, -38.999 ], [ -69.033, -38.999 ], [ -68.999, -38.999 ], [ -68.966, -38.999 ], [ -68.933, -38.999 ], [ -68.899, -38.999 ], [ -68.866, -38.999 ], [ -68.833, -38.999 ], [ -68.799, -38.999 ], [ -68.766, -38.999 ], [ -68.733, -38.999 ], [ -68.699, -38.999 ], [ -68.666, -38.999 ], [ -68.633, -38.999 ], [ -68.599, -38.999 ], [ -68.599, -39.033 ], [ -68.566, -39.033 ], [ -68.566, -39.066 ], [ -68.599, -39.066 ], [ -68.633, -39.066 ], [ -68.666, -39.066 ], [ -68.699, -39.066 ], [ -68.699, -39.099 ], [ -68.733, -39.099 ], [ -68.733, -39.133 ], [ -68.733, -39.166 ], [ -68.733, -39.199 ], [ -68.699, -39.199 ], [ -68.699, -39.233 ], [ -68.733, -39.233 ], [ -68.766, -39.233 ], [ -68.799, -39.233 ], [ -68.799, -39.266 ], [ -68.833, -39.266 ], [ -68.866, -39.266 ], [ -68.866, -39.299 ], [ -68.899, -39.299 ], [ -68.933, -39.299 ], [ -68.966, -39.299 ], [ -68.966, -39.333 ], [ -68.999, -39.333 ], [ -69.033, -39.333 ], [ -69.066, -39.333 ], [ -69.066, -39.366 ], [ -69.099, -39.366 ], [ -69.133, -39.366 ], [ -69.166, -39.366 ], [ -69.199, -39.366 ], [ -69.233, -39.366 ], [ -69.266, -39.366 ], [ -69.266, -39.399 ], [ -69.299, -39.399 ], [ -69.299, -39.433 ], [ -69.299, -39.466 ], [ -69.333, -39.466 ], [ -69.333, -39.499 ], [ -69.366, -39.499 ], [ -69.399, -39.499 ], [ -69.433, -39.499 ], [ -69.433, -39.533 ], [ -69.399, -39.533 ], [ -69.366, -39.533 ], [ -69.366, -39.566 ], [ -69.366, -39.599 ], [ -69.399, -39.599 ], [ -69.433, -39.599 ], [ -69.433, -39.633 ], [ -69.466, -39.633 ], [ -69.466, -39.666 ], [ -69.466, -39.699 ], [ -69.466, -39.733 ], [ -69.499, -39.733 ], [ -69.499, -39.766 ], [ -69.499, -39.799 ], [ -69.533, -39.799 ], [ -69.566, -39.799 ], [ -69.599, -39.799 ], [ -69.599, -39.833 ], [ -69.599, -39.866 ], [ -69.566, -39.866 ], [ -69.566, -39.833 ], [ -69.533, -39.833 ], [ -69.499, -39.833 ], [ -69.466, -39.833 ], [ -69.466, -39.799 ], [ -69.433, -39.799 ], [ -69.433, -39.766 ], [ -69.399, -39.766 ], [ -69.366, -39.766 ], [ -69.333, -39.766 ], [ -69.333, -39.799 ], [ -69.299, -39.799 ], [ -69.299, -39.766 ], [ -69.299, -39.733 ], [ -69.266, -39.733 ], [ -69.266, -39.699 ], [ -69.266, -39.666 ], [ -69.233, -39.666 ], [ -69.233, -39.633 ], [ -69.199, -39.633 ], [ -69.166, -39.633 ], [ -69.133, -39.633 ], [ -69.099, -39.633 ], [ -69.066, -39.633 ], [ -69.066, -39.599 ], [ -69.033, -39.599 ], [ -69.033, -39.566 ], [ -68.999, -39.566 ], [ -68.966, -39.566 ], [ -68.966, -39.533 ], [ -68.933, -39.533 ], [ -68.899, -39.533 ], [ -68.899, -39.499 ], [ -68.866, -39.499 ], [ -68.866, -39.466 ], [ -68.833, -39.466 ], [ -68.833, -39.499 ], [ -68.799, -39.499 ], [ -68.799, -39.466 ], [ -68.766, -39.466 ], [ -68.733, -39.466 ], [ -68.733, -39.433 ], [ -68.699, -39.433 ], [ -68.699, -39.399 ], [ -68.699, -39.366 ], [ -68.666, -39.366 ], [ -68.666, -39.333 ], [ -68.699, -39.333 ], [ -68.699, -39.299 ], [ -68.733, -39.299 ], [ -68.733, -39.266 ], [ -68.699, -39.266 ], [ -68.699, -39.233 ], [ -68.666, -39.233 ], [ -68.666, -39.199 ], [ -68.633, -39.199 ], [ -68.633, -39.166 ], [ -68.599, -39.166 ], [ -68.566, -39.166 ], [ -68.533, -39.166 ], [ -68.499, -39.166 ], [ -68.466, -39.166 ], [ -68.466, -39.199 ], [ -68.433, -39.199 ], [ -68.399, -39.199 ], [ -68.399, -39.166 ], [ -68.366, -39.166 ], [ -68.333, -39.166 ], [ -68.333, -39.133 ], [ -68.299, -39.133 ], [ -68.299, -39.099 ], [ -68.299, -39.066 ], [ -68.299, -39.033 ], [ -68.266, -39.033 ], [ -68.233, -39.033 ], [ -68.199, -39.033 ], [ -68.166, -39.033 ], [ -68.133, -39.033 ], [ -68.099, -39.033 ], [ -68.066, -39.033 ], [ -68.033, -39.033 ], [ -67.999, -39.033 ], [ -67.999, -39.066 ], [ -67.999, -39.099 ], [ -67.999, -39.133 ], [ -67.966, -39.133 ], [ -67.933, -39.133 ], [ -67.899, -39.133 ], [ -67.899, -39.166 ], [ -67.866, -39.166 ], [ -67.866, -39.133 ], [ -67.833, -39.133 ], [ -67.833, -39.166 ], [ -67.799, -39.166 ], [ -67.766, -39.166 ], [ -67.733, -39.166 ], [ -67.699, -39.166 ], [ -67.666, -39.166 ], [ -67.633, -39.166 ], [ -67.599, -39.166 ], [ -67.599, -39.199 ], [ -67.633, -39.199 ], [ -67.666, -39.199 ], [ -67.699, -39.199 ], [ -67.733, -39.199 ], [ -67.766, -39.199 ], [ -67.799, -39.199 ], [ -67.833, -39.199 ], [ -67.833, -39.233 ], [ -67.866, -39.233 ], [ -67.866, -39.266 ], [ -67.866, -39.299 ], [ -67.899, -39.299 ], [ -67.899, -39.333 ], [ -67.899, -39.366 ], [ -67.899, -39.399 ], [ -67.899, -39.433 ], [ -67.899, -39.466 ], [ -67.866, -39.466 ], [ -67.866, -39.433 ], [ -67.833, -39.433 ], [ -67.799, -39.433 ], [ -67.799, -39.399 ], [ -67.766, -39.399 ], [ -67.733, -39.399 ], [ -67.733, -39.366 ], [ -67.699, -39.366 ], [ -67.699, -39.399 ], [ -67.699, -39.433 ], [ -67.699, -39.466 ], [ -67.699, -39.499 ], [ -67.699, -39.533 ], [ -67.666, -39.533 ], [ -67.666, -39.566 ], [ -67.633, -39.566 ], [ -67.633, -39.599 ], [ -67.666, -39.599 ], [ -67.666, -39.633 ], [ -67.699, -39.633 ], [ -67.699, -39.666 ], [ -67.733, -39.666 ], [ -67.733, -39.699 ], [ -67.733, -39.733 ], [ -67.699, -39.733 ], [ -67.666, -39.733 ], [ -67.666, -39.766 ], [ -67.666, -39.799 ], [ -67.699, -39.799 ], [ -67.733, -39.799 ], [ -67.733, -39.833 ], [ -67.699, -39.833 ], [ -67.666, -39.833 ], [ -67.633, -39.833 ], [ -67.599, -39.833 ], [ -67.599, -39.799 ], [ -67.566, -39.799 ], [ -67.566, -39.833 ], [ -67.533, -39.833 ], [ -67.533, -39.866 ], [ -67.499, -39.866 ], [ -67.499, -39.899 ], [ -67.466, -39.899 ], [ -67.466, -39.933 ], [ -67.499, -39.933 ], [ -67.499, -39.966 ], [ -67.466, -39.966 ], [ -67.433, -39.966 ], [ -67.433, -39.999 ], [ -67.433, -40.033 ], [ -67.399, -40.033 ], [ -67.366, -40.033 ], [ -67.366, -40.066 ], [ -67.333, -40.066 ], [ -67.299, -40.066 ], [ -67.299, -40.099 ], [ -67.266, -40.099 ], [ -67.266, -40.133 ], [ -67.233, -40.133 ], [ -67.233, -40.166 ], [ -67.199, -40.166 ], [ -67.199, -40.199 ], [ -67.166, -40.199 ], [ -67.133, -40.199 ], [ -67.099, -40.199 ], [ -67.099, -40.166 ], [ -67.066, -40.166 ], [ -67.033, -40.166 ], [ -67.033, -40.133 ], [ -66.999, -40.133 ], [ -66.966, -40.133 ], [ -66.966, -40.166 ], [ -66.933, -40.166 ], [ -66.899, -40.166 ], [ -66.899, -40.199 ], [ -66.866, -40.199 ], [ -66.866, -40.233 ], [ -66.866, -40.266 ], [ -66.833, -40.266 ], [ -66.799, -40.266 ], [ -66.799, -40.299 ], [ -66.766, -40.299 ], [ -66.766, -40.333 ], [ -66.733, -40.333 ], [ -66.733, -40.366 ], [ -66.699, -40.366 ], [ -66.666, -40.366 ], [ -66.666, -40.399 ], [ -66.699, -40.399 ], [ -66.733, -40.399 ], [ -66.766, -40.399 ], [ -66.766, -40.433 ], [ -66.799, -40.433 ], [ -66.833, -40.433 ], [ -66.833, -40.466 ], [ -66.866, -40.466 ], [ -66.866, -40.499 ], [ -66.833, -40.499 ], [ -66.799, -40.499 ], [ -66.799, -40.533 ], [ -66.766, -40.533 ], [ -66.766, -40.566 ], [ -66.733, -40.566 ], [ -66.699, -40.566 ], [ -66.666, -40.566 ], [ -66.666, -40.599 ], [ -66.633, -40.599 ], [ -66.633, -40.633 ], [ -66.599, -40.633 ], [ -66.599, -40.666 ], [ -66.566, -40.666 ], [ -66.533, -40.666 ], [ -66.499, -40.666 ], [ -66.466, -40.666 ], [ -66.466, -40.699 ], [ -66.433, -40.699 ], [ -66.399, -40.699 ], [ -66.366, -40.699 ], [ -66.333, -40.699 ], [ -66.333, -40.733 ], [ -66.299, -40.733 ], [ -66.266, -40.733 ], [ -66.233, -40.733 ], [ -66.199, -40.733 ], [ -66.199, -40.766 ], [ -66.166, -40.766 ], [ -66.166, -40.799 ], [ -66.133, -40.799 ], [ -66.099, -40.799 ], [ -66.066, -40.799 ], [ -66.033, -40.799 ], [ -65.999, -40.799 ], [ -65.999, -40.766 ], [ -65.966, -40.766 ], [ -65.966, -40.799 ], [ -65.933, -40.799 ], [ -65.933, -40.833 ], [ -65.899, -40.833 ], [ -65.866, -40.833 ], [ -65.833, -40.833 ], [ -65.799, -40.833 ], [ -65.799, -40.799 ], [ -65.799, -40.766 ], [ -65.799, -40.733 ], [ -65.766, -40.733 ], [ -65.766, -40.699 ], [ -65.799, -40.699 ], [ -65.799, -40.666 ], [ -65.833, -40.666 ], [ -65.833, -40.633 ], [ -65.833, -40.599 ], [ -65.799, -40.599 ], [ -65.799, -40.633 ], [ -65.766, -40.633 ], [ -65.766, -40.599 ], [ -65.733, -40.599 ], [ -65.733, -40.633 ], [ -65.699, -40.633 ], [ -65.666, -40.633 ], [ -65.633, -40.633 ], [ -65.633, -40.666 ], [ -65.666, -40.666 ], [ -65.699, -40.666 ], [ -65.699, -40.699 ], [ -65.699, -40.733 ], [ -65.666, -40.733 ], [ -65.633, -40.733 ], [ -65.633, -40.766 ], [ -65.599, -40.766 ], [ -65.566, -40.766 ], [ -65.566, -40.733 ], [ -65.599, -40.733 ], [ -65.599, -40.699 ], [ -65.633, -40.699 ], [ -65.633, -40.666 ], [ -65.599, -40.666 ], [ -65.566, -40.666 ], [ -65.566, -40.699 ], [ -65.533, -40.699 ], [ -65.533, -40.666 ], [ -65.499, -40.666 ], [ -65.499, -40.699 ], [ -65.466, -40.699 ], [ -65.466, -40.733 ], [ -65.466, -40.766 ], [ -65.466, -40.799 ], [ -65.433, -40.799 ], [ -65.433, -40.833 ], [ -65.399, -40.833 ], [ -65.366, -40.833 ], [ -65.366, -40.799 ], [ -65.366, -40.766 ], [ -65.399, -40.766 ], [ -65.399, -40.733 ], [ -65.433, -40.733 ], [ -65.433, -40.699 ], [ -65.466, -40.699 ], [ -65.466, -40.666 ], [ -65.499, -40.666 ], [ -65.499, -40.633 ], [ -65.533, -40.633 ], [ -65.533, -40.666 ], [ -65.566, -40.666 ], [ -65.566, -40.633 ], [ -65.599, -40.633 ], [ -65.599, -40.599 ], [ -65.566, -40.599 ], [ -65.566, -40.566 ], [ -65.599, -40.566 ], [ -65.599, -40.599 ], [ -65.633, -40.599 ], [ -65.633, -40.566 ], [ -65.666, -40.566 ], [ -65.699, -40.566 ], [ -65.699, -40.533 ], [ -65.733, -40.533 ], [ -65.733, -40.499 ], [ -65.699, -40.499 ], [ -65.666, -40.499 ], [ -65.633, -40.499 ], [ -65.599, -40.499 ], [ -65.566, -40.499 ], [ -65.566, -40.533 ], [ -65.533, -40.533 ], [ -65.499, -40.533 ], [ -65.499, -40.566 ], [ -65.466, -40.566 ], [ -65.433, -40.566 ], [ -65.433, -40.599 ], [ -65.433, -40.633 ], [ -65.399, -40.633 ], [ -65.366, -40.633 ], [ -65.333, -40.633 ], [ -65.333, -40.666 ], [ -65.366, -40.666 ], [ -65.366, -40.699 ], [ -65.366, -40.733 ], [ -65.333, -40.733 ], [ -65.333, -40.766 ], [ -65.299, -40.766 ], [ -65.299, -40.799 ], [ -65.333, -40.799 ], [ -65.333, -40.833 ], [ -65.299, -40.833 ], [ -65.266, -40.833 ], [ -65.266, -40.866 ], [ -65.299, -40.866 ], [ -65.299, -40.899 ], [ -65.333, -40.899 ], [ -65.366, -40.899 ], [ -65.399, -40.899 ], [ -65.433, -40.899 ], [ -65.433, -40.866 ], [ -65.466, -40.866 ], [ -65.466, -40.833 ], [ -65.499, -40.833 ], [ -65.533, -40.833 ], [ -65.533, -40.866 ], [ -65.533, -40.899 ], [ -65.499, -40.899 ], [ -65.466, -40.899 ], [ -65.466, -40.933 ], [ -65.499, -40.933 ], [ -65.499, -40.966 ], [ -65.466, -40.966 ], [ -65.466, -40.999 ], [ -65.466, -41.033 ], [ -65.466, -41.066 ], [ -65.499, -41.066 ], [ -65.499, -41.099 ], [ -65.499, -41.133 ], [ -65.499, -41.166 ], [ -65.466, -41.166 ], [ -65.466, -41.133 ], [ -65.433, -41.133 ], [ -65.399, -41.133 ], [ -65.366, -41.133 ], [ -65.366, -41.166 ], [ -65.333, -41.166 ], [ -65.299, -41.166 ], [ -65.299, -41.199 ], [ -65.299, -41.233 ], [ -65.266, -41.233 ], [ -65.266, -41.266 ], [ -65.266, -41.299 ], [ -65.299, -41.299 ], [ -65.299, -41.333 ], [ -65.266, -41.333 ], [ -65.266, -41.366 ], [ -65.299, -41.366 ], [ -65.299, -41.399 ], [ -65.266, -41.399 ], [ -65.266, -41.433 ], [ -65.299, -41.433 ], [ -65.333, -41.433 ], [ -65.366, -41.433 ], [ -65.366, -41.466 ], [ -65.366, -41.499 ], [ -65.333, -41.499 ], [ -65.299, -41.499 ], [ -65.299, -41.533 ], [ -65.299, -41.566 ], [ -65.266, -41.566 ], [ -65.266, -41.599 ], [ -65.233, -41.599 ], [ -65.233, -41.633 ], [ -65.199, -41.633 ], [ -65.166, -41.633 ], [ -65.166, -41.666 ], [ -65.199, -41.666 ], [ -65.199, -41.699 ], [ -65.166, -41.699 ], [ -65.166, -41.733 ], [ -65.166, -41.766 ], [ -65.133, -41.766 ], [ -65.133, -41.799 ], [ -65.166, -41.799 ], [ -65.166, -41.833 ], [ -65.166, -41.866 ], [ -65.199, -41.866 ], [ -65.199, -41.899 ], [ -65.199, -41.933 ], [ -65.199, -41.966 ], [ -65.199, -41.999 ], [ -65.233, -41.999 ], [ -65.233, -42.033 ], [ -65.199, -42.033 ], [ -65.199, -42.066 ], [ -65.199, -42.099 ], [ -65.199, -42.133 ], [ -65.166, -42.133 ], [ -65.166, -42.166 ], [ -65.199, -42.166 ], [ -65.199, -42.199 ], [ -65.233, -42.199 ], [ -65.233, -42.233 ], [ -65.233, -42.266 ], [ -65.199, -42.266 ], [ -65.199, -42.299 ], [ -65.166, -42.299 ], [ -65.166, -42.266 ], [ -65.166, -42.233 ], [ -65.166, -42.199 ], [ -65.133, -42.199 ], [ -65.133, -42.166 ], [ -65.099, -42.166 ], [ -65.099, -42.199 ], [ -65.066, -42.199 ], [ -65.033, -42.199 ], [ -64.999, -42.199 ], [ -64.966, -42.199 ], [ -64.933, -42.199 ], [ -64.933, -42.233 ], [ -64.899, -42.233 ], [ -64.899, -42.266 ], [ -64.866, -42.266 ], [ -64.833, -42.266 ], [ -64.833, -42.299 ], [ -64.799, -42.299 ], [ -64.766, -42.299 ], [ -64.766, -42.333 ], [ -64.733, -42.333 ], [ -64.699, -42.333 ], [ -64.666, -42.333 ], [ -64.666, -42.366 ], [ -64.666, -42.399 ], [ -64.699, -42.399 ], [ -64.699, -42.433 ], [ -64.666, -42.433 ], [ -64.666, -42.466 ], [ -64.633, -42.466 ], [ -64.599, -42.466 ], [ -64.566, -42.466 ], [ -64.566, -42.499 ], [ -64.583, -42.516 ], [ -64.599, -42.499 ], [ -64.633, -42.499 ], [ -64.666, -42.499 ], [ -64.666, -42.536 ], [ -64.685, -42.547 ], [ -64.699, -42.533 ], [ -64.733, -42.533 ], [ -64.733, -42.571 ], [ -64.741, -42.576 ], [ -64.751, -42.583 ], [ -64.761, -42.597 ], [ -64.776, -42.607 ], [ -64.784, -42.615 ], [ -64.799, -42.599 ], [ -64.833, -42.599 ], [ -64.833, -42.641 ], [ -64.836, -42.643 ], [ -64.859, -42.646 ], [ -64.873, -42.646 ], [ -64.886, -42.641 ], [ -64.912, -42.643 ], [ -64.933, -42.655 ], [ -64.942, -42.664 ], [ -64.950, -42.669 ], [ -64.951, -42.676 ], [ -64.956, -42.687 ], [ -64.961, -42.708 ], [ -64.969, -42.717 ], [ -64.998, -42.736 ], [ -64.999, -42.752 ], [ -64.987, -42.754 ], [ -64.973, -42.760 ], [ -64.952, -42.758 ], [ -64.935, -42.761 ], [ -64.924, -42.767 ], [ -64.917, -42.776 ], [ -64.904, -42.784 ], [ -64.880, -42.786 ], [ -64.868, -42.790 ], [ -64.859, -42.797 ], [ -64.852, -42.808 ], [ -64.844, -42.810 ], [ -64.813, -42.811 ], [ -64.798, -42.814 ], [ -64.787, -42.819 ], [ -64.779, -42.825 ], [ -64.766, -42.829 ], [ -64.758, -42.834 ], [ -64.725, -42.843 ], [ -64.704, -42.853 ], [ -64.682, -42.860 ], [ -64.672, -42.868 ], [ -64.666, -42.877 ], [ -64.655, -42.879 ], [ -64.642, -42.886 ], [ -64.615, -42.894 ], [ -64.590, -42.897 ], [ -64.563, -42.897 ], [ -64.548, -42.893 ], [ -64.534, -42.893 ], [ -64.517, -42.897 ], [ -64.503, -42.902 ], [ -64.485, -42.912 ], [ -64.482, -42.915 ], [ -64.499, -42.933 ], [ -64.499, -42.966 ], [ -64.466, -42.966 ], [ -64.466, -42.923 ], [ -64.441, -42.923 ], [ -64.433, -42.924 ], [ -64.433, -42.966 ], [ -64.399, -42.966 ], [ -64.366, -42.966 ], [ -64.333, -42.966 ], [ -64.333, -42.907 ], [ -64.330, -42.907 ], [ -64.317, -42.909 ], [ -64.304, -42.915 ], [ -64.295, -42.924 ], [ -64.284, -42.949 ], [ -64.276, -42.957 ], [ -64.272, -42.963 ], [ -64.271, -42.969 ], [ -64.271, -42.982 ], [ -64.278, -42.997 ], [ -64.307, -43.024 ], [ -64.315, -43.028 ], [ -64.354, -43.039 ], [ -64.375, -43.050 ], [ -64.387, -43.054 ], [ -64.403, -43.063 ], [ -64.438, -43.086 ], [ -64.459, -43.095 ], [ -64.485, -43.100 ], [ -64.540, -43.119 ], [ -64.665, -43.150 ], [ -64.767, -43.185 ], [ -64.862, -43.227 ], [ -64.958, -43.280 ], [ -64.971, -43.290 ], [ -65.005, -43.324 ], [ -65.016, -43.341 ], [ -65.017, -43.345 ], [ -65.010, -43.358 ], [ -65.005, -43.382 ], [ -65.007, -43.392 ], [ -65.021, -43.418 ], [ -65.051, -43.440 ], [ -65.071, -43.456 ], [ -65.105, -43.479 ], [ -65.109, -43.485 ], [ -65.130, -43.506 ], [ -65.138, -43.516 ], [ -65.141, -43.525 ], [ -65.156, -43.543 ], [ -65.162, -43.555 ], [ -65.177, -43.566 ], [ -65.192, -43.572 ], [ -65.204, -43.580 ], [ -65.213, -43.583 ], [ -65.223, -43.589 ], [ -65.227, -43.596 ], [ -65.236, -43.607 ], [ -65.244, -43.612 ], [ -65.253, -43.615 ], [ -65.257, -43.626 ], [ -65.279, -43.649 ], [ -65.291, -43.666 ], [ -65.299, -43.674 ], [ -65.304, -43.697 ], [ -65.285, -43.694 ], [ -65.267, -43.697 ], [ -65.252, -43.706 ], [ -65.246, -43.718 ], [ -65.246, -43.726 ], [ -65.250, -43.734 ], [ -65.257, -43.741 ], [ -65.266, -43.746 ], [ -65.280, -43.749 ], [ -65.291, -43.749 ], [ -65.304, -43.746 ], [ -65.314, -43.740 ], [ -65.318, -43.745 ], [ -65.315, -43.753 ], [ -65.300, -43.758 ], [ -65.289, -43.765 ], [ -65.273, -43.790 ], [ -65.273, -43.802 ], [ -65.282, -43.818 ], [ -65.283, -43.825 ], [ -65.286, -43.833 ], [ -65.285, -43.844 ], [ -65.279, -43.855 ], [ -65.278, -43.868 ], [ -65.273, -43.880 ], [ -65.272, -43.886 ], [ -65.262, -43.908 ], [ -65.260, -43.922 ], [ -65.250, -43.940 ], [ -65.234, -43.941 ], [ -65.216, -43.945 ], [ -65.202, -43.953 ], [ -65.196, -43.961 ], [ -65.193, -43.969 ], [ -65.192, -43.983 ], [ -65.198, -43.993 ], [ -65.210, -44.001 ], [ -65.208, -44.010 ], [ -65.190, -44.007 ], [ -65.169, -44.011 ], [ -65.156, -44.019 ], [ -65.151, -44.025 ], [ -65.149, -44.031 ], [ -65.150, -44.042 ], [ -65.157, -44.053 ], [ -65.164, -44.059 ], [ -65.180, -44.067 ], [ -65.187, -44.077 ], [ -65.196, -44.083 ], [ -65.193, -44.091 ], [ -65.193, -44.101 ], [ -65.183, -44.110 ], [ -65.179, -44.121 ], [ -65.179, -44.133 ], [ -65.187, -44.151 ], [ -65.195, -44.159 ], [ -65.216, -44.170 ], [ -65.235, -44.174 ], [ -65.256, -44.175 ], [ -65.257, -44.175 ], [ -65.266, -44.166 ], [ -65.299, -44.166 ], [ -65.333, -44.166 ], [ -65.333, -44.199 ], [ -65.333, -44.233 ], [ -65.333, -44.266 ], [ -65.333, -44.299 ], [ -65.299, -44.299 ], [ -65.299, -44.333 ], [ -65.333, -44.333 ], [ -65.333, -44.366 ], [ -65.299, -44.366 ], [ -65.299, -44.399 ], [ -65.299, -44.433 ], [ -65.333, -44.433 ], [ -65.333, -44.466 ], [ -65.333, -44.499 ], [ -65.366, -44.499 ], [ -65.399, -44.499 ], [ -65.399, -44.533 ], [ -65.399, -44.566 ], [ -65.433, -44.566 ], [ -65.466, -44.566 ], [ -65.499, -44.566 ], [ -65.533, -44.566 ], [ -65.566, -44.566 ], [ -65.599, -44.566 ], [ -65.633, -44.566 ], [ -65.633, -44.533 ], [ -65.666, -44.533 ], [ -65.666, -44.566 ], [ -65.699, -44.566 ], [ -65.699, -44.599 ], [ -65.733, -44.599 ], [ -65.733, -44.633 ], [ -65.766, -44.633 ], [ -65.766, -44.666 ], [ -65.733, -44.666 ], [ -65.699, -44.666 ], [ -65.699, -44.699 ], [ -65.733, -44.699 ], [ -65.766, -44.699 ], [ -65.799, -44.699 ], [ -65.833, -44.699 ], [ -65.833, -44.733 ], [ -65.866, -44.733 ], [ -65.866, -44.766 ], [ -65.833, -44.766 ], [ -65.833, -44.799 ], [ -65.833, -44.833 ], [ -65.866, -44.833 ], [ -65.899, -44.833 ], [ -65.933, -44.833 ], [ -65.966, -44.833 ], [ -65.966, -44.866 ], [ -65.999, -44.866 ], [ -66.033, -44.866 ], [ -66.066, -44.866 ], [ -66.099, -44.866 ], [ -66.133, -44.866 ], [ -66.133, -44.833 ], [ -66.166, -44.833 ], [ -66.199, -44.833 ], [ -66.199, -44.866 ], [ -66.233, -44.866 ], [ -66.233, -44.833 ], [ -66.266, -44.833 ], [ -66.299, -44.833 ], [ -66.333, -44.833 ], [ -66.333, -44.866 ], [ -66.366, -44.866 ], [ -66.399, -44.866 ], [ -66.399, -44.899 ], [ -66.433, -44.899 ], [ -66.466, -44.899 ], [ -66.499, -44.899 ], [ -66.533, -44.899 ], [ -66.533, -44.933 ], [ -66.566, -44.933 ], [ -66.566, -44.966 ], [ -66.599, -44.966 ], [ -66.599, -44.933 ], [ -66.633, -44.933 ], [ -66.633, -44.966 ], [ -66.666, -44.966 ], [ -66.699, -44.966 ], [ -66.733, -44.966 ], [ -66.733, -44.999 ], [ -66.733, -45.033 ], [ -66.766, -45.033 ], [ -66.766, -45.066 ], [ -66.799, -45.066 ], [ -66.833, -45.066 ], [ -66.866, -45.066 ], [ -66.899, -45.066 ], [ -66.899, -45.099 ], [ -66.933, -45.099 ], [ -66.933, -45.133 ], [ -66.899, -45.133 ], [ -66.899, -45.166 ], [ -66.933, -45.166 ], [ -66.966, -45.166 ], [ -66.966, -45.133 ], [ -66.999, -45.133 ], [ -66.999, -45.166 ], [ -66.999, -45.199 ], [ -67.033, -45.199 ], [ -67.033, -45.233 ], [ -67.066, -45.233 ], [ -67.099, -45.233 ], [ -67.099, -45.199 ], [ -67.099, -45.166 ], [ -67.066, -45.166 ], [ -67.066, -45.133 ], [ -67.033, -45.133 ], [ -67.033, -45.099 ], [ -67.033, -45.066 ], [ -67.033, -45.033 ], [ -66.999, -45.033 ], [ -66.999, -44.999 ], [ -66.966, -44.999 ], [ -66.933, -44.999 ], [ -66.899, -44.999 ], [ -66.899, -44.966 ], [ -66.866, -44.966 ], [ -66.866, -44.933 ], [ -66.833, -44.933 ], [ -66.833, -44.899 ], [ -66.799, -44.899 ], [ -66.766, -44.899 ], [ -66.766, -44.866 ], [ -66.733, -44.866 ], [ -66.699, -44.866 ], [ -66.666, -44.866 ], [ -66.666, -44.833 ], [ -66.633, -44.833 ], [ -66.633, -44.799 ], [ -66.633, -44.766 ], [ -66.599, -44.766 ], [ -66.566, -44.766 ], [ -66.566, -44.733 ], [ -66.533, -44.733 ], [ -66.499, -44.733 ], [ -66.499, -44.766 ], [ -66.466, -44.766 ], [ -66.433, -44.766 ], [ -66.399, -44.766 ], [ -66.366, -44.766 ], [ -66.333, -44.766 ], [ -66.333, -44.733 ], [ -66.299, -44.733 ], [ -66.266, -44.733 ], [ -66.266, -44.699 ], [ -66.233, -44.699 ], [ -66.233, -44.733 ], [ -66.199, -44.733 ], [ -66.166, -44.733 ], [ -66.133, -44.733 ], [ -66.133, -44.699 ], [ -66.099, -44.699 ], [ -66.066, -44.699 ], [ -66.066, -44.666 ], [ -66.099, -44.666 ], [ -66.133, -44.666 ], [ -66.133, -44.633 ], [ -66.133, -44.599 ], [ -66.099, -44.599 ], [ -66.066, -44.599 ], [ -66.033, -44.599 ], [ -66.033, -44.566 ], [ -65.999, -44.566 ], [ -65.999, -44.533 ], [ -65.999, -44.499 ], [ -66.033, -44.499 ], [ -66.066, -44.499 ], [ -66.099, -44.499 ], [ -66.133, -44.499 ], [ -66.133, -44.533 ], [ -66.166, -44.533 ], [ -66.166, -44.566 ], [ -66.199, -44.566 ], [ -66.199, -44.533 ], [ -66.199, -44.499 ], [ -66.166, -44.499 ], [ -66.166, -44.466 ], [ -66.199, -44.466 ], [ -66.199, -44.499 ], [ -66.233, -44.499 ], [ -66.233, -44.466 ], [ -66.266, -44.466 ], [ -66.266, -44.499 ], [ -66.299, -44.499 ], [ -66.333, -44.499 ], [ -66.366, -44.499 ], [ -66.399, -44.499 ], [ -66.433, -44.499 ], [ -66.433, -44.533 ], [ -66.466, -44.533 ], [ -66.466, -44.566 ], [ -66.466, -44.599 ], [ -66.499, -44.599 ], [ -66.499, -44.633 ], [ -66.533, -44.633 ], [ -66.566, -44.633 ], [ -66.566, -44.666 ], [ -66.599, -44.666 ], [ -66.599, -44.699 ], [ -66.633, -44.699 ], [ -66.633, -44.733 ], [ -66.666, -44.733 ], [ -66.699, -44.733 ], [ -66.699, -44.766 ], [ -66.733, -44.766 ], [ -66.766, -44.766 ], [ -66.766, -44.799 ], [ -66.799, -44.799 ], [ -66.799, -44.833 ], [ -66.833, -44.833 ], [ -66.833, -44.799 ], [ -66.866, -44.799 ], [ -66.866, -44.833 ], [ -66.899, -44.833 ], [ -66.899, -44.866 ], [ -66.933, -44.866 ], [ -66.966, -44.866 ], [ -66.966, -44.899 ], [ -66.999, -44.899 ], [ -67.033, -44.899 ], [ -67.033, -44.933 ], [ -67.066, -44.933 ], [ -67.066, -44.966 ], [ -67.099, -44.966 ], [ -67.133, -44.966 ], [ -67.133, -44.999 ], [ -67.133, -45.033 ], [ -67.166, -45.033 ], [ -67.199, -45.033 ], [ -67.233, -45.033 ], [ -67.233, -45.066 ], [ -67.266, -45.066 ], [ -67.299, -45.066 ], [ -67.299, -45.099 ], [ -67.333, -45.099 ], [ -67.333, -45.133 ], [ -67.366, -45.133 ], [ -67.366, -45.166 ], [ -67.366, -45.199 ], [ -67.366, -45.233 ], [ -67.366, -45.266 ], [ -67.366, -45.299 ], [ -67.366, -45.333 ], [ -67.399, -45.333 ], [ -67.399, -45.366 ], [ -67.433, -45.366 ], [ -67.433, -45.399 ], [ -67.466, -45.399 ], [ -67.499, -45.399 ], [ -67.533, -45.399 ], [ -67.566, -45.399 ], [ -67.599, -45.399 ], [ -67.599, -45.433 ], [ -67.599, -45.466 ], [ -67.633, -45.466 ], [ -67.666, -45.466 ], [ -67.699, -45.466 ], [ -67.699, -45.433 ], [ -67.733, -45.433 ], [ -67.766, -45.433 ], [ -67.799, -45.433 ], [ -67.833, -45.433 ], [ -67.833, -45.466 ], [ -67.866, -45.466 ], [ -67.866, -45.499 ], [ -67.899, -45.499 ], [ -67.899, -45.533 ], [ -67.933, -45.533 ], [ -67.966, -45.533 ], [ -67.966, -45.566 ], [ -67.999, -45.566 ], [ -67.999, -45.599 ], [ -67.999, -45.633 ], [ -68.033, -45.633 ], [ -68.033, -45.666 ], [ -68.066, -45.666 ], [ -68.099, -45.666 ], [ -68.099, -45.633 ], [ -68.133, -45.633 ], [ -68.166, -45.633 ], [ -68.166, -45.666 ], [ -68.199, -45.666 ], [ -68.199, -45.699 ], [ -68.233, -45.699 ], [ -68.233, -45.666 ], [ -68.266, -45.666 ], [ -68.266, -45.633 ], [ -68.299, -45.633 ], [ -68.299, -45.666 ], [ -68.333, -45.666 ], [ -68.333, -45.699 ], [ -68.333, -45.733 ], [ -68.333, -45.766 ], [ -68.366, -45.766 ], [ -68.399, -45.766 ], [ -68.433, -45.766 ], [ -68.433, -45.799 ], [ -68.466, -45.799 ], [ -68.499, -45.799 ], [ -68.499, -45.833 ], [ -68.499, -45.866 ], [ -68.533, -45.866 ], [ -68.533, -45.833 ], [ -68.566, -45.833 ], [ -68.566, -45.866 ], [ -68.599, -45.866 ], [ -68.633, -45.866 ], [ -68.666, -45.866 ], [ -68.666, -45.899 ], [ -68.699, -45.899 ], [ -68.733, -45.899 ], [ -68.733, -45.933 ], [ -68.766, -45.933 ], [ -68.799, -45.933 ], [ -68.833, -45.933 ], [ -68.866, -45.933 ], [ -68.866, -45.966 ], [ -68.899, -45.966 ], [ -68.899, -45.999 ], [ -68.899, -46.033 ], [ -68.866, -46.033 ], [ -68.866, -46.066 ], [ -68.899, -46.066 ], [ -68.933, -46.066 ], [ -68.933, -46.099 ], [ -68.966, -46.099 ], [ -68.966, -46.133 ], [ -68.966, -46.166 ], [ -68.966, -46.199 ], [ -68.966, -46.233 ], [ -68.999, -46.233 ], [ -68.999, -46.266 ], [ -69.033, -46.266 ], [ -69.033, -46.299 ], [ -69.033, -46.333 ], [ -69.066, -46.333 ], [ -69.066, -46.366 ], [ -69.099, -46.366 ], [ -69.099, -46.333 ], [ -69.133, -46.333 ], [ -69.133, -46.299 ], [ -69.099, -46.299 ], [ -69.099, -46.266 ], [ -69.133, -46.266 ], [ -69.133, -46.299 ], [ -69.166, -46.299 ], [ -69.199, -46.299 ], [ -69.233, -46.299 ], [ -69.233, -46.266 ], [ -69.199, -46.266 ], [ -69.199, -46.233 ], [ -69.199, -46.199 ], [ -69.233, -46.199 ], [ -69.233, -46.233 ], [ -69.266, -46.233 ], [ -69.299, -46.233 ], [ -69.333, -46.233 ], [ -69.366, -46.233 ], [ -69.399, -46.233 ], [ -69.433, -46.233 ], [ -69.466, -46.233 ], [ -69.499, -46.233 ], [ -69.533, -46.233 ], [ -69.533, -46.199 ], [ -69.566, -46.199 ], [ -69.599, -46.199 ], [ -69.599, -46.166 ], [ -69.599, -46.133 ], [ -69.599, -46.099 ], [ -69.633, -46.099 ], [ -69.633, -46.066 ], [ -69.633, -46.033 ], [ -69.633, -45.999 ], [ -69.666, -45.999 ], [ -69.699, -45.999 ], [ -69.733, -45.999 ], [ -69.733, -45.966 ], [ -69.766, -45.966 ], [ -69.766, -45.933 ], [ -69.799, -45.933 ], [ -69.799, -45.899 ], [ -69.799, -45.866 ], [ -69.833, -45.866 ], [ -69.866, -45.866 ], [ -69.866, -45.833 ], [ -69.866, -45.799 ], [ -69.866, -45.766 ], [ -69.899, -45.766 ], [ -69.899, -45.733 ], [ -69.933, -45.733 ], [ -69.966, -45.733 ], [ -69.966, -45.699 ], [ -69.999, -45.699 ], [ -69.999, -45.666 ], [ -69.966, -45.666 ], [ -69.966, -45.633 ], [ -69.933, -45.633 ], [ -69.899, -45.633 ], [ -69.866, -45.633 ], [ -69.866, -45.599 ], [ -69.866, -45.566 ], [ -69.866, -45.533 ], [ -69.899, -45.533 ], [ -69.899, -45.499 ], [ -69.899, -45.466 ], [ -69.933, -45.466 ], [ -69.966, -45.466 ], [ -69.999, -45.466 ], [ -69.999, -45.433 ], [ -70.033, -45.433 ], [ -70.033, -45.399 ], [ -70.066, -45.399 ], [ -70.066, -45.366 ], [ -70.066, -45.333 ], [ -70.066, -45.299 ], [ -70.066, -45.266 ], [ -70.099, -45.266 ], [ -70.099, -45.233 ], [ -70.099, -45.199 ], [ -70.099, -45.166 ], [ -70.099, -45.133 ], [ -70.099, -45.099 ], [ -70.133, -45.099 ], [ -70.133, -45.066 ], [ -70.133, -45.033 ], [ -70.133, -44.999 ], [ -70.166, -44.999 ], [ -70.166, -44.966 ], [ -70.133, -44.966 ], [ -70.099, -44.966 ], [ -70.099, -44.999 ], [ -70.099, -45.033 ], [ -70.099, -45.066 ], [ -70.066, -45.066 ], [ -70.033, -45.066 ], [ -70.033, -45.099 ], [ -70.033, -45.133 ], [ -70.033, -45.166 ], [ -70.033, -45.199 ], [ -70.033, -45.233 ], [ -69.999, -45.233 ], [ -69.999, -45.266 ], [ -69.966, -45.266 ], [ -69.933, -45.266 ], [ -69.933, -45.299 ], [ -69.933, -45.333 ], [ -69.899, -45.333 ], [ -69.899, -45.366 ], [ -69.866, -45.366 ], [ -69.866, -45.399 ], [ -69.866, -45.433 ], [ -69.833, -45.433 ], [ -69.833, -45.466 ], [ -69.799, -45.466 ], [ -69.766, -45.466 ], [ -69.766, -45.499 ], [ -69.733, -45.499 ], [ -69.733, -45.533 ], [ -69.733, -45.566 ], [ -69.733, -45.599 ], [ -69.699, -45.599 ], [ -69.699, -45.633 ], [ -69.699, -45.666 ], [ -69.699, -45.699 ], [ -69.666, -45.699 ], [ -69.666, -45.733 ], [ -69.699, -45.733 ], [ -69.699, -45.766 ], [ -69.699, -45.799 ], [ -69.733, -45.799 ], [ -69.733, -45.833 ], [ -69.699, -45.833 ], [ -69.699, -45.866 ], [ -69.666, -45.866 ], [ -69.666, -45.899 ], [ -69.633, -45.899 ], [ -69.599, -45.899 ], [ -69.599, -45.933 ], [ -69.599, -45.966 ], [ -69.566, -45.966 ], [ -69.566, -45.999 ], [ -69.533, -45.999 ], [ -69.533, -45.966 ], [ -69.499, -45.966 ], [ -69.499, -45.933 ], [ -69.499, -45.899 ], [ -69.499, -45.866 ], [ -69.466, -45.866 ], [ -69.433, -45.866 ], [ -69.433, -45.833 ], [ -69.399, -45.833 ], [ -69.366, -45.833 ], [ -69.366, -45.799 ], [ -69.333, -45.799 ], [ -69.333, -45.766 ], [ -69.299, -45.766 ], [ -69.299, -45.733 ], [ -69.299, -45.699 ], [ -69.299, -45.666 ], [ -69.299, -45.633 ], [ -69.333, -45.633 ], [ -69.333, -45.599 ], [ -69.333, -45.566 ], [ -69.366, -45.566 ], [ -69.366, -45.533 ], [ -69.366, -45.499 ], [ -69.333, -45.499 ], [ -69.299, -45.499 ], [ -69.299, -45.466 ], [ -69.299, -45.433 ], [ -69.333, -45.433 ], [ -69.333, -45.399 ], [ -69.366, -45.399 ], [ -69.399, -45.399 ], [ -69.399, -45.366 ], [ -69.399, -45.333 ], [ -69.366, -45.333 ], [ -69.366, -45.299 ], [ -69.399, -45.299 ], [ -69.399, -45.333 ], [ -69.433, -45.333 ], [ -69.433, -45.299 ], [ -69.433, -45.266 ], [ -69.433, -45.233 ], [ -69.399, -45.233 ], [ -69.366, -45.233 ], [ -69.366, -45.199 ], [ -69.333, -45.199 ], [ -69.299, -45.199 ], [ -69.299, -45.166 ], [ -69.266, -45.166 ], [ -69.233, -45.166 ], [ -69.199, -45.166 ], [ -69.199, -45.133 ], [ -69.166, -45.133 ], [ -69.166, -45.099 ], [ -69.199, -45.099 ], [ -69.199, -45.066 ], [ -69.199, -45.033 ], [ -69.199, -44.999 ], [ -69.166, -44.999 ], [ -69.133, -44.999 ], [ -69.133, -44.966 ], [ -69.133, -44.933 ], [ -69.166, -44.933 ], [ -69.199, -44.933 ], [ -69.199, -44.966 ], [ -69.199, -44.999 ], [ -69.233, -44.999 ], [ -69.233, -44.966 ], [ -69.233, -44.933 ], [ -69.233, -44.899 ], [ -69.233, -44.866 ], [ -69.266, -44.866 ], [ -69.266, -44.833 ], [ -69.299, -44.833 ], [ -69.299, -44.799 ], [ -69.266, -44.799 ], [ -69.266, -44.766 ], [ -69.266, -44.733 ], [ -69.266, -44.699 ], [ -69.266, -44.666 ], [ -69.299, -44.666 ], [ -69.299, -44.633 ], [ -69.333, -44.633 ], [ -69.333, -44.599 ], [ -69.333, -44.566 ], [ -69.299, -44.566 ], [ -69.299, -44.533 ], [ -69.266, -44.533 ], [ -69.266, -44.499 ], [ -69.233, -44.499 ], [ -69.233, -44.466 ], [ -69.199, -44.466 ], [ -69.166, -44.466 ], [ -69.166, -44.433 ], [ -69.166, -44.399 ], [ -69.166, -44.366 ], [ -69.166, -44.333 ], [ -69.133, -44.333 ], [ -69.133, -44.299 ], [ -69.099, -44.299 ], [ -69.099, -44.266 ], [ -69.066, -44.266 ], [ -69.033, -44.266 ], [ -69.033, -44.299 ], [ -68.999, -44.299 ], [ -68.966, -44.299 ], [ -68.966, -44.333 ], [ -68.966, -44.366 ], [ -68.966, -44.399 ], [ -68.933, -44.399 ], [ -68.899, -44.399 ], [ -68.899, -44.366 ], [ -68.933, -44.366 ], [ -68.933, -44.333 ], [ -68.933, -44.299 ], [ -68.899, -44.299 ], [ -68.899, -44.266 ], [ -68.866, -44.266 ], [ -68.866, -44.299 ], [ -68.833, -44.299 ], [ -68.799, -44.299 ], [ -68.799, -44.266 ], [ -68.799, -44.233 ], [ -68.833, -44.233 ], [ -68.866, -44.233 ], [ -68.899, -44.233 ], [ -68.933, -44.233 ], [ -68.966, -44.233 ], [ -68.999, -44.233 ], [ -68.999, -44.199 ], [ -69.033, -44.199 ], [ -69.066, -44.199 ], [ -69.066, -44.233 ], [ -69.099, -44.233 ], [ -69.133, -44.233 ], [ -69.133, -44.199 ], [ -69.166, -44.199 ], [ -69.166, -44.166 ], [ -69.166, -44.133 ], [ -69.166, -44.099 ], [ -69.199, -44.099 ], [ -69.199, -44.066 ], [ -69.199, -44.033 ], [ -69.233, -44.033 ], [ -69.233, -43.999 ], [ -69.233, -43.966 ], [ -69.199, -43.966 ], [ -69.166, -43.966 ], [ -69.166, -43.999 ], [ -69.133, -43.999 ], [ -69.133, -43.966 ], [ -69.099, -43.966 ], [ -69.099, -43.999 ], [ -69.066, -43.999 ], [ -69.033, -43.999 ], [ -69.033, -43.966 ], [ -69.066, -43.966 ], [ -69.066, -43.933 ], [ -69.099, -43.933 ], [ -69.133, -43.933 ], [ -69.166, -43.933 ], [ -69.199, -43.933 ], [ -69.233, -43.933 ], [ -69.233, -43.899 ], [ -69.266, -43.899 ], [ -69.299, -43.899 ], [ -69.299, -43.866 ], [ -69.299, -43.833 ], [ -69.333, -43.833 ], [ -69.333, -43.799 ], [ -69.299, -43.799 ], [ -69.266, -43.799 ], [ -69.233, -43.799 ], [ -69.199, -43.799 ], [ -69.199, -43.833 ], [ -69.166, -43.833 ], [ -69.166, -43.866 ], [ -69.133, -43.866 ], [ -69.099, -43.866 ], [ -69.066, -43.866 ], [ -69.033, -43.866 ], [ -69.033, -43.833 ], [ -69.033, -43.799 ], [ -69.066, -43.799 ], [ -69.066, -43.766 ], [ -69.099, -43.766 ], [ -69.099, -43.733 ], [ -69.133, -43.733 ], [ -69.133, -43.699 ], [ -69.099, -43.699 ], [ -69.066, -43.699 ], [ -69.066, -43.666 ], [ -69.066, -43.633 ], [ -69.099, -43.633 ], [ -69.099, -43.599 ], [ -69.133, -43.599 ], [ -69.166, -43.599 ], [ -69.166, -43.566 ], [ -69.166, -43.533 ], [ -69.166, -43.499 ], [ -69.166, -43.466 ], [ -69.199, -43.466 ], [ -69.233, -43.466 ], [ -69.233, -43.433 ], [ -69.199, -43.433 ], [ -69.199, -43.399 ], [ -69.233, -43.399 ], [ -69.266, -43.399 ], [ -69.299, -43.399 ], [ -69.299, -43.366 ], [ -69.266, -43.366 ], [ -69.233, -43.366 ], [ -69.233, -43.333 ], [ -69.199, -43.333 ], [ -69.199, -43.299 ], [ -69.199, -43.266 ], [ -69.233, -43.266 ], [ -69.266, -43.266 ], [ -69.266, -43.233 ], [ -69.266, -43.199 ], [ -69.299, -43.199 ], [ -69.299, -43.166 ], [ -69.333, -43.166 ], [ -69.333, -43.133 ], [ -69.333, -43.099 ], [ -69.366, -43.099 ], [ -69.366, -43.066 ], [ -69.366, -43.033 ], [ -69.399, -43.033 ], [ -69.399, -42.999 ], [ -69.433, -42.999 ], [ -69.466, -42.999 ], [ -69.499, -42.999 ], [ -69.499, -42.966 ], [ -69.499, -42.933 ], [ -69.499, -42.899 ], [ -69.533, -42.899 ], [ -69.533, -42.866 ], [ -69.566, -42.866 ], [ -69.566, -42.833 ], [ -69.599, -42.833 ], [ -69.633, -42.833 ], [ -69.633, -42.799 ], [ -69.633, -42.766 ], [ -69.666, -42.766 ], [ -69.666, -42.733 ], [ -69.699, -42.733 ], [ -69.733, -42.733 ], [ -69.766, -42.733 ], [ -69.766, -42.699 ], [ -69.799, -42.699 ], [ -69.799, -42.666 ], [ -69.766, -42.666 ], [ -69.733, -42.666 ], [ -69.733, -42.633 ], [ -69.733, -42.599 ], [ -69.699, -42.599 ], [ -69.699, -42.633 ], [ -69.666, -42.633 ], [ -69.666, -42.666 ], [ -69.633, -42.666 ], [ -69.633, -42.699 ], [ -69.599, -42.699 ], [ -69.599, -42.733 ], [ -69.566, -42.733 ], [ -69.566, -42.766 ], [ -69.533, -42.766 ], [ -69.533, -42.799 ], [ -69.499, -42.799 ], [ -69.466, -42.799 ], [ -69.466, -42.833 ], [ -69.466, -42.866 ], [ -69.466, -42.899 ], [ -69.433, -42.899 ], [ -69.433, -42.933 ], [ -69.399, -42.933 ], [ -69.399, -42.966 ], [ -69.366, -42.966 ], [ -69.366, -42.999 ], [ -69.333, -42.999 ], [ -69.333, -43.033 ], [ -69.299, -43.033 ], [ -69.299, -43.066 ], [ -69.266, -43.066 ], [ -69.233, -43.066 ], [ -69.199, -43.066 ], [ -69.199, -43.033 ], [ -69.166, -43.033 ], [ -69.166, -43.066 ], [ -69.166, -43.099 ], [ -69.199, -43.099 ], [ -69.233, -43.099 ], [ -69.233, -43.133 ], [ -69.199, -43.133 ], [ -69.199, -43.166 ], [ -69.199, -43.199 ], [ -69.166, -43.199 ], [ -69.166, -43.233 ], [ -69.133, -43.233 ], [ -69.133, -43.199 ], [ -69.099, -43.199 ], [ -69.066, -43.199 ], [ -69.033, -43.199 ], [ -69.033, -43.166 ], [ -69.033, -43.133 ], [ -68.999, -43.133 ], [ -68.999, -43.166 ], [ -68.999, -43.199 ], [ -68.966, -43.199 ], [ -68.933, -43.199 ], [ -68.933, -43.233 ], [ -68.966, -43.233 ], [ -68.966, -43.266 ], [ -68.933, -43.266 ], [ -68.933, -43.299 ], [ -68.966, -43.299 ], [ -68.999, -43.299 ], [ -69.033, -43.299 ], [ -69.033, -43.333 ], [ -69.033, -43.366 ], [ -69.033, -43.399 ], [ -69.066, -43.399 ], [ -69.099, -43.399 ], [ -69.099, -43.433 ], [ -69.099, -43.466 ], [ -69.099, -43.499 ], [ -69.066, -43.499 ], [ -69.066, -43.533 ], [ -69.066, -43.566 ], [ -69.033, -43.566 ], [ -68.999, -43.566 ], [ -68.999, -43.533 ], [ -68.966, -43.533 ], [ -68.933, -43.533 ], [ -68.933, -43.499 ], [ -68.899, -43.499 ], [ -68.866, -43.499 ], [ -68.833, -43.499 ], [ -68.799, -43.499 ], [ -68.766, -43.499 ], [ -68.733, -43.499 ], [ -68.733, -43.533 ], [ -68.699, -43.533 ], [ -68.699, -43.566 ], [ -68.666, -43.566 ], [ -68.666, -43.599 ], [ -68.633, -43.599 ], [ -68.633, -43.566 ], [ -68.599, -43.566 ], [ -68.566, -43.566 ], [ -68.566, -43.533 ], [ -68.599, -43.533 ], [ -68.599, -43.499 ], [ -68.633, -43.499 ], [ -68.666, -43.499 ], [ -68.666, -43.466 ], [ -68.666, -43.433 ], [ -68.699, -43.433 ], [ -68.699, -43.399 ], [ -68.699, -43.366 ], [ -68.699, -43.333 ], [ -68.699, -43.299 ], [ -68.699, -43.266 ], [ -68.699, -43.233 ], [ -68.733, -43.233 ], [ -68.733, -43.199 ], [ -68.766, -43.199 ], [ -68.799, -43.199 ], [ -68.799, -43.166 ], [ -68.766, -43.166 ], [ -68.733, -43.166 ], [ -68.699, -43.166 ], [ -68.699, -43.133 ], [ -68.666, -43.133 ], [ -68.633, -43.133 ], [ -68.633, -43.166 ], [ -68.599, -43.166 ], [ -68.566, -43.166 ], [ -68.566, -43.199 ], [ -68.566, -43.233 ], [ -68.533, -43.233 ], [ -68.533, -43.266 ], [ -68.499, -43.266 ], [ -68.499, -43.299 ], [ -68.466, -43.299 ], [ -68.433, -43.299 ], [ -68.399, -43.299 ], [ -68.366, -43.299 ], [ -68.366, -43.333 ], [ -68.333, -43.333 ], [ -68.299, -43.333 ], [ -68.299, -43.299 ], [ -68.299, -43.266 ], [ -68.299, -43.233 ], [ -68.333, -43.233 ], [ -68.333, -43.199 ], [ -68.299, -43.199 ], [ -68.299, -43.166 ], [ -68.333, -43.166 ], [ -68.333, -43.133 ], [ -68.333, -43.099 ], [ -68.299, -43.099 ], [ -68.266, -43.099 ], [ -68.233, -43.099 ], [ -68.233, -43.133 ], [ -68.199, -43.133 ], [ -68.166, -43.133 ], [ -68.133, -43.133 ], [ -68.099, -43.133 ], [ -68.099, -43.099 ], [ -68.066, -43.099 ], [ -68.033, -43.099 ], [ -67.999, -43.099 ], [ -67.966, -43.099 ], [ -67.933, -43.099 ], [ -67.899, -43.099 ], [ -67.899, -43.133 ], [ -67.866, -43.133 ], [ -67.866, -43.099 ], [ -67.833, -43.099 ], [ -67.799, -43.099 ], [ -67.799, -43.133 ], [ -67.799, -43.166 ], [ -67.766, -43.166 ], [ -67.733, -43.166 ], [ -67.699, -43.166 ], [ -67.699, -43.133 ], [ -67.699, -43.099 ], [ -67.699, -43.066 ], [ -67.733, -43.066 ], [ -67.766, -43.066 ], [ -67.799, -43.066 ], [ -67.799, -43.033 ], [ -67.833, -43.033 ], [ -67.866, -43.033 ], [ -67.899, -43.033 ], [ -67.933, -43.033 ], [ -67.933, -42.999 ], [ -67.899, -42.999 ], [ -67.866, -42.999 ], [ -67.833, -42.999 ], [ -67.799, -42.999 ], [ -67.766, -42.999 ], [ -67.733, -42.999 ], [ -67.699, -42.999 ], [ -67.699, -43.033 ], [ -67.666, -43.033 ], [ -67.633, -43.033 ], [ -67.633, -42.999 ], [ -67.599, -42.999 ], [ -67.599, -42.966 ], [ -67.599, -42.933 ], [ -67.599, -42.899 ], [ -67.566, -42.899 ], [ -67.566, -42.933 ], [ -67.533, -42.933 ], [ -67.499, -42.933 ], [ -67.499, -42.899 ], [ -67.499, -42.866 ], [ -67.466, -42.866 ], [ -67.433, -42.866 ], [ -67.433, -42.833 ], [ -67.399, -42.833 ], [ -67.366, -42.833 ], [ -67.366, -42.799 ], [ -67.333, -42.799 ], [ -67.299, -42.799 ], [ -67.299, -42.833 ], [ -67.266, -42.833 ], [ -67.266, -42.866 ], [ -67.299, -42.866 ], [ -67.333, -42.866 ], [ -67.333, -42.899 ], [ -67.366, -42.899 ], [ -67.366, -42.933 ], [ -67.399, -42.933 ], [ -67.399, -42.966 ], [ -67.433, -42.966 ], [ -67.433, -42.999 ], [ -67.466, -42.999 ], [ -67.499, -42.999 ], [ -67.533, -42.999 ], [ -67.533, -43.033 ], [ -67.533, -43.066 ], [ -67.566, -43.066 ], [ -67.599, -43.066 ], [ -67.633, -43.066 ], [ -67.633, -43.099 ], [ -67.599, -43.099 ], [ -67.599, -43.133 ], [ -67.599, -43.166 ], [ -67.599, -43.199 ], [ -67.633, -43.199 ], [ -67.666, -43.199 ], [ -67.699, -43.199 ], [ -67.699, -43.233 ], [ -67.666, -43.233 ], [ -67.666, -43.266 ], [ -67.699, -43.266 ], [ -67.733, -43.266 ], [ -67.733, -43.233 ], [ -67.766, -43.233 ], [ -67.799, -43.233 ], [ -67.833, -43.233 ], [ -67.833, -43.266 ], [ -67.833, -43.299 ], [ -67.866, -43.299 ], [ -67.866, -43.333 ], [ -67.833, -43.333 ], [ -67.799, -43.333 ], [ -67.766, -43.333 ], [ -67.733, -43.333 ], [ -67.733, -43.366 ], [ -67.766, -43.366 ], [ -67.766, -43.399 ], [ -67.733, -43.399 ], [ -67.699, -43.399 ], [ -67.666, -43.399 ], [ -67.666, -43.366 ], [ -67.633, -43.366 ], [ -67.633, -43.333 ], [ -67.599, -43.333 ], [ -67.566, -43.333 ], [ -67.566, -43.366 ], [ -67.533, -43.366 ], [ -67.499, -43.366 ], [ -67.499, -43.333 ], [ -67.466, -43.333 ], [ -67.433, -43.333 ], [ -67.433, -43.299 ], [ -67.399, -43.299 ], [ -67.366, -43.299 ], [ -67.333, -43.299 ], [ -67.299, -43.299 ], [ -67.299, -43.333 ], [ -67.266, -43.333 ], [ -67.233, -43.333 ], [ -67.199, -43.333 ], [ -67.166, -43.333 ], [ -67.133, -43.333 ], [ -67.133, -43.366 ], [ -67.133, -43.399 ], [ -67.099, -43.399 ], [ -67.099, -43.433 ], [ -67.066, -43.433 ], [ -67.033, -43.433 ], [ -66.999, -43.433 ], [ -66.966, -43.433 ], [ -66.933, -43.433 ], [ -66.933, -43.399 ], [ -66.933, -43.366 ], [ -66.966, -43.366 ], [ -66.999, -43.366 ], [ -67.033, -43.366 ], [ -67.066, -43.366 ], [ -67.099, -43.366 ], [ -67.099, -43.333 ], [ -67.133, -43.333 ], [ -67.133, -43.299 ], [ -67.099, -43.299 ], [ -67.099, -43.266 ], [ -67.066, -43.266 ], [ -67.033, -43.266 ], [ -67.033, -43.299 ], [ -66.999, -43.299 ], [ -66.966, -43.299 ], [ -66.933, -43.299 ], [ -66.933, -43.266 ], [ -66.966, -43.266 ], [ -66.966, -43.233 ], [ -66.933, -43.233 ], [ -66.899, -43.233 ], [ -66.866, -43.233 ], [ -66.833, -43.233 ], [ -66.799, -43.233 ], [ -66.766, -43.233 ], [ -66.733, -43.233 ], [ -66.699, -43.233 ], [ -66.666, -43.233 ], [ -66.666, -43.199 ], [ -66.699, -43.199 ], [ -66.699, -43.166 ], [ -66.699, -43.133 ], [ -66.666, -43.133 ], [ -66.633, -43.133 ], [ -66.599, -43.133 ], [ -66.599, -43.099 ], [ -66.566, -43.099 ], [ -66.533, -43.099 ], [ -66.533, -43.066 ], [ -66.499, -43.066 ], [ -66.499, -43.033 ], [ -66.466, -43.033 ], [ -66.466, -42.999 ], [ -66.433, -42.999 ], [ -66.433, -42.966 ], [ -66.399, -42.966 ], [ -66.366, -42.966 ], [ -66.366, -42.933 ], [ -66.366, -42.899 ], [ -66.366, -42.866 ], [ -66.399, -42.866 ], [ -66.399, -42.833 ], [ -66.433, -42.833 ], [ -66.433, -42.799 ], [ -66.433, -42.766 ], [ -66.466, -42.766 ], [ -66.499, -42.766 ], [ -66.533, -42.766 ], [ -66.533, -42.733 ], [ -66.566, -42.733 ], [ -66.599, -42.733 ], [ -66.633, -42.733 ], [ -66.633, -42.699 ], [ -66.666, -42.699 ], [ -66.699, -42.699 ], [ -66.699, -42.666 ], [ -66.733, -42.666 ], [ -66.766, -42.666 ], [ -66.766, -42.633 ], [ -66.799, -42.633 ], [ -66.799, -42.599 ], [ -66.833, -42.599 ], [ -66.866, -42.599 ], [ -66.899, -42.599 ], [ -66.933, -42.599 ], [ -66.966, -42.599 ], [ -66.966, -42.633 ], [ -66.999, -42.633 ], [ -67.033, -42.633 ], [ -67.066, -42.633 ], [ -67.066, -42.666 ], [ -67.099, -42.666 ], [ -67.099, -42.699 ], [ -67.133, -42.699 ], [ -67.166, -42.699 ], [ -67.166, -42.733 ], [ -67.199, -42.733 ], [ -67.199, -42.766 ], [ -67.233, -42.766 ], [ -67.266, -42.766 ], [ -67.266, -42.799 ], [ -67.299, -42.799 ], [ -67.299, -42.766 ], [ -67.333, -42.766 ], [ -67.333, -42.733 ], [ -67.366, -42.733 ], [ -67.399, -42.733 ], [ -67.433, -42.733 ], [ -67.466, -42.733 ], [ -67.499, -42.733 ], [ -67.499, -42.699 ], [ -67.466, -42.699 ], [ -67.433, -42.699 ], [ -67.433, -42.666 ], [ -67.399, -42.666 ], [ -67.366, -42.666 ], [ -67.333, -42.666 ], [ -67.299, -42.666 ], [ -67.266, -42.666 ], [ -67.266, -42.699 ], [ -67.233, -42.699 ], [ -67.199, -42.699 ], [ -67.199, -42.666 ], [ -67.166, -42.666 ], [ -67.166, -42.633 ], [ -67.133, -42.633 ], [ -67.133, -42.599 ], [ -67.099, -42.599 ], [ -67.099, -42.566 ], [ -67.066, -42.566 ], [ -67.066, -42.599 ], [ -67.033, -42.599 ], [ -67.033, -42.566 ], [ -66.999, -42.566 ], [ -66.966, -42.566 ], [ -66.966, -42.533 ], [ -66.933, -42.533 ], [ -66.933, -42.499 ], [ -66.933, -42.466 ], [ -66.966, -42.466 ], [ -66.966, -42.433 ], [ -66.999, -42.433 ], [ -66.999, -42.399 ], [ -67.033, -42.399 ], [ -67.033, -42.366 ], [ -67.066, -42.366 ], [ -67.099, -42.366 ], [ -67.133, -42.366 ], [ -67.166, -42.366 ], [ -67.166, -42.333 ], [ -67.166, -42.299 ], [ -67.133, -42.299 ], [ -67.099, -42.299 ], [ -67.066, -42.299 ], [ -67.066, -42.333 ], [ -67.033, -42.333 ], [ -67.033, -42.299 ], [ -66.999, -42.299 ], [ -66.999, -42.333 ], [ -66.966, -42.333 ], [ -66.966, -42.366 ], [ -66.966, -42.399 ], [ -66.933, -42.399 ], [ -66.933, -42.433 ], [ -66.899, -42.433 ], [ -66.899, -42.399 ], [ -66.866, -42.399 ], [ -66.833, -42.399 ], [ -66.799, -42.399 ], [ -66.799, -42.433 ], [ -66.766, -42.433 ], [ -66.733, -42.433 ], [ -66.733, -42.466 ], [ -66.699, -42.466 ], [ -66.666, -42.466 ], [ -66.666, -42.499 ], [ -66.633, -42.499 ], [ -66.599, -42.499 ], [ -66.566, -42.499 ], [ -66.533, -42.499 ], [ -66.533, -42.533 ], [ -66.499, -42.533 ], [ -66.499, -42.499 ], [ -66.466, -42.499 ], [ -66.466, -42.533 ], [ -66.433, -42.533 ], [ -66.399, -42.533 ], [ -66.366, -42.533 ], [ -66.366, -42.499 ], [ -66.333, -42.499 ], [ -66.299, -42.499 ], [ -66.266, -42.499 ], [ -66.233, -42.499 ], [ -66.233, -42.466 ], [ -66.266, -42.466 ], [ -66.299, -42.466 ], [ -66.333, -42.466 ], [ -66.333, -42.433 ], [ -66.366, -42.433 ], [ -66.366, -42.399 ], [ -66.399, -42.399 ], [ -66.399, -42.366 ], [ -66.399, -42.333 ], [ -66.366, -42.333 ], [ -66.333, -42.333 ], [ -66.299, -42.333 ], [ -66.299, -42.299 ], [ -66.266, -42.299 ], [ -66.233, -42.299 ], [ -66.199, -42.299 ], [ -66.166, -42.299 ], [ -66.166, -42.266 ], [ -66.166, -42.233 ], [ -66.166, -42.199 ], [ -66.166, -42.166 ], [ -66.166, -42.133 ], [ -66.133, -42.133 ], [ -66.133, -42.099 ], [ -66.099, -42.099 ], [ -66.099, -42.066 ], [ -66.099, -42.033 ], [ -66.066, -42.033 ], [ -66.066, -41.999 ], [ -66.033, -41.999 ], [ -66.033, -42.033 ], [ -65.999, -42.033 ], [ -65.999, -41.999 ], [ -65.999, -41.966 ], [ -66.033, -41.966 ], [ -66.033, -41.933 ], [ -66.066, -41.933 ], [ -66.099, -41.933 ], [ -66.133, -41.933 ], [ -66.166, -41.933 ], [ -66.166, -41.899 ], [ -66.133, -41.899 ], [ -66.099, -41.899 ], [ -66.066, -41.899 ], [ -66.033, -41.899 ], [ -65.999, -41.899 ], [ -65.966, -41.899 ], [ -65.933, -41.899 ], [ -65.899, -41.899 ], [ -65.899, -41.866 ], [ -65.899, -41.833 ], [ -65.866, -41.833 ], [ -65.866, -41.799 ], [ -65.833, -41.799 ], [ -65.833, -41.766 ], [ -65.833, -41.733 ], [ -65.799, -41.733 ], [ -65.799, -41.699 ], [ -65.833, -41.699 ], [ -65.833, -41.666 ], [ -65.866, -41.666 ], [ -65.899, -41.666 ], [ -65.933, -41.666 ], [ -65.933, -41.633 ], [ -65.966, -41.633 ], [ -65.966, -41.666 ], [ -65.999, -41.666 ], [ -65.999, -41.699 ], [ -66.033, -41.699 ], [ -66.066, -41.699 ], [ -66.066, -41.666 ], [ -66.066, -41.633 ], [ -66.066, -41.599 ], [ -66.066, -41.566 ], [ -66.033, -41.566 ], [ -66.033, -41.533 ], [ -66.066, -41.533 ], [ -66.066, -41.499 ], [ -66.099, -41.499 ], [ -66.099, -41.466 ], [ -66.099, -41.433 ], [ -66.066, -41.433 ], [ -66.066, -41.399 ], [ -66.033, -41.399 ], [ -66.033, -41.366 ], [ -65.999, -41.366 ], [ -65.999, -41.399 ], [ -65.966, -41.399 ], [ -65.966, -41.433 ], [ -65.933, -41.433 ], [ -65.933, -41.399 ], [ -65.933, -41.366 ], [ -65.899, -41.366 ], [ -65.899, -41.333 ], [ -65.899, -41.299 ], [ -65.899, -41.266 ], [ -65.933, -41.266 ], [ -65.966, -41.266 ], [ -65.966, -41.233 ], [ -65.999, -41.233 ], [ -65.999, -41.266 ], [ -66.033, -41.266 ], [ -66.033, -41.233 ], [ -66.033, -41.199 ], [ -66.066, -41.199 ], [ -66.099, -41.199 ], [ -66.133, -41.199 ], [ -66.133, -41.166 ], [ -66.166, -41.166 ], [ -66.166, -41.133 ], [ -66.166, -41.099 ], [ -66.133, -41.099 ], [ -66.133, -41.066 ], [ -66.166, -41.066 ], [ -66.166, -41.033 ], [ -66.199, -41.033 ], [ -66.233, -41.033 ], [ -66.233, -41.066 ], [ -66.266, -41.066 ], [ -66.266, -41.033 ], [ -66.299, -41.033 ], [ -66.333, -41.033 ], [ -66.366, -41.033 ], [ -66.366, -40.999 ], [ -66.366, -40.966 ], [ -66.366, -40.933 ], [ -66.399, -40.933 ], [ -66.433, -40.933 ], [ -66.466, -40.933 ], [ -66.499, -40.933 ], [ -66.499, -40.966 ], [ -66.533, -40.966 ], [ -66.566, -40.966 ], [ -66.566, -40.999 ], [ -66.599, -40.999 ], [ -66.599, -40.966 ], [ -66.633, -40.966 ], [ -66.666, -40.966 ], [ -66.666, -40.933 ], [ -66.633, -40.933 ], [ -66.633, -40.899 ], [ -66.599, -40.899 ], [ -66.599, -40.866 ], [ -66.633, -40.866 ], [ -66.666, -40.866 ], [ -66.666, -40.899 ], [ -66.699, -40.899 ], [ -66.699, -40.933 ], [ -66.733, -40.933 ], [ -66.766, -40.933 ], [ -66.799, -40.933 ], [ -66.799, -40.899 ], [ -66.766, -40.899 ], [ -66.733, -40.899 ], [ -66.733, -40.866 ], [ -66.699, -40.866 ], [ -66.699, -40.833 ], [ -66.733, -40.833 ], [ -66.766, -40.833 ], [ -66.766, -40.799 ], [ -66.799, -40.799 ], [ -66.799, -40.833 ], [ -66.833, -40.833 ], [ -66.866, -40.833 ], [ -66.866, -40.866 ], [ -66.899, -40.866 ], [ -66.899, -40.899 ], [ -66.933, -40.899 ], [ -66.966, -40.899 ], [ -66.999, -40.899 ], [ -66.999, -40.866 ], [ -66.999, -40.833 ], [ -67.033, -40.833 ], [ -67.033, -40.799 ], [ -67.066, -40.799 ], [ -67.066, -40.833 ], [ -67.099, -40.833 ], [ -67.099, -40.866 ], [ -67.133, -40.866 ], [ -67.133, -40.899 ], [ -67.133, -40.933 ], [ -67.166, -40.933 ], [ -67.199, -40.933 ], [ -67.199, -40.899 ], [ -67.233, -40.899 ], [ -67.266, -40.899 ], [ -67.266, -40.866 ], [ -67.266, -40.833 ], [ -67.266, -40.799 ], [ -67.266, -40.766 ], [ -67.233, -40.766 ], [ -67.233, -40.733 ], [ -67.199, -40.733 ], [ -67.166, -40.733 ], [ -67.166, -40.699 ], [ -67.166, -40.666 ], [ -67.199, -40.666 ], [ -67.233, -40.666 ], [ -67.266, -40.666 ], [ -67.299, -40.666 ], [ -67.333, -40.666 ], [ -67.333, -40.699 ], [ -67.333, -40.733 ], [ -67.366, -40.733 ], [ -67.366, -40.766 ], [ -67.399, -40.766 ], [ -67.399, -40.733 ], [ -67.433, -40.733 ], [ -67.433, -40.699 ], [ -67.466, -40.699 ], [ -67.466, -40.666 ], [ -67.466, -40.633 ], [ -67.499, -40.633 ], [ -67.533, -40.633 ], [ -67.566, -40.633 ], [ -67.566, -40.599 ], [ -67.533, -40.599 ], [ -67.499, -40.599 ], [ -67.499, -40.566 ], [ -67.533, -40.566 ], [ -67.566, -40.566 ], [ -67.566, -40.533 ], [ -67.566, -40.499 ], [ -67.566, -40.466 ], [ -67.566, -40.433 ], [ -67.566, -40.399 ], [ -67.599, -40.399 ], [ -67.599, -40.366 ], [ -67.633, -40.366 ], [ -67.633, -40.333 ], [ -67.666, -40.333 ], [ -67.666, -40.299 ], [ -67.666, -40.266 ], [ -67.699, -40.266 ], [ -67.733, -40.266 ], [ -67.733, -40.233 ], [ -67.766, -40.233 ], [ -67.766, -40.199 ], [ -67.799, -40.199 ], [ -67.799, -40.166 ], [ -67.833, -40.166 ], [ -67.833, -40.133 ], [ -67.833, -40.099 ], [ -67.866, -40.099 ], [ -67.899, -40.099 ], [ -67.899, -40.066 ], [ -67.933, -40.066 ], [ -67.966, -40.066 ], [ -67.966, -40.033 ], [ -67.933, -40.033 ], [ -67.933, -39.999 ], [ -67.933, -39.966 ], [ -67.966, -39.966 ], [ -67.999, -39.966 ], [ -67.999, -39.999 ], [ -68.033, -39.999 ], [ -68.066, -39.999 ], [ -68.099, -39.999 ], [ -68.099, -39.966 ], [ -68.133, -39.966 ], [ -68.133, -39.933 ], [ -68.133, -39.899 ], [ -68.133, -39.866 ], [ -68.133, -39.833 ], [ -68.166, -39.833 ], [ -68.199, -39.833 ], [ -68.233, -39.833 ], [ -68.233, -39.799 ], [ -68.266, -39.799 ], [ -68.266, -39.766 ], [ -68.299, -39.766 ], [ -68.299, -39.733 ], [ -68.299, -39.699 ], [ -68.299, -39.666 ], [ -68.266, -39.666 ], [ -68.233, -39.666 ], [ -68.233, -39.633 ], [ -68.199, -39.633 ], [ -68.199, -39.599 ], [ -68.166, -39.599 ], [ -68.166, -39.633 ], [ -68.133, -39.633 ], [ -68.133, -39.599 ], [ -68.099, -39.599 ], [ -68.099, -39.566 ], [ -68.099, -39.533 ], [ -68.099, -39.499 ], [ -68.066, -39.499 ], [ -68.066, -39.466 ], [ -68.066, -39.433 ], [ -68.099, -39.433 ], [ -68.099, -39.399 ], [ -68.133, -39.399 ], [ -68.133, -39.366 ], [ -68.166, -39.366 ], [ -68.199, -39.366 ], [ -68.199, -39.333 ], [ -68.233, -39.333 ], [ -68.266, -39.333 ], [ -68.266, -39.299 ], [ -68.299, -39.299 ], [ -68.333, -39.299 ], [ -68.366, -39.299 ], [ -68.399, -39.299 ], [ -68.433, -39.299 ], [ -68.433, -39.333 ], [ -68.466, -39.333 ], [ -68.499, -39.333 ], [ -68.533, -39.333 ], [ -68.533, -39.366 ], [ -68.566, -39.366 ], [ -68.566, -39.399 ], [ -68.599, -39.399 ], [ -68.599, -39.433 ], [ -68.599, -39.466 ], [ -68.599, -39.499 ], [ -68.633, -39.499 ], [ -68.633, -39.533 ], [ -68.633, -39.566 ], [ -68.666, -39.566 ], [ -68.666, -39.599 ], [ -68.666, -39.633 ], [ -68.699, -39.633 ], [ -68.699, -39.666 ], [ -68.699, -39.699 ], [ -68.666, -39.699 ], [ -68.633, -39.699 ], [ -68.633, -39.733 ], [ -68.599, -39.733 ], [ -68.599, -39.766 ], [ -68.633, -39.766 ], [ -68.633, -39.799 ], [ -68.666, -39.799 ], [ -68.666, -39.833 ], [ -68.666, -39.866 ], [ -68.699, -39.866 ], [ -68.733, -39.866 ], [ -68.733, -39.899 ], [ -68.766, -39.899 ], [ -68.766, -39.866 ], [ -68.766, -39.833 ], [ -68.799, -39.833 ], [ -68.799, -39.799 ], [ -68.799, -39.766 ], [ -68.833, -39.766 ], [ -68.866, -39.766 ], [ -68.866, -39.799 ], [ -68.899, -39.799 ], [ -68.933, -39.799 ], [ -68.966, -39.799 ], [ -68.966, -39.833 ], [ -68.999, -39.833 ], [ -69.033, -39.833 ], [ -69.066, -39.833 ], [ -69.066, -39.866 ], [ -69.099, -39.866 ], [ -69.133, -39.866 ], [ -69.166, -39.866 ], [ -69.166, -39.899 ], [ -69.199, -39.899 ], [ -69.233, -39.899 ], [ -69.233, -39.866 ], [ -69.266, -39.866 ], [ -69.299, -39.866 ], [ -69.333, -39.866 ], [ -69.333, -39.833 ], [ -69.366, -39.833 ], [ -69.366, -39.866 ], [ -69.399, -39.866 ], [ -69.433, -39.866 ], [ -69.433, -39.899 ], [ -69.433, -39.933 ], [ -69.466, -39.933 ], [ -69.466, -39.966 ], [ -69.499, -39.966 ], [ -69.499, -39.933 ], [ -69.533, -39.933 ], [ -69.566, -39.933 ], [ -69.599, -39.933 ], [ -69.633, -39.933 ], [ -69.666, -39.933 ], [ -69.699, -39.933 ], [ -69.699, -39.899 ], [ -69.733, -39.899 ], [ -69.733, -39.933 ], [ -69.766, -39.933 ], [ -69.766, -39.966 ], [ -69.799, -39.966 ], [ -69.799, -39.999 ], [ -69.799, -40.033 ], [ -69.799, -40.066 ], [ -69.799, -40.099 ], [ -69.799, -40.133 ], [ -69.766, -40.133 ], [ -69.766, -40.166 ], [ -69.799, -40.166 ], [ -69.833, -40.166 ], [ -69.866, -40.166 ], [ -69.866, -40.199 ], [ -69.899, -40.199 ], [ -69.933, -40.199 ], [ -69.933, -40.233 ], [ -69.966, -40.233 ], [ -69.999, -40.233 ], [ -69.999, -40.199 ], [ -69.966, -40.199 ], [ -69.966, -40.166 ], [ -69.966, -40.133 ], [ -69.966, -40.099 ], [ -69.966, -40.066 ], [ -69.966, -40.033 ], [ -69.966, -39.999 ], [ -69.999, -39.999 ], [ -69.999, -40.033 ], [ -70.033, -40.033 ], [ -70.066, -40.033 ], [ -70.099, -40.033 ], [ -70.099, -40.066 ], [ -70.133, -40.066 ], [ -70.166, -40.066 ], [ -70.199, -40.066 ], [ -70.199, -40.099 ], [ -70.166, -40.099 ], [ -70.133, -40.099 ], [ -70.099, -40.099 ], [ -70.099, -40.066 ], [ -70.066, -40.066 ], [ -70.033, -40.066 ], [ -70.033, -40.099 ], [ -69.999, -40.099 ], [ -69.999, -40.133 ], [ -69.999, -40.166 ], [ -69.999, -40.199 ], [ -70.033, -40.199 ], [ -70.033, -40.233 ], [ -70.066, -40.233 ], [ -70.066, -40.266 ], [ -70.066, -40.299 ], [ -70.066, -40.333 ], [ -70.099, -40.333 ], [ -70.099, -40.366 ], [ -70.099, -40.399 ], [ -70.133, -40.399 ], [ -70.166, -40.399 ], [ -70.199, -40.399 ], [ -70.199, -40.433 ], [ -70.199, -40.466 ], [ -70.166, -40.466 ], [ -70.166, -40.499 ], [ -70.199, -40.499 ], [ -70.233, -40.499 ], [ -70.233, -40.466 ], [ -70.266, -40.466 ], [ -70.299, -40.466 ], [ -70.299, -40.499 ], [ -70.333, -40.499 ], [ -70.366, -40.499 ], [ -70.399, -40.499 ], [ -70.433, -40.499 ], [ -70.466, -40.499 ], [ -70.499, -40.499 ], [ -70.533, -40.499 ], [ -70.533, -40.466 ], [ -70.566, -40.466 ], [ -70.599, -40.466 ], [ -70.599, -40.433 ], [ -70.633, -40.433 ], [ -70.633, -40.399 ], [ -70.633, -40.366 ], [ -70.633, -40.333 ], [ -70.633, -40.299 ], [ -70.599, -40.299 ], [ -70.599, -40.266 ], [ -70.599, -40.233 ], [ -70.633, -40.233 ], [ -70.633, -40.199 ], [ -70.666, -40.199 ], [ -70.666, -40.166 ], [ -70.666, -40.133 ], [ -70.699, -40.133 ], [ -70.733, -40.133 ], [ -70.733, -40.099 ], [ -70.766, -40.099 ], [ -70.766, -40.066 ], [ -70.799, -40.066 ], [ -70.799, -40.099 ], [ -70.766, -40.099 ], [ -70.766, -40.133 ], [ -70.766, -40.166 ], [ -70.733, -40.166 ], [ -70.733, -40.199 ], [ -70.699, -40.199 ], [ -70.699, -40.233 ], [ -70.666, -40.233 ], [ -70.666, -40.266 ], [ -70.699, -40.266 ], [ -70.699, -40.299 ], [ -70.666, -40.299 ], [ -70.666, -40.333 ], [ -70.699, -40.333 ], [ -70.699, -40.366 ], [ -70.699, -40.399 ], [ -70.733, -40.399 ], [ -70.766, -40.399 ], [ -70.799, -40.399 ], [ -70.799, -40.433 ], [ -70.766, -40.433 ], [ -70.733, -40.433 ], [ -70.699, -40.433 ], [ -70.666, -40.433 ], [ -70.666, -40.466 ], [ -70.633, -40.466 ], [ -70.633, -40.499 ], [ -70.599, -40.499 ], [ -70.599, -40.533 ], [ -70.633, -40.533 ], [ -70.633, -40.566 ], [ -70.666, -40.566 ], [ -70.666, -40.599 ], [ -70.699, -40.599 ], [ -70.699, -40.633 ], [ -70.666, -40.633 ], [ -70.633, -40.633 ], [ -70.599, -40.633 ], [ -70.599, -40.599 ], [ -70.599, -40.566 ], [ -70.566, -40.566 ], [ -70.566, -40.533 ], [ -70.533, -40.533 ], [ -70.499, -40.533 ], [ -70.466, -40.533 ], [ -70.466, -40.566 ], [ -70.433, -40.566 ], [ -70.399, -40.566 ], [ -70.366, -40.566 ], [ -70.366, -40.533 ], [ -70.333, -40.533 ], [ -70.299, -40.533 ], [ -70.266, -40.533 ], [ -70.233, -40.533 ], [ -70.199, -40.533 ], [ -70.166, -40.533 ], [ -70.166, -40.499 ], [ -70.133, -40.499 ], [ -70.133, -40.466 ], [ -70.166, -40.466 ], [ -70.166, -40.433 ], [ -70.133, -40.433 ], [ -70.099, -40.433 ], [ -70.099, -40.399 ], [ -70.066, -40.399 ], [ -70.033, -40.399 ], [ -70.033, -40.366 ], [ -70.033, -40.333 ], [ -70.033, -40.299 ], [ -70.033, -40.266 ], [ -70.033, -40.233 ], [ -69.999, -40.233 ], [ -69.999, -40.266 ], [ -69.999, -40.299 ], [ -69.966, -40.299 ], [ -69.966, -40.333 ], [ -69.966, -40.366 ], [ -69.933, -40.366 ], [ -69.933, -40.399 ], [ -69.899, -40.399 ], [ -69.899, -40.433 ], [ -69.933, -40.433 ], [ -69.966, -40.433 ], [ -69.966, -40.399 ], [ -69.999, -40.399 ], [ -69.999, -40.433 ], [ -70.033, -40.433 ], [ -70.033, -40.466 ], [ -70.033, -40.499 ], [ -70.066, -40.499 ], [ -70.099, -40.499 ], [ -70.099, -40.533 ], [ -70.133, -40.533 ], [ -70.133, -40.566 ], [ -70.133, -40.599 ], [ -70.099, -40.599 ], [ -70.066, -40.599 ], [ -70.066, -40.633 ], [ -70.066, -40.666 ], [ -70.099, -40.666 ], [ -70.099, -40.699 ], [ -70.133, -40.699 ], [ -70.133, -40.733 ], [ -70.133, -40.766 ], [ -70.166, -40.766 ], [ -70.166, -40.799 ], [ -70.199, -40.799 ], [ -70.199, -40.833 ], [ -70.199, -40.866 ], [ -70.199, -40.899 ], [ -70.166, -40.899 ], [ -70.133, -40.899 ], [ -70.133, -40.933 ], [ -70.166, -40.933 ], [ -70.199, -40.933 ], [ -70.199, -40.966 ], [ -70.199, -40.999 ], [ -70.199, -41.033 ], [ -70.199, -41.066 ], [ -70.199, -41.099 ], [ -70.233, -41.099 ], [ -70.233, -41.066 ], [ -70.266, -41.066 ], [ -70.299, -41.066 ], [ -70.299, -41.099 ], [ -70.299, -41.133 ], [ -70.299, -41.166 ], [ -70.299, -41.199 ], [ -70.266, -41.199 ], [ -70.266, -41.233 ], [ -70.299, -41.233 ], [ -70.333, -41.233 ], [ -70.333, -41.266 ], [ -70.366, -41.266 ], [ -70.366, -41.233 ], [ -70.399, -41.233 ], [ -70.399, -41.266 ], [ -70.433, -41.266 ], [ -70.433, -41.299 ], [ -70.433, -41.333 ], [ -70.466, -41.333 ], [ -70.466, -41.299 ], [ -70.466, -41.266 ], [ -70.499, -41.266 ], [ -70.533, -41.266 ], [ -70.533, -41.233 ], [ -70.533, -41.199 ], [ -70.533, -41.166 ], [ -70.499, -41.166 ], [ -70.499, -41.133 ], [ -70.499, -41.099 ], [ -70.533, -41.099 ], [ -70.533, -41.066 ], [ -70.499, -41.066 ], [ -70.466, -41.066 ], [ -70.466, -41.099 ], [ -70.433, -41.099 ], [ -70.433, -41.066 ], [ -70.399, -41.066 ], [ -70.366, -41.066 ], [ -70.366, -41.033 ], [ -70.333, -41.033 ], [ -70.299, -41.033 ], [ -70.299, -40.999 ], [ -70.266, -40.999 ], [ -70.266, -40.966 ], [ -70.266, -40.933 ], [ -70.266, -40.899 ], [ -70.299, -40.899 ], [ -70.333, -40.899 ], [ -70.333, -40.866 ], [ -70.299, -40.866 ], [ -70.299, -40.833 ], [ -70.299, -40.799 ], [ -70.299, -40.766 ], [ -70.266, -40.766 ], [ -70.266, -40.733 ], [ -70.299, -40.733 ], [ -70.299, -40.766 ], [ -70.333, -40.766 ], [ -70.366, -40.766 ], [ -70.399, -40.766 ], [ -70.399, -40.799 ], [ -70.433, -40.799 ], [ -70.433, -40.766 ], [ -70.433, -40.733 ], [ -70.433, -40.699 ], [ -70.399, -40.699 ], [ -70.366, -40.699 ], [ -70.333, -40.699 ], [ -70.299, -40.699 ], [ -70.266, -40.699 ], [ -70.266, -40.666 ], [ -70.266, -40.633 ], [ -70.266, -40.599 ], [ -70.299, -40.599 ], [ -70.333, -40.599 ], [ -70.366, -40.599 ], [ -70.399, -40.599 ], [ -70.399, -40.633 ], [ -70.399, -40.666 ], [ -70.433, -40.666 ], [ -70.433, -40.699 ], [ -70.466, -40.699 ], [ -70.466, -40.666 ], [ -70.466, -40.633 ], [ -70.499, -40.633 ], [ -70.533, -40.633 ], [ -70.533, -40.666 ], [ -70.533, -40.699 ], [ -70.566, -40.699 ], [ -70.566, -40.733 ], [ -70.599, -40.733 ], [ -70.633, -40.733 ], [ -70.633, -40.766 ], [ -70.633, -40.799 ], [ -70.633, -40.833 ], [ -70.633, -40.866 ], [ -70.633, -40.899 ], [ -70.666, -40.899 ], [ -70.699, -40.899 ], [ -70.699, -40.866 ], [ -70.699, -40.833 ], [ -70.699, -40.799 ], [ -70.699, -40.766 ], [ -70.733, -40.766 ], [ -70.766, -40.766 ], [ -70.766, -40.733 ], [ -70.766, -40.699 ], [ -70.799, -40.699 ], [ -70.799, -40.666 ], [ -70.833, -40.666 ], [ -70.833, -40.699 ], [ -70.866, -40.699 ], [ -70.866, -40.733 ], [ -70.899, -40.733 ], [ -70.899, -40.699 ], [ -70.899, -40.666 ], [ -70.933, -40.666 ], [ -70.933, -40.699 ], [ -70.966, -40.699 ], [ -70.999, -40.699 ], [ -70.999, -40.733 ], [ -71.033, -40.733 ], [ -71.033, -40.766 ], [ -71.066, -40.766 ], [ -71.099, -40.766 ], [ -71.099, -40.799 ], [ -71.066, -40.799 ], [ -71.066, -40.833 ], [ -71.066, -40.866 ], [ -71.099, -40.866 ], [ -71.133, -40.866 ], [ -71.133, -40.833 ], [ -71.133, -40.799 ], [ -71.166, -40.799 ], [ -71.166, -40.766 ], [ -71.199, -40.766 ], [ -71.199, -40.733 ], [ -71.166, -40.733 ], [ -71.166, -40.699 ], [ -71.199, -40.699 ], [ -71.233, -40.699 ], [ -71.266, -40.699 ], [ -71.299, -40.699 ], [ -71.299, -40.733 ], [ -71.333, -40.733 ], [ -71.333, -40.699 ], [ -71.366, -40.699 ], [ -71.366, -40.666 ], [ -71.333, -40.666 ], [ -71.333, -40.633 ], [ -71.299, -40.633 ], [ -71.299, -40.666 ], [ -71.266, -40.666 ], [ -71.233, -40.666 ], [ -71.199, -40.666 ], [ -71.166, -40.666 ], [ -71.133, -40.666 ], [ -71.133, -40.699 ], [ -71.099, -40.699 ], [ -71.066, -40.699 ], [ -71.066, -40.666 ], [ -71.033, -40.666 ], [ -71.033, -40.633 ], [ -71.033, -40.599 ], [ -71.033, -40.566 ], [ -70.999, -40.566 ], [ -70.966, -40.566 ], [ -70.933, -40.566 ], [ -70.933, -40.533 ], [ -70.966, -40.533 ], [ -70.999, -40.533 ], [ -70.999, -40.499 ], [ -70.966, -40.499 ], [ -70.966, -40.466 ], [ -70.966, -40.433 ], [ -70.999, -40.433 ], [ -71.033, -40.433 ], [ -71.066, -40.433 ], [ -71.066, -40.399 ], [ -71.033, -40.399 ], [ -71.033, -40.366 ], [ -71.033, -40.333 ], [ -70.999, -40.333 ], [ -70.999, -40.366 ], [ -70.966, -40.366 ], [ -70.966, -40.333 ], [ -70.966, -40.299 ], [ -70.966, -40.266 ], [ -70.966, -40.233 ], [ -70.999, -40.233 ], [ -71.033, -40.233 ], [ -71.033, -40.199 ], [ -70.999, -40.199 ], [ -70.999, -40.166 ], [ -70.966, -40.166 ], [ -70.966, -40.133 ], [ -70.999, -40.133 ], [ -71.033, -40.133 ], [ -71.066, -40.133 ], [ -71.066, -40.099 ], [ -71.099, -40.099 ], [ -71.133, -40.099 ], [ -71.166, -40.099 ], [ -71.166, -40.133 ], [ -71.199, -40.133 ], [ -71.233, -40.133 ], [ -71.266, -40.133 ], [ -71.266, -40.166 ], [ -71.299, -40.166 ], [ -71.333, -40.166 ], [ -71.333, -40.199 ], [ -71.366, -40.199 ], [ -71.399, -40.199 ], [ -71.433, -40.199 ], [ -71.433, -40.166 ], [ -71.466, -40.166 ], [ -71.466, -40.133 ], [ -71.433, -40.133 ], [ -71.399, -40.133 ], [ -71.366, -40.133 ], [ -71.333, -40.133 ], [ -71.333, -40.099 ], [ -71.333, -40.066 ], [ -71.299, -40.066 ], [ -71.299, -40.099 ], [ -71.266, -40.099 ], [ -71.266, -40.066 ], [ -71.233, -40.066 ], [ -71.199, -40.066 ], [ -71.199, -40.033 ], [ -71.166, -40.033 ], [ -71.166, -39.999 ], [ -71.199, -39.999 ], [ -71.233, -39.999 ], [ -71.233, -39.966 ], [ -71.199, -39.966 ], [ -71.199, -39.933 ], [ -71.199, -39.899 ], [ -71.199, -39.866 ], [ -71.199, -39.833 ], [ -71.166, -39.833 ], [ -71.166, -39.866 ], [ -71.166, -39.899 ], [ -71.133, -39.899 ], [ -71.099, -39.899 ], [ -71.099, -39.866 ], [ -71.066, -39.866 ], [ -71.066, -39.833 ], [ -71.066, -39.799 ], [ -71.099, -39.799 ], [ -71.099, -39.766 ], [ -71.066, -39.766 ], [ -71.033, -39.766 ], [ -70.999, -39.766 ], [ -70.999, -39.799 ], [ -70.966, -39.799 ], [ -70.933, -39.799 ], [ -70.933, -39.833 ], [ -70.966, -39.833 ], [ -70.999, -39.833 ], [ -70.999, -39.866 ], [ -70.999, -39.899 ], [ -70.999, -39.933 ], [ -70.999, -39.966 ], [ -70.999, -39.999 ], [ -70.966, -39.999 ], [ -70.966, -39.966 ], [ -70.966, -39.933 ], [ -70.966, -39.899 ], [ -70.933, -39.899 ], [ -70.933, -39.933 ], [ -70.899, -39.933 ], [ -70.866, -39.933 ], [ -70.866, -39.899 ], [ -70.866, -39.866 ], [ -70.899, -39.866 ], [ -70.899, -39.833 ], [ -70.899, -39.799 ], [ -70.933, -39.799 ], [ -70.933, -39.766 ], [ -70.933, -39.733 ], [ -70.899, -39.733 ], [ -70.899, -39.766 ], [ -70.866, -39.766 ], [ -70.866, -39.799 ], [ -70.866, -39.833 ], [ -70.833, -39.833 ], [ -70.833, -39.799 ], [ -70.799, -39.799 ], [ -70.766, -39.799 ], [ -70.766, -39.833 ], [ -70.799, -39.833 ], [ -70.799, -39.866 ], [ -70.766, -39.866 ], [ -70.766, -39.899 ], [ -70.733, -39.899 ], [ -70.733, -39.933 ], [ -70.766, -39.933 ], [ -70.766, -39.966 ], [ -70.766, -39.999 ], [ -70.733, -39.999 ], [ -70.733, -40.033 ], [ -70.699, -40.033 ], [ -70.666, -40.033 ], [ -70.666, -40.066 ], [ -70.666, -40.099 ], [ -70.633, -40.099 ], [ -70.599, -40.099 ], [ -70.599, -40.133 ], [ -70.599, -40.166 ], [ -70.566, -40.166 ], [ -70.533, -40.166 ], [ -70.499, -40.166 ], [ -70.499, -40.199 ], [ -70.499, -40.233 ], [ -70.499, -40.266 ], [ -70.533, -40.266 ], [ -70.533, -40.299 ], [ -70.566, -40.299 ], [ -70.566, -40.333 ], [ -70.599, -40.333 ], [ -70.599, -40.366 ], [ -70.599, -40.399 ], [ -70.566, -40.399 ], [ -70.566, -40.433 ], [ -70.533, -40.433 ], [ -70.499, -40.433 ], [ -70.466, -40.433 ], [ -70.433, -40.433 ], [ -70.433, -40.466 ], [ -70.399, -40.466 ], [ -70.366, -40.466 ], [ -70.333, -40.466 ], [ -70.333, -40.433 ], [ -70.299, -40.433 ], [ -70.266, -40.433 ], [ -70.266, -40.399 ], [ -70.233, -40.399 ], [ -70.233, -40.366 ], [ -70.199, -40.366 ], [ -70.199, -40.333 ], [ -70.199, -40.299 ], [ -70.233, -40.299 ], [ -70.266, -40.299 ], [ -70.266, -40.266 ], [ -70.266, -40.233 ], [ -70.266, -40.199 ], [ -70.266, -40.166 ], [ -70.299, -40.166 ], [ -70.299, -40.199 ], [ -70.333, -40.199 ], [ -70.333, -40.166 ], [ -70.366, -40.166 ], [ -70.366, -40.133 ], [ -70.333, -40.133 ], [ -70.333, -40.099 ], [ -70.333, -40.066 ], [ -70.366, -40.066 ], [ -70.399, -40.066 ], [ -70.399, -40.099 ], [ -70.433, -40.099 ], [ -70.433, -40.066 ], [ -70.433, -40.033 ], [ -70.433, -39.999 ], [ -70.466, -39.999 ], [ -70.466, -39.966 ], [ -70.499, -39.966 ], [ -70.499, -39.933 ], [ -70.466, -39.933 ], [ -70.433, -39.933 ], [ -70.399, -39.933 ], [ -70.399, -39.899 ], [ -70.399, -39.866 ], [ -70.366, -39.866 ], [ -70.366, -39.833 ], [ -70.333, -39.833 ], [ -70.333, -39.866 ], [ -70.333, -39.899 ], [ -70.333, -39.933 ], [ -70.299, -39.933 ], [ -70.299, -39.966 ], [ -70.333, -39.966 ], [ -70.333, -39.999 ], [ -70.299, -39.999 ], [ -70.299, -40.033 ], [ -70.266, -40.033 ], [ -70.233, -40.033 ], [ -70.233, -39.999 ], [ -70.233, -39.966 ], [ -70.266, -39.966 ], [ -70.266, -39.933 ], [ -70.266, -39.899 ], [ -70.233, -39.899 ], [ -70.233, -39.866 ], [ -70.199, -39.866 ], [ -70.199, -39.833 ], [ -70.166, -39.833 ], [ -70.166, -39.866 ], [ -70.133, -39.866 ], [ -70.133, -39.833 ], [ -70.166, -39.833 ], [ -70.166, -39.799 ], [ -70.199, -39.799 ], [ -70.199, -39.766 ], [ -70.166, -39.766 ], [ -70.166, -39.733 ], [ -70.133, -39.733 ], [ -70.133, -39.699 ], [ -70.133, -39.666 ], [ -70.133, -39.633 ], [ -70.166, -39.633 ], [ -70.199, -39.633 ], [ -70.199, -39.599 ], [ -70.233, -39.599 ], [ -70.233, -39.566 ], [ -70.266, -39.566 ], [ -70.299, -39.566 ], [ -70.333, -39.566 ], [ -70.333, -39.533 ], [ -70.333, -39.499 ], [ -70.299, -39.499 ], [ -70.266, -39.499 ], [ -70.233, -39.499 ], [ -70.233, -39.533 ], [ -70.199, -39.533 ], [ -70.166, -39.533 ], [ -70.133, -39.533 ], [ -70.133, -39.566 ], [ -70.099, -39.566 ], [ -70.099, -39.533 ], [ -70.066, -39.533 ], [ -70.066, -39.499 ], [ -70.099, -39.499 ], [ -70.133, -39.499 ], [ -70.166, -39.499 ], [ -70.199, -39.499 ], [ -70.199, -39.466 ], [ -70.199, -39.433 ], [ -70.199, -39.399 ], [ -70.166, -39.399 ], [ -70.166, -39.366 ], [ -70.133, -39.366 ], [ -70.133, -39.333 ], [ -70.166, -39.333 ], [ -70.166, -39.299 ], [ -70.133, -39.299 ], [ -70.099, -39.299 ], [ -70.099, -39.266 ], [ -70.099, -39.233 ], [ -70.133, -39.233 ], [ -70.133, -39.199 ], [ -70.099, -39.199 ], [ -70.066, -39.199 ], [ -70.066, -39.166 ], [ -70.033, -39.166 ], [ -70.033, -39.199 ], [ -70.033, -39.233 ], [ -69.999, -39.233 ], [ -69.999, -39.266 ], [ -69.966, -39.266 ], [ -69.933, -39.266 ], [ -69.899, -39.266 ], [ -69.866, -39.266 ], [ -69.833, -39.266 ], [ -69.833, -39.233 ], [ -69.799, -39.233 ], [ -69.799, -39.199 ], [ -69.766, -39.199 ], [ -69.733, -39.199 ], [ -69.733, -39.166 ], [ -69.699, -39.166 ], [ -69.666, -39.166 ], [ -69.633, -39.166 ], [ -69.599, -39.166 ], [ -69.599, -39.133 ], [ -69.566, -39.133 ], [ -69.566, -39.099 ], [ -69.533, -39.099 ], [ -69.533, -39.133 ], [ -69.499, -39.133 ], [ -69.499, -39.166 ], [ -69.466, -39.166 ], [ -69.433, -39.166 ], [ -69.399, -39.166 ], [ -69.366, -39.166 ], [ -69.366, -39.133 ], [ -69.333, -39.133 ], [ -69.333, -39.099 ], [ -69.333, -39.066 ], [ -69.333, -39.033 ], [ -69.333, -38.999 ], [ -69.366, -38.999 ], [ -69.399, -38.999 ], [ -69.399, -38.966 ], [ -69.433, -38.966 ], [ -69.433, -38.933 ], [ -69.466, -38.933 ], [ -69.466, -38.899 ], [ -69.466, -38.866 ], [ -69.499, -38.866 ], [ -69.533, -38.866 ], [ -69.533, -38.899 ], [ -69.566, -38.899 ], [ -69.566, -38.866 ], [ -69.599, -38.866 ], [ -69.599, -38.899 ], [ -69.633, -38.899 ], [ -69.633, -38.933 ], [ -69.599, -38.933 ], [ -69.599, -38.966 ], [ -69.566, -38.966 ], [ -69.566, -38.933 ], [ -69.533, -38.933 ], [ -69.499, -38.933 ], [ -69.499, -38.966 ], [ -69.466, -38.966 ], [ -69.466, -38.999 ], [ -69.499, -38.999 ], [ -69.533, -38.999 ], [ -69.566, -38.999 ], [ -69.599, -38.999 ], [ -69.633, -38.999 ], [ -69.666, -38.999 ], [ -69.699, -38.999 ], [ -69.733, -38.999 ], [ -69.766, -38.999 ], [ -69.799, -38.999 ], [ -69.833, -38.999 ], [ -69.866, -38.999 ], [ -69.899, -38.999 ], [ -69.899, -38.966 ], [ -69.933, -38.966 ], [ -69.933, -38.933 ], [ -69.966, -38.933 ], [ -69.966, -38.899 ], [ -69.933, -38.899 ], [ -69.899, -38.899 ], [ -69.899, -38.866 ], [ -69.899, -38.833 ], [ -69.866, -38.833 ], [ -69.866, -38.799 ], [ -69.866, -38.766 ], [ -69.899, -38.766 ], [ -69.933, -38.766 ], [ -69.966, -38.766 ], [ -69.966, -38.799 ], [ -69.999, -38.799 ], [ -69.999, -38.833 ], [ -70.033, -38.833 ], [ -70.066, -38.833 ], [ -70.099, -38.833 ], [ -70.099, -38.799 ], [ -70.133, -38.799 ], [ -70.166, -38.799 ], [ -70.199, -38.799 ], [ -70.199, -38.766 ], [ -70.166, -38.766 ], [ -70.166, -38.733 ], [ -70.133, -38.733 ], [ -70.099, -38.733 ], [ -70.099, -38.699 ], [ -70.066, -38.699 ], [ -70.066, -38.666 ], [ -70.066, -38.633 ], [ -70.066, -38.599 ], [ -70.033, -38.599 ], [ -70.033, -38.633 ], [ -69.999, -38.633 ], [ -69.999, -38.599 ], [ -69.966, -38.599 ], [ -69.933, -38.599 ], [ -69.899, -38.599 ], [ -69.899, -38.566 ], [ -69.933, -38.566 ], [ -69.966, -38.566 ], [ -69.966, -38.533 ], [ -69.999, -38.533 ], [ -69.999, -38.499 ], [ -70.033, -38.499 ], [ -70.066, -38.499 ], [ -70.099, -38.499 ], [ -70.099, -38.533 ], [ -70.133, -38.533 ], [ -70.133, -38.566 ], [ -70.166, -38.566 ], [ -70.199, -38.566 ], [ -70.233, -38.566 ], [ -70.233, -38.599 ], [ -70.266, -38.599 ], [ -70.299, -38.599 ], [ -70.333, -38.599 ], [ -70.333, -38.633 ], [ -70.366, -38.633 ], [ -70.399, -38.633 ], [ -70.433, -38.633 ], [ -70.466, -38.633 ], [ -70.466, -38.599 ], [ -70.499, -38.599 ], [ -70.533, -38.599 ], [ -70.533, -38.566 ], [ -70.566, -38.566 ], [ -70.566, -38.533 ], [ -70.566, -38.499 ], [ -70.599, -38.499 ], [ -70.599, -38.466 ], [ -70.633, -38.466 ], [ -70.633, -38.433 ], [ -70.599, -38.433 ], [ -70.566, -38.433 ], [ -70.566, -38.399 ], [ -70.566, -38.366 ], [ -70.566, -38.333 ], [ -70.599, -38.333 ], [ -70.599, -38.299 ], [ -70.633, -38.299 ], [ -70.633, -38.266 ], [ -70.633, -38.233 ], [ -70.633, -38.199 ], [ -70.599, -38.199 ], [ -70.599, -38.233 ], [ -70.599, -38.266 ], [ -70.566, -38.266 ], [ -70.533, -38.266 ], [ -70.533, -38.299 ], [ -70.499, -38.299 ], [ -70.499, -38.333 ], [ -70.499, -38.366 ], [ -70.466, -38.366 ], [ -70.466, -38.399 ], [ -70.466, -38.433 ], [ -70.466, -38.466 ], [ -70.433, -38.466 ], [ -70.399, -38.466 ], [ -70.399, -38.499 ], [ -70.366, -38.499 ], [ -70.366, -38.466 ], [ -70.399, -38.466 ], [ -70.399, -38.433 ], [ -70.366, -38.433 ], [ -70.333, -38.433 ], [ -70.299, -38.433 ], [ -70.299, -38.466 ], [ -70.266, -38.466 ], [ -70.266, -38.433 ], [ -70.233, -38.433 ], [ -70.233, -38.466 ], [ -70.199, -38.466 ], [ -70.166, -38.466 ], [ -70.166, -38.433 ], [ -70.133, -38.433 ], [ -70.133, -38.399 ], [ -70.099, -38.399 ], [ -70.099, -38.366 ], [ -70.066, -38.366 ], [ -70.066, -38.333 ], [ -70.066, -38.299 ], [ -70.099, -38.299 ], [ -70.099, -38.266 ], [ -70.133, -38.266 ], [ -70.133, -38.233 ], [ -70.166, -38.233 ], [ -70.166, -38.199 ], [ -70.199, -38.199 ], [ -70.233, -38.199 ], [ -70.233, -38.166 ], [ -70.266, -38.166 ], [ -70.299, -38.166 ], [ -70.333, -38.166 ], [ -70.366, -38.166 ], [ -70.366, -38.133 ], [ -70.333, -38.133 ], [ -70.299, -38.133 ], [ -70.266, -38.133 ], [ -70.233, -38.133 ], [ -70.233, -38.099 ], [ -70.199, -38.099 ], [ -70.199, -38.066 ], [ -70.166, -38.066 ], [ -70.166, -38.033 ], [ -70.133, -38.033 ], [ -70.133, -37.999 ], [ -70.099, -37.999 ], [ -70.066, -37.999 ], [ -70.066, -38.033 ], [ -70.066, -38.066 ], [ -70.033, -38.066 ], [ -70.033, -38.099 ], [ -70.066, -38.099 ], [ -70.066, -38.133 ], [ -70.066, -38.166 ], [ -70.066, -38.199 ], [ -70.066, -38.233 ], [ -70.033, -38.233 ], [ -70.033, -38.266 ], [ -69.999, -38.266 ], [ -69.999, -38.233 ], [ -69.999, -38.199 ], [ -69.999, -38.166 ], [ -69.966, -38.166 ], [ -69.966, -38.133 ], [ -69.933, -38.133 ], [ -69.933, -38.099 ], [ -69.933, -38.066 ], [ -69.933, -38.033 ], [ -69.933, -37.999 ], [ -69.933, -37.966 ], [ -69.933, -37.933 ], [ -69.966, -37.933 ], [ -69.966, -37.899 ], [ -69.999, -37.899 ], [ -69.999, -37.933 ], [ -70.033, -37.933 ], [ -70.033, -37.899 ], [ -70.066, -37.899 ], [ -70.066, -37.866 ], [ -70.066, -37.833 ], [ -70.099, -37.833 ], [ -70.099, -37.799 ], [ -70.133, -37.799 ], [ -70.133, -37.766 ], [ -70.166, -37.766 ], [ -70.166, -37.733 ], [ -70.166, -37.699 ], [ -70.166, -37.666 ], [ -70.166, -37.633 ], [ -70.133, -37.633 ], [ -70.099, -37.633 ], [ -70.099, -37.666 ], [ -70.066, -37.666 ], [ -70.066, -37.699 ], [ -70.033, -37.699 ], [ -70.033, -37.733 ], [ -70.033, -37.766 ], [ -69.999, -37.766 ], [ -69.999, -37.799 ], [ -69.966, -37.799 ], [ -69.966, -37.833 ], [ -69.933, -37.833 ], [ -69.933, -37.799 ], [ -69.933, -37.766 ], [ -69.933, -37.733 ], [ -69.933, -37.699 ], [ -69.899, -37.699 ], [ -69.866, -37.699 ], [ -69.866, -37.666 ], [ -69.899, -37.666 ], [ -69.933, -37.666 ], [ -69.933, -37.699 ], [ -69.966, -37.699 ], [ -69.966, -37.733 ], [ -69.999, -37.733 ], [ -69.999, -37.699 ], [ -69.999, -37.666 ], [ -70.033, -37.666 ], [ -70.033, -37.633 ], [ -70.066, -37.633 ], [ -70.099, -37.633 ], [ -70.099, -37.599 ], [ -70.099, -37.566 ], [ -70.099, -37.533 ], [ -70.099, -37.499 ], [ -70.133, -37.499 ], [ -70.166, -37.499 ], [ -70.166, -37.533 ], [ -70.199, -37.533 ], [ -70.233, -37.533 ], [ -70.233, -37.566 ], [ -70.266, -37.566 ], [ -70.299, -37.566 ], [ -70.299, -37.533 ], [ -70.266, -37.533 ], [ -70.266, -37.499 ], [ -70.266, -37.466 ], [ -70.299, -37.466 ], [ -70.299, -37.499 ], [ -70.333, -37.499 ], [ -70.333, -37.466 ], [ -70.366, -37.466 ], [ -70.399, -37.466 ], [ -70.399, -37.433 ], [ -70.399, -37.399 ], [ -70.433, -37.399 ], [ -70.433, -37.366 ], [ -70.399, -37.366 ], [ -70.366, -37.366 ], [ -70.366, -37.333 ], [ -70.333, -37.333 ], [ -70.299, -37.333 ], [ -70.299, -37.299 ], [ -70.333, -37.299 ], [ -70.333, -37.266 ], [ -70.366, -37.266 ], [ -70.399, -37.266 ], [ -70.399, -37.233 ], [ -70.366, -37.233 ], [ -70.366, -37.199 ], [ -70.333, -37.199 ], [ -70.333, -37.233 ], [ -70.299, -37.233 ], [ -70.299, -37.266 ], [ -70.266, -37.266 ], [ -70.266, -37.299 ], [ -70.266, -37.333 ], [ -70.233, -37.333 ], [ -70.233, -37.366 ], [ -70.233, -37.399 ], [ -70.199, -37.399 ], [ -70.199, -37.433 ], [ -70.166, -37.433 ], [ -70.166, -37.466 ], [ -70.133, -37.466 ], [ -70.099, -37.466 ], [ -70.066, -37.466 ], [ -70.066, -37.433 ], [ -70.033, -37.433 ], [ -70.033, -37.466 ], [ -70.033, -37.499 ], [ -70.033, -37.533 ], [ -69.999, -37.533 ], [ -69.966, -37.533 ], [ -69.966, -37.499 ], [ -69.933, -37.499 ], [ -69.933, -37.466 ], [ -69.899, -37.466 ], [ -69.866, -37.466 ], [ -69.866, -37.499 ], [ -69.866, -37.533 ], [ -69.899, -37.533 ], [ -69.933, -37.533 ], [ -69.933, -37.566 ], [ -69.933, -37.599 ], [ -69.933, -37.633 ], [ -69.899, -37.633 ], [ -69.899, -37.599 ], [ -69.866, -37.599 ], [ -69.833, -37.599 ], [ -69.833, -37.633 ], [ -69.799, -37.633 ], [ -69.799, -37.666 ], [ -69.799, -37.699 ], [ -69.766, -37.699 ], [ -69.766, -37.733 ], [ -69.799, -37.733 ], [ -69.799, -37.766 ], [ -69.833, -37.766 ], [ -69.833, -37.799 ], [ -69.799, -37.799 ], [ -69.799, -37.833 ], [ -69.766, -37.833 ], [ -69.733, -37.833 ], [ -69.733, -37.866 ], [ -69.766, -37.866 ], [ -69.766, -37.899 ], [ -69.733, -37.899 ], [ -69.733, -37.933 ], [ -69.766, -37.933 ], [ -69.766, -37.966 ], [ -69.733, -37.966 ], [ -69.699, -37.966 ], [ -69.699, -37.999 ], [ -69.666, -37.999 ], [ -69.666, -38.033 ], [ -69.666, -38.066 ], [ -69.666, -38.099 ], [ -69.666, -38.133 ], [ -69.666, -38.166 ], [ -69.633, -38.166 ], [ -69.633, -38.199 ], [ -69.633, -38.233 ], [ -69.633, -38.266 ], [ -69.599, -38.266 ], [ -69.599, -38.299 ], [ -69.599, -38.333 ], [ -69.566, -38.333 ], [ -69.533, -38.333 ], [ -69.533, -38.366 ], [ -69.566, -38.366 ], [ -69.566, -38.399 ], [ -69.566, -38.433 ], [ -69.599, -38.433 ], [ -69.599, -38.466 ], [ -69.633, -38.466 ], [ -69.633, -38.499 ], [ -69.666, -38.499 ], [ -69.699, -38.499 ], [ -69.733, -38.499 ], [ -69.766, -38.499 ], [ -69.766, -38.533 ], [ -69.799, -38.533 ], [ -69.799, -38.566 ], [ -69.766, -38.566 ], [ -69.766, -38.599 ], [ -69.733, -38.599 ], [ -69.733, -38.566 ], [ -69.733, -38.533 ], [ -69.699, -38.533 ], [ -69.666, -38.533 ], [ -69.666, -38.566 ], [ -69.666, -38.599 ], [ -69.633, -38.599 ], [ -69.633, -38.566 ], [ -69.599, -38.566 ], [ -69.599, -38.533 ], [ -69.599, -38.499 ], [ -69.566, -38.499 ], [ -69.533, -38.499 ], [ -69.499, -38.499 ], [ -69.499, -38.533 ], [ -69.466, -38.533 ], [ -69.433, -38.533 ], [ -69.433, -38.566 ], [ -69.399, -38.566 ], [ -69.399, -38.599 ], [ -69.366, -38.599 ], [ -69.366, -38.566 ], [ -69.366, -38.533 ], [ -69.399, -38.533 ], [ -69.399, -38.499 ], [ -69.433, -38.499 ], [ -69.433, -38.466 ], [ -69.466, -38.466 ], [ -69.499, -38.466 ], [ -69.533, -38.466 ], [ -69.533, -38.433 ], [ -69.499, -38.433 ], [ -69.466, -38.433 ], [ -69.433, -38.433 ], [ -69.433, -38.399 ], [ -69.433, -38.366 ], [ -69.399, -38.366 ], [ -69.399, -38.333 ], [ -69.399, -38.299 ], [ -69.366, -38.299 ], [ -69.333, -38.299 ], [ -69.333, -38.266 ], [ -69.333, -38.233 ], [ -69.366, -38.233 ], [ -69.366, -38.199 ], [ -69.366, -38.166 ], [ -69.366, -38.133 ], [ -69.399, -38.133 ], [ -69.399, -38.099 ], [ -69.399, -38.066 ], [ -69.399, -38.033 ], [ -69.433, -38.033 ], [ -69.466, -38.033 ], [ -69.466, -37.999 ], [ -69.433, -37.999 ], [ -69.433, -37.966 ], [ -69.466, -37.966 ], [ -69.499, -37.966 ], [ -69.499, -37.933 ], [ -69.499, -37.899 ], [ -69.499, -37.866 ], [ -69.499, -37.833 ], [ -69.533, -37.833 ], [ -69.533, -37.799 ], [ -69.566, -37.799 ], [ -69.566, -37.766 ], [ -69.599, -37.766 ], [ -69.599, -37.733 ], [ -69.599, -37.699 ], [ -69.633, -37.699 ], [ -69.633, -37.666 ], [ -69.666, -37.666 ], [ -69.666, -37.633 ], [ -69.699, -37.633 ], [ -69.699, -37.599 ], [ -69.666, -37.599 ], [ -69.666, -37.566 ], [ -69.633, -37.566 ], [ -69.599, -37.566 ], [ -69.599, -37.533 ], [ -69.566, -37.533 ], [ -69.533, -37.533 ], [ -69.533, -37.499 ], [ -69.499, -37.499 ], [ -69.499, -37.466 ], [ -69.466, -37.466 ], [ -69.466, -37.433 ], [ -69.433, -37.433 ], [ -69.433, -37.399 ], [ -69.399, -37.399 ], [ -69.399, -37.366 ], [ -69.366, -37.366 ], [ -69.333, -37.366 ], [ -69.333, -37.333 ], [ -69.366, -37.333 ], [ -69.366, -37.299 ], [ -69.333, -37.299 ], [ -69.299, -37.299 ], [ -69.266, -37.299 ], [ -69.233, -37.299 ], [ -69.233, -37.266 ], [ -69.266, -37.266 ], [ -69.266, -37.233 ], [ -69.299, -37.233 ], [ -69.333, -37.233 ], [ -69.366, -37.233 ], [ -69.399, -37.233 ], [ -69.433, -37.233 ], [ -69.433, -37.266 ], [ -69.466, -37.266 ], [ -69.499, -37.266 ], [ -69.499, -37.299 ], [ -69.499, -37.333 ], [ -69.533, -37.333 ], [ -69.533, -37.366 ], [ -69.566, -37.366 ], [ -69.566, -37.399 ], [ -69.599, -37.399 ], [ -69.599, -37.366 ], [ -69.633, -37.366 ], [ -69.633, -37.333 ], [ -69.666, -37.333 ], [ -69.699, -37.333 ], [ -69.733, -37.333 ], [ -69.766, -37.333 ], [ -69.799, -37.333 ], [ -69.799, -37.299 ], [ -69.799, -37.266 ], [ -69.766, -37.266 ], [ -69.733, -37.266 ], [ -69.699, -37.266 ], [ -69.699, -37.233 ], [ -69.699, -37.199 ], [ -69.733, -37.199 ], [ -69.733, -37.166 ], [ -69.733, -37.133 ], [ -69.766, -37.133 ], [ -69.799, -37.133 ], [ -69.799, -37.099 ], [ -69.833, -37.099 ], [ -69.833, -37.066 ], [ -69.866, -37.066 ], [ -69.866, -37.033 ], [ -69.833, -37.033 ], [ -69.833, -36.999 ], [ -69.799, -36.999 ], [ -69.799, -36.966 ], [ -69.799, -36.933 ], [ -69.833, -36.933 ], [ -69.833, -36.899 ], [ -69.833, -36.866 ], [ -69.866, -36.866 ], [ -69.866, -36.833 ], [ -69.899, -36.833 ], [ -69.899, -36.799 ], [ -69.933, -36.799 ], [ -69.933, -36.766 ], [ -69.933, -36.733 ], [ -69.899, -36.733 ], [ -69.899, -36.766 ], [ -69.866, -36.766 ], [ -69.833, -36.766 ], [ -69.799, -36.766 ], [ -69.799, -36.733 ], [ -69.799, -36.699 ], [ -69.766, -36.699 ], [ -69.766, -36.666 ], [ -69.766, -36.633 ], [ -69.733, -36.633 ], [ -69.733, -36.599 ], [ -69.699, -36.599 ], [ -69.666, -36.599 ], [ -69.666, -36.566 ], [ -69.666, -36.533 ], [ -69.699, -36.533 ], [ -69.699, -36.499 ], [ -69.666, -36.499 ], [ -69.666, -36.466 ], [ -69.666, -36.433 ], [ -69.633, -36.433 ], [ -69.633, -36.466 ], [ -69.599, -36.466 ], [ -69.599, -36.499 ], [ -69.599, -36.533 ], [ -69.599, -36.566 ], [ -69.633, -36.566 ], [ -69.633, -36.599 ], [ -69.633, -36.633 ], [ -69.666, -36.633 ], [ -69.666, -36.666 ], [ -69.666, -36.699 ], [ -69.699, -36.699 ], [ -69.699, -36.733 ], [ -69.699, -36.766 ], [ -69.733, -36.766 ], [ -69.733, -36.799 ], [ -69.733, -36.833 ], [ -69.733, -36.866 ], [ -69.733, -36.899 ], [ -69.733, -36.933 ], [ -69.733, -36.966 ], [ -69.733, -36.999 ], [ -69.733, -37.033 ], [ -69.699, -37.033 ], [ -69.699, -37.066 ], [ -69.666, -37.066 ], [ -69.666, -37.033 ], [ -69.666, -36.999 ], [ -69.633, -36.999 ], [ -69.599, -36.999 ], [ -69.566, -36.999 ], [ -69.566, -37.033 ], [ -69.533, -37.033 ], [ -69.533, -37.066 ], [ -69.533, -37.099 ], [ -69.499, -37.099 ], [ -69.499, -37.066 ], [ -69.499, -37.033 ], [ -69.499, -36.999 ], [ -69.499, -36.966 ], [ -69.466, -36.966 ], [ -69.466, -36.933 ], [ -69.433, -36.933 ], [ -69.433, -36.899 ], [ -69.399, -36.899 ], [ -69.366, -36.899 ], [ -69.333, -36.899 ], [ -69.299, -36.899 ], [ -69.299, -36.933 ], [ -69.333, -36.933 ], [ -69.333, -36.966 ], [ -69.333, -36.999 ], [ -69.299, -36.999 ], [ -69.266, -36.999 ], [ -69.233, -36.999 ], [ -69.199, -36.999 ], [ -69.199, -36.966 ], [ -69.166, -36.966 ], [ -69.166, -36.999 ], [ -69.133, -36.999 ], [ -69.099, -36.999 ], [ -69.099, -37.033 ], [ -69.099, -37.066 ], [ -69.066, -37.066 ], [ -69.066, -37.099 ], [ -69.033, -37.099 ], [ -68.999, -37.099 ], [ -68.999, -37.133 ], [ -68.966, -37.133 ], [ -68.933, -37.133 ], [ -68.933, -37.166 ], [ -68.899, -37.166 ], [ -68.866, -37.166 ], [ -68.833, -37.166 ], [ -68.799, -37.166 ], [ -68.799, -37.133 ], [ -68.766, -37.133 ], [ -68.733, -37.133 ], [ -68.733, -37.099 ], [ -68.699, -37.099 ], [ -68.699, -37.066 ], [ -68.699, -37.033 ], [ -68.699, -36.999 ], [ -68.699, -36.966 ], [ -68.699, -36.933 ], [ -68.733, -36.933 ], [ -68.733, -36.899 ], [ -68.766, -36.899 ], [ -68.766, -36.866 ], [ -68.799, -36.866 ], [ -68.833, -36.866 ], [ -68.866, -36.866 ], [ -68.866, -36.899 ], [ -68.899, -36.899 ], [ -68.899, -36.866 ], [ -68.933, -36.866 ], [ -68.933, -36.833 ], [ -68.933, -36.799 ], [ -68.933, -36.766 ], [ -68.899, -36.766 ], [ -68.899, -36.733 ], [ -68.899, -36.699 ], [ -68.899, -36.666 ], [ -68.899, -36.633 ], [ -68.866, -36.633 ], [ -68.866, -36.599 ], [ -68.833, -36.599 ], [ -68.833, -36.566 ], [ -68.799, -36.566 ], [ -68.799, -36.599 ], [ -68.766, -36.599 ], [ -68.733, -36.599 ], [ -68.699, -36.599 ], [ -68.699, -36.566 ], [ -68.666, -36.566 ], [ -68.633, -36.566 ], [ -68.633, -36.533 ], [ -68.599, -36.533 ], [ -68.566, -36.533 ], [ -68.533, -36.533 ], [ -68.499, -36.533 ], [ -68.499, -36.499 ], [ -68.466, -36.499 ], [ -68.466, -36.466 ], [ -68.499, -36.466 ], [ -68.533, -36.466 ], [ -68.533, -36.433 ], [ -68.533, -36.399 ], [ -68.499, -36.399 ], [ -68.499, -36.366 ], [ -68.466, -36.366 ], [ -68.466, -36.333 ], [ -68.433, -36.333 ], [ -68.433, -36.299 ], [ -68.399, -36.299 ], [ -68.399, -36.266 ], [ -68.366, -36.266 ], [ -68.333, -36.266 ], [ -68.333, -36.233 ], [ -68.333, -36.199 ], [ -68.299, -36.199 ], [ -68.299, -36.166 ], [ -68.333, -36.166 ], [ -68.333, -36.133 ], [ -68.333, -36.099 ], [ -68.333, -36.066 ], [ -68.333, -36.033 ], [ -68.299, -36.033 ], [ -68.299, -35.999 ], [ -68.299, -35.966 ], [ -68.299, -35.933 ], [ -68.266, -35.933 ], [ -68.266, -35.899 ], [ -68.266, -35.866 ], [ -68.233, -35.866 ], [ -68.199, -35.866 ], [ -68.199, -35.833 ], [ -68.199, -35.799 ], [ -68.233, -35.799 ], [ -68.233, -35.766 ], [ -68.233, -35.733 ], [ -68.233, -35.699 ], [ -68.199, -35.699 ], [ -68.199, -35.666 ], [ -68.199, -35.633 ], [ -68.166, -35.633 ], [ -68.166, -35.599 ], [ -68.166, -35.566 ], [ -68.199, -35.566 ], [ -68.199, -35.533 ], [ -68.233, -35.533 ], [ -68.233, -35.499 ], [ -68.266, -35.499 ], [ -68.266, -35.466 ], [ -68.299, -35.466 ], [ -68.299, -35.433 ], [ -68.333, -35.433 ], [ -68.333, -35.399 ], [ -68.333, -35.366 ], [ -68.366, -35.366 ], [ -68.366, -35.333 ], [ -68.333, -35.333 ], [ -68.333, -35.299 ], [ -68.366, -35.299 ], [ -68.366, -35.266 ], [ -68.399, -35.266 ], [ -68.399, -35.233 ], [ -68.433, -35.233 ], [ -68.433, -35.199 ], [ -68.399, -35.199 ], [ -68.366, -35.199 ], [ -68.366, -35.166 ], [ -68.366, -35.133 ], [ -68.366, -35.099 ], [ -68.399, -35.099 ], [ -68.399, -35.066 ], [ -68.399, -35.033 ], [ -68.433, -35.033 ], [ -68.433, -34.999 ], [ -68.466, -34.999 ], [ -68.466, -34.966 ], [ -68.499, -34.966 ], [ -68.499, -34.933 ], [ -68.533, -34.933 ], [ -68.533, -34.899 ], [ -68.566, -34.899 ], [ -68.599, -34.899 ], [ -68.599, -34.866 ], [ -68.566, -34.866 ], [ -68.566, -34.833 ], [ -68.599, -34.833 ], [ -68.599, -34.799 ], [ -68.633, -34.799 ], [ -68.633, -34.766 ], [ -68.633, -34.733 ], [ -68.666, -34.733 ], [ -68.699, -34.733 ], [ -68.699, -34.699 ], [ -68.666, -34.699 ], [ -68.666, -34.666 ], [ -68.699, -34.666 ], [ -68.699, -34.633 ], [ -68.699, -34.599 ], [ -68.733, -34.599 ], [ -68.766, -34.599 ], [ -68.766, -34.566 ], [ -68.733, -34.566 ], [ -68.699, -34.566 ], [ -68.699, -34.533 ], [ -68.699, -34.499 ], [ -68.699, -34.466 ], [ -68.699, -34.433 ], [ -68.733, -34.433 ], [ -68.733, -34.399 ], [ -68.699, -34.399 ], [ -68.699, -34.366 ], [ -68.699, -34.333 ], [ -68.699, -34.299 ], [ -68.699, -34.266 ], [ -68.733, -34.266 ], [ -68.733, -34.233 ], [ -68.699, -34.233 ], [ -68.699, -34.199 ], [ -68.666, -34.199 ], [ -68.666, -34.166 ], [ -68.699, -34.166 ], [ -68.699, -34.133 ], [ -68.699, -34.099 ], [ -68.699, -34.066 ], [ -68.699, -34.033 ], [ -68.666, -34.033 ], [ -68.633, -34.033 ], [ -68.599, -34.033 ], [ -68.599, -33.999 ], [ -68.599, -33.966 ], [ -68.633, -33.966 ], [ -68.633, -33.933 ], [ -68.633, -33.899 ], [ -68.666, -33.899 ], [ -68.666, -33.866 ], [ -68.666, -33.833 ], [ -68.666, -33.799 ], [ -68.666, -33.766 ], [ -68.699, -33.766 ], [ -68.699, -33.799 ], [ -68.733, -33.799 ], [ -68.733, -33.833 ], [ -68.766, -33.833 ], [ -68.766, -33.866 ], [ -68.799, -33.866 ], [ -68.799, -33.899 ], [ -68.833, -33.899 ], [ -68.833, -33.933 ], [ -68.866, -33.933 ], [ -68.866, -33.966 ], [ -68.899, -33.966 ], [ -68.899, -33.999 ], [ -68.899, -34.033 ], [ -68.933, -34.033 ], [ -68.933, -34.066 ], [ -68.966, -34.066 ], [ -68.999, -34.066 ], [ -69.033, -34.066 ], [ -69.066, -34.066 ], [ -69.066, -34.033 ], [ -69.099, -34.033 ], [ -69.133, -34.033 ], [ -69.166, -34.033 ], [ -69.199, -34.033 ], [ -69.199, -33.999 ], [ -69.199, -33.966 ], [ -69.199, -33.933 ], [ -69.199, -33.899 ], [ -69.233, -33.899 ], [ -69.233, -33.866 ], [ -69.233, -33.833 ], [ -69.233, -33.799 ], [ -69.266, -33.799 ], [ -69.266, -33.766 ], [ -69.266, -33.733 ], [ -69.266, -33.699 ], [ -69.299, -33.699 ], [ -69.299, -33.666 ], [ -69.299, -33.633 ], [ -69.299, -33.599 ], [ -69.299, -33.566 ], [ -69.299, -33.533 ], [ -69.299, -33.499 ], [ -69.299, -33.466 ], [ -69.266, -33.466 ], [ -69.266, -33.433 ], [ -69.233, -33.433 ], [ -69.233, -33.399 ], [ -69.233, -33.366 ], [ -69.233, -33.333 ], [ -69.199, -33.333 ], [ -69.199, -33.299 ], [ -69.166, -33.299 ], [ -69.166, -33.266 ], [ -69.133, -33.266 ], [ -69.099, -33.266 ], [ -69.066, -33.266 ], [ -69.066, -33.233 ], [ -69.066, -33.199 ], [ -69.066, -33.166 ], [ -69.066, -33.133 ], [ -69.099, -33.133 ], [ -69.099, -33.099 ], [ -69.099, -33.066 ], [ -69.099, -33.033 ], [ -69.066, -33.033 ], [ -69.033, -33.033 ], [ -69.033, -32.999 ], [ -68.999, -32.999 ], [ -68.999, -32.966 ], [ -68.966, -32.966 ], [ -68.966, -32.933 ], [ -68.966, -32.899 ], [ -68.966, -32.866 ], [ -68.933, -32.866 ], [ -68.933, -32.899 ], [ -68.933, -32.933 ], [ -68.933, -32.966 ], [ -68.933, -32.999 ], [ -68.966, -32.999 ], [ -68.966, -33.033 ], [ -68.999, -33.033 ], [ -68.999, -33.066 ], [ -68.999, -33.099 ], [ -68.999, -33.133 ], [ -68.999, -33.166 ], [ -68.999, -33.199 ], [ -68.999, -33.233 ], [ -68.999, -33.266 ], [ -68.999, -33.299 ], [ -68.999, -33.333 ], [ -69.033, -33.333 ], [ -69.033, -33.366 ], [ -69.033, -33.399 ], [ -69.066, -33.399 ], [ -69.066, -33.366 ], [ -69.099, -33.366 ], [ -69.133, -33.366 ], [ -69.133, -33.399 ], [ -69.166, -33.399 ], [ -69.166, -33.433 ], [ -69.166, -33.466 ], [ -69.166, -33.499 ], [ -69.199, -33.499 ], [ -69.199, -33.533 ], [ -69.199, -33.566 ], [ -69.199, -33.599 ], [ -69.199, -33.633 ], [ -69.199, -33.666 ], [ -69.199, -33.699 ], [ -69.166, -33.699 ], [ -69.133, -33.699 ], [ -69.133, -33.733 ], [ -69.133, -33.766 ], [ -69.133, -33.799 ], [ -69.133, -33.833 ], [ -69.133, -33.866 ], [ -69.099, -33.866 ], [ -69.099, -33.899 ], [ -69.066, -33.899 ], [ -69.033, -33.899 ], [ -68.999, -33.899 ], [ -68.999, -33.866 ], [ -68.966, -33.866 ], [ -68.966, -33.833 ], [ -68.933, -33.833 ], [ -68.933, -33.799 ], [ -68.933, -33.766 ], [ -68.933, -33.733 ], [ -68.899, -33.733 ], [ -68.899, -33.699 ], [ -68.866, -33.699 ], [ -68.866, -33.666 ], [ -68.833, -33.666 ], [ -68.799, -33.666 ], [ -68.799, -33.633 ], [ -68.766, -33.633 ], [ -68.733, -33.633 ], [ -68.733, -33.599 ], [ -68.733, -33.566 ], [ -68.733, -33.533 ], [ -68.699, -33.533 ], [ -68.699, -33.499 ], [ -68.666, -33.499 ], [ -68.666, -33.466 ], [ -68.633, -33.466 ], [ -68.599, -33.466 ], [ -68.566, -33.466 ], [ -68.566, -33.499 ], [ -68.566, -33.533 ], [ -68.566, -33.566 ], [ -68.533, -33.566 ], [ -68.533, -33.599 ], [ -68.533, -33.633 ], [ -68.499, -33.633 ], [ -68.499, -33.666 ], [ -68.499, -33.699 ], [ -68.499, -33.733 ], [ -68.499, -33.766 ], [ -68.466, -33.766 ], [ -68.466, -33.799 ], [ -68.499, -33.799 ], [ -68.499, -33.833 ], [ -68.499, -33.866 ], [ -68.499, -33.899 ], [ -68.533, -33.899 ], [ -68.533, -33.933 ], [ -68.499, -33.933 ], [ -68.499, -33.966 ], [ -68.466, -33.966 ], [ -68.466, -33.999 ], [ -68.433, -33.999 ], [ -68.433, -34.033 ], [ -68.433, -34.066 ], [ -68.433, -34.099 ], [ -68.433, -34.133 ], [ -68.433, -34.166 ], [ -68.433, -34.199 ], [ -68.466, -34.199 ], [ -68.466, -34.233 ], [ -68.499, -34.233 ], [ -68.499, -34.266 ], [ -68.499, -34.299 ], [ -68.499, -34.333 ], [ -68.499, -34.366 ], [ -68.499, -34.399 ], [ -68.499, -34.433 ], [ -68.499, -34.466 ], [ -68.533, -34.466 ], [ -68.533, -34.499 ], [ -68.533, -34.533 ], [ -68.533, -34.566 ], [ -68.566, -34.566 ], [ -68.599, -34.566 ], [ -68.599, -34.599 ], [ -68.566, -34.599 ], [ -68.566, -34.633 ], [ -68.533, -34.633 ], [ -68.533, -34.666 ], [ -68.499, -34.666 ], [ -68.499, -34.699 ], [ -68.499, -34.733 ], [ -68.466, -34.733 ], [ -68.466, -34.766 ], [ -68.466, -34.799 ], [ -68.466, -34.833 ], [ -68.433, -34.833 ], [ -68.399, -34.833 ], [ -68.366, -34.833 ], [ -68.366, -34.866 ], [ -68.366, -34.899 ], [ -68.366, -34.933 ], [ -68.366, -34.966 ], [ -68.333, -34.966 ], [ -68.333, -34.999 ], [ -68.333, -35.033 ], [ -68.333, -35.066 ], [ -68.299, -35.066 ], [ -68.299, -35.099 ], [ -68.299, -35.133 ], [ -68.299, -35.166 ], [ -68.299, -35.199 ], [ -68.266, -35.199 ], [ -68.233, -35.199 ], [ -68.233, -35.233 ], [ -68.266, -35.233 ], [ -68.266, -35.266 ], [ -68.266, -35.299 ], [ -68.266, -35.333 ], [ -68.233, -35.333 ], [ -68.233, -35.366 ], [ -68.233, -35.399 ], [ -68.199, -35.399 ], [ -68.199, -35.433 ], [ -68.166, -35.433 ], [ -68.166, -35.466 ], [ -68.166, -35.499 ], [ -68.133, -35.499 ], [ -68.133, -35.533 ], [ -68.133, -35.566 ], [ -68.099, -35.566 ], [ -68.099, -35.599 ], [ -68.066, -35.599 ], [ -68.066, -35.633 ], [ -68.066, -35.666 ], [ -68.066, -35.699 ], [ -68.066, -35.733 ], [ -68.066, -35.766 ], [ -68.066, -35.799 ], [ -68.066, -35.833 ], [ -68.033, -35.833 ], [ -68.033, -35.866 ], [ -68.033, -35.899 ], [ -68.066, -35.899 ], [ -68.066, -35.933 ], [ -68.066, -35.966 ], [ -68.066, -35.999 ], [ -68.066, -36.033 ], [ -68.066, -36.066 ], [ -68.066, -36.099 ], [ -68.099, -36.099 ], [ -68.099, -36.133 ], [ -68.066, -36.133 ], [ -68.066, -36.166 ], [ -68.066, -36.199 ], [ -68.066, -36.233 ], [ -68.066, -36.266 ], [ -68.066, -36.299 ], [ -68.066, -36.333 ], [ -68.066, -36.366 ], [ -68.066, -36.399 ], [ -68.066, -36.433 ], [ -68.066, -36.466 ], [ -68.099, -36.466 ], [ -68.099, -36.499 ], [ -68.099, -36.533 ], [ -68.133, -36.533 ], [ -68.133, -36.566 ], [ -68.133, -36.599 ], [ -68.166, -36.599 ], [ -68.166, -36.633 ], [ -68.199, -36.633 ], [ -68.233, -36.633 ], [ -68.233, -36.666 ], [ -68.233, -36.699 ], [ -68.199, -36.699 ], [ -68.199, -36.733 ], [ -68.166, -36.733 ], [ -68.166, -36.766 ], [ -68.199, -36.766 ], [ -68.199, -36.799 ], [ -68.199, -36.833 ], [ -68.166, -36.833 ], [ -68.166, -36.866 ], [ -68.166, -36.899 ], [ -68.133, -36.899 ], [ -68.133, -36.933 ], [ -68.133, -36.966 ], [ -68.099, -36.966 ], [ -68.099, -36.999 ], [ -68.133, -36.999 ], [ -68.133, -37.033 ], [ -68.166, -37.033 ], [ -68.166, -37.066 ], [ -68.166, -37.099 ], [ -68.199, -37.099 ], [ -68.199, -37.133 ], [ -68.199, -37.166 ], [ -68.233, -37.166 ], [ -68.233, -37.199 ], [ -68.233, -37.233 ], [ -68.233, -37.266 ], [ -68.199, -37.266 ], [ -68.199, -37.299 ], [ -68.199, -37.333 ] ], [ [ -71.266, -42.333 ], [ -71.266, -42.366 ], [ -71.233, -42.366 ], [ -71.233, -42.333 ], [ -71.266, -42.333 ] ], [ [ -70.699, -42.099 ], [ -70.699, -42.066 ], [ -70.733, -42.066 ], [ -70.733, -42.099 ], [ -70.699, -42.099 ] ], [ [ -68.199, -36.599 ], [ -68.199, -36.566 ], [ -68.233, -36.566 ], [ -68.233, -36.599 ], [ -68.199, -36.599 ] ], [ [ -69.299, -37.533 ], [ -69.299, -37.566 ], [ -69.266, -37.566 ], [ -69.233, -37.566 ], [ -69.233, -37.533 ], [ -69.199, -37.533 ], [ -69.166, -37.533 ], [ -69.166, -37.499 ], [ -69.166, -37.466 ], [ -69.199, -37.466 ], [ -69.199, -37.433 ], [ -69.233, -37.433 ], [ -69.233, -37.466 ], [ -69.266, -37.466 ], [ -69.266, -37.499 ], [ -69.299, -37.499 ], [ -69.299, -37.533 ] ], [ [ -69.766, -38.466 ], [ -69.766, -38.433 ], [ -69.799, -38.433 ], [ -69.833, -38.433 ], [ -69.833, -38.466 ], [ -69.799, -38.466 ], [ -69.766, -38.466 ] ], [ [ -69.666, -38.399 ], [ -69.666, -38.366 ], [ -69.666, -38.333 ], [ -69.699, -38.333 ], [ -69.699, -38.299 ], [ -69.699, -38.266 ], [ -69.699, -38.233 ], [ -69.733, -38.233 ], [ -69.733, -38.199 ], [ -69.733, -38.166 ], [ -69.733, -38.133 ], [ -69.766, -38.133 ], [ -69.766, -38.099 ], [ -69.799, -38.099 ], [ -69.799, -38.066 ], [ -69.799, -38.033 ], [ -69.833, -38.033 ], [ -69.866, -38.033 ], [ -69.866, -38.066 ], [ -69.866, -38.099 ], [ -69.833, -38.099 ], [ -69.833, -38.133 ], [ -69.799, -38.133 ], [ -69.766, -38.133 ], [ -69.766, -38.166 ], [ -69.766, -38.199 ], [ -69.766, -38.233 ], [ -69.733, -38.233 ], [ -69.733, -38.266 ], [ -69.733, -38.299 ], [ -69.733, -38.333 ], [ -69.766, -38.333 ], [ -69.799, -38.333 ], [ -69.799, -38.299 ], [ -69.833, -38.299 ], [ -69.866, -38.299 ], [ -69.866, -38.266 ], [ -69.899, -38.266 ], [ -69.933, -38.266 ], [ -69.933, -38.299 ], [ -69.933, -38.333 ], [ -69.933, -38.366 ], [ -69.899, -38.366 ], [ -69.899, -38.333 ], [ -69.866, -38.333 ], [ -69.833, -38.333 ], [ -69.833, -38.366 ], [ -69.799, -38.366 ], [ -69.766, -38.366 ], [ -69.733, -38.366 ], [ -69.699, -38.366 ], [ -69.699, -38.399 ], [ -69.666, -38.399 ], [ -69.666, -38.433 ], [ -69.633, -38.433 ], [ -69.633, -38.399 ], [ -69.666, -38.399 ] ], [ [ -69.999, -38.399 ], [ -69.999, -38.366 ], [ -70.033, -38.366 ], [ -70.033, -38.399 ], [ -69.999, -38.399 ] ], [ [ -69.833, -37.899 ], [ -69.833, -37.866 ], [ -69.866, -37.866 ], [ -69.866, -37.899 ], [ -69.833, -37.899 ] ], [ [ -69.333, -38.666 ], [ -69.333, -38.699 ], [ -69.299, -38.699 ], [ -69.299, -38.666 ], [ -69.333, -38.666 ] ], [ [ -69.199, -38.699 ], [ -69.199, -38.733 ], [ -69.166, -38.733 ], [ -69.133, -38.733 ], [ -69.133, -38.766 ], [ -69.099, -38.766 ], [ -69.099, -38.733 ], [ -69.099, -38.699 ], [ -69.133, -38.699 ], [ -69.166, -38.699 ], [ -69.199, -38.699 ] ], [ [ -68.866, -38.766 ], [ -68.866, -38.799 ], [ -68.899, -38.799 ], [ -68.899, -38.833 ], [ -68.899, -38.866 ], [ -68.866, -38.866 ], [ -68.833, -38.866 ], [ -68.833, -38.833 ], [ -68.833, -38.799 ], [ -68.833, -38.766 ], [ -68.799, -38.766 ], [ -68.799, -38.733 ], [ -68.833, -38.733 ], [ -68.866, -38.733 ], [ -68.866, -38.766 ] ], [ [ -68.999, -39.166 ], [ -68.999, -39.199 ], [ -68.966, -39.199 ], [ -68.966, -39.166 ], [ -68.999, -39.166 ] ], [ [ -69.266, -39.233 ], [ -69.266, -39.266 ], [ -69.233, -39.266 ], [ -69.233, -39.299 ], [ -69.199, -39.299 ], [ -69.166, -39.299 ], [ -69.166, -39.266 ], [ -69.166, -39.233 ], [ -69.133, -39.233 ], [ -69.133, -39.199 ], [ -69.166, -39.199 ], [ -69.199, -39.199 ], [ -69.233, -39.199 ], [ -69.266, -39.199 ], [ -69.266, -39.233 ] ], [ [ -69.599, -39.399 ], [ -69.599, -39.433 ], [ -69.566, -39.433 ], [ -69.566, -39.399 ], [ -69.599, -39.399 ] ], [ [ -69.999, -39.499 ], [ -69.999, -39.533 ], [ -69.999, -39.566 ], [ -69.966, -39.566 ], [ -69.933, -39.566 ], [ -69.933, -39.599 ], [ -69.899, -39.599 ], [ -69.899, -39.566 ], [ -69.866, -39.566 ], [ -69.866, -39.533 ], [ -69.899, -39.533 ], [ -69.933, -39.533 ], [ -69.966, -39.533 ], [ -69.966, -39.499 ], [ -69.999, -39.499 ] ], [ [ -70.099, -39.799 ], [ -70.099, -39.833 ], [ -70.066, -39.833 ], [ -70.066, -39.866 ], [ -70.033, -39.866 ], [ -69.999, -39.866 ], [ -69.999, -39.833 ], [ -69.999, -39.799 ], [ -70.033, -39.799 ], [ -70.066, -39.799 ], [ -70.099, -39.799 ] ], [ [ -70.133, -39.933 ], [ -70.133, -39.966 ], [ -70.099, -39.966 ], [ -70.099, -39.999 ], [ -70.066, -39.999 ], [ -70.066, -39.966 ], [ -70.033, -39.966 ], [ -69.999, -39.966 ], [ -69.999, -39.933 ], [ -69.999, -39.899 ], [ -70.033, -39.899 ], [ -70.066, -39.899 ], [ -70.099, -39.899 ], [ -70.099, -39.933 ], [ -70.133, -39.933 ] ], [ [ -70.899, -39.999 ], [ -70.899, -39.966 ], [ -70.933, -39.966 ], [ -70.933, -39.999 ], [ -70.899, -39.999 ] ], [ [ -70.933, -40.066 ], [ -70.933, -40.099 ], [ -70.899, -40.099 ], [ -70.899, -40.066 ], [ -70.933, -40.066 ] ], [ [ -70.899, -40.599 ], [ -70.899, -40.633 ], [ -70.866, -40.633 ], [ -70.833, -40.633 ], [ -70.833, -40.599 ], [ -70.799, -40.599 ], [ -70.799, -40.566 ], [ -70.833, -40.566 ], [ -70.866, -40.566 ], [ -70.866, -40.599 ], [ -70.899, -40.599 ] ], [ [ -70.999, -40.633 ], [ -70.999, -40.666 ], [ -70.966, -40.666 ], [ -70.966, -40.633 ], [ -70.999, -40.633 ] ], [ [ -70.199, -40.633 ], [ -70.199, -40.666 ], [ -70.166, -40.666 ], [ -70.166, -40.633 ], [ -70.199, -40.633 ] ], [ [ -65.333, -43.399 ], [ -65.333, -43.433 ], [ -65.366, -43.433 ], [ -65.399, -43.433 ], [ -65.399, -43.399 ], [ -65.433, -43.399 ], [ -65.466, -43.399 ], [ -65.466, -43.433 ], [ -65.499, -43.433 ], [ -65.533, -43.433 ], [ -65.533, -43.466 ], [ -65.566, -43.466 ], [ -65.566, -43.499 ], [ -65.566, -43.533 ], [ -65.599, -43.533 ], [ -65.599, -43.566 ], [ -65.566, -43.566 ], [ -65.566, -43.599 ], [ -65.533, -43.599 ], [ -65.533, -43.633 ], [ -65.566, -43.633 ], [ -65.599, -43.633 ], [ -65.633, -43.633 ], [ -65.633, -43.666 ], [ -65.666, -43.666 ], [ -65.666, -43.699 ], [ -65.666, -43.733 ], [ -65.633, -43.733 ], [ -65.633, -43.766 ], [ -65.599, -43.766 ], [ -65.599, -43.733 ], [ -65.566, -43.733 ], [ -65.533, -43.733 ], [ -65.499, -43.733 ], [ -65.466, -43.733 ], [ -65.433, -43.733 ], [ -65.433, -43.699 ], [ -65.433, -43.666 ], [ -65.399, -43.666 ], [ -65.399, -43.633 ], [ -65.366, -43.633 ], [ -65.366, -43.599 ], [ -65.333, -43.599 ], [ -65.333, -43.566 ], [ -65.299, -43.566 ], [ -65.266, -43.566 ], [ -65.266, -43.533 ], [ -65.266, -43.499 ], [ -65.299, -43.499 ], [ -65.299, -43.466 ], [ -65.299, -43.433 ], [ -65.299, -43.399 ], [ -65.333, -43.399 ] ], [ [ -65.499, -43.766 ], [ -65.499, -43.799 ], [ -65.533, -43.799 ], [ -65.566, -43.799 ], [ -65.566, -43.833 ], [ -65.533, -43.833 ], [ -65.499, -43.833 ], [ -65.466, -43.833 ], [ -65.466, -43.799 ], [ -65.433, -43.799 ], [ -65.433, -43.766 ], [ -65.466, -43.766 ], [ -65.499, -43.766 ] ], [ [ -66.866, -43.833 ], [ -66.866, -43.799 ], [ -66.899, -43.799 ], [ -66.899, -43.833 ], [ -66.866, -43.833 ] ], [ [ -67.233, -43.799 ], [ -67.233, -43.766 ], [ -67.266, -43.766 ], [ -67.266, -43.733 ], [ -67.299, -43.733 ], [ -67.299, -43.699 ], [ -67.333, -43.699 ], [ -67.333, -43.666 ], [ -67.366, -43.666 ], [ -67.399, -43.666 ], [ -67.433, -43.666 ], [ -67.433, -43.633 ], [ -67.466, -43.633 ], [ -67.499, -43.633 ], [ -67.499, -43.666 ], [ -67.533, -43.666 ], [ -67.566, -43.666 ], [ -67.599, -43.666 ], [ -67.599, -43.699 ], [ -67.633, -43.699 ], [ -67.666, -43.699 ], [ -67.666, -43.733 ], [ -67.666, -43.766 ], [ -67.699, -43.766 ], [ -67.733, -43.766 ], [ -67.733, -43.799 ], [ -67.766, -43.799 ], [ -67.766, -43.833 ], [ -67.766, -43.866 ], [ -67.733, -43.866 ], [ -67.699, -43.866 ], [ -67.666, -43.866 ], [ -67.633, -43.866 ], [ -67.633, -43.833 ], [ -67.599, -43.833 ], [ -67.566, -43.833 ], [ -67.566, -43.866 ], [ -67.533, -43.866 ], [ -67.533, -43.899 ], [ -67.533, -43.933 ], [ -67.499, -43.933 ], [ -67.499, -43.899 ], [ -67.466, -43.899 ], [ -67.433, -43.899 ], [ -67.399, -43.899 ], [ -67.366, -43.899 ], [ -67.333, -43.899 ], [ -67.333, -43.866 ], [ -67.366, -43.866 ], [ -67.366, -43.833 ], [ -67.366, -43.799 ], [ -67.399, -43.799 ], [ -67.433, -43.799 ], [ -67.433, -43.766 ], [ -67.399, -43.766 ], [ -67.399, -43.733 ], [ -67.366, -43.733 ], [ -67.366, -43.766 ], [ -67.333, -43.766 ], [ -67.333, -43.799 ], [ -67.299, -43.799 ], [ -67.299, -43.833 ], [ -67.299, -43.866 ], [ -67.266, -43.866 ], [ -67.266, -43.833 ], [ -67.233, -43.833 ], [ -67.233, -43.799 ] ], [ [ -67.166, -43.833 ], [ -67.166, -43.866 ], [ -67.133, -43.866 ], [ -67.133, -43.833 ], [ -67.166, -43.833 ] ], [ [ -67.933, -43.899 ], [ -67.933, -43.866 ], [ -67.899, -43.866 ], [ -67.899, -43.833 ], [ -67.866, -43.833 ], [ -67.866, -43.799 ], [ -67.899, -43.799 ], [ -67.899, -43.833 ], [ -67.933, -43.833 ], [ -67.966, -43.833 ], [ -67.999, -43.833 ], [ -68.033, -43.833 ], [ -68.033, -43.799 ], [ -68.033, -43.766 ], [ -68.066, -43.766 ], [ -68.099, -43.766 ], [ -68.099, -43.733 ], [ -68.099, -43.699 ], [ -68.133, -43.699 ], [ -68.133, -43.666 ], [ -68.166, -43.666 ], [ -68.166, -43.699 ], [ -68.199, -43.699 ], [ -68.199, -43.733 ], [ -68.233, -43.733 ], [ -68.233, -43.766 ], [ -68.233, -43.799 ], [ -68.266, -43.799 ], [ -68.266, -43.833 ], [ -68.299, -43.833 ], [ -68.333, -43.833 ], [ -68.333, -43.866 ], [ -68.366, -43.866 ], [ -68.399, -43.866 ], [ -68.399, -43.833 ], [ -68.433, -43.833 ], [ -68.466, -43.833 ], [ -68.499, -43.833 ], [ -68.499, -43.799 ], [ -68.466, -43.799 ], [ -68.433, -43.799 ], [ -68.433, -43.766 ], [ -68.433, -43.733 ], [ -68.466, -43.733 ], [ -68.499, -43.733 ], [ -68.533, -43.733 ], [ -68.566, -43.733 ], [ -68.599, -43.733 ], [ -68.633, -43.733 ], [ -68.666, -43.733 ], [ -68.699, -43.733 ], [ -68.699, -43.766 ], [ -68.666, -43.766 ], [ -68.666, -43.799 ], [ -68.699, -43.799 ], [ -68.733, -43.799 ], [ -68.766, -43.799 ], [ -68.799, -43.799 ], [ -68.799, -43.766 ], [ -68.833, -43.766 ], [ -68.833, -43.733 ], [ -68.833, -43.699 ], [ -68.833, -43.666 ], [ -68.833, -43.633 ], [ -68.833, -43.599 ], [ -68.866, -43.599 ], [ -68.899, -43.599 ], [ -68.933, -43.599 ], [ -68.966, -43.599 ], [ -68.999, -43.599 ], [ -68.999, -43.633 ], [ -68.966, -43.633 ], [ -68.933, -43.633 ], [ -68.933, -43.666 ], [ -68.933, -43.699 ], [ -68.933, -43.733 ], [ -68.899, -43.733 ], [ -68.899, -43.766 ], [ -68.899, -43.799 ], [ -68.899, -43.833 ], [ -68.899, -43.866 ], [ -68.866, -43.866 ], [ -68.833, -43.866 ], [ -68.833, -43.899 ], [ -68.799, -43.899 ], [ -68.799, -43.866 ], [ -68.766, -43.866 ], [ -68.733, -43.866 ], [ -68.699, -43.866 ], [ -68.666, -43.866 ], [ -68.633, -43.866 ], [ -68.633, -43.899 ], [ -68.599, -43.899 ], [ -68.599, -43.866 ], [ -68.566, -43.866 ], [ -68.533, -43.866 ], [ -68.499, -43.866 ], [ -68.466, -43.866 ], [ -68.433, -43.866 ], [ -68.433, -43.899 ], [ -68.399, -43.899 ], [ -68.366, -43.899 ], [ -68.333, -43.899 ], [ -68.299, -43.899 ], [ -68.266, -43.899 ], [ -68.233, -43.899 ], [ -68.199, -43.899 ], [ -68.199, -43.933 ], [ -68.166, -43.933 ], [ -68.133, -43.933 ], [ -68.133, -43.899 ], [ -68.099, -43.899 ], [ -68.066, -43.899 ], [ -68.066, -43.866 ], [ -68.033, -43.866 ], [ -67.999, -43.866 ], [ -67.999, -43.899 ], [ -67.999, -43.933 ], [ -67.966, -43.933 ], [ -67.966, -43.899 ], [ -67.933, -43.899 ], [ -67.933, -43.933 ], [ -67.899, -43.933 ], [ -67.899, -43.899 ], [ -67.933, -43.899 ] ], [ [ -67.733, -43.666 ], [ -67.733, -43.699 ], [ -67.699, -43.699 ], [ -67.699, -43.666 ], [ -67.666, -43.666 ], [ -67.666, -43.633 ], [ -67.699, -43.633 ], [ -67.733, -43.633 ], [ -67.733, -43.666 ] ], [ [ -68.366, -43.733 ], [ -68.366, -43.766 ], [ -68.366, -43.799 ], [ -68.333, -43.799 ], [ -68.299, -43.799 ], [ -68.299, -43.766 ], [ -68.299, -43.733 ], [ -68.333, -43.733 ], [ -68.366, -43.733 ] ], [ [ -66.833, -43.733 ], [ -66.833, -43.766 ], [ -66.833, -43.799 ], [ -66.799, -43.799 ], [ -66.799, -43.766 ], [ -66.799, -43.733 ], [ -66.833, -43.733 ] ], [ [ -67.999, -43.499 ], [ -67.999, -43.466 ], [ -67.999, -43.433 ], [ -67.966, -43.433 ], [ -67.966, -43.399 ], [ -67.966, -43.366 ], [ -67.999, -43.366 ], [ -67.999, -43.333 ], [ -68.033, -43.333 ], [ -68.066, -43.333 ], [ -68.099, -43.333 ], [ -68.099, -43.366 ], [ -68.099, -43.399 ], [ -68.066, -43.399 ], [ -68.033, -43.399 ], [ -68.033, -43.433 ], [ -68.033, -43.466 ], [ -68.066, -43.466 ], [ -68.066, -43.499 ], [ -68.033, -43.499 ], [ -67.999, -43.499 ] ], [ [ -67.933, -43.333 ], [ -67.933, -43.366 ], [ -67.899, -43.366 ], [ -67.899, -43.333 ], [ -67.933, -43.333 ] ], [ [ -67.933, -43.466 ], [ -67.966, -43.466 ], [ -67.966, -43.499 ], [ -67.933, -43.499 ], [ -67.933, -43.466 ], [ -67.899, -43.466 ], [ -67.899, -43.433 ], [ -67.866, -43.433 ], [ -67.833, -43.433 ], [ -67.833, -43.399 ], [ -67.833, -43.366 ], [ -67.866, -43.366 ], [ -67.866, -43.399 ], [ -67.899, -43.399 ], [ -67.933, -43.399 ], [ -67.933, -43.433 ], [ -67.933, -43.466 ] ], [ [ -67.166, -43.399 ], [ -67.166, -43.366 ], [ -67.199, -43.366 ], [ -67.199, -43.399 ], [ -67.166, -43.399 ] ], [ [ -68.233, -43.299 ], [ -68.233, -43.266 ], [ -68.266, -43.266 ], [ -68.266, -43.299 ], [ -68.233, -43.299 ] ], [ [ -68.166, -43.266 ], [ -68.166, -43.233 ], [ -68.199, -43.233 ], [ -68.199, -43.266 ], [ -68.166, -43.266 ] ], [ [ -67.866, -43.199 ], [ -67.866, -43.166 ], [ -67.899, -43.166 ], [ -67.899, -43.199 ], [ -67.866, -43.199 ] ], [ [ -69.066, -43.266 ], [ -69.066, -43.233 ], [ -69.099, -43.233 ], [ -69.099, -43.266 ], [ -69.066, -43.266 ] ], [ [ -67.966, -43.999 ], [ -67.966, -44.033 ], [ -67.999, -44.033 ], [ -67.999, -44.066 ], [ -68.033, -44.066 ], [ -68.033, -44.099 ], [ -67.999, -44.099 ], [ -67.999, -44.133 ], [ -68.033, -44.133 ], [ -68.033, -44.166 ], [ -68.033, -44.199 ], [ -68.066, -44.199 ], [ -68.066, -44.233 ], [ -68.033, -44.233 ], [ -67.999, -44.233 ], [ -67.999, -44.266 ], [ -67.966, -44.266 ], [ -67.933, -44.266 ], [ -67.899, -44.266 ], [ -67.866, -44.266 ], [ -67.833, -44.266 ], [ -67.799, -44.266 ], [ -67.799, -44.233 ], [ -67.833, -44.233 ], [ -67.866, -44.233 ], [ -67.899, -44.233 ], [ -67.899, -44.199 ], [ -67.933, -44.199 ], [ -67.933, -44.166 ], [ -67.966, -44.166 ], [ -67.966, -44.133 ], [ -67.966, -44.099 ], [ -67.966, -44.066 ], [ -67.933, -44.066 ], [ -67.933, -44.033 ], [ -67.933, -43.999 ], [ -67.966, -43.999 ] ], [ [ -68.266, -44.233 ], [ -68.266, -44.199 ], [ -68.233, -44.199 ], [ -68.233, -44.166 ], [ -68.266, -44.166 ], [ -68.299, -44.166 ], [ -68.333, -44.166 ], [ -68.366, -44.166 ], [ -68.399, -44.166 ], [ -68.433, -44.166 ], [ -68.466, -44.166 ], [ -68.466, -44.133 ], [ -68.466, -44.099 ], [ -68.433, -44.099 ], [ -68.433, -44.066 ], [ -68.466, -44.066 ], [ -68.466, -44.033 ], [ -68.499, -44.033 ], [ -68.533, -44.033 ], [ -68.533, -44.066 ], [ -68.533, -44.099 ], [ -68.566, -44.099 ], [ -68.566, -44.133 ], [ -68.533, -44.133 ], [ -68.533, -44.166 ], [ -68.566, -44.166 ], [ -68.566, -44.199 ], [ -68.533, -44.199 ], [ -68.499, -44.199 ], [ -68.499, -44.233 ], [ -68.533, -44.233 ], [ -68.533, -44.266 ], [ -68.566, -44.266 ], [ -68.566, -44.233 ], [ -68.599, -44.233 ], [ -68.633, -44.233 ], [ -68.633, -44.266 ], [ -68.666, -44.266 ], [ -68.666, -44.299 ], [ -68.633, -44.299 ], [ -68.633, -44.333 ], [ -68.666, -44.333 ], [ -68.699, -44.333 ], [ -68.699, -44.366 ], [ -68.733, -44.366 ], [ -68.733, -44.399 ], [ -68.766, -44.399 ], [ -68.766, -44.433 ], [ -68.799, -44.433 ], [ -68.799, -44.466 ], [ -68.799, -44.499 ], [ -68.799, -44.533 ], [ -68.833, -44.533 ], [ -68.866, -44.533 ], [ -68.899, -44.533 ], [ -68.899, -44.566 ], [ -68.866, -44.566 ], [ -68.866, -44.599 ], [ -68.866, -44.633 ], [ -68.833, -44.633 ], [ -68.833, -44.666 ], [ -68.799, -44.666 ], [ -68.766, -44.666 ], [ -68.733, -44.666 ], [ -68.699, -44.666 ], [ -68.699, -44.699 ], [ -68.666, -44.699 ], [ -68.633, -44.699 ], [ -68.599, -44.699 ], [ -68.566, -44.699 ], [ -68.566, -44.733 ], [ -68.533, -44.733 ], [ -68.499, -44.733 ], [ -68.499, -44.766 ], [ -68.466, -44.766 ], [ -68.433, -44.766 ], [ -68.433, -44.799 ], [ -68.433, -44.833 ], [ -68.433, -44.866 ], [ -68.399, -44.866 ], [ -68.366, -44.866 ], [ -68.366, -44.833 ], [ -68.366, -44.799 ], [ -68.333, -44.799 ], [ -68.333, -44.766 ], [ -68.366, -44.766 ], [ -68.366, -44.733 ], [ -68.399, -44.733 ], [ -68.399, -44.699 ], [ -68.366, -44.699 ], [ -68.333, -44.699 ], [ -68.299, -44.699 ], [ -68.266, -44.699 ], [ -68.233, -44.699 ], [ -68.199, -44.699 ], [ -68.166, -44.699 ], [ -68.133, -44.699 ], [ -68.099, -44.699 ], [ -68.066, -44.699 ], [ -68.033, -44.699 ], [ -67.999, -44.699 ], [ -67.966, -44.699 ], [ -67.933, -44.699 ], [ -67.899, -44.699 ], [ -67.866, -44.699 ], [ -67.866, -44.666 ], [ -67.866, -44.633 ], [ -67.899, -44.633 ], [ -67.933, -44.633 ], [ -67.966, -44.633 ], [ -67.999, -44.633 ], [ -68.033, -44.633 ], [ -68.066, -44.633 ], [ -68.099, -44.633 ], [ -68.133, -44.633 ], [ -68.166, -44.633 ], [ -68.199, -44.633 ], [ -68.199, -44.599 ], [ -68.199, -44.566 ], [ -68.166, -44.566 ], [ -68.166, -44.533 ], [ -68.199, -44.533 ], [ -68.233, -44.533 ], [ -68.233, -44.566 ], [ -68.266, -44.566 ], [ -68.299, -44.566 ], [ -68.333, -44.566 ], [ -68.366, -44.566 ], [ -68.399, -44.566 ], [ -68.399, -44.533 ], [ -68.433, -44.533 ], [ -68.433, -44.499 ], [ -68.399, -44.499 ], [ -68.366, -44.499 ], [ -68.333, -44.499 ], [ -68.299, -44.499 ], [ -68.299, -44.466 ], [ -68.333, -44.466 ], [ -68.366, -44.466 ], [ -68.399, -44.466 ], [ -68.433, -44.466 ], [ -68.466, -44.466 ], [ -68.466, -44.433 ], [ -68.466, -44.399 ], [ -68.466, -44.366 ], [ -68.433, -44.366 ], [ -68.433, -44.333 ], [ -68.399, -44.333 ], [ -68.366, -44.333 ], [ -68.366, -44.299 ], [ -68.333, -44.299 ], [ -68.299, -44.299 ], [ -68.299, -44.266 ], [ -68.299, -44.233 ], [ -68.266, -44.233 ] ], [ [ -66.499, -44.333 ], [ -66.499, -44.366 ], [ -66.466, -44.366 ], [ -66.466, -44.333 ], [ -66.433, -44.333 ], [ -66.399, -44.333 ], [ -66.399, -44.299 ], [ -66.433, -44.299 ], [ -66.466, -44.299 ], [ -66.499, -44.299 ], [ -66.499, -44.333 ] ], [ [ -66.266, -44.366 ], [ -66.266, -44.399 ], [ -66.299, -44.399 ], [ -66.333, -44.399 ], [ -66.333, -44.433 ], [ -66.299, -44.433 ], [ -66.266, -44.433 ], [ -66.233, -44.433 ], [ -66.233, -44.399 ], [ -66.233, -44.366 ], [ -66.266, -44.366 ] ], [ [ -67.799, -44.666 ], [ -67.799, -44.699 ], [ -67.766, -44.699 ], [ -67.733, -44.699 ], [ -67.733, -44.666 ], [ -67.766, -44.666 ], [ -67.799, -44.666 ] ], [ [ -67.666, -44.866 ], [ -67.666, -44.899 ], [ -67.633, -44.899 ], [ -67.633, -44.866 ], [ -67.666, -44.866 ] ], [ [ -67.599, -44.899 ], [ -67.599, -44.933 ], [ -67.566, -44.933 ], [ -67.533, -44.933 ], [ -67.533, -44.899 ], [ -67.566, -44.899 ], [ -67.599, -44.899 ] ], [ [ -68.366, -44.933 ], [ -68.366, -44.899 ], [ -68.399, -44.899 ], [ -68.399, -44.933 ], [ -68.433, -44.933 ], [ -68.433, -44.966 ], [ -68.433, -44.999 ], [ -68.399, -44.999 ], [ -68.399, -45.033 ], [ -68.399, -45.066 ], [ -68.399, -45.099 ], [ -68.399, -45.133 ], [ -68.366, -45.133 ], [ -68.333, -45.133 ], [ -68.299, -45.133 ], [ -68.299, -45.099 ], [ -68.299, -45.066 ], [ -68.333, -45.066 ], [ -68.333, -45.033 ], [ -68.333, -44.999 ], [ -68.366, -44.999 ], [ -68.366, -44.966 ], [ -68.366, -44.933 ] ], [ [ -67.933, -44.999 ], [ -67.933, -45.033 ], [ -67.966, -45.033 ], [ -67.999, -45.033 ], [ -67.999, -44.999 ], [ -68.033, -44.999 ], [ -68.066, -44.999 ], [ -68.066, -45.033 ], [ -68.099, -45.033 ], [ -68.133, -45.033 ], [ -68.133, -45.066 ], [ -68.166, -45.066 ], [ -68.199, -45.066 ], [ -68.199, -45.099 ], [ -68.233, -45.099 ], [ -68.233, -45.133 ], [ -68.233, -45.166 ], [ -68.233, -45.199 ], [ -68.199, -45.199 ], [ -68.166, -45.199 ], [ -68.166, -45.233 ], [ -68.133, -45.233 ], [ -68.099, -45.233 ], [ -68.066, -45.233 ], [ -68.033, -45.233 ], [ -67.999, -45.233 ], [ -67.966, -45.233 ], [ -67.933, -45.233 ], [ -67.899, -45.233 ], [ -67.899, -45.199 ], [ -67.866, -45.199 ], [ -67.866, -45.166 ], [ -67.833, -45.166 ], [ -67.833, -45.133 ], [ -67.799, -45.133 ], [ -67.799, -45.099 ], [ -67.799, -45.066 ], [ -67.766, -45.066 ], [ -67.766, -45.033 ], [ -67.733, -45.033 ], [ -67.733, -44.999 ], [ -67.699, -44.999 ], [ -67.666, -44.999 ], [ -67.666, -44.966 ], [ -67.699, -44.966 ], [ -67.733, -44.966 ], [ -67.766, -44.966 ], [ -67.799, -44.966 ], [ -67.833, -44.966 ], [ -67.866, -44.966 ], [ -67.899, -44.966 ], [ -67.899, -44.999 ], [ -67.933, -44.999 ] ], [ [ -68.933, -44.966 ], [ -68.933, -44.933 ], [ -68.966, -44.933 ], [ -68.966, -44.899 ], [ -68.999, -44.899 ], [ -68.999, -44.933 ], [ -68.966, -44.933 ], [ -68.966, -44.966 ], [ -68.933, -44.966 ], [ -68.933, -44.999 ], [ -68.933, -45.033 ], [ -68.933, -45.066 ], [ -68.966, -45.066 ], [ -68.966, -45.099 ], [ -68.999, -45.099 ], [ -68.999, -45.066 ], [ -69.033, -45.066 ], [ -69.066, -45.066 ], [ -69.066, -45.099 ], [ -69.066, -45.133 ], [ -69.033, -45.133 ], [ -68.999, -45.133 ], [ -68.999, -45.166 ], [ -68.966, -45.166 ], [ -68.933, -45.166 ], [ -68.899, -45.166 ], [ -68.866, -45.166 ], [ -68.833, -45.166 ], [ -68.799, -45.166 ], [ -68.799, -45.133 ], [ -68.766, -45.133 ], [ -68.733, -45.133 ], [ -68.733, -45.166 ], [ -68.699, -45.166 ], [ -68.699, -45.199 ], [ -68.666, -45.199 ], [ -68.633, -45.199 ], [ -68.633, -45.233 ], [ -68.633, -45.266 ], [ -68.599, -45.266 ], [ -68.566, -45.266 ], [ -68.533, -45.266 ], [ -68.533, -45.233 ], [ -68.533, -45.199 ], [ -68.533, -45.166 ], [ -68.566, -45.166 ], [ -68.566, -45.133 ], [ -68.566, -45.099 ], [ -68.599, -45.099 ], [ -68.599, -45.066 ], [ -68.633, -45.066 ], [ -68.633, -45.033 ], [ -68.666, -45.033 ], [ -68.699, -45.033 ], [ -68.733, -45.033 ], [ -68.766, -45.033 ], [ -68.799, -45.033 ], [ -68.833, -45.033 ], [ -68.833, -44.999 ], [ -68.866, -44.999 ], [ -68.899, -44.999 ], [ -68.899, -44.966 ], [ -68.933, -44.966 ] ], [ [ -68.733, -45.266 ], [ -68.733, -45.233 ], [ -68.766, -45.233 ], [ -68.766, -45.266 ], [ -68.733, -45.266 ] ], [ [ -68.866, -44.899 ], [ -68.866, -44.866 ], [ -68.833, -44.866 ], [ -68.833, -44.833 ], [ -68.866, -44.833 ], [ -68.866, -44.799 ], [ -68.899, -44.799 ], [ -68.933, -44.799 ], [ -68.933, -44.833 ], [ -68.933, -44.866 ], [ -68.899, -44.866 ], [ -68.899, -44.899 ], [ -68.866, -44.899 ] ], [ [ -69.099, -44.866 ], [ -69.099, -44.833 ], [ -69.099, -44.799 ], [ -69.133, -44.799 ], [ -69.166, -44.799 ], [ -69.166, -44.833 ], [ -69.166, -44.866 ], [ -69.133, -44.866 ], [ -69.099, -44.866 ] ], [ [ -68.799, -44.799 ], [ -68.799, -44.833 ], [ -68.766, -44.833 ], [ -68.733, -44.833 ], [ -68.733, -44.799 ], [ -68.733, -44.766 ], [ -68.766, -44.766 ], [ -68.799, -44.766 ], [ -68.799, -44.799 ] ], [ [ -68.999, -44.499 ], [ -68.999, -44.466 ], [ -69.033, -44.466 ], [ -69.033, -44.499 ], [ -68.999, -44.499 ] ], [ [ -69.066, -44.466 ], [ -69.066, -44.433 ], [ -69.066, -44.399 ], [ -69.099, -44.399 ], [ -69.099, -44.433 ], [ -69.099, -44.466 ], [ -69.066, -44.466 ] ], [ [ -68.966, -44.466 ], [ -68.966, -44.499 ], [ -68.933, -44.499 ], [ -68.933, -44.466 ], [ -68.966, -44.466 ] ], [ [ -68.333, -45.499 ], [ -68.333, -45.533 ], [ -68.299, -45.533 ], [ -68.299, -45.499 ], [ -68.299, -45.466 ], [ -68.333, -45.466 ], [ -68.333, -45.499 ] ], [ [ -68.366, -45.533 ], [ -68.366, -45.499 ], [ -68.399, -45.499 ], [ -68.433, -45.499 ], [ -68.433, -45.533 ], [ -68.433, -45.566 ], [ -68.399, -45.566 ], [ -68.399, -45.533 ], [ -68.366, -45.533 ] ], [ [ -69.366, -45.999 ], [ -69.366, -46.033 ], [ -69.399, -46.033 ], [ -69.399, -46.066 ], [ -69.366, -46.066 ], [ -69.333, -46.066 ], [ -69.333, -46.099 ], [ -69.299, -46.099 ], [ -69.266, -46.099 ], [ -69.266, -46.066 ], [ -69.233, -46.066 ], [ -69.199, -46.066 ], [ -69.199, -46.033 ], [ -69.166, -46.033 ], [ -69.166, -45.999 ], [ -69.166, -45.966 ], [ -69.166, -45.933 ], [ -69.199, -45.933 ], [ -69.233, -45.933 ], [ -69.266, -45.933 ], [ -69.299, -45.933 ], [ -69.299, -45.966 ], [ -69.333, -45.966 ], [ -69.333, -45.999 ], [ -69.366, -45.999 ] ], [ [ -66.033, -44.666 ], [ -66.033, -44.699 ], [ -65.999, -44.699 ], [ -65.999, -44.666 ], [ -66.033, -44.666 ] ], [ [ -65.666, -32.966 ], [ -65.666, -32.933 ], [ -65.699, -32.933 ], [ -65.699, -32.966 ], [ -65.666, -32.966 ] ] ], [ [ [ -68.933, -32.866 ], [ -68.933, -32.833 ], [ -68.899, -32.833 ], [ -68.899, -32.866 ], [ -68.933, -32.866 ] ] ], [ [ [ -66.233, -33.233 ], [ -66.266, -33.233 ], [ -66.266, -33.199 ], [ -66.266, -33.166 ], [ -66.266, -33.133 ], [ -66.266, -33.099 ], [ -66.266, -33.066 ], [ -66.266, -33.033 ], [ -66.266, -32.999 ], [ -66.266, -32.966 ], [ -66.266, -32.933 ], [ -66.266, -32.899 ], [ -66.266, -32.866 ], [ -66.266, -32.833 ], [ -66.266, -32.799 ], [ -66.233, -32.799 ], [ -66.233, -32.833 ], [ -66.233, -32.866 ], [ -66.233, -32.899 ], [ -66.233, -32.933 ], [ -66.233, -32.966 ], [ -66.233, -32.999 ], [ -66.233, -33.033 ], [ -66.233, -33.066 ], [ -66.233, -33.099 ], [ -66.233, -33.133 ], [ -66.233, -33.166 ], [ -66.233, -33.199 ], [ -66.233, -33.233 ] ] ], [ [ [ -68.933, -32.733 ], [ -68.899, -32.733 ], [ -68.899, -32.766 ], [ -68.933, -32.766 ], [ -68.933, -32.733 ] ] ], [ [ [ -66.099, -32.666 ], [ -66.099, -32.699 ], [ -66.133, -32.699 ], [ -66.133, -32.666 ], [ -66.099, -32.666 ] ] ], [ [ [ -66.199, -32.666 ], [ -66.199, -32.699 ], [ -66.166, -32.699 ], [ -66.166, -32.733 ], [ -66.199, -32.733 ], [ -66.199, -32.766 ], [ -66.233, -32.766 ], [ -66.233, -32.733 ], [ -66.233, -32.699 ], [ -66.233, -32.666 ], [ -66.233, -32.633 ], [ -66.199, -32.633 ], [ -66.199, -32.666 ] ] ], [ [ [ -66.099, -32.666 ], [ -66.099, -32.633 ], [ -66.066, -32.633 ], [ -66.066, -32.666 ], [ -66.099, -32.666 ] ] ], [ [ [ -66.066, -32.633 ], [ -66.066, -32.599 ], [ -66.033, -32.599 ], [ -66.033, -32.633 ], [ -66.066, -32.633 ] ] ], [ [ [ -65.966, -32.533 ], [ -65.999, -32.533 ], [ -65.999, -32.499 ], [ -65.999, -32.466 ], [ -65.966, -32.466 ], [ -65.966, -32.499 ], [ -65.966, -32.533 ] ] ], [ [ [ -68.933, -32.733 ], [ -68.966, -32.733 ], [ -68.966, -32.699 ], [ -68.966, -32.666 ], [ -68.999, -32.666 ], [ -68.999, -32.633 ], [ -68.999, -32.599 ], [ -68.966, -32.599 ], [ -68.966, -32.566 ], [ -68.966, -32.533 ], [ -68.933, -32.533 ], [ -68.933, -32.499 ], [ -68.933, -32.466 ], [ -68.899, -32.466 ], [ -68.899, -32.433 ], [ -68.866, -32.433 ], [ -68.866, -32.466 ], [ -68.866, -32.499 ], [ -68.899, -32.499 ], [ -68.899, -32.533 ], [ -68.899, -32.566 ], [ -68.899, -32.599 ], [ -68.933, -32.599 ], [ -68.933, -32.633 ], [ -68.933, -32.666 ], [ -68.933, -32.699 ], [ -68.933, -32.733 ] ] ], [ [ [ -65.866, -32.399 ], [ -65.866, -32.433 ], [ -65.866, -32.466 ], [ -65.866, -32.499 ], [ -65.899, -32.499 ], [ -65.899, -32.466 ], [ -65.899, -32.433 ], [ -65.933, -32.433 ], [ -65.966, -32.433 ], [ -65.966, -32.399 ], [ -65.933, -32.399 ], [ -65.899, -32.399 ], [ -65.866, -32.399 ] ] ], [ [ [ -64.966, -31.899 ], [ -64.966, -31.933 ], [ -64.966, -31.966 ], [ -64.966, -31.999 ], [ -64.966, -32.033 ], [ -64.966, -32.066 ], [ -64.966, -32.099 ], [ -64.999, -32.099 ], [ -64.999, -32.066 ], [ -64.999, -32.033 ], [ -64.999, -31.999 ], [ -64.999, -31.966 ], [ -64.999, -31.933 ], [ -64.999, -31.899 ], [ -64.966, -31.899 ] ] ], [ [ [ -68.666, -31.899 ], [ -68.666, -31.933 ], [ -68.699, -31.933 ], [ -68.699, -31.966 ], [ -68.699, -31.999 ], [ -68.699, -32.033 ], [ -68.733, -32.033 ], [ -68.733, -32.066 ], [ -68.766, -32.066 ], [ -68.766, -32.099 ], [ -68.799, -32.099 ], [ -68.799, -32.066 ], [ -68.833, -32.066 ], [ -68.833, -32.099 ], [ -68.799, -32.099 ], [ -68.799, -32.133 ], [ -68.833, -32.133 ], [ -68.833, -32.166 ], [ -68.833, -32.199 ], [ -68.833, -32.233 ], [ -68.866, -32.233 ], [ -68.866, -32.266 ], [ -68.866, -32.299 ], [ -68.866, -32.333 ], [ -68.866, -32.366 ], [ -68.899, -32.366 ], [ -68.899, -32.333 ], [ -68.899, -32.299 ], [ -68.933, -32.299 ], [ -68.933, -32.266 ], [ -68.899, -32.266 ], [ -68.899, -32.233 ], [ -68.899, -32.199 ], [ -68.899, -32.166 ], [ -68.899, -32.133 ], [ -68.899, -32.099 ], [ -68.866, -32.099 ], [ -68.866, -32.066 ], [ -68.866, -32.033 ], [ -68.833, -32.033 ], [ -68.833, -31.999 ], [ -68.799, -31.999 ], [ -68.766, -31.999 ], [ -68.766, -31.966 ], [ -68.766, -31.933 ], [ -68.733, -31.933 ], [ -68.733, -31.899 ], [ -68.733, -31.866 ], [ -68.699, -31.866 ], [ -68.699, -31.899 ], [ -68.666, -31.899 ] ] ], [ [ [ -68.666, -31.899 ], [ -68.666, -31.866 ], [ -68.633, -31.866 ], [ -68.633, -31.899 ], [ -68.666, -31.899 ] ] ], [ [ [ -64.466, -31.899 ], [ -64.466, -31.933 ], [ -64.433, -31.933 ], [ -64.433, -31.966 ], [ -64.466, -31.966 ], [ -64.466, -31.999 ], [ -64.466, -32.033 ], [ -64.466, -32.066 ], [ -64.499, -32.066 ], [ -64.533, -32.066 ], [ -64.533, -32.033 ], [ -64.533, -31.999 ], [ -64.533, -31.966 ], [ -64.533, -31.933 ], [ -64.533, -31.899 ], [ -64.499, -31.899 ], [ -64.499, -31.866 ], [ -64.466, -31.866 ], [ -64.466, -31.899 ] ] ], [ [ [ -64.966, -31.899 ], [ -64.966, -31.866 ], [ -64.966, -31.833 ], [ -64.933, -31.833 ], [ -64.933, -31.866 ], [ -64.933, -31.899 ], [ -64.966, -31.899 ] ] ], [ [ [ -64.933, -31.833 ], [ -64.933, -31.799 ], [ -64.899, -31.799 ], [ -64.899, -31.833 ], [ -64.933, -31.833 ] ] ], [ [ [ -68.599, -31.766 ], [ -68.633, -31.766 ], [ -68.633, -31.733 ], [ -68.599, -31.733 ], [ -68.599, -31.766 ] ] ], [ [ [ -64.533, -31.733 ], [ -64.499, -31.733 ], [ -64.499, -31.766 ], [ -64.533, -31.766 ], [ -64.533, -31.733 ] ] ], [ [ [ -68.633, -31.699 ], [ -68.666, -31.699 ], [ -68.666, -31.666 ], [ -68.666, -31.633 ], [ -68.633, -31.633 ], [ -68.633, -31.666 ], [ -68.633, -31.699 ] ] ], [ [ [ -68.133, -31.633 ], [ -68.166, -31.633 ], [ -68.166, -31.599 ], [ -68.133, -31.599 ], [ -68.133, -31.633 ] ] ], [ [ [ -68.766, -31.566 ], [ -68.733, -31.566 ], [ -68.699, -31.566 ], [ -68.699, -31.599 ], [ -68.733, -31.599 ], [ -68.733, -31.633 ], [ -68.733, -31.666 ], [ -68.733, -31.699 ], [ -68.733, -31.733 ], [ -68.766, -31.733 ], [ -68.766, -31.699 ], [ -68.766, -31.666 ], [ -68.766, -31.633 ], [ -68.766, -31.599 ], [ -68.766, -31.566 ] ] ], [ [ [ -68.166, -31.599 ], [ -68.199, -31.599 ], [ -68.233, -31.599 ], [ -68.233, -31.566 ], [ -68.266, -31.566 ], [ -68.266, -31.533 ], [ -68.233, -31.533 ], [ -68.199, -31.533 ], [ -68.199, -31.566 ], [ -68.166, -31.566 ], [ -68.166, -31.599 ] ] ], [ [ [ -68.133, -31.633 ], [ -68.099, -31.633 ], [ -68.066, -31.633 ], [ -68.066, -31.666 ], [ -68.033, -31.666 ], [ -67.999, -31.666 ], [ -67.966, -31.666 ], [ -67.933, -31.666 ], [ -67.933, -31.633 ], [ -67.933, -31.599 ], [ -67.899, -31.599 ], [ -67.899, -31.566 ], [ -67.899, -31.533 ], [ -67.866, -31.533 ], [ -67.866, -31.566 ], [ -67.866, -31.599 ], [ -67.866, -31.633 ], [ -67.899, -31.633 ], [ -67.899, -31.666 ], [ -67.899, -31.699 ], [ -67.933, -31.699 ], [ -67.966, -31.699 ], [ -67.966, -31.733 ], [ -67.999, -31.733 ], [ -68.033, -31.733 ], [ -68.066, -31.733 ], [ -68.066, -31.699 ], [ -68.099, -31.699 ], [ -68.099, -31.666 ], [ -68.133, -31.666 ], [ -68.133, -31.633 ] ] ], [ [ [ -68.699, -31.566 ], [ -68.699, -31.533 ], [ -68.699, -31.499 ], [ -68.666, -31.499 ], [ -68.666, -31.533 ], [ -68.666, -31.566 ], [ -68.699, -31.566 ] ] ], [ [ [ -68.199, -31.466 ], [ -68.199, -31.499 ], [ -68.233, -31.499 ], [ -68.233, -31.466 ], [ -68.199, -31.466 ] ] ], [ [ [ -67.866, -31.533 ], [ -67.866, -31.499 ], [ -67.866, -31.466 ], [ -67.833, -31.466 ], [ -67.833, -31.499 ], [ -67.833, -31.533 ], [ -67.866, -31.533 ] ] ], [ [ [ -68.999, -31.499 ], [ -69.033, -31.499 ], [ -69.033, -31.466 ], [ -69.033, -31.433 ], [ -68.999, -31.433 ], [ -68.999, -31.466 ], [ -68.999, -31.499 ] ] ], [ [ [ -68.199, -31.466 ], [ -68.199, -31.433 ], [ -68.166, -31.433 ], [ -68.166, -31.466 ], [ -68.199, -31.466 ] ] ], [ [ [ -67.799, -31.433 ], [ -67.833, -31.433 ], [ -67.833, -31.399 ], [ -67.799, -31.399 ], [ -67.799, -31.433 ] ] ], [ [ [ -68.599, -31.299 ], [ -68.566, -31.299 ], [ -68.566, -31.333 ], [ -68.599, -31.333 ], [ -68.599, -31.299 ] ] ], [ [ [ -68.533, -31.366 ], [ -68.533, -31.333 ], [ -68.533, -31.299 ], [ -68.499, -31.299 ], [ -68.499, -31.333 ], [ -68.499, -31.366 ], [ -68.533, -31.366 ] ] ], [ [ [ -67.766, -31.366 ], [ -67.799, -31.366 ], [ -67.799, -31.333 ], [ -67.799, -31.299 ], [ -67.766, -31.299 ], [ -67.766, -31.333 ], [ -67.766, -31.366 ] ] ], [ [ [ -67.433, -31.299 ], [ -67.466, -31.299 ], [ -67.466, -31.266 ], [ -67.433, -31.266 ], [ -67.433, -31.299 ] ] ], [ [ [ -67.433, -31.299 ], [ -67.399, -31.299 ], [ -67.399, -31.266 ], [ -67.366, -31.266 ], [ -67.366, -31.299 ], [ -67.366, -31.333 ], [ -67.366, -31.366 ], [ -67.399, -31.366 ], [ -67.399, -31.333 ], [ -67.433, -31.333 ], [ -67.433, -31.299 ] ] ], [ [ [ -67.366, -31.266 ], [ -67.366, -31.233 ], [ -67.333, -31.233 ], [ -67.333, -31.266 ], [ -67.366, -31.266 ] ] ], [ [ [ -67.466, -31.266 ], [ -67.499, -31.266 ], [ -67.533, -31.266 ], [ -67.566, -31.266 ], [ -67.566, -31.233 ], [ -67.533, -31.233 ], [ -67.533, -31.199 ], [ -67.533, -31.166 ], [ -67.499, -31.166 ], [ -67.499, -31.199 ], [ -67.499, -31.233 ], [ -67.466, -31.233 ], [ -67.466, -31.266 ] ] ], [ [ [ -67.799, -31.099 ], [ -67.766, -31.099 ], [ -67.766, -31.133 ], [ -67.766, -31.166 ], [ -67.766, -31.199 ], [ -67.799, -31.199 ], [ -67.799, -31.166 ], [ -67.799, -31.133 ], [ -67.799, -31.099 ] ] ], [ [ [ -68.166, -31.433 ], [ -68.166, -31.399 ], [ -68.166, -31.366 ], [ -68.166, -31.333 ], [ -68.166, -31.299 ], [ -68.133, -31.299 ], [ -68.133, -31.266 ], [ -68.166, -31.266 ], [ -68.166, -31.233 ], [ -68.133, -31.233 ], [ -68.133, -31.199 ], [ -68.133, -31.166 ], [ -68.133, -31.133 ], [ -68.099, -31.133 ], [ -68.099, -31.099 ], [ -68.066, -31.099 ], [ -68.066, -31.066 ], [ -68.033, -31.066 ], [ -67.999, -31.066 ], [ -67.999, -31.099 ], [ -68.033, -31.099 ], [ -68.033, -31.133 ], [ -68.066, -31.133 ], [ -68.066, -31.166 ], [ -68.066, -31.199 ], [ -68.099, -31.199 ], [ -68.099, -31.233 ], [ -68.099, -31.266 ], [ -68.099, -31.299 ], [ -68.099, -31.333 ], [ -68.133, -31.333 ], [ -68.133, -31.366 ], [ -68.133, -31.399 ], [ -68.133, -31.433 ], [ -68.166, -31.433 ] ] ], [ [ [ -67.799, -31.099 ], [ -67.833, -31.099 ], [ -67.833, -31.066 ], [ -67.799, -31.066 ], [ -67.799, -31.099 ] ] ], [ [ [ -67.566, -31.033 ], [ -67.533, -31.033 ], [ -67.533, -31.066 ], [ -67.533, -31.099 ], [ -67.566, -31.099 ], [ -67.566, -31.066 ], [ -67.566, -31.033 ] ] ], [ [ [ -67.299, -31.199 ], [ -67.333, -31.199 ], [ -67.333, -31.166 ], [ -67.333, -31.133 ], [ -67.333, -31.099 ], [ -67.333, -31.066 ], [ -67.333, -31.033 ], [ -67.333, -30.999 ], [ -67.299, -30.999 ], [ -67.299, -31.033 ], [ -67.299, -31.066 ], [ -67.299, -31.099 ], [ -67.299, -31.133 ], [ -67.299, -31.166 ], [ -67.299, -31.199 ] ] ], [ [ [ -66.666, -31.033 ], [ -66.699, -31.033 ], [ -66.699, -30.999 ], [ -66.666, -30.999 ], [ -66.666, -31.033 ] ] ], [ [ [ -67.566, -31.033 ], [ -67.599, -31.033 ], [ -67.599, -30.999 ], [ -67.599, -30.966 ], [ -67.599, -30.933 ], [ -67.566, -30.933 ], [ -67.566, -30.966 ], [ -67.566, -30.999 ], [ -67.566, -31.033 ] ] ], [ [ [ -67.599, -30.933 ], [ -67.633, -30.933 ], [ -67.633, -30.899 ], [ -67.633, -30.866 ], [ -67.599, -30.866 ], [ -67.599, -30.899 ], [ -67.599, -30.933 ] ] ], [ [ [ -67.699, -30.833 ], [ -67.666, -30.833 ], [ -67.666, -30.866 ], [ -67.699, -30.866 ], [ -67.699, -30.833 ] ] ], [ [ [ -66.666, -31.033 ], [ -66.633, -31.033 ], [ -66.633, -30.999 ], [ -66.633, -30.966 ], [ -66.633, -30.933 ], [ -66.633, -30.899 ], [ -66.633, -30.866 ], [ -66.633, -30.833 ], [ -66.599, -30.833 ], [ -66.566, -30.833 ], [ -66.566, -30.866 ], [ -66.566, -30.899 ], [ -66.566, -30.933 ], [ -66.566, -30.966 ], [ -66.533, -30.966 ], [ -66.533, -30.933 ], [ -66.499, -30.933 ], [ -66.499, -30.899 ], [ -66.499, -30.866 ], [ -66.499, -30.833 ], [ -66.466, -30.833 ], [ -66.466, -30.866 ], [ -66.433, -30.866 ], [ -66.433, -30.899 ], [ -66.433, -30.933 ], [ -66.466, -30.933 ], [ -66.466, -30.966 ], [ -66.466, -30.999 ], [ -66.499, -30.999 ], [ -66.533, -30.999 ], [ -66.533, -31.033 ], [ -66.566, -31.033 ], [ -66.599, -31.033 ], [ -66.599, -31.066 ], [ -66.599, -31.099 ], [ -66.599, -31.133 ], [ -66.633, -31.133 ], [ -66.633, -31.166 ], [ -66.666, -31.166 ], [ -66.666, -31.133 ], [ -66.699, -31.133 ], [ -66.699, -31.099 ], [ -66.699, -31.066 ], [ -66.666, -31.066 ], [ -66.666, -31.033 ] ] ], [ [ [ -67.699, -30.833 ], [ -67.733, -30.833 ], [ -67.733, -30.799 ], [ -67.699, -30.799 ], [ -67.699, -30.833 ] ] ], [ [ [ -67.399, -30.799 ], [ -67.366, -30.799 ], [ -67.366, -30.833 ], [ -67.366, -30.866 ], [ -67.333, -30.866 ], [ -67.333, -30.899 ], [ -67.333, -30.933 ], [ -67.333, -30.966 ], [ -67.366, -30.966 ], [ -67.366, -30.933 ], [ -67.366, -30.899 ], [ -67.399, -30.899 ], [ -67.399, -30.866 ], [ -67.433, -30.866 ], [ -67.433, -30.833 ], [ -67.399, -30.833 ], [ -67.399, -30.799 ] ] ], [ [ [ -66.499, -30.833 ], [ -66.533, -30.833 ], [ -66.566, -30.833 ], [ -66.566, -30.799 ], [ -66.533, -30.799 ], [ -66.499, -30.799 ], [ -66.499, -30.833 ] ] ], [ [ [ -67.733, -30.799 ], [ -67.766, -30.799 ], [ -67.766, -30.766 ], [ -67.766, -30.733 ], [ -67.733, -30.733 ], [ -67.733, -30.766 ], [ -67.733, -30.799 ] ] ], [ [ [ -66.533, -30.733 ], [ -66.566, -30.733 ], [ -66.566, -30.699 ], [ -66.533, -30.699 ], [ -66.533, -30.733 ] ] ], [ [ [ -66.333, -30.766 ], [ -66.366, -30.766 ], [ -66.366, -30.733 ], [ -66.366, -30.699 ], [ -66.333, -30.699 ], [ -66.299, -30.699 ], [ -66.266, -30.699 ], [ -66.266, -30.733 ], [ -66.299, -30.733 ], [ -66.299, -30.766 ], [ -66.333, -30.766 ] ] ], [ [ [ -64.433, -31.166 ], [ -64.466, -31.166 ], [ -64.466, -31.133 ], [ -64.499, -31.133 ], [ -64.499, -31.166 ], [ -64.499, -31.199 ], [ -64.533, -31.199 ], [ -64.533, -31.233 ], [ -64.533, -31.266 ], [ -64.533, -31.299 ], [ -64.566, -31.299 ], [ -64.566, -31.333 ], [ -64.566, -31.366 ], [ -64.599, -31.366 ], [ -64.599, -31.399 ], [ -64.599, -31.433 ], [ -64.599, -31.466 ], [ -64.599, -31.499 ], [ -64.566, -31.499 ], [ -64.566, -31.533 ], [ -64.533, -31.533 ], [ -64.499, -31.533 ], [ -64.499, -31.566 ], [ -64.499, -31.599 ], [ -64.499, -31.633 ], [ -64.499, -31.666 ], [ -64.499, -31.699 ], [ -64.533, -31.699 ], [ -64.533, -31.733 ], [ -64.566, -31.733 ], [ -64.566, -31.766 ], [ -64.566, -31.799 ], [ -64.599, -31.799 ], [ -64.599, -31.833 ], [ -64.599, -31.866 ], [ -64.599, -31.899 ], [ -64.599, -31.933 ], [ -64.633, -31.933 ], [ -64.633, -31.966 ], [ -64.633, -31.999 ], [ -64.666, -31.999 ], [ -64.666, -32.033 ], [ -64.699, -32.033 ], [ -64.699, -32.066 ], [ -64.666, -32.066 ], [ -64.666, -32.099 ], [ -64.666, -32.133 ], [ -64.666, -32.166 ], [ -64.666, -32.199 ], [ -64.699, -32.199 ], [ -64.733, -32.199 ], [ -64.733, -32.233 ], [ -64.699, -32.233 ], [ -64.699, -32.266 ], [ -64.666, -32.266 ], [ -64.666, -32.299 ], [ -64.666, -32.333 ], [ -64.666, -32.366 ], [ -64.699, -32.366 ], [ -64.699, -32.399 ], [ -64.666, -32.399 ], [ -64.633, -32.399 ], [ -64.633, -32.433 ], [ -64.633, -32.466 ], [ -64.599, -32.466 ], [ -64.599, -32.499 ], [ -64.633, -32.499 ], [ -64.633, -32.533 ], [ -64.666, -32.533 ], [ -64.666, -32.566 ], [ -64.633, -32.566 ], [ -64.599, -32.566 ], [ -64.599, -32.599 ], [ -64.633, -32.599 ], [ -64.633, -32.633 ], [ -64.633, -32.666 ], [ -64.633, -32.699 ], [ -64.599, -32.699 ], [ -64.599, -32.733 ], [ -64.633, -32.733 ], [ -64.666, -32.733 ], [ -64.666, -32.699 ], [ -64.699, -32.699 ], [ -64.699, -32.733 ], [ -64.699, -32.766 ], [ -64.699, -32.799 ], [ -64.733, -32.799 ], [ -64.766, -32.799 ], [ -64.766, -32.833 ], [ -64.799, -32.833 ], [ -64.799, -32.866 ], [ -64.833, -32.866 ], [ -64.833, -32.899 ], [ -64.833, -32.933 ], [ -64.833, -32.966 ], [ -64.799, -32.966 ], [ -64.799, -32.999 ], [ -64.799, -33.033 ], [ -64.833, -33.033 ], [ -64.833, -33.066 ], [ -64.833, -33.099 ], [ -64.866, -33.099 ], [ -64.866, -33.133 ], [ -64.833, -33.133 ], [ -64.833, -33.166 ], [ -64.833, -33.199 ], [ -64.866, -33.199 ], [ -64.866, -33.233 ], [ -64.866, -33.266 ], [ -64.899, -33.266 ], [ -64.899, -33.299 ], [ -64.899, -33.333 ], [ -64.933, -33.333 ], [ -64.933, -33.366 ], [ -64.966, -33.366 ], [ -64.966, -33.399 ], [ -64.966, -33.433 ], [ -64.966, -33.466 ], [ -64.999, -33.466 ], [ -64.999, -33.499 ], [ -64.999, -33.533 ], [ -65.033, -33.533 ], [ -65.033, -33.566 ], [ -65.033, -33.599 ], [ -65.066, -33.599 ], [ -65.066, -33.633 ], [ -65.099, -33.633 ], [ -65.099, -33.666 ], [ -65.099, -33.699 ], [ -65.133, -33.699 ], [ -65.133, -33.733 ], [ -65.133, -33.766 ], [ -65.133, -33.799 ], [ -65.133, -33.833 ], [ -65.166, -33.833 ], [ -65.166, -33.866 ], [ -65.199, -33.866 ], [ -65.199, -33.899 ], [ -65.233, -33.899 ], [ -65.233, -33.933 ], [ -65.266, -33.933 ], [ -65.266, -33.966 ], [ -65.299, -33.966 ], [ -65.299, -33.999 ], [ -65.333, -33.999 ], [ -65.366, -33.999 ], [ -65.366, -34.033 ], [ -65.399, -34.033 ], [ -65.433, -34.033 ], [ -65.466, -34.033 ], [ -65.499, -34.033 ], [ -65.533, -34.033 ], [ -65.566, -34.033 ], [ -65.599, -34.033 ], [ -65.633, -34.033 ], [ -65.633, -33.999 ], [ -65.666, -33.999 ], [ -65.666, -33.966 ], [ -65.699, -33.966 ], [ -65.699, -33.933 ], [ -65.733, -33.933 ], [ -65.766, -33.933 ], [ -65.766, -33.899 ], [ -65.766, -33.866 ], [ -65.766, -33.833 ], [ -65.799, -33.833 ], [ -65.799, -33.799 ], [ -65.766, -33.799 ], [ -65.766, -33.766 ], [ -65.766, -33.733 ], [ -65.766, -33.699 ], [ -65.766, -33.666 ], [ -65.766, -33.633 ], [ -65.766, -33.599 ], [ -65.766, -33.566 ], [ -65.766, -33.533 ], [ -65.766, -33.499 ], [ -65.733, -33.499 ], [ -65.733, -33.466 ], [ -65.733, -33.433 ], [ -65.766, -33.433 ], [ -65.766, -33.399 ], [ -65.766, -33.366 ], [ -65.799, -33.366 ], [ -65.799, -33.333 ], [ -65.799, -33.299 ], [ -65.799, -33.266 ], [ -65.833, -33.266 ], [ -65.833, -33.233 ], [ -65.833, -33.199 ], [ -65.833, -33.166 ], [ -65.866, -33.166 ], [ -65.899, -33.166 ], [ -65.899, -33.133 ], [ -65.933, -33.133 ], [ -65.933, -33.166 ], [ -65.966, -33.166 ], [ -65.966, -33.133 ], [ -65.999, -33.133 ], [ -65.999, -33.166 ], [ -66.033, -33.166 ], [ -66.066, -33.166 ], [ -66.066, -33.199 ], [ -66.066, -33.233 ], [ -66.099, -33.233 ], [ -66.099, -33.199 ], [ -66.133, -33.199 ], [ -66.166, -33.199 ], [ -66.199, -33.199 ], [ -66.199, -33.166 ], [ -66.166, -33.166 ], [ -66.166, -33.133 ], [ -66.133, -33.133 ], [ -66.133, -33.099 ], [ -66.133, -33.066 ], [ -66.099, -33.066 ], [ -66.099, -33.033 ], [ -66.066, -33.033 ], [ -66.066, -32.999 ], [ -66.033, -32.999 ], [ -65.999, -32.999 ], [ -65.966, -32.999 ], [ -65.966, -32.966 ], [ -65.933, -32.966 ], [ -65.899, -32.966 ], [ -65.866, -32.966 ], [ -65.866, -32.999 ], [ -65.833, -32.999 ], [ -65.799, -32.999 ], [ -65.799, -32.966 ], [ -65.766, -32.966 ], [ -65.766, -32.933 ], [ -65.733, -32.933 ], [ -65.733, -32.899 ], [ -65.699, -32.899 ], [ -65.699, -32.866 ], [ -65.699, -32.833 ], [ -65.699, -32.799 ], [ -65.699, -32.766 ], [ -65.733, -32.766 ], [ -65.733, -32.733 ], [ -65.733, -32.699 ], [ -65.699, -32.699 ], [ -65.699, -32.666 ], [ -65.733, -32.666 ], [ -65.766, -32.666 ], [ -65.766, -32.633 ], [ -65.799, -32.633 ], [ -65.799, -32.599 ], [ -65.833, -32.599 ], [ -65.833, -32.566 ], [ -65.833, -32.533 ], [ -65.799, -32.533 ], [ -65.799, -32.499 ], [ -65.799, -32.466 ], [ -65.799, -32.433 ], [ -65.766, -32.433 ], [ -65.766, -32.399 ], [ -65.799, -32.399 ], [ -65.833, -32.399 ], [ -65.866, -32.399 ], [ -65.866, -32.366 ], [ -65.833, -32.366 ], [ -65.799, -32.366 ], [ -65.766, -32.366 ], [ -65.733, -32.366 ], [ -65.699, -32.366 ], [ -65.666, -32.366 ], [ -65.666, -32.399 ], [ -65.633, -32.399 ], [ -65.633, -32.366 ], [ -65.599, -32.366 ], [ -65.566, -32.366 ], [ -65.533, -32.366 ], [ -65.533, -32.399 ], [ -65.533, -32.433 ], [ -65.533, -32.466 ], [ -65.499, -32.466 ], [ -65.499, -32.499 ], [ -65.499, -32.533 ], [ -65.466, -32.533 ], [ -65.466, -32.566 ], [ -65.466, -32.599 ], [ -65.466, -32.633 ], [ -65.466, -32.666 ], [ -65.433, -32.666 ], [ -65.399, -32.666 ], [ -65.399, -32.699 ], [ -65.399, -32.733 ], [ -65.399, -32.766 ], [ -65.433, -32.766 ], [ -65.433, -32.799 ], [ -65.399, -32.799 ], [ -65.366, -32.799 ], [ -65.333, -32.799 ], [ -65.333, -32.833 ], [ -65.299, -32.833 ], [ -65.299, -32.799 ], [ -65.266, -32.799 ], [ -65.233, -32.799 ], [ -65.199, -32.799 ], [ -65.199, -32.766 ], [ -65.199, -32.733 ], [ -65.166, -32.733 ], [ -65.133, -32.733 ], [ -65.133, -32.766 ], [ -65.099, -32.766 ], [ -65.099, -32.733 ], [ -65.066, -32.733 ], [ -65.066, -32.699 ], [ -65.066, -32.666 ], [ -65.066, -32.633 ], [ -65.066, -32.599 ], [ -65.033, -32.599 ], [ -65.033, -32.566 ], [ -65.033, -32.533 ], [ -65.033, -32.499 ], [ -64.999, -32.499 ], [ -64.999, -32.466 ], [ -64.999, -32.433 ], [ -64.999, -32.399 ], [ -64.999, -32.366 ], [ -64.999, -32.333 ], [ -64.999, -32.299 ], [ -64.966, -32.299 ], [ -64.966, -32.333 ], [ -64.966, -32.366 ], [ -64.966, -32.399 ], [ -64.966, -32.433 ], [ -64.966, -32.466 ], [ -64.966, -32.499 ], [ -64.966, -32.533 ], [ -64.966, -32.566 ], [ -64.966, -32.599 ], [ -64.966, -32.633 ], [ -64.966, -32.666 ], [ -64.966, -32.699 ], [ -64.966, -32.733 ], [ -64.966, -32.766 ], [ -64.966, -32.799 ], [ -64.999, -32.799 ], [ -64.999, -32.833 ], [ -64.999, -32.866 ], [ -64.999, -32.899 ], [ -64.999, -32.933 ], [ -65.033, -32.933 ], [ -65.033, -32.966 ], [ -65.066, -32.966 ], [ -65.066, -32.999 ], [ -65.066, -33.033 ], [ -65.099, -33.033 ], [ -65.099, -33.066 ], [ -65.099, -33.099 ], [ -65.066, -33.099 ], [ -65.066, -33.133 ], [ -65.066, -33.166 ], [ -65.033, -33.166 ], [ -65.033, -33.133 ], [ -65.033, -33.099 ], [ -64.999, -33.099 ], [ -64.966, -33.099 ], [ -64.966, -33.066 ], [ -64.933, -33.066 ], [ -64.933, -33.033 ], [ -64.933, -32.999 ], [ -64.933, -32.966 ], [ -64.933, -32.933 ], [ -64.933, -32.899 ], [ -64.899, -32.899 ], [ -64.899, -32.866 ], [ -64.866, -32.866 ], [ -64.866, -32.833 ], [ -64.866, -32.799 ], [ -64.833, -32.799 ], [ -64.833, -32.766 ], [ -64.833, -32.733 ], [ -64.799, -32.733 ], [ -64.799, -32.699 ], [ -64.799, -32.666 ], [ -64.799, -32.633 ], [ -64.766, -32.633 ], [ -64.766, -32.599 ], [ -64.733, -32.599 ], [ -64.733, -32.566 ], [ -64.733, -32.533 ], [ -64.733, -32.499 ], [ -64.766, -32.499 ], [ -64.766, -32.466 ], [ -64.766, -32.433 ], [ -64.766, -32.399 ], [ -64.766, -32.366 ], [ -64.733, -32.366 ], [ -64.733, -32.333 ], [ -64.766, -32.333 ], [ -64.766, -32.299 ], [ -64.766, -32.266 ], [ -64.799, -32.266 ], [ -64.799, -32.233 ], [ -64.799, -32.199 ], [ -64.799, -32.166 ], [ -64.833, -32.166 ], [ -64.833, -32.133 ], [ -64.833, -32.099 ], [ -64.833, -32.066 ], [ -64.833, -32.033 ], [ -64.799, -32.033 ], [ -64.799, -31.999 ], [ -64.799, -31.966 ], [ -64.766, -31.966 ], [ -64.766, -31.933 ], [ -64.733, -31.933 ], [ -64.699, -31.933 ], [ -64.699, -31.899 ], [ -64.699, -31.866 ], [ -64.699, -31.833 ], [ -64.699, -31.799 ], [ -64.666, -31.799 ], [ -64.666, -31.766 ], [ -64.666, -31.733 ], [ -64.633, -31.733 ], [ -64.633, -31.699 ], [ -64.666, -31.699 ], [ -64.666, -31.666 ], [ -64.633, -31.666 ], [ -64.633, -31.633 ], [ -64.633, -31.599 ], [ -64.633, -31.566 ], [ -64.633, -31.533 ], [ -64.633, -31.499 ], [ -64.666, -31.499 ], [ -64.666, -31.466 ], [ -64.633, -31.466 ], [ -64.633, -31.433 ], [ -64.633, -31.399 ], [ -64.633, -31.366 ], [ -64.633, -31.333 ], [ -64.633, -31.299 ], [ -64.633, -31.266 ], [ -64.633, -31.233 ], [ -64.633, -31.199 ], [ -64.633, -31.166 ], [ -64.633, -31.133 ], [ -64.666, -31.133 ], [ -64.666, -31.099 ], [ -64.699, -31.099 ], [ -64.733, -31.099 ], [ -64.733, -31.066 ], [ -64.766, -31.066 ], [ -64.799, -31.066 ], [ -64.833, -31.066 ], [ -64.833, -31.033 ], [ -64.866, -31.033 ], [ -64.866, -31.066 ], [ -64.866, -31.099 ], [ -64.899, -31.099 ], [ -64.899, -31.133 ], [ -64.933, -31.133 ], [ -64.933, -31.099 ], [ -64.966, -31.099 ], [ -64.966, -31.133 ], [ -64.966, -31.166 ], [ -64.966, -31.199 ], [ -64.966, -31.233 ], [ -64.966, -31.266 ], [ -64.966, -31.299 ], [ -64.966, -31.333 ], [ -64.966, -31.366 ], [ -64.999, -31.366 ], [ -64.999, -31.399 ], [ -65.033, -31.399 ], [ -65.033, -31.433 ], [ -65.033, -31.466 ], [ -65.033, -31.499 ], [ -65.033, -31.533 ], [ -65.033, -31.566 ], [ -64.999, -31.566 ], [ -64.999, -31.599 ], [ -64.966, -31.599 ], [ -64.966, -31.633 ], [ -64.966, -31.666 ], [ -64.933, -31.666 ], [ -64.933, -31.699 ], [ -64.933, -31.733 ], [ -64.933, -31.766 ], [ -64.933, -31.799 ], [ -64.966, -31.799 ], [ -64.966, -31.766 ], [ -64.966, -31.733 ], [ -64.966, -31.699 ], [ -64.999, -31.699 ], [ -64.999, -31.666 ], [ -65.033, -31.666 ], [ -65.033, -31.699 ], [ -65.033, -31.733 ], [ -65.066, -31.733 ], [ -65.066, -31.766 ], [ -65.099, -31.766 ], [ -65.133, -31.766 ], [ -65.133, -31.733 ], [ -65.166, -31.733 ], [ -65.199, -31.733 ], [ -65.199, -31.699 ], [ -65.233, -31.699 ], [ -65.233, -31.666 ], [ -65.266, -31.666 ], [ -65.266, -31.633 ], [ -65.299, -31.633 ], [ -65.299, -31.599 ], [ -65.299, -31.566 ], [ -65.333, -31.566 ], [ -65.333, -31.533 ], [ -65.366, -31.533 ], [ -65.366, -31.499 ], [ -65.366, -31.466 ], [ -65.366, -31.433 ], [ -65.399, -31.433 ], [ -65.399, -31.399 ], [ -65.399, -31.366 ], [ -65.399, -31.333 ], [ -65.399, -31.299 ], [ -65.399, -31.266 ], [ -65.399, -31.233 ], [ -65.399, -31.199 ], [ -65.366, -31.199 ], [ -65.366, -31.166 ], [ -65.333, -31.166 ], [ -65.299, -31.166 ], [ -65.299, -31.133 ], [ -65.299, -31.099 ], [ -65.299, -31.066 ], [ -65.333, -31.066 ], [ -65.333, -31.033 ], [ -65.333, -30.999 ], [ -65.333, -30.966 ], [ -65.333, -30.933 ], [ -65.333, -30.899 ], [ -65.299, -30.899 ], [ -65.299, -30.933 ], [ -65.299, -30.966 ], [ -65.299, -30.999 ], [ -65.299, -31.033 ], [ -65.266, -31.033 ], [ -65.266, -31.066 ], [ -65.266, -31.099 ], [ -65.266, -31.133 ], [ -65.233, -31.133 ], [ -65.233, -31.166 ], [ -65.233, -31.199 ], [ -65.233, -31.233 ], [ -65.199, -31.233 ], [ -65.199, -31.266 ], [ -65.166, -31.266 ], [ -65.133, -31.266 ], [ -65.099, -31.266 ], [ -65.099, -31.299 ], [ -65.066, -31.299 ], [ -65.066, -31.266 ], [ -65.033, -31.266 ], [ -65.033, -31.233 ], [ -65.033, -31.199 ], [ -65.033, -31.166 ], [ -64.999, -31.166 ], [ -64.999, -31.133 ], [ -64.999, -31.099 ], [ -64.999, -31.066 ], [ -64.966, -31.066 ], [ -64.966, -31.033 ], [ -64.933, -31.033 ], [ -64.933, -30.999 ], [ -64.899, -30.999 ], [ -64.899, -30.966 ], [ -64.899, -30.933 ], [ -64.899, -30.899 ], [ -64.866, -30.899 ], [ -64.833, -30.899 ], [ -64.833, -30.933 ], [ -64.833, -30.966 ], [ -64.799, -30.966 ], [ -64.799, -30.933 ], [ -64.766, -30.933 ], [ -64.733, -30.933 ], [ -64.733, -30.966 ], [ -64.699, -30.966 ], [ -64.666, -30.966 ], [ -64.633, -30.966 ], [ -64.633, -30.999 ], [ -64.599, -30.999 ], [ -64.599, -30.966 ], [ -64.599, -30.933 ], [ -64.599, -30.899 ], [ -64.599, -30.866 ], [ -64.633, -30.866 ], [ -64.633, -30.833 ], [ -64.599, -30.833 ], [ -64.566, -30.833 ], [ -64.566, -30.799 ], [ -64.533, -30.799 ], [ -64.533, -30.766 ], [ -64.566, -30.766 ], [ -64.566, -30.733 ], [ -64.566, -30.699 ], [ -64.533, -30.699 ], [ -64.533, -30.733 ], [ -64.499, -30.733 ], [ -64.499, -30.766 ], [ -64.466, -30.766 ], [ -64.466, -30.799 ], [ -64.499, -30.799 ], [ -64.499, -30.833 ], [ -64.499, -30.866 ], [ -64.499, -30.899 ], [ -64.499, -30.933 ], [ -64.499, -30.966 ], [ -64.499, -30.999 ], [ -64.466, -30.999 ], [ -64.466, -31.033 ], [ -64.466, -31.066 ], [ -64.466, -31.099 ], [ -64.433, -31.099 ], [ -64.433, -31.133 ], [ -64.433, -31.166 ] ], [ [ -65.266, -31.299 ], [ -65.266, -31.333 ], [ -65.233, -31.333 ], [ -65.233, -31.299 ], [ -65.266, -31.299 ] ], [ [ -65.166, -33.133 ], [ -65.166, -33.099 ], [ -65.199, -33.099 ], [ -65.233, -33.099 ], [ -65.266, -33.099 ], [ -65.299, -33.099 ], [ -65.299, -33.066 ], [ -65.333, -33.066 ], [ -65.366, -33.066 ], [ -65.399, -33.066 ], [ -65.433, -33.066 ], [ -65.433, -33.099 ], [ -65.466, -33.099 ], [ -65.499, -33.099 ], [ -65.499, -33.133 ], [ -65.499, -33.166 ], [ -65.499, -33.199 ], [ -65.499, -33.233 ], [ -65.499, -33.266 ], [ -65.533, -33.266 ], [ -65.533, -33.299 ], [ -65.533, -33.333 ], [ -65.499, -33.333 ], [ -65.499, -33.366 ], [ -65.466, -33.366 ], [ -65.433, -33.366 ], [ -65.399, -33.366 ], [ -65.366, -33.366 ], [ -65.366, -33.333 ], [ -65.333, -33.333 ], [ -65.299, -33.333 ], [ -65.299, -33.299 ], [ -65.266, -33.299 ], [ -65.266, -33.266 ], [ -65.233, -33.266 ], [ -65.233, -33.233 ], [ -65.233, -33.199 ], [ -65.199, -33.199 ], [ -65.199, -33.166 ], [ -65.166, -33.166 ], [ -65.166, -33.133 ] ] ], [ [ [ -64.566, -31.033 ], [ -64.533, -31.033 ], [ -64.533, -30.999 ], [ -64.566, -30.999 ], [ -64.566, -31.033 ], [ -64.599, -31.033 ], [ -64.599, -31.066 ], [ -64.599, -31.099 ], [ -64.599, -31.133 ], [ -64.566, -31.133 ], [ -64.566, -31.099 ], [ -64.566, -31.066 ], [ -64.566, -31.033 ] ] ], [ [ [ -65.466, -32.833 ], [ -65.466, -32.799 ], [ -65.499, -32.799 ], [ -65.499, -32.833 ], [ -65.466, -32.833 ] ] ], [ [ [ -67.799, -30.666 ], [ -67.766, -30.666 ], [ -67.766, -30.699 ], [ -67.799, -30.699 ], [ -67.799, -30.666 ] ] ], [ [ [ -66.599, -30.799 ], [ -66.633, -30.799 ], [ -66.633, -30.766 ], [ -66.633, -30.733 ], [ -66.633, -30.699 ], [ -66.633, -30.666 ], [ -66.633, -30.633 ], [ -66.599, -30.633 ], [ -66.599, -30.599 ], [ -66.566, -30.599 ], [ -66.566, -30.633 ], [ -66.566, -30.666 ], [ -66.599, -30.666 ], [ -66.599, -30.699 ], [ -66.599, -30.733 ], [ -66.599, -30.766 ], [ -66.599, -30.799 ] ] ], [ [ [ -67.799, -30.666 ], [ -67.833, -30.666 ], [ -67.833, -30.633 ], [ -67.833, -30.599 ], [ -67.833, -30.566 ], [ -67.833, -30.533 ], [ -67.799, -30.533 ], [ -67.799, -30.566 ], [ -67.799, -30.599 ], [ -67.799, -30.633 ], [ -67.799, -30.666 ] ] ], [ [ [ -67.833, -30.499 ], [ -67.866, -30.499 ], [ -67.866, -30.466 ], [ -67.866, -30.433 ], [ -67.833, -30.433 ], [ -67.833, -30.466 ], [ -67.833, -30.499 ] ] ], [ [ [ -66.399, -30.433 ], [ -66.366, -30.433 ], [ -66.366, -30.466 ], [ -66.399, -30.466 ], [ -66.399, -30.433 ] ] ], [ [ [ -67.899, -30.333 ], [ -67.866, -30.333 ], [ -67.866, -30.366 ], [ -67.866, -30.399 ], [ -67.899, -30.399 ], [ -67.899, -30.366 ], [ -67.899, -30.333 ] ] ], [ [ [ -66.399, -30.433 ], [ -66.433, -30.433 ], [ -66.433, -30.466 ], [ -66.433, -30.499 ], [ -66.433, -30.533 ], [ -66.433, -30.566 ], [ -66.433, -30.599 ], [ -66.399, -30.599 ], [ -66.366, -30.599 ], [ -66.366, -30.633 ], [ -66.333, -30.633 ], [ -66.333, -30.599 ], [ -66.333, -30.566 ], [ -66.333, -30.533 ], [ -66.299, -30.533 ], [ -66.299, -30.566 ], [ -66.299, -30.599 ], [ -66.299, -30.633 ], [ -66.299, -30.666 ], [ -66.333, -30.666 ], [ -66.366, -30.666 ], [ -66.399, -30.666 ], [ -66.433, -30.666 ], [ -66.433, -30.633 ], [ -66.466, -30.633 ], [ -66.466, -30.599 ], [ -66.466, -30.566 ], [ -66.466, -30.533 ], [ -66.466, -30.499 ], [ -66.466, -30.466 ], [ -66.499, -30.466 ], [ -66.499, -30.433 ], [ -66.499, -30.399 ], [ -66.499, -30.366 ], [ -66.499, -30.333 ], [ -66.466, -30.333 ], [ -66.466, -30.366 ], [ -66.433, -30.366 ], [ -66.433, -30.399 ], [ -66.399, -30.399 ], [ -66.399, -30.433 ] ] ], [ [ [ -67.899, -30.333 ], [ -67.933, -30.333 ], [ -67.966, -30.333 ], [ -67.966, -30.299 ], [ -67.966, -30.266 ], [ -67.933, -30.266 ], [ -67.933, -30.299 ], [ -67.899, -30.299 ], [ -67.899, -30.333 ] ] ], [ [ [ -67.999, -30.233 ], [ -68.033, -30.233 ], [ -68.033, -30.199 ], [ -67.999, -30.199 ], [ -67.999, -30.233 ] ] ], [ [ [ -68.033, -30.133 ], [ -67.999, -30.133 ], [ -67.999, -30.166 ], [ -68.033, -30.166 ], [ -68.033, -30.133 ] ] ], [ [ [ -68.033, -30.133 ], [ -68.066, -30.133 ], [ -68.066, -30.099 ], [ -68.033, -30.099 ], [ -68.033, -30.133 ] ] ], [ [ [ -67.899, -30.099 ], [ -67.933, -30.099 ], [ -67.933, -30.066 ], [ -67.899, -30.066 ], [ -67.899, -30.099 ] ] ], [ [ [ -67.233, -30.166 ], [ -67.233, -30.133 ], [ -67.233, -30.099 ], [ -67.233, -30.066 ], [ -67.199, -30.066 ], [ -67.199, -30.099 ], [ -67.199, -30.133 ], [ -67.199, -30.166 ], [ -67.233, -30.166 ] ] ], [ [ [ -68.099, -30.033 ], [ -68.066, -30.033 ], [ -68.066, -30.066 ], [ -68.099, -30.066 ], [ -68.099, -30.033 ] ] ], [ [ [ -67.233, -30.166 ], [ -67.233, -30.199 ], [ -67.266, -30.199 ], [ -67.299, -30.199 ], [ -67.333, -30.199 ], [ -67.333, -30.233 ], [ -67.366, -30.233 ], [ -67.366, -30.266 ], [ -67.366, -30.299 ], [ -67.366, -30.333 ], [ -67.399, -30.333 ], [ -67.399, -30.366 ], [ -67.433, -30.366 ], [ -67.433, -30.333 ], [ -67.466, -30.333 ], [ -67.466, -30.366 ], [ -67.499, -30.366 ], [ -67.499, -30.399 ], [ -67.533, -30.399 ], [ -67.533, -30.433 ], [ -67.566, -30.433 ], [ -67.566, -30.466 ], [ -67.599, -30.466 ], [ -67.599, -30.499 ], [ -67.633, -30.499 ], [ -67.633, -30.533 ], [ -67.599, -30.533 ], [ -67.599, -30.566 ], [ -67.599, -30.599 ], [ -67.566, -30.599 ], [ -67.533, -30.599 ], [ -67.499, -30.599 ], [ -67.499, -30.633 ], [ -67.466, -30.633 ], [ -67.466, -30.666 ], [ -67.466, -30.699 ], [ -67.433, -30.699 ], [ -67.433, -30.733 ], [ -67.433, -30.766 ], [ -67.399, -30.766 ], [ -67.399, -30.799 ], [ -67.433, -30.799 ], [ -67.466, -30.799 ], [ -67.499, -30.799 ], [ -67.499, -30.766 ], [ -67.533, -30.766 ], [ -67.533, -30.733 ], [ -67.566, -30.733 ], [ -67.566, -30.699 ], [ -67.599, -30.699 ], [ -67.599, -30.666 ], [ -67.633, -30.666 ], [ -67.633, -30.633 ], [ -67.633, -30.599 ], [ -67.633, -30.566 ], [ -67.666, -30.566 ], [ -67.666, -30.533 ], [ -67.666, -30.499 ], [ -67.666, -30.466 ], [ -67.666, -30.433 ], [ -67.666, -30.399 ], [ -67.699, -30.399 ], [ -67.699, -30.366 ], [ -67.699, -30.333 ], [ -67.699, -30.299 ], [ -67.699, -30.266 ], [ -67.733, -30.266 ], [ -67.733, -30.233 ], [ -67.699, -30.233 ], [ -67.699, -30.199 ], [ -67.666, -30.199 ], [ -67.633, -30.199 ], [ -67.633, -30.233 ], [ -67.599, -30.233 ], [ -67.599, -30.199 ], [ -67.599, -30.166 ], [ -67.566, -30.166 ], [ -67.566, -30.133 ], [ -67.566, -30.099 ], [ -67.533, -30.099 ], [ -67.533, -30.066 ], [ -67.499, -30.066 ], [ -67.466, -30.066 ], [ -67.466, -30.099 ], [ -67.433, -30.099 ], [ -67.399, -30.099 ], [ -67.399, -30.066 ], [ -67.399, -30.033 ], [ -67.366, -30.033 ], [ -67.366, -29.999 ], [ -67.333, -29.999 ], [ -67.333, -30.033 ], [ -67.333, -30.066 ], [ -67.299, -30.066 ], [ -67.299, -30.099 ], [ -67.266, -30.099 ], [ -67.266, -30.133 ], [ -67.266, -30.166 ], [ -67.233, -30.166 ] ] ], [ [ [ -67.566, -30.633 ], [ -67.566, -30.666 ], [ -67.533, -30.666 ], [ -67.533, -30.633 ], [ -67.566, -30.633 ] ] ], [ [ [ -68.033, -29.966 ], [ -67.999, -29.966 ], [ -67.999, -29.999 ], [ -68.033, -29.999 ], [ -68.033, -29.966 ] ] ], [ [ [ -67.266, -29.966 ], [ -67.299, -29.966 ], [ -67.299, -29.933 ], [ -67.299, -29.899 ], [ -67.299, -29.866 ], [ -67.299, -29.833 ], [ -67.266, -29.833 ], [ -67.266, -29.866 ], [ -67.266, -29.899 ], [ -67.266, -29.933 ], [ -67.266, -29.966 ] ] ], [ [ [ -67.099, -29.866 ], [ -67.133, -29.866 ], [ -67.133, -29.833 ], [ -67.133, -29.799 ], [ -67.099, -29.799 ], [ -67.099, -29.833 ], [ -67.099, -29.866 ] ] ], [ [ [ -67.033, -29.833 ], [ -67.066, -29.833 ], [ -67.066, -29.799 ], [ -67.033, -29.799 ], [ -67.033, -29.833 ] ] ], [ [ [ -67.033, -29.833 ], [ -66.999, -29.833 ], [ -66.999, -29.799 ], [ -66.966, -29.799 ], [ -66.966, -29.833 ], [ -66.966, -29.866 ], [ -66.999, -29.866 ], [ -67.033, -29.866 ], [ -67.033, -29.833 ] ] ], [ [ [ -67.399, -29.733 ], [ -67.366, -29.733 ], [ -67.366, -29.766 ], [ -67.399, -29.766 ], [ -67.399, -29.733 ] ] ], [ [ [ -67.399, -29.733 ], [ -67.433, -29.733 ], [ -67.433, -29.699 ], [ -67.399, -29.699 ], [ -67.399, -29.733 ] ] ], [ [ [ -67.433, -29.699 ], [ -67.466, -29.699 ], [ -67.466, -29.666 ], [ -67.433, -29.666 ], [ -67.433, -29.699 ] ] ], [ [ [ -67.466, -29.666 ], [ -67.499, -29.666 ], [ -67.499, -29.633 ], [ -67.499, -29.599 ], [ -67.466, -29.599 ], [ -67.466, -29.633 ], [ -67.466, -29.666 ] ] ], [ [ [ -66.966, -29.533 ], [ -66.966, -29.566 ], [ -66.966, -29.599 ], [ -66.966, -29.633 ], [ -66.966, -29.666 ], [ -66.966, -29.699 ], [ -66.999, -29.699 ], [ -66.999, -29.666 ], [ -66.999, -29.633 ], [ -66.999, -29.599 ], [ -66.999, -29.566 ], [ -66.999, -29.533 ], [ -66.966, -29.533 ] ] ], [ [ [ -67.166, -29.533 ], [ -67.166, -29.566 ], [ -67.133, -29.566 ], [ -67.099, -29.566 ], [ -67.099, -29.599 ], [ -67.099, -29.633 ], [ -67.099, -29.666 ], [ -67.099, -29.699 ], [ -67.099, -29.733 ], [ -67.133, -29.733 ], [ -67.133, -29.699 ], [ -67.166, -29.699 ], [ -67.166, -29.666 ], [ -67.166, -29.633 ], [ -67.166, -29.599 ], [ -67.199, -29.599 ], [ -67.199, -29.566 ], [ -67.199, -29.533 ], [ -67.199, -29.499 ], [ -67.166, -29.499 ], [ -67.166, -29.533 ] ] ], [ [ [ -66.966, -29.533 ], [ -66.966, -29.499 ], [ -66.933, -29.499 ], [ -66.933, -29.533 ], [ -66.966, -29.533 ] ] ], [ [ [ -63.933, -29.533 ], [ -63.966, -29.533 ], [ -63.966, -29.499 ], [ -63.933, -29.499 ], [ -63.933, -29.533 ] ] ], [ [ [ -64.433, -31.166 ], [ -64.399, -31.166 ], [ -64.399, -31.133 ], [ -64.399, -31.099 ], [ -64.366, -31.099 ], [ -64.366, -31.066 ], [ -64.366, -31.033 ], [ -64.366, -30.999 ], [ -64.333, -30.999 ], [ -64.333, -30.966 ], [ -64.333, -30.933 ], [ -64.333, -30.899 ], [ -64.333, -30.866 ], [ -64.333, -30.833 ], [ -64.333, -30.799 ], [ -64.333, -30.766 ], [ -64.333, -30.733 ], [ -64.333, -30.699 ], [ -64.333, -30.666 ], [ -64.366, -30.666 ], [ -64.399, -30.666 ], [ -64.399, -30.633 ], [ -64.433, -30.633 ], [ -64.433, -30.666 ], [ -64.433, -30.699 ], [ -64.466, -30.699 ], [ -64.499, -30.699 ], [ -64.533, -30.699 ], [ -64.533, -30.666 ], [ -64.566, -30.666 ], [ -64.566, -30.699 ], [ -64.599, -30.699 ], [ -64.599, -30.666 ], [ -64.599, -30.633 ], [ -64.566, -30.633 ], [ -64.566, -30.599 ], [ -64.533, -30.599 ], [ -64.499, -30.599 ], [ -64.499, -30.566 ], [ -64.499, -30.533 ], [ -64.499, -30.499 ], [ -64.466, -30.499 ], [ -64.433, -30.499 ], [ -64.399, -30.499 ], [ -64.366, -30.499 ], [ -64.333, -30.499 ], [ -64.333, -30.466 ], [ -64.299, -30.466 ], [ -64.299, -30.433 ], [ -64.299, -30.399 ], [ -64.299, -30.366 ], [ -64.299, -30.333 ], [ -64.299, -30.299 ], [ -64.333, -30.299 ], [ -64.333, -30.266 ], [ -64.333, -30.233 ], [ -64.333, -30.199 ], [ -64.299, -30.199 ], [ -64.299, -30.166 ], [ -64.299, -30.133 ], [ -64.333, -30.133 ], [ -64.333, -30.099 ], [ -64.299, -30.099 ], [ -64.299, -30.066 ], [ -64.299, -30.033 ], [ -64.266, -30.033 ], [ -64.266, -29.999 ], [ -64.266, -29.966 ], [ -64.266, -29.933 ], [ -64.233, -29.933 ], [ -64.233, -29.899 ], [ -64.199, -29.899 ], [ -64.199, -29.866 ], [ -64.199, -29.833 ], [ -64.199, -29.799 ], [ -64.166, -29.799 ], [ -64.166, -29.766 ], [ -64.133, -29.766 ], [ -64.099, -29.766 ], [ -64.066, -29.766 ], [ -64.066, -29.733 ], [ -64.066, -29.699 ], [ -64.033, -29.699 ], [ -64.033, -29.666 ], [ -63.999, -29.666 ], [ -63.999, -29.633 ], [ -63.999, -29.599 ], [ -63.966, -29.599 ], [ -63.966, -29.566 ], [ -63.933, -29.566 ], [ -63.933, -29.533 ], [ -63.899, -29.533 ], [ -63.899, -29.499 ], [ -63.866, -29.499 ], [ -63.833, -29.499 ], [ -63.799, -29.499 ], [ -63.799, -29.466 ], [ -63.766, -29.466 ], [ -63.766, -29.499 ], [ -63.733, -29.499 ], [ -63.733, -29.533 ], [ -63.733, -29.566 ], [ -63.699, -29.566 ], [ -63.666, -29.566 ], [ -63.666, -29.599 ], [ -63.666, -29.633 ], [ -63.666, -29.666 ], [ -63.666, -29.699 ], [ -63.666, -29.733 ], [ -63.666, -29.766 ], [ -63.699, -29.766 ], [ -63.733, -29.766 ], [ -63.733, -29.799 ], [ -63.699, -29.799 ], [ -63.699, -29.833 ], [ -63.733, -29.833 ], [ -63.733, -29.866 ], [ -63.766, -29.866 ], [ -63.799, -29.866 ], [ -63.833, -29.866 ], [ -63.833, -29.899 ], [ -63.833, -29.933 ], [ -63.833, -29.966 ], [ -63.833, -29.999 ], [ -63.833, -30.033 ], [ -63.833, -30.066 ], [ -63.866, -30.066 ], [ -63.866, -30.099 ], [ -63.899, -30.099 ], [ -63.899, -30.133 ], [ -63.899, -30.166 ], [ -63.899, -30.199 ], [ -63.933, -30.199 ], [ -63.933, -30.233 ], [ -63.933, -30.266 ], [ -63.966, -30.266 ], [ -63.999, -30.266 ], [ -64.033, -30.266 ], [ -64.033, -30.299 ], [ -64.066, -30.299 ], [ -64.066, -30.333 ], [ -64.099, -30.333 ], [ -64.099, -30.366 ], [ -64.099, -30.399 ], [ -64.133, -30.399 ], [ -64.133, -30.433 ], [ -64.166, -30.433 ], [ -64.166, -30.466 ], [ -64.166, -30.499 ], [ -64.199, -30.499 ], [ -64.233, -30.499 ], [ -64.266, -30.499 ], [ -64.266, -30.533 ], [ -64.266, -30.566 ], [ -64.266, -30.599 ], [ -64.233, -30.599 ], [ -64.233, -30.633 ], [ -64.233, -30.666 ], [ -64.233, -30.699 ], [ -64.233, -30.733 ], [ -64.233, -30.766 ], [ -64.233, -30.799 ], [ -64.233, -30.833 ], [ -64.266, -30.833 ], [ -64.266, -30.866 ], [ -64.266, -30.899 ], [ -64.266, -30.933 ], [ -64.299, -30.933 ], [ -64.299, -30.966 ], [ -64.299, -30.999 ], [ -64.299, -31.033 ], [ -64.299, -31.066 ], [ -64.333, -31.066 ], [ -64.333, -31.099 ], [ -64.333, -31.133 ], [ -64.333, -31.166 ], [ -64.366, -31.166 ], [ -64.366, -31.199 ], [ -64.366, -31.233 ], [ -64.399, -31.233 ], [ -64.399, -31.266 ], [ -64.399, -31.299 ], [ -64.399, -31.333 ], [ -64.433, -31.333 ], [ -64.433, -31.299 ], [ -64.433, -31.266 ], [ -64.433, -31.233 ], [ -64.433, -31.199 ], [ -64.433, -31.166 ] ], [ [ -64.133, -30.233 ], [ -64.133, -30.199 ], [ -64.166, -30.199 ], [ -64.199, -30.199 ], [ -64.199, -30.233 ], [ -64.233, -30.233 ], [ -64.233, -30.266 ], [ -64.233, -30.299 ], [ -64.199, -30.299 ], [ -64.199, -30.266 ], [ -64.166, -30.266 ], [ -64.166, -30.233 ], [ -64.133, -30.233 ] ], [ [ -64.099, -29.966 ], [ -64.066, -29.966 ], [ -64.066, -29.933 ], [ -64.099, -29.933 ], [ -64.099, -29.966 ], [ -64.133, -29.966 ], [ -64.133, -29.999 ], [ -64.166, -29.999 ], [ -64.166, -30.033 ], [ -64.199, -30.033 ], [ -64.199, -30.066 ], [ -64.233, -30.066 ], [ -64.233, -30.099 ], [ -64.199, -30.099 ], [ -64.199, -30.133 ], [ -64.166, -30.133 ], [ -64.166, -30.099 ], [ -64.166, -30.066 ], [ -64.133, -30.066 ], [ -64.099, -30.066 ], [ -64.099, -30.033 ], [ -64.099, -29.999 ], [ -64.099, -29.966 ] ] ], [ [ [ -67.199, -29.466 ], [ -67.233, -29.466 ], [ -67.233, -29.433 ], [ -67.233, -29.399 ], [ -67.199, -29.399 ], [ -67.199, -29.433 ], [ -67.199, -29.466 ] ] ], [ [ [ -68.466, -29.499 ], [ -68.499, -29.499 ], [ -68.533, -29.499 ], [ -68.566, -29.499 ], [ -68.566, -29.533 ], [ -68.566, -29.566 ], [ -68.566, -29.599 ], [ -68.533, -29.599 ], [ -68.533, -29.633 ], [ -68.533, -29.666 ], [ -68.499, -29.666 ], [ -68.499, -29.699 ], [ -68.466, -29.699 ], [ -68.466, -29.733 ], [ -68.466, -29.766 ], [ -68.433, -29.766 ], [ -68.433, -29.799 ], [ -68.433, -29.833 ], [ -68.433, -29.866 ], [ -68.433, -29.899 ], [ -68.433, -29.933 ], [ -68.433, -29.966 ], [ -68.399, -29.966 ], [ -68.399, -29.999 ], [ -68.399, -30.033 ], [ -68.366, -30.033 ], [ -68.333, -30.033 ], [ -68.333, -30.066 ], [ -68.333, -30.099 ], [ -68.366, -30.099 ], [ -68.399, -30.099 ], [ -68.433, -30.099 ], [ -68.433, -30.066 ], [ -68.466, -30.066 ], [ -68.466, -30.099 ], [ -68.499, -30.099 ], [ -68.499, -30.133 ], [ -68.499, -30.166 ], [ -68.499, -30.199 ], [ -68.466, -30.199 ], [ -68.466, -30.233 ], [ -68.499, -30.233 ], [ -68.499, -30.266 ], [ -68.466, -30.266 ], [ -68.433, -30.266 ], [ -68.399, -30.266 ], [ -68.366, -30.266 ], [ -68.366, -30.299 ], [ -68.399, -30.299 ], [ -68.399, -30.333 ], [ -68.399, -30.366 ], [ -68.433, -30.366 ], [ -68.433, -30.399 ], [ -68.433, -30.433 ], [ -68.466, -30.433 ], [ -68.466, -30.466 ], [ -68.466, -30.499 ], [ -68.466, -30.533 ], [ -68.466, -30.566 ], [ -68.499, -30.566 ], [ -68.499, -30.599 ], [ -68.533, -30.599 ], [ -68.566, -30.599 ], [ -68.566, -30.566 ], [ -68.599, -30.566 ], [ -68.633, -30.566 ], [ -68.633, -30.533 ], [ -68.633, -30.499 ], [ -68.633, -30.466 ], [ -68.666, -30.466 ], [ -68.666, -30.499 ], [ -68.666, -30.533 ], [ -68.666, -30.566 ], [ -68.633, -30.566 ], [ -68.633, -30.599 ], [ -68.633, -30.633 ], [ -68.633, -30.666 ], [ -68.633, -30.699 ], [ -68.633, -30.733 ], [ -68.633, -30.766 ], [ -68.599, -30.766 ], [ -68.599, -30.799 ], [ -68.566, -30.799 ], [ -68.533, -30.799 ], [ -68.533, -30.766 ], [ -68.533, -30.733 ], [ -68.533, -30.699 ], [ -68.499, -30.699 ], [ -68.466, -30.699 ], [ -68.433, -30.699 ], [ -68.433, -30.733 ], [ -68.399, -30.733 ], [ -68.399, -30.766 ], [ -68.433, -30.766 ], [ -68.433, -30.799 ], [ -68.433, -30.833 ], [ -68.399, -30.833 ], [ -68.399, -30.866 ], [ -68.433, -30.866 ], [ -68.433, -30.899 ], [ -68.433, -30.933 ], [ -68.433, -30.966 ], [ -68.433, -30.999 ], [ -68.466, -30.999 ], [ -68.466, -31.033 ], [ -68.466, -31.066 ], [ -68.433, -31.066 ], [ -68.433, -31.099 ], [ -68.433, -31.133 ], [ -68.399, -31.133 ], [ -68.399, -31.166 ], [ -68.399, -31.199 ], [ -68.433, -31.199 ], [ -68.433, -31.233 ], [ -68.433, -31.266 ], [ -68.466, -31.266 ], [ -68.466, -31.299 ], [ -68.499, -31.299 ], [ -68.499, -31.266 ], [ -68.499, -31.233 ], [ -68.466, -31.233 ], [ -68.466, -31.199 ], [ -68.466, -31.166 ], [ -68.499, -31.166 ], [ -68.499, -31.133 ], [ -68.499, -31.099 ], [ -68.533, -31.099 ], [ -68.533, -31.133 ], [ -68.566, -31.133 ], [ -68.566, -31.166 ], [ -68.566, -31.199 ], [ -68.599, -31.199 ], [ -68.599, -31.233 ], [ -68.599, -31.266 ], [ -68.599, -31.299 ], [ -68.633, -31.299 ], [ -68.633, -31.333 ], [ -68.633, -31.366 ], [ -68.599, -31.366 ], [ -68.566, -31.366 ], [ -68.533, -31.366 ], [ -68.533, -31.399 ], [ -68.566, -31.399 ], [ -68.566, -31.433 ], [ -68.566, -31.466 ], [ -68.599, -31.466 ], [ -68.599, -31.499 ], [ -68.633, -31.499 ], [ -68.666, -31.499 ], [ -68.666, -31.466 ], [ -68.666, -31.433 ], [ -68.699, -31.433 ], [ -68.699, -31.466 ], [ -68.733, -31.466 ], [ -68.733, -31.499 ], [ -68.766, -31.499 ], [ -68.766, -31.533 ], [ -68.766, -31.566 ], [ -68.799, -31.566 ], [ -68.799, -31.533 ], [ -68.833, -31.533 ], [ -68.866, -31.533 ], [ -68.899, -31.533 ], [ -68.899, -31.499 ], [ -68.866, -31.499 ], [ -68.833, -31.499 ], [ -68.799, -31.499 ], [ -68.799, -31.466 ], [ -68.766, -31.466 ], [ -68.766, -31.433 ], [ -68.766, -31.399 ], [ -68.733, -31.399 ], [ -68.733, -31.366 ], [ -68.733, -31.333 ], [ -68.733, -31.299 ], [ -68.733, -31.266 ], [ -68.699, -31.266 ], [ -68.699, -31.233 ], [ -68.699, -31.199 ], [ -68.699, -31.166 ], [ -68.666, -31.166 ], [ -68.666, -31.133 ], [ -68.666, -31.099 ], [ -68.699, -31.099 ], [ -68.699, -31.066 ], [ -68.699, -31.033 ], [ -68.699, -30.999 ], [ -68.699, -30.966 ], [ -68.699, -30.933 ], [ -68.666, -30.933 ], [ -68.666, -30.899 ], [ -68.699, -30.899 ], [ -68.699, -30.866 ], [ -68.699, -30.833 ], [ -68.699, -30.799 ], [ -68.733, -30.799 ], [ -68.733, -30.766 ], [ -68.699, -30.766 ], [ -68.699, -30.733 ], [ -68.699, -30.699 ], [ -68.699, -30.666 ], [ -68.699, -30.633 ], [ -68.733, -30.633 ], [ -68.733, -30.599 ], [ -68.733, -30.566 ], [ -68.766, -30.566 ], [ -68.766, -30.533 ], [ -68.733, -30.533 ], [ -68.733, -30.499 ], [ -68.733, -30.466 ], [ -68.766, -30.466 ], [ -68.766, -30.433 ], [ -68.766, -30.399 ], [ -68.766, -30.366 ], [ -68.733, -30.366 ], [ -68.733, -30.333 ], [ -68.733, -30.299 ], [ -68.766, -30.299 ], [ -68.766, -30.266 ], [ -68.766, -30.233 ], [ -68.799, -30.233 ], [ -68.799, -30.199 ], [ -68.799, -30.166 ], [ -68.766, -30.166 ], [ -68.766, -30.133 ], [ -68.733, -30.133 ], [ -68.733, -30.099 ], [ -68.733, -30.066 ], [ -68.733, -30.033 ], [ -68.699, -30.033 ], [ -68.699, -29.999 ], [ -68.666, -29.999 ], [ -68.666, -30.033 ], [ -68.633, -30.033 ], [ -68.633, -30.066 ], [ -68.633, -30.099 ], [ -68.633, -30.133 ], [ -68.599, -30.133 ], [ -68.599, -30.099 ], [ -68.566, -30.099 ], [ -68.566, -30.066 ], [ -68.533, -30.066 ], [ -68.533, -30.033 ], [ -68.499, -30.033 ], [ -68.499, -29.999 ], [ -68.499, -29.966 ], [ -68.499, -29.933 ], [ -68.499, -29.899 ], [ -68.499, -29.866 ], [ -68.466, -29.866 ], [ -68.466, -29.833 ], [ -68.499, -29.833 ], [ -68.499, -29.799 ], [ -68.499, -29.766 ], [ -68.499, -29.733 ], [ -68.533, -29.733 ], [ -68.533, -29.699 ], [ -68.566, -29.699 ], [ -68.566, -29.666 ], [ -68.599, -29.666 ], [ -68.599, -29.633 ], [ -68.599, -29.599 ], [ -68.633, -29.599 ], [ -68.633, -29.566 ], [ -68.633, -29.533 ], [ -68.633, -29.499 ], [ -68.633, -29.466 ], [ -68.633, -29.433 ], [ -68.633, -29.399 ], [ -68.599, -29.399 ], [ -68.599, -29.366 ], [ -68.566, -29.366 ], [ -68.533, -29.366 ], [ -68.533, -29.399 ], [ -68.499, -29.399 ], [ -68.499, -29.433 ], [ -68.499, -29.466 ], [ -68.466, -29.466 ], [ -68.466, -29.499 ] ], [ [ -68.599, -30.999 ], [ -68.599, -31.033 ], [ -68.566, -31.033 ], [ -68.566, -30.999 ], [ -68.566, -30.966 ], [ -68.599, -30.966 ], [ -68.599, -30.999 ] ] ], [ [ [ -68.566, -30.199 ], [ -68.599, -30.199 ], [ -68.599, -30.233 ], [ -68.599, -30.266 ], [ -68.599, -30.299 ], [ -68.566, -30.299 ], [ -68.566, -30.266 ], [ -68.566, -30.233 ], [ -68.566, -30.199 ], [ -68.533, -30.199 ], [ -68.533, -30.166 ], [ -68.566, -30.166 ], [ -68.566, -30.199 ] ] ], [ [ [ -68.499, -30.799 ], [ -68.499, -30.833 ], [ -68.499, -30.866 ], [ -68.499, -30.899 ], [ -68.499, -30.933 ], [ -68.466, -30.933 ], [ -68.466, -30.899 ], [ -68.466, -30.866 ], [ -68.466, -30.833 ], [ -68.466, -30.799 ], [ -68.499, -30.799 ] ] ], [ [ [ -66.966, -29.399 ], [ -66.999, -29.399 ], [ -66.999, -29.366 ], [ -66.966, -29.366 ], [ -66.966, -29.399 ] ] ], [ [ [ -66.899, -29.333 ], [ -66.899, -29.366 ], [ -66.899, -29.399 ], [ -66.933, -29.399 ], [ -66.933, -29.366 ], [ -66.933, -29.333 ], [ -66.899, -29.333 ] ] ], [ [ [ -67.233, -29.366 ], [ -67.266, -29.366 ], [ -67.266, -29.333 ], [ -67.266, -29.299 ], [ -67.233, -29.299 ], [ -67.233, -29.333 ], [ -67.233, -29.366 ] ] ], [ [ [ -66.899, -29.333 ], [ -66.899, -29.299 ], [ -66.866, -29.299 ], [ -66.866, -29.333 ], [ -66.899, -29.333 ] ] ], [ [ [ -66.999, -29.333 ], [ -67.033, -29.333 ], [ -67.033, -29.299 ], [ -67.033, -29.266 ], [ -66.999, -29.266 ], [ -66.999, -29.299 ], [ -66.999, -29.333 ] ] ], [ [ [ -66.866, -29.299 ], [ -66.866, -29.266 ], [ -66.866, -29.233 ], [ -66.833, -29.233 ], [ -66.833, -29.266 ], [ -66.833, -29.299 ], [ -66.866, -29.299 ] ] ], [ [ [ -67.266, -29.266 ], [ -67.299, -29.266 ], [ -67.299, -29.233 ], [ -67.299, -29.199 ], [ -67.266, -29.199 ], [ -67.266, -29.233 ], [ -67.266, -29.266 ] ] ], [ [ [ -66.833, -29.233 ], [ -66.833, -29.199 ], [ -66.833, -29.166 ], [ -66.799, -29.166 ], [ -66.799, -29.199 ], [ -66.799, -29.233 ], [ -66.833, -29.233 ] ] ], [ [ [ -65.566, -29.299 ], [ -65.599, -29.299 ], [ -65.599, -29.266 ], [ -65.599, -29.233 ], [ -65.599, -29.199 ], [ -65.599, -29.166 ], [ -65.599, -29.133 ], [ -65.566, -29.133 ], [ -65.533, -29.133 ], [ -65.533, -29.166 ], [ -65.533, -29.199 ], [ -65.566, -29.199 ], [ -65.566, -29.233 ], [ -65.566, -29.266 ], [ -65.566, -29.299 ] ] ], [ [ [ -66.733, -29.133 ], [ -66.766, -29.133 ], [ -66.766, -29.099 ], [ -66.733, -29.099 ], [ -66.733, -29.133 ] ] ], [ [ [ -65.599, -29.066 ], [ -65.633, -29.066 ], [ -65.633, -29.033 ], [ -65.599, -29.033 ], [ -65.599, -29.066 ] ] ], [ [ [ -65.633, -28.966 ], [ -65.666, -28.966 ], [ -65.666, -28.933 ], [ -65.633, -28.933 ], [ -65.599, -28.933 ], [ -65.599, -28.966 ], [ -65.633, -28.966 ] ] ], [ [ [ -66.499, -28.933 ], [ -66.499, -28.899 ], [ -66.466, -28.899 ], [ -66.466, -28.933 ], [ -66.499, -28.933 ] ] ], [ [ [ -68.033, -29.966 ], [ -68.066, -29.966 ], [ -68.099, -29.966 ], [ -68.099, -29.999 ], [ -68.099, -30.033 ], [ -68.133, -30.033 ], [ -68.133, -29.999 ], [ -68.133, -29.966 ], [ -68.133, -29.933 ], [ -68.166, -29.933 ], [ -68.166, -29.899 ], [ -68.199, -29.899 ], [ -68.233, -29.899 ], [ -68.233, -29.866 ], [ -68.233, -29.833 ], [ -68.266, -29.833 ], [ -68.266, -29.799 ], [ -68.233, -29.799 ], [ -68.199, -29.799 ], [ -68.199, -29.833 ], [ -68.166, -29.833 ], [ -68.166, -29.799 ], [ -68.166, -29.766 ], [ -68.199, -29.766 ], [ -68.233, -29.766 ], [ -68.233, -29.733 ], [ -68.266, -29.733 ], [ -68.266, -29.766 ], [ -68.266, -29.799 ], [ -68.299, -29.799 ], [ -68.299, -29.766 ], [ -68.299, -29.733 ], [ -68.299, -29.699 ], [ -68.266, -29.699 ], [ -68.233, -29.699 ], [ -68.233, -29.666 ], [ -68.233, -29.633 ], [ -68.233, -29.599 ], [ -68.266, -29.599 ], [ -68.266, -29.633 ], [ -68.266, -29.666 ], [ -68.299, -29.666 ], [ -68.299, -29.699 ], [ -68.333, -29.699 ], [ -68.366, -29.699 ], [ -68.366, -29.666 ], [ -68.399, -29.666 ], [ -68.399, -29.633 ], [ -68.433, -29.633 ], [ -68.433, -29.599 ], [ -68.433, -29.566 ], [ -68.433, -29.533 ], [ -68.466, -29.533 ], [ -68.466, -29.499 ], [ -68.433, -29.499 ], [ -68.433, -29.466 ], [ -68.399, -29.466 ], [ -68.399, -29.433 ], [ -68.366, -29.433 ], [ -68.333, -29.433 ], [ -68.333, -29.399 ], [ -68.299, -29.399 ], [ -68.299, -29.366 ], [ -68.299, -29.333 ], [ -68.299, -29.299 ], [ -68.299, -29.266 ], [ -68.333, -29.266 ], [ -68.333, -29.233 ], [ -68.366, -29.233 ], [ -68.366, -29.199 ], [ -68.399, -29.199 ], [ -68.399, -29.166 ], [ -68.399, -29.133 ], [ -68.399, -29.099 ], [ -68.366, -29.099 ], [ -68.366, -29.066 ], [ -68.366, -29.033 ], [ -68.333, -29.033 ], [ -68.333, -28.999 ], [ -68.299, -28.999 ], [ -68.266, -28.999 ], [ -68.233, -28.999 ], [ -68.233, -28.966 ], [ -68.266, -28.966 ], [ -68.266, -28.933 ], [ -68.266, -28.899 ], [ -68.233, -28.899 ], [ -68.233, -28.866 ], [ -68.199, -28.866 ], [ -68.199, -28.899 ], [ -68.199, -28.933 ], [ -68.166, -28.933 ], [ -68.166, -28.966 ], [ -68.166, -28.999 ], [ -68.199, -28.999 ], [ -68.199, -29.033 ], [ -68.199, -29.066 ], [ -68.199, -29.099 ], [ -68.166, -29.099 ], [ -68.166, -29.133 ], [ -68.166, -29.166 ], [ -68.199, -29.166 ], [ -68.199, -29.199 ], [ -68.166, -29.199 ], [ -68.166, -29.233 ], [ -68.166, -29.266 ], [ -68.166, -29.299 ], [ -68.133, -29.299 ], [ -68.133, -29.333 ], [ -68.133, -29.366 ], [ -68.133, -29.399 ], [ -68.133, -29.433 ], [ -68.099, -29.433 ], [ -68.066, -29.433 ], [ -68.033, -29.433 ], [ -68.033, -29.466 ], [ -67.999, -29.466 ], [ -67.999, -29.499 ], [ -67.999, -29.533 ], [ -67.966, -29.533 ], [ -67.966, -29.566 ], [ -67.966, -29.599 ], [ -67.966, -29.633 ], [ -67.933, -29.633 ], [ -67.933, -29.666 ], [ -67.933, -29.699 ], [ -67.933, -29.733 ], [ -67.899, -29.733 ], [ -67.899, -29.766 ], [ -67.899, -29.799 ], [ -67.899, -29.833 ], [ -67.899, -29.866 ], [ -67.933, -29.866 ], [ -67.966, -29.866 ], [ -67.999, -29.866 ], [ -67.999, -29.833 ], [ -68.033, -29.833 ], [ -68.066, -29.833 ], [ -68.099, -29.833 ], [ -68.099, -29.866 ], [ -68.133, -29.866 ], [ -68.133, -29.899 ], [ -68.099, -29.899 ], [ -68.066, -29.899 ], [ -68.066, -29.933 ], [ -68.033, -29.933 ], [ -68.033, -29.966 ] ] ], [ [ [ -68.333, -29.566 ], [ -68.333, -29.533 ], [ -68.366, -29.533 ], [ -68.399, -29.533 ], [ -68.399, -29.566 ], [ -68.399, -29.599 ], [ -68.366, -29.599 ], [ -68.366, -29.633 ], [ -68.333, -29.633 ], [ -68.333, -29.599 ], [ -68.333, -29.566 ] ] ], [ [ [ -66.499, -28.933 ], [ -66.499, -28.966 ], [ -66.499, -28.999 ], [ -66.533, -28.999 ], [ -66.566, -28.999 ], [ -66.566, -28.966 ], [ -66.566, -28.933 ], [ -66.566, -28.899 ], [ -66.566, -28.866 ], [ -66.533, -28.866 ], [ -66.533, -28.899 ], [ -66.533, -28.933 ], [ -66.499, -28.933 ] ] ], [ [ [ -65.666, -28.899 ], [ -65.699, -28.899 ], [ -65.699, -28.866 ], [ -65.666, -28.866 ], [ -65.666, -28.899 ] ] ], [ [ [ -66.499, -28.799 ], [ -66.499, -28.833 ], [ -66.533, -28.833 ], [ -66.533, -28.799 ], [ -66.499, -28.799 ] ] ], [ [ [ -66.499, -28.799 ], [ -66.499, -28.766 ], [ -66.466, -28.766 ], [ -66.466, -28.799 ], [ -66.499, -28.799 ] ] ], [ [ [ -66.266, -28.799 ], [ -66.266, -28.766 ], [ -66.233, -28.766 ], [ -66.199, -28.766 ], [ -66.199, -28.799 ], [ -66.233, -28.799 ], [ -66.266, -28.799 ] ] ], [ [ [ -66.133, -28.699 ], [ -66.133, -28.733 ], [ -66.166, -28.733 ], [ -66.166, -28.699 ], [ -66.133, -28.699 ] ] ], [ [ [ -67.499, -29.599 ], [ -67.533, -29.599 ], [ -67.533, -29.566 ], [ -67.533, -29.533 ], [ -67.566, -29.533 ], [ -67.566, -29.499 ], [ -67.566, -29.466 ], [ -67.566, -29.433 ], [ -67.599, -29.433 ], [ -67.599, -29.399 ], [ -67.599, -29.366 ], [ -67.599, -29.333 ], [ -67.599, -29.299 ], [ -67.566, -29.299 ], [ -67.566, -29.266 ], [ -67.566, -29.233 ], [ -67.533, -29.233 ], [ -67.533, -29.199 ], [ -67.533, -29.166 ], [ -67.499, -29.166 ], [ -67.499, -29.133 ], [ -67.499, -29.099 ], [ -67.466, -29.099 ], [ -67.466, -29.066 ], [ -67.466, -29.033 ], [ -67.466, -28.999 ], [ -67.466, -28.966 ], [ -67.466, -28.933 ], [ -67.466, -28.899 ], [ -67.466, -28.866 ], [ -67.466, -28.833 ], [ -67.466, -28.799 ], [ -67.433, -28.799 ], [ -67.433, -28.766 ], [ -67.433, -28.733 ], [ -67.433, -28.699 ], [ -67.399, -28.699 ], [ -67.399, -28.666 ], [ -67.366, -28.666 ], [ -67.333, -28.666 ], [ -67.333, -28.699 ], [ -67.333, -28.733 ], [ -67.333, -28.766 ], [ -67.333, -28.799 ], [ -67.333, -28.833 ], [ -67.333, -28.866 ], [ -67.333, -28.899 ], [ -67.333, -28.933 ], [ -67.333, -28.966 ], [ -67.333, -28.999 ], [ -67.333, -29.033 ], [ -67.299, -29.033 ], [ -67.299, -29.066 ], [ -67.299, -29.099 ], [ -67.299, -29.133 ], [ -67.299, -29.166 ], [ -67.333, -29.166 ], [ -67.333, -29.133 ], [ -67.366, -29.133 ], [ -67.399, -29.133 ], [ -67.399, -29.166 ], [ -67.399, -29.199 ], [ -67.433, -29.199 ], [ -67.433, -29.233 ], [ -67.433, -29.266 ], [ -67.466, -29.266 ], [ -67.499, -29.266 ], [ -67.499, -29.299 ], [ -67.499, -29.333 ], [ -67.499, -29.366 ], [ -67.499, -29.399 ], [ -67.533, -29.399 ], [ -67.533, -29.433 ], [ -67.533, -29.466 ], [ -67.533, -29.499 ], [ -67.499, -29.499 ], [ -67.499, -29.533 ], [ -67.499, -29.566 ], [ -67.499, -29.599 ] ] ], [ [ [ -66.133, -28.699 ], [ -66.133, -28.666 ], [ -66.099, -28.666 ], [ -66.066, -28.666 ], [ -66.066, -28.699 ], [ -66.099, -28.699 ], [ -66.133, -28.699 ] ] ], [ [ [ -65.666, -28.766 ], [ -65.699, -28.766 ], [ -65.699, -28.733 ], [ -65.699, -28.699 ], [ -65.699, -28.666 ], [ -65.666, -28.666 ], [ -65.666, -28.699 ], [ -65.666, -28.733 ], [ -65.666, -28.766 ] ] ], [ [ [ -66.266, -28.799 ], [ -66.266, -28.833 ], [ -66.299, -28.833 ], [ -66.333, -28.833 ], [ -66.366, -28.833 ], [ -66.399, -28.833 ], [ -66.399, -28.866 ], [ -66.433, -28.866 ], [ -66.433, -28.899 ], [ -66.466, -28.899 ], [ -66.466, -28.866 ], [ -66.466, -28.833 ], [ -66.433, -28.833 ], [ -66.433, -28.799 ], [ -66.399, -28.799 ], [ -66.399, -28.766 ], [ -66.433, -28.766 ], [ -66.433, -28.733 ], [ -66.399, -28.733 ], [ -66.399, -28.699 ], [ -66.366, -28.699 ], [ -66.366, -28.666 ], [ -66.366, -28.633 ], [ -66.333, -28.633 ], [ -66.333, -28.666 ], [ -66.333, -28.699 ], [ -66.333, -28.733 ], [ -66.366, -28.733 ], [ -66.366, -28.766 ], [ -66.366, -28.799 ], [ -66.333, -28.799 ], [ -66.299, -28.799 ], [ -66.266, -28.799 ] ] ], [ [ [ -66.066, -28.666 ], [ -66.066, -28.633 ], [ -66.033, -28.633 ], [ -65.999, -28.633 ], [ -65.999, -28.666 ], [ -66.033, -28.666 ], [ -66.066, -28.666 ] ] ], [ [ [ -66.466, -28.633 ], [ -66.499, -28.633 ], [ -66.499, -28.599 ], [ -66.466, -28.599 ], [ -66.466, -28.633 ] ] ], [ [ [ -66.333, -28.633 ], [ -66.333, -28.599 ], [ -66.299, -28.599 ], [ -66.299, -28.633 ], [ -66.333, -28.633 ] ] ], [ [ [ -65.999, -28.633 ], [ -65.999, -28.599 ], [ -65.966, -28.599 ], [ -65.966, -28.633 ], [ -65.999, -28.633 ] ] ], [ [ [ -65.633, -28.633 ], [ -65.666, -28.633 ], [ -65.666, -28.599 ], [ -65.633, -28.599 ], [ -65.633, -28.633 ] ] ], [ [ [ -65.966, -28.599 ], [ -65.966, -28.566 ], [ -65.933, -28.566 ], [ -65.933, -28.599 ], [ -65.966, -28.599 ] ] ], [ [ [ -66.299, -28.599 ], [ -66.299, -28.566 ], [ -66.299, -28.533 ], [ -66.266, -28.533 ], [ -66.266, -28.566 ], [ -66.266, -28.599 ], [ -66.299, -28.599 ] ] ], [ [ [ -65.933, -28.566 ], [ -65.933, -28.533 ], [ -65.899, -28.533 ], [ -65.899, -28.566 ], [ -65.933, -28.566 ] ] ], [ [ [ -65.899, -28.533 ], [ -65.899, -28.499 ], [ -65.866, -28.499 ], [ -65.866, -28.533 ], [ -65.899, -28.533 ] ] ], [ [ [ -65.599, -28.499 ], [ -65.633, -28.499 ], [ -65.633, -28.466 ], [ -65.599, -28.466 ], [ -65.599, -28.499 ] ] ], [ [ [ -65.833, -28.433 ], [ -65.833, -28.466 ], [ -65.866, -28.466 ], [ -65.866, -28.433 ], [ -65.833, -28.433 ] ] ], [ [ [ -66.999, -28.366 ], [ -66.966, -28.366 ], [ -66.933, -28.366 ], [ -66.933, -28.399 ], [ -66.899, -28.399 ], [ -66.899, -28.433 ], [ -66.899, -28.466 ], [ -66.866, -28.466 ], [ -66.866, -28.499 ], [ -66.866, -28.533 ], [ -66.833, -28.533 ], [ -66.833, -28.566 ], [ -66.833, -28.599 ], [ -66.799, -28.599 ], [ -66.799, -28.633 ], [ -66.799, -28.666 ], [ -66.766, -28.666 ], [ -66.766, -28.699 ], [ -66.733, -28.699 ], [ -66.733, -28.733 ], [ -66.733, -28.766 ], [ -66.733, -28.799 ], [ -66.733, -28.833 ], [ -66.733, -28.866 ], [ -66.699, -28.866 ], [ -66.699, -28.833 ], [ -66.666, -28.833 ], [ -66.666, -28.799 ], [ -66.666, -28.766 ], [ -66.666, -28.733 ], [ -66.633, -28.733 ], [ -66.599, -28.733 ], [ -66.599, -28.766 ], [ -66.633, -28.766 ], [ -66.633, -28.799 ], [ -66.599, -28.799 ], [ -66.599, -28.833 ], [ -66.633, -28.833 ], [ -66.633, -28.866 ], [ -66.633, -28.899 ], [ -66.666, -28.899 ], [ -66.666, -28.933 ], [ -66.699, -28.933 ], [ -66.699, -28.966 ], [ -66.733, -28.966 ], [ -66.733, -28.933 ], [ -66.733, -28.899 ], [ -66.766, -28.899 ], [ -66.766, -28.866 ], [ -66.766, -28.833 ], [ -66.766, -28.799 ], [ -66.799, -28.799 ], [ -66.833, -28.799 ], [ -66.866, -28.799 ], [ -66.866, -28.766 ], [ -66.866, -28.733 ], [ -66.866, -28.699 ], [ -66.866, -28.666 ], [ -66.866, -28.633 ], [ -66.899, -28.633 ], [ -66.899, -28.599 ], [ -66.899, -28.566 ], [ -66.899, -28.533 ], [ -66.933, -28.533 ], [ -66.933, -28.499 ], [ -66.933, -28.466 ], [ -66.966, -28.466 ], [ -66.966, -28.433 ], [ -66.966, -28.399 ], [ -66.999, -28.399 ], [ -66.999, -28.366 ] ] ], [ [ [ -65.699, -28.299 ], [ -65.666, -28.299 ], [ -65.633, -28.299 ], [ -65.633, -28.333 ], [ -65.633, -28.366 ], [ -65.633, -28.399 ], [ -65.666, -28.399 ], [ -65.666, -28.366 ], [ -65.699, -28.366 ], [ -65.699, -28.333 ], [ -65.699, -28.299 ] ] ], [ [ [ -65.566, -28.399 ], [ -65.599, -28.399 ], [ -65.599, -28.366 ], [ -65.599, -28.333 ], [ -65.599, -28.299 ], [ -65.566, -28.299 ], [ -65.566, -28.333 ], [ -65.566, -28.366 ], [ -65.566, -28.399 ] ] ], [ [ [ -65.699, -28.299 ], [ -65.733, -28.299 ], [ -65.733, -28.266 ], [ -65.699, -28.266 ], [ -65.699, -28.299 ] ] ], [ [ [ -65.533, -28.233 ], [ -65.566, -28.233 ], [ -65.566, -28.199 ], [ -65.533, -28.199 ], [ -65.533, -28.233 ] ] ], [ [ [ -65.533, -28.233 ], [ -65.499, -28.233 ], [ -65.466, -28.233 ], [ -65.466, -28.199 ], [ -65.433, -28.199 ], [ -65.433, -28.233 ], [ -65.399, -28.233 ], [ -65.399, -28.266 ], [ -65.366, -28.266 ], [ -65.366, -28.299 ], [ -65.333, -28.299 ], [ -65.333, -28.333 ], [ -65.333, -28.366 ], [ -65.333, -28.399 ], [ -65.333, -28.433 ], [ -65.366, -28.433 ], [ -65.366, -28.466 ], [ -65.399, -28.466 ], [ -65.399, -28.499 ], [ -65.399, -28.533 ], [ -65.433, -28.533 ], [ -65.433, -28.566 ], [ -65.433, -28.599 ], [ -65.466, -28.599 ], [ -65.466, -28.633 ], [ -65.466, -28.666 ], [ -65.499, -28.666 ], [ -65.499, -28.699 ], [ -65.466, -28.699 ], [ -65.466, -28.733 ], [ -65.466, -28.766 ], [ -65.499, -28.766 ], [ -65.499, -28.799 ], [ -65.499, -28.833 ], [ -65.499, -28.866 ], [ -65.499, -28.899 ], [ -65.499, -28.933 ], [ -65.499, -28.966 ], [ -65.499, -28.999 ], [ -65.499, -29.033 ], [ -65.499, -29.066 ], [ -65.499, -29.099 ], [ -65.533, -29.099 ], [ -65.566, -29.099 ], [ -65.566, -29.066 ], [ -65.566, -29.033 ], [ -65.533, -29.033 ], [ -65.533, -28.999 ], [ -65.533, -28.966 ], [ -65.566, -28.966 ], [ -65.566, -28.933 ], [ -65.566, -28.899 ], [ -65.566, -28.866 ], [ -65.566, -28.833 ], [ -65.599, -28.833 ], [ -65.599, -28.799 ], [ -65.599, -28.766 ], [ -65.599, -28.733 ], [ -65.566, -28.733 ], [ -65.566, -28.699 ], [ -65.566, -28.666 ], [ -65.533, -28.666 ], [ -65.533, -28.633 ], [ -65.533, -28.599 ], [ -65.499, -28.599 ], [ -65.499, -28.566 ], [ -65.499, -28.533 ], [ -65.499, -28.499 ], [ -65.466, -28.499 ], [ -65.466, -28.466 ], [ -65.466, -28.433 ], [ -65.433, -28.433 ], [ -65.433, -28.399 ], [ -65.433, -28.366 ], [ -65.433, -28.333 ], [ -65.433, -28.299 ], [ -65.466, -28.299 ], [ -65.466, -28.266 ], [ -65.499, -28.266 ], [ -65.533, -28.266 ], [ -65.533, -28.233 ] ] ], [ [ [ -66.266, -28.533 ], [ -66.266, -28.499 ], [ -66.266, -28.466 ], [ -66.266, -28.433 ], [ -66.266, -28.399 ], [ -66.266, -28.366 ], [ -66.233, -28.366 ], [ -66.233, -28.333 ], [ -66.233, -28.299 ], [ -66.233, -28.266 ], [ -66.233, -28.233 ], [ -66.199, -28.233 ], [ -66.199, -28.199 ], [ -66.199, -28.166 ], [ -66.199, -28.133 ], [ -66.199, -28.099 ], [ -66.199, -28.066 ], [ -66.199, -28.033 ], [ -66.166, -28.033 ], [ -66.166, -28.066 ], [ -66.166, -28.099 ], [ -66.166, -28.133 ], [ -66.166, -28.166 ], [ -66.166, -28.199 ], [ -66.166, -28.233 ], [ -66.166, -28.266 ], [ -66.166, -28.299 ], [ -66.199, -28.299 ], [ -66.199, -28.333 ], [ -66.199, -28.366 ], [ -66.199, -28.399 ], [ -66.199, -28.433 ], [ -66.233, -28.433 ], [ -66.233, -28.466 ], [ -66.233, -28.499 ], [ -66.233, -28.533 ], [ -66.266, -28.533 ] ] ], [ [ [ -66.133, -27.999 ], [ -66.166, -27.999 ], [ -66.166, -27.966 ], [ -66.166, -27.933 ], [ -66.166, -27.899 ], [ -66.166, -27.866 ], [ -66.133, -27.866 ], [ -66.133, -27.899 ], [ -66.133, -27.933 ], [ -66.133, -27.966 ], [ -66.133, -27.999 ] ] ], [ [ [ -65.833, -28.433 ], [ -65.833, -28.399 ], [ -65.833, -28.366 ], [ -65.833, -28.333 ], [ -65.833, -28.299 ], [ -65.799, -28.299 ], [ -65.799, -28.266 ], [ -65.799, -28.233 ], [ -65.833, -28.233 ], [ -65.833, -28.199 ], [ -65.833, -28.166 ], [ -65.833, -28.133 ], [ -65.833, -28.099 ], [ -65.833, -28.066 ], [ -65.833, -28.033 ], [ -65.866, -28.033 ], [ -65.866, -27.999 ], [ -65.866, -27.966 ], [ -65.866, -27.933 ], [ -65.866, -27.899 ], [ -65.866, -27.866 ], [ -65.866, -27.833 ], [ -65.833, -27.833 ], [ -65.833, -27.866 ], [ -65.833, -27.899 ], [ -65.833, -27.933 ], [ -65.799, -27.933 ], [ -65.799, -27.966 ], [ -65.799, -27.999 ], [ -65.799, -28.033 ], [ -65.799, -28.066 ], [ -65.799, -28.099 ], [ -65.766, -28.099 ], [ -65.766, -28.133 ], [ -65.766, -28.166 ], [ -65.766, -28.199 ], [ -65.733, -28.199 ], [ -65.733, -28.233 ], [ -65.766, -28.233 ], [ -65.766, -28.266 ], [ -65.766, -28.299 ], [ -65.766, -28.333 ], [ -65.799, -28.333 ], [ -65.799, -28.366 ], [ -65.799, -28.399 ], [ -65.799, -28.433 ], [ -65.833, -28.433 ] ] ], [ [ [ -65.566, -28.199 ], [ -65.599, -28.199 ], [ -65.599, -28.233 ], [ -65.599, -28.266 ], [ -65.633, -28.266 ], [ -65.633, -28.233 ], [ -65.633, -28.199 ], [ -65.633, -28.166 ], [ -65.633, -28.133 ], [ -65.666, -28.133 ], [ -65.666, -28.166 ], [ -65.666, -28.199 ], [ -65.666, -28.233 ], [ -65.666, -28.266 ], [ -65.699, -28.266 ], [ -65.699, -28.233 ], [ -65.699, -28.199 ], [ -65.699, -28.166 ], [ -65.699, -28.133 ], [ -65.699, -28.099 ], [ -65.733, -28.099 ], [ -65.733, -28.066 ], [ -65.733, -28.033 ], [ -65.733, -27.999 ], [ -65.733, -27.966 ], [ -65.699, -27.966 ], [ -65.666, -27.966 ], [ -65.666, -27.933 ], [ -65.666, -27.899 ], [ -65.666, -27.866 ], [ -65.666, -27.833 ], [ -65.633, -27.833 ], [ -65.633, -27.866 ], [ -65.633, -27.899 ], [ -65.633, -27.933 ], [ -65.633, -27.966 ], [ -65.633, -27.999 ], [ -65.666, -27.999 ], [ -65.666, -28.033 ], [ -65.633, -28.033 ], [ -65.633, -28.066 ], [ -65.633, -28.099 ], [ -65.599, -28.099 ], [ -65.599, -28.133 ], [ -65.566, -28.133 ], [ -65.566, -28.166 ], [ -65.566, -28.199 ] ] ], [ [ [ -65.699, -27.799 ], [ -65.699, -27.833 ], [ -65.699, -27.866 ], [ -65.733, -27.866 ], [ -65.733, -27.833 ], [ -65.733, -27.799 ], [ -65.699, -27.799 ] ] ], [ [ [ -65.699, -27.799 ], [ -65.699, -27.766 ], [ -65.666, -27.766 ], [ -65.666, -27.799 ], [ -65.699, -27.799 ] ] ], [ [ [ -65.766, -27.766 ], [ -65.766, -27.799 ], [ -65.799, -27.799 ], [ -65.799, -27.766 ], [ -65.833, -27.766 ], [ -65.833, -27.733 ], [ -65.799, -27.733 ], [ -65.766, -27.733 ], [ -65.766, -27.766 ] ] ], [ [ [ -65.699, -27.766 ], [ -65.733, -27.766 ], [ -65.733, -27.733 ], [ -65.699, -27.733 ], [ -65.699, -27.766 ] ] ], [ [ [ -66.166, -27.699 ], [ -66.133, -27.699 ], [ -66.133, -27.733 ], [ -66.166, -27.733 ], [ -66.166, -27.699 ] ] ], [ [ [ -66.999, -28.366 ], [ -67.033, -28.366 ], [ -67.033, -28.399 ], [ -67.066, -28.399 ], [ -67.066, -28.433 ], [ -67.066, -28.466 ], [ -67.099, -28.466 ], [ -67.099, -28.499 ], [ -67.133, -28.499 ], [ -67.133, -28.533 ], [ -67.133, -28.566 ], [ -67.166, -28.566 ], [ -67.166, -28.599 ], [ -67.199, -28.599 ], [ -67.199, -28.566 ], [ -67.199, -28.533 ], [ -67.166, -28.533 ], [ -67.166, -28.499 ], [ -67.166, -28.466 ], [ -67.166, -28.433 ], [ -67.199, -28.433 ], [ -67.199, -28.466 ], [ -67.233, -28.466 ], [ -67.266, -28.466 ], [ -67.299, -28.466 ], [ -67.299, -28.433 ], [ -67.333, -28.433 ], [ -67.333, -28.466 ], [ -67.333, -28.499 ], [ -67.366, -28.499 ], [ -67.399, -28.499 ], [ -67.399, -28.466 ], [ -67.433, -28.466 ], [ -67.433, -28.433 ], [ -67.466, -28.433 ], [ -67.499, -28.433 ], [ -67.499, -28.399 ], [ -67.499, -28.366 ], [ -67.533, -28.366 ], [ -67.566, -28.366 ], [ -67.566, -28.333 ], [ -67.566, -28.299 ], [ -67.533, -28.299 ], [ -67.533, -28.266 ], [ -67.533, -28.233 ], [ -67.499, -28.233 ], [ -67.499, -28.199 ], [ -67.499, -28.166 ], [ -67.499, -28.133 ], [ -67.533, -28.133 ], [ -67.533, -28.166 ], [ -67.533, -28.199 ], [ -67.566, -28.199 ], [ -67.566, -28.233 ], [ -67.599, -28.233 ], [ -67.599, -28.199 ], [ -67.633, -28.199 ], [ -67.633, -28.166 ], [ -67.633, -28.133 ], [ -67.633, -28.099 ], [ -67.633, -28.066 ], [ -67.633, -28.033 ], [ -67.633, -27.999 ], [ -67.599, -27.999 ], [ -67.599, -27.966 ], [ -67.566, -27.966 ], [ -67.533, -27.966 ], [ -67.533, -27.999 ], [ -67.499, -27.999 ], [ -67.499, -27.966 ], [ -67.466, -27.966 ], [ -67.466, -27.999 ], [ -67.433, -27.999 ], [ -67.433, -28.033 ], [ -67.433, -28.066 ], [ -67.433, -28.099 ], [ -67.433, -28.133 ], [ -67.433, -28.166 ], [ -67.433, -28.199 ], [ -67.433, -28.233 ], [ -67.399, -28.233 ], [ -67.399, -28.199 ], [ -67.399, -28.166 ], [ -67.366, -28.166 ], [ -67.333, -28.166 ], [ -67.333, -28.199 ], [ -67.333, -28.233 ], [ -67.366, -28.233 ], [ -67.366, -28.266 ], [ -67.333, -28.266 ], [ -67.299, -28.266 ], [ -67.266, -28.266 ], [ -67.266, -28.233 ], [ -67.233, -28.233 ], [ -67.233, -28.199 ], [ -67.233, -28.166 ], [ -67.199, -28.166 ], [ -67.199, -28.133 ], [ -67.199, -28.099 ], [ -67.199, -28.066 ], [ -67.199, -28.033 ], [ -67.199, -27.999 ], [ -67.233, -27.999 ], [ -67.233, -27.966 ], [ -67.199, -27.966 ], [ -67.199, -27.933 ], [ -67.233, -27.933 ], [ -67.233, -27.899 ], [ -67.199, -27.899 ], [ -67.199, -27.866 ], [ -67.199, -27.833 ], [ -67.199, -27.799 ], [ -67.199, -27.766 ], [ -67.199, -27.733 ], [ -67.166, -27.733 ], [ -67.166, -27.699 ], [ -67.133, -27.699 ], [ -67.099, -27.699 ], [ -67.099, -27.666 ], [ -67.066, -27.666 ], [ -67.033, -27.666 ], [ -67.033, -27.633 ], [ -66.999, -27.633 ], [ -66.999, -27.666 ], [ -66.966, -27.666 ], [ -66.933, -27.666 ], [ -66.933, -27.633 ], [ -66.899, -27.633 ], [ -66.866, -27.633 ], [ -66.866, -27.666 ], [ -66.833, -27.666 ], [ -66.799, -27.666 ], [ -66.799, -27.699 ], [ -66.766, -27.699 ], [ -66.766, -27.733 ], [ -66.733, -27.733 ], [ -66.733, -27.766 ], [ -66.733, -27.799 ], [ -66.766, -27.799 ], [ -66.766, -27.833 ], [ -66.766, -27.866 ], [ -66.733, -27.866 ], [ -66.733, -27.899 ], [ -66.733, -27.933 ], [ -66.766, -27.933 ], [ -66.766, -27.966 ], [ -66.766, -27.999 ], [ -66.799, -27.999 ], [ -66.799, -27.966 ], [ -66.833, -27.966 ], [ -66.866, -27.966 ], [ -66.899, -27.966 ], [ -66.933, -27.966 ], [ -66.966, -27.966 ], [ -66.966, -27.999 ], [ -66.966, -28.033 ], [ -66.966, -28.066 ], [ -66.999, -28.066 ], [ -66.999, -28.099 ], [ -67.033, -28.099 ], [ -67.066, -28.099 ], [ -67.066, -28.133 ], [ -67.066, -28.166 ], [ -67.033, -28.166 ], [ -67.033, -28.199 ], [ -66.999, -28.199 ], [ -66.999, -28.233 ], [ -67.033, -28.233 ], [ -67.033, -28.266 ], [ -67.066, -28.266 ], [ -67.099, -28.266 ], [ -67.133, -28.266 ], [ -67.166, -28.266 ], [ -67.166, -28.299 ], [ -67.133, -28.299 ], [ -67.099, -28.299 ], [ -67.066, -28.299 ], [ -67.066, -28.333 ], [ -67.033, -28.333 ], [ -66.999, -28.333 ], [ -66.999, -28.366 ] ] ], [ [ [ -66.633, -27.666 ], [ -66.633, -27.699 ], [ -66.666, -27.699 ], [ -66.699, -27.699 ], [ -66.699, -27.666 ], [ -66.699, -27.633 ], [ -66.666, -27.633 ], [ -66.666, -27.666 ], [ -66.633, -27.666 ] ] ], [ [ [ -66.633, -27.666 ], [ -66.633, -27.633 ], [ -66.599, -27.633 ], [ -66.599, -27.666 ], [ -66.633, -27.666 ] ] ], [ [ [ -66.166, -27.699 ], [ -66.199, -27.699 ], [ -66.199, -27.666 ], [ -66.233, -27.666 ], [ -66.233, -27.633 ], [ -66.199, -27.633 ], [ -66.166, -27.633 ], [ -66.166, -27.666 ], [ -66.166, -27.699 ] ] ], [ [ [ -66.599, -27.633 ], [ -66.599, -27.599 ], [ -66.566, -27.599 ], [ -66.566, -27.633 ], [ -66.599, -27.633 ] ] ], [ [ [ -66.233, -27.633 ], [ -66.266, -27.633 ], [ -66.299, -27.633 ], [ -66.299, -27.599 ], [ -66.333, -27.599 ], [ -66.366, -27.599 ], [ -66.366, -27.566 ], [ -66.399, -27.566 ], [ -66.433, -27.566 ], [ -66.466, -27.566 ], [ -66.499, -27.566 ], [ -66.499, -27.599 ], [ -66.533, -27.599 ], [ -66.566, -27.599 ], [ -66.566, -27.566 ], [ -66.533, -27.566 ], [ -66.533, -27.533 ], [ -66.499, -27.533 ], [ -66.466, -27.533 ], [ -66.433, -27.533 ], [ -66.399, -27.533 ], [ -66.366, -27.533 ], [ -66.333, -27.533 ], [ -66.299, -27.533 ], [ -66.299, -27.566 ], [ -66.266, -27.566 ], [ -66.266, -27.599 ], [ -66.233, -27.599 ], [ -66.233, -27.633 ] ] ], [ [ [ -65.799, -27.566 ], [ -65.799, -27.599 ], [ -65.833, -27.599 ], [ -65.833, -27.633 ], [ -65.866, -27.633 ], [ -65.866, -27.599 ], [ -65.899, -27.599 ], [ -65.899, -27.566 ], [ -65.899, -27.533 ], [ -65.866, -27.533 ], [ -65.866, -27.566 ], [ -65.833, -27.566 ], [ -65.833, -27.533 ], [ -65.799, -27.533 ], [ -65.799, -27.566 ] ] ], [ [ [ -65.899, -27.399 ], [ -65.866, -27.399 ], [ -65.866, -27.433 ], [ -65.899, -27.433 ], [ -65.899, -27.399 ] ] ], [ [ [ -65.899, -27.399 ], [ -65.933, -27.399 ], [ -65.933, -27.366 ], [ -65.933, -27.333 ], [ -65.933, -27.299 ], [ -65.899, -27.299 ], [ -65.899, -27.333 ], [ -65.899, -27.366 ], [ -65.899, -27.399 ] ] ], [ [ [ -65.899, -27.299 ], [ -65.899, -27.266 ], [ -65.899, -27.233 ], [ -65.866, -27.233 ], [ -65.866, -27.199 ], [ -65.833, -27.199 ], [ -65.833, -27.233 ], [ -65.833, -27.266 ], [ -65.866, -27.266 ], [ -65.866, -27.299 ], [ -65.899, -27.299 ] ] ], [ [ [ -65.833, -27.199 ], [ -65.833, -27.166 ], [ -65.799, -27.166 ], [ -65.799, -27.199 ], [ -65.833, -27.199 ] ] ], [ [ [ -65.799, -27.166 ], [ -65.799, -27.133 ], [ -65.799, -27.099 ], [ -65.766, -27.099 ], [ -65.766, -27.133 ], [ -65.766, -27.166 ], [ -65.799, -27.166 ] ] ], [ [ [ -65.699, -27.099 ], [ -65.699, -27.133 ], [ -65.733, -27.133 ], [ -65.733, -27.099 ], [ -65.699, -27.099 ] ] ], [ [ [ -65.699, -27.099 ], [ -65.699, -27.066 ], [ -65.699, -27.033 ], [ -65.666, -27.033 ], [ -65.633, -27.033 ], [ -65.633, -27.066 ], [ -65.666, -27.066 ], [ -65.666, -27.099 ], [ -65.699, -27.099 ] ] ], [ [ [ -65.633, -27.033 ], [ -65.633, -26.999 ], [ -65.599, -26.999 ], [ -65.599, -27.033 ], [ -65.633, -27.033 ] ] ], [ [ [ -65.599, -26.999 ], [ -65.599, -26.966 ], [ -65.566, -26.966 ], [ -65.566, -26.999 ], [ -65.599, -26.999 ] ] ], [ [ [ -65.566, -26.966 ], [ -65.566, -26.933 ], [ -65.533, -26.933 ], [ -65.533, -26.966 ], [ -65.566, -26.966 ] ] ], [ [ [ -65.499, -26.899 ], [ -65.533, -26.899 ], [ -65.533, -26.866 ], [ -65.499, -26.866 ], [ -65.499, -26.899 ] ] ], [ [ [ -65.366, -26.866 ], [ -65.399, -26.866 ], [ -65.399, -26.833 ], [ -65.399, -26.799 ], [ -65.366, -26.799 ], [ -65.366, -26.833 ], [ -65.366, -26.866 ] ] ], [ [ [ -65.466, -26.733 ], [ -65.466, -26.766 ], [ -65.466, -26.799 ], [ -65.499, -26.799 ], [ -65.499, -26.766 ], [ -65.533, -26.766 ], [ -65.533, -26.733 ], [ -65.499, -26.733 ], [ -65.466, -26.733 ] ] ], [ [ [ -65.366, -26.733 ], [ -65.333, -26.733 ], [ -65.333, -26.766 ], [ -65.366, -26.766 ], [ -65.366, -26.733 ] ] ], [ [ [ -65.333, -26.733 ], [ -65.333, -26.699 ], [ -65.333, -26.666 ], [ -65.299, -26.666 ], [ -65.299, -26.699 ], [ -65.299, -26.733 ], [ -65.333, -26.733 ] ] ], [ [ [ -65.366, -26.733 ], [ -65.399, -26.733 ], [ -65.433, -26.733 ], [ -65.466, -26.733 ], [ -65.466, -26.699 ], [ -65.433, -26.699 ], [ -65.433, -26.666 ], [ -65.433, -26.633 ], [ -65.433, -26.599 ], [ -65.399, -26.599 ], [ -65.399, -26.633 ], [ -65.399, -26.666 ], [ -65.366, -26.666 ], [ -65.366, -26.699 ], [ -65.366, -26.733 ] ] ], [ [ [ -65.433, -26.533 ], [ -65.399, -26.533 ], [ -65.399, -26.566 ], [ -65.433, -26.566 ], [ -65.433, -26.533 ] ] ], [ [ [ -65.433, -26.533 ], [ -65.466, -26.533 ], [ -65.466, -26.566 ], [ -65.499, -26.566 ], [ -65.499, -26.533 ], [ -65.499, -26.499 ], [ -65.466, -26.499 ], [ -65.433, -26.499 ], [ -65.433, -26.533 ] ] ], [ [ [ -65.099, -26.533 ], [ -65.099, -26.566 ], [ -65.133, -26.566 ], [ -65.166, -26.566 ], [ -65.199, -26.566 ], [ -65.199, -26.533 ], [ -65.166, -26.533 ], [ -65.166, -26.499 ], [ -65.133, -26.499 ], [ -65.133, -26.533 ], [ -65.099, -26.533 ] ] ], [ [ [ -64.866, -26.466 ], [ -64.899, -26.466 ], [ -64.899, -26.433 ], [ -64.866, -26.433 ], [ -64.833, -26.433 ], [ -64.833, -26.466 ], [ -64.866, -26.466 ] ] ], [ [ [ -65.533, -26.399 ], [ -65.533, -26.433 ], [ -65.566, -26.433 ], [ -65.566, -26.399 ], [ -65.533, -26.399 ] ] ], [ [ [ -65.466, -26.399 ], [ -65.433, -26.399 ], [ -65.433, -26.433 ], [ -65.433, -26.466 ], [ -65.466, -26.466 ], [ -65.466, -26.433 ], [ -65.466, -26.399 ] ] ], [ [ [ -65.033, -26.433 ], [ -65.033, -26.466 ], [ -65.033, -26.499 ], [ -65.066, -26.499 ], [ -65.066, -26.533 ], [ -65.099, -26.533 ], [ -65.099, -26.499 ], [ -65.133, -26.499 ], [ -65.133, -26.466 ], [ -65.133, -26.433 ], [ -65.133, -26.399 ], [ -65.099, -26.399 ], [ -65.099, -26.433 ], [ -65.066, -26.433 ], [ -65.033, -26.433 ] ] ], [ [ [ -65.033, -26.433 ], [ -65.033, -26.399 ], [ -64.999, -26.399 ], [ -64.999, -26.433 ], [ -65.033, -26.433 ] ] ], [ [ [ -65.466, -26.399 ], [ -65.499, -26.399 ], [ -65.533, -26.399 ], [ -65.533, -26.366 ], [ -65.499, -26.366 ], [ -65.466, -26.366 ], [ -65.466, -26.399 ] ] ], [ [ [ -65.066, -26.199 ], [ -65.066, -26.233 ], [ -65.066, -26.266 ], [ -65.066, -26.299 ], [ -65.066, -26.333 ], [ -65.099, -26.333 ], [ -65.099, -26.299 ], [ -65.099, -26.266 ], [ -65.099, -26.233 ], [ -65.099, -26.199 ], [ -65.066, -26.199 ] ] ], [ [ [ -64.866, -26.233 ], [ -64.899, -26.233 ], [ -64.899, -26.199 ], [ -64.866, -26.199 ], [ -64.866, -26.233 ] ] ], [ [ [ -65.466, -26.366 ], [ -65.466, -26.333 ], [ -65.466, -26.299 ], [ -65.499, -26.299 ], [ -65.533, -26.299 ], [ -65.566, -26.299 ], [ -65.566, -26.266 ], [ -65.566, -26.233 ], [ -65.566, -26.199 ], [ -65.566, -26.166 ], [ -65.566, -26.133 ], [ -65.566, -26.099 ], [ -65.566, -26.066 ], [ -65.566, -26.033 ], [ -65.533, -26.033 ], [ -65.533, -26.066 ], [ -65.533, -26.099 ], [ -65.533, -26.133 ], [ -65.533, -26.166 ], [ -65.533, -26.199 ], [ -65.499, -26.199 ], [ -65.499, -26.233 ], [ -65.533, -26.233 ], [ -65.533, -26.266 ], [ -65.499, -26.266 ], [ -65.466, -26.266 ], [ -65.433, -26.266 ], [ -65.433, -26.299 ], [ -65.433, -26.333 ], [ -65.433, -26.366 ], [ -65.466, -26.366 ] ] ], [ [ [ -65.466, -26.033 ], [ -65.433, -26.033 ], [ -65.433, -26.066 ], [ -65.466, -26.066 ], [ -65.466, -26.033 ] ] ], [ [ [ -64.799, -26.099 ], [ -64.833, -26.099 ], [ -64.833, -26.066 ], [ -64.833, -26.033 ], [ -64.799, -26.033 ], [ -64.799, -26.066 ], [ -64.799, -26.099 ] ] ], [ [ [ -65.866, -25.966 ], [ -65.866, -25.999 ], [ -65.833, -25.999 ], [ -65.833, -26.033 ], [ -65.866, -26.033 ], [ -65.866, -26.066 ], [ -65.899, -26.066 ], [ -65.899, -26.033 ], [ -65.899, -25.999 ], [ -65.899, -25.966 ], [ -65.866, -25.966 ] ] ], [ [ [ -65.766, -25.999 ], [ -65.799, -25.999 ], [ -65.799, -25.966 ], [ -65.766, -25.966 ], [ -65.766, -25.999 ] ] ], [ [ [ -65.466, -26.033 ], [ -65.499, -26.033 ], [ -65.533, -26.033 ], [ -65.533, -25.999 ], [ -65.533, -25.966 ], [ -65.499, -25.966 ], [ -65.466, -25.966 ], [ -65.466, -25.999 ], [ -65.466, -26.033 ] ] ], [ [ [ -65.433, -26.033 ], [ -65.433, -25.999 ], [ -65.433, -25.966 ], [ -65.399, -25.966 ], [ -65.399, -25.999 ], [ -65.399, -26.033 ], [ -65.433, -26.033 ] ] ], [ [ [ -64.999, -26.399 ], [ -64.999, -26.366 ], [ -64.999, -26.333 ], [ -64.999, -26.299 ], [ -64.999, -26.266 ], [ -64.999, -26.233 ], [ -65.033, -26.233 ], [ -65.033, -26.199 ], [ -65.066, -26.199 ], [ -65.066, -26.166 ], [ -65.033, -26.166 ], [ -64.999, -26.166 ], [ -64.999, -26.199 ], [ -64.966, -26.199 ], [ -64.966, -26.166 ], [ -64.966, -26.133 ], [ -64.966, -26.099 ], [ -64.999, -26.099 ], [ -64.999, -26.066 ], [ -64.966, -26.066 ], [ -64.966, -26.033 ], [ -64.966, -25.999 ], [ -64.966, -25.966 ], [ -64.933, -25.966 ], [ -64.933, -25.999 ], [ -64.933, -26.033 ], [ -64.933, -26.066 ], [ -64.933, -26.099 ], [ -64.933, -26.133 ], [ -64.933, -26.166 ], [ -64.933, -26.199 ], [ -64.933, -26.233 ], [ -64.966, -26.233 ], [ -64.966, -26.266 ], [ -64.966, -26.299 ], [ -64.933, -26.299 ], [ -64.933, -26.266 ], [ -64.899, -26.266 ], [ -64.899, -26.299 ], [ -64.866, -26.299 ], [ -64.833, -26.299 ], [ -64.833, -26.333 ], [ -64.866, -26.333 ], [ -64.899, -26.333 ], [ -64.899, -26.366 ], [ -64.933, -26.366 ], [ -64.933, -26.399 ], [ -64.966, -26.399 ], [ -64.999, -26.399 ] ] ], [ [ [ -64.833, -25.999 ], [ -64.866, -25.999 ], [ -64.866, -25.966 ], [ -64.833, -25.966 ], [ -64.833, -25.999 ] ] ], [ [ [ -65.399, -25.966 ], [ -65.399, -25.933 ], [ -65.366, -25.933 ], [ -65.366, -25.966 ], [ -65.399, -25.966 ] ] ], [ [ [ -64.933, -25.966 ], [ -64.933, -25.933 ], [ -64.899, -25.933 ], [ -64.899, -25.966 ], [ -64.933, -25.966 ] ] ], [ [ [ -65.466, -25.933 ], [ -65.499, -25.933 ], [ -65.499, -25.899 ], [ -65.466, -25.899 ], [ -65.466, -25.933 ] ] ], [ [ [ -65.299, -25.899 ], [ -65.299, -25.933 ], [ -65.333, -25.933 ], [ -65.366, -25.933 ], [ -65.366, -25.899 ], [ -65.366, -25.866 ], [ -65.333, -25.866 ], [ -65.333, -25.899 ], [ -65.299, -25.899 ] ] ], [ [ [ -65.299, -25.899 ], [ -65.299, -25.866 ], [ -65.266, -25.866 ], [ -65.266, -25.899 ], [ -65.299, -25.899 ] ] ], [ [ [ -65.666, -25.733 ], [ -65.666, -25.766 ], [ -65.666, -25.799 ], [ -65.699, -25.799 ], [ -65.699, -25.833 ], [ -65.699, -25.866 ], [ -65.699, -25.899 ], [ -65.699, -25.933 ], [ -65.733, -25.933 ], [ -65.733, -25.899 ], [ -65.733, -25.866 ], [ -65.733, -25.833 ], [ -65.733, -25.799 ], [ -65.733, -25.766 ], [ -65.699, -25.766 ], [ -65.699, -25.733 ], [ -65.733, -25.733 ], [ -65.733, -25.699 ], [ -65.699, -25.699 ], [ -65.666, -25.699 ], [ -65.666, -25.733 ] ] ], [ [ [ -65.266, -25.866 ], [ -65.266, -25.833 ], [ -65.266, -25.799 ], [ -65.266, -25.766 ], [ -65.299, -25.766 ], [ -65.299, -25.799 ], [ -65.333, -25.799 ], [ -65.333, -25.833 ], [ -65.366, -25.833 ], [ -65.366, -25.799 ], [ -65.399, -25.799 ], [ -65.399, -25.766 ], [ -65.366, -25.766 ], [ -65.366, -25.733 ], [ -65.366, -25.699 ], [ -65.366, -25.666 ], [ -65.333, -25.666 ], [ -65.299, -25.666 ], [ -65.266, -25.666 ], [ -65.233, -25.666 ], [ -65.199, -25.666 ], [ -65.199, -25.699 ], [ -65.166, -25.699 ], [ -65.133, -25.699 ], [ -65.133, -25.733 ], [ -65.166, -25.733 ], [ -65.199, -25.733 ], [ -65.233, -25.733 ], [ -65.233, -25.766 ], [ -65.233, -25.799 ], [ -65.233, -25.833 ], [ -65.233, -25.866 ], [ -65.266, -25.866 ] ] ], [ [ [ -65.533, -25.633 ], [ -65.499, -25.633 ], [ -65.499, -25.666 ], [ -65.533, -25.666 ], [ -65.533, -25.633 ] ] ], [ [ [ -65.099, -25.666 ], [ -65.133, -25.666 ], [ -65.133, -25.633 ], [ -65.099, -25.633 ], [ -65.099, -25.666 ] ] ], [ [ [ -65.633, -25.599 ], [ -65.633, -25.633 ], [ -65.599, -25.633 ], [ -65.599, -25.666 ], [ -65.633, -25.666 ], [ -65.666, -25.666 ], [ -65.699, -25.666 ], [ -65.699, -25.633 ], [ -65.666, -25.633 ], [ -65.666, -25.599 ], [ -65.633, -25.599 ] ] ], [ [ [ -65.533, -25.633 ], [ -65.566, -25.633 ], [ -65.566, -25.599 ], [ -65.533, -25.599 ], [ -65.533, -25.633 ] ] ], [ [ [ -65.499, -25.633 ], [ -65.499, -25.599 ], [ -65.466, -25.599 ], [ -65.466, -25.633 ], [ -65.499, -25.633 ] ] ], [ [ [ -65.466, -25.599 ], [ -65.466, -25.566 ], [ -65.433, -25.566 ], [ -65.433, -25.599 ], [ -65.466, -25.599 ] ] ], [ [ [ -65.633, -25.533 ], [ -65.599, -25.533 ], [ -65.599, -25.566 ], [ -65.633, -25.566 ], [ -65.633, -25.533 ] ] ], [ [ [ -65.299, -25.499 ], [ -65.333, -25.499 ], [ -65.366, -25.499 ], [ -65.399, -25.499 ], [ -65.399, -25.466 ], [ -65.366, -25.466 ], [ -65.333, -25.466 ], [ -65.333, -25.433 ], [ -65.299, -25.433 ], [ -65.299, -25.466 ], [ -65.299, -25.499 ] ] ], [ [ [ -65.299, -25.499 ], [ -65.266, -25.499 ], [ -65.266, -25.466 ], [ -65.266, -25.433 ], [ -65.233, -25.433 ], [ -65.233, -25.466 ], [ -65.233, -25.499 ], [ -65.233, -25.533 ], [ -65.233, -25.566 ], [ -65.266, -25.566 ], [ -65.266, -25.533 ], [ -65.299, -25.533 ], [ -65.299, -25.499 ] ] ], [ [ [ -65.099, -25.599 ], [ -65.133, -25.599 ], [ -65.133, -25.566 ], [ -65.133, -25.533 ], [ -65.133, -25.499 ], [ -65.133, -25.466 ], [ -65.133, -25.433 ], [ -65.099, -25.433 ], [ -65.099, -25.466 ], [ -65.099, -25.499 ], [ -65.099, -25.533 ], [ -65.099, -25.566 ], [ -65.099, -25.599 ] ] ], [ [ [ -65.233, -25.366 ], [ -65.233, -25.399 ], [ -65.266, -25.399 ], [ -65.266, -25.366 ], [ -65.233, -25.366 ] ] ], [ [ [ -65.233, -25.366 ], [ -65.233, -25.333 ], [ -65.199, -25.333 ], [ -65.199, -25.366 ], [ -65.233, -25.366 ] ] ], [ [ [ -65.266, -25.266 ], [ -65.299, -25.266 ], [ -65.299, -25.233 ], [ -65.266, -25.233 ], [ -65.266, -25.266 ] ] ], [ [ [ -65.099, -25.266 ], [ -65.099, -25.299 ], [ -65.099, -25.333 ], [ -65.099, -25.366 ], [ -65.099, -25.399 ], [ -65.133, -25.399 ], [ -65.133, -25.366 ], [ -65.133, -25.333 ], [ -65.133, -25.299 ], [ -65.133, -25.266 ], [ -65.166, -25.266 ], [ -65.166, -25.233 ], [ -65.133, -25.233 ], [ -65.099, -25.233 ], [ -65.099, -25.266 ] ] ], [ [ [ -65.633, -25.533 ], [ -65.666, -25.533 ], [ -65.666, -25.499 ], [ -65.699, -25.499 ], [ -65.699, -25.466 ], [ -65.699, -25.433 ], [ -65.699, -25.399 ], [ -65.666, -25.399 ], [ -65.633, -25.399 ], [ -65.633, -25.366 ], [ -65.666, -25.366 ], [ -65.666, -25.333 ], [ -65.633, -25.333 ], [ -65.633, -25.299 ], [ -65.599, -25.299 ], [ -65.599, -25.266 ], [ -65.599, -25.233 ], [ -65.566, -25.233 ], [ -65.566, -25.199 ], [ -65.566, -25.166 ], [ -65.566, -25.133 ], [ -65.533, -25.133 ], [ -65.533, -25.166 ], [ -65.533, -25.199 ], [ -65.533, -25.233 ], [ -65.533, -25.266 ], [ -65.566, -25.266 ], [ -65.566, -25.299 ], [ -65.566, -25.333 ], [ -65.599, -25.333 ], [ -65.599, -25.366 ], [ -65.599, -25.399 ], [ -65.599, -25.433 ], [ -65.633, -25.433 ], [ -65.666, -25.433 ], [ -65.666, -25.466 ], [ -65.633, -25.466 ], [ -65.633, -25.499 ], [ -65.633, -25.533 ] ] ], [ [ [ -65.566, -25.133 ], [ -65.599, -25.133 ], [ -65.599, -25.166 ], [ -65.633, -25.166 ], [ -65.666, -25.166 ], [ -65.666, -25.133 ], [ -65.633, -25.133 ], [ -65.633, -25.099 ], [ -65.599, -25.099 ], [ -65.566, -25.099 ], [ -65.566, -25.133 ] ] ], [ [ [ -65.299, -24.966 ], [ -65.299, -24.999 ], [ -65.266, -24.999 ], [ -65.266, -25.033 ], [ -65.266, -25.066 ], [ -65.266, -25.099 ], [ -65.266, -25.133 ], [ -65.233, -25.133 ], [ -65.233, -25.166 ], [ -65.233, -25.199 ], [ -65.266, -25.199 ], [ -65.299, -25.199 ], [ -65.333, -25.199 ], [ -65.333, -25.166 ], [ -65.333, -25.133 ], [ -65.333, -25.099 ], [ -65.299, -25.099 ], [ -65.299, -25.066 ], [ -65.333, -25.066 ], [ -65.333, -25.033 ], [ -65.333, -24.999 ], [ -65.333, -24.966 ], [ -65.299, -24.966 ] ] ], [ [ [ -65.333, -24.933 ], [ -65.366, -24.933 ], [ -65.366, -24.899 ], [ -65.333, -24.899 ], [ -65.333, -24.933 ] ] ], [ [ [ -65.633, -25.099 ], [ -65.666, -25.099 ], [ -65.666, -25.066 ], [ -65.666, -25.033 ], [ -65.699, -25.033 ], [ -65.699, -24.999 ], [ -65.699, -24.966 ], [ -65.699, -24.933 ], [ -65.699, -24.899 ], [ -65.666, -24.899 ], [ -65.666, -24.866 ], [ -65.633, -24.866 ], [ -65.633, -24.899 ], [ -65.633, -24.933 ], [ -65.666, -24.933 ], [ -65.666, -24.966 ], [ -65.666, -24.999 ], [ -65.633, -24.999 ], [ -65.633, -25.033 ], [ -65.633, -25.066 ], [ -65.633, -25.099 ] ] ], [ [ [ -64.666, -24.833 ], [ -64.666, -24.866 ], [ -64.666, -24.899 ], [ -64.699, -24.899 ], [ -64.699, -24.866 ], [ -64.699, -24.833 ], [ -64.733, -24.833 ], [ -64.733, -24.799 ], [ -64.699, -24.799 ], [ -64.666, -24.799 ], [ -64.666, -24.833 ] ] ], [ [ [ -65.533, -24.733 ], [ -65.533, -24.766 ], [ -65.566, -24.766 ], [ -65.566, -24.799 ], [ -65.533, -24.799 ], [ -65.533, -24.833 ], [ -65.566, -24.833 ], [ -65.599, -24.833 ], [ -65.633, -24.833 ], [ -65.633, -24.799 ], [ -65.633, -24.766 ], [ -65.599, -24.766 ], [ -65.599, -24.733 ], [ -65.566, -24.733 ], [ -65.533, -24.733 ] ] ], [ [ [ -64.733, -24.733 ], [ -64.733, -24.766 ], [ -64.766, -24.766 ], [ -64.766, -24.799 ], [ -64.766, -24.833 ], [ -64.799, -24.833 ], [ -64.799, -24.799 ], [ -64.833, -24.799 ], [ -64.866, -24.799 ], [ -64.866, -24.766 ], [ -64.833, -24.766 ], [ -64.799, -24.766 ], [ -64.799, -24.733 ], [ -64.766, -24.733 ], [ -64.733, -24.733 ] ] ], [ [ [ -64.733, -24.733 ], [ -64.733, -24.699 ], [ -64.699, -24.699 ], [ -64.699, -24.733 ], [ -64.733, -24.733 ] ] ], [ [ [ -65.533, -24.733 ], [ -65.533, -24.699 ], [ -65.533, -24.666 ], [ -65.533, -24.633 ], [ -65.499, -24.633 ], [ -65.499, -24.666 ], [ -65.499, -24.699 ], [ -65.499, -24.733 ], [ -65.533, -24.733 ] ] ], [ [ [ -64.566, -24.599 ], [ -64.566, -24.633 ], [ -64.599, -24.633 ], [ -64.633, -24.633 ], [ -64.633, -24.599 ], [ -64.599, -24.599 ], [ -64.566, -24.599 ] ] ], [ [ [ -64.566, -24.599 ], [ -64.566, -24.566 ], [ -64.566, -24.533 ], [ -64.533, -24.533 ], [ -64.499, -24.533 ], [ -64.499, -24.566 ], [ -64.533, -24.566 ], [ -64.533, -24.599 ], [ -64.566, -24.599 ] ] ], [ [ [ -65.433, -24.499 ], [ -65.433, -24.533 ], [ -65.433, -24.566 ], [ -65.433, -24.599 ], [ -65.466, -24.599 ], [ -65.499, -24.599 ], [ -65.499, -24.566 ], [ -65.466, -24.566 ], [ -65.466, -24.533 ], [ -65.466, -24.499 ], [ -65.433, -24.499 ] ] ], [ [ [ -65.433, -24.499 ], [ -65.433, -24.466 ], [ -65.399, -24.466 ], [ -65.399, -24.499 ], [ -65.433, -24.499 ] ] ], [ [ [ -64.533, -24.499 ], [ -64.566, -24.499 ], [ -64.566, -24.466 ], [ -64.533, -24.466 ], [ -64.533, -24.499 ] ] ], [ [ [ -64.499, -24.433 ], [ -64.466, -24.433 ], [ -64.466, -24.466 ], [ -64.466, -24.499 ], [ -64.499, -24.499 ], [ -64.499, -24.466 ], [ -64.499, -24.433 ] ] ], [ [ [ -64.499, -24.433 ], [ -64.533, -24.433 ], [ -64.533, -24.399 ], [ -64.499, -24.399 ], [ -64.499, -24.433 ] ] ], [ [ [ -64.466, -24.433 ], [ -64.466, -24.399 ], [ -64.433, -24.399 ], [ -64.433, -24.433 ], [ -64.466, -24.433 ] ] ], [ [ [ -64.366, -24.433 ], [ -64.399, -24.433 ], [ -64.399, -24.399 ], [ -64.366, -24.399 ], [ -64.366, -24.433 ] ] ], [ [ [ -65.399, -24.433 ], [ -65.433, -24.433 ], [ -65.433, -24.399 ], [ -65.433, -24.366 ], [ -65.399, -24.366 ], [ -65.399, -24.399 ], [ -65.399, -24.433 ] ] ], [ [ [ -64.433, -24.366 ], [ -64.466, -24.366 ], [ -64.466, -24.333 ], [ -64.433, -24.333 ], [ -64.399, -24.333 ], [ -64.399, -24.366 ], [ -64.433, -24.366 ] ] ], [ [ [ -64.499, -24.266 ], [ -64.466, -24.266 ], [ -64.466, -24.299 ], [ -64.499, -24.299 ], [ -64.499, -24.266 ] ] ], [ [ [ -64.499, -24.266 ], [ -64.533, -24.266 ], [ -64.533, -24.233 ], [ -64.499, -24.233 ], [ -64.499, -24.266 ] ] ], [ [ [ -65.466, -24.199 ], [ -65.433, -24.199 ], [ -65.433, -24.233 ], [ -65.399, -24.233 ], [ -65.399, -24.266 ], [ -65.399, -24.299 ], [ -65.399, -24.333 ], [ -65.433, -24.333 ], [ -65.433, -24.299 ], [ -65.433, -24.266 ], [ -65.466, -24.266 ], [ -65.466, -24.233 ], [ -65.466, -24.199 ] ] ], [ [ [ -65.099, -24.199 ], [ -65.066, -24.199 ], [ -65.066, -24.233 ], [ -65.099, -24.233 ], [ -65.099, -24.199 ] ] ], [ [ [ -65.466, -24.199 ], [ -65.499, -24.199 ], [ -65.499, -24.166 ], [ -65.466, -24.166 ], [ -65.466, -24.199 ] ] ], [ [ [ -64.366, -24.299 ], [ -64.399, -24.299 ], [ -64.399, -24.266 ], [ -64.366, -24.266 ], [ -64.366, -24.233 ], [ -64.366, -24.199 ], [ -64.366, -24.166 ], [ -64.333, -24.166 ], [ -64.333, -24.199 ], [ -64.333, -24.233 ], [ -64.333, -24.266 ], [ -64.333, -24.299 ], [ -64.366, -24.299 ] ] ], [ [ [ -65.099, -24.199 ], [ -65.133, -24.199 ], [ -65.133, -24.166 ], [ -65.133, -24.133 ], [ -65.099, -24.133 ], [ -65.099, -24.166 ], [ -65.099, -24.199 ] ] ], [ [ [ -64.499, -24.166 ], [ -64.533, -24.166 ], [ -64.533, -24.133 ], [ -64.499, -24.133 ], [ -64.499, -24.166 ] ] ], [ [ [ -64.433, -24.233 ], [ -64.466, -24.233 ], [ -64.466, -24.199 ], [ -64.466, -24.166 ], [ -64.466, -24.133 ], [ -64.433, -24.133 ], [ -64.433, -24.166 ], [ -64.433, -24.199 ], [ -64.433, -24.233 ] ] ], [ [ [ -65.266, -24.133 ], [ -65.299, -24.133 ], [ -65.299, -24.099 ], [ -65.266, -24.099 ], [ -65.266, -24.133 ] ] ], [ [ [ -64.466, -24.066 ], [ -64.466, -24.099 ], [ -64.499, -24.099 ], [ -64.499, -24.066 ], [ -64.466, -24.066 ] ] ], [ [ [ -65.166, -24.066 ], [ -65.199, -24.066 ], [ -65.199, -24.033 ], [ -65.166, -24.033 ], [ -65.166, -24.066 ] ] ], [ [ [ -64.466, -24.066 ], [ -64.466, -24.033 ], [ -64.466, -23.999 ], [ -64.466, -23.966 ], [ -64.433, -23.966 ], [ -64.433, -23.999 ], [ -64.433, -24.033 ], [ -64.433, -24.066 ], [ -64.466, -24.066 ] ] ], [ [ [ -65.233, -23.933 ], [ -65.199, -23.933 ], [ -65.199, -23.966 ], [ -65.233, -23.966 ], [ -65.233, -23.933 ] ] ], [ [ [ -65.233, -23.933 ], [ -65.266, -23.933 ], [ -65.266, -23.966 ], [ -65.299, -23.966 ], [ -65.333, -23.966 ], [ -65.333, -23.999 ], [ -65.299, -23.999 ], [ -65.266, -23.999 ], [ -65.233, -23.999 ], [ -65.233, -24.033 ], [ -65.266, -24.033 ], [ -65.299, -24.033 ], [ -65.333, -24.033 ], [ -65.333, -24.066 ], [ -65.333, -24.099 ], [ -65.333, -24.133 ], [ -65.366, -24.133 ], [ -65.366, -24.099 ], [ -65.399, -24.099 ], [ -65.399, -24.066 ], [ -65.433, -24.066 ], [ -65.433, -24.099 ], [ -65.433, -24.133 ], [ -65.433, -24.166 ], [ -65.466, -24.166 ], [ -65.466, -24.133 ], [ -65.466, -24.099 ], [ -65.466, -24.066 ], [ -65.466, -24.033 ], [ -65.466, -23.999 ], [ -65.433, -23.999 ], [ -65.433, -24.033 ], [ -65.399, -24.033 ], [ -65.399, -23.999 ], [ -65.399, -23.966 ], [ -65.399, -23.933 ], [ -65.399, -23.899 ], [ -65.366, -23.899 ], [ -65.333, -23.899 ], [ -65.299, -23.899 ], [ -65.299, -23.866 ], [ -65.266, -23.866 ], [ -65.233, -23.866 ], [ -65.233, -23.899 ], [ -65.233, -23.933 ] ] ], [ [ [ -65.233, -23.866 ], [ -65.233, -23.833 ], [ -65.199, -23.833 ], [ -65.199, -23.866 ], [ -65.233, -23.866 ] ] ], [ [ [ -65.166, -23.733 ], [ -65.166, -23.766 ], [ -65.166, -23.799 ], [ -65.199, -23.799 ], [ -65.233, -23.799 ], [ -65.233, -23.766 ], [ -65.199, -23.766 ], [ -65.199, -23.733 ], [ -65.166, -23.733 ] ] ], [ [ [ -65.166, -23.733 ], [ -65.166, -23.699 ], [ -65.133, -23.699 ], [ -65.133, -23.733 ], [ -65.166, -23.733 ] ] ], [ [ [ -64.999, -23.666 ], [ -65.033, -23.666 ], [ -65.033, -23.633 ], [ -64.999, -23.633 ], [ -64.966, -23.633 ], [ -64.966, -23.666 ], [ -64.999, -23.666 ] ] ], [ [ [ -64.766, -23.633 ], [ -64.799, -23.633 ], [ -64.799, -23.599 ], [ -64.766, -23.599 ], [ -64.766, -23.633 ] ] ], [ [ [ -65.066, -23.633 ], [ -65.099, -23.633 ], [ -65.099, -23.599 ], [ -65.099, -23.566 ], [ -65.066, -23.566 ], [ -65.066, -23.599 ], [ -65.066, -23.633 ] ] ], [ [ [ -64.999, -23.533 ], [ -64.999, -23.566 ], [ -65.033, -23.566 ], [ -65.033, -23.533 ], [ -64.999, -23.533 ] ] ], [ [ [ -64.966, -23.533 ], [ -64.933, -23.533 ], [ -64.933, -23.566 ], [ -64.933, -23.599 ], [ -64.966, -23.599 ], [ -64.966, -23.566 ], [ -64.966, -23.533 ] ] ], [ [ [ -64.966, -23.533 ], [ -64.999, -23.533 ], [ -64.999, -23.499 ], [ -64.966, -23.499 ], [ -64.966, -23.533 ] ] ], [ [ [ -64.933, -23.533 ], [ -64.933, -23.499 ], [ -64.899, -23.499 ], [ -64.899, -23.533 ], [ -64.933, -23.533 ] ] ], [ [ [ -64.933, -23.499 ], [ -64.966, -23.499 ], [ -64.966, -23.466 ], [ -64.933, -23.466 ], [ -64.933, -23.499 ] ] ], [ [ [ -64.799, -23.433 ], [ -64.766, -23.433 ], [ -64.733, -23.433 ], [ -64.733, -23.466 ], [ -64.733, -23.499 ], [ -64.766, -23.499 ], [ -64.766, -23.466 ], [ -64.799, -23.466 ], [ -64.799, -23.433 ] ] ], [ [ [ -64.799, -23.433 ], [ -64.833, -23.433 ], [ -64.833, -23.399 ], [ -64.799, -23.399 ], [ -64.799, -23.433 ] ] ], [ [ [ -64.799, -23.299 ], [ -64.766, -23.299 ], [ -64.766, -23.333 ], [ -64.799, -23.333 ], [ -64.799, -23.299 ] ] ], [ [ [ -64.799, -23.299 ], [ -64.833, -23.299 ], [ -64.833, -23.266 ], [ -64.799, -23.266 ], [ -64.799, -23.299 ] ] ], [ [ [ -64.799, -23.266 ], [ -64.799, -23.233 ], [ -64.766, -23.233 ], [ -64.766, -23.266 ], [ -64.799, -23.266 ] ] ], [ [ [ -64.766, -23.199 ], [ -64.799, -23.199 ], [ -64.799, -23.166 ], [ -64.799, -23.133 ], [ -64.766, -23.133 ], [ -64.766, -23.166 ], [ -64.766, -23.199 ] ] ], [ [ [ -64.833, -23.099 ], [ -64.866, -23.099 ], [ -64.866, -23.066 ], [ -64.833, -23.066 ], [ -64.799, -23.066 ], [ -64.799, -23.099 ], [ -64.833, -23.099 ] ] ], [ [ [ -64.799, -23.033 ], [ -64.833, -23.033 ], [ -64.833, -22.999 ], [ -64.799, -22.999 ], [ -64.799, -23.033 ] ] ], [ [ [ -64.866, -22.999 ], [ -64.899, -22.999 ], [ -64.899, -22.966 ], [ -64.866, -22.966 ], [ -64.866, -22.999 ] ] ], [ [ [ -64.933, -22.933 ], [ -64.933, -22.966 ], [ -64.966, -22.966 ], [ -64.966, -22.933 ], [ -64.933, -22.933 ] ] ], [ [ [ -64.933, -22.933 ], [ -64.933, -22.899 ], [ -64.933, -22.866 ], [ -64.899, -22.866 ], [ -64.866, -22.866 ], [ -64.866, -22.899 ], [ -64.899, -22.899 ], [ -64.899, -22.933 ], [ -64.933, -22.933 ] ] ], [ [ [ -64.866, -22.766 ], [ -64.833, -22.766 ], [ -64.833, -22.799 ], [ -64.866, -22.799 ], [ -64.866, -22.766 ] ] ], [ [ [ -64.866, -22.766 ], [ -64.899, -22.766 ], [ -64.899, -22.799 ], [ -64.933, -22.799 ], [ -64.933, -22.833 ], [ -64.966, -22.833 ], [ -64.966, -22.866 ], [ -64.999, -22.866 ], [ -64.999, -22.833 ], [ -64.999, -22.799 ], [ -64.966, -22.799 ], [ -64.966, -22.766 ], [ -64.966, -22.733 ], [ -64.966, -22.699 ], [ -64.999, -22.699 ], [ -64.999, -22.733 ], [ -64.999, -22.766 ], [ -65.033, -22.766 ], [ -65.033, -22.733 ], [ -65.033, -22.699 ], [ -65.066, -22.699 ], [ -65.066, -22.666 ], [ -65.099, -22.666 ], [ -65.099, -22.633 ], [ -65.066, -22.633 ], [ -65.033, -22.633 ], [ -65.033, -22.666 ], [ -64.999, -22.666 ], [ -64.999, -22.633 ], [ -64.966, -22.633 ], [ -64.933, -22.633 ], [ -64.933, -22.599 ], [ -64.933, -22.566 ], [ -64.899, -22.566 ], [ -64.899, -22.533 ], [ -64.866, -22.533 ], [ -64.866, -22.566 ], [ -64.866, -22.599 ], [ -64.866, -22.633 ], [ -64.833, -22.633 ], [ -64.833, -22.666 ], [ -64.866, -22.666 ], [ -64.899, -22.666 ], [ -64.933, -22.666 ], [ -64.933, -22.699 ], [ -64.933, -22.733 ], [ -64.899, -22.733 ], [ -64.866, -22.733 ], [ -64.866, -22.766 ] ] ], [ [ [ -64.866, -22.533 ], [ -64.866, -22.499 ], [ -64.833, -22.499 ], [ -64.799, -22.499 ], [ -64.799, -22.533 ], [ -64.833, -22.533 ], [ -64.866, -22.533 ] ] ], [ [ [ -64.799, -22.499 ], [ -64.799, -22.466 ], [ -64.799, -22.433 ], [ -64.799, -22.399 ], [ -64.766, -22.399 ], [ -64.766, -22.366 ], [ -64.733, -22.366 ], [ -64.733, -22.333 ], [ -64.699, -22.333 ], [ -64.699, -22.366 ], [ -64.699, -22.399 ], [ -64.699, -22.433 ], [ -64.733, -22.433 ], [ -64.766, -22.433 ], [ -64.766, -22.466 ], [ -64.766, -22.499 ], [ -64.799, -22.499 ] ] ], [ [ [ -64.733, -22.333 ], [ -64.766, -22.333 ], [ -64.766, -22.299 ], [ -64.766, -22.266 ], [ -64.733, -22.266 ], [ -64.733, -22.233 ], [ -64.699, -22.233 ], [ -64.666, -22.233 ], [ -64.666, -22.266 ], [ -64.666, -22.299 ], [ -64.699, -22.299 ], [ -64.733, -22.299 ], [ -64.733, -22.333 ] ] ], [ [ [ -64.899, -22.233 ], [ -64.933, -22.233 ], [ -64.933, -22.199 ], [ -64.899, -22.199 ], [ -64.899, -22.233 ] ] ], [ [ [ -64.733, -22.233 ], [ -64.766, -22.233 ], [ -64.766, -22.199 ], [ -64.733, -22.199 ], [ -64.733, -22.233 ] ] ], [ [ [ -64.828, -22.142 ], [ -64.828, -22.142 ], [ -64.827, -22.142 ], [ -64.827, -22.142 ], [ -64.827, -22.141 ], [ -64.826, -22.142 ], [ -64.826, -22.142 ], [ -64.826, -22.142 ], [ -64.826, -22.142 ], [ -64.825, -22.142 ], [ -64.825, -22.142 ], [ -64.824, -22.143 ], [ -64.824, -22.143 ], [ -64.823, -22.143 ], [ -64.823, -22.143 ], [ -64.823, -22.143 ], [ -64.822, -22.143 ], [ -64.822, -22.143 ], [ -64.822, -22.144 ], [ -64.822, -22.144 ], [ -64.821, -22.144 ], [ -64.821, -22.144 ], [ -64.820, -22.144 ], [ -64.820, -22.144 ], [ -64.819, -22.144 ], [ -64.819, -22.145 ], [ -64.819, -22.144 ], [ -64.818, -22.144 ], [ -64.818, -22.144 ], [ -64.818, -22.144 ], [ -64.818, -22.144 ], [ -64.818, -22.144 ], [ -64.817, -22.145 ], [ -64.817, -22.145 ], [ -64.817, -22.145 ], [ -64.817, -22.146 ], [ -64.817, -22.147 ], [ -64.817, -22.147 ], [ -64.817, -22.148 ], [ -64.817, -22.148 ], [ -64.816, -22.148 ], [ -64.816, -22.148 ], [ -64.816, -22.148 ], [ -64.815, -22.148 ], [ -64.815, -22.148 ], [ -64.815, -22.148 ], [ -64.815, -22.149 ], [ -64.815, -22.149 ], [ -64.815, -22.149 ], [ -64.815, -22.149 ], [ -64.815, -22.150 ], [ -64.814, -22.150 ], [ -64.814, -22.150 ], [ -64.813, -22.149 ], [ -64.813, -22.149 ], [ -64.813, -22.150 ], [ -64.812, -22.150 ], [ -64.812, -22.150 ], [ -64.812, -22.150 ], [ -64.812, -22.151 ], [ -64.811, -22.151 ], [ -64.811, -22.151 ], [ -64.812, -22.151 ], [ -64.812, -22.151 ], [ -64.812, -22.152 ], [ -64.812, -22.152 ], [ -64.812, -22.152 ], [ -64.812, -22.152 ], [ -64.811, -22.152 ], [ -64.811, -22.152 ], [ -64.810, -22.152 ], [ -64.810, -22.152 ], [ -64.810, -22.153 ], [ -64.809, -22.153 ], [ -64.809, -22.153 ], [ -64.809, -22.154 ], [ -64.808, -22.154 ], [ -64.808, -22.154 ], [ -64.808, -22.154 ], [ -64.807, -22.154 ], [ -64.807, -22.154 ], [ -64.807, -22.155 ], [ -64.807, -22.155 ], [ -64.807, -22.155 ], [ -64.806, -22.155 ], [ -64.806, -22.155 ], [ -64.806, -22.155 ], [ -64.805, -22.156 ], [ -64.805, -22.155 ], [ -64.804, -22.155 ], [ -64.804, -22.156 ], [ -64.804, -22.156 ], [ -64.803, -22.156 ], [ -64.803, -22.156 ], [ -64.804, -22.157 ], [ -64.804, -22.157 ], [ -64.804, -22.157 ], [ -64.803, -22.157 ], [ -64.803, -22.158 ], [ -64.803, -22.157 ], [ -64.802, -22.157 ], [ -64.802, -22.157 ], [ -64.801, -22.158 ], [ -64.801, -22.158 ], [ -64.801, -22.158 ], [ -64.800, -22.159 ], [ -64.800, -22.159 ], [ -64.800, -22.159 ], [ -64.799, -22.159 ], [ -64.799, -22.159 ], [ -64.798, -22.159 ], [ -64.798, -22.159 ], [ -64.798, -22.160 ], [ -64.797, -22.160 ], [ -64.797, -22.160 ], [ -64.797, -22.160 ], [ -64.797, -22.161 ], [ -64.797, -22.161 ], [ -64.797, -22.161 ], [ -64.796, -22.161 ], [ -64.796, -22.161 ], [ -64.796, -22.161 ], [ -64.795, -22.161 ], [ -64.795, -22.161 ], [ -64.795, -22.161 ], [ -64.795, -22.161 ], [ -64.795, -22.161 ], [ -64.799, -22.166 ], [ -64.799, -22.199 ], [ -64.799, -22.233 ], [ -64.833, -22.233 ], [ -64.833, -22.199 ], [ -64.833, -22.166 ], [ -64.833, -22.143 ], [ -64.832, -22.143 ], [ -64.832, -22.143 ], [ -64.832, -22.144 ], [ -64.831, -22.144 ], [ -64.831, -22.143 ], [ -64.831, -22.143 ], [ -64.831, -22.143 ], [ -64.831, -22.142 ], [ -64.831, -22.142 ], [ -64.831, -22.142 ], [ -64.831, -22.141 ], [ -64.830, -22.141 ], [ -64.830, -22.141 ], [ -64.830, -22.141 ], [ -64.830, -22.141 ], [ -64.829, -22.141 ], [ -64.829, -22.141 ], [ -64.829, -22.142 ], [ -64.828, -22.142 ] ] ] ] } }
]
}
