{
"type": "FeatureCollection",
                                                                                                                                  
"features": [
{ "type": "Feature", "properties": { "pm_icon": "AR_6a", "hzs": "6a" }, "geometry": { "type": "MultiPolygon", "coordinates": [ [ [ [ -72.266, -50.733 ], [ -72.266, -50.766 ], [ -72.299, -50.766 ], [ -72.299, -50.733 ], [ -72.266, -50.733 ] ] ], [ [ [ -72.233, -50.733 ], [ -72.199, -50.733 ], [ -72.199, -50.766 ], [ -72.233, -50.766 ], [ -72.233, -50.733 ] ] ], [ [ [ -72.233, -50.733 ], [ -72.266, -50.733 ], [ -72.266, -50.699 ], [ -72.233, -50.699 ], [ -72.233, -50.733 ] ] ], [ [ [ -73.233, -50.533 ], [ -73.199, -50.533 ], [ -73.199, -50.566 ], [ -73.199, -50.599 ], [ -73.199, -50.633 ], [ -73.233, -50.633 ], [ -73.233, -50.666 ], [ -73.236, -50.666 ], [ -73.238, -50.665 ], [ -73.244, -50.663 ], [ -73.250, -50.659 ], [ -73.252, -50.655 ], [ -73.256, -50.652 ], [ -73.262, -50.651 ], [ -73.267, -50.650 ], [ -73.270, -50.648 ], [ -73.272, -50.647 ], [ -73.272, -50.643 ], [ -73.271, -50.640 ], [ -73.270, -50.638 ], [ -73.268, -50.636 ], [ -73.266, -50.635 ], [ -73.266, -50.631 ], [ -73.267, -50.628 ], [ -73.268, -50.624 ], [ -73.272, -50.620 ], [ -73.272, -50.619 ], [ -73.273, -50.616 ], [ -73.273, -50.615 ], [ -73.276, -50.612 ], [ -73.277, -50.611 ], [ -73.266, -50.599 ], [ -73.233, -50.599 ], [ -73.233, -50.566 ], [ -73.233, -50.533 ] ] ], [ [ [ -73.233, -50.533 ], [ -73.266, -50.533 ], [ -73.266, -50.499 ], [ -73.233, -50.499 ], [ -73.233, -50.533 ] ] ], [ [ [ -73.266, -50.499 ], [ -73.299, -50.499 ], [ -73.299, -50.466 ], [ -73.266, -50.466 ], [ -73.266, -50.499 ] ] ], [ [ [ -73.366, -50.466 ], [ -73.399, -50.466 ], [ -73.407, -50.459 ], [ -73.405, -50.456 ], [ -73.403, -50.451 ], [ -73.403, -50.450 ], [ -73.404, -50.448 ], [ -73.407, -50.447 ], [ -73.409, -50.445 ], [ -73.412, -50.445 ], [ -73.399, -50.433 ], [ -73.366, -50.433 ], [ -73.333, -50.433 ], [ -73.333, -50.466 ], [ -73.366, -50.466 ] ] ], [ [ [ -73.533, -50.266 ], [ -73.547, -50.280 ], [ -73.549, -50.278 ], [ -73.552, -50.275 ], [ -73.555, -50.274 ], [ -73.559, -50.273 ], [ -73.562, -50.273 ], [ -73.564, -50.272 ], [ -73.565, -50.270 ], [ -73.565, -50.265 ], [ -73.565, -50.258 ], [ -73.564, -50.255 ], [ -73.562, -50.250 ], [ -73.555, -50.238 ], [ -73.551, -50.231 ], [ -73.549, -50.228 ], [ -73.550, -50.224 ], [ -73.550, -50.223 ], [ -73.553, -50.222 ], [ -73.556, -50.220 ], [ -73.558, -50.218 ], [ -73.559, -50.216 ], [ -73.559, -50.214 ], [ -73.558, -50.208 ], [ -73.556, -50.202 ], [ -73.555, -50.196 ], [ -73.554, -50.193 ], [ -73.555, -50.190 ], [ -73.555, -50.186 ], [ -73.555, -50.184 ], [ -73.553, -50.181 ], [ -73.551, -50.179 ], [ -73.548, -50.177 ], [ -73.543, -50.173 ], [ -73.538, -50.169 ], [ -73.533, -50.167 ], [ -73.533, -50.199 ], [ -73.533, -50.233 ], [ -73.533, -50.266 ] ] ], [ [ [ -73.499, -50.166 ], [ -73.531, -50.166 ], [ -73.528, -50.165 ], [ -73.524, -50.162 ], [ -73.522, -50.157 ], [ -73.520, -50.153 ], [ -73.520, -50.149 ], [ -73.521, -50.145 ], [ -73.522, -50.143 ], [ -73.524, -50.140 ], [ -73.530, -50.134 ], [ -73.536, -50.129 ], [ -73.538, -50.126 ], [ -73.541, -50.122 ], [ -73.541, -50.119 ], [ -73.539, -50.115 ], [ -73.534, -50.111 ], [ -73.529, -50.109 ], [ -73.520, -50.105 ], [ -73.509, -50.098 ], [ -73.502, -50.093 ], [ -73.5, -50.090 ], [ -73.497, -50.088 ], [ -73.495, -50.085 ], [ -73.493, -50.084 ], [ -73.489, -50.081 ], [ -73.487, -50.077 ], [ -73.486, -50.074 ], [ -73.486, -50.072 ], [ -73.489, -50.067 ], [ -73.490, -50.066 ], [ -73.466, -50.066 ], [ -73.466, -50.099 ], [ -73.499, -50.099 ], [ -73.499, -50.133 ], [ -73.499, -50.166 ] ] ], [ [ [ -72.999, -50.033 ], [ -72.966, -50.033 ], [ -72.966, -50.066 ], [ -72.999, -50.066 ], [ -72.999, -50.033 ] ] ], [ [ [ -73.433, -50.033 ], [ -73.466, -50.033 ], [ -73.466, -49.999 ], [ -73.433, -49.999 ], [ -73.433, -50.033 ] ] ], [ [ [ -72.999, -50.033 ], [ -73.033, -50.033 ], [ -73.033, -49.999 ], [ -72.999, -49.999 ], [ -72.999, -50.033 ] ] ], [ [ [ -72.999, -49.966 ], [ -73.033, -49.966 ], [ -73.033, -49.933 ], [ -72.999, -49.933 ], [ -72.999, -49.966 ] ] ], [ [ [ -72.933, -49.933 ], [ -72.899, -49.933 ], [ -72.899, -49.966 ], [ -72.933, -49.966 ], [ -72.933, -49.933 ] ] ], [ [ [ -72.933, -49.933 ], [ -72.966, -49.933 ], [ -72.966, -49.899 ], [ -72.933, -49.899 ], [ -72.933, -49.933 ] ] ], [ [ [ -73.399, -49.899 ], [ -73.433, -49.899 ], [ -73.433, -49.866 ], [ -73.433, -49.833 ], [ -73.399, -49.833 ], [ -73.399, -49.866 ], [ -73.399, -49.899 ] ] ], [ [ [ -73.099, -49.833 ], [ -73.133, -49.833 ], [ -73.133, -49.789 ], [ -73.099, -49.789 ], [ -73.099, -49.833 ] ] ], [ [ [ -72.566, -49.299 ], [ -72.599, -49.299 ], [ -72.599, -49.266 ], [ -72.566, -49.266 ], [ -72.566, -49.299 ] ] ], [ [ [ -72.499, -49.266 ], [ -72.499, -49.299 ], [ -72.466, -49.299 ], [ -72.466, -49.333 ], [ -72.499, -49.333 ], [ -72.533, -49.333 ], [ -72.533, -49.299 ], [ -72.533, -49.266 ], [ -72.499, -49.266 ] ] ], [ [ [ -72.166, -48.866 ], [ -72.166, -48.899 ], [ -72.199, -48.899 ], [ -72.199, -48.866 ], [ -72.166, -48.866 ] ] ], [ [ [ -72.166, -48.866 ], [ -72.166, -48.833 ], [ -72.133, -48.833 ], [ -72.099, -48.833 ], [ -72.066, -48.833 ], [ -72.066, -48.866 ], [ -72.066, -48.899 ], [ -72.066, -48.933 ], [ -72.066, -48.966 ], [ -72.099, -48.966 ], [ -72.133, -48.966 ], [ -72.166, -48.966 ], [ -72.199, -48.966 ], [ -72.199, -48.933 ], [ -72.166, -48.933 ], [ -72.133, -48.933 ], [ -72.099, -48.933 ], [ -72.099, -48.899 ], [ -72.133, -48.899 ], [ -72.133, -48.866 ], [ -72.166, -48.866 ] ] ], [ [ [ -71.733, -48.533 ], [ -71.733, -48.566 ], [ -71.699, -48.566 ], [ -71.699, -48.599 ], [ -71.733, -48.599 ], [ -71.733, -48.633 ], [ -71.766, -48.633 ], [ -71.799, -48.633 ], [ -71.799, -48.599 ], [ -71.833, -48.599 ], [ -71.833, -48.566 ], [ -71.799, -48.566 ], [ -71.799, -48.533 ], [ -71.766, -48.533 ], [ -71.733, -48.533 ] ] ], [ [ [ -72.378, -48.454 ], [ -72.366, -48.466 ], [ -72.333, -48.466 ], [ -72.333, -48.499 ], [ -72.366, -48.499 ], [ -72.399, -48.499 ], [ -72.408, -48.491 ], [ -72.406, -48.490 ], [ -72.406, -48.489 ], [ -72.404, -48.489 ], [ -72.402, -48.487 ], [ -72.401, -48.486 ], [ -72.400, -48.486 ], [ -72.398, -48.485 ], [ -72.398, -48.484 ], [ -72.397, -48.484 ], [ -72.396, -48.484 ], [ -72.394, -48.484 ], [ -72.393, -48.483 ], [ -72.392, -48.483 ], [ -72.392, -48.483 ], [ -72.392, -48.482 ], [ -72.392, -48.482 ], [ -72.392, -48.481 ], [ -72.391, -48.480 ], [ -72.391, -48.479 ], [ -72.391, -48.478 ], [ -72.391, -48.477 ], [ -72.391, -48.475 ], [ -72.391, -48.474 ], [ -72.391, -48.473 ], [ -72.391, -48.472 ], [ -72.391, -48.472 ], [ -72.391, -48.471 ], [ -72.390, -48.470 ], [ -72.389, -48.470 ], [ -72.389, -48.469 ], [ -72.388, -48.468 ], [ -72.388, -48.467 ], [ -72.387, -48.467 ], [ -72.386, -48.465 ], [ -72.385, -48.463 ], [ -72.384, -48.462 ], [ -72.382, -48.460 ], [ -72.382, -48.459 ], [ -72.381, -48.458 ], [ -72.381, -48.457 ], [ -72.380, -48.456 ], [ -72.379, -48.454 ], [ -72.378, -48.454 ] ] ], [ [ [ -72.099, -48.199 ], [ -72.133, -48.199 ], [ -72.133, -48.166 ], [ -72.133, -48.133 ], [ -72.099, -48.133 ], [ -72.099, -48.166 ], [ -72.099, -48.199 ] ] ], [ [ [ -72.233, -47.933 ], [ -72.266, -47.933 ], [ -72.266, -47.899 ], [ -72.233, -47.899 ], [ -72.233, -47.933 ] ] ], [ [ [ -71.866, -47.766 ], [ -71.899, -47.766 ], [ -71.899, -47.733 ], [ -71.866, -47.733 ], [ -71.866, -47.766 ] ] ], [ [ [ -71.866, -47.766 ], [ -71.833, -47.766 ], [ -71.833, -47.733 ], [ -71.833, -47.699 ], [ -71.799, -47.699 ], [ -71.799, -47.733 ], [ -71.766, -47.733 ], [ -71.766, -47.766 ], [ -71.733, -47.766 ], [ -71.733, -47.799 ], [ -71.699, -47.799 ], [ -71.699, -47.833 ], [ -71.699, -47.866 ], [ -71.699, -47.899 ], [ -71.699, -47.933 ], [ -71.733, -47.933 ], [ -71.766, -47.933 ], [ -71.766, -47.899 ], [ -71.766, -47.866 ], [ -71.799, -47.866 ], [ -71.799, -47.833 ], [ -71.833, -47.833 ], [ -71.833, -47.799 ], [ -71.866, -47.799 ], [ -71.866, -47.766 ] ] ], [ [ [ -72.299, -47.699 ], [ -72.333, -47.699 ], [ -72.333, -47.666 ], [ -72.299, -47.666 ], [ -72.299, -47.699 ] ] ], [ [ [ -72.199, -47.699 ], [ -72.233, -47.699 ], [ -72.233, -47.666 ], [ -72.199, -47.666 ], [ -72.199, -47.699 ] ] ], [ [ [ -72.366, -47.636 ], [ -72.366, -47.666 ], [ -72.418, -47.666 ], [ -72.418, -47.666 ], [ -72.418, -47.664 ], [ -72.418, -47.664 ], [ -72.419, -47.663 ], [ -72.419, -47.663 ], [ -72.419, -47.662 ], [ -72.418, -47.662 ], [ -72.417, -47.662 ], [ -72.416, -47.661 ], [ -72.415, -47.661 ], [ -72.414, -47.660 ], [ -72.413, -47.660 ], [ -72.412, -47.659 ], [ -72.411, -47.659 ], [ -72.411, -47.660 ], [ -72.410, -47.660 ], [ -72.409, -47.659 ], [ -72.409, -47.659 ], [ -72.407, -47.659 ], [ -72.406, -47.658 ], [ -72.405, -47.658 ], [ -72.404, -47.658 ], [ -72.403, -47.658 ], [ -72.402, -47.658 ], [ -72.401, -47.659 ], [ -72.399, -47.660 ], [ -72.398, -47.660 ], [ -72.397, -47.659 ], [ -72.396, -47.659 ], [ -72.396, -47.658 ], [ -72.397, -47.657 ], [ -72.398, -47.657 ], [ -72.399, -47.656 ], [ -72.400, -47.655 ], [ -72.400, -47.654 ], [ -72.401, -47.653 ], [ -72.401, -47.653 ], [ -72.399, -47.652 ], [ -72.397, -47.651 ], [ -72.395, -47.649 ], [ -72.394, -47.648 ], [ -72.392, -47.647 ], [ -72.392, -47.646 ], [ -72.392, -47.645 ], [ -72.392, -47.644 ], [ -72.391, -47.644 ], [ -72.390, -47.644 ], [ -72.388, -47.642 ], [ -72.387, -47.641 ], [ -72.385, -47.641 ], [ -72.384, -47.640 ], [ -72.382, -47.639 ], [ -72.380, -47.638 ], [ -72.380, -47.638 ], [ -72.379, -47.637 ], [ -72.378, -47.637 ], [ -72.378, -47.636 ], [ -72.378, -47.637 ], [ -72.377, -47.637 ], [ -72.376, -47.637 ], [ -72.374, -47.637 ], [ -72.373, -47.637 ], [ -72.370, -47.637 ], [ -72.368, -47.637 ], [ -72.366, -47.636 ], [ -72.366, -47.636 ] ] ], [ [ [ -71.699, -47.099 ], [ -71.666, -47.099 ], [ -71.666, -47.133 ], [ -71.699, -47.133 ], [ -71.699, -47.099 ] ] ], [ [ [ -71.699, -47.099 ], [ -71.733, -47.099 ], [ -71.733, -47.066 ], [ -71.733, -47.033 ], [ -71.699, -47.033 ], [ -71.699, -47.066 ], [ -71.699, -47.099 ] ] ], [ [ [ -71.899, -46.966 ], [ -71.899, -46.995 ], [ -71.902, -46.995 ], [ -71.905, -46.996 ], [ -71.908, -46.997 ], [ -71.912, -46.997 ], [ -71.914, -46.998 ], [ -71.916, -46.997 ], [ -71.917, -46.996 ], [ -71.919, -46.996 ], [ -71.922, -46.996 ], [ -71.924, -46.995 ], [ -71.927, -46.994 ], [ -71.929, -46.992 ], [ -71.929, -46.991 ], [ -71.924, -46.990 ], [ -71.922, -46.989 ], [ -71.920, -46.986 ], [ -71.918, -46.985 ], [ -71.920, -46.983 ], [ -71.922, -46.981 ], [ -71.924, -46.980 ], [ -71.929, -46.977 ], [ -71.931, -46.976 ], [ -71.931, -46.975 ], [ -71.933, -46.975 ], [ -71.939, -46.976 ], [ -71.943, -46.977 ], [ -71.933, -46.966 ], [ -71.899, -46.966 ] ] ], [ [ [ -71.666, -47.099 ], [ -71.666, -47.066 ], [ -71.633, -47.066 ], [ -71.633, -47.033 ], [ -71.633, -46.999 ], [ -71.666, -46.999 ], [ -71.699, -46.999 ], [ -71.733, -46.999 ], [ -71.766, -46.999 ], [ -71.766, -46.966 ], [ -71.766, -46.933 ], [ -71.733, -46.933 ], [ -71.699, -46.933 ], [ -71.699, -46.966 ], [ -71.666, -46.966 ], [ -71.633, -46.966 ], [ -71.599, -46.966 ], [ -71.566, -46.966 ], [ -71.566, -46.999 ], [ -71.566, -47.033 ], [ -71.533, -47.033 ], [ -71.533, -47.066 ], [ -71.499, -47.066 ], [ -71.499, -47.099 ], [ -71.533, -47.099 ], [ -71.566, -47.099 ], [ -71.599, -47.099 ], [ -71.633, -47.099 ], [ -71.666, -47.099 ] ] ], [ [ [ -71.747, -46.091 ], [ -71.746, -46.091 ], [ -71.746, -46.091 ], [ -71.746, -46.091 ], [ -71.745, -46.091 ], [ -71.745, -46.091 ], [ -71.745, -46.092 ], [ -71.744, -46.092 ], [ -71.744, -46.091 ], [ -71.744, -46.091 ], [ -71.743, -46.091 ], [ -71.743, -46.091 ], [ -71.743, -46.091 ], [ -71.742, -46.091 ], [ -71.742, -46.091 ], [ -71.742, -46.091 ], [ -71.741, -46.091 ], [ -71.741, -46.091 ], [ -71.740, -46.092 ], [ -71.740, -46.092 ], [ -71.740, -46.092 ], [ -71.739, -46.092 ], [ -71.739, -46.092 ], [ -71.739, -46.092 ], [ -71.738, -46.092 ], [ -71.738, -46.092 ], [ -71.738, -46.092 ], [ -71.738, -46.092 ], [ -71.737, -46.093 ], [ -71.737, -46.093 ], [ -71.736, -46.093 ], [ -71.736, -46.093 ], [ -71.735, -46.093 ], [ -71.735, -46.093 ], [ -71.735, -46.093 ], [ -71.734, -46.093 ], [ -71.734, -46.093 ], [ -71.734, -46.093 ], [ -71.733, -46.094 ], [ -71.733, -46.094 ], [ -71.733, -46.094 ], [ -71.733, -46.133 ], [ -71.766, -46.133 ], [ -71.799, -46.133 ], [ -71.833, -46.133 ], [ -71.833, -46.166 ], [ -71.866, -46.166 ], [ -71.873, -46.173 ], [ -71.873, -46.172 ], [ -71.874, -46.170 ], [ -71.876, -46.167 ], [ -71.875, -46.165 ], [ -71.875, -46.160 ], [ -71.878, -46.162 ], [ -71.880, -46.162 ], [ -71.884, -46.162 ], [ -71.888, -46.163 ], [ -71.893, -46.163 ], [ -71.899, -46.163 ], [ -71.900, -46.163 ], [ -71.903, -46.160 ], [ -71.905, -46.159 ], [ -71.908, -46.159 ], [ -71.909, -46.158 ], [ -71.910, -46.156 ], [ -71.908, -46.154 ], [ -71.908, -46.151 ], [ -71.908, -46.147 ], [ -71.907, -46.144 ], [ -71.911, -46.142 ], [ -71.915, -46.139 ], [ -71.907, -46.137 ], [ -71.902, -46.136 ], [ -71.893, -46.133 ], [ -71.890, -46.130 ], [ -71.888, -46.127 ], [ -71.884, -46.125 ], [ -71.880, -46.125 ], [ -71.877, -46.124 ], [ -71.870, -46.123 ], [ -71.866, -46.122 ], [ -71.860, -46.120 ], [ -71.857, -46.119 ], [ -71.855, -46.119 ], [ -71.851, -46.119 ], [ -71.845, -46.120 ], [ -71.841, -46.118 ], [ -71.836, -46.115 ], [ -71.832, -46.112 ], [ -71.828, -46.111 ], [ -71.825, -46.109 ], [ -71.819, -46.110 ], [ -71.816, -46.110 ], [ -71.814, -46.111 ], [ -71.813, -46.112 ], [ -71.813, -46.114 ], [ -71.811, -46.115 ], [ -71.810, -46.116 ], [ -71.806, -46.113 ], [ -71.801, -46.110 ], [ -71.793, -46.110 ], [ -71.788, -46.110 ], [ -71.786, -46.110 ], [ -71.784, -46.110 ], [ -71.783, -46.110 ], [ -71.782, -46.110 ], [ -71.781, -46.111 ], [ -71.781, -46.111 ], [ -71.781, -46.110 ], [ -71.780, -46.111 ], [ -71.780, -46.111 ], [ -71.780, -46.111 ], [ -71.779, -46.110 ], [ -71.779, -46.110 ], [ -71.779, -46.110 ], [ -71.778, -46.110 ], [ -71.778, -46.110 ], [ -71.777, -46.110 ], [ -71.777, -46.110 ], [ -71.777, -46.110 ], [ -71.776, -46.110 ], [ -71.776, -46.110 ], [ -71.775, -46.111 ], [ -71.775, -46.111 ], [ -71.774, -46.110 ], [ -71.774, -46.110 ], [ -71.774, -46.110 ], [ -71.773, -46.110 ], [ -71.773, -46.110 ], [ -71.773, -46.110 ], [ -71.772, -46.109 ], [ -71.772, -46.109 ], [ -71.772, -46.109 ], [ -71.771, -46.108 ], [ -71.771, -46.108 ], [ -71.771, -46.108 ], [ -71.771, -46.107 ], [ -71.771, -46.107 ], [ -71.770, -46.107 ], [ -71.770, -46.106 ], [ -71.770, -46.106 ], [ -71.770, -46.106 ], [ -71.769, -46.106 ], [ -71.769, -46.105 ], [ -71.769, -46.105 ], [ -71.768, -46.105 ], [ -71.768, -46.105 ], [ -71.768, -46.105 ], [ -71.767, -46.105 ], [ -71.767, -46.104 ], [ -71.767, -46.104 ], [ -71.766, -46.104 ], [ -71.766, -46.104 ], [ -71.766, -46.104 ], [ -71.765, -46.103 ], [ -71.765, -46.103 ], [ -71.765, -46.103 ], [ -71.764, -46.103 ], [ -71.764, -46.102 ], [ -71.764, -46.102 ], [ -71.763, -46.102 ], [ -71.763, -46.102 ], [ -71.763, -46.102 ], [ -71.763, -46.101 ], [ -71.762, -46.101 ], [ -71.762, -46.101 ], [ -71.762, -46.100 ], [ -71.762, -46.100 ], [ -71.761, -46.100 ], [ -71.761, -46.100 ], [ -71.760, -46.100 ], [ -71.760, -46.100 ], [ -71.760, -46.099 ], [ -71.760, -46.099 ], [ -71.759, -46.099 ], [ -71.759, -46.099 ], [ -71.759, -46.098 ], [ -71.758, -46.098 ], [ -71.758, -46.098 ], [ -71.758, -46.098 ], [ -71.758, -46.098 ], [ -71.757, -46.098 ], [ -71.757, -46.097 ], [ -71.757, -46.097 ], [ -71.756, -46.097 ], [ -71.756, -46.097 ], [ -71.756, -46.096 ], [ -71.756, -46.096 ], [ -71.755, -46.096 ], [ -71.755, -46.096 ], [ -71.755, -46.095 ], [ -71.754, -46.095 ], [ -71.754, -46.096 ], [ -71.754, -46.095 ], [ -71.753, -46.095 ], [ -71.753, -46.095 ], [ -71.753, -46.095 ], [ -71.752, -46.094 ], [ -71.752, -46.094 ], [ -71.752, -46.094 ], [ -71.753, -46.094 ], [ -71.752, -46.093 ], [ -71.752, -46.093 ], [ -71.752, -46.093 ], [ -71.752, -46.092 ], [ -71.751, -46.092 ], [ -71.751, -46.092 ], [ -71.751, -46.092 ], [ -71.750, -46.092 ], [ -71.750, -46.092 ], [ -71.749, -46.092 ], [ -71.749, -46.092 ], [ -71.749, -46.092 ], [ -71.748, -46.091 ], [ -71.748, -46.091 ], [ -71.747, -46.091 ], [ -71.747, -46.091 ], [ -71.747, -46.091 ] ] ], [ [ [ -71.633, -46.099 ], [ -71.666, -46.099 ], [ -71.666, -46.066 ], [ -71.633, -46.066 ], [ -71.599, -46.066 ], [ -71.599, -46.099 ], [ -71.633, -46.099 ] ] ], [ [ [ -71.699, -45.733 ], [ -71.733, -45.733 ], [ -71.733, -45.699 ], [ -71.699, -45.699 ], [ -71.699, -45.733 ] ] ], [ [ [ -71.566, -45.699 ], [ -71.566, -45.733 ], [ -71.533, -45.733 ], [ -71.533, -45.766 ], [ -71.499, -45.766 ], [ -71.499, -45.799 ], [ -71.533, -45.799 ], [ -71.566, -45.799 ], [ -71.599, -45.799 ], [ -71.599, -45.766 ], [ -71.633, -45.766 ], [ -71.666, -45.766 ], [ -71.666, -45.733 ], [ -71.666, -45.699 ], [ -71.633, -45.699 ], [ -71.633, -45.666 ], [ -71.599, -45.666 ], [ -71.566, -45.666 ], [ -71.533, -45.666 ], [ -71.533, -45.699 ], [ -71.566, -45.699 ] ] ], [ [ [ -71.399, -44.799 ], [ -71.433, -44.799 ], [ -71.433, -44.756 ], [ -71.432, -44.757 ], [ -71.431, -44.760 ], [ -71.431, -44.764 ], [ -71.429, -44.767 ], [ -71.423, -44.768 ], [ -71.420, -44.770 ], [ -71.416, -44.775 ], [ -71.413, -44.776 ], [ -71.407, -44.778 ], [ -71.404, -44.781 ], [ -71.401, -44.784 ], [ -71.398, -44.787 ], [ -71.395, -44.790 ], [ -71.391, -44.791 ], [ -71.399, -44.799 ] ] ], [ [ [ -71.833, -43.366 ], [ -71.799, -43.366 ], [ -71.799, -43.399 ], [ -71.833, -43.399 ], [ -71.833, -43.366 ] ] ], [ [ [ -71.799, -43.366 ], [ -71.799, -43.333 ], [ -71.766, -43.333 ], [ -71.766, -43.366 ], [ -71.799, -43.366 ] ] ], [ [ [ -71.699, -43.366 ], [ -71.733, -43.366 ], [ -71.733, -43.333 ], [ -71.699, -43.333 ], [ -71.699, -43.366 ] ] ], [ [ [ -71.833, -43.366 ], [ -71.866, -43.366 ], [ -71.866, -43.332 ], [ -71.865, -43.332 ], [ -71.861, -43.334 ], [ -71.858, -43.335 ], [ -71.854, -43.336 ], [ -71.850, -43.335 ], [ -71.846, -43.335 ], [ -71.842, -43.335 ], [ -71.838, -43.333 ], [ -71.833, -43.330 ], [ -71.833, -43.330 ], [ -71.833, -43.366 ] ] ], [ [ [ -71.699, -43.299 ], [ -71.733, -43.299 ], [ -71.733, -43.298 ], [ -71.733, -43.296 ], [ -71.734, -43.293 ], [ -71.735, -43.290 ], [ -71.735, -43.288 ], [ -71.734, -43.286 ], [ -71.732, -43.283 ], [ -71.731, -43.282 ], [ -71.731, -43.281 ], [ -71.732, -43.279 ], [ -71.733, -43.277 ], [ -71.735, -43.275 ], [ -71.737, -43.274 ], [ -71.738, -43.272 ], [ -71.738, -43.270 ], [ -71.738, -43.268 ], [ -71.737, -43.265 ], [ -71.737, -43.262 ], [ -71.740, -43.260 ], [ -71.743, -43.259 ], [ -71.745, -43.258 ], [ -71.746, -43.257 ], [ -71.747, -43.257 ], [ -71.748, -43.255 ], [ -71.747, -43.253 ], [ -71.747, -43.251 ], [ -71.747, -43.250 ], [ -71.748, -43.249 ], [ -71.749, -43.247 ], [ -71.750, -43.244 ], [ -71.751, -43.242 ], [ -71.751, -43.242 ], [ -71.754, -43.241 ], [ -71.754, -43.240 ], [ -71.755, -43.238 ], [ -71.755, -43.235 ], [ -71.755, -43.232 ], [ -71.756, -43.230 ], [ -71.756, -43.228 ], [ -71.753, -43.225 ], [ -71.750, -43.224 ], [ -71.746, -43.223 ], [ -71.743, -43.223 ], [ -71.741, -43.221 ], [ -71.738, -43.217 ], [ -71.736, -43.214 ], [ -71.734, -43.212 ], [ -71.733, -43.209 ], [ -71.732, -43.206 ], [ -71.731, -43.204 ], [ -71.728, -43.199 ], [ -71.699, -43.199 ], [ -71.666, -43.199 ], [ -71.666, -43.233 ], [ -71.666, -43.266 ], [ -71.666, -43.299 ], [ -71.699, -43.299 ] ] ], [ [ [ -71.633, -43.066 ], [ -71.666, -43.066 ], [ -71.666, -43.033 ], [ -71.666, -42.999 ], [ -71.633, -42.999 ], [ -71.633, -43.033 ], [ -71.633, -43.066 ] ] ], [ [ [ -71.233, -42.833 ], [ -71.266, -42.833 ], [ -71.266, -42.799 ], [ -71.266, -42.766 ], [ -71.266, -42.733 ], [ -71.266, -42.699 ], [ -71.233, -42.699 ], [ -71.233, -42.733 ], [ -71.233, -42.766 ], [ -71.233, -42.799 ], [ -71.233, -42.833 ] ] ], [ [ [ -68.199, -42.199 ], [ -68.233, -42.199 ], [ -68.233, -42.166 ], [ -68.199, -42.166 ], [ -68.166, -42.166 ], [ -68.166, -42.199 ], [ -68.199, -42.199 ] ] ], [ [ [ -68.266, -41.999 ], [ -68.299, -41.999 ], [ -68.299, -41.966 ], [ -68.266, -41.966 ], [ -68.266, -41.999 ] ] ], [ [ [ -70.599, -39.066 ], [ -70.566, -39.066 ], [ -70.566, -39.099 ], [ -70.566, -39.133 ], [ -70.599, -39.133 ], [ -70.633, -39.133 ], [ -70.633, -39.099 ], [ -70.599, -39.099 ], [ -70.599, -39.066 ] ] ], [ [ [ -70.699, -38.999 ], [ -70.666, -38.999 ], [ -70.666, -39.033 ], [ -70.699, -39.033 ], [ -70.699, -38.999 ] ] ], [ [ [ -70.599, -39.066 ], [ -70.633, -39.066 ], [ -70.633, -39.033 ], [ -70.633, -38.999 ], [ -70.599, -38.999 ], [ -70.599, -39.033 ], [ -70.599, -39.066 ] ] ], [ [ [ -70.699, -38.999 ], [ -70.733, -38.999 ], [ -70.733, -38.966 ], [ -70.699, -38.966 ], [ -70.699, -38.999 ] ] ], [ [ [ -70.633, -38.966 ], [ -70.666, -38.966 ], [ -70.666, -38.933 ], [ -70.633, -38.933 ], [ -70.599, -38.933 ], [ -70.599, -38.966 ], [ -70.633, -38.966 ] ] ], [ [ [ -70.666, -38.833 ], [ -70.633, -38.833 ], [ -70.633, -38.866 ], [ -70.666, -38.866 ], [ -70.666, -38.833 ] ] ], [ [ [ -70.633, -38.833 ], [ -70.633, -38.799 ], [ -70.599, -38.799 ], [ -70.599, -38.833 ], [ -70.633, -38.833 ] ] ], [ [ [ -70.666, -38.833 ], [ -70.699, -38.833 ], [ -70.733, -38.833 ], [ -70.733, -38.799 ], [ -70.733, -38.766 ], [ -70.699, -38.766 ], [ -70.666, -38.766 ], [ -70.666, -38.799 ], [ -70.666, -38.833 ] ] ], [ [ [ -70.766, -38.766 ], [ -70.799, -38.766 ], [ -70.799, -38.733 ], [ -70.766, -38.733 ], [ -70.766, -38.766 ] ] ], [ [ [ -70.799, -38.533 ], [ -70.833, -38.533 ], [ -70.833, -38.499 ], [ -70.799, -38.499 ], [ -70.766, -38.499 ], [ -70.766, -38.533 ], [ -70.799, -38.533 ] ] ], [ [ [ -70.866, -38.399 ], [ -70.899, -38.399 ], [ -70.899, -38.366 ], [ -70.899, -38.333 ], [ -70.866, -38.333 ], [ -70.866, -38.366 ], [ -70.866, -38.399 ] ] ], [ [ [ -70.866, -38.266 ], [ -70.866, -38.299 ], [ -70.899, -38.299 ], [ -70.933, -38.299 ], [ -70.966, -38.299 ], [ -70.966, -38.266 ], [ -70.933, -38.266 ], [ -70.933, -38.233 ], [ -70.899, -38.233 ], [ -70.899, -38.266 ], [ -70.866, -38.266 ] ] ], [ [ [ -70.866, -38.266 ], [ -70.866, -38.233 ], [ -70.833, -38.233 ], [ -70.833, -38.266 ], [ -70.866, -38.266 ] ] ], [ [ [ -70.999, -38.166 ], [ -71.000, -38.167 ], [ -71.001, -38.166 ], [ -71.004, -38.165 ], [ -71.007, -38.163 ], [ -71.009, -38.161 ], [ -71.009, -38.158 ], [ -71.009, -38.156 ], [ -71.009, -38.155 ], [ -71.010, -38.153 ], [ -71.014, -38.151 ], [ -71.017, -38.150 ], [ -71.021, -38.150 ], [ -71.023, -38.149 ], [ -71.022, -38.146 ], [ -71.023, -38.144 ], [ -71.024, -38.142 ], [ -71.027, -38.141 ], [ -71.028, -38.139 ], [ -71.028, -38.137 ], [ -71.029, -38.134 ], [ -71.030, -38.133 ], [ -70.999, -38.133 ], [ -70.999, -38.166 ] ] ], [ [ [ -70.899, -38.166 ], [ -70.933, -38.166 ], [ -70.933, -38.133 ], [ -70.899, -38.133 ], [ -70.866, -38.133 ], [ -70.866, -38.166 ], [ -70.899, -38.166 ] ] ], [ [ [ -70.966, -38.066 ], [ -70.966, -38.099 ], [ -70.985, -38.099 ], [ -70.986, -38.099 ], [ -70.987, -38.096 ], [ -70.987, -38.093 ], [ -70.988, -38.090 ], [ -70.988, -38.087 ], [ -70.990, -38.085 ], [ -70.992, -38.083 ], [ -70.994, -38.082 ], [ -70.997, -38.081 ], [ -71.001, -38.081 ], [ -71.005, -38.081 ], [ -71.009, -38.080 ], [ -71.011, -38.079 ], [ -71.012, -38.078 ], [ -70.999, -38.066 ], [ -70.966, -38.066 ] ] ], [ [ [ -70.899, -38.066 ], [ -70.933, -38.066 ], [ -70.933, -38.033 ], [ -70.899, -38.033 ], [ -70.899, -38.066 ] ] ], [ [ [ -70.966, -38.033 ], [ -70.999, -38.033 ], [ -70.999, -37.999 ], [ -70.966, -37.999 ], [ -70.966, -38.033 ] ] ], [ [ [ -71.166, -37.666 ], [ -71.200, -37.666 ], [ -71.199, -37.664 ], [ -71.201, -37.660 ], [ -71.202, -37.656 ], [ -71.200, -37.654 ], [ -71.202, -37.651 ], [ -71.202, -37.649 ], [ -71.199, -37.644 ], [ -71.194, -37.638 ], [ -71.193, -37.634 ], [ -71.192, -37.629 ], [ -71.187, -37.625 ], [ -71.182, -37.619 ], [ -71.181, -37.618 ], [ -71.166, -37.633 ], [ -71.166, -37.666 ] ] ], [ [ [ -70.999, -37.433 ], [ -70.966, -37.433 ], [ -70.933, -37.433 ], [ -70.933, -37.466 ], [ -70.966, -37.466 ], [ -70.999, -37.466 ], [ -70.999, -37.433 ] ] ], [ [ [ -70.999, -37.433 ], [ -71.033, -37.433 ], [ -71.066, -37.433 ], [ -71.066, -37.399 ], [ -71.033, -37.399 ], [ -70.999, -37.399 ], [ -70.999, -37.433 ] ] ], [ [ [ -70.999, -37.333 ], [ -71.033, -37.333 ], [ -71.033, -37.299 ], [ -70.999, -37.299 ], [ -70.999, -37.333 ] ] ], [ [ [ -71.033, -37.266 ], [ -71.066, -37.266 ], [ -71.066, -37.233 ], [ -71.033, -37.233 ], [ -70.999, -37.233 ], [ -70.966, -37.233 ], [ -70.933, -37.233 ], [ -70.933, -37.266 ], [ -70.966, -37.266 ], [ -70.999, -37.266 ], [ -71.033, -37.266 ] ] ], [ [ [ -69.966, -37.266 ], [ -69.999, -37.266 ], [ -69.999, -37.233 ], [ -69.966, -37.233 ], [ -69.966, -37.266 ] ] ], [ [ [ -70.099, -37.299 ], [ -70.133, -37.299 ], [ -70.133, -37.266 ], [ -70.099, -37.266 ], [ -70.099, -37.233 ], [ -70.099, -37.199 ], [ -70.066, -37.199 ], [ -70.066, -37.233 ], [ -70.066, -37.266 ], [ -70.066, -37.299 ], [ -70.099, -37.299 ] ] ], [ [ [ -70.866, -37.199 ], [ -70.899, -37.199 ], [ -70.899, -37.166 ], [ -70.866, -37.166 ], [ -70.866, -37.199 ] ] ], [ [ [ -69.933, -37.199 ], [ -69.966, -37.199 ], [ -69.966, -37.166 ], [ -69.933, -37.166 ], [ -69.933, -37.199 ] ] ], [ [ [ -70.999, -37.133 ], [ -70.999, -37.166 ], [ -71.033, -37.166 ], [ -71.033, -37.133 ], [ -70.999, -37.133 ] ] ], [ [ [ -70.499, -37.166 ], [ -70.499, -37.199 ], [ -70.533, -37.199 ], [ -70.533, -37.166 ], [ -70.566, -37.166 ], [ -70.566, -37.133 ], [ -70.533, -37.133 ], [ -70.499, -37.133 ], [ -70.499, -37.166 ] ] ], [ [ [ -70.099, -37.133 ], [ -70.099, -37.166 ], [ -70.133, -37.166 ], [ -70.133, -37.133 ], [ -70.099, -37.133 ] ] ], [ [ [ -69.999, -37.099 ], [ -69.966, -37.099 ], [ -69.966, -37.133 ], [ -69.999, -37.133 ], [ -69.999, -37.099 ] ] ], [ [ [ -70.999, -37.099 ], [ -71.033, -37.099 ], [ -71.066, -37.099 ], [ -71.066, -37.133 ], [ -71.066, -37.166 ], [ -71.099, -37.166 ], [ -71.099, -37.133 ], [ -71.103, -37.129 ], [ -71.100, -37.127 ], [ -71.095, -37.125 ], [ -71.093, -37.121 ], [ -71.092, -37.117 ], [ -71.092, -37.114 ], [ -71.093, -37.111 ], [ -71.095, -37.109 ], [ -71.096, -37.107 ], [ -71.099, -37.106 ], [ -71.104, -37.106 ], [ -71.105, -37.104 ], [ -71.107, -37.101 ], [ -71.110, -37.096 ], [ -71.113, -37.093 ], [ -71.121, -37.091 ], [ -71.123, -37.087 ], [ -71.123, -37.083 ], [ -71.121, -37.079 ], [ -71.121, -37.075 ], [ -71.122, -37.072 ], [ -71.128, -37.069 ], [ -71.133, -37.066 ], [ -71.133, -37.066 ], [ -71.099, -37.066 ], [ -71.066, -37.066 ], [ -71.033, -37.066 ], [ -70.999, -37.066 ], [ -70.999, -37.099 ] ] ], [ [ [ -70.999, -37.133 ], [ -70.999, -37.099 ], [ -70.966, -37.099 ], [ -70.966, -37.066 ], [ -70.933, -37.066 ], [ -70.899, -37.066 ], [ -70.899, -37.099 ], [ -70.899, -37.133 ], [ -70.933, -37.133 ], [ -70.966, -37.133 ], [ -70.999, -37.133 ] ] ], [ [ [ -70.566, -37.066 ], [ -70.533, -37.066 ], [ -70.533, -37.099 ], [ -70.566, -37.099 ], [ -70.566, -37.066 ] ] ], [ [ [ -70.566, -37.066 ], [ -70.599, -37.066 ], [ -70.599, -37.033 ], [ -70.599, -36.999 ], [ -70.566, -36.999 ], [ -70.566, -37.033 ], [ -70.566, -37.066 ] ] ], [ [ [ -70.533, -37.066 ], [ -70.533, -37.033 ], [ -70.533, -36.999 ], [ -70.499, -36.999 ], [ -70.499, -37.033 ], [ -70.466, -37.033 ], [ -70.466, -37.066 ], [ -70.499, -37.066 ], [ -70.533, -37.066 ] ] ], [ [ [ -71.174, -36.968 ], [ -71.173, -36.969 ], [ -71.171, -36.971 ], [ -71.170, -36.975 ], [ -71.166, -36.977 ], [ -71.166, -36.999 ], [ -71.133, -36.999 ], [ -71.133, -37.033 ], [ -71.141, -37.041 ], [ -71.142, -37.039 ], [ -71.143, -37.034 ], [ -71.145, -37.029 ], [ -71.148, -37.025 ], [ -71.150, -37.022 ], [ -71.154, -37.018 ], [ -71.155, -37.014 ], [ -71.157, -37.010 ], [ -71.161, -37.007 ], [ -71.165, -37.006 ], [ -71.167, -37.003 ], [ -71.168, -36.998 ], [ -71.171, -36.996 ], [ -71.174, -36.996 ], [ -71.181, -36.995 ], [ -71.188, -36.996 ], [ -71.191, -36.993 ], [ -71.196, -36.988 ], [ -71.199, -36.986 ], [ -71.199, -36.973 ], [ -71.199, -36.973 ], [ -71.193, -36.971 ], [ -71.186, -36.968 ], [ -71.181, -36.969 ], [ -71.174, -36.968 ] ] ], [ [ [ -70.533, -36.999 ], [ -70.566, -36.999 ], [ -70.566, -36.966 ], [ -70.533, -36.966 ], [ -70.533, -36.999 ] ] ], [ [ [ -71.033, -36.966 ], [ -71.066, -36.966 ], [ -71.066, -36.933 ], [ -71.033, -36.933 ], [ -70.999, -36.933 ], [ -70.999, -36.966 ], [ -71.033, -36.966 ] ] ], [ [ [ -70.533, -36.899 ], [ -70.533, -36.933 ], [ -70.566, -36.933 ], [ -70.599, -36.933 ], [ -70.599, -36.899 ], [ -70.566, -36.899 ], [ -70.533, -36.899 ] ] ], [ [ [ -70.533, -36.899 ], [ -70.533, -36.866 ], [ -70.499, -36.866 ], [ -70.466, -36.866 ], [ -70.433, -36.866 ], [ -70.433, -36.899 ], [ -70.466, -36.899 ], [ -70.499, -36.899 ], [ -70.533, -36.899 ] ] ], [ [ [ -70.533, -36.866 ], [ -70.566, -36.866 ], [ -70.566, -36.833 ], [ -70.533, -36.833 ], [ -70.533, -36.866 ] ] ], [ [ [ -70.433, -36.799 ], [ -70.433, -36.833 ], [ -70.466, -36.833 ], [ -70.466, -36.799 ], [ -70.433, -36.799 ] ] ], [ [ [ -70.899, -36.766 ], [ -70.933, -36.766 ], [ -70.933, -36.733 ], [ -70.899, -36.733 ], [ -70.899, -36.766 ] ] ], [ [ [ -70.566, -36.766 ], [ -70.599, -36.766 ], [ -70.599, -36.733 ], [ -70.566, -36.733 ], [ -70.533, -36.733 ], [ -70.499, -36.733 ], [ -70.499, -36.766 ], [ -70.533, -36.766 ], [ -70.566, -36.766 ] ] ], [ [ [ -70.333, -36.866 ], [ -70.366, -36.866 ], [ -70.366, -36.833 ], [ -70.366, -36.799 ], [ -70.399, -36.799 ], [ -70.433, -36.799 ], [ -70.433, -36.766 ], [ -70.433, -36.733 ], [ -70.399, -36.733 ], [ -70.399, -36.766 ], [ -70.366, -36.766 ], [ -70.333, -36.766 ], [ -70.333, -36.799 ], [ -70.333, -36.833 ], [ -70.333, -36.866 ] ] ], [ [ [ -70.233, -36.699 ], [ -70.266, -36.699 ], [ -70.299, -36.699 ], [ -70.299, -36.666 ], [ -70.266, -36.666 ], [ -70.233, -36.666 ], [ -70.233, -36.699 ] ] ], [ [ [ -70.099, -36.999 ], [ -70.133, -36.999 ], [ -70.133, -37.033 ], [ -70.166, -37.033 ], [ -70.166, -37.066 ], [ -70.133, -37.066 ], [ -70.099, -37.066 ], [ -70.099, -37.033 ], [ -70.099, -36.999 ], [ -70.066, -36.999 ], [ -70.066, -37.033 ], [ -70.033, -37.033 ], [ -70.033, -37.066 ], [ -69.999, -37.066 ], [ -69.999, -37.099 ], [ -70.033, -37.099 ], [ -70.066, -37.099 ], [ -70.066, -37.133 ], [ -70.099, -37.133 ], [ -70.099, -37.099 ], [ -70.133, -37.099 ], [ -70.166, -37.099 ], [ -70.199, -37.099 ], [ -70.199, -37.066 ], [ -70.199, -37.033 ], [ -70.199, -36.999 ], [ -70.233, -36.999 ], [ -70.233, -36.966 ], [ -70.233, -36.933 ], [ -70.266, -36.933 ], [ -70.299, -36.933 ], [ -70.333, -36.933 ], [ -70.333, -36.899 ], [ -70.333, -36.866 ], [ -70.299, -36.866 ], [ -70.299, -36.899 ], [ -70.266, -36.899 ], [ -70.233, -36.899 ], [ -70.233, -36.866 ], [ -70.233, -36.833 ], [ -70.199, -36.833 ], [ -70.199, -36.799 ], [ -70.199, -36.766 ], [ -70.166, -36.766 ], [ -70.166, -36.733 ], [ -70.199, -36.733 ], [ -70.233, -36.733 ], [ -70.233, -36.699 ], [ -70.199, -36.699 ], [ -70.199, -36.666 ], [ -70.233, -36.666 ], [ -70.233, -36.633 ], [ -70.199, -36.633 ], [ -70.166, -36.633 ], [ -70.166, -36.666 ], [ -70.166, -36.699 ], [ -70.133, -36.699 ], [ -70.133, -36.733 ], [ -70.133, -36.766 ], [ -70.133, -36.799 ], [ -70.133, -36.833 ], [ -70.099, -36.833 ], [ -70.099, -36.866 ], [ -70.066, -36.866 ], [ -70.033, -36.866 ], [ -70.033, -36.899 ], [ -70.033, -36.933 ], [ -70.033, -36.966 ], [ -70.066, -36.966 ], [ -70.066, -36.933 ], [ -70.066, -36.899 ], [ -70.099, -36.899 ], [ -70.099, -36.933 ], [ -70.133, -36.933 ], [ -70.133, -36.966 ], [ -70.099, -36.966 ], [ -70.099, -36.999 ] ] ], [ [ [ -70.566, -36.599 ], [ -70.533, -36.599 ], [ -70.533, -36.633 ], [ -70.533, -36.666 ], [ -70.566, -36.666 ], [ -70.566, -36.633 ], [ -70.566, -36.599 ] ] ], [ [ [ -70.166, -36.633 ], [ -70.166, -36.599 ], [ -70.133, -36.599 ], [ -70.133, -36.633 ], [ -70.166, -36.633 ] ] ], [ [ [ -70.566, -36.599 ], [ -70.599, -36.599 ], [ -70.599, -36.566 ], [ -70.566, -36.566 ], [ -70.566, -36.599 ] ] ], [ [ [ -69.999, -36.599 ], [ -70.033, -36.599 ], [ -70.033, -36.566 ], [ -69.999, -36.566 ], [ -69.999, -36.599 ] ] ], [ [ [ -69.933, -36.566 ], [ -69.899, -36.566 ], [ -69.899, -36.599 ], [ -69.899, -36.633 ], [ -69.933, -36.633 ], [ -69.966, -36.633 ], [ -69.966, -36.599 ], [ -69.933, -36.599 ], [ -69.933, -36.566 ] ] ], [ [ [ -70.833, -36.566 ], [ -70.866, -36.566 ], [ -70.866, -36.533 ], [ -70.833, -36.533 ], [ -70.833, -36.566 ] ] ], [ [ [ -70.499, -36.533 ], [ -70.466, -36.533 ], [ -70.466, -36.566 ], [ -70.499, -36.566 ], [ -70.499, -36.533 ] ] ], [ [ [ -70.366, -36.533 ], [ -70.333, -36.533 ], [ -70.333, -36.566 ], [ -70.366, -36.566 ], [ -70.366, -36.533 ] ] ], [ [ [ -70.199, -36.566 ], [ -70.233, -36.566 ], [ -70.233, -36.533 ], [ -70.199, -36.533 ], [ -70.166, -36.533 ], [ -70.166, -36.566 ], [ -70.199, -36.566 ] ] ], [ [ [ -69.933, -36.566 ], [ -69.966, -36.566 ], [ -69.966, -36.533 ], [ -69.933, -36.533 ], [ -69.933, -36.566 ] ] ], [ [ [ -70.499, -36.533 ], [ -70.533, -36.533 ], [ -70.566, -36.533 ], [ -70.566, -36.499 ], [ -70.533, -36.499 ], [ -70.499, -36.499 ], [ -70.499, -36.533 ] ] ], [ [ [ -70.366, -36.533 ], [ -70.399, -36.533 ], [ -70.399, -36.499 ], [ -70.366, -36.499 ], [ -70.366, -36.533 ] ] ], [ [ [ -69.999, -36.533 ], [ -70.033, -36.533 ], [ -70.033, -36.499 ], [ -69.999, -36.499 ], [ -69.999, -36.533 ] ] ], [ [ [ -70.733, -36.666 ], [ -70.766, -36.666 ], [ -70.766, -36.633 ], [ -70.766, -36.599 ], [ -70.733, -36.599 ], [ -70.733, -36.566 ], [ -70.733, -36.533 ], [ -70.733, -36.499 ], [ -70.699, -36.499 ], [ -70.666, -36.499 ], [ -70.666, -36.466 ], [ -70.633, -36.466 ], [ -70.599, -36.466 ], [ -70.599, -36.499 ], [ -70.633, -36.499 ], [ -70.633, -36.533 ], [ -70.666, -36.533 ], [ -70.666, -36.566 ], [ -70.666, -36.599 ], [ -70.666, -36.633 ], [ -70.666, -36.666 ], [ -70.699, -36.666 ], [ -70.733, -36.666 ] ] ], [ [ [ -70.366, -36.499 ], [ -70.366, -36.466 ], [ -70.333, -36.466 ], [ -70.333, -36.499 ], [ -70.366, -36.499 ] ] ], [ [ [ -70.099, -36.466 ], [ -70.099, -36.499 ], [ -70.133, -36.499 ], [ -70.133, -36.466 ], [ -70.099, -36.466 ] ] ], [ [ [ -69.199, -36.499 ], [ -69.233, -36.499 ], [ -69.233, -36.466 ], [ -69.199, -36.466 ], [ -69.166, -36.466 ], [ -69.166, -36.499 ], [ -69.199, -36.499 ] ] ], [ [ [ -70.866, -36.466 ], [ -70.890, -36.466 ], [ -70.889, -36.465 ], [ -70.887, -36.462 ], [ -70.888, -36.459 ], [ -70.891, -36.456 ], [ -70.893, -36.453 ], [ -70.894, -36.450 ], [ -70.893, -36.447 ], [ -70.892, -36.444 ], [ -70.889, -36.441 ], [ -70.887, -36.438 ], [ -70.887, -36.436 ], [ -70.889, -36.433 ], [ -70.866, -36.433 ], [ -70.866, -36.466 ] ] ], [ [ [ -69.899, -36.433 ], [ -69.899, -36.466 ], [ -69.933, -36.466 ], [ -69.933, -36.433 ], [ -69.899, -36.433 ] ] ], [ [ [ -69.099, -36.433 ], [ -69.099, -36.466 ], [ -69.133, -36.466 ], [ -69.133, -36.433 ], [ -69.099, -36.433 ] ] ], [ [ [ -70.739, -36.427 ], [ -70.739, -36.429 ], [ -70.736, -36.429 ], [ -70.732, -36.429 ], [ -70.727, -36.427 ], [ -70.727, -36.427 ], [ -70.733, -36.433 ], [ -70.766, -36.433 ], [ -70.772, -36.427 ], [ -70.768, -36.425 ], [ -70.765, -36.423 ], [ -70.762, -36.420 ], [ -70.760, -36.417 ], [ -70.758, -36.414 ], [ -70.755, -36.409 ], [ -70.753, -36.406 ], [ -70.750, -36.406 ], [ -70.747, -36.405 ], [ -70.743, -36.406 ], [ -70.740, -36.407 ], [ -70.738, -36.411 ], [ -70.736, -36.414 ], [ -70.735, -36.416 ], [ -70.736, -36.419 ], [ -70.738, -36.423 ], [ -70.739, -36.426 ], [ -70.739, -36.427 ] ] ], [ [ [ -70.499, -36.499 ], [ -70.499, -36.466 ], [ -70.533, -36.466 ], [ -70.533, -36.433 ], [ -70.499, -36.433 ], [ -70.499, -36.399 ], [ -70.466, -36.399 ], [ -70.466, -36.433 ], [ -70.433, -36.433 ], [ -70.433, -36.466 ], [ -70.466, -36.466 ], [ -70.466, -36.499 ], [ -70.499, -36.499 ] ] ], [ [ [ -70.333, -36.466 ], [ -70.333, -36.433 ], [ -70.333, -36.399 ], [ -70.299, -36.399 ], [ -70.299, -36.433 ], [ -70.299, -36.466 ], [ -70.333, -36.466 ] ] ], [ [ [ -70.666, -36.433 ], [ -70.699, -36.433 ], [ -70.710, -36.422 ], [ -70.708, -36.417 ], [ -70.703, -36.414 ], [ -70.700, -36.409 ], [ -70.694, -36.408 ], [ -70.691, -36.407 ], [ -70.688, -36.404 ], [ -70.688, -36.400 ], [ -70.686, -36.398 ], [ -70.682, -36.395 ], [ -70.680, -36.392 ], [ -70.679, -36.389 ], [ -70.679, -36.386 ], [ -70.666, -36.399 ], [ -70.666, -36.433 ] ] ], [ [ [ -70.533, -36.433 ], [ -70.566, -36.433 ], [ -70.599, -36.433 ], [ -70.599, -36.399 ], [ -70.566, -36.399 ], [ -70.566, -36.366 ], [ -70.533, -36.366 ], [ -70.533, -36.399 ], [ -70.533, -36.433 ] ] ], [ [ [ -69.899, -36.433 ], [ -69.899, -36.399 ], [ -69.933, -36.399 ], [ -69.933, -36.366 ], [ -69.899, -36.366 ], [ -69.866, -36.366 ], [ -69.833, -36.366 ], [ -69.799, -36.366 ], [ -69.799, -36.399 ], [ -69.833, -36.399 ], [ -69.866, -36.399 ], [ -69.866, -36.433 ], [ -69.899, -36.433 ] ] ], [ [ [ -69.766, -36.366 ], [ -69.733, -36.366 ], [ -69.733, -36.399 ], [ -69.766, -36.399 ], [ -69.766, -36.366 ] ] ], [ [ [ -69.333, -36.399 ], [ -69.333, -36.433 ], [ -69.299, -36.433 ], [ -69.299, -36.466 ], [ -69.299, -36.499 ], [ -69.299, -36.533 ], [ -69.333, -36.533 ], [ -69.333, -36.499 ], [ -69.333, -36.466 ], [ -69.366, -36.466 ], [ -69.366, -36.433 ], [ -69.366, -36.399 ], [ -69.366, -36.366 ], [ -69.333, -36.366 ], [ -69.299, -36.366 ], [ -69.299, -36.399 ], [ -69.333, -36.399 ] ] ], [ [ [ -69.099, -36.433 ], [ -69.099, -36.399 ], [ -69.066, -36.399 ], [ -69.066, -36.366 ], [ -69.033, -36.366 ], [ -69.033, -36.399 ], [ -69.033, -36.433 ], [ -69.066, -36.433 ], [ -69.099, -36.433 ] ] ], [ [ [ -70.666, -36.333 ], [ -70.666, -36.366 ], [ -70.680, -36.380 ], [ -70.680, -36.378 ], [ -70.680, -36.374 ], [ -70.682, -36.372 ], [ -70.685, -36.369 ], [ -70.688, -36.368 ], [ -70.690, -36.365 ], [ -70.692, -36.362 ], [ -70.694, -36.359 ], [ -70.697, -36.360 ], [ -70.700, -36.360 ], [ -70.703, -36.358 ], [ -70.703, -36.354 ], [ -70.703, -36.351 ], [ -70.707, -36.350 ], [ -70.709, -36.349 ], [ -70.711, -36.345 ], [ -70.712, -36.342 ], [ -70.712, -36.339 ], [ -70.708, -36.337 ], [ -70.705, -36.333 ], [ -70.705, -36.333 ], [ -70.666, -36.333 ] ] ], [ [ [ -70.099, -36.466 ], [ -70.099, -36.433 ], [ -70.133, -36.433 ], [ -70.133, -36.399 ], [ -70.166, -36.399 ], [ -70.166, -36.366 ], [ -70.133, -36.366 ], [ -70.133, -36.333 ], [ -70.099, -36.333 ], [ -70.099, -36.366 ], [ -70.066, -36.366 ], [ -70.066, -36.399 ], [ -70.066, -36.433 ], [ -70.033, -36.433 ], [ -70.033, -36.466 ], [ -70.066, -36.466 ], [ -70.099, -36.466 ] ] ], [ [ [ -69.766, -36.366 ], [ -69.799, -36.366 ], [ -69.799, -36.333 ], [ -69.766, -36.333 ], [ -69.766, -36.366 ] ] ], [ [ [ -69.199, -36.366 ], [ -69.233, -36.366 ], [ -69.233, -36.333 ], [ -69.199, -36.333 ], [ -69.199, -36.366 ] ] ], [ [ [ -69.066, -36.366 ], [ -69.099, -36.366 ], [ -69.133, -36.366 ], [ -69.166, -36.366 ], [ -69.166, -36.333 ], [ -69.133, -36.333 ], [ -69.099, -36.333 ], [ -69.066, -36.333 ], [ -69.066, -36.366 ] ] ], [ [ [ -70.399, -36.299 ], [ -70.366, -36.299 ], [ -70.366, -36.333 ], [ -70.366, -36.366 ], [ -70.399, -36.366 ], [ -70.399, -36.333 ], [ -70.399, -36.299 ] ] ], [ [ [ -69.933, -36.366 ], [ -69.966, -36.366 ], [ -69.999, -36.366 ], [ -69.999, -36.333 ], [ -69.999, -36.299 ], [ -69.966, -36.299 ], [ -69.966, -36.333 ], [ -69.933, -36.333 ], [ -69.933, -36.366 ] ] ], [ [ [ -70.399, -36.299 ], [ -70.433, -36.299 ], [ -70.433, -36.266 ], [ -70.399, -36.266 ], [ -70.399, -36.299 ] ] ], [ [ [ -70.233, -36.233 ], [ -70.199, -36.233 ], [ -70.166, -36.233 ], [ -70.166, -36.266 ], [ -70.199, -36.266 ], [ -70.233, -36.266 ], [ -70.233, -36.233 ] ] ], [ [ [ -70.566, -36.266 ], [ -70.566, -36.299 ], [ -70.533, -36.299 ], [ -70.533, -36.333 ], [ -70.566, -36.333 ], [ -70.599, -36.333 ], [ -70.599, -36.299 ], [ -70.633, -36.299 ], [ -70.666, -36.299 ], [ -70.666, -36.266 ], [ -70.633, -36.266 ], [ -70.633, -36.239 ], [ -70.632, -36.238 ], [ -70.629, -36.234 ], [ -70.628, -36.233 ], [ -70.599, -36.233 ], [ -70.599, -36.199 ], [ -70.566, -36.199 ], [ -70.566, -36.233 ], [ -70.566, -36.266 ] ] ], [ [ [ -70.433, -36.266 ], [ -70.466, -36.266 ], [ -70.466, -36.233 ], [ -70.499, -36.233 ], [ -70.499, -36.199 ], [ -70.466, -36.199 ], [ -70.433, -36.199 ], [ -70.433, -36.233 ], [ -70.433, -36.266 ] ] ], [ [ [ -70.233, -36.233 ], [ -70.266, -36.233 ], [ -70.266, -36.199 ], [ -70.266, -36.166 ], [ -70.233, -36.166 ], [ -70.233, -36.199 ], [ -70.233, -36.233 ] ] ], [ [ [ -70.499, -36.199 ], [ -70.533, -36.199 ], [ -70.533, -36.166 ], [ -70.517, -36.151 ], [ -70.517, -36.151 ], [ -70.513, -36.154 ], [ -70.510, -36.156 ], [ -70.507, -36.159 ], [ -70.507, -36.163 ], [ -70.506, -36.166 ], [ -70.504, -36.168 ], [ -70.500, -36.170 ], [ -70.499, -36.170 ], [ -70.499, -36.199 ] ] ], [ [ [ -69.999, -36.299 ], [ -70.033, -36.299 ], [ -70.033, -36.266 ], [ -70.033, -36.233 ], [ -70.066, -36.233 ], [ -70.099, -36.233 ], [ -70.099, -36.199 ], [ -70.099, -36.166 ], [ -70.099, -36.133 ], [ -70.066, -36.133 ], [ -70.066, -36.166 ], [ -70.066, -36.199 ], [ -70.033, -36.199 ], [ -69.999, -36.199 ], [ -69.999, -36.166 ], [ -69.999, -36.133 ], [ -69.966, -36.133 ], [ -69.966, -36.166 ], [ -69.966, -36.199 ], [ -69.933, -36.199 ], [ -69.933, -36.233 ], [ -69.966, -36.233 ], [ -69.999, -36.233 ], [ -69.999, -36.266 ], [ -69.999, -36.299 ] ] ], [ [ [ -69.933, -36.133 ], [ -69.899, -36.133 ], [ -69.899, -36.166 ], [ -69.933, -36.166 ], [ -69.933, -36.133 ] ] ], [ [ [ -70.266, -36.166 ], [ -70.299, -36.166 ], [ -70.299, -36.199 ], [ -70.299, -36.233 ], [ -70.333, -36.233 ], [ -70.366, -36.233 ], [ -70.366, -36.199 ], [ -70.366, -36.166 ], [ -70.399, -36.166 ], [ -70.399, -36.133 ], [ -70.399, -36.099 ], [ -70.366, -36.099 ], [ -70.333, -36.099 ], [ -70.333, -36.133 ], [ -70.299, -36.133 ], [ -70.299, -36.099 ], [ -70.266, -36.099 ], [ -70.266, -36.133 ], [ -70.266, -36.166 ] ] ], [ [ [ -70.133, -36.099 ], [ -70.133, -36.133 ], [ -70.166, -36.133 ], [ -70.166, -36.099 ], [ -70.133, -36.099 ] ] ], [ [ [ -69.899, -36.133 ], [ -69.899, -36.099 ], [ -69.866, -36.099 ], [ -69.866, -36.133 ], [ -69.899, -36.133 ] ] ], [ [ [ -70.133, -36.099 ], [ -70.133, -36.066 ], [ -70.099, -36.066 ], [ -70.099, -36.099 ], [ -70.133, -36.099 ] ] ], [ [ [ -69.466, -36.066 ], [ -69.466, -36.099 ], [ -69.466, -36.133 ], [ -69.499, -36.133 ], [ -69.499, -36.099 ], [ -69.499, -36.066 ], [ -69.466, -36.066 ] ] ], [ [ [ -70.133, -36.066 ], [ -70.166, -36.066 ], [ -70.166, -36.033 ], [ -70.133, -36.033 ], [ -70.133, -36.066 ] ] ], [ [ [ -69.933, -36.133 ], [ -69.966, -36.133 ], [ -69.966, -36.099 ], [ -69.966, -36.066 ], [ -69.966, -36.033 ], [ -69.933, -36.033 ], [ -69.933, -36.066 ], [ -69.933, -36.099 ], [ -69.933, -36.133 ] ] ], [ [ [ -69.466, -36.066 ], [ -69.466, -36.033 ], [ -69.466, -35.999 ], [ -69.433, -35.999 ], [ -69.433, -36.033 ], [ -69.433, -36.066 ], [ -69.466, -36.066 ] ] ], [ [ [ -69.933, -36.033 ], [ -69.933, -35.999 ], [ -69.933, -35.966 ], [ -69.899, -35.966 ], [ -69.899, -35.933 ], [ -69.866, -35.933 ], [ -69.866, -35.966 ], [ -69.866, -35.999 ], [ -69.833, -35.999 ], [ -69.833, -36.033 ], [ -69.866, -36.033 ], [ -69.866, -36.066 ], [ -69.899, -36.066 ], [ -69.899, -36.033 ], [ -69.933, -36.033 ] ] ], [ [ [ -69.899, -35.933 ], [ -69.933, -35.933 ], [ -69.933, -35.899 ], [ -69.899, -35.899 ], [ -69.899, -35.933 ] ] ], [ [ [ -69.499, -35.899 ], [ -69.499, -35.933 ], [ -69.466, -35.933 ], [ -69.466, -35.966 ], [ -69.499, -35.966 ], [ -69.499, -35.999 ], [ -69.533, -35.999 ], [ -69.533, -35.966 ], [ -69.566, -35.966 ], [ -69.566, -35.933 ], [ -69.599, -35.933 ], [ -69.599, -35.899 ], [ -69.566, -35.899 ], [ -69.533, -35.899 ], [ -69.499, -35.899 ] ] ], [ [ [ -70.166, -36.033 ], [ -70.199, -36.033 ], [ -70.233, -36.033 ], [ -70.266, -36.033 ], [ -70.299, -36.033 ], [ -70.333, -36.033 ], [ -70.333, -35.999 ], [ -70.299, -35.999 ], [ -70.266, -35.999 ], [ -70.266, -35.966 ], [ -70.299, -35.966 ], [ -70.299, -35.933 ], [ -70.299, -35.899 ], [ -70.333, -35.899 ], [ -70.333, -35.866 ], [ -70.299, -35.866 ], [ -70.266, -35.866 ], [ -70.266, -35.899 ], [ -70.233, -35.899 ], [ -70.233, -35.933 ], [ -70.233, -35.966 ], [ -70.199, -35.966 ], [ -70.199, -35.933 ], [ -70.166, -35.933 ], [ -70.133, -35.933 ], [ -70.133, -35.966 ], [ -70.166, -35.966 ], [ -70.166, -35.999 ], [ -70.166, -36.033 ] ] ], [ [ [ -70.066, -35.899 ], [ -70.099, -35.899 ], [ -70.099, -35.866 ], [ -70.066, -35.866 ], [ -70.066, -35.899 ] ] ], [ [ [ -70.133, -35.866 ], [ -70.166, -35.866 ], [ -70.166, -35.833 ], [ -70.133, -35.833 ], [ -70.133, -35.866 ] ] ], [ [ [ -69.899, -35.799 ], [ -69.866, -35.799 ], [ -69.866, -35.833 ], [ -69.899, -35.833 ], [ -69.899, -35.799 ] ] ], [ [ [ -69.966, -35.799 ], [ -69.999, -35.799 ], [ -69.999, -35.766 ], [ -69.966, -35.766 ], [ -69.966, -35.799 ] ] ], [ [ [ -69.899, -35.799 ], [ -69.933, -35.799 ], [ -69.933, -35.766 ], [ -69.899, -35.766 ], [ -69.899, -35.799 ] ] ], [ [ [ -70.299, -35.733 ], [ -70.299, -35.766 ], [ -70.333, -35.766 ], [ -70.333, -35.733 ], [ -70.299, -35.733 ] ] ], [ [ [ -69.899, -35.766 ], [ -69.899, -35.733 ], [ -69.866, -35.733 ], [ -69.866, -35.766 ], [ -69.899, -35.766 ] ] ], [ [ [ -69.899, -35.733 ], [ -69.933, -35.733 ], [ -69.933, -35.699 ], [ -69.899, -35.699 ], [ -69.899, -35.733 ] ] ], [ [ [ -70.299, -35.733 ], [ -70.299, -35.699 ], [ -70.333, -35.699 ], [ -70.333, -35.666 ], [ -70.299, -35.666 ], [ -70.266, -35.666 ], [ -70.266, -35.699 ], [ -70.233, -35.699 ], [ -70.233, -35.733 ], [ -70.199, -35.733 ], [ -70.199, -35.766 ], [ -70.199, -35.799 ], [ -70.199, -35.833 ], [ -70.233, -35.833 ], [ -70.233, -35.799 ], [ -70.233, -35.766 ], [ -70.266, -35.766 ], [ -70.266, -35.733 ], [ -70.299, -35.733 ] ] ], [ [ [ -70.033, -35.666 ], [ -69.999, -35.666 ], [ -69.999, -35.699 ], [ -69.999, -35.733 ], [ -70.033, -35.733 ], [ -70.033, -35.699 ], [ -70.033, -35.666 ] ] ], [ [ [ -69.699, -35.766 ], [ -69.733, -35.766 ], [ -69.733, -35.733 ], [ -69.733, -35.699 ], [ -69.733, -35.666 ], [ -69.699, -35.666 ], [ -69.699, -35.699 ], [ -69.699, -35.733 ], [ -69.699, -35.766 ] ] ], [ [ [ -70.033, -35.666 ], [ -70.066, -35.666 ], [ -70.099, -35.666 ], [ -70.099, -35.633 ], [ -70.066, -35.633 ], [ -70.033, -35.633 ], [ -70.033, -35.666 ] ] ], [ [ [ -68.533, -35.633 ], [ -68.499, -35.633 ], [ -68.466, -35.633 ], [ -68.433, -35.633 ], [ -68.433, -35.666 ], [ -68.433, -35.699 ], [ -68.466, -35.699 ], [ -68.466, -35.733 ], [ -68.499, -35.733 ], [ -68.533, -35.733 ], [ -68.533, -35.699 ], [ -68.566, -35.699 ], [ -68.566, -35.666 ], [ -68.533, -35.666 ], [ -68.533, -35.633 ] ] ], [ [ [ -70.299, -35.599 ], [ -70.266, -35.599 ], [ -70.233, -35.599 ], [ -70.233, -35.633 ], [ -70.266, -35.633 ], [ -70.299, -35.633 ], [ -70.299, -35.599 ] ] ], [ [ [ -68.433, -35.633 ], [ -68.433, -35.599 ], [ -68.399, -35.599 ], [ -68.399, -35.633 ], [ -68.433, -35.633 ] ] ], [ [ [ -70.299, -35.599 ], [ -70.333, -35.599 ], [ -70.333, -35.566 ], [ -70.366, -35.566 ], [ -70.366, -35.533 ], [ -70.333, -35.533 ], [ -70.299, -35.533 ], [ -70.299, -35.566 ], [ -70.299, -35.599 ] ] ], [ [ [ -69.866, -35.733 ], [ -69.866, -35.699 ], [ -69.899, -35.699 ], [ -69.899, -35.666 ], [ -69.899, -35.633 ], [ -69.933, -35.633 ], [ -69.966, -35.633 ], [ -69.966, -35.599 ], [ -69.999, -35.599 ], [ -70.033, -35.599 ], [ -70.033, -35.566 ], [ -70.033, -35.533 ], [ -69.999, -35.533 ], [ -69.966, -35.533 ], [ -69.966, -35.566 ], [ -69.933, -35.566 ], [ -69.933, -35.599 ], [ -69.899, -35.599 ], [ -69.866, -35.599 ], [ -69.866, -35.633 ], [ -69.866, -35.666 ], [ -69.833, -35.666 ], [ -69.833, -35.699 ], [ -69.833, -35.733 ], [ -69.866, -35.733 ] ] ], [ [ [ -68.533, -35.633 ], [ -68.566, -35.633 ], [ -68.566, -35.599 ], [ -68.566, -35.566 ], [ -68.566, -35.533 ], [ -68.533, -35.533 ], [ -68.533, -35.566 ], [ -68.533, -35.599 ], [ -68.533, -35.633 ] ] ], [ [ [ -68.399, -35.566 ], [ -68.433, -35.566 ], [ -68.433, -35.533 ], [ -68.399, -35.533 ], [ -68.399, -35.566 ] ] ], [ [ [ -70.299, -35.533 ], [ -70.299, -35.499 ], [ -70.266, -35.499 ], [ -70.266, -35.533 ], [ -70.299, -35.533 ] ] ], [ [ [ -70.299, -35.499 ], [ -70.333, -35.499 ], [ -70.333, -35.466 ], [ -70.366, -35.466 ], [ -70.366, -35.433 ], [ -70.333, -35.433 ], [ -70.299, -35.433 ], [ -70.266, -35.433 ], [ -70.266, -35.466 ], [ -70.299, -35.466 ], [ -70.299, -35.499 ] ] ], [ [ [ -70.099, -35.633 ], [ -70.133, -35.633 ], [ -70.133, -35.599 ], [ -70.133, -35.566 ], [ -70.166, -35.566 ], [ -70.199, -35.566 ], [ -70.199, -35.533 ], [ -70.199, -35.499 ], [ -70.199, -35.466 ], [ -70.233, -35.466 ], [ -70.233, -35.433 ], [ -70.233, -35.399 ], [ -70.199, -35.399 ], [ -70.199, -35.433 ], [ -70.166, -35.433 ], [ -70.133, -35.433 ], [ -70.133, -35.466 ], [ -70.166, -35.466 ], [ -70.166, -35.499 ], [ -70.166, -35.533 ], [ -70.133, -35.533 ], [ -70.133, -35.499 ], [ -70.099, -35.499 ], [ -70.066, -35.499 ], [ -70.066, -35.533 ], [ -70.099, -35.533 ], [ -70.099, -35.566 ], [ -70.099, -35.599 ], [ -70.099, -35.633 ] ] ], [ [ [ -70.199, -35.399 ], [ -70.199, -35.366 ], [ -70.166, -35.366 ], [ -70.166, -35.399 ], [ -70.199, -35.399 ] ] ], [ [ [ -69.899, -35.533 ], [ -69.933, -35.533 ], [ -69.933, -35.499 ], [ -69.933, -35.466 ], [ -69.933, -35.433 ], [ -69.933, -35.399 ], [ -69.933, -35.366 ], [ -69.899, -35.366 ], [ -69.899, -35.399 ], [ -69.899, -35.433 ], [ -69.899, -35.466 ], [ -69.899, -35.499 ], [ -69.899, -35.533 ] ] ], [ [ [ -70.233, -35.366 ], [ -70.266, -35.366 ], [ -70.266, -35.333 ], [ -70.233, -35.333 ], [ -70.233, -35.366 ] ] ], [ [ [ -70.366, -35.333 ], [ -70.399, -35.333 ], [ -70.399, -35.299 ], [ -70.366, -35.299 ], [ -70.333, -35.299 ], [ -70.333, -35.333 ], [ -70.366, -35.333 ] ] ], [ [ [ -70.266, -35.299 ], [ -70.299, -35.299 ], [ -70.299, -35.266 ], [ -70.266, -35.266 ], [ -70.266, -35.299 ] ] ], [ [ [ -70.466, -35.266 ], [ -70.466, -35.313 ], [ -70.467, -35.312 ], [ -70.469, -35.313 ], [ -70.472, -35.314 ], [ -70.475, -35.314 ], [ -70.480, -35.314 ], [ -70.482, -35.315 ], [ -70.486, -35.318 ], [ -70.490, -35.321 ], [ -70.492, -35.321 ], [ -70.494, -35.322 ], [ -70.496, -35.323 ], [ -70.499, -35.322 ], [ -70.499, -35.266 ], [ -70.499, -35.233 ], [ -70.466, -35.233 ], [ -70.466, -35.266 ] ] ], [ [ [ -70.366, -35.233 ], [ -70.366, -35.266 ], [ -70.399, -35.266 ], [ -70.399, -35.233 ], [ -70.366, -35.233 ] ] ], [ [ [ -69.833, -35.233 ], [ -69.799, -35.233 ], [ -69.799, -35.266 ], [ -69.799, -35.299 ], [ -69.799, -35.333 ], [ -69.833, -35.333 ], [ -69.833, -35.366 ], [ -69.833, -35.399 ], [ -69.866, -35.399 ], [ -69.866, -35.366 ], [ -69.866, -35.333 ], [ -69.866, -35.299 ], [ -69.833, -35.299 ], [ -69.833, -35.266 ], [ -69.833, -35.233 ] ] ], [ [ [ -70.199, -35.233 ], [ -70.233, -35.233 ], [ -70.233, -35.199 ], [ -70.199, -35.199 ], [ -70.199, -35.233 ] ] ], [ [ [ -69.966, -35.233 ], [ -69.999, -35.233 ], [ -69.999, -35.199 ], [ -69.966, -35.199 ], [ -69.966, -35.233 ] ] ], [ [ [ -69.833, -35.233 ], [ -69.866, -35.233 ], [ -69.899, -35.233 ], [ -69.933, -35.233 ], [ -69.933, -35.199 ], [ -69.899, -35.199 ], [ -69.866, -35.199 ], [ -69.833, -35.199 ], [ -69.833, -35.233 ] ] ], [ [ [ -70.199, -35.133 ], [ -70.166, -35.133 ], [ -70.166, -35.166 ], [ -70.199, -35.166 ], [ -70.199, -35.133 ] ] ], [ [ [ -69.966, -35.133 ], [ -69.966, -35.166 ], [ -69.999, -35.166 ], [ -69.999, -35.133 ], [ -69.966, -35.133 ] ] ], [ [ [ -70.066, -35.099 ], [ -70.066, -35.133 ], [ -70.033, -35.133 ], [ -70.033, -35.166 ], [ -70.066, -35.166 ], [ -70.066, -35.199 ], [ -70.033, -35.199 ], [ -70.033, -35.233 ], [ -70.066, -35.233 ], [ -70.099, -35.233 ], [ -70.099, -35.199 ], [ -70.099, -35.166 ], [ -70.099, -35.133 ], [ -70.099, -35.099 ], [ -70.066, -35.099 ] ] ], [ [ [ -69.966, -35.133 ], [ -69.966, -35.099 ], [ -69.933, -35.099 ], [ -69.899, -35.099 ], [ -69.899, -35.133 ], [ -69.933, -35.133 ], [ -69.966, -35.133 ] ] ], [ [ [ -70.199, -35.099 ], [ -70.199, -35.133 ], [ -70.233, -35.133 ], [ -70.233, -35.166 ], [ -70.266, -35.166 ], [ -70.266, -35.199 ], [ -70.266, -35.233 ], [ -70.299, -35.233 ], [ -70.333, -35.233 ], [ -70.366, -35.233 ], [ -70.366, -35.199 ], [ -70.333, -35.199 ], [ -70.299, -35.199 ], [ -70.299, -35.166 ], [ -70.299, -35.133 ], [ -70.266, -35.133 ], [ -70.266, -35.099 ], [ -70.299, -35.099 ], [ -70.299, -35.066 ], [ -70.266, -35.066 ], [ -70.233, -35.066 ], [ -70.233, -35.099 ], [ -70.199, -35.099 ] ] ], [ [ [ -70.199, -35.099 ], [ -70.199, -35.066 ], [ -70.166, -35.066 ], [ -70.166, -35.099 ], [ -70.199, -35.099 ] ] ], [ [ [ -69.833, -34.899 ], [ -69.833, -34.933 ], [ -69.833, -34.966 ], [ -69.833, -34.999 ], [ -69.799, -34.999 ], [ -69.766, -34.999 ], [ -69.766, -35.033 ], [ -69.799, -35.033 ], [ -69.799, -35.066 ], [ -69.799, -35.099 ], [ -69.799, -35.133 ], [ -69.833, -35.133 ], [ -69.866, -35.133 ], [ -69.866, -35.099 ], [ -69.833, -35.099 ], [ -69.833, -35.066 ], [ -69.833, -35.033 ], [ -69.866, -35.033 ], [ -69.866, -34.999 ], [ -69.866, -34.966 ], [ -69.899, -34.966 ], [ -69.899, -34.933 ], [ -69.866, -34.933 ], [ -69.866, -34.899 ], [ -69.833, -34.899 ] ] ], [ [ [ -69.899, -34.899 ], [ -69.933, -34.899 ], [ -69.933, -34.866 ], [ -69.899, -34.866 ], [ -69.899, -34.899 ] ] ], [ [ [ -69.833, -34.899 ], [ -69.833, -34.866 ], [ -69.799, -34.866 ], [ -69.799, -34.899 ], [ -69.833, -34.899 ] ] ], [ [ [ -69.633, -34.866 ], [ -69.599, -34.866 ], [ -69.599, -34.899 ], [ -69.633, -34.899 ], [ -69.633, -34.866 ] ] ], [ [ [ -69.999, -34.833 ], [ -69.966, -34.833 ], [ -69.966, -34.866 ], [ -69.999, -34.866 ], [ -69.999, -34.833 ] ] ], [ [ [ -69.699, -34.833 ], [ -69.699, -34.866 ], [ -69.699, -34.899 ], [ -69.733, -34.899 ], [ -69.733, -34.866 ], [ -69.733, -34.833 ], [ -69.699, -34.833 ] ] ], [ [ [ -69.633, -34.866 ], [ -69.666, -34.866 ], [ -69.666, -34.833 ], [ -69.633, -34.833 ], [ -69.633, -34.866 ] ] ], [ [ [ -69.999, -34.833 ], [ -70.033, -34.833 ], [ -70.066, -34.833 ], [ -70.066, -34.799 ], [ -70.033, -34.799 ], [ -69.999, -34.799 ], [ -69.999, -34.833 ] ] ], [ [ [ -69.666, -34.833 ], [ -69.699, -34.833 ], [ -69.699, -34.799 ], [ -69.666, -34.799 ], [ -69.666, -34.833 ] ] ], [ [ [ -69.599, -34.766 ], [ -69.566, -34.766 ], [ -69.566, -34.799 ], [ -69.566, -34.833 ], [ -69.599, -34.833 ], [ -69.599, -34.799 ], [ -69.599, -34.766 ] ] ], [ [ [ -70.099, -34.733 ], [ -70.099, -34.766 ], [ -70.133, -34.766 ], [ -70.133, -34.733 ], [ -70.099, -34.733 ] ] ], [ [ [ -69.499, -34.766 ], [ -69.533, -34.766 ], [ -69.533, -34.733 ], [ -69.499, -34.733 ], [ -69.499, -34.766 ] ] ], [ [ [ -70.099, -34.733 ], [ -70.099, -34.699 ], [ -70.099, -34.666 ], [ -70.066, -34.666 ], [ -70.066, -34.699 ], [ -70.066, -34.733 ], [ -70.099, -34.733 ] ] ], [ [ [ -69.599, -34.766 ], [ -69.633, -34.766 ], [ -69.633, -34.733 ], [ -69.633, -34.699 ], [ -69.633, -34.666 ], [ -69.599, -34.666 ], [ -69.599, -34.699 ], [ -69.566, -34.699 ], [ -69.566, -34.733 ], [ -69.599, -34.733 ], [ -69.599, -34.766 ] ] ], [ [ [ -70.099, -34.666 ], [ -70.133, -34.666 ], [ -70.133, -34.633 ], [ -70.099, -34.633 ], [ -70.099, -34.666 ] ] ], [ [ [ -69.599, -34.666 ], [ -69.599, -34.633 ], [ -69.599, -34.599 ], [ -69.566, -34.599 ], [ -69.566, -34.633 ], [ -69.566, -34.666 ], [ -69.599, -34.666 ] ] ], [ [ [ -69.699, -34.566 ], [ -69.699, -34.599 ], [ -69.733, -34.599 ], [ -69.733, -34.566 ], [ -69.766, -34.566 ], [ -69.766, -34.533 ], [ -69.733, -34.533 ], [ -69.699, -34.533 ], [ -69.699, -34.499 ], [ -69.699, -34.466 ], [ -69.666, -34.466 ], [ -69.633, -34.466 ], [ -69.633, -34.499 ], [ -69.666, -34.499 ], [ -69.666, -34.533 ], [ -69.666, -34.566 ], [ -69.699, -34.566 ] ] ], [ [ [ -69.766, -34.433 ], [ -69.766, -34.466 ], [ -69.733, -34.466 ], [ -69.733, -34.499 ], [ -69.766, -34.499 ], [ -69.799, -34.499 ], [ -69.799, -34.466 ], [ -69.799, -34.433 ], [ -69.799, -34.399 ], [ -69.766, -34.399 ], [ -69.766, -34.433 ] ] ], [ [ [ -69.833, -34.399 ], [ -69.866, -34.399 ], [ -69.866, -34.366 ], [ -69.833, -34.366 ], [ -69.833, -34.399 ] ] ], [ [ [ -69.333, -34.199 ], [ -69.333, -34.233 ], [ -69.366, -34.233 ], [ -69.366, -34.266 ], [ -69.366, -34.299 ], [ -69.399, -34.299 ], [ -69.399, -34.333 ], [ -69.399, -34.366 ], [ -69.399, -34.399 ], [ -69.399, -34.433 ], [ -69.399, -34.466 ], [ -69.399, -34.499 ], [ -69.399, -34.533 ], [ -69.433, -34.533 ], [ -69.433, -34.566 ], [ -69.433, -34.599 ], [ -69.466, -34.599 ], [ -69.466, -34.633 ], [ -69.499, -34.633 ], [ -69.499, -34.599 ], [ -69.499, -34.566 ], [ -69.466, -34.566 ], [ -69.466, -34.533 ], [ -69.466, -34.499 ], [ -69.433, -34.499 ], [ -69.433, -34.466 ], [ -69.433, -34.433 ], [ -69.433, -34.399 ], [ -69.433, -34.366 ], [ -69.433, -34.333 ], [ -69.433, -34.299 ], [ -69.433, -34.266 ], [ -69.399, -34.266 ], [ -69.399, -34.233 ], [ -69.399, -34.199 ], [ -69.366, -34.199 ], [ -69.333, -34.199 ] ] ], [ [ [ -69.333, -34.199 ], [ -69.333, -34.166 ], [ -69.333, -34.133 ], [ -69.299, -34.133 ], [ -69.299, -34.166 ], [ -69.299, -34.199 ], [ -69.333, -34.199 ] ] ], [ [ [ -69.299, -34.133 ], [ -69.299, -34.099 ], [ -69.266, -34.099 ], [ -69.266, -34.133 ], [ -69.299, -34.133 ] ] ], [ [ [ -69.333, -33.999 ], [ -69.333, -34.033 ], [ -69.299, -34.033 ], [ -69.299, -34.066 ], [ -69.333, -34.066 ], [ -69.366, -34.066 ], [ -69.366, -34.033 ], [ -69.366, -33.999 ], [ -69.333, -33.999 ] ] ], [ [ [ -69.299, -33.966 ], [ -69.333, -33.966 ], [ -69.333, -33.933 ], [ -69.333, -33.899 ], [ -69.299, -33.899 ], [ -69.299, -33.933 ], [ -69.299, -33.966 ] ] ], [ [ [ -69.499, -33.866 ], [ -69.499, -33.899 ], [ -69.533, -33.899 ], [ -69.566, -33.899 ], [ -69.566, -33.866 ], [ -69.533, -33.866 ], [ -69.499, -33.866 ] ] ], [ [ [ -69.466, -33.866 ], [ -69.433, -33.866 ], [ -69.433, -33.899 ], [ -69.466, -33.899 ], [ -69.466, -33.866 ] ] ], [ [ [ -69.599, -33.866 ], [ -69.633, -33.866 ], [ -69.633, -33.833 ], [ -69.599, -33.833 ], [ -69.599, -33.866 ] ] ], [ [ [ -69.466, -33.866 ], [ -69.499, -33.866 ], [ -69.499, -33.833 ], [ -69.466, -33.833 ], [ -69.466, -33.866 ] ] ], [ [ [ -69.433, -33.866 ], [ -69.433, -33.833 ], [ -69.399, -33.833 ], [ -69.399, -33.866 ], [ -69.433, -33.866 ] ] ], [ [ [ -69.366, -33.733 ], [ -69.399, -33.733 ], [ -69.399, -33.699 ], [ -69.366, -33.699 ], [ -69.366, -33.733 ] ] ], [ [ [ -69.433, -33.633 ], [ -69.399, -33.633 ], [ -69.399, -33.666 ], [ -69.433, -33.666 ], [ -69.433, -33.633 ] ] ], [ [ [ -69.433, -33.633 ], [ -69.466, -33.633 ], [ -69.466, -33.599 ], [ -69.466, -33.566 ], [ -69.466, -33.533 ], [ -69.433, -33.533 ], [ -69.433, -33.566 ], [ -69.433, -33.599 ], [ -69.433, -33.633 ] ] ], [ [ [ -69.433, -33.266 ], [ -69.433, -33.299 ], [ -69.466, -33.299 ], [ -69.466, -33.333 ], [ -69.466, -33.366 ], [ -69.466, -33.399 ], [ -69.466, -33.433 ], [ -69.499, -33.433 ], [ -69.499, -33.399 ], [ -69.499, -33.366 ], [ -69.499, -33.333 ], [ -69.499, -33.299 ], [ -69.499, -33.266 ], [ -69.466, -33.266 ], [ -69.433, -33.266 ] ] ], [ [ [ -69.433, -33.266 ], [ -69.433, -33.233 ], [ -69.399, -33.233 ], [ -69.399, -33.266 ], [ -69.433, -33.266 ] ] ], [ [ [ -69.399, -33.233 ], [ -69.399, -33.199 ], [ -69.399, -33.166 ], [ -69.366, -33.166 ], [ -69.366, -33.199 ], [ -69.366, -33.233 ], [ -69.399, -33.233 ] ] ], [ [ [ -69.333, -33.099 ], [ -69.333, -33.133 ], [ -69.366, -33.133 ], [ -69.366, -33.099 ], [ -69.333, -33.099 ] ] ], [ [ [ -69.333, -33.099 ], [ -69.333, -33.066 ], [ -69.299, -33.066 ], [ -69.299, -33.099 ], [ -69.333, -33.099 ] ] ], [ [ [ -69.333, -32.899 ], [ -69.366, -32.899 ], [ -69.366, -32.866 ], [ -69.333, -32.866 ], [ -69.299, -32.866 ], [ -69.299, -32.899 ], [ -69.333, -32.899 ] ] ], [ [ [ -69.766, -32.866 ], [ -69.799, -32.866 ], [ -69.799, -32.833 ], [ -69.766, -32.833 ], [ -69.766, -32.866 ] ] ], [ [ [ -69.666, -32.799 ], [ -69.666, -32.833 ], [ -69.699, -32.833 ], [ -69.733, -32.833 ], [ -69.733, -32.799 ], [ -69.699, -32.799 ], [ -69.666, -32.799 ] ] ], [ [ [ -69.366, -32.833 ], [ -69.399, -32.833 ], [ -69.399, -32.799 ], [ -69.366, -32.799 ], [ -69.366, -32.833 ] ] ], [ [ [ -69.666, -32.799 ], [ -69.666, -32.766 ], [ -69.633, -32.766 ], [ -69.599, -32.766 ], [ -69.599, -32.799 ], [ -69.633, -32.799 ], [ -69.666, -32.799 ] ] ], [ [ [ -69.266, -32.799 ], [ -69.299, -32.799 ], [ -69.299, -32.766 ], [ -69.266, -32.766 ], [ -69.233, -32.766 ], [ -69.233, -32.799 ], [ -69.266, -32.799 ] ] ], [ [ [ -69.099, -32.833 ], [ -69.099, -32.866 ], [ -69.133, -32.866 ], [ -69.166, -32.866 ], [ -69.166, -32.899 ], [ -69.199, -32.899 ], [ -69.199, -32.866 ], [ -69.199, -32.833 ], [ -69.166, -32.833 ], [ -69.166, -32.799 ], [ -69.166, -32.766 ], [ -69.199, -32.766 ], [ -69.199, -32.733 ], [ -69.166, -32.733 ], [ -69.133, -32.733 ], [ -69.133, -32.766 ], [ -69.133, -32.799 ], [ -69.133, -32.833 ], [ -69.099, -32.833 ] ] ], [ [ [ -69.399, -32.733 ], [ -69.433, -32.733 ], [ -69.433, -32.699 ], [ -69.399, -32.699 ], [ -69.399, -32.733 ] ] ], [ [ [ -69.099, -32.833 ], [ -69.099, -32.799 ], [ -69.099, -32.766 ], [ -69.099, -32.733 ], [ -69.099, -32.699 ], [ -69.066, -32.699 ], [ -69.033, -32.699 ], [ -69.033, -32.733 ], [ -69.066, -32.733 ], [ -69.066, -32.766 ], [ -69.066, -32.799 ], [ -69.066, -32.833 ], [ -69.099, -32.833 ] ] ], [ [ [ -69.099, -32.699 ], [ -69.133, -32.699 ], [ -69.133, -32.666 ], [ -69.099, -32.666 ], [ -69.099, -32.699 ] ] ], [ [ [ -69.533, -32.666 ], [ -69.566, -32.666 ], [ -69.566, -32.633 ], [ -69.566, -32.599 ], [ -69.533, -32.599 ], [ -69.533, -32.566 ], [ -69.499, -32.566 ], [ -69.499, -32.599 ], [ -69.499, -32.633 ], [ -69.533, -32.633 ], [ -69.533, -32.666 ] ] ], [ [ [ -69.099, -32.633 ], [ -69.133, -32.633 ], [ -69.133, -32.599 ], [ -69.133, -32.566 ], [ -69.099, -32.566 ], [ -69.099, -32.599 ], [ -69.099, -32.633 ] ] ], [ [ [ -69.199, -32.499 ], [ -69.199, -32.533 ], [ -69.199, -32.566 ], [ -69.199, -32.599 ], [ -69.199, -32.633 ], [ -69.233, -32.633 ], [ -69.233, -32.666 ], [ -69.233, -32.699 ], [ -69.233, -32.733 ], [ -69.266, -32.733 ], [ -69.266, -32.699 ], [ -69.299, -32.699 ], [ -69.333, -32.699 ], [ -69.333, -32.666 ], [ -69.299, -32.666 ], [ -69.266, -32.666 ], [ -69.266, -32.633 ], [ -69.266, -32.599 ], [ -69.233, -32.599 ], [ -69.233, -32.566 ], [ -69.233, -32.533 ], [ -69.233, -32.499 ], [ -69.199, -32.499 ] ] ], [ [ [ -69.466, -32.433 ], [ -69.499, -32.433 ], [ -69.499, -32.399 ], [ -69.466, -32.399 ], [ -69.466, -32.433 ] ] ], [ [ [ -69.466, -32.433 ], [ -69.433, -32.433 ], [ -69.433, -32.399 ], [ -69.399, -32.399 ], [ -69.399, -32.433 ], [ -69.399, -32.466 ], [ -69.433, -32.466 ], [ -69.466, -32.466 ], [ -69.466, -32.433 ] ] ], [ [ [ -69.199, -32.499 ], [ -69.199, -32.466 ], [ -69.233, -32.466 ], [ -69.233, -32.433 ], [ -69.233, -32.399 ], [ -69.233, -32.366 ], [ -69.199, -32.366 ], [ -69.199, -32.333 ], [ -69.166, -32.333 ], [ -69.166, -32.366 ], [ -69.166, -32.399 ], [ -69.166, -32.433 ], [ -69.166, -32.466 ], [ -69.166, -32.499 ], [ -69.199, -32.499 ] ] ], [ [ [ -69.266, -32.233 ], [ -69.266, -32.266 ], [ -69.233, -32.266 ], [ -69.233, -32.299 ], [ -69.266, -32.299 ], [ -69.266, -32.333 ], [ -69.299, -32.333 ], [ -69.299, -32.366 ], [ -69.299, -32.399 ], [ -69.333, -32.399 ], [ -69.333, -32.366 ], [ -69.366, -32.366 ], [ -69.366, -32.333 ], [ -69.333, -32.333 ], [ -69.333, -32.299 ], [ -69.333, -32.266 ], [ -69.333, -32.233 ], [ -69.299, -32.233 ], [ -69.266, -32.233 ] ] ], [ [ [ -69.433, -32.399 ], [ -69.466, -32.399 ], [ -69.466, -32.366 ], [ -69.499, -32.366 ], [ -69.499, -32.333 ], [ -69.499, -32.299 ], [ -69.466, -32.299 ], [ -69.466, -32.266 ], [ -69.466, -32.233 ], [ -69.466, -32.199 ], [ -69.466, -32.166 ], [ -69.466, -32.133 ], [ -69.466, -32.099 ], [ -69.466, -32.066 ], [ -69.499, -32.066 ], [ -69.499, -32.033 ], [ -69.499, -31.999 ], [ -69.466, -31.999 ], [ -69.433, -31.999 ], [ -69.433, -32.033 ], [ -69.399, -32.033 ], [ -69.399, -32.066 ], [ -69.399, -32.099 ], [ -69.399, -32.133 ], [ -69.399, -32.166 ], [ -69.399, -32.199 ], [ -69.399, -32.233 ], [ -69.399, -32.266 ], [ -69.433, -32.266 ], [ -69.433, -32.299 ], [ -69.433, -32.333 ], [ -69.433, -32.366 ], [ -69.433, -32.399 ] ] ], [ [ [ -64.899, -32.099 ], [ -64.933, -32.099 ], [ -64.933, -32.066 ], [ -64.933, -32.033 ], [ -64.933, -31.999 ], [ -64.899, -31.999 ], [ -64.899, -32.033 ], [ -64.899, -32.066 ], [ -64.899, -32.099 ] ] ], [ [ [ -69.666, -31.966 ], [ -69.666, -31.999 ], [ -69.666, -32.033 ], [ -69.699, -32.033 ], [ -69.699, -31.999 ], [ -69.699, -31.966 ], [ -69.666, -31.966 ] ] ], [ [ [ -69.499, -31.999 ], [ -69.533, -31.999 ], [ -69.533, -31.966 ], [ -69.499, -31.966 ], [ -69.499, -31.999 ] ] ], [ [ [ -69.766, -32.099 ], [ -69.799, -32.099 ], [ -69.799, -32.133 ], [ -69.799, -32.166 ], [ -69.766, -32.166 ], [ -69.766, -32.133 ], [ -69.766, -32.099 ], [ -69.733, -32.099 ], [ -69.733, -32.133 ], [ -69.733, -32.166 ], [ -69.733, -32.199 ], [ -69.766, -32.199 ], [ -69.766, -32.233 ], [ -69.766, -32.266 ], [ -69.799, -32.266 ], [ -69.799, -32.299 ], [ -69.833, -32.299 ], [ -69.833, -32.333 ], [ -69.866, -32.333 ], [ -69.899, -32.333 ], [ -69.899, -32.299 ], [ -69.866, -32.299 ], [ -69.866, -32.266 ], [ -69.866, -32.233 ], [ -69.833, -32.233 ], [ -69.833, -32.199 ], [ -69.833, -32.166 ], [ -69.833, -32.133 ], [ -69.866, -32.133 ], [ -69.866, -32.099 ], [ -69.833, -32.099 ], [ -69.833, -32.066 ], [ -69.866, -32.066 ], [ -69.866, -32.033 ], [ -69.833, -32.033 ], [ -69.833, -31.999 ], [ -69.833, -31.966 ], [ -69.833, -31.933 ], [ -69.799, -31.933 ], [ -69.799, -31.966 ], [ -69.799, -31.999 ], [ -69.799, -32.033 ], [ -69.799, -32.066 ], [ -69.766, -32.066 ], [ -69.766, -32.099 ] ] ], [ [ [ -64.899, -31.966 ], [ -64.933, -31.966 ], [ -64.933, -31.933 ], [ -64.899, -31.933 ], [ -64.899, -31.966 ] ] ], [ [ [ -68.966, -31.933 ], [ -68.966, -31.966 ], [ -68.966, -31.999 ], [ -68.999, -31.999 ], [ -69.033, -31.999 ], [ -69.033, -32.033 ], [ -69.033, -32.066 ], [ -69.033, -32.099 ], [ -69.033, -32.133 ], [ -69.033, -32.166 ], [ -69.066, -32.166 ], [ -69.066, -32.133 ], [ -69.066, -32.099 ], [ -69.066, -32.066 ], [ -69.066, -32.033 ], [ -69.066, -31.999 ], [ -69.066, -31.966 ], [ -69.066, -31.933 ], [ -69.066, -31.899 ], [ -69.033, -31.899 ], [ -68.999, -31.899 ], [ -68.999, -31.933 ], [ -68.966, -31.933 ] ] ], [ [ [ -68.966, -31.933 ], [ -68.966, -31.899 ], [ -68.933, -31.899 ], [ -68.933, -31.933 ], [ -68.966, -31.933 ] ] ], [ [ [ -69.933, -31.899 ], [ -69.966, -31.899 ], [ -69.966, -31.866 ], [ -69.933, -31.866 ], [ -69.933, -31.899 ] ] ], [ [ [ -69.933, -31.899 ], [ -69.899, -31.899 ], [ -69.899, -31.866 ], [ -69.866, -31.866 ], [ -69.866, -31.899 ], [ -69.866, -31.933 ], [ -69.899, -31.933 ], [ -69.933, -31.933 ], [ -69.933, -31.899 ] ] ], [ [ [ -69.533, -31.966 ], [ -69.566, -31.966 ], [ -69.599, -31.966 ], [ -69.633, -31.966 ], [ -69.666, -31.966 ], [ -69.666, -31.933 ], [ -69.666, -31.899 ], [ -69.633, -31.899 ], [ -69.599, -31.899 ], [ -69.599, -31.866 ], [ -69.566, -31.866 ], [ -69.566, -31.899 ], [ -69.566, -31.933 ], [ -69.533, -31.933 ], [ -69.533, -31.966 ] ] ], [ [ [ -69.799, -31.866 ], [ -69.833, -31.866 ], [ -69.833, -31.833 ], [ -69.799, -31.833 ], [ -69.799, -31.866 ] ] ], [ [ [ -69.733, -31.799 ], [ -69.733, -31.833 ], [ -69.733, -31.866 ], [ -69.766, -31.866 ], [ -69.766, -31.833 ], [ -69.766, -31.799 ], [ -69.733, -31.799 ] ] ], [ [ [ -69.999, -31.833 ], [ -70.033, -31.833 ], [ -70.033, -31.799 ], [ -70.033, -31.766 ], [ -69.999, -31.766 ], [ -69.999, -31.799 ], [ -69.999, -31.833 ] ] ], [ [ [ -68.933, -31.799 ], [ -68.966, -31.799 ], [ -68.966, -31.766 ], [ -68.933, -31.766 ], [ -68.933, -31.799 ] ] ], [ [ [ -70.033, -31.733 ], [ -70.066, -31.733 ], [ -70.066, -31.699 ], [ -70.033, -31.699 ], [ -70.033, -31.733 ] ] ], [ [ [ -68.999, -31.699 ], [ -69.033, -31.699 ], [ -69.033, -31.666 ], [ -68.999, -31.666 ], [ -68.966, -31.666 ], [ -68.966, -31.699 ], [ -68.999, -31.699 ] ] ], [ [ [ -69.733, -31.799 ], [ -69.733, -31.766 ], [ -69.733, -31.733 ], [ -69.733, -31.699 ], [ -69.733, -31.666 ], [ -69.733, -31.633 ], [ -69.699, -31.633 ], [ -69.699, -31.666 ], [ -69.699, -31.699 ], [ -69.699, -31.733 ], [ -69.699, -31.766 ], [ -69.699, -31.799 ], [ -69.733, -31.799 ] ] ], [ [ [ -70.166, -31.599 ], [ -70.133, -31.599 ], [ -70.133, -31.633 ], [ -70.166, -31.633 ], [ -70.166, -31.599 ] ] ], [ [ [ -70.166, -31.599 ], [ -70.199, -31.599 ], [ -70.199, -31.566 ], [ -70.166, -31.566 ], [ -70.166, -31.599 ] ] ], [ [ [ -69.133, -31.566 ], [ -69.099, -31.566 ], [ -69.099, -31.599 ], [ -69.133, -31.599 ], [ -69.133, -31.566 ] ] ], [ [ [ -69.033, -31.599 ], [ -69.066, -31.599 ], [ -69.066, -31.566 ], [ -69.033, -31.566 ], [ -69.033, -31.599 ] ] ], [ [ [ -69.133, -31.566 ], [ -69.166, -31.566 ], [ -69.166, -31.533 ], [ -69.133, -31.533 ], [ -69.133, -31.566 ] ] ], [ [ [ -69.166, -32.333 ], [ -69.166, -32.299 ], [ -69.133, -32.299 ], [ -69.133, -32.266 ], [ -69.133, -32.233 ], [ -69.166, -32.233 ], [ -69.166, -32.199 ], [ -69.166, -32.166 ], [ -69.199, -32.166 ], [ -69.199, -32.133 ], [ -69.233, -32.133 ], [ -69.266, -32.133 ], [ -69.266, -32.099 ], [ -69.266, -32.066 ], [ -69.299, -32.066 ], [ -69.299, -32.033 ], [ -69.333, -32.033 ], [ -69.333, -31.999 ], [ -69.333, -31.966 ], [ -69.333, -31.933 ], [ -69.333, -31.899 ], [ -69.333, -31.866 ], [ -69.333, -31.833 ], [ -69.366, -31.833 ], [ -69.366, -31.799 ], [ -69.366, -31.766 ], [ -69.366, -31.733 ], [ -69.399, -31.733 ], [ -69.399, -31.699 ], [ -69.366, -31.699 ], [ -69.366, -31.666 ], [ -69.333, -31.666 ], [ -69.333, -31.633 ], [ -69.333, -31.599 ], [ -69.333, -31.566 ], [ -69.333, -31.533 ], [ -69.333, -31.499 ], [ -69.299, -31.499 ], [ -69.299, -31.533 ], [ -69.299, -31.566 ], [ -69.299, -31.599 ], [ -69.299, -31.633 ], [ -69.299, -31.666 ], [ -69.299, -31.699 ], [ -69.299, -31.733 ], [ -69.299, -31.766 ], [ -69.299, -31.799 ], [ -69.299, -31.833 ], [ -69.299, -31.866 ], [ -69.299, -31.899 ], [ -69.299, -31.933 ], [ -69.299, -31.966 ], [ -69.299, -31.999 ], [ -69.266, -31.999 ], [ -69.266, -32.033 ], [ -69.233, -32.033 ], [ -69.233, -32.066 ], [ -69.199, -32.066 ], [ -69.199, -32.099 ], [ -69.166, -32.099 ], [ -69.133, -32.099 ], [ -69.133, -32.133 ], [ -69.133, -32.166 ], [ -69.133, -32.199 ], [ -69.099, -32.199 ], [ -69.099, -32.233 ], [ -69.099, -32.266 ], [ -69.066, -32.266 ], [ -69.066, -32.299 ], [ -69.033, -32.299 ], [ -69.033, -32.266 ], [ -69.033, -32.233 ], [ -68.999, -32.233 ], [ -68.999, -32.266 ], [ -68.999, -32.299 ], [ -68.999, -32.333 ], [ -69.033, -32.333 ], [ -69.033, -32.366 ], [ -69.033, -32.399 ], [ -69.033, -32.433 ], [ -69.033, -32.466 ], [ -69.066, -32.466 ], [ -69.066, -32.433 ], [ -69.066, -32.399 ], [ -69.066, -32.366 ], [ -69.099, -32.366 ], [ -69.099, -32.333 ], [ -69.133, -32.333 ], [ -69.166, -32.333 ] ] ], [ [ [ -69.699, -31.633 ], [ -69.699, -31.599 ], [ -69.699, -31.566 ], [ -69.733, -31.566 ], [ -69.733, -31.533 ], [ -69.766, -31.533 ], [ -69.766, -31.499 ], [ -69.733, -31.499 ], [ -69.733, -31.466 ], [ -69.733, -31.433 ], [ -69.699, -31.433 ], [ -69.699, -31.466 ], [ -69.699, -31.499 ], [ -69.699, -31.533 ], [ -69.666, -31.533 ], [ -69.666, -31.566 ], [ -69.666, -31.599 ], [ -69.666, -31.633 ], [ -69.699, -31.633 ] ] ], [ [ [ -69.333, -31.466 ], [ -69.366, -31.466 ], [ -69.366, -31.433 ], [ -69.333, -31.433 ], [ -69.333, -31.466 ] ] ], [ [ [ -69.133, -31.433 ], [ -69.166, -31.433 ], [ -69.166, -31.399 ], [ -69.133, -31.399 ], [ -69.133, -31.433 ] ] ], [ [ [ -67.933, -31.399 ], [ -67.899, -31.399 ], [ -67.899, -31.433 ], [ -67.933, -31.433 ], [ -67.933, -31.399 ] ] ], [ [ [ -68.899, -31.366 ], [ -68.899, -31.399 ], [ -68.933, -31.399 ], [ -68.933, -31.366 ], [ -68.899, -31.366 ] ] ], [ [ [ -67.933, -31.399 ], [ -67.966, -31.399 ], [ -67.966, -31.433 ], [ -67.966, -31.466 ], [ -67.933, -31.466 ], [ -67.933, -31.499 ], [ -67.966, -31.499 ], [ -67.999, -31.499 ], [ -68.033, -31.499 ], [ -68.033, -31.466 ], [ -68.033, -31.433 ], [ -67.999, -31.433 ], [ -67.999, -31.399 ], [ -67.999, -31.366 ], [ -67.966, -31.366 ], [ -67.933, -31.366 ], [ -67.933, -31.399 ] ] ], [ [ [ -69.733, -31.433 ], [ -69.766, -31.433 ], [ -69.799, -31.433 ], [ -69.799, -31.399 ], [ -69.799, -31.366 ], [ -69.766, -31.366 ], [ -69.733, -31.366 ], [ -69.733, -31.333 ], [ -69.699, -31.333 ], [ -69.699, -31.366 ], [ -69.699, -31.399 ], [ -69.733, -31.399 ], [ -69.733, -31.433 ] ] ], [ [ [ -69.299, -31.333 ], [ -69.299, -31.366 ], [ -69.333, -31.366 ], [ -69.333, -31.333 ], [ -69.299, -31.333 ] ] ], [ [ [ -67.999, -31.366 ], [ -68.033, -31.366 ], [ -68.033, -31.333 ], [ -67.999, -31.333 ], [ -67.999, -31.366 ] ] ], [ [ [ -69.299, -31.333 ], [ -69.299, -31.299 ], [ -69.266, -31.299 ], [ -69.266, -31.333 ], [ -69.299, -31.333 ] ] ], [ [ [ -69.133, -31.333 ], [ -69.166, -31.333 ], [ -69.166, -31.299 ], [ -69.133, -31.299 ], [ -69.133, -31.333 ] ] ], [ [ [ -68.899, -31.366 ], [ -68.899, -31.333 ], [ -68.899, -31.299 ], [ -68.866, -31.299 ], [ -68.866, -31.333 ], [ -68.866, -31.366 ], [ -68.899, -31.366 ] ] ], [ [ [ -69.666, -31.266 ], [ -69.666, -31.299 ], [ -69.699, -31.299 ], [ -69.699, -31.266 ], [ -69.666, -31.266 ] ] ], [ [ [ -68.966, -31.266 ], [ -68.966, -31.299 ], [ -68.999, -31.299 ], [ -69.033, -31.299 ], [ -69.033, -31.266 ], [ -68.999, -31.266 ], [ -68.966, -31.266 ] ] ], [ [ [ -67.999, -31.333 ], [ -67.999, -31.299 ], [ -67.999, -31.266 ], [ -67.966, -31.266 ], [ -67.966, -31.299 ], [ -67.966, -31.333 ], [ -67.999, -31.333 ] ] ], [ [ [ -67.833, -31.299 ], [ -67.866, -31.299 ], [ -67.866, -31.266 ], [ -67.833, -31.266 ], [ -67.833, -31.299 ] ] ], [ [ [ -68.966, -31.266 ], [ -68.966, -31.233 ], [ -68.933, -31.233 ], [ -68.933, -31.266 ], [ -68.966, -31.266 ] ] ], [ [ [ -67.866, -31.199 ], [ -67.833, -31.199 ], [ -67.833, -31.233 ], [ -67.866, -31.233 ], [ -67.866, -31.199 ] ] ], [ [ [ -69.199, -31.199 ], [ -69.233, -31.199 ], [ -69.233, -31.166 ], [ -69.199, -31.166 ], [ -69.199, -31.199 ] ] ], [ [ [ -69.066, -31.199 ], [ -69.099, -31.199 ], [ -69.099, -31.166 ], [ -69.066, -31.166 ], [ -69.066, -31.199 ] ] ], [ [ [ -68.999, -31.166 ], [ -68.999, -31.199 ], [ -69.033, -31.199 ], [ -69.033, -31.166 ], [ -68.999, -31.166 ] ] ], [ [ [ -69.666, -31.266 ], [ -69.666, -31.233 ], [ -69.666, -31.199 ], [ -69.666, -31.166 ], [ -69.666, -31.133 ], [ -69.633, -31.133 ], [ -69.633, -31.166 ], [ -69.633, -31.199 ], [ -69.633, -31.233 ], [ -69.633, -31.266 ], [ -69.666, -31.266 ] ] ], [ [ [ -68.999, -31.166 ], [ -68.999, -31.133 ], [ -68.966, -31.133 ], [ -68.966, -31.166 ], [ -68.999, -31.166 ] ] ], [ [ [ -67.933, -31.233 ], [ -67.966, -31.233 ], [ -67.966, -31.199 ], [ -67.966, -31.166 ], [ -67.966, -31.133 ], [ -67.933, -31.133 ], [ -67.933, -31.166 ], [ -67.933, -31.199 ], [ -67.933, -31.233 ] ] ], [ [ [ -67.866, -31.199 ], [ -67.899, -31.199 ], [ -67.899, -31.166 ], [ -67.899, -31.133 ], [ -67.866, -31.133 ], [ -67.866, -31.166 ], [ -67.866, -31.199 ] ] ], [ [ [ -69.166, -31.133 ], [ -69.199, -31.133 ], [ -69.199, -31.099 ], [ -69.166, -31.099 ], [ -69.166, -31.133 ] ] ], [ [ [ -69.033, -31.133 ], [ -69.066, -31.133 ], [ -69.066, -31.099 ], [ -69.033, -31.099 ], [ -69.033, -31.133 ] ] ], [ [ [ -68.933, -31.233 ], [ -68.933, -31.199 ], [ -68.933, -31.166 ], [ -68.933, -31.133 ], [ -68.966, -31.133 ], [ -68.966, -31.099 ], [ -68.933, -31.099 ], [ -68.899, -31.099 ], [ -68.899, -31.066 ], [ -68.866, -31.066 ], [ -68.866, -31.099 ], [ -68.833, -31.099 ], [ -68.833, -31.133 ], [ -68.866, -31.133 ], [ -68.866, -31.166 ], [ -68.866, -31.199 ], [ -68.866, -31.233 ], [ -68.899, -31.233 ], [ -68.933, -31.233 ] ] ], [ [ [ -67.466, -31.033 ], [ -67.433, -31.033 ], [ -67.433, -31.066 ], [ -67.466, -31.066 ], [ -67.466, -31.033 ] ] ], [ [ [ -69.666, -31.133 ], [ -69.699, -31.133 ], [ -69.699, -31.099 ], [ -69.699, -31.066 ], [ -69.666, -31.066 ], [ -69.666, -31.033 ], [ -69.666, -30.999 ], [ -69.633, -30.999 ], [ -69.633, -31.033 ], [ -69.633, -31.066 ], [ -69.633, -31.099 ], [ -69.666, -31.099 ], [ -69.666, -31.133 ] ] ], [ [ [ -69.333, -31.033 ], [ -69.333, -31.066 ], [ -69.299, -31.066 ], [ -69.299, -31.033 ], [ -69.266, -31.033 ], [ -69.266, -31.066 ], [ -69.266, -31.099 ], [ -69.266, -31.133 ], [ -69.299, -31.133 ], [ -69.299, -31.099 ], [ -69.333, -31.099 ], [ -69.333, -31.133 ], [ -69.333, -31.166 ], [ -69.366, -31.166 ], [ -69.366, -31.133 ], [ -69.366, -31.099 ], [ -69.366, -31.066 ], [ -69.366, -31.033 ], [ -69.366, -30.999 ], [ -69.333, -30.999 ], [ -69.333, -31.033 ] ] ], [ [ [ -67.466, -31.033 ], [ -67.499, -31.033 ], [ -67.499, -30.999 ], [ -67.466, -30.999 ], [ -67.466, -31.033 ] ] ], [ [ [ -69.666, -30.899 ], [ -69.633, -30.899 ], [ -69.633, -30.933 ], [ -69.633, -30.966 ], [ -69.666, -30.966 ], [ -69.666, -30.933 ], [ -69.666, -30.899 ] ] ], [ [ [ -69.599, -30.866 ], [ -69.633, -30.866 ], [ -69.633, -30.833 ], [ -69.599, -30.833 ], [ -69.599, -30.866 ] ] ], [ [ [ -69.666, -30.899 ], [ -69.699, -30.899 ], [ -69.733, -30.899 ], [ -69.766, -30.899 ], [ -69.799, -30.899 ], [ -69.833, -30.899 ], [ -69.833, -30.866 ], [ -69.799, -30.866 ], [ -69.766, -30.866 ], [ -69.733, -30.866 ], [ -69.699, -30.866 ], [ -69.699, -30.833 ], [ -69.733, -30.833 ], [ -69.733, -30.799 ], [ -69.699, -30.799 ], [ -69.666, -30.799 ], [ -69.666, -30.833 ], [ -69.666, -30.866 ], [ -69.666, -30.899 ] ] ], [ [ [ -68.966, -30.633 ], [ -68.966, -30.666 ], [ -68.999, -30.666 ], [ -69.033, -30.666 ], [ -69.033, -30.699 ], [ -69.033, -30.733 ], [ -69.033, -30.766 ], [ -69.033, -30.799 ], [ -69.033, -30.833 ], [ -69.033, -30.866 ], [ -69.033, -30.899 ], [ -69.033, -30.933 ], [ -69.033, -30.966 ], [ -69.033, -30.999 ], [ -69.066, -30.999 ], [ -69.066, -30.966 ], [ -69.066, -30.933 ], [ -69.066, -30.899 ], [ -69.066, -30.866 ], [ -69.066, -30.833 ], [ -69.066, -30.799 ], [ -69.066, -30.766 ], [ -69.066, -30.733 ], [ -69.066, -30.699 ], [ -69.099, -30.699 ], [ -69.099, -30.666 ], [ -69.099, -30.633 ], [ -69.066, -30.633 ], [ -69.033, -30.633 ], [ -68.999, -30.633 ], [ -68.966, -30.633 ] ] ], [ [ [ -68.966, -30.633 ], [ -68.966, -30.599 ], [ -68.933, -30.599 ], [ -68.933, -30.633 ], [ -68.966, -30.633 ] ] ], [ [ [ -68.933, -30.466 ], [ -68.899, -30.466 ], [ -68.899, -30.499 ], [ -68.933, -30.499 ], [ -68.933, -30.466 ] ] ], [ [ [ -68.933, -30.466 ], [ -68.966, -30.466 ], [ -68.966, -30.433 ], [ -68.933, -30.433 ], [ -68.933, -30.466 ] ] ], [ [ [ -69.099, -30.466 ], [ -69.099, -30.433 ], [ -69.099, -30.399 ], [ -69.066, -30.399 ], [ -69.066, -30.433 ], [ -69.066, -30.466 ], [ -69.099, -30.466 ] ] ], [ [ [ -68.933, -30.366 ], [ -68.899, -30.366 ], [ -68.899, -30.399 ], [ -68.933, -30.399 ], [ -68.933, -30.366 ] ] ], [ [ [ -68.933, -30.366 ], [ -68.966, -30.366 ], [ -68.966, -30.399 ], [ -68.999, -30.399 ], [ -69.033, -30.399 ], [ -69.066, -30.399 ], [ -69.066, -30.366 ], [ -69.066, -30.333 ], [ -69.033, -30.333 ], [ -68.999, -30.333 ], [ -68.966, -30.333 ], [ -68.933, -30.333 ], [ -68.933, -30.366 ] ] ], [ [ [ -68.899, -30.366 ], [ -68.899, -30.333 ], [ -68.899, -30.299 ], [ -68.866, -30.299 ], [ -68.866, -30.333 ], [ -68.866, -30.366 ], [ -68.899, -30.366 ] ] ], [ [ [ -68.933, -30.133 ], [ -68.933, -30.166 ], [ -68.966, -30.166 ], [ -68.966, -30.133 ], [ -68.933, -30.133 ] ] ], [ [ [ -68.933, -30.133 ], [ -68.933, -30.099 ], [ -68.899, -30.099 ], [ -68.899, -30.133 ], [ -68.933, -30.133 ] ] ], [ [ [ -68.899, -30.099 ], [ -68.899, -30.066 ], [ -68.866, -30.066 ], [ -68.866, -30.099 ], [ -68.899, -30.099 ] ] ], [ [ [ -68.866, -29.999 ], [ -68.833, -29.999 ], [ -68.833, -30.033 ], [ -68.866, -30.033 ], [ -68.866, -29.999 ] ] ], [ [ [ -69.099, -30.466 ], [ -69.099, -30.499 ], [ -69.099, -30.533 ], [ -69.099, -30.566 ], [ -69.133, -30.566 ], [ -69.133, -30.599 ], [ -69.166, -30.599 ], [ -69.166, -30.633 ], [ -69.133, -30.633 ], [ -69.133, -30.666 ], [ -69.166, -30.666 ], [ -69.166, -30.699 ], [ -69.166, -30.733 ], [ -69.199, -30.733 ], [ -69.233, -30.733 ], [ -69.266, -30.733 ], [ -69.266, -30.766 ], [ -69.266, -30.799 ], [ -69.299, -30.799 ], [ -69.299, -30.766 ], [ -69.299, -30.733 ], [ -69.333, -30.733 ], [ -69.366, -30.733 ], [ -69.366, -30.766 ], [ -69.366, -30.799 ], [ -69.333, -30.799 ], [ -69.333, -30.833 ], [ -69.333, -30.866 ], [ -69.333, -30.899 ], [ -69.333, -30.933 ], [ -69.333, -30.966 ], [ -69.366, -30.966 ], [ -69.366, -30.933 ], [ -69.399, -30.933 ], [ -69.399, -30.899 ], [ -69.366, -30.899 ], [ -69.366, -30.866 ], [ -69.399, -30.866 ], [ -69.399, -30.833 ], [ -69.433, -30.833 ], [ -69.433, -30.866 ], [ -69.466, -30.866 ], [ -69.499, -30.866 ], [ -69.533, -30.866 ], [ -69.533, -30.899 ], [ -69.566, -30.899 ], [ -69.599, -30.899 ], [ -69.599, -30.866 ], [ -69.566, -30.866 ], [ -69.566, -30.833 ], [ -69.533, -30.833 ], [ -69.533, -30.799 ], [ -69.499, -30.799 ], [ -69.499, -30.766 ], [ -69.466, -30.766 ], [ -69.466, -30.733 ], [ -69.466, -30.699 ], [ -69.466, -30.666 ], [ -69.466, -30.633 ], [ -69.466, -30.599 ], [ -69.466, -30.566 ], [ -69.466, -30.533 ], [ -69.466, -30.499 ], [ -69.466, -30.466 ], [ -69.499, -30.466 ], [ -69.499, -30.433 ], [ -69.466, -30.433 ], [ -69.466, -30.399 ], [ -69.499, -30.399 ], [ -69.499, -30.366 ], [ -69.499, -30.333 ], [ -69.499, -30.299 ], [ -69.499, -30.266 ], [ -69.499, -30.233 ], [ -69.499, -30.199 ], [ -69.499, -30.166 ], [ -69.466, -30.166 ], [ -69.466, -30.133 ], [ -69.499, -30.133 ], [ -69.499, -30.099 ], [ -69.466, -30.099 ], [ -69.466, -30.066 ], [ -69.466, -30.033 ], [ -69.466, -29.999 ], [ -69.466, -29.966 ], [ -69.433, -29.966 ], [ -69.399, -29.966 ], [ -69.399, -29.999 ], [ -69.433, -29.999 ], [ -69.433, -30.033 ], [ -69.433, -30.066 ], [ -69.433, -30.099 ], [ -69.433, -30.133 ], [ -69.433, -30.166 ], [ -69.433, -30.199 ], [ -69.433, -30.233 ], [ -69.433, -30.266 ], [ -69.433, -30.299 ], [ -69.466, -30.299 ], [ -69.466, -30.333 ], [ -69.466, -30.366 ], [ -69.433, -30.366 ], [ -69.433, -30.399 ], [ -69.433, -30.433 ], [ -69.433, -30.466 ], [ -69.433, -30.499 ], [ -69.399, -30.499 ], [ -69.399, -30.533 ], [ -69.399, -30.566 ], [ -69.399, -30.599 ], [ -69.366, -30.599 ], [ -69.366, -30.633 ], [ -69.333, -30.633 ], [ -69.333, -30.666 ], [ -69.299, -30.666 ], [ -69.266, -30.666 ], [ -69.233, -30.666 ], [ -69.233, -30.633 ], [ -69.199, -30.633 ], [ -69.199, -30.599 ], [ -69.199, -30.566 ], [ -69.199, -30.533 ], [ -69.199, -30.499 ], [ -69.166, -30.499 ], [ -69.166, -30.533 ], [ -69.133, -30.533 ], [ -69.133, -30.499 ], [ -69.133, -30.466 ], [ -69.099, -30.466 ] ] ], [ [ [ -68.999, -29.966 ], [ -68.966, -29.966 ], [ -68.966, -29.999 ], [ -68.966, -30.033 ], [ -68.966, -30.066 ], [ -68.966, -30.099 ], [ -68.999, -30.099 ], [ -68.999, -30.066 ], [ -68.999, -30.033 ], [ -68.999, -29.999 ], [ -68.999, -29.966 ] ] ], [ [ [ -68.866, -29.999 ], [ -68.899, -29.999 ], [ -68.899, -29.966 ], [ -68.866, -29.966 ], [ -68.866, -29.999 ] ] ], [ [ [ -68.999, -29.966 ], [ -69.033, -29.966 ], [ -69.066, -29.966 ], [ -69.066, -29.933 ], [ -69.033, -29.933 ], [ -68.999, -29.933 ], [ -68.999, -29.966 ] ] ], [ [ [ -68.799, -29.966 ], [ -68.833, -29.966 ], [ -68.833, -29.933 ], [ -68.799, -29.933 ], [ -68.799, -29.966 ] ] ], [ [ [ -69.399, -29.966 ], [ -69.399, -29.933 ], [ -69.399, -29.899 ], [ -69.366, -29.899 ], [ -69.333, -29.899 ], [ -69.333, -29.933 ], [ -69.366, -29.933 ], [ -69.366, -29.966 ], [ -69.399, -29.966 ] ] ], [ [ [ -69.333, -29.899 ], [ -69.333, -29.866 ], [ -69.299, -29.866 ], [ -69.299, -29.833 ], [ -69.266, -29.833 ], [ -69.233, -29.833 ], [ -69.199, -29.833 ], [ -69.199, -29.866 ], [ -69.233, -29.866 ], [ -69.266, -29.866 ], [ -69.266, -29.899 ], [ -69.299, -29.899 ], [ -69.333, -29.899 ] ] ], [ [ [ -69.066, -29.866 ], [ -69.099, -29.866 ], [ -69.099, -29.833 ], [ -69.066, -29.833 ], [ -69.066, -29.866 ] ] ], [ [ [ -68.666, -29.866 ], [ -68.699, -29.866 ], [ -68.699, -29.833 ], [ -68.699, -29.799 ], [ -68.666, -29.799 ], [ -68.666, -29.833 ], [ -68.666, -29.866 ] ] ], [ [ [ -68.599, -29.899 ], [ -68.633, -29.899 ], [ -68.633, -29.866 ], [ -68.633, -29.833 ], [ -68.633, -29.799 ], [ -68.599, -29.799 ], [ -68.599, -29.833 ], [ -68.599, -29.866 ], [ -68.599, -29.899 ] ] ], [ [ [ -68.799, -29.766 ], [ -68.766, -29.766 ], [ -68.766, -29.799 ], [ -68.766, -29.833 ], [ -68.766, -29.866 ], [ -68.799, -29.866 ], [ -68.799, -29.833 ], [ -68.799, -29.799 ], [ -68.799, -29.766 ] ] ], [ [ [ -68.799, -29.766 ], [ -68.833, -29.766 ], [ -68.866, -29.766 ], [ -68.866, -29.733 ], [ -68.866, -29.699 ], [ -68.833, -29.699 ], [ -68.799, -29.699 ], [ -68.766, -29.699 ], [ -68.733, -29.699 ], [ -68.699, -29.699 ], [ -68.666, -29.699 ], [ -68.666, -29.733 ], [ -68.699, -29.733 ], [ -68.733, -29.733 ], [ -68.766, -29.733 ], [ -68.799, -29.733 ], [ -68.799, -29.766 ] ] ], [ [ [ -67.499, -29.699 ], [ -67.499, -29.733 ], [ -67.466, -29.733 ], [ -67.466, -29.766 ], [ -67.466, -29.799 ], [ -67.466, -29.833 ], [ -67.466, -29.866 ], [ -67.433, -29.866 ], [ -67.433, -29.899 ], [ -67.433, -29.933 ], [ -67.466, -29.933 ], [ -67.466, -29.899 ], [ -67.499, -29.899 ], [ -67.499, -29.866 ], [ -67.499, -29.833 ], [ -67.533, -29.833 ], [ -67.533, -29.799 ], [ -67.533, -29.766 ], [ -67.533, -29.733 ], [ -67.533, -29.699 ], [ -67.499, -29.699 ] ] ], [ [ [ -69.133, -29.666 ], [ -69.099, -29.666 ], [ -69.099, -29.699 ], [ -69.099, -29.733 ], [ -69.099, -29.766 ], [ -69.133, -29.766 ], [ -69.133, -29.733 ], [ -69.133, -29.699 ], [ -69.133, -29.666 ] ] ], [ [ [ -67.633, -29.666 ], [ -67.599, -29.666 ], [ -67.599, -29.699 ], [ -67.566, -29.699 ], [ -67.566, -29.733 ], [ -67.599, -29.733 ], [ -67.633, -29.733 ], [ -67.633, -29.699 ], [ -67.633, -29.666 ] ] ], [ [ [ -69.133, -29.666 ], [ -69.166, -29.666 ], [ -69.166, -29.633 ], [ -69.133, -29.633 ], [ -69.133, -29.666 ] ] ], [ [ [ -67.633, -29.666 ], [ -67.666, -29.666 ], [ -67.666, -29.633 ], [ -67.633, -29.633 ], [ -67.633, -29.666 ] ] ], [ [ [ -68.766, -29.666 ], [ -68.799, -29.666 ], [ -68.799, -29.633 ], [ -68.799, -29.599 ], [ -68.766, -29.599 ], [ -68.766, -29.633 ], [ -68.766, -29.666 ] ] ], [ [ [ -67.566, -29.633 ], [ -67.599, -29.633 ], [ -67.599, -29.599 ], [ -67.566, -29.599 ], [ -67.566, -29.633 ] ] ], [ [ [ -69.199, -29.566 ], [ -69.199, -29.599 ], [ -69.233, -29.599 ], [ -69.233, -29.566 ], [ -69.199, -29.566 ] ] ], [ [ [ -67.666, -29.599 ], [ -67.699, -29.599 ], [ -67.699, -29.566 ], [ -67.666, -29.566 ], [ -67.666, -29.599 ] ] ], [ [ [ -69.199, -29.566 ], [ -69.199, -29.533 ], [ -69.166, -29.533 ], [ -69.166, -29.566 ], [ -69.199, -29.566 ] ] ], [ [ [ -68.866, -29.566 ], [ -68.899, -29.566 ], [ -68.899, -29.533 ], [ -68.866, -29.533 ], [ -68.833, -29.533 ], [ -68.799, -29.533 ], [ -68.766, -29.533 ], [ -68.733, -29.533 ], [ -68.733, -29.566 ], [ -68.766, -29.566 ], [ -68.799, -29.566 ], [ -68.833, -29.566 ], [ -68.866, -29.566 ] ] ], [ [ [ -67.633, -29.533 ], [ -67.599, -29.533 ], [ -67.599, -29.566 ], [ -67.633, -29.566 ], [ -67.633, -29.533 ] ] ], [ [ [ -69.299, -29.499 ], [ -69.266, -29.499 ], [ -69.266, -29.533 ], [ -69.266, -29.566 ], [ -69.299, -29.566 ], [ -69.299, -29.533 ], [ -69.299, -29.499 ] ] ], [ [ [ -67.633, -29.533 ], [ -67.666, -29.533 ], [ -67.666, -29.499 ], [ -67.633, -29.499 ], [ -67.633, -29.533 ] ] ], [ [ [ -67.699, -29.499 ], [ -67.733, -29.499 ], [ -67.733, -29.466 ], [ -67.699, -29.466 ], [ -67.699, -29.499 ] ] ], [ [ [ -69.299, -29.499 ], [ -69.333, -29.499 ], [ -69.333, -29.466 ], [ -69.333, -29.433 ], [ -69.299, -29.433 ], [ -69.299, -29.466 ], [ -69.299, -29.499 ] ] ], [ [ [ -68.866, -29.433 ], [ -68.833, -29.433 ], [ -68.833, -29.466 ], [ -68.833, -29.499 ], [ -68.866, -29.499 ], [ -68.866, -29.466 ], [ -68.866, -29.433 ] ] ], [ [ [ -67.099, -29.433 ], [ -67.099, -29.466 ], [ -67.133, -29.466 ], [ -67.133, -29.433 ], [ -67.099, -29.433 ] ] ], [ [ [ -68.866, -29.433 ], [ -68.899, -29.433 ], [ -68.899, -29.399 ], [ -68.866, -29.399 ], [ -68.866, -29.433 ] ] ], [ [ [ -67.733, -29.433 ], [ -67.766, -29.433 ], [ -67.766, -29.399 ], [ -67.733, -29.399 ], [ -67.733, -29.433 ] ] ], [ [ [ -67.633, -29.433 ], [ -67.666, -29.433 ], [ -67.666, -29.399 ], [ -67.633, -29.399 ], [ -67.633, -29.433 ] ] ], [ [ [ -67.099, -29.433 ], [ -67.099, -29.399 ], [ -67.066, -29.399 ], [ -67.066, -29.433 ], [ -67.099, -29.433 ] ] ], [ [ [ -67.866, -29.333 ], [ -67.833, -29.333 ], [ -67.799, -29.333 ], [ -67.799, -29.366 ], [ -67.833, -29.366 ], [ -67.866, -29.366 ], [ -67.866, -29.333 ] ] ], [ [ [ -67.099, -29.399 ], [ -67.133, -29.399 ], [ -67.133, -29.366 ], [ -67.133, -29.333 ], [ -67.099, -29.333 ], [ -67.099, -29.366 ], [ -67.099, -29.399 ] ] ], [ [ [ -69.166, -29.466 ], [ -69.199, -29.466 ], [ -69.199, -29.433 ], [ -69.199, -29.399 ], [ -69.166, -29.399 ], [ -69.133, -29.399 ], [ -69.133, -29.366 ], [ -69.133, -29.333 ], [ -69.133, -29.299 ], [ -69.099, -29.299 ], [ -69.099, -29.333 ], [ -69.099, -29.366 ], [ -69.099, -29.399 ], [ -69.099, -29.433 ], [ -69.133, -29.433 ], [ -69.133, -29.466 ], [ -69.166, -29.466 ] ] ], [ [ [ -68.866, -29.366 ], [ -68.899, -29.366 ], [ -68.899, -29.333 ], [ -68.899, -29.299 ], [ -68.866, -29.299 ], [ -68.866, -29.333 ], [ -68.866, -29.366 ] ] ], [ [ [ -67.733, -29.333 ], [ -67.766, -29.333 ], [ -67.766, -29.299 ], [ -67.733, -29.299 ], [ -67.699, -29.299 ], [ -67.699, -29.333 ], [ -67.733, -29.333 ] ] ], [ [ [ -68.433, -29.399 ], [ -68.466, -29.399 ], [ -68.466, -29.366 ], [ -68.466, -29.333 ], [ -68.466, -29.299 ], [ -68.466, -29.266 ], [ -68.433, -29.266 ], [ -68.433, -29.299 ], [ -68.433, -29.333 ], [ -68.433, -29.366 ], [ -68.433, -29.399 ] ] ], [ [ [ -67.133, -29.333 ], [ -67.166, -29.333 ], [ -67.166, -29.299 ], [ -67.166, -29.266 ], [ -67.133, -29.266 ], [ -67.133, -29.299 ], [ -67.133, -29.333 ] ] ], [ [ [ -67.866, -29.333 ], [ -67.899, -29.333 ], [ -67.899, -29.299 ], [ -67.899, -29.266 ], [ -67.899, -29.233 ], [ -67.866, -29.233 ], [ -67.833, -29.233 ], [ -67.799, -29.233 ], [ -67.799, -29.266 ], [ -67.799, -29.299 ], [ -67.833, -29.299 ], [ -67.833, -29.266 ], [ -67.866, -29.266 ], [ -67.866, -29.299 ], [ -67.866, -29.333 ] ] ], [ [ [ -67.199, -29.233 ], [ -67.199, -29.266 ], [ -67.233, -29.266 ], [ -67.233, -29.233 ], [ -67.199, -29.233 ] ] ], [ [ [ -67.199, -29.233 ], [ -67.199, -29.199 ], [ -67.166, -29.199 ], [ -67.166, -29.233 ], [ -67.199, -29.233 ] ] ], [ [ [ -68.799, -29.233 ], [ -68.833, -29.233 ], [ -68.833, -29.199 ], [ -68.833, -29.166 ], [ -68.799, -29.166 ], [ -68.799, -29.199 ], [ -68.799, -29.233 ] ] ], [ [ [ -67.933, -29.199 ], [ -67.966, -29.199 ], [ -67.966, -29.166 ], [ -67.933, -29.166 ], [ -67.933, -29.199 ] ] ], [ [ [ -67.699, -29.233 ], [ -67.733, -29.233 ], [ -67.733, -29.199 ], [ -67.733, -29.166 ], [ -67.699, -29.166 ], [ -67.699, -29.199 ], [ -67.699, -29.233 ] ] ], [ [ [ -66.866, -29.199 ], [ -66.899, -29.199 ], [ -66.899, -29.166 ], [ -66.866, -29.166 ], [ -66.866, -29.199 ] ] ], [ [ [ -69.066, -29.233 ], [ -69.099, -29.233 ], [ -69.099, -29.199 ], [ -69.099, -29.166 ], [ -69.099, -29.133 ], [ -69.066, -29.133 ], [ -69.066, -29.166 ], [ -69.066, -29.199 ], [ -69.066, -29.233 ] ] ], [ [ [ -67.233, -29.166 ], [ -67.266, -29.166 ], [ -67.266, -29.133 ], [ -67.233, -29.133 ], [ -67.233, -29.166 ] ] ], [ [ [ -68.699, -29.133 ], [ -68.666, -29.133 ], [ -68.633, -29.133 ], [ -68.599, -29.133 ], [ -68.599, -29.099 ], [ -68.566, -29.099 ], [ -68.566, -29.133 ], [ -68.566, -29.166 ], [ -68.599, -29.166 ], [ -68.599, -29.199 ], [ -68.633, -29.199 ], [ -68.633, -29.166 ], [ -68.666, -29.166 ], [ -68.699, -29.166 ], [ -68.699, -29.133 ] ] ], [ [ [ -67.666, -29.099 ], [ -67.666, -29.133 ], [ -67.699, -29.133 ], [ -67.699, -29.099 ], [ -67.666, -29.099 ] ] ], [ [ [ -67.666, -29.099 ], [ -67.666, -29.066 ], [ -67.633, -29.066 ], [ -67.633, -29.099 ], [ -67.666, -29.099 ] ] ], [ [ [ -67.233, -29.099 ], [ -67.266, -29.099 ], [ -67.266, -29.066 ], [ -67.233, -29.066 ], [ -67.233, -29.099 ] ] ], [ [ [ -67.133, -29.099 ], [ -67.166, -29.099 ], [ -67.166, -29.066 ], [ -67.133, -29.066 ], [ -67.133, -29.099 ] ] ], [ [ [ -68.566, -29.099 ], [ -68.566, -29.066 ], [ -68.533, -29.066 ], [ -68.533, -29.033 ], [ -68.499, -29.033 ], [ -68.499, -29.066 ], [ -68.466, -29.066 ], [ -68.466, -29.099 ], [ -68.499, -29.099 ], [ -68.533, -29.099 ], [ -68.566, -29.099 ] ] ], [ [ [ -67.966, -29.133 ], [ -67.999, -29.133 ], [ -67.999, -29.099 ], [ -67.999, -29.066 ], [ -67.999, -29.033 ], [ -67.966, -29.033 ], [ -67.966, -29.066 ], [ -67.966, -29.099 ], [ -67.966, -29.133 ] ] ], [ [ [ -66.799, -29.099 ], [ -66.833, -29.099 ], [ -66.833, -29.066 ], [ -66.833, -29.033 ], [ -66.799, -29.033 ], [ -66.766, -29.033 ], [ -66.766, -29.066 ], [ -66.799, -29.066 ], [ -66.799, -29.099 ] ] ], [ [ [ -68.699, -29.133 ], [ -68.733, -29.133 ], [ -68.733, -29.099 ], [ -68.733, -29.066 ], [ -68.733, -29.033 ], [ -68.766, -29.033 ], [ -68.799, -29.033 ], [ -68.799, -28.999 ], [ -68.766, -28.999 ], [ -68.766, -28.966 ], [ -68.733, -28.966 ], [ -68.733, -28.999 ], [ -68.699, -28.999 ], [ -68.699, -29.033 ], [ -68.699, -29.066 ], [ -68.699, -29.099 ], [ -68.699, -29.133 ] ] ], [ [ [ -68.466, -28.966 ], [ -68.499, -28.966 ], [ -68.499, -28.933 ], [ -68.466, -28.933 ], [ -68.466, -28.966 ] ] ], [ [ [ -68.399, -29.033 ], [ -68.433, -29.033 ], [ -68.433, -28.999 ], [ -68.433, -28.966 ], [ -68.433, -28.933 ], [ -68.399, -28.933 ], [ -68.399, -28.966 ], [ -68.399, -28.999 ], [ -68.399, -29.033 ] ] ], [ [ [ -67.999, -28.933 ], [ -67.999, -28.966 ], [ -68.033, -28.966 ], [ -68.033, -28.933 ], [ -67.999, -28.933 ] ] ], [ [ [ -67.066, -29.033 ], [ -67.099, -29.033 ], [ -67.099, -28.999 ], [ -67.066, -28.999 ], [ -67.066, -28.966 ], [ -67.066, -28.933 ], [ -67.033, -28.933 ], [ -67.033, -28.966 ], [ -67.033, -28.999 ], [ -67.033, -29.033 ], [ -67.066, -29.033 ] ] ], [ [ [ -67.999, -28.933 ], [ -67.999, -28.899 ], [ -67.966, -28.899 ], [ -67.966, -28.933 ], [ -67.999, -28.933 ] ] ], [ [ [ -67.599, -28.966 ], [ -67.633, -28.966 ], [ -67.633, -28.933 ], [ -67.633, -28.899 ], [ -67.599, -28.899 ], [ -67.599, -28.933 ], [ -67.599, -28.966 ] ] ], [ [ [ -67.966, -28.899 ], [ -67.966, -28.866 ], [ -67.933, -28.866 ], [ -67.933, -28.899 ], [ -67.966, -28.899 ] ] ], [ [ [ -68.599, -28.833 ], [ -68.566, -28.833 ], [ -68.566, -28.866 ], [ -68.599, -28.866 ], [ -68.599, -28.833 ] ] ], [ [ [ -68.466, -28.866 ], [ -68.466, -28.899 ], [ -68.499, -28.899 ], [ -68.499, -28.866 ], [ -68.533, -28.866 ], [ -68.533, -28.833 ], [ -68.499, -28.833 ], [ -68.466, -28.833 ], [ -68.466, -28.866 ] ] ], [ [ [ -66.999, -28.799 ], [ -67.033, -28.799 ], [ -67.033, -28.766 ], [ -66.999, -28.766 ], [ -66.999, -28.799 ] ] ], [ [ [ -67.599, -28.766 ], [ -67.633, -28.766 ], [ -67.633, -28.733 ], [ -67.599, -28.733 ], [ -67.599, -28.766 ] ] ], [ [ [ -67.233, -28.733 ], [ -67.233, -28.766 ], [ -67.233, -28.799 ], [ -67.266, -28.799 ], [ -67.266, -28.766 ], [ -67.266, -28.733 ], [ -67.233, -28.733 ] ] ], [ [ [ -67.233, -28.733 ], [ -67.233, -28.699 ], [ -67.199, -28.699 ], [ -67.199, -28.733 ], [ -67.233, -28.733 ] ] ], [ [ [ -67.566, -28.699 ], [ -67.599, -28.699 ], [ -67.599, -28.666 ], [ -67.566, -28.666 ], [ -67.566, -28.699 ] ] ], [ [ [ -67.133, -28.666 ], [ -67.133, -28.699 ], [ -67.166, -28.699 ], [ -67.166, -28.666 ], [ -67.133, -28.666 ] ] ], [ [ [ -67.133, -28.666 ], [ -67.133, -28.633 ], [ -67.099, -28.633 ], [ -67.099, -28.666 ], [ -67.133, -28.666 ] ] ], [ [ [ -67.099, -28.633 ], [ -67.099, -28.599 ], [ -67.066, -28.599 ], [ -67.066, -28.633 ], [ -67.099, -28.633 ] ] ], [ [ [ -66.966, -28.633 ], [ -66.999, -28.633 ], [ -66.999, -28.599 ], [ -66.966, -28.599 ], [ -66.966, -28.633 ] ] ], [ [ [ -68.599, -28.833 ], [ -68.633, -28.833 ], [ -68.633, -28.799 ], [ -68.633, -28.766 ], [ -68.666, -28.766 ], [ -68.699, -28.766 ], [ -68.699, -28.733 ], [ -68.733, -28.733 ], [ -68.733, -28.699 ], [ -68.733, -28.666 ], [ -68.733, -28.633 ], [ -68.699, -28.633 ], [ -68.699, -28.599 ], [ -68.666, -28.599 ], [ -68.666, -28.566 ], [ -68.633, -28.566 ], [ -68.599, -28.566 ], [ -68.599, -28.599 ], [ -68.633, -28.599 ], [ -68.633, -28.633 ], [ -68.666, -28.633 ], [ -68.666, -28.666 ], [ -68.666, -28.699 ], [ -68.666, -28.733 ], [ -68.633, -28.733 ], [ -68.599, -28.733 ], [ -68.599, -28.766 ], [ -68.599, -28.799 ], [ -68.599, -28.833 ] ] ], [ [ [ -67.733, -28.566 ], [ -67.733, -28.599 ], [ -67.733, -28.633 ], [ -67.733, -28.666 ], [ -67.733, -28.699 ], [ -67.733, -28.733 ], [ -67.733, -28.766 ], [ -67.699, -28.766 ], [ -67.666, -28.766 ], [ -67.666, -28.799 ], [ -67.666, -28.833 ], [ -67.666, -28.866 ], [ -67.699, -28.866 ], [ -67.699, -28.833 ], [ -67.733, -28.833 ], [ -67.733, -28.799 ], [ -67.766, -28.799 ], [ -67.766, -28.766 ], [ -67.766, -28.733 ], [ -67.766, -28.699 ], [ -67.799, -28.699 ], [ -67.799, -28.666 ], [ -67.766, -28.666 ], [ -67.766, -28.633 ], [ -67.766, -28.599 ], [ -67.766, -28.566 ], [ -67.733, -28.566 ] ] ], [ [ [ -67.066, -28.599 ], [ -67.066, -28.566 ], [ -67.033, -28.566 ], [ -67.033, -28.599 ], [ -67.066, -28.599 ] ] ], [ [ [ -66.199, -28.566 ], [ -66.199, -28.599 ], [ -66.199, -28.633 ], [ -66.233, -28.633 ], [ -66.233, -28.666 ], [ -66.233, -28.699 ], [ -66.266, -28.699 ], [ -66.266, -28.666 ], [ -66.266, -28.633 ], [ -66.266, -28.599 ], [ -66.233, -28.599 ], [ -66.233, -28.566 ], [ -66.199, -28.566 ] ] ], [ [ [ -68.533, -28.566 ], [ -68.566, -28.566 ], [ -68.566, -28.533 ], [ -68.533, -28.533 ], [ -68.533, -28.566 ] ] ], [ [ [ -67.933, -28.633 ], [ -67.966, -28.633 ], [ -67.966, -28.599 ], [ -67.966, -28.566 ], [ -67.966, -28.533 ], [ -67.933, -28.533 ], [ -67.933, -28.566 ], [ -67.933, -28.599 ], [ -67.933, -28.633 ] ] ], [ [ [ -67.733, -28.566 ], [ -67.733, -28.533 ], [ -67.699, -28.533 ], [ -67.699, -28.566 ], [ -67.733, -28.566 ] ] ], [ [ [ -66.199, -28.566 ], [ -66.199, -28.533 ], [ -66.166, -28.533 ], [ -66.166, -28.566 ], [ -66.199, -28.566 ] ] ], [ [ [ -66.133, -28.533 ], [ -66.099, -28.533 ], [ -66.066, -28.533 ], [ -66.066, -28.566 ], [ -66.099, -28.566 ], [ -66.133, -28.566 ], [ -66.133, -28.533 ] ] ], [ [ [ -67.733, -28.533 ], [ -67.766, -28.533 ], [ -67.766, -28.499 ], [ -67.733, -28.499 ], [ -67.733, -28.533 ] ] ], [ [ [ -66.133, -28.533 ], [ -66.166, -28.533 ], [ -66.166, -28.499 ], [ -66.133, -28.499 ], [ -66.133, -28.533 ] ] ], [ [ [ -65.966, -28.533 ], [ -65.999, -28.533 ], [ -65.999, -28.499 ], [ -65.966, -28.499 ], [ -65.966, -28.533 ] ] ], [ [ [ -68.533, -28.466 ], [ -68.499, -28.466 ], [ -68.499, -28.499 ], [ -68.533, -28.499 ], [ -68.533, -28.466 ] ] ], [ [ [ -68.166, -28.466 ], [ -68.166, -28.499 ], [ -68.166, -28.533 ], [ -68.199, -28.533 ], [ -68.233, -28.533 ], [ -68.233, -28.499 ], [ -68.233, -28.466 ], [ -68.199, -28.466 ], [ -68.166, -28.466 ] ] ], [ [ [ -66.999, -28.499 ], [ -67.033, -28.499 ], [ -67.033, -28.466 ], [ -66.999, -28.466 ], [ -66.999, -28.499 ] ] ], [ [ [ -68.533, -28.466 ], [ -68.566, -28.466 ], [ -68.566, -28.433 ], [ -68.533, -28.433 ], [ -68.533, -28.466 ] ] ], [ [ [ -68.166, -28.466 ], [ -68.166, -28.433 ], [ -68.133, -28.433 ], [ -68.133, -28.466 ], [ -68.166, -28.466 ] ] ], [ [ [ -66.099, -28.466 ], [ -66.133, -28.466 ], [ -66.133, -28.433 ], [ -66.099, -28.433 ], [ -66.099, -28.466 ] ] ], [ [ [ -68.399, -28.399 ], [ -68.399, -28.433 ], [ -68.433, -28.433 ], [ -68.466, -28.433 ], [ -68.499, -28.433 ], [ -68.499, -28.399 ], [ -68.466, -28.399 ], [ -68.433, -28.399 ], [ -68.399, -28.399 ] ] ], [ [ [ -68.133, -28.433 ], [ -68.133, -28.399 ], [ -68.099, -28.399 ], [ -68.099, -28.433 ], [ -68.133, -28.433 ] ] ], [ [ [ -68.099, -28.399 ], [ -68.099, -28.366 ], [ -68.066, -28.366 ], [ -68.066, -28.399 ], [ -68.099, -28.399 ] ] ], [ [ [ -65.966, -28.366 ], [ -65.933, -28.366 ], [ -65.933, -28.399 ], [ -65.966, -28.399 ], [ -65.966, -28.366 ] ] ], [ [ [ -67.733, -28.466 ], [ -67.766, -28.466 ], [ -67.766, -28.433 ], [ -67.766, -28.399 ], [ -67.766, -28.366 ], [ -67.766, -28.333 ], [ -67.733, -28.333 ], [ -67.733, -28.366 ], [ -67.733, -28.399 ], [ -67.733, -28.433 ], [ -67.733, -28.466 ] ] ], [ [ [ -65.966, -28.366 ], [ -65.999, -28.366 ], [ -65.999, -28.333 ], [ -65.966, -28.333 ], [ -65.966, -28.366 ] ] ], [ [ [ -65.966, -28.333 ], [ -65.966, -28.299 ], [ -65.933, -28.299 ], [ -65.933, -28.333 ], [ -65.966, -28.333 ] ] ], [ [ [ -68.399, -28.399 ], [ -68.399, -28.366 ], [ -68.399, -28.333 ], [ -68.366, -28.333 ], [ -68.366, -28.299 ], [ -68.333, -28.299 ], [ -68.299, -28.299 ], [ -68.299, -28.266 ], [ -68.266, -28.266 ], [ -68.233, -28.266 ], [ -68.233, -28.299 ], [ -68.233, -28.333 ], [ -68.233, -28.366 ], [ -68.233, -28.399 ], [ -68.233, -28.433 ], [ -68.266, -28.433 ], [ -68.266, -28.399 ], [ -68.266, -28.366 ], [ -68.266, -28.333 ], [ -68.299, -28.333 ], [ -68.333, -28.333 ], [ -68.333, -28.366 ], [ -68.366, -28.366 ], [ -68.366, -28.399 ], [ -68.399, -28.399 ] ] ], [ [ [ -67.733, -28.299 ], [ -67.766, -28.299 ], [ -67.766, -28.266 ], [ -67.733, -28.266 ], [ -67.733, -28.299 ] ] ], [ [ [ -68.066, -28.366 ], [ -68.066, -28.333 ], [ -68.066, -28.299 ], [ -68.033, -28.299 ], [ -68.033, -28.266 ], [ -67.999, -28.266 ], [ -67.999, -28.233 ], [ -67.966, -28.233 ], [ -67.966, -28.266 ], [ -67.966, -28.299 ], [ -67.933, -28.299 ], [ -67.933, -28.333 ], [ -67.899, -28.333 ], [ -67.899, -28.366 ], [ -67.933, -28.366 ], [ -67.933, -28.399 ], [ -67.933, -28.433 ], [ -67.933, -28.466 ], [ -67.933, -28.499 ], [ -67.966, -28.499 ], [ -67.966, -28.466 ], [ -67.966, -28.433 ], [ -67.966, -28.399 ], [ -67.966, -28.366 ], [ -67.966, -28.333 ], [ -67.999, -28.333 ], [ -68.033, -28.333 ], [ -68.033, -28.366 ], [ -68.066, -28.366 ] ] ], [ [ [ -65.933, -28.266 ], [ -65.966, -28.266 ], [ -65.966, -28.233 ], [ -65.966, -28.199 ], [ -65.933, -28.199 ], [ -65.933, -28.233 ], [ -65.933, -28.266 ] ] ], [ [ [ -66.066, -28.299 ], [ -66.099, -28.299 ], [ -66.099, -28.266 ], [ -66.099, -28.233 ], [ -66.099, -28.199 ], [ -66.099, -28.166 ], [ -66.066, -28.166 ], [ -66.066, -28.199 ], [ -66.066, -28.233 ], [ -66.066, -28.266 ], [ -66.066, -28.299 ] ] ], [ [ [ -67.766, -28.133 ], [ -67.733, -28.133 ], [ -67.733, -28.166 ], [ -67.766, -28.166 ], [ -67.766, -28.133 ] ] ], [ [ [ -65.966, -28.099 ], [ -65.999, -28.099 ], [ -65.999, -28.066 ], [ -65.966, -28.066 ], [ -65.966, -28.099 ] ] ], [ [ [ -67.799, -28.066 ], [ -67.833, -28.066 ], [ -67.833, -28.033 ], [ -67.799, -28.033 ], [ -67.799, -28.066 ] ] ], [ [ [ -67.766, -28.133 ], [ -67.799, -28.133 ], [ -67.799, -28.099 ], [ -67.799, -28.066 ], [ -67.766, -28.066 ], [ -67.766, -28.033 ], [ -67.733, -28.033 ], [ -67.733, -28.066 ], [ -67.733, -28.099 ], [ -67.766, -28.099 ], [ -67.766, -28.133 ] ] ], [ [ [ -66.066, -28.066 ], [ -66.099, -28.066 ], [ -66.099, -28.033 ], [ -66.066, -28.033 ], [ -66.066, -28.066 ] ] ], [ [ [ -67.333, -28.033 ], [ -67.366, -28.033 ], [ -67.366, -27.999 ], [ -67.333, -27.999 ], [ -67.333, -28.033 ] ] ], [ [ [ -67.866, -27.899 ], [ -67.866, -27.933 ], [ -67.899, -27.933 ], [ -67.899, -27.966 ], [ -67.899, -27.999 ], [ -67.933, -27.999 ], [ -67.966, -27.999 ], [ -67.966, -27.966 ], [ -67.933, -27.966 ], [ -67.933, -27.933 ], [ -67.933, -27.899 ], [ -67.899, -27.899 ], [ -67.866, -27.899 ] ] ], [ [ [ -66.033, -27.866 ], [ -65.999, -27.866 ], [ -65.999, -27.899 ], [ -65.999, -27.933 ], [ -65.999, -27.966 ], [ -65.999, -27.999 ], [ -66.033, -27.999 ], [ -66.033, -27.966 ], [ -66.033, -27.933 ], [ -66.033, -27.899 ], [ -66.033, -27.866 ] ] ], [ [ [ -67.866, -27.899 ], [ -67.866, -27.866 ], [ -67.866, -27.833 ], [ -67.833, -27.833 ], [ -67.833, -27.866 ], [ -67.833, -27.899 ], [ -67.866, -27.899 ] ] ], [ [ [ -67.499, -27.866 ], [ -67.533, -27.866 ], [ -67.533, -27.833 ], [ -67.499, -27.833 ], [ -67.499, -27.866 ] ] ], [ [ [ -66.033, -27.866 ], [ -66.066, -27.866 ], [ -66.066, -27.833 ], [ -66.033, -27.833 ], [ -66.033, -27.866 ] ] ], [ [ [ -66.066, -27.833 ], [ -66.099, -27.833 ], [ -66.099, -27.799 ], [ -66.066, -27.799 ], [ -66.066, -27.833 ] ] ], [ [ [ -67.433, -27.799 ], [ -67.466, -27.799 ], [ -67.466, -27.766 ], [ -67.433, -27.766 ], [ -67.433, -27.799 ] ] ], [ [ [ -67.499, -27.766 ], [ -67.533, -27.766 ], [ -67.533, -27.733 ], [ -67.499, -27.733 ], [ -67.499, -27.766 ] ] ], [ [ [ -65.999, -27.866 ], [ -65.999, -27.833 ], [ -65.999, -27.799 ], [ -65.999, -27.766 ], [ -66.033, -27.766 ], [ -66.033, -27.799 ], [ -66.066, -27.799 ], [ -66.066, -27.766 ], [ -66.066, -27.733 ], [ -66.033, -27.733 ], [ -65.999, -27.733 ], [ -65.966, -27.733 ], [ -65.966, -27.766 ], [ -65.966, -27.799 ], [ -65.966, -27.833 ], [ -65.966, -27.866 ], [ -65.999, -27.866 ] ] ], [ [ [ -67.866, -27.733 ], [ -67.833, -27.733 ], [ -67.833, -27.699 ], [ -67.799, -27.699 ], [ -67.799, -27.733 ], [ -67.799, -27.766 ], [ -67.799, -27.799 ], [ -67.833, -27.799 ], [ -67.833, -27.766 ], [ -67.866, -27.766 ], [ -67.866, -27.733 ] ] ], [ [ [ -67.299, -27.699 ], [ -67.266, -27.699 ], [ -67.266, -27.733 ], [ -67.299, -27.733 ], [ -67.299, -27.699 ] ] ], [ [ [ -67.866, -27.733 ], [ -67.899, -27.733 ], [ -67.933, -27.733 ], [ -67.933, -27.699 ], [ -67.899, -27.699 ], [ -67.899, -27.666 ], [ -67.866, -27.666 ], [ -67.866, -27.699 ], [ -67.866, -27.733 ] ] ], [ [ [ -67.299, -27.699 ], [ -67.333, -27.699 ], [ -67.333, -27.666 ], [ -67.299, -27.666 ], [ -67.299, -27.699 ] ] ], [ [ [ -67.333, -27.699 ], [ -67.333, -27.733 ], [ -67.366, -27.733 ], [ -67.399, -27.733 ], [ -67.433, -27.733 ], [ -67.433, -27.699 ], [ -67.399, -27.699 ], [ -67.399, -27.666 ], [ -67.399, -27.633 ], [ -67.366, -27.633 ], [ -67.366, -27.666 ], [ -67.366, -27.699 ], [ -67.333, -27.699 ] ] ], [ [ [ -67.466, -27.633 ], [ -67.499, -27.633 ], [ -67.499, -27.599 ], [ -67.466, -27.599 ], [ -67.466, -27.633 ] ] ], [ [ [ -67.233, -27.599 ], [ -67.233, -27.633 ], [ -67.266, -27.633 ], [ -67.266, -27.599 ], [ -67.233, -27.599 ] ] ], [ [ [ -67.233, -27.599 ], [ -67.233, -27.566 ], [ -67.199, -27.566 ], [ -67.199, -27.599 ], [ -67.233, -27.599 ] ] ], [ [ [ -67.466, -27.533 ], [ -67.466, -27.566 ], [ -67.499, -27.566 ], [ -67.499, -27.533 ], [ -67.466, -27.533 ] ] ], [ [ [ -67.199, -27.566 ], [ -67.199, -27.533 ], [ -67.166, -27.533 ], [ -67.166, -27.566 ], [ -67.199, -27.566 ] ] ], [ [ [ -66.133, -27.533 ], [ -66.166, -27.533 ], [ -66.166, -27.499 ], [ -66.133, -27.499 ], [ -66.133, -27.533 ] ] ], [ [ [ -67.866, -27.666 ], [ -67.866, -27.633 ], [ -67.866, -27.599 ], [ -67.866, -27.566 ], [ -67.866, -27.533 ], [ -67.866, -27.499 ], [ -67.866, -27.466 ], [ -67.833, -27.466 ], [ -67.833, -27.499 ], [ -67.833, -27.533 ], [ -67.833, -27.566 ], [ -67.833, -27.599 ], [ -67.833, -27.633 ], [ -67.799, -27.633 ], [ -67.799, -27.666 ], [ -67.833, -27.666 ], [ -67.866, -27.666 ] ] ], [ [ [ -67.466, -27.533 ], [ -67.466, -27.499 ], [ -67.466, -27.466 ], [ -67.433, -27.466 ], [ -67.433, -27.499 ], [ -67.433, -27.533 ], [ -67.466, -27.533 ] ] ], [ [ [ -66.833, -27.466 ], [ -66.833, -27.499 ], [ -66.866, -27.499 ], [ -66.866, -27.466 ], [ -66.833, -27.466 ] ] ], [ [ [ -66.233, -27.433 ], [ -66.199, -27.433 ], [ -66.199, -27.466 ], [ -66.199, -27.499 ], [ -66.233, -27.499 ], [ -66.233, -27.466 ], [ -66.233, -27.433 ] ] ], [ [ [ -66.099, -27.433 ], [ -66.099, -27.466 ], [ -66.133, -27.466 ], [ -66.133, -27.433 ], [ -66.099, -27.433 ] ] ], [ [ [ -67.866, -27.399 ], [ -67.833, -27.399 ], [ -67.833, -27.433 ], [ -67.866, -27.433 ], [ -67.866, -27.399 ] ] ], [ [ [ -66.833, -27.466 ], [ -66.833, -27.433 ], [ -66.833, -27.399 ], [ -66.799, -27.399 ], [ -66.766, -27.399 ], [ -66.766, -27.433 ], [ -66.799, -27.433 ], [ -66.799, -27.466 ], [ -66.833, -27.466 ] ] ], [ [ [ -66.466, -27.433 ], [ -66.499, -27.433 ], [ -66.499, -27.399 ], [ -66.466, -27.399 ], [ -66.466, -27.433 ] ] ], [ [ [ -66.466, -27.433 ], [ -66.433, -27.433 ], [ -66.433, -27.399 ], [ -66.399, -27.399 ], [ -66.366, -27.399 ], [ -66.333, -27.399 ], [ -66.333, -27.433 ], [ -66.366, -27.433 ], [ -66.399, -27.433 ], [ -66.399, -27.466 ], [ -66.433, -27.466 ], [ -66.466, -27.466 ], [ -66.466, -27.433 ] ] ], [ [ [ -66.233, -27.433 ], [ -66.266, -27.433 ], [ -66.299, -27.433 ], [ -66.299, -27.399 ], [ -66.266, -27.399 ], [ -66.233, -27.399 ], [ -66.233, -27.433 ] ] ], [ [ [ -66.099, -27.433 ], [ -66.099, -27.399 ], [ -66.066, -27.399 ], [ -66.066, -27.433 ], [ -66.099, -27.433 ] ] ], [ [ [ -66.633, -27.366 ], [ -66.599, -27.366 ], [ -66.566, -27.366 ], [ -66.566, -27.399 ], [ -66.566, -27.433 ], [ -66.599, -27.433 ], [ -66.599, -27.399 ], [ -66.633, -27.399 ], [ -66.633, -27.366 ] ] ], [ [ [ -67.399, -27.399 ], [ -67.399, -27.433 ], [ -67.433, -27.433 ], [ -67.433, -27.399 ], [ -67.466, -27.399 ], [ -67.466, -27.366 ], [ -67.433, -27.366 ], [ -67.433, -27.333 ], [ -67.399, -27.333 ], [ -67.399, -27.366 ], [ -67.399, -27.399 ] ] ], [ [ [ -66.033, -27.366 ], [ -66.066, -27.366 ], [ -66.066, -27.333 ], [ -66.033, -27.333 ], [ -66.033, -27.366 ] ] ], [ [ [ -67.866, -27.399 ], [ -67.899, -27.399 ], [ -67.899, -27.366 ], [ -67.899, -27.333 ], [ -67.899, -27.299 ], [ -67.866, -27.299 ], [ -67.866, -27.333 ], [ -67.866, -27.366 ], [ -67.866, -27.399 ] ] ], [ [ [ -66.533, -27.299 ], [ -66.499, -27.299 ], [ -66.499, -27.333 ], [ -66.533, -27.333 ], [ -66.533, -27.299 ] ] ], [ [ [ -67.866, -27.299 ], [ -67.866, -27.266 ], [ -67.833, -27.266 ], [ -67.833, -27.299 ], [ -67.866, -27.299 ] ] ], [ [ [ -67.033, -27.299 ], [ -67.066, -27.299 ], [ -67.066, -27.266 ], [ -67.033, -27.266 ], [ -67.033, -27.299 ] ] ], [ [ [ -65.999, -27.266 ], [ -65.999, -27.299 ], [ -66.033, -27.299 ], [ -66.033, -27.266 ], [ -65.999, -27.266 ] ] ], [ [ [ -67.099, -27.299 ], [ -67.133, -27.299 ], [ -67.133, -27.266 ], [ -67.133, -27.233 ], [ -67.099, -27.233 ], [ -67.099, -27.266 ], [ -67.099, -27.299 ] ] ], [ [ [ -65.999, -27.266 ], [ -65.999, -27.233 ], [ -65.966, -27.233 ], [ -65.966, -27.266 ], [ -65.999, -27.266 ] ] ], [ [ [ -67.833, -27.233 ], [ -67.866, -27.233 ], [ -67.866, -27.199 ], [ -67.833, -27.199 ], [ -67.833, -27.233 ] ] ], [ [ [ -67.533, -27.199 ], [ -67.533, -27.233 ], [ -67.499, -27.233 ], [ -67.499, -27.199 ], [ -67.466, -27.199 ], [ -67.433, -27.199 ], [ -67.433, -27.233 ], [ -67.433, -27.266 ], [ -67.466, -27.266 ], [ -67.499, -27.266 ], [ -67.499, -27.299 ], [ -67.533, -27.299 ], [ -67.533, -27.266 ], [ -67.566, -27.266 ], [ -67.566, -27.233 ], [ -67.566, -27.199 ], [ -67.566, -27.166 ], [ -67.533, -27.166 ], [ -67.533, -27.199 ] ] ], [ [ [ -66.999, -27.199 ], [ -67.033, -27.199 ], [ -67.033, -27.166 ], [ -66.999, -27.166 ], [ -66.999, -27.199 ] ] ], [ [ [ -66.799, -27.199 ], [ -66.833, -27.199 ], [ -66.833, -27.166 ], [ -66.799, -27.166 ], [ -66.799, -27.199 ] ] ], [ [ [ -65.933, -27.199 ], [ -65.966, -27.199 ], [ -65.966, -27.166 ], [ -65.933, -27.166 ], [ -65.933, -27.199 ] ] ], [ [ [ -67.633, -27.099 ], [ -67.599, -27.099 ], [ -67.599, -27.133 ], [ -67.633, -27.133 ], [ -67.633, -27.099 ] ] ], [ [ [ -66.533, -27.299 ], [ -66.566, -27.299 ], [ -66.599, -27.299 ], [ -66.599, -27.333 ], [ -66.633, -27.333 ], [ -66.633, -27.366 ], [ -66.666, -27.366 ], [ -66.699, -27.366 ], [ -66.699, -27.399 ], [ -66.733, -27.399 ], [ -66.733, -27.366 ], [ -66.733, -27.333 ], [ -66.733, -27.299 ], [ -66.699, -27.299 ], [ -66.699, -27.266 ], [ -66.666, -27.266 ], [ -66.633, -27.266 ], [ -66.633, -27.233 ], [ -66.599, -27.233 ], [ -66.599, -27.199 ], [ -66.599, -27.166 ], [ -66.566, -27.166 ], [ -66.566, -27.133 ], [ -66.533, -27.133 ], [ -66.499, -27.133 ], [ -66.466, -27.133 ], [ -66.466, -27.166 ], [ -66.433, -27.166 ], [ -66.399, -27.166 ], [ -66.366, -27.166 ], [ -66.366, -27.199 ], [ -66.333, -27.199 ], [ -66.299, -27.199 ], [ -66.299, -27.166 ], [ -66.266, -27.166 ], [ -66.233, -27.166 ], [ -66.233, -27.133 ], [ -66.199, -27.133 ], [ -66.199, -27.099 ], [ -66.166, -27.099 ], [ -66.166, -27.133 ], [ -66.166, -27.166 ], [ -66.199, -27.166 ], [ -66.199, -27.199 ], [ -66.233, -27.199 ], [ -66.233, -27.233 ], [ -66.266, -27.233 ], [ -66.266, -27.266 ], [ -66.299, -27.266 ], [ -66.333, -27.266 ], [ -66.333, -27.299 ], [ -66.366, -27.299 ], [ -66.399, -27.299 ], [ -66.399, -27.266 ], [ -66.433, -27.266 ], [ -66.433, -27.233 ], [ -66.466, -27.233 ], [ -66.466, -27.199 ], [ -66.499, -27.199 ], [ -66.533, -27.199 ], [ -66.566, -27.199 ], [ -66.566, -27.233 ], [ -66.566, -27.266 ], [ -66.533, -27.266 ], [ -66.533, -27.299 ] ] ], [ [ [ -67.766, -27.066 ], [ -67.733, -27.066 ], [ -67.699, -27.066 ], [ -67.699, -27.099 ], [ -67.733, -27.099 ], [ -67.733, -27.133 ], [ -67.766, -27.133 ], [ -67.766, -27.099 ], [ -67.766, -27.066 ] ] ], [ [ [ -67.633, -27.099 ], [ -67.666, -27.099 ], [ -67.666, -27.066 ], [ -67.633, -27.066 ], [ -67.633, -27.099 ] ] ], [ [ [ -66.966, -27.066 ], [ -66.966, -27.099 ], [ -66.999, -27.099 ], [ -66.999, -27.066 ], [ -66.966, -27.066 ] ] ], [ [ [ -66.166, -27.099 ], [ -66.166, -27.066 ], [ -66.133, -27.066 ], [ -66.133, -27.099 ], [ -66.166, -27.099 ] ] ], [ [ [ -67.666, -27.066 ], [ -67.699, -27.066 ], [ -67.699, -27.033 ], [ -67.666, -27.033 ], [ -67.666, -27.066 ] ] ], [ [ [ -66.799, -27.066 ], [ -66.833, -27.066 ], [ -66.866, -27.066 ], [ -66.866, -27.099 ], [ -66.899, -27.099 ], [ -66.899, -27.066 ], [ -66.933, -27.066 ], [ -66.966, -27.066 ], [ -66.966, -27.033 ], [ -66.933, -27.033 ], [ -66.899, -27.033 ], [ -66.866, -27.033 ], [ -66.833, -27.033 ], [ -66.799, -27.033 ], [ -66.799, -27.066 ] ] ], [ [ [ -66.799, -27.066 ], [ -66.766, -27.066 ], [ -66.766, -27.033 ], [ -66.733, -27.033 ], [ -66.733, -27.066 ], [ -66.733, -27.099 ], [ -66.766, -27.099 ], [ -66.799, -27.099 ], [ -66.799, -27.066 ] ] ], [ [ [ -66.566, -27.033 ], [ -66.566, -27.066 ], [ -66.599, -27.066 ], [ -66.599, -27.033 ], [ -66.566, -27.033 ] ] ], [ [ [ -66.133, -27.066 ], [ -66.133, -27.033 ], [ -66.099, -27.033 ], [ -66.099, -27.066 ], [ -66.133, -27.066 ] ] ], [ [ [ -67.766, -27.066 ], [ -67.799, -27.066 ], [ -67.799, -27.099 ], [ -67.799, -27.133 ], [ -67.833, -27.133 ], [ -67.833, -27.099 ], [ -67.833, -27.066 ], [ -67.833, -27.033 ], [ -67.799, -27.033 ], [ -67.799, -26.999 ], [ -67.766, -26.999 ], [ -67.766, -27.033 ], [ -67.766, -27.066 ] ] ], [ [ [ -66.766, -27.033 ], [ -66.799, -27.033 ], [ -66.799, -26.999 ], [ -66.766, -26.999 ], [ -66.766, -27.033 ] ] ], [ [ [ -66.566, -27.033 ], [ -66.566, -26.999 ], [ -66.533, -26.999 ], [ -66.533, -27.033 ], [ -66.566, -27.033 ] ] ], [ [ [ -66.099, -27.033 ], [ -66.099, -26.999 ], [ -66.066, -26.999 ], [ -66.066, -27.033 ], [ -66.099, -27.033 ] ] ], [ [ [ -65.799, -26.999 ], [ -65.799, -27.033 ], [ -65.833, -27.033 ], [ -65.833, -26.999 ], [ -65.799, -26.999 ] ] ], [ [ [ -65.699, -26.999 ], [ -65.733, -26.999 ], [ -65.733, -26.966 ], [ -65.699, -26.966 ], [ -65.699, -26.999 ] ] ], [ [ [ -66.733, -27.033 ], [ -66.733, -26.999 ], [ -66.766, -26.999 ], [ -66.766, -26.966 ], [ -66.733, -26.966 ], [ -66.733, -26.933 ], [ -66.699, -26.933 ], [ -66.699, -26.966 ], [ -66.699, -26.999 ], [ -66.699, -27.033 ], [ -66.733, -27.033 ] ] ], [ [ [ -66.066, -26.999 ], [ -66.066, -26.966 ], [ -66.066, -26.933 ], [ -66.033, -26.933 ], [ -66.033, -26.966 ], [ -66.033, -26.999 ], [ -66.066, -26.999 ] ] ], [ [ [ -66.233, -26.899 ], [ -66.199, -26.899 ], [ -66.166, -26.899 ], [ -66.166, -26.933 ], [ -66.166, -26.966 ], [ -66.199, -26.966 ], [ -66.233, -26.966 ], [ -66.233, -26.933 ], [ -66.233, -26.899 ] ] ], [ [ [ -66.033, -26.933 ], [ -66.033, -26.899 ], [ -65.999, -26.899 ], [ -65.999, -26.933 ], [ -66.033, -26.933 ] ] ], [ [ [ -66.233, -26.899 ], [ -66.266, -26.899 ], [ -66.266, -26.866 ], [ -66.233, -26.866 ], [ -66.233, -26.899 ] ] ], [ [ [ -65.799, -26.999 ], [ -65.799, -26.966 ], [ -65.799, -26.933 ], [ -65.799, -26.899 ], [ -65.799, -26.866 ], [ -65.766, -26.866 ], [ -65.766, -26.899 ], [ -65.766, -26.933 ], [ -65.766, -26.966 ], [ -65.766, -26.999 ], [ -65.799, -26.999 ] ] ], [ [ [ -65.633, -26.866 ], [ -65.599, -26.866 ], [ -65.599, -26.899 ], [ -65.633, -26.899 ], [ -65.633, -26.866 ] ] ], [ [ [ -65.633, -26.866 ], [ -65.666, -26.866 ], [ -65.666, -26.833 ], [ -65.633, -26.833 ], [ -65.633, -26.866 ] ] ], [ [ [ -65.966, -26.866 ], [ -65.999, -26.866 ], [ -65.999, -26.833 ], [ -65.999, -26.799 ], [ -65.966, -26.799 ], [ -65.966, -26.833 ], [ -65.966, -26.866 ] ] ], [ [ [ -65.733, -26.833 ], [ -65.766, -26.833 ], [ -65.766, -26.799 ], [ -65.766, -26.766 ], [ -65.733, -26.766 ], [ -65.733, -26.799 ], [ -65.733, -26.833 ] ] ], [ [ [ -66.166, -26.899 ], [ -66.166, -26.866 ], [ -66.166, -26.833 ], [ -66.166, -26.799 ], [ -66.166, -26.766 ], [ -66.166, -26.733 ], [ -66.133, -26.733 ], [ -66.133, -26.766 ], [ -66.133, -26.799 ], [ -66.133, -26.833 ], [ -66.133, -26.866 ], [ -66.133, -26.899 ], [ -66.166, -26.899 ] ] ], [ [ [ -65.899, -26.766 ], [ -65.933, -26.766 ], [ -65.933, -26.733 ], [ -65.899, -26.733 ], [ -65.899, -26.766 ] ] ], [ [ [ -65.633, -26.733 ], [ -65.633, -26.766 ], [ -65.599, -26.766 ], [ -65.599, -26.799 ], [ -65.633, -26.799 ], [ -65.666, -26.799 ], [ -65.666, -26.766 ], [ -65.666, -26.733 ], [ -65.633, -26.733 ] ] ], [ [ [ -66.133, -26.733 ], [ -66.133, -26.699 ], [ -66.099, -26.699 ], [ -66.099, -26.733 ], [ -66.133, -26.733 ] ] ], [ [ [ -65.799, -26.699 ], [ -65.833, -26.699 ], [ -65.833, -26.666 ], [ -65.833, -26.633 ], [ -65.799, -26.633 ], [ -65.799, -26.666 ], [ -65.799, -26.699 ] ] ], [ [ [ -65.633, -26.666 ], [ -65.666, -26.666 ], [ -65.666, -26.633 ], [ -65.633, -26.633 ], [ -65.633, -26.666 ] ] ], [ [ [ -66.266, -26.566 ], [ -66.266, -26.599 ], [ -66.233, -26.599 ], [ -66.233, -26.633 ], [ -66.266, -26.633 ], [ -66.266, -26.666 ], [ -66.233, -26.666 ], [ -66.233, -26.699 ], [ -66.266, -26.699 ], [ -66.266, -26.733 ], [ -66.299, -26.733 ], [ -66.299, -26.699 ], [ -66.299, -26.666 ], [ -66.299, -26.633 ], [ -66.333, -26.633 ], [ -66.333, -26.666 ], [ -66.333, -26.699 ], [ -66.333, -26.733 ], [ -66.333, -26.766 ], [ -66.333, -26.799 ], [ -66.366, -26.799 ], [ -66.399, -26.799 ], [ -66.399, -26.833 ], [ -66.433, -26.833 ], [ -66.433, -26.799 ], [ -66.466, -26.799 ], [ -66.466, -26.833 ], [ -66.466, -26.866 ], [ -66.499, -26.866 ], [ -66.499, -26.899 ], [ -66.533, -26.899 ], [ -66.533, -26.866 ], [ -66.533, -26.833 ], [ -66.533, -26.799 ], [ -66.499, -26.799 ], [ -66.499, -26.766 ], [ -66.466, -26.766 ], [ -66.466, -26.733 ], [ -66.433, -26.733 ], [ -66.399, -26.733 ], [ -66.399, -26.699 ], [ -66.399, -26.666 ], [ -66.366, -26.666 ], [ -66.366, -26.633 ], [ -66.366, -26.599 ], [ -66.366, -26.566 ], [ -66.333, -26.566 ], [ -66.333, -26.599 ], [ -66.299, -26.599 ], [ -66.299, -26.566 ], [ -66.266, -26.566 ] ] ], [ [ [ -65.633, -26.599 ], [ -65.666, -26.599 ], [ -65.666, -26.566 ], [ -65.633, -26.566 ], [ -65.633, -26.599 ] ] ], [ [ [ -66.099, -26.566 ], [ -66.133, -26.566 ], [ -66.133, -26.533 ], [ -66.099, -26.533 ], [ -66.099, -26.566 ] ] ], [ [ [ -65.799, -26.599 ], [ -65.833, -26.599 ], [ -65.833, -26.566 ], [ -65.833, -26.533 ], [ -65.799, -26.533 ], [ -65.799, -26.566 ], [ -65.799, -26.599 ] ] ], [ [ [ -65.633, -26.499 ], [ -65.666, -26.499 ], [ -65.666, -26.466 ], [ -65.633, -26.466 ], [ -65.633, -26.499 ] ] ], [ [ [ -66.066, -26.466 ], [ -66.099, -26.466 ], [ -66.099, -26.433 ], [ -66.066, -26.433 ], [ -66.066, -26.466 ] ] ], [ [ [ -65.766, -26.466 ], [ -65.799, -26.466 ], [ -65.799, -26.433 ], [ -65.799, -26.399 ], [ -65.799, -26.366 ], [ -65.766, -26.366 ], [ -65.766, -26.399 ], [ -65.766, -26.433 ], [ -65.766, -26.466 ] ] ], [ [ [ -65.666, -26.333 ], [ -65.633, -26.333 ], [ -65.633, -26.366 ], [ -65.633, -26.399 ], [ -65.633, -26.433 ], [ -65.666, -26.433 ], [ -65.666, -26.399 ], [ -65.666, -26.366 ], [ -65.666, -26.333 ] ] ], [ [ [ -66.033, -26.299 ], [ -66.033, -26.333 ], [ -66.033, -26.366 ], [ -66.033, -26.399 ], [ -66.066, -26.399 ], [ -66.066, -26.366 ], [ -66.066, -26.333 ], [ -66.066, -26.299 ], [ -66.033, -26.299 ] ] ], [ [ [ -65.733, -26.333 ], [ -65.766, -26.333 ], [ -65.766, -26.299 ], [ -65.766, -26.266 ], [ -65.733, -26.266 ], [ -65.733, -26.299 ], [ -65.733, -26.333 ] ] ], [ [ [ -65.666, -26.333 ], [ -65.699, -26.333 ], [ -65.699, -26.299 ], [ -65.699, -26.266 ], [ -65.666, -26.266 ], [ -65.666, -26.299 ], [ -65.666, -26.333 ] ] ], [ [ [ -66.033, -26.299 ], [ -66.033, -26.266 ], [ -66.033, -26.233 ], [ -65.999, -26.233 ], [ -65.999, -26.266 ], [ -65.999, -26.299 ], [ -66.033, -26.299 ] ] ], [ [ [ -65.666, -26.266 ], [ -65.666, -26.233 ], [ -65.633, -26.233 ], [ -65.633, -26.266 ], [ -65.666, -26.266 ] ] ], [ [ [ -66.033, -26.133 ], [ -65.999, -26.133 ], [ -65.999, -26.166 ], [ -66.033, -26.166 ], [ -66.033, -26.133 ] ] ], [ [ [ -66.033, -26.133 ], [ -66.066, -26.133 ], [ -66.066, -26.099 ], [ -66.033, -26.099 ], [ -66.033, -26.133 ] ] ], [ [ [ -65.633, -26.133 ], [ -65.666, -26.133 ], [ -65.666, -26.099 ], [ -65.633, -26.099 ], [ -65.633, -26.133 ] ] ], [ [ [ -65.733, -26.133 ], [ -65.766, -26.133 ], [ -65.766, -26.099 ], [ -65.766, -26.066 ], [ -65.733, -26.066 ], [ -65.733, -26.099 ], [ -65.733, -26.133 ] ] ], [ [ [ -65.633, -26.066 ], [ -65.666, -26.066 ], [ -65.666, -26.033 ], [ -65.633, -26.033 ], [ -65.633, -26.066 ] ] ], [ [ [ -66.066, -26.066 ], [ -66.099, -26.066 ], [ -66.099, -26.033 ], [ -66.099, -25.999 ], [ -66.099, -25.966 ], [ -66.066, -25.966 ], [ -66.066, -25.999 ], [ -66.066, -26.033 ], [ -66.066, -26.066 ] ] ], [ [ [ -66.299, -25.899 ], [ -66.299, -25.933 ], [ -66.266, -25.933 ], [ -66.266, -25.966 ], [ -66.299, -25.966 ], [ -66.333, -25.966 ], [ -66.333, -25.933 ], [ -66.333, -25.899 ], [ -66.299, -25.899 ] ] ], [ [ [ -66.099, -25.899 ], [ -66.066, -25.899 ], [ -66.066, -25.933 ], [ -66.099, -25.933 ], [ -66.099, -25.899 ] ] ], [ [ [ -66.366, -25.899 ], [ -66.399, -25.899 ], [ -66.399, -25.866 ], [ -66.366, -25.866 ], [ -66.366, -25.899 ] ] ], [ [ [ -66.099, -25.899 ], [ -66.133, -25.899 ], [ -66.133, -25.866 ], [ -66.099, -25.866 ], [ -66.099, -25.899 ] ] ], [ [ [ -66.233, -25.899 ], [ -66.266, -25.899 ], [ -66.266, -25.866 ], [ -66.266, -25.833 ], [ -66.233, -25.833 ], [ -66.233, -25.866 ], [ -66.233, -25.899 ] ] ], [ [ [ -66.133, -25.866 ], [ -66.166, -25.866 ], [ -66.166, -25.833 ], [ -66.133, -25.833 ], [ -66.133, -25.866 ] ] ], [ [ [ -65.633, -25.866 ], [ -65.666, -25.866 ], [ -65.666, -25.833 ], [ -65.633, -25.833 ], [ -65.633, -25.866 ] ] ], [ [ [ -66.199, -25.799 ], [ -66.233, -25.799 ], [ -66.233, -25.766 ], [ -66.199, -25.766 ], [ -66.166, -25.766 ], [ -66.166, -25.799 ], [ -66.199, -25.799 ] ] ], [ [ [ -66.333, -25.666 ], [ -66.299, -25.666 ], [ -66.299, -25.699 ], [ -66.333, -25.699 ], [ -66.333, -25.666 ] ] ], [ [ [ -66.499, -25.599 ], [ -66.466, -25.599 ], [ -66.433, -25.599 ], [ -66.433, -25.633 ], [ -66.466, -25.633 ], [ -66.466, -25.666 ], [ -66.499, -25.666 ], [ -66.499, -25.633 ], [ -66.499, -25.599 ] ] ], [ [ [ -66.499, -25.599 ], [ -66.533, -25.599 ], [ -66.533, -25.566 ], [ -66.499, -25.566 ], [ -66.499, -25.599 ] ] ], [ [ [ -65.766, -25.599 ], [ -65.799, -25.599 ], [ -65.799, -25.566 ], [ -65.766, -25.566 ], [ -65.766, -25.599 ] ] ], [ [ [ -66.333, -25.666 ], [ -66.366, -25.666 ], [ -66.366, -25.699 ], [ -66.366, -25.733 ], [ -66.333, -25.733 ], [ -66.333, -25.766 ], [ -66.333, -25.799 ], [ -66.333, -25.833 ], [ -66.366, -25.833 ], [ -66.399, -25.833 ], [ -66.399, -25.799 ], [ -66.399, -25.766 ], [ -66.433, -25.766 ], [ -66.433, -25.733 ], [ -66.466, -25.733 ], [ -66.466, -25.699 ], [ -66.433, -25.699 ], [ -66.433, -25.666 ], [ -66.399, -25.666 ], [ -66.399, -25.633 ], [ -66.366, -25.633 ], [ -66.366, -25.599 ], [ -66.333, -25.599 ], [ -66.333, -25.566 ], [ -66.333, -25.533 ], [ -66.299, -25.533 ], [ -66.299, -25.566 ], [ -66.299, -25.599 ], [ -66.299, -25.633 ], [ -66.333, -25.633 ], [ -66.333, -25.666 ] ] ], [ [ [ -66.499, -25.566 ], [ -66.499, -25.533 ], [ -66.466, -25.533 ], [ -66.466, -25.499 ], [ -66.466, -25.466 ], [ -66.433, -25.466 ], [ -66.433, -25.499 ], [ -66.433, -25.533 ], [ -66.433, -25.566 ], [ -66.466, -25.566 ], [ -66.499, -25.566 ] ] ], [ [ [ -65.899, -25.433 ], [ -65.899, -25.466 ], [ -65.899, -25.499 ], [ -65.933, -25.499 ], [ -65.966, -25.499 ], [ -65.999, -25.499 ], [ -66.033, -25.499 ], [ -66.033, -25.533 ], [ -66.066, -25.533 ], [ -66.066, -25.499 ], [ -66.066, -25.466 ], [ -66.033, -25.466 ], [ -65.999, -25.466 ], [ -65.999, -25.433 ], [ -65.966, -25.433 ], [ -65.966, -25.399 ], [ -65.933, -25.399 ], [ -65.933, -25.433 ], [ -65.899, -25.433 ] ] ], [ [ [ -66.466, -25.366 ], [ -66.499, -25.366 ], [ -66.499, -25.333 ], [ -66.499, -25.299 ], [ -66.466, -25.299 ], [ -66.466, -25.333 ], [ -66.466, -25.366 ] ] ], [ [ [ -66.399, -25.333 ], [ -66.433, -25.333 ], [ -66.433, -25.299 ], [ -66.399, -25.299 ], [ -66.399, -25.333 ] ] ], [ [ [ -66.066, -25.466 ], [ -66.099, -25.466 ], [ -66.099, -25.433 ], [ -66.133, -25.433 ], [ -66.133, -25.399 ], [ -66.133, -25.366 ], [ -66.099, -25.366 ], [ -66.099, -25.333 ], [ -66.099, -25.299 ], [ -66.066, -25.299 ], [ -66.066, -25.333 ], [ -66.066, -25.366 ], [ -66.066, -25.399 ], [ -66.066, -25.433 ], [ -66.066, -25.466 ] ] ], [ [ [ -66.366, -25.266 ], [ -66.399, -25.266 ], [ -66.399, -25.233 ], [ -66.366, -25.233 ], [ -66.366, -25.266 ] ] ], [ [ [ -66.299, -25.266 ], [ -66.333, -25.266 ], [ -66.333, -25.233 ], [ -66.299, -25.233 ], [ -66.299, -25.266 ] ] ], [ [ [ -66.433, -25.233 ], [ -66.466, -25.233 ], [ -66.466, -25.199 ], [ -66.433, -25.199 ], [ -66.433, -25.233 ] ] ], [ [ [ -65.899, -25.433 ], [ -65.899, -25.399 ], [ -65.899, -25.366 ], [ -65.899, -25.333 ], [ -65.899, -25.299 ], [ -65.866, -25.299 ], [ -65.866, -25.266 ], [ -65.866, -25.233 ], [ -65.866, -25.199 ], [ -65.866, -25.166 ], [ -65.833, -25.166 ], [ -65.799, -25.166 ], [ -65.799, -25.199 ], [ -65.833, -25.199 ], [ -65.833, -25.233 ], [ -65.833, -25.266 ], [ -65.833, -25.299 ], [ -65.799, -25.299 ], [ -65.799, -25.333 ], [ -65.833, -25.333 ], [ -65.866, -25.333 ], [ -65.866, -25.366 ], [ -65.866, -25.399 ], [ -65.866, -25.433 ], [ -65.899, -25.433 ] ] ], [ [ [ -65.966, -25.099 ], [ -65.966, -25.133 ], [ -65.933, -25.133 ], [ -65.933, -25.166 ], [ -65.933, -25.199 ], [ -65.966, -25.199 ], [ -65.966, -25.233 ], [ -65.966, -25.266 ], [ -65.999, -25.266 ], [ -66.033, -25.266 ], [ -66.066, -25.266 ], [ -66.066, -25.233 ], [ -66.033, -25.233 ], [ -66.033, -25.199 ], [ -66.066, -25.199 ], [ -66.066, -25.166 ], [ -66.033, -25.166 ], [ -66.033, -25.133 ], [ -66.066, -25.133 ], [ -66.066, -25.099 ], [ -66.033, -25.099 ], [ -66.033, -25.066 ], [ -65.999, -25.066 ], [ -65.966, -25.066 ], [ -65.966, -25.099 ] ] ], [ [ [ -66.233, -25.166 ], [ -66.266, -25.166 ], [ -66.266, -25.133 ], [ -66.266, -25.099 ], [ -66.266, -25.066 ], [ -66.266, -25.033 ], [ -66.233, -25.033 ], [ -66.233, -25.066 ], [ -66.233, -25.099 ], [ -66.233, -25.133 ], [ -66.233, -25.166 ] ] ], [ [ [ -66.166, -25.066 ], [ -66.199, -25.066 ], [ -66.199, -25.033 ], [ -66.166, -25.033 ], [ -66.166, -25.066 ] ] ], [ [ [ -65.766, -25.099 ], [ -65.799, -25.099 ], [ -65.799, -25.066 ], [ -65.799, -25.033 ], [ -65.766, -25.033 ], [ -65.766, -25.066 ], [ -65.766, -25.099 ] ] ], [ [ [ -66.199, -24.966 ], [ -66.233, -24.966 ], [ -66.233, -24.933 ], [ -66.199, -24.933 ], [ -66.199, -24.966 ] ] ], [ [ [ -65.966, -25.033 ], [ -65.999, -25.033 ], [ -65.999, -24.999 ], [ -65.999, -24.966 ], [ -65.999, -24.933 ], [ -65.966, -24.933 ], [ -65.966, -24.966 ], [ -65.966, -24.999 ], [ -65.966, -25.033 ] ] ], [ [ [ -65.799, -24.933 ], [ -65.766, -24.933 ], [ -65.766, -24.966 ], [ -65.799, -24.966 ], [ -65.799, -24.933 ] ] ], [ [ [ -65.799, -24.933 ], [ -65.833, -24.933 ], [ -65.833, -24.899 ], [ -65.799, -24.899 ], [ -65.799, -24.933 ] ] ], [ [ [ -66.066, -24.866 ], [ -66.066, -24.899 ], [ -66.099, -24.899 ], [ -66.133, -24.899 ], [ -66.133, -24.866 ], [ -66.099, -24.866 ], [ -66.066, -24.866 ] ] ], [ [ [ -65.999, -24.833 ], [ -65.999, -24.866 ], [ -65.999, -24.899 ], [ -66.033, -24.899 ], [ -66.033, -24.866 ], [ -66.066, -24.866 ], [ -66.066, -24.833 ], [ -66.066, -24.799 ], [ -66.033, -24.799 ], [ -66.033, -24.833 ], [ -65.999, -24.833 ] ] ], [ [ [ -65.766, -24.799 ], [ -65.799, -24.799 ], [ -65.799, -24.766 ], [ -65.766, -24.766 ], [ -65.766, -24.799 ] ] ], [ [ [ -65.866, -24.766 ], [ -65.899, -24.766 ], [ -65.899, -24.733 ], [ -65.866, -24.733 ], [ -65.833, -24.733 ], [ -65.833, -24.766 ], [ -65.866, -24.766 ] ] ], [ [ [ -65.699, -24.766 ], [ -65.733, -24.766 ], [ -65.733, -24.733 ], [ -65.699, -24.733 ], [ -65.666, -24.733 ], [ -65.666, -24.766 ], [ -65.699, -24.766 ] ] ], [ [ [ -66.199, -24.733 ], [ -66.199, -24.766 ], [ -66.166, -24.766 ], [ -66.166, -24.799 ], [ -66.166, -24.833 ], [ -66.199, -24.833 ], [ -66.233, -24.833 ], [ -66.233, -24.799 ], [ -66.233, -24.766 ], [ -66.233, -24.733 ], [ -66.233, -24.699 ], [ -66.199, -24.699 ], [ -66.199, -24.733 ] ] ], [ [ [ -65.999, -24.833 ], [ -65.999, -24.799 ], [ -65.999, -24.766 ], [ -65.999, -24.733 ], [ -65.999, -24.699 ], [ -65.966, -24.699 ], [ -65.966, -24.733 ], [ -65.933, -24.733 ], [ -65.933, -24.766 ], [ -65.966, -24.766 ], [ -65.966, -24.799 ], [ -65.933, -24.799 ], [ -65.899, -24.799 ], [ -65.899, -24.833 ], [ -65.933, -24.833 ], [ -65.966, -24.833 ], [ -65.999, -24.833 ] ] ], [ [ [ -65.999, -24.699 ], [ -66.033, -24.699 ], [ -66.033, -24.666 ], [ -65.999, -24.666 ], [ -65.999, -24.699 ] ] ], [ [ [ -65.833, -24.666 ], [ -65.799, -24.666 ], [ -65.799, -24.699 ], [ -65.833, -24.699 ], [ -65.833, -24.666 ] ] ], [ [ [ -65.833, -24.666 ], [ -65.866, -24.666 ], [ -65.866, -24.633 ], [ -65.833, -24.633 ], [ -65.833, -24.666 ] ] ], [ [ [ -65.666, -24.666 ], [ -65.699, -24.666 ], [ -65.699, -24.633 ], [ -65.666, -24.633 ], [ -65.666, -24.666 ] ] ], [ [ [ -65.799, -24.666 ], [ -65.799, -24.633 ], [ -65.766, -24.633 ], [ -65.766, -24.599 ], [ -65.733, -24.599 ], [ -65.733, -24.633 ], [ -65.733, -24.666 ], [ -65.766, -24.666 ], [ -65.799, -24.666 ] ] ], [ [ [ -65.566, -24.633 ], [ -65.599, -24.633 ], [ -65.599, -24.599 ], [ -65.566, -24.599 ], [ -65.566, -24.633 ] ] ], [ [ [ -65.899, -24.599 ], [ -65.933, -24.599 ], [ -65.933, -24.566 ], [ -65.899, -24.566 ], [ -65.899, -24.599 ] ] ], [ [ [ -65.633, -24.566 ], [ -65.633, -24.599 ], [ -65.666, -24.599 ], [ -65.666, -24.566 ], [ -65.633, -24.566 ] ] ], [ [ [ -65.633, -24.566 ], [ -65.633, -24.533 ], [ -65.599, -24.533 ], [ -65.599, -24.566 ], [ -65.633, -24.566 ] ] ], [ [ [ -65.599, -24.533 ], [ -65.599, -24.499 ], [ -65.566, -24.499 ], [ -65.566, -24.533 ], [ -65.599, -24.533 ] ] ], [ [ [ -65.933, -24.466 ], [ -65.899, -24.466 ], [ -65.899, -24.499 ], [ -65.899, -24.533 ], [ -65.933, -24.533 ], [ -65.933, -24.499 ], [ -65.933, -24.466 ] ] ], [ [ [ -65.499, -24.499 ], [ -65.533, -24.499 ], [ -65.533, -24.466 ], [ -65.499, -24.466 ], [ -65.499, -24.499 ] ] ], [ [ [ -67.699, -24.466 ], [ -67.699, -24.499 ], [ -67.733, -24.499 ], [ -67.733, -24.466 ], [ -67.766, -24.466 ], [ -67.766, -24.433 ], [ -67.733, -24.433 ], [ -67.699, -24.433 ], [ -67.699, -24.466 ] ] ], [ [ [ -65.933, -24.466 ], [ -65.966, -24.466 ], [ -65.966, -24.433 ], [ -65.933, -24.433 ], [ -65.933, -24.466 ] ] ], [ [ [ -67.366, -24.366 ], [ -67.366, -24.399 ], [ -67.333, -24.399 ], [ -67.333, -24.433 ], [ -67.366, -24.433 ], [ -67.366, -24.466 ], [ -67.399, -24.466 ], [ -67.399, -24.499 ], [ -67.399, -24.533 ], [ -67.433, -24.533 ], [ -67.466, -24.533 ], [ -67.499, -24.533 ], [ -67.499, -24.566 ], [ -67.533, -24.566 ], [ -67.566, -24.566 ], [ -67.599, -24.566 ], [ -67.599, -24.599 ], [ -67.633, -24.599 ], [ -67.666, -24.599 ], [ -67.699, -24.599 ], [ -67.699, -24.566 ], [ -67.699, -24.533 ], [ -67.666, -24.533 ], [ -67.633, -24.533 ], [ -67.633, -24.499 ], [ -67.599, -24.499 ], [ -67.599, -24.466 ], [ -67.566, -24.466 ], [ -67.566, -24.433 ], [ -67.566, -24.399 ], [ -67.566, -24.366 ], [ -67.533, -24.366 ], [ -67.499, -24.366 ], [ -67.499, -24.399 ], [ -67.466, -24.399 ], [ -67.466, -24.366 ], [ -67.433, -24.366 ], [ -67.399, -24.366 ], [ -67.366, -24.366 ] ] ], [ [ [ -65.799, -24.466 ], [ -65.799, -24.499 ], [ -65.766, -24.499 ], [ -65.766, -24.533 ], [ -65.766, -24.566 ], [ -65.799, -24.566 ], [ -65.799, -24.599 ], [ -65.833, -24.599 ], [ -65.833, -24.566 ], [ -65.833, -24.533 ], [ -65.833, -24.499 ], [ -65.833, -24.466 ], [ -65.866, -24.466 ], [ -65.866, -24.433 ], [ -65.833, -24.433 ], [ -65.833, -24.399 ], [ -65.833, -24.366 ], [ -65.799, -24.366 ], [ -65.799, -24.399 ], [ -65.799, -24.433 ], [ -65.799, -24.466 ] ] ], [ [ [ -65.533, -24.433 ], [ -65.566, -24.433 ], [ -65.566, -24.399 ], [ -65.566, -24.366 ], [ -65.533, -24.366 ], [ -65.533, -24.399 ], [ -65.533, -24.433 ] ] ], [ [ [ -65.566, -24.199 ], [ -65.533, -24.199 ], [ -65.533, -24.233 ], [ -65.533, -24.266 ], [ -65.566, -24.266 ], [ -65.566, -24.233 ], [ -65.566, -24.199 ] ] ], [ [ [ -65.566, -24.199 ], [ -65.599, -24.199 ], [ -65.599, -24.166 ], [ -65.566, -24.166 ], [ -65.566, -24.199 ] ] ], [ [ [ -67.544, -24.121 ], [ -67.533, -24.133 ], [ -67.499, -24.133 ], [ -67.499, -24.166 ], [ -67.533, -24.166 ], [ -67.533, -24.199 ], [ -67.499, -24.199 ], [ -67.499, -24.233 ], [ -67.499, -24.266 ], [ -67.499, -24.299 ], [ -67.533, -24.299 ], [ -67.533, -24.333 ], [ -67.566, -24.333 ], [ -67.599, -24.333 ], [ -67.599, -24.299 ], [ -67.599, -24.266 ], [ -67.633, -24.266 ], [ -67.633, -24.233 ], [ -67.666, -24.233 ], [ -67.666, -24.199 ], [ -67.633, -24.199 ], [ -67.633, -24.166 ], [ -67.640, -24.159 ], [ -67.567, -24.130 ], [ -67.544, -24.121 ] ] ], [ [ [ -65.533, -24.133 ], [ -65.566, -24.133 ], [ -65.566, -24.099 ], [ -65.533, -24.099 ], [ -65.533, -24.133 ] ] ], [ [ [ -65.599, -24.066 ], [ -65.633, -24.066 ], [ -65.633, -24.033 ], [ -65.599, -24.033 ], [ -65.566, -24.033 ], [ -65.566, -24.066 ], [ -65.599, -24.066 ] ] ], [ [ [ -65.533, -23.999 ], [ -65.566, -23.999 ], [ -65.566, -23.966 ], [ -65.566, -23.933 ], [ -65.533, -23.933 ], [ -65.533, -23.966 ], [ -65.533, -23.999 ] ] ], [ [ [ -65.533, -23.899 ], [ -65.566, -23.899 ], [ -65.566, -23.866 ], [ -65.533, -23.866 ], [ -65.533, -23.899 ] ] ], [ [ [ -65.433, -23.799 ], [ -65.466, -23.799 ], [ -65.466, -23.766 ], [ -65.433, -23.766 ], [ -65.433, -23.799 ] ] ], [ [ [ -65.599, -23.733 ], [ -65.566, -23.733 ], [ -65.566, -23.766 ], [ -65.599, -23.766 ], [ -65.599, -23.733 ] ] ], [ [ [ -65.599, -23.733 ], [ -65.633, -23.733 ], [ -65.633, -23.699 ], [ -65.633, -23.666 ], [ -65.599, -23.666 ], [ -65.599, -23.699 ], [ -65.599, -23.733 ] ] ], [ [ [ -65.499, -23.699 ], [ -65.533, -23.699 ], [ -65.533, -23.666 ], [ -65.499, -23.666 ], [ -65.499, -23.699 ] ] ], [ [ [ -65.366, -23.666 ], [ -65.399, -23.666 ], [ -65.399, -23.633 ], [ -65.366, -23.633 ], [ -65.366, -23.666 ] ] ], [ [ [ -65.199, -23.666 ], [ -65.233, -23.666 ], [ -65.233, -23.633 ], [ -65.199, -23.633 ], [ -65.199, -23.666 ] ] ], [ [ [ -65.199, -23.599 ], [ -65.233, -23.599 ], [ -65.233, -23.566 ], [ -65.199, -23.566 ], [ -65.199, -23.599 ] ] ], [ [ [ -65.333, -23.599 ], [ -65.366, -23.599 ], [ -65.366, -23.566 ], [ -65.366, -23.533 ], [ -65.333, -23.533 ], [ -65.333, -23.566 ], [ -65.333, -23.599 ] ] ], [ [ [ -64.833, -23.599 ], [ -64.866, -23.599 ], [ -64.866, -23.566 ], [ -64.866, -23.533 ], [ -64.833, -23.533 ], [ -64.833, -23.566 ], [ -64.833, -23.599 ] ] ], [ [ [ -65.166, -23.499 ], [ -65.133, -23.499 ], [ -65.133, -23.533 ], [ -65.133, -23.566 ], [ -65.166, -23.566 ], [ -65.166, -23.533 ], [ -65.166, -23.499 ] ] ], [ [ [ -65.166, -23.499 ], [ -65.199, -23.499 ], [ -65.199, -23.466 ], [ -65.166, -23.466 ], [ -65.166, -23.499 ] ] ], [ [ [ -65.133, -23.499 ], [ -65.133, -23.466 ], [ -65.099, -23.466 ], [ -65.066, -23.466 ], [ -65.033, -23.466 ], [ -65.033, -23.499 ], [ -65.033, -23.533 ], [ -65.066, -23.533 ], [ -65.066, -23.499 ], [ -65.099, -23.499 ], [ -65.133, -23.499 ] ] ], [ [ [ -65.133, -23.466 ], [ -65.166, -23.466 ], [ -65.166, -23.433 ], [ -65.133, -23.433 ], [ -65.133, -23.466 ] ] ], [ [ [ -65.066, -23.399 ], [ -65.066, -23.433 ], [ -65.099, -23.433 ], [ -65.099, -23.399 ], [ -65.066, -23.399 ] ] ], [ [ [ -66.066, -23.433 ], [ -66.066, -23.466 ], [ -66.033, -23.466 ], [ -65.999, -23.466 ], [ -65.999, -23.499 ], [ -65.999, -23.533 ], [ -65.999, -23.566 ], [ -65.999, -23.599 ], [ -65.999, -23.633 ], [ -65.966, -23.633 ], [ -65.966, -23.666 ], [ -65.966, -23.699 ], [ -65.966, -23.733 ], [ -65.999, -23.733 ], [ -65.999, -23.766 ], [ -65.999, -23.799 ], [ -66.033, -23.799 ], [ -66.033, -23.833 ], [ -66.066, -23.833 ], [ -66.099, -23.833 ], [ -66.099, -23.866 ], [ -66.133, -23.866 ], [ -66.166, -23.866 ], [ -66.199, -23.866 ], [ -66.233, -23.866 ], [ -66.233, -23.833 ], [ -66.266, -23.833 ], [ -66.266, -23.799 ], [ -66.299, -23.799 ], [ -66.299, -23.766 ], [ -66.299, -23.733 ], [ -66.299, -23.699 ], [ -66.266, -23.699 ], [ -66.266, -23.666 ], [ -66.266, -23.633 ], [ -66.233, -23.633 ], [ -66.233, -23.599 ], [ -66.233, -23.566 ], [ -66.233, -23.533 ], [ -66.199, -23.533 ], [ -66.199, -23.499 ], [ -66.199, -23.466 ], [ -66.166, -23.466 ], [ -66.166, -23.433 ], [ -66.199, -23.433 ], [ -66.233, -23.433 ], [ -66.233, -23.399 ], [ -66.199, -23.399 ], [ -66.166, -23.399 ], [ -66.133, -23.399 ], [ -66.133, -23.366 ], [ -66.099, -23.366 ], [ -66.066, -23.366 ], [ -66.066, -23.399 ], [ -66.066, -23.433 ] ] ], [ [ [ -65.066, -23.399 ], [ -65.066, -23.366 ], [ -65.033, -23.366 ], [ -64.999, -23.366 ], [ -64.966, -23.366 ], [ -64.966, -23.399 ], [ -64.999, -23.399 ], [ -65.033, -23.399 ], [ -65.066, -23.399 ] ] ], [ [ [ -65.299, -23.299 ], [ -65.299, -23.333 ], [ -65.299, -23.366 ], [ -65.299, -23.399 ], [ -65.299, -23.433 ], [ -65.299, -23.466 ], [ -65.299, -23.499 ], [ -65.333, -23.499 ], [ -65.333, -23.466 ], [ -65.333, -23.433 ], [ -65.333, -23.399 ], [ -65.333, -23.366 ], [ -65.333, -23.333 ], [ -65.333, -23.299 ], [ -65.299, -23.299 ] ] ], [ [ [ -64.899, -23.333 ], [ -64.933, -23.333 ], [ -64.933, -23.299 ], [ -64.899, -23.299 ], [ -64.899, -23.333 ] ] ], [ [ [ -64.966, -23.233 ], [ -64.933, -23.233 ], [ -64.933, -23.266 ], [ -64.966, -23.266 ], [ -64.966, -23.233 ] ] ], [ [ [ -64.966, -23.233 ], [ -64.999, -23.233 ], [ -64.999, -23.199 ], [ -64.966, -23.199 ], [ -64.966, -23.233 ] ] ], [ [ [ -64.899, -23.199 ], [ -64.933, -23.199 ], [ -64.933, -23.166 ], [ -64.899, -23.166 ], [ -64.866, -23.166 ], [ -64.866, -23.199 ], [ -64.899, -23.199 ] ] ], [ [ [ -64.966, -23.166 ], [ -64.999, -23.166 ], [ -64.999, -23.133 ], [ -64.966, -23.133 ], [ -64.966, -23.166 ] ] ], [ [ [ -65.033, -22.899 ], [ -65.066, -22.899 ], [ -65.066, -22.866 ], [ -65.033, -22.866 ], [ -65.033, -22.899 ] ] ], [ [ [ -65.133, -22.833 ], [ -65.166, -22.833 ], [ -65.166, -22.799 ], [ -65.133, -22.799 ], [ -65.133, -22.833 ] ] ], [ [ [ -65.233, -22.699 ], [ -65.266, -22.699 ], [ -65.266, -22.666 ], [ -65.233, -22.666 ], [ -65.233, -22.699 ] ] ], [ [ [ -65.233, -22.566 ], [ -65.233, -22.599 ], [ -65.233, -22.633 ], [ -65.266, -22.633 ], [ -65.266, -22.599 ], [ -65.266, -22.566 ], [ -65.233, -22.566 ] ] ], [ [ [ -65.566, -22.566 ], [ -65.599, -22.566 ], [ -65.599, -22.533 ], [ -65.566, -22.533 ], [ -65.566, -22.566 ] ] ], [ [ [ -65.233, -22.566 ], [ -65.233, -22.533 ], [ -65.199, -22.533 ], [ -65.199, -22.566 ], [ -65.233, -22.566 ] ] ], [ [ [ -65.199, -22.533 ], [ -65.199, -22.499 ], [ -65.166, -22.499 ], [ -65.166, -22.533 ], [ -65.199, -22.533 ] ] ], [ [ [ -65.833, -22.466 ], [ -65.833, -22.499 ], [ -65.833, -22.533 ], [ -65.833, -22.566 ], [ -65.866, -22.566 ], [ -65.866, -22.533 ], [ -65.866, -22.499 ], [ -65.866, -22.466 ], [ -65.833, -22.466 ] ] ], [ [ [ -64.999, -22.499 ], [ -65.033, -22.499 ], [ -65.033, -22.466 ], [ -64.999, -22.466 ], [ -64.966, -22.466 ], [ -64.966, -22.499 ], [ -64.999, -22.499 ] ] ], [ [ [ -65.833, -22.466 ], [ -65.833, -22.433 ], [ -65.799, -22.433 ], [ -65.799, -22.466 ], [ -65.833, -22.466 ] ] ], [ [ [ -65.299, -23.299 ], [ -65.299, -23.266 ], [ -65.299, -23.233 ], [ -65.299, -23.199 ], [ -65.333, -23.199 ], [ -65.333, -23.166 ], [ -65.333, -23.133 ], [ -65.333, -23.099 ], [ -65.333, -23.066 ], [ -65.366, -23.066 ], [ -65.366, -23.099 ], [ -65.399, -23.099 ], [ -65.399, -23.133 ], [ -65.399, -23.166 ], [ -65.399, -23.199 ], [ -65.399, -23.233 ], [ -65.399, -23.266 ], [ -65.399, -23.299 ], [ -65.399, -23.333 ], [ -65.399, -23.366 ], [ -65.399, -23.399 ], [ -65.433, -23.399 ], [ -65.433, -23.366 ], [ -65.433, -23.333 ], [ -65.433, -23.299 ], [ -65.433, -23.266 ], [ -65.433, -23.233 ], [ -65.433, -23.199 ], [ -65.433, -23.166 ], [ -65.433, -23.133 ], [ -65.433, -23.099 ], [ -65.433, -23.066 ], [ -65.433, -23.033 ], [ -65.399, -23.033 ], [ -65.399, -22.999 ], [ -65.433, -22.999 ], [ -65.466, -22.999 ], [ -65.499, -22.999 ], [ -65.533, -22.999 ], [ -65.566, -22.999 ], [ -65.566, -22.966 ], [ -65.599, -22.966 ], [ -65.633, -22.966 ], [ -65.633, -22.933 ], [ -65.666, -22.933 ], [ -65.699, -22.933 ], [ -65.699, -22.966 ], [ -65.699, -22.999 ], [ -65.733, -22.999 ], [ -65.733, -23.033 ], [ -65.766, -23.033 ], [ -65.799, -23.033 ], [ -65.833, -23.033 ], [ -65.833, -23.066 ], [ -65.866, -23.066 ], [ -65.866, -23.099 ], [ -65.866, -23.133 ], [ -65.899, -23.133 ], [ -65.933, -23.133 ], [ -65.966, -23.133 ], [ -65.966, -23.099 ], [ -65.933, -23.099 ], [ -65.933, -23.066 ], [ -65.899, -23.066 ], [ -65.899, -23.033 ], [ -65.866, -23.033 ], [ -65.866, -22.999 ], [ -65.833, -22.999 ], [ -65.833, -22.966 ], [ -65.799, -22.966 ], [ -65.799, -22.933 ], [ -65.766, -22.933 ], [ -65.766, -22.899 ], [ -65.733, -22.899 ], [ -65.733, -22.866 ], [ -65.699, -22.866 ], [ -65.666, -22.866 ], [ -65.666, -22.833 ], [ -65.699, -22.833 ], [ -65.699, -22.799 ], [ -65.666, -22.799 ], [ -65.633, -22.799 ], [ -65.599, -22.799 ], [ -65.599, -22.766 ], [ -65.599, -22.733 ], [ -65.599, -22.699 ], [ -65.566, -22.699 ], [ -65.566, -22.666 ], [ -65.566, -22.633 ], [ -65.533, -22.633 ], [ -65.533, -22.599 ], [ -65.499, -22.599 ], [ -65.499, -22.566 ], [ -65.499, -22.533 ], [ -65.466, -22.533 ], [ -65.466, -22.499 ], [ -65.433, -22.499 ], [ -65.433, -22.466 ], [ -65.399, -22.466 ], [ -65.399, -22.433 ], [ -65.366, -22.433 ], [ -65.366, -22.466 ], [ -65.366, -22.499 ], [ -65.399, -22.499 ], [ -65.399, -22.533 ], [ -65.399, -22.566 ], [ -65.433, -22.566 ], [ -65.433, -22.599 ], [ -65.433, -22.633 ], [ -65.466, -22.633 ], [ -65.466, -22.666 ], [ -65.499, -22.666 ], [ -65.499, -22.699 ], [ -65.533, -22.699 ], [ -65.533, -22.733 ], [ -65.499, -22.733 ], [ -65.499, -22.766 ], [ -65.499, -22.799 ], [ -65.533, -22.799 ], [ -65.566, -22.799 ], [ -65.566, -22.833 ], [ -65.599, -22.833 ], [ -65.599, -22.866 ], [ -65.566, -22.866 ], [ -65.566, -22.899 ], [ -65.533, -22.899 ], [ -65.499, -22.899 ], [ -65.499, -22.933 ], [ -65.466, -22.933 ], [ -65.466, -22.966 ], [ -65.433, -22.966 ], [ -65.433, -22.933 ], [ -65.399, -22.933 ], [ -65.399, -22.899 ], [ -65.399, -22.866 ], [ -65.399, -22.833 ], [ -65.399, -22.799 ], [ -65.366, -22.799 ], [ -65.366, -22.833 ], [ -65.366, -22.866 ], [ -65.366, -22.899 ], [ -65.333, -22.899 ], [ -65.333, -22.933 ], [ -65.299, -22.933 ], [ -65.299, -22.966 ], [ -65.299, -22.999 ], [ -65.299, -23.033 ], [ -65.299, -23.066 ], [ -65.299, -23.099 ], [ -65.299, -23.133 ], [ -65.266, -23.133 ], [ -65.266, -23.166 ], [ -65.266, -23.199 ], [ -65.266, -23.233 ], [ -65.266, -23.266 ], [ -65.266, -23.299 ], [ -65.299, -23.299 ] ] ], [ [ [ -66.166, -22.533 ], [ -66.166, -22.566 ], [ -66.133, -22.566 ], [ -66.133, -22.599 ], [ -66.133, -22.633 ], [ -66.166, -22.633 ], [ -66.166, -22.666 ], [ -66.166, -22.699 ], [ -66.133, -22.699 ], [ -66.099, -22.699 ], [ -66.066, -22.699 ], [ -66.033, -22.699 ], [ -66.033, -22.666 ], [ -65.999, -22.666 ], [ -65.999, -22.699 ], [ -65.999, -22.733 ], [ -66.033, -22.733 ], [ -66.033, -22.766 ], [ -66.066, -22.766 ], [ -66.066, -22.799 ], [ -66.066, -22.833 ], [ -66.033, -22.833 ], [ -66.033, -22.866 ], [ -66.033, -22.899 ], [ -65.999, -22.899 ], [ -65.999, -22.933 ], [ -66.033, -22.933 ], [ -66.033, -22.966 ], [ -66.033, -22.999 ], [ -66.033, -23.033 ], [ -66.033, -23.066 ], [ -66.033, -23.099 ], [ -65.999, -23.099 ], [ -65.999, -23.133 ], [ -65.999, -23.166 ], [ -65.999, -23.199 ], [ -66.033, -23.199 ], [ -66.066, -23.199 ], [ -66.066, -23.166 ], [ -66.066, -23.133 ], [ -66.099, -23.133 ], [ -66.099, -23.099 ], [ -66.099, -23.066 ], [ -66.099, -23.033 ], [ -66.066, -23.033 ], [ -66.066, -22.999 ], [ -66.066, -22.966 ], [ -66.066, -22.933 ], [ -66.066, -22.899 ], [ -66.066, -22.866 ], [ -66.099, -22.866 ], [ -66.133, -22.866 ], [ -66.166, -22.866 ], [ -66.166, -22.833 ], [ -66.133, -22.833 ], [ -66.133, -22.799 ], [ -66.133, -22.766 ], [ -66.099, -22.766 ], [ -66.099, -22.733 ], [ -66.133, -22.733 ], [ -66.166, -22.733 ], [ -66.166, -22.766 ], [ -66.199, -22.766 ], [ -66.199, -22.733 ], [ -66.233, -22.733 ], [ -66.233, -22.699 ], [ -66.233, -22.666 ], [ -66.233, -22.633 ], [ -66.233, -22.599 ], [ -66.233, -22.566 ], [ -66.233, -22.533 ], [ -66.233, -22.499 ], [ -66.199, -22.499 ], [ -66.199, -22.466 ], [ -66.199, -22.433 ], [ -66.199, -22.399 ], [ -66.166, -22.399 ], [ -66.166, -22.433 ], [ -66.166, -22.466 ], [ -66.166, -22.499 ], [ -66.166, -22.533 ] ] ], [ [ [ -65.366, -22.433 ], [ -65.366, -22.399 ], [ -65.333, -22.399 ], [ -65.333, -22.433 ], [ -65.366, -22.433 ] ] ], [ [ [ -65.066, -22.399 ], [ -65.099, -22.399 ], [ -65.099, -22.366 ], [ -65.066, -22.366 ], [ -65.066, -22.399 ] ] ], [ [ [ -64.966, -22.433 ], [ -64.999, -22.433 ], [ -64.999, -22.399 ], [ -64.999, -22.366 ], [ -64.966, -22.366 ], [ -64.966, -22.399 ], [ -64.966, -22.433 ] ] ], [ [ [ -66.133, -22.333 ], [ -66.133, -22.366 ], [ -66.166, -22.366 ], [ -66.166, -22.333 ], [ -66.133, -22.333 ] ] ], [ [ [ -65.333, -22.399 ], [ -65.333, -22.366 ], [ -65.333, -22.333 ], [ -65.299, -22.333 ], [ -65.299, -22.366 ], [ -65.299, -22.399 ], [ -65.333, -22.399 ] ] ], [ [ [ -65.133, -22.366 ], [ -65.166, -22.366 ], [ -65.166, -22.333 ], [ -65.133, -22.333 ], [ -65.133, -22.366 ] ] ], [ [ [ -64.933, -22.333 ], [ -64.966, -22.333 ], [ -64.966, -22.299 ], [ -64.933, -22.299 ], [ -64.933, -22.333 ] ] ], [ [ [ -66.499, -22.299 ], [ -66.499, -22.266 ], [ -66.466, -22.266 ], [ -66.466, -22.299 ], [ -66.499, -22.299 ] ] ], [ [ [ -65.133, -22.266 ], [ -65.099, -22.266 ], [ -65.099, -22.299 ], [ -65.133, -22.299 ], [ -65.133, -22.266 ] ] ], [ [ [ -65.266, -22.233 ], [ -65.266, -22.266 ], [ -65.266, -22.299 ], [ -65.299, -22.299 ], [ -65.299, -22.266 ], [ -65.299, -22.233 ], [ -65.266, -22.233 ] ] ], [ [ [ -65.133, -22.266 ], [ -65.166, -22.266 ], [ -65.166, -22.299 ], [ -65.199, -22.299 ], [ -65.199, -22.266 ], [ -65.199, -22.233 ], [ -65.166, -22.233 ], [ -65.133, -22.233 ], [ -65.133, -22.266 ] ] ], [ [ [ -66.466, -22.266 ], [ -66.466, -22.233 ], [ -66.466, -22.199 ], [ -66.433, -22.199 ], [ -66.433, -22.233 ], [ -66.433, -22.266 ], [ -66.466, -22.266 ] ] ], [ [ [ -65.266, -22.233 ], [ -65.266, -22.199 ], [ -65.266, -22.166 ], [ -65.266, -22.133 ], [ -65.233, -22.133 ], [ -65.233, -22.166 ], [ -65.233, -22.199 ], [ -65.233, -22.233 ], [ -65.266, -22.233 ] ] ], [ [ [ -65.133, -22.133 ], [ -65.166, -22.133 ], [ -65.166, -22.086 ], [ -65.133, -22.085 ], [ -65.133, -22.133 ] ] ], [ [ [ -65.033, -22.133 ], [ -65.066, -22.133 ], [ -65.066, -22.085 ], [ -65.033, -22.084 ], [ -65.033, -22.133 ] ] ], [ [ [ -66.133, -22.333 ], [ -66.133, -22.299 ], [ -66.133, -22.266 ], [ -66.166, -22.266 ], [ -66.199, -22.266 ], [ -66.199, -22.233 ], [ -66.233, -22.233 ], [ -66.266, -22.233 ], [ -66.266, -22.266 ], [ -66.266, -22.299 ], [ -66.266, -22.333 ], [ -66.299, -22.333 ], [ -66.299, -22.366 ], [ -66.299, -22.399 ], [ -66.299, -22.433 ], [ -66.299, -22.466 ], [ -66.299, -22.499 ], [ -66.333, -22.499 ], [ -66.333, -22.533 ], [ -66.333, -22.566 ], [ -66.333, -22.599 ], [ -66.366, -22.599 ], [ -66.366, -22.633 ], [ -66.399, -22.633 ], [ -66.399, -22.599 ], [ -66.399, -22.566 ], [ -66.366, -22.566 ], [ -66.366, -22.533 ], [ -66.366, -22.499 ], [ -66.399, -22.499 ], [ -66.433, -22.499 ], [ -66.433, -22.533 ], [ -66.466, -22.533 ], [ -66.466, -22.499 ], [ -66.499, -22.499 ], [ -66.499, -22.466 ], [ -66.533, -22.466 ], [ -66.533, -22.433 ], [ -66.566, -22.433 ], [ -66.566, -22.466 ], [ -66.599, -22.466 ], [ -66.599, -22.433 ], [ -66.599, -22.399 ], [ -66.566, -22.399 ], [ -66.566, -22.366 ], [ -66.533, -22.366 ], [ -66.533, -22.333 ], [ -66.533, -22.299 ], [ -66.499, -22.299 ], [ -66.499, -22.333 ], [ -66.499, -22.366 ], [ -66.499, -22.399 ], [ -66.466, -22.399 ], [ -66.466, -22.433 ], [ -66.433, -22.433 ], [ -66.433, -22.399 ], [ -66.433, -22.366 ], [ -66.433, -22.333 ], [ -66.399, -22.333 ], [ -66.399, -22.366 ], [ -66.366, -22.366 ], [ -66.366, -22.399 ], [ -66.333, -22.399 ], [ -66.333, -22.366 ], [ -66.366, -22.366 ], [ -66.366, -22.333 ], [ -66.333, -22.333 ], [ -66.333, -22.299 ], [ -66.333, -22.266 ], [ -66.333, -22.233 ], [ -66.299, -22.233 ], [ -66.299, -22.199 ], [ -66.299, -22.166 ], [ -66.299, -22.133 ], [ -66.266, -22.133 ], [ -66.266, -22.166 ], [ -66.266, -22.199 ], [ -66.233, -22.199 ], [ -66.233, -22.166 ], [ -66.233, -22.133 ], [ -66.266, -22.133 ], [ -66.266, -22.099 ], [ -66.233, -22.099 ], [ -66.199, -22.099 ], [ -66.199, -22.066 ], [ -66.233, -22.066 ], [ -66.233, -22.033 ], [ -66.233, -21.999 ], [ -66.233, -21.966 ], [ -66.233, -21.933 ], [ -66.199, -21.933 ], [ -66.166, -21.933 ], [ -66.166, -21.899 ], [ -66.133, -21.899 ], [ -66.133, -21.933 ], [ -66.133, -21.966 ], [ -66.133, -21.999 ], [ -66.133, -22.033 ], [ -66.166, -22.033 ], [ -66.166, -22.066 ], [ -66.133, -22.066 ], [ -66.133, -22.099 ], [ -66.166, -22.099 ], [ -66.166, -22.133 ], [ -66.166, -22.166 ], [ -66.133, -22.166 ], [ -66.133, -22.199 ], [ -66.099, -22.199 ], [ -66.099, -22.233 ], [ -66.099, -22.266 ], [ -66.099, -22.299 ], [ -66.099, -22.333 ], [ -66.133, -22.333 ] ] ], [ [ [ -66.133, -21.899 ], [ -66.133, -21.866 ], [ -66.133, -21.833 ], [ -66.122, -21.822 ], [ -66.099, -21.829 ], [ -66.099, -21.866 ], [ -66.099, -21.899 ], [ -66.133, -21.899 ] ] ] ] } }
]
}
