{
"type": "FeatureCollection",
                                                                                                                                  
"features": [
{ "type": "Feature", "properties": { "pm_icon": "AR_4b", "hzs": "4b" }, "geometry": { "type": "MultiPolygon", "coordinates": [ [ [ [ -73.299, -50.533 ], [ -73.333, -50.533 ], [ -73.333, -50.499 ], [ -73.299, -50.499 ], [ -73.299, -50.533 ] ] ], [ [ [ -73.466, -49.999 ], [ -73.499, -49.999 ], [ -73.499, -49.966 ], [ -73.499, -49.933 ], [ -73.466, -49.933 ], [ -73.466, -49.966 ], [ -73.466, -49.999 ] ] ], [ [ [ -73.433, -49.866 ], [ -73.466, -49.866 ], [ -73.466, -49.833 ], [ -73.466, -49.803 ], [ -73.465, -49.802 ], [ -73.458, -49.799 ], [ -73.453, -49.797 ], [ -73.448, -49.796 ], [ -73.445, -49.793 ], [ -73.446, -49.790 ], [ -73.450, -49.789 ], [ -73.433, -49.789 ], [ -73.433, -49.833 ], [ -73.433, -49.866 ] ] ], [ [ [ -72.233, -47.666 ], [ -72.266, -47.666 ], [ -72.266, -47.633 ], [ -72.233, -47.633 ], [ -72.233, -47.666 ] ] ], [ [ [ -72.299, -47.566 ], [ -72.299, -47.599 ], [ -72.319, -47.599 ], [ -72.318, -47.599 ], [ -72.316, -47.598 ], [ -72.315, -47.597 ], [ -72.314, -47.597 ], [ -72.314, -47.596 ], [ -72.313, -47.596 ], [ -72.313, -47.595 ], [ -72.312, -47.595 ], [ -72.312, -47.594 ], [ -72.311, -47.594 ], [ -72.311, -47.593 ], [ -72.310, -47.592 ], [ -72.309, -47.592 ], [ -72.308, -47.592 ], [ -72.307, -47.592 ], [ -72.308, -47.591 ], [ -72.309, -47.590 ], [ -72.309, -47.590 ], [ -72.309, -47.590 ], [ -72.310, -47.590 ], [ -72.311, -47.590 ], [ -72.312, -47.590 ], [ -72.313, -47.590 ], [ -72.314, -47.590 ], [ -72.315, -47.589 ], [ -72.316, -47.589 ], [ -72.317, -47.589 ], [ -72.318, -47.588 ], [ -72.319, -47.588 ], [ -72.320, -47.587 ], [ -72.321, -47.587 ], [ -72.322, -47.586 ], [ -72.323, -47.586 ], [ -72.323, -47.585 ], [ -72.324, -47.585 ], [ -72.323, -47.584 ], [ -72.323, -47.584 ], [ -72.323, -47.583 ], [ -72.324, -47.581 ], [ -72.323, -47.581 ], [ -72.323, -47.580 ], [ -72.323, -47.579 ], [ -72.323, -47.578 ], [ -72.324, -47.577 ], [ -72.325, -47.575 ], [ -72.325, -47.575 ], [ -72.326, -47.575 ], [ -72.326, -47.574 ], [ -72.326, -47.574 ], [ -72.326, -47.572 ], [ -72.325, -47.571 ], [ -72.324, -47.570 ], [ -72.323, -47.569 ], [ -72.322, -47.568 ], [ -72.322, -47.567 ], [ -72.322, -47.566 ], [ -72.322, -47.566 ], [ -72.322, -47.565 ], [ -72.321, -47.564 ], [ -72.321, -47.563 ], [ -72.320, -47.562 ], [ -72.319, -47.562 ], [ -72.317, -47.561 ], [ -72.316, -47.561 ], [ -72.315, -47.560 ], [ -72.314, -47.559 ], [ -72.313, -47.558 ], [ -72.313, -47.558 ], [ -72.312, -47.558 ], [ -72.312, -47.557 ], [ -72.311, -47.557 ], [ -72.310, -47.555 ], [ -72.299, -47.566 ] ] ], [ [ [ -71.514, -39.631 ], [ -71.503, -39.637 ], [ -71.499, -39.633 ], [ -71.499, -39.666 ], [ -71.533, -39.666 ], [ -71.533, -39.627 ], [ -71.528, -39.627 ], [ -71.522, -39.628 ], [ -71.514, -39.631 ] ] ], [ [ [ -70.033, -37.166 ], [ -70.033, -37.199 ], [ -70.066, -37.199 ], [ -70.066, -37.166 ], [ -70.033, -37.166 ] ] ], [ [ [ -70.033, -37.166 ], [ -70.033, -37.133 ], [ -69.999, -37.133 ], [ -69.999, -37.166 ], [ -70.033, -37.166 ] ] ], [ [ [ -70.266, -36.899 ], [ -70.299, -36.899 ], [ -70.299, -36.866 ], [ -70.266, -36.866 ], [ -70.266, -36.899 ] ] ], [ [ [ -70.266, -36.799 ], [ -70.299, -36.799 ], [ -70.299, -36.766 ], [ -70.266, -36.766 ], [ -70.266, -36.799 ] ] ], [ [ [ -70.466, -36.666 ], [ -70.433, -36.666 ], [ -70.399, -36.666 ], [ -70.366, -36.666 ], [ -70.366, -36.699 ], [ -70.399, -36.699 ], [ -70.433, -36.699 ], [ -70.433, -36.733 ], [ -70.466, -36.733 ], [ -70.466, -36.699 ], [ -70.466, -36.666 ] ] ], [ [ [ -70.266, -36.666 ], [ -70.299, -36.666 ], [ -70.299, -36.633 ], [ -70.266, -36.633 ], [ -70.266, -36.666 ] ] ], [ [ [ -70.466, -36.666 ], [ -70.499, -36.666 ], [ -70.499, -36.633 ], [ -70.499, -36.599 ], [ -70.466, -36.599 ], [ -70.466, -36.633 ], [ -70.466, -36.666 ] ] ], [ [ [ -70.333, -36.633 ], [ -70.366, -36.633 ], [ -70.366, -36.599 ], [ -70.333, -36.599 ], [ -70.333, -36.633 ] ] ], [ [ [ -69.266, -36.533 ], [ -69.299, -36.533 ], [ -69.299, -36.499 ], [ -69.266, -36.499 ], [ -69.266, -36.533 ] ] ], [ [ [ -70.399, -36.433 ], [ -70.433, -36.433 ], [ -70.433, -36.399 ], [ -70.399, -36.399 ], [ -70.399, -36.433 ] ] ], [ [ [ -69.233, -36.433 ], [ -69.266, -36.433 ], [ -69.266, -36.399 ], [ -69.233, -36.399 ], [ -69.199, -36.399 ], [ -69.166, -36.399 ], [ -69.133, -36.399 ], [ -69.133, -36.433 ], [ -69.166, -36.433 ], [ -69.199, -36.433 ], [ -69.233, -36.433 ] ] ], [ [ [ -70.099, -36.299 ], [ -70.066, -36.299 ], [ -70.033, -36.299 ], [ -70.033, -36.333 ], [ -70.066, -36.333 ], [ -70.099, -36.333 ], [ -70.099, -36.299 ] ] ], [ [ [ -70.466, -36.299 ], [ -70.499, -36.299 ], [ -70.499, -36.266 ], [ -70.466, -36.266 ], [ -70.466, -36.299 ] ] ], [ [ [ -70.099, -36.299 ], [ -70.133, -36.299 ], [ -70.133, -36.266 ], [ -70.099, -36.266 ], [ -70.099, -36.299 ] ] ], [ [ [ -70.199, -36.133 ], [ -70.166, -36.133 ], [ -70.166, -36.166 ], [ -70.133, -36.166 ], [ -70.133, -36.199 ], [ -70.166, -36.199 ], [ -70.199, -36.199 ], [ -70.199, -36.166 ], [ -70.199, -36.133 ] ] ], [ [ [ -70.199, -36.133 ], [ -70.233, -36.133 ], [ -70.233, -36.099 ], [ -70.233, -36.066 ], [ -70.199, -36.066 ], [ -70.199, -36.099 ], [ -70.199, -36.133 ] ] ], [ [ [ -70.333, -35.933 ], [ -70.366, -35.933 ], [ -70.366, -35.899 ], [ -70.333, -35.899 ], [ -70.333, -35.933 ] ] ], [ [ [ -69.933, -35.699 ], [ -69.966, -35.699 ], [ -69.966, -35.666 ], [ -69.933, -35.666 ], [ -69.933, -35.699 ] ] ], [ [ [ -70.366, -35.633 ], [ -70.333, -35.633 ], [ -70.333, -35.666 ], [ -70.366, -35.666 ], [ -70.366, -35.633 ] ] ], [ [ [ -70.366, -35.633 ], [ -70.420, -35.633 ], [ -70.420, -35.632 ], [ -70.418, -35.630 ], [ -70.417, -35.629 ], [ -70.414, -35.629 ], [ -70.411, -35.628 ], [ -70.406, -35.628 ], [ -70.404, -35.627 ], [ -70.402, -35.626 ], [ -70.400, -35.624 ], [ -70.397, -35.621 ], [ -70.397, -35.618 ], [ -70.396, -35.615 ], [ -70.394, -35.613 ], [ -70.392, -35.610 ], [ -70.390, -35.609 ], [ -70.387, -35.608 ], [ -70.386, -35.606 ], [ -70.386, -35.604 ], [ -70.387, -35.601 ], [ -70.388, -35.599 ], [ -70.366, -35.599 ], [ -70.366, -35.633 ] ] ], [ [ [ -68.466, -35.599 ], [ -68.499, -35.599 ], [ -68.499, -35.566 ], [ -68.466, -35.566 ], [ -68.466, -35.599 ] ] ], [ [ [ -70.033, -35.433 ], [ -70.033, -35.466 ], [ -69.999, -35.466 ], [ -69.966, -35.466 ], [ -69.966, -35.499 ], [ -69.999, -35.499 ], [ -70.033, -35.499 ], [ -70.066, -35.499 ], [ -70.066, -35.466 ], [ -70.099, -35.466 ], [ -70.099, -35.433 ], [ -70.066, -35.433 ], [ -70.066, -35.399 ], [ -70.033, -35.399 ], [ -70.033, -35.433 ] ] ], [ [ [ -69.966, -35.433 ], [ -69.999, -35.433 ], [ -69.999, -35.399 ], [ -69.966, -35.399 ], [ -69.966, -35.433 ] ] ], [ [ [ -70.099, -35.299 ], [ -70.099, -35.333 ], [ -70.133, -35.333 ], [ -70.133, -35.299 ], [ -70.166, -35.299 ], [ -70.166, -35.266 ], [ -70.133, -35.266 ], [ -70.099, -35.266 ], [ -70.099, -35.299 ] ] ], [ [ [ -69.999, -35.266 ], [ -69.999, -35.299 ], [ -69.966, -35.299 ], [ -69.966, -35.266 ], [ -69.999, -35.266 ], [ -69.999, -35.233 ], [ -69.966, -35.233 ], [ -69.933, -35.233 ], [ -69.933, -35.266 ], [ -69.899, -35.266 ], [ -69.899, -35.299 ], [ -69.899, -35.333 ], [ -69.933, -35.333 ], [ -69.966, -35.333 ], [ -69.999, -35.333 ], [ -69.999, -35.366 ], [ -70.033, -35.366 ], [ -70.033, -35.333 ], [ -70.066, -35.333 ], [ -70.066, -35.299 ], [ -70.066, -35.266 ], [ -70.033, -35.266 ], [ -69.999, -35.266 ] ] ], [ [ [ -70.533, -35.233 ], [ -70.533, -35.266 ], [ -70.533, -35.307 ], [ -70.534, -35.307 ], [ -70.540, -35.306 ], [ -70.544, -35.305 ], [ -70.547, -35.302 ], [ -70.548, -35.301 ], [ -70.549, -35.301 ], [ -70.554, -35.300 ], [ -70.558, -35.299 ], [ -70.561, -35.300 ], [ -70.565, -35.300 ], [ -70.566, -35.299 ], [ -70.568, -35.296 ], [ -70.571, -35.292 ], [ -70.576, -35.287 ], [ -70.579, -35.284 ], [ -70.582, -35.279 ], [ -70.583, -35.278 ], [ -70.581, -35.276 ], [ -70.580, -35.274 ], [ -70.582, -35.273 ], [ -70.580, -35.265 ], [ -70.579, -35.263 ], [ -70.577, -35.260 ], [ -70.579, -35.258 ], [ -70.580, -35.257 ], [ -70.575, -35.257 ], [ -70.572, -35.256 ], [ -70.571, -35.253 ], [ -70.571, -35.251 ], [ -70.572, -35.250 ], [ -70.572, -35.249 ], [ -70.568, -35.247 ], [ -70.564, -35.242 ], [ -70.563, -35.234 ], [ -70.566, -35.227 ], [ -70.567, -35.223 ], [ -70.566, -35.223 ], [ -70.559, -35.220 ], [ -70.555, -35.216 ], [ -70.549, -35.209 ], [ -70.542, -35.202 ], [ -70.536, -35.199 ], [ -70.533, -35.198 ], [ -70.533, -35.233 ] ] ], [ [ [ -70.133, -35.166 ], [ -70.166, -35.166 ], [ -70.166, -35.133 ], [ -70.133, -35.133 ], [ -70.133, -35.166 ] ] ], [ [ [ -70.033, -35.099 ], [ -69.999, -35.099 ], [ -69.999, -35.133 ], [ -70.033, -35.133 ], [ -70.033, -35.099 ] ] ], [ [ [ -69.933, -35.066 ], [ -69.899, -35.066 ], [ -69.899, -35.099 ], [ -69.933, -35.099 ], [ -69.933, -35.066 ] ] ], [ [ [ -69.933, -35.066 ], [ -69.966, -35.066 ], [ -69.966, -35.099 ], [ -69.999, -35.099 ], [ -69.999, -35.066 ], [ -69.999, -35.033 ], [ -69.966, -35.033 ], [ -69.933, -35.033 ], [ -69.933, -35.066 ] ] ], [ [ [ -69.933, -35.033 ], [ -69.933, -34.999 ], [ -69.899, -34.999 ], [ -69.899, -35.033 ], [ -69.933, -35.033 ] ] ], [ [ [ -70.299, -34.999 ], [ -70.299, -35.033 ], [ -70.333, -35.033 ], [ -70.333, -35.066 ], [ -70.333, -35.099 ], [ -70.360, -35.099 ], [ -70.357, -35.099 ], [ -70.358, -35.097 ], [ -70.362, -35.095 ], [ -70.366, -35.092 ], [ -70.368, -35.093 ], [ -70.371, -35.092 ], [ -70.371, -35.090 ], [ -70.373, -35.086 ], [ -70.374, -35.081 ], [ -70.371, -35.076 ], [ -70.371, -35.071 ], [ -70.371, -35.067 ], [ -70.371, -35.062 ], [ -70.372, -35.059 ], [ -70.375, -35.056 ], [ -70.375, -35.052 ], [ -70.375, -35.049 ], [ -70.375, -35.046 ], [ -70.373, -35.043 ], [ -70.370, -35.040 ], [ -70.367, -35.038 ], [ -70.364, -35.036 ], [ -70.360, -35.034 ], [ -70.360, -35.028 ], [ -70.360, -35.026 ], [ -70.360, -35.024 ], [ -70.361, -35.021 ], [ -70.363, -35.019 ], [ -70.365, -35.018 ], [ -70.366, -35.015 ], [ -70.365, -35.012 ], [ -70.364, -35.009 ], [ -70.365, -35.005 ], [ -70.358, -35.003 ], [ -70.356, -35.001 ], [ -70.354, -34.996 ], [ -70.349, -34.994 ], [ -70.342, -34.993 ], [ -70.340, -34.993 ], [ -70.333, -34.999 ], [ -70.299, -34.999 ] ] ], [ [ [ -69.933, -34.999 ], [ -69.966, -34.999 ], [ -69.966, -34.966 ], [ -69.933, -34.966 ], [ -69.933, -34.999 ] ] ], [ [ [ -70.033, -35.099 ], [ -70.066, -35.099 ], [ -70.099, -35.099 ], [ -70.099, -35.066 ], [ -70.099, -35.033 ], [ -70.133, -35.033 ], [ -70.166, -35.033 ], [ -70.199, -35.033 ], [ -70.199, -34.999 ], [ -70.166, -34.999 ], [ -70.166, -34.966 ], [ -70.166, -34.933 ], [ -70.133, -34.933 ], [ -70.099, -34.933 ], [ -70.099, -34.966 ], [ -70.099, -34.999 ], [ -70.066, -34.999 ], [ -70.066, -35.033 ], [ -70.066, -35.066 ], [ -70.033, -35.066 ], [ -70.033, -35.099 ] ] ], [ [ [ -70.066, -34.933 ], [ -70.033, -34.933 ], [ -70.033, -34.966 ], [ -70.066, -34.966 ], [ -70.066, -34.933 ] ] ], [ [ [ -70.066, -34.933 ], [ -70.099, -34.933 ], [ -70.099, -34.899 ], [ -70.066, -34.899 ], [ -70.066, -34.933 ] ] ], [ [ [ -70.099, -34.899 ], [ -70.133, -34.899 ], [ -70.133, -34.866 ], [ -70.099, -34.866 ], [ -70.099, -34.899 ] ] ], [ [ [ -70.066, -34.899 ], [ -70.066, -34.866 ], [ -70.033, -34.866 ], [ -70.033, -34.899 ], [ -70.066, -34.899 ] ] ], [ [ [ -70.299, -34.999 ], [ -70.299, -34.966 ], [ -70.299, -34.933 ], [ -70.313, -34.920 ], [ -70.312, -34.918 ], [ -70.312, -34.916 ], [ -70.309, -34.913 ], [ -70.308, -34.910 ], [ -70.306, -34.907 ], [ -70.304, -34.905 ], [ -70.301, -34.903 ], [ -70.300, -34.899 ], [ -70.298, -34.896 ], [ -70.294, -34.894 ], [ -70.290, -34.888 ], [ -70.289, -34.885 ], [ -70.288, -34.880 ], [ -70.286, -34.875 ], [ -70.283, -34.871 ], [ -70.281, -34.868 ], [ -70.278, -34.865 ], [ -70.276, -34.861 ], [ -70.276, -34.858 ], [ -70.279, -34.855 ], [ -70.279, -34.854 ], [ -70.266, -34.866 ], [ -70.233, -34.866 ], [ -70.199, -34.866 ], [ -70.199, -34.833 ], [ -70.199, -34.799 ], [ -70.166, -34.799 ], [ -70.166, -34.833 ], [ -70.166, -34.866 ], [ -70.166, -34.899 ], [ -70.199, -34.899 ], [ -70.233, -34.899 ], [ -70.266, -34.899 ], [ -70.266, -34.933 ], [ -70.266, -34.966 ], [ -70.233, -34.966 ], [ -70.233, -34.999 ], [ -70.266, -34.999 ], [ -70.299, -34.999 ] ] ], [ [ [ -70.199, -34.799 ], [ -70.233, -34.799 ], [ -70.233, -34.766 ], [ -70.199, -34.766 ], [ -70.199, -34.799 ] ] ], [ [ [ -70.099, -34.799 ], [ -70.133, -34.799 ], [ -70.133, -34.766 ], [ -70.099, -34.766 ], [ -70.099, -34.799 ] ] ], [ [ [ -69.866, -34.799 ], [ -69.833, -34.799 ], [ -69.833, -34.766 ], [ -69.799, -34.766 ], [ -69.799, -34.799 ], [ -69.799, -34.833 ], [ -69.833, -34.833 ], [ -69.866, -34.833 ], [ -69.866, -34.799 ] ] ], [ [ [ -69.799, -34.766 ], [ -69.799, -34.733 ], [ -69.766, -34.733 ], [ -69.733, -34.733 ], [ -69.733, -34.766 ], [ -69.766, -34.766 ], [ -69.799, -34.766 ] ] ], [ [ [ -70.199, -34.699 ], [ -70.199, -34.733 ], [ -70.233, -34.733 ], [ -70.233, -34.699 ], [ -70.199, -34.699 ] ] ], [ [ [ -70.166, -34.699 ], [ -70.133, -34.699 ], [ -70.133, -34.733 ], [ -70.166, -34.733 ], [ -70.166, -34.699 ] ] ], [ [ [ -69.866, -34.799 ], [ -69.899, -34.799 ], [ -69.933, -34.799 ], [ -69.933, -34.766 ], [ -69.933, -34.733 ], [ -69.933, -34.699 ], [ -69.899, -34.699 ], [ -69.899, -34.733 ], [ -69.899, -34.766 ], [ -69.866, -34.766 ], [ -69.866, -34.799 ] ] ], [ [ [ -70.166, -34.699 ], [ -70.199, -34.699 ], [ -70.199, -34.666 ], [ -70.166, -34.666 ], [ -70.166, -34.699 ] ] ], [ [ [ -70.166, -34.666 ], [ -70.166, -34.633 ], [ -70.133, -34.633 ], [ -70.133, -34.666 ], [ -70.166, -34.666 ] ] ], [ [ [ -69.933, -34.699 ], [ -69.966, -34.699 ], [ -69.999, -34.699 ], [ -69.999, -34.666 ], [ -70.033, -34.666 ], [ -70.066, -34.666 ], [ -70.066, -34.633 ], [ -70.033, -34.633 ], [ -69.999, -34.633 ], [ -69.966, -34.633 ], [ -69.966, -34.666 ], [ -69.933, -34.666 ], [ -69.933, -34.699 ] ] ], [ [ [ -70.199, -34.633 ], [ -70.221, -34.633 ], [ -70.220, -34.629 ], [ -70.216, -34.623 ], [ -70.216, -34.620 ], [ -70.216, -34.618 ], [ -70.216, -34.615 ], [ -70.216, -34.611 ], [ -70.214, -34.608 ], [ -70.211, -34.606 ], [ -70.207, -34.604 ], [ -70.204, -34.602 ], [ -70.199, -34.601 ], [ -70.199, -34.633 ] ] ], [ [ [ -69.766, -34.633 ], [ -69.766, -34.666 ], [ -69.766, -34.699 ], [ -69.799, -34.699 ], [ -69.833, -34.699 ], [ -69.833, -34.666 ], [ -69.799, -34.666 ], [ -69.799, -34.633 ], [ -69.833, -34.633 ], [ -69.833, -34.599 ], [ -69.799, -34.599 ], [ -69.766, -34.599 ], [ -69.766, -34.633 ] ] ], [ [ [ -69.899, -34.599 ], [ -69.933, -34.599 ], [ -69.933, -34.566 ], [ -69.899, -34.566 ], [ -69.866, -34.566 ], [ -69.866, -34.599 ], [ -69.899, -34.599 ] ] ], [ [ [ -70.066, -34.533 ], [ -70.066, -34.566 ], [ -70.066, -34.599 ], [ -70.099, -34.599 ], [ -70.099, -34.566 ], [ -70.099, -34.533 ], [ -70.066, -34.533 ] ] ], [ [ [ -69.533, -34.566 ], [ -69.566, -34.566 ], [ -69.566, -34.533 ], [ -69.533, -34.533 ], [ -69.499, -34.533 ], [ -69.499, -34.566 ], [ -69.533, -34.566 ] ] ], [ [ [ -69.799, -34.566 ], [ -69.833, -34.566 ], [ -69.833, -34.533 ], [ -69.833, -34.499 ], [ -69.799, -34.499 ], [ -69.799, -34.533 ], [ -69.799, -34.566 ] ] ], [ [ [ -70.066, -34.533 ], [ -70.066, -34.499 ], [ -70.066, -34.466 ], [ -70.033, -34.466 ], [ -70.033, -34.499 ], [ -70.033, -34.533 ], [ -70.066, -34.533 ] ] ], [ [ [ -69.966, -34.533 ], [ -69.999, -34.533 ], [ -69.999, -34.499 ], [ -69.999, -34.466 ], [ -69.966, -34.466 ], [ -69.966, -34.499 ], [ -69.966, -34.533 ] ] ], [ [ [ -69.899, -34.499 ], [ -69.933, -34.499 ], [ -69.933, -34.466 ], [ -69.899, -34.466 ], [ -69.866, -34.466 ], [ -69.866, -34.499 ], [ -69.899, -34.499 ] ] ], [ [ [ -69.599, -34.499 ], [ -69.633, -34.499 ], [ -69.633, -34.466 ], [ -69.633, -34.433 ], [ -69.599, -34.433 ], [ -69.599, -34.466 ], [ -69.599, -34.499 ] ] ], [ [ [ -69.666, -34.399 ], [ -69.666, -34.433 ], [ -69.699, -34.433 ], [ -69.699, -34.399 ], [ -69.666, -34.399 ] ] ], [ [ [ -69.666, -34.399 ], [ -69.666, -34.366 ], [ -69.633, -34.366 ], [ -69.633, -34.399 ], [ -69.666, -34.399 ] ] ], [ [ [ -69.799, -34.366 ], [ -69.833, -34.366 ], [ -69.833, -34.333 ], [ -69.799, -34.333 ], [ -69.799, -34.366 ] ] ], [ [ [ -69.666, -34.366 ], [ -69.699, -34.366 ], [ -69.699, -34.333 ], [ -69.666, -34.333 ], [ -69.666, -34.366 ] ] ], [ [ [ -69.466, -34.366 ], [ -69.499, -34.366 ], [ -69.499, -34.333 ], [ -69.466, -34.333 ], [ -69.466, -34.366 ] ] ], [ [ [ -69.566, -34.299 ], [ -69.599, -34.299 ], [ -69.599, -34.266 ], [ -69.566, -34.266 ], [ -69.533, -34.266 ], [ -69.533, -34.299 ], [ -69.566, -34.299 ] ] ], [ [ [ -69.966, -34.399 ], [ -69.999, -34.399 ], [ -70.014, -34.385 ], [ -70.015, -34.382 ], [ -69.999, -34.366 ], [ -69.999, -34.333 ], [ -69.966, -34.333 ], [ -69.966, -34.299 ], [ -69.966, -34.251 ], [ -69.961, -34.254 ], [ -69.957, -34.258 ], [ -69.951, -34.261 ], [ -69.948, -34.265 ], [ -69.946, -34.268 ], [ -69.943, -34.271 ], [ -69.941, -34.272 ], [ -69.940, -34.276 ], [ -69.939, -34.279 ], [ -69.936, -34.280 ], [ -69.931, -34.281 ], [ -69.926, -34.283 ], [ -69.921, -34.286 ], [ -69.915, -34.289 ], [ -69.910, -34.289 ], [ -69.899, -34.299 ], [ -69.899, -34.333 ], [ -69.933, -34.333 ], [ -69.933, -34.366 ], [ -69.966, -34.366 ], [ -69.966, -34.399 ] ] ], [ [ [ -69.366, -34.166 ], [ -69.366, -34.199 ], [ -69.399, -34.199 ], [ -69.399, -34.166 ], [ -69.366, -34.166 ] ] ], [ [ [ -69.366, -34.166 ], [ -69.366, -34.133 ], [ -69.333, -34.133 ], [ -69.333, -34.166 ], [ -69.366, -34.166 ] ] ], [ [ [ -69.699, -34.099 ], [ -69.699, -34.133 ], [ -69.666, -34.133 ], [ -69.666, -34.166 ], [ -69.666, -34.199 ], [ -69.699, -34.199 ], [ -69.699, -34.233 ], [ -69.733, -34.233 ], [ -69.733, -34.266 ], [ -69.699, -34.266 ], [ -69.699, -34.299 ], [ -69.733, -34.299 ], [ -69.733, -34.333 ], [ -69.766, -34.333 ], [ -69.766, -34.299 ], [ -69.766, -34.266 ], [ -69.766, -34.233 ], [ -69.796, -34.233 ], [ -69.797, -34.231 ], [ -69.797, -34.223 ], [ -69.793, -34.214 ], [ -69.790, -34.208 ], [ -69.790, -34.204 ], [ -69.791, -34.200 ], [ -69.792, -34.199 ], [ -69.766, -34.199 ], [ -69.766, -34.166 ], [ -69.766, -34.133 ], [ -69.799, -34.133 ], [ -69.799, -34.099 ], [ -69.766, -34.099 ], [ -69.733, -34.099 ], [ -69.699, -34.099 ] ] ], [ [ [ -69.466, -34.199 ], [ -69.466, -34.233 ], [ -69.466, -34.266 ], [ -69.499, -34.266 ], [ -69.499, -34.233 ], [ -69.499, -34.199 ], [ -69.533, -34.199 ], [ -69.566, -34.199 ], [ -69.566, -34.166 ], [ -69.533, -34.166 ], [ -69.533, -34.133 ], [ -69.499, -34.133 ], [ -69.466, -34.133 ], [ -69.466, -34.099 ], [ -69.433, -34.099 ], [ -69.433, -34.133 ], [ -69.433, -34.166 ], [ -69.466, -34.166 ], [ -69.466, -34.199 ] ] ], [ [ [ -69.366, -34.133 ], [ -69.399, -34.133 ], [ -69.399, -34.099 ], [ -69.366, -34.099 ], [ -69.366, -34.133 ] ] ], [ [ [ -69.433, -34.033 ], [ -69.433, -34.066 ], [ -69.466, -34.066 ], [ -69.466, -34.033 ], [ -69.433, -34.033 ] ] ], [ [ [ -69.633, -34.033 ], [ -69.666, -34.033 ], [ -69.666, -33.999 ], [ -69.633, -33.999 ], [ -69.633, -34.033 ] ] ], [ [ [ -69.433, -34.033 ], [ -69.433, -33.999 ], [ -69.433, -33.966 ], [ -69.399, -33.966 ], [ -69.399, -33.999 ], [ -69.399, -34.033 ], [ -69.433, -34.033 ] ] ], [ [ [ -69.699, -33.999 ], [ -69.699, -34.033 ], [ -69.733, -34.033 ], [ -69.733, -33.999 ], [ -69.766, -33.999 ], [ -69.766, -33.966 ], [ -69.733, -33.966 ], [ -69.733, -33.933 ], [ -69.733, -33.899 ], [ -69.699, -33.899 ], [ -69.666, -33.899 ], [ -69.666, -33.933 ], [ -69.699, -33.933 ], [ -69.699, -33.966 ], [ -69.699, -33.999 ] ] ], [ [ [ -69.633, -34.033 ], [ -69.599, -34.033 ], [ -69.599, -33.999 ], [ -69.566, -33.999 ], [ -69.566, -33.966 ], [ -69.599, -33.966 ], [ -69.599, -33.933 ], [ -69.599, -33.899 ], [ -69.566, -33.899 ], [ -69.533, -33.899 ], [ -69.533, -33.933 ], [ -69.533, -33.966 ], [ -69.533, -33.999 ], [ -69.533, -34.033 ], [ -69.566, -34.033 ], [ -69.566, -34.066 ], [ -69.599, -34.066 ], [ -69.633, -34.066 ], [ -69.633, -34.033 ] ] ], [ [ [ -69.399, -33.966 ], [ -69.399, -33.933 ], [ -69.433, -33.933 ], [ -69.466, -33.933 ], [ -69.466, -33.899 ], [ -69.433, -33.899 ], [ -69.399, -33.899 ], [ -69.366, -33.899 ], [ -69.366, -33.933 ], [ -69.366, -33.966 ], [ -69.399, -33.966 ] ] ], [ [ [ -69.799, -33.833 ], [ -69.799, -33.866 ], [ -69.799, -33.899 ], [ -69.799, -33.933 ], [ -69.833, -33.933 ], [ -69.833, -33.899 ], [ -69.833, -33.866 ], [ -69.866, -33.866 ], [ -69.866, -33.833 ], [ -69.833, -33.833 ], [ -69.799, -33.833 ] ] ], [ [ [ -69.533, -33.866 ], [ -69.566, -33.866 ], [ -69.566, -33.833 ], [ -69.533, -33.833 ], [ -69.533, -33.866 ] ] ], [ [ [ -69.433, -33.833 ], [ -69.466, -33.833 ], [ -69.466, -33.799 ], [ -69.433, -33.799 ], [ -69.399, -33.799 ], [ -69.399, -33.833 ], [ -69.433, -33.833 ] ] ], [ [ [ -69.799, -33.833 ], [ -69.799, -33.799 ], [ -69.766, -33.799 ], [ -69.733, -33.799 ], [ -69.699, -33.799 ], [ -69.699, -33.766 ], [ -69.699, -33.733 ], [ -69.699, -33.699 ], [ -69.666, -33.699 ], [ -69.666, -33.733 ], [ -69.666, -33.766 ], [ -69.666, -33.799 ], [ -69.666, -33.833 ], [ -69.699, -33.833 ], [ -69.733, -33.833 ], [ -69.766, -33.833 ], [ -69.799, -33.833 ] ] ], [ [ [ -69.399, -33.733 ], [ -69.433, -33.733 ], [ -69.433, -33.699 ], [ -69.399, -33.699 ], [ -69.399, -33.733 ] ] ], [ [ [ -69.733, -33.599 ], [ -69.733, -33.633 ], [ -69.733, -33.666 ], [ -69.766, -33.666 ], [ -69.766, -33.633 ], [ -69.799, -33.633 ], [ -69.833, -33.633 ], [ -69.833, -33.599 ], [ -69.799, -33.599 ], [ -69.766, -33.599 ], [ -69.733, -33.599 ] ] ], [ [ [ -69.699, -33.599 ], [ -69.666, -33.599 ], [ -69.666, -33.633 ], [ -69.699, -33.633 ], [ -69.699, -33.599 ] ] ], [ [ [ -69.699, -33.599 ], [ -69.733, -33.599 ], [ -69.733, -33.566 ], [ -69.699, -33.566 ], [ -69.699, -33.599 ] ] ], [ [ [ -69.499, -33.566 ], [ -69.499, -33.599 ], [ -69.499, -33.633 ], [ -69.533, -33.633 ], [ -69.533, -33.599 ], [ -69.533, -33.566 ], [ -69.499, -33.566 ] ] ], [ [ [ -69.499, -33.566 ], [ -69.499, -33.533 ], [ -69.499, -33.499 ], [ -69.466, -33.499 ], [ -69.466, -33.533 ], [ -69.466, -33.566 ], [ -69.499, -33.566 ] ] ], [ [ [ -69.499, -33.499 ], [ -69.533, -33.499 ], [ -69.533, -33.466 ], [ -69.499, -33.466 ], [ -69.499, -33.499 ] ] ], [ [ [ -69.533, -33.399 ], [ -69.499, -33.399 ], [ -69.499, -33.433 ], [ -69.533, -33.433 ], [ -69.533, -33.399 ] ] ], [ [ [ -69.533, -33.399 ], [ -69.566, -33.399 ], [ -69.599, -33.399 ], [ -69.599, -33.366 ], [ -69.566, -33.366 ], [ -69.533, -33.366 ], [ -69.533, -33.399 ] ] ], [ [ [ -69.533, -33.333 ], [ -69.566, -33.333 ], [ -69.566, -33.299 ], [ -69.533, -33.299 ], [ -69.533, -33.333 ] ] ], [ [ [ -69.499, -33.233 ], [ -69.499, -33.266 ], [ -69.533, -33.266 ], [ -69.566, -33.266 ], [ -69.566, -33.233 ], [ -69.533, -33.233 ], [ -69.499, -33.233 ] ] ], [ [ [ -69.499, -33.233 ], [ -69.499, -33.199 ], [ -69.466, -33.199 ], [ -69.466, -33.233 ], [ -69.499, -33.233 ] ] ], [ [ [ -69.866, -33.199 ], [ -69.899, -33.199 ], [ -69.899, -33.166 ], [ -69.866, -33.166 ], [ -69.866, -33.199 ] ] ], [ [ [ -69.799, -33.166 ], [ -69.766, -33.166 ], [ -69.766, -33.199 ], [ -69.799, -33.199 ], [ -69.799, -33.166 ] ] ], [ [ [ -69.933, -33.199 ], [ -69.966, -33.199 ], [ -69.966, -33.166 ], [ -69.966, -33.133 ], [ -69.933, -33.133 ], [ -69.933, -33.166 ], [ -69.933, -33.199 ] ] ], [ [ [ -69.799, -33.166 ], [ -69.833, -33.166 ], [ -69.833, -33.133 ], [ -69.799, -33.133 ], [ -69.799, -33.166 ] ] ], [ [ [ -69.399, -33.166 ], [ -69.433, -33.166 ], [ -69.433, -33.133 ], [ -69.399, -33.133 ], [ -69.399, -33.166 ] ] ], [ [ [ -69.733, -33.033 ], [ -69.733, -33.066 ], [ -69.733, -33.099 ], [ -69.766, -33.099 ], [ -69.766, -33.066 ], [ -69.799, -33.066 ], [ -69.833, -33.066 ], [ -69.866, -33.066 ], [ -69.866, -33.033 ], [ -69.833, -33.033 ], [ -69.833, -32.999 ], [ -69.799, -32.999 ], [ -69.799, -33.033 ], [ -69.766, -33.033 ], [ -69.766, -32.999 ], [ -69.766, -32.966 ], [ -69.733, -32.966 ], [ -69.733, -32.999 ], [ -69.733, -33.033 ] ] ], [ [ [ -69.866, -32.933 ], [ -69.899, -32.933 ], [ -69.899, -32.899 ], [ -69.866, -32.899 ], [ -69.866, -32.933 ] ] ], [ [ [ -69.799, -32.966 ], [ -69.833, -32.966 ], [ -69.833, -32.933 ], [ -69.833, -32.899 ], [ -69.799, -32.899 ], [ -69.799, -32.933 ], [ -69.799, -32.966 ] ] ], [ [ [ -69.733, -32.866 ], [ -69.733, -32.899 ], [ -69.733, -32.933 ], [ -69.766, -32.933 ], [ -69.766, -32.899 ], [ -69.766, -32.866 ], [ -69.733, -32.866 ] ] ], [ [ [ -69.733, -32.866 ], [ -69.733, -32.833 ], [ -69.699, -32.833 ], [ -69.699, -32.866 ], [ -69.733, -32.866 ] ] ], [ [ [ -69.399, -32.866 ], [ -69.433, -32.866 ], [ -69.433, -32.833 ], [ -69.399, -32.833 ], [ -69.399, -32.866 ] ] ], [ [ [ -69.999, -32.799 ], [ -69.999, -32.833 ], [ -70.033, -32.833 ], [ -70.054, -32.833 ], [ -70.054, -32.833 ], [ -70.055, -32.830 ], [ -70.057, -32.830 ], [ -70.060, -32.829 ], [ -70.062, -32.828 ], [ -70.064, -32.827 ], [ -70.066, -32.825 ], [ -70.067, -32.825 ], [ -70.069, -32.825 ], [ -70.071, -32.825 ], [ -70.072, -32.824 ], [ -70.074, -32.823 ], [ -70.075, -32.823 ], [ -70.076, -32.823 ], [ -70.077, -32.824 ], [ -70.078, -32.823 ], [ -70.079, -32.822 ], [ -70.080, -32.819 ], [ -70.082, -32.817 ], [ -70.082, -32.816 ], [ -70.082, -32.815 ], [ -70.066, -32.799 ], [ -70.033, -32.799 ], [ -69.999, -32.799 ] ] ], [ [ [ -69.633, -32.833 ], [ -69.666, -32.833 ], [ -69.666, -32.799 ], [ -69.633, -32.799 ], [ -69.633, -32.833 ] ] ], [ [ [ -69.466, -32.899 ], [ -69.499, -32.899 ], [ -69.499, -32.866 ], [ -69.499, -32.833 ], [ -69.499, -32.799 ], [ -69.466, -32.799 ], [ -69.466, -32.833 ], [ -69.466, -32.866 ], [ -69.466, -32.899 ] ] ], [ [ [ -69.933, -32.799 ], [ -69.966, -32.799 ], [ -69.966, -32.766 ], [ -69.933, -32.766 ], [ -69.933, -32.799 ] ] ], [ [ [ -69.433, -32.766 ], [ -69.399, -32.766 ], [ -69.399, -32.799 ], [ -69.433, -32.799 ], [ -69.433, -32.766 ] ] ], [ [ [ -69.433, -32.766 ], [ -69.466, -32.766 ], [ -69.466, -32.733 ], [ -69.433, -32.733 ], [ -69.433, -32.766 ] ] ], [ [ [ -69.833, -32.699 ], [ -69.799, -32.699 ], [ -69.799, -32.733 ], [ -69.833, -32.733 ], [ -69.833, -32.699 ] ] ], [ [ [ -69.633, -32.699 ], [ -69.599, -32.699 ], [ -69.599, -32.733 ], [ -69.633, -32.733 ], [ -69.633, -32.699 ] ] ], [ [ [ -69.633, -32.699 ], [ -69.666, -32.699 ], [ -69.666, -32.666 ], [ -69.633, -32.666 ], [ -69.633, -32.699 ] ] ], [ [ [ -69.833, -32.699 ], [ -69.866, -32.699 ], [ -69.866, -32.666 ], [ -69.866, -32.633 ], [ -69.866, -32.599 ], [ -69.833, -32.599 ], [ -69.833, -32.633 ], [ -69.833, -32.666 ], [ -69.833, -32.699 ] ] ], [ [ [ -69.666, -32.633 ], [ -69.699, -32.633 ], [ -69.699, -32.599 ], [ -69.666, -32.599 ], [ -69.633, -32.599 ], [ -69.633, -32.633 ], [ -69.666, -32.633 ] ] ], [ [ [ -69.866, -32.599 ], [ -69.899, -32.599 ], [ -69.899, -32.566 ], [ -69.866, -32.566 ], [ -69.866, -32.599 ] ] ], [ [ [ -69.533, -32.566 ], [ -69.566, -32.566 ], [ -69.566, -32.533 ], [ -69.533, -32.533 ], [ -69.533, -32.566 ] ] ], [ [ [ -69.499, -32.499 ], [ -69.533, -32.499 ], [ -69.533, -32.466 ], [ -69.533, -32.433 ], [ -69.499, -32.433 ], [ -69.499, -32.466 ], [ -69.499, -32.499 ] ] ], [ [ [ -70.033, -32.399 ], [ -69.999, -32.399 ], [ -69.966, -32.399 ], [ -69.966, -32.433 ], [ -69.966, -32.466 ], [ -69.999, -32.466 ], [ -69.999, -32.433 ], [ -70.033, -32.433 ], [ -70.033, -32.399 ] ] ], [ [ [ -69.866, -32.433 ], [ -69.833, -32.433 ], [ -69.833, -32.399 ], [ -69.799, -32.399 ], [ -69.799, -32.433 ], [ -69.799, -32.466 ], [ -69.799, -32.499 ], [ -69.833, -32.499 ], [ -69.833, -32.466 ], [ -69.866, -32.466 ], [ -69.866, -32.433 ] ] ], [ [ [ -69.599, -32.399 ], [ -69.599, -32.433 ], [ -69.566, -32.433 ], [ -69.566, -32.466 ], [ -69.599, -32.466 ], [ -69.633, -32.466 ], [ -69.633, -32.433 ], [ -69.633, -32.399 ], [ -69.599, -32.399 ] ] ], [ [ [ -69.866, -32.433 ], [ -69.899, -32.433 ], [ -69.899, -32.466 ], [ -69.899, -32.499 ], [ -69.933, -32.499 ], [ -69.933, -32.466 ], [ -69.933, -32.433 ], [ -69.933, -32.399 ], [ -69.899, -32.399 ], [ -69.899, -32.366 ], [ -69.866, -32.366 ], [ -69.866, -32.399 ], [ -69.866, -32.433 ] ] ], [ [ [ -69.533, -32.399 ], [ -69.566, -32.399 ], [ -69.566, -32.366 ], [ -69.533, -32.366 ], [ -69.499, -32.366 ], [ -69.499, -32.399 ], [ -69.533, -32.399 ] ] ], [ [ [ -70.133, -32.333 ], [ -70.133, -32.366 ], [ -70.133, -32.399 ], [ -70.133, -32.433 ], [ -70.166, -32.433 ], [ -70.166, -32.399 ], [ -70.166, -32.366 ], [ -70.199, -32.366 ], [ -70.199, -32.333 ], [ -70.166, -32.333 ], [ -70.133, -32.333 ] ] ], [ [ [ -70.133, -32.333 ], [ -70.133, -32.299 ], [ -70.099, -32.299 ], [ -70.099, -32.333 ], [ -70.133, -32.333 ] ] ], [ [ [ -70.033, -32.399 ], [ -70.066, -32.399 ], [ -70.066, -32.366 ], [ -70.066, -32.333 ], [ -70.066, -32.299 ], [ -70.033, -32.299 ], [ -70.033, -32.333 ], [ -70.033, -32.366 ], [ -70.033, -32.399 ] ] ], [ [ [ -69.933, -32.299 ], [ -69.933, -32.333 ], [ -69.966, -32.333 ], [ -69.966, -32.299 ], [ -69.933, -32.299 ] ] ], [ [ [ -69.933, -32.299 ], [ -69.933, -32.266 ], [ -69.899, -32.266 ], [ -69.899, -32.299 ], [ -69.933, -32.299 ] ] ], [ [ [ -69.566, -32.333 ], [ -69.599, -32.333 ], [ -69.599, -32.299 ], [ -69.566, -32.299 ], [ -69.566, -32.266 ], [ -69.533, -32.266 ], [ -69.533, -32.299 ], [ -69.533, -32.333 ], [ -69.566, -32.333 ] ] ], [ [ [ -70.166, -32.233 ], [ -70.133, -32.233 ], [ -70.133, -32.266 ], [ -70.166, -32.266 ], [ -70.166, -32.233 ] ] ], [ [ [ -69.899, -32.266 ], [ -69.899, -32.233 ], [ -69.866, -32.233 ], [ -69.866, -32.266 ], [ -69.899, -32.266 ] ] ], [ [ [ -70.166, -32.233 ], [ -70.199, -32.233 ], [ -70.199, -32.199 ], [ -70.166, -32.199 ], [ -70.166, -32.233 ] ] ], [ [ [ -70.133, -32.233 ], [ -70.133, -32.199 ], [ -70.099, -32.199 ], [ -70.066, -32.199 ], [ -70.033, -32.199 ], [ -69.999, -32.199 ], [ -69.999, -32.233 ], [ -69.999, -32.266 ], [ -70.033, -32.266 ], [ -70.033, -32.233 ], [ -70.066, -32.233 ], [ -70.099, -32.233 ], [ -70.133, -32.233 ] ] ], [ [ [ -70.266, -32.166 ], [ -70.233, -32.166 ], [ -70.233, -32.199 ], [ -70.266, -32.199 ], [ -70.266, -32.166 ] ] ], [ [ [ -69.533, -32.166 ], [ -69.533, -32.199 ], [ -69.566, -32.199 ], [ -69.566, -32.166 ], [ -69.533, -32.166 ] ] ], [ [ [ -70.266, -32.166 ], [ -70.315, -32.166 ], [ -70.316, -32.163 ], [ -70.315, -32.158 ], [ -70.314, -32.152 ], [ -70.313, -32.149 ], [ -70.311, -32.146 ], [ -70.308, -32.144 ], [ -70.305, -32.141 ], [ -70.304, -32.140 ], [ -70.303, -32.138 ], [ -70.303, -32.137 ], [ -70.299, -32.133 ], [ -70.266, -32.133 ], [ -70.266, -32.166 ] ] ], [ [ [ -70.199, -32.133 ], [ -70.166, -32.133 ], [ -70.133, -32.133 ], [ -70.133, -32.166 ], [ -70.166, -32.166 ], [ -70.199, -32.166 ], [ -70.199, -32.133 ] ] ], [ [ [ -69.866, -32.199 ], [ -69.899, -32.199 ], [ -69.899, -32.166 ], [ -69.899, -32.133 ], [ -69.866, -32.133 ], [ -69.866, -32.166 ], [ -69.866, -32.199 ] ] ], [ [ [ -69.533, -32.166 ], [ -69.533, -32.133 ], [ -69.499, -32.133 ], [ -69.499, -32.166 ], [ -69.533, -32.166 ] ] ], [ [ [ -69.666, -32.099 ], [ -69.666, -32.133 ], [ -69.666, -32.166 ], [ -69.666, -32.199 ], [ -69.699, -32.199 ], [ -69.699, -32.166 ], [ -69.699, -32.133 ], [ -69.699, -32.099 ], [ -69.666, -32.099 ] ] ], [ [ [ -70.199, -32.133 ], [ -70.233, -32.133 ], [ -70.233, -32.099 ], [ -70.233, -32.066 ], [ -70.199, -32.066 ], [ -70.199, -32.099 ], [ -70.199, -32.133 ] ] ], [ [ [ -69.566, -32.066 ], [ -69.533, -32.066 ], [ -69.533, -32.099 ], [ -69.566, -32.099 ], [ -69.566, -32.066 ] ] ], [ [ [ -70.324, -32.048 ], [ -70.321, -32.050 ], [ -70.313, -32.047 ], [ -70.309, -32.047 ], [ -70.303, -32.047 ], [ -70.299, -32.049 ], [ -70.299, -32.066 ], [ -70.333, -32.066 ], [ -70.333, -32.044 ], [ -70.330, -32.045 ], [ -70.329, -32.048 ], [ -70.324, -32.048 ] ] ], [ [ [ -69.933, -31.999 ], [ -69.899, -31.999 ], [ -69.899, -32.033 ], [ -69.933, -32.033 ], [ -69.933, -31.999 ] ] ], [ [ [ -69.566, -32.066 ], [ -69.599, -32.066 ], [ -69.633, -32.066 ], [ -69.633, -32.099 ], [ -69.666, -32.099 ], [ -69.666, -32.066 ], [ -69.666, -32.033 ], [ -69.633, -32.033 ], [ -69.599, -32.033 ], [ -69.599, -31.999 ], [ -69.566, -31.999 ], [ -69.566, -32.033 ], [ -69.566, -32.066 ] ] ], [ [ [ -69.166, -32.033 ], [ -69.199, -32.033 ], [ -69.199, -31.999 ], [ -69.166, -31.999 ], [ -69.133, -31.999 ], [ -69.099, -31.999 ], [ -69.099, -32.033 ], [ -69.133, -32.033 ], [ -69.166, -32.033 ] ] ], [ [ [ -69.933, -31.999 ], [ -69.966, -31.999 ], [ -69.966, -31.966 ], [ -69.933, -31.966 ], [ -69.933, -31.999 ] ] ], [ [ [ -69.966, -31.933 ], [ -69.999, -31.933 ], [ -69.999, -31.899 ], [ -69.966, -31.899 ], [ -69.966, -31.933 ] ] ], [ [ [ -69.966, -31.833 ], [ -69.933, -31.833 ], [ -69.899, -31.833 ], [ -69.899, -31.866 ], [ -69.933, -31.866 ], [ -69.966, -31.866 ], [ -69.966, -31.833 ] ] ], [ [ [ -70.266, -31.799 ], [ -70.233, -31.799 ], [ -70.233, -31.833 ], [ -70.266, -31.833 ], [ -70.266, -31.799 ] ] ], [ [ [ -69.966, -31.833 ], [ -69.999, -31.833 ], [ -69.999, -31.799 ], [ -69.966, -31.799 ], [ -69.966, -31.833 ] ] ], [ [ [ -69.833, -31.833 ], [ -69.866, -31.833 ], [ -69.866, -31.799 ], [ -69.833, -31.799 ], [ -69.833, -31.833 ] ] ], [ [ [ -69.133, -31.799 ], [ -69.099, -31.799 ], [ -69.099, -31.833 ], [ -69.133, -31.833 ], [ -69.133, -31.799 ] ] ], [ [ [ -70.099, -31.766 ], [ -70.066, -31.766 ], [ -70.066, -31.799 ], [ -70.066, -31.833 ], [ -70.099, -31.833 ], [ -70.099, -31.799 ], [ -70.099, -31.766 ] ] ], [ [ [ -69.133, -31.799 ], [ -69.166, -31.799 ], [ -69.166, -31.833 ], [ -69.166, -31.866 ], [ -69.166, -31.899 ], [ -69.166, -31.933 ], [ -69.166, -31.966 ], [ -69.199, -31.966 ], [ -69.233, -31.966 ], [ -69.266, -31.966 ], [ -69.266, -31.933 ], [ -69.233, -31.933 ], [ -69.233, -31.899 ], [ -69.233, -31.866 ], [ -69.199, -31.866 ], [ -69.199, -31.833 ], [ -69.199, -31.799 ], [ -69.199, -31.766 ], [ -69.166, -31.766 ], [ -69.133, -31.766 ], [ -69.133, -31.799 ] ] ], [ [ [ -68.999, -31.833 ], [ -69.033, -31.833 ], [ -69.033, -31.799 ], [ -69.033, -31.766 ], [ -68.999, -31.766 ], [ -68.966, -31.766 ], [ -68.966, -31.799 ], [ -68.966, -31.833 ], [ -68.999, -31.833 ] ] ], [ [ [ -70.099, -31.766 ], [ -70.133, -31.766 ], [ -70.133, -31.733 ], [ -70.099, -31.733 ], [ -70.099, -31.766 ] ] ], [ [ [ -69.966, -31.766 ], [ -69.999, -31.766 ], [ -69.999, -31.733 ], [ -69.966, -31.733 ], [ -69.966, -31.766 ] ] ], [ [ [ -69.133, -31.766 ], [ -69.133, -31.733 ], [ -69.099, -31.733 ], [ -69.099, -31.699 ], [ -69.066, -31.699 ], [ -69.066, -31.733 ], [ -69.066, -31.766 ], [ -69.099, -31.766 ], [ -69.133, -31.766 ] ] ], [ [ [ -70.166, -31.699 ], [ -70.199, -31.699 ], [ -70.199, -31.666 ], [ -70.166, -31.666 ], [ -70.166, -31.699 ] ] ], [ [ [ -69.966, -31.699 ], [ -69.999, -31.699 ], [ -69.999, -31.666 ], [ -69.966, -31.666 ], [ -69.966, -31.699 ] ] ], [ [ [ -69.766, -31.733 ], [ -69.799, -31.733 ], [ -69.799, -31.699 ], [ -69.799, -31.666 ], [ -69.766, -31.666 ], [ -69.766, -31.699 ], [ -69.766, -31.733 ] ] ], [ [ [ -70.266, -31.799 ], [ -70.299, -31.799 ], [ -70.333, -31.799 ], [ -70.333, -31.766 ], [ -70.333, -31.733 ], [ -70.333, -31.699 ], [ -70.333, -31.666 ], [ -70.333, -31.633 ], [ -70.299, -31.633 ], [ -70.266, -31.633 ], [ -70.266, -31.666 ], [ -70.266, -31.699 ], [ -70.299, -31.699 ], [ -70.299, -31.733 ], [ -70.299, -31.766 ], [ -70.266, -31.766 ], [ -70.266, -31.799 ] ] ], [ [ [ -69.099, -31.699 ], [ -69.133, -31.699 ], [ -69.166, -31.699 ], [ -69.166, -31.666 ], [ -69.166, -31.633 ], [ -69.133, -31.633 ], [ -69.133, -31.666 ], [ -69.099, -31.666 ], [ -69.099, -31.699 ] ] ], [ [ [ -70.033, -31.633 ], [ -70.066, -31.633 ], [ -70.066, -31.599 ], [ -70.033, -31.599 ], [ -70.033, -31.633 ] ] ], [ [ [ -69.066, -31.633 ], [ -69.099, -31.633 ], [ -69.099, -31.599 ], [ -69.066, -31.599 ], [ -69.066, -31.633 ] ] ], [ [ [ -70.499, -31.566 ], [ -70.466, -31.566 ], [ -70.466, -31.599 ], [ -70.499, -31.599 ], [ -70.499, -31.566 ] ] ], [ [ [ -70.299, -31.599 ], [ -70.333, -31.599 ], [ -70.333, -31.566 ], [ -70.299, -31.566 ], [ -70.299, -31.599 ] ] ], [ [ [ -70.199, -31.599 ], [ -70.233, -31.599 ], [ -70.233, -31.566 ], [ -70.199, -31.566 ], [ -70.199, -31.599 ] ] ], [ [ [ -69.799, -31.566 ], [ -69.766, -31.566 ], [ -69.766, -31.599 ], [ -69.799, -31.599 ], [ -69.799, -31.566 ] ] ], [ [ [ -69.199, -31.766 ], [ -69.233, -31.766 ], [ -69.233, -31.733 ], [ -69.233, -31.699 ], [ -69.233, -31.666 ], [ -69.233, -31.633 ], [ -69.233, -31.599 ], [ -69.233, -31.566 ], [ -69.199, -31.566 ], [ -69.199, -31.599 ], [ -69.199, -31.633 ], [ -69.199, -31.666 ], [ -69.199, -31.699 ], [ -69.199, -31.733 ], [ -69.199, -31.766 ] ] ], [ [ [ -70.399, -31.533 ], [ -70.399, -31.566 ], [ -70.433, -31.566 ], [ -70.433, -31.533 ], [ -70.399, -31.533 ] ] ], [ [ [ -69.799, -31.566 ], [ -69.833, -31.566 ], [ -69.866, -31.566 ], [ -69.866, -31.533 ], [ -69.833, -31.533 ], [ -69.799, -31.533 ], [ -69.799, -31.566 ] ] ], [ [ [ -70.499, -31.566 ], [ -70.533, -31.566 ], [ -70.533, -31.533 ], [ -70.533, -31.499 ], [ -70.499, -31.499 ], [ -70.499, -31.533 ], [ -70.499, -31.566 ] ] ], [ [ [ -70.199, -31.533 ], [ -70.233, -31.533 ], [ -70.233, -31.499 ], [ -70.199, -31.499 ], [ -70.199, -31.533 ] ] ], [ [ [ -70.133, -31.499 ], [ -70.133, -31.533 ], [ -70.166, -31.533 ], [ -70.166, -31.499 ], [ -70.133, -31.499 ] ] ], [ [ [ -70.099, -31.499 ], [ -70.066, -31.499 ], [ -70.066, -31.533 ], [ -70.066, -31.566 ], [ -70.099, -31.566 ], [ -70.099, -31.533 ], [ -70.099, -31.499 ] ] ], [ [ [ -70.333, -31.499 ], [ -70.333, -31.466 ], [ -70.299, -31.466 ], [ -70.299, -31.499 ], [ -70.333, -31.499 ] ] ], [ [ [ -70.333, -31.499 ], [ -70.333, -31.533 ], [ -70.366, -31.533 ], [ -70.399, -31.533 ], [ -70.399, -31.499 ], [ -70.399, -31.466 ], [ -70.433, -31.466 ], [ -70.466, -31.466 ], [ -70.466, -31.433 ], [ -70.433, -31.433 ], [ -70.399, -31.433 ], [ -70.366, -31.433 ], [ -70.366, -31.466 ], [ -70.366, -31.499 ], [ -70.333, -31.499 ] ] ], [ [ [ -70.299, -31.466 ], [ -70.299, -31.433 ], [ -70.266, -31.433 ], [ -70.233, -31.433 ], [ -70.233, -31.466 ], [ -70.266, -31.466 ], [ -70.299, -31.466 ] ] ], [ [ [ -70.099, -31.499 ], [ -70.133, -31.499 ], [ -70.133, -31.466 ], [ -70.133, -31.433 ], [ -70.099, -31.433 ], [ -70.099, -31.466 ], [ -70.099, -31.499 ] ] ], [ [ [ -69.233, -31.566 ], [ -69.266, -31.566 ], [ -69.266, -31.533 ], [ -69.266, -31.499 ], [ -69.266, -31.466 ], [ -69.233, -31.466 ], [ -69.233, -31.433 ], [ -69.199, -31.433 ], [ -69.199, -31.466 ], [ -69.199, -31.499 ], [ -69.233, -31.499 ], [ -69.233, -31.533 ], [ -69.233, -31.566 ] ] ], [ [ [ -70.366, -31.433 ], [ -70.366, -31.399 ], [ -70.333, -31.399 ], [ -70.333, -31.433 ], [ -70.366, -31.433 ] ] ], [ [ [ -69.833, -31.399 ], [ -69.866, -31.399 ], [ -69.866, -31.366 ], [ -69.833, -31.366 ], [ -69.833, -31.399 ] ] ], [ [ [ -70.466, -31.366 ], [ -70.499, -31.366 ], [ -70.499, -31.333 ], [ -70.466, -31.333 ], [ -70.466, -31.366 ] ] ], [ [ [ -70.366, -31.399 ], [ -70.399, -31.399 ], [ -70.433, -31.399 ], [ -70.466, -31.399 ], [ -70.466, -31.366 ], [ -70.433, -31.366 ], [ -70.433, -31.333 ], [ -70.399, -31.333 ], [ -70.399, -31.366 ], [ -70.366, -31.366 ], [ -70.366, -31.399 ] ] ], [ [ [ -69.899, -31.366 ], [ -69.933, -31.366 ], [ -69.933, -31.333 ], [ -69.899, -31.333 ], [ -69.899, -31.366 ] ] ], [ [ [ -70.433, -31.333 ], [ -70.466, -31.333 ], [ -70.466, -31.299 ], [ -70.433, -31.299 ], [ -70.433, -31.333 ] ] ], [ [ [ -69.766, -31.299 ], [ -69.766, -31.333 ], [ -69.799, -31.333 ], [ -69.799, -31.299 ], [ -69.766, -31.299 ] ] ], [ [ [ -69.766, -31.299 ], [ -69.766, -31.266 ], [ -69.733, -31.266 ], [ -69.733, -31.299 ], [ -69.766, -31.299 ] ] ], [ [ [ -69.733, -31.233 ], [ -69.766, -31.233 ], [ -69.766, -31.199 ], [ -69.733, -31.199 ], [ -69.733, -31.233 ] ] ], [ [ [ -69.733, -31.166 ], [ -69.766, -31.166 ], [ -69.766, -31.133 ], [ -69.733, -31.133 ], [ -69.733, -31.166 ] ] ], [ [ [ -70.333, -31.166 ], [ -70.333, -31.133 ], [ -70.333, -31.099 ], [ -70.299, -31.099 ], [ -70.299, -31.133 ], [ -70.299, -31.166 ], [ -70.333, -31.166 ] ] ], [ [ [ -70.099, -31.099 ], [ -70.099, -31.133 ], [ -70.133, -31.133 ], [ -70.133, -31.099 ], [ -70.099, -31.099 ] ] ], [ [ [ -69.233, -31.099 ], [ -69.233, -31.133 ], [ -69.233, -31.166 ], [ -69.266, -31.166 ], [ -69.266, -31.133 ], [ -69.266, -31.099 ], [ -69.233, -31.099 ] ] ], [ [ [ -70.333, -31.166 ], [ -70.333, -31.199 ], [ -70.333, -31.233 ], [ -70.299, -31.233 ], [ -70.266, -31.233 ], [ -70.266, -31.266 ], [ -70.299, -31.266 ], [ -70.299, -31.299 ], [ -70.266, -31.299 ], [ -70.266, -31.333 ], [ -70.299, -31.333 ], [ -70.333, -31.333 ], [ -70.333, -31.299 ], [ -70.333, -31.266 ], [ -70.366, -31.266 ], [ -70.366, -31.299 ], [ -70.399, -31.299 ], [ -70.433, -31.299 ], [ -70.433, -31.266 ], [ -70.399, -31.266 ], [ -70.399, -31.233 ], [ -70.433, -31.233 ], [ -70.466, -31.233 ], [ -70.466, -31.266 ], [ -70.466, -31.299 ], [ -70.499, -31.299 ], [ -70.499, -31.333 ], [ -70.542, -31.333 ], [ -70.543, -31.330 ], [ -70.542, -31.325 ], [ -70.543, -31.319 ], [ -70.546, -31.315 ], [ -70.545, -31.310 ], [ -70.544, -31.308 ], [ -70.543, -31.304 ], [ -70.539, -31.299 ], [ -70.537, -31.294 ], [ -70.534, -31.289 ], [ -70.530, -31.288 ], [ -70.530, -31.284 ], [ -70.529, -31.281 ], [ -70.526, -31.278 ], [ -70.529, -31.274 ], [ -70.529, -31.272 ], [ -70.527, -31.268 ], [ -70.526, -31.265 ], [ -70.526, -31.260 ], [ -70.524, -31.256 ], [ -70.524, -31.253 ], [ -70.525, -31.251 ], [ -70.530, -31.247 ], [ -70.531, -31.245 ], [ -70.528, -31.241 ], [ -70.524, -31.237 ], [ -70.519, -31.234 ], [ -70.515, -31.232 ], [ -70.517, -31.228 ], [ -70.517, -31.223 ], [ -70.518, -31.220 ], [ -70.519, -31.216 ], [ -70.518, -31.212 ], [ -70.517, -31.208 ], [ -70.516, -31.205 ], [ -70.516, -31.201 ], [ -70.514, -31.197 ], [ -70.514, -31.194 ], [ -70.518, -31.191 ], [ -70.521, -31.188 ], [ -70.521, -31.183 ], [ -70.520, -31.179 ], [ -70.518, -31.176 ], [ -70.515, -31.172 ], [ -70.515, -31.169 ], [ -70.516, -31.165 ], [ -70.515, -31.162 ], [ -70.512, -31.159 ], [ -70.509, -31.155 ], [ -70.508, -31.152 ], [ -70.507, -31.148 ], [ -70.506, -31.145 ], [ -70.504, -31.143 ], [ -70.499, -31.141 ], [ -70.497, -31.139 ], [ -70.495, -31.136 ], [ -70.495, -31.133 ], [ -70.466, -31.133 ], [ -70.466, -31.104 ], [ -70.465, -31.102 ], [ -70.462, -31.097 ], [ -70.460, -31.092 ], [ -70.459, -31.088 ], [ -70.457, -31.083 ], [ -70.455, -31.079 ], [ -70.453, -31.080 ], [ -70.451, -31.086 ], [ -70.446, -31.091 ], [ -70.440, -31.093 ], [ -70.436, -31.098 ], [ -70.432, -31.102 ], [ -70.431, -31.107 ], [ -70.430, -31.113 ], [ -70.428, -31.118 ], [ -70.426, -31.121 ], [ -70.424, -31.124 ], [ -70.433, -31.133 ], [ -70.433, -31.166 ], [ -70.466, -31.166 ], [ -70.466, -31.199 ], [ -70.433, -31.199 ], [ -70.399, -31.199 ], [ -70.399, -31.166 ], [ -70.399, -31.166 ], [ -70.395, -31.161 ], [ -70.394, -31.161 ], [ -70.387, -31.154 ], [ -70.386, -31.153 ], [ -70.380, -31.152 ], [ -70.366, -31.166 ], [ -70.333, -31.166 ] ] ], [ [ [ -70.099, -31.099 ], [ -70.099, -31.066 ], [ -70.066, -31.066 ], [ -70.066, -31.099 ], [ -70.099, -31.099 ] ] ], [ [ [ -69.766, -31.066 ], [ -69.766, -31.099 ], [ -69.799, -31.099 ], [ -69.799, -31.066 ], [ -69.766, -31.066 ] ] ], [ [ [ -70.066, -31.066 ], [ -70.066, -31.033 ], [ -70.033, -31.033 ], [ -70.033, -31.066 ], [ -70.066, -31.066 ] ] ], [ [ [ -69.233, -31.099 ], [ -69.233, -31.066 ], [ -69.233, -31.033 ], [ -69.199, -31.033 ], [ -69.199, -31.066 ], [ -69.199, -31.099 ], [ -69.233, -31.099 ] ] ], [ [ [ -69.099, -31.066 ], [ -69.133, -31.066 ], [ -69.133, -31.033 ], [ -69.099, -31.033 ], [ -69.099, -31.066 ] ] ], [ [ [ -70.166, -31.066 ], [ -70.199, -31.066 ], [ -70.199, -31.033 ], [ -70.199, -30.999 ], [ -70.166, -30.999 ], [ -70.133, -30.999 ], [ -70.099, -30.999 ], [ -70.099, -31.033 ], [ -70.133, -31.033 ], [ -70.133, -31.066 ], [ -70.166, -31.066 ] ] ], [ [ [ -69.933, -30.966 ], [ -69.933, -30.999 ], [ -69.966, -30.999 ], [ -69.966, -30.966 ], [ -69.933, -30.966 ] ] ], [ [ [ -70.066, -30.966 ], [ -70.099, -30.966 ], [ -70.099, -30.933 ], [ -70.066, -30.933 ], [ -70.033, -30.933 ], [ -70.033, -30.966 ], [ -70.066, -30.966 ] ] ], [ [ [ -69.933, -30.966 ], [ -69.933, -30.933 ], [ -69.899, -30.933 ], [ -69.899, -30.966 ], [ -69.933, -30.966 ] ] ], [ [ [ -69.766, -31.066 ], [ -69.766, -31.033 ], [ -69.766, -30.999 ], [ -69.766, -30.966 ], [ -69.799, -30.966 ], [ -69.799, -30.933 ], [ -69.766, -30.933 ], [ -69.733, -30.933 ], [ -69.733, -30.899 ], [ -69.699, -30.899 ], [ -69.699, -30.933 ], [ -69.699, -30.966 ], [ -69.733, -30.966 ], [ -69.733, -30.999 ], [ -69.733, -31.033 ], [ -69.733, -31.066 ], [ -69.766, -31.066 ] ] ], [ [ [ -70.133, -30.933 ], [ -70.166, -30.933 ], [ -70.166, -30.899 ], [ -70.166, -30.866 ], [ -70.133, -30.866 ], [ -70.133, -30.899 ], [ -70.133, -30.933 ] ] ], [ [ [ -70.066, -30.899 ], [ -70.099, -30.899 ], [ -70.099, -30.866 ], [ -70.066, -30.866 ], [ -70.033, -30.866 ], [ -70.033, -30.899 ], [ -70.066, -30.899 ] ] ], [ [ [ -69.899, -30.899 ], [ -69.933, -30.899 ], [ -69.933, -30.866 ], [ -69.899, -30.866 ], [ -69.899, -30.899 ] ] ], [ [ [ -69.799, -30.866 ], [ -69.833, -30.866 ], [ -69.833, -30.833 ], [ -69.799, -30.833 ], [ -69.766, -30.833 ], [ -69.733, -30.833 ], [ -69.733, -30.866 ], [ -69.766, -30.866 ], [ -69.799, -30.866 ] ] ], [ [ [ -69.966, -30.799 ], [ -69.933, -30.799 ], [ -69.933, -30.833 ], [ -69.966, -30.833 ], [ -69.966, -30.799 ] ] ], [ [ [ -69.866, -30.833 ], [ -69.899, -30.833 ], [ -69.899, -30.799 ], [ -69.866, -30.799 ], [ -69.866, -30.833 ] ] ], [ [ [ -69.133, -30.966 ], [ -69.133, -30.933 ], [ -69.166, -30.933 ], [ -69.166, -30.966 ], [ -69.133, -30.966 ], [ -69.133, -30.999 ], [ -69.166, -30.999 ], [ -69.166, -31.033 ], [ -69.199, -31.033 ], [ -69.199, -30.999 ], [ -69.199, -30.966 ], [ -69.199, -30.933 ], [ -69.199, -30.899 ], [ -69.166, -30.899 ], [ -69.166, -30.866 ], [ -69.166, -30.833 ], [ -69.166, -30.799 ], [ -69.133, -30.799 ], [ -69.099, -30.799 ], [ -69.099, -30.833 ], [ -69.099, -30.866 ], [ -69.099, -30.899 ], [ -69.099, -30.933 ], [ -69.099, -30.966 ], [ -69.133, -30.966 ] ] ], [ [ [ -69.966, -30.799 ], [ -69.999, -30.799 ], [ -70.033, -30.799 ], [ -70.033, -30.766 ], [ -69.999, -30.766 ], [ -69.966, -30.766 ], [ -69.966, -30.799 ] ] ], [ [ [ -70.033, -30.766 ], [ -70.066, -30.766 ], [ -70.099, -30.766 ], [ -70.099, -30.733 ], [ -70.066, -30.733 ], [ -70.033, -30.733 ], [ -70.033, -30.766 ] ] ], [ [ [ -69.733, -30.766 ], [ -69.766, -30.766 ], [ -69.766, -30.733 ], [ -69.733, -30.733 ], [ -69.733, -30.766 ] ] ], [ [ [ -69.666, -30.766 ], [ -69.699, -30.766 ], [ -69.699, -30.733 ], [ -69.699, -30.699 ], [ -69.666, -30.699 ], [ -69.666, -30.733 ], [ -69.666, -30.766 ] ] ], [ [ [ -69.599, -30.699 ], [ -69.599, -30.733 ], [ -69.599, -30.766 ], [ -69.633, -30.766 ], [ -69.633, -30.733 ], [ -69.633, -30.699 ], [ -69.599, -30.699 ] ] ], [ [ [ -69.599, -30.699 ], [ -69.599, -30.666 ], [ -69.599, -30.633 ], [ -69.566, -30.633 ], [ -69.566, -30.666 ], [ -69.566, -30.699 ], [ -69.599, -30.699 ] ] ], [ [ [ -69.899, -30.599 ], [ -69.866, -30.599 ], [ -69.866, -30.633 ], [ -69.899, -30.633 ], [ -69.899, -30.599 ] ] ], [ [ [ -70.099, -30.733 ], [ -70.133, -30.733 ], [ -70.166, -30.733 ], [ -70.166, -30.699 ], [ -70.199, -30.699 ], [ -70.199, -30.666 ], [ -70.199, -30.633 ], [ -70.199, -30.599 ], [ -70.166, -30.599 ], [ -70.166, -30.566 ], [ -70.133, -30.566 ], [ -70.099, -30.566 ], [ -70.099, -30.599 ], [ -70.099, -30.633 ], [ -70.099, -30.666 ], [ -70.133, -30.666 ], [ -70.133, -30.699 ], [ -70.099, -30.699 ], [ -70.099, -30.733 ] ] ], [ [ [ -69.566, -30.633 ], [ -69.566, -30.599 ], [ -69.566, -30.566 ], [ -69.533, -30.566 ], [ -69.533, -30.599 ], [ -69.533, -30.633 ], [ -69.566, -30.633 ] ] ], [ [ [ -69.899, -30.599 ], [ -69.933, -30.599 ], [ -69.933, -30.633 ], [ -69.933, -30.666 ], [ -69.966, -30.666 ], [ -69.999, -30.666 ], [ -69.999, -30.633 ], [ -69.966, -30.633 ], [ -69.966, -30.599 ], [ -69.966, -30.566 ], [ -69.966, -30.533 ], [ -69.933, -30.533 ], [ -69.899, -30.533 ], [ -69.899, -30.566 ], [ -69.899, -30.599 ] ] ], [ [ [ -69.566, -30.566 ], [ -69.599, -30.566 ], [ -69.599, -30.533 ], [ -69.566, -30.533 ], [ -69.566, -30.566 ] ] ], [ [ [ -69.999, -30.533 ], [ -70.033, -30.533 ], [ -70.033, -30.499 ], [ -69.999, -30.499 ], [ -69.999, -30.533 ] ] ], [ [ [ -69.566, -30.533 ], [ -69.566, -30.499 ], [ -69.566, -30.466 ], [ -69.533, -30.466 ], [ -69.533, -30.499 ], [ -69.533, -30.533 ], [ -69.566, -30.533 ] ] ], [ [ [ -68.966, -30.566 ], [ -68.999, -30.566 ], [ -68.999, -30.533 ], [ -68.999, -30.499 ], [ -68.999, -30.466 ], [ -68.966, -30.466 ], [ -68.966, -30.499 ], [ -68.966, -30.533 ], [ -68.966, -30.566 ] ] ], [ [ [ -69.566, -30.333 ], [ -69.566, -30.366 ], [ -69.566, -30.399 ], [ -69.566, -30.433 ], [ -69.599, -30.433 ], [ -69.633, -30.433 ], [ -69.633, -30.399 ], [ -69.666, -30.399 ], [ -69.666, -30.366 ], [ -69.633, -30.366 ], [ -69.599, -30.366 ], [ -69.599, -30.333 ], [ -69.566, -30.333 ] ] ], [ [ [ -69.566, -30.333 ], [ -69.566, -30.299 ], [ -69.533, -30.299 ], [ -69.533, -30.333 ], [ -69.566, -30.333 ] ] ], [ [ [ -69.566, -30.299 ], [ -69.599, -30.299 ], [ -69.599, -30.266 ], [ -69.566, -30.266 ], [ -69.566, -30.299 ] ] ], [ [ [ -69.599, -30.266 ], [ -69.633, -30.266 ], [ -69.633, -30.233 ], [ -69.599, -30.233 ], [ -69.599, -30.266 ] ] ], [ [ [ -69.599, -30.233 ], [ -69.599, -30.199 ], [ -69.566, -30.199 ], [ -69.566, -30.233 ], [ -69.599, -30.233 ] ] ], [ [ [ -69.566, -30.199 ], [ -69.566, -30.166 ], [ -69.566, -30.133 ], [ -69.566, -30.099 ], [ -69.566, -30.066 ], [ -69.533, -30.066 ], [ -69.533, -30.099 ], [ -69.533, -30.133 ], [ -69.533, -30.166 ], [ -69.533, -30.199 ], [ -69.566, -30.199 ] ] ], [ [ [ -69.733, -29.866 ], [ -69.733, -29.899 ], [ -69.733, -29.933 ], [ -69.766, -29.933 ], [ -69.766, -29.899 ], [ -69.766, -29.866 ], [ -69.733, -29.866 ] ] ], [ [ [ -69.466, -29.866 ], [ -69.466, -29.899 ], [ -69.466, -29.933 ], [ -69.499, -29.933 ], [ -69.499, -29.899 ], [ -69.499, -29.866 ], [ -69.466, -29.866 ] ] ], [ [ [ -68.866, -29.866 ], [ -68.833, -29.866 ], [ -68.833, -29.899 ], [ -68.833, -29.933 ], [ -68.866, -29.933 ], [ -68.899, -29.933 ], [ -68.899, -29.899 ], [ -68.866, -29.899 ], [ -68.866, -29.866 ] ] ], [ [ [ -69.466, -29.866 ], [ -69.466, -29.833 ], [ -69.433, -29.833 ], [ -69.433, -29.866 ], [ -69.466, -29.866 ] ] ], [ [ [ -68.866, -29.866 ], [ -68.899, -29.866 ], [ -68.933, -29.866 ], [ -68.933, -29.833 ], [ -68.933, -29.799 ], [ -68.899, -29.799 ], [ -68.899, -29.833 ], [ -68.866, -29.833 ], [ -68.866, -29.866 ] ] ], [ [ [ -69.733, -29.866 ], [ -69.733, -29.833 ], [ -69.766, -29.833 ], [ -69.766, -29.799 ], [ -69.766, -29.766 ], [ -69.733, -29.766 ], [ -69.733, -29.799 ], [ -69.699, -29.799 ], [ -69.699, -29.833 ], [ -69.699, -29.866 ], [ -69.733, -29.866 ] ] ], [ [ [ -69.433, -29.833 ], [ -69.433, -29.799 ], [ -69.433, -29.766 ], [ -69.399, -29.766 ], [ -69.366, -29.766 ], [ -69.366, -29.799 ], [ -69.399, -29.799 ], [ -69.399, -29.833 ], [ -69.433, -29.833 ] ] ], [ [ [ -68.933, -29.799 ], [ -68.966, -29.799 ], [ -68.966, -29.833 ], [ -68.999, -29.833 ], [ -69.033, -29.833 ], [ -69.066, -29.833 ], [ -69.066, -29.799 ], [ -69.033, -29.799 ], [ -68.999, -29.799 ], [ -68.999, -29.766 ], [ -68.966, -29.766 ], [ -68.933, -29.766 ], [ -68.933, -29.799 ] ] ], [ [ [ -69.366, -29.766 ], [ -69.366, -29.733 ], [ -69.333, -29.733 ], [ -69.333, -29.766 ], [ -69.366, -29.766 ] ] ], [ [ [ -68.933, -29.766 ], [ -68.933, -29.733 ], [ -68.899, -29.733 ], [ -68.899, -29.766 ], [ -68.933, -29.766 ] ] ], [ [ [ -68.933, -29.666 ], [ -68.933, -29.699 ], [ -68.966, -29.699 ], [ -68.966, -29.666 ], [ -68.933, -29.666 ] ] ], [ [ [ -69.066, -29.699 ], [ -69.099, -29.699 ], [ -69.099, -29.666 ], [ -69.099, -29.633 ], [ -69.066, -29.633 ], [ -69.066, -29.666 ], [ -69.066, -29.699 ] ] ], [ [ [ -68.933, -29.666 ], [ -68.933, -29.633 ], [ -68.899, -29.633 ], [ -68.899, -29.666 ], [ -68.933, -29.666 ] ] ], [ [ [ -68.866, -29.633 ], [ -68.833, -29.633 ], [ -68.833, -29.666 ], [ -68.866, -29.666 ], [ -68.866, -29.633 ] ] ], [ [ [ -69.333, -29.599 ], [ -69.299, -29.599 ], [ -69.299, -29.633 ], [ -69.299, -29.666 ], [ -69.299, -29.699 ], [ -69.333, -29.699 ], [ -69.333, -29.666 ], [ -69.333, -29.633 ], [ -69.333, -29.599 ] ] ], [ [ [ -68.933, -29.633 ], [ -68.966, -29.633 ], [ -68.966, -29.599 ], [ -68.933, -29.599 ], [ -68.933, -29.633 ] ] ], [ [ [ -68.866, -29.633 ], [ -68.899, -29.633 ], [ -68.899, -29.599 ], [ -68.866, -29.599 ], [ -68.866, -29.633 ] ] ], [ [ [ -69.333, -29.599 ], [ -69.366, -29.599 ], [ -69.366, -29.566 ], [ -69.366, -29.533 ], [ -69.333, -29.533 ], [ -69.333, -29.566 ], [ -69.333, -29.599 ] ] ], [ [ [ -68.966, -29.599 ], [ -68.999, -29.599 ], [ -68.999, -29.566 ], [ -68.999, -29.533 ], [ -68.966, -29.533 ], [ -68.966, -29.566 ], [ -68.966, -29.599 ] ] ], [ [ [ -69.099, -29.499 ], [ -69.099, -29.533 ], [ -69.099, -29.566 ], [ -69.133, -29.566 ], [ -69.133, -29.533 ], [ -69.133, -29.499 ], [ -69.099, -29.499 ] ] ], [ [ [ -69.366, -29.533 ], [ -69.399, -29.533 ], [ -69.399, -29.499 ], [ -69.399, -29.466 ], [ -69.366, -29.466 ], [ -69.366, -29.499 ], [ -69.366, -29.533 ] ] ], [ [ [ -69.633, -29.466 ], [ -69.633, -29.499 ], [ -69.599, -29.499 ], [ -69.566, -29.499 ], [ -69.566, -29.533 ], [ -69.566, -29.566 ], [ -69.566, -29.599 ], [ -69.566, -29.633 ], [ -69.566, -29.666 ], [ -69.599, -29.666 ], [ -69.599, -29.699 ], [ -69.633, -29.699 ], [ -69.633, -29.666 ], [ -69.633, -29.633 ], [ -69.633, -29.599 ], [ -69.633, -29.566 ], [ -69.633, -29.533 ], [ -69.666, -29.533 ], [ -69.666, -29.499 ], [ -69.666, -29.466 ], [ -69.666, -29.433 ], [ -69.666, -29.399 ], [ -69.633, -29.399 ], [ -69.633, -29.433 ], [ -69.633, -29.466 ] ] ], [ [ [ -69.399, -29.466 ], [ -69.433, -29.466 ], [ -69.433, -29.433 ], [ -69.433, -29.399 ], [ -69.399, -29.399 ], [ -69.399, -29.433 ], [ -69.399, -29.466 ] ] ], [ [ [ -69.099, -29.499 ], [ -69.099, -29.466 ], [ -69.099, -29.433 ], [ -69.066, -29.433 ], [ -69.066, -29.399 ], [ -69.033, -29.399 ], [ -69.033, -29.433 ], [ -69.033, -29.466 ], [ -69.066, -29.466 ], [ -69.066, -29.499 ], [ -69.099, -29.499 ] ] ], [ [ [ -69.433, -29.399 ], [ -69.466, -29.399 ], [ -69.466, -29.366 ], [ -69.433, -29.366 ], [ -69.433, -29.399 ] ] ], [ [ [ -69.633, -29.366 ], [ -69.666, -29.366 ], [ -69.666, -29.333 ], [ -69.633, -29.333 ], [ -69.633, -29.366 ] ] ], [ [ [ -69.533, -29.333 ], [ -69.499, -29.333 ], [ -69.499, -29.366 ], [ -69.533, -29.366 ], [ -69.533, -29.333 ] ] ], [ [ [ -69.033, -29.366 ], [ -69.066, -29.366 ], [ -69.066, -29.333 ], [ -69.033, -29.333 ], [ -69.033, -29.366 ] ] ], [ [ [ -68.933, -29.399 ], [ -68.966, -29.399 ], [ -68.966, -29.366 ], [ -68.966, -29.333 ], [ -68.933, -29.333 ], [ -68.933, -29.366 ], [ -68.933, -29.399 ] ] ], [ [ [ -69.533, -29.333 ], [ -69.566, -29.333 ], [ -69.599, -29.333 ], [ -69.599, -29.299 ], [ -69.566, -29.299 ], [ -69.533, -29.299 ], [ -69.533, -29.333 ] ] ], [ [ [ -69.033, -29.266 ], [ -69.033, -29.299 ], [ -69.066, -29.299 ], [ -69.066, -29.266 ], [ -69.033, -29.266 ] ] ], [ [ [ -69.033, -29.266 ], [ -69.033, -29.233 ], [ -68.999, -29.233 ], [ -68.999, -29.266 ], [ -69.033, -29.266 ] ] ], [ [ [ -68.899, -29.266 ], [ -68.933, -29.266 ], [ -68.933, -29.233 ], [ -68.899, -29.233 ], [ -68.866, -29.233 ], [ -68.866, -29.266 ], [ -68.899, -29.266 ] ] ], [ [ [ -69.699, -29.266 ], [ -69.733, -29.266 ], [ -69.733, -29.233 ], [ -69.733, -29.199 ], [ -69.699, -29.199 ], [ -69.699, -29.233 ], [ -69.699, -29.266 ] ] ], [ [ [ -69.699, -29.266 ], [ -69.666, -29.266 ], [ -69.666, -29.233 ], [ -69.666, -29.199 ], [ -69.633, -29.199 ], [ -69.633, -29.233 ], [ -69.633, -29.266 ], [ -69.633, -29.299 ], [ -69.666, -29.299 ], [ -69.699, -29.299 ], [ -69.699, -29.266 ] ] ], [ [ [ -67.833, -29.199 ], [ -67.833, -29.233 ], [ -67.866, -29.233 ], [ -67.866, -29.199 ], [ -67.833, -29.199 ] ] ], [ [ [ -69.899, -29.366 ], [ -69.933, -29.366 ], [ -69.933, -29.333 ], [ -69.933, -29.299 ], [ -69.899, -29.299 ], [ -69.899, -29.266 ], [ -69.899, -29.233 ], [ -69.899, -29.199 ], [ -69.866, -29.199 ], [ -69.866, -29.166 ], [ -69.833, -29.166 ], [ -69.833, -29.199 ], [ -69.833, -29.233 ], [ -69.866, -29.233 ], [ -69.866, -29.266 ], [ -69.866, -29.299 ], [ -69.866, -29.333 ], [ -69.899, -29.333 ], [ -69.899, -29.366 ] ] ], [ [ [ -69.733, -29.199 ], [ -69.766, -29.199 ], [ -69.799, -29.199 ], [ -69.799, -29.166 ], [ -69.766, -29.166 ], [ -69.733, -29.166 ], [ -69.733, -29.199 ] ] ], [ [ [ -67.833, -29.199 ], [ -67.833, -29.166 ], [ -67.799, -29.166 ], [ -67.799, -29.199 ], [ -67.833, -29.199 ] ] ], [ [ [ -69.133, -29.166 ], [ -69.166, -29.166 ], [ -69.166, -29.133 ], [ -69.133, -29.133 ], [ -69.133, -29.166 ] ] ], [ [ [ -68.999, -29.133 ], [ -69.033, -29.133 ], [ -69.033, -29.099 ], [ -68.999, -29.099 ], [ -68.999, -29.133 ] ] ], [ [ [ -69.233, -29.099 ], [ -69.233, -29.066 ], [ -69.199, -29.066 ], [ -69.166, -29.066 ], [ -69.166, -29.099 ], [ -69.199, -29.099 ], [ -69.233, -29.099 ] ] ], [ [ [ -68.633, -29.133 ], [ -68.666, -29.133 ], [ -68.666, -29.099 ], [ -68.666, -29.066 ], [ -68.633, -29.066 ], [ -68.633, -29.099 ], [ -68.633, -29.133 ] ] ], [ [ [ -67.899, -29.166 ], [ -67.933, -29.166 ], [ -67.933, -29.133 ], [ -67.933, -29.099 ], [ -67.933, -29.066 ], [ -67.899, -29.066 ], [ -67.899, -29.099 ], [ -67.899, -29.133 ], [ -67.899, -29.166 ] ] ], [ [ [ -67.699, -29.099 ], [ -67.733, -29.099 ], [ -67.733, -29.066 ], [ -67.699, -29.066 ], [ -67.699, -29.099 ] ] ], [ [ [ -69.233, -29.099 ], [ -69.233, -29.133 ], [ -69.233, -29.166 ], [ -69.199, -29.166 ], [ -69.199, -29.199 ], [ -69.233, -29.199 ], [ -69.266, -29.199 ], [ -69.266, -29.233 ], [ -69.233, -29.233 ], [ -69.199, -29.233 ], [ -69.199, -29.199 ], [ -69.166, -29.199 ], [ -69.133, -29.199 ], [ -69.133, -29.233 ], [ -69.133, -29.266 ], [ -69.166, -29.266 ], [ -69.166, -29.299 ], [ -69.133, -29.299 ], [ -69.133, -29.333 ], [ -69.166, -29.333 ], [ -69.166, -29.366 ], [ -69.199, -29.366 ], [ -69.199, -29.333 ], [ -69.199, -29.299 ], [ -69.199, -29.266 ], [ -69.233, -29.266 ], [ -69.266, -29.266 ], [ -69.299, -29.266 ], [ -69.333, -29.266 ], [ -69.366, -29.266 ], [ -69.366, -29.299 ], [ -69.333, -29.299 ], [ -69.299, -29.299 ], [ -69.266, -29.299 ], [ -69.266, -29.333 ], [ -69.299, -29.333 ], [ -69.299, -29.366 ], [ -69.299, -29.399 ], [ -69.333, -29.399 ], [ -69.333, -29.366 ], [ -69.366, -29.366 ], [ -69.399, -29.366 ], [ -69.399, -29.333 ], [ -69.433, -29.333 ], [ -69.433, -29.299 ], [ -69.433, -29.266 ], [ -69.433, -29.233 ], [ -69.399, -29.233 ], [ -69.399, -29.199 ], [ -69.433, -29.199 ], [ -69.433, -29.166 ], [ -69.433, -29.133 ], [ -69.433, -29.099 ], [ -69.433, -29.066 ], [ -69.433, -29.033 ], [ -69.466, -29.033 ], [ -69.499, -29.033 ], [ -69.499, -28.999 ], [ -69.466, -28.999 ], [ -69.433, -28.999 ], [ -69.399, -28.999 ], [ -69.399, -29.033 ], [ -69.399, -29.066 ], [ -69.366, -29.066 ], [ -69.366, -29.099 ], [ -69.333, -29.099 ], [ -69.333, -29.133 ], [ -69.299, -29.133 ], [ -69.266, -29.133 ], [ -69.266, -29.099 ], [ -69.233, -29.099 ] ] ], [ [ [ -68.599, -29.033 ], [ -68.633, -29.033 ], [ -68.633, -28.999 ], [ -68.599, -28.999 ], [ -68.599, -29.033 ] ] ], [ [ [ -68.533, -29.033 ], [ -68.566, -29.033 ], [ -68.566, -28.999 ], [ -68.533, -28.999 ], [ -68.533, -29.033 ] ] ], [ [ [ -69.666, -29.199 ], [ -69.699, -29.199 ], [ -69.699, -29.166 ], [ -69.699, -29.133 ], [ -69.733, -29.133 ], [ -69.733, -29.099 ], [ -69.733, -29.066 ], [ -69.733, -29.033 ], [ -69.733, -28.999 ], [ -69.699, -28.999 ], [ -69.666, -28.999 ], [ -69.666, -28.966 ], [ -69.633, -28.966 ], [ -69.633, -28.999 ], [ -69.633, -29.033 ], [ -69.666, -29.033 ], [ -69.666, -29.066 ], [ -69.666, -29.099 ], [ -69.666, -29.133 ], [ -69.666, -29.166 ], [ -69.666, -29.199 ] ] ], [ [ [ -67.933, -29.033 ], [ -67.966, -29.033 ], [ -67.966, -28.999 ], [ -67.966, -28.966 ], [ -67.933, -28.966 ], [ -67.933, -28.999 ], [ -67.933, -29.033 ] ] ], [ [ [ -67.666, -28.966 ], [ -67.633, -28.966 ], [ -67.633, -28.999 ], [ -67.633, -29.033 ], [ -67.666, -29.033 ], [ -67.666, -28.999 ], [ -67.666, -28.966 ] ] ], [ [ [ -67.199, -28.966 ], [ -67.199, -28.999 ], [ -67.166, -28.999 ], [ -67.166, -29.033 ], [ -67.133, -29.033 ], [ -67.133, -29.066 ], [ -67.166, -29.066 ], [ -67.199, -29.066 ], [ -67.199, -29.033 ], [ -67.233, -29.033 ], [ -67.233, -28.999 ], [ -67.233, -28.966 ], [ -67.199, -28.966 ] ] ], [ [ [ -69.399, -28.966 ], [ -69.433, -28.966 ], [ -69.433, -28.933 ], [ -69.399, -28.933 ], [ -69.399, -28.966 ] ] ], [ [ [ -68.533, -28.966 ], [ -68.566, -28.966 ], [ -68.566, -28.933 ], [ -68.533, -28.933 ], [ -68.499, -28.933 ], [ -68.499, -28.966 ], [ -68.533, -28.966 ] ] ], [ [ [ -67.666, -28.966 ], [ -67.699, -28.966 ], [ -67.699, -28.933 ], [ -67.666, -28.933 ], [ -67.666, -28.966 ] ] ], [ [ [ -69.066, -28.999 ], [ -69.066, -28.966 ], [ -69.033, -28.966 ], [ -69.033, -28.933 ], [ -69.033, -28.899 ], [ -68.999, -28.899 ], [ -68.999, -28.933 ], [ -68.999, -28.966 ], [ -68.999, -28.999 ], [ -69.033, -28.999 ], [ -69.066, -28.999 ] ] ], [ [ [ -67.899, -28.933 ], [ -67.933, -28.933 ], [ -67.933, -28.899 ], [ -67.899, -28.899 ], [ -67.899, -28.933 ] ] ], [ [ [ -67.066, -28.933 ], [ -67.099, -28.933 ], [ -67.099, -28.899 ], [ -67.066, -28.899 ], [ -67.066, -28.933 ] ] ], [ [ [ -68.999, -28.899 ], [ -68.999, -28.866 ], [ -68.966, -28.866 ], [ -68.933, -28.866 ], [ -68.933, -28.899 ], [ -68.899, -28.899 ], [ -68.899, -28.866 ], [ -68.866, -28.866 ], [ -68.866, -28.899 ], [ -68.866, -28.933 ], [ -68.833, -28.933 ], [ -68.833, -28.966 ], [ -68.833, -28.999 ], [ -68.866, -28.999 ], [ -68.866, -28.966 ], [ -68.899, -28.966 ], [ -68.899, -28.933 ], [ -68.933, -28.933 ], [ -68.966, -28.933 ], [ -68.966, -28.899 ], [ -68.999, -28.899 ] ] ], [ [ [ -68.666, -28.866 ], [ -68.633, -28.866 ], [ -68.633, -28.899 ], [ -68.666, -28.899 ], [ -68.666, -28.866 ] ] ], [ [ [ -67.766, -28.866 ], [ -67.733, -28.866 ], [ -67.699, -28.866 ], [ -67.699, -28.899 ], [ -67.733, -28.899 ], [ -67.766, -28.899 ], [ -67.766, -28.866 ] ] ], [ [ [ -69.066, -28.999 ], [ -69.066, -29.033 ], [ -69.099, -29.033 ], [ -69.133, -29.033 ], [ -69.133, -28.999 ], [ -69.133, -28.966 ], [ -69.133, -28.933 ], [ -69.133, -28.899 ], [ -69.133, -28.866 ], [ -69.133, -28.833 ], [ -69.099, -28.833 ], [ -69.099, -28.866 ], [ -69.099, -28.899 ], [ -69.099, -28.933 ], [ -69.099, -28.966 ], [ -69.099, -28.999 ], [ -69.066, -28.999 ] ] ], [ [ [ -68.666, -28.866 ], [ -68.699, -28.866 ], [ -68.699, -28.899 ], [ -68.699, -28.933 ], [ -68.733, -28.933 ], [ -68.733, -28.899 ], [ -68.733, -28.866 ], [ -68.733, -28.833 ], [ -68.699, -28.833 ], [ -68.666, -28.833 ], [ -68.666, -28.866 ] ] ], [ [ [ -68.866, -28.866 ], [ -68.866, -28.833 ], [ -68.866, -28.799 ], [ -68.833, -28.799 ], [ -68.833, -28.833 ], [ -68.833, -28.866 ], [ -68.866, -28.866 ] ] ], [ [ [ -67.199, -28.866 ], [ -67.233, -28.866 ], [ -67.233, -28.833 ], [ -67.233, -28.799 ], [ -67.199, -28.799 ], [ -67.199, -28.833 ], [ -67.199, -28.866 ] ] ], [ [ [ -67.066, -28.799 ], [ -67.066, -28.833 ], [ -67.099, -28.833 ], [ -67.099, -28.799 ], [ -67.066, -28.799 ] ] ], [ [ [ -67.766, -28.866 ], [ -67.799, -28.866 ], [ -67.799, -28.833 ], [ -67.799, -28.799 ], [ -67.799, -28.766 ], [ -67.766, -28.766 ], [ -67.766, -28.799 ], [ -67.766, -28.833 ], [ -67.766, -28.866 ] ] ], [ [ [ -67.066, -28.799 ], [ -67.066, -28.766 ], [ -67.033, -28.766 ], [ -67.033, -28.799 ], [ -67.066, -28.799 ] ] ], [ [ [ -68.833, -28.799 ], [ -68.833, -28.766 ], [ -68.833, -28.733 ], [ -68.799, -28.733 ], [ -68.799, -28.766 ], [ -68.799, -28.799 ], [ -68.833, -28.799 ] ] ], [ [ [ -67.899, -28.766 ], [ -67.933, -28.766 ], [ -67.933, -28.733 ], [ -67.899, -28.733 ], [ -67.899, -28.766 ] ] ], [ [ [ -67.166, -28.766 ], [ -67.199, -28.766 ], [ -67.199, -28.733 ], [ -67.166, -28.733 ], [ -67.166, -28.766 ] ] ], [ [ [ -67.099, -28.766 ], [ -67.133, -28.766 ], [ -67.133, -28.733 ], [ -67.099, -28.733 ], [ -67.099, -28.766 ] ] ], [ [ [ -68.833, -28.733 ], [ -68.866, -28.733 ], [ -68.866, -28.699 ], [ -68.833, -28.699 ], [ -68.833, -28.733 ] ] ], [ [ [ -67.833, -28.799 ], [ -67.866, -28.799 ], [ -67.866, -28.766 ], [ -67.866, -28.733 ], [ -67.866, -28.699 ], [ -67.833, -28.699 ], [ -67.833, -28.733 ], [ -67.833, -28.766 ], [ -67.833, -28.799 ] ] ], [ [ [ -69.033, -28.733 ], [ -69.033, -28.699 ], [ -68.999, -28.699 ], [ -68.999, -28.666 ], [ -68.966, -28.666 ], [ -68.966, -28.699 ], [ -68.966, -28.733 ], [ -68.966, -28.766 ], [ -68.999, -28.766 ], [ -68.999, -28.733 ], [ -69.033, -28.733 ] ] ], [ [ [ -68.833, -28.699 ], [ -68.833, -28.666 ], [ -68.799, -28.666 ], [ -68.799, -28.699 ], [ -68.833, -28.699 ] ] ], [ [ [ -67.033, -28.699 ], [ -67.066, -28.699 ], [ -67.066, -28.666 ], [ -67.066, -28.633 ], [ -67.033, -28.633 ], [ -67.033, -28.666 ], [ -67.033, -28.699 ] ] ], [ [ [ -67.899, -28.633 ], [ -67.933, -28.633 ], [ -67.933, -28.599 ], [ -67.899, -28.599 ], [ -67.899, -28.633 ] ] ], [ [ [ -68.766, -28.599 ], [ -68.766, -28.633 ], [ -68.799, -28.633 ], [ -68.799, -28.599 ], [ -68.833, -28.599 ], [ -68.833, -28.566 ], [ -68.799, -28.566 ], [ -68.766, -28.566 ], [ -68.766, -28.599 ] ] ], [ [ [ -67.799, -28.633 ], [ -67.833, -28.633 ], [ -67.833, -28.599 ], [ -67.833, -28.566 ], [ -67.799, -28.566 ], [ -67.799, -28.599 ], [ -67.799, -28.633 ] ] ], [ [ [ -68.799, -28.533 ], [ -68.833, -28.533 ], [ -68.833, -28.499 ], [ -68.799, -28.499 ], [ -68.766, -28.499 ], [ -68.766, -28.533 ], [ -68.799, -28.533 ] ] ], [ [ [ -68.699, -28.533 ], [ -68.733, -28.533 ], [ -68.733, -28.499 ], [ -68.733, -28.466 ], [ -68.699, -28.466 ], [ -68.699, -28.499 ], [ -68.699, -28.533 ] ] ], [ [ [ -66.066, -28.499 ], [ -66.099, -28.499 ], [ -66.099, -28.466 ], [ -66.066, -28.466 ], [ -66.033, -28.466 ], [ -65.999, -28.466 ], [ -65.999, -28.499 ], [ -66.033, -28.499 ], [ -66.066, -28.499 ] ] ], [ [ [ -69.033, -28.733 ], [ -69.033, -28.766 ], [ -69.033, -28.799 ], [ -69.033, -28.833 ], [ -69.066, -28.833 ], [ -69.099, -28.833 ], [ -69.099, -28.799 ], [ -69.099, -28.766 ], [ -69.099, -28.733 ], [ -69.133, -28.733 ], [ -69.166, -28.733 ], [ -69.166, -28.766 ], [ -69.166, -28.799 ], [ -69.199, -28.799 ], [ -69.199, -28.833 ], [ -69.233, -28.833 ], [ -69.233, -28.866 ], [ -69.233, -28.899 ], [ -69.266, -28.899 ], [ -69.266, -28.933 ], [ -69.266, -28.966 ], [ -69.299, -28.966 ], [ -69.333, -28.966 ], [ -69.333, -28.999 ], [ -69.366, -28.999 ], [ -69.399, -28.999 ], [ -69.399, -28.966 ], [ -69.366, -28.966 ], [ -69.366, -28.933 ], [ -69.333, -28.933 ], [ -69.333, -28.899 ], [ -69.299, -28.899 ], [ -69.299, -28.866 ], [ -69.266, -28.866 ], [ -69.266, -28.833 ], [ -69.266, -28.799 ], [ -69.266, -28.766 ], [ -69.266, -28.733 ], [ -69.266, -28.699 ], [ -69.299, -28.699 ], [ -69.299, -28.666 ], [ -69.266, -28.666 ], [ -69.266, -28.633 ], [ -69.266, -28.599 ], [ -69.233, -28.599 ], [ -69.233, -28.566 ], [ -69.199, -28.566 ], [ -69.199, -28.533 ], [ -69.166, -28.533 ], [ -69.166, -28.499 ], [ -69.166, -28.466 ], [ -69.133, -28.466 ], [ -69.133, -28.433 ], [ -69.099, -28.433 ], [ -69.066, -28.433 ], [ -69.066, -28.466 ], [ -69.066, -28.499 ], [ -69.066, -28.533 ], [ -69.066, -28.566 ], [ -69.099, -28.566 ], [ -69.099, -28.599 ], [ -69.099, -28.633 ], [ -69.133, -28.633 ], [ -69.133, -28.666 ], [ -69.133, -28.699 ], [ -69.099, -28.699 ], [ -69.066, -28.699 ], [ -69.066, -28.733 ], [ -69.033, -28.733 ] ] ], [ [ [ -69.166, -28.633 ], [ -69.166, -28.599 ], [ -69.199, -28.599 ], [ -69.199, -28.633 ], [ -69.166, -28.633 ] ] ], [ [ [ -68.633, -28.399 ], [ -68.633, -28.433 ], [ -68.666, -28.433 ], [ -68.666, -28.399 ], [ -68.633, -28.399 ] ] ], [ [ [ -69.133, -28.399 ], [ -69.166, -28.399 ], [ -69.166, -28.366 ], [ -69.133, -28.366 ], [ -69.133, -28.399 ] ] ], [ [ [ -68.633, -28.399 ], [ -68.633, -28.366 ], [ -68.599, -28.366 ], [ -68.599, -28.399 ], [ -68.633, -28.399 ] ] ], [ [ [ -69.199, -28.366 ], [ -69.233, -28.366 ], [ -69.233, -28.333 ], [ -69.199, -28.333 ], [ -69.199, -28.366 ] ] ], [ [ [ -68.433, -28.366 ], [ -68.466, -28.366 ], [ -68.466, -28.333 ], [ -68.433, -28.333 ], [ -68.433, -28.366 ] ] ], [ [ [ -68.133, -28.366 ], [ -68.133, -28.399 ], [ -68.166, -28.399 ], [ -68.166, -28.433 ], [ -68.199, -28.433 ], [ -68.199, -28.399 ], [ -68.199, -28.366 ], [ -68.199, -28.333 ], [ -68.166, -28.333 ], [ -68.166, -28.366 ], [ -68.133, -28.366 ] ] ], [ [ [ -68.133, -28.366 ], [ -68.133, -28.333 ], [ -68.133, -28.299 ], [ -68.099, -28.299 ], [ -68.099, -28.333 ], [ -68.099, -28.366 ], [ -68.133, -28.366 ] ] ], [ [ [ -67.833, -28.299 ], [ -67.799, -28.299 ], [ -67.799, -28.333 ], [ -67.799, -28.366 ], [ -67.799, -28.399 ], [ -67.799, -28.433 ], [ -67.799, -28.466 ], [ -67.833, -28.466 ], [ -67.833, -28.433 ], [ -67.833, -28.399 ], [ -67.833, -28.366 ], [ -67.866, -28.366 ], [ -67.866, -28.333 ], [ -67.833, -28.333 ], [ -67.833, -28.299 ] ] ], [ [ [ -68.499, -28.333 ], [ -68.533, -28.333 ], [ -68.533, -28.299 ], [ -68.533, -28.266 ], [ -68.499, -28.266 ], [ -68.499, -28.299 ], [ -68.499, -28.333 ] ] ], [ [ [ -68.133, -28.299 ], [ -68.166, -28.299 ], [ -68.166, -28.266 ], [ -68.133, -28.266 ], [ -68.133, -28.299 ] ] ], [ [ [ -66.033, -28.266 ], [ -65.999, -28.266 ], [ -65.999, -28.299 ], [ -66.033, -28.299 ], [ -66.033, -28.266 ] ] ], [ [ [ -68.066, -28.233 ], [ -68.066, -28.266 ], [ -68.099, -28.266 ], [ -68.099, -28.233 ], [ -68.066, -28.233 ] ] ], [ [ [ -67.899, -28.266 ], [ -67.933, -28.266 ], [ -67.933, -28.233 ], [ -67.899, -28.233 ], [ -67.899, -28.266 ] ] ], [ [ [ -66.033, -28.266 ], [ -66.066, -28.266 ], [ -66.066, -28.233 ], [ -66.033, -28.233 ], [ -66.033, -28.266 ] ] ], [ [ [ -68.066, -28.233 ], [ -68.066, -28.199 ], [ -68.033, -28.199 ], [ -68.033, -28.233 ], [ -68.066, -28.233 ] ] ], [ [ [ -67.833, -28.299 ], [ -67.866, -28.299 ], [ -67.899, -28.299 ], [ -67.899, -28.266 ], [ -67.866, -28.266 ], [ -67.866, -28.233 ], [ -67.866, -28.199 ], [ -67.833, -28.199 ], [ -67.833, -28.233 ], [ -67.833, -28.266 ], [ -67.833, -28.299 ] ] ], [ [ [ -68.366, -28.166 ], [ -68.366, -28.199 ], [ -68.333, -28.199 ], [ -68.333, -28.233 ], [ -68.366, -28.233 ], [ -68.366, -28.266 ], [ -68.399, -28.266 ], [ -68.399, -28.299 ], [ -68.433, -28.299 ], [ -68.433, -28.266 ], [ -68.433, -28.233 ], [ -68.399, -28.233 ], [ -68.399, -28.199 ], [ -68.399, -28.166 ], [ -68.366, -28.166 ] ] ], [ [ [ -66.033, -28.199 ], [ -66.066, -28.199 ], [ -66.066, -28.166 ], [ -66.033, -28.166 ], [ -66.033, -28.199 ] ] ], [ [ [ -65.966, -28.233 ], [ -65.999, -28.233 ], [ -65.999, -28.199 ], [ -65.999, -28.166 ], [ -65.966, -28.166 ], [ -65.966, -28.199 ], [ -65.966, -28.233 ] ] ], [ [ [ -68.266, -28.166 ], [ -68.299, -28.166 ], [ -68.333, -28.166 ], [ -68.333, -28.133 ], [ -68.299, -28.133 ], [ -68.266, -28.133 ], [ -68.266, -28.166 ] ] ], [ [ [ -68.266, -28.166 ], [ -68.233, -28.166 ], [ -68.233, -28.133 ], [ -68.199, -28.133 ], [ -68.166, -28.133 ], [ -68.166, -28.166 ], [ -68.133, -28.166 ], [ -68.133, -28.199 ], [ -68.133, -28.233 ], [ -68.166, -28.233 ], [ -68.166, -28.199 ], [ -68.199, -28.199 ], [ -68.233, -28.199 ], [ -68.266, -28.199 ], [ -68.266, -28.166 ] ] ], [ [ [ -68.533, -28.099 ], [ -68.533, -28.133 ], [ -68.499, -28.133 ], [ -68.499, -28.166 ], [ -68.533, -28.166 ], [ -68.533, -28.199 ], [ -68.566, -28.199 ], [ -68.566, -28.233 ], [ -68.566, -28.266 ], [ -68.566, -28.299 ], [ -68.566, -28.333 ], [ -68.599, -28.333 ], [ -68.599, -28.299 ], [ -68.599, -28.266 ], [ -68.599, -28.233 ], [ -68.599, -28.199 ], [ -68.599, -28.166 ], [ -68.566, -28.166 ], [ -68.566, -28.133 ], [ -68.566, -28.099 ], [ -68.533, -28.099 ] ] ], [ [ [ -68.033, -28.099 ], [ -67.999, -28.099 ], [ -67.966, -28.099 ], [ -67.966, -28.133 ], [ -67.966, -28.166 ], [ -67.999, -28.166 ], [ -68.033, -28.166 ], [ -68.033, -28.133 ], [ -68.033, -28.099 ] ] ], [ [ [ -67.833, -28.133 ], [ -67.866, -28.133 ], [ -67.866, -28.099 ], [ -67.833, -28.099 ], [ -67.833, -28.133 ] ] ], [ [ [ -66.033, -28.099 ], [ -65.999, -28.099 ], [ -65.999, -28.133 ], [ -66.033, -28.133 ], [ -66.033, -28.099 ] ] ], [ [ [ -67.933, -28.033 ], [ -67.933, -28.066 ], [ -67.966, -28.066 ], [ -67.966, -28.033 ], [ -67.933, -28.033 ] ] ], [ [ [ -66.033, -28.099 ], [ -66.066, -28.099 ], [ -66.066, -28.066 ], [ -66.066, -28.033 ], [ -66.033, -28.033 ], [ -66.033, -28.066 ], [ -66.033, -28.099 ] ] ], [ [ [ -67.933, -28.033 ], [ -67.933, -27.999 ], [ -67.899, -27.999 ], [ -67.899, -28.033 ], [ -67.933, -28.033 ] ] ], [ [ [ -68.033, -28.099 ], [ -68.066, -28.099 ], [ -68.066, -28.066 ], [ -68.099, -28.066 ], [ -68.099, -28.033 ], [ -68.133, -28.033 ], [ -68.166, -28.033 ], [ -68.166, -27.999 ], [ -68.199, -27.999 ], [ -68.233, -27.999 ], [ -68.233, -27.966 ], [ -68.199, -27.966 ], [ -68.166, -27.966 ], [ -68.133, -27.966 ], [ -68.133, -27.933 ], [ -68.133, -27.899 ], [ -68.099, -27.899 ], [ -68.099, -27.933 ], [ -68.099, -27.966 ], [ -68.099, -27.999 ], [ -68.066, -27.999 ], [ -68.066, -28.033 ], [ -68.033, -28.033 ], [ -68.033, -28.066 ], [ -68.033, -28.099 ] ] ], [ [ [ -68.133, -27.899 ], [ -68.166, -27.899 ], [ -68.166, -27.866 ], [ -68.166, -27.833 ], [ -68.133, -27.833 ], [ -68.133, -27.866 ], [ -68.133, -27.899 ] ] ], [ [ [ -67.966, -27.866 ], [ -67.999, -27.866 ], [ -67.999, -27.833 ], [ -67.966, -27.833 ], [ -67.966, -27.866 ] ] ], [ [ [ -67.899, -27.866 ], [ -67.933, -27.866 ], [ -67.933, -27.833 ], [ -67.933, -27.799 ], [ -67.899, -27.799 ], [ -67.866, -27.799 ], [ -67.866, -27.833 ], [ -67.899, -27.833 ], [ -67.899, -27.866 ] ] ], [ [ [ -68.099, -27.733 ], [ -68.066, -27.733 ], [ -68.066, -27.699 ], [ -68.033, -27.699 ], [ -68.033, -27.733 ], [ -68.033, -27.766 ], [ -68.066, -27.766 ], [ -68.099, -27.766 ], [ -68.099, -27.733 ] ] ], [ [ [ -68.099, -27.733 ], [ -68.133, -27.733 ], [ -68.133, -27.699 ], [ -68.133, -27.666 ], [ -68.133, -27.633 ], [ -68.099, -27.633 ], [ -68.099, -27.666 ], [ -68.099, -27.699 ], [ -68.099, -27.733 ] ] ], [ [ [ -68.033, -27.699 ], [ -68.033, -27.666 ], [ -68.033, -27.633 ], [ -67.999, -27.633 ], [ -67.966, -27.633 ], [ -67.966, -27.666 ], [ -67.999, -27.666 ], [ -67.999, -27.699 ], [ -68.033, -27.699 ] ] ], [ [ [ -67.433, -27.699 ], [ -67.466, -27.699 ], [ -67.466, -27.666 ], [ -67.466, -27.633 ], [ -67.433, -27.633 ], [ -67.399, -27.633 ], [ -67.399, -27.666 ], [ -67.433, -27.666 ], [ -67.433, -27.699 ] ] ], [ [ [ -68.166, -27.833 ], [ -68.199, -27.833 ], [ -68.199, -27.799 ], [ -68.199, -27.766 ], [ -68.199, -27.733 ], [ -68.199, -27.699 ], [ -68.199, -27.666 ], [ -68.199, -27.633 ], [ -68.199, -27.599 ], [ -68.166, -27.599 ], [ -68.166, -27.633 ], [ -68.166, -27.666 ], [ -68.166, -27.699 ], [ -68.166, -27.733 ], [ -68.166, -27.766 ], [ -68.166, -27.799 ], [ -68.166, -27.833 ] ] ], [ [ [ -67.399, -27.599 ], [ -67.433, -27.599 ], [ -67.433, -27.566 ], [ -67.399, -27.566 ], [ -67.399, -27.599 ] ] ], [ [ [ -67.299, -27.599 ], [ -67.333, -27.599 ], [ -67.333, -27.566 ], [ -67.333, -27.533 ], [ -67.299, -27.533 ], [ -67.266, -27.533 ], [ -67.266, -27.566 ], [ -67.299, -27.566 ], [ -67.299, -27.599 ] ] ], [ [ [ -67.166, -27.499 ], [ -67.199, -27.499 ], [ -67.199, -27.466 ], [ -67.166, -27.466 ], [ -67.166, -27.499 ] ] ], [ [ [ -67.933, -27.533 ], [ -67.966, -27.533 ], [ -67.966, -27.499 ], [ -67.966, -27.466 ], [ -67.966, -27.433 ], [ -67.966, -27.399 ], [ -67.933, -27.399 ], [ -67.933, -27.433 ], [ -67.933, -27.466 ], [ -67.933, -27.499 ], [ -67.933, -27.533 ] ] ], [ [ [ -67.399, -27.533 ], [ -67.433, -27.533 ], [ -67.433, -27.499 ], [ -67.399, -27.499 ], [ -67.399, -27.466 ], [ -67.399, -27.433 ], [ -67.399, -27.399 ], [ -67.366, -27.399 ], [ -67.366, -27.433 ], [ -67.366, -27.466 ], [ -67.366, -27.499 ], [ -67.366, -27.533 ], [ -67.399, -27.533 ] ] ], [ [ [ -66.133, -27.433 ], [ -66.166, -27.433 ], [ -66.166, -27.399 ], [ -66.133, -27.399 ], [ -66.099, -27.399 ], [ -66.099, -27.433 ], [ -66.133, -27.433 ] ] ], [ [ [ -67.133, -27.399 ], [ -67.133, -27.433 ], [ -67.166, -27.433 ], [ -67.166, -27.399 ], [ -67.199, -27.399 ], [ -67.233, -27.399 ], [ -67.233, -27.366 ], [ -67.199, -27.366 ], [ -67.166, -27.366 ], [ -67.133, -27.366 ], [ -67.133, -27.399 ] ] ], [ [ [ -66.433, -27.366 ], [ -66.433, -27.399 ], [ -66.466, -27.399 ], [ -66.466, -27.366 ], [ -66.433, -27.366 ] ] ], [ [ [ -66.266, -27.399 ], [ -66.299, -27.399 ], [ -66.299, -27.366 ], [ -66.266, -27.366 ], [ -66.266, -27.399 ] ] ], [ [ [ -67.933, -27.366 ], [ -67.966, -27.366 ], [ -67.966, -27.333 ], [ -67.933, -27.333 ], [ -67.933, -27.366 ] ] ], [ [ [ -66.433, -27.366 ], [ -66.433, -27.333 ], [ -66.399, -27.333 ], [ -66.399, -27.366 ], [ -66.433, -27.366 ] ] ], [ [ [ -67.166, -27.333 ], [ -67.199, -27.333 ], [ -67.199, -27.299 ], [ -67.166, -27.299 ], [ -67.166, -27.333 ] ] ], [ [ [ -66.266, -27.299 ], [ -66.266, -27.333 ], [ -66.299, -27.333 ], [ -66.299, -27.299 ], [ -66.266, -27.299 ] ] ], [ [ [ -66.066, -27.333 ], [ -66.099, -27.333 ], [ -66.099, -27.299 ], [ -66.066, -27.299 ], [ -66.066, -27.333 ] ] ], [ [ [ -68.166, -27.599 ], [ -68.166, -27.566 ], [ -68.166, -27.533 ], [ -68.166, -27.499 ], [ -68.166, -27.466 ], [ -68.166, -27.433 ], [ -68.199, -27.433 ], [ -68.199, -27.399 ], [ -68.199, -27.366 ], [ -68.199, -27.333 ], [ -68.166, -27.333 ], [ -68.166, -27.299 ], [ -68.133, -27.299 ], [ -68.133, -27.266 ], [ -68.099, -27.266 ], [ -68.099, -27.299 ], [ -68.099, -27.333 ], [ -68.099, -27.366 ], [ -68.133, -27.366 ], [ -68.133, -27.399 ], [ -68.099, -27.399 ], [ -68.099, -27.433 ], [ -68.099, -27.466 ], [ -68.099, -27.499 ], [ -68.099, -27.533 ], [ -68.099, -27.566 ], [ -68.133, -27.566 ], [ -68.133, -27.599 ], [ -68.166, -27.599 ] ] ], [ [ [ -67.333, -27.266 ], [ -67.333, -27.299 ], [ -67.333, -27.333 ], [ -67.333, -27.366 ], [ -67.366, -27.366 ], [ -67.366, -27.333 ], [ -67.366, -27.299 ], [ -67.399, -27.299 ], [ -67.399, -27.266 ], [ -67.366, -27.266 ], [ -67.333, -27.266 ] ] ], [ [ [ -66.266, -27.299 ], [ -66.266, -27.266 ], [ -66.233, -27.266 ], [ -66.233, -27.299 ], [ -66.266, -27.299 ] ] ], [ [ [ -67.899, -27.266 ], [ -67.933, -27.266 ], [ -67.933, -27.233 ], [ -67.899, -27.233 ], [ -67.899, -27.266 ] ] ], [ [ [ -65.999, -27.266 ], [ -66.033, -27.266 ], [ -66.033, -27.233 ], [ -65.999, -27.233 ], [ -65.999, -27.266 ] ] ], [ [ [ -66.133, -27.166 ], [ -66.133, -27.199 ], [ -66.166, -27.199 ], [ -66.166, -27.166 ], [ -66.133, -27.166 ] ] ], [ [ [ -65.966, -27.199 ], [ -65.999, -27.199 ], [ -65.999, -27.166 ], [ -65.966, -27.166 ], [ -65.966, -27.199 ] ] ], [ [ [ -67.399, -27.166 ], [ -67.433, -27.166 ], [ -67.433, -27.133 ], [ -67.399, -27.133 ], [ -67.366, -27.133 ], [ -67.366, -27.166 ], [ -67.399, -27.166 ] ] ], [ [ [ -67.333, -27.266 ], [ -67.333, -27.233 ], [ -67.333, -27.199 ], [ -67.333, -27.166 ], [ -67.333, -27.133 ], [ -67.299, -27.133 ], [ -67.299, -27.166 ], [ -67.299, -27.199 ], [ -67.299, -27.233 ], [ -67.299, -27.266 ], [ -67.333, -27.266 ] ] ], [ [ [ -66.133, -27.166 ], [ -66.133, -27.133 ], [ -66.099, -27.133 ], [ -66.099, -27.166 ], [ -66.133, -27.166 ] ] ], [ [ [ -67.533, -27.133 ], [ -67.566, -27.133 ], [ -67.566, -27.099 ], [ -67.533, -27.099 ], [ -67.533, -27.133 ] ] ], [ [ [ -67.466, -27.133 ], [ -67.499, -27.133 ], [ -67.499, -27.099 ], [ -67.466, -27.099 ], [ -67.466, -27.133 ] ] ], [ [ [ -67.133, -27.233 ], [ -67.166, -27.233 ], [ -67.166, -27.199 ], [ -67.166, -27.166 ], [ -67.133, -27.166 ], [ -67.133, -27.133 ], [ -67.099, -27.133 ], [ -67.099, -27.099 ], [ -67.066, -27.099 ], [ -67.066, -27.066 ], [ -67.033, -27.066 ], [ -67.033, -27.099 ], [ -67.033, -27.133 ], [ -67.066, -27.133 ], [ -67.066, -27.166 ], [ -67.099, -27.166 ], [ -67.099, -27.199 ], [ -67.133, -27.199 ], [ -67.133, -27.233 ] ] ], [ [ [ -66.066, -27.066 ], [ -66.066, -27.099 ], [ -66.099, -27.099 ], [ -66.099, -27.066 ], [ -66.066, -27.066 ] ] ], [ [ [ -65.899, -27.099 ], [ -65.933, -27.099 ], [ -65.933, -27.066 ], [ -65.899, -27.066 ], [ -65.899, -27.099 ] ] ], [ [ [ -66.066, -27.066 ], [ -66.066, -27.033 ], [ -66.033, -27.033 ], [ -66.033, -27.066 ], [ -66.066, -27.066 ] ] ], [ [ [ -67.899, -26.999 ], [ -67.899, -27.033 ], [ -67.899, -27.066 ], [ -67.899, -27.099 ], [ -67.933, -27.099 ], [ -67.933, -27.066 ], [ -67.933, -27.033 ], [ -67.933, -26.999 ], [ -67.899, -26.999 ] ] ], [ [ [ -66.999, -26.999 ], [ -66.999, -27.033 ], [ -67.033, -27.033 ], [ -67.033, -26.999 ], [ -66.999, -26.999 ] ] ], [ [ [ -66.999, -26.999 ], [ -66.999, -26.966 ], [ -66.966, -26.966 ], [ -66.966, -26.999 ], [ -66.999, -26.999 ] ] ], [ [ [ -65.833, -26.999 ], [ -65.866, -26.999 ], [ -65.866, -26.966 ], [ -65.833, -26.966 ], [ -65.833, -26.999 ] ] ], [ [ [ -67.899, -26.999 ], [ -67.899, -26.966 ], [ -67.899, -26.933 ], [ -67.866, -26.933 ], [ -67.833, -26.933 ], [ -67.833, -26.966 ], [ -67.866, -26.966 ], [ -67.866, -26.999 ], [ -67.899, -26.999 ] ] ], [ [ [ -65.966, -26.999 ], [ -65.999, -26.999 ], [ -65.999, -26.966 ], [ -65.999, -26.933 ], [ -65.966, -26.933 ], [ -65.966, -26.966 ], [ -65.966, -26.999 ] ] ], [ [ [ -67.833, -26.933 ], [ -67.833, -26.899 ], [ -67.799, -26.899 ], [ -67.799, -26.933 ], [ -67.833, -26.933 ] ] ], [ [ [ -66.966, -26.933 ], [ -66.999, -26.933 ], [ -66.999, -26.899 ], [ -66.966, -26.899 ], [ -66.933, -26.899 ], [ -66.933, -26.933 ], [ -66.966, -26.933 ] ] ], [ [ [ -66.766, -26.933 ], [ -66.799, -26.933 ], [ -66.799, -26.899 ], [ -66.766, -26.899 ], [ -66.766, -26.933 ] ] ], [ [ [ -67.799, -26.899 ], [ -67.799, -26.866 ], [ -67.766, -26.866 ], [ -67.733, -26.866 ], [ -67.733, -26.899 ], [ -67.699, -26.899 ], [ -67.666, -26.899 ], [ -67.633, -26.899 ], [ -67.633, -26.933 ], [ -67.633, -26.966 ], [ -67.599, -26.966 ], [ -67.599, -26.999 ], [ -67.599, -27.033 ], [ -67.633, -27.033 ], [ -67.633, -26.999 ], [ -67.666, -26.999 ], [ -67.666, -26.966 ], [ -67.666, -26.933 ], [ -67.699, -26.933 ], [ -67.733, -26.933 ], [ -67.766, -26.933 ], [ -67.766, -26.899 ], [ -67.799, -26.899 ] ] ], [ [ [ -66.799, -26.833 ], [ -66.766, -26.833 ], [ -66.766, -26.866 ], [ -66.799, -26.866 ], [ -66.799, -26.833 ] ] ], [ [ [ -66.733, -26.833 ], [ -66.699, -26.833 ], [ -66.699, -26.866 ], [ -66.733, -26.866 ], [ -66.733, -26.833 ] ] ], [ [ [ -66.566, -26.899 ], [ -66.566, -26.933 ], [ -66.566, -26.966 ], [ -66.599, -26.966 ], [ -66.599, -26.933 ], [ -66.599, -26.899 ], [ -66.633, -26.899 ], [ -66.633, -26.866 ], [ -66.599, -26.866 ], [ -66.599, -26.833 ], [ -66.566, -26.833 ], [ -66.566, -26.866 ], [ -66.566, -26.899 ] ] ], [ [ [ -65.933, -26.866 ], [ -65.966, -26.866 ], [ -65.966, -26.833 ], [ -65.933, -26.833 ], [ -65.933, -26.866 ] ] ], [ [ [ -66.966, -26.799 ], [ -66.966, -26.833 ], [ -66.933, -26.833 ], [ -66.933, -26.866 ], [ -66.966, -26.866 ], [ -66.999, -26.866 ], [ -67.033, -26.866 ], [ -67.033, -26.833 ], [ -66.999, -26.833 ], [ -66.999, -26.799 ], [ -66.966, -26.799 ] ] ], [ [ [ -66.799, -26.833 ], [ -66.833, -26.833 ], [ -66.833, -26.799 ], [ -66.799, -26.799 ], [ -66.799, -26.833 ] ] ], [ [ [ -66.733, -26.833 ], [ -66.766, -26.833 ], [ -66.766, -26.799 ], [ -66.733, -26.799 ], [ -66.733, -26.833 ] ] ], [ [ [ -66.833, -26.799 ], [ -66.866, -26.799 ], [ -66.899, -26.799 ], [ -66.899, -26.766 ], [ -66.866, -26.766 ], [ -66.833, -26.766 ], [ -66.833, -26.799 ] ] ], [ [ [ -66.533, -26.766 ], [ -66.533, -26.799 ], [ -66.566, -26.799 ], [ -66.566, -26.766 ], [ -66.533, -26.766 ] ] ], [ [ [ -65.833, -26.766 ], [ -65.799, -26.766 ], [ -65.766, -26.766 ], [ -65.766, -26.799 ], [ -65.799, -26.799 ], [ -65.833, -26.799 ], [ -65.833, -26.766 ] ] ], [ [ [ -67.133, -26.766 ], [ -67.133, -26.799 ], [ -67.166, -26.799 ], [ -67.166, -26.766 ], [ -67.199, -26.766 ], [ -67.233, -26.766 ], [ -67.233, -26.733 ], [ -67.199, -26.733 ], [ -67.166, -26.733 ], [ -67.133, -26.733 ], [ -67.133, -26.766 ] ] ], [ [ [ -66.533, -26.766 ], [ -66.533, -26.733 ], [ -66.499, -26.733 ], [ -66.499, -26.766 ], [ -66.533, -26.766 ] ] ], [ [ [ -65.833, -26.766 ], [ -65.866, -26.766 ], [ -65.866, -26.733 ], [ -65.833, -26.733 ], [ -65.833, -26.766 ] ] ], [ [ [ -65.666, -26.799 ], [ -65.699, -26.799 ], [ -65.699, -26.766 ], [ -65.699, -26.733 ], [ -65.666, -26.733 ], [ -65.666, -26.766 ], [ -65.666, -26.799 ] ] ], [ [ [ -66.799, -26.733 ], [ -66.833, -26.733 ], [ -66.833, -26.699 ], [ -66.799, -26.699 ], [ -66.799, -26.733 ] ] ], [ [ [ -66.733, -26.799 ], [ -66.733, -26.766 ], [ -66.766, -26.766 ], [ -66.766, -26.799 ], [ -66.799, -26.799 ], [ -66.799, -26.766 ], [ -66.799, -26.733 ], [ -66.766, -26.733 ], [ -66.733, -26.733 ], [ -66.733, -26.699 ], [ -66.699, -26.699 ], [ -66.699, -26.733 ], [ -66.699, -26.766 ], [ -66.699, -26.799 ], [ -66.733, -26.799 ] ] ], [ [ [ -65.733, -26.733 ], [ -65.766, -26.733 ], [ -65.766, -26.699 ], [ -65.733, -26.699 ], [ -65.733, -26.733 ] ] ], [ [ [ -66.899, -26.766 ], [ -66.933, -26.766 ], [ -66.966, -26.766 ], [ -66.966, -26.733 ], [ -66.999, -26.733 ], [ -66.999, -26.699 ], [ -66.999, -26.666 ], [ -66.999, -26.633 ], [ -66.966, -26.633 ], [ -66.966, -26.666 ], [ -66.966, -26.699 ], [ -66.933, -26.699 ], [ -66.933, -26.733 ], [ -66.899, -26.733 ], [ -66.899, -26.766 ] ] ], [ [ [ -66.466, -26.699 ], [ -66.499, -26.699 ], [ -66.499, -26.666 ], [ -66.499, -26.633 ], [ -66.466, -26.633 ], [ -66.433, -26.633 ], [ -66.433, -26.666 ], [ -66.466, -26.666 ], [ -66.466, -26.699 ] ] ], [ [ [ -65.766, -26.666 ], [ -65.799, -26.666 ], [ -65.799, -26.633 ], [ -65.766, -26.633 ], [ -65.766, -26.666 ] ] ], [ [ [ -65.666, -26.699 ], [ -65.699, -26.699 ], [ -65.699, -26.666 ], [ -65.699, -26.633 ], [ -65.666, -26.633 ], [ -65.666, -26.666 ], [ -65.666, -26.699 ] ] ], [ [ [ -67.433, -26.666 ], [ -67.433, -26.699 ], [ -67.466, -26.699 ], [ -67.499, -26.699 ], [ -67.533, -26.699 ], [ -67.566, -26.699 ], [ -67.599, -26.699 ], [ -67.633, -26.699 ], [ -67.633, -26.666 ], [ -67.666, -26.666 ], [ -67.666, -26.633 ], [ -67.633, -26.633 ], [ -67.633, -26.599 ], [ -67.599, -26.599 ], [ -67.599, -26.633 ], [ -67.566, -26.633 ], [ -67.566, -26.666 ], [ -67.533, -26.666 ], [ -67.499, -26.666 ], [ -67.466, -26.666 ], [ -67.433, -26.666 ] ] ], [ [ [ -66.733, -26.599 ], [ -66.766, -26.599 ], [ -66.766, -26.566 ], [ -66.733, -26.566 ], [ -66.733, -26.599 ] ] ], [ [ [ -66.399, -26.599 ], [ -66.433, -26.599 ], [ -66.433, -26.566 ], [ -66.399, -26.566 ], [ -66.399, -26.599 ] ] ], [ [ [ -66.166, -26.566 ], [ -66.166, -26.599 ], [ -66.166, -26.633 ], [ -66.199, -26.633 ], [ -66.199, -26.599 ], [ -66.199, -26.566 ], [ -66.166, -26.566 ] ] ], [ [ [ -65.666, -26.599 ], [ -65.699, -26.599 ], [ -65.699, -26.566 ], [ -65.666, -26.566 ], [ -65.666, -26.599 ] ] ], [ [ [ -66.166, -26.566 ], [ -66.166, -26.533 ], [ -66.133, -26.533 ], [ -66.133, -26.566 ], [ -66.166, -26.566 ] ] ], [ [ [ -65.766, -26.566 ], [ -65.799, -26.566 ], [ -65.799, -26.533 ], [ -65.766, -26.533 ], [ -65.766, -26.566 ] ] ], [ [ [ -68.066, -26.533 ], [ -68.099, -26.533 ], [ -68.099, -26.499 ], [ -68.066, -26.499 ], [ -68.066, -26.533 ] ] ], [ [ [ -66.366, -26.533 ], [ -66.399, -26.533 ], [ -66.399, -26.499 ], [ -66.366, -26.499 ], [ -66.366, -26.533 ] ] ], [ [ [ -67.666, -26.533 ], [ -67.666, -26.499 ], [ -67.666, -26.466 ], [ -67.633, -26.466 ], [ -67.599, -26.466 ], [ -67.599, -26.499 ], [ -67.599, -26.533 ], [ -67.633, -26.533 ], [ -67.666, -26.533 ] ] ], [ [ [ -66.299, -26.499 ], [ -66.333, -26.499 ], [ -66.333, -26.466 ], [ -66.299, -26.466 ], [ -66.299, -26.499 ] ] ], [ [ [ -66.199, -26.533 ], [ -66.233, -26.533 ], [ -66.233, -26.499 ], [ -66.233, -26.466 ], [ -66.199, -26.466 ], [ -66.199, -26.499 ], [ -66.199, -26.533 ] ] ], [ [ [ -66.133, -26.499 ], [ -66.166, -26.499 ], [ -66.166, -26.466 ], [ -66.133, -26.466 ], [ -66.133, -26.499 ] ] ], [ [ [ -65.699, -26.466 ], [ -65.666, -26.466 ], [ -65.666, -26.499 ], [ -65.699, -26.499 ], [ -65.699, -26.466 ] ] ], [ [ [ -66.933, -26.499 ], [ -66.966, -26.499 ], [ -66.966, -26.466 ], [ -66.966, -26.433 ], [ -66.933, -26.433 ], [ -66.899, -26.433 ], [ -66.899, -26.466 ], [ -66.933, -26.466 ], [ -66.933, -26.499 ] ] ], [ [ [ -66.833, -26.466 ], [ -66.866, -26.466 ], [ -66.866, -26.433 ], [ -66.833, -26.433 ], [ -66.833, -26.466 ] ] ], [ [ [ -66.633, -26.433 ], [ -66.633, -26.466 ], [ -66.599, -26.466 ], [ -66.599, -26.499 ], [ -66.633, -26.499 ], [ -66.633, -26.533 ], [ -66.666, -26.533 ], [ -66.666, -26.566 ], [ -66.699, -26.566 ], [ -66.699, -26.533 ], [ -66.733, -26.533 ], [ -66.733, -26.499 ], [ -66.766, -26.499 ], [ -66.766, -26.466 ], [ -66.733, -26.466 ], [ -66.699, -26.466 ], [ -66.666, -26.466 ], [ -66.666, -26.433 ], [ -66.633, -26.433 ] ] ], [ [ [ -67.433, -26.666 ], [ -67.433, -26.633 ], [ -67.399, -26.633 ], [ -67.366, -26.633 ], [ -67.333, -26.633 ], [ -67.333, -26.599 ], [ -67.299, -26.599 ], [ -67.266, -26.599 ], [ -67.266, -26.566 ], [ -67.266, -26.533 ], [ -67.233, -26.533 ], [ -67.233, -26.499 ], [ -67.233, -26.466 ], [ -67.266, -26.466 ], [ -67.299, -26.466 ], [ -67.299, -26.433 ], [ -67.266, -26.433 ], [ -67.233, -26.433 ], [ -67.233, -26.399 ], [ -67.199, -26.399 ], [ -67.166, -26.399 ], [ -67.166, -26.433 ], [ -67.166, -26.466 ], [ -67.199, -26.466 ], [ -67.199, -26.499 ], [ -67.199, -26.533 ], [ -67.199, -26.566 ], [ -67.199, -26.599 ], [ -67.233, -26.599 ], [ -67.233, -26.633 ], [ -67.266, -26.633 ], [ -67.266, -26.666 ], [ -67.299, -26.666 ], [ -67.333, -26.666 ], [ -67.366, -26.666 ], [ -67.399, -26.666 ], [ -67.433, -26.666 ] ] ], [ [ [ -66.299, -26.399 ], [ -66.299, -26.433 ], [ -66.333, -26.433 ], [ -66.333, -26.399 ], [ -66.299, -26.399 ] ] ], [ [ [ -66.199, -26.433 ], [ -66.233, -26.433 ], [ -66.233, -26.399 ], [ -66.199, -26.399 ], [ -66.199, -26.433 ] ] ], [ [ [ -68.033, -26.399 ], [ -68.033, -26.433 ], [ -68.066, -26.433 ], [ -68.066, -26.466 ], [ -68.099, -26.466 ], [ -68.099, -26.433 ], [ -68.099, -26.399 ], [ -68.099, -26.366 ], [ -68.066, -26.366 ], [ -68.066, -26.399 ], [ -68.033, -26.399 ] ] ], [ [ [ -68.033, -26.399 ], [ -68.033, -26.366 ], [ -67.999, -26.366 ], [ -67.999, -26.399 ], [ -68.033, -26.399 ] ] ], [ [ [ -66.299, -26.399 ], [ -66.299, -26.366 ], [ -66.266, -26.366 ], [ -66.266, -26.399 ], [ -66.299, -26.399 ] ] ], [ [ [ -65.699, -26.466 ], [ -65.733, -26.466 ], [ -65.733, -26.499 ], [ -65.766, -26.499 ], [ -65.766, -26.466 ], [ -65.766, -26.433 ], [ -65.733, -26.433 ], [ -65.733, -26.399 ], [ -65.733, -26.366 ], [ -65.699, -26.366 ], [ -65.699, -26.399 ], [ -65.699, -26.433 ], [ -65.699, -26.466 ] ] ], [ [ [ -67.999, -26.366 ], [ -67.999, -26.333 ], [ -67.966, -26.333 ], [ -67.966, -26.366 ], [ -67.999, -26.366 ] ] ], [ [ [ -67.666, -26.533 ], [ -67.666, -26.566 ], [ -67.699, -26.566 ], [ -67.733, -26.566 ], [ -67.733, -26.533 ], [ -67.733, -26.499 ], [ -67.733, -26.466 ], [ -67.733, -26.433 ], [ -67.733, -26.399 ], [ -67.733, -26.366 ], [ -67.733, -26.333 ], [ -67.699, -26.333 ], [ -67.699, -26.366 ], [ -67.699, -26.399 ], [ -67.699, -26.433 ], [ -67.699, -26.466 ], [ -67.699, -26.499 ], [ -67.699, -26.533 ], [ -67.666, -26.533 ] ] ], [ [ [ -66.266, -26.366 ], [ -66.266, -26.333 ], [ -66.233, -26.333 ], [ -66.233, -26.366 ], [ -66.266, -26.366 ] ] ], [ [ [ -66.066, -26.399 ], [ -66.099, -26.399 ], [ -66.099, -26.366 ], [ -66.099, -26.333 ], [ -66.066, -26.333 ], [ -66.066, -26.366 ], [ -66.066, -26.399 ] ] ], [ [ [ -67.966, -26.333 ], [ -67.966, -26.299 ], [ -67.933, -26.299 ], [ -67.933, -26.333 ], [ -67.966, -26.333 ] ] ], [ [ [ -66.199, -26.299 ], [ -66.166, -26.299 ], [ -66.166, -26.333 ], [ -66.166, -26.366 ], [ -66.199, -26.366 ], [ -66.199, -26.333 ], [ -66.199, -26.299 ] ] ], [ [ [ -66.199, -26.299 ], [ -66.233, -26.299 ], [ -66.233, -26.266 ], [ -66.199, -26.266 ], [ -66.199, -26.299 ] ] ], [ [ [ -66.066, -26.299 ], [ -66.099, -26.299 ], [ -66.099, -26.266 ], [ -66.066, -26.266 ], [ -66.066, -26.299 ] ] ], [ [ [ -67.666, -26.233 ], [ -67.666, -26.266 ], [ -67.666, -26.299 ], [ -67.699, -26.299 ], [ -67.699, -26.266 ], [ -67.699, -26.233 ], [ -67.666, -26.233 ] ] ], [ [ [ -68.066, -26.199 ], [ -68.066, -26.233 ], [ -68.066, -26.266 ], [ -68.066, -26.299 ], [ -68.066, -26.333 ], [ -68.099, -26.333 ], [ -68.099, -26.299 ], [ -68.099, -26.266 ], [ -68.099, -26.233 ], [ -68.099, -26.199 ], [ -68.066, -26.199 ] ] ], [ [ [ -67.833, -26.233 ], [ -67.866, -26.233 ], [ -67.866, -26.199 ], [ -67.833, -26.199 ], [ -67.799, -26.199 ], [ -67.799, -26.233 ], [ -67.833, -26.233 ] ] ], [ [ [ -66.166, -26.299 ], [ -66.166, -26.266 ], [ -66.199, -26.266 ], [ -66.199, -26.233 ], [ -66.199, -26.199 ], [ -66.166, -26.199 ], [ -66.133, -26.199 ], [ -66.133, -26.233 ], [ -66.133, -26.266 ], [ -66.133, -26.299 ], [ -66.166, -26.299 ] ] ], [ [ [ -67.899, -26.233 ], [ -67.933, -26.233 ], [ -67.933, -26.199 ], [ -67.933, -26.166 ], [ -67.899, -26.166 ], [ -67.899, -26.199 ], [ -67.899, -26.233 ] ] ], [ [ [ -67.666, -26.233 ], [ -67.666, -26.199 ], [ -67.666, -26.166 ], [ -67.633, -26.166 ], [ -67.633, -26.199 ], [ -67.633, -26.233 ], [ -67.666, -26.233 ] ] ], [ [ [ -68.066, -26.199 ], [ -68.066, -26.166 ], [ -68.066, -26.133 ], [ -68.033, -26.133 ], [ -68.033, -26.166 ], [ -68.033, -26.199 ], [ -68.066, -26.199 ] ] ], [ [ [ -65.666, -26.199 ], [ -65.699, -26.199 ], [ -65.699, -26.166 ], [ -65.699, -26.133 ], [ -65.666, -26.133 ], [ -65.666, -26.166 ], [ -65.666, -26.199 ] ] ], [ [ [ -68.033, -26.133 ], [ -68.033, -26.099 ], [ -67.999, -26.099 ], [ -67.999, -26.133 ], [ -68.033, -26.133 ] ] ], [ [ [ -67.599, -26.099 ], [ -67.599, -26.133 ], [ -67.633, -26.133 ], [ -67.633, -26.099 ], [ -67.599, -26.099 ] ] ], [ [ [ -66.499, -26.099 ], [ -66.499, -26.133 ], [ -66.533, -26.133 ], [ -66.533, -26.099 ], [ -66.499, -26.099 ] ] ], [ [ [ -66.099, -26.099 ], [ -66.066, -26.099 ], [ -66.066, -26.133 ], [ -66.066, -26.166 ], [ -66.099, -26.166 ], [ -66.099, -26.133 ], [ -66.099, -26.099 ] ] ], [ [ [ -67.866, -26.033 ], [ -67.866, -26.066 ], [ -67.899, -26.066 ], [ -67.899, -26.033 ], [ -67.866, -26.033 ] ] ], [ [ [ -66.233, -26.066 ], [ -66.266, -26.066 ], [ -66.266, -26.033 ], [ -66.233, -26.033 ], [ -66.199, -26.033 ], [ -66.199, -26.066 ], [ -66.233, -26.066 ] ] ], [ [ [ -66.099, -26.099 ], [ -66.133, -26.099 ], [ -66.133, -26.066 ], [ -66.133, -26.033 ], [ -66.099, -26.033 ], [ -66.099, -26.066 ], [ -66.099, -26.099 ] ] ], [ [ [ -67.866, -26.033 ], [ -67.866, -25.999 ], [ -67.833, -25.999 ], [ -67.833, -26.033 ], [ -67.866, -26.033 ] ] ], [ [ [ -66.499, -26.099 ], [ -66.499, -26.066 ], [ -66.533, -26.066 ], [ -66.533, -26.033 ], [ -66.499, -26.033 ], [ -66.466, -26.033 ], [ -66.466, -25.999 ], [ -66.433, -25.999 ], [ -66.433, -26.033 ], [ -66.433, -26.066 ], [ -66.399, -26.066 ], [ -66.366, -26.066 ], [ -66.366, -26.033 ], [ -66.333, -26.033 ], [ -66.333, -26.066 ], [ -66.299, -26.066 ], [ -66.299, -26.099 ], [ -66.266, -26.099 ], [ -66.266, -26.133 ], [ -66.299, -26.133 ], [ -66.299, -26.166 ], [ -66.333, -26.166 ], [ -66.333, -26.133 ], [ -66.366, -26.133 ], [ -66.399, -26.133 ], [ -66.433, -26.133 ], [ -66.466, -26.133 ], [ -66.466, -26.099 ], [ -66.499, -26.099 ] ] ], [ [ [ -67.799, -25.933 ], [ -67.799, -25.966 ], [ -67.833, -25.966 ], [ -67.833, -25.933 ], [ -67.799, -25.933 ] ] ], [ [ [ -66.433, -25.933 ], [ -66.399, -25.933 ], [ -66.399, -25.966 ], [ -66.433, -25.966 ], [ -66.433, -25.933 ] ] ], [ [ [ -66.166, -25.933 ], [ -66.133, -25.933 ], [ -66.133, -25.966 ], [ -66.166, -25.966 ], [ -66.166, -25.933 ] ] ], [ [ [ -68.099, -25.866 ], [ -68.066, -25.866 ], [ -68.066, -25.899 ], [ -68.099, -25.899 ], [ -68.099, -25.866 ] ] ], [ [ [ -67.933, -25.866 ], [ -67.933, -25.899 ], [ -67.933, -25.933 ], [ -67.966, -25.933 ], [ -67.999, -25.933 ], [ -67.999, -25.966 ], [ -67.966, -25.966 ], [ -67.966, -25.999 ], [ -67.966, -26.033 ], [ -67.999, -26.033 ], [ -67.999, -26.066 ], [ -68.033, -26.066 ], [ -68.033, -26.033 ], [ -68.033, -25.999 ], [ -68.033, -25.966 ], [ -68.066, -25.966 ], [ -68.066, -25.933 ], [ -68.033, -25.933 ], [ -68.033, -25.899 ], [ -68.033, -25.866 ], [ -67.999, -25.866 ], [ -67.999, -25.899 ], [ -67.966, -25.899 ], [ -67.966, -25.866 ], [ -67.933, -25.866 ] ] ], [ [ [ -66.433, -25.933 ], [ -66.466, -25.933 ], [ -66.499, -25.933 ], [ -66.499, -25.899 ], [ -66.466, -25.899 ], [ -66.466, -25.866 ], [ -66.433, -25.866 ], [ -66.433, -25.899 ], [ -66.433, -25.933 ] ] ], [ [ [ -66.166, -25.933 ], [ -66.199, -25.933 ], [ -66.199, -25.966 ], [ -66.199, -25.999 ], [ -66.233, -25.999 ], [ -66.233, -25.966 ], [ -66.233, -25.933 ], [ -66.233, -25.899 ], [ -66.233, -25.866 ], [ -66.199, -25.866 ], [ -66.199, -25.899 ], [ -66.166, -25.899 ], [ -66.166, -25.933 ] ] ], [ [ [ -67.933, -25.866 ], [ -67.933, -25.833 ], [ -67.899, -25.833 ], [ -67.899, -25.866 ], [ -67.933, -25.866 ] ] ], [ [ [ -67.599, -26.099 ], [ -67.599, -26.066 ], [ -67.599, -26.033 ], [ -67.566, -26.033 ], [ -67.566, -25.999 ], [ -67.533, -25.999 ], [ -67.533, -25.966 ], [ -67.499, -25.966 ], [ -67.499, -25.933 ], [ -67.499, -25.899 ], [ -67.499, -25.866 ], [ -67.466, -25.866 ], [ -67.433, -25.866 ], [ -67.433, -25.833 ], [ -67.399, -25.833 ], [ -67.366, -25.833 ], [ -67.366, -25.866 ], [ -67.366, -25.899 ], [ -67.333, -25.899 ], [ -67.333, -25.933 ], [ -67.333, -25.966 ], [ -67.299, -25.966 ], [ -67.299, -25.999 ], [ -67.299, -26.033 ], [ -67.299, -26.066 ], [ -67.299, -26.099 ], [ -67.299, -26.133 ], [ -67.299, -26.166 ], [ -67.266, -26.166 ], [ -67.233, -26.166 ], [ -67.233, -26.199 ], [ -67.233, -26.233 ], [ -67.199, -26.233 ], [ -67.199, -26.266 ], [ -67.233, -26.266 ], [ -67.233, -26.299 ], [ -67.233, -26.333 ], [ -67.233, -26.366 ], [ -67.266, -26.366 ], [ -67.266, -26.333 ], [ -67.266, -26.299 ], [ -67.266, -26.266 ], [ -67.266, -26.233 ], [ -67.299, -26.233 ], [ -67.299, -26.199 ], [ -67.333, -26.199 ], [ -67.333, -26.166 ], [ -67.333, -26.133 ], [ -67.333, -26.099 ], [ -67.366, -26.099 ], [ -67.366, -26.066 ], [ -67.333, -26.066 ], [ -67.333, -26.033 ], [ -67.366, -26.033 ], [ -67.366, -25.999 ], [ -67.366, -25.966 ], [ -67.399, -25.966 ], [ -67.399, -25.999 ], [ -67.433, -25.999 ], [ -67.433, -25.966 ], [ -67.433, -25.933 ], [ -67.466, -25.933 ], [ -67.466, -25.966 ], [ -67.466, -25.999 ], [ -67.499, -25.999 ], [ -67.499, -26.033 ], [ -67.499, -26.066 ], [ -67.499, -26.099 ], [ -67.499, -26.133 ], [ -67.533, -26.133 ], [ -67.533, -26.166 ], [ -67.533, -26.199 ], [ -67.533, -26.233 ], [ -67.533, -26.266 ], [ -67.566, -26.266 ], [ -67.566, -26.299 ], [ -67.566, -26.333 ], [ -67.566, -26.366 ], [ -67.599, -26.366 ], [ -67.599, -26.399 ], [ -67.599, -26.433 ], [ -67.633, -26.433 ], [ -67.633, -26.399 ], [ -67.633, -26.366 ], [ -67.633, -26.333 ], [ -67.599, -26.333 ], [ -67.599, -26.299 ], [ -67.599, -26.266 ], [ -67.599, -26.233 ], [ -67.599, -26.199 ], [ -67.599, -26.166 ], [ -67.566, -26.166 ], [ -67.566, -26.133 ], [ -67.566, -26.099 ], [ -67.599, -26.099 ] ] ], [ [ [ -66.466, -25.833 ], [ -66.499, -25.833 ], [ -66.499, -25.799 ], [ -66.466, -25.799 ], [ -66.433, -25.799 ], [ -66.433, -25.833 ], [ -66.466, -25.833 ] ] ], [ [ [ -67.866, -25.766 ], [ -67.866, -25.799 ], [ -67.899, -25.799 ], [ -67.899, -25.766 ], [ -67.866, -25.766 ] ] ], [ [ [ -67.666, -25.933 ], [ -67.666, -25.899 ], [ -67.699, -25.899 ], [ -67.699, -25.933 ], [ -67.666, -25.933 ], [ -67.666, -25.966 ], [ -67.666, -25.999 ], [ -67.699, -25.999 ], [ -67.733, -25.999 ], [ -67.733, -26.033 ], [ -67.766, -26.033 ], [ -67.766, -25.999 ], [ -67.766, -25.966 ], [ -67.766, -25.933 ], [ -67.799, -25.933 ], [ -67.799, -25.899 ], [ -67.766, -25.899 ], [ -67.766, -25.866 ], [ -67.733, -25.866 ], [ -67.699, -25.866 ], [ -67.699, -25.833 ], [ -67.699, -25.799 ], [ -67.699, -25.766 ], [ -67.666, -25.766 ], [ -67.666, -25.799 ], [ -67.666, -25.833 ], [ -67.633, -25.833 ], [ -67.633, -25.866 ], [ -67.633, -25.899 ], [ -67.633, -25.933 ], [ -67.666, -25.933 ] ] ], [ [ [ -68.099, -25.866 ], [ -68.133, -25.866 ], [ -68.133, -25.899 ], [ -68.166, -25.899 ], [ -68.166, -25.866 ], [ -68.166, -25.833 ], [ -68.166, -25.799 ], [ -68.166, -25.766 ], [ -68.133, -25.766 ], [ -68.133, -25.733 ], [ -68.099, -25.733 ], [ -68.066, -25.733 ], [ -68.066, -25.766 ], [ -68.099, -25.766 ], [ -68.099, -25.799 ], [ -68.099, -25.833 ], [ -68.099, -25.866 ] ] ], [ [ [ -67.866, -25.766 ], [ -67.866, -25.733 ], [ -67.833, -25.733 ], [ -67.833, -25.766 ], [ -67.866, -25.766 ] ] ], [ [ [ -67.666, -25.766 ], [ -67.666, -25.733 ], [ -67.633, -25.733 ], [ -67.633, -25.766 ], [ -67.666, -25.766 ] ] ], [ [ [ -66.533, -25.766 ], [ -66.566, -25.766 ], [ -66.566, -25.733 ], [ -66.533, -25.733 ], [ -66.533, -25.766 ] ] ], [ [ [ -66.466, -25.766 ], [ -66.499, -25.766 ], [ -66.499, -25.733 ], [ -66.466, -25.733 ], [ -66.466, -25.766 ] ] ], [ [ [ -67.833, -25.733 ], [ -67.833, -25.699 ], [ -67.799, -25.699 ], [ -67.799, -25.733 ], [ -67.833, -25.733 ] ] ], [ [ [ -67.566, -25.699 ], [ -67.599, -25.699 ], [ -67.599, -25.666 ], [ -67.566, -25.666 ], [ -67.566, -25.699 ] ] ], [ [ [ -68.099, -25.699 ], [ -68.133, -25.699 ], [ -68.133, -25.666 ], [ -68.133, -25.633 ], [ -68.099, -25.633 ], [ -68.099, -25.666 ], [ -68.099, -25.699 ] ] ], [ [ [ -67.799, -25.699 ], [ -67.799, -25.666 ], [ -67.799, -25.633 ], [ -67.766, -25.633 ], [ -67.733, -25.633 ], [ -67.733, -25.666 ], [ -67.766, -25.666 ], [ -67.766, -25.699 ], [ -67.799, -25.699 ] ] ], [ [ [ -68.399, -25.633 ], [ -68.433, -25.633 ], [ -68.433, -25.599 ], [ -68.399, -25.599 ], [ -68.399, -25.633 ] ] ], [ [ [ -67.733, -25.633 ], [ -67.733, -25.599 ], [ -67.699, -25.599 ], [ -67.699, -25.633 ], [ -67.733, -25.633 ] ] ], [ [ [ -67.533, -25.599 ], [ -67.533, -25.633 ], [ -67.566, -25.633 ], [ -67.566, -25.599 ], [ -67.533, -25.599 ] ] ], [ [ [ -66.566, -25.599 ], [ -66.533, -25.599 ], [ -66.533, -25.633 ], [ -66.533, -25.666 ], [ -66.533, -25.699 ], [ -66.566, -25.699 ], [ -66.566, -25.666 ], [ -66.566, -25.633 ], [ -66.566, -25.599 ] ] ], [ [ [ -67.699, -25.599 ], [ -67.699, -25.566 ], [ -67.666, -25.566 ], [ -67.666, -25.599 ], [ -67.699, -25.599 ] ] ], [ [ [ -67.533, -25.599 ], [ -67.533, -25.566 ], [ -67.499, -25.566 ], [ -67.499, -25.599 ], [ -67.533, -25.599 ] ] ], [ [ [ -66.566, -25.599 ], [ -66.599, -25.599 ], [ -66.599, -25.566 ], [ -66.566, -25.566 ], [ -66.566, -25.599 ] ] ], [ [ [ -67.266, -25.566 ], [ -67.299, -25.566 ], [ -67.299, -25.533 ], [ -67.266, -25.533 ], [ -67.266, -25.566 ] ] ], [ [ [ -66.566, -25.566 ], [ -66.566, -25.533 ], [ -66.533, -25.533 ], [ -66.533, -25.566 ], [ -66.566, -25.566 ] ] ], [ [ [ -67.499, -25.566 ], [ -67.499, -25.533 ], [ -67.499, -25.499 ], [ -67.466, -25.499 ], [ -67.466, -25.533 ], [ -67.466, -25.566 ], [ -67.499, -25.566 ] ] ], [ [ [ -66.633, -25.599 ], [ -66.666, -25.599 ], [ -66.666, -25.566 ], [ -66.666, -25.533 ], [ -66.666, -25.499 ], [ -66.666, -25.466 ], [ -66.633, -25.466 ], [ -66.599, -25.466 ], [ -66.599, -25.499 ], [ -66.633, -25.499 ], [ -66.633, -25.533 ], [ -66.633, -25.566 ], [ -66.633, -25.599 ] ] ], [ [ [ -66.466, -25.499 ], [ -66.499, -25.499 ], [ -66.499, -25.466 ], [ -66.466, -25.466 ], [ -66.466, -25.499 ] ] ], [ [ [ -68.399, -25.633 ], [ -68.366, -25.633 ], [ -68.366, -25.599 ], [ -68.366, -25.566 ], [ -68.399, -25.566 ], [ -68.433, -25.566 ], [ -68.433, -25.599 ], [ -68.466, -25.599 ], [ -68.466, -25.566 ], [ -68.499, -25.566 ], [ -68.499, -25.533 ], [ -68.499, -25.499 ], [ -68.466, -25.499 ], [ -68.466, -25.466 ], [ -68.433, -25.466 ], [ -68.433, -25.433 ], [ -68.399, -25.433 ], [ -68.399, -25.466 ], [ -68.399, -25.499 ], [ -68.433, -25.499 ], [ -68.433, -25.533 ], [ -68.399, -25.533 ], [ -68.366, -25.533 ], [ -68.333, -25.533 ], [ -68.299, -25.533 ], [ -68.266, -25.533 ], [ -68.233, -25.533 ], [ -68.233, -25.566 ], [ -68.233, -25.599 ], [ -68.266, -25.599 ], [ -68.299, -25.599 ], [ -68.299, -25.633 ], [ -68.333, -25.633 ], [ -68.333, -25.666 ], [ -68.366, -25.666 ], [ -68.399, -25.666 ], [ -68.399, -25.633 ] ] ], [ [ [ -67.633, -25.533 ], [ -67.666, -25.533 ], [ -67.666, -25.499 ], [ -67.666, -25.466 ], [ -67.666, -25.433 ], [ -67.633, -25.433 ], [ -67.599, -25.433 ], [ -67.599, -25.466 ], [ -67.633, -25.466 ], [ -67.633, -25.499 ], [ -67.633, -25.533 ] ] ], [ [ [ -67.466, -25.499 ], [ -67.466, -25.466 ], [ -67.466, -25.433 ], [ -67.433, -25.433 ], [ -67.433, -25.466 ], [ -67.433, -25.499 ], [ -67.466, -25.499 ] ] ], [ [ [ -66.466, -25.433 ], [ -66.499, -25.433 ], [ -66.499, -25.399 ], [ -66.466, -25.399 ], [ -66.466, -25.433 ] ] ], [ [ [ -67.433, -25.433 ], [ -67.433, -25.399 ], [ -67.399, -25.399 ], [ -67.399, -25.366 ], [ -67.366, -25.366 ], [ -67.366, -25.399 ], [ -67.333, -25.399 ], [ -67.333, -25.433 ], [ -67.333, -25.466 ], [ -67.333, -25.499 ], [ -67.366, -25.499 ], [ -67.366, -25.466 ], [ -67.366, -25.433 ], [ -67.399, -25.433 ], [ -67.433, -25.433 ] ] ], [ [ [ -68.033, -25.333 ], [ -68.033, -25.299 ], [ -67.999, -25.299 ], [ -67.966, -25.299 ], [ -67.933, -25.299 ], [ -67.899, -25.299 ], [ -67.899, -25.333 ], [ -67.899, -25.366 ], [ -67.933, -25.366 ], [ -67.933, -25.333 ], [ -67.966, -25.333 ], [ -67.999, -25.333 ], [ -68.033, -25.333 ] ] ], [ [ [ -66.499, -25.366 ], [ -66.533, -25.366 ], [ -66.533, -25.333 ], [ -66.533, -25.299 ], [ -66.499, -25.299 ], [ -66.499, -25.333 ], [ -66.499, -25.366 ] ] ], [ [ [ -68.033, -25.299 ], [ -68.066, -25.299 ], [ -68.066, -25.266 ], [ -68.033, -25.266 ], [ -68.033, -25.299 ] ] ], [ [ [ -67.199, -25.266 ], [ -67.199, -25.233 ], [ -67.166, -25.233 ], [ -67.166, -25.266 ], [ -67.199, -25.266 ] ] ], [ [ [ -68.033, -25.333 ], [ -68.033, -25.366 ], [ -68.066, -25.366 ], [ -68.066, -25.399 ], [ -68.099, -25.399 ], [ -68.133, -25.399 ], [ -68.133, -25.366 ], [ -68.133, -25.333 ], [ -68.166, -25.333 ], [ -68.166, -25.299 ], [ -68.199, -25.299 ], [ -68.199, -25.266 ], [ -68.166, -25.266 ], [ -68.166, -25.233 ], [ -68.199, -25.233 ], [ -68.199, -25.199 ], [ -68.166, -25.199 ], [ -68.133, -25.199 ], [ -68.133, -25.233 ], [ -68.133, -25.266 ], [ -68.099, -25.266 ], [ -68.099, -25.299 ], [ -68.099, -25.333 ], [ -68.066, -25.333 ], [ -68.033, -25.333 ] ] ], [ [ [ -67.733, -25.199 ], [ -67.699, -25.199 ], [ -67.699, -25.233 ], [ -67.666, -25.233 ], [ -67.666, -25.266 ], [ -67.699, -25.266 ], [ -67.699, -25.299 ], [ -67.733, -25.299 ], [ -67.733, -25.266 ], [ -67.733, -25.233 ], [ -67.733, -25.199 ] ] ], [ [ [ -67.199, -25.266 ], [ -67.199, -25.299 ], [ -67.233, -25.299 ], [ -67.233, -25.333 ], [ -67.266, -25.333 ], [ -67.299, -25.333 ], [ -67.299, -25.299 ], [ -67.299, -25.266 ], [ -67.299, -25.233 ], [ -67.266, -25.233 ], [ -67.266, -25.199 ], [ -67.233, -25.199 ], [ -67.233, -25.233 ], [ -67.233, -25.266 ], [ -67.199, -25.266 ] ] ], [ [ [ -67.166, -25.233 ], [ -67.166, -25.199 ], [ -67.133, -25.199 ], [ -67.133, -25.233 ], [ -67.166, -25.233 ] ] ], [ [ [ -68.199, -25.199 ], [ -68.233, -25.199 ], [ -68.233, -25.166 ], [ -68.199, -25.166 ], [ -68.199, -25.199 ] ] ], [ [ [ -68.066, -25.233 ], [ -68.099, -25.233 ], [ -68.099, -25.199 ], [ -68.099, -25.166 ], [ -68.066, -25.166 ], [ -68.066, -25.199 ], [ -68.066, -25.233 ] ] ], [ [ [ -67.233, -25.199 ], [ -67.233, -25.166 ], [ -67.199, -25.166 ], [ -67.199, -25.199 ], [ -67.233, -25.199 ] ] ], [ [ [ -67.233, -25.333 ], [ -67.199, -25.333 ], [ -67.199, -25.299 ], [ -67.166, -25.299 ], [ -67.133, -25.299 ], [ -67.099, -25.299 ], [ -67.099, -25.266 ], [ -67.066, -25.266 ], [ -67.066, -25.233 ], [ -67.033, -25.233 ], [ -67.033, -25.199 ], [ -67.033, -25.166 ], [ -66.999, -25.166 ], [ -66.999, -25.199 ], [ -66.999, -25.233 ], [ -66.999, -25.266 ], [ -66.999, -25.299 ], [ -66.999, -25.333 ], [ -67.033, -25.333 ], [ -67.066, -25.333 ], [ -67.066, -25.366 ], [ -67.033, -25.366 ], [ -66.999, -25.366 ], [ -66.999, -25.399 ], [ -66.966, -25.399 ], [ -66.966, -25.433 ], [ -66.999, -25.433 ], [ -67.033, -25.433 ], [ -67.033, -25.466 ], [ -66.999, -25.466 ], [ -66.999, -25.499 ], [ -67.033, -25.499 ], [ -67.066, -25.499 ], [ -67.099, -25.499 ], [ -67.099, -25.466 ], [ -67.133, -25.466 ], [ -67.166, -25.466 ], [ -67.166, -25.433 ], [ -67.199, -25.433 ], [ -67.199, -25.399 ], [ -67.233, -25.399 ], [ -67.233, -25.366 ], [ -67.233, -25.333 ] ] ], [ [ [ -66.466, -25.199 ], [ -66.499, -25.199 ], [ -66.499, -25.166 ], [ -66.466, -25.166 ], [ -66.466, -25.199 ] ] ], [ [ [ -66.399, -25.166 ], [ -66.399, -25.199 ], [ -66.433, -25.199 ], [ -66.433, -25.166 ], [ -66.399, -25.166 ] ] ], [ [ [ -67.566, -25.133 ], [ -67.566, -25.166 ], [ -67.566, -25.199 ], [ -67.533, -25.199 ], [ -67.533, -25.166 ], [ -67.499, -25.166 ], [ -67.499, -25.199 ], [ -67.499, -25.233 ], [ -67.533, -25.233 ], [ -67.533, -25.266 ], [ -67.566, -25.266 ], [ -67.566, -25.233 ], [ -67.599, -25.233 ], [ -67.633, -25.233 ], [ -67.633, -25.199 ], [ -67.599, -25.199 ], [ -67.599, -25.166 ], [ -67.599, -25.133 ], [ -67.566, -25.133 ] ] ], [ [ [ -66.299, -25.133 ], [ -66.266, -25.133 ], [ -66.266, -25.166 ], [ -66.299, -25.166 ], [ -66.299, -25.133 ] ] ], [ [ [ -68.233, -25.133 ], [ -68.266, -25.133 ], [ -68.266, -25.099 ], [ -68.233, -25.099 ], [ -68.233, -25.133 ] ] ], [ [ [ -67.733, -25.199 ], [ -67.766, -25.199 ], [ -67.766, -25.166 ], [ -67.799, -25.166 ], [ -67.799, -25.133 ], [ -67.833, -25.133 ], [ -67.833, -25.099 ], [ -67.799, -25.099 ], [ -67.766, -25.099 ], [ -67.733, -25.099 ], [ -67.733, -25.133 ], [ -67.733, -25.166 ], [ -67.733, -25.199 ] ] ], [ [ [ -67.333, -25.099 ], [ -67.333, -25.133 ], [ -67.366, -25.133 ], [ -67.366, -25.099 ], [ -67.333, -25.099 ] ] ], [ [ [ -67.199, -25.166 ], [ -67.199, -25.133 ], [ -67.199, -25.099 ], [ -67.166, -25.099 ], [ -67.166, -25.133 ], [ -67.166, -25.166 ], [ -67.199, -25.166 ] ] ], [ [ [ -66.299, -25.133 ], [ -66.333, -25.133 ], [ -66.333, -25.166 ], [ -66.366, -25.166 ], [ -66.399, -25.166 ], [ -66.399, -25.133 ], [ -66.366, -25.133 ], [ -66.366, -25.099 ], [ -66.333, -25.099 ], [ -66.299, -25.099 ], [ -66.299, -25.133 ] ] ], [ [ [ -65.799, -25.133 ], [ -65.833, -25.133 ], [ -65.833, -25.099 ], [ -65.799, -25.099 ], [ -65.799, -25.133 ] ] ], [ [ [ -67.566, -25.133 ], [ -67.566, -25.099 ], [ -67.533, -25.099 ], [ -67.533, -25.066 ], [ -67.499, -25.066 ], [ -67.499, -25.099 ], [ -67.499, -25.133 ], [ -67.533, -25.133 ], [ -67.566, -25.133 ] ] ], [ [ [ -67.199, -25.099 ], [ -67.233, -25.099 ], [ -67.266, -25.099 ], [ -67.266, -25.133 ], [ -67.299, -25.133 ], [ -67.299, -25.099 ], [ -67.333, -25.099 ], [ -67.333, -25.066 ], [ -67.299, -25.066 ], [ -67.266, -25.066 ], [ -67.233, -25.066 ], [ -67.199, -25.066 ], [ -67.199, -25.099 ] ] ], [ [ [ -66.499, -25.133 ], [ -66.533, -25.133 ], [ -66.533, -25.099 ], [ -66.533, -25.066 ], [ -66.499, -25.066 ], [ -66.499, -25.099 ], [ -66.499, -25.133 ] ] ], [ [ [ -66.433, -25.133 ], [ -66.466, -25.133 ], [ -66.466, -25.099 ], [ -66.466, -25.066 ], [ -66.433, -25.066 ], [ -66.433, -25.099 ], [ -66.433, -25.133 ] ] ], [ [ [ -65.899, -25.099 ], [ -65.933, -25.099 ], [ -65.933, -25.066 ], [ -65.899, -25.066 ], [ -65.899, -25.099 ] ] ], [ [ [ -68.199, -25.066 ], [ -68.233, -25.066 ], [ -68.233, -25.033 ], [ -68.199, -25.033 ], [ -68.199, -25.066 ] ] ], [ [ [ -65.799, -25.033 ], [ -65.799, -25.066 ], [ -65.833, -25.066 ], [ -65.833, -25.033 ], [ -65.866, -25.033 ], [ -65.899, -25.033 ], [ -65.899, -24.999 ], [ -65.866, -24.999 ], [ -65.833, -24.999 ], [ -65.799, -24.999 ], [ -65.799, -25.033 ] ] ], [ [ [ -68.166, -24.966 ], [ -68.166, -24.999 ], [ -68.199, -24.999 ], [ -68.199, -24.966 ], [ -68.166, -24.966 ] ] ], [ [ [ -66.466, -25.033 ], [ -66.499, -25.033 ], [ -66.499, -24.999 ], [ -66.499, -24.966 ], [ -66.466, -24.966 ], [ -66.466, -24.999 ], [ -66.466, -25.033 ] ] ], [ [ [ -66.266, -24.999 ], [ -66.299, -24.999 ], [ -66.299, -24.966 ], [ -66.266, -24.966 ], [ -66.266, -24.999 ] ] ], [ [ [ -65.933, -24.999 ], [ -65.966, -24.999 ], [ -65.966, -24.966 ], [ -65.933, -24.966 ], [ -65.933, -24.999 ] ] ], [ [ [ -68.166, -24.966 ], [ -68.166, -24.933 ], [ -68.133, -24.933 ], [ -68.133, -24.966 ], [ -68.166, -24.966 ] ] ], [ [ [ -67.833, -25.099 ], [ -67.866, -25.099 ], [ -67.899, -25.099 ], [ -67.933, -25.099 ], [ -67.966, -25.099 ], [ -67.999, -25.099 ], [ -67.999, -25.066 ], [ -68.033, -25.066 ], [ -68.066, -25.066 ], [ -68.066, -25.099 ], [ -68.066, -25.133 ], [ -68.099, -25.133 ], [ -68.099, -25.099 ], [ -68.099, -25.066 ], [ -68.099, -25.033 ], [ -68.066, -25.033 ], [ -68.033, -25.033 ], [ -68.033, -24.999 ], [ -68.066, -24.999 ], [ -68.066, -24.966 ], [ -68.066, -24.933 ], [ -68.033, -24.933 ], [ -68.033, -24.966 ], [ -67.999, -24.966 ], [ -67.999, -24.999 ], [ -67.999, -25.033 ], [ -67.966, -25.033 ], [ -67.966, -24.999 ], [ -67.933, -24.999 ], [ -67.933, -24.966 ], [ -67.899, -24.966 ], [ -67.899, -24.933 ], [ -67.866, -24.933 ], [ -67.866, -24.966 ], [ -67.833, -24.966 ], [ -67.833, -24.999 ], [ -67.866, -24.999 ], [ -67.899, -24.999 ], [ -67.899, -25.033 ], [ -67.866, -25.033 ], [ -67.866, -25.066 ], [ -67.833, -25.066 ], [ -67.833, -25.099 ] ] ], [ [ [ -67.399, -25.033 ], [ -67.433, -25.033 ], [ -67.433, -24.999 ], [ -67.433, -24.966 ], [ -67.433, -24.933 ], [ -67.399, -24.933 ], [ -67.399, -24.966 ], [ -67.399, -24.999 ], [ -67.399, -25.033 ] ] ], [ [ [ -67.266, -24.966 ], [ -67.299, -24.966 ], [ -67.299, -24.933 ], [ -67.266, -24.933 ], [ -67.266, -24.966 ] ] ], [ [ [ -67.199, -24.933 ], [ -67.199, -24.966 ], [ -67.233, -24.966 ], [ -67.233, -24.933 ], [ -67.199, -24.933 ] ] ], [ [ [ -66.266, -24.933 ], [ -66.299, -24.933 ], [ -66.299, -24.899 ], [ -66.266, -24.899 ], [ -66.266, -24.933 ] ] ], [ [ [ -65.933, -24.899 ], [ -65.933, -24.933 ], [ -65.966, -24.933 ], [ -65.966, -24.899 ], [ -65.933, -24.899 ] ] ], [ [ [ -67.333, -24.866 ], [ -67.299, -24.866 ], [ -67.299, -24.899 ], [ -67.333, -24.899 ], [ -67.333, -24.866 ] ] ], [ [ [ -65.933, -24.899 ], [ -65.933, -24.866 ], [ -65.899, -24.866 ], [ -65.899, -24.899 ], [ -65.933, -24.899 ] ] ], [ [ [ -65.899, -24.866 ], [ -65.899, -24.833 ], [ -65.866, -24.833 ], [ -65.866, -24.866 ], [ -65.899, -24.866 ] ] ], [ [ [ -68.366, -24.866 ], [ -68.399, -24.866 ], [ -68.399, -24.833 ], [ -68.399, -24.799 ], [ -68.366, -24.799 ], [ -68.366, -24.833 ], [ -68.366, -24.866 ] ] ], [ [ [ -68.066, -24.799 ], [ -68.066, -24.833 ], [ -68.066, -24.866 ], [ -68.066, -24.899 ], [ -68.099, -24.899 ], [ -68.099, -24.866 ], [ -68.099, -24.833 ], [ -68.099, -24.799 ], [ -68.066, -24.799 ] ] ], [ [ [ -67.333, -24.866 ], [ -67.366, -24.866 ], [ -67.366, -24.833 ], [ -67.366, -24.799 ], [ -67.333, -24.799 ], [ -67.333, -24.833 ], [ -67.333, -24.866 ] ] ], [ [ [ -68.366, -24.799 ], [ -68.366, -24.766 ], [ -68.333, -24.766 ], [ -68.333, -24.799 ], [ -68.366, -24.799 ] ] ], [ [ [ -68.066, -24.799 ], [ -68.066, -24.766 ], [ -68.033, -24.766 ], [ -68.033, -24.799 ], [ -68.066, -24.799 ] ] ], [ [ [ -66.133, -24.799 ], [ -66.166, -24.799 ], [ -66.166, -24.766 ], [ -66.133, -24.766 ], [ -66.133, -24.799 ] ] ], [ [ [ -68.033, -24.766 ], [ -68.033, -24.733 ], [ -67.999, -24.733 ], [ -67.999, -24.766 ], [ -68.033, -24.766 ] ] ], [ [ [ -66.299, -24.866 ], [ -66.333, -24.866 ], [ -66.333, -24.833 ], [ -66.333, -24.799 ], [ -66.299, -24.799 ], [ -66.299, -24.766 ], [ -66.266, -24.766 ], [ -66.266, -24.733 ], [ -66.233, -24.733 ], [ -66.233, -24.766 ], [ -66.233, -24.799 ], [ -66.266, -24.799 ], [ -66.266, -24.833 ], [ -66.266, -24.866 ], [ -66.299, -24.866 ] ] ], [ [ [ -65.933, -24.699 ], [ -65.899, -24.699 ], [ -65.899, -24.733 ], [ -65.933, -24.733 ], [ -65.933, -24.699 ] ] ], [ [ [ -68.366, -24.666 ], [ -68.366, -24.699 ], [ -68.333, -24.699 ], [ -68.333, -24.733 ], [ -68.366, -24.733 ], [ -68.399, -24.733 ], [ -68.399, -24.699 ], [ -68.399, -24.666 ], [ -68.399, -24.633 ], [ -68.366, -24.633 ], [ -68.366, -24.666 ] ] ], [ [ [ -68.266, -24.666 ], [ -68.299, -24.666 ], [ -68.299, -24.633 ], [ -68.266, -24.633 ], [ -68.233, -24.633 ], [ -68.233, -24.666 ], [ -68.266, -24.666 ] ] ], [ [ [ -67.333, -24.799 ], [ -67.333, -24.766 ], [ -67.333, -24.733 ], [ -67.366, -24.733 ], [ -67.366, -24.699 ], [ -67.333, -24.699 ], [ -67.333, -24.666 ], [ -67.333, -24.633 ], [ -67.299, -24.633 ], [ -67.299, -24.666 ], [ -67.266, -24.666 ], [ -67.266, -24.699 ], [ -67.233, -24.699 ], [ -67.233, -24.733 ], [ -67.266, -24.733 ], [ -67.266, -24.766 ], [ -67.266, -24.799 ], [ -67.299, -24.799 ], [ -67.333, -24.799 ] ] ], [ [ [ -66.266, -24.633 ], [ -66.266, -24.666 ], [ -66.266, -24.699 ], [ -66.299, -24.699 ], [ -66.299, -24.666 ], [ -66.299, -24.633 ], [ -66.266, -24.633 ] ] ], [ [ [ -65.933, -24.699 ], [ -65.966, -24.699 ], [ -65.966, -24.666 ], [ -65.966, -24.633 ], [ -65.933, -24.633 ], [ -65.933, -24.666 ], [ -65.933, -24.699 ] ] ], [ [ [ -67.966, -24.699 ], [ -67.999, -24.699 ], [ -67.999, -24.666 ], [ -67.999, -24.633 ], [ -67.999, -24.599 ], [ -67.966, -24.599 ], [ -67.966, -24.633 ], [ -67.966, -24.666 ], [ -67.966, -24.699 ] ] ], [ [ [ -68.366, -24.566 ], [ -68.366, -24.599 ], [ -68.399, -24.599 ], [ -68.399, -24.566 ], [ -68.366, -24.566 ] ] ], [ [ [ -67.299, -24.566 ], [ -67.266, -24.566 ], [ -67.266, -24.599 ], [ -67.299, -24.599 ], [ -67.299, -24.566 ] ] ], [ [ [ -66.266, -24.633 ], [ -66.266, -24.599 ], [ -66.266, -24.566 ], [ -66.233, -24.566 ], [ -66.233, -24.599 ], [ -66.233, -24.633 ], [ -66.266, -24.633 ] ] ], [ [ [ -66.199, -24.566 ], [ -66.166, -24.566 ], [ -66.166, -24.599 ], [ -66.199, -24.599 ], [ -66.199, -24.566 ] ] ], [ [ [ -68.366, -24.566 ], [ -68.366, -24.533 ], [ -68.333, -24.533 ], [ -68.333, -24.566 ], [ -68.366, -24.566 ] ] ], [ [ [ -68.266, -24.533 ], [ -68.233, -24.533 ], [ -68.233, -24.566 ], [ -68.266, -24.566 ], [ -68.266, -24.533 ] ] ], [ [ [ -67.799, -24.599 ], [ -67.833, -24.599 ], [ -67.833, -24.566 ], [ -67.833, -24.533 ], [ -67.799, -24.533 ], [ -67.799, -24.566 ], [ -67.799, -24.599 ] ] ], [ [ [ -67.266, -24.566 ], [ -67.266, -24.533 ], [ -67.233, -24.533 ], [ -67.233, -24.566 ], [ -67.266, -24.566 ] ] ], [ [ [ -66.933, -24.599 ], [ -66.966, -24.599 ], [ -66.966, -24.566 ], [ -66.966, -24.533 ], [ -66.933, -24.533 ], [ -66.933, -24.566 ], [ -66.933, -24.599 ] ] ], [ [ [ -66.199, -24.566 ], [ -66.233, -24.566 ], [ -66.233, -24.533 ], [ -66.199, -24.533 ], [ -66.199, -24.566 ] ] ], [ [ [ -65.966, -24.633 ], [ -65.999, -24.633 ], [ -66.033, -24.633 ], [ -66.033, -24.599 ], [ -65.999, -24.599 ], [ -65.999, -24.566 ], [ -65.999, -24.533 ], [ -65.966, -24.533 ], [ -65.966, -24.566 ], [ -65.966, -24.599 ], [ -65.966, -24.633 ] ] ], [ [ [ -65.666, -24.533 ], [ -65.666, -24.566 ], [ -65.699, -24.566 ], [ -65.699, -24.533 ], [ -65.666, -24.533 ] ] ], [ [ [ -68.366, -24.866 ], [ -68.333, -24.866 ], [ -68.333, -24.899 ], [ -68.333, -24.933 ], [ -68.299, -24.933 ], [ -68.299, -24.899 ], [ -68.266, -24.899 ], [ -68.266, -24.866 ], [ -68.233, -24.866 ], [ -68.233, -24.833 ], [ -68.233, -24.799 ], [ -68.199, -24.799 ], [ -68.199, -24.766 ], [ -68.233, -24.766 ], [ -68.233, -24.733 ], [ -68.199, -24.733 ], [ -68.166, -24.733 ], [ -68.166, -24.699 ], [ -68.166, -24.666 ], [ -68.166, -24.633 ], [ -68.166, -24.599 ], [ -68.166, -24.566 ], [ -68.166, -24.533 ], [ -68.166, -24.499 ], [ -68.133, -24.499 ], [ -68.133, -24.533 ], [ -68.133, -24.566 ], [ -68.099, -24.566 ], [ -68.099, -24.599 ], [ -68.099, -24.633 ], [ -68.099, -24.666 ], [ -68.133, -24.666 ], [ -68.133, -24.699 ], [ -68.099, -24.699 ], [ -68.099, -24.733 ], [ -68.133, -24.733 ], [ -68.133, -24.766 ], [ -68.166, -24.766 ], [ -68.166, -24.799 ], [ -68.166, -24.833 ], [ -68.199, -24.833 ], [ -68.199, -24.866 ], [ -68.199, -24.899 ], [ -68.233, -24.899 ], [ -68.233, -24.933 ], [ -68.266, -24.933 ], [ -68.266, -24.966 ], [ -68.299, -24.966 ], [ -68.333, -24.966 ], [ -68.366, -24.966 ], [ -68.366, -24.933 ], [ -68.366, -24.899 ], [ -68.366, -24.866 ] ] ], [ [ [ -66.066, -24.666 ], [ -66.099, -24.666 ], [ -66.099, -24.633 ], [ -66.099, -24.599 ], [ -66.099, -24.566 ], [ -66.099, -24.533 ], [ -66.099, -24.499 ], [ -66.066, -24.499 ], [ -66.066, -24.533 ], [ -66.066, -24.566 ], [ -66.066, -24.599 ], [ -66.066, -24.633 ], [ -66.066, -24.666 ] ] ], [ [ [ -65.666, -24.533 ], [ -65.666, -24.499 ], [ -65.633, -24.499 ], [ -65.633, -24.533 ], [ -65.666, -24.533 ] ] ], [ [ [ -68.266, -24.533 ], [ -68.299, -24.533 ], [ -68.299, -24.499 ], [ -68.308, -24.491 ], [ -68.308, -24.491 ], [ -68.305, -24.487 ], [ -68.302, -24.482 ], [ -68.300, -24.476 ], [ -68.298, -24.470 ], [ -68.297, -24.466 ], [ -68.266, -24.466 ], [ -68.266, -24.499 ], [ -68.266, -24.533 ] ] ], [ [ [ -67.999, -24.566 ], [ -68.033, -24.566 ], [ -68.033, -24.533 ], [ -68.033, -24.499 ], [ -68.033, -24.466 ], [ -67.999, -24.466 ], [ -67.999, -24.499 ], [ -67.999, -24.533 ], [ -67.999, -24.566 ] ] ], [ [ [ -67.299, -24.566 ], [ -67.333, -24.566 ], [ -67.333, -24.533 ], [ -67.333, -24.499 ], [ -67.333, -24.466 ], [ -67.299, -24.466 ], [ -67.299, -24.499 ], [ -67.299, -24.533 ], [ -67.299, -24.566 ] ] ], [ [ [ -67.233, -24.533 ], [ -67.233, -24.499 ], [ -67.233, -24.466 ], [ -67.199, -24.466 ], [ -67.199, -24.499 ], [ -67.199, -24.533 ], [ -67.233, -24.533 ] ] ], [ [ [ -68.266, -24.466 ], [ -68.266, -24.433 ], [ -68.233, -24.433 ], [ -68.233, -24.466 ], [ -68.266, -24.466 ] ] ], [ [ [ -67.899, -24.433 ], [ -67.899, -24.466 ], [ -67.933, -24.466 ], [ -67.933, -24.433 ], [ -67.899, -24.433 ] ] ], [ [ [ -67.299, -24.466 ], [ -67.299, -24.433 ], [ -67.266, -24.433 ], [ -67.266, -24.466 ], [ -67.299, -24.466 ] ] ], [ [ [ -67.166, -24.433 ], [ -67.133, -24.433 ], [ -67.133, -24.466 ], [ -67.166, -24.466 ], [ -67.166, -24.433 ] ] ], [ [ [ -67.033, -25.166 ], [ -67.066, -25.166 ], [ -67.066, -25.199 ], [ -67.099, -25.199 ], [ -67.133, -25.199 ], [ -67.133, -25.166 ], [ -67.099, -25.166 ], [ -67.099, -25.133 ], [ -67.066, -25.133 ], [ -67.066, -25.099 ], [ -67.066, -25.066 ], [ -67.066, -25.033 ], [ -67.099, -25.033 ], [ -67.099, -24.999 ], [ -67.133, -24.999 ], [ -67.133, -25.033 ], [ -67.166, -25.033 ], [ -67.166, -24.999 ], [ -67.166, -24.966 ], [ -67.166, -24.933 ], [ -67.199, -24.933 ], [ -67.199, -24.899 ], [ -67.199, -24.866 ], [ -67.199, -24.833 ], [ -67.233, -24.833 ], [ -67.233, -24.799 ], [ -67.233, -24.766 ], [ -67.199, -24.766 ], [ -67.166, -24.766 ], [ -67.133, -24.766 ], [ -67.133, -24.733 ], [ -67.099, -24.733 ], [ -67.066, -24.733 ], [ -67.066, -24.766 ], [ -67.066, -24.799 ], [ -67.099, -24.799 ], [ -67.099, -24.833 ], [ -67.133, -24.833 ], [ -67.133, -24.866 ], [ -67.166, -24.866 ], [ -67.166, -24.899 ], [ -67.133, -24.899 ], [ -67.099, -24.899 ], [ -67.099, -24.866 ], [ -67.099, -24.833 ], [ -67.066, -24.833 ], [ -67.066, -24.799 ], [ -67.033, -24.799 ], [ -67.033, -24.833 ], [ -67.033, -24.866 ], [ -67.033, -24.899 ], [ -67.066, -24.899 ], [ -67.066, -24.933 ], [ -67.066, -24.966 ], [ -67.066, -24.999 ], [ -67.033, -24.999 ], [ -67.033, -24.966 ], [ -67.033, -24.933 ], [ -66.999, -24.933 ], [ -66.999, -24.899 ], [ -66.999, -24.866 ], [ -66.999, -24.833 ], [ -66.966, -24.833 ], [ -66.966, -24.799 ], [ -66.933, -24.799 ], [ -66.933, -24.766 ], [ -66.933, -24.733 ], [ -66.933, -24.699 ], [ -66.933, -24.666 ], [ -66.933, -24.633 ], [ -66.899, -24.633 ], [ -66.899, -24.666 ], [ -66.866, -24.666 ], [ -66.833, -24.666 ], [ -66.833, -24.699 ], [ -66.799, -24.699 ], [ -66.799, -24.666 ], [ -66.833, -24.666 ], [ -66.833, -24.633 ], [ -66.833, -24.599 ], [ -66.833, -24.566 ], [ -66.833, -24.533 ], [ -66.833, -24.499 ], [ -66.833, -24.466 ], [ -66.799, -24.466 ], [ -66.766, -24.466 ], [ -66.733, -24.466 ], [ -66.733, -24.433 ], [ -66.699, -24.433 ], [ -66.666, -24.433 ], [ -66.633, -24.433 ], [ -66.599, -24.433 ], [ -66.599, -24.466 ], [ -66.633, -24.466 ], [ -66.633, -24.499 ], [ -66.633, -24.533 ], [ -66.599, -24.533 ], [ -66.566, -24.533 ], [ -66.533, -24.533 ], [ -66.533, -24.499 ], [ -66.499, -24.499 ], [ -66.499, -24.533 ], [ -66.499, -24.566 ], [ -66.499, -24.599 ], [ -66.533, -24.599 ], [ -66.533, -24.633 ], [ -66.533, -24.666 ], [ -66.566, -24.666 ], [ -66.566, -24.699 ], [ -66.599, -24.699 ], [ -66.599, -24.733 ], [ -66.566, -24.733 ], [ -66.566, -24.766 ], [ -66.599, -24.766 ], [ -66.599, -24.799 ], [ -66.633, -24.799 ], [ -66.633, -24.833 ], [ -66.666, -24.833 ], [ -66.666, -24.866 ], [ -66.699, -24.866 ], [ -66.699, -24.899 ], [ -66.699, -24.933 ], [ -66.733, -24.933 ], [ -66.733, -24.966 ], [ -66.733, -24.999 ], [ -66.699, -24.999 ], [ -66.699, -25.033 ], [ -66.733, -25.033 ], [ -66.733, -25.066 ], [ -66.766, -25.066 ], [ -66.766, -25.099 ], [ -66.766, -25.133 ], [ -66.799, -25.133 ], [ -66.799, -25.166 ], [ -66.833, -25.166 ], [ -66.866, -25.166 ], [ -66.866, -25.133 ], [ -66.866, -25.099 ], [ -66.833, -25.099 ], [ -66.833, -25.066 ], [ -66.833, -25.033 ], [ -66.833, -24.999 ], [ -66.799, -24.999 ], [ -66.799, -24.966 ], [ -66.799, -24.933 ], [ -66.799, -24.899 ], [ -66.799, -24.866 ], [ -66.799, -24.833 ], [ -66.766, -24.833 ], [ -66.766, -24.799 ], [ -66.733, -24.799 ], [ -66.733, -24.766 ], [ -66.766, -24.766 ], [ -66.799, -24.766 ], [ -66.799, -24.799 ], [ -66.833, -24.799 ], [ -66.866, -24.799 ], [ -66.899, -24.799 ], [ -66.899, -24.833 ], [ -66.933, -24.833 ], [ -66.933, -24.866 ], [ -66.933, -24.899 ], [ -66.966, -24.899 ], [ -66.966, -24.933 ], [ -66.966, -24.966 ], [ -66.966, -24.999 ], [ -66.999, -24.999 ], [ -66.999, -25.033 ], [ -66.999, -25.066 ], [ -66.999, -25.099 ], [ -66.999, -25.133 ], [ -67.033, -25.133 ], [ -67.033, -25.166 ] ] ], [ [ [ -65.633, -24.499 ], [ -65.633, -24.466 ], [ -65.633, -24.433 ], [ -65.599, -24.433 ], [ -65.599, -24.466 ], [ -65.599, -24.499 ], [ -65.633, -24.499 ] ] ], [ [ [ -67.166, -24.433 ], [ -67.199, -24.433 ], [ -67.199, -24.399 ], [ -67.166, -24.399 ], [ -67.166, -24.433 ] ] ], [ [ [ -66.933, -24.433 ], [ -66.966, -24.433 ], [ -66.966, -24.399 ], [ -66.933, -24.399 ], [ -66.933, -24.433 ] ] ], [ [ [ -66.033, -24.433 ], [ -66.066, -24.433 ], [ -66.066, -24.399 ], [ -66.033, -24.399 ], [ -66.033, -24.433 ] ] ], [ [ [ -65.599, -24.433 ], [ -65.599, -24.399 ], [ -65.566, -24.399 ], [ -65.566, -24.433 ], [ -65.599, -24.433 ] ] ], [ [ [ -67.266, -24.433 ], [ -67.266, -24.399 ], [ -67.266, -24.366 ], [ -67.233, -24.366 ], [ -67.233, -24.399 ], [ -67.233, -24.433 ], [ -67.266, -24.433 ] ] ], [ [ [ -68.166, -24.433 ], [ -68.199, -24.433 ], [ -68.199, -24.399 ], [ -68.215, -24.384 ], [ -68.212, -24.383 ], [ -68.197, -24.377 ], [ -68.177, -24.369 ], [ -68.159, -24.361 ], [ -68.143, -24.356 ], [ -68.133, -24.366 ], [ -68.133, -24.399 ], [ -68.133, -24.433 ], [ -68.166, -24.433 ] ] ], [ [ [ -65.566, -24.366 ], [ -65.599, -24.366 ], [ -65.599, -24.333 ], [ -65.566, -24.333 ], [ -65.566, -24.366 ] ] ], [ [ [ -67.433, -24.299 ], [ -67.433, -24.333 ], [ -67.466, -24.333 ], [ -67.466, -24.299 ], [ -67.433, -24.299 ] ] ], [ [ [ -65.899, -24.333 ], [ -65.933, -24.333 ], [ -65.933, -24.299 ], [ -65.899, -24.299 ], [ -65.866, -24.299 ], [ -65.866, -24.333 ], [ -65.899, -24.333 ] ] ], [ [ [ -67.899, -24.433 ], [ -67.899, -24.399 ], [ -67.933, -24.399 ], [ -67.933, -24.366 ], [ -67.899, -24.366 ], [ -67.899, -24.333 ], [ -67.866, -24.333 ], [ -67.866, -24.299 ], [ -67.866, -24.266 ], [ -67.833, -24.266 ], [ -67.833, -24.299 ], [ -67.833, -24.333 ], [ -67.833, -24.366 ], [ -67.866, -24.366 ], [ -67.866, -24.399 ], [ -67.866, -24.433 ], [ -67.899, -24.433 ] ] ], [ [ [ -67.733, -24.266 ], [ -67.699, -24.266 ], [ -67.699, -24.299 ], [ -67.733, -24.299 ], [ -67.733, -24.266 ] ] ], [ [ [ -67.133, -24.366 ], [ -67.166, -24.366 ], [ -67.166, -24.333 ], [ -67.166, -24.299 ], [ -67.166, -24.266 ], [ -67.133, -24.266 ], [ -67.133, -24.299 ], [ -67.133, -24.333 ], [ -67.133, -24.366 ] ] ], [ [ [ -67.299, -24.233 ], [ -67.266, -24.233 ], [ -67.233, -24.233 ], [ -67.199, -24.233 ], [ -67.199, -24.266 ], [ -67.199, -24.299 ], [ -67.199, -24.333 ], [ -67.233, -24.333 ], [ -67.233, -24.299 ], [ -67.233, -24.266 ], [ -67.266, -24.266 ], [ -67.299, -24.266 ], [ -67.299, -24.233 ] ] ], [ [ [ -67.099, -24.233 ], [ -67.133, -24.233 ], [ -67.133, -24.199 ], [ -67.099, -24.199 ], [ -67.099, -24.233 ] ] ], [ [ [ -67.033, -24.266 ], [ -67.066, -24.266 ], [ -67.066, -24.233 ], [ -67.066, -24.199 ], [ -67.033, -24.199 ], [ -66.999, -24.199 ], [ -66.999, -24.233 ], [ -67.033, -24.233 ], [ -67.033, -24.266 ] ] ], [ [ [ -65.566, -24.233 ], [ -65.566, -24.266 ], [ -65.599, -24.266 ], [ -65.599, -24.233 ], [ -65.633, -24.233 ], [ -65.633, -24.199 ], [ -65.599, -24.199 ], [ -65.566, -24.199 ], [ -65.566, -24.233 ] ] ], [ [ [ -67.733, -24.266 ], [ -67.766, -24.266 ], [ -67.799, -24.266 ], [ -67.833, -24.266 ], [ -67.833, -24.235 ], [ -67.759, -24.205 ], [ -67.733, -24.195 ], [ -67.733, -24.233 ], [ -67.733, -24.266 ] ] ], [ [ [ -67.299, -24.233 ], [ -67.333, -24.233 ], [ -67.333, -24.266 ], [ -67.366, -24.266 ], [ -67.399, -24.266 ], [ -67.399, -24.299 ], [ -67.433, -24.299 ], [ -67.433, -24.266 ], [ -67.433, -24.233 ], [ -67.466, -24.233 ], [ -67.466, -24.199 ], [ -67.433, -24.199 ], [ -67.399, -24.199 ], [ -67.399, -24.233 ], [ -67.366, -24.233 ], [ -67.366, -24.199 ], [ -67.333, -24.199 ], [ -67.333, -24.166 ], [ -67.299, -24.166 ], [ -67.299, -24.199 ], [ -67.299, -24.233 ] ] ], [ [ [ -66.666, -24.166 ], [ -66.633, -24.166 ], [ -66.633, -24.199 ], [ -66.666, -24.199 ], [ -66.666, -24.166 ] ] ], [ [ [ -67.466, -24.133 ], [ -67.433, -24.133 ], [ -67.433, -24.166 ], [ -67.466, -24.166 ], [ -67.466, -24.133 ] ] ], [ [ [ -67.199, -24.233 ], [ -67.199, -24.199 ], [ -67.199, -24.166 ], [ -67.199, -24.133 ], [ -67.166, -24.133 ], [ -67.166, -24.166 ], [ -67.166, -24.199 ], [ -67.166, -24.233 ], [ -67.199, -24.233 ] ] ], [ [ [ -67.233, -24.133 ], [ -67.266, -24.133 ], [ -67.266, -24.099 ], [ -67.233, -24.099 ], [ -67.233, -24.133 ] ] ], [ [ [ -66.066, -24.133 ], [ -66.066, -24.166 ], [ -66.099, -24.166 ], [ -66.099, -24.199 ], [ -66.133, -24.199 ], [ -66.133, -24.233 ], [ -66.133, -24.266 ], [ -66.099, -24.266 ], [ -66.099, -24.233 ], [ -66.099, -24.199 ], [ -66.066, -24.199 ], [ -66.066, -24.233 ], [ -66.066, -24.266 ], [ -66.033, -24.266 ], [ -66.033, -24.233 ], [ -65.999, -24.233 ], [ -65.966, -24.233 ], [ -65.933, -24.233 ], [ -65.933, -24.266 ], [ -65.966, -24.266 ], [ -65.999, -24.266 ], [ -65.999, -24.299 ], [ -65.966, -24.299 ], [ -65.966, -24.333 ], [ -65.999, -24.333 ], [ -66.033, -24.333 ], [ -66.033, -24.299 ], [ -66.066, -24.299 ], [ -66.099, -24.299 ], [ -66.099, -24.333 ], [ -66.099, -24.366 ], [ -66.099, -24.399 ], [ -66.133, -24.399 ], [ -66.133, -24.366 ], [ -66.133, -24.333 ], [ -66.166, -24.333 ], [ -66.199, -24.333 ], [ -66.233, -24.333 ], [ -66.266, -24.333 ], [ -66.266, -24.299 ], [ -66.299, -24.299 ], [ -66.333, -24.299 ], [ -66.333, -24.333 ], [ -66.366, -24.333 ], [ -66.366, -24.299 ], [ -66.399, -24.299 ], [ -66.399, -24.266 ], [ -66.433, -24.266 ], [ -66.433, -24.233 ], [ -66.399, -24.233 ], [ -66.399, -24.199 ], [ -66.366, -24.199 ], [ -66.366, -24.166 ], [ -66.333, -24.166 ], [ -66.333, -24.199 ], [ -66.299, -24.199 ], [ -66.266, -24.199 ], [ -66.266, -24.166 ], [ -66.233, -24.166 ], [ -66.199, -24.166 ], [ -66.166, -24.166 ], [ -66.166, -24.133 ], [ -66.166, -24.099 ], [ -66.133, -24.099 ], [ -66.133, -24.133 ], [ -66.099, -24.133 ], [ -66.066, -24.133 ] ] ], [ [ [ -66.066, -24.133 ], [ -66.066, -24.099 ], [ -66.033, -24.099 ], [ -66.033, -24.133 ], [ -66.066, -24.133 ] ] ], [ [ [ -65.833, -24.099 ], [ -65.799, -24.099 ], [ -65.799, -24.133 ], [ -65.833, -24.133 ], [ -65.833, -24.099 ] ] ], [ [ [ -67.466, -24.133 ], [ -67.499, -24.133 ], [ -67.499, -24.103 ], [ -67.491, -24.100 ], [ -67.466, -24.090 ], [ -67.466, -24.133 ] ] ], [ [ [ -65.833, -24.099 ], [ -65.866, -24.099 ], [ -65.866, -24.066 ], [ -65.833, -24.066 ], [ -65.833, -24.099 ] ] ], [ [ [ -67.366, -24.066 ], [ -67.366, -24.099 ], [ -67.333, -24.099 ], [ -67.333, -24.133 ], [ -67.366, -24.133 ], [ -67.399, -24.133 ], [ -67.399, -24.099 ], [ -67.399, -24.064 ], [ -67.377, -24.055 ], [ -67.366, -24.066 ] ] ], [ [ [ -66.966, -24.066 ], [ -66.999, -24.066 ], [ -66.999, -24.033 ], [ -66.966, -24.033 ], [ -66.966, -24.066 ] ] ], [ [ [ -66.333, -24.133 ], [ -66.366, -24.133 ], [ -66.366, -24.099 ], [ -66.366, -24.066 ], [ -66.366, -24.033 ], [ -66.333, -24.033 ], [ -66.333, -24.066 ], [ -66.333, -24.099 ], [ -66.333, -24.133 ] ] ], [ [ [ -65.799, -23.999 ], [ -65.799, -24.033 ], [ -65.833, -24.033 ], [ -65.866, -24.033 ], [ -65.866, -23.999 ], [ -65.833, -23.999 ], [ -65.799, -23.999 ] ] ], [ [ [ -67.266, -23.966 ], [ -67.233, -23.966 ], [ -67.233, -23.999 ], [ -67.266, -23.999 ], [ -67.266, -23.966 ] ] ], [ [ [ -65.933, -23.999 ], [ -65.933, -24.033 ], [ -65.966, -24.033 ], [ -65.999, -24.033 ], [ -65.999, -24.066 ], [ -65.999, -24.099 ], [ -66.033, -24.099 ], [ -66.033, -24.066 ], [ -66.066, -24.066 ], [ -66.066, -24.099 ], [ -66.099, -24.099 ], [ -66.133, -24.099 ], [ -66.133, -24.066 ], [ -66.166, -24.066 ], [ -66.166, -24.033 ], [ -66.166, -23.999 ], [ -66.133, -23.999 ], [ -66.133, -24.033 ], [ -66.099, -24.033 ], [ -66.099, -23.999 ], [ -66.133, -23.999 ], [ -66.133, -23.966 ], [ -66.099, -23.966 ], [ -66.066, -23.966 ], [ -66.066, -23.999 ], [ -66.033, -23.999 ], [ -65.999, -23.999 ], [ -65.966, -23.999 ], [ -65.933, -23.999 ] ] ], [ [ [ -65.799, -23.999 ], [ -65.799, -23.966 ], [ -65.766, -23.966 ], [ -65.766, -23.999 ], [ -65.799, -23.999 ] ] ], [ [ [ -67.266, -23.966 ], [ -67.301, -23.966 ], [ -67.290, -23.933 ], [ -67.266, -23.933 ], [ -67.266, -23.966 ] ] ], [ [ [ -65.966, -23.933 ], [ -65.966, -23.966 ], [ -65.999, -23.966 ], [ -65.999, -23.933 ], [ -65.966, -23.933 ] ] ], [ [ [ -65.766, -23.966 ], [ -65.766, -23.933 ], [ -65.733, -23.933 ], [ -65.733, -23.966 ], [ -65.766, -23.966 ] ] ], [ [ [ -65.633, -23.899 ], [ -65.633, -23.933 ], [ -65.633, -23.966 ], [ -65.633, -23.999 ], [ -65.666, -23.999 ], [ -65.666, -24.033 ], [ -65.666, -24.066 ], [ -65.633, -24.066 ], [ -65.599, -24.066 ], [ -65.566, -24.066 ], [ -65.566, -24.099 ], [ -65.599, -24.099 ], [ -65.599, -24.133 ], [ -65.633, -24.133 ], [ -65.633, -24.099 ], [ -65.666, -24.099 ], [ -65.666, -24.133 ], [ -65.666, -24.166 ], [ -65.666, -24.199 ], [ -65.699, -24.199 ], [ -65.699, -24.166 ], [ -65.733, -24.166 ], [ -65.733, -24.199 ], [ -65.733, -24.233 ], [ -65.766, -24.233 ], [ -65.766, -24.199 ], [ -65.766, -24.166 ], [ -65.766, -24.133 ], [ -65.733, -24.133 ], [ -65.699, -24.133 ], [ -65.699, -24.099 ], [ -65.699, -24.066 ], [ -65.699, -24.033 ], [ -65.699, -23.999 ], [ -65.699, -23.966 ], [ -65.666, -23.966 ], [ -65.666, -23.933 ], [ -65.666, -23.899 ], [ -65.633, -23.899 ] ] ], [ [ [ -65.599, -23.899 ], [ -65.566, -23.899 ], [ -65.566, -23.933 ], [ -65.599, -23.933 ], [ -65.599, -23.899 ] ] ], [ [ [ -65.933, -23.999 ], [ -65.933, -23.966 ], [ -65.933, -23.933 ], [ -65.966, -23.933 ], [ -65.966, -23.899 ], [ -65.966, -23.866 ], [ -65.933, -23.866 ], [ -65.933, -23.899 ], [ -65.899, -23.899 ], [ -65.899, -23.933 ], [ -65.899, -23.966 ], [ -65.899, -23.999 ], [ -65.933, -23.999 ] ] ], [ [ [ -65.333, -23.733 ], [ -65.333, -23.766 ], [ -65.366, -23.766 ], [ -65.366, -23.799 ], [ -65.399, -23.799 ], [ -65.399, -23.766 ], [ -65.399, -23.733 ], [ -65.399, -23.699 ], [ -65.366, -23.699 ], [ -65.366, -23.733 ], [ -65.333, -23.733 ] ] ], [ [ [ -65.333, -23.733 ], [ -65.333, -23.699 ], [ -65.333, -23.666 ], [ -65.299, -23.666 ], [ -65.299, -23.699 ], [ -65.299, -23.733 ], [ -65.333, -23.733 ] ] ], [ [ [ -65.333, -23.666 ], [ -65.366, -23.666 ], [ -65.366, -23.633 ], [ -65.333, -23.633 ], [ -65.333, -23.666 ] ] ], [ [ [ -66.266, -23.566 ], [ -66.266, -23.599 ], [ -66.299, -23.599 ], [ -66.299, -23.566 ], [ -66.266, -23.566 ] ] ], [ [ [ -66.266, -23.566 ], [ -66.266, -23.533 ], [ -66.233, -23.533 ], [ -66.233, -23.566 ], [ -66.266, -23.566 ] ] ], [ [ [ -65.299, -23.599 ], [ -65.333, -23.599 ], [ -65.333, -23.566 ], [ -65.299, -23.566 ], [ -65.299, -23.533 ], [ -65.266, -23.533 ], [ -65.266, -23.499 ], [ -65.233, -23.499 ], [ -65.199, -23.499 ], [ -65.199, -23.533 ], [ -65.233, -23.533 ], [ -65.233, -23.566 ], [ -65.266, -23.566 ], [ -65.266, -23.599 ], [ -65.299, -23.599 ] ] ], [ [ [ -66.666, -24.166 ], [ -66.699, -24.166 ], [ -66.733, -24.166 ], [ -66.733, -24.133 ], [ -66.766, -24.133 ], [ -66.799, -24.133 ], [ -66.833, -24.133 ], [ -66.866, -24.133 ], [ -66.866, -24.166 ], [ -66.899, -24.166 ], [ -66.899, -24.199 ], [ -66.899, -24.233 ], [ -66.899, -24.266 ], [ -66.899, -24.299 ], [ -66.866, -24.299 ], [ -66.866, -24.333 ], [ -66.899, -24.333 ], [ -66.899, -24.366 ], [ -66.933, -24.366 ], [ -66.933, -24.333 ], [ -66.933, -24.299 ], [ -66.933, -24.266 ], [ -66.966, -24.266 ], [ -66.966, -24.233 ], [ -66.966, -24.199 ], [ -66.966, -24.166 ], [ -66.966, -24.133 ], [ -66.966, -24.099 ], [ -66.933, -24.099 ], [ -66.899, -24.099 ], [ -66.899, -24.066 ], [ -66.899, -24.033 ], [ -66.899, -23.999 ], [ -66.933, -23.999 ], [ -66.933, -23.966 ], [ -66.966, -23.966 ], [ -66.966, -23.999 ], [ -66.999, -23.999 ], [ -66.999, -23.966 ], [ -66.999, -23.933 ], [ -66.999, -23.899 ], [ -66.966, -23.899 ], [ -66.966, -23.866 ], [ -66.933, -23.866 ], [ -66.933, -23.833 ], [ -66.899, -23.833 ], [ -66.866, -23.833 ], [ -66.866, -23.866 ], [ -66.833, -23.866 ], [ -66.833, -23.899 ], [ -66.833, -23.933 ], [ -66.833, -23.966 ], [ -66.866, -23.966 ], [ -66.866, -23.999 ], [ -66.866, -24.033 ], [ -66.833, -24.033 ], [ -66.833, -24.066 ], [ -66.799, -24.066 ], [ -66.766, -24.066 ], [ -66.766, -24.033 ], [ -66.733, -24.033 ], [ -66.733, -23.999 ], [ -66.733, -23.966 ], [ -66.699, -23.966 ], [ -66.699, -23.933 ], [ -66.699, -23.899 ], [ -66.699, -23.866 ], [ -66.699, -23.833 ], [ -66.666, -23.833 ], [ -66.666, -23.799 ], [ -66.666, -23.766 ], [ -66.666, -23.733 ], [ -66.633, -23.733 ], [ -66.633, -23.699 ], [ -66.633, -23.666 ], [ -66.633, -23.633 ], [ -66.633, -23.599 ], [ -66.633, -23.566 ], [ -66.599, -23.566 ], [ -66.599, -23.533 ], [ -66.566, -23.533 ], [ -66.566, -23.499 ], [ -66.566, -23.466 ], [ -66.533, -23.466 ], [ -66.533, -23.433 ], [ -66.499, -23.433 ], [ -66.499, -23.466 ], [ -66.499, -23.499 ], [ -66.499, -23.533 ], [ -66.533, -23.533 ], [ -66.533, -23.566 ], [ -66.533, -23.599 ], [ -66.499, -23.599 ], [ -66.499, -23.633 ], [ -66.499, -23.666 ], [ -66.499, -23.699 ], [ -66.533, -23.699 ], [ -66.566, -23.699 ], [ -66.566, -23.733 ], [ -66.533, -23.733 ], [ -66.533, -23.766 ], [ -66.533, -23.799 ], [ -66.566, -23.799 ], [ -66.566, -23.833 ], [ -66.566, -23.866 ], [ -66.533, -23.866 ], [ -66.533, -23.899 ], [ -66.533, -23.933 ], [ -66.499, -23.933 ], [ -66.466, -23.933 ], [ -66.466, -23.966 ], [ -66.433, -23.966 ], [ -66.399, -23.966 ], [ -66.399, -23.933 ], [ -66.399, -23.899 ], [ -66.366, -23.899 ], [ -66.366, -23.866 ], [ -66.333, -23.866 ], [ -66.333, -23.899 ], [ -66.333, -23.933 ], [ -66.299, -23.933 ], [ -66.299, -23.966 ], [ -66.299, -23.999 ], [ -66.333, -23.999 ], [ -66.366, -23.999 ], [ -66.399, -23.999 ], [ -66.433, -23.999 ], [ -66.466, -23.999 ], [ -66.499, -23.999 ], [ -66.533, -23.999 ], [ -66.566, -23.999 ], [ -66.566, -23.966 ], [ -66.566, -23.933 ], [ -66.599, -23.933 ], [ -66.599, -23.899 ], [ -66.599, -23.866 ], [ -66.633, -23.866 ], [ -66.633, -23.899 ], [ -66.633, -23.933 ], [ -66.666, -23.933 ], [ -66.666, -23.966 ], [ -66.633, -23.966 ], [ -66.633, -23.999 ], [ -66.666, -23.999 ], [ -66.699, -23.999 ], [ -66.699, -24.033 ], [ -66.699, -24.066 ], [ -66.699, -24.099 ], [ -66.666, -24.099 ], [ -66.666, -24.133 ], [ -66.666, -24.166 ] ], [ [ -66.599, -23.799 ], [ -66.599, -23.766 ], [ -66.633, -23.766 ], [ -66.633, -23.799 ], [ -66.599, -23.799 ] ] ], [ [ [ -66.966, -23.866 ], [ -66.999, -23.866 ], [ -66.999, -23.833 ], [ -67.033, -23.833 ], [ -67.066, -23.833 ], [ -67.066, -23.799 ], [ -67.099, -23.799 ], [ -67.133, -23.799 ], [ -67.166, -23.799 ], [ -67.199, -23.799 ], [ -67.233, -23.799 ], [ -67.233, -23.833 ], [ -67.258, -23.833 ], [ -67.253, -23.818 ], [ -67.235, -23.762 ], [ -67.214, -23.694 ], [ -67.114, -23.385 ], [ -67.099, -23.399 ], [ -67.099, -23.433 ], [ -67.066, -23.433 ], [ -67.033, -23.433 ], [ -67.033, -23.466 ], [ -66.999, -23.466 ], [ -66.999, -23.499 ], [ -66.966, -23.499 ], [ -66.966, -23.533 ], [ -66.933, -23.533 ], [ -66.933, -23.566 ], [ -66.933, -23.599 ], [ -66.899, -23.599 ], [ -66.899, -23.633 ], [ -66.866, -23.633 ], [ -66.866, -23.666 ], [ -66.833, -23.666 ], [ -66.799, -23.666 ], [ -66.799, -23.699 ], [ -66.799, -23.733 ], [ -66.799, -23.766 ], [ -66.799, -23.799 ], [ -66.799, -23.833 ], [ -66.833, -23.833 ], [ -66.833, -23.799 ], [ -66.866, -23.799 ], [ -66.866, -23.766 ], [ -66.833, -23.766 ], [ -66.833, -23.733 ], [ -66.866, -23.733 ], [ -66.866, -23.699 ], [ -66.899, -23.699 ], [ -66.899, -23.666 ], [ -66.933, -23.666 ], [ -66.933, -23.699 ], [ -66.966, -23.699 ], [ -66.966, -23.666 ], [ -66.966, -23.633 ], [ -66.999, -23.633 ], [ -67.033, -23.633 ], [ -67.033, -23.599 ], [ -66.999, -23.599 ], [ -66.999, -23.566 ], [ -67.033, -23.566 ], [ -67.033, -23.533 ], [ -67.066, -23.533 ], [ -67.066, -23.566 ], [ -67.066, -23.599 ], [ -67.066, -23.633 ], [ -67.099, -23.633 ], [ -67.099, -23.666 ], [ -67.099, -23.699 ], [ -67.066, -23.699 ], [ -67.066, -23.733 ], [ -67.066, -23.766 ], [ -67.033, -23.766 ], [ -66.999, -23.766 ], [ -66.966, -23.766 ], [ -66.966, -23.733 ], [ -66.933, -23.733 ], [ -66.933, -23.766 ], [ -66.933, -23.799 ], [ -66.966, -23.799 ], [ -66.966, -23.833 ], [ -66.966, -23.866 ] ] ], [ [ [ -65.933, -23.366 ], [ -65.933, -23.399 ], [ -65.899, -23.399 ], [ -65.899, -23.433 ], [ -65.899, -23.466 ], [ -65.933, -23.466 ], [ -65.933, -23.499 ], [ -65.966, -23.499 ], [ -65.966, -23.466 ], [ -65.999, -23.466 ], [ -65.999, -23.433 ], [ -65.966, -23.433 ], [ -65.966, -23.399 ], [ -65.966, -23.366 ], [ -65.933, -23.366 ] ] ], [ [ [ -65.599, -23.899 ], [ -65.633, -23.899 ], [ -65.633, -23.866 ], [ -65.633, -23.833 ], [ -65.666, -23.833 ], [ -65.699, -23.833 ], [ -65.699, -23.866 ], [ -65.699, -23.899 ], [ -65.733, -23.899 ], [ -65.733, -23.866 ], [ -65.766, -23.866 ], [ -65.799, -23.866 ], [ -65.799, -23.833 ], [ -65.766, -23.833 ], [ -65.766, -23.799 ], [ -65.766, -23.766 ], [ -65.766, -23.733 ], [ -65.766, -23.699 ], [ -65.733, -23.699 ], [ -65.733, -23.666 ], [ -65.733, -23.633 ], [ -65.766, -23.633 ], [ -65.766, -23.599 ], [ -65.733, -23.599 ], [ -65.733, -23.566 ], [ -65.699, -23.566 ], [ -65.666, -23.566 ], [ -65.633, -23.566 ], [ -65.633, -23.533 ], [ -65.633, -23.499 ], [ -65.599, -23.499 ], [ -65.599, -23.466 ], [ -65.566, -23.466 ], [ -65.566, -23.433 ], [ -65.566, -23.399 ], [ -65.566, -23.366 ], [ -65.533, -23.366 ], [ -65.499, -23.366 ], [ -65.499, -23.399 ], [ -65.466, -23.399 ], [ -65.433, -23.399 ], [ -65.433, -23.433 ], [ -65.466, -23.433 ], [ -65.499, -23.433 ], [ -65.499, -23.466 ], [ -65.499, -23.499 ], [ -65.499, -23.533 ], [ -65.533, -23.533 ], [ -65.533, -23.566 ], [ -65.533, -23.599 ], [ -65.566, -23.599 ], [ -65.566, -23.633 ], [ -65.599, -23.633 ], [ -65.633, -23.633 ], [ -65.666, -23.633 ], [ -65.666, -23.666 ], [ -65.666, -23.699 ], [ -65.666, -23.733 ], [ -65.666, -23.766 ], [ -65.633, -23.766 ], [ -65.633, -23.799 ], [ -65.599, -23.799 ], [ -65.599, -23.833 ], [ -65.599, -23.866 ], [ -65.599, -23.899 ] ] ], [ [ [ -65.733, -23.266 ], [ -65.699, -23.266 ], [ -65.699, -23.299 ], [ -65.733, -23.299 ], [ -65.733, -23.266 ] ] ], [ [ [ -65.033, -23.266 ], [ -64.999, -23.266 ], [ -64.966, -23.266 ], [ -64.966, -23.299 ], [ -64.999, -23.299 ], [ -64.999, -23.333 ], [ -65.033, -23.333 ], [ -65.033, -23.299 ], [ -65.033, -23.266 ] ] ], [ [ [ -65.733, -23.266 ], [ -65.766, -23.266 ], [ -65.766, -23.233 ], [ -65.733, -23.233 ], [ -65.733, -23.266 ] ] ], [ [ [ -65.699, -23.266 ], [ -65.699, -23.233 ], [ -65.666, -23.233 ], [ -65.666, -23.266 ], [ -65.699, -23.266 ] ] ], [ [ [ -67.033, -23.233 ], [ -67.064, -23.233 ], [ -67.062, -23.226 ], [ -67.043, -23.166 ], [ -66.999, -23.166 ], [ -66.999, -23.199 ], [ -67.033, -23.199 ], [ -67.033, -23.233 ] ] ], [ [ [ -66.466, -23.166 ], [ -66.433, -23.166 ], [ -66.433, -23.199 ], [ -66.433, -23.233 ], [ -66.466, -23.233 ], [ -66.466, -23.266 ], [ -66.466, -23.299 ], [ -66.466, -23.333 ], [ -66.466, -23.366 ], [ -66.466, -23.399 ], [ -66.499, -23.399 ], [ -66.533, -23.399 ], [ -66.533, -23.366 ], [ -66.499, -23.366 ], [ -66.499, -23.333 ], [ -66.533, -23.333 ], [ -66.533, -23.299 ], [ -66.499, -23.299 ], [ -66.499, -23.266 ], [ -66.499, -23.233 ], [ -66.499, -23.199 ], [ -66.466, -23.199 ], [ -66.466, -23.166 ] ] ], [ [ [ -66.466, -23.166 ], [ -66.499, -23.166 ], [ -66.499, -23.133 ], [ -66.466, -23.133 ], [ -66.466, -23.166 ] ] ], [ [ [ -65.733, -23.166 ], [ -65.766, -23.166 ], [ -65.766, -23.133 ], [ -65.733, -23.133 ], [ -65.733, -23.166 ] ] ], [ [ [ -66.433, -23.166 ], [ -66.433, -23.133 ], [ -66.466, -23.133 ], [ -66.466, -23.099 ], [ -66.433, -23.099 ], [ -66.433, -23.066 ], [ -66.399, -23.066 ], [ -66.399, -23.099 ], [ -66.399, -23.133 ], [ -66.399, -23.166 ], [ -66.433, -23.166 ] ] ], [ [ [ -65.233, -23.099 ], [ -65.266, -23.099 ], [ -65.266, -23.066 ], [ -65.233, -23.066 ], [ -65.233, -23.099 ] ] ], [ [ [ -66.966, -23.066 ], [ -66.966, -23.099 ], [ -66.999, -23.099 ], [ -67.022, -23.099 ], [ -67.009, -23.057 ], [ -66.999, -23.066 ], [ -66.966, -23.066 ] ] ], [ [ [ -66.833, -23.066 ], [ -66.833, -23.099 ], [ -66.833, -23.133 ], [ -66.833, -23.166 ], [ -66.799, -23.166 ], [ -66.799, -23.199 ], [ -66.799, -23.233 ], [ -66.799, -23.266 ], [ -66.799, -23.299 ], [ -66.799, -23.333 ], [ -66.799, -23.366 ], [ -66.833, -23.366 ], [ -66.833, -23.333 ], [ -66.833, -23.299 ], [ -66.866, -23.299 ], [ -66.866, -23.333 ], [ -66.866, -23.366 ], [ -66.866, -23.399 ], [ -66.866, -23.433 ], [ -66.833, -23.433 ], [ -66.833, -23.466 ], [ -66.833, -23.499 ], [ -66.799, -23.499 ], [ -66.799, -23.533 ], [ -66.799, -23.566 ], [ -66.799, -23.599 ], [ -66.833, -23.599 ], [ -66.866, -23.599 ], [ -66.866, -23.566 ], [ -66.899, -23.566 ], [ -66.899, -23.533 ], [ -66.899, -23.499 ], [ -66.899, -23.466 ], [ -66.899, -23.433 ], [ -66.933, -23.433 ], [ -66.933, -23.399 ], [ -66.933, -23.366 ], [ -66.933, -23.333 ], [ -66.899, -23.333 ], [ -66.899, -23.299 ], [ -66.899, -23.266 ], [ -66.899, -23.233 ], [ -66.899, -23.199 ], [ -66.899, -23.166 ], [ -66.899, -23.133 ], [ -66.866, -23.133 ], [ -66.866, -23.099 ], [ -66.899, -23.099 ], [ -66.899, -23.066 ], [ -66.933, -23.066 ], [ -66.966, -23.066 ], [ -66.966, -23.033 ], [ -66.933, -23.033 ], [ -66.899, -23.033 ], [ -66.899, -22.999 ], [ -66.866, -22.999 ], [ -66.866, -23.033 ], [ -66.866, -23.066 ], [ -66.833, -23.066 ] ] ], [ [ [ -65.199, -22.999 ], [ -65.199, -23.033 ], [ -65.233, -23.033 ], [ -65.233, -22.999 ], [ -65.199, -22.999 ] ] ], [ [ [ -65.033, -23.266 ], [ -65.066, -23.266 ], [ -65.066, -23.299 ], [ -65.066, -23.333 ], [ -65.099, -23.333 ], [ -65.099, -23.366 ], [ -65.133, -23.366 ], [ -65.133, -23.399 ], [ -65.166, -23.399 ], [ -65.199, -23.399 ], [ -65.199, -23.433 ], [ -65.233, -23.433 ], [ -65.266, -23.433 ], [ -65.266, -23.399 ], [ -65.299, -23.399 ], [ -65.299, -23.366 ], [ -65.266, -23.366 ], [ -65.266, -23.333 ], [ -65.233, -23.333 ], [ -65.233, -23.299 ], [ -65.199, -23.299 ], [ -65.199, -23.266 ], [ -65.166, -23.266 ], [ -65.166, -23.233 ], [ -65.166, -23.199 ], [ -65.133, -23.199 ], [ -65.133, -23.166 ], [ -65.133, -23.133 ], [ -65.133, -23.099 ], [ -65.133, -23.066 ], [ -65.099, -23.066 ], [ -65.099, -23.033 ], [ -65.066, -23.033 ], [ -65.066, -22.999 ], [ -65.033, -22.999 ], [ -65.033, -23.033 ], [ -65.033, -23.066 ], [ -65.033, -23.099 ], [ -65.033, -23.133 ], [ -65.033, -23.166 ], [ -65.033, -23.199 ], [ -65.033, -23.233 ], [ -65.033, -23.266 ] ] ], [ [ [ -66.299, -23.033 ], [ -66.333, -23.033 ], [ -66.333, -22.999 ], [ -66.333, -22.966 ], [ -66.299, -22.966 ], [ -66.266, -22.966 ], [ -66.266, -22.999 ], [ -66.266, -23.033 ], [ -66.299, -23.033 ] ] ], [ [ [ -66.566, -22.966 ], [ -66.566, -22.999 ], [ -66.599, -22.999 ], [ -66.633, -22.999 ], [ -66.666, -22.999 ], [ -66.666, -22.966 ], [ -66.633, -22.966 ], [ -66.633, -22.933 ], [ -66.599, -22.933 ], [ -66.599, -22.966 ], [ -66.566, -22.966 ] ] ], [ [ [ -65.199, -22.999 ], [ -65.199, -22.966 ], [ -65.233, -22.966 ], [ -65.233, -22.933 ], [ -65.199, -22.933 ], [ -65.166, -22.933 ], [ -65.166, -22.966 ], [ -65.166, -22.999 ], [ -65.199, -22.999 ] ] ], [ [ [ -65.066, -22.966 ], [ -65.099, -22.966 ], [ -65.099, -22.933 ], [ -65.066, -22.933 ], [ -65.033, -22.933 ], [ -64.999, -22.933 ], [ -64.999, -22.966 ], [ -65.033, -22.966 ], [ -65.066, -22.966 ] ] ], [ [ [ -66.133, -22.999 ], [ -66.166, -22.999 ], [ -66.166, -22.966 ], [ -66.166, -22.933 ], [ -66.166, -22.899 ], [ -66.133, -22.899 ], [ -66.099, -22.899 ], [ -66.099, -22.933 ], [ -66.099, -22.966 ], [ -66.133, -22.966 ], [ -66.133, -22.999 ] ] ], [ [ [ -66.566, -22.966 ], [ -66.566, -22.933 ], [ -66.533, -22.933 ], [ -66.533, -22.899 ], [ -66.533, -22.866 ], [ -66.533, -22.833 ], [ -66.566, -22.833 ], [ -66.566, -22.799 ], [ -66.533, -22.799 ], [ -66.499, -22.799 ], [ -66.466, -22.799 ], [ -66.466, -22.833 ], [ -66.433, -22.833 ], [ -66.433, -22.866 ], [ -66.399, -22.866 ], [ -66.366, -22.866 ], [ -66.366, -22.833 ], [ -66.333, -22.833 ], [ -66.333, -22.799 ], [ -66.333, -22.766 ], [ -66.366, -22.766 ], [ -66.366, -22.733 ], [ -66.333, -22.733 ], [ -66.333, -22.699 ], [ -66.299, -22.699 ], [ -66.299, -22.733 ], [ -66.299, -22.766 ], [ -66.299, -22.799 ], [ -66.299, -22.833 ], [ -66.299, -22.866 ], [ -66.333, -22.866 ], [ -66.333, -22.899 ], [ -66.333, -22.933 ], [ -66.366, -22.933 ], [ -66.366, -22.966 ], [ -66.366, -22.999 ], [ -66.399, -22.999 ], [ -66.399, -22.966 ], [ -66.433, -22.966 ], [ -66.466, -22.966 ], [ -66.466, -22.933 ], [ -66.499, -22.933 ], [ -66.499, -22.966 ], [ -66.533, -22.966 ], [ -66.566, -22.966 ] ] ], [ [ [ -67.033, -22.699 ], [ -67.033, -22.733 ], [ -66.999, -22.733 ], [ -66.999, -22.766 ], [ -66.999, -22.799 ], [ -67.033, -22.799 ], [ -67.066, -22.799 ], [ -67.066, -22.833 ], [ -67.099, -22.833 ], [ -67.099, -22.866 ], [ -67.113, -22.880 ], [ -67.147, -22.847 ], [ -67.133, -22.833 ], [ -67.133, -22.799 ], [ -67.172, -22.799 ], [ -67.146, -22.753 ], [ -67.133, -22.766 ], [ -67.099, -22.766 ], [ -67.099, -22.733 ], [ -67.099, -22.705 ], [ -67.033, -22.666 ], [ -67.033, -22.699 ] ] ], [ [ [ -66.299, -22.666 ], [ -66.333, -22.666 ], [ -66.333, -22.633 ], [ -66.299, -22.633 ], [ -66.299, -22.666 ] ] ], [ [ [ -65.333, -22.499 ], [ -65.333, -22.533 ], [ -65.366, -22.533 ], [ -65.366, -22.499 ], [ -65.333, -22.499 ] ] ], [ [ [ -66.566, -22.799 ], [ -66.599, -22.799 ], [ -66.633, -22.799 ], [ -66.666, -22.799 ], [ -66.699, -22.799 ], [ -66.699, -22.833 ], [ -66.699, -22.866 ], [ -66.666, -22.866 ], [ -66.666, -22.899 ], [ -66.666, -22.933 ], [ -66.666, -22.966 ], [ -66.699, -22.966 ], [ -66.699, -22.933 ], [ -66.733, -22.933 ], [ -66.766, -22.933 ], [ -66.766, -22.899 ], [ -66.799, -22.899 ], [ -66.799, -22.933 ], [ -66.766, -22.933 ], [ -66.766, -22.966 ], [ -66.766, -22.999 ], [ -66.733, -22.999 ], [ -66.733, -23.033 ], [ -66.733, -23.066 ], [ -66.766, -23.066 ], [ -66.766, -23.033 ], [ -66.799, -23.033 ], [ -66.799, -23.066 ], [ -66.833, -23.066 ], [ -66.833, -23.033 ], [ -66.833, -22.999 ], [ -66.866, -22.999 ], [ -66.866, -22.966 ], [ -66.899, -22.966 ], [ -66.899, -22.933 ], [ -66.933, -22.933 ], [ -66.933, -22.899 ], [ -66.933, -22.866 ], [ -66.899, -22.866 ], [ -66.899, -22.833 ], [ -66.899, -22.799 ], [ -66.866, -22.799 ], [ -66.866, -22.766 ], [ -66.899, -22.766 ], [ -66.933, -22.766 ], [ -66.933, -22.733 ], [ -66.933, -22.699 ], [ -66.966, -22.699 ], [ -66.966, -22.666 ], [ -66.966, -22.633 ], [ -66.999, -22.633 ], [ -66.999, -22.599 ], [ -66.999, -22.566 ], [ -66.966, -22.566 ], [ -66.933, -22.566 ], [ -66.933, -22.533 ], [ -66.899, -22.533 ], [ -66.899, -22.499 ], [ -66.866, -22.499 ], [ -66.866, -22.470 ], [ -66.815, -22.451 ], [ -66.799, -22.466 ], [ -66.799, -22.499 ], [ -66.799, -22.533 ], [ -66.766, -22.533 ], [ -66.766, -22.499 ], [ -66.733, -22.499 ], [ -66.699, -22.499 ], [ -66.699, -22.533 ], [ -66.666, -22.533 ], [ -66.633, -22.533 ], [ -66.599, -22.533 ], [ -66.566, -22.533 ], [ -66.566, -22.566 ], [ -66.566, -22.599 ], [ -66.533, -22.599 ], [ -66.533, -22.566 ], [ -66.533, -22.533 ], [ -66.499, -22.533 ], [ -66.499, -22.566 ], [ -66.499, -22.599 ], [ -66.499, -22.633 ], [ -66.533, -22.633 ], [ -66.533, -22.666 ], [ -66.566, -22.666 ], [ -66.566, -22.699 ], [ -66.533, -22.699 ], [ -66.499, -22.699 ], [ -66.499, -22.733 ], [ -66.533, -22.733 ], [ -66.533, -22.766 ], [ -66.566, -22.766 ], [ -66.566, -22.799 ] ], [ [ -66.599, -22.599 ], [ -66.599, -22.566 ], [ -66.633, -22.566 ], [ -66.633, -22.599 ], [ -66.599, -22.599 ] ] ], [ [ [ -66.766, -22.699 ], [ -66.766, -22.666 ], [ -66.799, -22.666 ], [ -66.799, -22.699 ], [ -66.766, -22.699 ] ] ], [ [ [ -66.766, -22.633 ], [ -66.766, -22.599 ], [ -66.799, -22.599 ], [ -66.833, -22.599 ], [ -66.833, -22.633 ], [ -66.799, -22.633 ], [ -66.766, -22.633 ] ] ], [ [ [ -66.866, -22.899 ], [ -66.866, -22.933 ], [ -66.833, -22.933 ], [ -66.833, -22.899 ], [ -66.866, -22.899 ] ] ], [ [ [ -66.699, -22.466 ], [ -66.733, -22.466 ], [ -66.733, -22.433 ], [ -66.699, -22.433 ], [ -66.699, -22.466 ] ] ], [ [ [ -65.333, -22.499 ], [ -65.333, -22.466 ], [ -65.299, -22.466 ], [ -65.266, -22.466 ], [ -65.233, -22.466 ], [ -65.233, -22.433 ], [ -65.199, -22.433 ], [ -65.166, -22.433 ], [ -65.166, -22.466 ], [ -65.199, -22.466 ], [ -65.199, -22.499 ], [ -65.233, -22.499 ], [ -65.266, -22.499 ], [ -65.299, -22.499 ], [ -65.333, -22.499 ] ] ], [ [ [ -66.766, -22.433 ], [ -66.783, -22.433 ], [ -66.783, -22.431 ], [ -66.785, -22.425 ], [ -66.784, -22.401 ], [ -66.779, -22.387 ], [ -66.766, -22.399 ], [ -66.766, -22.433 ] ] ], [ [ [ -65.233, -22.366 ], [ -65.266, -22.366 ], [ -65.266, -22.333 ], [ -65.233, -22.333 ], [ -65.233, -22.366 ] ] ], [ [ [ -64.999, -22.366 ], [ -65.033, -22.366 ], [ -65.033, -22.333 ], [ -64.999, -22.333 ], [ -64.999, -22.366 ] ] ], [ [ [ -66.699, -22.266 ], [ -66.699, -22.299 ], [ -66.699, -22.333 ], [ -66.733, -22.333 ], [ -66.761, -22.333 ], [ -66.760, -22.327 ], [ -66.756, -22.315 ], [ -66.755, -22.299 ], [ -66.743, -22.256 ], [ -66.733, -22.266 ], [ -66.699, -22.266 ] ] ], [ [ [ -66.699, -22.266 ], [ -66.699, -22.233 ], [ -66.666, -22.233 ], [ -66.651, -22.217 ], [ -66.644, -22.221 ], [ -66.633, -22.233 ], [ -66.633, -22.266 ], [ -66.666, -22.266 ], [ -66.699, -22.266 ] ] ] ] } }
]
}
