{
"type": "FeatureCollection",
                                                                                                                                  
"features": [
{ "type": "Feature", "properties": { "pm_icon": "AR_5b", "hzs": "5b" }, "geometry": { "type": "MultiPolygon", "coordinates": [ [ [ [ -72.233, -50.766 ], [ -72.266, -50.766 ], [ -72.266, -50.733 ], [ -72.233, -50.733 ], [ -72.233, -50.766 ] ] ], [ [ [ -73.233, -50.599 ], [ -73.266, -50.599 ], [ -73.266, -50.566 ], [ -73.266, -50.533 ], [ -73.233, -50.533 ], [ -73.233, -50.566 ], [ -73.233, -50.599 ] ] ], [ [ [ -73.299, -50.499 ], [ -73.333, -50.499 ], [ -73.333, -50.466 ], [ -73.299, -50.466 ], [ -73.299, -50.499 ] ] ], [ [ [ -73.399, -50.485 ], [ -73.406, -50.485 ], [ -73.413, -50.485 ], [ -73.417, -50.485 ], [ -73.422, -50.485 ], [ -73.427, -50.484 ], [ -73.431, -50.484 ], [ -73.432, -50.483 ], [ -73.432, -50.481 ], [ -73.430, -50.479 ], [ -73.426, -50.479 ], [ -73.422, -50.477 ], [ -73.416, -50.473 ], [ -73.407, -50.467 ], [ -73.406, -50.466 ], [ -73.406, -50.463 ], [ -73.407, -50.460 ], [ -73.407, -50.459 ], [ -73.399, -50.466 ], [ -73.399, -50.485 ] ] ], [ [ [ -73.366, -50.333 ], [ -73.399, -50.333 ], [ -73.399, -50.299 ], [ -73.366, -50.299 ], [ -73.366, -50.333 ] ] ], [ [ [ -73.466, -50.033 ], [ -73.466, -50.066 ], [ -73.490, -50.066 ], [ -73.492, -50.064 ], [ -73.492, -50.061 ], [ -73.491, -50.060 ], [ -73.488, -50.059 ], [ -73.484, -50.056 ], [ -73.482, -50.054 ], [ -73.483, -50.051 ], [ -73.484, -50.050 ], [ -73.488, -50.050 ], [ -73.494, -50.049 ], [ -73.496, -50.048 ], [ -73.498, -50.046 ], [ -73.499, -50.044 ], [ -73.5, -50.044 ], [ -73.502, -50.043 ], [ -73.506, -50.043 ], [ -73.510, -50.043 ], [ -73.499, -50.033 ], [ -73.466, -50.033 ] ] ], [ [ [ -72.999, -49.999 ], [ -72.966, -49.999 ], [ -72.933, -49.999 ], [ -72.933, -50.033 ], [ -72.966, -50.033 ], [ -72.999, -50.033 ], [ -72.999, -49.999 ] ] ], [ [ [ -72.999, -49.999 ], [ -73.033, -49.999 ], [ -73.033, -49.966 ], [ -72.999, -49.966 ], [ -72.999, -49.999 ] ] ], [ [ [ -72.933, -49.999 ], [ -72.933, -49.966 ], [ -72.899, -49.966 ], [ -72.899, -49.999 ], [ -72.933, -49.999 ] ] ], [ [ [ -73.433, -49.999 ], [ -73.466, -49.999 ], [ -73.466, -49.966 ], [ -73.466, -49.933 ], [ -73.433, -49.933 ], [ -73.433, -49.966 ], [ -73.433, -49.999 ] ] ], [ [ [ -72.933, -49.966 ], [ -72.966, -49.966 ], [ -72.999, -49.966 ], [ -72.999, -49.933 ], [ -72.966, -49.933 ], [ -72.933, -49.933 ], [ -72.933, -49.966 ] ] ], [ [ [ -73.399, -49.833 ], [ -73.433, -49.833 ], [ -73.433, -49.789 ], [ -73.399, -49.789 ], [ -73.399, -49.833 ] ] ], [ [ [ -72.533, -49.333 ], [ -72.566, -49.333 ], [ -72.566, -49.299 ], [ -72.566, -49.266 ], [ -72.533, -49.266 ], [ -72.533, -49.299 ], [ -72.533, -49.333 ] ] ], [ [ [ -72.133, -48.866 ], [ -72.133, -48.899 ], [ -72.099, -48.899 ], [ -72.099, -48.933 ], [ -72.133, -48.933 ], [ -72.166, -48.933 ], [ -72.199, -48.933 ], [ -72.199, -48.899 ], [ -72.166, -48.899 ], [ -72.166, -48.866 ], [ -72.133, -48.866 ] ] ], [ [ [ -72.133, -48.199 ], [ -72.166, -48.199 ], [ -72.166, -48.166 ], [ -72.166, -48.133 ], [ -72.133, -48.133 ], [ -72.133, -48.166 ], [ -72.133, -48.199 ] ] ], [ [ [ -71.833, -47.733 ], [ -71.833, -47.766 ], [ -71.866, -47.766 ], [ -71.866, -47.733 ], [ -71.899, -47.733 ], [ -71.899, -47.699 ], [ -71.866, -47.699 ], [ -71.833, -47.699 ], [ -71.833, -47.733 ] ] ], [ [ [ -72.233, -47.666 ], [ -72.233, -47.699 ], [ -72.266, -47.699 ], [ -72.299, -47.699 ], [ -72.299, -47.666 ], [ -72.266, -47.666 ], [ -72.233, -47.666 ] ] ], [ [ [ -72.233, -47.666 ], [ -72.233, -47.633 ], [ -72.199, -47.633 ], [ -72.199, -47.666 ], [ -72.233, -47.666 ] ] ], [ [ [ -72.266, -47.599 ], [ -72.299, -47.599 ], [ -72.299, -47.566 ], [ -72.266, -47.566 ], [ -72.266, -47.599 ] ] ], [ [ [ -71.666, -47.066 ], [ -71.666, -47.099 ], [ -71.699, -47.099 ], [ -71.699, -47.066 ], [ -71.666, -47.066 ] ] ], [ [ [ -71.666, -47.066 ], [ -71.666, -47.033 ], [ -71.699, -47.033 ], [ -71.733, -47.033 ], [ -71.733, -46.999 ], [ -71.699, -46.999 ], [ -71.666, -46.999 ], [ -71.633, -46.999 ], [ -71.633, -47.033 ], [ -71.633, -47.066 ], [ -71.666, -47.066 ] ] ], [ [ [ -71.466, -39.666 ], [ -71.499, -39.666 ], [ -71.499, -39.633 ], [ -71.466, -39.633 ], [ -71.466, -39.666 ] ] ], [ [ [ -70.599, -39.099 ], [ -70.633, -39.099 ], [ -70.633, -39.066 ], [ -70.599, -39.066 ], [ -70.599, -39.099 ] ] ], [ [ [ -70.833, -38.499 ], [ -70.833, -38.533 ], [ -70.840, -38.540 ], [ -70.842, -38.538 ], [ -70.847, -38.533 ], [ -70.851, -38.531 ], [ -70.856, -38.529 ], [ -70.861, -38.525 ], [ -70.863, -38.523 ], [ -70.863, -38.520 ], [ -70.863, -38.517 ], [ -70.863, -38.516 ], [ -70.864, -38.514 ], [ -70.869, -38.512 ], [ -70.874, -38.511 ], [ -70.877, -38.511 ], [ -70.866, -38.499 ], [ -70.833, -38.499 ] ] ], [ [ [ -70.866, -38.266 ], [ -70.899, -38.266 ], [ -70.899, -38.233 ], [ -70.866, -38.233 ], [ -70.866, -38.266 ] ] ], [ [ [ -71.133, -37.833 ], [ -71.133, -37.864 ], [ -71.135, -37.862 ], [ -71.138, -37.860 ], [ -71.142, -37.858 ], [ -71.146, -37.857 ], [ -71.152, -37.858 ], [ -71.156, -37.856 ], [ -71.160, -37.855 ], [ -71.173, -37.857 ], [ -71.168, -37.855 ], [ -71.166, -37.854 ], [ -71.164, -37.851 ], [ -71.162, -37.847 ], [ -71.161, -37.844 ], [ -71.159, -37.841 ], [ -71.156, -37.839 ], [ -71.151, -37.838 ], [ -71.147, -37.838 ], [ -71.141, -37.835 ], [ -71.137, -37.835 ], [ -71.133, -37.833 ] ] ], [ [ [ -69.999, -37.233 ], [ -69.999, -37.266 ], [ -70.033, -37.266 ], [ -70.066, -37.266 ], [ -70.066, -37.233 ], [ -70.033, -37.233 ], [ -69.999, -37.233 ] ] ], [ [ [ -70.533, -37.233 ], [ -70.566, -37.233 ], [ -70.566, -37.199 ], [ -70.566, -37.166 ], [ -70.533, -37.166 ], [ -70.533, -37.199 ], [ -70.533, -37.233 ] ] ], [ [ [ -70.099, -37.199 ], [ -70.133, -37.199 ], [ -70.133, -37.166 ], [ -70.099, -37.166 ], [ -70.066, -37.166 ], [ -70.066, -37.199 ], [ -70.099, -37.199 ] ] ], [ [ [ -70.899, -37.166 ], [ -70.933, -37.166 ], [ -70.933, -37.133 ], [ -70.899, -37.133 ], [ -70.866, -37.133 ], [ -70.866, -37.166 ], [ -70.899, -37.166 ] ] ], [ [ [ -69.999, -37.233 ], [ -69.999, -37.199 ], [ -69.999, -37.166 ], [ -69.999, -37.133 ], [ -69.966, -37.133 ], [ -69.966, -37.166 ], [ -69.966, -37.199 ], [ -69.966, -37.233 ], [ -69.999, -37.233 ] ] ], [ [ [ -70.033, -37.133 ], [ -70.066, -37.133 ], [ -70.066, -37.099 ], [ -70.033, -37.099 ], [ -70.033, -37.133 ] ] ], [ [ [ -70.533, -37.066 ], [ -70.499, -37.066 ], [ -70.499, -37.099 ], [ -70.499, -37.133 ], [ -70.533, -37.133 ], [ -70.533, -37.099 ], [ -70.533, -37.066 ] ] ], [ [ [ -70.133, -37.033 ], [ -70.133, -37.066 ], [ -70.166, -37.066 ], [ -70.166, -37.033 ], [ -70.133, -37.033 ] ] ], [ [ [ -70.533, -37.066 ], [ -70.566, -37.066 ], [ -70.566, -37.033 ], [ -70.566, -36.999 ], [ -70.533, -36.999 ], [ -70.533, -37.033 ], [ -70.533, -37.066 ] ] ], [ [ [ -70.133, -37.033 ], [ -70.133, -36.999 ], [ -70.099, -36.999 ], [ -70.099, -37.033 ], [ -70.133, -37.033 ] ] ], [ [ [ -71.199, -36.973 ], [ -71.199, -36.986 ], [ -71.201, -36.985 ], [ -71.205, -36.985 ], [ -71.210, -36.986 ], [ -71.214, -36.985 ], [ -71.217, -36.983 ], [ -71.220, -36.980 ], [ -71.221, -36.979 ], [ -71.222, -36.977 ], [ -71.221, -36.976 ], [ -71.219, -36.973 ], [ -71.216, -36.974 ], [ -71.207, -36.974 ], [ -71.199, -36.973 ] ] ], [ [ [ -70.533, -36.999 ], [ -70.533, -36.966 ], [ -70.499, -36.966 ], [ -70.499, -36.999 ], [ -70.533, -36.999 ] ] ], [ [ [ -70.066, -36.933 ], [ -70.099, -36.933 ], [ -70.099, -36.899 ], [ -70.066, -36.899 ], [ -70.066, -36.933 ] ] ], [ [ [ -70.533, -36.866 ], [ -70.533, -36.899 ], [ -70.566, -36.899 ], [ -70.566, -36.866 ], [ -70.533, -36.866 ] ] ], [ [ [ -70.333, -36.766 ], [ -70.299, -36.766 ], [ -70.299, -36.799 ], [ -70.266, -36.799 ], [ -70.233, -36.799 ], [ -70.233, -36.766 ], [ -70.199, -36.766 ], [ -70.199, -36.799 ], [ -70.199, -36.833 ], [ -70.233, -36.833 ], [ -70.233, -36.866 ], [ -70.266, -36.866 ], [ -70.299, -36.866 ], [ -70.333, -36.866 ], [ -70.333, -36.833 ], [ -70.333, -36.799 ], [ -70.333, -36.766 ] ] ], [ [ [ -70.199, -36.766 ], [ -70.199, -36.733 ], [ -70.166, -36.733 ], [ -70.166, -36.766 ], [ -70.199, -36.766 ] ] ], [ [ [ -70.333, -36.766 ], [ -70.366, -36.766 ], [ -70.399, -36.766 ], [ -70.399, -36.733 ], [ -70.399, -36.699 ], [ -70.366, -36.699 ], [ -70.366, -36.733 ], [ -70.333, -36.733 ], [ -70.333, -36.766 ] ] ], [ [ [ -70.233, -36.766 ], [ -70.266, -36.766 ], [ -70.266, -36.733 ], [ -70.266, -36.699 ], [ -70.233, -36.699 ], [ -70.233, -36.733 ], [ -70.233, -36.766 ] ] ], [ [ [ -70.233, -36.699 ], [ -70.233, -36.666 ], [ -70.199, -36.666 ], [ -70.199, -36.699 ], [ -70.233, -36.699 ] ] ], [ [ [ -70.366, -36.699 ], [ -70.366, -36.666 ], [ -70.366, -36.633 ], [ -70.333, -36.633 ], [ -70.333, -36.666 ], [ -70.299, -36.666 ], [ -70.299, -36.699 ], [ -70.333, -36.699 ], [ -70.366, -36.699 ] ] ], [ [ [ -70.533, -36.866 ], [ -70.533, -36.833 ], [ -70.566, -36.833 ], [ -70.566, -36.799 ], [ -70.566, -36.766 ], [ -70.533, -36.766 ], [ -70.499, -36.766 ], [ -70.499, -36.733 ], [ -70.533, -36.733 ], [ -70.533, -36.699 ], [ -70.533, -36.666 ], [ -70.533, -36.633 ], [ -70.533, -36.599 ], [ -70.499, -36.599 ], [ -70.499, -36.633 ], [ -70.499, -36.666 ], [ -70.499, -36.699 ], [ -70.466, -36.699 ], [ -70.466, -36.733 ], [ -70.433, -36.733 ], [ -70.433, -36.766 ], [ -70.433, -36.799 ], [ -70.466, -36.799 ], [ -70.466, -36.833 ], [ -70.433, -36.833 ], [ -70.399, -36.833 ], [ -70.399, -36.866 ], [ -70.433, -36.866 ], [ -70.466, -36.866 ], [ -70.499, -36.866 ], [ -70.533, -36.866 ] ] ], [ [ [ -70.299, -36.566 ], [ -70.266, -36.566 ], [ -70.233, -36.566 ], [ -70.233, -36.599 ], [ -70.199, -36.599 ], [ -70.199, -36.566 ], [ -70.166, -36.566 ], [ -70.166, -36.599 ], [ -70.166, -36.633 ], [ -70.199, -36.633 ], [ -70.233, -36.633 ], [ -70.266, -36.633 ], [ -70.266, -36.599 ], [ -70.299, -36.599 ], [ -70.299, -36.566 ] ] ], [ [ [ -70.533, -36.599 ], [ -70.566, -36.599 ], [ -70.566, -36.566 ], [ -70.599, -36.566 ], [ -70.599, -36.533 ], [ -70.566, -36.533 ], [ -70.533, -36.533 ], [ -70.533, -36.566 ], [ -70.533, -36.599 ] ] ], [ [ [ -70.399, -36.533 ], [ -70.366, -36.533 ], [ -70.366, -36.566 ], [ -70.399, -36.566 ], [ -70.399, -36.533 ] ] ], [ [ [ -70.299, -36.566 ], [ -70.333, -36.566 ], [ -70.333, -36.533 ], [ -70.299, -36.533 ], [ -70.299, -36.566 ] ] ], [ [ [ -69.999, -36.499 ], [ -69.966, -36.499 ], [ -69.966, -36.533 ], [ -69.966, -36.566 ], [ -69.933, -36.566 ], [ -69.933, -36.599 ], [ -69.966, -36.599 ], [ -69.999, -36.599 ], [ -69.999, -36.566 ], [ -70.033, -36.566 ], [ -70.033, -36.533 ], [ -69.999, -36.533 ], [ -69.999, -36.499 ] ] ], [ [ [ -69.999, -36.499 ], [ -70.033, -36.499 ], [ -70.066, -36.499 ], [ -70.099, -36.499 ], [ -70.099, -36.466 ], [ -70.066, -36.466 ], [ -70.033, -36.466 ], [ -69.999, -36.466 ], [ -69.999, -36.499 ] ] ], [ [ [ -69.966, -36.499 ], [ -69.966, -36.466 ], [ -69.933, -36.466 ], [ -69.933, -36.499 ], [ -69.966, -36.499 ] ] ], [ [ [ -70.366, -36.466 ], [ -70.366, -36.499 ], [ -70.399, -36.499 ], [ -70.399, -36.533 ], [ -70.433, -36.533 ], [ -70.466, -36.533 ], [ -70.466, -36.499 ], [ -70.466, -36.466 ], [ -70.433, -36.466 ], [ -70.433, -36.433 ], [ -70.399, -36.433 ], [ -70.399, -36.466 ], [ -70.366, -36.466 ] ] ], [ [ [ -69.299, -36.433 ], [ -69.266, -36.433 ], [ -69.266, -36.466 ], [ -69.233, -36.466 ], [ -69.233, -36.499 ], [ -69.233, -36.533 ], [ -69.266, -36.533 ], [ -69.266, -36.499 ], [ -69.299, -36.499 ], [ -69.299, -36.466 ], [ -69.299, -36.433 ] ] ], [ [ [ -69.133, -36.433 ], [ -69.133, -36.466 ], [ -69.166, -36.466 ], [ -69.166, -36.433 ], [ -69.133, -36.433 ] ] ], [ [ [ -70.499, -36.399 ], [ -70.499, -36.433 ], [ -70.533, -36.433 ], [ -70.533, -36.399 ], [ -70.499, -36.399 ] ] ], [ [ [ -70.433, -36.433 ], [ -70.466, -36.433 ], [ -70.466, -36.399 ], [ -70.433, -36.399 ], [ -70.433, -36.433 ] ] ], [ [ [ -70.366, -36.466 ], [ -70.366, -36.433 ], [ -70.366, -36.399 ], [ -70.333, -36.399 ], [ -70.333, -36.433 ], [ -70.333, -36.466 ], [ -70.366, -36.466 ] ] ], [ [ [ -69.933, -36.399 ], [ -69.899, -36.399 ], [ -69.899, -36.433 ], [ -69.933, -36.433 ], [ -69.933, -36.399 ] ] ], [ [ [ -69.299, -36.433 ], [ -69.333, -36.433 ], [ -69.333, -36.399 ], [ -69.299, -36.399 ], [ -69.299, -36.433 ] ] ], [ [ [ -69.133, -36.433 ], [ -69.133, -36.399 ], [ -69.099, -36.399 ], [ -69.099, -36.433 ], [ -69.133, -36.433 ] ] ], [ [ [ -70.466, -36.399 ], [ -70.499, -36.399 ], [ -70.499, -36.366 ], [ -70.466, -36.366 ], [ -70.466, -36.399 ] ] ], [ [ [ -70.366, -36.399 ], [ -70.399, -36.399 ], [ -70.433, -36.399 ], [ -70.433, -36.366 ], [ -70.399, -36.366 ], [ -70.366, -36.366 ], [ -70.366, -36.399 ] ] ], [ [ [ -69.299, -36.399 ], [ -69.299, -36.366 ], [ -69.266, -36.366 ], [ -69.266, -36.399 ], [ -69.299, -36.399 ] ] ], [ [ [ -69.099, -36.399 ], [ -69.099, -36.366 ], [ -69.066, -36.366 ], [ -69.066, -36.399 ], [ -69.099, -36.399 ] ] ], [ [ [ -70.499, -36.366 ], [ -70.533, -36.366 ], [ -70.566, -36.366 ], [ -70.566, -36.399 ], [ -70.599, -36.399 ], [ -70.599, -36.366 ], [ -70.599, -36.333 ], [ -70.566, -36.333 ], [ -70.533, -36.333 ], [ -70.533, -36.299 ], [ -70.499, -36.299 ], [ -70.466, -36.299 ], [ -70.433, -36.299 ], [ -70.399, -36.299 ], [ -70.399, -36.333 ], [ -70.433, -36.333 ], [ -70.466, -36.333 ], [ -70.499, -36.333 ], [ -70.499, -36.366 ] ] ], [ [ [ -70.133, -36.333 ], [ -70.166, -36.333 ], [ -70.166, -36.299 ], [ -70.133, -36.299 ], [ -70.133, -36.333 ] ] ], [ [ [ -69.933, -36.399 ], [ -69.966, -36.399 ], [ -69.966, -36.433 ], [ -69.999, -36.433 ], [ -70.033, -36.433 ], [ -70.066, -36.433 ], [ -70.066, -36.399 ], [ -70.066, -36.366 ], [ -70.099, -36.366 ], [ -70.099, -36.333 ], [ -70.066, -36.333 ], [ -70.033, -36.333 ], [ -70.033, -36.299 ], [ -69.999, -36.299 ], [ -69.999, -36.333 ], [ -69.999, -36.366 ], [ -69.966, -36.366 ], [ -69.933, -36.366 ], [ -69.933, -36.399 ] ] ], [ [ [ -70.633, -36.239 ], [ -70.633, -36.266 ], [ -70.666, -36.266 ], [ -70.666, -36.299 ], [ -70.666, -36.333 ], [ -70.705, -36.333 ], [ -70.704, -36.330 ], [ -70.703, -36.327 ], [ -70.702, -36.323 ], [ -70.702, -36.320 ], [ -70.698, -36.318 ], [ -70.695, -36.314 ], [ -70.691, -36.311 ], [ -70.687, -36.310 ], [ -70.686, -36.307 ], [ -70.684, -36.304 ], [ -70.684, -36.302 ], [ -70.687, -36.300 ], [ -70.688, -36.299 ], [ -70.687, -36.296 ], [ -70.686, -36.292 ], [ -70.684, -36.288 ], [ -70.684, -36.285 ], [ -70.686, -36.283 ], [ -70.689, -36.281 ], [ -70.692, -36.280 ], [ -70.695, -36.279 ], [ -70.699, -36.279 ], [ -70.702, -36.279 ], [ -70.704, -36.278 ], [ -70.705, -36.275 ], [ -70.705, -36.273 ], [ -70.705, -36.272 ], [ -70.701, -36.268 ], [ -70.697, -36.266 ], [ -70.694, -36.263 ], [ -70.691, -36.260 ], [ -70.691, -36.257 ], [ -70.685, -36.256 ], [ -70.680, -36.256 ], [ -70.678, -36.251 ], [ -70.674, -36.249 ], [ -70.670, -36.247 ], [ -70.668, -36.244 ], [ -70.664, -36.242 ], [ -70.659, -36.241 ], [ -70.653, -36.240 ], [ -70.648, -36.241 ], [ -70.643, -36.242 ], [ -70.639, -36.242 ], [ -70.637, -36.242 ], [ -70.635, -36.241 ], [ -70.633, -36.239 ] ] ], [ [ [ -70.499, -36.233 ], [ -70.466, -36.233 ], [ -70.466, -36.266 ], [ -70.499, -36.266 ], [ -70.499, -36.233 ] ] ], [ [ [ -70.133, -36.233 ], [ -70.133, -36.266 ], [ -70.166, -36.266 ], [ -70.166, -36.233 ], [ -70.133, -36.233 ] ] ], [ [ [ -70.033, -36.266 ], [ -70.066, -36.266 ], [ -70.066, -36.233 ], [ -70.033, -36.233 ], [ -70.033, -36.266 ] ] ], [ [ [ -70.133, -36.233 ], [ -70.133, -36.199 ], [ -70.099, -36.199 ], [ -70.099, -36.233 ], [ -70.133, -36.233 ] ] ], [ [ [ -70.233, -36.166 ], [ -70.199, -36.166 ], [ -70.199, -36.199 ], [ -70.199, -36.233 ], [ -70.233, -36.233 ], [ -70.233, -36.199 ], [ -70.233, -36.166 ] ] ], [ [ [ -70.099, -36.166 ], [ -70.133, -36.166 ], [ -70.133, -36.133 ], [ -70.099, -36.133 ], [ -70.099, -36.166 ] ] ], [ [ [ -69.933, -36.133 ], [ -69.933, -36.166 ], [ -69.933, -36.199 ], [ -69.966, -36.199 ], [ -69.966, -36.166 ], [ -69.966, -36.133 ], [ -69.933, -36.133 ] ] ], [ [ [ -70.499, -36.199 ], [ -70.499, -36.233 ], [ -70.533, -36.233 ], [ -70.533, -36.266 ], [ -70.533, -36.299 ], [ -70.566, -36.299 ], [ -70.566, -36.266 ], [ -70.566, -36.233 ], [ -70.566, -36.199 ], [ -70.599, -36.199 ], [ -70.599, -36.233 ], [ -70.628, -36.233 ], [ -70.626, -36.230 ], [ -70.625, -36.226 ], [ -70.625, -36.223 ], [ -70.628, -36.220 ], [ -70.633, -36.218 ], [ -70.633, -36.217 ], [ -70.631, -36.216 ], [ -70.627, -36.212 ], [ -70.622, -36.211 ], [ -70.617, -36.210 ], [ -70.614, -36.209 ], [ -70.612, -36.208 ], [ -70.611, -36.206 ], [ -70.606, -36.206 ], [ -70.606, -36.202 ], [ -70.604, -36.198 ], [ -70.601, -36.194 ], [ -70.599, -36.191 ], [ -70.595, -36.189 ], [ -70.591, -36.188 ], [ -70.586, -36.189 ], [ -70.584, -36.186 ], [ -70.583, -36.182 ], [ -70.579, -36.179 ], [ -70.574, -36.176 ], [ -70.571, -36.174 ], [ -70.571, -36.169 ], [ -70.574, -36.164 ], [ -70.573, -36.160 ], [ -70.572, -36.157 ], [ -70.575, -36.156 ], [ -70.579, -36.154 ], [ -70.581, -36.151 ], [ -70.583, -36.147 ], [ -70.582, -36.143 ], [ -70.580, -36.140 ], [ -70.577, -36.138 ], [ -70.574, -36.136 ], [ -70.571, -36.135 ], [ -70.570, -36.133 ], [ -70.567, -36.132 ], [ -70.564, -36.134 ], [ -70.560, -36.137 ], [ -70.558, -36.138 ], [ -70.552, -36.138 ], [ -70.548, -36.140 ], [ -70.544, -36.142 ], [ -70.538, -36.142 ], [ -70.534, -36.141 ], [ -70.531, -36.142 ], [ -70.528, -36.144 ], [ -70.524, -36.146 ], [ -70.522, -36.147 ], [ -70.517, -36.151 ], [ -70.533, -36.166 ], [ -70.533, -36.199 ], [ -70.499, -36.199 ] ] ], [ [ [ -70.499, -36.199 ], [ -70.499, -36.170 ], [ -70.498, -36.170 ], [ -70.494, -36.170 ], [ -70.488, -36.169 ], [ -70.483, -36.170 ], [ -70.482, -36.171 ], [ -70.480, -36.172 ], [ -70.477, -36.173 ], [ -70.472, -36.172 ], [ -70.468, -36.172 ], [ -70.461, -36.172 ], [ -70.455, -36.171 ], [ -70.451, -36.172 ], [ -70.447, -36.171 ], [ -70.443, -36.167 ], [ -70.437, -36.164 ], [ -70.429, -36.159 ], [ -70.424, -36.155 ], [ -70.421, -36.152 ], [ -70.422, -36.147 ], [ -70.419, -36.141 ], [ -70.417, -36.136 ], [ -70.419, -36.129 ], [ -70.421, -36.126 ], [ -70.421, -36.122 ], [ -70.419, -36.118 ], [ -70.417, -36.113 ], [ -70.414, -36.109 ], [ -70.414, -36.105 ], [ -70.416, -36.100 ], [ -70.416, -36.099 ], [ -70.399, -36.099 ], [ -70.399, -36.133 ], [ -70.399, -36.166 ], [ -70.399, -36.199 ], [ -70.433, -36.199 ], [ -70.466, -36.199 ], [ -70.499, -36.199 ] ] ], [ [ [ -70.233, -36.166 ], [ -70.266, -36.166 ], [ -70.266, -36.133 ], [ -70.266, -36.099 ], [ -70.299, -36.099 ], [ -70.299, -36.133 ], [ -70.333, -36.133 ], [ -70.333, -36.099 ], [ -70.366, -36.099 ], [ -70.399, -36.099 ], [ -70.399, -36.066 ], [ -70.366, -36.066 ], [ -70.333, -36.066 ], [ -70.333, -36.033 ], [ -70.299, -36.033 ], [ -70.266, -36.033 ], [ -70.233, -36.033 ], [ -70.233, -36.066 ], [ -70.233, -36.099 ], [ -70.233, -36.133 ], [ -70.233, -36.166 ] ] ], [ [ [ -69.933, -36.133 ], [ -69.933, -36.099 ], [ -69.933, -36.066 ], [ -69.933, -36.033 ], [ -69.899, -36.033 ], [ -69.899, -36.066 ], [ -69.899, -36.099 ], [ -69.899, -36.133 ], [ -69.933, -36.133 ] ] ], [ [ [ -69.466, -36.066 ], [ -69.499, -36.066 ], [ -69.499, -36.033 ], [ -69.499, -35.999 ], [ -69.499, -35.966 ], [ -69.466, -35.966 ], [ -69.466, -35.999 ], [ -69.466, -36.033 ], [ -69.466, -36.066 ] ] ], [ [ [ -69.899, -35.933 ], [ -69.899, -35.966 ], [ -69.933, -35.966 ], [ -69.933, -35.933 ], [ -69.899, -35.933 ] ] ], [ [ [ -70.333, -36.033 ], [ -70.366, -36.033 ], [ -70.381, -36.018 ], [ -70.382, -36.013 ], [ -70.381, -36.009 ], [ -70.382, -36.002 ], [ -70.381, -35.998 ], [ -70.381, -35.996 ], [ -70.385, -35.992 ], [ -70.391, -35.987 ], [ -70.394, -35.984 ], [ -70.398, -35.975 ], [ -70.401, -35.971 ], [ -70.404, -35.966 ], [ -70.410, -35.965 ], [ -70.414, -35.965 ], [ -70.416, -35.963 ], [ -70.417, -35.960 ], [ -70.416, -35.958 ], [ -70.411, -35.956 ], [ -70.406, -35.955 ], [ -70.402, -35.953 ], [ -70.397, -35.951 ], [ -70.394, -35.950 ], [ -70.391, -35.947 ], [ -70.390, -35.946 ], [ -70.389, -35.944 ], [ -70.387, -35.942 ], [ -70.384, -35.936 ], [ -70.379, -35.933 ], [ -70.366, -35.933 ], [ -70.366, -35.966 ], [ -70.333, -35.966 ], [ -70.333, -35.933 ], [ -70.333, -35.899 ], [ -70.299, -35.899 ], [ -70.299, -35.933 ], [ -70.299, -35.966 ], [ -70.266, -35.966 ], [ -70.266, -35.999 ], [ -70.299, -35.999 ], [ -70.333, -35.999 ], [ -70.333, -36.033 ] ] ], [ [ [ -70.133, -35.899 ], [ -70.099, -35.899 ], [ -70.099, -35.933 ], [ -70.133, -35.933 ], [ -70.133, -35.899 ] ] ], [ [ [ -69.899, -35.933 ], [ -69.899, -35.899 ], [ -69.866, -35.899 ], [ -69.866, -35.933 ], [ -69.899, -35.933 ] ] ], [ [ [ -70.133, -35.899 ], [ -70.166, -35.899 ], [ -70.166, -35.866 ], [ -70.133, -35.866 ], [ -70.133, -35.899 ] ] ], [ [ [ -69.899, -35.766 ], [ -69.866, -35.766 ], [ -69.866, -35.799 ], [ -69.899, -35.799 ], [ -69.899, -35.766 ] ] ], [ [ [ -70.299, -35.733 ], [ -70.333, -35.733 ], [ -70.333, -35.766 ], [ -70.299, -35.766 ], [ -70.299, -35.733 ], [ -70.266, -35.733 ], [ -70.266, -35.766 ], [ -70.233, -35.766 ], [ -70.233, -35.799 ], [ -70.233, -35.833 ], [ -70.233, -35.866 ], [ -70.266, -35.866 ], [ -70.266, -35.833 ], [ -70.299, -35.833 ], [ -70.299, -35.866 ], [ -70.333, -35.866 ], [ -70.333, -35.899 ], [ -70.366, -35.899 ], [ -70.399, -35.899 ], [ -70.399, -35.866 ], [ -70.399, -35.866 ], [ -70.395, -35.868 ], [ -70.392, -35.868 ], [ -70.388, -35.868 ], [ -70.386, -35.868 ], [ -70.382, -35.867 ], [ -70.379, -35.865 ], [ -70.379, -35.861 ], [ -70.380, -35.856 ], [ -70.379, -35.851 ], [ -70.376, -35.848 ], [ -70.372, -35.844 ], [ -70.369, -35.841 ], [ -70.364, -35.840 ], [ -70.359, -35.840 ], [ -70.357, -35.840 ], [ -70.353, -35.839 ], [ -70.350, -35.838 ], [ -70.346, -35.836 ], [ -70.341, -35.834 ], [ -70.338, -35.832 ], [ -70.334, -35.830 ], [ -70.330, -35.826 ], [ -70.327, -35.823 ], [ -70.324, -35.819 ], [ -70.318, -35.819 ], [ -70.315, -35.818 ], [ -70.313, -35.815 ], [ -70.306, -35.812 ], [ -70.311, -35.813 ], [ -70.320, -35.811 ], [ -70.324, -35.809 ], [ -70.325, -35.807 ], [ -70.328, -35.805 ], [ -70.330, -35.801 ], [ -70.333, -35.798 ], [ -70.336, -35.796 ], [ -70.338, -35.796 ], [ -70.341, -35.797 ], [ -70.344, -35.798 ], [ -70.348, -35.799 ], [ -70.351, -35.800 ], [ -70.355, -35.800 ], [ -70.358, -35.800 ], [ -70.359, -35.797 ], [ -70.361, -35.795 ], [ -70.365, -35.792 ], [ -70.369, -35.790 ], [ -70.374, -35.789 ], [ -70.379, -35.787 ], [ -70.376, -35.783 ], [ -70.376, -35.779 ], [ -70.377, -35.775 ], [ -70.377, -35.770 ], [ -70.377, -35.767 ], [ -70.374, -35.762 ], [ -70.374, -35.757 ], [ -70.369, -35.754 ], [ -70.365, -35.754 ], [ -70.361, -35.752 ], [ -70.358, -35.748 ], [ -70.361, -35.745 ], [ -70.362, -35.742 ], [ -70.366, -35.739 ], [ -70.369, -35.737 ], [ -70.370, -35.734 ], [ -70.369, -35.731 ], [ -70.368, -35.728 ], [ -70.369, -35.725 ], [ -70.369, -35.721 ], [ -70.371, -35.718 ], [ -70.370, -35.715 ], [ -70.371, -35.712 ], [ -70.372, -35.709 ], [ -70.373, -35.706 ], [ -70.375, -35.703 ], [ -70.375, -35.700 ], [ -70.377, -35.699 ], [ -70.381, -35.697 ], [ -70.384, -35.695 ], [ -70.386, -35.692 ], [ -70.388, -35.690 ], [ -70.390, -35.689 ], [ -70.394, -35.688 ], [ -70.397, -35.687 ], [ -70.399, -35.685 ], [ -70.400, -35.682 ], [ -70.402, -35.679 ], [ -70.405, -35.676 ], [ -70.406, -35.672 ], [ -70.406, -35.669 ], [ -70.404, -35.667 ], [ -70.403, -35.666 ], [ -70.366, -35.666 ], [ -70.333, -35.666 ], [ -70.333, -35.699 ], [ -70.299, -35.699 ], [ -70.299, -35.733 ] ] ], [ [ [ -70.233, -35.666 ], [ -70.266, -35.666 ], [ -70.266, -35.633 ], [ -70.233, -35.633 ], [ -70.233, -35.666 ] ] ], [ [ [ -70.333, -35.633 ], [ -70.366, -35.633 ], [ -70.366, -35.599 ], [ -70.333, -35.599 ], [ -70.299, -35.599 ], [ -70.299, -35.633 ], [ -70.333, -35.633 ] ] ], [ [ [ -68.433, -35.599 ], [ -68.433, -35.633 ], [ -68.466, -35.633 ], [ -68.499, -35.633 ], [ -68.533, -35.633 ], [ -68.533, -35.599 ], [ -68.499, -35.599 ], [ -68.466, -35.599 ], [ -68.433, -35.599 ] ] ], [ [ [ -68.433, -35.599 ], [ -68.433, -35.566 ], [ -68.399, -35.566 ], [ -68.399, -35.599 ], [ -68.433, -35.599 ] ] ], [ [ [ -70.366, -35.533 ], [ -70.366, -35.566 ], [ -70.403, -35.566 ], [ -70.403, -35.563 ], [ -70.405, -35.562 ], [ -70.407, -35.561 ], [ -70.408, -35.559 ], [ -70.408, -35.556 ], [ -70.407, -35.553 ], [ -70.408, -35.550 ], [ -70.409, -35.547 ], [ -70.410, -35.544 ], [ -70.409, -35.541 ], [ -70.408, -35.539 ], [ -70.408, -35.536 ], [ -70.409, -35.534 ], [ -70.410, -35.533 ], [ -70.366, -35.533 ] ] ], [ [ [ -68.499, -35.566 ], [ -68.533, -35.566 ], [ -68.533, -35.533 ], [ -68.499, -35.533 ], [ -68.499, -35.566 ] ] ], [ [ [ -68.433, -35.566 ], [ -68.466, -35.566 ], [ -68.466, -35.533 ], [ -68.433, -35.533 ], [ -68.433, -35.566 ] ] ], [ [ [ -70.333, -35.499 ], [ -70.299, -35.499 ], [ -70.299, -35.533 ], [ -70.333, -35.533 ], [ -70.333, -35.499 ] ] ], [ [ [ -69.899, -35.766 ], [ -69.933, -35.766 ], [ -69.966, -35.766 ], [ -69.999, -35.766 ], [ -69.999, -35.733 ], [ -69.999, -35.699 ], [ -69.999, -35.666 ], [ -69.999, -35.633 ], [ -70.033, -35.633 ], [ -70.066, -35.633 ], [ -70.099, -35.633 ], [ -70.099, -35.599 ], [ -70.099, -35.566 ], [ -70.099, -35.533 ], [ -70.066, -35.533 ], [ -70.066, -35.499 ], [ -70.033, -35.499 ], [ -69.999, -35.499 ], [ -69.999, -35.533 ], [ -70.033, -35.533 ], [ -70.033, -35.566 ], [ -70.033, -35.599 ], [ -69.999, -35.599 ], [ -69.966, -35.599 ], [ -69.966, -35.633 ], [ -69.933, -35.633 ], [ -69.899, -35.633 ], [ -69.899, -35.666 ], [ -69.933, -35.666 ], [ -69.966, -35.666 ], [ -69.966, -35.699 ], [ -69.966, -35.733 ], [ -69.933, -35.733 ], [ -69.899, -35.733 ], [ -69.899, -35.766 ] ] ], [ [ [ -70.333, -35.499 ], [ -70.366, -35.499 ], [ -70.366, -35.466 ], [ -70.333, -35.466 ], [ -70.333, -35.499 ] ] ], [ [ [ -70.133, -35.433 ], [ -70.099, -35.433 ], [ -70.099, -35.466 ], [ -70.099, -35.499 ], [ -70.133, -35.499 ], [ -70.133, -35.533 ], [ -70.166, -35.533 ], [ -70.166, -35.499 ], [ -70.166, -35.466 ], [ -70.133, -35.466 ], [ -70.133, -35.433 ] ] ], [ [ [ -69.933, -35.466 ], [ -69.966, -35.466 ], [ -69.966, -35.433 ], [ -69.933, -35.433 ], [ -69.933, -35.466 ] ] ], [ [ [ -70.366, -35.466 ], [ -70.399, -35.466 ], [ -70.435, -35.466 ], [ -70.437, -35.465 ], [ -70.439, -35.460 ], [ -70.439, -35.455 ], [ -70.439, -35.452 ], [ -70.438, -35.448 ], [ -70.434, -35.447 ], [ -70.432, -35.446 ], [ -70.433, -35.443 ], [ -70.434, -35.440 ], [ -70.433, -35.435 ], [ -70.436, -35.435 ], [ -70.440, -35.434 ], [ -70.445, -35.433 ], [ -70.446, -35.432 ], [ -70.447, -35.429 ], [ -70.451, -35.428 ], [ -70.453, -35.427 ], [ -70.453, -35.425 ], [ -70.452, -35.423 ], [ -70.451, -35.421 ], [ -70.450, -35.420 ], [ -70.448, -35.419 ], [ -70.445, -35.418 ], [ -70.441, -35.416 ], [ -70.439, -35.414 ], [ -70.440, -35.411 ], [ -70.443, -35.410 ], [ -70.446, -35.407 ], [ -70.450, -35.402 ], [ -70.450, -35.399 ], [ -70.399, -35.399 ], [ -70.366, -35.399 ], [ -70.333, -35.399 ], [ -70.333, -35.433 ], [ -70.366, -35.433 ], [ -70.366, -35.466 ] ] ], [ [ [ -70.199, -35.399 ], [ -70.233, -35.399 ], [ -70.233, -35.366 ], [ -70.199, -35.366 ], [ -70.199, -35.399 ] ] ], [ [ [ -69.966, -35.399 ], [ -69.999, -35.399 ], [ -69.999, -35.366 ], [ -69.966, -35.366 ], [ -69.933, -35.366 ], [ -69.933, -35.399 ], [ -69.966, -35.399 ] ] ], [ [ [ -69.866, -35.399 ], [ -69.899, -35.399 ], [ -69.899, -35.366 ], [ -69.866, -35.366 ], [ -69.866, -35.399 ] ] ], [ [ [ -70.333, -35.399 ], [ -70.333, -35.366 ], [ -70.366, -35.366 ], [ -70.399, -35.366 ], [ -70.399, -35.333 ], [ -70.366, -35.333 ], [ -70.333, -35.333 ], [ -70.299, -35.333 ], [ -70.299, -35.366 ], [ -70.299, -35.399 ], [ -70.333, -35.399 ] ] ], [ [ [ -70.133, -35.433 ], [ -70.166, -35.433 ], [ -70.199, -35.433 ], [ -70.199, -35.399 ], [ -70.166, -35.399 ], [ -70.166, -35.366 ], [ -70.199, -35.366 ], [ -70.199, -35.333 ], [ -70.166, -35.333 ], [ -70.133, -35.333 ], [ -70.133, -35.366 ], [ -70.133, -35.399 ], [ -70.133, -35.433 ] ] ], [ [ [ -70.066, -35.366 ], [ -70.099, -35.366 ], [ -70.099, -35.333 ], [ -70.099, -35.299 ], [ -70.066, -35.299 ], [ -70.066, -35.333 ], [ -70.066, -35.366 ] ] ], [ [ [ -69.866, -35.299 ], [ -69.866, -35.333 ], [ -69.899, -35.333 ], [ -69.899, -35.299 ], [ -69.866, -35.299 ] ] ], [ [ [ -70.299, -35.299 ], [ -70.333, -35.299 ], [ -70.333, -35.266 ], [ -70.333, -35.233 ], [ -70.299, -35.233 ], [ -70.299, -35.266 ], [ -70.299, -35.299 ] ] ], [ [ [ -70.233, -35.266 ], [ -70.266, -35.266 ], [ -70.266, -35.233 ], [ -70.233, -35.233 ], [ -70.233, -35.266 ] ] ], [ [ [ -70.166, -35.233 ], [ -70.166, -35.266 ], [ -70.199, -35.266 ], [ -70.199, -35.233 ], [ -70.166, -35.233 ] ] ], [ [ [ -69.999, -35.266 ], [ -70.033, -35.266 ], [ -70.033, -35.233 ], [ -69.999, -35.233 ], [ -69.999, -35.266 ] ] ], [ [ [ -69.933, -35.233 ], [ -69.899, -35.233 ], [ -69.899, -35.266 ], [ -69.933, -35.266 ], [ -69.933, -35.233 ] ] ], [ [ [ -69.866, -35.299 ], [ -69.866, -35.266 ], [ -69.866, -35.233 ], [ -69.833, -35.233 ], [ -69.833, -35.266 ], [ -69.833, -35.299 ], [ -69.866, -35.299 ] ] ], [ [ [ -69.933, -35.233 ], [ -69.966, -35.233 ], [ -69.966, -35.199 ], [ -69.933, -35.199 ], [ -69.933, -35.233 ] ] ], [ [ [ -70.528, -35.202 ], [ -70.525, -35.205 ], [ -70.522, -35.205 ], [ -70.520, -35.205 ], [ -70.517, -35.204 ], [ -70.514, -35.203 ], [ -70.511, -35.202 ], [ -70.502, -35.202 ], [ -70.499, -35.202 ], [ -70.499, -35.233 ], [ -70.499, -35.266 ], [ -70.499, -35.322 ], [ -70.500, -35.322 ], [ -70.503, -35.321 ], [ -70.505, -35.319 ], [ -70.505, -35.317 ], [ -70.507, -35.315 ], [ -70.509, -35.312 ], [ -70.511, -35.310 ], [ -70.515, -35.309 ], [ -70.522, -35.308 ], [ -70.526, -35.308 ], [ -70.531, -35.308 ], [ -70.533, -35.307 ], [ -70.533, -35.266 ], [ -70.533, -35.233 ], [ -70.533, -35.198 ], [ -70.529, -35.198 ], [ -70.528, -35.202 ] ] ], [ [ [ -70.366, -35.199 ], [ -70.366, -35.233 ], [ -70.399, -35.233 ], [ -70.399, -35.266 ], [ -70.366, -35.266 ], [ -70.366, -35.299 ], [ -70.399, -35.299 ], [ -70.399, -35.333 ], [ -70.434, -35.333 ], [ -70.435, -35.331 ], [ -70.436, -35.329 ], [ -70.436, -35.326 ], [ -70.436, -35.323 ], [ -70.436, -35.322 ], [ -70.435, -35.320 ], [ -70.434, -35.320 ], [ -70.432, -35.318 ], [ -70.434, -35.317 ], [ -70.439, -35.316 ], [ -70.446, -35.315 ], [ -70.448, -35.315 ], [ -70.433, -35.299 ], [ -70.433, -35.266 ], [ -70.466, -35.266 ], [ -70.466, -35.233 ], [ -70.433, -35.233 ], [ -70.433, -35.199 ], [ -70.439, -35.193 ], [ -70.437, -35.192 ], [ -70.432, -35.190 ], [ -70.431, -35.190 ], [ -70.429, -35.188 ], [ -70.426, -35.188 ], [ -70.425, -35.184 ], [ -70.422, -35.183 ], [ -70.419, -35.183 ], [ -70.415, -35.183 ], [ -70.408, -35.179 ], [ -70.404, -35.180 ], [ -70.400, -35.178 ], [ -70.399, -35.177 ], [ -70.399, -35.199 ], [ -70.366, -35.199 ] ] ], [ [ [ -70.366, -35.199 ], [ -70.366, -35.166 ], [ -70.333, -35.166 ], [ -70.299, -35.166 ], [ -70.299, -35.199 ], [ -70.333, -35.199 ], [ -70.366, -35.199 ] ] ], [ [ [ -70.166, -35.233 ], [ -70.166, -35.199 ], [ -70.166, -35.166 ], [ -70.133, -35.166 ], [ -70.133, -35.199 ], [ -70.099, -35.199 ], [ -70.099, -35.233 ], [ -70.133, -35.233 ], [ -70.166, -35.233 ] ] ], [ [ [ -70.033, -35.133 ], [ -69.999, -35.133 ], [ -69.999, -35.166 ], [ -70.033, -35.166 ], [ -70.033, -35.133 ] ] ], [ [ [ -70.299, -35.133 ], [ -70.333, -35.133 ], [ -70.333, -35.099 ], [ -70.299, -35.099 ], [ -70.266, -35.099 ], [ -70.266, -35.133 ], [ -70.299, -35.133 ] ] ], [ [ [ -70.199, -35.099 ], [ -70.166, -35.099 ], [ -70.166, -35.133 ], [ -70.199, -35.133 ], [ -70.199, -35.099 ] ] ], [ [ [ -70.033, -35.133 ], [ -70.066, -35.133 ], [ -70.066, -35.099 ], [ -70.033, -35.099 ], [ -70.033, -35.133 ] ] ], [ [ [ -69.999, -35.133 ], [ -69.999, -35.099 ], [ -69.966, -35.099 ], [ -69.966, -35.133 ], [ -69.999, -35.133 ] ] ], [ [ [ -69.866, -35.099 ], [ -69.866, -35.133 ], [ -69.899, -35.133 ], [ -69.899, -35.099 ], [ -69.866, -35.099 ] ] ], [ [ [ -69.866, -35.099 ], [ -69.866, -35.066 ], [ -69.899, -35.066 ], [ -69.899, -35.033 ], [ -69.899, -34.999 ], [ -69.899, -34.966 ], [ -69.866, -34.966 ], [ -69.866, -34.999 ], [ -69.866, -35.033 ], [ -69.833, -35.033 ], [ -69.833, -35.066 ], [ -69.833, -35.099 ], [ -69.866, -35.099 ] ] ], [ [ [ -70.166, -35.099 ], [ -70.166, -35.066 ], [ -70.199, -35.066 ], [ -70.199, -35.099 ], [ -70.233, -35.099 ], [ -70.233, -35.066 ], [ -70.266, -35.066 ], [ -70.299, -35.066 ], [ -70.333, -35.066 ], [ -70.333, -35.033 ], [ -70.299, -35.033 ], [ -70.266, -35.033 ], [ -70.266, -34.999 ], [ -70.233, -34.999 ], [ -70.233, -34.966 ], [ -70.233, -34.933 ], [ -70.199, -34.933 ], [ -70.199, -34.966 ], [ -70.199, -34.999 ], [ -70.199, -35.033 ], [ -70.166, -35.033 ], [ -70.133, -35.033 ], [ -70.099, -35.033 ], [ -70.099, -35.066 ], [ -70.133, -35.066 ], [ -70.133, -35.099 ], [ -70.166, -35.099 ] ] ], [ [ [ -69.866, -34.933 ], [ -69.899, -34.933 ], [ -69.899, -34.899 ], [ -69.866, -34.899 ], [ -69.866, -34.933 ] ] ], [ [ [ -69.999, -34.866 ], [ -70.033, -34.866 ], [ -70.033, -34.833 ], [ -69.999, -34.833 ], [ -69.999, -34.866 ] ] ], [ [ [ -69.866, -34.833 ], [ -69.833, -34.833 ], [ -69.833, -34.866 ], [ -69.866, -34.866 ], [ -69.866, -34.833 ] ] ], [ [ [ -69.866, -34.833 ], [ -69.899, -34.833 ], [ -69.933, -34.833 ], [ -69.933, -34.799 ], [ -69.899, -34.799 ], [ -69.866, -34.799 ], [ -69.866, -34.833 ] ] ], [ [ [ -69.699, -34.799 ], [ -69.699, -34.833 ], [ -69.733, -34.833 ], [ -69.733, -34.866 ], [ -69.733, -34.899 ], [ -69.766, -34.899 ], [ -69.799, -34.899 ], [ -69.799, -34.866 ], [ -69.766, -34.866 ], [ -69.766, -34.833 ], [ -69.799, -34.833 ], [ -69.799, -34.799 ], [ -69.766, -34.799 ], [ -69.733, -34.799 ], [ -69.699, -34.799 ] ] ], [ [ [ -70.066, -34.766 ], [ -70.066, -34.799 ], [ -70.099, -34.799 ], [ -70.099, -34.766 ], [ -70.066, -34.766 ] ] ], [ [ [ -70.133, -34.733 ], [ -70.133, -34.766 ], [ -70.166, -34.766 ], [ -70.166, -34.733 ], [ -70.133, -34.733 ] ] ], [ [ [ -70.066, -34.766 ], [ -70.066, -34.733 ], [ -70.033, -34.733 ], [ -70.033, -34.766 ], [ -70.066, -34.766 ] ] ], [ [ [ -70.133, -34.733 ], [ -70.133, -34.699 ], [ -70.133, -34.666 ], [ -70.099, -34.666 ], [ -70.099, -34.699 ], [ -70.099, -34.733 ], [ -70.133, -34.733 ] ] ], [ [ [ -70.066, -34.666 ], [ -70.033, -34.666 ], [ -70.033, -34.699 ], [ -70.066, -34.699 ], [ -70.066, -34.666 ] ] ], [ [ [ -69.699, -34.799 ], [ -69.699, -34.766 ], [ -69.699, -34.733 ], [ -69.666, -34.733 ], [ -69.666, -34.699 ], [ -69.666, -34.666 ], [ -69.633, -34.666 ], [ -69.633, -34.699 ], [ -69.633, -34.733 ], [ -69.633, -34.766 ], [ -69.599, -34.766 ], [ -69.599, -34.799 ], [ -69.599, -34.833 ], [ -69.599, -34.866 ], [ -69.633, -34.866 ], [ -69.633, -34.833 ], [ -69.666, -34.833 ], [ -69.666, -34.799 ], [ -69.699, -34.799 ] ] ], [ [ [ -70.066, -34.666 ], [ -70.099, -34.666 ], [ -70.099, -34.633 ], [ -70.066, -34.633 ], [ -70.066, -34.666 ] ] ], [ [ [ -69.633, -34.666 ], [ -69.633, -34.633 ], [ -69.599, -34.633 ], [ -69.599, -34.666 ], [ -69.633, -34.666 ] ] ], [ [ [ -70.099, -34.633 ], [ -70.133, -34.633 ], [ -70.133, -34.599 ], [ -70.099, -34.599 ], [ -70.099, -34.633 ] ] ], [ [ [ -69.733, -34.599 ], [ -69.699, -34.599 ], [ -69.699, -34.633 ], [ -69.699, -34.666 ], [ -69.733, -34.666 ], [ -69.766, -34.666 ], [ -69.766, -34.633 ], [ -69.733, -34.633 ], [ -69.733, -34.599 ] ] ], [ [ [ -69.733, -34.599 ], [ -69.766, -34.599 ], [ -69.766, -34.566 ], [ -69.733, -34.566 ], [ -69.733, -34.599 ] ] ], [ [ [ -69.699, -34.599 ], [ -69.699, -34.566 ], [ -69.666, -34.566 ], [ -69.633, -34.566 ], [ -69.599, -34.566 ], [ -69.599, -34.599 ], [ -69.633, -34.599 ], [ -69.666, -34.599 ], [ -69.699, -34.599 ] ] ], [ [ [ -69.566, -34.566 ], [ -69.533, -34.566 ], [ -69.499, -34.566 ], [ -69.499, -34.599 ], [ -69.533, -34.599 ], [ -69.566, -34.599 ], [ -69.566, -34.566 ] ] ], [ [ [ -69.766, -34.566 ], [ -69.799, -34.566 ], [ -69.799, -34.533 ], [ -69.766, -34.533 ], [ -69.766, -34.566 ] ] ], [ [ [ -69.566, -34.566 ], [ -69.599, -34.566 ], [ -69.599, -34.533 ], [ -69.566, -34.533 ], [ -69.566, -34.566 ] ] ], [ [ [ -69.499, -34.566 ], [ -69.499, -34.533 ], [ -69.466, -34.533 ], [ -69.466, -34.566 ], [ -69.499, -34.566 ] ] ], [ [ [ -69.699, -34.533 ], [ -69.733, -34.533 ], [ -69.733, -34.499 ], [ -69.699, -34.499 ], [ -69.699, -34.533 ] ] ], [ [ [ -69.633, -34.466 ], [ -69.666, -34.466 ], [ -69.666, -34.433 ], [ -69.633, -34.433 ], [ -69.633, -34.466 ] ] ], [ [ [ -69.733, -34.466 ], [ -69.766, -34.466 ], [ -69.766, -34.433 ], [ -69.766, -34.399 ], [ -69.733, -34.399 ], [ -69.733, -34.433 ], [ -69.733, -34.466 ] ] ], [ [ [ -69.899, -34.433 ], [ -69.933, -34.433 ], [ -69.933, -34.399 ], [ -69.899, -34.399 ], [ -69.866, -34.399 ], [ -69.833, -34.399 ], [ -69.833, -34.366 ], [ -69.799, -34.366 ], [ -69.799, -34.399 ], [ -69.799, -34.433 ], [ -69.833, -34.433 ], [ -69.866, -34.433 ], [ -69.899, -34.433 ] ] ], [ [ [ -69.699, -34.366 ], [ -69.733, -34.366 ], [ -69.733, -34.333 ], [ -69.699, -34.333 ], [ -69.699, -34.366 ] ] ], [ [ [ -69.433, -34.266 ], [ -69.433, -34.299 ], [ -69.433, -34.333 ], [ -69.433, -34.366 ], [ -69.433, -34.399 ], [ -69.433, -34.433 ], [ -69.433, -34.466 ], [ -69.433, -34.499 ], [ -69.466, -34.499 ], [ -69.466, -34.466 ], [ -69.466, -34.433 ], [ -69.466, -34.399 ], [ -69.466, -34.366 ], [ -69.466, -34.333 ], [ -69.466, -34.299 ], [ -69.499, -34.299 ], [ -69.499, -34.266 ], [ -69.466, -34.266 ], [ -69.433, -34.266 ] ] ], [ [ [ -69.433, -34.266 ], [ -69.433, -34.233 ], [ -69.433, -34.199 ], [ -69.399, -34.199 ], [ -69.399, -34.233 ], [ -69.399, -34.266 ], [ -69.433, -34.266 ] ] ], [ [ [ -69.333, -34.199 ], [ -69.366, -34.199 ], [ -69.366, -34.166 ], [ -69.333, -34.166 ], [ -69.333, -34.199 ] ] ], [ [ [ -69.333, -34.099 ], [ -69.299, -34.099 ], [ -69.299, -34.133 ], [ -69.333, -34.133 ], [ -69.333, -34.099 ] ] ], [ [ [ -69.399, -34.066 ], [ -69.399, -34.099 ], [ -69.433, -34.099 ], [ -69.433, -34.066 ], [ -69.399, -34.066 ] ] ], [ [ [ -69.333, -34.099 ], [ -69.366, -34.099 ], [ -69.366, -34.066 ], [ -69.333, -34.066 ], [ -69.333, -34.099 ] ] ], [ [ [ -69.366, -34.066 ], [ -69.399, -34.066 ], [ -69.399, -34.033 ], [ -69.366, -34.033 ], [ -69.366, -34.066 ] ] ], [ [ [ -69.333, -33.999 ], [ -69.299, -33.999 ], [ -69.299, -34.033 ], [ -69.333, -34.033 ], [ -69.333, -33.999 ] ] ], [ [ [ -69.333, -33.999 ], [ -69.366, -33.999 ], [ -69.366, -33.966 ], [ -69.333, -33.966 ], [ -69.333, -33.999 ] ] ], [ [ [ -69.633, -33.933 ], [ -69.633, -33.966 ], [ -69.666, -33.966 ], [ -69.666, -33.933 ], [ -69.633, -33.933 ] ] ], [ [ [ -69.699, -33.866 ], [ -69.666, -33.866 ], [ -69.666, -33.899 ], [ -69.699, -33.899 ], [ -69.699, -33.866 ] ] ], [ [ [ -69.633, -33.933 ], [ -69.633, -33.899 ], [ -69.633, -33.866 ], [ -69.599, -33.866 ], [ -69.599, -33.899 ], [ -69.599, -33.933 ], [ -69.633, -33.933 ] ] ], [ [ [ -69.466, -33.899 ], [ -69.499, -33.899 ], [ -69.499, -33.866 ], [ -69.466, -33.866 ], [ -69.466, -33.899 ] ] ], [ [ [ -69.699, -33.866 ], [ -69.733, -33.866 ], [ -69.766, -33.866 ], [ -69.766, -33.833 ], [ -69.733, -33.833 ], [ -69.699, -33.833 ], [ -69.699, -33.866 ] ] ], [ [ [ -69.599, -33.866 ], [ -69.599, -33.833 ], [ -69.566, -33.833 ], [ -69.566, -33.866 ], [ -69.599, -33.866 ] ] ], [ [ [ -69.366, -33.833 ], [ -69.399, -33.833 ], [ -69.399, -33.799 ], [ -69.399, -33.766 ], [ -69.399, -33.733 ], [ -69.366, -33.733 ], [ -69.366, -33.766 ], [ -69.366, -33.799 ], [ -69.366, -33.833 ] ] ], [ [ [ -69.633, -33.866 ], [ -69.666, -33.866 ], [ -69.666, -33.833 ], [ -69.666, -33.799 ], [ -69.666, -33.766 ], [ -69.666, -33.733 ], [ -69.666, -33.699 ], [ -69.633, -33.699 ], [ -69.633, -33.733 ], [ -69.633, -33.766 ], [ -69.633, -33.799 ], [ -69.633, -33.833 ], [ -69.633, -33.866 ] ] ], [ [ [ -69.366, -33.699 ], [ -69.399, -33.699 ], [ -69.399, -33.666 ], [ -69.366, -33.666 ], [ -69.366, -33.699 ] ] ], [ [ [ -69.466, -33.633 ], [ -69.499, -33.633 ], [ -69.499, -33.599 ], [ -69.466, -33.599 ], [ -69.466, -33.633 ] ] ], [ [ [ -69.466, -33.433 ], [ -69.466, -33.466 ], [ -69.433, -33.466 ], [ -69.433, -33.499 ], [ -69.433, -33.533 ], [ -69.466, -33.533 ], [ -69.466, -33.499 ], [ -69.499, -33.499 ], [ -69.499, -33.466 ], [ -69.499, -33.433 ], [ -69.466, -33.433 ] ] ], [ [ [ -69.499, -33.299 ], [ -69.499, -33.333 ], [ -69.499, -33.366 ], [ -69.533, -33.366 ], [ -69.533, -33.333 ], [ -69.533, -33.299 ], [ -69.566, -33.299 ], [ -69.566, -33.266 ], [ -69.533, -33.266 ], [ -69.499, -33.266 ], [ -69.499, -33.299 ] ] ], [ [ [ -69.433, -33.233 ], [ -69.433, -33.266 ], [ -69.466, -33.266 ], [ -69.466, -33.233 ], [ -69.433, -33.233 ] ] ], [ [ [ -69.433, -33.233 ], [ -69.433, -33.199 ], [ -69.399, -33.199 ], [ -69.399, -33.233 ], [ -69.433, -33.233 ] ] ], [ [ [ -69.366, -33.166 ], [ -69.399, -33.166 ], [ -69.399, -33.133 ], [ -69.366, -33.133 ], [ -69.366, -33.166 ] ] ], [ [ [ -69.333, -33.099 ], [ -69.366, -33.099 ], [ -69.366, -33.066 ], [ -69.366, -33.033 ], [ -69.333, -33.033 ], [ -69.333, -33.066 ], [ -69.333, -33.099 ] ] ], [ [ [ -69.333, -32.999 ], [ -69.366, -32.999 ], [ -69.366, -32.966 ], [ -69.366, -32.933 ], [ -69.366, -32.899 ], [ -69.333, -32.899 ], [ -69.333, -32.933 ], [ -69.333, -32.966 ], [ -69.333, -32.999 ] ] ], [ [ [ -69.799, -32.866 ], [ -69.766, -32.866 ], [ -69.766, -32.899 ], [ -69.766, -32.933 ], [ -69.766, -32.966 ], [ -69.799, -32.966 ], [ -69.799, -32.933 ], [ -69.799, -32.899 ], [ -69.799, -32.866 ] ] ], [ [ [ -69.799, -32.866 ], [ -69.833, -32.866 ], [ -69.833, -32.833 ], [ -69.799, -32.833 ], [ -69.799, -32.866 ] ] ], [ [ [ -69.766, -32.866 ], [ -69.766, -32.833 ], [ -69.733, -32.833 ], [ -69.733, -32.866 ], [ -69.766, -32.866 ] ] ], [ [ [ -69.366, -32.866 ], [ -69.399, -32.866 ], [ -69.399, -32.833 ], [ -69.366, -32.833 ], [ -69.366, -32.866 ] ] ], [ [ [ -69.766, -32.833 ], [ -69.799, -32.833 ], [ -69.799, -32.799 ], [ -69.766, -32.799 ], [ -69.766, -32.833 ] ] ], [ [ [ -69.599, -32.766 ], [ -69.633, -32.766 ], [ -69.633, -32.733 ], [ -69.599, -32.733 ], [ -69.599, -32.766 ] ] ], [ [ [ -69.599, -32.766 ], [ -69.566, -32.766 ], [ -69.566, -32.733 ], [ -69.533, -32.733 ], [ -69.533, -32.766 ], [ -69.533, -32.799 ], [ -69.566, -32.799 ], [ -69.599, -32.799 ], [ -69.599, -32.766 ] ] ], [ [ [ -69.366, -32.799 ], [ -69.399, -32.799 ], [ -69.399, -32.766 ], [ -69.399, -32.733 ], [ -69.366, -32.733 ], [ -69.366, -32.766 ], [ -69.366, -32.799 ] ] ], [ [ [ -69.199, -32.733 ], [ -69.199, -32.766 ], [ -69.233, -32.766 ], [ -69.266, -32.766 ], [ -69.266, -32.733 ], [ -69.233, -32.733 ], [ -69.199, -32.733 ] ] ], [ [ [ -69.533, -32.733 ], [ -69.533, -32.699 ], [ -69.499, -32.699 ], [ -69.499, -32.733 ], [ -69.533, -32.733 ] ] ], [ [ [ -69.566, -32.733 ], [ -69.599, -32.733 ], [ -69.599, -32.699 ], [ -69.599, -32.666 ], [ -69.566, -32.666 ], [ -69.566, -32.699 ], [ -69.566, -32.733 ] ] ], [ [ [ -69.499, -32.699 ], [ -69.499, -32.666 ], [ -69.466, -32.666 ], [ -69.466, -32.699 ], [ -69.499, -32.699 ] ] ], [ [ [ -69.533, -32.566 ], [ -69.533, -32.599 ], [ -69.566, -32.599 ], [ -69.566, -32.566 ], [ -69.533, -32.566 ] ] ], [ [ [ -69.533, -32.566 ], [ -69.533, -32.533 ], [ -69.499, -32.533 ], [ -69.499, -32.566 ], [ -69.533, -32.566 ] ] ], [ [ [ -69.133, -32.566 ], [ -69.133, -32.533 ], [ -69.099, -32.533 ], [ -69.099, -32.566 ], [ -69.133, -32.566 ] ] ], [ [ [ -69.499, -32.533 ], [ -69.499, -32.499 ], [ -69.499, -32.466 ], [ -69.499, -32.433 ], [ -69.466, -32.433 ], [ -69.466, -32.466 ], [ -69.466, -32.499 ], [ -69.466, -32.533 ], [ -69.499, -32.533 ] ] ], [ [ [ -69.499, -32.433 ], [ -69.533, -32.433 ], [ -69.533, -32.399 ], [ -69.499, -32.399 ], [ -69.499, -32.433 ] ] ], [ [ [ -69.466, -32.433 ], [ -69.466, -32.399 ], [ -69.433, -32.399 ], [ -69.433, -32.433 ], [ -69.466, -32.433 ] ] ], [ [ [ -69.999, -32.399 ], [ -70.033, -32.399 ], [ -70.033, -32.366 ], [ -69.999, -32.366 ], [ -69.999, -32.399 ] ] ], [ [ [ -69.866, -32.366 ], [ -69.833, -32.366 ], [ -69.833, -32.399 ], [ -69.866, -32.399 ], [ -69.866, -32.366 ] ] ], [ [ [ -69.466, -32.399 ], [ -69.499, -32.399 ], [ -69.499, -32.366 ], [ -69.466, -32.366 ], [ -69.466, -32.399 ] ] ], [ [ [ -69.866, -32.366 ], [ -69.899, -32.366 ], [ -69.933, -32.366 ], [ -69.966, -32.366 ], [ -69.966, -32.333 ], [ -69.933, -32.333 ], [ -69.899, -32.333 ], [ -69.866, -32.333 ], [ -69.866, -32.366 ] ] ], [ [ [ -69.099, -32.533 ], [ -69.099, -32.499 ], [ -69.099, -32.466 ], [ -69.099, -32.433 ], [ -69.133, -32.433 ], [ -69.133, -32.466 ], [ -69.133, -32.499 ], [ -69.133, -32.533 ], [ -69.166, -32.533 ], [ -69.166, -32.566 ], [ -69.133, -32.566 ], [ -69.133, -32.599 ], [ -69.133, -32.633 ], [ -69.099, -32.633 ], [ -69.099, -32.666 ], [ -69.133, -32.666 ], [ -69.133, -32.699 ], [ -69.099, -32.699 ], [ -69.099, -32.733 ], [ -69.099, -32.766 ], [ -69.099, -32.799 ], [ -69.099, -32.833 ], [ -69.133, -32.833 ], [ -69.133, -32.799 ], [ -69.133, -32.766 ], [ -69.133, -32.733 ], [ -69.166, -32.733 ], [ -69.199, -32.733 ], [ -69.199, -32.699 ], [ -69.233, -32.699 ], [ -69.233, -32.666 ], [ -69.233, -32.633 ], [ -69.199, -32.633 ], [ -69.199, -32.666 ], [ -69.166, -32.666 ], [ -69.166, -32.633 ], [ -69.199, -32.633 ], [ -69.199, -32.599 ], [ -69.199, -32.566 ], [ -69.199, -32.533 ], [ -69.199, -32.499 ], [ -69.166, -32.499 ], [ -69.166, -32.466 ], [ -69.166, -32.433 ], [ -69.166, -32.399 ], [ -69.166, -32.366 ], [ -69.166, -32.333 ], [ -69.133, -32.333 ], [ -69.099, -32.333 ], [ -69.099, -32.366 ], [ -69.066, -32.366 ], [ -69.066, -32.399 ], [ -69.066, -32.433 ], [ -69.066, -32.466 ], [ -69.066, -32.499 ], [ -69.066, -32.533 ], [ -69.099, -32.533 ] ] ], [ [ [ -70.066, -32.266 ], [ -70.033, -32.266 ], [ -70.033, -32.299 ], [ -70.066, -32.299 ], [ -70.066, -32.266 ] ] ], [ [ [ -70.066, -32.266 ], [ -70.099, -32.266 ], [ -70.099, -32.233 ], [ -70.066, -32.233 ], [ -70.066, -32.266 ] ] ], [ [ [ -69.733, -32.266 ], [ -69.766, -32.266 ], [ -69.766, -32.233 ], [ -69.766, -32.199 ], [ -69.733, -32.199 ], [ -69.733, -32.233 ], [ -69.733, -32.266 ] ] ], [ [ [ -69.833, -32.233 ], [ -69.866, -32.233 ], [ -69.866, -32.199 ], [ -69.866, -32.166 ], [ -69.866, -32.133 ], [ -69.833, -32.133 ], [ -69.833, -32.166 ], [ -69.833, -32.199 ], [ -69.833, -32.233 ] ] ], [ [ [ -69.499, -32.366 ], [ -69.533, -32.366 ], [ -69.533, -32.333 ], [ -69.533, -32.299 ], [ -69.533, -32.266 ], [ -69.499, -32.266 ], [ -69.499, -32.233 ], [ -69.499, -32.199 ], [ -69.499, -32.166 ], [ -69.499, -32.133 ], [ -69.466, -32.133 ], [ -69.466, -32.166 ], [ -69.466, -32.199 ], [ -69.466, -32.233 ], [ -69.466, -32.266 ], [ -69.466, -32.299 ], [ -69.499, -32.299 ], [ -69.499, -32.333 ], [ -69.499, -32.366 ] ] ], [ [ [ -69.833, -32.099 ], [ -69.866, -32.099 ], [ -69.866, -32.066 ], [ -69.833, -32.066 ], [ -69.833, -32.099 ] ] ], [ [ [ -69.499, -32.066 ], [ -69.466, -32.066 ], [ -69.466, -32.099 ], [ -69.499, -32.099 ], [ -69.499, -32.066 ] ] ], [ [ [ -69.199, -32.066 ], [ -69.166, -32.066 ], [ -69.133, -32.066 ], [ -69.099, -32.066 ], [ -69.066, -32.066 ], [ -69.066, -32.099 ], [ -69.066, -32.133 ], [ -69.099, -32.133 ], [ -69.099, -32.166 ], [ -69.066, -32.166 ], [ -69.033, -32.166 ], [ -68.999, -32.166 ], [ -68.999, -32.199 ], [ -68.999, -32.233 ], [ -69.033, -32.233 ], [ -69.033, -32.266 ], [ -69.033, -32.299 ], [ -69.066, -32.299 ], [ -69.066, -32.266 ], [ -69.099, -32.266 ], [ -69.099, -32.233 ], [ -69.099, -32.199 ], [ -69.133, -32.199 ], [ -69.133, -32.166 ], [ -69.133, -32.133 ], [ -69.133, -32.099 ], [ -69.166, -32.099 ], [ -69.199, -32.099 ], [ -69.199, -32.066 ] ] ], [ [ [ -69.699, -32.133 ], [ -69.733, -32.133 ], [ -69.733, -32.099 ], [ -69.733, -32.066 ], [ -69.733, -32.033 ], [ -69.699, -32.033 ], [ -69.699, -32.066 ], [ -69.699, -32.099 ], [ -69.699, -32.133 ] ] ], [ [ [ -69.199, -32.066 ], [ -69.233, -32.066 ], [ -69.233, -32.033 ], [ -69.199, -32.033 ], [ -69.199, -32.066 ] ] ], [ [ [ -69.499, -32.066 ], [ -69.533, -32.066 ], [ -69.533, -32.033 ], [ -69.533, -31.999 ], [ -69.499, -31.999 ], [ -69.499, -32.033 ], [ -69.499, -32.066 ] ] ], [ [ [ -69.233, -32.033 ], [ -69.266, -32.033 ], [ -69.266, -31.999 ], [ -69.233, -31.999 ], [ -69.233, -32.033 ] ] ], [ [ [ -69.633, -31.999 ], [ -69.666, -31.999 ], [ -69.666, -31.966 ], [ -69.633, -31.966 ], [ -69.599, -31.966 ], [ -69.599, -31.999 ], [ -69.633, -31.999 ] ] ], [ [ [ -69.533, -31.999 ], [ -69.566, -31.999 ], [ -69.566, -31.966 ], [ -69.533, -31.966 ], [ -69.533, -31.999 ] ] ], [ [ [ -69.066, -32.033 ], [ -69.099, -32.033 ], [ -69.099, -31.999 ], [ -69.099, -31.966 ], [ -69.066, -31.966 ], [ -69.066, -31.999 ], [ -69.066, -32.033 ] ] ], [ [ [ -69.866, -32.033 ], [ -69.899, -32.033 ], [ -69.899, -31.999 ], [ -69.899, -31.966 ], [ -69.866, -31.966 ], [ -69.866, -31.933 ], [ -69.833, -31.933 ], [ -69.833, -31.966 ], [ -69.833, -31.999 ], [ -69.833, -32.033 ], [ -69.866, -32.033 ] ] ], [ [ [ -69.066, -31.899 ], [ -69.066, -31.933 ], [ -69.099, -31.933 ], [ -69.099, -31.899 ], [ -69.066, -31.899 ] ] ], [ [ [ -69.899, -31.899 ], [ -69.933, -31.899 ], [ -69.933, -31.866 ], [ -69.899, -31.866 ], [ -69.899, -31.899 ] ] ], [ [ [ -69.066, -31.899 ], [ -69.066, -31.866 ], [ -69.033, -31.866 ], [ -68.999, -31.866 ], [ -68.999, -31.899 ], [ -69.033, -31.899 ], [ -69.066, -31.899 ] ] ], [ [ [ -68.933, -31.899 ], [ -68.966, -31.899 ], [ -68.966, -31.866 ], [ -68.933, -31.866 ], [ -68.933, -31.899 ] ] ], [ [ [ -69.966, -31.899 ], [ -69.999, -31.899 ], [ -69.999, -31.866 ], [ -69.999, -31.833 ], [ -69.966, -31.833 ], [ -69.966, -31.866 ], [ -69.966, -31.899 ] ] ], [ [ [ -69.833, -31.866 ], [ -69.866, -31.866 ], [ -69.866, -31.833 ], [ -69.833, -31.833 ], [ -69.833, -31.866 ] ] ], [ [ [ -69.766, -31.799 ], [ -69.766, -31.833 ], [ -69.766, -31.866 ], [ -69.799, -31.866 ], [ -69.799, -31.833 ], [ -69.799, -31.799 ], [ -69.766, -31.799 ] ] ], [ [ [ -68.933, -31.833 ], [ -68.966, -31.833 ], [ -68.966, -31.799 ], [ -68.933, -31.799 ], [ -68.933, -31.833 ] ] ], [ [ [ -70.033, -31.833 ], [ -70.066, -31.833 ], [ -70.066, -31.799 ], [ -70.066, -31.766 ], [ -70.066, -31.733 ], [ -70.033, -31.733 ], [ -70.033, -31.766 ], [ -70.033, -31.799 ], [ -70.033, -31.833 ] ] ], [ [ [ -69.766, -31.799 ], [ -69.766, -31.766 ], [ -69.766, -31.733 ], [ -69.766, -31.699 ], [ -69.766, -31.666 ], [ -69.766, -31.633 ], [ -69.733, -31.633 ], [ -69.733, -31.666 ], [ -69.733, -31.699 ], [ -69.733, -31.733 ], [ -69.733, -31.766 ], [ -69.733, -31.799 ], [ -69.766, -31.799 ] ] ], [ [ [ -70.133, -31.599 ], [ -70.099, -31.599 ], [ -70.099, -31.633 ], [ -70.066, -31.633 ], [ -70.066, -31.666 ], [ -70.066, -31.699 ], [ -70.099, -31.699 ], [ -70.099, -31.666 ], [ -70.133, -31.666 ], [ -70.166, -31.666 ], [ -70.166, -31.633 ], [ -70.133, -31.633 ], [ -70.133, -31.599 ] ] ], [ [ [ -69.099, -31.633 ], [ -69.133, -31.633 ], [ -69.133, -31.599 ], [ -69.099, -31.599 ], [ -69.099, -31.633 ] ] ], [ [ [ -69.033, -31.666 ], [ -69.033, -31.699 ], [ -68.999, -31.699 ], [ -68.999, -31.733 ], [ -69.033, -31.733 ], [ -69.033, -31.766 ], [ -69.066, -31.766 ], [ -69.066, -31.733 ], [ -69.066, -31.699 ], [ -69.066, -31.666 ], [ -69.066, -31.633 ], [ -69.066, -31.599 ], [ -69.033, -31.599 ], [ -69.033, -31.633 ], [ -69.033, -31.666 ] ] ], [ [ [ -68.933, -31.766 ], [ -68.966, -31.766 ], [ -68.966, -31.733 ], [ -68.966, -31.699 ], [ -68.966, -31.666 ], [ -68.966, -31.633 ], [ -68.966, -31.599 ], [ -68.933, -31.599 ], [ -68.933, -31.633 ], [ -68.933, -31.666 ], [ -68.933, -31.699 ], [ -68.933, -31.733 ], [ -68.933, -31.766 ] ] ], [ [ [ -70.133, -31.599 ], [ -70.166, -31.599 ], [ -70.166, -31.566 ], [ -70.133, -31.566 ], [ -70.133, -31.599 ] ] ], [ [ [ -69.733, -31.633 ], [ -69.733, -31.599 ], [ -69.733, -31.566 ], [ -69.699, -31.566 ], [ -69.699, -31.599 ], [ -69.699, -31.633 ], [ -69.733, -31.633 ] ] ], [ [ [ -69.266, -31.999 ], [ -69.299, -31.999 ], [ -69.299, -31.966 ], [ -69.299, -31.933 ], [ -69.299, -31.899 ], [ -69.299, -31.866 ], [ -69.299, -31.833 ], [ -69.299, -31.799 ], [ -69.299, -31.766 ], [ -69.299, -31.733 ], [ -69.299, -31.699 ], [ -69.299, -31.666 ], [ -69.299, -31.633 ], [ -69.299, -31.599 ], [ -69.299, -31.566 ], [ -69.266, -31.566 ], [ -69.266, -31.599 ], [ -69.266, -31.633 ], [ -69.266, -31.666 ], [ -69.266, -31.699 ], [ -69.266, -31.733 ], [ -69.266, -31.766 ], [ -69.233, -31.766 ], [ -69.233, -31.799 ], [ -69.233, -31.833 ], [ -69.266, -31.833 ], [ -69.266, -31.866 ], [ -69.266, -31.899 ], [ -69.266, -31.933 ], [ -69.266, -31.966 ], [ -69.266, -31.999 ] ] ], [ [ [ -70.199, -31.566 ], [ -70.233, -31.566 ], [ -70.233, -31.533 ], [ -70.199, -31.533 ], [ -70.199, -31.566 ] ] ], [ [ [ -70.133, -31.566 ], [ -70.133, -31.533 ], [ -70.099, -31.533 ], [ -70.099, -31.566 ], [ -70.133, -31.566 ] ] ], [ [ [ -69.733, -31.566 ], [ -69.766, -31.566 ], [ -69.766, -31.533 ], [ -69.733, -31.533 ], [ -69.733, -31.566 ] ] ], [ [ [ -69.066, -31.533 ], [ -69.099, -31.533 ], [ -69.099, -31.499 ], [ -69.066, -31.499 ], [ -69.066, -31.533 ] ] ], [ [ [ -69.766, -31.533 ], [ -69.799, -31.533 ], [ -69.799, -31.499 ], [ -69.799, -31.466 ], [ -69.833, -31.466 ], [ -69.833, -31.433 ], [ -69.799, -31.433 ], [ -69.766, -31.433 ], [ -69.733, -31.433 ], [ -69.733, -31.466 ], [ -69.733, -31.499 ], [ -69.766, -31.499 ], [ -69.766, -31.533 ] ] ], [ [ [ -69.166, -31.499 ], [ -69.199, -31.499 ], [ -69.199, -31.466 ], [ -69.199, -31.433 ], [ -69.199, -31.399 ], [ -69.166, -31.399 ], [ -69.166, -31.433 ], [ -69.166, -31.466 ], [ -69.166, -31.499 ] ] ], [ [ [ -69.099, -31.466 ], [ -69.133, -31.466 ], [ -69.133, -31.433 ], [ -69.133, -31.399 ], [ -69.099, -31.399 ], [ -69.099, -31.433 ], [ -69.099, -31.466 ] ] ], [ [ [ -67.933, -31.466 ], [ -67.966, -31.466 ], [ -67.966, -31.433 ], [ -67.966, -31.399 ], [ -67.933, -31.399 ], [ -67.933, -31.433 ], [ -67.933, -31.466 ] ] ], [ [ [ -69.799, -31.399 ], [ -69.833, -31.399 ], [ -69.833, -31.366 ], [ -69.799, -31.366 ], [ -69.799, -31.399 ] ] ], [ [ [ -69.299, -31.366 ], [ -69.299, -31.399 ], [ -69.299, -31.433 ], [ -69.333, -31.433 ], [ -69.333, -31.399 ], [ -69.333, -31.366 ], [ -69.299, -31.366 ] ] ], [ [ [ -69.733, -31.333 ], [ -69.733, -31.366 ], [ -69.766, -31.366 ], [ -69.766, -31.333 ], [ -69.733, -31.333 ] ] ], [ [ [ -69.299, -31.366 ], [ -69.299, -31.333 ], [ -69.266, -31.333 ], [ -69.266, -31.366 ], [ -69.299, -31.366 ] ] ], [ [ [ -69.166, -31.333 ], [ -69.133, -31.333 ], [ -69.133, -31.366 ], [ -69.166, -31.366 ], [ -69.166, -31.333 ] ] ], [ [ [ -67.966, -31.333 ], [ -67.966, -31.366 ], [ -67.999, -31.366 ], [ -67.999, -31.333 ], [ -67.966, -31.333 ] ] ], [ [ [ -69.166, -31.333 ], [ -69.199, -31.333 ], [ -69.233, -31.333 ], [ -69.233, -31.299 ], [ -69.199, -31.299 ], [ -69.166, -31.299 ], [ -69.166, -31.333 ] ] ], [ [ [ -67.866, -31.366 ], [ -67.899, -31.366 ], [ -67.899, -31.333 ], [ -67.899, -31.299 ], [ -67.866, -31.299 ], [ -67.866, -31.333 ], [ -67.866, -31.366 ] ] ], [ [ [ -69.733, -31.333 ], [ -69.733, -31.299 ], [ -69.733, -31.266 ], [ -69.699, -31.266 ], [ -69.699, -31.299 ], [ -69.699, -31.333 ], [ -69.733, -31.333 ] ] ], [ [ [ -68.933, -31.233 ], [ -68.899, -31.233 ], [ -68.866, -31.233 ], [ -68.866, -31.266 ], [ -68.866, -31.299 ], [ -68.899, -31.299 ], [ -68.899, -31.333 ], [ -68.933, -31.333 ], [ -68.933, -31.299 ], [ -68.933, -31.266 ], [ -68.933, -31.233 ] ] ], [ [ [ -67.966, -31.333 ], [ -67.966, -31.299 ], [ -67.966, -31.266 ], [ -67.966, -31.233 ], [ -67.933, -31.233 ], [ -67.933, -31.266 ], [ -67.933, -31.299 ], [ -67.933, -31.333 ], [ -67.966, -31.333 ] ] ], [ [ [ -67.833, -31.266 ], [ -67.866, -31.266 ], [ -67.866, -31.233 ], [ -67.833, -31.233 ], [ -67.833, -31.266 ] ] ], [ [ [ -69.699, -31.266 ], [ -69.699, -31.233 ], [ -69.699, -31.199 ], [ -69.666, -31.199 ], [ -69.666, -31.233 ], [ -69.666, -31.266 ], [ -69.699, -31.266 ] ] ], [ [ [ -68.999, -31.199 ], [ -68.999, -31.233 ], [ -68.999, -31.266 ], [ -69.033, -31.266 ], [ -69.033, -31.233 ], [ -69.033, -31.199 ], [ -68.999, -31.199 ] ] ], [ [ [ -69.699, -31.133 ], [ -69.666, -31.133 ], [ -69.666, -31.166 ], [ -69.699, -31.166 ], [ -69.699, -31.133 ] ] ], [ [ [ -69.266, -31.199 ], [ -69.299, -31.199 ], [ -69.299, -31.166 ], [ -69.299, -31.133 ], [ -69.266, -31.133 ], [ -69.266, -31.166 ], [ -69.266, -31.199 ] ] ], [ [ [ -69.199, -31.166 ], [ -69.233, -31.166 ], [ -69.233, -31.133 ], [ -69.199, -31.133 ], [ -69.199, -31.166 ] ] ], [ [ [ -69.133, -31.199 ], [ -69.166, -31.199 ], [ -69.166, -31.166 ], [ -69.166, -31.133 ], [ -69.133, -31.133 ], [ -69.133, -31.166 ], [ -69.133, -31.199 ] ] ], [ [ [ -69.066, -31.166 ], [ -69.099, -31.166 ], [ -69.099, -31.133 ], [ -69.066, -31.133 ], [ -69.066, -31.166 ] ] ], [ [ [ -68.933, -31.233 ], [ -68.966, -31.233 ], [ -68.966, -31.199 ], [ -68.999, -31.199 ], [ -68.999, -31.166 ], [ -68.966, -31.166 ], [ -68.966, -31.133 ], [ -68.933, -31.133 ], [ -68.933, -31.166 ], [ -68.933, -31.199 ], [ -68.933, -31.233 ] ] ], [ [ [ -67.933, -31.233 ], [ -67.933, -31.199 ], [ -67.933, -31.166 ], [ -67.933, -31.133 ], [ -67.899, -31.133 ], [ -67.899, -31.166 ], [ -67.899, -31.199 ], [ -67.899, -31.233 ], [ -67.933, -31.233 ] ] ], [ [ [ -69.699, -31.133 ], [ -69.733, -31.133 ], [ -69.733, -31.099 ], [ -69.733, -31.066 ], [ -69.699, -31.066 ], [ -69.699, -31.099 ], [ -69.699, -31.133 ] ] ], [ [ [ -69.166, -31.099 ], [ -69.199, -31.099 ], [ -69.199, -31.066 ], [ -69.166, -31.066 ], [ -69.166, -31.033 ], [ -69.133, -31.033 ], [ -69.133, -31.066 ], [ -69.133, -31.099 ], [ -69.166, -31.099 ] ] ], [ [ [ -69.066, -31.099 ], [ -69.099, -31.099 ], [ -69.099, -31.066 ], [ -69.099, -31.033 ], [ -69.066, -31.033 ], [ -69.066, -31.066 ], [ -69.066, -31.099 ] ] ], [ [ [ -70.033, -30.999 ], [ -70.033, -31.033 ], [ -70.066, -31.033 ], [ -70.066, -30.999 ], [ -70.033, -30.999 ] ] ], [ [ [ -70.033, -30.999 ], [ -70.033, -30.966 ], [ -69.999, -30.966 ], [ -69.999, -30.999 ], [ -70.033, -30.999 ] ] ], [ [ [ -69.999, -30.966 ], [ -69.999, -30.933 ], [ -69.966, -30.933 ], [ -69.933, -30.933 ], [ -69.933, -30.966 ], [ -69.966, -30.966 ], [ -69.999, -30.966 ] ] ], [ [ [ -69.699, -31.066 ], [ -69.699, -31.033 ], [ -69.699, -30.999 ], [ -69.699, -30.966 ], [ -69.699, -30.933 ], [ -69.666, -30.933 ], [ -69.666, -30.966 ], [ -69.666, -30.999 ], [ -69.666, -31.033 ], [ -69.666, -31.066 ], [ -69.699, -31.066 ] ] ], [ [ [ -69.933, -30.933 ], [ -69.933, -30.899 ], [ -69.899, -30.899 ], [ -69.866, -30.899 ], [ -69.866, -30.933 ], [ -69.899, -30.933 ], [ -69.933, -30.933 ] ] ], [ [ [ -69.866, -30.899 ], [ -69.866, -30.866 ], [ -69.833, -30.866 ], [ -69.833, -30.899 ], [ -69.866, -30.899 ] ] ], [ [ [ -69.633, -30.866 ], [ -69.666, -30.866 ], [ -69.666, -30.833 ], [ -69.633, -30.833 ], [ -69.633, -30.866 ] ] ], [ [ [ -69.766, -30.766 ], [ -69.733, -30.766 ], [ -69.699, -30.766 ], [ -69.699, -30.799 ], [ -69.733, -30.799 ], [ -69.766, -30.799 ], [ -69.766, -30.766 ] ] ], [ [ [ -69.766, -30.766 ], [ -69.799, -30.766 ], [ -69.799, -30.733 ], [ -69.766, -30.733 ], [ -69.766, -30.766 ] ] ], [ [ [ -69.499, -30.466 ], [ -69.466, -30.466 ], [ -69.466, -30.499 ], [ -69.466, -30.533 ], [ -69.466, -30.566 ], [ -69.466, -30.599 ], [ -69.466, -30.633 ], [ -69.466, -30.666 ], [ -69.466, -30.699 ], [ -69.466, -30.733 ], [ -69.466, -30.766 ], [ -69.499, -30.766 ], [ -69.499, -30.799 ], [ -69.533, -30.799 ], [ -69.533, -30.833 ], [ -69.566, -30.833 ], [ -69.566, -30.866 ], [ -69.599, -30.866 ], [ -69.599, -30.833 ], [ -69.599, -30.799 ], [ -69.566, -30.799 ], [ -69.566, -30.766 ], [ -69.533, -30.766 ], [ -69.533, -30.733 ], [ -69.533, -30.699 ], [ -69.533, -30.666 ], [ -69.499, -30.666 ], [ -69.499, -30.633 ], [ -69.499, -30.599 ], [ -69.499, -30.566 ], [ -69.499, -30.533 ], [ -69.499, -30.499 ], [ -69.499, -30.466 ] ] ], [ [ [ -68.966, -30.599 ], [ -68.966, -30.633 ], [ -68.999, -30.633 ], [ -69.033, -30.633 ], [ -69.066, -30.633 ], [ -69.099, -30.633 ], [ -69.099, -30.666 ], [ -69.099, -30.699 ], [ -69.066, -30.699 ], [ -69.066, -30.733 ], [ -69.066, -30.766 ], [ -69.066, -30.799 ], [ -69.066, -30.833 ], [ -69.066, -30.866 ], [ -69.066, -30.899 ], [ -69.099, -30.899 ], [ -69.099, -30.866 ], [ -69.099, -30.833 ], [ -69.099, -30.799 ], [ -69.099, -30.766 ], [ -69.099, -30.733 ], [ -69.133, -30.733 ], [ -69.133, -30.766 ], [ -69.166, -30.766 ], [ -69.166, -30.799 ], [ -69.199, -30.799 ], [ -69.199, -30.833 ], [ -69.199, -30.866 ], [ -69.199, -30.899 ], [ -69.233, -30.899 ], [ -69.233, -30.933 ], [ -69.233, -30.966 ], [ -69.233, -30.999 ], [ -69.233, -31.033 ], [ -69.233, -31.066 ], [ -69.266, -31.066 ], [ -69.266, -31.033 ], [ -69.299, -31.033 ], [ -69.299, -31.066 ], [ -69.333, -31.066 ], [ -69.333, -31.033 ], [ -69.333, -30.999 ], [ -69.333, -30.966 ], [ -69.333, -30.933 ], [ -69.333, -30.899 ], [ -69.333, -30.866 ], [ -69.333, -30.833 ], [ -69.333, -30.799 ], [ -69.366, -30.799 ], [ -69.366, -30.766 ], [ -69.366, -30.733 ], [ -69.333, -30.733 ], [ -69.299, -30.733 ], [ -69.299, -30.766 ], [ -69.299, -30.799 ], [ -69.266, -30.799 ], [ -69.266, -30.766 ], [ -69.266, -30.733 ], [ -69.233, -30.733 ], [ -69.199, -30.733 ], [ -69.166, -30.733 ], [ -69.166, -30.699 ], [ -69.166, -30.666 ], [ -69.133, -30.666 ], [ -69.133, -30.633 ], [ -69.166, -30.633 ], [ -69.166, -30.599 ], [ -69.133, -30.599 ], [ -69.133, -30.566 ], [ -69.099, -30.566 ], [ -69.099, -30.533 ], [ -69.099, -30.499 ], [ -69.099, -30.466 ], [ -69.066, -30.466 ], [ -69.066, -30.499 ], [ -69.066, -30.533 ], [ -69.066, -30.566 ], [ -69.033, -30.566 ], [ -69.033, -30.599 ], [ -68.999, -30.599 ], [ -68.966, -30.599 ] ] ], [ [ [ -68.966, -30.599 ], [ -68.966, -30.566 ], [ -68.966, -30.533 ], [ -68.966, -30.499 ], [ -68.966, -30.466 ], [ -68.933, -30.466 ], [ -68.933, -30.499 ], [ -68.899, -30.499 ], [ -68.899, -30.533 ], [ -68.933, -30.533 ], [ -68.933, -30.566 ], [ -68.933, -30.599 ], [ -68.966, -30.599 ] ] ], [ [ [ -69.066, -30.466 ], [ -69.066, -30.433 ], [ -69.066, -30.399 ], [ -69.033, -30.399 ], [ -68.999, -30.399 ], [ -68.966, -30.399 ], [ -68.966, -30.366 ], [ -68.933, -30.366 ], [ -68.933, -30.399 ], [ -68.933, -30.433 ], [ -68.966, -30.433 ], [ -68.999, -30.433 ], [ -69.033, -30.433 ], [ -69.033, -30.466 ], [ -69.066, -30.466 ] ] ], [ [ [ -68.933, -30.366 ], [ -68.933, -30.333 ], [ -68.933, -30.299 ], [ -68.899, -30.299 ], [ -68.899, -30.333 ], [ -68.899, -30.366 ], [ -68.933, -30.366 ] ] ], [ [ [ -69.499, -30.466 ], [ -69.533, -30.466 ], [ -69.533, -30.433 ], [ -69.533, -30.399 ], [ -69.566, -30.399 ], [ -69.566, -30.366 ], [ -69.533, -30.366 ], [ -69.533, -30.333 ], [ -69.533, -30.299 ], [ -69.533, -30.266 ], [ -69.533, -30.233 ], [ -69.533, -30.199 ], [ -69.533, -30.166 ], [ -69.533, -30.133 ], [ -69.533, -30.099 ], [ -69.499, -30.099 ], [ -69.499, -30.133 ], [ -69.466, -30.133 ], [ -69.466, -30.166 ], [ -69.499, -30.166 ], [ -69.499, -30.199 ], [ -69.499, -30.233 ], [ -69.499, -30.266 ], [ -69.499, -30.299 ], [ -69.499, -30.333 ], [ -69.499, -30.366 ], [ -69.499, -30.399 ], [ -69.466, -30.399 ], [ -69.466, -30.433 ], [ -69.499, -30.433 ], [ -69.499, -30.466 ] ] ], [ [ [ -68.933, -30.099 ], [ -68.933, -30.133 ], [ -68.966, -30.133 ], [ -68.966, -30.099 ], [ -68.933, -30.099 ] ] ], [ [ [ -68.933, -30.099 ], [ -68.933, -30.066 ], [ -68.899, -30.066 ], [ -68.899, -30.099 ], [ -68.933, -30.099 ] ] ], [ [ [ -69.499, -30.099 ], [ -69.499, -30.066 ], [ -69.499, -30.033 ], [ -69.499, -29.999 ], [ -69.466, -29.999 ], [ -69.466, -30.033 ], [ -69.466, -30.066 ], [ -69.466, -30.099 ], [ -69.499, -30.099 ] ] ], [ [ [ -68.899, -30.066 ], [ -68.899, -30.033 ], [ -68.899, -29.999 ], [ -68.866, -29.999 ], [ -68.866, -30.033 ], [ -68.866, -30.066 ], [ -68.899, -30.066 ] ] ], [ [ [ -69.399, -29.899 ], [ -69.399, -29.933 ], [ -69.399, -29.966 ], [ -69.433, -29.966 ], [ -69.466, -29.966 ], [ -69.466, -29.933 ], [ -69.433, -29.933 ], [ -69.433, -29.899 ], [ -69.399, -29.899 ] ] ], [ [ [ -68.966, -29.899 ], [ -68.966, -29.933 ], [ -68.933, -29.933 ], [ -68.933, -29.966 ], [ -68.966, -29.966 ], [ -68.999, -29.966 ], [ -68.999, -29.933 ], [ -69.033, -29.933 ], [ -69.066, -29.933 ], [ -69.066, -29.899 ], [ -69.033, -29.899 ], [ -68.999, -29.899 ], [ -68.966, -29.899 ] ] ], [ [ [ -68.966, -29.899 ], [ -68.966, -29.866 ], [ -68.933, -29.866 ], [ -68.933, -29.899 ], [ -68.966, -29.899 ] ] ], [ [ [ -69.066, -29.833 ], [ -69.099, -29.833 ], [ -69.099, -29.799 ], [ -69.099, -29.766 ], [ -69.066, -29.766 ], [ -69.066, -29.799 ], [ -69.066, -29.833 ] ] ], [ [ [ -68.866, -29.733 ], [ -68.866, -29.766 ], [ -68.833, -29.766 ], [ -68.799, -29.766 ], [ -68.799, -29.799 ], [ -68.799, -29.833 ], [ -68.799, -29.866 ], [ -68.799, -29.899 ], [ -68.833, -29.899 ], [ -68.833, -29.866 ], [ -68.833, -29.833 ], [ -68.866, -29.833 ], [ -68.866, -29.799 ], [ -68.899, -29.799 ], [ -68.899, -29.766 ], [ -68.899, -29.733 ], [ -68.899, -29.699 ], [ -68.899, -29.666 ], [ -68.866, -29.666 ], [ -68.833, -29.666 ], [ -68.799, -29.666 ], [ -68.766, -29.666 ], [ -68.766, -29.699 ], [ -68.799, -29.699 ], [ -68.833, -29.699 ], [ -68.866, -29.699 ], [ -68.866, -29.733 ] ] ], [ [ [ -69.133, -29.633 ], [ -69.099, -29.633 ], [ -69.099, -29.666 ], [ -69.133, -29.666 ], [ -69.133, -29.633 ] ] ], [ [ [ -69.399, -29.899 ], [ -69.399, -29.866 ], [ -69.399, -29.833 ], [ -69.366, -29.833 ], [ -69.333, -29.833 ], [ -69.333, -29.799 ], [ -69.333, -29.766 ], [ -69.299, -29.766 ], [ -69.266, -29.766 ], [ -69.266, -29.733 ], [ -69.266, -29.699 ], [ -69.266, -29.666 ], [ -69.233, -29.666 ], [ -69.233, -29.633 ], [ -69.233, -29.599 ], [ -69.199, -29.599 ], [ -69.199, -29.633 ], [ -69.199, -29.666 ], [ -69.199, -29.699 ], [ -69.199, -29.733 ], [ -69.199, -29.766 ], [ -69.199, -29.799 ], [ -69.199, -29.833 ], [ -69.233, -29.833 ], [ -69.266, -29.833 ], [ -69.299, -29.833 ], [ -69.299, -29.866 ], [ -69.333, -29.866 ], [ -69.333, -29.899 ], [ -69.366, -29.899 ], [ -69.399, -29.899 ] ] ], [ [ [ -69.233, -29.599 ], [ -69.266, -29.599 ], [ -69.299, -29.599 ], [ -69.299, -29.566 ], [ -69.266, -29.566 ], [ -69.233, -29.566 ], [ -69.233, -29.599 ] ] ], [ [ [ -69.133, -29.633 ], [ -69.166, -29.633 ], [ -69.166, -29.599 ], [ -69.166, -29.566 ], [ -69.133, -29.566 ], [ -69.133, -29.599 ], [ -69.133, -29.633 ] ] ], [ [ [ -68.833, -29.566 ], [ -68.833, -29.599 ], [ -68.799, -29.599 ], [ -68.799, -29.633 ], [ -68.833, -29.633 ], [ -68.866, -29.633 ], [ -68.866, -29.599 ], [ -68.866, -29.566 ], [ -68.833, -29.566 ] ] ], [ [ [ -68.899, -29.566 ], [ -68.899, -29.599 ], [ -68.933, -29.599 ], [ -68.933, -29.566 ], [ -68.966, -29.566 ], [ -68.966, -29.533 ], [ -68.933, -29.533 ], [ -68.899, -29.533 ], [ -68.899, -29.566 ] ] ], [ [ [ -69.299, -29.499 ], [ -69.299, -29.533 ], [ -69.333, -29.533 ], [ -69.333, -29.499 ], [ -69.299, -29.499 ] ] ], [ [ [ -68.833, -29.533 ], [ -68.866, -29.533 ], [ -68.866, -29.499 ], [ -68.833, -29.499 ], [ -68.799, -29.499 ], [ -68.799, -29.533 ], [ -68.833, -29.533 ] ] ], [ [ [ -69.266, -29.499 ], [ -69.299, -29.499 ], [ -69.299, -29.466 ], [ -69.266, -29.466 ], [ -69.266, -29.499 ] ] ], [ [ [ -69.133, -29.466 ], [ -69.133, -29.499 ], [ -69.166, -29.499 ], [ -69.166, -29.466 ], [ -69.133, -29.466 ] ] ], [ [ [ -69.333, -29.466 ], [ -69.366, -29.466 ], [ -69.366, -29.433 ], [ -69.333, -29.433 ], [ -69.333, -29.466 ] ] ], [ [ [ -69.266, -29.499 ], [ -69.233, -29.499 ], [ -69.233, -29.466 ], [ -69.233, -29.433 ], [ -69.199, -29.433 ], [ -69.199, -29.466 ], [ -69.199, -29.499 ], [ -69.199, -29.533 ], [ -69.233, -29.533 ], [ -69.266, -29.533 ], [ -69.266, -29.499 ] ] ], [ [ [ -69.133, -29.466 ], [ -69.133, -29.433 ], [ -69.099, -29.433 ], [ -69.099, -29.466 ], [ -69.133, -29.466 ] ] ], [ [ [ -67.666, -29.466 ], [ -67.666, -29.499 ], [ -67.666, -29.533 ], [ -67.633, -29.533 ], [ -67.633, -29.566 ], [ -67.599, -29.566 ], [ -67.599, -29.599 ], [ -67.633, -29.599 ], [ -67.633, -29.633 ], [ -67.666, -29.633 ], [ -67.666, -29.599 ], [ -67.666, -29.566 ], [ -67.699, -29.566 ], [ -67.699, -29.533 ], [ -67.699, -29.499 ], [ -67.699, -29.466 ], [ -67.733, -29.466 ], [ -67.733, -29.433 ], [ -67.733, -29.399 ], [ -67.699, -29.399 ], [ -67.666, -29.399 ], [ -67.666, -29.433 ], [ -67.666, -29.466 ] ] ], [ [ [ -69.366, -29.399 ], [ -69.399, -29.399 ], [ -69.399, -29.366 ], [ -69.366, -29.366 ], [ -69.366, -29.399 ] ] ], [ [ [ -69.433, -29.366 ], [ -69.466, -29.366 ], [ -69.466, -29.333 ], [ -69.433, -29.333 ], [ -69.433, -29.366 ] ] ], [ [ [ -69.133, -29.366 ], [ -69.133, -29.399 ], [ -69.166, -29.399 ], [ -69.199, -29.399 ], [ -69.233, -29.399 ], [ -69.233, -29.366 ], [ -69.233, -29.333 ], [ -69.199, -29.333 ], [ -69.199, -29.366 ], [ -69.166, -29.366 ], [ -69.166, -29.333 ], [ -69.133, -29.333 ], [ -69.133, -29.366 ] ] ], [ [ [ -68.899, -29.333 ], [ -68.899, -29.366 ], [ -68.866, -29.366 ], [ -68.866, -29.399 ], [ -68.899, -29.399 ], [ -68.933, -29.399 ], [ -68.933, -29.366 ], [ -68.933, -29.333 ], [ -68.899, -29.333 ] ] ], [ [ [ -67.833, -29.299 ], [ -67.799, -29.299 ], [ -67.799, -29.333 ], [ -67.833, -29.333 ], [ -67.833, -29.299 ] ] ], [ [ [ -68.866, -29.266 ], [ -68.866, -29.299 ], [ -68.899, -29.299 ], [ -68.899, -29.266 ], [ -68.866, -29.266 ] ] ], [ [ [ -67.833, -29.299 ], [ -67.866, -29.299 ], [ -67.866, -29.266 ], [ -67.833, -29.266 ], [ -67.833, -29.299 ] ] ], [ [ [ -67.799, -29.299 ], [ -67.799, -29.266 ], [ -67.766, -29.266 ], [ -67.766, -29.299 ], [ -67.799, -29.299 ] ] ], [ [ [ -67.699, -29.299 ], [ -67.733, -29.299 ], [ -67.733, -29.266 ], [ -67.699, -29.266 ], [ -67.699, -29.299 ] ] ], [ [ [ -68.866, -29.266 ], [ -68.866, -29.233 ], [ -68.833, -29.233 ], [ -68.833, -29.266 ], [ -68.866, -29.266 ] ] ], [ [ [ -67.199, -29.233 ], [ -67.166, -29.233 ], [ -67.166, -29.266 ], [ -67.166, -29.299 ], [ -67.199, -29.299 ], [ -67.199, -29.266 ], [ -67.199, -29.233 ] ] ], [ [ [ -67.899, -29.233 ], [ -67.933, -29.233 ], [ -67.933, -29.199 ], [ -67.899, -29.199 ], [ -67.899, -29.233 ] ] ], [ [ [ -67.799, -29.233 ], [ -67.833, -29.233 ], [ -67.833, -29.199 ], [ -67.799, -29.199 ], [ -67.766, -29.199 ], [ -67.733, -29.199 ], [ -67.733, -29.233 ], [ -67.766, -29.233 ], [ -67.799, -29.233 ] ] ], [ [ [ -69.099, -29.133 ], [ -69.099, -29.166 ], [ -69.099, -29.199 ], [ -69.099, -29.233 ], [ -69.066, -29.233 ], [ -69.066, -29.266 ], [ -69.066, -29.299 ], [ -69.066, -29.333 ], [ -69.066, -29.366 ], [ -69.099, -29.366 ], [ -69.099, -29.333 ], [ -69.099, -29.299 ], [ -69.133, -29.299 ], [ -69.133, -29.266 ], [ -69.133, -29.233 ], [ -69.133, -29.199 ], [ -69.133, -29.166 ], [ -69.133, -29.133 ], [ -69.099, -29.133 ] ] ], [ [ [ -68.799, -29.166 ], [ -68.833, -29.166 ], [ -68.833, -29.133 ], [ -68.799, -29.133 ], [ -68.799, -29.166 ] ] ], [ [ [ -67.699, -29.166 ], [ -67.733, -29.166 ], [ -67.733, -29.133 ], [ -67.699, -29.133 ], [ -67.699, -29.166 ] ] ], [ [ [ -67.199, -29.233 ], [ -67.233, -29.233 ], [ -67.233, -29.199 ], [ -67.233, -29.166 ], [ -67.233, -29.133 ], [ -67.266, -29.133 ], [ -67.266, -29.099 ], [ -67.233, -29.099 ], [ -67.199, -29.099 ], [ -67.199, -29.133 ], [ -67.199, -29.166 ], [ -67.199, -29.199 ], [ -67.199, -29.233 ] ] ], [ [ [ -68.566, -29.066 ], [ -68.566, -29.099 ], [ -68.599, -29.099 ], [ -68.599, -29.066 ], [ -68.566, -29.066 ] ] ], [ [ [ -67.933, -29.166 ], [ -67.966, -29.166 ], [ -67.966, -29.133 ], [ -67.966, -29.099 ], [ -67.966, -29.066 ], [ -67.933, -29.066 ], [ -67.933, -29.099 ], [ -67.933, -29.133 ], [ -67.933, -29.166 ] ] ], [ [ [ -67.199, -29.099 ], [ -67.199, -29.066 ], [ -67.166, -29.066 ], [ -67.166, -29.099 ], [ -67.199, -29.099 ] ] ], [ [ [ -69.133, -29.066 ], [ -69.166, -29.066 ], [ -69.166, -29.033 ], [ -69.133, -29.033 ], [ -69.133, -29.066 ] ] ], [ [ [ -68.566, -29.066 ], [ -68.566, -29.033 ], [ -68.533, -29.033 ], [ -68.533, -29.066 ], [ -68.566, -29.066 ] ] ], [ [ [ -68.499, -29.033 ], [ -68.466, -29.033 ], [ -68.466, -29.066 ], [ -68.499, -29.066 ], [ -68.499, -29.033 ] ] ], [ [ [ -67.633, -29.033 ], [ -67.633, -29.066 ], [ -67.666, -29.066 ], [ -67.666, -29.033 ], [ -67.633, -29.033 ] ] ], [ [ [ -67.233, -29.066 ], [ -67.266, -29.066 ], [ -67.266, -29.033 ], [ -67.233, -29.033 ], [ -67.233, -29.066 ] ] ], [ [ [ -67.099, -29.066 ], [ -67.133, -29.066 ], [ -67.133, -29.033 ], [ -67.099, -29.033 ], [ -67.099, -29.066 ] ] ], [ [ [ -69.166, -29.033 ], [ -69.199, -29.033 ], [ -69.233, -29.033 ], [ -69.266, -29.033 ], [ -69.266, -28.999 ], [ -69.233, -28.999 ], [ -69.199, -28.999 ], [ -69.166, -28.999 ], [ -69.166, -29.033 ] ] ], [ [ [ -69.099, -29.133 ], [ -69.099, -29.099 ], [ -69.133, -29.099 ], [ -69.133, -29.066 ], [ -69.099, -29.066 ], [ -69.066, -29.066 ], [ -69.066, -29.033 ], [ -69.033, -29.033 ], [ -69.033, -28.999 ], [ -68.999, -28.999 ], [ -68.999, -29.033 ], [ -68.999, -29.066 ], [ -68.999, -29.099 ], [ -69.033, -29.099 ], [ -69.033, -29.133 ], [ -69.066, -29.133 ], [ -69.099, -29.133 ] ] ], [ [ [ -68.799, -28.999 ], [ -68.799, -29.033 ], [ -68.799, -29.066 ], [ -68.833, -29.066 ], [ -68.833, -29.033 ], [ -68.833, -28.999 ], [ -68.799, -28.999 ] ] ], [ [ [ -68.499, -29.033 ], [ -68.533, -29.033 ], [ -68.533, -28.999 ], [ -68.499, -28.999 ], [ -68.499, -29.033 ] ] ], [ [ [ -68.733, -28.966 ], [ -68.699, -28.966 ], [ -68.666, -28.966 ], [ -68.666, -28.999 ], [ -68.666, -29.033 ], [ -68.666, -29.066 ], [ -68.666, -29.099 ], [ -68.666, -29.133 ], [ -68.699, -29.133 ], [ -68.699, -29.099 ], [ -68.699, -29.066 ], [ -68.699, -29.033 ], [ -68.699, -28.999 ], [ -68.733, -28.999 ], [ -68.733, -28.966 ] ] ], [ [ [ -68.466, -29.033 ], [ -68.466, -28.999 ], [ -68.499, -28.999 ], [ -68.499, -28.966 ], [ -68.466, -28.966 ], [ -68.433, -28.966 ], [ -68.433, -28.999 ], [ -68.433, -29.033 ], [ -68.466, -29.033 ] ] ], [ [ [ -67.633, -29.033 ], [ -67.633, -28.999 ], [ -67.633, -28.966 ], [ -67.599, -28.966 ], [ -67.599, -28.999 ], [ -67.599, -29.033 ], [ -67.633, -29.033 ] ] ], [ [ [ -69.166, -28.966 ], [ -69.199, -28.966 ], [ -69.199, -28.933 ], [ -69.166, -28.933 ], [ -69.166, -28.966 ] ] ], [ [ [ -67.966, -28.933 ], [ -67.966, -28.966 ], [ -67.966, -28.999 ], [ -67.966, -29.033 ], [ -67.999, -29.033 ], [ -67.999, -28.999 ], [ -67.999, -28.966 ], [ -67.999, -28.933 ], [ -67.966, -28.933 ] ] ], [ [ [ -68.733, -28.966 ], [ -68.766, -28.966 ], [ -68.766, -28.999 ], [ -68.799, -28.999 ], [ -68.799, -28.966 ], [ -68.799, -28.933 ], [ -68.799, -28.899 ], [ -68.766, -28.899 ], [ -68.766, -28.933 ], [ -68.733, -28.933 ], [ -68.733, -28.966 ] ] ], [ [ [ -68.466, -28.933 ], [ -68.499, -28.933 ], [ -68.499, -28.899 ], [ -68.466, -28.899 ], [ -68.466, -28.933 ] ] ], [ [ [ -67.966, -28.933 ], [ -67.966, -28.899 ], [ -67.933, -28.899 ], [ -67.933, -28.933 ], [ -67.966, -28.933 ] ] ], [ [ [ -67.033, -28.933 ], [ -67.066, -28.933 ], [ -67.066, -28.899 ], [ -67.033, -28.899 ], [ -67.033, -28.933 ] ] ], [ [ [ -68.599, -28.866 ], [ -68.566, -28.866 ], [ -68.533, -28.866 ], [ -68.533, -28.899 ], [ -68.566, -28.899 ], [ -68.599, -28.899 ], [ -68.599, -28.866 ] ] ], [ [ [ -67.699, -28.866 ], [ -67.666, -28.866 ], [ -67.633, -28.866 ], [ -67.633, -28.899 ], [ -67.666, -28.899 ], [ -67.699, -28.899 ], [ -67.699, -28.866 ] ] ], [ [ [ -68.599, -28.866 ], [ -68.633, -28.866 ], [ -68.633, -28.833 ], [ -68.599, -28.833 ], [ -68.599, -28.866 ] ] ], [ [ [ -67.933, -28.866 ], [ -67.966, -28.866 ], [ -67.966, -28.833 ], [ -67.933, -28.833 ], [ -67.933, -28.866 ] ] ], [ [ [ -67.699, -28.866 ], [ -67.733, -28.866 ], [ -67.733, -28.833 ], [ -67.699, -28.833 ], [ -67.699, -28.866 ] ] ], [ [ [ -67.733, -28.833 ], [ -67.766, -28.833 ], [ -67.766, -28.799 ], [ -67.733, -28.799 ], [ -67.733, -28.833 ] ] ], [ [ [ -67.233, -28.999 ], [ -67.266, -28.999 ], [ -67.266, -28.966 ], [ -67.266, -28.933 ], [ -67.266, -28.899 ], [ -67.266, -28.866 ], [ -67.266, -28.833 ], [ -67.266, -28.799 ], [ -67.233, -28.799 ], [ -67.233, -28.833 ], [ -67.233, -28.866 ], [ -67.233, -28.899 ], [ -67.233, -28.933 ], [ -67.233, -28.966 ], [ -67.233, -28.999 ] ] ], [ [ [ -67.033, -28.866 ], [ -67.066, -28.866 ], [ -67.066, -28.833 ], [ -67.066, -28.799 ], [ -67.033, -28.799 ], [ -67.033, -28.833 ], [ -67.033, -28.866 ] ] ], [ [ [ -67.933, -28.766 ], [ -67.966, -28.766 ], [ -67.966, -28.733 ], [ -67.933, -28.733 ], [ -67.933, -28.766 ] ] ], [ [ [ -67.199, -28.766 ], [ -67.233, -28.766 ], [ -67.233, -28.733 ], [ -67.199, -28.733 ], [ -67.199, -28.766 ] ] ], [ [ [ -67.799, -28.699 ], [ -67.766, -28.699 ], [ -67.766, -28.733 ], [ -67.799, -28.733 ], [ -67.799, -28.699 ] ] ], [ [ [ -67.799, -28.699 ], [ -67.833, -28.699 ], [ -67.833, -28.666 ], [ -67.799, -28.666 ], [ -67.799, -28.699 ] ] ], [ [ [ -67.166, -28.699 ], [ -67.199, -28.699 ], [ -67.199, -28.666 ], [ -67.166, -28.666 ], [ -67.166, -28.699 ] ] ], [ [ [ -67.099, -28.666 ], [ -67.099, -28.699 ], [ -67.133, -28.699 ], [ -67.133, -28.666 ], [ -67.099, -28.666 ] ] ], [ [ [ -66.999, -28.766 ], [ -67.033, -28.766 ], [ -67.033, -28.733 ], [ -67.033, -28.699 ], [ -67.033, -28.666 ], [ -66.999, -28.666 ], [ -66.999, -28.699 ], [ -66.999, -28.733 ], [ -66.999, -28.766 ] ] ], [ [ [ -68.633, -28.833 ], [ -68.666, -28.833 ], [ -68.666, -28.799 ], [ -68.699, -28.799 ], [ -68.733, -28.799 ], [ -68.766, -28.799 ], [ -68.766, -28.766 ], [ -68.766, -28.733 ], [ -68.799, -28.733 ], [ -68.799, -28.699 ], [ -68.799, -28.666 ], [ -68.766, -28.666 ], [ -68.766, -28.633 ], [ -68.733, -28.633 ], [ -68.733, -28.666 ], [ -68.733, -28.699 ], [ -68.733, -28.733 ], [ -68.699, -28.733 ], [ -68.699, -28.766 ], [ -68.666, -28.766 ], [ -68.633, -28.766 ], [ -68.633, -28.799 ], [ -68.633, -28.833 ] ] ], [ [ [ -67.933, -28.666 ], [ -67.966, -28.666 ], [ -67.966, -28.633 ], [ -67.933, -28.633 ], [ -67.933, -28.666 ] ] ], [ [ [ -67.099, -28.666 ], [ -67.099, -28.633 ], [ -67.066, -28.633 ], [ -67.066, -28.666 ], [ -67.099, -28.666 ] ] ], [ [ [ -66.199, -28.633 ], [ -66.199, -28.666 ], [ -66.233, -28.666 ], [ -66.233, -28.633 ], [ -66.199, -28.633 ] ] ], [ [ [ -67.066, -28.633 ], [ -67.066, -28.599 ], [ -67.033, -28.599 ], [ -67.033, -28.633 ], [ -67.066, -28.633 ] ] ], [ [ [ -66.199, -28.633 ], [ -66.199, -28.599 ], [ -66.199, -28.566 ], [ -66.166, -28.566 ], [ -66.166, -28.599 ], [ -66.166, -28.633 ], [ -66.199, -28.633 ] ] ], [ [ [ -68.733, -28.566 ], [ -68.766, -28.566 ], [ -68.766, -28.533 ], [ -68.733, -28.533 ], [ -68.733, -28.566 ] ] ], [ [ [ -67.799, -28.666 ], [ -67.799, -28.633 ], [ -67.799, -28.599 ], [ -67.799, -28.566 ], [ -67.799, -28.533 ], [ -67.766, -28.533 ], [ -67.733, -28.533 ], [ -67.733, -28.566 ], [ -67.766, -28.566 ], [ -67.766, -28.599 ], [ -67.766, -28.633 ], [ -67.766, -28.666 ], [ -67.799, -28.666 ] ] ], [ [ [ -66.166, -28.566 ], [ -66.166, -28.533 ], [ -66.133, -28.533 ], [ -66.133, -28.566 ], [ -66.166, -28.566 ] ] ], [ [ [ -68.566, -28.533 ], [ -68.566, -28.566 ], [ -68.599, -28.566 ], [ -68.633, -28.566 ], [ -68.666, -28.566 ], [ -68.666, -28.599 ], [ -68.699, -28.599 ], [ -68.699, -28.633 ], [ -68.733, -28.633 ], [ -68.733, -28.599 ], [ -68.733, -28.566 ], [ -68.699, -28.566 ], [ -68.699, -28.533 ], [ -68.666, -28.533 ], [ -68.666, -28.499 ], [ -68.633, -28.499 ], [ -68.633, -28.533 ], [ -68.599, -28.533 ], [ -68.566, -28.533 ] ] ], [ [ [ -66.999, -28.566 ], [ -67.033, -28.566 ], [ -67.033, -28.533 ], [ -67.033, -28.499 ], [ -66.999, -28.499 ], [ -66.999, -28.533 ], [ -66.999, -28.566 ] ] ], [ [ [ -67.899, -28.566 ], [ -67.933, -28.566 ], [ -67.933, -28.533 ], [ -67.933, -28.499 ], [ -67.933, -28.466 ], [ -67.899, -28.466 ], [ -67.899, -28.499 ], [ -67.899, -28.533 ], [ -67.899, -28.566 ] ] ], [ [ [ -66.133, -28.533 ], [ -66.133, -28.499 ], [ -66.133, -28.466 ], [ -66.099, -28.466 ], [ -66.099, -28.499 ], [ -66.066, -28.499 ], [ -66.033, -28.499 ], [ -66.033, -28.533 ], [ -66.066, -28.533 ], [ -66.099, -28.533 ], [ -66.133, -28.533 ] ] ], [ [ [ -66.099, -28.466 ], [ -66.099, -28.433 ], [ -66.066, -28.433 ], [ -66.066, -28.466 ], [ -66.099, -28.466 ] ] ], [ [ [ -65.966, -28.499 ], [ -65.999, -28.499 ], [ -65.999, -28.466 ], [ -65.999, -28.433 ], [ -65.966, -28.433 ], [ -65.966, -28.466 ], [ -65.966, -28.499 ] ] ], [ [ [ -68.499, -28.399 ], [ -68.499, -28.366 ], [ -68.466, -28.366 ], [ -68.466, -28.399 ], [ -68.499, -28.399 ] ] ], [ [ [ -68.399, -28.399 ], [ -68.433, -28.399 ], [ -68.433, -28.366 ], [ -68.399, -28.366 ], [ -68.399, -28.399 ] ] ], [ [ [ -68.099, -28.366 ], [ -68.099, -28.399 ], [ -68.133, -28.399 ], [ -68.133, -28.366 ], [ -68.099, -28.366 ] ] ], [ [ [ -67.899, -28.366 ], [ -67.899, -28.399 ], [ -67.933, -28.399 ], [ -67.933, -28.366 ], [ -67.899, -28.366 ] ] ], [ [ [ -65.966, -28.399 ], [ -65.999, -28.399 ], [ -65.999, -28.366 ], [ -65.966, -28.366 ], [ -65.966, -28.399 ] ] ], [ [ [ -67.899, -28.366 ], [ -67.899, -28.333 ], [ -67.866, -28.333 ], [ -67.866, -28.366 ], [ -67.899, -28.366 ] ] ], [ [ [ -67.766, -28.499 ], [ -67.799, -28.499 ], [ -67.799, -28.466 ], [ -67.799, -28.433 ], [ -67.799, -28.399 ], [ -67.799, -28.366 ], [ -67.799, -28.333 ], [ -67.766, -28.333 ], [ -67.766, -28.366 ], [ -67.766, -28.399 ], [ -67.766, -28.433 ], [ -67.766, -28.466 ], [ -67.766, -28.499 ] ] ], [ [ [ -68.499, -28.399 ], [ -68.499, -28.433 ], [ -68.499, -28.466 ], [ -68.533, -28.466 ], [ -68.533, -28.433 ], [ -68.566, -28.433 ], [ -68.566, -28.466 ], [ -68.533, -28.466 ], [ -68.533, -28.499 ], [ -68.533, -28.533 ], [ -68.566, -28.533 ], [ -68.566, -28.499 ], [ -68.599, -28.499 ], [ -68.599, -28.466 ], [ -68.599, -28.433 ], [ -68.599, -28.399 ], [ -68.566, -28.399 ], [ -68.566, -28.366 ], [ -68.566, -28.333 ], [ -68.566, -28.299 ], [ -68.533, -28.299 ], [ -68.533, -28.333 ], [ -68.533, -28.366 ], [ -68.533, -28.399 ], [ -68.499, -28.399 ] ] ], [ [ [ -68.366, -28.299 ], [ -68.366, -28.333 ], [ -68.399, -28.333 ], [ -68.399, -28.299 ], [ -68.366, -28.299 ] ] ], [ [ [ -68.099, -28.366 ], [ -68.099, -28.333 ], [ -68.099, -28.299 ], [ -68.066, -28.299 ], [ -68.066, -28.333 ], [ -68.066, -28.366 ], [ -68.099, -28.366 ] ] ], [ [ [ -67.899, -28.333 ], [ -67.933, -28.333 ], [ -67.933, -28.299 ], [ -67.899, -28.299 ], [ -67.899, -28.333 ] ] ], [ [ [ -66.066, -28.366 ], [ -66.099, -28.366 ], [ -66.099, -28.333 ], [ -66.099, -28.299 ], [ -66.066, -28.299 ], [ -66.066, -28.333 ], [ -66.066, -28.366 ] ] ], [ [ [ -68.366, -28.299 ], [ -68.366, -28.266 ], [ -68.333, -28.266 ], [ -68.299, -28.266 ], [ -68.299, -28.299 ], [ -68.333, -28.299 ], [ -68.366, -28.299 ] ] ], [ [ [ -68.066, -28.299 ], [ -68.066, -28.266 ], [ -68.033, -28.266 ], [ -68.033, -28.299 ], [ -68.066, -28.299 ] ] ], [ [ [ -67.933, -28.299 ], [ -67.966, -28.299 ], [ -67.966, -28.266 ], [ -67.933, -28.266 ], [ -67.933, -28.299 ] ] ], [ [ [ -65.966, -28.333 ], [ -65.999, -28.333 ], [ -65.999, -28.299 ], [ -65.999, -28.266 ], [ -65.966, -28.266 ], [ -65.966, -28.299 ], [ -65.966, -28.333 ] ] ], [ [ [ -67.799, -28.233 ], [ -67.799, -28.266 ], [ -67.766, -28.266 ], [ -67.766, -28.299 ], [ -67.799, -28.299 ], [ -67.833, -28.299 ], [ -67.833, -28.266 ], [ -67.833, -28.233 ], [ -67.799, -28.233 ] ] ], [ [ [ -68.299, -28.266 ], [ -68.299, -28.233 ], [ -68.299, -28.199 ], [ -68.266, -28.199 ], [ -68.266, -28.233 ], [ -68.233, -28.233 ], [ -68.199, -28.233 ], [ -68.199, -28.266 ], [ -68.166, -28.266 ], [ -68.166, -28.299 ], [ -68.199, -28.299 ], [ -68.199, -28.333 ], [ -68.199, -28.366 ], [ -68.199, -28.399 ], [ -68.199, -28.433 ], [ -68.166, -28.433 ], [ -68.166, -28.466 ], [ -68.199, -28.466 ], [ -68.233, -28.466 ], [ -68.233, -28.433 ], [ -68.233, -28.399 ], [ -68.233, -28.366 ], [ -68.233, -28.333 ], [ -68.233, -28.299 ], [ -68.233, -28.266 ], [ -68.266, -28.266 ], [ -68.299, -28.266 ] ] ], [ [ [ -68.033, -28.266 ], [ -68.033, -28.233 ], [ -68.033, -28.199 ], [ -67.999, -28.199 ], [ -67.966, -28.199 ], [ -67.966, -28.233 ], [ -67.999, -28.233 ], [ -67.999, -28.266 ], [ -68.033, -28.266 ] ] ], [ [ [ -67.799, -28.233 ], [ -67.799, -28.199 ], [ -67.766, -28.199 ], [ -67.766, -28.233 ], [ -67.799, -28.233 ] ] ], [ [ [ -67.766, -28.166 ], [ -67.799, -28.166 ], [ -67.799, -28.133 ], [ -67.766, -28.133 ], [ -67.766, -28.166 ] ] ], [ [ [ -66.033, -28.166 ], [ -66.066, -28.166 ], [ -66.066, -28.133 ], [ -66.033, -28.133 ], [ -66.033, -28.166 ] ] ], [ [ [ -65.966, -28.133 ], [ -65.933, -28.133 ], [ -65.933, -28.166 ], [ -65.933, -28.199 ], [ -65.966, -28.199 ], [ -65.966, -28.166 ], [ -65.966, -28.133 ] ] ], [ [ [ -65.966, -28.133 ], [ -65.999, -28.133 ], [ -65.999, -28.099 ], [ -65.966, -28.099 ], [ -65.966, -28.133 ] ] ], [ [ [ -67.799, -28.099 ], [ -67.833, -28.099 ], [ -67.833, -28.066 ], [ -67.799, -28.066 ], [ -67.799, -28.099 ] ] ], [ [ [ -67.866, -27.999 ], [ -67.833, -27.999 ], [ -67.833, -28.033 ], [ -67.866, -28.033 ], [ -67.866, -27.999 ] ] ], [ [ [ -65.999, -28.066 ], [ -66.033, -28.066 ], [ -66.033, -28.033 ], [ -66.033, -27.999 ], [ -65.999, -27.999 ], [ -65.999, -28.033 ], [ -65.999, -28.066 ] ] ], [ [ [ -67.866, -27.999 ], [ -67.899, -27.999 ], [ -67.899, -27.966 ], [ -67.866, -27.966 ], [ -67.866, -27.999 ] ] ], [ [ [ -67.966, -27.899 ], [ -67.966, -27.933 ], [ -67.933, -27.933 ], [ -67.933, -27.966 ], [ -67.966, -27.966 ], [ -67.966, -27.999 ], [ -67.933, -27.999 ], [ -67.933, -28.033 ], [ -67.966, -28.033 ], [ -67.966, -28.066 ], [ -67.999, -28.066 ], [ -67.999, -28.033 ], [ -67.999, -27.999 ], [ -67.999, -27.966 ], [ -68.033, -27.966 ], [ -68.033, -27.933 ], [ -68.033, -27.899 ], [ -67.999, -27.899 ], [ -67.966, -27.899 ] ] ], [ [ [ -66.066, -27.999 ], [ -66.099, -27.999 ], [ -66.099, -27.966 ], [ -66.099, -27.933 ], [ -66.066, -27.933 ], [ -66.066, -27.899 ], [ -66.066, -27.866 ], [ -66.033, -27.866 ], [ -66.033, -27.899 ], [ -66.033, -27.933 ], [ -66.033, -27.966 ], [ -66.066, -27.966 ], [ -66.066, -27.999 ] ] ], [ [ [ -67.866, -27.833 ], [ -67.866, -27.866 ], [ -67.866, -27.899 ], [ -67.899, -27.899 ], [ -67.899, -27.866 ], [ -67.899, -27.833 ], [ -67.866, -27.833 ] ] ], [ [ [ -65.999, -27.799 ], [ -66.033, -27.799 ], [ -66.033, -27.766 ], [ -65.999, -27.766 ], [ -65.999, -27.799 ] ] ], [ [ [ -67.866, -27.833 ], [ -67.866, -27.799 ], [ -67.899, -27.799 ], [ -67.899, -27.766 ], [ -67.933, -27.766 ], [ -67.933, -27.733 ], [ -67.899, -27.733 ], [ -67.866, -27.733 ], [ -67.866, -27.766 ], [ -67.833, -27.766 ], [ -67.833, -27.799 ], [ -67.833, -27.833 ], [ -67.866, -27.833 ] ] ], [ [ [ -67.933, -27.733 ], [ -67.966, -27.733 ], [ -67.999, -27.733 ], [ -67.999, -27.699 ], [ -67.966, -27.699 ], [ -67.966, -27.666 ], [ -67.933, -27.666 ], [ -67.899, -27.666 ], [ -67.899, -27.699 ], [ -67.933, -27.699 ], [ -67.933, -27.733 ] ] ], [ [ [ -67.399, -27.699 ], [ -67.433, -27.699 ], [ -67.433, -27.666 ], [ -67.399, -27.666 ], [ -67.399, -27.699 ] ] ], [ [ [ -67.466, -27.699 ], [ -67.466, -27.733 ], [ -67.433, -27.733 ], [ -67.433, -27.766 ], [ -67.466, -27.766 ], [ -67.466, -27.799 ], [ -67.466, -27.833 ], [ -67.499, -27.833 ], [ -67.533, -27.833 ], [ -67.533, -27.799 ], [ -67.533, -27.766 ], [ -67.499, -27.766 ], [ -67.499, -27.733 ], [ -67.499, -27.699 ], [ -67.499, -27.666 ], [ -67.499, -27.633 ], [ -67.466, -27.633 ], [ -67.466, -27.666 ], [ -67.466, -27.699 ] ] ], [ [ [ -67.333, -27.633 ], [ -67.366, -27.633 ], [ -67.366, -27.599 ], [ -67.333, -27.599 ], [ -67.333, -27.633 ] ] ], [ [ [ -67.233, -27.566 ], [ -67.233, -27.599 ], [ -67.266, -27.599 ], [ -67.299, -27.599 ], [ -67.299, -27.566 ], [ -67.266, -27.566 ], [ -67.233, -27.566 ] ] ], [ [ [ -67.433, -27.599 ], [ -67.466, -27.599 ], [ -67.466, -27.566 ], [ -67.466, -27.533 ], [ -67.433, -27.533 ], [ -67.433, -27.566 ], [ -67.433, -27.599 ] ] ], [ [ [ -67.233, -27.566 ], [ -67.233, -27.533 ], [ -67.199, -27.533 ], [ -67.199, -27.566 ], [ -67.233, -27.566 ] ] ], [ [ [ -67.199, -27.533 ], [ -67.199, -27.499 ], [ -67.166, -27.499 ], [ -67.166, -27.533 ], [ -67.199, -27.533 ] ] ], [ [ [ -67.899, -27.666 ], [ -67.899, -27.633 ], [ -67.899, -27.599 ], [ -67.899, -27.566 ], [ -67.899, -27.533 ], [ -67.933, -27.533 ], [ -67.933, -27.499 ], [ -67.899, -27.499 ], [ -67.899, -27.466 ], [ -67.866, -27.466 ], [ -67.866, -27.499 ], [ -67.866, -27.533 ], [ -67.866, -27.566 ], [ -67.866, -27.599 ], [ -67.866, -27.633 ], [ -67.866, -27.666 ], [ -67.899, -27.666 ] ] ], [ [ [ -67.166, -27.499 ], [ -67.166, -27.466 ], [ -67.133, -27.466 ], [ -67.133, -27.499 ], [ -67.166, -27.499 ] ] ], [ [ [ -67.866, -27.466 ], [ -67.866, -27.433 ], [ -67.833, -27.433 ], [ -67.833, -27.466 ], [ -67.866, -27.466 ] ] ], [ [ [ -67.399, -27.499 ], [ -67.433, -27.499 ], [ -67.433, -27.466 ], [ -67.433, -27.433 ], [ -67.399, -27.433 ], [ -67.399, -27.466 ], [ -67.399, -27.499 ] ] ], [ [ [ -66.133, -27.466 ], [ -66.166, -27.466 ], [ -66.166, -27.433 ], [ -66.133, -27.433 ], [ -66.133, -27.466 ] ] ], [ [ [ -67.099, -27.433 ], [ -67.133, -27.433 ], [ -67.133, -27.399 ], [ -67.099, -27.399 ], [ -67.099, -27.433 ] ] ], [ [ [ -66.633, -27.433 ], [ -66.666, -27.433 ], [ -66.666, -27.399 ], [ -66.633, -27.399 ], [ -66.599, -27.399 ], [ -66.599, -27.433 ], [ -66.633, -27.433 ] ] ], [ [ [ -66.466, -27.399 ], [ -66.433, -27.399 ], [ -66.433, -27.433 ], [ -66.466, -27.433 ], [ -66.466, -27.399 ] ] ], [ [ [ -66.299, -27.433 ], [ -66.333, -27.433 ], [ -66.333, -27.399 ], [ -66.299, -27.399 ], [ -66.299, -27.433 ] ] ], [ [ [ -66.199, -27.433 ], [ -66.233, -27.433 ], [ -66.233, -27.399 ], [ -66.199, -27.399 ], [ -66.199, -27.433 ] ] ], [ [ [ -66.433, -27.399 ], [ -66.433, -27.366 ], [ -66.399, -27.366 ], [ -66.366, -27.366 ], [ -66.366, -27.399 ], [ -66.399, -27.399 ], [ -66.433, -27.399 ] ] ], [ [ [ -67.866, -27.433 ], [ -67.899, -27.433 ], [ -67.899, -27.466 ], [ -67.933, -27.466 ], [ -67.933, -27.433 ], [ -67.933, -27.399 ], [ -67.933, -27.366 ], [ -67.933, -27.333 ], [ -67.899, -27.333 ], [ -67.899, -27.366 ], [ -67.899, -27.399 ], [ -67.866, -27.399 ], [ -67.866, -27.433 ] ] ], [ [ [ -66.599, -27.366 ], [ -66.633, -27.366 ], [ -66.633, -27.333 ], [ -66.599, -27.333 ], [ -66.599, -27.366 ] ] ], [ [ [ -66.066, -27.333 ], [ -66.066, -27.366 ], [ -66.066, -27.399 ], [ -66.099, -27.399 ], [ -66.099, -27.366 ], [ -66.099, -27.333 ], [ -66.066, -27.333 ] ] ], [ [ [ -67.399, -27.333 ], [ -67.433, -27.333 ], [ -67.433, -27.299 ], [ -67.399, -27.299 ], [ -67.399, -27.333 ] ] ], [ [ [ -67.133, -27.333 ], [ -67.166, -27.333 ], [ -67.166, -27.299 ], [ -67.133, -27.299 ], [ -67.099, -27.299 ], [ -67.099, -27.333 ], [ -67.133, -27.333 ] ] ], [ [ [ -67.033, -27.333 ], [ -67.066, -27.333 ], [ -67.066, -27.299 ], [ -67.033, -27.299 ], [ -67.033, -27.333 ] ] ], [ [ [ -66.066, -27.333 ], [ -66.066, -27.299 ], [ -66.033, -27.299 ], [ -66.033, -27.333 ], [ -66.066, -27.333 ] ] ], [ [ [ -67.866, -27.266 ], [ -67.866, -27.299 ], [ -67.899, -27.299 ], [ -67.899, -27.266 ], [ -67.866, -27.266 ] ] ], [ [ [ -66.333, -27.299 ], [ -66.333, -27.266 ], [ -66.299, -27.266 ], [ -66.266, -27.266 ], [ -66.266, -27.299 ], [ -66.299, -27.299 ], [ -66.333, -27.299 ] ] ], [ [ [ -67.866, -27.266 ], [ -67.866, -27.233 ], [ -67.833, -27.233 ], [ -67.833, -27.266 ], [ -67.866, -27.266 ] ] ], [ [ [ -66.266, -27.266 ], [ -66.266, -27.233 ], [ -66.233, -27.233 ], [ -66.233, -27.266 ], [ -66.266, -27.266 ] ] ], [ [ [ -67.433, -27.199 ], [ -67.399, -27.199 ], [ -67.366, -27.199 ], [ -67.366, -27.233 ], [ -67.399, -27.233 ], [ -67.399, -27.266 ], [ -67.433, -27.266 ], [ -67.433, -27.233 ], [ -67.433, -27.199 ] ] ], [ [ [ -67.066, -27.199 ], [ -67.066, -27.233 ], [ -67.099, -27.233 ], [ -67.099, -27.199 ], [ -67.066, -27.199 ] ] ], [ [ [ -66.333, -27.299 ], [ -66.333, -27.333 ], [ -66.366, -27.333 ], [ -66.399, -27.333 ], [ -66.433, -27.333 ], [ -66.466, -27.333 ], [ -66.466, -27.366 ], [ -66.466, -27.399 ], [ -66.499, -27.399 ], [ -66.499, -27.366 ], [ -66.533, -27.366 ], [ -66.533, -27.333 ], [ -66.499, -27.333 ], [ -66.499, -27.299 ], [ -66.533, -27.299 ], [ -66.533, -27.266 ], [ -66.499, -27.266 ], [ -66.499, -27.233 ], [ -66.533, -27.233 ], [ -66.533, -27.266 ], [ -66.566, -27.266 ], [ -66.566, -27.233 ], [ -66.566, -27.199 ], [ -66.533, -27.199 ], [ -66.499, -27.199 ], [ -66.466, -27.199 ], [ -66.466, -27.233 ], [ -66.433, -27.233 ], [ -66.433, -27.266 ], [ -66.399, -27.266 ], [ -66.399, -27.299 ], [ -66.366, -27.299 ], [ -66.333, -27.299 ] ] ], [ [ [ -66.233, -27.233 ], [ -66.233, -27.199 ], [ -66.199, -27.199 ], [ -66.199, -27.233 ], [ -66.233, -27.233 ] ] ], [ [ [ -65.966, -27.233 ], [ -65.999, -27.233 ], [ -65.999, -27.199 ], [ -65.966, -27.199 ], [ -65.966, -27.233 ] ] ], [ [ [ -67.433, -27.199 ], [ -67.466, -27.199 ], [ -67.499, -27.199 ], [ -67.499, -27.233 ], [ -67.533, -27.233 ], [ -67.533, -27.199 ], [ -67.533, -27.166 ], [ -67.499, -27.166 ], [ -67.466, -27.166 ], [ -67.433, -27.166 ], [ -67.433, -27.199 ] ] ], [ [ [ -67.066, -27.199 ], [ -67.066, -27.166 ], [ -67.033, -27.166 ], [ -67.033, -27.199 ], [ -67.066, -27.199 ] ] ], [ [ [ -66.199, -27.199 ], [ -66.199, -27.166 ], [ -66.166, -27.166 ], [ -66.166, -27.199 ], [ -66.199, -27.199 ] ] ], [ [ [ -67.566, -27.166 ], [ -67.599, -27.166 ], [ -67.599, -27.133 ], [ -67.566, -27.133 ], [ -67.566, -27.166 ] ] ], [ [ [ -67.033, -27.166 ], [ -67.033, -27.133 ], [ -66.999, -27.133 ], [ -66.999, -27.166 ], [ -67.033, -27.166 ] ] ], [ [ [ -66.766, -27.133 ], [ -66.766, -27.166 ], [ -66.799, -27.166 ], [ -66.799, -27.133 ], [ -66.766, -27.133 ] ] ], [ [ [ -65.899, -27.133 ], [ -65.899, -27.166 ], [ -65.933, -27.166 ], [ -65.933, -27.133 ], [ -65.899, -27.133 ] ] ], [ [ [ -66.766, -27.133 ], [ -66.766, -27.099 ], [ -66.733, -27.099 ], [ -66.699, -27.099 ], [ -66.699, -27.133 ], [ -66.733, -27.133 ], [ -66.766, -27.133 ] ] ], [ [ [ -66.166, -27.166 ], [ -66.166, -27.133 ], [ -66.166, -27.099 ], [ -66.133, -27.099 ], [ -66.133, -27.133 ], [ -66.133, -27.166 ], [ -66.166, -27.166 ] ] ], [ [ [ -65.899, -27.133 ], [ -65.899, -27.099 ], [ -65.866, -27.099 ], [ -65.866, -27.133 ], [ -65.899, -27.133 ] ] ], [ [ [ -67.633, -27.066 ], [ -67.599, -27.066 ], [ -67.599, -27.099 ], [ -67.633, -27.099 ], [ -67.633, -27.066 ] ] ], [ [ [ -66.999, -27.066 ], [ -66.999, -27.099 ], [ -67.033, -27.099 ], [ -67.033, -27.066 ], [ -66.999, -27.066 ] ] ], [ [ [ -66.133, -27.099 ], [ -66.133, -27.066 ], [ -66.099, -27.066 ], [ -66.099, -27.099 ], [ -66.133, -27.099 ] ] ], [ [ [ -66.999, -27.066 ], [ -66.999, -27.033 ], [ -66.966, -27.033 ], [ -66.966, -27.066 ], [ -66.999, -27.066 ] ] ], [ [ [ -67.633, -27.066 ], [ -67.666, -27.066 ], [ -67.666, -27.033 ], [ -67.699, -27.033 ], [ -67.699, -26.999 ], [ -67.666, -26.999 ], [ -67.633, -26.999 ], [ -67.633, -27.033 ], [ -67.633, -27.066 ] ] ], [ [ [ -65.833, -26.999 ], [ -65.833, -27.033 ], [ -65.833, -27.066 ], [ -65.866, -27.066 ], [ -65.866, -27.033 ], [ -65.866, -26.999 ], [ -65.833, -26.999 ] ] ], [ [ [ -66.799, -26.999 ], [ -66.799, -26.966 ], [ -66.766, -26.966 ], [ -66.766, -26.999 ], [ -66.799, -26.999 ] ] ], [ [ [ -65.833, -26.999 ], [ -65.833, -26.966 ], [ -65.799, -26.966 ], [ -65.799, -26.999 ], [ -65.833, -26.999 ] ] ], [ [ [ -67.766, -26.933 ], [ -67.766, -26.966 ], [ -67.733, -26.966 ], [ -67.733, -26.999 ], [ -67.733, -27.033 ], [ -67.733, -27.066 ], [ -67.766, -27.066 ], [ -67.766, -27.033 ], [ -67.766, -26.999 ], [ -67.799, -26.999 ], [ -67.799, -27.033 ], [ -67.833, -27.033 ], [ -67.833, -27.066 ], [ -67.833, -27.099 ], [ -67.833, -27.133 ], [ -67.833, -27.166 ], [ -67.833, -27.199 ], [ -67.866, -27.199 ], [ -67.866, -27.166 ], [ -67.866, -27.133 ], [ -67.866, -27.099 ], [ -67.866, -27.066 ], [ -67.899, -27.066 ], [ -67.899, -27.033 ], [ -67.866, -27.033 ], [ -67.866, -26.999 ], [ -67.833, -26.999 ], [ -67.833, -26.966 ], [ -67.799, -26.966 ], [ -67.799, -26.933 ], [ -67.766, -26.933 ] ] ], [ [ [ -66.799, -26.999 ], [ -66.799, -27.033 ], [ -66.833, -27.033 ], [ -66.866, -27.033 ], [ -66.899, -27.033 ], [ -66.933, -27.033 ], [ -66.966, -27.033 ], [ -66.966, -26.999 ], [ -66.933, -26.999 ], [ -66.933, -26.966 ], [ -66.933, -26.933 ], [ -66.899, -26.933 ], [ -66.899, -26.966 ], [ -66.899, -26.999 ], [ -66.866, -26.999 ], [ -66.833, -26.999 ], [ -66.799, -26.999 ] ] ], [ [ [ -66.699, -27.099 ], [ -66.699, -27.066 ], [ -66.733, -27.066 ], [ -66.733, -27.033 ], [ -66.699, -27.033 ], [ -66.699, -26.999 ], [ -66.699, -26.966 ], [ -66.699, -26.933 ], [ -66.666, -26.933 ], [ -66.633, -26.933 ], [ -66.633, -26.966 ], [ -66.633, -26.999 ], [ -66.633, -27.033 ], [ -66.599, -27.033 ], [ -66.599, -27.066 ], [ -66.633, -27.066 ], [ -66.666, -27.066 ], [ -66.666, -27.099 ], [ -66.699, -27.099 ] ] ], [ [ [ -66.533, -26.999 ], [ -66.566, -26.999 ], [ -66.566, -26.966 ], [ -66.566, -26.933 ], [ -66.533, -26.933 ], [ -66.533, -26.966 ], [ -66.533, -26.999 ] ] ], [ [ [ -65.999, -26.999 ], [ -66.033, -26.999 ], [ -66.033, -26.966 ], [ -66.033, -26.933 ], [ -65.999, -26.933 ], [ -65.999, -26.966 ], [ -65.999, -26.999 ] ] ], [ [ [ -66.699, -26.933 ], [ -66.733, -26.933 ], [ -66.733, -26.966 ], [ -66.766, -26.966 ], [ -66.766, -26.933 ], [ -66.766, -26.899 ], [ -66.733, -26.899 ], [ -66.699, -26.899 ], [ -66.699, -26.933 ] ] ], [ [ [ -65.966, -26.899 ], [ -65.999, -26.899 ], [ -65.999, -26.866 ], [ -65.966, -26.866 ], [ -65.966, -26.899 ] ] ], [ [ [ -65.766, -26.866 ], [ -65.799, -26.866 ], [ -65.799, -26.833 ], [ -65.766, -26.833 ], [ -65.766, -26.866 ] ] ], [ [ [ -66.533, -26.866 ], [ -66.566, -26.866 ], [ -66.566, -26.833 ], [ -66.566, -26.799 ], [ -66.533, -26.799 ], [ -66.533, -26.833 ], [ -66.533, -26.866 ] ] ], [ [ [ -66.166, -26.833 ], [ -66.199, -26.833 ], [ -66.199, -26.799 ], [ -66.166, -26.799 ], [ -66.166, -26.833 ] ] ], [ [ [ -65.699, -26.799 ], [ -65.666, -26.799 ], [ -65.633, -26.799 ], [ -65.599, -26.799 ], [ -65.599, -26.833 ], [ -65.599, -26.866 ], [ -65.633, -26.866 ], [ -65.633, -26.833 ], [ -65.666, -26.833 ], [ -65.699, -26.833 ], [ -65.699, -26.799 ] ] ], [ [ [ -65.933, -26.799 ], [ -65.966, -26.799 ], [ -65.966, -26.766 ], [ -65.933, -26.766 ], [ -65.933, -26.799 ] ] ], [ [ [ -65.699, -26.799 ], [ -65.733, -26.799 ], [ -65.733, -26.766 ], [ -65.699, -26.766 ], [ -65.699, -26.799 ] ] ], [ [ [ -66.466, -26.733 ], [ -66.466, -26.766 ], [ -66.499, -26.766 ], [ -66.499, -26.733 ], [ -66.466, -26.733 ] ] ], [ [ [ -65.733, -26.766 ], [ -65.766, -26.766 ], [ -65.766, -26.733 ], [ -65.733, -26.733 ], [ -65.733, -26.766 ] ] ], [ [ [ -66.199, -26.733 ], [ -66.199, -26.766 ], [ -66.233, -26.766 ], [ -66.233, -26.799 ], [ -66.233, -26.833 ], [ -66.233, -26.866 ], [ -66.266, -26.866 ], [ -66.266, -26.833 ], [ -66.266, -26.799 ], [ -66.266, -26.766 ], [ -66.266, -26.733 ], [ -66.266, -26.699 ], [ -66.233, -26.699 ], [ -66.233, -26.733 ], [ -66.199, -26.733 ] ] ], [ [ [ -65.866, -26.699 ], [ -65.866, -26.733 ], [ -65.899, -26.733 ], [ -65.899, -26.699 ], [ -65.866, -26.699 ] ] ], [ [ [ -66.199, -26.699 ], [ -66.233, -26.699 ], [ -66.233, -26.666 ], [ -66.199, -26.666 ], [ -66.199, -26.699 ] ] ], [ [ [ -65.866, -26.699 ], [ -65.866, -26.666 ], [ -65.833, -26.666 ], [ -65.833, -26.699 ], [ -65.866, -26.699 ] ] ], [ [ [ -65.633, -26.733 ], [ -65.666, -26.733 ], [ -65.666, -26.699 ], [ -65.666, -26.666 ], [ -65.633, -26.666 ], [ -65.633, -26.699 ], [ -65.633, -26.733 ] ] ], [ [ [ -66.233, -26.666 ], [ -66.266, -26.666 ], [ -66.266, -26.633 ], [ -66.233, -26.633 ], [ -66.233, -26.666 ] ] ], [ [ [ -66.199, -26.733 ], [ -66.199, -26.699 ], [ -66.166, -26.699 ], [ -66.166, -26.666 ], [ -66.166, -26.633 ], [ -66.133, -26.633 ], [ -66.133, -26.666 ], [ -66.133, -26.699 ], [ -66.133, -26.733 ], [ -66.166, -26.733 ], [ -66.199, -26.733 ] ] ], [ [ [ -65.799, -26.633 ], [ -65.833, -26.633 ], [ -65.833, -26.599 ], [ -65.799, -26.599 ], [ -65.799, -26.633 ] ] ], [ [ [ -65.633, -26.633 ], [ -65.666, -26.633 ], [ -65.666, -26.599 ], [ -65.633, -26.599 ], [ -65.633, -26.633 ] ] ], [ [ [ -66.466, -26.733 ], [ -66.466, -26.699 ], [ -66.466, -26.666 ], [ -66.433, -26.666 ], [ -66.433, -26.633 ], [ -66.399, -26.633 ], [ -66.399, -26.599 ], [ -66.399, -26.566 ], [ -66.366, -26.566 ], [ -66.366, -26.599 ], [ -66.366, -26.633 ], [ -66.366, -26.666 ], [ -66.399, -26.666 ], [ -66.399, -26.699 ], [ -66.399, -26.733 ], [ -66.433, -26.733 ], [ -66.466, -26.733 ] ] ], [ [ [ -66.133, -26.599 ], [ -66.166, -26.599 ], [ -66.166, -26.566 ], [ -66.133, -26.566 ], [ -66.133, -26.599 ] ] ], [ [ [ -66.099, -26.533 ], [ -66.133, -26.533 ], [ -66.133, -26.499 ], [ -66.133, -26.466 ], [ -66.099, -26.466 ], [ -66.099, -26.499 ], [ -66.099, -26.533 ] ] ], [ [ [ -65.766, -26.499 ], [ -65.799, -26.499 ], [ -65.799, -26.466 ], [ -65.766, -26.466 ], [ -65.766, -26.499 ] ] ], [ [ [ -66.366, -26.566 ], [ -66.366, -26.533 ], [ -66.333, -26.533 ], [ -66.299, -26.533 ], [ -66.266, -26.533 ], [ -66.266, -26.499 ], [ -66.299, -26.499 ], [ -66.299, -26.466 ], [ -66.299, -26.433 ], [ -66.266, -26.433 ], [ -66.266, -26.399 ], [ -66.233, -26.399 ], [ -66.233, -26.433 ], [ -66.233, -26.466 ], [ -66.233, -26.499 ], [ -66.233, -26.533 ], [ -66.233, -26.566 ], [ -66.233, -26.599 ], [ -66.266, -26.599 ], [ -66.266, -26.566 ], [ -66.299, -26.566 ], [ -66.299, -26.599 ], [ -66.333, -26.599 ], [ -66.333, -26.566 ], [ -66.366, -26.566 ] ] ], [ [ [ -65.666, -26.466 ], [ -65.699, -26.466 ], [ -65.699, -26.433 ], [ -65.699, -26.399 ], [ -65.666, -26.399 ], [ -65.666, -26.433 ], [ -65.666, -26.466 ] ] ], [ [ [ -65.733, -26.366 ], [ -65.766, -26.366 ], [ -65.766, -26.333 ], [ -65.733, -26.333 ], [ -65.733, -26.366 ] ] ], [ [ [ -65.666, -26.366 ], [ -65.699, -26.366 ], [ -65.699, -26.333 ], [ -65.666, -26.333 ], [ -65.666, -26.366 ] ] ], [ [ [ -68.033, -26.366 ], [ -68.066, -26.366 ], [ -68.066, -26.333 ], [ -68.066, -26.299 ], [ -68.066, -26.266 ], [ -68.033, -26.266 ], [ -68.033, -26.233 ], [ -68.033, -26.199 ], [ -67.999, -26.199 ], [ -67.999, -26.233 ], [ -67.999, -26.266 ], [ -67.999, -26.299 ], [ -68.033, -26.299 ], [ -68.033, -26.333 ], [ -68.033, -26.366 ] ] ], [ [ [ -67.366, -26.299 ], [ -67.366, -26.333 ], [ -67.333, -26.333 ], [ -67.333, -26.366 ], [ -67.299, -26.366 ], [ -67.299, -26.399 ], [ -67.299, -26.433 ], [ -67.333, -26.433 ], [ -67.333, -26.466 ], [ -67.333, -26.499 ], [ -67.333, -26.533 ], [ -67.366, -26.533 ], [ -67.366, -26.566 ], [ -67.366, -26.599 ], [ -67.399, -26.599 ], [ -67.433, -26.599 ], [ -67.433, -26.633 ], [ -67.466, -26.633 ], [ -67.466, -26.599 ], [ -67.499, -26.599 ], [ -67.499, -26.566 ], [ -67.533, -26.566 ], [ -67.566, -26.566 ], [ -67.566, -26.533 ], [ -67.599, -26.533 ], [ -67.599, -26.499 ], [ -67.599, -26.466 ], [ -67.566, -26.466 ], [ -67.566, -26.433 ], [ -67.599, -26.433 ], [ -67.599, -26.399 ], [ -67.566, -26.399 ], [ -67.566, -26.366 ], [ -67.566, -26.333 ], [ -67.533, -26.333 ], [ -67.533, -26.299 ], [ -67.533, -26.266 ], [ -67.499, -26.266 ], [ -67.499, -26.233 ], [ -67.466, -26.233 ], [ -67.433, -26.233 ], [ -67.399, -26.233 ], [ -67.399, -26.199 ], [ -67.366, -26.199 ], [ -67.333, -26.199 ], [ -67.333, -26.233 ], [ -67.333, -26.266 ], [ -67.333, -26.299 ], [ -67.366, -26.299 ] ] ], [ [ [ -66.033, -26.199 ], [ -66.033, -26.233 ], [ -66.066, -26.233 ], [ -66.066, -26.199 ], [ -66.033, -26.199 ] ] ], [ [ [ -65.666, -26.199 ], [ -65.666, -26.233 ], [ -65.666, -26.266 ], [ -65.699, -26.266 ], [ -65.733, -26.266 ], [ -65.733, -26.233 ], [ -65.733, -26.199 ], [ -65.699, -26.199 ], [ -65.666, -26.199 ] ] ], [ [ [ -66.033, -26.199 ], [ -66.033, -26.166 ], [ -65.999, -26.166 ], [ -65.999, -26.199 ], [ -66.033, -26.199 ] ] ], [ [ [ -66.033, -26.166 ], [ -66.066, -26.166 ], [ -66.066, -26.133 ], [ -66.033, -26.133 ], [ -66.033, -26.166 ] ] ], [ [ [ -65.666, -26.199 ], [ -65.666, -26.166 ], [ -65.666, -26.133 ], [ -65.633, -26.133 ], [ -65.633, -26.166 ], [ -65.633, -26.199 ], [ -65.666, -26.199 ] ] ], [ [ [ -67.966, -26.099 ], [ -67.966, -26.133 ], [ -67.966, -26.166 ], [ -67.999, -26.166 ], [ -67.999, -26.133 ], [ -67.999, -26.099 ], [ -67.966, -26.099 ] ] ], [ [ [ -65.699, -26.099 ], [ -65.699, -26.133 ], [ -65.733, -26.133 ], [ -65.733, -26.099 ], [ -65.699, -26.099 ] ] ], [ [ [ -67.966, -26.099 ], [ -67.966, -26.066 ], [ -67.933, -26.066 ], [ -67.933, -26.099 ], [ -67.966, -26.099 ] ] ], [ [ [ -66.066, -26.099 ], [ -66.099, -26.099 ], [ -66.099, -26.066 ], [ -66.066, -26.066 ], [ -66.066, -26.099 ] ] ], [ [ [ -65.699, -26.099 ], [ -65.699, -26.066 ], [ -65.666, -26.066 ], [ -65.633, -26.066 ], [ -65.633, -26.099 ], [ -65.666, -26.099 ], [ -65.699, -26.099 ] ] ], [ [ [ -67.899, -25.999 ], [ -67.933, -25.999 ], [ -67.933, -25.966 ], [ -67.899, -25.966 ], [ -67.899, -25.999 ] ] ], [ [ [ -66.099, -25.966 ], [ -66.099, -25.999 ], [ -66.133, -25.999 ], [ -66.133, -25.966 ], [ -66.099, -25.966 ] ] ], [ [ [ -66.099, -25.966 ], [ -66.099, -25.933 ], [ -66.066, -25.933 ], [ -66.066, -25.966 ], [ -66.099, -25.966 ] ] ], [ [ [ -66.333, -25.966 ], [ -66.366, -25.966 ], [ -66.366, -25.933 ], [ -66.399, -25.933 ], [ -66.399, -25.899 ], [ -66.366, -25.899 ], [ -66.333, -25.899 ], [ -66.333, -25.933 ], [ -66.333, -25.966 ] ] ], [ [ [ -66.333, -25.966 ], [ -66.299, -25.966 ], [ -66.266, -25.966 ], [ -66.266, -25.933 ], [ -66.266, -25.899 ], [ -66.233, -25.899 ], [ -66.233, -25.933 ], [ -66.233, -25.966 ], [ -66.233, -25.999 ], [ -66.266, -25.999 ], [ -66.266, -26.033 ], [ -66.299, -26.033 ], [ -66.333, -26.033 ], [ -66.366, -26.033 ], [ -66.366, -25.999 ], [ -66.333, -25.999 ], [ -66.333, -25.966 ] ] ], [ [ [ -66.099, -25.933 ], [ -66.133, -25.933 ], [ -66.133, -25.899 ], [ -66.099, -25.899 ], [ -66.099, -25.933 ] ] ], [ [ [ -66.133, -25.899 ], [ -66.166, -25.899 ], [ -66.199, -25.899 ], [ -66.199, -25.866 ], [ -66.166, -25.866 ], [ -66.133, -25.866 ], [ -66.133, -25.899 ] ] ], [ [ [ -66.199, -25.833 ], [ -66.233, -25.833 ], [ -66.233, -25.799 ], [ -66.199, -25.799 ], [ -66.166, -25.799 ], [ -66.166, -25.833 ], [ -66.199, -25.833 ] ] ], [ [ [ -66.433, -25.733 ], [ -66.433, -25.766 ], [ -66.399, -25.766 ], [ -66.399, -25.799 ], [ -66.399, -25.833 ], [ -66.433, -25.833 ], [ -66.433, -25.799 ], [ -66.466, -25.799 ], [ -66.466, -25.766 ], [ -66.466, -25.733 ], [ -66.433, -25.733 ] ] ], [ [ [ -66.333, -25.666 ], [ -66.333, -25.699 ], [ -66.299, -25.699 ], [ -66.299, -25.733 ], [ -66.333, -25.733 ], [ -66.366, -25.733 ], [ -66.366, -25.699 ], [ -66.366, -25.666 ], [ -66.333, -25.666 ] ] ], [ [ [ -66.533, -25.599 ], [ -66.499, -25.599 ], [ -66.499, -25.633 ], [ -66.499, -25.666 ], [ -66.466, -25.666 ], [ -66.466, -25.633 ], [ -66.433, -25.633 ], [ -66.433, -25.666 ], [ -66.433, -25.699 ], [ -66.466, -25.699 ], [ -66.499, -25.699 ], [ -66.533, -25.699 ], [ -66.533, -25.666 ], [ -66.533, -25.633 ], [ -66.533, -25.599 ] ] ], [ [ [ -66.533, -25.599 ], [ -66.566, -25.599 ], [ -66.566, -25.566 ], [ -66.533, -25.566 ], [ -66.533, -25.599 ] ] ], [ [ [ -66.533, -25.566 ], [ -66.533, -25.533 ], [ -66.499, -25.533 ], [ -66.499, -25.566 ], [ -66.533, -25.566 ] ] ], [ [ [ -66.433, -25.466 ], [ -66.466, -25.466 ], [ -66.466, -25.433 ], [ -66.466, -25.399 ], [ -66.433, -25.399 ], [ -66.433, -25.433 ], [ -66.433, -25.466 ] ] ], [ [ [ -66.466, -25.266 ], [ -66.499, -25.266 ], [ -66.499, -25.233 ], [ -66.466, -25.233 ], [ -66.466, -25.266 ] ] ], [ [ [ -66.399, -25.233 ], [ -66.399, -25.266 ], [ -66.399, -25.299 ], [ -66.433, -25.299 ], [ -66.433, -25.266 ], [ -66.433, -25.233 ], [ -66.399, -25.233 ] ] ], [ [ [ -66.399, -25.233 ], [ -66.399, -25.199 ], [ -66.366, -25.199 ], [ -66.366, -25.233 ], [ -66.399, -25.233 ] ] ], [ [ [ -66.333, -25.199 ], [ -66.299, -25.199 ], [ -66.299, -25.233 ], [ -66.333, -25.233 ], [ -66.333, -25.199 ] ] ], [ [ [ -66.433, -25.199 ], [ -66.466, -25.199 ], [ -66.466, -25.166 ], [ -66.433, -25.166 ], [ -66.433, -25.199 ] ] ], [ [ [ -66.333, -25.199 ], [ -66.366, -25.199 ], [ -66.366, -25.166 ], [ -66.333, -25.166 ], [ -66.333, -25.199 ] ] ], [ [ [ -66.299, -25.199 ], [ -66.299, -25.166 ], [ -66.266, -25.166 ], [ -66.266, -25.199 ], [ -66.299, -25.199 ] ] ], [ [ [ -66.033, -25.166 ], [ -66.066, -25.166 ], [ -66.066, -25.133 ], [ -66.033, -25.133 ], [ -66.033, -25.166 ] ] ], [ [ [ -65.799, -25.166 ], [ -65.833, -25.166 ], [ -65.833, -25.133 ], [ -65.799, -25.133 ], [ -65.799, -25.166 ] ] ], [ [ [ -66.266, -25.133 ], [ -66.299, -25.133 ], [ -66.299, -25.099 ], [ -66.299, -25.066 ], [ -66.266, -25.066 ], [ -66.266, -25.099 ], [ -66.266, -25.133 ] ] ], [ [ [ -65.966, -25.066 ], [ -65.933, -25.066 ], [ -65.933, -25.099 ], [ -65.899, -25.099 ], [ -65.899, -25.133 ], [ -65.899, -25.166 ], [ -65.866, -25.166 ], [ -65.866, -25.199 ], [ -65.866, -25.233 ], [ -65.866, -25.266 ], [ -65.866, -25.299 ], [ -65.899, -25.299 ], [ -65.899, -25.333 ], [ -65.899, -25.366 ], [ -65.899, -25.399 ], [ -65.899, -25.433 ], [ -65.933, -25.433 ], [ -65.933, -25.399 ], [ -65.966, -25.399 ], [ -65.966, -25.433 ], [ -65.999, -25.433 ], [ -65.999, -25.466 ], [ -66.033, -25.466 ], [ -66.066, -25.466 ], [ -66.066, -25.433 ], [ -66.066, -25.399 ], [ -66.066, -25.366 ], [ -66.066, -25.333 ], [ -66.066, -25.299 ], [ -66.066, -25.266 ], [ -66.033, -25.266 ], [ -65.999, -25.266 ], [ -65.966, -25.266 ], [ -65.966, -25.233 ], [ -65.966, -25.199 ], [ -65.933, -25.199 ], [ -65.933, -25.166 ], [ -65.933, -25.133 ], [ -65.966, -25.133 ], [ -65.966, -25.099 ], [ -65.966, -25.066 ] ], [ [ -66.033, -25.366 ], [ -66.033, -25.399 ], [ -65.999, -25.399 ], [ -65.999, -25.366 ], [ -65.966, -25.366 ], [ -65.966, -25.333 ], [ -65.999, -25.333 ], [ -65.999, -25.299 ], [ -66.033, -25.299 ], [ -66.033, -25.333 ], [ -66.033, -25.366 ] ] ], [ [ [ -65.966, -25.066 ], [ -65.999, -25.066 ], [ -65.999, -25.033 ], [ -65.966, -25.033 ], [ -65.966, -25.066 ] ] ], [ [ [ -67.333, -24.966 ], [ -67.333, -24.999 ], [ -67.299, -24.999 ], [ -67.266, -24.999 ], [ -67.266, -25.033 ], [ -67.299, -25.033 ], [ -67.333, -25.033 ], [ -67.333, -25.066 ], [ -67.333, -25.099 ], [ -67.366, -25.099 ], [ -67.366, -25.133 ], [ -67.399, -25.133 ], [ -67.399, -25.166 ], [ -67.399, -25.199 ], [ -67.433, -25.199 ], [ -67.433, -25.233 ], [ -67.433, -25.266 ], [ -67.433, -25.299 ], [ -67.433, -25.333 ], [ -67.433, -25.366 ], [ -67.433, -25.399 ], [ -67.433, -25.433 ], [ -67.466, -25.433 ], [ -67.466, -25.466 ], [ -67.499, -25.466 ], [ -67.499, -25.499 ], [ -67.533, -25.499 ], [ -67.533, -25.533 ], [ -67.533, -25.566 ], [ -67.566, -25.566 ], [ -67.566, -25.599 ], [ -67.566, -25.633 ], [ -67.599, -25.633 ], [ -67.599, -25.666 ], [ -67.599, -25.699 ], [ -67.633, -25.699 ], [ -67.633, -25.733 ], [ -67.666, -25.733 ], [ -67.699, -25.733 ], [ -67.699, -25.766 ], [ -67.699, -25.799 ], [ -67.699, -25.833 ], [ -67.733, -25.833 ], [ -67.733, -25.799 ], [ -67.766, -25.799 ], [ -67.766, -25.833 ], [ -67.766, -25.866 ], [ -67.799, -25.866 ], [ -67.799, -25.899 ], [ -67.833, -25.899 ], [ -67.866, -25.899 ], [ -67.866, -25.933 ], [ -67.899, -25.933 ], [ -67.899, -25.899 ], [ -67.899, -25.866 ], [ -67.899, -25.833 ], [ -67.866, -25.833 ], [ -67.833, -25.833 ], [ -67.833, -25.799 ], [ -67.799, -25.799 ], [ -67.799, -25.766 ], [ -67.766, -25.766 ], [ -67.766, -25.733 ], [ -67.733, -25.733 ], [ -67.733, -25.699 ], [ -67.733, -25.666 ], [ -67.699, -25.666 ], [ -67.699, -25.633 ], [ -67.666, -25.633 ], [ -67.666, -25.599 ], [ -67.666, -25.566 ], [ -67.633, -25.566 ], [ -67.633, -25.533 ], [ -67.599, -25.533 ], [ -67.599, -25.499 ], [ -67.566, -25.499 ], [ -67.566, -25.466 ], [ -67.566, -25.433 ], [ -67.533, -25.433 ], [ -67.499, -25.433 ], [ -67.499, -25.399 ], [ -67.499, -25.366 ], [ -67.466, -25.366 ], [ -67.466, -25.333 ], [ -67.466, -25.299 ], [ -67.499, -25.299 ], [ -67.499, -25.266 ], [ -67.499, -25.233 ], [ -67.499, -25.199 ], [ -67.466, -25.199 ], [ -67.466, -25.166 ], [ -67.466, -25.133 ], [ -67.466, -25.099 ], [ -67.499, -25.099 ], [ -67.499, -25.066 ], [ -67.466, -25.066 ], [ -67.433, -25.066 ], [ -67.399, -25.066 ], [ -67.366, -25.066 ], [ -67.366, -25.033 ], [ -67.366, -24.999 ], [ -67.399, -24.999 ], [ -67.399, -24.966 ], [ -67.366, -24.966 ], [ -67.333, -24.966 ] ] ], [ [ [ -66.199, -24.966 ], [ -66.199, -24.999 ], [ -66.166, -24.999 ], [ -66.166, -25.033 ], [ -66.199, -25.033 ], [ -66.233, -25.033 ], [ -66.266, -25.033 ], [ -66.266, -24.999 ], [ -66.233, -24.999 ], [ -66.233, -24.966 ], [ -66.199, -24.966 ] ] ], [ [ [ -65.766, -24.933 ], [ -65.799, -24.933 ], [ -65.799, -24.899 ], [ -65.799, -24.866 ], [ -65.766, -24.866 ], [ -65.766, -24.899 ], [ -65.766, -24.933 ] ] ], [ [ [ -66.233, -24.933 ], [ -66.266, -24.933 ], [ -66.266, -24.899 ], [ -66.233, -24.899 ], [ -66.233, -24.866 ], [ -66.233, -24.833 ], [ -66.199, -24.833 ], [ -66.199, -24.866 ], [ -66.199, -24.899 ], [ -66.199, -24.933 ], [ -66.233, -24.933 ] ] ], [ [ [ -65.999, -24.833 ], [ -65.966, -24.833 ], [ -65.933, -24.833 ], [ -65.933, -24.866 ], [ -65.966, -24.866 ], [ -65.966, -24.899 ], [ -65.966, -24.933 ], [ -65.999, -24.933 ], [ -65.999, -24.899 ], [ -65.999, -24.866 ], [ -65.999, -24.833 ] ] ], [ [ [ -66.133, -24.833 ], [ -66.166, -24.833 ], [ -66.166, -24.799 ], [ -66.133, -24.799 ], [ -66.133, -24.833 ] ] ], [ [ [ -66.133, -24.833 ], [ -66.099, -24.833 ], [ -66.099, -24.799 ], [ -66.066, -24.799 ], [ -66.066, -24.833 ], [ -66.066, -24.866 ], [ -66.099, -24.866 ], [ -66.133, -24.866 ], [ -66.133, -24.833 ] ] ], [ [ [ -65.833, -24.833 ], [ -65.833, -24.866 ], [ -65.833, -24.899 ], [ -65.833, -24.933 ], [ -65.833, -24.966 ], [ -65.799, -24.966 ], [ -65.799, -24.999 ], [ -65.833, -24.999 ], [ -65.866, -24.999 ], [ -65.866, -24.966 ], [ -65.866, -24.933 ], [ -65.866, -24.899 ], [ -65.866, -24.866 ], [ -65.866, -24.833 ], [ -65.899, -24.833 ], [ -65.899, -24.799 ], [ -65.866, -24.799 ], [ -65.833, -24.799 ], [ -65.833, -24.833 ] ] ], [ [ [ -65.933, -24.733 ], [ -65.899, -24.733 ], [ -65.899, -24.766 ], [ -65.933, -24.766 ], [ -65.933, -24.733 ] ] ], [ [ [ -65.799, -24.766 ], [ -65.833, -24.766 ], [ -65.833, -24.733 ], [ -65.799, -24.733 ], [ -65.799, -24.766 ] ] ], [ [ [ -65.933, -24.733 ], [ -65.966, -24.733 ], [ -65.966, -24.699 ], [ -65.933, -24.699 ], [ -65.933, -24.733 ] ] ], [ [ [ -65.966, -24.699 ], [ -65.999, -24.699 ], [ -65.999, -24.666 ], [ -65.966, -24.666 ], [ -65.966, -24.699 ] ] ], [ [ [ -65.699, -24.733 ], [ -65.733, -24.733 ], [ -65.733, -24.699 ], [ -65.699, -24.699 ], [ -65.699, -24.666 ], [ -65.666, -24.666 ], [ -65.666, -24.699 ], [ -65.666, -24.733 ], [ -65.699, -24.733 ] ] ], [ [ [ -65.866, -24.633 ], [ -65.866, -24.666 ], [ -65.833, -24.666 ], [ -65.833, -24.699 ], [ -65.866, -24.699 ], [ -65.899, -24.699 ], [ -65.899, -24.666 ], [ -65.899, -24.633 ], [ -65.866, -24.633 ] ] ], [ [ [ -66.199, -24.633 ], [ -66.199, -24.666 ], [ -66.166, -24.666 ], [ -66.166, -24.699 ], [ -66.166, -24.733 ], [ -66.166, -24.766 ], [ -66.199, -24.766 ], [ -66.199, -24.733 ], [ -66.199, -24.699 ], [ -66.233, -24.699 ], [ -66.233, -24.666 ], [ -66.233, -24.633 ], [ -66.233, -24.599 ], [ -66.199, -24.599 ], [ -66.199, -24.633 ] ] ], [ [ [ -65.999, -24.666 ], [ -66.033, -24.666 ], [ -66.033, -24.699 ], [ -65.999, -24.699 ], [ -65.999, -24.733 ], [ -65.999, -24.766 ], [ -65.999, -24.799 ], [ -65.999, -24.833 ], [ -66.033, -24.833 ], [ -66.033, -24.799 ], [ -66.066, -24.799 ], [ -66.066, -24.766 ], [ -66.066, -24.733 ], [ -66.066, -24.699 ], [ -66.066, -24.666 ], [ -66.066, -24.633 ], [ -66.066, -24.599 ], [ -66.033, -24.599 ], [ -66.033, -24.633 ], [ -65.999, -24.633 ], [ -65.999, -24.666 ] ] ], [ [ [ -65.666, -24.633 ], [ -65.699, -24.633 ], [ -65.699, -24.599 ], [ -65.666, -24.599 ], [ -65.666, -24.633 ] ] ], [ [ [ -65.933, -24.533 ], [ -65.899, -24.533 ], [ -65.899, -24.566 ], [ -65.933, -24.566 ], [ -65.933, -24.533 ] ] ], [ [ [ -65.633, -24.533 ], [ -65.633, -24.566 ], [ -65.666, -24.566 ], [ -65.666, -24.533 ], [ -65.633, -24.533 ] ] ], [ [ [ -68.199, -24.499 ], [ -68.166, -24.499 ], [ -68.166, -24.533 ], [ -68.166, -24.566 ], [ -68.199, -24.566 ], [ -68.199, -24.533 ], [ -68.199, -24.499 ] ] ], [ [ [ -65.766, -24.499 ], [ -65.733, -24.499 ], [ -65.733, -24.533 ], [ -65.733, -24.566 ], [ -65.733, -24.599 ], [ -65.766, -24.599 ], [ -65.766, -24.633 ], [ -65.799, -24.633 ], [ -65.799, -24.599 ], [ -65.799, -24.566 ], [ -65.766, -24.566 ], [ -65.766, -24.533 ], [ -65.766, -24.499 ] ] ], [ [ [ -65.633, -24.533 ], [ -65.633, -24.499 ], [ -65.599, -24.499 ], [ -65.599, -24.533 ], [ -65.633, -24.533 ] ] ], [ [ [ -68.199, -24.499 ], [ -68.233, -24.499 ], [ -68.233, -24.466 ], [ -68.199, -24.466 ], [ -68.199, -24.499 ] ] ], [ [ [ -65.933, -24.533 ], [ -65.966, -24.533 ], [ -65.966, -24.499 ], [ -65.966, -24.466 ], [ -65.933, -24.466 ], [ -65.933, -24.499 ], [ -65.933, -24.533 ] ] ], [ [ [ -65.599, -24.499 ], [ -65.599, -24.466 ], [ -65.599, -24.433 ], [ -65.566, -24.433 ], [ -65.533, -24.433 ], [ -65.499, -24.433 ], [ -65.499, -24.466 ], [ -65.533, -24.466 ], [ -65.566, -24.466 ], [ -65.566, -24.499 ], [ -65.599, -24.499 ] ] ], [ [ [ -65.866, -24.433 ], [ -65.866, -24.399 ], [ -65.866, -24.366 ], [ -65.833, -24.366 ], [ -65.833, -24.399 ], [ -65.833, -24.433 ], [ -65.866, -24.433 ] ] ], [ [ [ -67.599, -24.466 ], [ -67.599, -24.499 ], [ -67.633, -24.499 ], [ -67.633, -24.533 ], [ -67.666, -24.533 ], [ -67.699, -24.533 ], [ -67.699, -24.566 ], [ -67.699, -24.599 ], [ -67.666, -24.599 ], [ -67.633, -24.599 ], [ -67.599, -24.599 ], [ -67.599, -24.566 ], [ -67.566, -24.566 ], [ -67.533, -24.566 ], [ -67.499, -24.566 ], [ -67.499, -24.533 ], [ -67.466, -24.533 ], [ -67.433, -24.533 ], [ -67.399, -24.533 ], [ -67.399, -24.499 ], [ -67.399, -24.466 ], [ -67.366, -24.466 ], [ -67.366, -24.433 ], [ -67.333, -24.433 ], [ -67.333, -24.466 ], [ -67.333, -24.499 ], [ -67.366, -24.499 ], [ -67.366, -24.533 ], [ -67.366, -24.566 ], [ -67.333, -24.566 ], [ -67.333, -24.599 ], [ -67.333, -24.633 ], [ -67.366, -24.633 ], [ -67.366, -24.666 ], [ -67.366, -24.699 ], [ -67.366, -24.733 ], [ -67.399, -24.733 ], [ -67.399, -24.766 ], [ -67.399, -24.799 ], [ -67.433, -24.799 ], [ -67.433, -24.833 ], [ -67.466, -24.833 ], [ -67.466, -24.866 ], [ -67.466, -24.899 ], [ -67.466, -24.933 ], [ -67.499, -24.933 ], [ -67.499, -24.966 ], [ -67.499, -24.999 ], [ -67.499, -25.033 ], [ -67.533, -25.033 ], [ -67.566, -25.033 ], [ -67.566, -25.066 ], [ -67.566, -25.099 ], [ -67.599, -25.099 ], [ -67.599, -25.133 ], [ -67.633, -25.133 ], [ -67.633, -25.166 ], [ -67.666, -25.166 ], [ -67.666, -25.133 ], [ -67.699, -25.133 ], [ -67.699, -25.099 ], [ -67.699, -25.066 ], [ -67.733, -25.066 ], [ -67.766, -25.066 ], [ -67.766, -25.033 ], [ -67.799, -25.033 ], [ -67.799, -24.999 ], [ -67.799, -24.966 ], [ -67.799, -24.933 ], [ -67.833, -24.933 ], [ -67.833, -24.899 ], [ -67.866, -24.899 ], [ -67.899, -24.899 ], [ -67.933, -24.899 ], [ -67.933, -24.933 ], [ -67.933, -24.966 ], [ -67.966, -24.966 ], [ -67.966, -24.933 ], [ -67.999, -24.933 ], [ -68.033, -24.933 ], [ -68.033, -24.899 ], [ -68.033, -24.866 ], [ -68.066, -24.866 ], [ -68.066, -24.833 ], [ -68.033, -24.833 ], [ -68.033, -24.799 ], [ -67.999, -24.799 ], [ -67.999, -24.766 ], [ -67.999, -24.733 ], [ -67.966, -24.733 ], [ -67.966, -24.699 ], [ -67.966, -24.666 ], [ -67.933, -24.666 ], [ -67.933, -24.633 ], [ -67.933, -24.599 ], [ -67.966, -24.599 ], [ -67.966, -24.566 ], [ -67.966, -24.533 ], [ -67.999, -24.533 ], [ -67.999, -24.499 ], [ -67.966, -24.499 ], [ -67.933, -24.499 ], [ -67.933, -24.466 ], [ -67.899, -24.466 ], [ -67.866, -24.466 ], [ -67.866, -24.433 ], [ -67.866, -24.399 ], [ -67.833, -24.399 ], [ -67.833, -24.366 ], [ -67.799, -24.366 ], [ -67.766, -24.366 ], [ -67.733, -24.366 ], [ -67.733, -24.333 ], [ -67.699, -24.333 ], [ -67.699, -24.366 ], [ -67.666, -24.366 ], [ -67.666, -24.399 ], [ -67.666, -24.433 ], [ -67.633, -24.433 ], [ -67.633, -24.466 ], [ -67.599, -24.466 ] ], [ [ -67.699, -24.466 ], [ -67.699, -24.433 ], [ -67.733, -24.433 ], [ -67.766, -24.433 ], [ -67.766, -24.466 ], [ -67.733, -24.466 ], [ -67.733, -24.499 ], [ -67.699, -24.499 ], [ -67.699, -24.466 ] ], [ [ -67.866, -24.533 ], [ -67.866, -24.566 ], [ -67.866, -24.599 ], [ -67.866, -24.633 ], [ -67.866, -24.666 ], [ -67.833, -24.666 ], [ -67.833, -24.633 ], [ -67.799, -24.633 ], [ -67.799, -24.599 ], [ -67.766, -24.599 ], [ -67.766, -24.566 ], [ -67.766, -24.533 ], [ -67.766, -24.499 ], [ -67.799, -24.499 ], [ -67.833, -24.499 ], [ -67.833, -24.533 ], [ -67.866, -24.533 ] ] ], [ [ [ -65.866, -24.433 ], [ -65.866, -24.466 ], [ -65.899, -24.466 ], [ -65.933, -24.466 ], [ -65.933, -24.433 ], [ -65.966, -24.433 ], [ -65.966, -24.466 ], [ -65.999, -24.466 ], [ -65.999, -24.433 ], [ -66.033, -24.433 ], [ -66.033, -24.399 ], [ -66.033, -24.366 ], [ -66.066, -24.366 ], [ -66.066, -24.333 ], [ -66.033, -24.333 ], [ -65.999, -24.333 ], [ -65.999, -24.366 ], [ -65.999, -24.399 ], [ -65.966, -24.399 ], [ -65.933, -24.399 ], [ -65.899, -24.399 ], [ -65.899, -24.433 ], [ -65.866, -24.433 ] ] ], [ [ [ -67.333, -24.433 ], [ -67.333, -24.399 ], [ -67.366, -24.399 ], [ -67.366, -24.366 ], [ -67.333, -24.366 ], [ -67.333, -24.333 ], [ -67.366, -24.333 ], [ -67.366, -24.366 ], [ -67.399, -24.366 ], [ -67.433, -24.366 ], [ -67.466, -24.366 ], [ -67.466, -24.399 ], [ -67.499, -24.399 ], [ -67.499, -24.366 ], [ -67.533, -24.366 ], [ -67.566, -24.366 ], [ -67.566, -24.399 ], [ -67.566, -24.433 ], [ -67.566, -24.466 ], [ -67.599, -24.466 ], [ -67.599, -24.433 ], [ -67.599, -24.399 ], [ -67.633, -24.399 ], [ -67.633, -24.366 ], [ -67.633, -24.333 ], [ -67.633, -24.299 ], [ -67.633, -24.266 ], [ -67.599, -24.266 ], [ -67.599, -24.299 ], [ -67.599, -24.333 ], [ -67.566, -24.333 ], [ -67.533, -24.333 ], [ -67.533, -24.299 ], [ -67.499, -24.299 ], [ -67.499, -24.333 ], [ -67.466, -24.333 ], [ -67.433, -24.333 ], [ -67.399, -24.333 ], [ -67.399, -24.299 ], [ -67.366, -24.299 ], [ -67.333, -24.299 ], [ -67.299, -24.299 ], [ -67.299, -24.266 ], [ -67.266, -24.266 ], [ -67.266, -24.299 ], [ -67.266, -24.333 ], [ -67.266, -24.366 ], [ -67.266, -24.399 ], [ -67.299, -24.399 ], [ -67.299, -24.433 ], [ -67.333, -24.433 ] ] ], [ [ [ -67.033, -24.266 ], [ -67.033, -24.299 ], [ -66.999, -24.299 ], [ -66.999, -24.333 ], [ -66.999, -24.366 ], [ -66.999, -24.399 ], [ -66.999, -24.433 ], [ -66.999, -24.466 ], [ -66.999, -24.499 ], [ -66.999, -24.533 ], [ -66.999, -24.566 ], [ -66.999, -24.599 ], [ -66.999, -24.633 ], [ -66.999, -24.666 ], [ -66.966, -24.666 ], [ -66.966, -24.699 ], [ -66.999, -24.699 ], [ -66.999, -24.733 ], [ -67.033, -24.733 ], [ -67.033, -24.699 ], [ -67.033, -24.666 ], [ -67.033, -24.633 ], [ -67.066, -24.633 ], [ -67.066, -24.599 ], [ -67.066, -24.566 ], [ -67.066, -24.533 ], [ -67.066, -24.499 ], [ -67.066, -24.466 ], [ -67.099, -24.466 ], [ -67.099, -24.433 ], [ -67.099, -24.399 ], [ -67.099, -24.366 ], [ -67.099, -24.333 ], [ -67.099, -24.299 ], [ -67.099, -24.266 ], [ -67.066, -24.266 ], [ -67.033, -24.266 ] ] ], [ [ [ -65.766, -24.499 ], [ -65.799, -24.499 ], [ -65.799, -24.466 ], [ -65.799, -24.433 ], [ -65.799, -24.399 ], [ -65.799, -24.366 ], [ -65.833, -24.366 ], [ -65.833, -24.333 ], [ -65.833, -24.299 ], [ -65.833, -24.266 ], [ -65.799, -24.266 ], [ -65.766, -24.266 ], [ -65.766, -24.299 ], [ -65.766, -24.333 ], [ -65.766, -24.366 ], [ -65.766, -24.399 ], [ -65.766, -24.433 ], [ -65.766, -24.466 ], [ -65.766, -24.499 ] ] ], [ [ [ -65.533, -24.366 ], [ -65.566, -24.366 ], [ -65.566, -24.333 ], [ -65.566, -24.299 ], [ -65.566, -24.266 ], [ -65.533, -24.266 ], [ -65.533, -24.299 ], [ -65.533, -24.333 ], [ -65.533, -24.366 ] ] ], [ [ [ -67.933, -24.333 ], [ -67.966, -24.333 ], [ -67.966, -24.299 ], [ -67.975, -24.291 ], [ -67.936, -24.275 ], [ -67.879, -24.253 ], [ -67.866, -24.266 ], [ -67.866, -24.299 ], [ -67.899, -24.299 ], [ -67.899, -24.333 ], [ -67.933, -24.333 ] ] ], [ [ [ -67.633, -24.266 ], [ -67.666, -24.266 ], [ -67.666, -24.299 ], [ -67.699, -24.299 ], [ -67.699, -24.266 ], [ -67.699, -24.233 ], [ -67.699, -24.199 ], [ -67.712, -24.187 ], [ -67.670, -24.171 ], [ -67.640, -24.159 ], [ -67.633, -24.166 ], [ -67.633, -24.199 ], [ -67.666, -24.199 ], [ -67.666, -24.233 ], [ -67.633, -24.233 ], [ -67.633, -24.266 ] ] ], [ [ [ -67.499, -24.133 ], [ -67.466, -24.133 ], [ -67.466, -24.166 ], [ -67.466, -24.199 ], [ -67.466, -24.233 ], [ -67.499, -24.233 ], [ -67.499, -24.199 ], [ -67.533, -24.199 ], [ -67.533, -24.166 ], [ -67.499, -24.166 ], [ -67.499, -24.133 ] ] ], [ [ [ -65.599, -24.199 ], [ -65.633, -24.199 ], [ -65.633, -24.166 ], [ -65.633, -24.133 ], [ -65.599, -24.133 ], [ -65.599, -24.166 ], [ -65.599, -24.199 ] ] ], [ [ [ -67.499, -24.133 ], [ -67.533, -24.133 ], [ -67.544, -24.121 ], [ -67.499, -24.103 ], [ -67.499, -24.133 ] ] ], [ [ [ -65.833, -24.266 ], [ -65.866, -24.266 ], [ -65.899, -24.266 ], [ -65.899, -24.233 ], [ -65.899, -24.199 ], [ -65.933, -24.199 ], [ -65.966, -24.199 ], [ -65.999, -24.199 ], [ -66.033, -24.199 ], [ -66.033, -24.166 ], [ -66.033, -24.133 ], [ -65.999, -24.133 ], [ -65.966, -24.133 ], [ -65.933, -24.133 ], [ -65.899, -24.133 ], [ -65.899, -24.099 ], [ -65.866, -24.099 ], [ -65.866, -24.133 ], [ -65.833, -24.133 ], [ -65.833, -24.166 ], [ -65.833, -24.199 ], [ -65.833, -24.233 ], [ -65.833, -24.266 ] ] ], [ [ [ -65.899, -24.099 ], [ -65.933, -24.099 ], [ -65.933, -24.066 ], [ -65.899, -24.066 ], [ -65.899, -24.099 ] ] ], [ [ [ -65.633, -24.033 ], [ -65.633, -24.066 ], [ -65.666, -24.066 ], [ -65.666, -24.033 ], [ -65.633, -24.033 ] ] ], [ [ [ -65.533, -24.066 ], [ -65.566, -24.066 ], [ -65.566, -24.033 ], [ -65.533, -24.033 ], [ -65.533, -24.066 ] ] ], [ [ [ -65.633, -24.033 ], [ -65.633, -23.999 ], [ -65.633, -23.966 ], [ -65.599, -23.966 ], [ -65.566, -23.966 ], [ -65.566, -23.999 ], [ -65.599, -23.999 ], [ -65.599, -24.033 ], [ -65.633, -24.033 ] ] ], [ [ [ -67.133, -23.866 ], [ -67.133, -23.899 ], [ -67.099, -23.899 ], [ -67.066, -23.899 ], [ -67.066, -23.933 ], [ -67.066, -23.966 ], [ -67.033, -23.966 ], [ -66.999, -23.966 ], [ -66.999, -23.999 ], [ -66.999, -24.033 ], [ -66.999, -24.066 ], [ -66.999, -24.099 ], [ -66.999, -24.133 ], [ -66.999, -24.166 ], [ -67.033, -24.166 ], [ -67.066, -24.166 ], [ -67.099, -24.166 ], [ -67.133, -24.166 ], [ -67.166, -24.166 ], [ -67.166, -24.133 ], [ -67.166, -24.099 ], [ -67.199, -24.099 ], [ -67.199, -24.066 ], [ -67.233, -24.066 ], [ -67.233, -24.033 ], [ -67.233, -23.999 ], [ -67.199, -23.999 ], [ -67.199, -23.966 ], [ -67.199, -23.933 ], [ -67.199, -23.899 ], [ -67.166, -23.899 ], [ -67.166, -23.866 ], [ -67.133, -23.866 ] ] ], [ [ [ -65.599, -23.766 ], [ -65.566, -23.766 ], [ -65.566, -23.799 ], [ -65.566, -23.833 ], [ -65.566, -23.866 ], [ -65.599, -23.866 ], [ -65.599, -23.833 ], [ -65.599, -23.799 ], [ -65.599, -23.766 ] ] ], [ [ [ -65.333, -23.766 ], [ -65.333, -23.799 ], [ -65.366, -23.799 ], [ -65.366, -23.766 ], [ -65.333, -23.766 ] ] ], [ [ [ -65.599, -23.766 ], [ -65.633, -23.766 ], [ -65.633, -23.733 ], [ -65.599, -23.733 ], [ -65.599, -23.766 ] ] ], [ [ [ -65.333, -23.766 ], [ -65.333, -23.733 ], [ -65.299, -23.733 ], [ -65.299, -23.766 ], [ -65.333, -23.766 ] ] ], [ [ [ -65.399, -23.833 ], [ -65.433, -23.833 ], [ -65.433, -23.799 ], [ -65.433, -23.766 ], [ -65.433, -23.733 ], [ -65.433, -23.699 ], [ -65.399, -23.699 ], [ -65.399, -23.733 ], [ -65.399, -23.766 ], [ -65.399, -23.799 ], [ -65.399, -23.833 ] ] ], [ [ [ -65.299, -23.733 ], [ -65.299, -23.699 ], [ -65.266, -23.699 ], [ -65.266, -23.733 ], [ -65.299, -23.733 ] ] ], [ [ [ -65.499, -23.633 ], [ -65.499, -23.666 ], [ -65.533, -23.666 ], [ -65.566, -23.666 ], [ -65.599, -23.666 ], [ -65.599, -23.633 ], [ -65.566, -23.633 ], [ -65.533, -23.633 ], [ -65.499, -23.633 ] ] ], [ [ [ -66.266, -23.633 ], [ -66.266, -23.599 ], [ -66.233, -23.599 ], [ -66.233, -23.633 ], [ -66.266, -23.633 ] ] ], [ [ [ -66.266, -23.633 ], [ -66.266, -23.666 ], [ -66.266, -23.699 ], [ -66.299, -23.699 ], [ -66.299, -23.733 ], [ -66.299, -23.766 ], [ -66.299, -23.799 ], [ -66.266, -23.799 ], [ -66.266, -23.833 ], [ -66.233, -23.833 ], [ -66.233, -23.866 ], [ -66.199, -23.866 ], [ -66.166, -23.866 ], [ -66.133, -23.866 ], [ -66.099, -23.866 ], [ -66.099, -23.833 ], [ -66.066, -23.833 ], [ -66.033, -23.833 ], [ -66.033, -23.799 ], [ -65.999, -23.799 ], [ -65.999, -23.766 ], [ -65.999, -23.733 ], [ -65.966, -23.733 ], [ -65.966, -23.699 ], [ -65.966, -23.666 ], [ -65.966, -23.633 ], [ -65.966, -23.599 ], [ -65.933, -23.599 ], [ -65.899, -23.599 ], [ -65.866, -23.599 ], [ -65.866, -23.633 ], [ -65.866, -23.666 ], [ -65.833, -23.666 ], [ -65.833, -23.699 ], [ -65.833, -23.733 ], [ -65.833, -23.766 ], [ -65.833, -23.799 ], [ -65.833, -23.833 ], [ -65.833, -23.866 ], [ -65.799, -23.866 ], [ -65.799, -23.899 ], [ -65.799, -23.933 ], [ -65.833, -23.933 ], [ -65.866, -23.933 ], [ -65.866, -23.899 ], [ -65.866, -23.866 ], [ -65.866, -23.833 ], [ -65.899, -23.833 ], [ -65.899, -23.799 ], [ -65.899, -23.766 ], [ -65.933, -23.766 ], [ -65.933, -23.799 ], [ -65.966, -23.799 ], [ -65.966, -23.833 ], [ -65.966, -23.866 ], [ -65.999, -23.866 ], [ -65.999, -23.899 ], [ -66.033, -23.899 ], [ -66.066, -23.899 ], [ -66.066, -23.933 ], [ -66.099, -23.933 ], [ -66.133, -23.933 ], [ -66.133, -23.966 ], [ -66.166, -23.966 ], [ -66.166, -23.999 ], [ -66.199, -23.999 ], [ -66.199, -24.033 ], [ -66.233, -24.033 ], [ -66.233, -24.066 ], [ -66.266, -24.066 ], [ -66.299, -24.066 ], [ -66.299, -24.033 ], [ -66.299, -23.999 ], [ -66.266, -23.999 ], [ -66.266, -23.966 ], [ -66.266, -23.933 ], [ -66.266, -23.899 ], [ -66.266, -23.866 ], [ -66.299, -23.866 ], [ -66.333, -23.866 ], [ -66.333, -23.833 ], [ -66.333, -23.799 ], [ -66.333, -23.766 ], [ -66.333, -23.733 ], [ -66.333, -23.699 ], [ -66.333, -23.666 ], [ -66.299, -23.666 ], [ -66.299, -23.633 ], [ -66.266, -23.633 ] ] ], [ [ [ -65.333, -23.633 ], [ -65.366, -23.633 ], [ -65.366, -23.599 ], [ -65.333, -23.599 ], [ -65.333, -23.633 ] ] ], [ [ [ -65.233, -23.666 ], [ -65.266, -23.666 ], [ -65.266, -23.633 ], [ -65.266, -23.599 ], [ -65.266, -23.566 ], [ -65.233, -23.566 ], [ -65.233, -23.599 ], [ -65.233, -23.633 ], [ -65.233, -23.666 ] ] ], [ [ [ -66.199, -23.533 ], [ -66.233, -23.533 ], [ -66.233, -23.499 ], [ -66.199, -23.499 ], [ -66.199, -23.533 ] ] ], [ [ [ -65.066, -23.533 ], [ -65.099, -23.533 ], [ -65.099, -23.499 ], [ -65.066, -23.499 ], [ -65.066, -23.533 ] ] ], [ [ [ -65.266, -23.499 ], [ -65.299, -23.499 ], [ -65.299, -23.466 ], [ -65.266, -23.466 ], [ -65.266, -23.499 ] ] ], [ [ [ -65.166, -23.466 ], [ -65.199, -23.466 ], [ -65.199, -23.433 ], [ -65.166, -23.433 ], [ -65.166, -23.466 ] ] ], [ [ [ -65.499, -23.633 ], [ -65.499, -23.599 ], [ -65.499, -23.566 ], [ -65.499, -23.533 ], [ -65.499, -23.499 ], [ -65.466, -23.499 ], [ -65.466, -23.466 ], [ -65.466, -23.433 ], [ -65.433, -23.433 ], [ -65.433, -23.399 ], [ -65.399, -23.399 ], [ -65.399, -23.433 ], [ -65.399, -23.466 ], [ -65.399, -23.499 ], [ -65.433, -23.499 ], [ -65.433, -23.533 ], [ -65.433, -23.566 ], [ -65.466, -23.566 ], [ -65.466, -23.599 ], [ -65.466, -23.633 ], [ -65.499, -23.633 ] ] ], [ [ [ -65.099, -23.399 ], [ -65.099, -23.433 ], [ -65.133, -23.433 ], [ -65.133, -23.399 ], [ -65.099, -23.399 ] ] ], [ [ [ -66.066, -23.366 ], [ -66.033, -23.366 ], [ -65.999, -23.366 ], [ -65.999, -23.399 ], [ -65.999, -23.433 ], [ -65.999, -23.466 ], [ -66.033, -23.466 ], [ -66.066, -23.466 ], [ -66.066, -23.433 ], [ -66.066, -23.399 ], [ -66.066, -23.366 ] ] ], [ [ [ -65.099, -23.399 ], [ -65.099, -23.366 ], [ -65.066, -23.366 ], [ -65.066, -23.399 ], [ -65.099, -23.399 ] ] ], [ [ [ -65.066, -23.366 ], [ -65.066, -23.333 ], [ -65.033, -23.333 ], [ -65.033, -23.366 ], [ -65.066, -23.366 ] ] ], [ [ [ -65.266, -23.299 ], [ -65.266, -23.333 ], [ -65.299, -23.333 ], [ -65.299, -23.299 ], [ -65.266, -23.299 ] ] ], [ [ [ -66.733, -23.299 ], [ -66.766, -23.299 ], [ -66.766, -23.266 ], [ -66.733, -23.266 ], [ -66.733, -23.299 ] ] ], [ [ [ -64.966, -23.266 ], [ -64.933, -23.266 ], [ -64.933, -23.299 ], [ -64.933, -23.333 ], [ -64.933, -23.366 ], [ -64.966, -23.366 ], [ -64.999, -23.366 ], [ -64.999, -23.333 ], [ -64.966, -23.333 ], [ -64.966, -23.299 ], [ -64.966, -23.266 ] ] ], [ [ [ -64.966, -23.266 ], [ -64.999, -23.266 ], [ -64.999, -23.233 ], [ -64.966, -23.233 ], [ -64.966, -23.266 ] ] ], [ [ [ -66.066, -23.233 ], [ -66.066, -23.199 ], [ -66.033, -23.199 ], [ -65.999, -23.199 ], [ -65.999, -23.233 ], [ -65.999, -23.266 ], [ -65.999, -23.299 ], [ -65.999, -23.333 ], [ -66.033, -23.333 ], [ -66.033, -23.299 ], [ -66.033, -23.266 ], [ -66.033, -23.233 ], [ -66.066, -23.233 ] ] ], [ [ [ -64.966, -23.199 ], [ -64.999, -23.199 ], [ -64.999, -23.166 ], [ -64.966, -23.166 ], [ -64.933, -23.166 ], [ -64.933, -23.199 ], [ -64.966, -23.199 ] ] ], [ [ [ -65.433, -23.299 ], [ -65.433, -23.333 ], [ -65.433, -23.366 ], [ -65.466, -23.366 ], [ -65.499, -23.366 ], [ -65.499, -23.333 ], [ -65.533, -23.333 ], [ -65.566, -23.333 ], [ -65.566, -23.299 ], [ -65.599, -23.299 ], [ -65.599, -23.266 ], [ -65.599, -23.233 ], [ -65.599, -23.199 ], [ -65.599, -23.166 ], [ -65.566, -23.166 ], [ -65.533, -23.166 ], [ -65.533, -23.199 ], [ -65.533, -23.233 ], [ -65.533, -23.266 ], [ -65.533, -23.299 ], [ -65.499, -23.299 ], [ -65.466, -23.299 ], [ -65.466, -23.266 ], [ -65.466, -23.233 ], [ -65.466, -23.199 ], [ -65.466, -23.166 ], [ -65.466, -23.133 ], [ -65.433, -23.133 ], [ -65.433, -23.166 ], [ -65.433, -23.199 ], [ -65.433, -23.233 ], [ -65.433, -23.266 ], [ -65.433, -23.299 ] ] ], [ [ [ -65.266, -23.299 ], [ -65.266, -23.266 ], [ -65.266, -23.233 ], [ -65.266, -23.199 ], [ -65.266, -23.166 ], [ -65.266, -23.133 ], [ -65.233, -23.133 ], [ -65.233, -23.166 ], [ -65.233, -23.199 ], [ -65.233, -23.233 ], [ -65.233, -23.266 ], [ -65.233, -23.299 ], [ -65.266, -23.299 ] ] ], [ [ [ -64.966, -23.133 ], [ -64.999, -23.133 ], [ -64.999, -23.099 ], [ -64.966, -23.099 ], [ -64.966, -23.133 ] ] ], [ [ [ -66.566, -23.066 ], [ -66.566, -23.099 ], [ -66.533, -23.099 ], [ -66.533, -23.133 ], [ -66.533, -23.166 ], [ -66.533, -23.199 ], [ -66.566, -23.199 ], [ -66.566, -23.233 ], [ -66.566, -23.266 ], [ -66.566, -23.299 ], [ -66.599, -23.299 ], [ -66.599, -23.333 ], [ -66.633, -23.333 ], [ -66.633, -23.366 ], [ -66.633, -23.399 ], [ -66.633, -23.433 ], [ -66.666, -23.433 ], [ -66.666, -23.466 ], [ -66.699, -23.466 ], [ -66.733, -23.466 ], [ -66.733, -23.433 ], [ -66.733, -23.399 ], [ -66.733, -23.366 ], [ -66.733, -23.333 ], [ -66.699, -23.333 ], [ -66.699, -23.299 ], [ -66.666, -23.299 ], [ -66.666, -23.266 ], [ -66.699, -23.266 ], [ -66.699, -23.233 ], [ -66.666, -23.233 ], [ -66.666, -23.199 ], [ -66.699, -23.199 ], [ -66.699, -23.166 ], [ -66.699, -23.133 ], [ -66.699, -23.099 ], [ -66.666, -23.099 ], [ -66.633, -23.099 ], [ -66.633, -23.066 ], [ -66.599, -23.066 ], [ -66.566, -23.066 ] ] ], [ [ [ -64.966, -23.066 ], [ -64.999, -23.066 ], [ -64.999, -23.033 ], [ -64.966, -23.033 ], [ -64.966, -23.066 ] ] ], [ [ [ -66.466, -22.999 ], [ -66.499, -22.999 ], [ -66.499, -22.966 ], [ -66.466, -22.966 ], [ -66.466, -22.999 ] ] ], [ [ [ -64.999, -22.999 ], [ -65.033, -22.999 ], [ -65.033, -22.966 ], [ -64.999, -22.966 ], [ -64.999, -22.999 ] ] ], [ [ [ -66.066, -23.233 ], [ -66.066, -23.266 ], [ -66.066, -23.299 ], [ -66.066, -23.333 ], [ -66.066, -23.366 ], [ -66.099, -23.366 ], [ -66.133, -23.366 ], [ -66.133, -23.399 ], [ -66.166, -23.399 ], [ -66.199, -23.399 ], [ -66.233, -23.399 ], [ -66.233, -23.433 ], [ -66.199, -23.433 ], [ -66.166, -23.433 ], [ -66.166, -23.466 ], [ -66.199, -23.466 ], [ -66.233, -23.466 ], [ -66.266, -23.466 ], [ -66.266, -23.433 ], [ -66.299, -23.433 ], [ -66.299, -23.466 ], [ -66.299, -23.499 ], [ -66.333, -23.499 ], [ -66.366, -23.499 ], [ -66.366, -23.533 ], [ -66.399, -23.533 ], [ -66.399, -23.566 ], [ -66.399, -23.599 ], [ -66.366, -23.599 ], [ -66.366, -23.633 ], [ -66.399, -23.633 ], [ -66.399, -23.666 ], [ -66.433, -23.666 ], [ -66.433, -23.633 ], [ -66.433, -23.599 ], [ -66.466, -23.599 ], [ -66.466, -23.566 ], [ -66.466, -23.533 ], [ -66.466, -23.499 ], [ -66.499, -23.499 ], [ -66.499, -23.466 ], [ -66.466, -23.466 ], [ -66.466, -23.433 ], [ -66.466, -23.399 ], [ -66.433, -23.399 ], [ -66.433, -23.366 ], [ -66.433, -23.333 ], [ -66.399, -23.333 ], [ -66.399, -23.299 ], [ -66.433, -23.299 ], [ -66.433, -23.266 ], [ -66.399, -23.266 ], [ -66.399, -23.233 ], [ -66.399, -23.199 ], [ -66.399, -23.166 ], [ -66.366, -23.166 ], [ -66.366, -23.133 ], [ -66.333, -23.133 ], [ -66.333, -23.099 ], [ -66.333, -23.066 ], [ -66.366, -23.066 ], [ -66.399, -23.066 ], [ -66.433, -23.066 ], [ -66.466, -23.066 ], [ -66.466, -23.033 ], [ -66.466, -22.999 ], [ -66.433, -22.999 ], [ -66.433, -23.033 ], [ -66.399, -23.033 ], [ -66.399, -22.999 ], [ -66.366, -22.999 ], [ -66.366, -23.033 ], [ -66.333, -23.033 ], [ -66.299, -23.033 ], [ -66.266, -23.033 ], [ -66.233, -23.033 ], [ -66.233, -22.999 ], [ -66.199, -22.999 ], [ -66.199, -23.033 ], [ -66.199, -23.066 ], [ -66.199, -23.099 ], [ -66.166, -23.099 ], [ -66.166, -23.066 ], [ -66.133, -23.066 ], [ -66.133, -23.033 ], [ -66.133, -22.999 ], [ -66.099, -22.999 ], [ -66.099, -22.966 ], [ -66.099, -22.933 ], [ -66.066, -22.933 ], [ -66.066, -22.966 ], [ -66.066, -22.999 ], [ -66.066, -23.033 ], [ -66.099, -23.033 ], [ -66.099, -23.066 ], [ -66.099, -23.099 ], [ -66.099, -23.133 ], [ -66.066, -23.133 ], [ -66.066, -23.166 ], [ -66.099, -23.166 ], [ -66.133, -23.166 ], [ -66.133, -23.199 ], [ -66.133, -23.233 ], [ -66.133, -23.266 ], [ -66.166, -23.266 ], [ -66.166, -23.299 ], [ -66.166, -23.333 ], [ -66.133, -23.333 ], [ -66.133, -23.299 ], [ -66.099, -23.299 ], [ -66.099, -23.266 ], [ -66.099, -23.233 ], [ -66.066, -23.233 ] ] ], [ [ [ -66.266, -23.333 ], [ -66.266, -23.366 ], [ -66.233, -23.366 ], [ -66.233, -23.333 ], [ -66.266, -23.333 ] ] ], [ [ [ -65.633, -22.933 ], [ -65.633, -22.966 ], [ -65.599, -22.966 ], [ -65.566, -22.966 ], [ -65.566, -22.999 ], [ -65.533, -22.999 ], [ -65.499, -22.999 ], [ -65.466, -22.999 ], [ -65.433, -22.999 ], [ -65.399, -22.999 ], [ -65.399, -23.033 ], [ -65.433, -23.033 ], [ -65.433, -23.066 ], [ -65.433, -23.099 ], [ -65.466, -23.099 ], [ -65.466, -23.066 ], [ -65.466, -23.033 ], [ -65.499, -23.033 ], [ -65.499, -23.066 ], [ -65.499, -23.099 ], [ -65.533, -23.099 ], [ -65.533, -23.133 ], [ -65.566, -23.133 ], [ -65.566, -23.099 ], [ -65.566, -23.066 ], [ -65.599, -23.066 ], [ -65.633, -23.066 ], [ -65.666, -23.066 ], [ -65.699, -23.066 ], [ -65.733, -23.066 ], [ -65.733, -23.099 ], [ -65.766, -23.099 ], [ -65.799, -23.099 ], [ -65.799, -23.133 ], [ -65.799, -23.166 ], [ -65.799, -23.199 ], [ -65.833, -23.199 ], [ -65.833, -23.233 ], [ -65.866, -23.233 ], [ -65.866, -23.199 ], [ -65.899, -23.199 ], [ -65.933, -23.199 ], [ -65.933, -23.166 ], [ -65.966, -23.166 ], [ -65.999, -23.166 ], [ -65.999, -23.133 ], [ -65.966, -23.133 ], [ -65.933, -23.133 ], [ -65.899, -23.133 ], [ -65.866, -23.133 ], [ -65.866, -23.099 ], [ -65.866, -23.066 ], [ -65.833, -23.066 ], [ -65.833, -23.033 ], [ -65.799, -23.033 ], [ -65.766, -23.033 ], [ -65.733, -23.033 ], [ -65.733, -22.999 ], [ -65.699, -22.999 ], [ -65.699, -22.966 ], [ -65.699, -22.933 ], [ -65.666, -22.933 ], [ -65.633, -22.933 ] ] ], [ [ [ -64.999, -22.933 ], [ -65.033, -22.933 ], [ -65.033, -22.899 ], [ -64.999, -22.899 ], [ -64.999, -22.933 ] ] ], [ [ [ -65.133, -22.866 ], [ -65.166, -22.866 ], [ -65.166, -22.833 ], [ -65.133, -22.833 ], [ -65.099, -22.833 ], [ -65.066, -22.833 ], [ -65.066, -22.866 ], [ -65.099, -22.866 ], [ -65.133, -22.866 ] ] ], [ [ [ -65.233, -22.799 ], [ -65.199, -22.799 ], [ -65.199, -22.833 ], [ -65.199, -22.866 ], [ -65.233, -22.866 ], [ -65.233, -22.833 ], [ -65.233, -22.799 ] ] ], [ [ [ -66.333, -22.599 ], [ -66.333, -22.633 ], [ -66.333, -22.666 ], [ -66.366, -22.666 ], [ -66.366, -22.699 ], [ -66.399, -22.699 ], [ -66.399, -22.733 ], [ -66.399, -22.766 ], [ -66.399, -22.799 ], [ -66.433, -22.799 ], [ -66.433, -22.766 ], [ -66.466, -22.766 ], [ -66.466, -22.733 ], [ -66.499, -22.733 ], [ -66.499, -22.699 ], [ -66.499, -22.666 ], [ -66.466, -22.666 ], [ -66.433, -22.666 ], [ -66.433, -22.633 ], [ -66.466, -22.633 ], [ -66.466, -22.599 ], [ -66.433, -22.599 ], [ -66.433, -22.566 ], [ -66.466, -22.566 ], [ -66.466, -22.533 ], [ -66.433, -22.533 ], [ -66.433, -22.499 ], [ -66.399, -22.499 ], [ -66.399, -22.533 ], [ -66.366, -22.533 ], [ -66.366, -22.566 ], [ -66.399, -22.566 ], [ -66.399, -22.599 ], [ -66.399, -22.633 ], [ -66.366, -22.633 ], [ -66.366, -22.599 ], [ -66.333, -22.599 ] ] ], [ [ [ -65.233, -22.799 ], [ -65.266, -22.799 ], [ -65.299, -22.799 ], [ -65.299, -22.833 ], [ -65.266, -22.833 ], [ -65.266, -22.866 ], [ -65.266, -22.899 ], [ -65.266, -22.933 ], [ -65.266, -22.966 ], [ -65.266, -22.999 ], [ -65.266, -23.033 ], [ -65.266, -23.066 ], [ -65.266, -23.099 ], [ -65.266, -23.133 ], [ -65.299, -23.133 ], [ -65.299, -23.099 ], [ -65.299, -23.066 ], [ -65.299, -23.033 ], [ -65.299, -22.999 ], [ -65.299, -22.966 ], [ -65.299, -22.933 ], [ -65.333, -22.933 ], [ -65.333, -22.899 ], [ -65.366, -22.899 ], [ -65.366, -22.866 ], [ -65.366, -22.833 ], [ -65.366, -22.799 ], [ -65.399, -22.799 ], [ -65.399, -22.833 ], [ -65.399, -22.866 ], [ -65.399, -22.899 ], [ -65.399, -22.933 ], [ -65.433, -22.933 ], [ -65.433, -22.966 ], [ -65.466, -22.966 ], [ -65.466, -22.933 ], [ -65.499, -22.933 ], [ -65.499, -22.899 ], [ -65.533, -22.899 ], [ -65.566, -22.899 ], [ -65.566, -22.866 ], [ -65.599, -22.866 ], [ -65.599, -22.833 ], [ -65.566, -22.833 ], [ -65.566, -22.799 ], [ -65.533, -22.799 ], [ -65.499, -22.799 ], [ -65.499, -22.766 ], [ -65.499, -22.733 ], [ -65.533, -22.733 ], [ -65.533, -22.699 ], [ -65.499, -22.699 ], [ -65.499, -22.666 ], [ -65.466, -22.666 ], [ -65.466, -22.633 ], [ -65.433, -22.633 ], [ -65.433, -22.599 ], [ -65.433, -22.566 ], [ -65.399, -22.566 ], [ -65.399, -22.533 ], [ -65.399, -22.499 ], [ -65.366, -22.499 ], [ -65.366, -22.533 ], [ -65.366, -22.566 ], [ -65.333, -22.566 ], [ -65.333, -22.533 ], [ -65.299, -22.533 ], [ -65.299, -22.499 ], [ -65.266, -22.499 ], [ -65.266, -22.533 ], [ -65.233, -22.533 ], [ -65.233, -22.566 ], [ -65.266, -22.566 ], [ -65.266, -22.599 ], [ -65.266, -22.633 ], [ -65.266, -22.666 ], [ -65.266, -22.699 ], [ -65.233, -22.699 ], [ -65.233, -22.733 ], [ -65.233, -22.766 ], [ -65.233, -22.799 ] ] ], [ [ [ -65.066, -22.499 ], [ -65.066, -22.533 ], [ -65.099, -22.533 ], [ -65.099, -22.499 ], [ -65.066, -22.499 ] ] ], [ [ [ -65.133, -22.466 ], [ -65.133, -22.499 ], [ -65.166, -22.499 ], [ -65.166, -22.466 ], [ -65.133, -22.466 ] ] ], [ [ [ -65.333, -22.433 ], [ -65.333, -22.466 ], [ -65.366, -22.466 ], [ -65.366, -22.433 ], [ -65.333, -22.433 ] ] ], [ [ [ -64.999, -22.433 ], [ -64.966, -22.433 ], [ -64.966, -22.466 ], [ -64.999, -22.466 ], [ -64.999, -22.433 ] ] ], [ [ [ -65.333, -22.433 ], [ -65.333, -22.399 ], [ -65.299, -22.399 ], [ -65.299, -22.433 ], [ -65.333, -22.433 ] ] ], [ [ [ -64.966, -22.333 ], [ -64.933, -22.333 ], [ -64.933, -22.366 ], [ -64.966, -22.366 ], [ -64.966, -22.333 ] ] ], [ [ [ -65.266, -22.299 ], [ -65.266, -22.333 ], [ -65.266, -22.366 ], [ -65.299, -22.366 ], [ -65.299, -22.333 ], [ -65.299, -22.299 ], [ -65.266, -22.299 ] ] ], [ [ [ -64.999, -22.433 ], [ -65.033, -22.433 ], [ -65.033, -22.466 ], [ -65.033, -22.499 ], [ -65.066, -22.499 ], [ -65.066, -22.466 ], [ -65.066, -22.433 ], [ -65.099, -22.433 ], [ -65.099, -22.466 ], [ -65.133, -22.466 ], [ -65.133, -22.433 ], [ -65.133, -22.399 ], [ -65.166, -22.399 ], [ -65.199, -22.399 ], [ -65.199, -22.366 ], [ -65.199, -22.333 ], [ -65.199, -22.299 ], [ -65.166, -22.299 ], [ -65.166, -22.333 ], [ -65.166, -22.366 ], [ -65.133, -22.366 ], [ -65.099, -22.366 ], [ -65.099, -22.399 ], [ -65.066, -22.399 ], [ -65.033, -22.399 ], [ -65.033, -22.366 ], [ -64.999, -22.366 ], [ -64.999, -22.399 ], [ -64.999, -22.433 ] ] ], [ [ [ -64.966, -22.333 ], [ -64.999, -22.333 ], [ -64.999, -22.299 ], [ -64.966, -22.299 ], [ -64.966, -22.333 ] ] ], [ [ [ -66.333, -22.599 ], [ -66.333, -22.566 ], [ -66.333, -22.533 ], [ -66.333, -22.499 ], [ -66.299, -22.499 ], [ -66.299, -22.466 ], [ -66.299, -22.433 ], [ -66.299, -22.399 ], [ -66.299, -22.366 ], [ -66.299, -22.333 ], [ -66.266, -22.333 ], [ -66.266, -22.299 ], [ -66.266, -22.266 ], [ -66.266, -22.233 ], [ -66.233, -22.233 ], [ -66.199, -22.233 ], [ -66.199, -22.266 ], [ -66.166, -22.266 ], [ -66.133, -22.266 ], [ -66.133, -22.299 ], [ -66.133, -22.333 ], [ -66.166, -22.333 ], [ -66.166, -22.366 ], [ -66.166, -22.399 ], [ -66.199, -22.399 ], [ -66.233, -22.399 ], [ -66.266, -22.399 ], [ -66.266, -22.433 ], [ -66.266, -22.466 ], [ -66.233, -22.466 ], [ -66.199, -22.466 ], [ -66.199, -22.499 ], [ -66.233, -22.499 ], [ -66.233, -22.533 ], [ -66.233, -22.566 ], [ -66.233, -22.599 ], [ -66.233, -22.633 ], [ -66.233, -22.666 ], [ -66.233, -22.699 ], [ -66.233, -22.733 ], [ -66.199, -22.733 ], [ -66.199, -22.766 ], [ -66.166, -22.766 ], [ -66.166, -22.733 ], [ -66.133, -22.733 ], [ -66.099, -22.733 ], [ -66.099, -22.766 ], [ -66.133, -22.766 ], [ -66.133, -22.799 ], [ -66.133, -22.833 ], [ -66.166, -22.833 ], [ -66.166, -22.866 ], [ -66.133, -22.866 ], [ -66.099, -22.866 ], [ -66.066, -22.866 ], [ -66.066, -22.899 ], [ -66.099, -22.899 ], [ -66.133, -22.899 ], [ -66.166, -22.899 ], [ -66.199, -22.899 ], [ -66.199, -22.866 ], [ -66.199, -22.833 ], [ -66.233, -22.833 ], [ -66.233, -22.799 ], [ -66.266, -22.799 ], [ -66.266, -22.766 ], [ -66.299, -22.766 ], [ -66.299, -22.733 ], [ -66.299, -22.699 ], [ -66.266, -22.699 ], [ -66.266, -22.666 ], [ -66.266, -22.633 ], [ -66.266, -22.599 ], [ -66.266, -22.566 ], [ -66.266, -22.533 ], [ -66.299, -22.533 ], [ -66.299, -22.566 ], [ -66.299, -22.599 ], [ -66.333, -22.599 ] ] ], [ [ [ -65.133, -22.233 ], [ -65.099, -22.233 ], [ -65.099, -22.266 ], [ -65.133, -22.266 ], [ -65.133, -22.233 ] ] ], [ [ [ -65.199, -22.299 ], [ -65.233, -22.299 ], [ -65.266, -22.299 ], [ -65.266, -22.266 ], [ -65.266, -22.233 ], [ -65.233, -22.233 ], [ -65.233, -22.199 ], [ -65.199, -22.199 ], [ -65.199, -22.233 ], [ -65.199, -22.266 ], [ -65.199, -22.299 ] ] ], [ [ [ -66.466, -22.533 ], [ -66.499, -22.533 ], [ -66.533, -22.533 ], [ -66.533, -22.499 ], [ -66.566, -22.499 ], [ -66.599, -22.499 ], [ -66.599, -22.533 ], [ -66.633, -22.533 ], [ -66.633, -22.499 ], [ -66.633, -22.466 ], [ -66.633, -22.433 ], [ -66.633, -22.399 ], [ -66.666, -22.399 ], [ -66.666, -22.366 ], [ -66.666, -22.333 ], [ -66.633, -22.333 ], [ -66.633, -22.299 ], [ -66.599, -22.299 ], [ -66.599, -22.266 ], [ -66.566, -22.266 ], [ -66.533, -22.266 ], [ -66.533, -22.233 ], [ -66.499, -22.233 ], [ -66.499, -22.199 ], [ -66.533, -22.199 ], [ -66.533, -22.175 ], [ -66.446, -22.153 ], [ -66.433, -22.166 ], [ -66.433, -22.199 ], [ -66.466, -22.199 ], [ -66.466, -22.233 ], [ -66.466, -22.266 ], [ -66.499, -22.266 ], [ -66.499, -22.299 ], [ -66.533, -22.299 ], [ -66.533, -22.333 ], [ -66.533, -22.366 ], [ -66.566, -22.366 ], [ -66.566, -22.399 ], [ -66.599, -22.399 ], [ -66.599, -22.433 ], [ -66.599, -22.466 ], [ -66.566, -22.466 ], [ -66.566, -22.433 ], [ -66.533, -22.433 ], [ -66.533, -22.466 ], [ -66.499, -22.466 ], [ -66.499, -22.499 ], [ -66.466, -22.499 ], [ -66.466, -22.533 ] ] ], [ [ [ -66.233, -22.199 ], [ -66.266, -22.199 ], [ -66.266, -22.166 ], [ -66.266, -22.133 ], [ -66.233, -22.133 ], [ -66.233, -22.166 ], [ -66.233, -22.199 ] ] ], [ [ [ -65.166, -22.133 ], [ -65.199, -22.133 ], [ -65.199, -22.166 ], [ -65.233, -22.166 ], [ -65.233, -22.133 ], [ -65.233, -22.087 ], [ -65.193, -22.086 ], [ -65.187, -22.086 ], [ -65.166, -22.086 ], [ -65.166, -22.133 ] ] ], [ [ [ -65.099, -22.233 ], [ -65.099, -22.199 ], [ -65.099, -22.166 ], [ -65.133, -22.166 ], [ -65.133, -22.199 ], [ -65.133, -22.233 ], [ -65.166, -22.233 ], [ -65.166, -22.199 ], [ -65.166, -22.166 ], [ -65.166, -22.133 ], [ -65.133, -22.133 ], [ -65.133, -22.085 ], [ -65.066, -22.085 ], [ -65.066, -22.133 ], [ -65.066, -22.166 ], [ -65.066, -22.199 ], [ -65.066, -22.233 ], [ -65.099, -22.233 ] ] ] ] } }
]
}
