{
"type": "FeatureCollection",
                                                                                                                                  
"features": [
{ "type": "Feature", "properties": { "pm_icon": "AR_6b", "hzs": "6b" }, "geometry": { "type": "MultiPolygon", "coordinates": [ [ [ [ -72.233, -50.799 ], [ -72.266, -50.799 ], [ -72.266, -50.766 ], [ -72.233, -50.766 ], [ -72.199, -50.766 ], [ -72.199, -50.799 ], [ -72.233, -50.799 ] ] ], [ [ [ -72.304, -50.695 ], [ -72.299, -50.699 ], [ -72.266, -50.699 ], [ -72.266, -50.733 ], [ -72.299, -50.733 ], [ -72.299, -50.766 ], [ -72.315, -50.782 ], [ -72.315, -50.781 ], [ -72.316, -50.781 ], [ -72.317, -50.780 ], [ -72.318, -50.779 ], [ -72.318, -50.778 ], [ -72.318, -50.778 ], [ -72.319, -50.778 ], [ -72.319, -50.777 ], [ -72.320, -50.777 ], [ -72.320, -50.776 ], [ -72.320, -50.776 ], [ -72.321, -50.775 ], [ -72.322, -50.775 ], [ -72.322, -50.774 ], [ -72.329, -50.771 ], [ -72.329, -50.771 ], [ -72.329, -50.770 ], [ -72.329, -50.770 ], [ -72.329, -50.769 ], [ -72.330, -50.768 ], [ -72.330, -50.767 ], [ -72.331, -50.767 ], [ -72.332, -50.765 ], [ -72.332, -50.765 ], [ -72.333, -50.765 ], [ -72.333, -50.733 ], [ -72.342, -50.723 ], [ -72.342, -50.723 ], [ -72.342, -50.723 ], [ -72.342, -50.722 ], [ -72.342, -50.722 ], [ -72.342, -50.722 ], [ -72.342, -50.722 ], [ -72.342, -50.721 ], [ -72.342, -50.721 ], [ -72.342, -50.721 ], [ -72.342, -50.720 ], [ -72.341, -50.720 ], [ -72.341, -50.720 ], [ -72.339, -50.719 ], [ -72.336, -50.718 ], [ -72.336, -50.719 ], [ -72.335, -50.719 ], [ -72.335, -50.719 ], [ -72.334, -50.718 ], [ -72.334, -50.718 ], [ -72.334, -50.718 ], [ -72.333, -50.718 ], [ -72.333, -50.717 ], [ -72.333, -50.717 ], [ -72.332, -50.717 ], [ -72.332, -50.717 ], [ -72.332, -50.717 ], [ -72.331, -50.717 ], [ -72.331, -50.717 ], [ -72.331, -50.717 ], [ -72.330, -50.717 ], [ -72.330, -50.717 ], [ -72.329, -50.717 ], [ -72.329, -50.717 ], [ -72.328, -50.717 ], [ -72.324, -50.717 ], [ -72.324, -50.717 ], [ -72.323, -50.717 ], [ -72.323, -50.717 ], [ -72.323, -50.717 ], [ -72.322, -50.717 ], [ -72.322, -50.717 ], [ -72.322, -50.716 ], [ -72.320, -50.714 ], [ -72.317, -50.711 ], [ -72.317, -50.711 ], [ -72.317, -50.710 ], [ -72.317, -50.710 ], [ -72.316, -50.710 ], [ -72.316, -50.709 ], [ -72.316, -50.709 ], [ -72.315, -50.709 ], [ -72.315, -50.709 ], [ -72.314, -50.708 ], [ -72.314, -50.708 ], [ -72.312, -50.708 ], [ -72.312, -50.708 ], [ -72.312, -50.708 ], [ -72.311, -50.708 ], [ -72.309, -50.708 ], [ -72.307, -50.708 ], [ -72.305, -50.707 ], [ -72.305, -50.707 ], [ -72.305, -50.707 ], [ -72.305, -50.707 ], [ -72.305, -50.706 ], [ -72.305, -50.706 ], [ -72.305, -50.705 ], [ -72.305, -50.704 ], [ -72.305, -50.704 ], [ -72.305, -50.703 ], [ -72.305, -50.703 ], [ -72.305, -50.702 ], [ -72.305, -50.702 ], [ -72.304, -50.701 ], [ -72.304, -50.701 ], [ -72.304, -50.700 ], [ -72.304, -50.700 ], [ -72.303, -50.700 ], [ -72.304, -50.696 ], [ -72.304, -50.695 ] ] ], [ [ [ -73.166, -50.699 ], [ -73.166, -50.733 ], [ -73.199, -50.733 ], [ -73.233, -50.733 ], [ -73.233, -50.766 ], [ -73.268, -50.766 ], [ -73.267, -50.765 ], [ -73.265, -50.764 ], [ -73.263, -50.763 ], [ -73.262, -50.762 ], [ -73.262, -50.756 ], [ -73.258, -50.753 ], [ -73.256, -50.751 ], [ -73.255, -50.750 ], [ -73.257, -50.748 ], [ -73.262, -50.747 ], [ -73.271, -50.745 ], [ -73.274, -50.744 ], [ -73.282, -50.742 ], [ -73.285, -50.741 ], [ -73.286, -50.739 ], [ -73.284, -50.738 ], [ -73.281, -50.737 ], [ -73.276, -50.736 ], [ -73.275, -50.736 ], [ -73.273, -50.735 ], [ -73.267, -50.731 ], [ -73.265, -50.731 ], [ -73.261, -50.730 ], [ -73.258, -50.729 ], [ -73.255, -50.729 ], [ -73.252, -50.728 ], [ -73.245, -50.724 ], [ -73.242, -50.723 ], [ -73.238, -50.721 ], [ -73.231, -50.720 ], [ -73.225, -50.719 ], [ -73.220, -50.716 ], [ -73.214, -50.713 ], [ -73.210, -50.709 ], [ -73.208, -50.708 ], [ -73.204, -50.705 ], [ -73.201, -50.703 ], [ -73.198, -50.701 ], [ -73.194, -50.700 ], [ -73.190, -50.699 ], [ -73.187, -50.700 ], [ -73.185, -50.700 ], [ -73.184, -50.699 ], [ -73.184, -50.698 ], [ -73.185, -50.697 ], [ -73.184, -50.695 ], [ -73.178, -50.694 ], [ -73.174, -50.691 ], [ -73.166, -50.699 ] ] ], [ [ [ -71.999, -50.733 ], [ -72.033, -50.733 ], [ -72.033, -50.699 ], [ -72.033, -50.666 ], [ -71.999, -50.666 ], [ -71.999, -50.699 ], [ -71.999, -50.733 ] ] ], [ [ [ -73.199, -50.533 ], [ -73.166, -50.533 ], [ -73.166, -50.566 ], [ -73.166, -50.599 ], [ -73.133, -50.599 ], [ -73.133, -50.633 ], [ -73.133, -50.666 ], [ -73.166, -50.666 ], [ -73.175, -50.675 ], [ -73.178, -50.674 ], [ -73.182, -50.673 ], [ -73.186, -50.672 ], [ -73.189, -50.673 ], [ -73.191, -50.673 ], [ -73.193, -50.673 ], [ -73.197, -50.673 ], [ -73.198, -50.673 ], [ -73.201, -50.672 ], [ -73.204, -50.671 ], [ -73.210, -50.670 ], [ -73.216, -50.668 ], [ -73.219, -50.667 ], [ -73.221, -50.666 ], [ -73.224, -50.666 ], [ -73.228, -50.665 ], [ -73.232, -50.666 ], [ -73.233, -50.666 ], [ -73.233, -50.633 ], [ -73.199, -50.633 ], [ -73.199, -50.599 ], [ -73.199, -50.566 ], [ -73.199, -50.533 ] ] ], [ [ [ -73.199, -50.533 ], [ -73.233, -50.533 ], [ -73.233, -50.499 ], [ -73.199, -50.499 ], [ -73.199, -50.533 ] ] ], [ [ [ -73.233, -50.499 ], [ -73.266, -50.499 ], [ -73.266, -50.466 ], [ -73.233, -50.466 ], [ -73.233, -50.499 ] ] ], [ [ [ -73.299, -50.466 ], [ -73.333, -50.466 ], [ -73.333, -50.433 ], [ -73.299, -50.433 ], [ -73.299, -50.466 ] ] ], [ [ [ -73.199, -50.399 ], [ -73.233, -50.399 ], [ -73.233, -50.366 ], [ -73.199, -50.366 ], [ -73.199, -50.399 ] ] ], [ [ [ -73.333, -50.333 ], [ -73.366, -50.333 ], [ -73.366, -50.299 ], [ -73.333, -50.299 ], [ -73.299, -50.299 ], [ -73.299, -50.333 ], [ -73.333, -50.333 ] ] ], [ [ [ -73.199, -50.266 ], [ -73.233, -50.266 ], [ -73.233, -50.233 ], [ -73.199, -50.233 ], [ -73.166, -50.233 ], [ -73.166, -50.266 ], [ -73.199, -50.266 ] ] ], [ [ [ -73.466, -50.099 ], [ -73.466, -50.133 ], [ -73.466, -50.166 ], [ -73.433, -50.166 ], [ -73.433, -50.199 ], [ -73.433, -50.233 ], [ -73.466, -50.233 ], [ -73.466, -50.266 ], [ -73.499, -50.266 ], [ -73.499, -50.299 ], [ -73.507, -50.307 ], [ -73.508, -50.306 ], [ -73.508, -50.305 ], [ -73.508, -50.302 ], [ -73.510, -50.299 ], [ -73.512, -50.294 ], [ -73.514, -50.291 ], [ -73.516, -50.289 ], [ -73.518, -50.288 ], [ -73.521, -50.289 ], [ -73.526, -50.290 ], [ -73.530, -50.290 ], [ -73.534, -50.289 ], [ -73.538, -50.289 ], [ -73.541, -50.287 ], [ -73.544, -50.283 ], [ -73.545, -50.282 ], [ -73.547, -50.280 ], [ -73.533, -50.266 ], [ -73.533, -50.233 ], [ -73.533, -50.199 ], [ -73.533, -50.167 ], [ -73.532, -50.167 ], [ -73.531, -50.166 ], [ -73.499, -50.166 ], [ -73.499, -50.133 ], [ -73.499, -50.099 ], [ -73.466, -50.099 ] ] ], [ [ [ -72.999, -50.066 ], [ -72.966, -50.066 ], [ -72.966, -50.099 ], [ -72.999, -50.099 ], [ -72.999, -50.066 ] ] ], [ [ [ -73.466, -50.099 ], [ -73.466, -50.066 ], [ -73.466, -50.033 ], [ -73.433, -50.033 ], [ -73.433, -50.066 ], [ -73.433, -50.099 ], [ -73.466, -50.099 ] ] ], [ [ [ -72.999, -50.066 ], [ -73.033, -50.066 ], [ -73.033, -50.033 ], [ -72.999, -50.033 ], [ -72.999, -50.066 ] ] ], [ [ [ -72.966, -50.066 ], [ -72.966, -50.033 ], [ -72.933, -50.033 ], [ -72.933, -50.066 ], [ -72.966, -50.066 ] ] ], [ [ [ -72.933, -50.033 ], [ -72.933, -49.999 ], [ -72.899, -49.999 ], [ -72.899, -50.033 ], [ -72.933, -50.033 ] ] ], [ [ [ -73.033, -50.033 ], [ -73.066, -50.033 ], [ -73.066, -49.999 ], [ -73.066, -49.966 ], [ -73.033, -49.966 ], [ -73.033, -49.999 ], [ -73.033, -50.033 ] ] ], [ [ [ -72.899, -49.999 ], [ -72.899, -49.966 ], [ -72.899, -49.933 ], [ -72.866, -49.933 ], [ -72.866, -49.966 ], [ -72.866, -49.999 ], [ -72.899, -49.999 ] ] ], [ [ [ -73.399, -49.966 ], [ -73.433, -49.966 ], [ -73.433, -49.933 ], [ -73.433, -49.899 ], [ -73.399, -49.899 ], [ -73.399, -49.933 ], [ -73.399, -49.966 ] ] ], [ [ [ -72.966, -49.899 ], [ -72.966, -49.933 ], [ -72.999, -49.933 ], [ -72.999, -49.899 ], [ -72.966, -49.899 ] ] ], [ [ [ -72.899, -49.933 ], [ -72.933, -49.933 ], [ -72.933, -49.899 ], [ -72.966, -49.899 ], [ -72.966, -49.866 ], [ -72.933, -49.866 ], [ -72.899, -49.866 ], [ -72.899, -49.899 ], [ -72.899, -49.933 ] ] ], [ [ [ -72.999, -49.833 ], [ -72.999, -49.866 ], [ -73.033, -49.866 ], [ -73.066, -49.866 ], [ -73.066, -49.833 ], [ -73.099, -49.833 ], [ -73.099, -49.789 ], [ -72.999, -49.789 ], [ -72.999, -49.833 ] ] ], [ [ [ -73.133, -49.833 ], [ -73.166, -49.833 ], [ -73.166, -49.789 ], [ -73.133, -49.789 ], [ -73.133, -49.833 ] ] ], [ [ [ -73.366, -49.833 ], [ -73.399, -49.833 ], [ -73.399, -49.789 ], [ -73.366, -49.789 ], [ -73.366, -49.833 ] ] ], [ [ [ -72.566, -49.333 ], [ -72.599, -49.333 ], [ -72.599, -49.299 ], [ -72.566, -49.299 ], [ -72.566, -49.333 ] ] ], [ [ [ -72.566, -49.333 ], [ -72.533, -49.333 ], [ -72.499, -49.333 ], [ -72.466, -49.333 ], [ -72.466, -49.299 ], [ -72.499, -49.299 ], [ -72.499, -49.266 ], [ -72.466, -49.266 ], [ -72.433, -49.266 ], [ -72.433, -49.299 ], [ -72.399, -49.299 ], [ -72.366, -49.299 ], [ -72.366, -49.333 ], [ -72.399, -49.333 ], [ -72.399, -49.366 ], [ -72.433, -49.366 ], [ -72.433, -49.399 ], [ -72.466, -49.399 ], [ -72.466, -49.433 ], [ -72.499, -49.433 ], [ -72.499, -49.399 ], [ -72.533, -49.399 ], [ -72.533, -49.366 ], [ -72.566, -49.366 ], [ -72.566, -49.333 ] ] ], [ [ [ -72.566, -49.266 ], [ -72.599, -49.266 ], [ -72.599, -49.233 ], [ -72.566, -49.233 ], [ -72.566, -49.266 ] ] ], [ [ [ -71.833, -49.099 ], [ -71.866, -49.099 ], [ -71.866, -49.066 ], [ -71.866, -49.033 ], [ -71.833, -49.033 ], [ -71.799, -49.033 ], [ -71.799, -49.066 ], [ -71.833, -49.066 ], [ -71.833, -49.099 ] ] ], [ [ [ -72.166, -48.833 ], [ -72.166, -48.866 ], [ -72.199, -48.866 ], [ -72.199, -48.833 ], [ -72.166, -48.833 ] ] ], [ [ [ -72.166, -48.833 ], [ -72.166, -48.799 ], [ -72.133, -48.799 ], [ -72.133, -48.766 ], [ -72.099, -48.766 ], [ -72.066, -48.766 ], [ -72.033, -48.766 ], [ -71.999, -48.766 ], [ -71.999, -48.799 ], [ -71.999, -48.833 ], [ -71.999, -48.866 ], [ -71.966, -48.866 ], [ -71.966, -48.899 ], [ -71.966, -48.933 ], [ -71.966, -48.966 ], [ -71.999, -48.966 ], [ -71.999, -48.999 ], [ -72.033, -48.999 ], [ -72.066, -48.999 ], [ -72.066, -49.033 ], [ -72.099, -49.033 ], [ -72.133, -49.033 ], [ -72.133, -48.999 ], [ -72.166, -48.999 ], [ -72.166, -48.966 ], [ -72.133, -48.966 ], [ -72.099, -48.966 ], [ -72.066, -48.966 ], [ -72.066, -48.933 ], [ -72.066, -48.899 ], [ -72.066, -48.866 ], [ -72.066, -48.833 ], [ -72.099, -48.833 ], [ -72.133, -48.833 ], [ -72.166, -48.833 ] ] ], [ [ [ -72.366, -48.533 ], [ -72.399, -48.533 ], [ -72.399, -48.499 ], [ -72.366, -48.499 ], [ -72.333, -48.499 ], [ -72.333, -48.533 ], [ -72.366, -48.533 ] ] ], [ [ [ -71.566, -48.533 ], [ -71.566, -48.566 ], [ -71.566, -48.599 ], [ -71.566, -48.633 ], [ -71.599, -48.633 ], [ -71.599, -48.666 ], [ -71.633, -48.666 ], [ -71.666, -48.666 ], [ -71.699, -48.666 ], [ -71.733, -48.666 ], [ -71.766, -48.666 ], [ -71.799, -48.666 ], [ -71.833, -48.666 ], [ -71.866, -48.666 ], [ -71.866, -48.633 ], [ -71.866, -48.599 ], [ -71.866, -48.566 ], [ -71.866, -48.533 ], [ -71.833, -48.533 ], [ -71.799, -48.533 ], [ -71.799, -48.566 ], [ -71.833, -48.566 ], [ -71.833, -48.599 ], [ -71.799, -48.599 ], [ -71.799, -48.633 ], [ -71.766, -48.633 ], [ -71.733, -48.633 ], [ -71.733, -48.599 ], [ -71.699, -48.599 ], [ -71.699, -48.566 ], [ -71.733, -48.566 ], [ -71.733, -48.533 ], [ -71.766, -48.533 ], [ -71.766, -48.499 ], [ -71.733, -48.499 ], [ -71.699, -48.499 ], [ -71.666, -48.499 ], [ -71.633, -48.499 ], [ -71.599, -48.499 ], [ -71.566, -48.499 ], [ -71.566, -48.533 ] ] ], [ [ [ -72.166, -48.199 ], [ -72.199, -48.199 ], [ -72.199, -48.166 ], [ -72.199, -48.133 ], [ -72.166, -48.133 ], [ -72.166, -48.166 ], [ -72.166, -48.199 ] ] ], [ [ [ -72.166, -48.199 ], [ -72.133, -48.199 ], [ -72.099, -48.199 ], [ -72.099, -48.166 ], [ -72.099, -48.133 ], [ -72.066, -48.133 ], [ -72.066, -48.166 ], [ -72.066, -48.199 ], [ -72.066, -48.233 ], [ -72.099, -48.233 ], [ -72.133, -48.233 ], [ -72.166, -48.233 ], [ -72.166, -48.199 ] ] ], [ [ [ -72.099, -48.133 ], [ -72.133, -48.133 ], [ -72.166, -48.133 ], [ -72.166, -48.099 ], [ -72.166, -48.066 ], [ -72.133, -48.066 ], [ -72.099, -48.066 ], [ -72.099, -48.099 ], [ -72.099, -48.133 ] ] ], [ [ [ -72.266, -47.966 ], [ -72.299, -47.966 ], [ -72.299, -47.933 ], [ -72.266, -47.933 ], [ -72.233, -47.933 ], [ -72.233, -47.966 ], [ -72.266, -47.966 ] ] ], [ [ [ -71.766, -47.933 ], [ -71.733, -47.933 ], [ -71.699, -47.933 ], [ -71.699, -47.966 ], [ -71.733, -47.966 ], [ -71.766, -47.966 ], [ -71.766, -47.933 ] ] ], [ [ [ -71.766, -47.933 ], [ -71.799, -47.933 ], [ -71.799, -47.899 ], [ -71.833, -47.899 ], [ -71.833, -47.866 ], [ -71.866, -47.866 ], [ -71.866, -47.833 ], [ -71.899, -47.833 ], [ -71.899, -47.799 ], [ -71.899, -47.766 ], [ -71.866, -47.766 ], [ -71.866, -47.799 ], [ -71.833, -47.799 ], [ -71.833, -47.833 ], [ -71.799, -47.833 ], [ -71.799, -47.866 ], [ -71.766, -47.866 ], [ -71.766, -47.899 ], [ -71.766, -47.933 ] ] ], [ [ [ -71.899, -47.766 ], [ -71.933, -47.766 ], [ -71.933, -47.733 ], [ -71.899, -47.733 ], [ -71.899, -47.766 ] ] ], [ [ [ -71.699, -47.933 ], [ -71.699, -47.899 ], [ -71.699, -47.866 ], [ -71.699, -47.833 ], [ -71.699, -47.799 ], [ -71.733, -47.799 ], [ -71.733, -47.766 ], [ -71.766, -47.766 ], [ -71.766, -47.733 ], [ -71.733, -47.733 ], [ -71.699, -47.733 ], [ -71.699, -47.766 ], [ -71.666, -47.766 ], [ -71.666, -47.799 ], [ -71.633, -47.799 ], [ -71.633, -47.833 ], [ -71.633, -47.866 ], [ -71.633, -47.899 ], [ -71.633, -47.933 ], [ -71.666, -47.933 ], [ -71.699, -47.933 ] ] ], [ [ [ -72.233, -47.733 ], [ -72.266, -47.733 ], [ -72.266, -47.699 ], [ -72.233, -47.699 ], [ -72.233, -47.733 ] ] ], [ [ [ -71.766, -47.733 ], [ -71.799, -47.733 ], [ -71.799, -47.699 ], [ -71.766, -47.699 ], [ -71.766, -47.733 ] ] ], [ [ [ -71.866, -47.699 ], [ -71.899, -47.699 ], [ -71.899, -47.666 ], [ -71.866, -47.666 ], [ -71.866, -47.699 ] ] ], [ [ [ -72.418, -47.666 ], [ -72.366, -47.666 ], [ -72.333, -47.666 ], [ -72.333, -47.699 ], [ -72.366, -47.699 ], [ -72.399, -47.699 ], [ -72.413, -47.686 ], [ -72.412, -47.685 ], [ -72.412, -47.685 ], [ -72.410, -47.684 ], [ -72.410, -47.684 ], [ -72.410, -47.683 ], [ -72.409, -47.682 ], [ -72.409, -47.681 ], [ -72.408, -47.679 ], [ -72.408, -47.678 ], [ -72.408, -47.678 ], [ -72.408, -47.677 ], [ -72.409, -47.677 ], [ -72.410, -47.676 ], [ -72.412, -47.673 ], [ -72.412, -47.673 ], [ -72.412, -47.672 ], [ -72.413, -47.671 ], [ -72.413, -47.670 ], [ -72.413, -47.670 ], [ -72.414, -47.669 ], [ -72.415, -47.669 ], [ -72.416, -47.668 ], [ -72.417, -47.668 ], [ -72.417, -47.667 ], [ -72.417, -47.666 ], [ -72.418, -47.666 ] ] ], [ [ [ -72.233, -47.599 ], [ -72.199, -47.599 ], [ -72.199, -47.633 ], [ -72.233, -47.633 ], [ -72.233, -47.599 ] ] ], [ [ [ -72.233, -47.599 ], [ -72.266, -47.599 ], [ -72.266, -47.566 ], [ -72.233, -47.566 ], [ -72.233, -47.599 ] ] ], [ [ [ -71.733, -47.099 ], [ -71.699, -47.099 ], [ -71.699, -47.133 ], [ -71.733, -47.133 ], [ -71.733, -47.099 ] ] ], [ [ [ -71.933, -47.060 ], [ -71.933, -47.091 ], [ -71.936, -47.090 ], [ -71.940, -47.088 ], [ -71.945, -47.087 ], [ -71.949, -47.086 ], [ -71.951, -47.087 ], [ -71.950, -47.084 ], [ -71.951, -47.081 ], [ -71.951, -47.079 ], [ -71.953, -47.077 ], [ -71.955, -47.076 ], [ -71.954, -47.074 ], [ -71.952, -47.072 ], [ -71.950, -47.070 ], [ -71.947, -47.070 ], [ -71.945, -47.069 ], [ -71.944, -47.067 ], [ -71.941, -47.065 ], [ -71.940, -47.064 ], [ -71.937, -47.063 ], [ -71.935, -47.061 ], [ -71.933, -47.060 ] ] ], [ [ [ -71.866, -47.066 ], [ -71.899, -47.066 ], [ -71.911, -47.055 ], [ -71.910, -47.054 ], [ -71.908, -47.053 ], [ -71.902, -47.051 ], [ -71.902, -47.049 ], [ -71.901, -47.047 ], [ -71.899, -47.044 ], [ -71.898, -47.042 ], [ -71.897, -47.041 ], [ -71.896, -47.039 ], [ -71.896, -47.038 ], [ -71.893, -47.036 ], [ -71.890, -47.033 ], [ -71.889, -47.031 ], [ -71.888, -47.029 ], [ -71.885, -47.026 ], [ -71.885, -47.023 ], [ -71.884, -47.021 ], [ -71.883, -47.018 ], [ -71.883, -47.016 ], [ -71.866, -47.033 ], [ -71.866, -47.066 ] ] ], [ [ [ -71.733, -47.099 ], [ -71.766, -47.099 ], [ -71.766, -47.066 ], [ -71.766, -47.033 ], [ -71.766, -46.999 ], [ -71.733, -46.999 ], [ -71.733, -47.033 ], [ -71.733, -47.066 ], [ -71.733, -47.099 ] ] ], [ [ [ -70.999, -46.999 ], [ -70.999, -47.033 ], [ -70.966, -47.033 ], [ -70.966, -47.066 ], [ -70.999, -47.066 ], [ -71.033, -47.066 ], [ -71.033, -47.033 ], [ -71.033, -46.999 ], [ -70.999, -46.999 ] ] ], [ [ [ -71.899, -46.966 ], [ -71.866, -46.966 ], [ -71.866, -46.999 ], [ -71.883, -47.016 ], [ -71.883, -47.016 ], [ -71.882, -47.014 ], [ -71.880, -47.013 ], [ -71.879, -47.011 ], [ -71.879, -47.011 ], [ -71.882, -47.009 ], [ -71.884, -47.008 ], [ -71.886, -47.007 ], [ -71.889, -47.005 ], [ -71.890, -47.004 ], [ -71.891, -47.001 ], [ -71.892, -46.999 ], [ -71.894, -46.997 ], [ -71.895, -46.996 ], [ -71.896, -46.995 ], [ -71.899, -46.995 ], [ -71.899, -46.995 ], [ -71.899, -46.966 ] ] ], [ [ [ -71.899, -46.966 ], [ -71.933, -46.966 ], [ -71.943, -46.977 ], [ -71.951, -46.977 ], [ -71.954, -46.976 ], [ -71.956, -46.974 ], [ -71.958, -46.974 ], [ -71.957, -46.973 ], [ -71.958, -46.971 ], [ -71.958, -46.969 ], [ -71.957, -46.967 ], [ -71.957, -46.965 ], [ -71.956, -46.961 ], [ -71.955, -46.960 ], [ -71.953, -46.958 ], [ -71.952, -46.956 ], [ -71.953, -46.953 ], [ -71.955, -46.951 ], [ -71.958, -46.948 ], [ -71.957, -46.944 ], [ -71.958, -46.942 ], [ -71.958, -46.939 ], [ -71.958, -46.937 ], [ -71.959, -46.936 ], [ -71.961, -46.934 ], [ -71.963, -46.933 ], [ -71.964, -46.931 ], [ -71.964, -46.928 ], [ -71.964, -46.925 ], [ -71.966, -46.924 ], [ -71.967, -46.922 ], [ -71.970, -46.917 ], [ -71.970, -46.913 ], [ -71.971, -46.910 ], [ -71.971, -46.907 ], [ -71.971, -46.903 ], [ -71.968, -46.902 ], [ -71.964, -46.901 ], [ -71.962, -46.900 ], [ -71.961, -46.899 ], [ -71.959, -46.898 ], [ -71.958, -46.896 ], [ -71.958, -46.895 ], [ -71.958, -46.891 ], [ -71.958, -46.890 ], [ -71.956, -46.889 ], [ -71.953, -46.889 ], [ -71.950, -46.886 ], [ -71.949, -46.885 ], [ -71.946, -46.882 ], [ -71.945, -46.881 ], [ -71.946, -46.879 ], [ -71.945, -46.878 ], [ -71.941, -46.876 ], [ -71.938, -46.875 ], [ -71.932, -46.867 ], [ -71.932, -46.866 ], [ -71.899, -46.866 ], [ -71.899, -46.899 ], [ -71.933, -46.899 ], [ -71.933, -46.933 ], [ -71.899, -46.933 ], [ -71.899, -46.966 ] ] ], [ [ [ -71.766, -46.999 ], [ -71.799, -46.999 ], [ -71.799, -46.966 ], [ -71.799, -46.933 ], [ -71.799, -46.899 ], [ -71.799, -46.866 ], [ -71.766, -46.866 ], [ -71.733, -46.866 ], [ -71.733, -46.833 ], [ -71.699, -46.833 ], [ -71.666, -46.833 ], [ -71.633, -46.833 ], [ -71.633, -46.866 ], [ -71.599, -46.866 ], [ -71.599, -46.899 ], [ -71.566, -46.899 ], [ -71.533, -46.899 ], [ -71.499, -46.899 ], [ -71.466, -46.899 ], [ -71.466, -46.866 ], [ -71.466, -46.833 ], [ -71.433, -46.833 ], [ -71.433, -46.866 ], [ -71.399, -46.866 ], [ -71.399, -46.833 ], [ -71.366, -46.833 ], [ -71.333, -46.833 ], [ -71.299, -46.833 ], [ -71.299, -46.799 ], [ -71.299, -46.766 ], [ -71.266, -46.766 ], [ -71.233, -46.766 ], [ -71.199, -46.766 ], [ -71.199, -46.799 ], [ -71.166, -46.799 ], [ -71.166, -46.766 ], [ -71.133, -46.766 ], [ -71.099, -46.766 ], [ -71.066, -46.766 ], [ -71.033, -46.766 ], [ -70.999, -46.766 ], [ -70.999, -46.799 ], [ -70.999, -46.833 ], [ -70.966, -46.833 ], [ -70.966, -46.866 ], [ -70.966, -46.899 ], [ -70.999, -46.899 ], [ -71.033, -46.899 ], [ -71.033, -46.933 ], [ -71.066, -46.933 ], [ -71.066, -46.966 ], [ -71.066, -46.999 ], [ -71.099, -46.999 ], [ -71.133, -46.999 ], [ -71.166, -46.999 ], [ -71.166, -47.033 ], [ -71.199, -47.033 ], [ -71.233, -47.033 ], [ -71.266, -47.033 ], [ -71.299, -47.033 ], [ -71.299, -47.066 ], [ -71.333, -47.066 ], [ -71.333, -47.099 ], [ -71.366, -47.099 ], [ -71.399, -47.099 ], [ -71.399, -47.133 ], [ -71.433, -47.133 ], [ -71.466, -47.133 ], [ -71.499, -47.133 ], [ -71.499, -47.166 ], [ -71.533, -47.166 ], [ -71.533, -47.133 ], [ -71.566, -47.133 ], [ -71.599, -47.133 ], [ -71.633, -47.133 ], [ -71.633, -47.166 ], [ -71.666, -47.166 ], [ -71.666, -47.133 ], [ -71.666, -47.099 ], [ -71.633, -47.099 ], [ -71.599, -47.099 ], [ -71.566, -47.099 ], [ -71.533, -47.099 ], [ -71.499, -47.099 ], [ -71.499, -47.066 ], [ -71.533, -47.066 ], [ -71.533, -47.033 ], [ -71.566, -47.033 ], [ -71.566, -46.999 ], [ -71.566, -46.966 ], [ -71.599, -46.966 ], [ -71.633, -46.966 ], [ -71.666, -46.966 ], [ -71.699, -46.966 ], [ -71.699, -46.933 ], [ -71.733, -46.933 ], [ -71.766, -46.933 ], [ -71.766, -46.966 ], [ -71.766, -46.999 ] ] ], [ [ [ -71.733, -46.133 ], [ -71.733, -46.166 ], [ -71.766, -46.166 ], [ -71.799, -46.166 ], [ -71.799, -46.191 ], [ -71.802, -46.193 ], [ -71.804, -46.195 ], [ -71.808, -46.197 ], [ -71.812, -46.198 ], [ -71.815, -46.200 ], [ -71.819, -46.201 ], [ -71.822, -46.201 ], [ -71.825, -46.201 ], [ -71.829, -46.199 ], [ -71.831, -46.196 ], [ -71.832, -46.193 ], [ -71.835, -46.192 ], [ -71.841, -46.191 ], [ -71.844, -46.191 ], [ -71.847, -46.191 ], [ -71.851, -46.192 ], [ -71.856, -46.192 ], [ -71.859, -46.193 ], [ -71.862, -46.191 ], [ -71.863, -46.189 ], [ -71.863, -46.187 ], [ -71.864, -46.185 ], [ -71.866, -46.183 ], [ -71.869, -46.181 ], [ -71.870, -46.179 ], [ -71.871, -46.176 ], [ -71.873, -46.173 ], [ -71.866, -46.166 ], [ -71.833, -46.166 ], [ -71.833, -46.133 ], [ -71.799, -46.133 ], [ -71.766, -46.133 ], [ -71.733, -46.133 ] ] ], [ [ [ -71.666, -46.099 ], [ -71.633, -46.099 ], [ -71.599, -46.099 ], [ -71.599, -46.066 ], [ -71.633, -46.066 ], [ -71.666, -46.066 ], [ -71.666, -46.099 ], [ -71.699, -46.099 ], [ -71.699, -46.133 ], [ -71.733, -46.133 ], [ -71.733, -46.094 ], [ -71.732, -46.094 ], [ -71.732, -46.094 ], [ -71.732, -46.095 ], [ -71.731, -46.095 ], [ -71.731, -46.095 ], [ -71.731, -46.095 ], [ -71.730, -46.095 ], [ -71.730, -46.095 ], [ -71.730, -46.095 ], [ -71.729, -46.095 ], [ -71.729, -46.095 ], [ -71.729, -46.094 ], [ -71.729, -46.094 ], [ -71.728, -46.094 ], [ -71.728, -46.094 ], [ -71.727, -46.094 ], [ -71.727, -46.094 ], [ -71.726, -46.093 ], [ -71.726, -46.093 ], [ -71.726, -46.093 ], [ -71.726, -46.093 ], [ -71.726, -46.092 ], [ -71.725, -46.092 ], [ -71.725, -46.093 ], [ -71.724, -46.092 ], [ -71.724, -46.092 ], [ -71.724, -46.092 ], [ -71.723, -46.092 ], [ -71.723, -46.092 ], [ -71.723, -46.092 ], [ -71.722, -46.091 ], [ -71.722, -46.091 ], [ -71.722, -46.091 ], [ -71.722, -46.091 ], [ -71.721, -46.091 ], [ -71.721, -46.090 ], [ -71.721, -46.090 ], [ -71.720, -46.090 ], [ -71.720, -46.090 ], [ -71.719, -46.090 ], [ -71.719, -46.090 ], [ -71.719, -46.090 ], [ -71.718, -46.090 ], [ -71.718, -46.090 ], [ -71.718, -46.090 ], [ -71.717, -46.089 ], [ -71.717, -46.089 ], [ -71.717, -46.089 ], [ -71.716, -46.089 ], [ -71.716, -46.089 ], [ -71.715, -46.089 ], [ -71.715, -46.089 ], [ -71.715, -46.089 ], [ -71.714, -46.088 ], [ -71.714, -46.088 ], [ -71.714, -46.088 ], [ -71.713, -46.088 ], [ -71.713, -46.087 ], [ -71.713, -46.087 ], [ -71.713, -46.086 ], [ -71.713, -46.086 ], [ -71.713, -46.086 ], [ -71.712, -46.085 ], [ -71.712, -46.085 ], [ -71.713, -46.085 ], [ -71.713, -46.084 ], [ -71.712, -46.084 ], [ -71.712, -46.083 ], [ -71.712, -46.083 ], [ -71.712, -46.083 ], [ -71.712, -46.082 ], [ -71.712, -46.082 ], [ -71.711, -46.082 ], [ -71.712, -46.082 ], [ -71.711, -46.081 ], [ -71.712, -46.081 ], [ -71.711, -46.081 ], [ -71.712, -46.080 ], [ -71.711, -46.080 ], [ -71.711, -46.080 ], [ -71.711, -46.080 ], [ -71.712, -46.079 ], [ -71.711, -46.079 ], [ -71.711, -46.078 ], [ -71.711, -46.078 ], [ -71.711, -46.078 ], [ -71.711, -46.078 ], [ -71.711, -46.078 ], [ -71.712, -46.078 ], [ -71.712, -46.077 ], [ -71.712, -46.077 ], [ -71.711, -46.077 ], [ -71.711, -46.077 ], [ -71.711, -46.076 ], [ -71.711, -46.076 ], [ -71.711, -46.076 ], [ -71.711, -46.076 ], [ -71.711, -46.075 ], [ -71.711, -46.075 ], [ -71.710, -46.075 ], [ -71.710, -46.075 ], [ -71.710, -46.074 ], [ -71.710, -46.074 ], [ -71.710, -46.074 ], [ -71.710, -46.073 ], [ -71.710, -46.073 ], [ -71.710, -46.073 ], [ -71.710, -46.072 ], [ -71.710, -46.072 ], [ -71.710, -46.071 ], [ -71.710, -46.071 ], [ -71.710, -46.071 ], [ -71.710, -46.070 ], [ -71.709, -46.070 ], [ -71.709, -46.070 ], [ -71.708, -46.070 ], [ -71.708, -46.070 ], [ -71.708, -46.069 ], [ -71.707, -46.069 ], [ -71.707, -46.069 ], [ -71.706, -46.069 ], [ -71.706, -46.069 ], [ -71.706, -46.069 ], [ -71.705, -46.069 ], [ -71.705, -46.069 ], [ -71.704, -46.069 ], [ -71.704, -46.069 ], [ -71.704, -46.070 ], [ -71.704, -46.070 ], [ -71.703, -46.069 ], [ -71.703, -46.069 ], [ -71.702, -46.069 ], [ -71.702, -46.069 ], [ -71.701, -46.069 ], [ -71.701, -46.069 ], [ -71.701, -46.069 ], [ -71.700, -46.070 ], [ -71.700, -46.070 ], [ -71.700, -46.069 ], [ -71.699, -46.070 ], [ -71.699, -46.070 ], [ -71.698, -46.070 ], [ -71.698, -46.069 ], [ -71.697, -46.069 ], [ -71.697, -46.069 ], [ -71.697, -46.069 ], [ -71.697, -46.069 ], [ -71.696, -46.068 ], [ -71.697, -46.068 ], [ -71.696, -46.068 ], [ -71.697, -46.067 ], [ -71.697, -46.067 ], [ -71.696, -46.067 ], [ -71.696, -46.066 ], [ -71.697, -46.066 ], [ -71.697, -46.066 ], [ -71.696, -46.065 ], [ -71.696, -46.065 ], [ -71.696, -46.065 ], [ -71.696, -46.065 ], [ -71.697, -46.064 ], [ -71.697, -46.064 ], [ -71.697, -46.064 ], [ -71.697, -46.063 ], [ -71.697, -46.063 ], [ -71.697, -46.063 ], [ -71.697, -46.062 ], [ -71.697, -46.062 ], [ -71.696, -46.062 ], [ -71.696, -46.061 ], [ -71.696, -46.061 ], [ -71.696, -46.061 ], [ -71.695, -46.060 ], [ -71.695, -46.060 ], [ -71.695, -46.060 ], [ -71.694, -46.060 ], [ -71.694, -46.059 ], [ -71.694, -46.059 ], [ -71.693, -46.059 ], [ -71.693, -46.059 ], [ -71.693, -46.059 ], [ -71.693, -46.058 ], [ -71.692, -46.058 ], [ -71.692, -46.058 ], [ -71.692, -46.057 ], [ -71.691, -46.057 ], [ -71.691, -46.057 ], [ -71.691, -46.057 ], [ -71.690, -46.057 ], [ -71.690, -46.057 ], [ -71.690, -46.057 ], [ -71.689, -46.056 ], [ -71.689, -46.056 ], [ -71.689, -46.056 ], [ -71.689, -46.056 ], [ -71.688, -46.056 ], [ -71.688, -46.056 ], [ -71.688, -46.056 ], [ -71.687, -46.055 ], [ -71.687, -46.055 ], [ -71.686, -46.055 ], [ -71.686, -46.054 ], [ -71.685, -46.054 ], [ -71.685, -46.054 ], [ -71.685, -46.054 ], [ -71.685, -46.053 ], [ -71.684, -46.053 ], [ -71.684, -46.053 ], [ -71.683, -46.053 ], [ -71.683, -46.052 ], [ -71.683, -46.052 ], [ -71.683, -46.052 ], [ -71.683, -46.052 ], [ -71.683, -46.051 ], [ -71.682, -46.051 ], [ -71.682, -46.051 ], [ -71.681, -46.051 ], [ -71.681, -46.051 ], [ -71.680, -46.051 ], [ -71.680, -46.051 ], [ -71.680, -46.051 ], [ -71.679, -46.050 ], [ -71.679, -46.050 ], [ -71.679, -46.051 ], [ -71.678, -46.051 ], [ -71.678, -46.050 ], [ -71.678, -46.050 ], [ -71.678, -46.050 ], [ -71.677, -46.050 ], [ -71.677, -46.049 ], [ -71.676, -46.049 ], [ -71.676, -46.049 ], [ -71.676, -46.049 ], [ -71.675, -46.048 ], [ -71.675, -46.048 ], [ -71.674, -46.047 ], [ -71.674, -46.047 ], [ -71.674, -46.046 ], [ -71.674, -46.046 ], [ -71.673, -46.045 ], [ -71.673, -46.045 ], [ -71.673, -46.044 ], [ -71.672, -46.043 ], [ -71.672, -46.043 ], [ -71.672, -46.042 ], [ -71.671, -46.042 ], [ -71.670, -46.042 ], [ -71.669, -46.041 ], [ -71.668, -46.041 ], [ -71.668, -46.040 ], [ -71.667, -46.040 ], [ -71.666, -46.039 ], [ -71.666, -46.039 ], [ -71.666, -46.039 ], [ -71.666, -46.038 ], [ -71.666, -46.037 ], [ -71.666, -46.037 ], [ -71.667, -46.036 ], [ -71.667, -46.036 ], [ -71.666, -46.036 ], [ -71.666, -46.035 ], [ -71.667, -46.035 ], [ -71.667, -46.035 ], [ -71.666, -46.034 ], [ -71.666, -46.034 ], [ -71.666, -46.033 ], [ -71.666, -46.033 ], [ -71.666, -46.033 ], [ -71.666, -46.032 ], [ -71.665, -46.032 ], [ -71.665, -46.031 ], [ -71.666, -46.030 ], [ -71.666, -46.030 ], [ -71.666, -46.029 ], [ -71.666, -46.028 ], [ -71.666, -46.028 ], [ -71.666, -46.027 ], [ -71.665, -46.026 ], [ -71.665, -46.026 ], [ -71.664, -46.026 ], [ -71.664, -46.026 ], [ -71.663, -46.025 ], [ -71.663, -46.025 ], [ -71.663, -46.024 ], [ -71.661, -46.024 ], [ -71.661, -46.023 ], [ -71.659, -46.023 ], [ -71.658, -46.023 ], [ -71.658, -46.023 ], [ -71.657, -46.023 ], [ -71.657, -46.022 ], [ -71.657, -46.022 ], [ -71.657, -46.021 ], [ -71.657, -46.021 ], [ -71.656, -46.021 ], [ -71.656, -46.020 ], [ -71.656, -46.020 ], [ -71.656, -46.019 ], [ -71.656, -46.019 ], [ -71.656, -46.019 ], [ -71.656, -46.018 ], [ -71.656, -46.018 ], [ -71.655, -46.017 ], [ -71.655, -46.017 ], [ -71.655, -46.016 ], [ -71.654, -46.016 ], [ -71.654, -46.016 ], [ -71.653, -46.016 ], [ -71.652, -46.016 ], [ -71.652, -46.016 ], [ -71.651, -46.016 ], [ -71.651, -46.016 ], [ -71.650, -46.016 ], [ -71.649, -46.016 ], [ -71.649, -46.016 ], [ -71.649, -46.015 ], [ -71.649, -46.015 ], [ -71.649, -46.014 ], [ -71.649, -46.014 ], [ -71.649, -46.013 ], [ -71.648, -46.013 ], [ -71.648, -46.013 ], [ -71.647, -46.013 ], [ -71.647, -46.012 ], [ -71.647, -46.012 ], [ -71.647, -46.012 ], [ -71.647, -46.012 ], [ -71.647, -46.011 ], [ -71.646, -46.011 ], [ -71.646, -46.011 ], [ -71.646, -46.010 ], [ -71.646, -46.010 ], [ -71.646, -46.010 ], [ -71.647, -46.009 ], [ -71.648, -46.009 ], [ -71.648, -46.009 ], [ -71.648, -46.008 ], [ -71.648, -46.007 ], [ -71.648, -46.007 ], [ -71.648, -46.007 ], [ -71.648, -46.006 ], [ -71.647, -46.005 ], [ -71.647, -46.005 ], [ -71.647, -46.005 ], [ -71.647, -46.004 ], [ -71.647, -46.004 ], [ -71.647, -46.004 ], [ -71.648, -46.003 ], [ -71.648, -46.003 ], [ -71.648, -46.003 ], [ -71.648, -46.002 ], [ -71.648, -46.002 ], [ -71.647, -46.002 ], [ -71.647, -46.001 ], [ -71.647, -46.001 ], [ -71.647, -46.000 ], [ -71.647, -46.000 ], [ -71.647, -45.999 ], [ -71.647, -45.999 ], [ -71.647, -45.999 ], [ -71.647, -45.998 ], [ -71.646, -45.998 ], [ -71.647, -45.998 ], [ -71.647, -45.997 ], [ -71.647, -45.997 ], [ -71.647, -45.997 ], [ -71.647, -45.996 ], [ -71.646, -45.996 ], [ -71.646, -45.996 ], [ -71.645, -45.995 ], [ -71.645, -45.995 ], [ -71.645, -45.994 ], [ -71.645, -45.994 ], [ -71.645, -45.993 ], [ -71.645, -45.992 ], [ -71.645, -45.992 ], [ -71.644, -45.992 ], [ -71.644, -45.992 ], [ -71.643, -45.992 ], [ -71.643, -45.991 ], [ -71.643, -45.991 ], [ -71.644, -45.990 ], [ -71.644, -45.990 ], [ -71.645, -45.990 ], [ -71.645, -45.990 ], [ -71.645, -45.989 ], [ -71.645, -45.989 ], [ -71.645, -45.989 ], [ -71.645, -45.988 ], [ -71.645, -45.988 ], [ -71.645, -45.988 ], [ -71.645, -45.987 ], [ -71.633, -45.999 ], [ -71.599, -45.999 ], [ -71.566, -45.999 ], [ -71.566, -46.033 ], [ -71.533, -46.033 ], [ -71.499, -46.033 ], [ -71.466, -46.033 ], [ -71.433, -46.033 ], [ -71.399, -46.033 ], [ -71.366, -46.033 ], [ -71.366, -46.066 ], [ -71.399, -46.066 ], [ -71.433, -46.066 ], [ -71.466, -46.066 ], [ -71.466, -46.099 ], [ -71.499, -46.099 ], [ -71.533, -46.099 ], [ -71.566, -46.099 ], [ -71.566, -46.133 ], [ -71.533, -46.133 ], [ -71.499, -46.133 ], [ -71.499, -46.166 ], [ -71.533, -46.166 ], [ -71.566, -46.166 ], [ -71.599, -46.166 ], [ -71.633, -46.166 ], [ -71.633, -46.133 ], [ -71.666, -46.133 ], [ -71.666, -46.099 ] ] ], [ [ [ -71.647, -45.985 ], [ -71.645, -45.987 ], [ -71.646, -45.987 ], [ -71.646, -45.987 ], [ -71.647, -45.986 ], [ -71.647, -45.986 ], [ -71.648, -45.986 ], [ -71.647, -45.985 ], [ -71.647, -45.985 ] ] ], [ [ [ -71.599, -45.799 ], [ -71.633, -45.799 ], [ -71.666, -45.799 ], [ -71.666, -45.766 ], [ -71.633, -45.766 ], [ -71.599, -45.766 ], [ -71.599, -45.799 ] ] ], [ [ [ -71.666, -45.766 ], [ -71.699, -45.766 ], [ -71.733, -45.766 ], [ -71.758, -45.766 ], [ -71.758, -45.766 ], [ -71.758, -45.765 ], [ -71.759, -45.765 ], [ -71.759, -45.765 ], [ -71.758, -45.765 ], [ -71.758, -45.764 ], [ -71.758, -45.764 ], [ -71.759, -45.764 ], [ -71.759, -45.764 ], [ -71.759, -45.763 ], [ -71.760, -45.763 ], [ -71.760, -45.763 ], [ -71.761, -45.763 ], [ -71.761, -45.762 ], [ -71.761, -45.762 ], [ -71.762, -45.762 ], [ -71.762, -45.761 ], [ -71.762, -45.761 ], [ -71.762, -45.760 ], [ -71.762, -45.761 ], [ -71.763, -45.760 ], [ -71.763, -45.760 ], [ -71.763, -45.760 ], [ -71.763, -45.759 ], [ -71.763, -45.759 ], [ -71.763, -45.759 ], [ -71.763, -45.758 ], [ -71.762, -45.758 ], [ -71.762, -45.757 ], [ -71.763, -45.757 ], [ -71.763, -45.757 ], [ -71.763, -45.757 ], [ -71.764, -45.756 ], [ -71.763, -45.756 ], [ -71.764, -45.756 ], [ -71.764, -45.756 ], [ -71.764, -45.755 ], [ -71.764, -45.755 ], [ -71.765, -45.755 ], [ -71.765, -45.755 ], [ -71.766, -45.755 ], [ -71.766, -45.755 ], [ -71.766, -45.755 ], [ -71.766, -45.754 ], [ -71.766, -45.754 ], [ -71.766, -45.753 ], [ -71.766, -45.753 ], [ -71.767, -45.753 ], [ -71.767, -45.752 ], [ -71.768, -45.752 ], [ -71.768, -45.752 ], [ -71.769, -45.751 ], [ -71.769, -45.751 ], [ -71.769, -45.751 ], [ -71.769, -45.750 ], [ -71.770, -45.750 ], [ -71.770, -45.750 ], [ -71.770, -45.749 ], [ -71.770, -45.749 ], [ -71.770, -45.749 ], [ -71.770, -45.748 ], [ -71.771, -45.748 ], [ -71.771, -45.747 ], [ -71.771, -45.747 ], [ -71.771, -45.746 ], [ -71.772, -45.745 ], [ -71.772, -45.745 ], [ -71.772, -45.745 ], [ -71.771, -45.744 ], [ -71.771, -45.743 ], [ -71.771, -45.743 ], [ -71.771, -45.743 ], [ -71.771, -45.742 ], [ -71.772, -45.742 ], [ -71.772, -45.741 ], [ -71.772, -45.741 ], [ -71.773, -45.741 ], [ -71.774, -45.740 ], [ -71.774, -45.740 ], [ -71.775, -45.740 ], [ -71.776, -45.739 ], [ -71.777, -45.739 ], [ -71.777, -45.739 ], [ -71.778, -45.738 ], [ -71.778, -45.738 ], [ -71.779, -45.738 ], [ -71.779, -45.737 ], [ -71.780, -45.737 ], [ -71.780, -45.737 ], [ -71.781, -45.737 ], [ -71.781, -45.736 ], [ -71.781, -45.736 ], [ -71.782, -45.735 ], [ -71.782, -45.735 ], [ -71.782, -45.735 ], [ -71.783, -45.734 ], [ -71.784, -45.734 ], [ -71.785, -45.734 ], [ -71.786, -45.733 ], [ -71.787, -45.733 ], [ -71.787, -45.733 ], [ -71.788, -45.733 ], [ -71.789, -45.732 ], [ -71.790, -45.732 ], [ -71.793, -45.731 ], [ -71.795, -45.730 ], [ -71.795, -45.729 ], [ -71.796, -45.722 ], [ -71.799, -45.719 ], [ -71.800, -45.719 ], [ -71.800, -45.717 ], [ -71.797, -45.715 ], [ -71.796, -45.712 ], [ -71.793, -45.707 ], [ -71.791, -45.705 ], [ -71.788, -45.704 ], [ -71.782, -45.705 ], [ -71.764, -45.703 ], [ -71.765, -45.701 ], [ -71.767, -45.699 ], [ -71.767, -45.699 ], [ -71.766, -45.699 ], [ -71.733, -45.699 ], [ -71.733, -45.733 ], [ -71.699, -45.733 ], [ -71.699, -45.699 ], [ -71.733, -45.699 ], [ -71.733, -45.666 ], [ -71.699, -45.666 ], [ -71.666, -45.666 ], [ -71.633, -45.666 ], [ -71.633, -45.699 ], [ -71.666, -45.699 ], [ -71.666, -45.733 ], [ -71.666, -45.766 ] ] ], [ [ [ -71.599, -45.799 ], [ -71.566, -45.799 ], [ -71.533, -45.799 ], [ -71.499, -45.799 ], [ -71.499, -45.766 ], [ -71.533, -45.766 ], [ -71.533, -45.733 ], [ -71.566, -45.733 ], [ -71.566, -45.699 ], [ -71.533, -45.699 ], [ -71.533, -45.666 ], [ -71.566, -45.666 ], [ -71.599, -45.666 ], [ -71.633, -45.666 ], [ -71.633, -45.633 ], [ -71.599, -45.633 ], [ -71.566, -45.633 ], [ -71.533, -45.633 ], [ -71.499, -45.633 ], [ -71.466, -45.633 ], [ -71.433, -45.633 ], [ -71.433, -45.666 ], [ -71.433, -45.699 ], [ -71.433, -45.733 ], [ -71.466, -45.733 ], [ -71.466, -45.766 ], [ -71.466, -45.799 ], [ -71.433, -45.799 ], [ -71.433, -45.833 ], [ -71.466, -45.833 ], [ -71.499, -45.833 ], [ -71.499, -45.866 ], [ -71.533, -45.866 ], [ -71.533, -45.833 ], [ -71.566, -45.833 ], [ -71.599, -45.833 ], [ -71.599, -45.799 ] ] ], [ [ [ -71.499, -44.966 ], [ -71.499, -44.999 ], [ -71.499, -45.033 ], [ -71.537, -45.033 ], [ -71.541, -45.028 ], [ -71.543, -45.022 ], [ -71.548, -45.013 ], [ -71.551, -45.009 ], [ -71.550, -45.006 ], [ -71.544, -45.003 ], [ -71.541, -45.000 ], [ -71.542, -44.999 ], [ -71.548, -44.997 ], [ -71.552, -44.995 ], [ -71.553, -44.993 ], [ -71.556, -44.990 ], [ -71.557, -44.987 ], [ -71.558, -44.983 ], [ -71.560, -44.978 ], [ -71.566, -44.979 ], [ -71.573, -44.979 ], [ -71.578, -44.979 ], [ -71.579, -44.979 ], [ -71.566, -44.966 ], [ -71.533, -44.966 ], [ -71.499, -44.966 ] ] ], [ [ [ -71.933, -44.899 ], [ -71.933, -44.942 ], [ -71.934, -44.941 ], [ -71.934, -44.939 ], [ -71.934, -44.937 ], [ -71.934, -44.934 ], [ -71.934, -44.933 ], [ -71.936, -44.932 ], [ -71.939, -44.931 ], [ -71.941, -44.930 ], [ -71.943, -44.926 ], [ -71.945, -44.923 ], [ -71.946, -44.921 ], [ -71.948, -44.920 ], [ -71.955, -44.920 ], [ -71.958, -44.920 ], [ -71.961, -44.921 ], [ -71.965, -44.920 ], [ -71.968, -44.920 ], [ -71.972, -44.921 ], [ -71.974, -44.920 ], [ -71.975, -44.918 ], [ -71.978, -44.914 ], [ -71.976, -44.912 ], [ -71.977, -44.910 ], [ -71.966, -44.899 ], [ -71.933, -44.899 ] ] ], [ [ [ -71.733, -44.899 ], [ -71.733, -44.933 ], [ -71.699, -44.933 ], [ -71.666, -44.933 ], [ -71.666, -44.972 ], [ -71.673, -44.970 ], [ -71.684, -44.969 ], [ -71.691, -44.965 ], [ -71.696, -44.958 ], [ -71.700, -44.956 ], [ -71.705, -44.955 ], [ -71.712, -44.955 ], [ -71.722, -44.955 ], [ -71.732, -44.955 ], [ -71.741, -44.953 ], [ -71.744, -44.951 ], [ -71.746, -44.946 ], [ -71.748, -44.943 ], [ -71.750, -44.935 ], [ -71.751, -44.933 ], [ -71.752, -44.930 ], [ -71.753, -44.927 ], [ -71.756, -44.927 ], [ -71.760, -44.926 ], [ -71.763, -44.929 ], [ -71.766, -44.933 ], [ -71.769, -44.936 ], [ -71.773, -44.940 ], [ -71.776, -44.941 ], [ -71.779, -44.941 ], [ -71.782, -44.939 ], [ -71.784, -44.937 ], [ -71.787, -44.935 ], [ -71.788, -44.933 ], [ -71.790, -44.933 ], [ -71.792, -44.932 ], [ -71.795, -44.930 ], [ -71.796, -44.930 ], [ -71.801, -44.931 ], [ -71.804, -44.931 ], [ -71.806, -44.930 ], [ -71.807, -44.928 ], [ -71.807, -44.925 ], [ -71.807, -44.924 ], [ -71.809, -44.922 ], [ -71.811, -44.921 ], [ -71.814, -44.920 ], [ -71.818, -44.920 ], [ -71.819, -44.922 ], [ -71.821, -44.923 ], [ -71.823, -44.924 ], [ -71.827, -44.924 ], [ -71.828, -44.925 ], [ -71.829, -44.926 ], [ -71.833, -44.927 ], [ -71.840, -44.927 ], [ -71.847, -44.929 ], [ -71.851, -44.930 ], [ -71.853, -44.931 ], [ -71.854, -44.934 ], [ -71.857, -44.939 ], [ -71.861, -44.942 ], [ -71.866, -44.945 ], [ -71.866, -44.899 ], [ -71.833, -44.899 ], [ -71.799, -44.899 ], [ -71.766, -44.899 ], [ -71.733, -44.899 ] ] ], [ [ [ -71.999, -44.866 ], [ -71.999, -44.900 ], [ -72.002, -44.899 ], [ -72.006, -44.898 ], [ -72.009, -44.897 ], [ -72.014, -44.897 ], [ -72.020, -44.896 ], [ -72.023, -44.897 ], [ -72.027, -44.900 ], [ -72.029, -44.903 ], [ -72.031, -44.904 ], [ -72.036, -44.903 ], [ -72.039, -44.901 ], [ -72.040, -44.900 ], [ -72.042, -44.897 ], [ -72.043, -44.895 ], [ -72.044, -44.892 ], [ -72.043, -44.890 ], [ -72.048, -44.887 ], [ -72.050, -44.883 ], [ -72.050, -44.881 ], [ -72.054, -44.880 ], [ -72.058, -44.880 ], [ -72.060, -44.879 ], [ -72.062, -44.877 ], [ -72.064, -44.877 ], [ -72.064, -44.876 ], [ -72.064, -44.876 ], [ -72.061, -44.874 ], [ -72.057, -44.872 ], [ -72.053, -44.870 ], [ -72.050, -44.868 ], [ -72.047, -44.866 ], [ -72.046, -44.866 ], [ -72.033, -44.866 ], [ -71.999, -44.866 ] ] ], [ [ [ -71.066, -44.799 ], [ -71.066, -44.833 ], [ -71.099, -44.833 ], [ -71.099, -44.799 ], [ -71.066, -44.799 ] ] ], [ [ [ -71.833, -44.792 ], [ -71.833, -44.833 ], [ -71.866, -44.833 ], [ -71.866, -44.798 ], [ -71.861, -44.798 ], [ -71.859, -44.799 ], [ -71.857, -44.800 ], [ -71.856, -44.801 ], [ -71.853, -44.801 ], [ -71.850, -44.800 ], [ -71.848, -44.800 ], [ -71.846, -44.798 ], [ -71.843, -44.796 ], [ -71.840, -44.794 ], [ -71.834, -44.792 ], [ -71.833, -44.792 ] ] ], [ [ [ -71.375, -44.795 ], [ -71.371, -44.796 ], [ -71.368, -44.793 ], [ -71.365, -44.792 ], [ -71.361, -44.792 ], [ -71.355, -44.794 ], [ -71.349, -44.793 ], [ -71.346, -44.793 ], [ -71.341, -44.796 ], [ -71.337, -44.799 ], [ -71.333, -44.802 ], [ -71.330, -44.805 ], [ -71.327, -44.807 ], [ -71.322, -44.807 ], [ -71.317, -44.806 ], [ -71.311, -44.806 ], [ -71.305, -44.806 ], [ -71.301, -44.807 ], [ -71.295, -44.810 ], [ -71.294, -44.811 ], [ -71.292, -44.813 ], [ -71.289, -44.809 ], [ -71.286, -44.808 ], [ -71.282, -44.809 ], [ -71.279, -44.809 ], [ -71.276, -44.809 ], [ -71.271, -44.807 ], [ -71.266, -44.806 ], [ -71.266, -44.833 ], [ -71.299, -44.833 ], [ -71.333, -44.833 ], [ -71.366, -44.833 ], [ -71.399, -44.833 ], [ -71.433, -44.833 ], [ -71.433, -44.799 ], [ -71.399, -44.799 ], [ -71.391, -44.791 ], [ -71.385, -44.791 ], [ -71.380, -44.792 ], [ -71.375, -44.795 ] ] ], [ [ [ -71.889, -44.789 ], [ -71.899, -44.799 ], [ -71.933, -44.799 ], [ -71.943, -44.790 ], [ -71.942, -44.790 ], [ -71.935, -44.791 ], [ -71.929, -44.794 ], [ -71.923, -44.797 ], [ -71.925, -44.795 ], [ -71.925, -44.793 ], [ -71.926, -44.791 ], [ -71.924, -44.789 ], [ -71.922, -44.788 ], [ -71.921, -44.785 ], [ -71.925, -44.782 ], [ -71.926, -44.780 ], [ -71.924, -44.778 ], [ -71.923, -44.777 ], [ -71.918, -44.777 ], [ -71.913, -44.777 ], [ -71.909, -44.779 ], [ -71.905, -44.781 ], [ -71.901, -44.783 ], [ -71.897, -44.784 ], [ -71.893, -44.785 ], [ -71.892, -44.786 ], [ -71.890, -44.788 ], [ -71.889, -44.789 ] ] ], [ [ [ -71.066, -44.799 ], [ -71.066, -44.766 ], [ -71.033, -44.766 ], [ -71.033, -44.799 ], [ -71.066, -44.799 ] ] ], [ [ [ -71.665, -44.788 ], [ -71.657, -44.788 ], [ -71.650, -44.783 ], [ -71.666, -44.799 ], [ -71.699, -44.799 ], [ -71.699, -44.767 ], [ -71.699, -44.766 ], [ -71.693, -44.766 ], [ -71.688, -44.771 ], [ -71.680, -44.781 ], [ -71.675, -44.786 ], [ -71.670, -44.787 ], [ -71.665, -44.788 ] ] ], [ [ [ -71.199, -44.799 ], [ -71.233, -44.799 ], [ -71.240, -44.792 ], [ -71.240, -44.792 ], [ -71.237, -44.790 ], [ -71.237, -44.786 ], [ -71.238, -44.779 ], [ -71.237, -44.772 ], [ -71.233, -44.766 ], [ -71.225, -44.761 ], [ -71.214, -44.755 ], [ -71.212, -44.754 ], [ -71.199, -44.766 ], [ -71.199, -44.799 ] ] ], [ [ [ -71.482, -44.737 ], [ -71.476, -44.737 ], [ -71.469, -44.737 ], [ -71.465, -44.740 ], [ -71.464, -44.741 ], [ -71.462, -44.743 ], [ -71.463, -44.746 ], [ -71.458, -44.747 ], [ -71.455, -44.748 ], [ -71.453, -44.750 ], [ -71.452, -44.752 ], [ -71.466, -44.766 ], [ -71.499, -44.766 ], [ -71.533, -44.766 ], [ -71.547, -44.752 ], [ -71.546, -44.751 ], [ -71.542, -44.749 ], [ -71.538, -44.746 ], [ -71.535, -44.744 ], [ -71.531, -44.743 ], [ -71.527, -44.743 ], [ -71.524, -44.743 ], [ -71.518, -44.744 ], [ -71.515, -44.742 ], [ -71.511, -44.741 ], [ -71.505, -44.742 ], [ -71.501, -44.740 ], [ -71.498, -44.738 ], [ -71.494, -44.737 ], [ -71.489, -44.736 ], [ -71.482, -44.737 ] ] ], [ [ [ -69.533, -44.666 ], [ -69.566, -44.666 ], [ -69.566, -44.633 ], [ -69.533, -44.633 ], [ -69.533, -44.666 ] ] ], [ [ [ -71.733, -44.133 ], [ -71.766, -44.133 ], [ -71.782, -44.117 ], [ -71.781, -44.115 ], [ -71.779, -44.113 ], [ -71.777, -44.110 ], [ -71.774, -44.108 ], [ -71.769, -44.107 ], [ -71.766, -44.104 ], [ -71.760, -44.099 ], [ -71.755, -44.095 ], [ -71.749, -44.091 ], [ -71.748, -44.087 ], [ -71.747, -44.080 ], [ -71.746, -44.077 ], [ -71.744, -44.075 ], [ -71.739, -44.073 ], [ -71.737, -44.071 ], [ -71.736, -44.068 ], [ -71.736, -44.066 ], [ -71.699, -44.066 ], [ -71.699, -44.099 ], [ -71.699, -44.133 ], [ -71.733, -44.133 ] ] ], [ [ [ -71.666, -44.033 ], [ -71.699, -44.033 ], [ -71.712, -44.021 ], [ -71.709, -44.019 ], [ -71.705, -44.015 ], [ -71.700, -44.011 ], [ -71.699, -44.008 ], [ -71.697, -44.006 ], [ -71.696, -44.002 ], [ -71.695, -43.999 ], [ -71.691, -43.995 ], [ -71.686, -43.990 ], [ -71.685, -43.987 ], [ -71.683, -43.983 ], [ -71.682, -43.980 ], [ -71.681, -43.975 ], [ -71.680, -43.972 ], [ -71.678, -43.970 ], [ -71.673, -43.970 ], [ -71.669, -43.968 ], [ -71.665, -43.966 ], [ -71.633, -43.966 ], [ -71.633, -43.999 ], [ -71.666, -43.999 ], [ -71.666, -44.033 ] ] ], [ [ [ -71.533, -43.799 ], [ -71.533, -43.833 ], [ -71.566, -43.833 ], [ -71.566, -43.799 ], [ -71.599, -43.799 ], [ -71.610, -43.789 ], [ -71.607, -43.788 ], [ -71.600, -43.786 ], [ -71.595, -43.784 ], [ -71.589, -43.781 ], [ -71.585, -43.778 ], [ -71.584, -43.776 ], [ -71.580, -43.774 ], [ -71.574, -43.772 ], [ -71.569, -43.772 ], [ -71.564, -43.771 ], [ -71.563, -43.768 ], [ -71.559, -43.766 ], [ -71.556, -43.763 ], [ -71.554, -43.760 ], [ -71.553, -43.759 ], [ -71.549, -43.755 ], [ -71.549, -43.752 ], [ -71.549, -43.750 ], [ -71.548, -43.748 ], [ -71.547, -43.744 ], [ -71.546, -43.741 ], [ -71.544, -43.737 ], [ -71.542, -43.735 ], [ -71.539, -43.733 ], [ -71.499, -43.733 ], [ -71.499, -43.699 ], [ -71.466, -43.699 ], [ -71.466, -43.733 ], [ -71.466, -43.766 ], [ -71.499, -43.766 ], [ -71.499, -43.799 ], [ -71.533, -43.799 ] ] ], [ [ [ -71.533, -43.633 ], [ -71.539, -43.639 ], [ -71.539, -43.638 ], [ -71.542, -43.635 ], [ -71.549, -43.632 ], [ -71.554, -43.629 ], [ -71.560, -43.626 ], [ -71.569, -43.624 ], [ -71.576, -43.622 ], [ -71.578, -43.621 ], [ -71.580, -43.616 ], [ -71.582, -43.616 ], [ -71.566, -43.599 ], [ -71.533, -43.599 ], [ -71.499, -43.599 ], [ -71.499, -43.633 ], [ -71.533, -43.633 ] ] ], [ [ [ -71.166, -43.433 ], [ -71.166, -43.466 ], [ -71.133, -43.466 ], [ -71.133, -43.499 ], [ -71.166, -43.499 ], [ -71.199, -43.499 ], [ -71.199, -43.466 ], [ -71.199, -43.433 ], [ -71.166, -43.433 ] ] ], [ [ [ -71.903, -43.454 ], [ -71.906, -43.456 ], [ -71.908, -43.456 ], [ -71.913, -43.455 ], [ -71.917, -43.455 ], [ -71.919, -43.456 ], [ -71.923, -43.456 ], [ -71.924, -43.459 ], [ -71.927, -43.458 ], [ -71.929, -43.457 ], [ -71.930, -43.456 ], [ -71.930, -43.455 ], [ -71.930, -43.453 ], [ -71.931, -43.452 ], [ -71.934, -43.450 ], [ -71.934, -43.448 ], [ -71.933, -43.447 ], [ -71.932, -43.445 ], [ -71.929, -43.443 ], [ -71.928, -43.442 ], [ -71.928, -43.440 ], [ -71.928, -43.438 ], [ -71.927, -43.437 ], [ -71.926, -43.435 ], [ -71.924, -43.433 ], [ -71.923, -43.430 ], [ -71.923, -43.428 ], [ -71.922, -43.427 ], [ -71.920, -43.426 ], [ -71.918, -43.425 ], [ -71.918, -43.424 ], [ -71.919, -43.422 ], [ -71.920, -43.420 ], [ -71.919, -43.419 ], [ -71.916, -43.418 ], [ -71.915, -43.418 ], [ -71.899, -43.433 ], [ -71.899, -43.452 ], [ -71.903, -43.454 ] ] ], [ [ [ -71.833, -43.399 ], [ -71.866, -43.399 ], [ -71.866, -43.366 ], [ -71.833, -43.366 ], [ -71.833, -43.399 ] ] ], [ [ [ -71.333, -43.366 ], [ -71.366, -43.366 ], [ -71.366, -43.333 ], [ -71.333, -43.333 ], [ -71.333, -43.366 ] ] ], [ [ [ -71.666, -43.299 ], [ -71.666, -43.333 ], [ -71.666, -43.366 ], [ -71.699, -43.366 ], [ -71.699, -43.333 ], [ -71.733, -43.333 ], [ -71.733, -43.366 ], [ -71.699, -43.366 ], [ -71.699, -43.399 ], [ -71.733, -43.399 ], [ -71.766, -43.399 ], [ -71.766, -43.433 ], [ -71.799, -43.433 ], [ -71.833, -43.433 ], [ -71.833, -43.399 ], [ -71.799, -43.399 ], [ -71.799, -43.366 ], [ -71.766, -43.366 ], [ -71.766, -43.333 ], [ -71.799, -43.333 ], [ -71.799, -43.366 ], [ -71.833, -43.366 ], [ -71.833, -43.330 ], [ -71.827, -43.327 ], [ -71.823, -43.323 ], [ -71.821, -43.322 ], [ -71.818, -43.321 ], [ -71.815, -43.318 ], [ -71.813, -43.316 ], [ -71.809, -43.315 ], [ -71.804, -43.313 ], [ -71.800, -43.312 ], [ -71.801, -43.310 ], [ -71.802, -43.309 ], [ -71.803, -43.307 ], [ -71.803, -43.305 ], [ -71.802, -43.304 ], [ -71.800, -43.302 ], [ -71.798, -43.301 ], [ -71.795, -43.300 ], [ -71.794, -43.299 ], [ -71.791, -43.297 ], [ -71.788, -43.297 ], [ -71.786, -43.296 ], [ -71.783, -43.297 ], [ -71.781, -43.297 ], [ -71.778, -43.297 ], [ -71.776, -43.298 ], [ -71.775, -43.298 ], [ -71.773, -43.300 ], [ -71.771, -43.300 ], [ -71.768, -43.300 ], [ -71.766, -43.301 ], [ -71.765, -43.302 ], [ -71.762, -43.304 ], [ -71.761, -43.307 ], [ -71.761, -43.309 ], [ -71.762, -43.312 ], [ -71.760, -43.313 ], [ -71.758, -43.315 ], [ -71.754, -43.317 ], [ -71.752, -43.318 ], [ -71.749, -43.319 ], [ -71.746, -43.319 ], [ -71.743, -43.318 ], [ -71.741, -43.317 ], [ -71.738, -43.316 ], [ -71.736, -43.315 ], [ -71.734, -43.313 ], [ -71.733, -43.311 ], [ -71.733, -43.310 ], [ -71.731, -43.308 ], [ -71.731, -43.307 ], [ -71.732, -43.305 ], [ -71.732, -43.303 ], [ -71.732, -43.300 ], [ -71.733, -43.299 ], [ -71.699, -43.299 ], [ -71.666, -43.299 ] ] ], [ [ [ -71.666, -43.299 ], [ -71.666, -43.266 ], [ -71.666, -43.233 ], [ -71.633, -43.233 ], [ -71.633, -43.266 ], [ -71.633, -43.299 ], [ -71.666, -43.299 ] ] ], [ [ [ -69.533, -43.266 ], [ -69.566, -43.266 ], [ -69.566, -43.233 ], [ -69.533, -43.233 ], [ -69.499, -43.233 ], [ -69.499, -43.266 ], [ -69.533, -43.266 ] ] ], [ [ [ -71.266, -43.233 ], [ -71.299, -43.233 ], [ -71.299, -43.199 ], [ -71.266, -43.199 ], [ -71.266, -43.233 ] ] ], [ [ [ -71.766, -43.099 ], [ -71.733, -43.099 ], [ -71.733, -43.133 ], [ -71.766, -43.133 ], [ -71.766, -43.099 ] ] ], [ [ [ -69.533, -43.099 ], [ -69.533, -43.133 ], [ -69.499, -43.133 ], [ -69.499, -43.166 ], [ -69.533, -43.166 ], [ -69.533, -43.199 ], [ -69.566, -43.199 ], [ -69.566, -43.166 ], [ -69.566, -43.133 ], [ -69.566, -43.099 ], [ -69.533, -43.099 ] ] ], [ [ [ -71.899, -43.099 ], [ -71.904, -43.104 ], [ -71.908, -43.103 ], [ -71.913, -43.102 ], [ -71.919, -43.101 ], [ -71.922, -43.101 ], [ -71.926, -43.101 ], [ -71.930, -43.102 ], [ -71.933, -43.101 ], [ -71.933, -43.099 ], [ -71.934, -43.097 ], [ -71.937, -43.094 ], [ -71.940, -43.092 ], [ -71.940, -43.089 ], [ -71.938, -43.085 ], [ -71.935, -43.081 ], [ -71.934, -43.079 ], [ -71.934, -43.076 ], [ -71.936, -43.073 ], [ -71.937, -43.070 ], [ -71.935, -43.066 ], [ -71.899, -43.066 ], [ -71.899, -43.099 ] ] ], [ [ [ -71.766, -43.099 ], [ -71.799, -43.099 ], [ -71.799, -43.133 ], [ -71.813, -43.147 ], [ -71.817, -43.146 ], [ -71.819, -43.147 ], [ -71.822, -43.149 ], [ -71.824, -43.150 ], [ -71.826, -43.149 ], [ -71.829, -43.147 ], [ -71.832, -43.146 ], [ -71.833, -43.145 ], [ -71.835, -43.143 ], [ -71.837, -43.143 ], [ -71.841, -43.143 ], [ -71.843, -43.143 ], [ -71.846, -43.142 ], [ -71.850, -43.142 ], [ -71.854, -43.142 ], [ -71.858, -43.142 ], [ -71.861, -43.140 ], [ -71.866, -43.134 ], [ -71.866, -43.099 ], [ -71.833, -43.099 ], [ -71.833, -43.066 ], [ -71.799, -43.066 ], [ -71.766, -43.066 ], [ -71.766, -43.099 ] ] ], [ [ [ -71.999, -42.999 ], [ -71.999, -43.038 ], [ -72.002, -43.037 ], [ -72.004, -43.035 ], [ -72.006, -43.034 ], [ -72.008, -43.032 ], [ -72.012, -43.030 ], [ -72.014, -43.028 ], [ -72.015, -43.025 ], [ -72.017, -43.024 ], [ -72.018, -43.021 ], [ -72.019, -43.019 ], [ -72.022, -43.017 ], [ -72.025, -43.016 ], [ -72.030, -43.015 ], [ -72.036, -43.011 ], [ -72.038, -43.009 ], [ -72.040, -43.006 ], [ -72.033, -42.999 ], [ -71.999, -42.999 ] ] ], [ [ [ -71.599, -43.066 ], [ -71.633, -43.066 ], [ -71.633, -43.033 ], [ -71.633, -42.999 ], [ -71.599, -42.999 ], [ -71.599, -43.033 ], [ -71.599, -43.066 ] ] ], [ [ [ -71.266, -43.033 ], [ -71.299, -43.033 ], [ -71.299, -42.999 ], [ -71.266, -42.999 ], [ -71.266, -42.966 ], [ -71.233, -42.966 ], [ -71.233, -42.999 ], [ -71.233, -43.033 ], [ -71.266, -43.033 ] ] ], [ [ [ -69.733, -42.999 ], [ -69.766, -42.999 ], [ -69.766, -42.966 ], [ -69.733, -42.966 ], [ -69.733, -42.999 ] ] ], [ [ [ -71.866, -42.933 ], [ -71.833, -42.933 ], [ -71.833, -42.966 ], [ -71.866, -42.966 ], [ -71.866, -42.933 ] ] ], [ [ [ -71.633, -42.966 ], [ -71.666, -42.966 ], [ -71.666, -42.933 ], [ -71.633, -42.933 ], [ -71.633, -42.966 ] ] ], [ [ [ -71.866, -42.933 ], [ -71.899, -42.933 ], [ -71.899, -42.899 ], [ -71.866, -42.899 ], [ -71.866, -42.933 ] ] ], [ [ [ -69.933, -42.866 ], [ -69.966, -42.866 ], [ -69.966, -42.833 ], [ -69.933, -42.833 ], [ -69.933, -42.866 ] ] ], [ [ [ -71.199, -42.866 ], [ -71.233, -42.866 ], [ -71.233, -42.833 ], [ -71.233, -42.799 ], [ -71.199, -42.799 ], [ -71.199, -42.833 ], [ -71.199, -42.866 ] ] ], [ [ [ -68.266, -42.899 ], [ -68.266, -42.933 ], [ -68.299, -42.933 ], [ -68.299, -42.899 ], [ -68.333, -42.899 ], [ -68.333, -42.866 ], [ -68.333, -42.833 ], [ -68.333, -42.799 ], [ -68.299, -42.799 ], [ -68.266, -42.799 ], [ -68.233, -42.799 ], [ -68.233, -42.833 ], [ -68.233, -42.866 ], [ -68.266, -42.866 ], [ -68.266, -42.899 ] ] ], [ [ [ -71.499, -42.766 ], [ -71.499, -42.799 ], [ -71.499, -42.833 ], [ -71.533, -42.833 ], [ -71.533, -42.799 ], [ -71.533, -42.766 ], [ -71.566, -42.766 ], [ -71.566, -42.733 ], [ -71.533, -42.733 ], [ -71.499, -42.733 ], [ -71.499, -42.766 ] ] ], [ [ [ -68.399, -42.766 ], [ -68.433, -42.766 ], [ -68.433, -42.733 ], [ -68.399, -42.733 ], [ -68.366, -42.733 ], [ -68.366, -42.766 ], [ -68.399, -42.766 ] ] ], [ [ [ -68.133, -42.699 ], [ -68.133, -42.733 ], [ -68.099, -42.733 ], [ -68.066, -42.733 ], [ -68.066, -42.766 ], [ -68.099, -42.766 ], [ -68.099, -42.799 ], [ -68.133, -42.799 ], [ -68.133, -42.766 ], [ -68.166, -42.766 ], [ -68.199, -42.766 ], [ -68.233, -42.766 ], [ -68.233, -42.733 ], [ -68.233, -42.699 ], [ -68.199, -42.699 ], [ -68.166, -42.699 ], [ -68.133, -42.699 ] ] ], [ [ [ -71.199, -42.699 ], [ -71.199, -42.733 ], [ -71.233, -42.733 ], [ -71.233, -42.699 ], [ -71.266, -42.699 ], [ -71.266, -42.733 ], [ -71.266, -42.766 ], [ -71.266, -42.799 ], [ -71.266, -42.833 ], [ -71.299, -42.833 ], [ -71.299, -42.799 ], [ -71.299, -42.766 ], [ -71.299, -42.733 ], [ -71.299, -42.699 ], [ -71.299, -42.666 ], [ -71.266, -42.666 ], [ -71.233, -42.666 ], [ -71.199, -42.666 ], [ -71.199, -42.699 ] ] ], [ [ [ -68.899, -42.699 ], [ -68.933, -42.699 ], [ -68.933, -42.666 ], [ -68.899, -42.666 ], [ -68.866, -42.666 ], [ -68.833, -42.666 ], [ -68.799, -42.666 ], [ -68.799, -42.699 ], [ -68.833, -42.699 ], [ -68.866, -42.699 ], [ -68.899, -42.699 ] ] ], [ [ [ -68.699, -42.666 ], [ -68.699, -42.699 ], [ -68.666, -42.699 ], [ -68.666, -42.733 ], [ -68.699, -42.733 ], [ -68.699, -42.766 ], [ -68.733, -42.766 ], [ -68.733, -42.733 ], [ -68.766, -42.733 ], [ -68.766, -42.699 ], [ -68.766, -42.666 ], [ -68.733, -42.666 ], [ -68.699, -42.666 ] ] ], [ [ [ -71.199, -42.566 ], [ -71.233, -42.566 ], [ -71.233, -42.533 ], [ -71.233, -42.499 ], [ -71.199, -42.499 ], [ -71.199, -42.466 ], [ -71.199, -42.433 ], [ -71.166, -42.433 ], [ -71.166, -42.466 ], [ -71.166, -42.499 ], [ -71.166, -42.533 ], [ -71.199, -42.533 ], [ -71.199, -42.566 ] ] ], [ [ [ -71.999, -42.433 ], [ -72.031, -42.433 ], [ -72.028, -42.428 ], [ -72.026, -42.423 ], [ -72.023, -42.417 ], [ -72.023, -42.412 ], [ -72.027, -42.408 ], [ -72.030, -42.406 ], [ -72.032, -42.402 ], [ -72.034, -42.401 ], [ -72.033, -42.399 ], [ -71.999, -42.399 ], [ -71.999, -42.433 ] ] ], [ [ [ -71.866, -42.433 ], [ -71.899, -42.433 ], [ -71.899, -42.399 ], [ -71.866, -42.399 ], [ -71.866, -42.433 ] ] ], [ [ [ -71.699, -42.399 ], [ -71.733, -42.399 ], [ -71.733, -42.366 ], [ -71.699, -42.366 ], [ -71.699, -42.399 ] ] ], [ [ [ -69.033, -42.199 ], [ -69.033, -42.233 ], [ -68.999, -42.233 ], [ -68.999, -42.266 ], [ -68.966, -42.266 ], [ -68.966, -42.299 ], [ -68.933, -42.299 ], [ -68.933, -42.333 ], [ -68.933, -42.366 ], [ -68.933, -42.399 ], [ -68.966, -42.399 ], [ -68.966, -42.366 ], [ -68.999, -42.366 ], [ -68.999, -42.333 ], [ -69.033, -42.333 ], [ -69.033, -42.299 ], [ -69.066, -42.299 ], [ -69.066, -42.266 ], [ -69.099, -42.266 ], [ -69.099, -42.233 ], [ -69.099, -42.199 ], [ -69.099, -42.166 ], [ -69.066, -42.166 ], [ -69.033, -42.166 ], [ -69.033, -42.199 ] ] ], [ [ [ -72.043, -42.124 ], [ -72.040, -42.126 ], [ -72.036, -42.123 ], [ -72.031, -42.121 ], [ -72.027, -42.122 ], [ -72.024, -42.124 ], [ -72.033, -42.133 ], [ -72.033, -42.166 ], [ -72.066, -42.166 ], [ -72.066, -42.148 ], [ -72.066, -42.148 ], [ -72.065, -42.146 ], [ -72.066, -42.141 ], [ -72.064, -42.140 ], [ -72.065, -42.138 ], [ -72.066, -42.137 ], [ -72.066, -42.136 ], [ -72.066, -42.133 ], [ -72.074, -42.125 ], [ -72.073, -42.125 ], [ -72.069, -42.124 ], [ -72.065, -42.123 ], [ -72.064, -42.122 ], [ -72.065, -42.120 ], [ -72.066, -42.118 ], [ -72.065, -42.117 ], [ -72.061, -42.114 ], [ -72.057, -42.114 ], [ -72.053, -42.114 ], [ -72.049, -42.115 ], [ -72.046, -42.119 ], [ -72.043, -42.124 ] ] ], [ [ [ -68.333, -41.699 ], [ -68.333, -41.733 ], [ -68.299, -41.733 ], [ -68.266, -41.733 ], [ -68.266, -41.766 ], [ -68.233, -41.766 ], [ -68.233, -41.799 ], [ -68.233, -41.833 ], [ -68.233, -41.866 ], [ -68.199, -41.866 ], [ -68.199, -41.899 ], [ -68.166, -41.899 ], [ -68.166, -41.933 ], [ -68.166, -41.966 ], [ -68.133, -41.966 ], [ -68.133, -41.999 ], [ -68.099, -41.999 ], [ -68.099, -42.033 ], [ -68.066, -42.033 ], [ -68.033, -42.033 ], [ -67.999, -42.033 ], [ -67.999, -42.066 ], [ -67.999, -42.099 ], [ -67.999, -42.133 ], [ -67.999, -42.166 ], [ -67.999, -42.199 ], [ -67.966, -42.199 ], [ -67.966, -42.233 ], [ -67.999, -42.233 ], [ -67.999, -42.266 ], [ -68.033, -42.266 ], [ -68.066, -42.266 ], [ -68.099, -42.266 ], [ -68.133, -42.266 ], [ -68.166, -42.266 ], [ -68.199, -42.266 ], [ -68.199, -42.233 ], [ -68.233, -42.233 ], [ -68.266, -42.233 ], [ -68.266, -42.199 ], [ -68.299, -42.199 ], [ -68.299, -42.166 ], [ -68.266, -42.166 ], [ -68.266, -42.133 ], [ -68.233, -42.133 ], [ -68.233, -42.099 ], [ -68.266, -42.099 ], [ -68.299, -42.099 ], [ -68.299, -42.133 ], [ -68.333, -42.133 ], [ -68.366, -42.133 ], [ -68.366, -42.166 ], [ -68.399, -42.166 ], [ -68.399, -42.199 ], [ -68.433, -42.199 ], [ -68.433, -42.166 ], [ -68.466, -42.166 ], [ -68.499, -42.166 ], [ -68.499, -42.199 ], [ -68.499, -42.233 ], [ -68.533, -42.233 ], [ -68.533, -42.266 ], [ -68.566, -42.266 ], [ -68.566, -42.233 ], [ -68.599, -42.233 ], [ -68.599, -42.199 ], [ -68.599, -42.166 ], [ -68.633, -42.166 ], [ -68.633, -42.199 ], [ -68.666, -42.199 ], [ -68.699, -42.199 ], [ -68.699, -42.166 ], [ -68.733, -42.166 ], [ -68.766, -42.166 ], [ -68.766, -42.133 ], [ -68.799, -42.133 ], [ -68.833, -42.133 ], [ -68.866, -42.133 ], [ -68.899, -42.133 ], [ -68.933, -42.133 ], [ -68.933, -42.166 ], [ -68.966, -42.166 ], [ -68.999, -42.166 ], [ -68.999, -42.133 ], [ -68.999, -42.099 ], [ -68.999, -42.066 ], [ -69.033, -42.066 ], [ -69.066, -42.066 ], [ -69.099, -42.066 ], [ -69.133, -42.066 ], [ -69.133, -42.099 ], [ -69.166, -42.099 ], [ -69.166, -42.133 ], [ -69.199, -42.133 ], [ -69.233, -42.133 ], [ -69.266, -42.133 ], [ -69.266, -42.099 ], [ -69.299, -42.099 ], [ -69.299, -42.133 ], [ -69.333, -42.133 ], [ -69.333, -42.099 ], [ -69.333, -42.066 ], [ -69.333, -42.033 ], [ -69.299, -42.033 ], [ -69.299, -41.999 ], [ -69.299, -41.966 ], [ -69.299, -41.933 ], [ -69.299, -41.899 ], [ -69.266, -41.899 ], [ -69.233, -41.899 ], [ -69.199, -41.899 ], [ -69.199, -41.866 ], [ -69.166, -41.866 ], [ -69.166, -41.833 ], [ -69.166, -41.799 ], [ -69.133, -41.799 ], [ -69.133, -41.766 ], [ -69.133, -41.733 ], [ -69.099, -41.733 ], [ -69.099, -41.699 ], [ -69.099, -41.666 ], [ -69.099, -41.633 ], [ -69.099, -41.599 ], [ -69.066, -41.599 ], [ -69.066, -41.633 ], [ -69.033, -41.633 ], [ -68.999, -41.633 ], [ -68.999, -41.666 ], [ -68.966, -41.666 ], [ -68.933, -41.666 ], [ -68.933, -41.699 ], [ -68.933, -41.733 ], [ -68.933, -41.766 ], [ -68.966, -41.766 ], [ -68.966, -41.799 ], [ -68.999, -41.799 ], [ -68.999, -41.833 ], [ -69.033, -41.833 ], [ -69.066, -41.833 ], [ -69.066, -41.866 ], [ -69.099, -41.866 ], [ -69.133, -41.866 ], [ -69.133, -41.899 ], [ -69.133, -41.933 ], [ -69.166, -41.933 ], [ -69.199, -41.933 ], [ -69.199, -41.966 ], [ -69.233, -41.966 ], [ -69.266, -41.966 ], [ -69.266, -41.999 ], [ -69.266, -42.033 ], [ -69.233, -42.033 ], [ -69.233, -41.999 ], [ -69.199, -41.999 ], [ -69.166, -41.999 ], [ -69.133, -41.999 ], [ -69.099, -41.999 ], [ -69.099, -42.033 ], [ -69.066, -42.033 ], [ -69.066, -41.999 ], [ -69.033, -41.999 ], [ -68.999, -41.999 ], [ -68.966, -41.999 ], [ -68.933, -41.999 ], [ -68.899, -41.999 ], [ -68.866, -41.999 ], [ -68.833, -41.999 ], [ -68.833, -42.033 ], [ -68.799, -42.033 ], [ -68.766, -42.033 ], [ -68.766, -41.999 ], [ -68.733, -41.999 ], [ -68.699, -41.999 ], [ -68.699, -41.966 ], [ -68.666, -41.966 ], [ -68.666, -41.999 ], [ -68.666, -42.033 ], [ -68.633, -42.033 ], [ -68.633, -42.066 ], [ -68.599, -42.066 ], [ -68.599, -42.099 ], [ -68.566, -42.099 ], [ -68.566, -42.066 ], [ -68.533, -42.066 ], [ -68.533, -42.033 ], [ -68.499, -42.033 ], [ -68.466, -42.033 ], [ -68.433, -42.033 ], [ -68.433, -41.999 ], [ -68.399, -41.999 ], [ -68.399, -41.966 ], [ -68.399, -41.933 ], [ -68.366, -41.933 ], [ -68.366, -41.899 ], [ -68.333, -41.899 ], [ -68.299, -41.899 ], [ -68.299, -41.866 ], [ -68.266, -41.866 ], [ -68.266, -41.833 ], [ -68.299, -41.833 ], [ -68.333, -41.833 ], [ -68.333, -41.799 ], [ -68.366, -41.799 ], [ -68.366, -41.766 ], [ -68.399, -41.766 ], [ -68.433, -41.766 ], [ -68.433, -41.733 ], [ -68.433, -41.699 ], [ -68.433, -41.666 ], [ -68.433, -41.633 ], [ -68.433, -41.599 ], [ -68.399, -41.599 ], [ -68.366, -41.599 ], [ -68.333, -41.599 ], [ -68.333, -41.633 ], [ -68.333, -41.666 ], [ -68.333, -41.699 ] ], [ [ -68.299, -41.966 ], [ -68.299, -41.999 ], [ -68.266, -41.999 ], [ -68.266, -41.966 ], [ -68.299, -41.966 ] ], [ [ -68.199, -42.066 ], [ -68.199, -42.099 ], [ -68.166, -42.099 ], [ -68.166, -42.066 ], [ -68.199, -42.066 ] ], [ [ -68.233, -42.166 ], [ -68.233, -42.199 ], [ -68.199, -42.199 ], [ -68.166, -42.199 ], [ -68.166, -42.166 ], [ -68.199, -42.166 ], [ -68.233, -42.166 ] ] ], [ [ [ -70.266, -41.433 ], [ -70.299, -41.433 ], [ -70.299, -41.399 ], [ -70.266, -41.399 ], [ -70.266, -41.433 ] ] ], [ [ [ -66.899, -41.399 ], [ -66.899, -41.433 ], [ -66.866, -41.433 ], [ -66.866, -41.466 ], [ -66.899, -41.466 ], [ -66.899, -41.499 ], [ -66.866, -41.499 ], [ -66.866, -41.533 ], [ -66.866, -41.566 ], [ -66.899, -41.566 ], [ -66.933, -41.566 ], [ -66.933, -41.533 ], [ -66.933, -41.499 ], [ -66.966, -41.499 ], [ -66.966, -41.466 ], [ -66.999, -41.466 ], [ -66.999, -41.433 ], [ -66.999, -41.399 ], [ -66.966, -41.399 ], [ -66.933, -41.399 ], [ -66.899, -41.399 ] ] ], [ [ [ -71.133, -40.399 ], [ -71.166, -40.399 ], [ -71.166, -40.366 ], [ -71.133, -40.366 ], [ -71.133, -40.399 ] ] ], [ [ [ -71.233, -40.299 ], [ -71.233, -40.333 ], [ -71.266, -40.333 ], [ -71.266, -40.299 ], [ -71.299, -40.299 ], [ -71.299, -40.266 ], [ -71.299, -40.233 ], [ -71.266, -40.233 ], [ -71.233, -40.233 ], [ -71.199, -40.233 ], [ -71.166, -40.233 ], [ -71.166, -40.266 ], [ -71.199, -40.266 ], [ -71.233, -40.266 ], [ -71.233, -40.299 ] ] ], [ [ [ -71.466, -39.699 ], [ -71.433, -39.699 ], [ -71.433, -39.733 ], [ -71.466, -39.733 ], [ -71.466, -39.699 ] ] ], [ [ [ -71.466, -39.699 ], [ -71.499, -39.699 ], [ -71.499, -39.666 ], [ -71.466, -39.666 ], [ -71.466, -39.699 ] ] ], [ [ [ -71.466, -39.666 ], [ -71.466, -39.633 ], [ -71.433, -39.633 ], [ -71.433, -39.666 ], [ -71.466, -39.666 ] ] ], [ [ [ -71.533, -39.666 ], [ -71.566, -39.666 ], [ -71.566, -39.631 ], [ -71.563, -39.630 ], [ -71.556, -39.629 ], [ -71.548, -39.629 ], [ -71.537, -39.627 ], [ -71.533, -39.627 ], [ -71.533, -39.666 ] ] ], [ [ [ -71.466, -39.633 ], [ -71.499, -39.633 ], [ -71.498, -39.630 ], [ -71.494, -39.624 ], [ -71.490, -39.616 ], [ -71.484, -39.612 ], [ -71.479, -39.606 ], [ -71.476, -39.600 ], [ -71.471, -39.595 ], [ -71.466, -39.599 ], [ -71.466, -39.633 ] ] ], [ [ [ -71.233, -39.599 ], [ -71.266, -39.599 ], [ -71.266, -39.566 ], [ -71.233, -39.566 ], [ -71.233, -39.599 ] ] ], [ [ [ -70.799, -39.533 ], [ -70.833, -39.533 ], [ -70.833, -39.499 ], [ -70.799, -39.499 ], [ -70.799, -39.533 ] ] ], [ [ [ -71.099, -39.299 ], [ -71.066, -39.299 ], [ -71.066, -39.333 ], [ -71.099, -39.333 ], [ -71.099, -39.299 ] ] ], [ [ [ -71.066, -39.299 ], [ -71.066, -39.266 ], [ -71.033, -39.266 ], [ -71.033, -39.299 ], [ -71.066, -39.299 ] ] ], [ [ [ -71.066, -39.266 ], [ -71.099, -39.266 ], [ -71.099, -39.299 ], [ -71.133, -39.299 ], [ -71.166, -39.299 ], [ -71.199, -39.299 ], [ -71.233, -39.299 ], [ -71.233, -39.266 ], [ -71.199, -39.266 ], [ -71.166, -39.266 ], [ -71.133, -39.266 ], [ -71.133, -39.233 ], [ -71.099, -39.233 ], [ -71.066, -39.233 ], [ -71.066, -39.266 ] ] ], [ [ [ -70.633, -39.233 ], [ -70.599, -39.233 ], [ -70.599, -39.266 ], [ -70.633, -39.266 ], [ -70.633, -39.233 ] ] ], [ [ [ -71.266, -39.199 ], [ -71.299, -39.199 ], [ -71.299, -39.166 ], [ -71.266, -39.166 ], [ -71.233, -39.166 ], [ -71.233, -39.199 ], [ -71.266, -39.199 ] ] ], [ [ [ -70.633, -39.233 ], [ -70.666, -39.233 ], [ -70.666, -39.199 ], [ -70.666, -39.166 ], [ -70.633, -39.166 ], [ -70.633, -39.133 ], [ -70.599, -39.133 ], [ -70.599, -39.166 ], [ -70.599, -39.199 ], [ -70.633, -39.199 ], [ -70.633, -39.233 ] ] ], [ [ [ -71.299, -39.033 ], [ -71.266, -39.033 ], [ -71.233, -39.033 ], [ -71.199, -39.033 ], [ -71.166, -39.033 ], [ -71.166, -39.066 ], [ -71.199, -39.066 ], [ -71.233, -39.066 ], [ -71.266, -39.066 ], [ -71.299, -39.066 ], [ -71.299, -39.033 ] ] ], [ [ [ -71.299, -39.033 ], [ -71.333, -39.033 ], [ -71.333, -38.999 ], [ -71.299, -38.999 ], [ -71.299, -39.033 ] ] ], [ [ [ -71.299, -38.999 ], [ -71.299, -38.966 ], [ -71.266, -38.966 ], [ -71.266, -38.999 ], [ -71.299, -38.999 ] ] ], [ [ [ -70.733, -38.999 ], [ -70.766, -38.999 ], [ -70.799, -38.999 ], [ -70.799, -38.966 ], [ -70.766, -38.966 ], [ -70.733, -38.966 ], [ -70.733, -38.999 ] ] ], [ [ [ -70.633, -39.133 ], [ -70.666, -39.133 ], [ -70.666, -39.099 ], [ -70.699, -39.099 ], [ -70.699, -39.133 ], [ -70.699, -39.166 ], [ -70.699, -39.199 ], [ -70.699, -39.233 ], [ -70.699, -39.266 ], [ -70.666, -39.266 ], [ -70.666, -39.299 ], [ -70.699, -39.299 ], [ -70.733, -39.299 ], [ -70.766, -39.299 ], [ -70.766, -39.266 ], [ -70.766, -39.233 ], [ -70.766, -39.199 ], [ -70.766, -39.166 ], [ -70.766, -39.133 ], [ -70.799, -39.133 ], [ -70.799, -39.099 ], [ -70.766, -39.099 ], [ -70.766, -39.066 ], [ -70.766, -39.033 ], [ -70.733, -39.033 ], [ -70.733, -38.999 ], [ -70.699, -38.999 ], [ -70.699, -39.033 ], [ -70.666, -39.033 ], [ -70.666, -38.999 ], [ -70.699, -38.999 ], [ -70.699, -38.966 ], [ -70.666, -38.966 ], [ -70.633, -38.966 ], [ -70.599, -38.966 ], [ -70.566, -38.966 ], [ -70.566, -38.999 ], [ -70.566, -39.033 ], [ -70.533, -39.033 ], [ -70.533, -39.066 ], [ -70.533, -39.099 ], [ -70.533, -39.133 ], [ -70.566, -39.133 ], [ -70.566, -39.099 ], [ -70.566, -39.066 ], [ -70.599, -39.066 ], [ -70.599, -39.033 ], [ -70.599, -38.999 ], [ -70.633, -38.999 ], [ -70.633, -39.033 ], [ -70.633, -39.066 ], [ -70.633, -39.099 ], [ -70.633, -39.133 ] ] ], [ [ [ -70.599, -38.833 ], [ -70.599, -38.799 ], [ -70.633, -38.799 ], [ -70.633, -38.833 ], [ -70.666, -38.833 ], [ -70.666, -38.799 ], [ -70.666, -38.766 ], [ -70.633, -38.766 ], [ -70.599, -38.766 ], [ -70.566, -38.766 ], [ -70.566, -38.799 ], [ -70.566, -38.833 ], [ -70.599, -38.833 ] ] ], [ [ [ -70.666, -38.766 ], [ -70.699, -38.766 ], [ -70.733, -38.766 ], [ -70.733, -38.799 ], [ -70.733, -38.833 ], [ -70.699, -38.833 ], [ -70.666, -38.833 ], [ -70.666, -38.866 ], [ -70.633, -38.866 ], [ -70.633, -38.833 ], [ -70.599, -38.833 ], [ -70.599, -38.866 ], [ -70.599, -38.899 ], [ -70.599, -38.933 ], [ -70.633, -38.933 ], [ -70.666, -38.933 ], [ -70.699, -38.933 ], [ -70.699, -38.899 ], [ -70.733, -38.899 ], [ -70.733, -38.866 ], [ -70.766, -38.866 ], [ -70.799, -38.866 ], [ -70.799, -38.833 ], [ -70.766, -38.833 ], [ -70.766, -38.799 ], [ -70.799, -38.799 ], [ -70.799, -38.833 ], [ -70.833, -38.833 ], [ -70.833, -38.866 ], [ -70.866, -38.866 ], [ -70.866, -38.833 ], [ -70.899, -38.833 ], [ -70.899, -38.799 ], [ -70.866, -38.799 ], [ -70.833, -38.799 ], [ -70.833, -38.766 ], [ -70.866, -38.766 ], [ -70.866, -38.733 ], [ -70.833, -38.733 ], [ -70.799, -38.733 ], [ -70.799, -38.766 ], [ -70.766, -38.766 ], [ -70.766, -38.733 ], [ -70.799, -38.733 ], [ -70.799, -38.699 ], [ -70.766, -38.699 ], [ -70.733, -38.699 ], [ -70.699, -38.699 ], [ -70.666, -38.699 ], [ -70.666, -38.733 ], [ -70.666, -38.766 ] ] ], [ [ [ -70.799, -38.699 ], [ -70.833, -38.699 ], [ -70.833, -38.666 ], [ -70.799, -38.666 ], [ -70.799, -38.699 ] ] ], [ [ [ -70.833, -38.666 ], [ -70.866, -38.666 ], [ -70.866, -38.699 ], [ -70.866, -38.733 ], [ -70.908, -38.733 ], [ -70.907, -38.730 ], [ -70.906, -38.729 ], [ -70.903, -38.726 ], [ -70.898, -38.724 ], [ -70.891, -38.721 ], [ -70.891, -38.719 ], [ -70.889, -38.716 ], [ -70.887, -38.713 ], [ -70.887, -38.710 ], [ -70.887, -38.707 ], [ -70.886, -38.704 ], [ -70.884, -38.702 ], [ -70.884, -38.700 ], [ -70.884, -38.697 ], [ -70.889, -38.696 ], [ -70.892, -38.695 ], [ -70.895, -38.694 ], [ -70.898, -38.691 ], [ -70.899, -38.689 ], [ -70.900, -38.685 ], [ -70.902, -38.682 ], [ -70.902, -38.679 ], [ -70.904, -38.675 ], [ -70.904, -38.670 ], [ -70.904, -38.666 ], [ -70.901, -38.664 ], [ -70.897, -38.662 ], [ -70.896, -38.661 ], [ -70.895, -38.659 ], [ -70.894, -38.656 ], [ -70.893, -38.654 ], [ -70.891, -38.651 ], [ -70.889, -38.648 ], [ -70.886, -38.645 ], [ -70.883, -38.643 ], [ -70.881, -38.640 ], [ -70.875, -38.639 ], [ -70.872, -38.638 ], [ -70.869, -38.636 ], [ -70.866, -38.633 ], [ -70.864, -38.628 ], [ -70.861, -38.625 ], [ -70.859, -38.622 ], [ -70.855, -38.620 ], [ -70.852, -38.618 ], [ -70.849, -38.616 ], [ -70.844, -38.615 ], [ -70.842, -38.614 ], [ -70.838, -38.613 ], [ -70.835, -38.611 ], [ -70.833, -38.609 ], [ -70.833, -38.607 ], [ -70.834, -38.604 ], [ -70.832, -38.601 ], [ -70.829, -38.599 ], [ -70.827, -38.596 ], [ -70.827, -38.593 ], [ -70.827, -38.590 ], [ -70.831, -38.587 ], [ -70.833, -38.585 ], [ -70.834, -38.582 ], [ -70.836, -38.580 ], [ -70.835, -38.577 ], [ -70.835, -38.573 ], [ -70.834, -38.570 ], [ -70.833, -38.566 ], [ -70.835, -38.563 ], [ -70.835, -38.561 ], [ -70.836, -38.558 ], [ -70.835, -38.554 ], [ -70.836, -38.551 ], [ -70.837, -38.548 ], [ -70.839, -38.544 ], [ -70.840, -38.541 ], [ -70.840, -38.540 ], [ -70.833, -38.533 ], [ -70.799, -38.533 ], [ -70.799, -38.566 ], [ -70.799, -38.599 ], [ -70.766, -38.599 ], [ -70.766, -38.633 ], [ -70.799, -38.633 ], [ -70.833, -38.633 ], [ -70.833, -38.666 ] ] ], [ [ [ -70.833, -38.233 ], [ -70.866, -38.233 ], [ -70.866, -38.199 ], [ -70.833, -38.199 ], [ -70.833, -38.233 ] ] ], [ [ [ -70.833, -38.233 ], [ -70.799, -38.233 ], [ -70.799, -38.266 ], [ -70.799, -38.299 ], [ -70.833, -38.299 ], [ -70.833, -38.333 ], [ -70.833, -38.366 ], [ -70.833, -38.399 ], [ -70.866, -38.399 ], [ -70.866, -38.366 ], [ -70.866, -38.333 ], [ -70.899, -38.333 ], [ -70.899, -38.366 ], [ -70.899, -38.399 ], [ -70.899, -38.433 ], [ -70.899, -38.466 ], [ -70.866, -38.466 ], [ -70.833, -38.466 ], [ -70.799, -38.466 ], [ -70.799, -38.499 ], [ -70.833, -38.499 ], [ -70.866, -38.499 ], [ -70.877, -38.511 ], [ -70.878, -38.511 ], [ -70.883, -38.510 ], [ -70.888, -38.509 ], [ -70.894, -38.508 ], [ -70.898, -38.508 ], [ -70.903, -38.506 ], [ -70.907, -38.504 ], [ -70.910, -38.503 ], [ -70.911, -38.500 ], [ -70.912, -38.497 ], [ -70.914, -38.495 ], [ -70.917, -38.493 ], [ -70.920, -38.491 ], [ -70.923, -38.489 ], [ -70.926, -38.486 ], [ -70.927, -38.484 ], [ -70.928, -38.481 ], [ -70.928, -38.478 ], [ -70.927, -38.475 ], [ -70.930, -38.472 ], [ -70.933, -38.469 ], [ -70.937, -38.466 ], [ -70.940, -38.463 ], [ -70.943, -38.461 ], [ -70.946, -38.458 ], [ -70.949, -38.453 ], [ -70.952, -38.450 ], [ -70.955, -38.448 ], [ -70.957, -38.444 ], [ -70.960, -38.442 ], [ -70.964, -38.442 ], [ -70.969, -38.442 ], [ -70.973, -38.442 ], [ -70.976, -38.442 ], [ -70.978, -38.438 ], [ -70.980, -38.435 ], [ -70.982, -38.433 ], [ -70.933, -38.433 ], [ -70.933, -38.399 ], [ -70.966, -38.399 ], [ -70.980, -38.413 ], [ -70.980, -38.411 ], [ -70.983, -38.407 ], [ -70.984, -38.404 ], [ -70.984, -38.401 ], [ -70.986, -38.398 ], [ -70.985, -38.395 ], [ -70.985, -38.393 ], [ -70.984, -38.390 ], [ -70.983, -38.388 ], [ -70.984, -38.385 ], [ -70.985, -38.382 ], [ -70.985, -38.378 ], [ -70.985, -38.376 ], [ -70.985, -38.373 ], [ -70.985, -38.371 ], [ -70.983, -38.369 ], [ -70.983, -38.366 ], [ -70.982, -38.364 ], [ -70.985, -38.360 ], [ -70.989, -38.358 ], [ -70.992, -38.358 ], [ -70.995, -38.356 ], [ -70.997, -38.355 ], [ -70.996, -38.352 ], [ -70.996, -38.349 ], [ -70.997, -38.347 ], [ -70.996, -38.344 ], [ -70.996, -38.342 ], [ -70.997, -38.338 ], [ -70.998, -38.334 ], [ -70.999, -38.331 ], [ -70.999, -38.329 ], [ -71.001, -38.326 ], [ -71.003, -38.323 ], [ -71.003, -38.319 ], [ -71.003, -38.315 ], [ -71.001, -38.309 ], [ -71.001, -38.307 ], [ -71.000, -38.305 ], [ -70.998, -38.304 ], [ -70.998, -38.301 ], [ -70.997, -38.297 ], [ -70.999, -38.293 ], [ -71.003, -38.288 ], [ -71.006, -38.285 ], [ -71.008, -38.281 ], [ -71.010, -38.278 ], [ -71.010, -38.276 ], [ -71.010, -38.274 ], [ -71.010, -38.271 ], [ -71.009, -38.268 ], [ -71.008, -38.266 ], [ -71.008, -38.261 ], [ -71.009, -38.259 ], [ -71.012, -38.256 ], [ -71.014, -38.254 ], [ -71.015, -38.252 ], [ -71.015, -38.250 ], [ -71.016, -38.247 ], [ -71.018, -38.246 ], [ -71.021, -38.244 ], [ -71.019, -38.242 ], [ -71.018, -38.239 ], [ -71.018, -38.236 ], [ -71.016, -38.233 ], [ -71.015, -38.229 ], [ -71.015, -38.226 ], [ -71.016, -38.223 ], [ -71.019, -38.219 ], [ -71.019, -38.217 ], [ -71.019, -38.215 ], [ -71.018, -38.212 ], [ -71.016, -38.211 ], [ -71.014, -38.210 ], [ -71.011, -38.210 ], [ -71.006, -38.210 ], [ -71.000, -38.211 ], [ -71.000, -38.209 ], [ -70.999, -38.206 ], [ -70.996, -38.203 ], [ -70.997, -38.199 ], [ -70.996, -38.195 ], [ -70.995, -38.190 ], [ -70.996, -38.186 ], [ -70.996, -38.183 ], [ -70.995, -38.181 ], [ -70.995, -38.178 ], [ -70.995, -38.176 ], [ -70.995, -38.174 ], [ -70.996, -38.171 ], [ -70.996, -38.169 ], [ -70.999, -38.168 ], [ -71.000, -38.167 ], [ -70.999, -38.166 ], [ -70.966, -38.166 ], [ -70.966, -38.199 ], [ -70.966, -38.233 ], [ -70.966, -38.266 ], [ -70.966, -38.299 ], [ -70.933, -38.299 ], [ -70.899, -38.299 ], [ -70.866, -38.299 ], [ -70.866, -38.266 ], [ -70.833, -38.266 ], [ -70.833, -38.233 ] ], [ [ -70.966, -38.333 ], [ -70.966, -38.366 ], [ -70.933, -38.366 ], [ -70.933, -38.333 ], [ -70.966, -38.333 ] ] ], [ [ [ -70.999, -37.999 ], [ -70.999, -37.966 ], [ -70.966, -37.966 ], [ -70.933, -37.966 ], [ -70.899, -37.966 ], [ -70.899, -37.999 ], [ -70.933, -37.999 ], [ -70.933, -38.033 ], [ -70.933, -38.066 ], [ -70.899, -38.066 ], [ -70.899, -38.099 ], [ -70.866, -38.099 ], [ -70.866, -38.133 ], [ -70.899, -38.133 ], [ -70.933, -38.133 ], [ -70.966, -38.133 ], [ -70.999, -38.133 ], [ -71.030, -38.133 ], [ -71.031, -38.132 ], [ -71.034, -38.130 ], [ -71.036, -38.128 ], [ -71.038, -38.127 ], [ -71.040, -38.125 ], [ -71.043, -38.123 ], [ -71.042, -38.121 ], [ -71.038, -38.120 ], [ -71.035, -38.118 ], [ -71.032, -38.116 ], [ -71.030, -38.115 ], [ -71.026, -38.114 ], [ -71.023, -38.112 ], [ -71.021, -38.112 ], [ -71.017, -38.113 ], [ -71.013, -38.113 ], [ -71.010, -38.112 ], [ -71.006, -38.111 ], [ -71.001, -38.110 ], [ -70.998, -38.109 ], [ -70.994, -38.109 ], [ -70.990, -38.107 ], [ -70.986, -38.105 ], [ -70.982, -38.104 ], [ -70.984, -38.102 ], [ -70.985, -38.099 ], [ -70.966, -38.099 ], [ -70.966, -38.066 ], [ -70.966, -38.033 ], [ -70.966, -37.999 ], [ -70.999, -37.999 ] ] ], [ [ [ -70.999, -37.933 ], [ -71.033, -37.933 ], [ -71.033, -37.899 ], [ -70.999, -37.899 ], [ -70.966, -37.899 ], [ -70.966, -37.866 ], [ -70.933, -37.866 ], [ -70.933, -37.833 ], [ -70.899, -37.833 ], [ -70.866, -37.833 ], [ -70.866, -37.866 ], [ -70.866, -37.899 ], [ -70.866, -37.933 ], [ -70.899, -37.933 ], [ -70.933, -37.933 ], [ -70.966, -37.933 ], [ -70.999, -37.933 ] ] ], [ [ [ -71.099, -37.766 ], [ -71.099, -37.799 ], [ -71.066, -37.799 ], [ -71.066, -37.833 ], [ -71.066, -37.866 ], [ -71.066, -37.899 ], [ -71.066, -37.933 ], [ -71.066, -37.966 ], [ -71.033, -37.966 ], [ -71.033, -37.999 ], [ -70.999, -37.999 ], [ -70.999, -38.033 ], [ -70.999, -38.066 ], [ -71.012, -38.078 ], [ -71.012, -38.077 ], [ -71.013, -38.074 ], [ -71.014, -38.072 ], [ -71.015, -38.071 ], [ -71.019, -38.069 ], [ -71.020, -38.066 ], [ -71.024, -38.064 ], [ -71.026, -38.061 ], [ -71.029, -38.059 ], [ -71.033, -38.057 ], [ -71.039, -38.055 ], [ -71.044, -38.054 ], [ -71.046, -38.050 ], [ -71.049, -38.048 ], [ -71.052, -38.045 ], [ -71.051, -38.042 ], [ -71.051, -38.037 ], [ -71.051, -38.033 ], [ -71.051, -38.028 ], [ -71.052, -38.024 ], [ -71.054, -38.019 ], [ -71.057, -38.016 ], [ -71.059, -38.013 ], [ -71.059, -38.010 ], [ -71.058, -38.008 ], [ -71.058, -38.004 ], [ -71.057, -38.001 ], [ -71.053, -37.999 ], [ -71.052, -37.995 ], [ -71.051, -37.991 ], [ -71.055, -37.993 ], [ -71.058, -37.993 ], [ -71.062, -37.993 ], [ -71.065, -37.991 ], [ -71.068, -37.989 ], [ -71.069, -37.986 ], [ -71.071, -37.983 ], [ -71.075, -37.982 ], [ -71.078, -37.982 ], [ -71.081, -37.980 ], [ -71.082, -37.977 ], [ -71.083, -37.976 ], [ -71.086, -37.974 ], [ -71.087, -37.971 ], [ -71.088, -37.967 ], [ -71.090, -37.964 ], [ -71.115, -37.956 ], [ -71.113, -37.951 ], [ -71.112, -37.946 ], [ -71.110, -37.942 ], [ -71.108, -37.938 ], [ -71.107, -37.934 ], [ -71.108, -37.929 ], [ -71.110, -37.924 ], [ -71.111, -37.922 ], [ -71.111, -37.919 ], [ -71.110, -37.916 ], [ -71.107, -37.912 ], [ -71.107, -37.909 ], [ -71.106, -37.906 ], [ -71.103, -37.903 ], [ -71.100, -37.902 ], [ -71.099, -37.901 ], [ -71.103, -37.901 ], [ -71.106, -37.899 ], [ -71.108, -37.896 ], [ -71.108, -37.892 ], [ -71.109, -37.890 ], [ -71.112, -37.888 ], [ -71.117, -37.885 ], [ -71.120, -37.883 ], [ -71.122, -37.880 ], [ -71.125, -37.876 ], [ -71.127, -37.871 ], [ -71.130, -37.867 ], [ -71.133, -37.864 ], [ -71.133, -37.833 ], [ -71.132, -37.833 ], [ -71.131, -37.831 ], [ -71.129, -37.829 ], [ -71.126, -37.829 ], [ -71.121, -37.828 ], [ -71.116, -37.827 ], [ -71.112, -37.825 ], [ -71.113, -37.824 ], [ -71.119, -37.821 ], [ -71.121, -37.819 ], [ -71.124, -37.817 ], [ -71.128, -37.817 ], [ -71.133, -37.817 ], [ -71.136, -37.816 ], [ -71.139, -37.816 ], [ -71.143, -37.813 ], [ -71.148, -37.810 ], [ -71.152, -37.806 ], [ -71.153, -37.800 ], [ -71.155, -37.798 ], [ -71.157, -37.795 ], [ -71.158, -37.793 ], [ -71.159, -37.790 ], [ -71.161, -37.790 ], [ -71.165, -37.789 ], [ -71.169, -37.784 ], [ -71.170, -37.780 ], [ -71.164, -37.775 ], [ -71.157, -37.771 ], [ -71.157, -37.768 ], [ -71.158, -37.764 ], [ -71.156, -37.760 ], [ -71.156, -37.757 ], [ -71.159, -37.756 ], [ -71.162, -37.753 ], [ -71.165, -37.749 ], [ -71.166, -37.746 ], [ -71.172, -37.744 ], [ -71.176, -37.742 ], [ -71.166, -37.733 ], [ -71.133, -37.733 ], [ -71.133, -37.766 ], [ -71.099, -37.766 ] ] ], [ [ [ -68.933, -37.766 ], [ -68.966, -37.766 ], [ -68.966, -37.733 ], [ -68.933, -37.733 ], [ -68.899, -37.733 ], [ -68.866, -37.733 ], [ -68.866, -37.766 ], [ -68.899, -37.766 ], [ -68.933, -37.766 ] ] ], [ [ [ -71.099, -37.766 ], [ -71.099, -37.733 ], [ -71.066, -37.733 ], [ -71.033, -37.733 ], [ -70.999, -37.733 ], [ -70.966, -37.733 ], [ -70.966, -37.699 ], [ -70.933, -37.699 ], [ -70.899, -37.699 ], [ -70.866, -37.699 ], [ -70.866, -37.733 ], [ -70.866, -37.766 ], [ -70.866, -37.799 ], [ -70.899, -37.799 ], [ -70.933, -37.799 ], [ -70.966, -37.799 ], [ -70.999, -37.799 ], [ -70.999, -37.766 ], [ -71.033, -37.766 ], [ -71.066, -37.766 ], [ -71.099, -37.766 ] ] ], [ [ [ -70.433, -37.733 ], [ -70.466, -37.733 ], [ -70.466, -37.699 ], [ -70.433, -37.699 ], [ -70.399, -37.699 ], [ -70.399, -37.733 ], [ -70.433, -37.733 ] ] ], [ [ [ -71.166, -37.699 ], [ -71.208, -37.699 ], [ -71.209, -37.699 ], [ -71.210, -37.695 ], [ -71.210, -37.692 ], [ -71.211, -37.689 ], [ -71.210, -37.685 ], [ -71.207, -37.681 ], [ -71.203, -37.676 ], [ -71.203, -37.672 ], [ -71.200, -37.670 ], [ -71.200, -37.668 ], [ -71.200, -37.666 ], [ -71.166, -37.666 ], [ -71.166, -37.699 ] ] ], [ [ [ -71.133, -37.633 ], [ -71.099, -37.633 ], [ -71.066, -37.633 ], [ -71.066, -37.666 ], [ -71.099, -37.666 ], [ -71.133, -37.666 ], [ -71.133, -37.633 ] ] ], [ [ [ -70.766, -37.699 ], [ -70.799, -37.699 ], [ -70.799, -37.666 ], [ -70.799, -37.633 ], [ -70.766, -37.633 ], [ -70.766, -37.666 ], [ -70.766, -37.699 ] ] ], [ [ [ -70.466, -37.666 ], [ -70.499, -37.666 ], [ -70.499, -37.633 ], [ -70.466, -37.633 ], [ -70.466, -37.666 ] ] ], [ [ [ -71.066, -37.633 ], [ -71.066, -37.599 ], [ -71.099, -37.599 ], [ -71.133, -37.599 ], [ -71.133, -37.633 ], [ -71.166, -37.633 ], [ -71.181, -37.618 ], [ -71.178, -37.615 ], [ -71.175, -37.613 ], [ -71.169, -37.611 ], [ -71.162, -37.612 ], [ -71.156, -37.611 ], [ -71.150, -37.609 ], [ -71.145, -37.607 ], [ -71.142, -37.603 ], [ -71.138, -37.599 ], [ -71.136, -37.596 ], [ -71.133, -37.591 ], [ -71.131, -37.590 ], [ -71.127, -37.587 ], [ -71.126, -37.582 ], [ -71.127, -37.576 ], [ -71.128, -37.572 ], [ -71.131, -37.567 ], [ -71.132, -37.566 ], [ -71.099, -37.566 ], [ -71.066, -37.566 ], [ -71.033, -37.566 ], [ -70.999, -37.566 ], [ -70.966, -37.566 ], [ -70.966, -37.599 ], [ -70.933, -37.599 ], [ -70.933, -37.633 ], [ -70.966, -37.633 ], [ -70.999, -37.633 ], [ -71.033, -37.633 ], [ -71.066, -37.633 ] ] ], [ [ [ -70.466, -37.599 ], [ -70.499, -37.599 ], [ -70.499, -37.566 ], [ -70.499, -37.533 ], [ -70.466, -37.533 ], [ -70.466, -37.566 ], [ -70.466, -37.599 ] ] ], [ [ [ -70.999, -37.466 ], [ -71.033, -37.466 ], [ -71.033, -37.499 ], [ -71.066, -37.499 ], [ -71.099, -37.499 ], [ -71.099, -37.533 ], [ -71.141, -37.533 ], [ -71.140, -37.531 ], [ -71.135, -37.530 ], [ -71.133, -37.528 ], [ -71.132, -37.526 ], [ -71.131, -37.522 ], [ -71.130, -37.519 ], [ -71.130, -37.517 ], [ -71.128, -37.513 ], [ -71.128, -37.510 ], [ -71.126, -37.507 ], [ -71.124, -37.505 ], [ -71.122, -37.502 ], [ -71.124, -37.497 ], [ -71.121, -37.493 ], [ -71.118, -37.491 ], [ -71.116, -37.489 ], [ -71.117, -37.488 ], [ -71.119, -37.486 ], [ -71.118, -37.484 ], [ -71.120, -37.480 ], [ -71.119, -37.476 ], [ -71.120, -37.472 ], [ -71.118, -37.468 ], [ -71.118, -37.466 ], [ -71.099, -37.466 ], [ -71.066, -37.466 ], [ -71.066, -37.433 ], [ -71.033, -37.433 ], [ -70.999, -37.433 ], [ -70.999, -37.466 ] ] ], [ [ [ -71.033, -37.499 ], [ -70.999, -37.499 ], [ -70.999, -37.466 ], [ -70.966, -37.466 ], [ -70.933, -37.466 ], [ -70.933, -37.433 ], [ -70.966, -37.433 ], [ -70.999, -37.433 ], [ -70.999, -37.399 ], [ -70.966, -37.399 ], [ -70.933, -37.399 ], [ -70.899, -37.399 ], [ -70.866, -37.399 ], [ -70.866, -37.433 ], [ -70.899, -37.433 ], [ -70.899, -37.466 ], [ -70.899, -37.499 ], [ -70.899, -37.533 ], [ -70.933, -37.533 ], [ -70.933, -37.499 ], [ -70.966, -37.499 ], [ -70.966, -37.533 ], [ -70.999, -37.533 ], [ -71.033, -37.533 ], [ -71.033, -37.499 ] ] ], [ [ [ -71.166, -37.397 ], [ -71.169, -37.398 ], [ -71.181, -37.396 ], [ -71.188, -37.391 ], [ -71.191, -37.385 ], [ -71.195, -37.384 ], [ -71.198, -37.382 ], [ -71.199, -37.379 ], [ -71.198, -37.376 ], [ -71.198, -37.372 ], [ -71.199, -37.369 ], [ -71.201, -37.366 ], [ -71.166, -37.366 ], [ -71.166, -37.397 ] ] ], [ [ [ -70.033, -37.299 ], [ -70.066, -37.299 ], [ -70.066, -37.266 ], [ -70.033, -37.266 ], [ -69.999, -37.266 ], [ -69.966, -37.266 ], [ -69.966, -37.299 ], [ -69.999, -37.299 ], [ -70.033, -37.299 ] ] ], [ [ [ -71.166, -37.266 ], [ -71.166, -37.299 ], [ -71.166, -37.333 ], [ -71.205, -37.333 ], [ -71.205, -37.332 ], [ -71.206, -37.329 ], [ -71.207, -37.327 ], [ -71.207, -37.324 ], [ -71.206, -37.322 ], [ -71.207, -37.319 ], [ -71.210, -37.316 ], [ -71.211, -37.313 ], [ -71.211, -37.309 ], [ -71.213, -37.307 ], [ -71.215, -37.305 ], [ -71.216, -37.302 ], [ -71.216, -37.299 ], [ -71.216, -37.295 ], [ -71.216, -37.292 ], [ -71.215, -37.289 ], [ -71.215, -37.286 ], [ -71.214, -37.283 ], [ -71.214, -37.281 ], [ -71.214, -37.279 ], [ -71.212, -37.275 ], [ -71.210, -37.273 ], [ -71.207, -37.272 ], [ -71.203, -37.273 ], [ -71.199, -37.274 ], [ -71.195, -37.274 ], [ -71.191, -37.274 ], [ -71.189, -37.272 ], [ -71.186, -37.269 ], [ -71.184, -37.265 ], [ -71.184, -37.262 ], [ -71.184, -37.259 ], [ -71.182, -37.258 ], [ -71.178, -37.258 ], [ -71.173, -37.259 ], [ -71.166, -37.266 ] ] ], [ [ [ -70.933, -37.266 ], [ -70.933, -37.299 ], [ -70.899, -37.299 ], [ -70.899, -37.333 ], [ -70.933, -37.333 ], [ -70.966, -37.333 ], [ -70.999, -37.333 ], [ -70.999, -37.299 ], [ -71.033, -37.299 ], [ -71.033, -37.333 ], [ -71.066, -37.333 ], [ -71.066, -37.299 ], [ -71.099, -37.299 ], [ -71.099, -37.333 ], [ -71.133, -37.333 ], [ -71.133, -37.299 ], [ -71.133, -37.266 ], [ -71.133, -37.233 ], [ -71.099, -37.233 ], [ -71.066, -37.233 ], [ -71.066, -37.266 ], [ -71.033, -37.266 ], [ -70.999, -37.266 ], [ -70.966, -37.266 ], [ -70.933, -37.266 ] ] ], [ [ [ -70.933, -37.266 ], [ -70.933, -37.233 ], [ -70.899, -37.233 ], [ -70.899, -37.266 ], [ -70.933, -37.266 ] ] ], [ [ [ -70.566, -37.233 ], [ -70.533, -37.233 ], [ -70.533, -37.266 ], [ -70.566, -37.266 ], [ -70.566, -37.233 ] ] ], [ [ [ -70.933, -37.233 ], [ -70.966, -37.233 ], [ -70.999, -37.233 ], [ -70.999, -37.199 ], [ -70.966, -37.199 ], [ -70.933, -37.199 ], [ -70.933, -37.233 ] ] ], [ [ [ -70.566, -37.233 ], [ -70.599, -37.233 ], [ -70.599, -37.199 ], [ -70.566, -37.199 ], [ -70.566, -37.233 ] ] ], [ [ [ -70.533, -37.233 ], [ -70.533, -37.199 ], [ -70.499, -37.199 ], [ -70.499, -37.233 ], [ -70.533, -37.233 ] ] ], [ [ [ -69.933, -37.233 ], [ -69.966, -37.233 ], [ -69.966, -37.199 ], [ -69.933, -37.199 ], [ -69.933, -37.233 ] ] ], [ [ [ -70.933, -37.199 ], [ -70.933, -37.166 ], [ -70.899, -37.166 ], [ -70.899, -37.199 ], [ -70.933, -37.199 ] ] ], [ [ [ -70.933, -37.166 ], [ -70.966, -37.166 ], [ -70.999, -37.166 ], [ -70.999, -37.133 ], [ -70.966, -37.133 ], [ -70.933, -37.133 ], [ -70.933, -37.166 ] ] ], [ [ [ -70.466, -37.166 ], [ -70.499, -37.166 ], [ -70.499, -37.133 ], [ -70.466, -37.133 ], [ -70.466, -37.166 ] ] ], [ [ [ -70.999, -37.133 ], [ -71.033, -37.133 ], [ -71.033, -37.166 ], [ -70.999, -37.166 ], [ -70.999, -37.199 ], [ -71.033, -37.199 ], [ -71.066, -37.199 ], [ -71.099, -37.199 ], [ -71.116, -37.199 ], [ -71.116, -37.199 ], [ -71.119, -37.196 ], [ -71.123, -37.193 ], [ -71.125, -37.190 ], [ -71.126, -37.187 ], [ -71.126, -37.180 ], [ -71.127, -37.177 ], [ -71.130, -37.171 ], [ -71.133, -37.167 ], [ -71.135, -37.162 ], [ -71.136, -37.158 ], [ -71.136, -37.155 ], [ -71.135, -37.150 ], [ -71.135, -37.141 ], [ -71.129, -37.141 ], [ -71.126, -37.139 ], [ -71.125, -37.138 ], [ -71.123, -37.135 ], [ -71.121, -37.134 ], [ -71.115, -37.133 ], [ -71.110, -37.132 ], [ -71.105, -37.131 ], [ -71.103, -37.129 ], [ -71.099, -37.133 ], [ -71.099, -37.166 ], [ -71.066, -37.166 ], [ -71.066, -37.133 ], [ -71.066, -37.099 ], [ -71.033, -37.099 ], [ -70.999, -37.099 ], [ -70.999, -37.133 ] ] ], [ [ [ -70.566, -37.099 ], [ -70.533, -37.099 ], [ -70.533, -37.133 ], [ -70.566, -37.133 ], [ -70.566, -37.099 ] ] ], [ [ [ -70.299, -37.133 ], [ -70.333, -37.133 ], [ -70.333, -37.099 ], [ -70.299, -37.099 ], [ -70.299, -37.133 ] ] ], [ [ [ -70.199, -37.099 ], [ -70.166, -37.099 ], [ -70.133, -37.099 ], [ -70.099, -37.099 ], [ -70.099, -37.133 ], [ -70.133, -37.133 ], [ -70.133, -37.166 ], [ -70.133, -37.199 ], [ -70.099, -37.199 ], [ -70.099, -37.233 ], [ -70.099, -37.266 ], [ -70.133, -37.266 ], [ -70.133, -37.233 ], [ -70.166, -37.233 ], [ -70.166, -37.199 ], [ -70.199, -37.199 ], [ -70.199, -37.166 ], [ -70.199, -37.133 ], [ -70.199, -37.099 ] ] ], [ [ [ -69.966, -37.099 ], [ -69.933, -37.099 ], [ -69.933, -37.133 ], [ -69.933, -37.166 ], [ -69.966, -37.166 ], [ -69.966, -37.133 ], [ -69.966, -37.099 ] ] ], [ [ [ -70.999, -37.099 ], [ -70.999, -37.066 ], [ -70.966, -37.066 ], [ -70.966, -37.099 ], [ -70.999, -37.099 ] ] ], [ [ [ -70.899, -37.066 ], [ -70.866, -37.066 ], [ -70.866, -37.099 ], [ -70.833, -37.099 ], [ -70.833, -37.133 ], [ -70.833, -37.166 ], [ -70.866, -37.166 ], [ -70.866, -37.133 ], [ -70.899, -37.133 ], [ -70.899, -37.099 ], [ -70.899, -37.066 ] ] ], [ [ [ -70.566, -37.099 ], [ -70.599, -37.099 ], [ -70.599, -37.066 ], [ -70.566, -37.066 ], [ -70.566, -37.099 ] ] ], [ [ [ -70.466, -37.099 ], [ -70.499, -37.099 ], [ -70.499, -37.066 ], [ -70.466, -37.066 ], [ -70.466, -37.099 ] ] ], [ [ [ -69.966, -37.099 ], [ -69.999, -37.099 ], [ -69.999, -37.066 ], [ -69.966, -37.066 ], [ -69.966, -37.099 ] ] ], [ [ [ -70.899, -37.066 ], [ -70.933, -37.066 ], [ -70.966, -37.066 ], [ -70.966, -37.033 ], [ -70.933, -37.033 ], [ -70.899, -37.033 ], [ -70.899, -37.066 ] ] ], [ [ [ -71.133, -36.999 ], [ -71.166, -36.999 ], [ -71.166, -36.977 ], [ -71.165, -36.978 ], [ -71.154, -36.979 ], [ -71.147, -36.980 ], [ -71.138, -36.980 ], [ -71.133, -36.978 ], [ -71.133, -36.999 ] ] ], [ [ [ -70.199, -37.099 ], [ -70.233, -37.099 ], [ -70.233, -37.066 ], [ -70.233, -37.033 ], [ -70.266, -37.033 ], [ -70.266, -36.999 ], [ -70.299, -36.999 ], [ -70.299, -36.966 ], [ -70.333, -36.966 ], [ -70.333, -36.933 ], [ -70.299, -36.933 ], [ -70.266, -36.933 ], [ -70.233, -36.933 ], [ -70.233, -36.966 ], [ -70.233, -36.999 ], [ -70.199, -36.999 ], [ -70.199, -37.033 ], [ -70.199, -37.066 ], [ -70.199, -37.099 ] ] ], [ [ [ -70.033, -36.966 ], [ -70.033, -36.999 ], [ -69.999, -36.999 ], [ -69.999, -37.033 ], [ -69.999, -37.066 ], [ -70.033, -37.066 ], [ -70.033, -37.033 ], [ -70.066, -37.033 ], [ -70.066, -36.999 ], [ -70.099, -36.999 ], [ -70.099, -36.966 ], [ -70.133, -36.966 ], [ -70.133, -36.933 ], [ -70.099, -36.933 ], [ -70.066, -36.933 ], [ -70.066, -36.966 ], [ -70.033, -36.966 ] ] ], [ [ [ -71.133, -36.999 ], [ -71.099, -36.999 ], [ -71.099, -36.966 ], [ -71.105, -36.961 ], [ -71.101, -36.957 ], [ -71.097, -36.953 ], [ -71.094, -36.948 ], [ -71.091, -36.943 ], [ -71.089, -36.939 ], [ -71.087, -36.934 ], [ -71.088, -36.930 ], [ -71.091, -36.927 ], [ -71.096, -36.924 ], [ -71.099, -36.926 ], [ -71.099, -36.899 ], [ -71.066, -36.899 ], [ -71.033, -36.899 ], [ -71.033, -36.933 ], [ -71.066, -36.933 ], [ -71.066, -36.966 ], [ -71.033, -36.966 ], [ -70.999, -36.966 ], [ -70.999, -36.999 ], [ -71.033, -36.999 ], [ -71.066, -36.999 ], [ -71.066, -37.033 ], [ -71.033, -37.033 ], [ -71.033, -37.066 ], [ -71.066, -37.066 ], [ -71.099, -37.066 ], [ -71.133, -37.066 ], [ -71.138, -37.064 ], [ -71.144, -37.060 ], [ -71.140, -37.056 ], [ -71.138, -37.053 ], [ -71.138, -37.051 ], [ -71.139, -37.047 ], [ -71.140, -37.043 ], [ -71.141, -37.041 ], [ -71.133, -37.033 ], [ -71.133, -36.999 ] ] ], [ [ [ -69.666, -36.933 ], [ -69.699, -36.933 ], [ -69.699, -36.899 ], [ -69.666, -36.899 ], [ -69.666, -36.933 ] ] ], [ [ [ -71.099, -36.899 ], [ -71.148, -36.899 ], [ -71.144, -36.898 ], [ -71.140, -36.894 ], [ -71.137, -36.890 ], [ -71.135, -36.887 ], [ -71.133, -36.884 ], [ -71.132, -36.879 ], [ -71.130, -36.876 ], [ -71.129, -36.872 ], [ -71.125, -36.870 ], [ -71.122, -36.868 ], [ -71.122, -36.866 ], [ -71.099, -36.866 ], [ -71.099, -36.899 ] ] ], [ [ [ -70.399, -36.866 ], [ -70.399, -36.899 ], [ -70.399, -36.933 ], [ -70.433, -36.933 ], [ -70.466, -36.933 ], [ -70.466, -36.966 ], [ -70.466, -36.999 ], [ -70.466, -37.033 ], [ -70.499, -37.033 ], [ -70.499, -36.999 ], [ -70.499, -36.966 ], [ -70.533, -36.966 ], [ -70.566, -36.966 ], [ -70.566, -36.999 ], [ -70.599, -36.999 ], [ -70.599, -36.966 ], [ -70.599, -36.933 ], [ -70.566, -36.933 ], [ -70.533, -36.933 ], [ -70.533, -36.899 ], [ -70.499, -36.899 ], [ -70.466, -36.899 ], [ -70.433, -36.899 ], [ -70.433, -36.866 ], [ -70.399, -36.866 ] ] ], [ [ [ -70.333, -36.933 ], [ -70.366, -36.933 ], [ -70.366, -36.899 ], [ -70.366, -36.866 ], [ -70.333, -36.866 ], [ -70.333, -36.899 ], [ -70.333, -36.933 ] ] ], [ [ [ -70.366, -36.866 ], [ -70.399, -36.866 ], [ -70.399, -36.833 ], [ -70.433, -36.833 ], [ -70.433, -36.799 ], [ -70.399, -36.799 ], [ -70.366, -36.799 ], [ -70.366, -36.833 ], [ -70.366, -36.866 ] ] ], [ [ [ -70.566, -36.899 ], [ -70.599, -36.899 ], [ -70.599, -36.866 ], [ -70.599, -36.833 ], [ -70.599, -36.799 ], [ -70.599, -36.766 ], [ -70.566, -36.766 ], [ -70.566, -36.799 ], [ -70.566, -36.833 ], [ -70.566, -36.866 ], [ -70.566, -36.899 ] ] ], [ [ [ -70.033, -36.966 ], [ -70.033, -36.933 ], [ -70.033, -36.899 ], [ -70.033, -36.866 ], [ -70.066, -36.866 ], [ -70.099, -36.866 ], [ -70.099, -36.833 ], [ -70.133, -36.833 ], [ -70.133, -36.799 ], [ -70.133, -36.766 ], [ -70.133, -36.733 ], [ -70.099, -36.733 ], [ -70.099, -36.766 ], [ -70.099, -36.799 ], [ -70.066, -36.799 ], [ -70.066, -36.833 ], [ -70.033, -36.833 ], [ -69.999, -36.833 ], [ -69.999, -36.866 ], [ -69.999, -36.899 ], [ -69.999, -36.933 ], [ -69.999, -36.966 ], [ -70.033, -36.966 ] ] ], [ [ [ -71.101, -36.676 ], [ -71.092, -36.678 ], [ -71.086, -36.677 ], [ -71.084, -36.680 ], [ -71.082, -36.683 ], [ -71.081, -36.687 ], [ -71.079, -36.690 ], [ -71.079, -36.694 ], [ -71.079, -36.697 ], [ -71.078, -36.699 ], [ -71.077, -36.703 ], [ -71.076, -36.706 ], [ -71.074, -36.707 ], [ -71.071, -36.707 ], [ -71.069, -36.710 ], [ -71.067, -36.712 ], [ -71.064, -36.713 ], [ -71.061, -36.713 ], [ -71.058, -36.713 ], [ -71.056, -36.710 ], [ -71.055, -36.707 ], [ -71.053, -36.706 ], [ -71.049, -36.706 ], [ -71.047, -36.706 ], [ -71.046, -36.706 ], [ -71.041, -36.705 ], [ -71.037, -36.704 ], [ -71.033, -36.703 ], [ -71.033, -36.733 ], [ -71.033, -36.766 ], [ -71.066, -36.766 ], [ -71.099, -36.766 ], [ -71.099, -36.799 ], [ -71.131, -36.799 ], [ -71.130, -36.796 ], [ -71.129, -36.792 ], [ -71.128, -36.788 ], [ -71.129, -36.782 ], [ -71.129, -36.775 ], [ -71.129, -36.771 ], [ -71.127, -36.768 ], [ -71.127, -36.765 ], [ -71.128, -36.763 ], [ -71.127, -36.761 ], [ -71.125, -36.759 ], [ -71.122, -36.757 ], [ -71.120, -36.755 ], [ -71.118, -36.751 ], [ -71.118, -36.747 ], [ -71.119, -36.743 ], [ -71.120, -36.741 ], [ -71.119, -36.738 ], [ -71.117, -36.735 ], [ -71.114, -36.732 ], [ -71.112, -36.729 ], [ -71.111, -36.727 ], [ -71.112, -36.724 ], [ -71.113, -36.720 ], [ -71.113, -36.717 ], [ -71.111, -36.714 ], [ -71.114, -36.711 ], [ -71.115, -36.709 ], [ -71.115, -36.706 ], [ -71.117, -36.702 ], [ -71.118, -36.699 ], [ -71.118, -36.697 ], [ -71.117, -36.695 ], [ -71.115, -36.692 ], [ -71.115, -36.689 ], [ -71.115, -36.688 ], [ -71.114, -36.685 ], [ -71.113, -36.682 ], [ -71.114, -36.680 ], [ -71.113, -36.678 ], [ -71.110, -36.677 ], [ -71.105, -36.676 ], [ -71.101, -36.676 ] ] ], [ [ [ -70.699, -36.699 ], [ -70.733, -36.699 ], [ -70.733, -36.666 ], [ -70.699, -36.666 ], [ -70.666, -36.666 ], [ -70.666, -36.699 ], [ -70.699, -36.699 ] ] ], [ [ [ -70.533, -36.699 ], [ -70.533, -36.733 ], [ -70.566, -36.733 ], [ -70.566, -36.699 ], [ -70.599, -36.699 ], [ -70.599, -36.666 ], [ -70.566, -36.666 ], [ -70.533, -36.666 ], [ -70.533, -36.699 ] ] ], [ [ [ -70.866, -36.633 ], [ -70.866, -36.666 ], [ -70.833, -36.666 ], [ -70.833, -36.699 ], [ -70.833, -36.733 ], [ -70.866, -36.733 ], [ -70.866, -36.766 ], [ -70.899, -36.766 ], [ -70.899, -36.733 ], [ -70.933, -36.733 ], [ -70.933, -36.766 ], [ -70.933, -36.799 ], [ -70.933, -36.833 ], [ -70.966, -36.833 ], [ -70.999, -36.833 ], [ -70.999, -36.799 ], [ -70.999, -36.766 ], [ -70.966, -36.766 ], [ -70.966, -36.733 ], [ -70.966, -36.699 ], [ -70.999, -36.699 ], [ -71.009, -36.690 ], [ -71.009, -36.689 ], [ -71.009, -36.687 ], [ -71.008, -36.685 ], [ -71.008, -36.682 ], [ -71.009, -36.680 ], [ -71.010, -36.677 ], [ -70.999, -36.666 ], [ -70.999, -36.633 ], [ -70.966, -36.633 ], [ -70.966, -36.666 ], [ -70.933, -36.666 ], [ -70.933, -36.633 ], [ -70.899, -36.633 ], [ -70.866, -36.633 ] ] ], [ [ [ -70.133, -36.633 ], [ -70.133, -36.666 ], [ -70.133, -36.699 ], [ -70.166, -36.699 ], [ -70.166, -36.666 ], [ -70.166, -36.633 ], [ -70.133, -36.633 ] ] ], [ [ [ -69.433, -36.666 ], [ -69.466, -36.666 ], [ -69.466, -36.633 ], [ -69.433, -36.633 ], [ -69.433, -36.666 ] ] ], [ [ [ -70.133, -36.633 ], [ -70.133, -36.599 ], [ -70.099, -36.599 ], [ -70.099, -36.633 ], [ -70.133, -36.633 ] ] ], [ [ [ -69.966, -36.633 ], [ -69.999, -36.633 ], [ -69.999, -36.599 ], [ -69.966, -36.599 ], [ -69.966, -36.633 ] ] ], [ [ [ -69.866, -36.633 ], [ -69.899, -36.633 ], [ -69.899, -36.599 ], [ -69.866, -36.599 ], [ -69.866, -36.633 ] ] ], [ [ [ -69.499, -36.633 ], [ -69.533, -36.633 ], [ -69.533, -36.599 ], [ -69.499, -36.599 ], [ -69.499, -36.633 ] ] ], [ [ [ -70.866, -36.566 ], [ -70.833, -36.566 ], [ -70.799, -36.566 ], [ -70.799, -36.599 ], [ -70.833, -36.599 ], [ -70.866, -36.599 ], [ -70.866, -36.566 ] ] ], [ [ [ -70.599, -36.533 ], [ -70.599, -36.566 ], [ -70.599, -36.599 ], [ -70.633, -36.599 ], [ -70.633, -36.566 ], [ -70.666, -36.566 ], [ -70.666, -36.533 ], [ -70.633, -36.533 ], [ -70.599, -36.533 ] ] ], [ [ [ -70.299, -36.533 ], [ -70.266, -36.533 ], [ -70.233, -36.533 ], [ -70.233, -36.566 ], [ -70.266, -36.566 ], [ -70.299, -36.566 ], [ -70.299, -36.533 ] ] ], [ [ [ -69.333, -36.533 ], [ -69.299, -36.533 ], [ -69.266, -36.533 ], [ -69.233, -36.533 ], [ -69.233, -36.566 ], [ -69.266, -36.566 ], [ -69.299, -36.566 ], [ -69.333, -36.566 ], [ -69.333, -36.533 ] ] ], [ [ [ -70.499, -36.499 ], [ -70.466, -36.499 ], [ -70.466, -36.533 ], [ -70.499, -36.533 ], [ -70.499, -36.499 ] ] ], [ [ [ -70.233, -36.533 ], [ -70.233, -36.499 ], [ -70.199, -36.499 ], [ -70.199, -36.533 ], [ -70.233, -36.533 ] ] ], [ [ [ -70.033, -36.533 ], [ -70.033, -36.566 ], [ -70.033, -36.599 ], [ -70.066, -36.599 ], [ -70.066, -36.566 ], [ -70.066, -36.533 ], [ -70.099, -36.533 ], [ -70.099, -36.499 ], [ -70.066, -36.499 ], [ -70.033, -36.499 ], [ -70.033, -36.533 ] ] ], [ [ [ -69.233, -36.533 ], [ -69.233, -36.499 ], [ -69.199, -36.499 ], [ -69.166, -36.499 ], [ -69.166, -36.533 ], [ -69.199, -36.533 ], [ -69.233, -36.533 ] ] ], [ [ [ -70.866, -36.566 ], [ -70.899, -36.566 ], [ -70.933, -36.566 ], [ -70.933, -36.599 ], [ -70.966, -36.599 ], [ -70.966, -36.566 ], [ -70.999, -36.566 ], [ -70.999, -36.533 ], [ -71.046, -36.533 ], [ -71.046, -36.532 ], [ -71.049, -36.527 ], [ -71.050, -36.522 ], [ -71.046, -36.518 ], [ -71.043, -36.513 ], [ -71.038, -36.511 ], [ -71.035, -36.510 ], [ -71.036, -36.506 ], [ -71.037, -36.503 ], [ -71.039, -36.499 ], [ -71.038, -36.495 ], [ -71.036, -36.493 ], [ -71.036, -36.491 ], [ -71.036, -36.485 ], [ -71.036, -36.482 ], [ -71.037, -36.479 ], [ -71.037, -36.476 ], [ -71.036, -36.474 ], [ -71.035, -36.473 ], [ -71.030, -36.471 ], [ -71.025, -36.471 ], [ -71.022, -36.472 ], [ -71.019, -36.473 ], [ -71.017, -36.475 ], [ -71.014, -36.477 ], [ -71.012, -36.481 ], [ -71.011, -36.484 ], [ -71.010, -36.486 ], [ -71.007, -36.487 ], [ -71.002, -36.487 ], [ -70.998, -36.486 ], [ -70.994, -36.488 ], [ -70.992, -36.490 ], [ -70.991, -36.492 ], [ -70.987, -36.493 ], [ -70.983, -36.492 ], [ -70.979, -36.492 ], [ -70.976, -36.496 ], [ -70.975, -36.500 ], [ -70.972, -36.503 ], [ -70.967, -36.502 ], [ -70.962, -36.503 ], [ -70.958, -36.504 ], [ -70.954, -36.502 ], [ -70.952, -36.500 ], [ -70.952, -36.497 ], [ -70.949, -36.495 ], [ -70.944, -36.491 ], [ -70.941, -36.490 ], [ -70.935, -36.489 ], [ -70.932, -36.486 ], [ -70.928, -36.484 ], [ -70.927, -36.480 ], [ -70.928, -36.475 ], [ -70.925, -36.473 ], [ -70.920, -36.472 ], [ -70.915, -36.472 ], [ -70.911, -36.473 ], [ -70.904, -36.474 ], [ -70.900, -36.473 ], [ -70.895, -36.471 ], [ -70.891, -36.468 ], [ -70.890, -36.466 ], [ -70.866, -36.466 ], [ -70.833, -36.466 ], [ -70.833, -36.499 ], [ -70.866, -36.499 ], [ -70.866, -36.533 ], [ -70.866, -36.566 ] ] ], [ [ [ -70.499, -36.499 ], [ -70.533, -36.499 ], [ -70.533, -36.466 ], [ -70.499, -36.466 ], [ -70.499, -36.499 ] ] ], [ [ [ -70.299, -36.533 ], [ -70.333, -36.533 ], [ -70.366, -36.533 ], [ -70.366, -36.499 ], [ -70.333, -36.499 ], [ -70.333, -36.466 ], [ -70.299, -36.466 ], [ -70.299, -36.499 ], [ -70.299, -36.533 ] ] ], [ [ [ -69.899, -36.466 ], [ -69.899, -36.499 ], [ -69.899, -36.533 ], [ -69.899, -36.566 ], [ -69.933, -36.566 ], [ -69.933, -36.533 ], [ -69.966, -36.533 ], [ -69.966, -36.499 ], [ -69.933, -36.499 ], [ -69.933, -36.466 ], [ -69.899, -36.466 ] ] ], [ [ [ -69.166, -36.499 ], [ -69.166, -36.466 ], [ -69.133, -36.466 ], [ -69.133, -36.499 ], [ -69.166, -36.499 ] ] ], [ [ [ -70.133, -36.433 ], [ -70.099, -36.433 ], [ -70.099, -36.466 ], [ -70.133, -36.466 ], [ -70.133, -36.433 ] ] ], [ [ [ -69.899, -36.466 ], [ -69.899, -36.433 ], [ -69.866, -36.433 ], [ -69.866, -36.466 ], [ -69.899, -36.466 ] ] ], [ [ [ -69.033, -36.433 ], [ -69.033, -36.466 ], [ -69.066, -36.466 ], [ -69.099, -36.466 ], [ -69.099, -36.433 ], [ -69.066, -36.433 ], [ -69.033, -36.433 ] ] ], [ [ [ -70.133, -36.433 ], [ -70.166, -36.433 ], [ -70.166, -36.399 ], [ -70.133, -36.399 ], [ -70.133, -36.433 ] ] ], [ [ [ -70.299, -36.466 ], [ -70.299, -36.433 ], [ -70.299, -36.399 ], [ -70.333, -36.399 ], [ -70.366, -36.399 ], [ -70.366, -36.366 ], [ -70.333, -36.366 ], [ -70.299, -36.366 ], [ -70.266, -36.366 ], [ -70.233, -36.366 ], [ -70.233, -36.399 ], [ -70.233, -36.433 ], [ -70.266, -36.433 ], [ -70.266, -36.466 ], [ -70.299, -36.466 ] ] ], [ [ [ -69.866, -36.433 ], [ -69.866, -36.399 ], [ -69.833, -36.399 ], [ -69.799, -36.399 ], [ -69.799, -36.366 ], [ -69.766, -36.366 ], [ -69.766, -36.399 ], [ -69.766, -36.433 ], [ -69.799, -36.433 ], [ -69.833, -36.433 ], [ -69.866, -36.433 ] ] ], [ [ [ -70.166, -36.333 ], [ -70.133, -36.333 ], [ -70.133, -36.366 ], [ -70.166, -36.366 ], [ -70.166, -36.333 ] ] ], [ [ [ -69.799, -36.366 ], [ -69.833, -36.366 ], [ -69.866, -36.366 ], [ -69.899, -36.366 ], [ -69.933, -36.366 ], [ -69.933, -36.333 ], [ -69.899, -36.333 ], [ -69.866, -36.333 ], [ -69.833, -36.333 ], [ -69.799, -36.333 ], [ -69.799, -36.366 ] ] ], [ [ [ -69.766, -36.366 ], [ -69.766, -36.333 ], [ -69.733, -36.333 ], [ -69.733, -36.366 ], [ -69.766, -36.366 ] ] ], [ [ [ -69.166, -36.366 ], [ -69.199, -36.366 ], [ -69.199, -36.333 ], [ -69.166, -36.333 ], [ -69.166, -36.366 ] ] ], [ [ [ -69.033, -36.433 ], [ -69.033, -36.399 ], [ -69.033, -36.366 ], [ -69.066, -36.366 ], [ -69.066, -36.333 ], [ -69.033, -36.333 ], [ -68.999, -36.333 ], [ -68.966, -36.333 ], [ -68.966, -36.366 ], [ -68.966, -36.399 ], [ -68.999, -36.399 ], [ -68.999, -36.433 ], [ -69.033, -36.433 ] ] ], [ [ [ -70.533, -36.466 ], [ -70.566, -36.466 ], [ -70.566, -36.499 ], [ -70.566, -36.533 ], [ -70.599, -36.533 ], [ -70.599, -36.499 ], [ -70.599, -36.466 ], [ -70.633, -36.466 ], [ -70.666, -36.466 ], [ -70.666, -36.499 ], [ -70.699, -36.499 ], [ -70.733, -36.499 ], [ -70.733, -36.533 ], [ -70.733, -36.566 ], [ -70.733, -36.599 ], [ -70.766, -36.599 ], [ -70.766, -36.566 ], [ -70.766, -36.533 ], [ -70.766, -36.499 ], [ -70.766, -36.466 ], [ -70.799, -36.466 ], [ -70.833, -36.466 ], [ -70.833, -36.433 ], [ -70.866, -36.433 ], [ -70.889, -36.433 ], [ -70.890, -36.431 ], [ -70.890, -36.428 ], [ -70.891, -36.425 ], [ -70.891, -36.423 ], [ -70.889, -36.420 ], [ -70.888, -36.417 ], [ -70.888, -36.414 ], [ -70.889, -36.412 ], [ -70.890, -36.408 ], [ -70.890, -36.403 ], [ -70.888, -36.399 ], [ -70.885, -36.397 ], [ -70.883, -36.396 ], [ -70.878, -36.396 ], [ -70.872, -36.397 ], [ -70.866, -36.397 ], [ -70.869, -36.402 ], [ -70.871, -36.405 ], [ -70.870, -36.408 ], [ -70.869, -36.410 ], [ -70.865, -36.411 ], [ -70.861, -36.411 ], [ -70.857, -36.413 ], [ -70.854, -36.415 ], [ -70.850, -36.416 ], [ -70.845, -36.415 ], [ -70.840, -36.414 ], [ -70.836, -36.414 ], [ -70.834, -36.411 ], [ -70.833, -36.408 ], [ -70.831, -36.405 ], [ -70.827, -36.403 ], [ -70.824, -36.402 ], [ -70.822, -36.399 ], [ -70.818, -36.396 ], [ -70.815, -36.396 ], [ -70.813, -36.398 ], [ -70.810, -36.401 ], [ -70.807, -36.404 ], [ -70.805, -36.407 ], [ -70.801, -36.410 ], [ -70.798, -36.414 ], [ -70.795, -36.418 ], [ -70.793, -36.420 ], [ -70.792, -36.423 ], [ -70.791, -36.426 ], [ -70.789, -36.427 ], [ -70.787, -36.428 ], [ -70.782, -36.428 ], [ -70.777, -36.428 ], [ -70.773, -36.428 ], [ -70.772, -36.427 ], [ -70.766, -36.433 ], [ -70.733, -36.433 ], [ -70.727, -36.427 ], [ -70.723, -36.427 ], [ -70.719, -36.427 ], [ -70.715, -36.427 ], [ -70.712, -36.426 ], [ -70.711, -36.424 ], [ -70.710, -36.422 ], [ -70.699, -36.433 ], [ -70.666, -36.433 ], [ -70.666, -36.399 ], [ -70.679, -36.386 ], [ -70.680, -36.385 ], [ -70.680, -36.382 ], [ -70.680, -36.380 ], [ -70.666, -36.366 ], [ -70.666, -36.333 ], [ -70.666, -36.299 ], [ -70.633, -36.299 ], [ -70.599, -36.299 ], [ -70.599, -36.333 ], [ -70.599, -36.366 ], [ -70.599, -36.399 ], [ -70.599, -36.433 ], [ -70.566, -36.433 ], [ -70.533, -36.433 ], [ -70.533, -36.466 ] ] ], [ [ [ -69.933, -36.333 ], [ -69.966, -36.333 ], [ -69.966, -36.299 ], [ -69.933, -36.299 ], [ -69.933, -36.333 ] ] ], [ [ [ -69.766, -36.333 ], [ -69.799, -36.333 ], [ -69.799, -36.299 ], [ -69.766, -36.299 ], [ -69.766, -36.333 ] ] ], [ [ [ -69.333, -36.533 ], [ -69.366, -36.533 ], [ -69.399, -36.533 ], [ -69.399, -36.566 ], [ -69.399, -36.599 ], [ -69.433, -36.599 ], [ -69.433, -36.566 ], [ -69.433, -36.533 ], [ -69.433, -36.499 ], [ -69.433, -36.466 ], [ -69.466, -36.466 ], [ -69.466, -36.433 ], [ -69.499, -36.433 ], [ -69.499, -36.399 ], [ -69.499, -36.366 ], [ -69.499, -36.333 ], [ -69.466, -36.333 ], [ -69.466, -36.299 ], [ -69.433, -36.299 ], [ -69.399, -36.299 ], [ -69.399, -36.333 ], [ -69.366, -36.333 ], [ -69.333, -36.333 ], [ -69.299, -36.333 ], [ -69.266, -36.333 ], [ -69.233, -36.333 ], [ -69.233, -36.366 ], [ -69.266, -36.366 ], [ -69.299, -36.366 ], [ -69.333, -36.366 ], [ -69.366, -36.366 ], [ -69.366, -36.399 ], [ -69.366, -36.433 ], [ -69.366, -36.466 ], [ -69.333, -36.466 ], [ -69.333, -36.499 ], [ -69.333, -36.533 ] ] ], [ [ [ -69.066, -36.333 ], [ -69.099, -36.333 ], [ -69.099, -36.299 ], [ -69.066, -36.299 ], [ -69.066, -36.333 ] ] ], [ [ [ -70.166, -36.333 ], [ -70.199, -36.333 ], [ -70.199, -36.299 ], [ -70.233, -36.299 ], [ -70.233, -36.266 ], [ -70.199, -36.266 ], [ -70.166, -36.266 ], [ -70.166, -36.299 ], [ -70.166, -36.333 ] ] ], [ [ [ -70.366, -36.233 ], [ -70.333, -36.233 ], [ -70.299, -36.233 ], [ -70.299, -36.266 ], [ -70.333, -36.266 ], [ -70.366, -36.266 ], [ -70.366, -36.233 ] ] ], [ [ [ -70.233, -36.266 ], [ -70.266, -36.266 ], [ -70.266, -36.233 ], [ -70.233, -36.233 ], [ -70.233, -36.266 ] ] ], [ [ [ -69.966, -36.299 ], [ -69.999, -36.299 ], [ -69.999, -36.266 ], [ -69.999, -36.233 ], [ -69.966, -36.233 ], [ -69.966, -36.266 ], [ -69.966, -36.299 ] ] ], [ [ [ -70.366, -36.233 ], [ -70.399, -36.233 ], [ -70.399, -36.266 ], [ -70.433, -36.266 ], [ -70.433, -36.233 ], [ -70.433, -36.199 ], [ -70.399, -36.199 ], [ -70.399, -36.166 ], [ -70.366, -36.166 ], [ -70.366, -36.199 ], [ -70.366, -36.233 ] ] ], [ [ [ -70.266, -36.233 ], [ -70.299, -36.233 ], [ -70.299, -36.199 ], [ -70.299, -36.166 ], [ -70.266, -36.166 ], [ -70.266, -36.199 ], [ -70.266, -36.233 ] ] ], [ [ [ -69.899, -36.166 ], [ -69.899, -36.199 ], [ -69.899, -36.233 ], [ -69.933, -36.233 ], [ -69.933, -36.199 ], [ -69.933, -36.166 ], [ -69.899, -36.166 ] ] ], [ [ [ -69.899, -36.166 ], [ -69.899, -36.133 ], [ -69.866, -36.133 ], [ -69.866, -36.166 ], [ -69.899, -36.166 ] ] ], [ [ [ -69.999, -36.133 ], [ -69.999, -36.099 ], [ -69.966, -36.099 ], [ -69.966, -36.133 ], [ -69.999, -36.133 ] ] ], [ [ [ -69.866, -36.066 ], [ -69.866, -36.099 ], [ -69.899, -36.099 ], [ -69.899, -36.066 ], [ -69.866, -36.066 ] ] ], [ [ [ -69.866, -36.066 ], [ -69.866, -36.033 ], [ -69.833, -36.033 ], [ -69.833, -35.999 ], [ -69.866, -35.999 ], [ -69.866, -35.966 ], [ -69.833, -35.966 ], [ -69.799, -35.966 ], [ -69.799, -35.999 ], [ -69.799, -36.033 ], [ -69.799, -36.066 ], [ -69.833, -36.066 ], [ -69.866, -36.066 ] ] ], [ [ [ -68.633, -36.033 ], [ -68.666, -36.033 ], [ -68.666, -35.999 ], [ -68.666, -35.966 ], [ -68.633, -35.966 ], [ -68.599, -35.966 ], [ -68.599, -35.999 ], [ -68.633, -35.999 ], [ -68.633, -36.033 ] ] ], [ [ [ -69.999, -36.133 ], [ -69.999, -36.166 ], [ -69.999, -36.199 ], [ -70.033, -36.199 ], [ -70.066, -36.199 ], [ -70.066, -36.166 ], [ -70.066, -36.133 ], [ -70.099, -36.133 ], [ -70.133, -36.133 ], [ -70.133, -36.099 ], [ -70.099, -36.099 ], [ -70.099, -36.066 ], [ -70.133, -36.066 ], [ -70.133, -36.033 ], [ -70.166, -36.033 ], [ -70.166, -35.999 ], [ -70.166, -35.966 ], [ -70.133, -35.966 ], [ -70.133, -35.933 ], [ -70.099, -35.933 ], [ -70.099, -35.966 ], [ -70.066, -35.966 ], [ -70.033, -35.966 ], [ -70.033, -35.999 ], [ -70.066, -35.999 ], [ -70.099, -35.999 ], [ -70.099, -36.033 ], [ -70.066, -36.033 ], [ -70.066, -36.066 ], [ -70.066, -36.099 ], [ -70.033, -36.099 ], [ -70.033, -36.133 ], [ -69.999, -36.133 ] ] ], [ [ [ -69.433, -35.999 ], [ -69.399, -35.999 ], [ -69.399, -36.033 ], [ -69.366, -36.033 ], [ -69.333, -36.033 ], [ -69.333, -36.066 ], [ -69.366, -36.066 ], [ -69.366, -36.099 ], [ -69.399, -36.099 ], [ -69.433, -36.099 ], [ -69.433, -36.133 ], [ -69.433, -36.166 ], [ -69.466, -36.166 ], [ -69.499, -36.166 ], [ -69.533, -36.166 ], [ -69.533, -36.133 ], [ -69.533, -36.099 ], [ -69.533, -36.066 ], [ -69.566, -36.066 ], [ -69.566, -36.033 ], [ -69.599, -36.033 ], [ -69.599, -35.999 ], [ -69.599, -35.966 ], [ -69.599, -35.933 ], [ -69.566, -35.933 ], [ -69.566, -35.966 ], [ -69.533, -35.966 ], [ -69.533, -35.999 ], [ -69.499, -35.999 ], [ -69.499, -36.033 ], [ -69.499, -36.066 ], [ -69.499, -36.099 ], [ -69.499, -36.133 ], [ -69.466, -36.133 ], [ -69.466, -36.099 ], [ -69.466, -36.066 ], [ -69.433, -36.066 ], [ -69.433, -36.033 ], [ -69.433, -35.999 ] ] ], [ [ [ -69.433, -35.999 ], [ -69.466, -35.999 ], [ -69.466, -35.966 ], [ -69.466, -35.933 ], [ -69.433, -35.933 ], [ -69.433, -35.966 ], [ -69.433, -35.999 ] ] ], [ [ [ -70.099, -35.933 ], [ -70.099, -35.899 ], [ -70.066, -35.899 ], [ -70.066, -35.933 ], [ -70.099, -35.933 ] ] ], [ [ [ -69.933, -36.033 ], [ -69.966, -36.033 ], [ -69.966, -35.999 ], [ -69.966, -35.966 ], [ -69.966, -35.933 ], [ -69.966, -35.899 ], [ -69.933, -35.899 ], [ -69.933, -35.933 ], [ -69.933, -35.966 ], [ -69.933, -35.999 ], [ -69.933, -36.033 ] ] ], [ [ [ -69.833, -35.933 ], [ -69.866, -35.933 ], [ -69.866, -35.899 ], [ -69.833, -35.899 ], [ -69.833, -35.933 ] ] ], [ [ [ -69.599, -35.933 ], [ -69.633, -35.933 ], [ -69.633, -35.899 ], [ -69.599, -35.899 ], [ -69.599, -35.933 ] ] ], [ [ [ -70.166, -35.899 ], [ -70.166, -35.933 ], [ -70.199, -35.933 ], [ -70.199, -35.966 ], [ -70.233, -35.966 ], [ -70.233, -35.933 ], [ -70.233, -35.899 ], [ -70.266, -35.899 ], [ -70.266, -35.866 ], [ -70.233, -35.866 ], [ -70.199, -35.866 ], [ -70.166, -35.866 ], [ -70.166, -35.899 ] ] ], [ [ [ -70.066, -35.899 ], [ -70.066, -35.866 ], [ -70.033, -35.866 ], [ -69.999, -35.866 ], [ -69.999, -35.899 ], [ -70.033, -35.899 ], [ -70.066, -35.899 ] ] ], [ [ [ -69.466, -35.933 ], [ -69.499, -35.933 ], [ -69.499, -35.899 ], [ -69.533, -35.899 ], [ -69.566, -35.899 ], [ -69.599, -35.899 ], [ -69.599, -35.866 ], [ -69.566, -35.866 ], [ -69.533, -35.866 ], [ -69.499, -35.866 ], [ -69.466, -35.866 ], [ -69.466, -35.899 ], [ -69.466, -35.933 ] ] ], [ [ [ -70.099, -35.899 ], [ -70.133, -35.899 ], [ -70.133, -35.866 ], [ -70.133, -35.833 ], [ -70.099, -35.833 ], [ -70.099, -35.866 ], [ -70.099, -35.899 ] ] ], [ [ [ -69.933, -35.799 ], [ -69.899, -35.799 ], [ -69.899, -35.833 ], [ -69.933, -35.833 ], [ -69.933, -35.799 ] ] ], [ [ [ -68.499, -35.833 ], [ -68.533, -35.833 ], [ -68.533, -35.799 ], [ -68.499, -35.799 ], [ -68.499, -35.833 ] ] ], [ [ [ -69.933, -35.799 ], [ -69.966, -35.799 ], [ -69.966, -35.766 ], [ -69.933, -35.766 ], [ -69.933, -35.799 ] ] ], [ [ [ -69.699, -35.799 ], [ -69.733, -35.799 ], [ -69.733, -35.766 ], [ -69.699, -35.766 ], [ -69.699, -35.799 ] ] ], [ [ [ -70.199, -35.733 ], [ -70.166, -35.733 ], [ -70.166, -35.766 ], [ -70.166, -35.799 ], [ -70.166, -35.833 ], [ -70.199, -35.833 ], [ -70.199, -35.799 ], [ -70.199, -35.766 ], [ -70.199, -35.733 ] ] ], [ [ [ -69.999, -35.799 ], [ -70.033, -35.799 ], [ -70.033, -35.766 ], [ -70.033, -35.733 ], [ -69.999, -35.733 ], [ -69.999, -35.766 ], [ -69.999, -35.799 ] ] ], [ [ [ -70.199, -35.733 ], [ -70.233, -35.733 ], [ -70.233, -35.699 ], [ -70.199, -35.699 ], [ -70.199, -35.733 ] ] ], [ [ [ -69.866, -35.733 ], [ -69.899, -35.733 ], [ -69.899, -35.699 ], [ -69.866, -35.699 ], [ -69.866, -35.733 ] ] ], [ [ [ -68.433, -35.699 ], [ -68.433, -35.733 ], [ -68.466, -35.733 ], [ -68.466, -35.699 ], [ -68.433, -35.699 ] ] ], [ [ [ -70.233, -35.699 ], [ -70.266, -35.699 ], [ -70.266, -35.666 ], [ -70.233, -35.666 ], [ -70.233, -35.699 ] ] ], [ [ [ -69.866, -35.733 ], [ -69.833, -35.733 ], [ -69.833, -35.699 ], [ -69.833, -35.666 ], [ -69.799, -35.666 ], [ -69.766, -35.666 ], [ -69.733, -35.666 ], [ -69.733, -35.699 ], [ -69.733, -35.733 ], [ -69.766, -35.733 ], [ -69.766, -35.699 ], [ -69.799, -35.699 ], [ -69.799, -35.733 ], [ -69.799, -35.766 ], [ -69.833, -35.766 ], [ -69.833, -35.799 ], [ -69.833, -35.833 ], [ -69.866, -35.833 ], [ -69.866, -35.799 ], [ -69.866, -35.766 ], [ -69.866, -35.733 ] ] ], [ [ [ -69.666, -35.666 ], [ -69.666, -35.699 ], [ -69.633, -35.699 ], [ -69.599, -35.699 ], [ -69.599, -35.733 ], [ -69.633, -35.733 ], [ -69.666, -35.733 ], [ -69.699, -35.733 ], [ -69.699, -35.699 ], [ -69.699, -35.666 ], [ -69.666, -35.666 ] ] ], [ [ [ -68.733, -35.699 ], [ -68.766, -35.699 ], [ -68.766, -35.666 ], [ -68.733, -35.666 ], [ -68.733, -35.699 ] ] ], [ [ [ -70.099, -35.633 ], [ -70.099, -35.666 ], [ -70.066, -35.666 ], [ -70.033, -35.666 ], [ -70.033, -35.699 ], [ -70.066, -35.699 ], [ -70.099, -35.699 ], [ -70.133, -35.699 ], [ -70.166, -35.699 ], [ -70.166, -35.666 ], [ -70.166, -35.633 ], [ -70.133, -35.633 ], [ -70.099, -35.633 ] ] ], [ [ [ -68.433, -35.699 ], [ -68.433, -35.666 ], [ -68.433, -35.633 ], [ -68.399, -35.633 ], [ -68.399, -35.666 ], [ -68.399, -35.699 ], [ -68.433, -35.699 ] ] ], [ [ [ -70.233, -35.666 ], [ -70.233, -35.633 ], [ -70.233, -35.599 ], [ -70.199, -35.599 ], [ -70.199, -35.633 ], [ -70.199, -35.666 ], [ -70.233, -35.666 ] ] ], [ [ [ -70.199, -35.599 ], [ -70.199, -35.566 ], [ -70.166, -35.566 ], [ -70.133, -35.566 ], [ -70.133, -35.599 ], [ -70.166, -35.599 ], [ -70.199, -35.599 ] ] ], [ [ [ -70.233, -35.599 ], [ -70.266, -35.599 ], [ -70.299, -35.599 ], [ -70.299, -35.566 ], [ -70.299, -35.533 ], [ -70.266, -35.533 ], [ -70.233, -35.533 ], [ -70.233, -35.566 ], [ -70.233, -35.599 ] ] ], [ [ [ -69.833, -35.666 ], [ -69.866, -35.666 ], [ -69.866, -35.633 ], [ -69.866, -35.599 ], [ -69.899, -35.599 ], [ -69.933, -35.599 ], [ -69.933, -35.566 ], [ -69.966, -35.566 ], [ -69.966, -35.533 ], [ -69.933, -35.533 ], [ -69.899, -35.533 ], [ -69.899, -35.566 ], [ -69.866, -35.566 ], [ -69.833, -35.566 ], [ -69.799, -35.566 ], [ -69.799, -35.599 ], [ -69.799, -35.633 ], [ -69.833, -35.633 ], [ -69.833, -35.666 ] ] ], [ [ [ -68.399, -35.633 ], [ -68.399, -35.599 ], [ -68.399, -35.566 ], [ -68.399, -35.533 ], [ -68.366, -35.533 ], [ -68.366, -35.566 ], [ -68.366, -35.599 ], [ -68.366, -35.633 ], [ -68.399, -35.633 ] ] ], [ [ [ -68.566, -35.599 ], [ -68.566, -35.633 ], [ -68.533, -35.633 ], [ -68.533, -35.666 ], [ -68.566, -35.666 ], [ -68.566, -35.699 ], [ -68.533, -35.699 ], [ -68.533, -35.733 ], [ -68.499, -35.733 ], [ -68.499, -35.766 ], [ -68.533, -35.766 ], [ -68.566, -35.766 ], [ -68.599, -35.766 ], [ -68.599, -35.733 ], [ -68.633, -35.733 ], [ -68.633, -35.699 ], [ -68.666, -35.699 ], [ -68.666, -35.666 ], [ -68.666, -35.633 ], [ -68.633, -35.633 ], [ -68.633, -35.599 ], [ -68.633, -35.566 ], [ -68.599, -35.566 ], [ -68.599, -35.533 ], [ -68.599, -35.499 ], [ -68.566, -35.499 ], [ -68.533, -35.499 ], [ -68.499, -35.499 ], [ -68.466, -35.499 ], [ -68.433, -35.499 ], [ -68.433, -35.533 ], [ -68.466, -35.533 ], [ -68.499, -35.533 ], [ -68.533, -35.533 ], [ -68.566, -35.533 ], [ -68.566, -35.566 ], [ -68.566, -35.599 ] ] ], [ [ [ -70.233, -35.533 ], [ -70.233, -35.499 ], [ -70.266, -35.499 ], [ -70.299, -35.499 ], [ -70.299, -35.466 ], [ -70.266, -35.466 ], [ -70.266, -35.433 ], [ -70.299, -35.433 ], [ -70.299, -35.399 ], [ -70.299, -35.366 ], [ -70.266, -35.366 ], [ -70.233, -35.366 ], [ -70.233, -35.399 ], [ -70.233, -35.433 ], [ -70.233, -35.466 ], [ -70.199, -35.466 ], [ -70.199, -35.499 ], [ -70.199, -35.533 ], [ -70.233, -35.533 ] ] ], [ [ [ -69.866, -35.499 ], [ -69.899, -35.499 ], [ -69.899, -35.466 ], [ -69.899, -35.433 ], [ -69.899, -35.399 ], [ -69.866, -35.399 ], [ -69.833, -35.399 ], [ -69.833, -35.366 ], [ -69.833, -35.333 ], [ -69.799, -35.333 ], [ -69.799, -35.366 ], [ -69.799, -35.399 ], [ -69.799, -35.433 ], [ -69.833, -35.433 ], [ -69.833, -35.466 ], [ -69.833, -35.499 ], [ -69.866, -35.499 ] ] ], [ [ [ -70.333, -35.299 ], [ -70.299, -35.299 ], [ -70.266, -35.299 ], [ -70.266, -35.333 ], [ -70.299, -35.333 ], [ -70.333, -35.333 ], [ -70.333, -35.299 ] ] ], [ [ [ -70.333, -35.299 ], [ -70.366, -35.299 ], [ -70.366, -35.266 ], [ -70.366, -35.233 ], [ -70.333, -35.233 ], [ -70.333, -35.266 ], [ -70.333, -35.299 ] ] ], [ [ [ -70.266, -35.233 ], [ -70.266, -35.266 ], [ -70.299, -35.266 ], [ -70.299, -35.233 ], [ -70.266, -35.233 ] ] ], [ [ [ -69.799, -35.233 ], [ -69.766, -35.233 ], [ -69.766, -35.266 ], [ -69.766, -35.299 ], [ -69.799, -35.299 ], [ -69.799, -35.266 ], [ -69.799, -35.233 ] ] ], [ [ [ -69.799, -35.233 ], [ -69.833, -35.233 ], [ -69.833, -35.199 ], [ -69.799, -35.199 ], [ -69.799, -35.233 ] ] ], [ [ [ -69.999, -35.199 ], [ -69.999, -35.233 ], [ -70.033, -35.233 ], [ -70.033, -35.199 ], [ -70.066, -35.199 ], [ -70.066, -35.166 ], [ -70.033, -35.166 ], [ -69.999, -35.166 ], [ -69.999, -35.199 ] ] ], [ [ [ -70.266, -35.233 ], [ -70.266, -35.199 ], [ -70.266, -35.166 ], [ -70.233, -35.166 ], [ -70.233, -35.133 ], [ -70.199, -35.133 ], [ -70.199, -35.166 ], [ -70.199, -35.199 ], [ -70.233, -35.199 ], [ -70.233, -35.233 ], [ -70.266, -35.233 ] ] ], [ [ [ -69.833, -35.199 ], [ -69.866, -35.199 ], [ -69.866, -35.166 ], [ -69.899, -35.166 ], [ -69.899, -35.199 ], [ -69.933, -35.199 ], [ -69.966, -35.199 ], [ -69.966, -35.166 ], [ -69.933, -35.166 ], [ -69.933, -35.133 ], [ -69.899, -35.133 ], [ -69.866, -35.133 ], [ -69.833, -35.133 ], [ -69.833, -35.166 ], [ -69.833, -35.199 ] ] ], [ [ [ -69.766, -35.166 ], [ -69.799, -35.166 ], [ -69.799, -35.133 ], [ -69.799, -35.099 ], [ -69.799, -35.066 ], [ -69.799, -35.033 ], [ -69.766, -35.033 ], [ -69.766, -35.066 ], [ -69.766, -35.099 ], [ -69.766, -35.133 ], [ -69.766, -35.166 ] ] ], [ [ [ -69.833, -34.899 ], [ -69.799, -34.899 ], [ -69.766, -34.899 ], [ -69.733, -34.899 ], [ -69.699, -34.899 ], [ -69.699, -34.933 ], [ -69.733, -34.933 ], [ -69.766, -34.933 ], [ -69.799, -34.933 ], [ -69.799, -34.966 ], [ -69.766, -34.966 ], [ -69.733, -34.966 ], [ -69.733, -34.999 ], [ -69.766, -34.999 ], [ -69.799, -34.999 ], [ -69.833, -34.999 ], [ -69.833, -34.966 ], [ -69.833, -34.933 ], [ -69.833, -34.899 ] ] ], [ [ [ -69.833, -34.899 ], [ -69.866, -34.899 ], [ -69.899, -34.899 ], [ -69.899, -34.866 ], [ -69.933, -34.866 ], [ -69.966, -34.866 ], [ -69.966, -34.833 ], [ -69.933, -34.833 ], [ -69.899, -34.833 ], [ -69.866, -34.833 ], [ -69.866, -34.866 ], [ -69.833, -34.866 ], [ -69.833, -34.899 ] ] ], [ [ [ -69.633, -34.899 ], [ -69.666, -34.899 ], [ -69.699, -34.899 ], [ -69.699, -34.866 ], [ -69.699, -34.833 ], [ -69.666, -34.833 ], [ -69.666, -34.866 ], [ -69.633, -34.866 ], [ -69.633, -34.899 ] ] ], [ [ [ -69.966, -34.833 ], [ -69.999, -34.833 ], [ -69.999, -34.799 ], [ -69.966, -34.799 ], [ -69.966, -34.833 ] ] ], [ [ [ -70.066, -34.766 ], [ -70.033, -34.766 ], [ -70.033, -34.799 ], [ -70.066, -34.799 ], [ -70.066, -34.766 ] ] ], [ [ [ -70.066, -34.766 ], [ -70.099, -34.766 ], [ -70.099, -34.733 ], [ -70.066, -34.733 ], [ -70.066, -34.766 ] ] ], [ [ [ -69.499, -34.733 ], [ -69.533, -34.733 ], [ -69.533, -34.766 ], [ -69.499, -34.766 ], [ -69.499, -34.733 ], [ -69.466, -34.733 ], [ -69.433, -34.733 ], [ -69.399, -34.733 ], [ -69.399, -34.766 ], [ -69.399, -34.799 ], [ -69.433, -34.799 ], [ -69.433, -34.833 ], [ -69.466, -34.833 ], [ -69.499, -34.833 ], [ -69.499, -34.866 ], [ -69.533, -34.866 ], [ -69.566, -34.866 ], [ -69.566, -34.899 ], [ -69.566, -34.933 ], [ -69.599, -34.933 ], [ -69.599, -34.966 ], [ -69.633, -34.966 ], [ -69.633, -34.933 ], [ -69.633, -34.899 ], [ -69.599, -34.899 ], [ -69.599, -34.866 ], [ -69.599, -34.833 ], [ -69.566, -34.833 ], [ -69.566, -34.799 ], [ -69.566, -34.766 ], [ -69.599, -34.766 ], [ -69.599, -34.733 ], [ -69.566, -34.733 ], [ -69.566, -34.699 ], [ -69.599, -34.699 ], [ -69.599, -34.666 ], [ -69.566, -34.666 ], [ -69.566, -34.633 ], [ -69.566, -34.599 ], [ -69.533, -34.599 ], [ -69.499, -34.599 ], [ -69.499, -34.633 ], [ -69.533, -34.633 ], [ -69.533, -34.666 ], [ -69.533, -34.699 ], [ -69.499, -34.699 ], [ -69.499, -34.733 ] ] ], [ [ [ -69.566, -34.599 ], [ -69.599, -34.599 ], [ -69.599, -34.566 ], [ -69.566, -34.566 ], [ -69.566, -34.599 ] ] ], [ [ [ -69.599, -34.566 ], [ -69.633, -34.566 ], [ -69.666, -34.566 ], [ -69.666, -34.533 ], [ -69.666, -34.499 ], [ -69.633, -34.499 ], [ -69.633, -34.533 ], [ -69.599, -34.533 ], [ -69.599, -34.566 ] ] ], [ [ [ -69.699, -34.499 ], [ -69.733, -34.499 ], [ -69.733, -34.466 ], [ -69.699, -34.466 ], [ -69.699, -34.499 ] ] ], [ [ [ -69.333, -34.233 ], [ -69.333, -34.266 ], [ -69.333, -34.299 ], [ -69.333, -34.333 ], [ -69.333, -34.366 ], [ -69.333, -34.399 ], [ -69.333, -34.433 ], [ -69.333, -34.466 ], [ -69.333, -34.499 ], [ -69.333, -34.533 ], [ -69.333, -34.566 ], [ -69.333, -34.599 ], [ -69.366, -34.599 ], [ -69.399, -34.599 ], [ -69.399, -34.633 ], [ -69.433, -34.633 ], [ -69.433, -34.666 ], [ -69.466, -34.666 ], [ -69.466, -34.633 ], [ -69.466, -34.599 ], [ -69.433, -34.599 ], [ -69.433, -34.566 ], [ -69.433, -34.533 ], [ -69.399, -34.533 ], [ -69.399, -34.499 ], [ -69.399, -34.466 ], [ -69.399, -34.433 ], [ -69.399, -34.399 ], [ -69.399, -34.366 ], [ -69.399, -34.333 ], [ -69.399, -34.299 ], [ -69.366, -34.299 ], [ -69.366, -34.266 ], [ -69.366, -34.233 ], [ -69.333, -34.233 ] ] ], [ [ [ -69.333, -34.233 ], [ -69.333, -34.199 ], [ -69.299, -34.199 ], [ -69.299, -34.233 ], [ -69.333, -34.233 ] ] ], [ [ [ -69.266, -34.166 ], [ -69.299, -34.166 ], [ -69.299, -34.133 ], [ -69.266, -34.133 ], [ -69.266, -34.166 ] ] ], [ [ [ -69.299, -33.999 ], [ -69.266, -33.999 ], [ -69.266, -34.033 ], [ -69.266, -34.066 ], [ -69.266, -34.099 ], [ -69.299, -34.099 ], [ -69.333, -34.099 ], [ -69.333, -34.066 ], [ -69.299, -34.066 ], [ -69.299, -34.033 ], [ -69.299, -33.999 ] ] ], [ [ [ -69.299, -33.999 ], [ -69.333, -33.999 ], [ -69.333, -33.966 ], [ -69.299, -33.966 ], [ -69.299, -33.999 ] ] ], [ [ [ -69.433, -33.866 ], [ -69.466, -33.866 ], [ -69.466, -33.833 ], [ -69.433, -33.833 ], [ -69.433, -33.866 ] ] ], [ [ [ -69.366, -33.833 ], [ -69.366, -33.866 ], [ -69.333, -33.866 ], [ -69.299, -33.866 ], [ -69.266, -33.866 ], [ -69.266, -33.899 ], [ -69.299, -33.899 ], [ -69.333, -33.899 ], [ -69.366, -33.899 ], [ -69.399, -33.899 ], [ -69.399, -33.866 ], [ -69.399, -33.833 ], [ -69.366, -33.833 ] ] ], [ [ [ -69.333, -33.766 ], [ -69.366, -33.766 ], [ -69.366, -33.733 ], [ -69.333, -33.733 ], [ -69.333, -33.766 ] ] ], [ [ [ -69.366, -33.666 ], [ -69.399, -33.666 ], [ -69.399, -33.633 ], [ -69.366, -33.633 ], [ -69.366, -33.666 ] ] ], [ [ [ -69.433, -33.466 ], [ -69.399, -33.466 ], [ -69.399, -33.499 ], [ -69.399, -33.533 ], [ -69.433, -33.533 ], [ -69.433, -33.499 ], [ -69.433, -33.466 ] ] ], [ [ [ -69.433, -33.466 ], [ -69.466, -33.466 ], [ -69.466, -33.433 ], [ -69.466, -33.399 ], [ -69.433, -33.399 ], [ -69.433, -33.433 ], [ -69.433, -33.466 ] ] ], [ [ [ -69.433, -33.299 ], [ -69.433, -33.333 ], [ -69.433, -33.366 ], [ -69.466, -33.366 ], [ -69.466, -33.333 ], [ -69.466, -33.299 ], [ -69.433, -33.299 ] ] ], [ [ [ -69.433, -33.299 ], [ -69.433, -33.266 ], [ -69.399, -33.266 ], [ -69.399, -33.299 ], [ -69.433, -33.299 ] ] ], [ [ [ -69.399, -33.266 ], [ -69.399, -33.233 ], [ -69.366, -33.233 ], [ -69.366, -33.266 ], [ -69.399, -33.266 ] ] ], [ [ [ -69.366, -33.233 ], [ -69.366, -33.199 ], [ -69.366, -33.166 ], [ -69.366, -33.133 ], [ -69.333, -33.133 ], [ -69.333, -33.166 ], [ -69.333, -33.199 ], [ -69.333, -33.233 ], [ -69.366, -33.233 ] ] ], [ [ [ -69.333, -33.133 ], [ -69.333, -33.099 ], [ -69.299, -33.099 ], [ -69.299, -33.066 ], [ -69.266, -33.066 ], [ -69.233, -33.066 ], [ -69.233, -33.099 ], [ -69.233, -33.133 ], [ -69.266, -33.133 ], [ -69.299, -33.133 ], [ -69.333, -33.133 ] ] ], [ [ [ -69.299, -33.066 ], [ -69.333, -33.066 ], [ -69.333, -33.033 ], [ -69.333, -32.999 ], [ -69.333, -32.966 ], [ -69.299, -32.966 ], [ -69.299, -32.999 ], [ -69.299, -33.033 ], [ -69.299, -33.066 ] ] ], [ [ [ -69.299, -32.933 ], [ -69.333, -32.933 ], [ -69.333, -32.899 ], [ -69.299, -32.899 ], [ -69.299, -32.933 ] ] ], [ [ [ -69.133, -32.899 ], [ -69.166, -32.899 ], [ -69.166, -32.866 ], [ -69.133, -32.866 ], [ -69.133, -32.899 ] ] ], [ [ [ -69.333, -32.866 ], [ -69.366, -32.866 ], [ -69.366, -32.833 ], [ -69.333, -32.833 ], [ -69.299, -32.833 ], [ -69.299, -32.866 ], [ -69.333, -32.866 ] ] ], [ [ [ -69.066, -32.833 ], [ -69.066, -32.866 ], [ -69.066, -32.899 ], [ -69.066, -32.933 ], [ -69.066, -32.966 ], [ -69.099, -32.966 ], [ -69.099, -32.933 ], [ -69.099, -32.899 ], [ -69.099, -32.866 ], [ -69.099, -32.833 ], [ -69.066, -32.833 ] ] ], [ [ [ -69.166, -32.799 ], [ -69.166, -32.833 ], [ -69.199, -32.833 ], [ -69.199, -32.799 ], [ -69.233, -32.799 ], [ -69.233, -32.766 ], [ -69.199, -32.766 ], [ -69.166, -32.766 ], [ -69.166, -32.799 ] ] ], [ [ [ -69.566, -32.733 ], [ -69.566, -32.766 ], [ -69.599, -32.766 ], [ -69.599, -32.733 ], [ -69.566, -32.733 ] ] ], [ [ [ -69.366, -32.733 ], [ -69.333, -32.733 ], [ -69.333, -32.766 ], [ -69.333, -32.799 ], [ -69.366, -32.799 ], [ -69.366, -32.766 ], [ -69.366, -32.733 ] ] ], [ [ [ -69.299, -32.733 ], [ -69.266, -32.733 ], [ -69.266, -32.766 ], [ -69.299, -32.766 ], [ -69.299, -32.733 ] ] ], [ [ [ -69.066, -32.833 ], [ -69.066, -32.799 ], [ -69.066, -32.766 ], [ -69.066, -32.733 ], [ -69.033, -32.733 ], [ -69.033, -32.766 ], [ -69.033, -32.799 ], [ -69.033, -32.833 ], [ -69.066, -32.833 ] ] ], [ [ [ -69.366, -32.733 ], [ -69.399, -32.733 ], [ -69.399, -32.699 ], [ -69.366, -32.699 ], [ -69.366, -32.733 ] ] ], [ [ [ -69.299, -32.733 ], [ -69.333, -32.733 ], [ -69.333, -32.699 ], [ -69.299, -32.699 ], [ -69.299, -32.733 ] ] ], [ [ [ -69.566, -32.733 ], [ -69.566, -32.699 ], [ -69.566, -32.666 ], [ -69.533, -32.666 ], [ -69.499, -32.666 ], [ -69.499, -32.699 ], [ -69.533, -32.699 ], [ -69.533, -32.733 ], [ -69.566, -32.733 ] ] ], [ [ [ -69.433, -32.699 ], [ -69.466, -32.699 ], [ -69.466, -32.666 ], [ -69.433, -32.666 ], [ -69.433, -32.699 ] ] ], [ [ [ -69.466, -32.533 ], [ -69.466, -32.566 ], [ -69.466, -32.599 ], [ -69.499, -32.599 ], [ -69.499, -32.566 ], [ -69.499, -32.533 ], [ -69.466, -32.533 ] ] ], [ [ [ -69.066, -32.533 ], [ -69.066, -32.566 ], [ -69.066, -32.599 ], [ -69.066, -32.633 ], [ -69.066, -32.666 ], [ -69.033, -32.666 ], [ -69.033, -32.699 ], [ -69.066, -32.699 ], [ -69.099, -32.699 ], [ -69.099, -32.666 ], [ -69.099, -32.633 ], [ -69.099, -32.599 ], [ -69.099, -32.566 ], [ -69.099, -32.533 ], [ -69.066, -32.533 ] ] ], [ [ [ -69.466, -32.533 ], [ -69.466, -32.499 ], [ -69.466, -32.466 ], [ -69.433, -32.466 ], [ -69.433, -32.499 ], [ -69.399, -32.499 ], [ -69.399, -32.533 ], [ -69.433, -32.533 ], [ -69.466, -32.533 ] ] ], [ [ [ -64.899, -32.466 ], [ -64.933, -32.466 ], [ -64.933, -32.433 ], [ -64.933, -32.399 ], [ -64.899, -32.399 ], [ -64.899, -32.433 ], [ -64.899, -32.466 ] ] ], [ [ [ -69.066, -32.533 ], [ -69.066, -32.499 ], [ -69.066, -32.466 ], [ -69.033, -32.466 ], [ -69.033, -32.433 ], [ -69.033, -32.399 ], [ -69.033, -32.366 ], [ -69.033, -32.333 ], [ -68.999, -32.333 ], [ -68.999, -32.366 ], [ -68.999, -32.399 ], [ -68.999, -32.433 ], [ -68.999, -32.466 ], [ -68.999, -32.499 ], [ -69.033, -32.499 ], [ -69.033, -32.533 ], [ -69.066, -32.533 ] ] ], [ [ [ -69.766, -32.099 ], [ -69.766, -32.133 ], [ -69.766, -32.166 ], [ -69.799, -32.166 ], [ -69.799, -32.133 ], [ -69.799, -32.099 ], [ -69.766, -32.099 ] ] ], [ [ [ -64.933, -32.199 ], [ -64.933, -32.233 ], [ -64.899, -32.233 ], [ -64.899, -32.266 ], [ -64.899, -32.299 ], [ -64.899, -32.333 ], [ -64.899, -32.366 ], [ -64.933, -32.366 ], [ -64.933, -32.333 ], [ -64.933, -32.299 ], [ -64.966, -32.299 ], [ -64.966, -32.266 ], [ -64.966, -32.233 ], [ -64.966, -32.199 ], [ -64.966, -32.166 ], [ -64.966, -32.133 ], [ -64.966, -32.099 ], [ -64.933, -32.099 ], [ -64.899, -32.099 ], [ -64.899, -32.133 ], [ -64.899, -32.166 ], [ -64.899, -32.199 ], [ -64.933, -32.199 ] ] ], [ [ [ -68.966, -31.999 ], [ -68.966, -32.033 ], [ -68.999, -32.033 ], [ -68.999, -32.066 ], [ -68.999, -32.099 ], [ -68.999, -32.133 ], [ -68.999, -32.166 ], [ -69.033, -32.166 ], [ -69.033, -32.133 ], [ -69.033, -32.099 ], [ -69.033, -32.066 ], [ -69.033, -32.033 ], [ -69.033, -31.999 ], [ -68.999, -31.999 ], [ -68.966, -31.999 ] ] ], [ [ [ -64.899, -31.966 ], [ -64.899, -31.999 ], [ -64.933, -31.999 ], [ -64.933, -31.966 ], [ -64.899, -31.966 ] ] ], [ [ [ -69.699, -31.966 ], [ -69.699, -31.999 ], [ -69.699, -32.033 ], [ -69.733, -32.033 ], [ -69.733, -32.066 ], [ -69.733, -32.099 ], [ -69.766, -32.099 ], [ -69.766, -32.066 ], [ -69.799, -32.066 ], [ -69.799, -32.033 ], [ -69.799, -31.999 ], [ -69.799, -31.966 ], [ -69.799, -31.933 ], [ -69.766, -31.933 ], [ -69.766, -31.966 ], [ -69.766, -31.999 ], [ -69.733, -31.999 ], [ -69.733, -31.966 ], [ -69.699, -31.966 ] ] ], [ [ [ -68.966, -31.999 ], [ -68.966, -31.966 ], [ -68.966, -31.933 ], [ -68.933, -31.933 ], [ -68.933, -31.966 ], [ -68.933, -31.999 ], [ -68.966, -31.999 ] ] ], [ [ [ -69.699, -31.966 ], [ -69.699, -31.933 ], [ -69.699, -31.899 ], [ -69.666, -31.899 ], [ -69.666, -31.933 ], [ -69.666, -31.966 ], [ -69.699, -31.966 ] ] ], [ [ [ -69.799, -31.933 ], [ -69.833, -31.933 ], [ -69.866, -31.933 ], [ -69.866, -31.899 ], [ -69.866, -31.866 ], [ -69.833, -31.866 ], [ -69.799, -31.866 ], [ -69.766, -31.866 ], [ -69.733, -31.866 ], [ -69.733, -31.899 ], [ -69.766, -31.899 ], [ -69.799, -31.899 ], [ -69.799, -31.933 ] ] ], [ [ [ -69.733, -31.866 ], [ -69.733, -31.833 ], [ -69.733, -31.799 ], [ -69.699, -31.799 ], [ -69.699, -31.833 ], [ -69.699, -31.866 ], [ -69.733, -31.866 ] ] ], [ [ [ -69.499, -31.766 ], [ -69.499, -31.733 ], [ -69.466, -31.733 ], [ -69.466, -31.766 ], [ -69.499, -31.766 ] ] ], [ [ [ -68.833, -31.733 ], [ -68.866, -31.733 ], [ -68.866, -31.699 ], [ -68.833, -31.699 ], [ -68.833, -31.733 ] ] ], [ [ [ -68.966, -31.666 ], [ -68.999, -31.666 ], [ -68.999, -31.633 ], [ -68.966, -31.633 ], [ -68.966, -31.666 ] ] ], [ [ [ -68.933, -31.599 ], [ -68.899, -31.599 ], [ -68.899, -31.633 ], [ -68.899, -31.666 ], [ -68.899, -31.699 ], [ -68.899, -31.733 ], [ -68.899, -31.766 ], [ -68.899, -31.799 ], [ -68.899, -31.833 ], [ -68.899, -31.866 ], [ -68.899, -31.899 ], [ -68.933, -31.899 ], [ -68.933, -31.866 ], [ -68.933, -31.833 ], [ -68.933, -31.799 ], [ -68.933, -31.766 ], [ -68.933, -31.733 ], [ -68.933, -31.699 ], [ -68.933, -31.666 ], [ -68.933, -31.633 ], [ -68.933, -31.599 ] ] ], [ [ [ -68.933, -31.599 ], [ -68.966, -31.599 ], [ -68.966, -31.566 ], [ -68.933, -31.566 ], [ -68.933, -31.599 ] ] ], [ [ [ -69.666, -31.899 ], [ -69.666, -31.866 ], [ -69.633, -31.866 ], [ -69.633, -31.833 ], [ -69.599, -31.833 ], [ -69.566, -31.833 ], [ -69.566, -31.799 ], [ -69.533, -31.799 ], [ -69.533, -31.766 ], [ -69.499, -31.766 ], [ -69.499, -31.799 ], [ -69.499, -31.833 ], [ -69.499, -31.866 ], [ -69.466, -31.866 ], [ -69.433, -31.866 ], [ -69.433, -31.833 ], [ -69.433, -31.799 ], [ -69.433, -31.766 ], [ -69.433, -31.733 ], [ -69.433, -31.699 ], [ -69.433, -31.666 ], [ -69.399, -31.666 ], [ -69.399, -31.633 ], [ -69.366, -31.633 ], [ -69.366, -31.599 ], [ -69.366, -31.566 ], [ -69.366, -31.533 ], [ -69.333, -31.533 ], [ -69.333, -31.566 ], [ -69.333, -31.599 ], [ -69.333, -31.633 ], [ -69.333, -31.666 ], [ -69.366, -31.666 ], [ -69.366, -31.699 ], [ -69.399, -31.699 ], [ -69.399, -31.733 ], [ -69.366, -31.733 ], [ -69.366, -31.766 ], [ -69.366, -31.799 ], [ -69.366, -31.833 ], [ -69.333, -31.833 ], [ -69.333, -31.866 ], [ -69.333, -31.899 ], [ -69.333, -31.933 ], [ -69.333, -31.966 ], [ -69.333, -31.999 ], [ -69.333, -32.033 ], [ -69.299, -32.033 ], [ -69.299, -32.066 ], [ -69.266, -32.066 ], [ -69.266, -32.099 ], [ -69.266, -32.133 ], [ -69.233, -32.133 ], [ -69.199, -32.133 ], [ -69.199, -32.166 ], [ -69.166, -32.166 ], [ -69.166, -32.199 ], [ -69.166, -32.233 ], [ -69.133, -32.233 ], [ -69.133, -32.266 ], [ -69.133, -32.299 ], [ -69.166, -32.299 ], [ -69.166, -32.333 ], [ -69.199, -32.333 ], [ -69.199, -32.366 ], [ -69.233, -32.366 ], [ -69.233, -32.399 ], [ -69.233, -32.433 ], [ -69.233, -32.466 ], [ -69.199, -32.466 ], [ -69.199, -32.499 ], [ -69.233, -32.499 ], [ -69.233, -32.533 ], [ -69.233, -32.566 ], [ -69.233, -32.599 ], [ -69.266, -32.599 ], [ -69.266, -32.633 ], [ -69.266, -32.666 ], [ -69.299, -32.666 ], [ -69.333, -32.666 ], [ -69.333, -32.633 ], [ -69.299, -32.633 ], [ -69.299, -32.599 ], [ -69.299, -32.566 ], [ -69.266, -32.566 ], [ -69.266, -32.533 ], [ -69.266, -32.499 ], [ -69.266, -32.466 ], [ -69.266, -32.433 ], [ -69.299, -32.433 ], [ -69.333, -32.433 ], [ -69.366, -32.433 ], [ -69.366, -32.466 ], [ -69.399, -32.466 ], [ -69.399, -32.433 ], [ -69.399, -32.399 ], [ -69.433, -32.399 ], [ -69.433, -32.366 ], [ -69.433, -32.333 ], [ -69.433, -32.299 ], [ -69.433, -32.266 ], [ -69.399, -32.266 ], [ -69.399, -32.233 ], [ -69.399, -32.199 ], [ -69.399, -32.166 ], [ -69.399, -32.133 ], [ -69.399, -32.099 ], [ -69.399, -32.066 ], [ -69.399, -32.033 ], [ -69.433, -32.033 ], [ -69.433, -31.999 ], [ -69.466, -31.999 ], [ -69.499, -31.999 ], [ -69.499, -31.966 ], [ -69.533, -31.966 ], [ -69.533, -31.933 ], [ -69.566, -31.933 ], [ -69.566, -31.899 ], [ -69.566, -31.866 ], [ -69.599, -31.866 ], [ -69.599, -31.899 ], [ -69.633, -31.899 ], [ -69.666, -31.899 ] ] ], [ [ [ -69.366, -32.333 ], [ -69.366, -32.366 ], [ -69.333, -32.366 ], [ -69.333, -32.399 ], [ -69.299, -32.399 ], [ -69.299, -32.366 ], [ -69.299, -32.333 ], [ -69.266, -32.333 ], [ -69.266, -32.299 ], [ -69.233, -32.299 ], [ -69.233, -32.266 ], [ -69.266, -32.266 ], [ -69.266, -32.233 ], [ -69.299, -32.233 ], [ -69.333, -32.233 ], [ -69.333, -32.266 ], [ -69.333, -32.299 ], [ -69.333, -32.333 ], [ -69.366, -32.333 ] ] ], [ [ [ -69.133, -31.533 ], [ -69.099, -31.533 ], [ -69.099, -31.566 ], [ -69.133, -31.566 ], [ -69.133, -31.533 ] ] ], [ [ [ -69.133, -31.533 ], [ -69.166, -31.533 ], [ -69.166, -31.499 ], [ -69.133, -31.499 ], [ -69.133, -31.533 ] ] ], [ [ [ -69.333, -31.499 ], [ -69.366, -31.499 ], [ -69.366, -31.466 ], [ -69.333, -31.466 ], [ -69.333, -31.499 ] ] ], [ [ [ -69.699, -31.799 ], [ -69.699, -31.766 ], [ -69.699, -31.733 ], [ -69.699, -31.699 ], [ -69.699, -31.666 ], [ -69.699, -31.633 ], [ -69.666, -31.633 ], [ -69.666, -31.599 ], [ -69.666, -31.566 ], [ -69.666, -31.533 ], [ -69.699, -31.533 ], [ -69.699, -31.499 ], [ -69.699, -31.466 ], [ -69.699, -31.433 ], [ -69.666, -31.433 ], [ -69.633, -31.433 ], [ -69.633, -31.466 ], [ -69.633, -31.499 ], [ -69.633, -31.533 ], [ -69.633, -31.566 ], [ -69.633, -31.599 ], [ -69.633, -31.633 ], [ -69.633, -31.666 ], [ -69.633, -31.699 ], [ -69.633, -31.733 ], [ -69.633, -31.766 ], [ -69.666, -31.766 ], [ -69.666, -31.799 ], [ -69.699, -31.799 ] ] ], [ [ [ -69.133, -31.466 ], [ -69.166, -31.466 ], [ -69.166, -31.433 ], [ -69.133, -31.433 ], [ -69.133, -31.466 ] ] ], [ [ [ -68.033, -31.433 ], [ -68.033, -31.466 ], [ -68.033, -31.499 ], [ -67.999, -31.499 ], [ -67.966, -31.499 ], [ -67.966, -31.533 ], [ -67.999, -31.533 ], [ -67.999, -31.566 ], [ -68.033, -31.566 ], [ -68.033, -31.533 ], [ -68.066, -31.533 ], [ -68.066, -31.499 ], [ -68.099, -31.499 ], [ -68.099, -31.466 ], [ -68.066, -31.466 ], [ -68.066, -31.433 ], [ -68.033, -31.433 ] ] ], [ [ [ -67.899, -31.433 ], [ -67.899, -31.466 ], [ -67.933, -31.466 ], [ -67.933, -31.433 ], [ -67.899, -31.433 ] ] ], [ [ [ -69.699, -31.433 ], [ -69.733, -31.433 ], [ -69.733, -31.399 ], [ -69.699, -31.399 ], [ -69.699, -31.433 ] ] ], [ [ [ -64.899, -31.966 ], [ -64.899, -31.933 ], [ -64.933, -31.933 ], [ -64.933, -31.899 ], [ -64.899, -31.899 ], [ -64.899, -31.866 ], [ -64.866, -31.866 ], [ -64.866, -31.833 ], [ -64.866, -31.799 ], [ -64.866, -31.766 ], [ -64.866, -31.733 ], [ -64.866, -31.699 ], [ -64.866, -31.666 ], [ -64.866, -31.633 ], [ -64.899, -31.633 ], [ -64.899, -31.599 ], [ -64.899, -31.566 ], [ -64.899, -31.533 ], [ -64.899, -31.499 ], [ -64.866, -31.499 ], [ -64.866, -31.466 ], [ -64.866, -31.433 ], [ -64.833, -31.433 ], [ -64.833, -31.399 ], [ -64.799, -31.399 ], [ -64.799, -31.433 ], [ -64.799, -31.466 ], [ -64.766, -31.466 ], [ -64.766, -31.499 ], [ -64.766, -31.533 ], [ -64.766, -31.566 ], [ -64.766, -31.599 ], [ -64.733, -31.599 ], [ -64.733, -31.633 ], [ -64.733, -31.666 ], [ -64.766, -31.666 ], [ -64.799, -31.666 ], [ -64.833, -31.666 ], [ -64.833, -31.699 ], [ -64.799, -31.699 ], [ -64.766, -31.699 ], [ -64.766, -31.733 ], [ -64.766, -31.766 ], [ -64.799, -31.766 ], [ -64.799, -31.799 ], [ -64.799, -31.833 ], [ -64.833, -31.833 ], [ -64.833, -31.866 ], [ -64.833, -31.899 ], [ -64.866, -31.899 ], [ -64.866, -31.933 ], [ -64.866, -31.966 ], [ -64.899, -31.966 ] ] ], [ [ [ -69.133, -31.399 ], [ -69.166, -31.399 ], [ -69.166, -31.366 ], [ -69.133, -31.366 ], [ -69.133, -31.399 ] ] ], [ [ [ -69.066, -31.433 ], [ -69.099, -31.433 ], [ -69.099, -31.399 ], [ -69.099, -31.366 ], [ -69.066, -31.366 ], [ -69.066, -31.399 ], [ -69.066, -31.433 ] ] ], [ [ [ -68.933, -31.399 ], [ -68.966, -31.399 ], [ -68.966, -31.366 ], [ -68.933, -31.366 ], [ -68.933, -31.399 ] ] ], [ [ [ -68.933, -31.399 ], [ -68.899, -31.399 ], [ -68.899, -31.366 ], [ -68.866, -31.366 ], [ -68.866, -31.399 ], [ -68.866, -31.433 ], [ -68.899, -31.433 ], [ -68.933, -31.433 ], [ -68.933, -31.399 ] ] ], [ [ [ -68.033, -31.433 ], [ -68.033, -31.399 ], [ -68.033, -31.366 ], [ -67.999, -31.366 ], [ -67.999, -31.399 ], [ -67.999, -31.433 ], [ -68.033, -31.433 ] ] ], [ [ [ -67.899, -31.433 ], [ -67.899, -31.399 ], [ -67.933, -31.399 ], [ -67.933, -31.366 ], [ -67.899, -31.366 ], [ -67.866, -31.366 ], [ -67.866, -31.399 ], [ -67.866, -31.433 ], [ -67.899, -31.433 ] ] ], [ [ [ -68.899, -31.366 ], [ -68.933, -31.366 ], [ -68.933, -31.333 ], [ -68.899, -31.333 ], [ -68.899, -31.366 ] ] ], [ [ [ -69.333, -31.433 ], [ -69.366, -31.433 ], [ -69.366, -31.399 ], [ -69.366, -31.366 ], [ -69.366, -31.333 ], [ -69.366, -31.299 ], [ -69.333, -31.299 ], [ -69.333, -31.333 ], [ -69.333, -31.366 ], [ -69.333, -31.399 ], [ -69.333, -31.433 ] ] ], [ [ [ -67.999, -31.333 ], [ -68.033, -31.333 ], [ -68.033, -31.299 ], [ -67.999, -31.299 ], [ -67.999, -31.333 ] ] ], [ [ [ -67.866, -31.366 ], [ -67.866, -31.333 ], [ -67.866, -31.299 ], [ -67.833, -31.299 ], [ -67.833, -31.333 ], [ -67.833, -31.366 ], [ -67.866, -31.366 ] ] ], [ [ [ -69.699, -31.399 ], [ -69.699, -31.366 ], [ -69.699, -31.333 ], [ -69.699, -31.299 ], [ -69.666, -31.299 ], [ -69.666, -31.266 ], [ -69.633, -31.266 ], [ -69.633, -31.299 ], [ -69.633, -31.333 ], [ -69.633, -31.366 ], [ -69.666, -31.366 ], [ -69.666, -31.399 ], [ -69.699, -31.399 ] ] ], [ [ [ -69.233, -31.299 ], [ -69.266, -31.299 ], [ -69.266, -31.266 ], [ -69.233, -31.266 ], [ -69.233, -31.299 ] ] ], [ [ [ -68.933, -31.299 ], [ -68.966, -31.299 ], [ -68.966, -31.266 ], [ -68.933, -31.266 ], [ -68.933, -31.299 ] ] ], [ [ [ -69.033, -31.266 ], [ -69.066, -31.266 ], [ -69.066, -31.233 ], [ -69.033, -31.233 ], [ -69.033, -31.266 ] ] ], [ [ [ -67.966, -31.266 ], [ -67.999, -31.266 ], [ -67.999, -31.233 ], [ -67.966, -31.233 ], [ -67.966, -31.266 ] ] ], [ [ [ -69.266, -31.233 ], [ -69.299, -31.233 ], [ -69.299, -31.199 ], [ -69.266, -31.199 ], [ -69.233, -31.199 ], [ -69.233, -31.233 ], [ -69.266, -31.233 ] ] ], [ [ [ -69.133, -31.233 ], [ -69.166, -31.233 ], [ -69.166, -31.199 ], [ -69.133, -31.199 ], [ -69.099, -31.199 ], [ -69.099, -31.233 ], [ -69.133, -31.233 ] ] ], [ [ [ -68.833, -31.333 ], [ -68.866, -31.333 ], [ -68.866, -31.299 ], [ -68.866, -31.266 ], [ -68.866, -31.233 ], [ -68.866, -31.199 ], [ -68.833, -31.199 ], [ -68.833, -31.233 ], [ -68.833, -31.266 ], [ -68.833, -31.299 ], [ -68.833, -31.333 ] ] ], [ [ [ -67.833, -31.199 ], [ -67.799, -31.199 ], [ -67.799, -31.233 ], [ -67.799, -31.266 ], [ -67.833, -31.266 ], [ -67.833, -31.233 ], [ -67.833, -31.199 ] ] ], [ [ [ -69.166, -31.166 ], [ -69.199, -31.166 ], [ -69.199, -31.133 ], [ -69.166, -31.133 ], [ -69.166, -31.166 ] ] ], [ [ [ -68.833, -31.166 ], [ -68.866, -31.166 ], [ -68.866, -31.133 ], [ -68.833, -31.133 ], [ -68.833, -31.166 ] ] ], [ [ [ -67.966, -31.199 ], [ -67.999, -31.199 ], [ -67.999, -31.166 ], [ -67.999, -31.133 ], [ -67.966, -31.133 ], [ -67.966, -31.166 ], [ -67.966, -31.199 ] ] ], [ [ [ -67.833, -31.199 ], [ -67.866, -31.199 ], [ -67.866, -31.166 ], [ -67.866, -31.133 ], [ -67.833, -31.133 ], [ -67.833, -31.166 ], [ -67.833, -31.199 ] ] ], [ [ [ -69.299, -31.166 ], [ -69.333, -31.166 ], [ -69.333, -31.133 ], [ -69.333, -31.099 ], [ -69.299, -31.099 ], [ -69.299, -31.133 ], [ -69.299, -31.166 ] ] ], [ [ [ -67.866, -31.133 ], [ -67.899, -31.133 ], [ -67.933, -31.133 ], [ -67.933, -31.099 ], [ -67.899, -31.099 ], [ -67.866, -31.099 ], [ -67.866, -31.133 ] ] ], [ [ [ -67.466, -31.066 ], [ -67.433, -31.066 ], [ -67.433, -31.099 ], [ -67.399, -31.099 ], [ -67.399, -31.133 ], [ -67.399, -31.166 ], [ -67.433, -31.166 ], [ -67.466, -31.166 ], [ -67.466, -31.133 ], [ -67.466, -31.099 ], [ -67.466, -31.066 ] ] ], [ [ [ -67.466, -31.066 ], [ -67.499, -31.066 ], [ -67.499, -31.033 ], [ -67.466, -31.033 ], [ -67.466, -31.066 ] ] ], [ [ [ -69.633, -31.266 ], [ -69.633, -31.233 ], [ -69.633, -31.199 ], [ -69.633, -31.166 ], [ -69.633, -31.133 ], [ -69.666, -31.133 ], [ -69.666, -31.099 ], [ -69.633, -31.099 ], [ -69.633, -31.066 ], [ -69.633, -31.033 ], [ -69.633, -30.999 ], [ -69.666, -30.999 ], [ -69.666, -30.966 ], [ -69.633, -30.966 ], [ -69.599, -30.966 ], [ -69.599, -30.999 ], [ -69.599, -31.033 ], [ -69.599, -31.066 ], [ -69.599, -31.099 ], [ -69.599, -31.133 ], [ -69.599, -31.166 ], [ -69.599, -31.199 ], [ -69.599, -31.233 ], [ -69.599, -31.266 ], [ -69.633, -31.266 ] ] ], [ [ [ -67.466, -31.033 ], [ -67.466, -30.999 ], [ -67.499, -30.999 ], [ -67.533, -30.999 ], [ -67.533, -30.966 ], [ -67.499, -30.966 ], [ -67.466, -30.966 ], [ -67.433, -30.966 ], [ -67.433, -30.999 ], [ -67.433, -31.033 ], [ -67.466, -31.033 ] ] ], [ [ [ -69.033, -31.033 ], [ -69.033, -31.066 ], [ -68.999, -31.066 ], [ -68.966, -31.066 ], [ -68.933, -31.066 ], [ -68.933, -31.033 ], [ -68.899, -31.033 ], [ -68.899, -30.999 ], [ -68.866, -30.999 ], [ -68.866, -31.033 ], [ -68.833, -31.033 ], [ -68.833, -31.066 ], [ -68.833, -31.099 ], [ -68.866, -31.099 ], [ -68.866, -31.066 ], [ -68.899, -31.066 ], [ -68.899, -31.099 ], [ -68.933, -31.099 ], [ -68.966, -31.099 ], [ -68.966, -31.133 ], [ -68.999, -31.133 ], [ -68.999, -31.166 ], [ -69.033, -31.166 ], [ -69.066, -31.166 ], [ -69.066, -31.133 ], [ -69.033, -31.133 ], [ -69.033, -31.099 ], [ -69.066, -31.099 ], [ -69.066, -31.066 ], [ -69.066, -31.033 ], [ -69.066, -30.999 ], [ -69.033, -30.999 ], [ -69.033, -30.966 ], [ -69.033, -30.933 ], [ -69.033, -30.899 ], [ -68.999, -30.899 ], [ -68.999, -30.933 ], [ -68.999, -30.966 ], [ -68.999, -30.999 ], [ -68.999, -31.033 ], [ -69.033, -31.033 ] ] ], [ [ [ -69.633, -30.899 ], [ -69.666, -30.899 ], [ -69.666, -30.866 ], [ -69.633, -30.866 ], [ -69.599, -30.866 ], [ -69.599, -30.899 ], [ -69.633, -30.899 ] ] ], [ [ [ -68.733, -30.933 ], [ -68.766, -30.933 ], [ -68.766, -30.899 ], [ -68.766, -30.866 ], [ -68.733, -30.866 ], [ -68.733, -30.899 ], [ -68.733, -30.933 ] ] ], [ [ [ -69.399, -30.833 ], [ -69.399, -30.866 ], [ -69.366, -30.866 ], [ -69.366, -30.899 ], [ -69.399, -30.899 ], [ -69.399, -30.933 ], [ -69.366, -30.933 ], [ -69.366, -30.966 ], [ -69.333, -30.966 ], [ -69.333, -30.999 ], [ -69.366, -30.999 ], [ -69.366, -31.033 ], [ -69.366, -31.066 ], [ -69.366, -31.099 ], [ -69.366, -31.133 ], [ -69.366, -31.166 ], [ -69.366, -31.199 ], [ -69.399, -31.199 ], [ -69.433, -31.199 ], [ -69.433, -31.166 ], [ -69.433, -31.133 ], [ -69.399, -31.133 ], [ -69.399, -31.099 ], [ -69.399, -31.066 ], [ -69.399, -31.033 ], [ -69.399, -30.999 ], [ -69.399, -30.966 ], [ -69.433, -30.966 ], [ -69.466, -30.966 ], [ -69.499, -30.966 ], [ -69.499, -30.999 ], [ -69.533, -30.999 ], [ -69.533, -30.966 ], [ -69.566, -30.966 ], [ -69.566, -30.933 ], [ -69.566, -30.899 ], [ -69.533, -30.899 ], [ -69.533, -30.866 ], [ -69.499, -30.866 ], [ -69.466, -30.866 ], [ -69.433, -30.866 ], [ -69.433, -30.833 ], [ -69.399, -30.833 ] ] ], [ [ [ -68.799, -30.799 ], [ -68.766, -30.799 ], [ -68.766, -30.833 ], [ -68.799, -30.833 ], [ -68.799, -30.799 ] ] ], [ [ [ -68.799, -30.799 ], [ -68.833, -30.799 ], [ -68.833, -30.766 ], [ -68.799, -30.766 ], [ -68.799, -30.799 ] ] ], [ [ [ -68.966, -30.666 ], [ -68.966, -30.699 ], [ -68.999, -30.699 ], [ -68.999, -30.733 ], [ -68.999, -30.766 ], [ -68.999, -30.799 ], [ -69.033, -30.799 ], [ -69.033, -30.766 ], [ -69.033, -30.733 ], [ -69.033, -30.699 ], [ -69.033, -30.666 ], [ -68.999, -30.666 ], [ -68.966, -30.666 ] ] ], [ [ [ -68.799, -30.699 ], [ -68.833, -30.699 ], [ -68.833, -30.666 ], [ -68.799, -30.666 ], [ -68.799, -30.699 ] ] ], [ [ [ -68.966, -30.666 ], [ -68.966, -30.633 ], [ -68.933, -30.633 ], [ -68.933, -30.666 ], [ -68.966, -30.666 ] ] ], [ [ [ -68.933, -30.633 ], [ -68.933, -30.599 ], [ -68.933, -30.566 ], [ -68.933, -30.533 ], [ -68.899, -30.533 ], [ -68.899, -30.566 ], [ -68.899, -30.599 ], [ -68.866, -30.599 ], [ -68.866, -30.633 ], [ -68.899, -30.633 ], [ -68.933, -30.633 ] ] ], [ [ [ -68.899, -30.533 ], [ -68.899, -30.499 ], [ -68.866, -30.499 ], [ -68.866, -30.533 ], [ -68.899, -30.533 ] ] ], [ [ [ -67.766, -30.499 ], [ -67.799, -30.499 ], [ -67.799, -30.466 ], [ -67.799, -30.433 ], [ -67.766, -30.433 ], [ -67.766, -30.466 ], [ -67.766, -30.499 ] ] ], [ [ [ -69.133, -30.466 ], [ -69.133, -30.433 ], [ -69.133, -30.399 ], [ -69.099, -30.399 ], [ -69.099, -30.433 ], [ -69.099, -30.466 ], [ -69.133, -30.466 ] ] ], [ [ [ -68.899, -30.466 ], [ -68.933, -30.466 ], [ -68.933, -30.433 ], [ -68.933, -30.399 ], [ -68.899, -30.399 ], [ -68.899, -30.366 ], [ -68.866, -30.366 ], [ -68.866, -30.399 ], [ -68.866, -30.433 ], [ -68.899, -30.433 ], [ -68.899, -30.466 ] ] ], [ [ [ -69.099, -30.399 ], [ -69.099, -30.366 ], [ -69.099, -30.333 ], [ -69.066, -30.333 ], [ -69.066, -30.366 ], [ -69.066, -30.399 ], [ -69.099, -30.399 ] ] ], [ [ [ -69.066, -30.333 ], [ -69.066, -30.299 ], [ -69.033, -30.299 ], [ -68.999, -30.299 ], [ -68.966, -30.299 ], [ -68.933, -30.299 ], [ -68.933, -30.333 ], [ -68.966, -30.333 ], [ -68.999, -30.333 ], [ -69.033, -30.333 ], [ -69.066, -30.333 ] ] ], [ [ [ -68.866, -30.299 ], [ -68.833, -30.299 ], [ -68.833, -30.333 ], [ -68.866, -30.333 ], [ -68.866, -30.299 ] ] ], [ [ [ -68.866, -30.299 ], [ -68.899, -30.299 ], [ -68.933, -30.299 ], [ -68.933, -30.266 ], [ -68.899, -30.266 ], [ -68.866, -30.266 ], [ -68.866, -30.299 ] ] ], [ [ [ -68.899, -30.133 ], [ -68.899, -30.166 ], [ -68.933, -30.166 ], [ -68.933, -30.133 ], [ -68.899, -30.133 ] ] ], [ [ [ -68.999, -30.099 ], [ -68.966, -30.099 ], [ -68.966, -30.133 ], [ -68.999, -30.133 ], [ -68.999, -30.099 ] ] ], [ [ [ -68.899, -30.133 ], [ -68.899, -30.099 ], [ -68.866, -30.099 ], [ -68.866, -30.133 ], [ -68.899, -30.133 ] ] ], [ [ [ -68.833, -30.033 ], [ -68.833, -30.066 ], [ -68.866, -30.066 ], [ -68.866, -30.033 ], [ -68.833, -30.033 ] ] ], [ [ [ -68.833, -30.033 ], [ -68.833, -29.999 ], [ -68.799, -29.999 ], [ -68.799, -30.033 ], [ -68.833, -30.033 ] ] ], [ [ [ -68.999, -30.099 ], [ -69.033, -30.099 ], [ -69.033, -30.066 ], [ -69.033, -30.033 ], [ -69.033, -29.999 ], [ -69.066, -29.999 ], [ -69.066, -29.966 ], [ -69.033, -29.966 ], [ -68.999, -29.966 ], [ -68.999, -29.999 ], [ -68.999, -30.033 ], [ -68.999, -30.066 ], [ -68.999, -30.099 ] ] ], [ [ [ -68.833, -29.999 ], [ -68.866, -29.999 ], [ -68.866, -29.966 ], [ -68.833, -29.966 ], [ -68.833, -29.999 ] ] ], [ [ [ -69.133, -30.466 ], [ -69.133, -30.499 ], [ -69.133, -30.533 ], [ -69.166, -30.533 ], [ -69.166, -30.499 ], [ -69.199, -30.499 ], [ -69.199, -30.533 ], [ -69.199, -30.566 ], [ -69.199, -30.599 ], [ -69.199, -30.633 ], [ -69.233, -30.633 ], [ -69.233, -30.666 ], [ -69.266, -30.666 ], [ -69.299, -30.666 ], [ -69.333, -30.666 ], [ -69.333, -30.633 ], [ -69.366, -30.633 ], [ -69.366, -30.599 ], [ -69.399, -30.599 ], [ -69.399, -30.566 ], [ -69.399, -30.533 ], [ -69.399, -30.499 ], [ -69.433, -30.499 ], [ -69.433, -30.466 ], [ -69.433, -30.433 ], [ -69.433, -30.399 ], [ -69.433, -30.366 ], [ -69.466, -30.366 ], [ -69.466, -30.333 ], [ -69.466, -30.299 ], [ -69.433, -30.299 ], [ -69.433, -30.266 ], [ -69.433, -30.233 ], [ -69.433, -30.199 ], [ -69.433, -30.166 ], [ -69.433, -30.133 ], [ -69.433, -30.099 ], [ -69.433, -30.066 ], [ -69.433, -30.033 ], [ -69.433, -29.999 ], [ -69.399, -29.999 ], [ -69.399, -29.966 ], [ -69.366, -29.966 ], [ -69.366, -29.933 ], [ -69.333, -29.933 ], [ -69.333, -29.899 ], [ -69.299, -29.899 ], [ -69.266, -29.899 ], [ -69.266, -29.866 ], [ -69.233, -29.866 ], [ -69.199, -29.866 ], [ -69.199, -29.899 ], [ -69.233, -29.899 ], [ -69.233, -29.933 ], [ -69.266, -29.933 ], [ -69.299, -29.933 ], [ -69.299, -29.966 ], [ -69.333, -29.966 ], [ -69.333, -29.999 ], [ -69.366, -29.999 ], [ -69.366, -30.033 ], [ -69.366, -30.066 ], [ -69.366, -30.099 ], [ -69.366, -30.133 ], [ -69.366, -30.166 ], [ -69.366, -30.199 ], [ -69.366, -30.233 ], [ -69.366, -30.266 ], [ -69.366, -30.299 ], [ -69.366, -30.333 ], [ -69.366, -30.366 ], [ -69.366, -30.399 ], [ -69.366, -30.433 ], [ -69.366, -30.466 ], [ -69.333, -30.466 ], [ -69.333, -30.499 ], [ -69.299, -30.499 ], [ -69.299, -30.533 ], [ -69.266, -30.533 ], [ -69.266, -30.499 ], [ -69.233, -30.499 ], [ -69.233, -30.466 ], [ -69.199, -30.466 ], [ -69.166, -30.466 ], [ -69.133, -30.466 ] ] ], [ [ [ -69.066, -29.966 ], [ -69.099, -29.966 ], [ -69.099, -29.933 ], [ -69.099, -29.899 ], [ -69.099, -29.866 ], [ -69.066, -29.866 ], [ -69.066, -29.899 ], [ -69.066, -29.933 ], [ -69.066, -29.966 ] ] ], [ [ [ -68.766, -29.866 ], [ -68.766, -29.899 ], [ -68.766, -29.933 ], [ -68.766, -29.966 ], [ -68.799, -29.966 ], [ -68.799, -29.933 ], [ -68.799, -29.899 ], [ -68.799, -29.866 ], [ -68.766, -29.866 ] ] ], [ [ [ -67.433, -29.866 ], [ -67.466, -29.866 ], [ -67.466, -29.833 ], [ -67.433, -29.833 ], [ -67.433, -29.866 ] ] ], [ [ [ -68.666, -29.799 ], [ -68.633, -29.799 ], [ -68.633, -29.833 ], [ -68.633, -29.866 ], [ -68.666, -29.866 ], [ -68.666, -29.833 ], [ -68.666, -29.799 ] ] ], [ [ [ -69.099, -29.866 ], [ -69.133, -29.866 ], [ -69.133, -29.833 ], [ -69.133, -29.799 ], [ -69.133, -29.766 ], [ -69.099, -29.766 ], [ -69.099, -29.799 ], [ -69.099, -29.833 ], [ -69.099, -29.866 ] ] ], [ [ [ -69.133, -29.766 ], [ -69.166, -29.766 ], [ -69.166, -29.799 ], [ -69.166, -29.833 ], [ -69.199, -29.833 ], [ -69.199, -29.799 ], [ -69.199, -29.766 ], [ -69.199, -29.733 ], [ -69.166, -29.733 ], [ -69.133, -29.733 ], [ -69.133, -29.766 ] ] ], [ [ [ -68.666, -29.799 ], [ -68.699, -29.799 ], [ -68.699, -29.833 ], [ -68.699, -29.866 ], [ -68.733, -29.866 ], [ -68.766, -29.866 ], [ -68.766, -29.833 ], [ -68.766, -29.799 ], [ -68.766, -29.766 ], [ -68.799, -29.766 ], [ -68.799, -29.733 ], [ -68.766, -29.733 ], [ -68.733, -29.733 ], [ -68.699, -29.733 ], [ -68.666, -29.733 ], [ -68.666, -29.766 ], [ -68.666, -29.799 ] ] ], [ [ [ -68.566, -29.866 ], [ -68.599, -29.866 ], [ -68.599, -29.833 ], [ -68.599, -29.799 ], [ -68.599, -29.766 ], [ -68.599, -29.733 ], [ -68.566, -29.733 ], [ -68.566, -29.766 ], [ -68.566, -29.799 ], [ -68.566, -29.833 ], [ -68.566, -29.866 ] ] ], [ [ [ -68.666, -29.733 ], [ -68.666, -29.699 ], [ -68.633, -29.699 ], [ -68.633, -29.733 ], [ -68.666, -29.733 ] ] ], [ [ [ -67.466, -29.733 ], [ -67.499, -29.733 ], [ -67.499, -29.699 ], [ -67.466, -29.699 ], [ -67.466, -29.733 ] ] ], [ [ [ -69.166, -29.699 ], [ -69.199, -29.699 ], [ -69.199, -29.666 ], [ -69.166, -29.666 ], [ -69.133, -29.666 ], [ -69.133, -29.699 ], [ -69.166, -29.699 ] ] ], [ [ [ -67.666, -29.666 ], [ -67.633, -29.666 ], [ -67.633, -29.699 ], [ -67.666, -29.699 ], [ -67.666, -29.666 ] ] ], [ [ [ -67.566, -29.633 ], [ -67.566, -29.666 ], [ -67.533, -29.666 ], [ -67.533, -29.699 ], [ -67.533, -29.733 ], [ -67.533, -29.766 ], [ -67.533, -29.799 ], [ -67.533, -29.833 ], [ -67.499, -29.833 ], [ -67.499, -29.866 ], [ -67.499, -29.899 ], [ -67.466, -29.899 ], [ -67.466, -29.933 ], [ -67.499, -29.933 ], [ -67.533, -29.933 ], [ -67.566, -29.933 ], [ -67.599, -29.933 ], [ -67.599, -29.899 ], [ -67.633, -29.899 ], [ -67.633, -29.866 ], [ -67.633, -29.833 ], [ -67.599, -29.833 ], [ -67.599, -29.799 ], [ -67.599, -29.766 ], [ -67.633, -29.766 ], [ -67.633, -29.733 ], [ -67.599, -29.733 ], [ -67.566, -29.733 ], [ -67.566, -29.699 ], [ -67.599, -29.699 ], [ -67.599, -29.666 ], [ -67.599, -29.633 ], [ -67.566, -29.633 ] ] ], [ [ [ -67.033, -29.699 ], [ -67.066, -29.699 ], [ -67.066, -29.666 ], [ -67.066, -29.633 ], [ -67.066, -29.599 ], [ -67.033, -29.599 ], [ -67.033, -29.633 ], [ -67.033, -29.666 ], [ -67.033, -29.699 ] ] ], [ [ [ -69.199, -29.566 ], [ -69.166, -29.566 ], [ -69.166, -29.599 ], [ -69.166, -29.633 ], [ -69.199, -29.633 ], [ -69.199, -29.599 ], [ -69.199, -29.566 ] ] ], [ [ [ -68.799, -29.599 ], [ -68.833, -29.599 ], [ -68.833, -29.566 ], [ -68.799, -29.566 ], [ -68.799, -29.599 ] ] ], [ [ [ -68.733, -29.633 ], [ -68.733, -29.666 ], [ -68.699, -29.666 ], [ -68.699, -29.699 ], [ -68.733, -29.699 ], [ -68.766, -29.699 ], [ -68.766, -29.666 ], [ -68.766, -29.633 ], [ -68.766, -29.599 ], [ -68.766, -29.566 ], [ -68.733, -29.566 ], [ -68.733, -29.599 ], [ -68.733, -29.633 ] ] ], [ [ [ -69.199, -29.566 ], [ -69.233, -29.566 ], [ -69.266, -29.566 ], [ -69.266, -29.533 ], [ -69.233, -29.533 ], [ -69.199, -29.533 ], [ -69.199, -29.566 ] ] ], [ [ [ -67.599, -29.533 ], [ -67.566, -29.533 ], [ -67.566, -29.566 ], [ -67.566, -29.599 ], [ -67.599, -29.599 ], [ -67.599, -29.566 ], [ -67.599, -29.533 ] ] ], [ [ [ -68.699, -29.533 ], [ -68.733, -29.533 ], [ -68.733, -29.499 ], [ -68.699, -29.499 ], [ -68.699, -29.533 ] ] ], [ [ [ -67.666, -29.666 ], [ -67.699, -29.666 ], [ -67.699, -29.633 ], [ -67.733, -29.633 ], [ -67.733, -29.599 ], [ -67.733, -29.566 ], [ -67.733, -29.533 ], [ -67.733, -29.499 ], [ -67.699, -29.499 ], [ -67.699, -29.533 ], [ -67.699, -29.566 ], [ -67.699, -29.599 ], [ -67.666, -29.599 ], [ -67.666, -29.633 ], [ -67.666, -29.666 ] ] ], [ [ [ -67.599, -29.533 ], [ -67.633, -29.533 ], [ -67.633, -29.499 ], [ -67.599, -29.499 ], [ -67.599, -29.533 ] ] ], [ [ [ -69.199, -29.533 ], [ -69.199, -29.499 ], [ -69.199, -29.466 ], [ -69.166, -29.466 ], [ -69.166, -29.499 ], [ -69.166, -29.533 ], [ -69.199, -29.533 ] ] ], [ [ [ -68.766, -29.499 ], [ -68.766, -29.533 ], [ -68.799, -29.533 ], [ -68.799, -29.499 ], [ -68.833, -29.499 ], [ -68.833, -29.466 ], [ -68.799, -29.466 ], [ -68.799, -29.433 ], [ -68.766, -29.433 ], [ -68.766, -29.466 ], [ -68.766, -29.499 ] ] ], [ [ [ -67.733, -29.466 ], [ -67.766, -29.466 ], [ -67.766, -29.433 ], [ -67.733, -29.433 ], [ -67.733, -29.466 ] ] ], [ [ [ -67.633, -29.499 ], [ -67.666, -29.499 ], [ -67.666, -29.466 ], [ -67.666, -29.433 ], [ -67.633, -29.433 ], [ -67.633, -29.466 ], [ -67.633, -29.499 ] ] ], [ [ [ -67.099, -29.433 ], [ -67.066, -29.433 ], [ -67.066, -29.466 ], [ -67.066, -29.499 ], [ -67.099, -29.499 ], [ -67.133, -29.499 ], [ -67.133, -29.466 ], [ -67.099, -29.466 ], [ -67.099, -29.433 ] ] ], [ [ [ -68.433, -29.433 ], [ -68.466, -29.433 ], [ -68.466, -29.399 ], [ -68.433, -29.399 ], [ -68.433, -29.433 ] ] ], [ [ [ -67.099, -29.433 ], [ -67.133, -29.433 ], [ -67.133, -29.399 ], [ -67.099, -29.399 ], [ -67.099, -29.433 ] ] ], [ [ [ -67.766, -29.366 ], [ -67.733, -29.366 ], [ -67.699, -29.366 ], [ -67.666, -29.366 ], [ -67.633, -29.366 ], [ -67.633, -29.399 ], [ -67.666, -29.399 ], [ -67.699, -29.399 ], [ -67.733, -29.399 ], [ -67.766, -29.399 ], [ -67.766, -29.366 ] ] ], [ [ [ -67.166, -29.333 ], [ -67.133, -29.333 ], [ -67.133, -29.366 ], [ -67.166, -29.366 ], [ -67.166, -29.333 ] ] ], [ [ [ -67.099, -29.333 ], [ -67.066, -29.333 ], [ -67.066, -29.366 ], [ -67.099, -29.366 ], [ -67.099, -29.333 ] ] ], [ [ [ -67.766, -29.366 ], [ -67.799, -29.366 ], [ -67.799, -29.333 ], [ -67.799, -29.299 ], [ -67.766, -29.299 ], [ -67.766, -29.333 ], [ -67.766, -29.366 ] ] ], [ [ [ -67.166, -29.333 ], [ -67.199, -29.333 ], [ -67.199, -29.299 ], [ -67.166, -29.299 ], [ -67.166, -29.333 ] ] ], [ [ [ -68.833, -29.266 ], [ -68.833, -29.299 ], [ -68.833, -29.333 ], [ -68.833, -29.366 ], [ -68.833, -29.399 ], [ -68.833, -29.433 ], [ -68.866, -29.433 ], [ -68.866, -29.399 ], [ -68.866, -29.366 ], [ -68.866, -29.333 ], [ -68.866, -29.299 ], [ -68.866, -29.266 ], [ -68.833, -29.266 ] ] ], [ [ [ -68.433, -29.266 ], [ -68.399, -29.266 ], [ -68.399, -29.299 ], [ -68.399, -29.333 ], [ -68.399, -29.366 ], [ -68.433, -29.366 ], [ -68.433, -29.333 ], [ -68.433, -29.299 ], [ -68.433, -29.266 ] ] ], [ [ [ -67.699, -29.266 ], [ -67.666, -29.266 ], [ -67.666, -29.299 ], [ -67.699, -29.299 ], [ -67.699, -29.266 ] ] ], [ [ [ -67.199, -29.299 ], [ -67.233, -29.299 ], [ -67.233, -29.266 ], [ -67.199, -29.266 ], [ -67.199, -29.299 ] ] ], [ [ [ -67.099, -29.333 ], [ -67.133, -29.333 ], [ -67.133, -29.299 ], [ -67.133, -29.266 ], [ -67.099, -29.266 ], [ -67.099, -29.299 ], [ -67.099, -29.333 ] ] ], [ [ [ -68.833, -29.266 ], [ -68.833, -29.233 ], [ -68.799, -29.233 ], [ -68.799, -29.266 ], [ -68.833, -29.266 ] ] ], [ [ [ -68.433, -29.266 ], [ -68.466, -29.266 ], [ -68.466, -29.299 ], [ -68.499, -29.299 ], [ -68.499, -29.266 ], [ -68.499, -29.233 ], [ -68.466, -29.233 ], [ -68.433, -29.233 ], [ -68.433, -29.266 ] ] ], [ [ [ -67.933, -29.233 ], [ -67.899, -29.233 ], [ -67.899, -29.266 ], [ -67.933, -29.266 ], [ -67.933, -29.233 ] ] ], [ [ [ -67.699, -29.266 ], [ -67.733, -29.266 ], [ -67.733, -29.233 ], [ -67.699, -29.233 ], [ -67.699, -29.266 ] ] ], [ [ [ -67.133, -29.266 ], [ -67.166, -29.266 ], [ -67.166, -29.233 ], [ -67.133, -29.233 ], [ -67.133, -29.266 ] ] ], [ [ [ -66.899, -29.233 ], [ -66.899, -29.266 ], [ -66.933, -29.266 ], [ -66.933, -29.233 ], [ -66.899, -29.233 ] ] ], [ [ [ -68.633, -29.199 ], [ -68.599, -29.199 ], [ -68.599, -29.233 ], [ -68.633, -29.233 ], [ -68.633, -29.199 ] ] ], [ [ [ -67.933, -29.233 ], [ -67.966, -29.233 ], [ -67.966, -29.199 ], [ -67.933, -29.199 ], [ -67.933, -29.233 ] ] ], [ [ [ -66.899, -29.233 ], [ -66.899, -29.199 ], [ -66.866, -29.199 ], [ -66.866, -29.233 ], [ -66.899, -29.233 ] ] ], [ [ [ -68.633, -29.199 ], [ -68.666, -29.199 ], [ -68.666, -29.166 ], [ -68.633, -29.166 ], [ -68.633, -29.199 ] ] ], [ [ [ -68.599, -29.199 ], [ -68.599, -29.166 ], [ -68.566, -29.166 ], [ -68.566, -29.199 ], [ -68.599, -29.199 ] ] ], [ [ [ -67.233, -29.199 ], [ -67.266, -29.199 ], [ -67.266, -29.166 ], [ -67.233, -29.166 ], [ -67.233, -29.199 ] ] ], [ [ [ -68.733, -29.133 ], [ -68.699, -29.133 ], [ -68.699, -29.166 ], [ -68.733, -29.166 ], [ -68.733, -29.133 ] ] ], [ [ [ -67.966, -29.199 ], [ -67.999, -29.199 ], [ -67.999, -29.166 ], [ -67.999, -29.133 ], [ -67.966, -29.133 ], [ -67.966, -29.166 ], [ -67.966, -29.199 ] ] ], [ [ [ -67.666, -29.133 ], [ -67.666, -29.166 ], [ -67.666, -29.199 ], [ -67.699, -29.199 ], [ -67.699, -29.166 ], [ -67.699, -29.133 ], [ -67.666, -29.133 ] ] ], [ [ [ -66.866, -29.166 ], [ -66.899, -29.166 ], [ -66.899, -29.133 ], [ -66.866, -29.133 ], [ -66.866, -29.166 ] ] ], [ [ [ -68.533, -29.133 ], [ -68.566, -29.133 ], [ -68.566, -29.099 ], [ -68.533, -29.099 ], [ -68.499, -29.099 ], [ -68.499, -29.133 ], [ -68.533, -29.133 ] ] ], [ [ [ -67.666, -29.133 ], [ -67.666, -29.099 ], [ -67.633, -29.099 ], [ -67.633, -29.133 ], [ -67.666, -29.133 ] ] ], [ [ [ -67.133, -29.099 ], [ -67.133, -29.133 ], [ -67.166, -29.133 ], [ -67.166, -29.166 ], [ -67.166, -29.199 ], [ -67.199, -29.199 ], [ -67.199, -29.166 ], [ -67.199, -29.133 ], [ -67.199, -29.099 ], [ -67.166, -29.099 ], [ -67.133, -29.099 ] ] ], [ [ [ -67.133, -29.099 ], [ -67.133, -29.066 ], [ -67.099, -29.066 ], [ -67.099, -29.099 ], [ -67.133, -29.099 ] ] ], [ [ [ -68.733, -29.133 ], [ -68.766, -29.133 ], [ -68.766, -29.166 ], [ -68.766, -29.199 ], [ -68.799, -29.199 ], [ -68.799, -29.166 ], [ -68.799, -29.133 ], [ -68.799, -29.099 ], [ -68.799, -29.066 ], [ -68.799, -29.033 ], [ -68.766, -29.033 ], [ -68.733, -29.033 ], [ -68.733, -29.066 ], [ -68.733, -29.099 ], [ -68.733, -29.133 ] ] ], [ [ [ -68.433, -29.099 ], [ -68.466, -29.099 ], [ -68.466, -29.066 ], [ -68.466, -29.033 ], [ -68.433, -29.033 ], [ -68.433, -29.066 ], [ -68.433, -29.099 ] ] ], [ [ [ -67.099, -29.066 ], [ -67.099, -29.033 ], [ -67.066, -29.033 ], [ -67.033, -29.033 ], [ -67.033, -29.066 ], [ -67.066, -29.066 ], [ -67.099, -29.066 ] ] ], [ [ [ -67.599, -29.066 ], [ -67.633, -29.066 ], [ -67.633, -29.033 ], [ -67.599, -29.033 ], [ -67.599, -28.999 ], [ -67.566, -28.999 ], [ -67.566, -29.033 ], [ -67.566, -29.066 ], [ -67.599, -29.066 ] ] ], [ [ [ -66.799, -29.033 ], [ -66.833, -29.033 ], [ -66.833, -28.999 ], [ -66.799, -28.999 ], [ -66.799, -29.033 ] ] ], [ [ [ -67.999, -29.133 ], [ -68.033, -29.133 ], [ -68.033, -29.099 ], [ -68.033, -29.066 ], [ -68.033, -29.033 ], [ -68.033, -28.999 ], [ -68.033, -28.966 ], [ -67.999, -28.966 ], [ -67.999, -28.999 ], [ -67.999, -29.033 ], [ -67.999, -29.066 ], [ -67.999, -29.099 ], [ -67.999, -29.133 ] ] ], [ [ [ -67.266, -29.066 ], [ -67.299, -29.066 ], [ -67.299, -29.033 ], [ -67.299, -28.999 ], [ -67.299, -28.966 ], [ -67.266, -28.966 ], [ -67.266, -28.999 ], [ -67.266, -29.033 ], [ -67.266, -29.066 ] ] ], [ [ [ -66.999, -28.933 ], [ -67.033, -28.933 ], [ -67.033, -28.899 ], [ -66.999, -28.899 ], [ -66.999, -28.933 ] ] ], [ [ [ -66.999, -28.866 ], [ -67.033, -28.866 ], [ -67.033, -28.833 ], [ -67.033, -28.799 ], [ -66.999, -28.799 ], [ -66.999, -28.833 ], [ -66.999, -28.866 ] ] ], [ [ [ -67.266, -28.799 ], [ -67.299, -28.799 ], [ -67.299, -28.766 ], [ -67.266, -28.766 ], [ -67.266, -28.799 ] ] ], [ [ [ -68.599, -28.733 ], [ -68.566, -28.733 ], [ -68.566, -28.766 ], [ -68.566, -28.799 ], [ -68.533, -28.799 ], [ -68.499, -28.799 ], [ -68.466, -28.799 ], [ -68.433, -28.799 ], [ -68.433, -28.833 ], [ -68.433, -28.866 ], [ -68.433, -28.899 ], [ -68.433, -28.933 ], [ -68.433, -28.966 ], [ -68.466, -28.966 ], [ -68.466, -28.933 ], [ -68.466, -28.899 ], [ -68.466, -28.866 ], [ -68.466, -28.833 ], [ -68.499, -28.833 ], [ -68.533, -28.833 ], [ -68.533, -28.866 ], [ -68.566, -28.866 ], [ -68.566, -28.833 ], [ -68.599, -28.833 ], [ -68.599, -28.799 ], [ -68.599, -28.766 ], [ -68.599, -28.733 ] ] ], [ [ [ -67.199, -28.666 ], [ -67.199, -28.699 ], [ -67.233, -28.699 ], [ -67.233, -28.733 ], [ -67.266, -28.733 ], [ -67.266, -28.699 ], [ -67.266, -28.666 ], [ -67.233, -28.666 ], [ -67.199, -28.666 ] ] ], [ [ [ -66.266, -28.733 ], [ -66.299, -28.733 ], [ -66.299, -28.699 ], [ -66.299, -28.666 ], [ -66.266, -28.666 ], [ -66.266, -28.699 ], [ -66.266, -28.733 ] ] ], [ [ [ -66.199, -28.666 ], [ -66.199, -28.699 ], [ -66.233, -28.699 ], [ -66.233, -28.666 ], [ -66.199, -28.666 ] ] ], [ [ [ -67.999, -28.933 ], [ -68.033, -28.933 ], [ -68.033, -28.899 ], [ -68.033, -28.866 ], [ -67.999, -28.866 ], [ -67.999, -28.833 ], [ -67.999, -28.799 ], [ -67.999, -28.766 ], [ -67.999, -28.733 ], [ -67.999, -28.699 ], [ -67.999, -28.666 ], [ -67.999, -28.633 ], [ -67.966, -28.633 ], [ -67.966, -28.666 ], [ -67.966, -28.699 ], [ -67.966, -28.733 ], [ -67.966, -28.766 ], [ -67.966, -28.799 ], [ -67.966, -28.833 ], [ -67.966, -28.866 ], [ -67.966, -28.899 ], [ -67.999, -28.899 ], [ -67.999, -28.933 ] ] ], [ [ [ -67.566, -28.666 ], [ -67.599, -28.666 ], [ -67.599, -28.633 ], [ -67.566, -28.633 ], [ -67.566, -28.666 ] ] ], [ [ [ -67.199, -28.666 ], [ -67.199, -28.633 ], [ -67.166, -28.633 ], [ -67.166, -28.666 ], [ -67.199, -28.666 ] ] ], [ [ [ -66.966, -28.766 ], [ -66.999, -28.766 ], [ -66.999, -28.733 ], [ -66.999, -28.699 ], [ -66.999, -28.666 ], [ -66.999, -28.633 ], [ -66.966, -28.633 ], [ -66.966, -28.666 ], [ -66.966, -28.699 ], [ -66.966, -28.733 ], [ -66.966, -28.766 ] ] ], [ [ [ -67.099, -28.599 ], [ -67.099, -28.633 ], [ -67.133, -28.633 ], [ -67.133, -28.599 ], [ -67.099, -28.599 ] ] ], [ [ [ -68.599, -28.733 ], [ -68.633, -28.733 ], [ -68.666, -28.733 ], [ -68.666, -28.699 ], [ -68.666, -28.666 ], [ -68.666, -28.633 ], [ -68.633, -28.633 ], [ -68.633, -28.599 ], [ -68.599, -28.599 ], [ -68.599, -28.566 ], [ -68.566, -28.566 ], [ -68.533, -28.566 ], [ -68.533, -28.599 ], [ -68.533, -28.633 ], [ -68.533, -28.666 ], [ -68.566, -28.666 ], [ -68.566, -28.699 ], [ -68.599, -28.699 ], [ -68.599, -28.733 ] ] ], [ [ [ -67.566, -28.666 ], [ -67.533, -28.666 ], [ -67.533, -28.699 ], [ -67.499, -28.699 ], [ -67.499, -28.733 ], [ -67.499, -28.766 ], [ -67.499, -28.799 ], [ -67.499, -28.833 ], [ -67.533, -28.833 ], [ -67.533, -28.799 ], [ -67.566, -28.799 ], [ -67.599, -28.799 ], [ -67.599, -28.833 ], [ -67.599, -28.866 ], [ -67.599, -28.899 ], [ -67.633, -28.899 ], [ -67.633, -28.866 ], [ -67.666, -28.866 ], [ -67.666, -28.833 ], [ -67.666, -28.799 ], [ -67.666, -28.766 ], [ -67.699, -28.766 ], [ -67.733, -28.766 ], [ -67.733, -28.733 ], [ -67.733, -28.699 ], [ -67.733, -28.666 ], [ -67.733, -28.633 ], [ -67.733, -28.599 ], [ -67.733, -28.566 ], [ -67.699, -28.566 ], [ -67.699, -28.599 ], [ -67.699, -28.633 ], [ -67.699, -28.666 ], [ -67.699, -28.699 ], [ -67.666, -28.699 ], [ -67.633, -28.699 ], [ -67.633, -28.733 ], [ -67.633, -28.766 ], [ -67.599, -28.766 ], [ -67.599, -28.733 ], [ -67.599, -28.699 ], [ -67.566, -28.699 ], [ -67.566, -28.666 ] ] ], [ [ [ -67.099, -28.599 ], [ -67.099, -28.566 ], [ -67.066, -28.566 ], [ -67.066, -28.599 ], [ -67.099, -28.599 ] ] ], [ [ [ -66.199, -28.666 ], [ -66.199, -28.633 ], [ -66.166, -28.633 ], [ -66.166, -28.599 ], [ -66.166, -28.566 ], [ -66.133, -28.566 ], [ -66.099, -28.566 ], [ -66.066, -28.566 ], [ -66.066, -28.599 ], [ -66.099, -28.599 ], [ -66.099, -28.633 ], [ -66.133, -28.633 ], [ -66.133, -28.666 ], [ -66.166, -28.666 ], [ -66.199, -28.666 ] ] ], [ [ [ -66.199, -28.533 ], [ -66.199, -28.566 ], [ -66.233, -28.566 ], [ -66.233, -28.533 ], [ -66.199, -28.533 ] ] ], [ [ [ -65.999, -28.566 ], [ -66.033, -28.566 ], [ -66.033, -28.533 ], [ -65.999, -28.533 ], [ -65.999, -28.566 ] ] ], [ [ [ -67.966, -28.499 ], [ -67.933, -28.499 ], [ -67.933, -28.533 ], [ -67.966, -28.533 ], [ -67.966, -28.499 ] ] ], [ [ [ -67.733, -28.499 ], [ -67.699, -28.499 ], [ -67.699, -28.533 ], [ -67.733, -28.533 ], [ -67.733, -28.499 ] ] ], [ [ [ -67.066, -28.566 ], [ -67.066, -28.533 ], [ -67.066, -28.499 ], [ -67.033, -28.499 ], [ -67.033, -28.533 ], [ -67.033, -28.566 ], [ -67.066, -28.566 ] ] ], [ [ [ -66.199, -28.533 ], [ -66.199, -28.499 ], [ -66.166, -28.499 ], [ -66.166, -28.533 ], [ -66.199, -28.533 ] ] ], [ [ [ -67.733, -28.499 ], [ -67.766, -28.499 ], [ -67.766, -28.466 ], [ -67.733, -28.466 ], [ -67.733, -28.499 ] ] ], [ [ [ -66.999, -28.466 ], [ -66.966, -28.466 ], [ -66.966, -28.499 ], [ -66.966, -28.533 ], [ -66.966, -28.566 ], [ -66.966, -28.599 ], [ -66.999, -28.599 ], [ -66.999, -28.566 ], [ -66.999, -28.533 ], [ -66.999, -28.499 ], [ -66.999, -28.466 ] ] ], [ [ [ -66.166, -28.499 ], [ -66.166, -28.466 ], [ -66.133, -28.466 ], [ -66.133, -28.499 ], [ -66.166, -28.499 ] ] ], [ [ [ -66.999, -28.466 ], [ -67.033, -28.466 ], [ -67.033, -28.433 ], [ -66.999, -28.433 ], [ -66.999, -28.466 ] ] ], [ [ [ -65.933, -28.399 ], [ -65.933, -28.433 ], [ -65.933, -28.466 ], [ -65.966, -28.466 ], [ -65.966, -28.433 ], [ -65.966, -28.399 ], [ -65.933, -28.399 ] ] ], [ [ [ -65.933, -28.399 ], [ -65.933, -28.366 ], [ -65.899, -28.366 ], [ -65.899, -28.399 ], [ -65.933, -28.399 ] ] ], [ [ [ -68.166, -28.533 ], [ -68.166, -28.566 ], [ -68.199, -28.566 ], [ -68.233, -28.566 ], [ -68.266, -28.566 ], [ -68.266, -28.533 ], [ -68.266, -28.499 ], [ -68.299, -28.499 ], [ -68.299, -28.466 ], [ -68.299, -28.433 ], [ -68.333, -28.433 ], [ -68.366, -28.433 ], [ -68.366, -28.466 ], [ -68.399, -28.466 ], [ -68.433, -28.466 ], [ -68.433, -28.499 ], [ -68.466, -28.499 ], [ -68.466, -28.533 ], [ -68.499, -28.533 ], [ -68.499, -28.566 ], [ -68.533, -28.566 ], [ -68.533, -28.533 ], [ -68.533, -28.499 ], [ -68.499, -28.499 ], [ -68.499, -28.466 ], [ -68.499, -28.433 ], [ -68.466, -28.433 ], [ -68.433, -28.433 ], [ -68.399, -28.433 ], [ -68.399, -28.399 ], [ -68.366, -28.399 ], [ -68.366, -28.366 ], [ -68.333, -28.366 ], [ -68.333, -28.333 ], [ -68.299, -28.333 ], [ -68.266, -28.333 ], [ -68.266, -28.366 ], [ -68.266, -28.399 ], [ -68.266, -28.433 ], [ -68.233, -28.433 ], [ -68.233, -28.466 ], [ -68.233, -28.499 ], [ -68.233, -28.533 ], [ -68.199, -28.533 ], [ -68.166, -28.533 ] ] ], [ [ [ -67.966, -28.499 ], [ -67.999, -28.499 ], [ -67.999, -28.466 ], [ -67.999, -28.433 ], [ -67.999, -28.399 ], [ -68.033, -28.399 ], [ -68.033, -28.433 ], [ -68.066, -28.433 ], [ -68.066, -28.466 ], [ -68.099, -28.466 ], [ -68.099, -28.499 ], [ -68.133, -28.499 ], [ -68.133, -28.533 ], [ -68.166, -28.533 ], [ -68.166, -28.499 ], [ -68.166, -28.466 ], [ -68.133, -28.466 ], [ -68.133, -28.433 ], [ -68.099, -28.433 ], [ -68.099, -28.399 ], [ -68.066, -28.399 ], [ -68.066, -28.366 ], [ -68.033, -28.366 ], [ -68.033, -28.333 ], [ -67.999, -28.333 ], [ -67.966, -28.333 ], [ -67.966, -28.366 ], [ -67.966, -28.399 ], [ -67.966, -28.433 ], [ -67.966, -28.466 ], [ -67.966, -28.499 ] ] ], [ [ [ -66.099, -28.433 ], [ -66.133, -28.433 ], [ -66.133, -28.399 ], [ -66.133, -28.366 ], [ -66.133, -28.333 ], [ -66.099, -28.333 ], [ -66.099, -28.366 ], [ -66.099, -28.399 ], [ -66.099, -28.433 ] ] ], [ [ [ -65.933, -28.366 ], [ -65.966, -28.366 ], [ -65.966, -28.333 ], [ -65.933, -28.333 ], [ -65.933, -28.366 ] ] ], [ [ [ -67.733, -28.333 ], [ -67.766, -28.333 ], [ -67.766, -28.299 ], [ -67.733, -28.299 ], [ -67.733, -28.333 ] ] ], [ [ [ -65.933, -28.299 ], [ -65.966, -28.299 ], [ -65.966, -28.266 ], [ -65.933, -28.266 ], [ -65.933, -28.299 ] ] ], [ [ [ -67.766, -28.266 ], [ -67.799, -28.266 ], [ -67.799, -28.233 ], [ -67.766, -28.233 ], [ -67.766, -28.199 ], [ -67.766, -28.166 ], [ -67.733, -28.166 ], [ -67.733, -28.199 ], [ -67.733, -28.233 ], [ -67.733, -28.266 ], [ -67.766, -28.266 ] ] ], [ [ [ -67.733, -28.133 ], [ -67.766, -28.133 ], [ -67.766, -28.099 ], [ -67.733, -28.099 ], [ -67.733, -28.133 ] ] ], [ [ [ -65.933, -28.133 ], [ -65.966, -28.133 ], [ -65.966, -28.099 ], [ -65.933, -28.099 ], [ -65.933, -28.133 ] ] ], [ [ [ -67.266, -28.066 ], [ -67.266, -28.099 ], [ -67.266, -28.133 ], [ -67.266, -28.166 ], [ -67.299, -28.166 ], [ -67.299, -28.133 ], [ -67.299, -28.099 ], [ -67.299, -28.066 ], [ -67.266, -28.066 ] ] ], [ [ [ -66.066, -28.166 ], [ -66.099, -28.166 ], [ -66.099, -28.133 ], [ -66.099, -28.099 ], [ -66.099, -28.066 ], [ -66.066, -28.066 ], [ -66.066, -28.099 ], [ -66.066, -28.133 ], [ -66.066, -28.166 ] ] ], [ [ [ -67.799, -28.033 ], [ -67.766, -28.033 ], [ -67.766, -28.066 ], [ -67.799, -28.066 ], [ -67.799, -28.033 ] ] ], [ [ [ -67.333, -28.066 ], [ -67.366, -28.066 ], [ -67.366, -28.033 ], [ -67.333, -28.033 ], [ -67.333, -28.066 ] ] ], [ [ [ -67.266, -28.066 ], [ -67.266, -28.033 ], [ -67.233, -28.033 ], [ -67.233, -28.066 ], [ -67.266, -28.066 ] ] ], [ [ [ -67.766, -28.033 ], [ -67.766, -27.999 ], [ -67.733, -27.999 ], [ -67.699, -27.999 ], [ -67.699, -28.033 ], [ -67.699, -28.066 ], [ -67.733, -28.066 ], [ -67.733, -28.033 ], [ -67.766, -28.033 ] ] ], [ [ [ -66.099, -28.033 ], [ -66.133, -28.033 ], [ -66.133, -27.999 ], [ -66.099, -27.999 ], [ -66.099, -28.033 ] ] ], [ [ [ -67.699, -27.966 ], [ -67.733, -27.966 ], [ -67.733, -27.933 ], [ -67.699, -27.933 ], [ -67.699, -27.966 ] ] ], [ [ [ -67.333, -27.999 ], [ -67.366, -27.999 ], [ -67.366, -27.966 ], [ -67.366, -27.933 ], [ -67.333, -27.933 ], [ -67.333, -27.966 ], [ -67.333, -27.999 ] ] ], [ [ [ -65.966, -27.933 ], [ -65.966, -27.966 ], [ -65.966, -27.999 ], [ -65.966, -28.033 ], [ -65.966, -28.066 ], [ -65.999, -28.066 ], [ -65.999, -28.033 ], [ -65.999, -27.999 ], [ -65.999, -27.966 ], [ -65.999, -27.933 ], [ -65.966, -27.933 ] ] ], [ [ [ -66.066, -27.933 ], [ -66.099, -27.933 ], [ -66.099, -27.899 ], [ -66.066, -27.899 ], [ -66.066, -27.933 ] ] ], [ [ [ -67.799, -28.033 ], [ -67.833, -28.033 ], [ -67.833, -27.999 ], [ -67.866, -27.999 ], [ -67.866, -27.966 ], [ -67.899, -27.966 ], [ -67.899, -27.933 ], [ -67.866, -27.933 ], [ -67.866, -27.899 ], [ -67.833, -27.899 ], [ -67.833, -27.866 ], [ -67.833, -27.833 ], [ -67.833, -27.799 ], [ -67.799, -27.799 ], [ -67.799, -27.833 ], [ -67.799, -27.866 ], [ -67.799, -27.899 ], [ -67.799, -27.933 ], [ -67.833, -27.933 ], [ -67.833, -27.966 ], [ -67.799, -27.966 ], [ -67.799, -27.999 ], [ -67.799, -28.033 ] ] ], [ [ [ -67.533, -27.899 ], [ -67.566, -27.899 ], [ -67.566, -27.866 ], [ -67.566, -27.833 ], [ -67.566, -27.799 ], [ -67.533, -27.799 ], [ -67.533, -27.833 ], [ -67.533, -27.866 ], [ -67.533, -27.899 ] ] ], [ [ [ -67.466, -27.866 ], [ -67.499, -27.866 ], [ -67.499, -27.833 ], [ -67.466, -27.833 ], [ -67.466, -27.799 ], [ -67.433, -27.799 ], [ -67.433, -27.833 ], [ -67.433, -27.866 ], [ -67.466, -27.866 ] ] ], [ [ [ -65.999, -27.866 ], [ -66.033, -27.866 ], [ -66.033, -27.833 ], [ -66.066, -27.833 ], [ -66.066, -27.799 ], [ -66.033, -27.799 ], [ -65.999, -27.799 ], [ -65.999, -27.833 ], [ -65.999, -27.866 ] ] ], [ [ [ -67.366, -27.766 ], [ -67.399, -27.766 ], [ -67.433, -27.766 ], [ -67.433, -27.733 ], [ -67.399, -27.733 ], [ -67.366, -27.733 ], [ -67.366, -27.766 ] ] ], [ [ [ -66.066, -27.799 ], [ -66.099, -27.799 ], [ -66.099, -27.766 ], [ -66.099, -27.733 ], [ -66.066, -27.733 ], [ -66.066, -27.766 ], [ -66.066, -27.799 ] ] ], [ [ [ -67.799, -27.699 ], [ -67.766, -27.699 ], [ -67.766, -27.733 ], [ -67.766, -27.766 ], [ -67.799, -27.766 ], [ -67.799, -27.733 ], [ -67.799, -27.699 ] ] ], [ [ [ -67.366, -27.766 ], [ -67.333, -27.766 ], [ -67.333, -27.733 ], [ -67.333, -27.699 ], [ -67.299, -27.699 ], [ -67.299, -27.733 ], [ -67.266, -27.733 ], [ -67.266, -27.766 ], [ -67.299, -27.766 ], [ -67.299, -27.799 ], [ -67.333, -27.799 ], [ -67.333, -27.833 ], [ -67.333, -27.866 ], [ -67.366, -27.866 ], [ -67.366, -27.833 ], [ -67.366, -27.799 ], [ -67.366, -27.766 ] ] ], [ [ [ -66.066, -27.733 ], [ -66.066, -27.699 ], [ -66.033, -27.699 ], [ -66.033, -27.733 ], [ -66.066, -27.733 ] ] ], [ [ [ -65.966, -27.933 ], [ -65.966, -27.899 ], [ -65.999, -27.899 ], [ -65.999, -27.866 ], [ -65.966, -27.866 ], [ -65.966, -27.833 ], [ -65.966, -27.799 ], [ -65.966, -27.766 ], [ -65.966, -27.733 ], [ -65.999, -27.733 ], [ -65.999, -27.699 ], [ -65.966, -27.699 ], [ -65.933, -27.699 ], [ -65.933, -27.733 ], [ -65.933, -27.766 ], [ -65.933, -27.799 ], [ -65.933, -27.833 ], [ -65.933, -27.866 ], [ -65.933, -27.899 ], [ -65.933, -27.933 ], [ -65.966, -27.933 ] ] ], [ [ [ -67.799, -27.699 ], [ -67.833, -27.699 ], [ -67.833, -27.733 ], [ -67.866, -27.733 ], [ -67.866, -27.699 ], [ -67.866, -27.666 ], [ -67.833, -27.666 ], [ -67.799, -27.666 ], [ -67.799, -27.699 ] ] ], [ [ [ -67.766, -27.699 ], [ -67.766, -27.666 ], [ -67.733, -27.666 ], [ -67.733, -27.699 ], [ -67.766, -27.699 ] ] ], [ [ [ -67.499, -27.733 ], [ -67.533, -27.733 ], [ -67.533, -27.699 ], [ -67.533, -27.666 ], [ -67.499, -27.666 ], [ -67.499, -27.699 ], [ -67.499, -27.733 ] ] ], [ [ [ -65.933, -27.633 ], [ -65.899, -27.633 ], [ -65.899, -27.666 ], [ -65.933, -27.666 ], [ -65.933, -27.633 ] ] ], [ [ [ -67.299, -27.699 ], [ -67.299, -27.666 ], [ -67.299, -27.633 ], [ -67.299, -27.599 ], [ -67.266, -27.599 ], [ -67.266, -27.633 ], [ -67.266, -27.666 ], [ -67.233, -27.666 ], [ -67.233, -27.699 ], [ -67.266, -27.699 ], [ -67.299, -27.699 ] ] ], [ [ [ -67.499, -27.566 ], [ -67.466, -27.566 ], [ -67.466, -27.599 ], [ -67.499, -27.599 ], [ -67.499, -27.566 ] ] ], [ [ [ -67.166, -27.599 ], [ -67.199, -27.599 ], [ -67.199, -27.566 ], [ -67.166, -27.566 ], [ -67.166, -27.599 ] ] ], [ [ [ -67.499, -27.566 ], [ -67.533, -27.566 ], [ -67.533, -27.533 ], [ -67.499, -27.533 ], [ -67.499, -27.566 ] ] ], [ [ [ -66.199, -27.533 ], [ -66.166, -27.533 ], [ -66.133, -27.533 ], [ -66.133, -27.566 ], [ -66.166, -27.566 ], [ -66.166, -27.599 ], [ -66.199, -27.599 ], [ -66.199, -27.566 ], [ -66.199, -27.533 ] ] ], [ [ [ -65.933, -27.633 ], [ -65.966, -27.633 ], [ -65.966, -27.599 ], [ -65.966, -27.566 ], [ -65.966, -27.533 ], [ -65.933, -27.533 ], [ -65.933, -27.566 ], [ -65.933, -27.599 ], [ -65.933, -27.633 ] ] ], [ [ [ -67.499, -27.533 ], [ -67.499, -27.499 ], [ -67.466, -27.499 ], [ -67.466, -27.533 ], [ -67.499, -27.533 ] ] ], [ [ [ -67.133, -27.499 ], [ -67.133, -27.533 ], [ -67.166, -27.533 ], [ -67.166, -27.499 ], [ -67.133, -27.499 ] ] ], [ [ [ -66.833, -27.499 ], [ -66.833, -27.533 ], [ -66.866, -27.533 ], [ -66.899, -27.533 ], [ -66.899, -27.499 ], [ -66.866, -27.499 ], [ -66.833, -27.499 ] ] ], [ [ [ -66.199, -27.533 ], [ -66.233, -27.533 ], [ -66.233, -27.499 ], [ -66.199, -27.499 ], [ -66.199, -27.533 ] ] ], [ [ [ -66.833, -27.499 ], [ -66.833, -27.466 ], [ -66.799, -27.466 ], [ -66.799, -27.499 ], [ -66.833, -27.499 ] ] ], [ [ [ -67.133, -27.499 ], [ -67.133, -27.466 ], [ -67.133, -27.433 ], [ -67.099, -27.433 ], [ -67.099, -27.466 ], [ -67.099, -27.499 ], [ -67.133, -27.499 ] ] ], [ [ [ -66.833, -27.466 ], [ -66.866, -27.466 ], [ -66.866, -27.433 ], [ -66.833, -27.433 ], [ -66.833, -27.466 ] ] ], [ [ [ -66.666, -27.433 ], [ -66.633, -27.433 ], [ -66.599, -27.433 ], [ -66.599, -27.466 ], [ -66.633, -27.466 ], [ -66.633, -27.499 ], [ -66.599, -27.499 ], [ -66.566, -27.499 ], [ -66.566, -27.533 ], [ -66.599, -27.533 ], [ -66.633, -27.533 ], [ -66.666, -27.533 ], [ -66.699, -27.533 ], [ -66.699, -27.499 ], [ -66.666, -27.499 ], [ -66.666, -27.466 ], [ -66.666, -27.433 ] ] ], [ [ [ -66.466, -27.466 ], [ -66.499, -27.466 ], [ -66.499, -27.433 ], [ -66.466, -27.433 ], [ -66.466, -27.466 ] ] ], [ [ [ -66.366, -27.466 ], [ -66.399, -27.466 ], [ -66.399, -27.433 ], [ -66.366, -27.433 ], [ -66.333, -27.433 ], [ -66.299, -27.433 ], [ -66.266, -27.433 ], [ -66.233, -27.433 ], [ -66.233, -27.466 ], [ -66.266, -27.466 ], [ -66.299, -27.466 ], [ -66.333, -27.466 ], [ -66.366, -27.466 ] ] ], [ [ [ -66.199, -27.499 ], [ -66.199, -27.466 ], [ -66.166, -27.466 ], [ -66.133, -27.466 ], [ -66.099, -27.466 ], [ -66.099, -27.433 ], [ -66.066, -27.433 ], [ -66.066, -27.466 ], [ -66.066, -27.499 ], [ -66.099, -27.499 ], [ -66.133, -27.499 ], [ -66.166, -27.499 ], [ -66.199, -27.499 ] ] ], [ [ [ -67.466, -27.399 ], [ -67.433, -27.399 ], [ -67.433, -27.433 ], [ -67.433, -27.466 ], [ -67.466, -27.466 ], [ -67.466, -27.433 ], [ -67.466, -27.399 ] ] ], [ [ [ -67.466, -27.399 ], [ -67.499, -27.399 ], [ -67.499, -27.366 ], [ -67.466, -27.366 ], [ -67.466, -27.399 ] ] ], [ [ [ -66.666, -27.433 ], [ -66.699, -27.433 ], [ -66.733, -27.433 ], [ -66.733, -27.399 ], [ -66.699, -27.399 ], [ -66.699, -27.366 ], [ -66.666, -27.366 ], [ -66.633, -27.366 ], [ -66.633, -27.399 ], [ -66.666, -27.399 ], [ -66.666, -27.433 ] ] ], [ [ [ -66.033, -27.366 ], [ -66.033, -27.399 ], [ -66.066, -27.399 ], [ -66.066, -27.366 ], [ -66.033, -27.366 ] ] ], [ [ [ -67.066, -27.399 ], [ -67.099, -27.399 ], [ -67.099, -27.366 ], [ -67.099, -27.333 ], [ -67.066, -27.333 ], [ -67.066, -27.366 ], [ -67.066, -27.399 ] ] ], [ [ [ -67.833, -27.299 ], [ -67.833, -27.333 ], [ -67.833, -27.366 ], [ -67.799, -27.366 ], [ -67.799, -27.399 ], [ -67.799, -27.433 ], [ -67.799, -27.466 ], [ -67.799, -27.499 ], [ -67.799, -27.533 ], [ -67.799, -27.566 ], [ -67.799, -27.599 ], [ -67.799, -27.633 ], [ -67.833, -27.633 ], [ -67.833, -27.599 ], [ -67.833, -27.566 ], [ -67.833, -27.533 ], [ -67.833, -27.499 ], [ -67.833, -27.466 ], [ -67.833, -27.433 ], [ -67.833, -27.399 ], [ -67.866, -27.399 ], [ -67.866, -27.366 ], [ -67.866, -27.333 ], [ -67.866, -27.299 ], [ -67.833, -27.299 ] ] ], [ [ [ -66.533, -27.333 ], [ -66.533, -27.366 ], [ -66.499, -27.366 ], [ -66.499, -27.399 ], [ -66.533, -27.399 ], [ -66.533, -27.433 ], [ -66.566, -27.433 ], [ -66.566, -27.399 ], [ -66.566, -27.366 ], [ -66.599, -27.366 ], [ -66.599, -27.333 ], [ -66.599, -27.299 ], [ -66.566, -27.299 ], [ -66.533, -27.299 ], [ -66.533, -27.333 ] ] ], [ [ [ -66.033, -27.366 ], [ -66.033, -27.333 ], [ -66.033, -27.299 ], [ -65.999, -27.299 ], [ -65.999, -27.333 ], [ -65.999, -27.366 ], [ -66.033, -27.366 ] ] ], [ [ [ -67.466, -27.366 ], [ -67.466, -27.333 ], [ -67.466, -27.299 ], [ -67.499, -27.299 ], [ -67.499, -27.266 ], [ -67.466, -27.266 ], [ -67.433, -27.266 ], [ -67.433, -27.299 ], [ -67.433, -27.333 ], [ -67.433, -27.366 ], [ -67.466, -27.366 ] ] ], [ [ [ -67.033, -27.266 ], [ -66.999, -27.266 ], [ -66.999, -27.299 ], [ -67.033, -27.299 ], [ -67.033, -27.266 ] ] ], [ [ [ -67.033, -27.266 ], [ -67.066, -27.266 ], [ -67.066, -27.299 ], [ -67.099, -27.299 ], [ -67.099, -27.266 ], [ -67.099, -27.233 ], [ -67.066, -27.233 ], [ -67.066, -27.199 ], [ -67.033, -27.199 ], [ -66.999, -27.199 ], [ -66.999, -27.233 ], [ -67.033, -27.233 ], [ -67.033, -27.266 ] ] ], [ [ [ -65.933, -27.199 ], [ -65.933, -27.233 ], [ -65.966, -27.233 ], [ -65.966, -27.199 ], [ -65.933, -27.199 ] ] ], [ [ [ -67.599, -27.166 ], [ -67.566, -27.166 ], [ -67.566, -27.199 ], [ -67.599, -27.199 ], [ -67.599, -27.166 ] ] ], [ [ [ -66.799, -27.166 ], [ -66.766, -27.166 ], [ -66.766, -27.199 ], [ -66.799, -27.199 ], [ -66.799, -27.166 ] ] ], [ [ [ -65.933, -27.199 ], [ -65.933, -27.166 ], [ -65.899, -27.166 ], [ -65.899, -27.199 ], [ -65.933, -27.199 ] ] ], [ [ [ -67.599, -27.166 ], [ -67.633, -27.166 ], [ -67.633, -27.133 ], [ -67.599, -27.133 ], [ -67.599, -27.166 ] ] ], [ [ [ -66.766, -27.166 ], [ -66.766, -27.133 ], [ -66.733, -27.133 ], [ -66.733, -27.166 ], [ -66.766, -27.166 ] ] ], [ [ [ -65.899, -27.166 ], [ -65.899, -27.133 ], [ -65.866, -27.133 ], [ -65.866, -27.166 ], [ -65.899, -27.166 ] ] ], [ [ [ -67.733, -27.133 ], [ -67.733, -27.099 ], [ -67.699, -27.099 ], [ -67.699, -27.133 ], [ -67.733, -27.133 ] ] ], [ [ [ -67.633, -27.133 ], [ -67.666, -27.133 ], [ -67.666, -27.099 ], [ -67.633, -27.099 ], [ -67.633, -27.133 ] ] ], [ [ [ -66.966, -27.099 ], [ -66.966, -27.133 ], [ -66.966, -27.166 ], [ -66.999, -27.166 ], [ -66.999, -27.133 ], [ -66.999, -27.099 ], [ -66.966, -27.099 ] ] ], [ [ [ -67.733, -27.133 ], [ -67.733, -27.166 ], [ -67.766, -27.166 ], [ -67.799, -27.166 ], [ -67.799, -27.199 ], [ -67.799, -27.233 ], [ -67.799, -27.266 ], [ -67.799, -27.299 ], [ -67.833, -27.299 ], [ -67.833, -27.266 ], [ -67.833, -27.233 ], [ -67.833, -27.199 ], [ -67.833, -27.166 ], [ -67.833, -27.133 ], [ -67.799, -27.133 ], [ -67.799, -27.099 ], [ -67.799, -27.066 ], [ -67.766, -27.066 ], [ -67.766, -27.099 ], [ -67.766, -27.133 ], [ -67.733, -27.133 ] ] ], [ [ [ -67.666, -27.099 ], [ -67.699, -27.099 ], [ -67.699, -27.066 ], [ -67.666, -27.066 ], [ -67.666, -27.099 ] ] ], [ [ [ -66.866, -27.099 ], [ -66.866, -27.133 ], [ -66.899, -27.133 ], [ -66.933, -27.133 ], [ -66.933, -27.099 ], [ -66.966, -27.099 ], [ -66.966, -27.066 ], [ -66.933, -27.066 ], [ -66.899, -27.066 ], [ -66.899, -27.099 ], [ -66.866, -27.099 ] ] ], [ [ [ -66.766, -27.133 ], [ -66.799, -27.133 ], [ -66.799, -27.166 ], [ -66.833, -27.166 ], [ -66.833, -27.133 ], [ -66.833, -27.099 ], [ -66.866, -27.099 ], [ -66.866, -27.066 ], [ -66.833, -27.066 ], [ -66.799, -27.066 ], [ -66.799, -27.099 ], [ -66.766, -27.099 ], [ -66.766, -27.133 ] ] ], [ [ [ -65.833, -27.099 ], [ -65.866, -27.099 ], [ -65.866, -27.066 ], [ -65.833, -27.066 ], [ -65.833, -27.099 ] ] ], [ [ [ -66.799, -27.066 ], [ -66.799, -27.033 ], [ -66.766, -27.033 ], [ -66.766, -27.066 ], [ -66.799, -27.066 ] ] ], [ [ [ -66.766, -27.033 ], [ -66.766, -26.999 ], [ -66.733, -26.999 ], [ -66.733, -27.033 ], [ -66.766, -27.033 ] ] ], [ [ [ -65.666, -26.999 ], [ -65.699, -26.999 ], [ -65.699, -26.966 ], [ -65.666, -26.966 ], [ -65.666, -26.999 ] ] ], [ [ [ -66.133, -26.933 ], [ -66.166, -26.933 ], [ -66.166, -26.899 ], [ -66.133, -26.899 ], [ -66.133, -26.933 ] ] ], [ [ [ -66.066, -26.933 ], [ -66.066, -26.899 ], [ -66.033, -26.899 ], [ -66.033, -26.933 ], [ -66.066, -26.933 ] ] ], [ [ [ -65.633, -26.899 ], [ -65.599, -26.899 ], [ -65.599, -26.933 ], [ -65.633, -26.933 ], [ -65.633, -26.899 ] ] ], [ [ [ -65.633, -26.899 ], [ -65.666, -26.899 ], [ -65.666, -26.866 ], [ -65.633, -26.866 ], [ -65.633, -26.899 ] ] ], [ [ [ -66.033, -26.899 ], [ -66.033, -26.866 ], [ -66.033, -26.833 ], [ -65.999, -26.833 ], [ -65.999, -26.866 ], [ -65.999, -26.899 ], [ -66.033, -26.899 ] ] ], [ [ [ -65.733, -26.833 ], [ -65.733, -26.866 ], [ -65.733, -26.899 ], [ -65.733, -26.933 ], [ -65.733, -26.966 ], [ -65.733, -26.999 ], [ -65.766, -26.999 ], [ -65.766, -26.966 ], [ -65.766, -26.933 ], [ -65.766, -26.899 ], [ -65.766, -26.866 ], [ -65.766, -26.833 ], [ -65.733, -26.833 ] ] ], [ [ [ -66.099, -26.833 ], [ -66.133, -26.833 ], [ -66.133, -26.799 ], [ -66.099, -26.799 ], [ -66.099, -26.833 ] ] ], [ [ [ -65.733, -26.833 ], [ -65.733, -26.799 ], [ -65.699, -26.799 ], [ -65.699, -26.833 ], [ -65.733, -26.833 ] ] ], [ [ [ -65.566, -26.866 ], [ -65.599, -26.866 ], [ -65.599, -26.833 ], [ -65.599, -26.799 ], [ -65.566, -26.799 ], [ -65.566, -26.833 ], [ -65.566, -26.866 ] ] ], [ [ [ -65.966, -26.766 ], [ -65.966, -26.799 ], [ -65.999, -26.799 ], [ -65.999, -26.766 ], [ -65.966, -26.766 ] ] ], [ [ [ -65.966, -26.766 ], [ -65.966, -26.733 ], [ -65.933, -26.733 ], [ -65.933, -26.766 ], [ -65.966, -26.766 ] ] ], [ [ [ -65.933, -26.733 ], [ -65.933, -26.699 ], [ -65.899, -26.699 ], [ -65.899, -26.733 ], [ -65.933, -26.733 ] ] ], [ [ [ -65.899, -26.699 ], [ -65.899, -26.666 ], [ -65.866, -26.666 ], [ -65.866, -26.699 ], [ -65.899, -26.699 ] ] ], [ [ [ -66.066, -26.933 ], [ -66.066, -26.966 ], [ -66.066, -26.999 ], [ -66.099, -26.999 ], [ -66.099, -27.033 ], [ -66.133, -27.033 ], [ -66.133, -27.066 ], [ -66.166, -27.066 ], [ -66.166, -27.099 ], [ -66.199, -27.099 ], [ -66.199, -27.133 ], [ -66.233, -27.133 ], [ -66.233, -27.166 ], [ -66.266, -27.166 ], [ -66.299, -27.166 ], [ -66.299, -27.199 ], [ -66.333, -27.199 ], [ -66.366, -27.199 ], [ -66.366, -27.166 ], [ -66.399, -27.166 ], [ -66.433, -27.166 ], [ -66.466, -27.166 ], [ -66.466, -27.133 ], [ -66.499, -27.133 ], [ -66.533, -27.133 ], [ -66.566, -27.133 ], [ -66.566, -27.166 ], [ -66.599, -27.166 ], [ -66.599, -27.199 ], [ -66.599, -27.233 ], [ -66.633, -27.233 ], [ -66.633, -27.266 ], [ -66.666, -27.266 ], [ -66.699, -27.266 ], [ -66.699, -27.299 ], [ -66.733, -27.299 ], [ -66.733, -27.333 ], [ -66.733, -27.366 ], [ -66.733, -27.399 ], [ -66.766, -27.399 ], [ -66.799, -27.399 ], [ -66.799, -27.366 ], [ -66.799, -27.333 ], [ -66.799, -27.299 ], [ -66.766, -27.299 ], [ -66.766, -27.266 ], [ -66.766, -27.233 ], [ -66.733, -27.233 ], [ -66.699, -27.233 ], [ -66.699, -27.199 ], [ -66.666, -27.199 ], [ -66.666, -27.166 ], [ -66.666, -27.133 ], [ -66.699, -27.133 ], [ -66.699, -27.099 ], [ -66.666, -27.099 ], [ -66.666, -27.066 ], [ -66.633, -27.066 ], [ -66.599, -27.066 ], [ -66.566, -27.066 ], [ -66.566, -27.033 ], [ -66.533, -27.033 ], [ -66.533, -26.999 ], [ -66.533, -26.966 ], [ -66.533, -26.933 ], [ -66.533, -26.899 ], [ -66.499, -26.899 ], [ -66.499, -26.866 ], [ -66.466, -26.866 ], [ -66.466, -26.833 ], [ -66.466, -26.799 ], [ -66.433, -26.799 ], [ -66.433, -26.833 ], [ -66.399, -26.833 ], [ -66.399, -26.799 ], [ -66.366, -26.799 ], [ -66.333, -26.799 ], [ -66.333, -26.766 ], [ -66.333, -26.733 ], [ -66.333, -26.699 ], [ -66.333, -26.666 ], [ -66.333, -26.633 ], [ -66.299, -26.633 ], [ -66.299, -26.666 ], [ -66.299, -26.699 ], [ -66.299, -26.733 ], [ -66.266, -26.733 ], [ -66.266, -26.766 ], [ -66.266, -26.799 ], [ -66.266, -26.833 ], [ -66.266, -26.866 ], [ -66.266, -26.899 ], [ -66.233, -26.899 ], [ -66.233, -26.933 ], [ -66.233, -26.966 ], [ -66.199, -26.966 ], [ -66.166, -26.966 ], [ -66.166, -26.999 ], [ -66.133, -26.999 ], [ -66.133, -26.966 ], [ -66.099, -26.966 ], [ -66.099, -26.933 ], [ -66.066, -26.933 ] ] ], [ [ [ -65.599, -26.766 ], [ -65.633, -26.766 ], [ -65.633, -26.733 ], [ -65.633, -26.699 ], [ -65.633, -26.666 ], [ -65.633, -26.633 ], [ -65.633, -26.599 ], [ -65.599, -26.599 ], [ -65.599, -26.633 ], [ -65.599, -26.666 ], [ -65.599, -26.699 ], [ -65.599, -26.733 ], [ -65.599, -26.766 ] ] ], [ [ [ -65.499, -26.633 ], [ -65.533, -26.633 ], [ -65.533, -26.599 ], [ -65.499, -26.599 ], [ -65.499, -26.633 ] ] ], [ [ [ -66.099, -26.699 ], [ -66.133, -26.699 ], [ -66.133, -26.666 ], [ -66.133, -26.633 ], [ -66.133, -26.599 ], [ -66.133, -26.566 ], [ -66.099, -26.566 ], [ -66.099, -26.599 ], [ -66.099, -26.633 ], [ -66.099, -26.666 ], [ -66.099, -26.699 ] ] ], [ [ [ -65.866, -26.666 ], [ -65.866, -26.633 ], [ -65.866, -26.599 ], [ -65.866, -26.566 ], [ -65.866, -26.533 ], [ -65.833, -26.533 ], [ -65.833, -26.566 ], [ -65.833, -26.599 ], [ -65.833, -26.633 ], [ -65.833, -26.666 ], [ -65.866, -26.666 ] ] ], [ [ [ -65.633, -26.566 ], [ -65.666, -26.566 ], [ -65.666, -26.533 ], [ -65.666, -26.499 ], [ -65.633, -26.499 ], [ -65.633, -26.533 ], [ -65.633, -26.566 ] ] ], [ [ [ -66.066, -26.466 ], [ -66.066, -26.499 ], [ -66.066, -26.533 ], [ -66.099, -26.533 ], [ -66.099, -26.499 ], [ -66.099, -26.466 ], [ -66.066, -26.466 ] ] ], [ [ [ -65.833, -26.533 ], [ -65.833, -26.499 ], [ -65.833, -26.466 ], [ -65.833, -26.433 ], [ -65.799, -26.433 ], [ -65.799, -26.466 ], [ -65.799, -26.499 ], [ -65.799, -26.533 ], [ -65.833, -26.533 ] ] ], [ [ [ -65.633, -26.466 ], [ -65.666, -26.466 ], [ -65.666, -26.433 ], [ -65.633, -26.433 ], [ -65.633, -26.466 ] ] ], [ [ [ -66.066, -26.466 ], [ -66.066, -26.433 ], [ -66.066, -26.399 ], [ -66.033, -26.399 ], [ -66.033, -26.433 ], [ -66.033, -26.466 ], [ -66.066, -26.466 ] ] ], [ [ [ -65.766, -26.366 ], [ -65.799, -26.366 ], [ -65.799, -26.333 ], [ -65.766, -26.333 ], [ -65.766, -26.366 ] ] ], [ [ [ -65.999, -26.333 ], [ -66.033, -26.333 ], [ -66.033, -26.299 ], [ -65.999, -26.299 ], [ -65.999, -26.333 ] ] ], [ [ [ -65.633, -26.299 ], [ -65.666, -26.299 ], [ -65.666, -26.266 ], [ -65.633, -26.266 ], [ -65.633, -26.299 ] ] ], [ [ [ -65.999, -26.233 ], [ -65.966, -26.233 ], [ -65.966, -26.266 ], [ -65.999, -26.266 ], [ -65.999, -26.233 ] ] ], [ [ [ -65.999, -26.233 ], [ -66.033, -26.233 ], [ -66.033, -26.199 ], [ -65.999, -26.199 ], [ -65.999, -26.233 ] ] ], [ [ [ -65.633, -26.233 ], [ -65.666, -26.233 ], [ -65.666, -26.199 ], [ -65.633, -26.199 ], [ -65.633, -26.233 ] ] ], [ [ [ -65.999, -26.199 ], [ -65.999, -26.166 ], [ -65.966, -26.166 ], [ -65.966, -26.199 ], [ -65.999, -26.199 ] ] ], [ [ [ -65.766, -26.099 ], [ -65.766, -26.133 ], [ -65.733, -26.133 ], [ -65.733, -26.166 ], [ -65.733, -26.199 ], [ -65.733, -26.233 ], [ -65.733, -26.266 ], [ -65.766, -26.266 ], [ -65.766, -26.233 ], [ -65.766, -26.199 ], [ -65.766, -26.166 ], [ -65.799, -26.166 ], [ -65.799, -26.133 ], [ -65.799, -26.099 ], [ -65.766, -26.099 ] ] ], [ [ [ -65.733, -26.066 ], [ -65.699, -26.066 ], [ -65.699, -26.099 ], [ -65.733, -26.099 ], [ -65.733, -26.066 ] ] ], [ [ [ -65.733, -26.066 ], [ -65.766, -26.066 ], [ -65.766, -26.033 ], [ -65.733, -26.033 ], [ -65.733, -26.066 ] ] ], [ [ [ -65.699, -26.066 ], [ -65.699, -26.033 ], [ -65.666, -26.033 ], [ -65.666, -26.066 ], [ -65.699, -26.066 ] ] ], [ [ [ -65.599, -26.099 ], [ -65.633, -26.099 ], [ -65.633, -26.066 ], [ -65.633, -26.033 ], [ -65.599, -26.033 ], [ -65.599, -26.066 ], [ -65.599, -26.099 ] ] ], [ [ [ -66.033, -26.099 ], [ -66.066, -26.099 ], [ -66.066, -26.066 ], [ -66.066, -26.033 ], [ -66.066, -25.999 ], [ -66.033, -25.999 ], [ -66.033, -26.033 ], [ -66.033, -26.066 ], [ -66.033, -26.099 ] ] ], [ [ [ -66.133, -25.833 ], [ -66.099, -25.833 ], [ -66.099, -25.866 ], [ -66.133, -25.866 ], [ -66.133, -25.833 ] ] ], [ [ [ -66.266, -25.833 ], [ -66.266, -25.799 ], [ -66.233, -25.799 ], [ -66.233, -25.833 ], [ -66.266, -25.833 ] ] ], [ [ [ -66.133, -25.833 ], [ -66.166, -25.833 ], [ -66.166, -25.799 ], [ -66.133, -25.799 ], [ -66.133, -25.833 ] ] ], [ [ [ -65.599, -25.833 ], [ -65.599, -25.866 ], [ -65.566, -25.866 ], [ -65.566, -25.899 ], [ -65.566, -25.933 ], [ -65.599, -25.933 ], [ -65.599, -25.966 ], [ -65.633, -25.966 ], [ -65.633, -25.999 ], [ -65.666, -25.999 ], [ -65.666, -25.966 ], [ -65.666, -25.933 ], [ -65.666, -25.899 ], [ -65.666, -25.866 ], [ -65.633, -25.866 ], [ -65.633, -25.833 ], [ -65.666, -25.833 ], [ -65.666, -25.799 ], [ -65.633, -25.799 ], [ -65.599, -25.799 ], [ -65.599, -25.833 ] ] ], [ [ [ -66.266, -25.833 ], [ -66.266, -25.866 ], [ -66.266, -25.899 ], [ -66.266, -25.933 ], [ -66.299, -25.933 ], [ -66.299, -25.899 ], [ -66.333, -25.899 ], [ -66.366, -25.899 ], [ -66.366, -25.866 ], [ -66.399, -25.866 ], [ -66.399, -25.833 ], [ -66.366, -25.833 ], [ -66.333, -25.833 ], [ -66.333, -25.799 ], [ -66.333, -25.766 ], [ -66.333, -25.733 ], [ -66.299, -25.733 ], [ -66.299, -25.766 ], [ -66.299, -25.799 ], [ -66.299, -25.833 ], [ -66.266, -25.833 ] ] ], [ [ [ -66.299, -25.733 ], [ -66.299, -25.699 ], [ -66.299, -25.666 ], [ -66.266, -25.666 ], [ -66.266, -25.699 ], [ -66.233, -25.699 ], [ -66.233, -25.733 ], [ -66.199, -25.733 ], [ -66.166, -25.733 ], [ -66.166, -25.766 ], [ -66.199, -25.766 ], [ -66.233, -25.766 ], [ -66.266, -25.766 ], [ -66.266, -25.733 ], [ -66.299, -25.733 ] ] ], [ [ [ -66.299, -25.666 ], [ -66.333, -25.666 ], [ -66.333, -25.633 ], [ -66.299, -25.633 ], [ -66.299, -25.666 ] ] ], [ [ [ -66.433, -25.599 ], [ -66.399, -25.599 ], [ -66.366, -25.599 ], [ -66.366, -25.633 ], [ -66.399, -25.633 ], [ -66.399, -25.666 ], [ -66.433, -25.666 ], [ -66.433, -25.633 ], [ -66.433, -25.599 ] ] ], [ [ [ -66.299, -25.633 ], [ -66.299, -25.599 ], [ -66.266, -25.599 ], [ -66.266, -25.633 ], [ -66.299, -25.633 ] ] ], [ [ [ -65.799, -25.933 ], [ -65.833, -25.933 ], [ -65.833, -25.899 ], [ -65.833, -25.866 ], [ -65.833, -25.833 ], [ -65.833, -25.799 ], [ -65.833, -25.766 ], [ -65.833, -25.733 ], [ -65.833, -25.699 ], [ -65.833, -25.666 ], [ -65.833, -25.633 ], [ -65.833, -25.599 ], [ -65.799, -25.599 ], [ -65.766, -25.599 ], [ -65.766, -25.633 ], [ -65.766, -25.666 ], [ -65.766, -25.699 ], [ -65.799, -25.699 ], [ -65.799, -25.733 ], [ -65.799, -25.766 ], [ -65.799, -25.799 ], [ -65.799, -25.833 ], [ -65.799, -25.866 ], [ -65.799, -25.899 ], [ -65.799, -25.933 ] ] ], [ [ [ -66.433, -25.599 ], [ -66.466, -25.599 ], [ -66.499, -25.599 ], [ -66.499, -25.566 ], [ -66.466, -25.566 ], [ -66.433, -25.566 ], [ -66.433, -25.599 ] ] ], [ [ [ -66.366, -25.599 ], [ -66.366, -25.566 ], [ -66.333, -25.566 ], [ -66.333, -25.599 ], [ -66.366, -25.599 ] ] ], [ [ [ -65.366, -25.599 ], [ -65.399, -25.599 ], [ -65.399, -25.566 ], [ -65.366, -25.566 ], [ -65.366, -25.599 ] ] ], [ [ [ -66.266, -25.533 ], [ -66.266, -25.566 ], [ -66.299, -25.566 ], [ -66.299, -25.533 ], [ -66.333, -25.533 ], [ -66.333, -25.499 ], [ -66.299, -25.499 ], [ -66.266, -25.499 ], [ -66.266, -25.533 ] ] ], [ [ [ -66.433, -25.399 ], [ -66.399, -25.399 ], [ -66.399, -25.433 ], [ -66.399, -25.466 ], [ -66.399, -25.499 ], [ -66.433, -25.499 ], [ -66.433, -25.466 ], [ -66.433, -25.433 ], [ -66.433, -25.399 ] ] ], [ [ [ -66.433, -25.399 ], [ -66.466, -25.399 ], [ -66.466, -25.366 ], [ -66.433, -25.366 ], [ -66.433, -25.399 ] ] ], [ [ [ -66.133, -25.433 ], [ -66.166, -25.433 ], [ -66.166, -25.399 ], [ -66.166, -25.366 ], [ -66.133, -25.366 ], [ -66.133, -25.399 ], [ -66.133, -25.433 ] ] ], [ [ [ -66.133, -25.433 ], [ -66.099, -25.433 ], [ -66.099, -25.466 ], [ -66.066, -25.466 ], [ -66.066, -25.499 ], [ -66.066, -25.533 ], [ -66.033, -25.533 ], [ -66.033, -25.499 ], [ -65.999, -25.499 ], [ -65.966, -25.499 ], [ -65.933, -25.499 ], [ -65.899, -25.499 ], [ -65.899, -25.466 ], [ -65.899, -25.433 ], [ -65.866, -25.433 ], [ -65.866, -25.399 ], [ -65.866, -25.366 ], [ -65.866, -25.333 ], [ -65.833, -25.333 ], [ -65.799, -25.333 ], [ -65.799, -25.366 ], [ -65.766, -25.366 ], [ -65.766, -25.399 ], [ -65.766, -25.433 ], [ -65.766, -25.466 ], [ -65.766, -25.499 ], [ -65.766, -25.533 ], [ -65.733, -25.533 ], [ -65.733, -25.566 ], [ -65.766, -25.566 ], [ -65.799, -25.566 ], [ -65.799, -25.533 ], [ -65.799, -25.499 ], [ -65.833, -25.499 ], [ -65.833, -25.466 ], [ -65.866, -25.466 ], [ -65.866, -25.499 ], [ -65.866, -25.533 ], [ -65.866, -25.566 ], [ -65.866, -25.599 ], [ -65.899, -25.599 ], [ -65.899, -25.633 ], [ -65.899, -25.666 ], [ -65.899, -25.699 ], [ -65.933, -25.699 ], [ -65.966, -25.699 ], [ -65.966, -25.666 ], [ -65.933, -25.666 ], [ -65.933, -25.633 ], [ -65.933, -25.599 ], [ -65.933, -25.566 ], [ -65.966, -25.566 ], [ -65.966, -25.599 ], [ -65.999, -25.599 ], [ -66.033, -25.599 ], [ -66.033, -25.566 ], [ -66.066, -25.566 ], [ -66.099, -25.566 ], [ -66.099, -25.533 ], [ -66.099, -25.499 ], [ -66.133, -25.499 ], [ -66.133, -25.466 ], [ -66.133, -25.433 ] ] ], [ [ [ -65.733, -25.333 ], [ -65.766, -25.333 ], [ -65.766, -25.299 ], [ -65.733, -25.299 ], [ -65.733, -25.333 ] ] ], [ [ [ -66.366, -25.266 ], [ -66.366, -25.299 ], [ -66.366, -25.333 ], [ -66.333, -25.333 ], [ -66.333, -25.366 ], [ -66.366, -25.366 ], [ -66.399, -25.366 ], [ -66.399, -25.333 ], [ -66.399, -25.299 ], [ -66.399, -25.266 ], [ -66.366, -25.266 ] ] ], [ [ [ -66.333, -25.266 ], [ -66.299, -25.266 ], [ -66.299, -25.299 ], [ -66.333, -25.299 ], [ -66.333, -25.266 ] ] ], [ [ [ -66.433, -25.299 ], [ -66.433, -25.333 ], [ -66.466, -25.333 ], [ -66.466, -25.299 ], [ -66.499, -25.299 ], [ -66.499, -25.266 ], [ -66.466, -25.266 ], [ -66.466, -25.233 ], [ -66.433, -25.233 ], [ -66.433, -25.266 ], [ -66.433, -25.299 ] ] ], [ [ [ -66.333, -25.266 ], [ -66.366, -25.266 ], [ -66.366, -25.233 ], [ -66.366, -25.199 ], [ -66.333, -25.199 ], [ -66.333, -25.233 ], [ -66.333, -25.266 ] ] ], [ [ [ -65.799, -25.299 ], [ -65.833, -25.299 ], [ -65.833, -25.266 ], [ -65.833, -25.233 ], [ -65.833, -25.199 ], [ -65.799, -25.199 ], [ -65.799, -25.233 ], [ -65.799, -25.266 ], [ -65.799, -25.299 ] ] ], [ [ [ -66.299, -25.266 ], [ -66.299, -25.233 ], [ -66.299, -25.199 ], [ -66.266, -25.199 ], [ -66.266, -25.166 ], [ -66.233, -25.166 ], [ -66.233, -25.199 ], [ -66.233, -25.233 ], [ -66.266, -25.233 ], [ -66.266, -25.266 ], [ -66.299, -25.266 ] ] ], [ [ [ -66.133, -25.366 ], [ -66.133, -25.333 ], [ -66.166, -25.333 ], [ -66.166, -25.299 ], [ -66.133, -25.299 ], [ -66.133, -25.266 ], [ -66.133, -25.233 ], [ -66.133, -25.199 ], [ -66.099, -25.199 ], [ -66.099, -25.166 ], [ -66.133, -25.166 ], [ -66.133, -25.133 ], [ -66.099, -25.133 ], [ -66.099, -25.099 ], [ -66.066, -25.099 ], [ -66.066, -25.133 ], [ -66.066, -25.166 ], [ -66.066, -25.199 ], [ -66.033, -25.199 ], [ -66.033, -25.233 ], [ -66.066, -25.233 ], [ -66.066, -25.266 ], [ -66.066, -25.299 ], [ -66.099, -25.299 ], [ -66.099, -25.333 ], [ -66.099, -25.366 ], [ -66.133, -25.366 ] ] ], [ [ [ -65.766, -25.099 ], [ -65.766, -25.133 ], [ -65.766, -25.166 ], [ -65.799, -25.166 ], [ -65.799, -25.133 ], [ -65.799, -25.099 ], [ -65.766, -25.099 ] ] ], [ [ [ -66.166, -25.066 ], [ -66.166, -25.099 ], [ -66.199, -25.099 ], [ -66.199, -25.133 ], [ -66.233, -25.133 ], [ -66.233, -25.099 ], [ -66.233, -25.066 ], [ -66.233, -25.033 ], [ -66.199, -25.033 ], [ -66.199, -25.066 ], [ -66.166, -25.066 ] ] ], [ [ [ -65.766, -25.099 ], [ -65.766, -25.066 ], [ -65.766, -25.033 ], [ -65.733, -25.033 ], [ -65.733, -25.066 ], [ -65.699, -25.066 ], [ -65.699, -25.099 ], [ -65.699, -25.133 ], [ -65.733, -25.133 ], [ -65.733, -25.099 ], [ -65.766, -25.099 ] ] ], [ [ [ -66.166, -25.066 ], [ -66.166, -25.033 ], [ -66.166, -24.999 ], [ -66.133, -24.999 ], [ -66.133, -25.033 ], [ -66.133, -25.066 ], [ -66.166, -25.066 ] ] ], [ [ [ -65.766, -25.033 ], [ -65.799, -25.033 ], [ -65.799, -24.999 ], [ -65.799, -24.966 ], [ -65.766, -24.966 ], [ -65.766, -24.999 ], [ -65.766, -25.033 ] ] ], [ [ [ -65.799, -24.966 ], [ -65.833, -24.966 ], [ -65.833, -24.933 ], [ -65.799, -24.933 ], [ -65.799, -24.966 ] ] ], [ [ [ -65.799, -24.866 ], [ -65.799, -24.899 ], [ -65.833, -24.899 ], [ -65.833, -24.866 ], [ -65.799, -24.866 ] ] ], [ [ [ -65.766, -24.866 ], [ -65.733, -24.866 ], [ -65.733, -24.899 ], [ -65.733, -24.933 ], [ -65.766, -24.933 ], [ -65.766, -24.899 ], [ -65.766, -24.866 ] ] ], [ [ [ -66.066, -25.099 ], [ -66.066, -25.066 ], [ -66.066, -25.033 ], [ -66.066, -24.999 ], [ -66.099, -24.999 ], [ -66.099, -24.966 ], [ -66.066, -24.966 ], [ -66.066, -24.933 ], [ -66.099, -24.933 ], [ -66.133, -24.933 ], [ -66.166, -24.933 ], [ -66.166, -24.966 ], [ -66.166, -24.999 ], [ -66.199, -24.999 ], [ -66.199, -24.966 ], [ -66.199, -24.933 ], [ -66.199, -24.899 ], [ -66.199, -24.866 ], [ -66.199, -24.833 ], [ -66.166, -24.833 ], [ -66.133, -24.833 ], [ -66.133, -24.866 ], [ -66.133, -24.899 ], [ -66.099, -24.899 ], [ -66.066, -24.899 ], [ -66.066, -24.866 ], [ -66.033, -24.866 ], [ -66.033, -24.899 ], [ -65.999, -24.899 ], [ -65.999, -24.933 ], [ -65.999, -24.966 ], [ -65.999, -24.999 ], [ -65.999, -25.033 ], [ -65.999, -25.066 ], [ -66.033, -25.066 ], [ -66.033, -25.099 ], [ -66.066, -25.099 ] ] ], [ [ [ -65.766, -24.866 ], [ -65.799, -24.866 ], [ -65.799, -24.833 ], [ -65.766, -24.833 ], [ -65.766, -24.866 ] ] ], [ [ [ -65.933, -24.799 ], [ -65.966, -24.799 ], [ -65.966, -24.766 ], [ -65.933, -24.766 ], [ -65.899, -24.766 ], [ -65.866, -24.766 ], [ -65.833, -24.766 ], [ -65.833, -24.799 ], [ -65.866, -24.799 ], [ -65.899, -24.799 ], [ -65.933, -24.799 ] ] ], [ [ [ -65.666, -24.799 ], [ -65.666, -24.833 ], [ -65.699, -24.833 ], [ -65.699, -24.799 ], [ -65.733, -24.799 ], [ -65.733, -24.766 ], [ -65.699, -24.766 ], [ -65.666, -24.766 ], [ -65.666, -24.799 ] ] ], [ [ [ -65.766, -24.766 ], [ -65.799, -24.766 ], [ -65.799, -24.733 ], [ -65.766, -24.733 ], [ -65.766, -24.766 ] ] ], [ [ [ -65.733, -24.699 ], [ -65.766, -24.699 ], [ -65.766, -24.666 ], [ -65.733, -24.666 ], [ -65.733, -24.699 ] ] ], [ [ [ -65.599, -24.633 ], [ -65.566, -24.633 ], [ -65.566, -24.666 ], [ -65.599, -24.666 ], [ -65.599, -24.633 ] ] ], [ [ [ -65.599, -24.633 ], [ -65.633, -24.633 ], [ -65.666, -24.633 ], [ -65.666, -24.599 ], [ -65.633, -24.599 ], [ -65.633, -24.566 ], [ -65.599, -24.566 ], [ -65.566, -24.566 ], [ -65.566, -24.599 ], [ -65.599, -24.599 ], [ -65.599, -24.633 ] ] ], [ [ [ -65.533, -24.499 ], [ -65.499, -24.499 ], [ -65.499, -24.533 ], [ -65.533, -24.533 ], [ -65.533, -24.499 ] ] ], [ [ [ -65.833, -24.566 ], [ -65.833, -24.599 ], [ -65.799, -24.599 ], [ -65.799, -24.633 ], [ -65.833, -24.633 ], [ -65.866, -24.633 ], [ -65.866, -24.599 ], [ -65.899, -24.599 ], [ -65.899, -24.566 ], [ -65.899, -24.533 ], [ -65.899, -24.499 ], [ -65.899, -24.466 ], [ -65.866, -24.466 ], [ -65.833, -24.466 ], [ -65.833, -24.499 ], [ -65.833, -24.533 ], [ -65.833, -24.566 ] ] ], [ [ [ -65.533, -24.499 ], [ -65.566, -24.499 ], [ -65.566, -24.466 ], [ -65.533, -24.466 ], [ -65.533, -24.499 ] ] ], [ [ [ -65.466, -24.433 ], [ -65.466, -24.466 ], [ -65.499, -24.466 ], [ -65.499, -24.433 ], [ -65.533, -24.433 ], [ -65.533, -24.399 ], [ -65.499, -24.399 ], [ -65.466, -24.399 ], [ -65.466, -24.433 ] ] ], [ [ [ -65.499, -24.366 ], [ -65.533, -24.366 ], [ -65.533, -24.333 ], [ -65.533, -24.299 ], [ -65.533, -24.266 ], [ -65.499, -24.266 ], [ -65.499, -24.299 ], [ -65.499, -24.333 ], [ -65.499, -24.366 ] ] ], [ [ [ -65.566, -24.166 ], [ -65.533, -24.166 ], [ -65.533, -24.199 ], [ -65.566, -24.199 ], [ -65.566, -24.166 ] ] ], [ [ [ -65.566, -24.166 ], [ -65.599, -24.166 ], [ -65.599, -24.133 ], [ -65.566, -24.133 ], [ -65.566, -24.166 ] ] ], [ [ [ -65.499, -24.099 ], [ -65.533, -24.099 ], [ -65.533, -24.066 ], [ -65.533, -24.033 ], [ -65.499, -24.033 ], [ -65.499, -24.066 ], [ -65.499, -24.099 ] ] ], [ [ [ -65.433, -23.833 ], [ -65.399, -23.833 ], [ -65.366, -23.833 ], [ -65.366, -23.866 ], [ -65.399, -23.866 ], [ -65.399, -23.899 ], [ -65.433, -23.899 ], [ -65.433, -23.866 ], [ -65.433, -23.833 ] ] ], [ [ [ -65.433, -23.833 ], [ -65.466, -23.833 ], [ -65.466, -23.799 ], [ -65.433, -23.799 ], [ -65.433, -23.833 ] ] ], [ [ [ -65.366, -23.833 ], [ -65.366, -23.799 ], [ -65.333, -23.799 ], [ -65.333, -23.833 ], [ -65.366, -23.833 ] ] ], [ [ [ -65.333, -23.799 ], [ -65.333, -23.766 ], [ -65.299, -23.766 ], [ -65.299, -23.799 ], [ -65.333, -23.799 ] ] ], [ [ [ -65.433, -23.766 ], [ -65.466, -23.766 ], [ -65.466, -23.733 ], [ -65.433, -23.733 ], [ -65.433, -23.766 ] ] ], [ [ [ -65.299, -23.766 ], [ -65.299, -23.733 ], [ -65.266, -23.733 ], [ -65.266, -23.766 ], [ -65.299, -23.766 ] ] ], [ [ [ -65.533, -23.666 ], [ -65.533, -23.699 ], [ -65.499, -23.699 ], [ -65.499, -23.733 ], [ -65.533, -23.733 ], [ -65.533, -23.766 ], [ -65.533, -23.799 ], [ -65.533, -23.833 ], [ -65.566, -23.833 ], [ -65.566, -23.799 ], [ -65.566, -23.766 ], [ -65.566, -23.733 ], [ -65.599, -23.733 ], [ -65.599, -23.699 ], [ -65.599, -23.666 ], [ -65.566, -23.666 ], [ -65.533, -23.666 ] ] ], [ [ [ -65.399, -23.699 ], [ -65.433, -23.699 ], [ -65.433, -23.666 ], [ -65.399, -23.666 ], [ -65.399, -23.699 ] ] ], [ [ [ -65.266, -23.733 ], [ -65.266, -23.699 ], [ -65.266, -23.666 ], [ -65.233, -23.666 ], [ -65.199, -23.666 ], [ -65.199, -23.699 ], [ -65.233, -23.699 ], [ -65.233, -23.733 ], [ -65.266, -23.733 ] ] ], [ [ [ -65.466, -23.633 ], [ -65.466, -23.666 ], [ -65.499, -23.666 ], [ -65.499, -23.633 ], [ -65.466, -23.633 ] ] ], [ [ [ -65.366, -23.633 ], [ -65.399, -23.633 ], [ -65.399, -23.599 ], [ -65.366, -23.599 ], [ -65.366, -23.633 ] ] ], [ [ [ -65.466, -23.633 ], [ -65.466, -23.599 ], [ -65.466, -23.566 ], [ -65.433, -23.566 ], [ -65.433, -23.599 ], [ -65.433, -23.633 ], [ -65.466, -23.633 ] ] ], [ [ [ -65.166, -23.599 ], [ -65.199, -23.599 ], [ -65.199, -23.566 ], [ -65.166, -23.566 ], [ -65.166, -23.599 ] ] ], [ [ [ -64.866, -23.599 ], [ -64.899, -23.599 ], [ -64.899, -23.566 ], [ -64.899, -23.533 ], [ -64.866, -23.533 ], [ -64.866, -23.566 ], [ -64.866, -23.599 ] ] ], [ [ [ -65.399, -23.499 ], [ -65.399, -23.533 ], [ -65.433, -23.533 ], [ -65.433, -23.499 ], [ -65.399, -23.499 ] ] ], [ [ [ -65.366, -23.499 ], [ -65.333, -23.499 ], [ -65.333, -23.533 ], [ -65.366, -23.533 ], [ -65.366, -23.499 ] ] ], [ [ [ -65.133, -23.499 ], [ -65.099, -23.499 ], [ -65.099, -23.533 ], [ -65.133, -23.533 ], [ -65.133, -23.499 ] ] ], [ [ [ -65.133, -23.499 ], [ -65.166, -23.499 ], [ -65.166, -23.466 ], [ -65.133, -23.466 ], [ -65.133, -23.499 ] ] ], [ [ [ -65.133, -23.466 ], [ -65.133, -23.433 ], [ -65.099, -23.433 ], [ -65.066, -23.433 ], [ -65.066, -23.399 ], [ -65.033, -23.399 ], [ -65.033, -23.433 ], [ -64.999, -23.433 ], [ -64.999, -23.466 ], [ -65.033, -23.466 ], [ -65.066, -23.466 ], [ -65.099, -23.466 ], [ -65.133, -23.466 ] ] ], [ [ [ -64.899, -23.366 ], [ -64.933, -23.366 ], [ -64.933, -23.333 ], [ -64.899, -23.333 ], [ -64.866, -23.333 ], [ -64.866, -23.366 ], [ -64.899, -23.366 ] ] ], [ [ [ -64.899, -23.299 ], [ -64.933, -23.299 ], [ -64.933, -23.266 ], [ -64.899, -23.266 ], [ -64.866, -23.266 ], [ -64.866, -23.299 ], [ -64.899, -23.299 ] ] ], [ [ [ -64.933, -23.233 ], [ -64.966, -23.233 ], [ -64.966, -23.199 ], [ -64.933, -23.199 ], [ -64.933, -23.233 ] ] ], [ [ [ -64.966, -23.099 ], [ -64.933, -23.099 ], [ -64.933, -23.133 ], [ -64.899, -23.133 ], [ -64.866, -23.133 ], [ -64.833, -23.133 ], [ -64.833, -23.166 ], [ -64.833, -23.199 ], [ -64.866, -23.199 ], [ -64.866, -23.166 ], [ -64.899, -23.166 ], [ -64.933, -23.166 ], [ -64.966, -23.166 ], [ -64.966, -23.133 ], [ -64.966, -23.099 ] ] ], [ [ [ -65.366, -23.499 ], [ -65.399, -23.499 ], [ -65.399, -23.466 ], [ -65.399, -23.433 ], [ -65.399, -23.399 ], [ -65.399, -23.366 ], [ -65.399, -23.333 ], [ -65.399, -23.299 ], [ -65.399, -23.266 ], [ -65.399, -23.233 ], [ -65.399, -23.199 ], [ -65.399, -23.166 ], [ -65.399, -23.133 ], [ -65.399, -23.099 ], [ -65.366, -23.099 ], [ -65.366, -23.066 ], [ -65.333, -23.066 ], [ -65.333, -23.099 ], [ -65.333, -23.133 ], [ -65.333, -23.166 ], [ -65.333, -23.199 ], [ -65.299, -23.199 ], [ -65.299, -23.233 ], [ -65.299, -23.266 ], [ -65.299, -23.299 ], [ -65.333, -23.299 ], [ -65.333, -23.333 ], [ -65.366, -23.333 ], [ -65.366, -23.366 ], [ -65.366, -23.399 ], [ -65.366, -23.433 ], [ -65.366, -23.466 ], [ -65.366, -23.499 ] ] ], [ [ [ -64.966, -23.099 ], [ -64.999, -23.099 ], [ -64.999, -23.066 ], [ -64.966, -23.066 ], [ -64.966, -23.099 ] ] ], [ [ [ -64.966, -23.066 ], [ -64.966, -23.033 ], [ -64.966, -22.999 ], [ -64.933, -22.999 ], [ -64.933, -23.033 ], [ -64.933, -23.066 ], [ -64.966, -23.066 ] ] ], [ [ [ -65.033, -22.866 ], [ -64.999, -22.866 ], [ -64.999, -22.899 ], [ -65.033, -22.899 ], [ -65.033, -22.866 ] ] ], [ [ [ -65.166, -22.866 ], [ -65.199, -22.866 ], [ -65.199, -22.833 ], [ -65.166, -22.833 ], [ -65.166, -22.866 ] ] ], [ [ [ -65.033, -22.866 ], [ -65.066, -22.866 ], [ -65.066, -22.833 ], [ -65.033, -22.833 ], [ -65.033, -22.866 ] ] ], [ [ [ -65.066, -22.833 ], [ -65.099, -22.833 ], [ -65.133, -22.833 ], [ -65.133, -22.799 ], [ -65.166, -22.799 ], [ -65.166, -22.766 ], [ -65.133, -22.766 ], [ -65.133, -22.733 ], [ -65.133, -22.699 ], [ -65.099, -22.699 ], [ -65.099, -22.733 ], [ -65.099, -22.766 ], [ -65.099, -22.799 ], [ -65.066, -22.799 ], [ -65.066, -22.833 ] ] ], [ [ [ -65.233, -22.633 ], [ -65.233, -22.666 ], [ -65.266, -22.666 ], [ -65.266, -22.633 ], [ -65.233, -22.633 ] ] ], [ [ [ -65.233, -22.633 ], [ -65.233, -22.599 ], [ -65.233, -22.566 ], [ -65.199, -22.566 ], [ -65.199, -22.599 ], [ -65.199, -22.633 ], [ -65.233, -22.633 ] ] ], [ [ [ -65.066, -22.533 ], [ -65.066, -22.566 ], [ -65.099, -22.566 ], [ -65.099, -22.533 ], [ -65.066, -22.533 ] ] ], [ [ [ -65.566, -22.533 ], [ -65.599, -22.533 ], [ -65.599, -22.499 ], [ -65.566, -22.499 ], [ -65.566, -22.533 ] ] ], [ [ [ -65.133, -22.533 ], [ -65.166, -22.533 ], [ -65.166, -22.499 ], [ -65.133, -22.499 ], [ -65.133, -22.533 ] ] ], [ [ [ -65.066, -22.533 ], [ -65.066, -22.499 ], [ -65.033, -22.499 ], [ -65.033, -22.533 ], [ -65.066, -22.533 ] ] ], [ [ [ -64.933, -22.499 ], [ -64.966, -22.499 ], [ -64.966, -22.466 ], [ -64.966, -22.433 ], [ -64.933, -22.433 ], [ -64.933, -22.466 ], [ -64.933, -22.499 ] ] ], [ [ [ -66.366, -22.366 ], [ -66.333, -22.366 ], [ -66.333, -22.399 ], [ -66.366, -22.399 ], [ -66.366, -22.366 ] ] ], [ [ [ -65.133, -22.333 ], [ -65.099, -22.333 ], [ -65.066, -22.333 ], [ -65.033, -22.333 ], [ -65.033, -22.366 ], [ -65.033, -22.399 ], [ -65.066, -22.399 ], [ -65.066, -22.366 ], [ -65.099, -22.366 ], [ -65.133, -22.366 ], [ -65.133, -22.333 ] ] ], [ [ [ -65.033, -22.333 ], [ -65.033, -22.299 ], [ -64.999, -22.299 ], [ -64.999, -22.333 ], [ -65.033, -22.333 ] ] ], [ [ [ -65.133, -22.333 ], [ -65.166, -22.333 ], [ -65.166, -22.299 ], [ -65.166, -22.266 ], [ -65.133, -22.266 ], [ -65.133, -22.299 ], [ -65.133, -22.333 ] ] ], [ [ [ -64.933, -22.399 ], [ -64.966, -22.399 ], [ -64.966, -22.366 ], [ -64.933, -22.366 ], [ -64.933, -22.333 ], [ -64.933, -22.299 ], [ -64.933, -22.266 ], [ -64.899, -22.266 ], [ -64.866, -22.266 ], [ -64.833, -22.266 ], [ -64.833, -22.299 ], [ -64.866, -22.299 ], [ -64.866, -22.333 ], [ -64.899, -22.333 ], [ -64.899, -22.366 ], [ -64.899, -22.399 ], [ -64.933, -22.399 ] ] ], [ [ [ -65.066, -22.299 ], [ -65.099, -22.299 ], [ -65.099, -22.266 ], [ -65.099, -22.233 ], [ -65.066, -22.233 ], [ -65.066, -22.266 ], [ -65.066, -22.299 ] ] ], [ [ [ -65.033, -22.133 ], [ -65.033, -22.166 ], [ -65.066, -22.166 ], [ -65.066, -22.133 ], [ -65.033, -22.133 ] ] ], [ [ [ -65.266, -22.133 ], [ -65.266, -22.087 ], [ -65.233, -22.087 ], [ -65.233, -22.133 ], [ -65.266, -22.133 ] ] ], [ [ [ -66.266, -22.099 ], [ -66.266, -22.133 ], [ -66.299, -22.133 ], [ -66.299, -22.166 ], [ -66.299, -22.199 ], [ -66.299, -22.233 ], [ -66.333, -22.233 ], [ -66.333, -22.266 ], [ -66.333, -22.299 ], [ -66.333, -22.333 ], [ -66.366, -22.333 ], [ -66.366, -22.366 ], [ -66.399, -22.366 ], [ -66.399, -22.333 ], [ -66.433, -22.333 ], [ -66.433, -22.366 ], [ -66.433, -22.399 ], [ -66.433, -22.433 ], [ -66.466, -22.433 ], [ -66.466, -22.399 ], [ -66.499, -22.399 ], [ -66.499, -22.366 ], [ -66.499, -22.333 ], [ -66.499, -22.299 ], [ -66.466, -22.299 ], [ -66.466, -22.266 ], [ -66.433, -22.266 ], [ -66.433, -22.233 ], [ -66.433, -22.199 ], [ -66.433, -22.166 ], [ -66.446, -22.153 ], [ -66.355, -22.131 ], [ -66.347, -22.128 ], [ -66.348, -22.126 ], [ -66.349, -22.125 ], [ -66.349, -22.125 ], [ -66.349, -22.124 ], [ -66.349, -22.123 ], [ -66.349, -22.123 ], [ -66.349, -22.122 ], [ -66.348, -22.121 ], [ -66.348, -22.120 ], [ -66.347, -22.119 ], [ -66.346, -22.119 ], [ -66.346, -22.119 ], [ -66.344, -22.120 ], [ -66.343, -22.119 ], [ -66.342, -22.119 ], [ -66.342, -22.118 ], [ -66.341, -22.117 ], [ -66.341, -22.117 ], [ -66.340, -22.117 ], [ -66.339, -22.117 ], [ -66.338, -22.117 ], [ -66.338, -22.118 ], [ -66.337, -22.119 ], [ -66.337, -22.120 ], [ -66.336, -22.120 ], [ -66.335, -22.119 ], [ -66.334, -22.119 ], [ -66.333, -22.119 ], [ -66.332, -22.119 ], [ -66.332, -22.118 ], [ -66.331, -22.118 ], [ -66.331, -22.117 ], [ -66.331, -22.115 ], [ -66.331, -22.114 ], [ -66.331, -22.113 ], [ -66.331, -22.112 ], [ -66.330, -22.111 ], [ -66.329, -22.111 ], [ -66.328, -22.111 ], [ -66.327, -22.110 ], [ -66.327, -22.109 ], [ -66.328, -22.108 ], [ -66.328, -22.106 ], [ -66.328, -22.104 ], [ -66.328, -22.103 ], [ -66.327, -22.102 ], [ -66.325, -22.101 ], [ -66.324, -22.098 ], [ -66.323, -22.097 ], [ -66.323, -22.096 ], [ -66.323, -22.094 ], [ -66.323, -22.094 ], [ -66.324, -22.094 ], [ -66.324, -22.094 ], [ -66.324, -22.094 ], [ -66.324, -22.093 ], [ -66.324, -22.093 ], [ -66.323, -22.093 ], [ -66.322, -22.093 ], [ -66.322, -22.093 ], [ -66.322, -22.093 ], [ -66.321, -22.092 ], [ -66.321, -22.092 ], [ -66.321, -22.092 ], [ -66.322, -22.091 ], [ -66.322, -22.091 ], [ -66.323, -22.091 ], [ -66.323, -22.091 ], [ -66.324, -22.090 ], [ -66.324, -22.090 ], [ -66.325, -22.089 ], [ -66.325, -22.088 ], [ -66.325, -22.088 ], [ -66.325, -22.088 ], [ -66.324, -22.088 ], [ -66.324, -22.088 ], [ -66.323, -22.088 ], [ -66.323, -22.087 ], [ -66.321, -22.087 ], [ -66.319, -22.085 ], [ -66.318, -22.084 ], [ -66.317, -22.084 ], [ -66.317, -22.085 ], [ -66.317, -22.085 ], [ -66.317, -22.085 ], [ -66.317, -22.086 ], [ -66.316, -22.087 ], [ -66.316, -22.088 ], [ -66.316, -22.089 ], [ -66.316, -22.089 ], [ -66.316, -22.089 ], [ -66.315, -22.089 ], [ -66.315, -22.089 ], [ -66.314, -22.089 ], [ -66.313, -22.089 ], [ -66.313, -22.089 ], [ -66.313, -22.089 ], [ -66.312, -22.090 ], [ -66.312, -22.091 ], [ -66.312, -22.091 ], [ -66.311, -22.091 ], [ -66.309, -22.091 ], [ -66.309, -22.091 ], [ -66.309, -22.091 ], [ -66.309, -22.092 ], [ -66.309, -22.092 ], [ -66.309, -22.093 ], [ -66.309, -22.093 ], [ -66.308, -22.094 ], [ -66.308, -22.094 ], [ -66.307, -22.094 ], [ -66.306, -22.094 ], [ -66.306, -22.093 ], [ -66.299, -22.099 ], [ -66.266, -22.099 ] ] ], [ [ [ -65.033, -22.133 ], [ -65.033, -22.084 ], [ -64.996, -22.084 ], [ -64.990, -22.092 ], [ -64.983, -22.094 ], [ -64.980, -22.097 ], [ -64.977, -22.098 ], [ -64.974, -22.098 ], [ -64.972, -22.099 ], [ -64.970, -22.099 ], [ -64.968, -22.102 ], [ -64.966, -22.102 ], [ -64.966, -22.133 ], [ -64.999, -22.133 ], [ -65.033, -22.133 ] ] ], [ [ [ -66.266, -22.099 ], [ -66.266, -22.066 ], [ -66.266, -22.033 ], [ -66.277, -22.022 ], [ -66.277, -22.021 ], [ -66.279, -22.020 ], [ -66.280, -22.019 ], [ -66.280, -22.016 ], [ -66.280, -22.013 ], [ -66.280, -22.005 ], [ -66.279, -21.995 ], [ -66.279, -21.993 ], [ -66.280, -21.991 ], [ -66.283, -21.989 ], [ -66.283, -21.987 ], [ -66.283, -21.984 ], [ -66.282, -21.982 ], [ -66.281, -21.980 ], [ -66.279, -21.980 ], [ -66.277, -21.979 ], [ -66.276, -21.978 ], [ -66.275, -21.976 ], [ -66.277, -21.974 ], [ -66.276, -21.970 ], [ -66.275, -21.968 ], [ -66.274, -21.967 ], [ -66.273, -21.967 ], [ -66.272, -21.967 ], [ -66.272, -21.966 ], [ -66.272, -21.966 ], [ -66.233, -21.966 ], [ -66.233, -21.999 ], [ -66.233, -22.033 ], [ -66.233, -22.066 ], [ -66.199, -22.066 ], [ -66.199, -22.099 ], [ -66.233, -22.099 ], [ -66.266, -22.099 ] ] ], [ [ [ -66.166, -21.899 ], [ -66.166, -21.933 ], [ -66.199, -21.933 ], [ -66.199, -21.899 ], [ -66.166, -21.899 ] ] ], [ [ [ -66.133, -21.899 ], [ -66.166, -21.899 ], [ -66.166, -21.866 ], [ -66.166, -21.833 ], [ -66.133, -21.833 ], [ -66.133, -21.866 ], [ -66.133, -21.899 ] ] ], [ [ [ -65.833, -22.466 ], [ -65.866, -22.466 ], [ -65.866, -22.499 ], [ -65.866, -22.533 ], [ -65.866, -22.566 ], [ -65.833, -22.566 ], [ -65.833, -22.533 ], [ -65.833, -22.499 ], [ -65.833, -22.466 ], [ -65.799, -22.466 ], [ -65.799, -22.499 ], [ -65.799, -22.533 ], [ -65.766, -22.533 ], [ -65.766, -22.566 ], [ -65.766, -22.599 ], [ -65.766, -22.633 ], [ -65.733, -22.633 ], [ -65.733, -22.666 ], [ -65.699, -22.666 ], [ -65.666, -22.666 ], [ -65.666, -22.633 ], [ -65.633, -22.633 ], [ -65.633, -22.599 ], [ -65.633, -22.566 ], [ -65.633, -22.533 ], [ -65.599, -22.533 ], [ -65.599, -22.566 ], [ -65.566, -22.566 ], [ -65.566, -22.533 ], [ -65.533, -22.533 ], [ -65.533, -22.499 ], [ -65.499, -22.499 ], [ -65.499, -22.466 ], [ -65.466, -22.466 ], [ -65.466, -22.433 ], [ -65.433, -22.433 ], [ -65.433, -22.399 ], [ -65.433, -22.366 ], [ -65.399, -22.366 ], [ -65.399, -22.333 ], [ -65.366, -22.333 ], [ -65.366, -22.299 ], [ -65.366, -22.266 ], [ -65.366, -22.233 ], [ -65.333, -22.233 ], [ -65.333, -22.199 ], [ -65.299, -22.199 ], [ -65.299, -22.166 ], [ -65.299, -22.133 ], [ -65.266, -22.133 ], [ -65.266, -22.166 ], [ -65.266, -22.199 ], [ -65.266, -22.233 ], [ -65.299, -22.233 ], [ -65.299, -22.266 ], [ -65.299, -22.299 ], [ -65.299, -22.333 ], [ -65.333, -22.333 ], [ -65.333, -22.366 ], [ -65.333, -22.399 ], [ -65.366, -22.399 ], [ -65.366, -22.433 ], [ -65.399, -22.433 ], [ -65.399, -22.466 ], [ -65.433, -22.466 ], [ -65.433, -22.499 ], [ -65.466, -22.499 ], [ -65.466, -22.533 ], [ -65.499, -22.533 ], [ -65.499, -22.566 ], [ -65.499, -22.599 ], [ -65.533, -22.599 ], [ -65.533, -22.633 ], [ -65.566, -22.633 ], [ -65.566, -22.666 ], [ -65.566, -22.699 ], [ -65.599, -22.699 ], [ -65.599, -22.733 ], [ -65.599, -22.766 ], [ -65.599, -22.799 ], [ -65.633, -22.799 ], [ -65.666, -22.799 ], [ -65.699, -22.799 ], [ -65.699, -22.833 ], [ -65.666, -22.833 ], [ -65.666, -22.866 ], [ -65.699, -22.866 ], [ -65.733, -22.866 ], [ -65.733, -22.899 ], [ -65.766, -22.899 ], [ -65.766, -22.933 ], [ -65.799, -22.933 ], [ -65.799, -22.966 ], [ -65.833, -22.966 ], [ -65.833, -22.999 ], [ -65.866, -22.999 ], [ -65.866, -23.033 ], [ -65.899, -23.033 ], [ -65.899, -23.066 ], [ -65.933, -23.066 ], [ -65.933, -23.099 ], [ -65.966, -23.099 ], [ -65.966, -23.133 ], [ -65.999, -23.133 ], [ -65.999, -23.099 ], [ -66.033, -23.099 ], [ -66.033, -23.066 ], [ -66.033, -23.033 ], [ -66.033, -22.999 ], [ -66.033, -22.966 ], [ -66.033, -22.933 ], [ -65.999, -22.933 ], [ -65.999, -22.899 ], [ -66.033, -22.899 ], [ -66.033, -22.866 ], [ -66.033, -22.833 ], [ -66.066, -22.833 ], [ -66.066, -22.799 ], [ -66.066, -22.766 ], [ -66.033, -22.766 ], [ -66.033, -22.733 ], [ -65.999, -22.733 ], [ -65.999, -22.699 ], [ -65.999, -22.666 ], [ -66.033, -22.666 ], [ -66.033, -22.699 ], [ -66.066, -22.699 ], [ -66.099, -22.699 ], [ -66.133, -22.699 ], [ -66.166, -22.699 ], [ -66.166, -22.666 ], [ -66.166, -22.633 ], [ -66.133, -22.633 ], [ -66.133, -22.599 ], [ -66.133, -22.566 ], [ -66.166, -22.566 ], [ -66.166, -22.533 ], [ -66.166, -22.499 ], [ -66.166, -22.466 ], [ -66.166, -22.433 ], [ -66.166, -22.399 ], [ -66.166, -22.366 ], [ -66.133, -22.366 ], [ -66.133, -22.333 ], [ -66.099, -22.333 ], [ -66.099, -22.299 ], [ -66.099, -22.266 ], [ -66.099, -22.233 ], [ -66.099, -22.199 ], [ -66.133, -22.199 ], [ -66.133, -22.166 ], [ -66.166, -22.166 ], [ -66.166, -22.133 ], [ -66.166, -22.099 ], [ -66.133, -22.099 ], [ -66.133, -22.066 ], [ -66.166, -22.066 ], [ -66.166, -22.033 ], [ -66.133, -22.033 ], [ -66.133, -21.999 ], [ -66.133, -21.966 ], [ -66.133, -21.933 ], [ -66.133, -21.899 ], [ -66.099, -21.899 ], [ -66.099, -21.866 ], [ -66.099, -21.829 ], [ -66.078, -21.837 ], [ -66.057, -21.857 ], [ -66.066, -21.866 ], [ -66.066, -21.899 ], [ -66.066, -21.933 ], [ -66.066, -21.966 ], [ -66.066, -21.999 ], [ -66.033, -21.999 ], [ -66.033, -22.033 ], [ -66.066, -22.033 ], [ -66.066, -22.066 ], [ -66.033, -22.066 ], [ -66.033, -22.099 ], [ -66.066, -22.099 ], [ -66.066, -22.133 ], [ -66.066, -22.166 ], [ -66.066, -22.199 ], [ -66.066, -22.233 ], [ -66.033, -22.233 ], [ -66.033, -22.266 ], [ -66.066, -22.266 ], [ -66.066, -22.299 ], [ -66.066, -22.333 ], [ -66.066, -22.366 ], [ -66.099, -22.366 ], [ -66.099, -22.399 ], [ -66.066, -22.399 ], [ -66.066, -22.433 ], [ -66.066, -22.466 ], [ -66.033, -22.466 ], [ -66.033, -22.499 ], [ -65.999, -22.499 ], [ -65.966, -22.499 ], [ -65.933, -22.499 ], [ -65.933, -22.466 ], [ -65.933, -22.433 ], [ -65.899, -22.433 ], [ -65.899, -22.399 ], [ -65.899, -22.366 ], [ -65.866, -22.366 ], [ -65.866, -22.333 ], [ -65.866, -22.299 ], [ -65.833, -22.299 ], [ -65.833, -22.266 ], [ -65.799, -22.266 ], [ -65.799, -22.299 ], [ -65.799, -22.333 ], [ -65.833, -22.333 ], [ -65.833, -22.366 ], [ -65.833, -22.399 ], [ -65.799, -22.399 ], [ -65.799, -22.433 ], [ -65.833, -22.433 ], [ -65.833, -22.466 ] ] ] ] } }
]
}
