{
"type": "FeatureCollection",
                                                                                                                                  
"features": [
{ "type": "Feature", "properties": { "pm_icon": "AR_3b", "hzs": "3b" }, "geometry": { "type": "MultiPolygon", "coordinates": [ [ [ [ -73.533, -49.999 ], [ -73.533, -50.042 ], [ -73.533, -50.042 ], [ -73.537, -50.040 ], [ -73.540, -50.036 ], [ -73.542, -50.034 ], [ -73.547, -50.034 ], [ -73.550, -50.033 ], [ -73.552, -50.031 ], [ -73.555, -50.028 ], [ -73.557, -50.027 ], [ -73.563, -50.023 ], [ -73.566, -50.020 ], [ -73.566, -50.016 ], [ -73.564, -50.013 ], [ -73.559, -50.009 ], [ -73.552, -50.004 ], [ -73.551, -50.002 ], [ -73.550, -50.0 ], [ -73.536, -49.987 ], [ -73.534, -49.985 ], [ -73.526, -49.982 ], [ -73.519, -49.977 ], [ -73.511, -49.974 ], [ -73.506, -49.969 ], [ -73.505, -49.966 ], [ -73.506, -49.963 ], [ -73.510, -49.960 ], [ -73.524, -49.955 ], [ -73.538, -49.952 ], [ -73.543, -49.949 ], [ -73.547, -49.946 ], [ -73.548, -49.942 ], [ -73.547, -49.936 ], [ -73.548, -49.933 ], [ -73.499, -49.933 ], [ -73.499, -49.966 ], [ -73.499, -49.999 ], [ -73.533, -49.999 ] ] ], [ [ [ -73.466, -49.866 ], [ -73.500, -49.866 ], [ -73.499, -49.861 ], [ -73.497, -49.858 ], [ -73.494, -49.854 ], [ -73.490, -49.852 ], [ -73.489, -49.850 ], [ -73.491, -49.848 ], [ -73.494, -49.846 ], [ -73.497, -49.844 ], [ -73.497, -49.840 ], [ -73.497, -49.837 ], [ -73.497, -49.835 ], [ -73.497, -49.830 ], [ -73.499, -49.823 ], [ -73.499, -49.817 ], [ -73.496, -49.814 ], [ -73.492, -49.812 ], [ -73.485, -49.809 ], [ -73.477, -49.807 ], [ -73.472, -49.805 ], [ -73.466, -49.803 ], [ -73.466, -49.833 ], [ -73.466, -49.866 ] ] ], [ [ [ -72.266, -47.633 ], [ -72.299, -47.633 ], [ -72.299, -47.599 ], [ -72.266, -47.599 ], [ -72.266, -47.633 ] ] ], [ [ [ -70.433, -36.666 ], [ -70.466, -36.666 ], [ -70.466, -36.633 ], [ -70.433, -36.633 ], [ -70.433, -36.666 ] ] ], [ [ [ -70.033, -35.066 ], [ -69.999, -35.066 ], [ -69.999, -35.099 ], [ -70.033, -35.099 ], [ -70.033, -35.066 ] ] ], [ [ [ -70.033, -35.066 ], [ -70.066, -35.066 ], [ -70.066, -35.033 ], [ -70.066, -34.999 ], [ -70.066, -34.966 ], [ -70.033, -34.966 ], [ -69.999, -34.966 ], [ -69.999, -34.999 ], [ -69.966, -34.999 ], [ -69.933, -34.999 ], [ -69.933, -35.033 ], [ -69.966, -35.033 ], [ -69.999, -35.033 ], [ -70.033, -35.033 ], [ -70.033, -35.066 ] ] ], [ [ [ -70.099, -34.866 ], [ -70.133, -34.866 ], [ -70.133, -34.833 ], [ -70.099, -34.833 ], [ -70.099, -34.866 ] ] ], [ [ [ -69.833, -34.799 ], [ -69.866, -34.799 ], [ -69.866, -34.766 ], [ -69.833, -34.766 ], [ -69.833, -34.799 ] ] ], [ [ [ -70.266, -34.734 ], [ -70.266, -34.766 ], [ -70.281, -34.781 ], [ -70.282, -34.780 ], [ -70.286, -34.779 ], [ -70.291, -34.779 ], [ -70.295, -34.777 ], [ -70.297, -34.774 ], [ -70.300, -34.772 ], [ -70.303, -34.771 ], [ -70.306, -34.770 ], [ -70.309, -34.768 ], [ -70.308, -34.765 ], [ -70.308, -34.762 ], [ -70.308, -34.759 ], [ -70.307, -34.755 ], [ -70.307, -34.753 ], [ -70.307, -34.750 ], [ -70.306, -34.748 ], [ -70.303, -34.745 ], [ -70.299, -34.743 ], [ -70.295, -34.740 ], [ -70.294, -34.738 ], [ -70.289, -34.738 ], [ -70.284, -34.736 ], [ -70.279, -34.736 ], [ -70.277, -34.736 ], [ -70.274, -34.736 ], [ -70.271, -34.735 ], [ -70.266, -34.734 ] ] ], [ [ [ -70.199, -34.666 ], [ -70.214, -34.666 ], [ -70.214, -34.665 ], [ -70.214, -34.662 ], [ -70.215, -34.660 ], [ -70.217, -34.659 ], [ -70.218, -34.656 ], [ -70.218, -34.654 ], [ -70.218, -34.651 ], [ -70.219, -34.648 ], [ -70.221, -34.645 ], [ -70.223, -34.639 ], [ -70.221, -34.635 ], [ -70.221, -34.633 ], [ -70.199, -34.633 ], [ -70.199, -34.666 ] ] ], [ [ [ -69.933, -34.633 ], [ -69.899, -34.633 ], [ -69.866, -34.633 ], [ -69.833, -34.633 ], [ -69.799, -34.633 ], [ -69.799, -34.666 ], [ -69.833, -34.666 ], [ -69.866, -34.666 ], [ -69.866, -34.699 ], [ -69.833, -34.699 ], [ -69.799, -34.699 ], [ -69.799, -34.733 ], [ -69.833, -34.733 ], [ -69.866, -34.733 ], [ -69.899, -34.733 ], [ -69.899, -34.699 ], [ -69.899, -34.666 ], [ -69.933, -34.666 ], [ -69.933, -34.633 ] ] ], [ [ [ -70.033, -34.599 ], [ -70.066, -34.599 ], [ -70.066, -34.566 ], [ -70.033, -34.566 ], [ -70.033, -34.599 ] ] ], [ [ [ -69.933, -34.633 ], [ -69.966, -34.633 ], [ -69.999, -34.633 ], [ -70.033, -34.633 ], [ -70.033, -34.599 ], [ -69.999, -34.599 ], [ -69.999, -34.566 ], [ -69.999, -34.533 ], [ -69.966, -34.533 ], [ -69.966, -34.566 ], [ -69.966, -34.599 ], [ -69.933, -34.599 ], [ -69.933, -34.633 ] ] ], [ [ [ -69.933, -34.499 ], [ -69.899, -34.499 ], [ -69.866, -34.499 ], [ -69.866, -34.533 ], [ -69.866, -34.566 ], [ -69.899, -34.566 ], [ -69.933, -34.566 ], [ -69.933, -34.533 ], [ -69.933, -34.499 ] ] ], [ [ [ -69.566, -34.499 ], [ -69.533, -34.499 ], [ -69.533, -34.533 ], [ -69.566, -34.533 ], [ -69.566, -34.499 ] ] ], [ [ [ -69.933, -34.499 ], [ -69.966, -34.499 ], [ -69.966, -34.466 ], [ -69.933, -34.466 ], [ -69.933, -34.499 ] ] ], [ [ [ -69.566, -34.499 ], [ -69.599, -34.499 ], [ -69.599, -34.466 ], [ -69.566, -34.466 ], [ -69.566, -34.499 ] ] ], [ [ [ -69.933, -34.466 ], [ -69.933, -34.433 ], [ -69.899, -34.433 ], [ -69.866, -34.433 ], [ -69.866, -34.466 ], [ -69.899, -34.466 ], [ -69.933, -34.466 ] ] ], [ [ [ -69.566, -34.466 ], [ -69.566, -34.433 ], [ -69.533, -34.433 ], [ -69.533, -34.466 ], [ -69.566, -34.466 ] ] ], [ [ [ -70.066, -34.466 ], [ -70.066, -34.499 ], [ -70.099, -34.499 ], [ -70.130, -34.499 ], [ -70.130, -34.497 ], [ -70.128, -34.494 ], [ -70.130, -34.491 ], [ -70.131, -34.488 ], [ -70.130, -34.486 ], [ -70.127, -34.482 ], [ -70.123, -34.478 ], [ -70.119, -34.476 ], [ -70.114, -34.476 ], [ -70.108, -34.480 ], [ -70.103, -34.482 ], [ -70.099, -34.481 ], [ -70.095, -34.478 ], [ -70.092, -34.477 ], [ -70.089, -34.475 ], [ -70.083, -34.472 ], [ -70.080, -34.471 ], [ -70.080, -34.469 ], [ -70.078, -34.466 ], [ -70.076, -34.465 ], [ -70.073, -34.462 ], [ -70.071, -34.458 ], [ -70.066, -34.453 ], [ -70.061, -34.449 ], [ -70.055, -34.449 ], [ -70.051, -34.441 ], [ -70.047, -34.434 ], [ -70.045, -34.429 ], [ -70.041, -34.425 ], [ -70.041, -34.425 ], [ -70.033, -34.433 ], [ -70.033, -34.466 ], [ -70.066, -34.466 ] ] ], [ [ [ -69.499, -34.366 ], [ -69.533, -34.366 ], [ -69.533, -34.333 ], [ -69.499, -34.333 ], [ -69.499, -34.366 ] ] ], [ [ [ -69.866, -34.333 ], [ -69.899, -34.333 ], [ -69.899, -34.299 ], [ -69.866, -34.299 ], [ -69.866, -34.333 ] ] ], [ [ [ -69.766, -34.299 ], [ -69.766, -34.333 ], [ -69.766, -34.366 ], [ -69.799, -34.366 ], [ -69.799, -34.333 ], [ -69.799, -34.299 ], [ -69.833, -34.299 ], [ -69.833, -34.266 ], [ -69.799, -34.266 ], [ -69.766, -34.266 ], [ -69.766, -34.299 ] ] ], [ [ [ -69.966, -34.251 ], [ -69.966, -34.299 ], [ -69.999, -34.299 ], [ -69.999, -34.260 ], [ -69.996, -34.260 ], [ -69.989, -34.260 ], [ -69.988, -34.260 ], [ -69.985, -34.258 ], [ -69.982, -34.254 ], [ -69.979, -34.252 ], [ -69.974, -34.250 ], [ -69.970, -34.250 ], [ -69.967, -34.250 ], [ -69.966, -34.251 ] ] ], [ [ [ -69.566, -34.233 ], [ -69.533, -34.233 ], [ -69.533, -34.266 ], [ -69.566, -34.266 ], [ -69.566, -34.233 ] ] ], [ [ [ -69.566, -34.233 ], [ -69.599, -34.233 ], [ -69.633, -34.233 ], [ -69.633, -34.266 ], [ -69.633, -34.299 ], [ -69.599, -34.299 ], [ -69.566, -34.299 ], [ -69.566, -34.333 ], [ -69.599, -34.333 ], [ -69.599, -34.366 ], [ -69.599, -34.399 ], [ -69.633, -34.399 ], [ -69.633, -34.366 ], [ -69.633, -34.333 ], [ -69.666, -34.333 ], [ -69.666, -34.299 ], [ -69.699, -34.299 ], [ -69.699, -34.266 ], [ -69.666, -34.266 ], [ -69.666, -34.233 ], [ -69.666, -34.199 ], [ -69.633, -34.199 ], [ -69.599, -34.199 ], [ -69.566, -34.199 ], [ -69.566, -34.233 ] ] ], [ [ [ -69.833, -34.133 ], [ -69.833, -34.166 ], [ -69.833, -34.165 ], [ -69.834, -34.164 ], [ -69.835, -34.163 ], [ -69.838, -34.156 ], [ -69.844, -34.152 ], [ -69.851, -34.149 ], [ -69.856, -34.145 ], [ -69.860, -34.143 ], [ -69.864, -34.141 ], [ -69.868, -34.140 ], [ -69.871, -34.138 ], [ -69.873, -34.132 ], [ -69.872, -34.129 ], [ -69.870, -34.125 ], [ -69.865, -34.122 ], [ -69.861, -34.120 ], [ -69.857, -34.117 ], [ -69.856, -34.113 ], [ -69.857, -34.109 ], [ -69.858, -34.105 ], [ -69.859, -34.104 ], [ -69.856, -34.100 ], [ -69.851, -34.098 ], [ -69.847, -34.097 ], [ -69.842, -34.095 ], [ -69.839, -34.093 ], [ -69.833, -34.099 ], [ -69.833, -34.133 ] ] ], [ [ [ -69.799, -34.066 ], [ -69.766, -34.066 ], [ -69.733, -34.066 ], [ -69.733, -34.099 ], [ -69.766, -34.099 ], [ -69.799, -34.099 ], [ -69.799, -34.066 ] ] ], [ [ [ -69.799, -34.066 ], [ -69.848, -34.066 ], [ -69.850, -34.064 ], [ -69.851, -34.061 ], [ -69.852, -34.058 ], [ -69.852, -34.055 ], [ -69.851, -34.053 ], [ -69.848, -34.050 ], [ -69.847, -34.047 ], [ -69.847, -34.044 ], [ -69.845, -34.039 ], [ -69.842, -34.035 ], [ -69.838, -34.033 ], [ -69.799, -34.033 ], [ -69.799, -34.066 ] ] ], [ [ [ -69.733, -34.066 ], [ -69.733, -34.033 ], [ -69.699, -34.033 ], [ -69.666, -34.033 ], [ -69.666, -34.066 ], [ -69.633, -34.066 ], [ -69.599, -34.066 ], [ -69.566, -34.066 ], [ -69.533, -34.066 ], [ -69.499, -34.066 ], [ -69.499, -34.099 ], [ -69.499, -34.133 ], [ -69.533, -34.133 ], [ -69.533, -34.099 ], [ -69.566, -34.099 ], [ -69.599, -34.099 ], [ -69.633, -34.099 ], [ -69.666, -34.099 ], [ -69.699, -34.099 ], [ -69.699, -34.066 ], [ -69.733, -34.066 ] ] ], [ [ [ -69.733, -34.033 ], [ -69.766, -34.033 ], [ -69.766, -33.999 ], [ -69.733, -33.999 ], [ -69.733, -34.033 ] ] ], [ [ [ -69.799, -33.999 ], [ -69.841, -33.999 ], [ -69.842, -33.999 ], [ -69.841, -33.996 ], [ -69.841, -33.991 ], [ -69.843, -33.987 ], [ -69.847, -33.980 ], [ -69.833, -33.966 ], [ -69.833, -33.933 ], [ -69.799, -33.933 ], [ -69.799, -33.966 ], [ -69.799, -33.999 ] ] ], [ [ [ -69.499, -33.933 ], [ -69.499, -33.966 ], [ -69.466, -33.966 ], [ -69.433, -33.966 ], [ -69.433, -33.999 ], [ -69.466, -33.999 ], [ -69.499, -33.999 ], [ -69.499, -34.033 ], [ -69.533, -34.033 ], [ -69.533, -33.999 ], [ -69.533, -33.966 ], [ -69.533, -33.933 ], [ -69.499, -33.933 ] ] ], [ [ [ -69.499, -33.933 ], [ -69.499, -33.899 ], [ -69.466, -33.899 ], [ -69.466, -33.933 ], [ -69.499, -33.933 ] ] ], [ [ [ -69.866, -33.833 ], [ -69.866, -33.866 ], [ -69.833, -33.866 ], [ -69.833, -33.899 ], [ -69.863, -33.899 ], [ -69.862, -33.898 ], [ -69.859, -33.895 ], [ -69.856, -33.893 ], [ -69.855, -33.892 ], [ -69.856, -33.889 ], [ -69.856, -33.886 ], [ -69.860, -33.884 ], [ -69.864, -33.882 ], [ -69.867, -33.881 ], [ -69.868, -33.878 ], [ -69.869, -33.874 ], [ -69.869, -33.871 ], [ -69.869, -33.867 ], [ -69.871, -33.864 ], [ -69.873, -33.860 ], [ -69.877, -33.859 ], [ -69.881, -33.856 ], [ -69.884, -33.854 ], [ -69.881, -33.852 ], [ -69.883, -33.850 ], [ -69.886, -33.850 ], [ -69.892, -33.848 ], [ -69.898, -33.848 ], [ -69.899, -33.845 ], [ -69.898, -33.840 ], [ -69.895, -33.836 ], [ -69.896, -33.833 ], [ -69.866, -33.833 ] ] ], [ [ [ -69.866, -33.833 ], [ -69.866, -33.799 ], [ -69.833, -33.799 ], [ -69.833, -33.833 ], [ -69.866, -33.833 ] ] ], [ [ [ -69.566, -33.833 ], [ -69.599, -33.833 ], [ -69.599, -33.799 ], [ -69.566, -33.799 ], [ -69.566, -33.833 ] ] ], [ [ [ -69.499, -33.833 ], [ -69.533, -33.833 ], [ -69.533, -33.799 ], [ -69.499, -33.799 ], [ -69.499, -33.833 ] ] ], [ [ [ -69.833, -33.799 ], [ -69.833, -33.766 ], [ -69.833, -33.733 ], [ -69.799, -33.733 ], [ -69.766, -33.733 ], [ -69.733, -33.733 ], [ -69.733, -33.766 ], [ -69.766, -33.766 ], [ -69.799, -33.766 ], [ -69.799, -33.799 ], [ -69.833, -33.799 ] ] ], [ [ [ -69.566, -33.766 ], [ -69.599, -33.766 ], [ -69.599, -33.733 ], [ -69.566, -33.733 ], [ -69.566, -33.766 ] ] ], [ [ [ -69.733, -33.733 ], [ -69.733, -33.699 ], [ -69.699, -33.699 ], [ -69.699, -33.733 ], [ -69.733, -33.733 ] ] ], [ [ [ -69.433, -33.733 ], [ -69.466, -33.733 ], [ -69.466, -33.699 ], [ -69.433, -33.699 ], [ -69.433, -33.733 ] ] ], [ [ [ -69.833, -33.699 ], [ -69.866, -33.699 ], [ -69.866, -33.666 ], [ -69.833, -33.666 ], [ -69.833, -33.699 ] ] ], [ [ [ -69.766, -33.699 ], [ -69.799, -33.699 ], [ -69.799, -33.666 ], [ -69.766, -33.666 ], [ -69.766, -33.699 ] ] ], [ [ [ -69.599, -33.699 ], [ -69.633, -33.699 ], [ -69.633, -33.666 ], [ -69.599, -33.666 ], [ -69.599, -33.699 ] ] ], [ [ [ -69.566, -33.633 ], [ -69.533, -33.633 ], [ -69.533, -33.666 ], [ -69.566, -33.666 ], [ -69.566, -33.633 ] ] ], [ [ [ -69.633, -33.633 ], [ -69.666, -33.633 ], [ -69.666, -33.599 ], [ -69.633, -33.599 ], [ -69.633, -33.633 ] ] ], [ [ [ -69.566, -33.633 ], [ -69.599, -33.633 ], [ -69.599, -33.599 ], [ -69.566, -33.599 ], [ -69.566, -33.633 ] ] ], [ [ [ -69.833, -33.599 ], [ -69.873, -33.599 ], [ -69.873, -33.599 ], [ -69.870, -33.596 ], [ -69.867, -33.595 ], [ -69.866, -33.591 ], [ -69.865, -33.586 ], [ -69.865, -33.581 ], [ -69.866, -33.576 ], [ -69.868, -33.573 ], [ -69.868, -33.569 ], [ -69.869, -33.566 ], [ -69.833, -33.566 ], [ -69.799, -33.566 ], [ -69.799, -33.599 ], [ -69.833, -33.599 ] ] ], [ [ [ -69.566, -33.599 ], [ -69.566, -33.566 ], [ -69.533, -33.566 ], [ -69.533, -33.599 ], [ -69.566, -33.599 ] ] ], [ [ [ -69.733, -33.599 ], [ -69.766, -33.599 ], [ -69.766, -33.566 ], [ -69.766, -33.533 ], [ -69.733, -33.533 ], [ -69.699, -33.533 ], [ -69.699, -33.566 ], [ -69.733, -33.566 ], [ -69.733, -33.599 ] ] ], [ [ [ -69.533, -33.566 ], [ -69.533, -33.533 ], [ -69.499, -33.533 ], [ -69.499, -33.566 ], [ -69.533, -33.566 ] ] ], [ [ [ -69.599, -33.433 ], [ -69.633, -33.433 ], [ -69.633, -33.399 ], [ -69.599, -33.399 ], [ -69.599, -33.433 ] ] ], [ [ [ -69.533, -33.499 ], [ -69.566, -33.499 ], [ -69.566, -33.466 ], [ -69.566, -33.433 ], [ -69.566, -33.399 ], [ -69.533, -33.399 ], [ -69.533, -33.433 ], [ -69.533, -33.466 ], [ -69.533, -33.499 ] ] ], [ [ [ -69.566, -33.366 ], [ -69.599, -33.366 ], [ -69.599, -33.333 ], [ -69.566, -33.333 ], [ -69.566, -33.366 ] ] ], [ [ [ -69.599, -33.299 ], [ -69.633, -33.299 ], [ -69.633, -33.266 ], [ -69.599, -33.266 ], [ -69.599, -33.299 ] ] ], [ [ [ -69.966, -33.233 ], [ -69.933, -33.233 ], [ -69.933, -33.274 ], [ -69.935, -33.275 ], [ -69.939, -33.278 ], [ -69.945, -33.280 ], [ -69.950, -33.282 ], [ -69.950, -33.282 ], [ -69.966, -33.266 ], [ -69.966, -33.233 ] ] ], [ [ [ -69.766, -33.233 ], [ -69.733, -33.233 ], [ -69.699, -33.233 ], [ -69.699, -33.266 ], [ -69.699, -33.299 ], [ -69.733, -33.299 ], [ -69.766, -33.299 ], [ -69.766, -33.266 ], [ -69.766, -33.233 ] ] ], [ [ [ -69.966, -33.233 ], [ -69.999, -33.233 ], [ -69.999, -33.199 ], [ -69.966, -33.199 ], [ -69.966, -33.233 ] ] ], [ [ [ -69.833, -33.199 ], [ -69.833, -33.233 ], [ -69.833, -33.266 ], [ -69.839, -33.272 ], [ -69.844, -33.274 ], [ -69.848, -33.276 ], [ -69.853, -33.277 ], [ -69.857, -33.280 ], [ -69.861, -33.281 ], [ -69.865, -33.280 ], [ -69.866, -33.279 ], [ -69.866, -33.233 ], [ -69.866, -33.199 ], [ -69.833, -33.199 ] ] ], [ [ [ -69.766, -33.233 ], [ -69.799, -33.233 ], [ -69.799, -33.199 ], [ -69.766, -33.199 ], [ -69.766, -33.233 ] ] ], [ [ [ -69.999, -33.199 ], [ -70.033, -33.199 ], [ -70.033, -33.166 ], [ -69.999, -33.166 ], [ -69.999, -33.199 ] ] ], [ [ [ -69.799, -33.199 ], [ -69.833, -33.199 ], [ -69.833, -33.166 ], [ -69.799, -33.166 ], [ -69.799, -33.199 ] ] ], [ [ [ -69.466, -33.166 ], [ -69.499, -33.166 ], [ -69.499, -33.133 ], [ -69.466, -33.133 ], [ -69.466, -33.166 ] ] ], [ [ [ -69.733, -33.133 ], [ -69.766, -33.133 ], [ -69.766, -33.099 ], [ -69.733, -33.099 ], [ -69.733, -33.133 ] ] ], [ [ [ -69.866, -33.066 ], [ -69.833, -33.066 ], [ -69.799, -33.066 ], [ -69.799, -33.099 ], [ -69.833, -33.099 ], [ -69.833, -33.133 ], [ -69.866, -33.133 ], [ -69.866, -33.099 ], [ -69.866, -33.066 ] ] ], [ [ [ -69.399, -33.066 ], [ -69.399, -33.099 ], [ -69.433, -33.099 ], [ -69.433, -33.066 ], [ -69.399, -33.066 ] ] ], [ [ [ -69.999, -33.133 ], [ -70.033, -33.133 ], [ -70.033, -33.099 ], [ -70.033, -33.066 ], [ -70.033, -33.033 ], [ -69.999, -33.033 ], [ -69.999, -33.066 ], [ -69.999, -33.099 ], [ -69.999, -33.133 ] ] ], [ [ [ -69.866, -33.066 ], [ -69.899, -33.066 ], [ -69.899, -33.033 ], [ -69.866, -33.033 ], [ -69.866, -33.066 ] ] ], [ [ [ -69.699, -33.066 ], [ -69.733, -33.066 ], [ -69.733, -33.033 ], [ -69.699, -33.033 ], [ -69.699, -33.066 ] ] ], [ [ [ -69.866, -33.033 ], [ -69.866, -32.999 ], [ -69.833, -32.999 ], [ -69.833, -33.033 ], [ -69.866, -33.033 ] ] ], [ [ [ -69.399, -33.066 ], [ -69.399, -33.033 ], [ -69.399, -32.999 ], [ -69.366, -32.999 ], [ -69.366, -33.033 ], [ -69.366, -33.066 ], [ -69.399, -33.066 ] ] ], [ [ [ -69.866, -32.999 ], [ -69.899, -32.999 ], [ -69.899, -32.966 ], [ -69.866, -32.966 ], [ -69.866, -32.999 ] ] ], [ [ [ -69.833, -32.999 ], [ -69.833, -32.966 ], [ -69.799, -32.966 ], [ -69.799, -32.999 ], [ -69.833, -32.999 ] ] ], [ [ [ -69.699, -32.999 ], [ -69.733, -32.999 ], [ -69.733, -32.966 ], [ -69.699, -32.966 ], [ -69.666, -32.966 ], [ -69.666, -32.999 ], [ -69.699, -32.999 ] ] ], [ [ [ -69.599, -32.933 ], [ -69.566, -32.933 ], [ -69.566, -32.966 ], [ -69.599, -32.966 ], [ -69.599, -32.933 ] ] ], [ [ [ -69.899, -32.966 ], [ -69.933, -32.966 ], [ -69.966, -32.966 ], [ -69.980, -32.980 ], [ -69.981, -32.976 ], [ -69.985, -32.973 ], [ -69.991, -32.972 ], [ -69.990, -32.968 ], [ -69.986, -32.963 ], [ -69.991, -32.963 ], [ -69.996, -32.961 ], [ -70.000, -32.958 ], [ -70.003, -32.956 ], [ -70.005, -32.954 ], [ -70.006, -32.951 ], [ -70.002, -32.946 ], [ -70.002, -32.942 ], [ -70.003, -32.937 ], [ -70.005, -32.932 ], [ -70.006, -32.929 ], [ -70.004, -32.924 ], [ -70.003, -32.923 ], [ -70.002, -32.920 ], [ -69.999, -32.916 ], [ -69.995, -32.914 ], [ -69.992, -32.911 ], [ -69.992, -32.907 ], [ -69.992, -32.899 ], [ -69.966, -32.899 ], [ -69.966, -32.933 ], [ -69.933, -32.933 ], [ -69.899, -32.933 ], [ -69.899, -32.966 ] ] ], [ [ [ -69.599, -32.933 ], [ -69.633, -32.933 ], [ -69.633, -32.899 ], [ -69.599, -32.899 ], [ -69.599, -32.933 ] ] ], [ [ [ -69.433, -32.899 ], [ -69.433, -32.933 ], [ -69.433, -32.966 ], [ -69.466, -32.966 ], [ -69.466, -32.999 ], [ -69.499, -32.999 ], [ -69.499, -32.966 ], [ -69.499, -32.933 ], [ -69.466, -32.933 ], [ -69.466, -32.899 ], [ -69.433, -32.899 ] ] ], [ [ [ -69.399, -32.899 ], [ -69.366, -32.899 ], [ -69.366, -32.933 ], [ -69.399, -32.933 ], [ -69.399, -32.899 ] ] ], [ [ [ -69.966, -32.899 ], [ -69.966, -32.866 ], [ -69.933, -32.866 ], [ -69.933, -32.899 ], [ -69.966, -32.899 ] ] ], [ [ [ -69.866, -32.899 ], [ -69.899, -32.899 ], [ -69.899, -32.866 ], [ -69.866, -32.866 ], [ -69.833, -32.866 ], [ -69.833, -32.899 ], [ -69.866, -32.899 ] ] ], [ [ [ -69.633, -32.899 ], [ -69.666, -32.899 ], [ -69.699, -32.899 ], [ -69.699, -32.866 ], [ -69.666, -32.866 ], [ -69.633, -32.866 ], [ -69.633, -32.899 ] ] ], [ [ [ -69.533, -32.866 ], [ -69.499, -32.866 ], [ -69.499, -32.899 ], [ -69.533, -32.899 ], [ -69.533, -32.866 ] ] ], [ [ [ -69.399, -32.899 ], [ -69.433, -32.899 ], [ -69.433, -32.866 ], [ -69.399, -32.866 ], [ -69.399, -32.899 ] ] ], [ [ [ -69.533, -32.866 ], [ -69.566, -32.866 ], [ -69.599, -32.866 ], [ -69.599, -32.833 ], [ -69.566, -32.833 ], [ -69.533, -32.833 ], [ -69.533, -32.866 ] ] ], [ [ [ -69.599, -32.833 ], [ -69.633, -32.833 ], [ -69.633, -32.799 ], [ -69.599, -32.799 ], [ -69.599, -32.833 ] ] ], [ [ [ -69.466, -32.799 ], [ -69.433, -32.799 ], [ -69.433, -32.833 ], [ -69.466, -32.833 ], [ -69.466, -32.799 ] ] ], [ [ [ -69.466, -32.799 ], [ -69.499, -32.799 ], [ -69.499, -32.766 ], [ -69.466, -32.766 ], [ -69.466, -32.799 ] ] ], [ [ [ -69.833, -32.799 ], [ -69.866, -32.799 ], [ -69.866, -32.766 ], [ -69.866, -32.733 ], [ -69.833, -32.733 ], [ -69.833, -32.766 ], [ -69.833, -32.799 ] ] ], [ [ [ -69.733, -32.733 ], [ -69.733, -32.766 ], [ -69.699, -32.766 ], [ -69.699, -32.799 ], [ -69.733, -32.799 ], [ -69.766, -32.799 ], [ -69.766, -32.766 ], [ -69.766, -32.733 ], [ -69.733, -32.733 ] ] ], [ [ [ -69.733, -32.733 ], [ -69.733, -32.699 ], [ -69.699, -32.699 ], [ -69.699, -32.666 ], [ -69.666, -32.666 ], [ -69.666, -32.699 ], [ -69.666, -32.733 ], [ -69.699, -32.733 ], [ -69.733, -32.733 ] ] ], [ [ [ -70.099, -32.699 ], [ -70.099, -32.733 ], [ -70.099, -32.766 ], [ -70.111, -32.778 ], [ -70.111, -32.777 ], [ -70.111, -32.775 ], [ -70.111, -32.774 ], [ -70.113, -32.771 ], [ -70.114, -32.770 ], [ -70.115, -32.768 ], [ -70.115, -32.767 ], [ -70.116, -32.766 ], [ -70.118, -32.765 ], [ -70.121, -32.763 ], [ -70.123, -32.763 ], [ -70.125, -32.762 ], [ -70.127, -32.760 ], [ -70.128, -32.759 ], [ -70.128, -32.758 ], [ -70.131, -32.756 ], [ -70.131, -32.755 ], [ -70.132, -32.753 ], [ -70.131, -32.752 ], [ -70.132, -32.750 ], [ -70.131, -32.748 ], [ -70.131, -32.747 ], [ -70.132, -32.745 ], [ -70.132, -32.744 ], [ -70.133, -32.743 ], [ -70.134, -32.742 ], [ -70.135, -32.741 ], [ -70.136, -32.740 ], [ -70.137, -32.739 ], [ -70.137, -32.738 ], [ -70.136, -32.737 ], [ -70.137, -32.735 ], [ -70.137, -32.734 ], [ -70.137, -32.732 ], [ -70.141, -32.730 ], [ -70.142, -32.729 ], [ -70.144, -32.728 ], [ -70.146, -32.729 ], [ -70.147, -32.729 ], [ -70.147, -32.728 ], [ -70.147, -32.727 ], [ -70.147, -32.726 ], [ -70.146, -32.725 ], [ -70.145, -32.723 ], [ -70.144, -32.719 ], [ -70.144, -32.716 ], [ -70.144, -32.713 ], [ -70.144, -32.710 ], [ -70.146, -32.707 ], [ -70.146, -32.705 ], [ -70.145, -32.704 ], [ -70.145, -32.702 ], [ -70.145, -32.699 ], [ -70.144, -32.696 ], [ -70.142, -32.691 ], [ -70.143, -32.686 ], [ -70.143, -32.683 ], [ -70.142, -32.680 ], [ -70.144, -32.676 ], [ -70.146, -32.673 ], [ -70.146, -32.668 ], [ -70.146, -32.663 ], [ -70.147, -32.659 ], [ -70.149, -32.657 ], [ -70.148, -32.655 ], [ -70.145, -32.652 ], [ -70.147, -32.649 ], [ -70.148, -32.648 ], [ -70.133, -32.633 ], [ -70.099, -32.633 ], [ -70.099, -32.666 ], [ -70.099, -32.699 ] ] ], [ [ [ -69.866, -32.699 ], [ -69.899, -32.699 ], [ -69.899, -32.666 ], [ -69.899, -32.633 ], [ -69.866, -32.633 ], [ -69.866, -32.666 ], [ -69.866, -32.699 ] ] ], [ [ [ -69.699, -32.666 ], [ -69.733, -32.666 ], [ -69.733, -32.633 ], [ -69.699, -32.633 ], [ -69.699, -32.666 ] ] ], [ [ [ -69.966, -32.566 ], [ -69.966, -32.599 ], [ -69.999, -32.599 ], [ -69.999, -32.566 ], [ -69.966, -32.566 ] ] ], [ [ [ -70.099, -32.533 ], [ -70.066, -32.533 ], [ -70.066, -32.566 ], [ -70.099, -32.566 ], [ -70.099, -32.533 ] ] ], [ [ [ -69.733, -32.566 ], [ -69.766, -32.566 ], [ -69.766, -32.533 ], [ -69.733, -32.533 ], [ -69.733, -32.566 ] ] ], [ [ [ -69.633, -32.599 ], [ -69.666, -32.599 ], [ -69.666, -32.566 ], [ -69.666, -32.533 ], [ -69.633, -32.533 ], [ -69.599, -32.533 ], [ -69.599, -32.566 ], [ -69.599, -32.599 ], [ -69.633, -32.599 ] ] ], [ [ [ -69.966, -32.566 ], [ -69.966, -32.533 ], [ -69.933, -32.533 ], [ -69.933, -32.499 ], [ -69.899, -32.499 ], [ -69.899, -32.466 ], [ -69.866, -32.466 ], [ -69.866, -32.499 ], [ -69.866, -32.533 ], [ -69.833, -32.533 ], [ -69.833, -32.566 ], [ -69.799, -32.566 ], [ -69.799, -32.599 ], [ -69.799, -32.633 ], [ -69.833, -32.633 ], [ -69.833, -32.599 ], [ -69.866, -32.599 ], [ -69.866, -32.566 ], [ -69.899, -32.566 ], [ -69.933, -32.566 ], [ -69.966, -32.566 ] ] ], [ [ [ -70.099, -32.533 ], [ -70.125, -32.533 ], [ -70.127, -32.528 ], [ -70.130, -32.524 ], [ -70.131, -32.518 ], [ -70.134, -32.514 ], [ -70.134, -32.510 ], [ -70.136, -32.507 ], [ -70.137, -32.504 ], [ -70.139, -32.501 ], [ -70.141, -32.498 ], [ -70.138, -32.494 ], [ -70.135, -32.490 ], [ -70.136, -32.486 ], [ -70.140, -32.485 ], [ -70.142, -32.481 ], [ -70.144, -32.478 ], [ -70.145, -32.474 ], [ -70.148, -32.471 ], [ -70.149, -32.468 ], [ -70.148, -32.465 ], [ -70.151, -32.463 ], [ -70.153, -32.462 ], [ -70.161, -32.459 ], [ -70.163, -32.457 ], [ -70.165, -32.454 ], [ -70.166, -32.454 ], [ -70.166, -32.433 ], [ -70.133, -32.433 ], [ -70.133, -32.466 ], [ -70.099, -32.466 ], [ -70.099, -32.499 ], [ -70.099, -32.533 ] ] ], [ [ [ -70.066, -32.433 ], [ -70.033, -32.433 ], [ -69.999, -32.433 ], [ -69.999, -32.466 ], [ -69.999, -32.499 ], [ -70.033, -32.499 ], [ -70.033, -32.466 ], [ -70.066, -32.466 ], [ -70.066, -32.433 ] ] ], [ [ [ -69.533, -32.499 ], [ -69.566, -32.499 ], [ -69.566, -32.466 ], [ -69.566, -32.433 ], [ -69.533, -32.433 ], [ -69.533, -32.466 ], [ -69.533, -32.499 ] ] ], [ [ [ -70.166, -32.433 ], [ -70.199, -32.433 ], [ -70.199, -32.399 ], [ -70.166, -32.399 ], [ -70.166, -32.433 ] ] ], [ [ [ -69.933, -32.433 ], [ -69.966, -32.433 ], [ -69.966, -32.399 ], [ -69.933, -32.399 ], [ -69.933, -32.433 ] ] ], [ [ [ -69.633, -32.366 ], [ -69.633, -32.399 ], [ -69.666, -32.399 ], [ -69.666, -32.433 ], [ -69.666, -32.466 ], [ -69.633, -32.466 ], [ -69.599, -32.466 ], [ -69.599, -32.499 ], [ -69.633, -32.499 ], [ -69.666, -32.499 ], [ -69.699, -32.499 ], [ -69.699, -32.466 ], [ -69.699, -32.433 ], [ -69.699, -32.399 ], [ -69.699, -32.366 ], [ -69.666, -32.366 ], [ -69.633, -32.366 ] ] ], [ [ [ -70.066, -32.433 ], [ -70.099, -32.433 ], [ -70.099, -32.399 ], [ -70.133, -32.399 ], [ -70.133, -32.366 ], [ -70.099, -32.366 ], [ -70.099, -32.333 ], [ -70.066, -32.333 ], [ -70.066, -32.366 ], [ -70.066, -32.399 ], [ -70.066, -32.433 ] ] ], [ [ [ -69.799, -32.333 ], [ -69.799, -32.366 ], [ -69.766, -32.366 ], [ -69.766, -32.399 ], [ -69.766, -32.433 ], [ -69.766, -32.466 ], [ -69.766, -32.499 ], [ -69.799, -32.499 ], [ -69.799, -32.466 ], [ -69.799, -32.433 ], [ -69.799, -32.399 ], [ -69.833, -32.399 ], [ -69.833, -32.366 ], [ -69.833, -32.333 ], [ -69.799, -32.333 ] ] ], [ [ [ -69.633, -32.366 ], [ -69.633, -32.333 ], [ -69.633, -32.299 ], [ -69.599, -32.299 ], [ -69.599, -32.333 ], [ -69.599, -32.366 ], [ -69.633, -32.366 ] ] ], [ [ [ -70.199, -32.299 ], [ -70.199, -32.266 ], [ -70.166, -32.266 ], [ -70.166, -32.299 ], [ -70.199, -32.299 ] ] ], [ [ [ -69.699, -32.299 ], [ -69.733, -32.299 ], [ -69.733, -32.266 ], [ -69.699, -32.266 ], [ -69.699, -32.299 ] ] ], [ [ [ -70.199, -32.266 ], [ -70.233, -32.266 ], [ -70.233, -32.299 ], [ -70.199, -32.299 ], [ -70.199, -32.333 ], [ -70.199, -32.366 ], [ -70.199, -32.399 ], [ -70.235, -32.399 ], [ -70.234, -32.397 ], [ -70.232, -32.395 ], [ -70.232, -32.392 ], [ -70.231, -32.391 ], [ -70.227, -32.390 ], [ -70.224, -32.390 ], [ -70.221, -32.387 ], [ -70.219, -32.383 ], [ -70.218, -32.381 ], [ -70.221, -32.378 ], [ -70.223, -32.374 ], [ -70.225, -32.371 ], [ -70.227, -32.366 ], [ -70.227, -32.362 ], [ -70.227, -32.360 ], [ -70.225, -32.355 ], [ -70.224, -32.352 ], [ -70.221, -32.346 ], [ -70.219, -32.343 ], [ -70.220, -32.340 ], [ -70.218, -32.335 ], [ -70.218, -32.333 ], [ -70.220, -32.329 ], [ -70.222, -32.325 ], [ -70.224, -32.323 ], [ -70.225, -32.322 ], [ -70.227, -32.321 ], [ -70.229, -32.320 ], [ -70.231, -32.319 ], [ -70.234, -32.317 ], [ -70.237, -32.317 ], [ -70.239, -32.317 ], [ -70.241, -32.316 ], [ -70.243, -32.314 ], [ -70.243, -32.313 ], [ -70.245, -32.312 ], [ -70.246, -32.310 ], [ -70.248, -32.307 ], [ -70.249, -32.305 ], [ -70.250, -32.304 ], [ -70.254, -32.304 ], [ -70.257, -32.304 ], [ -70.258, -32.303 ], [ -70.258, -32.301 ], [ -70.260, -32.298 ], [ -70.261, -32.294 ], [ -70.261, -32.292 ], [ -70.262, -32.291 ], [ -70.264, -32.290 ], [ -70.268, -32.291 ], [ -70.270, -32.293 ], [ -70.271, -32.293 ], [ -70.273, -32.292 ], [ -70.276, -32.292 ], [ -70.280, -32.291 ], [ -70.281, -32.291 ], [ -70.283, -32.292 ], [ -70.284, -32.291 ], [ -70.287, -32.290 ], [ -70.289, -32.289 ], [ -70.291, -32.287 ], [ -70.292, -32.286 ], [ -70.293, -32.285 ], [ -70.293, -32.283 ], [ -70.292, -32.282 ], [ -70.294, -32.281 ], [ -70.294, -32.281 ], [ -70.295, -32.280 ], [ -70.296, -32.278 ], [ -70.297, -32.277 ], [ -70.298, -32.276 ], [ -70.302, -32.275 ], [ -70.304, -32.274 ], [ -70.306, -32.274 ], [ -70.308, -32.274 ], [ -70.309, -32.274 ], [ -70.311, -32.273 ], [ -70.313, -32.272 ], [ -70.315, -32.272 ], [ -70.317, -32.272 ], [ -70.319, -32.273 ], [ -70.319, -32.270 ], [ -70.320, -32.268 ], [ -70.321, -32.268 ], [ -70.322, -32.266 ], [ -70.322, -32.265 ], [ -70.322, -32.263 ], [ -70.321, -32.261 ], [ -70.321, -32.259 ], [ -70.321, -32.257 ], [ -70.319, -32.255 ], [ -70.318, -32.253 ], [ -70.317, -32.251 ], [ -70.317, -32.250 ], [ -70.315, -32.248 ], [ -70.314, -32.246 ], [ -70.312, -32.244 ], [ -70.310, -32.243 ], [ -70.310, -32.241 ], [ -70.310, -32.239 ], [ -70.310, -32.237 ], [ -70.308, -32.235 ], [ -70.306, -32.234 ], [ -70.306, -32.232 ], [ -70.305, -32.232 ], [ -70.303, -32.231 ], [ -70.305, -32.231 ], [ -70.306, -32.231 ], [ -70.308, -32.229 ], [ -70.309, -32.226 ], [ -70.310, -32.223 ], [ -70.310, -32.222 ], [ -70.310, -32.221 ], [ -70.308, -32.219 ], [ -70.308, -32.217 ], [ -70.308, -32.215 ], [ -70.306, -32.214 ], [ -70.304, -32.212 ], [ -70.303, -32.211 ], [ -70.302, -32.210 ], [ -70.302, -32.208 ], [ -70.300, -32.207 ], [ -70.298, -32.206 ], [ -70.301, -32.205 ], [ -70.304, -32.203 ], [ -70.305, -32.200 ], [ -70.306, -32.199 ], [ -70.266, -32.199 ], [ -70.233, -32.199 ], [ -70.199, -32.199 ], [ -70.199, -32.233 ], [ -70.199, -32.266 ] ] ], [ [ [ -69.933, -32.199 ], [ -69.933, -32.233 ], [ -69.899, -32.233 ], [ -69.899, -32.266 ], [ -69.933, -32.266 ], [ -69.966, -32.266 ], [ -69.966, -32.299 ], [ -69.966, -32.333 ], [ -69.999, -32.333 ], [ -69.999, -32.299 ], [ -69.999, -32.266 ], [ -69.999, -32.233 ], [ -69.966, -32.233 ], [ -69.966, -32.199 ], [ -69.933, -32.199 ] ] ], [ [ [ -69.666, -32.199 ], [ -69.666, -32.233 ], [ -69.699, -32.233 ], [ -69.699, -32.199 ], [ -69.666, -32.199 ] ] ], [ [ [ -69.533, -32.233 ], [ -69.566, -32.233 ], [ -69.566, -32.199 ], [ -69.533, -32.199 ], [ -69.533, -32.233 ] ] ], [ [ [ -69.933, -32.199 ], [ -69.933, -32.166 ], [ -69.899, -32.166 ], [ -69.899, -32.199 ], [ -69.933, -32.199 ] ] ], [ [ [ -70.233, -32.133 ], [ -70.199, -32.133 ], [ -70.199, -32.166 ], [ -70.233, -32.166 ], [ -70.233, -32.133 ] ] ], [ [ [ -70.133, -32.133 ], [ -70.099, -32.133 ], [ -70.099, -32.166 ], [ -70.133, -32.166 ], [ -70.133, -32.133 ] ] ], [ [ [ -69.999, -32.166 ], [ -70.033, -32.166 ], [ -70.033, -32.133 ], [ -69.999, -32.133 ], [ -69.999, -32.166 ] ] ], [ [ [ -69.933, -32.166 ], [ -69.966, -32.166 ], [ -69.966, -32.133 ], [ -69.933, -32.133 ], [ -69.933, -32.166 ] ] ], [ [ [ -69.666, -32.199 ], [ -69.666, -32.166 ], [ -69.666, -32.133 ], [ -69.633, -32.133 ], [ -69.633, -32.166 ], [ -69.633, -32.199 ], [ -69.666, -32.199 ] ] ], [ [ [ -70.233, -32.133 ], [ -70.266, -32.133 ], [ -70.266, -32.099 ], [ -70.233, -32.099 ], [ -70.233, -32.133 ] ] ], [ [ [ -69.633, -32.133 ], [ -69.633, -32.099 ], [ -69.599, -32.099 ], [ -69.599, -32.133 ], [ -69.633, -32.133 ] ] ], [ [ [ -69.533, -32.133 ], [ -69.566, -32.133 ], [ -69.566, -32.099 ], [ -69.533, -32.099 ], [ -69.533, -32.133 ] ] ], [ [ [ -70.133, -32.133 ], [ -70.166, -32.133 ], [ -70.199, -32.133 ], [ -70.199, -32.099 ], [ -70.199, -32.066 ], [ -70.166, -32.066 ], [ -70.166, -32.099 ], [ -70.133, -32.099 ], [ -70.133, -32.133 ] ] ], [ [ [ -70.233, -32.033 ], [ -70.233, -32.066 ], [ -70.266, -32.066 ], [ -70.266, -32.036 ], [ -70.263, -32.037 ], [ -70.262, -32.037 ], [ -70.261, -32.036 ], [ -70.260, -32.033 ], [ -70.260, -32.029 ], [ -70.259, -32.027 ], [ -70.256, -32.025 ], [ -70.253, -32.024 ], [ -70.249, -32.017 ], [ -70.249, -32.016 ], [ -70.233, -32.033 ] ] ], [ [ [ -70.166, -32.033 ], [ -70.199, -32.033 ], [ -70.199, -31.999 ], [ -70.166, -31.999 ], [ -70.166, -32.033 ] ] ], [ [ [ -69.999, -31.999 ], [ -69.999, -32.033 ], [ -70.033, -32.033 ], [ -70.066, -32.033 ], [ -70.066, -31.999 ], [ -70.033, -31.999 ], [ -69.999, -31.999 ] ] ], [ [ [ -69.999, -31.999 ], [ -69.999, -31.966 ], [ -69.966, -31.966 ], [ -69.966, -31.999 ], [ -69.999, -31.999 ] ] ], [ [ [ -69.966, -31.966 ], [ -69.966, -31.933 ], [ -69.933, -31.933 ], [ -69.933, -31.966 ], [ -69.966, -31.966 ] ] ], [ [ [ -70.233, -31.866 ], [ -70.199, -31.866 ], [ -70.199, -31.899 ], [ -70.233, -31.899 ], [ -70.233, -31.866 ] ] ], [ [ [ -70.099, -31.866 ], [ -70.099, -31.899 ], [ -70.133, -31.899 ], [ -70.133, -31.866 ], [ -70.099, -31.866 ] ] ], [ [ [ -69.133, -31.899 ], [ -69.133, -31.933 ], [ -69.099, -31.933 ], [ -69.099, -31.966 ], [ -69.133, -31.966 ], [ -69.133, -31.999 ], [ -69.166, -31.999 ], [ -69.166, -31.966 ], [ -69.166, -31.933 ], [ -69.166, -31.899 ], [ -69.166, -31.866 ], [ -69.133, -31.866 ], [ -69.099, -31.866 ], [ -69.099, -31.899 ], [ -69.133, -31.899 ] ] ], [ [ [ -70.233, -31.866 ], [ -70.266, -31.866 ], [ -70.299, -31.866 ], [ -70.314, -31.881 ], [ -70.318, -31.880 ], [ -70.321, -31.882 ], [ -70.326, -31.883 ], [ -70.334, -31.883 ], [ -70.337, -31.885 ], [ -70.343, -31.886 ], [ -70.345, -31.887 ], [ -70.347, -31.889 ], [ -70.350, -31.889 ], [ -70.353, -31.888 ], [ -70.356, -31.884 ], [ -70.359, -31.882 ], [ -70.363, -31.880 ], [ -70.367, -31.881 ], [ -70.376, -31.884 ], [ -70.377, -31.882 ], [ -70.380, -31.880 ], [ -70.366, -31.866 ], [ -70.333, -31.866 ], [ -70.333, -31.833 ], [ -70.299, -31.833 ], [ -70.266, -31.833 ], [ -70.233, -31.833 ], [ -70.233, -31.866 ] ] ], [ [ [ -70.099, -31.866 ], [ -70.099, -31.833 ], [ -70.066, -31.833 ], [ -70.066, -31.866 ], [ -70.099, -31.866 ] ] ], [ [ [ -70.199, -31.799 ], [ -70.233, -31.799 ], [ -70.233, -31.766 ], [ -70.199, -31.766 ], [ -70.199, -31.799 ] ] ], [ [ [ -70.099, -31.833 ], [ -70.133, -31.833 ], [ -70.166, -31.833 ], [ -70.166, -31.799 ], [ -70.133, -31.799 ], [ -70.133, -31.766 ], [ -70.099, -31.766 ], [ -70.099, -31.799 ], [ -70.099, -31.833 ] ] ], [ [ [ -69.833, -31.799 ], [ -69.866, -31.799 ], [ -69.866, -31.766 ], [ -69.833, -31.766 ], [ -69.833, -31.799 ] ] ], [ [ [ -69.933, -31.833 ], [ -69.966, -31.833 ], [ -69.966, -31.799 ], [ -69.966, -31.766 ], [ -69.966, -31.733 ], [ -69.933, -31.733 ], [ -69.933, -31.766 ], [ -69.933, -31.799 ], [ -69.933, -31.833 ] ] ], [ [ [ -70.333, -31.833 ], [ -70.366, -31.833 ], [ -70.399, -31.833 ], [ -70.399, -31.799 ], [ -70.433, -31.799 ], [ -70.433, -31.833 ], [ -70.399, -31.833 ], [ -70.399, -31.874 ], [ -70.403, -31.873 ], [ -70.406, -31.870 ], [ -70.408, -31.867 ], [ -70.412, -31.865 ], [ -70.416, -31.863 ], [ -70.419, -31.861 ], [ -70.423, -31.858 ], [ -70.426, -31.855 ], [ -70.428, -31.854 ], [ -70.431, -31.854 ], [ -70.434, -31.852 ], [ -70.438, -31.850 ], [ -70.440, -31.850 ], [ -70.442, -31.850 ], [ -70.443, -31.851 ], [ -70.446, -31.851 ], [ -70.448, -31.850 ], [ -70.450, -31.849 ], [ -70.454, -31.848 ], [ -70.456, -31.846 ], [ -70.459, -31.843 ], [ -70.460, -31.842 ], [ -70.460, -31.840 ], [ -70.460, -31.837 ], [ -70.459, -31.835 ], [ -70.459, -31.832 ], [ -70.459, -31.828 ], [ -70.457, -31.824 ], [ -70.456, -31.820 ], [ -70.454, -31.817 ], [ -70.454, -31.813 ], [ -70.451, -31.811 ], [ -70.450, -31.809 ], [ -70.454, -31.808 ], [ -70.457, -31.807 ], [ -70.460, -31.805 ], [ -70.459, -31.802 ], [ -70.459, -31.799 ], [ -70.460, -31.797 ], [ -70.459, -31.794 ], [ -70.460, -31.790 ], [ -70.461, -31.787 ], [ -70.461, -31.784 ], [ -70.463, -31.780 ], [ -70.464, -31.777 ], [ -70.468, -31.772 ], [ -70.468, -31.768 ], [ -70.468, -31.765 ], [ -70.468, -31.760 ], [ -70.470, -31.758 ], [ -70.470, -31.756 ], [ -70.468, -31.754 ], [ -70.468, -31.750 ], [ -70.467, -31.747 ], [ -70.463, -31.744 ], [ -70.461, -31.741 ], [ -70.460, -31.737 ], [ -70.459, -31.734 ], [ -70.458, -31.732 ], [ -70.460, -31.729 ], [ -70.462, -31.726 ], [ -70.463, -31.723 ], [ -70.465, -31.720 ], [ -70.466, -31.718 ], [ -70.465, -31.716 ], [ -70.464, -31.714 ], [ -70.464, -31.713 ], [ -70.466, -31.711 ], [ -70.468, -31.708 ], [ -70.468, -31.704 ], [ -70.468, -31.702 ], [ -70.466, -31.699 ], [ -70.433, -31.699 ], [ -70.433, -31.733 ], [ -70.399, -31.733 ], [ -70.366, -31.733 ], [ -70.333, -31.733 ], [ -70.333, -31.766 ], [ -70.366, -31.766 ], [ -70.366, -31.799 ], [ -70.333, -31.799 ], [ -70.333, -31.833 ] ] ], [ [ [ -70.233, -31.733 ], [ -70.266, -31.733 ], [ -70.266, -31.699 ], [ -70.233, -31.699 ], [ -70.233, -31.733 ] ] ], [ [ [ -70.166, -31.733 ], [ -70.199, -31.733 ], [ -70.199, -31.699 ], [ -70.166, -31.699 ], [ -70.166, -31.733 ] ] ], [ [ [ -69.966, -31.666 ], [ -69.933, -31.666 ], [ -69.933, -31.699 ], [ -69.966, -31.699 ], [ -69.966, -31.666 ] ] ], [ [ [ -70.466, -31.666 ], [ -70.510, -31.666 ], [ -70.510, -31.666 ], [ -70.509, -31.663 ], [ -70.507, -31.661 ], [ -70.503, -31.659 ], [ -70.505, -31.656 ], [ -70.507, -31.651 ], [ -70.511, -31.648 ], [ -70.513, -31.647 ], [ -70.499, -31.633 ], [ -70.466, -31.633 ], [ -70.433, -31.633 ], [ -70.433, -31.666 ], [ -70.466, -31.666 ] ] ], [ [ [ -70.366, -31.633 ], [ -70.333, -31.633 ], [ -70.333, -31.666 ], [ -70.333, -31.699 ], [ -70.366, -31.699 ], [ -70.366, -31.666 ], [ -70.366, -31.633 ] ] ], [ [ [ -69.833, -31.699 ], [ -69.866, -31.699 ], [ -69.866, -31.666 ], [ -69.833, -31.666 ], [ -69.833, -31.633 ], [ -69.799, -31.633 ], [ -69.799, -31.666 ], [ -69.799, -31.699 ], [ -69.833, -31.699 ] ] ], [ [ [ -69.166, -31.733 ], [ -69.199, -31.733 ], [ -69.199, -31.699 ], [ -69.199, -31.666 ], [ -69.199, -31.633 ], [ -69.166, -31.633 ], [ -69.166, -31.666 ], [ -69.166, -31.699 ], [ -69.166, -31.733 ] ] ], [ [ [ -70.233, -31.633 ], [ -70.266, -31.633 ], [ -70.266, -31.599 ], [ -70.233, -31.599 ], [ -70.199, -31.599 ], [ -70.199, -31.633 ], [ -70.233, -31.633 ] ] ], [ [ [ -69.966, -31.633 ], [ -69.966, -31.666 ], [ -69.999, -31.666 ], [ -70.033, -31.666 ], [ -70.033, -31.633 ], [ -70.033, -31.599 ], [ -69.999, -31.599 ], [ -69.999, -31.633 ], [ -69.966, -31.633 ] ] ], [ [ [ -69.966, -31.633 ], [ -69.966, -31.599 ], [ -69.933, -31.599 ], [ -69.933, -31.633 ], [ -69.966, -31.633 ] ] ], [ [ [ -70.533, -31.599 ], [ -70.544, -31.611 ], [ -70.544, -31.611 ], [ -70.545, -31.608 ], [ -70.547, -31.605 ], [ -70.551, -31.605 ], [ -70.556, -31.605 ], [ -70.560, -31.602 ], [ -70.564, -31.600 ], [ -70.566, -31.600 ], [ -70.566, -31.597 ], [ -70.563, -31.596 ], [ -70.561, -31.594 ], [ -70.564, -31.592 ], [ -70.566, -31.590 ], [ -70.566, -31.587 ], [ -70.566, -31.583 ], [ -70.564, -31.580 ], [ -70.561, -31.577 ], [ -70.558, -31.574 ], [ -70.558, -31.571 ], [ -70.559, -31.569 ], [ -70.560, -31.568 ], [ -70.560, -31.566 ], [ -70.533, -31.566 ], [ -70.533, -31.599 ] ] ], [ [ [ -70.366, -31.633 ], [ -70.399, -31.633 ], [ -70.399, -31.599 ], [ -70.433, -31.599 ], [ -70.433, -31.566 ], [ -70.399, -31.566 ], [ -70.366, -31.566 ], [ -70.366, -31.599 ], [ -70.366, -31.633 ] ] ], [ [ [ -70.033, -31.599 ], [ -70.066, -31.599 ], [ -70.066, -31.566 ], [ -70.033, -31.566 ], [ -70.033, -31.599 ] ] ], [ [ [ -69.799, -31.599 ], [ -69.833, -31.599 ], [ -69.833, -31.566 ], [ -69.799, -31.566 ], [ -69.799, -31.599 ] ] ], [ [ [ -69.933, -31.566 ], [ -69.966, -31.566 ], [ -69.966, -31.533 ], [ -69.933, -31.533 ], [ -69.899, -31.533 ], [ -69.899, -31.566 ], [ -69.933, -31.566 ] ] ], [ [ [ -70.199, -31.499 ], [ -70.166, -31.499 ], [ -70.166, -31.533 ], [ -70.199, -31.533 ], [ -70.199, -31.499 ] ] ], [ [ [ -70.033, -31.533 ], [ -70.066, -31.533 ], [ -70.066, -31.499 ], [ -70.033, -31.499 ], [ -70.033, -31.533 ] ] ], [ [ [ -69.866, -31.499 ], [ -69.833, -31.499 ], [ -69.833, -31.533 ], [ -69.866, -31.533 ], [ -69.866, -31.499 ] ] ], [ [ [ -70.499, -31.499 ], [ -70.533, -31.499 ], [ -70.533, -31.466 ], [ -70.499, -31.466 ], [ -70.466, -31.466 ], [ -70.433, -31.466 ], [ -70.433, -31.499 ], [ -70.466, -31.499 ], [ -70.499, -31.499 ] ] ], [ [ [ -70.199, -31.499 ], [ -70.233, -31.499 ], [ -70.233, -31.466 ], [ -70.199, -31.466 ], [ -70.199, -31.499 ] ] ], [ [ [ -69.866, -31.499 ], [ -69.899, -31.499 ], [ -69.899, -31.466 ], [ -69.866, -31.466 ], [ -69.866, -31.499 ] ] ], [ [ [ -70.133, -31.466 ], [ -70.166, -31.466 ], [ -70.166, -31.433 ], [ -70.133, -31.433 ], [ -70.133, -31.466 ] ] ], [ [ [ -70.066, -31.466 ], [ -70.099, -31.466 ], [ -70.099, -31.433 ], [ -70.066, -31.433 ], [ -70.066, -31.466 ] ] ], [ [ [ -69.899, -31.466 ], [ -69.933, -31.466 ], [ -69.933, -31.433 ], [ -69.899, -31.433 ], [ -69.899, -31.466 ] ] ], [ [ [ -70.537, -31.407 ], [ -70.533, -31.408 ], [ -70.533, -31.407 ], [ -70.533, -31.433 ], [ -70.548, -31.448 ], [ -70.548, -31.447 ], [ -70.549, -31.445 ], [ -70.551, -31.442 ], [ -70.551, -31.439 ], [ -70.549, -31.437 ], [ -70.547, -31.435 ], [ -70.549, -31.432 ], [ -70.551, -31.428 ], [ -70.554, -31.428 ], [ -70.557, -31.425 ], [ -70.558, -31.423 ], [ -70.560, -31.421 ], [ -70.561, -31.419 ], [ -70.558, -31.418 ], [ -70.556, -31.416 ], [ -70.555, -31.413 ], [ -70.554, -31.411 ], [ -70.551, -31.409 ], [ -70.548, -31.407 ], [ -70.544, -31.407 ], [ -70.541, -31.407 ], [ -70.539, -31.407 ], [ -70.537, -31.407 ] ] ], [ [ [ -70.266, -31.433 ], [ -70.299, -31.433 ], [ -70.299, -31.399 ], [ -70.266, -31.399 ], [ -70.266, -31.433 ] ] ], [ [ [ -69.899, -31.433 ], [ -69.899, -31.399 ], [ -69.866, -31.399 ], [ -69.866, -31.433 ], [ -69.899, -31.433 ] ] ], [ [ [ -70.533, -31.399 ], [ -70.533, -31.403 ], [ -70.535, -31.399 ], [ -70.538, -31.394 ], [ -70.539, -31.390 ], [ -70.538, -31.387 ], [ -70.538, -31.384 ], [ -70.534, -31.380 ], [ -70.530, -31.375 ], [ -70.528, -31.372 ], [ -70.528, -31.369 ], [ -70.527, -31.366 ], [ -70.499, -31.366 ], [ -70.499, -31.399 ], [ -70.533, -31.399 ] ] ], [ [ [ -70.299, -31.366 ], [ -70.333, -31.366 ], [ -70.333, -31.333 ], [ -70.299, -31.333 ], [ -70.299, -31.366 ] ] ], [ [ [ -70.233, -31.366 ], [ -70.266, -31.366 ], [ -70.266, -31.333 ], [ -70.233, -31.333 ], [ -70.233, -31.366 ] ] ], [ [ [ -70.166, -31.366 ], [ -70.199, -31.366 ], [ -70.199, -31.333 ], [ -70.166, -31.333 ], [ -70.166, -31.366 ] ] ], [ [ [ -70.033, -31.366 ], [ -70.066, -31.366 ], [ -70.066, -31.333 ], [ -70.033, -31.333 ], [ -69.999, -31.333 ], [ -69.966, -31.333 ], [ -69.933, -31.333 ], [ -69.933, -31.366 ], [ -69.966, -31.366 ], [ -69.999, -31.366 ], [ -70.033, -31.366 ] ] ], [ [ [ -70.133, -31.266 ], [ -70.099, -31.266 ], [ -70.099, -31.299 ], [ -70.133, -31.299 ], [ -70.133, -31.266 ] ] ], [ [ [ -70.033, -31.266 ], [ -69.999, -31.266 ], [ -69.999, -31.299 ], [ -70.033, -31.299 ], [ -70.033, -31.266 ] ] ], [ [ [ -69.933, -31.299 ], [ -69.966, -31.299 ], [ -69.966, -31.266 ], [ -69.933, -31.266 ], [ -69.933, -31.299 ] ] ], [ [ [ -69.866, -31.299 ], [ -69.899, -31.299 ], [ -69.899, -31.266 ], [ -69.866, -31.266 ], [ -69.866, -31.299 ] ] ], [ [ [ -70.233, -31.233 ], [ -70.233, -31.266 ], [ -70.233, -31.299 ], [ -70.266, -31.299 ], [ -70.266, -31.266 ], [ -70.266, -31.233 ], [ -70.233, -31.233 ] ] ], [ [ [ -70.033, -31.266 ], [ -70.066, -31.266 ], [ -70.066, -31.233 ], [ -70.033, -31.233 ], [ -70.033, -31.266 ] ] ], [ [ [ -69.799, -31.299 ], [ -69.833, -31.299 ], [ -69.833, -31.266 ], [ -69.833, -31.233 ], [ -69.799, -31.233 ], [ -69.766, -31.233 ], [ -69.766, -31.266 ], [ -69.799, -31.266 ], [ -69.799, -31.299 ] ] ], [ [ [ -70.066, -31.233 ], [ -70.099, -31.233 ], [ -70.133, -31.233 ], [ -70.133, -31.266 ], [ -70.166, -31.266 ], [ -70.166, -31.233 ], [ -70.166, -31.199 ], [ -70.166, -31.166 ], [ -70.133, -31.166 ], [ -70.099, -31.166 ], [ -70.066, -31.166 ], [ -70.066, -31.133 ], [ -70.033, -31.133 ], [ -70.033, -31.166 ], [ -70.033, -31.199 ], [ -70.066, -31.199 ], [ -70.066, -31.233 ] ] ], [ [ [ -69.933, -31.166 ], [ -69.966, -31.166 ], [ -69.966, -31.133 ], [ -69.933, -31.133 ], [ -69.933, -31.166 ] ] ], [ [ [ -69.766, -31.166 ], [ -69.799, -31.166 ], [ -69.799, -31.133 ], [ -69.766, -31.133 ], [ -69.766, -31.166 ] ] ], [ [ [ -70.066, -31.133 ], [ -70.099, -31.133 ], [ -70.099, -31.099 ], [ -70.066, -31.099 ], [ -70.066, -31.133 ] ] ], [ [ [ -70.233, -31.233 ], [ -70.233, -31.199 ], [ -70.266, -31.199 ], [ -70.299, -31.199 ], [ -70.299, -31.166 ], [ -70.299, -31.133 ], [ -70.266, -31.133 ], [ -70.233, -31.133 ], [ -70.233, -31.099 ], [ -70.199, -31.099 ], [ -70.199, -31.066 ], [ -70.166, -31.066 ], [ -70.166, -31.099 ], [ -70.166, -31.133 ], [ -70.199, -31.133 ], [ -70.199, -31.166 ], [ -70.199, -31.199 ], [ -70.199, -31.233 ], [ -70.233, -31.233 ] ] ], [ [ [ -70.033, -31.133 ], [ -70.033, -31.099 ], [ -70.066, -31.099 ], [ -70.066, -31.066 ], [ -70.033, -31.066 ], [ -69.999, -31.066 ], [ -69.966, -31.066 ], [ -69.966, -31.099 ], [ -69.999, -31.099 ], [ -69.999, -31.133 ], [ -70.033, -31.133 ] ] ], [ [ [ -70.233, -31.033 ], [ -70.233, -31.066 ], [ -70.266, -31.066 ], [ -70.266, -31.033 ], [ -70.233, -31.033 ] ] ], [ [ [ -70.233, -31.033 ], [ -70.233, -30.999 ], [ -70.199, -30.999 ], [ -70.199, -31.033 ], [ -70.233, -31.033 ] ] ], [ [ [ -69.966, -31.066 ], [ -69.966, -31.033 ], [ -69.966, -30.999 ], [ -69.933, -30.999 ], [ -69.899, -30.999 ], [ -69.899, -31.033 ], [ -69.899, -31.066 ], [ -69.933, -31.066 ], [ -69.966, -31.066 ] ] ], [ [ [ -69.799, -30.999 ], [ -69.766, -30.999 ], [ -69.766, -31.033 ], [ -69.766, -31.066 ], [ -69.799, -31.066 ], [ -69.799, -31.033 ], [ -69.799, -30.999 ] ] ], [ [ [ -70.133, -30.966 ], [ -70.099, -30.966 ], [ -70.099, -30.999 ], [ -70.133, -30.999 ], [ -70.133, -30.966 ] ] ], [ [ [ -69.799, -30.999 ], [ -69.833, -30.999 ], [ -69.833, -30.966 ], [ -69.799, -30.966 ], [ -69.799, -30.999 ] ] ], [ [ [ -69.866, -30.966 ], [ -69.899, -30.966 ], [ -69.899, -30.933 ], [ -69.866, -30.933 ], [ -69.866, -30.966 ] ] ], [ [ [ -70.266, -30.933 ], [ -70.322, -30.933 ], [ -70.323, -30.930 ], [ -70.321, -30.925 ], [ -70.318, -30.922 ], [ -70.315, -30.920 ], [ -70.316, -30.917 ], [ -70.316, -30.913 ], [ -70.314, -30.911 ], [ -70.311, -30.909 ], [ -70.312, -30.905 ], [ -70.308, -30.901 ], [ -70.308, -30.899 ], [ -70.266, -30.899 ], [ -70.266, -30.933 ] ] ], [ [ [ -70.133, -30.966 ], [ -70.166, -30.966 ], [ -70.166, -30.999 ], [ -70.199, -30.999 ], [ -70.199, -30.966 ], [ -70.233, -30.966 ], [ -70.233, -30.933 ], [ -70.233, -30.899 ], [ -70.199, -30.899 ], [ -70.199, -30.933 ], [ -70.166, -30.933 ], [ -70.133, -30.933 ], [ -70.133, -30.966 ] ] ], [ [ [ -69.966, -30.899 ], [ -69.999, -30.899 ], [ -69.999, -30.866 ], [ -69.966, -30.866 ], [ -69.966, -30.899 ] ] ], [ [ [ -70.266, -30.866 ], [ -70.300, -30.866 ], [ -70.300, -30.863 ], [ -70.299, -30.859 ], [ -70.296, -30.855 ], [ -70.296, -30.848 ], [ -70.293, -30.842 ], [ -70.287, -30.841 ], [ -70.284, -30.838 ], [ -70.281, -30.833 ], [ -70.279, -30.830 ], [ -70.279, -30.826 ], [ -70.278, -30.823 ], [ -70.278, -30.821 ], [ -70.266, -30.833 ], [ -70.266, -30.866 ] ] ], [ [ [ -69.999, -30.833 ], [ -70.033, -30.833 ], [ -70.033, -30.799 ], [ -69.999, -30.799 ], [ -69.966, -30.799 ], [ -69.966, -30.833 ], [ -69.999, -30.833 ] ] ], [ [ [ -69.766, -30.833 ], [ -69.799, -30.833 ], [ -69.799, -30.799 ], [ -69.766, -30.799 ], [ -69.766, -30.833 ] ] ], [ [ [ -70.233, -30.766 ], [ -70.272, -30.766 ], [ -70.272, -30.765 ], [ -70.274, -30.761 ], [ -70.273, -30.756 ], [ -70.272, -30.752 ], [ -70.270, -30.748 ], [ -70.269, -30.745 ], [ -70.265, -30.742 ], [ -70.263, -30.737 ], [ -70.259, -30.735 ], [ -70.254, -30.733 ], [ -70.254, -30.733 ], [ -70.233, -30.733 ], [ -70.233, -30.766 ] ] ], [ [ [ -70.133, -30.766 ], [ -70.133, -30.799 ], [ -70.099, -30.799 ], [ -70.099, -30.766 ], [ -70.066, -30.766 ], [ -70.066, -30.799 ], [ -70.066, -30.833 ], [ -70.099, -30.833 ], [ -70.133, -30.833 ], [ -70.133, -30.866 ], [ -70.166, -30.866 ], [ -70.166, -30.833 ], [ -70.166, -30.799 ], [ -70.199, -30.799 ], [ -70.199, -30.766 ], [ -70.166, -30.766 ], [ -70.166, -30.733 ], [ -70.133, -30.733 ], [ -70.133, -30.766 ] ] ], [ [ [ -69.966, -30.766 ], [ -69.999, -30.766 ], [ -69.999, -30.733 ], [ -69.966, -30.733 ], [ -69.933, -30.733 ], [ -69.933, -30.766 ], [ -69.966, -30.766 ] ] ], [ [ [ -70.033, -30.733 ], [ -70.066, -30.733 ], [ -70.066, -30.699 ], [ -70.033, -30.699 ], [ -70.033, -30.733 ] ] ], [ [ [ -69.899, -30.699 ], [ -69.866, -30.699 ], [ -69.866, -30.733 ], [ -69.899, -30.733 ], [ -69.899, -30.699 ] ] ], [ [ [ -69.733, -30.733 ], [ -69.766, -30.733 ], [ -69.766, -30.699 ], [ -69.733, -30.699 ], [ -69.733, -30.733 ] ] ], [ [ [ -70.233, -30.699 ], [ -70.258, -30.699 ], [ -70.258, -30.698 ], [ -70.257, -30.693 ], [ -70.255, -30.689 ], [ -70.254, -30.685 ], [ -70.253, -30.680 ], [ -70.252, -30.676 ], [ -70.250, -30.674 ], [ -70.244, -30.674 ], [ -70.242, -30.671 ], [ -70.240, -30.669 ], [ -70.239, -30.667 ], [ -70.240, -30.666 ], [ -70.233, -30.666 ], [ -70.233, -30.699 ] ] ], [ [ [ -69.966, -30.699 ], [ -69.999, -30.699 ], [ -69.999, -30.666 ], [ -69.966, -30.666 ], [ -69.966, -30.699 ] ] ], [ [ [ -69.899, -30.699 ], [ -69.933, -30.699 ], [ -69.933, -30.666 ], [ -69.899, -30.666 ], [ -69.899, -30.699 ] ] ], [ [ [ -69.833, -30.666 ], [ -69.799, -30.666 ], [ -69.799, -30.699 ], [ -69.833, -30.699 ], [ -69.833, -30.666 ] ] ], [ [ [ -70.066, -30.666 ], [ -70.099, -30.666 ], [ -70.099, -30.633 ], [ -70.099, -30.599 ], [ -70.066, -30.599 ], [ -70.066, -30.633 ], [ -70.066, -30.666 ] ] ], [ [ [ -69.633, -30.599 ], [ -69.633, -30.633 ], [ -69.599, -30.633 ], [ -69.599, -30.666 ], [ -69.633, -30.666 ], [ -69.666, -30.666 ], [ -69.699, -30.666 ], [ -69.699, -30.633 ], [ -69.666, -30.633 ], [ -69.666, -30.599 ], [ -69.633, -30.599 ] ] ], [ [ [ -69.966, -30.633 ], [ -69.999, -30.633 ], [ -69.999, -30.599 ], [ -69.999, -30.566 ], [ -69.966, -30.566 ], [ -69.966, -30.599 ], [ -69.966, -30.633 ] ] ], [ [ [ -69.833, -30.666 ], [ -69.866, -30.666 ], [ -69.866, -30.633 ], [ -69.866, -30.599 ], [ -69.866, -30.566 ], [ -69.833, -30.566 ], [ -69.833, -30.599 ], [ -69.833, -30.633 ], [ -69.833, -30.666 ] ] ], [ [ [ -69.633, -30.599 ], [ -69.633, -30.566 ], [ -69.599, -30.566 ], [ -69.599, -30.599 ], [ -69.633, -30.599 ] ] ], [ [ [ -70.199, -30.599 ], [ -70.223, -30.599 ], [ -70.221, -30.597 ], [ -70.220, -30.594 ], [ -70.220, -30.587 ], [ -70.220, -30.582 ], [ -70.218, -30.579 ], [ -70.214, -30.577 ], [ -70.211, -30.574 ], [ -70.208, -30.571 ], [ -70.206, -30.568 ], [ -70.208, -30.564 ], [ -70.207, -30.560 ], [ -70.206, -30.559 ], [ -70.199, -30.566 ], [ -70.199, -30.599 ] ] ], [ [ [ -69.866, -30.566 ], [ -69.899, -30.566 ], [ -69.899, -30.533 ], [ -69.866, -30.533 ], [ -69.866, -30.566 ] ] ], [ [ [ -70.066, -30.533 ], [ -70.066, -30.566 ], [ -70.099, -30.566 ], [ -70.099, -30.533 ], [ -70.133, -30.533 ], [ -70.166, -30.533 ], [ -70.182, -30.517 ], [ -70.180, -30.513 ], [ -70.182, -30.509 ], [ -70.186, -30.506 ], [ -70.189, -30.500 ], [ -70.190, -30.499 ], [ -70.133, -30.499 ], [ -70.099, -30.499 ], [ -70.066, -30.499 ], [ -70.066, -30.533 ] ] ], [ [ [ -69.599, -30.466 ], [ -69.566, -30.466 ], [ -69.566, -30.499 ], [ -69.566, -30.533 ], [ -69.599, -30.533 ], [ -69.633, -30.533 ], [ -69.633, -30.499 ], [ -69.599, -30.499 ], [ -69.599, -30.466 ] ] ], [ [ [ -69.599, -30.466 ], [ -69.633, -30.466 ], [ -69.633, -30.433 ], [ -69.599, -30.433 ], [ -69.599, -30.466 ] ] ], [ [ [ -70.009, -30.390 ], [ -69.999, -30.399 ], [ -69.999, -30.433 ], [ -69.999, -30.466 ], [ -70.033, -30.466 ], [ -70.066, -30.466 ], [ -70.099, -30.466 ], [ -70.099, -30.433 ], [ -70.066, -30.433 ], [ -70.033, -30.433 ], [ -70.033, -30.391 ], [ -70.031, -30.391 ], [ -70.028, -30.393 ], [ -70.023, -30.395 ], [ -70.019, -30.395 ], [ -70.014, -30.392 ], [ -70.010, -30.390 ], [ -70.009, -30.390 ] ] ], [ [ [ -69.916, -30.350 ], [ -69.899, -30.366 ], [ -69.866, -30.366 ], [ -69.866, -30.399 ], [ -69.866, -30.433 ], [ -69.866, -30.466 ], [ -69.866, -30.499 ], [ -69.899, -30.499 ], [ -69.933, -30.499 ], [ -69.933, -30.466 ], [ -69.899, -30.466 ], [ -69.899, -30.433 ], [ -69.899, -30.399 ], [ -69.933, -30.399 ], [ -69.933, -30.359 ], [ -69.931, -30.357 ], [ -69.926, -30.355 ], [ -69.922, -30.351 ], [ -69.917, -30.350 ], [ -69.916, -30.350 ] ] ], [ [ [ -69.733, -30.366 ], [ -69.766, -30.366 ], [ -69.766, -30.333 ], [ -69.733, -30.333 ], [ -69.699, -30.333 ], [ -69.699, -30.366 ], [ -69.733, -30.366 ] ] ], [ [ [ -69.633, -30.299 ], [ -69.633, -30.333 ], [ -69.633, -30.366 ], [ -69.666, -30.366 ], [ -69.666, -30.333 ], [ -69.666, -30.299 ], [ -69.633, -30.299 ] ] ], [ [ [ -69.633, -30.299 ], [ -69.633, -30.266 ], [ -69.599, -30.266 ], [ -69.599, -30.299 ], [ -69.633, -30.299 ] ] ], [ [ [ -69.699, -30.199 ], [ -69.733, -30.199 ], [ -69.733, -30.166 ], [ -69.699, -30.166 ], [ -69.699, -30.199 ] ] ], [ [ [ -69.633, -30.199 ], [ -69.666, -30.199 ], [ -69.666, -30.166 ], [ -69.633, -30.166 ], [ -69.599, -30.166 ], [ -69.566, -30.166 ], [ -69.566, -30.199 ], [ -69.599, -30.199 ], [ -69.633, -30.199 ] ] ], [ [ [ -69.833, -30.066 ], [ -69.799, -30.066 ], [ -69.799, -30.099 ], [ -69.833, -30.099 ], [ -69.833, -30.066 ] ] ], [ [ [ -69.566, -30.133 ], [ -69.599, -30.133 ], [ -69.599, -30.099 ], [ -69.599, -30.066 ], [ -69.566, -30.066 ], [ -69.566, -30.099 ], [ -69.566, -30.133 ] ] ], [ [ [ -69.833, -30.066 ], [ -69.866, -30.066 ], [ -69.866, -30.033 ], [ -69.833, -30.033 ], [ -69.833, -30.066 ] ] ], [ [ [ -69.799, -30.066 ], [ -69.799, -30.033 ], [ -69.766, -30.033 ], [ -69.766, -30.066 ], [ -69.799, -30.066 ] ] ], [ [ [ -69.733, -29.966 ], [ -69.733, -29.999 ], [ -69.766, -29.999 ], [ -69.766, -29.966 ], [ -69.733, -29.966 ] ] ], [ [ [ -69.733, -29.966 ], [ -69.733, -29.933 ], [ -69.699, -29.933 ], [ -69.699, -29.966 ], [ -69.733, -29.966 ] ] ], [ [ [ -69.499, -29.966 ], [ -69.533, -29.966 ], [ -69.533, -29.933 ], [ -69.499, -29.933 ], [ -69.499, -29.966 ] ] ], [ [ [ -69.666, -29.866 ], [ -69.666, -29.899 ], [ -69.699, -29.899 ], [ -69.699, -29.866 ], [ -69.666, -29.866 ] ] ], [ [ [ -69.499, -29.899 ], [ -69.533, -29.899 ], [ -69.533, -29.866 ], [ -69.499, -29.866 ], [ -69.499, -29.899 ] ] ], [ [ [ -69.666, -29.866 ], [ -69.666, -29.833 ], [ -69.666, -29.799 ], [ -69.633, -29.799 ], [ -69.633, -29.833 ], [ -69.633, -29.866 ], [ -69.666, -29.866 ] ] ], [ [ [ -69.433, -29.766 ], [ -69.433, -29.799 ], [ -69.466, -29.799 ], [ -69.466, -29.766 ], [ -69.433, -29.766 ] ] ], [ [ [ -69.633, -29.799 ], [ -69.633, -29.766 ], [ -69.633, -29.733 ], [ -69.599, -29.733 ], [ -69.599, -29.766 ], [ -69.599, -29.799 ], [ -69.633, -29.799 ] ] ], [ [ [ -69.433, -29.766 ], [ -69.433, -29.733 ], [ -69.399, -29.733 ], [ -69.366, -29.733 ], [ -69.366, -29.766 ], [ -69.399, -29.766 ], [ -69.433, -29.766 ] ] ], [ [ [ -69.799, -30.033 ], [ -69.833, -30.033 ], [ -69.833, -29.999 ], [ -69.833, -29.966 ], [ -69.833, -29.933 ], [ -69.833, -29.899 ], [ -69.833, -29.866 ], [ -69.833, -29.833 ], [ -69.866, -29.833 ], [ -69.866, -29.799 ], [ -69.866, -29.766 ], [ -69.866, -29.733 ], [ -69.833, -29.733 ], [ -69.799, -29.733 ], [ -69.799, -29.699 ], [ -69.766, -29.699 ], [ -69.766, -29.733 ], [ -69.766, -29.766 ], [ -69.799, -29.766 ], [ -69.833, -29.766 ], [ -69.833, -29.799 ], [ -69.799, -29.799 ], [ -69.799, -29.833 ], [ -69.766, -29.833 ], [ -69.766, -29.866 ], [ -69.799, -29.866 ], [ -69.799, -29.899 ], [ -69.799, -29.933 ], [ -69.799, -29.966 ], [ -69.799, -29.999 ], [ -69.799, -30.033 ] ] ], [ [ [ -69.699, -29.733 ], [ -69.733, -29.733 ], [ -69.733, -29.699 ], [ -69.699, -29.699 ], [ -69.699, -29.733 ] ] ], [ [ [ -69.633, -29.733 ], [ -69.666, -29.733 ], [ -69.666, -29.699 ], [ -69.633, -29.699 ], [ -69.633, -29.733 ] ] ], [ [ [ -69.599, -29.733 ], [ -69.599, -29.699 ], [ -69.566, -29.699 ], [ -69.566, -29.733 ], [ -69.599, -29.733 ] ] ], [ [ [ -69.033, -29.733 ], [ -69.066, -29.733 ], [ -69.066, -29.699 ], [ -69.033, -29.699 ], [ -68.999, -29.699 ], [ -68.999, -29.733 ], [ -69.033, -29.733 ] ] ], [ [ [ -69.799, -29.699 ], [ -69.833, -29.699 ], [ -69.833, -29.666 ], [ -69.799, -29.666 ], [ -69.799, -29.699 ] ] ], [ [ [ -69.799, -29.666 ], [ -69.799, -29.633 ], [ -69.766, -29.633 ], [ -69.766, -29.666 ], [ -69.799, -29.666 ] ] ], [ [ [ -69.699, -29.633 ], [ -69.666, -29.633 ], [ -69.666, -29.666 ], [ -69.699, -29.666 ], [ -69.699, -29.633 ] ] ], [ [ [ -69.533, -29.666 ], [ -69.566, -29.666 ], [ -69.566, -29.633 ], [ -69.533, -29.633 ], [ -69.533, -29.666 ] ] ], [ [ [ -68.999, -29.633 ], [ -68.966, -29.633 ], [ -68.966, -29.666 ], [ -68.999, -29.666 ], [ -68.999, -29.633 ] ] ], [ [ [ -69.366, -29.599 ], [ -69.399, -29.599 ], [ -69.399, -29.566 ], [ -69.366, -29.566 ], [ -69.366, -29.599 ] ] ], [ [ [ -68.999, -29.633 ], [ -69.033, -29.633 ], [ -69.033, -29.599 ], [ -69.033, -29.566 ], [ -68.999, -29.566 ], [ -68.999, -29.599 ], [ -68.999, -29.633 ] ] ], [ [ [ -69.766, -29.566 ], [ -69.766, -29.599 ], [ -69.799, -29.599 ], [ -69.799, -29.633 ], [ -69.833, -29.633 ], [ -69.866, -29.633 ], [ -69.866, -29.599 ], [ -69.899, -29.599 ], [ -69.935, -29.599 ], [ -69.934, -29.596 ], [ -69.932, -29.591 ], [ -69.932, -29.584 ], [ -69.933, -29.578 ], [ -69.934, -29.571 ], [ -69.936, -29.564 ], [ -69.939, -29.561 ], [ -69.942, -29.556 ], [ -69.945, -29.552 ], [ -69.947, -29.548 ], [ -69.950, -29.544 ], [ -69.954, -29.539 ], [ -69.955, -29.534 ], [ -69.954, -29.533 ], [ -69.899, -29.533 ], [ -69.899, -29.566 ], [ -69.866, -29.566 ], [ -69.833, -29.566 ], [ -69.799, -29.566 ], [ -69.766, -29.566 ] ] ], [ [ [ -69.733, -29.566 ], [ -69.766, -29.566 ], [ -69.766, -29.533 ], [ -69.733, -29.533 ], [ -69.733, -29.566 ] ] ], [ [ [ -69.899, -29.533 ], [ -69.899, -29.499 ], [ -69.866, -29.499 ], [ -69.866, -29.533 ], [ -69.899, -29.533 ] ] ], [ [ [ -69.699, -29.633 ], [ -69.733, -29.633 ], [ -69.733, -29.599 ], [ -69.733, -29.566 ], [ -69.699, -29.566 ], [ -69.699, -29.533 ], [ -69.699, -29.499 ], [ -69.666, -29.499 ], [ -69.666, -29.533 ], [ -69.666, -29.566 ], [ -69.666, -29.599 ], [ -69.699, -29.599 ], [ -69.699, -29.633 ] ] ], [ [ [ -69.533, -29.566 ], [ -69.566, -29.566 ], [ -69.566, -29.533 ], [ -69.566, -29.499 ], [ -69.533, -29.499 ], [ -69.533, -29.533 ], [ -69.533, -29.566 ] ] ], [ [ [ -69.033, -29.499 ], [ -68.999, -29.499 ], [ -68.999, -29.533 ], [ -69.033, -29.533 ], [ -69.033, -29.499 ] ] ], [ [ [ -69.866, -29.499 ], [ -69.866, -29.466 ], [ -69.833, -29.466 ], [ -69.799, -29.466 ], [ -69.766, -29.466 ], [ -69.766, -29.499 ], [ -69.799, -29.499 ], [ -69.833, -29.499 ], [ -69.866, -29.499 ] ] ], [ [ [ -69.033, -29.499 ], [ -69.066, -29.499 ], [ -69.066, -29.466 ], [ -69.033, -29.466 ], [ -69.033, -29.499 ] ] ], [ [ [ -69.933, -29.466 ], [ -69.956, -29.466 ], [ -69.960, -29.464 ], [ -69.963, -29.463 ], [ -69.969, -29.460 ], [ -69.975, -29.454 ], [ -69.980, -29.452 ], [ -69.977, -29.448 ], [ -69.972, -29.440 ], [ -69.973, -29.433 ], [ -69.972, -29.433 ], [ -69.933, -29.433 ], [ -69.933, -29.466 ] ] ], [ [ [ -69.866, -29.466 ], [ -69.899, -29.466 ], [ -69.899, -29.433 ], [ -69.866, -29.433 ], [ -69.866, -29.466 ] ] ], [ [ [ -68.966, -29.433 ], [ -68.933, -29.433 ], [ -68.933, -29.466 ], [ -68.966, -29.466 ], [ -68.966, -29.433 ] ] ], [ [ [ -69.566, -29.466 ], [ -69.599, -29.466 ], [ -69.599, -29.433 ], [ -69.599, -29.399 ], [ -69.566, -29.399 ], [ -69.566, -29.433 ], [ -69.566, -29.466 ] ] ], [ [ [ -69.433, -29.466 ], [ -69.466, -29.466 ], [ -69.466, -29.433 ], [ -69.466, -29.399 ], [ -69.433, -29.399 ], [ -69.433, -29.433 ], [ -69.433, -29.466 ] ] ], [ [ [ -69.966, -29.399 ], [ -69.975, -29.408 ], [ -69.977, -29.404 ], [ -69.982, -29.401 ], [ -69.991, -29.400 ], [ -69.999, -29.393 ], [ -69.999, -29.366 ], [ -69.966, -29.366 ], [ -69.966, -29.399 ] ] ], [ [ [ -69.799, -29.399 ], [ -69.833, -29.399 ], [ -69.833, -29.366 ], [ -69.799, -29.366 ], [ -69.799, -29.399 ] ] ], [ [ [ -69.499, -29.399 ], [ -69.533, -29.399 ], [ -69.533, -29.366 ], [ -69.499, -29.366 ], [ -69.499, -29.399 ] ] ], [ [ [ -68.966, -29.433 ], [ -68.999, -29.433 ], [ -69.033, -29.433 ], [ -69.033, -29.399 ], [ -69.033, -29.366 ], [ -68.999, -29.366 ], [ -68.999, -29.399 ], [ -68.966, -29.399 ], [ -68.966, -29.433 ] ] ], [ [ [ -69.866, -29.399 ], [ -69.899, -29.399 ], [ -69.899, -29.366 ], [ -69.899, -29.333 ], [ -69.866, -29.333 ], [ -69.866, -29.366 ], [ -69.866, -29.399 ] ] ], [ [ [ -69.733, -29.333 ], [ -69.733, -29.366 ], [ -69.699, -29.366 ], [ -69.699, -29.399 ], [ -69.699, -29.433 ], [ -69.733, -29.433 ], [ -69.733, -29.399 ], [ -69.766, -29.399 ], [ -69.766, -29.366 ], [ -69.766, -29.333 ], [ -69.733, -29.333 ] ] ], [ [ [ -69.733, -29.333 ], [ -69.733, -29.299 ], [ -69.699, -29.299 ], [ -69.699, -29.333 ], [ -69.733, -29.333 ] ] ], [ [ [ -69.466, -29.266 ], [ -69.466, -29.299 ], [ -69.499, -29.299 ], [ -69.499, -29.266 ], [ -69.466, -29.266 ] ] ], [ [ [ -68.933, -29.299 ], [ -68.933, -29.333 ], [ -68.966, -29.333 ], [ -68.966, -29.299 ], [ -68.999, -29.299 ], [ -68.999, -29.266 ], [ -68.966, -29.266 ], [ -68.933, -29.266 ], [ -68.933, -29.299 ] ] ], [ [ [ -69.833, -29.299 ], [ -69.866, -29.299 ], [ -69.866, -29.266 ], [ -69.866, -29.233 ], [ -69.833, -29.233 ], [ -69.833, -29.266 ], [ -69.833, -29.299 ] ] ], [ [ [ -69.766, -29.233 ], [ -69.799, -29.233 ], [ -69.799, -29.199 ], [ -69.766, -29.199 ], [ -69.766, -29.233 ] ] ], [ [ [ -69.466, -29.266 ], [ -69.466, -29.233 ], [ -69.466, -29.199 ], [ -69.466, -29.166 ], [ -69.433, -29.166 ], [ -69.433, -29.199 ], [ -69.433, -29.233 ], [ -69.433, -29.266 ], [ -69.466, -29.266 ] ] ], [ [ [ -68.866, -29.199 ], [ -68.899, -29.199 ], [ -68.899, -29.166 ], [ -68.866, -29.166 ], [ -68.866, -29.199 ] ] ], [ [ [ -69.866, -29.137 ], [ -69.866, -29.166 ], [ -69.899, -29.166 ], [ -69.899, -29.199 ], [ -69.899, -29.233 ], [ -69.899, -29.266 ], [ -69.899, -29.299 ], [ -69.933, -29.299 ], [ -69.933, -29.333 ], [ -69.966, -29.333 ], [ -69.966, -29.299 ], [ -69.966, -29.271 ], [ -69.964, -29.269 ], [ -69.958, -29.269 ], [ -69.954, -29.268 ], [ -69.950, -29.265 ], [ -69.946, -29.262 ], [ -69.942, -29.256 ], [ -69.939, -29.250 ], [ -69.936, -29.246 ], [ -69.938, -29.241 ], [ -69.938, -29.238 ], [ -69.933, -29.233 ], [ -69.933, -29.199 ], [ -69.945, -29.187 ], [ -69.944, -29.187 ], [ -69.937, -29.188 ], [ -69.932, -29.188 ], [ -69.927, -29.187 ], [ -69.923, -29.185 ], [ -69.920, -29.180 ], [ -69.915, -29.178 ], [ -69.912, -29.175 ], [ -69.905, -29.170 ], [ -69.903, -29.167 ], [ -69.901, -29.160 ], [ -69.897, -29.157 ], [ -69.889, -29.155 ], [ -69.888, -29.153 ], [ -69.884, -29.146 ], [ -69.881, -29.143 ], [ -69.879, -29.140 ], [ -69.874, -29.138 ], [ -69.869, -29.138 ], [ -69.866, -29.137 ] ] ], [ [ [ -68.966, -29.133 ], [ -68.966, -29.166 ], [ -68.933, -29.166 ], [ -68.933, -29.199 ], [ -68.966, -29.199 ], [ -68.999, -29.199 ], [ -69.033, -29.199 ], [ -69.033, -29.166 ], [ -68.999, -29.166 ], [ -68.999, -29.133 ], [ -68.966, -29.133 ] ] ], [ [ [ -67.766, -29.133 ], [ -67.766, -29.166 ], [ -67.799, -29.166 ], [ -67.833, -29.166 ], [ -67.833, -29.133 ], [ -67.799, -29.133 ], [ -67.766, -29.133 ] ] ], [ [ [ -69.733, -29.166 ], [ -69.766, -29.166 ], [ -69.766, -29.133 ], [ -69.766, -29.099 ], [ -69.733, -29.099 ], [ -69.733, -29.133 ], [ -69.733, -29.166 ] ] ], [ [ [ -68.966, -29.133 ], [ -68.966, -29.099 ], [ -68.933, -29.099 ], [ -68.933, -29.133 ], [ -68.966, -29.133 ] ] ], [ [ [ -68.866, -29.133 ], [ -68.899, -29.133 ], [ -68.899, -29.099 ], [ -68.866, -29.099 ], [ -68.866, -29.133 ] ] ], [ [ [ -69.466, -29.033 ], [ -69.466, -29.066 ], [ -69.433, -29.066 ], [ -69.433, -29.099 ], [ -69.466, -29.099 ], [ -69.499, -29.099 ], [ -69.499, -29.066 ], [ -69.499, -29.033 ], [ -69.466, -29.033 ] ] ], [ [ [ -67.766, -29.133 ], [ -67.766, -29.099 ], [ -67.766, -29.066 ], [ -67.766, -29.033 ], [ -67.733, -29.033 ], [ -67.699, -29.033 ], [ -67.699, -29.066 ], [ -67.733, -29.066 ], [ -67.733, -29.099 ], [ -67.733, -29.133 ], [ -67.766, -29.133 ] ] ], [ [ [ -68.566, -28.999 ], [ -68.566, -29.033 ], [ -68.599, -29.033 ], [ -68.599, -28.999 ], [ -68.566, -28.999 ] ] ], [ [ [ -68.899, -29.066 ], [ -68.933, -29.066 ], [ -68.933, -29.033 ], [ -68.933, -28.999 ], [ -68.933, -28.966 ], [ -68.899, -28.966 ], [ -68.899, -28.999 ], [ -68.899, -29.033 ], [ -68.899, -29.066 ] ] ], [ [ [ -68.566, -28.999 ], [ -68.566, -28.966 ], [ -68.533, -28.966 ], [ -68.533, -28.999 ], [ -68.566, -28.999 ] ] ], [ [ [ -67.899, -28.999 ], [ -67.933, -28.999 ], [ -67.933, -28.966 ], [ -67.899, -28.966 ], [ -67.899, -28.999 ] ] ], [ [ [ -69.666, -28.899 ], [ -69.666, -28.933 ], [ -69.699, -28.933 ], [ -69.733, -28.933 ], [ -69.733, -28.899 ], [ -69.699, -28.899 ], [ -69.666, -28.899 ] ] ], [ [ [ -69.399, -28.899 ], [ -69.366, -28.899 ], [ -69.366, -28.933 ], [ -69.399, -28.933 ], [ -69.399, -28.899 ] ] ], [ [ [ -67.866, -28.933 ], [ -67.899, -28.933 ], [ -67.899, -28.899 ], [ -67.866, -28.899 ], [ -67.866, -28.933 ] ] ], [ [ [ -67.766, -28.933 ], [ -67.799, -28.933 ], [ -67.799, -28.899 ], [ -67.766, -28.899 ], [ -67.766, -28.933 ] ] ], [ [ [ -67.699, -28.999 ], [ -67.733, -28.999 ], [ -67.733, -28.966 ], [ -67.733, -28.933 ], [ -67.733, -28.899 ], [ -67.699, -28.899 ], [ -67.699, -28.933 ], [ -67.699, -28.966 ], [ -67.699, -28.999 ] ] ], [ [ [ -69.366, -28.899 ], [ -69.366, -28.866 ], [ -69.333, -28.866 ], [ -69.333, -28.899 ], [ -69.366, -28.899 ] ] ], [ [ [ -69.033, -28.933 ], [ -69.066, -28.933 ], [ -69.066, -28.899 ], [ -69.066, -28.866 ], [ -69.033, -28.866 ], [ -69.033, -28.899 ], [ -69.033, -28.933 ] ] ], [ [ [ -68.666, -28.899 ], [ -68.699, -28.899 ], [ -68.699, -28.866 ], [ -68.666, -28.866 ], [ -68.666, -28.899 ] ] ], [ [ [ -69.666, -28.899 ], [ -69.666, -28.866 ], [ -69.699, -28.866 ], [ -69.699, -28.833 ], [ -69.713, -28.819 ], [ -69.708, -28.807 ], [ -69.706, -28.801 ], [ -69.706, -28.799 ], [ -69.666, -28.799 ], [ -69.633, -28.799 ], [ -69.599, -28.799 ], [ -69.599, -28.833 ], [ -69.633, -28.833 ], [ -69.633, -28.866 ], [ -69.633, -28.899 ], [ -69.666, -28.899 ] ] ], [ [ [ -69.333, -28.866 ], [ -69.333, -28.833 ], [ -69.366, -28.833 ], [ -69.399, -28.833 ], [ -69.399, -28.866 ], [ -69.399, -28.899 ], [ -69.433, -28.899 ], [ -69.433, -28.866 ], [ -69.433, -28.833 ], [ -69.433, -28.799 ], [ -69.399, -28.799 ], [ -69.366, -28.799 ], [ -69.333, -28.799 ], [ -69.299, -28.799 ], [ -69.299, -28.833 ], [ -69.299, -28.866 ], [ -69.333, -28.866 ] ] ], [ [ [ -69.433, -28.799 ], [ -69.466, -28.799 ], [ -69.499, -28.799 ], [ -69.499, -28.833 ], [ -69.499, -28.866 ], [ -69.466, -28.866 ], [ -69.466, -28.899 ], [ -69.466, -28.933 ], [ -69.466, -28.966 ], [ -69.433, -28.966 ], [ -69.433, -28.999 ], [ -69.466, -28.999 ], [ -69.499, -28.999 ], [ -69.499, -28.966 ], [ -69.499, -28.933 ], [ -69.499, -28.899 ], [ -69.533, -28.899 ], [ -69.533, -28.933 ], [ -69.566, -28.933 ], [ -69.566, -28.966 ], [ -69.566, -28.999 ], [ -69.533, -28.999 ], [ -69.533, -29.033 ], [ -69.566, -29.033 ], [ -69.566, -29.066 ], [ -69.533, -29.066 ], [ -69.533, -29.099 ], [ -69.533, -29.133 ], [ -69.533, -29.166 ], [ -69.533, -29.199 ], [ -69.533, -29.233 ], [ -69.533, -29.266 ], [ -69.566, -29.266 ], [ -69.566, -29.233 ], [ -69.599, -29.233 ], [ -69.599, -29.266 ], [ -69.599, -29.299 ], [ -69.633, -29.299 ], [ -69.633, -29.266 ], [ -69.633, -29.233 ], [ -69.633, -29.199 ], [ -69.599, -29.199 ], [ -69.566, -29.199 ], [ -69.566, -29.166 ], [ -69.566, -29.133 ], [ -69.566, -29.099 ], [ -69.599, -29.099 ], [ -69.633, -29.099 ], [ -69.633, -29.066 ], [ -69.666, -29.066 ], [ -69.666, -29.033 ], [ -69.633, -29.033 ], [ -69.599, -29.033 ], [ -69.599, -28.999 ], [ -69.599, -28.966 ], [ -69.599, -28.933 ], [ -69.599, -28.899 ], [ -69.566, -28.899 ], [ -69.566, -28.866 ], [ -69.533, -28.866 ], [ -69.533, -28.833 ], [ -69.566, -28.833 ], [ -69.566, -28.799 ], [ -69.599, -28.799 ], [ -69.599, -28.766 ], [ -69.566, -28.766 ], [ -69.533, -28.766 ], [ -69.499, -28.766 ], [ -69.466, -28.766 ], [ -69.433, -28.766 ], [ -69.433, -28.799 ] ] ], [ [ [ -68.933, -28.799 ], [ -68.966, -28.799 ], [ -68.966, -28.766 ], [ -68.933, -28.766 ], [ -68.933, -28.799 ] ] ], [ [ [ -68.833, -28.799 ], [ -68.866, -28.799 ], [ -68.866, -28.766 ], [ -68.833, -28.766 ], [ -68.833, -28.799 ] ] ], [ [ [ -67.799, -28.799 ], [ -67.833, -28.799 ], [ -67.833, -28.766 ], [ -67.799, -28.766 ], [ -67.799, -28.799 ] ] ], [ [ [ -67.099, -28.799 ], [ -67.099, -28.833 ], [ -67.099, -28.866 ], [ -67.099, -28.899 ], [ -67.099, -28.933 ], [ -67.099, -28.966 ], [ -67.133, -28.966 ], [ -67.133, -28.999 ], [ -67.166, -28.999 ], [ -67.166, -28.966 ], [ -67.199, -28.966 ], [ -67.199, -28.933 ], [ -67.199, -28.899 ], [ -67.199, -28.866 ], [ -67.199, -28.833 ], [ -67.166, -28.833 ], [ -67.166, -28.799 ], [ -67.166, -28.766 ], [ -67.133, -28.766 ], [ -67.133, -28.799 ], [ -67.099, -28.799 ] ], [ [ -67.166, -28.899 ], [ -67.166, -28.933 ], [ -67.133, -28.933 ], [ -67.133, -28.899 ], [ -67.166, -28.899 ] ] ], [ [ [ -67.099, -28.799 ], [ -67.099, -28.766 ], [ -67.099, -28.733 ], [ -67.066, -28.733 ], [ -67.066, -28.766 ], [ -67.066, -28.799 ], [ -67.099, -28.799 ] ] ], [ [ [ -67.899, -28.699 ], [ -67.866, -28.699 ], [ -67.866, -28.733 ], [ -67.866, -28.766 ], [ -67.866, -28.799 ], [ -67.866, -28.833 ], [ -67.866, -28.866 ], [ -67.899, -28.866 ], [ -67.899, -28.833 ], [ -67.899, -28.799 ], [ -67.899, -28.766 ], [ -67.899, -28.733 ], [ -67.899, -28.699 ] ] ], [ [ [ -67.899, -28.699 ], [ -67.933, -28.699 ], [ -67.933, -28.666 ], [ -67.899, -28.666 ], [ -67.899, -28.699 ] ] ], [ [ [ -69.366, -28.633 ], [ -69.333, -28.633 ], [ -69.333, -28.666 ], [ -69.366, -28.666 ], [ -69.366, -28.633 ] ] ], [ [ [ -68.866, -28.666 ], [ -68.866, -28.633 ], [ -68.833, -28.633 ], [ -68.833, -28.666 ], [ -68.866, -28.666 ] ] ], [ [ [ -69.366, -28.633 ], [ -69.399, -28.633 ], [ -69.399, -28.599 ], [ -69.366, -28.599 ], [ -69.366, -28.633 ] ] ], [ [ [ -69.266, -28.633 ], [ -69.299, -28.633 ], [ -69.299, -28.599 ], [ -69.266, -28.599 ], [ -69.266, -28.633 ] ] ], [ [ [ -69.033, -28.633 ], [ -69.033, -28.666 ], [ -69.066, -28.666 ], [ -69.099, -28.666 ], [ -69.099, -28.633 ], [ -69.099, -28.599 ], [ -69.066, -28.599 ], [ -69.066, -28.633 ], [ -69.033, -28.633 ] ] ], [ [ [ -67.866, -28.633 ], [ -67.899, -28.633 ], [ -67.899, -28.599 ], [ -67.899, -28.566 ], [ -67.866, -28.566 ], [ -67.866, -28.599 ], [ -67.866, -28.633 ] ] ], [ [ [ -69.399, -28.633 ], [ -69.399, -28.666 ], [ -69.433, -28.666 ], [ -69.433, -28.699 ], [ -69.433, -28.733 ], [ -69.466, -28.733 ], [ -69.466, -28.699 ], [ -69.466, -28.666 ], [ -69.499, -28.666 ], [ -69.533, -28.666 ], [ -69.566, -28.666 ], [ -69.566, -28.699 ], [ -69.533, -28.699 ], [ -69.533, -28.733 ], [ -69.566, -28.733 ], [ -69.599, -28.733 ], [ -69.599, -28.766 ], [ -69.633, -28.766 ], [ -69.633, -28.733 ], [ -69.633, -28.699 ], [ -69.666, -28.699 ], [ -69.699, -28.699 ], [ -69.699, -28.666 ], [ -69.666, -28.666 ], [ -69.666, -28.633 ], [ -69.666, -28.599 ], [ -69.633, -28.599 ], [ -69.599, -28.599 ], [ -69.599, -28.633 ], [ -69.633, -28.633 ], [ -69.633, -28.666 ], [ -69.599, -28.666 ], [ -69.599, -28.633 ], [ -69.566, -28.633 ], [ -69.533, -28.633 ], [ -69.533, -28.599 ], [ -69.499, -28.599 ], [ -69.499, -28.566 ], [ -69.499, -28.533 ], [ -69.466, -28.533 ], [ -69.466, -28.566 ], [ -69.433, -28.566 ], [ -69.433, -28.599 ], [ -69.433, -28.633 ], [ -69.399, -28.633 ] ] ], [ [ [ -69.366, -28.599 ], [ -69.366, -28.566 ], [ -69.366, -28.533 ], [ -69.333, -28.533 ], [ -69.333, -28.499 ], [ -69.299, -28.499 ], [ -69.299, -28.533 ], [ -69.299, -28.566 ], [ -69.333, -28.566 ], [ -69.333, -28.599 ], [ -69.366, -28.599 ] ] ], [ [ [ -68.866, -28.666 ], [ -68.866, -28.699 ], [ -68.899, -28.699 ], [ -68.933, -28.699 ], [ -68.933, -28.666 ], [ -68.933, -28.633 ], [ -68.966, -28.633 ], [ -68.999, -28.633 ], [ -69.033, -28.633 ], [ -69.033, -28.599 ], [ -69.066, -28.599 ], [ -69.066, -28.566 ], [ -69.033, -28.566 ], [ -69.033, -28.533 ], [ -68.999, -28.533 ], [ -68.966, -28.533 ], [ -68.966, -28.499 ], [ -68.933, -28.499 ], [ -68.933, -28.533 ], [ -68.933, -28.566 ], [ -68.933, -28.599 ], [ -68.899, -28.599 ], [ -68.899, -28.633 ], [ -68.899, -28.666 ], [ -68.866, -28.666 ] ], [ [ -68.966, -28.599 ], [ -68.966, -28.566 ], [ -68.999, -28.566 ], [ -68.999, -28.599 ], [ -68.966, -28.599 ] ] ], [ [ [ -68.999, -28.499 ], [ -69.033, -28.499 ], [ -69.033, -28.466 ], [ -68.999, -28.466 ], [ -68.999, -28.499 ] ] ], [ [ [ -69.233, -28.433 ], [ -69.233, -28.466 ], [ -69.199, -28.466 ], [ -69.199, -28.499 ], [ -69.199, -28.533 ], [ -69.233, -28.533 ], [ -69.233, -28.499 ], [ -69.266, -28.499 ], [ -69.266, -28.466 ], [ -69.299, -28.466 ], [ -69.299, -28.433 ], [ -69.266, -28.433 ], [ -69.233, -28.433 ] ] ], [ [ [ -68.733, -28.433 ], [ -68.733, -28.466 ], [ -68.766, -28.466 ], [ -68.799, -28.466 ], [ -68.833, -28.466 ], [ -68.866, -28.466 ], [ -68.866, -28.433 ], [ -68.833, -28.433 ], [ -68.799, -28.433 ], [ -68.766, -28.433 ], [ -68.733, -28.433 ] ] ], [ [ [ -67.833, -28.499 ], [ -67.866, -28.499 ], [ -67.866, -28.466 ], [ -67.866, -28.433 ], [ -67.833, -28.433 ], [ -67.833, -28.466 ], [ -67.833, -28.499 ] ] ], [ [ [ -69.466, -28.433 ], [ -69.466, -28.466 ], [ -69.466, -28.499 ], [ -69.499, -28.499 ], [ -69.499, -28.533 ], [ -69.533, -28.533 ], [ -69.566, -28.533 ], [ -69.566, -28.499 ], [ -69.533, -28.499 ], [ -69.533, -28.466 ], [ -69.533, -28.433 ], [ -69.566, -28.433 ], [ -69.566, -28.399 ], [ -69.533, -28.399 ], [ -69.499, -28.399 ], [ -69.499, -28.433 ], [ -69.466, -28.433 ] ] ], [ [ [ -69.033, -28.399 ], [ -68.999, -28.399 ], [ -68.966, -28.399 ], [ -68.966, -28.433 ], [ -68.999, -28.433 ], [ -69.033, -28.433 ], [ -69.033, -28.399 ] ] ], [ [ [ -66.033, -28.366 ], [ -66.033, -28.399 ], [ -65.999, -28.399 ], [ -65.999, -28.433 ], [ -66.033, -28.433 ], [ -66.033, -28.466 ], [ -66.066, -28.466 ], [ -66.066, -28.433 ], [ -66.066, -28.399 ], [ -66.066, -28.366 ], [ -66.033, -28.366 ] ] ], [ [ [ -68.133, -28.366 ], [ -68.166, -28.366 ], [ -68.166, -28.333 ], [ -68.133, -28.333 ], [ -68.133, -28.366 ] ] ], [ [ [ -66.033, -28.333 ], [ -66.066, -28.333 ], [ -66.066, -28.299 ], [ -66.033, -28.299 ], [ -66.033, -28.333 ] ] ], [ [ [ -68.866, -28.399 ], [ -68.899, -28.399 ], [ -68.899, -28.366 ], [ -68.899, -28.333 ], [ -68.866, -28.333 ], [ -68.866, -28.299 ], [ -68.833, -28.299 ], [ -68.833, -28.266 ], [ -68.799, -28.266 ], [ -68.799, -28.299 ], [ -68.799, -28.333 ], [ -68.833, -28.333 ], [ -68.833, -28.366 ], [ -68.866, -28.366 ], [ -68.866, -28.399 ] ] ], [ [ [ -68.733, -28.433 ], [ -68.733, -28.399 ], [ -68.733, -28.366 ], [ -68.733, -28.333 ], [ -68.733, -28.299 ], [ -68.733, -28.266 ], [ -68.699, -28.266 ], [ -68.699, -28.299 ], [ -68.699, -28.333 ], [ -68.666, -28.333 ], [ -68.666, -28.299 ], [ -68.666, -28.266 ], [ -68.699, -28.266 ], [ -68.699, -28.233 ], [ -68.666, -28.233 ], [ -68.633, -28.233 ], [ -68.633, -28.266 ], [ -68.633, -28.299 ], [ -68.633, -28.333 ], [ -68.599, -28.333 ], [ -68.599, -28.366 ], [ -68.633, -28.366 ], [ -68.666, -28.366 ], [ -68.699, -28.366 ], [ -68.699, -28.399 ], [ -68.699, -28.433 ], [ -68.733, -28.433 ] ] ], [ [ [ -68.466, -28.233 ], [ -68.466, -28.266 ], [ -68.466, -28.299 ], [ -68.499, -28.299 ], [ -68.499, -28.266 ], [ -68.499, -28.233 ], [ -68.466, -28.233 ] ] ], [ [ [ -69.399, -28.299 ], [ -69.433, -28.299 ], [ -69.433, -28.333 ], [ -69.399, -28.333 ], [ -69.399, -28.366 ], [ -69.366, -28.366 ], [ -69.366, -28.399 ], [ -69.399, -28.399 ], [ -69.433, -28.399 ], [ -69.433, -28.433 ], [ -69.466, -28.433 ], [ -69.466, -28.399 ], [ -69.499, -28.399 ], [ -69.499, -28.366 ], [ -69.499, -28.333 ], [ -69.466, -28.333 ], [ -69.466, -28.299 ], [ -69.466, -28.266 ], [ -69.466, -28.233 ], [ -69.433, -28.233 ], [ -69.433, -28.197 ], [ -69.431, -28.199 ], [ -69.429, -28.200 ], [ -69.428, -28.202 ], [ -69.427, -28.203 ], [ -69.422, -28.205 ], [ -69.416, -28.206 ], [ -69.411, -28.206 ], [ -69.407, -28.210 ], [ -69.399, -28.211 ], [ -69.399, -28.233 ], [ -69.399, -28.266 ], [ -69.399, -28.299 ] ] ], [ [ [ -68.633, -28.233 ], [ -68.633, -28.199 ], [ -68.633, -28.166 ], [ -68.599, -28.166 ], [ -68.599, -28.199 ], [ -68.599, -28.233 ], [ -68.633, -28.233 ] ] ], [ [ [ -68.466, -28.233 ], [ -68.466, -28.199 ], [ -68.466, -28.166 ], [ -68.433, -28.166 ], [ -68.399, -28.166 ], [ -68.399, -28.199 ], [ -68.433, -28.199 ], [ -68.433, -28.233 ], [ -68.466, -28.233 ] ] ], [ [ [ -67.899, -28.166 ], [ -67.899, -28.199 ], [ -67.933, -28.199 ], [ -67.933, -28.166 ], [ -67.899, -28.166 ] ] ], [ [ [ -65.999, -28.266 ], [ -66.033, -28.266 ], [ -66.033, -28.233 ], [ -66.033, -28.199 ], [ -66.033, -28.166 ], [ -65.999, -28.166 ], [ -65.999, -28.199 ], [ -65.999, -28.233 ], [ -65.999, -28.266 ] ] ], [ [ [ -67.899, -28.166 ], [ -67.899, -28.133 ], [ -67.866, -28.133 ], [ -67.866, -28.166 ], [ -67.899, -28.166 ] ] ], [ [ [ -68.266, -28.099 ], [ -68.233, -28.099 ], [ -68.233, -28.133 ], [ -68.266, -28.133 ], [ -68.266, -28.099 ] ] ], [ [ [ -68.266, -28.099 ], [ -68.299, -28.099 ], [ -68.299, -28.066 ], [ -68.266, -28.066 ], [ -68.266, -28.099 ] ] ], [ [ [ -67.899, -28.066 ], [ -67.866, -28.066 ], [ -67.866, -28.099 ], [ -67.899, -28.099 ], [ -67.899, -28.066 ] ] ], [ [ [ -68.566, -28.033 ], [ -68.566, -28.066 ], [ -68.566, -28.099 ], [ -68.566, -28.133 ], [ -68.599, -28.133 ], [ -68.633, -28.133 ], [ -68.633, -28.099 ], [ -68.599, -28.099 ], [ -68.599, -28.066 ], [ -68.599, -28.033 ], [ -68.566, -28.033 ] ] ], [ [ [ -67.899, -28.066 ], [ -67.933, -28.066 ], [ -67.933, -28.033 ], [ -67.899, -28.033 ], [ -67.899, -28.066 ] ] ], [ [ [ -69.133, -28.033 ], [ -69.133, -28.066 ], [ -69.133, -28.099 ], [ -69.133, -28.133 ], [ -69.133, -28.166 ], [ -69.099, -28.166 ], [ -69.099, -28.199 ], [ -69.133, -28.199 ], [ -69.133, -28.233 ], [ -69.133, -28.266 ], [ -69.099, -28.266 ], [ -69.066, -28.266 ], [ -69.066, -28.299 ], [ -69.099, -28.299 ], [ -69.099, -28.333 ], [ -69.066, -28.333 ], [ -69.066, -28.366 ], [ -69.033, -28.366 ], [ -69.033, -28.399 ], [ -69.066, -28.399 ], [ -69.099, -28.399 ], [ -69.099, -28.366 ], [ -69.133, -28.366 ], [ -69.133, -28.333 ], [ -69.166, -28.333 ], [ -69.166, -28.299 ], [ -69.166, -28.266 ], [ -69.166, -28.233 ], [ -69.166, -28.199 ], [ -69.166, -28.166 ], [ -69.199, -28.166 ], [ -69.199, -28.199 ], [ -69.233, -28.199 ], [ -69.266, -28.199 ], [ -69.266, -28.233 ], [ -69.233, -28.233 ], [ -69.233, -28.266 ], [ -69.266, -28.266 ], [ -69.266, -28.299 ], [ -69.299, -28.299 ], [ -69.299, -28.333 ], [ -69.333, -28.333 ], [ -69.366, -28.333 ], [ -69.399, -28.333 ], [ -69.399, -28.299 ], [ -69.366, -28.299 ], [ -69.366, -28.266 ], [ -69.333, -28.266 ], [ -69.299, -28.266 ], [ -69.299, -28.233 ], [ -69.333, -28.233 ], [ -69.366, -28.233 ], [ -69.366, -28.199 ], [ -69.333, -28.199 ], [ -69.299, -28.199 ], [ -69.299, -28.166 ], [ -69.299, -28.133 ], [ -69.266, -28.133 ], [ -69.266, -28.099 ], [ -69.302, -28.099 ], [ -69.301, -28.097 ], [ -69.300, -28.089 ], [ -69.298, -28.083 ], [ -69.296, -28.080 ], [ -69.298, -28.075 ], [ -69.299, -28.069 ], [ -69.294, -28.064 ], [ -69.288, -28.059 ], [ -69.282, -28.055 ], [ -69.279, -28.054 ], [ -69.266, -28.066 ], [ -69.233, -28.066 ], [ -69.233, -28.033 ], [ -69.199, -28.033 ], [ -69.199, -27.999 ], [ -69.166, -27.999 ], [ -69.166, -28.033 ], [ -69.133, -28.033 ] ] ], [ [ [ -69.133, -28.033 ], [ -69.133, -27.999 ], [ -69.099, -27.999 ], [ -69.099, -28.033 ], [ -69.133, -28.033 ] ] ], [ [ [ -68.466, -28.033 ], [ -68.499, -28.033 ], [ -68.499, -27.999 ], [ -68.466, -27.999 ], [ -68.466, -28.033 ] ] ], [ [ [ -68.233, -28.099 ], [ -68.233, -28.066 ], [ -68.266, -28.066 ], [ -68.266, -28.033 ], [ -68.266, -27.999 ], [ -68.233, -27.999 ], [ -68.199, -27.999 ], [ -68.199, -28.033 ], [ -68.199, -28.066 ], [ -68.166, -28.066 ], [ -68.133, -28.066 ], [ -68.133, -28.099 ], [ -68.099, -28.099 ], [ -68.099, -28.133 ], [ -68.066, -28.133 ], [ -68.033, -28.133 ], [ -68.033, -28.166 ], [ -68.066, -28.166 ], [ -68.066, -28.199 ], [ -68.099, -28.199 ], [ -68.133, -28.199 ], [ -68.133, -28.166 ], [ -68.133, -28.133 ], [ -68.166, -28.133 ], [ -68.166, -28.099 ], [ -68.199, -28.099 ], [ -68.233, -28.099 ] ] ], [ [ [ -68.499, -27.933 ], [ -68.466, -27.933 ], [ -68.466, -27.966 ], [ -68.499, -27.966 ], [ -68.499, -27.933 ] ] ], [ [ [ -68.266, -27.999 ], [ -68.299, -27.999 ], [ -68.299, -28.033 ], [ -68.299, -28.066 ], [ -68.333, -28.066 ], [ -68.333, -28.033 ], [ -68.366, -28.033 ], [ -68.366, -28.066 ], [ -68.366, -28.099 ], [ -68.366, -28.133 ], [ -68.366, -28.166 ], [ -68.399, -28.166 ], [ -68.399, -28.133 ], [ -68.399, -28.099 ], [ -68.399, -28.066 ], [ -68.399, -28.033 ], [ -68.399, -27.999 ], [ -68.433, -27.999 ], [ -68.433, -27.966 ], [ -68.399, -27.966 ], [ -68.366, -27.966 ], [ -68.366, -27.999 ], [ -68.333, -27.999 ], [ -68.333, -27.966 ], [ -68.333, -27.933 ], [ -68.299, -27.933 ], [ -68.299, -27.966 ], [ -68.266, -27.966 ], [ -68.266, -27.999 ] ] ], [ [ [ -68.499, -27.933 ], [ -68.533, -27.933 ], [ -68.533, -27.966 ], [ -68.533, -27.999 ], [ -68.533, -28.033 ], [ -68.566, -28.033 ], [ -68.566, -27.999 ], [ -68.566, -27.966 ], [ -68.566, -27.933 ], [ -68.566, -27.899 ], [ -68.533, -27.899 ], [ -68.499, -27.899 ], [ -68.499, -27.933 ] ] ], [ [ [ -68.299, -27.933 ], [ -68.299, -27.899 ], [ -68.266, -27.899 ], [ -68.266, -27.933 ], [ -68.299, -27.933 ] ] ], [ [ [ -68.199, -27.866 ], [ -68.166, -27.866 ], [ -68.166, -27.899 ], [ -68.166, -27.933 ], [ -68.199, -27.933 ], [ -68.233, -27.933 ], [ -68.233, -27.899 ], [ -68.199, -27.899 ], [ -68.199, -27.866 ] ] ], [ [ [ -68.199, -27.866 ], [ -68.233, -27.866 ], [ -68.233, -27.833 ], [ -68.199, -27.833 ], [ -68.199, -27.866 ] ] ], [ [ [ -68.299, -27.866 ], [ -68.333, -27.866 ], [ -68.333, -27.833 ], [ -68.333, -27.799 ], [ -68.299, -27.799 ], [ -68.299, -27.833 ], [ -68.299, -27.866 ] ] ], [ [ [ -67.933, -27.866 ], [ -67.966, -27.866 ], [ -67.966, -27.833 ], [ -67.966, -27.799 ], [ -67.966, -27.766 ], [ -67.933, -27.766 ], [ -67.933, -27.799 ], [ -67.933, -27.833 ], [ -67.933, -27.866 ] ] ], [ [ [ -68.399, -27.699 ], [ -68.433, -27.699 ], [ -68.433, -27.666 ], [ -68.399, -27.666 ], [ -68.366, -27.666 ], [ -68.366, -27.699 ], [ -68.399, -27.699 ] ] ], [ [ [ -68.066, -27.699 ], [ -68.099, -27.699 ], [ -68.099, -27.666 ], [ -68.066, -27.666 ], [ -68.066, -27.699 ] ] ], [ [ [ -68.233, -27.766 ], [ -68.233, -27.799 ], [ -68.266, -27.799 ], [ -68.266, -27.766 ], [ -68.299, -27.766 ], [ -68.299, -27.733 ], [ -68.299, -27.699 ], [ -68.266, -27.699 ], [ -68.266, -27.666 ], [ -68.266, -27.633 ], [ -68.233, -27.633 ], [ -68.199, -27.633 ], [ -68.199, -27.666 ], [ -68.199, -27.699 ], [ -68.233, -27.699 ], [ -68.233, -27.733 ], [ -68.233, -27.766 ] ] ], [ [ [ -68.199, -27.599 ], [ -68.233, -27.599 ], [ -68.233, -27.566 ], [ -68.199, -27.566 ], [ -68.199, -27.599 ] ] ], [ [ [ -68.066, -27.533 ], [ -68.066, -27.566 ], [ -68.033, -27.566 ], [ -67.999, -27.566 ], [ -67.966, -27.566 ], [ -67.966, -27.599 ], [ -67.999, -27.599 ], [ -68.033, -27.599 ], [ -68.066, -27.599 ], [ -68.066, -27.633 ], [ -68.099, -27.633 ], [ -68.099, -27.599 ], [ -68.099, -27.566 ], [ -68.099, -27.533 ], [ -68.066, -27.533 ] ] ], [ [ [ -67.366, -27.599 ], [ -67.399, -27.599 ], [ -67.399, -27.566 ], [ -67.399, -27.533 ], [ -67.366, -27.533 ], [ -67.366, -27.566 ], [ -67.366, -27.599 ] ] ], [ [ [ -67.966, -27.533 ], [ -67.999, -27.533 ], [ -67.999, -27.499 ], [ -67.966, -27.499 ], [ -67.966, -27.533 ] ] ], [ [ [ -67.333, -27.466 ], [ -67.299, -27.466 ], [ -67.299, -27.499 ], [ -67.333, -27.499 ], [ -67.333, -27.466 ] ] ], [ [ [ -68.033, -27.466 ], [ -68.066, -27.466 ], [ -68.066, -27.433 ], [ -68.033, -27.433 ], [ -68.033, -27.466 ] ] ], [ [ [ -67.966, -27.466 ], [ -67.999, -27.466 ], [ -67.999, -27.433 ], [ -67.966, -27.433 ], [ -67.966, -27.466 ] ] ], [ [ [ -67.333, -27.466 ], [ -67.366, -27.466 ], [ -67.366, -27.433 ], [ -67.366, -27.399 ], [ -67.333, -27.399 ], [ -67.333, -27.433 ], [ -67.333, -27.466 ] ] ], [ [ [ -67.299, -27.466 ], [ -67.299, -27.433 ], [ -67.266, -27.433 ], [ -67.266, -27.399 ], [ -67.233, -27.399 ], [ -67.233, -27.433 ], [ -67.199, -27.433 ], [ -67.166, -27.433 ], [ -67.166, -27.466 ], [ -67.199, -27.466 ], [ -67.199, -27.499 ], [ -67.233, -27.499 ], [ -67.233, -27.466 ], [ -67.266, -27.466 ], [ -67.299, -27.466 ] ] ], [ [ [ -66.133, -27.399 ], [ -66.166, -27.399 ], [ -66.166, -27.366 ], [ -66.133, -27.366 ], [ -66.133, -27.399 ] ] ], [ [ [ -68.033, -27.399 ], [ -68.066, -27.399 ], [ -68.066, -27.366 ], [ -68.066, -27.333 ], [ -68.033, -27.333 ], [ -68.033, -27.366 ], [ -68.033, -27.399 ] ] ], [ [ [ -67.299, -27.366 ], [ -67.333, -27.366 ], [ -67.333, -27.333 ], [ -67.299, -27.333 ], [ -67.299, -27.366 ] ] ], [ [ [ -66.266, -27.333 ], [ -66.266, -27.366 ], [ -66.299, -27.366 ], [ -66.299, -27.333 ], [ -66.266, -27.333 ] ] ], [ [ [ -66.233, -27.333 ], [ -66.199, -27.333 ], [ -66.199, -27.366 ], [ -66.233, -27.366 ], [ -66.233, -27.333 ] ] ], [ [ [ -67.966, -27.399 ], [ -67.999, -27.399 ], [ -67.999, -27.366 ], [ -67.999, -27.333 ], [ -67.999, -27.299 ], [ -67.966, -27.299 ], [ -67.933, -27.299 ], [ -67.933, -27.333 ], [ -67.966, -27.333 ], [ -67.966, -27.366 ], [ -67.966, -27.399 ] ] ], [ [ [ -66.233, -27.333 ], [ -66.266, -27.333 ], [ -66.266, -27.299 ], [ -66.233, -27.299 ], [ -66.233, -27.333 ] ] ], [ [ [ -66.099, -27.333 ], [ -66.133, -27.333 ], [ -66.133, -27.299 ], [ -66.099, -27.299 ], [ -66.099, -27.333 ] ] ], [ [ [ -68.199, -27.266 ], [ -68.199, -27.299 ], [ -68.166, -27.299 ], [ -68.166, -27.333 ], [ -68.199, -27.333 ], [ -68.199, -27.366 ], [ -68.233, -27.366 ], [ -68.233, -27.399 ], [ -68.266, -27.399 ], [ -68.266, -27.366 ], [ -68.299, -27.366 ], [ -68.333, -27.366 ], [ -68.366, -27.366 ], [ -68.366, -27.333 ], [ -68.333, -27.333 ], [ -68.299, -27.333 ], [ -68.266, -27.333 ], [ -68.266, -27.299 ], [ -68.233, -27.299 ], [ -68.233, -27.266 ], [ -68.199, -27.266 ] ] ], [ [ [ -68.699, -27.266 ], [ -68.699, -27.299 ], [ -68.666, -27.299 ], [ -68.666, -27.333 ], [ -68.666, -27.366 ], [ -68.633, -27.366 ], [ -68.633, -27.399 ], [ -68.633, -27.433 ], [ -68.633, -27.466 ], [ -68.633, -27.499 ], [ -68.599, -27.499 ], [ -68.599, -27.533 ], [ -68.566, -27.533 ], [ -68.566, -27.566 ], [ -68.566, -27.599 ], [ -68.533, -27.599 ], [ -68.533, -27.633 ], [ -68.533, -27.666 ], [ -68.566, -27.666 ], [ -68.599, -27.666 ], [ -68.599, -27.699 ], [ -68.633, -27.699 ], [ -68.666, -27.699 ], [ -68.666, -27.666 ], [ -68.666, -27.633 ], [ -68.666, -27.599 ], [ -68.666, -27.566 ], [ -68.699, -27.566 ], [ -68.699, -27.533 ], [ -68.699, -27.499 ], [ -68.699, -27.466 ], [ -68.699, -27.433 ], [ -68.699, -27.399 ], [ -68.733, -27.399 ], [ -68.766, -27.399 ], [ -68.766, -27.366 ], [ -68.733, -27.366 ], [ -68.733, -27.333 ], [ -68.733, -27.299 ], [ -68.733, -27.266 ], [ -68.733, -27.233 ], [ -68.699, -27.233 ], [ -68.699, -27.266 ] ] ], [ [ [ -68.133, -27.266 ], [ -68.166, -27.266 ], [ -68.166, -27.233 ], [ -68.133, -27.233 ], [ -68.133, -27.266 ] ] ], [ [ [ -68.033, -27.266 ], [ -68.066, -27.266 ], [ -68.066, -27.233 ], [ -68.033, -27.233 ], [ -68.033, -27.266 ] ] ], [ [ [ -67.199, -27.266 ], [ -67.199, -27.299 ], [ -67.233, -27.299 ], [ -67.233, -27.333 ], [ -67.266, -27.333 ], [ -67.266, -27.299 ], [ -67.266, -27.266 ], [ -67.299, -27.266 ], [ -67.299, -27.233 ], [ -67.266, -27.233 ], [ -67.233, -27.233 ], [ -67.199, -27.233 ], [ -67.199, -27.266 ] ] ], [ [ [ -66.033, -27.266 ], [ -66.066, -27.266 ], [ -66.066, -27.233 ], [ -66.033, -27.233 ], [ -66.033, -27.266 ] ] ], [ [ [ -66.133, -27.233 ], [ -66.166, -27.233 ], [ -66.166, -27.199 ], [ -66.133, -27.199 ], [ -66.133, -27.233 ] ] ], [ [ [ -65.966, -27.166 ], [ -65.999, -27.166 ], [ -65.999, -27.133 ], [ -65.966, -27.133 ], [ -65.966, -27.166 ] ] ], [ [ [ -68.133, -27.099 ], [ -68.133, -27.133 ], [ -68.099, -27.133 ], [ -68.099, -27.166 ], [ -68.133, -27.166 ], [ -68.133, -27.199 ], [ -68.166, -27.199 ], [ -68.199, -27.199 ], [ -68.233, -27.199 ], [ -68.233, -27.166 ], [ -68.233, -27.133 ], [ -68.199, -27.133 ], [ -68.199, -27.099 ], [ -68.166, -27.099 ], [ -68.133, -27.099 ] ] ], [ [ [ -67.299, -27.099 ], [ -67.266, -27.099 ], [ -67.266, -27.133 ], [ -67.299, -27.133 ], [ -67.299, -27.099 ] ] ], [ [ [ -67.933, -27.066 ], [ -67.966, -27.066 ], [ -67.966, -27.033 ], [ -67.933, -27.033 ], [ -67.933, -27.066 ] ] ], [ [ [ -67.366, -27.066 ], [ -67.366, -27.099 ], [ -67.399, -27.099 ], [ -67.433, -27.099 ], [ -67.466, -27.099 ], [ -67.499, -27.099 ], [ -67.533, -27.099 ], [ -67.533, -27.066 ], [ -67.499, -27.066 ], [ -67.466, -27.066 ], [ -67.466, -27.033 ], [ -67.433, -27.033 ], [ -67.433, -27.066 ], [ -67.399, -27.066 ], [ -67.366, -27.066 ] ] ], [ [ [ -65.899, -27.033 ], [ -65.899, -27.066 ], [ -65.933, -27.066 ], [ -65.933, -27.033 ], [ -65.899, -27.033 ] ] ], [ [ [ -65.899, -27.033 ], [ -65.899, -26.999 ], [ -65.866, -26.999 ], [ -65.866, -27.033 ], [ -65.899, -27.033 ] ] ], [ [ [ -67.599, -26.966 ], [ -67.566, -26.966 ], [ -67.566, -26.999 ], [ -67.566, -27.033 ], [ -67.599, -27.033 ], [ -67.599, -26.999 ], [ -67.599, -26.966 ] ] ], [ [ [ -67.033, -26.966 ], [ -67.033, -26.999 ], [ -67.033, -27.033 ], [ -67.066, -27.033 ], [ -67.066, -26.999 ], [ -67.066, -26.966 ], [ -67.033, -26.966 ] ] ], [ [ [ -65.933, -26.999 ], [ -65.966, -26.999 ], [ -65.966, -26.966 ], [ -65.933, -26.966 ], [ -65.933, -26.999 ] ] ], [ [ [ -67.599, -26.966 ], [ -67.633, -26.966 ], [ -67.633, -26.933 ], [ -67.599, -26.933 ], [ -67.599, -26.966 ] ] ], [ [ [ -67.233, -26.999 ], [ -67.233, -26.966 ], [ -67.199, -26.966 ], [ -67.199, -26.933 ], [ -67.166, -26.933 ], [ -67.166, -26.966 ], [ -67.166, -26.999 ], [ -67.199, -26.999 ], [ -67.233, -26.999 ] ] ], [ [ [ -65.833, -26.966 ], [ -65.866, -26.966 ], [ -65.866, -26.933 ], [ -65.833, -26.933 ], [ -65.833, -26.966 ] ] ], [ [ [ -67.933, -26.899 ], [ -67.933, -26.933 ], [ -67.933, -26.966 ], [ -67.933, -26.999 ], [ -67.966, -26.999 ], [ -67.966, -26.966 ], [ -67.966, -26.933 ], [ -67.966, -26.899 ], [ -67.933, -26.899 ] ] ], [ [ [ -65.899, -26.899 ], [ -65.899, -26.933 ], [ -65.933, -26.933 ], [ -65.966, -26.933 ], [ -65.966, -26.899 ], [ -65.933, -26.899 ], [ -65.899, -26.899 ] ] ], [ [ [ -68.133, -27.099 ], [ -68.133, -27.066 ], [ -68.133, -27.033 ], [ -68.166, -27.033 ], [ -68.199, -27.033 ], [ -68.199, -26.999 ], [ -68.233, -26.999 ], [ -68.233, -26.966 ], [ -68.199, -26.966 ], [ -68.199, -26.933 ], [ -68.199, -26.899 ], [ -68.166, -26.899 ], [ -68.133, -26.899 ], [ -68.133, -26.866 ], [ -68.099, -26.866 ], [ -68.066, -26.866 ], [ -68.066, -26.899 ], [ -68.033, -26.899 ], [ -68.033, -26.933 ], [ -68.033, -26.966 ], [ -68.033, -26.999 ], [ -68.033, -27.033 ], [ -68.033, -27.066 ], [ -68.033, -27.099 ], [ -68.033, -27.133 ], [ -68.033, -27.166 ], [ -68.066, -27.166 ], [ -68.066, -27.133 ], [ -68.066, -27.099 ], [ -68.066, -27.066 ], [ -68.066, -27.033 ], [ -68.099, -27.033 ], [ -68.099, -27.066 ], [ -68.099, -27.099 ], [ -68.133, -27.099 ] ], [ [ -68.133, -26.966 ], [ -68.133, -26.933 ], [ -68.166, -26.933 ], [ -68.166, -26.966 ], [ -68.166, -26.999 ], [ -68.133, -26.999 ], [ -68.133, -26.966 ] ], [ [ -68.099, -26.933 ], [ -68.099, -26.966 ], [ -68.066, -26.966 ], [ -68.066, -26.933 ], [ -68.099, -26.933 ] ] ], [ [ [ -66.899, -26.833 ], [ -66.866, -26.833 ], [ -66.833, -26.833 ], [ -66.799, -26.833 ], [ -66.799, -26.866 ], [ -66.799, -26.899 ], [ -66.833, -26.899 ], [ -66.866, -26.899 ], [ -66.866, -26.866 ], [ -66.899, -26.866 ], [ -66.899, -26.833 ] ] ], [ [ [ -66.666, -26.866 ], [ -66.699, -26.866 ], [ -66.699, -26.833 ], [ -66.666, -26.833 ], [ -66.666, -26.866 ] ] ], [ [ [ -66.899, -26.833 ], [ -66.933, -26.833 ], [ -66.933, -26.799 ], [ -66.899, -26.799 ], [ -66.899, -26.833 ] ] ], [ [ [ -66.599, -26.799 ], [ -66.599, -26.833 ], [ -66.599, -26.866 ], [ -66.633, -26.866 ], [ -66.633, -26.833 ], [ -66.633, -26.799 ], [ -66.599, -26.799 ] ] ], [ [ [ -65.899, -26.899 ], [ -65.899, -26.866 ], [ -65.899, -26.833 ], [ -65.899, -26.799 ], [ -65.866, -26.799 ], [ -65.833, -26.799 ], [ -65.833, -26.833 ], [ -65.833, -26.866 ], [ -65.866, -26.866 ], [ -65.866, -26.899 ], [ -65.899, -26.899 ] ] ], [ [ [ -67.033, -26.966 ], [ -67.033, -26.933 ], [ -67.066, -26.933 ], [ -67.066, -26.899 ], [ -67.099, -26.899 ], [ -67.099, -26.866 ], [ -67.066, -26.866 ], [ -67.066, -26.833 ], [ -67.099, -26.833 ], [ -67.099, -26.799 ], [ -67.099, -26.766 ], [ -67.066, -26.766 ], [ -67.066, -26.799 ], [ -67.033, -26.799 ], [ -66.999, -26.799 ], [ -66.999, -26.833 ], [ -67.033, -26.833 ], [ -67.033, -26.866 ], [ -67.033, -26.899 ], [ -66.999, -26.899 ], [ -66.999, -26.933 ], [ -66.999, -26.966 ], [ -67.033, -26.966 ] ] ], [ [ [ -66.599, -26.799 ], [ -66.599, -26.766 ], [ -66.566, -26.766 ], [ -66.566, -26.799 ], [ -66.599, -26.799 ] ] ], [ [ [ -66.666, -26.766 ], [ -66.699, -26.766 ], [ -66.699, -26.733 ], [ -66.666, -26.733 ], [ -66.666, -26.766 ] ] ], [ [ [ -67.466, -26.766 ], [ -67.466, -26.733 ], [ -67.433, -26.733 ], [ -67.433, -26.699 ], [ -67.399, -26.699 ], [ -67.399, -26.733 ], [ -67.399, -26.766 ], [ -67.433, -26.766 ], [ -67.466, -26.766 ] ] ], [ [ [ -67.333, -26.733 ], [ -67.366, -26.733 ], [ -67.366, -26.699 ], [ -67.333, -26.699 ], [ -67.299, -26.699 ], [ -67.299, -26.733 ], [ -67.333, -26.733 ] ] ], [ [ [ -67.099, -26.699 ], [ -67.066, -26.699 ], [ -67.066, -26.733 ], [ -67.099, -26.733 ], [ -67.099, -26.699 ] ] ], [ [ [ -65.733, -26.699 ], [ -65.699, -26.699 ], [ -65.699, -26.733 ], [ -65.733, -26.733 ], [ -65.733, -26.699 ] ] ], [ [ [ -67.933, -26.899 ], [ -67.933, -26.866 ], [ -67.933, -26.833 ], [ -67.899, -26.833 ], [ -67.899, -26.799 ], [ -67.899, -26.766 ], [ -67.933, -26.766 ], [ -67.933, -26.733 ], [ -67.933, -26.699 ], [ -67.933, -26.666 ], [ -67.899, -26.666 ], [ -67.899, -26.699 ], [ -67.899, -26.733 ], [ -67.866, -26.733 ], [ -67.866, -26.766 ], [ -67.866, -26.799 ], [ -67.866, -26.833 ], [ -67.833, -26.833 ], [ -67.799, -26.833 ], [ -67.799, -26.866 ], [ -67.833, -26.866 ], [ -67.833, -26.899 ], [ -67.866, -26.899 ], [ -67.899, -26.899 ], [ -67.933, -26.899 ] ] ], [ [ [ -67.099, -26.699 ], [ -67.133, -26.699 ], [ -67.166, -26.699 ], [ -67.199, -26.699 ], [ -67.199, -26.666 ], [ -67.166, -26.666 ], [ -67.133, -26.666 ], [ -67.099, -26.666 ], [ -67.099, -26.699 ] ] ], [ [ [ -67.066, -26.699 ], [ -67.066, -26.666 ], [ -67.033, -26.666 ], [ -66.999, -26.666 ], [ -66.999, -26.699 ], [ -67.033, -26.699 ], [ -67.066, -26.699 ] ] ], [ [ [ -66.499, -26.699 ], [ -66.533, -26.699 ], [ -66.533, -26.666 ], [ -66.499, -26.666 ], [ -66.499, -26.699 ] ] ], [ [ [ -65.733, -26.699 ], [ -65.766, -26.699 ], [ -65.766, -26.666 ], [ -65.733, -26.666 ], [ -65.733, -26.699 ] ] ], [ [ [ -67.866, -26.633 ], [ -67.899, -26.633 ], [ -67.899, -26.599 ], [ -67.866, -26.599 ], [ -67.833, -26.599 ], [ -67.799, -26.599 ], [ -67.799, -26.633 ], [ -67.833, -26.633 ], [ -67.866, -26.633 ] ] ], [ [ [ -67.466, -26.766 ], [ -67.466, -26.799 ], [ -67.433, -26.799 ], [ -67.433, -26.833 ], [ -67.399, -26.833 ], [ -67.399, -26.799 ], [ -67.366, -26.799 ], [ -67.333, -26.799 ], [ -67.299, -26.799 ], [ -67.299, -26.833 ], [ -67.299, -26.866 ], [ -67.266, -26.866 ], [ -67.233, -26.866 ], [ -67.233, -26.833 ], [ -67.199, -26.833 ], [ -67.166, -26.833 ], [ -67.166, -26.866 ], [ -67.199, -26.866 ], [ -67.199, -26.899 ], [ -67.233, -26.899 ], [ -67.266, -26.899 ], [ -67.266, -26.933 ], [ -67.266, -26.966 ], [ -67.266, -26.999 ], [ -67.233, -26.999 ], [ -67.233, -27.033 ], [ -67.199, -27.033 ], [ -67.199, -27.066 ], [ -67.233, -27.066 ], [ -67.266, -27.066 ], [ -67.266, -27.033 ], [ -67.299, -27.033 ], [ -67.299, -27.066 ], [ -67.299, -27.099 ], [ -67.333, -27.099 ], [ -67.333, -27.066 ], [ -67.366, -27.066 ], [ -67.366, -27.033 ], [ -67.399, -27.033 ], [ -67.433, -27.033 ], [ -67.433, -26.999 ], [ -67.433, -26.966 ], [ -67.399, -26.966 ], [ -67.399, -26.933 ], [ -67.399, -26.899 ], [ -67.433, -26.899 ], [ -67.433, -26.866 ], [ -67.466, -26.866 ], [ -67.466, -26.833 ], [ -67.499, -26.833 ], [ -67.533, -26.833 ], [ -67.566, -26.833 ], [ -67.566, -26.866 ], [ -67.566, -26.899 ], [ -67.599, -26.899 ], [ -67.599, -26.866 ], [ -67.599, -26.833 ], [ -67.633, -26.833 ], [ -67.633, -26.866 ], [ -67.666, -26.866 ], [ -67.699, -26.866 ], [ -67.699, -26.833 ], [ -67.733, -26.833 ], [ -67.733, -26.866 ], [ -67.766, -26.866 ], [ -67.766, -26.833 ], [ -67.766, -26.799 ], [ -67.733, -26.799 ], [ -67.733, -26.766 ], [ -67.766, -26.766 ], [ -67.766, -26.733 ], [ -67.799, -26.733 ], [ -67.833, -26.733 ], [ -67.833, -26.699 ], [ -67.799, -26.699 ], [ -67.766, -26.699 ], [ -67.766, -26.666 ], [ -67.766, -26.633 ], [ -67.733, -26.633 ], [ -67.733, -26.599 ], [ -67.699, -26.599 ], [ -67.699, -26.633 ], [ -67.699, -26.666 ], [ -67.699, -26.699 ], [ -67.733, -26.699 ], [ -67.733, -26.733 ], [ -67.699, -26.733 ], [ -67.699, -26.766 ], [ -67.666, -26.766 ], [ -67.633, -26.766 ], [ -67.599, -26.766 ], [ -67.566, -26.766 ], [ -67.533, -26.766 ], [ -67.499, -26.766 ], [ -67.466, -26.766 ] ], [ [ -67.366, -26.966 ], [ -67.366, -26.999 ], [ -67.333, -26.999 ], [ -67.333, -26.966 ], [ -67.333, -26.933 ], [ -67.366, -26.933 ], [ -67.366, -26.966 ] ] ], [ [ [ -66.499, -26.599 ], [ -66.466, -26.599 ], [ -66.466, -26.633 ], [ -66.499, -26.633 ], [ -66.499, -26.599 ] ] ], [ [ [ -65.699, -26.566 ], [ -65.699, -26.599 ], [ -65.733, -26.599 ], [ -65.733, -26.566 ], [ -65.766, -26.566 ], [ -65.766, -26.533 ], [ -65.733, -26.533 ], [ -65.699, -26.533 ], [ -65.699, -26.566 ] ] ], [ [ [ -66.966, -26.533 ], [ -66.999, -26.533 ], [ -66.999, -26.499 ], [ -66.966, -26.499 ], [ -66.966, -26.533 ] ] ], [ [ [ -68.033, -26.466 ], [ -68.033, -26.499 ], [ -68.033, -26.533 ], [ -68.033, -26.566 ], [ -68.033, -26.599 ], [ -68.033, -26.633 ], [ -68.066, -26.633 ], [ -68.066, -26.599 ], [ -68.066, -26.566 ], [ -68.066, -26.533 ], [ -68.066, -26.499 ], [ -68.066, -26.466 ], [ -68.033, -26.466 ] ] ], [ [ [ -67.766, -26.566 ], [ -67.799, -26.566 ], [ -67.799, -26.533 ], [ -67.799, -26.499 ], [ -67.799, -26.466 ], [ -67.766, -26.466 ], [ -67.766, -26.499 ], [ -67.766, -26.533 ], [ -67.766, -26.566 ] ] ], [ [ [ -67.133, -26.466 ], [ -67.133, -26.499 ], [ -67.133, -26.533 ], [ -67.133, -26.566 ], [ -67.166, -26.566 ], [ -67.166, -26.533 ], [ -67.166, -26.499 ], [ -67.166, -26.466 ], [ -67.133, -26.466 ] ] ], [ [ [ -66.399, -26.466 ], [ -66.366, -26.466 ], [ -66.333, -26.466 ], [ -66.333, -26.499 ], [ -66.366, -26.499 ], [ -66.399, -26.499 ], [ -66.399, -26.466 ] ] ], [ [ [ -66.133, -26.466 ], [ -66.166, -26.466 ], [ -66.166, -26.433 ], [ -66.133, -26.433 ], [ -66.133, -26.466 ] ] ], [ [ [ -68.033, -26.466 ], [ -68.033, -26.433 ], [ -68.033, -26.399 ], [ -67.999, -26.399 ], [ -67.966, -26.399 ], [ -67.966, -26.433 ], [ -67.999, -26.433 ], [ -67.999, -26.466 ], [ -68.033, -26.466 ] ] ], [ [ [ -66.399, -26.466 ], [ -66.433, -26.466 ], [ -66.433, -26.499 ], [ -66.466, -26.499 ], [ -66.499, -26.499 ], [ -66.533, -26.499 ], [ -66.533, -26.533 ], [ -66.533, -26.566 ], [ -66.499, -26.566 ], [ -66.499, -26.599 ], [ -66.533, -26.599 ], [ -66.533, -26.633 ], [ -66.566, -26.633 ], [ -66.566, -26.599 ], [ -66.599, -26.599 ], [ -66.599, -26.633 ], [ -66.633, -26.633 ], [ -66.666, -26.633 ], [ -66.699, -26.633 ], [ -66.733, -26.633 ], [ -66.733, -26.599 ], [ -66.699, -26.599 ], [ -66.666, -26.599 ], [ -66.633, -26.599 ], [ -66.633, -26.566 ], [ -66.599, -26.566 ], [ -66.566, -26.566 ], [ -66.566, -26.533 ], [ -66.566, -26.499 ], [ -66.566, -26.466 ], [ -66.566, -26.433 ], [ -66.533, -26.433 ], [ -66.533, -26.399 ], [ -66.499, -26.399 ], [ -66.466, -26.399 ], [ -66.466, -26.433 ], [ -66.433, -26.433 ], [ -66.399, -26.433 ], [ -66.399, -26.466 ] ] ], [ [ [ -68.199, -26.433 ], [ -68.199, -26.466 ], [ -68.199, -26.499 ], [ -68.166, -26.499 ], [ -68.166, -26.466 ], [ -68.166, -26.433 ], [ -68.199, -26.433 ], [ -68.199, -26.399 ], [ -68.166, -26.399 ], [ -68.166, -26.366 ], [ -68.133, -26.366 ], [ -68.133, -26.399 ], [ -68.133, -26.433 ], [ -68.099, -26.433 ], [ -68.099, -26.466 ], [ -68.133, -26.466 ], [ -68.133, -26.499 ], [ -68.133, -26.533 ], [ -68.099, -26.533 ], [ -68.099, -26.566 ], [ -68.099, -26.599 ], [ -68.133, -26.599 ], [ -68.166, -26.599 ], [ -68.199, -26.599 ], [ -68.233, -26.599 ], [ -68.233, -26.633 ], [ -68.199, -26.633 ], [ -68.199, -26.666 ], [ -68.166, -26.666 ], [ -68.166, -26.699 ], [ -68.199, -26.699 ], [ -68.233, -26.699 ], [ -68.233, -26.666 ], [ -68.266, -26.666 ], [ -68.266, -26.633 ], [ -68.266, -26.599 ], [ -68.266, -26.566 ], [ -68.299, -26.566 ], [ -68.299, -26.533 ], [ -68.266, -26.533 ], [ -68.266, -26.499 ], [ -68.266, -26.466 ], [ -68.266, -26.433 ], [ -68.233, -26.433 ], [ -68.199, -26.433 ] ] ], [ [ [ -67.966, -26.399 ], [ -67.966, -26.366 ], [ -67.933, -26.366 ], [ -67.933, -26.399 ], [ -67.966, -26.399 ] ] ], [ [ [ -67.733, -26.433 ], [ -67.766, -26.433 ], [ -67.766, -26.399 ], [ -67.766, -26.366 ], [ -67.733, -26.366 ], [ -67.733, -26.399 ], [ -67.733, -26.433 ] ] ], [ [ [ -67.233, -26.366 ], [ -67.233, -26.399 ], [ -67.266, -26.399 ], [ -67.266, -26.366 ], [ -67.233, -26.366 ] ] ], [ [ [ -66.833, -26.399 ], [ -66.799, -26.399 ], [ -66.799, -26.366 ], [ -66.766, -26.366 ], [ -66.733, -26.366 ], [ -66.733, -26.399 ], [ -66.733, -26.433 ], [ -66.766, -26.433 ], [ -66.799, -26.433 ], [ -66.833, -26.433 ], [ -66.833, -26.399 ] ] ], [ [ [ -66.933, -26.333 ], [ -66.933, -26.366 ], [ -66.933, -26.399 ], [ -66.966, -26.399 ], [ -66.966, -26.366 ], [ -66.966, -26.333 ], [ -66.933, -26.333 ] ] ], [ [ [ -66.833, -26.366 ], [ -66.833, -26.399 ], [ -66.866, -26.399 ], [ -66.899, -26.399 ], [ -66.899, -26.366 ], [ -66.899, -26.333 ], [ -66.866, -26.333 ], [ -66.866, -26.366 ], [ -66.833, -26.366 ] ] ], [ [ [ -66.799, -26.366 ], [ -66.833, -26.366 ], [ -66.833, -26.333 ], [ -66.799, -26.333 ], [ -66.799, -26.366 ] ] ], [ [ [ -68.533, -26.399 ], [ -68.571, -26.399 ], [ -68.559, -26.321 ], [ -68.558, -26.299 ], [ -68.533, -26.299 ], [ -68.533, -26.333 ], [ -68.533, -26.366 ], [ -68.533, -26.399 ] ] ], [ [ [ -67.933, -26.366 ], [ -67.933, -26.333 ], [ -67.899, -26.333 ], [ -67.866, -26.333 ], [ -67.833, -26.333 ], [ -67.833, -26.299 ], [ -67.799, -26.299 ], [ -67.799, -26.333 ], [ -67.799, -26.366 ], [ -67.799, -26.399 ], [ -67.799, -26.433 ], [ -67.833, -26.433 ], [ -67.866, -26.433 ], [ -67.899, -26.433 ], [ -67.899, -26.399 ], [ -67.899, -26.366 ], [ -67.933, -26.366 ] ] ], [ [ [ -67.233, -26.366 ], [ -67.233, -26.333 ], [ -67.233, -26.299 ], [ -67.199, -26.299 ], [ -67.199, -26.333 ], [ -67.166, -26.333 ], [ -67.166, -26.366 ], [ -67.199, -26.366 ], [ -67.233, -26.366 ] ] ], [ [ [ -67.133, -26.466 ], [ -67.133, -26.433 ], [ -67.133, -26.399 ], [ -67.133, -26.366 ], [ -67.133, -26.333 ], [ -67.133, -26.299 ], [ -67.099, -26.299 ], [ -67.066, -26.299 ], [ -67.066, -26.333 ], [ -67.099, -26.333 ], [ -67.099, -26.366 ], [ -67.099, -26.399 ], [ -67.099, -26.433 ], [ -67.099, -26.466 ], [ -67.133, -26.466 ] ] ], [ [ [ -66.099, -26.399 ], [ -66.133, -26.399 ], [ -66.133, -26.366 ], [ -66.133, -26.333 ], [ -66.133, -26.299 ], [ -66.099, -26.299 ], [ -66.099, -26.333 ], [ -66.099, -26.366 ], [ -66.099, -26.399 ] ] ], [ [ [ -68.433, -26.299 ], [ -68.466, -26.299 ], [ -68.466, -26.266 ], [ -68.433, -26.266 ], [ -68.433, -26.299 ] ] ], [ [ [ -67.199, -26.299 ], [ -67.199, -26.266 ], [ -67.166, -26.266 ], [ -67.166, -26.299 ], [ -67.199, -26.299 ] ] ], [ [ [ -66.233, -26.299 ], [ -66.266, -26.299 ], [ -66.266, -26.266 ], [ -66.233, -26.266 ], [ -66.233, -26.299 ] ] ], [ [ [ -67.199, -26.199 ], [ -67.199, -26.233 ], [ -67.233, -26.233 ], [ -67.233, -26.199 ], [ -67.199, -26.199 ] ] ], [ [ [ -67.066, -26.199 ], [ -67.033, -26.199 ], [ -67.033, -26.233 ], [ -67.033, -26.266 ], [ -67.066, -26.266 ], [ -67.066, -26.233 ], [ -67.066, -26.199 ] ] ], [ [ [ -66.533, -26.399 ], [ -66.566, -26.399 ], [ -66.599, -26.399 ], [ -66.633, -26.399 ], [ -66.633, -26.366 ], [ -66.633, -26.333 ], [ -66.666, -26.333 ], [ -66.699, -26.333 ], [ -66.699, -26.366 ], [ -66.733, -26.366 ], [ -66.733, -26.333 ], [ -66.766, -26.333 ], [ -66.799, -26.333 ], [ -66.799, -26.299 ], [ -66.833, -26.299 ], [ -66.866, -26.299 ], [ -66.899, -26.299 ], [ -66.899, -26.333 ], [ -66.933, -26.333 ], [ -66.933, -26.299 ], [ -66.933, -26.266 ], [ -66.933, -26.233 ], [ -66.899, -26.233 ], [ -66.866, -26.233 ], [ -66.833, -26.233 ], [ -66.799, -26.233 ], [ -66.799, -26.199 ], [ -66.766, -26.199 ], [ -66.766, -26.233 ], [ -66.766, -26.266 ], [ -66.766, -26.299 ], [ -66.733, -26.299 ], [ -66.733, -26.266 ], [ -66.699, -26.266 ], [ -66.699, -26.299 ], [ -66.666, -26.299 ], [ -66.633, -26.299 ], [ -66.599, -26.299 ], [ -66.599, -26.333 ], [ -66.566, -26.333 ], [ -66.566, -26.366 ], [ -66.533, -26.366 ], [ -66.533, -26.399 ] ] ], [ [ [ -66.333, -26.233 ], [ -66.333, -26.199 ], [ -66.299, -26.199 ], [ -66.299, -26.233 ], [ -66.333, -26.233 ] ] ], [ [ [ -66.199, -26.199 ], [ -66.199, -26.233 ], [ -66.233, -26.233 ], [ -66.233, -26.199 ], [ -66.199, -26.199 ] ] ], [ [ [ -67.066, -26.199 ], [ -67.099, -26.199 ], [ -67.099, -26.166 ], [ -67.066, -26.166 ], [ -67.066, -26.199 ] ] ], [ [ [ -66.299, -26.199 ], [ -66.299, -26.166 ], [ -66.266, -26.166 ], [ -66.266, -26.199 ], [ -66.299, -26.199 ] ] ], [ [ [ -67.866, -26.133 ], [ -67.833, -26.133 ], [ -67.799, -26.133 ], [ -67.799, -26.166 ], [ -67.833, -26.166 ], [ -67.866, -26.166 ], [ -67.866, -26.133 ] ] ], [ [ [ -67.699, -26.166 ], [ -67.699, -26.199 ], [ -67.699, -26.233 ], [ -67.733, -26.233 ], [ -67.733, -26.266 ], [ -67.766, -26.266 ], [ -67.766, -26.299 ], [ -67.799, -26.299 ], [ -67.799, -26.266 ], [ -67.799, -26.233 ], [ -67.766, -26.233 ], [ -67.766, -26.199 ], [ -67.766, -26.166 ], [ -67.766, -26.133 ], [ -67.733, -26.133 ], [ -67.733, -26.166 ], [ -67.699, -26.166 ] ] ], [ [ [ -67.199, -26.199 ], [ -67.199, -26.166 ], [ -67.166, -26.166 ], [ -67.166, -26.133 ], [ -67.133, -26.133 ], [ -67.133, -26.166 ], [ -67.133, -26.199 ], [ -67.133, -26.233 ], [ -67.166, -26.233 ], [ -67.166, -26.199 ], [ -67.199, -26.199 ] ] ], [ [ [ -66.533, -26.166 ], [ -66.566, -26.166 ], [ -66.566, -26.133 ], [ -66.533, -26.133 ], [ -66.533, -26.166 ] ] ], [ [ [ -66.466, -26.199 ], [ -66.499, -26.199 ], [ -66.499, -26.166 ], [ -66.499, -26.133 ], [ -66.466, -26.133 ], [ -66.466, -26.166 ], [ -66.466, -26.199 ] ] ], [ [ [ -66.333, -26.233 ], [ -66.333, -26.266 ], [ -66.366, -26.266 ], [ -66.366, -26.299 ], [ -66.399, -26.299 ], [ -66.399, -26.333 ], [ -66.399, -26.366 ], [ -66.433, -26.366 ], [ -66.466, -26.366 ], [ -66.466, -26.333 ], [ -66.466, -26.299 ], [ -66.433, -26.299 ], [ -66.433, -26.266 ], [ -66.433, -26.233 ], [ -66.433, -26.199 ], [ -66.433, -26.166 ], [ -66.433, -26.133 ], [ -66.399, -26.133 ], [ -66.399, -26.166 ], [ -66.366, -26.166 ], [ -66.366, -26.199 ], [ -66.399, -26.199 ], [ -66.399, -26.233 ], [ -66.366, -26.233 ], [ -66.333, -26.233 ] ] ], [ [ [ -66.199, -26.199 ], [ -66.199, -26.166 ], [ -66.166, -26.166 ], [ -66.133, -26.166 ], [ -66.133, -26.133 ], [ -66.099, -26.133 ], [ -66.099, -26.166 ], [ -66.099, -26.199 ], [ -66.099, -26.233 ], [ -66.133, -26.233 ], [ -66.133, -26.199 ], [ -66.166, -26.199 ], [ -66.199, -26.199 ] ] ], [ [ [ -67.199, -26.166 ], [ -67.233, -26.166 ], [ -67.233, -26.133 ], [ -67.233, -26.099 ], [ -67.199, -26.099 ], [ -67.199, -26.133 ], [ -67.199, -26.166 ] ] ], [ [ [ -67.866, -26.133 ], [ -67.899, -26.133 ], [ -67.899, -26.099 ], [ -67.899, -26.066 ], [ -67.866, -26.066 ], [ -67.866, -26.099 ], [ -67.866, -26.133 ] ] ], [ [ [ -67.699, -26.166 ], [ -67.699, -26.133 ], [ -67.699, -26.099 ], [ -67.699, -26.066 ], [ -67.666, -26.066 ], [ -67.633, -26.066 ], [ -67.633, -26.099 ], [ -67.633, -26.133 ], [ -67.666, -26.133 ], [ -67.666, -26.166 ], [ -67.699, -26.166 ] ] ], [ [ [ -66.533, -26.099 ], [ -66.566, -26.099 ], [ -66.566, -26.066 ], [ -66.533, -26.066 ], [ -66.533, -26.099 ] ] ], [ [ [ -66.233, -26.099 ], [ -66.266, -26.099 ], [ -66.266, -26.066 ], [ -66.233, -26.066 ], [ -66.199, -26.066 ], [ -66.199, -26.099 ], [ -66.233, -26.099 ] ] ], [ [ [ -67.699, -26.066 ], [ -67.733, -26.066 ], [ -67.733, -26.033 ], [ -67.699, -26.033 ], [ -67.699, -26.066 ] ] ], [ [ [ -66.133, -26.099 ], [ -66.166, -26.099 ], [ -66.166, -26.066 ], [ -66.166, -26.033 ], [ -66.133, -26.033 ], [ -66.133, -26.066 ], [ -66.133, -26.099 ] ] ], [ [ [ -67.866, -26.066 ], [ -67.866, -26.033 ], [ -67.833, -26.033 ], [ -67.833, -25.999 ], [ -67.799, -25.999 ], [ -67.799, -26.033 ], [ -67.766, -26.033 ], [ -67.766, -26.066 ], [ -67.799, -26.066 ], [ -67.833, -26.066 ], [ -67.866, -26.066 ] ] ], [ [ [ -67.633, -26.066 ], [ -67.633, -26.033 ], [ -67.633, -25.999 ], [ -67.599, -25.999 ], [ -67.599, -26.033 ], [ -67.599, -26.066 ], [ -67.633, -26.066 ] ] ], [ [ [ -68.366, -25.999 ], [ -68.399, -25.999 ], [ -68.399, -25.966 ], [ -68.366, -25.966 ], [ -68.366, -25.999 ] ] ], [ [ [ -67.599, -25.999 ], [ -67.599, -25.966 ], [ -67.566, -25.966 ], [ -67.566, -25.999 ], [ -67.599, -25.999 ] ] ], [ [ [ -66.533, -25.999 ], [ -66.566, -25.999 ], [ -66.566, -25.966 ], [ -66.533, -25.966 ], [ -66.499, -25.966 ], [ -66.466, -25.966 ], [ -66.466, -25.999 ], [ -66.499, -25.999 ], [ -66.533, -25.999 ] ] ], [ [ [ -67.599, -25.966 ], [ -67.633, -25.966 ], [ -67.633, -25.933 ], [ -67.599, -25.933 ], [ -67.599, -25.966 ] ] ], [ [ [ -66.166, -25.999 ], [ -66.199, -25.999 ], [ -66.199, -25.966 ], [ -66.199, -25.933 ], [ -66.166, -25.933 ], [ -66.166, -25.966 ], [ -66.166, -25.999 ] ] ], [ [ [ -66.533, -25.899 ], [ -66.533, -25.933 ], [ -66.566, -25.933 ], [ -66.566, -25.899 ], [ -66.533, -25.899 ] ] ], [ [ [ -67.533, -25.866 ], [ -67.533, -25.899 ], [ -67.533, -25.933 ], [ -67.566, -25.933 ], [ -67.566, -25.899 ], [ -67.566, -25.866 ], [ -67.533, -25.866 ] ] ], [ [ [ -68.266, -25.899 ], [ -68.266, -25.933 ], [ -68.233, -25.933 ], [ -68.233, -25.899 ], [ -68.266, -25.899 ], [ -68.266, -25.866 ], [ -68.266, -25.833 ], [ -68.233, -25.833 ], [ -68.199, -25.833 ], [ -68.199, -25.866 ], [ -68.199, -25.899 ], [ -68.199, -25.933 ], [ -68.199, -25.966 ], [ -68.166, -25.966 ], [ -68.133, -25.966 ], [ -68.099, -25.966 ], [ -68.099, -25.999 ], [ -68.099, -26.033 ], [ -68.066, -26.033 ], [ -68.066, -26.066 ], [ -68.066, -26.099 ], [ -68.066, -26.133 ], [ -68.099, -26.133 ], [ -68.099, -26.166 ], [ -68.099, -26.199 ], [ -68.133, -26.199 ], [ -68.133, -26.166 ], [ -68.133, -26.133 ], [ -68.133, -26.099 ], [ -68.133, -26.066 ], [ -68.166, -26.066 ], [ -68.199, -26.066 ], [ -68.199, -26.033 ], [ -68.233, -26.033 ], [ -68.233, -26.066 ], [ -68.266, -26.066 ], [ -68.299, -26.066 ], [ -68.333, -26.066 ], [ -68.333, -26.033 ], [ -68.333, -25.999 ], [ -68.333, -25.966 ], [ -68.299, -25.966 ], [ -68.299, -25.933 ], [ -68.299, -25.899 ], [ -68.266, -25.899 ] ] ], [ [ [ -67.599, -25.866 ], [ -67.633, -25.866 ], [ -67.633, -25.833 ], [ -67.599, -25.833 ], [ -67.599, -25.866 ] ] ], [ [ [ -66.533, -25.899 ], [ -66.533, -25.866 ], [ -66.533, -25.833 ], [ -66.499, -25.833 ], [ -66.499, -25.866 ], [ -66.499, -25.899 ], [ -66.533, -25.899 ] ] ], [ [ [ -67.533, -25.866 ], [ -67.533, -25.833 ], [ -67.533, -25.799 ], [ -67.499, -25.799 ], [ -67.499, -25.833 ], [ -67.499, -25.866 ], [ -67.533, -25.866 ] ] ], [ [ [ -66.599, -25.833 ], [ -66.633, -25.833 ], [ -66.633, -25.799 ], [ -66.599, -25.799 ], [ -66.599, -25.833 ] ] ], [ [ [ -66.533, -25.833 ], [ -66.566, -25.833 ], [ -66.566, -25.799 ], [ -66.533, -25.799 ], [ -66.533, -25.833 ] ] ], [ [ [ -67.499, -25.799 ], [ -67.499, -25.766 ], [ -67.466, -25.766 ], [ -67.433, -25.766 ], [ -67.433, -25.799 ], [ -67.466, -25.799 ], [ -67.499, -25.799 ] ] ], [ [ [ -67.566, -25.766 ], [ -67.599, -25.766 ], [ -67.599, -25.733 ], [ -67.566, -25.733 ], [ -67.566, -25.766 ] ] ], [ [ [ -67.333, -25.766 ], [ -67.366, -25.766 ], [ -67.399, -25.766 ], [ -67.433, -25.766 ], [ -67.433, -25.733 ], [ -67.399, -25.733 ], [ -67.366, -25.733 ], [ -67.333, -25.733 ], [ -67.333, -25.766 ] ] ], [ [ [ -67.499, -25.766 ], [ -67.533, -25.766 ], [ -67.533, -25.733 ], [ -67.533, -25.699 ], [ -67.499, -25.699 ], [ -67.499, -25.733 ], [ -67.499, -25.766 ] ] ], [ [ [ -67.533, -25.699 ], [ -67.566, -25.699 ], [ -67.566, -25.666 ], [ -67.533, -25.666 ], [ -67.533, -25.699 ] ] ], [ [ [ -66.633, -25.666 ], [ -66.599, -25.666 ], [ -66.599, -25.699 ], [ -66.599, -25.733 ], [ -66.599, -25.766 ], [ -66.633, -25.766 ], [ -66.633, -25.733 ], [ -66.633, -25.699 ], [ -66.633, -25.666 ] ] ], [ [ [ -68.266, -25.833 ], [ -68.299, -25.833 ], [ -68.299, -25.866 ], [ -68.333, -25.866 ], [ -68.333, -25.833 ], [ -68.366, -25.833 ], [ -68.399, -25.833 ], [ -68.399, -25.866 ], [ -68.446, -25.866 ], [ -68.449, -25.849 ], [ -68.433, -25.833 ], [ -68.433, -25.799 ], [ -68.459, -25.799 ], [ -68.473, -25.733 ], [ -68.433, -25.733 ], [ -68.433, -25.699 ], [ -68.399, -25.699 ], [ -68.399, -25.733 ], [ -68.366, -25.733 ], [ -68.366, -25.699 ], [ -68.333, -25.699 ], [ -68.333, -25.733 ], [ -68.299, -25.733 ], [ -68.299, -25.699 ], [ -68.299, -25.666 ], [ -68.299, -25.633 ], [ -68.266, -25.633 ], [ -68.266, -25.666 ], [ -68.266, -25.699 ], [ -68.266, -25.733 ], [ -68.233, -25.733 ], [ -68.233, -25.699 ], [ -68.199, -25.699 ], [ -68.166, -25.699 ], [ -68.166, -25.733 ], [ -68.199, -25.733 ], [ -68.199, -25.766 ], [ -68.199, -25.799 ], [ -68.233, -25.799 ], [ -68.266, -25.799 ], [ -68.266, -25.833 ] ] ], [ [ [ -67.799, -25.633 ], [ -67.799, -25.666 ], [ -67.799, -25.699 ], [ -67.833, -25.699 ], [ -67.833, -25.666 ], [ -67.833, -25.633 ], [ -67.799, -25.633 ] ] ], [ [ [ -67.533, -25.666 ], [ -67.533, -25.633 ], [ -67.499, -25.633 ], [ -67.466, -25.633 ], [ -67.466, -25.666 ], [ -67.499, -25.666 ], [ -67.533, -25.666 ] ] ], [ [ [ -66.633, -25.666 ], [ -66.666, -25.666 ], [ -66.666, -25.633 ], [ -66.633, -25.633 ], [ -66.633, -25.666 ] ] ], [ [ [ -68.466, -25.666 ], [ -68.499, -25.666 ], [ -68.499, -25.633 ], [ -68.499, -25.599 ], [ -68.466, -25.599 ], [ -68.433, -25.599 ], [ -68.433, -25.633 ], [ -68.433, -25.666 ], [ -68.466, -25.666 ] ] ], [ [ [ -67.799, -25.633 ], [ -67.799, -25.599 ], [ -67.766, -25.599 ], [ -67.766, -25.633 ], [ -67.799, -25.633 ] ] ], [ [ [ -68.099, -25.566 ], [ -68.099, -25.599 ], [ -68.066, -25.599 ], [ -68.033, -25.599 ], [ -68.033, -25.633 ], [ -68.033, -25.666 ], [ -67.999, -25.666 ], [ -67.966, -25.666 ], [ -67.966, -25.699 ], [ -67.933, -25.699 ], [ -67.933, -25.733 ], [ -67.899, -25.733 ], [ -67.899, -25.766 ], [ -67.933, -25.766 ], [ -67.933, -25.799 ], [ -67.933, -25.833 ], [ -67.966, -25.833 ], [ -67.966, -25.866 ], [ -67.999, -25.866 ], [ -67.999, -25.833 ], [ -68.033, -25.833 ], [ -68.033, -25.799 ], [ -68.033, -25.766 ], [ -68.033, -25.733 ], [ -68.066, -25.733 ], [ -68.066, -25.699 ], [ -68.066, -25.666 ], [ -68.066, -25.633 ], [ -68.099, -25.633 ], [ -68.133, -25.633 ], [ -68.133, -25.599 ], [ -68.133, -25.566 ], [ -68.099, -25.566 ] ] ], [ [ [ -68.199, -25.599 ], [ -68.233, -25.599 ], [ -68.233, -25.566 ], [ -68.233, -25.533 ], [ -68.199, -25.533 ], [ -68.166, -25.533 ], [ -68.166, -25.566 ], [ -68.166, -25.599 ], [ -68.199, -25.599 ] ] ], [ [ [ -67.466, -25.633 ], [ -67.466, -25.599 ], [ -67.499, -25.599 ], [ -67.499, -25.566 ], [ -67.466, -25.566 ], [ -67.466, -25.533 ], [ -67.433, -25.533 ], [ -67.433, -25.566 ], [ -67.433, -25.599 ], [ -67.433, -25.633 ], [ -67.466, -25.633 ] ] ], [ [ [ -67.133, -25.666 ], [ -67.133, -25.699 ], [ -67.099, -25.699 ], [ -67.099, -25.733 ], [ -67.133, -25.733 ], [ -67.133, -25.766 ], [ -67.166, -25.766 ], [ -67.166, -25.799 ], [ -67.199, -25.799 ], [ -67.199, -25.833 ], [ -67.233, -25.833 ], [ -67.233, -25.866 ], [ -67.233, -25.899 ], [ -67.233, -25.933 ], [ -67.233, -25.966 ], [ -67.199, -25.966 ], [ -67.199, -25.999 ], [ -67.233, -25.999 ], [ -67.233, -26.033 ], [ -67.233, -26.066 ], [ -67.233, -26.099 ], [ -67.266, -26.099 ], [ -67.266, -26.066 ], [ -67.266, -26.033 ], [ -67.266, -25.999 ], [ -67.266, -25.966 ], [ -67.266, -25.933 ], [ -67.266, -25.899 ], [ -67.299, -25.899 ], [ -67.299, -25.866 ], [ -67.266, -25.866 ], [ -67.266, -25.833 ], [ -67.299, -25.833 ], [ -67.333, -25.833 ], [ -67.333, -25.799 ], [ -67.333, -25.766 ], [ -67.299, -25.766 ], [ -67.266, -25.766 ], [ -67.266, -25.733 ], [ -67.233, -25.733 ], [ -67.233, -25.699 ], [ -67.233, -25.666 ], [ -67.266, -25.666 ], [ -67.299, -25.666 ], [ -67.299, -25.633 ], [ -67.299, -25.599 ], [ -67.266, -25.599 ], [ -67.233, -25.599 ], [ -67.233, -25.566 ], [ -67.233, -25.533 ], [ -67.199, -25.533 ], [ -67.199, -25.566 ], [ -67.199, -25.599 ], [ -67.199, -25.633 ], [ -67.199, -25.666 ], [ -67.199, -25.699 ], [ -67.166, -25.699 ], [ -67.166, -25.666 ], [ -67.133, -25.666 ] ] ], [ [ [ -67.133, -25.666 ], [ -67.133, -25.633 ], [ -67.133, -25.599 ], [ -67.133, -25.566 ], [ -67.099, -25.566 ], [ -67.066, -25.566 ], [ -67.066, -25.533 ], [ -67.033, -25.533 ], [ -66.999, -25.533 ], [ -66.999, -25.566 ], [ -66.999, -25.599 ], [ -66.999, -25.633 ], [ -67.033, -25.633 ], [ -67.033, -25.599 ], [ -67.066, -25.599 ], [ -67.066, -25.633 ], [ -67.099, -25.633 ], [ -67.099, -25.666 ], [ -67.133, -25.666 ] ] ], [ [ [ -68.066, -25.533 ], [ -68.099, -25.533 ], [ -68.099, -25.499 ], [ -68.066, -25.499 ], [ -68.033, -25.499 ], [ -68.033, -25.533 ], [ -68.066, -25.533 ] ] ], [ [ [ -67.399, -25.499 ], [ -67.366, -25.499 ], [ -67.366, -25.533 ], [ -67.333, -25.533 ], [ -67.333, -25.566 ], [ -67.333, -25.599 ], [ -67.366, -25.599 ], [ -67.399, -25.599 ], [ -67.399, -25.566 ], [ -67.399, -25.533 ], [ -67.399, -25.499 ] ] ], [ [ [ -67.199, -25.533 ], [ -67.199, -25.499 ], [ -67.166, -25.499 ], [ -67.133, -25.499 ], [ -67.133, -25.533 ], [ -67.166, -25.533 ], [ -67.199, -25.533 ] ] ], [ [ [ -68.299, -25.499 ], [ -68.299, -25.466 ], [ -68.266, -25.466 ], [ -68.266, -25.499 ], [ -68.299, -25.499 ] ] ], [ [ [ -67.399, -25.499 ], [ -67.433, -25.499 ], [ -67.433, -25.466 ], [ -67.399, -25.466 ], [ -67.399, -25.499 ] ] ], [ [ [ -66.666, -25.499 ], [ -66.699, -25.499 ], [ -66.699, -25.466 ], [ -66.666, -25.466 ], [ -66.666, -25.499 ] ] ], [ [ [ -68.299, -25.499 ], [ -68.299, -25.533 ], [ -68.333, -25.533 ], [ -68.366, -25.533 ], [ -68.399, -25.533 ], [ -68.433, -25.533 ], [ -68.433, -25.499 ], [ -68.399, -25.499 ], [ -68.366, -25.499 ], [ -68.366, -25.466 ], [ -68.366, -25.433 ], [ -68.333, -25.433 ], [ -68.333, -25.466 ], [ -68.333, -25.499 ], [ -68.299, -25.499 ] ] ], [ [ [ -68.333, -25.433 ], [ -68.333, -25.399 ], [ -68.299, -25.399 ], [ -68.299, -25.433 ], [ -68.333, -25.433 ] ] ], [ [ [ -68.033, -25.399 ], [ -68.033, -25.433 ], [ -68.066, -25.433 ], [ -68.099, -25.433 ], [ -68.099, -25.399 ], [ -68.066, -25.399 ], [ -68.033, -25.399 ] ] ], [ [ [ -66.566, -25.433 ], [ -66.533, -25.433 ], [ -66.533, -25.399 ], [ -66.499, -25.399 ], [ -66.499, -25.433 ], [ -66.499, -25.466 ], [ -66.533, -25.466 ], [ -66.533, -25.499 ], [ -66.533, -25.533 ], [ -66.566, -25.533 ], [ -66.566, -25.499 ], [ -66.566, -25.466 ], [ -66.566, -25.433 ] ] ], [ [ [ -67.866, -25.433 ], [ -67.866, -25.466 ], [ -67.899, -25.466 ], [ -67.933, -25.466 ], [ -67.933, -25.433 ], [ -67.966, -25.433 ], [ -67.966, -25.399 ], [ -67.999, -25.399 ], [ -68.033, -25.399 ], [ -68.033, -25.366 ], [ -67.999, -25.366 ], [ -67.966, -25.366 ], [ -67.933, -25.366 ], [ -67.933, -25.399 ], [ -67.899, -25.399 ], [ -67.899, -25.433 ], [ -67.866, -25.433 ] ] ], [ [ [ -67.866, -25.433 ], [ -67.866, -25.399 ], [ -67.866, -25.366 ], [ -67.833, -25.366 ], [ -67.833, -25.399 ], [ -67.833, -25.433 ], [ -67.866, -25.433 ] ] ], [ [ [ -67.566, -25.399 ], [ -67.599, -25.399 ], [ -67.599, -25.366 ], [ -67.566, -25.366 ], [ -67.566, -25.399 ] ] ], [ [ [ -68.266, -25.466 ], [ -68.266, -25.433 ], [ -68.233, -25.433 ], [ -68.233, -25.399 ], [ -68.266, -25.399 ], [ -68.266, -25.366 ], [ -68.233, -25.366 ], [ -68.233, -25.333 ], [ -68.199, -25.333 ], [ -68.199, -25.366 ], [ -68.199, -25.399 ], [ -68.166, -25.399 ], [ -68.133, -25.399 ], [ -68.133, -25.433 ], [ -68.133, -25.466 ], [ -68.166, -25.466 ], [ -68.199, -25.466 ], [ -68.233, -25.466 ], [ -68.266, -25.466 ] ] ], [ [ [ -67.833, -25.366 ], [ -67.833, -25.333 ], [ -67.799, -25.333 ], [ -67.766, -25.333 ], [ -67.766, -25.366 ], [ -67.733, -25.366 ], [ -67.733, -25.399 ], [ -67.733, -25.433 ], [ -67.733, -25.466 ], [ -67.699, -25.466 ], [ -67.699, -25.499 ], [ -67.699, -25.533 ], [ -67.699, -25.566 ], [ -67.733, -25.566 ], [ -67.733, -25.533 ], [ -67.733, -25.499 ], [ -67.766, -25.499 ], [ -67.766, -25.466 ], [ -67.799, -25.466 ], [ -67.799, -25.433 ], [ -67.799, -25.399 ], [ -67.799, -25.366 ], [ -67.833, -25.366 ] ] ], [ [ [ -67.499, -25.366 ], [ -67.533, -25.366 ], [ -67.533, -25.333 ], [ -67.499, -25.333 ], [ -67.499, -25.366 ] ] ], [ [ [ -67.199, -25.499 ], [ -67.233, -25.499 ], [ -67.266, -25.499 ], [ -67.299, -25.499 ], [ -67.299, -25.466 ], [ -67.299, -25.433 ], [ -67.333, -25.433 ], [ -67.333, -25.399 ], [ -67.333, -25.366 ], [ -67.299, -25.366 ], [ -67.299, -25.333 ], [ -67.266, -25.333 ], [ -67.233, -25.333 ], [ -67.233, -25.366 ], [ -67.233, -25.399 ], [ -67.233, -25.433 ], [ -67.199, -25.433 ], [ -67.199, -25.466 ], [ -67.199, -25.499 ] ] ], [ [ [ -66.666, -25.666 ], [ -66.666, -25.699 ], [ -66.699, -25.699 ], [ -66.699, -25.733 ], [ -66.699, -25.766 ], [ -66.699, -25.799 ], [ -66.699, -25.833 ], [ -66.666, -25.833 ], [ -66.666, -25.866 ], [ -66.666, -25.899 ], [ -66.666, -25.933 ], [ -66.666, -25.966 ], [ -66.699, -25.966 ], [ -66.699, -25.933 ], [ -66.699, -25.899 ], [ -66.699, -25.866 ], [ -66.733, -25.866 ], [ -66.733, -25.833 ], [ -66.733, -25.799 ], [ -66.766, -25.799 ], [ -66.766, -25.766 ], [ -66.799, -25.766 ], [ -66.799, -25.733 ], [ -66.799, -25.699 ], [ -66.833, -25.699 ], [ -66.866, -25.699 ], [ -66.899, -25.699 ], [ -66.899, -25.733 ], [ -66.933, -25.733 ], [ -66.933, -25.699 ], [ -66.933, -25.666 ], [ -66.933, -25.633 ], [ -66.933, -25.599 ], [ -66.966, -25.599 ], [ -66.966, -25.566 ], [ -66.966, -25.533 ], [ -66.999, -25.533 ], [ -66.999, -25.499 ], [ -66.966, -25.499 ], [ -66.966, -25.466 ], [ -66.933, -25.466 ], [ -66.933, -25.499 ], [ -66.933, -25.533 ], [ -66.933, -25.566 ], [ -66.899, -25.566 ], [ -66.899, -25.599 ], [ -66.899, -25.633 ], [ -66.866, -25.633 ], [ -66.866, -25.666 ], [ -66.833, -25.666 ], [ -66.833, -25.633 ], [ -66.833, -25.599 ], [ -66.866, -25.599 ], [ -66.866, -25.566 ], [ -66.866, -25.533 ], [ -66.866, -25.499 ], [ -66.866, -25.466 ], [ -66.866, -25.433 ], [ -66.866, -25.399 ], [ -66.866, -25.366 ], [ -66.833, -25.366 ], [ -66.833, -25.333 ], [ -66.799, -25.333 ], [ -66.799, -25.366 ], [ -66.799, -25.399 ], [ -66.833, -25.399 ], [ -66.833, -25.433 ], [ -66.799, -25.433 ], [ -66.799, -25.466 ], [ -66.766, -25.466 ], [ -66.766, -25.499 ], [ -66.799, -25.499 ], [ -66.799, -25.533 ], [ -66.799, -25.566 ], [ -66.799, -25.599 ], [ -66.799, -25.633 ], [ -66.766, -25.633 ], [ -66.766, -25.666 ], [ -66.733, -25.666 ], [ -66.733, -25.633 ], [ -66.733, -25.599 ], [ -66.733, -25.566 ], [ -66.733, -25.533 ], [ -66.699, -25.533 ], [ -66.699, -25.566 ], [ -66.699, -25.599 ], [ -66.699, -25.633 ], [ -66.699, -25.666 ], [ -66.666, -25.666 ] ] ], [ [ [ -67.666, -25.399 ], [ -67.699, -25.399 ], [ -67.699, -25.366 ], [ -67.699, -25.333 ], [ -67.699, -25.299 ], [ -67.666, -25.299 ], [ -67.666, -25.333 ], [ -67.666, -25.366 ], [ -67.666, -25.399 ] ] ], [ [ [ -68.233, -25.333 ], [ -68.266, -25.333 ], [ -68.299, -25.333 ], [ -68.299, -25.366 ], [ -68.333, -25.366 ], [ -68.333, -25.399 ], [ -68.366, -25.399 ], [ -68.399, -25.399 ], [ -68.399, -25.433 ], [ -68.433, -25.433 ], [ -68.466, -25.433 ], [ -68.466, -25.466 ], [ -68.466, -25.499 ], [ -68.499, -25.499 ], [ -68.499, -25.533 ], [ -68.499, -25.566 ], [ -68.524, -25.566 ], [ -68.525, -25.565 ], [ -68.525, -25.562 ], [ -68.526, -25.559 ], [ -68.525, -25.557 ], [ -68.528, -25.557 ], [ -68.531, -25.556 ], [ -68.534, -25.555 ], [ -68.539, -25.553 ], [ -68.540, -25.551 ], [ -68.543, -25.549 ], [ -68.540, -25.546 ], [ -68.537, -25.544 ], [ -68.537, -25.543 ], [ -68.542, -25.538 ], [ -68.543, -25.534 ], [ -68.544, -25.530 ], [ -68.546, -25.525 ], [ -68.544, -25.521 ], [ -68.543, -25.518 ], [ -68.541, -25.515 ], [ -68.540, -25.511 ], [ -68.541, -25.508 ], [ -68.533, -25.499 ], [ -68.533, -25.466 ], [ -68.533, -25.433 ], [ -68.499, -25.433 ], [ -68.499, -25.399 ], [ -68.466, -25.399 ], [ -68.433, -25.399 ], [ -68.433, -25.366 ], [ -68.399, -25.366 ], [ -68.366, -25.366 ], [ -68.366, -25.333 ], [ -68.399, -25.333 ], [ -68.399, -25.299 ], [ -68.366, -25.299 ], [ -68.333, -25.299 ], [ -68.333, -25.266 ], [ -68.299, -25.266 ], [ -68.299, -25.299 ], [ -68.266, -25.299 ], [ -68.233, -25.299 ], [ -68.233, -25.333 ] ] ], [ [ [ -67.566, -25.299 ], [ -67.599, -25.299 ], [ -67.599, -25.266 ], [ -67.566, -25.266 ], [ -67.566, -25.299 ] ] ], [ [ [ -68.299, -25.266 ], [ -68.299, -25.233 ], [ -68.266, -25.233 ], [ -68.266, -25.266 ], [ -68.299, -25.266 ] ] ], [ [ [ -67.899, -25.266 ], [ -67.933, -25.266 ], [ -67.933, -25.233 ], [ -67.899, -25.233 ], [ -67.899, -25.266 ] ] ], [ [ [ -67.366, -25.233 ], [ -67.366, -25.266 ], [ -67.366, -25.299 ], [ -67.399, -25.299 ], [ -67.399, -25.266 ], [ -67.399, -25.233 ], [ -67.366, -25.233 ] ] ], [ [ [ -66.866, -25.266 ], [ -66.866, -25.299 ], [ -66.899, -25.299 ], [ -66.933, -25.299 ], [ -66.933, -25.266 ], [ -66.933, -25.233 ], [ -66.899, -25.233 ], [ -66.899, -25.266 ], [ -66.866, -25.266 ] ] ], [ [ [ -66.866, -25.266 ], [ -66.866, -25.233 ], [ -66.833, -25.233 ], [ -66.833, -25.266 ], [ -66.866, -25.266 ] ] ], [ [ [ -66.699, -25.266 ], [ -66.733, -25.266 ], [ -66.733, -25.233 ], [ -66.699, -25.233 ], [ -66.699, -25.266 ] ] ], [ [ [ -66.566, -25.333 ], [ -66.599, -25.333 ], [ -66.599, -25.366 ], [ -66.633, -25.366 ], [ -66.633, -25.399 ], [ -66.599, -25.399 ], [ -66.599, -25.366 ], [ -66.566, -25.366 ], [ -66.566, -25.333 ], [ -66.533, -25.333 ], [ -66.533, -25.366 ], [ -66.533, -25.399 ], [ -66.566, -25.399 ], [ -66.566, -25.433 ], [ -66.599, -25.433 ], [ -66.633, -25.433 ], [ -66.666, -25.433 ], [ -66.699, -25.433 ], [ -66.699, -25.399 ], [ -66.699, -25.366 ], [ -66.699, -25.333 ], [ -66.733, -25.333 ], [ -66.766, -25.333 ], [ -66.799, -25.333 ], [ -66.799, -25.299 ], [ -66.766, -25.299 ], [ -66.733, -25.299 ], [ -66.699, -25.299 ], [ -66.699, -25.266 ], [ -66.666, -25.266 ], [ -66.666, -25.299 ], [ -66.633, -25.299 ], [ -66.633, -25.266 ], [ -66.599, -25.266 ], [ -66.599, -25.233 ], [ -66.566, -25.233 ], [ -66.566, -25.266 ], [ -66.566, -25.299 ], [ -66.566, -25.333 ] ] ], [ [ [ -68.266, -25.233 ], [ -68.266, -25.199 ], [ -68.233, -25.199 ], [ -68.199, -25.199 ], [ -68.199, -25.233 ], [ -68.199, -25.266 ], [ -68.233, -25.266 ], [ -68.233, -25.233 ], [ -68.266, -25.233 ] ] ], [ [ [ -67.899, -25.266 ], [ -67.866, -25.266 ], [ -67.833, -25.266 ], [ -67.833, -25.233 ], [ -67.833, -25.199 ], [ -67.799, -25.199 ], [ -67.799, -25.233 ], [ -67.766, -25.233 ], [ -67.766, -25.266 ], [ -67.766, -25.299 ], [ -67.799, -25.299 ], [ -67.833, -25.299 ], [ -67.866, -25.299 ], [ -67.899, -25.299 ], [ -67.899, -25.266 ] ] ], [ [ [ -66.866, -25.233 ], [ -66.899, -25.233 ], [ -66.899, -25.199 ], [ -66.866, -25.199 ], [ -66.866, -25.233 ] ] ], [ [ [ -66.499, -25.233 ], [ -66.533, -25.233 ], [ -66.533, -25.199 ], [ -66.499, -25.199 ], [ -66.499, -25.233 ] ] ], [ [ [ -67.966, -25.166 ], [ -67.966, -25.199 ], [ -67.966, -25.233 ], [ -67.999, -25.233 ], [ -68.033, -25.233 ], [ -68.033, -25.199 ], [ -68.033, -25.166 ], [ -67.999, -25.166 ], [ -67.966, -25.166 ] ] ], [ [ [ -67.833, -25.199 ], [ -67.866, -25.199 ], [ -67.866, -25.166 ], [ -67.833, -25.166 ], [ -67.833, -25.199 ] ] ], [ [ [ -67.966, -25.166 ], [ -67.966, -25.133 ], [ -67.933, -25.133 ], [ -67.933, -25.166 ], [ -67.966, -25.166 ] ] ], [ [ [ -67.866, -25.166 ], [ -67.899, -25.166 ], [ -67.899, -25.133 ], [ -67.866, -25.133 ], [ -67.866, -25.166 ] ] ], [ [ [ -67.366, -25.233 ], [ -67.366, -25.199 ], [ -67.366, -25.166 ], [ -67.366, -25.133 ], [ -67.333, -25.133 ], [ -67.299, -25.133 ], [ -67.299, -25.166 ], [ -67.266, -25.166 ], [ -67.266, -25.199 ], [ -67.299, -25.199 ], [ -67.299, -25.233 ], [ -67.333, -25.233 ], [ -67.366, -25.233 ] ] ], [ [ [ -66.533, -25.166 ], [ -66.566, -25.166 ], [ -66.566, -25.133 ], [ -66.533, -25.133 ], [ -66.533, -25.166 ] ] ], [ [ [ -68.431, -25.130 ], [ -68.428, -25.131 ], [ -68.422, -25.135 ], [ -68.415, -25.140 ], [ -68.409, -25.145 ], [ -68.407, -25.146 ], [ -68.372, -25.127 ], [ -68.366, -25.133 ], [ -68.366, -25.166 ], [ -68.366, -25.199 ], [ -68.399, -25.199 ], [ -68.399, -25.233 ], [ -68.366, -25.233 ], [ -68.366, -25.266 ], [ -68.399, -25.266 ], [ -68.433, -25.266 ], [ -68.466, -25.266 ], [ -68.466, -25.233 ], [ -68.466, -25.199 ], [ -68.466, -25.166 ], [ -68.477, -25.156 ], [ -68.473, -25.155 ], [ -68.466, -25.148 ], [ -68.465, -25.140 ], [ -68.462, -25.135 ], [ -68.459, -25.129 ], [ -68.455, -25.126 ], [ -68.450, -25.130 ], [ -68.443, -25.128 ], [ -68.438, -25.126 ], [ -68.436, -25.127 ], [ -68.431, -25.130 ] ] ], [ [ [ -66.933, -25.133 ], [ -66.933, -25.099 ], [ -66.899, -25.099 ], [ -66.899, -25.133 ], [ -66.933, -25.133 ] ] ], [ [ [ -66.733, -25.199 ], [ -66.766, -25.199 ], [ -66.766, -25.166 ], [ -66.766, -25.133 ], [ -66.766, -25.099 ], [ -66.733, -25.099 ], [ -66.733, -25.133 ], [ -66.733, -25.166 ], [ -66.733, -25.199 ] ] ], [ [ [ -66.399, -25.133 ], [ -66.433, -25.133 ], [ -66.433, -25.099 ], [ -66.399, -25.099 ], [ -66.399, -25.133 ] ] ], [ [ [ -66.666, -25.099 ], [ -66.699, -25.099 ], [ -66.699, -25.066 ], [ -66.699, -25.033 ], [ -66.666, -25.033 ], [ -66.666, -25.066 ], [ -66.666, -25.099 ] ] ], [ [ [ -66.533, -25.066 ], [ -66.566, -25.066 ], [ -66.566, -25.033 ], [ -66.533, -25.033 ], [ -66.533, -25.066 ] ] ], [ [ [ -65.833, -25.099 ], [ -65.866, -25.099 ], [ -65.866, -25.066 ], [ -65.866, -25.033 ], [ -65.833, -25.033 ], [ -65.833, -25.066 ], [ -65.833, -25.099 ] ] ], [ [ [ -68.333, -25.033 ], [ -68.366, -25.033 ], [ -68.366, -24.999 ], [ -68.333, -24.999 ], [ -68.333, -25.033 ] ] ], [ [ [ -68.333, -25.033 ], [ -68.299, -25.033 ], [ -68.299, -24.999 ], [ -68.266, -24.999 ], [ -68.233, -24.999 ], [ -68.233, -25.033 ], [ -68.233, -25.066 ], [ -68.266, -25.066 ], [ -68.266, -25.099 ], [ -68.266, -25.133 ], [ -68.299, -25.133 ], [ -68.299, -25.099 ], [ -68.299, -25.066 ], [ -68.333, -25.066 ], [ -68.333, -25.033 ] ] ], [ [ [ -66.933, -25.133 ], [ -66.933, -25.166 ], [ -66.966, -25.166 ], [ -66.999, -25.166 ], [ -66.999, -25.133 ], [ -66.999, -25.099 ], [ -66.999, -25.066 ], [ -66.999, -25.033 ], [ -66.999, -24.999 ], [ -66.966, -24.999 ], [ -66.966, -25.033 ], [ -66.966, -25.066 ], [ -66.966, -25.099 ], [ -66.966, -25.133 ], [ -66.933, -25.133 ] ] ], [ [ [ -66.866, -24.999 ], [ -66.866, -25.033 ], [ -66.866, -25.066 ], [ -66.899, -25.066 ], [ -66.899, -25.033 ], [ -66.899, -24.999 ], [ -66.866, -24.999 ] ] ], [ [ [ -66.299, -25.033 ], [ -66.333, -25.033 ], [ -66.333, -24.999 ], [ -66.333, -24.966 ], [ -66.299, -24.966 ], [ -66.299, -24.999 ], [ -66.299, -25.033 ] ] ], [ [ [ -65.899, -24.999 ], [ -65.933, -24.999 ], [ -65.933, -24.966 ], [ -65.899, -24.966 ], [ -65.899, -24.999 ] ] ], [ [ [ -68.366, -24.999 ], [ -68.414, -24.999 ], [ -68.416, -24.994 ], [ -68.413, -24.987 ], [ -68.410, -24.980 ], [ -68.409, -24.973 ], [ -68.410, -24.971 ], [ -68.414, -24.967 ], [ -68.419, -24.962 ], [ -68.421, -24.956 ], [ -68.425, -24.949 ], [ -68.429, -24.944 ], [ -68.432, -24.935 ], [ -68.432, -24.933 ], [ -68.399, -24.933 ], [ -68.399, -24.966 ], [ -68.366, -24.966 ], [ -68.366, -24.999 ] ] ], [ [ [ -66.966, -24.999 ], [ -66.966, -24.966 ], [ -66.966, -24.933 ], [ -66.933, -24.933 ], [ -66.933, -24.966 ], [ -66.933, -24.999 ], [ -66.966, -24.999 ] ] ], [ [ [ -66.633, -24.966 ], [ -66.666, -24.966 ], [ -66.666, -24.933 ], [ -66.633, -24.933 ], [ -66.633, -24.966 ] ] ], [ [ [ -66.433, -25.033 ], [ -66.466, -25.033 ], [ -66.466, -24.999 ], [ -66.466, -24.966 ], [ -66.466, -24.933 ], [ -66.433, -24.933 ], [ -66.433, -24.966 ], [ -66.433, -24.999 ], [ -66.433, -25.033 ] ] ], [ [ [ -66.333, -24.899 ], [ -66.299, -24.899 ], [ -66.299, -24.933 ], [ -66.333, -24.933 ], [ -66.333, -24.899 ] ] ], [ [ [ -66.866, -24.999 ], [ -66.866, -24.966 ], [ -66.866, -24.933 ], [ -66.866, -24.899 ], [ -66.866, -24.866 ], [ -66.833, -24.866 ], [ -66.833, -24.899 ], [ -66.833, -24.933 ], [ -66.833, -24.966 ], [ -66.833, -24.999 ], [ -66.866, -24.999 ] ] ], [ [ [ -66.333, -24.899 ], [ -66.366, -24.899 ], [ -66.399, -24.899 ], [ -66.399, -24.866 ], [ -66.366, -24.866 ], [ -66.333, -24.866 ], [ -66.333, -24.899 ] ] ], [ [ [ -65.866, -24.933 ], [ -65.899, -24.933 ], [ -65.899, -24.899 ], [ -65.899, -24.866 ], [ -65.866, -24.866 ], [ -65.866, -24.899 ], [ -65.866, -24.933 ] ] ], [ [ [ -67.266, -24.899 ], [ -67.299, -24.899 ], [ -67.299, -24.866 ], [ -67.299, -24.833 ], [ -67.266, -24.833 ], [ -67.233, -24.833 ], [ -67.233, -24.866 ], [ -67.233, -24.899 ], [ -67.266, -24.899 ] ] ], [ [ [ -66.866, -24.866 ], [ -66.899, -24.866 ], [ -66.899, -24.833 ], [ -66.866, -24.833 ], [ -66.866, -24.866 ] ] ], [ [ [ -68.166, -24.933 ], [ -68.199, -24.933 ], [ -68.199, -24.899 ], [ -68.166, -24.899 ], [ -68.166, -24.866 ], [ -68.133, -24.866 ], [ -68.133, -24.833 ], [ -68.133, -24.799 ], [ -68.099, -24.799 ], [ -68.099, -24.833 ], [ -68.099, -24.866 ], [ -68.099, -24.899 ], [ -68.099, -24.933 ], [ -68.133, -24.933 ], [ -68.166, -24.933 ] ] ], [ [ [ -66.366, -24.799 ], [ -66.366, -24.833 ], [ -66.399, -24.833 ], [ -66.399, -24.799 ], [ -66.366, -24.799 ] ] ], [ [ [ -68.466, -24.766 ], [ -68.466, -24.799 ], [ -68.466, -24.833 ], [ -68.466, -24.866 ], [ -68.433, -24.866 ], [ -68.433, -24.833 ], [ -68.399, -24.833 ], [ -68.399, -24.866 ], [ -68.399, -24.899 ], [ -68.433, -24.899 ], [ -68.439, -24.906 ], [ -68.445, -24.903 ], [ -68.449, -24.899 ], [ -68.460, -24.891 ], [ -68.466, -24.898 ], [ -68.473, -24.899 ], [ -68.482, -24.898 ], [ -68.487, -24.890 ], [ -68.496, -24.882 ], [ -68.503, -24.877 ], [ -68.509, -24.875 ], [ -68.499, -24.866 ], [ -68.499, -24.833 ], [ -68.499, -24.799 ], [ -68.499, -24.766 ], [ -68.466, -24.766 ] ] ], [ [ [ -68.433, -24.766 ], [ -68.399, -24.766 ], [ -68.366, -24.766 ], [ -68.366, -24.799 ], [ -68.399, -24.799 ], [ -68.433, -24.799 ], [ -68.433, -24.766 ] ] ], [ [ [ -66.566, -24.833 ], [ -66.566, -24.866 ], [ -66.533, -24.866 ], [ -66.533, -24.833 ], [ -66.566, -24.833 ], [ -66.566, -24.799 ], [ -66.533, -24.799 ], [ -66.533, -24.766 ], [ -66.499, -24.766 ], [ -66.466, -24.766 ], [ -66.466, -24.799 ], [ -66.466, -24.833 ], [ -66.466, -24.866 ], [ -66.466, -24.899 ], [ -66.499, -24.899 ], [ -66.533, -24.899 ], [ -66.533, -24.933 ], [ -66.533, -24.966 ], [ -66.566, -24.966 ], [ -66.566, -24.933 ], [ -66.566, -24.899 ], [ -66.599, -24.899 ], [ -66.633, -24.899 ], [ -66.633, -24.866 ], [ -66.599, -24.866 ], [ -66.599, -24.833 ], [ -66.566, -24.833 ] ] ], [ [ [ -66.499, -24.733 ], [ -66.533, -24.733 ], [ -66.533, -24.699 ], [ -66.499, -24.699 ], [ -66.466, -24.699 ], [ -66.466, -24.733 ], [ -66.499, -24.733 ] ] ], [ [ [ -66.366, -24.799 ], [ -66.366, -24.766 ], [ -66.366, -24.733 ], [ -66.333, -24.733 ], [ -66.333, -24.699 ], [ -66.299, -24.699 ], [ -66.299, -24.733 ], [ -66.299, -24.766 ], [ -66.333, -24.766 ], [ -66.333, -24.799 ], [ -66.366, -24.799 ] ] ], [ [ [ -68.299, -24.699 ], [ -68.333, -24.699 ], [ -68.333, -24.666 ], [ -68.299, -24.666 ], [ -68.299, -24.699 ] ] ], [ [ [ -68.233, -24.699 ], [ -68.266, -24.699 ], [ -68.266, -24.666 ], [ -68.233, -24.666 ], [ -68.233, -24.699 ] ] ], [ [ [ -68.433, -24.666 ], [ -68.433, -24.699 ], [ -68.433, -24.733 ], [ -68.433, -24.766 ], [ -68.466, -24.766 ], [ -68.466, -24.733 ], [ -68.466, -24.699 ], [ -68.499, -24.699 ], [ -68.509, -24.690 ], [ -68.503, -24.677 ], [ -68.496, -24.671 ], [ -68.491, -24.662 ], [ -68.493, -24.653 ], [ -68.487, -24.648 ], [ -68.485, -24.639 ], [ -68.494, -24.635 ], [ -68.499, -24.633 ], [ -68.466, -24.633 ], [ -68.466, -24.666 ], [ -68.433, -24.666 ] ] ], [ [ [ -66.333, -24.699 ], [ -66.366, -24.699 ], [ -66.366, -24.666 ], [ -66.366, -24.633 ], [ -66.333, -24.633 ], [ -66.333, -24.666 ], [ -66.333, -24.699 ] ] ], [ [ [ -66.433, -24.666 ], [ -66.466, -24.666 ], [ -66.466, -24.633 ], [ -66.466, -24.599 ], [ -66.433, -24.599 ], [ -66.433, -24.633 ], [ -66.433, -24.666 ] ] ], [ [ [ -66.099, -24.666 ], [ -66.099, -24.699 ], [ -66.133, -24.699 ], [ -66.133, -24.666 ], [ -66.166, -24.666 ], [ -66.166, -24.633 ], [ -66.166, -24.599 ], [ -66.133, -24.599 ], [ -66.099, -24.599 ], [ -66.099, -24.633 ], [ -66.099, -24.666 ] ] ], [ [ [ -68.299, -24.633 ], [ -68.333, -24.633 ], [ -68.333, -24.599 ], [ -68.333, -24.566 ], [ -68.299, -24.566 ], [ -68.266, -24.566 ], [ -68.233, -24.566 ], [ -68.233, -24.599 ], [ -68.266, -24.599 ], [ -68.299, -24.599 ], [ -68.299, -24.633 ] ] ], [ [ [ -66.266, -24.566 ], [ -66.266, -24.599 ], [ -66.299, -24.599 ], [ -66.299, -24.566 ], [ -66.266, -24.566 ] ] ], [ [ [ -68.033, -24.566 ], [ -68.033, -24.599 ], [ -67.999, -24.599 ], [ -67.999, -24.633 ], [ -67.999, -24.666 ], [ -68.033, -24.666 ], [ -68.033, -24.699 ], [ -68.066, -24.699 ], [ -68.099, -24.699 ], [ -68.099, -24.666 ], [ -68.066, -24.666 ], [ -68.066, -24.633 ], [ -68.066, -24.599 ], [ -68.066, -24.566 ], [ -68.066, -24.533 ], [ -68.033, -24.533 ], [ -68.033, -24.566 ] ] ], [ [ [ -66.899, -24.499 ], [ -66.899, -24.533 ], [ -66.866, -24.533 ], [ -66.833, -24.533 ], [ -66.833, -24.566 ], [ -66.833, -24.599 ], [ -66.833, -24.633 ], [ -66.866, -24.633 ], [ -66.866, -24.599 ], [ -66.866, -24.566 ], [ -66.899, -24.566 ], [ -66.899, -24.599 ], [ -66.933, -24.599 ], [ -66.933, -24.566 ], [ -66.933, -24.533 ], [ -66.933, -24.499 ], [ -66.899, -24.499 ] ] ], [ [ [ -66.266, -24.566 ], [ -66.266, -24.533 ], [ -66.266, -24.499 ], [ -66.233, -24.499 ], [ -66.233, -24.533 ], [ -66.233, -24.566 ], [ -66.266, -24.566 ] ] ], [ [ [ -68.433, -24.666 ], [ -68.433, -24.633 ], [ -68.466, -24.633 ], [ -68.466, -24.621 ], [ -68.464, -24.621 ], [ -68.457, -24.618 ], [ -68.452, -24.611 ], [ -68.451, -24.604 ], [ -68.448, -24.600 ], [ -68.445, -24.600 ], [ -68.441, -24.603 ], [ -68.434, -24.606 ], [ -68.436, -24.599 ], [ -68.434, -24.597 ], [ -68.431, -24.592 ], [ -68.433, -24.586 ], [ -68.430, -24.573 ], [ -68.431, -24.570 ], [ -68.426, -24.567 ], [ -68.422, -24.564 ], [ -68.421, -24.559 ], [ -68.421, -24.554 ], [ -68.417, -24.552 ], [ -68.413, -24.546 ], [ -68.412, -24.540 ], [ -68.410, -24.538 ], [ -68.409, -24.535 ], [ -68.406, -24.533 ], [ -68.403, -24.527 ], [ -68.403, -24.523 ], [ -68.404, -24.519 ], [ -68.404, -24.516 ], [ -68.402, -24.510 ], [ -68.398, -24.508 ], [ -68.396, -24.505 ], [ -68.391, -24.492 ], [ -68.387, -24.484 ], [ -68.384, -24.486 ], [ -68.379, -24.488 ], [ -68.371, -24.49 ], [ -68.366, -24.490 ], [ -68.366, -24.533 ], [ -68.366, -24.566 ], [ -68.399, -24.566 ], [ -68.399, -24.599 ], [ -68.399, -24.633 ], [ -68.399, -24.666 ], [ -68.433, -24.666 ] ] ], [ [ [ -67.266, -24.466 ], [ -67.266, -24.499 ], [ -67.299, -24.499 ], [ -67.299, -24.466 ], [ -67.266, -24.466 ] ] ], [ [ [ -65.666, -24.499 ], [ -65.699, -24.499 ], [ -65.699, -24.466 ], [ -65.666, -24.466 ], [ -65.666, -24.499 ] ] ], [ [ [ -67.266, -24.466 ], [ -67.266, -24.433 ], [ -67.233, -24.433 ], [ -67.233, -24.466 ], [ -67.266, -24.466 ] ] ], [ [ [ -66.766, -24.466 ], [ -66.799, -24.466 ], [ -66.799, -24.433 ], [ -66.766, -24.433 ], [ -66.766, -24.466 ] ] ], [ [ [ -66.199, -24.466 ], [ -66.233, -24.466 ], [ -66.233, -24.433 ], [ -66.199, -24.433 ], [ -66.199, -24.466 ] ] ], [ [ [ -66.099, -24.433 ], [ -66.066, -24.433 ], [ -66.066, -24.466 ], [ -66.033, -24.466 ], [ -66.033, -24.499 ], [ -66.033, -24.533 ], [ -66.066, -24.533 ], [ -66.066, -24.499 ], [ -66.099, -24.499 ], [ -66.099, -24.533 ], [ -66.133, -24.533 ], [ -66.133, -24.499 ], [ -66.133, -24.466 ], [ -66.099, -24.466 ], [ -66.099, -24.433 ] ] ], [ [ [ -67.933, -24.433 ], [ -67.966, -24.433 ], [ -67.966, -24.399 ], [ -67.933, -24.399 ], [ -67.933, -24.433 ] ] ], [ [ [ -67.233, -24.433 ], [ -67.233, -24.399 ], [ -67.199, -24.399 ], [ -67.199, -24.433 ], [ -67.233, -24.433 ] ] ], [ [ [ -66.299, -24.433 ], [ -66.299, -24.399 ], [ -66.266, -24.399 ], [ -66.266, -24.433 ], [ -66.299, -24.433 ] ] ], [ [ [ -66.099, -24.433 ], [ -66.133, -24.433 ], [ -66.133, -24.399 ], [ -66.099, -24.399 ], [ -66.099, -24.433 ] ] ], [ [ [ -65.599, -24.433 ], [ -65.633, -24.433 ], [ -65.633, -24.399 ], [ -65.599, -24.399 ], [ -65.599, -24.433 ] ] ], [ [ [ -68.199, -24.433 ], [ -68.233, -24.433 ], [ -68.233, -24.391 ], [ -68.229, -24.389 ], [ -68.215, -24.384 ], [ -68.199, -24.399 ], [ -68.199, -24.433 ] ] ], [ [ [ -68.066, -24.399 ], [ -68.066, -24.433 ], [ -68.033, -24.433 ], [ -68.033, -24.466 ], [ -68.033, -24.499 ], [ -68.066, -24.499 ], [ -68.099, -24.499 ], [ -68.133, -24.499 ], [ -68.133, -24.466 ], [ -68.099, -24.466 ], [ -68.099, -24.433 ], [ -68.099, -24.399 ], [ -68.099, -24.366 ], [ -68.066, -24.366 ], [ -68.066, -24.399 ] ] ], [ [ [ -66.866, -24.399 ], [ -66.899, -24.399 ], [ -66.899, -24.366 ], [ -66.866, -24.366 ], [ -66.833, -24.366 ], [ -66.833, -24.399 ], [ -66.866, -24.399 ] ] ], [ [ [ -66.699, -24.399 ], [ -66.733, -24.399 ], [ -66.733, -24.366 ], [ -66.699, -24.366 ], [ -66.666, -24.366 ], [ -66.666, -24.399 ], [ -66.699, -24.399 ] ] ], [ [ [ -66.599, -24.366 ], [ -66.599, -24.399 ], [ -66.633, -24.399 ], [ -66.633, -24.366 ], [ -66.599, -24.366 ] ] ], [ [ [ -66.133, -24.399 ], [ -66.166, -24.399 ], [ -66.199, -24.399 ], [ -66.233, -24.399 ], [ -66.233, -24.366 ], [ -66.199, -24.366 ], [ -66.166, -24.366 ], [ -66.133, -24.366 ], [ -66.133, -24.399 ] ] ], [ [ [ -66.599, -24.366 ], [ -66.599, -24.333 ], [ -66.566, -24.333 ], [ -66.533, -24.333 ], [ -66.499, -24.333 ], [ -66.499, -24.366 ], [ -66.533, -24.366 ], [ -66.566, -24.366 ], [ -66.599, -24.366 ] ] ], [ [ [ -65.699, -24.366 ], [ -65.733, -24.366 ], [ -65.733, -24.333 ], [ -65.699, -24.333 ], [ -65.699, -24.366 ] ] ], [ [ [ -65.599, -24.333 ], [ -65.633, -24.333 ], [ -65.633, -24.299 ], [ -65.599, -24.299 ], [ -65.599, -24.333 ] ] ], [ [ [ -67.799, -24.299 ], [ -67.833, -24.299 ], [ -67.833, -24.266 ], [ -67.799, -24.266 ], [ -67.799, -24.299 ] ] ], [ [ [ -67.799, -24.299 ], [ -67.766, -24.299 ], [ -67.766, -24.266 ], [ -67.733, -24.266 ], [ -67.733, -24.299 ], [ -67.733, -24.333 ], [ -67.766, -24.333 ], [ -67.799, -24.333 ], [ -67.799, -24.299 ] ] ], [ [ [ -67.433, -24.299 ], [ -67.466, -24.299 ], [ -67.466, -24.266 ], [ -67.433, -24.266 ], [ -67.433, -24.299 ] ] ], [ [ [ -66.666, -24.266 ], [ -66.633, -24.266 ], [ -66.633, -24.299 ], [ -66.666, -24.299 ], [ -66.666, -24.266 ] ] ], [ [ [ -66.633, -24.266 ], [ -66.633, -24.233 ], [ -66.599, -24.233 ], [ -66.599, -24.266 ], [ -66.633, -24.266 ] ] ], [ [ [ -65.666, -24.233 ], [ -65.633, -24.233 ], [ -65.633, -24.266 ], [ -65.666, -24.266 ], [ -65.666, -24.233 ] ] ], [ [ [ -66.666, -24.266 ], [ -66.699, -24.266 ], [ -66.699, -24.233 ], [ -66.699, -24.199 ], [ -66.666, -24.199 ], [ -66.666, -24.233 ], [ -66.666, -24.266 ] ] ], [ [ [ -65.666, -24.233 ], [ -65.699, -24.233 ], [ -65.699, -24.266 ], [ -65.733, -24.266 ], [ -65.733, -24.233 ], [ -65.733, -24.199 ], [ -65.699, -24.199 ], [ -65.666, -24.199 ], [ -65.666, -24.233 ] ] ], [ [ [ -67.266, -24.199 ], [ -67.299, -24.199 ], [ -67.299, -24.166 ], [ -67.266, -24.166 ], [ -67.266, -24.199 ] ] ], [ [ [ -66.833, -24.333 ], [ -66.866, -24.333 ], [ -66.866, -24.299 ], [ -66.866, -24.266 ], [ -66.866, -24.233 ], [ -66.866, -24.199 ], [ -66.833, -24.199 ], [ -66.833, -24.166 ], [ -66.799, -24.166 ], [ -66.766, -24.166 ], [ -66.733, -24.166 ], [ -66.733, -24.199 ], [ -66.766, -24.199 ], [ -66.799, -24.199 ], [ -66.799, -24.233 ], [ -66.833, -24.233 ], [ -66.833, -24.266 ], [ -66.833, -24.299 ], [ -66.833, -24.333 ] ] ], [ [ [ -67.333, -24.066 ], [ -67.299, -24.066 ], [ -67.299, -24.099 ], [ -67.299, -24.133 ], [ -67.333, -24.133 ], [ -67.333, -24.099 ], [ -67.333, -24.066 ] ] ], [ [ [ -65.799, -24.099 ], [ -65.833, -24.099 ], [ -65.833, -24.066 ], [ -65.799, -24.066 ], [ -65.799, -24.099 ] ] ], [ [ [ -67.333, -24.066 ], [ -67.366, -24.066 ], [ -67.377, -24.055 ], [ -67.333, -24.038 ], [ -67.333, -24.066 ] ] ], [ [ [ -66.299, -24.433 ], [ -66.299, -24.466 ], [ -66.299, -24.499 ], [ -66.299, -24.533 ], [ -66.333, -24.533 ], [ -66.366, -24.533 ], [ -66.366, -24.499 ], [ -66.399, -24.499 ], [ -66.399, -24.533 ], [ -66.399, -24.566 ], [ -66.433, -24.566 ], [ -66.433, -24.533 ], [ -66.433, -24.499 ], [ -66.466, -24.499 ], [ -66.466, -24.466 ], [ -66.499, -24.466 ], [ -66.533, -24.466 ], [ -66.533, -24.433 ], [ -66.533, -24.399 ], [ -66.499, -24.399 ], [ -66.499, -24.433 ], [ -66.466, -24.433 ], [ -66.433, -24.433 ], [ -66.433, -24.399 ], [ -66.433, -24.366 ], [ -66.466, -24.366 ], [ -66.466, -24.333 ], [ -66.499, -24.333 ], [ -66.499, -24.299 ], [ -66.499, -24.266 ], [ -66.499, -24.233 ], [ -66.533, -24.233 ], [ -66.566, -24.233 ], [ -66.599, -24.233 ], [ -66.599, -24.199 ], [ -66.566, -24.199 ], [ -66.566, -24.166 ], [ -66.599, -24.166 ], [ -66.633, -24.166 ], [ -66.633, -24.133 ], [ -66.633, -24.099 ], [ -66.599, -24.099 ], [ -66.599, -24.133 ], [ -66.566, -24.133 ], [ -66.566, -24.099 ], [ -66.566, -24.066 ], [ -66.533, -24.066 ], [ -66.533, -24.033 ], [ -66.499, -24.033 ], [ -66.499, -24.066 ], [ -66.466, -24.066 ], [ -66.466, -24.099 ], [ -66.499, -24.099 ], [ -66.499, -24.133 ], [ -66.466, -24.133 ], [ -66.433, -24.133 ], [ -66.433, -24.099 ], [ -66.399, -24.099 ], [ -66.399, -24.066 ], [ -66.366, -24.066 ], [ -66.366, -24.099 ], [ -66.366, -24.133 ], [ -66.399, -24.133 ], [ -66.399, -24.166 ], [ -66.433, -24.166 ], [ -66.433, -24.199 ], [ -66.466, -24.199 ], [ -66.466, -24.233 ], [ -66.466, -24.266 ], [ -66.433, -24.266 ], [ -66.433, -24.299 ], [ -66.433, -24.333 ], [ -66.399, -24.333 ], [ -66.399, -24.366 ], [ -66.399, -24.399 ], [ -66.366, -24.399 ], [ -66.366, -24.433 ], [ -66.366, -24.466 ], [ -66.333, -24.466 ], [ -66.333, -24.433 ], [ -66.299, -24.433 ] ] ], [ [ [ -66.933, -24.066 ], [ -66.966, -24.066 ], [ -66.966, -24.033 ], [ -66.966, -23.999 ], [ -66.933, -23.999 ], [ -66.933, -24.033 ], [ -66.933, -24.066 ] ] ], [ [ [ -67.266, -24.033 ], [ -67.299, -24.033 ], [ -67.299, -23.999 ], [ -67.309, -23.990 ], [ -67.301, -23.966 ], [ -67.266, -23.966 ], [ -67.266, -23.999 ], [ -67.266, -24.033 ] ] ], [ [ [ -65.933, -23.999 ], [ -65.966, -23.999 ], [ -65.966, -23.966 ], [ -65.933, -23.966 ], [ -65.933, -23.999 ] ] ], [ [ [ -65.699, -24.099 ], [ -65.733, -24.099 ], [ -65.733, -24.066 ], [ -65.733, -24.033 ], [ -65.733, -23.999 ], [ -65.733, -23.966 ], [ -65.699, -23.966 ], [ -65.699, -23.999 ], [ -65.699, -24.033 ], [ -65.699, -24.066 ], [ -65.699, -24.099 ] ] ], [ [ [ -66.599, -23.966 ], [ -66.599, -23.999 ], [ -66.566, -23.999 ], [ -66.566, -24.033 ], [ -66.599, -24.033 ], [ -66.633, -24.033 ], [ -66.633, -24.066 ], [ -66.666, -24.066 ], [ -66.666, -24.033 ], [ -66.666, -23.999 ], [ -66.633, -23.999 ], [ -66.633, -23.966 ], [ -66.633, -23.933 ], [ -66.599, -23.933 ], [ -66.599, -23.966 ] ] ], [ [ [ -65.299, -23.666 ], [ -65.333, -23.666 ], [ -65.333, -23.633 ], [ -65.299, -23.633 ], [ -65.299, -23.666 ] ] ], [ [ [ -65.699, -23.266 ], [ -65.733, -23.266 ], [ -65.733, -23.233 ], [ -65.733, -23.199 ], [ -65.733, -23.166 ], [ -65.733, -23.133 ], [ -65.699, -23.133 ], [ -65.699, -23.166 ], [ -65.699, -23.199 ], [ -65.699, -23.233 ], [ -65.699, -23.266 ] ] ], [ [ [ -66.933, -23.033 ], [ -66.966, -23.033 ], [ -66.966, -22.999 ], [ -66.966, -22.966 ], [ -66.933, -22.966 ], [ -66.933, -22.999 ], [ -66.933, -23.033 ] ] ], [ [ [ -66.966, -22.899 ], [ -66.933, -22.899 ], [ -66.933, -22.933 ], [ -66.966, -22.933 ], [ -66.966, -22.899 ] ] ], [ [ [ -66.966, -22.899 ], [ -66.999, -22.899 ], [ -66.999, -22.933 ], [ -67.033, -22.933 ], [ -67.046, -22.946 ], [ -67.079, -22.913 ], [ -67.066, -22.899 ], [ -67.033, -22.899 ], [ -67.033, -22.866 ], [ -66.999, -22.866 ], [ -66.966, -22.866 ], [ -66.966, -22.899 ] ] ], [ [ [ -66.599, -22.799 ], [ -66.599, -22.833 ], [ -66.566, -22.833 ], [ -66.566, -22.866 ], [ -66.566, -22.899 ], [ -66.566, -22.933 ], [ -66.599, -22.933 ], [ -66.599, -22.899 ], [ -66.599, -22.866 ], [ -66.633, -22.866 ], [ -66.633, -22.833 ], [ -66.633, -22.799 ], [ -66.599, -22.799 ] ] ], [ [ [ -66.999, -22.699 ], [ -67.033, -22.699 ], [ -67.033, -22.666 ], [ -67.013, -22.655 ], [ -67.014, -22.647 ], [ -66.999, -22.633 ], [ -66.966, -22.633 ], [ -66.966, -22.666 ], [ -66.966, -22.699 ], [ -66.999, -22.699 ] ] ], [ [ [ -66.933, -22.533 ], [ -66.933, -22.566 ], [ -66.966, -22.566 ], [ -66.999, -22.566 ], [ -66.999, -22.599 ], [ -67.020, -22.599 ], [ -67.028, -22.540 ], [ -66.973, -22.540 ], [ -66.965, -22.533 ], [ -66.933, -22.533 ] ] ], [ [ [ -66.733, -22.499 ], [ -66.766, -22.499 ], [ -66.766, -22.466 ], [ -66.733, -22.466 ], [ -66.733, -22.499 ] ] ] ] } }
]
}
