{
"type": "FeatureCollection",
                                                                                                                                  
"features": [
{ "type": "Feature", "properties": { "pm_icon": "AR_3a", "hzs": "3a" }, "geometry": { "type": "MultiPolygon", "coordinates": [ [ [ [ -73.499, -49.933 ], [ -73.548, -49.933 ], [ -73.550, -49.928 ], [ -73.552, -49.923 ], [ -73.551, -49.919 ], [ -73.548, -49.916 ], [ -73.542, -49.912 ], [ -73.530, -49.905 ], [ -73.521, -49.900 ], [ -73.518, -49.895 ], [ -73.515, -49.888 ], [ -73.514, -49.885 ], [ -73.499, -49.899 ], [ -73.499, -49.933 ] ] ], [ [ [ -72.299, -47.633 ], [ -72.333, -47.633 ], [ -72.341, -47.625 ], [ -72.340, -47.624 ], [ -72.340, -47.623 ], [ -72.339, -47.622 ], [ -72.338, -47.621 ], [ -72.338, -47.620 ], [ -72.337, -47.619 ], [ -72.337, -47.618 ], [ -72.336, -47.617 ], [ -72.336, -47.617 ], [ -72.335, -47.616 ], [ -72.334, -47.615 ], [ -72.333, -47.615 ], [ -72.333, -47.614 ], [ -72.334, -47.614 ], [ -72.334, -47.613 ], [ -72.334, -47.613 ], [ -72.334, -47.612 ], [ -72.334, -47.612 ], [ -72.333, -47.611 ], [ -72.331, -47.610 ], [ -72.330, -47.609 ], [ -72.330, -47.609 ], [ -72.328, -47.608 ], [ -72.328, -47.607 ], [ -72.327, -47.607 ], [ -72.326, -47.607 ], [ -72.325, -47.606 ], [ -72.325, -47.605 ], [ -72.325, -47.604 ], [ -72.325, -47.604 ], [ -72.324, -47.603 ], [ -72.324, -47.602 ], [ -72.323, -47.602 ], [ -72.322, -47.601 ], [ -72.321, -47.601 ], [ -72.320, -47.600 ], [ -72.319, -47.599 ], [ -72.299, -47.599 ], [ -72.299, -47.633 ] ] ], [ [ [ -70.399, -36.666 ], [ -70.433, -36.666 ], [ -70.433, -36.633 ], [ -70.433, -36.599 ], [ -70.399, -36.599 ], [ -70.399, -36.633 ], [ -70.399, -36.666 ] ] ], [ [ [ -69.999, -34.966 ], [ -70.033, -34.966 ], [ -70.033, -34.933 ], [ -70.033, -34.899 ], [ -69.999, -34.899 ], [ -69.966, -34.899 ], [ -69.966, -34.933 ], [ -69.999, -34.933 ], [ -69.999, -34.966 ] ] ], [ [ [ -70.233, -34.833 ], [ -70.263, -34.833 ], [ -70.262, -34.831 ], [ -70.262, -34.829 ], [ -70.260, -34.826 ], [ -70.258, -34.823 ], [ -70.256, -34.820 ], [ -70.256, -34.816 ], [ -70.256, -34.813 ], [ -70.257, -34.809 ], [ -70.258, -34.807 ], [ -70.254, -34.805 ], [ -70.252, -34.803 ], [ -70.250, -34.801 ], [ -70.249, -34.799 ], [ -70.233, -34.799 ], [ -70.233, -34.833 ] ] ], [ [ [ -69.966, -34.766 ], [ -69.999, -34.766 ], [ -69.999, -34.733 ], [ -69.966, -34.733 ], [ -69.933, -34.733 ], [ -69.933, -34.766 ], [ -69.966, -34.766 ] ] ], [ [ [ -69.833, -34.766 ], [ -69.866, -34.766 ], [ -69.866, -34.733 ], [ -69.833, -34.733 ], [ -69.833, -34.766 ] ] ], [ [ [ -69.999, -34.599 ], [ -70.033, -34.599 ], [ -70.033, -34.566 ], [ -70.033, -34.533 ], [ -69.999, -34.533 ], [ -69.999, -34.566 ], [ -69.999, -34.599 ] ] ], [ [ [ -69.533, -34.499 ], [ -69.566, -34.499 ], [ -69.566, -34.466 ], [ -69.533, -34.466 ], [ -69.533, -34.499 ] ] ], [ [ [ -69.566, -34.433 ], [ -69.599, -34.433 ], [ -69.599, -34.399 ], [ -69.566, -34.399 ], [ -69.566, -34.366 ], [ -69.566, -34.333 ], [ -69.533, -34.333 ], [ -69.533, -34.366 ], [ -69.533, -34.399 ], [ -69.533, -34.433 ], [ -69.566, -34.433 ] ] ], [ [ [ -69.894, -34.263 ], [ -69.889, -34.264 ], [ -69.883, -34.264 ], [ -69.876, -34.265 ], [ -69.868, -34.265 ], [ -69.866, -34.264 ], [ -69.866, -34.299 ], [ -69.899, -34.299 ], [ -69.910, -34.289 ], [ -69.908, -34.289 ], [ -69.903, -34.288 ], [ -69.900, -34.282 ], [ -69.899, -34.277 ], [ -69.899, -34.270 ], [ -69.899, -34.266 ], [ -69.897, -34.264 ], [ -69.894, -34.263 ] ] ], [ [ [ -69.666, -34.266 ], [ -69.699, -34.266 ], [ -69.699, -34.233 ], [ -69.666, -34.233 ], [ -69.666, -34.266 ] ] ], [ [ [ -69.599, -34.266 ], [ -69.633, -34.266 ], [ -69.633, -34.233 ], [ -69.599, -34.233 ], [ -69.566, -34.233 ], [ -69.566, -34.266 ], [ -69.599, -34.266 ] ] ], [ [ [ -69.799, -34.166 ], [ -69.813, -34.180 ], [ -69.813, -34.179 ], [ -69.816, -34.177 ], [ -69.822, -34.173 ], [ -69.825, -34.170 ], [ -69.830, -34.168 ], [ -69.833, -34.166 ], [ -69.833, -34.133 ], [ -69.799, -34.133 ], [ -69.799, -34.166 ] ] ], [ [ [ -69.633, -34.133 ], [ -69.666, -34.133 ], [ -69.666, -34.099 ], [ -69.633, -34.099 ], [ -69.633, -34.133 ] ] ], [ [ [ -69.566, -34.166 ], [ -69.599, -34.166 ], [ -69.599, -34.133 ], [ -69.599, -34.099 ], [ -69.566, -34.099 ], [ -69.566, -34.133 ], [ -69.566, -34.166 ] ] ], [ [ [ -69.799, -34.066 ], [ -69.799, -34.099 ], [ -69.833, -34.099 ], [ -69.839, -34.093 ], [ -69.839, -34.093 ], [ -69.836, -34.089 ], [ -69.833, -34.085 ], [ -69.833, -34.080 ], [ -69.833, -34.077 ], [ -69.831, -34.072 ], [ -69.832, -34.071 ], [ -69.833, -34.071 ], [ -69.837, -34.070 ], [ -69.841, -34.070 ], [ -69.845, -34.069 ], [ -69.848, -34.067 ], [ -69.848, -34.066 ], [ -69.799, -34.066 ] ] ], [ [ [ -69.699, -34.099 ], [ -69.733, -34.099 ], [ -69.733, -34.066 ], [ -69.699, -34.066 ], [ -69.699, -34.099 ] ] ], [ [ [ -69.799, -34.066 ], [ -69.799, -34.033 ], [ -69.766, -34.033 ], [ -69.766, -34.066 ], [ -69.799, -34.066 ] ] ], [ [ [ -69.799, -34.033 ], [ -69.838, -34.033 ], [ -69.837, -34.032 ], [ -69.832, -34.029 ], [ -69.829, -34.025 ], [ -69.825, -34.021 ], [ -69.823, -34.018 ], [ -69.822, -34.014 ], [ -69.823, -34.011 ], [ -69.825, -34.009 ], [ -69.830, -34.009 ], [ -69.834, -34.008 ], [ -69.839, -34.007 ], [ -69.840, -34.003 ], [ -69.841, -33.999 ], [ -69.799, -33.999 ], [ -69.799, -34.033 ] ] ], [ [ [ -69.466, -34.033 ], [ -69.499, -34.033 ], [ -69.499, -33.999 ], [ -69.466, -33.999 ], [ -69.466, -34.033 ] ] ], [ [ [ -69.881, -33.970 ], [ -69.887, -33.974 ], [ -69.895, -33.972 ], [ -69.902, -33.969 ], [ -69.906, -33.964 ], [ -69.905, -33.961 ], [ -69.901, -33.955 ], [ -69.900, -33.949 ], [ -69.895, -33.945 ], [ -69.890, -33.939 ], [ -69.893, -33.935 ], [ -69.893, -33.933 ], [ -69.866, -33.933 ], [ -69.866, -33.963 ], [ -69.868, -33.963 ], [ -69.875, -33.965 ], [ -69.881, -33.970 ] ] ], [ [ [ -69.466, -33.966 ], [ -69.499, -33.966 ], [ -69.499, -33.933 ], [ -69.466, -33.933 ], [ -69.466, -33.966 ] ] ], [ [ [ -69.533, -33.833 ], [ -69.566, -33.833 ], [ -69.566, -33.799 ], [ -69.533, -33.799 ], [ -69.533, -33.833 ] ] ], [ [ [ -69.799, -33.699 ], [ -69.766, -33.699 ], [ -69.733, -33.699 ], [ -69.733, -33.733 ], [ -69.766, -33.733 ], [ -69.799, -33.733 ], [ -69.799, -33.699 ] ] ], [ [ [ -69.566, -33.733 ], [ -69.599, -33.733 ], [ -69.599, -33.699 ], [ -69.566, -33.699 ], [ -69.566, -33.733 ] ] ], [ [ [ -69.799, -33.699 ], [ -69.833, -33.699 ], [ -69.833, -33.666 ], [ -69.799, -33.666 ], [ -69.799, -33.699 ] ] ], [ [ [ -69.466, -33.733 ], [ -69.466, -33.766 ], [ -69.433, -33.766 ], [ -69.433, -33.799 ], [ -69.466, -33.799 ], [ -69.499, -33.799 ], [ -69.499, -33.766 ], [ -69.499, -33.733 ], [ -69.499, -33.699 ], [ -69.499, -33.666 ], [ -69.466, -33.666 ], [ -69.466, -33.699 ], [ -69.466, -33.733 ] ] ], [ [ [ -69.633, -33.599 ], [ -69.599, -33.599 ], [ -69.599, -33.633 ], [ -69.566, -33.633 ], [ -69.566, -33.666 ], [ -69.599, -33.666 ], [ -69.633, -33.666 ], [ -69.633, -33.633 ], [ -69.633, -33.599 ] ] ], [ [ [ -69.633, -33.599 ], [ -69.666, -33.599 ], [ -69.666, -33.566 ], [ -69.633, -33.566 ], [ -69.633, -33.599 ] ] ], [ [ [ -69.666, -33.566 ], [ -69.699, -33.566 ], [ -69.699, -33.533 ], [ -69.666, -33.533 ], [ -69.666, -33.566 ] ] ], [ [ [ -69.533, -33.566 ], [ -69.566, -33.566 ], [ -69.566, -33.533 ], [ -69.566, -33.499 ], [ -69.533, -33.499 ], [ -69.533, -33.533 ], [ -69.533, -33.566 ] ] ], [ [ [ -69.699, -33.533 ], [ -69.733, -33.533 ], [ -69.766, -33.533 ], [ -69.766, -33.499 ], [ -69.766, -33.466 ], [ -69.766, -33.433 ], [ -69.733, -33.433 ], [ -69.733, -33.466 ], [ -69.733, -33.499 ], [ -69.699, -33.499 ], [ -69.699, -33.533 ] ] ], [ [ [ -69.566, -33.466 ], [ -69.599, -33.466 ], [ -69.599, -33.433 ], [ -69.566, -33.433 ], [ -69.566, -33.466 ] ] ], [ [ [ -69.999, -33.233 ], [ -69.966, -33.233 ], [ -69.966, -33.266 ], [ -69.950, -33.282 ], [ -69.957, -33.285 ], [ -69.961, -33.288 ], [ -69.964, -33.293 ], [ -69.966, -33.298 ], [ -69.969, -33.305 ], [ -69.972, -33.308 ], [ -69.980, -33.312 ], [ -69.983, -33.314 ], [ -69.991, -33.320 ], [ -69.996, -33.320 ], [ -70.000, -33.321 ], [ -70.003, -33.322 ], [ -70.006, -33.318 ], [ -70.007, -33.313 ], [ -70.008, -33.308 ], [ -70.010, -33.303 ], [ -70.009, -33.297 ], [ -70.008, -33.292 ], [ -70.007, -33.287 ], [ -70.009, -33.285 ], [ -70.014, -33.281 ], [ -69.999, -33.266 ], [ -69.999, -33.233 ] ] ], [ [ [ -69.799, -33.266 ], [ -69.833, -33.266 ], [ -69.833, -33.233 ], [ -69.799, -33.233 ], [ -69.766, -33.233 ], [ -69.766, -33.266 ], [ -69.799, -33.266 ] ] ], [ [ [ -69.999, -33.233 ], [ -70.027, -33.233 ], [ -70.033, -33.231 ], [ -70.033, -33.199 ], [ -69.999, -33.199 ], [ -69.999, -33.233 ] ] ], [ [ [ -69.899, -33.233 ], [ -69.933, -33.233 ], [ -69.933, -33.199 ], [ -69.899, -33.199 ], [ -69.866, -33.199 ], [ -69.866, -33.233 ], [ -69.899, -33.233 ] ] ], [ [ [ -69.699, -33.233 ], [ -69.733, -33.233 ], [ -69.733, -33.199 ], [ -69.699, -33.199 ], [ -69.699, -33.233 ] ] ], [ [ [ -69.999, -33.199 ], [ -69.999, -33.166 ], [ -69.966, -33.166 ], [ -69.966, -33.199 ], [ -69.999, -33.199 ] ] ], [ [ [ -69.633, -33.299 ], [ -69.633, -33.333 ], [ -69.599, -33.333 ], [ -69.599, -33.366 ], [ -69.633, -33.366 ], [ -69.633, -33.399 ], [ -69.633, -33.433 ], [ -69.666, -33.433 ], [ -69.666, -33.399 ], [ -69.666, -33.366 ], [ -69.666, -33.333 ], [ -69.699, -33.333 ], [ -69.733, -33.333 ], [ -69.733, -33.299 ], [ -69.699, -33.299 ], [ -69.666, -33.299 ], [ -69.666, -33.266 ], [ -69.666, -33.233 ], [ -69.666, -33.199 ], [ -69.666, -33.166 ], [ -69.633, -33.166 ], [ -69.633, -33.199 ], [ -69.633, -33.233 ], [ -69.633, -33.266 ], [ -69.633, -33.299 ] ] ], [ [ [ -69.999, -33.166 ], [ -70.033, -33.166 ], [ -70.033, -33.133 ], [ -69.999, -33.133 ], [ -69.999, -33.166 ] ] ], [ [ [ -69.699, -33.133 ], [ -69.699, -33.166 ], [ -69.733, -33.166 ], [ -69.733, -33.133 ], [ -69.699, -33.133 ] ] ], [ [ [ -69.899, -33.099 ], [ -69.866, -33.099 ], [ -69.866, -33.133 ], [ -69.899, -33.133 ], [ -69.899, -33.099 ] ] ], [ [ [ -69.699, -33.133 ], [ -69.699, -33.099 ], [ -69.666, -33.099 ], [ -69.666, -33.133 ], [ -69.699, -33.133 ] ] ], [ [ [ -69.566, -33.199 ], [ -69.599, -33.199 ], [ -69.599, -33.166 ], [ -69.566, -33.166 ], [ -69.533, -33.166 ], [ -69.533, -33.133 ], [ -69.533, -33.099 ], [ -69.499, -33.099 ], [ -69.499, -33.133 ], [ -69.499, -33.166 ], [ -69.499, -33.199 ], [ -69.533, -33.199 ], [ -69.566, -33.199 ] ] ], [ [ [ -69.699, -33.099 ], [ -69.733, -33.099 ], [ -69.733, -33.066 ], [ -69.699, -33.066 ], [ -69.699, -33.099 ] ] ], [ [ [ -69.666, -33.099 ], [ -69.666, -33.066 ], [ -69.633, -33.066 ], [ -69.633, -33.099 ], [ -69.666, -33.099 ] ] ], [ [ [ -69.433, -33.166 ], [ -69.466, -33.166 ], [ -69.466, -33.133 ], [ -69.466, -33.099 ], [ -69.466, -33.066 ], [ -69.433, -33.066 ], [ -69.433, -33.099 ], [ -69.433, -33.133 ], [ -69.433, -33.166 ] ] ], [ [ [ -69.999, -33.033 ], [ -69.966, -33.033 ], [ -69.966, -33.066 ], [ -69.999, -33.066 ], [ -69.999, -33.033 ] ] ], [ [ [ -69.899, -33.099 ], [ -69.933, -33.099 ], [ -69.933, -33.066 ], [ -69.933, -33.033 ], [ -69.899, -33.033 ], [ -69.899, -33.066 ], [ -69.899, -33.099 ] ] ], [ [ [ -69.666, -33.066 ], [ -69.699, -33.066 ], [ -69.699, -33.033 ], [ -69.699, -32.999 ], [ -69.666, -32.999 ], [ -69.666, -33.033 ], [ -69.666, -33.066 ] ] ], [ [ [ -69.633, -32.999 ], [ -69.599, -32.999 ], [ -69.599, -33.033 ], [ -69.633, -33.033 ], [ -69.633, -32.999 ] ] ], [ [ [ -69.499, -32.999 ], [ -69.466, -32.999 ], [ -69.466, -33.033 ], [ -69.499, -33.033 ], [ -69.499, -32.999 ] ] ], [ [ [ -69.999, -33.033 ], [ -70.033, -33.033 ], [ -70.043, -33.023 ], [ -70.041, -33.023 ], [ -70.033, -33.021 ], [ -70.028, -33.017 ], [ -70.026, -33.009 ], [ -70.021, -33.007 ], [ -70.014, -33.008 ], [ -70.009, -33.005 ], [ -70.009, -33.003 ], [ -70.007, -32.999 ], [ -70.003, -32.997 ], [ -69.999, -32.995 ], [ -69.999, -33.033 ] ] ], [ [ [ -69.899, -32.999 ], [ -69.933, -32.999 ], [ -69.933, -32.966 ], [ -69.899, -32.966 ], [ -69.899, -32.999 ] ] ], [ [ [ -69.633, -32.999 ], [ -69.666, -32.999 ], [ -69.666, -32.966 ], [ -69.633, -32.966 ], [ -69.633, -32.999 ] ] ], [ [ [ -69.599, -32.999 ], [ -69.599, -32.966 ], [ -69.566, -32.966 ], [ -69.566, -32.999 ], [ -69.599, -32.999 ] ] ], [ [ [ -69.399, -32.999 ], [ -69.433, -32.999 ], [ -69.433, -32.966 ], [ -69.399, -32.966 ], [ -69.399, -32.999 ] ] ], [ [ [ -69.666, -32.966 ], [ -69.699, -32.966 ], [ -69.699, -32.933 ], [ -69.666, -32.933 ], [ -69.666, -32.966 ] ] ], [ [ [ -69.599, -32.966 ], [ -69.633, -32.966 ], [ -69.633, -32.933 ], [ -69.599, -32.933 ], [ -69.599, -32.966 ] ] ], [ [ [ -69.633, -32.933 ], [ -69.666, -32.933 ], [ -69.666, -32.899 ], [ -69.633, -32.899 ], [ -69.633, -32.933 ] ] ], [ [ [ -69.499, -32.999 ], [ -69.533, -32.999 ], [ -69.533, -32.966 ], [ -69.533, -32.933 ], [ -69.533, -32.899 ], [ -69.499, -32.899 ], [ -69.499, -32.933 ], [ -69.499, -32.966 ], [ -69.499, -32.999 ] ] ], [ [ [ -69.966, -32.899 ], [ -69.992, -32.899 ], [ -69.993, -32.897 ], [ -69.992, -32.895 ], [ -69.993, -32.893 ], [ -69.995, -32.888 ], [ -70.000, -32.883 ], [ -70.007, -32.881 ], [ -70.013, -32.880 ], [ -69.999, -32.866 ], [ -69.966, -32.866 ], [ -69.966, -32.899 ] ] ], [ [ [ -69.699, -32.933 ], [ -69.733, -32.933 ], [ -69.733, -32.899 ], [ -69.733, -32.866 ], [ -69.699, -32.866 ], [ -69.699, -32.899 ], [ -69.699, -32.933 ] ] ], [ [ [ -69.533, -32.899 ], [ -69.566, -32.899 ], [ -69.599, -32.899 ], [ -69.599, -32.866 ], [ -69.566, -32.866 ], [ -69.533, -32.866 ], [ -69.533, -32.899 ] ] ], [ [ [ -70.033, -32.833 ], [ -70.033, -32.874 ], [ -70.038, -32.872 ], [ -70.041, -32.870 ], [ -70.047, -32.863 ], [ -70.052, -32.861 ], [ -70.052, -32.861 ], [ -70.054, -32.857 ], [ -70.054, -32.853 ], [ -70.054, -32.845 ], [ -70.053, -32.840 ], [ -70.054, -32.837 ], [ -70.054, -32.836 ], [ -70.054, -32.833 ], [ -70.033, -32.833 ] ] ], [ [ [ -69.633, -32.866 ], [ -69.666, -32.866 ], [ -69.666, -32.833 ], [ -69.633, -32.833 ], [ -69.633, -32.866 ] ] ], [ [ [ -69.433, -32.866 ], [ -69.466, -32.866 ], [ -69.466, -32.833 ], [ -69.433, -32.833 ], [ -69.433, -32.866 ] ] ], [ [ [ -69.966, -32.733 ], [ -69.933, -32.733 ], [ -69.933, -32.766 ], [ -69.966, -32.766 ], [ -69.966, -32.733 ] ] ], [ [ [ -69.733, -32.733 ], [ -69.699, -32.733 ], [ -69.699, -32.766 ], [ -69.733, -32.766 ], [ -69.733, -32.733 ] ] ], [ [ [ -69.466, -32.766 ], [ -69.499, -32.766 ], [ -69.499, -32.733 ], [ -69.466, -32.733 ], [ -69.466, -32.766 ] ] ], [ [ [ -69.966, -32.733 ], [ -69.999, -32.733 ], [ -69.999, -32.766 ], [ -69.999, -32.799 ], [ -70.033, -32.799 ], [ -70.066, -32.799 ], [ -70.066, -32.766 ], [ -70.033, -32.766 ], [ -70.033, -32.733 ], [ -70.066, -32.733 ], [ -70.066, -32.699 ], [ -70.033, -32.699 ], [ -69.999, -32.699 ], [ -69.966, -32.699 ], [ -69.966, -32.733 ] ] ], [ [ [ -69.866, -32.766 ], [ -69.899, -32.766 ], [ -69.899, -32.733 ], [ -69.899, -32.699 ], [ -69.866, -32.699 ], [ -69.866, -32.733 ], [ -69.866, -32.766 ] ] ], [ [ [ -69.733, -32.733 ], [ -69.766, -32.733 ], [ -69.799, -32.733 ], [ -69.799, -32.699 ], [ -69.766, -32.699 ], [ -69.766, -32.666 ], [ -69.733, -32.666 ], [ -69.699, -32.666 ], [ -69.699, -32.699 ], [ -69.733, -32.699 ], [ -69.733, -32.733 ] ] ], [ [ [ -69.799, -32.699 ], [ -69.833, -32.699 ], [ -69.833, -32.666 ], [ -69.833, -32.633 ], [ -69.799, -32.633 ], [ -69.799, -32.666 ], [ -69.799, -32.699 ] ] ], [ [ [ -70.133, -32.633 ], [ -70.148, -32.648 ], [ -70.149, -32.647 ], [ -70.151, -32.644 ], [ -70.151, -32.641 ], [ -70.151, -32.637 ], [ -70.153, -32.634 ], [ -70.155, -32.630 ], [ -70.159, -32.628 ], [ -70.164, -32.627 ], [ -70.169, -32.626 ], [ -70.171, -32.624 ], [ -70.171, -32.620 ], [ -70.168, -32.618 ], [ -70.166, -32.613 ], [ -70.165, -32.609 ], [ -70.163, -32.604 ], [ -70.163, -32.599 ], [ -70.133, -32.599 ], [ -70.099, -32.599 ], [ -70.099, -32.633 ], [ -70.133, -32.633 ] ] ], [ [ [ -69.933, -32.666 ], [ -69.966, -32.666 ], [ -69.966, -32.633 ], [ -69.933, -32.633 ], [ -69.933, -32.599 ], [ -69.899, -32.599 ], [ -69.899, -32.633 ], [ -69.899, -32.666 ], [ -69.933, -32.666 ] ] ], [ [ [ -69.766, -32.599 ], [ -69.733, -32.599 ], [ -69.733, -32.633 ], [ -69.766, -32.633 ], [ -69.766, -32.599 ] ] ], [ [ [ -70.033, -32.533 ], [ -70.033, -32.566 ], [ -70.066, -32.566 ], [ -70.066, -32.533 ], [ -70.033, -32.533 ] ] ], [ [ [ -69.766, -32.599 ], [ -69.799, -32.599 ], [ -69.799, -32.566 ], [ -69.833, -32.566 ], [ -69.833, -32.533 ], [ -69.799, -32.533 ], [ -69.766, -32.533 ], [ -69.766, -32.566 ], [ -69.766, -32.599 ] ] ], [ [ [ -70.033, -32.533 ], [ -70.033, -32.499 ], [ -69.999, -32.499 ], [ -69.966, -32.499 ], [ -69.966, -32.533 ], [ -69.966, -32.566 ], [ -69.999, -32.566 ], [ -69.999, -32.533 ], [ -70.033, -32.533 ] ] ], [ [ [ -70.066, -32.499 ], [ -70.099, -32.499 ], [ -70.099, -32.466 ], [ -70.099, -32.433 ], [ -70.066, -32.433 ], [ -70.066, -32.466 ], [ -70.066, -32.499 ] ] ], [ [ [ -70.199, -32.399 ], [ -70.199, -32.433 ], [ -70.166, -32.433 ], [ -70.166, -32.454 ], [ -70.170, -32.453 ], [ -70.175, -32.452 ], [ -70.178, -32.452 ], [ -70.183, -32.450 ], [ -70.188, -32.449 ], [ -70.192, -32.449 ], [ -70.195, -32.447 ], [ -70.197, -32.443 ], [ -70.200, -32.441 ], [ -70.205, -32.441 ], [ -70.208, -32.441 ], [ -70.212, -32.439 ], [ -70.213, -32.437 ], [ -70.214, -32.434 ], [ -70.216, -32.431 ], [ -70.216, -32.429 ], [ -70.218, -32.428 ], [ -70.220, -32.429 ], [ -70.223, -32.429 ], [ -70.226, -32.430 ], [ -70.229, -32.430 ], [ -70.232, -32.430 ], [ -70.235, -32.429 ], [ -70.235, -32.425 ], [ -70.235, -32.422 ], [ -70.237, -32.417 ], [ -70.235, -32.413 ], [ -70.236, -32.409 ], [ -70.237, -32.407 ], [ -70.238, -32.404 ], [ -70.236, -32.401 ], [ -70.235, -32.399 ], [ -70.199, -32.399 ] ] ], [ [ [ -69.766, -32.533 ], [ -69.766, -32.499 ], [ -69.766, -32.466 ], [ -69.766, -32.433 ], [ -69.766, -32.399 ], [ -69.766, -32.366 ], [ -69.733, -32.366 ], [ -69.699, -32.366 ], [ -69.699, -32.399 ], [ -69.699, -32.433 ], [ -69.699, -32.466 ], [ -69.733, -32.466 ], [ -69.733, -32.499 ], [ -69.699, -32.499 ], [ -69.666, -32.499 ], [ -69.633, -32.499 ], [ -69.599, -32.499 ], [ -69.599, -32.466 ], [ -69.566, -32.466 ], [ -69.566, -32.499 ], [ -69.566, -32.533 ], [ -69.599, -32.533 ], [ -69.633, -32.533 ], [ -69.666, -32.533 ], [ -69.666, -32.566 ], [ -69.666, -32.599 ], [ -69.699, -32.599 ], [ -69.699, -32.566 ], [ -69.699, -32.533 ], [ -69.733, -32.533 ], [ -69.766, -32.533 ] ] ], [ [ [ -70.099, -32.366 ], [ -70.133, -32.366 ], [ -70.133, -32.333 ], [ -70.099, -32.333 ], [ -70.099, -32.366 ] ] ], [ [ [ -69.699, -32.366 ], [ -69.699, -32.333 ], [ -69.666, -32.333 ], [ -69.633, -32.333 ], [ -69.633, -32.366 ], [ -69.666, -32.366 ], [ -69.699, -32.366 ] ] ], [ [ [ -69.666, -32.266 ], [ -69.699, -32.266 ], [ -69.699, -32.233 ], [ -69.666, -32.233 ], [ -69.666, -32.266 ] ] ], [ [ [ -69.599, -32.299 ], [ -69.633, -32.299 ], [ -69.633, -32.266 ], [ -69.599, -32.266 ], [ -69.599, -32.233 ], [ -69.566, -32.233 ], [ -69.566, -32.266 ], [ -69.566, -32.299 ], [ -69.599, -32.299 ] ] ], [ [ [ -70.066, -32.166 ], [ -70.099, -32.166 ], [ -70.099, -32.133 ], [ -70.066, -32.133 ], [ -70.033, -32.133 ], [ -70.033, -32.166 ], [ -70.066, -32.166 ] ] ], [ [ [ -69.966, -32.233 ], [ -69.999, -32.233 ], [ -69.999, -32.199 ], [ -69.999, -32.166 ], [ -69.999, -32.133 ], [ -69.966, -32.133 ], [ -69.966, -32.166 ], [ -69.966, -32.199 ], [ -69.966, -32.233 ] ] ], [ [ [ -69.566, -32.199 ], [ -69.599, -32.199 ], [ -69.599, -32.166 ], [ -69.599, -32.133 ], [ -69.599, -32.099 ], [ -69.566, -32.099 ], [ -69.566, -32.133 ], [ -69.566, -32.166 ], [ -69.566, -32.199 ] ] ], [ [ [ -70.133, -32.066 ], [ -70.166, -32.066 ], [ -70.166, -32.033 ], [ -70.133, -32.033 ], [ -70.133, -32.066 ] ] ], [ [ [ -69.933, -32.033 ], [ -69.966, -32.033 ], [ -69.966, -31.999 ], [ -69.933, -31.999 ], [ -69.933, -32.033 ] ] ], [ [ [ -70.213, -31.952 ], [ -70.199, -31.966 ], [ -70.166, -31.966 ], [ -70.166, -31.999 ], [ -70.199, -31.999 ], [ -70.247, -31.999 ], [ -70.248, -31.999 ], [ -70.248, -31.996 ], [ -70.250, -31.994 ], [ -70.249, -31.992 ], [ -70.247, -31.991 ], [ -70.243, -31.991 ], [ -70.239, -31.991 ], [ -70.235, -31.991 ], [ -70.234, -31.990 ], [ -70.234, -31.988 ], [ -70.232, -31.985 ], [ -70.230, -31.983 ], [ -70.225, -31.980 ], [ -70.216, -31.980 ], [ -70.207, -31.977 ], [ -70.209, -31.971 ], [ -70.210, -31.968 ], [ -70.210, -31.965 ], [ -70.210, -31.962 ], [ -70.209, -31.960 ], [ -70.210, -31.957 ], [ -70.212, -31.955 ], [ -70.213, -31.953 ], [ -70.213, -31.952 ] ] ], [ [ [ -70.033, -31.899 ], [ -70.033, -31.933 ], [ -69.999, -31.933 ], [ -69.966, -31.933 ], [ -69.966, -31.966 ], [ -69.999, -31.966 ], [ -70.033, -31.966 ], [ -70.066, -31.966 ], [ -70.066, -31.933 ], [ -70.066, -31.899 ], [ -70.033, -31.899 ] ] ], [ [ [ -70.133, -31.866 ], [ -70.133, -31.899 ], [ -70.099, -31.899 ], [ -70.099, -31.933 ], [ -70.133, -31.933 ], [ -70.166, -31.933 ], [ -70.199, -31.933 ], [ -70.216, -31.949 ], [ -70.223, -31.944 ], [ -70.227, -31.939 ], [ -70.228, -31.933 ], [ -70.230, -31.929 ], [ -70.232, -31.926 ], [ -70.235, -31.923 ], [ -70.238, -31.922 ], [ -70.240, -31.919 ], [ -70.248, -31.914 ], [ -70.253, -31.914 ], [ -70.257, -31.913 ], [ -70.263, -31.910 ], [ -70.265, -31.906 ], [ -70.266, -31.904 ], [ -70.266, -31.866 ], [ -70.233, -31.866 ], [ -70.233, -31.899 ], [ -70.199, -31.899 ], [ -70.199, -31.866 ], [ -70.166, -31.866 ], [ -70.166, -31.833 ], [ -70.133, -31.833 ], [ -70.099, -31.833 ], [ -70.099, -31.866 ], [ -70.133, -31.866 ] ] ], [ [ [ -69.899, -31.799 ], [ -69.899, -31.833 ], [ -69.933, -31.833 ], [ -69.933, -31.799 ], [ -69.899, -31.799 ] ] ], [ [ [ -70.166, -31.766 ], [ -70.133, -31.766 ], [ -70.133, -31.799 ], [ -70.166, -31.799 ], [ -70.166, -31.766 ] ] ], [ [ [ -69.899, -31.799 ], [ -69.899, -31.766 ], [ -69.866, -31.766 ], [ -69.866, -31.799 ], [ -69.899, -31.799 ] ] ], [ [ [ -69.933, -31.733 ], [ -69.966, -31.733 ], [ -69.966, -31.699 ], [ -69.933, -31.699 ], [ -69.933, -31.733 ] ] ], [ [ [ -69.866, -31.766 ], [ -69.866, -31.733 ], [ -69.866, -31.699 ], [ -69.833, -31.699 ], [ -69.833, -31.733 ], [ -69.833, -31.766 ], [ -69.866, -31.766 ] ] ], [ [ [ -70.399, -31.666 ], [ -70.366, -31.666 ], [ -70.366, -31.699 ], [ -70.399, -31.699 ], [ -70.399, -31.666 ] ] ], [ [ [ -70.166, -31.766 ], [ -70.199, -31.766 ], [ -70.233, -31.766 ], [ -70.233, -31.733 ], [ -70.233, -31.699 ], [ -70.266, -31.699 ], [ -70.266, -31.666 ], [ -70.266, -31.633 ], [ -70.233, -31.633 ], [ -70.233, -31.666 ], [ -70.199, -31.666 ], [ -70.199, -31.699 ], [ -70.199, -31.733 ], [ -70.166, -31.733 ], [ -70.166, -31.766 ] ] ], [ [ [ -69.899, -31.666 ], [ -69.933, -31.666 ], [ -69.933, -31.633 ], [ -69.899, -31.633 ], [ -69.899, -31.666 ] ] ], [ [ [ -70.399, -31.666 ], [ -70.433, -31.666 ], [ -70.433, -31.633 ], [ -70.433, -31.599 ], [ -70.399, -31.599 ], [ -70.399, -31.633 ], [ -70.399, -31.666 ] ] ], [ [ [ -69.966, -31.599 ], [ -69.966, -31.633 ], [ -69.999, -31.633 ], [ -69.999, -31.599 ], [ -69.966, -31.599 ] ] ], [ [ [ -69.833, -31.599 ], [ -69.799, -31.599 ], [ -69.799, -31.633 ], [ -69.833, -31.633 ], [ -69.833, -31.599 ] ] ], [ [ [ -69.966, -31.599 ], [ -69.966, -31.566 ], [ -69.933, -31.566 ], [ -69.933, -31.599 ], [ -69.966, -31.599 ] ] ], [ [ [ -69.833, -31.599 ], [ -69.866, -31.599 ], [ -69.866, -31.566 ], [ -69.833, -31.566 ], [ -69.833, -31.599 ] ] ], [ [ [ -70.033, -31.566 ], [ -70.066, -31.566 ], [ -70.066, -31.533 ], [ -70.033, -31.533 ], [ -70.033, -31.499 ], [ -69.999, -31.499 ], [ -69.999, -31.533 ], [ -69.999, -31.566 ], [ -70.033, -31.566 ] ] ], [ [ [ -69.899, -31.499 ], [ -69.866, -31.499 ], [ -69.866, -31.533 ], [ -69.899, -31.533 ], [ -69.899, -31.499 ] ] ], [ [ [ -69.899, -31.499 ], [ -69.933, -31.499 ], [ -69.933, -31.466 ], [ -69.899, -31.466 ], [ -69.899, -31.499 ] ] ], [ [ [ -70.199, -31.399 ], [ -70.166, -31.399 ], [ -70.166, -31.433 ], [ -70.166, -31.466 ], [ -70.166, -31.499 ], [ -70.199, -31.499 ], [ -70.199, -31.466 ], [ -70.233, -31.466 ], [ -70.233, -31.433 ], [ -70.199, -31.433 ], [ -70.199, -31.399 ] ] ], [ [ [ -70.066, -31.433 ], [ -70.099, -31.433 ], [ -70.099, -31.399 ], [ -70.066, -31.399 ], [ -70.066, -31.433 ] ] ], [ [ [ -70.266, -31.399 ], [ -70.299, -31.399 ], [ -70.299, -31.366 ], [ -70.266, -31.366 ], [ -70.266, -31.399 ] ] ], [ [ [ -69.899, -31.399 ], [ -69.933, -31.399 ], [ -69.933, -31.366 ], [ -69.899, -31.366 ], [ -69.899, -31.399 ] ] ], [ [ [ -70.133, -31.366 ], [ -70.166, -31.366 ], [ -70.166, -31.333 ], [ -70.133, -31.333 ], [ -70.133, -31.366 ] ] ], [ [ [ -70.066, -31.366 ], [ -70.099, -31.366 ], [ -70.099, -31.333 ], [ -70.066, -31.333 ], [ -70.066, -31.366 ] ] ], [ [ [ -70.133, -31.266 ], [ -70.133, -31.299 ], [ -70.166, -31.299 ], [ -70.166, -31.266 ], [ -70.133, -31.266 ] ] ], [ [ [ -69.899, -31.266 ], [ -69.899, -31.299 ], [ -69.933, -31.299 ], [ -69.933, -31.266 ], [ -69.899, -31.266 ] ] ], [ [ [ -69.866, -31.266 ], [ -69.833, -31.266 ], [ -69.833, -31.299 ], [ -69.866, -31.299 ], [ -69.866, -31.266 ] ] ], [ [ [ -70.199, -31.399 ], [ -70.233, -31.399 ], [ -70.233, -31.366 ], [ -70.233, -31.333 ], [ -70.233, -31.299 ], [ -70.233, -31.266 ], [ -70.233, -31.233 ], [ -70.199, -31.233 ], [ -70.199, -31.266 ], [ -70.199, -31.299 ], [ -70.199, -31.333 ], [ -70.199, -31.366 ], [ -70.199, -31.399 ] ] ], [ [ [ -70.133, -31.266 ], [ -70.133, -31.233 ], [ -70.099, -31.233 ], [ -70.066, -31.233 ], [ -70.066, -31.266 ], [ -70.066, -31.299 ], [ -70.099, -31.299 ], [ -70.099, -31.266 ], [ -70.133, -31.266 ] ] ], [ [ [ -69.966, -31.299 ], [ -69.999, -31.299 ], [ -69.999, -31.266 ], [ -69.999, -31.233 ], [ -69.966, -31.233 ], [ -69.966, -31.266 ], [ -69.966, -31.299 ] ] ], [ [ [ -69.866, -31.266 ], [ -69.899, -31.266 ], [ -69.899, -31.233 ], [ -69.866, -31.233 ], [ -69.866, -31.266 ] ] ], [ [ [ -70.066, -31.233 ], [ -70.066, -31.199 ], [ -70.033, -31.199 ], [ -70.033, -31.233 ], [ -70.066, -31.233 ] ] ], [ [ [ -70.033, -31.199 ], [ -70.033, -31.166 ], [ -69.999, -31.166 ], [ -69.999, -31.199 ], [ -70.033, -31.199 ] ] ], [ [ [ -70.199, -31.233 ], [ -70.199, -31.199 ], [ -70.199, -31.166 ], [ -70.199, -31.133 ], [ -70.166, -31.133 ], [ -70.166, -31.166 ], [ -70.166, -31.199 ], [ -70.166, -31.233 ], [ -70.199, -31.233 ] ] ], [ [ [ -70.066, -31.133 ], [ -70.066, -31.166 ], [ -70.099, -31.166 ], [ -70.099, -31.133 ], [ -70.066, -31.133 ] ] ], [ [ [ -69.999, -31.166 ], [ -69.999, -31.133 ], [ -69.966, -31.133 ], [ -69.966, -31.166 ], [ -69.999, -31.166 ] ] ], [ [ [ -70.066, -31.133 ], [ -70.066, -31.099 ], [ -70.033, -31.099 ], [ -70.033, -31.133 ], [ -70.066, -31.133 ] ] ], [ [ [ -70.133, -30.999 ], [ -70.166, -30.999 ], [ -70.166, -30.966 ], [ -70.133, -30.966 ], [ -70.133, -30.999 ] ] ], [ [ [ -69.866, -31.233 ], [ -69.866, -31.199 ], [ -69.833, -31.199 ], [ -69.833, -31.166 ], [ -69.833, -31.133 ], [ -69.833, -31.099 ], [ -69.833, -31.066 ], [ -69.833, -31.033 ], [ -69.866, -31.033 ], [ -69.866, -31.066 ], [ -69.866, -31.099 ], [ -69.899, -31.099 ], [ -69.899, -31.133 ], [ -69.899, -31.166 ], [ -69.899, -31.199 ], [ -69.933, -31.199 ], [ -69.933, -31.166 ], [ -69.933, -31.133 ], [ -69.966, -31.133 ], [ -69.966, -31.099 ], [ -69.966, -31.066 ], [ -69.933, -31.066 ], [ -69.899, -31.066 ], [ -69.899, -31.033 ], [ -69.899, -30.999 ], [ -69.899, -30.966 ], [ -69.866, -30.966 ], [ -69.833, -30.966 ], [ -69.833, -30.999 ], [ -69.799, -30.999 ], [ -69.799, -31.033 ], [ -69.799, -31.066 ], [ -69.799, -31.099 ], [ -69.799, -31.133 ], [ -69.799, -31.166 ], [ -69.799, -31.199 ], [ -69.799, -31.233 ], [ -69.833, -31.233 ], [ -69.866, -31.233 ] ] ], [ [ [ -70.166, -30.866 ], [ -70.199, -30.866 ], [ -70.199, -30.833 ], [ -70.199, -30.799 ], [ -70.166, -30.799 ], [ -70.166, -30.833 ], [ -70.166, -30.866 ] ] ], [ [ [ -70.033, -30.833 ], [ -70.066, -30.833 ], [ -70.066, -30.799 ], [ -70.033, -30.799 ], [ -70.033, -30.833 ] ] ], [ [ [ -69.833, -30.799 ], [ -69.799, -30.799 ], [ -69.799, -30.833 ], [ -69.833, -30.833 ], [ -69.833, -30.799 ] ] ], [ [ [ -70.099, -30.799 ], [ -70.133, -30.799 ], [ -70.133, -30.766 ], [ -70.099, -30.766 ], [ -70.099, -30.799 ] ] ], [ [ [ -70.233, -30.733 ], [ -70.254, -30.733 ], [ -70.246, -30.728 ], [ -70.249, -30.723 ], [ -70.254, -30.716 ], [ -70.256, -30.712 ], [ -70.256, -30.706 ], [ -70.257, -30.702 ], [ -70.258, -30.699 ], [ -70.233, -30.699 ], [ -70.199, -30.699 ], [ -70.199, -30.733 ], [ -70.233, -30.733 ] ] ], [ [ [ -69.833, -30.799 ], [ -69.866, -30.799 ], [ -69.899, -30.799 ], [ -69.899, -30.766 ], [ -69.933, -30.766 ], [ -69.933, -30.733 ], [ -69.966, -30.733 ], [ -69.999, -30.733 ], [ -70.033, -30.733 ], [ -70.033, -30.699 ], [ -69.999, -30.699 ], [ -69.966, -30.699 ], [ -69.966, -30.666 ], [ -69.933, -30.666 ], [ -69.933, -30.699 ], [ -69.899, -30.699 ], [ -69.899, -30.733 ], [ -69.866, -30.733 ], [ -69.866, -30.766 ], [ -69.833, -30.766 ], [ -69.833, -30.799 ] ] ], [ [ [ -69.799, -30.666 ], [ -69.766, -30.666 ], [ -69.766, -30.699 ], [ -69.799, -30.699 ], [ -69.799, -30.666 ] ] ], [ [ [ -69.699, -30.699 ], [ -69.733, -30.699 ], [ -69.733, -30.666 ], [ -69.699, -30.666 ], [ -69.699, -30.699 ] ] ], [ [ [ -70.033, -30.699 ], [ -70.066, -30.699 ], [ -70.099, -30.699 ], [ -70.099, -30.666 ], [ -70.066, -30.666 ], [ -70.066, -30.633 ], [ -70.033, -30.633 ], [ -70.033, -30.666 ], [ -70.033, -30.699 ] ] ], [ [ [ -70.233, -30.666 ], [ -70.240, -30.666 ], [ -70.241, -30.665 ], [ -70.243, -30.664 ], [ -70.247, -30.663 ], [ -70.250, -30.660 ], [ -70.249, -30.657 ], [ -70.250, -30.654 ], [ -70.251, -30.651 ], [ -70.250, -30.647 ], [ -70.248, -30.643 ], [ -70.246, -30.638 ], [ -70.246, -30.634 ], [ -70.245, -30.631 ], [ -70.244, -30.630 ], [ -70.240, -30.626 ], [ -70.240, -30.626 ], [ -70.233, -30.633 ], [ -70.233, -30.666 ] ] ], [ [ [ -70.033, -30.633 ], [ -70.033, -30.599 ], [ -69.999, -30.599 ], [ -69.999, -30.633 ], [ -70.033, -30.633 ] ] ], [ [ [ -69.866, -30.566 ], [ -69.866, -30.599 ], [ -69.899, -30.599 ], [ -69.899, -30.566 ], [ -69.866, -30.566 ] ] ], [ [ [ -69.799, -30.666 ], [ -69.833, -30.666 ], [ -69.833, -30.633 ], [ -69.833, -30.599 ], [ -69.833, -30.566 ], [ -69.799, -30.566 ], [ -69.799, -30.599 ], [ -69.799, -30.633 ], [ -69.799, -30.666 ] ] ], [ [ [ -69.666, -30.633 ], [ -69.699, -30.633 ], [ -69.699, -30.599 ], [ -69.699, -30.566 ], [ -69.666, -30.566 ], [ -69.633, -30.566 ], [ -69.633, -30.599 ], [ -69.666, -30.599 ], [ -69.666, -30.633 ] ] ], [ [ [ -69.999, -30.566 ], [ -70.033, -30.566 ], [ -70.033, -30.533 ], [ -69.999, -30.533 ], [ -69.999, -30.566 ] ] ], [ [ [ -70.166, -30.566 ], [ -70.199, -30.566 ], [ -70.206, -30.559 ], [ -70.204, -30.557 ], [ -70.200, -30.554 ], [ -70.196, -30.552 ], [ -70.193, -30.550 ], [ -70.191, -30.548 ], [ -70.192, -30.544 ], [ -70.194, -30.541 ], [ -70.197, -30.539 ], [ -70.195, -30.536 ], [ -70.190, -30.533 ], [ -70.189, -30.526 ], [ -70.185, -30.522 ], [ -70.182, -30.518 ], [ -70.182, -30.517 ], [ -70.166, -30.533 ], [ -70.166, -30.566 ] ] ], [ [ [ -69.966, -30.466 ], [ -69.966, -30.499 ], [ -69.999, -30.499 ], [ -69.999, -30.466 ], [ -69.966, -30.466 ] ] ], [ [ [ -69.966, -30.466 ], [ -69.966, -30.433 ], [ -69.933, -30.433 ], [ -69.933, -30.466 ], [ -69.966, -30.466 ] ] ], [ [ [ -69.833, -30.566 ], [ -69.866, -30.566 ], [ -69.866, -30.533 ], [ -69.899, -30.533 ], [ -69.899, -30.499 ], [ -69.866, -30.499 ], [ -69.866, -30.466 ], [ -69.866, -30.433 ], [ -69.833, -30.433 ], [ -69.833, -30.466 ], [ -69.833, -30.499 ], [ -69.833, -30.533 ], [ -69.833, -30.566 ] ] ], [ [ [ -69.633, -30.433 ], [ -69.633, -30.466 ], [ -69.599, -30.466 ], [ -69.599, -30.499 ], [ -69.633, -30.499 ], [ -69.633, -30.533 ], [ -69.666, -30.533 ], [ -69.666, -30.499 ], [ -69.666, -30.466 ], [ -69.666, -30.433 ], [ -69.633, -30.433 ] ] ], [ [ [ -69.933, -30.359 ], [ -69.933, -30.399 ], [ -69.966, -30.399 ], [ -69.966, -30.384 ], [ -69.966, -30.384 ], [ -69.960, -30.383 ], [ -69.955, -30.385 ], [ -69.950, -30.381 ], [ -69.945, -30.377 ], [ -69.942, -30.372 ], [ -69.939, -30.368 ], [ -69.936, -30.361 ], [ -69.933, -30.359 ] ] ], [ [ [ -70.068, -30.392 ], [ -70.062, -30.394 ], [ -70.058, -30.391 ], [ -70.054, -30.389 ], [ -70.050, -30.388 ], [ -70.047, -30.388 ], [ -70.042, -30.390 ], [ -70.036, -30.390 ], [ -70.033, -30.391 ], [ -70.033, -30.433 ], [ -70.066, -30.433 ], [ -70.099, -30.433 ], [ -70.099, -30.466 ], [ -70.099, -30.499 ], [ -70.133, -30.499 ], [ -70.133, -30.466 ], [ -70.140, -30.459 ], [ -70.136, -30.458 ], [ -70.132, -30.454 ], [ -70.131, -30.450 ], [ -70.127, -30.445 ], [ -70.125, -30.442 ], [ -70.125, -30.437 ], [ -70.121, -30.434 ], [ -70.117, -30.430 ], [ -70.118, -30.424 ], [ -70.121, -30.420 ], [ -70.122, -30.415 ], [ -70.124, -30.411 ], [ -70.125, -30.407 ], [ -70.129, -30.405 ], [ -70.133, -30.403 ], [ -70.133, -30.400 ], [ -70.133, -30.396 ], [ -70.136, -30.392 ], [ -70.136, -30.389 ], [ -70.139, -30.386 ], [ -70.141, -30.383 ], [ -70.142, -30.380 ], [ -70.142, -30.375 ], [ -70.133, -30.366 ], [ -70.133, -30.341 ], [ -70.129, -30.342 ], [ -70.124, -30.345 ], [ -70.119, -30.347 ], [ -70.115, -30.348 ], [ -70.112, -30.350 ], [ -70.109, -30.351 ], [ -70.106, -30.352 ], [ -70.103, -30.355 ], [ -70.102, -30.359 ], [ -70.103, -30.366 ], [ -70.099, -30.368 ], [ -70.094, -30.371 ], [ -70.089, -30.373 ], [ -70.084, -30.373 ], [ -70.079, -30.374 ], [ -70.080, -30.375 ], [ -70.081, -30.378 ], [ -70.077, -30.381 ], [ -70.076, -30.383 ], [ -70.076, -30.387 ], [ -70.074, -30.389 ], [ -70.068, -30.392 ] ] ], [ [ [ -69.799, -30.299 ], [ -69.766, -30.299 ], [ -69.766, -30.333 ], [ -69.799, -30.333 ], [ -69.799, -30.299 ] ] ], [ [ [ -69.666, -30.366 ], [ -69.699, -30.366 ], [ -69.699, -30.333 ], [ -69.699, -30.299 ], [ -69.666, -30.299 ], [ -69.666, -30.333 ], [ -69.666, -30.366 ] ] ], [ [ [ -69.799, -30.299 ], [ -69.833, -30.299 ], [ -69.833, -30.266 ], [ -69.799, -30.266 ], [ -69.799, -30.299 ] ] ], [ [ [ -69.633, -30.266 ], [ -69.666, -30.266 ], [ -69.666, -30.233 ], [ -69.633, -30.233 ], [ -69.633, -30.266 ] ] ], [ [ [ -69.699, -30.199 ], [ -69.699, -30.233 ], [ -69.733, -30.233 ], [ -69.733, -30.199 ], [ -69.699, -30.199 ] ] ], [ [ [ -69.699, -30.199 ], [ -69.699, -30.166 ], [ -69.733, -30.166 ], [ -69.766, -30.166 ], [ -69.766, -30.133 ], [ -69.766, -30.099 ], [ -69.733, -30.099 ], [ -69.699, -30.099 ], [ -69.699, -30.133 ], [ -69.666, -30.133 ], [ -69.666, -30.166 ], [ -69.666, -30.199 ], [ -69.699, -30.199 ] ] ], [ [ [ -69.599, -30.166 ], [ -69.633, -30.166 ], [ -69.633, -30.133 ], [ -69.633, -30.099 ], [ -69.599, -30.099 ], [ -69.599, -30.133 ], [ -69.599, -30.166 ] ] ], [ [ [ -69.733, -29.999 ], [ -69.733, -30.033 ], [ -69.766, -30.033 ], [ -69.766, -29.999 ], [ -69.733, -29.999 ] ] ], [ [ [ -69.733, -29.999 ], [ -69.733, -29.966 ], [ -69.699, -29.966 ], [ -69.699, -29.999 ], [ -69.733, -29.999 ] ] ], [ [ [ -69.599, -30.066 ], [ -69.633, -30.066 ], [ -69.633, -30.033 ], [ -69.633, -29.999 ], [ -69.599, -29.999 ], [ -69.599, -29.966 ], [ -69.566, -29.966 ], [ -69.566, -29.999 ], [ -69.566, -30.033 ], [ -69.599, -30.033 ], [ -69.599, -30.066 ] ] ], [ [ [ -69.866, -30.033 ], [ -69.866, -30.066 ], [ -69.833, -30.066 ], [ -69.833, -30.099 ], [ -69.866, -30.099 ], [ -69.877, -30.110 ], [ -69.879, -30.109 ], [ -69.882, -30.109 ], [ -69.888, -30.109 ], [ -69.892, -30.108 ], [ -69.899, -30.105 ], [ -69.899, -30.105 ], [ -69.899, -30.066 ], [ -69.899, -30.033 ], [ -69.899, -29.999 ], [ -69.866, -29.999 ], [ -69.866, -29.966 ], [ -69.866, -29.933 ], [ -69.866, -29.899 ], [ -69.833, -29.899 ], [ -69.833, -29.933 ], [ -69.833, -29.966 ], [ -69.833, -29.999 ], [ -69.833, -30.033 ], [ -69.866, -30.033 ] ] ], [ [ [ -69.699, -29.966 ], [ -69.699, -29.933 ], [ -69.699, -29.899 ], [ -69.666, -29.899 ], [ -69.666, -29.933 ], [ -69.666, -29.966 ], [ -69.699, -29.966 ] ] ], [ [ [ -69.666, -29.899 ], [ -69.666, -29.866 ], [ -69.633, -29.866 ], [ -69.633, -29.899 ], [ -69.666, -29.899 ] ] ], [ [ [ -69.866, -29.833 ], [ -69.833, -29.833 ], [ -69.833, -29.866 ], [ -69.866, -29.866 ], [ -69.866, -29.833 ] ] ], [ [ [ -69.533, -29.833 ], [ -69.533, -29.866 ], [ -69.533, -29.899 ], [ -69.533, -29.933 ], [ -69.566, -29.933 ], [ -69.566, -29.899 ], [ -69.566, -29.866 ], [ -69.566, -29.833 ], [ -69.533, -29.833 ] ] ], [ [ [ -69.599, -29.833 ], [ -69.633, -29.833 ], [ -69.633, -29.799 ], [ -69.599, -29.799 ], [ -69.599, -29.833 ] ] ], [ [ [ -69.533, -29.833 ], [ -69.533, -29.799 ], [ -69.499, -29.799 ], [ -69.466, -29.799 ], [ -69.466, -29.833 ], [ -69.499, -29.833 ], [ -69.533, -29.833 ] ] ], [ [ [ -69.866, -29.833 ], [ -69.896, -29.833 ], [ -69.896, -29.832 ], [ -69.895, -29.826 ], [ -69.894, -29.822 ], [ -69.895, -29.817 ], [ -69.897, -29.813 ], [ -69.901, -29.810 ], [ -69.907, -29.808 ], [ -69.913, -29.805 ], [ -69.913, -29.800 ], [ -69.911, -29.797 ], [ -69.912, -29.794 ], [ -69.910, -29.790 ], [ -69.905, -29.788 ], [ -69.901, -29.780 ], [ -69.899, -29.774 ], [ -69.896, -29.770 ], [ -69.893, -29.767 ], [ -69.893, -29.766 ], [ -69.866, -29.766 ], [ -69.866, -29.799 ], [ -69.866, -29.833 ] ] ], [ [ [ -69.366, -29.733 ], [ -69.399, -29.733 ], [ -69.399, -29.699 ], [ -69.366, -29.699 ], [ -69.366, -29.733 ] ] ], [ [ [ -69.833, -29.666 ], [ -69.833, -29.699 ], [ -69.799, -29.699 ], [ -69.799, -29.733 ], [ -69.833, -29.733 ], [ -69.866, -29.733 ], [ -69.866, -29.699 ], [ -69.883, -29.699 ], [ -69.886, -29.698 ], [ -69.894, -29.693 ], [ -69.898, -29.693 ], [ -69.902, -29.697 ], [ -69.905, -29.699 ], [ -69.908, -29.698 ], [ -69.910, -29.696 ], [ -69.911, -29.693 ], [ -69.912, -29.690 ], [ -69.915, -29.689 ], [ -69.918, -29.687 ], [ -69.920, -29.684 ], [ -69.921, -29.680 ], [ -69.921, -29.678 ], [ -69.924, -29.672 ], [ -69.927, -29.668 ], [ -69.930, -29.666 ], [ -69.899, -29.666 ], [ -69.866, -29.666 ], [ -69.833, -29.666 ] ] ], [ [ [ -69.699, -29.766 ], [ -69.733, -29.766 ], [ -69.733, -29.733 ], [ -69.699, -29.733 ], [ -69.699, -29.699 ], [ -69.699, -29.666 ], [ -69.666, -29.666 ], [ -69.666, -29.699 ], [ -69.666, -29.733 ], [ -69.666, -29.766 ], [ -69.699, -29.766 ] ] ], [ [ [ -69.566, -29.766 ], [ -69.599, -29.766 ], [ -69.599, -29.733 ], [ -69.566, -29.733 ], [ -69.566, -29.699 ], [ -69.566, -29.666 ], [ -69.533, -29.666 ], [ -69.533, -29.699 ], [ -69.533, -29.733 ], [ -69.533, -29.766 ], [ -69.566, -29.766 ] ] ], [ [ [ -69.833, -29.666 ], [ -69.833, -29.633 ], [ -69.799, -29.633 ], [ -69.799, -29.666 ], [ -69.833, -29.666 ] ] ], [ [ [ -69.033, -29.699 ], [ -69.066, -29.699 ], [ -69.066, -29.666 ], [ -69.066, -29.633 ], [ -69.033, -29.633 ], [ -68.999, -29.633 ], [ -68.999, -29.666 ], [ -68.999, -29.699 ], [ -69.033, -29.699 ] ] ], [ [ [ -69.366, -29.666 ], [ -69.399, -29.666 ], [ -69.399, -29.633 ], [ -69.399, -29.599 ], [ -69.366, -29.599 ], [ -69.366, -29.633 ], [ -69.366, -29.666 ] ] ], [ [ [ -69.499, -29.599 ], [ -69.533, -29.599 ], [ -69.533, -29.566 ], [ -69.499, -29.566 ], [ -69.499, -29.599 ] ] ], [ [ [ -69.733, -29.533 ], [ -69.699, -29.533 ], [ -69.699, -29.566 ], [ -69.733, -29.566 ], [ -69.733, -29.533 ] ] ], [ [ [ -69.433, -29.533 ], [ -69.399, -29.533 ], [ -69.399, -29.566 ], [ -69.433, -29.566 ], [ -69.433, -29.533 ] ] ], [ [ [ -69.733, -29.533 ], [ -69.766, -29.533 ], [ -69.766, -29.566 ], [ -69.799, -29.566 ], [ -69.833, -29.566 ], [ -69.866, -29.566 ], [ -69.899, -29.566 ], [ -69.899, -29.533 ], [ -69.866, -29.533 ], [ -69.866, -29.499 ], [ -69.833, -29.499 ], [ -69.833, -29.533 ], [ -69.799, -29.533 ], [ -69.799, -29.499 ], [ -69.766, -29.499 ], [ -69.733, -29.499 ], [ -69.733, -29.533 ] ] ], [ [ [ -69.033, -29.533 ], [ -69.066, -29.533 ], [ -69.066, -29.499 ], [ -69.033, -29.499 ], [ -69.033, -29.533 ] ] ], [ [ [ -69.933, -29.499 ], [ -69.947, -29.514 ], [ -69.947, -29.513 ], [ -69.948, -29.505 ], [ -69.953, -29.498 ], [ -69.949, -29.494 ], [ -69.948, -29.491 ], [ -69.948, -29.487 ], [ -69.951, -29.482 ], [ -69.955, -29.479 ], [ -69.958, -29.475 ], [ -69.958, -29.471 ], [ -69.955, -29.466 ], [ -69.956, -29.466 ], [ -69.933, -29.466 ], [ -69.933, -29.499 ] ] ], [ [ [ -69.866, -29.499 ], [ -69.899, -29.499 ], [ -69.899, -29.466 ], [ -69.866, -29.466 ], [ -69.866, -29.499 ] ] ], [ [ [ -69.533, -29.499 ], [ -69.566, -29.499 ], [ -69.566, -29.466 ], [ -69.533, -29.466 ], [ -69.533, -29.499 ] ] ], [ [ [ -69.433, -29.533 ], [ -69.466, -29.533 ], [ -69.466, -29.499 ], [ -69.466, -29.466 ], [ -69.433, -29.466 ], [ -69.433, -29.499 ], [ -69.433, -29.533 ] ] ], [ [ [ -69.733, -29.499 ], [ -69.733, -29.466 ], [ -69.733, -29.433 ], [ -69.699, -29.433 ], [ -69.699, -29.466 ], [ -69.699, -29.499 ], [ -69.733, -29.499 ] ] ], [ [ [ -68.966, -29.466 ], [ -68.966, -29.499 ], [ -68.999, -29.499 ], [ -68.999, -29.466 ], [ -69.033, -29.466 ], [ -69.033, -29.433 ], [ -68.999, -29.433 ], [ -68.966, -29.433 ], [ -68.966, -29.466 ] ] ], [ [ [ -69.466, -29.466 ], [ -69.499, -29.466 ], [ -69.499, -29.433 ], [ -69.499, -29.399 ], [ -69.466, -29.399 ], [ -69.466, -29.433 ], [ -69.466, -29.466 ] ] ], [ [ [ -69.699, -29.366 ], [ -69.733, -29.366 ], [ -69.733, -29.333 ], [ -69.699, -29.333 ], [ -69.699, -29.366 ] ] ], [ [ [ -69.966, -29.333 ], [ -70.017, -29.333 ], [ -70.020, -29.330 ], [ -70.020, -29.326 ], [ -70.020, -29.323 ], [ -70.019, -29.322 ], [ -70.014, -29.319 ], [ -70.013, -29.319 ], [ -70.012, -29.319 ], [ -70.012, -29.318 ], [ -70.012, -29.318 ], [ -70.012, -29.317 ], [ -70.011, -29.317 ], [ -70.011, -29.316 ], [ -70.011, -29.315 ], [ -70.010, -29.315 ], [ -70.010, -29.315 ], [ -70.009, -29.315 ], [ -70.008, -29.314 ], [ -70.008, -29.313 ], [ -70.007, -29.313 ], [ -70.006, -29.313 ], [ -70.006, -29.312 ], [ -70.005, -29.312 ], [ -70.005, -29.312 ], [ -70.006, -29.311 ], [ -70.006, -29.310 ], [ -70.005, -29.309 ], [ -70.004, -29.309 ], [ -70.001, -29.309 ], [ -69.998, -29.307 ], [ -69.997, -29.304 ], [ -69.998, -29.300 ], [ -69.998, -29.299 ], [ -69.966, -29.299 ], [ -69.966, -29.333 ] ] ], [ [ [ -69.833, -29.366 ], [ -69.866, -29.366 ], [ -69.866, -29.333 ], [ -69.866, -29.299 ], [ -69.833, -29.299 ], [ -69.833, -29.333 ], [ -69.833, -29.366 ] ] ], [ [ [ -69.733, -29.433 ], [ -69.766, -29.433 ], [ -69.766, -29.466 ], [ -69.799, -29.466 ], [ -69.799, -29.433 ], [ -69.799, -29.399 ], [ -69.799, -29.366 ], [ -69.799, -29.333 ], [ -69.799, -29.299 ], [ -69.799, -29.266 ], [ -69.799, -29.233 ], [ -69.766, -29.233 ], [ -69.766, -29.266 ], [ -69.766, -29.299 ], [ -69.766, -29.333 ], [ -69.766, -29.366 ], [ -69.766, -29.399 ], [ -69.733, -29.399 ], [ -69.733, -29.433 ] ] ], [ [ [ -69.566, -29.299 ], [ -69.599, -29.299 ], [ -69.599, -29.266 ], [ -69.599, -29.233 ], [ -69.566, -29.233 ], [ -69.566, -29.266 ], [ -69.566, -29.299 ] ] ], [ [ [ -69.499, -29.199 ], [ -69.499, -29.233 ], [ -69.499, -29.266 ], [ -69.533, -29.266 ], [ -69.533, -29.233 ], [ -69.533, -29.199 ], [ -69.499, -29.199 ] ] ], [ [ [ -69.933, -29.233 ], [ -69.938, -29.238 ], [ -69.939, -29.236 ], [ -69.940, -29.233 ], [ -69.944, -29.231 ], [ -69.947, -29.228 ], [ -69.949, -29.224 ], [ -69.951, -29.216 ], [ -69.951, -29.215 ], [ -69.950, -29.212 ], [ -69.946, -29.209 ], [ -69.945, -29.206 ], [ -69.945, -29.202 ], [ -69.948, -29.196 ], [ -69.950, -29.192 ], [ -69.951, -29.189 ], [ -69.945, -29.187 ], [ -69.933, -29.199 ], [ -69.933, -29.233 ] ] ], [ [ [ -69.599, -29.199 ], [ -69.633, -29.199 ], [ -69.633, -29.166 ], [ -69.599, -29.166 ], [ -69.566, -29.166 ], [ -69.566, -29.199 ], [ -69.599, -29.199 ] ] ], [ [ [ -69.499, -29.199 ], [ -69.499, -29.166 ], [ -69.466, -29.166 ], [ -69.466, -29.199 ], [ -69.499, -29.199 ] ] ], [ [ [ -67.866, -29.166 ], [ -67.899, -29.166 ], [ -67.899, -29.133 ], [ -67.866, -29.133 ], [ -67.866, -29.166 ] ] ], [ [ [ -69.599, -29.133 ], [ -69.633, -29.133 ], [ -69.633, -29.099 ], [ -69.599, -29.099 ], [ -69.599, -29.133 ] ] ], [ [ [ -68.899, -29.166 ], [ -68.899, -29.199 ], [ -68.933, -29.199 ], [ -68.933, -29.166 ], [ -68.966, -29.166 ], [ -68.966, -29.133 ], [ -68.933, -29.133 ], [ -68.933, -29.099 ], [ -68.933, -29.066 ], [ -68.899, -29.066 ], [ -68.866, -29.066 ], [ -68.866, -29.099 ], [ -68.899, -29.099 ], [ -68.899, -29.133 ], [ -68.899, -29.166 ] ] ], [ [ [ -67.866, -29.099 ], [ -67.899, -29.099 ], [ -67.899, -29.066 ], [ -67.899, -29.033 ], [ -67.866, -29.033 ], [ -67.866, -29.066 ], [ -67.866, -29.099 ] ] ], [ [ [ -67.733, -29.033 ], [ -67.766, -29.033 ], [ -67.766, -28.999 ], [ -67.733, -28.999 ], [ -67.699, -28.999 ], [ -67.699, -29.033 ], [ -67.733, -29.033 ] ] ], [ [ [ -69.699, -28.999 ], [ -69.733, -28.999 ], [ -69.733, -28.966 ], [ -69.733, -28.933 ], [ -69.699, -28.933 ], [ -69.699, -28.966 ], [ -69.699, -28.999 ] ] ], [ [ [ -67.866, -28.966 ], [ -67.899, -28.966 ], [ -67.899, -28.933 ], [ -67.866, -28.933 ], [ -67.866, -28.966 ] ] ], [ [ [ -67.766, -28.966 ], [ -67.799, -28.966 ], [ -67.799, -28.933 ], [ -67.766, -28.933 ], [ -67.733, -28.933 ], [ -67.733, -28.966 ], [ -67.766, -28.966 ] ] ], [ [ [ -69.533, -28.999 ], [ -69.566, -28.999 ], [ -69.566, -28.966 ], [ -69.566, -28.933 ], [ -69.533, -28.933 ], [ -69.533, -28.899 ], [ -69.499, -28.899 ], [ -69.499, -28.933 ], [ -69.499, -28.966 ], [ -69.499, -28.999 ], [ -69.533, -28.999 ] ] ], [ [ [ -67.133, -28.933 ], [ -67.166, -28.933 ], [ -67.166, -28.899 ], [ -67.133, -28.899 ], [ -67.133, -28.933 ] ] ], [ [ [ -69.533, -28.866 ], [ -69.566, -28.866 ], [ -69.566, -28.833 ], [ -69.533, -28.833 ], [ -69.533, -28.866 ] ] ], [ [ [ -69.366, -28.899 ], [ -69.399, -28.899 ], [ -69.399, -28.866 ], [ -69.399, -28.833 ], [ -69.366, -28.833 ], [ -69.333, -28.833 ], [ -69.333, -28.866 ], [ -69.366, -28.866 ], [ -69.366, -28.899 ] ] ], [ [ [ -69.699, -28.833 ], [ -69.699, -28.866 ], [ -69.666, -28.866 ], [ -69.666, -28.899 ], [ -69.699, -28.899 ], [ -69.733, -28.899 ], [ -69.749, -28.884 ], [ -69.745, -28.882 ], [ -69.748, -28.874 ], [ -69.750, -28.868 ], [ -69.744, -28.867 ], [ -69.741, -28.866 ], [ -69.741, -28.861 ], [ -69.744, -28.852 ], [ -69.738, -28.848 ], [ -69.730, -28.846 ], [ -69.727, -28.846 ], [ -69.723, -28.839 ], [ -69.722, -28.834 ], [ -69.719, -28.832 ], [ -69.714, -28.831 ], [ -69.713, -28.824 ], [ -69.713, -28.819 ], [ -69.699, -28.833 ] ] ], [ [ [ -67.799, -28.833 ], [ -67.833, -28.833 ], [ -67.833, -28.799 ], [ -67.799, -28.799 ], [ -67.799, -28.833 ] ] ], [ [ [ -69.633, -28.766 ], [ -69.599, -28.766 ], [ -69.599, -28.799 ], [ -69.633, -28.799 ], [ -69.633, -28.766 ] ] ], [ [ [ -69.633, -28.766 ], [ -69.666, -28.766 ], [ -69.693, -28.766 ], [ -69.695, -28.763 ], [ -69.696, -28.760 ], [ -69.697, -28.756 ], [ -69.698, -28.753 ], [ -69.701, -28.750 ], [ -69.705, -28.748 ], [ -69.709, -28.747 ], [ -69.712, -28.746 ], [ -69.699, -28.733 ], [ -69.699, -28.699 ], [ -69.666, -28.699 ], [ -69.633, -28.699 ], [ -69.633, -28.733 ], [ -69.633, -28.766 ] ] ], [ [ [ -69.433, -28.733 ], [ -69.433, -28.766 ], [ -69.466, -28.766 ], [ -69.499, -28.766 ], [ -69.533, -28.766 ], [ -69.566, -28.766 ], [ -69.599, -28.766 ], [ -69.599, -28.733 ], [ -69.566, -28.733 ], [ -69.533, -28.733 ], [ -69.533, -28.699 ], [ -69.499, -28.699 ], [ -69.466, -28.699 ], [ -69.466, -28.733 ], [ -69.433, -28.733 ] ] ], [ [ [ -69.599, -28.666 ], [ -69.633, -28.666 ], [ -69.633, -28.633 ], [ -69.599, -28.633 ], [ -69.599, -28.666 ] ] ], [ [ [ -69.333, -28.666 ], [ -69.333, -28.699 ], [ -69.333, -28.733 ], [ -69.333, -28.766 ], [ -69.333, -28.799 ], [ -69.366, -28.799 ], [ -69.399, -28.799 ], [ -69.433, -28.799 ], [ -69.433, -28.766 ], [ -69.399, -28.766 ], [ -69.366, -28.766 ], [ -69.366, -28.733 ], [ -69.366, -28.699 ], [ -69.399, -28.699 ], [ -69.399, -28.733 ], [ -69.433, -28.733 ], [ -69.433, -28.699 ], [ -69.433, -28.666 ], [ -69.399, -28.666 ], [ -69.399, -28.633 ], [ -69.366, -28.633 ], [ -69.366, -28.666 ], [ -69.333, -28.666 ] ] ], [ [ [ -69.333, -28.666 ], [ -69.333, -28.633 ], [ -69.299, -28.633 ], [ -69.299, -28.666 ], [ -69.333, -28.666 ] ] ], [ [ [ -69.333, -28.633 ], [ -69.366, -28.633 ], [ -69.366, -28.599 ], [ -69.333, -28.599 ], [ -69.333, -28.633 ] ] ], [ [ [ -69.033, -28.633 ], [ -69.066, -28.633 ], [ -69.066, -28.599 ], [ -69.033, -28.599 ], [ -69.033, -28.633 ] ] ], [ [ [ -67.866, -28.699 ], [ -67.899, -28.699 ], [ -67.899, -28.666 ], [ -67.899, -28.633 ], [ -67.866, -28.633 ], [ -67.866, -28.599 ], [ -67.833, -28.599 ], [ -67.833, -28.633 ], [ -67.833, -28.666 ], [ -67.866, -28.666 ], [ -67.866, -28.699 ] ] ], [ [ [ -69.699, -28.699 ], [ -69.731, -28.699 ], [ -69.731, -28.697 ], [ -69.728, -28.692 ], [ -69.728, -28.689 ], [ -69.729, -28.684 ], [ -69.729, -28.678 ], [ -69.727, -28.674 ], [ -69.724, -28.667 ], [ -69.720, -28.660 ], [ -69.715, -28.655 ], [ -69.710, -28.650 ], [ -69.707, -28.646 ], [ -69.703, -28.642 ], [ -69.702, -28.637 ], [ -69.702, -28.634 ], [ -69.698, -28.629 ], [ -69.700, -28.624 ], [ -69.701, -28.619 ], [ -69.697, -28.612 ], [ -69.696, -28.608 ], [ -69.692, -28.606 ], [ -69.688, -28.603 ], [ -69.691, -28.600 ], [ -69.695, -28.598 ], [ -69.694, -28.596 ], [ -69.690, -28.594 ], [ -69.687, -28.593 ], [ -69.684, -28.591 ], [ -69.676, -28.591 ], [ -69.669, -28.585 ], [ -69.667, -28.582 ], [ -69.668, -28.577 ], [ -69.670, -28.572 ], [ -69.670, -28.569 ], [ -69.669, -28.566 ], [ -69.633, -28.566 ], [ -69.633, -28.533 ], [ -69.633, -28.499 ], [ -69.599, -28.499 ], [ -69.599, -28.533 ], [ -69.566, -28.533 ], [ -69.533, -28.533 ], [ -69.499, -28.533 ], [ -69.499, -28.566 ], [ -69.499, -28.599 ], [ -69.533, -28.599 ], [ -69.533, -28.566 ], [ -69.566, -28.566 ], [ -69.566, -28.599 ], [ -69.599, -28.599 ], [ -69.633, -28.599 ], [ -69.666, -28.599 ], [ -69.666, -28.633 ], [ -69.666, -28.666 ], [ -69.699, -28.666 ], [ -69.699, -28.699 ] ] ], [ [ [ -68.866, -28.499 ], [ -68.866, -28.533 ], [ -68.833, -28.533 ], [ -68.833, -28.566 ], [ -68.833, -28.599 ], [ -68.833, -28.633 ], [ -68.866, -28.633 ], [ -68.866, -28.666 ], [ -68.899, -28.666 ], [ -68.899, -28.633 ], [ -68.899, -28.599 ], [ -68.933, -28.599 ], [ -68.933, -28.566 ], [ -68.899, -28.566 ], [ -68.899, -28.533 ], [ -68.899, -28.499 ], [ -68.866, -28.499 ] ] ], [ [ [ -67.833, -28.566 ], [ -67.866, -28.566 ], [ -67.866, -28.533 ], [ -67.866, -28.499 ], [ -67.833, -28.499 ], [ -67.833, -28.533 ], [ -67.833, -28.566 ] ] ], [ [ [ -69.333, -28.599 ], [ -69.333, -28.566 ], [ -69.299, -28.566 ], [ -69.299, -28.533 ], [ -69.299, -28.499 ], [ -69.299, -28.466 ], [ -69.266, -28.466 ], [ -69.266, -28.499 ], [ -69.233, -28.499 ], [ -69.233, -28.533 ], [ -69.233, -28.566 ], [ -69.266, -28.566 ], [ -69.266, -28.599 ], [ -69.299, -28.599 ], [ -69.333, -28.599 ] ] ], [ [ [ -69.599, -28.499 ], [ -69.599, -28.466 ], [ -69.566, -28.466 ], [ -69.566, -28.433 ], [ -69.533, -28.433 ], [ -69.533, -28.466 ], [ -69.533, -28.499 ], [ -69.566, -28.499 ], [ -69.599, -28.499 ] ] ], [ [ [ -69.566, -28.433 ], [ -69.599, -28.433 ], [ -69.599, -28.399 ], [ -69.566, -28.399 ], [ -69.566, -28.433 ] ] ], [ [ [ -69.566, -28.399 ], [ -69.566, -28.366 ], [ -69.533, -28.366 ], [ -69.499, -28.366 ], [ -69.499, -28.399 ], [ -69.533, -28.399 ], [ -69.566, -28.399 ] ] ], [ [ [ -68.999, -28.399 ], [ -69.033, -28.399 ], [ -69.033, -28.366 ], [ -68.999, -28.366 ], [ -68.999, -28.399 ] ] ], [ [ [ -69.066, -28.299 ], [ -69.066, -28.333 ], [ -69.099, -28.333 ], [ -69.099, -28.299 ], [ -69.066, -28.299 ] ] ], [ [ [ -68.699, -28.266 ], [ -68.666, -28.266 ], [ -68.666, -28.299 ], [ -68.666, -28.333 ], [ -68.699, -28.333 ], [ -68.699, -28.299 ], [ -68.699, -28.266 ] ] ], [ [ [ -69.366, -28.299 ], [ -69.399, -28.299 ], [ -69.399, -28.266 ], [ -69.399, -28.233 ], [ -69.366, -28.233 ], [ -69.333, -28.233 ], [ -69.299, -28.233 ], [ -69.299, -28.266 ], [ -69.333, -28.266 ], [ -69.366, -28.266 ], [ -69.366, -28.299 ] ] ], [ [ [ -68.466, -28.233 ], [ -68.499, -28.233 ], [ -68.499, -28.199 ], [ -68.466, -28.199 ], [ -68.466, -28.233 ] ] ], [ [ [ -69.466, -28.333 ], [ -69.499, -28.333 ], [ -69.499, -28.299 ], [ -69.508, -28.291 ], [ -69.505, -28.288 ], [ -69.502, -28.285 ], [ -69.502, -28.282 ], [ -69.502, -28.279 ], [ -69.504, -28.272 ], [ -69.504, -28.267 ], [ -69.502, -28.262 ], [ -69.497, -28.259 ], [ -69.491, -28.256 ], [ -69.487, -28.253 ], [ -69.484, -28.247 ], [ -69.480, -28.242 ], [ -69.476, -28.238 ], [ -69.476, -28.235 ], [ -69.475, -28.227 ], [ -69.480, -28.223 ], [ -69.477, -28.213 ], [ -69.474, -28.208 ], [ -69.472, -28.207 ], [ -69.470, -28.199 ], [ -69.464, -28.197 ], [ -69.462, -28.192 ], [ -69.462, -28.191 ], [ -69.460, -28.190 ], [ -69.459, -28.188 ], [ -69.459, -28.186 ], [ -69.457, -28.185 ], [ -69.457, -28.184 ], [ -69.456, -28.183 ], [ -69.455, -28.183 ], [ -69.453, -28.184 ], [ -69.452, -28.184 ], [ -69.451, -28.184 ], [ -69.451, -28.185 ], [ -69.447, -28.186 ], [ -69.446, -28.188 ], [ -69.445, -28.189 ], [ -69.440, -28.193 ], [ -69.437, -28.195 ], [ -69.434, -28.196 ], [ -69.433, -28.197 ], [ -69.433, -28.233 ], [ -69.466, -28.233 ], [ -69.466, -28.266 ], [ -69.466, -28.299 ], [ -69.466, -28.333 ] ] ], [ [ [ -68.733, -28.266 ], [ -68.733, -28.299 ], [ -68.733, -28.333 ], [ -68.733, -28.366 ], [ -68.733, -28.399 ], [ -68.733, -28.433 ], [ -68.766, -28.433 ], [ -68.766, -28.399 ], [ -68.766, -28.366 ], [ -68.766, -28.333 ], [ -68.799, -28.333 ], [ -68.799, -28.299 ], [ -68.799, -28.266 ], [ -68.833, -28.266 ], [ -68.833, -28.299 ], [ -68.866, -28.299 ], [ -68.866, -28.333 ], [ -68.899, -28.333 ], [ -68.899, -28.366 ], [ -68.899, -28.399 ], [ -68.866, -28.399 ], [ -68.866, -28.366 ], [ -68.833, -28.366 ], [ -68.833, -28.333 ], [ -68.799, -28.333 ], [ -68.799, -28.366 ], [ -68.799, -28.399 ], [ -68.799, -28.433 ], [ -68.833, -28.433 ], [ -68.866, -28.433 ], [ -68.866, -28.466 ], [ -68.899, -28.466 ], [ -68.933, -28.466 ], [ -68.933, -28.499 ], [ -68.966, -28.499 ], [ -68.966, -28.533 ], [ -68.999, -28.533 ], [ -69.033, -28.533 ], [ -69.033, -28.499 ], [ -68.999, -28.499 ], [ -68.999, -28.466 ], [ -68.999, -28.433 ], [ -68.966, -28.433 ], [ -68.966, -28.399 ], [ -68.966, -28.366 ], [ -68.933, -28.366 ], [ -68.933, -28.333 ], [ -68.966, -28.333 ], [ -68.966, -28.299 ], [ -68.966, -28.266 ], [ -68.999, -28.266 ], [ -69.033, -28.266 ], [ -69.033, -28.299 ], [ -69.066, -28.299 ], [ -69.066, -28.266 ], [ -69.099, -28.266 ], [ -69.133, -28.266 ], [ -69.133, -28.233 ], [ -69.133, -28.199 ], [ -69.099, -28.199 ], [ -69.099, -28.166 ], [ -69.066, -28.166 ], [ -69.033, -28.166 ], [ -68.999, -28.166 ], [ -68.999, -28.133 ], [ -68.966, -28.133 ], [ -68.966, -28.166 ], [ -68.966, -28.199 ], [ -68.933, -28.199 ], [ -68.899, -28.199 ], [ -68.899, -28.166 ], [ -68.866, -28.166 ], [ -68.833, -28.166 ], [ -68.833, -28.199 ], [ -68.866, -28.199 ], [ -68.866, -28.233 ], [ -68.833, -28.233 ], [ -68.799, -28.233 ], [ -68.766, -28.233 ], [ -68.766, -28.266 ], [ -68.733, -28.266 ] ] ], [ [ [ -69.299, -28.166 ], [ -69.299, -28.199 ], [ -69.333, -28.199 ], [ -69.366, -28.199 ], [ -69.382, -28.183 ], [ -69.379, -28.181 ], [ -69.372, -28.182 ], [ -69.363, -28.180 ], [ -69.360, -28.178 ], [ -69.356, -28.176 ], [ -69.352, -28.173 ], [ -69.346, -28.168 ], [ -69.340, -28.167 ], [ -69.335, -28.164 ], [ -69.332, -28.157 ], [ -69.327, -28.155 ], [ -69.327, -28.150 ], [ -69.324, -28.147 ], [ -69.322, -28.142 ], [ -69.317, -28.137 ], [ -69.312, -28.132 ], [ -69.308, -28.128 ], [ -69.308, -28.123 ], [ -69.306, -28.121 ], [ -69.305, -28.115 ], [ -69.302, -28.110 ], [ -69.303, -28.103 ], [ -69.302, -28.099 ], [ -69.266, -28.099 ], [ -69.266, -28.133 ], [ -69.299, -28.133 ], [ -69.299, -28.166 ] ] ], [ [ [ -68.266, -28.066 ], [ -68.233, -28.066 ], [ -68.233, -28.099 ], [ -68.266, -28.099 ], [ -68.266, -28.066 ] ] ], [ [ [ -67.899, -28.166 ], [ -67.933, -28.166 ], [ -67.933, -28.133 ], [ -67.933, -28.099 ], [ -67.933, -28.066 ], [ -67.899, -28.066 ], [ -67.899, -28.099 ], [ -67.899, -28.133 ], [ -67.899, -28.166 ] ] ], [ [ [ -68.699, -28.266 ], [ -68.733, -28.266 ], [ -68.733, -28.233 ], [ -68.733, -28.199 ], [ -68.733, -28.166 ], [ -68.699, -28.166 ], [ -68.666, -28.166 ], [ -68.666, -28.133 ], [ -68.666, -28.099 ], [ -68.666, -28.066 ], [ -68.633, -28.066 ], [ -68.633, -28.033 ], [ -68.599, -28.033 ], [ -68.599, -28.066 ], [ -68.599, -28.099 ], [ -68.633, -28.099 ], [ -68.633, -28.133 ], [ -68.633, -28.166 ], [ -68.633, -28.199 ], [ -68.633, -28.233 ], [ -68.666, -28.233 ], [ -68.699, -28.233 ], [ -68.699, -28.266 ] ] ], [ [ [ -69.099, -28.166 ], [ -69.133, -28.166 ], [ -69.133, -28.133 ], [ -69.133, -28.099 ], [ -69.133, -28.066 ], [ -69.133, -28.033 ], [ -69.099, -28.033 ], [ -69.099, -27.999 ], [ -69.066, -27.999 ], [ -69.066, -28.033 ], [ -69.066, -28.066 ], [ -69.099, -28.066 ], [ -69.099, -28.099 ], [ -69.099, -28.133 ], [ -69.099, -28.166 ] ] ], [ [ [ -68.599, -28.033 ], [ -68.599, -27.999 ], [ -68.566, -27.999 ], [ -68.566, -28.033 ], [ -68.599, -28.033 ] ] ], [ [ [ -68.266, -28.066 ], [ -68.299, -28.066 ], [ -68.299, -28.033 ], [ -68.299, -27.999 ], [ -68.266, -27.999 ], [ -68.266, -28.033 ], [ -68.266, -28.066 ] ] ], [ [ [ -69.099, -27.999 ], [ -69.133, -27.999 ], [ -69.133, -28.033 ], [ -69.166, -28.033 ], [ -69.166, -27.999 ], [ -69.199, -27.999 ], [ -69.199, -28.033 ], [ -69.233, -28.033 ], [ -69.233, -28.066 ], [ -69.266, -28.066 ], [ -69.279, -28.054 ], [ -69.271, -28.051 ], [ -69.263, -28.046 ], [ -69.260, -28.040 ], [ -69.265, -28.033 ], [ -69.266, -28.028 ], [ -69.266, -28.022 ], [ -69.265, -28.016 ], [ -69.267, -28.010 ], [ -69.263, -28.009 ], [ -69.259, -28.010 ], [ -69.255, -28.008 ], [ -69.253, -28.006 ], [ -69.252, -28.003 ], [ -69.251, -27.999 ], [ -69.251, -27.994 ], [ -69.252, -27.991 ], [ -69.249, -27.988 ], [ -69.248, -27.984 ], [ -69.245, -27.982 ], [ -69.239, -27.980 ], [ -69.236, -27.977 ], [ -69.237, -27.974 ], [ -69.238, -27.970 ], [ -69.236, -27.967 ], [ -69.232, -27.968 ], [ -69.225, -27.970 ], [ -69.221, -27.970 ], [ -69.218, -27.969 ], [ -69.214, -27.967 ], [ -69.210, -27.964 ], [ -69.206, -27.964 ], [ -69.203, -27.966 ], [ -69.200, -27.967 ], [ -69.195, -27.968 ], [ -69.189, -27.967 ], [ -69.187, -27.967 ], [ -69.184, -27.969 ], [ -69.182, -27.971 ], [ -69.177, -27.972 ], [ -69.172, -27.970 ], [ -69.172, -27.966 ], [ -69.171, -27.963 ], [ -69.170, -27.962 ], [ -69.166, -27.966 ], [ -69.133, -27.966 ], [ -69.133, -27.933 ], [ -69.099, -27.933 ], [ -69.099, -27.966 ], [ -69.099, -27.999 ] ] ], [ [ [ -68.566, -27.899 ], [ -68.566, -27.933 ], [ -68.566, -27.966 ], [ -68.599, -27.966 ], [ -68.599, -27.933 ], [ -68.633, -27.933 ], [ -68.633, -27.899 ], [ -68.599, -27.899 ], [ -68.566, -27.899 ] ] ], [ [ [ -68.499, -27.899 ], [ -68.533, -27.899 ], [ -68.566, -27.899 ], [ -68.566, -27.866 ], [ -68.533, -27.866 ], [ -68.499, -27.866 ], [ -68.499, -27.899 ] ] ], [ [ [ -69.099, -27.933 ], [ -69.099, -27.899 ], [ -69.066, -27.899 ], [ -69.066, -27.866 ], [ -69.066, -27.833 ], [ -69.033, -27.833 ], [ -68.999, -27.833 ], [ -68.999, -27.866 ], [ -69.033, -27.866 ], [ -69.033, -27.899 ], [ -69.033, -27.933 ], [ -69.066, -27.933 ], [ -69.099, -27.933 ] ] ], [ [ [ -68.499, -27.899 ], [ -68.466, -27.899 ], [ -68.433, -27.899 ], [ -68.399, -27.899 ], [ -68.366, -27.899 ], [ -68.366, -27.866 ], [ -68.399, -27.866 ], [ -68.399, -27.833 ], [ -68.399, -27.799 ], [ -68.366, -27.799 ], [ -68.333, -27.799 ], [ -68.333, -27.833 ], [ -68.333, -27.866 ], [ -68.299, -27.866 ], [ -68.299, -27.833 ], [ -68.266, -27.833 ], [ -68.233, -27.833 ], [ -68.233, -27.866 ], [ -68.199, -27.866 ], [ -68.199, -27.899 ], [ -68.233, -27.899 ], [ -68.233, -27.933 ], [ -68.266, -27.933 ], [ -68.266, -27.899 ], [ -68.299, -27.899 ], [ -68.299, -27.933 ], [ -68.333, -27.933 ], [ -68.333, -27.966 ], [ -68.333, -27.999 ], [ -68.366, -27.999 ], [ -68.366, -27.966 ], [ -68.399, -27.966 ], [ -68.433, -27.966 ], [ -68.433, -27.999 ], [ -68.399, -27.999 ], [ -68.399, -28.033 ], [ -68.399, -28.066 ], [ -68.399, -28.099 ], [ -68.433, -28.099 ], [ -68.433, -28.133 ], [ -68.399, -28.133 ], [ -68.399, -28.166 ], [ -68.433, -28.166 ], [ -68.466, -28.166 ], [ -68.466, -28.133 ], [ -68.466, -28.099 ], [ -68.466, -28.066 ], [ -68.466, -28.033 ], [ -68.466, -27.999 ], [ -68.466, -27.966 ], [ -68.466, -27.933 ], [ -68.499, -27.933 ], [ -68.499, -27.899 ] ] ], [ [ [ -68.333, -27.799 ], [ -68.333, -27.766 ], [ -68.333, -27.733 ], [ -68.299, -27.733 ], [ -68.299, -27.766 ], [ -68.299, -27.799 ], [ -68.333, -27.799 ] ] ], [ [ [ -68.599, -27.699 ], [ -68.599, -27.666 ], [ -68.566, -27.666 ], [ -68.566, -27.699 ], [ -68.599, -27.699 ] ] ], [ [ [ -68.366, -27.699 ], [ -68.366, -27.666 ], [ -68.399, -27.666 ], [ -68.433, -27.666 ], [ -68.433, -27.699 ], [ -68.399, -27.699 ], [ -68.366, -27.699 ], [ -68.366, -27.733 ], [ -68.399, -27.733 ], [ -68.433, -27.733 ], [ -68.433, -27.766 ], [ -68.433, -27.799 ], [ -68.466, -27.799 ], [ -68.466, -27.833 ], [ -68.499, -27.833 ], [ -68.499, -27.799 ], [ -68.499, -27.766 ], [ -68.466, -27.766 ], [ -68.466, -27.733 ], [ -68.466, -27.699 ], [ -68.466, -27.666 ], [ -68.466, -27.633 ], [ -68.466, -27.599 ], [ -68.433, -27.599 ], [ -68.399, -27.599 ], [ -68.366, -27.599 ], [ -68.333, -27.599 ], [ -68.333, -27.633 ], [ -68.333, -27.666 ], [ -68.299, -27.666 ], [ -68.266, -27.666 ], [ -68.266, -27.699 ], [ -68.299, -27.699 ], [ -68.333, -27.699 ], [ -68.366, -27.699 ] ] ], [ [ [ -68.233, -27.633 ], [ -68.266, -27.633 ], [ -68.266, -27.599 ], [ -68.233, -27.599 ], [ -68.233, -27.633 ] ] ], [ [ [ -68.566, -27.533 ], [ -68.533, -27.533 ], [ -68.533, -27.566 ], [ -68.499, -27.566 ], [ -68.499, -27.599 ], [ -68.499, -27.633 ], [ -68.499, -27.666 ], [ -68.499, -27.699 ], [ -68.533, -27.699 ], [ -68.533, -27.666 ], [ -68.533, -27.633 ], [ -68.533, -27.599 ], [ -68.566, -27.599 ], [ -68.566, -27.566 ], [ -68.566, -27.533 ] ] ], [ [ [ -68.199, -27.566 ], [ -68.233, -27.566 ], [ -68.233, -27.533 ], [ -68.199, -27.533 ], [ -68.199, -27.566 ] ] ], [ [ [ -68.333, -27.466 ], [ -68.299, -27.466 ], [ -68.299, -27.499 ], [ -68.333, -27.499 ], [ -68.333, -27.466 ] ] ], [ [ [ -67.333, -27.466 ], [ -67.333, -27.499 ], [ -67.333, -27.533 ], [ -67.366, -27.533 ], [ -67.366, -27.499 ], [ -67.366, -27.466 ], [ -67.333, -27.466 ] ] ], [ [ [ -67.233, -27.499 ], [ -67.266, -27.499 ], [ -67.266, -27.466 ], [ -67.233, -27.466 ], [ -67.233, -27.499 ] ] ], [ [ [ -68.599, -27.699 ], [ -68.599, -27.733 ], [ -68.566, -27.733 ], [ -68.566, -27.766 ], [ -68.599, -27.766 ], [ -68.633, -27.766 ], [ -68.666, -27.766 ], [ -68.666, -27.733 ], [ -68.699, -27.733 ], [ -68.699, -27.699 ], [ -68.699, -27.666 ], [ -68.699, -27.633 ], [ -68.733, -27.633 ], [ -68.766, -27.633 ], [ -68.799, -27.633 ], [ -68.833, -27.633 ], [ -68.866, -27.633 ], [ -68.866, -27.599 ], [ -68.866, -27.566 ], [ -68.866, -27.533 ], [ -68.899, -27.533 ], [ -68.899, -27.499 ], [ -68.899, -27.466 ], [ -68.933, -27.466 ], [ -68.933, -27.440 ], [ -68.932, -27.437 ], [ -68.929, -27.433 ], [ -68.929, -27.433 ], [ -68.899, -27.433 ], [ -68.866, -27.433 ], [ -68.866, -27.466 ], [ -68.833, -27.466 ], [ -68.799, -27.466 ], [ -68.799, -27.499 ], [ -68.766, -27.499 ], [ -68.766, -27.533 ], [ -68.733, -27.533 ], [ -68.733, -27.566 ], [ -68.733, -27.599 ], [ -68.699, -27.599 ], [ -68.699, -27.566 ], [ -68.666, -27.566 ], [ -68.666, -27.599 ], [ -68.666, -27.633 ], [ -68.666, -27.666 ], [ -68.666, -27.699 ], [ -68.633, -27.699 ], [ -68.599, -27.699 ] ] ], [ [ [ -68.566, -27.533 ], [ -68.599, -27.533 ], [ -68.599, -27.499 ], [ -68.633, -27.499 ], [ -68.633, -27.466 ], [ -68.633, -27.433 ], [ -68.599, -27.433 ], [ -68.599, -27.466 ], [ -68.566, -27.466 ], [ -68.566, -27.499 ], [ -68.566, -27.533 ] ] ], [ [ [ -68.233, -27.433 ], [ -68.233, -27.466 ], [ -68.199, -27.466 ], [ -68.199, -27.499 ], [ -68.233, -27.499 ], [ -68.266, -27.499 ], [ -68.266, -27.466 ], [ -68.266, -27.433 ], [ -68.233, -27.433 ] ] ], [ [ [ -68.033, -27.433 ], [ -67.999, -27.433 ], [ -67.999, -27.466 ], [ -67.966, -27.466 ], [ -67.966, -27.499 ], [ -67.999, -27.499 ], [ -67.999, -27.533 ], [ -67.966, -27.533 ], [ -67.966, -27.566 ], [ -67.999, -27.566 ], [ -68.033, -27.566 ], [ -68.066, -27.566 ], [ -68.066, -27.533 ], [ -68.066, -27.499 ], [ -68.066, -27.466 ], [ -68.033, -27.466 ], [ -68.033, -27.433 ] ] ], [ [ [ -67.333, -27.466 ], [ -67.333, -27.433 ], [ -67.299, -27.433 ], [ -67.299, -27.466 ], [ -67.333, -27.466 ] ] ], [ [ [ -68.699, -27.433 ], [ -68.733, -27.433 ], [ -68.733, -27.399 ], [ -68.699, -27.399 ], [ -68.699, -27.433 ] ] ], [ [ [ -68.033, -27.433 ], [ -68.066, -27.433 ], [ -68.066, -27.399 ], [ -68.033, -27.399 ], [ -68.033, -27.433 ] ] ], [ [ [ -67.999, -27.433 ], [ -67.999, -27.399 ], [ -67.966, -27.399 ], [ -67.966, -27.433 ], [ -67.999, -27.433 ] ] ], [ [ [ -68.766, -27.366 ], [ -68.766, -27.399 ], [ -68.799, -27.399 ], [ -68.799, -27.366 ], [ -68.766, -27.366 ] ] ], [ [ [ -68.633, -27.366 ], [ -68.599, -27.366 ], [ -68.599, -27.399 ], [ -68.633, -27.399 ], [ -68.633, -27.366 ] ] ], [ [ [ -67.299, -27.399 ], [ -67.333, -27.399 ], [ -67.333, -27.366 ], [ -67.299, -27.366 ], [ -67.299, -27.399 ] ] ], [ [ [ -68.766, -27.366 ], [ -68.766, -27.333 ], [ -68.733, -27.333 ], [ -68.733, -27.366 ], [ -68.766, -27.366 ] ] ], [ [ [ -68.633, -27.366 ], [ -68.666, -27.366 ], [ -68.666, -27.333 ], [ -68.633, -27.333 ], [ -68.633, -27.366 ] ] ], [ [ [ -67.266, -27.333 ], [ -67.233, -27.333 ], [ -67.233, -27.366 ], [ -67.233, -27.399 ], [ -67.266, -27.399 ], [ -67.266, -27.366 ], [ -67.266, -27.333 ] ] ], [ [ [ -66.233, -27.366 ], [ -66.266, -27.366 ], [ -66.266, -27.333 ], [ -66.233, -27.333 ], [ -66.233, -27.366 ] ] ], [ [ [ -68.266, -27.299 ], [ -68.266, -27.266 ], [ -68.233, -27.266 ], [ -68.233, -27.299 ], [ -68.266, -27.299 ] ] ], [ [ [ -68.199, -27.266 ], [ -68.166, -27.266 ], [ -68.166, -27.299 ], [ -68.199, -27.299 ], [ -68.199, -27.266 ] ] ], [ [ [ -67.999, -27.333 ], [ -67.999, -27.366 ], [ -68.033, -27.366 ], [ -68.033, -27.333 ], [ -68.066, -27.333 ], [ -68.066, -27.299 ], [ -68.066, -27.266 ], [ -68.033, -27.266 ], [ -67.999, -27.266 ], [ -67.999, -27.299 ], [ -67.999, -27.333 ] ] ], [ [ [ -67.933, -27.299 ], [ -67.966, -27.299 ], [ -67.966, -27.266 ], [ -67.933, -27.266 ], [ -67.933, -27.299 ] ] ], [ [ [ -67.266, -27.333 ], [ -67.299, -27.333 ], [ -67.299, -27.299 ], [ -67.299, -27.266 ], [ -67.266, -27.266 ], [ -67.266, -27.299 ], [ -67.266, -27.333 ] ] ], [ [ [ -66.166, -27.299 ], [ -66.199, -27.299 ], [ -66.199, -27.266 ], [ -66.166, -27.266 ], [ -66.166, -27.299 ] ] ], [ [ [ -68.733, -27.233 ], [ -68.733, -27.266 ], [ -68.766, -27.266 ], [ -68.799, -27.266 ], [ -68.799, -27.233 ], [ -68.766, -27.233 ], [ -68.733, -27.233 ] ] ], [ [ [ -68.266, -27.299 ], [ -68.266, -27.333 ], [ -68.299, -27.333 ], [ -68.333, -27.333 ], [ -68.366, -27.333 ], [ -68.366, -27.366 ], [ -68.333, -27.366 ], [ -68.299, -27.366 ], [ -68.266, -27.366 ], [ -68.266, -27.399 ], [ -68.299, -27.399 ], [ -68.333, -27.399 ], [ -68.333, -27.433 ], [ -68.333, -27.466 ], [ -68.366, -27.466 ], [ -68.399, -27.466 ], [ -68.399, -27.433 ], [ -68.399, -27.399 ], [ -68.399, -27.366 ], [ -68.399, -27.333 ], [ -68.399, -27.299 ], [ -68.399, -27.266 ], [ -68.399, -27.233 ], [ -68.366, -27.233 ], [ -68.333, -27.233 ], [ -68.333, -27.266 ], [ -68.299, -27.266 ], [ -68.299, -27.299 ], [ -68.266, -27.299 ] ] ], [ [ [ -66.066, -27.266 ], [ -66.099, -27.266 ], [ -66.099, -27.233 ], [ -66.066, -27.233 ], [ -66.066, -27.266 ] ] ], [ [ [ -68.733, -27.233 ], [ -68.733, -27.199 ], [ -68.699, -27.199 ], [ -68.666, -27.199 ], [ -68.666, -27.233 ], [ -68.666, -27.266 ], [ -68.666, -27.299 ], [ -68.699, -27.299 ], [ -68.699, -27.266 ], [ -68.699, -27.233 ], [ -68.733, -27.233 ] ] ], [ [ [ -68.033, -27.233 ], [ -68.066, -27.233 ], [ -68.066, -27.199 ], [ -68.066, -27.166 ], [ -68.033, -27.166 ], [ -68.033, -27.199 ], [ -68.033, -27.233 ] ] ], [ [ [ -66.099, -27.166 ], [ -66.099, -27.199 ], [ -66.133, -27.199 ], [ -66.133, -27.166 ], [ -66.099, -27.166 ] ] ], [ [ [ -65.999, -27.199 ], [ -66.033, -27.199 ], [ -66.033, -27.166 ], [ -65.999, -27.166 ], [ -65.999, -27.199 ] ] ], [ [ [ -68.199, -27.266 ], [ -68.233, -27.266 ], [ -68.233, -27.233 ], [ -68.266, -27.233 ], [ -68.266, -27.199 ], [ -68.299, -27.199 ], [ -68.299, -27.166 ], [ -68.299, -27.133 ], [ -68.266, -27.133 ], [ -68.233, -27.133 ], [ -68.233, -27.166 ], [ -68.233, -27.199 ], [ -68.199, -27.199 ], [ -68.166, -27.199 ], [ -68.133, -27.199 ], [ -68.133, -27.233 ], [ -68.166, -27.233 ], [ -68.199, -27.233 ], [ -68.199, -27.266 ] ] ], [ [ [ -66.099, -27.166 ], [ -66.099, -27.133 ], [ -66.066, -27.133 ], [ -66.066, -27.166 ], [ -66.099, -27.166 ] ] ], [ [ [ -67.966, -27.099 ], [ -67.933, -27.099 ], [ -67.933, -27.133 ], [ -67.933, -27.166 ], [ -67.966, -27.166 ], [ -67.966, -27.133 ], [ -67.966, -27.099 ] ] ], [ [ [ -66.066, -27.133 ], [ -66.066, -27.099 ], [ -66.033, -27.099 ], [ -66.033, -27.133 ], [ -66.066, -27.133 ] ] ], [ [ [ -66.033, -27.099 ], [ -66.033, -27.066 ], [ -65.999, -27.066 ], [ -65.999, -27.099 ], [ -66.033, -27.099 ] ] ], [ [ [ -68.233, -27.133 ], [ -68.233, -27.099 ], [ -68.233, -27.066 ], [ -68.199, -27.066 ], [ -68.199, -27.033 ], [ -68.166, -27.033 ], [ -68.133, -27.033 ], [ -68.133, -27.066 ], [ -68.166, -27.066 ], [ -68.166, -27.099 ], [ -68.199, -27.099 ], [ -68.199, -27.133 ], [ -68.233, -27.133 ] ] ], [ [ [ -67.966, -27.099 ], [ -67.999, -27.099 ], [ -68.033, -27.099 ], [ -68.033, -27.066 ], [ -67.999, -27.066 ], [ -67.999, -27.033 ], [ -67.966, -27.033 ], [ -67.966, -27.066 ], [ -67.966, -27.099 ] ] ], [ [ [ -67.466, -27.033 ], [ -67.466, -27.066 ], [ -67.499, -27.066 ], [ -67.533, -27.066 ], [ -67.566, -27.066 ], [ -67.566, -27.033 ], [ -67.533, -27.033 ], [ -67.499, -27.033 ], [ -67.466, -27.033 ] ] ], [ [ [ -67.266, -27.099 ], [ -67.299, -27.099 ], [ -67.299, -27.066 ], [ -67.299, -27.033 ], [ -67.266, -27.033 ], [ -67.266, -27.066 ], [ -67.266, -27.099 ] ] ], [ [ [ -68.199, -27.033 ], [ -68.233, -27.033 ], [ -68.233, -26.999 ], [ -68.199, -26.999 ], [ -68.199, -27.033 ] ] ], [ [ [ -67.966, -27.033 ], [ -67.966, -26.999 ], [ -67.933, -26.999 ], [ -67.933, -27.033 ], [ -67.966, -27.033 ] ] ], [ [ [ -65.999, -27.066 ], [ -65.999, -27.033 ], [ -65.966, -27.033 ], [ -65.966, -26.999 ], [ -65.933, -26.999 ], [ -65.933, -27.033 ], [ -65.933, -27.066 ], [ -65.933, -27.099 ], [ -65.933, -27.133 ], [ -65.966, -27.133 ], [ -65.966, -27.099 ], [ -65.966, -27.066 ], [ -65.999, -27.066 ] ] ], [ [ [ -68.233, -26.999 ], [ -68.266, -26.999 ], [ -68.266, -26.966 ], [ -68.233, -26.966 ], [ -68.233, -26.999 ] ] ], [ [ [ -68.233, -26.966 ], [ -68.233, -26.933 ], [ -68.199, -26.933 ], [ -68.199, -26.966 ], [ -68.233, -26.966 ] ] ], [ [ [ -68.066, -26.966 ], [ -68.099, -26.966 ], [ -68.099, -26.933 ], [ -68.066, -26.933 ], [ -68.066, -26.966 ] ] ], [ [ [ -67.333, -26.999 ], [ -67.366, -26.999 ], [ -67.366, -26.966 ], [ -67.366, -26.933 ], [ -67.333, -26.933 ], [ -67.333, -26.966 ], [ -67.333, -26.999 ] ] ], [ [ [ -67.033, -26.966 ], [ -67.066, -26.966 ], [ -67.066, -26.933 ], [ -67.033, -26.933 ], [ -67.033, -26.966 ] ] ], [ [ [ -67.566, -26.899 ], [ -67.566, -26.933 ], [ -67.566, -26.966 ], [ -67.599, -26.966 ], [ -67.599, -26.933 ], [ -67.599, -26.899 ], [ -67.566, -26.899 ] ] ], [ [ [ -68.133, -26.866 ], [ -68.133, -26.899 ], [ -68.166, -26.899 ], [ -68.199, -26.899 ], [ -68.199, -26.866 ], [ -68.166, -26.866 ], [ -68.133, -26.866 ] ] ], [ [ [ -67.999, -27.033 ], [ -68.033, -27.033 ], [ -68.033, -26.999 ], [ -68.033, -26.966 ], [ -68.033, -26.933 ], [ -68.033, -26.899 ], [ -68.066, -26.899 ], [ -68.066, -26.866 ], [ -68.033, -26.866 ], [ -67.999, -26.866 ], [ -67.999, -26.899 ], [ -67.999, -26.933 ], [ -67.999, -26.966 ], [ -67.999, -26.999 ], [ -67.999, -27.033 ] ] ], [ [ [ -67.933, -26.899 ], [ -67.966, -26.899 ], [ -67.966, -26.866 ], [ -67.933, -26.866 ], [ -67.933, -26.899 ] ] ], [ [ [ -67.233, -26.999 ], [ -67.266, -26.999 ], [ -67.266, -26.966 ], [ -67.266, -26.933 ], [ -67.266, -26.899 ], [ -67.233, -26.899 ], [ -67.199, -26.899 ], [ -67.199, -26.866 ], [ -67.166, -26.866 ], [ -67.166, -26.899 ], [ -67.166, -26.933 ], [ -67.199, -26.933 ], [ -67.199, -26.966 ], [ -67.233, -26.966 ], [ -67.233, -26.999 ] ] ], [ [ [ -65.866, -26.966 ], [ -65.866, -26.999 ], [ -65.899, -26.999 ], [ -65.899, -26.966 ], [ -65.933, -26.966 ], [ -65.966, -26.966 ], [ -65.966, -26.933 ], [ -65.933, -26.933 ], [ -65.899, -26.933 ], [ -65.899, -26.899 ], [ -65.866, -26.899 ], [ -65.866, -26.866 ], [ -65.833, -26.866 ], [ -65.833, -26.899 ], [ -65.833, -26.933 ], [ -65.866, -26.933 ], [ -65.866, -26.966 ] ] ], [ [ [ -68.066, -26.866 ], [ -68.099, -26.866 ], [ -68.133, -26.866 ], [ -68.133, -26.833 ], [ -68.099, -26.833 ], [ -68.066, -26.833 ], [ -68.066, -26.866 ] ] ], [ [ [ -67.466, -27.033 ], [ -67.466, -26.999 ], [ -67.466, -26.966 ], [ -67.499, -26.966 ], [ -67.499, -26.933 ], [ -67.499, -26.899 ], [ -67.533, -26.899 ], [ -67.566, -26.899 ], [ -67.566, -26.866 ], [ -67.566, -26.833 ], [ -67.533, -26.833 ], [ -67.499, -26.833 ], [ -67.466, -26.833 ], [ -67.466, -26.866 ], [ -67.433, -26.866 ], [ -67.433, -26.899 ], [ -67.399, -26.899 ], [ -67.399, -26.933 ], [ -67.399, -26.966 ], [ -67.433, -26.966 ], [ -67.433, -26.999 ], [ -67.433, -27.033 ], [ -67.466, -27.033 ] ] ], [ [ [ -66.633, -26.799 ], [ -66.633, -26.833 ], [ -66.633, -26.866 ], [ -66.666, -26.866 ], [ -66.666, -26.833 ], [ -66.666, -26.799 ], [ -66.633, -26.799 ] ] ], [ [ [ -67.899, -26.833 ], [ -67.933, -26.833 ], [ -67.933, -26.799 ], [ -67.933, -26.766 ], [ -67.899, -26.766 ], [ -67.899, -26.799 ], [ -67.899, -26.833 ] ] ], [ [ [ -67.766, -26.799 ], [ -67.766, -26.766 ], [ -67.733, -26.766 ], [ -67.733, -26.799 ], [ -67.766, -26.799 ] ] ], [ [ [ -66.633, -26.799 ], [ -66.633, -26.766 ], [ -66.599, -26.766 ], [ -66.599, -26.799 ], [ -66.633, -26.799 ] ] ], [ [ [ -67.766, -26.799 ], [ -67.766, -26.833 ], [ -67.799, -26.833 ], [ -67.833, -26.833 ], [ -67.866, -26.833 ], [ -67.866, -26.799 ], [ -67.866, -26.766 ], [ -67.866, -26.733 ], [ -67.833, -26.733 ], [ -67.833, -26.766 ], [ -67.799, -26.766 ], [ -67.799, -26.799 ], [ -67.766, -26.799 ] ] ], [ [ [ -66.666, -26.733 ], [ -66.699, -26.733 ], [ -66.699, -26.699 ], [ -66.666, -26.699 ], [ -66.666, -26.733 ] ] ], [ [ [ -68.233, -26.666 ], [ -68.233, -26.699 ], [ -68.199, -26.699 ], [ -68.199, -26.733 ], [ -68.233, -26.733 ], [ -68.266, -26.733 ], [ -68.266, -26.699 ], [ -68.266, -26.666 ], [ -68.233, -26.666 ] ] ], [ [ [ -67.933, -26.666 ], [ -67.933, -26.699 ], [ -67.933, -26.733 ], [ -67.966, -26.733 ], [ -67.966, -26.699 ], [ -67.966, -26.666 ], [ -67.933, -26.666 ] ] ], [ [ [ -67.066, -26.666 ], [ -67.066, -26.699 ], [ -67.099, -26.699 ], [ -67.099, -26.666 ], [ -67.066, -26.666 ] ] ], [ [ [ -68.433, -26.699 ], [ -68.438, -26.705 ], [ -68.447, -26.694 ], [ -68.468, -26.665 ], [ -68.480, -26.647 ], [ -68.466, -26.633 ], [ -68.433, -26.633 ], [ -68.433, -26.666 ], [ -68.433, -26.699 ] ] ], [ [ [ -67.933, -26.666 ], [ -67.933, -26.633 ], [ -67.899, -26.633 ], [ -67.899, -26.666 ], [ -67.933, -26.666 ] ] ], [ [ [ -68.133, -26.633 ], [ -68.133, -26.666 ], [ -68.133, -26.699 ], [ -68.166, -26.699 ], [ -68.166, -26.666 ], [ -68.166, -26.633 ], [ -68.199, -26.633 ], [ -68.233, -26.633 ], [ -68.233, -26.599 ], [ -68.199, -26.599 ], [ -68.166, -26.599 ], [ -68.133, -26.599 ], [ -68.133, -26.633 ] ] ], [ [ [ -68.066, -26.599 ], [ -68.066, -26.633 ], [ -68.033, -26.633 ], [ -68.033, -26.666 ], [ -68.066, -26.666 ], [ -68.099, -26.666 ], [ -68.099, -26.633 ], [ -68.099, -26.599 ], [ -68.066, -26.599 ] ] ], [ [ [ -67.166, -26.599 ], [ -67.166, -26.633 ], [ -67.133, -26.633 ], [ -67.133, -26.666 ], [ -67.166, -26.666 ], [ -67.199, -26.666 ], [ -67.199, -26.633 ], [ -67.199, -26.599 ], [ -67.166, -26.599 ] ] ], [ [ [ -66.599, -26.766 ], [ -66.599, -26.733 ], [ -66.599, -26.699 ], [ -66.566, -26.699 ], [ -66.566, -26.666 ], [ -66.599, -26.666 ], [ -66.599, -26.699 ], [ -66.633, -26.699 ], [ -66.633, -26.666 ], [ -66.633, -26.633 ], [ -66.599, -26.633 ], [ -66.599, -26.599 ], [ -66.566, -26.599 ], [ -66.566, -26.633 ], [ -66.533, -26.633 ], [ -66.533, -26.599 ], [ -66.499, -26.599 ], [ -66.499, -26.633 ], [ -66.499, -26.666 ], [ -66.533, -26.666 ], [ -66.533, -26.699 ], [ -66.533, -26.733 ], [ -66.566, -26.733 ], [ -66.566, -26.766 ], [ -66.599, -26.766 ] ] ], [ [ [ -68.499, -26.599 ], [ -68.507, -26.607 ], [ -68.514, -26.596 ], [ -68.523, -26.580 ], [ -68.534, -26.566 ], [ -68.499, -26.566 ], [ -68.499, -26.599 ] ] ], [ [ [ -68.299, -26.566 ], [ -68.266, -26.566 ], [ -68.266, -26.599 ], [ -68.266, -26.633 ], [ -68.299, -26.633 ], [ -68.299, -26.599 ], [ -68.299, -26.566 ] ] ], [ [ [ -67.799, -26.599 ], [ -67.833, -26.599 ], [ -67.833, -26.566 ], [ -67.799, -26.566 ], [ -67.799, -26.599 ] ] ], [ [ [ -67.166, -26.599 ], [ -67.166, -26.566 ], [ -67.133, -26.566 ], [ -67.133, -26.599 ], [ -67.166, -26.599 ] ] ], [ [ [ -67.066, -26.666 ], [ -67.066, -26.633 ], [ -67.033, -26.633 ], [ -67.033, -26.599 ], [ -67.033, -26.566 ], [ -66.999, -26.566 ], [ -66.999, -26.599 ], [ -66.999, -26.633 ], [ -66.999, -26.666 ], [ -67.033, -26.666 ], [ -67.066, -26.666 ] ] ], [ [ [ -66.499, -26.599 ], [ -66.499, -26.566 ], [ -66.466, -26.566 ], [ -66.433, -26.566 ], [ -66.433, -26.599 ], [ -66.466, -26.599 ], [ -66.499, -26.599 ] ] ], [ [ [ -65.733, -26.599 ], [ -65.733, -26.633 ], [ -65.699, -26.633 ], [ -65.699, -26.666 ], [ -65.699, -26.699 ], [ -65.733, -26.699 ], [ -65.733, -26.666 ], [ -65.766, -26.666 ], [ -65.766, -26.633 ], [ -65.766, -26.599 ], [ -65.766, -26.566 ], [ -65.733, -26.566 ], [ -65.733, -26.599 ] ] ], [ [ [ -66.499, -26.566 ], [ -66.533, -26.566 ], [ -66.533, -26.533 ], [ -66.533, -26.499 ], [ -66.499, -26.499 ], [ -66.466, -26.499 ], [ -66.433, -26.499 ], [ -66.433, -26.533 ], [ -66.466, -26.533 ], [ -66.499, -26.533 ], [ -66.499, -26.566 ] ] ], [ [ [ -67.999, -26.466 ], [ -67.999, -26.499 ], [ -67.999, -26.533 ], [ -67.999, -26.566 ], [ -67.999, -26.599 ], [ -68.033, -26.599 ], [ -68.033, -26.566 ], [ -68.033, -26.533 ], [ -68.033, -26.499 ], [ -68.033, -26.466 ], [ -67.999, -26.466 ] ] ], [ [ [ -67.099, -26.533 ], [ -67.133, -26.533 ], [ -67.133, -26.499 ], [ -67.133, -26.466 ], [ -67.099, -26.466 ], [ -67.099, -26.499 ], [ -67.099, -26.533 ] ] ], [ [ [ -68.299, -26.566 ], [ -68.333, -26.566 ], [ -68.366, -26.566 ], [ -68.399, -26.566 ], [ -68.399, -26.599 ], [ -68.433, -26.599 ], [ -68.433, -26.566 ], [ -68.433, -26.533 ], [ -68.433, -26.499 ], [ -68.399, -26.499 ], [ -68.399, -26.466 ], [ -68.366, -26.466 ], [ -68.333, -26.466 ], [ -68.299, -26.466 ], [ -68.299, -26.433 ], [ -68.266, -26.433 ], [ -68.266, -26.466 ], [ -68.266, -26.499 ], [ -68.266, -26.533 ], [ -68.299, -26.533 ], [ -68.299, -26.566 ] ] ], [ [ [ -67.999, -26.466 ], [ -67.999, -26.433 ], [ -67.966, -26.433 ], [ -67.966, -26.466 ], [ -67.999, -26.466 ] ] ], [ [ [ -66.966, -26.499 ], [ -66.999, -26.499 ], [ -66.999, -26.466 ], [ -66.999, -26.433 ], [ -66.966, -26.433 ], [ -66.966, -26.466 ], [ -66.966, -26.499 ] ] ], [ [ [ -68.533, -26.399 ], [ -68.533, -26.433 ], [ -68.576, -26.433 ], [ -68.571, -26.399 ], [ -68.533, -26.399 ] ] ], [ [ [ -68.199, -26.399 ], [ -68.199, -26.433 ], [ -68.233, -26.433 ], [ -68.233, -26.399 ], [ -68.199, -26.399 ] ] ], [ [ [ -68.199, -26.399 ], [ -68.199, -26.366 ], [ -68.166, -26.366 ], [ -68.166, -26.399 ], [ -68.199, -26.399 ] ] ], [ [ [ -67.899, -26.433 ], [ -67.933, -26.433 ], [ -67.933, -26.399 ], [ -67.933, -26.366 ], [ -67.899, -26.366 ], [ -67.899, -26.399 ], [ -67.899, -26.433 ] ] ], [ [ [ -67.899, -26.433 ], [ -67.866, -26.433 ], [ -67.833, -26.433 ], [ -67.799, -26.433 ], [ -67.799, -26.399 ], [ -67.799, -26.366 ], [ -67.766, -26.366 ], [ -67.766, -26.399 ], [ -67.766, -26.433 ], [ -67.766, -26.466 ], [ -67.799, -26.466 ], [ -67.799, -26.499 ], [ -67.799, -26.533 ], [ -67.833, -26.533 ], [ -67.833, -26.499 ], [ -67.866, -26.499 ], [ -67.899, -26.499 ], [ -67.899, -26.466 ], [ -67.899, -26.433 ] ] ], [ [ [ -66.833, -26.366 ], [ -66.799, -26.366 ], [ -66.799, -26.399 ], [ -66.833, -26.399 ], [ -66.833, -26.366 ] ] ], [ [ [ -66.133, -26.433 ], [ -66.166, -26.433 ], [ -66.166, -26.399 ], [ -66.166, -26.366 ], [ -66.133, -26.366 ], [ -66.133, -26.399 ], [ -66.133, -26.433 ] ] ], [ [ [ -67.066, -26.366 ], [ -67.099, -26.366 ], [ -67.099, -26.333 ], [ -67.066, -26.333 ], [ -67.066, -26.366 ] ] ], [ [ [ -66.533, -26.366 ], [ -66.566, -26.366 ], [ -66.566, -26.333 ], [ -66.533, -26.333 ], [ -66.533, -26.366 ] ] ], [ [ [ -66.333, -26.366 ], [ -66.333, -26.333 ], [ -66.299, -26.333 ], [ -66.299, -26.366 ], [ -66.333, -26.366 ] ] ], [ [ [ -66.833, -26.366 ], [ -66.866, -26.366 ], [ -66.866, -26.333 ], [ -66.899, -26.333 ], [ -66.899, -26.299 ], [ -66.866, -26.299 ], [ -66.833, -26.299 ], [ -66.799, -26.299 ], [ -66.799, -26.333 ], [ -66.833, -26.333 ], [ -66.833, -26.366 ] ] ], [ [ [ -66.333, -26.366 ], [ -66.333, -26.399 ], [ -66.333, -26.433 ], [ -66.366, -26.433 ], [ -66.366, -26.399 ], [ -66.399, -26.399 ], [ -66.399, -26.433 ], [ -66.433, -26.433 ], [ -66.466, -26.433 ], [ -66.466, -26.399 ], [ -66.499, -26.399 ], [ -66.533, -26.399 ], [ -66.533, -26.366 ], [ -66.499, -26.366 ], [ -66.499, -26.333 ], [ -66.533, -26.333 ], [ -66.533, -26.299 ], [ -66.499, -26.299 ], [ -66.466, -26.299 ], [ -66.466, -26.333 ], [ -66.466, -26.366 ], [ -66.433, -26.366 ], [ -66.399, -26.366 ], [ -66.399, -26.333 ], [ -66.399, -26.299 ], [ -66.366, -26.299 ], [ -66.366, -26.333 ], [ -66.366, -26.366 ], [ -66.333, -26.366 ] ] ], [ [ [ -66.299, -26.333 ], [ -66.299, -26.299 ], [ -66.266, -26.299 ], [ -66.266, -26.333 ], [ -66.299, -26.333 ] ] ], [ [ [ -67.766, -26.366 ], [ -67.766, -26.333 ], [ -67.799, -26.333 ], [ -67.799, -26.299 ], [ -67.766, -26.299 ], [ -67.766, -26.266 ], [ -67.733, -26.266 ], [ -67.733, -26.299 ], [ -67.733, -26.333 ], [ -67.733, -26.366 ], [ -67.766, -26.366 ] ] ], [ [ [ -66.466, -26.299 ], [ -66.466, -26.266 ], [ -66.433, -26.266 ], [ -66.433, -26.299 ], [ -66.466, -26.299 ] ] ], [ [ [ -66.299, -26.233 ], [ -66.299, -26.266 ], [ -66.333, -26.266 ], [ -66.333, -26.233 ], [ -66.299, -26.233 ] ] ], [ [ [ -68.533, -26.399 ], [ -68.533, -26.366 ], [ -68.533, -26.333 ], [ -68.533, -26.299 ], [ -68.533, -26.272 ], [ -68.444, -26.222 ], [ -68.433, -26.233 ], [ -68.399, -26.233 ], [ -68.366, -26.233 ], [ -68.366, -26.266 ], [ -68.333, -26.266 ], [ -68.333, -26.299 ], [ -68.366, -26.299 ], [ -68.366, -26.333 ], [ -68.399, -26.333 ], [ -68.433, -26.333 ], [ -68.466, -26.333 ], [ -68.499, -26.333 ], [ -68.499, -26.366 ], [ -68.499, -26.399 ], [ -68.533, -26.399 ] ], [ [ -68.433, -26.299 ], [ -68.433, -26.266 ], [ -68.466, -26.266 ], [ -68.466, -26.299 ], [ -68.433, -26.299 ] ] ], [ [ [ -66.299, -26.233 ], [ -66.299, -26.199 ], [ -66.266, -26.199 ], [ -66.233, -26.199 ], [ -66.233, -26.233 ], [ -66.233, -26.266 ], [ -66.266, -26.266 ], [ -66.266, -26.233 ], [ -66.299, -26.233 ] ] ], [ [ [ -67.199, -26.166 ], [ -67.199, -26.199 ], [ -67.233, -26.199 ], [ -67.233, -26.166 ], [ -67.199, -26.166 ] ] ], [ [ [ -66.233, -26.199 ], [ -66.233, -26.166 ], [ -66.199, -26.166 ], [ -66.199, -26.199 ], [ -66.233, -26.199 ] ] ], [ [ [ -66.466, -26.266 ], [ -66.499, -26.266 ], [ -66.533, -26.266 ], [ -66.533, -26.233 ], [ -66.533, -26.199 ], [ -66.533, -26.166 ], [ -66.499, -26.166 ], [ -66.499, -26.199 ], [ -66.466, -26.199 ], [ -66.466, -26.166 ], [ -66.466, -26.133 ], [ -66.433, -26.133 ], [ -66.433, -26.166 ], [ -66.433, -26.199 ], [ -66.433, -26.233 ], [ -66.466, -26.233 ], [ -66.466, -26.266 ] ] ], [ [ [ -66.133, -26.166 ], [ -66.166, -26.166 ], [ -66.166, -26.133 ], [ -66.133, -26.133 ], [ -66.133, -26.166 ] ] ], [ [ [ -66.233, -26.166 ], [ -66.266, -26.166 ], [ -66.266, -26.133 ], [ -66.266, -26.099 ], [ -66.233, -26.099 ], [ -66.233, -26.133 ], [ -66.233, -26.166 ] ] ], [ [ [ -67.699, -26.133 ], [ -67.699, -26.166 ], [ -67.733, -26.166 ], [ -67.733, -26.133 ], [ -67.766, -26.133 ], [ -67.799, -26.133 ], [ -67.833, -26.133 ], [ -67.866, -26.133 ], [ -67.866, -26.099 ], [ -67.866, -26.066 ], [ -67.833, -26.066 ], [ -67.799, -26.066 ], [ -67.766, -26.066 ], [ -67.733, -26.066 ], [ -67.699, -26.066 ], [ -67.699, -26.099 ], [ -67.699, -26.133 ] ] ], [ [ [ -66.166, -26.099 ], [ -66.199, -26.099 ], [ -66.199, -26.066 ], [ -66.166, -26.066 ], [ -66.166, -26.099 ] ] ], [ [ [ -68.366, -26.066 ], [ -68.402, -26.066 ], [ -68.410, -26.033 ], [ -68.366, -26.033 ], [ -68.366, -26.066 ] ] ], [ [ [ -68.166, -26.366 ], [ -68.166, -26.333 ], [ -68.166, -26.299 ], [ -68.166, -26.266 ], [ -68.166, -26.233 ], [ -68.199, -26.233 ], [ -68.199, -26.199 ], [ -68.166, -26.199 ], [ -68.166, -26.166 ], [ -68.199, -26.166 ], [ -68.233, -26.166 ], [ -68.266, -26.166 ], [ -68.266, -26.133 ], [ -68.299, -26.133 ], [ -68.333, -26.133 ], [ -68.333, -26.099 ], [ -68.366, -26.099 ], [ -68.366, -26.066 ], [ -68.333, -26.066 ], [ -68.299, -26.066 ], [ -68.266, -26.066 ], [ -68.233, -26.066 ], [ -68.233, -26.033 ], [ -68.199, -26.033 ], [ -68.199, -26.066 ], [ -68.166, -26.066 ], [ -68.133, -26.066 ], [ -68.133, -26.099 ], [ -68.133, -26.133 ], [ -68.133, -26.166 ], [ -68.133, -26.199 ], [ -68.133, -26.233 ], [ -68.133, -26.266 ], [ -68.133, -26.299 ], [ -68.133, -26.333 ], [ -68.133, -26.366 ], [ -68.166, -26.366 ] ] ], [ [ [ -67.199, -26.099 ], [ -67.233, -26.099 ], [ -67.233, -26.066 ], [ -67.233, -26.033 ], [ -67.233, -25.999 ], [ -67.199, -25.999 ], [ -67.199, -26.033 ], [ -67.199, -26.066 ], [ -67.199, -26.099 ] ] ], [ [ [ -67.599, -25.966 ], [ -67.599, -25.999 ], [ -67.633, -25.999 ], [ -67.633, -25.966 ], [ -67.599, -25.966 ] ] ], [ [ [ -67.266, -25.966 ], [ -67.299, -25.966 ], [ -67.299, -25.933 ], [ -67.266, -25.933 ], [ -67.266, -25.966 ] ] ], [ [ [ -67.066, -26.066 ], [ -67.066, -26.033 ], [ -67.066, -25.999 ], [ -67.066, -25.966 ], [ -67.066, -25.933 ], [ -67.033, -25.933 ], [ -67.033, -25.966 ], [ -66.999, -25.966 ], [ -66.999, -25.999 ], [ -66.999, -26.033 ], [ -66.966, -26.033 ], [ -66.966, -26.066 ], [ -66.933, -26.066 ], [ -66.933, -26.099 ], [ -66.933, -26.133 ], [ -66.966, -26.133 ], [ -66.966, -26.099 ], [ -66.999, -26.099 ], [ -67.033, -26.099 ], [ -67.033, -26.066 ], [ -67.066, -26.066 ] ] ], [ [ [ -68.233, -25.933 ], [ -68.266, -25.933 ], [ -68.266, -25.899 ], [ -68.233, -25.899 ], [ -68.233, -25.933 ] ] ], [ [ [ -67.033, -25.933 ], [ -67.033, -25.899 ], [ -66.999, -25.899 ], [ -66.999, -25.933 ], [ -67.033, -25.933 ] ] ], [ [ [ -68.399, -25.999 ], [ -68.414, -26.014 ], [ -68.418, -25.998 ], [ -68.433, -25.928 ], [ -68.446, -25.866 ], [ -68.399, -25.866 ], [ -68.399, -25.833 ], [ -68.366, -25.833 ], [ -68.333, -25.833 ], [ -68.333, -25.866 ], [ -68.333, -25.899 ], [ -68.333, -25.933 ], [ -68.333, -25.966 ], [ -68.366, -25.966 ], [ -68.399, -25.966 ], [ -68.399, -25.999 ] ] ], [ [ [ -67.599, -25.966 ], [ -67.599, -25.933 ], [ -67.599, -25.899 ], [ -67.599, -25.866 ], [ -67.599, -25.833 ], [ -67.566, -25.833 ], [ -67.533, -25.833 ], [ -67.533, -25.866 ], [ -67.566, -25.866 ], [ -67.566, -25.899 ], [ -67.566, -25.933 ], [ -67.566, -25.966 ], [ -67.599, -25.966 ] ] ], [ [ [ -67.599, -25.833 ], [ -67.633, -25.833 ], [ -67.633, -25.799 ], [ -67.633, -25.766 ], [ -67.599, -25.766 ], [ -67.599, -25.799 ], [ -67.599, -25.833 ] ] ], [ [ [ -67.499, -25.766 ], [ -67.499, -25.799 ], [ -67.533, -25.799 ], [ -67.533, -25.766 ], [ -67.499, -25.766 ] ] ], [ [ [ -66.633, -25.799 ], [ -66.633, -25.766 ], [ -66.599, -25.766 ], [ -66.599, -25.799 ], [ -66.633, -25.799 ] ] ], [ [ [ -67.333, -25.733 ], [ -67.299, -25.733 ], [ -67.266, -25.733 ], [ -67.266, -25.766 ], [ -67.299, -25.766 ], [ -67.333, -25.766 ], [ -67.333, -25.733 ] ] ], [ [ [ -67.933, -25.699 ], [ -67.899, -25.699 ], [ -67.866, -25.699 ], [ -67.866, -25.733 ], [ -67.899, -25.733 ], [ -67.933, -25.733 ], [ -67.933, -25.699 ] ] ], [ [ [ -67.533, -25.699 ], [ -67.533, -25.733 ], [ -67.566, -25.733 ], [ -67.566, -25.699 ], [ -67.533, -25.699 ] ] ], [ [ [ -67.333, -25.733 ], [ -67.366, -25.733 ], [ -67.366, -25.699 ], [ -67.333, -25.699 ], [ -67.333, -25.733 ] ] ], [ [ [ -66.899, -25.733 ], [ -66.899, -25.699 ], [ -66.866, -25.699 ], [ -66.866, -25.733 ], [ -66.899, -25.733 ] ] ], [ [ [ -66.799, -25.766 ], [ -66.833, -25.766 ], [ -66.833, -25.733 ], [ -66.833, -25.699 ], [ -66.799, -25.699 ], [ -66.799, -25.733 ], [ -66.799, -25.766 ] ] ], [ [ [ -66.633, -25.799 ], [ -66.633, -25.833 ], [ -66.599, -25.833 ], [ -66.566, -25.833 ], [ -66.533, -25.833 ], [ -66.533, -25.866 ], [ -66.566, -25.866 ], [ -66.599, -25.866 ], [ -66.633, -25.866 ], [ -66.633, -25.899 ], [ -66.633, -25.933 ], [ -66.633, -25.966 ], [ -66.633, -25.999 ], [ -66.633, -26.033 ], [ -66.599, -26.033 ], [ -66.599, -25.999 ], [ -66.599, -25.966 ], [ -66.599, -25.933 ], [ -66.566, -25.933 ], [ -66.566, -25.966 ], [ -66.566, -25.999 ], [ -66.566, -26.033 ], [ -66.566, -26.066 ], [ -66.566, -26.099 ], [ -66.566, -26.133 ], [ -66.566, -26.166 ], [ -66.599, -26.166 ], [ -66.599, -26.199 ], [ -66.599, -26.233 ], [ -66.566, -26.233 ], [ -66.566, -26.266 ], [ -66.566, -26.299 ], [ -66.566, -26.333 ], [ -66.599, -26.333 ], [ -66.599, -26.299 ], [ -66.633, -26.299 ], [ -66.666, -26.299 ], [ -66.699, -26.299 ], [ -66.699, -26.266 ], [ -66.733, -26.266 ], [ -66.733, -26.299 ], [ -66.766, -26.299 ], [ -66.766, -26.266 ], [ -66.766, -26.233 ], [ -66.766, -26.199 ], [ -66.799, -26.199 ], [ -66.799, -26.233 ], [ -66.833, -26.233 ], [ -66.866, -26.233 ], [ -66.899, -26.233 ], [ -66.933, -26.233 ], [ -66.933, -26.266 ], [ -66.933, -26.299 ], [ -66.933, -26.333 ], [ -66.966, -26.333 ], [ -66.999, -26.333 ], [ -66.999, -26.299 ], [ -66.999, -26.266 ], [ -67.033, -26.266 ], [ -67.033, -26.233 ], [ -67.033, -26.199 ], [ -67.066, -26.199 ], [ -67.066, -26.166 ], [ -67.099, -26.166 ], [ -67.099, -26.199 ], [ -67.066, -26.199 ], [ -67.066, -26.233 ], [ -67.066, -26.266 ], [ -67.033, -26.266 ], [ -67.033, -26.299 ], [ -67.066, -26.299 ], [ -67.099, -26.299 ], [ -67.099, -26.266 ], [ -67.133, -26.266 ], [ -67.133, -26.299 ], [ -67.133, -26.333 ], [ -67.166, -26.333 ], [ -67.199, -26.333 ], [ -67.199, -26.299 ], [ -67.166, -26.299 ], [ -67.166, -26.266 ], [ -67.166, -26.233 ], [ -67.133, -26.233 ], [ -67.133, -26.199 ], [ -67.133, -26.166 ], [ -67.133, -26.133 ], [ -67.166, -26.133 ], [ -67.166, -26.166 ], [ -67.199, -26.166 ], [ -67.199, -26.133 ], [ -67.199, -26.099 ], [ -67.166, -26.099 ], [ -67.133, -26.099 ], [ -67.133, -26.066 ], [ -67.099, -26.066 ], [ -67.066, -26.066 ], [ -67.066, -26.099 ], [ -67.066, -26.133 ], [ -67.033, -26.133 ], [ -66.999, -26.133 ], [ -66.999, -26.166 ], [ -66.966, -26.166 ], [ -66.933, -26.166 ], [ -66.899, -26.166 ], [ -66.866, -26.166 ], [ -66.833, -26.166 ], [ -66.833, -26.133 ], [ -66.799, -26.133 ], [ -66.766, -26.133 ], [ -66.766, -26.099 ], [ -66.766, -26.066 ], [ -66.733, -26.066 ], [ -66.733, -26.033 ], [ -66.766, -26.033 ], [ -66.799, -26.033 ], [ -66.833, -26.033 ], [ -66.833, -25.999 ], [ -66.799, -25.999 ], [ -66.799, -25.966 ], [ -66.766, -25.966 ], [ -66.766, -25.933 ], [ -66.766, -25.899 ], [ -66.766, -25.866 ], [ -66.799, -25.866 ], [ -66.799, -25.833 ], [ -66.799, -25.799 ], [ -66.799, -25.766 ], [ -66.766, -25.766 ], [ -66.766, -25.799 ], [ -66.733, -25.799 ], [ -66.733, -25.833 ], [ -66.733, -25.866 ], [ -66.699, -25.866 ], [ -66.699, -25.899 ], [ -66.699, -25.933 ], [ -66.699, -25.966 ], [ -66.666, -25.966 ], [ -66.666, -25.933 ], [ -66.666, -25.899 ], [ -66.666, -25.866 ], [ -66.666, -25.833 ], [ -66.699, -25.833 ], [ -66.699, -25.799 ], [ -66.699, -25.766 ], [ -66.699, -25.733 ], [ -66.699, -25.699 ], [ -66.666, -25.699 ], [ -66.666, -25.733 ], [ -66.666, -25.766 ], [ -66.666, -25.799 ], [ -66.633, -25.799 ] ], [ [ -66.699, -26.133 ], [ -66.699, -26.166 ], [ -66.666, -26.166 ], [ -66.666, -26.133 ], [ -66.633, -26.133 ], [ -66.599, -26.133 ], [ -66.599, -26.099 ], [ -66.633, -26.099 ], [ -66.633, -26.066 ], [ -66.666, -26.066 ], [ -66.699, -26.066 ], [ -66.699, -26.099 ], [ -66.699, -26.133 ] ] ], [ [ [ -68.433, -25.733 ], [ -68.473, -25.733 ], [ -68.477, -25.711 ], [ -68.466, -25.699 ], [ -68.466, -25.666 ], [ -68.433, -25.666 ], [ -68.433, -25.699 ], [ -68.433, -25.733 ] ] ], [ [ [ -67.499, -25.766 ], [ -67.499, -25.733 ], [ -67.499, -25.699 ], [ -67.533, -25.699 ], [ -67.533, -25.666 ], [ -67.499, -25.666 ], [ -67.466, -25.666 ], [ -67.466, -25.699 ], [ -67.433, -25.699 ], [ -67.399, -25.699 ], [ -67.399, -25.733 ], [ -67.433, -25.733 ], [ -67.433, -25.766 ], [ -67.466, -25.766 ], [ -67.499, -25.766 ] ] ], [ [ [ -67.266, -25.733 ], [ -67.266, -25.699 ], [ -67.266, -25.666 ], [ -67.233, -25.666 ], [ -67.233, -25.699 ], [ -67.233, -25.733 ], [ -67.266, -25.733 ] ] ], [ [ [ -66.666, -25.699 ], [ -66.666, -25.666 ], [ -66.633, -25.666 ], [ -66.633, -25.699 ], [ -66.666, -25.699 ] ] ], [ [ [ -68.499, -25.633 ], [ -68.499, -25.666 ], [ -68.504, -25.671 ], [ -68.508, -25.671 ], [ -68.511, -25.672 ], [ -68.514, -25.668 ], [ -68.515, -25.662 ], [ -68.518, -25.654 ], [ -68.519, -25.650 ], [ -68.518, -25.644 ], [ -68.519, -25.641 ], [ -68.521, -25.641 ], [ -68.526, -25.642 ], [ -68.531, -25.642 ], [ -68.537, -25.640 ], [ -68.541, -25.638 ], [ -68.544, -25.635 ], [ -68.544, -25.633 ], [ -68.499, -25.633 ] ] ], [ [ [ -67.933, -25.699 ], [ -67.966, -25.699 ], [ -67.966, -25.666 ], [ -67.966, -25.633 ], [ -67.933, -25.633 ], [ -67.933, -25.666 ], [ -67.933, -25.699 ] ] ], [ [ [ -67.866, -25.699 ], [ -67.866, -25.666 ], [ -67.866, -25.633 ], [ -67.833, -25.633 ], [ -67.833, -25.666 ], [ -67.833, -25.699 ], [ -67.866, -25.699 ] ] ], [ [ [ -67.466, -25.666 ], [ -67.466, -25.633 ], [ -67.433, -25.633 ], [ -67.433, -25.666 ], [ -67.466, -25.666 ] ] ], [ [ [ -66.633, -25.666 ], [ -66.633, -25.633 ], [ -66.599, -25.633 ], [ -66.599, -25.666 ], [ -66.633, -25.666 ] ] ], [ [ [ -68.166, -25.633 ], [ -68.166, -25.666 ], [ -68.166, -25.699 ], [ -68.199, -25.699 ], [ -68.233, -25.699 ], [ -68.233, -25.733 ], [ -68.266, -25.733 ], [ -68.266, -25.699 ], [ -68.266, -25.666 ], [ -68.233, -25.666 ], [ -68.199, -25.666 ], [ -68.199, -25.633 ], [ -68.233, -25.633 ], [ -68.266, -25.633 ], [ -68.266, -25.599 ], [ -68.233, -25.599 ], [ -68.199, -25.599 ], [ -68.166, -25.599 ], [ -68.166, -25.633 ] ] ], [ [ [ -67.833, -25.633 ], [ -67.833, -25.599 ], [ -67.799, -25.599 ], [ -67.799, -25.633 ], [ -67.833, -25.633 ] ] ], [ [ [ -67.299, -25.633 ], [ -67.333, -25.633 ], [ -67.333, -25.599 ], [ -67.299, -25.599 ], [ -67.299, -25.633 ] ] ], [ [ [ -67.199, -25.999 ], [ -67.199, -25.966 ], [ -67.233, -25.966 ], [ -67.233, -25.933 ], [ -67.233, -25.899 ], [ -67.233, -25.866 ], [ -67.233, -25.833 ], [ -67.199, -25.833 ], [ -67.199, -25.799 ], [ -67.166, -25.799 ], [ -67.166, -25.766 ], [ -67.133, -25.766 ], [ -67.133, -25.733 ], [ -67.099, -25.733 ], [ -67.099, -25.699 ], [ -67.133, -25.699 ], [ -67.133, -25.666 ], [ -67.099, -25.666 ], [ -67.099, -25.633 ], [ -67.066, -25.633 ], [ -67.066, -25.599 ], [ -67.033, -25.599 ], [ -67.033, -25.633 ], [ -66.999, -25.633 ], [ -66.999, -25.666 ], [ -66.999, -25.699 ], [ -67.033, -25.699 ], [ -67.033, -25.733 ], [ -67.033, -25.766 ], [ -67.066, -25.766 ], [ -67.099, -25.766 ], [ -67.099, -25.799 ], [ -67.099, -25.833 ], [ -67.133, -25.833 ], [ -67.133, -25.866 ], [ -67.133, -25.899 ], [ -67.166, -25.899 ], [ -67.166, -25.933 ], [ -67.166, -25.966 ], [ -67.133, -25.966 ], [ -67.133, -25.999 ], [ -67.166, -25.999 ], [ -67.199, -25.999 ] ] ], [ [ [ -66.899, -25.733 ], [ -66.899, -25.766 ], [ -66.899, -25.799 ], [ -66.899, -25.833 ], [ -66.933, -25.833 ], [ -66.966, -25.833 ], [ -66.966, -25.866 ], [ -66.999, -25.866 ], [ -67.033, -25.866 ], [ -67.033, -25.833 ], [ -66.999, -25.833 ], [ -66.999, -25.799 ], [ -66.966, -25.799 ], [ -66.966, -25.766 ], [ -66.966, -25.733 ], [ -66.966, -25.699 ], [ -66.966, -25.666 ], [ -66.966, -25.633 ], [ -66.966, -25.599 ], [ -66.933, -25.599 ], [ -66.933, -25.633 ], [ -66.933, -25.666 ], [ -66.933, -25.699 ], [ -66.933, -25.733 ], [ -66.899, -25.733 ] ] ], [ [ [ -68.499, -25.566 ], [ -68.499, -25.599 ], [ -68.541, -25.599 ], [ -68.541, -25.599 ], [ -68.540, -25.597 ], [ -68.538, -25.594 ], [ -68.536, -25.590 ], [ -68.534, -25.588 ], [ -68.533, -25.583 ], [ -68.532, -25.581 ], [ -68.529, -25.579 ], [ -68.526, -25.577 ], [ -68.524, -25.574 ], [ -68.522, -25.572 ], [ -68.514, -25.574 ], [ -68.521, -25.570 ], [ -68.524, -25.567 ], [ -68.524, -25.566 ], [ -68.499, -25.566 ] ] ], [ [ [ -67.799, -25.599 ], [ -67.799, -25.566 ], [ -67.766, -25.566 ], [ -67.733, -25.566 ], [ -67.733, -25.599 ], [ -67.766, -25.599 ], [ -67.799, -25.599 ] ] ], [ [ [ -67.133, -25.666 ], [ -67.166, -25.666 ], [ -67.166, -25.699 ], [ -67.199, -25.699 ], [ -67.199, -25.666 ], [ -67.199, -25.633 ], [ -67.166, -25.633 ], [ -67.166, -25.599 ], [ -67.166, -25.566 ], [ -67.199, -25.566 ], [ -67.199, -25.533 ], [ -67.166, -25.533 ], [ -67.133, -25.533 ], [ -67.133, -25.566 ], [ -67.133, -25.599 ], [ -67.133, -25.633 ], [ -67.133, -25.666 ] ] ], [ [ [ -66.966, -25.599 ], [ -66.999, -25.599 ], [ -66.999, -25.566 ], [ -66.999, -25.533 ], [ -66.966, -25.533 ], [ -66.966, -25.566 ], [ -66.966, -25.599 ] ] ], [ [ [ -67.766, -25.499 ], [ -67.733, -25.499 ], [ -67.733, -25.533 ], [ -67.766, -25.533 ], [ -67.766, -25.499 ] ] ], [ [ [ -67.433, -25.633 ], [ -67.433, -25.599 ], [ -67.433, -25.566 ], [ -67.433, -25.533 ], [ -67.433, -25.499 ], [ -67.399, -25.499 ], [ -67.399, -25.533 ], [ -67.399, -25.566 ], [ -67.399, -25.599 ], [ -67.399, -25.633 ], [ -67.433, -25.633 ] ] ], [ [ [ -68.299, -25.499 ], [ -68.333, -25.499 ], [ -68.333, -25.466 ], [ -68.299, -25.466 ], [ -68.299, -25.499 ] ] ], [ [ [ -67.766, -25.499 ], [ -67.799, -25.499 ], [ -67.799, -25.466 ], [ -67.766, -25.466 ], [ -67.766, -25.499 ] ] ], [ [ [ -68.533, -25.433 ], [ -68.533, -25.466 ], [ -68.533, -25.499 ], [ -68.541, -25.508 ], [ -68.541, -25.507 ], [ -68.544, -25.507 ], [ -68.550, -25.506 ], [ -68.555, -25.505 ], [ -68.560, -25.504 ], [ -68.563, -25.503 ], [ -68.566, -25.499 ], [ -68.569, -25.498 ], [ -68.570, -25.494 ], [ -68.571, -25.489 ], [ -68.569, -25.487 ], [ -68.564, -25.483 ], [ -68.561, -25.478 ], [ -68.557, -25.474 ], [ -68.556, -25.470 ], [ -68.555, -25.465 ], [ -68.554, -25.461 ], [ -68.555, -25.457 ], [ -68.558, -25.453 ], [ -68.560, -25.448 ], [ -68.561, -25.443 ], [ -68.565, -25.438 ], [ -68.567, -25.436 ], [ -68.571, -25.434 ], [ -68.572, -25.433 ], [ -68.533, -25.433 ] ] ], [ [ [ -68.099, -25.499 ], [ -68.133, -25.499 ], [ -68.133, -25.466 ], [ -68.133, -25.433 ], [ -68.099, -25.433 ], [ -68.099, -25.466 ], [ -68.099, -25.499 ] ] ], [ [ [ -67.966, -25.499 ], [ -67.966, -25.533 ], [ -67.999, -25.533 ], [ -67.999, -25.566 ], [ -67.999, -25.599 ], [ -68.033, -25.599 ], [ -68.066, -25.599 ], [ -68.066, -25.566 ], [ -68.033, -25.566 ], [ -68.033, -25.533 ], [ -68.033, -25.499 ], [ -68.066, -25.499 ], [ -68.066, -25.466 ], [ -68.066, -25.433 ], [ -68.033, -25.433 ], [ -68.033, -25.466 ], [ -67.999, -25.466 ], [ -67.999, -25.499 ], [ -67.966, -25.499 ] ] ], [ [ [ -68.533, -25.433 ], [ -68.533, -25.399 ], [ -68.499, -25.399 ], [ -68.499, -25.433 ], [ -68.533, -25.433 ] ] ], [ [ [ -68.266, -25.366 ], [ -68.266, -25.399 ], [ -68.233, -25.399 ], [ -68.233, -25.433 ], [ -68.266, -25.433 ], [ -68.299, -25.433 ], [ -68.299, -25.399 ], [ -68.333, -25.399 ], [ -68.333, -25.366 ], [ -68.299, -25.366 ], [ -68.266, -25.366 ] ] ], [ [ [ -68.166, -25.399 ], [ -68.199, -25.399 ], [ -68.199, -25.366 ], [ -68.166, -25.366 ], [ -68.166, -25.399 ] ] ], [ [ [ -67.799, -25.466 ], [ -67.833, -25.466 ], [ -67.833, -25.499 ], [ -67.866, -25.499 ], [ -67.899, -25.499 ], [ -67.933, -25.499 ], [ -67.966, -25.499 ], [ -67.966, -25.466 ], [ -67.966, -25.433 ], [ -67.933, -25.433 ], [ -67.933, -25.466 ], [ -67.899, -25.466 ], [ -67.866, -25.466 ], [ -67.866, -25.433 ], [ -67.833, -25.433 ], [ -67.833, -25.399 ], [ -67.833, -25.366 ], [ -67.799, -25.366 ], [ -67.799, -25.399 ], [ -67.799, -25.433 ], [ -67.799, -25.466 ] ] ], [ [ [ -67.633, -25.399 ], [ -67.666, -25.399 ], [ -67.666, -25.366 ], [ -67.633, -25.366 ], [ -67.599, -25.366 ], [ -67.599, -25.399 ], [ -67.633, -25.399 ] ] ], [ [ [ -66.599, -25.366 ], [ -66.599, -25.399 ], [ -66.633, -25.399 ], [ -66.633, -25.366 ], [ -66.599, -25.366 ] ] ], [ [ [ -68.266, -25.366 ], [ -68.266, -25.333 ], [ -68.233, -25.333 ], [ -68.233, -25.366 ], [ -68.266, -25.366 ] ] ], [ [ [ -66.699, -25.366 ], [ -66.699, -25.399 ], [ -66.699, -25.433 ], [ -66.666, -25.433 ], [ -66.666, -25.466 ], [ -66.699, -25.466 ], [ -66.699, -25.499 ], [ -66.699, -25.533 ], [ -66.733, -25.533 ], [ -66.733, -25.566 ], [ -66.733, -25.599 ], [ -66.733, -25.633 ], [ -66.733, -25.666 ], [ -66.766, -25.666 ], [ -66.766, -25.633 ], [ -66.799, -25.633 ], [ -66.799, -25.599 ], [ -66.799, -25.566 ], [ -66.799, -25.533 ], [ -66.799, -25.499 ], [ -66.766, -25.499 ], [ -66.766, -25.466 ], [ -66.799, -25.466 ], [ -66.799, -25.433 ], [ -66.833, -25.433 ], [ -66.833, -25.399 ], [ -66.799, -25.399 ], [ -66.799, -25.366 ], [ -66.799, -25.333 ], [ -66.766, -25.333 ], [ -66.733, -25.333 ], [ -66.699, -25.333 ], [ -66.699, -25.366 ] ], [ [ -66.766, -25.366 ], [ -66.766, -25.399 ], [ -66.733, -25.399 ], [ -66.733, -25.366 ], [ -66.766, -25.366 ] ] ], [ [ [ -66.599, -25.366 ], [ -66.599, -25.333 ], [ -66.566, -25.333 ], [ -66.566, -25.366 ], [ -66.599, -25.366 ] ] ], [ [ [ -67.533, -25.333 ], [ -67.566, -25.333 ], [ -67.566, -25.299 ], [ -67.533, -25.299 ], [ -67.533, -25.333 ] ] ], [ [ [ -67.633, -25.333 ], [ -67.666, -25.333 ], [ -67.666, -25.299 ], [ -67.666, -25.266 ], [ -67.633, -25.266 ], [ -67.633, -25.299 ], [ -67.633, -25.333 ] ] ], [ [ [ -66.666, -25.266 ], [ -66.633, -25.266 ], [ -66.633, -25.299 ], [ -66.666, -25.299 ], [ -66.666, -25.266 ] ] ], [ [ [ -68.499, -25.399 ], [ -68.499, -25.366 ], [ -68.466, -25.366 ], [ -68.466, -25.333 ], [ -68.499, -25.333 ], [ -68.499, -25.299 ], [ -68.544, -25.299 ], [ -68.545, -25.299 ], [ -68.545, -25.298 ], [ -68.547, -25.291 ], [ -68.547, -25.288 ], [ -68.546, -25.286 ], [ -68.546, -25.282 ], [ -68.546, -25.275 ], [ -68.542, -25.268 ], [ -68.542, -25.266 ], [ -68.499, -25.266 ], [ -68.499, -25.233 ], [ -68.466, -25.233 ], [ -68.466, -25.266 ], [ -68.433, -25.266 ], [ -68.399, -25.266 ], [ -68.399, -25.299 ], [ -68.399, -25.333 ], [ -68.366, -25.333 ], [ -68.366, -25.366 ], [ -68.399, -25.366 ], [ -68.433, -25.366 ], [ -68.433, -25.399 ], [ -68.466, -25.399 ], [ -68.499, -25.399 ] ] ], [ [ [ -68.366, -25.233 ], [ -68.333, -25.233 ], [ -68.299, -25.233 ], [ -68.299, -25.266 ], [ -68.333, -25.266 ], [ -68.366, -25.266 ], [ -68.366, -25.233 ] ] ], [ [ [ -67.899, -25.233 ], [ -67.866, -25.233 ], [ -67.866, -25.266 ], [ -67.899, -25.266 ], [ -67.899, -25.233 ] ] ], [ [ [ -66.866, -25.266 ], [ -66.899, -25.266 ], [ -66.899, -25.233 ], [ -66.866, -25.233 ], [ -66.866, -25.266 ] ] ], [ [ [ -66.666, -25.266 ], [ -66.699, -25.266 ], [ -66.699, -25.233 ], [ -66.666, -25.233 ], [ -66.666, -25.266 ] ] ], [ [ [ -66.633, -25.266 ], [ -66.633, -25.233 ], [ -66.599, -25.233 ], [ -66.599, -25.266 ], [ -66.633, -25.266 ] ] ], [ [ [ -68.366, -25.233 ], [ -68.399, -25.233 ], [ -68.399, -25.199 ], [ -68.366, -25.199 ], [ -68.366, -25.233 ] ] ], [ [ [ -67.899, -25.199 ], [ -67.899, -25.233 ], [ -67.933, -25.233 ], [ -67.966, -25.233 ], [ -67.966, -25.199 ], [ -67.966, -25.166 ], [ -67.933, -25.166 ], [ -67.933, -25.199 ], [ -67.899, -25.199 ] ] ], [ [ [ -67.899, -25.199 ], [ -67.899, -25.166 ], [ -67.866, -25.166 ], [ -67.866, -25.199 ], [ -67.899, -25.199 ] ] ], [ [ [ -66.599, -25.233 ], [ -66.599, -25.199 ], [ -66.566, -25.199 ], [ -66.566, -25.166 ], [ -66.533, -25.166 ], [ -66.499, -25.166 ], [ -66.499, -25.199 ], [ -66.533, -25.199 ], [ -66.533, -25.233 ], [ -66.566, -25.233 ], [ -66.599, -25.233 ] ] ], [ [ [ -68.299, -25.233 ], [ -68.299, -25.199 ], [ -68.299, -25.166 ], [ -68.299, -25.133 ], [ -68.266, -25.133 ], [ -68.266, -25.166 ], [ -68.266, -25.199 ], [ -68.266, -25.233 ], [ -68.299, -25.233 ] ] ], [ [ [ -67.899, -25.166 ], [ -67.933, -25.166 ], [ -67.933, -25.133 ], [ -67.899, -25.133 ], [ -67.899, -25.166 ] ] ], [ [ [ -68.366, -25.199 ], [ -68.366, -25.166 ], [ -68.366, -25.133 ], [ -68.372, -25.127 ], [ -68.342, -25.112 ], [ -68.345, -25.111 ], [ -68.347, -25.110 ], [ -68.347, -25.108 ], [ -68.349, -25.107 ], [ -68.352, -25.105 ], [ -68.354, -25.102 ], [ -68.355, -25.099 ], [ -68.333, -25.099 ], [ -68.333, -25.133 ], [ -68.333, -25.166 ], [ -68.333, -25.199 ], [ -68.366, -25.199 ] ] ], [ [ [ -66.933, -25.099 ], [ -66.933, -25.133 ], [ -66.966, -25.133 ], [ -66.966, -25.099 ], [ -66.933, -25.099 ] ] ], [ [ [ -66.699, -25.233 ], [ -66.733, -25.233 ], [ -66.733, -25.199 ], [ -66.733, -25.166 ], [ -66.733, -25.133 ], [ -66.733, -25.099 ], [ -66.699, -25.099 ], [ -66.666, -25.099 ], [ -66.666, -25.133 ], [ -66.699, -25.133 ], [ -66.699, -25.166 ], [ -66.699, -25.199 ], [ -66.699, -25.233 ] ] ], [ [ [ -68.333, -25.099 ], [ -68.333, -25.066 ], [ -68.299, -25.066 ], [ -68.299, -25.099 ], [ -68.333, -25.099 ] ] ], [ [ [ -66.533, -25.133 ], [ -66.566, -25.133 ], [ -66.566, -25.099 ], [ -66.566, -25.066 ], [ -66.533, -25.066 ], [ -66.533, -25.099 ], [ -66.533, -25.133 ] ] ], [ [ [ -66.399, -25.033 ], [ -66.399, -25.066 ], [ -66.399, -25.099 ], [ -66.433, -25.099 ], [ -66.433, -25.066 ], [ -66.433, -25.033 ], [ -66.399, -25.033 ] ] ], [ [ [ -68.333, -25.066 ], [ -68.371, -25.066 ], [ -68.371, -25.064 ], [ -68.369, -25.059 ], [ -68.366, -25.053 ], [ -68.374, -25.050 ], [ -68.377, -25.044 ], [ -68.378, -25.041 ], [ -68.386, -25.040 ], [ -68.390, -25.038 ], [ -68.397, -25.032 ], [ -68.405, -25.029 ], [ -68.407, -25.024 ], [ -68.408, -25.020 ], [ -68.411, -25.014 ], [ -68.412, -25.008 ], [ -68.414, -25.003 ], [ -68.414, -25.000 ], [ -68.414, -24.999 ], [ -68.366, -24.999 ], [ -68.366, -25.033 ], [ -68.333, -25.033 ], [ -68.333, -25.066 ] ] ], [ [ [ -66.933, -25.099 ], [ -66.933, -25.066 ], [ -66.933, -25.033 ], [ -66.966, -25.033 ], [ -66.966, -24.999 ], [ -66.933, -24.999 ], [ -66.899, -24.999 ], [ -66.899, -25.033 ], [ -66.899, -25.066 ], [ -66.899, -25.099 ], [ -66.933, -25.099 ] ] ], [ [ [ -66.399, -25.033 ], [ -66.399, -24.999 ], [ -66.366, -24.999 ], [ -66.366, -25.033 ], [ -66.399, -25.033 ] ] ], [ [ [ -66.899, -24.999 ], [ -66.899, -24.966 ], [ -66.866, -24.966 ], [ -66.866, -24.999 ], [ -66.899, -24.999 ] ] ], [ [ [ -66.633, -24.966 ], [ -66.633, -24.999 ], [ -66.599, -24.999 ], [ -66.599, -25.033 ], [ -66.633, -25.033 ], [ -66.633, -25.066 ], [ -66.666, -25.066 ], [ -66.666, -25.033 ], [ -66.666, -24.999 ], [ -66.666, -24.966 ], [ -66.633, -24.966 ] ] ], [ [ [ -66.533, -25.033 ], [ -66.566, -25.033 ], [ -66.566, -24.999 ], [ -66.566, -24.966 ], [ -66.533, -24.966 ], [ -66.533, -24.999 ], [ -66.533, -25.033 ] ] ], [ [ [ -66.299, -24.966 ], [ -66.333, -24.966 ], [ -66.333, -24.933 ], [ -66.299, -24.933 ], [ -66.299, -24.966 ] ] ], [ [ [ -68.399, -24.933 ], [ -68.432, -24.933 ], [ -68.432, -24.929 ], [ -68.438, -24.920 ], [ -68.435, -24.915 ], [ -68.431, -24.914 ], [ -68.432, -24.907 ], [ -68.439, -24.906 ], [ -68.439, -24.906 ], [ -68.433, -24.899 ], [ -68.399, -24.899 ], [ -68.399, -24.933 ] ] ], [ [ [ -66.899, -24.899 ], [ -66.899, -24.933 ], [ -66.933, -24.933 ], [ -66.933, -24.899 ], [ -66.899, -24.899 ] ] ], [ [ [ -66.599, -24.933 ], [ -66.633, -24.933 ], [ -66.633, -24.899 ], [ -66.599, -24.899 ], [ -66.566, -24.899 ], [ -66.566, -24.933 ], [ -66.599, -24.933 ] ] ], [ [ [ -66.433, -24.933 ], [ -66.466, -24.933 ], [ -66.466, -24.899 ], [ -66.433, -24.899 ], [ -66.433, -24.933 ] ] ], [ [ [ -66.899, -24.899 ], [ -66.899, -24.866 ], [ -66.866, -24.866 ], [ -66.866, -24.899 ], [ -66.899, -24.899 ] ] ], [ [ [ -66.533, -24.866 ], [ -66.566, -24.866 ], [ -66.566, -24.833 ], [ -66.533, -24.833 ], [ -66.533, -24.866 ] ] ], [ [ [ -66.366, -24.866 ], [ -66.399, -24.866 ], [ -66.399, -24.833 ], [ -66.366, -24.833 ], [ -66.366, -24.866 ] ] ], [ [ [ -68.499, -24.766 ], [ -68.499, -24.799 ], [ -68.499, -24.833 ], [ -68.533, -24.833 ], [ -68.534, -24.834 ], [ -68.534, -24.832 ], [ -68.535, -24.829 ], [ -68.537, -24.823 ], [ -68.543, -24.820 ], [ -68.551, -24.815 ], [ -68.549, -24.808 ], [ -68.553, -24.805 ], [ -68.559, -24.803 ], [ -68.567, -24.797 ], [ -68.566, -24.790 ], [ -68.563, -24.786 ], [ -68.563, -24.779 ], [ -68.562, -24.774 ], [ -68.558, -24.767 ], [ -68.555, -24.759 ], [ -68.551, -24.754 ], [ -68.549, -24.750 ], [ -68.533, -24.766 ], [ -68.499, -24.766 ] ] ], [ [ [ -68.499, -24.766 ], [ -68.499, -24.733 ], [ -68.466, -24.733 ], [ -68.466, -24.766 ], [ -68.499, -24.766 ] ] ], [ [ [ -66.466, -24.733 ], [ -66.466, -24.766 ], [ -66.499, -24.766 ], [ -66.499, -24.733 ], [ -66.466, -24.733 ] ] ], [ [ [ -66.366, -24.733 ], [ -66.366, -24.766 ], [ -66.366, -24.799 ], [ -66.399, -24.799 ], [ -66.399, -24.766 ], [ -66.399, -24.733 ], [ -66.366, -24.733 ] ] ], [ [ [ -66.366, -24.733 ], [ -66.366, -24.699 ], [ -66.333, -24.699 ], [ -66.333, -24.733 ], [ -66.366, -24.733 ] ] ], [ [ [ -68.199, -24.733 ], [ -68.233, -24.733 ], [ -68.233, -24.699 ], [ -68.233, -24.666 ], [ -68.199, -24.666 ], [ -68.199, -24.699 ], [ -68.199, -24.733 ] ] ], [ [ [ -66.466, -24.733 ], [ -66.466, -24.699 ], [ -66.466, -24.666 ], [ -66.433, -24.666 ], [ -66.433, -24.699 ], [ -66.433, -24.733 ], [ -66.466, -24.733 ] ] ], [ [ [ -66.366, -24.699 ], [ -66.399, -24.699 ], [ -66.399, -24.666 ], [ -66.366, -24.666 ], [ -66.366, -24.699 ] ] ], [ [ [ -68.466, -24.633 ], [ -68.433, -24.633 ], [ -68.433, -24.666 ], [ -68.466, -24.666 ], [ -68.466, -24.633 ] ] ], [ [ [ -68.333, -24.633 ], [ -68.366, -24.633 ], [ -68.366, -24.599 ], [ -68.333, -24.599 ], [ -68.333, -24.633 ] ] ], [ [ [ -68.466, -24.633 ], [ -68.499, -24.633 ], [ -68.500, -24.633 ], [ -68.498, -24.623 ], [ -68.501, -24.613 ], [ -68.497, -24.607 ], [ -68.493, -24.598 ], [ -68.488, -24.597 ], [ -68.483, -24.601 ], [ -68.480, -24.609 ], [ -68.474, -24.617 ], [ -68.469, -24.621 ], [ -68.466, -24.621 ], [ -68.466, -24.633 ] ] ], [ [ [ -66.866, -24.633 ], [ -66.899, -24.633 ], [ -66.899, -24.599 ], [ -66.899, -24.566 ], [ -66.866, -24.566 ], [ -66.866, -24.599 ], [ -66.866, -24.633 ] ] ], [ [ [ -66.399, -24.566 ], [ -66.399, -24.599 ], [ -66.433, -24.599 ], [ -66.433, -24.566 ], [ -66.399, -24.566 ] ] ], [ [ [ -66.299, -24.533 ], [ -66.299, -24.566 ], [ -66.299, -24.599 ], [ -66.299, -24.633 ], [ -66.333, -24.633 ], [ -66.333, -24.599 ], [ -66.333, -24.566 ], [ -66.333, -24.533 ], [ -66.299, -24.533 ] ] ], [ [ [ -66.099, -24.599 ], [ -66.133, -24.599 ], [ -66.133, -24.566 ], [ -66.133, -24.533 ], [ -66.099, -24.533 ], [ -66.099, -24.566 ], [ -66.099, -24.599 ] ] ], [ [ [ -67.266, -24.499 ], [ -67.266, -24.533 ], [ -67.299, -24.533 ], [ -67.299, -24.499 ], [ -67.266, -24.499 ] ] ], [ [ [ -66.399, -24.566 ], [ -66.399, -24.533 ], [ -66.399, -24.499 ], [ -66.366, -24.499 ], [ -66.366, -24.533 ], [ -66.366, -24.566 ], [ -66.399, -24.566 ] ] ], [ [ [ -67.266, -24.499 ], [ -67.266, -24.466 ], [ -67.233, -24.466 ], [ -67.233, -24.499 ], [ -67.266, -24.499 ] ] ], [ [ [ -66.899, -24.499 ], [ -66.933, -24.499 ], [ -66.933, -24.466 ], [ -66.899, -24.466 ], [ -66.899, -24.499 ] ] ], [ [ [ -66.166, -24.466 ], [ -66.133, -24.466 ], [ -66.133, -24.499 ], [ -66.166, -24.499 ], [ -66.166, -24.466 ] ] ], [ [ [ -66.166, -24.466 ], [ -66.199, -24.466 ], [ -66.199, -24.433 ], [ -66.166, -24.433 ], [ -66.166, -24.466 ] ] ], [ [ [ -66.133, -24.466 ], [ -66.133, -24.433 ], [ -66.099, -24.433 ], [ -66.099, -24.466 ], [ -66.133, -24.466 ] ] ], [ [ [ -66.733, -24.433 ], [ -66.766, -24.433 ], [ -66.766, -24.399 ], [ -66.733, -24.399 ], [ -66.733, -24.433 ] ] ], [ [ [ -66.199, -24.433 ], [ -66.233, -24.433 ], [ -66.233, -24.466 ], [ -66.233, -24.499 ], [ -66.266, -24.499 ], [ -66.266, -24.533 ], [ -66.299, -24.533 ], [ -66.299, -24.499 ], [ -66.299, -24.466 ], [ -66.299, -24.433 ], [ -66.266, -24.433 ], [ -66.266, -24.399 ], [ -66.233, -24.399 ], [ -66.199, -24.399 ], [ -66.199, -24.433 ] ] ], [ [ [ -68.233, -24.433 ], [ -68.266, -24.433 ], [ -68.267, -24.432 ], [ -68.265, -24.429 ], [ -68.262, -24.424 ], [ -68.260, -24.419 ], [ -68.258, -24.413 ], [ -68.256, -24.406 ], [ -68.254, -24.402 ], [ -68.247, -24.397 ], [ -68.238, -24.393 ], [ -68.233, -24.391 ], [ -68.233, -24.433 ] ] ], [ [ [ -68.066, -24.366 ], [ -68.033, -24.366 ], [ -67.999, -24.366 ], [ -67.999, -24.399 ], [ -67.999, -24.433 ], [ -68.033, -24.433 ], [ -68.066, -24.433 ], [ -68.066, -24.399 ], [ -68.066, -24.366 ] ] ], [ [ [ -66.633, -24.366 ], [ -66.633, -24.399 ], [ -66.666, -24.399 ], [ -66.666, -24.366 ], [ -66.633, -24.366 ] ] ], [ [ [ -65.666, -24.466 ], [ -65.699, -24.466 ], [ -65.699, -24.433 ], [ -65.699, -24.399 ], [ -65.699, -24.366 ], [ -65.666, -24.366 ], [ -65.633, -24.366 ], [ -65.633, -24.399 ], [ -65.633, -24.433 ], [ -65.633, -24.466 ], [ -65.666, -24.466 ] ] ], [ [ [ -66.699, -24.366 ], [ -66.733, -24.366 ], [ -66.733, -24.333 ], [ -66.699, -24.333 ], [ -66.699, -24.366 ] ] ], [ [ [ -66.633, -24.366 ], [ -66.633, -24.333 ], [ -66.599, -24.333 ], [ -66.599, -24.366 ], [ -66.633, -24.366 ] ] ], [ [ [ -66.499, -24.333 ], [ -66.466, -24.333 ], [ -66.466, -24.366 ], [ -66.433, -24.366 ], [ -66.433, -24.399 ], [ -66.433, -24.433 ], [ -66.466, -24.433 ], [ -66.499, -24.433 ], [ -66.499, -24.399 ], [ -66.533, -24.399 ], [ -66.533, -24.366 ], [ -66.499, -24.366 ], [ -66.499, -24.333 ] ] ], [ [ [ -68.066, -24.366 ], [ -68.099, -24.366 ], [ -68.099, -24.339 ], [ -68.085, -24.333 ], [ -68.066, -24.327 ], [ -68.066, -24.366 ] ] ], [ [ [ -66.799, -24.433 ], [ -66.833, -24.433 ], [ -66.833, -24.399 ], [ -66.833, -24.366 ], [ -66.833, -24.333 ], [ -66.833, -24.299 ], [ -66.799, -24.299 ], [ -66.799, -24.333 ], [ -66.799, -24.366 ], [ -66.799, -24.399 ], [ -66.799, -24.433 ] ] ], [ [ [ -66.633, -24.333 ], [ -66.666, -24.333 ], [ -66.666, -24.299 ], [ -66.633, -24.299 ], [ -66.633, -24.333 ] ] ], [ [ [ -66.666, -24.299 ], [ -66.699, -24.299 ], [ -66.699, -24.266 ], [ -66.666, -24.266 ], [ -66.666, -24.299 ] ] ], [ [ [ -66.499, -24.333 ], [ -66.533, -24.333 ], [ -66.566, -24.333 ], [ -66.599, -24.333 ], [ -66.599, -24.299 ], [ -66.599, -24.266 ], [ -66.599, -24.233 ], [ -66.566, -24.233 ], [ -66.533, -24.233 ], [ -66.499, -24.233 ], [ -66.499, -24.266 ], [ -66.533, -24.266 ], [ -66.533, -24.299 ], [ -66.499, -24.299 ], [ -66.499, -24.333 ] ] ], [ [ [ -65.666, -24.266 ], [ -65.699, -24.266 ], [ -65.699, -24.233 ], [ -65.666, -24.233 ], [ -65.666, -24.266 ] ] ], [ [ [ -65.666, -24.266 ], [ -65.633, -24.266 ], [ -65.633, -24.233 ], [ -65.599, -24.233 ], [ -65.599, -24.266 ], [ -65.599, -24.299 ], [ -65.633, -24.299 ], [ -65.633, -24.333 ], [ -65.666, -24.333 ], [ -65.666, -24.299 ], [ -65.666, -24.266 ] ] ], [ [ [ -66.799, -24.266 ], [ -66.833, -24.266 ], [ -66.833, -24.233 ], [ -66.799, -24.233 ], [ -66.799, -24.199 ], [ -66.766, -24.199 ], [ -66.733, -24.199 ], [ -66.699, -24.199 ], [ -66.699, -24.233 ], [ -66.733, -24.233 ], [ -66.766, -24.233 ], [ -66.766, -24.266 ], [ -66.799, -24.266 ] ] ], [ [ [ -66.566, -24.099 ], [ -66.566, -24.133 ], [ -66.599, -24.133 ], [ -66.599, -24.099 ], [ -66.633, -24.099 ], [ -66.633, -24.066 ], [ -66.633, -24.033 ], [ -66.599, -24.033 ], [ -66.566, -24.033 ], [ -66.566, -24.066 ], [ -66.566, -24.099 ] ] ], [ [ [ -66.466, -24.066 ], [ -66.499, -24.066 ], [ -66.499, -24.033 ], [ -66.466, -24.033 ], [ -66.466, -24.066 ] ] ], [ [ [ -65.766, -24.033 ], [ -65.766, -24.066 ], [ -65.766, -24.099 ], [ -65.799, -24.099 ], [ -65.799, -24.066 ], [ -65.799, -24.033 ], [ -65.766, -24.033 ] ] ], [ [ [ -65.766, -24.033 ], [ -65.766, -23.999 ], [ -65.733, -23.999 ], [ -65.733, -24.033 ], [ -65.766, -24.033 ] ] ], [ [ [ -67.299, -24.066 ], [ -67.333, -24.066 ], [ -67.333, -24.038 ], [ -67.323, -24.034 ], [ -67.309, -23.990 ], [ -67.299, -23.999 ], [ -67.299, -24.033 ], [ -67.299, -24.066 ] ] ], [ [ [ -66.966, -22.899 ], [ -66.966, -22.933 ], [ -66.933, -22.933 ], [ -66.933, -22.966 ], [ -66.966, -22.966 ], [ -66.999, -22.966 ], [ -66.999, -22.933 ], [ -66.999, -22.899 ], [ -66.966, -22.899 ] ] ] ] } }
]
}
