{
"type": "FeatureCollection",
                                                                                                                                  
"features": [
{ "type": "Feature", "properties": { "pm_icon": "AR_10b", "hzs": "10b" }, "geometry": { "type": "MultiPolygon", "coordinates": [ [ [ [ -57.125, -35.511 ], [ -57.158, -35.543 ], [ -57.166, -35.553 ], [ -57.185, -35.570 ], [ -57.193, -35.580 ], [ -57.201, -35.587 ], [ -57.213, -35.602 ], [ -57.219, -35.606 ], [ -57.230, -35.622 ], [ -57.238, -35.631 ], [ -57.244, -35.642 ], [ -57.267, -35.669 ], [ -57.279, -35.687 ], [ -57.299, -35.666 ], [ -57.299, -35.633 ], [ -57.333, -35.633 ], [ -57.366, -35.633 ], [ -57.366, -35.599 ], [ -57.399, -35.599 ], [ -57.433, -35.599 ], [ -57.433, -35.566 ], [ -57.466, -35.566 ], [ -57.466, -35.533 ], [ -57.499, -35.533 ], [ -57.499, -35.499 ], [ -57.499, -35.466 ], [ -57.499, -35.433 ], [ -57.499, -35.399 ], [ -57.499, -35.366 ], [ -57.499, -35.333 ], [ -57.499, -35.299 ], [ -57.499, -35.266 ], [ -57.466, -35.266 ], [ -57.466, -35.233 ], [ -57.466, -35.199 ], [ -57.433, -35.199 ], [ -57.433, -35.166 ], [ -57.399, -35.166 ], [ -57.399, -35.133 ], [ -57.366, -35.133 ], [ -57.346, -35.113 ], [ -57.317, -35.136 ], [ -57.311, -35.144 ], [ -57.290, -35.163 ], [ -57.277, -35.179 ], [ -57.262, -35.193 ], [ -57.251, -35.207 ], [ -57.226, -35.227 ], [ -57.205, -35.248 ], [ -57.195, -35.256 ], [ -57.185, -35.276 ], [ -57.173, -35.289 ], [ -57.149, -35.334 ], [ -57.138, -35.345 ], [ -57.116, -35.375 ], [ -57.094, -35.419 ], [ -57.091, -35.441 ], [ -57.092, -35.448 ], [ -57.099, -35.463 ], [ -57.107, -35.475 ], [ -57.111, -35.488 ], [ -57.125, -35.511 ] ] ], [ [ [ -58.433, -34.633 ], [ -58.466, -34.633 ], [ -58.466, -34.599 ], [ -58.466, -34.566 ], [ -58.466, -34.533 ], [ -58.437, -34.504 ], [ -58.437, -34.504 ], [ -58.428, -34.512 ], [ -58.413, -34.520 ], [ -58.403, -34.529 ], [ -58.380, -34.541 ], [ -58.371, -34.543 ], [ -58.363, -34.546 ], [ -58.341, -34.560 ], [ -58.333, -34.567 ], [ -58.329, -34.573 ], [ -58.326, -34.580 ], [ -58.321, -34.585 ], [ -58.310, -34.600 ], [ -58.308, -34.608 ], [ -58.333, -34.633 ], [ -58.366, -34.633 ], [ -58.399, -34.633 ], [ -58.433, -34.633 ] ] ], [ [ [ -66.799, -31.633 ], [ -66.833, -31.633 ], [ -66.833, -31.599 ], [ -66.799, -31.599 ], [ -66.799, -31.633 ] ] ], [ [ [ -66.599, -31.633 ], [ -66.599, -31.666 ], [ -66.633, -31.666 ], [ -66.633, -31.633 ], [ -66.666, -31.633 ], [ -66.666, -31.599 ], [ -66.633, -31.599 ], [ -66.599, -31.599 ], [ -66.566, -31.599 ], [ -66.533, -31.599 ], [ -66.533, -31.633 ], [ -66.566, -31.633 ], [ -66.599, -31.633 ] ] ], [ [ [ -55.951, -28.495 ], [ -55.966, -28.496 ], [ -55.966, -28.466 ], [ -55.933, -28.466 ], [ -55.916, -28.483 ], [ -55.941, -28.492 ], [ -55.951, -28.495 ] ] ], [ [ [ -56.012, -28.508 ], [ -56.018, -28.515 ], [ -56.033, -28.499 ], [ -56.033, -28.466 ], [ -56.033, -28.433 ], [ -55.999, -28.433 ], [ -55.999, -28.466 ], [ -55.999, -28.502 ], [ -56.000, -28.502 ], [ -56.012, -28.508 ] ] ], [ [ [ -55.999, -28.266 ], [ -56.033, -28.266 ], [ -56.033, -28.233 ], [ -55.999, -28.233 ], [ -55.999, -28.266 ] ] ], [ [ [ -56.033, -28.233 ], [ -56.066, -28.233 ], [ -56.066, -28.199 ], [ -56.033, -28.199 ], [ -56.033, -28.233 ] ] ], [ [ [ -55.933, -28.199 ], [ -55.966, -28.199 ], [ -55.966, -28.166 ], [ -55.933, -28.166 ], [ -55.933, -28.199 ] ] ], [ [ [ -56.999, -28.099 ], [ -56.966, -28.099 ], [ -56.966, -28.133 ], [ -56.999, -28.133 ], [ -56.999, -28.099 ] ] ], [ [ [ -58.166, -28.033 ], [ -58.166, -28.066 ], [ -58.199, -28.066 ], [ -58.199, -28.033 ], [ -58.166, -28.033 ] ] ], [ [ [ -55.333, -27.766 ], [ -55.366, -27.766 ], [ -55.366, -27.733 ], [ -55.333, -27.733 ], [ -55.333, -27.766 ] ] ], [ [ [ -55.999, -28.266 ], [ -55.966, -28.266 ], [ -55.966, -28.299 ], [ -55.933, -28.299 ], [ -55.933, -28.266 ], [ -55.933, -28.233 ], [ -55.899, -28.233 ], [ -55.899, -28.266 ], [ -55.899, -28.299 ], [ -55.866, -28.299 ], [ -55.833, -28.299 ], [ -55.833, -28.333 ], [ -55.799, -28.333 ], [ -55.766, -28.333 ], [ -55.733, -28.333 ], [ -55.733, -28.366 ], [ -55.699, -28.366 ], [ -55.699, -28.333 ], [ -55.733, -28.333 ], [ -55.733, -28.299 ], [ -55.766, -28.299 ], [ -55.799, -28.299 ], [ -55.799, -28.266 ], [ -55.833, -28.266 ], [ -55.833, -28.233 ], [ -55.866, -28.233 ], [ -55.866, -28.199 ], [ -55.899, -28.199 ], [ -55.899, -28.166 ], [ -55.899, -28.133 ], [ -55.866, -28.133 ], [ -55.866, -28.166 ], [ -55.833, -28.166 ], [ -55.833, -28.199 ], [ -55.799, -28.199 ], [ -55.799, -28.233 ], [ -55.766, -28.233 ], [ -55.766, -28.199 ], [ -55.799, -28.199 ], [ -55.799, -28.166 ], [ -55.799, -28.133 ], [ -55.833, -28.133 ], [ -55.866, -28.133 ], [ -55.866, -28.099 ], [ -55.899, -28.099 ], [ -55.899, -28.066 ], [ -55.933, -28.066 ], [ -55.966, -28.066 ], [ -55.966, -28.033 ], [ -55.933, -28.033 ], [ -55.933, -27.999 ], [ -55.966, -27.999 ], [ -55.966, -27.966 ], [ -55.933, -27.966 ], [ -55.899, -27.966 ], [ -55.866, -27.966 ], [ -55.866, -27.933 ], [ -55.866, -27.899 ], [ -55.866, -27.866 ], [ -55.866, -27.833 ], [ -55.833, -27.833 ], [ -55.833, -27.866 ], [ -55.799, -27.866 ], [ -55.766, -27.866 ], [ -55.766, -27.899 ], [ -55.766, -27.933 ], [ -55.733, -27.933 ], [ -55.733, -27.899 ], [ -55.699, -27.899 ], [ -55.666, -27.899 ], [ -55.666, -27.866 ], [ -55.666, -27.833 ], [ -55.633, -27.833 ], [ -55.633, -27.866 ], [ -55.633, -27.899 ], [ -55.633, -27.933 ], [ -55.599, -27.933 ], [ -55.599, -27.966 ], [ -55.566, -27.966 ], [ -55.533, -27.966 ], [ -55.533, -27.999 ], [ -55.499, -27.999 ], [ -55.499, -27.966 ], [ -55.499, -27.933 ], [ -55.499, -27.899 ], [ -55.466, -27.899 ], [ -55.433, -27.899 ], [ -55.433, -27.933 ], [ -55.433, -27.966 ], [ -55.399, -27.966 ], [ -55.399, -27.933 ], [ -55.399, -27.899 ], [ -55.399, -27.866 ], [ -55.433, -27.866 ], [ -55.433, -27.833 ], [ -55.399, -27.833 ], [ -55.366, -27.833 ], [ -55.366, -27.866 ], [ -55.333, -27.866 ], [ -55.333, -27.899 ], [ -55.299, -27.899 ], [ -55.299, -27.866 ], [ -55.333, -27.866 ], [ -55.333, -27.833 ], [ -55.333, -27.799 ], [ -55.333, -27.766 ], [ -55.299, -27.766 ], [ -55.299, -27.799 ], [ -55.266, -27.799 ], [ -55.266, -27.833 ], [ -55.233, -27.833 ], [ -55.233, -27.799 ], [ -55.199, -27.799 ], [ -55.199, -27.833 ], [ -55.166, -27.833 ], [ -55.166, -27.799 ], [ -55.166, -27.766 ], [ -55.133, -27.766 ], [ -55.099, -27.766 ], [ -55.066, -27.766 ], [ -55.066, -27.733 ], [ -55.033, -27.733 ], [ -55.033, -27.699 ], [ -54.999, -27.699 ], [ -54.999, -27.733 ], [ -54.966, -27.733 ], [ -54.933, -27.733 ], [ -54.933, -27.699 ], [ -54.933, -27.666 ], [ -54.904, -27.666 ], [ -54.902, -27.697 ], [ -54.902, -27.699 ], [ -54.903, -27.726 ], [ -54.927, -27.751 ], [ -54.929, -27.758 ], [ -54.936, -27.772 ], [ -54.949, -27.778 ], [ -54.96, -27.778 ], [ -54.977, -27.771 ], [ -54.989, -27.773 ], [ -54.994, -27.777 ], [ -54.998, -27.791 ], [ -55.006, -27.796 ], [ -55.012, -27.797 ], [ -55.022, -27.796 ], [ -55.034, -27.785 ], [ -55.045, -27.772 ], [ -55.050, -27.769 ], [ -55.071, -27.772 ], [ -55.081, -27.779 ], [ -55.084, -27.787 ], [ -55.085, -27.792 ], [ -55.085, -27.793 ], [ -55.080, -27.799 ], [ -55.054, -27.814 ], [ -55.035, -27.823 ], [ -55.024, -27.834 ], [ -55.025, -27.849 ], [ -55.035, -27.858 ], [ -55.044, -27.856 ], [ -55.052, -27.853 ], [ -55.081, -27.846 ], [ -55.106, -27.846 ], [ -55.121, -27.853 ], [ -55.126, -27.86 ], [ -55.122, -27.884 ], [ -55.127, -27.893 ], [ -55.133, -27.897 ], [ -55.137, -27.895 ], [ -55.155, -27.881 ], [ -55.169, -27.862 ], [ -55.182, -27.856 ], [ -55.196, -27.856 ], [ -55.205, -27.863 ], [ -55.233, -27.886 ], [ -55.255, -27.920 ], [ -55.265, -27.929 ], [ -55.277, -27.933 ], [ -55.290, -27.930 ], [ -55.304, -27.923 ], [ -55.315, -27.922 ], [ -55.320, -27.923 ], [ -55.327, -27.926 ], [ -55.333, -27.937 ], [ -55.337, -27.966 ], [ -55.343, -27.972 ], [ -55.373, -27.975 ], [ -55.382, -27.979 ], [ -55.387, -27.985 ], [ -55.382, -27.996 ], [ -55.375, -28.0 ], [ -55.367, -28.016 ], [ -55.368, -28.029 ], [ -55.373, -28.035 ], [ -55.410, -28.053 ], [ -55.414, -28.055 ], [ -55.422, -28.060 ], [ -55.429, -28.073 ], [ -55.435, -28.083 ], [ -55.438, -28.086 ], [ -55.442, -28.093 ], [ -55.446, -28.097 ], [ -55.451, -28.099 ], [ -55.457, -28.099 ], [ -55.463, -28.095 ], [ -55.478, -28.080 ], [ -55.489, -28.076 ], [ -55.495, -28.076 ], [ -55.498, -28.079 ], [ -55.501, -28.085 ], [ -55.509, -28.110 ], [ -55.513, -28.114 ], [ -55.518, -28.115 ], [ -55.524, -28.115 ], [ -55.531, -28.116 ], [ -55.537, -28.119 ], [ -55.540, -28.125 ], [ -55.541, -28.136 ], [ -55.543, -28.146 ], [ -55.545, -28.151 ], [ -55.550, -28.158 ], [ -55.555, -28.163 ], [ -55.559, -28.165 ], [ -55.563, -28.164 ], [ -55.568, -28.161 ], [ -55.575, -28.155 ], [ -55.582, -28.151 ], [ -55.587, -28.147 ], [ -55.590, -28.141 ], [ -55.588, -28.136 ], [ -55.584, -28.130 ], [ -55.584, -28.125 ], [ -55.584, -28.120 ], [ -55.589, -28.118 ], [ -55.599, -28.115 ], [ -55.607, -28.116 ], [ -55.611, -28.118 ], [ -55.616, -28.123 ], [ -55.620, -28.131 ], [ -55.622, -28.137 ], [ -55.620, -28.150 ], [ -55.623, -28.163 ], [ -55.627, -28.172 ], [ -55.631, -28.177 ], [ -55.636, -28.179 ], [ -55.644, -28.180 ], [ -55.651, -28.182 ], [ -55.659, -28.186 ], [ -55.666, -28.195 ], [ -55.697, -28.220 ], [ -55.702, -28.223 ], [ -55.709, -28.226 ], [ -55.723, -28.227 ], [ -55.739, -28.231 ], [ -55.750, -28.234 ], [ -55.766, -28.239 ], [ -55.775, -28.244 ], [ -55.780, -28.250 ], [ -55.782, -28.254 ], [ -55.782, -28.255 ], [ -55.782, -28.260 ], [ -55.774, -28.274 ], [ -55.767, -28.277 ], [ -55.747, -28.281 ], [ -55.738, -28.283 ], [ -55.732, -28.286 ], [ -55.722, -28.294 ], [ -55.700, -28.312 ], [ -55.688, -28.318 ], [ -55.678, -28.323 ], [ -55.670, -28.332 ], [ -55.668, -28.337 ], [ -55.668, -28.341 ], [ -55.672, -28.349 ], [ -55.674, -28.359 ], [ -55.679, -28.370 ], [ -55.689, -28.390 ], [ -55.690, -28.398 ], [ -55.689, -28.405 ], [ -55.69, -28.415 ], [ -55.694, -28.422 ], [ -55.699, -28.426 ], [ -55.704, -28.427 ], [ -55.712, -28.425 ], [ -55.717, -28.423 ], [ -55.720, -28.417 ], [ -55.728, -28.390 ], [ -55.733, -28.382 ], [ -55.741, -28.376 ], [ -55.751, -28.370 ], [ -55.761, -28.368 ], [ -55.766, -28.368 ], [ -55.811, -28.366 ], [ -55.822, -28.364 ], [ -55.840, -28.358 ], [ -55.850, -28.356 ], [ -55.857, -28.355 ], [ -55.864, -28.355 ], [ -55.871, -28.357 ], [ -55.877, -28.361 ], [ -55.881, -28.367 ], [ -55.884, -28.374 ], [ -55.887, -28.378 ], [ -55.899, -28.366 ], [ -55.933, -28.366 ], [ -55.933, -28.399 ], [ -55.901, -28.399 ], [ -55.901, -28.402 ], [ -55.903, -28.412 ], [ -55.901, -28.420 ], [ -55.897, -28.427 ], [ -55.893, -28.433 ], [ -55.933, -28.433 ], [ -55.966, -28.433 ], [ -55.966, -28.399 ], [ -55.966, -28.366 ], [ -55.966, -28.333 ], [ -55.999, -28.333 ], [ -55.999, -28.299 ], [ -55.999, -28.266 ] ] ], [ [ [ -55.799, -28.099 ], [ -55.799, -28.066 ], [ -55.799, -28.033 ], [ -55.833, -28.033 ], [ -55.833, -28.066 ], [ -55.833, -28.099 ], [ -55.799, -28.099 ] ] ], [ [ [ -55.633, -27.633 ], [ -55.633, -27.666 ], [ -55.666, -27.666 ], [ -55.666, -27.633 ], [ -55.699, -27.633 ], [ -55.699, -27.599 ], [ -55.666, -27.599 ], [ -55.633, -27.599 ], [ -55.633, -27.633 ] ] ], [ [ [ -54.933, -27.633 ], [ -54.966, -27.633 ], [ -54.966, -27.599 ], [ -54.933, -27.599 ], [ -54.933, -27.633 ] ] ], [ [ [ -55.666, -27.433 ], [ -55.633, -27.433 ], [ -55.633, -27.466 ], [ -55.666, -27.466 ], [ -55.666, -27.433 ] ] ], [ [ [ -54.799, -27.433 ], [ -54.799, -27.466 ], [ -54.766, -27.466 ], [ -54.766, -27.499 ], [ -54.766, -27.533 ], [ -54.766, -27.585 ], [ -54.775, -27.586 ], [ -54.786, -27.576 ], [ -54.794, -27.536 ], [ -54.794, -27.535 ], [ -54.807, -27.53 ], [ -54.814, -27.533 ], [ -54.832, -27.573 ], [ -54.838, -27.6 ], [ -54.839, -27.605 ], [ -54.84, -27.607 ], [ -54.846, -27.618 ], [ -54.85, -27.624 ], [ -54.858, -27.629 ], [ -54.871, -27.627 ], [ -54.885, -27.626 ], [ -54.896, -27.631 ], [ -54.899, -27.633 ], [ -54.899, -27.633 ], [ -54.899, -27.599 ], [ -54.866, -27.599 ], [ -54.866, -27.566 ], [ -54.899, -27.566 ], [ -54.899, -27.533 ], [ -54.899, -27.499 ], [ -54.866, -27.499 ], [ -54.866, -27.533 ], [ -54.833, -27.533 ], [ -54.833, -27.499 ], [ -54.833, -27.466 ], [ -54.833, -27.433 ], [ -54.799, -27.433 ] ] ], [ [ [ -54.666, -27.433 ], [ -54.633, -27.433 ], [ -54.633, -27.466 ], [ -54.633, -27.499 ], [ -54.601, -27.499 ], [ -54.608, -27.511 ], [ -54.615, -27.534 ], [ -54.621, -27.541 ], [ -54.632, -27.546 ], [ -54.643, -27.544 ], [ -54.648, -27.537 ], [ -54.657, -27.511 ], [ -54.664, -27.505 ], [ -54.671, -27.505 ], [ -54.677, -27.508 ], [ -54.678, -27.514 ], [ -54.679, -27.529 ], [ -54.671, -27.558 ], [ -54.671, -27.564 ], [ -54.673, -27.57 ], [ -54.674, -27.571 ], [ -54.676, -27.572 ], [ -54.679, -27.573 ], [ -54.682, -27.574 ], [ -54.685, -27.574 ], [ -54.688, -27.573 ], [ -54.699, -27.570 ], [ -54.699, -27.533 ], [ -54.699, -27.499 ], [ -54.699, -27.466 ], [ -54.666, -27.466 ], [ -54.666, -27.433 ] ] ], [ [ [ -54.666, -27.433 ], [ -54.699, -27.433 ], [ -54.699, -27.399 ], [ -54.666, -27.399 ], [ -54.666, -27.433 ] ] ], [ [ [ -55.599, -27.366 ], [ -55.633, -27.366 ], [ -55.638, -27.361 ], [ -55.618, -27.350 ], [ -55.599, -27.338 ], [ -55.599, -27.366 ] ] ], [ [ [ -54.799, -27.399 ], [ -54.833, -27.399 ], [ -54.833, -27.366 ], [ -54.833, -27.333 ], [ -54.799, -27.333 ], [ -54.799, -27.366 ], [ -54.799, -27.399 ] ] ], [ [ [ -55.533, -27.299 ], [ -55.533, -27.266 ], [ -55.499, -27.266 ], [ -55.466, -27.266 ], [ -55.433, -27.266 ], [ -55.433, -27.299 ], [ -55.433, -27.333 ], [ -55.466, -27.333 ], [ -55.466, -27.366 ], [ -55.433, -27.366 ], [ -55.399, -27.366 ], [ -55.399, -27.399 ], [ -55.433, -27.399 ], [ -55.433, -27.433 ], [ -55.466, -27.433 ], [ -55.466, -27.399 ], [ -55.499, -27.399 ], [ -55.499, -27.366 ], [ -55.499, -27.333 ], [ -55.499, -27.299 ], [ -55.533, -27.299 ] ] ], [ [ [ -54.799, -27.299 ], [ -54.833, -27.299 ], [ -54.833, -27.266 ], [ -54.799, -27.266 ], [ -54.799, -27.299 ] ] ], [ [ [ -54.566, -27.299 ], [ -54.599, -27.299 ], [ -54.599, -27.266 ], [ -54.566, -27.266 ], [ -54.566, -27.299 ] ] ], [ [ [ -55.566, -27.199 ], [ -55.566, -27.233 ], [ -55.533, -27.233 ], [ -55.533, -27.266 ], [ -55.566, -27.266 ], [ -55.566, -27.299 ], [ -55.533, -27.299 ], [ -55.533, -27.333 ], [ -55.566, -27.333 ], [ -55.597, -27.333 ], [ -55.591, -27.318 ], [ -55.600, -27.284 ], [ -55.600, -27.281 ], [ -55.600, -27.280 ], [ -55.600, -27.279 ], [ -55.599, -27.277 ], [ -55.594, -27.274 ], [ -55.591, -27.272 ], [ -55.587, -27.270 ], [ -55.584, -27.268 ], [ -55.581, -27.265 ], [ -55.578, -27.263 ], [ -55.578, -27.262 ], [ -55.577, -27.261 ], [ -55.577, -27.259 ], [ -55.576, -27.256 ], [ -55.575, -27.254 ], [ -55.575, -27.252 ], [ -55.575, -27.250 ], [ -55.577, -27.242 ], [ -55.577, -27.239 ], [ -55.579, -27.237 ], [ -55.580, -27.234 ], [ -55.587, -27.229 ], [ -55.615, -27.209 ], [ -55.619, -27.201 ], [ -55.622, -27.192 ], [ -55.621, -27.182 ], [ -55.617, -27.174 ], [ -55.613, -27.167 ], [ -55.605, -27.162 ], [ -55.599, -27.161 ], [ -55.599, -27.199 ], [ -55.566, -27.199 ] ] ], [ [ [ -54.199, -27.199 ], [ -54.233, -27.199 ], [ -54.233, -27.166 ], [ -54.233, -27.133 ], [ -54.199, -27.133 ], [ -54.199, -27.166 ], [ -54.199, -27.199 ] ] ], [ [ [ -54.066, -27.166 ], [ -54.099, -27.166 ], [ -54.099, -27.133 ], [ -54.066, -27.133 ], [ -54.066, -27.166 ] ] ], [ [ [ -53.794, -27.110 ], [ -53.795, -27.110 ], [ -53.797, -27.110 ], [ -53.800, -27.109 ], [ -53.803, -27.108 ], [ -53.804, -27.107 ], [ -53.806, -27.105 ], [ -53.807, -27.104 ], [ -53.807, -27.103 ], [ -53.808, -27.102 ], [ -53.808, -27.100 ], [ -53.809, -27.099 ], [ -53.779, -27.099 ], [ -53.778, -27.100 ], [ -53.776, -27.101 ], [ -53.775, -27.102 ], [ -53.776, -27.103 ], [ -53.776, -27.103 ], [ -53.777, -27.103 ], [ -53.779, -27.104 ], [ -53.781, -27.104 ], [ -53.783, -27.105 ], [ -53.784, -27.105 ], [ -53.786, -27.105 ], [ -53.787, -27.105 ], [ -53.788, -27.106 ], [ -53.790, -27.107 ], [ -53.791, -27.108 ], [ -53.792, -27.109 ], [ -53.794, -27.110 ] ] ], [ [ [ -53.790, -27.065 ], [ -53.789, -27.066 ], [ -53.788, -27.068 ], [ -53.787, -27.069 ], [ -53.785, -27.070 ], [ -53.783, -27.071 ], [ -53.782, -27.072 ], [ -53.780, -27.071 ], [ -53.778, -27.071 ], [ -53.776, -27.071 ], [ -53.774, -27.071 ], [ -53.773, -27.071 ], [ -53.772, -27.072 ], [ -53.772, -27.072 ], [ -53.771, -27.073 ], [ -53.772, -27.074 ], [ -53.772, -27.075 ], [ -53.773, -27.076 ], [ -53.775, -27.076 ], [ -53.776, -27.077 ], [ -53.778, -27.078 ], [ -53.780, -27.079 ], [ -53.782, -27.078 ], [ -53.785, -27.077 ], [ -53.787, -27.076 ], [ -53.788, -27.075 ], [ -53.790, -27.073 ], [ -53.792, -27.071 ], [ -53.793, -27.070 ], [ -53.794, -27.069 ], [ -53.794, -27.068 ], [ -53.795, -27.067 ], [ -53.795, -27.066 ], [ -53.796, -27.066 ], [ -53.797, -27.066 ], [ -53.798, -27.066 ], [ -53.798, -27.067 ], [ -53.799, -27.067 ], [ -53.799, -27.066 ], [ -53.799, -27.048 ], [ -53.799, -27.050 ], [ -53.798, -27.052 ], [ -53.798, -27.053 ], [ -53.798, -27.055 ], [ -53.798, -27.057 ], [ -53.797, -27.058 ], [ -53.797, -27.059 ], [ -53.796, -27.060 ], [ -53.795, -27.061 ], [ -53.793, -27.063 ], [ -53.790, -27.065 ] ] ], [ [ [ -53.778, -27.038 ], [ -53.778, -27.041 ], [ -53.777, -27.046 ], [ -53.776, -27.049 ], [ -53.775, -27.050 ], [ -53.774, -27.051 ], [ -53.773, -27.053 ], [ -53.771, -27.054 ], [ -53.770, -27.055 ], [ -53.769, -27.056 ], [ -53.767, -27.057 ], [ -53.764, -27.058 ], [ -53.761, -27.059 ], [ -53.759, -27.060 ], [ -53.758, -27.061 ], [ -53.758, -27.062 ], [ -53.759, -27.063 ], [ -53.759, -27.064 ], [ -53.760, -27.065 ], [ -53.762, -27.066 ], [ -53.763, -27.066 ], [ -53.764, -27.067 ], [ -53.766, -27.067 ], [ -53.768, -27.067 ], [ -53.769, -27.067 ], [ -53.770, -27.066 ], [ -53.772, -27.065 ], [ -53.775, -27.063 ], [ -53.776, -27.062 ], [ -53.778, -27.060 ], [ -53.780, -27.059 ], [ -53.781, -27.057 ], [ -53.783, -27.055 ], [ -53.786, -27.050 ], [ -53.787, -27.049 ], [ -53.789, -27.045 ], [ -53.790, -27.044 ], [ -53.791, -27.043 ], [ -53.792, -27.041 ], [ -53.793, -27.041 ], [ -53.795, -27.040 ], [ -53.796, -27.039 ], [ -53.796, -27.039 ], [ -53.797, -27.039 ], [ -53.799, -27.039 ], [ -53.799, -27.039 ], [ -53.799, -27.033 ], [ -53.782, -27.033 ], [ -53.779, -27.037 ], [ -53.778, -27.038 ] ] ], [ [ [ -53.753, -27.033 ], [ -53.755, -27.033 ], [ -53.756, -27.033 ], [ -53.757, -27.033 ], [ -53.759, -27.034 ], [ -53.760, -27.034 ], [ -53.760, -27.036 ], [ -53.760, -27.036 ], [ -53.761, -27.038 ], [ -53.761, -27.040 ], [ -53.761, -27.041 ], [ -53.762, -27.044 ], [ -53.762, -27.045 ], [ -53.763, -27.045 ], [ -53.765, -27.044 ], [ -53.766, -27.044 ], [ -53.767, -27.042 ], [ -53.768, -27.041 ], [ -53.769, -27.039 ], [ -53.770, -27.036 ], [ -53.771, -27.034 ], [ -53.772, -27.033 ], [ -53.753, -27.033 ] ] ], [ [ [ -53.753, -27.033 ], [ -53.750, -27.033 ], [ -53.751, -27.033 ], [ -53.751, -27.033 ], [ -53.753, -27.033 ] ] ], [ [ [ -53.966, -27.033 ], [ -53.999, -27.033 ], [ -53.999, -26.999 ], [ -53.966, -26.999 ], [ -53.966, -27.033 ] ] ], [ [ [ -54.566, -27.299 ], [ -54.533, -27.299 ], [ -54.533, -27.333 ], [ -54.533, -27.366 ], [ -54.533, -27.399 ], [ -54.533, -27.433 ], [ -54.499, -27.433 ], [ -54.499, -27.399 ], [ -54.499, -27.366 ], [ -54.466, -27.366 ], [ -54.466, -27.333 ], [ -54.433, -27.333 ], [ -54.399, -27.333 ], [ -54.366, -27.333 ], [ -54.366, -27.366 ], [ -54.333, -27.366 ], [ -54.333, -27.333 ], [ -54.333, -27.299 ], [ -54.299, -27.299 ], [ -54.299, -27.333 ], [ -54.266, -27.333 ], [ -54.266, -27.366 ], [ -54.233, -27.366 ], [ -54.233, -27.333 ], [ -54.233, -27.299 ], [ -54.266, -27.299 ], [ -54.266, -27.266 ], [ -54.266, -27.233 ], [ -54.266, -27.199 ], [ -54.233, -27.199 ], [ -54.233, -27.233 ], [ -54.199, -27.233 ], [ -54.199, -27.199 ], [ -54.166, -27.199 ], [ -54.166, -27.233 ], [ -54.133, -27.233 ], [ -54.133, -27.266 ], [ -54.099, -27.266 ], [ -54.066, -27.266 ], [ -54.066, -27.233 ], [ -54.066, -27.199 ], [ -54.066, -27.166 ], [ -54.033, -27.166 ], [ -53.999, -27.166 ], [ -53.966, -27.166 ], [ -53.966, -27.133 ], [ -53.933, -27.133 ], [ -53.933, -27.099 ], [ -53.933, -27.066 ], [ -53.966, -27.066 ], [ -53.966, -27.033 ], [ -53.933, -27.033 ], [ -53.899, -27.033 ], [ -53.899, -26.999 ], [ -53.866, -26.999 ], [ -53.833, -26.999 ], [ -53.833, -27.033 ], [ -53.866, -27.033 ], [ -53.866, -27.066 ], [ -53.866, -27.099 ], [ -53.833, -27.099 ], [ -53.816, -27.099 ], [ -53.817, -27.100 ], [ -53.818, -27.101 ], [ -53.818, -27.102 ], [ -53.818, -27.103 ], [ -53.817, -27.104 ], [ -53.816, -27.105 ], [ -53.813, -27.106 ], [ -53.812, -27.107 ], [ -53.811, -27.107 ], [ -53.810, -27.108 ], [ -53.808, -27.109 ], [ -53.807, -27.110 ], [ -53.806, -27.111 ], [ -53.806, -27.112 ], [ -53.805, -27.114 ], [ -53.805, -27.115 ], [ -53.805, -27.116 ], [ -53.805, -27.117 ], [ -53.805, -27.118 ], [ -53.804, -27.119 ], [ -53.804, -27.121 ], [ -53.804, -27.122 ], [ -53.805, -27.123 ], [ -53.805, -27.124 ], [ -53.806, -27.125 ], [ -53.807, -27.126 ], [ -53.808, -27.126 ], [ -53.811, -27.127 ], [ -53.812, -27.128 ], [ -53.814, -27.129 ], [ -53.815, -27.129 ], [ -53.816, -27.129 ], [ -53.818, -27.129 ], [ -53.820, -27.128 ], [ -53.822, -27.127 ], [ -53.823, -27.126 ], [ -53.824, -27.126 ], [ -53.825, -27.127 ], [ -53.825, -27.127 ], [ -53.825, -27.129 ], [ -53.825, -27.129 ], [ -53.825, -27.130 ], [ -53.824, -27.133 ], [ -53.823, -27.135 ], [ -53.821, -27.137 ], [ -53.819, -27.139 ], [ -53.818, -27.139 ], [ -53.817, -27.140 ], [ -53.814, -27.140 ], [ -53.812, -27.139 ], [ -53.805, -27.137 ], [ -53.801, -27.136 ], [ -53.799, -27.136 ], [ -53.799, -27.136 ], [ -53.798, -27.137 ], [ -53.798, -27.138 ], [ -53.798, -27.140 ], [ -53.798, -27.142 ], [ -53.798, -27.144 ], [ -53.798, -27.145 ], [ -53.798, -27.146 ], [ -53.799, -27.146 ], [ -53.801, -27.146 ], [ -53.802, -27.146 ], [ -53.805, -27.146 ], [ -53.806, -27.145 ], [ -53.808, -27.145 ], [ -53.811, -27.145 ], [ -53.814, -27.144 ], [ -53.816, -27.144 ], [ -53.818, -27.144 ], [ -53.821, -27.144 ], [ -53.824, -27.144 ], [ -53.825, -27.144 ], [ -53.827, -27.145 ], [ -53.828, -27.145 ], [ -53.829, -27.146 ], [ -53.829, -27.147 ], [ -53.831, -27.149 ], [ -53.832, -27.150 ], [ -53.834, -27.151 ], [ -53.834, -27.152 ], [ -53.835, -27.152 ], [ -53.836, -27.153 ], [ -53.836, -27.154 ], [ -53.837, -27.155 ], [ -53.836, -27.157 ], [ -53.835, -27.159 ], [ -53.834, -27.160 ], [ -53.834, -27.161 ], [ -53.833, -27.162 ], [ -53.832, -27.164 ], [ -53.832, -27.165 ], [ -53.833, -27.166 ], [ -53.833, -27.167 ], [ -53.836, -27.169 ], [ -53.843, -27.164 ], [ -53.861, -27.128 ], [ -53.868, -27.124 ], [ -53.879, -27.127 ], [ -53.882, -27.130 ], [ -53.884, -27.136 ], [ -53.885, -27.137 ], [ -53.885, -27.138 ], [ -53.885, -27.139 ], [ -53.886, -27.142 ], [ -53.886, -27.143 ], [ -53.886, -27.145 ], [ -53.886, -27.145 ], [ -53.886, -27.146 ], [ -53.886, -27.147 ], [ -53.887, -27.148 ], [ -53.887, -27.149 ], [ -53.887, -27.150 ], [ -53.888, -27.151 ], [ -53.888, -27.152 ], [ -53.888, -27.154 ], [ -53.890, -27.157 ], [ -53.893, -27.162 ], [ -53.895, -27.166 ], [ -53.898, -27.170 ], [ -53.902, -27.174 ], [ -53.909, -27.176 ], [ -53.915, -27.176 ], [ -53.919, -27.172 ], [ -53.924, -27.164 ], [ -53.930, -27.157 ], [ -53.933, -27.155 ], [ -53.943, -27.152 ], [ -53.947, -27.151 ], [ -53.951, -27.151 ], [ -53.955, -27.154 ], [ -53.959, -27.158 ], [ -53.960, -27.162 ], [ -53.960, -27.166 ], [ -53.958, -27.174 ], [ -53.957, -27.184 ], [ -53.959, -27.192 ], [ -53.962, -27.196 ], [ -53.966, -27.198 ], [ -53.972, -27.199 ], [ -53.982, -27.196 ], [ -53.993, -27.195 ], [ -54.002, -27.196 ], [ -54.010, -27.199 ], [ -54.013, -27.205 ], [ -54.016, -27.217 ], [ -54.014, -27.227 ], [ -54.016, -27.234 ], [ -54.018, -27.242 ], [ -54.021, -27.248 ], [ -54.025, -27.252 ], [ -54.030, -27.255 ], [ -54.035, -27.256 ], [ -54.039, -27.257 ], [ -54.051, -27.261 ], [ -54.054, -27.263 ], [ -54.062, -27.273 ], [ -54.070, -27.287 ], [ -54.071, -27.289 ], [ -54.071, -27.290 ], [ -54.073, -27.292 ], [ -54.074, -27.294 ], [ -54.080, -27.298 ], [ -54.088, -27.301 ], [ -54.097, -27.302 ], [ -54.100, -27.303 ], [ -54.103, -27.303 ], [ -54.109, -27.302 ], [ -54.110, -27.302 ], [ -54.119, -27.301 ], [ -54.122, -27.301 ], [ -54.126, -27.301 ], [ -54.129, -27.301 ], [ -54.134, -27.301 ], [ -54.143, -27.299 ], [ -54.151, -27.297 ], [ -54.154, -27.297 ], [ -54.156, -27.296 ], [ -54.157, -27.294 ], [ -54.158, -27.293 ], [ -54.159, -27.291 ], [ -54.159, -27.289 ], [ -54.159, -27.287 ], [ -54.159, -27.285 ], [ -54.158, -27.284 ], [ -54.156, -27.280 ], [ -54.155, -27.279 ], [ -54.154, -27.276 ], [ -54.154, -27.273 ], [ -54.155, -27.270 ], [ -54.156, -27.263 ], [ -54.157, -27.261 ], [ -54.158, -27.259 ], [ -54.161, -27.256 ], [ -54.164, -27.254 ], [ -54.165, -27.253 ], [ -54.168, -27.253 ], [ -54.172, -27.254 ], [ -54.185, -27.264 ], [ -54.188, -27.270 ], [ -54.189, -27.276 ], [ -54.190, -27.277 ], [ -54.190, -27.278 ], [ -54.191, -27.283 ], [ -54.191, -27.286 ], [ -54.193, -27.290 ], [ -54.193, -27.294 ], [ -54.191, -27.298 ], [ -54.191, -27.299 ], [ -54.192, -27.307 ], [ -54.203, -27.323 ], [ -54.209, -27.338 ], [ -54.212, -27.345 ], [ -54.214, -27.359 ], [ -54.212, -27.371 ], [ -54.217, -27.386 ], [ -54.228, -27.392 ], [ -54.249, -27.393 ], [ -54.261, -27.397 ], [ -54.267, -27.403 ], [ -54.268, -27.413 ], [ -54.267, -27.426 ], [ -54.267, -27.435 ], [ -54.274, -27.443 ], [ -54.284, -27.448 ], [ -54.289, -27.447 ], [ -54.295, -27.444 ], [ -54.300, -27.434 ], [ -54.305, -27.426 ], [ -54.318, -27.414 ], [ -54.320, -27.413 ], [ -54.331, -27.403 ], [ -54.337, -27.403 ], [ -54.340, -27.403 ], [ -54.344, -27.409 ], [ -54.345, -27.419 ], [ -54.345, -27.428 ], [ -54.342, -27.435 ], [ -54.339, -27.437 ], [ -54.335, -27.443 ], [ -54.334, -27.448 ], [ -54.335, -27.453 ], [ -54.337, -27.457 ], [ -54.340, -27.464 ], [ -54.346, -27.467 ], [ -54.354, -27.465 ], [ -54.359, -27.461 ], [ -54.368, -27.452 ], [ -54.372, -27.448 ], [ -54.385, -27.425 ], [ -54.399, -27.409 ], [ -54.41, -27.405 ], [ -54.417, -27.407 ], [ -54.419, -27.409 ], [ -54.425, -27.417 ], [ -54.435, -27.423 ], [ -54.442, -27.425 ], [ -54.453, -27.423 ], [ -54.462, -27.423 ], [ -54.466, -27.423 ], [ -54.470, -27.426 ], [ -54.472, -27.432 ], [ -54.469, -27.437 ], [ -54.460, -27.447 ], [ -54.449, -27.454 ], [ -54.446, -27.456 ], [ -54.442, -27.460 ], [ -54.442, -27.466 ], [ -54.444, -27.472 ], [ -54.457, -27.479 ], [ -54.474, -27.481 ], [ -54.503, -27.481 ], [ -54.511, -27.487 ], [ -54.516, -27.497 ], [ -54.518, -27.499 ], [ -54.519, -27.501 ], [ -54.521, -27.503 ], [ -54.524, -27.505 ], [ -54.529, -27.506 ], [ -54.534, -27.506 ], [ -54.537, -27.503 ], [ -54.547, -27.477 ], [ -54.567, -27.458 ], [ -54.574, -27.453 ], [ -54.585, -27.454 ], [ -54.589, -27.462 ], [ -54.59, -27.464 ], [ -54.590, -27.475 ], [ -54.599, -27.466 ], [ -54.599, -27.433 ], [ -54.599, -27.399 ], [ -54.566, -27.399 ], [ -54.566, -27.366 ], [ -54.566, -27.333 ], [ -54.566, -27.299 ] ] ], [ [ [ -53.833, -26.999 ], [ -53.833, -26.966 ], [ -53.799, -26.966 ], [ -53.799, -26.999 ], [ -53.833, -26.999 ] ] ], [ [ [ -53.672, -26.945 ], [ -53.673, -26.946 ], [ -53.674, -26.946 ], [ -53.676, -26.945 ], [ -53.677, -26.945 ], [ -53.680, -26.944 ], [ -53.681, -26.944 ], [ -53.683, -26.944 ], [ -53.684, -26.943 ], [ -53.686, -26.942 ], [ -53.687, -26.941 ], [ -53.689, -26.940 ], [ -53.691, -26.938 ], [ -53.693, -26.937 ], [ -53.695, -26.936 ], [ -53.697, -26.935 ], [ -53.697, -26.935 ], [ -53.699, -26.933 ], [ -53.699, -26.899 ], [ -53.690, -26.890 ], [ -53.684, -26.891 ], [ -53.682, -26.891 ], [ -53.680, -26.892 ], [ -53.678, -26.892 ], [ -53.676, -26.892 ], [ -53.674, -26.892 ], [ -53.672, -26.893 ], [ -53.671, -26.893 ], [ -53.670, -26.894 ], [ -53.671, -26.895 ], [ -53.671, -26.895 ], [ -53.672, -26.896 ], [ -53.674, -26.897 ], [ -53.676, -26.898 ], [ -53.677, -26.899 ], [ -53.678, -26.901 ], [ -53.679, -26.902 ], [ -53.679, -26.903 ], [ -53.679, -26.905 ], [ -53.679, -26.907 ], [ -53.679, -26.909 ], [ -53.678, -26.909 ], [ -53.677, -26.910 ], [ -53.674, -26.911 ], [ -53.672, -26.911 ], [ -53.672, -26.912 ], [ -53.673, -26.913 ], [ -53.674, -26.913 ], [ -53.675, -26.914 ], [ -53.676, -26.914 ], [ -53.678, -26.915 ], [ -53.680, -26.915 ], [ -53.682, -26.916 ], [ -53.683, -26.917 ], [ -53.684, -26.918 ], [ -53.686, -26.919 ], [ -53.688, -26.920 ], [ -53.690, -26.922 ], [ -53.692, -26.923 ], [ -53.694, -26.925 ], [ -53.695, -26.926 ], [ -53.696, -26.927 ], [ -53.696, -26.928 ], [ -53.696, -26.929 ], [ -53.696, -26.930 ], [ -53.695, -26.931 ], [ -53.693, -26.932 ], [ -53.692, -26.933 ], [ -53.689, -26.934 ], [ -53.687, -26.935 ], [ -53.684, -26.936 ], [ -53.682, -26.937 ], [ -53.679, -26.938 ], [ -53.677, -26.939 ], [ -53.674, -26.940 ], [ -53.672, -26.940 ], [ -53.671, -26.941 ], [ -53.671, -26.942 ], [ -53.671, -26.942 ], [ -53.671, -26.943 ], [ -53.672, -26.944 ], [ -53.672, -26.945 ], [ -53.672, -26.945 ] ] ], [ [ [ -54.333, -26.499 ], [ -54.366, -26.499 ], [ -54.366, -26.466 ], [ -54.333, -26.466 ], [ -54.333, -26.499 ] ] ], [ [ [ -54.466, -25.899 ], [ -54.433, -25.899 ], [ -54.399, -25.899 ], [ -54.399, -25.933 ], [ -54.399, -25.966 ], [ -54.433, -25.966 ], [ -54.433, -25.933 ], [ -54.466, -25.933 ], [ -54.466, -25.899 ] ] ], [ [ [ -54.333, -25.966 ], [ -54.366, -25.966 ], [ -54.366, -25.933 ], [ -54.366, -25.899 ], [ -54.333, -25.899 ], [ -54.333, -25.933 ], [ -54.333, -25.966 ] ] ], [ [ [ -64.333, -25.899 ], [ -64.366, -25.899 ], [ -64.366, -25.866 ], [ -64.366, -25.833 ], [ -64.333, -25.833 ], [ -64.333, -25.866 ], [ -64.333, -25.899 ] ] ], [ [ [ -54.466, -25.899 ], [ -54.499, -25.899 ], [ -54.533, -25.899 ], [ -54.533, -25.933 ], [ -54.499, -25.933 ], [ -54.499, -25.966 ], [ -54.499, -25.999 ], [ -54.466, -25.999 ], [ -54.466, -26.033 ], [ -54.499, -26.033 ], [ -54.499, -26.066 ], [ -54.533, -26.066 ], [ -54.533, -26.099 ], [ -54.499, -26.099 ], [ -54.499, -26.066 ], [ -54.466, -26.066 ], [ -54.466, -26.099 ], [ -54.433, -26.099 ], [ -54.399, -26.099 ], [ -54.366, -26.099 ], [ -54.366, -26.133 ], [ -54.399, -26.133 ], [ -54.399, -26.166 ], [ -54.366, -26.166 ], [ -54.333, -26.166 ], [ -54.333, -26.199 ], [ -54.366, -26.199 ], [ -54.366, -26.233 ], [ -54.399, -26.233 ], [ -54.399, -26.199 ], [ -54.433, -26.199 ], [ -54.466, -26.199 ], [ -54.466, -26.233 ], [ -54.499, -26.233 ], [ -54.499, -26.266 ], [ -54.533, -26.266 ], [ -54.533, -26.299 ], [ -54.499, -26.299 ], [ -54.466, -26.299 ], [ -54.433, -26.299 ], [ -54.399, -26.299 ], [ -54.366, -26.299 ], [ -54.333, -26.299 ], [ -54.299, -26.299 ], [ -54.299, -26.333 ], [ -54.333, -26.333 ], [ -54.333, -26.366 ], [ -54.366, -26.366 ], [ -54.366, -26.399 ], [ -54.399, -26.399 ], [ -54.433, -26.399 ], [ -54.433, -26.433 ], [ -54.466, -26.433 ], [ -54.466, -26.466 ], [ -54.433, -26.466 ], [ -54.433, -26.499 ], [ -54.399, -26.499 ], [ -54.399, -26.533 ], [ -54.399, -26.566 ], [ -54.433, -26.566 ], [ -54.433, -26.599 ], [ -54.466, -26.599 ], [ -54.466, -26.566 ], [ -54.499, -26.566 ], [ -54.533, -26.566 ], [ -54.533, -26.533 ], [ -54.566, -26.533 ], [ -54.566, -26.566 ], [ -54.599, -26.566 ], [ -54.599, -26.599 ], [ -54.633, -26.599 ], [ -54.633, -26.633 ], [ -54.633, -26.666 ], [ -54.666, -26.666 ], [ -54.699, -26.666 ], [ -54.699, -26.699 ], [ -54.666, -26.699 ], [ -54.666, -26.733 ], [ -54.633, -26.733 ], [ -54.633, -26.766 ], [ -54.666, -26.766 ], [ -54.666, -26.799 ], [ -54.633, -26.799 ], [ -54.599, -26.799 ], [ -54.599, -26.833 ], [ -54.633, -26.833 ], [ -54.633, -26.866 ], [ -54.633, -26.899 ], [ -54.666, -26.899 ], [ -54.666, -26.866 ], [ -54.699, -26.866 ], [ -54.699, -26.833 ], [ -54.733, -26.833 ], [ -54.766, -26.833 ], [ -54.766, -26.799 ], [ -54.799, -26.799 ], [ -54.799, -26.766 ], [ -54.799, -26.733 ], [ -54.833, -26.733 ], [ -54.833, -26.766 ], [ -54.833, -26.799 ], [ -54.833, -26.833 ], [ -54.833, -26.866 ], [ -54.833, -26.899 ], [ -54.799, -26.899 ], [ -54.799, -26.933 ], [ -54.833, -26.933 ], [ -54.866, -26.933 ], [ -54.899, -26.933 ], [ -54.933, -26.933 ], [ -54.933, -26.899 ], [ -54.966, -26.899 ], [ -54.966, -26.866 ], [ -54.999, -26.866 ], [ -54.999, -26.833 ], [ -55.033, -26.833 ], [ -55.033, -26.866 ], [ -54.999, -26.866 ], [ -54.999, -26.899 ], [ -55.033, -26.899 ], [ -55.033, -26.933 ], [ -55.033, -26.966 ], [ -55.033, -26.999 ], [ -54.999, -26.999 ], [ -54.999, -27.033 ], [ -54.966, -27.033 ], [ -54.966, -27.066 ], [ -54.966, -27.099 ], [ -54.999, -27.099 ], [ -54.999, -27.066 ], [ -55.033, -27.066 ], [ -55.066, -27.066 ], [ -55.066, -27.033 ], [ -55.099, -27.033 ], [ -55.099, -26.999 ], [ -55.133, -26.999 ], [ -55.133, -27.033 ], [ -55.099, -27.033 ], [ -55.099, -27.066 ], [ -55.099, -27.099 ], [ -55.133, -27.099 ], [ -55.133, -27.066 ], [ -55.166, -27.066 ], [ -55.199, -27.066 ], [ -55.199, -27.033 ], [ -55.233, -27.033 ], [ -55.233, -26.999 ], [ -55.233, -26.966 ], [ -55.266, -26.966 ], [ -55.266, -26.999 ], [ -55.299, -26.999 ], [ -55.333, -26.999 ], [ -55.366, -26.999 ], [ -55.399, -26.999 ], [ -55.399, -27.033 ], [ -55.399, -27.066 ], [ -55.433, -27.066 ], [ -55.433, -27.099 ], [ -55.399, -27.099 ], [ -55.366, -27.099 ], [ -55.333, -27.099 ], [ -55.333, -27.133 ], [ -55.333, -27.166 ], [ -55.366, -27.166 ], [ -55.366, -27.133 ], [ -55.399, -27.133 ], [ -55.433, -27.133 ], [ -55.433, -27.166 ], [ -55.466, -27.166 ], [ -55.466, -27.133 ], [ -55.499, -27.133 ], [ -55.499, -27.166 ], [ -55.533, -27.166 ], [ -55.533, -27.199 ], [ -55.566, -27.199 ], [ -55.566, -27.166 ], [ -55.568, -27.165 ], [ -55.564, -27.163 ], [ -55.562, -27.159 ], [ -55.561, -27.154 ], [ -55.561, -27.149 ], [ -55.566, -27.122 ], [ -55.565, -27.114 ], [ -55.562, -27.108 ], [ -55.556, -27.105 ], [ -55.549, -27.102 ], [ -55.540, -27.101 ], [ -55.522, -27.102 ], [ -55.519, -27.103 ], [ -55.514, -27.103 ], [ -55.477, -27.110 ], [ -55.471, -27.110 ], [ -55.470, -27.110 ], [ -55.464, -27.108 ], [ -55.459, -27.106 ], [ -55.454, -27.104 ], [ -55.451, -27.099 ], [ -55.450, -27.093 ], [ -55.454, -27.075 ], [ -55.454, -27.073 ], [ -55.456, -27.061 ], [ -55.456, -27.059 ], [ -55.455, -27.052 ], [ -55.454, -27.049 ], [ -55.450, -27.039 ], [ -55.447, -27.028 ], [ -55.441, -27.017 ], [ -55.440, -27.015 ], [ -55.438, -27.012 ], [ -55.436, -27.010 ], [ -55.435, -27.009 ], [ -55.432, -27.006 ], [ -55.429, -27.002 ], [ -55.425, -26.998 ], [ -55.424, -26.997 ], [ -55.422, -26.995 ], [ -55.421, -26.993 ], [ -55.418, -26.992 ], [ -55.414, -26.989 ], [ -55.411, -26.987 ], [ -55.406, -26.984 ], [ -55.402, -26.982 ], [ -55.398, -26.979 ], [ -55.390, -26.972 ], [ -55.387, -26.971 ], [ -55.380, -26.967 ], [ -55.378, -26.966 ], [ -55.375, -26.965 ], [ -55.372, -26.964 ], [ -55.370, -26.964 ], [ -55.364, -26.964 ], [ -55.356, -26.964 ], [ -55.351, -26.964 ], [ -55.347, -26.964 ], [ -55.344, -26.963 ], [ -55.338, -26.963 ], [ -55.334, -26.962 ], [ -55.331, -26.962 ], [ -55.328, -26.962 ], [ -55.325, -26.962 ], [ -55.321, -26.963 ], [ -55.317, -26.964 ], [ -55.315, -26.964 ], [ -55.312, -26.963 ], [ -55.309, -26.963 ], [ -55.305, -26.962 ], [ -55.302, -26.961 ], [ -55.300, -26.960 ], [ -55.297, -26.959 ], [ -55.290, -26.955 ], [ -55.276, -26.942 ], [ -55.273, -26.941 ], [ -55.271, -26.940 ], [ -55.268, -26.938 ], [ -55.265, -26.937 ], [ -55.263, -26.937 ], [ -55.260, -26.936 ], [ -55.257, -26.936 ], [ -55.255, -26.936 ], [ -55.254, -26.936 ], [ -55.252, -26.937 ], [ -55.249, -26.937 ], [ -55.247, -26.938 ], [ -55.244, -26.939 ], [ -55.241, -26.940 ], [ -55.239, -26.941 ], [ -55.238, -26.941 ], [ -55.238, -26.942 ], [ -55.236, -26.943 ], [ -55.232, -26.947 ], [ -55.228, -26.951 ], [ -55.224, -26.955 ], [ -55.219, -26.959 ], [ -55.215, -26.963 ], [ -55.212, -26.966 ], [ -55.210, -26.967 ], [ -55.207, -26.968 ], [ -55.204, -26.969 ], [ -55.203, -26.969 ], [ -55.201, -26.969 ], [ -55.200, -26.969 ], [ -55.198, -26.969 ], [ -55.195, -26.968 ], [ -55.183, -26.965 ], [ -55.143, -26.952 ], [ -55.141, -26.951 ], [ -55.135, -26.948 ], [ -55.131, -26.941 ], [ -55.132, -26.933 ], [ -55.139, -26.923 ], [ -55.150, -26.896 ], [ -55.148, -26.885 ], [ -55.147, -26.882 ], [ -55.146, -26.879 ], [ -55.143, -26.868 ], [ -55.141, -26.866 ], [ -55.127, -26.852 ], [ -55.116, -26.846 ], [ -55.090, -26.834 ], [ -55.068, -26.808 ], [ -55.052, -26.797 ], [ -55.035, -26.792 ], [ -55.028, -26.790 ], [ -55.024, -26.789 ], [ -55.022, -26.789 ], [ -55.019, -26.788 ], [ -55.000, -26.787 ], [ -54.996, -26.788 ], [ -54.993, -26.788 ], [ -54.991, -26.788 ], [ -54.987, -26.788 ], [ -54.981, -26.789 ], [ -54.977, -26.790 ], [ -54.977, -26.790 ], [ -54.974, -26.790 ], [ -54.971, -26.790 ], [ -54.970, -26.789 ], [ -54.968, -26.789 ], [ -54.967, -26.788 ], [ -54.965, -26.788 ], [ -54.963, -26.787 ], [ -54.961, -26.785 ], [ -54.959, -26.784 ], [ -54.958, -26.783 ], [ -54.956, -26.781 ], [ -54.954, -26.779 ], [ -54.953, -26.776 ], [ -54.949, -26.772 ], [ -54.947, -26.764 ], [ -54.945, -26.759 ], [ -54.945, -26.757 ], [ -54.944, -26.754 ], [ -54.944, -26.748 ], [ -54.943, -26.743 ], [ -54.943, -26.739 ], [ -54.944, -26.734 ], [ -54.945, -26.720 ], [ -54.946, -26.718 ], [ -54.948, -26.701 ], [ -54.947, -26.692 ], [ -54.941, -26.682 ], [ -54.916, -26.668 ], [ -54.896, -26.662 ], [ -54.887, -26.658 ], [ -54.879, -26.656 ], [ -54.869, -26.655 ], [ -54.860, -26.655 ], [ -54.854, -26.657 ], [ -54.850, -26.659 ], [ -54.845, -26.664 ], [ -54.840, -26.669 ], [ -54.834, -26.673 ], [ -54.831, -26.674 ], [ -54.823, -26.674 ], [ -54.816, -26.671 ], [ -54.815, -26.671 ], [ -54.813, -26.669 ], [ -54.812, -26.668 ], [ -54.811, -26.667 ], [ -54.810, -26.666 ], [ -54.810, -26.664 ], [ -54.808, -26.660 ], [ -54.806, -26.658 ], [ -54.803, -26.653 ], [ -54.801, -26.649 ], [ -54.792, -26.639 ], [ -54.786, -26.631 ], [ -54.786, -26.627 ], [ -54.785, -26.621 ], [ -54.784, -26.617 ], [ -54.784, -26.607 ], [ -54.787, -26.595 ], [ -54.797, -26.575 ], [ -54.804, -26.567 ], [ -54.807, -26.560 ], [ -54.807, -26.558 ], [ -54.807, -26.556 ], [ -54.807, -26.555 ], [ -54.806, -26.553 ], [ -54.806, -26.552 ], [ -54.805, -26.550 ], [ -54.803, -26.544 ], [ -54.802, -26.540 ], [ -54.802, -26.539 ], [ -54.801, -26.537 ], [ -54.800, -26.535 ], [ -54.799, -26.533 ], [ -54.793, -26.523 ], [ -54.791, -26.520 ], [ -54.781, -26.510 ], [ -54.758, -26.496 ], [ -54.754, -26.494 ], [ -54.752, -26.492 ], [ -54.749, -26.490 ], [ -54.743, -26.482 ], [ -54.739, -26.478 ], [ -54.737, -26.476 ], [ -54.736, -26.475 ], [ -54.732, -26.472 ], [ -54.731, -26.472 ], [ -54.729, -26.470 ], [ -54.723, -26.465 ], [ -54.718, -26.462 ], [ -54.715, -26.459 ], [ -54.714, -26.458 ], [ -54.713, -26.457 ], [ -54.711, -26.455 ], [ -54.708, -26.451 ], [ -54.706, -26.448 ], [ -54.705, -26.446 ], [ -54.703, -26.442 ], [ -54.702, -26.441 ], [ -54.701, -26.438 ], [ -54.698, -26.431 ], [ -54.697, -26.418 ], [ -54.697, -26.415 ], [ -54.696, -26.404 ], [ -54.696, -26.400 ], [ -54.696, -26.398 ], [ -54.696, -26.395 ], [ -54.697, -26.393 ], [ -54.697, -26.390 ], [ -54.697, -26.387 ], [ -54.697, -26.386 ], [ -54.698, -26.383 ], [ -54.698, -26.381 ], [ -54.697, -26.380 ], [ -54.697, -26.378 ], [ -54.696, -26.377 ], [ -54.696, -26.376 ], [ -54.679, -26.352 ], [ -54.676, -26.346 ], [ -54.675, -26.345 ], [ -54.675, -26.344 ], [ -54.672, -26.341 ], [ -54.671, -26.339 ], [ -54.670, -26.338 ], [ -54.668, -26.336 ], [ -54.666, -26.334 ], [ -54.665, -26.332 ], [ -54.663, -26.331 ], [ -54.658, -26.326 ], [ -54.655, -26.323 ], [ -54.651, -26.319 ], [ -54.650, -26.318 ], [ -54.650, -26.317 ], [ -54.649, -26.315 ], [ -54.649, -26.313 ], [ -54.648, -26.311 ], [ -54.648, -26.310 ], [ -54.649, -26.308 ], [ -54.649, -26.307 ], [ -54.650, -26.304 ], [ -54.653, -26.299 ], [ -54.654, -26.297 ], [ -54.657, -26.295 ], [ -54.658, -26.293 ], [ -54.660, -26.291 ], [ -54.660, -26.290 ], [ -54.661, -26.288 ], [ -54.663, -26.286 ], [ -54.664, -26.284 ], [ -54.666, -26.283 ], [ -54.669, -26.282 ], [ -54.671, -26.281 ], [ -54.672, -26.280 ], [ -54.674, -26.279 ], [ -54.677, -26.275 ], [ -54.678, -26.273 ], [ -54.679, -26.272 ], [ -54.679, -26.270 ], [ -54.679, -26.265 ], [ -54.678, -26.261 ], [ -54.676, -26.258 ], [ -54.675, -26.256 ], [ -54.674, -26.255 ], [ -54.672, -26.254 ], [ -54.655, -26.242 ], [ -54.623, -26.224 ], [ -54.618, -26.216 ], [ -54.618, -26.208 ], [ -54.623, -26.200 ], [ -54.631, -26.194 ], [ -54.647, -26.185 ], [ -54.648, -26.184 ], [ -54.657, -26.179 ], [ -54.669, -26.164 ], [ -54.674, -26.149 ], [ -54.672, -26.142 ], [ -54.661, -26.128 ], [ -54.657, -26.124 ], [ -54.651, -26.119 ], [ -54.645, -26.105 ], [ -54.644, -26.096 ], [ -54.643, -26.095 ], [ -54.643, -26.093 ], [ -54.643, -26.090 ], [ -54.643, -26.088 ], [ -54.644, -26.085 ], [ -54.644, -26.083 ], [ -54.645, -26.079 ], [ -54.646, -26.076 ], [ -54.646, -26.074 ], [ -54.651, -26.065 ], [ -54.653, -26.060 ], [ -54.656, -26.054 ], [ -54.657, -26.052 ], [ -54.658, -26.050 ], [ -54.660, -26.046 ], [ -54.676, -26.016 ], [ -54.678, -26.014 ], [ -54.678, -26.013 ], [ -54.678, -26.010 ], [ -54.679, -26.004 ], [ -54.679, -26.001 ], [ -54.679, -25.995 ], [ -54.678, -25.993 ], [ -54.678, -25.992 ], [ -54.677, -25.991 ], [ -54.677, -25.990 ], [ -54.676, -25.989 ], [ -54.676, -25.989 ], [ -54.674, -25.987 ], [ -54.673, -25.985 ], [ -54.672, -25.984 ], [ -54.672, -25.984 ], [ -54.671, -25.983 ], [ -54.670, -25.982 ], [ -54.668, -25.981 ], [ -54.663, -25.979 ], [ -54.661, -25.979 ], [ -54.657, -25.979 ], [ -54.655, -25.979 ], [ -54.653, -25.979 ], [ -54.651, -25.979 ], [ -54.650, -25.979 ], [ -54.648, -25.980 ], [ -54.644, -25.980 ], [ -54.640, -25.982 ], [ -54.637, -25.983 ], [ -54.634, -25.983 ], [ -54.633, -25.984 ], [ -54.630, -25.984 ], [ -54.627, -25.985 ], [ -54.624, -25.985 ], [ -54.621, -25.985 ], [ -54.614, -25.983 ], [ -54.610, -25.978 ], [ -54.610, -25.976 ], [ -54.608, -25.968 ], [ -54.607, -25.965 ], [ -54.607, -25.961 ], [ -54.607, -25.959 ], [ -54.607, -25.957 ], [ -54.608, -25.955 ], [ -54.610, -25.952 ], [ -54.611, -25.950 ], [ -54.615, -25.947 ], [ -54.616, -25.946 ], [ -54.617, -25.945 ], [ -54.618, -25.944 ], [ -54.618, -25.942 ], [ -54.620, -25.939 ], [ -54.621, -25.937 ], [ -54.621, -25.936 ], [ -54.621, -25.926 ], [ -54.621, -25.921 ], [ -54.622, -25.914 ], [ -54.621, -25.911 ], [ -54.620, -25.909 ], [ -54.620, -25.906 ], [ -54.618, -25.902 ], [ -54.617, -25.899 ], [ -54.616, -25.897 ], [ -54.616, -25.897 ], [ -54.615, -25.895 ], [ -54.614, -25.893 ], [ -54.613, -25.890 ], [ -54.613, -25.889 ], [ -54.612, -25.888 ], [ -54.611, -25.886 ], [ -54.607, -25.878 ], [ -54.595, -25.857 ], [ -54.595, -25.854 ], [ -54.593, -25.849 ], [ -54.588, -25.840 ], [ -54.587, -25.830 ], [ -54.588, -25.826 ], [ -54.591, -25.818 ], [ -54.605, -25.803 ], [ -54.622, -25.783 ], [ -54.633, -25.761 ], [ -54.633, -25.753 ], [ -54.635, -25.735 ], [ -54.642, -25.715 ], [ -54.656, -25.686 ], [ -54.658, -25.675 ], [ -54.649, -25.663 ], [ -54.631, -25.659 ], [ -54.606, -25.668 ], [ -54.596, -25.669 ], [ -54.584, -25.666 ], [ -54.581, -25.662 ], [ -54.581, -25.658 ], [ -54.584, -25.650 ], [ -54.589, -25.643 ], [ -54.598, -25.623 ], [ -54.596, -25.616 ], [ -54.596, -25.609 ], [ -54.596, -25.607 ], [ -54.595, -25.603 ], [ -54.595, -25.598 ], [ -54.593, -25.592 ], [ -54.588, -25.592 ], [ -54.586, -25.592 ], [ -54.584, -25.592 ], [ -54.582, -25.592 ], [ -54.581, -25.592 ], [ -54.580, -25.592 ], [ -54.578, -25.591 ], [ -54.577, -25.591 ], [ -54.575, -25.591 ], [ -54.574, -25.590 ], [ -54.572, -25.591 ], [ -54.568, -25.591 ], [ -54.566, -25.590 ], [ -54.565, -25.590 ], [ -54.562, -25.588 ], [ -54.559, -25.587 ], [ -54.557, -25.587 ], [ -54.555, -25.587 ], [ -54.554, -25.587 ], [ -54.552, -25.588 ], [ -54.550, -25.589 ], [ -54.545, -25.593 ], [ -54.543, -25.594 ], [ -54.538, -25.596 ], [ -54.536, -25.596 ], [ -54.535, -25.597 ], [ -54.534, -25.598 ], [ -54.534, -25.599 ], [ -54.533, -25.600 ], [ -54.533, -25.602 ], [ -54.533, -25.605 ], [ -54.534, -25.606 ], [ -54.534, -25.608 ], [ -54.535, -25.610 ], [ -54.535, -25.610 ], [ -54.537, -25.613 ], [ -54.537, -25.614 ], [ -54.537, -25.615 ], [ -54.537, -25.616 ], [ -54.537, -25.618 ], [ -54.536, -25.620 ], [ -54.535, -25.621 ], [ -54.531, -25.624 ], [ -54.527, -25.628 ], [ -54.526, -25.628 ], [ -54.524, -25.628 ], [ -54.523, -25.628 ], [ -54.522, -25.628 ], [ -54.521, -25.627 ], [ -54.520, -25.626 ], [ -54.518, -25.625 ], [ -54.517, -25.624 ], [ -54.516, -25.624 ], [ -54.514, -25.623 ], [ -54.513, -25.621 ], [ -54.512, -25.620 ], [ -54.511, -25.619 ], [ -54.511, -25.618 ], [ -54.510, -25.618 ], [ -54.509, -25.617 ], [ -54.507, -25.617 ], [ -54.507, -25.617 ], [ -54.505, -25.617 ], [ -54.505, -25.616 ], [ -54.503, -25.615 ], [ -54.503, -25.614 ], [ -54.502, -25.614 ], [ -54.500, -25.614 ], [ -54.499, -25.614 ], [ -54.499, -25.666 ], [ -54.533, -25.666 ], [ -54.533, -25.699 ], [ -54.566, -25.699 ], [ -54.566, -25.733 ], [ -54.599, -25.733 ], [ -54.599, -25.766 ], [ -54.566, -25.766 ], [ -54.566, -25.799 ], [ -54.566, -25.833 ], [ -54.533, -25.833 ], [ -54.499, -25.833 ], [ -54.499, -25.866 ], [ -54.466, -25.866 ], [ -54.466, -25.899 ] ] ], [ [ [ -54.097, -25.522 ], [ -54.121, -25.555 ], [ -54.124, -25.567 ], [ -54.11, -25.603 ], [ -54.098, -25.619 ], [ -54.092, -25.617 ], [ -54.089, -25.611 ], [ -54.089, -25.584 ], [ -54.084, -25.569 ], [ -54.083, -25.560 ], [ -54.075, -25.557 ], [ -54.07, -25.56 ], [ -54.06, -25.577 ], [ -54.056, -25.579 ], [ -54.049, -25.585 ], [ -54.041, -25.584 ], [ -54.029, -25.568 ], [ -54.019, -25.564 ], [ -54.01, -25.567 ], [ -54.0, -25.58 ], [ -53.992, -25.585 ], [ -53.991, -25.587 ], [ -53.990, -25.588 ], [ -53.989, -25.589 ], [ -53.987, -25.590 ], [ -53.985, -25.590 ], [ -53.983, -25.591 ], [ -53.981, -25.591 ], [ -53.979, -25.592 ], [ -53.979, -25.592 ], [ -53.978, -25.593 ], [ -53.977, -25.594 ], [ -53.976, -25.595 ], [ -53.976, -25.596 ], [ -53.974, -25.597 ], [ -53.973, -25.597 ], [ -53.972, -25.598 ], [ -53.971, -25.599 ], [ -53.970, -25.600 ], [ -53.970, -25.600 ], [ -53.970, -25.601 ], [ -53.970, -25.602 ], [ -53.971, -25.603 ], [ -53.971, -25.603 ], [ -53.972, -25.603 ], [ -53.973, -25.604 ], [ -53.976, -25.604 ], [ -53.976, -25.604 ], [ -53.977, -25.604 ], [ -53.978, -25.604 ], [ -53.978, -25.604 ], [ -53.979, -25.605 ], [ -53.978, -25.607 ], [ -53.978, -25.610 ], [ -53.977, -25.612 ], [ -53.977, -25.612 ], [ -53.977, -25.613 ], [ -53.976, -25.614 ], [ -53.975, -25.614 ], [ -53.975, -25.615 ], [ -53.974, -25.615 ], [ -53.974, -25.615 ], [ -53.973, -25.614 ], [ -53.972, -25.613 ], [ -53.970, -25.612 ], [ -53.968, -25.612 ], [ -53.967, -25.611 ], [ -53.967, -25.611 ], [ -53.966, -25.611 ], [ -53.966, -25.612 ], [ -53.965, -25.612 ], [ -53.965, -25.613 ], [ -53.965, -25.614 ], [ -53.965, -25.616 ], [ -53.965, -25.618 ], [ -53.965, -25.620 ], [ -53.965, -25.621 ], [ -53.964, -25.623 ], [ -53.963, -25.625 ], [ -53.963, -25.626 ], [ -53.962, -25.627 ], [ -53.961, -25.627 ], [ -53.960, -25.629 ], [ -53.960, -25.629 ], [ -53.960, -25.630 ], [ -53.961, -25.631 ], [ -53.962, -25.632 ], [ -53.962, -25.633 ], [ -53.963, -25.634 ], [ -53.963, -25.635 ], [ -53.963, -25.635 ], [ -53.963, -25.636 ], [ -53.963, -25.638 ], [ -53.963, -25.639 ], [ -53.963, -25.640 ], [ -53.963, -25.641 ], [ -53.962, -25.642 ], [ -53.962, -25.643 ], [ -53.961, -25.643 ], [ -53.960, -25.643 ], [ -53.959, -25.643 ], [ -53.958, -25.643 ], [ -53.957, -25.643 ], [ -53.956, -25.644 ], [ -53.956, -25.644 ], [ -53.956, -25.645 ], [ -53.956, -25.646 ], [ -53.954, -25.646 ], [ -53.953, -25.646 ], [ -53.952, -25.646 ], [ -53.952, -25.646 ], [ -53.951, -25.647 ], [ -53.951, -25.646 ], [ -53.951, -25.646 ], [ -53.951, -25.645 ], [ -53.951, -25.645 ], [ -53.951, -25.644 ], [ -53.951, -25.644 ], [ -53.951, -25.644 ], [ -53.951, -25.643 ], [ -53.950, -25.643 ], [ -53.950, -25.643 ], [ -53.950, -25.642 ], [ -53.949, -25.642 ], [ -53.949, -25.642 ], [ -53.949, -25.642 ], [ -53.948, -25.641 ], [ -53.948, -25.641 ], [ -53.948, -25.640 ], [ -53.947, -25.640 ], [ -53.947, -25.639 ], [ -53.947, -25.638 ], [ -53.947, -25.638 ], [ -53.947, -25.636 ], [ -53.947, -25.634 ], [ -53.946, -25.633 ], [ -53.946, -25.632 ], [ -53.945, -25.632 ], [ -53.945, -25.631 ], [ -53.945, -25.631 ], [ -53.945, -25.630 ], [ -53.946, -25.630 ], [ -53.947, -25.630 ], [ -53.948, -25.629 ], [ -53.949, -25.629 ], [ -53.949, -25.628 ], [ -53.950, -25.627 ], [ -53.950, -25.626 ], [ -53.951, -25.626 ], [ -53.952, -25.625 ], [ -53.953, -25.625 ], [ -53.954, -25.624 ], [ -53.954, -25.624 ], [ -53.954, -25.623 ], [ -53.954, -25.623 ], [ -53.953, -25.623 ], [ -53.953, -25.622 ], [ -53.952, -25.622 ], [ -53.951, -25.622 ], [ -53.950, -25.622 ], [ -53.950, -25.621 ], [ -53.949, -25.620 ], [ -53.948, -25.619 ], [ -53.948, -25.618 ], [ -53.948, -25.617 ], [ -53.948, -25.615 ], [ -53.948, -25.615 ], [ -53.948, -25.614 ], [ -53.949, -25.613 ], [ -53.949, -25.612 ], [ -53.949, -25.612 ], [ -53.948, -25.611 ], [ -53.947, -25.611 ], [ -53.945, -25.611 ], [ -53.944, -25.610 ], [ -53.943, -25.610 ], [ -53.943, -25.611 ], [ -53.943, -25.611 ], [ -53.942, -25.612 ], [ -53.942, -25.613 ], [ -53.941, -25.613 ], [ -53.941, -25.614 ], [ -53.942, -25.614 ], [ -53.942, -25.615 ], [ -53.942, -25.616 ], [ -53.942, -25.617 ], [ -53.942, -25.618 ], [ -53.942, -25.618 ], [ -53.941, -25.619 ], [ -53.941, -25.620 ], [ -53.940, -25.620 ], [ -53.939, -25.621 ], [ -53.938, -25.621 ], [ -53.937, -25.621 ], [ -53.936, -25.621 ], [ -53.936, -25.621 ], [ -53.935, -25.621 ], [ -53.934, -25.622 ], [ -53.933, -25.622 ], [ -53.932, -25.622 ], [ -53.931, -25.622 ], [ -53.931, -25.622 ], [ -53.930, -25.622 ], [ -53.929, -25.622 ], [ -53.929, -25.621 ], [ -53.928, -25.621 ], [ -53.927, -25.621 ], [ -53.926, -25.621 ], [ -53.926, -25.621 ], [ -53.925, -25.620 ], [ -53.925, -25.619 ], [ -53.925, -25.618 ], [ -53.924, -25.618 ], [ -53.924, -25.617 ], [ -53.924, -25.617 ], [ -53.922, -25.617 ], [ -53.921, -25.616 ], [ -53.919, -25.616 ], [ -53.918, -25.616 ], [ -53.918, -25.615 ], [ -53.917, -25.615 ], [ -53.916, -25.616 ], [ -53.916, -25.616 ], [ -53.916, -25.617 ], [ -53.916, -25.618 ], [ -53.916, -25.619 ], [ -53.915, -25.620 ], [ -53.915, -25.620 ], [ -53.915, -25.622 ], [ -53.915, -25.622 ], [ -53.916, -25.622 ], [ -53.916, -25.623 ], [ -53.917, -25.624 ], [ -53.917, -25.625 ], [ -53.918, -25.625 ], [ -53.918, -25.626 ], [ -53.918, -25.627 ], [ -53.919, -25.627 ], [ -53.919, -25.627 ], [ -53.920, -25.628 ], [ -53.920, -25.628 ], [ -53.921, -25.629 ], [ -53.921, -25.629 ], [ -53.921, -25.629 ], [ -53.921, -25.630 ], [ -53.921, -25.632 ], [ -53.920, -25.632 ], [ -53.920, -25.632 ], [ -53.919, -25.632 ], [ -53.918, -25.632 ], [ -53.917, -25.632 ], [ -53.917, -25.631 ], [ -53.917, -25.630 ], [ -53.917, -25.629 ], [ -53.917, -25.629 ], [ -53.916, -25.628 ], [ -53.916, -25.628 ], [ -53.915, -25.628 ], [ -53.914, -25.628 ], [ -53.914, -25.629 ], [ -53.914, -25.629 ], [ -53.914, -25.629 ], [ -53.914, -25.630 ], [ -53.914, -25.631 ], [ -53.914, -25.631 ], [ -53.914, -25.632 ], [ -53.914, -25.633 ], [ -53.914, -25.634 ], [ -53.913, -25.634 ], [ -53.913, -25.635 ], [ -53.913, -25.635 ], [ -53.912, -25.636 ], [ -53.911, -25.635 ], [ -53.910, -25.635 ], [ -53.909, -25.635 ], [ -53.908, -25.635 ], [ -53.909, -25.634 ], [ -53.909, -25.633 ], [ -53.909, -25.632 ], [ -53.908, -25.632 ], [ -53.907, -25.631 ], [ -53.906, -25.630 ], [ -53.905, -25.630 ], [ -53.905, -25.629 ], [ -53.904, -25.629 ], [ -53.903, -25.629 ], [ -53.903, -25.629 ], [ -53.902, -25.628 ], [ -53.902, -25.627 ], [ -53.901, -25.627 ], [ -53.901, -25.626 ], [ -53.900, -25.626 ], [ -53.899, -25.625 ], [ -53.899, -25.625 ], [ -53.897, -25.624 ], [ -53.897, -25.624 ], [ -53.896, -25.623 ], [ -53.895, -25.622 ], [ -53.894, -25.622 ], [ -53.893, -25.622 ], [ -53.893, -25.622 ], [ -53.892, -25.622 ], [ -53.892, -25.622 ], [ -53.891, -25.622 ], [ -53.891, -25.622 ], [ -53.890, -25.623 ], [ -53.890, -25.623 ], [ -53.889, -25.624 ], [ -53.889, -25.624 ], [ -53.889, -25.625 ], [ -53.888, -25.625 ], [ -53.889, -25.626 ], [ -53.889, -25.626 ], [ -53.889, -25.627 ], [ -53.890, -25.627 ], [ -53.891, -25.628 ], [ -53.892, -25.628 ], [ -53.892, -25.629 ], [ -53.893, -25.629 ], [ -53.892, -25.630 ], [ -53.892, -25.631 ], [ -53.892, -25.633 ], [ -53.893, -25.634 ], [ -53.894, -25.637 ], [ -53.894, -25.638 ], [ -53.894, -25.640 ], [ -53.895, -25.641 ], [ -53.895, -25.642 ], [ -53.895, -25.642 ], [ -53.894, -25.643 ], [ -53.893, -25.643 ], [ -53.892, -25.643 ], [ -53.890, -25.643 ], [ -53.889, -25.643 ], [ -53.888, -25.643 ], [ -53.888, -25.643 ], [ -53.887, -25.644 ], [ -53.886, -25.644 ], [ -53.885, -25.643 ], [ -53.884, -25.643 ], [ -53.883, -25.642 ], [ -53.883, -25.642 ], [ -53.882, -25.642 ], [ -53.882, -25.641 ], [ -53.882, -25.641 ], [ -53.881, -25.640 ], [ -53.881, -25.640 ], [ -53.880, -25.640 ], [ -53.879, -25.640 ], [ -53.878, -25.642 ], [ -53.877, -25.643 ], [ -53.877, -25.643 ], [ -53.880, -25.646 ], [ -53.880, -25.646 ], [ -53.881, -25.646 ], [ -53.881, -25.646 ], [ -53.882, -25.647 ], [ -53.883, -25.647 ], [ -53.883, -25.648 ], [ -53.884, -25.648 ], [ -53.884, -25.649 ], [ -53.884, -25.650 ], [ -53.884, -25.651 ], [ -53.899, -25.666 ], [ -53.933, -25.666 ], [ -53.966, -25.666 ], [ -53.966, -25.633 ], [ -53.999, -25.633 ], [ -53.999, -25.666 ], [ -54.033, -25.666 ], [ -54.033, -25.633 ], [ -54.066, -25.633 ], [ -54.099, -25.633 ], [ -54.133, -25.633 ], [ -54.166, -25.633 ], [ -54.199, -25.633 ], [ -54.233, -25.633 ], [ -54.266, -25.633 ], [ -54.299, -25.633 ], [ -54.333, -25.633 ], [ -54.333, -25.666 ], [ -54.366, -25.666 ], [ -54.399, -25.666 ], [ -54.415, -25.651 ], [ -54.413, -25.650 ], [ -54.406, -25.646 ], [ -54.400, -25.643 ], [ -54.397, -25.640 ], [ -54.394, -25.635 ], [ -54.393, -25.632 ], [ -54.390, -25.628 ], [ -54.390, -25.625 ], [ -54.389, -25.621 ], [ -54.390, -25.617 ], [ -54.391, -25.612 ], [ -54.393, -25.608 ], [ -54.389, -25.601 ], [ -54.383, -25.597 ], [ -54.375, -25.594 ], [ -54.369, -25.596 ], [ -54.360, -25.601 ], [ -54.357, -25.603 ], [ -54.357, -25.604 ], [ -54.356, -25.605 ], [ -54.355, -25.607 ], [ -54.345, -25.607 ], [ -54.328, -25.572 ], [ -54.294, -25.557 ], [ -54.28, -25.556 ], [ -54.263, -25.583 ], [ -54.25, -25.597 ], [ -54.24, -25.597 ], [ -54.235, -25.593 ], [ -54.237, -25.57 ], [ -54.23, -25.562 ], [ -54.223, -25.564 ], [ -54.2, -25.581 ], [ -54.189, -25.585 ], [ -54.178, -25.584 ], [ -54.173, -25.58 ], [ -54.173, -25.573 ], [ -54.18, -25.565 ], [ -54.205, -25.557 ], [ -54.208, -25.552 ], [ -54.206, -25.541 ], [ -54.200, -25.535 ], [ -54.19, -25.534 ], [ -54.173, -25.541 ], [ -54.163, -25.541 ], [ -54.161, -25.541 ], [ -54.144, -25.52 ], [ -54.108, -25.495 ], [ -54.099, -25.495 ], [ -54.093, -25.501 ], [ -54.097, -25.522 ] ] ], [ [ [ -64.899, -25.233 ], [ -64.933, -25.233 ], [ -64.933, -25.199 ], [ -64.899, -25.199 ], [ -64.899, -25.233 ] ] ], [ [ [ -64.966, -25.166 ], [ -64.999, -25.166 ], [ -64.999, -25.133 ], [ -64.966, -25.133 ], [ -64.966, -25.166 ] ] ], [ [ [ -59.566, -24.633 ], [ -59.599, -24.633 ], [ -59.599, -24.599 ], [ -59.566, -24.599 ], [ -59.566, -24.633 ] ] ], [ [ [ -55.666, -27.433 ], [ -55.699, -27.433 ], [ -55.699, -27.466 ], [ -55.699, -27.499 ], [ -55.666, -27.499 ], [ -55.666, -27.533 ], [ -55.666, -27.566 ], [ -55.699, -27.566 ], [ -55.733, -27.566 ], [ -55.733, -27.533 ], [ -55.766, -27.533 ], [ -55.766, -27.566 ], [ -55.733, -27.566 ], [ -55.733, -27.599 ], [ -55.733, -27.633 ], [ -55.733, -27.666 ], [ -55.766, -27.666 ], [ -55.799, -27.666 ], [ -55.799, -27.699 ], [ -55.799, -27.733 ], [ -55.833, -27.733 ], [ -55.833, -27.699 ], [ -55.866, -27.699 ], [ -55.899, -27.699 ], [ -55.899, -27.666 ], [ -55.866, -27.666 ], [ -55.866, -27.633 ], [ -55.899, -27.633 ], [ -55.933, -27.633 ], [ -55.966, -27.633 ], [ -55.966, -27.666 ], [ -55.933, -27.666 ], [ -55.933, -27.699 ], [ -55.933, -27.733 ], [ -55.966, -27.733 ], [ -55.966, -27.766 ], [ -55.933, -27.766 ], [ -55.899, -27.766 ], [ -55.899, -27.799 ], [ -55.899, -27.833 ], [ -55.933, -27.833 ], [ -55.933, -27.866 ], [ -55.966, -27.866 ], [ -55.966, -27.899 ], [ -55.966, -27.933 ], [ -55.999, -27.933 ], [ -56.033, -27.933 ], [ -56.066, -27.933 ], [ -56.099, -27.933 ], [ -56.099, -27.966 ], [ -56.133, -27.966 ], [ -56.133, -27.999 ], [ -56.133, -28.033 ], [ -56.099, -28.033 ], [ -56.066, -28.033 ], [ -56.066, -28.066 ], [ -56.099, -28.066 ], [ -56.099, -28.099 ], [ -56.099, -28.133 ], [ -56.133, -28.133 ], [ -56.133, -28.166 ], [ -56.133, -28.199 ], [ -56.166, -28.199 ], [ -56.199, -28.199 ], [ -56.199, -28.233 ], [ -56.233, -28.233 ], [ -56.266, -28.233 ], [ -56.299, -28.233 ], [ -56.299, -28.266 ], [ -56.333, -28.266 ], [ -56.333, -28.299 ], [ -56.366, -28.299 ], [ -56.399, -28.299 ], [ -56.433, -28.299 ], [ -56.433, -28.266 ], [ -56.433, -28.233 ], [ -56.466, -28.233 ], [ -56.466, -28.266 ], [ -56.499, -28.266 ], [ -56.533, -28.266 ], [ -56.533, -28.233 ], [ -56.533, -28.199 ], [ -56.566, -28.199 ], [ -56.599, -28.199 ], [ -56.633, -28.199 ], [ -56.666, -28.199 ], [ -56.699, -28.199 ], [ -56.733, -28.199 ], [ -56.733, -28.166 ], [ -56.733, -28.133 ], [ -56.766, -28.133 ], [ -56.799, -28.133 ], [ -56.799, -28.099 ], [ -56.799, -28.066 ], [ -56.833, -28.066 ], [ -56.866, -28.066 ], [ -56.899, -28.066 ], [ -56.899, -28.033 ], [ -56.933, -28.033 ], [ -56.966, -28.033 ], [ -56.999, -28.033 ], [ -56.999, -28.066 ], [ -56.999, -28.099 ], [ -57.033, -28.099 ], [ -57.066, -28.099 ], [ -57.099, -28.099 ], [ -57.133, -28.099 ], [ -57.133, -28.066 ], [ -57.166, -28.066 ], [ -57.199, -28.066 ], [ -57.233, -28.066 ], [ -57.266, -28.066 ], [ -57.299, -28.066 ], [ -57.333, -28.066 ], [ -57.333, -28.033 ], [ -57.366, -28.033 ], [ -57.399, -28.033 ], [ -57.433, -28.033 ], [ -57.466, -28.033 ], [ -57.499, -28.033 ], [ -57.533, -28.033 ], [ -57.566, -28.033 ], [ -57.599, -28.033 ], [ -57.633, -28.033 ], [ -57.666, -28.033 ], [ -57.699, -28.033 ], [ -57.733, -28.033 ], [ -57.766, -28.033 ], [ -57.799, -28.033 ], [ -57.833, -28.033 ], [ -57.866, -28.033 ], [ -57.899, -28.033 ], [ -57.933, -28.033 ], [ -57.966, -28.033 ], [ -57.999, -28.033 ], [ -57.999, -28.066 ], [ -58.033, -28.066 ], [ -58.066, -28.066 ], [ -58.066, -28.033 ], [ -58.099, -28.033 ], [ -58.133, -28.033 ], [ -58.166, -28.033 ], [ -58.166, -27.999 ], [ -58.199, -27.999 ], [ -58.233, -27.999 ], [ -58.233, -28.033 ], [ -58.266, -28.033 ], [ -58.299, -28.033 ], [ -58.299, -28.066 ], [ -58.333, -28.066 ], [ -58.333, -28.033 ], [ -58.366, -28.033 ], [ -58.399, -28.033 ], [ -58.399, -28.066 ], [ -58.433, -28.066 ], [ -58.466, -28.066 ], [ -58.499, -28.066 ], [ -58.499, -28.033 ], [ -58.533, -28.033 ], [ -58.566, -28.033 ], [ -58.599, -28.033 ], [ -58.633, -28.033 ], [ -58.666, -28.033 ], [ -58.666, -27.999 ], [ -58.699, -27.999 ], [ -58.733, -27.999 ], [ -58.766, -27.999 ], [ -58.799, -27.999 ], [ -58.833, -27.999 ], [ -58.833, -28.033 ], [ -58.833, -28.066 ], [ -58.866, -28.066 ], [ -58.866, -28.099 ], [ -58.899, -28.099 ], [ -58.899, -28.066 ], [ -58.899, -28.033 ], [ -58.933, -28.033 ], [ -58.933, -27.999 ], [ -58.966, -27.999 ], [ -58.966, -27.966 ], [ -58.999, -27.966 ], [ -58.999, -27.933 ], [ -58.999, -27.899 ], [ -58.999, -27.866 ], [ -58.999, -27.833 ], [ -58.966, -27.833 ], [ -58.966, -27.799 ], [ -58.966, -27.766 ], [ -58.933, -27.766 ], [ -58.933, -27.733 ], [ -58.933, -27.699 ], [ -58.933, -27.666 ], [ -58.933, -27.633 ], [ -58.933, -27.599 ], [ -58.933, -27.566 ], [ -58.933, -27.533 ], [ -58.933, -27.499 ], [ -58.933, -27.466 ], [ -58.933, -27.433 ], [ -58.933, -27.399 ], [ -58.933, -27.366 ], [ -58.933, -27.333 ], [ -58.933, -27.299 ], [ -58.933, -27.266 ], [ -58.933, -27.233 ], [ -58.933, -27.199 ], [ -58.933, -27.166 ], [ -58.933, -27.133 ], [ -58.933, -27.099 ], [ -58.933, -27.066 ], [ -58.933, -27.033 ], [ -58.966, -27.033 ], [ -58.966, -26.999 ], [ -58.999, -26.999 ], [ -58.999, -27.033 ], [ -58.999, -27.066 ], [ -59.033, -27.066 ], [ -59.033, -27.033 ], [ -59.066, -27.033 ], [ -59.099, -27.033 ], [ -59.133, -27.033 ], [ -59.133, -26.999 ], [ -59.166, -26.999 ], [ -59.166, -26.966 ], [ -59.199, -26.966 ], [ -59.233, -26.966 ], [ -59.266, -26.966 ], [ -59.266, -26.933 ], [ -59.299, -26.933 ], [ -59.333, -26.933 ], [ -59.366, -26.933 ], [ -59.366, -26.899 ], [ -59.399, -26.899 ], [ -59.399, -26.866 ], [ -59.399, -26.833 ], [ -59.433, -26.833 ], [ -59.433, -26.799 ], [ -59.433, -26.766 ], [ -59.466, -26.766 ], [ -59.466, -26.733 ], [ -59.499, -26.733 ], [ -59.499, -26.699 ], [ -59.533, -26.699 ], [ -59.533, -26.666 ], [ -59.533, -26.633 ], [ -59.533, -26.599 ], [ -59.533, -26.566 ], [ -59.566, -26.566 ], [ -59.599, -26.566 ], [ -59.599, -26.533 ], [ -59.599, -26.499 ], [ -59.599, -26.466 ], [ -59.599, -26.433 ], [ -59.633, -26.433 ], [ -59.666, -26.433 ], [ -59.666, -26.399 ], [ -59.699, -26.399 ], [ -59.699, -26.366 ], [ -59.699, -26.333 ], [ -59.733, -26.333 ], [ -59.733, -26.299 ], [ -59.733, -26.266 ], [ -59.733, -26.233 ], [ -59.766, -26.233 ], [ -59.766, -26.199 ], [ -59.766, -26.166 ], [ -59.766, -26.133 ], [ -59.766, -26.099 ], [ -59.766, -26.066 ], [ -59.733, -26.066 ], [ -59.733, -26.033 ], [ -59.766, -26.033 ], [ -59.766, -25.999 ], [ -59.766, -25.966 ], [ -59.799, -25.966 ], [ -59.799, -25.933 ], [ -59.766, -25.933 ], [ -59.766, -25.899 ], [ -59.799, -25.899 ], [ -59.799, -25.866 ], [ -59.799, -25.833 ], [ -59.799, -25.799 ], [ -59.799, -25.766 ], [ -59.833, -25.766 ], [ -59.833, -25.733 ], [ -59.833, -25.699 ], [ -59.833, -25.666 ], [ -59.799, -25.666 ], [ -59.799, -25.633 ], [ -59.833, -25.633 ], [ -59.833, -25.599 ], [ -59.866, -25.599 ], [ -59.866, -25.566 ], [ -59.866, -25.533 ], [ -59.866, -25.499 ], [ -59.866, -25.466 ], [ -59.833, -25.466 ], [ -59.833, -25.433 ], [ -59.833, -25.399 ], [ -59.833, -25.366 ], [ -59.799, -25.366 ], [ -59.799, -25.333 ], [ -59.799, -25.299 ], [ -59.766, -25.299 ], [ -59.766, -25.266 ], [ -59.766, -25.233 ], [ -59.766, -25.199 ], [ -59.733, -25.199 ], [ -59.733, -25.166 ], [ -59.766, -25.166 ], [ -59.766, -25.133 ], [ -59.766, -25.099 ], [ -59.799, -25.099 ], [ -59.799, -25.066 ], [ -59.799, -25.033 ], [ -59.766, -25.033 ], [ -59.766, -24.999 ], [ -59.799, -24.999 ], [ -59.799, -24.966 ], [ -59.799, -24.933 ], [ -59.766, -24.933 ], [ -59.766, -24.899 ], [ -59.733, -24.899 ], [ -59.699, -24.899 ], [ -59.699, -24.866 ], [ -59.666, -24.866 ], [ -59.666, -24.833 ], [ -59.633, -24.833 ], [ -59.633, -24.799 ], [ -59.599, -24.799 ], [ -59.599, -24.766 ], [ -59.599, -24.733 ], [ -59.566, -24.733 ], [ -59.566, -24.699 ], [ -59.566, -24.666 ], [ -59.566, -24.633 ], [ -59.533, -24.633 ], [ -59.533, -24.599 ], [ -59.533, -24.566 ], [ -59.533, -24.533 ], [ -59.533, -24.499 ], [ -59.566, -24.499 ], [ -59.566, -24.466 ], [ -59.599, -24.466 ], [ -59.599, -24.433 ], [ -59.633, -24.433 ], [ -59.633, -24.399 ], [ -59.633, -24.366 ], [ -59.633, -24.333 ], [ -59.666, -24.333 ], [ -59.666, -24.299 ], [ -59.666, -24.266 ], [ -59.699, -24.266 ], [ -59.699, -24.233 ], [ -59.733, -24.233 ], [ -59.733, -24.195 ], [ -59.725, -24.2 ], [ -59.706, -24.210 ], [ -59.688, -24.222 ], [ -59.670, -24.233 ], [ -59.651, -24.242 ], [ -59.638, -24.248 ], [ -59.636, -24.252 ], [ -59.633, -24.256 ], [ -59.631, -24.260 ], [ -59.628, -24.265 ], [ -59.626, -24.269 ], [ -59.624, -24.274 ], [ -59.622, -24.278 ], [ -59.619, -24.282 ], [ -59.615, -24.286 ], [ -59.610, -24.288 ], [ -59.605, -24.290 ], [ -59.599, -24.292 ], [ -59.593, -24.294 ], [ -59.587, -24.296 ], [ -59.581, -24.298 ], [ -59.576, -24.300 ], [ -59.569, -24.301 ], [ -59.564, -24.304 ], [ -59.552, -24.305 ], [ -59.543, -24.306 ], [ -59.535, -24.307 ], [ -59.526, -24.311 ], [ -59.519, -24.317 ], [ -59.517, -24.324 ], [ -59.515, -24.329 ], [ -59.515, -24.329 ], [ -59.515, -24.330 ], [ -59.514, -24.330 ], [ -59.514, -24.330 ], [ -59.514, -24.330 ], [ -59.513, -24.331 ], [ -59.513, -24.331 ], [ -59.513, -24.331 ], [ -59.512, -24.331 ], [ -59.512, -24.331 ], [ -59.512, -24.331 ], [ -59.511, -24.331 ], [ -59.511, -24.332 ], [ -59.510, -24.332 ], [ -59.510, -24.332 ], [ -59.509, -24.332 ], [ -59.509, -24.332 ], [ -59.509, -24.333 ], [ -59.509, -24.333 ], [ -59.508, -24.333 ], [ -59.508, -24.333 ], [ -59.507, -24.333 ], [ -59.506, -24.333 ], [ -59.506, -24.333 ], [ -59.505, -24.332 ], [ -59.505, -24.332 ], [ -59.504, -24.332 ], [ -59.504, -24.332 ], [ -59.503, -24.332 ], [ -59.503, -24.332 ], [ -59.502, -24.332 ], [ -59.502, -24.332 ], [ -59.502, -24.332 ], [ -59.501, -24.332 ], [ -59.501, -24.332 ], [ -59.500, -24.332 ], [ -59.500, -24.332 ], [ -59.500, -24.332 ], [ -59.499, -24.332 ], [ -59.499, -24.332 ], [ -59.498, -24.332 ], [ -59.498, -24.332 ], [ -59.498, -24.332 ], [ -59.497, -24.333 ], [ -59.497, -24.333 ], [ -59.496, -24.333 ], [ -59.496, -24.333 ], [ -59.496, -24.332 ], [ -59.495, -24.332 ], [ -59.495, -24.332 ], [ -59.494, -24.332 ], [ -59.494, -24.332 ], [ -59.493, -24.332 ], [ -59.493, -24.333 ], [ -59.492, -24.333 ], [ -59.492, -24.333 ], [ -59.491, -24.333 ], [ -59.491, -24.333 ], [ -59.490, -24.333 ], [ -59.490, -24.333 ], [ -59.490, -24.333 ], [ -59.489, -24.333 ], [ -59.489, -24.333 ], [ -59.488, -24.333 ], [ -59.488, -24.333 ], [ -59.487, -24.333 ], [ -59.487, -24.333 ], [ -59.486, -24.333 ], [ -59.486, -24.333 ], [ -59.486, -24.333 ], [ -59.486, -24.333 ], [ -59.486, -24.332 ], [ -59.485, -24.332 ], [ -59.485, -24.332 ], [ -59.485, -24.332 ], [ -59.484, -24.332 ], [ -59.484, -24.332 ], [ -59.483, -24.332 ], [ -59.483, -24.332 ], [ -59.483, -24.332 ], [ -59.482, -24.332 ], [ -59.482, -24.332 ], [ -59.481, -24.332 ], [ -59.481, -24.332 ], [ -59.481, -24.332 ], [ -59.481, -24.333 ], [ -59.480, -24.333 ], [ -59.480, -24.333 ], [ -59.479, -24.333 ], [ -59.479, -24.333 ], [ -59.478, -24.333 ], [ -59.478, -24.333 ], [ -59.478, -24.333 ], [ -59.477, -24.333 ], [ -59.477, -24.334 ], [ -59.476, -24.334 ], [ -59.476, -24.334 ], [ -59.475, -24.334 ], [ -59.475, -24.334 ], [ -59.474, -24.334 ], [ -59.474, -24.334 ], [ -59.474, -24.334 ], [ -59.473, -24.334 ], [ -59.473, -24.334 ], [ -59.472, -24.334 ], [ -59.472, -24.334 ], [ -59.471, -24.335 ], [ -59.471, -24.335 ], [ -59.471, -24.335 ], [ -59.470, -24.335 ], [ -59.470, -24.336 ], [ -59.470, -24.336 ], [ -59.469, -24.337 ], [ -59.469, -24.337 ], [ -59.469, -24.337 ], [ -59.469, -24.337 ], [ -59.469, -24.338 ], [ -59.469, -24.338 ], [ -59.469, -24.339 ], [ -59.468, -24.340 ], [ -59.468, -24.340 ], [ -59.468, -24.340 ], [ -59.468, -24.341 ], [ -59.468, -24.341 ], [ -59.468, -24.341 ], [ -59.469, -24.341 ], [ -59.469, -24.342 ], [ -59.469, -24.342 ], [ -59.470, -24.343 ], [ -59.470, -24.343 ], [ -59.470, -24.344 ], [ -59.471, -24.344 ], [ -59.471, -24.344 ], [ -59.471, -24.345 ], [ -59.471, -24.345 ], [ -59.472, -24.346 ], [ -59.472, -24.346 ], [ -59.472, -24.347 ], [ -59.472, -24.347 ], [ -59.471, -24.347 ], [ -59.471, -24.348 ], [ -59.471, -24.348 ], [ -59.471, -24.348 ], [ -59.471, -24.349 ], [ -59.471, -24.349 ], [ -59.471, -24.349 ], [ -59.470, -24.349 ], [ -59.470, -24.350 ], [ -59.470, -24.350 ], [ -59.469, -24.350 ], [ -59.469, -24.351 ], [ -59.469, -24.351 ], [ -59.469, -24.351 ], [ -59.468, -24.351 ], [ -59.468, -24.351 ], [ -59.467, -24.352 ], [ -59.467, -24.352 ], [ -59.467, -24.353 ], [ -59.467, -24.353 ], [ -59.466, -24.353 ], [ -59.466, -24.354 ], [ -59.465, -24.354 ], [ -59.464, -24.354 ], [ -59.464, -24.354 ], [ -59.463, -24.354 ], [ -59.463, -24.355 ], [ -59.463, -24.355 ], [ -59.462, -24.355 ], [ -59.462, -24.355 ], [ -59.462, -24.355 ], [ -59.461, -24.355 ], [ -59.461, -24.356 ], [ -59.461, -24.356 ], [ -59.460, -24.356 ], [ -59.460, -24.355 ], [ -59.460, -24.355 ], [ -59.460, -24.355 ], [ -59.459, -24.355 ], [ -59.459, -24.355 ], [ -59.459, -24.355 ], [ -59.459, -24.356 ], [ -59.459, -24.356 ], [ -59.459, -24.356 ], [ -59.458, -24.357 ], [ -59.458, -24.357 ], [ -59.458, -24.357 ], [ -59.457, -24.357 ], [ -59.457, -24.358 ], [ -59.457, -24.358 ], [ -59.457, -24.359 ], [ -59.457, -24.359 ], [ -59.457, -24.360 ], [ -59.457, -24.360 ], [ -59.458, -24.361 ], [ -59.457, -24.361 ], [ -59.457, -24.362 ], [ -59.457, -24.362 ], [ -59.457, -24.363 ], [ -59.458, -24.363 ], [ -59.458, -24.363 ], [ -59.458, -24.364 ], [ -59.458, -24.364 ], [ -59.458, -24.365 ], [ -59.458, -24.365 ], [ -59.458, -24.366 ], [ -59.459, -24.366 ], [ -59.459, -24.366 ], [ -59.459, -24.367 ], [ -59.459, -24.367 ], [ -59.459, -24.367 ], [ -59.459, -24.368 ], [ -59.459, -24.368 ], [ -59.458, -24.368 ], [ -59.458, -24.369 ], [ -59.458, -24.369 ], [ -59.458, -24.369 ], [ -59.457, -24.370 ], [ -59.458, -24.370 ], [ -59.458, -24.370 ], [ -59.458, -24.371 ], [ -59.457, -24.371 ], [ -59.457, -24.371 ], [ -59.457, -24.372 ], [ -59.457, -24.372 ], [ -59.457, -24.373 ], [ -59.456, -24.373 ], [ -59.456, -24.373 ], [ -59.456, -24.373 ], [ -59.455, -24.374 ], [ -59.455, -24.374 ], [ -59.454, -24.374 ], [ -59.454, -24.374 ], [ -59.454, -24.374 ], [ -59.453, -24.375 ], [ -59.453, -24.375 ], [ -59.452, -24.375 ], [ -59.452, -24.375 ], [ -59.452, -24.375 ], [ -59.451, -24.375 ], [ -59.451, -24.376 ], [ -59.450, -24.376 ], [ -59.450, -24.376 ], [ -59.450, -24.376 ], [ -59.450, -24.376 ], [ -59.449, -24.377 ], [ -59.449, -24.377 ], [ -59.449, -24.377 ], [ -59.448, -24.377 ], [ -59.448, -24.378 ], [ -59.448, -24.378 ], [ -59.447, -24.378 ], [ -59.447, -24.379 ], [ -59.447, -24.379 ], [ -59.447, -24.379 ], [ -59.447, -24.379 ], [ -59.447, -24.380 ], [ -59.447, -24.380 ], [ -59.447, -24.381 ], [ -59.447, -24.381 ], [ -59.447, -24.381 ], [ -59.447, -24.382 ], [ -59.446, -24.382 ], [ -59.446, -24.383 ], [ -59.446, -24.383 ], [ -59.446, -24.383 ], [ -59.445, -24.384 ], [ -59.445, -24.384 ], [ -59.445, -24.384 ], [ -59.444, -24.385 ], [ -59.444, -24.385 ], [ -59.443, -24.385 ], [ -59.443, -24.386 ], [ -59.443, -24.386 ], [ -59.443, -24.386 ], [ -59.443, -24.387 ], [ -59.442, -24.387 ], [ -59.442, -24.388 ], [ -59.442, -24.388 ], [ -59.442, -24.389 ], [ -59.442, -24.389 ], [ -59.442, -24.389 ], [ -59.441, -24.389 ], [ -59.441, -24.389 ], [ -59.441, -24.389 ], [ -59.440, -24.390 ], [ -59.440, -24.390 ], [ -59.440, -24.390 ], [ -59.439, -24.390 ], [ -59.439, -24.390 ], [ -59.439, -24.391 ], [ -59.438, -24.391 ], [ -59.438, -24.391 ], [ -59.437, -24.391 ], [ -59.437, -24.391 ], [ -59.437, -24.392 ], [ -59.436, -24.392 ], [ -59.436, -24.392 ], [ -59.435, -24.392 ], [ -59.434, -24.392 ], [ -59.434, -24.392 ], [ -59.434, -24.393 ], [ -59.433, -24.393 ], [ -59.433, -24.393 ], [ -59.432, -24.393 ], [ -59.432, -24.393 ], [ -59.432, -24.393 ], [ -59.432, -24.393 ], [ -59.431, -24.394 ], [ -59.431, -24.394 ], [ -59.430, -24.394 ], [ -59.430, -24.394 ], [ -59.430, -24.394 ], [ -59.429, -24.394 ], [ -59.429, -24.394 ], [ -59.428, -24.394 ], [ -59.428, -24.394 ], [ -59.427, -24.394 ], [ -59.427, -24.394 ], [ -59.427, -24.394 ], [ -59.427, -24.395 ], [ -59.426, -24.395 ], [ -59.426, -24.395 ], [ -59.425, -24.395 ], [ -59.425, -24.396 ], [ -59.425, -24.396 ], [ -59.424, -24.396 ], [ -59.424, -24.397 ], [ -59.423, -24.398 ], [ -59.423, -24.398 ], [ -59.423, -24.399 ], [ -59.423, -24.399 ], [ -59.423, -24.399 ], [ -59.422, -24.400 ], [ -59.422, -24.400 ], [ -59.422, -24.400 ], [ -59.422, -24.401 ], [ -59.423, -24.401 ], [ -59.423, -24.401 ], [ -59.423, -24.401 ], [ -59.422, -24.402 ], [ -59.422, -24.402 ], [ -59.422, -24.402 ], [ -59.422, -24.402 ], [ -59.422, -24.403 ], [ -59.422, -24.403 ], [ -59.422, -24.404 ], [ -59.422, -24.404 ], [ -59.422, -24.404 ], [ -59.422, -24.405 ], [ -59.422, -24.405 ], [ -59.422, -24.405 ], [ -59.422, -24.406 ], [ -59.422, -24.406 ], [ -59.422, -24.407 ], [ -59.422, -24.407 ], [ -59.422, -24.407 ], [ -59.421, -24.408 ], [ -59.421, -24.408 ], [ -59.421, -24.408 ], [ -59.421, -24.409 ], [ -59.420, -24.409 ], [ -59.420, -24.409 ], [ -59.419, -24.409 ], [ -59.419, -24.409 ], [ -59.419, -24.409 ], [ -59.418, -24.409 ], [ -59.418, -24.409 ], [ -59.417, -24.409 ], [ -59.417, -24.409 ], [ -59.417, -24.409 ], [ -59.416, -24.410 ], [ -59.416, -24.409 ], [ -59.415, -24.410 ], [ -59.414, -24.410 ], [ -59.414, -24.410 ], [ -59.414, -24.410 ], [ -59.413, -24.411 ], [ -59.413, -24.411 ], [ -59.413, -24.411 ], [ -59.412, -24.412 ], [ -59.412, -24.412 ], [ -59.412, -24.412 ], [ -59.411, -24.412 ], [ -59.411, -24.412 ], [ -59.411, -24.412 ], [ -59.411, -24.411 ], [ -59.410, -24.411 ], [ -59.410, -24.411 ], [ -59.410, -24.411 ], [ -59.409, -24.411 ], [ -59.409, -24.411 ], [ -59.408, -24.411 ], [ -59.408, -24.411 ], [ -59.407, -24.411 ], [ -59.407, -24.411 ], [ -59.407, -24.411 ], [ -59.406, -24.412 ], [ -59.406, -24.412 ], [ -59.405, -24.412 ], [ -59.405, -24.412 ], [ -59.404, -24.412 ], [ -59.404, -24.412 ], [ -59.404, -24.412 ], [ -59.403, -24.412 ], [ -59.403, -24.412 ], [ -59.403, -24.412 ], [ -59.401, -24.412 ], [ -59.401, -24.412 ], [ -59.401, -24.411 ], [ -59.401, -24.411 ], [ -59.400, -24.411 ], [ -59.400, -24.411 ], [ -59.400, -24.411 ], [ -59.399, -24.411 ], [ -59.399, -24.411 ], [ -59.399, -24.412 ], [ -59.398, -24.412 ], [ -59.398, -24.412 ], [ -59.397, -24.412 ], [ -59.397, -24.412 ], [ -59.397, -24.412 ], [ -59.396, -24.412 ], [ -59.395, -24.412 ], [ -59.395, -24.413 ], [ -59.394, -24.413 ], [ -59.394, -24.413 ], [ -59.394, -24.413 ], [ -59.393, -24.413 ], [ -59.393, -24.413 ], [ -59.393, -24.413 ], [ -59.393, -24.413 ], [ -59.393, -24.413 ], [ -59.393, -24.414 ], [ -59.392, -24.414 ], [ -59.391, -24.414 ], [ -59.390, -24.415 ], [ -59.390, -24.415 ], [ -59.390, -24.415 ], [ -59.389, -24.416 ], [ -59.384, -24.420 ], [ -59.380, -24.421 ], [ -59.376, -24.420 ], [ -59.373, -24.423 ], [ -59.372, -24.427 ], [ -59.373, -24.431 ], [ -59.369, -24.435 ], [ -59.369, -24.438 ], [ -59.366, -24.441 ], [ -59.365, -24.447 ], [ -59.363, -24.450 ], [ -59.358, -24.454 ], [ -59.358, -24.457 ], [ -59.355, -24.463 ], [ -59.354, -24.472 ], [ -59.352, -24.474 ], [ -59.353, -24.479 ], [ -59.351, -24.482 ], [ -59.348, -24.484 ], [ -59.343, -24.486 ], [ -59.340, -24.491 ], [ -59.333, -24.489 ], [ -59.328, -24.492 ], [ -59.324, -24.489 ], [ -59.319, -24.492 ], [ -59.316, -24.498 ], [ -59.315, -24.500 ], [ -59.314, -24.500 ], [ -59.314, -24.500 ], [ -59.314, -24.501 ], [ -59.314, -24.501 ], [ -59.313, -24.501 ], [ -59.313, -24.501 ], [ -59.312, -24.502 ], [ -59.311, -24.502 ], [ -59.311, -24.502 ], [ -59.311, -24.502 ], [ -59.310, -24.503 ], [ -59.310, -24.503 ], [ -59.310, -24.502 ], [ -59.309, -24.502 ], [ -59.308, -24.502 ], [ -59.308, -24.501 ], [ -59.307, -24.501 ], [ -59.307, -24.501 ], [ -59.306, -24.501 ], [ -59.306, -24.501 ], [ -59.306, -24.501 ], [ -59.305, -24.501 ], [ -59.305, -24.501 ], [ -59.305, -24.501 ], [ -59.304, -24.501 ], [ -59.304, -24.502 ], [ -59.304, -24.502 ], [ -59.304, -24.502 ], [ -59.304, -24.503 ], [ -59.304, -24.503 ], [ -59.304, -24.504 ], [ -59.304, -24.504 ], [ -59.303, -24.504 ], [ -59.303, -24.504 ], [ -59.303, -24.504 ], [ -59.302, -24.504 ], [ -59.302, -24.504 ], [ -59.302, -24.503 ], [ -59.302, -24.503 ], [ -59.301, -24.503 ], [ -59.301, -24.503 ], [ -59.301, -24.503 ], [ -59.300, -24.503 ], [ -59.300, -24.504 ], [ -59.300, -24.504 ], [ -59.300, -24.505 ], [ -59.300, -24.505 ], [ -59.300, -24.506 ], [ -59.300, -24.506 ], [ -59.299, -24.506 ], [ -59.299, -24.507 ], [ -59.298, -24.507 ], [ -59.298, -24.508 ], [ -59.298, -24.508 ], [ -59.298, -24.508 ], [ -59.298, -24.509 ], [ -59.298, -24.509 ], [ -59.298, -24.509 ], [ -59.297, -24.510 ], [ -59.297, -24.510 ], [ -59.297, -24.510 ], [ -59.296, -24.510 ], [ -59.296, -24.510 ], [ -59.295, -24.510 ], [ -59.295, -24.511 ], [ -59.296, -24.511 ], [ -59.296, -24.512 ], [ -59.296, -24.512 ], [ -59.296, -24.512 ], [ -59.296, -24.513 ], [ -59.296, -24.513 ], [ -59.296, -24.513 ], [ -59.296, -24.513 ], [ -59.295, -24.514 ], [ -59.294, -24.514 ], [ -59.294, -24.515 ], [ -59.293, -24.515 ], [ -59.293, -24.515 ], [ -59.292, -24.515 ], [ -59.291, -24.516 ], [ -59.291, -24.516 ], [ -59.290, -24.516 ], [ -59.290, -24.516 ], [ -59.290, -24.516 ], [ -59.289, -24.516 ], [ -59.289, -24.516 ], [ -59.289, -24.516 ], [ -59.288, -24.517 ], [ -59.288, -24.517 ], [ -59.287, -24.517 ], [ -59.287, -24.517 ], [ -59.287, -24.517 ], [ -59.286, -24.517 ], [ -59.286, -24.518 ], [ -59.286, -24.518 ], [ -59.285, -24.518 ], [ -59.285, -24.518 ], [ -59.284, -24.518 ], [ -59.284, -24.517 ], [ -59.284, -24.517 ], [ -59.283, -24.517 ], [ -59.283, -24.517 ], [ -59.283, -24.517 ], [ -59.282, -24.517 ], [ -59.282, -24.517 ], [ -59.281, -24.518 ], [ -59.281, -24.518 ], [ -59.281, -24.518 ], [ -59.280, -24.518 ], [ -59.280, -24.518 ], [ -59.280, -24.518 ], [ -59.279, -24.517 ], [ -59.279, -24.517 ], [ -59.279, -24.517 ], [ -59.278, -24.517 ], [ -59.278, -24.517 ], [ -59.278, -24.516 ], [ -59.278, -24.516 ], [ -59.277, -24.516 ], [ -59.277, -24.516 ], [ -59.276, -24.516 ], [ -59.276, -24.516 ], [ -59.275, -24.516 ], [ -59.275, -24.516 ], [ -59.275, -24.516 ], [ -59.274, -24.516 ], [ -59.273, -24.517 ], [ -59.272, -24.517 ], [ -59.272, -24.517 ], [ -59.272, -24.517 ], [ -59.271, -24.517 ], [ -59.271, -24.517 ], [ -59.271, -24.518 ], [ -59.270, -24.518 ], [ -59.270, -24.518 ], [ -59.269, -24.518 ], [ -59.269, -24.518 ], [ -59.268, -24.519 ], [ -59.268, -24.519 ], [ -59.268, -24.519 ], [ -59.267, -24.518 ], [ -59.267, -24.519 ], [ -59.267, -24.519 ], [ -59.266, -24.519 ], [ -59.266, -24.519 ], [ -59.267, -24.519 ], [ -59.267, -24.520 ], [ -59.266, -24.520 ], [ -59.266, -24.520 ], [ -59.266, -24.519 ], [ -59.266, -24.519 ], [ -59.265, -24.519 ], [ -59.265, -24.519 ], [ -59.265, -24.519 ], [ -59.264, -24.519 ], [ -59.264, -24.519 ], [ -59.264, -24.519 ], [ -59.263, -24.519 ], [ -59.263, -24.519 ], [ -59.263, -24.519 ], [ -59.262, -24.520 ], [ -59.262, -24.520 ], [ -59.262, -24.520 ], [ -59.261, -24.519 ], [ -59.261, -24.519 ], [ -59.261, -24.519 ], [ -59.260, -24.519 ], [ -59.260, -24.519 ], [ -59.259, -24.519 ], [ -59.259, -24.519 ], [ -59.258, -24.519 ], [ -59.258, -24.519 ], [ -59.258, -24.519 ], [ -59.257, -24.519 ], [ -59.257, -24.519 ], [ -59.257, -24.520 ], [ -59.256, -24.520 ], [ -59.256, -24.520 ], [ -59.256, -24.521 ], [ -59.255, -24.521 ], [ -59.255, -24.521 ], [ -59.255, -24.521 ], [ -59.255, -24.522 ], [ -59.254, -24.522 ], [ -59.254, -24.522 ], [ -59.254, -24.523 ], [ -59.253, -24.523 ], [ -59.253, -24.523 ], [ -59.253, -24.523 ], [ -59.252, -24.523 ], [ -59.252, -24.523 ], [ -59.252, -24.523 ], [ -59.252, -24.524 ], [ -59.252, -24.524 ], [ -59.252, -24.524 ], [ -59.252, -24.525 ], [ -59.252, -24.525 ], [ -59.252, -24.525 ], [ -59.251, -24.526 ], [ -59.251, -24.526 ], [ -59.251, -24.526 ], [ -59.250, -24.527 ], [ -59.250, -24.527 ], [ -59.250, -24.527 ], [ -59.250, -24.527 ], [ -59.251, -24.528 ], [ -59.251, -24.529 ], [ -59.251, -24.529 ], [ -59.251, -24.530 ], [ -59.251, -24.530 ], [ -59.251, -24.531 ], [ -59.251, -24.531 ], [ -59.251, -24.532 ], [ -59.251, -24.532 ], [ -59.251, -24.532 ], [ -59.250, -24.532 ], [ -59.249, -24.532 ], [ -59.248, -24.532 ], [ -59.248, -24.532 ], [ -59.248, -24.533 ], [ -59.248, -24.533 ], [ -59.248, -24.534 ], [ -59.247, -24.534 ], [ -59.247, -24.534 ], [ -59.247, -24.534 ], [ -59.246, -24.535 ], [ -59.246, -24.535 ], [ -59.246, -24.535 ], [ -59.245, -24.536 ], [ -59.245, -24.536 ], [ -59.245, -24.537 ], [ -59.244, -24.537 ], [ -59.243, -24.538 ], [ -59.243, -24.538 ], [ -59.243, -24.539 ], [ -59.243, -24.539 ], [ -59.243, -24.539 ], [ -59.243, -24.540 ], [ -59.243, -24.541 ], [ -59.243, -24.541 ], [ -59.242, -24.542 ], [ -59.242, -24.543 ], [ -59.242, -24.543 ], [ -59.242, -24.544 ], [ -59.241, -24.544 ], [ -59.241, -24.545 ], [ -59.241, -24.545 ], [ -59.241, -24.546 ], [ -59.240, -24.546 ], [ -59.240, -24.546 ], [ -59.240, -24.546 ], [ -59.239, -24.546 ], [ -59.239, -24.546 ], [ -59.239, -24.546 ], [ -59.238, -24.546 ], [ -59.238, -24.546 ], [ -59.238, -24.547 ], [ -59.237, -24.547 ], [ -59.237, -24.547 ], [ -59.237, -24.547 ], [ -59.237, -24.547 ], [ -59.236, -24.547 ], [ -59.236, -24.548 ], [ -59.236, -24.548 ], [ -59.236, -24.549 ], [ -59.235, -24.549 ], [ -59.235, -24.549 ], [ -59.235, -24.549 ], [ -59.234, -24.548 ], [ -59.234, -24.548 ], [ -59.234, -24.548 ], [ -59.233, -24.548 ], [ -59.233, -24.548 ], [ -59.232, -24.549 ], [ -59.232, -24.549 ], [ -59.232, -24.549 ], [ -59.231, -24.549 ], [ -59.231, -24.549 ], [ -59.229, -24.549 ], [ -59.229, -24.549 ], [ -59.228, -24.549 ], [ -59.228, -24.549 ], [ -59.228, -24.549 ], [ -59.227, -24.549 ], [ -59.227, -24.549 ], [ -59.227, -24.549 ], [ -59.227, -24.549 ], [ -59.227, -24.550 ], [ -59.227, -24.550 ], [ -59.227, -24.550 ], [ -59.227, -24.550 ], [ -59.226, -24.551 ], [ -59.226, -24.551 ], [ -59.226, -24.551 ], [ -59.225, -24.551 ], [ -59.225, -24.551 ], [ -59.225, -24.551 ], [ -59.224, -24.551 ], [ -59.224, -24.550 ], [ -59.224, -24.550 ], [ -59.224, -24.549 ], [ -59.224, -24.550 ], [ -59.224, -24.550 ], [ -59.224, -24.550 ], [ -59.224, -24.551 ], [ -59.223, -24.551 ], [ -59.223, -24.551 ], [ -59.223, -24.552 ], [ -59.222, -24.552 ], [ -59.222, -24.552 ], [ -59.222, -24.552 ], [ -59.221, -24.551 ], [ -59.221, -24.551 ], [ -59.220, -24.551 ], [ -59.220, -24.552 ], [ -59.220, -24.552 ], [ -59.219, -24.552 ], [ -59.219, -24.552 ], [ -59.219, -24.553 ], [ -59.219, -24.553 ], [ -59.219, -24.553 ], [ -59.218, -24.553 ], [ -59.218, -24.554 ], [ -59.217, -24.554 ], [ -59.217, -24.554 ], [ -59.217, -24.554 ], [ -59.216, -24.554 ], [ -59.216, -24.554 ], [ -59.215, -24.554 ], [ -59.215, -24.554 ], [ -59.215, -24.553 ], [ -59.214, -24.553 ], [ -59.214, -24.554 ], [ -59.213, -24.554 ], [ -59.213, -24.554 ], [ -59.213, -24.554 ], [ -59.212, -24.555 ], [ -59.212, -24.555 ], [ -59.212, -24.555 ], [ -59.211, -24.555 ], [ -59.211, -24.556 ], [ -59.211, -24.556 ], [ -59.210, -24.556 ], [ -59.210, -24.555 ], [ -59.210, -24.555 ], [ -59.209, -24.555 ], [ -59.209, -24.555 ], [ -59.208, -24.555 ], [ -59.208, -24.555 ], [ -59.208, -24.555 ], [ -59.207, -24.555 ], [ -59.207, -24.555 ], [ -59.206, -24.555 ], [ -59.206, -24.554 ], [ -59.206, -24.555 ], [ -59.205, -24.555 ], [ -59.205, -24.555 ], [ -59.205, -24.555 ], [ -59.205, -24.556 ], [ -59.205, -24.557 ], [ -59.204, -24.557 ], [ -59.203, -24.558 ], [ -59.203, -24.559 ], [ -59.201, -24.559 ], [ -59.200, -24.560 ], [ -59.199, -24.560 ], [ -59.197, -24.560 ], [ -59.196, -24.561 ], [ -59.196, -24.561 ], [ -59.195, -24.561 ], [ -59.194, -24.561 ], [ -59.193, -24.562 ], [ -59.190, -24.562 ], [ -59.187, -24.562 ], [ -59.186, -24.563 ], [ -59.184, -24.564 ], [ -59.184, -24.567 ], [ -59.182, -24.568 ], [ -59.181, -24.569 ], [ -59.181, -24.570 ], [ -59.180, -24.570 ], [ -59.179, -24.571 ], [ -59.180, -24.572 ], [ -59.180, -24.574 ], [ -59.180, -24.575 ], [ -59.178, -24.576 ], [ -59.178, -24.576 ], [ -59.177, -24.577 ], [ -59.177, -24.578 ], [ -59.176, -24.578 ], [ -59.176, -24.578 ], [ -59.175, -24.578 ], [ -59.175, -24.579 ], [ -59.174, -24.579 ], [ -59.174, -24.579 ], [ -59.174, -24.579 ], [ -59.174, -24.580 ], [ -59.173, -24.580 ], [ -59.173, -24.580 ], [ -59.173, -24.581 ], [ -59.173, -24.581 ], [ -59.172, -24.581 ], [ -59.172, -24.581 ], [ -59.172, -24.580 ], [ -59.171, -24.580 ], [ -59.171, -24.581 ], [ -59.170, -24.581 ], [ -59.170, -24.581 ], [ -59.170, -24.582 ], [ -59.170, -24.582 ], [ -59.169, -24.582 ], [ -59.169, -24.582 ], [ -59.169, -24.582 ], [ -59.168, -24.582 ], [ -59.168, -24.582 ], [ -59.167, -24.582 ], [ -59.167, -24.582 ], [ -59.165, -24.584 ], [ -59.164, -24.585 ], [ -59.162, -24.585 ], [ -59.161, -24.585 ], [ -59.160, -24.585 ], [ -59.160, -24.586 ], [ -59.158, -24.587 ], [ -59.157, -24.587 ], [ -59.156, -24.588 ], [ -59.155, -24.589 ], [ -59.155, -24.590 ], [ -59.155, -24.591 ], [ -59.155, -24.593 ], [ -59.155, -24.593 ], [ -59.154, -24.594 ], [ -59.153, -24.594 ], [ -59.153, -24.595 ], [ -59.153, -24.597 ], [ -59.153, -24.598 ], [ -59.152, -24.600 ], [ -59.151, -24.600 ], [ -59.150, -24.601 ], [ -59.148, -24.601 ], [ -59.147, -24.602 ], [ -59.146, -24.603 ], [ -59.144, -24.604 ], [ -59.143, -24.604 ], [ -59.142, -24.605 ], [ -59.138, -24.606 ], [ -59.132, -24.608 ], [ -59.129, -24.612 ], [ -59.130, -24.617 ], [ -59.124, -24.618 ], [ -59.121, -24.618 ], [ -59.116, -24.622 ], [ -59.108, -24.623 ], [ -59.104, -24.619 ], [ -59.098, -24.617 ], [ -59.091, -24.617 ], [ -59.082, -24.620 ], [ -59.075, -24.624 ], [ -59.065, -24.630 ], [ -59.062, -24.628 ], [ -59.056, -24.631 ], [ -59.053, -24.637 ], [ -59.050, -24.642 ], [ -59.043, -24.645 ], [ -59.037, -24.646 ], [ -59.032, -24.648 ], [ -59.023, -24.660 ], [ -59.017, -24.660 ], [ -59.010, -24.659 ], [ -59.005, -24.660 ], [ -59.001, -24.662 ], [ -58.995, -24.664 ], [ -58.989, -24.662 ], [ -58.984, -24.660 ], [ -58.980, -24.660 ], [ -58.973, -24.662 ], [ -58.970, -24.663 ], [ -58.968, -24.665 ], [ -58.967, -24.671 ], [ -58.966, -24.672 ], [ -58.964, -24.672 ], [ -58.963, -24.673 ], [ -58.961, -24.673 ], [ -58.959, -24.675 ], [ -58.957, -24.676 ], [ -58.955, -24.676 ], [ -58.953, -24.677 ], [ -58.950, -24.678 ], [ -58.948, -24.679 ], [ -58.946, -24.679 ], [ -58.945, -24.679 ], [ -58.944, -24.679 ], [ -58.944, -24.679 ], [ -58.943, -24.680 ], [ -58.943, -24.680 ], [ -58.943, -24.680 ], [ -58.942, -24.680 ], [ -58.942, -24.680 ], [ -58.942, -24.680 ], [ -58.941, -24.681 ], [ -58.941, -24.681 ], [ -58.941, -24.681 ], [ -58.941, -24.682 ], [ -58.940, -24.682 ], [ -58.940, -24.683 ], [ -58.940, -24.683 ], [ -58.940, -24.683 ], [ -58.940, -24.684 ], [ -58.940, -24.684 ], [ -58.940, -24.685 ], [ -58.940, -24.685 ], [ -58.939, -24.685 ], [ -58.939, -24.685 ], [ -58.939, -24.685 ], [ -58.938, -24.686 ], [ -58.938, -24.686 ], [ -58.937, -24.686 ], [ -58.937, -24.686 ], [ -58.936, -24.686 ], [ -58.936, -24.686 ], [ -58.936, -24.686 ], [ -58.935, -24.686 ], [ -58.935, -24.686 ], [ -58.934, -24.687 ], [ -58.934, -24.687 ], [ -58.934, -24.687 ], [ -58.934, -24.687 ], [ -58.933, -24.687 ], [ -58.933, -24.688 ], [ -58.933, -24.688 ], [ -58.932, -24.688 ], [ -58.932, -24.688 ], [ -58.932, -24.688 ], [ -58.932, -24.689 ], [ -58.931, -24.689 ], [ -58.931, -24.689 ], [ -58.931, -24.689 ], [ -58.930, -24.690 ], [ -58.930, -24.690 ], [ -58.929, -24.690 ], [ -58.929, -24.690 ], [ -58.929, -24.690 ], [ -58.928, -24.691 ], [ -58.928, -24.691 ], [ -58.928, -24.691 ], [ -58.928, -24.691 ], [ -58.927, -24.692 ], [ -58.927, -24.692 ], [ -58.927, -24.692 ], [ -58.927, -24.692 ], [ -58.927, -24.693 ], [ -58.927, -24.693 ], [ -58.927, -24.694 ], [ -58.927, -24.694 ], [ -58.927, -24.695 ], [ -58.927, -24.695 ], [ -58.926, -24.695 ], [ -58.926, -24.696 ], [ -58.926, -24.696 ], [ -58.925, -24.696 ], [ -58.925, -24.696 ], [ -58.924, -24.696 ], [ -58.924, -24.696 ], [ -58.923, -24.696 ], [ -58.923, -24.696 ], [ -58.922, -24.696 ], [ -58.921, -24.697 ], [ -58.921, -24.697 ], [ -58.921, -24.697 ], [ -58.920, -24.696 ], [ -58.920, -24.696 ], [ -58.920, -24.696 ], [ -58.919, -24.696 ], [ -58.919, -24.696 ], [ -58.918, -24.696 ], [ -58.918, -24.696 ], [ -58.917, -24.696 ], [ -58.917, -24.696 ], [ -58.916, -24.696 ], [ -58.916, -24.696 ], [ -58.916, -24.697 ], [ -58.915, -24.697 ], [ -58.915, -24.697 ], [ -58.915, -24.697 ], [ -58.914, -24.697 ], [ -58.914, -24.697 ], [ -58.913, -24.698 ], [ -58.913, -24.698 ], [ -58.913, -24.699 ], [ -58.913, -24.699 ], [ -58.912, -24.700 ], [ -58.912, -24.700 ], [ -58.912, -24.700 ], [ -58.912, -24.701 ], [ -58.912, -24.701 ], [ -58.911, -24.701 ], [ -58.911, -24.701 ], [ -58.910, -24.702 ], [ -58.910, -24.702 ], [ -58.909, -24.702 ], [ -58.909, -24.702 ], [ -58.909, -24.703 ], [ -58.908, -24.703 ], [ -58.908, -24.703 ], [ -58.908, -24.703 ], [ -58.907, -24.703 ], [ -58.907, -24.703 ], [ -58.906, -24.703 ], [ -58.906, -24.703 ], [ -58.906, -24.703 ], [ -58.905, -24.703 ], [ -58.905, -24.703 ], [ -58.905, -24.703 ], [ -58.904, -24.703 ], [ -58.904, -24.704 ], [ -58.904, -24.704 ], [ -58.903, -24.704 ], [ -58.903, -24.704 ], [ -58.903, -24.704 ], [ -58.903, -24.705 ], [ -58.903, -24.705 ], [ -58.903, -24.706 ], [ -58.903, -24.706 ], [ -58.902, -24.706 ], [ -58.902, -24.707 ], [ -58.902, -24.707 ], [ -58.902, -24.707 ], [ -58.902, -24.708 ], [ -58.902, -24.708 ], [ -58.902, -24.709 ], [ -58.901, -24.709 ], [ -58.901, -24.709 ], [ -58.901, -24.709 ], [ -58.900, -24.709 ], [ -58.900, -24.709 ], [ -58.900, -24.709 ], [ -58.899, -24.709 ], [ -58.899, -24.709 ], [ -58.898, -24.709 ], [ -58.898, -24.710 ], [ -58.897, -24.710 ], [ -58.897, -24.710 ], [ -58.896, -24.711 ], [ -58.895, -24.712 ], [ -58.895, -24.712 ], [ -58.894, -24.712 ], [ -58.894, -24.713 ], [ -58.893, -24.714 ], [ -58.893, -24.714 ], [ -58.892, -24.714 ], [ -58.892, -24.715 ], [ -58.892, -24.715 ], [ -58.891, -24.715 ], [ -58.891, -24.715 ], [ -58.890, -24.715 ], [ -58.890, -24.715 ], [ -58.890, -24.715 ], [ -58.890, -24.716 ], [ -58.889, -24.716 ], [ -58.889, -24.716 ], [ -58.888, -24.716 ], [ -58.888, -24.716 ], [ -58.888, -24.717 ], [ -58.887, -24.717 ], [ -58.887, -24.718 ], [ -58.886, -24.718 ], [ -58.886, -24.719 ], [ -58.885, -24.720 ], [ -58.884, -24.721 ], [ -58.884, -24.722 ], [ -58.884, -24.722 ], [ -58.884, -24.722 ], [ -58.884, -24.723 ], [ -58.884, -24.723 ], [ -58.883, -24.724 ], [ -58.884, -24.724 ], [ -58.884, -24.724 ], [ -58.884, -24.725 ], [ -58.883, -24.725 ], [ -58.883, -24.726 ], [ -58.883, -24.726 ], [ -58.882, -24.727 ], [ -58.882, -24.727 ], [ -58.882, -24.728 ], [ -58.881, -24.728 ], [ -58.881, -24.729 ], [ -58.881, -24.729 ], [ -58.881, -24.730 ], [ -58.881, -24.730 ], [ -58.881, -24.730 ], [ -58.880, -24.731 ], [ -58.880, -24.731 ], [ -58.879, -24.731 ], [ -58.879, -24.731 ], [ -58.879, -24.732 ], [ -58.879, -24.732 ], [ -58.879, -24.732 ], [ -58.878, -24.733 ], [ -58.878, -24.733 ], [ -58.878, -24.733 ], [ -58.877, -24.733 ], [ -58.876, -24.733 ], [ -58.876, -24.733 ], [ -58.875, -24.733 ], [ -58.874, -24.732 ], [ -58.873, -24.732 ], [ -58.873, -24.732 ], [ -58.873, -24.731 ], [ -58.873, -24.731 ], [ -58.872, -24.730 ], [ -58.872, -24.730 ], [ -58.872, -24.730 ], [ -58.872, -24.730 ], [ -58.871, -24.729 ], [ -58.871, -24.729 ], [ -58.871, -24.729 ], [ -58.871, -24.728 ], [ -58.870, -24.728 ], [ -58.870, -24.728 ], [ -58.870, -24.728 ], [ -58.869, -24.728 ], [ -58.869, -24.728 ], [ -58.868, -24.728 ], [ -58.868, -24.728 ], [ -58.867, -24.729 ], [ -58.867, -24.729 ], [ -58.866, -24.729 ], [ -58.866, -24.729 ], [ -58.866, -24.728 ], [ -58.865, -24.728 ], [ -58.865, -24.728 ], [ -58.865, -24.728 ], [ -58.864, -24.729 ], [ -58.864, -24.729 ], [ -58.863, -24.729 ], [ -58.863, -24.729 ], [ -58.863, -24.729 ], [ -58.863, -24.729 ], [ -58.862, -24.730 ], [ -58.862, -24.730 ], [ -58.862, -24.730 ], [ -58.861, -24.731 ], [ -58.860, -24.731 ], [ -58.860, -24.731 ], [ -58.859, -24.731 ], [ -58.859, -24.731 ], [ -58.858, -24.731 ], [ -58.858, -24.731 ], [ -58.857, -24.731 ], [ -58.856, -24.732 ], [ -58.856, -24.732 ], [ -58.855, -24.732 ], [ -58.855, -24.732 ], [ -58.855, -24.732 ], [ -58.854, -24.732 ], [ -58.854, -24.732 ], [ -58.854, -24.733 ], [ -58.854, -24.733 ], [ -58.854, -24.734 ], [ -58.854, -24.734 ], [ -58.853, -24.734 ], [ -58.853, -24.735 ], [ -58.853, -24.735 ], [ -58.852, -24.735 ], [ -58.852, -24.736 ], [ -58.852, -24.736 ], [ -58.851, -24.736 ], [ -58.851, -24.736 ], [ -58.851, -24.736 ], [ -58.850, -24.736 ], [ -58.849, -24.736 ], [ -58.849, -24.736 ], [ -58.849, -24.736 ], [ -58.848, -24.736 ], [ -58.848, -24.736 ], [ -58.847, -24.736 ], [ -58.847, -24.737 ], [ -58.846, -24.737 ], [ -58.846, -24.737 ], [ -58.846, -24.737 ], [ -58.846, -24.737 ], [ -58.845, -24.738 ], [ -58.845, -24.738 ], [ -58.845, -24.738 ], [ -58.845, -24.739 ], [ -58.845, -24.739 ], [ -58.844, -24.739 ], [ -58.844, -24.740 ], [ -58.843, -24.740 ], [ -58.843, -24.740 ], [ -58.843, -24.740 ], [ -58.842, -24.741 ], [ -58.842, -24.741 ], [ -58.842, -24.741 ], [ -58.841, -24.742 ], [ -58.840, -24.742 ], [ -58.839, -24.742 ], [ -58.839, -24.742 ], [ -58.839, -24.743 ], [ -58.839, -24.743 ], [ -58.839, -24.744 ], [ -58.838, -24.744 ], [ -58.838, -24.744 ], [ -58.837, -24.744 ], [ -58.836, -24.744 ], [ -58.836, -24.745 ], [ -58.836, -24.745 ], [ -58.835, -24.746 ], [ -58.835, -24.746 ], [ -58.834, -24.746 ], [ -58.834, -24.747 ], [ -58.834, -24.747 ], [ -58.833, -24.747 ], [ -58.833, -24.748 ], [ -58.832, -24.748 ], [ -58.832, -24.748 ], [ -58.832, -24.748 ], [ -58.832, -24.749 ], [ -58.831, -24.750 ], [ -58.831, -24.750 ], [ -58.830, -24.750 ], [ -58.829, -24.752 ], [ -58.829, -24.752 ], [ -58.828, -24.752 ], [ -58.828, -24.752 ], [ -58.827, -24.753 ], [ -58.827, -24.753 ], [ -58.827, -24.753 ], [ -58.827, -24.754 ], [ -58.827, -24.754 ], [ -58.827, -24.755 ], [ -58.826, -24.755 ], [ -58.826, -24.755 ], [ -58.826, -24.756 ], [ -58.825, -24.757 ], [ -58.825, -24.757 ], [ -58.825, -24.758 ], [ -58.825, -24.758 ], [ -58.825, -24.758 ], [ -58.824, -24.758 ], [ -58.824, -24.759 ], [ -58.823, -24.759 ], [ -58.823, -24.759 ], [ -58.822, -24.760 ], [ -58.822, -24.760 ], [ -58.822, -24.760 ], [ -58.822, -24.761 ], [ -58.822, -24.761 ], [ -58.822, -24.761 ], [ -58.822, -24.762 ], [ -58.822, -24.762 ], [ -58.821, -24.762 ], [ -58.821, -24.762 ], [ -58.820, -24.762 ], [ -58.820, -24.762 ], [ -58.819, -24.762 ], [ -58.819, -24.762 ], [ -58.818, -24.763 ], [ -58.818, -24.763 ], [ -58.818, -24.763 ], [ -58.817, -24.763 ], [ -58.817, -24.763 ], [ -58.817, -24.763 ], [ -58.817, -24.764 ], [ -58.816, -24.764 ], [ -58.816, -24.764 ], [ -58.816, -24.764 ], [ -58.815, -24.764 ], [ -58.815, -24.765 ], [ -58.815, -24.765 ], [ -58.814, -24.765 ], [ -58.814, -24.765 ], [ -58.814, -24.765 ], [ -58.813, -24.765 ], [ -58.813, -24.765 ], [ -58.813, -24.766 ], [ -58.812, -24.766 ], [ -58.812, -24.766 ], [ -58.812, -24.766 ], [ -58.811, -24.766 ], [ -58.811, -24.767 ], [ -58.811, -24.767 ], [ -58.811, -24.767 ], [ -58.810, -24.767 ], [ -58.810, -24.768 ], [ -58.810, -24.768 ], [ -58.809, -24.768 ], [ -58.809, -24.768 ], [ -58.809, -24.769 ], [ -58.809, -24.769 ], [ -58.808, -24.769 ], [ -58.808, -24.770 ], [ -58.808, -24.770 ], [ -58.808, -24.770 ], [ -58.808, -24.771 ], [ -58.808, -24.771 ], [ -58.808, -24.772 ], [ -58.807, -24.772 ], [ -58.807, -24.772 ], [ -58.806, -24.772 ], [ -58.806, -24.772 ], [ -58.806, -24.772 ], [ -58.805, -24.772 ], [ -58.805, -24.772 ], [ -58.805, -24.772 ], [ -58.804, -24.772 ], [ -58.804, -24.773 ], [ -58.804, -24.773 ], [ -58.804, -24.773 ], [ -58.803, -24.773 ], [ -58.803, -24.773 ], [ -58.803, -24.773 ], [ -58.802, -24.773 ], [ -58.802, -24.773 ], [ -58.802, -24.772 ], [ -58.801, -24.772 ], [ -58.801, -24.772 ], [ -58.800, -24.772 ], [ -58.800, -24.773 ], [ -58.800, -24.773 ], [ -58.799, -24.773 ], [ -58.799, -24.773 ], [ -58.798, -24.772 ], [ -58.798, -24.772 ], [ -58.797, -24.772 ], [ -58.797, -24.772 ], [ -58.797, -24.772 ], [ -58.796, -24.772 ], [ -58.796, -24.772 ], [ -58.795, -24.772 ], [ -58.795, -24.772 ], [ -58.794, -24.772 ], [ -58.794, -24.772 ], [ -58.793, -24.773 ], [ -58.793, -24.773 ], [ -58.793, -24.773 ], [ -58.792, -24.773 ], [ -58.792, -24.773 ], [ -58.791, -24.773 ], [ -58.791, -24.773 ], [ -58.790, -24.773 ], [ -58.790, -24.773 ], [ -58.790, -24.774 ], [ -58.790, -24.774 ], [ -58.789, -24.774 ], [ -58.789, -24.774 ], [ -58.788, -24.774 ], [ -58.788, -24.774 ], [ -58.788, -24.774 ], [ -58.787, -24.774 ], [ -58.787, -24.775 ], [ -58.787, -24.775 ], [ -58.786, -24.775 ], [ -58.786, -24.775 ], [ -58.786, -24.775 ], [ -58.785, -24.775 ], [ -58.784, -24.775 ], [ -58.784, -24.775 ], [ -58.784, -24.775 ], [ -58.783, -24.775 ], [ -58.783, -24.775 ], [ -58.783, -24.775 ], [ -58.783, -24.775 ], [ -58.782, -24.775 ], [ -58.782, -24.775 ], [ -58.781, -24.775 ], [ -58.781, -24.775 ], [ -58.781, -24.775 ], [ -58.780, -24.775 ], [ -58.780, -24.774 ], [ -58.780, -24.774 ], [ -58.779, -24.774 ], [ -58.779, -24.774 ], [ -58.778, -24.774 ], [ -58.778, -24.774 ], [ -58.778, -24.774 ], [ -58.777, -24.774 ], [ -58.777, -24.774 ], [ -58.776, -24.774 ], [ -58.776, -24.774 ], [ -58.776, -24.774 ], [ -58.775, -24.775 ], [ -58.775, -24.775 ], [ -58.774, -24.775 ], [ -58.774, -24.775 ], [ -58.774, -24.775 ], [ -58.773, -24.775 ], [ -58.773, -24.775 ], [ -58.773, -24.775 ], [ -58.769, -24.775 ], [ -58.763, -24.774 ], [ -58.760, -24.775 ], [ -58.757, -24.776 ], [ -58.751, -24.777 ], [ -58.744, -24.780 ], [ -58.739, -24.781 ], [ -58.735, -24.778 ], [ -58.730, -24.774 ], [ -58.726, -24.774 ], [ -58.725, -24.776 ], [ -58.723, -24.778 ], [ -58.719, -24.781 ], [ -58.715, -24.789 ], [ -58.712, -24.790 ], [ -58.711, -24.796 ], [ -58.709, -24.799 ], [ -58.709, -24.809 ], [ -58.704, -24.813 ], [ -58.698, -24.814 ], [ -58.692, -24.810 ], [ -58.686, -24.811 ], [ -58.681, -24.817 ], [ -58.677, -24.826 ], [ -58.672, -24.831 ], [ -58.666, -24.831 ], [ -58.657, -24.830 ], [ -58.650, -24.825 ], [ -58.645, -24.824 ], [ -58.635, -24.828 ], [ -58.629, -24.828 ], [ -58.625, -24.828 ], [ -58.622, -24.830 ], [ -58.616, -24.829 ], [ -58.610, -24.831 ], [ -58.607, -24.829 ], [ -58.603, -24.830 ], [ -58.601, -24.827 ], [ -58.597, -24.826 ], [ -58.593, -24.826 ], [ -58.589, -24.828 ], [ -58.586, -24.826 ], [ -58.582, -24.821 ], [ -58.575, -24.823 ], [ -58.573, -24.821 ], [ -58.567, -24.823 ], [ -58.562, -24.827 ], [ -58.558, -24.828 ], [ -58.556, -24.831 ], [ -58.553, -24.830 ], [ -58.549, -24.828 ], [ -58.549, -24.828 ], [ -58.549, -24.829 ], [ -58.549, -24.829 ], [ -58.549, -24.829 ], [ -58.549, -24.830 ], [ -58.548, -24.830 ], [ -58.548, -24.830 ], [ -58.547, -24.830 ], [ -58.547, -24.830 ], [ -58.547, -24.831 ], [ -58.547, -24.831 ], [ -58.546, -24.832 ], [ -58.546, -24.832 ], [ -58.545, -24.832 ], [ -58.545, -24.832 ], [ -58.544, -24.833 ], [ -58.544, -24.833 ], [ -58.544, -24.834 ], [ -58.544, -24.834 ], [ -58.544, -24.834 ], [ -58.543, -24.835 ], [ -58.543, -24.835 ], [ -58.543, -24.835 ], [ -58.542, -24.836 ], [ -58.542, -24.836 ], [ -58.542, -24.836 ], [ -58.542, -24.837 ], [ -58.542, -24.837 ], [ -58.541, -24.838 ], [ -58.541, -24.838 ], [ -58.540, -24.838 ], [ -58.540, -24.838 ], [ -58.539, -24.839 ], [ -58.539, -24.839 ], [ -58.539, -24.839 ], [ -58.538, -24.839 ], [ -58.538, -24.840 ], [ -58.538, -24.840 ], [ -58.537, -24.840 ], [ -58.537, -24.840 ], [ -58.537, -24.841 ], [ -58.537, -24.841 ], [ -58.537, -24.841 ], [ -58.536, -24.841 ], [ -58.536, -24.841 ], [ -58.535, -24.841 ], [ -58.535, -24.842 ], [ -58.534, -24.842 ], [ -58.534, -24.843 ], [ -58.534, -24.843 ], [ -58.534, -24.843 ], [ -58.533, -24.843 ], [ -58.533, -24.843 ], [ -58.532, -24.844 ], [ -58.532, -24.844 ], [ -58.531, -24.844 ], [ -58.531, -24.843 ], [ -58.530, -24.843 ], [ -58.530, -24.843 ], [ -58.530, -24.844 ], [ -58.529, -24.844 ], [ -58.529, -24.845 ], [ -58.529, -24.845 ], [ -58.528, -24.845 ], [ -58.528, -24.845 ], [ -58.529, -24.846 ], [ -58.529, -24.846 ], [ -58.529, -24.846 ], [ -58.528, -24.847 ], [ -58.528, -24.847 ], [ -58.528, -24.848 ], [ -58.528, -24.848 ], [ -58.527, -24.848 ], [ -58.527, -24.848 ], [ -58.527, -24.849 ], [ -58.526, -24.849 ], [ -58.526, -24.850 ], [ -58.526, -24.850 ], [ -58.525, -24.850 ], [ -58.525, -24.850 ], [ -58.524, -24.850 ], [ -58.524, -24.850 ], [ -58.524, -24.850 ], [ -58.523, -24.850 ], [ -58.523, -24.850 ], [ -58.522, -24.849 ], [ -58.522, -24.849 ], [ -58.522, -24.849 ], [ -58.521, -24.849 ], [ -58.520, -24.849 ], [ -58.520, -24.847 ], [ -58.519, -24.847 ], [ -58.519, -24.847 ], [ -58.519, -24.846 ], [ -58.518, -24.846 ], [ -58.518, -24.846 ], [ -58.518, -24.846 ], [ -58.517, -24.845 ], [ -58.517, -24.845 ], [ -58.516, -24.845 ], [ -58.516, -24.843 ], [ -58.514, -24.843 ], [ -58.514, -24.843 ], [ -58.514, -24.844 ], [ -58.514, -24.844 ], [ -58.513, -24.845 ], [ -58.512, -24.845 ], [ -58.512, -24.845 ], [ -58.512, -24.845 ], [ -58.511, -24.844 ], [ -58.511, -24.844 ], [ -58.511, -24.844 ], [ -58.511, -24.843 ], [ -58.510, -24.843 ], [ -58.510, -24.843 ], [ -58.510, -24.843 ], [ -58.509, -24.844 ], [ -58.509, -24.844 ], [ -58.510, -24.845 ], [ -58.509, -24.845 ], [ -58.509, -24.845 ], [ -58.509, -24.845 ], [ -58.508, -24.845 ], [ -58.508, -24.844 ], [ -58.507, -24.845 ], [ -58.507, -24.846 ], [ -58.507, -24.846 ], [ -58.507, -24.846 ], [ -58.507, -24.847 ], [ -58.507, -24.847 ], [ -58.507, -24.848 ], [ -58.506, -24.848 ], [ -58.506, -24.848 ], [ -58.505, -24.848 ], [ -58.505, -24.848 ], [ -58.505, -24.848 ], [ -58.504, -24.848 ], [ -58.503, -24.848 ], [ -58.503, -24.848 ], [ -58.502, -24.849 ], [ -58.502, -24.849 ], [ -58.502, -24.850 ], [ -58.502, -24.850 ], [ -58.502, -24.850 ], [ -58.501, -24.850 ], [ -58.501, -24.851 ], [ -58.501, -24.852 ], [ -58.501, -24.853 ], [ -58.500, -24.853 ], [ -58.500, -24.853 ], [ -58.500, -24.853 ], [ -58.499, -24.853 ], [ -58.499, -24.854 ], [ -58.499, -24.854 ], [ -58.499, -24.855 ], [ -58.498, -24.855 ], [ -58.498, -24.855 ], [ -58.498, -24.856 ], [ -58.498, -24.856 ], [ -58.497, -24.856 ], [ -58.497, -24.856 ], [ -58.497, -24.856 ], [ -58.497, -24.857 ], [ -58.497, -24.857 ], [ -58.497, -24.858 ], [ -58.496, -24.858 ], [ -58.496, -24.858 ], [ -58.495, -24.858 ], [ -58.495, -24.858 ], [ -58.495, -24.858 ], [ -58.494, -24.859 ], [ -58.494, -24.859 ], [ -58.494, -24.859 ], [ -58.493, -24.859 ], [ -58.493, -24.858 ], [ -58.493, -24.858 ], [ -58.492, -24.858 ], [ -58.492, -24.858 ], [ -58.491, -24.858 ], [ -58.491, -24.858 ], [ -58.490, -24.857 ], [ -58.490, -24.857 ], [ -58.489, -24.858 ], [ -58.487, -24.858 ], [ -58.487, -24.858 ], [ -58.487, -24.858 ], [ -58.487, -24.859 ], [ -58.486, -24.859 ], [ -58.486, -24.858 ], [ -58.486, -24.858 ], [ -58.485, -24.858 ], [ -58.485, -24.858 ], [ -58.485, -24.858 ], [ -58.485, -24.859 ], [ -58.485, -24.859 ], [ -58.484, -24.860 ], [ -58.484, -24.860 ], [ -58.484, -24.860 ], [ -58.483, -24.860 ], [ -58.483, -24.860 ], [ -58.483, -24.860 ], [ -58.482, -24.861 ], [ -58.482, -24.861 ], [ -58.482, -24.861 ], [ -58.481, -24.861 ], [ -58.481, -24.861 ], [ -58.480, -24.861 ], [ -58.480, -24.860 ], [ -58.480, -24.860 ], [ -58.479, -24.860 ], [ -58.479, -24.860 ], [ -58.478, -24.861 ], [ -58.478, -24.861 ], [ -58.478, -24.861 ], [ -58.477, -24.860 ], [ -58.477, -24.860 ], [ -58.476, -24.860 ], [ -58.476, -24.860 ], [ -58.476, -24.860 ], [ -58.475, -24.859 ], [ -58.475, -24.860 ], [ -58.475, -24.860 ], [ -58.475, -24.861 ], [ -58.475, -24.861 ], [ -58.476, -24.861 ], [ -58.476, -24.862 ], [ -58.475, -24.862 ], [ -58.475, -24.862 ], [ -58.475, -24.862 ], [ -58.474, -24.862 ], [ -58.474, -24.861 ], [ -58.474, -24.861 ], [ -58.474, -24.860 ], [ -58.473, -24.860 ], [ -58.473, -24.861 ], [ -58.472, -24.861 ], [ -58.472, -24.862 ], [ -58.471, -24.862 ], [ -58.471, -24.862 ], [ -58.471, -24.862 ], [ -58.471, -24.863 ], [ -58.471, -24.863 ], [ -58.471, -24.863 ], [ -58.470, -24.863 ], [ -58.470, -24.862 ], [ -58.469, -24.863 ], [ -58.469, -24.863 ], [ -58.469, -24.863 ], [ -58.469, -24.864 ], [ -58.470, -24.864 ], [ -58.469, -24.864 ], [ -58.468, -24.864 ], [ -58.468, -24.865 ], [ -58.468, -24.865 ], [ -58.468, -24.866 ], [ -58.468, -24.866 ], [ -58.467, -24.866 ], [ -58.466, -24.866 ], [ -58.466, -24.866 ], [ -58.466, -24.867 ], [ -58.466, -24.868 ], [ -58.465, -24.868 ], [ -58.465, -24.868 ], [ -58.464, -24.869 ], [ -58.464, -24.869 ], [ -58.464, -24.869 ], [ -58.464, -24.869 ], [ -58.463, -24.869 ], [ -58.462, -24.869 ], [ -58.462, -24.868 ], [ -58.462, -24.868 ], [ -58.461, -24.869 ], [ -58.461, -24.869 ], [ -58.461, -24.869 ], [ -58.461, -24.869 ], [ -58.461, -24.870 ], [ -58.460, -24.870 ], [ -58.460, -24.870 ], [ -58.459, -24.869 ], [ -58.459, -24.869 ], [ -58.458, -24.869 ], [ -58.459, -24.870 ], [ -58.459, -24.870 ], [ -58.459, -24.871 ], [ -58.459, -24.871 ], [ -58.458, -24.871 ], [ -58.458, -24.871 ], [ -58.458, -24.871 ], [ -58.457, -24.871 ], [ -58.457, -24.872 ], [ -58.458, -24.872 ], [ -58.457, -24.872 ], [ -58.457, -24.872 ], [ -58.456, -24.872 ], [ -58.456, -24.872 ], [ -58.456, -24.872 ], [ -58.456, -24.872 ], [ -58.455, -24.873 ], [ -58.455, -24.873 ], [ -58.455, -24.874 ], [ -58.455, -24.874 ], [ -58.454, -24.874 ], [ -58.454, -24.873 ], [ -58.453, -24.873 ], [ -58.453, -24.873 ], [ -58.453, -24.873 ], [ -58.454, -24.874 ], [ -58.454, -24.875 ], [ -58.454, -24.875 ], [ -58.454, -24.875 ], [ -58.454, -24.876 ], [ -58.453, -24.876 ], [ -58.453, -24.876 ], [ -58.453, -24.875 ], [ -58.452, -24.875 ], [ -58.452, -24.875 ], [ -58.452, -24.875 ], [ -58.451, -24.875 ], [ -58.451, -24.876 ], [ -58.451, -24.876 ], [ -58.451, -24.876 ], [ -58.452, -24.876 ], [ -58.452, -24.877 ], [ -58.451, -24.877 ], [ -58.451, -24.878 ], [ -58.451, -24.878 ], [ -58.450, -24.878 ], [ -58.450, -24.877 ], [ -58.450, -24.877 ], [ -58.449, -24.878 ], [ -58.449, -24.878 ], [ -58.448, -24.878 ], [ -58.448, -24.877 ], [ -58.447, -24.877 ], [ -58.447, -24.878 ], [ -58.446, -24.878 ], [ -58.446, -24.878 ], [ -58.445, -24.878 ], [ -58.445, -24.878 ], [ -58.445, -24.878 ], [ -58.444, -24.878 ], [ -58.443, -24.878 ], [ -58.443, -24.878 ], [ -58.442, -24.878 ], [ -58.442, -24.878 ], [ -58.441, -24.878 ], [ -58.441, -24.879 ], [ -58.441, -24.879 ], [ -58.440, -24.879 ], [ -58.440, -24.880 ], [ -58.440, -24.880 ], [ -58.441, -24.880 ], [ -58.441, -24.881 ], [ -58.440, -24.881 ], [ -58.440, -24.881 ], [ -58.440, -24.881 ], [ -58.439, -24.881 ], [ -58.439, -24.882 ], [ -58.439, -24.882 ], [ -58.438, -24.882 ], [ -58.438, -24.882 ], [ -58.438, -24.883 ], [ -58.439, -24.883 ], [ -58.439, -24.884 ], [ -58.438, -24.884 ], [ -58.438, -24.885 ], [ -58.438, -24.885 ], [ -58.438, -24.885 ], [ -58.438, -24.885 ], [ -58.437, -24.885 ], [ -58.437, -24.886 ], [ -58.437, -24.886 ], [ -58.437, -24.887 ], [ -58.437, -24.887 ], [ -58.437, -24.887 ], [ -58.437, -24.888 ], [ -58.436, -24.888 ], [ -58.436, -24.887 ], [ -58.435, -24.887 ], [ -58.435, -24.887 ], [ -58.435, -24.888 ], [ -58.434, -24.888 ], [ -58.434, -24.888 ], [ -58.434, -24.888 ], [ -58.433, -24.889 ], [ -58.433, -24.890 ], [ -58.432, -24.890 ], [ -58.432, -24.890 ], [ -58.432, -24.891 ], [ -58.432, -24.891 ], [ -58.431, -24.892 ], [ -58.431, -24.892 ], [ -58.432, -24.892 ], [ -58.431, -24.892 ], [ -58.430, -24.892 ], [ -58.430, -24.893 ], [ -58.430, -24.893 ], [ -58.430, -24.894 ], [ -58.430, -24.894 ], [ -58.430, -24.894 ], [ -58.430, -24.895 ], [ -58.430, -24.895 ], [ -58.429, -24.895 ], [ -58.429, -24.894 ], [ -58.429, -24.895 ], [ -58.429, -24.895 ], [ -58.429, -24.896 ], [ -58.429, -24.896 ], [ -58.429, -24.896 ], [ -58.428, -24.897 ], [ -58.429, -24.897 ], [ -58.429, -24.898 ], [ -58.429, -24.898 ], [ -58.429, -24.898 ], [ -58.428, -24.898 ], [ -58.428, -24.898 ], [ -58.428, -24.899 ], [ -58.428, -24.899 ], [ -58.428, -24.899 ], [ -58.428, -24.900 ], [ -58.428, -24.900 ], [ -58.428, -24.901 ], [ -58.427, -24.901 ], [ -58.427, -24.902 ], [ -58.428, -24.902 ], [ -58.428, -24.902 ], [ -58.428, -24.902 ], [ -58.429, -24.902 ], [ -58.429, -24.902 ], [ -58.429, -24.902 ], [ -58.429, -24.903 ], [ -58.429, -24.903 ], [ -58.429, -24.904 ], [ -58.429, -24.904 ], [ -58.429, -24.904 ], [ -58.428, -24.904 ], [ -58.428, -24.904 ], [ -58.428, -24.904 ], [ -58.429, -24.905 ], [ -58.429, -24.905 ], [ -58.429, -24.905 ], [ -58.430, -24.906 ], [ -58.430, -24.906 ], [ -58.430, -24.906 ], [ -58.431, -24.906 ], [ -58.431, -24.906 ], [ -58.431, -24.907 ], [ -58.431, -24.907 ], [ -58.431, -24.907 ], [ -58.430, -24.907 ], [ -58.430, -24.907 ], [ -58.430, -24.908 ], [ -58.430, -24.908 ], [ -58.430, -24.908 ], [ -58.430, -24.908 ], [ -58.430, -24.908 ], [ -58.431, -24.908 ], [ -58.431, -24.908 ], [ -58.432, -24.908 ], [ -58.432, -24.908 ], [ -58.432, -24.908 ], [ -58.432, -24.908 ], [ -58.432, -24.909 ], [ -58.432, -24.909 ], [ -58.431, -24.909 ], [ -58.431, -24.909 ], [ -58.430, -24.909 ], [ -58.430, -24.910 ], [ -58.431, -24.910 ], [ -58.431, -24.910 ], [ -58.431, -24.911 ], [ -58.431, -24.911 ], [ -58.431, -24.912 ], [ -58.432, -24.912 ], [ -58.432, -24.913 ], [ -58.432, -24.913 ], [ -58.432, -24.913 ], [ -58.433, -24.913 ], [ -58.433, -24.913 ], [ -58.433, -24.914 ], [ -58.433, -24.914 ], [ -58.432, -24.914 ], [ -58.432, -24.914 ], [ -58.431, -24.914 ], [ -58.432, -24.915 ], [ -58.432, -24.915 ], [ -58.433, -24.915 ], [ -58.432, -24.916 ], [ -58.432, -24.916 ], [ -58.432, -24.916 ], [ -58.431, -24.917 ], [ -58.431, -24.917 ], [ -58.431, -24.917 ], [ -58.431, -24.918 ], [ -58.431, -24.918 ], [ -58.431, -24.918 ], [ -58.431, -24.919 ], [ -58.430, -24.919 ], [ -58.430, -24.919 ], [ -58.430, -24.919 ], [ -58.430, -24.920 ], [ -58.429, -24.921 ], [ -58.429, -24.921 ], [ -58.429, -24.921 ], [ -58.428, -24.920 ], [ -58.428, -24.920 ], [ -58.427, -24.920 ], [ -58.427, -24.920 ], [ -58.427, -24.920 ], [ -58.427, -24.921 ], [ -58.427, -24.921 ], [ -58.427, -24.922 ], [ -58.427, -24.922 ], [ -58.427, -24.923 ], [ -58.428, -24.923 ], [ -58.428, -24.922 ], [ -58.428, -24.923 ], [ -58.428, -24.923 ], [ -58.427, -24.923 ], [ -58.427, -24.923 ], [ -58.426, -24.923 ], [ -58.426, -24.923 ], [ -58.425, -24.922 ], [ -58.425, -24.922 ], [ -58.425, -24.922 ], [ -58.425, -24.921 ], [ -58.425, -24.921 ], [ -58.424, -24.921 ], [ -58.424, -24.921 ], [ -58.423, -24.922 ], [ -58.422, -24.922 ], [ -58.422, -24.922 ], [ -58.422, -24.921 ], [ -58.421, -24.921 ], [ -58.421, -24.922 ], [ -58.421, -24.923 ], [ -58.420, -24.923 ], [ -58.420, -24.923 ], [ -58.420, -24.922 ], [ -58.419, -24.922 ], [ -58.419, -24.922 ], [ -58.419, -24.922 ], [ -58.418, -24.922 ], [ -58.418, -24.921 ], [ -58.417, -24.922 ], [ -58.417, -24.922 ], [ -58.417, -24.922 ], [ -58.416, -24.922 ], [ -58.416, -24.921 ], [ -58.416, -24.920 ], [ -58.416, -24.920 ], [ -58.416, -24.920 ], [ -58.415, -24.920 ], [ -58.415, -24.920 ], [ -58.415, -24.920 ], [ -58.414, -24.921 ], [ -58.414, -24.921 ], [ -58.414, -24.922 ], [ -58.414, -24.922 ], [ -58.414, -24.922 ], [ -58.414, -24.921 ], [ -58.413, -24.921 ], [ -58.413, -24.920 ], [ -58.413, -24.920 ], [ -58.413, -24.920 ], [ -58.412, -24.921 ], [ -58.412, -24.921 ], [ -58.412, -24.922 ], [ -58.412, -24.922 ], [ -58.411, -24.922 ], [ -58.411, -24.922 ], [ -58.410, -24.922 ], [ -58.410, -24.922 ], [ -58.410, -24.923 ], [ -58.410, -24.923 ], [ -58.409, -24.923 ], [ -58.409, -24.923 ], [ -58.408, -24.922 ], [ -58.408, -24.923 ], [ -58.407, -24.924 ], [ -58.407, -24.924 ], [ -58.408, -24.924 ], [ -58.409, -24.924 ], [ -58.409, -24.924 ], [ -58.410, -24.924 ], [ -58.410, -24.925 ], [ -58.410, -24.925 ], [ -58.409, -24.925 ], [ -58.409, -24.925 ], [ -58.409, -24.926 ], [ -58.408, -24.926 ], [ -58.408, -24.926 ], [ -58.407, -24.926 ], [ -58.407, -24.926 ], [ -58.407, -24.926 ], [ -58.406, -24.926 ], [ -58.407, -24.927 ], [ -58.407, -24.927 ], [ -58.406, -24.928 ], [ -58.406, -24.928 ], [ -58.407, -24.928 ], [ -58.407, -24.928 ], [ -58.407, -24.928 ], [ -58.408, -24.928 ], [ -58.408, -24.929 ], [ -58.407, -24.929 ], [ -58.407, -24.929 ], [ -58.407, -24.929 ], [ -58.406, -24.929 ], [ -58.405, -24.929 ], [ -58.405, -24.930 ], [ -58.405, -24.930 ], [ -58.404, -24.930 ], [ -58.404, -24.931 ], [ -58.404, -24.931 ], [ -58.403, -24.932 ], [ -58.404, -24.933 ], [ -58.403, -24.934 ], [ -58.403, -24.934 ], [ -58.403, -24.933 ], [ -58.402, -24.933 ], [ -58.402, -24.933 ], [ -58.402, -24.933 ], [ -58.401, -24.935 ], [ -58.401, -24.935 ], [ -58.401, -24.935 ], [ -58.402, -24.936 ], [ -58.401, -24.936 ], [ -58.401, -24.936 ], [ -58.401, -24.936 ], [ -58.400, -24.936 ], [ -58.399, -24.936 ], [ -58.399, -24.936 ], [ -58.399, -24.936 ], [ -58.399, -24.937 ], [ -58.399, -24.937 ], [ -58.400, -24.938 ], [ -58.400, -24.938 ], [ -58.400, -24.938 ], [ -58.401, -24.938 ], [ -58.401, -24.938 ], [ -58.402, -24.938 ], [ -58.402, -24.938 ], [ -58.402, -24.939 ], [ -58.402, -24.939 ], [ -58.402, -24.939 ], [ -58.401, -24.939 ], [ -58.401, -24.939 ], [ -58.400, -24.939 ], [ -58.399, -24.939 ], [ -58.399, -24.939 ], [ -58.399, -24.938 ], [ -58.398, -24.938 ], [ -58.397, -24.939 ], [ -58.397, -24.939 ], [ -58.397, -24.939 ], [ -58.397, -24.941 ], [ -58.398, -24.941 ], [ -58.398, -24.941 ], [ -58.400, -24.941 ], [ -58.400, -24.941 ], [ -58.400, -24.943 ], [ -58.399, -24.943 ], [ -58.399, -24.943 ], [ -58.398, -24.942 ], [ -58.398, -24.942 ], [ -58.398, -24.942 ], [ -58.397, -24.942 ], [ -58.397, -24.942 ], [ -58.397, -24.942 ], [ -58.396, -24.942 ], [ -58.396, -24.943 ], [ -58.396, -24.943 ], [ -58.396, -24.943 ], [ -58.396, -24.944 ], [ -58.396, -24.944 ], [ -58.397, -24.945 ], [ -58.397, -24.945 ], [ -58.397, -24.945 ], [ -58.396, -24.945 ], [ -58.396, -24.945 ], [ -58.395, -24.945 ], [ -58.395, -24.945 ], [ -58.395, -24.945 ], [ -58.395, -24.946 ], [ -58.395, -24.946 ], [ -58.394, -24.947 ], [ -58.394, -24.947 ], [ -58.394, -24.947 ], [ -58.393, -24.946 ], [ -58.393, -24.946 ], [ -58.393, -24.946 ], [ -58.393, -24.947 ], [ -58.393, -24.947 ], [ -58.393, -24.947 ], [ -58.393, -24.948 ], [ -58.394, -24.948 ], [ -58.393, -24.948 ], [ -58.393, -24.948 ], [ -58.392, -24.949 ], [ -58.392, -24.949 ], [ -58.392, -24.949 ], [ -58.393, -24.950 ], [ -58.393, -24.950 ], [ -58.393, -24.951 ], [ -58.392, -24.951 ], [ -58.392, -24.951 ], [ -58.392, -24.952 ], [ -58.391, -24.952 ], [ -58.391, -24.952 ], [ -58.391, -24.952 ], [ -58.391, -24.953 ], [ -58.390, -24.952 ], [ -58.390, -24.952 ], [ -58.389, -24.952 ], [ -58.389, -24.952 ], [ -58.389, -24.952 ], [ -58.389, -24.953 ], [ -58.389, -24.953 ], [ -58.390, -24.954 ], [ -58.389, -24.954 ], [ -58.389, -24.954 ], [ -58.388, -24.953 ], [ -58.388, -24.953 ], [ -58.387, -24.953 ], [ -58.387, -24.954 ], [ -58.387, -24.954 ], [ -58.386, -24.954 ], [ -58.386, -24.953 ], [ -58.386, -24.953 ], [ -58.386, -24.953 ], [ -58.385, -24.953 ], [ -58.385, -24.953 ], [ -58.384, -24.954 ], [ -58.384, -24.954 ], [ -58.383, -24.955 ], [ -58.383, -24.955 ], [ -58.383, -24.955 ], [ -58.382, -24.954 ], [ -58.382, -24.954 ], [ -58.381, -24.954 ], [ -58.380, -24.955 ], [ -58.380, -24.955 ], [ -58.380, -24.956 ], [ -58.380, -24.956 ], [ -58.380, -24.956 ], [ -58.379, -24.956 ], [ -58.379, -24.956 ], [ -58.379, -24.956 ], [ -58.378, -24.956 ], [ -58.379, -24.957 ], [ -58.378, -24.957 ], [ -58.378, -24.957 ], [ -58.378, -24.957 ], [ -58.377, -24.958 ], [ -58.377, -24.958 ], [ -58.377, -24.958 ], [ -58.376, -24.958 ], [ -58.375, -24.958 ], [ -58.375, -24.958 ], [ -58.375, -24.957 ], [ -58.375, -24.957 ], [ -58.375, -24.957 ], [ -58.375, -24.957 ], [ -58.374, -24.957 ], [ -58.374, -24.957 ], [ -58.374, -24.957 ], [ -58.373, -24.958 ], [ -58.373, -24.958 ], [ -58.373, -24.957 ], [ -58.373, -24.957 ], [ -58.373, -24.956 ], [ -58.373, -24.956 ], [ -58.372, -24.956 ], [ -58.372, -24.957 ], [ -58.372, -24.958 ], [ -58.372, -24.958 ], [ -58.371, -24.958 ], [ -58.371, -24.958 ], [ -58.370, -24.958 ], [ -58.370, -24.958 ], [ -58.369, -24.958 ], [ -58.369, -24.958 ], [ -58.369, -24.959 ], [ -58.369, -24.959 ], [ -58.369, -24.960 ], [ -58.369, -24.960 ], [ -58.370, -24.961 ], [ -58.370, -24.961 ], [ -58.371, -24.960 ], [ -58.371, -24.961 ], [ -58.370, -24.961 ], [ -58.370, -24.962 ], [ -58.369, -24.962 ], [ -58.369, -24.961 ], [ -58.369, -24.961 ], [ -58.368, -24.961 ], [ -58.368, -24.961 ], [ -58.367, -24.961 ], [ -58.367, -24.961 ], [ -58.367, -24.962 ], [ -58.367, -24.962 ], [ -58.366, -24.963 ], [ -58.366, -24.962 ], [ -58.366, -24.962 ], [ -58.366, -24.961 ], [ -58.365, -24.961 ], [ -58.365, -24.961 ], [ -58.364, -24.961 ], [ -58.364, -24.962 ], [ -58.364, -24.962 ], [ -58.364, -24.963 ], [ -58.364, -24.964 ], [ -58.364, -24.964 ], [ -58.363, -24.964 ], [ -58.363, -24.963 ], [ -58.363, -24.963 ], [ -58.362, -24.963 ], [ -58.362, -24.964 ], [ -58.362, -24.964 ], [ -58.362, -24.965 ], [ -58.362, -24.965 ], [ -58.361, -24.965 ], [ -58.361, -24.965 ], [ -58.361, -24.965 ], [ -58.360, -24.965 ], [ -58.360, -24.965 ], [ -58.361, -24.966 ], [ -58.361, -24.966 ], [ -58.361, -24.966 ], [ -58.361, -24.967 ], [ -58.360, -24.967 ], [ -58.359, -24.966 ], [ -58.358, -24.966 ], [ -58.358, -24.967 ], [ -58.357, -24.967 ], [ -58.357, -24.967 ], [ -58.356, -24.967 ], [ -58.356, -24.967 ], [ -58.356, -24.968 ], [ -58.356, -24.968 ], [ -58.356, -24.969 ], [ -58.356, -24.969 ], [ -58.355, -24.968 ], [ -58.354, -24.968 ], [ -58.354, -24.968 ], [ -58.353, -24.968 ], [ -58.352, -24.968 ], [ -58.352, -24.968 ], [ -58.353, -24.969 ], [ -58.352, -24.969 ], [ -58.352, -24.970 ], [ -58.351, -24.970 ], [ -58.351, -24.970 ], [ -58.351, -24.970 ], [ -58.350, -24.971 ], [ -58.350, -24.971 ], [ -58.350, -24.970 ], [ -58.349, -24.970 ], [ -58.349, -24.970 ], [ -58.349, -24.971 ], [ -58.349, -24.971 ], [ -58.350, -24.971 ], [ -58.350, -24.972 ], [ -58.349, -24.972 ], [ -58.349, -24.972 ], [ -58.349, -24.972 ], [ -58.348, -24.971 ], [ -58.348, -24.971 ], [ -58.348, -24.971 ], [ -58.348, -24.972 ], [ -58.348, -24.972 ], [ -58.348, -24.973 ], [ -58.348, -24.973 ], [ -58.349, -24.973 ], [ -58.349, -24.974 ], [ -58.348, -24.974 ], [ -58.348, -24.974 ], [ -58.347, -24.974 ], [ -58.347, -24.973 ], [ -58.347, -24.973 ], [ -58.346, -24.973 ], [ -58.347, -24.975 ], [ -58.347, -24.975 ], [ -58.346, -24.975 ], [ -58.346, -24.975 ], [ -58.345, -24.975 ], [ -58.346, -24.976 ], [ -58.346, -24.976 ], [ -58.347, -24.976 ], [ -58.347, -24.977 ], [ -58.346, -24.977 ], [ -58.346, -24.977 ], [ -58.345, -24.978 ], [ -58.345, -24.978 ], [ -58.346, -24.979 ], [ -58.346, -24.979 ], [ -58.346, -24.979 ], [ -58.346, -24.980 ], [ -58.346, -24.980 ], [ -58.346, -24.981 ], [ -58.345, -24.981 ], [ -58.345, -24.981 ], [ -58.345, -24.982 ], [ -58.345, -24.982 ], [ -58.346, -24.982 ], [ -58.346, -24.982 ], [ -58.345, -24.983 ], [ -58.345, -24.983 ], [ -58.345, -24.984 ], [ -58.345, -24.984 ], [ -58.345, -24.984 ], [ -58.346, -24.984 ], [ -58.346, -24.985 ], [ -58.345, -24.984 ], [ -58.344, -24.985 ], [ -58.344, -24.985 ], [ -58.344, -24.986 ], [ -58.343, -24.986 ], [ -58.343, -24.986 ], [ -58.343, -24.986 ], [ -58.344, -24.988 ], [ -58.343, -24.989 ], [ -58.343, -24.989 ], [ -58.342, -24.989 ], [ -58.342, -24.989 ], [ -58.343, -24.989 ], [ -58.344, -24.990 ], [ -58.344, -24.990 ], [ -58.343, -24.990 ], [ -58.342, -24.990 ], [ -58.341, -24.990 ], [ -58.341, -24.989 ], [ -58.341, -24.989 ], [ -58.340, -24.989 ], [ -58.340, -24.990 ], [ -58.340, -24.990 ], [ -58.341, -24.991 ], [ -58.341, -24.991 ], [ -58.341, -24.992 ], [ -58.340, -24.992 ], [ -58.339, -24.992 ], [ -58.339, -24.992 ], [ -58.339, -24.993 ], [ -58.340, -24.993 ], [ -58.341, -24.993 ], [ -58.341, -24.993 ], [ -58.341, -24.993 ], [ -58.341, -24.994 ], [ -58.341, -24.995 ], [ -58.341, -24.995 ], [ -58.341, -24.996 ], [ -58.340, -24.996 ], [ -58.340, -24.996 ], [ -58.339, -24.996 ], [ -58.338, -24.996 ], [ -58.338, -24.996 ], [ -58.338, -24.997 ], [ -58.337, -24.997 ], [ -58.337, -24.996 ], [ -58.337, -24.996 ], [ -58.337, -24.995 ], [ -58.336, -24.996 ], [ -58.336, -24.996 ], [ -58.335, -24.996 ], [ -58.335, -24.997 ], [ -58.336, -24.997 ], [ -58.336, -24.998 ], [ -58.337, -24.998 ], [ -58.336, -24.998 ], [ -58.335, -24.998 ], [ -58.335, -24.998 ], [ -58.334, -24.998 ], [ -58.333, -24.998 ], [ -58.333, -25.000 ], [ -58.333, -25.000 ], [ -58.333, -24.999 ], [ -58.332, -24.999 ], [ -58.332, -24.998 ], [ -58.332, -24.998 ], [ -58.331, -24.999 ], [ -58.330, -24.999 ], [ -58.330, -24.999 ], [ -58.330, -24.998 ], [ -58.331, -24.998 ], [ -58.330, -24.998 ], [ -58.329, -24.999 ], [ -58.329, -24.999 ], [ -58.330, -25.000 ], [ -58.330, -25.000 ], [ -58.329, -25.000 ], [ -58.329, -25.000 ], [ -58.328, -24.999 ], [ -58.329, -24.999 ], [ -58.329, -24.998 ], [ -58.329, -24.998 ], [ -58.328, -24.997 ], [ -58.327, -24.998 ], [ -58.327, -24.998 ], [ -58.326, -24.999 ], [ -58.325, -24.998 ], [ -58.325, -24.998 ], [ -58.326, -24.997 ], [ -58.326, -24.996 ], [ -58.326, -24.996 ], [ -58.325, -24.995 ], [ -58.325, -24.994 ], [ -58.324, -24.993 ], [ -58.323, -24.993 ], [ -58.323, -24.993 ], [ -58.322, -24.993 ], [ -58.322, -24.992 ], [ -58.322, -24.991 ], [ -58.322, -24.991 ], [ -58.323, -24.991 ], [ -58.323, -24.991 ], [ -58.324, -24.991 ], [ -58.324, -24.991 ], [ -58.324, -24.990 ], [ -58.323, -24.990 ], [ -58.322, -24.990 ], [ -58.321, -24.990 ], [ -58.321, -24.990 ], [ -58.321, -24.990 ], [ -58.321, -24.991 ], [ -58.320, -24.992 ], [ -58.319, -24.992 ], [ -58.319, -24.992 ], [ -58.318, -24.991 ], [ -58.318, -24.990 ], [ -58.318, -24.989 ], [ -58.319, -24.989 ], [ -58.319, -24.989 ], [ -58.320, -24.989 ], [ -58.320, -24.989 ], [ -58.319, -24.988 ], [ -58.318, -24.988 ], [ -58.317, -24.988 ], [ -58.317, -24.988 ], [ -58.316, -24.988 ], [ -58.315, -24.988 ], [ -58.315, -24.988 ], [ -58.314, -24.989 ], [ -58.313, -24.989 ], [ -58.313, -24.988 ], [ -58.313, -24.988 ], [ -58.312, -24.988 ], [ -58.312, -24.987 ], [ -58.312, -24.986 ], [ -58.311, -24.986 ], [ -58.311, -24.986 ], [ -58.310, -24.986 ], [ -58.311, -24.986 ], [ -58.311, -24.985 ], [ -58.312, -24.985 ], [ -58.312, -24.985 ], [ -58.313, -24.985 ], [ -58.313, -24.984 ], [ -58.312, -24.983 ], [ -58.313, -24.983 ], [ -58.313, -24.984 ], [ -58.313, -24.984 ], [ -58.314, -24.985 ], [ -58.314, -24.985 ], [ -58.314, -24.985 ], [ -58.314, -24.984 ], [ -58.314, -24.983 ], [ -58.314, -24.982 ], [ -58.313, -24.982 ], [ -58.312, -24.982 ], [ -58.312, -24.982 ], [ -58.312, -24.983 ], [ -58.311, -24.983 ], [ -58.310, -24.982 ], [ -58.310, -24.982 ], [ -58.311, -24.981 ], [ -58.311, -24.981 ], [ -58.312, -24.981 ], [ -58.312, -24.980 ], [ -58.311, -24.980 ], [ -58.311, -24.980 ], [ -58.310, -24.980 ], [ -58.310, -24.981 ], [ -58.310, -24.981 ], [ -58.309, -24.981 ], [ -58.309, -24.981 ], [ -58.310, -24.980 ], [ -58.310, -24.980 ], [ -58.310, -24.979 ], [ -58.309, -24.979 ], [ -58.309, -24.979 ], [ -58.308, -24.980 ], [ -58.308, -24.980 ], [ -58.308, -24.981 ], [ -58.307, -24.981 ], [ -58.307, -24.980 ], [ -58.307, -24.980 ], [ -58.307, -24.979 ], [ -58.307, -24.979 ], [ -58.306, -24.979 ], [ -58.306, -24.979 ], [ -58.306, -24.979 ], [ -58.306, -24.978 ], [ -58.307, -24.978 ], [ -58.307, -24.978 ], [ -58.306, -24.977 ], [ -58.305, -24.977 ], [ -58.305, -24.978 ], [ -58.304, -24.979 ], [ -58.304, -24.979 ], [ -58.303, -24.978 ], [ -58.302, -24.978 ], [ -58.302, -24.978 ], [ -58.303, -24.977 ], [ -58.303, -24.977 ], [ -58.303, -24.976 ], [ -58.302, -24.976 ], [ -58.303, -24.975 ], [ -58.304, -24.976 ], [ -58.304, -24.975 ], [ -58.303, -24.975 ], [ -58.303, -24.975 ], [ -58.301, -24.975 ], [ -58.301, -24.976 ], [ -58.301, -24.977 ], [ -58.300, -24.976 ], [ -58.299, -24.976 ], [ -58.299, -24.975 ], [ -58.299, -24.975 ], [ -58.299, -24.974 ], [ -58.300, -24.974 ], [ -58.300, -24.974 ], [ -58.301, -24.975 ], [ -58.302, -24.974 ], [ -58.302, -24.974 ], [ -58.301, -24.973 ], [ -58.300, -24.973 ], [ -58.299, -24.973 ], [ -58.298, -24.974 ], [ -58.297, -24.974 ], [ -58.297, -24.974 ], [ -58.297, -24.973 ], [ -58.297, -24.972 ], [ -58.297, -24.972 ], [ -58.296, -24.972 ], [ -58.296, -24.972 ], [ -58.296, -24.971 ], [ -58.296, -24.971 ], [ -58.295, -24.970 ], [ -58.295, -24.970 ], [ -58.294, -24.970 ], [ -58.294, -24.970 ], [ -58.294, -24.969 ], [ -58.295, -24.969 ], [ -58.295, -24.968 ], [ -58.295, -24.968 ], [ -58.296, -24.967 ], [ -58.295, -24.967 ], [ -58.295, -24.967 ], [ -58.294, -24.967 ], [ -58.293, -24.967 ], [ -58.292, -24.967 ], [ -58.292, -24.966 ], [ -58.292, -24.966 ], [ -58.292, -24.965 ], [ -58.292, -24.965 ], [ -58.292, -24.964 ], [ -58.291, -24.964 ], [ -58.290, -24.964 ], [ -58.289, -24.964 ], [ -58.288, -24.964 ], [ -58.288, -24.964 ], [ -58.288, -24.963 ], [ -58.288, -24.962 ], [ -58.288, -24.962 ], [ -58.287, -24.961 ], [ -58.288, -24.961 ], [ -58.288, -24.960 ], [ -58.288, -24.960 ], [ -58.287, -24.959 ], [ -58.287, -24.958 ], [ -58.287, -24.958 ], [ -58.286, -24.958 ], [ -58.286, -24.958 ], [ -58.286, -24.958 ], [ -58.286, -24.958 ], [ -58.286, -24.958 ], [ -58.287, -24.958 ], [ -58.287, -24.958 ], [ -58.288, -24.958 ], [ -58.288, -24.958 ], [ -58.289, -24.958 ], [ -58.289, -24.957 ], [ -58.289, -24.957 ], [ -58.288, -24.957 ], [ -58.288, -24.956 ], [ -58.287, -24.956 ], [ -58.287, -24.956 ], [ -58.286, -24.956 ], [ -58.286, -24.956 ], [ -58.285, -24.956 ], [ -58.285, -24.956 ], [ -58.285, -24.956 ], [ -58.285, -24.956 ], [ -58.285, -24.955 ], [ -58.284, -24.955 ], [ -58.284, -24.955 ], [ -58.284, -24.955 ], [ -58.283, -24.956 ], [ -58.283, -24.956 ], [ -58.282, -24.955 ], [ -58.282, -24.956 ], [ -58.281, -24.956 ], [ -58.281, -24.955 ], [ -58.281, -24.955 ], [ -58.281, -24.955 ], [ -58.280, -24.955 ], [ -58.280, -24.956 ], [ -58.280, -24.956 ], [ -58.279, -24.956 ], [ -58.279, -24.955 ], [ -58.279, -24.955 ], [ -58.279, -24.954 ], [ -58.280, -24.954 ], [ -58.280, -24.953 ], [ -58.279, -24.953 ], [ -58.278, -24.953 ], [ -58.278, -24.954 ], [ -58.277, -24.954 ], [ -58.277, -24.954 ], [ -58.277, -24.954 ], [ -58.276, -24.954 ], [ -58.277, -24.953 ], [ -58.277, -24.953 ], [ -58.277, -24.953 ], [ -58.278, -24.952 ], [ -58.278, -24.952 ], [ -58.278, -24.951 ], [ -58.277, -24.951 ], [ -58.276, -24.951 ], [ -58.276, -24.952 ], [ -58.276, -24.952 ], [ -58.276, -24.953 ], [ -58.276, -24.953 ], [ -58.275, -24.953 ], [ -58.275, -24.952 ], [ -58.274, -24.952 ], [ -58.274, -24.951 ], [ -58.273, -24.951 ], [ -58.273, -24.950 ], [ -58.273, -24.950 ], [ -58.273, -24.950 ], [ -58.273, -24.949 ], [ -58.272, -24.949 ], [ -58.272, -24.949 ], [ -58.271, -24.949 ], [ -58.271, -24.949 ], [ -58.270, -24.949 ], [ -58.270, -24.948 ], [ -58.271, -24.948 ], [ -58.271, -24.947 ], [ -58.271, -24.947 ], [ -58.271, -24.947 ], [ -58.270, -24.946 ], [ -58.270, -24.946 ], [ -58.270, -24.947 ], [ -58.269, -24.947 ], [ -58.268, -24.947 ], [ -58.268, -24.947 ], [ -58.268, -24.946 ], [ -58.268, -24.945 ], [ -58.268, -24.945 ], [ -58.267, -24.945 ], [ -58.267, -24.945 ], [ -58.266, -24.945 ], [ -58.266, -24.946 ], [ -58.266, -24.946 ], [ -58.266, -24.946 ], [ -58.266, -24.947 ], [ -58.266, -24.947 ], [ -58.266, -24.946 ], [ -58.266, -24.946 ], [ -58.266, -24.945 ], [ -58.266, -24.944 ], [ -58.266, -24.944 ], [ -58.266, -24.943 ], [ -58.266, -24.942 ], [ -58.266, -24.942 ], [ -58.265, -24.942 ], [ -58.265, -24.942 ], [ -58.264, -24.942 ], [ -58.264, -24.943 ], [ -58.263, -24.943 ], [ -58.263, -24.942 ], [ -58.262, -24.942 ], [ -58.262, -24.942 ], [ -58.262, -24.941 ], [ -58.262, -24.941 ], [ -58.261, -24.941 ], [ -58.261, -24.940 ], [ -58.262, -24.940 ], [ -58.262, -24.940 ], [ -58.262, -24.939 ], [ -58.261, -24.939 ], [ -58.261, -24.939 ], [ -58.261, -24.940 ], [ -58.260, -24.940 ], [ -58.260, -24.940 ], [ -58.259, -24.940 ], [ -58.259, -24.939 ], [ -58.259, -24.939 ], [ -58.259, -24.938 ], [ -58.259, -24.938 ], [ -58.259, -24.938 ], [ -58.259, -24.937 ], [ -58.258, -24.937 ], [ -58.258, -24.938 ], [ -58.258, -24.938 ], [ -58.257, -24.938 ], [ -58.257, -24.938 ], [ -58.257, -24.938 ], [ -58.256, -24.937 ], [ -58.257, -24.937 ], [ -58.257, -24.936 ], [ -58.257, -24.936 ], [ -58.257, -24.935 ], [ -58.257, -24.935 ], [ -58.256, -24.935 ], [ -58.255, -24.935 ], [ -58.255, -24.935 ], [ -58.255, -24.935 ], [ -58.254, -24.935 ], [ -58.255, -24.935 ], [ -58.255, -24.934 ], [ -58.255, -24.933 ], [ -58.255, -24.933 ], [ -58.255, -24.933 ], [ -58.255, -24.933 ], [ -58.256, -24.932 ], [ -58.256, -24.932 ], [ -58.255, -24.932 ], [ -58.255, -24.931 ], [ -58.255, -24.931 ], [ -58.254, -24.931 ], [ -58.253, -24.931 ], [ -58.253, -24.931 ], [ -58.253, -24.931 ], [ -58.252, -24.931 ], [ -58.252, -24.932 ], [ -58.252, -24.932 ], [ -58.252, -24.933 ], [ -58.252, -24.933 ], [ -58.252, -24.934 ], [ -58.251, -24.934 ], [ -58.251, -24.934 ], [ -58.251, -24.934 ], [ -58.250, -24.933 ], [ -58.250, -24.933 ], [ -58.250, -24.932 ], [ -58.250, -24.932 ], [ -58.250, -24.931 ], [ -58.249, -24.931 ], [ -58.249, -24.931 ], [ -58.249, -24.932 ], [ -58.248, -24.932 ], [ -58.248, -24.932 ], [ -58.247, -24.932 ], [ -58.247, -24.932 ], [ -58.246, -24.932 ], [ -58.246, -24.933 ], [ -58.245, -24.933 ], [ -58.245, -24.933 ], [ -58.245, -24.933 ], [ -58.244, -24.932 ], [ -58.244, -24.932 ], [ -58.244, -24.932 ], [ -58.244, -24.931 ], [ -58.244, -24.931 ], [ -58.244, -24.931 ], [ -58.243, -24.931 ], [ -58.243, -24.931 ], [ -58.243, -24.931 ], [ -58.242, -24.931 ], [ -58.242, -24.932 ], [ -58.242, -24.932 ], [ -58.241, -24.932 ], [ -58.241, -24.931 ], [ -58.242, -24.931 ], [ -58.242, -24.930 ], [ -58.241, -24.929 ], [ -58.241, -24.929 ], [ -58.241, -24.928 ], [ -58.242, -24.928 ], [ -58.242, -24.928 ], [ -58.242, -24.928 ], [ -58.242, -24.928 ], [ -58.241, -24.928 ], [ -58.240, -24.928 ], [ -58.240, -24.928 ], [ -58.239, -24.929 ], [ -58.238, -24.929 ], [ -58.238, -24.929 ], [ -58.238, -24.928 ], [ -58.238, -24.928 ], [ -58.238, -24.927 ], [ -58.238, -24.926 ], [ -58.237, -24.927 ], [ -58.237, -24.927 ], [ -58.237, -24.927 ], [ -58.236, -24.927 ], [ -58.236, -24.928 ], [ -58.236, -24.928 ], [ -58.235, -24.927 ], [ -58.235, -24.927 ], [ -58.234, -24.927 ], [ -58.234, -24.927 ], [ -58.234, -24.928 ], [ -58.234, -24.928 ], [ -58.233, -24.928 ], [ -58.232, -24.929 ], [ -58.232, -24.929 ], [ -58.231, -24.929 ], [ -58.231, -24.930 ], [ -58.231, -24.929 ], [ -58.230, -24.929 ], [ -58.230, -24.929 ], [ -58.230, -24.928 ], [ -58.230, -24.927 ], [ -58.230, -24.927 ], [ -58.230, -24.926 ], [ -58.231, -24.926 ], [ -58.231, -24.926 ], [ -58.230, -24.926 ], [ -58.230, -24.926 ], [ -58.229, -24.927 ], [ -58.227, -24.928 ], [ -58.226, -24.928 ], [ -58.226, -24.928 ], [ -58.225, -24.927 ], [ -58.225, -24.927 ], [ -58.225, -24.926 ], [ -58.224, -24.926 ], [ -58.224, -24.927 ], [ -58.224, -24.927 ], [ -58.224, -24.928 ], [ -58.224, -24.928 ], [ -58.224, -24.928 ], [ -58.224, -24.929 ], [ -58.224, -24.930 ], [ -58.224, -24.930 ], [ -58.224, -24.931 ], [ -58.224, -24.931 ], [ -58.222, -24.932 ], [ -58.222, -24.932 ], [ -58.221, -24.932 ], [ -58.220, -24.932 ], [ -58.220, -24.932 ], [ -58.220, -24.931 ], [ -58.221, -24.930 ], [ -58.221, -24.930 ], [ -58.220, -24.930 ], [ -58.220, -24.930 ], [ -58.219, -24.930 ], [ -58.219, -24.931 ], [ -58.219, -24.932 ], [ -58.220, -24.932 ], [ -58.220, -24.933 ], [ -58.221, -24.933 ], [ -58.223, -24.933 ], [ -58.223, -24.933 ], [ -58.224, -24.934 ], [ -58.224, -24.934 ], [ -58.224, -24.934 ], [ -58.222, -24.935 ], [ -58.221, -24.935 ], [ -58.221, -24.934 ], [ -58.221, -24.934 ], [ -58.221, -24.934 ], [ -58.220, -24.934 ], [ -58.219, -24.934 ], [ -58.219, -24.935 ], [ -58.220, -24.935 ], [ -58.221, -24.936 ], [ -58.222, -24.936 ], [ -58.223, -24.936 ], [ -58.224, -24.936 ], [ -58.224, -24.936 ], [ -58.224, -24.937 ], [ -58.223, -24.937 ], [ -58.223, -24.938 ], [ -58.224, -24.938 ], [ -58.224, -24.939 ], [ -58.223, -24.939 ], [ -58.222, -24.939 ], [ -58.223, -24.939 ], [ -58.223, -24.940 ], [ -58.224, -24.941 ], [ -58.224, -24.941 ], [ -58.224, -24.942 ], [ -58.223, -24.942 ], [ -58.223, -24.942 ], [ -58.222, -24.941 ], [ -58.221, -24.941 ], [ -58.220, -24.941 ], [ -58.220, -24.942 ], [ -58.220, -24.942 ], [ -58.221, -24.943 ], [ -58.220, -24.944 ], [ -58.219, -24.944 ], [ -58.218, -24.943 ], [ -58.218, -24.944 ], [ -58.218, -24.944 ], [ -58.218, -24.945 ], [ -58.217, -24.945 ], [ -58.216, -24.945 ], [ -58.215, -24.945 ], [ -58.214, -24.945 ], [ -58.214, -24.945 ], [ -58.215, -24.946 ], [ -58.215, -24.948 ], [ -58.216, -24.949 ], [ -58.217, -24.949 ], [ -58.217, -24.950 ], [ -58.216, -24.950 ], [ -58.214, -24.950 ], [ -58.212, -24.951 ], [ -58.211, -24.950 ], [ -58.210, -24.950 ], [ -58.210, -24.949 ], [ -58.211, -24.948 ], [ -58.210, -24.948 ], [ -58.210, -24.948 ], [ -58.209, -24.949 ], [ -58.209, -24.950 ], [ -58.209, -24.951 ], [ -58.209, -24.951 ], [ -58.208, -24.951 ], [ -58.208, -24.950 ], [ -58.208, -24.949 ], [ -58.208, -24.948 ], [ -58.207, -24.948 ], [ -58.206, -24.949 ], [ -58.206, -24.950 ], [ -58.207, -24.951 ], [ -58.206, -24.951 ], [ -58.205, -24.951 ], [ -58.204, -24.948 ], [ -58.204, -24.948 ], [ -58.203, -24.949 ], [ -58.203, -24.949 ], [ -58.202, -24.949 ], [ -58.201, -24.950 ], [ -58.201, -24.951 ], [ -58.200, -24.952 ], [ -58.200, -24.953 ], [ -58.201, -24.953 ], [ -58.202, -24.954 ], [ -58.201, -24.955 ], [ -58.200, -24.955 ], [ -58.198, -24.953 ], [ -58.197, -24.953 ], [ -58.196, -24.955 ], [ -58.196, -24.956 ], [ -58.197, -24.957 ], [ -58.197, -24.958 ], [ -58.195, -24.959 ], [ -58.194, -24.959 ], [ -58.194, -24.959 ], [ -58.195, -24.962 ], [ -58.196, -24.962 ], [ -58.195, -24.963 ], [ -58.195, -24.964 ], [ -58.195, -24.964 ], [ -58.194, -24.964 ], [ -58.193, -24.964 ], [ -58.193, -24.964 ], [ -58.192, -24.964 ], [ -58.193, -24.965 ], [ -58.194, -24.966 ], [ -58.194, -24.967 ], [ -58.193, -24.967 ], [ -58.193, -24.968 ], [ -58.192, -24.968 ], [ -58.191, -24.966 ], [ -58.191, -24.966 ], [ -58.190, -24.967 ], [ -58.190, -24.968 ], [ -58.188, -24.968 ], [ -58.188, -24.969 ], [ -58.188, -24.970 ], [ -58.188, -24.970 ], [ -58.187, -24.970 ], [ -58.187, -24.970 ], [ -58.186, -24.970 ], [ -58.185, -24.969 ], [ -58.185, -24.969 ], [ -58.185, -24.968 ], [ -58.185, -24.968 ], [ -58.184, -24.968 ], [ -58.184, -24.968 ], [ -58.183, -24.968 ], [ -58.183, -24.968 ], [ -58.183, -24.967 ], [ -58.183, -24.967 ], [ -58.182, -24.967 ], [ -58.182, -24.967 ], [ -58.181, -24.968 ], [ -58.181, -24.969 ], [ -58.181, -24.969 ], [ -58.180, -24.969 ], [ -58.179, -24.968 ], [ -58.178, -24.967 ], [ -58.178, -24.967 ], [ -58.176, -24.968 ], [ -58.176, -24.968 ], [ -58.176, -24.969 ], [ -58.177, -24.970 ], [ -58.177, -24.970 ], [ -58.177, -24.971 ], [ -58.176, -24.971 ], [ -58.176, -24.971 ], [ -58.175, -24.971 ], [ -58.175, -24.970 ], [ -58.175, -24.970 ], [ -58.174, -24.970 ], [ -58.174, -24.970 ], [ -58.173, -24.971 ], [ -58.173, -24.971 ], [ -58.173, -24.971 ], [ -58.172, -24.970 ], [ -58.172, -24.969 ], [ -58.173, -24.969 ], [ -58.173, -24.969 ], [ -58.173, -24.968 ], [ -58.173, -24.968 ], [ -58.172, -24.968 ], [ -58.172, -24.969 ], [ -58.171, -24.969 ], [ -58.170, -24.969 ], [ -58.170, -24.969 ], [ -58.169, -24.969 ], [ -58.169, -24.968 ], [ -58.168, -24.968 ], [ -58.168, -24.967 ], [ -58.168, -24.967 ], [ -58.169, -24.967 ], [ -58.169, -24.967 ], [ -58.170, -24.967 ], [ -58.171, -24.967 ], [ -58.171, -24.967 ], [ -58.170, -24.966 ], [ -58.170, -24.966 ], [ -58.169, -24.966 ], [ -58.168, -24.966 ], [ -58.168, -24.966 ], [ -58.167, -24.967 ], [ -58.166, -24.968 ], [ -58.166, -24.969 ], [ -58.165, -24.969 ], [ -58.164, -24.969 ], [ -58.164, -24.969 ], [ -58.164, -24.969 ], [ -58.164, -24.970 ], [ -58.164, -24.971 ], [ -58.163, -24.971 ], [ -58.163, -24.971 ], [ -58.162, -24.971 ], [ -58.162, -24.971 ], [ -58.162, -24.972 ], [ -58.162, -24.972 ], [ -58.162, -24.973 ], [ -58.162, -24.973 ], [ -58.162, -24.974 ], [ -58.162, -24.974 ], [ -58.162, -24.975 ], [ -58.162, -24.975 ], [ -58.161, -24.974 ], [ -58.160, -24.974 ], [ -58.160, -24.973 ], [ -58.160, -24.973 ], [ -58.160, -24.972 ], [ -58.160, -24.971 ], [ -58.160, -24.970 ], [ -58.159, -24.970 ], [ -58.158, -24.970 ], [ -58.158, -24.971 ], [ -58.158, -24.971 ], [ -58.158, -24.972 ], [ -58.158, -24.973 ], [ -58.158, -24.974 ], [ -58.157, -24.973 ], [ -58.157, -24.973 ], [ -58.156, -24.973 ], [ -58.156, -24.972 ], [ -58.155, -24.972 ], [ -58.154, -24.973 ], [ -58.154, -24.973 ], [ -58.153, -24.973 ], [ -58.153, -24.973 ], [ -58.152, -24.973 ], [ -58.152, -24.974 ], [ -58.152, -24.975 ], [ -58.153, -24.975 ], [ -58.154, -24.975 ], [ -58.154, -24.975 ], [ -58.154, -24.976 ], [ -58.153, -24.976 ], [ -58.152, -24.976 ], [ -58.152, -24.975 ], [ -58.152, -24.975 ], [ -58.151, -24.974 ], [ -58.151, -24.974 ], [ -58.150, -24.974 ], [ -58.150, -24.975 ], [ -58.149, -24.975 ], [ -58.149, -24.976 ], [ -58.150, -24.977 ], [ -58.150, -24.978 ], [ -58.150, -24.978 ], [ -58.150, -24.979 ], [ -58.150, -24.980 ], [ -58.151, -24.980 ], [ -58.151, -24.980 ], [ -58.152, -24.981 ], [ -58.151, -24.982 ], [ -58.150, -24.983 ], [ -58.150, -24.983 ], [ -58.149, -24.982 ], [ -58.149, -24.982 ], [ -58.148, -24.982 ], [ -58.148, -24.983 ], [ -58.148, -24.983 ], [ -58.147, -24.984 ], [ -58.147, -24.985 ], [ -58.147, -24.985 ], [ -58.146, -24.985 ], [ -58.146, -24.984 ], [ -58.145, -24.984 ], [ -58.145, -24.985 ], [ -58.146, -24.985 ], [ -58.146, -24.986 ], [ -58.146, -24.986 ], [ -58.146, -24.986 ], [ -58.146, -24.987 ], [ -58.145, -24.987 ], [ -58.145, -24.986 ], [ -58.144, -24.986 ], [ -58.144, -24.987 ], [ -58.143, -24.987 ], [ -58.143, -24.986 ], [ -58.143, -24.986 ], [ -58.142, -24.986 ], [ -58.142, -24.986 ], [ -58.142, -24.987 ], [ -58.142, -24.987 ], [ -58.143, -24.987 ], [ -58.143, -24.988 ], [ -58.143, -24.988 ], [ -58.144, -24.989 ], [ -58.144, -24.989 ], [ -58.144, -24.989 ], [ -58.144, -24.989 ], [ -58.144, -24.989 ], [ -58.143, -24.989 ], [ -58.143, -24.989 ], [ -58.143, -24.989 ], [ -58.142, -24.989 ], [ -58.141, -24.989 ], [ -58.141, -24.989 ], [ -58.140, -24.988 ], [ -58.140, -24.988 ], [ -58.140, -24.987 ], [ -58.139, -24.987 ], [ -58.138, -24.987 ], [ -58.138, -24.987 ], [ -58.138, -24.988 ], [ -58.137, -24.988 ], [ -58.137, -24.989 ], [ -58.138, -24.989 ], [ -58.138, -24.990 ], [ -58.139, -24.990 ], [ -58.139, -24.990 ], [ -58.139, -24.991 ], [ -58.140, -24.993 ], [ -58.139, -24.994 ], [ -58.139, -24.994 ], [ -58.138, -24.994 ], [ -58.138, -24.994 ], [ -58.138, -24.993 ], [ -58.137, -24.993 ], [ -58.137, -24.994 ], [ -58.137, -24.994 ], [ -58.137, -24.994 ], [ -58.138, -24.995 ], [ -58.138, -24.995 ], [ -58.138, -24.995 ], [ -58.138, -24.996 ], [ -58.138, -24.996 ], [ -58.137, -24.996 ], [ -58.136, -24.995 ], [ -58.136, -24.996 ], [ -58.136, -24.996 ], [ -58.136, -24.996 ], [ -58.137, -24.996 ], [ -58.138, -24.996 ], [ -58.139, -24.996 ], [ -58.139, -24.997 ], [ -58.139, -24.997 ], [ -58.139, -24.997 ], [ -58.138, -24.998 ], [ -58.137, -24.998 ], [ -58.136, -24.998 ], [ -58.136, -24.998 ], [ -58.136, -24.997 ], [ -58.136, -24.997 ], [ -58.136, -24.997 ], [ -58.135, -24.997 ], [ -58.135, -24.997 ], [ -58.135, -24.998 ], [ -58.135, -24.998 ], [ -58.135, -24.999 ], [ -58.135, -25.000 ], [ -58.136, -25.000 ], [ -58.136, -25.000 ], [ -58.137, -25.000 ], [ -58.138, -25.000 ], [ -58.138, -25.001 ], [ -58.137, -25.001 ], [ -58.136, -25.001 ], [ -58.136, -25.001 ], [ -58.135, -25.002 ], [ -58.136, -25.002 ], [ -58.136, -25.002 ], [ -58.136, -25.003 ], [ -58.135, -25.003 ], [ -58.135, -25.003 ], [ -58.136, -25.004 ], [ -58.136, -25.004 ], [ -58.136, -25.005 ], [ -58.136, -25.006 ], [ -58.136, -25.006 ], [ -58.137, -25.006 ], [ -58.137, -25.006 ], [ -58.138, -25.006 ], [ -58.137, -25.007 ], [ -58.137, -25.008 ], [ -58.136, -25.008 ], [ -58.135, -25.008 ], [ -58.135, -25.008 ], [ -58.134, -25.008 ], [ -58.134, -25.009 ], [ -58.135, -25.009 ], [ -58.136, -25.009 ], [ -58.137, -25.009 ], [ -58.137, -25.010 ], [ -58.137, -25.010 ], [ -58.137, -25.011 ], [ -58.137, -25.011 ], [ -58.136, -25.011 ], [ -58.135, -25.011 ], [ -58.134, -25.010 ], [ -58.134, -25.010 ], [ -58.133, -25.010 ], [ -58.133, -25.010 ], [ -58.132, -25.010 ], [ -58.131, -25.011 ], [ -58.131, -25.012 ], [ -58.131, -25.011 ], [ -58.130, -25.011 ], [ -58.130, -25.011 ], [ -58.130, -25.011 ], [ -58.129, -25.011 ], [ -58.129, -25.011 ], [ -58.129, -25.012 ], [ -58.129, -25.012 ], [ -58.129, -25.013 ], [ -58.130, -25.013 ], [ -58.130, -25.014 ], [ -58.130, -25.014 ], [ -58.129, -25.014 ], [ -58.129, -25.014 ], [ -58.128, -25.013 ], [ -58.128, -25.013 ], [ -58.127, -25.012 ], [ -58.127, -25.012 ], [ -58.127, -25.012 ], [ -58.126, -25.012 ], [ -58.126, -25.012 ], [ -58.126, -25.013 ], [ -58.126, -25.013 ], [ -58.127, -25.014 ], [ -58.127, -25.014 ], [ -58.127, -25.015 ], [ -58.127, -25.015 ], [ -58.126, -25.015 ], [ -58.125, -25.014 ], [ -58.125, -25.014 ], [ -58.125, -25.013 ], [ -58.125, -25.012 ], [ -58.125, -25.012 ], [ -58.124, -25.012 ], [ -58.123, -25.012 ], [ -58.122, -25.012 ], [ -58.121, -25.012 ], [ -58.121, -25.012 ], [ -58.120, -25.013 ], [ -58.120, -25.013 ], [ -58.119, -25.012 ], [ -58.119, -25.012 ], [ -58.118, -25.013 ], [ -58.118, -25.013 ], [ -58.118, -25.014 ], [ -58.118, -25.015 ], [ -58.118, -25.016 ], [ -58.118, -25.017 ], [ -58.118, -25.018 ], [ -58.117, -25.018 ], [ -58.117, -25.019 ], [ -58.116, -25.019 ], [ -58.115, -25.018 ], [ -58.115, -25.018 ], [ -58.114, -25.018 ], [ -58.114, -25.018 ], [ -58.113, -25.018 ], [ -58.113, -25.019 ], [ -58.113, -25.019 ], [ -58.112, -25.019 ], [ -58.112, -25.019 ], [ -58.112, -25.018 ], [ -58.113, -25.017 ], [ -58.112, -25.017 ], [ -58.112, -25.017 ], [ -58.111, -25.017 ], [ -58.111, -25.017 ], [ -58.110, -25.017 ], [ -58.110, -25.017 ], [ -58.110, -25.016 ], [ -58.110, -25.016 ], [ -58.111, -25.016 ], [ -58.111, -25.015 ], [ -58.111, -25.015 ], [ -58.111, -25.014 ], [ -58.110, -25.014 ], [ -58.110, -25.014 ], [ -58.109, -25.014 ], [ -58.109, -25.015 ], [ -58.109, -25.015 ], [ -58.108, -25.016 ], [ -58.108, -25.016 ], [ -58.107, -25.015 ], [ -58.107, -25.015 ], [ -58.107, -25.015 ], [ -58.107, -25.014 ], [ -58.107, -25.014 ], [ -58.107, -25.013 ], [ -58.107, -25.013 ], [ -58.107, -25.012 ], [ -58.106, -25.012 ], [ -58.106, -25.011 ], [ -58.105, -25.011 ], [ -58.105, -25.012 ], [ -58.105, -25.012 ], [ -58.105, -25.013 ], [ -58.104, -25.013 ], [ -58.104, -25.013 ], [ -58.104, -25.013 ], [ -58.103, -25.013 ], [ -58.103, -25.012 ], [ -58.103, -25.012 ], [ -58.103, -25.012 ], [ -58.103, -25.013 ], [ -58.103, -25.013 ], [ -58.103, -25.013 ], [ -58.102, -25.014 ], [ -58.101, -25.013 ], [ -58.101, -25.013 ], [ -58.101, -25.013 ], [ -58.101, -25.012 ], [ -58.101, -25.011 ], [ -58.101, -25.011 ], [ -58.100, -25.011 ], [ -58.100, -25.011 ], [ -58.100, -25.014 ], [ -58.100, -25.014 ], [ -58.099, -25.014 ], [ -58.099, -25.014 ], [ -58.097, -25.014 ], [ -58.097, -25.013 ], [ -58.097, -25.013 ], [ -58.098, -25.012 ], [ -58.098, -25.012 ], [ -58.098, -25.011 ], [ -58.097, -25.011 ], [ -58.096, -25.012 ], [ -58.096, -25.012 ], [ -58.095, -25.013 ], [ -58.095, -25.013 ], [ -58.094, -25.013 ], [ -58.094, -25.012 ], [ -58.094, -25.012 ], [ -58.095, -25.011 ], [ -58.096, -25.011 ], [ -58.096, -25.011 ], [ -58.096, -25.010 ], [ -58.096, -25.010 ], [ -58.095, -25.010 ], [ -58.095, -25.009 ], [ -58.095, -25.009 ], [ -58.094, -25.008 ], [ -58.094, -25.009 ], [ -58.092, -25.009 ], [ -58.092, -25.009 ], [ -58.092, -25.009 ], [ -58.091, -25.009 ], [ -58.091, -25.008 ], [ -58.090, -25.008 ], [ -58.090, -25.008 ], [ -58.090, -25.009 ], [ -58.090, -25.009 ], [ -58.090, -25.010 ], [ -58.090, -25.010 ], [ -58.091, -25.011 ], [ -58.091, -25.011 ], [ -58.091, -25.012 ], [ -58.090, -25.012 ], [ -58.089, -25.012 ], [ -58.089, -25.012 ], [ -58.088, -25.012 ], [ -58.087, -25.012 ], [ -58.087, -25.012 ], [ -58.086, -25.012 ], [ -58.085, -25.012 ], [ -58.085, -25.013 ], [ -58.085, -25.014 ], [ -58.086, -25.014 ], [ -58.086, -25.014 ], [ -58.087, -25.014 ], [ -58.088, -25.014 ], [ -58.088, -25.015 ], [ -58.088, -25.015 ], [ -58.087, -25.015 ], [ -58.086, -25.015 ], [ -58.086, -25.015 ], [ -58.085, -25.015 ], [ -58.085, -25.015 ], [ -58.084, -25.014 ], [ -58.084, -25.015 ], [ -58.083, -25.015 ], [ -58.084, -25.016 ], [ -58.084, -25.016 ], [ -58.084, -25.016 ], [ -58.083, -25.017 ], [ -58.083, -25.017 ], [ -58.083, -25.017 ], [ -58.083, -25.018 ], [ -58.084, -25.018 ], [ -58.084, -25.018 ], [ -58.084, -25.019 ], [ -58.084, -25.019 ], [ -58.083, -25.019 ], [ -58.083, -25.020 ], [ -58.082, -25.021 ], [ -58.082, -25.021 ], [ -58.082, -25.021 ], [ -58.083, -25.022 ], [ -58.083, -25.022 ], [ -58.083, -25.023 ], [ -58.082, -25.023 ], [ -58.082, -25.024 ], [ -58.081, -25.024 ], [ -58.081, -25.023 ], [ -58.080, -25.023 ], [ -58.080, -25.022 ], [ -58.079, -25.021 ], [ -58.079, -25.021 ], [ -58.079, -25.021 ], [ -58.078, -25.022 ], [ -58.078, -25.022 ], [ -58.078, -25.023 ], [ -58.078, -25.023 ], [ -58.079, -25.024 ], [ -58.080, -25.024 ], [ -58.080, -25.025 ], [ -58.080, -25.025 ], [ -58.080, -25.026 ], [ -58.079, -25.027 ], [ -58.079, -25.027 ], [ -58.078, -25.027 ], [ -58.078, -25.027 ], [ -58.077, -25.027 ], [ -58.077, -25.028 ], [ -58.076, -25.028 ], [ -58.077, -25.028 ], [ -58.077, -25.029 ], [ -58.078, -25.029 ], [ -58.078, -25.029 ], [ -58.079, -25.029 ], [ -58.079, -25.029 ], [ -58.078, -25.029 ], [ -58.078, -25.029 ], [ -58.077, -25.029 ], [ -58.077, -25.030 ], [ -58.078, -25.030 ], [ -58.078, -25.031 ], [ -58.078, -25.031 ], [ -58.079, -25.032 ], [ -58.078, -25.032 ], [ -58.078, -25.032 ], [ -58.077, -25.033 ], [ -58.077, -25.033 ], [ -58.076, -25.033 ], [ -58.076, -25.034 ], [ -58.075, -25.034 ], [ -58.075, -25.033 ], [ -58.075, -25.033 ], [ -58.074, -25.033 ], [ -58.074, -25.033 ], [ -58.074, -25.034 ], [ -58.074, -25.034 ], [ -58.075, -25.034 ], [ -58.075, -25.035 ], [ -58.076, -25.035 ], [ -58.077, -25.034 ], [ -58.077, -25.035 ], [ -58.077, -25.035 ], [ -58.077, -25.036 ], [ -58.077, -25.036 ], [ -58.077, -25.037 ], [ -58.077, -25.038 ], [ -58.076, -25.038 ], [ -58.075, -25.038 ], [ -58.075, -25.037 ], [ -58.074, -25.037 ], [ -58.074, -25.038 ], [ -58.074, -25.038 ], [ -58.074, -25.039 ], [ -58.074, -25.039 ], [ -58.074, -25.040 ], [ -58.073, -25.040 ], [ -58.073, -25.040 ], [ -58.072, -25.040 ], [ -58.071, -25.041 ], [ -58.070, -25.041 ], [ -58.070, -25.041 ], [ -58.070, -25.042 ], [ -58.070, -25.042 ], [ -58.071, -25.043 ], [ -58.071, -25.043 ], [ -58.071, -25.044 ], [ -58.070, -25.043 ], [ -58.069, -25.043 ], [ -58.069, -25.043 ], [ -58.068, -25.044 ], [ -58.068, -25.044 ], [ -58.069, -25.045 ], [ -58.068, -25.045 ], [ -58.068, -25.045 ], [ -58.068, -25.045 ], [ -58.067, -25.045 ], [ -58.066, -25.045 ], [ -58.066, -25.045 ], [ -58.066, -25.044 ], [ -58.066, -25.043 ], [ -58.066, -25.043 ], [ -58.066, -25.042 ], [ -58.066, -25.041 ], [ -58.066, -25.041 ], [ -58.065, -25.041 ], [ -58.065, -25.041 ], [ -58.064, -25.041 ], [ -58.063, -25.041 ], [ -58.063, -25.041 ], [ -58.062, -25.041 ], [ -58.062, -25.040 ], [ -58.061, -25.040 ], [ -58.060, -25.040 ], [ -58.060, -25.041 ], [ -58.059, -25.042 ], [ -58.059, -25.045 ], [ -58.058, -25.046 ], [ -58.058, -25.045 ], [ -58.058, -25.045 ], [ -58.057, -25.044 ], [ -58.057, -25.044 ], [ -58.057, -25.043 ], [ -58.057, -25.043 ], [ -58.057, -25.042 ], [ -58.057, -25.042 ], [ -58.056, -25.042 ], [ -58.055, -25.042 ], [ -58.055, -25.042 ], [ -58.054, -25.043 ], [ -58.054, -25.043 ], [ -58.054, -25.043 ], [ -58.053, -25.042 ], [ -58.053, -25.042 ], [ -58.052, -25.042 ], [ -58.052, -25.041 ], [ -58.052, -25.041 ], [ -58.053, -25.041 ], [ -58.053, -25.041 ], [ -58.054, -25.041 ], [ -58.055, -25.041 ], [ -58.055, -25.041 ], [ -58.054, -25.040 ], [ -58.054, -25.040 ], [ -58.053, -25.040 ], [ -58.052, -25.040 ], [ -58.051, -25.040 ], [ -58.050, -25.040 ], [ -58.049, -25.040 ], [ -58.049, -25.040 ], [ -58.048, -25.039 ], [ -58.048, -25.039 ], [ -58.049, -25.038 ], [ -58.049, -25.038 ], [ -58.048, -25.038 ], [ -58.047, -25.038 ], [ -58.046, -25.038 ], [ -58.046, -25.039 ], [ -58.046, -25.040 ], [ -58.046, -25.041 ], [ -58.046, -25.041 ], [ -58.045, -25.042 ], [ -58.045, -25.042 ], [ -58.044, -25.043 ], [ -58.043, -25.042 ], [ -58.042, -25.042 ], [ -58.042, -25.041 ], [ -58.042, -25.041 ], [ -58.041, -25.041 ], [ -58.040, -25.042 ], [ -58.040, -25.042 ], [ -58.040, -25.042 ], [ -58.039, -25.041 ], [ -58.039, -25.040 ], [ -58.038, -25.040 ], [ -58.038, -25.041 ], [ -58.037, -25.042 ], [ -58.037, -25.041 ], [ -58.037, -25.041 ], [ -58.038, -25.040 ], [ -58.038, -25.040 ], [ -58.037, -25.039 ], [ -58.037, -25.039 ], [ -58.035, -25.040 ], [ -58.035, -25.040 ], [ -58.034, -25.039 ], [ -58.034, -25.039 ], [ -58.035, -25.038 ], [ -58.034, -25.038 ], [ -58.034, -25.038 ], [ -58.033, -25.038 ], [ -58.032, -25.039 ], [ -58.031, -25.039 ], [ -58.031, -25.038 ], [ -58.031, -25.037 ], [ -58.032, -25.036 ], [ -58.032, -25.036 ], [ -58.031, -25.035 ], [ -58.030, -25.035 ], [ -58.029, -25.036 ], [ -58.029, -25.035 ], [ -58.028, -25.035 ], [ -58.028, -25.036 ], [ -58.028, -25.037 ], [ -58.028, -25.037 ], [ -58.027, -25.038 ], [ -58.026, -25.037 ], [ -58.026, -25.037 ], [ -58.025, -25.038 ], [ -58.025, -25.038 ], [ -58.024, -25.037 ], [ -58.023, -25.037 ], [ -58.023, -25.038 ], [ -58.023, -25.039 ], [ -58.023, -25.040 ], [ -58.023, -25.040 ], [ -58.022, -25.041 ], [ -58.021, -25.040 ], [ -58.020, -25.040 ], [ -58.020, -25.039 ], [ -58.019, -25.039 ], [ -58.018, -25.040 ], [ -58.018, -25.040 ], [ -58.017, -25.040 ], [ -58.017, -25.039 ], [ -58.017, -25.039 ], [ -58.017, -25.038 ], [ -58.017, -25.037 ], [ -58.016, -25.037 ], [ -58.016, -25.038 ], [ -58.016, -25.039 ], [ -58.016, -25.040 ], [ -58.016, -25.040 ], [ -58.016, -25.041 ], [ -58.016, -25.041 ], [ -58.015, -25.041 ], [ -58.014, -25.041 ], [ -58.014, -25.040 ], [ -58.015, -25.039 ], [ -58.015, -25.038 ], [ -58.013, -25.038 ], [ -58.012, -25.037 ], [ -58.012, -25.037 ], [ -58.012, -25.038 ], [ -58.012, -25.038 ], [ -58.012, -25.039 ], [ -58.013, -25.039 ], [ -58.012, -25.040 ], [ -58.011, -25.040 ], [ -58.010, -25.040 ], [ -58.010, -25.039 ], [ -58.010, -25.038 ], [ -58.009, -25.037 ], [ -58.008, -25.036 ], [ -58.008, -25.035 ], [ -58.008, -25.035 ], [ -58.009, -25.035 ], [ -58.010, -25.034 ], [ -58.010, -25.034 ], [ -58.010, -25.034 ], [ -58.009, -25.033 ], [ -58.008, -25.033 ], [ -58.007, -25.035 ], [ -58.006, -25.035 ], [ -58.005, -25.035 ], [ -58.005, -25.035 ], [ -58.005, -25.036 ], [ -58.004, -25.036 ], [ -58.003, -25.037 ], [ -58.003, -25.037 ], [ -58.002, -25.037 ], [ -58.002, -25.038 ], [ -58.003, -25.038 ], [ -58.004, -25.039 ], [ -58.004, -25.039 ], [ -58.004, -25.040 ], [ -58.003, -25.040 ], [ -58.003, -25.041 ], [ -58.004, -25.041 ], [ -58.003, -25.042 ], [ -58.003, -25.043 ], [ -58.004, -25.044 ], [ -58.004, -25.045 ], [ -58.003, -25.045 ], [ -58.002, -25.045 ], [ -58.001, -25.046 ], [ -58.001, -25.047 ], [ -58.002, -25.047 ], [ -58.004, -25.048 ], [ -58.003, -25.049 ], [ -58.002, -25.049 ], [ -58.001, -25.049 ], [ -58.001, -25.051 ], [ -57.999, -25.052 ], [ -57.999, -25.052 ], [ -58.000, -25.054 ], [ -58.000, -25.054 ], [ -57.999, -25.054 ], [ -57.998, -25.054 ], [ -57.998, -25.053 ], [ -57.997, -25.053 ], [ -57.997, -25.054 ], [ -57.996, -25.055 ], [ -57.996, -25.055 ], [ -57.997, -25.056 ], [ -57.998, -25.057 ], [ -57.997, -25.058 ], [ -57.996, -25.058 ], [ -57.996, -25.059 ], [ -57.996, -25.059 ], [ -57.996, -25.060 ], [ -57.997, -25.061 ], [ -57.997, -25.062 ], [ -57.996, -25.062 ], [ -57.996, -25.063 ], [ -57.997, -25.062 ], [ -57.998, -25.062 ], [ -57.999, -25.062 ], [ -57.999, -25.064 ], [ -57.998, -25.064 ], [ -57.996, -25.064 ], [ -57.996, -25.066 ], [ -57.998, -25.066 ], [ -58.000, -25.066 ], [ -57.999, -25.068 ], [ -57.999, -25.070 ], [ -57.999, -25.074 ], [ -57.998, -25.073 ], [ -57.998, -25.072 ], [ -57.997, -25.072 ], [ -57.996, -25.073 ], [ -57.995, -25.073 ], [ -57.995, -25.074 ], [ -57.994, -25.074 ], [ -57.994, -25.075 ], [ -57.994, -25.076 ], [ -57.994, -25.076 ], [ -57.993, -25.075 ], [ -57.992, -25.075 ], [ -57.991, -25.074 ], [ -57.990, -25.075 ], [ -57.990, -25.075 ], [ -57.990, -25.076 ], [ -57.990, -25.078 ], [ -57.989, -25.079 ], [ -57.989, -25.080 ], [ -57.991, -25.080 ], [ -57.991, -25.081 ], [ -57.990, -25.081 ], [ -57.989, -25.081 ], [ -57.988, -25.081 ], [ -57.987, -25.080 ], [ -57.986, -25.079 ], [ -57.985, -25.081 ], [ -57.985, -25.082 ], [ -57.985, -25.083 ], [ -57.984, -25.083 ], [ -57.983, -25.083 ], [ -57.982, -25.082 ], [ -57.981, -25.082 ], [ -57.981, -25.083 ], [ -57.981, -25.083 ], [ -57.980, -25.083 ], [ -57.979, -25.084 ], [ -57.979, -25.083 ], [ -57.978, -25.083 ], [ -57.977, -25.084 ], [ -57.977, -25.084 ], [ -57.976, -25.085 ], [ -57.975, -25.086 ], [ -57.974, -25.086 ], [ -57.974, -25.085 ], [ -57.973, -25.084 ], [ -57.974, -25.084 ], [ -57.974, -25.083 ], [ -57.974, -25.082 ], [ -57.973, -25.082 ], [ -57.972, -25.082 ], [ -57.971, -25.083 ], [ -57.969, -25.082 ], [ -57.968, -25.081 ], [ -57.968, -25.080 ], [ -57.968, -25.080 ], [ -57.969, -25.079 ], [ -57.969, -25.079 ], [ -57.969, -25.078 ], [ -57.969, -25.077 ], [ -57.970, -25.077 ], [ -57.970, -25.078 ], [ -57.970, -25.078 ], [ -57.971, -25.079 ], [ -57.971, -25.078 ], [ -57.971, -25.077 ], [ -57.971, -25.077 ], [ -57.968, -25.076 ], [ -57.968, -25.076 ], [ -57.968, -25.077 ], [ -57.967, -25.078 ], [ -57.966, -25.078 ], [ -57.965, -25.077 ], [ -57.966, -25.076 ], [ -57.966, -25.075 ], [ -57.966, -25.075 ], [ -57.965, -25.075 ], [ -57.964, -25.076 ], [ -57.964, -25.077 ], [ -57.964, -25.078 ], [ -57.964, -25.078 ], [ -57.963, -25.078 ], [ -57.963, -25.077 ], [ -57.962, -25.076 ], [ -57.962, -25.075 ], [ -57.961, -25.076 ], [ -57.960, -25.077 ], [ -57.960, -25.076 ], [ -57.960, -25.075 ], [ -57.958, -25.075 ], [ -57.958, -25.074 ], [ -57.958, -25.073 ], [ -57.957, -25.073 ], [ -57.956, -25.072 ], [ -57.955, -25.073 ], [ -57.955, -25.074 ], [ -57.956, -25.075 ], [ -57.957, -25.076 ], [ -57.957, -25.076 ], [ -57.957, -25.076 ], [ -57.955, -25.076 ], [ -57.954, -25.075 ], [ -57.953, -25.075 ], [ -57.953, -25.075 ], [ -57.953, -25.076 ], [ -57.952, -25.078 ], [ -57.952, -25.078 ], [ -57.952, -25.078 ], [ -57.953, -25.079 ], [ -57.953, -25.079 ], [ -57.953, -25.080 ], [ -57.952, -25.080 ], [ -57.950, -25.079 ], [ -57.948, -25.078 ], [ -57.945, -25.077 ], [ -57.945, -25.077 ], [ -57.944, -25.078 ], [ -57.943, -25.077 ], [ -57.942, -25.077 ], [ -57.943, -25.075 ], [ -57.943, -25.073 ], [ -57.942, -25.072 ], [ -57.941, -25.071 ], [ -57.940, -25.071 ], [ -57.939, -25.073 ], [ -57.938, -25.073 ], [ -57.937, -25.074 ], [ -57.936, -25.075 ], [ -57.936, -25.075 ], [ -57.935, -25.074 ], [ -57.935, -25.073 ], [ -57.935, -25.072 ], [ -57.934, -25.072 ], [ -57.934, -25.072 ], [ -57.931, -25.075 ], [ -57.931, -25.075 ], [ -57.932, -25.075 ], [ -57.932, -25.076 ], [ -57.932, -25.076 ], [ -57.931, -25.077 ], [ -57.931, -25.078 ], [ -57.929, -25.077 ], [ -57.927, -25.076 ], [ -57.925, -25.077 ], [ -57.924, -25.075 ], [ -57.923, -25.074 ], [ -57.923, -25.073 ], [ -57.921, -25.073 ], [ -57.920, -25.074 ], [ -57.919, -25.075 ], [ -57.919, -25.076 ], [ -57.918, -25.076 ], [ -57.917, -25.077 ], [ -57.916, -25.077 ], [ -57.915, -25.077 ], [ -57.915, -25.076 ], [ -57.914, -25.076 ], [ -57.913, -25.075 ], [ -57.913, -25.075 ], [ -57.912, -25.075 ], [ -57.911, -25.075 ], [ -57.910, -25.074 ], [ -57.909, -25.074 ], [ -57.907, -25.074 ], [ -57.907, -25.073 ], [ -57.906, -25.073 ], [ -57.905, -25.073 ], [ -57.905, -25.074 ], [ -57.904, -25.075 ], [ -57.905, -25.076 ], [ -57.905, -25.077 ], [ -57.906, -25.077 ], [ -57.907, -25.077 ], [ -57.907, -25.077 ], [ -57.908, -25.077 ], [ -57.908, -25.078 ], [ -57.907, -25.079 ], [ -57.907, -25.079 ], [ -57.906, -25.079 ], [ -57.905, -25.078 ], [ -57.904, -25.078 ], [ -57.903, -25.077 ], [ -57.900, -25.078 ], [ -57.899, -25.079 ], [ -57.898, -25.079 ], [ -57.897, -25.080 ], [ -57.896, -25.079 ], [ -57.896, -25.080 ], [ -57.896, -25.081 ], [ -57.896, -25.081 ], [ -57.897, -25.082 ], [ -57.896, -25.083 ], [ -57.895, -25.083 ], [ -57.895, -25.083 ], [ -57.894, -25.081 ], [ -57.893, -25.079 ], [ -57.892, -25.079 ], [ -57.892, -25.081 ], [ -57.891, -25.082 ], [ -57.890, -25.082 ], [ -57.890, -25.082 ], [ -57.890, -25.081 ], [ -57.890, -25.080 ], [ -57.890, -25.079 ], [ -57.890, -25.078 ], [ -57.889, -25.078 ], [ -57.888, -25.079 ], [ -57.887, -25.080 ], [ -57.887, -25.081 ], [ -57.886, -25.081 ], [ -57.886, -25.081 ], [ -57.885, -25.080 ], [ -57.886, -25.079 ], [ -57.888, -25.078 ], [ -57.888, -25.077 ], [ -57.887, -25.076 ], [ -57.886, -25.076 ], [ -57.885, -25.077 ], [ -57.884, -25.077 ], [ -57.884, -25.076 ], [ -57.884, -25.075 ], [ -57.883, -25.075 ], [ -57.882, -25.075 ], [ -57.882, -25.076 ], [ -57.882, -25.078 ], [ -57.882, -25.079 ], [ -57.881, -25.079 ], [ -57.880, -25.078 ], [ -57.880, -25.078 ], [ -57.878, -25.078 ], [ -57.878, -25.078 ], [ -57.878, -25.078 ], [ -57.877, -25.078 ], [ -57.877, -25.079 ], [ -57.877, -25.079 ], [ -57.877, -25.080 ], [ -57.877, -25.080 ], [ -57.877, -25.080 ], [ -57.877, -25.081 ], [ -57.876, -25.081 ], [ -57.876, -25.081 ], [ -57.875, -25.081 ], [ -57.875, -25.081 ], [ -57.874, -25.081 ], [ -57.874, -25.081 ], [ -57.874, -25.082 ], [ -57.873, -25.082 ], [ -57.873, -25.082 ], [ -57.872, -25.082 ], [ -57.872, -25.082 ], [ -57.872, -25.081 ], [ -57.871, -25.081 ], [ -57.871, -25.080 ], [ -57.871, -25.080 ], [ -57.870, -25.080 ], [ -57.870, -25.080 ], [ -57.870, -25.081 ], [ -57.870, -25.081 ], [ -57.870, -25.082 ], [ -57.870, -25.082 ], [ -57.870, -25.083 ], [ -57.870, -25.083 ], [ -57.870, -25.083 ], [ -57.870, -25.084 ], [ -57.869, -25.084 ], [ -57.869, -25.084 ], [ -57.868, -25.084 ], [ -57.868, -25.083 ], [ -57.867, -25.083 ], [ -57.867, -25.083 ], [ -57.867, -25.083 ], [ -57.866, -25.083 ], [ -57.866, -25.083 ], [ -57.866, -25.083 ], [ -57.865, -25.083 ], [ -57.864, -25.083 ], [ -57.864, -25.083 ], [ -57.864, -25.084 ], [ -57.863, -25.084 ], [ -57.863, -25.084 ], [ -57.863, -25.084 ], [ -57.862, -25.084 ], [ -57.862, -25.083 ], [ -57.862, -25.083 ], [ -57.862, -25.083 ], [ -57.862, -25.082 ], [ -57.862, -25.082 ], [ -57.862, -25.082 ], [ -57.861, -25.081 ], [ -57.861, -25.081 ], [ -57.861, -25.081 ], [ -57.860, -25.081 ], [ -57.860, -25.081 ], [ -57.860, -25.082 ], [ -57.860, -25.082 ], [ -57.860, -25.083 ], [ -57.860, -25.084 ], [ -57.860, -25.084 ], [ -57.860, -25.084 ], [ -57.859, -25.085 ], [ -57.859, -25.085 ], [ -57.859, -25.085 ], [ -57.858, -25.085 ], [ -57.858, -25.085 ], [ -57.855, -25.087 ], [ -57.855, -25.087 ], [ -57.855, -25.088 ], [ -57.855, -25.088 ], [ -57.856, -25.088 ], [ -57.856, -25.088 ], [ -57.857, -25.088 ], [ -57.857, -25.088 ], [ -57.857, -25.088 ], [ -57.857, -25.088 ], [ -57.858, -25.087 ], [ -57.858, -25.087 ], [ -57.858, -25.087 ], [ -57.859, -25.088 ], [ -57.859, -25.088 ], [ -57.859, -25.089 ], [ -57.859, -25.089 ], [ -57.858, -25.090 ], [ -57.858, -25.090 ], [ -57.858, -25.090 ], [ -57.857, -25.090 ], [ -57.857, -25.090 ], [ -57.856, -25.090 ], [ -57.856, -25.091 ], [ -57.856, -25.091 ], [ -57.855, -25.091 ], [ -57.855, -25.092 ], [ -57.855, -25.092 ], [ -57.854, -25.092 ], [ -57.854, -25.092 ], [ -57.854, -25.093 ], [ -57.853, -25.093 ], [ -57.853, -25.093 ], [ -57.853, -25.093 ], [ -57.852, -25.093 ], [ -57.852, -25.093 ], [ -57.852, -25.093 ], [ -57.851, -25.093 ], [ -57.851, -25.093 ], [ -57.850, -25.093 ], [ -57.851, -25.094 ], [ -57.851, -25.094 ], [ -57.851, -25.095 ], [ -57.852, -25.095 ], [ -57.852, -25.096 ], [ -57.852, -25.096 ], [ -57.852, -25.096 ], [ -57.853, -25.096 ], [ -57.853, -25.097 ], [ -57.853, -25.097 ], [ -57.854, -25.097 ], [ -57.854, -25.097 ], [ -57.854, -25.096 ], [ -57.854, -25.096 ], [ -57.855, -25.096 ], [ -57.855, -25.096 ], [ -57.855, -25.096 ], [ -57.855, -25.096 ], [ -57.855, -25.097 ], [ -57.855, -25.097 ], [ -57.855, -25.098 ], [ -57.854, -25.098 ], [ -57.854, -25.098 ], [ -57.854, -25.098 ], [ -57.853, -25.098 ], [ -57.853, -25.098 ], [ -57.853, -25.098 ], [ -57.852, -25.098 ], [ -57.852, -25.097 ], [ -57.851, -25.097 ], [ -57.850, -25.097 ], [ -57.849, -25.097 ], [ -57.849, -25.097 ], [ -57.849, -25.097 ], [ -57.849, -25.097 ], [ -57.848, -25.097 ], [ -57.848, -25.097 ], [ -57.848, -25.097 ], [ -57.848, -25.097 ], [ -57.848, -25.097 ], [ -57.848, -25.098 ], [ -57.848, -25.099 ], [ -57.848, -25.099 ], [ -57.848, -25.100 ], [ -57.848, -25.100 ], [ -57.848, -25.101 ], [ -57.848, -25.101 ], [ -57.847, -25.101 ], [ -57.847, -25.101 ], [ -57.846, -25.101 ], [ -57.846, -25.101 ], [ -57.847, -25.102 ], [ -57.847, -25.102 ], [ -57.847, -25.102 ], [ -57.847, -25.102 ], [ -57.848, -25.103 ], [ -57.848, -25.103 ], [ -57.848, -25.103 ], [ -57.848, -25.104 ], [ -57.848, -25.104 ], [ -57.849, -25.104 ], [ -57.849, -25.104 ], [ -57.849, -25.104 ], [ -57.850, -25.104 ], [ -57.850, -25.104 ], [ -57.850, -25.105 ], [ -57.850, -25.105 ], [ -57.849, -25.105 ], [ -57.849, -25.105 ], [ -57.848, -25.105 ], [ -57.848, -25.105 ], [ -57.848, -25.105 ], [ -57.847, -25.105 ], [ -57.847, -25.106 ], [ -57.847, -25.106 ], [ -57.847, -25.106 ], [ -57.847, -25.107 ], [ -57.847, -25.107 ], [ -57.847, -25.108 ], [ -57.847, -25.108 ], [ -57.848, -25.108 ], [ -57.848, -25.108 ], [ -57.849, -25.107 ], [ -57.849, -25.107 ], [ -57.850, -25.107 ], [ -57.850, -25.107 ], [ -57.850, -25.108 ], [ -57.851, -25.108 ], [ -57.851, -25.108 ], [ -57.850, -25.109 ], [ -57.850, -25.109 ], [ -57.849, -25.109 ], [ -57.847, -25.110 ], [ -57.847, -25.111 ], [ -57.845, -25.111 ], [ -57.844, -25.111 ], [ -57.843, -25.111 ], [ -57.843, -25.112 ], [ -57.843, -25.112 ], [ -57.843, -25.112 ], [ -57.844, -25.113 ], [ -57.844, -25.113 ], [ -57.844, -25.113 ], [ -57.844, -25.114 ], [ -57.845, -25.114 ], [ -57.845, -25.114 ], [ -57.845, -25.114 ], [ -57.846, -25.115 ], [ -57.847, -25.115 ], [ -57.847, -25.115 ], [ -57.847, -25.116 ], [ -57.848, -25.116 ], [ -57.848, -25.116 ], [ -57.848, -25.117 ], [ -57.848, -25.117 ], [ -57.848, -25.117 ], [ -57.848, -25.118 ], [ -57.848, -25.118 ], [ -57.847, -25.118 ], [ -57.847, -25.118 ], [ -57.847, -25.118 ], [ -57.846, -25.117 ], [ -57.846, -25.117 ], [ -57.845, -25.117 ], [ -57.845, -25.117 ], [ -57.845, -25.117 ], [ -57.844, -25.117 ], [ -57.844, -25.117 ], [ -57.844, -25.117 ], [ -57.844, -25.117 ], [ -57.843, -25.118 ], [ -57.843, -25.118 ], [ -57.844, -25.118 ], [ -57.844, -25.119 ], [ -57.844, -25.119 ], [ -57.845, -25.119 ], [ -57.845, -25.120 ], [ -57.845, -25.120 ], [ -57.845, -25.120 ], [ -57.844, -25.121 ], [ -57.844, -25.121 ], [ -57.843, -25.121 ], [ -57.843, -25.120 ], [ -57.842, -25.120 ], [ -57.841, -25.120 ], [ -57.841, -25.120 ], [ -57.840, -25.120 ], [ -57.840, -25.120 ], [ -57.840, -25.120 ], [ -57.840, -25.120 ], [ -57.840, -25.121 ], [ -57.840, -25.121 ], [ -57.840, -25.122 ], [ -57.840, -25.122 ], [ -57.840, -25.122 ], [ -57.840, -25.123 ], [ -57.840, -25.123 ], [ -57.839, -25.123 ], [ -57.839, -25.123 ], [ -57.838, -25.123 ], [ -57.838, -25.123 ], [ -57.837, -25.123 ], [ -57.837, -25.123 ], [ -57.836, -25.123 ], [ -57.836, -25.124 ], [ -57.836, -25.124 ], [ -57.837, -25.124 ], [ -57.837, -25.124 ], [ -57.837, -25.124 ], [ -57.837, -25.124 ], [ -57.838, -25.124 ], [ -57.838, -25.124 ], [ -57.838, -25.124 ], [ -57.839, -25.124 ], [ -57.839, -25.124 ], [ -57.839, -25.125 ], [ -57.840, -25.125 ], [ -57.840, -25.125 ], [ -57.839, -25.126 ], [ -57.839, -25.126 ], [ -57.838, -25.126 ], [ -57.837, -25.126 ], [ -57.837, -25.127 ], [ -57.837, -25.127 ], [ -57.836, -25.127 ], [ -57.836, -25.127 ], [ -57.835, -25.126 ], [ -57.835, -25.127 ], [ -57.835, -25.127 ], [ -57.834, -25.127 ], [ -57.834, -25.128 ], [ -57.834, -25.128 ], [ -57.835, -25.128 ], [ -57.835, -25.129 ], [ -57.835, -25.129 ], [ -57.835, -25.130 ], [ -57.836, -25.130 ], [ -57.836, -25.130 ], [ -57.836, -25.130 ], [ -57.836, -25.131 ], [ -57.836, -25.131 ], [ -57.836, -25.131 ], [ -57.835, -25.131 ], [ -57.835, -25.132 ], [ -57.834, -25.132 ], [ -57.834, -25.132 ], [ -57.833, -25.132 ], [ -57.833, -25.131 ], [ -57.833, -25.131 ], [ -57.832, -25.131 ], [ -57.832, -25.130 ], [ -57.832, -25.129 ], [ -57.831, -25.129 ], [ -57.831, -25.128 ], [ -57.831, -25.128 ], [ -57.830, -25.128 ], [ -57.830, -25.128 ], [ -57.830, -25.128 ], [ -57.829, -25.129 ], [ -57.829, -25.129 ], [ -57.829, -25.129 ], [ -57.829, -25.130 ], [ -57.829, -25.130 ], [ -57.829, -25.130 ], [ -57.829, -25.131 ], [ -57.829, -25.131 ], [ -57.828, -25.132 ], [ -57.828, -25.132 ], [ -57.827, -25.132 ], [ -57.827, -25.132 ], [ -57.827, -25.131 ], [ -57.827, -25.131 ], [ -57.827, -25.130 ], [ -57.827, -25.130 ], [ -57.826, -25.130 ], [ -57.826, -25.130 ], [ -57.826, -25.130 ], [ -57.825, -25.130 ], [ -57.825, -25.131 ], [ -57.825, -25.131 ], [ -57.825, -25.132 ], [ -57.824, -25.133 ], [ -57.824, -25.134 ], [ -57.824, -25.134 ], [ -57.823, -25.134 ], [ -57.823, -25.135 ], [ -57.823, -25.135 ], [ -57.822, -25.135 ], [ -57.822, -25.136 ], [ -57.823, -25.136 ], [ -57.823, -25.137 ], [ -57.823, -25.138 ], [ -57.823, -25.138 ], [ -57.824, -25.138 ], [ -57.823, -25.139 ], [ -57.823, -25.139 ], [ -57.823, -25.140 ], [ -57.823, -25.140 ], [ -57.823, -25.140 ], [ -57.822, -25.141 ], [ -57.822, -25.141 ], [ -57.822, -25.141 ], [ -57.822, -25.142 ], [ -57.821, -25.141 ], [ -57.821, -25.141 ], [ -57.819, -25.140 ], [ -57.818, -25.139 ], [ -57.818, -25.138 ], [ -57.818, -25.138 ], [ -57.817, -25.138 ], [ -57.817, -25.138 ], [ -57.817, -25.139 ], [ -57.817, -25.139 ], [ -57.817, -25.140 ], [ -57.817, -25.140 ], [ -57.817, -25.140 ], [ -57.817, -25.141 ], [ -57.816, -25.142 ], [ -57.816, -25.142 ], [ -57.816, -25.142 ], [ -57.816, -25.142 ], [ -57.815, -25.143 ], [ -57.814, -25.143 ], [ -57.814, -25.143 ], [ -57.813, -25.143 ], [ -57.813, -25.143 ], [ -57.813, -25.143 ], [ -57.813, -25.144 ], [ -57.813, -25.145 ], [ -57.813, -25.145 ], [ -57.813, -25.146 ], [ -57.813, -25.147 ], [ -57.813, -25.147 ], [ -57.813, -25.147 ], [ -57.812, -25.147 ], [ -57.812, -25.147 ], [ -57.812, -25.147 ], [ -57.811, -25.146 ], [ -57.811, -25.146 ], [ -57.810, -25.146 ], [ -57.810, -25.145 ], [ -57.810, -25.144 ], [ -57.810, -25.144 ], [ -57.809, -25.143 ], [ -57.809, -25.142 ], [ -57.809, -25.142 ], [ -57.809, -25.142 ], [ -57.808, -25.142 ], [ -57.807, -25.142 ], [ -57.807, -25.142 ], [ -57.806, -25.142 ], [ -57.805, -25.143 ], [ -57.805, -25.143 ], [ -57.804, -25.144 ], [ -57.804, -25.144 ], [ -57.805, -25.145 ], [ -57.805, -25.146 ], [ -57.805, -25.147 ], [ -57.805, -25.147 ], [ -57.805, -25.148 ], [ -57.804, -25.148 ], [ -57.804, -25.147 ], [ -57.803, -25.147 ], [ -57.803, -25.147 ], [ -57.803, -25.146 ], [ -57.803, -25.146 ], [ -57.802, -25.145 ], [ -57.802, -25.145 ], [ -57.802, -25.145 ], [ -57.801, -25.145 ], [ -57.801, -25.145 ], [ -57.801, -25.145 ], [ -57.801, -25.146 ], [ -57.801, -25.146 ], [ -57.801, -25.146 ], [ -57.802, -25.146 ], [ -57.802, -25.147 ], [ -57.802, -25.147 ], [ -57.802, -25.147 ], [ -57.802, -25.148 ], [ -57.802, -25.148 ], [ -57.802, -25.148 ], [ -57.802, -25.149 ], [ -57.801, -25.149 ], [ -57.801, -25.149 ], [ -57.800, -25.149 ], [ -57.800, -25.149 ], [ -57.800, -25.149 ], [ -57.799, -25.149 ], [ -57.799, -25.149 ], [ -57.799, -25.149 ], [ -57.798, -25.149 ], [ -57.798, -25.149 ], [ -57.798, -25.148 ], [ -57.798, -25.148 ], [ -57.797, -25.148 ], [ -57.797, -25.148 ], [ -57.796, -25.148 ], [ -57.796, -25.149 ], [ -57.796, -25.149 ], [ -57.795, -25.149 ], [ -57.795, -25.149 ], [ -57.794, -25.150 ], [ -57.794, -25.150 ], [ -57.794, -25.150 ], [ -57.793, -25.150 ], [ -57.793, -25.151 ], [ -57.793, -25.151 ], [ -57.793, -25.151 ], [ -57.792, -25.151 ], [ -57.792, -25.151 ], [ -57.791, -25.150 ], [ -57.791, -25.150 ], [ -57.791, -25.149 ], [ -57.791, -25.149 ], [ -57.790, -25.149 ], [ -57.790, -25.149 ], [ -57.790, -25.149 ], [ -57.789, -25.149 ], [ -57.789, -25.150 ], [ -57.789, -25.150 ], [ -57.789, -25.150 ], [ -57.789, -25.151 ], [ -57.789, -25.151 ], [ -57.789, -25.152 ], [ -57.790, -25.152 ], [ -57.790, -25.153 ], [ -57.790, -25.153 ], [ -57.791, -25.153 ], [ -57.791, -25.153 ], [ -57.791, -25.153 ], [ -57.792, -25.154 ], [ -57.792, -25.154 ], [ -57.792, -25.154 ], [ -57.791, -25.155 ], [ -57.791, -25.155 ], [ -57.791, -25.155 ], [ -57.790, -25.155 ], [ -57.790, -25.155 ], [ -57.790, -25.154 ], [ -57.789, -25.154 ], [ -57.789, -25.154 ], [ -57.789, -25.154 ], [ -57.788, -25.153 ], [ -57.788, -25.153 ], [ -57.788, -25.153 ], [ -57.787, -25.153 ], [ -57.787, -25.152 ], [ -57.787, -25.152 ], [ -57.787, -25.152 ], [ -57.786, -25.152 ], [ -57.786, -25.151 ], [ -57.786, -25.151 ], [ -57.785, -25.151 ], [ -57.785, -25.151 ], [ -57.784, -25.151 ], [ -57.784, -25.151 ], [ -57.783, -25.151 ], [ -57.783, -25.152 ], [ -57.782, -25.152 ], [ -57.782, -25.152 ], [ -57.781, -25.152 ], [ -57.781, -25.152 ], [ -57.781, -25.152 ], [ -57.780, -25.152 ], [ -57.780, -25.152 ], [ -57.779, -25.152 ], [ -57.778, -25.153 ], [ -57.778, -25.153 ], [ -57.778, -25.153 ], [ -57.778, -25.154 ], [ -57.777, -25.154 ], [ -57.776, -25.155 ], [ -57.776, -25.155 ], [ -57.776, -25.156 ], [ -57.776, -25.156 ], [ -57.776, -25.156 ], [ -57.776, -25.157 ], [ -57.776, -25.157 ], [ -57.776, -25.158 ], [ -57.776, -25.158 ], [ -57.776, -25.158 ], [ -57.775, -25.159 ], [ -57.775, -25.160 ], [ -57.775, -25.160 ], [ -57.775, -25.160 ], [ -57.775, -25.161 ], [ -57.776, -25.161 ], [ -57.775, -25.161 ], [ -57.775, -25.162 ], [ -57.775, -25.162 ], [ -57.774, -25.162 ], [ -57.774, -25.162 ], [ -57.773, -25.162 ], [ -57.773, -25.163 ], [ -57.773, -25.163 ], [ -57.772, -25.163 ], [ -57.772, -25.164 ], [ -57.771, -25.164 ], [ -57.770, -25.164 ], [ -57.770, -25.164 ], [ -57.770, -25.164 ], [ -57.769, -25.165 ], [ -57.769, -25.165 ], [ -57.770, -25.166 ], [ -57.770, -25.166 ], [ -57.769, -25.167 ], [ -57.769, -25.167 ], [ -57.769, -25.167 ], [ -57.769, -25.168 ], [ -57.769, -25.168 ], [ -57.770, -25.168 ], [ -57.770, -25.168 ], [ -57.771, -25.168 ], [ -57.771, -25.168 ], [ -57.771, -25.168 ], [ -57.771, -25.169 ], [ -57.771, -25.169 ], [ -57.771, -25.169 ], [ -57.771, -25.170 ], [ -57.770, -25.170 ], [ -57.770, -25.170 ], [ -57.770, -25.170 ], [ -57.769, -25.170 ], [ -57.769, -25.171 ], [ -57.768, -25.171 ], [ -57.768, -25.171 ], [ -57.768, -25.172 ], [ -57.768, -25.172 ], [ -57.768, -25.172 ], [ -57.767, -25.172 ], [ -57.767, -25.172 ], [ -57.767, -25.172 ], [ -57.766, -25.172 ], [ -57.766, -25.172 ], [ -57.766, -25.171 ], [ -57.765, -25.171 ], [ -57.765, -25.170 ], [ -57.764, -25.170 ], [ -57.764, -25.170 ], [ -57.764, -25.170 ], [ -57.763, -25.170 ], [ -57.763, -25.171 ], [ -57.762, -25.171 ], [ -57.762, -25.171 ], [ -57.762, -25.171 ], [ -57.761, -25.171 ], [ -57.761, -25.171 ], [ -57.761, -25.171 ], [ -57.760, -25.171 ], [ -57.760, -25.172 ], [ -57.760, -25.172 ], [ -57.761, -25.173 ], [ -57.761, -25.173 ], [ -57.761, -25.174 ], [ -57.761, -25.174 ], [ -57.761, -25.175 ], [ -57.761, -25.175 ], [ -57.761, -25.175 ], [ -57.760, -25.176 ], [ -57.759, -25.176 ], [ -57.759, -25.176 ], [ -57.759, -25.176 ], [ -57.758, -25.176 ], [ -57.758, -25.176 ], [ -57.757, -25.176 ], [ -57.757, -25.176 ], [ -57.757, -25.176 ], [ -57.756, -25.176 ], [ -57.756, -25.176 ], [ -57.756, -25.177 ], [ -57.756, -25.177 ], [ -57.756, -25.177 ], [ -57.756, -25.178 ], [ -57.757, -25.178 ], [ -57.757, -25.178 ], [ -57.758, -25.179 ], [ -57.758, -25.179 ], [ -57.758, -25.179 ], [ -57.757, -25.179 ], [ -57.757, -25.179 ], [ -57.757, -25.179 ], [ -57.756, -25.179 ], [ -57.756, -25.179 ], [ -57.755, -25.179 ], [ -57.755, -25.179 ], [ -57.755, -25.178 ], [ -57.755, -25.178 ], [ -57.755, -25.178 ], [ -57.754, -25.177 ], [ -57.754, -25.177 ], [ -57.754, -25.177 ], [ -57.754, -25.176 ], [ -57.754, -25.176 ], [ -57.754, -25.176 ], [ -57.753, -25.176 ], [ -57.752, -25.178 ], [ -57.752, -25.178 ], [ -57.752, -25.178 ], [ -57.752, -25.179 ], [ -57.752, -25.179 ], [ -57.752, -25.179 ], [ -57.752, -25.180 ], [ -57.752, -25.180 ], [ -57.752, -25.181 ], [ -57.752, -25.181 ], [ -57.752, -25.181 ], [ -57.753, -25.182 ], [ -57.753, -25.182 ], [ -57.754, -25.182 ], [ -57.754, -25.183 ], [ -57.755, -25.183 ], [ -57.755, -25.183 ], [ -57.756, -25.183 ], [ -57.756, -25.183 ], [ -57.757, -25.184 ], [ -57.757, -25.184 ], [ -57.758, -25.185 ], [ -57.758, -25.185 ], [ -57.758, -25.185 ], [ -57.758, -25.186 ], [ -57.758, -25.186 ], [ -57.758, -25.187 ], [ -57.758, -25.187 ], [ -57.758, -25.187 ], [ -57.757, -25.188 ], [ -57.757, -25.188 ], [ -57.757, -25.188 ], [ -57.757, -25.189 ], [ -57.757, -25.189 ], [ -57.757, -25.190 ], [ -57.756, -25.190 ], [ -57.756, -25.190 ], [ -57.756, -25.190 ], [ -57.755, -25.190 ], [ -57.755, -25.190 ], [ -57.755, -25.190 ], [ -57.754, -25.190 ], [ -57.753, -25.190 ], [ -57.753, -25.191 ], [ -57.753, -25.191 ], [ -57.752, -25.191 ], [ -57.752, -25.192 ], [ -57.752, -25.192 ], [ -57.752, -25.192 ], [ -57.752, -25.192 ], [ -57.753, -25.193 ], [ -57.753, -25.193 ], [ -57.753, -25.193 ], [ -57.754, -25.193 ], [ -57.754, -25.193 ], [ -57.755, -25.193 ], [ -57.755, -25.193 ], [ -57.755, -25.193 ], [ -57.756, -25.193 ], [ -57.756, -25.193 ], [ -57.757, -25.193 ], [ -57.757, -25.194 ], [ -57.756, -25.194 ], [ -57.756, -25.194 ], [ -57.756, -25.194 ], [ -57.755, -25.194 ], [ -57.755, -25.195 ], [ -57.755, -25.195 ], [ -57.755, -25.195 ], [ -57.755, -25.195 ], [ -57.755, -25.195 ], [ -57.756, -25.196 ], [ -57.756, -25.196 ], [ -57.755, -25.196 ], [ -57.755, -25.196 ], [ -57.754, -25.196 ], [ -57.754, -25.196 ], [ -57.751, -25.195 ], [ -57.751, -25.195 ], [ -57.750, -25.195 ], [ -57.750, -25.195 ], [ -57.749, -25.195 ], [ -57.749, -25.195 ], [ -57.749, -25.195 ], [ -57.749, -25.196 ], [ -57.749, -25.196 ], [ -57.749, -25.197 ], [ -57.749, -25.197 ], [ -57.749, -25.198 ], [ -57.749, -25.199 ], [ -57.749, -25.201 ], [ -57.749, -25.201 ], [ -57.749, -25.202 ], [ -57.749, -25.202 ], [ -57.749, -25.202 ], [ -57.750, -25.202 ], [ -57.750, -25.203 ], [ -57.750, -25.203 ], [ -57.751, -25.203 ], [ -57.751, -25.203 ], [ -57.751, -25.203 ], [ -57.752, -25.204 ], [ -57.752, -25.204 ], [ -57.752, -25.204 ], [ -57.752, -25.204 ], [ -57.753, -25.205 ], [ -57.753, -25.204 ], [ -57.754, -25.204 ], [ -57.754, -25.205 ], [ -57.754, -25.205 ], [ -57.754, -25.205 ], [ -57.754, -25.206 ], [ -57.753, -25.206 ], [ -57.753, -25.206 ], [ -57.752, -25.206 ], [ -57.752, -25.206 ], [ -57.752, -25.206 ], [ -57.751, -25.206 ], [ -57.750, -25.205 ], [ -57.749, -25.205 ], [ -57.749, -25.205 ], [ -57.748, -25.205 ], [ -57.748, -25.206 ], [ -57.748, -25.206 ], [ -57.748, -25.206 ], [ -57.749, -25.207 ], [ -57.749, -25.208 ], [ -57.749, -25.208 ], [ -57.749, -25.209 ], [ -57.750, -25.209 ], [ -57.750, -25.209 ], [ -57.751, -25.209 ], [ -57.752, -25.208 ], [ -57.753, -25.208 ], [ -57.753, -25.208 ], [ -57.753, -25.208 ], [ -57.754, -25.208 ], [ -57.754, -25.208 ], [ -57.755, -25.208 ], [ -57.755, -25.208 ], [ -57.755, -25.208 ], [ -57.756, -25.208 ], [ -57.756, -25.209 ], [ -57.757, -25.209 ], [ -57.757, -25.210 ], [ -57.757, -25.210 ], [ -57.757, -25.211 ], [ -57.757, -25.211 ], [ -57.756, -25.212 ], [ -57.756, -25.212 ], [ -57.756, -25.212 ], [ -57.756, -25.213 ], [ -57.756, -25.213 ], [ -57.756, -25.214 ], [ -57.756, -25.214 ], [ -57.755, -25.214 ], [ -57.755, -25.214 ], [ -57.755, -25.214 ], [ -57.754, -25.213 ], [ -57.753, -25.213 ], [ -57.753, -25.212 ], [ -57.753, -25.212 ], [ -57.752, -25.212 ], [ -57.752, -25.212 ], [ -57.751, -25.212 ], [ -57.751, -25.213 ], [ -57.752, -25.214 ], [ -57.752, -25.214 ], [ -57.752, -25.214 ], [ -57.752, -25.215 ], [ -57.752, -25.215 ], [ -57.753, -25.215 ], [ -57.753, -25.216 ], [ -57.753, -25.216 ], [ -57.752, -25.216 ], [ -57.752, -25.216 ], [ -57.751, -25.215 ], [ -57.751, -25.215 ], [ -57.750, -25.215 ], [ -57.750, -25.216 ], [ -57.750, -25.216 ], [ -57.750, -25.217 ], [ -57.751, -25.217 ], [ -57.751, -25.217 ], [ -57.752, -25.217 ], [ -57.753, -25.217 ], [ -57.754, -25.217 ], [ -57.755, -25.216 ], [ -57.756, -25.216 ], [ -57.757, -25.216 ], [ -57.757, -25.215 ], [ -57.757, -25.216 ], [ -57.758, -25.215 ], [ -57.758, -25.215 ], [ -57.759, -25.216 ], [ -57.759, -25.216 ], [ -57.760, -25.216 ], [ -57.759, -25.217 ], [ -57.759, -25.217 ], [ -57.759, -25.218 ], [ -57.759, -25.219 ], [ -57.759, -25.220 ], [ -57.758, -25.220 ], [ -57.758, -25.220 ], [ -57.757, -25.220 ], [ -57.756, -25.220 ], [ -57.755, -25.219 ], [ -57.755, -25.219 ], [ -57.755, -25.219 ], [ -57.754, -25.219 ], [ -57.754, -25.219 ], [ -57.753, -25.220 ], [ -57.753, -25.220 ], [ -57.753, -25.221 ], [ -57.753, -25.221 ], [ -57.753, -25.221 ], [ -57.754, -25.222 ], [ -57.754, -25.222 ], [ -57.755, -25.222 ], [ -57.755, -25.223 ], [ -57.755, -25.223 ], [ -57.755, -25.223 ], [ -57.754, -25.224 ], [ -57.754, -25.224 ], [ -57.753, -25.223 ], [ -57.752, -25.223 ], [ -57.752, -25.223 ], [ -57.752, -25.223 ], [ -57.751, -25.223 ], [ -57.751, -25.224 ], [ -57.751, -25.224 ], [ -57.751, -25.225 ], [ -57.751, -25.226 ], [ -57.751, -25.227 ], [ -57.751, -25.227 ], [ -57.751, -25.228 ], [ -57.750, -25.228 ], [ -57.750, -25.228 ], [ -57.749, -25.227 ], [ -57.749, -25.227 ], [ -57.748, -25.227 ], [ -57.748, -25.227 ], [ -57.748, -25.228 ], [ -57.748, -25.228 ], [ -57.748, -25.229 ], [ -57.748, -25.229 ], [ -57.748, -25.229 ], [ -57.748, -25.229 ], [ -57.747, -25.229 ], [ -57.747, -25.228 ], [ -57.746, -25.228 ], [ -57.746, -25.227 ], [ -57.745, -25.227 ], [ -57.745, -25.227 ], [ -57.744, -25.228 ], [ -57.744, -25.228 ], [ -57.743, -25.228 ], [ -57.743, -25.229 ], [ -57.743, -25.230 ], [ -57.744, -25.230 ], [ -57.744, -25.231 ], [ -57.745, -25.232 ], [ -57.747, -25.233 ], [ -57.747, -25.233 ], [ -57.748, -25.233 ], [ -57.748, -25.233 ], [ -57.748, -25.233 ], [ -57.749, -25.233 ], [ -57.749, -25.233 ], [ -57.749, -25.233 ], [ -57.749, -25.234 ], [ -57.748, -25.235 ], [ -57.747, -25.235 ], [ -57.746, -25.235 ], [ -57.743, -25.233 ], [ -57.742, -25.232 ], [ -57.742, -25.232 ], [ -57.742, -25.232 ], [ -57.741, -25.233 ], [ -57.741, -25.233 ], [ -57.742, -25.234 ], [ -57.742, -25.235 ], [ -57.743, -25.236 ], [ -57.743, -25.236 ], [ -57.743, -25.236 ], [ -57.742, -25.237 ], [ -57.742, -25.237 ], [ -57.741, -25.237 ], [ -57.740, -25.237 ], [ -57.740, -25.237 ], [ -57.739, -25.237 ], [ -57.739, -25.237 ], [ -57.738, -25.237 ], [ -57.738, -25.237 ], [ -57.738, -25.237 ], [ -57.737, -25.237 ], [ -57.737, -25.237 ], [ -57.737, -25.237 ], [ -57.737, -25.237 ], [ -57.738, -25.235 ], [ -57.738, -25.234 ], [ -57.738, -25.234 ], [ -57.738, -25.234 ], [ -57.738, -25.233 ], [ -57.737, -25.233 ], [ -57.737, -25.233 ], [ -57.737, -25.233 ], [ -57.736, -25.233 ], [ -57.736, -25.233 ], [ -57.736, -25.233 ], [ -57.735, -25.234 ], [ -57.735, -25.234 ], [ -57.735, -25.235 ], [ -57.735, -25.236 ], [ -57.735, -25.236 ], [ -57.734, -25.236 ], [ -57.734, -25.237 ], [ -57.735, -25.237 ], [ -57.735, -25.237 ], [ -57.735, -25.238 ], [ -57.735, -25.239 ], [ -57.736, -25.239 ], [ -57.736, -25.239 ], [ -57.737, -25.239 ], [ -57.737, -25.240 ], [ -57.738, -25.240 ], [ -57.738, -25.240 ], [ -57.738, -25.240 ], [ -57.739, -25.240 ], [ -57.739, -25.240 ], [ -57.739, -25.241 ], [ -57.739, -25.241 ], [ -57.739, -25.241 ], [ -57.739, -25.242 ], [ -57.739, -25.242 ], [ -57.738, -25.242 ], [ -57.738, -25.242 ], [ -57.737, -25.243 ], [ -57.736, -25.243 ], [ -57.736, -25.243 ], [ -57.736, -25.244 ], [ -57.735, -25.244 ], [ -57.735, -25.245 ], [ -57.735, -25.245 ], [ -57.735, -25.246 ], [ -57.735, -25.246 ], [ -57.735, -25.247 ], [ -57.736, -25.247 ], [ -57.736, -25.247 ], [ -57.736, -25.247 ], [ -57.737, -25.248 ], [ -57.738, -25.249 ], [ -57.738, -25.250 ], [ -57.740, -25.251 ], [ -57.740, -25.251 ], [ -57.741, -25.252 ], [ -57.741, -25.252 ], [ -57.741, -25.253 ], [ -57.740, -25.253 ], [ -57.740, -25.253 ], [ -57.739, -25.253 ], [ -57.738, -25.253 ], [ -57.738, -25.253 ], [ -57.737, -25.253 ], [ -57.737, -25.253 ], [ -57.736, -25.252 ], [ -57.735, -25.252 ], [ -57.734, -25.252 ], [ -57.734, -25.251 ], [ -57.733, -25.251 ], [ -57.733, -25.250 ], [ -57.732, -25.249 ], [ -57.732, -25.249 ], [ -57.731, -25.248 ], [ -57.730, -25.247 ], [ -57.730, -25.247 ], [ -57.729, -25.246 ], [ -57.729, -25.246 ], [ -57.728, -25.246 ], [ -57.728, -25.246 ], [ -57.728, -25.247 ], [ -57.727, -25.248 ], [ -57.727, -25.248 ], [ -57.727, -25.249 ], [ -57.726, -25.250 ], [ -57.726, -25.251 ], [ -57.726, -25.251 ], [ -57.726, -25.252 ], [ -57.726, -25.253 ], [ -57.726, -25.254 ], [ -57.726, -25.254 ], [ -57.725, -25.254 ], [ -57.725, -25.254 ], [ -57.725, -25.253 ], [ -57.724, -25.253 ], [ -57.724, -25.252 ], [ -57.723, -25.252 ], [ -57.723, -25.252 ], [ -57.722, -25.252 ], [ -57.722, -25.252 ], [ -57.722, -25.253 ], [ -57.722, -25.253 ], [ -57.722, -25.254 ], [ -57.722, -25.255 ], [ -57.723, -25.256 ], [ -57.723, -25.256 ], [ -57.724, -25.256 ], [ -57.724, -25.257 ], [ -57.725, -25.257 ], [ -57.725, -25.257 ], [ -57.725, -25.256 ], [ -57.726, -25.256 ], [ -57.727, -25.255 ], [ -57.727, -25.255 ], [ -57.728, -25.255 ], [ -57.728, -25.255 ], [ -57.728, -25.255 ], [ -57.729, -25.255 ], [ -57.729, -25.256 ], [ -57.729, -25.256 ], [ -57.730, -25.257 ], [ -57.730, -25.257 ], [ -57.729, -25.258 ], [ -57.729, -25.258 ], [ -57.728, -25.259 ], [ -57.727, -25.259 ], [ -57.726, -25.260 ], [ -57.726, -25.260 ], [ -57.725, -25.260 ], [ -57.725, -25.261 ], [ -57.725, -25.261 ], [ -57.724, -25.262 ], [ -57.724, -25.263 ], [ -57.724, -25.264 ], [ -57.724, -25.265 ], [ -57.723, -25.266 ], [ -57.723, -25.266 ], [ -57.722, -25.266 ], [ -57.722, -25.266 ], [ -57.721, -25.266 ], [ -57.721, -25.265 ], [ -57.720, -25.265 ], [ -57.720, -25.265 ], [ -57.719, -25.265 ], [ -57.719, -25.264 ], [ -57.718, -25.265 ], [ -57.718, -25.265 ], [ -57.718, -25.265 ], [ -57.718, -25.266 ], [ -57.717, -25.266 ], [ -57.718, -25.266 ], [ -57.718, -25.267 ], [ -57.718, -25.267 ], [ -57.719, -25.268 ], [ -57.719, -25.269 ], [ -57.719, -25.269 ], [ -57.719, -25.269 ], [ -57.720, -25.270 ], [ -57.721, -25.270 ], [ -57.721, -25.271 ], [ -57.722, -25.271 ], [ -57.722, -25.271 ], [ -57.722, -25.271 ], [ -57.723, -25.272 ], [ -57.723, -25.272 ], [ -57.723, -25.272 ], [ -57.723, -25.273 ], [ -57.722, -25.273 ], [ -57.722, -25.273 ], [ -57.722, -25.273 ], [ -57.721, -25.273 ], [ -57.721, -25.273 ], [ -57.720, -25.273 ], [ -57.719, -25.273 ], [ -57.719, -25.272 ], [ -57.719, -25.272 ], [ -57.718, -25.272 ], [ -57.718, -25.273 ], [ -57.718, -25.273 ], [ -57.718, -25.273 ], [ -57.719, -25.273 ], [ -57.719, -25.273 ], [ -57.720, -25.274 ], [ -57.720, -25.274 ], [ -57.721, -25.275 ], [ -57.721, -25.275 ], [ -57.721, -25.275 ], [ -57.722, -25.275 ], [ -57.722, -25.276 ], [ -57.722, -25.276 ], [ -57.722, -25.277 ], [ -57.722, -25.277 ], [ -57.721, -25.277 ], [ -57.721, -25.277 ], [ -57.721, -25.277 ], [ -57.720, -25.277 ], [ -57.720, -25.277 ], [ -57.719, -25.277 ], [ -57.719, -25.277 ], [ -57.718, -25.277 ], [ -57.718, -25.276 ], [ -57.718, -25.276 ], [ -57.717, -25.276 ], [ -57.717, -25.275 ], [ -57.716, -25.275 ], [ -57.716, -25.274 ], [ -57.716, -25.274 ], [ -57.716, -25.274 ], [ -57.715, -25.273 ], [ -57.715, -25.273 ], [ -57.715, -25.273 ], [ -57.714, -25.273 ], [ -57.714, -25.274 ], [ -57.713, -25.274 ], [ -57.713, -25.274 ], [ -57.712, -25.274 ], [ -57.712, -25.273 ], [ -57.712, -25.273 ], [ -57.712, -25.273 ], [ -57.712, -25.272 ], [ -57.711, -25.272 ], [ -57.711, -25.273 ], [ -57.711, -25.274 ], [ -57.711, -25.275 ], [ -57.711, -25.276 ], [ -57.711, -25.276 ], [ -57.711, -25.277 ], [ -57.711, -25.278 ], [ -57.711, -25.278 ], [ -57.711, -25.278 ], [ -57.711, -25.279 ], [ -57.710, -25.279 ], [ -57.710, -25.280 ], [ -57.710, -25.280 ], [ -57.710, -25.281 ], [ -57.710, -25.281 ], [ -57.710, -25.281 ], [ -57.710, -25.282 ], [ -57.711, -25.282 ], [ -57.711, -25.282 ], [ -57.712, -25.282 ], [ -57.712, -25.282 ], [ -57.712, -25.282 ], [ -57.713, -25.282 ], [ -57.713, -25.283 ], [ -57.713, -25.283 ], [ -57.713, -25.283 ], [ -57.713, -25.284 ], [ -57.712, -25.284 ], [ -57.712, -25.285 ], [ -57.711, -25.285 ], [ -57.711, -25.285 ], [ -57.711, -25.285 ], [ -57.710, -25.286 ], [ -57.710, -25.286 ], [ -57.709, -25.286 ], [ -57.709, -25.286 ], [ -57.708, -25.285 ], [ -57.708, -25.285 ], [ -57.707, -25.285 ], [ -57.707, -25.285 ], [ -57.706, -25.284 ], [ -57.706, -25.284 ], [ -57.705, -25.283 ], [ -57.705, -25.283 ], [ -57.704, -25.282 ], [ -57.704, -25.282 ], [ -57.703, -25.282 ], [ -57.703, -25.282 ], [ -57.703, -25.282 ], [ -57.702, -25.282 ], [ -57.702, -25.283 ], [ -57.702, -25.283 ], [ -57.702, -25.284 ], [ -57.702, -25.285 ], [ -57.702, -25.285 ], [ -57.703, -25.285 ], [ -57.703, -25.285 ], [ -57.704, -25.286 ], [ -57.704, -25.286 ], [ -57.704, -25.286 ], [ -57.704, -25.287 ], [ -57.704, -25.287 ], [ -57.704, -25.288 ], [ -57.705, -25.288 ], [ -57.705, -25.288 ], [ -57.705, -25.289 ], [ -57.705, -25.289 ], [ -57.705, -25.289 ], [ -57.705, -25.290 ], [ -57.705, -25.290 ], [ -57.705, -25.291 ], [ -57.705, -25.291 ], [ -57.705, -25.291 ], [ -57.704, -25.291 ], [ -57.704, -25.291 ], [ -57.703, -25.291 ], [ -57.703, -25.290 ], [ -57.703, -25.290 ], [ -57.703, -25.290 ], [ -57.703, -25.289 ], [ -57.703, -25.287 ], [ -57.703, -25.287 ], [ -57.703, -25.287 ], [ -57.703, -25.286 ], [ -57.702, -25.286 ], [ -57.702, -25.285 ], [ -57.701, -25.285 ], [ -57.701, -25.284 ], [ -57.699, -25.283 ], [ -57.698, -25.283 ], [ -57.697, -25.283 ], [ -57.697, -25.283 ], [ -57.696, -25.283 ], [ -57.695, -25.284 ], [ -57.695, -25.285 ], [ -57.694, -25.285 ], [ -57.694, -25.285 ], [ -57.694, -25.286 ], [ -57.694, -25.286 ], [ -57.694, -25.287 ], [ -57.694, -25.287 ], [ -57.694, -25.288 ], [ -57.694, -25.288 ], [ -57.695, -25.289 ], [ -57.695, -25.289 ], [ -57.696, -25.290 ], [ -57.697, -25.291 ], [ -57.697, -25.293 ], [ -57.697, -25.293 ], [ -57.698, -25.293 ], [ -57.698, -25.294 ], [ -57.698, -25.294 ], [ -57.699, -25.294 ], [ -57.699, -25.295 ], [ -57.700, -25.295 ], [ -57.701, -25.295 ], [ -57.702, -25.295 ], [ -57.703, -25.295 ], [ -57.703, -25.295 ], [ -57.704, -25.295 ], [ -57.704, -25.295 ], [ -57.705, -25.295 ], [ -57.705, -25.295 ], [ -57.705, -25.296 ], [ -57.705, -25.296 ], [ -57.705, -25.296 ], [ -57.705, -25.297 ], [ -57.705, -25.297 ], [ -57.706, -25.298 ], [ -57.706, -25.298 ], [ -57.706, -25.299 ], [ -57.706, -25.299 ], [ -57.707, -25.299 ], [ -57.707, -25.300 ], [ -57.706, -25.300 ], [ -57.706, -25.300 ], [ -57.706, -25.300 ], [ -57.705, -25.300 ], [ -57.705, -25.300 ], [ -57.704, -25.300 ], [ -57.704, -25.301 ], [ -57.703, -25.301 ], [ -57.703, -25.302 ], [ -57.703, -25.302 ], [ -57.702, -25.302 ], [ -57.702, -25.303 ], [ -57.702, -25.303 ], [ -57.701, -25.303 ], [ -57.700, -25.304 ], [ -57.699, -25.304 ], [ -57.699, -25.304 ], [ -57.699, -25.304 ], [ -57.699, -25.304 ], [ -57.699, -25.305 ], [ -57.699, -25.305 ], [ -57.699, -25.306 ], [ -57.698, -25.306 ], [ -57.698, -25.307 ], [ -57.698, -25.307 ], [ -57.697, -25.308 ], [ -57.697, -25.308 ], [ -57.697, -25.309 ], [ -57.698, -25.309 ], [ -57.698, -25.309 ], [ -57.698, -25.310 ], [ -57.698, -25.311 ], [ -57.699, -25.311 ], [ -57.699, -25.311 ], [ -57.699, -25.312 ], [ -57.699, -25.313 ], [ -57.699, -25.313 ], [ -57.700, -25.313 ], [ -57.701, -25.313 ], [ -57.701, -25.313 ], [ -57.701, -25.313 ], [ -57.701, -25.313 ], [ -57.701, -25.313 ], [ -57.700, -25.314 ], [ -57.700, -25.314 ], [ -57.699, -25.314 ], [ -57.699, -25.315 ], [ -57.699, -25.315 ], [ -57.698, -25.316 ], [ -57.698, -25.316 ], [ -57.698, -25.316 ], [ -57.698, -25.317 ], [ -57.698, -25.317 ], [ -57.699, -25.317 ], [ -57.699, -25.318 ], [ -57.699, -25.318 ], [ -57.699, -25.318 ], [ -57.701, -25.319 ], [ -57.702, -25.320 ], [ -57.702, -25.320 ], [ -57.702, -25.321 ], [ -57.703, -25.321 ], [ -57.702, -25.322 ], [ -57.702, -25.322 ], [ -57.702, -25.322 ], [ -57.702, -25.322 ], [ -57.701, -25.322 ], [ -57.701, -25.322 ], [ -57.700, -25.322 ], [ -57.700, -25.322 ], [ -57.699, -25.322 ], [ -57.698, -25.321 ], [ -57.697, -25.321 ], [ -57.697, -25.321 ], [ -57.696, -25.322 ], [ -57.696, -25.322 ], [ -57.696, -25.322 ], [ -57.695, -25.322 ], [ -57.695, -25.323 ], [ -57.694, -25.323 ], [ -57.694, -25.322 ], [ -57.693, -25.322 ], [ -57.693, -25.322 ], [ -57.693, -25.322 ], [ -57.692, -25.322 ], [ -57.692, -25.323 ], [ -57.692, -25.323 ], [ -57.692, -25.323 ], [ -57.692, -25.324 ], [ -57.692, -25.324 ], [ -57.692, -25.325 ], [ -57.692, -25.325 ], [ -57.692, -25.326 ], [ -57.692, -25.326 ], [ -57.692, -25.327 ], [ -57.692, -25.327 ], [ -57.692, -25.327 ], [ -57.692, -25.328 ], [ -57.691, -25.329 ], [ -57.691, -25.329 ], [ -57.690, -25.330 ], [ -57.690, -25.330 ], [ -57.690, -25.331 ], [ -57.689, -25.331 ], [ -57.689, -25.332 ], [ -57.689, -25.332 ], [ -57.688, -25.333 ], [ -57.687, -25.333 ], [ -57.687, -25.333 ], [ -57.687, -25.333 ], [ -57.687, -25.333 ], [ -57.686, -25.332 ], [ -57.686, -25.332 ], [ -57.686, -25.331 ], [ -57.686, -25.331 ], [ -57.686, -25.331 ], [ -57.687, -25.331 ], [ -57.687, -25.330 ], [ -57.687, -25.329 ], [ -57.687, -25.329 ], [ -57.687, -25.328 ], [ -57.686, -25.328 ], [ -57.686, -25.329 ], [ -57.685, -25.329 ], [ -57.685, -25.329 ], [ -57.685, -25.330 ], [ -57.684, -25.330 ], [ -57.684, -25.331 ], [ -57.684, -25.331 ], [ -57.684, -25.331 ], [ -57.683, -25.332 ], [ -57.682, -25.332 ], [ -57.682, -25.332 ], [ -57.682, -25.333 ], [ -57.682, -25.333 ], [ -57.681, -25.333 ], [ -57.681, -25.334 ], [ -57.681, -25.334 ], [ -57.681, -25.334 ], [ -57.681, -25.336 ], [ -57.680, -25.336 ], [ -57.680, -25.336 ], [ -57.680, -25.337 ], [ -57.680, -25.337 ], [ -57.680, -25.338 ], [ -57.681, -25.338 ], [ -57.681, -25.338 ], [ -57.681, -25.339 ], [ -57.681, -25.339 ], [ -57.681, -25.339 ], [ -57.680, -25.339 ], [ -57.680, -25.339 ], [ -57.680, -25.339 ], [ -57.679, -25.339 ], [ -57.679, -25.339 ], [ -57.678, -25.339 ], [ -57.678, -25.339 ], [ -57.678, -25.340 ], [ -57.678, -25.340 ], [ -57.678, -25.340 ], [ -57.679, -25.340 ], [ -57.680, -25.340 ], [ -57.681, -25.341 ], [ -57.681, -25.341 ], [ -57.682, -25.341 ], [ -57.682, -25.341 ], [ -57.682, -25.342 ], [ -57.681, -25.342 ], [ -57.681, -25.342 ], [ -57.680, -25.342 ], [ -57.680, -25.342 ], [ -57.679, -25.342 ], [ -57.679, -25.342 ], [ -57.678, -25.342 ], [ -57.677, -25.342 ], [ -57.677, -25.342 ], [ -57.677, -25.342 ], [ -57.676, -25.343 ], [ -57.676, -25.343 ], [ -57.676, -25.344 ], [ -57.678, -25.344 ], [ -57.678, -25.345 ], [ -57.678, -25.345 ], [ -57.678, -25.346 ], [ -57.678, -25.346 ], [ -57.677, -25.346 ], [ -57.676, -25.345 ], [ -57.675, -25.345 ], [ -57.675, -25.345 ], [ -57.674, -25.345 ], [ -57.672, -25.346 ], [ -57.671, -25.346 ], [ -57.671, -25.347 ], [ -57.670, -25.347 ], [ -57.670, -25.348 ], [ -57.670, -25.348 ], [ -57.670, -25.348 ], [ -57.671, -25.349 ], [ -57.671, -25.349 ], [ -57.671, -25.350 ], [ -57.671, -25.351 ], [ -57.671, -25.351 ], [ -57.671, -25.352 ], [ -57.671, -25.352 ], [ -57.670, -25.353 ], [ -57.670, -25.353 ], [ -57.669, -25.353 ], [ -57.668, -25.353 ], [ -57.667, -25.353 ], [ -57.666, -25.353 ], [ -57.665, -25.354 ], [ -57.662, -25.354 ], [ -57.661, -25.356 ], [ -57.659, -25.359 ], [ -57.658, -25.360 ], [ -57.657, -25.361 ], [ -57.653, -25.364 ], [ -57.651, -25.365 ], [ -57.650, -25.366 ], [ -57.649, -25.367 ], [ -57.648, -25.369 ], [ -57.648, -25.370 ], [ -57.647, -25.372 ], [ -57.646, -25.374 ], [ -57.645, -25.375 ], [ -57.644, -25.378 ], [ -57.644, -25.379 ], [ -57.643, -25.380 ], [ -57.642, -25.381 ], [ -57.641, -25.382 ], [ -57.640, -25.383 ], [ -57.639, -25.384 ], [ -57.637, -25.384 ], [ -57.636, -25.385 ], [ -57.619, -25.388 ], [ -57.617, -25.389 ], [ -57.615, -25.389 ], [ -57.614, -25.390 ], [ -57.613, -25.390 ], [ -57.610, -25.392 ], [ -57.607, -25.393 ], [ -57.603, -25.395 ], [ -57.600, -25.397 ], [ -57.599, -25.398 ], [ -57.598, -25.399 ], [ -57.595, -25.403 ], [ -57.587, -25.411 ], [ -57.583, -25.415 ], [ -57.580, -25.418 ], [ -57.577, -25.421 ], [ -57.576, -25.424 ], [ -57.574, -25.426 ], [ -57.572, -25.430 ], [ -57.570, -25.431 ], [ -57.567, -25.433 ], [ -57.563, -25.435 ], [ -57.562, -25.436 ], [ -57.559, -25.438 ], [ -57.556, -25.439 ], [ -57.556, -25.440 ], [ -57.555, -25.442 ], [ -57.554, -25.443 ], [ -57.554, -25.444 ], [ -57.554, -25.445 ], [ -57.554, -25.446 ], [ -57.554, -25.447 ], [ -57.554, -25.448 ], [ -57.555, -25.449 ], [ -57.558, -25.454 ], [ -57.559, -25.455 ], [ -57.559, -25.456 ], [ -57.559, -25.462 ], [ -57.559, -25.463 ], [ -57.559, -25.466 ], [ -57.560, -25.467 ], [ -57.560, -25.469 ], [ -57.560, -25.470 ], [ -57.561, -25.472 ], [ -57.561, -25.473 ], [ -57.562, -25.473 ], [ -57.565, -25.477 ], [ -57.566, -25.478 ], [ -57.567, -25.480 ], [ -57.567, -25.482 ], [ -57.567, -25.484 ], [ -57.567, -25.486 ], [ -57.567, -25.488 ], [ -57.568, -25.490 ], [ -57.568, -25.492 ], [ -57.569, -25.493 ], [ -57.571, -25.496 ], [ -57.573, -25.498 ], [ -57.575, -25.500 ], [ -57.576, -25.502 ], [ -57.577, -25.504 ], [ -57.580, -25.516 ], [ -57.579, -25.521 ], [ -57.579, -25.524 ], [ -57.569, -25.536 ], [ -57.569, -25.546 ], [ -57.573, -25.559 ], [ -57.575, -25.563 ], [ -57.578, -25.567 ], [ -57.579, -25.568 ], [ -57.581, -25.569 ], [ -57.582, -25.570 ], [ -57.585, -25.570 ], [ -57.588, -25.570 ], [ -57.598, -25.566 ], [ -57.601, -25.567 ], [ -57.604, -25.568 ], [ -57.606, -25.571 ], [ -57.605, -25.580 ], [ -57.605, -25.591 ], [ -57.606, -25.600 ], [ -57.608, -25.606 ], [ -57.611, -25.611 ], [ -57.614, -25.613 ], [ -57.616, -25.615 ], [ -57.617, -25.616 ], [ -57.620, -25.617 ], [ -57.622, -25.617 ], [ -57.624, -25.617 ], [ -57.626, -25.617 ], [ -57.628, -25.617 ], [ -57.632, -25.616 ], [ -57.635, -25.614 ], [ -57.639, -25.612 ], [ -57.644, -25.608 ], [ -57.653, -25.598 ], [ -57.657, -25.595 ], [ -57.662, -25.594 ], [ -57.667, -25.594 ], [ -57.670, -25.594 ], [ -57.674, -25.596 ], [ -57.676, -25.598 ], [ -57.677, -25.602 ], [ -57.677, -25.605 ], [ -57.676, -25.611 ], [ -57.674, -25.626 ], [ -57.670, -25.650 ], [ -57.670, -25.652 ], [ -57.670, -25.652 ], [ -57.670, -25.654 ], [ -57.672, -25.656 ], [ -57.673, -25.658 ], [ -57.675, -25.659 ], [ -57.677, -25.660 ], [ -57.678, -25.661 ], [ -57.680, -25.661 ], [ -57.682, -25.661 ], [ -57.684, -25.662 ], [ -57.687, -25.661 ], [ -57.689, -25.661 ], [ -57.690, -25.660 ], [ -57.695, -25.658 ], [ -57.699, -25.655 ], [ -57.714, -25.646 ], [ -57.717, -25.645 ], [ -57.719, -25.644 ], [ -57.720, -25.644 ], [ -57.723, -25.644 ], [ -57.726, -25.644 ], [ -57.729, -25.645 ], [ -57.733, -25.646 ], [ -57.737, -25.648 ], [ -57.740, -25.650 ], [ -57.743, -25.653 ], [ -57.749, -25.659 ], [ -57.751, -25.663 ], [ -57.756, -25.678 ], [ -57.758, -25.681 ], [ -57.762, -25.686 ], [ -57.765, -25.691 ], [ -57.766, -25.695 ], [ -57.767, -25.697 ], [ -57.767, -25.699 ], [ -57.767, -25.700 ], [ -57.767, -25.701 ], [ -57.766, -25.703 ], [ -57.765, -25.704 ], [ -57.764, -25.706 ], [ -57.763, -25.706 ], [ -57.762, -25.707 ], [ -57.760, -25.708 ], [ -57.758, -25.709 ], [ -57.756, -25.710 ], [ -57.754, -25.710 ], [ -57.753, -25.709 ], [ -57.750, -25.709 ], [ -57.747, -25.709 ], [ -57.740, -25.708 ], [ -57.734, -25.707 ], [ -57.731, -25.707 ], [ -57.730, -25.708 ], [ -57.729, -25.709 ], [ -57.728, -25.709 ], [ -57.727, -25.710 ], [ -57.727, -25.711 ], [ -57.727, -25.711 ], [ -57.726, -25.712 ], [ -57.726, -25.713 ], [ -57.726, -25.714 ], [ -57.727, -25.716 ], [ -57.727, -25.717 ], [ -57.728, -25.719 ], [ -57.731, -25.722 ], [ -57.733, -25.725 ], [ -57.760, -25.743 ], [ -57.765, -25.747 ], [ -57.769, -25.752 ], [ -57.771, -25.755 ], [ -57.773, -25.757 ], [ -57.776, -25.759 ], [ -57.780, -25.761 ], [ -57.784, -25.762 ], [ -57.788, -25.762 ], [ -57.793, -25.761 ], [ -57.797, -25.759 ], [ -57.809, -25.752 ], [ -57.812, -25.751 ], [ -57.816, -25.750 ], [ -57.819, -25.751 ], [ -57.822, -25.752 ], [ -57.825, -25.754 ], [ -57.827, -25.756 ], [ -57.827, -25.759 ], [ -57.826, -25.762 ], [ -57.824, -25.765 ], [ -57.822, -25.769 ], [ -57.821, -25.773 ], [ -57.820, -25.777 ], [ -57.819, -25.781 ], [ -57.816, -25.784 ], [ -57.794, -25.810 ], [ -57.793, -25.813 ], [ -57.793, -25.815 ], [ -57.793, -25.818 ], [ -57.793, -25.822 ], [ -57.796, -25.827 ], [ -57.802, -25.834 ], [ -57.808, -25.842 ], [ -57.812, -25.844 ], [ -57.815, -25.847 ], [ -57.820, -25.848 ], [ -57.826, -25.849 ], [ -57.833, -25.849 ], [ -57.836, -25.849 ], [ -57.843, -25.850 ], [ -57.854, -25.853 ], [ -57.856, -25.853 ], [ -57.858, -25.854 ], [ -57.862, -25.856 ], [ -57.866, -25.859 ], [ -57.868, -25.862 ], [ -57.868, -25.865 ], [ -57.869, -25.869 ], [ -57.868, -25.872 ], [ -57.866, -25.877 ], [ -57.863, -25.881 ], [ -57.860, -25.886 ], [ -57.857, -25.889 ], [ -57.852, -25.892 ], [ -57.839, -25.902 ], [ -57.835, -25.906 ], [ -57.834, -25.909 ], [ -57.833, -25.911 ], [ -57.833, -25.913 ], [ -57.834, -25.916 ], [ -57.837, -25.918 ], [ -57.842, -25.920 ], [ -57.849, -25.923 ], [ -57.856, -25.925 ], [ -57.863, -25.926 ], [ -57.867, -25.927 ], [ -57.870, -25.929 ], [ -57.874, -25.931 ], [ -57.878, -25.934 ], [ -57.882, -25.938 ], [ -57.885, -25.941 ], [ -57.889, -25.946 ], [ -57.893, -25.951 ], [ -57.894, -25.954 ], [ -57.894, -25.955 ], [ -57.894, -25.957 ], [ -57.894, -25.959 ], [ -57.894, -25.961 ], [ -57.893, -25.963 ], [ -57.891, -25.966 ], [ -57.873, -25.975 ], [ -57.855, -25.985 ], [ -57.853, -25.987 ], [ -57.852, -25.989 ], [ -57.849, -25.995 ], [ -57.849, -26.002 ], [ -57.855, -26.009 ], [ -57.867, -26.012 ], [ -57.879, -26.017 ], [ -57.899, -26.021 ], [ -57.907, -26.027 ], [ -57.923, -26.035 ], [ -57.925, -26.036 ], [ -57.927, -26.041 ], [ -57.930, -26.047 ], [ -57.931, -26.049 ], [ -57.932, -26.050 ], [ -57.936, -26.054 ], [ -57.937, -26.055 ], [ -57.943, -26.061 ], [ -57.943, -26.062 ], [ -57.946, -26.064 ], [ -57.949, -26.067 ], [ -57.953, -26.069 ], [ -57.960, -26.073 ], [ -57.964, -26.075 ], [ -57.967, -26.078 ], [ -57.972, -26.080 ], [ -57.975, -26.081 ], [ -57.979, -26.083 ], [ -57.985, -26.085 ], [ -57.996, -26.089 ], [ -57.999, -26.091 ], [ -58.009, -26.096 ], [ -58.024, -26.107 ], [ -58.041, -26.112 ], [ -58.052, -26.112 ], [ -58.061, -26.108 ], [ -58.072, -26.108 ], [ -58.084, -26.111 ], [ -58.090, -26.116 ], [ -58.092, -26.120 ], [ -58.098, -26.132 ], [ -58.116, -26.148 ], [ -58.116, -26.149 ], [ -58.120, -26.157 ], [ -58.121, -26.165 ], [ -58.117, -26.177 ], [ -58.117, -26.180 ], [ -58.117, -26.183 ], [ -58.118, -26.185 ], [ -58.119, -26.186 ], [ -58.121, -26.186 ], [ -58.123, -26.186 ], [ -58.125, -26.186 ], [ -58.127, -26.185 ], [ -58.129, -26.184 ], [ -58.139, -26.180 ], [ -58.141, -26.179 ], [ -58.144, -26.178 ], [ -58.148, -26.178 ], [ -58.152, -26.178 ], [ -58.154, -26.178 ], [ -58.156, -26.179 ], [ -58.157, -26.179 ], [ -58.158, -26.181 ], [ -58.159, -26.182 ], [ -58.159, -26.182 ], [ -58.159, -26.183 ], [ -58.158, -26.184 ], [ -58.157, -26.185 ], [ -58.147, -26.192 ], [ -58.142, -26.198 ], [ -58.140, -26.200 ], [ -58.137, -26.202 ], [ -58.117, -26.211 ], [ -58.107, -26.217 ], [ -58.105, -26.220 ], [ -58.104, -26.222 ], [ -58.103, -26.225 ], [ -58.103, -26.228 ], [ -58.104, -26.231 ], [ -58.104, -26.234 ], [ -58.106, -26.237 ], [ -58.108, -26.239 ], [ -58.110, -26.241 ], [ -58.113, -26.243 ], [ -58.139, -26.253 ], [ -58.152, -26.258 ], [ -58.158, -26.260 ], [ -58.161, -26.262 ], [ -58.164, -26.265 ], [ -58.165, -26.267 ], [ -58.166, -26.271 ], [ -58.167, -26.275 ], [ -58.168, -26.278 ], [ -58.168, -26.282 ], [ -58.167, -26.285 ], [ -58.167, -26.290 ], [ -58.166, -26.293 ], [ -58.165, -26.296 ], [ -58.163, -26.299 ], [ -58.155, -26.310 ], [ -58.153, -26.320 ], [ -58.154, -26.326 ], [ -58.156, -26.344 ], [ -58.165, -26.357 ], [ -58.174, -26.363 ], [ -58.189, -26.366 ], [ -58.210, -26.377 ], [ -58.215, -26.385 ], [ -58.218, -26.390 ], [ -58.222, -26.402 ], [ -58.221, -26.414 ], [ -58.215, -26.422 ], [ -58.207, -26.426 ], [ -58.199, -26.439 ], [ -58.184, -26.448 ], [ -58.181, -26.453 ], [ -58.180, -26.456 ], [ -58.180, -26.457 ], [ -58.181, -26.460 ], [ -58.189, -26.464 ], [ -58.203, -26.466 ], [ -58.224, -26.464 ], [ -58.230, -26.466 ], [ -58.233, -26.472 ], [ -58.233, -26.477 ], [ -58.229, -26.482 ], [ -58.212, -26.489 ], [ -58.209, -26.493 ], [ -58.206, -26.499 ], [ -58.207, -26.504 ], [ -58.210, -26.509 ], [ -58.218, -26.519 ], [ -58.223, -26.530 ], [ -58.223, -26.537 ], [ -58.221, -26.544 ], [ -58.211, -26.551 ], [ -58.201, -26.558 ], [ -58.198, -26.563 ], [ -58.195, -26.584 ], [ -58.193, -26.594 ], [ -58.195, -26.604 ], [ -58.200, -26.609 ], [ -58.208, -26.614 ], [ -58.209, -26.620 ], [ -58.208, -26.626 ], [ -58.203, -26.631 ], [ -58.191, -26.639 ], [ -58.189, -26.645 ], [ -58.192, -26.650 ], [ -58.196, -26.653 ], [ -58.203, -26.654 ], [ -58.210, -26.654 ], [ -58.214, -26.654 ], [ -58.220, -26.654 ], [ -58.222, -26.653 ], [ -58.225, -26.652 ], [ -58.230, -26.651 ], [ -58.235, -26.647 ], [ -58.241, -26.644 ], [ -58.244, -26.643 ], [ -58.246, -26.642 ], [ -58.248, -26.642 ], [ -58.251, -26.641 ], [ -58.253, -26.642 ], [ -58.255, -26.642 ], [ -58.258, -26.643 ], [ -58.259, -26.644 ], [ -58.261, -26.646 ], [ -58.263, -26.652 ], [ -58.263, -26.652 ], [ -58.264, -26.658 ], [ -58.257, -26.666 ], [ -58.255, -26.670 ], [ -58.255, -26.672 ], [ -58.254, -26.687 ], [ -58.254, -26.698 ], [ -58.255, -26.706 ], [ -58.256, -26.712 ], [ -58.255, -26.719 ], [ -58.253, -26.726 ], [ -58.251, -26.730 ], [ -58.248, -26.735 ], [ -58.247, -26.738 ], [ -58.246, -26.740 ], [ -58.246, -26.742 ], [ -58.245, -26.744 ], [ -58.245, -26.746 ], [ -58.246, -26.748 ], [ -58.246, -26.750 ], [ -58.247, -26.752 ], [ -58.248, -26.754 ], [ -58.249, -26.756 ], [ -58.250, -26.757 ], [ -58.253, -26.760 ], [ -58.255, -26.761 ], [ -58.257, -26.762 ], [ -58.260, -26.762 ], [ -58.261, -26.762 ], [ -58.263, -26.762 ], [ -58.265, -26.762 ], [ -58.276, -26.759 ], [ -58.284, -26.755 ], [ -58.287, -26.755 ], [ -58.290, -26.755 ], [ -58.293, -26.757 ], [ -58.295, -26.760 ], [ -58.295, -26.764 ], [ -58.294, -26.769 ], [ -58.291, -26.774 ], [ -58.290, -26.776 ], [ -58.284, -26.785 ], [ -58.282, -26.789 ], [ -58.282, -26.791 ], [ -58.282, -26.793 ], [ -58.284, -26.796 ], [ -58.294, -26.800 ], [ -58.301, -26.804 ], [ -58.305, -26.806 ], [ -58.309, -26.807 ], [ -58.311, -26.807 ], [ -58.312, -26.807 ], [ -58.316, -26.807 ], [ -58.319, -26.806 ], [ -58.324, -26.806 ], [ -58.326, -26.805 ], [ -58.327, -26.805 ], [ -58.329, -26.806 ], [ -58.330, -26.806 ], [ -58.331, -26.806 ], [ -58.332, -26.807 ], [ -58.332, -26.807 ], [ -58.333, -26.809 ], [ -58.335, -26.811 ], [ -58.335, -26.814 ], [ -58.336, -26.816 ], [ -58.335, -26.818 ], [ -58.335, -26.820 ], [ -58.334, -26.822 ], [ -58.332, -26.824 ], [ -58.329, -26.827 ], [ -58.325, -26.830 ], [ -58.321, -26.837 ], [ -58.321, -26.837 ], [ -58.320, -26.849 ], [ -58.319, -26.852 ], [ -58.319, -26.854 ], [ -58.319, -26.858 ], [ -58.322, -26.865 ], [ -58.325, -26.868 ], [ -58.327, -26.870 ], [ -58.333, -26.871 ], [ -58.335, -26.872 ], [ -58.338, -26.872 ], [ -58.342, -26.871 ], [ -58.345, -26.871 ], [ -58.348, -26.870 ], [ -58.352, -26.869 ], [ -58.357, -26.867 ], [ -58.364, -26.864 ], [ -58.366, -26.864 ], [ -58.368, -26.864 ], [ -58.371, -26.864 ], [ -58.372, -26.865 ], [ -58.373, -26.865 ], [ -58.374, -26.866 ], [ -58.375, -26.868 ], [ -58.376, -26.872 ], [ -58.377, -26.877 ], [ -58.377, -26.880 ], [ -58.380, -26.887 ], [ -58.380, -26.888 ], [ -58.383, -26.891 ], [ -58.386, -26.893 ], [ -58.387, -26.894 ], [ -58.391, -26.895 ], [ -58.395, -26.896 ], [ -58.400, -26.898 ], [ -58.403, -26.899 ], [ -58.412, -26.904 ], [ -58.428, -26.913 ], [ -58.443, -26.921 ], [ -58.453, -26.926 ], [ -58.458, -26.928 ], [ -58.463, -26.930 ], [ -58.467, -26.931 ], [ -58.470, -26.932 ], [ -58.474, -26.932 ], [ -58.477, -26.932 ], [ -58.479, -26.932 ], [ -58.482, -26.931 ], [ -58.484, -26.930 ], [ -58.486, -26.929 ], [ -58.489, -26.927 ], [ -58.491, -26.925 ], [ -58.493, -26.924 ], [ -58.494, -26.924 ], [ -58.496, -26.923 ], [ -58.497, -26.923 ], [ -58.499, -26.922 ], [ -58.500, -26.923 ], [ -58.501, -26.923 ], [ -58.502, -26.924 ], [ -58.503, -26.924 ], [ -58.503, -26.925 ], [ -58.503, -26.926 ], [ -58.503, -26.928 ], [ -58.503, -26.929 ], [ -58.496, -26.937 ], [ -58.493, -26.940 ], [ -58.491, -26.943 ], [ -58.484, -26.957 ], [ -58.480, -26.963 ], [ -58.474, -26.974 ], [ -58.472, -26.977 ], [ -58.470, -26.981 ], [ -58.468, -26.986 ], [ -58.468, -26.989 ], [ -58.468, -26.992 ], [ -58.468, -26.995 ], [ -58.469, -26.997 ], [ -58.470, -27.000 ], [ -58.471, -27.002 ], [ -58.472, -27.002 ], [ -58.474, -27.004 ], [ -58.475, -27.004 ], [ -58.476, -27.005 ], [ -58.478, -27.005 ], [ -58.479, -27.004 ], [ -58.485, -27.000 ], [ -58.488, -26.999 ], [ -58.493, -26.997 ], [ -58.496, -26.995 ], [ -58.499, -26.995 ], [ -58.501, -26.995 ], [ -58.504, -26.995 ], [ -58.507, -26.995 ], [ -58.510, -26.996 ], [ -58.513, -26.997 ], [ -58.515, -26.999 ], [ -58.519, -27.003 ], [ -58.520, -27.005 ], [ -58.520, -27.007 ], [ -58.520, -27.010 ], [ -58.519, -27.012 ], [ -58.516, -27.017 ], [ -58.512, -27.022 ], [ -58.509, -27.025 ], [ -58.506, -27.029 ], [ -58.499, -27.039 ], [ -58.499, -27.044 ], [ -58.499, -27.047 ], [ -58.499, -27.049 ], [ -58.500, -27.051 ], [ -58.500, -27.053 ], [ -58.503, -27.056 ], [ -58.508, -27.061 ], [ -58.510, -27.061 ], [ -58.511, -27.062 ], [ -58.513, -27.062 ], [ -58.514, -27.062 ], [ -58.515, -27.062 ], [ -58.516, -27.062 ], [ -58.517, -27.062 ], [ -58.517, -27.062 ], [ -58.518, -27.061 ], [ -58.519, -27.060 ], [ -58.519, -27.059 ], [ -58.520, -27.058 ], [ -58.520, -27.056 ], [ -58.519, -27.054 ], [ -58.517, -27.051 ], [ -58.520, -27.042 ], [ -58.527, -27.037 ], [ -58.531, -27.036 ], [ -58.535, -27.034 ], [ -58.538, -27.034 ], [ -58.541, -27.033 ], [ -58.544, -27.034 ], [ -58.549, -27.034 ], [ -58.551, -27.034 ], [ -58.553, -27.034 ], [ -58.555, -27.035 ], [ -58.557, -27.036 ], [ -58.558, -27.037 ], [ -58.559, -27.038 ], [ -58.562, -27.041 ], [ -58.562, -27.042 ], [ -58.562, -27.043 ], [ -58.562, -27.043 ], [ -58.562, -27.044 ], [ -58.562, -27.045 ], [ -58.560, -27.049 ], [ -58.557, -27.052 ], [ -58.556, -27.054 ], [ -58.555, -27.055 ], [ -58.555, -27.057 ], [ -58.554, -27.059 ], [ -58.555, -27.063 ], [ -58.556, -27.072 ], [ -58.557, -27.081 ], [ -58.557, -27.090 ], [ -58.556, -27.093 ], [ -58.555, -27.098 ], [ -58.554, -27.100 ], [ -58.553, -27.104 ], [ -58.553, -27.105 ], [ -58.553, -27.106 ], [ -58.554, -27.107 ], [ -58.554, -27.108 ], [ -58.555, -27.109 ], [ -58.556, -27.110 ], [ -58.556, -27.111 ], [ -58.557, -27.111 ], [ -58.558, -27.111 ], [ -58.559, -27.111 ], [ -58.564, -27.110 ], [ -58.567, -27.109 ], [ -58.568, -27.109 ], [ -58.569, -27.108 ], [ -58.570, -27.108 ], [ -58.571, -27.108 ], [ -58.581, -27.109 ], [ -58.602, -27.110 ], [ -58.619, -27.112 ], [ -58.630, -27.115 ], [ -58.642, -27.121 ], [ -58.649, -27.126 ], [ -58.655, -27.136 ], [ -58.657, -27.145 ], [ -58.658, -27.152 ], [ -58.662, -27.164 ], [ -58.664, -27.173 ], [ -58.663, -27.178 ], [ -58.662, -27.183 ], [ -58.658, -27.190 ], [ -58.648, -27.196 ], [ -58.629, -27.204 ], [ -58.610, -27.212 ], [ -58.595, -27.223 ], [ -58.594, -27.231 ], [ -58.594, -27.243 ], [ -58.593, -27.255 ], [ -58.593, -27.258 ], [ -58.593, -27.259 ], [ -58.593, -27.261 ], [ -58.594, -27.263 ], [ -58.595, -27.265 ], [ -58.596, -27.269 ], [ -58.597, -27.270 ], [ -58.599, -27.272 ], [ -58.604, -27.277 ], [ -58.605, -27.278 ], [ -58.606, -27.280 ], [ -58.607, -27.282 ], [ -58.608, -27.283 ], [ -58.608, -27.285 ], [ -58.607, -27.287 ], [ -58.607, -27.288 ], [ -58.607, -27.291 ], [ -58.580, -27.307 ], [ -58.574, -27.302 ], [ -58.562, -27.299 ], [ -58.538, -27.295 ], [ -58.529, -27.292 ], [ -58.511, -27.281 ], [ -58.500, -27.275 ], [ -58.494, -27.274 ], [ -58.489, -27.273 ], [ -58.482, -27.273 ], [ -58.476, -27.273 ], [ -58.472, -27.272 ], [ -58.461, -27.274 ], [ -58.447, -27.277 ], [ -58.434, -27.280 ], [ -58.421, -27.285 ], [ -58.417, -27.286 ], [ -58.413, -27.286 ], [ -58.401, -27.284 ], [ -58.395, -27.283 ], [ -58.383, -27.282 ], [ -58.365, -27.280 ], [ -58.309, -27.274 ], [ -58.303, -27.273 ], [ -58.297, -27.272 ], [ -58.286, -27.267 ], [ -58.278, -27.262 ], [ -58.271, -27.259 ], [ -58.265, -27.258 ], [ -58.260, -27.258 ], [ -58.253, -27.259 ], [ -58.198, -27.273 ], [ -58.188, -27.275 ], [ -58.179, -27.276 ], [ -58.169, -27.276 ], [ -58.147, -27.274 ], [ -58.130, -27.273 ], [ -58.113, -27.273 ], [ -58.099, -27.271 ], [ -58.087, -27.268 ], [ -58.076, -27.264 ], [ -58.068, -27.263 ], [ -58.059, -27.262 ], [ -58.052, -27.262 ], [ -58.043, -27.262 ], [ -58.025, -27.263 ], [ -58.014, -27.263 ], [ -58.004, -27.263 ], [ -57.964, -27.265 ], [ -57.919, -27.263 ], [ -57.874, -27.275 ], [ -57.831, -27.321 ], [ -57.827, -27.325 ], [ -57.824, -27.327 ], [ -57.821, -27.330 ], [ -57.818, -27.332 ], [ -57.816, -27.333 ], [ -57.814, -27.334 ], [ -57.792, -27.337 ], [ -57.791, -27.338 ], [ -57.778, -27.338 ], [ -57.764, -27.336 ], [ -57.742, -27.330 ], [ -57.729, -27.328 ], [ -57.718, -27.326 ], [ -57.706, -27.327 ], [ -57.676, -27.345 ], [ -57.667, -27.355 ], [ -57.663, -27.358 ], [ -57.660, -27.361 ], [ -57.651, -27.366 ], [ -57.641, -27.372 ], [ -57.635, -27.374 ], [ -57.631, -27.377 ], [ -57.624, -27.381 ], [ -57.616, -27.386 ], [ -57.608, -27.384 ], [ -57.591, -27.381 ], [ -57.579, -27.380 ], [ -57.566, -27.380 ], [ -57.549, -27.383 ], [ -57.537, -27.385 ], [ -57.533, -27.387 ], [ -57.523, -27.394 ], [ -57.498, -27.400 ], [ -57.471, -27.403 ], [ -57.458, -27.405 ], [ -57.436, -27.403 ], [ -57.402, -27.404 ], [ -57.384, -27.417 ], [ -57.343, -27.414 ], [ -57.334, -27.414 ], [ -57.334, -27.414 ], [ -57.327, -27.414 ], [ -57.318, -27.415 ], [ -57.311, -27.418 ], [ -57.266, -27.447 ], [ -57.261, -27.450 ], [ -57.255, -27.450 ], [ -57.240, -27.451 ], [ -57.234, -27.455 ], [ -57.230, -27.455 ], [ -57.228, -27.453 ], [ -57.224, -27.454 ], [ -57.221, -27.457 ], [ -57.217, -27.459 ], [ -57.213, -27.462 ], [ -57.196, -27.466 ], [ -57.173, -27.471 ], [ -57.164, -27.473 ], [ -57.150, -27.478 ], [ -57.110, -27.476 ], [ -57.093, -27.482 ], [ -57.043, -27.481 ], [ -57.006, -27.460 ], [ -56.997, -27.457 ], [ -56.972, -27.437 ], [ -56.952, -27.427 ], [ -56.938, -27.418 ], [ -56.931, -27.415 ], [ -56.924, -27.413 ], [ -56.919, -27.412 ], [ -56.900, -27.411 ], [ -56.886, -27.413 ], [ -56.874, -27.421 ], [ -56.863, -27.426 ], [ -56.853, -27.430 ], [ -56.850, -27.436 ], [ -56.843, -27.447 ], [ -56.836, -27.455 ], [ -56.825, -27.465 ], [ -56.793, -27.479 ], [ -56.769, -27.493 ], [ -56.742, -27.498 ], [ -56.722, -27.489 ], [ -56.723, -27.487 ], [ -56.723, -27.477 ], [ -56.722, -27.465 ], [ -56.718, -27.460 ], [ -56.713, -27.457 ], [ -56.663, -27.446 ], [ -56.621, -27.436 ], [ -56.572, -27.440 ], [ -56.513, -27.453 ], [ -56.474, -27.455 ], [ -56.346, -27.450 ], [ -56.285, -27.400 ], [ -56.266, -27.379 ], [ -56.229, -27.338 ], [ -56.169, -27.310 ], [ -56.103, -27.311 ], [ -56.062, -27.307 ], [ -56.029, -27.316 ], [ -56.000, -27.330 ], [ -55.984, -27.335 ], [ -55.974, -27.337 ], [ -55.963, -27.334 ], [ -55.957, -27.332 ], [ -55.951, -27.330 ], [ -55.945, -27.329 ], [ -55.934, -27.329 ], [ -55.920, -27.331 ], [ -55.907, -27.333 ], [ -55.899, -27.335 ], [ -55.899, -27.366 ], [ -55.867, -27.366 ], [ -55.867, -27.367 ], [ -55.863, -27.372 ], [ -55.862, -27.378 ], [ -55.861, -27.383 ], [ -55.860, -27.389 ], [ -55.857, -27.393 ], [ -55.853, -27.397 ], [ -55.850, -27.401 ], [ -55.846, -27.404 ], [ -55.845, -27.405 ], [ -55.842, -27.407 ], [ -55.836, -27.409 ], [ -55.831, -27.411 ], [ -55.797, -27.430 ], [ -55.785, -27.437 ], [ -55.759, -27.445 ], [ -55.736, -27.442 ], [ -55.724, -27.435 ], [ -55.715, -27.417 ], [ -55.712, -27.409 ], [ -55.694, -27.390 ], [ -55.678, -27.374 ], [ -55.666, -27.371 ], [ -55.666, -27.399 ], [ -55.666, -27.433 ] ], [ [ -58.799, -27.933 ], [ -58.799, -27.966 ], [ -58.766, -27.966 ], [ -58.766, -27.933 ], [ -58.799, -27.933 ] ] ], [ [ [ -59.835, -24.132 ], [ -59.817, -24.143 ], [ -59.799, -24.155 ], [ -59.780, -24.166 ], [ -59.762, -24.177 ], [ -59.750, -24.184 ], [ -59.766, -24.199 ], [ -59.799, -24.199 ], [ -59.833, -24.199 ], [ -59.833, -24.166 ], [ -59.866, -24.166 ], [ -59.866, -24.133 ], [ -59.899, -24.133 ], [ -59.899, -24.099 ], [ -59.896, -24.096 ], [ -59.891, -24.099 ], [ -59.872, -24.11 ], [ -59.854, -24.121 ], [ -59.835, -24.132 ] ] ], [ [ [ -64.433, -23.733 ], [ -64.433, -23.699 ], [ -64.399, -23.699 ], [ -64.399, -23.733 ], [ -64.433, -23.733 ] ] ], [ [ [ -63.833, -23.699 ], [ -63.866, -23.699 ], [ -63.866, -23.666 ], [ -63.833, -23.666 ], [ -63.833, -23.699 ] ] ], [ [ [ -64.499, -23.133 ], [ -64.533, -23.133 ], [ -64.566, -23.133 ], [ -64.566, -23.166 ], [ -64.599, -23.166 ], [ -64.633, -23.166 ], [ -64.633, -23.133 ], [ -64.599, -23.133 ], [ -64.599, -23.099 ], [ -64.599, -23.066 ], [ -64.599, -23.033 ], [ -64.566, -23.033 ], [ -64.566, -23.066 ], [ -64.533, -23.066 ], [ -64.533, -23.099 ], [ -64.499, -23.099 ], [ -64.499, -23.133 ] ] ], [ [ [ -64.566, -22.299 ], [ -64.566, -22.333 ], [ -64.599, -22.333 ], [ -64.599, -22.299 ], [ -64.566, -22.299 ] ] ], [ [ [ -64.566, -22.299 ], [ -64.566, -22.266 ], [ -64.564, -22.264 ], [ -64.563, -22.265 ], [ -64.563, -22.265 ], [ -64.562, -22.265 ], [ -64.562, -22.265 ], [ -64.561, -22.266 ], [ -64.561, -22.267 ], [ -64.560, -22.267 ], [ -64.560, -22.267 ], [ -64.559, -22.267 ], [ -64.558, -22.268 ], [ -64.557, -22.268 ], [ -64.557, -22.268 ], [ -64.556, -22.269 ], [ -64.556, -22.270 ], [ -64.555, -22.271 ], [ -64.554, -22.271 ], [ -64.553, -22.271 ], [ -64.553, -22.271 ], [ -64.553, -22.272 ], [ -64.552, -22.273 ], [ -64.551, -22.273 ], [ -64.551, -22.273 ], [ -64.550, -22.274 ], [ -64.550, -22.275 ], [ -64.549, -22.275 ], [ -64.548, -22.276 ], [ -64.548, -22.277 ], [ -64.547, -22.277 ], [ -64.547, -22.277 ], [ -64.546, -22.278 ], [ -64.546, -22.278 ], [ -64.546, -22.279 ], [ -64.545, -22.279 ], [ -64.545, -22.279 ], [ -64.545, -22.281 ], [ -64.545, -22.282 ], [ -64.544, -22.282 ], [ -64.543, -22.283 ], [ -64.543, -22.284 ], [ -64.543, -22.284 ], [ -64.543, -22.285 ], [ -64.543, -22.286 ], [ -64.542, -22.286 ], [ -64.542, -22.286 ], [ -64.541, -22.286 ], [ -64.540, -22.286 ], [ -64.539, -22.287 ], [ -64.539, -22.287 ], [ -64.538, -22.288 ], [ -64.538, -22.288 ], [ -64.537, -22.289 ], [ -64.537, -22.289 ], [ -64.536, -22.290 ], [ -64.535, -22.291 ], [ -64.535, -22.291 ], [ -64.535, -22.292 ], [ -64.535, -22.292 ], [ -64.535, -22.293 ], [ -64.535, -22.293 ], [ -64.535, -22.294 ], [ -64.536, -22.294 ], [ -64.536, -22.295 ], [ -64.537, -22.296 ], [ -64.537, -22.297 ], [ -64.537, -22.297 ], [ -64.537, -22.298 ], [ -64.537, -22.300 ], [ -64.566, -22.299 ] ] ], [ [ [ -62.999, -22.133 ], [ -63.033, -22.133 ], [ -63.033, -22.099 ], [ -62.999, -22.099 ], [ -62.999, -22.133 ] ] ], [ [ [ -63.980, -22.086 ], [ -63.981, -22.086 ], [ -63.982, -22.085 ], [ -63.982, -22.084 ], [ -63.980, -22.086 ] ] ], [ [ [ -64.799, -24.399 ], [ -64.833, -24.399 ], [ -64.833, -24.433 ], [ -64.799, -24.433 ], [ -64.799, -24.399 ], [ -64.766, -24.399 ], [ -64.733, -24.399 ], [ -64.733, -24.366 ], [ -64.699, -24.366 ], [ -64.699, -24.333 ], [ -64.699, -24.299 ], [ -64.699, -24.266 ], [ -64.666, -24.266 ], [ -64.666, -24.233 ], [ -64.633, -24.233 ], [ -64.633, -24.199 ], [ -64.633, -24.166 ], [ -64.599, -24.166 ], [ -64.599, -24.133 ], [ -64.633, -24.133 ], [ -64.633, -24.099 ], [ -64.633, -24.066 ], [ -64.633, -24.033 ], [ -64.599, -24.033 ], [ -64.599, -23.999 ], [ -64.599, -23.966 ], [ -64.599, -23.933 ], [ -64.599, -23.899 ], [ -64.566, -23.899 ], [ -64.566, -23.866 ], [ -64.566, -23.833 ], [ -64.533, -23.833 ], [ -64.533, -23.799 ], [ -64.533, -23.766 ], [ -64.499, -23.766 ], [ -64.499, -23.733 ], [ -64.466, -23.733 ], [ -64.433, -23.733 ], [ -64.433, -23.766 ], [ -64.433, -23.799 ], [ -64.399, -23.799 ], [ -64.399, -23.766 ], [ -64.366, -23.766 ], [ -64.366, -23.733 ], [ -64.366, -23.699 ], [ -64.333, -23.699 ], [ -64.299, -23.699 ], [ -64.299, -23.666 ], [ -64.299, -23.633 ], [ -64.266, -23.633 ], [ -64.233, -23.633 ], [ -64.233, -23.666 ], [ -64.199, -23.666 ], [ -64.199, -23.699 ], [ -64.199, -23.733 ], [ -64.166, -23.733 ], [ -64.166, -23.766 ], [ -64.166, -23.799 ], [ -64.166, -23.833 ], [ -64.133, -23.833 ], [ -64.133, -23.866 ], [ -64.099, -23.866 ], [ -64.099, -23.833 ], [ -64.066, -23.833 ], [ -64.066, -23.799 ], [ -64.066, -23.766 ], [ -64.033, -23.766 ], [ -64.033, -23.733 ], [ -64.033, -23.699 ], [ -63.999, -23.699 ], [ -63.999, -23.733 ], [ -63.999, -23.766 ], [ -63.999, -23.799 ], [ -63.999, -23.833 ], [ -63.966, -23.833 ], [ -63.966, -23.866 ], [ -63.999, -23.866 ], [ -63.999, -23.899 ], [ -63.999, -23.933 ], [ -64.033, -23.933 ], [ -64.033, -23.966 ], [ -64.033, -23.999 ], [ -64.033, -24.033 ], [ -64.066, -24.033 ], [ -64.066, -24.066 ], [ -64.066, -24.099 ], [ -64.033, -24.099 ], [ -64.033, -24.133 ], [ -64.066, -24.133 ], [ -64.066, -24.166 ], [ -64.066, -24.199 ], [ -64.066, -24.233 ], [ -64.099, -24.233 ], [ -64.099, -24.266 ], [ -64.099, -24.299 ], [ -64.133, -24.299 ], [ -64.133, -24.333 ], [ -64.133, -24.366 ], [ -64.099, -24.366 ], [ -64.099, -24.399 ], [ -64.099, -24.433 ], [ -64.133, -24.433 ], [ -64.133, -24.466 ], [ -64.133, -24.499 ], [ -64.166, -24.499 ], [ -64.166, -24.533 ], [ -64.166, -24.566 ], [ -64.166, -24.599 ], [ -64.166, -24.633 ], [ -64.166, -24.666 ], [ -64.133, -24.666 ], [ -64.133, -24.699 ], [ -64.133, -24.733 ], [ -64.099, -24.733 ], [ -64.099, -24.766 ], [ -64.099, -24.799 ], [ -64.099, -24.833 ], [ -64.099, -24.866 ], [ -64.133, -24.866 ], [ -64.133, -24.899 ], [ -64.133, -24.933 ], [ -64.166, -24.933 ], [ -64.166, -24.966 ], [ -64.166, -24.999 ], [ -64.133, -24.999 ], [ -64.133, -25.033 ], [ -64.099, -25.033 ], [ -64.099, -25.066 ], [ -64.066, -25.066 ], [ -64.066, -25.033 ], [ -64.066, -24.999 ], [ -64.066, -24.966 ], [ -64.033, -24.966 ], [ -64.033, -24.933 ], [ -63.999, -24.933 ], [ -63.999, -24.899 ], [ -63.999, -24.866 ], [ -63.966, -24.866 ], [ -63.966, -24.833 ], [ -63.933, -24.833 ], [ -63.933, -24.799 ], [ -63.899, -24.799 ], [ -63.899, -24.833 ], [ -63.899, -24.866 ], [ -63.899, -24.899 ], [ -63.899, -24.933 ], [ -63.933, -24.933 ], [ -63.966, -24.933 ], [ -63.966, -24.966 ], [ -63.933, -24.966 ], [ -63.899, -24.966 ], [ -63.866, -24.966 ], [ -63.866, -24.999 ], [ -63.833, -24.999 ], [ -63.799, -24.999 ], [ -63.766, -24.999 ], [ -63.733, -24.999 ], [ -63.699, -24.999 ], [ -63.666, -24.999 ], [ -63.633, -24.999 ], [ -63.599, -24.999 ], [ -63.566, -24.999 ], [ -63.533, -24.999 ], [ -63.499, -24.999 ], [ -63.499, -24.966 ], [ -63.466, -24.966 ], [ -63.466, -24.933 ], [ -63.433, -24.933 ], [ -63.433, -24.899 ], [ -63.433, -24.866 ], [ -63.399, -24.866 ], [ -63.399, -24.833 ], [ -63.366, -24.833 ], [ -63.366, -24.799 ], [ -63.333, -24.799 ], [ -63.333, -24.766 ], [ -63.299, -24.766 ], [ -63.266, -24.766 ], [ -63.266, -24.733 ], [ -63.266, -24.699 ], [ -63.299, -24.699 ], [ -63.299, -24.666 ], [ -63.299, -24.633 ], [ -63.299, -24.599 ], [ -63.299, -24.566 ], [ -63.266, -24.566 ], [ -63.233, -24.566 ], [ -63.199, -24.566 ], [ -63.166, -24.566 ], [ -63.133, -24.566 ], [ -63.099, -24.566 ], [ -63.066, -24.566 ], [ -63.033, -24.566 ], [ -63.033, -24.533 ], [ -62.999, -24.533 ], [ -62.999, -24.499 ], [ -62.966, -24.499 ], [ -62.966, -24.466 ], [ -62.966, -24.433 ], [ -62.966, -24.399 ], [ -62.933, -24.399 ], [ -62.933, -24.366 ], [ -62.899, -24.366 ], [ -62.899, -24.399 ], [ -62.866, -24.399 ], [ -62.833, -24.399 ], [ -62.833, -24.366 ], [ -62.799, -24.366 ], [ -62.766, -24.366 ], [ -62.733, -24.366 ], [ -62.699, -24.366 ], [ -62.666, -24.366 ], [ -62.666, -24.333 ], [ -62.633, -24.333 ], [ -62.633, -24.299 ], [ -62.599, -24.299 ], [ -62.599, -24.266 ], [ -62.633, -24.266 ], [ -62.633, -24.233 ], [ -62.599, -24.233 ], [ -62.599, -24.199 ], [ -62.599, -24.166 ], [ -62.633, -24.166 ], [ -62.633, -24.133 ], [ -62.599, -24.133 ], [ -62.599, -24.099 ], [ -62.633, -24.099 ], [ -62.633, -24.066 ], [ -62.666, -24.066 ], [ -62.666, -24.033 ], [ -62.633, -24.033 ], [ -62.633, -23.999 ], [ -62.599, -23.999 ], [ -62.599, -23.966 ], [ -62.566, -23.966 ], [ -62.566, -23.933 ], [ -62.533, -23.933 ], [ -62.533, -23.899 ], [ -62.499, -23.899 ], [ -62.499, -23.866 ], [ -62.466, -23.866 ], [ -62.466, -23.833 ], [ -62.433, -23.833 ], [ -62.433, -23.799 ], [ -62.399, -23.799 ], [ -62.399, -23.766 ], [ -62.366, -23.766 ], [ -62.366, -23.733 ], [ -62.333, -23.733 ], [ -62.333, -23.699 ], [ -62.333, -23.666 ], [ -62.333, -23.633 ], [ -62.333, -23.599 ], [ -62.366, -23.599 ], [ -62.366, -23.566 ], [ -62.366, -23.533 ], [ -62.399, -23.533 ], [ -62.399, -23.499 ], [ -62.433, -23.499 ], [ -62.433, -23.466 ], [ -62.466, -23.466 ], [ -62.466, -23.433 ], [ -62.466, -23.399 ], [ -62.466, -23.366 ], [ -62.466, -23.333 ], [ -62.466, -23.299 ], [ -62.499, -23.299 ], [ -62.499, -23.266 ], [ -62.533, -23.266 ], [ -62.533, -23.233 ], [ -62.533, -23.199 ], [ -62.566, -23.199 ], [ -62.566, -23.166 ], [ -62.566, -23.133 ], [ -62.566, -23.099 ], [ -62.566, -23.066 ], [ -62.599, -23.066 ], [ -62.599, -23.033 ], [ -62.566, -23.033 ], [ -62.533, -23.033 ], [ -62.533, -22.999 ], [ -62.499, -22.999 ], [ -62.466, -22.999 ], [ -62.433, -22.999 ], [ -62.399, -22.999 ], [ -62.366, -22.999 ], [ -62.333, -22.999 ], [ -62.333, -22.966 ], [ -62.366, -22.966 ], [ -62.399, -22.966 ], [ -62.399, -22.933 ], [ -62.399, -22.899 ], [ -62.399, -22.866 ], [ -62.433, -22.866 ], [ -62.433, -22.833 ], [ -62.466, -22.833 ], [ -62.466, -22.799 ], [ -62.466, -22.766 ], [ -62.466, -22.733 ], [ -62.499, -22.733 ], [ -62.499, -22.699 ], [ -62.499, -22.666 ], [ -62.499, -22.633 ], [ -62.499, -22.599 ], [ -62.533, -22.599 ], [ -62.533, -22.566 ], [ -62.499, -22.566 ], [ -62.499, -22.533 ], [ -62.499, -22.499 ], [ -62.499, -22.466 ], [ -62.499, -22.433 ], [ -62.533, -22.433 ], [ -62.533, -22.399 ], [ -62.566, -22.399 ], [ -62.566, -22.366 ], [ -62.566, -22.332 ], [ -62.564, -22.334 ], [ -62.564, -22.334 ], [ -62.563, -22.334 ], [ -62.562, -22.334 ], [ -62.562, -22.334 ], [ -62.561, -22.334 ], [ -62.561, -22.334 ], [ -62.558, -22.335 ], [ -62.554, -22.338 ], [ -62.551, -22.340 ], [ -62.550, -22.341 ], [ -62.548, -22.344 ], [ -62.547, -22.345 ], [ -62.546, -22.346 ], [ -62.546, -22.347 ], [ -62.545, -22.348 ], [ -62.545, -22.349 ], [ -62.544, -22.349 ], [ -62.543, -22.350 ], [ -62.543, -22.350 ], [ -62.543, -22.351 ], [ -62.543, -22.351 ], [ -62.543, -22.352 ], [ -62.543, -22.353 ], [ -62.543, -22.353 ], [ -62.542, -22.353 ], [ -62.537, -22.357 ], [ -62.536, -22.357 ], [ -62.536, -22.358 ], [ -62.536, -22.359 ], [ -62.537, -22.362 ], [ -62.538, -22.365 ], [ -62.541, -22.369 ], [ -62.543, -22.373 ], [ -62.543, -22.373 ], [ -62.542, -22.374 ], [ -62.542, -22.374 ], [ -62.540, -22.375 ], [ -62.539, -22.375 ], [ -62.539, -22.375 ], [ -62.538, -22.375 ], [ -62.537, -22.374 ], [ -62.534, -22.373 ], [ -62.533, -22.372 ], [ -62.531, -22.371 ], [ -62.531, -22.370 ], [ -62.530, -22.370 ], [ -62.529, -22.369 ], [ -62.528, -22.369 ], [ -62.528, -22.369 ], [ -62.527, -22.370 ], [ -62.526, -22.370 ], [ -62.526, -22.370 ], [ -62.526, -22.371 ], [ -62.526, -22.372 ], [ -62.526, -22.373 ], [ -62.525, -22.374 ], [ -62.525, -22.375 ], [ -62.525, -22.375 ], [ -62.524, -22.376 ], [ -62.523, -22.376 ], [ -62.518, -22.378 ], [ -62.516, -22.378 ], [ -62.509, -22.380 ], [ -62.502, -22.379 ], [ -62.493, -22.374 ], [ -62.486, -22.372 ], [ -62.480, -22.372 ], [ -62.475, -22.374 ], [ -62.466, -22.380 ], [ -62.465, -22.381 ], [ -62.465, -22.383 ], [ -62.465, -22.385 ], [ -62.465, -22.387 ], [ -62.466, -22.389 ], [ -62.467, -22.392 ], [ -62.467, -22.394 ], [ -62.467, -22.395 ], [ -62.467, -22.398 ], [ -62.466, -22.398 ], [ -62.464, -22.398 ], [ -62.462, -22.398 ], [ -62.461, -22.398 ], [ -62.457, -22.398 ], [ -62.457, -22.398 ], [ -62.456, -22.400 ], [ -62.456, -22.402 ], [ -62.456, -22.404 ], [ -62.456, -22.406 ], [ -62.456, -22.407 ], [ -62.455, -22.408 ], [ -62.455, -22.409 ], [ -62.454, -22.411 ], [ -62.453, -22.412 ], [ -62.453, -22.413 ], [ -62.452, -22.414 ], [ -62.452, -22.414 ], [ -62.452, -22.415 ], [ -62.453, -22.416 ], [ -62.453, -22.417 ], [ -62.453, -22.417 ], [ -62.453, -22.418 ], [ -62.453, -22.418 ], [ -62.452, -22.419 ], [ -62.451, -22.419 ], [ -62.450, -22.419 ], [ -62.449, -22.419 ], [ -62.448, -22.419 ], [ -62.447, -22.419 ], [ -62.446, -22.418 ], [ -62.446, -22.418 ], [ -62.445, -22.418 ], [ -62.443, -22.418 ], [ -62.442, -22.418 ], [ -62.442, -22.418 ], [ -62.441, -22.419 ], [ -62.441, -22.419 ], [ -62.440, -22.419 ], [ -62.440, -22.418 ], [ -62.439, -22.418 ], [ -62.439, -22.417 ], [ -62.439, -22.417 ], [ -62.438, -22.417 ], [ -62.437, -22.417 ], [ -62.436, -22.417 ], [ -62.435, -22.418 ], [ -62.434, -22.418 ], [ -62.433, -22.418 ], [ -62.430, -22.418 ], [ -62.427, -22.419 ], [ -62.425, -22.419 ], [ -62.424, -22.420 ], [ -62.422, -22.420 ], [ -62.421, -22.421 ], [ -62.419, -22.423 ], [ -62.418, -22.424 ], [ -62.417, -22.425 ], [ -62.417, -22.425 ], [ -62.417, -22.426 ], [ -62.417, -22.427 ], [ -62.418, -22.428 ], [ -62.419, -22.429 ], [ -62.420, -22.431 ], [ -62.421, -22.432 ], [ -62.420, -22.433 ], [ -62.419, -22.435 ], [ -62.418, -22.436 ], [ -62.417, -22.438 ], [ -62.417, -22.439 ], [ -62.418, -22.440 ], [ -62.418, -22.441 ], [ -62.418, -22.442 ], [ -62.417, -22.445 ], [ -62.416, -22.446 ], [ -62.415, -22.448 ], [ -62.413, -22.449 ], [ -62.412, -22.449 ], [ -62.411, -22.448 ], [ -62.410, -22.448 ], [ -62.409, -22.447 ], [ -62.408, -22.446 ], [ -62.408, -22.445 ], [ -62.407, -22.445 ], [ -62.406, -22.446 ], [ -62.405, -22.447 ], [ -62.404, -22.447 ], [ -62.403, -22.447 ], [ -62.401, -22.447 ], [ -62.400, -22.447 ], [ -62.398, -22.448 ], [ -62.395, -22.449 ], [ -62.394, -22.449 ], [ -62.392, -22.450 ], [ -62.390, -22.451 ], [ -62.390, -22.452 ], [ -62.389, -22.453 ], [ -62.388, -22.453 ], [ -62.388, -22.454 ], [ -62.387, -22.455 ], [ -62.387, -22.456 ], [ -62.387, -22.457 ], [ -62.384, -22.458 ], [ -62.383, -22.459 ], [ -62.382, -22.460 ], [ -62.381, -22.462 ], [ -62.380, -22.464 ], [ -62.379, -22.464 ], [ -62.379, -22.465 ], [ -62.379, -22.466 ], [ -62.379, -22.468 ], [ -62.379, -22.469 ], [ -62.379, -22.470 ], [ -62.379, -22.471 ], [ -62.379, -22.472 ], [ -62.379, -22.474 ], [ -62.379, -22.477 ], [ -62.379, -22.478 ], [ -62.378, -22.480 ], [ -62.378, -22.481 ], [ -62.378, -22.481 ], [ -62.377, -22.482 ], [ -62.377, -22.482 ], [ -62.376, -22.482 ], [ -62.376, -22.482 ], [ -62.375, -22.482 ], [ -62.374, -22.481 ], [ -62.373, -22.481 ], [ -62.373, -22.481 ], [ -62.373, -22.480 ], [ -62.372, -22.478 ], [ -62.372, -22.475 ], [ -62.372, -22.472 ], [ -62.372, -22.469 ], [ -62.370, -22.464 ], [ -62.368, -22.459 ], [ -62.367, -22.458 ], [ -62.366, -22.458 ], [ -62.364, -22.459 ], [ -62.363, -22.458 ], [ -62.362, -22.458 ], [ -62.361, -22.457 ], [ -62.361, -22.457 ], [ -62.361, -22.458 ], [ -62.361, -22.458 ], [ -62.361, -22.459 ], [ -62.361, -22.459 ], [ -62.361, -22.460 ], [ -62.361, -22.461 ], [ -62.360, -22.462 ], [ -62.359, -22.462 ], [ -62.358, -22.463 ], [ -62.357, -22.463 ], [ -62.356, -22.462 ], [ -62.355, -22.462 ], [ -62.354, -22.462 ], [ -62.353, -22.461 ], [ -62.351, -22.461 ], [ -62.350, -22.460 ], [ -62.349, -22.460 ], [ -62.347, -22.459 ], [ -62.345, -22.459 ], [ -62.344, -22.459 ], [ -62.343, -22.459 ], [ -62.341, -22.459 ], [ -62.340, -22.459 ], [ -62.339, -22.460 ], [ -62.339, -22.460 ], [ -62.339, -22.461 ], [ -62.339, -22.462 ], [ -62.340, -22.463 ], [ -62.340, -22.465 ], [ -62.341, -22.467 ], [ -62.341, -22.469 ], [ -62.341, -22.473 ], [ -62.341, -22.475 ], [ -62.341, -22.477 ], [ -62.340, -22.478 ], [ -62.340, -22.480 ], [ -62.339, -22.481 ], [ -62.337, -22.481 ], [ -62.335, -22.481 ], [ -62.334, -22.480 ], [ -62.333, -22.479 ], [ -62.332, -22.477 ], [ -62.330, -22.474 ], [ -62.329, -22.472 ], [ -62.328, -22.471 ], [ -62.327, -22.471 ], [ -62.325, -22.471 ], [ -62.325, -22.472 ], [ -62.324, -22.473 ], [ -62.324, -22.475 ], [ -62.324, -22.477 ], [ -62.325, -22.479 ], [ -62.325, -22.482 ], [ -62.324, -22.484 ], [ -62.320, -22.485 ], [ -62.316, -22.486 ], [ -62.312, -22.487 ], [ -62.309, -22.487 ], [ -62.306, -22.487 ], [ -62.303, -22.487 ], [ -62.300, -22.486 ], [ -62.299, -22.485 ], [ -62.298, -22.483 ], [ -62.297, -22.480 ], [ -62.294, -22.476 ], [ -62.290, -22.474 ], [ -62.287, -22.477 ], [ -62.286, -22.480 ], [ -62.288, -22.493 ], [ -62.288, -22.495 ], [ -62.282, -22.499 ], [ -62.282, -22.503 ], [ -62.285, -22.506 ], [ -62.292, -22.514 ], [ -62.296, -22.515 ], [ -62.297, -22.517 ], [ -62.296, -22.519 ], [ -62.294, -22.520 ], [ -62.287, -22.523 ], [ -62.281, -22.524 ], [ -62.274, -22.523 ], [ -62.270, -22.518 ], [ -62.266, -22.517 ], [ -62.263, -22.521 ], [ -62.260, -22.521 ], [ -62.261, -22.517 ], [ -62.259, -22.515 ], [ -62.254, -22.515 ], [ -62.247, -22.512 ], [ -62.242, -22.512 ], [ -62.240, -22.512 ], [ -62.244, -22.517 ], [ -62.244, -22.520 ], [ -62.247, -22.520 ], [ -62.251, -22.520 ], [ -62.253, -22.520 ], [ -62.253, -22.524 ], [ -62.253, -22.531 ], [ -62.251, -22.535 ], [ -62.246, -22.534 ], [ -62.244, -22.533 ], [ -62.241, -22.535 ], [ -62.235, -22.538 ], [ -62.224, -22.545 ], [ -62.223, -22.549 ], [ -62.223, -22.553 ], [ -62.225, -22.555 ], [ -62.226, -22.557 ], [ -62.228, -22.557 ], [ -62.232, -22.558 ], [ -62.238, -22.558 ], [ -62.239, -22.561 ], [ -62.236, -22.563 ], [ -62.233, -22.560 ], [ -62.228, -22.561 ], [ -62.225, -22.563 ], [ -62.228, -22.565 ], [ -62.233, -22.567 ], [ -62.238, -22.570 ], [ -62.240, -22.572 ], [ -62.244, -22.572 ], [ -62.245, -22.573 ], [ -62.241, -22.579 ], [ -62.242, -22.581 ], [ -62.248, -22.580 ], [ -62.247, -22.583 ], [ -62.240, -22.587 ], [ -62.238, -22.590 ], [ -62.244, -22.589 ], [ -62.247, -22.590 ], [ -62.249, -22.591 ], [ -62.255, -22.591 ], [ -62.256, -22.592 ], [ -62.254, -22.594 ], [ -62.254, -22.595 ], [ -62.256, -22.596 ], [ -62.260, -22.596 ], [ -62.262, -22.596 ], [ -62.269, -22.600 ], [ -62.271, -22.603 ], [ -62.271, -22.605 ], [ -62.270, -22.607 ], [ -62.268, -22.606 ], [ -62.263, -22.603 ], [ -62.249, -22.599 ], [ -62.248, -22.601 ], [ -62.249, -22.605 ], [ -62.252, -22.608 ], [ -62.253, -22.612 ], [ -62.252, -22.612 ], [ -62.243, -22.613 ], [ -62.238, -22.612 ], [ -62.234, -22.612 ], [ -62.234, -22.613 ], [ -62.237, -22.627 ], [ -62.238, -22.634 ], [ -62.237, -22.644 ], [ -62.236, -22.646 ], [ -62.233, -22.647 ], [ -62.233, -22.646 ], [ -62.234, -22.643 ], [ -62.234, -22.640 ], [ -62.234, -22.639 ], [ -62.229, -22.641 ], [ -62.226, -22.639 ], [ -62.223, -22.640 ], [ -62.221, -22.642 ], [ -62.221, -22.643 ], [ -62.224, -22.644 ], [ -62.224, -22.647 ], [ -62.222, -22.648 ], [ -62.221, -22.646 ], [ -62.219, -22.646 ], [ -62.216, -22.648 ], [ -62.208, -22.649 ], [ -62.206, -22.649 ], [ -62.205, -22.650 ], [ -62.205, -22.651 ], [ -62.205, -22.651 ], [ -62.205, -22.652 ], [ -62.207, -22.652 ], [ -62.209, -22.654 ], [ -62.216, -22.657 ], [ -62.216, -22.657 ], [ -62.217, -22.658 ], [ -62.217, -22.659 ], [ -62.217, -22.660 ], [ -62.217, -22.660 ], [ -62.211, -22.663 ], [ -62.208, -22.664 ], [ -62.207, -22.665 ], [ -62.205, -22.664 ], [ -62.204, -22.664 ], [ -62.203, -22.663 ], [ -62.200, -22.661 ], [ -62.199, -22.660 ], [ -62.199, -22.660 ], [ -62.198, -22.660 ], [ -62.197, -22.661 ], [ -62.197, -22.662 ], [ -62.197, -22.662 ], [ -62.197, -22.663 ], [ -62.198, -22.664 ], [ -62.199, -22.666 ], [ -62.201, -22.669 ], [ -62.202, -22.670 ], [ -62.202, -22.671 ], [ -62.202, -22.672 ], [ -62.202, -22.673 ], [ -62.201, -22.674 ], [ -62.199, -22.676 ], [ -62.198, -22.677 ], [ -62.198, -22.678 ], [ -62.198, -22.678 ], [ -62.199, -22.679 ], [ -62.201, -22.680 ], [ -62.203, -22.682 ], [ -62.204, -22.683 ], [ -62.204, -22.683 ], [ -62.204, -22.684 ], [ -62.204, -22.684 ], [ -62.204, -22.685 ], [ -62.203, -22.686 ], [ -62.195, -22.689 ], [ -62.195, -22.689 ], [ -62.195, -22.690 ], [ -62.195, -22.690 ], [ -62.196, -22.691 ], [ -62.197, -22.692 ], [ -62.198, -22.694 ], [ -62.203, -22.700 ], [ -62.204, -22.702 ], [ -62.206, -22.703 ], [ -62.206, -22.704 ], [ -62.203, -22.705 ], [ -62.201, -22.705 ], [ -62.198, -22.705 ], [ -62.198, -22.710 ], [ -62.194, -22.716 ], [ -62.191, -22.718 ], [ -62.190, -22.719 ], [ -62.188, -22.719 ], [ -62.187, -22.719 ], [ -62.186, -22.717 ], [ -62.184, -22.714 ], [ -62.182, -22.710 ], [ -62.182, -22.708 ], [ -62.181, -22.708 ], [ -62.181, -22.707 ], [ -62.180, -22.707 ], [ -62.179, -22.708 ], [ -62.176, -22.708 ], [ -62.175, -22.709 ], [ -62.174, -22.709 ], [ -62.173, -22.710 ], [ -62.172, -22.711 ], [ -62.171, -22.713 ], [ -62.171, -22.714 ], [ -62.172, -22.716 ], [ -62.173, -22.716 ], [ -62.176, -22.718 ], [ -62.177, -22.719 ], [ -62.177, -22.719 ], [ -62.177, -22.720 ], [ -62.176, -22.721 ], [ -62.174, -22.722 ], [ -62.173, -22.722 ], [ -62.172, -22.723 ], [ -62.169, -22.727 ], [ -62.159, -22.736 ], [ -62.157, -22.738 ], [ -62.150, -22.743 ], [ -62.147, -22.748 ], [ -62.151, -22.749 ], [ -62.157, -22.746 ], [ -62.165, -22.744 ], [ -62.166, -22.747 ], [ -62.161, -22.751 ], [ -62.157, -22.761 ], [ -62.150, -22.761 ], [ -62.135, -22.759 ], [ -62.130, -22.759 ], [ -62.132, -22.764 ], [ -62.143, -22.771 ], [ -62.138, -22.784 ], [ -62.134, -22.791 ], [ -62.126, -22.788 ], [ -62.123, -22.788 ], [ -62.108, -22.801 ], [ -62.103, -22.823 ], [ -62.083, -22.811 ], [ -62.080, -22.816 ], [ -62.080, -22.829 ], [ -62.077, -22.840 ], [ -62.071, -22.850 ], [ -62.068, -22.850 ], [ -62.062, -22.838 ], [ -62.057, -22.839 ], [ -62.057, -22.844 ], [ -62.060, -22.853 ], [ -62.055, -22.862 ], [ -62.043, -22.865 ], [ -62.036, -22.874 ], [ -62.033, -22.891 ], [ -62.035, -22.904 ], [ -62.033, -22.911 ], [ -62.028, -22.906 ], [ -62.022, -22.904 ], [ -62.022, -22.907 ], [ -62.022, -22.911 ], [ -62.025, -22.917 ], [ -62.031, -22.922 ], [ -62.029, -22.927 ], [ -62.018, -22.930 ], [ -62.009, -22.928 ], [ -62.000, -22.927 ], [ -61.998, -22.930 ], [ -62.002, -22.938 ], [ -62.004, -22.943 ], [ -61.997, -22.945 ], [ -61.992, -22.952 ], [ -61.992, -22.960 ], [ -61.998, -22.957 ], [ -62.002, -22.956 ], [ -62.007, -22.963 ], [ -62.008, -22.969 ], [ -62.009, -22.977 ], [ -62.007, -22.987 ], [ -62.006, -22.995 ], [ -62.001, -22.996 ], [ -61.993, -22.999 ], [ -61.990, -22.999 ], [ -61.989, -23.000 ], [ -61.989, -23.001 ], [ -61.989, -23.001 ], [ -61.989, -23.002 ], [ -61.989, -23.003 ], [ -61.989, -23.003 ], [ -61.989, -23.004 ], [ -61.988, -23.005 ], [ -61.988, -23.006 ], [ -61.988, -23.006 ], [ -61.988, -23.008 ], [ -61.986, -23.013 ], [ -61.984, -23.019 ], [ -61.979, -23.024 ], [ -61.969, -23.026 ], [ -61.965, -23.025 ], [ -61.955, -23.025 ], [ -61.954, -23.029 ], [ -61.957, -23.033 ], [ -61.956, -23.041 ], [ -61.953, -23.046 ], [ -61.949, -23.048 ], [ -61.945, -23.045 ], [ -61.940, -23.044 ], [ -61.938, -23.048 ], [ -61.934, -23.051 ], [ -61.929, -23.056 ], [ -61.928, -23.059 ], [ -61.927, -23.070 ], [ -61.921, -23.066 ], [ -61.913, -23.063 ], [ -61.906, -23.068 ], [ -61.901, -23.070 ], [ -61.895, -23.075 ], [ -61.887, -23.079 ], [ -61.894, -23.081 ], [ -61.890, -23.084 ], [ -61.880, -23.086 ], [ -61.875, -23.088 ], [ -61.872, -23.087 ], [ -61.866, -23.086 ], [ -61.859, -23.086 ], [ -61.855, -23.09 ], [ -61.851, -23.093 ], [ -61.848, -23.097 ], [ -61.849, -23.104 ], [ -61.846, -23.108 ], [ -61.835, -23.117 ], [ -61.828, -23.121 ], [ -61.823, -23.127 ], [ -61.821, -23.135 ], [ -61.821, -23.142 ], [ -61.813, -23.150 ], [ -61.804, -23.156 ], [ -61.796, -23.161 ], [ -61.790, -23.164 ], [ -61.783, -23.160 ], [ -61.779, -23.160 ], [ -61.778, -23.165 ], [ -61.774, -23.163 ], [ -61.769, -23.158 ], [ -61.765, -23.158 ], [ -61.766, -23.164 ], [ -61.767, -23.168 ], [ -61.760, -23.171 ], [ -61.753, -23.172 ], [ -61.749, -23.176 ], [ -61.746, -23.180 ], [ -61.744, -23.185 ], [ -61.741, -23.190 ], [ -61.737, -23.199 ], [ -61.733, -23.208 ], [ -61.738, -23.215 ], [ -61.736, -23.224 ], [ -61.736, -23.234 ], [ -61.731, -23.241 ], [ -61.723, -23.243 ], [ -61.717, -23.239 ], [ -61.714, -23.239 ], [ -61.706, -23.244 ], [ -61.705, -23.248 ], [ -61.698, -23.249 ], [ -61.700, -23.255 ], [ -61.692, -23.257 ], [ -61.682, -23.259 ], [ -61.685, -23.265 ], [ -61.684, -23.270 ], [ -61.683, -23.276 ], [ -61.679, -23.278 ], [ -61.674, -23.280 ], [ -61.670, -23.285 ], [ -61.659, -23.284 ], [ -61.642, -23.279 ], [ -61.633, -23.278 ], [ -61.627, -23.277 ], [ -61.619, -23.280 ], [ -61.612, -23.281 ], [ -61.605, -23.282 ], [ -61.598, -23.283 ], [ -61.603, -23.291 ], [ -61.598, -23.294 ], [ -61.594, -23.296 ], [ -61.589, -23.3 ], [ -61.586, -23.303 ], [ -61.582, -23.306 ], [ -61.579, -23.310 ], [ -61.575, -23.314 ], [ -61.572, -23.318 ], [ -61.570, -23.323 ], [ -61.567, -23.327 ], [ -61.566, -23.333 ], [ -61.563, -23.337 ], [ -61.560, -23.340 ], [ -61.555, -23.343 ], [ -61.55, -23.345 ], [ -61.542, -23.345 ], [ -61.536, -23.343 ], [ -61.519, -23.349 ], [ -61.513, -23.349 ], [ -61.509, -23.349 ], [ -61.510, -23.352 ], [ -61.512, -23.359 ], [ -61.515, -23.359 ], [ -61.521, -23.363 ], [ -61.523, -23.367 ], [ -61.522, -23.373 ], [ -61.520, -23.380 ], [ -61.515, -23.383 ], [ -61.512, -23.386 ], [ -61.510, -23.391 ], [ -61.507, -23.396 ], [ -61.505, -23.400 ], [ -61.503, -23.405 ], [ -61.501, -23.410 ], [ -61.496, -23.413 ], [ -61.490, -23.421 ], [ -61.486, -23.423 ], [ -61.485, -23.418 ], [ -61.481, -23.419 ], [ -61.476, -23.419 ], [ -61.473, -23.421 ], [ -61.473, -23.426 ], [ -61.467, -23.425 ], [ -61.458, -23.418 ], [ -61.453, -23.418 ], [ -61.455, -23.425 ], [ -61.451, -23.424 ], [ -61.445, -23.420 ], [ -61.443, -23.421 ], [ -61.443, -23.424 ], [ -61.440, -23.428 ], [ -61.437, -23.432 ], [ -61.430, -23.436 ], [ -61.424, -23.440 ], [ -61.421, -23.445 ], [ -61.417, -23.448 ], [ -61.411, -23.446 ], [ -61.409, -23.448 ], [ -61.406, -23.446 ], [ -61.403, -23.444 ], [ -61.394, -23.452 ], [ -61.390, -23.457 ], [ -61.387, -23.460 ], [ -61.382, -23.460 ], [ -61.381, -23.457 ], [ -61.383, -23.455 ], [ -61.385, -23.454 ], [ -61.387, -23.453 ], [ -61.388, -23.448 ], [ -61.385, -23.446 ], [ -61.381, -23.447 ], [ -61.379, -23.453 ], [ -61.374, -23.456 ], [ -61.373, -23.453 ], [ -61.369, -23.453 ], [ -61.363, -23.453 ], [ -61.358, -23.450 ], [ -61.355, -23.446 ], [ -61.351, -23.447 ], [ -61.350, -23.453 ], [ -61.349, -23.460 ], [ -61.349, -23.464 ], [ -61.346, -23.468 ], [ -61.342, -23.465 ], [ -61.339, -23.466 ], [ -61.338, -23.469 ], [ -61.335, -23.470 ], [ -61.330, -23.467 ], [ -61.325, -23.466 ], [ -61.316, -23.469 ], [ -61.311, -23.475 ], [ -61.306, -23.485 ], [ -61.302, -23.490 ], [ -61.300, -23.491 ], [ -61.298, -23.490 ], [ -61.299, -23.487 ], [ -61.297, -23.486 ], [ -61.296, -23.487 ], [ -61.295, -23.489 ], [ -61.296, -23.493 ], [ -61.296, -23.497 ], [ -61.294, -23.498 ], [ -61.292, -23.498 ], [ -61.290, -23.492 ], [ -61.290, -23.489 ], [ -61.289, -23.487 ], [ -61.286, -23.486 ], [ -61.282, -23.487 ], [ -61.279, -23.490 ], [ -61.278, -23.499 ], [ -61.274, -23.505 ], [ -61.275, -23.510 ], [ -61.275, -23.512 ], [ -61.272, -23.512 ], [ -61.268, -23.514 ], [ -61.262, -23.516 ], [ -61.261, -23.521 ], [ -61.264, -23.527 ], [ -61.261, -23.528 ], [ -61.258, -23.528 ], [ -61.258, -23.525 ], [ -61.258, -23.522 ], [ -61.255, -23.523 ], [ -61.255, -23.528 ], [ -61.251, -23.532 ], [ -61.241, -23.540 ], [ -61.235, -23.543 ], [ -61.230, -23.547 ], [ -61.225, -23.550 ], [ -61.224, -23.555 ], [ -61.219, -23.557 ], [ -61.212, -23.557 ], [ -61.207, -23.555 ], [ -61.201, -23.554 ], [ -61.195, -23.553 ], [ -61.188, -23.553 ], [ -61.182, -23.554 ], [ -61.178, -23.557 ], [ -61.173, -23.560 ], [ -61.170, -23.564 ], [ -61.168, -23.569 ], [ -61.165, -23.573 ], [ -61.161, -23.576 ], [ -61.155, -23.578 ], [ -61.151, -23.581 ], [ -61.149, -23.586 ], [ -61.142, -23.588 ], [ -61.132, -23.591 ], [ -61.122, -23.594 ], [ -61.113, -23.597 ], [ -61.107, -23.600 ], [ -61.102, -23.603 ], [ -61.099, -23.606 ], [ -61.098, -23.610 ], [ -61.095, -23.612 ], [ -61.088, -23.613 ], [ -61.086, -23.617 ], [ -61.089, -23.620 ], [ -61.096, -23.621 ], [ -61.098, -23.622 ], [ -61.097, -23.625 ], [ -61.099, -23.628 ], [ -61.094, -23.630 ], [ -61.092, -23.634 ], [ -61.089, -23.639 ], [ -61.089, -23.646 ], [ -61.093, -23.651 ], [ -61.099, -23.655 ], [ -61.097, -23.658 ], [ -61.094, -23.662 ], [ -61.092, -23.666 ], [ -61.086, -23.665 ], [ -61.083, -23.669 ], [ -61.079, -23.671 ], [ -61.082, -23.673 ], [ -61.085, -23.675 ], [ -61.084, -23.679 ], [ -61.083, -23.681 ], [ -61.079, -23.683 ], [ -61.080, -23.687 ], [ -61.080, -23.690 ], [ -61.072, -23.695 ], [ -61.057, -23.707 ], [ -61.054, -23.714 ], [ -61.051, -23.720 ], [ -61.047, -23.727 ], [ -61.038, -23.733 ], [ -61.039, -23.741 ], [ -61.037, -23.743 ], [ -61.035, -23.743 ], [ -61.033, -23.745 ], [ -61.031, -23.746 ], [ -61.029, -23.749 ], [ -61.028, -23.751 ], [ -61.027, -23.752 ], [ -61.025, -23.753 ], [ -61.023, -23.755 ], [ -61.018, -23.757 ], [ -61.014, -23.759 ], [ -61.012, -23.763 ], [ -61.018, -23.770 ], [ -61.014, -23.779 ], [ -61.010, -23.778 ], [ -61.006, -23.782 ], [ -60.999, -23.791 ], [ -60.996, -23.799 ], [ -60.991, -23.806 ], [ -60.991, -23.810 ], [ -60.989, -23.818 ], [ -60.982, -23.818 ], [ -60.977, -23.820 ], [ -60.970, -23.820 ], [ -60.967, -23.822 ], [ -60.963, -23.819 ], [ -60.958, -23.817 ], [ -60.952, -23.816 ], [ -60.945, -23.817 ], [ -60.940, -23.819 ], [ -60.933, -23.819 ], [ -60.927, -23.821 ], [ -60.921, -23.823 ], [ -60.916, -23.825 ], [ -60.910, -23.827 ], [ -60.906, -23.830 ], [ -60.901, -23.832 ], [ -60.896, -23.835 ], [ -60.892, -23.838 ], [ -60.888, -23.841 ], [ -60.884, -23.844 ], [ -60.879, -23.846 ], [ -60.875, -23.849 ], [ -60.871, -23.853 ], [ -60.868, -23.857 ], [ -60.865, -23.861 ], [ -60.862, -23.865 ], [ -60.859, -23.869 ], [ -60.855, -23.872 ], [ -60.849, -23.873 ], [ -60.841, -23.874 ], [ -60.835, -23.873 ], [ -60.828, -23.873 ], [ -60.822, -23.874 ], [ -60.815, -23.875 ], [ -60.808, -23.875 ], [ -60.800, -23.876 ], [ -60.794, -23.875 ], [ -60.787, -23.874 ], [ -60.781, -23.874 ], [ -60.774, -23.873 ], [ -60.767, -23.873 ], [ -60.760, -23.872 ], [ -60.753, -23.872 ], [ -60.746, -23.872 ], [ -60.738, -23.872 ], [ -60.732, -23.872 ], [ -60.725, -23.873 ], [ -60.720, -23.875 ], [ -60.716, -23.878 ], [ -60.713, -23.883 ], [ -60.710, -23.886 ], [ -60.705, -23.889 ], [ -60.7, -23.891 ], [ -60.695, -23.893 ], [ -60.694, -23.894 ], [ -60.699, -23.899 ], [ -60.699, -23.933 ], [ -60.733, -23.933 ], [ -60.733, -23.966 ], [ -60.766, -23.966 ], [ -60.799, -23.966 ], [ -60.833, -23.966 ], [ -60.866, -23.966 ], [ -60.899, -23.966 ], [ -60.933, -23.966 ], [ -60.933, -23.999 ], [ -60.966, -23.999 ], [ -60.966, -24.033 ], [ -60.966, -24.066 ], [ -60.999, -24.066 ], [ -60.999, -24.033 ], [ -60.999, -23.999 ], [ -61.033, -23.999 ], [ -61.066, -23.999 ], [ -61.099, -23.999 ], [ -61.133, -23.999 ], [ -61.166, -23.999 ], [ -61.199, -23.999 ], [ -61.233, -23.999 ], [ -61.233, -24.033 ], [ -61.199, -24.033 ], [ -61.199, -24.066 ], [ -61.233, -24.066 ], [ -61.233, -24.099 ], [ -61.233, -24.133 ], [ -61.233, -24.166 ], [ -61.233, -24.199 ], [ -61.266, -24.199 ], [ -61.266, -24.233 ], [ -61.299, -24.233 ], [ -61.299, -24.266 ], [ -61.333, -24.266 ], [ -61.333, -24.233 ], [ -61.366, -24.233 ], [ -61.399, -24.233 ], [ -61.399, -24.266 ], [ -61.399, -24.299 ], [ -61.399, -24.333 ], [ -61.433, -24.333 ], [ -61.433, -24.366 ], [ -61.433, -24.399 ], [ -61.466, -24.399 ], [ -61.466, -24.433 ], [ -61.466, -24.466 ], [ -61.466, -24.499 ], [ -61.499, -24.499 ], [ -61.499, -24.533 ], [ -61.466, -24.533 ], [ -61.466, -24.566 ], [ -61.466, -24.599 ], [ -61.499, -24.599 ], [ -61.499, -24.633 ], [ -61.466, -24.633 ], [ -61.466, -24.666 ], [ -61.499, -24.666 ], [ -61.499, -24.699 ], [ -61.499, -24.733 ], [ -61.499, -24.766 ], [ -61.499, -24.799 ], [ -61.533, -24.799 ], [ -61.533, -24.833 ], [ -61.533, -24.866 ], [ -61.499, -24.866 ], [ -61.499, -24.899 ], [ -61.499, -24.933 ], [ -61.533, -24.933 ], [ -61.533, -24.966 ], [ -61.533, -24.999 ], [ -61.566, -24.999 ], [ -61.566, -25.033 ], [ -61.599, -25.033 ], [ -61.599, -25.066 ], [ -61.599, -25.099 ], [ -61.633, -25.099 ], [ -61.666, -25.099 ], [ -61.666, -25.066 ], [ -61.666, -25.033 ], [ -61.666, -24.999 ], [ -61.699, -24.999 ], [ -61.699, -25.033 ], [ -61.733, -25.033 ], [ -61.766, -25.033 ], [ -61.766, -25.066 ], [ -61.766, -25.099 ], [ -61.766, -25.133 ], [ -61.799, -25.133 ], [ -61.799, -25.166 ], [ -61.799, -25.199 ], [ -61.799, -25.233 ], [ -61.799, -25.266 ], [ -61.799, -25.299 ], [ -61.833, -25.299 ], [ -61.833, -25.333 ], [ -61.866, -25.333 ], [ -61.866, -25.366 ], [ -61.899, -25.366 ], [ -61.899, -25.399 ], [ -61.899, -25.433 ], [ -61.866, -25.433 ], [ -61.866, -25.466 ], [ -61.866, -25.499 ], [ -61.899, -25.499 ], [ -61.899, -25.533 ], [ -61.933, -25.533 ], [ -61.933, -25.566 ], [ -61.933, -25.599 ], [ -61.966, -25.599 ], [ -61.966, -25.633 ], [ -61.999, -25.633 ], [ -61.999, -25.666 ], [ -62.033, -25.666 ], [ -62.033, -25.699 ], [ -62.066, -25.699 ], [ -62.066, -25.733 ], [ -62.099, -25.733 ], [ -62.099, -25.766 ], [ -62.099, -25.799 ], [ -62.133, -25.799 ], [ -62.133, -25.833 ], [ -62.166, -25.833 ], [ -62.166, -25.866 ], [ -62.199, -25.866 ], [ -62.199, -25.899 ], [ -62.233, -25.899 ], [ -62.233, -25.933 ], [ -62.266, -25.933 ], [ -62.266, -25.966 ], [ -62.266, -25.999 ], [ -62.299, -25.999 ], [ -62.299, -26.033 ], [ -62.333, -26.033 ], [ -62.333, -26.066 ], [ -62.366, -26.066 ], [ -62.399, -26.066 ], [ -62.399, -26.099 ], [ -62.433, -26.099 ], [ -62.466, -26.099 ], [ -62.499, -26.099 ], [ -62.499, -26.133 ], [ -62.533, -26.133 ], [ -62.566, -26.133 ], [ -62.599, -26.133 ], [ -62.599, -26.166 ], [ -62.633, -26.166 ], [ -62.633, -26.199 ], [ -62.666, -26.199 ], [ -62.699, -26.199 ], [ -62.733, -26.199 ], [ -62.733, -26.166 ], [ -62.766, -26.166 ], [ -62.799, -26.166 ], [ -62.799, -26.199 ], [ -62.833, -26.199 ], [ -62.833, -26.233 ], [ -62.866, -26.233 ], [ -62.899, -26.233 ], [ -62.933, -26.233 ], [ -62.933, -26.266 ], [ -62.966, -26.266 ], [ -62.999, -26.266 ], [ -63.033, -26.266 ], [ -63.033, -26.299 ], [ -63.066, -26.299 ], [ -63.099, -26.299 ], [ -63.133, -26.299 ], [ -63.133, -26.333 ], [ -63.166, -26.333 ], [ -63.199, -26.333 ], [ -63.233, -26.333 ], [ -63.266, -26.333 ], [ -63.266, -26.366 ], [ -63.299, -26.366 ], [ -63.333, -26.366 ], [ -63.366, -26.366 ], [ -63.399, -26.366 ], [ -63.399, -26.399 ], [ -63.433, -26.399 ], [ -63.466, -26.399 ], [ -63.466, -26.366 ], [ -63.499, -26.366 ], [ -63.499, -26.333 ], [ -63.499, -26.299 ], [ -63.533, -26.299 ], [ -63.533, -26.333 ], [ -63.566, -26.333 ], [ -63.599, -26.333 ], [ -63.633, -26.333 ], [ -63.633, -26.366 ], [ -63.666, -26.366 ], [ -63.699, -26.366 ], [ -63.733, -26.366 ], [ -63.766, -26.366 ], [ -63.766, -26.333 ], [ -63.799, -26.333 ], [ -63.833, -26.333 ], [ -63.833, -26.299 ], [ -63.866, -26.299 ], [ -63.899, -26.299 ], [ -63.899, -26.266 ], [ -63.899, -26.233 ], [ -63.899, -26.199 ], [ -63.899, -26.166 ], [ -63.899, -26.133 ], [ -63.899, -26.099 ], [ -63.933, -26.099 ], [ -63.933, -26.066 ], [ -63.966, -26.066 ], [ -63.999, -26.066 ], [ -63.999, -26.099 ], [ -63.999, -26.133 ], [ -64.033, -26.133 ], [ -64.066, -26.133 ], [ -64.066, -26.099 ], [ -64.099, -26.099 ], [ -64.099, -26.066 ], [ -64.099, -26.033 ], [ -64.133, -26.033 ], [ -64.133, -25.999 ], [ -64.099, -25.999 ], [ -64.099, -25.966 ], [ -64.133, -25.966 ], [ -64.133, -25.933 ], [ -64.166, -25.933 ], [ -64.199, -25.933 ], [ -64.233, -25.933 ], [ -64.233, -25.899 ], [ -64.233, -25.866 ], [ -64.233, -25.833 ], [ -64.266, -25.833 ], [ -64.299, -25.833 ], [ -64.299, -25.799 ], [ -64.299, -25.766 ], [ -64.333, -25.766 ], [ -64.333, -25.733 ], [ -64.333, -25.699 ], [ -64.333, -25.666 ], [ -64.299, -25.666 ], [ -64.299, -25.633 ], [ -64.299, -25.599 ], [ -64.299, -25.566 ], [ -64.299, -25.533 ], [ -64.333, -25.533 ], [ -64.333, -25.499 ], [ -64.333, -25.466 ], [ -64.366, -25.466 ], [ -64.366, -25.433 ], [ -64.366, -25.399 ], [ -64.399, -25.399 ], [ -64.433, -25.399 ], [ -64.466, -25.399 ], [ -64.466, -25.433 ], [ -64.499, -25.433 ], [ -64.499, -25.466 ], [ -64.533, -25.466 ], [ -64.533, -25.499 ], [ -64.533, -25.533 ], [ -64.566, -25.533 ], [ -64.566, -25.566 ], [ -64.599, -25.566 ], [ -64.633, -25.566 ], [ -64.633, -25.533 ], [ -64.666, -25.533 ], [ -64.666, -25.566 ], [ -64.699, -25.566 ], [ -64.733, -25.566 ], [ -64.733, -25.533 ], [ -64.733, -25.499 ], [ -64.766, -25.499 ], [ -64.766, -25.466 ], [ -64.799, -25.466 ], [ -64.799, -25.433 ], [ -64.833, -25.433 ], [ -64.833, -25.399 ], [ -64.866, -25.399 ], [ -64.866, -25.366 ], [ -64.866, -25.333 ], [ -64.866, -25.299 ], [ -64.833, -25.299 ], [ -64.833, -25.333 ], [ -64.799, -25.333 ], [ -64.766, -25.333 ], [ -64.766, -25.299 ], [ -64.733, -25.299 ], [ -64.733, -25.266 ], [ -64.699, -25.266 ], [ -64.699, -25.233 ], [ -64.666, -25.233 ], [ -64.666, -25.199 ], [ -64.666, -25.166 ], [ -64.666, -25.133 ], [ -64.633, -25.133 ], [ -64.633, -25.099 ], [ -64.599, -25.099 ], [ -64.599, -25.066 ], [ -64.566, -25.066 ], [ -64.566, -25.033 ], [ -64.533, -25.033 ], [ -64.533, -24.999 ], [ -64.533, -24.966 ], [ -64.499, -24.966 ], [ -64.499, -24.933 ], [ -64.466, -24.933 ], [ -64.466, -24.899 ], [ -64.466, -24.866 ], [ -64.433, -24.866 ], [ -64.433, -24.833 ], [ -64.433, -24.799 ], [ -64.466, -24.799 ], [ -64.499, -24.799 ], [ -64.533, -24.799 ], [ -64.533, -24.766 ], [ -64.499, -24.766 ], [ -64.499, -24.733 ], [ -64.466, -24.733 ], [ -64.466, -24.699 ], [ -64.433, -24.699 ], [ -64.399, -24.699 ], [ -64.399, -24.666 ], [ -64.399, -24.633 ], [ -64.399, -24.599 ], [ -64.366, -24.599 ], [ -64.366, -24.566 ], [ -64.333, -24.566 ], [ -64.333, -24.533 ], [ -64.299, -24.533 ], [ -64.266, -24.533 ], [ -64.266, -24.499 ], [ -64.266, -24.466 ], [ -64.266, -24.433 ], [ -64.233, -24.433 ], [ -64.233, -24.399 ], [ -64.233, -24.366 ], [ -64.233, -24.333 ], [ -64.199, -24.333 ], [ -64.199, -24.299 ], [ -64.166, -24.299 ], [ -64.166, -24.266 ], [ -64.199, -24.266 ], [ -64.199, -24.233 ], [ -64.166, -24.233 ], [ -64.166, -24.199 ], [ -64.133, -24.199 ], [ -64.133, -24.166 ], [ -64.133, -24.133 ], [ -64.166, -24.133 ], [ -64.166, -24.099 ], [ -64.166, -24.066 ], [ -64.166, -24.033 ], [ -64.199, -24.033 ], [ -64.199, -24.066 ], [ -64.233, -24.066 ], [ -64.233, -24.033 ], [ -64.233, -23.999 ], [ -64.266, -23.999 ], [ -64.266, -23.966 ], [ -64.299, -23.966 ], [ -64.299, -23.999 ], [ -64.333, -23.999 ], [ -64.333, -23.966 ], [ -64.366, -23.966 ], [ -64.366, -23.933 ], [ -64.399, -23.933 ], [ -64.399, -23.899 ], [ -64.433, -23.899 ], [ -64.433, -23.866 ], [ -64.466, -23.866 ], [ -64.466, -23.899 ], [ -64.466, -23.933 ], [ -64.499, -23.933 ], [ -64.499, -23.966 ], [ -64.499, -23.999 ], [ -64.499, -24.033 ], [ -64.533, -24.033 ], [ -64.533, -24.066 ], [ -64.533, -24.099 ], [ -64.566, -24.099 ], [ -64.566, -24.133 ], [ -64.566, -24.166 ], [ -64.566, -24.199 ], [ -64.566, -24.233 ], [ -64.599, -24.233 ], [ -64.599, -24.266 ], [ -64.599, -24.299 ], [ -64.599, -24.333 ], [ -64.599, -24.366 ], [ -64.599, -24.399 ], [ -64.633, -24.399 ], [ -64.633, -24.433 ], [ -64.633, -24.466 ], [ -64.666, -24.466 ], [ -64.666, -24.499 ], [ -64.666, -24.533 ], [ -64.666, -24.566 ], [ -64.699, -24.566 ], [ -64.699, -24.599 ], [ -64.733, -24.599 ], [ -64.766, -24.599 ], [ -64.766, -24.633 ], [ -64.799, -24.633 ], [ -64.833, -24.633 ], [ -64.833, -24.666 ], [ -64.866, -24.666 ], [ -64.866, -24.699 ], [ -64.899, -24.699 ], [ -64.899, -24.733 ], [ -64.899, -24.766 ], [ -64.933, -24.766 ], [ -64.933, -24.799 ], [ -64.966, -24.799 ], [ -64.966, -24.833 ], [ -64.999, -24.833 ], [ -65.033, -24.833 ], [ -65.033, -24.799 ], [ -65.066, -24.799 ], [ -65.066, -24.766 ], [ -65.066, -24.733 ], [ -65.099, -24.733 ], [ -65.099, -24.699 ], [ -65.099, -24.666 ], [ -65.099, -24.633 ], [ -65.133, -24.633 ], [ -65.133, -24.599 ], [ -65.133, -24.566 ], [ -65.133, -24.533 ], [ -65.099, -24.533 ], [ -65.099, -24.499 ], [ -65.066, -24.499 ], [ -65.066, -24.466 ], [ -65.066, -24.433 ], [ -65.033, -24.433 ], [ -65.033, -24.399 ], [ -64.999, -24.399 ], [ -64.999, -24.433 ], [ -64.999, -24.466 ], [ -64.966, -24.466 ], [ -64.966, -24.499 ], [ -64.933, -24.499 ], [ -64.899, -24.499 ], [ -64.899, -24.466 ], [ -64.899, -24.433 ], [ -64.933, -24.433 ], [ -64.933, -24.399 ], [ -64.966, -24.399 ], [ -64.966, -24.366 ], [ -64.999, -24.366 ], [ -64.999, -24.333 ], [ -64.999, -24.299 ], [ -64.966, -24.299 ], [ -64.966, -24.266 ], [ -64.966, -24.233 ], [ -64.933, -24.233 ], [ -64.933, -24.199 ], [ -64.966, -24.199 ], [ -64.966, -24.166 ], [ -64.933, -24.166 ], [ -64.933, -24.133 ], [ -64.966, -24.133 ], [ -64.966, -24.099 ], [ -64.933, -24.099 ], [ -64.933, -24.066 ], [ -64.933, -24.033 ], [ -64.966, -24.033 ], [ -64.999, -24.033 ], [ -64.999, -23.999 ], [ -64.966, -23.999 ], [ -64.933, -23.999 ], [ -64.933, -23.966 ], [ -64.966, -23.966 ], [ -64.966, -23.933 ], [ -64.933, -23.933 ], [ -64.899, -23.933 ], [ -64.866, -23.933 ], [ -64.866, -23.899 ], [ -64.866, -23.866 ], [ -64.866, -23.833 ], [ -64.833, -23.833 ], [ -64.833, -23.799 ], [ -64.866, -23.799 ], [ -64.866, -23.766 ], [ -64.899, -23.766 ], [ -64.899, -23.733 ], [ -64.866, -23.733 ], [ -64.833, -23.733 ], [ -64.833, -23.766 ], [ -64.799, -23.766 ], [ -64.799, -23.733 ], [ -64.799, -23.699 ], [ -64.766, -23.699 ], [ -64.766, -23.666 ], [ -64.733, -23.666 ], [ -64.699, -23.666 ], [ -64.666, -23.666 ], [ -64.666, -23.699 ], [ -64.633, -23.699 ], [ -64.633, -23.666 ], [ -64.633, -23.633 ], [ -64.633, -23.599 ], [ -64.599, -23.599 ], [ -64.599, -23.566 ], [ -64.566, -23.566 ], [ -64.566, -23.533 ], [ -64.599, -23.533 ], [ -64.599, -23.499 ], [ -64.566, -23.499 ], [ -64.566, -23.466 ], [ -64.533, -23.466 ], [ -64.533, -23.433 ], [ -64.566, -23.433 ], [ -64.566, -23.399 ], [ -64.599, -23.399 ], [ -64.633, -23.399 ], [ -64.633, -23.366 ], [ -64.599, -23.366 ], [ -64.566, -23.366 ], [ -64.566, -23.333 ], [ -64.599, -23.333 ], [ -64.599, -23.299 ], [ -64.566, -23.299 ], [ -64.533, -23.299 ], [ -64.533, -23.266 ], [ -64.533, -23.233 ], [ -64.499, -23.233 ], [ -64.466, -23.233 ], [ -64.466, -23.199 ], [ -64.466, -23.166 ], [ -64.499, -23.166 ], [ -64.499, -23.133 ], [ -64.466, -23.133 ], [ -64.466, -23.099 ], [ -64.466, -23.066 ], [ -64.466, -23.033 ], [ -64.466, -22.999 ], [ -64.499, -22.999 ], [ -64.533, -22.999 ], [ -64.566, -22.999 ], [ -64.566, -22.966 ], [ -64.566, -22.933 ], [ -64.599, -22.933 ], [ -64.599, -22.899 ], [ -64.566, -22.899 ], [ -64.566, -22.866 ], [ -64.566, -22.833 ], [ -64.599, -22.833 ], [ -64.599, -22.799 ], [ -64.633, -22.799 ], [ -64.633, -22.766 ], [ -64.599, -22.766 ], [ -64.566, -22.766 ], [ -64.566, -22.733 ], [ -64.566, -22.699 ], [ -64.599, -22.699 ], [ -64.633, -22.699 ], [ -64.666, -22.699 ], [ -64.666, -22.666 ], [ -64.633, -22.666 ], [ -64.633, -22.633 ], [ -64.599, -22.633 ], [ -64.599, -22.666 ], [ -64.566, -22.666 ], [ -64.533, -22.666 ], [ -64.533, -22.633 ], [ -64.499, -22.633 ], [ -64.499, -22.599 ], [ -64.499, -22.566 ], [ -64.466, -22.566 ], [ -64.466, -22.533 ], [ -64.499, -22.533 ], [ -64.499, -22.499 ], [ -64.499, -22.466 ], [ -64.533, -22.466 ], [ -64.566, -22.466 ], [ -64.599, -22.466 ], [ -64.599, -22.499 ], [ -64.633, -22.499 ], [ -64.633, -22.466 ], [ -64.633, -22.433 ], [ -64.599, -22.433 ], [ -64.599, -22.399 ], [ -64.566, -22.399 ], [ -64.554, -22.387 ], [ -64.553, -22.388 ], [ -64.553, -22.390 ], [ -64.551, -22.391 ], [ -64.550, -22.391 ], [ -64.549, -22.391 ], [ -64.547, -22.391 ], [ -64.546, -22.392 ], [ -64.544, -22.393 ], [ -64.543, -22.395 ], [ -64.542, -22.395 ], [ -64.539, -22.395 ], [ -64.538, -22.396 ], [ -64.537, -22.397 ], [ -64.536, -22.398 ], [ -64.535, -22.398 ], [ -64.534, -22.400 ], [ -64.533, -22.400 ], [ -64.530, -22.400 ], [ -64.529, -22.400 ], [ -64.527, -22.401 ], [ -64.526, -22.402 ], [ -64.524, -22.405 ], [ -64.523, -22.406 ], [ -64.522, -22.407 ], [ -64.522, -22.408 ], [ -64.521, -22.409 ], [ -64.518, -22.408 ], [ -64.516, -22.410 ], [ -64.514, -22.413 ], [ -64.512, -22.415 ], [ -64.511, -22.419 ], [ -64.513, -22.423 ], [ -64.522, -22.435 ], [ -64.524, -22.440 ], [ -64.521, -22.443 ], [ -64.517, -22.445 ], [ -64.513, -22.446 ], [ -64.508, -22.443 ], [ -64.503, -22.440 ], [ -64.500, -22.441 ], [ -64.497, -22.436 ], [ -64.495, -22.435 ], [ -64.491, -22.436 ], [ -64.490, -22.438 ], [ -64.490, -22.441 ], [ -64.488, -22.447 ], [ -64.489, -22.451 ], [ -64.489, -22.457 ], [ -64.489, -22.458 ], [ -64.487, -22.458 ], [ -64.482, -22.460 ], [ -64.479, -22.460 ], [ -64.477, -22.463 ], [ -64.475, -22.468 ], [ -64.475, -22.469 ], [ -64.476, -22.470 ], [ -64.480, -22.470 ], [ -64.482, -22.471 ], [ -64.483, -22.475 ], [ -64.483, -22.479 ], [ -64.481, -22.481 ], [ -64.477, -22.481 ], [ -64.476, -22.482 ], [ -64.475, -22.488 ], [ -64.474, -22.489 ], [ -64.474, -22.489 ], [ -64.473, -22.488 ], [ -64.469, -22.487 ], [ -64.468, -22.487 ], [ -64.468, -22.488 ], [ -64.469, -22.490 ], [ -64.469, -22.492 ], [ -64.467, -22.492 ], [ -64.461, -22.491 ], [ -64.459, -22.492 ], [ -64.458, -22.496 ], [ -64.459, -22.500 ], [ -64.457, -22.503 ], [ -64.453, -22.503 ], [ -64.448, -22.503 ], [ -64.446, -22.503 ], [ -64.444, -22.506 ], [ -64.445, -22.509 ], [ -64.451, -22.515 ], [ -64.451, -22.518 ], [ -64.445, -22.521 ], [ -64.436, -22.522 ], [ -64.426, -22.522 ], [ -64.423, -22.527 ], [ -64.424, -22.531 ], [ -64.422, -22.535 ], [ -64.417, -22.535 ], [ -64.415, -22.534 ], [ -64.412, -22.533 ], [ -64.410, -22.535 ], [ -64.409, -22.538 ], [ -64.409, -22.541 ], [ -64.414, -22.548 ], [ -64.419, -22.552 ], [ -64.419, -22.553 ], [ -64.417, -22.556 ], [ -64.413, -22.556 ], [ -64.408, -22.558 ], [ -64.409, -22.562 ], [ -64.409, -22.566 ], [ -64.413, -22.571 ], [ -64.417, -22.574 ], [ -64.420, -22.577 ], [ -64.421, -22.578 ], [ -64.423, -22.579 ], [ -64.426, -22.578 ], [ -64.430, -22.578 ], [ -64.432, -22.580 ], [ -64.431, -22.582 ], [ -64.429, -22.584 ], [ -64.428, -22.586 ], [ -64.427, -22.586 ], [ -64.425, -22.586 ], [ -64.424, -22.587 ], [ -64.424, -22.588 ], [ -64.425, -22.590 ], [ -64.427, -22.594 ], [ -64.429, -22.599 ], [ -64.429, -22.601 ], [ -64.427, -22.601 ], [ -64.426, -22.602 ], [ -64.426, -22.604 ], [ -64.428, -22.607 ], [ -64.429, -22.608 ], [ -64.428, -22.610 ], [ -64.428, -22.613 ], [ -64.428, -22.616 ], [ -64.430, -22.619 ], [ -64.432, -22.621 ], [ -64.433, -22.622 ], [ -64.434, -22.623 ], [ -64.433, -22.625 ], [ -64.432, -22.629 ], [ -64.433, -22.630 ], [ -64.433, -22.631 ], [ -64.432, -22.633 ], [ -64.429, -22.632 ], [ -64.427, -22.630 ], [ -64.425, -22.629 ], [ -64.424, -22.629 ], [ -64.423, -22.631 ], [ -64.423, -22.633 ], [ -64.423, -22.635 ], [ -64.425, -22.637 ], [ -64.427, -22.639 ], [ -64.429, -22.638 ], [ -64.432, -22.635 ], [ -64.435, -22.634 ], [ -64.439, -22.635 ], [ -64.441, -22.637 ], [ -64.441, -22.639 ], [ -64.435, -22.642 ], [ -64.434, -22.644 ], [ -64.433, -22.648 ], [ -64.431, -22.651 ], [ -64.425, -22.652 ], [ -64.424, -22.652 ], [ -64.418, -22.656 ], [ -64.416, -22.655 ], [ -64.413, -22.657 ], [ -64.413, -22.659 ], [ -64.417, -22.665 ], [ -64.418, -22.670 ], [ -64.417, -22.674 ], [ -64.416, -22.678 ], [ -64.413, -22.680 ], [ -64.401, -22.682 ], [ -64.400, -22.682 ], [ -64.395, -22.686 ], [ -64.394, -22.689 ], [ -64.394, -22.691 ], [ -64.399, -22.695 ], [ -64.399, -22.700 ], [ -64.398, -22.704 ], [ -64.396, -22.707 ], [ -64.396, -22.709 ], [ -64.396, -22.710 ], [ -64.392, -22.709 ], [ -64.391, -22.709 ], [ -64.390, -22.712 ], [ -64.392, -22.713 ], [ -64.394, -22.712 ], [ -64.402, -22.716 ], [ -64.403, -22.718 ], [ -64.402, -22.719 ], [ -64.398, -22.720 ], [ -64.396, -22.719 ], [ -64.397, -22.718 ], [ -64.395, -22.717 ], [ -64.394, -22.717 ], [ -64.391, -22.722 ], [ -64.389, -22.722 ], [ -64.386, -22.721 ], [ -64.385, -22.718 ], [ -64.383, -22.717 ], [ -64.380, -22.717 ], [ -64.378, -22.719 ], [ -64.373, -22.721 ], [ -64.372, -22.723 ], [ -64.373, -22.726 ], [ -64.372, -22.727 ], [ -64.371, -22.727 ], [ -64.369, -22.726 ], [ -64.364, -22.723 ], [ -64.362, -22.723 ], [ -64.360, -22.724 ], [ -64.351, -22.731 ], [ -64.350, -22.733 ], [ -64.350, -22.735 ], [ -64.349, -22.737 ], [ -64.349, -22.738 ], [ -64.346, -22.740 ], [ -64.343, -22.745 ], [ -64.339, -22.749 ], [ -64.338, -22.753 ], [ -64.338, -22.757 ], [ -64.338, -22.761 ], [ -64.335, -22.764 ], [ -64.333, -22.767 ], [ -64.333, -22.773 ], [ -64.334, -22.783 ], [ -64.336, -22.788 ], [ -64.334, -22.794 ], [ -64.334, -22.798 ], [ -64.333, -22.801 ], [ -64.332, -22.806 ], [ -64.330, -22.811 ], [ -64.327, -22.818 ], [ -64.326, -22.822 ], [ -64.327, -22.825 ], [ -64.328, -22.831 ], [ -64.327, -22.836 ], [ -64.329, -22.837 ], [ -64.333, -22.837 ], [ -64.336, -22.838 ], [ -64.339, -22.840 ], [ -64.338, -22.843 ], [ -64.337, -22.846 ], [ -64.337, -22.847 ], [ -64.339, -22.851 ], [ -64.336, -22.854 ], [ -64.340, -22.863 ], [ -64.341, -22.864 ], [ -64.343, -22.864 ], [ -64.344, -22.870 ], [ -64.350, -22.872 ], [ -64.349, -22.874 ], [ -64.345, -22.878 ], [ -64.343, -22.879 ], [ -64.338, -22.879 ], [ -64.337, -22.880 ], [ -64.337, -22.881 ], [ -64.337, -22.883 ], [ -64.338, -22.884 ], [ -64.338, -22.885 ], [ -64.338, -22.886 ], [ -64.330, -22.890 ], [ -64.330, -22.893 ], [ -64.333, -22.895 ], [ -64.332, -22.896 ], [ -64.332, -22.898 ], [ -64.337, -22.899 ], [ -64.342, -22.899 ], [ -64.366, -22.899 ], [ -64.399, -22.899 ], [ -64.433, -22.899 ], [ -64.433, -22.933 ], [ -64.399, -22.933 ], [ -64.399, -22.966 ], [ -64.399, -22.999 ], [ -64.366, -22.999 ], [ -64.333, -22.999 ], [ -64.333, -22.966 ], [ -64.333, -22.933 ], [ -64.333, -22.912 ], [ -64.333, -22.912 ], [ -64.331, -22.913 ], [ -64.331, -22.914 ], [ -64.329, -22.913 ], [ -64.328, -22.912 ], [ -64.328, -22.909 ], [ -64.327, -22.906 ], [ -64.326, -22.904 ], [ -64.324, -22.903 ], [ -64.323, -22.901 ], [ -64.322, -22.900 ], [ -64.321, -22.900 ], [ -64.320, -22.898 ], [ -64.320, -22.896 ], [ -64.320, -22.895 ], [ -64.320, -22.893 ], [ -64.319, -22.891 ], [ -64.317, -22.889 ], [ -64.316, -22.889 ], [ -64.315, -22.887 ], [ -64.314, -22.885 ], [ -64.314, -22.884 ], [ -64.314, -22.882 ], [ -64.312, -22.879 ], [ -64.312, -22.878 ], [ -64.311, -22.876 ], [ -64.312, -22.873 ], [ -64.313, -22.871 ], [ -64.312, -22.870 ], [ -64.311, -22.869 ], [ -64.309, -22.868 ], [ -64.307, -22.866 ], [ -64.304, -22.864 ], [ -64.302, -22.863 ], [ -64.300, -22.862 ], [ -64.298, -22.862 ], [ -64.297, -22.861 ], [ -64.297, -22.860 ], [ -64.297, -22.859 ], [ -64.297, -22.858 ], [ -64.296, -22.856 ], [ -64.296, -22.851 ], [ -64.295, -22.849 ], [ -64.294, -22.847 ], [ -64.293, -22.846 ], [ -64.291, -22.845 ], [ -64.290, -22.843 ], [ -64.290, -22.842 ], [ -64.289, -22.841 ], [ -64.287, -22.841 ], [ -64.285, -22.840 ], [ -64.283, -22.839 ], [ -64.282, -22.837 ], [ -64.283, -22.834 ], [ -64.285, -22.833 ], [ -64.286, -22.832 ], [ -64.287, -22.831 ], [ -64.287, -22.830 ], [ -64.286, -22.829 ], [ -64.285, -22.828 ], [ -64.284, -22.828 ], [ -64.281, -22.827 ], [ -64.278, -22.825 ], [ -64.277, -22.823 ], [ -64.277, -22.821 ], [ -64.278, -22.819 ], [ -64.279, -22.818 ], [ -64.283, -22.816 ], [ -64.286, -22.814 ], [ -64.289, -22.811 ], [ -64.290, -22.809 ], [ -64.291, -22.806 ], [ -64.290, -22.804 ], [ -64.289, -22.802 ], [ -64.287, -22.800 ], [ -64.285, -22.799 ], [ -64.284, -22.796 ], [ -64.284, -22.795 ], [ -64.284, -22.791 ], [ -64.285, -22.788 ], [ -64.285, -22.786 ], [ -64.284, -22.784 ], [ -64.281, -22.781 ], [ -64.278, -22.778 ], [ -64.278, -22.776 ], [ -64.278, -22.774 ], [ -64.279, -22.771 ], [ -64.280, -22.769 ], [ -64.280, -22.767 ], [ -64.279, -22.765 ], [ -64.277, -22.763 ], [ -64.276, -22.761 ], [ -64.275, -22.759 ], [ -64.273, -22.757 ], [ -64.271, -22.756 ], [ -64.268, -22.754 ], [ -64.266, -22.751 ], [ -64.265, -22.749 ], [ -64.264, -22.747 ], [ -64.264, -22.745 ], [ -64.265, -22.742 ], [ -64.265, -22.740 ], [ -64.264, -22.734 ], [ -64.265, -22.732 ], [ -64.266, -22.729 ], [ -64.266, -22.723 ], [ -64.265, -22.719 ], [ -64.265, -22.715 ], [ -64.265, -22.712 ], [ -64.267, -22.710 ], [ -64.266, -22.709 ], [ -64.267, -22.707 ], [ -64.268, -22.706 ], [ -64.268, -22.702 ], [ -64.268, -22.700 ], [ -64.269, -22.699 ], [ -64.269, -22.698 ], [ -64.269, -22.697 ], [ -64.268, -22.695 ], [ -64.266, -22.693 ], [ -64.265, -22.692 ], [ -64.263, -22.692 ], [ -64.261, -22.691 ], [ -64.261, -22.690 ], [ -64.260, -22.689 ], [ -64.259, -22.687 ], [ -64.259, -22.684 ], [ -64.260, -22.683 ], [ -64.261, -22.681 ], [ -64.261, -22.680 ], [ -64.263, -22.679 ], [ -64.264, -22.678 ], [ -64.265, -22.675 ], [ -64.266, -22.674 ], [ -64.267, -22.673 ], [ -64.269, -22.672 ], [ -64.270, -22.671 ], [ -64.270, -22.668 ], [ -64.269, -22.666 ], [ -64.268, -22.665 ], [ -64.268, -22.663 ], [ -64.268, -22.662 ], [ -64.269, -22.659 ], [ -64.269, -22.657 ], [ -64.269, -22.655 ], [ -64.267, -22.653 ], [ -64.265, -22.651 ], [ -64.263, -22.648 ], [ -64.262, -22.647 ], [ -64.262, -22.645 ], [ -64.261, -22.641 ], [ -64.260, -22.637 ], [ -64.261, -22.636 ], [ -64.260, -22.634 ], [ -64.259, -22.632 ], [ -64.258, -22.632 ], [ -64.256, -22.631 ], [ -64.253, -22.630 ], [ -64.252, -22.629 ], [ -64.251, -22.627 ], [ -64.251, -22.626 ], [ -64.251, -22.623 ], [ -64.252, -22.615 ], [ -64.253, -22.611 ], [ -64.253, -22.609 ], [ -64.252, -22.609 ], [ -64.250, -22.608 ], [ -64.247, -22.608 ], [ -64.245, -22.607 ], [ -64.243, -22.606 ], [ -64.242, -22.605 ], [ -64.241, -22.604 ], [ -64.240, -22.603 ], [ -64.240, -22.601 ], [ -64.239, -22.600 ], [ -64.240, -22.598 ], [ -64.241, -22.597 ], [ -64.244, -22.595 ], [ -64.246, -22.592 ], [ -64.246, -22.591 ], [ -64.247, -22.590 ], [ -64.249, -22.587 ], [ -64.248, -22.584 ], [ -64.245, -22.582 ], [ -64.244, -22.581 ], [ -64.243, -22.571 ], [ -64.242, -22.564 ], [ -64.239, -22.558 ], [ -64.237, -22.555 ], [ -64.236, -22.553 ], [ -64.232, -22.549 ], [ -64.227, -22.545 ], [ -64.224, -22.541 ], [ -64.222, -22.536 ], [ -64.222, -22.532 ], [ -64.220, -22.530 ], [ -64.216, -22.528 ], [ -64.212, -22.523 ], [ -64.211, -22.519 ], [ -64.209, -22.514 ], [ -64.207, -22.507 ], [ -64.206, -22.504 ], [ -64.204, -22.502 ], [ -64.202, -22.501 ], [ -64.198, -22.500 ], [ -64.193, -22.498 ], [ -64.190, -22.496 ], [ -64.189, -22.494 ], [ -64.186, -22.491 ], [ -64.184, -22.489 ], [ -64.181, -22.486 ], [ -64.181, -22.483 ], [ -64.182, -22.477 ], [ -64.183, -22.473 ], [ -64.180, -22.472 ], [ -64.176, -22.471 ], [ -64.170, -22.468 ], [ -64.169, -22.464 ], [ -64.167, -22.463 ], [ -64.168, -22.459 ], [ -64.165, -22.455 ], [ -64.161, -22.452 ], [ -64.157, -22.454 ], [ -64.153, -22.453 ], [ -64.152, -22.451 ], [ -64.151, -22.448 ], [ -64.151, -22.439 ], [ -64.150, -22.434 ], [ -64.144, -22.433 ], [ -64.140, -22.432 ], [ -64.138, -22.429 ], [ -64.136, -22.426 ], [ -64.136, -22.424 ], [ -64.140, -22.423 ], [ -64.142, -22.423 ], [ -64.143, -22.422 ], [ -64.144, -22.417 ], [ -64.144, -22.414 ], [ -64.142, -22.411 ], [ -64.141, -22.408 ], [ -64.141, -22.406 ], [ -64.140, -22.405 ], [ -64.134, -22.405 ], [ -64.130, -22.405 ], [ -64.124, -22.406 ], [ -64.120, -22.405 ], [ -64.117, -22.403 ], [ -64.117, -22.402 ], [ -64.117, -22.398 ], [ -64.119, -22.392 ], [ -64.120, -22.387 ], [ -64.120, -22.382 ], [ -64.118, -22.381 ], [ -64.114, -22.381 ], [ -64.112, -22.383 ], [ -64.109, -22.382 ], [ -64.108, -22.380 ], [ -64.110, -22.375 ], [ -64.114, -22.371 ], [ -64.117, -22.363 ], [ -64.113, -22.360 ], [ -64.109, -22.359 ], [ -64.105, -22.356 ], [ -64.103, -22.352 ], [ -64.100, -22.349 ], [ -64.100, -22.345 ], [ -64.097, -22.342 ], [ -64.097, -22.340 ], [ -64.097, -22.340 ], [ -64.096, -22.339 ], [ -64.097, -22.338 ], [ -64.097, -22.336 ], [ -64.097, -22.331 ], [ -64.098, -22.328 ], [ -64.100, -22.325 ], [ -64.098, -22.322 ], [ -64.098, -22.319 ], [ -64.095, -22.316 ], [ -64.095, -22.313 ], [ -64.095, -22.308 ], [ -64.093, -22.307 ], [ -64.092, -22.308 ], [ -64.092, -22.310 ], [ -64.091, -22.310 ], [ -64.088, -22.310 ], [ -64.086, -22.309 ], [ -64.085, -22.307 ], [ -64.086, -22.305 ], [ -64.088, -22.304 ], [ -64.089, -22.302 ], [ -64.090, -22.300 ], [ -64.090, -22.297 ], [ -64.088, -22.295 ], [ -64.086, -22.292 ], [ -64.084, -22.290 ], [ -64.083, -22.288 ], [ -64.083, -22.287 ], [ -64.081, -22.286 ], [ -64.081, -22.285 ], [ -64.080, -22.284 ], [ -64.080, -22.281 ], [ -64.081, -22.279 ], [ -64.081, -22.277 ], [ -64.080, -22.276 ], [ -64.078, -22.276 ], [ -64.078, -22.278 ], [ -64.078, -22.280 ], [ -64.076, -22.281 ], [ -64.074, -22.280 ], [ -64.073, -22.279 ], [ -64.073, -22.277 ], [ -64.074, -22.275 ], [ -64.074, -22.273 ], [ -64.075, -22.270 ], [ -64.074, -22.268 ], [ -64.072, -22.266 ], [ -64.073, -22.264 ], [ -64.073, -22.263 ], [ -64.073, -22.257 ], [ -64.071, -22.256 ], [ -64.069, -22.253 ], [ -64.068, -22.251 ], [ -64.067, -22.248 ], [ -64.066, -22.246 ], [ -64.064, -22.244 ], [ -64.063, -22.240 ], [ -64.062, -22.238 ], [ -64.060, -22.237 ], [ -64.057, -22.237 ], [ -64.056, -22.238 ], [ -64.056, -22.244 ], [ -64.056, -22.245 ], [ -64.055, -22.245 ], [ -64.052, -22.244 ], [ -64.049, -22.243 ], [ -64.046, -22.244 ], [ -64.044, -22.246 ], [ -64.042, -22.246 ], [ -64.040, -22.245 ], [ -64.038, -22.244 ], [ -64.038, -22.243 ], [ -64.040, -22.243 ], [ -64.042, -22.243 ], [ -64.042, -22.243 ], [ -64.042, -22.242 ], [ -64.042, -22.240 ], [ -64.040, -22.240 ], [ -64.038, -22.241 ], [ -64.036, -22.242 ], [ -64.034, -22.243 ], [ -64.033, -22.242 ], [ -64.033, -22.238 ], [ -64.034, -22.237 ], [ -64.037, -22.237 ], [ -64.038, -22.237 ], [ -64.039, -22.235 ], [ -64.039, -22.233 ], [ -64.037, -22.233 ], [ -64.035, -22.234 ], [ -64.032, -22.234 ], [ -64.031, -22.233 ], [ -64.031, -22.226 ], [ -64.031, -22.226 ], [ -64.031, -22.225 ], [ -64.036, -22.225 ], [ -64.037, -22.225 ], [ -64.038, -22.224 ], [ -64.038, -22.220 ], [ -64.036, -22.219 ], [ -64.034, -22.219 ], [ -64.032, -22.218 ], [ -64.030, -22.217 ], [ -64.029, -22.216 ], [ -64.028, -22.215 ], [ -64.027, -22.214 ], [ -64.027, -22.213 ], [ -64.028, -22.212 ], [ -64.027, -22.211 ], [ -64.026, -22.210 ], [ -64.024, -22.209 ], [ -64.024, -22.208 ], [ -64.026, -22.208 ], [ -64.027, -22.207 ], [ -64.029, -22.206 ], [ -64.029, -22.205 ], [ -64.032, -22.200 ], [ -64.031, -22.200 ], [ -64.032, -22.198 ], [ -64.033, -22.197 ], [ -64.032, -22.195 ], [ -64.031, -22.194 ], [ -64.031, -22.193 ], [ -64.030, -22.191 ], [ -64.027, -22.190 ], [ -64.026, -22.188 ], [ -64.025, -22.187 ], [ -64.024, -22.187 ], [ -64.022, -22.186 ], [ -64.019, -22.186 ], [ -64.018, -22.186 ], [ -64.017, -22.185 ], [ -64.017, -22.184 ], [ -64.019, -22.183 ], [ -64.019, -22.182 ], [ -64.020, -22.180 ], [ -64.021, -22.179 ], [ -64.023, -22.178 ], [ -64.023, -22.176 ], [ -64.023, -22.175 ], [ -64.021, -22.174 ], [ -64.019, -22.172 ], [ -64.019, -22.170 ], [ -64.018, -22.168 ], [ -64.016, -22.167 ], [ -64.012, -22.165 ], [ -64.010, -22.165 ], [ -64.008, -22.165 ], [ -64.008, -22.163 ], [ -64.007, -22.162 ], [ -64.006, -22.160 ], [ -64.004, -22.160 ], [ -64.003, -22.159 ], [ -64.001, -22.158 ], [ -64.000, -22.157 ], [ -63.999, -22.157 ], [ -63.999, -22.156 ], [ -64.000, -22.155 ], [ -64.002, -22.155 ], [ -64.004, -22.153 ], [ -64.004, -22.151 ], [ -64.003, -22.150 ], [ -64.002, -22.150 ], [ -64.001, -22.148 ], [ -64.001, -22.147 ], [ -64.000, -22.146 ], [ -64.000, -22.144 ], [ -63.999, -22.144 ], [ -63.998, -22.144 ], [ -63.997, -22.143 ], [ -63.997, -22.141 ], [ -63.996, -22.140 ], [ -63.996, -22.139 ], [ -63.998, -22.139 ], [ -63.999, -22.138 ], [ -63.999, -22.137 ], [ -63.998, -22.136 ], [ -63.997, -22.136 ], [ -63.996, -22.134 ], [ -63.996, -22.132 ], [ -63.995, -22.132 ], [ -63.994, -22.132 ], [ -63.993, -22.132 ], [ -63.993, -22.130 ], [ -63.995, -22.130 ], [ -63.997, -22.129 ], [ -63.998, -22.127 ], [ -63.998, -22.123 ], [ -63.997, -22.121 ], [ -63.994, -22.119 ], [ -63.992, -22.118 ], [ -63.989, -22.116 ], [ -63.989, -22.114 ], [ -63.990, -22.113 ], [ -63.991, -22.113 ], [ -63.992, -22.113 ], [ -63.992, -22.112 ], [ -63.991, -22.110 ], [ -63.991, -22.108 ], [ -63.992, -22.107 ], [ -63.993, -22.106 ], [ -63.995, -22.107 ], [ -63.996, -22.108 ], [ -63.998, -22.108 ], [ -63.999, -22.107 ], [ -63.998, -22.104 ], [ -63.995, -22.104 ], [ -63.991, -22.104 ], [ -63.988, -22.106 ], [ -63.989, -22.108 ], [ -63.988, -22.109 ], [ -63.986, -22.109 ], [ -63.985, -22.108 ], [ -63.985, -22.107 ], [ -63.985, -22.106 ], [ -63.985, -22.104 ], [ -63.986, -22.103 ], [ -63.989, -22.104 ], [ -63.990, -22.104 ], [ -63.990, -22.102 ], [ -63.989, -22.100 ], [ -63.989, -22.098 ], [ -63.988, -22.097 ], [ -63.987, -22.095 ], [ -63.986, -22.093 ], [ -63.984, -22.091 ], [ -63.982, -22.090 ], [ -63.980, -22.090 ], [ -63.978, -22.090 ], [ -63.978, -22.091 ], [ -63.977, -22.092 ], [ -63.976, -22.092 ], [ -63.976, -22.091 ], [ -63.975, -22.090 ], [ -63.966, -22.099 ], [ -63.933, -22.099 ], [ -63.933, -22.133 ], [ -63.933, -22.166 ], [ -63.933, -22.199 ], [ -63.899, -22.199 ], [ -63.899, -22.233 ], [ -63.899, -22.266 ], [ -63.866, -22.266 ], [ -63.833, -22.266 ], [ -63.799, -22.266 ], [ -63.799, -22.233 ], [ -63.766, -22.233 ], [ -63.733, -22.233 ], [ -63.733, -22.199 ], [ -63.699, -22.199 ], [ -63.666, -22.199 ], [ -63.633, -22.199 ], [ -63.599, -22.199 ], [ -63.566, -22.199 ], [ -63.566, -22.166 ], [ -63.533, -22.166 ], [ -63.533, -22.133 ], [ -63.533, -22.099 ], [ -63.566, -22.099 ], [ -63.566, -22.066 ], [ -63.533, -22.066 ], [ -63.533, -22.033 ], [ -63.499, -22.033 ], [ -63.466, -22.033 ], [ -63.466, -22.000 ], [ -63.133, -21.999 ], [ -63.099, -21.999 ], [ -63.099, -22.033 ], [ -63.133, -22.033 ], [ -63.133, -22.066 ], [ -63.133, -22.099 ], [ -63.166, -22.099 ], [ -63.166, -22.133 ], [ -63.166, -22.166 ], [ -63.199, -22.166 ], [ -63.233, -22.166 ], [ -63.233, -22.199 ], [ -63.266, -22.199 ], [ -63.266, -22.233 ], [ -63.299, -22.233 ], [ -63.299, -22.266 ], [ -63.299, -22.299 ], [ -63.333, -22.299 ], [ -63.333, -22.333 ], [ -63.333, -22.366 ], [ -63.333, -22.399 ], [ -63.366, -22.399 ], [ -63.366, -22.433 ], [ -63.399, -22.433 ], [ -63.399, -22.466 ], [ -63.399, -22.499 ], [ -63.433, -22.499 ], [ -63.433, -22.533 ], [ -63.466, -22.533 ], [ -63.499, -22.533 ], [ -63.499, -22.566 ], [ -63.533, -22.566 ], [ -63.533, -22.599 ], [ -63.533, -22.633 ], [ -63.533, -22.666 ], [ -63.566, -22.666 ], [ -63.566, -22.699 ], [ -63.566, -22.733 ], [ -63.566, -22.766 ], [ -63.599, -22.766 ], [ -63.599, -22.799 ], [ -63.633, -22.799 ], [ -63.666, -22.799 ], [ -63.666, -22.833 ], [ -63.666, -22.866 ], [ -63.699, -22.866 ], [ -63.733, -22.866 ], [ -63.733, -22.899 ], [ -63.766, -22.899 ], [ -63.799, -22.899 ], [ -63.799, -22.933 ], [ -63.833, -22.933 ], [ -63.866, -22.933 ], [ -63.899, -22.933 ], [ -63.933, -22.933 ], [ -63.966, -22.933 ], [ -63.966, -22.966 ], [ -63.966, -22.999 ], [ -63.999, -22.999 ], [ -63.999, -23.033 ], [ -64.033, -23.033 ], [ -64.066, -23.033 ], [ -64.066, -23.066 ], [ -64.066, -23.099 ], [ -64.066, -23.133 ], [ -64.099, -23.133 ], [ -64.099, -23.166 ], [ -64.099, -23.199 ], [ -64.099, -23.233 ], [ -64.133, -23.233 ], [ -64.133, -23.266 ], [ -64.166, -23.266 ], [ -64.166, -23.299 ], [ -64.166, -23.333 ], [ -64.199, -23.333 ], [ -64.233, -23.333 ], [ -64.233, -23.366 ], [ -64.266, -23.366 ], [ -64.266, -23.399 ], [ -64.299, -23.399 ], [ -64.333, -23.399 ], [ -64.366, -23.399 ], [ -64.366, -23.433 ], [ -64.366, -23.466 ], [ -64.366, -23.499 ], [ -64.366, -23.533 ], [ -64.399, -23.533 ], [ -64.433, -23.533 ], [ -64.433, -23.566 ], [ -64.433, -23.599 ], [ -64.466, -23.599 ], [ -64.466, -23.566 ], [ -64.499, -23.566 ], [ -64.499, -23.599 ], [ -64.499, -23.633 ], [ -64.533, -23.633 ], [ -64.533, -23.666 ], [ -64.566, -23.666 ], [ -64.566, -23.699 ], [ -64.599, -23.699 ], [ -64.599, -23.733 ], [ -64.633, -23.733 ], [ -64.666, -23.733 ], [ -64.699, -23.733 ], [ -64.733, -23.733 ], [ -64.766, -23.733 ], [ -64.766, -23.766 ], [ -64.766, -23.799 ], [ -64.799, -23.799 ], [ -64.799, -23.833 ], [ -64.799, -23.866 ], [ -64.833, -23.866 ], [ -64.833, -23.899 ], [ -64.833, -23.933 ], [ -64.833, -23.966 ], [ -64.799, -23.966 ], [ -64.799, -23.999 ], [ -64.799, -24.033 ], [ -64.833, -24.033 ], [ -64.833, -24.066 ], [ -64.833, -24.099 ], [ -64.833, -24.133 ], [ -64.866, -24.133 ], [ -64.866, -24.166 ], [ -64.866, -24.199 ], [ -64.833, -24.199 ], [ -64.799, -24.199 ], [ -64.799, -24.233 ], [ -64.799, -24.266 ], [ -64.799, -24.299 ], [ -64.799, -24.333 ], [ -64.799, -24.366 ], [ -64.799, -24.399 ] ], [ [ -63.999, -22.399 ], [ -63.999, -22.366 ], [ -64.033, -22.366 ], [ -64.066, -22.366 ], [ -64.066, -22.399 ], [ -64.099, -22.399 ], [ -64.099, -22.433 ], [ -64.099, -22.466 ], [ -64.133, -22.466 ], [ -64.133, -22.499 ], [ -64.133, -22.533 ], [ -64.133, -22.566 ], [ -64.133, -22.599 ], [ -64.133, -22.633 ], [ -64.133, -22.666 ], [ -64.166, -22.666 ], [ -64.166, -22.699 ], [ -64.166, -22.733 ], [ -64.199, -22.733 ], [ -64.199, -22.766 ], [ -64.199, -22.799 ], [ -64.166, -22.799 ], [ -64.166, -22.833 ], [ -64.199, -22.833 ], [ -64.199, -22.866 ], [ -64.199, -22.899 ], [ -64.233, -22.899 ], [ -64.233, -22.933 ], [ -64.233, -22.966 ], [ -64.199, -22.966 ], [ -64.199, -22.999 ], [ -64.166, -22.999 ], [ -64.166, -22.966 ], [ -64.166, -22.933 ], [ -64.166, -22.899 ], [ -64.166, -22.866 ], [ -64.133, -22.866 ], [ -64.133, -22.833 ], [ -64.133, -22.799 ], [ -64.133, -22.766 ], [ -64.133, -22.733 ], [ -64.133, -22.699 ], [ -64.099, -22.699 ], [ -64.099, -22.666 ], [ -64.099, -22.633 ], [ -64.099, -22.599 ], [ -64.066, -22.599 ], [ -64.066, -22.566 ], [ -64.066, -22.533 ], [ -64.066, -22.499 ], [ -64.033, -22.499 ], [ -64.033, -22.466 ], [ -64.033, -22.433 ], [ -63.999, -22.433 ], [ -63.999, -22.399 ] ] ], [ [ [ -62.999, -22.033 ], [ -63.033, -22.033 ], [ -63.033, -21.999 ], [ -62.966, -21.999 ], [ -62.966, -22.033 ], [ -62.999, -22.033 ] ] ], [ [ [ -62.866, -22.033 ], [ -62.899, -22.033 ], [ -62.899, -21.999 ], [ -62.806, -21.999 ], [ -62.801, -22.007 ], [ -62.801, -22.017 ], [ -62.805, -22.025 ], [ -62.817, -22.033 ], [ -62.833, -22.033 ], [ -62.866, -22.033 ] ] ] ] } }
]
}
