{
"type": "FeatureCollection",
                                                                                                                                  
"features": [
{ "type": "Feature", "properties": { "pm_icon": "AR_10a", "hzs": "10a" }, "geometry": { "type": "MultiPolygon", "coordinates": [ [ [ [ -71.499, -41.366 ], [ -71.533, -41.366 ], [ -71.533, -41.333 ], [ -71.499, -41.333 ], [ -71.499, -41.366 ] ] ], [ [ [ -71.433, -41.233 ], [ -71.433, -41.266 ], [ -71.466, -41.266 ], [ -71.466, -41.233 ], [ -71.433, -41.233 ] ] ], [ [ [ -71.433, -41.233 ], [ -71.433, -41.199 ], [ -71.399, -41.199 ], [ -71.399, -41.233 ], [ -71.433, -41.233 ] ] ], [ [ [ -71.433, -41.133 ], [ -71.466, -41.133 ], [ -71.466, -41.099 ], [ -71.433, -41.099 ], [ -71.433, -41.133 ] ] ], [ [ [ -62.533, -37.833 ], [ -62.566, -37.833 ], [ -62.566, -37.799 ], [ -62.533, -37.799 ], [ -62.533, -37.833 ] ] ], [ [ [ -62.699, -37.266 ], [ -62.733, -37.266 ], [ -62.733, -37.233 ], [ -62.699, -37.233 ], [ -62.699, -37.266 ] ] ], [ [ [ -62.533, -37.166 ], [ -62.533, -37.199 ], [ -62.499, -37.199 ], [ -62.466, -37.199 ], [ -62.466, -37.233 ], [ -62.433, -37.233 ], [ -62.433, -37.266 ], [ -62.399, -37.266 ], [ -62.366, -37.266 ], [ -62.366, -37.299 ], [ -62.333, -37.299 ], [ -62.333, -37.333 ], [ -62.299, -37.333 ], [ -62.299, -37.366 ], [ -62.266, -37.366 ], [ -62.266, -37.399 ], [ -62.266, -37.433 ], [ -62.233, -37.433 ], [ -62.233, -37.466 ], [ -62.233, -37.499 ], [ -62.199, -37.499 ], [ -62.199, -37.533 ], [ -62.199, -37.566 ], [ -62.199, -37.599 ], [ -62.233, -37.599 ], [ -62.233, -37.633 ], [ -62.266, -37.633 ], [ -62.266, -37.666 ], [ -62.299, -37.666 ], [ -62.333, -37.666 ], [ -62.333, -37.699 ], [ -62.333, -37.733 ], [ -62.333, -37.766 ], [ -62.366, -37.766 ], [ -62.366, -37.799 ], [ -62.399, -37.799 ], [ -62.433, -37.799 ], [ -62.466, -37.799 ], [ -62.499, -37.799 ], [ -62.499, -37.766 ], [ -62.533, -37.766 ], [ -62.566, -37.766 ], [ -62.566, -37.733 ], [ -62.599, -37.733 ], [ -62.599, -37.699 ], [ -62.599, -37.666 ], [ -62.566, -37.666 ], [ -62.566, -37.633 ], [ -62.533, -37.633 ], [ -62.533, -37.599 ], [ -62.566, -37.599 ], [ -62.599, -37.599 ], [ -62.633, -37.599 ], [ -62.633, -37.566 ], [ -62.666, -37.566 ], [ -62.699, -37.566 ], [ -62.699, -37.533 ], [ -62.699, -37.499 ], [ -62.733, -37.499 ], [ -62.733, -37.466 ], [ -62.733, -37.433 ], [ -62.733, -37.399 ], [ -62.733, -37.366 ], [ -62.699, -37.366 ], [ -62.699, -37.333 ], [ -62.666, -37.333 ], [ -62.666, -37.299 ], [ -62.633, -37.299 ], [ -62.633, -37.266 ], [ -62.599, -37.266 ], [ -62.599, -37.233 ], [ -62.566, -37.233 ], [ -62.566, -37.199 ], [ -62.566, -37.166 ], [ -62.533, -37.166 ] ] ], [ [ [ -57.499, -35.299 ], [ -57.499, -35.333 ], [ -57.499, -35.366 ], [ -57.499, -35.399 ], [ -57.499, -35.433 ], [ -57.499, -35.466 ], [ -57.499, -35.499 ], [ -57.499, -35.533 ], [ -57.466, -35.533 ], [ -57.466, -35.566 ], [ -57.433, -35.566 ], [ -57.433, -35.599 ], [ -57.399, -35.599 ], [ -57.366, -35.599 ], [ -57.366, -35.633 ], [ -57.333, -35.633 ], [ -57.299, -35.633 ], [ -57.299, -35.666 ], [ -57.279, -35.687 ], [ -57.285, -35.695 ], [ -57.304, -35.715 ], [ -57.328, -35.752 ], [ -57.332, -35.765 ], [ -57.334, -35.779 ], [ -57.337, -35.786 ], [ -57.338, -35.798 ], [ -57.343, -35.807 ], [ -57.347, -35.830 ], [ -57.351, -35.840 ], [ -57.355, -35.855 ], [ -57.349, -35.872 ], [ -57.348, -35.891 ], [ -57.342, -35.905 ], [ -57.341, -35.920 ], [ -57.342, -35.929 ], [ -57.334, -35.948 ], [ -57.334, -35.956 ], [ -57.338, -35.964 ], [ -57.332, -35.980 ], [ -57.325, -35.989 ], [ -57.317, -36.008 ], [ -57.308, -36.015 ], [ -57.300, -36.030 ], [ -57.291, -36.039 ], [ -57.288, -36.046 ], [ -57.287, -36.053 ], [ -57.277, -36.073 ], [ -57.259, -36.094 ], [ -57.245, -36.121 ], [ -57.227, -36.140 ], [ -57.215, -36.149 ], [ -57.209, -36.156 ], [ -57.192, -36.170 ], [ -57.184, -36.178 ], [ -57.170, -36.188 ], [ -57.150, -36.206 ], [ -57.134, -36.218 ], [ -57.125, -36.227 ], [ -57.087, -36.255 ], [ -57.053, -36.274 ], [ -56.998, -36.300 ], [ -56.964, -36.305 ], [ -56.923, -36.305 ], [ -56.909, -36.307 ], [ -56.884, -36.302 ], [ -56.866, -36.300 ], [ -56.817, -36.303 ], [ -56.811, -36.302 ], [ -56.806, -36.285 ], [ -56.802, -36.279 ], [ -56.795, -36.274 ], [ -56.786, -36.270 ], [ -56.776, -36.268 ], [ -56.759, -36.271 ], [ -56.735, -36.281 ], [ -56.719, -36.295 ], [ -56.704, -36.312 ], [ -56.698, -36.325 ], [ -56.683, -36.349 ], [ -56.676, -36.366 ], [ -56.666, -36.404 ], [ -56.657, -36.485 ], [ -56.653, -36.566 ], [ -56.699, -36.566 ], [ -56.733, -36.566 ], [ -56.733, -36.533 ], [ -56.766, -36.533 ], [ -56.799, -36.533 ], [ -56.833, -36.533 ], [ -56.833, -36.499 ], [ -56.866, -36.499 ], [ -56.899, -36.499 ], [ -56.899, -36.466 ], [ -56.933, -36.466 ], [ -56.966, -36.466 ], [ -56.999, -36.466 ], [ -56.999, -36.433 ], [ -57.033, -36.433 ], [ -57.033, -36.399 ], [ -57.066, -36.399 ], [ -57.066, -36.366 ], [ -57.099, -36.366 ], [ -57.133, -36.366 ], [ -57.166, -36.366 ], [ -57.166, -36.333 ], [ -57.199, -36.333 ], [ -57.199, -36.299 ], [ -57.233, -36.299 ], [ -57.233, -36.266 ], [ -57.233, -36.233 ], [ -57.266, -36.233 ], [ -57.266, -36.199 ], [ -57.299, -36.199 ], [ -57.299, -36.166 ], [ -57.333, -36.166 ], [ -57.333, -36.133 ], [ -57.366, -36.133 ], [ -57.366, -36.099 ], [ -57.399, -36.099 ], [ -57.433, -36.099 ], [ -57.433, -36.066 ], [ -57.466, -36.066 ], [ -57.466, -36.033 ], [ -57.499, -36.033 ], [ -57.499, -35.999 ], [ -57.533, -35.999 ], [ -57.566, -35.999 ], [ -57.566, -35.966 ], [ -57.599, -35.966 ], [ -57.633, -35.966 ], [ -57.633, -35.933 ], [ -57.666, -35.933 ], [ -57.699, -35.933 ], [ -57.699, -35.899 ], [ -57.733, -35.899 ], [ -57.766, -35.899 ], [ -57.766, -35.866 ], [ -57.799, -35.866 ], [ -57.799, -35.833 ], [ -57.833, -35.833 ], [ -57.866, -35.833 ], [ -57.866, -35.799 ], [ -57.899, -35.799 ], [ -57.933, -35.799 ], [ -57.966, -35.799 ], [ -57.999, -35.799 ], [ -57.999, -35.766 ], [ -58.033, -35.766 ], [ -58.033, -35.733 ], [ -58.066, -35.733 ], [ -58.066, -35.699 ], [ -58.066, -35.666 ], [ -58.099, -35.666 ], [ -58.099, -35.633 ], [ -58.099, -35.599 ], [ -58.133, -35.599 ], [ -58.133, -35.566 ], [ -58.133, -35.533 ], [ -58.166, -35.533 ], [ -58.166, -35.499 ], [ -58.166, -35.466 ], [ -58.166, -35.433 ], [ -58.133, -35.433 ], [ -58.133, -35.399 ], [ -58.133, -35.366 ], [ -58.166, -35.366 ], [ -58.166, -35.333 ], [ -58.199, -35.333 ], [ -58.233, -35.333 ], [ -58.233, -35.299 ], [ -58.266, -35.299 ], [ -58.299, -35.299 ], [ -58.299, -35.266 ], [ -58.299, -35.233 ], [ -58.333, -35.233 ], [ -58.333, -35.199 ], [ -58.299, -35.199 ], [ -58.266, -35.199 ], [ -58.233, -35.199 ], [ -58.233, -35.233 ], [ -58.199, -35.233 ], [ -58.166, -35.233 ], [ -58.166, -35.266 ], [ -58.133, -35.266 ], [ -58.099, -35.266 ], [ -58.099, -35.299 ], [ -58.066, -35.299 ], [ -58.033, -35.299 ], [ -57.999, -35.299 ], [ -57.999, -35.266 ], [ -57.966, -35.266 ], [ -57.933, -35.266 ], [ -57.899, -35.266 ], [ -57.866, -35.266 ], [ -57.866, -35.233 ], [ -57.833, -35.233 ], [ -57.799, -35.233 ], [ -57.799, -35.199 ], [ -57.766, -35.199 ], [ -57.766, -35.166 ], [ -57.733, -35.166 ], [ -57.733, -35.133 ], [ -57.733, -35.099 ], [ -57.699, -35.099 ], [ -57.699, -35.066 ], [ -57.666, -35.066 ], [ -57.666, -35.033 ], [ -57.666, -34.999 ], [ -57.666, -34.966 ], [ -57.666, -34.910 ], [ -57.654, -34.915 ], [ -57.623, -34.935 ], [ -57.571, -34.972 ], [ -57.551, -34.980 ], [ -57.517, -34.989 ], [ -57.488, -35.002 ], [ -57.449, -35.034 ], [ -57.410, -35.062 ], [ -57.385, -35.084 ], [ -57.373, -35.091 ], [ -57.346, -35.113 ], [ -57.366, -35.133 ], [ -57.399, -35.133 ], [ -57.399, -35.166 ], [ -57.433, -35.166 ], [ -57.433, -35.199 ], [ -57.466, -35.199 ], [ -57.466, -35.233 ], [ -57.466, -35.266 ], [ -57.499, -35.266 ], [ -57.499, -35.299 ] ] ], [ [ [ -57.940, -34.442 ], [ -57.940, -34.443 ], [ -57.944, -34.441 ], [ -57.949, -34.436 ], [ -57.951, -34.432 ], [ -57.940, -34.442 ] ] ], [ [ [ -58.517, -33.665 ], [ -58.517, -33.674 ], [ -58.519, -33.686 ], [ -58.516, -33.696 ], [ -58.509, -33.701 ], [ -58.501, -33.711 ], [ -58.493, -33.729 ], [ -58.485, -33.737 ], [ -58.475, -33.753 ], [ -58.459, -33.765 ], [ -58.459, -33.766 ], [ -58.457, -33.780 ], [ -58.459, -33.803 ], [ -58.459, -33.811 ], [ -58.460, -33.814 ], [ -58.456, -33.817 ], [ -58.449, -33.819 ], [ -58.445, -33.823 ], [ -58.443, -33.827 ], [ -58.441, -33.831 ], [ -58.440, -33.833 ], [ -58.439, -33.835 ], [ -58.437, -33.837 ], [ -58.436, -33.841 ], [ -58.436, -33.853 ], [ -58.435, -33.866 ], [ -58.432, -33.882 ], [ -58.427, -33.892 ], [ -58.426, -33.900 ], [ -58.425, -33.902 ], [ -58.423, -33.911 ], [ -58.421, -33.916 ], [ -58.417, -33.924 ], [ -58.402, -33.951 ], [ -58.399, -33.966 ], [ -58.399, -33.987 ], [ -58.404, -33.995 ], [ -58.410, -33.999 ], [ -58.387, -34.003 ], [ -58.345, -34.038 ], [ -58.333, -34.102 ], [ -58.323, -34.122 ], [ -58.318, -34.149 ], [ -58.251, -34.200 ], [ -58.218, -34.216 ], [ -58.217, -34.217 ], [ -58.222, -34.228 ], [ -58.216, -34.245 ], [ -58.218, -34.258 ], [ -58.226, -34.268 ], [ -58.234, -34.273 ], [ -58.238, -34.280 ], [ -58.245, -34.287 ], [ -58.263, -34.296 ], [ -58.277, -34.298 ], [ -58.290, -34.295 ], [ -58.298, -34.291 ], [ -58.315, -34.276 ], [ -58.329, -34.277 ], [ -58.346, -34.272 ], [ -58.354, -34.266 ], [ -58.360, -34.257 ], [ -58.371, -34.271 ], [ -58.389, -34.288 ], [ -58.402, -34.293 ], [ -58.420, -34.294 ], [ -58.428, -34.295 ], [ -58.428, -34.300 ], [ -58.420, -34.303 ], [ -58.412, -34.308 ], [ -58.406, -34.315 ], [ -58.404, -34.322 ], [ -58.404, -34.336 ], [ -58.413, -34.351 ], [ -58.409, -34.363 ], [ -58.410, -34.374 ], [ -58.424, -34.400 ], [ -58.430, -34.407 ], [ -58.442, -34.413 ], [ -58.455, -34.415 ], [ -58.461, -34.420 ], [ -58.461, -34.428 ], [ -58.467, -34.448 ], [ -58.462, -34.455 ], [ -58.452, -34.468 ], [ -58.448, -34.478 ], [ -58.446, -34.488 ], [ -58.437, -34.504 ], [ -58.466, -34.533 ], [ -58.466, -34.566 ], [ -58.466, -34.599 ], [ -58.466, -34.633 ], [ -58.433, -34.633 ], [ -58.399, -34.633 ], [ -58.366, -34.633 ], [ -58.333, -34.633 ], [ -58.308, -34.608 ], [ -58.299, -34.633 ], [ -58.297, -34.635 ], [ -58.284, -34.643 ], [ -58.229, -34.672 ], [ -58.217, -34.673 ], [ -58.207, -34.678 ], [ -58.193, -34.691 ], [ -58.188, -34.698 ], [ -58.178, -34.707 ], [ -58.172, -34.715 ], [ -58.165, -34.718 ], [ -58.154, -34.721 ], [ -58.136, -34.721 ], [ -58.110, -34.723 ], [ -58.087, -34.731 ], [ -58.058, -34.745 ], [ -58.049, -34.748 ], [ -58.017, -34.751 ], [ -57.995, -34.757 ], [ -57.983, -34.764 ], [ -57.979, -34.766 ], [ -57.999, -34.766 ], [ -57.999, -34.799 ], [ -58.033, -34.799 ], [ -58.033, -34.833 ], [ -58.066, -34.833 ], [ -58.099, -34.833 ], [ -58.099, -34.866 ], [ -58.133, -34.866 ], [ -58.133, -34.899 ], [ -58.166, -34.899 ], [ -58.199, -34.899 ], [ -58.199, -34.933 ], [ -58.233, -34.933 ], [ -58.266, -34.933 ], [ -58.299, -34.933 ], [ -58.299, -34.899 ], [ -58.333, -34.899 ], [ -58.333, -34.866 ], [ -58.366, -34.866 ], [ -58.366, -34.833 ], [ -58.366, -34.799 ], [ -58.399, -34.799 ], [ -58.399, -34.766 ], [ -58.433, -34.766 ], [ -58.466, -34.766 ], [ -58.466, -34.733 ], [ -58.499, -34.733 ], [ -58.533, -34.733 ], [ -58.566, -34.733 ], [ -58.599, -34.733 ], [ -58.633, -34.733 ], [ -58.666, -34.733 ], [ -58.666, -34.766 ], [ -58.699, -34.766 ], [ -58.699, -34.799 ], [ -58.733, -34.799 ], [ -58.766, -34.799 ], [ -58.766, -34.833 ], [ -58.766, -34.866 ], [ -58.799, -34.866 ], [ -58.833, -34.866 ], [ -58.866, -34.866 ], [ -58.866, -34.833 ], [ -58.899, -34.833 ], [ -58.899, -34.799 ], [ -58.933, -34.799 ], [ -58.966, -34.799 ], [ -58.999, -34.799 ], [ -59.033, -34.799 ], [ -59.033, -34.766 ], [ -59.066, -34.766 ], [ -59.066, -34.733 ], [ -59.066, -34.699 ], [ -59.066, -34.666 ], [ -59.099, -34.666 ], [ -59.099, -34.633 ], [ -59.066, -34.633 ], [ -59.066, -34.599 ], [ -59.099, -34.599 ], [ -59.133, -34.599 ], [ -59.166, -34.599 ], [ -59.166, -34.566 ], [ -59.133, -34.566 ], [ -59.133, -34.533 ], [ -59.133, -34.499 ], [ -59.099, -34.499 ], [ -59.066, -34.499 ], [ -59.066, -34.466 ], [ -59.066, -34.433 ], [ -59.033, -34.433 ], [ -59.033, -34.399 ], [ -59.066, -34.399 ], [ -59.066, -34.366 ], [ -59.099, -34.366 ], [ -59.133, -34.366 ], [ -59.166, -34.366 ], [ -59.166, -34.333 ], [ -59.133, -34.333 ], [ -59.133, -34.299 ], [ -59.099, -34.299 ], [ -59.099, -34.266 ], [ -59.099, -34.233 ], [ -59.099, -34.199 ], [ -59.066, -34.199 ], [ -59.066, -34.166 ], [ -59.066, -34.133 ], [ -59.033, -34.133 ], [ -59.033, -34.099 ], [ -59.066, -34.099 ], [ -59.066, -34.066 ], [ -59.099, -34.066 ], [ -59.099, -34.033 ], [ -59.133, -34.033 ], [ -59.166, -34.033 ], [ -59.166, -33.999 ], [ -59.166, -33.966 ], [ -59.199, -33.966 ], [ -59.233, -33.966 ], [ -59.266, -33.966 ], [ -59.266, -33.933 ], [ -59.299, -33.933 ], [ -59.333, -33.933 ], [ -59.333, -33.899 ], [ -59.299, -33.899 ], [ -59.299, -33.866 ], [ -59.299, -33.833 ], [ -59.299, -33.799 ], [ -59.299, -33.766 ], [ -59.299, -33.733 ], [ -59.266, -33.733 ], [ -59.266, -33.699 ], [ -59.266, -33.666 ], [ -59.233, -33.666 ], [ -59.233, -33.699 ], [ -59.199, -33.699 ], [ -59.166, -33.699 ], [ -59.166, -33.666 ], [ -59.199, -33.666 ], [ -59.199, -33.633 ], [ -59.166, -33.633 ], [ -59.133, -33.633 ], [ -59.099, -33.633 ], [ -59.066, -33.633 ], [ -59.033, -33.633 ], [ -58.999, -33.633 ], [ -58.966, -33.633 ], [ -58.933, -33.633 ], [ -58.899, -33.633 ], [ -58.866, -33.633 ], [ -58.866, -33.666 ], [ -58.833, -33.666 ], [ -58.799, -33.666 ], [ -58.799, -33.633 ], [ -58.766, -33.633 ], [ -58.733, -33.633 ], [ -58.699, -33.633 ], [ -58.666, -33.633 ], [ -58.666, -33.599 ], [ -58.633, -33.599 ], [ -58.599, -33.599 ], [ -58.566, -33.599 ], [ -58.533, -33.599 ], [ -58.507, -33.625 ], [ -58.508, -33.630 ], [ -58.512, -33.641 ], [ -58.513, -33.654 ], [ -58.517, -33.665 ] ], [ [ -58.833, -34.366 ], [ -58.833, -34.399 ], [ -58.799, -34.399 ], [ -58.799, -34.433 ], [ -58.799, -34.466 ], [ -58.799, -34.499 ], [ -58.799, -34.533 ], [ -58.799, -34.566 ], [ -58.766, -34.566 ], [ -58.733, -34.566 ], [ -58.699, -34.566 ], [ -58.699, -34.533 ], [ -58.666, -34.533 ], [ -58.633, -34.533 ], [ -58.599, -34.533 ], [ -58.566, -34.533 ], [ -58.566, -34.499 ], [ -58.533, -34.499 ], [ -58.533, -34.466 ], [ -58.533, -34.433 ], [ -58.533, -34.399 ], [ -58.566, -34.399 ], [ -58.566, -34.366 ], [ -58.599, -34.366 ], [ -58.599, -34.333 ], [ -58.633, -34.333 ], [ -58.666, -34.333 ], [ -58.699, -34.333 ], [ -58.733, -34.333 ], [ -58.766, -34.333 ], [ -58.799, -34.333 ], [ -58.833, -34.333 ], [ -58.833, -34.366 ] ] ], [ [ [ -59.499, -33.633 ], [ -59.533, -33.633 ], [ -59.533, -33.599 ], [ -59.533, -33.566 ], [ -59.499, -33.566 ], [ -59.466, -33.566 ], [ -59.466, -33.599 ], [ -59.499, -33.599 ], [ -59.499, -33.633 ] ] ], [ [ [ -59.399, -33.533 ], [ -59.399, -33.566 ], [ -59.433, -33.566 ], [ -59.433, -33.533 ], [ -59.466, -33.533 ], [ -59.466, -33.499 ], [ -59.433, -33.499 ], [ -59.433, -33.466 ], [ -59.399, -33.466 ], [ -59.366, -33.466 ], [ -59.333, -33.466 ], [ -59.333, -33.499 ], [ -59.366, -33.499 ], [ -59.366, -33.533 ], [ -59.399, -33.533 ] ] ], [ [ [ -59.199, -33.399 ], [ -59.233, -33.399 ], [ -59.233, -33.366 ], [ -59.199, -33.366 ], [ -59.199, -33.399 ] ] ], [ [ [ -67.133, -33.366 ], [ -67.166, -33.366 ], [ -67.166, -33.333 ], [ -67.133, -33.333 ], [ -67.133, -33.366 ] ] ], [ [ [ -67.166, -33.233 ], [ -67.199, -33.233 ], [ -67.199, -33.199 ], [ -67.166, -33.199 ], [ -67.166, -33.233 ] ] ], [ [ [ -66.499, -33.199 ], [ -66.499, -33.233 ], [ -66.466, -33.233 ], [ -66.466, -33.266 ], [ -66.466, -33.299 ], [ -66.466, -33.333 ], [ -66.466, -33.366 ], [ -66.433, -33.366 ], [ -66.433, -33.399 ], [ -66.433, -33.433 ], [ -66.399, -33.433 ], [ -66.399, -33.466 ], [ -66.399, -33.499 ], [ -66.399, -33.533 ], [ -66.433, -33.533 ], [ -66.433, -33.566 ], [ -66.433, -33.599 ], [ -66.433, -33.633 ], [ -66.466, -33.633 ], [ -66.466, -33.666 ], [ -66.466, -33.699 ], [ -66.499, -33.699 ], [ -66.499, -33.733 ], [ -66.499, -33.766 ], [ -66.533, -33.766 ], [ -66.566, -33.766 ], [ -66.566, -33.799 ], [ -66.599, -33.799 ], [ -66.633, -33.799 ], [ -66.666, -33.799 ], [ -66.666, -33.833 ], [ -66.699, -33.833 ], [ -66.733, -33.833 ], [ -66.733, -33.799 ], [ -66.766, -33.799 ], [ -66.766, -33.766 ], [ -66.766, -33.733 ], [ -66.799, -33.733 ], [ -66.799, -33.699 ], [ -66.833, -33.699 ], [ -66.833, -33.666 ], [ -66.866, -33.666 ], [ -66.866, -33.633 ], [ -66.866, -33.599 ], [ -66.833, -33.599 ], [ -66.833, -33.566 ], [ -66.799, -33.566 ], [ -66.799, -33.533 ], [ -66.799, -33.499 ], [ -66.766, -33.499 ], [ -66.766, -33.466 ], [ -66.766, -33.433 ], [ -66.766, -33.399 ], [ -66.733, -33.399 ], [ -66.733, -33.366 ], [ -66.733, -33.333 ], [ -66.699, -33.333 ], [ -66.699, -33.299 ], [ -66.699, -33.266 ], [ -66.666, -33.266 ], [ -66.666, -33.233 ], [ -66.633, -33.233 ], [ -66.633, -33.199 ], [ -66.599, -33.199 ], [ -66.599, -33.166 ], [ -66.566, -33.166 ], [ -66.566, -33.133 ], [ -66.533, -33.133 ], [ -66.499, -33.133 ], [ -66.499, -33.166 ], [ -66.499, -33.199 ] ] ], [ [ [ -67.199, -33.166 ], [ -67.233, -33.166 ], [ -67.233, -33.133 ], [ -67.199, -33.133 ], [ -67.199, -33.099 ], [ -67.166, -33.099 ], [ -67.133, -33.099 ], [ -67.133, -33.133 ], [ -67.166, -33.133 ], [ -67.166, -33.166 ], [ -67.199, -33.166 ] ] ], [ [ [ -67.266, -33.033 ], [ -67.233, -33.033 ], [ -67.233, -33.066 ], [ -67.233, -33.099 ], [ -67.266, -33.099 ], [ -67.266, -33.066 ], [ -67.266, -33.033 ] ] ], [ [ [ -67.266, -33.033 ], [ -67.299, -33.033 ], [ -67.299, -32.999 ], [ -67.333, -32.999 ], [ -67.366, -32.999 ], [ -67.366, -32.966 ], [ -67.399, -32.966 ], [ -67.399, -32.933 ], [ -67.399, -32.899 ], [ -67.399, -32.866 ], [ -67.399, -32.833 ], [ -67.399, -32.799 ], [ -67.399, -32.766 ], [ -67.433, -32.766 ], [ -67.433, -32.733 ], [ -67.433, -32.699 ], [ -67.433, -32.666 ], [ -67.433, -32.633 ], [ -67.466, -32.633 ], [ -67.499, -32.633 ], [ -67.533, -32.633 ], [ -67.566, -32.633 ], [ -67.599, -32.633 ], [ -67.633, -32.633 ], [ -67.633, -32.599 ], [ -67.633, -32.566 ], [ -67.633, -32.533 ], [ -67.666, -32.533 ], [ -67.666, -32.499 ], [ -67.699, -32.499 ], [ -67.699, -32.466 ], [ -67.699, -32.433 ], [ -67.666, -32.433 ], [ -67.633, -32.433 ], [ -67.633, -32.399 ], [ -67.599, -32.399 ], [ -67.566, -32.399 ], [ -67.566, -32.366 ], [ -67.566, -32.333 ], [ -67.566, -32.299 ], [ -67.566, -32.266 ], [ -67.566, -32.233 ], [ -67.566, -32.199 ], [ -67.533, -32.199 ], [ -67.533, -32.233 ], [ -67.499, -32.233 ], [ -67.499, -32.266 ], [ -67.499, -32.299 ], [ -67.499, -32.333 ], [ -67.466, -32.333 ], [ -67.466, -32.366 ], [ -67.466, -32.399 ], [ -67.466, -32.433 ], [ -67.433, -32.433 ], [ -67.399, -32.433 ], [ -67.366, -32.433 ], [ -67.366, -32.399 ], [ -67.399, -32.399 ], [ -67.399, -32.366 ], [ -67.399, -32.333 ], [ -67.433, -32.333 ], [ -67.433, -32.299 ], [ -67.466, -32.299 ], [ -67.466, -32.266 ], [ -67.466, -32.233 ], [ -67.466, -32.199 ], [ -67.466, -32.166 ], [ -67.433, -32.166 ], [ -67.399, -32.166 ], [ -67.399, -32.133 ], [ -67.399, -32.099 ], [ -67.399, -32.066 ], [ -67.433, -32.066 ], [ -67.433, -32.099 ], [ -67.466, -32.099 ], [ -67.499, -32.099 ], [ -67.499, -32.066 ], [ -67.499, -32.033 ], [ -67.466, -32.033 ], [ -67.433, -32.033 ], [ -67.399, -32.033 ], [ -67.366, -32.033 ], [ -67.333, -32.033 ], [ -67.333, -32.066 ], [ -67.333, -32.099 ], [ -67.333, -32.133 ], [ -67.366, -32.133 ], [ -67.366, -32.166 ], [ -67.366, -32.199 ], [ -67.366, -32.233 ], [ -67.366, -32.266 ], [ -67.366, -32.299 ], [ -67.333, -32.299 ], [ -67.333, -32.333 ], [ -67.333, -32.366 ], [ -67.333, -32.399 ], [ -67.299, -32.399 ], [ -67.299, -32.433 ], [ -67.299, -32.466 ], [ -67.299, -32.499 ], [ -67.266, -32.499 ], [ -67.266, -32.533 ], [ -67.266, -32.566 ], [ -67.233, -32.566 ], [ -67.233, -32.599 ], [ -67.233, -32.633 ], [ -67.233, -32.666 ], [ -67.199, -32.666 ], [ -67.199, -32.699 ], [ -67.166, -32.699 ], [ -67.166, -32.733 ], [ -67.166, -32.766 ], [ -67.166, -32.799 ], [ -67.133, -32.799 ], [ -67.133, -32.833 ], [ -67.166, -32.833 ], [ -67.166, -32.866 ], [ -67.199, -32.866 ], [ -67.199, -32.899 ], [ -67.166, -32.899 ], [ -67.166, -32.933 ], [ -67.166, -32.966 ], [ -67.133, -32.966 ], [ -67.133, -32.999 ], [ -67.133, -33.033 ], [ -67.166, -33.033 ], [ -67.166, -32.999 ], [ -67.199, -32.999 ], [ -67.233, -32.999 ], [ -67.233, -32.966 ], [ -67.233, -32.933 ], [ -67.266, -32.933 ], [ -67.266, -32.966 ], [ -67.266, -32.999 ], [ -67.266, -33.033 ] ] ], [ [ [ -58.167, -32.360 ], [ -58.174, -32.366 ], [ -58.181, -32.373 ], [ -58.184, -32.378 ], [ -58.185, -32.382 ], [ -58.185, -32.383 ], [ -58.185, -32.385 ], [ -58.184, -32.391 ], [ -58.184, -32.393 ], [ -58.185, -32.395 ], [ -58.189, -32.402 ], [ -58.190, -32.405 ], [ -58.191, -32.408 ], [ -58.191, -32.413 ], [ -58.192, -32.418 ], [ -58.192, -32.421 ], [ -58.192, -32.424 ], [ -58.195, -32.436 ], [ -58.200, -32.453 ], [ -58.202, -32.462 ], [ -58.202, -32.468 ], [ -58.202, -32.470 ], [ -58.201, -32.474 ], [ -58.201, -32.479 ], [ -58.199, -32.485 ], [ -58.198, -32.489 ], [ -58.195, -32.497 ], [ -58.192, -32.505 ], [ -58.187, -32.518 ], [ -58.182, -32.531 ], [ -58.174, -32.546 ], [ -58.168, -32.557 ], [ -58.165, -32.564 ], [ -58.162, -32.572 ], [ -58.161, -32.581 ], [ -58.160, -32.590 ], [ -58.159, -32.597 ], [ -58.158, -32.604 ], [ -58.155, -32.615 ], [ -58.152, -32.625 ], [ -58.152, -32.640 ], [ -58.151, -32.645 ], [ -58.149, -32.652 ], [ -58.147, -32.658 ], [ -58.144, -32.664 ], [ -58.144, -32.665 ], [ -58.143, -32.669 ], [ -58.143, -32.677 ], [ -58.145, -32.684 ], [ -58.147, -32.689 ], [ -58.148, -32.695 ], [ -58.148, -32.703 ], [ -58.147, -32.708 ], [ -58.147, -32.712 ], [ -58.147, -32.721 ], [ -58.147, -32.729 ], [ -58.147, -32.735 ], [ -58.144, -32.742 ], [ -58.142, -32.750 ], [ -58.140, -32.760 ], [ -58.139, -32.764 ], [ -58.136, -32.778 ], [ -58.135, -32.783 ], [ -58.133, -32.787 ], [ -58.126, -32.809 ], [ -58.123, -32.822 ], [ -58.123, -32.837 ], [ -58.118, -32.851 ], [ -58.114, -32.870 ], [ -58.113, -32.888 ], [ -58.114, -32.892 ], [ -58.116, -32.897 ], [ -58.117, -32.899 ], [ -58.133, -32.899 ], [ -58.166, -32.899 ], [ -58.166, -32.866 ], [ -58.199, -32.866 ], [ -58.199, -32.833 ], [ -58.233, -32.833 ], [ -58.233, -32.799 ], [ -58.266, -32.799 ], [ -58.266, -32.766 ], [ -58.299, -32.766 ], [ -58.299, -32.733 ], [ -58.333, -32.733 ], [ -58.333, -32.699 ], [ -58.333, -32.666 ], [ -58.366, -32.666 ], [ -58.366, -32.633 ], [ -58.399, -32.633 ], [ -58.399, -32.599 ], [ -58.433, -32.599 ], [ -58.466, -32.599 ], [ -58.466, -32.566 ], [ -58.499, -32.566 ], [ -58.499, -32.599 ], [ -58.533, -32.599 ], [ -58.533, -32.566 ], [ -58.566, -32.566 ], [ -58.566, -32.533 ], [ -58.566, -32.499 ], [ -58.599, -32.499 ], [ -58.599, -32.466 ], [ -58.633, -32.466 ], [ -58.633, -32.433 ], [ -58.666, -32.433 ], [ -58.666, -32.399 ], [ -58.633, -32.399 ], [ -58.633, -32.366 ], [ -58.666, -32.366 ], [ -58.666, -32.333 ], [ -58.633, -32.333 ], [ -58.633, -32.299 ], [ -58.633, -32.266 ], [ -58.599, -32.266 ], [ -58.599, -32.233 ], [ -58.599, -32.199 ], [ -58.599, -32.166 ], [ -58.566, -32.166 ], [ -58.566, -32.133 ], [ -58.566, -32.099 ], [ -58.533, -32.099 ], [ -58.533, -32.066 ], [ -58.499, -32.066 ], [ -58.466, -32.066 ], [ -58.466, -32.033 ], [ -58.466, -31.999 ], [ -58.433, -31.999 ], [ -58.433, -31.966 ], [ -58.399, -31.966 ], [ -58.399, -31.933 ], [ -58.366, -31.933 ], [ -58.366, -31.899 ], [ -58.333, -31.899 ], [ -58.333, -31.866 ], [ -58.299, -31.866 ], [ -58.266, -31.866 ], [ -58.233, -31.866 ], [ -58.199, -31.866 ], [ -58.199, -31.833 ], [ -58.166, -31.833 ], [ -58.161, -31.838 ], [ -58.166, -31.840 ], [ -58.171, -31.843 ], [ -58.178, -31.847 ], [ -58.184, -31.852 ], [ -58.186, -31.854 ], [ -58.192, -31.859 ], [ -58.194, -31.860 ], [ -58.196, -31.864 ], [ -58.199, -31.869 ], [ -58.200, -31.872 ], [ -58.199, -31.876 ], [ -58.199, -31.879 ], [ -58.198, -31.883 ], [ -58.198, -31.890 ], [ -58.197, -31.897 ], [ -58.196, -31.902 ], [ -58.195, -31.905 ], [ -58.193, -31.908 ], [ -58.191, -31.909 ], [ -58.190, -31.912 ], [ -58.186, -31.916 ], [ -58.182, -31.919 ], [ -58.178, -31.922 ], [ -58.175, -31.924 ], [ -58.172, -31.927 ], [ -58.170, -31.929 ], [ -58.166, -31.933 ], [ -58.164, -31.938 ], [ -58.161, -31.943 ], [ -58.158, -31.949 ], [ -58.157, -31.953 ], [ -58.156, -31.959 ], [ -58.156, -31.964 ], [ -58.156, -31.967 ], [ -58.154, -31.972 ], [ -58.154, -31.977 ], [ -58.150, -31.983 ], [ -58.148, -31.986 ], [ -58.147, -31.990 ], [ -58.146, -31.993 ], [ -58.145, -32.001 ], [ -58.144, -32.005 ], [ -58.141, -32.011 ], [ -58.138, -32.016 ], [ -58.138, -32.023 ], [ -58.139, -32.030 ], [ -58.140, -32.036 ], [ -58.141, -32.044 ], [ -58.144, -32.054 ], [ -58.146, -32.060 ], [ -58.148, -32.066 ], [ -58.151, -32.072 ], [ -58.155, -32.077 ], [ -58.157, -32.078 ], [ -58.162, -32.082 ], [ -58.164, -32.085 ], [ -58.165, -32.088 ], [ -58.165, -32.093 ], [ -58.166, -32.096 ], [ -58.168, -32.102 ], [ -58.169, -32.107 ], [ -58.170, -32.112 ], [ -58.171, -32.118 ], [ -58.172, -32.124 ], [ -58.174, -32.130 ], [ -58.175, -32.135 ], [ -58.177, -32.141 ], [ -58.178, -32.148 ], [ -58.180, -32.156 ], [ -58.180, -32.160 ], [ -58.178, -32.164 ], [ -58.176, -32.167 ], [ -58.174, -32.169 ], [ -58.170, -32.173 ], [ -58.166, -32.177 ], [ -58.161, -32.182 ], [ -58.154, -32.188 ], [ -58.148, -32.194 ], [ -58.143, -32.200 ], [ -58.142, -32.200 ], [ -58.138, -32.206 ], [ -58.131, -32.212 ], [ -58.124, -32.222 ], [ -58.122, -32.225 ], [ -58.118, -32.231 ], [ -58.117, -32.233 ], [ -58.114, -32.236 ], [ -58.113, -32.237 ], [ -58.111, -32.239 ], [ -58.109, -32.242 ], [ -58.108, -32.243 ], [ -58.107, -32.244 ], [ -58.106, -32.245 ], [ -58.104, -32.248 ], [ -58.101, -32.252 ], [ -58.101, -32.254 ], [ -58.100, -32.259 ], [ -58.100, -32.265 ], [ -58.100, -32.267 ], [ -58.100, -32.269 ], [ -58.100, -32.273 ], [ -58.101, -32.280 ], [ -58.103, -32.292 ], [ -58.107, -32.318 ], [ -58.111, -32.327 ], [ -58.112, -32.329 ], [ -58.113, -32.331 ], [ -58.118, -32.335 ], [ -58.134, -32.345 ], [ -58.146, -32.355 ], [ -58.151, -32.357 ], [ -58.163, -32.359 ], [ -58.167, -32.360 ] ] ], [ [ [ -59.366, -30.966 ], [ -59.399, -30.966 ], [ -59.399, -30.933 ], [ -59.366, -30.933 ], [ -59.366, -30.966 ] ] ], [ [ [ -60.499, -30.933 ], [ -60.533, -30.933 ], [ -60.533, -30.899 ], [ -60.499, -30.899 ], [ -60.499, -30.933 ] ] ], [ [ [ -63.299, -30.799 ], [ -63.333, -30.799 ], [ -63.333, -30.766 ], [ -63.299, -30.766 ], [ -63.299, -30.799 ] ] ], [ [ [ -62.899, -30.766 ], [ -62.933, -30.766 ], [ -62.933, -30.733 ], [ -62.899, -30.733 ], [ -62.899, -30.766 ] ] ], [ [ [ -62.999, -30.699 ], [ -63.033, -30.699 ], [ -63.033, -30.666 ], [ -62.999, -30.666 ], [ -62.999, -30.699 ] ] ], [ [ [ -58.433, -30.633 ], [ -58.466, -30.633 ], [ -58.466, -30.599 ], [ -58.433, -30.599 ], [ -58.433, -30.633 ] ] ], [ [ [ -63.199, -30.699 ], [ -63.233, -30.699 ], [ -63.233, -30.733 ], [ -63.199, -30.733 ], [ -63.199, -30.699 ], [ -63.166, -30.699 ], [ -63.166, -30.666 ], [ -63.133, -30.666 ], [ -63.099, -30.666 ], [ -63.099, -30.699 ], [ -63.099, -30.733 ], [ -63.099, -30.766 ], [ -63.099, -30.799 ], [ -63.099, -30.833 ], [ -63.133, -30.833 ], [ -63.133, -30.866 ], [ -63.166, -30.866 ], [ -63.166, -30.899 ], [ -63.166, -30.933 ], [ -63.133, -30.933 ], [ -63.099, -30.933 ], [ -63.099, -30.899 ], [ -63.066, -30.899 ], [ -63.033, -30.899 ], [ -63.033, -30.866 ], [ -62.999, -30.866 ], [ -62.999, -30.899 ], [ -62.999, -30.933 ], [ -62.966, -30.933 ], [ -62.966, -30.899 ], [ -62.933, -30.899 ], [ -62.933, -30.866 ], [ -62.899, -30.866 ], [ -62.899, -30.899 ], [ -62.866, -30.899 ], [ -62.866, -30.933 ], [ -62.899, -30.933 ], [ -62.933, -30.933 ], [ -62.933, -30.966 ], [ -62.933, -30.999 ], [ -62.933, -31.033 ], [ -62.966, -31.033 ], [ -62.966, -30.999 ], [ -62.999, -30.999 ], [ -62.999, -31.033 ], [ -62.999, -31.066 ], [ -62.999, -31.099 ], [ -62.999, -31.133 ], [ -62.999, -31.166 ], [ -63.033, -31.166 ], [ -63.066, -31.166 ], [ -63.066, -31.199 ], [ -63.099, -31.199 ], [ -63.133, -31.199 ], [ -63.166, -31.199 ], [ -63.166, -31.233 ], [ -63.199, -31.233 ], [ -63.199, -31.199 ], [ -63.233, -31.199 ], [ -63.266, -31.199 ], [ -63.266, -31.233 ], [ -63.299, -31.233 ], [ -63.333, -31.233 ], [ -63.366, -31.233 ], [ -63.399, -31.233 ], [ -63.433, -31.233 ], [ -63.466, -31.233 ], [ -63.466, -31.266 ], [ -63.499, -31.266 ], [ -63.533, -31.266 ], [ -63.533, -31.233 ], [ -63.533, -31.199 ], [ -63.566, -31.199 ], [ -63.566, -31.166 ], [ -63.566, -31.133 ], [ -63.599, -31.133 ], [ -63.599, -31.099 ], [ -63.633, -31.099 ], [ -63.633, -31.066 ], [ -63.633, -31.033 ], [ -63.666, -31.033 ], [ -63.666, -30.999 ], [ -63.633, -30.999 ], [ -63.633, -30.966 ], [ -63.633, -30.933 ], [ -63.599, -30.933 ], [ -63.599, -30.899 ], [ -63.566, -30.899 ], [ -63.566, -30.866 ], [ -63.533, -30.866 ], [ -63.533, -30.833 ], [ -63.499, -30.833 ], [ -63.466, -30.833 ], [ -63.466, -30.799 ], [ -63.433, -30.799 ], [ -63.399, -30.799 ], [ -63.366, -30.799 ], [ -63.333, -30.799 ], [ -63.333, -30.833 ], [ -63.366, -30.833 ], [ -63.366, -30.866 ], [ -63.333, -30.866 ], [ -63.333, -30.833 ], [ -63.299, -30.833 ], [ -63.299, -30.799 ], [ -63.266, -30.799 ], [ -63.266, -30.766 ], [ -63.299, -30.766 ], [ -63.299, -30.733 ], [ -63.299, -30.699 ], [ -63.266, -30.699 ], [ -63.266, -30.666 ], [ -63.233, -30.666 ], [ -63.233, -30.633 ], [ -63.233, -30.599 ], [ -63.266, -30.599 ], [ -63.299, -30.599 ], [ -63.333, -30.599 ], [ -63.366, -30.599 ], [ -63.366, -30.566 ], [ -63.366, -30.533 ], [ -63.366, -30.499 ], [ -63.333, -30.499 ], [ -63.333, -30.466 ], [ -63.333, -30.433 ], [ -63.299, -30.433 ], [ -63.299, -30.466 ], [ -63.266, -30.466 ], [ -63.233, -30.466 ], [ -63.233, -30.499 ], [ -63.199, -30.499 ], [ -63.166, -30.499 ], [ -63.133, -30.499 ], [ -63.133, -30.533 ], [ -63.099, -30.533 ], [ -63.099, -30.566 ], [ -63.133, -30.566 ], [ -63.133, -30.599 ], [ -63.166, -30.599 ], [ -63.166, -30.633 ], [ -63.199, -30.633 ], [ -63.199, -30.666 ], [ -63.199, -30.699 ] ] ], [ [ [ -60.466, -30.133 ], [ -60.499, -30.133 ], [ -60.499, -30.099 ], [ -60.466, -30.099 ], [ -60.466, -30.133 ] ] ], [ [ [ -66.533, -29.933 ], [ -66.499, -29.933 ], [ -66.499, -29.966 ], [ -66.533, -29.966 ], [ -66.533, -29.933 ] ] ], [ [ [ -66.533, -29.933 ], [ -66.566, -29.933 ], [ -66.566, -29.899 ], [ -66.566, -29.866 ], [ -66.533, -29.866 ], [ -66.533, -29.899 ], [ -66.533, -29.933 ] ] ], [ [ [ -66.533, -29.866 ], [ -66.533, -29.833 ], [ -66.533, -29.799 ], [ -66.566, -29.799 ], [ -66.566, -29.833 ], [ -66.566, -29.866 ], [ -66.599, -29.866 ], [ -66.599, -29.833 ], [ -66.599, -29.799 ], [ -66.633, -29.799 ], [ -66.633, -29.833 ], [ -66.666, -29.833 ], [ -66.699, -29.833 ], [ -66.699, -29.799 ], [ -66.666, -29.799 ], [ -66.666, -29.766 ], [ -66.699, -29.766 ], [ -66.699, -29.733 ], [ -66.699, -29.699 ], [ -66.666, -29.699 ], [ -66.666, -29.666 ], [ -66.633, -29.666 ], [ -66.633, -29.633 ], [ -66.599, -29.633 ], [ -66.566, -29.633 ], [ -66.566, -29.599 ], [ -66.566, -29.566 ], [ -66.566, -29.533 ], [ -66.533, -29.533 ], [ -66.533, -29.499 ], [ -66.499, -29.499 ], [ -66.499, -29.466 ], [ -66.466, -29.466 ], [ -66.433, -29.466 ], [ -66.399, -29.466 ], [ -66.399, -29.433 ], [ -66.366, -29.433 ], [ -66.366, -29.399 ], [ -66.333, -29.399 ], [ -66.333, -29.366 ], [ -66.299, -29.366 ], [ -66.299, -29.333 ], [ -66.299, -29.299 ], [ -66.333, -29.299 ], [ -66.333, -29.266 ], [ -66.299, -29.266 ], [ -66.266, -29.266 ], [ -66.233, -29.266 ], [ -66.233, -29.299 ], [ -66.233, -29.333 ], [ -66.199, -29.333 ], [ -66.166, -29.333 ], [ -66.166, -29.366 ], [ -66.133, -29.366 ], [ -66.133, -29.333 ], [ -66.099, -29.333 ], [ -66.099, -29.299 ], [ -66.066, -29.299 ], [ -66.066, -29.333 ], [ -66.033, -29.333 ], [ -66.033, -29.299 ], [ -66.066, -29.299 ], [ -66.066, -29.266 ], [ -66.099, -29.266 ], [ -66.133, -29.266 ], [ -66.166, -29.266 ], [ -66.199, -29.266 ], [ -66.233, -29.266 ], [ -66.233, -29.233 ], [ -66.233, -29.199 ], [ -66.266, -29.199 ], [ -66.266, -29.166 ], [ -66.266, -29.133 ], [ -66.266, -29.099 ], [ -66.266, -29.066 ], [ -66.299, -29.066 ], [ -66.299, -29.033 ], [ -66.266, -29.033 ], [ -66.233, -29.033 ], [ -66.233, -28.999 ], [ -66.199, -28.999 ], [ -66.199, -28.966 ], [ -66.166, -28.966 ], [ -66.166, -28.933 ], [ -66.133, -28.933 ], [ -66.133, -28.899 ], [ -66.099, -28.899 ], [ -66.066, -28.899 ], [ -66.066, -28.866 ], [ -66.066, -28.833 ], [ -66.033, -28.833 ], [ -66.033, -28.866 ], [ -66.033, -28.899 ], [ -65.999, -28.899 ], [ -65.999, -28.933 ], [ -65.966, -28.933 ], [ -65.933, -28.933 ], [ -65.899, -28.933 ], [ -65.866, -28.933 ], [ -65.833, -28.933 ], [ -65.799, -28.933 ], [ -65.766, -28.933 ], [ -65.733, -28.933 ], [ -65.733, -28.966 ], [ -65.733, -28.999 ], [ -65.699, -28.999 ], [ -65.699, -29.033 ], [ -65.666, -29.033 ], [ -65.666, -29.066 ], [ -65.633, -29.066 ], [ -65.633, -29.099 ], [ -65.633, -29.133 ], [ -65.633, -29.166 ], [ -65.633, -29.199 ], [ -65.633, -29.233 ], [ -65.633, -29.266 ], [ -65.633, -29.299 ], [ -65.599, -29.299 ], [ -65.599, -29.333 ], [ -65.599, -29.366 ], [ -65.566, -29.366 ], [ -65.566, -29.399 ], [ -65.566, -29.433 ], [ -65.566, -29.466 ], [ -65.566, -29.499 ], [ -65.566, -29.533 ], [ -65.533, -29.533 ], [ -65.533, -29.499 ], [ -65.499, -29.499 ], [ -65.499, -29.466 ], [ -65.499, -29.433 ], [ -65.466, -29.433 ], [ -65.466, -29.399 ], [ -65.433, -29.399 ], [ -65.433, -29.366 ], [ -65.399, -29.366 ], [ -65.366, -29.366 ], [ -65.366, -29.333 ], [ -65.366, -29.299 ], [ -65.366, -29.266 ], [ -65.333, -29.266 ], [ -65.333, -29.233 ], [ -65.299, -29.233 ], [ -65.299, -29.199 ], [ -65.299, -29.166 ], [ -65.299, -29.133 ], [ -65.266, -29.133 ], [ -65.266, -29.099 ], [ -65.266, -29.066 ], [ -65.266, -29.033 ], [ -65.233, -29.033 ], [ -65.233, -28.999 ], [ -65.199, -28.999 ], [ -65.199, -28.966 ], [ -65.166, -28.966 ], [ -65.133, -28.966 ], [ -65.133, -28.933 ], [ -65.133, -28.899 ], [ -65.166, -28.899 ], [ -65.166, -28.866 ], [ -65.133, -28.866 ], [ -65.099, -28.866 ], [ -65.099, -28.899 ], [ -65.066, -28.899 ], [ -65.066, -28.933 ], [ -65.033, -28.933 ], [ -65.033, -28.966 ], [ -64.999, -28.966 ], [ -64.999, -28.999 ], [ -65.033, -28.999 ], [ -65.033, -29.033 ], [ -65.033, -29.066 ], [ -65.033, -29.099 ], [ -65.033, -29.133 ], [ -65.033, -29.166 ], [ -65.033, -29.199 ], [ -65.033, -29.233 ], [ -64.999, -29.233 ], [ -64.999, -29.266 ], [ -64.966, -29.266 ], [ -64.933, -29.266 ], [ -64.933, -29.233 ], [ -64.933, -29.199 ], [ -64.933, -29.166 ], [ -64.933, -29.133 ], [ -64.933, -29.099 ], [ -64.933, -29.066 ], [ -64.899, -29.066 ], [ -64.899, -29.033 ], [ -64.899, -28.999 ], [ -64.866, -28.999 ], [ -64.833, -28.999 ], [ -64.833, -29.033 ], [ -64.833, -29.066 ], [ -64.833, -29.099 ], [ -64.799, -29.099 ], [ -64.799, -29.066 ], [ -64.799, -29.033 ], [ -64.799, -28.999 ], [ -64.766, -28.999 ], [ -64.733, -28.999 ], [ -64.699, -28.999 ], [ -64.699, -28.966 ], [ -64.666, -28.966 ], [ -64.666, -28.933 ], [ -64.666, -28.899 ], [ -64.633, -28.899 ], [ -64.633, -28.866 ], [ -64.599, -28.866 ], [ -64.599, -28.833 ], [ -64.599, -28.799 ], [ -64.566, -28.799 ], [ -64.533, -28.799 ], [ -64.533, -28.766 ], [ -64.499, -28.766 ], [ -64.466, -28.766 ], [ -64.466, -28.733 ], [ -64.433, -28.733 ], [ -64.433, -28.699 ], [ -64.399, -28.699 ], [ -64.366, -28.699 ], [ -64.333, -28.699 ], [ -64.333, -28.733 ], [ -64.299, -28.733 ], [ -64.266, -28.733 ], [ -64.266, -28.766 ], [ -64.233, -28.766 ], [ -64.233, -28.799 ], [ -64.199, -28.799 ], [ -64.166, -28.799 ], [ -64.166, -28.833 ], [ -64.133, -28.833 ], [ -64.133, -28.866 ], [ -64.099, -28.866 ], [ -64.066, -28.866 ], [ -64.066, -28.899 ], [ -64.066, -28.933 ], [ -64.099, -28.933 ], [ -64.099, -28.966 ], [ -64.066, -28.966 ], [ -64.066, -28.999 ], [ -64.099, -28.999 ], [ -64.099, -29.033 ], [ -64.133, -29.033 ], [ -64.133, -29.066 ], [ -64.133, -29.099 ], [ -64.166, -29.099 ], [ -64.166, -29.133 ], [ -64.166, -29.166 ], [ -64.199, -29.166 ], [ -64.199, -29.199 ], [ -64.166, -29.199 ], [ -64.133, -29.199 ], [ -64.133, -29.233 ], [ -64.166, -29.233 ], [ -64.166, -29.266 ], [ -64.199, -29.266 ], [ -64.199, -29.299 ], [ -64.233, -29.299 ], [ -64.233, -29.333 ], [ -64.233, -29.366 ], [ -64.233, -29.399 ], [ -64.266, -29.399 ], [ -64.266, -29.433 ], [ -64.299, -29.433 ], [ -64.299, -29.466 ], [ -64.299, -29.499 ], [ -64.333, -29.499 ], [ -64.333, -29.533 ], [ -64.366, -29.533 ], [ -64.366, -29.566 ], [ -64.366, -29.599 ], [ -64.399, -29.599 ], [ -64.399, -29.633 ], [ -64.399, -29.666 ], [ -64.433, -29.666 ], [ -64.433, -29.699 ], [ -64.433, -29.733 ], [ -64.466, -29.733 ], [ -64.466, -29.766 ], [ -64.499, -29.766 ], [ -64.533, -29.766 ], [ -64.566, -29.766 ], [ -64.599, -29.766 ], [ -64.599, -29.733 ], [ -64.633, -29.733 ], [ -64.633, -29.699 ], [ -64.666, -29.699 ], [ -64.666, -29.666 ], [ -64.666, -29.633 ], [ -64.666, -29.599 ], [ -64.699, -29.599 ], [ -64.699, -29.566 ], [ -64.699, -29.533 ], [ -64.733, -29.533 ], [ -64.733, -29.499 ], [ -64.733, -29.466 ], [ -64.733, -29.433 ], [ -64.733, -29.399 ], [ -64.766, -29.399 ], [ -64.766, -29.366 ], [ -64.766, -29.333 ], [ -64.799, -29.333 ], [ -64.833, -29.333 ], [ -64.833, -29.366 ], [ -64.799, -29.366 ], [ -64.799, -29.399 ], [ -64.799, -29.433 ], [ -64.799, -29.466 ], [ -64.799, -29.499 ], [ -64.799, -29.533 ], [ -64.799, -29.566 ], [ -64.799, -29.599 ], [ -64.766, -29.599 ], [ -64.766, -29.633 ], [ -64.766, -29.666 ], [ -64.766, -29.699 ], [ -64.766, -29.733 ], [ -64.733, -29.733 ], [ -64.733, -29.766 ], [ -64.699, -29.766 ], [ -64.699, -29.799 ], [ -64.699, -29.833 ], [ -64.666, -29.833 ], [ -64.666, -29.866 ], [ -64.666, -29.899 ], [ -64.666, -29.933 ], [ -64.633, -29.933 ], [ -64.633, -29.966 ], [ -64.633, -29.999 ], [ -64.633, -30.033 ], [ -64.633, -30.066 ], [ -64.633, -30.099 ], [ -64.633, -30.133 ], [ -64.666, -30.133 ], [ -64.666, -30.166 ], [ -64.666, -30.199 ], [ -64.699, -30.199 ], [ -64.699, -30.233 ], [ -64.699, -30.266 ], [ -64.733, -30.266 ], [ -64.766, -30.266 ], [ -64.766, -30.299 ], [ -64.799, -30.299 ], [ -64.799, -30.333 ], [ -64.833, -30.333 ], [ -64.833, -30.366 ], [ -64.866, -30.366 ], [ -64.899, -30.366 ], [ -64.899, -30.399 ], [ -64.933, -30.399 ], [ -64.933, -30.433 ], [ -64.966, -30.433 ], [ -64.966, -30.466 ], [ -64.999, -30.466 ], [ -64.999, -30.499 ], [ -65.033, -30.499 ], [ -65.033, -30.533 ], [ -65.066, -30.533 ], [ -65.066, -30.566 ], [ -65.099, -30.566 ], [ -65.099, -30.599 ], [ -65.133, -30.599 ], [ -65.166, -30.599 ], [ -65.166, -30.633 ], [ -65.199, -30.633 ], [ -65.199, -30.666 ], [ -65.233, -30.666 ], [ -65.266, -30.666 ], [ -65.266, -30.699 ], [ -65.266, -30.733 ], [ -65.299, -30.733 ], [ -65.299, -30.699 ], [ -65.333, -30.699 ], [ -65.366, -30.699 ], [ -65.366, -30.733 ], [ -65.366, -30.766 ], [ -65.366, -30.799 ], [ -65.366, -30.833 ], [ -65.399, -30.833 ], [ -65.399, -30.866 ], [ -65.399, -30.899 ], [ -65.399, -30.933 ], [ -65.399, -30.966 ], [ -65.433, -30.966 ], [ -65.433, -30.999 ], [ -65.433, -31.033 ], [ -65.433, -31.066 ], [ -65.466, -31.066 ], [ -65.466, -31.099 ], [ -65.466, -31.133 ], [ -65.466, -31.166 ], [ -65.466, -31.199 ], [ -65.433, -31.199 ], [ -65.433, -31.233 ], [ -65.433, -31.266 ], [ -65.433, -31.299 ], [ -65.433, -31.333 ], [ -65.433, -31.366 ], [ -65.433, -31.399 ], [ -65.433, -31.433 ], [ -65.433, -31.466 ], [ -65.399, -31.466 ], [ -65.399, -31.499 ], [ -65.399, -31.533 ], [ -65.366, -31.533 ], [ -65.366, -31.566 ], [ -65.333, -31.566 ], [ -65.333, -31.599 ], [ -65.333, -31.633 ], [ -65.299, -31.633 ], [ -65.299, -31.666 ], [ -65.266, -31.666 ], [ -65.266, -31.699 ], [ -65.266, -31.733 ], [ -65.299, -31.733 ], [ -65.299, -31.766 ], [ -65.299, -31.799 ], [ -65.333, -31.799 ], [ -65.333, -31.833 ], [ -65.333, -31.866 ], [ -65.366, -31.866 ], [ -65.366, -31.899 ], [ -65.399, -31.899 ], [ -65.399, -31.933 ], [ -65.399, -31.966 ], [ -65.433, -31.966 ], [ -65.433, -31.999 ], [ -65.433, -32.033 ], [ -65.433, -32.066 ], [ -65.433, -32.099 ], [ -65.399, -32.099 ], [ -65.399, -32.133 ], [ -65.433, -32.133 ], [ -65.466, -32.133 ], [ -65.499, -32.133 ], [ -65.533, -32.133 ], [ -65.566, -32.133 ], [ -65.599, -32.133 ], [ -65.633, -32.133 ], [ -65.666, -32.133 ], [ -65.699, -32.133 ], [ -65.699, -32.099 ], [ -65.733, -32.099 ], [ -65.766, -32.099 ], [ -65.799, -32.099 ], [ -65.799, -32.133 ], [ -65.833, -32.133 ], [ -65.866, -32.133 ], [ -65.899, -32.133 ], [ -65.933, -32.133 ], [ -65.966, -32.133 ], [ -65.999, -32.133 ], [ -66.033, -32.133 ], [ -66.066, -32.133 ], [ -66.099, -32.133 ], [ -66.133, -32.133 ], [ -66.166, -32.133 ], [ -66.199, -32.133 ], [ -66.233, -32.133 ], [ -66.266, -32.133 ], [ -66.266, -32.099 ], [ -66.299, -32.099 ], [ -66.333, -32.099 ], [ -66.333, -32.066 ], [ -66.366, -32.066 ], [ -66.366, -32.099 ], [ -66.366, -32.133 ], [ -66.399, -32.133 ], [ -66.399, -32.166 ], [ -66.433, -32.166 ], [ -66.433, -32.199 ], [ -66.466, -32.199 ], [ -66.466, -32.233 ], [ -66.499, -32.233 ], [ -66.499, -32.266 ], [ -66.533, -32.266 ], [ -66.533, -32.299 ], [ -66.533, -32.333 ], [ -66.533, -32.366 ], [ -66.533, -32.399 ], [ -66.533, -32.433 ], [ -66.566, -32.433 ], [ -66.566, -32.466 ], [ -66.566, -32.499 ], [ -66.599, -32.499 ], [ -66.599, -32.533 ], [ -66.599, -32.566 ], [ -66.633, -32.566 ], [ -66.633, -32.599 ], [ -66.666, -32.599 ], [ -66.666, -32.566 ], [ -66.666, -32.533 ], [ -66.666, -32.499 ], [ -66.699, -32.499 ], [ -66.699, -32.466 ], [ -66.699, -32.433 ], [ -66.733, -32.433 ], [ -66.733, -32.399 ], [ -66.766, -32.399 ], [ -66.766, -32.366 ], [ -66.766, -32.333 ], [ -66.799, -32.333 ], [ -66.799, -32.299 ], [ -66.799, -32.266 ], [ -66.833, -32.266 ], [ -66.833, -32.233 ], [ -66.833, -32.199 ], [ -66.866, -32.199 ], [ -66.866, -32.166 ], [ -66.866, -32.133 ], [ -66.899, -32.133 ], [ -66.899, -32.099 ], [ -66.933, -32.099 ], [ -66.933, -32.066 ], [ -66.966, -32.066 ], [ -66.966, -32.033 ], [ -66.999, -32.033 ], [ -66.999, -31.999 ], [ -66.999, -31.966 ], [ -67.033, -31.966 ], [ -67.033, -31.933 ], [ -67.033, -31.899 ], [ -67.066, -31.899 ], [ -67.066, -31.866 ], [ -67.099, -31.866 ], [ -67.099, -31.833 ], [ -67.133, -31.833 ], [ -67.133, -31.799 ], [ -67.133, -31.766 ], [ -67.166, -31.766 ], [ -67.166, -31.733 ], [ -67.199, -31.733 ], [ -67.199, -31.699 ], [ -67.199, -31.666 ], [ -67.233, -31.666 ], [ -67.233, -31.633 ], [ -67.233, -31.599 ], [ -67.266, -31.599 ], [ -67.266, -31.566 ], [ -67.266, -31.533 ], [ -67.266, -31.499 ], [ -67.266, -31.466 ], [ -67.266, -31.433 ], [ -67.266, -31.399 ], [ -67.266, -31.366 ], [ -67.233, -31.366 ], [ -67.233, -31.333 ], [ -67.233, -31.299 ], [ -67.233, -31.266 ], [ -67.233, -31.233 ], [ -67.233, -31.199 ], [ -67.233, -31.166 ], [ -67.199, -31.166 ], [ -67.199, -31.133 ], [ -67.199, -31.099 ], [ -67.166, -31.099 ], [ -67.166, -31.066 ], [ -67.166, -31.033 ], [ -67.133, -31.033 ], [ -67.133, -30.999 ], [ -67.099, -30.999 ], [ -67.099, -30.966 ], [ -67.066, -30.966 ], [ -67.066, -30.933 ], [ -67.033, -30.933 ], [ -67.033, -30.966 ], [ -66.999, -30.966 ], [ -66.999, -30.999 ], [ -66.966, -30.999 ], [ -66.933, -30.999 ], [ -66.933, -31.033 ], [ -66.899, -31.033 ], [ -66.899, -31.066 ], [ -66.866, -31.066 ], [ -66.833, -31.066 ], [ -66.799, -31.066 ], [ -66.766, -31.066 ], [ -66.766, -31.099 ], [ -66.733, -31.099 ], [ -66.733, -31.133 ], [ -66.733, -31.166 ], [ -66.733, -31.199 ], [ -66.733, -31.233 ], [ -66.699, -31.233 ], [ -66.666, -31.233 ], [ -66.633, -31.233 ], [ -66.633, -31.266 ], [ -66.599, -31.266 ], [ -66.566, -31.266 ], [ -66.566, -31.233 ], [ -66.533, -31.233 ], [ -66.499, -31.233 ], [ -66.499, -31.266 ], [ -66.466, -31.266 ], [ -66.433, -31.266 ], [ -66.433, -31.233 ], [ -66.433, -31.199 ], [ -66.399, -31.199 ], [ -66.399, -31.166 ], [ -66.366, -31.166 ], [ -66.366, -31.133 ], [ -66.333, -31.133 ], [ -66.333, -31.099 ], [ -66.333, -31.066 ], [ -66.299, -31.066 ], [ -66.299, -31.033 ], [ -66.299, -30.999 ], [ -66.266, -30.999 ], [ -66.266, -30.966 ], [ -66.233, -30.966 ], [ -66.233, -30.933 ], [ -66.199, -30.933 ], [ -66.199, -30.899 ], [ -66.166, -30.899 ], [ -66.133, -30.899 ], [ -66.099, -30.899 ], [ -66.099, -30.866 ], [ -66.066, -30.866 ], [ -66.066, -30.833 ], [ -66.066, -30.799 ], [ -66.033, -30.799 ], [ -66.033, -30.766 ], [ -66.066, -30.766 ], [ -66.066, -30.733 ], [ -66.099, -30.733 ], [ -66.099, -30.699 ], [ -66.099, -30.666 ], [ -66.066, -30.666 ], [ -66.066, -30.633 ], [ -66.033, -30.633 ], [ -66.033, -30.599 ], [ -66.033, -30.566 ], [ -66.033, -30.533 ], [ -66.033, -30.499 ], [ -65.999, -30.499 ], [ -65.999, -30.466 ], [ -66.033, -30.466 ], [ -66.033, -30.433 ], [ -66.033, -30.399 ], [ -66.033, -30.366 ], [ -66.066, -30.366 ], [ -66.066, -30.333 ], [ -66.066, -30.299 ], [ -66.099, -30.299 ], [ -66.099, -30.266 ], [ -66.133, -30.266 ], [ -66.133, -30.233 ], [ -66.166, -30.233 ], [ -66.166, -30.199 ], [ -66.166, -30.166 ], [ -66.199, -30.166 ], [ -66.233, -30.166 ], [ -66.266, -30.166 ], [ -66.299, -30.166 ], [ -66.333, -30.166 ], [ -66.366, -30.166 ], [ -66.399, -30.166 ], [ -66.433, -30.166 ], [ -66.466, -30.166 ], [ -66.466, -30.133 ], [ -66.499, -30.133 ], [ -66.499, -30.099 ], [ -66.533, -30.099 ], [ -66.533, -30.066 ], [ -66.533, -30.033 ], [ -66.566, -30.033 ], [ -66.599, -30.033 ], [ -66.599, -29.999 ], [ -66.566, -29.999 ], [ -66.533, -29.999 ], [ -66.499, -29.999 ], [ -66.466, -29.999 ], [ -66.433, -29.999 ], [ -66.399, -29.999 ], [ -66.366, -29.999 ], [ -66.366, -29.966 ], [ -66.399, -29.966 ], [ -66.399, -29.933 ], [ -66.433, -29.933 ], [ -66.466, -29.933 ], [ -66.466, -29.899 ], [ -66.466, -29.866 ], [ -66.499, -29.866 ], [ -66.533, -29.866 ] ], [ [ -66.033, -29.933 ], [ -66.033, -29.966 ], [ -65.999, -29.966 ], [ -65.999, -29.999 ], [ -65.966, -29.999 ], [ -65.966, -30.033 ], [ -65.966, -30.066 ], [ -65.933, -30.066 ], [ -65.899, -30.066 ], [ -65.899, -30.033 ], [ -65.899, -29.999 ], [ -65.866, -29.999 ], [ -65.866, -29.966 ], [ -65.833, -29.966 ], [ -65.799, -29.966 ], [ -65.799, -29.933 ], [ -65.799, -29.899 ], [ -65.799, -29.866 ], [ -65.799, -29.833 ], [ -65.799, -29.799 ], [ -65.799, -29.766 ], [ -65.799, -29.733 ], [ -65.766, -29.733 ], [ -65.766, -29.699 ], [ -65.766, -29.666 ], [ -65.766, -29.633 ], [ -65.766, -29.599 ], [ -65.766, -29.566 ], [ -65.766, -29.533 ], [ -65.799, -29.533 ], [ -65.799, -29.499 ], [ -65.833, -29.499 ], [ -65.833, -29.466 ], [ -65.866, -29.466 ], [ -65.899, -29.466 ], [ -65.933, -29.466 ], [ -65.966, -29.466 ], [ -65.966, -29.499 ], [ -65.999, -29.499 ], [ -65.999, -29.533 ], [ -65.999, -29.566 ], [ -65.999, -29.599 ], [ -66.033, -29.599 ], [ -66.033, -29.633 ], [ -66.033, -29.666 ], [ -66.033, -29.699 ], [ -66.033, -29.733 ], [ -66.033, -29.766 ], [ -66.033, -29.799 ], [ -66.033, -29.833 ], [ -66.033, -29.866 ], [ -66.033, -29.899 ], [ -66.033, -29.933 ] ], [ [ -66.499, -29.566 ], [ -66.466, -29.566 ], [ -66.466, -29.533 ], [ -66.499, -29.533 ], [ -66.499, -29.566 ], [ -66.533, -29.566 ], [ -66.533, -29.599 ], [ -66.499, -29.599 ], [ -66.499, -29.566 ] ], [ [ -66.299, -31.933 ], [ -66.333, -31.933 ], [ -66.333, -31.966 ], [ -66.299, -31.966 ], [ -66.299, -31.933 ], [ -66.266, -31.933 ], [ -66.266, -31.899 ], [ -66.266, -31.866 ], [ -66.266, -31.833 ], [ -66.266, -31.799 ], [ -66.233, -31.799 ], [ -66.233, -31.766 ], [ -66.233, -31.733 ], [ -66.233, -31.699 ], [ -66.233, -31.666 ], [ -66.233, -31.633 ], [ -66.233, -31.599 ], [ -66.266, -31.599 ], [ -66.266, -31.566 ], [ -66.266, -31.533 ], [ -66.299, -31.533 ], [ -66.333, -31.533 ], [ -66.333, -31.566 ], [ -66.333, -31.599 ], [ -66.333, -31.633 ], [ -66.333, -31.666 ], [ -66.333, -31.699 ], [ -66.333, -31.733 ], [ -66.333, -31.766 ], [ -66.333, -31.799 ], [ -66.333, -31.833 ], [ -66.333, -31.866 ], [ -66.333, -31.899 ], [ -66.299, -31.899 ], [ -66.299, -31.933 ] ] ], [ [ [ -66.566, -29.733 ], [ -66.566, -29.699 ], [ -66.599, -29.699 ], [ -66.599, -29.733 ], [ -66.566, -29.733 ] ] ], [ [ [ -66.299, -29.999 ], [ -66.299, -29.966 ], [ -66.333, -29.966 ], [ -66.333, -29.999 ], [ -66.299, -29.999 ] ] ], [ [ [ -66.533, -31.633 ], [ -66.533, -31.599 ], [ -66.566, -31.599 ], [ -66.599, -31.599 ], [ -66.633, -31.599 ], [ -66.666, -31.599 ], [ -66.666, -31.633 ], [ -66.633, -31.633 ], [ -66.633, -31.666 ], [ -66.599, -31.666 ], [ -66.599, -31.633 ], [ -66.566, -31.633 ], [ -66.533, -31.633 ] ] ], [ [ [ -66.799, -31.633 ], [ -66.799, -31.599 ], [ -66.833, -31.599 ], [ -66.833, -31.633 ], [ -66.799, -31.633 ] ] ], [ [ [ -55.901, -28.399 ], [ -55.933, -28.399 ], [ -55.933, -28.366 ], [ -55.899, -28.366 ], [ -55.887, -28.378 ], [ -55.887, -28.379 ], [ -55.899, -28.393 ], [ -55.901, -28.399 ] ] ], [ [ [ -55.733, -28.333 ], [ -55.699, -28.333 ], [ -55.699, -28.366 ], [ -55.733, -28.366 ], [ -55.733, -28.333 ] ] ], [ [ [ -55.799, -28.199 ], [ -55.766, -28.199 ], [ -55.766, -28.233 ], [ -55.799, -28.233 ], [ -55.799, -28.199 ] ] ], [ [ [ -55.799, -28.199 ], [ -55.833, -28.199 ], [ -55.833, -28.166 ], [ -55.866, -28.166 ], [ -55.866, -28.133 ], [ -55.833, -28.133 ], [ -55.799, -28.133 ], [ -55.799, -28.166 ], [ -55.799, -28.199 ] ] ], [ [ [ -55.799, -28.099 ], [ -55.833, -28.099 ], [ -55.833, -28.066 ], [ -55.833, -28.033 ], [ -55.799, -28.033 ], [ -55.799, -28.066 ], [ -55.799, -28.099 ] ] ], [ [ [ -58.766, -27.966 ], [ -58.799, -27.966 ], [ -58.799, -27.933 ], [ -58.766, -27.933 ], [ -58.766, -27.966 ] ] ], [ [ [ -62.933, -27.999 ], [ -62.933, -28.033 ], [ -62.966, -28.033 ], [ -62.999, -28.033 ], [ -63.033, -28.033 ], [ -63.066, -28.033 ], [ -63.066, -27.999 ], [ -63.099, -27.999 ], [ -63.133, -27.999 ], [ -63.166, -27.999 ], [ -63.166, -27.966 ], [ -63.133, -27.966 ], [ -63.099, -27.966 ], [ -63.099, -27.933 ], [ -63.066, -27.933 ], [ -63.033, -27.933 ], [ -62.999, -27.933 ], [ -62.966, -27.933 ], [ -62.966, -27.899 ], [ -62.933, -27.899 ], [ -62.933, -27.933 ], [ -62.933, -27.966 ], [ -62.933, -27.999 ] ] ], [ [ [ -55.333, -27.866 ], [ -55.299, -27.866 ], [ -55.299, -27.899 ], [ -55.333, -27.899 ], [ -55.333, -27.866 ] ] ], [ [ [ -55.733, -27.566 ], [ -55.766, -27.566 ], [ -55.766, -27.533 ], [ -55.733, -27.533 ], [ -55.733, -27.566 ] ] ], [ [ [ -55.867, -27.366 ], [ -55.899, -27.366 ], [ -55.899, -27.335 ], [ -55.895, -27.336 ], [ -55.886, -27.341 ], [ -55.878, -27.349 ], [ -55.870, -27.361 ], [ -55.867, -27.366 ] ] ], [ [ [ -55.533, -27.299 ], [ -55.566, -27.299 ], [ -55.566, -27.266 ], [ -55.533, -27.266 ], [ -55.533, -27.299 ] ] ], [ [ [ -54.233, -27.199 ], [ -54.199, -27.199 ], [ -54.199, -27.233 ], [ -54.233, -27.233 ], [ -54.233, -27.199 ] ] ], [ [ [ -55.566, -27.199 ], [ -55.599, -27.199 ], [ -55.599, -27.161 ], [ -55.598, -27.160 ], [ -55.594, -27.161 ], [ -55.589, -27.162 ], [ -55.582, -27.166 ], [ -55.575, -27.167 ], [ -55.569, -27.166 ], [ -55.568, -27.165 ], [ -55.566, -27.166 ], [ -55.566, -27.199 ] ] ], [ [ [ -55.099, -27.033 ], [ -55.133, -27.033 ], [ -55.133, -26.999 ], [ -55.099, -26.999 ], [ -55.099, -27.033 ] ] ], [ [ [ -54.999, -26.866 ], [ -55.033, -26.866 ], [ -55.033, -26.833 ], [ -54.999, -26.833 ], [ -54.999, -26.866 ] ] ], [ [ [ -53.698, -26.469 ], [ -53.700, -26.469 ], [ -53.702, -26.466 ], [ -53.698, -26.466 ], [ -53.698, -26.469 ] ] ], [ [ [ -54.499, -26.066 ], [ -54.499, -26.099 ], [ -54.533, -26.099 ], [ -54.533, -26.066 ], [ -54.499, -26.066 ] ] ], [ [ [ -53.878, -25.647 ], [ -53.879, -25.647 ], [ -53.879, -25.647 ], [ -53.880, -25.646 ], [ -53.877, -25.643 ], [ -53.876, -25.644 ], [ -53.876, -25.644 ], [ -53.876, -25.645 ], [ -53.877, -25.645 ], [ -53.877, -25.646 ], [ -53.878, -25.646 ], [ -53.878, -25.647 ], [ -53.878, -25.647 ] ] ], [ [ [ -65.399, -25.333 ], [ -65.433, -25.333 ], [ -65.433, -25.299 ], [ -65.399, -25.299 ], [ -65.399, -25.333 ] ] ], [ [ [ -65.233, -25.266 ], [ -65.233, -25.299 ], [ -65.266, -25.299 ], [ -65.266, -25.266 ], [ -65.233, -25.266 ] ] ], [ [ [ -65.399, -25.233 ], [ -65.366, -25.233 ], [ -65.366, -25.266 ], [ -65.399, -25.266 ], [ -65.399, -25.233 ] ] ], [ [ [ -65.233, -25.266 ], [ -65.233, -25.233 ], [ -65.199, -25.233 ], [ -65.199, -25.266 ], [ -65.233, -25.266 ] ] ], [ [ [ -64.799, -25.033 ], [ -64.799, -24.999 ], [ -64.766, -24.999 ], [ -64.766, -25.033 ], [ -64.799, -25.033 ] ] ], [ [ [ -65.399, -25.233 ], [ -65.433, -25.233 ], [ -65.433, -25.199 ], [ -65.433, -25.166 ], [ -65.433, -25.133 ], [ -65.433, -25.099 ], [ -65.433, -25.066 ], [ -65.466, -25.066 ], [ -65.466, -25.033 ], [ -65.433, -25.033 ], [ -65.433, -24.999 ], [ -65.433, -24.966 ], [ -65.433, -24.933 ], [ -65.433, -24.899 ], [ -65.466, -24.899 ], [ -65.466, -24.866 ], [ -65.466, -24.833 ], [ -65.466, -24.799 ], [ -65.433, -24.799 ], [ -65.399, -24.799 ], [ -65.399, -24.833 ], [ -65.366, -24.833 ], [ -65.366, -24.866 ], [ -65.366, -24.899 ], [ -65.366, -24.933 ], [ -65.366, -24.966 ], [ -65.366, -24.999 ], [ -65.399, -24.999 ], [ -65.399, -25.033 ], [ -65.399, -25.066 ], [ -65.366, -25.066 ], [ -65.366, -25.099 ], [ -65.366, -25.133 ], [ -65.399, -25.133 ], [ -65.399, -25.166 ], [ -65.399, -25.199 ], [ -65.399, -25.233 ] ] ], [ [ [ -64.933, -24.799 ], [ -64.933, -24.766 ], [ -64.899, -24.766 ], [ -64.899, -24.799 ], [ -64.933, -24.799 ] ] ], [ [ [ -64.699, -24.599 ], [ -64.699, -24.633 ], [ -64.733, -24.633 ], [ -64.733, -24.666 ], [ -64.766, -24.666 ], [ -64.799, -24.666 ], [ -64.799, -24.699 ], [ -64.833, -24.699 ], [ -64.866, -24.699 ], [ -64.866, -24.666 ], [ -64.833, -24.666 ], [ -64.833, -24.633 ], [ -64.799, -24.633 ], [ -64.766, -24.633 ], [ -64.766, -24.599 ], [ -64.733, -24.599 ], [ -64.699, -24.599 ] ] ], [ [ [ -64.699, -24.599 ], [ -64.699, -24.566 ], [ -64.666, -24.566 ], [ -64.666, -24.599 ], [ -64.699, -24.599 ] ] ], [ [ [ -64.666, -24.566 ], [ -64.666, -24.533 ], [ -64.666, -24.499 ], [ -64.666, -24.466 ], [ -64.633, -24.466 ], [ -64.633, -24.433 ], [ -64.633, -24.399 ], [ -64.599, -24.399 ], [ -64.599, -24.366 ], [ -64.599, -24.333 ], [ -64.599, -24.299 ], [ -64.599, -24.266 ], [ -64.599, -24.233 ], [ -64.566, -24.233 ], [ -64.566, -24.266 ], [ -64.533, -24.266 ], [ -64.533, -24.299 ], [ -64.533, -24.333 ], [ -64.566, -24.333 ], [ -64.566, -24.366 ], [ -64.566, -24.399 ], [ -64.566, -24.433 ], [ -64.599, -24.433 ], [ -64.599, -24.466 ], [ -64.599, -24.499 ], [ -64.599, -24.533 ], [ -64.599, -24.566 ], [ -64.633, -24.566 ], [ -64.666, -24.566 ] ] ], [ [ [ -64.933, -24.166 ], [ -64.966, -24.166 ], [ -64.966, -24.133 ], [ -64.933, -24.133 ], [ -64.933, -24.166 ] ] ], [ [ [ -64.533, -24.133 ], [ -64.566, -24.133 ], [ -64.566, -24.099 ], [ -64.533, -24.099 ], [ -64.533, -24.133 ] ] ], [ [ [ -64.466, -23.966 ], [ -64.499, -23.966 ], [ -64.499, -23.933 ], [ -64.466, -23.933 ], [ -64.466, -23.966 ] ] ], [ [ [ -64.499, -24.733 ], [ -64.499, -24.699 ], [ -64.499, -24.666 ], [ -64.466, -24.666 ], [ -64.466, -24.633 ], [ -64.433, -24.633 ], [ -64.433, -24.599 ], [ -64.433, -24.566 ], [ -64.466, -24.566 ], [ -64.466, -24.533 ], [ -64.433, -24.533 ], [ -64.399, -24.533 ], [ -64.399, -24.499 ], [ -64.366, -24.499 ], [ -64.366, -24.466 ], [ -64.366, -24.433 ], [ -64.333, -24.433 ], [ -64.333, -24.399 ], [ -64.299, -24.399 ], [ -64.299, -24.366 ], [ -64.299, -24.333 ], [ -64.299, -24.299 ], [ -64.333, -24.299 ], [ -64.333, -24.266 ], [ -64.299, -24.266 ], [ -64.299, -24.233 ], [ -64.299, -24.199 ], [ -64.299, -24.166 ], [ -64.299, -24.133 ], [ -64.299, -24.099 ], [ -64.299, -24.066 ], [ -64.333, -24.066 ], [ -64.333, -24.099 ], [ -64.366, -24.099 ], [ -64.399, -24.099 ], [ -64.399, -24.066 ], [ -64.366, -24.066 ], [ -64.366, -24.033 ], [ -64.399, -24.033 ], [ -64.399, -23.999 ], [ -64.399, -23.966 ], [ -64.399, -23.933 ], [ -64.366, -23.933 ], [ -64.366, -23.966 ], [ -64.333, -23.966 ], [ -64.333, -23.999 ], [ -64.299, -23.999 ], [ -64.299, -23.966 ], [ -64.266, -23.966 ], [ -64.266, -23.999 ], [ -64.233, -23.999 ], [ -64.233, -24.033 ], [ -64.233, -24.066 ], [ -64.199, -24.066 ], [ -64.199, -24.033 ], [ -64.166, -24.033 ], [ -64.166, -24.066 ], [ -64.166, -24.099 ], [ -64.166, -24.133 ], [ -64.133, -24.133 ], [ -64.133, -24.166 ], [ -64.133, -24.199 ], [ -64.166, -24.199 ], [ -64.166, -24.233 ], [ -64.199, -24.233 ], [ -64.199, -24.266 ], [ -64.166, -24.266 ], [ -64.166, -24.299 ], [ -64.199, -24.299 ], [ -64.199, -24.333 ], [ -64.233, -24.333 ], [ -64.233, -24.366 ], [ -64.233, -24.399 ], [ -64.233, -24.433 ], [ -64.266, -24.433 ], [ -64.266, -24.466 ], [ -64.266, -24.499 ], [ -64.266, -24.533 ], [ -64.299, -24.533 ], [ -64.333, -24.533 ], [ -64.333, -24.566 ], [ -64.366, -24.566 ], [ -64.366, -24.599 ], [ -64.399, -24.599 ], [ -64.399, -24.633 ], [ -64.399, -24.666 ], [ -64.399, -24.699 ], [ -64.433, -24.699 ], [ -64.466, -24.699 ], [ -64.466, -24.733 ], [ -64.499, -24.733 ] ] ], [ [ [ -64.399, -23.933 ], [ -64.433, -23.933 ], [ -64.433, -23.899 ], [ -64.399, -23.899 ], [ -64.399, -23.933 ] ] ], [ [ [ -59.566, -24.633 ], [ -59.566, -24.599 ], [ -59.599, -24.599 ], [ -59.599, -24.633 ], [ -59.566, -24.633 ], [ -59.566, -24.666 ], [ -59.566, -24.699 ], [ -59.566, -24.733 ], [ -59.599, -24.733 ], [ -59.599, -24.766 ], [ -59.599, -24.799 ], [ -59.633, -24.799 ], [ -59.633, -24.833 ], [ -59.666, -24.833 ], [ -59.666, -24.866 ], [ -59.699, -24.866 ], [ -59.699, -24.899 ], [ -59.733, -24.899 ], [ -59.766, -24.899 ], [ -59.766, -24.933 ], [ -59.799, -24.933 ], [ -59.799, -24.966 ], [ -59.799, -24.999 ], [ -59.766, -24.999 ], [ -59.766, -25.033 ], [ -59.799, -25.033 ], [ -59.799, -25.066 ], [ -59.799, -25.099 ], [ -59.766, -25.099 ], [ -59.766, -25.133 ], [ -59.766, -25.166 ], [ -59.733, -25.166 ], [ -59.733, -25.199 ], [ -59.766, -25.199 ], [ -59.766, -25.233 ], [ -59.766, -25.266 ], [ -59.766, -25.299 ], [ -59.799, -25.299 ], [ -59.799, -25.333 ], [ -59.799, -25.366 ], [ -59.833, -25.366 ], [ -59.833, -25.399 ], [ -59.833, -25.433 ], [ -59.833, -25.466 ], [ -59.866, -25.466 ], [ -59.866, -25.499 ], [ -59.866, -25.533 ], [ -59.866, -25.566 ], [ -59.866, -25.599 ], [ -59.833, -25.599 ], [ -59.833, -25.633 ], [ -59.799, -25.633 ], [ -59.799, -25.666 ], [ -59.833, -25.666 ], [ -59.833, -25.699 ], [ -59.833, -25.733 ], [ -59.833, -25.766 ], [ -59.799, -25.766 ], [ -59.799, -25.799 ], [ -59.799, -25.833 ], [ -59.799, -25.866 ], [ -59.799, -25.899 ], [ -59.766, -25.899 ], [ -59.766, -25.933 ], [ -59.799, -25.933 ], [ -59.799, -25.966 ], [ -59.766, -25.966 ], [ -59.766, -25.999 ], [ -59.766, -26.033 ], [ -59.733, -26.033 ], [ -59.733, -26.066 ], [ -59.766, -26.066 ], [ -59.766, -26.099 ], [ -59.766, -26.133 ], [ -59.766, -26.166 ], [ -59.766, -26.199 ], [ -59.766, -26.233 ], [ -59.733, -26.233 ], [ -59.733, -26.266 ], [ -59.733, -26.299 ], [ -59.733, -26.333 ], [ -59.699, -26.333 ], [ -59.699, -26.366 ], [ -59.699, -26.399 ], [ -59.666, -26.399 ], [ -59.666, -26.433 ], [ -59.633, -26.433 ], [ -59.599, -26.433 ], [ -59.599, -26.466 ], [ -59.599, -26.499 ], [ -59.599, -26.533 ], [ -59.599, -26.566 ], [ -59.566, -26.566 ], [ -59.533, -26.566 ], [ -59.533, -26.599 ], [ -59.533, -26.633 ], [ -59.533, -26.666 ], [ -59.533, -26.699 ], [ -59.499, -26.699 ], [ -59.499, -26.733 ], [ -59.466, -26.733 ], [ -59.466, -26.766 ], [ -59.433, -26.766 ], [ -59.433, -26.799 ], [ -59.433, -26.833 ], [ -59.399, -26.833 ], [ -59.399, -26.866 ], [ -59.399, -26.899 ], [ -59.366, -26.899 ], [ -59.366, -26.933 ], [ -59.333, -26.933 ], [ -59.299, -26.933 ], [ -59.266, -26.933 ], [ -59.266, -26.966 ], [ -59.233, -26.966 ], [ -59.199, -26.966 ], [ -59.166, -26.966 ], [ -59.166, -26.999 ], [ -59.133, -26.999 ], [ -59.133, -27.033 ], [ -59.099, -27.033 ], [ -59.066, -27.033 ], [ -59.033, -27.033 ], [ -59.033, -27.066 ], [ -58.999, -27.066 ], [ -58.999, -27.033 ], [ -58.999, -26.999 ], [ -58.966, -26.999 ], [ -58.966, -27.033 ], [ -58.933, -27.033 ], [ -58.933, -27.066 ], [ -58.933, -27.099 ], [ -58.933, -27.133 ], [ -58.933, -27.166 ], [ -58.933, -27.199 ], [ -58.933, -27.233 ], [ -58.933, -27.266 ], [ -58.933, -27.299 ], [ -58.933, -27.333 ], [ -58.933, -27.366 ], [ -58.933, -27.399 ], [ -58.933, -27.433 ], [ -58.933, -27.466 ], [ -58.933, -27.499 ], [ -58.933, -27.533 ], [ -58.933, -27.566 ], [ -58.933, -27.599 ], [ -58.933, -27.633 ], [ -58.933, -27.666 ], [ -58.933, -27.699 ], [ -58.933, -27.733 ], [ -58.933, -27.766 ], [ -58.966, -27.766 ], [ -58.966, -27.799 ], [ -58.966, -27.833 ], [ -58.999, -27.833 ], [ -58.999, -27.866 ], [ -58.999, -27.899 ], [ -58.999, -27.933 ], [ -58.999, -27.966 ], [ -58.966, -27.966 ], [ -58.966, -27.999 ], [ -58.933, -27.999 ], [ -58.933, -28.033 ], [ -58.899, -28.033 ], [ -58.899, -28.066 ], [ -58.899, -28.099 ], [ -58.866, -28.099 ], [ -58.866, -28.066 ], [ -58.833, -28.066 ], [ -58.833, -28.033 ], [ -58.833, -27.999 ], [ -58.799, -27.999 ], [ -58.766, -27.999 ], [ -58.733, -27.999 ], [ -58.699, -27.999 ], [ -58.666, -27.999 ], [ -58.666, -28.033 ], [ -58.633, -28.033 ], [ -58.599, -28.033 ], [ -58.566, -28.033 ], [ -58.533, -28.033 ], [ -58.499, -28.033 ], [ -58.499, -28.066 ], [ -58.466, -28.066 ], [ -58.433, -28.066 ], [ -58.399, -28.066 ], [ -58.399, -28.033 ], [ -58.366, -28.033 ], [ -58.333, -28.033 ], [ -58.333, -28.066 ], [ -58.299, -28.066 ], [ -58.299, -28.033 ], [ -58.266, -28.033 ], [ -58.233, -28.033 ], [ -58.233, -27.999 ], [ -58.199, -27.999 ], [ -58.166, -27.999 ], [ -58.166, -28.033 ], [ -58.199, -28.033 ], [ -58.199, -28.066 ], [ -58.166, -28.066 ], [ -58.166, -28.033 ], [ -58.133, -28.033 ], [ -58.099, -28.033 ], [ -58.066, -28.033 ], [ -58.066, -28.066 ], [ -58.033, -28.066 ], [ -57.999, -28.066 ], [ -57.999, -28.033 ], [ -57.966, -28.033 ], [ -57.933, -28.033 ], [ -57.899, -28.033 ], [ -57.866, -28.033 ], [ -57.833, -28.033 ], [ -57.799, -28.033 ], [ -57.766, -28.033 ], [ -57.733, -28.033 ], [ -57.699, -28.033 ], [ -57.666, -28.033 ], [ -57.633, -28.033 ], [ -57.599, -28.033 ], [ -57.566, -28.033 ], [ -57.533, -28.033 ], [ -57.499, -28.033 ], [ -57.466, -28.033 ], [ -57.433, -28.033 ], [ -57.399, -28.033 ], [ -57.366, -28.033 ], [ -57.333, -28.033 ], [ -57.333, -28.066 ], [ -57.299, -28.066 ], [ -57.266, -28.066 ], [ -57.233, -28.066 ], [ -57.199, -28.066 ], [ -57.166, -28.066 ], [ -57.133, -28.066 ], [ -57.133, -28.099 ], [ -57.099, -28.099 ], [ -57.066, -28.099 ], [ -57.033, -28.099 ], [ -56.999, -28.099 ], [ -56.999, -28.133 ], [ -56.966, -28.133 ], [ -56.966, -28.099 ], [ -56.999, -28.099 ], [ -56.999, -28.066 ], [ -56.999, -28.033 ], [ -56.966, -28.033 ], [ -56.933, -28.033 ], [ -56.899, -28.033 ], [ -56.899, -28.066 ], [ -56.866, -28.066 ], [ -56.833, -28.066 ], [ -56.799, -28.066 ], [ -56.799, -28.099 ], [ -56.799, -28.133 ], [ -56.766, -28.133 ], [ -56.733, -28.133 ], [ -56.733, -28.166 ], [ -56.733, -28.199 ], [ -56.699, -28.199 ], [ -56.666, -28.199 ], [ -56.633, -28.199 ], [ -56.599, -28.199 ], [ -56.566, -28.199 ], [ -56.533, -28.199 ], [ -56.533, -28.233 ], [ -56.533, -28.266 ], [ -56.499, -28.266 ], [ -56.466, -28.266 ], [ -56.466, -28.233 ], [ -56.433, -28.233 ], [ -56.433, -28.266 ], [ -56.433, -28.299 ], [ -56.399, -28.299 ], [ -56.366, -28.299 ], [ -56.333, -28.299 ], [ -56.333, -28.266 ], [ -56.299, -28.266 ], [ -56.299, -28.233 ], [ -56.266, -28.233 ], [ -56.233, -28.233 ], [ -56.199, -28.233 ], [ -56.199, -28.199 ], [ -56.166, -28.199 ], [ -56.133, -28.199 ], [ -56.133, -28.166 ], [ -56.133, -28.133 ], [ -56.099, -28.133 ], [ -56.099, -28.099 ], [ -56.099, -28.066 ], [ -56.066, -28.066 ], [ -56.066, -28.033 ], [ -56.099, -28.033 ], [ -56.133, -28.033 ], [ -56.133, -27.999 ], [ -56.133, -27.966 ], [ -56.099, -27.966 ], [ -56.099, -27.933 ], [ -56.066, -27.933 ], [ -56.033, -27.933 ], [ -55.999, -27.933 ], [ -55.966, -27.933 ], [ -55.966, -27.899 ], [ -55.966, -27.866 ], [ -55.933, -27.866 ], [ -55.933, -27.833 ], [ -55.899, -27.833 ], [ -55.899, -27.799 ], [ -55.899, -27.766 ], [ -55.933, -27.766 ], [ -55.966, -27.766 ], [ -55.966, -27.733 ], [ -55.933, -27.733 ], [ -55.933, -27.699 ], [ -55.933, -27.666 ], [ -55.966, -27.666 ], [ -55.966, -27.633 ], [ -55.933, -27.633 ], [ -55.899, -27.633 ], [ -55.866, -27.633 ], [ -55.866, -27.666 ], [ -55.899, -27.666 ], [ -55.899, -27.699 ], [ -55.866, -27.699 ], [ -55.833, -27.699 ], [ -55.833, -27.733 ], [ -55.799, -27.733 ], [ -55.799, -27.699 ], [ -55.799, -27.666 ], [ -55.766, -27.666 ], [ -55.733, -27.666 ], [ -55.733, -27.633 ], [ -55.733, -27.599 ], [ -55.733, -27.566 ], [ -55.699, -27.566 ], [ -55.666, -27.566 ], [ -55.666, -27.533 ], [ -55.666, -27.499 ], [ -55.699, -27.499 ], [ -55.699, -27.466 ], [ -55.699, -27.433 ], [ -55.666, -27.433 ], [ -55.666, -27.466 ], [ -55.633, -27.466 ], [ -55.633, -27.433 ], [ -55.666, -27.433 ], [ -55.666, -27.399 ], [ -55.666, -27.371 ], [ -55.641, -27.364 ], [ -55.638, -27.361 ], [ -55.633, -27.366 ], [ -55.599, -27.366 ], [ -55.599, -27.338 ], [ -55.598, -27.337 ], [ -55.597, -27.333 ], [ -55.566, -27.333 ], [ -55.533, -27.333 ], [ -55.533, -27.299 ], [ -55.499, -27.299 ], [ -55.499, -27.333 ], [ -55.499, -27.366 ], [ -55.499, -27.399 ], [ -55.466, -27.399 ], [ -55.466, -27.433 ], [ -55.433, -27.433 ], [ -55.433, -27.399 ], [ -55.399, -27.399 ], [ -55.399, -27.366 ], [ -55.433, -27.366 ], [ -55.466, -27.366 ], [ -55.466, -27.333 ], [ -55.433, -27.333 ], [ -55.433, -27.299 ], [ -55.433, -27.266 ], [ -55.466, -27.266 ], [ -55.499, -27.266 ], [ -55.533, -27.266 ], [ -55.533, -27.233 ], [ -55.566, -27.233 ], [ -55.566, -27.199 ], [ -55.533, -27.199 ], [ -55.533, -27.166 ], [ -55.499, -27.166 ], [ -55.499, -27.133 ], [ -55.466, -27.133 ], [ -55.466, -27.166 ], [ -55.433, -27.166 ], [ -55.433, -27.133 ], [ -55.399, -27.133 ], [ -55.366, -27.133 ], [ -55.366, -27.166 ], [ -55.333, -27.166 ], [ -55.333, -27.133 ], [ -55.333, -27.099 ], [ -55.366, -27.099 ], [ -55.399, -27.099 ], [ -55.433, -27.099 ], [ -55.433, -27.066 ], [ -55.399, -27.066 ], [ -55.399, -27.033 ], [ -55.399, -26.999 ], [ -55.366, -26.999 ], [ -55.333, -26.999 ], [ -55.299, -26.999 ], [ -55.266, -26.999 ], [ -55.266, -26.966 ], [ -55.233, -26.966 ], [ -55.233, -26.999 ], [ -55.233, -27.033 ], [ -55.199, -27.033 ], [ -55.199, -27.066 ], [ -55.166, -27.066 ], [ -55.133, -27.066 ], [ -55.133, -27.099 ], [ -55.099, -27.099 ], [ -55.099, -27.066 ], [ -55.099, -27.033 ], [ -55.066, -27.033 ], [ -55.066, -27.066 ], [ -55.033, -27.066 ], [ -54.999, -27.066 ], [ -54.999, -27.099 ], [ -54.966, -27.099 ], [ -54.966, -27.066 ], [ -54.966, -27.033 ], [ -54.999, -27.033 ], [ -54.999, -26.999 ], [ -55.033, -26.999 ], [ -55.033, -26.966 ], [ -55.033, -26.933 ], [ -55.033, -26.899 ], [ -54.999, -26.899 ], [ -54.999, -26.866 ], [ -54.966, -26.866 ], [ -54.966, -26.899 ], [ -54.933, -26.899 ], [ -54.933, -26.933 ], [ -54.899, -26.933 ], [ -54.866, -26.933 ], [ -54.833, -26.933 ], [ -54.799, -26.933 ], [ -54.799, -26.899 ], [ -54.833, -26.899 ], [ -54.833, -26.866 ], [ -54.833, -26.833 ], [ -54.833, -26.799 ], [ -54.833, -26.766 ], [ -54.833, -26.733 ], [ -54.799, -26.733 ], [ -54.799, -26.766 ], [ -54.799, -26.799 ], [ -54.766, -26.799 ], [ -54.766, -26.833 ], [ -54.733, -26.833 ], [ -54.699, -26.833 ], [ -54.699, -26.866 ], [ -54.666, -26.866 ], [ -54.666, -26.899 ], [ -54.633, -26.899 ], [ -54.633, -26.866 ], [ -54.633, -26.833 ], [ -54.599, -26.833 ], [ -54.599, -26.799 ], [ -54.633, -26.799 ], [ -54.666, -26.799 ], [ -54.666, -26.766 ], [ -54.633, -26.766 ], [ -54.633, -26.733 ], [ -54.666, -26.733 ], [ -54.666, -26.699 ], [ -54.699, -26.699 ], [ -54.699, -26.666 ], [ -54.666, -26.666 ], [ -54.633, -26.666 ], [ -54.633, -26.633 ], [ -54.633, -26.599 ], [ -54.599, -26.599 ], [ -54.599, -26.566 ], [ -54.566, -26.566 ], [ -54.566, -26.533 ], [ -54.533, -26.533 ], [ -54.533, -26.566 ], [ -54.499, -26.566 ], [ -54.466, -26.566 ], [ -54.466, -26.599 ], [ -54.433, -26.599 ], [ -54.433, -26.566 ], [ -54.399, -26.566 ], [ -54.399, -26.533 ], [ -54.399, -26.499 ], [ -54.433, -26.499 ], [ -54.433, -26.466 ], [ -54.466, -26.466 ], [ -54.466, -26.433 ], [ -54.433, -26.433 ], [ -54.433, -26.399 ], [ -54.399, -26.399 ], [ -54.366, -26.399 ], [ -54.366, -26.366 ], [ -54.333, -26.366 ], [ -54.333, -26.333 ], [ -54.299, -26.333 ], [ -54.299, -26.299 ], [ -54.333, -26.299 ], [ -54.366, -26.299 ], [ -54.399, -26.299 ], [ -54.433, -26.299 ], [ -54.466, -26.299 ], [ -54.499, -26.299 ], [ -54.533, -26.299 ], [ -54.533, -26.266 ], [ -54.499, -26.266 ], [ -54.499, -26.233 ], [ -54.466, -26.233 ], [ -54.466, -26.199 ], [ -54.433, -26.199 ], [ -54.399, -26.199 ], [ -54.399, -26.233 ], [ -54.366, -26.233 ], [ -54.366, -26.199 ], [ -54.333, -26.199 ], [ -54.333, -26.166 ], [ -54.366, -26.166 ], [ -54.399, -26.166 ], [ -54.399, -26.133 ], [ -54.366, -26.133 ], [ -54.366, -26.099 ], [ -54.399, -26.099 ], [ -54.433, -26.099 ], [ -54.466, -26.099 ], [ -54.466, -26.066 ], [ -54.499, -26.066 ], [ -54.499, -26.033 ], [ -54.466, -26.033 ], [ -54.466, -25.999 ], [ -54.499, -25.999 ], [ -54.499, -25.966 ], [ -54.499, -25.933 ], [ -54.533, -25.933 ], [ -54.533, -25.899 ], [ -54.499, -25.899 ], [ -54.466, -25.899 ], [ -54.466, -25.933 ], [ -54.433, -25.933 ], [ -54.433, -25.966 ], [ -54.399, -25.966 ], [ -54.399, -25.933 ], [ -54.399, -25.899 ], [ -54.433, -25.899 ], [ -54.466, -25.899 ], [ -54.466, -25.866 ], [ -54.499, -25.866 ], [ -54.499, -25.833 ], [ -54.533, -25.833 ], [ -54.566, -25.833 ], [ -54.566, -25.799 ], [ -54.566, -25.766 ], [ -54.599, -25.766 ], [ -54.599, -25.733 ], [ -54.566, -25.733 ], [ -54.566, -25.699 ], [ -54.533, -25.699 ], [ -54.533, -25.666 ], [ -54.499, -25.666 ], [ -54.499, -25.614 ], [ -54.498, -25.615 ], [ -54.495, -25.616 ], [ -54.492, -25.618 ], [ -54.491, -25.618 ], [ -54.489, -25.621 ], [ -54.487, -25.622 ], [ -54.485, -25.624 ], [ -54.484, -25.625 ], [ -54.483, -25.626 ], [ -54.483, -25.627 ], [ -54.482, -25.627 ], [ -54.481, -25.628 ], [ -54.479, -25.629 ], [ -54.477, -25.630 ], [ -54.476, -25.631 ], [ -54.472, -25.634 ], [ -54.471, -25.635 ], [ -54.470, -25.636 ], [ -54.469, -25.636 ], [ -54.468, -25.637 ], [ -54.467, -25.639 ], [ -54.466, -25.640 ], [ -54.465, -25.640 ], [ -54.465, -25.641 ], [ -54.465, -25.641 ], [ -54.464, -25.642 ], [ -54.464, -25.642 ], [ -54.463, -25.643 ], [ -54.462, -25.644 ], [ -54.460, -25.646 ], [ -54.459, -25.647 ], [ -54.457, -25.650 ], [ -54.455, -25.652 ], [ -54.452, -25.655 ], [ -54.451, -25.657 ], [ -54.449, -25.659 ], [ -54.445, -25.664 ], [ -54.445, -25.666 ], [ -54.444, -25.668 ], [ -54.443, -25.669 ], [ -54.443, -25.670 ], [ -54.443, -25.671 ], [ -54.443, -25.672 ], [ -54.443, -25.673 ], [ -54.443, -25.674 ], [ -54.443, -25.675 ], [ -54.442, -25.678 ], [ -54.442, -25.680 ], [ -54.441, -25.683 ], [ -54.441, -25.683 ], [ -54.440, -25.688 ], [ -54.438, -25.691 ], [ -54.436, -25.696 ], [ -54.435, -25.696 ], [ -54.434, -25.697 ], [ -54.434, -25.697 ], [ -54.432, -25.697 ], [ -54.431, -25.697 ], [ -54.430, -25.696 ], [ -54.428, -25.695 ], [ -54.426, -25.693 ], [ -54.425, -25.692 ], [ -54.424, -25.691 ], [ -54.423, -25.689 ], [ -54.423, -25.687 ], [ -54.423, -25.684 ], [ -54.423, -25.681 ], [ -54.426, -25.674 ], [ -54.427, -25.668 ], [ -54.425, -25.663 ], [ -54.423, -25.659 ], [ -54.417, -25.653 ], [ -54.415, -25.651 ], [ -54.399, -25.666 ], [ -54.366, -25.666 ], [ -54.333, -25.666 ], [ -54.333, -25.633 ], [ -54.299, -25.633 ], [ -54.266, -25.633 ], [ -54.233, -25.633 ], [ -54.199, -25.633 ], [ -54.166, -25.633 ], [ -54.133, -25.633 ], [ -54.099, -25.633 ], [ -54.066, -25.633 ], [ -54.033, -25.633 ], [ -54.033, -25.666 ], [ -53.999, -25.666 ], [ -53.999, -25.633 ], [ -53.966, -25.633 ], [ -53.966, -25.666 ], [ -53.933, -25.666 ], [ -53.899, -25.666 ], [ -53.884, -25.651 ], [ -53.884, -25.651 ], [ -53.884, -25.652 ], [ -53.885, -25.653 ], [ -53.886, -25.655 ], [ -53.887, -25.655 ], [ -53.888, -25.655 ], [ -53.889, -25.656 ], [ -53.890, -25.657 ], [ -53.890, -25.657 ], [ -53.890, -25.659 ], [ -53.890, -25.660 ], [ -53.890, -25.660 ], [ -53.890, -25.661 ], [ -53.889, -25.661 ], [ -53.888, -25.661 ], [ -53.887, -25.661 ], [ -53.887, -25.661 ], [ -53.886, -25.660 ], [ -53.885, -25.659 ], [ -53.884, -25.658 ], [ -53.884, -25.658 ], [ -53.883, -25.657 ], [ -53.882, -25.657 ], [ -53.881, -25.656 ], [ -53.879, -25.656 ], [ -53.878, -25.655 ], [ -53.877, -25.654 ], [ -53.876, -25.654 ], [ -53.876, -25.654 ], [ -53.875, -25.654 ], [ -53.874, -25.654 ], [ -53.873, -25.654 ], [ -53.873, -25.655 ], [ -53.873, -25.655 ], [ -53.873, -25.655 ], [ -53.873, -25.656 ], [ -53.874, -25.656 ], [ -53.873, -25.657 ], [ -53.873, -25.657 ], [ -53.872, -25.657 ], [ -53.871, -25.657 ], [ -53.870, -25.657 ], [ -53.869, -25.657 ], [ -53.868, -25.658 ], [ -53.867, -25.658 ], [ -53.866, -25.658 ], [ -53.866, -25.658 ], [ -53.865, -25.658 ], [ -53.864, -25.658 ], [ -53.863, -25.658 ], [ -53.863, -25.658 ], [ -53.862, -25.658 ], [ -53.862, -25.659 ], [ -53.861, -25.659 ], [ -53.862, -25.660 ], [ -53.861, -25.661 ], [ -53.861, -25.662 ], [ -53.861, -25.662 ], [ -53.860, -25.663 ], [ -53.860, -25.663 ], [ -53.860, -25.664 ], [ -53.860, -25.665 ], [ -53.859, -25.666 ], [ -53.859, -25.667 ], [ -53.859, -25.667 ], [ -53.859, -25.668 ], [ -53.858, -25.668 ], [ -53.858, -25.669 ], [ -53.857, -25.670 ], [ -53.856, -25.670 ], [ -53.855, -25.671 ], [ -53.855, -25.672 ], [ -53.854, -25.672 ], [ -53.854, -25.673 ], [ -53.854, -25.673 ], [ -53.855, -25.674 ], [ -53.857, -25.674 ], [ -53.857, -25.675 ], [ -53.857, -25.676 ], [ -53.858, -25.676 ], [ -53.858, -25.677 ], [ -53.859, -25.677 ], [ -53.859, -25.677 ], [ -53.859, -25.677 ], [ -53.859, -25.678 ], [ -53.859, -25.678 ], [ -53.859, -25.679 ], [ -53.859, -25.679 ], [ -53.858, -25.680 ], [ -53.858, -25.680 ], [ -53.857, -25.681 ], [ -53.857, -25.681 ], [ -53.857, -25.682 ], [ -53.856, -25.683 ], [ -53.855, -25.683 ], [ -53.854, -25.683 ], [ -53.854, -25.683 ], [ -53.853, -25.683 ], [ -53.852, -25.683 ], [ -53.851, -25.683 ], [ -53.850, -25.684 ], [ -53.849, -25.684 ], [ -53.849, -25.684 ], [ -53.848, -25.685 ], [ -53.848, -25.685 ], [ -53.847, -25.685 ], [ -53.846, -25.685 ], [ -53.846, -25.685 ], [ -53.845, -25.685 ], [ -53.844, -25.685 ], [ -53.844, -25.686 ], [ -53.843, -25.686 ], [ -53.842, -25.687 ], [ -53.842, -25.687 ], [ -53.842, -25.688 ], [ -53.842, -25.689 ], [ -53.843, -25.689 ], [ -53.844, -25.689 ], [ -53.846, -25.689 ], [ -53.847, -25.689 ], [ -53.847, -25.689 ], [ -53.848, -25.690 ], [ -53.849, -25.690 ], [ -53.850, -25.690 ], [ -53.850, -25.690 ], [ -53.852, -25.690 ], [ -53.852, -25.690 ], [ -53.853, -25.690 ], [ -53.854, -25.691 ], [ -53.855, -25.691 ], [ -53.855, -25.691 ], [ -53.854, -25.692 ], [ -53.854, -25.693 ], [ -53.854, -25.694 ], [ -53.854, -25.695 ], [ -53.854, -25.696 ], [ -53.853, -25.696 ], [ -53.853, -25.697 ], [ -53.851, -25.699 ], [ -53.850, -25.700 ], [ -53.850, -25.701 ], [ -53.850, -25.702 ], [ -53.850, -25.703 ], [ -53.851, -25.704 ], [ -53.851, -25.705 ], [ -53.851, -25.706 ], [ -53.852, -25.706 ], [ -53.853, -25.706 ], [ -53.854, -25.707 ], [ -53.855, -25.707 ], [ -53.855, -25.707 ], [ -53.856, -25.707 ], [ -53.856, -25.706 ], [ -53.857, -25.705 ], [ -53.857, -25.704 ], [ -53.857, -25.703 ], [ -53.858, -25.702 ], [ -53.859, -25.701 ], [ -53.861, -25.699 ], [ -53.862, -25.698 ], [ -53.864, -25.697 ], [ -53.866, -25.696 ], [ -53.868, -25.695 ], [ -53.870, -25.694 ], [ -53.871, -25.693 ], [ -53.872, -25.693 ], [ -53.872, -25.693 ], [ -53.873, -25.694 ], [ -53.873, -25.694 ], [ -53.873, -25.695 ], [ -53.872, -25.695 ], [ -53.871, -25.696 ], [ -53.870, -25.697 ], [ -53.870, -25.697 ], [ -53.869, -25.698 ], [ -53.868, -25.698 ], [ -53.867, -25.699 ], [ -53.867, -25.699 ], [ -53.867, -25.699 ], [ -53.867, -25.700 ], [ -53.866, -25.701 ], [ -53.866, -25.701 ], [ -53.866, -25.702 ], [ -53.866, -25.702 ], [ -53.865, -25.702 ], [ -53.865, -25.702 ], [ -53.865, -25.702 ], [ -53.864, -25.703 ], [ -53.865, -25.704 ], [ -53.865, -25.705 ], [ -53.865, -25.705 ], [ -53.866, -25.706 ], [ -53.867, -25.706 ], [ -53.869, -25.706 ], [ -53.871, -25.706 ], [ -53.873, -25.706 ], [ -53.874, -25.706 ], [ -53.875, -25.706 ], [ -53.876, -25.706 ], [ -53.877, -25.706 ], [ -53.878, -25.706 ], [ -53.878, -25.707 ], [ -53.879, -25.707 ], [ -53.879, -25.708 ], [ -53.878, -25.708 ], [ -53.878, -25.709 ], [ -53.877, -25.709 ], [ -53.877, -25.710 ], [ -53.876, -25.711 ], [ -53.875, -25.712 ], [ -53.874, -25.712 ], [ -53.874, -25.712 ], [ -53.873, -25.713 ], [ -53.873, -25.713 ], [ -53.872, -25.713 ], [ -53.872, -25.713 ], [ -53.871, -25.713 ], [ -53.870, -25.713 ], [ -53.869, -25.713 ], [ -53.868, -25.713 ], [ -53.867, -25.713 ], [ -53.866, -25.714 ], [ -53.866, -25.714 ], [ -53.867, -25.715 ], [ -53.867, -25.716 ], [ -53.868, -25.716 ], [ -53.869, -25.716 ], [ -53.869, -25.717 ], [ -53.870, -25.717 ], [ -53.870, -25.718 ], [ -53.869, -25.719 ], [ -53.869, -25.719 ], [ -53.868, -25.720 ], [ -53.868, -25.720 ], [ -53.867, -25.719 ], [ -53.866, -25.718 ], [ -53.865, -25.717 ], [ -53.864, -25.717 ], [ -53.864, -25.717 ], [ -53.862, -25.716 ], [ -53.862, -25.716 ], [ -53.861, -25.716 ], [ -53.861, -25.717 ], [ -53.861, -25.717 ], [ -53.861, -25.718 ], [ -53.861, -25.718 ], [ -53.861, -25.719 ], [ -53.860, -25.720 ], [ -53.859, -25.722 ], [ -53.859, -25.723 ], [ -53.858, -25.724 ], [ -53.859, -25.725 ], [ -53.859, -25.727 ], [ -53.860, -25.728 ], [ -53.861, -25.728 ], [ -53.862, -25.729 ], [ -53.862, -25.730 ], [ -53.863, -25.730 ], [ -53.863, -25.730 ], [ -53.863, -25.731 ], [ -53.863, -25.732 ], [ -53.863, -25.734 ], [ -53.864, -25.736 ], [ -53.865, -25.738 ], [ -53.865, -25.740 ], [ -53.866, -25.741 ], [ -53.866, -25.742 ], [ -53.866, -25.743 ], [ -53.866, -25.744 ], [ -53.865, -25.744 ], [ -53.864, -25.745 ], [ -53.863, -25.745 ], [ -53.862, -25.745 ], [ -53.860, -25.744 ], [ -53.859, -25.744 ], [ -53.857, -25.744 ], [ -53.855, -25.743 ], [ -53.854, -25.743 ], [ -53.853, -25.742 ], [ -53.852, -25.742 ], [ -53.851, -25.741 ], [ -53.851, -25.741 ], [ -53.850, -25.741 ], [ -53.849, -25.740 ], [ -53.849, -25.741 ], [ -53.848, -25.741 ], [ -53.848, -25.741 ], [ -53.848, -25.742 ], [ -53.848, -25.743 ], [ -53.847, -25.744 ], [ -53.847, -25.744 ], [ -53.846, -25.745 ], [ -53.845, -25.746 ], [ -53.844, -25.746 ], [ -53.842, -25.747 ], [ -53.841, -25.747 ], [ -53.841, -25.747 ], [ -53.840, -25.747 ], [ -53.838, -25.748 ], [ -53.837, -25.748 ], [ -53.836, -25.748 ], [ -53.835, -25.749 ], [ -53.834, -25.750 ], [ -53.834, -25.751 ], [ -53.833, -25.752 ], [ -53.833, -25.753 ], [ -53.834, -25.753 ], [ -53.836, -25.753 ], [ -53.837, -25.752 ], [ -53.838, -25.752 ], [ -53.840, -25.751 ], [ -53.840, -25.751 ], [ -53.841, -25.751 ], [ -53.842, -25.751 ], [ -53.842, -25.752 ], [ -53.842, -25.752 ], [ -53.842, -25.753 ], [ -53.841, -25.755 ], [ -53.841, -25.756 ], [ -53.840, -25.757 ], [ -53.840, -25.759 ], [ -53.840, -25.760 ], [ -53.840, -25.760 ], [ -53.840, -25.760 ], [ -53.840, -25.761 ], [ -53.841, -25.760 ], [ -53.842, -25.760 ], [ -53.843, -25.759 ], [ -53.845, -25.758 ], [ -53.846, -25.757 ], [ -53.847, -25.757 ], [ -53.847, -25.757 ], [ -53.848, -25.757 ], [ -53.848, -25.758 ], [ -53.849, -25.760 ], [ -53.850, -25.761 ], [ -53.851, -25.762 ], [ -53.851, -25.762 ], [ -53.852, -25.763 ], [ -53.854, -25.764 ], [ -53.855, -25.765 ], [ -53.856, -25.765 ], [ -53.857, -25.766 ], [ -53.857, -25.766 ], [ -53.856, -25.766 ], [ -53.856, -25.767 ], [ -53.855, -25.767 ], [ -53.854, -25.767 ], [ -53.853, -25.768 ], [ -53.852, -25.769 ], [ -53.850, -25.769 ], [ -53.849, -25.769 ], [ -53.847, -25.768 ], [ -53.846, -25.768 ], [ -53.846, -25.769 ], [ -53.845, -25.769 ], [ -53.843, -25.770 ], [ -53.843, -25.770 ], [ -53.842, -25.770 ], [ -53.841, -25.771 ], [ -53.840, -25.771 ], [ -53.839, -25.772 ], [ -53.838, -25.772 ], [ -53.837, -25.773 ], [ -53.836, -25.773 ], [ -53.835, -25.775 ], [ -53.833, -25.777 ], [ -53.833, -25.778 ], [ -53.832, -25.779 ], [ -53.831, -25.779 ], [ -53.831, -25.780 ], [ -53.831, -25.780 ], [ -53.831, -25.781 ], [ -53.831, -25.781 ], [ -53.831, -25.782 ], [ -53.832, -25.783 ], [ -53.832, -25.783 ], [ -53.832, -25.784 ], [ -53.832, -25.785 ], [ -53.833, -25.785 ], [ -53.833, -25.786 ], [ -53.834, -25.786 ], [ -53.836, -25.786 ], [ -53.836, -25.787 ], [ -53.838, -25.787 ], [ -53.839, -25.787 ], [ -53.840, -25.788 ], [ -53.841, -25.788 ], [ -53.842, -25.788 ], [ -53.842, -25.789 ], [ -53.843, -25.789 ], [ -53.843, -25.790 ], [ -53.843, -25.790 ], [ -53.843, -25.790 ], [ -53.841, -25.791 ], [ -53.840, -25.791 ], [ -53.838, -25.791 ], [ -53.836, -25.791 ], [ -53.835, -25.791 ], [ -53.834, -25.791 ], [ -53.834, -25.791 ], [ -53.833, -25.791 ], [ -53.832, -25.792 ], [ -53.831, -25.791 ], [ -53.830, -25.791 ], [ -53.829, -25.790 ], [ -53.828, -25.790 ], [ -53.827, -25.790 ], [ -53.827, -25.790 ], [ -53.825, -25.790 ], [ -53.824, -25.791 ], [ -53.823, -25.791 ], [ -53.822, -25.792 ], [ -53.822, -25.792 ], [ -53.822, -25.793 ], [ -53.822, -25.794 ], [ -53.822, -25.795 ], [ -53.821, -25.796 ], [ -53.821, -25.797 ], [ -53.821, -25.798 ], [ -53.822, -25.799 ], [ -53.822, -25.800 ], [ -53.822, -25.800 ], [ -53.823, -25.800 ], [ -53.825, -25.801 ], [ -53.825, -25.802 ], [ -53.826, -25.802 ], [ -53.826, -25.802 ], [ -53.827, -25.803 ], [ -53.827, -25.803 ], [ -53.827, -25.804 ], [ -53.828, -25.805 ], [ -53.828, -25.806 ], [ -53.828, -25.807 ], [ -53.828, -25.808 ], [ -53.828, -25.808 ], [ -53.828, -25.808 ], [ -53.827, -25.809 ], [ -53.826, -25.809 ], [ -53.824, -25.809 ], [ -53.823, -25.809 ], [ -53.823, -25.810 ], [ -53.822, -25.810 ], [ -53.822, -25.810 ], [ -53.821, -25.811 ], [ -53.821, -25.811 ], [ -53.820, -25.811 ], [ -53.820, -25.811 ], [ -53.819, -25.812 ], [ -53.819, -25.812 ], [ -53.819, -25.813 ], [ -53.819, -25.814 ], [ -53.819, -25.815 ], [ -53.819, -25.815 ], [ -53.819, -25.816 ], [ -53.820, -25.816 ], [ -53.820, -25.816 ], [ -53.821, -25.816 ], [ -53.822, -25.816 ], [ -53.822, -25.815 ], [ -53.823, -25.815 ], [ -53.824, -25.814 ], [ -53.825, -25.814 ], [ -53.826, -25.813 ], [ -53.826, -25.813 ], [ -53.827, -25.813 ], [ -53.828, -25.813 ], [ -53.830, -25.813 ], [ -53.831, -25.813 ], [ -53.832, -25.813 ], [ -53.833, -25.813 ], [ -53.834, -25.814 ], [ -53.834, -25.814 ], [ -53.835, -25.814 ], [ -53.836, -25.815 ], [ -53.837, -25.815 ], [ -53.837, -25.815 ], [ -53.838, -25.815 ], [ -53.838, -25.816 ], [ -53.838, -25.816 ], [ -53.837, -25.817 ], [ -53.837, -25.819 ], [ -53.836, -25.820 ], [ -53.836, -25.820 ], [ -53.836, -25.821 ], [ -53.836, -25.822 ], [ -53.835, -25.822 ], [ -53.835, -25.823 ], [ -53.835, -25.823 ], [ -53.835, -25.824 ], [ -53.835, -25.825 ], [ -53.835, -25.825 ], [ -53.836, -25.825 ], [ -53.836, -25.825 ], [ -53.837, -25.825 ], [ -53.838, -25.826 ], [ -53.839, -25.826 ], [ -53.840, -25.826 ], [ -53.841, -25.826 ], [ -53.841, -25.826 ], [ -53.842, -25.826 ], [ -53.843, -25.827 ], [ -53.844, -25.827 ], [ -53.844, -25.828 ], [ -53.844, -25.828 ], [ -53.844, -25.829 ], [ -53.844, -25.829 ], [ -53.845, -25.830 ], [ -53.845, -25.831 ], [ -53.846, -25.832 ], [ -53.846, -25.833 ], [ -53.847, -25.833 ], [ -53.848, -25.834 ], [ -53.848, -25.834 ], [ -53.849, -25.834 ], [ -53.849, -25.835 ], [ -53.849, -25.836 ], [ -53.849, -25.837 ], [ -53.850, -25.838 ], [ -53.850, -25.839 ], [ -53.850, -25.840 ], [ -53.849, -25.840 ], [ -53.849, -25.841 ], [ -53.849, -25.842 ], [ -53.848, -25.842 ], [ -53.848, -25.842 ], [ -53.847, -25.841 ], [ -53.845, -25.840 ], [ -53.844, -25.840 ], [ -53.844, -25.839 ], [ -53.843, -25.839 ], [ -53.843, -25.839 ], [ -53.842, -25.838 ], [ -53.842, -25.838 ], [ -53.841, -25.839 ], [ -53.841, -25.839 ], [ -53.841, -25.840 ], [ -53.840, -25.841 ], [ -53.840, -25.841 ], [ -53.840, -25.841 ], [ -53.840, -25.842 ], [ -53.840, -25.842 ], [ -53.840, -25.843 ], [ -53.840, -25.843 ], [ -53.839, -25.844 ], [ -53.839, -25.845 ], [ -53.838, -25.846 ], [ -53.837, -25.847 ], [ -53.836, -25.848 ], [ -53.835, -25.849 ], [ -53.834, -25.849 ], [ -53.834, -25.850 ], [ -53.834, -25.850 ], [ -53.834, -25.850 ], [ -53.834, -25.851 ], [ -53.835, -25.851 ], [ -53.835, -25.852 ], [ -53.835, -25.853 ], [ -53.835, -25.853 ], [ -53.836, -25.854 ], [ -53.836, -25.854 ], [ -53.837, -25.855 ], [ -53.838, -25.855 ], [ -53.839, -25.856 ], [ -53.839, -25.856 ], [ -53.841, -25.856 ], [ -53.842, -25.856 ], [ -53.843, -25.856 ], [ -53.844, -25.856 ], [ -53.844, -25.856 ], [ -53.845, -25.857 ], [ -53.845, -25.857 ], [ -53.844, -25.857 ], [ -53.843, -25.858 ], [ -53.843, -25.858 ], [ -53.843, -25.859 ], [ -53.842, -25.859 ], [ -53.842, -25.860 ], [ -53.841, -25.860 ], [ -53.840, -25.860 ], [ -53.839, -25.860 ], [ -53.838, -25.860 ], [ -53.838, -25.860 ], [ -53.837, -25.860 ], [ -53.836, -25.859 ], [ -53.835, -25.859 ], [ -53.835, -25.858 ], [ -53.834, -25.858 ], [ -53.834, -25.858 ], [ -53.833, -25.858 ], [ -53.832, -25.858 ], [ -53.832, -25.858 ], [ -53.831, -25.859 ], [ -53.831, -25.859 ], [ -53.832, -25.860 ], [ -53.832, -25.861 ], [ -53.833, -25.861 ], [ -53.833, -25.862 ], [ -53.833, -25.863 ], [ -53.834, -25.863 ], [ -53.834, -25.864 ], [ -53.835, -25.864 ], [ -53.835, -25.865 ], [ -53.836, -25.866 ], [ -53.836, -25.867 ], [ -53.836, -25.868 ], [ -53.836, -25.869 ], [ -53.836, -25.869 ], [ -53.835, -25.869 ], [ -53.834, -25.869 ], [ -53.833, -25.869 ], [ -53.832, -25.868 ], [ -53.832, -25.868 ], [ -53.832, -25.868 ], [ -53.831, -25.868 ], [ -53.830, -25.869 ], [ -53.829, -25.869 ], [ -53.828, -25.869 ], [ -53.828, -25.869 ], [ -53.826, -25.870 ], [ -53.825, -25.870 ], [ -53.824, -25.870 ], [ -53.823, -25.871 ], [ -53.823, -25.871 ], [ -53.823, -25.872 ], [ -53.823, -25.872 ], [ -53.824, -25.872 ], [ -53.825, -25.873 ], [ -53.826, -25.873 ], [ -53.826, -25.873 ], [ -53.827, -25.873 ], [ -53.827, -25.874 ], [ -53.828, -25.874 ], [ -53.828, -25.875 ], [ -53.828, -25.876 ], [ -53.829, -25.876 ], [ -53.829, -25.877 ], [ -53.830, -25.877 ], [ -53.831, -25.878 ], [ -53.832, -25.878 ], [ -53.832, -25.878 ], [ -53.833, -25.878 ], [ -53.834, -25.878 ], [ -53.835, -25.878 ], [ -53.835, -25.878 ], [ -53.836, -25.877 ], [ -53.837, -25.877 ], [ -53.838, -25.877 ], [ -53.839, -25.877 ], [ -53.839, -25.877 ], [ -53.839, -25.878 ], [ -53.839, -25.878 ], [ -53.839, -25.879 ], [ -53.839, -25.880 ], [ -53.839, -25.880 ], [ -53.839, -25.881 ], [ -53.839, -25.882 ], [ -53.839, -25.882 ], [ -53.840, -25.882 ], [ -53.841, -25.882 ], [ -53.842, -25.882 ], [ -53.843, -25.882 ], [ -53.844, -25.882 ], [ -53.844, -25.882 ], [ -53.845, -25.882 ], [ -53.845, -25.882 ], [ -53.846, -25.883 ], [ -53.846, -25.882 ], [ -53.847, -25.882 ], [ -53.848, -25.883 ], [ -53.849, -25.883 ], [ -53.849, -25.883 ], [ -53.850, -25.883 ], [ -53.849, -25.884 ], [ -53.849, -25.885 ], [ -53.848, -25.887 ], [ -53.847, -25.887 ], [ -53.847, -25.888 ], [ -53.846, -25.888 ], [ -53.845, -25.888 ], [ -53.844, -25.888 ], [ -53.842, -25.888 ], [ -53.840, -25.887 ], [ -53.839, -25.887 ], [ -53.838, -25.887 ], [ -53.837, -25.887 ], [ -53.837, -25.887 ], [ -53.836, -25.887 ], [ -53.836, -25.887 ], [ -53.836, -25.888 ], [ -53.835, -25.888 ], [ -53.835, -25.889 ], [ -53.834, -25.889 ], [ -53.834, -25.890 ], [ -53.834, -25.891 ], [ -53.834, -25.892 ], [ -53.835, -25.893 ], [ -53.835, -25.894 ], [ -53.835, -25.894 ], [ -53.835, -25.895 ], [ -53.834, -25.895 ], [ -53.833, -25.895 ], [ -53.831, -25.895 ], [ -53.829, -25.895 ], [ -53.828, -25.895 ], [ -53.826, -25.895 ], [ -53.825, -25.895 ], [ -53.824, -25.895 ], [ -53.823, -25.895 ], [ -53.822, -25.895 ], [ -53.821, -25.896 ], [ -53.820, -25.896 ], [ -53.820, -25.897 ], [ -53.819, -25.897 ], [ -53.819, -25.897 ], [ -53.819, -25.898 ], [ -53.819, -25.899 ], [ -53.820, -25.900 ], [ -53.820, -25.901 ], [ -53.821, -25.902 ], [ -53.822, -25.903 ], [ -53.822, -25.904 ], [ -53.823, -25.904 ], [ -53.825, -25.905 ], [ -53.826, -25.905 ], [ -53.828, -25.905 ], [ -53.829, -25.905 ], [ -53.829, -25.905 ], [ -53.830, -25.905 ], [ -53.831, -25.906 ], [ -53.832, -25.906 ], [ -53.833, -25.907 ], [ -53.833, -25.907 ], [ -53.833, -25.908 ], [ -53.833, -25.908 ], [ -53.833, -25.909 ], [ -53.833, -25.910 ], [ -53.833, -25.910 ], [ -53.833, -25.910 ], [ -53.834, -25.910 ], [ -53.835, -25.911 ], [ -53.835, -25.911 ], [ -53.835, -25.912 ], [ -53.835, -25.913 ], [ -53.834, -25.914 ], [ -53.834, -25.914 ], [ -53.834, -25.915 ], [ -53.833, -25.915 ], [ -53.833, -25.915 ], [ -53.832, -25.914 ], [ -53.831, -25.913 ], [ -53.830, -25.913 ], [ -53.830, -25.912 ], [ -53.829, -25.912 ], [ -53.829, -25.912 ], [ -53.828, -25.911 ], [ -53.828, -25.911 ], [ -53.827, -25.910 ], [ -53.827, -25.910 ], [ -53.826, -25.910 ], [ -53.826, -25.910 ], [ -53.825, -25.910 ], [ -53.824, -25.910 ], [ -53.822, -25.910 ], [ -53.821, -25.911 ], [ -53.820, -25.911 ], [ -53.820, -25.911 ], [ -53.819, -25.911 ], [ -53.819, -25.912 ], [ -53.818, -25.912 ], [ -53.818, -25.912 ], [ -53.818, -25.913 ], [ -53.819, -25.913 ], [ -53.820, -25.914 ], [ -53.821, -25.914 ], [ -53.821, -25.915 ], [ -53.822, -25.915 ], [ -53.823, -25.916 ], [ -53.823, -25.916 ], [ -53.823, -25.917 ], [ -53.823, -25.918 ], [ -53.822, -25.919 ], [ -53.821, -25.920 ], [ -53.821, -25.921 ], [ -53.820, -25.922 ], [ -53.820, -25.922 ], [ -53.820, -25.923 ], [ -53.820, -25.923 ], [ -53.820, -25.924 ], [ -53.820, -25.924 ], [ -53.820, -25.925 ], [ -53.819, -25.925 ], [ -53.820, -25.926 ], [ -53.820, -25.927 ], [ -53.821, -25.928 ], [ -53.821, -25.928 ], [ -53.822, -25.929 ], [ -53.823, -25.929 ], [ -53.824, -25.929 ], [ -53.825, -25.929 ], [ -53.826, -25.928 ], [ -53.827, -25.927 ], [ -53.827, -25.927 ], [ -53.828, -25.926 ], [ -53.828, -25.926 ], [ -53.829, -25.926 ], [ -53.829, -25.926 ], [ -53.829, -25.925 ], [ -53.830, -25.924 ], [ -53.831, -25.921 ], [ -53.832, -25.921 ], [ -53.832, -25.920 ], [ -53.833, -25.920 ], [ -53.833, -25.920 ], [ -53.834, -25.920 ], [ -53.834, -25.921 ], [ -53.834, -25.922 ], [ -53.834, -25.924 ], [ -53.834, -25.925 ], [ -53.833, -25.926 ], [ -53.833, -25.927 ], [ -53.833, -25.928 ], [ -53.832, -25.929 ], [ -53.832, -25.930 ], [ -53.833, -25.930 ], [ -53.833, -25.931 ], [ -53.834, -25.931 ], [ -53.834, -25.932 ], [ -53.835, -25.932 ], [ -53.835, -25.932 ], [ -53.836, -25.931 ], [ -53.837, -25.931 ], [ -53.837, -25.931 ], [ -53.838, -25.932 ], [ -53.839, -25.932 ], [ -53.839, -25.932 ], [ -53.840, -25.932 ], [ -53.840, -25.932 ], [ -53.841, -25.932 ], [ -53.841, -25.932 ], [ -53.842, -25.932 ], [ -53.842, -25.933 ], [ -53.843, -25.933 ], [ -53.843, -25.934 ], [ -53.842, -25.935 ], [ -53.842, -25.935 ], [ -53.842, -25.936 ], [ -53.842, -25.937 ], [ -53.842, -25.937 ], [ -53.842, -25.939 ], [ -53.842, -25.939 ], [ -53.841, -25.940 ], [ -53.841, -25.941 ], [ -53.841, -25.942 ], [ -53.841, -25.942 ], [ -53.841, -25.942 ], [ -53.841, -25.943 ], [ -53.841, -25.943 ], [ -53.840, -25.944 ], [ -53.840, -25.944 ], [ -53.840, -25.944 ], [ -53.840, -25.945 ], [ -53.840, -25.945 ], [ -53.839, -25.945 ], [ -53.840, -25.946 ], [ -53.840, -25.946 ], [ -53.840, -25.947 ], [ -53.840, -25.947 ], [ -53.840, -25.948 ], [ -53.839, -25.948 ], [ -53.839, -25.949 ], [ -53.839, -25.949 ], [ -53.839, -25.950 ], [ -53.839, -25.951 ], [ -53.839, -25.951 ], [ -53.839, -25.952 ], [ -53.839, -25.952 ], [ -53.839, -25.953 ], [ -53.840, -25.953 ], [ -53.839, -25.954 ], [ -53.839, -25.954 ], [ -53.838, -25.955 ], [ -53.838, -25.955 ], [ -53.837, -25.955 ], [ -53.836, -25.955 ], [ -53.836, -25.956 ], [ -53.836, -25.957 ], [ -53.836, -25.958 ], [ -53.836, -25.958 ], [ -53.836, -25.958 ], [ -53.835, -25.959 ], [ -53.834, -25.959 ], [ -53.832, -25.959 ], [ -53.831, -25.960 ], [ -53.830, -25.960 ], [ -53.830, -25.960 ], [ -53.829, -25.961 ], [ -53.829, -25.961 ], [ -53.829, -25.962 ], [ -53.829, -25.962 ], [ -53.829, -25.962 ], [ -53.829, -25.963 ], [ -53.828, -25.963 ], [ -53.828, -25.963 ], [ -53.828, -25.963 ], [ -53.829, -25.964 ], [ -53.829, -25.963 ], [ -53.830, -25.963 ], [ -53.830, -25.963 ], [ -53.832, -25.964 ], [ -53.833, -25.964 ], [ -53.833, -25.964 ], [ -53.833, -25.964 ], [ -53.834, -25.964 ], [ -53.834, -25.964 ], [ -53.835, -25.965 ], [ -53.835, -25.965 ], [ -53.835, -25.965 ], [ -53.835, -25.966 ], [ -53.835, -25.966 ], [ -53.835, -25.967 ], [ -53.835, -25.967 ], [ -53.834, -25.968 ], [ -53.835, -25.968 ], [ -53.835, -25.968 ], [ -53.836, -25.969 ], [ -53.836, -25.969 ], [ -53.836, -25.969 ], [ -53.836, -25.969 ], [ -53.836, -25.970 ], [ -53.836, -25.970 ], [ -53.836, -25.971 ], [ -53.836, -25.971 ], [ -53.835, -25.971 ], [ -53.835, -25.972 ], [ -53.835, -25.972 ], [ -53.834, -25.972 ], [ -53.834, -25.973 ], [ -53.833, -25.973 ], [ -53.833, -25.974 ], [ -53.832, -25.974 ], [ -53.831, -25.974 ], [ -53.831, -25.974 ], [ -53.831, -25.974 ], [ -53.830, -25.975 ], [ -53.830, -25.975 ], [ -53.829, -25.975 ], [ -53.829, -25.975 ], [ -53.828, -25.975 ], [ -53.828, -25.975 ], [ -53.827, -25.976 ], [ -53.827, -25.976 ], [ -53.827, -25.976 ], [ -53.826, -25.976 ], [ -53.825, -25.976 ], [ -53.825, -25.975 ], [ -53.824, -25.975 ], [ -53.824, -25.975 ], [ -53.823, -25.975 ], [ -53.823, -25.975 ], [ -53.822, -25.975 ], [ -53.822, -25.975 ], [ -53.821, -25.975 ], [ -53.820, -25.975 ], [ -53.820, -25.975 ], [ -53.819, -25.976 ], [ -53.819, -25.976 ], [ -53.818, -25.976 ], [ -53.818, -25.977 ], [ -53.817, -25.977 ], [ -53.817, -25.978 ], [ -53.816, -25.978 ], [ -53.816, -25.978 ], [ -53.816, -25.978 ], [ -53.815, -25.979 ], [ -53.815, -25.979 ], [ -53.814, -25.979 ], [ -53.814, -25.979 ], [ -53.814, -25.980 ], [ -53.813, -25.980 ], [ -53.813, -25.980 ], [ -53.813, -25.980 ], [ -53.813, -25.981 ], [ -53.813, -25.981 ], [ -53.814, -25.981 ], [ -53.814, -25.981 ], [ -53.815, -25.981 ], [ -53.815, -25.982 ], [ -53.816, -25.982 ], [ -53.816, -25.982 ], [ -53.816, -25.982 ], [ -53.817, -25.982 ], [ -53.817, -25.982 ], [ -53.818, -25.982 ], [ -53.818, -25.982 ], [ -53.818, -25.982 ], [ -53.819, -25.981 ], [ -53.819, -25.981 ], [ -53.820, -25.981 ], [ -53.820, -25.982 ], [ -53.819, -25.983 ], [ -53.819, -25.983 ], [ -53.819, -25.984 ], [ -53.819, -25.984 ], [ -53.818, -25.985 ], [ -53.818, -25.986 ], [ -53.818, -25.986 ], [ -53.818, -25.986 ], [ -53.818, -25.987 ], [ -53.817, -25.987 ], [ -53.817, -25.987 ], [ -53.817, -25.988 ], [ -53.818, -25.988 ], [ -53.818, -25.989 ], [ -53.818, -25.989 ], [ -53.818, -25.989 ], [ -53.817, -25.990 ], [ -53.817, -25.989 ], [ -53.816, -25.990 ], [ -53.816, -25.990 ], [ -53.816, -25.990 ], [ -53.815, -25.990 ], [ -53.815, -25.990 ], [ -53.814, -25.989 ], [ -53.814, -25.989 ], [ -53.814, -25.989 ], [ -53.813, -25.989 ], [ -53.812, -25.989 ], [ -53.812, -25.990 ], [ -53.811, -25.990 ], [ -53.811, -25.990 ], [ -53.810, -25.990 ], [ -53.810, -25.990 ], [ -53.809, -25.989 ], [ -53.809, -25.989 ], [ -53.809, -25.989 ], [ -53.808, -25.988 ], [ -53.808, -25.988 ], [ -53.808, -25.988 ], [ -53.807, -25.986 ], [ -53.807, -25.986 ], [ -53.807, -25.985 ], [ -53.806, -25.985 ], [ -53.806, -25.985 ], [ -53.806, -25.985 ], [ -53.805, -25.984 ], [ -53.805, -25.984 ], [ -53.804, -25.984 ], [ -53.804, -25.984 ], [ -53.803, -25.984 ], [ -53.803, -25.984 ], [ -53.802, -25.984 ], [ -53.802, -25.985 ], [ -53.802, -25.986 ], [ -53.801, -25.986 ], [ -53.801, -25.987 ], [ -53.801, -25.988 ], [ -53.801, -25.988 ], [ -53.801, -25.989 ], [ -53.801, -25.989 ], [ -53.801, -25.990 ], [ -53.802, -25.991 ], [ -53.802, -25.992 ], [ -53.803, -25.992 ], [ -53.803, -25.992 ], [ -53.804, -25.993 ], [ -53.804, -25.994 ], [ -53.804, -25.994 ], [ -53.805, -25.995 ], [ -53.805, -25.995 ], [ -53.804, -25.995 ], [ -53.804, -25.996 ], [ -53.803, -25.996 ], [ -53.803, -25.997 ], [ -53.803, -25.997 ], [ -53.802, -25.998 ], [ -53.802, -25.998 ], [ -53.802, -25.999 ], [ -53.801, -25.999 ], [ -53.801, -25.999 ], [ -53.800, -26.000 ], [ -53.800, -26.000 ], [ -53.799, -26.000 ], [ -53.799, -26.001 ], [ -53.798, -26.001 ], [ -53.797, -26.001 ], [ -53.797, -26.001 ], [ -53.796, -26.000 ], [ -53.796, -26.000 ], [ -53.796, -26.000 ], [ -53.796, -25.999 ], [ -53.796, -25.999 ], [ -53.796, -25.999 ], [ -53.795, -25.998 ], [ -53.794, -25.998 ], [ -53.794, -25.998 ], [ -53.793, -25.999 ], [ -53.793, -25.999 ], [ -53.793, -25.999 ], [ -53.793, -26.000 ], [ -53.792, -26.000 ], [ -53.792, -26.001 ], [ -53.792, -26.002 ], [ -53.792, -26.002 ], [ -53.792, -26.003 ], [ -53.792, -26.003 ], [ -53.792, -26.004 ], [ -53.792, -26.004 ], [ -53.793, -26.005 ], [ -53.793, -26.006 ], [ -53.792, -26.006 ], [ -53.792, -26.006 ], [ -53.790, -26.006 ], [ -53.789, -26.006 ], [ -53.788, -26.006 ], [ -53.788, -26.006 ], [ -53.787, -26.006 ], [ -53.786, -26.007 ], [ -53.785, -26.007 ], [ -53.784, -26.007 ], [ -53.783, -26.007 ], [ -53.782, -26.007 ], [ -53.781, -26.007 ], [ -53.781, -26.008 ], [ -53.781, -26.008 ], [ -53.780, -26.008 ], [ -53.780, -26.008 ], [ -53.780, -26.009 ], [ -53.781, -26.009 ], [ -53.782, -26.010 ], [ -53.782, -26.010 ], [ -53.782, -26.010 ], [ -53.783, -26.011 ], [ -53.783, -26.012 ], [ -53.783, -26.012 ], [ -53.783, -26.012 ], [ -53.783, -26.013 ], [ -53.782, -26.014 ], [ -53.781, -26.014 ], [ -53.780, -26.014 ], [ -53.779, -26.015 ], [ -53.779, -26.015 ], [ -53.778, -26.015 ], [ -53.777, -26.015 ], [ -53.777, -26.016 ], [ -53.776, -26.016 ], [ -53.776, -26.016 ], [ -53.777, -26.017 ], [ -53.778, -26.017 ], [ -53.779, -26.019 ], [ -53.780, -26.019 ], [ -53.780, -26.020 ], [ -53.780, -26.020 ], [ -53.780, -26.021 ], [ -53.780, -26.021 ], [ -53.780, -26.021 ], [ -53.780, -26.021 ], [ -53.779, -26.022 ], [ -53.778, -26.022 ], [ -53.778, -26.022 ], [ -53.777, -26.022 ], [ -53.777, -26.022 ], [ -53.776, -26.022 ], [ -53.776, -26.022 ], [ -53.775, -26.022 ], [ -53.775, -26.022 ], [ -53.775, -26.022 ], [ -53.774, -26.022 ], [ -53.774, -26.023 ], [ -53.774, -26.023 ], [ -53.774, -26.023 ], [ -53.773, -26.024 ], [ -53.773, -26.024 ], [ -53.772, -26.024 ], [ -53.772, -26.024 ], [ -53.772, -26.025 ], [ -53.771, -26.025 ], [ -53.771, -26.026 ], [ -53.771, -26.026 ], [ -53.771, -26.027 ], [ -53.771, -26.028 ], [ -53.771, -26.029 ], [ -53.771, -26.029 ], [ -53.771, -26.030 ], [ -53.771, -26.030 ], [ -53.771, -26.030 ], [ -53.772, -26.031 ], [ -53.771, -26.031 ], [ -53.771, -26.031 ], [ -53.771, -26.031 ], [ -53.770, -26.031 ], [ -53.770, -26.031 ], [ -53.769, -26.032 ], [ -53.769, -26.032 ], [ -53.768, -26.032 ], [ -53.768, -26.032 ], [ -53.768, -26.032 ], [ -53.767, -26.032 ], [ -53.767, -26.033 ], [ -53.766, -26.033 ], [ -53.766, -26.033 ], [ -53.766, -26.034 ], [ -53.765, -26.034 ], [ -53.765, -26.034 ], [ -53.765, -26.034 ], [ -53.764, -26.035 ], [ -53.764, -26.035 ], [ -53.764, -26.035 ], [ -53.763, -26.035 ], [ -53.763, -26.036 ], [ -53.763, -26.036 ], [ -53.762, -26.036 ], [ -53.762, -26.035 ], [ -53.762, -26.035 ], [ -53.762, -26.035 ], [ -53.761, -26.034 ], [ -53.761, -26.034 ], [ -53.761, -26.034 ], [ -53.761, -26.033 ], [ -53.761, -26.033 ], [ -53.761, -26.032 ], [ -53.761, -26.032 ], [ -53.761, -26.031 ], [ -53.760, -26.031 ], [ -53.760, -26.031 ], [ -53.759, -26.031 ], [ -53.759, -26.031 ], [ -53.758, -26.031 ], [ -53.758, -26.031 ], [ -53.758, -26.031 ], [ -53.757, -26.031 ], [ -53.756, -26.032 ], [ -53.756, -26.032 ], [ -53.755, -26.033 ], [ -53.755, -26.033 ], [ -53.755, -26.034 ], [ -53.755, -26.034 ], [ -53.755, -26.035 ], [ -53.755, -26.035 ], [ -53.756, -26.036 ], [ -53.757, -26.037 ], [ -53.758, -26.038 ], [ -53.758, -26.038 ], [ -53.758, -26.038 ], [ -53.758, -26.039 ], [ -53.758, -26.040 ], [ -53.757, -26.040 ], [ -53.757, -26.041 ], [ -53.757, -26.041 ], [ -53.756, -26.041 ], [ -53.756, -26.042 ], [ -53.755, -26.042 ], [ -53.755, -26.042 ], [ -53.754, -26.042 ], [ -53.754, -26.042 ], [ -53.754, -26.042 ], [ -53.754, -26.041 ], [ -53.754, -26.041 ], [ -53.754, -26.041 ], [ -53.754, -26.040 ], [ -53.753, -26.039 ], [ -53.753, -26.038 ], [ -53.753, -26.038 ], [ -53.752, -26.037 ], [ -53.752, -26.037 ], [ -53.751, -26.038 ], [ -53.751, -26.038 ], [ -53.750, -26.038 ], [ -53.749, -26.038 ], [ -53.749, -26.039 ], [ -53.748, -26.039 ], [ -53.748, -26.039 ], [ -53.748, -26.040 ], [ -53.748, -26.040 ], [ -53.748, -26.040 ], [ -53.748, -26.041 ], [ -53.748, -26.041 ], [ -53.748, -26.042 ], [ -53.748, -26.042 ], [ -53.748, -26.043 ], [ -53.747, -26.043 ], [ -53.747, -26.044 ], [ -53.747, -26.044 ], [ -53.746, -26.044 ], [ -53.746, -26.045 ], [ -53.745, -26.044 ], [ -53.745, -26.044 ], [ -53.744, -26.043 ], [ -53.744, -26.043 ], [ -53.743, -26.043 ], [ -53.743, -26.042 ], [ -53.743, -26.042 ], [ -53.744, -26.041 ], [ -53.744, -26.041 ], [ -53.744, -26.041 ], [ -53.744, -26.040 ], [ -53.744, -26.040 ], [ -53.744, -26.039 ], [ -53.744, -26.039 ], [ -53.744, -26.039 ], [ -53.744, -26.039 ], [ -53.743, -26.039 ], [ -53.743, -26.039 ], [ -53.742, -26.040 ], [ -53.742, -26.040 ], [ -53.741, -26.041 ], [ -53.741, -26.041 ], [ -53.741, -26.042 ], [ -53.741, -26.042 ], [ -53.740, -26.042 ], [ -53.740, -26.042 ], [ -53.740, -26.041 ], [ -53.739, -26.041 ], [ -53.739, -26.041 ], [ -53.738, -26.041 ], [ -53.738, -26.041 ], [ -53.737, -26.041 ], [ -53.737, -26.041 ], [ -53.737, -26.041 ], [ -53.736, -26.041 ], [ -53.736, -26.041 ], [ -53.736, -26.041 ], [ -53.735, -26.042 ], [ -53.735, -26.042 ], [ -53.734, -26.042 ], [ -53.734, -26.042 ], [ -53.734, -26.042 ], [ -53.734, -26.043 ], [ -53.734, -26.043 ], [ -53.734, -26.043 ], [ -53.735, -26.043 ], [ -53.734, -26.044 ], [ -53.734, -26.044 ], [ -53.734, -26.044 ], [ -53.735, -26.045 ], [ -53.734, -26.045 ], [ -53.734, -26.046 ], [ -53.734, -26.046 ], [ -53.734, -26.047 ], [ -53.734, -26.047 ], [ -53.733, -26.047 ], [ -53.733, -26.047 ], [ -53.733, -26.047 ], [ -53.732, -26.047 ], [ -53.732, -26.047 ], [ -53.732, -26.048 ], [ -53.733, -26.048 ], [ -53.733, -26.049 ], [ -53.733, -26.050 ], [ -53.733, -26.050 ], [ -53.732, -26.050 ], [ -53.732, -26.051 ], [ -53.731, -26.051 ], [ -53.731, -26.051 ], [ -53.730, -26.052 ], [ -53.730, -26.052 ], [ -53.730, -26.053 ], [ -53.731, -26.053 ], [ -53.730, -26.054 ], [ -53.730, -26.054 ], [ -53.730, -26.056 ], [ -53.731, -26.057 ], [ -53.730, -26.057 ], [ -53.730, -26.057 ], [ -53.731, -26.058 ], [ -53.731, -26.058 ], [ -53.730, -26.059 ], [ -53.729, -26.060 ], [ -53.729, -26.061 ], [ -53.729, -26.061 ], [ -53.728, -26.062 ], [ -53.727, -26.063 ], [ -53.727, -26.064 ], [ -53.726, -26.064 ], [ -53.726, -26.065 ], [ -53.727, -26.066 ], [ -53.727, -26.066 ], [ -53.730, -26.067 ], [ -53.732, -26.068 ], [ -53.734, -26.071 ], [ -53.739, -26.087 ], [ -53.737, -26.099 ], [ -53.766, -26.099 ], [ -53.766, -26.066 ], [ -53.799, -26.066 ], [ -53.833, -26.066 ], [ -53.866, -26.066 ], [ -53.866, -26.099 ], [ -53.833, -26.099 ], [ -53.833, -26.133 ], [ -53.833, -26.166 ], [ -53.833, -26.199 ], [ -53.799, -26.199 ], [ -53.799, -26.233 ], [ -53.833, -26.233 ], [ -53.866, -26.233 ], [ -53.866, -26.199 ], [ -53.899, -26.199 ], [ -53.899, -26.233 ], [ -53.933, -26.233 ], [ -53.933, -26.199 ], [ -53.933, -26.166 ], [ -53.966, -26.166 ], [ -53.999, -26.166 ], [ -54.033, -26.166 ], [ -54.033, -26.199 ], [ -53.999, -26.199 ], [ -53.999, -26.233 ], [ -53.966, -26.233 ], [ -53.966, -26.266 ], [ -53.966, -26.299 ], [ -53.933, -26.299 ], [ -53.899, -26.299 ], [ -53.899, -26.333 ], [ -53.933, -26.333 ], [ -53.966, -26.333 ], [ -53.999, -26.333 ], [ -54.033, -26.333 ], [ -54.066, -26.333 ], [ -54.066, -26.366 ], [ -54.033, -26.366 ], [ -53.999, -26.366 ], [ -53.999, -26.399 ], [ -53.966, -26.399 ], [ -53.966, -26.433 ], [ -53.999, -26.433 ], [ -53.999, -26.466 ], [ -53.966, -26.466 ], [ -53.966, -26.499 ], [ -53.999, -26.499 ], [ -54.033, -26.499 ], [ -54.033, -26.533 ], [ -53.999, -26.533 ], [ -53.999, -26.566 ], [ -54.033, -26.566 ], [ -54.066, -26.566 ], [ -54.066, -26.533 ], [ -54.099, -26.533 ], [ -54.099, -26.566 ], [ -54.099, -26.599 ], [ -54.133, -26.599 ], [ -54.133, -26.566 ], [ -54.166, -26.566 ], [ -54.166, -26.599 ], [ -54.166, -26.633 ], [ -54.199, -26.633 ], [ -54.199, -26.666 ], [ -54.199, -26.699 ], [ -54.199, -26.733 ], [ -54.166, -26.733 ], [ -54.166, -26.699 ], [ -54.166, -26.666 ], [ -54.133, -26.666 ], [ -54.133, -26.633 ], [ -54.099, -26.633 ], [ -54.066, -26.633 ], [ -54.033, -26.633 ], [ -53.999, -26.633 ], [ -53.966, -26.633 ], [ -53.966, -26.666 ], [ -53.933, -26.666 ], [ -53.933, -26.699 ], [ -53.933, -26.733 ], [ -53.899, -26.733 ], [ -53.899, -26.699 ], [ -53.899, -26.666 ], [ -53.899, -26.633 ], [ -53.899, -26.599 ], [ -53.866, -26.599 ], [ -53.866, -26.633 ], [ -53.833, -26.633 ], [ -53.833, -26.666 ], [ -53.799, -26.666 ], [ -53.799, -26.633 ], [ -53.799, -26.599 ], [ -53.833, -26.599 ], [ -53.833, -26.566 ], [ -53.833, -26.533 ], [ -53.799, -26.533 ], [ -53.766, -26.533 ], [ -53.766, -26.499 ], [ -53.766, -26.466 ], [ -53.733, -26.466 ], [ -53.711, -26.466 ], [ -53.711, -26.467 ], [ -53.712, -26.468 ], [ -53.714, -26.469 ], [ -53.714, -26.469 ], [ -53.715, -26.470 ], [ -53.715, -26.471 ], [ -53.715, -26.471 ], [ -53.714, -26.472 ], [ -53.712, -26.473 ], [ -53.710, -26.473 ], [ -53.709, -26.473 ], [ -53.709, -26.474 ], [ -53.708, -26.474 ], [ -53.708, -26.475 ], [ -53.708, -26.476 ], [ -53.708, -26.477 ], [ -53.708, -26.479 ], [ -53.708, -26.479 ], [ -53.708, -26.480 ], [ -53.707, -26.480 ], [ -53.707, -26.481 ], [ -53.706, -26.481 ], [ -53.706, -26.481 ], [ -53.705, -26.480 ], [ -53.704, -26.480 ], [ -53.704, -26.479 ], [ -53.704, -26.477 ], [ -53.703, -26.475 ], [ -53.703, -26.474 ], [ -53.702, -26.473 ], [ -53.701, -26.473 ], [ -53.700, -26.473 ], [ -53.699, -26.473 ], [ -53.698, -26.473 ], [ -53.698, -26.474 ], [ -53.696, -26.474 ], [ -53.696, -26.474 ], [ -53.695, -26.475 ], [ -53.695, -26.475 ], [ -53.696, -26.476 ], [ -53.697, -26.477 ], [ -53.698, -26.477 ], [ -53.699, -26.477 ], [ -53.699, -26.478 ], [ -53.700, -26.478 ], [ -53.700, -26.479 ], [ -53.699, -26.480 ], [ -53.699, -26.481 ], [ -53.698, -26.482 ], [ -53.698, -26.483 ], [ -53.698, -26.485 ], [ -53.698, -26.486 ], [ -53.697, -26.487 ], [ -53.696, -26.488 ], [ -53.696, -26.489 ], [ -53.695, -26.489 ], [ -53.695, -26.490 ], [ -53.696, -26.490 ], [ -53.696, -26.490 ], [ -53.697, -26.490 ], [ -53.699, -26.490 ], [ -53.699, -26.489 ], [ -53.700, -26.489 ], [ -53.701, -26.489 ], [ -53.702, -26.489 ], [ -53.702, -26.489 ], [ -53.704, -26.492 ], [ -53.705, -26.494 ], [ -53.705, -26.495 ], [ -53.706, -26.497 ], [ -53.706, -26.498 ], [ -53.707, -26.499 ], [ -53.707, -26.499 ], [ -53.708, -26.500 ], [ -53.708, -26.501 ], [ -53.708, -26.501 ], [ -53.708, -26.501 ], [ -53.705, -26.503 ], [ -53.704, -26.503 ], [ -53.704, -26.504 ], [ -53.703, -26.506 ], [ -53.703, -26.506 ], [ -53.703, -26.507 ], [ -53.703, -26.507 ], [ -53.704, -26.508 ], [ -53.704, -26.508 ], [ -53.705, -26.508 ], [ -53.705, -26.508 ], [ -53.706, -26.508 ], [ -53.706, -26.507 ], [ -53.707, -26.506 ], [ -53.708, -26.506 ], [ -53.708, -26.505 ], [ -53.709, -26.505 ], [ -53.711, -26.504 ], [ -53.711, -26.503 ], [ -53.712, -26.503 ], [ -53.714, -26.503 ], [ -53.715, -26.503 ], [ -53.717, -26.504 ], [ -53.719, -26.507 ], [ -53.723, -26.501 ], [ -53.723, -26.501 ], [ -53.724, -26.500 ], [ -53.725, -26.500 ], [ -53.726, -26.500 ], [ -53.727, -26.500 ], [ -53.728, -26.500 ], [ -53.729, -26.500 ], [ -53.729, -26.501 ], [ -53.730, -26.502 ], [ -53.730, -26.504 ], [ -53.730, -26.506 ], [ -53.730, -26.509 ], [ -53.730, -26.510 ], [ -53.730, -26.510 ], [ -53.729, -26.511 ], [ -53.728, -26.512 ], [ -53.728, -26.513 ], [ -53.728, -26.514 ], [ -53.728, -26.515 ], [ -53.728, -26.518 ], [ -53.728, -26.519 ], [ -53.728, -26.520 ], [ -53.727, -26.522 ], [ -53.726, -26.524 ], [ -53.726, -26.525 ], [ -53.725, -26.526 ], [ -53.723, -26.526 ], [ -53.723, -26.527 ], [ -53.722, -26.527 ], [ -53.721, -26.526 ], [ -53.720, -26.525 ], [ -53.719, -26.524 ], [ -53.718, -26.524 ], [ -53.718, -26.524 ], [ -53.717, -26.524 ], [ -53.717, -26.525 ], [ -53.716, -26.526 ], [ -53.716, -26.526 ], [ -53.716, -26.527 ], [ -53.717, -26.528 ], [ -53.717, -26.528 ], [ -53.719, -26.529 ], [ -53.721, -26.529 ], [ -53.722, -26.530 ], [ -53.722, -26.530 ], [ -53.723, -26.530 ], [ -53.723, -26.531 ], [ -53.724, -26.532 ], [ -53.724, -26.532 ], [ -53.724, -26.533 ], [ -53.724, -26.533 ], [ -53.724, -26.534 ], [ -53.723, -26.535 ], [ -53.722, -26.536 ], [ -53.721, -26.536 ], [ -53.720, -26.537 ], [ -53.720, -26.537 ], [ -53.719, -26.538 ], [ -53.720, -26.539 ], [ -53.720, -26.540 ], [ -53.722, -26.541 ], [ -53.723, -26.542 ], [ -53.724, -26.542 ], [ -53.725, -26.542 ], [ -53.726, -26.541 ], [ -53.728, -26.540 ], [ -53.730, -26.539 ], [ -53.731, -26.538 ], [ -53.733, -26.539 ], [ -53.737, -26.541 ], [ -53.740, -26.543 ], [ -53.741, -26.543 ], [ -53.741, -26.545 ], [ -53.741, -26.546 ], [ -53.738, -26.548 ], [ -53.732, -26.548 ], [ -53.727, -26.550 ], [ -53.725, -26.554 ], [ -53.724, -26.558 ], [ -53.726, -26.559 ], [ -53.729, -26.559 ], [ -53.730, -26.559 ], [ -53.731, -26.558 ], [ -53.734, -26.558 ], [ -53.735, -26.559 ], [ -53.736, -26.559 ], [ -53.736, -26.561 ], [ -53.737, -26.563 ], [ -53.736, -26.565 ], [ -53.736, -26.566 ], [ -53.736, -26.566 ], [ -53.735, -26.566 ], [ -53.734, -26.567 ], [ -53.733, -26.567 ], [ -53.733, -26.566 ], [ -53.731, -26.566 ], [ -53.729, -26.565 ], [ -53.729, -26.565 ], [ -53.728, -26.564 ], [ -53.727, -26.563 ], [ -53.726, -26.563 ], [ -53.723, -26.561 ], [ -53.722, -26.559 ], [ -53.722, -26.558 ], [ -53.720, -26.558 ], [ -53.718, -26.557 ], [ -53.716, -26.556 ], [ -53.714, -26.556 ], [ -53.711, -26.556 ], [ -53.710, -26.556 ], [ -53.709, -26.557 ], [ -53.708, -26.558 ], [ -53.707, -26.559 ], [ -53.707, -26.560 ], [ -53.707, -26.561 ], [ -53.708, -26.562 ], [ -53.709, -26.562 ], [ -53.710, -26.562 ], [ -53.711, -26.562 ], [ -53.713, -26.562 ], [ -53.714, -26.562 ], [ -53.715, -26.562 ], [ -53.717, -26.561 ], [ -53.719, -26.561 ], [ -53.720, -26.561 ], [ -53.721, -26.562 ], [ -53.722, -26.562 ], [ -53.722, -26.563 ], [ -53.722, -26.564 ], [ -53.721, -26.568 ], [ -53.721, -26.582 ], [ -53.724, -26.584 ], [ -53.724, -26.586 ], [ -53.724, -26.589 ], [ -53.726, -26.590 ], [ -53.727, -26.588 ], [ -53.730, -26.586 ], [ -53.731, -26.585 ], [ -53.731, -26.585 ], [ -53.732, -26.586 ], [ -53.732, -26.586 ], [ -53.732, -26.587 ], [ -53.731, -26.588 ], [ -53.729, -26.590 ], [ -53.729, -26.591 ], [ -53.728, -26.592 ], [ -53.728, -26.593 ], [ -53.728, -26.594 ], [ -53.728, -26.595 ], [ -53.728, -26.596 ], [ -53.729, -26.597 ], [ -53.730, -26.601 ], [ -53.729, -26.605 ], [ -53.729, -26.607 ], [ -53.729, -26.607 ], [ -53.730, -26.607 ], [ -53.731, -26.607 ], [ -53.733, -26.607 ], [ -53.734, -26.607 ], [ -53.734, -26.607 ], [ -53.735, -26.608 ], [ -53.735, -26.609 ], [ -53.734, -26.612 ], [ -53.734, -26.613 ], [ -53.734, -26.613 ], [ -53.733, -26.614 ], [ -53.731, -26.615 ], [ -53.730, -26.616 ], [ -53.730, -26.616 ], [ -53.729, -26.617 ], [ -53.729, -26.619 ], [ -53.729, -26.619 ], [ -53.729, -26.620 ], [ -53.729, -26.621 ], [ -53.730, -26.622 ], [ -53.731, -26.623 ], [ -53.732, -26.624 ], [ -53.733, -26.625 ], [ -53.733, -26.626 ], [ -53.733, -26.629 ], [ -53.732, -26.631 ], [ -53.734, -26.632 ], [ -53.736, -26.631 ], [ -53.74, -26.63 ], [ -53.740, -26.637 ], [ -53.739, -26.643 ], [ -53.739, -26.644 ], [ -53.742, -26.644 ], [ -53.745, -26.642 ], [ -53.747, -26.640 ], [ -53.748, -26.637 ], [ -53.751, -26.636 ], [ -53.753, -26.636 ], [ -53.757, -26.638 ], [ -53.758, -26.641 ], [ -53.754, -26.644 ], [ -53.750, -26.645 ], [ -53.748, -26.646 ], [ -53.747, -26.646 ], [ -53.746, -26.647 ], [ -53.745, -26.647 ], [ -53.744, -26.647 ], [ -53.742, -26.647 ], [ -53.740, -26.647 ], [ -53.739, -26.646 ], [ -53.737, -26.646 ], [ -53.736, -26.645 ], [ -53.735, -26.645 ], [ -53.734, -26.645 ], [ -53.734, -26.646 ], [ -53.734, -26.647 ], [ -53.733, -26.648 ], [ -53.734, -26.649 ], [ -53.734, -26.650 ], [ -53.733, -26.651 ], [ -53.733, -26.652 ], [ -53.733, -26.653 ], [ -53.732, -26.654 ], [ -53.731, -26.655 ], [ -53.730, -26.656 ], [ -53.728, -26.657 ], [ -53.727, -26.658 ], [ -53.726, -26.658 ], [ -53.724, -26.658 ], [ -53.724, -26.658 ], [ -53.723, -26.657 ], [ -53.723, -26.656 ], [ -53.723, -26.655 ], [ -53.723, -26.653 ], [ -53.724, -26.652 ], [ -53.725, -26.651 ], [ -53.725, -26.649 ], [ -53.725, -26.649 ], [ -53.725, -26.648 ], [ -53.725, -26.647 ], [ -53.724, -26.647 ], [ -53.723, -26.647 ], [ -53.722, -26.648 ], [ -53.722, -26.648 ], [ -53.721, -26.649 ], [ -53.720, -26.650 ], [ -53.720, -26.650 ], [ -53.720, -26.651 ], [ -53.721, -26.652 ], [ -53.721, -26.653 ], [ -53.720, -26.653 ], [ -53.720, -26.655 ], [ -53.719, -26.656 ], [ -53.719, -26.657 ], [ -53.719, -26.659 ], [ -53.719, -26.660 ], [ -53.719, -26.661 ], [ -53.719, -26.662 ], [ -53.719, -26.664 ], [ -53.718, -26.665 ], [ -53.718, -26.666 ], [ -53.718, -26.667 ], [ -53.719, -26.668 ], [ -53.720, -26.668 ], [ -53.720, -26.668 ], [ -53.722, -26.668 ], [ -53.722, -26.667 ], [ -53.724, -26.667 ], [ -53.725, -26.667 ], [ -53.725, -26.666 ], [ -53.726, -26.667 ], [ -53.727, -26.667 ], [ -53.727, -26.668 ], [ -53.727, -26.668 ], [ -53.727, -26.669 ], [ -53.726, -26.670 ], [ -53.726, -26.671 ], [ -53.726, -26.672 ], [ -53.726, -26.672 ], [ -53.726, -26.673 ], [ -53.727, -26.674 ], [ -53.728, -26.674 ], [ -53.728, -26.675 ], [ -53.729, -26.675 ], [ -53.730, -26.676 ], [ -53.731, -26.676 ], [ -53.731, -26.676 ], [ -53.731, -26.677 ], [ -53.731, -26.678 ], [ -53.731, -26.678 ], [ -53.730, -26.679 ], [ -53.729, -26.679 ], [ -53.728, -26.679 ], [ -53.726, -26.679 ], [ -53.724, -26.679 ], [ -53.723, -26.678 ], [ -53.722, -26.679 ], [ -53.720, -26.679 ], [ -53.719, -26.679 ], [ -53.718, -26.680 ], [ -53.717, -26.680 ], [ -53.716, -26.681 ], [ -53.716, -26.682 ], [ -53.716, -26.682 ], [ -53.717, -26.684 ], [ -53.718, -26.684 ], [ -53.718, -26.685 ], [ -53.719, -26.685 ], [ -53.720, -26.686 ], [ -53.721, -26.686 ], [ -53.721, -26.687 ], [ -53.722, -26.688 ], [ -53.722, -26.689 ], [ -53.723, -26.689 ], [ -53.724, -26.690 ], [ -53.725, -26.691 ], [ -53.726, -26.691 ], [ -53.727, -26.692 ], [ -53.729, -26.692 ], [ -53.729, -26.691 ], [ -53.730, -26.691 ], [ -53.731, -26.691 ], [ -53.732, -26.690 ], [ -53.733, -26.689 ], [ -53.734, -26.688 ], [ -53.735, -26.687 ], [ -53.736, -26.685 ], [ -53.736, -26.684 ], [ -53.737, -26.683 ], [ -53.738, -26.682 ], [ -53.738, -26.681 ], [ -53.739, -26.680 ], [ -53.740, -26.680 ], [ -53.741, -26.680 ], [ -53.742, -26.680 ], [ -53.742, -26.680 ], [ -53.743, -26.680 ], [ -53.743, -26.681 ], [ -53.743, -26.681 ], [ -53.743, -26.682 ], [ -53.743, -26.682 ], [ -53.743, -26.683 ], [ -53.742, -26.683 ], [ -53.742, -26.684 ], [ -53.742, -26.686 ], [ -53.742, -26.688 ], [ -53.742, -26.689 ], [ -53.741, -26.690 ], [ -53.741, -26.691 ], [ -53.740, -26.692 ], [ -53.739, -26.692 ], [ -53.738, -26.693 ], [ -53.737, -26.694 ], [ -53.736, -26.694 ], [ -53.735, -26.696 ], [ -53.734, -26.697 ], [ -53.733, -26.699 ], [ -53.733, -26.700 ], [ -53.732, -26.701 ], [ -53.732, -26.701 ], [ -53.732, -26.703 ], [ -53.732, -26.704 ], [ -53.733, -26.704 ], [ -53.733, -26.706 ], [ -53.734, -26.708 ], [ -53.734, -26.709 ], [ -53.734, -26.710 ], [ -53.734, -26.712 ], [ -53.734, -26.716 ], [ -53.734, -26.717 ], [ -53.735, -26.717 ], [ -53.735, -26.718 ], [ -53.736, -26.718 ], [ -53.736, -26.719 ], [ -53.738, -26.719 ], [ -53.738, -26.719 ], [ -53.739, -26.719 ], [ -53.740, -26.718 ], [ -53.741, -26.718 ], [ -53.742, -26.718 ], [ -53.743, -26.718 ], [ -53.744, -26.719 ], [ -53.745, -26.719 ], [ -53.746, -26.719 ], [ -53.747, -26.719 ], [ -53.748, -26.719 ], [ -53.749, -26.718 ], [ -53.749, -26.717 ], [ -53.749, -26.716 ], [ -53.750, -26.715 ], [ -53.750, -26.714 ], [ -53.751, -26.712 ], [ -53.752, -26.711 ], [ -53.752, -26.710 ], [ -53.753, -26.709 ], [ -53.754, -26.709 ], [ -53.755, -26.710 ], [ -53.756, -26.711 ], [ -53.756, -26.712 ], [ -53.757, -26.713 ], [ -53.757, -26.714 ], [ -53.757, -26.715 ], [ -53.757, -26.715 ], [ -53.757, -26.716 ], [ -53.757, -26.717 ], [ -53.757, -26.718 ], [ -53.758, -26.719 ], [ -53.758, -26.720 ], [ -53.757, -26.721 ], [ -53.757, -26.721 ], [ -53.756, -26.722 ], [ -53.755, -26.722 ], [ -53.753, -26.723 ], [ -53.752, -26.723 ], [ -53.750, -26.724 ], [ -53.749, -26.724 ], [ -53.748, -26.725 ], [ -53.747, -26.726 ], [ -53.745, -26.727 ], [ -53.744, -26.728 ], [ -53.743, -26.729 ], [ -53.743, -26.730 ], [ -53.742, -26.731 ], [ -53.742, -26.732 ], [ -53.743, -26.732 ], [ -53.743, -26.733 ], [ -53.744, -26.734 ], [ -53.745, -26.734 ], [ -53.746, -26.734 ], [ -53.746, -26.735 ], [ -53.748, -26.735 ], [ -53.749, -26.736 ], [ -53.750, -26.737 ], [ -53.750, -26.738 ], [ -53.750, -26.739 ], [ -53.750, -26.739 ], [ -53.750, -26.740 ], [ -53.749, -26.741 ], [ -53.749, -26.741 ], [ -53.748, -26.741 ], [ -53.747, -26.741 ], [ -53.746, -26.741 ], [ -53.745, -26.741 ], [ -53.741, -26.741 ], [ -53.740, -26.742 ], [ -53.739, -26.742 ], [ -53.738, -26.741 ], [ -53.736, -26.741 ], [ -53.735, -26.740 ], [ -53.734, -26.739 ], [ -53.734, -26.737 ], [ -53.734, -26.735 ], [ -53.734, -26.733 ], [ -53.733, -26.731 ], [ -53.732, -26.730 ], [ -53.732, -26.730 ], [ -53.731, -26.731 ], [ -53.730, -26.731 ], [ -53.729, -26.733 ], [ -53.729, -26.733 ], [ -53.729, -26.734 ], [ -53.729, -26.735 ], [ -53.729, -26.735 ], [ -53.729, -26.736 ], [ -53.729, -26.739 ], [ -53.729, -26.740 ], [ -53.728, -26.740 ], [ -53.728, -26.740 ], [ -53.727, -26.741 ], [ -53.727, -26.741 ], [ -53.725, -26.742 ], [ -53.725, -26.742 ], [ -53.725, -26.743 ], [ -53.724, -26.744 ], [ -53.723, -26.745 ], [ -53.723, -26.746 ], [ -53.722, -26.746 ], [ -53.721, -26.747 ], [ -53.720, -26.748 ], [ -53.719, -26.748 ], [ -53.718, -26.748 ], [ -53.717, -26.748 ], [ -53.716, -26.749 ], [ -53.715, -26.749 ], [ -53.714, -26.750 ], [ -53.714, -26.750 ], [ -53.714, -26.751 ], [ -53.714, -26.752 ], [ -53.714, -26.753 ], [ -53.714, -26.754 ], [ -53.715, -26.754 ], [ -53.716, -26.756 ], [ -53.716, -26.756 ], [ -53.717, -26.757 ], [ -53.717, -26.758 ], [ -53.718, -26.759 ], [ -53.719, -26.760 ], [ -53.721, -26.761 ], [ -53.722, -26.761 ], [ -53.725, -26.763 ], [ -53.728, -26.764 ], [ -53.729, -26.765 ], [ -53.730, -26.765 ], [ -53.732, -26.765 ], [ -53.733, -26.765 ], [ -53.734, -26.765 ], [ -53.736, -26.764 ], [ -53.738, -26.762 ], [ -53.739, -26.762 ], [ -53.740, -26.761 ], [ -53.740, -26.761 ], [ -53.741, -26.761 ], [ -53.742, -26.761 ], [ -53.742, -26.761 ], [ -53.743, -26.762 ], [ -53.743, -26.763 ], [ -53.743, -26.764 ], [ -53.743, -26.764 ], [ -53.743, -26.764 ], [ -53.741, -26.764 ], [ -53.740, -26.764 ], [ -53.740, -26.765 ], [ -53.739, -26.765 ], [ -53.738, -26.766 ], [ -53.737, -26.766 ], [ -53.736, -26.767 ], [ -53.736, -26.768 ], [ -53.735, -26.769 ], [ -53.734, -26.770 ], [ -53.733, -26.771 ], [ -53.732, -26.772 ], [ -53.731, -26.773 ], [ -53.730, -26.773 ], [ -53.729, -26.773 ], [ -53.728, -26.773 ], [ -53.726, -26.773 ], [ -53.725, -26.773 ], [ -53.723, -26.773 ], [ -53.721, -26.773 ], [ -53.720, -26.773 ], [ -53.718, -26.773 ], [ -53.717, -26.773 ], [ -53.716, -26.773 ], [ -53.716, -26.772 ], [ -53.715, -26.772 ], [ -53.715, -26.771 ], [ -53.715, -26.770 ], [ -53.715, -26.769 ], [ -53.715, -26.768 ], [ -53.715, -26.767 ], [ -53.714, -26.766 ], [ -53.713, -26.766 ], [ -53.712, -26.766 ], [ -53.711, -26.766 ], [ -53.708, -26.765 ], [ -53.707, -26.766 ], [ -53.707, -26.766 ], [ -53.706, -26.766 ], [ -53.705, -26.767 ], [ -53.704, -26.767 ], [ -53.703, -26.767 ], [ -53.702, -26.767 ], [ -53.701, -26.767 ], [ -53.699, -26.768 ], [ -53.699, -26.769 ], [ -53.698, -26.769 ], [ -53.698, -26.770 ], [ -53.699, -26.770 ], [ -53.699, -26.771 ], [ -53.700, -26.771 ], [ -53.700, -26.771 ], [ -53.701, -26.772 ], [ -53.703, -26.772 ], [ -53.704, -26.772 ], [ -53.705, -26.772 ], [ -53.706, -26.772 ], [ -53.707, -26.773 ], [ -53.708, -26.773 ], [ -53.709, -26.774 ], [ -53.711, -26.775 ], [ -53.712, -26.776 ], [ -53.713, -26.777 ], [ -53.714, -26.777 ], [ -53.715, -26.778 ], [ -53.716, -26.779 ], [ -53.716, -26.780 ], [ -53.716, -26.780 ], [ -53.717, -26.781 ], [ -53.717, -26.782 ], [ -53.716, -26.787 ], [ -53.716, -26.787 ], [ -53.716, -26.788 ], [ -53.715, -26.789 ], [ -53.715, -26.789 ], [ -53.714, -26.789 ], [ -53.714, -26.789 ], [ -53.714, -26.789 ], [ -53.713, -26.790 ], [ -53.712, -26.792 ], [ -53.712, -26.793 ], [ -53.712, -26.793 ], [ -53.712, -26.793 ], [ -53.710, -26.795 ], [ -53.709, -26.796 ], [ -53.708, -26.798 ], [ -53.708, -26.798 ], [ -53.707, -26.798 ], [ -53.706, -26.798 ], [ -53.706, -26.798 ], [ -53.705, -26.797 ], [ -53.703, -26.797 ], [ -53.703, -26.797 ], [ -53.701, -26.797 ], [ -53.700, -26.797 ], [ -53.700, -26.797 ], [ -53.700, -26.798 ], [ -53.700, -26.799 ], [ -53.700, -26.800 ], [ -53.700, -26.801 ], [ -53.700, -26.802 ], [ -53.700, -26.803 ], [ -53.700, -26.804 ], [ -53.699, -26.805 ], [ -53.699, -26.806 ], [ -53.698, -26.807 ], [ -53.698, -26.808 ], [ -53.698, -26.808 ], [ -53.697, -26.809 ], [ -53.697, -26.812 ], [ -53.697, -26.813 ], [ -53.697, -26.813 ], [ -53.698, -26.814 ], [ -53.700, -26.815 ], [ -53.701, -26.815 ], [ -53.703, -26.815 ], [ -53.704, -26.815 ], [ -53.705, -26.814 ], [ -53.706, -26.814 ], [ -53.706, -26.813 ], [ -53.707, -26.812 ], [ -53.708, -26.811 ], [ -53.708, -26.810 ], [ -53.709, -26.810 ], [ -53.709, -26.810 ], [ -53.710, -26.809 ], [ -53.710, -26.810 ], [ -53.710, -26.810 ], [ -53.710, -26.811 ], [ -53.710, -26.813 ], [ -53.710, -26.813 ], [ -53.709, -26.813 ], [ -53.709, -26.815 ], [ -53.708, -26.815 ], [ -53.708, -26.815 ], [ -53.706, -26.815 ], [ -53.705, -26.816 ], [ -53.704, -26.816 ], [ -53.702, -26.817 ], [ -53.701, -26.818 ], [ -53.700, -26.819 ], [ -53.700, -26.820 ], [ -53.699, -26.822 ], [ -53.699, -26.824 ], [ -53.699, -26.826 ], [ -53.698, -26.827 ], [ -53.697, -26.829 ], [ -53.696, -26.831 ], [ -53.695, -26.832 ], [ -53.694, -26.833 ], [ -53.692, -26.834 ], [ -53.690, -26.836 ], [ -53.688, -26.837 ], [ -53.688, -26.838 ], [ -53.688, -26.839 ], [ -53.689, -26.839 ], [ -53.689, -26.839 ], [ -53.690, -26.839 ], [ -53.691, -26.840 ], [ -53.693, -26.840 ], [ -53.694, -26.841 ], [ -53.695, -26.841 ], [ -53.696, -26.842 ], [ -53.696, -26.843 ], [ -53.695, -26.843 ], [ -53.695, -26.844 ], [ -53.695, -26.845 ], [ -53.694, -26.847 ], [ -53.693, -26.847 ], [ -53.693, -26.847 ], [ -53.692, -26.847 ], [ -53.691, -26.847 ], [ -53.690, -26.848 ], [ -53.689, -26.848 ], [ -53.688, -26.847 ], [ -53.687, -26.847 ], [ -53.686, -26.846 ], [ -53.685, -26.845 ], [ -53.685, -26.844 ], [ -53.684, -26.843 ], [ -53.683, -26.843 ], [ -53.681, -26.842 ], [ -53.680, -26.842 ], [ -53.679, -26.842 ], [ -53.678, -26.843 ], [ -53.677, -26.843 ], [ -53.676, -26.843 ], [ -53.675, -26.845 ], [ -53.674, -26.847 ], [ -53.673, -26.849 ], [ -53.672, -26.851 ], [ -53.671, -26.852 ], [ -53.669, -26.853 ], [ -53.667, -26.854 ], [ -53.665, -26.855 ], [ -53.662, -26.856 ], [ -53.661, -26.857 ], [ -53.660, -26.858 ], [ -53.660, -26.859 ], [ -53.660, -26.860 ], [ -53.660, -26.862 ], [ -53.661, -26.863 ], [ -53.661, -26.863 ], [ -53.663, -26.864 ], [ -53.664, -26.864 ], [ -53.666, -26.863 ], [ -53.668, -26.862 ], [ -53.671, -26.861 ], [ -53.673, -26.861 ], [ -53.675, -26.861 ], [ -53.677, -26.861 ], [ -53.679, -26.861 ], [ -53.681, -26.861 ], [ -53.683, -26.861 ], [ -53.684, -26.860 ], [ -53.686, -26.860 ], [ -53.688, -26.860 ], [ -53.689, -26.860 ], [ -53.692, -26.858 ], [ -53.694, -26.858 ], [ -53.695, -26.858 ], [ -53.696, -26.858 ], [ -53.696, -26.860 ], [ -53.696, -26.861 ], [ -53.695, -26.862 ], [ -53.693, -26.864 ], [ -53.691, -26.865 ], [ -53.690, -26.865 ], [ -53.688, -26.866 ], [ -53.686, -26.866 ], [ -53.683, -26.867 ], [ -53.681, -26.868 ], [ -53.680, -26.868 ], [ -53.680, -26.869 ], [ -53.680, -26.870 ], [ -53.680, -26.870 ], [ -53.681, -26.870 ], [ -53.683, -26.870 ], [ -53.685, -26.871 ], [ -53.686, -26.871 ], [ -53.687, -26.872 ], [ -53.688, -26.873 ], [ -53.689, -26.874 ], [ -53.690, -26.875 ], [ -53.691, -26.877 ], [ -53.692, -26.878 ], [ -53.693, -26.880 ], [ -53.694, -26.882 ], [ -53.695, -26.883 ], [ -53.695, -26.885 ], [ -53.696, -26.886 ], [ -53.695, -26.887 ], [ -53.694, -26.888 ], [ -53.693, -26.888 ], [ -53.692, -26.889 ], [ -53.690, -26.890 ], [ -53.690, -26.890 ], [ -53.699, -26.899 ], [ -53.699, -26.933 ], [ -53.697, -26.935 ], [ -53.699, -26.934 ], [ -53.701, -26.934 ], [ -53.704, -26.933 ], [ -53.706, -26.933 ], [ -53.708, -26.933 ], [ -53.709, -26.934 ], [ -53.709, -26.935 ], [ -53.709, -26.937 ], [ -53.709, -26.939 ], [ -53.708, -26.941 ], [ -53.707, -26.944 ], [ -53.704, -26.948 ], [ -53.701, -26.952 ], [ -53.701, -26.953 ], [ -53.701, -26.954 ], [ -53.701, -26.955 ], [ -53.701, -26.957 ], [ -53.703, -26.960 ], [ -53.703, -26.960 ], [ -53.704, -26.960 ], [ -53.705, -26.960 ], [ -53.706, -26.961 ], [ -53.707, -26.961 ], [ -53.707, -26.962 ], [ -53.708, -26.963 ], [ -53.709, -26.964 ], [ -53.709, -26.964 ], [ -53.710, -26.965 ], [ -53.711, -26.965 ], [ -53.712, -26.965 ], [ -53.713, -26.965 ], [ -53.714, -26.964 ], [ -53.715, -26.964 ], [ -53.716, -26.963 ], [ -53.717, -26.963 ], [ -53.719, -26.961 ], [ -53.721, -26.960 ], [ -53.722, -26.959 ], [ -53.723, -26.958 ], [ -53.724, -26.958 ], [ -53.725, -26.958 ], [ -53.727, -26.959 ], [ -53.727, -26.960 ], [ -53.727, -26.961 ], [ -53.728, -26.963 ], [ -53.729, -26.967 ], [ -53.730, -26.972 ], [ -53.730, -26.972 ], [ -53.731, -26.973 ], [ -53.732, -26.973 ], [ -53.734, -26.973 ], [ -53.735, -26.973 ], [ -53.736, -26.973 ], [ -53.737, -26.974 ], [ -53.736, -26.975 ], [ -53.736, -26.976 ], [ -53.735, -26.977 ], [ -53.733, -26.978 ], [ -53.731, -26.979 ], [ -53.729, -26.980 ], [ -53.728, -26.980 ], [ -53.724, -26.981 ], [ -53.722, -26.982 ], [ -53.719, -26.983 ], [ -53.717, -26.984 ], [ -53.717, -26.985 ], [ -53.717, -26.987 ], [ -53.717, -26.988 ], [ -53.717, -26.990 ], [ -53.718, -26.991 ], [ -53.720, -26.991 ], [ -53.721, -26.992 ], [ -53.723, -26.993 ], [ -53.724, -26.994 ], [ -53.726, -26.993 ], [ -53.728, -26.993 ], [ -53.730, -26.992 ], [ -53.732, -26.991 ], [ -53.734, -26.991 ], [ -53.736, -26.990 ], [ -53.738, -26.990 ], [ -53.740, -26.990 ], [ -53.741, -26.990 ], [ -53.743, -26.991 ], [ -53.743, -26.992 ], [ -53.743, -26.993 ], [ -53.742, -26.994 ], [ -53.741, -26.996 ], [ -53.738, -26.998 ], [ -53.736, -26.999 ], [ -53.733, -27.001 ], [ -53.732, -27.003 ], [ -53.731, -27.004 ], [ -53.731, -27.005 ], [ -53.732, -27.007 ], [ -53.733, -27.008 ], [ -53.734, -27.009 ], [ -53.734, -27.009 ], [ -53.735, -27.010 ], [ -53.736, -27.011 ], [ -53.738, -27.012 ], [ -53.739, -27.014 ], [ -53.740, -27.014 ], [ -53.740, -27.014 ], [ -53.741, -27.014 ], [ -53.742, -27.014 ], [ -53.744, -27.012 ], [ -53.745, -27.010 ], [ -53.747, -27.008 ], [ -53.748, -27.006 ], [ -53.750, -27.005 ], [ -53.751, -27.005 ], [ -53.752, -27.005 ], [ -53.753, -27.004 ], [ -53.755, -27.004 ], [ -53.756, -27.004 ], [ -53.758, -27.005 ], [ -53.760, -27.005 ], [ -53.761, -27.006 ], [ -53.762, -27.007 ], [ -53.763, -27.008 ], [ -53.763, -27.008 ], [ -53.763, -27.010 ], [ -53.760, -27.015 ], [ -53.759, -27.016 ], [ -53.758, -27.017 ], [ -53.757, -27.018 ], [ -53.755, -27.019 ], [ -53.752, -27.020 ], [ -53.750, -27.020 ], [ -53.749, -27.021 ], [ -53.749, -27.022 ], [ -53.748, -27.023 ], [ -53.748, -27.024 ], [ -53.748, -27.025 ], [ -53.747, -27.026 ], [ -53.747, -27.027 ], [ -53.747, -27.029 ], [ -53.747, -27.030 ], [ -53.747, -27.031 ], [ -53.747, -27.031 ], [ -53.747, -27.032 ], [ -53.747, -27.032 ], [ -53.748, -27.032 ], [ -53.749, -27.033 ], [ -53.750, -27.033 ], [ -53.750, -27.033 ], [ -53.753, -27.033 ], [ -53.772, -27.033 ], [ -53.773, -27.032 ], [ -53.774, -27.031 ], [ -53.776, -27.029 ], [ -53.777, -27.028 ], [ -53.780, -27.026 ], [ -53.781, -27.026 ], [ -53.783, -27.025 ], [ -53.784, -27.025 ], [ -53.785, -27.026 ], [ -53.785, -27.026 ], [ -53.785, -27.027 ], [ -53.785, -27.029 ], [ -53.782, -27.033 ], [ -53.799, -27.033 ], [ -53.799, -27.039 ], [ -53.801, -27.039 ], [ -53.801, -27.039 ], [ -53.802, -27.040 ], [ -53.802, -27.041 ], [ -53.801, -27.042 ], [ -53.801, -27.043 ], [ -53.801, -27.045 ], [ -53.800, -27.047 ], [ -53.799, -27.048 ], [ -53.799, -27.066 ], [ -53.799, -27.067 ], [ -53.799, -27.068 ], [ -53.800, -27.069 ], [ -53.800, -27.070 ], [ -53.801, -27.071 ], [ -53.802, -27.072 ], [ -53.803, -27.074 ], [ -53.804, -27.076 ], [ -53.805, -27.078 ], [ -53.805, -27.079 ], [ -53.805, -27.080 ], [ -53.804, -27.082 ], [ -53.803, -27.084 ], [ -53.802, -27.085 ], [ -53.800, -27.086 ], [ -53.797, -27.088 ], [ -53.793, -27.091 ], [ -53.788, -27.093 ], [ -53.783, -27.097 ], [ -53.781, -27.098 ], [ -53.780, -27.099 ], [ -53.779, -27.099 ], [ -53.809, -27.099 ], [ -53.809, -27.099 ], [ -53.810, -27.098 ], [ -53.812, -27.097 ], [ -53.813, -27.097 ], [ -53.814, -27.098 ], [ -53.815, -27.099 ], [ -53.816, -27.099 ], [ -53.833, -27.099 ], [ -53.866, -27.099 ], [ -53.866, -27.066 ], [ -53.866, -27.033 ], [ -53.833, -27.033 ], [ -53.833, -26.999 ], [ -53.799, -26.999 ], [ -53.799, -26.966 ], [ -53.833, -26.966 ], [ -53.833, -26.999 ], [ -53.866, -26.999 ], [ -53.899, -26.999 ], [ -53.899, -27.033 ], [ -53.933, -27.033 ], [ -53.966, -27.033 ], [ -53.966, -26.999 ], [ -53.999, -26.999 ], [ -53.999, -27.033 ], [ -53.966, -27.033 ], [ -53.966, -27.066 ], [ -53.933, -27.066 ], [ -53.933, -27.099 ], [ -53.933, -27.133 ], [ -53.966, -27.133 ], [ -53.966, -27.166 ], [ -53.999, -27.166 ], [ -54.033, -27.166 ], [ -54.066, -27.166 ], [ -54.066, -27.133 ], [ -54.099, -27.133 ], [ -54.099, -27.166 ], [ -54.066, -27.166 ], [ -54.066, -27.199 ], [ -54.066, -27.233 ], [ -54.066, -27.266 ], [ -54.099, -27.266 ], [ -54.133, -27.266 ], [ -54.133, -27.233 ], [ -54.166, -27.233 ], [ -54.166, -27.199 ], [ -54.199, -27.199 ], [ -54.199, -27.166 ], [ -54.199, -27.133 ], [ -54.233, -27.133 ], [ -54.233, -27.166 ], [ -54.233, -27.199 ], [ -54.266, -27.199 ], [ -54.266, -27.233 ], [ -54.266, -27.266 ], [ -54.266, -27.299 ], [ -54.233, -27.299 ], [ -54.233, -27.333 ], [ -54.233, -27.366 ], [ -54.266, -27.366 ], [ -54.266, -27.333 ], [ -54.299, -27.333 ], [ -54.299, -27.299 ], [ -54.333, -27.299 ], [ -54.333, -27.333 ], [ -54.333, -27.366 ], [ -54.366, -27.366 ], [ -54.366, -27.333 ], [ -54.399, -27.333 ], [ -54.433, -27.333 ], [ -54.466, -27.333 ], [ -54.466, -27.366 ], [ -54.499, -27.366 ], [ -54.499, -27.399 ], [ -54.499, -27.433 ], [ -54.533, -27.433 ], [ -54.533, -27.399 ], [ -54.533, -27.366 ], [ -54.533, -27.333 ], [ -54.533, -27.299 ], [ -54.566, -27.299 ], [ -54.566, -27.266 ], [ -54.599, -27.266 ], [ -54.599, -27.299 ], [ -54.566, -27.299 ], [ -54.566, -27.333 ], [ -54.566, -27.366 ], [ -54.566, -27.399 ], [ -54.599, -27.399 ], [ -54.599, -27.433 ], [ -54.599, -27.466 ], [ -54.590, -27.475 ], [ -54.591, -27.48 ], [ -54.601, -27.499 ], [ -54.633, -27.499 ], [ -54.633, -27.466 ], [ -54.633, -27.433 ], [ -54.666, -27.433 ], [ -54.666, -27.399 ], [ -54.699, -27.399 ], [ -54.699, -27.433 ], [ -54.666, -27.433 ], [ -54.666, -27.466 ], [ -54.699, -27.466 ], [ -54.699, -27.499 ], [ -54.699, -27.533 ], [ -54.699, -27.570 ], [ -54.723, -27.563 ], [ -54.742, -27.561 ], [ -54.750, -27.566 ], [ -54.753, -27.575 ], [ -54.759, -27.582 ], [ -54.765, -27.585 ], [ -54.766, -27.585 ], [ -54.766, -27.533 ], [ -54.766, -27.499 ], [ -54.766, -27.466 ], [ -54.799, -27.466 ], [ -54.799, -27.433 ], [ -54.833, -27.433 ], [ -54.833, -27.466 ], [ -54.833, -27.499 ], [ -54.833, -27.533 ], [ -54.866, -27.533 ], [ -54.866, -27.499 ], [ -54.899, -27.499 ], [ -54.899, -27.533 ], [ -54.899, -27.566 ], [ -54.866, -27.566 ], [ -54.866, -27.599 ], [ -54.899, -27.599 ], [ -54.899, -27.633 ], [ -54.899, -27.633 ], [ -54.906, -27.638 ], [ -54.907, -27.645 ], [ -54.905, -27.659 ], [ -54.904, -27.666 ], [ -54.933, -27.666 ], [ -54.933, -27.699 ], [ -54.933, -27.733 ], [ -54.966, -27.733 ], [ -54.999, -27.733 ], [ -54.999, -27.699 ], [ -55.033, -27.699 ], [ -55.033, -27.733 ], [ -55.066, -27.733 ], [ -55.066, -27.766 ], [ -55.099, -27.766 ], [ -55.133, -27.766 ], [ -55.166, -27.766 ], [ -55.166, -27.799 ], [ -55.166, -27.833 ], [ -55.199, -27.833 ], [ -55.199, -27.799 ], [ -55.233, -27.799 ], [ -55.233, -27.833 ], [ -55.266, -27.833 ], [ -55.266, -27.799 ], [ -55.299, -27.799 ], [ -55.299, -27.766 ], [ -55.333, -27.766 ], [ -55.333, -27.733 ], [ -55.366, -27.733 ], [ -55.366, -27.766 ], [ -55.333, -27.766 ], [ -55.333, -27.799 ], [ -55.333, -27.833 ], [ -55.333, -27.866 ], [ -55.366, -27.866 ], [ -55.366, -27.833 ], [ -55.399, -27.833 ], [ -55.433, -27.833 ], [ -55.433, -27.866 ], [ -55.399, -27.866 ], [ -55.399, -27.899 ], [ -55.399, -27.933 ], [ -55.399, -27.966 ], [ -55.433, -27.966 ], [ -55.433, -27.933 ], [ -55.433, -27.899 ], [ -55.466, -27.899 ], [ -55.499, -27.899 ], [ -55.499, -27.933 ], [ -55.499, -27.966 ], [ -55.499, -27.999 ], [ -55.533, -27.999 ], [ -55.533, -27.966 ], [ -55.566, -27.966 ], [ -55.599, -27.966 ], [ -55.599, -27.933 ], [ -55.633, -27.933 ], [ -55.633, -27.899 ], [ -55.633, -27.866 ], [ -55.633, -27.833 ], [ -55.666, -27.833 ], [ -55.666, -27.866 ], [ -55.666, -27.899 ], [ -55.699, -27.899 ], [ -55.733, -27.899 ], [ -55.733, -27.933 ], [ -55.766, -27.933 ], [ -55.766, -27.899 ], [ -55.766, -27.866 ], [ -55.799, -27.866 ], [ -55.833, -27.866 ], [ -55.833, -27.833 ], [ -55.866, -27.833 ], [ -55.866, -27.866 ], [ -55.866, -27.899 ], [ -55.866, -27.933 ], [ -55.866, -27.966 ], [ -55.899, -27.966 ], [ -55.933, -27.966 ], [ -55.966, -27.966 ], [ -55.966, -27.999 ], [ -55.933, -27.999 ], [ -55.933, -28.033 ], [ -55.966, -28.033 ], [ -55.966, -28.066 ], [ -55.933, -28.066 ], [ -55.899, -28.066 ], [ -55.899, -28.099 ], [ -55.866, -28.099 ], [ -55.866, -28.133 ], [ -55.899, -28.133 ], [ -55.899, -28.166 ], [ -55.899, -28.199 ], [ -55.866, -28.199 ], [ -55.866, -28.233 ], [ -55.833, -28.233 ], [ -55.833, -28.266 ], [ -55.799, -28.266 ], [ -55.799, -28.299 ], [ -55.766, -28.299 ], [ -55.733, -28.299 ], [ -55.733, -28.333 ], [ -55.766, -28.333 ], [ -55.799, -28.333 ], [ -55.833, -28.333 ], [ -55.833, -28.299 ], [ -55.866, -28.299 ], [ -55.899, -28.299 ], [ -55.899, -28.266 ], [ -55.899, -28.233 ], [ -55.933, -28.233 ], [ -55.933, -28.266 ], [ -55.933, -28.299 ], [ -55.966, -28.299 ], [ -55.966, -28.266 ], [ -55.999, -28.266 ], [ -55.999, -28.233 ], [ -56.033, -28.233 ], [ -56.033, -28.199 ], [ -56.066, -28.199 ], [ -56.066, -28.233 ], [ -56.033, -28.233 ], [ -56.033, -28.266 ], [ -55.999, -28.266 ], [ -55.999, -28.299 ], [ -55.999, -28.333 ], [ -55.966, -28.333 ], [ -55.966, -28.366 ], [ -55.966, -28.399 ], [ -55.966, -28.433 ], [ -55.933, -28.433 ], [ -55.893, -28.433 ], [ -55.890, -28.439 ], [ -55.888, -28.449 ], [ -55.883, -28.461 ], [ -55.880, -28.471 ], [ -55.881, -28.475 ], [ -55.883, -28.479 ], [ -55.887, -28.481 ], [ -55.907, -28.481 ], [ -55.916, -28.482 ], [ -55.916, -28.483 ], [ -55.933, -28.466 ], [ -55.966, -28.466 ], [ -55.966, -28.496 ], [ -55.973, -28.496 ], [ -55.989, -28.498 ], [ -55.999, -28.502 ], [ -55.999, -28.466 ], [ -55.999, -28.433 ], [ -56.033, -28.433 ], [ -56.033, -28.466 ], [ -56.033, -28.499 ], [ -56.018, -28.515 ], [ -56.018, -28.515 ], [ -56.022, -28.521 ], [ -56.025, -28.529 ], [ -56.026, -28.537 ], [ -56.025, -28.545 ], [ -56.021, -28.553 ], [ -56.013, -28.562 ], [ -56.007, -28.569 ], [ -56.003, -28.577 ], [ -56.000, -28.584 ], [ -56.001, -28.594 ], [ -56.005, -28.602 ], [ -56.009, -28.607 ], [ -56.019, -28.614 ], [ -56.035, -28.621 ], [ -56.052, -28.627 ], [ -56.063, -28.634 ], [ -56.084, -28.656 ], [ -56.106, -28.674 ], [ -56.119, -28.682 ], [ -56.126, -28.687 ], [ -56.147, -28.713 ], [ -56.153, -28.726 ], [ -56.164, -28.745 ], [ -56.171, -28.753 ], [ -56.178, -28.759 ], [ -56.200, -28.770 ], [ -56.213, -28.775 ], [ -56.236, -28.777 ], [ -56.255, -28.778 ], [ -56.268, -28.781 ], [ -56.281, -28.787 ], [ -56.290, -28.795 ], [ -56.296, -28.802 ], [ -56.300, -28.811 ], [ -56.301, -28.821 ], [ -56.298, -28.833 ], [ -56.298, -28.853 ], [ -56.298, -28.878 ], [ -56.299, -28.890 ], [ -56.299, -28.896 ], [ -56.307, -28.907 ], [ -56.314, -28.915 ], [ -56.323, -28.924 ], [ -56.334, -28.932 ], [ -56.342, -28.939 ], [ -56.355, -28.944 ], [ -56.371, -28.946 ], [ -56.381, -28.949 ], [ -56.392, -28.958 ], [ -56.398, -28.964 ], [ -56.407, -28.974 ], [ -56.412, -28.983 ], [ -56.415, -28.993 ], [ -56.415, -29.000 ], [ -56.414, -29.004 ], [ -56.402, -29.012 ], [ -56.398, -29.019 ], [ -56.400, -29.026 ], [ -56.407, -29.037 ], [ -56.411, -29.044 ], [ -56.411, -29.058 ], [ -56.414, -29.070 ], [ -56.418, -29.075 ], [ -56.424, -29.078 ], [ -56.498, -29.088 ], [ -56.508, -29.090 ], [ -56.516, -29.093 ], [ -56.532, -29.105 ], [ -56.539, -29.113 ], [ -56.547, -29.116 ], [ -56.557, -29.115 ], [ -56.572, -29.114 ], [ -56.578, -29.116 ], [ -56.584, -29.118 ], [ -56.593, -29.125 ], [ -56.598, -29.143 ], [ -56.604, -29.156 ], [ -56.631, -29.187 ], [ -56.643, -29.196 ], [ -56.649, -29.211 ], [ -56.654, -29.228 ], [ -56.653, -29.237 ], [ -56.648, -29.249 ], [ -56.648, -29.258 ], [ -56.659, -29.290 ], [ -56.689, -29.339 ], [ -56.701, -29.359 ], [ -56.709, -29.365 ], [ -56.718, -29.369 ], [ -56.745, -29.369 ], [ -56.757, -29.373 ], [ -56.766, -29.377 ], [ -56.772, -29.386 ], [ -56.779, -29.408 ], [ -56.777, -29.424 ], [ -56.776, -29.431 ], [ -56.778, -29.437 ], [ -56.785, -29.442 ], [ -56.795, -29.449 ], [ -56.800, -29.453 ], [ -56.804, -29.459 ], [ -56.807, -29.471 ], [ -56.810, -29.477 ], [ -56.819, -29.488 ], [ -56.832, -29.496 ], [ -56.841, -29.499 ], [ -56.861, -29.509 ], [ -56.898, -29.531 ], [ -56.913, -29.545 ], [ -56.924, -29.561 ], [ -56.932, -29.569 ], [ -56.943, -29.574 ], [ -56.951, -29.581 ], [ -56.964, -29.598 ], [ -56.982, -29.611 ], [ -56.991, -29.620 ], [ -56.995, -29.627 ], [ -57.007, -29.650 ], [ -57.017, -29.660 ], [ -57.036, -29.680 ], [ -57.047, -29.700 ], [ -57.061, -29.716 ], [ -57.121, -29.765 ], [ -57.133, -29.771 ], [ -57.17, -29.781 ], [ -57.183, -29.781 ], [ -57.213, -29.777 ], [ -57.227, -29.779 ], [ -57.242, -29.788 ], [ -57.278, -29.817 ], [ -57.294, -29.831 ], [ -57.328, -29.88 ], [ -57.329, -29.895 ], [ -57.323, -29.923 ], [ -57.328, -29.972 ], [ -57.337, -29.992 ], [ -57.349, -30.005 ], [ -57.362, -30.012 ], [ -57.382, -30.017 ], [ -57.399, -30.025 ], [ -57.414, -30.036 ], [ -57.448, -30.074 ], [ -57.454, -30.088 ], [ -57.458, -30.101 ], [ -57.463, -30.108 ], [ -57.480, -30.123 ], [ -57.514, -30.144 ], [ -57.542, -30.160 ], [ -57.584, -30.177 ], [ -57.595, -30.179 ], [ -57.600, -30.179 ], [ -57.606, -30.179 ], [ -57.628, -30.174 ], [ -57.631, -30.174 ], [ -57.636, -30.175 ], [ -57.642, -30.179 ], [ -57.645, -30.183 ], [ -57.647, -30.194 ], [ -57.649, -30.199 ], [ -57.649, -30.201 ], [ -57.648, -30.204 ], [ -57.647, -30.207 ], [ -57.645, -30.211 ], [ -57.643, -30.214 ], [ -57.641, -30.216 ], [ -57.639, -30.219 ], [ -57.637, -30.221 ], [ -57.636, -30.222 ], [ -57.634, -30.225 ], [ -57.632, -30.227 ], [ -57.630, -30.229 ], [ -57.628, -30.232 ], [ -57.625, -30.235 ], [ -57.623, -30.238 ], [ -57.620, -30.241 ], [ -57.617, -30.245 ], [ -57.615, -30.252 ], [ -57.616, -30.258 ], [ -57.617, -30.261 ], [ -57.618, -30.263 ], [ -57.619, -30.267 ], [ -57.622, -30.275 ], [ -57.625, -30.281 ], [ -57.628, -30.288 ], [ -57.629, -30.293 ], [ -57.629, -30.299 ], [ -57.630, -30.304 ], [ -57.634, -30.316 ], [ -57.635, -30.321 ], [ -57.635, -30.326 ], [ -57.636, -30.331 ], [ -57.639, -30.336 ], [ -57.641, -30.341 ], [ -57.647, -30.349 ], [ -57.652, -30.353 ], [ -57.655, -30.356 ], [ -57.662, -30.361 ], [ -57.664, -30.363 ], [ -57.668, -30.367 ], [ -57.672, -30.369 ], [ -57.673, -30.370 ], [ -57.678, -30.372 ], [ -57.682, -30.375 ], [ -57.691, -30.382 ], [ -57.696, -30.385 ], [ -57.702, -30.389 ], [ -57.706, -30.392 ], [ -57.711, -30.395 ], [ -57.717, -30.398 ], [ -57.721, -30.400 ], [ -57.723, -30.401 ], [ -57.741, -30.409 ], [ -57.748, -30.412 ], [ -57.756, -30.416 ], [ -57.762, -30.418 ], [ -57.764, -30.419 ], [ -57.768, -30.421 ], [ -57.772, -30.423 ], [ -57.776, -30.427 ], [ -57.780, -30.432 ], [ -57.786, -30.440 ], [ -57.791, -30.445 ], [ -57.793, -30.446 ], [ -57.798, -30.450 ], [ -57.802, -30.452 ], [ -57.809, -30.454 ], [ -57.812, -30.456 ], [ -57.825, -30.461 ], [ -57.836, -30.466 ], [ -57.843, -30.469 ], [ -57.848, -30.471 ], [ -57.853, -30.474 ], [ -57.859, -30.477 ], [ -57.864, -30.481 ], [ -57.872, -30.489 ], [ -57.880, -30.496 ], [ -57.883, -30.498 ], [ -57.885, -30.500 ], [ -57.886, -30.503 ], [ -57.889, -30.505 ], [ -57.891, -30.510 ], [ -57.892, -30.512 ], [ -57.892, -30.514 ], [ -57.892, -30.517 ], [ -57.892, -30.520 ], [ -57.891, -30.525 ], [ -57.889, -30.531 ], [ -57.888, -30.539 ], [ -57.886, -30.545 ], [ -57.886, -30.548 ], [ -57.885, -30.554 ], [ -57.885, -30.560 ], [ -57.885, -30.563 ], [ -57.886, -30.567 ], [ -57.887, -30.572 ], [ -57.888, -30.574 ], [ -57.887, -30.579 ], [ -57.887, -30.581 ], [ -57.885, -30.585 ], [ -57.882, -30.588 ], [ -57.877, -30.591 ], [ -57.869, -30.595 ], [ -57.856, -30.598 ], [ -57.848, -30.603 ], [ -57.846, -30.612 ], [ -57.844, -30.617 ], [ -57.843, -30.621 ], [ -57.840, -30.629 ], [ -57.838, -30.637 ], [ -57.837, -30.649 ], [ -57.836, -30.653 ], [ -57.835, -30.658 ], [ -57.834, -30.661 ], [ -57.833, -30.666 ], [ -57.831, -30.671 ], [ -57.827, -30.674 ], [ -57.816, -30.682 ], [ -57.813, -30.686 ], [ -57.811, -30.690 ], [ -57.809, -30.694 ], [ -57.806, -30.701 ], [ -57.805, -30.704 ], [ -57.804, -30.706 ], [ -57.803, -30.709 ], [ -57.805, -30.715 ], [ -57.806, -30.719 ], [ -57.806, -30.722 ], [ -57.808, -30.727 ], [ -57.809, -30.730 ], [ -57.810, -30.735 ], [ -57.810, -30.743 ], [ -57.809, -30.746 ], [ -57.808, -30.754 ], [ -57.806, -30.760 ], [ -57.805, -30.763 ], [ -57.804, -30.767 ], [ -57.802, -30.771 ], [ -57.802, -30.774 ], [ -57.801, -30.778 ], [ -57.801, -30.784 ], [ -57.801, -30.788 ], [ -57.801, -30.793 ], [ -57.801, -30.800 ], [ -57.801, -30.806 ], [ -57.801, -30.813 ], [ -57.801, -30.818 ], [ -57.802, -30.826 ], [ -57.803, -30.829 ], [ -57.803, -30.831 ], [ -57.804, -30.836 ], [ -57.804, -30.846 ], [ -57.804, -30.851 ], [ -57.805, -30.858 ], [ -57.805, -30.864 ], [ -57.805, -30.871 ], [ -57.805, -30.878 ], [ -57.805, -30.883 ], [ -57.806, -30.889 ], [ -57.806, -30.893 ], [ -57.806, -30.896 ], [ -57.806, -30.899 ], [ -57.833, -30.899 ], [ -57.833, -30.866 ], [ -57.866, -30.866 ], [ -57.866, -30.833 ], [ -57.899, -30.833 ], [ -57.899, -30.799 ], [ -57.933, -30.799 ], [ -57.966, -30.799 ], [ -57.999, -30.799 ], [ -57.999, -30.766 ], [ -57.999, -30.733 ], [ -58.033, -30.733 ], [ -58.066, -30.733 ], [ -58.099, -30.733 ], [ -58.099, -30.699 ], [ -58.133, -30.699 ], [ -58.166, -30.699 ], [ -58.166, -30.666 ], [ -58.199, -30.666 ], [ -58.199, -30.633 ], [ -58.233, -30.633 ], [ -58.266, -30.633 ], [ -58.266, -30.599 ], [ -58.299, -30.599 ], [ -58.333, -30.599 ], [ -58.366, -30.599 ], [ -58.399, -30.599 ], [ -58.399, -30.566 ], [ -58.433, -30.566 ], [ -58.466, -30.566 ], [ -58.499, -30.566 ], [ -58.499, -30.599 ], [ -58.533, -30.599 ], [ -58.533, -30.566 ], [ -58.566, -30.566 ], [ -58.599, -30.566 ], [ -58.599, -30.599 ], [ -58.566, -30.599 ], [ -58.533, -30.599 ], [ -58.533, -30.633 ], [ -58.566, -30.633 ], [ -58.599, -30.633 ], [ -58.599, -30.666 ], [ -58.633, -30.666 ], [ -58.633, -30.699 ], [ -58.666, -30.699 ], [ -58.666, -30.733 ], [ -58.699, -30.733 ], [ -58.733, -30.733 ], [ -58.766, -30.733 ], [ -58.766, -30.699 ], [ -58.799, -30.699 ], [ -58.833, -30.699 ], [ -58.833, -30.666 ], [ -58.833, -30.633 ], [ -58.866, -30.633 ], [ -58.866, -30.666 ], [ -58.899, -30.666 ], [ -58.933, -30.666 ], [ -58.933, -30.699 ], [ -58.966, -30.699 ], [ -58.999, -30.699 ], [ -58.999, -30.733 ], [ -59.033, -30.733 ], [ -59.066, -30.733 ], [ -59.066, -30.766 ], [ -59.033, -30.766 ], [ -59.033, -30.799 ], [ -59.033, -30.833 ], [ -59.066, -30.833 ], [ -59.099, -30.833 ], [ -59.133, -30.833 ], [ -59.166, -30.833 ], [ -59.166, -30.866 ], [ -59.199, -30.866 ], [ -59.199, -30.833 ], [ -59.233, -30.833 ], [ -59.233, -30.866 ], [ -59.266, -30.866 ], [ -59.266, -30.899 ], [ -59.233, -30.899 ], [ -59.233, -30.933 ], [ -59.199, -30.933 ], [ -59.199, -30.966 ], [ -59.233, -30.966 ], [ -59.266, -30.966 ], [ -59.266, -30.933 ], [ -59.299, -30.933 ], [ -59.299, -30.899 ], [ -59.333, -30.899 ], [ -59.333, -30.866 ], [ -59.366, -30.866 ], [ -59.399, -30.866 ], [ -59.399, -30.899 ], [ -59.433, -30.899 ], [ -59.433, -30.933 ], [ -59.466, -30.933 ], [ -59.466, -30.966 ], [ -59.433, -30.966 ], [ -59.433, -30.999 ], [ -59.466, -30.999 ], [ -59.499, -30.999 ], [ -59.499, -31.033 ], [ -59.466, -31.033 ], [ -59.433, -31.033 ], [ -59.433, -31.066 ], [ -59.399, -31.066 ], [ -59.366, -31.066 ], [ -59.366, -31.099 ], [ -59.399, -31.099 ], [ -59.433, -31.099 ], [ -59.466, -31.099 ], [ -59.499, -31.099 ], [ -59.499, -31.133 ], [ -59.533, -31.133 ], [ -59.533, -31.099 ], [ -59.566, -31.099 ], [ -59.566, -31.133 ], [ -59.566, -31.166 ], [ -59.599, -31.166 ], [ -59.599, -31.133 ], [ -59.599, -31.099 ], [ -59.633, -31.099 ], [ -59.633, -31.133 ], [ -59.666, -31.133 ], [ -59.666, -31.166 ], [ -59.666, -31.199 ], [ -59.633, -31.199 ], [ -59.633, -31.233 ], [ -59.599, -31.233 ], [ -59.599, -31.266 ], [ -59.599, -31.299 ], [ -59.599, -31.333 ], [ -59.633, -31.333 ], [ -59.666, -31.333 ], [ -59.699, -31.333 ], [ -59.699, -31.299 ], [ -59.666, -31.299 ], [ -59.666, -31.266 ], [ -59.666, -31.233 ], [ -59.699, -31.233 ], [ -59.699, -31.266 ], [ -59.733, -31.266 ], [ -59.733, -31.233 ], [ -59.766, -31.233 ], [ -59.766, -31.199 ], [ -59.766, -31.166 ], [ -59.799, -31.166 ], [ -59.833, -31.166 ], [ -59.866, -31.166 ], [ -59.866, -31.199 ], [ -59.899, -31.199 ], [ -59.899, -31.233 ], [ -59.899, -31.266 ], [ -59.899, -31.299 ], [ -59.866, -31.299 ], [ -59.866, -31.333 ], [ -59.866, -31.366 ], [ -59.866, -31.399 ], [ -59.833, -31.399 ], [ -59.833, -31.433 ], [ -59.866, -31.433 ], [ -59.899, -31.433 ], [ -59.899, -31.399 ], [ -59.899, -31.366 ], [ -59.933, -31.366 ], [ -59.933, -31.333 ], [ -59.966, -31.333 ], [ -59.966, -31.299 ], [ -59.966, -31.266 ], [ -59.999, -31.266 ], [ -60.033, -31.266 ], [ -60.033, -31.299 ], [ -60.066, -31.299 ], [ -60.066, -31.333 ], [ -60.066, -31.366 ], [ -60.033, -31.366 ], [ -60.033, -31.399 ], [ -59.999, -31.399 ], [ -59.966, -31.399 ], [ -59.966, -31.433 ], [ -59.966, -31.466 ], [ -59.999, -31.466 ], [ -60.033, -31.466 ], [ -60.033, -31.499 ], [ -60.033, -31.533 ], [ -60.066, -31.533 ], [ -60.066, -31.566 ], [ -60.099, -31.566 ], [ -60.099, -31.599 ], [ -60.066, -31.599 ], [ -60.066, -31.633 ], [ -60.033, -31.633 ], [ -59.999, -31.633 ], [ -59.966, -31.633 ], [ -59.966, -31.666 ], [ -59.966, -31.699 ], [ -59.999, -31.699 ], [ -59.999, -31.733 ], [ -59.999, -31.766 ], [ -59.999, -31.799 ], [ -60.033, -31.799 ], [ -60.033, -31.833 ], [ -59.999, -31.833 ], [ -59.999, -31.866 ], [ -59.999, -31.899 ], [ -60.033, -31.899 ], [ -60.066, -31.899 ], [ -60.066, -31.933 ], [ -60.099, -31.933 ], [ -60.133, -31.933 ], [ -60.166, -31.933 ], [ -60.166, -31.966 ], [ -60.166, -31.999 ], [ -60.199, -31.999 ], [ -60.233, -31.999 ], [ -60.233, -32.033 ], [ -60.266, -32.033 ], [ -60.266, -32.066 ], [ -60.299, -32.066 ], [ -60.299, -32.099 ], [ -60.333, -32.099 ], [ -60.333, -32.133 ], [ -60.366, -32.133 ], [ -60.366, -32.166 ], [ -60.399, -32.166 ], [ -60.399, -32.199 ], [ -60.433, -32.199 ], [ -60.466, -32.199 ], [ -60.466, -32.233 ], [ -60.499, -32.233 ], [ -60.533, -32.233 ], [ -60.566, -32.233 ], [ -60.599, -32.233 ], [ -60.599, -32.199 ], [ -60.633, -32.199 ], [ -60.633, -32.166 ], [ -60.666, -32.166 ], [ -60.699, -32.166 ], [ -60.699, -32.133 ], [ -60.733, -32.133 ], [ -60.733, -32.099 ], [ -60.766, -32.099 ], [ -60.766, -32.066 ], [ -60.766, -32.033 ], [ -60.766, -31.999 ], [ -60.733, -31.999 ], [ -60.733, -31.966 ], [ -60.733, -31.933 ], [ -60.733, -31.899 ], [ -60.699, -31.899 ], [ -60.699, -31.866 ], [ -60.699, -31.833 ], [ -60.699, -31.799 ], [ -60.666, -31.799 ], [ -60.666, -31.766 ], [ -60.666, -31.733 ], [ -60.666, -31.699 ], [ -60.666, -31.666 ], [ -60.633, -31.666 ], [ -60.633, -31.633 ], [ -60.633, -31.599 ], [ -60.633, -31.566 ], [ -60.633, -31.533 ], [ -60.633, -31.499 ], [ -60.633, -31.466 ], [ -60.599, -31.466 ], [ -60.599, -31.433 ], [ -60.599, -31.399 ], [ -60.599, -31.366 ], [ -60.633, -31.366 ], [ -60.633, -31.333 ], [ -60.599, -31.333 ], [ -60.599, -31.299 ], [ -60.566, -31.299 ], [ -60.566, -31.266 ], [ -60.566, -31.233 ], [ -60.566, -31.199 ], [ -60.599, -31.199 ], [ -60.599, -31.166 ], [ -60.566, -31.166 ], [ -60.566, -31.133 ], [ -60.533, -31.133 ], [ -60.533, -31.099 ], [ -60.499, -31.099 ], [ -60.499, -31.066 ], [ -60.499, -31.033 ], [ -60.466, -31.033 ], [ -60.466, -30.999 ], [ -60.466, -30.966 ], [ -60.466, -30.933 ], [ -60.433, -30.933 ], [ -60.433, -30.899 ], [ -60.433, -30.866 ], [ -60.433, -30.833 ], [ -60.433, -30.799 ], [ -60.433, -30.766 ], [ -60.433, -30.733 ], [ -60.433, -30.699 ], [ -60.433, -30.666 ], [ -60.433, -30.633 ], [ -60.433, -30.599 ], [ -60.433, -30.566 ], [ -60.433, -30.533 ], [ -60.399, -30.533 ], [ -60.399, -30.499 ], [ -60.399, -30.466 ], [ -60.366, -30.466 ], [ -60.366, -30.433 ], [ -60.333, -30.433 ], [ -60.333, -30.399 ], [ -60.299, -30.399 ], [ -60.299, -30.366 ], [ -60.299, -30.333 ], [ -60.333, -30.333 ], [ -60.333, -30.299 ], [ -60.299, -30.299 ], [ -60.299, -30.266 ], [ -60.299, -30.233 ], [ -60.333, -30.233 ], [ -60.333, -30.266 ], [ -60.366, -30.266 ], [ -60.399, -30.266 ], [ -60.399, -30.233 ], [ -60.399, -30.199 ], [ -60.433, -30.199 ], [ -60.433, -30.166 ], [ -60.433, -30.133 ], [ -60.433, -30.099 ], [ -60.433, -30.066 ], [ -60.466, -30.066 ], [ -60.499, -30.066 ], [ -60.499, -30.033 ], [ -60.533, -30.033 ], [ -60.533, -29.999 ], [ -60.566, -29.999 ], [ -60.566, -29.966 ], [ -60.599, -29.966 ], [ -60.599, -29.933 ], [ -60.633, -29.933 ], [ -60.633, -29.966 ], [ -60.666, -29.966 ], [ -60.666, -29.933 ], [ -60.666, -29.899 ], [ -60.699, -29.899 ], [ -60.733, -29.899 ], [ -60.766, -29.899 ], [ -60.766, -29.866 ], [ -60.766, -29.833 ], [ -60.799, -29.833 ], [ -60.799, -29.799 ], [ -60.833, -29.799 ], [ -60.833, -29.766 ], [ -60.833, -29.733 ], [ -60.866, -29.733 ], [ -60.866, -29.699 ], [ -60.899, -29.699 ], [ -60.899, -29.666 ], [ -60.933, -29.666 ], [ -60.933, -29.633 ], [ -60.933, -29.599 ], [ -60.966, -29.599 ], [ -60.966, -29.566 ], [ -60.966, -29.533 ], [ -60.999, -29.533 ], [ -60.999, -29.499 ], [ -60.999, -29.466 ], [ -60.999, -29.433 ], [ -60.999, -29.399 ], [ -60.999, -29.366 ], [ -61.033, -29.366 ], [ -61.033, -29.333 ], [ -61.066, -29.333 ], [ -61.066, -29.299 ], [ -61.066, -29.266 ], [ -61.099, -29.266 ], [ -61.099, -29.233 ], [ -61.133, -29.233 ], [ -61.133, -29.199 ], [ -61.133, -29.166 ], [ -61.166, -29.166 ], [ -61.199, -29.166 ], [ -61.199, -29.133 ], [ -61.233, -29.133 ], [ -61.233, -29.099 ], [ -61.266, -29.099 ], [ -61.266, -29.133 ], [ -61.266, -29.166 ], [ -61.299, -29.166 ], [ -61.299, -29.133 ], [ -61.333, -29.133 ], [ -61.333, -29.099 ], [ -61.333, -29.066 ], [ -61.366, -29.066 ], [ -61.366, -29.033 ], [ -61.399, -29.033 ], [ -61.399, -28.999 ], [ -61.399, -28.966 ], [ -61.399, -28.933 ], [ -61.433, -28.933 ], [ -61.433, -28.899 ], [ -61.433, -28.866 ], [ -61.466, -28.866 ], [ -61.466, -28.833 ], [ -61.499, -28.833 ], [ -61.499, -28.799 ], [ -61.533, -28.799 ], [ -61.533, -28.766 ], [ -61.566, -28.766 ], [ -61.566, -28.733 ], [ -61.599, -28.733 ], [ -61.599, -28.699 ], [ -61.633, -28.699 ], [ -61.666, -28.699 ], [ -61.699, -28.699 ], [ -61.699, -28.733 ], [ -61.733, -28.733 ], [ -61.733, -28.766 ], [ -61.766, -28.766 ], [ -61.799, -28.766 ], [ -61.799, -28.733 ], [ -61.833, -28.733 ], [ -61.866, -28.733 ], [ -61.866, -28.699 ], [ -61.866, -28.666 ], [ -61.899, -28.666 ], [ -61.899, -28.633 ], [ -61.933, -28.633 ], [ -61.966, -28.633 ], [ -61.966, -28.599 ], [ -61.999, -28.599 ], [ -61.999, -28.566 ], [ -62.033, -28.566 ], [ -62.066, -28.566 ], [ -62.099, -28.566 ], [ -62.099, -28.599 ], [ -62.133, -28.599 ], [ -62.166, -28.599 ], [ -62.166, -28.566 ], [ -62.166, -28.533 ], [ -62.199, -28.533 ], [ -62.199, -28.499 ], [ -62.199, -28.466 ], [ -62.233, -28.466 ], [ -62.233, -28.433 ], [ -62.266, -28.433 ], [ -62.266, -28.399 ], [ -62.233, -28.399 ], [ -62.233, -28.366 ], [ -62.233, -28.333 ], [ -62.266, -28.333 ], [ -62.299, -28.333 ], [ -62.333, -28.333 ], [ -62.366, -28.333 ], [ -62.399, -28.333 ], [ -62.399, -28.299 ], [ -62.433, -28.299 ], [ -62.466, -28.299 ], [ -62.466, -28.266 ], [ -62.466, -28.233 ], [ -62.499, -28.233 ], [ -62.533, -28.233 ], [ -62.566, -28.233 ], [ -62.599, -28.233 ], [ -62.599, -28.199 ], [ -62.633, -28.199 ], [ -62.666, -28.199 ], [ -62.666, -28.166 ], [ -62.699, -28.166 ], [ -62.733, -28.166 ], [ -62.733, -28.133 ], [ -62.766, -28.133 ], [ -62.766, -28.099 ], [ -62.733, -28.099 ], [ -62.733, -28.066 ], [ -62.733, -28.033 ], [ -62.699, -28.033 ], [ -62.699, -27.999 ], [ -62.699, -27.966 ], [ -62.699, -27.933 ], [ -62.699, -27.899 ], [ -62.699, -27.866 ], [ -62.733, -27.866 ], [ -62.733, -27.833 ], [ -62.766, -27.833 ], [ -62.766, -27.799 ], [ -62.799, -27.799 ], [ -62.799, -27.833 ], [ -62.833, -27.833 ], [ -62.866, -27.833 ], [ -62.866, -27.799 ], [ -62.899, -27.799 ], [ -62.899, -27.766 ], [ -62.899, -27.733 ], [ -62.933, -27.733 ], [ -62.933, -27.699 ], [ -62.933, -27.666 ], [ -62.966, -27.666 ], [ -62.966, -27.699 ], [ -62.999, -27.699 ], [ -62.999, -27.733 ], [ -62.999, -27.766 ], [ -63.033, -27.766 ], [ -63.033, -27.799 ], [ -63.066, -27.799 ], [ -63.066, -27.833 ], [ -63.066, -27.866 ], [ -63.099, -27.866 ], [ -63.133, -27.866 ], [ -63.166, -27.866 ], [ -63.166, -27.833 ], [ -63.199, -27.833 ], [ -63.199, -27.799 ], [ -63.166, -27.799 ], [ -63.166, -27.766 ], [ -63.166, -27.733 ], [ -63.199, -27.733 ], [ -63.199, -27.699 ], [ -63.199, -27.666 ], [ -63.233, -27.666 ], [ -63.233, -27.633 ], [ -63.233, -27.599 ], [ -63.266, -27.599 ], [ -63.266, -27.566 ], [ -63.299, -27.566 ], [ -63.299, -27.533 ], [ -63.333, -27.533 ], [ -63.333, -27.499 ], [ -63.366, -27.499 ], [ -63.366, -27.466 ], [ -63.399, -27.466 ], [ -63.399, -27.433 ], [ -63.433, -27.433 ], [ -63.433, -27.399 ], [ -63.466, -27.399 ], [ -63.466, -27.366 ], [ -63.499, -27.366 ], [ -63.499, -27.333 ], [ -63.533, -27.333 ], [ -63.566, -27.333 ], [ -63.566, -27.299 ], [ -63.599, -27.299 ], [ -63.599, -27.266 ], [ -63.633, -27.266 ], [ -63.666, -27.266 ], [ -63.666, -27.233 ], [ -63.699, -27.233 ], [ -63.733, -27.233 ], [ -63.766, -27.233 ], [ -63.766, -27.199 ], [ -63.799, -27.199 ], [ -63.833, -27.199 ], [ -63.833, -27.233 ], [ -63.866, -27.233 ], [ -63.866, -27.199 ], [ -63.899, -27.199 ], [ -63.933, -27.199 ], [ -63.966, -27.199 ], [ -63.999, -27.199 ], [ -63.999, -27.166 ], [ -64.033, -27.166 ], [ -64.066, -27.166 ], [ -64.099, -27.166 ], [ -64.133, -27.166 ], [ -64.166, -27.166 ], [ -64.199, -27.166 ], [ -64.199, -27.199 ], [ -64.233, -27.199 ], [ -64.266, -27.199 ], [ -64.299, -27.199 ], [ -64.299, -27.166 ], [ -64.299, -27.133 ], [ -64.333, -27.133 ], [ -64.366, -27.133 ], [ -64.399, -27.133 ], [ -64.433, -27.133 ], [ -64.433, -27.166 ], [ -64.466, -27.166 ], [ -64.466, -27.199 ], [ -64.499, -27.199 ], [ -64.499, -27.233 ], [ -64.533, -27.233 ], [ -64.533, -27.266 ], [ -64.566, -27.266 ], [ -64.599, -27.266 ], [ -64.599, -27.299 ], [ -64.633, -27.299 ], [ -64.666, -27.299 ], [ -64.699, -27.299 ], [ -64.733, -27.299 ], [ -64.733, -27.333 ], [ -64.733, -27.366 ], [ -64.733, -27.399 ], [ -64.733, -27.433 ], [ -64.766, -27.433 ], [ -64.766, -27.466 ], [ -64.766, -27.499 ], [ -64.799, -27.499 ], [ -64.833, -27.499 ], [ -64.833, -27.533 ], [ -64.866, -27.533 ], [ -64.866, -27.566 ], [ -64.899, -27.566 ], [ -64.899, -27.599 ], [ -64.933, -27.599 ], [ -64.933, -27.633 ], [ -64.966, -27.633 ], [ -64.966, -27.666 ], [ -64.999, -27.666 ], [ -64.999, -27.699 ], [ -64.999, -27.733 ], [ -65.033, -27.733 ], [ -65.033, -27.766 ], [ -65.066, -27.766 ], [ -65.099, -27.766 ], [ -65.099, -27.799 ], [ -65.133, -27.799 ], [ -65.133, -27.833 ], [ -65.166, -27.833 ], [ -65.199, -27.833 ], [ -65.233, -27.833 ], [ -65.266, -27.833 ], [ -65.299, -27.833 ], [ -65.299, -27.866 ], [ -65.333, -27.866 ], [ -65.366, -27.866 ], [ -65.366, -27.899 ], [ -65.399, -27.899 ], [ -65.399, -27.866 ], [ -65.433, -27.866 ], [ -65.466, -27.866 ], [ -65.466, -27.833 ], [ -65.499, -27.833 ], [ -65.499, -27.799 ], [ -65.533, -27.799 ], [ -65.533, -27.766 ], [ -65.533, -27.733 ], [ -65.566, -27.733 ], [ -65.566, -27.699 ], [ -65.599, -27.699 ], [ -65.599, -27.666 ], [ -65.633, -27.666 ], [ -65.666, -27.666 ], [ -65.666, -27.633 ], [ -65.699, -27.633 ], [ -65.699, -27.599 ], [ -65.666, -27.599 ], [ -65.666, -27.566 ], [ -65.699, -27.566 ], [ -65.699, -27.533 ], [ -65.699, -27.499 ], [ -65.733, -27.499 ], [ -65.733, -27.466 ], [ -65.733, -27.433 ], [ -65.733, -27.399 ], [ -65.733, -27.366 ], [ -65.733, -27.333 ], [ -65.733, -27.299 ], [ -65.699, -27.299 ], [ -65.666, -27.299 ], [ -65.666, -27.266 ], [ -65.699, -27.266 ], [ -65.699, -27.233 ], [ -65.699, -27.199 ], [ -65.666, -27.199 ], [ -65.633, -27.199 ], [ -65.633, -27.166 ], [ -65.633, -27.133 ], [ -65.599, -27.133 ], [ -65.599, -27.099 ], [ -65.599, -27.066 ], [ -65.566, -27.066 ], [ -65.566, -27.033 ], [ -65.533, -27.033 ], [ -65.533, -26.999 ], [ -65.499, -26.999 ], [ -65.499, -26.966 ], [ -65.466, -26.966 ], [ -65.466, -26.933 ], [ -65.433, -26.933 ], [ -65.399, -26.933 ], [ -65.366, -26.933 ], [ -65.366, -26.899 ], [ -65.333, -26.899 ], [ -65.333, -26.866 ], [ -65.333, -26.833 ], [ -65.333, -26.799 ], [ -65.299, -26.799 ], [ -65.299, -26.766 ], [ -65.266, -26.766 ], [ -65.233, -26.766 ], [ -65.233, -26.733 ], [ -65.233, -26.699 ], [ -65.199, -26.699 ], [ -65.199, -26.666 ], [ -65.199, -26.633 ], [ -65.166, -26.633 ], [ -65.166, -26.666 ], [ -65.133, -26.666 ], [ -65.099, -26.666 ], [ -65.066, -26.666 ], [ -65.066, -26.699 ], [ -65.033, -26.699 ], [ -64.999, -26.699 ], [ -64.966, -26.699 ], [ -64.966, -26.666 ], [ -64.933, -26.666 ], [ -64.899, -26.666 ], [ -64.899, -26.633 ], [ -64.866, -26.633 ], [ -64.866, -26.599 ], [ -64.833, -26.599 ], [ -64.833, -26.566 ], [ -64.833, -26.533 ], [ -64.799, -26.533 ], [ -64.799, -26.499 ], [ -64.766, -26.499 ], [ -64.766, -26.466 ], [ -64.733, -26.466 ], [ -64.733, -26.433 ], [ -64.733, -26.399 ], [ -64.699, -26.399 ], [ -64.699, -26.366 ], [ -64.733, -26.366 ], [ -64.733, -26.333 ], [ -64.733, -26.299 ], [ -64.733, -26.266 ], [ -64.733, -26.233 ], [ -64.733, -26.199 ], [ -64.699, -26.199 ], [ -64.699, -26.166 ], [ -64.666, -26.166 ], [ -64.666, -26.133 ], [ -64.666, -26.099 ], [ -64.666, -26.066 ], [ -64.699, -26.066 ], [ -64.699, -26.033 ], [ -64.699, -25.999 ], [ -64.699, -25.966 ], [ -64.733, -25.966 ], [ -64.733, -25.933 ], [ -64.766, -25.933 ], [ -64.766, -25.899 ], [ -64.799, -25.899 ], [ -64.799, -25.866 ], [ -64.833, -25.866 ], [ -64.866, -25.866 ], [ -64.866, -25.833 ], [ -64.899, -25.833 ], [ -64.899, -25.799 ], [ -64.933, -25.799 ], [ -64.966, -25.799 ], [ -64.966, -25.766 ], [ -64.933, -25.766 ], [ -64.933, -25.733 ], [ -64.933, -25.699 ], [ -64.966, -25.699 ], [ -64.966, -25.666 ], [ -64.966, -25.633 ], [ -64.999, -25.633 ], [ -64.999, -25.599 ], [ -64.999, -25.566 ], [ -64.999, -25.533 ], [ -64.999, -25.499 ], [ -64.966, -25.499 ], [ -64.966, -25.466 ], [ -64.966, -25.433 ], [ -64.966, -25.399 ], [ -64.966, -25.366 ], [ -64.999, -25.366 ], [ -65.033, -25.366 ], [ -65.033, -25.333 ], [ -64.999, -25.333 ], [ -64.966, -25.333 ], [ -64.966, -25.299 ], [ -64.999, -25.299 ], [ -64.999, -25.266 ], [ -64.999, -25.233 ], [ -65.033, -25.233 ], [ -65.033, -25.199 ], [ -65.033, -25.166 ], [ -65.066, -25.166 ], [ -65.099, -25.166 ], [ -65.133, -25.166 ], [ -65.166, -25.166 ], [ -65.166, -25.199 ], [ -65.166, -25.233 ], [ -65.199, -25.233 ], [ -65.199, -25.199 ], [ -65.199, -25.166 ], [ -65.199, -25.133 ], [ -65.199, -25.099 ], [ -65.233, -25.099 ], [ -65.233, -25.066 ], [ -65.233, -25.033 ], [ -65.233, -24.999 ], [ -65.199, -24.999 ], [ -65.199, -24.966 ], [ -65.199, -24.933 ], [ -65.166, -24.933 ], [ -65.166, -24.899 ], [ -65.166, -24.866 ], [ -65.166, -24.833 ], [ -65.199, -24.833 ], [ -65.199, -24.799 ], [ -65.199, -24.766 ], [ -65.166, -24.766 ], [ -65.166, -24.733 ], [ -65.199, -24.733 ], [ -65.199, -24.699 ], [ -65.199, -24.666 ], [ -65.166, -24.666 ], [ -65.166, -24.633 ], [ -65.199, -24.633 ], [ -65.233, -24.633 ], [ -65.233, -24.599 ], [ -65.233, -24.566 ], [ -65.233, -24.533 ], [ -65.233, -24.499 ], [ -65.199, -24.499 ], [ -65.199, -24.466 ], [ -65.233, -24.466 ], [ -65.233, -24.433 ], [ -65.233, -24.399 ], [ -65.233, -24.366 ], [ -65.233, -24.333 ], [ -65.199, -24.333 ], [ -65.199, -24.299 ], [ -65.199, -24.266 ], [ -65.199, -24.233 ], [ -65.166, -24.233 ], [ -65.133, -24.233 ], [ -65.133, -24.266 ], [ -65.099, -24.266 ], [ -65.099, -24.299 ], [ -65.066, -24.299 ], [ -65.033, -24.299 ], [ -65.033, -24.266 ], [ -65.033, -24.233 ], [ -64.999, -24.233 ], [ -64.999, -24.199 ], [ -64.966, -24.199 ], [ -64.933, -24.199 ], [ -64.933, -24.233 ], [ -64.966, -24.233 ], [ -64.966, -24.266 ], [ -64.966, -24.299 ], [ -64.999, -24.299 ], [ -64.999, -24.333 ], [ -64.999, -24.366 ], [ -64.966, -24.366 ], [ -64.966, -24.399 ], [ -64.933, -24.399 ], [ -64.933, -24.433 ], [ -64.899, -24.433 ], [ -64.899, -24.466 ], [ -64.899, -24.499 ], [ -64.933, -24.499 ], [ -64.966, -24.499 ], [ -64.966, -24.466 ], [ -64.999, -24.466 ], [ -64.999, -24.433 ], [ -64.999, -24.399 ], [ -65.033, -24.399 ], [ -65.033, -24.433 ], [ -65.066, -24.433 ], [ -65.066, -24.466 ], [ -65.066, -24.499 ], [ -65.099, -24.499 ], [ -65.099, -24.533 ], [ -65.133, -24.533 ], [ -65.133, -24.566 ], [ -65.133, -24.599 ], [ -65.133, -24.633 ], [ -65.099, -24.633 ], [ -65.099, -24.666 ], [ -65.099, -24.699 ], [ -65.099, -24.733 ], [ -65.066, -24.733 ], [ -65.066, -24.766 ], [ -65.066, -24.799 ], [ -65.033, -24.799 ], [ -65.033, -24.833 ], [ -64.999, -24.833 ], [ -64.966, -24.833 ], [ -64.966, -24.799 ], [ -64.933, -24.799 ], [ -64.933, -24.833 ], [ -64.899, -24.833 ], [ -64.899, -24.866 ], [ -64.899, -24.899 ], [ -64.866, -24.899 ], [ -64.833, -24.899 ], [ -64.833, -24.933 ], [ -64.833, -24.966 ], [ -64.866, -24.966 ], [ -64.899, -24.966 ], [ -64.933, -24.966 ], [ -64.966, -24.966 ], [ -64.966, -24.999 ], [ -64.933, -24.999 ], [ -64.933, -25.033 ], [ -64.933, -25.066 ], [ -64.933, -25.099 ], [ -64.933, -25.133 ], [ -64.933, -25.166 ], [ -64.899, -25.166 ], [ -64.899, -25.133 ], [ -64.866, -25.133 ], [ -64.833, -25.133 ], [ -64.833, -25.099 ], [ -64.833, -25.066 ], [ -64.833, -25.033 ], [ -64.799, -25.033 ], [ -64.799, -25.066 ], [ -64.766, -25.066 ], [ -64.766, -25.099 ], [ -64.733, -25.099 ], [ -64.733, -25.066 ], [ -64.699, -25.066 ], [ -64.699, -25.033 ], [ -64.666, -25.033 ], [ -64.666, -24.999 ], [ -64.633, -24.999 ], [ -64.633, -24.966 ], [ -64.633, -24.933 ], [ -64.633, -24.899 ], [ -64.599, -24.899 ], [ -64.599, -24.866 ], [ -64.599, -24.833 ], [ -64.633, -24.833 ], [ -64.633, -24.799 ], [ -64.633, -24.766 ], [ -64.666, -24.766 ], [ -64.666, -24.733 ], [ -64.666, -24.699 ], [ -64.633, -24.699 ], [ -64.633, -24.666 ], [ -64.599, -24.666 ], [ -64.566, -24.666 ], [ -64.533, -24.666 ], [ -64.533, -24.699 ], [ -64.533, -24.733 ], [ -64.499, -24.733 ], [ -64.499, -24.766 ], [ -64.533, -24.766 ], [ -64.533, -24.799 ], [ -64.499, -24.799 ], [ -64.466, -24.799 ], [ -64.433, -24.799 ], [ -64.433, -24.833 ], [ -64.433, -24.866 ], [ -64.466, -24.866 ], [ -64.466, -24.899 ], [ -64.466, -24.933 ], [ -64.499, -24.933 ], [ -64.499, -24.966 ], [ -64.533, -24.966 ], [ -64.533, -24.999 ], [ -64.533, -25.033 ], [ -64.566, -25.033 ], [ -64.566, -25.066 ], [ -64.599, -25.066 ], [ -64.599, -25.099 ], [ -64.633, -25.099 ], [ -64.633, -25.133 ], [ -64.666, -25.133 ], [ -64.666, -25.166 ], [ -64.666, -25.199 ], [ -64.666, -25.233 ], [ -64.699, -25.233 ], [ -64.699, -25.266 ], [ -64.733, -25.266 ], [ -64.733, -25.299 ], [ -64.766, -25.299 ], [ -64.766, -25.333 ], [ -64.799, -25.333 ], [ -64.833, -25.333 ], [ -64.833, -25.299 ], [ -64.833, -25.266 ], [ -64.799, -25.266 ], [ -64.799, -25.233 ], [ -64.766, -25.233 ], [ -64.733, -25.233 ], [ -64.733, -25.199 ], [ -64.733, -25.166 ], [ -64.766, -25.166 ], [ -64.799, -25.166 ], [ -64.799, -25.199 ], [ -64.833, -25.199 ], [ -64.866, -25.199 ], [ -64.866, -25.233 ], [ -64.866, -25.266 ], [ -64.866, -25.299 ], [ -64.866, -25.333 ], [ -64.866, -25.366 ], [ -64.866, -25.399 ], [ -64.833, -25.399 ], [ -64.833, -25.433 ], [ -64.799, -25.433 ], [ -64.799, -25.466 ], [ -64.766, -25.466 ], [ -64.766, -25.499 ], [ -64.733, -25.499 ], [ -64.733, -25.533 ], [ -64.733, -25.566 ], [ -64.699, -25.566 ], [ -64.666, -25.566 ], [ -64.666, -25.533 ], [ -64.633, -25.533 ], [ -64.633, -25.566 ], [ -64.599, -25.566 ], [ -64.566, -25.566 ], [ -64.566, -25.533 ], [ -64.533, -25.533 ], [ -64.533, -25.499 ], [ -64.533, -25.466 ], [ -64.499, -25.466 ], [ -64.499, -25.433 ], [ -64.466, -25.433 ], [ -64.466, -25.399 ], [ -64.433, -25.399 ], [ -64.399, -25.399 ], [ -64.366, -25.399 ], [ -64.366, -25.433 ], [ -64.366, -25.466 ], [ -64.333, -25.466 ], [ -64.333, -25.499 ], [ -64.333, -25.533 ], [ -64.299, -25.533 ], [ -64.299, -25.566 ], [ -64.299, -25.599 ], [ -64.299, -25.633 ], [ -64.299, -25.666 ], [ -64.333, -25.666 ], [ -64.333, -25.699 ], [ -64.333, -25.733 ], [ -64.333, -25.766 ], [ -64.299, -25.766 ], [ -64.299, -25.799 ], [ -64.299, -25.833 ], [ -64.266, -25.833 ], [ -64.233, -25.833 ], [ -64.233, -25.866 ], [ -64.233, -25.899 ], [ -64.233, -25.933 ], [ -64.199, -25.933 ], [ -64.166, -25.933 ], [ -64.133, -25.933 ], [ -64.133, -25.966 ], [ -64.099, -25.966 ], [ -64.099, -25.999 ], [ -64.133, -25.999 ], [ -64.133, -26.033 ], [ -64.099, -26.033 ], [ -64.099, -26.066 ], [ -64.099, -26.099 ], [ -64.066, -26.099 ], [ -64.066, -26.133 ], [ -64.033, -26.133 ], [ -63.999, -26.133 ], [ -63.999, -26.099 ], [ -63.999, -26.066 ], [ -63.966, -26.066 ], [ -63.933, -26.066 ], [ -63.933, -26.099 ], [ -63.899, -26.099 ], [ -63.899, -26.133 ], [ -63.899, -26.166 ], [ -63.899, -26.199 ], [ -63.899, -26.233 ], [ -63.899, -26.266 ], [ -63.899, -26.299 ], [ -63.866, -26.299 ], [ -63.833, -26.299 ], [ -63.833, -26.333 ], [ -63.799, -26.333 ], [ -63.766, -26.333 ], [ -63.766, -26.366 ], [ -63.733, -26.366 ], [ -63.699, -26.366 ], [ -63.666, -26.366 ], [ -63.633, -26.366 ], [ -63.633, -26.333 ], [ -63.599, -26.333 ], [ -63.566, -26.333 ], [ -63.533, -26.333 ], [ -63.533, -26.299 ], [ -63.499, -26.299 ], [ -63.499, -26.333 ], [ -63.499, -26.366 ], [ -63.466, -26.366 ], [ -63.466, -26.399 ], [ -63.433, -26.399 ], [ -63.399, -26.399 ], [ -63.399, -26.366 ], [ -63.366, -26.366 ], [ -63.333, -26.366 ], [ -63.299, -26.366 ], [ -63.266, -26.366 ], [ -63.266, -26.333 ], [ -63.233, -26.333 ], [ -63.199, -26.333 ], [ -63.166, -26.333 ], [ -63.133, -26.333 ], [ -63.133, -26.299 ], [ -63.099, -26.299 ], [ -63.066, -26.299 ], [ -63.033, -26.299 ], [ -63.033, -26.266 ], [ -62.999, -26.266 ], [ -62.966, -26.266 ], [ -62.933, -26.266 ], [ -62.933, -26.233 ], [ -62.899, -26.233 ], [ -62.866, -26.233 ], [ -62.833, -26.233 ], [ -62.833, -26.199 ], [ -62.799, -26.199 ], [ -62.799, -26.166 ], [ -62.766, -26.166 ], [ -62.733, -26.166 ], [ -62.733, -26.199 ], [ -62.699, -26.199 ], [ -62.666, -26.199 ], [ -62.633, -26.199 ], [ -62.633, -26.166 ], [ -62.599, -26.166 ], [ -62.599, -26.133 ], [ -62.566, -26.133 ], [ -62.533, -26.133 ], [ -62.499, -26.133 ], [ -62.499, -26.099 ], [ -62.466, -26.099 ], [ -62.433, -26.099 ], [ -62.399, -26.099 ], [ -62.399, -26.066 ], [ -62.366, -26.066 ], [ -62.333, -26.066 ], [ -62.333, -26.033 ], [ -62.299, -26.033 ], [ -62.299, -25.999 ], [ -62.266, -25.999 ], [ -62.266, -25.966 ], [ -62.266, -25.933 ], [ -62.233, -25.933 ], [ -62.233, -25.899 ], [ -62.199, -25.899 ], [ -62.199, -25.866 ], [ -62.166, -25.866 ], [ -62.166, -25.833 ], [ -62.133, -25.833 ], [ -62.133, -25.799 ], [ -62.099, -25.799 ], [ -62.099, -25.766 ], [ -62.099, -25.733 ], [ -62.066, -25.733 ], [ -62.066, -25.699 ], [ -62.033, -25.699 ], [ -62.033, -25.666 ], [ -61.999, -25.666 ], [ -61.999, -25.633 ], [ -61.966, -25.633 ], [ -61.966, -25.599 ], [ -61.933, -25.599 ], [ -61.933, -25.566 ], [ -61.933, -25.533 ], [ -61.899, -25.533 ], [ -61.899, -25.499 ], [ -61.866, -25.499 ], [ -61.866, -25.466 ], [ -61.866, -25.433 ], [ -61.899, -25.433 ], [ -61.899, -25.399 ], [ -61.899, -25.366 ], [ -61.866, -25.366 ], [ -61.866, -25.333 ], [ -61.833, -25.333 ], [ -61.833, -25.299 ], [ -61.799, -25.299 ], [ -61.799, -25.266 ], [ -61.799, -25.233 ], [ -61.799, -25.199 ], [ -61.799, -25.166 ], [ -61.799, -25.133 ], [ -61.766, -25.133 ], [ -61.766, -25.099 ], [ -61.766, -25.066 ], [ -61.766, -25.033 ], [ -61.733, -25.033 ], [ -61.699, -25.033 ], [ -61.699, -24.999 ], [ -61.666, -24.999 ], [ -61.666, -25.033 ], [ -61.666, -25.066 ], [ -61.666, -25.099 ], [ -61.633, -25.099 ], [ -61.599, -25.099 ], [ -61.599, -25.066 ], [ -61.599, -25.033 ], [ -61.566, -25.033 ], [ -61.566, -24.999 ], [ -61.533, -24.999 ], [ -61.533, -24.966 ], [ -61.533, -24.933 ], [ -61.499, -24.933 ], [ -61.499, -24.899 ], [ -61.499, -24.866 ], [ -61.533, -24.866 ], [ -61.533, -24.833 ], [ -61.533, -24.799 ], [ -61.499, -24.799 ], [ -61.499, -24.766 ], [ -61.499, -24.733 ], [ -61.499, -24.699 ], [ -61.499, -24.666 ], [ -61.466, -24.666 ], [ -61.466, -24.633 ], [ -61.499, -24.633 ], [ -61.499, -24.599 ], [ -61.466, -24.599 ], [ -61.466, -24.566 ], [ -61.466, -24.533 ], [ -61.499, -24.533 ], [ -61.499, -24.499 ], [ -61.466, -24.499 ], [ -61.466, -24.466 ], [ -61.466, -24.433 ], [ -61.466, -24.399 ], [ -61.433, -24.399 ], [ -61.433, -24.366 ], [ -61.433, -24.333 ], [ -61.399, -24.333 ], [ -61.399, -24.299 ], [ -61.399, -24.266 ], [ -61.399, -24.233 ], [ -61.366, -24.233 ], [ -61.333, -24.233 ], [ -61.333, -24.266 ], [ -61.299, -24.266 ], [ -61.299, -24.233 ], [ -61.266, -24.233 ], [ -61.266, -24.199 ], [ -61.233, -24.199 ], [ -61.233, -24.166 ], [ -61.233, -24.133 ], [ -61.233, -24.099 ], [ -61.233, -24.066 ], [ -61.199, -24.066 ], [ -61.199, -24.033 ], [ -61.233, -24.033 ], [ -61.233, -23.999 ], [ -61.199, -23.999 ], [ -61.166, -23.999 ], [ -61.133, -23.999 ], [ -61.099, -23.999 ], [ -61.066, -23.999 ], [ -61.033, -23.999 ], [ -60.999, -23.999 ], [ -60.999, -24.033 ], [ -60.999, -24.066 ], [ -60.966, -24.066 ], [ -60.966, -24.033 ], [ -60.966, -23.999 ], [ -60.933, -23.999 ], [ -60.933, -23.966 ], [ -60.899, -23.966 ], [ -60.866, -23.966 ], [ -60.833, -23.966 ], [ -60.799, -23.966 ], [ -60.766, -23.966 ], [ -60.733, -23.966 ], [ -60.733, -23.933 ], [ -60.699, -23.933 ], [ -60.699, -23.899 ], [ -60.694, -23.894 ], [ -60.691, -23.897 ], [ -60.689, -23.901 ], [ -60.684, -23.903 ], [ -60.681, -23.899 ], [ -60.676, -23.896 ], [ -60.672, -23.893 ], [ -60.668, -23.893 ], [ -60.663, -23.892 ], [ -60.657, -23.890 ], [ -60.651, -23.891 ], [ -60.646, -23.893 ], [ -60.640, -23.895 ], [ -60.633, -23.895 ], [ -60.627, -23.894 ], [ -60.620, -23.893 ], [ -60.613, -23.894 ], [ -60.610, -23.897 ], [ -60.608, -23.899 ], [ -60.603, -23.903 ], [ -60.598, -23.906 ], [ -60.594, -23.909 ], [ -60.592, -23.914 ], [ -60.592, -23.921 ], [ -60.591, -23.926 ], [ -60.589, -23.931 ], [ -60.586, -23.935 ], [ -60.582, -23.939 ], [ -60.579, -23.942 ], [ -60.576, -23.947 ], [ -60.573, -23.951 ], [ -60.567, -23.951 ], [ -60.562, -23.948 ], [ -60.557, -23.946 ], [ -60.552, -23.944 ], [ -60.545, -23.944 ], [ -60.540, -23.945 ], [ -60.535, -23.947 ], [ -60.530, -23.950 ], [ -60.526, -23.953 ], [ -60.521, -23.956 ], [ -60.518, -23.959 ], [ -60.513, -23.962 ], [ -60.509, -23.965 ], [ -60.504, -23.967 ], [ -60.501, -23.968 ], [ -60.497, -23.971 ], [ -60.493, -23.973 ], [ -60.488, -23.976 ], [ -60.482, -23.977 ], [ -60.476, -23.979 ], [ -60.470, -23.981 ], [ -60.466, -23.984 ], [ -60.461, -23.986 ], [ -60.458, -23.988 ], [ -60.456, -23.987 ], [ -60.456, -23.988 ], [ -60.449, -23.989 ], [ -60.442, -23.990 ], [ -60.436, -23.991 ], [ -60.428, -23.991 ], [ -60.421, -23.992 ], [ -60.415, -23.993 ], [ -60.409, -23.995 ], [ -60.402, -23.995 ], [ -60.396, -23.994 ], [ -60.392, -23.991 ], [ -60.387, -23.991 ], [ -60.383, -23.993 ], [ -60.380, -23.996 ], [ -60.376, -23.999 ], [ -60.368, -24.004 ], [ -60.363, -24.007 ], [ -60.359, -24.009 ], [ -60.355, -24.010 ], [ -60.351, -24.012 ], [ -60.347, -24.013 ], [ -60.342, -24.016 ], [ -60.336, -24.017 ], [ -60.329, -24.017 ], [ -60.321, -24.018 ], [ -60.315, -24.017 ], [ -60.312, -24.020 ], [ -60.309, -24.024 ], [ -60.307, -24.028 ], [ -60.302, -24.031 ], [ -60.297, -24.033 ], [ -60.292, -24.036 ], [ -60.286, -24.037 ], [ -60.279, -24.038 ], [ -60.273, -24.039 ], [ -60.265, -24.039 ], [ -60.258, -24.039 ], [ -60.251, -24.039 ], [ -60.245, -24.038 ], [ -60.238, -24.036 ], [ -60.232, -24.036 ], [ -60.224, -24.036 ], [ -60.218, -24.036 ], [ -60.211, -24.036 ], [ -60.204, -24.037 ], [ -60.198, -24.038 ], [ -60.191, -24.039 ], [ -60.184, -24.040 ], [ -60.176, -24.040 ], [ -60.170, -24.041 ], [ -60.162, -24.041 ], [ -60.156, -24.040 ], [ -60.152, -24.039 ], [ -60.145, -24.038 ], [ -60.139, -24.037 ], [ -60.134, -24.035 ], [ -60.128, -24.034 ], [ -60.121, -24.033 ], [ -60.115, -24.032 ], [ -60.110, -24.030 ], [ -60.105, -24.028 ], [ -60.1, -24.026 ], [ -60.093, -24.025 ], [ -60.087, -24.024 ], [ -60.082, -24.022 ], [ -60.077, -24.020 ], [ -60.071, -24.018 ], [ -60.066, -24.016 ], [ -60.060, -24.015 ], [ -60.055, -24.013 ], [ -60.049, -24.011 ], [ -60.042, -24.013 ], [ -60.039, -24.011 ], [ -60.020, -24.022 ], [ -60.001, -24.032 ], [ -59.989, -24.040 ], [ -59.983, -24.043 ], [ -59.978, -24.046 ], [ -59.964, -24.054 ], [ -59.946, -24.065 ], [ -59.927, -24.076 ], [ -59.909, -24.087 ], [ -59.896, -24.096 ], [ -59.899, -24.099 ], [ -59.899, -24.133 ], [ -59.866, -24.133 ], [ -59.866, -24.166 ], [ -59.833, -24.166 ], [ -59.833, -24.199 ], [ -59.799, -24.199 ], [ -59.766, -24.199 ], [ -59.750, -24.184 ], [ -59.743, -24.188 ], [ -59.733, -24.195 ], [ -59.733, -24.233 ], [ -59.699, -24.233 ], [ -59.699, -24.266 ], [ -59.666, -24.266 ], [ -59.666, -24.299 ], [ -59.666, -24.333 ], [ -59.633, -24.333 ], [ -59.633, -24.366 ], [ -59.633, -24.399 ], [ -59.633, -24.433 ], [ -59.599, -24.433 ], [ -59.599, -24.466 ], [ -59.566, -24.466 ], [ -59.566, -24.499 ], [ -59.533, -24.499 ], [ -59.533, -24.533 ], [ -59.533, -24.566 ], [ -59.533, -24.599 ], [ -59.533, -24.633 ], [ -59.566, -24.633 ] ], [ [ -64.199, -24.166 ], [ -64.199, -24.133 ], [ -64.233, -24.133 ], [ -64.233, -24.166 ], [ -64.233, -24.199 ], [ -64.199, -24.199 ], [ -64.199, -24.166 ] ], [ [ -64.333, -25.866 ], [ -64.333, -25.833 ], [ -64.366, -25.833 ], [ -64.366, -25.866 ], [ -64.366, -25.899 ], [ -64.333, -25.899 ], [ -64.333, -25.866 ] ], [ [ -64.399, -25.633 ], [ -64.399, -25.599 ], [ -64.433, -25.599 ], [ -64.433, -25.566 ], [ -64.433, -25.533 ], [ -64.466, -25.533 ], [ -64.466, -25.566 ], [ -64.466, -25.599 ], [ -64.499, -25.599 ], [ -64.499, -25.633 ], [ -64.499, -25.666 ], [ -64.466, -25.666 ], [ -64.466, -25.633 ], [ -64.433, -25.633 ], [ -64.399, -25.633 ] ], [ [ -64.899, -25.233 ], [ -64.899, -25.199 ], [ -64.933, -25.199 ], [ -64.933, -25.233 ], [ -64.899, -25.233 ] ], [ [ -64.966, -25.166 ], [ -64.966, -25.133 ], [ -64.999, -25.133 ], [ -64.999, -25.166 ], [ -64.966, -25.166 ] ], [ [ -64.999, -24.999 ], [ -64.999, -24.966 ], [ -65.033, -24.966 ], [ -65.033, -24.999 ], [ -64.999, -24.999 ] ], [ [ -58.099, -29.233 ], [ -58.099, -29.266 ], [ -58.133, -29.266 ], [ -58.133, -29.299 ], [ -58.166, -29.299 ], [ -58.199, -29.299 ], [ -58.233, -29.299 ], [ -58.233, -29.333 ], [ -58.266, -29.333 ], [ -58.299, -29.333 ], [ -58.333, -29.333 ], [ -58.333, -29.366 ], [ -58.333, -29.399 ], [ -58.366, -29.399 ], [ -58.399, -29.399 ], [ -58.399, -29.433 ], [ -58.399, -29.466 ], [ -58.399, -29.499 ], [ -58.399, -29.533 ], [ -58.433, -29.533 ], [ -58.433, -29.499 ], [ -58.466, -29.499 ], [ -58.466, -29.533 ], [ -58.466, -29.566 ], [ -58.466, -29.599 ], [ -58.466, -29.633 ], [ -58.499, -29.633 ], [ -58.499, -29.666 ], [ -58.533, -29.666 ], [ -58.533, -29.699 ], [ -58.499, -29.699 ], [ -58.499, -29.733 ], [ -58.499, -29.766 ], [ -58.533, -29.766 ], [ -58.533, -29.799 ], [ -58.499, -29.799 ], [ -58.499, -29.833 ], [ -58.533, -29.833 ], [ -58.533, -29.866 ], [ -58.499, -29.866 ], [ -58.499, -29.899 ], [ -58.499, -29.933 ], [ -58.499, -29.966 ], [ -58.466, -29.966 ], [ -58.466, -29.999 ], [ -58.433, -29.999 ], [ -58.399, -29.999 ], [ -58.366, -29.999 ], [ -58.333, -29.999 ], [ -58.333, -30.033 ], [ -58.299, -30.033 ], [ -58.266, -30.033 ], [ -58.266, -30.066 ], [ -58.266, -30.099 ], [ -58.233, -30.099 ], [ -58.199, -30.099 ], [ -58.166, -30.099 ], [ -58.133, -30.099 ], [ -58.133, -30.066 ], [ -58.099, -30.066 ], [ -58.066, -30.066 ], [ -58.033, -30.066 ], [ -57.999, -30.066 ], [ -57.999, -30.033 ], [ -57.966, -30.033 ], [ -57.933, -30.033 ], [ -57.933, -29.999 ], [ -57.899, -29.999 ], [ -57.866, -29.999 ], [ -57.866, -29.966 ], [ -57.833, -29.966 ], [ -57.833, -29.933 ], [ -57.799, -29.933 ], [ -57.799, -29.899 ], [ -57.799, -29.866 ], [ -57.766, -29.866 ], [ -57.766, -29.833 ], [ -57.733, -29.833 ], [ -57.733, -29.799 ], [ -57.733, -29.766 ], [ -57.733, -29.733 ], [ -57.733, -29.699 ], [ -57.733, -29.666 ], [ -57.733, -29.633 ], [ -57.733, -29.599 ], [ -57.766, -29.599 ], [ -57.766, -29.566 ], [ -57.766, -29.533 ], [ -57.766, -29.499 ], [ -57.799, -29.499 ], [ -57.799, -29.466 ], [ -57.799, -29.433 ], [ -57.799, -29.399 ], [ -57.799, -29.366 ], [ -57.833, -29.366 ], [ -57.833, -29.333 ], [ -57.833, -29.299 ], [ -57.866, -29.299 ], [ -57.866, -29.266 ], [ -57.899, -29.266 ], [ -57.933, -29.266 ], [ -57.933, -29.233 ], [ -57.966, -29.233 ], [ -57.999, -29.233 ], [ -58.033, -29.233 ], [ -58.066, -29.233 ], [ -58.099, -29.233 ] ], [ [ -59.166, -30.499 ], [ -59.166, -30.533 ], [ -59.133, -30.533 ], [ -59.133, -30.499 ], [ -59.166, -30.499 ] ], [ [ -58.766, -30.566 ], [ -58.766, -30.599 ], [ -58.733, -30.599 ], [ -58.733, -30.566 ], [ -58.766, -30.566 ] ], [ [ -59.133, -30.599 ], [ -59.133, -30.633 ], [ -59.166, -30.633 ], [ -59.166, -30.599 ], [ -59.199, -30.599 ], [ -59.199, -30.633 ], [ -59.199, -30.666 ], [ -59.233, -30.666 ], [ -59.233, -30.699 ], [ -59.266, -30.699 ], [ -59.299, -30.699 ], [ -59.333, -30.699 ], [ -59.366, -30.699 ], [ -59.366, -30.733 ], [ -59.399, -30.733 ], [ -59.433, -30.733 ], [ -59.433, -30.699 ], [ -59.466, -30.699 ], [ -59.466, -30.666 ], [ -59.499, -30.666 ], [ -59.533, -30.666 ], [ -59.533, -30.633 ], [ -59.566, -30.633 ], [ -59.566, -30.666 ], [ -59.566, -30.699 ], [ -59.599, -30.699 ], [ -59.599, -30.733 ], [ -59.633, -30.733 ], [ -59.633, -30.766 ], [ -59.666, -30.766 ], [ -59.666, -30.799 ], [ -59.666, -30.833 ], [ -59.699, -30.833 ], [ -59.699, -30.866 ], [ -59.733, -30.866 ], [ -59.733, -30.899 ], [ -59.766, -30.899 ], [ -59.766, -30.933 ], [ -59.799, -30.933 ], [ -59.799, -30.966 ], [ -59.799, -30.999 ], [ -59.833, -30.999 ], [ -59.833, -31.033 ], [ -59.799, -31.033 ], [ -59.766, -31.033 ], [ -59.766, -30.999 ], [ -59.733, -30.999 ], [ -59.699, -30.999 ], [ -59.666, -30.999 ], [ -59.666, -30.966 ], [ -59.633, -30.966 ], [ -59.633, -30.933 ], [ -59.599, -30.933 ], [ -59.566, -30.933 ], [ -59.566, -30.899 ], [ -59.533, -30.899 ], [ -59.499, -30.899 ], [ -59.499, -30.866 ], [ -59.466, -30.866 ], [ -59.466, -30.833 ], [ -59.499, -30.833 ], [ -59.499, -30.799 ], [ -59.499, -30.766 ], [ -59.466, -30.766 ], [ -59.433, -30.766 ], [ -59.433, -30.799 ], [ -59.433, -30.833 ], [ -59.399, -30.833 ], [ -59.399, -30.799 ], [ -59.366, -30.799 ], [ -59.366, -30.766 ], [ -59.333, -30.766 ], [ -59.299, -30.766 ], [ -59.299, -30.733 ], [ -59.266, -30.733 ], [ -59.233, -30.733 ], [ -59.199, -30.733 ], [ -59.199, -30.699 ], [ -59.166, -30.699 ], [ -59.133, -30.699 ], [ -59.133, -30.666 ], [ -59.099, -30.666 ], [ -59.099, -30.633 ], [ -59.099, -30.599 ], [ -59.133, -30.599 ] ], [ [ -59.666, -31.033 ], [ -59.666, -31.066 ], [ -59.633, -31.066 ], [ -59.633, -31.033 ], [ -59.666, -31.033 ] ], [ [ -59.433, -30.633 ], [ -59.433, -30.666 ], [ -59.399, -30.666 ], [ -59.366, -30.666 ], [ -59.333, -30.666 ], [ -59.333, -30.633 ], [ -59.366, -30.633 ], [ -59.399, -30.633 ], [ -59.433, -30.633 ] ], [ [ -59.733, -31.133 ], [ -59.733, -31.166 ], [ -59.699, -31.166 ], [ -59.699, -31.133 ], [ -59.733, -31.133 ] ], [ [ -55.933, -28.199 ], [ -55.933, -28.166 ], [ -55.966, -28.166 ], [ -55.966, -28.199 ], [ -55.933, -28.199 ] ], [ [ -55.633, -27.633 ], [ -55.633, -27.599 ], [ -55.666, -27.599 ], [ -55.699, -27.599 ], [ -55.699, -27.633 ], [ -55.666, -27.633 ], [ -55.666, -27.666 ], [ -55.633, -27.666 ], [ -55.633, -27.633 ] ], [ [ -54.966, -27.599 ], [ -54.966, -27.633 ], [ -54.933, -27.633 ], [ -54.933, -27.599 ], [ -54.966, -27.599 ] ], [ [ -54.799, -27.399 ], [ -54.799, -27.366 ], [ -54.799, -27.333 ], [ -54.833, -27.333 ], [ -54.833, -27.366 ], [ -54.833, -27.399 ], [ -54.799, -27.399 ] ], [ [ -54.799, -27.299 ], [ -54.799, -27.266 ], [ -54.833, -27.266 ], [ -54.833, -27.299 ], [ -54.799, -27.299 ] ], [ [ -54.633, -27.033 ], [ -54.633, -26.999 ], [ -54.666, -26.999 ], [ -54.666, -27.033 ], [ -54.633, -27.033 ] ], [ [ -54.566, -26.999 ], [ -54.566, -27.033 ], [ -54.533, -27.033 ], [ -54.533, -26.999 ], [ -54.566, -26.999 ] ], [ [ -54.466, -26.999 ], [ -54.466, -26.966 ], [ -54.499, -26.966 ], [ -54.499, -26.999 ], [ -54.466, -26.999 ] ], [ [ -54.333, -26.833 ], [ -54.299, -26.833 ], [ -54.299, -26.799 ], [ -54.299, -26.766 ], [ -54.266, -26.766 ], [ -54.266, -26.799 ], [ -54.233, -26.799 ], [ -54.233, -26.766 ], [ -54.233, -26.733 ], [ -54.266, -26.733 ], [ -54.299, -26.733 ], [ -54.333, -26.733 ], [ -54.333, -26.766 ], [ -54.366, -26.766 ], [ -54.399, -26.766 ], [ -54.399, -26.799 ], [ -54.366, -26.799 ], [ -54.333, -26.799 ], [ -54.333, -26.833 ], [ -54.366, -26.833 ], [ -54.366, -26.866 ], [ -54.333, -26.866 ], [ -54.333, -26.833 ] ], [ [ -54.466, -26.699 ], [ -54.466, -26.666 ], [ -54.499, -26.666 ], [ -54.499, -26.699 ], [ -54.466, -26.699 ], [ -54.466, -26.733 ], [ -54.433, -26.733 ], [ -54.433, -26.699 ], [ -54.466, -26.699 ] ], [ [ -54.333, -26.499 ], [ -54.333, -26.466 ], [ -54.366, -26.466 ], [ -54.366, -26.499 ], [ -54.333, -26.499 ] ], [ [ -54.133, -26.366 ], [ -54.133, -26.333 ], [ -54.166, -26.333 ], [ -54.166, -26.366 ], [ -54.133, -26.366 ] ], [ [ -54.333, -25.966 ], [ -54.333, -25.933 ], [ -54.333, -25.899 ], [ -54.366, -25.899 ], [ -54.366, -25.933 ], [ -54.366, -25.966 ], [ -54.333, -25.966 ] ] ], [ [ [ -64.433, -23.899 ], [ -64.466, -23.899 ], [ -64.466, -23.866 ], [ -64.433, -23.866 ], [ -64.433, -23.899 ] ] ], [ [ [ -64.966, -23.933 ], [ -64.966, -23.966 ], [ -64.933, -23.966 ], [ -64.933, -23.999 ], [ -64.966, -23.999 ], [ -64.999, -23.999 ], [ -64.999, -24.033 ], [ -64.966, -24.033 ], [ -64.933, -24.033 ], [ -64.933, -24.066 ], [ -64.933, -24.099 ], [ -64.966, -24.099 ], [ -64.966, -24.066 ], [ -64.999, -24.066 ], [ -65.033, -24.066 ], [ -65.066, -24.066 ], [ -65.066, -24.033 ], [ -65.099, -24.033 ], [ -65.099, -23.999 ], [ -65.066, -23.999 ], [ -65.066, -23.966 ], [ -65.099, -23.966 ], [ -65.133, -23.966 ], [ -65.133, -23.933 ], [ -65.133, -23.899 ], [ -65.133, -23.866 ], [ -65.099, -23.866 ], [ -65.099, -23.899 ], [ -65.066, -23.899 ], [ -65.033, -23.899 ], [ -65.033, -23.866 ], [ -65.033, -23.833 ], [ -64.999, -23.833 ], [ -64.999, -23.866 ], [ -64.999, -23.899 ], [ -64.999, -23.933 ], [ -64.966, -23.933 ] ] ], [ [ [ -64.966, -23.933 ], [ -64.966, -23.899 ], [ -64.966, -23.866 ], [ -64.933, -23.866 ], [ -64.933, -23.833 ], [ -64.933, -23.799 ], [ -64.899, -23.799 ], [ -64.899, -23.766 ], [ -64.866, -23.766 ], [ -64.866, -23.799 ], [ -64.833, -23.799 ], [ -64.833, -23.833 ], [ -64.866, -23.833 ], [ -64.899, -23.833 ], [ -64.899, -23.866 ], [ -64.866, -23.866 ], [ -64.866, -23.899 ], [ -64.866, -23.933 ], [ -64.899, -23.933 ], [ -64.933, -23.933 ], [ -64.966, -23.933 ] ] ], [ [ [ -64.899, -23.766 ], [ -64.933, -23.766 ], [ -64.966, -23.766 ], [ -64.966, -23.733 ], [ -64.966, -23.699 ], [ -64.933, -23.699 ], [ -64.933, -23.733 ], [ -64.899, -23.733 ], [ -64.899, -23.766 ] ] ], [ [ [ -64.799, -23.699 ], [ -64.799, -23.733 ], [ -64.799, -23.766 ], [ -64.833, -23.766 ], [ -64.833, -23.733 ], [ -64.866, -23.733 ], [ -64.866, -23.699 ], [ -64.833, -23.699 ], [ -64.799, -23.699 ] ] ], [ [ [ -64.799, -23.699 ], [ -64.799, -23.666 ], [ -64.766, -23.666 ], [ -64.766, -23.699 ], [ -64.799, -23.699 ] ] ], [ [ [ -64.766, -23.666 ], [ -64.766, -23.633 ], [ -64.733, -23.633 ], [ -64.699, -23.633 ], [ -64.699, -23.599 ], [ -64.666, -23.599 ], [ -64.633, -23.599 ], [ -64.633, -23.633 ], [ -64.633, -23.666 ], [ -64.633, -23.699 ], [ -64.666, -23.699 ], [ -64.666, -23.666 ], [ -64.699, -23.666 ], [ -64.733, -23.666 ], [ -64.766, -23.666 ] ] ], [ [ [ -64.533, -22.633 ], [ -64.533, -22.666 ], [ -64.566, -22.666 ], [ -64.599, -22.666 ], [ -64.599, -22.633 ], [ -64.633, -22.633 ], [ -64.633, -22.666 ], [ -64.666, -22.666 ], [ -64.666, -22.699 ], [ -64.633, -22.699 ], [ -64.599, -22.699 ], [ -64.566, -22.699 ], [ -64.566, -22.733 ], [ -64.566, -22.766 ], [ -64.599, -22.766 ], [ -64.633, -22.766 ], [ -64.633, -22.799 ], [ -64.599, -22.799 ], [ -64.599, -22.833 ], [ -64.633, -22.833 ], [ -64.633, -22.866 ], [ -64.599, -22.866 ], [ -64.599, -22.833 ], [ -64.566, -22.833 ], [ -64.566, -22.866 ], [ -64.566, -22.899 ], [ -64.599, -22.899 ], [ -64.599, -22.933 ], [ -64.566, -22.933 ], [ -64.566, -22.966 ], [ -64.566, -22.999 ], [ -64.533, -22.999 ], [ -64.499, -22.999 ], [ -64.466, -22.999 ], [ -64.466, -23.033 ], [ -64.466, -23.066 ], [ -64.466, -23.099 ], [ -64.466, -23.133 ], [ -64.499, -23.133 ], [ -64.499, -23.099 ], [ -64.533, -23.099 ], [ -64.533, -23.066 ], [ -64.566, -23.066 ], [ -64.566, -23.033 ], [ -64.599, -23.033 ], [ -64.599, -23.066 ], [ -64.599, -23.099 ], [ -64.599, -23.133 ], [ -64.633, -23.133 ], [ -64.633, -23.166 ], [ -64.599, -23.166 ], [ -64.566, -23.166 ], [ -64.566, -23.133 ], [ -64.533, -23.133 ], [ -64.499, -23.133 ], [ -64.499, -23.166 ], [ -64.466, -23.166 ], [ -64.466, -23.199 ], [ -64.466, -23.233 ], [ -64.499, -23.233 ], [ -64.533, -23.233 ], [ -64.533, -23.266 ], [ -64.533, -23.299 ], [ -64.566, -23.299 ], [ -64.599, -23.299 ], [ -64.599, -23.333 ], [ -64.566, -23.333 ], [ -64.566, -23.366 ], [ -64.599, -23.366 ], [ -64.633, -23.366 ], [ -64.633, -23.399 ], [ -64.599, -23.399 ], [ -64.566, -23.399 ], [ -64.566, -23.433 ], [ -64.533, -23.433 ], [ -64.533, -23.466 ], [ -64.566, -23.466 ], [ -64.566, -23.499 ], [ -64.599, -23.499 ], [ -64.599, -23.533 ], [ -64.566, -23.533 ], [ -64.566, -23.566 ], [ -64.599, -23.566 ], [ -64.599, -23.599 ], [ -64.633, -23.599 ], [ -64.633, -23.566 ], [ -64.633, -23.533 ], [ -64.666, -23.533 ], [ -64.699, -23.533 ], [ -64.699, -23.499 ], [ -64.666, -23.499 ], [ -64.666, -23.466 ], [ -64.666, -23.433 ], [ -64.699, -23.433 ], [ -64.733, -23.433 ], [ -64.733, -23.399 ], [ -64.733, -23.366 ], [ -64.733, -23.333 ], [ -64.733, -23.299 ], [ -64.733, -23.266 ], [ -64.699, -23.266 ], [ -64.666, -23.266 ], [ -64.666, -23.299 ], [ -64.633, -23.299 ], [ -64.633, -23.266 ], [ -64.599, -23.266 ], [ -64.566, -23.266 ], [ -64.566, -23.233 ], [ -64.566, -23.199 ], [ -64.599, -23.199 ], [ -64.599, -23.233 ], [ -64.633, -23.233 ], [ -64.633, -23.266 ], [ -64.666, -23.266 ], [ -64.666, -23.233 ], [ -64.699, -23.233 ], [ -64.733, -23.233 ], [ -64.733, -23.199 ], [ -64.733, -23.166 ], [ -64.733, -23.133 ], [ -64.733, -23.099 ], [ -64.733, -23.066 ], [ -64.699, -23.066 ], [ -64.666, -23.066 ], [ -64.666, -23.033 ], [ -64.633, -23.033 ], [ -64.633, -22.999 ], [ -64.599, -22.999 ], [ -64.599, -22.966 ], [ -64.633, -22.966 ], [ -64.666, -22.966 ], [ -64.666, -22.999 ], [ -64.699, -22.999 ], [ -64.699, -22.966 ], [ -64.733, -22.966 ], [ -64.733, -22.933 ], [ -64.766, -22.933 ], [ -64.766, -22.899 ], [ -64.766, -22.866 ], [ -64.766, -22.833 ], [ -64.733, -22.833 ], [ -64.699, -22.833 ], [ -64.699, -22.799 ], [ -64.666, -22.799 ], [ -64.666, -22.766 ], [ -64.666, -22.733 ], [ -64.699, -22.733 ], [ -64.699, -22.766 ], [ -64.733, -22.766 ], [ -64.766, -22.766 ], [ -64.766, -22.733 ], [ -64.799, -22.733 ], [ -64.799, -22.699 ], [ -64.766, -22.699 ], [ -64.733, -22.699 ], [ -64.733, -22.666 ], [ -64.733, -22.633 ], [ -64.766, -22.633 ], [ -64.766, -22.599 ], [ -64.733, -22.599 ], [ -64.699, -22.599 ], [ -64.666, -22.599 ], [ -64.633, -22.599 ], [ -64.599, -22.599 ], [ -64.566, -22.599 ], [ -64.566, -22.633 ], [ -64.533, -22.633 ] ] ], [ [ [ -64.533, -22.633 ], [ -64.533, -22.599 ], [ -64.499, -22.599 ], [ -64.499, -22.633 ], [ -64.533, -22.633 ] ] ], [ [ [ -64.133, -22.799 ], [ -64.133, -22.833 ], [ -64.133, -22.866 ], [ -64.166, -22.866 ], [ -64.166, -22.899 ], [ -64.166, -22.933 ], [ -64.166, -22.966 ], [ -64.166, -22.999 ], [ -64.199, -22.999 ], [ -64.199, -22.966 ], [ -64.233, -22.966 ], [ -64.233, -22.933 ], [ -64.233, -22.899 ], [ -64.199, -22.899 ], [ -64.199, -22.866 ], [ -64.199, -22.833 ], [ -64.166, -22.833 ], [ -64.166, -22.799 ], [ -64.199, -22.799 ], [ -64.199, -22.766 ], [ -64.199, -22.733 ], [ -64.166, -22.733 ], [ -64.166, -22.699 ], [ -64.166, -22.666 ], [ -64.133, -22.666 ], [ -64.133, -22.633 ], [ -64.133, -22.599 ], [ -64.133, -22.566 ], [ -64.133, -22.533 ], [ -64.133, -22.499 ], [ -64.133, -22.466 ], [ -64.099, -22.466 ], [ -64.099, -22.433 ], [ -64.099, -22.399 ], [ -64.066, -22.399 ], [ -64.066, -22.366 ], [ -64.033, -22.366 ], [ -63.999, -22.366 ], [ -63.999, -22.399 ], [ -63.999, -22.433 ], [ -64.033, -22.433 ], [ -64.033, -22.466 ], [ -64.033, -22.499 ], [ -64.066, -22.499 ], [ -64.066, -22.533 ], [ -64.066, -22.566 ], [ -64.066, -22.599 ], [ -64.099, -22.599 ], [ -64.099, -22.633 ], [ -64.099, -22.666 ], [ -64.099, -22.699 ], [ -64.133, -22.699 ], [ -64.133, -22.733 ], [ -64.133, -22.766 ], [ -64.133, -22.799 ] ] ], [ [ [ -64.566, -22.299 ], [ -64.599, -22.299 ], [ -64.599, -22.333 ], [ -64.566, -22.333 ], [ -64.566, -22.299 ], [ -64.537, -22.300 ], [ -64.537, -22.301 ], [ -64.537, -22.302 ], [ -64.537, -22.303 ], [ -64.537, -22.303 ], [ -64.538, -22.303 ], [ -64.539, -22.303 ], [ -64.539, -22.304 ], [ -64.540, -22.305 ], [ -64.540, -22.306 ], [ -64.540, -22.307 ], [ -64.541, -22.309 ], [ -64.542, -22.309 ], [ -64.543, -22.310 ], [ -64.543, -22.310 ], [ -64.544, -22.310 ], [ -64.545, -22.311 ], [ -64.546, -22.312 ], [ -64.546, -22.313 ], [ -64.546, -22.314 ], [ -64.546, -22.314 ], [ -64.546, -22.315 ], [ -64.546, -22.315 ], [ -64.546, -22.316 ], [ -64.546, -22.317 ], [ -64.546, -22.317 ], [ -64.546, -22.318 ], [ -64.547, -22.319 ], [ -64.547, -22.319 ], [ -64.547, -22.319 ], [ -64.548, -22.319 ], [ -64.549, -22.319 ], [ -64.549, -22.319 ], [ -64.550, -22.319 ], [ -64.550, -22.319 ], [ -64.551, -22.319 ], [ -64.552, -22.320 ], [ -64.553, -22.320 ], [ -64.553, -22.320 ], [ -64.554, -22.320 ], [ -64.555, -22.319 ], [ -64.556, -22.319 ], [ -64.556, -22.318 ], [ -64.558, -22.318 ], [ -64.559, -22.318 ], [ -64.561, -22.318 ], [ -64.561, -22.318 ], [ -64.562, -22.318 ], [ -64.563, -22.319 ], [ -64.563, -22.319 ], [ -64.563, -22.320 ], [ -64.564, -22.320 ], [ -64.564, -22.320 ], [ -64.563, -22.321 ], [ -64.563, -22.321 ], [ -64.563, -22.322 ], [ -64.564, -22.323 ], [ -64.565, -22.323 ], [ -64.565, -22.324 ], [ -64.565, -22.326 ], [ -64.565, -22.327 ], [ -64.566, -22.327 ], [ -64.565, -22.327 ], [ -64.565, -22.328 ], [ -64.565, -22.328 ], [ -64.565, -22.329 ], [ -64.564, -22.330 ], [ -64.564, -22.331 ], [ -64.564, -22.332 ], [ -64.564, -22.332 ], [ -64.565, -22.333 ], [ -64.565, -22.334 ], [ -64.565, -22.336 ], [ -64.565, -22.336 ], [ -64.566, -22.337 ], [ -64.566, -22.339 ], [ -64.566, -22.340 ], [ -64.566, -22.340 ], [ -64.565, -22.341 ], [ -64.564, -22.341 ], [ -64.563, -22.342 ], [ -64.563, -22.342 ], [ -64.562, -22.343 ], [ -64.562, -22.343 ], [ -64.562, -22.343 ], [ -64.563, -22.343 ], [ -64.563, -22.344 ], [ -64.563, -22.344 ], [ -64.563, -22.344 ], [ -64.563, -22.345 ], [ -64.563, -22.345 ], [ -64.564, -22.345 ], [ -64.564, -22.346 ], [ -64.564, -22.347 ], [ -64.564, -22.348 ], [ -64.564, -22.348 ], [ -64.564, -22.349 ], [ -64.563, -22.349 ], [ -64.561, -22.349 ], [ -64.560, -22.350 ], [ -64.560, -22.351 ], [ -64.561, -22.352 ], [ -64.561, -22.353 ], [ -64.562, -22.354 ], [ -64.563, -22.355 ], [ -64.563, -22.356 ], [ -64.564, -22.357 ], [ -64.564, -22.358 ], [ -64.564, -22.359 ], [ -64.563, -22.361 ], [ -64.563, -22.362 ], [ -64.564, -22.363 ], [ -64.564, -22.364 ], [ -64.565, -22.365 ], [ -64.565, -22.366 ], [ -64.565, -22.367 ], [ -64.565, -22.369 ], [ -64.566, -22.370 ], [ -64.566, -22.371 ], [ -64.566, -22.371 ], [ -64.567, -22.372 ], [ -64.567, -22.372 ], [ -64.567, -22.373 ], [ -64.567, -22.374 ], [ -64.566, -22.376 ], [ -64.565, -22.377 ], [ -64.564, -22.379 ], [ -64.563, -22.380 ], [ -64.562, -22.380 ], [ -64.561, -22.381 ], [ -64.561, -22.382 ], [ -64.560, -22.383 ], [ -64.559, -22.383 ], [ -64.559, -22.384 ], [ -64.559, -22.385 ], [ -64.558, -22.386 ], [ -64.557, -22.386 ], [ -64.555, -22.386 ], [ -64.554, -22.387 ], [ -64.566, -22.399 ], [ -64.599, -22.399 ], [ -64.599, -22.433 ], [ -64.633, -22.433 ], [ -64.633, -22.466 ], [ -64.633, -22.499 ], [ -64.599, -22.499 ], [ -64.599, -22.466 ], [ -64.566, -22.466 ], [ -64.533, -22.466 ], [ -64.499, -22.466 ], [ -64.499, -22.499 ], [ -64.499, -22.533 ], [ -64.466, -22.533 ], [ -64.466, -22.566 ], [ -64.499, -22.566 ], [ -64.533, -22.566 ], [ -64.533, -22.533 ], [ -64.566, -22.533 ], [ -64.599, -22.533 ], [ -64.633, -22.533 ], [ -64.666, -22.533 ], [ -64.699, -22.533 ], [ -64.733, -22.533 ], [ -64.733, -22.499 ], [ -64.699, -22.499 ], [ -64.699, -22.466 ], [ -64.666, -22.466 ], [ -64.666, -22.433 ], [ -64.666, -22.399 ], [ -64.633, -22.399 ], [ -64.633, -22.366 ], [ -64.633, -22.333 ], [ -64.633, -22.299 ], [ -64.633, -22.266 ], [ -64.633, -22.233 ], [ -64.599, -22.233 ], [ -64.599, -22.232 ], [ -64.599, -22.233 ], [ -64.599, -22.234 ], [ -64.599, -22.234 ], [ -64.599, -22.235 ], [ -64.599, -22.236 ], [ -64.599, -22.237 ], [ -64.599, -22.237 ], [ -64.598, -22.238 ], [ -64.598, -22.239 ], [ -64.598, -22.239 ], [ -64.598, -22.240 ], [ -64.598, -22.241 ], [ -64.597, -22.242 ], [ -64.596, -22.242 ], [ -64.596, -22.242 ], [ -64.595, -22.242 ], [ -64.595, -22.242 ], [ -64.595, -22.242 ], [ -64.595, -22.242 ], [ -64.594, -22.242 ], [ -64.594, -22.242 ], [ -64.594, -22.243 ], [ -64.593, -22.243 ], [ -64.593, -22.244 ], [ -64.593, -22.245 ], [ -64.593, -22.245 ], [ -64.593, -22.246 ], [ -64.592, -22.247 ], [ -64.591, -22.247 ], [ -64.590, -22.247 ], [ -64.589, -22.247 ], [ -64.589, -22.247 ], [ -64.588, -22.248 ], [ -64.587, -22.248 ], [ -64.586, -22.249 ], [ -64.585, -22.249 ], [ -64.584, -22.249 ], [ -64.583, -22.249 ], [ -64.582, -22.249 ], [ -64.581, -22.249 ], [ -64.580, -22.250 ], [ -64.579, -22.251 ], [ -64.578, -22.252 ], [ -64.576, -22.254 ], [ -64.576, -22.254 ], [ -64.574, -22.255 ], [ -64.573, -22.255 ], [ -64.572, -22.256 ], [ -64.572, -22.256 ], [ -64.571, -22.257 ], [ -64.570, -22.257 ], [ -64.570, -22.258 ], [ -64.569, -22.259 ], [ -64.569, -22.259 ], [ -64.569, -22.260 ], [ -64.569, -22.260 ], [ -64.568, -22.261 ], [ -64.568, -22.261 ], [ -64.567, -22.261 ], [ -64.566, -22.261 ], [ -64.566, -22.262 ], [ -64.566, -22.263 ], [ -64.566, -22.263 ], [ -64.565, -22.263 ], [ -64.564, -22.264 ], [ -64.566, -22.266 ], [ -64.566, -22.299 ] ] ], [ [ [ -63.683, -22.030 ], [ -63.683, -22.030 ], [ -63.682, -22.030 ], [ -63.682, -22.030 ], [ -63.681, -22.030 ], [ -63.681, -22.031 ], [ -63.681, -22.031 ], [ -63.681, -22.032 ], [ -63.682, -22.032 ], [ -63.682, -22.032 ], [ -63.682, -22.033 ], [ -63.683, -22.033 ], [ -63.683, -22.030 ] ] ], [ [ [ -63.683, -22.030 ], [ -63.683, -22.029 ], [ -63.682, -22.029 ], [ -63.682, -22.029 ], [ -63.682, -22.029 ], [ -63.682, -22.030 ], [ -63.683, -22.030 ], [ -63.683, -22.030 ] ] ], [ [ [ -63.799, -21.999 ], [ -63.799, -22.033 ], [ -63.766, -22.033 ], [ -63.766, -22.066 ], [ -63.733, -22.066 ], [ -63.699, -22.066 ], [ -63.683, -22.050 ], [ -63.683, -22.050 ], [ -63.683, -22.051 ], [ -63.683, -22.051 ], [ -63.683, -22.051 ], [ -63.683, -22.052 ], [ -63.683, -22.052 ], [ -63.683, -22.052 ], [ -63.684, -22.052 ], [ -63.683, -22.053 ], [ -63.683, -22.053 ], [ -63.683, -22.053 ], [ -63.682, -22.053 ], [ -63.682, -22.053 ], [ -63.682, -22.053 ], [ -63.682, -22.053 ], [ -63.681, -22.053 ], [ -63.681, -22.053 ], [ -63.680, -22.053 ], [ -63.680, -22.053 ], [ -63.680, -22.053 ], [ -63.681, -22.052 ], [ -63.681, -22.052 ], [ -63.680, -22.052 ], [ -63.680, -22.052 ], [ -63.680, -22.052 ], [ -63.679, -22.052 ], [ -63.679, -22.051 ], [ -63.679, -22.051 ], [ -63.679, -22.051 ], [ -63.679, -22.050 ], [ -63.679, -22.049 ], [ -63.679, -22.049 ], [ -63.679, -22.048 ], [ -63.679, -22.048 ], [ -63.678, -22.048 ], [ -63.678, -22.048 ], [ -63.678, -22.048 ], [ -63.677, -22.047 ], [ -63.677, -22.047 ], [ -63.677, -22.047 ], [ -63.677, -22.046 ], [ -63.677, -22.046 ], [ -63.677, -22.046 ], [ -63.677, -22.045 ], [ -63.677, -22.045 ], [ -63.677, -22.045 ], [ -63.677, -22.044 ], [ -63.676, -22.044 ], [ -63.676, -22.043 ], [ -63.677, -22.043 ], [ -63.677, -22.042 ], [ -63.677, -22.042 ], [ -63.677, -22.042 ], [ -63.677, -22.041 ], [ -63.677, -22.041 ], [ -63.676, -22.041 ], [ -63.675, -22.041 ], [ -63.674, -22.041 ], [ -63.674, -22.041 ], [ -63.673, -22.040 ], [ -63.673, -22.040 ], [ -63.672, -22.040 ], [ -63.672, -22.039 ], [ -63.672, -22.039 ], [ -63.673, -22.039 ], [ -63.674, -22.039 ], [ -63.674, -22.038 ], [ -63.674, -22.038 ], [ -63.674, -22.037 ], [ -63.674, -22.036 ], [ -63.673, -22.036 ], [ -63.673, -22.035 ], [ -63.673, -22.034 ], [ -63.673, -22.033 ], [ -63.674, -22.033 ], [ -63.674, -22.032 ], [ -63.675, -22.032 ], [ -63.675, -22.032 ], [ -63.675, -22.032 ], [ -63.675, -22.032 ], [ -63.675, -22.031 ], [ -63.675, -22.031 ], [ -63.675, -22.031 ], [ -63.674, -22.030 ], [ -63.674, -22.030 ], [ -63.673, -22.030 ], [ -63.673, -22.030 ], [ -63.672, -22.030 ], [ -63.672, -22.030 ], [ -63.671, -22.029 ], [ -63.671, -22.029 ], [ -63.671, -22.028 ], [ -63.670, -22.028 ], [ -63.670, -22.028 ], [ -63.669, -22.028 ], [ -63.669, -22.028 ], [ -63.669, -22.028 ], [ -63.669, -22.027 ], [ -63.669, -22.027 ], [ -63.669, -22.026 ], [ -63.670, -22.026 ], [ -63.670, -22.025 ], [ -63.670, -22.025 ], [ -63.671, -22.024 ], [ -63.671, -22.024 ], [ -63.670, -22.023 ], [ -63.670, -22.023 ], [ -63.670, -22.022 ], [ -63.670, -22.021 ], [ -63.669, -22.021 ], [ -63.669, -22.020 ], [ -63.669, -22.019 ], [ -63.668, -22.018 ], [ -63.668, -22.019 ], [ -63.667, -22.019 ], [ -63.667, -22.018 ], [ -63.667, -22.018 ], [ -63.666, -22.017 ], [ -63.666, -22.017 ], [ -63.666, -22.016 ], [ -63.666, -22.016 ], [ -63.666, -22.016 ], [ -63.667, -22.015 ], [ -63.667, -22.015 ], [ -63.667, -22.015 ], [ -63.667, -22.014 ], [ -63.667, -22.014 ], [ -63.667, -22.013 ], [ -63.668, -22.013 ], [ -63.668, -22.014 ], [ -63.669, -22.014 ], [ -63.669, -22.013 ], [ -63.670, -22.013 ], [ -63.670, -22.012 ], [ -63.670, -22.012 ], [ -63.669, -22.011 ], [ -63.669, -22.011 ], [ -63.669, -22.011 ], [ -63.669, -22.010 ], [ -63.668, -22.009 ], [ -63.668, -22.009 ], [ -63.668, -22.009 ], [ -63.668, -22.008 ], [ -63.668, -22.008 ], [ -63.668, -22.007 ], [ -63.668, -22.007 ], [ -63.668, -22.007 ], [ -63.667, -22.007 ], [ -63.667, -22.006 ], [ -63.667, -22.006 ], [ -63.667, -22.006 ], [ -63.666, -22.005 ], [ -63.666, -22.005 ], [ -63.666, -22.004 ], [ -63.667, -22.004 ], [ -63.667, -22.004 ], [ -63.666, -22.003 ], [ -63.666, -22.003 ], [ -63.666, -22.003 ], [ -63.666, -22.003 ], [ -63.666, -22.002 ], [ -63.666, -22.002 ], [ -63.665, -22.002 ], [ -63.665, -22.002 ], [ -63.665, -22.001 ], [ -63.665, -22.001 ], [ -63.665, -22.000 ], [ -63.665, -22.000 ], [ -63.665, -22.000 ], [ -63.466, -22.000 ], [ -63.466, -22.033 ], [ -63.499, -22.033 ], [ -63.533, -22.033 ], [ -63.533, -22.066 ], [ -63.566, -22.066 ], [ -63.566, -22.099 ], [ -63.533, -22.099 ], [ -63.533, -22.133 ], [ -63.533, -22.166 ], [ -63.566, -22.166 ], [ -63.566, -22.199 ], [ -63.599, -22.199 ], [ -63.633, -22.199 ], [ -63.666, -22.199 ], [ -63.699, -22.199 ], [ -63.733, -22.199 ], [ -63.733, -22.233 ], [ -63.766, -22.233 ], [ -63.799, -22.233 ], [ -63.799, -22.266 ], [ -63.833, -22.266 ], [ -63.866, -22.266 ], [ -63.899, -22.266 ], [ -63.899, -22.233 ], [ -63.899, -22.199 ], [ -63.933, -22.199 ], [ -63.933, -22.166 ], [ -63.933, -22.133 ], [ -63.933, -22.099 ], [ -63.966, -22.099 ], [ -63.975, -22.090 ], [ -63.975, -22.089 ], [ -63.976, -22.087 ], [ -63.976, -22.084 ], [ -63.977, -22.084 ], [ -63.979, -22.085 ], [ -63.980, -22.086 ], [ -63.982, -22.084 ], [ -63.981, -22.082 ], [ -63.978, -22.080 ], [ -63.976, -22.079 ], [ -63.974, -22.079 ], [ -63.974, -22.081 ], [ -63.975, -22.083 ], [ -63.974, -22.085 ], [ -63.973, -22.086 ], [ -63.971, -22.086 ], [ -63.970, -22.087 ], [ -63.968, -22.088 ], [ -63.968, -22.090 ], [ -63.966, -22.091 ], [ -63.963, -22.092 ], [ -63.962, -22.091 ], [ -63.961, -22.089 ], [ -63.960, -22.088 ], [ -63.960, -22.086 ], [ -63.959, -22.085 ], [ -63.957, -22.084 ], [ -63.957, -22.083 ], [ -63.958, -22.082 ], [ -63.959, -22.083 ], [ -63.959, -22.084 ], [ -63.961, -22.084 ], [ -63.961, -22.082 ], [ -63.961, -22.081 ], [ -63.959, -22.080 ], [ -63.958, -22.080 ], [ -63.957, -22.080 ], [ -63.956, -22.079 ], [ -63.957, -22.077 ], [ -63.959, -22.077 ], [ -63.959, -22.074 ], [ -63.959, -22.072 ], [ -63.958, -22.070 ], [ -63.957, -22.068 ], [ -63.956, -22.067 ], [ -63.957, -22.066 ], [ -63.960, -22.066 ], [ -63.961, -22.065 ], [ -63.962, -22.064 ], [ -63.961, -22.063 ], [ -63.960, -22.062 ], [ -63.957, -22.061 ], [ -63.955, -22.060 ], [ -63.953, -22.059 ], [ -63.951, -22.058 ], [ -63.950, -22.058 ], [ -63.949, -22.057 ], [ -63.949, -22.056 ], [ -63.949, -22.055 ], [ -63.950, -22.054 ], [ -63.951, -22.055 ], [ -63.953, -22.056 ], [ -63.954, -22.057 ], [ -63.955, -22.057 ], [ -63.956, -22.056 ], [ -63.956, -22.055 ], [ -63.955, -22.053 ], [ -63.954, -22.052 ], [ -63.952, -22.052 ], [ -63.951, -22.051 ], [ -63.951, -22.051 ], [ -63.949, -22.049 ], [ -63.949, -22.048 ], [ -63.950, -22.048 ], [ -63.951, -22.048 ], [ -63.952, -22.047 ], [ -63.953, -22.047 ], [ -63.955, -22.045 ], [ -63.955, -22.044 ], [ -63.954, -22.043 ], [ -63.952, -22.043 ], [ -63.949, -22.043 ], [ -63.949, -22.042 ], [ -63.950, -22.040 ], [ -63.952, -22.039 ], [ -63.953, -22.037 ], [ -63.953, -22.035 ], [ -63.952, -22.035 ], [ -63.951, -22.035 ], [ -63.949, -22.036 ], [ -63.947, -22.036 ], [ -63.946, -22.035 ], [ -63.945, -22.034 ], [ -63.943, -22.033 ], [ -63.942, -22.031 ], [ -63.942, -22.031 ], [ -63.941, -22.030 ], [ -63.940, -22.029 ], [ -63.941, -22.027 ], [ -63.944, -22.025 ], [ -63.944, -22.024 ], [ -63.943, -22.022 ], [ -63.941, -22.020 ], [ -63.939, -22.018 ], [ -63.936, -22.015 ], [ -63.939, -22.013 ], [ -63.942, -22.012 ], [ -63.944, -22.010 ], [ -63.943, -22.008 ], [ -63.941, -22.008 ], [ -63.936, -22.011 ], [ -63.938, -22.006 ], [ -63.935, -22.003 ], [ -63.932, -22.001 ], [ -63.931, -21.999 ], [ -63.799, -21.999 ] ] ] ] } }
]
}
