id,nombre científico,nombre común,rango,zonas USDA
"scientific_name","Scientific Name","Common Name","N/A",""
"acanthophoenix_crinita","Acanthophoenix crinita","Yellow Barbel Palm","-3.9°C a -1.1°C","9b, 10a, 10b, 11a"
"acanthophoenix_rousselii","Acanthophoenix rousselii","Roussel's Barbel Palm","-3.9°C a -1.1°C","9b, 10a, 10b, 11a"
"acanthophoenix_rubra","Acanthophoenix rubra","Red Barbel Palm","-3.9°C a -1.1°C","9b, 10a, 10b, 11a"
"acoelorrhaphe_wrightii","Acoelorrhaphe wrightii","Everglades Palm","-3.9°C a -1.1°C","9b, 10a, 10b, 11a"
"acrocomia_aculeata","Acrocomia aculeata","Coyol palm","-1.1°C a 1.7°C","10a, 10b, 11a"
"acrocomia_crispa","Acrocomia crispa","Cuban Belly Palm","-1.1°C a 1.7°C","10a, 10b, 11a"
"acrocomia_emensis","Acrocomia emensis","","-3.9°C a -1.1°C","9b, 10a, 10b, 11a"
"acrocomia_glaucescens","Acrocomia glaucescens","","-1.1°C a 1.7°C","10a, 10b, 11a"
"acrocomia_hassleri","Acrocomia hassleri","","-6.7°C a -3.9°C","9a, 9b, 10a, 10b, 11a"
"acrocomia_intumescens","Acrocomia intumescens","","-1.1°C a 1.7°C","10a, 10b, 11a"
"acrocomia_media","Acrocomia media","Prickly Palm","-3.9°C a -1.1°C","9b, 10a, 10b, 11a"
"acrocomia_totai","Acrocomia totai","Totai Palm","-9.4°C a -6.7°C","8b, 9a, 9b, 10a, 10b, 11a"
"actinokentia_divaricata","Actinokentia divaricata","","N/A",""
"actinokentia_huerlimannii","Actinokentia huerlimannii","","-1.1°C a 1.7°C","10a, 10b, 11a"
"actinorhytis_calapparia","Actinorhytis calapparia","Calappa palm","N/A",""
"adonidia_dransfieldii","Adonidia dransfieldii","","1.7°C a 4.4°C","10b, 11a"
"adonidia_merrillii","Adonidia merrillii","Christmas Palm","-1.1°C a 1.7°C","10a, 10b, 11a"
"aiphanes_acanthophylla","Aiphanes acanthophylla","Coyure Palm","1.7°C a 4.4°C","10b, 11a"
"aiphanes_acaulis","Aiphanes acaulis","","-6.7°C a -3.9°C","9a, 9b, 10a, 10b, 11a"
"aiphanes_bicornis","Aiphanes bicornis","","-1.1°C a 1.7°C","10a, 10b, 11a"
"aiphanes_buenaventurae","Aiphanes buenaventurae","","-1.1°C a 1.7°C","10a, 10b, 11a"
"aiphanes_chiribogensis","Aiphanes chiribogensis","","-3.9°C a -1.1°C","9b, 10a, 10b, 11a"
"aiphanes_deltoidea","Aiphanes deltoidea","","1.7°C a 4.4°C","10b, 11a"
"aiphanes_duquei","Aiphanes duquei","","-3.9°C a -1.1°C","9b, 10a, 10b, 11a"
"aiphanes_eggersii","Aiphanes eggersii","Corozo Palm","1.7°C a 4.4°C","10b, 11a"
"aiphanes_erinacea","Aiphanes erinacea","","-6.7°C a -3.9°C","9a, 9b, 10a, 10b, 11a"
"aiphanes_gelatinosa","Aiphanes gelatinosa","","-3.9°C a -1.1°C","9b, 10a, 10b, 11a"
"aiphanes_graminifolia","Aiphanes graminifolia","","1.7°C a 4.4°C","10b, 11a"
"aiphanes_grandis","Aiphanes grandis","","-6.7°C a -3.9°C","9a, 9b, 10a, 10b, 11a"
"aiphanes_hirsuta_subsp_fosteriorum","Aiphanes hirsuta subsp. fosteriorum","","-1.1°C a 1.7°C","10a, 10b, 11a"
"aiphanes_hirsuta_subsp_hirsuta","Aiphanes hirsuta subsp. hirsuta","","1.7°C a 4.4°C","10b, 11a"
"aiphanes_hirsuta_subsp_intermedia","Aiphanes hirsuta subsp. intermedia","","-3.9°C a -1.1°C","9b, 10a, 10b, 11a"
"aiphanes_hirsuta_subsp_kalbreyeri","Aiphanes hirsuta subsp. kalbreyeri","","1.7°C a 4.4°C","10b, 11a"
"aiphanes_horrida","Aiphanes horrida","Coyure Palm","-3.9°C a -1.1°C","9b, 10a, 10b, 11a"
"aiphanes_leiostachys","Aiphanes leiostachys","","-3.9°C a -1.1°C","9b, 10a, 10b, 11a"
"aiphanes_lindeniana","Aiphanes lindeniana","","-3.9°C a -1.1°C","9b, 10a, 10b, 11a"
"aiphanes_linearis","Aiphanes linearis","","-6.7°C a -3.9°C","9a, 9b, 10a, 10b, 11a"
"aiphanes_macroloba","Aiphanes macroloba","","-1.1°C a 1.7°C","10a, 10b, 11a"
"aiphanes_minima","Aiphanes minima","Macaw Palm","1.7°C a 4.4°C","10b, 11a"
"aiphanes_multiplex","Aiphanes multiplex","","1.7°C a 4.4°C","10b, 11a"
"aiphanes_parvifolia","Aiphanes parvifolia","","-6.7°C a -3.9°C","9a, 9b, 10a, 10b, 11a"
"aiphanes_pilaris","Aiphanes pilaris","","1.7°C a 4.4°C","10b, 11a"
"aiphanes_simplex","Aiphanes simplex","","-3.9°C a -1.1°C","9b, 10a, 10b, 11a"
"aiphanes_spicata","Aiphanes spicata","","-3.9°C a -1.1°C","9b, 10a, 10b, 11a"
"aiphanes_tricuspidata","Aiphanes tricuspidata","","1.7°C a 4.4°C","10b, 11a"
"aiphanes_ulei","Aiphanes ulei","","-1.1°C a 1.7°C","10a, 10b, 11a"
"aiphanes_verrucosa","Aiphanes verrucosa","","-6.7°C a -3.9°C","9a, 9b, 10a, 10b, 11a"
"aiphanes_weberbaueri","Aiphanes weberbaueri","","-3.9°C a -1.1°C","9b, 10a, 10b, 11a"
"allagoptera_arenaria","Allagoptera arenaria","Restinga Palm","-3.9°C a -1.1°C","9b, 10a, 10b, 11a"
"allagoptera_brevicalyx","Allagoptera brevicalyx","","-6.7°C a -3.9°C","9a, 9b, 10a, 10b, 11a"
"allagoptera_campestris","Allagoptera campestris","","-6.7°C a -3.9°C","9a, 9b, 10a, 10b, 11a"
"allagoptera_caudescens","Allagoptera caudescens","Buri Palm","-1.1°C a 1.7°C","10a, 10b, 11a"
"allagoptera_leucocalyx","Allagoptera leucocalyx","","-3.9°C a -1.1°C","9b, 10a, 10b, 11a"
"allagoptera_robusta","Allagoptera robusta","","-1.1°C a 1.7°C","10a, 10b, 11a"
"ammandra_decasperma","Ammandra decasperma","","-1.1°C a 1.7°C","10a, 10b, 11a"
"aphandra_natalia","Aphandra natalia","Tagua Palm","-1.1°C a 1.7°C","10a, 10b, 11a"
"archontophoenix_alexandrae","Archontophoenix alexandrae","King Palm","-1.1°C a 1.7°C","10a, 10b, 11a"
"archontophoenix_cunninghamiana","Archontophoenix cunninghamiana","Illawarra Bangalow Palm","-3.9°C a -1.1°C","9b, 10a, 10b, 11a"
"archontophoenix_maxima","Archontophoenix maxima","Walsh River Palm","-1.1°C a 1.7°C","10a, 10b, 11a"
"archontophoenix_myolensis","Archontophoenix myolensis","Myola King Palm","-1.1°C a 1.7°C","10a, 10b, 11a"
"archontophoenix_purpurea","Archontophoenix purpurea","Mt. Lewis King Palm","-3.9°C a -1.1°C","9b, 10a, 10b, 11a"
"archontophoenix_tuckeri","Archontophoenix tuckeri","Peach Creek Palm","-3.9°C a -1.1°C","9b, 10a, 10b, 11a"
"areca_abdulrahmanii","Areca abdulrahmanii","","1.7°C a 4.4°C","10b, 11a"
"areca_ahmadii","Areca ahmadii","","1.7°C a 4.4°C","10b, 11a"
"areca_andersonii","Areca andersonii","","1.7°C a 4.4°C","10b, 11a"
"areca_arundinacea","Areca arundinacea","","1.7°C a 4.4°C","10b, 11a"
"areca_bakeri","Areca bakeri","","1.7°C a 4.4°C","10b, 11a"
"areca_brachypoda","Areca brachypoda","","1.7°C a 4.4°C","10b, 11a"
"areca_caliso","Areca caliso","","1.7°C a 4.4°C","10b, 11a"
"areca_camarinensis","Areca camarinensis","","1.7°C a 4.4°C","10b, 11a"
"areca_catechu","Areca catechu","Betel Nut Palm","-1.1°C a 1.7°C","10a, 10b, 11a"
"areca_catechu_var_batanensis","Areca catechu var. batanensis","Dwarf Betel Nut Palm","-1.1°C a 1.7°C","10a, 10b, 11a"
"areca_chaiana","Areca chaiana","","N/A",""
"areca_churchii","Areca churchii","","1.7°C a 4.4°C","10b, 11a"
"areca_concinna","Areca concinna","","1.7°C a 4.4°C","10b, 11a"
"areca_congesta","Areca congesta","","1.7°C a 4.4°C","10b, 11a"
"areca_costulata","Areca costulata","","1.7°C a 4.4°C","10b, 11a"
"areca_dayung","Areca dayung","","1.7°C a 4.4°C","10b, 11a"
"areca_dransfieldii","Areca dransfieldii","","1.7°C a 4.4°C","10b, 11a"
"areca_furcata","Areca furcata","","1.7°C a 4.4°C","10b, 11a"
"areca_gurita","Areca gurita","","1.7°C a 4.4°C","10b, 11a"
"areca_hutchinsoniana","Areca hutchinsoniana","","1.7°C a 4.4°C","10b, 11a"
"areca_insignis_var_insignis","Areca insignis var. insignis","","N/A",""
"areca_insignis_var_moorei","Areca insignis var. moorei","","N/A",""
"areca_ipot","Areca ipot","Ipot Palm","-1.1°C a 1.7°C","10a, 10b, 11a"
"areca_jokowi","Areca jokowi","","1.7°C a 4.4°C","10b, 11a"
"areca_jugahpunya","Areca jugahpunya","","1.7°C a 4.4°C","10b, 11a"
"areca_kinabaluensis","Areca kinabaluensis","","-1.1°C a 1.7°C","10a, 10b, 11a"
"areca_klingkangensis","Areca klingkangensis","","1.7°C a 4.4°C","10b, 11a"
"areca_laosensis","Areca laosensis","Chocolate Palm","1.7°C a 4.4°C","10b, 11a"
"areca_ledermanniana","Areca ledermanniana","","1.7°C a 4.4°C","10b, 11a"
"areca_macrocalyx","Areca macrocalyx","Highland Betel Nut Palm","-1.1°C a 1.7°C","10a, 10b, 11a"
"areca_mandacanii","Areca mandacanii","","N/A",""
"areca_minuta","Areca minuta","","N/A",""
"areca_mogeana","Areca mogeana","","1.7°C a 4.4°C","10b, 11a"
"areca_montana","Areca montana","","-1.1°C a 1.7°C","10a, 10b, 11a"
"areca_novohibernica","Areca novohibernica","Sacred Palm","1.7°C a 4.4°C","10b, 11a"
"areca_oxycarpa","Areca oxycarpa","","1.7°C a 4.4°C","10b, 11a"
"areca_parens","Areca parens","","1.7°C a 4.4°C","10b, 11a"
"areca_rheophytica","Areca rheophytica","","1.7°C a 4.4°C","10b, 11a"
"areca_ridleyana","Areca ridleyana","","1.7°C a 4.4°C","10b, 11a"
"areca_riparia","Areca riparia","","-1.1°C a 1.7°C","10a, 10b, 11a"
"areca_songthanhensis","Areca songthanhensis","","-1.1°C a 1.7°C","10a, 10b, 11a"
"areca_subacaulis","Areca subacaulis","","1.7°C a 4.4°C","10b, 11a"
"areca_triandra","Areca triandra","Triandra palm","-1.1°C a 1.7°C","10a, 10b, 11a"
"areca_triginticollina","Areca triginticollina","","1.7°C a 4.4°C","10b, 11a"
"areca_tunku","Areca tunku","","1.7°C a 4.4°C","10b, 11a"
"areca_unipa","Areca unipa","","-1.1°C a 1.7°C","10a, 10b, 11a"
"areca_vestiaria_maroon","Areca vestiaria - maroon","Maroon Collar Palm","-1.1°C a 1.7°C","10a, 10b, 11a"
"areca_vestiaria_orange","Areca vestiaria - orange","Orange Collar Palm","-1.1°C a 1.7°C","10a, 10b, 11a"
"areca_vidaliana","Areca vidaliana","","1.7°C a 4.4°C","10b, 11a"
"areca_whitfordii","Areca whitfordii","","1.7°C a 4.4°C","10b, 11a"
"arenga_australasica","Arenga australasica","Australian Sugar Palm","-1.1°C a 1.7°C","10a, 10b, 11a"
"arenga_brevipes","Arenga brevipes","","-1.1°C a 1.7°C","10a, 10b, 11a"
"arenga_caudata","Arenga caudata","Miniature Sugar Palm","-3.9°C a -1.1°C","9b, 10a, 10b, 11a"
"arenga_distincta","Arenga distincta","","1.7°C a 4.4°C","10b, 11a"
"arenga_engleri","Arenga engleri","Dwarf sugar palm","-6.7°C a -3.9°C","9a, 9b, 10a, 10b, 11a"
"arenga_hastata","Arenga hastata","Bhutanese Sugar Palm","-1.1°C a 1.7°C","10a, 10b, 11a"
"arenga_hookeriana","Arenga hookeriana","Hookers Fish Tail Palm","-1.1°C a 1.7°C","10a, 10b, 11a"
"arenga_listeri","Arenga listeri","","-1.1°C a 1.7°C","10a, 10b, 11a"
"arenga_longicarpa","Arenga longicarpa","","-1.1°C a 1.7°C","10a, 10b, 11a"
"arenga_longipes","Arenga longipes","","1.7°C a 4.4°C","10b, 11a"
"arenga_micrantha","Arenga micrantha","Tibetan Sugar Palm","-6.7°C a -3.9°C","9a, 9b, 10a, 10b, 11a"
"arenga_microcarpa","Arenga microcarpa","Sago Sugar Palm","-3.9°C a -1.1°C","9b, 10a, 10b, 11a"
"arenga_mindorensis","Arenga mindorensis","","-1.1°C a 1.7°C","10a, 10b, 11a"
"arenga_obtusifolia","Arenga obtusifolia","Langkap Sugar Palm","-1.1°C a 1.7°C","10a, 10b, 11a"
"arenga_pinnata","Arenga pinnata","Sugar Palm","-1.1°C a 1.7°C","10a, 10b, 11a"
"arenga_plicata","Arenga plicata","","1.7°C a 4.4°C","10b, 11a"
"arenga_porphyrocarpa","Arenga porphyrocarpa","","-1.1°C a 1.7°C","10a, 10b, 11a"
"arenga_retroflorescens","Arenga retroflorescens","","-1.1°C a 1.7°C","10a, 10b, 11a"
"arenga_ryukyuensis","Arenga ryukyuensis","Japanese dwarf sugar palm","-6.7°C a -3.9°C","9a, 9b, 10a, 10b, 11a"
"arenga_talamauensis","Arenga talamauensis","","1.7°C a 4.4°C","10b, 11a"
"arenga_tremula","Arenga tremula","Philippine Dwarf Sugar Palm","-1.1°C a 1.7°C","10a, 10b, 11a"
"arenga_undulatifolia","Arenga undulatifolia","Turbulence Palm","1.7°C a 4.4°C","10b, 11a"
"arenga_westerhoutii","Arenga westerhoutii","Westerhout's Sugar Palm","-1.1°C a 1.7°C","10a, 10b, 11a"
"arenga_wightii","Arenga wightii","","-1.1°C a 1.7°C","10a, 10b, 11a"
"asterogyne_guianensis","Asterogyne guianensis","","1.7°C a 4.4°C","10b, 11a"
"asterogyne_martiana","Asterogyne martiana","Houndstooth Palm","1.7°C a 4.4°C","10b, 11a"
"asterogyne_ramosa","Asterogyne ramosa","","1.7°C a 4.4°C","10b, 11a"
"asterogyne_spicata","Asterogyne spicata","Palmito Palm","1.7°C a 4.4°C","10b, 11a"
"asterogyne_yaracuyense","Asterogyne yaracuyense","","1.7°C a 4.4°C","10b, 11a"
"astrocaryum_acaule","Astrocaryum acaule","","1.7°C a 4.4°C","10b, 11a"
"astrocaryum_aculeatissimum","Astrocaryum aculeatissimum","","1.7°C a 4.4°C","10b, 11a"
"astrocaryum_aculeatum","Astrocaryum aculeatum","Star, nut Palm","1.7°C a 4.4°C","10b, 11a"
"astrocaryum_alatum","Astrocaryum alatum","Nutsedge Palm","1.7°C a 4.4°C","10b, 11a"
"astrocaryum_campestre","Astrocaryum campestre","","1.7°C a 4.4°C","10b, 11a"
"astrocaryum_carnosum","Astrocaryum carnosum","","1.7°C a 4.4°C","10b, 11a"
"astrocaryum_chambira","Astrocaryum chambira","","1.7°C a 4.4°C","10b, 11a"
"astrocaryum_chonta","Astrocaryum chonta","","1.7°C a 4.4°C","10b, 11a"
"astrocaryum_ciliatum","Astrocaryum ciliatum","","1.7°C a 4.4°C","10b, 11a"
"astrocaryum_confertum","Astrocaryum confertum","","1.7°C a 4.4°C","10b, 11a"
"astrocaryum_echinatum","Astrocaryum echinatum","","-1.1°C a 1.7°C","10a, 10b, 11a"
"astrocaryum_faranae","Astrocaryum faranae","","1.7°C a 4.4°C","10b, 11a"
"astrocaryum_farinosum","Astrocaryum farinosum","","1.7°C a 4.4°C","10b, 11a"
"astrocaryum_ferrugineum","Astrocaryum ferrugineum","","1.7°C a 4.4°C","10b, 11a"
"astrocaryum_giganteum","Astrocaryum giganteum","","1.7°C a 4.4°C","10b, 11a"
"astrocaryum_gratum","Astrocaryum gratum","","1.7°C a 4.4°C","10b, 11a"
"astrocaryum_huaimi","Astrocaryum huaimi","","1.7°C a 4.4°C","10b, 11a"
"astrocaryum_huicungo","Astrocaryum huicungo","","1.7°C a 4.4°C","10b, 11a"
"astrocaryum_jauari","Astrocaryum jauari","","1.7°C a 4.4°C","10b, 11a"
"astrocaryum_javarense","Astrocaryum javarense","","1.7°C a 4.4°C","10b, 11a"
"astrocaryum_macrocalyx","Astrocaryum macrocalyx","","1.7°C a 4.4°C","10b, 11a"
"astrocaryum_malybo","Astrocaryum malybo","","1.7°C a 4.4°C","10b, 11a"
"astrocaryum_mexicanum","Astrocaryum mexicanum","Warri Cohune Palm","1.7°C a 4.4°C","10b, 11a"
"astrocaryum_minus","Astrocaryum minus","","1.7°C a 4.4°C","10b, 11a"
"astrocaryum_murumuru","Astrocaryum murumuru","","1.7°C a 4.4°C","10b, 11a"
"astrocaryum_paramaca","Astrocaryum paramaca","","1.7°C a 4.4°C","10b, 11a"
"astrocaryum_perangustatum","Astrocaryum perangustatum","","1.7°C a 4.4°C","10b, 11a"
"astrocaryum_rodriguesii","Astrocaryum rodriguesii","Star, nut Palm","1.7°C a 4.4°C","10b, 11a"
"astrocaryum_sciophilum","Astrocaryum sciophilum","","1.7°C a 4.4°C","10b, 11a"
"astrocaryum_scopatum","Astrocaryum scopatum","","1.7°C a 4.4°C","10b, 11a"
"astrocaryum_sociale","Astrocaryum sociale","","1.7°C a 4.4°C","10b, 11a"
"astrocaryum_standleyanum","Astrocaryum standleyanum","Mocora Palm","1.7°C a 4.4°C","10b, 11a"
"astrocaryum_triandrum","Astrocaryum triandrum","","-3.9°C a -1.1°C","9b, 10a, 10b, 11a"
"astrocaryum_tucuma","Astrocaryum tucuma","","1.7°C a 4.4°C","10b, 11a"
"astrocaryum_ulei","Astrocaryum ulei","","1.7°C a 4.4°C","10b, 11a"
"astrocaryum_urostachys","Astrocaryum urostachys","","1.7°C a 4.4°C","10b, 11a"
"astrocaryum_vulgare","Astrocaryum vulgare","Tucuma Palm","1.7°C a 4.4°C","10b, 11a"
"attalea_allenii","Attalea allenii","","1.7°C a 4.4°C","10b, 11a"
"attalea_amygdalina","Attalea amygdalina","","-3.9°C a -1.1°C","9b, 10a, 10b, 11a"
"attalea_amylacea","Attalea amylacea","","1.7°C a 4.4°C","10b, 11a"
"attalea_anisitsiana","Attalea anisitsiana","","1.7°C a 4.4°C","10b, 11a"
"attalea_apoda","Attalea apoda","","1.7°C a 4.4°C","10b, 11a"
"attalea_attaleoides","Attalea attaleoides","","1.7°C a 4.4°C","10b, 11a"
"attalea_barreirensis","Attalea barreirensis","","1.7°C a 4.4°C","10b, 11a"
"attalea_bassleriana","Attalea bassleriana","","1.7°C a 4.4°C","10b, 11a"
"attalea_blepharopus","Attalea blepharopus","","1.7°C a 4.4°C","10b, 11a"
"attalea_brasiliensis","Attalea brasiliensis","","1.7°C a 4.4°C","10b, 11a"
"attalea_brejinhoensis","Attalea brejinhoensis","","1.7°C a 4.4°C","10b, 11a"
"attalea_butyracea","Attalea butyracea","Yagua Palm","-1.1°C a 1.7°C","10a, 10b, 11a"
"attalea_camopiensis","Attalea camopiensis","","1.7°C a 4.4°C","10b, 11a"
"attalea_cephalotus","Attalea cephalotus","","1.7°C a 4.4°C","10b, 11a"
"attalea_cohune","Attalea cohune","Cohune palm","-3.9°C a -1.1°C","9b, 10a, 10b, 11a"
"attalea_colenda","Attalea colenda","","1.7°C a 4.4°C","10b, 11a"
"attalea_compta","Attalea compta","","1.7°C a 4.4°C","10b, 11a"
"attalea_crassispatha","Attalea crassispatha","Corossie Palm","1.7°C a 4.4°C","10b, 11a"
"attalea_cuatrecasana","Attalea cuatrecasana","","1.7°C a 4.4°C","10b, 11a"
"attalea_dahlgreniana","Attalea dahlgreniana","","1.7°C a 4.4°C","10b, 11a"
"attalea_degranvillei","Attalea degranvillei","","1.7°C a 4.4°C","10b, 11a"
"attalea_dubia","Attalea dubia","","-3.9°C a -1.1°C","9b, 10a, 10b, 11a"
"attalea_eichleri","Attalea eichleri","","1.7°C a 4.4°C","10b, 11a"
"attalea_exigua","Attalea exigua","","1.7°C a 4.4°C","10b, 11a"
"attalea_fairchildensis","Attalea fairchildensis","","1.7°C a 4.4°C","10b, 11a"
"attalea_funifera","Attalea funifera","Piassaba Palm","-1.1°C a 1.7°C","10a, 10b, 11a"
"attalea_geraensis","Attalea geraensis","","-3.9°C a -1.1°C","9b, 10a, 10b, 11a"
"attalea_guacuyule","Attalea guacuyule","","1.7°C a 4.4°C","10b, 11a"
"attalea_guianensis","Attalea guianensis","","1.7°C a 4.4°C","10b, 11a"
"attalea_hoehnei","Attalea hoehnei","","1.7°C a 4.4°C","10b, 11a"
"attalea_huebneri","Attalea huebneri","","1.7°C a 4.4°C","10b, 11a"
"attalea_humilis","Attalea humilis","","1.7°C a 4.4°C","10b, 11a"
"attalea_iguadummat","Attalea iguadummat","","1.7°C a 4.4°C","10b, 11a"
"attalea_insignis","Attalea insignis","","1.7°C a 4.4°C","10b, 11a"
"attalea_kewensis","Attalea kewensis","","1.7°C a 4.4°C","10b, 11a"
"attalea_lauromuelleriana","Attalea lauromuelleriana","","1.7°C a 4.4°C","10b, 11a"
"attalea_leandroana","Attalea leandroana","","1.7°C a 4.4°C","10b, 11a"
"attalea_luetzelburgii","Attalea luetzelburgii","","1.7°C a 4.4°C","10b, 11a"
"attalea_macrolepis","Attalea macrolepis","","1.7°C a 4.4°C","10b, 11a"
"attalea_magdalenica","Attalea magdalenica","","1.7°C a 4.4°C","10b, 11a"
"attalea_maracaibensis","Attalea maracaibensis","","1.7°C a 4.4°C","10b, 11a"
"attalea_maripa","Attalea maripa","Maripa Palm","-1.1°C a 1.7°C","10a, 10b, 11a"
"attalea_maripensis","Attalea maripensis","","1.7°C a 4.4°C","10b, 11a"
"attalea_microcarpa","Attalea microcarpa","","1.7°C a 4.4°C","10b, 11a"
"attalea_moorei","Attalea moorei","","1.7°C a 4.4°C","10b, 11a"
"attalea_nucifera","Attalea nucifera","","-3.9°C a -1.1°C","9b, 10a, 10b, 11a"
"attalea_oleifera","Attalea oleifera","","-1.1°C a 1.7°C","10a, 10b, 11a"
"attalea_osmantha","Attalea osmantha","","1.7°C a 4.4°C","10b, 11a"
"attalea_peruviana","Attalea peruviana","","1.7°C a 4.4°C","10b, 11a"
"attalea_phalerata","Attalea phalerata","Urucuri Palm","-1.1°C a 1.7°C","10a, 10b, 11a"
"attalea_pindobassu","Attalea pindobassu","","1.7°C a 4.4°C","10b, 11a"
"attalea_plowmanii","Attalea plowmanii","","1.7°C a 4.4°C","10b, 11a"
"attalea_princeps","Attalea princeps","","1.7°C a 4.4°C","10b, 11a"
"attalea_racemosa","Attalea racemosa","","1.7°C a 4.4°C","10b, 11a"
"attalea_rhynchocarpa","Attalea rhynchocarpa","","1.7°C a 4.4°C","10b, 11a"
"attalea_rostrata","Attalea rostrata","","-3.9°C a -1.1°C","9b, 10a, 10b, 11a"
"attalea_salazarii","Attalea salazarii","","1.7°C a 4.4°C","10b, 11a"
"attalea_salvadorensis","Attalea salvadorensis","","1.7°C a 4.4°C","10b, 11a"
"attalea_seabrensis","Attalea seabrensis","","1.7°C a 4.4°C","10b, 11a"
"attalea_septuagenata","Attalea septuagenata","","1.7°C a 4.4°C","10b, 11a"
"attalea_speciosa","Attalea speciosa","Cusi palm","1.7°C a 4.4°C","10b, 11a"
"attalea_spectabilis","Attalea spectabilis","","1.7°C a 4.4°C","10b, 11a"
"attalea_tessmannii","Attalea tessmannii","","1.7°C a 4.4°C","10b, 11a"
"attalea_vitrivir","Attalea vitrivir","","1.7°C a 4.4°C","10b, 11a"
"attalea_weberbaueri","Attalea weberbaueri","","1.7°C a 4.4°C","10b, 11a"
"attalea_wesselsboeri","Attalea wesselsboeri","","1.7°C a 4.4°C","10b, 11a"
"attalea_x_minarum","Attalea x minarum","","-1.1°C a 1.7°C","10a, 10b, 11a"
"attalea_x_piassabossu","Attalea x piassabossu","","-1.1°C a 1.7°C","10a, 10b, 11a"
"attalea_x_teixeirana","Attalea x teixeirana","","-1.1°C a 1.7°C","10a, 10b, 11a"
"attalea_x_voeksii","Attalea x voeksii","","-1.1°C a 1.7°C","10a, 10b, 11a"
"bactris_acanthocarpa_var_acanthocarpa","Bactris acanthocarpa var. acanthocarpa","","-1.1°C a 1.7°C","10a, 10b, 11a"
"bactris_acanthocarpa_var_exscapa","Bactris acanthocarpa var. exscapa","","-1.1°C a 1.7°C","10a, 10b, 11a"
"bactris_acanthocarpa_var_intermedia","Bactris acanthocarpa var. intermedia","","-1.1°C a 1.7°C","10a, 10b, 11a"
"bactris_acanthocarpa_var_trailiana","Bactris acanthocarpa var. trailiana","","-1.1°C a 1.7°C","10a, 10b, 11a"
"bactris_acanthocarpoides","Bactris acanthocarpoides","","-1.1°C a 1.7°C","10a, 10b, 11a"
"bactris_anajuliae","Bactris ana-juliae","","-1.1°C a 1.7°C","10a, 10b, 11a"
"bactris_aubletiana","Bactris aubletiana","","-1.1°C a 1.7°C","10a, 10b, 11a"
"bactris_bahiensis","Bactris bahiensis","","-1.1°C a 1.7°C","10a, 10b, 11a"
"bactris_balanophora","Bactris balanophora","","-1.1°C a 1.7°C","10a, 10b, 11a"
"bactris_barronis","Bactris barronis","","-1.1°C a 1.7°C","10a, 10b, 11a"
"bactris_bidentula","Bactris bidentula","","-1.1°C a 1.7°C","10a, 10b, 11a"
"bactris_bifida","Bactris bifida","","-1.1°C a 1.7°C","10a, 10b, 11a"
"bactris_brongniartii","Bactris brongniartii","Bango Palm","-1.1°C a 1.7°C","10a, 10b, 11a"
"bactris_campestris","Bactris campestris","","-1.1°C a 1.7°C","10a, 10b, 11a"
"bactris_caryotifolia","Bactris caryotifolia","Fish, tail Peach Palm","-1.1°C a 1.7°C","10a, 10b, 11a"
"bactris_caudata","Bactris caudata","","-1.1°C a 1.7°C","10a, 10b, 11a"
"bactris_charnleyae","Bactris charnleyae","","-1.1°C a 1.7°C","10a, 10b, 11a"
"bactris_chaveziae","Bactris chaveziae","","-1.1°C a 1.7°C","10a, 10b, 11a"
"bactris_chocoensis","Bactris chocoensis","","1.7°C a 4.4°C","10b, 11a"
"bactris_coloniata","Bactris coloniata","Uvito Palm","-1.1°C a 1.7°C","10a, 10b, 11a"
"bactris_coloradonis","Bactris coloradonis","","-1.1°C a 1.7°C","10a, 10b, 11a"
"bactris_concinna","Bactris concinna","","-1.1°C a 1.7°C","10a, 10b, 11a"
"bactris_constanciae","Bactris constanciae","","-1.1°C a 1.7°C","10a, 10b, 11a"
"bactris_corossilla","Bactris corossilla","","-1.1°C a 1.7°C","10a, 10b, 11a"
"bactris_cubensis","Bactris cubensis","","-1.1°C a 1.7°C","10a, 10b, 11a"
"bactris_cuspidata","Bactris cuspidata","","-1.1°C a 1.7°C","10a, 10b, 11a"
"bactris_dianeura","Bactris dianeura","","-1.1°C a 1.7°C","10a, 10b, 11a"
"bactris_elegans","Bactris elegans","","-1.1°C a 1.7°C","10a, 10b, 11a"
"bactris_faucium","Bactris faucium","","-1.1°C a 1.7°C","10a, 10b, 11a"
"bactris_ferruginea","Bactris ferruginea","","-1.1°C a 1.7°C","10a, 10b, 11a"
"bactris_fissifrons","Bactris fissifrons","","-1.1°C a 1.7°C","10a, 10b, 11a"
"bactris_gasipaes_var_chichagui","Bactris gasipaes var. chichagui","Chinamato Palm","-6.7°C a -3.9°C","9a, 9b, 10a, 10b, 11a"
"bactris_gasipaes_var_gasipaes","Bactris gasipaes var. gasipaes","Peach Palm","-1.1°C a 1.7°C","10a, 10b, 11a"
"bactris_gastoniana","Bactris gastoniana","","-1.1°C a 1.7°C","10a, 10b, 11a"
"bactris_glandulosa_var_baileyana","Bactris glandulosa var. baileyana","Bailey's Gold Palm","-1.1°C a 1.7°C","10a, 10b, 11a"
"bactris_glandulosa_var_glandulosa","Bactris glandulosa var. glandulosa","Gold Palm","-1.1°C a 1.7°C","10a, 10b, 11a"
"bactris_glassmanii","Bactris glassmanii","","-1.1°C a 1.7°C","10a, 10b, 11a"
"bactris_glaucescens","Bactris glaucescens","","-1.1°C a 1.7°C","10a, 10b, 11a"
"bactris_gracilior","Bactris gracilior","","-1.1°C a 1.7°C","10a, 10b, 11a"
"bactris_grayumii","Bactris grayumii","","-1.1°C a 1.7°C","10a, 10b, 11a"
"bactris_guineensis","Bactris guineensis","Coyolito Palm","-1.1°C a 1.7°C","10a, 10b, 11a"
"bactris_halmoorei","Bactris halmoorei","","-1.1°C a 1.7°C","10a, 10b, 11a"
"bactris_hatschbachii","Bactris hatschbachii","","-1.1°C a 1.7°C","10a, 10b, 11a"
"bactris_herrerana","Bactris herrerana","","-1.1°C a 1.7°C","10a, 10b, 11a"
"bactris_hirta_var_hirta","Bactris hirta var. hirta","","-1.1°C a 1.7°C","10a, 10b, 11a"
"bactris_hirta_var_jenmanii","Bactris hirta var. jenmanii","","-1.1°C a 1.7°C","10a, 10b, 11a"
"bactris_hirta_var_lakoi","Bactris hirta var. lakoi","","-1.1°C a 1.7°C","10a, 10b, 11a"
"bactris_hirta_var_pectinata","Bactris hirta var. pectinata","","-1.1°C a 1.7°C","10a, 10b, 11a"
"bactris_horridispatha","Bactris horridispatha","","-1.1°C a 1.7°C","10a, 10b, 11a"
"bactris_jamaicana","Bactris jamaicana","","-1.1°C a 1.7°C","10a, 10b, 11a"
"bactris_killipii","Bactris killipii","","-1.1°C a 1.7°C","10a, 10b, 11a"
"bactris_kunorum","Bactris kunorum","","-1.1°C a 1.7°C","10a, 10b, 11a"
"bactris_longiseta","Bactris longiseta","","-1.1°C a 1.7°C","10a, 10b, 11a"
"bactris_macroacantha","Bactris macroacantha","","-1.1°C a 1.7°C","10a, 10b, 11a"
"bactris_major_var_infesta","Bactris major var. infesta","","-1.1°C a 1.7°C","10a, 10b, 11a"
"bactris_major_var_major","Bactris major var. major","Lata Palm","-1.1°C a 1.7°C","10a, 10b, 11a"
"bactris_major_var_socialis","Bactris major var. socialis","","-1.1°C a 1.7°C","10a, 10b, 11a"
"bactris_manriquei","Bactris manriquei","","1.7°C a 4.4°C","10b, 11a"
"bactris_maraja_var_chaetospatha","Bactris maraja var. chaetospatha","","-3.9°C a -1.1°C","9b, 10a, 10b, 11a"
"bactris_maraja_var_juruensis","Bactris maraja var. juruensis","","1.7°C a 4.4°C","10b, 11a"
"bactris_maraja_var_maraja","Bactris maraja var. maraja","","-1.1°C a 1.7°C","10a, 10b, 11a"
"bactris_maraja_var_trichospatha","Bactris maraja var. trichospatha","","-1.1°C a 1.7°C","10a, 10b, 11a"
"bactris_martiana","Bactris martiana","","-1.1°C a 1.7°C","10a, 10b, 11a"
"bactris_mexicana_var_mexicana","Bactris mexicana var. mexicana","","-3.9°C a -1.1°C","9b, 10a, 10b, 11a"
"bactris_mexicana_var_trichophylla","Bactris mexicana var. trichophylla","","-1.1°C a 1.7°C","10a, 10b, 11a"
"bactris_militaris_var_militaris","Bactris militaris var. militaris","","-1.1°C a 1.7°C","10a, 10b, 11a"
"bactris_militaris_var_neomilitaris","Bactris militaris var. neomilitaris","","-1.1°C a 1.7°C","10a, 10b, 11a"
"bactris_nancibaensis","Bactris nancibaensis","","1.7°C a 4.4°C","10b, 11a"
"bactris_obovata","Bactris obovata","Tapir Palm","-1.1°C a 1.7°C","10a, 10b, 11a"
"bactris_oligocarpa","Bactris oligocarpa","","-1.1°C a 1.7°C","10a, 10b, 11a"
"bactris_oligoclada","Bactris oligoclada","","1.7°C a 4.4°C","10b, 11a"
"bactris_panamensis","Bactris panamensis","","-1.1°C a 1.7°C","10a, 10b, 11a"
"bactris_pickelii","Bactris pickelii","","-1.1°C a 1.7°C","10a, 10b, 11a"
"bactris_pilosa","Bactris pilosa","","-1.1°C a 1.7°C","10a, 10b, 11a"
"bactris_pliniana","Bactris pliniana","","-1.1°C a 1.7°C","10a, 10b, 11a"
"bactris_plumeriana","Bactris plumeriana","","-1.1°C a 1.7°C","10a, 10b, 11a"
"bactris_polystachya","Bactris polystachya","","-1.1°C a 1.7°C","10a, 10b, 11a"
"bactris_ptariana","Bactris ptariana","","-1.1°C a 1.7°C","10a, 10b, 11a"
"bactris_rhaphidacantha","Bactris rhaphidacantha","Tiwara Palm","-1.1°C a 1.7°C","10a, 10b, 11a"
"bactris_riparia","Bactris riparia","","-1.1°C a 1.7°C","10a, 10b, 11a"
"bactris_rostrata","Bactris rostrata","","-1.1°C a 1.7°C","10a, 10b, 11a"
"bactris_schultesii","Bactris schultesii","","-1.1°C a 1.7°C","10a, 10b, 11a"
"bactris_setiflora","Bactris setiflora","","-1.1°C a 1.7°C","10a, 10b, 11a"
"bactris_setosa","Bactris setosa","","-3.9°C a -1.1°C","9b, 10a, 10b, 11a"
"bactris_setulosa","Bactris setulosa","","-3.9°C a -1.1°C","9b, 10a, 10b, 11a"
"bactris_simplicifrons","Bactris simplicifrons","","-1.1°C a 1.7°C","10a, 10b, 11a"
"bactris_soeiroana","Bactris soeiroana","","-1.1°C a 1.7°C","10a, 10b, 11a"
"bactris_sphaerocarpa","Bactris sphaerocarpa","","-1.1°C a 1.7°C","10a, 10b, 11a"
"bactris_syagroides","Bactris syagroides","","-1.1°C a 1.7°C","10a, 10b, 11a"
"bactris_tefensis","Bactris tefensis","","-1.1°C a 1.7°C","10a, 10b, 11a"
"bactris_timbuiensis","Bactris timbuiensis","","-1.1°C a 1.7°C","10a, 10b, 11a"
"bactris_tomentosa","Bactris tomentosa","","-1.1°C a 1.7°C","10a, 10b, 11a"
"bactris_turbinocarpa","Bactris turbinocarpa","","-1.1°C a 1.7°C","10a, 10b, 11a"
"bactris_vulgaris","Bactris vulgaris","","-1.1°C a 1.7°C","10a, 10b, 11a"
"bactris_x_moorei","Bactris x moorei","","-1.1°C a 1.7°C","10a, 10b, 11a"
"balaka_diffusa","Balaka diffusa","","N/A",""
"balaka_insularis","Balaka insularis","","1.7°C a 4.4°C","10b, 11a"
"balaka_longirostris","Balaka longirostris","","N/A",""
"balaka_macrocarpa","Balaka macrocarpa","","N/A",""
"balaka_microcarpa","Balaka microcarpa","Spear Palm","-1.1°C a 1.7°C","10a, 10b, 11a"
"balaka_pauciflora","Balaka pauciflora","","N/A",""
"balaka_samoensis","Balaka samoensis","","N/A",""
"balaka_seemannii","Balaka seemannii","Seemann's Palm","-1.1°C a 1.7°C","10a, 10b, 11a"
"balaka_streptostachys","Balaka streptostachys","","N/A",""
"balaka_tahitensis","Balaka tahitensis","","N/A",""
"barcella_odora","Barcella odora","","N/A",""
"basselinia_deplanchei","Basselinia deplanchei","","-6.7°C a -3.9°C","9a, 9b, 10a, 10b, 11a"
"basselinia_eriostachys","Basselinia eriostachys","","-1.1°C a 1.7°C","10a, 10b, 11a"
"basselinia_favieri","Basselinia favieri","","N/A",""
"basselinia_glabrata","Basselinia glabrata","","N/A",""
"basselinia_gracilis","Basselinia gracilis","","-6.7°C a -3.9°C","9a, 9b, 10a, 10b, 11a"
"basselinia_humboldtiana","Basselinia humboldtiana","","N/A",""
"basselinia_iterata","Basselinia iterata","","N/A",""
"basselinia_moorei","Basselinia moorei","","-6.7°C a -3.9°C","9a, 9b, 10a, 10b, 11a"
"basselinia_pancheri","Basselinia pancheri","Black Basselinia","N/A",""
"basselinia_porphyrea","Basselinia porphyrea","","N/A",""
"basselinia_sordida","Basselinia sordida","","-6.7°C a -3.9°C","9a, 9b, 10a, 10b, 11a"
"basselinia_tomentosa","Basselinia tomentosa","","N/A",""
"basselinia_velutina","Basselinia velutina","","-3.9°C a -1.1°C","9b, 10a, 10b, 11a"
"basselinia_vestita","Basselinia vestita","","N/A",""
"beccariophoenix_alfredii","Beccariophoenix alfredii","High Plateau Coconut Palm","-6.7°C a -3.9°C","9a, 9b, 10a, 10b, 11a"
"beccariophoenix_fenestralis","Beccariophoenix fenestralis","Giant Window Palm","1.7°C a 4.4°C","10b, 11a"
"beccariophoenix_madagascariensis","Beccariophoenix madagascariensis","Giant Window Palm","-3.9°C a -1.1°C","9b, 10a, 10b, 11a"
"bentinckia_condapanna","Bentinckia condapanna","Lord Bentinck's Palm","1.7°C a 4.4°C","10b, 11a"
"bentinckia_nicobarica","Bentinckia nicobarica","Nicobar Palm","-1.1°C a 1.7°C","10a, 10b, 11a"
"bismarckia_nobilis_f_green","Bismarckia nobilis f.  Green","Green Bismarck Palm","-1.1°C a 1.7°C","10a, 10b, 11a"
"bismarckia_nobilis_sp_mayotte","Bismarckia nobilis sp. mayotte","Mayotte Bismarck Palm","1.7°C a 4.4°C","10b, 11a"
"bismarckia_nobilis_f_silver","Bismarckia nobilis f. Silver","Silver Bismarck Palm, Silver Bismarck Palm","-3.9°C a -1.1°C","9b, 10a, 10b, 11a"
"borassodendron_borneense","Borassodendron borneense","Borneo Giant Fan Palm","N/A",""
"borassodendron_machadonis","Borassodendron machadonis","Chang-hai Palm","N/A",""
"borassus_aethiopum","Borassus aethiopum","Palmyra palm","-3.9°C a -1.1°C","9b, 10a, 10b, 11a"
"borassus_akeassii","Borassus akeassii","Ake Assi's Palmyra Palm","-1.1°C a 1.7°C","10a, 10b, 11a"
"borassus_flabellifer","Borassus flabellifer","Lontar Palm","-1.1°C a 1.7°C","10a, 10b, 11a"
"borassus_heineanus","Borassus heineanus","","N/A",""
"borassus_madagascariensis","Borassus madagascariensis","Madagascar Palmyra Palm","-1.1°C a 1.7°C","10a, 10b, 11a"
"brahea_aculeata","Brahea aculeata","Sinaloa Hesper Palm","-6.7°C a -3.9°C","9a, 9b, 10a, 10b, 11a"
"brahea_armata","Brahea armata","Blue Hesper Palm","-9.4°C a -6.7°C","8b, 9a, 9b, 10a, 10b, 11a"
"brahea_armata_var_microcarpa","Brahea armata var. microcarpa","Brahea sp. New Silver","-9.4°C a -6.7°C","8b, 9a, 9b, 10a, 10b, 11a"
"brahea_brandegeei","Brahea brandegeei","","-6.7°C a -3.9°C","9a, 9b, 10a, 10b, 11a"
"brahea_calcarea","Brahea calcarea","White Rock Palm","-6.7°C a -3.9°C","9a, 9b, 10a, 10b, 11a"
"brahea_decumbens","Brahea decumbens","Mexican Dwarf Blue Palm","-9.4°C a -6.7°C","8b, 9a, 9b, 10a, 10b, 11a"
"brahea_dulcis","Brahea dulcis","Rock Palm","-9.4°C a -6.7°C","8b, 9a, 9b, 10a, 10b, 11a"
"brahea_dulcis_sp_blue","Brahea dulcis sp. blue","Blue Rock Palm","-9.4°C a -6.7°C","8b, 9a, 9b, 10a, 10b, 11a"
"brahea_edulis","Brahea edulis","Guadalupe Palm","-6.7°C a -3.9°C","9a, 9b, 10a, 10b, 11a"
"brahea_moorei","Brahea moorei","Dwarf Rock Palm","-9.4°C a -6.7°C","8b, 9a, 9b, 10a, 10b, 11a"
"brahea_pimo","Brahea pimo","","-6.7°C a -3.9°C","9a, 9b, 10a, 10b, 11a"
"brahea_salvadorensis","Brahea salvadorensis","Salvadorian Rock Palm","-6.7°C a -3.9°C","9a, 9b, 10a, 10b, 11a"
"brahea_sarukhanii","Brahea sarukhanii","Sarukhan's Hesper Palm","-12.2°C a -9.4°C","8a, 8b, 9a, 9b, 10a, 10b, 11a"
"brassiophoenix_drymophloeoides","Brassiophoenix drymophloeoides","","N/A",""
"brassiophoenix_schumannii","Brassiophoenix schumannii","","N/A",""
"burretiokentia_dumasii","Burretiokentia dumasii","","-1.1°C a 1.7°C","10a, 10b, 11a"
"burretiokentia_grandiflora","Burretiokentia grandiflora","","-1.1°C a 1.7°C","10a, 10b, 11a"
"burretiokentia_hapala","Burretiokentia hapala","Dreadlock Palm","-1.1°C a 1.7°C","10a, 10b, 11a"
"burretiokentia_koghiensis","Burretiokentia koghiensis","","-1.1°C a 1.7°C","10a, 10b, 11a"
"burretiokentia_vieillardii","Burretiokentia vieillardii","","-1.1°C a 1.7°C","10a, 10b, 11a"
"butia_archeri","Butia archeri","Dwarf Jelly Palm","-6.7°C a -3.9°C","9a, 9b, 10a, 10b, 11a"
"butia_campicola","Butia campicola","","-6.7°C a -3.9°C","9a, 9b, 10a, 10b, 11a"
"butia_capitata","Butia capitata","Jelly Palm","-15°C a -12.2°C","7b, 8a, 8b, 9a, 9b, 10a, 10b, 11a"
"butia_catarinensis","Butia catarinensis","Coastal Jelly Palm","-15°C a -12.2°C","7b, 8a, 8b, 9a, 9b, 10a, 10b, 11a"
"butia_eriospatha","Butia eriospatha","Woolly Jelly Palm","-15°C a -12.2°C","7b, 8a, 8b, 9a, 9b, 10a, 10b, 11a"
"butia_exilata","Butia exilata","","-3.9°C a -1.1°C","9b, 10a, 10b, 11a"
"butia_exospadix","Butia exospadix","","-6.7°C a -3.9°C","9a, 9b, 10a, 10b, 11a"
"butia_lallemantii","Butia lallemantii","","-6.7°C a -3.9°C","9a, 9b, 10a, 10b, 11a"
"butia_lepidotispatha","Butia lepidotispatha","","-3.9°C a -1.1°C","9b, 10a, 10b, 11a"
"butia_leptospatha","Butia leptospatha","","-6.7°C a -3.9°C","9a, 9b, 10a, 10b, 11a"
"butia_marmorii","Butia marmorii","","-6.7°C a -3.9°C","9a, 9b, 10a, 10b, 11a"
"butia_matogrossensis","Butia matogrossensis","","-3.9°C a -1.1°C","9b, 10a, 10b, 11a"
"butia_microspadix","Butia microspadix","Dwarf Wooly Jelly Palm","-6.7°C a -3.9°C","9a, 9b, 10a, 10b, 11a"
"butia_noblickii","Butia noblickii","","-3.9°C a -1.1°C","9b, 10a, 10b, 11a"
"butia_odorata","Butia odorata","Southern Jelly Palm","-15°C a -12.2°C","7b, 8a, 8b, 9a, 9b, 10a, 10b, 11a"
"butia_paraguayensis","Butia paraguayensis","Dwarf Yatay Palm","-9.4°C a -6.7°C","8b, 9a, 9b, 10a, 10b, 11a"
"butia_pubispatha","Butia pubispatha","","-3.9°C a -1.1°C","9b, 10a, 10b, 11a"
"butia_purpurascens","Butia purpurascens","Purple Yatay Palm","-9.4°C a -6.7°C","8b, 9a, 9b, 10a, 10b, 11a"
"butia_quaraimana","Butia quaraimana","","-3.9°C a -1.1°C","9b, 10a, 10b, 11a"
"butia_stolonifera","Butia stolonifera","","-6.7°C a -3.9°C","9a, 9b, 10a, 10b, 11a"
"butia_witeckii","Butia witeckii","","-15°C a -12.2°C","7b, 8a, 8b, 9a, 9b, 10a, 10b, 11a"
"butia_yatay","Butia yatay","Yatay Palm","-15°C a -12.2°C","7b, 8a, 8b, 9a, 9b, 10a, 10b, 11a"
"calamus_wuliangshanensis","Calamus wuliangshanensis","Wu, liang Mountain Rattan","-1.1°C a 1.7°C","10a, 10b, 11a"
"calamus_zebrinus","Calamus zebrinus","","-1.1°C a 1.7°C","10a, 10b, 11a"
"calamus_zeylanicus","Calamus zeylanicus","Ceylon Rattan","-1.1°C a 1.7°C","10a, 10b, 11a"
"calamus_zieckii","Calamus zieckii","","N/A",""
"calamus_zollingeri","Calamus zollingeri","","-1.1°C a 1.7°C","10a, 10b, 11a"
"calamus_zonatus","Calamus zonatus","","-1.1°C a 1.7°C","10a, 10b, 11a"
"calyptrocalyx_albertisianus","Calyptrocalyx albertisianus","Sunset Palm","N/A",""
"calyptrocalyx_amoenus","Calyptrocalyx amoenus","","N/A",""
"calyptrocalyx_arfakianus","Calyptrocalyx arfakianus","","N/A",""
"calyptrocalyx_awa","Calyptrocalyx awa","Awa Palm","N/A",""
"calyptrocalyx_caudiculatus","Calyptrocalyx caudiculatus","","N/A",""
"calyptrocalyx_doxanthus","Calyptrocalyx doxanthus","","N/A",""
"calyptrocalyx_elegans","Calyptrocalyx elegans","","N/A",""
"calyptrocalyx_flabellatus","Calyptrocalyx flabellatus","","N/A",""
"calyptrocalyx_forbesii","Calyptrocalyx forbesii","","N/A",""
"calyptrocalyx_geonomiformis","Calyptrocalyx geonomiformis","","N/A",""
"calyptrocalyx_hollrungii","Calyptrocalyx hollrungii","Hollrung's Palm","N/A",""
"calyptrocalyx_julianettii","Calyptrocalyx julianettii","","N/A",""
"calyptrocalyx_lauterbachianus","Calyptrocalyx lauterbachianus","","N/A",""
"calyptrocalyx_laxiflorus","Calyptrocalyx laxiflorus","","N/A",""
"calyptrocalyx_lepidotus","Calyptrocalyx lepidotus","","N/A",""
"calyptrocalyx_leptostachys","Calyptrocalyx leptostachys","","N/A",""
"calyptrocalyx_merrillianus","Calyptrocalyx merrillianus","","N/A",""
"calyptrocalyx_micholitzii","Calyptrocalyx micholitzii","Micholitz's Palm","N/A",""
"calyptrocalyx_multifidus","Calyptrocalyx multifidus","","N/A",""
"calyptrocalyx_pachystachys","Calyptrocalyx pachystachys","","N/A",""
"calyptrocalyx_pauciflorus","Calyptrocalyx pauciflorus","","N/A",""
"calyptrocalyx_polyphyllus","Calyptrocalyx polyphyllus","Flame Palm","N/A",""
"calyptrocalyx_pusillus","Calyptrocalyx pusillus","","N/A",""
"calyptrocalyx_sessiliflorus","Calyptrocalyx sessiliflorus","","N/A",""
"calyptrocalyx_spicatus","Calyptrocalyx spicatus","Maluku Kentia Palm","1.7°C a 4.4°C","10b, 11a"
"calyptrocalyx_yamutumene","Calyptrocalyx yamutumene","","N/A",""
"calyptrogyne_allenii_subsp_allenii","Calyptrogyne allenii subsp. allenii","","1.7°C a 4.4°C","10b, 11a"
"calyptrogyne_allenii_subsp_centralis","Calyptrogyne allenii subsp. centralis","","1.7°C a 4.4°C","10b, 11a"
"calyptrogyne_anomala","Calyptrogyne anomala","","1.7°C a 4.4°C","10b, 11a"
"calyptrogyne_baudensis","Calyptrogyne baudensis","","-1.1°C a 1.7°C","10a, 10b, 11a"
"calyptrogyne_coloradensis","Calyptrogyne coloradensis","","1.7°C a 4.4°C","10b, 11a"
"calyptrogyne_condensata","Calyptrogyne condensata","","1.7°C a 4.4°C","10b, 11a"
"calyptrogyne_costatifrons_subsp_costatifrons","Calyptrogyne costatifrons subsp. costatifrons","","1.7°C a 4.4°C","10b, 11a"
"calyptrogyne_costatifrons_subsp_dariensis","Calyptrogyne costatifrons subsp. dariensis","","1.7°C a 4.4°C","10b, 11a"
"calyptrogyne_costatifrons_subsp_occidentalis","Calyptrogyne costatifrons subsp. occidentalis","","1.7°C a 4.4°C","10b, 11a"
"calyptrogyne_deneversii","Calyptrogyne deneversii","","1.7°C a 4.4°C","10b, 11a"
"calyptrogyne_fortunensis","Calyptrogyne fortunensis","","1.7°C a 4.4°C","10b, 11a"
"calyptrogyne_ghiesbreghtiana_subsp_ghiesbreghtiana","Calyptrogyne ghiesbreghtiana subsp. ghiesbreghtiana","Vampire Palm","N/A",""
"calyptrogyne_ghiesbreghtiana_subsp_glauca","Calyptrogyne ghiesbreghtiana subsp. glauca","Vampire Palm","N/A",""
"calyptrogyne_ghiesbreghtiana_subsp_hondurensis","Calyptrogyne ghiesbreghtiana subsp. hondurensis","","N/A",""
"calyptrogyne_ghiesbreghtiana_subsp_spicigera","Calyptrogyne ghiesbreghtiana subsp. spicigera","","N/A",""
"calyptrogyne_herrerae","Calyptrogyne herrerae","","1.7°C a 4.4°C","10b, 11a"
"calyptrogyne_kunorum","Calyptrogyne kunorum","","1.7°C a 4.4°C","10b, 11a"
"calyptrogyne_osensis","Calyptrogyne osensis","","1.7°C a 4.4°C","10b, 11a"
"calyptrogyne_panamensis_subsp_centralis","Calyptrogyne panamensis subsp. centralis","","N/A",""
"calyptrogyne_panamensis_subsp_occidentalis","Calyptrogyne panamensis subsp. occidentalis","","N/A",""
"calyptrogyne_panamensis_subsp_panamensis","Calyptrogyne panamensis subsp. panamensis","","N/A",""
"calyptrogyne_panamensis_subsp_tutensis","Calyptrogyne panamensis subsp. tutensis","","N/A",""
"calyptrogyne_pubescens","Calyptrogyne pubescens","","1.7°C a 4.4°C","10b, 11a"
"calyptrogyne_sanblasensis","Calyptrogyne sanblasensis","","N/A",""
"calyptrogyne_trichostachys","Calyptrogyne trichostachys","","1.7°C a 4.4°C","10b, 11a"
"calyptrogyne_tutensis","Calyptrogyne tutensis","","N/A",""
"calyptronoma_occidentalis","Calyptronoma occidentalis","Manac Palm","1.7°C a 4.4°C","10b, 11a"
"calyptronoma_plumeriana","Calyptronoma plumeriana","Cuban Manac Palm","1.7°C a 4.4°C","10b, 11a"
"calyptronoma_rivalis","Calyptronoma rivalis","Puerto Rican Manac Palm","1.7°C a 4.4°C","10b, 11a"
"carpentaria_acuminata","Carpentaria acuminata","Carpentaria Palm","-1.1°C a 1.7°C","10a, 10b, 11a"
"carpoxylon_macrospermum","Carpoxylon macrospermum","Aneityum Palm","-1.1°C a 1.7°C","10a, 10b, 11a"
"caryota_albertii","Caryota albertii","Australian Fishtail Palm","-1.1°C a 1.7°C","10a, 10b, 11a"
"caryota_angustifolia","Caryota angustifolia","","-1.1°C a 1.7°C","10a, 10b, 11a"
"caryota_bacsonensis","Caryota bacsonensis","Bac Son Fishtail Palm","-1.1°C a 1.7°C","10a, 10b, 11a"
"caryota_cumingii","Caryota cumingii","Philippine Fishtail Palm","1.7°C a 4.4°C","10b, 11a"
"caryota_kiriwongensis","Caryota kiriwongensis","Kiriwong Fishtail Palm","-1.1°C a 1.7°C","10a, 10b, 11a"
"caryota_maxima","Caryota maxima","Mountain Fish Tail Palm","-1.1°C a 1.7°C","10a, 10b, 11a"
"caryota_maxima_sp_himalaya","Caryota maxima sp. himalaya","Mountain Fish Tail","-3.9°C a -1.1°C","9b, 10a, 10b, 11a"
"caryota_mitis","Caryota mitis","Clustered Fishtail Palm","-1.1°C a 1.7°C","10a, 10b, 11a"
"caryota_monostachya","Caryota monostachya","Dwarf Fishtail Palm","1.7°C a 4.4°C","10b, 11a"
"caryota_no","Caryota no","Borneo Fishtail Palm","1.7°C a 4.4°C","10b, 11a"
"caryota_obtusa","Caryota obtusa","Giant Fishtail Palm","-3.9°C a -1.1°C","9b, 10a, 10b, 11a"
"caryota_ochlandra","Caryota ochlandra","Chinese Fishtail Palm","-3.9°C a -1.1°C","9b, 10a, 10b, 11a"
"caryota_ophiopellis","Caryota ophiopellis","Snakeskin Fishtail Palm","1.7°C a 4.4°C","10b, 11a"
"caryota_rumphiana","Caryota rumphiana","New Guinea Fishtail Palm","1.7°C a 4.4°C","10b, 11a"
"caryota_sympetala","Caryota sympetala","Minature Fishtail Palm","1.7°C a 4.4°C","10b, 11a"
"caryota_urens","Caryota urens","Jaggery Palm","-1.1°C a 1.7°C","10a, 10b, 11a"
"caryota_zebrina","Caryota zebrina","Zebra Fishtail Palm","1.7°C a 4.4°C","10b, 11a"
"ceroxylon_alpinum","Ceroxylon alpinum","Andean Wax Palm","-6.7°C a -3.9°C","9a, 9b, 10a, 10b, 11a"
"ceroxylon_amazonicum","Ceroxylon amazonicum","Amazon Wax Palm","-1.1°C a 1.7°C","10a, 10b, 11a"
"ceroxylon_ceriferum","Ceroxylon ceriferum","Klopstockia Wax Palm","-12.2°C a -9.4°C","8a, 8b, 9a, 9b, 10a, 10b, 11a"
"ceroxylon_echinulatum","Ceroxylon echinulatum","Puembo Wax Palm","-6.7°C a -3.9°C","9a, 9b, 10a, 10b, 11a"
"ceroxylon_parvifrons","Ceroxylon parvifrons","Golden Wax Palm","-12.2°C a -9.4°C","8a, 8b, 9a, 9b, 10a, 10b, 11a"
"ceroxylon_parvum","Ceroxylon parvum","Dwarf Wax Palm","-3.9°C a -1.1°C","9b, 10a, 10b, 11a"
"ceroxylon_peruvianum","Ceroxylon peruvianum","Peruvian Wax Palm","-6.7°C a -3.9°C","9a, 9b, 10a, 10b, 11a"
"ceroxylon_pityrophyllum","Ceroxylon pityrophyllum","Large Anther Wax Palm","-12.2°C a -9.4°C","8a, 8b, 9a, 9b, 10a, 10b, 11a"
"ceroxylon_quindiuense","Ceroxylon quindiuense","Quindio Wax Palm","-9.4°C a -6.7°C","8b, 9a, 9b, 10a, 10b, 11a"
"ceroxylon_sasaimae","Ceroxylon sasaimae","Sasaima Wax Palm","-3.9°C a -1.1°C","9b, 10a, 10b, 11a"
"ceroxylon_ventricosum","Ceroxylon ventricosum","Ecuadorian Wax Palm","-9.4°C a -6.7°C","8b, 9a, 9b, 10a, 10b, 11a"
"ceroxylon_vogelianum","Ceroxylon vogelianum","Vogel Wax Palm","-9.4°C a -6.7°C","8b, 9a, 9b, 10a, 10b, 11a"
"chamaedorea_adscendens","Chamaedorea adscendens","Velvet Palm","-1.1°C a 1.7°C","10a, 10b, 11a"
"chamaedorea_allenii","Chamaedorea allenii","","-1.1°C a 1.7°C","10a, 10b, 11a"
"chamaedorea_alternans","Chamaedorea alternans","","-1.1°C a 1.7°C","10a, 10b, 11a"
"chamaedorea_amabilis","Chamaedorea amabilis","Lovely Palm","-1.1°C a 1.7°C","10a, 10b, 11a"
"chamaedorea_anemophila","Chamaedorea anemophila","","-1.1°C a 1.7°C","10a, 10b, 11a"
"chamaedorea_angustisecta","Chamaedorea angustisecta","","-1.1°C a 1.7°C","10a, 10b, 11a"
"chamaedorea_arenbergiana","Chamaedorea arenbergiana","","-6.7°C a -3.9°C","9a, 9b, 10a, 10b, 11a"
"chamaedorea_atrovirens","Chamaedorea atrovirens","","-1.1°C a 1.7°C","10a, 10b, 11a"
"chamaedorea_benziei","Chamaedorea benziei","","-1.1°C a 1.7°C","10a, 10b, 11a"
"chamaedorea_binderi","Chamaedorea binderi","","-1.1°C a 1.7°C","10a, 10b, 11a"
"chamaedorea_brachyclada","Chamaedorea brachyclada","","-3.9°C a -1.1°C","9b, 10a, 10b, 11a"
"chamaedorea_brachypoda","Chamaedorea brachypoda","","1.7°C a 4.4°C","10b, 11a"
"chamaedorea_carchensis","Chamaedorea carchensis","","-6.7°C a -3.9°C","9a, 9b, 10a, 10b, 11a"
"chamaedorea_castillomontii","Chamaedorea castillo-montii","","-1.1°C a 1.7°C","10a, 10b, 11a"
"chamaedorea_cataractarum","Chamaedorea cataractarum","Cascade Palm","-3.9°C a -1.1°C","9b, 10a, 10b, 11a"
"chamaedorea_christinae","Chamaedorea christinae","","-1.1°C a 1.7°C","10a, 10b, 11a"
"chamaedorea_correae","Chamaedorea correae","","-1.1°C a 1.7°C","10a, 10b, 11a"
"chamaedorea_costaricana","Chamaedorea costaricana","Costa Rica Bamboo Palm","-9.4°C a -6.7°C","8b, 9a, 9b, 10a, 10b, 11a"
"chamaedorea_crucensis","Chamaedorea crucensis","","-1.1°C a 1.7°C","10a, 10b, 11a"
"chamaedorea_dammeriana","Chamaedorea dammeriana","Sirik Palm","-1.1°C a 1.7°C","10a, 10b, 11a"
"chamaedorea_deckeriana","Chamaedorea deckeriana","","-1.1°C a 1.7°C","10a, 10b, 11a"
"chamaedorea_deneversiana","Chamaedorea deneversiana","","1.7°C a 4.4°C","10b, 11a"
"chamaedorea_elatior","Chamaedorea elatior","Climbing Chamaedorea","-3.9°C a -1.1°C","9b, 10a, 10b, 11a"
"chamaedorea_elegans","Chamaedorea elegans","Parlor Palm","-3.9°C a -1.1°C","9b, 10a, 10b, 11a"
"chamaedorea_ernestiaugusti","Chamaedorea ernesti-augusti","","-3.9°C a -1.1°C","9b, 10a, 10b, 11a"
"chamaedorea_falcifera","Chamaedorea falcifera","","-1.1°C a 1.7°C","10a, 10b, 11a"
"chamaedorea_foveata","Chamaedorea foveata","","-1.1°C a 1.7°C","10a, 10b, 11a"
"chamaedorea_fractiflexa","Chamaedorea fractiflexa","","-9.4°C a -6.7°C","8b, 9a, 9b, 10a, 10b, 11a"
"chamaedorea_fragrans","Chamaedorea fragrans","Sangapilla Palm","-1.1°C a 1.7°C","10a, 10b, 11a"
"chamaedorea_frondosa","Chamaedorea frondosa","","-1.1°C a 1.7°C","10a, 10b, 11a"
"chamaedorea_geonomiformis","Chamaedorea geonomiformis","","-1.1°C a 1.7°C","10a, 10b, 11a"
"chamaedorea_geonomiformis_var_tenella","Chamaedorea geonomiformis var. tenella","Necklace Palm","-1.1°C a 1.7°C","10a, 10b, 11a"
"chamaedorea_glaucifolia","Chamaedorea glaucifolia","Glaucous Parlour Palm","-3.9°C a -1.1°C","9b, 10a, 10b, 11a"
"chamaedorea_graminifolia","Chamaedorea graminifolia","","-3.9°C a -1.1°C","9b, 10a, 10b, 11a"
"chamaedorea_guntheriana","Chamaedorea guntheriana","","-1.1°C a 1.7°C","10a, 10b, 11a"
"chamaedorea_hodelii","Chamaedorea hodelii","","-1.1°C a 1.7°C","10a, 10b, 11a"
"chamaedorea_hooperiana","Chamaedorea hooperiana","Maya Palm","-3.9°C a -1.1°C","9b, 10a, 10b, 11a"
"chamaedorea_ibarrae","Chamaedorea ibarrae","","-9.4°C a -6.7°C","8b, 9a, 9b, 10a, 10b, 11a"
"chamaedorea_incrustata","Chamaedorea incrustata","","-1.1°C a 1.7°C","10a, 10b, 11a"
"chamaedorea_keelerorum","Chamaedorea keelerorum","","-9.4°C a -6.7°C","8b, 9a, 9b, 10a, 10b, 11a"
"chamaedorea_klotzschiana","Chamaedorea klotzschiana","Bow Tie Palm","-3.9°C a -1.1°C","9b, 10a, 10b, 11a"
"chamaedorea_lehmannii","Chamaedorea lehmannii","","-9.4°C a -6.7°C","8b, 9a, 9b, 10a, 10b, 11a"
"chamaedorea_liebmannii","Chamaedorea liebmannii","","-6.7°C a -3.9°C","9a, 9b, 10a, 10b, 11a"
"chamaedorea_linearis","Chamaedorea linearis","St. Pauls Cane Palm","-12.2°C a -9.4°C","8a, 8b, 9a, 9b, 10a, 10b, 11a"
"chamaedorea_lucidifrons","Chamaedorea lucidifrons","","1.7°C a 4.4°C","10b, 11a"
"chamaedorea_macrospadix","Chamaedorea macrospadix","","-3.9°C a -1.1°C","9b, 10a, 10b, 11a"
"chamaedorea_matae","Chamaedorea matae","","-1.1°C a 1.7°C","10a, 10b, 11a"
"chamaedorea_metallica","Chamaedorea metallica","Metallic palm","-3.9°C a -1.1°C","9b, 10a, 10b, 11a"
"chamaedorea_microphylla","Chamaedorea microphylla","","-1.1°C a 1.7°C","10a, 10b, 11a"
"chamaedorea_microspadix","Chamaedorea microspadix","Bamboo Palm","-6.7°C a -3.9°C","9a, 9b, 10a, 10b, 11a"
"chamaedorea_moliniana","Chamaedorea moliniana","","-1.1°C a 1.7°C","10a, 10b, 11a"
"chamaedorea_murriensis","Chamaedorea murriensis","","-3.9°C a -1.1°C","9b, 10a, 10b, 11a"
"chamaedorea_nationsiana","Chamaedorea nationsiana","","-1.1°C a 1.7°C","10a, 10b, 11a"
"chamaedorea_neurochlamys","Chamaedorea neurochlamys","","-1.1°C a 1.7°C","10a, 10b, 11a"
"chamaedorea_nubium","Chamaedorea nubium","","-9.4°C a -6.7°C","8b, 9a, 9b, 10a, 10b, 11a"
"chamaedorea_oblongata","Chamaedorea oblongata","","1.7°C a 4.4°C","10b, 11a"
"chamaedorea_oreophila","Chamaedorea oreophila","","-3.9°C a -1.1°C","9b, 10a, 10b, 11a"
"chamaedorea_pachecoana","Chamaedorea pachecoana","","-3.9°C a -1.1°C","9b, 10a, 10b, 11a"
"chamaedorea_palmeriana","Chamaedorea palmeriana","","-6.7°C a -3.9°C","9a, 9b, 10a, 10b, 11a"
"chamaedorea_parvifolia","Chamaedorea parvifolia","","-9.4°C a -6.7°C","8b, 9a, 9b, 10a, 10b, 11a"
"chamaedorea_parvisecta","Chamaedorea parvisecta","","-9.4°C a -6.7°C","8b, 9a, 9b, 10a, 10b, 11a"
"chamaedorea_pauciflora","Chamaedorea pauciflora","","1.7°C a 4.4°C","10b, 11a"
"chamaedorea_pedunculata","Chamaedorea pedunculata","","-1.1°C a 1.7°C","10a, 10b, 11a"
"chamaedorea_pinnatifrons","Chamaedorea pinnatifrons","","-9.4°C a -6.7°C","8b, 9a, 9b, 10a, 10b, 11a"
"chamaedorea_piscifolia","Chamaedorea piscifolia","","-1.1°C a 1.7°C","10a, 10b, 11a"
"chamaedorea_pittieri","Chamaedorea pittieri","","-6.7°C a -3.9°C","9a, 9b, 10a, 10b, 11a"
"chamaedorea_plumosa","Chamaedorea plumosa","","-3.9°C a -1.1°C","9b, 10a, 10b, 11a"
"chamaedorea_pochutlensis","Chamaedorea pochutlensis","","-9.4°C a -6.7°C","8b, 9a, 9b, 10a, 10b, 11a"
"chamaedorea_ponderosa","Chamaedorea ponderosa","","-1.1°C a 1.7°C","10a, 10b, 11a"
"chamaedorea_pumila","Chamaedorea pumila","","-3.9°C a -1.1°C","9b, 10a, 10b, 11a"
"chamaedorea_pygmaea","Chamaedorea pygmaea","","-6.7°C a -3.9°C","9a, 9b, 10a, 10b, 11a"
"chamaedorea_queroana","Chamaedorea queroana","","-3.9°C a -1.1°C","9b, 10a, 10b, 11a"
"chamaedorea_radicalis","Chamaedorea radicalis","Hardy Parlour Palm","-6.7°C a -3.9°C","9a, 9b, 10a, 10b, 11a"
"chamaedorea_recurvata","Chamaedorea recurvata","","-1.1°C a 1.7°C","10a, 10b, 11a"
"chamaedorea_rhizomatosa","Chamaedorea rhizomatosa","","-6.7°C a -3.9°C","9a, 9b, 10a, 10b, 11a"
"chamaedorea_ricardoi","Chamaedorea ricardoi","","-1.1°C a 1.7°C","10a, 10b, 11a"
"chamaedorea_rigida","Chamaedorea rigida","","-6.7°C a -3.9°C","9a, 9b, 10a, 10b, 11a"
"chamaedorea_robertii","Chamaedorea robertii","","-3.9°C a -1.1°C","9b, 10a, 10b, 11a"
"chamaedorea_rojasiana","Chamaedorea rojasiana","","-12.2°C a -9.4°C","8a, 8b, 9a, 9b, 10a, 10b, 11a"
"chamaedorea_rosibeliae","Chamaedorea rosibeliae","","-1.1°C a 1.7°C","10a, 10b, 11a"
"chamaedorea_rossteniorum","Chamaedorea rossteniorum","","-1.1°C a 1.7°C","10a, 10b, 11a"
"chamaedorea_sartorii","Chamaedorea sartorii","","-3.9°C a -1.1°C","9b, 10a, 10b, 11a"
"chamaedorea_scheryi","Chamaedorea scheryi","","-6.7°C a -3.9°C","9a, 9b, 10a, 10b, 11a"
"chamaedorea_schiedeana","Chamaedorea schiedeana","","-6.7°C a -3.9°C","9a, 9b, 10a, 10b, 11a"
"chamaedorea_schippii","Chamaedorea schippii","","-1.1°C a 1.7°C","10a, 10b, 11a"
"chamaedorea_seifrizii","Chamaedorea seifrizii","Seifriz Bamboo Palm","-1.1°C a 1.7°C","10a, 10b, 11a"
"chamaedorea_serpens","Chamaedorea serpens","","-1.1°C a 1.7°C","10a, 10b, 11a"
"chamaedorea_simplex","Chamaedorea simplex","","-3.9°C a -1.1°C","9b, 10a, 10b, 11a"
"chamaedorea_skutchii","Chamaedorea skutchii","","-1.1°C a 1.7°C","10a, 10b, 11a"
"chamaedorea_smithii","Chamaedorea smithii","","-1.1°C a 1.7°C","10a, 10b, 11a"
"chamaedorea_stenocarpa","Chamaedorea stenocarpa","Las Cruces Elfin Palm","-1.1°C a 1.7°C","10a, 10b, 11a"
"chamaedorea_stolonifera","Chamaedorea stolonifera","","-1.1°C a 1.7°C","10a, 10b, 11a"
"chamaedorea_stricta","Chamaedorea stricta","","-6.7°C a -3.9°C","9a, 9b, 10a, 10b, 11a"
"chamaedorea_subjectifolia","Chamaedorea subjectifolia","","-1.1°C a 1.7°C","10a, 10b, 11a"
"chamaedorea_tenerrima","Chamaedorea tenerrima","Flare Palm","-3.9°C a -1.1°C","9b, 10a, 10b, 11a"
"chamaedorea_tepejilote","Chamaedorea tepejilote","Pacaya Palm","-3.9°C a -1.1°C","9b, 10a, 10b, 11a"
"chamaedorea_tuerckheimii","Chamaedorea tuerckheimii","Potato, Chip Palm","-3.9°C a -1.1°C","9b, 10a, 10b, 11a"
"chamaedorea_undulatifolia","Chamaedorea undulatifolia","","-3.9°C a -1.1°C","9b, 10a, 10b, 11a"
"chamaedorea_verapazensis","Chamaedorea verapazensis","","-1.1°C a 1.7°C","10a, 10b, 11a"
"chamaedorea_verecunda","Chamaedorea verecunda","","-3.9°C a -1.1°C","9b, 10a, 10b, 11a"
"chamaedorea_volcanensis","Chamaedorea volcanensis","","-6.7°C a -3.9°C","9a, 9b, 10a, 10b, 11a"
"chamaedorea_vulgata","Chamaedorea vulgata","","-9.4°C a -6.7°C","8b, 9a, 9b, 10a, 10b, 11a"
"chamaedorea_warscewiczii","Chamaedorea warscewiczii","","1.7°C a 4.4°C","10b, 11a"
"chamaedorea_whitelockiana","Chamaedorea whitelockiana","","-6.7°C a -3.9°C","9a, 9b, 10a, 10b, 11a"
"chamaedorea_woodsoniana","Chamaedorea woodsoniana","","-6.7°C a -3.9°C","9a, 9b, 10a, 10b, 11a"
"chamaedorea_zamorae","Chamaedorea zamorae","","-1.1°C a 1.7°C","10a, 10b, 11a"
"chamaerops_humilis_var_argentea","Chamaerops humilis var. argentea","Blue Med. Fan Palm","-12.2°C a -9.4°C","8a, 8b, 9a, 9b, 10a, 10b, 11a"
"chamaerops_humilis_var_humilis","Chamaerops humilis var. humilis","Mediterranean Fan Palm","-9.4°C a -6.7°C","8b, 9a, 9b, 10a, 10b, 11a"
"chambeyronia_lepidota","Chambeyronia lepidota","Highland Red Leaf Palm","-6.7°C a -3.9°C","9a, 9b, 10a, 10b, 11a"
"chambeyronia_macrocarpa","Chambeyronia macrocarpa","Houailou Red Leaf Palm","-3.9°C a -1.1°C","9b, 10a, 10b, 11a"
"chelyocarpus_chuco","Chelyocarpus chuco","Round Leaf Palm","N/A",""
"chelyocarpus_dianeurus","Chelyocarpus dianeurus","","N/A",""
"chelyocarpus_repens","Chelyocarpus repens","","N/A",""
"chelyocarpus_ulei","Chelyocarpus ulei","","1.7°C a 4.4°C","10b, 11a"
"chuniophoenix_hainanensis","Chuniophoenix hainanensis","Hainan Fan Palm","-3.9°C a -1.1°C","9b, 10a, 10b, 11a"
"chuniophoenix_nana","Chuniophoenix nana","","-3.9°C a -1.1°C","9b, 10a, 10b, 11a"
"clinosperma_bracteale","Clinosperma bracteale","Red Coral Palm","1.7°C a 4.4°C","10b, 11a"
"clinosperma_lanuginosa","Clinosperma lanuginosa","","N/A",""
"clinosperma_macrocarpa","Clinosperma macrocarpa","","N/A",""
"clinosperma_vaginata","Clinosperma vaginata","","N/A",""
"clinostigma_carolinense","Clinostigma carolinense","","1.7°C a 4.4°C","10b, 11a"
"clinostigma_collegarum","Clinostigma collegarum","","1.7°C a 4.4°C","10b, 11a"
"clinostigma_exorrhizum","Clinostigma exorrhizum","","1.7°C a 4.4°C","10b, 11a"
"clinostigma_gronophyllum","Clinostigma gronophyllum","","1.7°C a 4.4°C","10b, 11a"
"clinostigma_haerestigma","Clinostigma haerestigma","","1.7°C a 4.4°C","10b, 11a"
"clinostigma_harlandii","Clinostigma harlandii","","1.7°C a 4.4°C","10b, 11a"
"clinostigma_onchorhynchum","Clinostigma onchorhynchum","","1.7°C a 4.4°C","10b, 11a"
"clinostigma_ponapense","Clinostigma ponapense","","1.7°C a 4.4°C","10b, 11a"
"clinostigma_samoense","Clinostigma samoense","","1.7°C a 4.4°C","10b, 11a"
"clinostigma_savoryanum","Clinostigma savoryanum","Bonin Islands Palm","-3.9°C a -1.1°C","9b, 10a, 10b, 11a"
"clinostigma_warburgii","Clinostigma warburgii","","1.7°C a 4.4°C","10b, 11a"
"coccothrinax_acunana","Coccothrinax acunana","","-1.1°C a 1.7°C","10a, 10b, 11a"
"coccothrinax_alexandri_subsp_alexandri","Coccothrinax alexandri subsp. alexandri","","-1.1°C a 1.7°C","10a, 10b, 11a"
"coccothrinax_alexandri_subsp_nitida","Coccothrinax alexandri subsp. nitida","","-1.1°C a 1.7°C","10a, 10b, 11a"
"coccothrinax_alta","Coccothrinax alta","","1.7°C a 4.4°C","10b, 11a"
"coccothrinax_argentata","Coccothrinax argentata","Silver Thatch Palm","-3.9°C a -1.1°C","9b, 10a, 10b, 11a"
"coccothrinax_argentea","Coccothrinax argentea","Hispaniola Silver Thatch Palm","-3.9°C a -1.1°C","9b, 10a, 10b, 11a"
"coccothrinax_baracoensis","Coccothrinax baracoensis","","-1.1°C a 1.7°C","10a, 10b, 11a"
"coccothrinax_barbadensis","Coccothrinax barbadensis","Puerto Rican Thatch Palm","-3.9°C a -1.1°C","9b, 10a, 10b, 11a"
"coccothrinax_bermudezii","Coccothrinax bermudezii","","-1.1°C a 1.7°C","10a, 10b, 11a"
"coccothrinax_borhidiana","Coccothrinax borhidiana","Borhidis Guano Palm","-3.9°C a -1.1°C","9b, 10a, 10b, 11a"
"coccothrinax_boschiana","Coccothrinax boschiana","","-1.1°C a 1.7°C","10a, 10b, 11a"
"coccothrinax_camagueyana","Coccothrinax camagueyana","","-1.1°C a 1.7°C","10a, 10b, 11a"
"coccothrinax_clarensis_subsp_brevifolia","Coccothrinax clarensis subsp. brevifolia","Santa Clara Silver Palm","-1.1°C a 1.7°C","10a, 10b, 11a"
"coccothrinax_clarensis_subsp_clarensis","Coccothrinax clarensis subsp. clarensis","","-1.1°C a 1.7°C","10a, 10b, 11a"
"coccothrinax_concolor","Coccothrinax concolor","Haitian Silver Palm","-1.1°C a 1.7°C","10a, 10b, 11a"
"coccothrinax_crinita_subsp_brevicrinis","Coccothrinax crinita subsp. brevicrinis","","-1.1°C a 1.7°C","10a, 10b, 11a"
"coccothrinax_crinita_subsp_crinita","Coccothrinax crinita subsp. crinita","Short Hair Old Man Palm","-3.9°C a -1.1°C","9b, 10a, 10b, 11a"
"coccothrinax_cupularis","Coccothrinax cupularis","","-1.1°C a 1.7°C","10a, 10b, 11a"
"coccothrinax_ekmanii","Coccothrinax ekmanii","","-1.1°C a 1.7°C","10a, 10b, 11a"
"coccothrinax_elegans","Coccothrinax elegans","","-1.1°C a 1.7°C","10a, 10b, 11a"
"coccothrinax_fagildei","Coccothrinax fagildei","","-1.1°C a 1.7°C","10a, 10b, 11a"
"coccothrinax_fragrans","Coccothrinax fragrans","Fragrant Cuban Thatch Palm","-1.1°C a 1.7°C","10a, 10b, 11a"
"coccothrinax_garciana","Coccothrinax garciana","","-1.1°C a 1.7°C","10a, 10b, 11a"
"coccothrinax_gracilis","Coccothrinax gracilis","Hispaniola Silver Palm","-3.9°C a -1.1°C","9b, 10a, 10b, 11a"
"coccothrinax_guantanamensis","Coccothrinax guantanamensis","","-1.1°C a 1.7°C","10a, 10b, 11a"
"coccothrinax_gundlachii","Coccothrinax gundlachii","","-1.1°C a 1.7°C","10a, 10b, 11a"
"coccothrinax_hioramii","Coccothrinax hioramii","","-1.1°C a 1.7°C","10a, 10b, 11a"
"coccothrinax_inaguensis","Coccothrinax inaguensis","","-1.1°C a 1.7°C","10a, 10b, 11a"
"coccothrinax_jamaicensis","Coccothrinax jamaicensis","","-1.1°C a 1.7°C","10a, 10b, 11a"
"coccothrinax_jimenezii","Coccothrinax jimenezii","","1.7°C a 4.4°C","10b, 11a"
"coccothrinax_leonis","Coccothrinax leonis","","-1.1°C a 1.7°C","10a, 10b, 11a"
"coccothrinax_littoralis","Coccothrinax littoralis","","-1.1°C a 1.7°C","10a, 10b, 11a"
"coccothrinax_macroglossa","Coccothrinax macroglossa","","-3.9°C a -1.1°C","9b, 10a, 10b, 11a"
"coccothrinax_microphylla","Coccothrinax microphylla","","-1.1°C a 1.7°C","10a, 10b, 11a"
"coccothrinax_miraguama_subsp_arenicola","Coccothrinax miraguama subsp. arenicola","","-1.1°C a 1.7°C","10a, 10b, 11a"
"coccothrinax_miraguama_subsp_havanensis","Coccothrinax miraguama subsp. havanensis","","-1.1°C a 1.7°C","10a, 10b, 11a"
"coccothrinax_miraguama_subsp_miraguama","Coccothrinax miraguama subsp. miraguama","Miraguama Palm","-3.9°C a -1.1°C","9b, 10a, 10b, 11a"
"coccothrinax_miraguama_subsp_roseocarpa","Coccothrinax miraguama subsp. roseocarpa","","-1.1°C a 1.7°C","10a, 10b, 11a"
"coccothrinax_moaensis","Coccothrinax moaensis","","-1.1°C a 1.7°C","10a, 10b, 11a"
"coccothrinax_montana","Coccothrinax montana","","-1.1°C a 1.7°C","10a, 10b, 11a"
"coccothrinax_munizii","Coccothrinax munizii","","-1.1°C a 1.7°C","10a, 10b, 11a"
"coccothrinax_muricata","Coccothrinax muricata","","-1.1°C a 1.7°C","10a, 10b, 11a"
"coccothrinax_nipensis","Coccothrinax nipensis","","-1.1°C a 1.7°C","10a, 10b, 11a"
"coccothrinax_orientalis","Coccothrinax orientalis","","-1.1°C a 1.7°C","10a, 10b, 11a"
"coccothrinax_pauciramosa","Coccothrinax pauciramosa","Yuraguana Palm","-1.1°C a 1.7°C","10a, 10b, 11a"
"coccothrinax_proctorii","Coccothrinax proctorii","Proctor's Silver Palm","-3.9°C a -1.1°C","9b, 10a, 10b, 11a"
"coccothrinax_pseudorigida","Coccothrinax pseudorigida","","-1.1°C a 1.7°C","10a, 10b, 11a"
"coccothrinax_pumila","Coccothrinax pumila","","-1.1°C a 1.7°C","10a, 10b, 11a"
"coccothrinax_readii","Coccothrinax readii","Mexican Silver Palm","-1.1°C a 1.7°C","10a, 10b, 11a"
"coccothrinax_rigida","Coccothrinax rigida","","-1.1°C a 1.7°C","10a, 10b, 11a"
"coccothrinax_salvatoris_subsp_loricata","Coccothrinax salvatoris subsp. loricata","","-1.1°C a 1.7°C","10a, 10b, 11a"
"coccothrinax_salvatoris_subsp_salvatoris","Coccothrinax salvatoris subsp. salvatoris","","-1.1°C a 1.7°C","10a, 10b, 11a"
"coccothrinax_saxicola","Coccothrinax saxicola","","-1.1°C a 1.7°C","10a, 10b, 11a"
"coccothrinax_scoparia","Coccothrinax scoparia","Highland Silver Palm","-1.1°C a 1.7°C","10a, 10b, 11a"
"coccothrinax_spissa","Coccothrinax spissa","Hispaniola Belly Palm","-3.9°C a -1.1°C","9b, 10a, 10b, 11a"
"coccothrinax_torrida","Coccothrinax torrida","","1.7°C a 4.4°C","10b, 11a"
"coccothrinax_trinitensis","Coccothrinax trinitensis","","-1.1°C a 1.7°C","10a, 10b, 11a"
"coccothrinax_victorini","Coccothrinax victorini","","-1.1°C a 1.7°C","10a, 10b, 11a"
"coccothrinax_yunquensis","Coccothrinax yunquensis","","-1.1°C a 1.7°C","10a, 10b, 11a"
"coccothrinax_yuraguana","Coccothrinax yuraguana","","-1.1°C a 1.7°C","10a, 10b, 11a"
"cocos_nucifera","Cocos nucifera","Coconut Palm","-1.1°C a 1.7°C","10a, 10b, 11a"
"colpothrinax_aphanopetala","Colpothrinax aphanopetala","","1.7°C a 4.4°C","10b, 11a"
"colpothrinax_cookii","Colpothrinax cookii","","1.7°C a 4.4°C","10b, 11a"
"colpothrinax_wrightii","Colpothrinax wrightii","Barrel Palm","1.7°C a 4.4°C","10b, 11a"
"copernicia_alba","Copernicia alba","Caranday Palm","-6.7°C a -3.9°C","9a, 9b, 10a, 10b, 11a"
"copernicia_baileyana","Copernicia baileyana","Yarey Palm","-1.1°C a 1.7°C","10a, 10b, 11a"
"copernicia_berteroana","Copernicia berteroana","","-1.1°C a 1.7°C","10a, 10b, 11a"
"copernicia_brittonorum","Copernicia brittonorum","","-1.1°C a 1.7°C","10a, 10b, 11a"
"copernicia_cowellii","Copernicia cowellii","Dwarf Jata Palm","-1.1°C a 1.7°C","10a, 10b, 11a"
"copernicia_curbeloi","Copernicia curbeloi","","-1.1°C a 1.7°C","10a, 10b, 11a"
"copernicia_curtissii","Copernicia curtissii","","-1.1°C a 1.7°C","10a, 10b, 11a"
"copernicia_ekmanii","Copernicia ekmanii","Ekman's Silver Palm","-1.1°C a 1.7°C","10a, 10b, 11a"
"copernicia_fallaensis","Copernicia fallaensis","Giant Yarey Palm","-3.9°C a -1.1°C","9b, 10a, 10b, 11a"
"copernicia_gigas","Copernicia gigas","","-1.1°C a 1.7°C","10a, 10b, 11a"
"copernicia_glabrescens_var_glabrescens","Copernicia glabrescens var. glabrescens","Guano Palm","-3.9°C a -1.1°C","9b, 10a, 10b, 11a"
"copernicia_glabrescens_var_ramosissima","Copernicia glabrescens var. ramosissima","","-1.1°C a 1.7°C","10a, 10b, 11a"
"copernicia_hospita","Copernicia hospita","","-3.9°C a -1.1°C","9b, 10a, 10b, 11a"
"copernicia_humicola","Copernicia humicola","","-1.1°C a 1.7°C","10a, 10b, 11a"
"copernicia_longiglossa","Copernicia longiglossa","","-1.1°C a 1.7°C","10a, 10b, 11a"
"copernicia_macroglossa","Copernicia macroglossa","Cuban Petticoat Palm","-1.1°C a 1.7°C","10a, 10b, 11a"
"copernicia_molineti","Copernicia molineti","","-1.1°C a 1.7°C","10a, 10b, 11a"
"copernicia_oxycalyx","Copernicia oxycalyx","","1.7°C a 4.4°C","10b, 11a"
"copernicia_prunifera","Copernicia prunifera","Carnauba Wax Palm","-3.9°C a -1.1°C","9b, 10a, 10b, 11a"
"copernicia_rigida","Copernicia rigida","Jata Palm","-1.1°C a 1.7°C","10a, 10b, 11a"
"copernicia_roigii","Copernicia roigii","","-1.1°C a 1.7°C","10a, 10b, 11a"
"copernicia_tectorum","Copernicia tectorum","","-1.1°C a 1.7°C","10a, 10b, 11a"
"copernicia_x_burretiana_c_hospita_x_c_macroglossa","Copernicia x burretiana (C. hospita x C. macroglossa)","","-1.1°C a 1.7°C","10a, 10b, 11a"
"copernicia_x_escarzana_c_hospita_x_c_macroglossa","Copernicia x escarzana (C. hospita x C. macroglossa)","","-1.1°C a 1.7°C","10a, 10b, 11a"
"copernicia_x_occidentalis_c_brittonanum_x_c_hospita","Copernicia x occidentalis (C. brittonanum x C. hospita)","","-1.1°C a 1.7°C","10a, 10b, 11a"
"copernicia_x_shaferi_c_cowellii_x_c_hospita","Copernicia x shaferi (C. cowellii x C. hospita)","","-1.1°C a 1.7°C","10a, 10b, 11a"
"copernicia_x_sueroana_c_hospita_x_c_rigida","Copernicia x sueroana (C. hospita x C. rigida)","","-1.1°C a 1.7°C","10a, 10b, 11a"
"copernicia_x_textilis_c_baileyana_x_c_hospita","Copernicia x textilis (C. baileyana x C. hospita)","","-1.1°C a 1.7°C","10a, 10b, 11a"
"copernicia_x_vespertilionum_c_gigas_x_c_rigida","Copernicia x vespertilionum (C. gigas x C. rigida)","","-1.1°C a 1.7°C","10a, 10b, 11a"
"copernicia_yarey_var_robusta","Copernicia yarey var. robusta","","-1.1°C a 1.7°C","10a, 10b, 11a"
"copernicia_yarey_var_yarey","Copernicia yarey var. yarey","","-1.1°C a 1.7°C","10a, 10b, 11a"
"corypha_lecomtei","Corypha lecomtei","Lecomte Palm","-1.1°C a 1.7°C","10a, 10b, 11a"
"corypha_microclada","Corypha microclada","","-1.1°C a 1.7°C","10a, 10b, 11a"
"corypha_taliera","Corypha taliera","Tali","1.7°C a 4.4°C","10b, 11a"
"corypha_umbraculifera","Corypha umbraculifera","Talipot Palm","-1.1°C a 1.7°C","10a, 10b, 11a"
"corypha_utan","Corypha utan","Buri Palm","-1.1°C a 1.7°C","10a, 10b, 11a"
"cryosophila_bartlettii","Cryosophila bartlettii","","1.7°C a 4.4°C","10b, 11a"
"cryosophila_cookii","Cryosophila cookii","","N/A",""
"cryosophila_grayumii","Cryosophila grayumii","","1.7°C a 4.4°C","10b, 11a"
"cryosophila_guagara","Cryosophila guagara","","1.7°C a 4.4°C","10b, 11a"
"cryosophila_kalbreyeri_subsp_cogolloi","Cryosophila kalbreyeri subsp. cogolloi","Barbasco Palm","1.7°C a 4.4°C","10b, 11a"
"cryosophila_kalbreyeri_subsp_kalbreyeri","Cryosophila kalbreyeri subsp. kalbreyeri","","1.7°C a 4.4°C","10b, 11a"
"cryosophila_macrocarpa","Cryosophila macrocarpa","","1.7°C a 4.4°C","10b, 11a"
"cryosophila_nana","Cryosophila nana","","1.7°C a 4.4°C","10b, 11a"
"cryosophila_stauracantha","Cryosophila stauracantha","Root Spine Palm","-3.9°C a -1.1°C","9b, 10a, 10b, 11a"
"cryosophila_warscewiczii","Cryosophila warscewiczii","","-3.9°C a -1.1°C","9b, 10a, 10b, 11a"
"cryosophila_williamsii","Cryosophila williamsii","","1.7°C a 4.4°C","10b, 11a"
"cyphokentia_cerifera","Cyphokentia cerifera","","-3.9°C a -1.1°C","9b, 10a, 10b, 11a"
"cyphokentia_macrostachya","Cyphokentia macrostachya","","-1.1°C a 1.7°C","10a, 10b, 11a"
"cyphophoenix_alba","Cyphophoenix alba","","N/A",""
"cyphophoenix_elegans","Cyphophoenix elegans","","N/A",""
"cyphophoenix_fulcita","Cyphophoenix fulcita","New Caledonian Stilt Root Palm","N/A",""
"cyphophoenix_nucele","Cyphophoenix nucele","Lifou Palm","-1.1°C a 1.7°C","10a, 10b, 11a"
"cyphosperma_balansae","Cyphosperma balansae","","N/A",""
"cyphosperma_naboutinense","Cyphosperma naboutinense","","-1.1°C a 1.7°C","10a, 10b, 11a"
"cyphosperma_tanga","Cyphosperma tanga","Taqwa Palm","N/A",""
"cyphosperma_trichospadix","Cyphosperma trichospadix","","N/A",""
"cyphosperma_voutmelense","Cyphosperma voutmelense","","N/A",""
"cyrtostachys_bakeri","Cyrtostachys bakeri","","N/A",""
"cyrtostachys_barbata","Cyrtostachys barbata","","N/A",""
"cyrtostachys_elegans","Cyrtostachys elegans","","N/A",""
"cyrtostachys_excelsa","Cyrtostachys excelsa","","1.7°C a 4.4°C","10b, 11a"
"cyrtostachys_glauca","Cyrtostachys glauca","","N/A",""
"cyrtostachys_loriae","Cyrtostachys loriae","","N/A",""
"cyrtostachys_renda","Cyrtostachys renda","Sealing Wax Palm","N/A",""
"deckenia_nobilis","Deckenia nobilis","","N/A",""
"desmoncus_chinantlensis","Desmoncus chinantlensis","","N/A",""
"desmoncus_cirrhiferus","Desmoncus cirrhiferus","","-1.1°C a 1.7°C","10a, 10b, 11a"
"desmoncus_costaricensis","Desmoncus costaricensis","","N/A",""
"desmoncus_giganteus","Desmoncus giganteus","","N/A",""
"desmoncus_horridus_subsp_apureanus","Desmoncus horridus subsp. apureanus","","1.7°C a 4.4°C","10b, 11a"
"desmoncus_horridus_subsp_horridus","Desmoncus horridus subsp. horridus","","N/A",""
"desmoncus_horridus_subsp_occidentalis","Desmoncus horridus subsp. occidentalis","","N/A",""
"desmoncus_horridus_subsp_palustris","Desmoncus horridus subsp. palustris","","N/A",""
"desmoncus_horridus_subsp_prostratus","Desmoncus horridus subsp. prostratus","","N/A",""
"desmoncus_interjectus","Desmoncus interjectus","","N/A",""
"desmoncus_kunarius","Desmoncus kunarius","","1.7°C a 4.4°C","10b, 11a"
"desmoncus_latisectus","Desmoncus latisectus","","1.7°C a 4.4°C","10b, 11a"
"desmoncus_leptoclonos","Desmoncus leptoclonos","","-1.1°C a 1.7°C","10a, 10b, 11a"
"desmoncus_loretanus","Desmoncus loretanus","","N/A",""
"desmoncus_madrensis","Desmoncus madrensis","","1.7°C a 4.4°C","10b, 11a"
"desmoncus_mitis_subsp_ecirratus","Desmoncus mitis subsp. ecirratus","","1.7°C a 4.4°C","10b, 11a"
"desmoncus_mitis_subsp_leptospadix","Desmoncus mitis subsp. leptospadix","","N/A",""
"desmoncus_mitis_subsp_mitis","Desmoncus mitis subsp. mitis","","N/A",""
"desmoncus_mitis_subsp_rurrenabaquensis","Desmoncus mitis subsp. rurrenabaquensis","","-1.1°C a 1.7°C","10a, 10b, 11a"
"desmoncus_moorei","Desmoncus moorei","","-1.1°C a 1.7°C","10a, 10b, 11a"
"desmoncus_myriacanthos","Desmoncus myriacanthos","","N/A",""
"desmoncus_obovoideus","Desmoncus obovoideus","","1.7°C a 4.4°C","10b, 11a"
"desmoncus_orthacanthos","Desmoncus orthacanthos","Climbing Palm","-1.1°C a 1.7°C","10a, 10b, 11a"
"desmoncus_osensis","Desmoncus osensis","","1.7°C a 4.4°C","10b, 11a"
"desmoncus_parvulus","Desmoncus parvulus","","1.7°C a 4.4°C","10b, 11a"
"desmoncus_polyacanthos","Desmoncus polyacanthos","","-1.1°C a 1.7°C","10a, 10b, 11a"
"desmoncus_prunifer","Desmoncus prunifer","","N/A",""
"desmoncus_pumilus","Desmoncus pumilus","","N/A",""
"desmoncus_setosus","Desmoncus setosus","","N/A",""
"desmoncus_stans","Desmoncus stans","","-1.1°C a 1.7°C","10a, 10b, 11a"
"desmoncus_vacivus","Desmoncus vacivus","","N/A",""
"dictyocaryum_fuscum","Dictyocaryum fuscum","","1.7°C a 4.4°C","10b, 11a"
"dictyocaryum_lamarckianum","Dictyocaryum lamarckianum","Andean Royal Palm","-3.9°C a -1.1°C","9b, 10a, 10b, 11a"
"dictyocaryum_ptarianum","Dictyocaryum ptarianum","","1.7°C a 4.4°C","10b, 11a"
"dictyosperma_album_var_album","Dictyosperma album var. album","Hurricane Palm","1.7°C a 4.4°C","10b, 11a"
"dictyosperma_album_var_aureum","Dictyosperma album var. aureum","Rodrigues Hurricane Palm","-3.9°C a -1.1°C","9b, 10a, 10b, 11a"
"dictyosperma_album_var_conjugatum","Dictyosperma album var. conjugatum","Round Island Hurricane Palm","-3.9°C a -1.1°C","9b, 10a, 10b, 11a"
"dransfieldia_micrantha","Dransfieldia micrantha","","-1.1°C a 1.7°C","10a, 10b, 11a"
"drymophloeus_litigiosus","Drymophloeus litigiosus","Beguine Palm","1.7°C a 4.4°C","10b, 11a"
"drymophloeus_oliviformis","Drymophloeus oliviformis","Sumulid Palm","1.7°C a 4.4°C","10b, 11a"
"drymophloeus_whitmeeanus","Drymophloeus whitmeeanus","","1.7°C a 4.4°C","10b, 11a"
"dypsis_acaulis","Dypsis acaulis","","-1.1°C a 1.7°C","10a, 10b, 11a"
"dypsis_acuminum","Dypsis acuminum","","-6.7°C a -3.9°C","9a, 9b, 10a, 10b, 11a"
"dypsis_albofarinosa","Dypsis albofarinosa","White Powder Palm","-6.7°C a -3.9°C","9a, 9b, 10a, 10b, 11a"
"dypsis_ambanjae","Dypsis ambanjae","","-1.1°C a 1.7°C","10a, 10b, 11a"
"dypsis_ambilaensis","Dypsis ambilaensis","","-1.1°C a 1.7°C","10a, 10b, 11a"
"dypsis_ambositrae","Dypsis ambositrae","Ambositra Palm","-6.7°C a -3.9°C","9a, 9b, 10a, 10b, 11a"
"dypsis_ampasindavae","Dypsis ampasindavae","","-1.1°C a 1.7°C","10a, 10b, 11a"
"dypsis_andapae","Dypsis andapae","","-6.7°C a -3.9°C","9a, 9b, 10a, 10b, 11a"
"dypsis_andilamenensis","Dypsis andilamenensis","","-3.9°C a -1.1°C","9b, 10a, 10b, 11a"
"dypsis_andrianatonga","Dypsis andrianatonga","","-6.7°C a -3.9°C","9a, 9b, 10a, 10b, 11a"
"dypsis_angusta","Dypsis angusta","","-1.1°C a 1.7°C","10a, 10b, 11a"
"dypsis_angustifolia","Dypsis angustifolia","","-1.1°C a 1.7°C","10a, 10b, 11a"
"dypsis_anjae","Dypsis anjae","","-1.1°C a 1.7°C","10a, 10b, 11a"
"dypsis_ankaizinensis","Dypsis ankaizinensis","","-6.7°C a -3.9°C","9a, 9b, 10a, 10b, 11a"
"dypsis_ankirindro","Dypsis ankirindro","","-6.7°C a -3.9°C","9a, 9b, 10a, 10b, 11a"
"dypsis_antanambensis","Dypsis antanambensis","","-1.1°C a 1.7°C","10a, 10b, 11a"
"dypsis_aquatilis","Dypsis aquatilis","","-1.1°C a 1.7°C","10a, 10b, 11a"
"dypsis_arenarum","Dypsis arenarum","Sand Palm","-1.1°C a 1.7°C","10a, 10b, 11a"
"dypsis_baronii","Dypsis baronii","Sugar Cane Palm","-3.9°C a -1.1°C","9b, 10a, 10b, 11a"
"dypsis_basilonga","Dypsis basilonga","","-1.1°C a 1.7°C","10a, 10b, 11a"
"dypsis_beentjei","Dypsis beentjei","","-1.1°C a 1.7°C","10a, 10b, 11a"
"dypsis_bejofo","Dypsis bejofo","Brain Seed Palm","-1.1°C a 1.7°C","10a, 10b, 11a"
"dypsis_bernieriana","Dypsis bernieriana","","-3.9°C a -1.1°C","9b, 10a, 10b, 11a"
"dypsis_betamponensis","Dypsis betamponensis","","-1.1°C a 1.7°C","10a, 10b, 11a"
"dypsis_betsimisarakae","Dypsis betsimisarakae","","1.7°C a 4.4°C","10b, 11a"
"dypsis_boiviniana","Dypsis boiviniana","Talanoka Palm","-1.1°C a 1.7°C","10a, 10b, 11a"
"dypsis_bonsai","Dypsis bonsai","Bonsai Palm","-6.7°C a -3.9°C","9a, 9b, 10a, 10b, 11a"
"dypsis_bosseri","Dypsis bosseri","","-1.1°C a 1.7°C","10a, 10b, 11a"
"dypsis_brevicaulis","Dypsis brevicaulis","","-3.9°C a -1.1°C","9b, 10a, 10b, 11a"
"dypsis_brittiana","Dypsis brittiana","","1.7°C a 4.4°C","10b, 11a"
"dypsis_cabadae","Dypsis cabadae","Cabada Palm","-1.1°C a 1.7°C","10a, 10b, 11a"
"dypsis_canaliculata","Dypsis canaliculata","","-1.1°C a 1.7°C","10a, 10b, 11a"
"dypsis_canescens","Dypsis canescens","","-1.1°C a 1.7°C","10a, 10b, 11a"
"dypsis_carlsmithii","Dypsis carlsmithii","Stumpy Palm","1.7°C a 4.4°C","10b, 11a"
"dypsis_catatiana","Dypsis catatiana","Catat's Palm","-9.4°C a -6.7°C","8b, 9a, 9b, 10a, 10b, 11a"
"dypsis_caudata","Dypsis caudata","","-1.1°C a 1.7°C","10a, 10b, 11a"
"dypsis_ceracea","Dypsis ceracea","","-1.1°C a 1.7°C","10a, 10b, 11a"
"dypsis_commersoniana","Dypsis commersoniana","","-1.1°C a 1.7°C","10a, 10b, 11a"
"dypsis_concinna","Dypsis concinna","","-6.7°C a -3.9°C","9a, 9b, 10a, 10b, 11a"
"dypsis_confusa","Dypsis confusa","Tsikara Palm","-1.1°C a 1.7°C","10a, 10b, 11a"
"dypsis_cookei","Dypsis cookei","","-3.9°C a -1.1°C","9b, 10a, 10b, 11a"
"dypsis_coriacea","Dypsis coriacea","","-1.1°C a 1.7°C","10a, 10b, 11a"
"dypsis_corniculata","Dypsis corniculata","","-1.1°C a 1.7°C","10a, 10b, 11a"
"dypsis_coursii","Dypsis coursii","","-6.7°C a -3.9°C","9a, 9b, 10a, 10b, 11a"
"dypsis_crinita","Dypsis crinita","Vonitra Palm","-1.1°C a 1.7°C","10a, 10b, 11a"
"dypsis_culminis","Dypsis culminis","","-1.1°C a 1.7°C","10a, 10b, 11a"
"dypsis_curtisii","Dypsis curtisii","","-6.7°C a -3.9°C","9a, 9b, 10a, 10b, 11a"
"dypsis_decaryi","Dypsis decaryi","Triangle Palm","-1.1°C a 1.7°C","10a, 10b, 11a"
"dypsis_decipiens","Dypsis decipiens","Manambe Palm","-9.4°C a -6.7°C","8b, 9a, 9b, 10a, 10b, 11a"
"dypsis_delicatula","Dypsis delicatula","","-1.1°C a 1.7°C","10a, 10b, 11a"
"dypsis_digitata","Dypsis digitata","","-1.1°C a 1.7°C","10a, 10b, 11a"
"dypsis_dracaenoides","Dypsis dracaenoides","","1.7°C a 4.4°C","10b, 11a"
"dypsis_dransfieldii","Dypsis dransfieldii","","-1.1°C a 1.7°C","10a, 10b, 11a"
"dypsis_elegans","Dypsis elegans","","-1.1°C a 1.7°C","10a, 10b, 11a"
"dypsis_eriostachys","Dypsis eriostachys","Silk Palm","-1.1°C a 1.7°C","10a, 10b, 11a"
"dypsis_faneva","Dypsis faneva","","-1.1°C a 1.7°C","10a, 10b, 11a"
"dypsis_fanjana","Dypsis fanjana","","-1.1°C a 1.7°C","10a, 10b, 11a"
"dypsis_fasciculata","Dypsis fasciculata","","-1.1°C a 1.7°C","10a, 10b, 11a"
"dypsis_fibrosa","Dypsis fibrosa","Mountain Vonitra Palm","-3.9°C a -1.1°C","9b, 10a, 10b, 11a"
"dypsis_forficifolia","Dypsis forficifolia","","-1.1°C a 1.7°C","10a, 10b, 11a"
"dypsis_furcata","Dypsis furcata","","-1.1°C a 1.7°C","10a, 10b, 11a"
"dypsis_gautieri","Dypsis gautieri","","-3.9°C a -1.1°C","9b, 10a, 10b, 11a"
"dypsis_glabrescens","Dypsis glabrescens","","-1.1°C a 1.7°C","10a, 10b, 11a"
"dypsis_gronophyllum","Dypsis gronophyllum","","-1.1°C a 1.7°C","10a, 10b, 11a"
"dypsis_henrici","Dypsis henrici","","-1.1°C a 1.7°C","10a, 10b, 11a"
"dypsis_heteromorpha","Dypsis heteromorpha","","-9.4°C a -6.7°C","8b, 9a, 9b, 10a, 10b, 11a"
"dypsis_heterophylla","Dypsis heterophylla","","-6.7°C a -3.9°C","9a, 9b, 10a, 10b, 11a"
"dypsis_hiarakae","Dypsis hiarakae","Sinkiara Palm","-1.1°C a 1.7°C","10a, 10b, 11a"
"dypsis_hildebrandtii","Dypsis hildebrandtii","","-3.9°C a -1.1°C","9b, 10a, 10b, 11a"
"dypsis_hovomantsina","Dypsis hovomantsina","Hovomantsina Palm","-1.1°C a 1.7°C","10a, 10b, 11a"
"dypsis_humbertii","Dypsis humbertii","","-1.1°C a 1.7°C","10a, 10b, 11a"
"dypsis_humblotiana","Dypsis humblotiana","","-1.1°C a 1.7°C","10a, 10b, 11a"
"dypsis_humilis","Dypsis humilis","","1.7°C a 4.4°C","10b, 11a"
"dypsis_ifanadianae","Dypsis ifanadianae","","-1.1°C a 1.7°C","10a, 10b, 11a"
"dypsis_integra","Dypsis integra","","-1.1°C a 1.7°C","10a, 10b, 11a"
"dypsis_intermedia","Dypsis intermedia","","-1.1°C a 1.7°C","10a, 10b, 11a"
"dypsis_interrupta","Dypsis interrupta","","-1.1°C a 1.7°C","10a, 10b, 11a"
"dypsis_jeremiei","Dypsis jeremiei","","-3.9°C a -1.1°C","9b, 10a, 10b, 11a"
"dypsis_jumelleana","Dypsis jumelleana","","-3.9°C a -1.1°C","9b, 10a, 10b, 11a"
"dypsis_laevis","Dypsis laevis","","-1.1°C a 1.7°C","10a, 10b, 11a"
"dypsis_lanceolata","Dypsis lanceolata","Ivovowo Palm","-1.1°C a 1.7°C","10a, 10b, 11a"
"dypsis_lantzeana","Dypsis lantzeana","","-1.1°C a 1.7°C","10a, 10b, 11a"
"dypsis_lanuginosa","Dypsis lanuginosa","","-1.1°C a 1.7°C","10a, 10b, 11a"
"dypsis_lastelliana","Dypsis lastelliana","Red Neck Palm","-1.1°C a 1.7°C","10a, 10b, 11a"
"dypsis_leptocheilos","Dypsis leptocheilos","Teddy Bear Palm","-1.1°C a 1.7°C","10a, 10b, 11a"
"dypsis_leucomalla","Dypsis leucomalla","White petiole dypsis","-3.9°C a -1.1°C","9b, 10a, 10b, 11a"
"dypsis_ligulata","Dypsis ligulata","","-1.1°C a 1.7°C","10a, 10b, 11a"
"dypsis_lilacina","Dypsis lilacina","","-1.1°C a 1.7°C","10a, 10b, 11a"
"dypsis_linearis","Dypsis linearis","","-6.7°C a -3.9°C","9a, 9b, 10a, 10b, 11a"
"dypsis_lokohensis","Dypsis lokohensis","","-3.9°C a -1.1°C","9b, 10a, 10b, 11a"
"dypsis_louvelii","Dypsis louvelii","","-3.9°C a -1.1°C","9b, 10a, 10b, 11a"
"dypsis_lucens","Dypsis lucens","","-1.1°C a 1.7°C","10a, 10b, 11a"
"dypsis_lutea","Dypsis lutea","","-3.9°C a -1.1°C","9b, 10a, 10b, 11a"
"dypsis_lutescens","Dypsis lutescens","Golden Cane Palm","-1.1°C a 1.7°C","10a, 10b, 11a"
"dypsis_madagascariensis","Dypsis madagascariensis","Lucuba Palm","-1.1°C a 1.7°C","10a, 10b, 11a"
"dypsis_mahia","Dypsis mahia","","-1.1°C a 1.7°C","10a, 10b, 11a"
"dypsis_makirae","Dypsis makirae","","-6.7°C a -3.9°C","9a, 9b, 10a, 10b, 11a"
"dypsis_malcomberi","Dypsis malcomberi","Malcomber palm","-3.9°C a -1.1°C","9b, 10a, 10b, 11a"
"dypsis_mananjarensis","Dypsis mananjarensis","Mealy Bug Palm","-1.1°C a 1.7°C","10a, 10b, 11a"
"dypsis_mangorensis","Dypsis mangorensis","","-1.1°C a 1.7°C","10a, 10b, 11a"
"dypsis_marojejyi","Dypsis marojejyi","Madagascar Foxtail Palm","-3.9°C a -1.1°C","9b, 10a, 10b, 11a"
"dypsis_mcdonaldiana","Dypsis mcdonaldiana","McDonalds Palm","-6.7°C a -3.9°C","9a, 9b, 10a, 10b, 11a"
"dypsis_metallica","Dypsis metallica","","N/A",""
"dypsis_minuta","Dypsis minuta","","-1.1°C a 1.7°C","10a, 10b, 11a"
"dypsis_mirabilis","Dypsis mirabilis","","-1.1°C a 1.7°C","10a, 10b, 11a"
"dypsis_mocquerysiana","Dypsis mocquerysiana","","-1.1°C a 1.7°C","10a, 10b, 11a"
"dypsis_monostachya","Dypsis monostachya","","-1.1°C a 1.7°C","10a, 10b, 11a"
"dypsis_montana","Dypsis montana","","-6.7°C a -3.9°C","9a, 9b, 10a, 10b, 11a"
"dypsis_moorei","Dypsis moorei","","-1.1°C a 1.7°C","10a, 10b, 11a"
"dypsis_nauseosa","Dypsis nauseosa","","-1.1°C a 1.7°C","10a, 10b, 11a"
"dypsis_nodifera","Dypsis nodifera","Ovana Palm","-6.7°C a -3.9°C","9a, 9b, 10a, 10b, 11a"
"dypsis_nossibensis","Dypsis nossibensis","","-1.1°C a 1.7°C","10a, 10b, 11a"
"dypsis_occidentalis","Dypsis occidentalis","","-6.7°C a -3.9°C","9a, 9b, 10a, 10b, 11a"
"dypsis_onilahensis","Dypsis onilahensis","Onilahy Palm","-12.2°C a -9.4°C","8a, 8b, 9a, 9b, 10a, 10b, 11a"
"dypsis_oreophila","Dypsis oreophila","","-6.7°C a -3.9°C","9a, 9b, 10a, 10b, 11a"
"dypsis_oropedionis","Dypsis oropedionis","Plateau Palm","-6.7°C a -3.9°C","9a, 9b, 10a, 10b, 11a"
"dypsis_ovobontsira","Dypsis ovobontsira","Ovobontsira Palm","-1.1°C a 1.7°C","10a, 10b, 11a"
"dypsis_pachyramea","Dypsis pachyramea","","-1.1°C a 1.7°C","10a, 10b, 11a"
"dypsis_paludosa","Dypsis paludosa","","-1.1°C a 1.7°C","10a, 10b, 11a"
"dypsis_pembana","Dypsis pembana","Pemba Palm","-1.1°C a 1.7°C","10a, 10b, 11a"
"dypsis_perrieri","Dypsis perrieri","","-1.1°C a 1.7°C","10a, 10b, 11a"
"dypsis_pervillei","Dypsis pervillei","","-1.1°C a 1.7°C","10a, 10b, 11a"
"dypsis_pilulifera","Dypsis pilulifera","","-3.9°C a -1.1°C","9b, 10a, 10b, 11a"
"dypsis_pinnatifrons","Dypsis pinnatifrons","","-3.9°C a -1.1°C","9b, 10a, 10b, 11a"
"dypsis_plumosa","Dypsis plumosa","Fine leaf Palm","-3.9°C a -1.1°C","9b, 10a, 10b, 11a"
"dypsis_plurisecta","Dypsis plurisecta","","-1.1°C a 1.7°C","10a, 10b, 11a"
"dypsis_poivreana","Dypsis poivreana","","-1.1°C a 1.7°C","10a, 10b, 11a"
"dypsis_prestoniana","Dypsis prestoniana","Tavilo Palm","-3.9°C a -1.1°C","9b, 10a, 10b, 11a"
"dypsis_procera","Dypsis procera","","-1.1°C a 1.7°C","10a, 10b, 11a"
"dypsis_procumbens","Dypsis procumbens","","-1.1°C a 1.7°C","10a, 10b, 11a"
"dypsis_psammophila","Dypsis psammophila","White Sand Palm","-1.1°C a 1.7°C","10a, 10b, 11a"
"dypsis_pulchella","Dypsis pulchella","","-3.9°C a -1.1°C","9b, 10a, 10b, 11a"
"dypsis_pumila","Dypsis pumila","","-9.4°C a -6.7°C","8b, 9a, 9b, 10a, 10b, 11a"
"dypsis_pusilla","Dypsis pusilla","","-1.1°C a 1.7°C","10a, 10b, 11a"
"dypsis_pustulata","Dypsis pustulata","","-1.1°C a 1.7°C","10a, 10b, 11a"
"dypsis_rakotonasoloi","Dypsis rakotonasoloi","","-3.9°C a -1.1°C","9b, 10a, 10b, 11a"
"dypsis_ramentacea","Dypsis ramentacea","","-1.1°C a 1.7°C","10a, 10b, 11a"
"dypsis_reflexa","Dypsis reflexa","","N/A",""
"dypsis_remotiflora","Dypsis remotiflora","","-1.1°C a 1.7°C","10a, 10b, 11a"
"dypsis_rivularis","Dypsis rivularis","Sari Palm","-1.1°C a 1.7°C","10a, 10b, 11a"
"dypsis_robusta","Dypsis robusta","","-1.1°C a 1.7°C","10a, 10b, 11a"
"dypsis_sahanofensis","Dypsis sahanofensis","Sahanofo Palm","-6.7°C a -3.9°C","9a, 9b, 10a, 10b, 11a"
"dypsis_saintelucei","Dypsis saintelucei","Sainte, Luce Palm","-1.1°C a 1.7°C","10a, 10b, 11a"
"dypsis_sancta","Dypsis sancta","","-3.9°C a -1.1°C","9b, 10a, 10b, 11a"
"dypsis_sanctaemariae","Dypsis sanctaemariae","Sainte, Marie Palm","-1.1°C a 1.7°C","10a, 10b, 11a"
"dypsis_scandens","Dypsis scandens","","-1.1°C a 1.7°C","10a, 10b, 11a"
"dypsis_schatzii","Dypsis schatzii","","-1.1°C a 1.7°C","10a, 10b, 11a"
"dypsis_scottiana","Dypsis scottiana","Raosy Palm","-1.1°C a 1.7°C","10a, 10b, 11a"
"dypsis_serpentina","Dypsis serpentina","","-1.1°C a 1.7°C","10a, 10b, 11a"
"dypsis_simianensis","Dypsis simianensis","","-1.1°C a 1.7°C","10a, 10b, 11a"
"dypsis_singularis","Dypsis singularis","","-1.1°C a 1.7°C","10a, 10b, 11a"
"dypsis_soanieranae","Dypsis soanieranae","Soanierana Palm","-1.1°C a 1.7°C","10a, 10b, 11a"
"dypsis_spicata","Dypsis spicata","","-3.9°C a -1.1°C","9b, 10a, 10b, 11a"
"dypsis_subacaulis","Dypsis subacaulis","","-1.1°C a 1.7°C","10a, 10b, 11a"
"dypsis_tanalensis","Dypsis tanalensis","","-1.1°C a 1.7°C","10a, 10b, 11a"
"dypsis_tenuissima","Dypsis tenuissima","","-3.9°C a -1.1°C","9b, 10a, 10b, 11a"
"dypsis_thermarum","Dypsis thermarum","","-6.7°C a -3.9°C","9a, 9b, 10a, 10b, 11a"
"dypsis_thiryana","Dypsis thiryana","Tsinkiara Palm","-3.9°C a -1.1°C","9b, 10a, 10b, 11a"
"dypsis_tokoravina","Dypsis tokoravina","","-1.1°C a 1.7°C","10a, 10b, 11a"
"dypsis_trapezoidea","Dypsis trapezoidea","","-1.1°C a 1.7°C","10a, 10b, 11a"
"dypsis_tsaratananensis","Dypsis tsaratananensis","","-6.7°C a -3.9°C","9a, 9b, 10a, 10b, 11a"
"dypsis_tsaravoasira","Dypsis tsaravoasira","Beragoka Palm","-3.9°C a -1.1°C","9b, 10a, 10b, 11a"
"dypsis_turkii","Dypsis turkii","","-1.1°C a 1.7°C","10a, 10b, 11a"
"dypsis_utilis","Dypsis utilis","Water Vonitra palm","-3.9°C a -1.1°C","9b, 10a, 10b, 11a"
"dypsis_viridis","Dypsis viridis","","-1.1°C a 1.7°C","10a, 10b, 11a"
"dypsis_vonitrandambo","Dypsis vonitrandambo","","N/A",""
"dypsis_zahamenae","Dypsis zahamenae","","-3.9°C a -1.1°C","9b, 10a, 10b, 11a"
"elaeis_guineensis","Elaeis guineensis","African Oil Palm","1.7°C a 4.4°C","10b, 11a"
"elaeis_oleifera","Elaeis oleifera","American Oil Palm","-1.1°C a 1.7°C","10a, 10b, 11a"
"eleiodoxa_conferta","Eleiodoxa conferta","","N/A",""
"eremospatha_barendii","Eremospatha barendii","","N/A",""
"eremospatha_cabrae","Eremospatha cabrae","","N/A",""
"eremospatha_cuspidata","Eremospatha cuspidata","","N/A",""
"eremospatha_dransfieldii","Eremospatha dransfieldii","","N/A",""
"eremospatha_haullevilleana","Eremospatha haullevilleana","","N/A",""
"eremospatha_hookeri","Eremospatha hookeri","","N/A",""
"eremospatha_laurentii","Eremospatha laurentii","","N/A",""
"eremospatha_macrocarpa","Eremospatha macrocarpa","","N/A",""
"eremospatha_quinquecostulata","Eremospatha quinquecostulata","","1.7°C a 4.4°C","10b, 11a"
"eremospatha_tessmanniana","Eremospatha tessmanniana","","N/A",""
"eremospatha_wendlandiana","Eremospatha wendlandiana","","N/A",""
"eugeissona_ambigua","Eugeissona ambigua","","N/A",""
"eugeissona_brachystachys","Eugeissona brachystachys","","N/A",""
"eugeissona_insignis","Eugeissona insignis","","N/A",""
"eugeissona_minor","Eugeissona minor","","N/A",""
"eugeissona_tristis","Eugeissona tristis","Dull Bertam Palm","N/A",""
"eugeissona_utilis","Eugeissona utilis","Useful Bertam Palm","N/A",""
"euterpe_broadwayi","Euterpe broadwayi","","-3.9°C a -1.1°C","9b, 10a, 10b, 11a"
"euterpe_catinga_var_catinga","Euterpe catinga var. catinga","","-3.9°C a -1.1°C","9b, 10a, 10b, 11a"
"euterpe_catinga_var_roraimae","Euterpe catinga var. roraimae","","-3.9°C a -1.1°C","9b, 10a, 10b, 11a"
"euterpe_edulis","Euterpe edulis","","-1.1°C a 1.7°C","10a, 10b, 11a"
"euterpe_longibracteata","Euterpe longibracteata","","-3.9°C a -1.1°C","9b, 10a, 10b, 11a"
"euterpe_luminosa","Euterpe luminosa","","-3.9°C a -1.1°C","9b, 10a, 10b, 11a"
"euterpe_oleracea","Euterpe oleracea","","-1.1°C a 1.7°C","10a, 10b, 11a"
"euterpe_precatoria_var_longivaginata","Euterpe precatoria var. longivaginata","","-3.9°C a -1.1°C","9b, 10a, 10b, 11a"
"euterpe_precatoria_var_precatoria","Euterpe precatoria var. precatoria","Mountain Cabbage Palm","-1.1°C a 1.7°C","10a, 10b, 11a"
"gaussia_attenuata","Gaussia attenuata","Llume Palm","-3.9°C a -1.1°C","9b, 10a, 10b, 11a"
"gaussia_gomezpompae","Gaussia gomez-pompae","","1.7°C a 4.4°C","10b, 11a"
"gaussia_maya","Gaussia maya","Maya Palm","-1.1°C a 1.7°C","10a, 10b, 11a"
"gaussia_princeps","Gaussia princeps","Sierra Palm","1.7°C a 4.4°C","10b, 11a"
"gaussia_spirituana","Gaussia spirituana","","1.7°C a 4.4°C","10b, 11a"
"geonoma_aspidiifolia_subsp_aspidiifolia","Geonoma aspidiifolia subsp. aspidiifolia","","N/A",""
"geonoma_aspidiifolia_subsp_fusca","Geonoma aspidiifolia subsp. fusca","","-1.1°C a 1.7°C","10a, 10b, 11a"
"geonoma_baculifera","Geonoma baculifera","","1.7°C a 4.4°C","10b, 11a"
"geonoma_bernalii","Geonoma bernalii","","-1.1°C a 1.7°C","10a, 10b, 11a"
"geonoma_braunii","Geonoma braunii","","-1.1°C a 1.7°C","10a, 10b, 11a"
"geonoma_brenesii","Geonoma brenesii","","-3.9°C a -1.1°C","9b, 10a, 10b, 11a"
"geonoma_brongniartii_subsp_brongniartii","Geonoma brongniartii subsp. brongniartii","","-1.1°C a 1.7°C","10a, 10b, 11a"
"geonoma_brongniartii_subsp_pascoensis","Geonoma brongniartii subsp. pascoensis","","-1.1°C a 1.7°C","10a, 10b, 11a"
"geonoma_calyptrogynoidea","Geonoma calyptrogynoidea","","-1.1°C a 1.7°C","10a, 10b, 11a"
"geonoma_camana","Geonoma camana","","1.7°C a 4.4°C","10b, 11a"
"geonoma_chlamydostachys","Geonoma chlamydostachys","","-3.9°C a -1.1°C","9b, 10a, 10b, 11a"
"geonoma_chococola_subsp_awaensis","Geonoma chococola subsp. awaensis","","N/A",""
"geonoma_chococola_subsp_chococola","Geonoma chococola subsp. chococola","","N/A",""
"geonoma_concinna_subsp_concinna","Geonoma concinna subsp. concinna","","-3.9°C a -1.1°C","9b, 10a, 10b, 11a"
"geonoma_concinna_subsp_simplex","Geonoma concinna subsp. simplex","","1.7°C a 4.4°C","10b, 11a"
"geonoma_concinnoidea_subsp_coclensis","Geonoma concinnoidea subsp. coclensis","","-1.1°C a 1.7°C","10a, 10b, 11a"
"geonoma_concinnoidea_subsp_concinnoidea","Geonoma concinnoidea subsp. concinnoidea","","1.7°C a 4.4°C","10b, 11a"
"geonoma_concinnoidea_subsp_jefensis","Geonoma concinnoidea subsp. jefensis","","-1.1°C a 1.7°C","10a, 10b, 11a"
"geonoma_congesta_subsp_congesta","Geonoma congesta subsp. congesta","Suita Palm","-1.1°C a 1.7°C","10a, 10b, 11a"
"geonoma_congesta_subsp_osensis","Geonoma congesta subsp. osensis","","1.7°C a 4.4°C","10b, 11a"
"geonoma_cuneata_subsp_cuneata","Geonoma cuneata subsp. cuneata","Yah, a, chi","-1.1°C a 1.7°C","10a, 10b, 11a"
"geonoma_cuneata_subsp_guanacastensis","Geonoma cuneata subsp. guanacastensis","","-1.1°C a 1.7°C","10a, 10b, 11a"
"geonoma_cuneata_subsp_indivisa","Geonoma cuneata subsp. indivisa","","-1.1°C a 1.7°C","10a, 10b, 11a"
"geonoma_cuneata_subsp_irena","Geonoma cuneata subsp. irena","","N/A",""
"geonoma_cuneata_subsp_linearis","Geonoma cuneata subsp. linearis","","N/A",""
"geonoma_cuneata_subsp_minor","Geonoma cuneata subsp. minor","","-1.1°C a 1.7°C","10a, 10b, 11a"
"geonoma_cuneata_subsp_procumbens","Geonoma cuneata subsp. procumbens","","1.7°C a 4.4°C","10b, 11a"
"geonoma_cuneata_subsp_rubra","Geonoma cuneata subsp. rubra","","N/A",""
"geonoma_cuneata_subsp_sodiroi","Geonoma cuneata subsp. sodiroi","To pirin","N/A",""
"geonoma_deneversii","Geonoma deneversii","","N/A",""
"geonoma_deversa_subsp_belizensis","Geonoma deversa subsp. belizensis","","1.7°C a 4.4°C","10b, 11a"
"geonoma_deversa_subsp_deversa","Geonoma deversa subsp. deversa","","-1.1°C a 1.7°C","10a, 10b, 11a"
"geonoma_deversa_subsp_peninsularis","Geonoma deversa subsp. peninsularis","","1.7°C a 4.4°C","10b, 11a"
"geonoma_deversa_subsp_quadriflora","Geonoma deversa subsp. quadriflora","","N/A",""
"geonoma_dindoensis","Geonoma dindoensis","","N/A",""
"geonoma_divisa","Geonoma divisa","","-1.1°C a 1.7°C","10a, 10b, 11a"
"geonoma_elegans","Geonoma elegans","Arecana Palm","-1.1°C a 1.7°C","10a, 10b, 11a"
"geonoma_epetiolata","Geonoma epetiolata","Stained Glass Palm","-1.1°C a 1.7°C","10a, 10b, 11a"
"geonoma_euspatha","Geonoma euspatha","","-3.9°C a -1.1°C","9b, 10a, 10b, 11a"
"geonoma_ferruginea_subsp_ferruginea","Geonoma ferruginea subsp. ferruginea","","-1.1°C a 1.7°C","10a, 10b, 11a"
"geonoma_ferruginea_subsp_microspadix","Geonoma ferruginea subsp. microspadix","","-1.1°C a 1.7°C","10a, 10b, 11a"
"geonoma_ferruginea_subsp_nicaraguensis","Geonoma ferruginea subsp. nicaraguensis","","-3.9°C a -1.1°C","9b, 10a, 10b, 11a"
"geonoma_fosteri","Geonoma fosteri","","-3.9°C a -1.1°C","9b, 10a, 10b, 11a"
"geonoma_frontinensis","Geonoma frontinensis","","-6.7°C a -3.9°C","9a, 9b, 10a, 10b, 11a"
"geonoma_galeanoae","Geonoma galeanoae","","-1.1°C a 1.7°C","10a, 10b, 11a"
"geonoma_gentryi","Geonoma gentryi","","N/A",""
"geonoma_hollinensis","Geonoma hollinensis","","-1.1°C a 1.7°C","10a, 10b, 11a"
"geonoma_hugonis","Geonoma hugonis","","-1.1°C a 1.7°C","10a, 10b, 11a"
"geonoma_interrupta_subsp_interrupta","Geonoma interrupta subsp. interrupta","Chontilla Palm","-1.1°C a 1.7°C","10a, 10b, 11a"
"geonoma_interrupta_subsp_magnifica","Geonoma interrupta subsp. magnifica","","-1.1°C a 1.7°C","10a, 10b, 11a"
"geonoma_interrupta_subsp_purdieana","Geonoma interrupta subsp. purdieana","","-1.1°C a 1.7°C","10a, 10b, 11a"
"geonoma_interrupta_subsp_rivalis","Geonoma interrupta subsp. rivalis","","-1.1°C a 1.7°C","10a, 10b, 11a"
"geonoma_lanata","Geonoma lanata","","-1.1°C a 1.7°C","10a, 10b, 11a"
"geonoma_laxiflora","Geonoma laxiflora","","N/A",""
"geonoma_lehmannii_subsp_corrugata","Geonoma lehmannii subsp. corrugata","","-9.4°C a -6.7°C","8b, 9a, 9b, 10a, 10b, 11a"
"geonoma_lehmannii_subsp_lehmannii","Geonoma lehmannii subsp. lehmannii","","-9.4°C a -6.7°C","8b, 9a, 9b, 10a, 10b, 11a"
"geonoma_leptospadix","Geonoma leptospadix","","-1.1°C a 1.7°C","10a, 10b, 11a"
"geonoma_longipedunculata","Geonoma longipedunculata","","1.7°C a 4.4°C","10b, 11a"
"geonoma_longivaginata_subsp_copensis","Geonoma longivaginata subsp. copensis","","1.7°C a 4.4°C","10b, 11a"
"geonoma_longivaginata_subsp_longivaginata","Geonoma longivaginata subsp. longivaginata","","-1.1°C a 1.7°C","10a, 10b, 11a"
"geonoma_longivaginata_subsp_sanblasensis","Geonoma longivaginata subsp. sanblasensis","","1.7°C a 4.4°C","10b, 11a"
"geonoma_longivaginata_subsp_vallensis","Geonoma longivaginata subsp. vallensis","","-1.1°C a 1.7°C","10a, 10b, 11a"
"geonoma_macrostachys","Geonoma macrostachys","","-3.9°C a -1.1°C","9b, 10a, 10b, 11a"
"geonoma_maxima_subsp_ambigua","Geonoma maxima subsp. ambigua","","1.7°C a 4.4°C","10b, 11a"
"geonoma_maxima_subsp_camptoneura","Geonoma maxima subsp. camptoneura","","1.7°C a 4.4°C","10b, 11a"
"geonoma_maxima_subsp_chelidonura","Geonoma maxima subsp. chelidonura","","1.7°C a 4.4°C","10b, 11a"
"geonoma_maxima_subsp_compta","Geonoma maxima subsp. compta","","1.7°C a 4.4°C","10b, 11a"
"geonoma_maxima_subsp_dispersa","Geonoma maxima subsp. dispersa","","1.7°C a 4.4°C","10b, 11a"
"geonoma_maxima_subsp_hexasticha","Geonoma maxima subsp. hexasticha","","1.7°C a 4.4°C","10b, 11a"
"geonoma_maxima_subsp_maxima","Geonoma maxima subsp. maxima","","1.7°C a 4.4°C","10b, 11a"
"geonoma_maxima_subsp_multiramosa","Geonoma maxima subsp. multiramosa","","1.7°C a 4.4°C","10b, 11a"
"geonoma_maxima_subsp_sigmoidea","Geonoma maxima subsp. sigmoidea","","1.7°C a 4.4°C","10b, 11a"
"geonoma_maxima_subsp_spixiana","Geonoma maxima subsp. spixiana","","1.7°C a 4.4°C","10b, 11a"
"geonoma_monospatha","Geonoma monospatha","","-3.9°C a -1.1°C","9b, 10a, 10b, 11a"
"geonoma_mooreana","Geonoma mooreana","","-1.1°C a 1.7°C","10a, 10b, 11a"
"geonoma_multisecta","Geonoma multisecta","","-1.1°C a 1.7°C","10a, 10b, 11a"
"geonoma_occidentalis","Geonoma occidentalis","","-1.1°C a 1.7°C","10a, 10b, 11a"
"geonoma_oldemanii","Geonoma oldemanii","","N/A",""
"geonoma_oligoclona","Geonoma oligoclona","","1.7°C a 4.4°C","10b, 11a"
"geonoma_operculata","Geonoma operculata","","-1.1°C a 1.7°C","10a, 10b, 11a"
"geonoma_orbignyana_subsp_hoffmanniana","Geonoma orbignyana subsp. hoffmanniana","","-12.2°C a -9.4°C","8a, 8b, 9a, 9b, 10a, 10b, 11a"
"geonoma_orbignyana_subsp_orbignyana","Geonoma orbignyana subsp. orbignyana","","-12.2°C a -9.4°C","8a, 8b, 9a, 9b, 10a, 10b, 11a"
"geonoma_paradoxa","Geonoma paradoxa","","N/A",""
"geonoma_pauciflora","Geonoma pauciflora","Ouricana Palm","-1.1°C a 1.7°C","10a, 10b, 11a"
"geonoma_peruviana","Geonoma peruviana","","-3.9°C a -1.1°C","9b, 10a, 10b, 11a"
"geonoma_pinnatifrons_subsp_binervia","Geonoma pinnatifrons subsp. binervia","","1.7°C a 4.4°C","10b, 11a"
"geonoma_pinnatifrons_subsp_martinicensis","Geonoma pinnatifrons subsp. martinicensis","Yanga Palm","1.7°C a 4.4°C","10b, 11a"
"geonoma_pinnatifrons_subsp_membranacea","Geonoma pinnatifrons subsp. membranacea","","-3.9°C a -1.1°C","9b, 10a, 10b, 11a"
"geonoma_pinnatifrons_subsp_mexicana","Geonoma pinnatifrons subsp. mexicana","","-1.1°C a 1.7°C","10a, 10b, 11a"
"geonoma_pinnatifrons_subsp_oxycarpa","Geonoma pinnatifrons subsp. oxycarpa","","1.7°C a 4.4°C","10b, 11a"
"geonoma_pinnatifrons_subsp_pinnatifrons","Geonoma pinnatifrons subsp. pinnatifrons","","-3.9°C a -1.1°C","9b, 10a, 10b, 11a"
"geonoma_pinnatifrons_subsp_platybothros","Geonoma pinnatifrons subsp. platybothros","","-3.9°C a -1.1°C","9b, 10a, 10b, 11a"
"geonoma_pinnatifrons_subsp_ramosissima","Geonoma pinnatifrons subsp. ramosissima","","1.7°C a 4.4°C","10b, 11a"
"geonoma_pinnatifrons_subsp_vaga","Geonoma pinnatifrons subsp. vaga","","1.7°C a 4.4°C","10b, 11a"
"geonoma_poeppigiana","Geonoma poeppigiana","","-1.1°C a 1.7°C","10a, 10b, 11a"
"geonoma_pohliana_subsp_fiscellaria","Geonoma pohliana subsp. fiscellaria","Cana Palm","1.7°C a 4.4°C","10b, 11a"
"geonoma_pohliana_subsp_gastoniana","Geonoma pohliana subsp. gastoniana","","-3.9°C a -1.1°C","9b, 10a, 10b, 11a"
"geonoma_pohliana_subsp_kuhlmannii","Geonoma pohliana subsp. kuhlmannii","","1.7°C a 4.4°C","10b, 11a"
"geonoma_pohliana_subsp_linharensis","Geonoma pohliana subsp. linharensis","","1.7°C a 4.4°C","10b, 11a"
"geonoma_pohliana_subsp_pohliana","Geonoma pohliana subsp. pohliana","","-1.1°C a 1.7°C","10a, 10b, 11a"
"geonoma_pohliana_subsp_rodriguesii","Geonoma pohliana subsp. rodriguesii","","1.7°C a 4.4°C","10b, 11a"
"geonoma_pohliana_subsp_rubescens","Geonoma pohliana subsp. rubescens","","1.7°C a 4.4°C","10b, 11a"
"geonoma_pohliana_subsp_trinervis","Geonoma pohliana subsp. trinervis","","1.7°C a 4.4°C","10b, 11a"
"geonoma_pohliana_subsp_unaensis","Geonoma pohliana subsp. unaensis","","1.7°C a 4.4°C","10b, 11a"
"geonoma_pohliana_subsp_weddelliana","Geonoma pohliana subsp. weddelliana","Black Cana Palm","-1.1°C a 1.7°C","10a, 10b, 11a"
"geonoma_pohliana_subsp_wittigiana","Geonoma pohliana subsp. wittigiana","","1.7°C a 4.4°C","10b, 11a"
"geonoma_poiteauana","Geonoma poiteauana","","1.7°C a 4.4°C","10b, 11a"
"geonoma_sanmartinensis","Geonoma sanmartinensis","","-3.9°C a -1.1°C","9b, 10a, 10b, 11a"
"geonoma_santanderensis","Geonoma santanderensis","","-3.9°C a -1.1°C","9b, 10a, 10b, 11a"
"geonoma_schizocarpa","Geonoma schizocarpa","","-1.1°C a 1.7°C","10a, 10b, 11a"
"geonoma_schottiana","Geonoma schottiana","Guarika Palm","-3.9°C a -1.1°C","9b, 10a, 10b, 11a"
"geonoma_scoparia","Geonoma scoparia","","-1.1°C a 1.7°C","10a, 10b, 11a"
"geonoma_simplicifrons","Geonoma simplicifrons","","-1.1°C a 1.7°C","10a, 10b, 11a"
"geonoma_spinescens","Geonoma spinescens","","-3.9°C a -1.1°C","9b, 10a, 10b, 11a"
"geonoma_stricta_subsp_antioquiensis","Geonoma stricta subsp. antioquiensis","","1.7°C a 4.4°C","10b, 11a"
"geonoma_stricta_subsp_arundinacea","Geonoma stricta subsp. arundinacea","","-3.9°C a -1.1°C","9b, 10a, 10b, 11a"
"geonoma_stricta_subsp_bracteata","Geonoma stricta subsp. bracteata","","-1.1°C a 1.7°C","10a, 10b, 11a"
"geonoma_stricta_subsp_divaricata","Geonoma stricta subsp. divaricata","","1.7°C a 4.4°C","10b, 11a"
"geonoma_stricta_subsp_pendula","Geonoma stricta subsp. pendula","","1.7°C a 4.4°C","10b, 11a"
"geonoma_stricta_subsp_pliniana","Geonoma stricta subsp. pliniana","","N/A",""
"geonoma_stricta_subsp_quibdoensis","Geonoma stricta subsp. quibdoensis","","N/A",""
"geonoma_stricta_subsp_stricta","Geonoma stricta subsp. stricta","","-1.1°C a 1.7°C","10a, 10b, 11a"
"geonoma_stricta_subsp_submontana","Geonoma stricta subsp. submontana","","-1.1°C a 1.7°C","10a, 10b, 11a"
"geonoma_talamancana","Geonoma talamancana","","-6.7°C a -3.9°C","9a, 9b, 10a, 10b, 11a"
"geonoma_tenuissima","Geonoma tenuissima","","1.7°C a 4.4°C","10b, 11a"
"geonoma_triandra","Geonoma triandra","","-1.1°C a 1.7°C","10a, 10b, 11a"
"geonoma_triglochin","Geonoma triglochin","","-3.9°C a -1.1°C","9b, 10a, 10b, 11a"
"geonoma_trigona","Geonoma trigona","","-12.2°C a -9.4°C","8a, 8b, 9a, 9b, 10a, 10b, 11a"
"geonoma_umbraculiformis","Geonoma umbraculiformis","","1.7°C a 4.4°C","10b, 11a"
"geonoma_undata_subsp_appuniana","Geonoma undata subsp. appuniana","","-9.4°C a -6.7°C","8b, 9a, 9b, 10a, 10b, 11a"
"geonoma_undata_subsp_dussiana","Geonoma undata subsp. dussiana","","1.7°C a 4.4°C","10b, 11a"
"geonoma_undata_subsp_edulis","Geonoma undata subsp. edulis","","-9.4°C a -6.7°C","8b, 9a, 9b, 10a, 10b, 11a"
"geonoma_undata_subsp_pulcherrima","Geonoma undata subsp. pulcherrima","","1.7°C a 4.4°C","10b, 11a"
"geonoma_undata_subsp_skovii","Geonoma undata subsp. skovii","","-3.9°C a -1.1°C","9b, 10a, 10b, 11a"
"geonoma_undata_subsp_stenothyrsa","Geonoma undata subsp. stenothyrsa","","-6.7°C a -3.9°C","9a, 9b, 10a, 10b, 11a"
"geonoma_undata_subsp_tacarcunensis","Geonoma undata subsp. tacarcunensis","","-3.9°C a -1.1°C","9b, 10a, 10b, 11a"
"geonoma_undata_subsp_tumucensis","Geonoma undata subsp. tumucensis","","1.7°C a 4.4°C","10b, 11a"
"geonoma_undata_subsp_undata","Geonoma undata subsp. undata","","-12.2°C a -9.4°C","8a, 8b, 9a, 9b, 10a, 10b, 11a"
"geonoma_undata_subsp_venezuelana","Geonoma undata subsp. venezuelana","","-3.9°C a -1.1°C","9b, 10a, 10b, 11a"
"geonoma_venosa","Geonoma venosa","","-1.1°C a 1.7°C","10a, 10b, 11a"
"geonoma_x_deversa_g_deversa_x_g_leptospadix","Geonoma x deversa (G. deversa x G. leptospadix)","","-1.1°C a 1.7°C","10a, 10b, 11a"
"guihaia_argyrata","Guihaia argyrata","Guilin Dwarf Palm","-6.7°C a -3.9°C","9a, 9b, 10a, 10b, 11a"
"guihaia_grossifibrosa","Guihaia grossifibrosa","Guangxi Dwarf Palm","-6.7°C a -3.9°C","9a, 9b, 10a, 10b, 11a"
"hedyscepe_canterburyana","Hedyscepe canterburyana","Umbrella Palm","-3.9°C a -1.1°C","9b, 10a, 10b, 11a"
"hemithrinax_compacta","Hemithrinax compacta","","1.7°C a 4.4°C","10b, 11a"
"hemithrinax_ekmaniana","Hemithrinax ekmaniana","Jumagua Palm","-1.1°C a 1.7°C","10a, 10b, 11a"
"hemithrinax_rivularis_var_rivularis","Hemithrinax rivularis var. rivularis","","1.7°C a 4.4°C","10b, 11a"
"hemithrinax_rivularis_var_savannarum","Hemithrinax rivularis var. savannarum","","1.7°C a 4.4°C","10b, 11a"
"heterospathe_annectens","Heterospathe annectens","","1.7°C a 4.4°C","10b, 11a"
"heterospathe_arfakiana","Heterospathe arfakiana","","1.7°C a 4.4°C","10b, 11a"
"heterospathe_barfodii","Heterospathe barfodii","","N/A",""
"heterospathe_brevicaulis","Heterospathe brevicaulis","","1.7°C a 4.4°C","10b, 11a"
"heterospathe_cagayanensis","Heterospathe cagayanensis","Cagayan Sagisi Palm","1.7°C a 4.4°C","10b, 11a"
"heterospathe_califrons","Heterospathe califrons","","1.7°C a 4.4°C","10b, 11a"
"heterospathe_clemensiae","Heterospathe clemensiae","","1.7°C a 4.4°C","10b, 11a"
"heterospathe_delicatula","Heterospathe delicatula","","1.7°C a 4.4°C","10b, 11a"
"heterospathe_dransfieldii","Heterospathe dransfieldii","","1.7°C a 4.4°C","10b, 11a"
"heterospathe_elata_var_elata","Heterospathe elata var. elata","Sagisi Palm","-1.1°C a 1.7°C","10a, 10b, 11a"
"heterospathe_elata_var_palauensis","Heterospathe elata var. palauensis","","1.7°C a 4.4°C","10b, 11a"
"heterospathe_elegans_subsp_humilis","Heterospathe elegans subsp. humilis","","1.7°C a 4.4°C","10b, 11a"
"heterospathe_elegans_subsp_elegans","Heterospathe elegans subsp. elegans","","1.7°C a 4.4°C","10b, 11a"
"heterospathe_elmeri","Heterospathe elmeri","","1.7°C a 4.4°C","10b, 11a"
"heterospathe_glabra","Heterospathe glabra","","1.7°C a 4.4°C","10b, 11a"
"heterospathe_glauca","Heterospathe glauca","","1.7°C a 4.4°C","10b, 11a"
"heterospathe_intermedia","Heterospathe intermedia","","1.7°C a 4.4°C","10b, 11a"
"heterospathe_kajewskii","Heterospathe kajewskii","","1.7°C a 4.4°C","10b, 11a"
"heterospathe_ledermanniana","Heterospathe ledermanniana","","1.7°C a 4.4°C","10b, 11a"
"heterospathe_lepidota","Heterospathe lepidota","","1.7°C a 4.4°C","10b, 11a"
"heterospathe_longipes","Heterospathe longipes","","N/A",""
"heterospathe_macgregorii","Heterospathe macgregorii","","1.7°C a 4.4°C","10b, 11a"
"heterospathe_minor","Heterospathe minor","Dwarf Sagisi palm","1.7°C a 4.4°C","10b, 11a"
"heterospathe_muelleriana","Heterospathe muelleriana","","1.7°C a 4.4°C","10b, 11a"
"heterospathe_negrosensis","Heterospathe negrosensis","","1.7°C a 4.4°C","10b, 11a"
"heterospathe_obriensis","Heterospathe obriensis","","1.7°C a 4.4°C","10b, 11a"
"heterospathe_parviflora","Heterospathe parviflora","","1.7°C a 4.4°C","10b, 11a"
"heterospathe_philippinensis","Heterospathe philippinensis","","1.7°C a 4.4°C","10b, 11a"
"heterospathe_phillipsii","Heterospathe phillipsii","Phillips' Palm","1.7°C a 4.4°C","10b, 11a"
"heterospathe_pilosa","Heterospathe pilosa","","1.7°C a 4.4°C","10b, 11a"
"heterospathe_porcata","Heterospathe porcata","","1.7°C a 4.4°C","10b, 11a"
"heterospathe_pulchra","Heterospathe pulchra","","1.7°C a 4.4°C","10b, 11a"
"heterospathe_ramulosa","Heterospathe ramulosa","","1.7°C a 4.4°C","10b, 11a"
"heterospathe_salomonensis","Heterospathe salomonensis","","1.7°C a 4.4°C","10b, 11a"
"heterospathe_scitula","Heterospathe scitula","","1.7°C a 4.4°C","10b, 11a"
"heterospathe_sensisi","Heterospathe sensisi","","1.7°C a 4.4°C","10b, 11a"
"heterospathe_sibuyanensis","Heterospathe sibuyanensis","","1.7°C a 4.4°C","10b, 11a"
"heterospathe_sphaerocarpa","Heterospathe sphaerocarpa","","1.7°C a 4.4°C","10b, 11a"
"heterospathe_trispatha","Heterospathe trispatha","","1.7°C a 4.4°C","10b, 11a"
"heterospathe_uniformis","Heterospathe uniformis","Fakul Palm","1.7°C a 4.4°C","10b, 11a"
"heterospathe_woodfordiana","Heterospathe woodfordiana","Solomon Sagisi Palm","-1.1°C a 1.7°C","10a, 10b, 11a"
"howea_belmoreana","Howea belmoreana","Curly Palm","-3.9°C a -1.1°C","9b, 10a, 10b, 11a"
"howea_forsteriana","Howea forsteriana","Kentia Palm","-3.9°C a -1.1°C","9b, 10a, 10b, 11a"
"hydriastele_affinis","Hydriastele affinis","","1.7°C a 4.4°C","10b, 11a"
"hydriastele_aprica","Hydriastele aprica","","1.7°C a 4.4°C","10b, 11a"
"hydriastele_beccariana","Hydriastele beccariana","","1.7°C a 4.4°C","10b, 11a"
"hydriastele_beguinii","Hydriastele beguinii","","1.7°C a 4.4°C","10b, 11a"
"hydriastele_biakensis","Hydriastele biakensis","","1.7°C a 4.4°C","10b, 11a"
"hydriastele_boumae","Hydriastele boumae","","1.7°C a 4.4°C","10b, 11a"
"hydriastele_brassii","Hydriastele brassii","","1.7°C a 4.4°C","10b, 11a"
"hydriastele_cariosa","Hydriastele cariosa","","1.7°C a 4.4°C","10b, 11a"
"hydriastele_carrii","Hydriastele carrii","","1.7°C a 4.4°C","10b, 11a"
"hydriastele_chaunostachys","Hydriastele chaunostachys","","1.7°C a 4.4°C","10b, 11a"
"hydriastele_costata","Hydriastele costata","","-1.1°C a 1.7°C","10a, 10b, 11a"
"hydriastele_cyclopensis","Hydriastele cyclopensis","","1.7°C a 4.4°C","10b, 11a"
"hydriastele_cylindrocarpa","Hydriastele cylindrocarpa","","1.7°C a 4.4°C","10b, 11a"
"hydriastele_dransfieldii","Hydriastele dransfieldii","","1.7°C a 4.4°C","10b, 11a"
"hydriastele_flabellata","Hydriastele flabellata","","1.7°C a 4.4°C","10b, 11a"
"hydriastele_geelvinkiana","Hydriastele geelvinkiana","","1.7°C a 4.4°C","10b, 11a"
"hydriastele_gibbsiana","Hydriastele gibbsiana","","1.7°C a 4.4°C","10b, 11a"
"hydriastele_gracilis","Hydriastele gracilis","","1.7°C a 4.4°C","10b, 11a"
"hydriastele_hombronii","Hydriastele hombronii","","1.7°C a 4.4°C","10b, 11a"
"hydriastele_kasesa","Hydriastele kasesa","","1.7°C a 4.4°C","10b, 11a"
"hydriastele_kjellbergii","Hydriastele kjellbergii","","1.7°C a 4.4°C","10b, 11a"
"hydriastele_ledermanniana","Hydriastele ledermanniana","","1.7°C a 4.4°C","10b, 11a"
"hydriastele_lepidota","Hydriastele lepidota","","1.7°C a 4.4°C","10b, 11a"
"hydriastele_longispatha","Hydriastele longispatha","","1.7°C a 4.4°C","10b, 11a"
"hydriastele_lurida","Hydriastele lurida","","1.7°C a 4.4°C","10b, 11a"
"hydriastele_macrospadix","Hydriastele macrospadix","","1.7°C a 4.4°C","10b, 11a"
"hydriastele_manusii","Hydriastele manusii","","1.7°C a 4.4°C","10b, 11a"
"hydriastele_mayrii","Hydriastele mayrii","","1.7°C a 4.4°C","10b, 11a"
"hydriastele_micrantha","Hydriastele micrantha","","1.7°C a 4.4°C","10b, 11a"
"hydriastele_microcarpa","Hydriastele microcarpa","","1.7°C a 4.4°C","10b, 11a"
"hydriastele_microspadix","Hydriastele microspadix","","1.7°C a 4.4°C","10b, 11a"
"hydriastele_moluccana","Hydriastele moluccana","","1.7°C a 4.4°C","10b, 11a"
"hydriastele_montana","Hydriastele montana","","1.7°C a 4.4°C","10b, 11a"
"hydriastele_nannostachys","Hydriastele nannostachys","","1.7°C a 4.4°C","10b, 11a"
"hydriastele_oxypetala","Hydriastele oxypetala","","1.7°C a 4.4°C","10b, 11a"
"hydriastele_palauensis","Hydriastele palauensis","","1.7°C a 4.4°C","10b, 11a"
"hydriastele_pinangoides","Hydriastele pinangoides","","1.7°C a 4.4°C","10b, 11a"
"hydriastele_pleurocarpa","Hydriastele pleurocarpa","","1.7°C a 4.4°C","10b, 11a"
"hydriastele_procera","Hydriastele procera","","1.7°C a 4.4°C","10b, 11a"
"hydriastele_ramsayi","Hydriastele ramsayi","","1.7°C a 4.4°C","10b, 11a"
"hydriastele_rheophytica","Hydriastele rheophytica","","1.7°C a 4.4°C","10b, 11a"
"hydriastele_rhopalocarpa","Hydriastele rhopalocarpa","","1.7°C a 4.4°C","10b, 11a"
"hydriastele_rostrata","Hydriastele rostrata","","1.7°C a 4.4°C","10b, 11a"
"hydriastele_sarasinorum","Hydriastele sarasinorum","","1.7°C a 4.4°C","10b, 11a"
"hydriastele_selebica","Hydriastele selebica","","1.7°C a 4.4°C","10b, 11a"
"hydriastele_valida","Hydriastele valida","","1.7°C a 4.4°C","10b, 11a"
"hydriastele_variabilis","Hydriastele variabilis","","1.7°C a 4.4°C","10b, 11a"
"hydriastele_vitiensis","Hydriastele vitiensis","","1.7°C a 4.4°C","10b, 11a"
"hydriastele_wendlandiana","Hydriastele wendlandiana","","1.7°C a 4.4°C","10b, 11a"
"hyophorbe_amaricaulis","Hyophorbe amaricaulis","Rarest Palm","1.7°C a 4.4°C","10b, 11a"
"hyophorbe_indica","Hyophorbe indica","Champagne Palm","1.7°C a 4.4°C","10b, 11a"
"hyophorbe_lagenicaulis","Hyophorbe lagenicaulis","Bottle Palm","-1.1°C a 1.7°C","10a, 10b, 11a"
"hyophorbe_vaughanii","Hyophorbe vaughanii","Pig Nut Palm","1.7°C a 4.4°C","10b, 11a"
"hyophorbe_verschaffeltii","Hyophorbe verschaffeltii","Spindle Palm","-1.1°C a 1.7°C","10a, 10b, 11a"
"hyospathe_elegans","Hyospathe elegans","Hog Palm","-3.9°C a -1.1°C","9b, 10a, 10b, 11a"
"hyospathe_frontinensis","Hyospathe frontinensis","","N/A",""
"hyospathe_macrorhachis","Hyospathe macrorhachis","","-3.9°C a -1.1°C","9b, 10a, 10b, 11a"
"hyospathe_peruviana","Hyospathe peruviana","","N/A",""
"hyphaene_compressa","Hyphaene compressa","East African Doum Palm","-3.9°C a -1.1°C","9b, 10a, 10b, 11a"
"hyphaene_coriacea","Hyphaene coriacea","Ilala Palm","-3.9°C a -1.1°C","9b, 10a, 10b, 11a"
"hyphaene_dichotoma","Hyphaene dichotoma","Indian Doum Palm","-3.9°C a -1.1°C","9b, 10a, 10b, 11a"
"hyphaene_guineensis","Hyphaene guineensis","","-3.9°C a -1.1°C","9b, 10a, 10b, 11a"
"hyphaene_macrosperma","Hyphaene macrosperma","","-3.9°C a -1.1°C","9b, 10a, 10b, 11a"
"hyphaene_petersiana","Hyphaene petersiana","Vegetable Ivory Palm","-6.7°C a -3.9°C","9a, 9b, 10a, 10b, 11a"
"hyphaene_reptans","Hyphaene reptans","","-3.9°C a -1.1°C","9b, 10a, 10b, 11a"
"hyphaene_thebaica","Hyphaene thebaica","Doum Palm","-3.9°C a -1.1°C","9b, 10a, 10b, 11a"
"iguanura_ambigua","Iguanura ambigua","","N/A",""
"iguanura_asli","Iguanura asli","","N/A",""
"iguanura_belumensis","Iguanura belumensis","","N/A",""
"iguanura_bicornis","Iguanura bicornis","","N/A",""
"iguanura_borneensis","Iguanura borneensis","","N/A",""
"iguanura_cemurung","Iguanura cemurung","","N/A",""
"iguanura_chaiana","Iguanura chaiana","","N/A",""
"iguanura_corniculata","Iguanura corniculata","","N/A",""
"iguanura_curvata","Iguanura curvata","","N/A",""
"iguanura_diffusa","Iguanura diffusa","","N/A",""
"iguanura_divergens","Iguanura divergens","","N/A",""
"iguanura_elegans","Iguanura elegans","","N/A",""
"iguanura_geonomiformis","Iguanura geonomiformis","","N/A",""
"iguanura_humilis","Iguanura humilis","","N/A",""
"iguanura_kelantanensis","Iguanura kelantanensis","","N/A",""
"iguanura_leucocarpa","Iguanura leucocarpa","","N/A",""
"iguanura_macrostachya","Iguanura macrostachya","","N/A",""
"iguanura_melinauensis","Iguanura melinauensis","","N/A",""
"iguanura_minor","Iguanura minor","","N/A",""
"iguanura_mirabilis","Iguanura mirabilis","","N/A",""
"iguanura_myochodoides","Iguanura myochodoides","","N/A",""
"iguanura_palmuncula_var_magna","Iguanura palmuncula var. magna","","N/A",""
"iguanura_palmuncula_var_palmuncula","Iguanura palmuncula var. palmuncula","","N/A",""
"iguanura_parvula","Iguanura parvula","","N/A",""
"iguanura_perdana","Iguanura perdana","","N/A",""
"iguanura_piahensis","Iguanura piahensis","","N/A",""
"iguanura_polymorpha","Iguanura polymorpha","","N/A",""
"iguanura_prolifera","Iguanura prolifera","","N/A",""
"iguanura_remotiflora","Iguanura remotiflora","","N/A",""
"iguanura_sanderiana","Iguanura sanderiana","","N/A",""
"iguanura_speciosa","Iguanura speciosa","","N/A",""
"iguanura_tenuis_var_khaosokensis","Iguanura tenuis var. khaosokensis","","N/A",""
"iguanura_tenuis_var_tenuis","Iguanura tenuis var. tenuis","","N/A",""
"iguanura_thalangensis","Iguanura thalangensis","","N/A",""
"iguanura_wallichiana_var_major","Iguanura wallichiana var. major","","N/A",""
"iguanura_wallichiana_var_rosea","Iguanura wallichiana var. rosea","","N/A",""
"iguanura_wallichiana_var_wallichiana","Iguanura wallichiana var. wallichiana","","N/A",""
"iriartea_deltoidea","Iriartea deltoidea","Copa Palm","-1.1°C a 1.7°C","10a, 10b, 11a"
"iriartella_setigera","Iriartella setigera","","1.7°C a 4.4°C","10b, 11a"
"iriartella_stenocarpa","Iriartella stenocarpa","","1.7°C a 4.4°C","10b, 11a"
"itaya_amicorum","Itaya amicorum","","1.7°C a 4.4°C","10b, 11a"
"jailoloa_halmaherensis","Jailoloa halmaherensis","","1.7°C a 4.4°C","10b, 11a"
"johannesteijsmannia_altifrons","Johannesteijsmannia altifrons","Joey","1.7°C a 4.4°C","10b, 11a"
"johannesteijsmannia_lanceolata","Johannesteijsmannia lanceolata","Slender Joey Palm","1.7°C a 4.4°C","10b, 11a"
"johannesteijsmannia_magnifica","Johannesteijsmannia magnifica","Silver Joey","1.7°C a 4.4°C","10b, 11a"
"johannesteijsmannia_perakensis","Johannesteijsmannia perakensis","Joey on a stick","1.7°C a 4.4°C","10b, 11a"
"juania_australis","Juania australis","Chonta palm","-6.7°C a -3.9°C","9a, 9b, 10a, 10b, 11a"
"jubaea_chilensis","Jubaea chilensis","Chilean Wine Palm","-15°C a -12.2°C","7b, 8a, 8b, 9a, 9b, 10a, 10b, 11a"
"jubaeopsis_caffra","Jubaeopsis caffra","Pondoland Palm","-6.7°C a -3.9°C","9a, 9b, 10a, 10b, 11a"
"kentiopsis_magnifica","Kentiopsis magnifica","","N/A",""
"kentiopsis_oliviformis","Kentiopsis oliviformis","","N/A",""
"kentiopsis_piersoniorum","Kentiopsis piersoniorum","","N/A",""
"kentiopsis_pyriformis","Kentiopsis pyriformis","","N/A",""
"kerriodoxa_elegans","Kerriodoxa elegans","White Elephant Palm","N/A",""
"korthalsia_angustifolia","Korthalsia angustifolia","","1.7°C a 4.4°C","10b, 11a"
"korthalsia_bejaudii","Korthalsia bejaudii","","1.7°C a 4.4°C","10b, 11a"
"korthalsia_brassii","Korthalsia brassii","","1.7°C a 4.4°C","10b, 11a"
"korthalsia_celebica","Korthalsia celebica","","1.7°C a 4.4°C","10b, 11a"
"korthalsia_cheb","Korthalsia cheb","","1.7°C a 4.4°C","10b, 11a"
"korthalsia_concolor","Korthalsia concolor","","1.7°C a 4.4°C","10b, 11a"
"korthalsia_debilis","Korthalsia debilis","","1.7°C a 4.4°C","10b, 11a"
"korthalsia_echinometra","Korthalsia echinometra","","1.7°C a 4.4°C","10b, 11a"
"korthalsia_ferox","Korthalsia ferox","","1.7°C a 4.4°C","10b, 11a"
"korthalsia_flagellaris","Korthalsia flagellaris","","1.7°C a 4.4°C","10b, 11a"
"korthalsia_furcata","Korthalsia furcata","","1.7°C a 4.4°C","10b, 11a"
"korthalsia_furtadoana","Korthalsia furtadoana","","1.7°C a 4.4°C","10b, 11a"
"korthalsia_hispida","Korthalsia hispida","","1.7°C a 4.4°C","10b, 11a"
"korthalsia_jala","Korthalsia jala","","1.7°C a 4.4°C","10b, 11a"
"korthalsia_junghuhnii","Korthalsia junghuhnii","","1.7°C a 4.4°C","10b, 11a"
"korthalsia_laciniosa","Korthalsia laciniosa","","1.7°C a 4.4°C","10b, 11a"
"korthalsia_lanceolata","Korthalsia lanceolata","","1.7°C a 4.4°C","10b, 11a"
"korthalsia_merrillii","Korthalsia merrillii","","1.7°C a 4.4°C","10b, 11a"
"korthalsia_minor","Korthalsia minor","May dung dinh rattan","1.7°C a 4.4°C","10b, 11a"
"korthalsia_paucijuga","Korthalsia paucijuga","","1.7°C a 4.4°C","10b, 11a"
"korthalsia_rigida","Korthalsia rigida","","1.7°C a 4.4°C","10b, 11a"
"korthalsia_robusta","Korthalsia robusta","","1.7°C a 4.4°C","10b, 11a"
"korthalsia_rogersii","Korthalsia rogersii","","1.7°C a 4.4°C","10b, 11a"
"korthalsia_rostrata","Korthalsia rostrata","","1.7°C a 4.4°C","10b, 11a"
"korthalsia_scaphigeroides","Korthalsia scaphigeroides","","1.7°C a 4.4°C","10b, 11a"
"korthalsia_scortechinii","Korthalsia scortechinii","","1.7°C a 4.4°C","10b, 11a"
"korthalsia_tenuissima","Korthalsia tenuissima","","1.7°C a 4.4°C","10b, 11a"
"korthalsia_zippelii","Korthalsia zippelii","","1.7°C a 4.4°C","10b, 11a"
"laccospadix_australasicus","Laccospadix australasicus","Atherton Palm","-3.9°C a -1.1°C","9b, 10a, 10b, 11a"
"laccosperma_acutiflorum","Laccosperma acutiflorum","","1.7°C a 4.4°C","10b, 11a"
"laccosperma_korupensis","Laccosperma korupensis","","1.7°C a 4.4°C","10b, 11a"
"laccosperma_laeve","Laccosperma laeve","","1.7°C a 4.4°C","10b, 11a"
"laccosperma_opacum","Laccosperma opacum","","1.7°C a 4.4°C","10b, 11a"
"laccosperma_robustum","Laccosperma robustum","","1.7°C a 4.4°C","10b, 11a"
"laccosperma_secundiflorum","Laccosperma secundiflorum","","-1.1°C a 1.7°C","10a, 10b, 11a"
"lanonia_acaulis","Lanonia acaulis","Stemless Hat Palm","-1.1°C a 1.7°C","10a, 10b, 11a"
"lanonia_calciphila","Lanonia calciphila","","-6.7°C a -3.9°C","9a, 9b, 10a, 10b, 11a"
"lanonia_centralis","Lanonia centralis","","-3.9°C a -1.1°C","9b, 10a, 10b, 11a"
"lanonia_dasyantha","Lanonia dasyantha","Vietnamese Paradise Palm","-3.9°C a -1.1°C","9b, 10a, 10b, 11a"
"lanonia_gracilis","Lanonia gracilis","","N/A",""
"lanonia_hainanensis","Lanonia hainanensis","Hainan Hat Palm","-3.9°C a -1.1°C","9b, 10a, 10b, 11a"
"lanonia_hexasepala","Lanonia hexasepala","","-3.9°C a -1.1°C","9b, 10a, 10b, 11a"
"lanonia_magalonii","Lanonia magalonii","","-3.9°C a -1.1°C","9b, 10a, 10b, 11a"
"latania_loddigesii","Latania loddigesii","Blue Latan Palm","-1.1°C a 1.7°C","10a, 10b, 11a"
"latania_lontaroides","Latania lontaroides","Red Latan Palm","-3.9°C a -1.1°C","9b, 10a, 10b, 11a"
"latania_verschaffeltii","Latania verschaffeltii","Yellow Latan Palm","-1.1°C a 1.7°C","10a, 10b, 11a"
"lemurophoenix_halleuxii","Lemurophoenix halleuxii","Red Lemur Palm","1.7°C a 4.4°C","10b, 11a"
"leopoldinia_piassaba","Leopoldinia piassaba","Cheeky Palm","-1.1°C a 1.7°C","10a, 10b, 11a"
"leopoldinia_pulchra","Leopoldinia pulchra","","N/A",""
"lepidocaryum_tenue_var_casiquiarense","Lepidocaryum tenue var. casiquiarense","","N/A",""
"lepidocaryum_tenue_var_gracile","Lepidocaryum tenue var. gracile","","N/A",""
"lepidocaryum_tenue_var_tenue","Lepidocaryum tenue var. tenue","","N/A",""
"lepidorrhachis_mooreana","Lepidorrhachis mooreana","Little Mountain Palm","-3.9°C a -1.1°C","9b, 10a, 10b, 11a"
"leucothrinax_morrisii","Leucothrinax morrisii","Brittle Thatch Palm","1.7°C a 4.4°C","10b, 11a"
"licuala_acuminata","Licuala acuminata","","1.7°C a 4.4°C","10b, 11a"
"licuala_acutifida","Licuala acutifida","","1.7°C a 4.4°C","10b, 11a"
"licuala_adscendens","Licuala adscendens","","N/A",""
"licuala_ahlidurii","Licuala ahlidurii","","1.7°C a 4.4°C","10b, 11a"
"licuala_angustiloba","Licuala angustiloba","","1.7°C a 4.4°C","10b, 11a"
"licuala_anomala","Licuala anomala","","1.7°C a 4.4°C","10b, 11a"
"licuala_aruensis","Licuala aruensis","","1.7°C a 4.4°C","10b, 11a"
"licuala_atroviridis","Licuala atroviridis","","1.7°C a 4.4°C","10b, 11a"
"licuala_averyanovii","Licuala averyanovii","","N/A",""
"licuala_bachmaensis","Licuala bachmaensis","","1.7°C a 4.4°C","10b, 11a"
"licuala_bacularia","Licuala bacularia","","1.7°C a 4.4°C","10b, 11a"
"licuala_bayana","Licuala bayana","","1.7°C a 4.4°C","10b, 11a"
"licuala_beccariana","Licuala beccariana","","1.7°C a 4.4°C","10b, 11a"
"licuala_bellatula","Licuala bellatula","","1.7°C a 4.4°C","10b, 11a"
"licuala_bidentata","Licuala bidentata","","N/A",""
"licuala_bidoupensis","Licuala bidoupensis","","1.7°C a 4.4°C","10b, 11a"
"licuala_bifida","Licuala bifida","","N/A",""
"licuala_bintulensis","Licuala bintulensis","","N/A",""
"licuala_bissula","Licuala bissula","","1.7°C a 4.4°C","10b, 11a"
"licuala_borneensis","Licuala borneensis","","1.7°C a 4.4°C","10b, 11a"
"licuala_bracteata","Licuala bracteata","","1.7°C a 4.4°C","10b, 11a"
"licuala_brevicalyx","Licuala brevicalyx","","1.7°C a 4.4°C","10b, 11a"
"licuala_bruneiana","Licuala bruneiana","","N/A",""
"licuala_burretii","Licuala burretii","","N/A",""
"licuala_cabalionii","Licuala cabalionii","","1.7°C a 4.4°C","10b, 11a"
"licuala_cameronensis","Licuala cameronensis","","1.7°C a 4.4°C","10b, 11a"
"licuala_campestris","Licuala campestris","","N/A",""
"licuala_cattienensis","Licuala cattienensis","","N/A",""
"licuala_celebica","Licuala celebica","","1.7°C a 4.4°C","10b, 11a"
"licuala_chaiana","Licuala chaiana","","N/A",""
"licuala_collina","Licuala collina","","N/A",""
"licuala_concinna","Licuala concinna","","1.7°C a 4.4°C","10b, 11a"
"licuala_cordata_var_ashtonii","Licuala cordata var. ashtonii","","1.7°C a 4.4°C","10b, 11a"
"licuala_cordata_var_cordata","Licuala cordata var. cordata","Heart, shaped Fan Palm","1.7°C a 4.4°C","10b, 11a"
"licuala_corneri","Licuala corneri","","1.7°C a 4.4°C","10b, 11a"
"licuala_crassiflora","Licuala crassiflora","","1.7°C a 4.4°C","10b, 11a"
"licuala_dakrongensis","Licuala dakrongensis","","1.7°C a 4.4°C","10b, 11a"
"licuala_debilis","Licuala debilis","","1.7°C a 4.4°C","10b, 11a"
"licuala_densiflora","Licuala densiflora","","1.7°C a 4.4°C","10b, 11a"
"licuala_distans","Licuala distans","","1.7°C a 4.4°C","10b, 11a"
"licuala_egregia","Licuala egregia","","1.7°C a 4.4°C","10b, 11a"
"licuala_elegans","Licuala elegans","","-1.1°C a 1.7°C","10a, 10b, 11a"
"licuala_ellipsoidalis","Licuala ellipsoidalis","","1.7°C a 4.4°C","10b, 11a"
"licuala_elliptica","Licuala elliptica","","N/A",""
"licuala_exigua","Licuala exigua","","N/A",""
"licuala_ferruginea","Licuala ferruginea","","1.7°C a 4.4°C","10b, 11a"
"licuala_ferruginoides","Licuala ferruginoides","","1.7°C a 4.4°C","10b, 11a"
"licuala_flammula","Licuala flammula","","N/A",""
"licuala_flavida","Licuala flavida","","1.7°C a 4.4°C","10b, 11a"
"licuala_flexuosa","Licuala flexuosa","","1.7°C a 4.4°C","10b, 11a"
"licuala_fordiana","Licuala fordiana","","-3.9°C a -1.1°C","9b, 10a, 10b, 11a"
"licuala_fractiflexa","Licuala fractiflexa","","1.7°C a 4.4°C","10b, 11a"
"licuala_gjellerupii","Licuala gjellerupii","","1.7°C a 4.4°C","10b, 11a"
"licuala_glaberrima","Licuala glaberrima","","1.7°C a 4.4°C","10b, 11a"
"licuala_glabra_var_glabra","Licuala glabra var. glabra","","1.7°C a 4.4°C","10b, 11a"
"licuala_glabra_var_selangorensis","Licuala glabra var. selangorensis","","1.7°C a 4.4°C","10b, 11a"
"licuala_graminifolia","Licuala graminifolia","","N/A",""
"licuala_grandiflora","Licuala grandiflora","","1.7°C a 4.4°C","10b, 11a"
"licuala_grandis","Licuala grandis","Ruffled Fan Palm","-3.9°C a -1.1°C","9b, 10a, 10b, 11a"
"licuala_hallieriana","Licuala hallieriana","","1.7°C a 4.4°C","10b, 11a"
"licuala_insignis","Licuala insignis","","1.7°C a 4.4°C","10b, 11a"
"licuala_intermedia","Licuala intermedia","","N/A",""
"licuala_kamarudinii","Licuala kamarudinii","","1.7°C a 4.4°C","10b, 11a"
"licuala_kemamanensis","Licuala kemamanensis","Kemaman Fan Palm","1.7°C a 4.4°C","10b, 11a"
"licuala_khoonmengii","Licuala khoonmengii","Metallic Fan Palm","1.7°C a 4.4°C","10b, 11a"
"licuala_kiahii","Licuala kiahii","","1.7°C a 4.4°C","10b, 11a"
"licuala_kingiana","Licuala kingiana","","1.7°C a 4.4°C","10b, 11a"
"licuala_klossii","Licuala klossii","","1.7°C a 4.4°C","10b, 11a"
"licuala_kuchingensis","Licuala kuchingensis","","N/A",""
"licuala_kunstleri","Licuala kunstleri","","1.7°C a 4.4°C","10b, 11a"
"licuala_lambii","Licuala lambii","","N/A",""
"licuala_lanata","Licuala lanata","","1.7°C a 4.4°C","10b, 11a"
"licuala_lanuginosa","Licuala lanuginosa","","1.7°C a 4.4°C","10b, 11a"
"licuala_lauterbachii_var_bougainvillensis","Licuala lauterbachii var. bougainvillensis","","N/A",""
"licuala_lauterbachii_var_lauterbachii","Licuala lauterbachii var. lauterbachii","Bougainville Palm","-1.1°C a 1.7°C","10a, 10b, 11a"
"licuala_leprosa","Licuala leprosa","","1.7°C a 4.4°C","10b, 11a"
"licuala_leptocalyx","Licuala leptocalyx","","1.7°C a 4.4°C","10b, 11a"
"licuala_leucocarpa","Licuala leucocarpa","","N/A",""
"licuala_linearis","Licuala linearis","","1.7°C a 4.4°C","10b, 11a"
"licuala_longicalycata","Licuala longicalycata","","1.7°C a 4.4°C","10b, 11a"
"licuala_longiflora","Licuala longiflora","","1.7°C a 4.4°C","10b, 11a"
"licuala_longipes","Licuala longipes","","1.7°C a 4.4°C","10b, 11a"
"licuala_longispadix","Licuala longispadix","","1.7°C a 4.4°C","10b, 11a"
"licuala_macrantha","Licuala macrantha","","1.7°C a 4.4°C","10b, 11a"
"licuala_maculata","Licuala maculata","","N/A",""
"licuala_magna","Licuala magna","","1.7°C a 4.4°C","10b, 11a"
"licuala_malajana_var_humilis","Licuala malajana var. humilis","","1.7°C a 4.4°C","10b, 11a"
"licuala_malajana_var_malajana","Licuala malajana var. malajana","","1.7°C a 4.4°C","10b, 11a"
"licuala_manglaensis","Licuala manglaensis","","1.7°C a 4.4°C","10b, 11a"
"licuala_mattanensis_var_mattanensis","Licuala mattanensis var. mattanensis","Paradise Palm","1.7°C a 4.4°C","10b, 11a"
"licuala_mattanensis_var_paucisecta","Licuala mattanensis var. paucisecta","Variagated Mapu Palm","1.7°C a 4.4°C","10b, 11a"
"licuala_meijeri","Licuala meijeri","","N/A",""
"licuala_merguensis","Licuala merguensis","","1.7°C a 4.4°C","10b, 11a"
"licuala_micholitzii_var_leeana","Licuala micholitzii var. leeana","","1.7°C a 4.4°C","10b, 11a"
"licuala_micholitzii_var_micholitzii","Licuala micholitzii var. micholitzii","","1.7°C a 4.4°C","10b, 11a"
"licuala_micrantha","Licuala micrantha","","1.7°C a 4.4°C","10b, 11a"
"licuala_mirabilis","Licuala mirabilis","","1.7°C a 4.4°C","10b, 11a"
"licuala_miriensis","Licuala miriensis","","N/A",""
"licuala_modesta","Licuala modesta","","1.7°C a 4.4°C","10b, 11a"
"licuala_montana","Licuala montana","","1.7°C a 4.4°C","10b, 11a"
"licuala_moszkowskiana","Licuala moszkowskiana","","1.7°C a 4.4°C","10b, 11a"
"licuala_moyseyi","Licuala moyseyi","","1.7°C a 4.4°C","10b, 11a"
"licuala_mukahensis","Licuala mukahensis","","N/A",""
"licuala_mustapana","Licuala mustapana","Pinwheel Fan Palm","1.7°C a 4.4°C","10b, 11a"
"licuala_nana","Licuala nana","","1.7°C a 4.4°C","10b, 11a"
"licuala_naumoniensis","Licuala naumoniensis","","1.7°C a 4.4°C","10b, 11a"
"licuala_nauroannii","Licuala nauroannii","","1.7°C a 4.4°C","10b, 11a"
"licuala_olivifera","Licuala olivifera","","1.7°C a 4.4°C","10b, 11a"
"licuala_oliviformis","Licuala oliviformis","","1.7°C a 4.4°C","10b, 11a"
"licuala_oninensis","Licuala oninensis","","1.7°C a 4.4°C","10b, 11a"
"licuala_orbicularis","Licuala orbicularis","Parasol Palm","N/A",""
"licuala_oryzoides","Licuala oryzoides","","N/A",""
"licuala_pachycalyx","Licuala pachycalyx","","1.7°C a 4.4°C","10b, 11a"
"licuala_pahangensis","Licuala pahangensis","","1.7°C a 4.4°C","10b, 11a"
"licuala_palas","Licuala palas","","1.7°C a 4.4°C","10b, 11a"
"licuala_paludosa","Licuala paludosa","Golden Licuala","-1.1°C a 1.7°C","10a, 10b, 11a"
"licuala_parviflora","Licuala parviflora","","1.7°C a 4.4°C","10b, 11a"
"licuala_patens","Licuala patens","","1.7°C a 4.4°C","10b, 11a"
"licuala_paucisecta","Licuala paucisecta","","1.7°C a 4.4°C","10b, 11a"
"licuala_peekelii","Licuala peekelii","","1.7°C a 4.4°C","10b, 11a"
"licuala_peltata_var_peltata","Licuala peltata var. peltata","","1.7°C a 4.4°C","10b, 11a"
"licuala_peltata_var_sumawongii","Licuala peltata var. sumawongii","","-1.1°C a 1.7°C","10a, 10b, 11a"
"licuala_penduliflora","Licuala penduliflora","","1.7°C a 4.4°C","10b, 11a"
"licuala_petiolulata","Licuala petiolulata","","1.7°C a 4.4°C","10b, 11a"
"licuala_pilosa","Licuala pilosa","","N/A",""
"licuala_pitta","Licuala pitta","","N/A",""
"licuala_platydactyla","Licuala platydactyla","","1.7°C a 4.4°C","10b, 11a"
"licuala_polyschista","Licuala polyschista","","1.7°C a 4.4°C","10b, 11a"
"licuala_poonsakii","Licuala poonsakii","Poonsak's Fan Palm","-1.1°C a 1.7°C","10a, 10b, 11a"
"licuala_pulchella","Licuala pulchella","","1.7°C a 4.4°C","10b, 11a"
"licuala_pumila","Licuala pumila","","1.7°C a 4.4°C","10b, 11a"
"licuala_punctulata","Licuala punctulata","","1.7°C a 4.4°C","10b, 11a"
"licuala_pusilla","Licuala pusilla","","1.7°C a 4.4°C","10b, 11a"
"licuala_radula","Licuala radula","","1.7°C a 4.4°C","10b, 11a"
"licuala_ramsayi_var_ramsayi","Licuala ramsayi var. ramsayi","Australian Fan Palm","-1.1°C a 1.7°C","10a, 10b, 11a"
"licuala_ramsayi_var_tuckeri","Licuala ramsayi var. tuckeri","","1.7°C a 4.4°C","10b, 11a"
"licuala_reptans","Licuala reptans","","1.7°C a 4.4°C","10b, 11a"
"licuala_rheophytica","Licuala rheophytica","","N/A",""
"licuala_ridleyana","Licuala ridleyana","","1.7°C a 4.4°C","10b, 11a"
"licuala_robinsoniana","Licuala robinsoniana","","1.7°C a 4.4°C","10b, 11a"
"licuala_robusta","Licuala robusta","","1.7°C a 4.4°C","10b, 11a"
"licuala_rubiginosa","Licuala rubiginosa","","N/A",""
"licuala_rumphii","Licuala rumphii","Celebes Fan Palm","-1.1°C a 1.7°C","10a, 10b, 11a"
"licuala_ruthiae","Licuala ruthiae","","1.7°C a 4.4°C","10b, 11a"
"licuala_sabahana","Licuala sabahana","","N/A",""
"licuala_sallehana_var_incisifolia","Licuala sallehana var. incisifolia","","1.7°C a 4.4°C","10b, 11a"
"licuala_sallehana_var_sallehana","Licuala sallehana var. sallehana","","1.7°C a 4.4°C","10b, 11a"
"licuala_sarawakensis","Licuala sarawakensis","","1.7°C a 4.4°C","10b, 11a"
"licuala_scortechinii","Licuala scortechinii","","1.7°C a 4.4°C","10b, 11a"
"licuala_simplex","Licuala simplex","","1.7°C a 4.4°C","10b, 11a"
"licuala_spathellifera","Licuala spathellifera","","1.7°C a 4.4°C","10b, 11a"
"licuala_spectabilis","Licuala spectabilis","","1.7°C a 4.4°C","10b, 11a"
"licuala_spicata","Licuala spicata","","1.7°C a 4.4°C","10b, 11a"
"licuala_spinosa","Licuala spinosa","Mangrove Fan Palm","-1.1°C a 1.7°C","10a, 10b, 11a"
"licuala_steinii","Licuala steinii","","1.7°C a 4.4°C","10b, 11a"
"licuala_stipitata","Licuala stipitata","","1.7°C a 4.4°C","10b, 11a"
"licuala_stongensis","Licuala stongensis","","1.7°C a 4.4°C","10b, 11a"
"licuala_tanycola","Licuala tanycola","","1.7°C a 4.4°C","10b, 11a"
"licuala_taynguyensis","Licuala taynguyensis","","1.7°C a 4.4°C","10b, 11a"
"licuala_telifera","Licuala telifera","","1.7°C a 4.4°C","10b, 11a"
"licuala_tenuissima","Licuala tenuissima","","1.7°C a 4.4°C","10b, 11a"
"licuala_terengganuensis","Licuala terengganuensis","Terengganu Fan Palm","1.7°C a 4.4°C","10b, 11a"
"licuala_thoana","Licuala thoana","","1.7°C a 4.4°C","10b, 11a"
"licuala_tiomanensis","Licuala tiomanensis","","1.7°C a 4.4°C","10b, 11a"
"licuala_triphylla","Licuala triphylla","","1.7°C a 4.4°C","10b, 11a"
"licuala_urciflora","Licuala urciflora","","N/A",""
"licuala_whitmorei","Licuala whitmorei","","1.7°C a 4.4°C","10b, 11a"
"licuala_yiiana","Licuala yiiana","","N/A",""
"linospadix_albertisianus","Linospadix albertisianus","","1.7°C a 4.4°C","10b, 11a"
"linospadix_apetiolatus","Linospadix apetiolatus","","-1.1°C a 1.7°C","10a, 10b, 11a"
"linospadix_caninus","Linospadix caninus","","1.7°C a 4.4°C","10b, 11a"
"linospadix_microcaryus","Linospadix microcaryus","","-1.1°C a 1.7°C","10a, 10b, 11a"
"linospadix_microspadix","Linospadix microspadix","","-1.1°C a 1.7°C","10a, 10b, 11a"
"linospadix_minor","Linospadix minor","Jakarungle Palm","-1.1°C a 1.7°C","10a, 10b, 11a"
"linospadix_monostachyos","Linospadix monostachyos","Walking Stick Palm","-3.9°C a -1.1°C","9b, 10a, 10b, 11a"
"linospadix_palmerianus","Linospadix palmerianus","Palmers Walking Stick Palm","-1.1°C a 1.7°C","10a, 10b, 11a"
"livistona_alfredii","Livistona alfredii","Millstream Palm","-3.9°C a -1.1°C","9b, 10a, 10b, 11a"
"livistona_australis","Livistona australis","Southern Fan Palm","-6.7°C a -3.9°C","9a, 9b, 10a, 10b, 11a"
"livistona_benthamii","Livistona benthamii","Bentham's Fountain Palm","-3.9°C a -1.1°C","9b, 10a, 10b, 11a"
"livistona_boninensis","Livistona boninensis","Bonin Islands fan palm","-9.4°C a -6.7°C","8b, 9a, 9b, 10a, 10b, 11a"
"livistona_carinensis","Livistona carinensis","Bankouale palm","-3.9°C a -1.1°C","9b, 10a, 10b, 11a"
"livistona_chinensis","Livistona chinensis","Chinese Fan Palm","-6.7°C a -3.9°C","9a, 9b, 10a, 10b, 11a"
"livistona_chinensis_var_subglobosa","Livistona chinensis var. subglobosa","Taiwan Fan Palm","-9.4°C a -6.7°C","8b, 9a, 9b, 10a, 10b, 11a"
"livistona_concinna","Livistona concinna","","-1.1°C a 1.7°C","10a, 10b, 11a"
"livistona_decora","Livistona decora","Ribbon Fan Palm","-6.7°C a -3.9°C","9a, 9b, 10a, 10b, 11a"
"livistona_decipiens","Livistona decipiens","","N/A",""
"livistona_drudei","Livistona drudei","","-3.9°C a -1.1°C","9b, 10a, 10b, 11a"
"livistona_eastonii","Livistona eastonii","Mitchell Plateau Fan Palm","-1.1°C a 1.7°C","10a, 10b, 11a"
"livistona_endauensis","Livistona endauensis","Endau Fan Palm","-1.1°C a 1.7°C","10a, 10b, 11a"
"livistona_exigua","Livistona exigua","","-1.1°C a 1.7°C","10a, 10b, 11a"
"livistona_fulva","Livistona fulva","","-3.9°C a -1.1°C","9b, 10a, 10b, 11a"
"livistona_halongensis","Livistona halongensis","","-1.1°C a 1.7°C","10a, 10b, 11a"
"livistona_humilis","Livistona humilis","Australian Sand Palm","-1.1°C a 1.7°C","10a, 10b, 11a"
"livistona_inermis","Livistona inermis","Wispy Fan Palm","-1.1°C a 1.7°C","10a, 10b, 11a"
"livistona_jenkinsiana","Livistona jenkinsiana","Major Jenkins' Fan Palm","-3.9°C a -1.1°C","9b, 10a, 10b, 11a"
"livistona_lanuginosa","Livistona lanuginosa","Cape River Fan Palm","-3.9°C a -1.1°C","9b, 10a, 10b, 11a"
"livistona_lorophylla","Livistona lorophylla","","1.7°C a 4.4°C","10b, 11a"
"livistona_mariae","Livistona mariae","Central Australian Fan Palm","-3.9°C a -1.1°C","9b, 10a, 10b, 11a"
"livistona_muelleri","Livistona muelleri","Australian Dwarf Fan Palm","-1.1°C a 1.7°C","10a, 10b, 11a"
"livistona_nasmophila","Livistona nasmophila","","-3.9°C a -1.1°C","9b, 10a, 10b, 11a"
"livistona_nitida","Livistona nitida","Carnavon Palm","-3.9°C a -1.1°C","9b, 10a, 10b, 11a"
"livistona_rigida","Livistona rigida","Mataranka palm","-6.7°C a -3.9°C","9a, 9b, 10a, 10b, 11a"
"livistona_saribus","Livistona saribus","Taraw Palm","-3.9°C a -1.1°C","9b, 10a, 10b, 11a"
"livistona_speciosa","Livistona speciosa","","1.7°C a 4.4°C","10b, 11a"
"livistona_tahanensis","Livistona tahanensis","","-1.1°C a 1.7°C","10a, 10b, 11a"
"livistona_victoriae","Livistona victoriae","","-3.9°C a -1.1°C","9b, 10a, 10b, 11a"
"lodoicea_maldivica","Lodoicea maldivica","Coco de Mer","1.7°C a 4.4°C","10b, 11a"
"loxococcus_rupicola","Loxococcus rupicola","Crook Fruit Palm","-3.9°C a -1.1°C","9b, 10a, 10b, 11a"
"lytocaryum_hoehnei","Lytocaryum hoehnei","Hoehne's Miniature Coconut Palm","-3.9°C a -1.1°C","9b, 10a, 10b, 11a"
"lytocaryum_insigne","Lytocaryum insigne","","-6.7°C a -3.9°C","9a, 9b, 10a, 10b, 11a"
"lytocaryum_itapebiensis","Lytocaryum itapebiensis","","-1.1°C a 1.7°C","10a, 10b, 11a"
"lytocaryum_weddellianum","Lytocaryum weddellianum","Miniature Coconut Palm","-3.9°C a -1.1°C","9b, 10a, 10b, 11a"
"manicaria_martiana","Manicaria martiana","","1.7°C a 4.4°C","10b, 11a"
"manicaria_saccifera","Manicaria saccifera","Troolie Palm","N/A",""
"manjekia_maturbongsii","Manjekia maturbongsii","Manjek Palm","1.7°C a 4.4°C","10b, 11a"
"marojejya_darianii","Marojejya darianii","Big Leaf Palm","N/A",""
"marojejya_insignis","Marojejya insignis","","N/A",""
"masoala_kona","Masoala kona","Kona Palm","N/A",""
"masoala_madagascariensis","Masoala madagascariensis","","N/A",""
"mauritia_carana","Mauritia carana","Carana Palm","1.7°C a 4.4°C","10b, 11a"
"mauritia_flexuosa","Mauritia flexuosa","Morete Palm","1.7°C a 4.4°C","10b, 11a"
"mauritiella_aculeata","Mauritiella aculeata","Rio Negro Palm","N/A",""
"mauritiella_armata","Mauritiella armata","Moretillo Palm","N/A",""
"mauritiella_macroclada","Mauritiella macroclada","","N/A",""
"mauritiella_pumila","Mauritiella pumila","","1.7°C a 4.4°C","10b, 11a"
"maxburretia_furtadoana","Maxburretia furtadoana","","N/A",""
"maxburretia_gracilis","Maxburretia gracilis","","N/A",""
"maxburretia_rupicola","Maxburretia rupicola","","N/A",""
"medemia_argun","Medemia argun","Nubian Desert Palm","-1.1°C a 1.7°C","10a, 10b, 11a"
"metroxylon_amicarum","Metroxylon amicarum","","N/A",""
"metroxylon_paulcoxii","Metroxylon paulcoxii","","N/A",""
"metroxylon_sagu","Metroxylon sagu","Sago Palm","N/A",""
"metroxylon_salomonense","Metroxylon salomonense","Solomon Ivory Nut Palm","N/A",""
"metroxylon_upoluense","Metroxylon upoluense","","N/A",""
"metroxylon_vitiense","Metroxylon vitiense","Fijian Sago Palm","N/A",""
"metroxylon_warburgii","Metroxylon warburgii","Vanuatu Sago Palm","-1.1°C a 1.7°C","10a, 10b, 11a"
"myrialepis_paradoxa","Myrialepis paradoxa","Kertong Rattan","1.7°C a 4.4°C","10b, 11a"
"nannorrhops_ritchiana","Nannorrhops ritchiana","Mazari Palm","-9.4°C a -6.7°C","8b, 9a, 9b, 10a, 10b, 11a"
"nannorrhops_ritchiana_sp_silver","Nannorrhops ritchiana sp. silver","Silver Mazari Palm","-3.9°C a -1.1°C","9b, 10a, 10b, 11a"
"nenga_banaensis","Nenga banaensis","Indochinese Nenga Palm","1.7°C a 4.4°C","10b, 11a"
"nenga_gajah","Nenga gajah","","1.7°C a 4.4°C","10b, 11a"
"nenga_grandiflora","Nenga grandiflora","","1.7°C a 4.4°C","10b, 11a"
"nenga_macrocarpa","Nenga macrocarpa","Large, fruited Nenga Palm","1.7°C a 4.4°C","10b, 11a"
"nenga_pumila_var_pachystachya","Nenga pumila var. pachystachya","","1.7°C a 4.4°C","10b, 11a"
"nenga_pumila_var_pumila","Nenga pumila var. pumila","Dwarf Nenga Palm","1.7°C a 4.4°C","10b, 11a"
"neonicholsonia_watsonii","Neonicholsonia watsonii","","N/A",""
"neoveitchia_brunnea","Neoveitchia brunnea","Devil Palm","N/A",""
"neoveitchia_storckii","Neoveitchia storckii","","N/A",""
"nephrosperma_vanhoutteanum","Nephrosperma van-houtteanum","","N/A",""
"normanbya_normanbyi","Normanbya normanbyi","Black Palm","-1.1°C a 1.7°C","10a, 10b, 11a"
"nypa_fruticans","Nypa fruticans","Nypa Palm","-1.1°C a 1.7°C","10a, 10b, 11a"
"oenocarpus_bacaba","Oenocarpus bacaba","Bacaba Palm","1.7°C a 4.4°C","10b, 11a"
"oenocarpus_balickii","Oenocarpus balickii","","1.7°C a 4.4°C","10b, 11a"
"oenocarpus_bataua_var_bataua","Oenocarpus bataua var. bataua","","-1.1°C a 1.7°C","10a, 10b, 11a"
"oenocarpus_bataua_var_oligocarpus","Oenocarpus bataua var. oligocarpus","","1.7°C a 4.4°C","10b, 11a"
"oenocarpus_circumtextus","Oenocarpus circumtextus","","1.7°C a 4.4°C","10b, 11a"
"oenocarpus_distichus","Oenocarpus distichus","","1.7°C a 4.4°C","10b, 11a"
"oenocarpus_makeru","Oenocarpus makeru","","1.7°C a 4.4°C","10b, 11a"
"oenocarpus_mapora","Oenocarpus mapora","","1.7°C a 4.4°C","10b, 11a"
"oenocarpus_minor","Oenocarpus minor","Milpesillo Palm","1.7°C a 4.4°C","10b, 11a"
"oenocarpus_simplex","Oenocarpus simplex","","1.7°C a 4.4°C","10b, 11a"
"oncocalamus_macrospathus","Oncocalamus macrospathus","","N/A",""
"oncocalamus_mannii","Oncocalamus mannii","","1.7°C a 4.4°C","10b, 11a"
"oncocalamus_tuleyi","Oncocalamus tuleyi","","N/A",""
"oncocalamus_wrightianus","Oncocalamus wrightianus","","N/A",""
"oncosperma_fasciculatum","Oncosperma fasciculatum","","1.7°C a 4.4°C","10b, 11a"
"oncosperma_gracilipes","Oncosperma gracilipes","","1.7°C a 4.4°C","10b, 11a"
"oncosperma_horridum","Oncosperma horridum","Mountain Nibung Palm","1.7°C a 4.4°C","10b, 11a"
"oncosperma_platyphyllum","Oncosperma platyphyllum","","1.7°C a 4.4°C","10b, 11a"
"oncosperma_tigillarium","Oncosperma tigillarium","","1.7°C a 4.4°C","10b, 11a"
"orania_archboldiana","Orania archboldiana","","1.7°C a 4.4°C","10b, 11a"
"orania_bakeri","Orania bakeri","","1.7°C a 4.4°C","10b, 11a"
"orania_dafonsoroensis","Orania dafonsoroensis","","1.7°C a 4.4°C","10b, 11a"
"orania_decipiens","Orania decipiens","","1.7°C a 4.4°C","10b, 11a"
"orania_deflexa","Orania deflexa","","1.7°C a 4.4°C","10b, 11a"
"orania_disticha","Orania disticha","","1.7°C a 4.4°C","10b, 11a"
"orania_ferruginea","Orania ferruginea","","1.7°C a 4.4°C","10b, 11a"
"orania_gagavu","Orania gagavu","","1.7°C a 4.4°C","10b, 11a"
"orania_glauca","Orania glauca","","1.7°C a 4.4°C","10b, 11a"
"orania_grandiflora","Orania grandiflora","","1.7°C a 4.4°C","10b, 11a"
"orania_lauterbachiana","Orania lauterbachiana","","1.7°C a 4.4°C","10b, 11a"
"orania_littoralis","Orania littoralis","","1.7°C a 4.4°C","10b, 11a"
"orania_longisquama","Orania longisquama","Sindro Palm","1.7°C a 4.4°C","10b, 11a"
"orania_longistaminodia","Orania longistaminodia","","1.7°C a 4.4°C","10b, 11a"
"orania_macropetala","Orania macropetala","","1.7°C a 4.4°C","10b, 11a"
"orania_micrantha","Orania micrantha","","1.7°C a 4.4°C","10b, 11a"
"orania_oreophila","Orania oreophila","","1.7°C a 4.4°C","10b, 11a"
"orania_palindan","Orania palindan","","1.7°C a 4.4°C","10b, 11a"
"orania_paraguanensis","Orania paraguanensis","","1.7°C a 4.4°C","10b, 11a"
"orania_parva","Orania parva","","1.7°C a 4.4°C","10b, 11a"
"orania_ravaka","Orania ravaka","","1.7°C a 4.4°C","10b, 11a"
"orania_regalis","Orania regalis","","1.7°C a 4.4°C","10b, 11a"
"orania_sylvicola","Orania sylvicola","","1.7°C a 4.4°C","10b, 11a"
"orania_tabubilensis","Orania tabubilensis","","1.7°C a 4.4°C","10b, 11a"
"orania_timikae","Orania timikae","","1.7°C a 4.4°C","10b, 11a"
"orania_trispatha","Orania trispatha","","1.7°C a 4.4°C","10b, 11a"
"orania_zonae","Orania zonae","","1.7°C a 4.4°C","10b, 11a"
"oraniopsis_appendiculata","Oraniopsis appendiculata","Bronze Palm","-6.7°C a -3.9°C","9a, 9b, 10a, 10b, 11a"
"parajubaea_cocoides","Parajubaea cocoides","Mountain Coconut","-6.7°C a -3.9°C","9a, 9b, 10a, 10b, 11a"
"parajubaea_sunkha","Parajubaea sunkha","Zunca Palm","-3.9°C a -1.1°C","9b, 10a, 10b, 11a"
"parajubaea_torallyi_var_microcarpa","Parajubaea torallyi var. microcarpa","Bolivian Mountain Coconut","-6.7°C a -3.9°C","9a, 9b, 10a, 10b, 11a"
"parajubaea_torallyi_var_torallyi","Parajubaea torallyi var. torallyi","Pasopaya Palm","-6.7°C a -3.9°C","9a, 9b, 10a, 10b, 11a"
"pelagodoxa_henryana","Pelagodoxa henryana","","N/A",""
"phoenicophorium_borsigianum","Phoenicophorium borsigianum","","N/A",""
"phoenix_acaulis","Phoenix acaulis","Dwarf Date Palm","-6.7°C a -3.9°C","9a, 9b, 10a, 10b, 11a"
"phoenix_andamanensis","Phoenix andamanensis","","-1.1°C a 1.7°C","10a, 10b, 11a"
"phoenix_atlantica","Phoenix atlantica","","-3.9°C a -1.1°C","9b, 10a, 10b, 11a"
"phoenix_caespitosa","Phoenix caespitosa","","-3.9°C a -1.1°C","9b, 10a, 10b, 11a"
"phoenix_canariensis","Phoenix canariensis","Canary Island Date Palm","-6.7°C a -3.9°C","9a, 9b, 10a, 10b, 11a"
"phoenix_dactylifera","Phoenix dactylifera","Date Palm","-6.7°C a -3.9°C","9a, 9b, 10a, 10b, 11a"
"phoenix_loureiroi_var_loureiroi","Phoenix loureiroi var. loureiroi","Mountain Date Palm","-6.7°C a -3.9°C","9a, 9b, 10a, 10b, 11a"
"phoenix_loureiroi_var_loureiroi_sp_formosana","Phoenix loureiroi var. loureiroi sp. formosana","Taiwan Date Palm","-3.9°C a -1.1°C","9b, 10a, 10b, 11a"
"phoenix_loureiroi_var_pedunculata","Phoenix loureiroi var. pedunculata","Ghats Date Palm","-6.7°C a -3.9°C","9a, 9b, 10a, 10b, 11a"
"phoenix_paludosa","Phoenix paludosa","Mangrove Date Palm","-1.1°C a 1.7°C","10a, 10b, 11a"
"phoenix_pusilla","Phoenix pusilla","Ceylon Date Palm","-1.1°C a 1.7°C","10a, 10b, 11a"
"phoenix_reclinata","Phoenix reclinata","Senegal Date Palm","-3.9°C a -1.1°C","9b, 10a, 10b, 11a"
"phoenix_roebelenii","Phoenix roebelenii","Pygmy Date Palm","-1.1°C a 1.7°C","10a, 10b, 11a"
"phoenix_rupicola","Phoenix rupicola","Cliff Date Palm","-1.1°C a 1.7°C","10a, 10b, 11a"
"phoenix_sylvestris","Phoenix sylvestris","Silver Date Palm","-3.9°C a -1.1°C","9b, 10a, 10b, 11a"
"phoenix_theophrasti","Phoenix theophrasti","Theophrastus Date Palm","-9.4°C a -6.7°C","8b, 9a, 9b, 10a, 10b, 11a"
"pholidocarpus_ihur","Pholidocarpus ihur","","N/A",""
"pholidocarpus_kingianus","Pholidocarpus kingianus","","N/A",""
"pholidocarpus_macrocarpus","Pholidocarpus macrocarpus","Kepang Palm","N/A",""
"pholidocarpus_majadum","Pholidocarpus majadum","","N/A",""
"pholidocarpus_mucronatus","Pholidocarpus mucronatus","","N/A",""
"pholidocarpus_sumatranus","Pholidocarpus sumatranus","","N/A",""
"pholidostachys_amazonensis","Pholidostachys amazonensis","","1.7°C a 4.4°C","10b, 11a"
"pholidostachys_dactyloides","Pholidostachys dactyloides","","-1.1°C a 1.7°C","10a, 10b, 11a"
"pholidostachys_kalbreyeri","Pholidostachys kalbreyeri","","1.7°C a 4.4°C","10b, 11a"
"pholidostachys_occidentalis","Pholidostachys occidentalis","","-1.1°C a 1.7°C","10a, 10b, 11a"
"pholidostachys_panamensis","Pholidostachys panamensis","","-1.1°C a 1.7°C","10a, 10b, 11a"
"pholidostachys_pulchra","Pholidostachys pulchra","","-1.1°C a 1.7°C","10a, 10b, 11a"
"pholidostachys_sanluisensis","Pholidostachys sanluisensis","","-1.1°C a 1.7°C","10a, 10b, 11a"
"pholidostachys_synanthera_subsp_robusta","Pholidostachys synanthera subsp. robusta","","N/A",""
"pholidostachys_synanthera_subsp_synanthera","Pholidostachys synanthera subsp. synanthera","","-6.7°C a -3.9°C","9a, 9b, 10a, 10b, 11a"
"physokentia_avia","Physokentia avia","","1.7°C a 4.4°C","10b, 11a"
"physokentia_dennisii","Physokentia dennisii","","1.7°C a 4.4°C","10b, 11a"
"physokentia_insolita","Physokentia insolita","","1.7°C a 4.4°C","10b, 11a"
"physokentia_petiolata","Physokentia petiolata","Tagadanu Palm","1.7°C a 4.4°C","10b, 11a"
"physokentia_tete","Physokentia tete","","1.7°C a 4.4°C","10b, 11a"
"physokentia_thurstonii","Physokentia thurstonii","","1.7°C a 4.4°C","10b, 11a"
"physokentia_whitmorei","Physokentia whitmorei","","1.7°C a 4.4°C","10b, 11a"
"phytelephas_aequatorialis","Phytelephas aequatorialis","Tagua Palm","1.7°C a 4.4°C","10b, 11a"
"phytelephas_macrocarpa","Phytelephas macrocarpa","Large, seeded Ivory Nut Palm","-1.1°C a 1.7°C","10a, 10b, 11a"
"phytelephas_schottii","Phytelephas schottii","Ivory Palm","-3.9°C a -1.1°C","9b, 10a, 10b, 11a"
"phytelephas_seemannii","Phytelephas seemannii","Seemann's Ivory Nut Palm","N/A",""
"phytelephas_tenuicaulis","Phytelephas tenuicaulis","Elegant Ivory Nut Palm","-1.1°C a 1.7°C","10a, 10b, 11a"
"phytelephas_tumacana","Phytelephas tumacana","Ivory Nut Palm","N/A",""
"pigafetta_elata","Pigafetta elata","Black Wanga Palm","1.7°C a 4.4°C","10b, 11a"
"pigafetta_filaris","Pigafetta filaris","White Wanga Palm","N/A",""
"pinanga_acaulis","Pinanga acaulis","","1.7°C a 4.4°C","10b, 11a"
"pinanga_acuminata","Pinanga acuminata","","-1.1°C a 1.7°C","10a, 10b, 11a"
"pinanga_adangensis","Pinanga adangensis","","1.7°C a 4.4°C","10b, 11a"
"pinanga_albescens","Pinanga albescens","","1.7°C a 4.4°C","10b, 11a"
"pinanga_andamanensis","Pinanga andamanensis","","1.7°C a 4.4°C","10b, 11a"
"pinanga_angustisecta","Pinanga angustisecta","","1.7°C a 4.4°C","10b, 11a"
"pinanga_annamensis","Pinanga annamensis","","1.7°C a 4.4°C","10b, 11a"
"pinanga_arinasae","Pinanga arinasae","","1.7°C a 4.4°C","10b, 11a"
"pinanga_aristata","Pinanga aristata","","1.7°C a 4.4°C","10b, 11a"
"pinanga_arundinacea","Pinanga arundinacea","","1.7°C a 4.4°C","10b, 11a"
"pinanga_auriculata_var_auriculata","Pinanga auriculata var. auriculata","","1.7°C a 4.4°C","10b, 11a"
"pinanga_auriculata_var_leucocarpa","Pinanga auriculata var. leucocarpa","","1.7°C a 4.4°C","10b, 11a"
"pinanga_auriculata_var_merguensis","Pinanga auriculata var. merguensis","","1.7°C a 4.4°C","10b, 11a"
"pinanga_badia","Pinanga badia","","1.7°C a 4.4°C","10b, 11a"
"pinanga_basilanensis","Pinanga basilanensis","","1.7°C a 4.4°C","10b, 11a"
"pinanga_batanensis","Pinanga batanensis","Batan Palm","1.7°C a 4.4°C","10b, 11a"
"pinanga_baviensis","Pinanga baviensis","Kwangtung Palm","1.7°C a 4.4°C","10b, 11a"
"pinanga_bicolana","Pinanga bicolana","","1.7°C a 4.4°C","10b, 11a"
"pinanga_borneensis","Pinanga borneensis","","1.7°C a 4.4°C","10b, 11a"
"pinanga_brevipes","Pinanga brevipes","","1.7°C a 4.4°C","10b, 11a"
"pinanga_caesia","Pinanga caesia","","1.7°C a 4.4°C","10b, 11a"
"pinanga_capitata_var_capitata","Pinanga capitata var. capitata","Bumburing Palm","1.7°C a 4.4°C","10b, 11a"
"pinanga_capitata_var_divaricata","Pinanga capitata var. divaricata","","1.7°C a 4.4°C","10b, 11a"
"pinanga_cattienensis","Pinanga cattienensis","","1.7°C a 4.4°C","10b, 11a"
"pinanga_celebica","Pinanga celebica","","1.7°C a 4.4°C","10b, 11a"
"pinanga_chaiana","Pinanga chaiana","","1.7°C a 4.4°C","10b, 11a"
"pinanga_cleistantha","Pinanga cleistantha","","1.7°C a 4.4°C","10b, 11a"
"pinanga_copelandii","Pinanga copelandii","","-1.1°C a 1.7°C","10a, 10b, 11a"
"pinanga_coronata","Pinanga coronata","Ivory Cane Palm","1.7°C a 4.4°C","10b, 11a"
"pinanga_crassipes","Pinanga crassipes","","1.7°C a 4.4°C","10b, 11a"
"pinanga_cucullata","Pinanga cucullata","","1.7°C a 4.4°C","10b, 11a"
"pinanga_cupularis","Pinanga cupularis","","1.7°C a 4.4°C","10b, 11a"
"pinanga_curranii","Pinanga curranii","","1.7°C a 4.4°C","10b, 11a"
"pinanga_declinata","Pinanga declinata","","1.7°C a 4.4°C","10b, 11a"
"pinanga_decora","Pinanga decora","","1.7°C a 4.4°C","10b, 11a"
"pinanga_densiflora","Pinanga densiflora","","1.7°C a 4.4°C","10b, 11a"
"pinanga_dicksonii","Pinanga dicksonii","","-3.9°C a -1.1°C","9b, 10a, 10b, 11a"
"pinanga_disticha","Pinanga disticha","","1.7°C a 4.4°C","10b, 11a"
"pinanga_dumetosa","Pinanga dumetosa","","1.7°C a 4.4°C","10b, 11a"
"pinanga_duperreana","Pinanga duperreana","","1.7°C a 4.4°C","10b, 11a"
"pinanga_egregia","Pinanga egregia","","1.7°C a 4.4°C","10b, 11a"
"pinanga_forbesii","Pinanga forbesii","","1.7°C a 4.4°C","10b, 11a"
"pinanga_fractiflexa","Pinanga fractiflexa","","1.7°C a 4.4°C","10b, 11a"
"pinanga_furfuracea","Pinanga furfuracea","","1.7°C a 4.4°C","10b, 11a"
"pinanga_geonomiformis","Pinanga geonomiformis","","1.7°C a 4.4°C","10b, 11a"
"pinanga_glauca","Pinanga glauca","","1.7°C a 4.4°C","10b, 11a"
"pinanga_glaucifolia","Pinanga glaucifolia","","1.7°C a 4.4°C","10b, 11a"
"pinanga_globulifera","Pinanga globulifera","","1.7°C a 4.4°C","10b, 11a"
"pinanga_gracilis","Pinanga gracilis","Coulombe Palm","1.7°C a 4.4°C","10b, 11a"
"pinanga_gracillima","Pinanga gracillima","","1.7°C a 4.4°C","10b, 11a"
"pinanga_grandijuga","Pinanga grandijuga","","1.7°C a 4.4°C","10b, 11a"
"pinanga_grandis","Pinanga grandis","","1.7°C a 4.4°C","10b, 11a"
"pinanga_griffithii","Pinanga griffithii","","1.7°C a 4.4°C","10b, 11a"
"pinanga_heterophylla","Pinanga heterophylla","","1.7°C a 4.4°C","10b, 11a"
"pinanga_hexasticha","Pinanga hexasticha","","1.7°C a 4.4°C","10b, 11a"
"pinanga_hookeriana","Pinanga hookeriana","","1.7°C a 4.4°C","10b, 11a"
"pinanga_humilis","Pinanga humilis","","1.7°C a 4.4°C","10b, 11a"
"pinanga_hymenospatha","Pinanga hymenospatha","","1.7°C a 4.4°C","10b, 11a"
"pinanga_inaequalis","Pinanga inaequalis","","1.7°C a 4.4°C","10b, 11a"
"pinanga_insignis","Pinanga insignis","Pinang Black Fibre Palm","1.7°C a 4.4°C","10b, 11a"
"pinanga_isabelensis","Pinanga isabelensis","","1.7°C a 4.4°C","10b, 11a"
"pinanga_jamariensis","Pinanga jamariensis","","1.7°C a 4.4°C","10b, 11a"
"pinanga_jambusana","Pinanga jambusana","","1.7°C a 4.4°C","10b, 11a"
"pinanga_javana","Pinanga javana","Emerald Palm","1.7°C a 4.4°C","10b, 11a"
"pinanga_johorensis","Pinanga johorensis","","1.7°C a 4.4°C","10b, 11a"
"pinanga_keahii","Pinanga keahii","","1.7°C a 4.4°C","10b, 11a"
"pinanga_kontumensis","Pinanga kontumensis","","-6.7°C a -3.9°C","9a, 9b, 10a, 10b, 11a"
"pinanga_lacei","Pinanga lacei","","1.7°C a 4.4°C","10b, 11a"
"pinanga_latisecta","Pinanga latisecta","","1.7°C a 4.4°C","10b, 11a"
"pinanga_lepidota","Pinanga lepidota","","1.7°C a 4.4°C","10b, 11a"
"pinanga_ligulata","Pinanga ligulata","","1.7°C a 4.4°C","10b, 11a"
"pinanga_limbangensis","Pinanga limbangensis","","N/A",""
"pinanga_limosa_var_limosa","Pinanga limosa var. limosa","","1.7°C a 4.4°C","10b, 11a"
"pinanga_limosa_var_montana","Pinanga limosa var. montana","","1.7°C a 4.4°C","10b, 11a"
"pinanga_macrospadix","Pinanga macrospadix","","1.7°C a 4.4°C","10b, 11a"
"pinanga_maculata","Pinanga maculata","Tiger Palm","1.7°C a 4.4°C","10b, 11a"
"pinanga_malaiana","Pinanga malaiana","","1.7°C a 4.4°C","10b, 11a"
"pinanga_manii","Pinanga manii","","N/A",""
"pinanga_megalocarpa","Pinanga megalocarpa","","1.7°C a 4.4°C","10b, 11a"
"pinanga_micholitzii","Pinanga micholitzii","","1.7°C a 4.4°C","10b, 11a"
"pinanga_minor","Pinanga minor","","1.7°C a 4.4°C","10b, 11a"
"pinanga_minuta","Pinanga minuta","","1.7°C a 4.4°C","10b, 11a"
"pinanga_mirabilis","Pinanga mirabilis","","1.7°C a 4.4°C","10b, 11a"
"pinanga_modesta","Pinanga modesta","","-1.1°C a 1.7°C","10a, 10b, 11a"
"pinanga_mooreana","Pinanga mooreana","","1.7°C a 4.4°C","10b, 11a"
"pinanga_negrosensis","Pinanga negrosensis","","-1.1°C a 1.7°C","10a, 10b, 11a"
"pinanga_nuichuensis","Pinanga nuichuensis","","1.7°C a 4.4°C","10b, 11a"
"pinanga_pachycarpa","Pinanga pachycarpa","","1.7°C a 4.4°C","10b, 11a"
"pinanga_pachyphylla","Pinanga pachyphylla","","1.7°C a 4.4°C","10b, 11a"
"pinanga_palustris","Pinanga palustris","","1.7°C a 4.4°C","10b, 11a"
"pinanga_pantiensis","Pinanga pantiensis","","1.7°C a 4.4°C","10b, 11a"
"pinanga_paradoxa_var_paradoxa","Pinanga paradoxa var. paradoxa","","1.7°C a 4.4°C","10b, 11a"
"pinanga_paradoxa_var_unicostata","Pinanga paradoxa var. unicostata","","1.7°C a 4.4°C","10b, 11a"
"pinanga_parvula","Pinanga parvula","","1.7°C a 4.4°C","10b, 11a"
"pinanga_patula","Pinanga patula","","1.7°C a 4.4°C","10b, 11a"
"pinanga_pectinata","Pinanga pectinata","","1.7°C a 4.4°C","10b, 11a"
"pinanga_perakensis","Pinanga perakensis","","-1.1°C a 1.7°C","10a, 10b, 11a"
"pinanga_philippinensis","Pinanga philippinensis","Elmer's Palm","-1.1°C a 1.7°C","10a, 10b, 11a"
"pinanga_pilosa","Pinanga pilosa","","1.7°C a 4.4°C","10b, 11a"
"pinanga_plicata","Pinanga plicata","","-1.1°C a 1.7°C","10a, 10b, 11a"
"pinanga_polymorpha","Pinanga polymorpha","","1.7°C a 4.4°C","10b, 11a"
"pinanga_porrecta","Pinanga porrecta","","1.7°C a 4.4°C","10b, 11a"
"pinanga_pulchella","Pinanga pulchella","","1.7°C a 4.4°C","10b, 11a"
"pinanga_purpurea","Pinanga purpurea","","1.7°C a 4.4°C","10b, 11a"
"pinanga_quadrijuga","Pinanga quadrijuga","","1.7°C a 4.4°C","10b, 11a"
"pinanga_ridleyana","Pinanga ridleyana","","1.7°C a 4.4°C","10b, 11a"
"pinanga_rigida","Pinanga rigida","","-3.9°C a -1.1°C","9b, 10a, 10b, 11a"
"pinanga_riparia","Pinanga riparia","","1.7°C a 4.4°C","10b, 11a"
"pinanga_rivularis","Pinanga rivularis","","1.7°C a 4.4°C","10b, 11a"
"pinanga_rumphiana","Pinanga rumphiana","","1.7°C a 4.4°C","10b, 11a"
"pinanga_rupestris","Pinanga rupestris","","1.7°C a 4.4°C","10b, 11a"
"pinanga_salicifolia","Pinanga salicifolia","Willow, leaved Palm","1.7°C a 4.4°C","10b, 11a"
"pinanga_samarana","Pinanga samarana","","1.7°C a 4.4°C","10b, 11a"
"pinanga_sarmentosa","Pinanga sarmentosa","","1.7°C a 4.4°C","10b, 11a"
"pinanga_sclerophylla","Pinanga sclerophylla","","-1.1°C a 1.7°C","10a, 10b, 11a"
"pinanga_scortechinii","Pinanga scortechinii","","1.7°C a 4.4°C","10b, 11a"
"pinanga_sessilifolia","Pinanga sessilifolia","","1.7°C a 4.4°C","10b, 11a"
"pinanga_sibuyanensis","Pinanga sibuyanensis","","-1.1°C a 1.7°C","10a, 10b, 11a"
"pinanga_sierramadreana","Pinanga sierramadreana","","-1.1°C a 1.7°C","10a, 10b, 11a"
"pinanga_simplicifrons_var_pinnata","Pinanga simplicifrons var. pinnata","","1.7°C a 4.4°C","10b, 11a"
"pinanga_simplicifrons_var_simplicifrons","Pinanga simplicifrons var. simplicifrons","","1.7°C a 4.4°C","10b, 11a"
"pinanga_singaporensis","Pinanga singaporensis","","1.7°C a 4.4°C","10b, 11a"
"pinanga_sobolifera","Pinanga sobolifera","","-1.1°C a 1.7°C","10a, 10b, 11a"
"pinanga_speciosa","Pinanga speciosa","","-1.1°C a 1.7°C","10a, 10b, 11a"
"pinanga_stricta","Pinanga stricta","","1.7°C a 4.4°C","10b, 11a"
"pinanga_stylosa","Pinanga stylosa","","1.7°C a 4.4°C","10b, 11a"
"pinanga_subintegra_var_beccariana","Pinanga subintegra var. beccariana","","1.7°C a 4.4°C","10b, 11a"
"pinanga_subintegra_var_intermedia","Pinanga subintegra var. intermedia","","1.7°C a 4.4°C","10b, 11a"
"pinanga_subintegra_var_multifida","Pinanga subintegra var. multifida","","1.7°C a 4.4°C","10b, 11a"
"pinanga_subintegra_var_subintegra","Pinanga subintegra var. subintegra","","1.7°C a 4.4°C","10b, 11a"
"pinanga_subruminata","Pinanga subruminata","","1.7°C a 4.4°C","10b, 11a"
"pinanga_sylvestris","Pinanga sylvestris","Chocolate Cane Palm","-3.9°C a -1.1°C","9b, 10a, 10b, 11a"
"pinanga_tashiroi","Pinanga tashiroi","Lanyu Palm","1.7°C a 4.4°C","10b, 11a"
"pinanga_tenacinervis","Pinanga tenacinervis","","1.7°C a 4.4°C","10b, 11a"
"pinanga_tenella_var_tenella","Pinanga tenella var. tenella","","1.7°C a 4.4°C","10b, 11a"
"pinanga_tenella_var_tenuissima","Pinanga tenella var. tenuissima","","1.7°C a 4.4°C","10b, 11a"
"pinanga_tomentella","Pinanga tomentella","","1.7°C a 4.4°C","10b, 11a"
"pinanga_trichoneura","Pinanga trichoneura","","1.7°C a 4.4°C","10b, 11a"
"pinanga_uncinata","Pinanga uncinata","","1.7°C a 4.4°C","10b, 11a"
"pinanga_urdanetensis","Pinanga urdanetensis","","-1.1°C a 1.7°C","10a, 10b, 11a"
"pinanga_urosperma","Pinanga urosperma","","1.7°C a 4.4°C","10b, 11a"
"pinanga_variegata_var_hallieriana","Pinanga variegata var. hallieriana","","1.7°C a 4.4°C","10b, 11a"
"pinanga_variegata_var_variegata","Pinanga variegata var. variegata","","1.7°C a 4.4°C","10b, 11a"
"pinanga_veitchii","Pinanga veitchii","","1.7°C a 4.4°C","10b, 11a"
"pinanga_versicolor","Pinanga versicolor","","1.7°C a 4.4°C","10b, 11a"
"pinanga_watanaiana","Pinanga watanaiana","","1.7°C a 4.4°C","10b, 11a"
"pinanga_woodiana","Pinanga woodiana","","-1.1°C a 1.7°C","10a, 10b, 11a"
"pinanga_yassinii","Pinanga yassinii","","1.7°C a 4.4°C","10b, 11a"
"plectocomia_assamica","Plectocomia assamica","","-3.9°C a -1.1°C","9b, 10a, 10b, 11a"
"plectocomia_billitonensis","Plectocomia billitonensis","","-1.1°C a 1.7°C","10a, 10b, 11a"
"plectocomia_bractealis","Plectocomia bractealis","","-1.1°C a 1.7°C","10a, 10b, 11a"
"plectocomia_dransfieldiana","Plectocomia dransfieldiana","","-1.1°C a 1.7°C","10a, 10b, 11a"
"plectocomia_elmeri","Plectocomia elmeri","","-1.1°C a 1.7°C","10a, 10b, 11a"
"plectocomia_elongata_var_elongata","Plectocomia elongata var. elongata","Giant Rattan Palm","-1.1°C a 1.7°C","10a, 10b, 11a"
"plectocomia_elongata_var_philippinensis","Plectocomia elongata var. philippinensis","","-1.1°C a 1.7°C","10a, 10b, 11a"
"plectocomia_himalayana","Plectocomia himalayana","Himalaya Rattan Palm","-3.9°C a -1.1°C","9b, 10a, 10b, 11a"
"plectocomia_khasyana","Plectocomia khasyana","","-3.9°C a -1.1°C","9b, 10a, 10b, 11a"
"plectocomia_longistigma","Plectocomia longistigma","","-1.1°C a 1.7°C","10a, 10b, 11a"
"plectocomia_lorzingii","Plectocomia lorzingii","","-1.1°C a 1.7°C","10a, 10b, 11a"
"plectocomia_macrostachya","Plectocomia macrostachya","","-1.1°C a 1.7°C","10a, 10b, 11a"
"plectocomia_microstachys","Plectocomia microstachys","Hinan Giant Rattan","-1.1°C a 1.7°C","10a, 10b, 11a"
"plectocomia_mulleri","Plectocomia mulleri","","-1.1°C a 1.7°C","10a, 10b, 11a"
"plectocomia_pierreana","Plectocomia pierreana","","-1.1°C a 1.7°C","10a, 10b, 11a"
"plectocomia_pygmaea","Plectocomia pygmaea","","-1.1°C a 1.7°C","10a, 10b, 11a"
"plectocomiopsis_corneri","Plectocomiopsis corneri","","1.7°C a 4.4°C","10b, 11a"
"plectocomiopsis_geminiflora","Plectocomiopsis geminiflora","","1.7°C a 4.4°C","10b, 11a"
"plectocomiopsis_mira","Plectocomiopsis mira","","1.7°C a 4.4°C","10b, 11a"
"plectocomiopsis_songthanhensis","Plectocomiopsis songthanhensis","","-1.1°C a 1.7°C","10a, 10b, 11a"
"plectocomiopsis_triquetra","Plectocomiopsis triquetra","","1.7°C a 4.4°C","10b, 11a"
"plectocomiopsis_wrayi","Plectocomiopsis wrayi","","1.7°C a 4.4°C","10b, 11a"
"podococcus_acaulis","Podococcus acaulis","","1.7°C a 4.4°C","10b, 11a"
"podococcus_barteri","Podococcus barteri","","N/A",""
"ponapea_hentyi","Ponapea hentyi","","N/A",""
"ponapea_hosinoi","Ponapea hosinoi","Kattai Palm","N/A",""
"ponapea_ledermanniana","Ponapea ledermanniana","","N/A",""
"ponapea_palauensis","Ponapea palauensis","","N/A",""
"prestoea_acuminata_var_acuminata","Prestoea acuminata var. acuminata","Red Crownshaft Palm","-6.7°C a -3.9°C","9a, 9b, 10a, 10b, 11a"
"prestoea_acuminata_var_dasystachys","Prestoea acuminata var. dasystachys","","-1.1°C a 1.7°C","10a, 10b, 11a"
"prestoea_acuminata_var_montana","Prestoea acuminata var. montana","Mountain Cabbage palm","-1.1°C a 1.7°C","10a, 10b, 11a"
"prestoea_carderi","Prestoea carderi","Palmita","-6.7°C a -3.9°C","9a, 9b, 10a, 10b, 11a"
"prestoea_decurrens","Prestoea decurrens","","-1.1°C a 1.7°C","10a, 10b, 11a"
"prestoea_ensiformis","Prestoea ensiformis","","-3.9°C a -1.1°C","9b, 10a, 10b, 11a"
"prestoea_longepetiolata_var_longepetiolata","Prestoea longepetiolata var. longepetiolata","","-1.1°C a 1.7°C","10a, 10b, 11a"
"prestoea_longipetiolata_var_cuatrecasasii","Prestoea longipetiolata var. cuatrecasasii","","-1.1°C a 1.7°C","10a, 10b, 11a"
"prestoea_longipetiolata_var_roseospadix","Prestoea longipetiolata var. roseospadix","","-1.1°C a 1.7°C","10a, 10b, 11a"
"prestoea_pubens_var_pubens","Prestoea pubens var. pubens","","-1.1°C a 1.7°C","10a, 10b, 11a"
"prestoea_pubens_var_semispicata","Prestoea pubens var. semispicata","","-1.1°C a 1.7°C","10a, 10b, 11a"
"prestoea_pubigera","Prestoea pubigera","","-1.1°C a 1.7°C","10a, 10b, 11a"
"prestoea_schultzeana","Prestoea schultzeana","Marsh Palm","-3.9°C a -1.1°C","9b, 10a, 10b, 11a"
"prestoea_simplicifolia","Prestoea simplicifolia","","-3.9°C a -1.1°C","9b, 10a, 10b, 11a"
"prestoea_tenuiramosa","Prestoea tenuiramosa","","-1.1°C a 1.7°C","10a, 10b, 11a"
"pritchardia_arecina","Pritchardia arecina","","-1.1°C a 1.7°C","10a, 10b, 11a"
"pritchardia_bakeri","Pritchardia bakeri","","-1.1°C a 1.7°C","10a, 10b, 11a"
"pritchardia_beccariana","Pritchardia beccariana","","-1.1°C a 1.7°C","10a, 10b, 11a"
"pritchardia_flynnii","Pritchardia flynnii","","-1.1°C a 1.7°C","10a, 10b, 11a"
"pritchardia_forbesiana","Pritchardia forbesiana","","-1.1°C a 1.7°C","10a, 10b, 11a"
"pritchardia_glabrata","Pritchardia glabrata","","-1.1°C a 1.7°C","10a, 10b, 11a"
"pritchardia_gordonii","Pritchardia gordonii","","-1.1°C a 1.7°C","10a, 10b, 11a"
"pritchardia_hardyi","Pritchardia hardyi","","-1.1°C a 1.7°C","10a, 10b, 11a"
"pritchardia_hillebrandii","Pritchardia hillebrandii","","-1.1°C a 1.7°C","10a, 10b, 11a"
"pritchardia_kaalae","Pritchardia kaalae","","-1.1°C a 1.7°C","10a, 10b, 11a"
"pritchardia_kahukuensis","Pritchardia kahukuensis","","-1.1°C a 1.7°C","10a, 10b, 11a"
"pritchardia_lanigera","Pritchardia lanigera","","-1.1°C a 1.7°C","10a, 10b, 11a"
"pritchardia_lowreyana","Pritchardia lowreyana","","-1.1°C a 1.7°C","10a, 10b, 11a"
"pritchardia_maideniana","Pritchardia maideniana","","-1.1°C a 1.7°C","10a, 10b, 11a"
"pritchardia_martii","Pritchardia martii","Loulu Hiwa Palm","-1.1°C a 1.7°C","10a, 10b, 11a"
"pritchardia_minor","Pritchardia minor","","-1.1°C a 1.7°C","10a, 10b, 11a"
"pritchardia_mitiaroana","Pritchardia mitiaroana","","-1.1°C a 1.7°C","10a, 10b, 11a"
"pritchardia_munroi","Pritchardia munroi","","-1.1°C a 1.7°C","10a, 10b, 11a"
"pritchardia_napaliensis","Pritchardia napaliensis","","-1.1°C a 1.7°C","10a, 10b, 11a"
"pritchardia_pacifica","Pritchardia pacifica","Fiji Fan Palm","-1.1°C a 1.7°C","10a, 10b, 11a"
"pritchardia_perlmanii","Pritchardia perlmanii","","-1.1°C a 1.7°C","10a, 10b, 11a"
"pritchardia_remota","Pritchardia remota","Wahane Palm","-1.1°C a 1.7°C","10a, 10b, 11a"
"pritchardia_schattaueri","Pritchardia schattaueri","","-1.1°C a 1.7°C","10a, 10b, 11a"
"pritchardia_thurstonii","Pritchardia thurstonii","Lau Fan Palm","-1.1°C a 1.7°C","10a, 10b, 11a"
"pritchardia_viscosa","Pritchardia viscosa","Loulu Palm","-1.1°C a 1.7°C","10a, 10b, 11a"
"pritchardia_vuylstekeana","Pritchardia vuylstekeana","","-1.1°C a 1.7°C","10a, 10b, 11a"
"pritchardia_waialealeana","Pritchardia waialealeana","","-1.1°C a 1.7°C","10a, 10b, 11a"
"pritchardia_woodfordiana","Pritchardia woodfordiana","Nggela Fan Palm","-1.1°C a 1.7°C","10a, 10b, 11a"
"pritchardia_woodii","Pritchardia woodii","","-1.1°C a 1.7°C","10a, 10b, 11a"
"pseudophoenix_ekmanii","Pseudophoenix ekmanii","Dominican Cherry Palm","-1.1°C a 1.7°C","10a, 10b, 11a"
"pseudophoenix_lediniana","Pseudophoenix lediniana","","-3.9°C a -1.1°C","9b, 10a, 10b, 11a"
"pseudophoenix_sargentii","Pseudophoenix sargentii","Cherry Palm","-3.9°C a -1.1°C","9b, 10a, 10b, 11a"
"pseudophoenix_vinifera","Pseudophoenix vinifera","Buccaneer Palm","-3.9°C a -1.1°C","9b, 10a, 10b, 11a"
"ptychococcus_lepidotus","Ptychococcus lepidotus","Bow Palm","-3.9°C a -1.1°C","9b, 10a, 10b, 11a"
"ptychococcus_paradoxus","Ptychococcus paradoxus","","1.7°C a 4.4°C","10b, 11a"
"ptychosperma_ambiguum","Ptychosperma ambiguum","","1.7°C a 4.4°C","10b, 11a"
"ptychosperma_buabe","Ptychosperma buabe","","1.7°C a 4.4°C","10b, 11a"
"ptychosperma_burretianum","Ptychosperma burretianum","","1.7°C a 4.4°C","10b, 11a"
"ptychosperma_caryotoides","Ptychosperma caryotoides","","1.7°C a 4.4°C","10b, 11a"
"ptychosperma_cuneatum","Ptychosperma cuneatum","","1.7°C a 4.4°C","10b, 11a"
"ptychosperma_elegans","Ptychosperma elegans","Solitaire Palm","1.7°C a 4.4°C","10b, 11a"
"ptychosperma_furcatum","Ptychosperma furcatum","","1.7°C a 4.4°C","10b, 11a"
"ptychosperma_gracile","Ptychosperma gracile","","1.7°C a 4.4°C","10b, 11a"
"ptychosperma_hartmannii","Ptychosperma hartmannii","","1.7°C a 4.4°C","10b, 11a"
"ptychosperma_lauterbachii","Ptychosperma lauterbachii","","1.7°C a 4.4°C","10b, 11a"
"ptychosperma_lineare","Ptychosperma lineare","","1.7°C a 4.4°C","10b, 11a"
"ptychosperma_macarthurii","Ptychosperma macarthurii","MacArthur Palm","1.7°C a 4.4°C","10b, 11a"
"ptychosperma_macrocerum","Ptychosperma macrocerum","","1.7°C a 4.4°C","10b, 11a"
"ptychosperma_mambare","Ptychosperma mambare","","1.7°C a 4.4°C","10b, 11a"
"ptychosperma_microcarpum","Ptychosperma microcarpum","","1.7°C a 4.4°C","10b, 11a"
"ptychosperma_mooreanum","Ptychosperma mooreanum","","1.7°C a 4.4°C","10b, 11a"
"ptychosperma_nicolai","Ptychosperma nicolai","","1.7°C a 4.4°C","10b, 11a"
"ptychosperma_praemorsum","Ptychosperma praemorsum","","1.7°C a 4.4°C","10b, 11a"
"ptychosperma_propinquum","Ptychosperma propinquum","Aru Palm","1.7°C a 4.4°C","10b, 11a"
"ptychosperma_pullenii","Ptychosperma pullenii","","1.7°C a 4.4°C","10b, 11a"
"ptychosperma_ramosissimum","Ptychosperma ramosissimum","","1.7°C a 4.4°C","10b, 11a"
"ptychosperma_rosselense","Ptychosperma rosselense","","1.7°C a 4.4°C","10b, 11a"
"ptychosperma_salomonense","Ptychosperma salomonense","","1.7°C a 4.4°C","10b, 11a"
"ptychosperma_sanderianum","Ptychosperma sanderianum","","1.7°C a 4.4°C","10b, 11a"
"ptychosperma_schefferi","Ptychosperma schefferi","","1.7°C a 4.4°C","10b, 11a"
"ptychosperma_streimannii","Ptychosperma streimannii","","1.7°C a 4.4°C","10b, 11a"
"ptychosperma_tagulense","Ptychosperma tagulense","","1.7°C a 4.4°C","10b, 11a"
"ptychosperma_vestitum","Ptychosperma vestitum","","1.7°C a 4.4°C","10b, 11a"
"ptychosperma_waitianum","Ptychosperma waitianum","","1.7°C a 4.4°C","10b, 11a"
"raphia_africana","Raphia africana","","1.7°C a 4.4°C","10b, 11a"
"raphia_australis","Raphia australis","Kosi Palm","1.7°C a 4.4°C","10b, 11a"
"raphia_farinifera","Raphia farinifera","Raffia Palm","1.7°C a 4.4°C","10b, 11a"
"raphia_gentiliana","Raphia gentiliana","","1.7°C a 4.4°C","10b, 11a"
"raphia_hookeri","Raphia hookeri","West African Wine Palm","1.7°C a 4.4°C","10b, 11a"
"raphia_laurentii","Raphia laurentii","","1.7°C a 4.4°C","10b, 11a"
"raphia_longiflora","Raphia longiflora","Long, flowered Raffia Palm","1.7°C a 4.4°C","10b, 11a"
"raphia_mambillensis","Raphia mambillensis","","1.7°C a 4.4°C","10b, 11a"
"raphia_mannii","Raphia mannii","","1.7°C a 4.4°C","10b, 11a"
"raphia_matombe","Raphia matombe","","1.7°C a 4.4°C","10b, 11a"
"raphia_monbuttorum_var_monbuttorum","Raphia monbuttorum var. monbuttorum","","1.7°C a 4.4°C","10b, 11a"
"raphia_monbuttorum_var_mortehanii","Raphia monbuttorum var. mortehanii","","1.7°C a 4.4°C","10b, 11a"
"raphia_palmapinus_subsp_nodostachys","Raphia palma-pinus subsp. nodostachys","","1.7°C a 4.4°C","10b, 11a"
"raphia_palmapinus_subsp_palmapinus","Raphia palma-pinus subsp. palma-pinus","","1.7°C a 4.4°C","10b, 11a"
"raphia_regalis","Raphia regalis","","1.7°C a 4.4°C","10b, 11a"
"raphia_rostrata","Raphia rostrata","","1.7°C a 4.4°C","10b, 11a"
"raphia_ruwenzorica","Raphia ruwenzorica","Highland Raffia Palm","1.7°C a 4.4°C","10b, 11a"
"raphia_sese","Raphia sese","","1.7°C a 4.4°C","10b, 11a"
"raphia_sudanica","Raphia sudanica","Dwarf Raphia Palm","1.7°C a 4.4°C","10b, 11a"
"raphia_taedigera","Raphia taedigera","Yolillo Palm","1.7°C a 4.4°C","10b, 11a"
"raphia_textilis","Raphia textilis","","1.7°C a 4.4°C","10b, 11a"
"raphia_vinifera","Raphia vinifera","African Wine Palm","1.7°C a 4.4°C","10b, 11a"
"ravenea_albicans","Ravenea albicans","White Majesty Palm","-3.9°C a -1.1°C","9b, 10a, 10b, 11a"
"ravenea_beentjei","Ravenea beentjei","","-3.9°C a -1.1°C","9b, 10a, 10b, 11a"
"ravenea_declivium","Ravenea declivium","","-1.1°C a 1.7°C","10a, 10b, 11a"
"ravenea_delicatula","Ravenea delicatula","","-1.1°C a 1.7°C","10a, 10b, 11a"
"ravenea_dransfieldii","Ravenea dransfieldii","","-3.9°C a -1.1°C","9b, 10a, 10b, 11a"
"ravenea_glauca","Ravenea glauca","Sihara Palm","-6.7°C a -3.9°C","9a, 9b, 10a, 10b, 11a"
"ravenea_hildebrandtii","Ravenea hildebrandtii","Dwarf Majesty Palm","-3.9°C a -1.1°C","9b, 10a, 10b, 11a"
"ravenea_hypoleuca","Ravenea hypoleuca","","-3.9°C a -1.1°C","9b, 10a, 10b, 11a"
"ravenea_julietiae","Ravenea julietiae","Juliet's Palm","-3.9°C a -1.1°C","9b, 10a, 10b, 11a"
"ravenea_krociana","Ravenea krociana","Kroc's Palm","-1.1°C a 1.7°C","10a, 10b, 11a"
"ravenea_lakatra","Ravenea lakatra","Ironwood Palm","-3.9°C a -1.1°C","9b, 10a, 10b, 11a"
"ravenea_latisecta","Ravenea latisecta","","-3.9°C a -1.1°C","9b, 10a, 10b, 11a"
"ravenea_louvelii","Ravenea louvelii","","-3.9°C a -1.1°C","9b, 10a, 10b, 11a"
"ravenea_madagascariensis","Ravenea madagascariensis","","-6.7°C a -3.9°C","9a, 9b, 10a, 10b, 11a"
"ravenea_moorei","Ravenea moorei","","-3.9°C a -1.1°C","9b, 10a, 10b, 11a"
"ravenea_musicalis","Ravenea musicalis","Torendriky Palm","1.7°C a 4.4°C","10b, 11a"
"ravenea_nana","Ravenea nana","","-6.7°C a -3.9°C","9a, 9b, 10a, 10b, 11a"
"ravenea_rivularis","Ravenea rivularis","Majesty Palm","-3.9°C a -1.1°C","9b, 10a, 10b, 11a"
"ravenea_robustior","Ravenea robustior","Monimony Palm","-3.9°C a -1.1°C","9b, 10a, 10b, 11a"
"ravenea_sambiranensis","Ravenea sambiranensis","Soindro Palm","-6.7°C a -3.9°C","9a, 9b, 10a, 10b, 11a"
"ravenea_xerophila","Ravenea xerophila","Anivona Palm","-6.7°C a -3.9°C","9a, 9b, 10a, 10b, 11a"
"reinhardtia_elegans","Reinhardtia elegans","","1.7°C a 4.4°C","10b, 11a"
"reinhardtia_gracilis_var_gracilior","Reinhardtia gracilis var. gracilior","","1.7°C a 4.4°C","10b, 11a"
"reinhardtia_gracilis_var_gracilis","Reinhardtia gracilis var. gracilis","Window Palm","1.7°C a 4.4°C","10b, 11a"
"reinhardtia_gracilis_var_rostrata","Reinhardtia gracilis var. rostrata","","1.7°C a 4.4°C","10b, 11a"
"reinhardtia_gracilis_var_tenuissima","Reinhardtia gracilis var. tenuissima","","1.7°C a 4.4°C","10b, 11a"
"reinhardtia_koschnyana","Reinhardtia koschnyana","","1.7°C a 4.4°C","10b, 11a"
"reinhardtia_latisecta","Reinhardtia latisecta","Giant Window Palm","1.7°C a 4.4°C","10b, 11a"
"reinhardtia_paiewonskiana","Reinhardtia paiewonskiana","Giant Window Pane Palm","1.7°C a 4.4°C","10b, 11a"
"reinhardtia_simplex","Reinhardtia simplex","Dwarf Window Palm","1.7°C a 4.4°C","10b, 11a"
"rhapidophyllum_hystrix","Rhapidophyllum hystrix","Needle Palm","-17.8°C a -15°C","7a, 7b, 8a, 8b, 9a, 9b, 10a, 10b, 11a"
"rhapis_cochinchinensis","Rhapis cochinchinensis","Laos Lady Palm","-3.9°C a -1.1°C","9b, 10a, 10b, 11a"
"rhapis_excelsa","Rhapis excelsa","Lady Palm","-6.7°C a -3.9°C","9a, 9b, 10a, 10b, 11a"
"rhapis_gracilis","Rhapis gracilis","Dwarf Lady Palm","-3.9°C a -1.1°C","9b, 10a, 10b, 11a"
"rhapis_humilis","Rhapis humilis","Slender Lady Palm","-6.7°C a -3.9°C","9a, 9b, 10a, 10b, 11a"
"rhapis_micrantha","Rhapis micrantha","","-6.7°C a -3.9°C","9a, 9b, 10a, 10b, 11a"
"rhapis_multifida","Rhapis multifida","Finger Palm","-6.7°C a -3.9°C","9a, 9b, 10a, 10b, 11a"
"rhapis_puhuongensis","Rhapis puhuongensis","","-1.1°C a 1.7°C","10a, 10b, 11a"
"rhapis_robusta","Rhapis robusta","Guangxi Lady Palm","-3.9°C a -1.1°C","9b, 10a, 10b, 11a"
"rhapis_siamensis","Rhapis siamensis","","-1.1°C a 1.7°C","10a, 10b, 11a"
"rhapis_subtilis","Rhapis subtilis","Thai Lady Palm","-3.9°C a -1.1°C","9b, 10a, 10b, 11a"
"rhapis_vidalii","Rhapis vidalii","","-1.1°C a 1.7°C","10a, 10b, 11a"
"rhopaloblaste_augusta","Rhopaloblaste augusta","Nicobar Majestic Palm","N/A",""
"rhopaloblaste_ceramica","Rhopaloblaste ceramica","Majestic Palm","N/A",""
"rhopaloblaste_elegans","Rhopaloblaste elegans","Elegant Palm","N/A",""
"rhopaloblaste_gideonii","Rhopaloblaste gideonii","","N/A",""
"rhopaloblaste_ledermanniana","Rhopaloblaste ledermanniana","","N/A",""
"rhopaloblaste_singaporensis","Rhopaloblaste singaporensis","Kerinting Palm","N/A",""
"rhopalostylis_baueri","Rhopalostylis baueri","Norfolk Island Palm","-1.1°C a 1.7°C","10a, 10b, 11a"
"rhopalostylis_baueri_var_cheesemanii","Rhopalostylis baueri var. cheesemanii","Kermadec Nikau","-1.1°C a 1.7°C","10a, 10b, 11a"
"rhopalostylis_sapida","Rhopalostylis sapida","South Island Nikau Palm","-3.9°C a -1.1°C","9b, 10a, 10b, 11a"
"rhopalostylis_sapida_sp_chatham_is","Rhopalostylis sapida sp. Chatham Is.","Chatham Island Nikau Palm","-6.7°C a -3.9°C","9a, 9b, 10a, 10b, 11a"
"roscheria_melanochaetes","Roscheria melanochaetes","","N/A",""
"roystonea_altissima","Roystonea altissima","","-1.1°C a 1.7°C","10a, 10b, 11a"
"roystonea_borinquena","Roystonea borinquena","Puerto Rican Royal Palm","-1.1°C a 1.7°C","10a, 10b, 11a"
"roystonea_dunlapiana","Roystonea dunlapiana","","-1.1°C a 1.7°C","10a, 10b, 11a"
"roystonea_lenis","Roystonea lenis","","-1.1°C a 1.7°C","10a, 10b, 11a"
"roystonea_maisiana","Roystonea maisiana","","-1.1°C a 1.7°C","10a, 10b, 11a"
"roystonea_oleracea","Roystonea oleracea","Venezuelan Royal Palm","-1.1°C a 1.7°C","10a, 10b, 11a"
"roystonea_princeps","Roystonea princeps","Jamaican Royal Palm","-1.1°C a 1.7°C","10a, 10b, 11a"
"roystonea_regia","Roystonea regia","Cuban Royal Palm","-1.1°C a 1.7°C","10a, 10b, 11a"
"roystonea_stellata","Roystonea stellata","","-1.1°C a 1.7°C","10a, 10b, 11a"
"roystonea_violacea","Roystonea violacea","Purple Royal Palm","-1.1°C a 1.7°C","10a, 10b, 11a"
"sabal_bermudana","Sabal bermudana","Bermuda Palmetto","-6.7°C a -3.9°C","9a, 9b, 10a, 10b, 11a"
"sabal_causiarum","Sabal causiarum","Puerto Rican Hat Palm","-6.7°C a -3.9°C","9a, 9b, 10a, 10b, 11a"
"sabal_domingensis","Sabal domingensis","Hispaniola Palmetto","-6.7°C a -3.9°C","9a, 9b, 10a, 10b, 11a"
"sabal_etonia","Sabal etonia","Scrub palm","-6.7°C a -3.9°C","9a, 9b, 10a, 10b, 11a"
"sabal_gretherae","Sabal gretherae","","-3.9°C a -1.1°C","9b, 10a, 10b, 11a"
"sabal_maritima","Sabal maritima","Bull Thatch Palm","-6.7°C a -3.9°C","9a, 9b, 10a, 10b, 11a"
"sabal_mauritiiformis","Sabal mauritiiformis","Bay Palmetto","-3.9°C a -1.1°C","9b, 10a, 10b, 11a"
"sabal_mexicana","Sabal mexicana","Texas Palmetto","-9.4°C a -6.7°C","8b, 9a, 9b, 10a, 10b, 11a"
"sabal_miamiensis","Sabal miamiensis","Miami Palmetto","-6.7°C a -3.9°C","9a, 9b, 10a, 10b, 11a"
"sabal_minor","Sabal minor","Dwarf Palmetto","-17.8°C a -15°C","7a, 7b, 8a, 8b, 9a, 9b, 10a, 10b, 11a"
"sabal_palmetto","Sabal palmetto","Palmetto Palm","-12.2°C a -9.4°C","8a, 8b, 9a, 9b, 10a, 10b, 11a"
"sabal_pumos","Sabal pumos","Royal Palmetto","-6.7°C a -3.9°C","9a, 9b, 10a, 10b, 11a"
"sabal_rosei","Sabal rosei","Llanos Palmetto","-6.7°C a -3.9°C","9a, 9b, 10a, 10b, 11a"
"sabal_uresana","Sabal uresana","Sonora Palmetto","-15°C a -12.2°C","7b, 8a, 8b, 9a, 9b, 10a, 10b, 11a"
"sabal_x_brazoriensis","Sabal x brazoriensis","Brazoria Palmetto","-6.7°C a -3.9°C","9a, 9b, 10a, 10b, 11a"
"sabal_yapa","Sabal yapa","Thatch palm","-6.7°C a -3.9°C","9a, 9b, 10a, 10b, 11a"
"sabinaria_magnifica","Sabinaria magnifica","Girasol Palm","1.7°C a 4.4°C","10b, 11a"
"salacca_acehensis","Salacca acehensis","","1.7°C a 4.4°C","10b, 11a"
"salacca_affinis","Salacca affinis","","N/A",""
"salacca_bakeriana","Salacca bakeriana","","N/A",""
"salacca_clemensiana","Salacca clemensiana","","N/A",""
"salacca_dolicholepis","Salacca dolicholepis","","N/A",""
"salacca_dransfieldiana","Salacca dransfieldiana","","N/A",""
"salacca_flabellata","Salacca flabellata","","N/A",""
"salacca_glabrescens","Salacca glabrescens","","N/A",""
"salacca_graciliflora","Salacca graciliflora","","N/A",""
"salacca_griffithii","Salacca griffithii","","1.7°C a 4.4°C","10b, 11a"
"salacca_lophospatha","Salacca lophospatha","","N/A",""
"salacca_magnifica","Salacca magnifica","","N/A",""
"salacca_minuta","Salacca minuta","","N/A",""
"salacca_multiflora","Salacca multiflora","","N/A",""
"salacca_ramosiana","Salacca ramosiana","","N/A",""
"salacca_rupicola","Salacca rupicola","","N/A",""
"salacca_sarawakensis","Salacca sarawakensis","","N/A",""
"salacca_secunda","Salacca secunda","","N/A",""
"salacca_stolonifera","Salacca stolonifera","","N/A",""
"salacca_sumatrana","Salacca sumatrana","","N/A",""
"salacca_vermicularis","Salacca vermicularis","","N/A",""
"salacca_wallichiana","Salacca wallichiana","","N/A",""
"salacca_zalacca","Salacca zalacca","Snake Fruit Palm","N/A",""
"saribus_brevifolia","Saribus brevifolia","","1.7°C a 4.4°C","10b, 11a"
"saribus_chocolatina","Saribus chocolatina","","1.7°C a 4.4°C","10b, 11a"
"saribus_jeanneneyi","Saribus jeanneneyi","","1.7°C a 4.4°C","10b, 11a"
"saribus_merrillii","Saribus merrillii","","1.7°C a 4.4°C","10b, 11a"
"saribus_papuanus","Saribus papuanus","","-1.1°C a 1.7°C","10a, 10b, 11a"
"saribus_rotundifolius","Saribus rotundifolius","Footstool Palm","1.7°C a 4.4°C","10b, 11a"
"saribus_surru","Saribus surru","","1.7°C a 4.4°C","10b, 11a"
"saribus_tothur","Saribus tothur","","1.7°C a 4.4°C","10b, 11a"
"saribus_woodfordii","Saribus woodfordii","Nggela Fountain Palm","1.7°C a 4.4°C","10b, 11a"
"satakentia_liukiuensis","Satakentia liukiuensis","Satake Palm","-3.9°C a -1.1°C","9b, 10a, 10b, 11a"
"satranala_decussilvae","Satranala decussilvae","Satranabe Palm","N/A",""
"schippia_concolor","Schippia concolor","Silver Pimento Palm","-3.9°C a -1.1°C","9b, 10a, 10b, 11a"
"sclerosperma_mannii","Sclerosperma mannii","","N/A",""
"sclerosperma_profizianum","Sclerosperma profizianum","","1.7°C a 4.4°C","10b, 11a"
"sclerosperma_walkeri","Sclerosperma walkeri","","N/A",""
"serenoa_repens","Serenoa repens","Saw Palmetto","-6.7°C a -3.9°C","9a, 9b, 10a, 10b, 11a"
"serenoa_repens_sp_silver","Serenoa repens sp. silver","Silver Saw Palmetto","-9.4°C a -6.7°C","8b, 9a, 9b, 10a, 10b, 11a"
"socratea_exorrhiza","Socratea exorrhiza","Curly Stilt Root Palm","-1.1°C a 1.7°C","10a, 10b, 11a"
"socratea_hecatonandra","Socratea hecatonandra","Crespa Palm","1.7°C a 4.4°C","10b, 11a"
"socratea_karstenii","Socratea karstenii","","1.7°C a 4.4°C","10b, 11a"
"socratea_rostrata","Socratea rostrata","Gualte Stilt Root Palm","-3.9°C a -1.1°C","9b, 10a, 10b, 11a"
"socratea_salazarii","Socratea salazarii","","-1.1°C a 1.7°C","10a, 10b, 11a"
"solfia_samoensis","Solfia samoensis","","N/A",""
"sommieria_leucophylla","Sommieria leucophylla","","N/A",""
"syagrus_allagopteroides","Syagrus allagopteroides","False Buri Palm","-3.9°C a -1.1°C","9b, 10a, 10b, 11a"
"syagrus_amara","Syagrus amara","Overtop Palm","-1.1°C a 1.7°C","10a, 10b, 11a"
"syagrus_angustifolia","Syagrus angustifolia","","-3.9°C a -1.1°C","9b, 10a, 10b, 11a"
"syagrus_botryophora","Syagrus botryophora","Pati Queen Palm","-1.1°C a 1.7°C","10a, 10b, 11a"
"syagrus_caerulescens","Syagrus caerulescens","Palmeirinha, azul","-6.7°C a -3.9°C","9a, 9b, 10a, 10b, 11a"
"syagrus_campylospatha","Syagrus campylospatha","","-6.7°C a -3.9°C","9a, 9b, 10a, 10b, 11a"
"syagrus_cardenasii","Syagrus cardenasii","Corocito Palm","-3.9°C a -1.1°C","9b, 10a, 10b, 11a"
"syagrus_cearensis","Syagrus cearensis","Twin Palm","-1.1°C a 1.7°C","10a, 10b, 11a"
"syagrus_cerqueirana","Syagrus cerqueirana","","-3.9°C a -1.1°C","9b, 10a, 10b, 11a"
"syagrus_cocoides","Syagrus cocoides","","-1.1°C a 1.7°C","10a, 10b, 11a"
"syagrus_comosa","Syagrus comosa","Bitter Palm","-6.7°C a -3.9°C","9a, 9b, 10a, 10b, 11a"
"syagrus_coronata","Syagrus coronata","Licuri Palm","-6.7°C a -3.9°C","9a, 9b, 10a, 10b, 11a"
"syagrus_deflexa","Syagrus deflexa","","-6.7°C a -3.9°C","9a, 9b, 10a, 10b, 11a"
"syagrus_duartei","Syagrus duartei","","-1.1°C a 1.7°C","10a, 10b, 11a"
"syagrus_evansiana","Syagrus evansiana","","-6.7°C a -3.9°C","9a, 9b, 10a, 10b, 11a"
"syagrus_flexuosa","Syagrus flexuosa","","-1.1°C a 1.7°C","10a, 10b, 11a"
"syagrus_glaucescens","Syagrus glaucescens","","-1.1°C a 1.7°C","10a, 10b, 11a"
"syagrus_gouveiana","Syagrus gouveiana","","-6.7°C a -3.9°C","9a, 9b, 10a, 10b, 11a"
"syagrus_graminifolia","Syagrus graminifolia","","-3.9°C a -1.1°C","9b, 10a, 10b, 11a"
"syagrus_harleyi","Syagrus harleyi","Fox Palm","-3.9°C a -1.1°C","9b, 10a, 10b, 11a"
"syagrus_inajai","Syagrus inajai","Inajai Palm","-1.1°C a 1.7°C","10a, 10b, 11a"
"syagrus_itacambirana","Syagrus itacambirana","","-6.7°C a -3.9°C","9a, 9b, 10a, 10b, 11a"
"syagrus_kellyana","Syagrus kellyana","Quarter Coconut","-1.1°C a 1.7°C","10a, 10b, 11a"
"syagrus_longipedunculata","Syagrus longipedunculata","","-3.9°C a -1.1°C","9b, 10a, 10b, 11a"
"syagrus_lorenzoniorum","Syagrus lorenzoniorum","Mirim Quarter Coconut","-1.1°C a 1.7°C","10a, 10b, 11a"
"syagrus_macrocarpa","Syagrus macrocarpa","Maria Rosa Palm","-1.1°C a 1.7°C","10a, 10b, 11a"
"syagrus_microphylla","Syagrus microphylla","","-1.1°C a 1.7°C","10a, 10b, 11a"
"syagrus_minor","Syagrus minor","","-3.9°C a -1.1°C","9b, 10a, 10b, 11a"
"syagrus_oleracea","Syagrus oleracea","","-1.1°C a 1.7°C","10a, 10b, 11a"
"syagrus_orinocensis","Syagrus orinocensis","","-1.1°C a 1.7°C","10a, 10b, 11a"
"syagrus_petraea","Syagrus petraea","","-1.1°C a 1.7°C","10a, 10b, 11a"
"syagrus_picrophylla","Syagrus picrophylla","Lent Coconut","-1.1°C a 1.7°C","10a, 10b, 11a"
"syagrus_pleioclada","Syagrus pleioclada","","-1.1°C a 1.7°C","10a, 10b, 11a"
"syagrus_pleiocladoides","Syagrus pleiocladoides","","-3.9°C a -1.1°C","9b, 10a, 10b, 11a"
"syagrus_procumdens","Syagrus procumdens","","-3.9°C a -1.1°C","9b, 10a, 10b, 11a"
"syagrus_pseudococos","Syagrus pseudococos","Piririma Coconut","-1.1°C a 1.7°C","10a, 10b, 11a"
"syagrus_romanzoffiana","Syagrus romanzoffiana","Litoralis Queen palm","-3.9°C a -1.1°C","9b, 10a, 10b, 11a"
"syagrus_rupicola","Syagrus rupicola","","-6.7°C a -3.9°C","9a, 9b, 10a, 10b, 11a"
"syagrus_ruschiana","Syagrus ruschiana","Rock Coconut","-1.1°C a 1.7°C","10a, 10b, 11a"
"syagrus_sancona","Syagrus sancona","Colombian Foxtail Palm","-1.1°C a 1.7°C","10a, 10b, 11a"
"syagrus_schizophylla","Syagrus schizophylla","Arikury Palm","-1.1°C a 1.7°C","10a, 10b, 11a"
"syagrus_smithii","Syagrus smithii","","-1.1°C a 1.7°C","10a, 10b, 11a"
"syagrus_stenopetala","Syagrus stenopetala","","-1.1°C a 1.7°C","10a, 10b, 11a"
"syagrus_stratincola","Syagrus stratincola","","-1.1°C a 1.7°C","10a, 10b, 11a"
"syagrus_vagans","Syagrus vagans","","-1.1°C a 1.7°C","10a, 10b, 11a"
"syagrus_vermicularis","Syagrus vermicularis","","-1.1°C a 1.7°C","10a, 10b, 11a"
"syagrus_werdermannii","Syagrus werdermannii","","-1.1°C a 1.7°C","10a, 10b, 11a"
"syagrus_x_camposportoana","Syagrus x campos-portoana","","-1.1°C a 1.7°C","10a, 10b, 11a"
"syagrus_x_costae","Syagrus x costae","","-1.1°C a 1.7°C","10a, 10b, 11a"
"syagrus_x_matafome","Syagrus x matafome","","-1.1°C a 1.7°C","10a, 10b, 11a"
"syagrus_x_mirandana","Syagrus x mirandana","","-1.1°C a 1.7°C","10a, 10b, 11a"
"syagrus_x_teixeiriana","Syagrus x teixeiriana","","-1.1°C a 1.7°C","10a, 10b, 11a"
"syagrus_x_tostana","Syagrus x tostana","","-1.1°C a 1.7°C","10a, 10b, 11a"
"syagrus_yungasensis","Syagrus yungasensis","","-1.1°C a 1.7°C","10a, 10b, 11a"
"synechanthus_fibrosus","Synechanthus fibrosus","Monkey Tail Palm","-3.9°C a -1.1°C","9b, 10a, 10b, 11a"
"synechanthus_warscewiczianus","Synechanthus warscewiczianus","","-1.1°C a 1.7°C","10a, 10b, 11a"
"tahina_spectabilis","Tahina spectabilis","Blessed Palm","N/A",""
"tectiphiala_ferox","Tectiphiala ferox","","-1.1°C a 1.7°C","10a, 10b, 11a"
"thrinax_excelsa","Thrinax excelsa","Jamaican Thatch Palm","-1.1°C a 1.7°C","10a, 10b, 11a"
"thrinax_parviflora_subsp_parviflora","Thrinax parviflora subsp. parviflora","Mountain Thatch Palm","-1.1°C a 1.7°C","10a, 10b, 11a"
"thrinax_parviflora_subsp_puberula","Thrinax parviflora subsp. puberula","Broom Thatch Palm","-1.1°C a 1.7°C","10a, 10b, 11a"
"thrinax_radiata","Thrinax radiata","Florida Thatch Palm","-1.1°C a 1.7°C","10a, 10b, 11a"
"trachycarpus_fortunei","Trachycarpus fortunei","Chusan palm","-15°C a -12.2°C","7b, 8a, 8b, 9a, 9b, 10a, 10b, 11a"
"trachycarpus_fortunei_sp_wagnerianus","Trachycarpus fortunei sp. wagnerianus","Miniature Chusan palm","-17.8°C a -15°C","7a, 7b, 8a, 8b, 9a, 9b, 10a, 10b, 11a"
"trachycarpus_geminisectus","Trachycarpus geminisectus","Eight Peaks Fan Palm","-6.7°C a -3.9°C","9a, 9b, 10a, 10b, 11a"
"trachycarpus_latisectus","Trachycarpus latisectus","Windamere palm","-6.7°C a -3.9°C","9a, 9b, 10a, 10b, 11a"
"trachycarpus_martianus_sp_khasyanus","Trachycarpus martianus sp. khasyanus","Khasia Martius' Windmill Palm","-6.7°C a -3.9°C","9a, 9b, 10a, 10b, 11a"
"trachycarpus_martianus_sp_martianus","Trachycarpus martianus sp. martianus","Nepal Martius' Windmill Palm","-9.4°C a -6.7°C","8b, 9a, 9b, 10a, 10b, 11a"
"trachycarpus_nanus","Trachycarpus nanus","Dragonhead palm","-15°C a -12.2°C","7b, 8a, 8b, 9a, 9b, 10a, 10b, 11a"
"trachycarpus_nov_ssp_nova","Trachycarpus nov. ssp. (Nova)","Green Princeps","-6.7°C a -3.9°C","9a, 9b, 10a, 10b, 11a"
"trachycarpus_oreophilus","Trachycarpus oreophilus","Thai Mountain Fan Palm","-12.2°C a -9.4°C","8a, 8b, 9a, 9b, 10a, 10b, 11a"
"trachycarpus_princeps","Trachycarpus princeps","Stone Gate Palm","-9.4°C a -6.7°C","8b, 9a, 9b, 10a, 10b, 11a"
"trachycarpus_ravenii","Trachycarpus ravenii","","-6.7°C a -3.9°C","9a, 9b, 10a, 10b, 11a"
"trachycarpus_sp_nanital","Trachycarpus sp. nanital","Nanital Kumaon palm","-15°C a -12.2°C","7b, 8a, 8b, 9a, 9b, 10a, 10b, 11a"
"trachycarpus_takil","Trachycarpus takil","Kumaon palm","-15°C a -12.2°C","7b, 8a, 8b, 9a, 9b, 10a, 10b, 11a"
"trachycarpus_ukhrulensis","Trachycarpus ukhrulensis","Saramati Palm","-9.4°C a -6.7°C","8b, 9a, 9b, 10a, 10b, 11a"
"trithrinax_biflabellata","Trithrinax biflabellata","","-3.9°C a -1.1°C","9b, 10a, 10b, 11a"
"trithrinax_brasiliensis_var_acanthocoma","Trithrinax brasiliensis var. acanthocoma","","-6.7°C a -3.9°C","9a, 9b, 10a, 10b, 11a"
"trithrinax_brasiliensis_var_brasiliensis","Trithrinax brasiliensis var. brasiliensis","Brazilian needle palm","-3.9°C a -1.1°C","9b, 10a, 10b, 11a"
"trithrinax_campestris","Trithrinax campestris","Campestre palm","-12.2°C a -9.4°C","8a, 8b, 9a, 9b, 10a, 10b, 11a"
"trithrinax_schizophylla","Trithrinax schizophylla","Mosquito palm","-9.4°C a -6.7°C","8b, 9a, 9b, 10a, 10b, 11a"
"veitchia_arecina","Veitchia arecina","Montgomery Palm","-1.1°C a 1.7°C","10a, 10b, 11a"
"veitchia_filifera","Veitchia filifera","Yanawei Palm","1.7°C a 4.4°C","10b, 11a"
"veitchia_joannis","Veitchia joannis","","-1.1°C a 1.7°C","10a, 10b, 11a"
"veitchia_lepidota","Veitchia lepidota","","1.7°C a 4.4°C","10b, 11a"
"veitchia_metiti","Veitchia metiti","","1.7°C a 4.4°C","10b, 11a"
"veitchia_pachyclada","Veitchia pachyclada","","1.7°C a 4.4°C","10b, 11a"
"veitchia_simulans","Veitchia simulans","Niusawa Palm","1.7°C a 4.4°C","10b, 11a"
"veitchia_spiralis","Veitchia spiralis","Kajewskia Palm","1.7°C a 4.4°C","10b, 11a"
"veitchia_subdisticha","Veitchia subdisticha","","1.7°C a 4.4°C","10b, 11a"
"veitchia_vitiensis","Veitchia vitiensis","Kaivatu Palm","1.7°C a 4.4°C","10b, 11a"
"veitchia_winin","Veitchia winin","Winin Palm","1.7°C a 4.4°C","10b, 11a"
"verschaffeltia_splendida","Verschaffeltia splendida","Seychelles Stilt Palm","N/A",""
"voanioala_gerardii","Voanioala gerardii","Forest Coconut","-1.1°C a 1.7°C","10a, 10b, 11a"
"wallaceodoxa_rajaampat","Wallaceodoxa raja-ampat","Gulbotom Palm","1.7°C a 4.4°C","10b, 11a"
"wallichia_caryotoides","Wallichia caryotoides","Thai Dwarf Fishtail Palm","-3.9°C a -1.1°C","9b, 10a, 10b, 11a"
"wallichia_disticha","Wallichia disticha","Distichous Fishtail Palm","-3.9°C a -1.1°C","9b, 10a, 10b, 11a"
"wallichia_gracilis","Wallichia gracilis","","-3.9°C a -1.1°C","9b, 10a, 10b, 11a"
"wallichia_lidiae","Wallichia lidiae","","-1.1°C a 1.7°C","10a, 10b, 11a"
"wallichia_marianneae","Wallichia marianneae","","-3.9°C a -1.1°C","9b, 10a, 10b, 11a"
"wallichia_nana","Wallichia nana","","-3.9°C a -1.1°C","9b, 10a, 10b, 11a"
"wallichia_oblongifolia","Wallichia oblongifolia","Himalayan dwarf fishtail palm","-6.7°C a -3.9°C","9a, 9b, 10a, 10b, 11a"
"wallichia_triandra","Wallichia triandra","","-3.9°C a -1.1°C","9b, 10a, 10b, 11a"
"washingtonia_filifera","Washingtonia filifera","Cotton palm","-6.7°C a -3.9°C","9a, 9b, 10a, 10b, 11a"
"washingtonia_robusta","Washingtonia robusta","Sky, duster palm","-6.7°C a -3.9°C","9a, 9b, 10a, 10b, 11a"
"welfia_regia","Welfia regia","Amargo Palm","-1.1°C a 1.7°C","10a, 10b, 11a"
"wendlandiella_gracilis_var_gracilis","Wendlandiella gracilis var. gracilis","","1.7°C a 4.4°C","10b, 11a"
"wendlandiella_gracilis_var_polyclada","Wendlandiella gracilis var. polyclada","","1.7°C a 4.4°C","10b, 11a"
"wendlandiella_gracilis_var_simplicifrons","Wendlandiella gracilis var. simplicifrons","","1.7°C a 4.4°C","10b, 11a"
"wettinia_aequalis","Wettinia aequalis","Rosario Palm","-1.1°C a 1.7°C","10a, 10b, 11a"
"wettinia_aequatorialis","Wettinia aequatorialis","","-3.9°C a -1.1°C","9b, 10a, 10b, 11a"
"wettinia_anomala","Wettinia anomala","","-3.9°C a -1.1°C","9b, 10a, 10b, 11a"
"wettinia_augusta","Wettinia augusta","","-1.1°C a 1.7°C","10a, 10b, 11a"
"wettinia_castanea","Wettinia castanea","","-1.1°C a 1.7°C","10a, 10b, 11a"
"wettinia_disticha","Wettinia disticha","","-3.9°C a -1.1°C","9b, 10a, 10b, 11a"
"wettinia_drudei","Wettinia drudei","","-1.1°C a 1.7°C","10a, 10b, 11a"
"wettinia_fascicularis","Wettinia fascicularis","","-3.9°C a -1.1°C","9b, 10a, 10b, 11a"
"wettinia_hirsuta","Wettinia hirsuta","","-1.1°C a 1.7°C","10a, 10b, 11a"
"wettinia_kalbreyeri","Wettinia kalbreyeri","Macana Palm","-3.9°C a -1.1°C","9b, 10a, 10b, 11a"
"wettinia_lanata","Wettinia lanata","","-3.9°C a -1.1°C","9b, 10a, 10b, 11a"
"wettinia_longipetala","Wettinia longipetala","","-1.1°C a 1.7°C","10a, 10b, 11a"
"wettinia_maynensis","Wettinia maynensis","Walte Palm","-3.9°C a -1.1°C","9b, 10a, 10b, 11a"
"wettinia_microcarpa","Wettinia microcarpa","","-3.9°C a -1.1°C","9b, 10a, 10b, 11a"
"wettinia_minima","Wettinia minima","","-3.9°C a -1.1°C","9b, 10a, 10b, 11a"
"wettinia_oxycarpa","Wettinia oxycarpa","Gualte Palm","-1.1°C a 1.7°C","10a, 10b, 11a"
"wettinia_panamensis","Wettinia panamensis","","1.7°C a 4.4°C","10b, 11a"
"wettinia_praemorsa","Wettinia praemorsa","","-3.9°C a -1.1°C","9b, 10a, 10b, 11a"
"wettinia_quinaria","Wettinia quinaria","Ban, chi Palm","-1.1°C a 1.7°C","10a, 10b, 11a"
"wettinia_radiata","Wettinia radiata","","-1.1°C a 1.7°C","10a, 10b, 11a"
"wettinia_verruculosa","Wettinia verruculosa","","-1.1°C a 1.7°C","10a, 10b, 11a"
"wodyetia_bifurcata","Wodyetia bifurcata","Foxtail palm","-1.1°C a 1.7°C","10a, 10b, 11a"
"x_butyagrus_nabonnandii","x Butyagrus nabonnandii","Mule Palm","-15°C a -12.2°C","7b, 8a, 8b, 9a, 9b, 10a, 10b, 11a"
"zombia_antillarum","Zombia antillarum","Zombi Palm","-3.9°C a -1.1°C","9b, 10a, 10b, 11a"
"calamus_acamptostachys","Calamus acamptostachys","","N/A",""
"calamus_acanthochlamys","Calamus acanthochlamys","","-1.1°C a 1.7°C","10a, 10b, 11a"
"calamus_acanthophyllus","Calamus acanthophyllus","","-1.1°C a 1.7°C","10a, 10b, 11a"
"calamus_acanthospathus","Calamus acanthospathus","Yunnan Rattan","1.7°C a 4.4°C","10b, 11a"
"calamus_acaulis","Calamus acaulis","Short, stemed Rattam","1.7°C a 4.4°C","10b, 11a"
"calamus_acehensis","Calamus acehensis","","N/A",""
"calamus_acuminatus","Calamus acuminatus","Sharp Rattan","-1.1°C a 1.7°C","10a, 10b, 11a"
"calamus_adspersus","Calamus adspersus","Sprinkled Rattan","-1.1°C a 1.7°C","10a, 10b, 11a"
"calamus_affinis","Calamus affinis","","N/A",""
"calamus_aidae","Calamus aidae","","-1.1°C a 1.7°C","10a, 10b, 11a"
"calamus_albidus","Calamus albidus","Whitish Rattan","-3.9°C a -1.1°C","9b, 10a, 10b, 11a"
"calamus_albus","Calamus albus","White Rattan","-1.1°C a 1.7°C","10a, 10b, 11a"
"calamus_altiscandens","Calamus altiscandens","High, climbing Rattan","-1.1°C a 1.7°C","10a, 10b, 11a"
"calamus_amplijugus","Calamus amplijugus","","-1.1°C a 1.7°C","10a, 10b, 11a"
"calamus_andamanicus","Calamus andamanicus","Andaman Isles Rattan","-1.1°C a 1.7°C","10a, 10b, 11a"
"calamus_angustifolius","Calamus angustifolius","Water Rattan Palm","N/A",""
"calamus_anomalus","Calamus anomalus","Irregular Rattan","-1.1°C a 1.7°C","10a, 10b, 11a"
"calamus_arborescens","Calamus arborescens","Free, standing Rattan","-1.1°C a 1.7°C","10a, 10b, 11a"
"calamus_arfakianus","Calamus arfakianus","","-1.1°C a 1.7°C","10a, 10b, 11a"
"calamus_aruensis","Calamus aruensis","Hollrung's Rattan Palm","-1.1°C a 1.7°C","10a, 10b, 11a"
"calamus_arugda","Calamus arugda","","-1.1°C a 1.7°C","10a, 10b, 11a"
"calamus_ashtonii","Calamus ashtonii","","-1.1°C a 1.7°C","10a, 10b, 11a"
"calamus_asperrimus","Calamus asperrimus","Rough Rattan","-1.1°C a 1.7°C","10a, 10b, 11a"
"calamus_asteracanthus","Calamus asteracanthus","","N/A",""
"calamus_ater","Calamus ater","","N/A",""
"calamus_australis","Calamus australis","Wait, a, While","-1.1°C a 1.7°C","10a, 10b, 11a"
"calamus_austroguangxiensis","Calamus austroguangxiensis","Guangxi Rattan","-1.1°C a 1.7°C","10a, 10b, 11a"
"calamus_axillaris","Calamus axillaris","","-1.1°C a 1.7°C","10a, 10b, 11a"
"calamus_bachmaensis","Calamus bachmaensis","","1.7°C a 4.4°C","10b, 11a"
"calamus_bacularis","Calamus bacularis","","-1.1°C a 1.7°C","10a, 10b, 11a"
"calamus_badius","Calamus badius","","1.7°C a 4.4°C","10b, 11a"
"calamus_balerensis","Calamus balerensis","","-1.1°C a 1.7°C","10a, 10b, 11a"
"calamus_balingensis","Calamus balingensis","","-1.1°C a 1.7°C","10a, 10b, 11a"
"calamus_banggiensis","Calamus banggiensis","","N/A",""
"calamus_bankae","Calamus bankae","","-1.1°C a 1.7°C","10a, 10b, 11a"
"calamus_baratangensis","Calamus baratangensis","","-1.1°C a 1.7°C","10a, 10b, 11a"
"calamus_barbatus","Calamus barbatus","Bearded Rattan","-1.1°C a 1.7°C","10a, 10b, 11a"
"calamus_barfodii","Calamus barfodii","","1.7°C a 4.4°C","10b, 11a"
"calamus_basui","Calamus basui","","-1.1°C a 1.7°C","10a, 10b, 11a"
"calamus_batanensis","Calamus batanensis","Batan Islands Rattan","1.7°C a 4.4°C","10b, 11a"
"calamus_batoensis","Calamus batoensis","","N/A",""
"calamus_beccarii","Calamus beccarii","Soil Rattan","1.7°C a 4.4°C","10b, 11a"
"calamus_beguinii","Calamus beguinii","","N/A",""
"calamus_benkulensis","Calamus benkulensis","","-1.1°C a 1.7°C","10a, 10b, 11a"
"calamus_bicolor","Calamus bicolor","Two, coloured Rattan","-1.1°C a 1.7°C","10a, 10b, 11a"
"calamus_billitonensis","Calamus billitonensis","","-1.1°C a 1.7°C","10a, 10b, 11a"
"calamus_bimaniferus","Calamus bimaniferus","","-1.1°C a 1.7°C","10a, 10b, 11a"
"calamus_binnendijkii","Calamus binnendijkii","","N/A",""
"calamus_blumei","Calamus blumei","","-1.1°C a 1.7°C","10a, 10b, 11a"
"calamus_boniensis","Calamus boniensis","","-1.1°C a 1.7°C","10a, 10b, 11a"
"calamus_bousigonii_subsp_bousigonii","Calamus bousigonii subsp. bousigonii","","1.7°C a 4.4°C","10b, 11a"
"calamus_bousigonii_subsp_smitinandii","Calamus bousigonii subsp. smitinandii","","1.7°C a 4.4°C","10b, 11a"
"calamus_brachypodus","Calamus brachypodus","","N/A",""
"calamus_brandisii","Calamus brandisii","","-1.1°C a 1.7°C","10a, 10b, 11a"
"calamus_brevicaulis","Calamus brevicaulis","","N/A",""
"calamus_brevifolius","Calamus brevifolius","Short, leaved Rattan","-1.1°C a 1.7°C","10a, 10b, 11a"
"calamus_bulubabi","Calamus bulubabi","","1.7°C a 4.4°C","10b, 11a"
"calamus_burckianus","Calamus burckianus","","-1.1°C a 1.7°C","10a, 10b, 11a"
"calamus_burkillianus","Calamus burkillianus","","-1.1°C a 1.7°C","10a, 10b, 11a"
"calamus_buroensis","Calamus buroensis","","-1.1°C a 1.7°C","10a, 10b, 11a"
"calamus_caesius","Calamus caesius","Sega Rattan","-1.1°C a 1.7°C","10a, 10b, 11a"
"calamus_calapparius","Calamus calapparius","","N/A",""
"calamus_calicarpus","Calamus calicarpus","","N/A",""
"calamus_calospathus","Calamus calospathus","","N/A",""
"calamus_caryotoides","Calamus caryotoides","Fishtail Lawyer Cane","-1.1°C a 1.7°C","10a, 10b, 11a"
"calamus_castaneus","Calamus castaneus","Mountain Nypa","-1.1°C a 1.7°C","10a, 10b, 11a"
"calamus_cawa","Calamus cawa","","-1.1°C a 1.7°C","10a, 10b, 11a"
"calamus_centralis","Calamus centralis","","N/A",""
"calamus_ceratophorus","Calamus ceratophorus","","-1.1°C a 1.7°C","10a, 10b, 11a"
"calamus_cheirophyllus","Calamus cheirophyllus","","1.7°C a 4.4°C","10b, 11a"
"calamus_ciliaris","Calamus ciliaris","","-1.1°C a 1.7°C","10a, 10b, 11a"
"calamus_clemensianus","Calamus clemensianus","","N/A",""
"calamus_cockburnii","Calamus cockburnii","","-1.1°C a 1.7°C","10a, 10b, 11a"
"calamus_collariferus","Calamus collariferus","","N/A",""
"calamus_compsostachys","Calamus compsostachys","","-1.1°C a 1.7°C","10a, 10b, 11a"
"calamus_comptus","Calamus comptus","","-1.1°C a 1.7°C","10a, 10b, 11a"
"calamus_concinnus","Calamus concinnus","Coastal Rattan","-1.1°C a 1.7°C","10a, 10b, 11a"
"calamus_concolor","Calamus concolor","","N/A",""
"calamus_confusus","Calamus confusus","","N/A",""
"calamus_congestiflorus","Calamus congestiflorus","","-1.1°C a 1.7°C","10a, 10b, 11a"
"calamus_conirostris","Calamus conirostris","","-1.1°C a 1.7°C","10a, 10b, 11a"
"calamus_conjugatus","Calamus conjugatus","","-1.1°C a 1.7°C","10a, 10b, 11a"
"calamus_conspectus","Calamus conspectus","","N/A",""
"calamus_convallium","Calamus convallium","","-1.1°C a 1.7°C","10a, 10b, 11a"
"calamus_corneri","Calamus corneri","","-1.1°C a 1.7°C","10a, 10b, 11a"
"calamus_corrugatus","Calamus corrugatus","Wrinkled Rattan","-1.1°C a 1.7°C","10a, 10b, 11a"
"calamus_crassifolius","Calamus crassifolius","Think, leaved Rattan","-1.1°C a 1.7°C","10a, 10b, 11a"
"calamus_crinitus","Calamus crinitus","","N/A",""
"calamus_crispus","Calamus crispus","","N/A",""
"calamus_cristatus","Calamus cristatus","","N/A",""
"calamus_croftii","Calamus croftii","","1.7°C a 4.4°C","10b, 11a"
"calamus_cumingianus","Calamus cumingianus","","-1.1°C a 1.7°C","10a, 10b, 11a"
"calamus_curranii","Calamus curranii","","N/A",""
"calamus_cuthbertsonii","Calamus cuthbertsonii","","-1.1°C a 1.7°C","10a, 10b, 11a"
"calamus_daemonoropoides","Calamus daemonoropoides","","N/A",""
"calamus_dasyacanthus","Calamus dasyacanthus","","-1.1°C a 1.7°C","10a, 10b, 11a"
"calamus_deerratus","Calamus deerratus","","-1.1°C a 1.7°C","10a, 10b, 11a"
"calamus_delessertianus","Calamus delessertianus","","-1.1°C a 1.7°C","10a, 10b, 11a"
"calamus_delicatulus","Calamus delicatulus","","-1.1°C a 1.7°C","10a, 10b, 11a"
"calamus_densiflorus","Calamus densiflorus","Dense, flowered Rattan","-1.1°C a 1.7°C","10a, 10b, 11a"
"calamus_depauperatus","Calamus depauperatus","","-1.1°C a 1.7°C","10a, 10b, 11a"
"calamus_depressiusculus","Calamus depressiusculus","","N/A",""
"calamus_dianbaiensis","Calamus dianbaiensis","Electric White Rattan","-1.1°C a 1.7°C","10a, 10b, 11a"
"calamus_didymocarpus","Calamus didymocarpus","","-1.1°C a 1.7°C","10a, 10b, 11a"
"calamus_didymophyllus","Calamus didymophyllus","","1.7°C a 4.4°C","10b, 11a"
"calamus_diepenhorstii_var_diepenhorstii","Calamus diepenhorstii var. diepenhorstii","","-1.1°C a 1.7°C","10a, 10b, 11a"
"calamus_diepenhorstii_var_exulans","Calamus diepenhorstii var. exulans","","-1.1°C a 1.7°C","10a, 10b, 11a"
"calamus_diepenhorstii_var_major","Calamus diepenhorstii var. major","","-1.1°C a 1.7°C","10a, 10b, 11a"
"calamus_digitatus","Calamus digitatus","","-1.1°C a 1.7°C","10a, 10b, 11a"
"calamus_dilaceratus","Calamus dilaceratus","","-1.1°C a 1.7°C","10a, 10b, 11a"
"calamus_dimorphacanthus_var_benguetensis","Calamus dimorphacanthus var. benguetensis","","-1.1°C a 1.7°C","10a, 10b, 11a"
"calamus_dimorphacanthus_var_dimorphacanthus","Calamus dimorphacanthus var. dimorphacanthus","","-1.1°C a 1.7°C","10a, 10b, 11a"
"calamus_dimorphacanthus_var_halconensis","Calamus dimorphacanthus var. halconensis","","-1.1°C a 1.7°C","10a, 10b, 11a"
"calamus_dimorphacanthus_var_montalbanicus","Calamus dimorphacanthus var. montalbanicus","","-1.1°C a 1.7°C","10a, 10b, 11a"
"calamus_dimorphacanthus_var_zambalensis","Calamus dimorphacanthus var. zambalensis","","-1.1°C a 1.7°C","10a, 10b, 11a"
"calamus_dioicus","Calamus dioicus","","-1.1°C a 1.7°C","10a, 10b, 11a"
"calamus_discolor_var_discolor","Calamus discolor var. discolor","Speckled Rattan","-1.1°C a 1.7°C","10a, 10b, 11a"
"calamus_discolor_var_negrosensis","Calamus discolor var. negrosensis","","-1.1°C a 1.7°C","10a, 10b, 11a"
"calamus_distentus","Calamus distentus","","-1.1°C a 1.7°C","10a, 10b, 11a"
"calamus_divaricatus_var_contrarius","Calamus divaricatus var. contrarius","","-1.1°C a 1.7°C","10a, 10b, 11a"
"calamus_divaricatus_var_divaricatus","Calamus divaricatus var. divaricatus","","-1.1°C a 1.7°C","10a, 10b, 11a"
"calamus_dongnaiensis","Calamus dongnaiensis","","N/A",""
"calamus_draco","Calamus draco","","N/A",""
"calamus_dracunculus","Calamus dracunculus","","N/A",""
"calamus_dumetosus","Calamus dumetosus","","N/A",""
"calamus_egregius","Calamus egregius","Short Rattan","-1.1°C a 1.7°C","10a, 10b, 11a"
"calamus_elmerianus","Calamus elmerianus","","-1.1°C a 1.7°C","10a, 10b, 11a"
"calamus_elongatus","Calamus elongatus","","N/A",""
"calamus_elopurensis","Calamus elopurensis","","-1.1°C a 1.7°C","10a, 10b, 11a"
"calamus_endauensis","Calamus endauensis","","-1.1°C a 1.7°C","10a, 10b, 11a"
"calamus_epetiolaris","Calamus epetiolaris","","-1.1°C a 1.7°C","10a, 10b, 11a"
"calamus_equestris","Calamus equestris","","-1.1°C a 1.7°C","10a, 10b, 11a"
"calamus_erectus","Calamus erectus","Upright Rattan","-3.9°C a -1.1°C","9b, 10a, 10b, 11a"
"calamus_erinaceus","Calamus erinaceus","Hedgehog Rattan","-1.1°C a 1.7°C","10a, 10b, 11a"
"calamus_erioacanthus","Calamus erioacanthus","","-1.1°C a 1.7°C","10a, 10b, 11a"
"calamus_essigii","Calamus essigii","","-1.1°C a 1.7°C","10a, 10b, 11a"
"calamus_eugenei","Calamus eugenei","","N/A",""
"calamus_evansii","Calamus evansii","","N/A",""
"calamus_exilis","Calamus exilis","","-1.1°C a 1.7°C","10a, 10b, 11a"
"calamus_faberi","Calamus faberi","Large White Rattan","-1.1°C a 1.7°C","10a, 10b, 11a"
"calamus_fertilis","Calamus fertilis","Fertile Rattan","-1.1°C a 1.7°C","10a, 10b, 11a"
"calamus_filipendulus","Calamus filipendulus","","-1.1°C a 1.7°C","10a, 10b, 11a"
"calamus_filispadix","Calamus filispadix","","-1.1°C a 1.7°C","10a, 10b, 11a"
"calamus_fimbriatus","Calamus fimbriatus","","-1.1°C a 1.7°C","10a, 10b, 11a"
"calamus_fissijugatus","Calamus fissijugatus","","-1.1°C a 1.7°C","10a, 10b, 11a"
"calamus_fissilis","Calamus fissilis","","N/A",""
"calamus_fissus","Calamus fissus","","N/A",""
"calamus_flabellatus","Calamus flabellatus","","-1.1°C a 1.7°C","10a, 10b, 11a"
"calamus_flagellum","Calamus flagellum","Bullwhip Rattan","-1.1°C a 1.7°C","10a, 10b, 11a"
"calamus_flavinervis","Calamus flavinervis","","N/A",""
"calamus_flexilis","Calamus flexilis","","N/A",""
"calamus_floribundus","Calamus floribundus","","-1.1°C a 1.7°C","10a, 10b, 11a"
"calamus_forbesii","Calamus forbesii","","N/A",""
"calamus_formicarius","Calamus formicarius","","N/A",""
"calamus_formosanus","Calamus formosanus","Taiwan Yellow Rattan","-1.1°C a 1.7°C","10a, 10b, 11a"
"calamus_foxworthyi","Calamus foxworthyi","","-1.1°C a 1.7°C","10a, 10b, 11a"
"calamus_gamblei","Calamus gamblei","","-1.1°C a 1.7°C","10a, 10b, 11a"
"calamus_geniculatus","Calamus geniculatus","","N/A",""
"calamus_georgei","Calamus georgei","","N/A",""
"calamus_gibbsianus","Calamus gibbsianus","","-1.1°C a 1.7°C","10a, 10b, 11a"
"calamus_glaucescens","Calamus glaucescens","","N/A",""
"calamus_godefroyi","Calamus godefroyi","","-1.1°C a 1.7°C","10a, 10b, 11a"
"calamus_gogolensis","Calamus gogolensis","","-1.1°C a 1.7°C","10a, 10b, 11a"
"calamus_gonospermus","Calamus gonospermus","","-1.1°C a 1.7°C","10a, 10b, 11a"
"calamus_gracilipes","Calamus gracilipes","","N/A",""
"calamus_gracilis","Calamus gracilis","Small Rattan","-1.1°C a 1.7°C","10a, 10b, 11a"
"calamus_grandifolius","Calamus grandifolius","Large, leaved Rattan","-1.1°C a 1.7°C","10a, 10b, 11a"
"calamus_grandis","Calamus grandis","","N/A",""
"calamus_gregisectus","Calamus gregisectus","","-1.1°C a 1.7°C","10a, 10b, 11a"
"calamus_griseus","Calamus griseus","Grey Rattan","-1.1°C a 1.7°C","10a, 10b, 11a"
"calamus_guruba","Calamus guruba","","-1.1°C a 1.7°C","10a, 10b, 11a"
"calamus_hainanensis","Calamus hainanensis","Hainan Rattan","1.7°C a 4.4°C","10b, 11a"
"calamus_hallierianus","Calamus hallierianus","","N/A",""
"calamus_halmaherensis","Calamus halmaherensis","","-1.1°C a 1.7°C","10a, 10b, 11a"
"calamus_harmandii","Calamus harmandii","","1.7°C a 4.4°C","10b, 11a"
"calamus_henryanus","Calamus henryanus","Henry's Rattan","-1.1°C a 1.7°C","10a, 10b, 11a"
"calamus_hepburnii","Calamus hepburnii","","-1.1°C a 1.7°C","10a, 10b, 11a"
"calamus_heteracanthus","Calamus heteracanthus","","-1.1°C a 1.7°C","10a, 10b, 11a"
"calamus_heteroideus","Calamus heteroideus","","-1.1°C a 1.7°C","10a, 10b, 11a"
"calamus_hirsutus","Calamus hirsutus","","N/A",""
"calamus_hispidulus","Calamus hispidulus","","-1.1°C a 1.7°C","10a, 10b, 11a"
"calamus_holttumii","Calamus holttumii","","-1.1°C a 1.7°C","10a, 10b, 11a"
"calamus_hookerianus","Calamus hookerianus","Hooker's Rattan","-1.1°C a 1.7°C","10a, 10b, 11a"
"calamus_horridus","Calamus horridus","","N/A",""
"calamus_hukaungensis","Calamus hukaungensis","","-1.1°C a 1.7°C","10a, 10b, 11a"
"calamus_hypertrichosus","Calamus hypertrichosus","","-1.1°C a 1.7°C","10a, 10b, 11a"
"calamus_hypoleucus","Calamus hypoleucus","","-1.1°C a 1.7°C","10a, 10b, 11a"
"calamus_impar","Calamus impar","","-1.1°C a 1.7°C","10a, 10b, 11a"
"calamus_ingens","Calamus ingens","","N/A",""
"calamus_inopinatus","Calamus inopinatus","","1.7°C a 4.4°C","10b, 11a"
"calamus_inops","Calamus inops","Helpless Rattan","-1.1°C a 1.7°C","10a, 10b, 11a"
"calamus_insignis_var_insignis","Calamus insignis var. insignis","Remarkable Rattan","-1.1°C a 1.7°C","10a, 10b, 11a"
"calamus_insignis_var_longispinosus","Calamus insignis var. longispinosus","","-1.1°C a 1.7°C","10a, 10b, 11a"
"calamus_insignis_var_robustus","Calamus insignis var. robustus","","-1.1°C a 1.7°C","10a, 10b, 11a"
"calamus_interruptus","Calamus interruptus","","-1.1°C a 1.7°C","10a, 10b, 11a"
"calamus_javensis","Calamus javensis","Javanese Rattan","-1.1°C a 1.7°C","10a, 10b, 11a"
"calamus_jenkinsianus","Calamus jenkinsianus","Major Jenkins Rattan","-1.1°C a 1.7°C","10a, 10b, 11a"
"calamus_jenningsianus","Calamus jenningsianus","Jenning's Rattan","-1.1°C a 1.7°C","10a, 10b, 11a"
"calamus_johndransfieldii","Calamus johndransfieldii","","N/A",""
"calamus_johnsii","Calamus johnsii","","1.7°C a 4.4°C","10b, 11a"
"calamus_kampucheaensis","Calamus kampucheaensis","","-1.1°C a 1.7°C","10a, 10b, 11a"
"calamus_kandariensis","Calamus kandariensis","","-1.1°C a 1.7°C","10a, 10b, 11a"
"calamus_karnatakensis","Calamus karnatakensis","","-1.1°C a 1.7°C","10a, 10b, 11a"
"calamus_karuensis","Calamus karuensis","","-1.1°C a 1.7°C","10a, 10b, 11a"
"calamus_kebariensis","Calamus kebariensis","","-3.9°C a -1.1°C","9b, 10a, 10b, 11a"
"calamus_khasianus","Calamus khasianus","Khasia Hills Rattan","-1.1°C a 1.7°C","10a, 10b, 11a"
"calamus_kiahii","Calamus kiahii","","-1.1°C a 1.7°C","10a, 10b, 11a"
"calamus_kingianus","Calamus kingianus","","-1.1°C a 1.7°C","10a, 10b, 11a"
"calamus_kjellbergii","Calamus kjellbergii","","-1.1°C a 1.7°C","10a, 10b, 11a"
"calamus_klossii","Calamus klossii","","-1.1°C a 1.7°C","10a, 10b, 11a"
"calamus_komsaryi","Calamus komsaryi","","N/A",""
"calamus_kontumensis","Calamus kontumensis","","N/A",""
"calamus_koordersianus","Calamus koordersianus","","-1.1°C a 1.7°C","10a, 10b, 11a"
"calamus_korthalsii","Calamus korthalsii","","N/A",""
"calamus_kunstleri","Calamus kunstleri","","N/A",""
"calamus_kurzianus","Calamus kurzianus","","N/A",""
"calamus_laevigatus_var_laevigatus","Calamus laevigatus var. laevigatus","","-1.1°C a 1.7°C","10a, 10b, 11a"
"calamus_laevigatus_var_mucronatus","Calamus laevigatus var. mucronatus","","-1.1°C a 1.7°C","10a, 10b, 11a"
"calamus_laevigatus_var_serpentinus","Calamus laevigatus var. serpentinus","","-1.1°C a 1.7°C","10a, 10b, 11a"
"calamus_lakshmanae","Calamus lakshmanae","","-1.1°C a 1.7°C","10a, 10b, 11a"
"calamus_lambirensis","Calamus lambirensis","","-1.1°C a 1.7°C","10a, 10b, 11a"
"calamus_lamprolepis","Calamus lamprolepis","","N/A",""
"calamus_laoensis","Calamus laoensis","Laos Rattan","-1.1°C a 1.7°C","10a, 10b, 11a"
"calamus_lateralis","Calamus lateralis","","1.7°C a 4.4°C","10b, 11a"
"calamus_latifolius","Calamus latifolius","","-3.9°C a -1.1°C","9b, 10a, 10b, 11a"
"calamus_lauterbachii","Calamus lauterbachii","","-1.1°C a 1.7°C","10a, 10b, 11a"
"calamus_laxissimus","Calamus laxissimus","","-1.1°C a 1.7°C","10a, 10b, 11a"
"calamus_leiocaulis","Calamus leiocaulis","","-1.1°C a 1.7°C","10a, 10b, 11a"
"calamus_leloi","Calamus leloi","","-1.1°C a 1.7°C","10a, 10b, 11a"
"calamus_leptopus","Calamus leptopus","","1.7°C a 4.4°C","10b, 11a"
"calamus_leptospadix","Calamus leptospadix","Indian Dwarf Rattan","-1.1°C a 1.7°C","10a, 10b, 11a"
"calamus_leptostachys","Calamus leptostachys","","-1.1°C a 1.7°C","10a, 10b, 11a"
"calamus_lewisianus","Calamus lewisianus","Lewis Rattan Palm","N/A",""
"calamus_lobbianus","Calamus lobbianus","","-1.1°C a 1.7°C","10a, 10b, 11a"
"calamus_loherianus","Calamus loherianus","","1.7°C a 4.4°C","10b, 11a"
"calamus_longibracteatus","Calamus longibracteatus","","N/A",""
"calamus_longipes","Calamus longipes","","1.7°C a 4.4°C","10b, 11a"
"calamus_longipinna","Calamus longipinna","Long, leaflet Ratten","-1.1°C a 1.7°C","10a, 10b, 11a"
"calamus_longisetus","Calamus longisetus","","-1.1°C a 1.7°C","10a, 10b, 11a"
"calamus_longispathus","Calamus longispathus","Long, spathe Rattan","-1.1°C a 1.7°C","10a, 10b, 11a"
"calamus_longispinosus","Calamus longispinosus","","N/A",""
"calamus_longistipes","Calamus longistipes","","N/A",""
"calamus_lucysmithiae","Calamus lucysmithiae","","1.7°C a 4.4°C","10b, 11a"
"calamus_luridus","Calamus luridus","","-1.1°C a 1.7°C","10a, 10b, 11a"
"calamus_luteus","Calamus luteus","","N/A",""
"calamus_macrochlamys","Calamus macrochlamys","","-1.1°C a 1.7°C","10a, 10b, 11a"
"calamus_macrophyllus","Calamus macrophyllus","","N/A",""
"calamus_macropterus","Calamus macropterus","","N/A",""
"calamus_macrorhynchus","Calamus macrorhynchus","Big Beaked Rattan","-1.1°C a 1.7°C","10a, 10b, 11a"
"calamus_macrosphaerion","Calamus macrosphaerion","","-1.1°C a 1.7°C","10a, 10b, 11a"
"calamus_maculatus","Calamus maculatus","","N/A",""
"calamus_maiadum","Calamus maiadum","","-1.1°C a 1.7°C","10a, 10b, 11a"
"calamus_malawaliensis","Calamus malawaliensis","","-1.1°C a 1.7°C","10a, 10b, 11a"
"calamus_manan","Calamus manan","Manau Rattan","1.7°C a 4.4°C","10b, 11a"
"calamus_manii","Calamus manii","","N/A",""
"calamus_manillensis","Calamus manillensis","","-1.1°C a 1.7°C","10a, 10b, 11a"
"calamus_marginatus","Calamus marginatus","","-1.1°C a 1.7°C","10a, 10b, 11a"
"calamus_mattanensis","Calamus mattanensis","","-1.1°C a 1.7°C","10a, 10b, 11a"
"calamus_maturbongsii","Calamus maturbongsii","","-1.1°C a 1.7°C","10a, 10b, 11a"
"calamus_megalocarpus","Calamus megalocarpus","","N/A",""
"calamus_megaphyllus","Calamus megaphyllus","","-1.1°C a 1.7°C","10a, 10b, 11a"
"calamus_meghalayensis","Calamus meghalayensis","","-1.1°C a 1.7°C","10a, 10b, 11a"
"calamus_melanacanthus","Calamus melanacanthus","","-1.1°C a 1.7°C","10a, 10b, 11a"
"calamus_melanochaetes","Calamus melanochaetes","Chocolate Rattan","N/A",""
"calamus_melanochrous","Calamus melanochrous","Dayao Mountain Rattan","-1.1°C a 1.7°C","10a, 10b, 11a"
"calamus_melanoloma","Calamus melanoloma","","-1.1°C a 1.7°C","10a, 10b, 11a"
"calamus_melanorhynchus","Calamus melanorhynchus","Black Beaked Rattan","-1.1°C a 1.7°C","10a, 10b, 11a"
"calamus_mellitus","Calamus mellitus","","1.7°C a 4.4°C","10b, 11a"
"calamus_merrillii_var_merrillii","Calamus merrillii var. merrillii","Merrill's Rattan","-1.1°C a 1.7°C","10a, 10b, 11a"
"calamus_merrillii_var_merrittianus","Calamus merrillii var. merrittianus","","-1.1°C a 1.7°C","10a, 10b, 11a"
"calamus_merrillii_var_nanga","Calamus merrillii var. nanga","","-1.1°C a 1.7°C","10a, 10b, 11a"
"calamus_mesilauensis","Calamus mesilauensis","","-1.1°C a 1.7°C","10a, 10b, 11a"
"calamus_metzianus","Calamus metzianus","","-1.1°C a 1.7°C","10a, 10b, 11a"
"calamus_micracanthus","Calamus micracanthus","","N/A",""
"calamus_micranthus","Calamus micranthus","","-1.1°C a 1.7°C","10a, 10b, 11a"
"calamus_microcarpus_var_diminutus","Calamus microcarpus var. diminutus","Small, seeded Rattan","-1.1°C a 1.7°C","10a, 10b, 11a"
"calamus_microcarpus_var_longiocrea","Calamus microcarpus var. longiocrea","","-1.1°C a 1.7°C","10a, 10b, 11a"
"calamus_microcarpus_var_microcarpus","Calamus microcarpus var. microcarpus","","-1.1°C a 1.7°C","10a, 10b, 11a"
"calamus_microsphaerion_var_microsphaerion","Calamus microsphaerion var. microsphaerion","","-1.1°C a 1.7°C","10a, 10b, 11a"
"calamus_microsphaerion_var_spinosior","Calamus microsphaerion var. spinosior","","-1.1°C a 1.7°C","10a, 10b, 11a"
"calamus_microstachys","Calamus microstachys","","N/A",""
"calamus_minahassae","Calamus minahassae","","-1.1°C a 1.7°C","10a, 10b, 11a"
"calamus_mindorensis","Calamus mindorensis","","-1.1°C a 1.7°C","10a, 10b, 11a"
"calamus_minor","Calamus minor","Little Rattan","1.7°C a 4.4°C","10b, 11a"
"calamus_minutus","Calamus minutus","","-1.1°C a 1.7°C","10a, 10b, 11a"
"calamus_mirabilis","Calamus mirabilis","","N/A",""
"calamus_mitis","Calamus mitis","Spineless Rattan","-1.1°C a 1.7°C","10a, 10b, 11a"
"calamus_modestus","Calamus modestus","","-1.1°C a 1.7°C","10a, 10b, 11a"
"calamus_mogeae","Calamus mogeae","","-1.1°C a 1.7°C","10a, 10b, 11a"
"calamus_mogeanus","Calamus mogeanus","","N/A",""
"calamus_mollis","Calamus mollis","","1.7°C a 4.4°C","10b, 11a"
"calamus_mollispinus","Calamus mollispinus","","1.7°C a 4.4°C","10b, 11a"
"calamus_monticola","Calamus monticola","","1.7°C a 4.4°C","10b, 11a"
"calamus_moorei","Calamus moorei","","N/A",""
"calamus_moorhousei","Calamus moorhousei","","-1.1°C a 1.7°C","10a, 10b, 11a"
"calamus_moseleyanus","Calamus moseleyanus","","-1.1°C a 1.7°C","10a, 10b, 11a"
"calamus_moszkowskianus","Calamus moszkowskianus","","-1.1°C a 1.7°C","10a, 10b, 11a"
"calamus_moti","Calamus moti","Yellow Lawyer Cane","-1.1°C a 1.7°C","10a, 10b, 11a"
"calamus_muelleri","Calamus muelleri","Southern Lawyer Vine","-1.1°C a 1.7°C","10a, 10b, 11a"
"calamus_multinervis","Calamus multinervis","","-1.1°C a 1.7°C","10a, 10b, 11a"
"calamus_multispicatus","Calamus multispicatus","Lobed Rattan","-1.1°C a 1.7°C","10a, 10b, 11a"
"calamus_muricatus","Calamus muricatus","","-1.1°C a 1.7°C","10a, 10b, 11a"
"calamus_myriacanthus","Calamus myriacanthus","","-1.1°C a 1.7°C","10a, 10b, 11a"
"calamus_myriocladus","Calamus myriocladus","","-1.1°C a 1.7°C","10a, 10b, 11a"
"calamus_nagbettai","Calamus nagbettai","","-1.1°C a 1.7°C","10a, 10b, 11a"
"calamus_nambariensis","Calamus nambariensis","Stout Rattan","-1.1°C a 1.7°C","10a, 10b, 11a"
"calamus_nanduensis","Calamus nanduensis","","1.7°C a 4.4°C","10b, 11a"
"calamus_nannostachys","Calamus nannostachys","","-1.1°C a 1.7°C","10a, 10b, 11a"
"calamus_nanodendron","Calamus nanodendron","","-1.1°C a 1.7°C","10a, 10b, 11a"
"calamus_neelagiricus","Calamus neelagiricus","","-1.1°C a 1.7°C","10a, 10b, 11a"
"calamus_nematospadix","Calamus nematospadix","","-1.1°C a 1.7°C","10a, 10b, 11a"
"calamus_nicobaricus","Calamus nicobaricus","Nicobar Isles Rattan","-1.1°C a 1.7°C","10a, 10b, 11a"
"calamus_nicolai","Calamus nicolai","","1.7°C a 4.4°C","10b, 11a"
"calamus_nielsenii","Calamus nielsenii","","-1.1°C a 1.7°C","10a, 10b, 11a"
"calamus_niger","Calamus niger","","N/A",""
"calamus_nigricans","Calamus nigricans","","-1.1°C a 1.7°C","10a, 10b, 11a"
"calamus_nuichuaensis","Calamus nuichuaensis","","N/A",""
"calamus_oblatus","Calamus oblatus","","N/A",""
"calamus_oblongus","Calamus oblongus","Wide-thorned Vine","N/A",""
"calamus_obovoideus","Calamus obovoideus","","-1.1°C a 1.7°C","10a, 10b, 11a"
"calamus_occidentalis","Calamus occidentalis","Western Rattan","-1.1°C a 1.7°C","10a, 10b, 11a"
"calamus_ochrolepis","Calamus ochrolepis","Sumulid Rattan Palm","1.7°C a 4.4°C","10b, 11a"
"calamus_ocreatus","Calamus ocreatus","","1.7°C a 4.4°C","10b, 11a"
"calamus_oligolepis","Calamus oligolepis","","1.7°C a 4.4°C","10b, 11a"
"calamus_oligophyllus","Calamus oligophyllus","","1.7°C a 4.4°C","10b, 11a"
"calamus_oligostachys","Calamus oligostachys","","-1.1°C a 1.7°C","10a, 10b, 11a"
"calamus_opacus","Calamus opacus","Opaque Rattan","-1.1°C a 1.7°C","10a, 10b, 11a"
"calamus_optimus","Calamus optimus","","-1.1°C a 1.7°C","10a, 10b, 11a"
"calamus_oresbius","Calamus oresbius","","1.7°C a 4.4°C","10b, 11a"
"calamus_ornatus_var_ornatus","Calamus ornatus var. ornatus","Black Mountain Rattan","-1.1°C a 1.7°C","10a, 10b, 11a"
"calamus_ornatus_var_pulverulentus","Calamus ornatus var. pulverulentus","","-1.1°C a 1.7°C","10a, 10b, 11a"
"calamus_orthostachyus","Calamus orthostachyus","","-1.1°C a 1.7°C","10a, 10b, 11a"
"calamus_ovoideus","Calamus ovoideus","Ovoid Rattan","-1.1°C a 1.7°C","10a, 10b, 11a"
"calamus_oxleyanus_var_montanus","Calamus oxleyanus var. montanus","","-1.1°C a 1.7°C","10a, 10b, 11a"
"calamus_oxleyanus_var_oxleyanus","Calamus oxleyanus var. oxleyanus","","-1.1°C a 1.7°C","10a, 10b, 11a"
"calamus_oxycarpus","Calamus oxycarpus","Sharp, fruit Rattan","-1.1°C a 1.7°C","10a, 10b, 11a"
"calamus_oxycoccus","Calamus oxycoccus","","N/A",""
"calamus_pachypus","Calamus pachypus","","-1.1°C a 1.7°C","10a, 10b, 11a"
"calamus_pachyrostris","Calamus pachyrostris","","N/A",""
"calamus_pachystachys","Calamus pachystachys","","-1.1°C a 1.7°C","10a, 10b, 11a"
"calamus_pachystemonus","Calamus pachystemonus","","-1.1°C a 1.7°C","10a, 10b, 11a"
"calamus_padangensis","Calamus padangensis","","-1.1°C a 1.7°C","10a, 10b, 11a"
"calamus_palembanicus","Calamus palembanicus","","N/A",""
"calamus_palustris","Calamus palustris","","-1.1°C a 1.7°C","10a, 10b, 11a"
"calamus_palustris_var_malaccensis","Calamus palustris var. malaccensis","Chak Raw Rattan","-1.1°C a 1.7°C","10a, 10b, 11a"
"calamus_pandanosmus","Calamus pandanosmus","","-1.1°C a 1.7°C","10a, 10b, 11a"
"calamus_pannosus","Calamus pannosus","","N/A",""
"calamus_papuanus","Calamus papuanus","Papuan Rattan","-1.1°C a 1.7°C","10a, 10b, 11a"
"calamus_parutan","Calamus parutan","","N/A",""
"calamus_parvifructus","Calamus parvifructus","","N/A",""
"calamus_parvulus","Calamus parvulus","","-1.1°C a 1.7°C","10a, 10b, 11a"
"calamus_paspalanthus","Calamus paspalanthus","","-1.1°C a 1.7°C","10a, 10b, 11a"
"calamus_paucijugus","Calamus paucijugus","","-1.1°C a 1.7°C","10a, 10b, 11a"
"calamus_paulii","Calamus paulii","","-1.1°C a 1.7°C","10a, 10b, 11a"
"calamus_pedicellaris","Calamus pedicellaris","","N/A",""
"calamus_pedicellatus","Calamus pedicellatus","","-1.1°C a 1.7°C","10a, 10b, 11a"
"calamus_penicillatus","Calamus penicillatus","","-1.1°C a 1.7°C","10a, 10b, 11a"
"calamus_perakensis_var_crassus","Calamus perakensis var. crassus","Perak Rattan","-1.1°C a 1.7°C","10a, 10b, 11a"
"calamus_perakensis_var_niger","Calamus perakensis var. niger","","-1.1°C a 1.7°C","10a, 10b, 11a"
"calamus_perakensis_var_perakensis","Calamus perakensis var. perakensis","","-1.1°C a 1.7°C","10a, 10b, 11a"
"calamus_peregrinus","Calamus peregrinus","Pilgrim Rattan","-1.1°C a 1.7°C","10a, 10b, 11a"
"calamus_periacanthus","Calamus periacanthus","","N/A",""
"calamus_pholidostachys","Calamus pholidostachys","Scaly, spined Rattan","-1.1°C a 1.7°C","10a, 10b, 11a"
"calamus_phuocbinhensis","Calamus phuocbinhensis","","1.7°C a 4.4°C","10b, 11a"
"calamus_pilosellus","Calamus pilosellus","","-1.1°C a 1.7°C","10a, 10b, 11a"
"calamus_pilossisimus","Calamus pilossisimus","","-1.1°C a 1.7°C","10a, 10b, 11a"
"calamus_plagiocyclus","Calamus plagiocyclus","","N/A",""
"calamus_platyacanthoides","Calamus platyacanthoides","","-1.1°C a 1.7°C","10a, 10b, 11a"
"calamus_platyspathus","Calamus platyspathus","","-1.1°C a 1.7°C","10a, 10b, 11a"
"calamus_plicatus","Calamus plicatus","Folded Rattan","-1.1°C a 1.7°C","10a, 10b, 11a"
"calamus_poensis","Calamus poensis","","-1.1°C a 1.7°C","10a, 10b, 11a"
"calamus_pogonacanthus","Calamus pogonacanthus","","-1.1°C a 1.7°C","10a, 10b, 11a"
"calamus_pogonotium","Calamus pogonotium","","N/A",""
"calamus_poilanei","Calamus poilanei","","-1.1°C a 1.7°C","10a, 10b, 11a"
"calamus_politus","Calamus politus","","1.7°C a 4.4°C","10b, 11a"
"calamus_polycladus","Calamus polycladus","","-1.1°C a 1.7°C","10a, 10b, 11a"
"calamus_polystachys","Calamus polystachys","Ant Rattan","-1.1°C a 1.7°C","10a, 10b, 11a"
"calamus_praetermissus","Calamus praetermissus","Overlooked Rattan","-1.1°C a 1.7°C","10a, 10b, 11a"
"calamus_prasinus","Calamus prasinus","","-1.1°C a 1.7°C","10a, 10b, 11a"
"calamus_prattianus","Calamus prattianus","","-1.1°C a 1.7°C","10a, 10b, 11a"
"calamus_pseudoconcolor","Calamus pseudoconcolor","","N/A",""
"calamus_pseudofeanus","Calamus pseudofeanus","","-1.1°C a 1.7°C","10a, 10b, 11a"
"calamus_pseudomollis","Calamus pseudomollis","","-1.1°C a 1.7°C","10a, 10b, 11a"
"calamus_pseudorivalis","Calamus pseudorivalis","","-1.1°C a 1.7°C","10a, 10b, 11a"
"calamus_pseudotenuis","Calamus pseudotenuis","","-1.1°C a 1.7°C","10a, 10b, 11a"
"calamus_pseudoulur","Calamus pseudoulur","","-1.1°C a 1.7°C","10a, 10b, 11a"
"calamus_pseudozebrinus","Calamus pseudozebrinus","","-1.1°C a 1.7°C","10a, 10b, 11a"
"calamus_psilocladus","Calamus psilocladus","","-1.1°C a 1.7°C","10a, 10b, 11a"
"calamus_pulcher","Calamus pulcher","Beautiful Rattan","-1.1°C a 1.7°C","10a, 10b, 11a"
"calamus_pumilus","Calamus pumilus","","N/A",""
"calamus_pycnocarpus","Calamus pycnocarpus","","-1.1°C a 1.7°C","10a, 10b, 11a"
"calamus_pygmaeus","Calamus pygmaeus","Pygmy Rattan","-1.1°C a 1.7°C","10a, 10b, 11a"
"calamus_quinquenervius","Calamus quinquenervius","","-1.1°C a 1.7°C","10a, 10b, 11a"
"calamus_radiatus","Calamus radiatus","","-1.1°C a 1.7°C","10a, 10b, 11a"
"calamus_radicalis","Calamus radicalis","Vicious Hairy Mary","-1.1°C a 1.7°C","10a, 10b, 11a"
"calamus_radulosus","Calamus radulosus","","-1.1°C a 1.7°C","10a, 10b, 11a"
"calamus_ramulosus","Calamus ramulosus","","-1.1°C a 1.7°C","10a, 10b, 11a"
"calamus_rarispinosus","Calamus rarispinosus","","N/A",""
"calamus_reinwardtii","Calamus reinwardtii","","-1.1°C a 1.7°C","10a, 10b, 11a"
"calamus_reticulatus","Calamus reticulatus","Reticulated Rattan","-1.1°C a 1.7°C","10a, 10b, 11a"
"calamus_retroflexus","Calamus retroflexus","","1.7°C a 4.4°C","10b, 11a"
"calamus_reyesianus","Calamus reyesianus","","-1.1°C a 1.7°C","10a, 10b, 11a"
"calamus_rhabdocladus","Calamus rhabdocladus","Bowstring Rattan","-1.1°C a 1.7°C","10a, 10b, 11a"
"calamus_rheedei","Calamus rheedei","","-1.1°C a 1.7°C","10a, 10b, 11a"
"calamus_rhomboideus","Calamus rhomboideus","","-1.1°C a 1.7°C","10a, 10b, 11a"
"calamus_rhytidomus","Calamus rhytidomus","","-1.1°C a 1.7°C","10a, 10b, 11a"
"calamus_ridleyanus","Calamus ridleyanus","","-1.1°C a 1.7°C","10a, 10b, 11a"
"calamus_riedelianus","Calamus riedelianus","","N/A",""
"calamus_robinsonianus","Calamus robinsonianus","","-1.1°C a 1.7°C","10a, 10b, 11a"
"calamus_rotang","Calamus rotang","","-1.1°C a 1.7°C","10a, 10b, 11a"
"calamus_ruber","Calamus ruber","","N/A",""
"calamus_rudentum","Calamus rudentum","Lizard Rattan","-1.1°C a 1.7°C","10a, 10b, 11a"
"calamus_rugosus","Calamus rugosus","","-1.1°C a 1.7°C","10a, 10b, 11a"
"calamus_ruptilis_var_acaulescens","Calamus ruptilis var. acaulescens","","N/A",""
"calamus_ruptilis_var_ruptilis","Calamus ruptilis var. ruptilis","","N/A",""
"calamus_ruvidus","Calamus ruvidus","","-1.1°C a 1.7°C","10a, 10b, 11a"
"calamus_sabalensis","Calamus sabalensis","","-1.1°C a 1.7°C","10a, 10b, 11a"
"calamus_sabensis","Calamus sabensis","","-1.1°C a 1.7°C","10a, 10b, 11a"
"calamus_sabut","Calamus sabut","Hair-Spine Rattan","N/A",""
"calamus_salicifolius","Calamus salicifolius","Willow, leaved Rattan","-1.1°C a 1.7°C","10a, 10b, 11a"
"calamus_samian","Calamus samian","","-1.1°C a 1.7°C","10a, 10b, 11a"
"calamus_sarasinorum","Calamus sarasinorum","","N/A",""
"calamus_sarawakensis","Calamus sarawakensis","Sarawak Rattan","-1.1°C a 1.7°C","10a, 10b, 11a"
"calamus_sashae","Calamus sashae","","1.7°C a 4.4°C","10b, 11a"
"calamus_scabridulus","Calamus scabridulus","","-1.1°C a 1.7°C","10a, 10b, 11a"
"calamus_scapigerus","Calamus scapigerus","","N/A",""
"calamus_schaeferianus","Calamus schaeferianus","","-1.1°C a 1.7°C","10a, 10b, 11a"
"calamus_schistoacanthus","Calamus schistoacanthus","","-1.1°C a 1.7°C","10a, 10b, 11a"
"calamus_schlechteri","Calamus schlechteri","","N/A",""
"calamus_schlechterianus","Calamus schlechterianus","","-1.1°C a 1.7°C","10a, 10b, 11a"
"calamus_scipionum","Calamus scipionum","Semambu Rattan","-1.1°C a 1.7°C","10a, 10b, 11a"
"calamus_scleracanthus","Calamus scleracanthus","","-1.1°C a 1.7°C","10a, 10b, 11a"
"calamus_sedens","Calamus sedens","","-1.1°C a 1.7°C","10a, 10b, 11a"
"calamus_sedisspirituum","Calamus sedisspirituum","","N/A",""
"calamus_sekundurensis","Calamus sekundurensis","","N/A",""
"calamus_semierectus","Calamus semierectus","Semi, erect Rattan","-1.1°C a 1.7°C","10a, 10b, 11a"
"calamus_semoi","Calamus semoi","","-1.1°C a 1.7°C","10a, 10b, 11a"
"calamus_senalingensis","Calamus senalingensis","","-1.1°C a 1.7°C","10a, 10b, 11a"
"calamus_sepal","Calamus sepal","","N/A",""
"calamus_seriatus","Calamus seriatus","","-1.1°C a 1.7°C","10a, 10b, 11a"
"calamus_serpentinus","Calamus serpentinus","","N/A",""
"calamus_serrulatus","Calamus serrulatus","","-1.1°C a 1.7°C","10a, 10b, 11a"
"calamus_setulosus","Calamus setulosus","","-1.1°C a 1.7°C","10a, 10b, 11a"
"calamus_siamensis","Calamus siamensis","Thai Rattan","-1.1°C a 1.7°C","10a, 10b, 11a"
"calamus_siberutensis","Calamus siberutensis","","N/A",""
"calamus_simplex","Calamus simplex","","-1.1°C a 1.7°C","10a, 10b, 11a"
"calamus_simplicifolius","Calamus simplicifolius","Simple, leaved Rattan","-1.1°C a 1.7°C","10a, 10b, 11a"
"calamus_singalanus","Calamus singalanus","","N/A",""
"calamus_siphonospathus_var_dransfieldii","Calamus siphonospathus var. dransfieldii","","-1.1°C a 1.7°C","10a, 10b, 11a"
"calamus_siphonospathus_var_farinosus","Calamus siphonospathus var. farinosus","","-1.1°C a 1.7°C","10a, 10b, 11a"
"calamus_siphonospathus_var_oligolepis","Calamus siphonospathus var. oligolepis","","-1.1°C a 1.7°C","10a, 10b, 11a"
"calamus_siphonospathus_var_polylepis","Calamus siphonospathus var. polylepis","","-1.1°C a 1.7°C","10a, 10b, 11a"
"calamus_siphonospathus_var_siphonospathus","Calamus siphonospathus var. siphonospathus","Lanyu sheng, teng","1.7°C a 4.4°C","10b, 11a"
"calamus_siphonospathus_var_sublaevis","Calamus siphonospathus var. sublaevis","Lanyu Island Rattan","1.7°C a 4.4°C","10b, 11a"
"calamus_solitarius","Calamus solitarius","","-1.1°C a 1.7°C","10a, 10b, 11a"
"calamus_sordidus","Calamus sordidus","","-1.1°C a 1.7°C","10a, 10b, 11a"
"calamus_spanostachys","Calamus spanostachys","","1.7°C a 4.4°C","10b, 11a"
"calamus_sparsiflorus","Calamus sparsiflorus","","N/A",""
"calamus_speciosissimus","Calamus speciosissimus","Beyond, beautiful Rattan","-1.1°C a 1.7°C","10a, 10b, 11a"
"calamus_spectabilis","Calamus spectabilis","","-1.1°C a 1.7°C","10a, 10b, 11a"
"calamus_spectatissimus","Calamus spectatissimus","","-1.1°C a 1.7°C","10a, 10b, 11a"
"calamus_spicatus","Calamus spicatus","","-1.1°C a 1.7°C","10a, 10b, 11a"
"calamus_spiculiferus","Calamus spiculiferus","","1.7°C a 4.4°C","10b, 11a"
"calamus_spinifolius","Calamus spinifolius","Spiny, leaved Rattan","-1.1°C a 1.7°C","10a, 10b, 11a"
"calamus_spinulinervis","Calamus spinulinervis","","-1.1°C a 1.7°C","10a, 10b, 11a"
"calamus_spiralis","Calamus spiralis","","1.7°C a 4.4°C","10b, 11a"
"calamus_stenophyllus","Calamus stenophyllus","","N/A",""
"calamus_stoloniferus","Calamus stoloniferus","","-1.1°C a 1.7°C","10a, 10b, 11a"
"calamus_suaveolens","Calamus suaveolens","","-1.1°C a 1.7°C","10a, 10b, 11a"
"calamus_subangulatus","Calamus subangulatus","","N/A",""
"calamus_subinermis","Calamus subinermis","","-1.1°C a 1.7°C","10a, 10b, 11a"
"calamus_sumbawensis","Calamus sumbawensis","","-1.1°C a 1.7°C","10a, 10b, 11a"
"calamus_symphysipus","Calamus symphysipus","","-1.1°C a 1.7°C","10a, 10b, 11a"
"calamus_takanensis","Calamus takanensis","","N/A",""
"calamus_tanakadatei","Calamus tanakadatei","","-1.1°C a 1.7°C","10a, 10b, 11a"
"calamus_tapa","Calamus tapa","","-1.1°C a 1.7°C","10a, 10b, 11a"
"calamus_temburongii","Calamus temburongii","","-1.1°C a 1.7°C","10a, 10b, 11a"
"calamus_temii","Calamus temii","","-1.1°C a 1.7°C","10a, 10b, 11a"
"calamus_tenompokensis","Calamus tenompokensis","","-1.1°C a 1.7°C","10a, 10b, 11a"
"calamus_tenuis","Calamus tenuis","Thin Rattan","-1.1°C a 1.7°C","10a, 10b, 11a"
"calamus_tetradactyloides","Calamus tetradactyloides","Broadleaved Prickly, chicken Rattan","-1.1°C a 1.7°C","10a, 10b, 11a"
"calamus_tetradactylus","Calamus tetradactylus","Multi, spined White Rattan","-1.1°C a 1.7°C","10a, 10b, 11a"
"calamus_thwaitesii","Calamus thwaitesii","","-1.1°C a 1.7°C","10a, 10b, 11a"
"calamus_thysanolepis","Calamus thysanolepis","Scaly Ratan","-1.1°C a 1.7°C","10a, 10b, 11a"
"calamus_timorensis","Calamus timorensis","Timor Rattan","-1.1°C a 1.7°C","10a, 10b, 11a"
"calamus_tolitoliensis","Calamus toli-toliensis","","-1.1°C a 1.7°C","10a, 10b, 11a"
"calamus_tomentosus","Calamus tomentosus","Woolly Rattan","-1.1°C a 1.7°C","10a, 10b, 11a"
"calamus_trachycoleus","Calamus trachycoleus","","-1.1°C a 1.7°C","10a, 10b, 11a"
"calamus_treubianus","Calamus treubianus","","N/A",""
"calamus_trichrous","Calamus trichrous","","N/A",""
"calamus_trispermus","Calamus trispermus","","-1.1°C a 1.7°C","10a, 10b, 11a"
"calamus_tumidus","Calamus tumidus","","-1.1°C a 1.7°C","10a, 10b, 11a"
"calamus_ulur","Calamus ulur","","-1.1°C a 1.7°C","10a, 10b, 11a"
"calamus_unifarius_var_pentong","Calamus unifarius var. pentong","","-1.1°C a 1.7°C","10a, 10b, 11a"
"calamus_unifarius_var_unifarius","Calamus unifarius var. unifarius","","-1.1°C a 1.7°C","10a, 10b, 11a"
"calamus_unijugus","Calamus unijugus","","N/A",""
"calamus_urdanetanus","Calamus urdanetanus","","N/A",""
"calamus_ursinus","Calamus ursinus","","N/A",""
"calamus_uschdraweitianus","Calamus uschdraweitianus","","N/A",""
"calamus_usitatus","Calamus usitatus","Familiar Rattan","-1.1°C a 1.7°C","10a, 10b, 11a"
"calamus_validus","Calamus validus","","N/A",""
"calamus_vattayila","Calamus vattayila","","-1.1°C a 1.7°C","10a, 10b, 11a"
"calamus_verticillaris","Calamus verticillaris","","N/A",""
"calamus_vestitus","Calamus vestitus","Guadalcanal Rattan","-1.1°C a 1.7°C","10a, 10b, 11a"
"calamus_vidalianus","Calamus vidalianus","","-1.1°C a 1.7°C","10a, 10b, 11a"
"calamus_viminalis","Calamus viminalis","Bitter Rattan","-1.1°C a 1.7°C","10a, 10b, 11a"
"calamus_vinosus","Calamus vinosus","","-1.1°C a 1.7°C","10a, 10b, 11a"
"calamus_viridispinus_var_sumatranus","Calamus viridispinus var. sumatranus","Divided Rattan","-1.1°C a 1.7°C","10a, 10b, 11a"
"calamus_viridispinus_var_viridispinus","Calamus viridispinus var. viridispinus","","-1.1°C a 1.7°C","10a, 10b, 11a"
"calamus_viridissimus","Calamus viridissimus","","-1.1°C a 1.7°C","10a, 10b, 11a"
"calamus_vitiensis","Calamus vitiensis","Fijian Rattan","-1.1°C a 1.7°C","10a, 10b, 11a"
"calamus_wailong","Calamus wailong","","-1.1°C a 1.7°C","10a, 10b, 11a"
"calamus_walkeri","Calamus walkeri","Short, spined Rattan","-1.1°C a 1.7°C","10a, 10b, 11a"
"calamus_wanggaii","Calamus wanggaii","","-1.1°C a 1.7°C","10a, 10b, 11a"
"calamus_warburgii","Calamus warburgii","Warburg's Rattan","-1.1°C a 1.7°C","10a, 10b, 11a"
"calamus_wariwariensis","Calamus wari-wariensis","","-1.1°C a 1.7°C","10a, 10b, 11a"
"calamus_whitmorei","Calamus whitmorei","","-1.1°C a 1.7°C","10a, 10b, 11a"
"calamus_wightii","Calamus wightii","","-1.1°C a 1.7°C","10a, 10b, 11a"
"calamus_winklerianus","Calamus winklerianus","","-1.1°C a 1.7°C","10a, 10b, 11a"
"calamus_womersleyi","Calamus womersleyi","","1.7°C a 4.4°C","10b, 11a"
"calamus_womersleyi","Calamus womersleyi","","N/A",""
"calamus_wrightmyoensis","Calamus wrightmyoensis","","N/A",""
"calamus_yentuensis","Calamus yentuensis","","-1.1°C a 1.7°C","10a, 10b, 11a"
